{"name": "1-800 Contacts",
 "permalink": "1-800-contacts",
 "crunchbase_url": "http://www.crunchbase.com/company/1-800-contacts",
 "homepage_url": "http://www.1800contacts.com",
 "blog_url": "",
 "blog_feed_url": "",
 "twitter_username": "1800contacts",
 "category_code": null,
 "number_of_employees": null,
 "founded_year": 1992,
 "founded_month": null,
 "founded_day": null,
 "deadpooled_year": null,
 "deadpooled_month": null,
 "deadpooled_day": null,
 "deadpooled_url": null,
 "tag_list": "",
 "alias_list": "",
 "email_address": "",
 "phone_number": " 1-800-266-8228",
 "description": "",
 "created_at": "Thu Jan 09 06:01:25 UTC 2014",
 "updated_at": "Thu Jan 09 06:02:58 UTC 2014",
 "overview": "\u003Cp\u003E1-800 CONTACTS, Inc., a subsidiary of WellPoint, Inc., is the largest retailer of contact lenses in the United States, and is dedicated to making it easier for consumers to purchase contact lenses. 1-800 CONTACTS, Inc. offers all of the most popular brands of contact lenses at competitive prices while delivering exceptional customer service. The company has served more than 8 million customers, stocks more than 15 million contact lenses, and delivers more than 200,000 contact lenses every day directly to customers. Through its award-winning website, www.1800contacts.com, and its easy-to-remember, toll-free telephone number \u201c1-800 CONTACTS\u201d (1-800-266-8228), the company ships an industry leading 98 percent of its orders within one business day of receipt and verification of prescriptions. Through its glasses.com division, the company offers leading name-brand glasses, free In-Home Try-On, free shipping, free returns and innovative solutions for the consumer interested in purchasing glasses online. Glasses.com is dedicated to changing the way the world buys glasses.\u003C/p\u003E",
 "image":
  {"available_sizes":
    [[[150,
       40],
      "http://api-images.crunchbase.com/assets/images/resized/0039/1016/391016v1-max-150x150.png"],
     [[250,
       67],
      "http://api-images.crunchbase.com/assets/images/resized/0039/1016/391016v1-max-250x250.png"],
     [[267,
       72],
      "http://api-images.crunchbase.com/assets/images/resized/0039/1016/391016v1-max-450x450.png"]],
   "attribution": null},
 "products":
  [],
 "relationships":
  [],
 "competitions":
  [],
 "providerships":
  [],
 "total_money_raised": "$0",
 "funding_rounds":
  [],
 "investments":
  [],
 "acquisition":
  {"price_amount": null,
   "price_currency_code": "USD",
   "term_code": null,
   "source_url": "http://www.rttnews.com/2248047/wellpoint-to-sell-1-800-contacts-to-private-equity-firm-thomas-h-lee-partners.aspx",
   "source_description": "WellPoint To Sell 1-800 Contacts To Private-equity Firm Thomas H. Lee Partners",
   "acquired_year": 2014,
   "acquired_month": 1,
   "acquired_day": 7,
   "acquiring_company":
    {"name": "Thomas H. Lee Partners",
     "permalink": "thomas-h-lee-partners"}},
 "acquisitions":
  [],
 "offices":
  [],
 "milestones":
  [],
 "ipo": null,
 "video_embeds":
  [],
 "screenshots":
  [{"available_sizes":
     [[[150,
        90],
       "http://api-images.crunchbase.com/assets/images/resized/0039/1015/391015v1-max-150x150.png"],
      [[250,
        151],
       "http://api-images.crunchbase.com/assets/images/resized/0039/1015/391015v1-max-250x250.png"],
      [[450,
        272],
       "http://api-images.crunchbase.com/assets/images/resized/0039/1015/391015v1-max-450x450.png"]],
    "attribution": null}],
 "external_links":
  [],
 "partners":
  []}
