{"name": "123PromoCode.com",
 "permalink": "123promocode-com",
 "crunchbase_url": "http://www.crunchbase.com/company/123promocode-com",
 "homepage_url": "http://123promocode.com",
 "blog_url": "",
 "blog_feed_url": "http://123promocode.com/feed/",
 "twitter_username": "123PromoCode",
 "category_code": "ecommerce",
 "number_of_employees": 5,
 "founded_year": 2013,
 "founded_month": 8,
 "founded_day": 5,
 "deadpooled_year": null,
 "deadpooled_month": null,
 "deadpooled_day": null,
 "deadpooled_url": null,
 "tag_list": "promo-codes, coupons, discount, coupon-codes",
 "alias_list": null,
 "email_address": "",
 "phone_number": "",
 "description": "Promo codes and coupons",
 "created_at": "Thu Jan 09 08:00:48 UTC 2014",
 "updated_at": "Tue Apr 01 09:53:41 UTC 2014",
 "overview": "\u003Cp\u003E123promocode.com provides all the latest promo codes and Coupons for hosting, domain registration or renewals, domain deals etc. We also include discount Coupon codes for wordpress theme \u0026amp; plugin and internet marketing. We help you find the best way to save your money!\u003C/p\u003E",
 "image":
  {"available_sizes":
    [[[150,
       150],
      "http://api-images.crunchbase.com/assets/images/resized/0039/1088/391088v2-max-150x150.jpg"],
     [[250,
       250],
      "http://api-images.crunchbase.com/assets/images/resized/0039/1088/391088v2-max-250x250.jpg"],
     [[450,
       450],
      "http://api-images.crunchbase.com/assets/images/resized/0039/1088/391088v2-max-450x450.jpg"]],
   "attribution": null},
 "products":
  [],
 "relationships":
  [],
 "competitions":
  [],
 "providerships":
  [],
 "total_money_raised": "$0",
 "funding_rounds":
  [],
 "investments":
  [],
 "acquisition": null,
 "acquisitions":
  [],
 "offices":
  [{"description": "",
    "address1": "#10-25F, Lanaodao, Fucheng Area",
    "address2": "",
    "zip_code": "621000",
    "city": "mianyang",
    "state_code": null,
    "country_code": "CHN",
    "latitude": null,
    "longitude": null}],
 "milestones":
  [],
 "ipo": null,
 "video_embeds":
  [],
 "screenshots":
  [],
 "external_links":
  [],
 "partners":
  []}
