{"name": "12Sided Technology",
 "permalink": "12sided-technology",
 "crunchbase_url": "http://www.crunchbase.com/company/12sided-technology",
 "homepage_url": "http://www.12sidedtech.com",
 "blog_url": "",
 "blog_feed_url": "",
 "twitter_username": "12sidedtech",
 "category_code": "software",
 "number_of_employees": 3,
 "founded_year": 2013,
 "founded_month": 11,
 "founded_day": 1,
 "deadpooled_year": null,
 "deadpooled_month": null,
 "deadpooled_day": null,
 "deadpooled_url": null,
 "tag_list": "",
 "alias_list": null,
 "email_address": "future@12sidedtech.com",
 "phone_number": "",
 "description": "High Frequency Technology Experts",
 "created_at": "Sun Dec 22 23:56:46 UTC 2013",
 "updated_at": "Fri Dec 27 09:48:22 UTC 2013",
 "overview": "",
 "image":
  {"available_sizes":
    [[[150,
       150],
      "http://api-images.crunchbase.com/assets/images/resized/0038/1063/381063v2-max-150x150.png"],
     [[250,
       250],
      "http://api-images.crunchbase.com/assets/images/resized/0038/1063/381063v2-max-250x250.png"],
     [[450,
       450],
      "http://api-images.crunchbase.com/assets/images/resized/0038/1063/381063v2-max-450x450.png"]],
   "attribution": null},
 "products":
  [],
 "relationships":
  [],
 "competitions":
  [],
 "providerships":
  [],
 "total_money_raised": "$0",
 "funding_rounds":
  [],
 "investments":
  [],
 "acquisition": null,
 "acquisitions":
  [],
 "offices":
  [{"description": "New York Office",
    "address1": "",
    "address2": "",
    "zip_code": "",
    "city": "",
    "state_code": "NY",
    "country_code": "USA",
    "latitude": null,
    "longitude": null}],
 "milestones":
  [],
 "ipo": null,
 "video_embeds":
  [],
 "screenshots":
  [],
 "external_links":
  [],
 "partners":
  []}
