{"name": "149 Technologies",
 "permalink": "149-technologies",
 "crunchbase_url": "http://www.crunchbase.com/company/149-technologies",
 "homepage_url": "http://www.149tech.com",
 "blog_url": "",
 "blog_feed_url": "",
 "twitter_username": null,
 "category_code": "mobile",
 "number_of_employees": null,
 "founded_year": 2013,
 "founded_month": null,
 "founded_day": null,
 "deadpooled_year": null,
 "deadpooled_month": null,
 "deadpooled_day": null,
 "deadpooled_url": null,
 "tag_list": "context, context-enriched, calendar, calendar-app, smart-calendar, android-calendar",
 "alias_list": null,
 "email_address": "dirk@149tech.com",
 "phone_number": "",
 "description": "Context is Value",
 "created_at": "Tue Jan 21 16:13:09 UTC 2014",
 "updated_at": "Wed Jan 22 21:01:44 UTC 2014",
 "overview": "\u003Cp\u003E149 Technologies is a provider of context-enriched services. The company\u2019s first product, 149 Live Calendar, is a new approach to the mobile calendar \u2013 smart, social, predictive and helpful.\u003C/p\u003E\n\n\u003Cp\u003E149 Technologies believes it has become essential for mobile services and apps to deeply understand our situational context, to consolidate information for us, and to proactively anticipate our needs. Content can then be effectively refined, enriched, and tuned - delivering more value just when needed.\u003C/p\u003E\n\n\u003Cp\u003EWithin this space of context-enriched services, 149 Technologies has set up a service platform connecting content, real-time context data, and Internet information sources, where sources can be private and public databases, services, networks, machines, and more.\u003C/p\u003E\n\n\u003Cp\u003E149 Live Calendar is built on this new platform - connecting to various calendar sources, pre-consolidating information, and enriching personal or business events with up-to-date context information from a variety of Internet services.\u003C/p\u003E",
 "image":
  {"available_sizes":
    [[[150,
       150],
      "http://api-images.crunchbase.com/assets/images/resized/0039/8618/398618v2-max-150x150.png"],
     [[250,
       250],
      "http://api-images.crunchbase.com/assets/images/resized/0039/8618/398618v2-max-250x250.png"],
     [[450,
       450],
      "http://api-images.crunchbase.com/assets/images/resized/0039/8618/398618v2-max-450x450.png"]],
   "attribution": null},
 "products":
  [],
 "relationships":
  [{"is_past": false,
    "title": "Founder \u0026 CEO",
    "person":
     {"first_name": "Dirk",
      "last_name": "Doerre",
      "permalink": "dirk-doerre"}}],
 "competitions":
  [],
 "providerships":
  [],
 "total_money_raised": "$0",
 "funding_rounds":
  [],
 "investments":
  [],
 "acquisition": null,
 "acquisitions":
  [],
 "offices":
  [{"description": "",
    "address1": "Sternwartstr. 44A",
    "address2": "",
    "zip_code": "40223",
    "city": "Duesseldorf",
    "state_code": null,
    "country_code": "DEU",
    "latitude": null,
    "longitude": null}],
 "milestones":
  [],
 "ipo": null,
 "video_embeds":
  [],
 "screenshots":
  [{"available_sizes":
     [[[84,
        150],
       "http://api-images.crunchbase.com/assets/images/resized/0039/8615/398615v2-max-150x150.png"],
      [[140,
        250],
       "http://api-images.crunchbase.com/assets/images/resized/0039/8615/398615v2-max-250x250.png"],
      [[253,
        450],
       "http://api-images.crunchbase.com/assets/images/resized/0039/8615/398615v2-max-450x450.png"]],
    "attribution": null},
   {"available_sizes":
     [[[110,
        150],
       "http://api-images.crunchbase.com/assets/images/resized/0039/8616/398616v2-max-150x150.png"],
      [[184,
        250],
       "http://api-images.crunchbase.com/assets/images/resized/0039/8616/398616v2-max-250x250.png"],
      [[332,
        450],
       "http://api-images.crunchbase.com/assets/images/resized/0039/8616/398616v2-max-450x450.png"]],
    "attribution": null},
   {"available_sizes":
     [[[84,
        150],
       "http://api-images.crunchbase.com/assets/images/resized/0039/8617/398617v2-max-150x150.png"],
      [[140,
        250],
       "http://api-images.crunchbase.com/assets/images/resized/0039/8617/398617v2-max-250x250.png"],
      [[253,
        450],
       "http://api-images.crunchbase.com/assets/images/resized/0039/8617/398617v2-max-450x450.png"]],
    "attribution": null}],
 "external_links":
  [],
 "partners":
  []}
