{"name": "160 world",
 "permalink": "160-world",
 "crunchbase_url": "http://www.crunchbase.com/company/160-world",
 "homepage_url": "http://www.160world.com",
 "blog_url": "",
 "blog_feed_url": "",
 "twitter_username": null,
 "category_code": "mobile",
 "number_of_employees": null,
 "founded_year": null,
 "founded_month": null,
 "founded_day": null,
 "deadpooled_year": null,
 "deadpooled_month": null,
 "deadpooled_day": null,
 "deadpooled_url": null,
 "tag_list": "mobiles, wireless, sms",
 "alias_list": "",
 "email_address": "",
 "phone_number": "868185585",
 "description": "SMS messaging platform ",
 "created_at": "Fri Dec 20 05:45:09 UTC 2013",
 "updated_at": "Fri Jan 10 04:48:26 UTC 2014",
 "overview": "\u003Cp\u003E160World arises from the experience in the management of SMS messaging services. The manager clients 160World lets you set your own rules of business and design Mobile Value Added Services providing a complete account manager that you can manage and administer the accounts of your clients, offering all the power of Web services and Integration APIs.\u003C/p\u003E",
 "image":
  {"available_sizes":
    [[[148,
       150],
      "http://api-images.crunchbase.com/assets/images/resized/0037/9921/379921v1-max-150x150.png"],
     [[222,
       224],
      "http://api-images.crunchbase.com/assets/images/resized/0037/9921/379921v1-max-250x250.png"],
     [[222,
       224],
      "http://api-images.crunchbase.com/assets/images/resized/0037/9921/379921v1-max-450x450.png"]],
   "attribution": null},
 "products":
  [],
 "relationships":
  [],
 "competitions":
  [],
 "providerships":
  [],
 "total_money_raised": "$0",
 "funding_rounds":
  [],
 "investments":
  [],
 "acquisition": null,
 "acquisitions":
  [],
 "offices":
  [{"description": "HQ",
    "address1": "",
    "address2": "",
    "zip_code": "",
    "city": "Calasparra",
    "state_code": null,
    "country_code": "ESP",
    "latitude": null,
    "longitude": null}],
 "milestones":
  [],
 "ipo": null,
 "video_embeds":
  [],
 "screenshots":
  [{"available_sizes":
     [[[150,
        75],
       "http://api-images.crunchbase.com/assets/images/resized/0037/9920/379920v1-max-150x150.png"],
      [[250,
        126],
       "http://api-images.crunchbase.com/assets/images/resized/0037/9920/379920v1-max-250x250.png"],
      [[450,
        227],
       "http://api-images.crunchbase.com/assets/images/resized/0037/9920/379920v1-max-450x450.png"]],
    "attribution": null}],
 "external_links":
  [],
 "partners":
  []}
