{"name": "1EZ Orange County Web Design",
 "permalink": "1ez-consulting-services-inc",
 "crunchbase_url": "http://www.crunchbase.com/company/1ez-consulting-services-inc",
 "homepage_url": "http://www.1ezconsulting.com",
 "blog_url": "",
 "blog_feed_url": "",
 "twitter_username": "1ezwebdesign",
 "category_code": "local",
 "number_of_employees": 10,
 "founded_year": 1998,
 "founded_month": 1,
 "founded_day": 15,
 "deadpooled_year": null,
 "deadpooled_month": null,
 "deadpooled_day": null,
 "deadpooled_url": null,
 "tag_list": "website-design, web-design, responsive-website-design, website-consulting, seo, search-engine-optimization, orange-county-web-design",
 "alias_list": null,
 "email_address": "info@1ezconsulting.com",
 "phone_number": "949 474-1502",
 "description": "Web Design Orange County, Ca ",
 "created_at": "Mon Dec 30 15:36:26 UTC 2013",
 "updated_at": "Fri Apr 11 02:48:02 UTC 2014",
 "overview": "\u003Cp\u003E1EZ Consulting is a full-service Orange County web design company based in Newport Beach, Ca, 1EZ Consulting specializes in responsive website design, custom business web design, programming, web development, custom wordpress website design, iPhone, iPad, and Android, mobile apps, mobile web design, mobile microsite design and development, eCommerce, search engine optimization (SEO), social media marketing, website consulting, branding, copywriting, press releases, and more.\u003C/p\u003E",
 "image":
  {"available_sizes":
    [[[150,
       150],
      "http://api-images.crunchbase.com/assets/images/resized/0039/0655/390655v2-max-150x150.jpg"],
     [[250,
       250],
      "http://api-images.crunchbase.com/assets/images/resized/0039/0655/390655v2-max-250x250.jpg"],
     [[250,
       250],
      "http://api-images.crunchbase.com/assets/images/resized/0039/0655/390655v2-max-450x450.jpg"]],
   "attribution": null},
 "products":
  [],
 "relationships":
  [{"is_past": false,
    "title": "Chief Technical Officer",
    "person":
     {"first_name": "Stanly",
      "last_name": "Savarimuthu",
      "permalink": "stanly-savarimuthu"}},
   {"is_past": false,
    "title": "President",
    "person":
     {"first_name": "Richard",
      "last_name": "Calkins",
      "permalink": "richard-calkins"}},
   {"is_past": false,
    "title": "Writer, Public Relations",
    "person":
     {"first_name": "Ray",
      "last_name": "Wyman Jr.",
      "permalink": "ray-wyman-jr"}},
   {"is_past": false,
    "title": "President, Internet Development",
    "person":
     {"first_name": "Bas",
      "last_name": "Mulder",
      "permalink": "bas-mulder"}},
   {"is_past": false,
    "title": "Art Director",
    "person":
     {"first_name": "Joel",
      "last_name": "Werner",
      "permalink": "joel-werner"}}],
 "competitions":
  [],
 "providerships":
  [],
 "total_money_raised": "$0",
 "funding_rounds":
  [],
 "investments":
  [],
 "acquisition": null,
 "acquisitions":
  [],
 "offices":
  [{"description": "Orange County Office",
    "address1": "1300 Bristol Street North",
    "address2": "Suite 100",
    "zip_code": "92660",
    "city": "Newport Beach",
    "state_code": "CA",
    "country_code": "USA",
    "latitude": null,
    "longitude": null}],
 "milestones":
  [],
 "ipo": null,
 "video_embeds":
  [{"embed_code": "\u003Ciframe width=\"430\" height=\"242\" src=\"//www.youtube.com/embed/C0Yk1677qFw\" frameborder=\"0\" allowfullscreen\u003E\u003C/iframe\u003E",
    "description": "\u003Cp\u003EOrange County Web Design and Search Engine Optimization Experts\u003C/p\u003E"},
   {"embed_code": "\u003Ciframe width=\"430\" height=\"242\" src=\"//www.youtube.com/embed/C0Yk1677qFw\" frameborder=\"0\" allowfullscreen\u003E\u003C/iframe\u003E",
    "description": "\u003Cp\u003EOrange County Web Design and Search Engine Optimization Experts \u2013 1EZ Consulting Web Designers\u003C/p\u003E"}],
 "screenshots":
  [{"available_sizes":
     [[[150,
        86],
       "http://api-images.crunchbase.com/assets/images/resized/0039/0660/390660v2-max-150x150.jpg"],
      [[250,
        144],
       "http://api-images.crunchbase.com/assets/images/resized/0039/0660/390660v2-max-250x250.jpg"],
      [[450,
        260],
       "http://api-images.crunchbase.com/assets/images/resized/0039/0660/390660v2-max-450x450.jpg"]],
    "attribution": null},
   {"available_sizes":
     [[[150,
        86],
       "http://api-images.crunchbase.com/assets/images/resized/0039/0661/390661v2-max-150x150.jpg"],
      [[250,
        144],
       "http://api-images.crunchbase.com/assets/images/resized/0039/0661/390661v2-max-250x250.jpg"],
      [[450,
        260],
       "http://api-images.crunchbase.com/assets/images/resized/0039/0661/390661v2-max-450x450.jpg"]],
    "attribution": null},
   {"available_sizes":
     [[[150,
        86],
       "http://api-images.crunchbase.com/assets/images/resized/0039/0662/390662v2-max-150x150.jpg"],
      [[250,
        144],
       "http://api-images.crunchbase.com/assets/images/resized/0039/0662/390662v2-max-250x250.jpg"],
      [[450,
        260],
       "http://api-images.crunchbase.com/assets/images/resized/0039/0662/390662v2-max-450x450.jpg"]],
    "attribution": null},
   {"available_sizes":
     [[[150,
        86],
       "http://api-images.crunchbase.com/assets/images/resized/0039/0663/390663v2-max-150x150.jpg"],
      [[250,
        144],
       "http://api-images.crunchbase.com/assets/images/resized/0039/0663/390663v2-max-250x250.jpg"],
      [[450,
        260],
       "http://api-images.crunchbase.com/assets/images/resized/0039/0663/390663v2-max-450x450.jpg"]],
    "attribution": null},
   {"available_sizes":
     [[[150,
        86],
       "http://api-images.crunchbase.com/assets/images/resized/0045/3446/453446v2-max-150x150.jpg"],
      [[250,
        144],
       "http://api-images.crunchbase.com/assets/images/resized/0045/3446/453446v2-max-250x250.jpg"],
      [[450,
        260],
       "http://api-images.crunchbase.com/assets/images/resized/0045/3446/453446v2-max-450x450.jpg"]],
    "attribution": null}],
 "external_links":
  [],
 "partners":
  []}
