{"name": "1Form.com",
 "permalink": "1form-com",
 "crunchbase_url": "http://www.crunchbase.com/company/1form-com",
 "homepage_url": "http://1form.com/au",
 "blog_url": "",
 "blog_feed_url": "",
 "twitter_username": null,
 "category_code": "other",
 "number_of_employees": null,
 "founded_year": 2006,
 "founded_month": null,
 "founded_day": null,
 "deadpooled_year": null,
 "deadpooled_month": null,
 "deadpooled_day": null,
 "deadpooled_url": null,
 "tag_list": "",
 "alias_list": "",
 "email_address": "",
 "phone_number": "",
 "description": "",
 "created_at": "Wed Jan 15 04:42:11 UTC 2014",
 "updated_at": "Wed Jan 15 04:42:11 UTC 2014",
 "overview": "\u003Cp\u003E1Form is Australia\u0026#8217;s leading Online Tenancy Application system used by over 90% of the real estate market in Australia \u0026amp; NZ including all of the major property portals and almost every major real estate franchise groups and independent office.\u003C/p\u003E",
 "image":
  {"available_sizes":
    [[[150,
       48],
      "http://api-images.crunchbase.com/assets/images/resized/0039/4237/394237v1-max-150x150.jpg"],
     [[226,
       73],
      "http://api-images.crunchbase.com/assets/images/resized/0039/4237/394237v1-max-250x250.jpg"],
     [[226,
       73],
      "http://api-images.crunchbase.com/assets/images/resized/0039/4237/394237v1-max-450x450.jpg"]],
   "attribution": null},
 "products":
  [],
 "relationships":
  [{"is_past": true,
    "title": "Head of Business Development",
    "person":
     {"first_name": "Simon",
      "last_name": "te Hennepe",
      "permalink": "simon-te-hennepe"}}],
 "competitions":
  [],
 "providerships":
  [],
 "total_money_raised": "$0",
 "funding_rounds":
  [],
 "investments":
  [],
 "acquisition":
  {"price_amount": 15000000.0,
   "price_currency_code": "USD",
   "term_code": null,
   "source_url": "http://www.startupsmart.com.au/growth/sell-a-business/rea-group-buys-start-up-for-15-million-the-founders-share-their-story/2014011411494.html",
   "source_description": "REA Group buys start-up for $15 million: The founders share their story ",
   "acquired_year": 2014,
   "acquired_month": 1,
   "acquired_day": 14,
   "acquiring_company":
    {"name": "REA Group",
     "permalink": "rea-group"}},
 "acquisitions":
  [],
 "offices":
  [{"description": "",
    "address1": "",
    "address2": "",
    "zip_code": "",
    "city": "",
    "state_code": null,
    "country_code": "AUS",
    "latitude": null,
    "longitude": null}],
 "milestones":
  [],
 "ipo": null,
 "video_embeds":
  [],
 "screenshots":
  [{"available_sizes":
     [[[150,
        101],
       "http://api-images.crunchbase.com/assets/images/resized/0039/4236/394236v1-max-150x150.jpg"],
      [[250,
        168],
       "http://api-images.crunchbase.com/assets/images/resized/0039/4236/394236v1-max-250x250.jpg"],
      [[450,
        304],
       "http://api-images.crunchbase.com/assets/images/resized/0039/4236/394236v1-max-450x450.jpg"]],
    "attribution": null}],
 "external_links":
  [],
 "partners":
  []}
