{"name": "2 Poker Players",
 "permalink": "2-poker-players",
 "crunchbase_url": "http://www.crunchbase.com/company/2-poker-players",
 "homepage_url": "http://www.2pokerplayers.com",
 "blog_url": "http://blog.2pokerplayers.com",
 "blog_feed_url": "",
 "twitter_username": "2pokerplayers",
 "category_code": "games_video",
 "number_of_employees": 1,
 "founded_year": 2014,
 "founded_month": 1,
 "founded_day": 1,
 "deadpooled_year": null,
 "deadpooled_month": null,
 "deadpooled_day": null,
 "deadpooled_url": null,
 "tag_list": "",
 "alias_list": null,
 "email_address": "",
 "phone_number": "",
 "description": "Gambling related products",
 "created_at": "Mon Dec 30 18:30:42 UTC 2013",
 "updated_at": "Tue Dec 31 15:34:04 UTC 2013",
 "overview": "",
 "image": null,
 "products":
  [],
 "relationships":
  [],
 "competitions":
  [],
 "providerships":
  [],
 "total_money_raised": "$0",
 "funding_rounds":
  [],
 "investments":
  [],
 "acquisition": null,
 "acquisitions":
  [],
 "offices":
  [],
 "milestones":
  [],
 "ipo": null,
 "video_embeds":
  [],
 "screenshots":
  [],
 "external_links":
  [],
 "partners":
  []}
