{"name": "212 Dental Care",
 "permalink": "212-dental-care",
 "crunchbase_url": "http://www.crunchbase.com/company/212-dental-care",
 "homepage_url": "http://212dentalcare.com",
 "blog_url": "",
 "blog_feed_url": "",
 "twitter_username": "212DentalCare",
 "category_code": "health",
 "number_of_employees": null,
 "founded_year": null,
 "founded_month": null,
 "founded_day": null,
 "deadpooled_year": null,
 "deadpooled_month": null,
 "deadpooled_day": null,
 "deadpooled_url": null,
 "tag_list": "manhattan, new-york",
 "alias_list": null,
 "email_address": "",
 "phone_number": "(888) 943-3275",
 "description": "NYC's #1 Dental Practice",
 "created_at": "Wed Jan 15 14:26:55 UTC 2014",
 "updated_at": "Tue Jan 21 02:01:17 UTC 2014",
 "overview": "\u003Cp\u003E212 Dental Care\u2019s Facility:\u003C/p\u003E\n\n\u003Cp\u003E212 Dental Care is located in the heart of midtown Manhattan at the corner of 40th Street and Madison Avenue. 212 Dental Care\u0026#8217;s facility is over 3,000 square feet with six treatment rooms, one laboratory and one consultation room. Each one of their treatment rooms is equipped with the latest dental technology available. 212 Dental Care utilizes digital x-rays to provide diagnostic imaging radiographs, they use diagnodents to detect cavities and caries (through the use of a laser) and they operate intra-oral cameras to identify and capture any outstanding and pre-existing oral health conditions their patients may have. Since 212 Dental Care believes technology is such a great asset in diagnosing our patients, they have equipped their office to include these great technological tools.\u003C/p\u003E\n\n\u003Cp\u003E212 Dental Care\u2019s Staff:\nTheir staff of over 30 dental professionals (administrative personnel, treatment coordinators, dental assistants, hygienists and dentists) are committed to providing the best patient experience possible. 212 Dental Care strives to provide the highest quality customer service and the highest standard of dental care. 212 Dental is here to serve the patient well and they understand the necessity of communicating to the patient all of their treatment options and payment options so they can receive the best treatment possible.\u003C/p\u003E\n\n\u003Cp\u003E212 Dental Care\u2019s Services:\n212 Dental\u2019s full service dental practice is equipped with the expertise and equipment to perform almost any dental procedure. 212 Dental Care performs preventive, restorative, endodontic, periodontal, orthodontic and surgical dentistry. These types of procedures include exams, cleanings, cavity fillings, root canals, extractions and more. 212 Dental also performs cosmetic procedures such as veneers and teeth whitenings to give you a more aesthetic pleasing smile. Their practice has been ranked in the top 1% of Invisalign Providers nationwide.\u003C/p\u003E\n\n\u003Cp\u003E212 Dental Care\u2019s Dentists:\nAll of their dentists have been practicing dentistry for at least 5 years and have graduated from some of the most prestigious universities in the United States. Their dentists have received degrees from Columbia University, UNC-Chapel Hill, New York University, Lehigh University and Creighton University. They have all completed their residencies have received extensive continuing education courses to further their knowledge of dentistry. 212 Dental Care\u0026#8217;s dentists are members of the American Dental Association, the New York State Dental Association, New York County Association, National Dental Association, the Academy of General Dentistry, the American Academy of Cosmetic Dentistry and more. \u003C/p\u003E\n\n\u003Cp\u003EGive us a call today to learn how we can improve your smile to one that is not only healthy but beautiful as well! Call Now (888) 943-3275\u003C/p\u003E",
 "image":
  {"available_sizes":
    [[[150,
       66],
      "http://api-images.crunchbase.com/assets/images/resized/0039/4662/394662v2-max-150x150.png"],
     [[250,
       110],
      "http://api-images.crunchbase.com/assets/images/resized/0039/4662/394662v2-max-250x250.png"],
     [[250,
       110],
      "http://api-images.crunchbase.com/assets/images/resized/0039/4662/394662v2-max-450x450.png"]],
   "attribution": null},
 "products":
  [],
 "relationships":
  [],
 "competitions":
  [],
 "providerships":
  [],
 "total_money_raised": "$0",
 "funding_rounds":
  [],
 "investments":
  [],
 "acquisition": null,
 "acquisitions":
  [],
 "offices":
  [{"description": "",
    "address1": "286 Madison Avenue",
    "address2": "Suite 1000",
    "zip_code": "10017",
    "city": "New York",
    "state_code": "NY",
    "country_code": "USA",
    "latitude": null,
    "longitude": null}],
 "milestones":
  [],
 "ipo": null,
 "video_embeds":
  [],
 "screenshots":
  [],
 "external_links":
  [],
 "partners":
  []}
