{"name": "2Catalyze",
 "permalink": "2catalyze",
 "crunchbase_url": "http://www.crunchbase.com/company/2catalyze",
 "homepage_url": null,
 "blog_url": "",
 "blog_feed_url": "",
 "twitter_username": null,
 "category_code": "software",
 "number_of_employees": null,
 "founded_year": 2008,
 "founded_month": null,
 "founded_day": null,
 "deadpooled_year": null,
 "deadpooled_month": null,
 "deadpooled_day": null,
 "deadpooled_url": null,
 "tag_list": "",
 "alias_list": "",
 "email_address": "",
 "phone_number": "416-487-8881",
 "description": "",
 "created_at": "Thu Dec 26 10:13:03 UTC 2013",
 "updated_at": "Thu Dec 26 10:13:02 UTC 2013",
 "overview": "\u003Cp\u003E2Catalyze Corp. provides Web-based social performance management platform solutions. Its platform helps companies to improve performance through social goals, continuous feedback, and meaningful recognition. 2Catalyze Corp. was founded in 2008 and is based in Toronto, Canada with a location in San Francisco. As of February 1, 2012, 2Catalyze Corp. operates as a subsidiary of Salesforce.com, Inc.\u003C/p\u003E",
 "image": null,
 "products":
  [],
 "relationships":
  [{"is_past": false,
    "title": "Co-Founder and Co-Chief Executive Officer",
    "person":
     {"first_name": "Daniel",
      "last_name": "Debow",
      "permalink": "daniel-debow-2"}},
   {"is_past": false,
    "title": "Co-Founder and Co-Chief Executive Officer",
    "person":
     {"first_name": "David",
      "last_name": "Stein",
      "permalink": "david-stein-5"}},
   {"is_past": false,
    "title": "CTO",
    "person":
     {"first_name": "Bohdan",
      "last_name": "Zabawskyj",
      "permalink": "bohdan-zabawskyj-2"}}],
 "competitions":
  [],
 "providerships":
  [],
 "total_money_raised": "$6.79M",
 "funding_rounds":
  [{"id": 59247,
    "round_code": "unattributed",
    "source_url": "http://www.sec.gov/Archives/edgar/data/1448201/000144820110000002/xslFormDX01/primary_doc.xml",
    "source_description": "SEC",
    "raised_amount": 6785876.0,
    "raised_currency_code": "USD",
    "funded_year": 2010,
    "funded_month": 8,
    "funded_day": 25,
    "investments":
     []}],
 "investments":
  [],
 "acquisition": null,
 "acquisitions":
  [],
 "offices":
  [{"description": "",
    "address1": "20 Eglinton Avenue West",
    "address2": "Suite 600",
    "zip_code": "M4R 1K8",
    "city": "Toronto",
    "state_code": null,
    "country_code": "CAN",
    "latitude": null,
    "longitude": null}],
 "milestones":
  [],
 "ipo": null,
 "video_embeds":
  [],
 "screenshots":
  [],
 "external_links":
  [],
 "partners":
  []}
