{"name": "2Mandarins",
 "permalink": "2mandarins",
 "crunchbase_url": "http://www.crunchbase.com/company/2mandarins",
 "homepage_url": "http://2mandarins.com",
 "blog_url": "",
 "blog_feed_url": "",
 "twitter_username": null,
 "category_code": "enterprise",
 "number_of_employees": 7,
 "founded_year": 2013,
 "founded_month": 11,
 "founded_day": 11,
 "deadpooled_year": null,
 "deadpooled_month": null,
 "deadpooled_day": null,
 "deadpooled_url": null,
 "tag_list": "mail-server, storage, cust-costs, it, optimize",
 "alias_list": null,
 "email_address": "Info@2mandarins.com",
 "phone_number": "",
 "description": "Reduce Mail server storage ",
 "created_at": "Tue Jan 07 13:31:56 UTC 2014",
 "updated_at": "Mon Feb 17 03:30:08 UTC 2014",
 "overview": "\u003Cp\u003E2Mandarins E5 enables companies to deduplicate information across the enterprise mail server within the mail server. Using a smart architecture, 2Mandarins E5 provides a seamless and auto-manageable approach to reduce total costs of the enterprise mail server.\n2Mandarins E5 provides a cost-effective and near to-zero administer approach to efficiently reduce email storage via automated and controlled deduplication mechanism to online store and natural retrieve messages and attachments. A stand-alone software based solution, 2Mandarins E5 integrates with Microsoft Exchange environments to help enterprises to reduce size over the explosive growth of emails.\n2Mandarins is a leader provider of smart solutions that helps IT to cut Infrastructure \u0026amp; operational costs.\u003C/p\u003E",
 "image":
  {"available_sizes":
    [[[100,
       59],
      "http://api-images.crunchbase.com/assets/images/resized/0038/9840/389840v2-max-150x150.png"],
     [[100,
       59],
      "http://api-images.crunchbase.com/assets/images/resized/0038/9840/389840v2-max-250x250.png"],
     [[100,
       59],
      "http://api-images.crunchbase.com/assets/images/resized/0038/9840/389840v2-max-450x450.png"]],
   "attribution": null},
 "products":
  [],
 "relationships":
  [{"is_past": false,
    "title": "CEO",
    "person":
     {"first_name": "Eran",
      "last_name": "Ovadya",
      "permalink": "eran-ovadya"}},
   {"is_past": false,
    "title": "CFO",
    "person":
     {"first_name": "Walter",
      "last_name": "Tabachnik",
      "permalink": "walter-tabachnik"}},
   {"is_past": false,
    "title": "CTO",
    "person":
     {"first_name": "Avner",
      "last_name": "Maday",
      "permalink": "avner-maday"}},
   {"is_past": false,
    "title": "Board Member",
    "person":
     {"first_name": "Shai",
      "last_name": "Ovadia",
      "permalink": "shai-ovadia"}}],
 "competitions":
  [],
 "providerships":
  [{"title": "Accunting",
    "is_past": false,
    "provider":
     {"name": "EY",
      "permalink": "ey"}},
   {"title": "legal",
    "is_past": false,
    "provider":
     {"name": "GHK",
      "permalink": "ghk"}}],
 "total_money_raised": "$0",
 "funding_rounds":
  [],
 "investments":
  [],
 "acquisition": null,
 "acquisitions":
  [],
 "offices":
  [{"description": "Office",
    "address1": "Beith Aevi 320",
    "address2": "",
    "zip_code": "",
    "city": "Beith Aevi",
    "state_code": null,
    "country_code": "ISR",
    "latitude": null,
    "longitude": null}],
 "milestones":
  [],
 "ipo": null,
 "video_embeds":
  [],
 "screenshots":
  [{"available_sizes":
     [[[150,
        139],
       "http://api-images.crunchbase.com/assets/images/resized/0038/9838/389838v2-max-150x150.png"],
      [[250,
        233],
       "http://api-images.crunchbase.com/assets/images/resized/0038/9838/389838v2-max-250x250.png"],
      [[450,
        419],
       "http://api-images.crunchbase.com/assets/images/resized/0038/9838/389838v2-max-450x450.png"]],
    "attribution": null},
   {"available_sizes":
     [[[150,
        141],
       "http://api-images.crunchbase.com/assets/images/resized/0038/9839/389839v2-max-150x150.png"],
      [[250,
        235],
       "http://api-images.crunchbase.com/assets/images/resized/0038/9839/389839v2-max-250x250.png"],
      [[450,
        423],
       "http://api-images.crunchbase.com/assets/images/resized/0038/9839/389839v2-max-450x450.png"]],
    "attribution": null}],
 "external_links":
  [],
 "partners":
  []}
