{"name": "2Mares",
 "permalink": "2mares",
 "crunchbase_url": "http://www.crunchbase.com/company/2mares",
 "homepage_url": "http://www.2mares.com",
 "blog_url": "",
 "blog_feed_url": "",
 "twitter_username": "2MARES",
 "category_code": "other",
 "number_of_employees": null,
 "founded_year": null,
 "founded_month": null,
 "founded_day": null,
 "deadpooled_year": null,
 "deadpooled_month": null,
 "deadpooled_day": null,
 "deadpooled_url": null,
 "tag_list": "call-center, contact-center, speech-recognition",
 "alias_list": "",
 "email_address": "info@2mares.com",
 "phone_number": "34 902 905 905",
 "description": "Contact Center Technology ",
 "created_at": "Fri Jan 10 06:00:27 UTC 2014",
 "updated_at": "Fri Jan 10 06:00:27 UTC 2014",
 "overview": "",
 "image":
  {"available_sizes":
    [[[150,
       55],
      "http://api-images.crunchbase.com/assets/images/resized/0039/1784/391784v1-max-150x150.png"],
     [[193,
       71],
      "http://api-images.crunchbase.com/assets/images/resized/0039/1784/391784v1-max-250x250.png"],
     [[193,
       71],
      "http://api-images.crunchbase.com/assets/images/resized/0039/1784/391784v1-max-450x450.png"]],
   "attribution": null},
 "products":
  [],
 "relationships":
  [{"is_past": false,
    "title": "CEO",
    "person":
     {"first_name": "Enrique",
      "last_name": "De Miguel Ilarri",
      "permalink": "enrique-de-miguel-ilarri"}}],
 "competitions":
  [],
 "providerships":
  [],
 "total_money_raised": "$0",
 "funding_rounds":
  [],
 "investments":
  [],
 "acquisition": null,
 "acquisitions":
  [],
 "offices":
  [],
 "milestones":
  [],
 "ipo": null,
 "video_embeds":
  [],
 "screenshots":
  [{"available_sizes":
     [[[150,
        111],
       "http://api-images.crunchbase.com/assets/images/resized/0039/1783/391783v1-max-150x150.png"],
      [[250,
        186],
       "http://api-images.crunchbase.com/assets/images/resized/0039/1783/391783v1-max-250x250.png"],
      [[450,
        335],
       "http://api-images.crunchbase.com/assets/images/resized/0039/1783/391783v1-max-450x450.png"]],
    "attribution": null}],
 "external_links":
  [],
 "partners":
  []}
