{"name": "337 LABS",
 "permalink": "337-labs",
 "crunchbase_url": "http://www.crunchbase.com/company/337-labs",
 "homepage_url": "http://www.337labs.com",
 "blog_url": "",
 "blog_feed_url": "",
 "twitter_username": null,
 "category_code": "ecommerce",
 "number_of_employees": null,
 "founded_year": null,
 "founded_month": null,
 "founded_day": null,
 "deadpooled_year": null,
 "deadpooled_month": null,
 "deadpooled_day": null,
 "deadpooled_url": null,
 "tag_list": "business, development, e-commerce",
 "alias_list": "",
 "email_address": "",
 "phone_number": "687443935",
 "description": "Business development and e-commerce",
 "created_at": "Fri Jan 10 06:24:51 UTC 2014",
 "updated_at": "Fri Jan 10 06:24:51 UTC 2014",
 "overview": "\u003Cp\u003EPCi, means making innovation happen through business model generation \u0026amp; agile product development.\nIt means going from consultancy on innovation (air) to the development of innovative marketable products (solid) \u2026 and selling them.\nThey develop innovative products from concept to mass production and commercialization. They do Business Development and e-commerce.\u003C/p\u003E",
 "image":
  {"available_sizes":
    [[[150,
       82],
      "http://api-images.crunchbase.com/assets/images/resized/0039/1811/391811v1-max-150x150.png"],
     [[250,
       138],
      "http://api-images.crunchbase.com/assets/images/resized/0039/1811/391811v1-max-250x250.png"],
     [[371,
       205],
      "http://api-images.crunchbase.com/assets/images/resized/0039/1811/391811v1-max-450x450.png"]],
   "attribution": null},
 "products":
  [],
 "relationships":
  [{"is_past": false,
    "title": "Founder",
    "person":
     {"first_name": "Carles",
      "last_name": "Carrera",
      "permalink": "carles-carrera"}}],
 "competitions":
  [],
 "providerships":
  [],
 "total_money_raised": "$0",
 "funding_rounds":
  [],
 "investments":
  [],
 "acquisition": null,
 "acquisitions":
  [],
 "offices":
  [],
 "milestones":
  [],
 "ipo": null,
 "video_embeds":
  [],
 "screenshots":
  [{"available_sizes":
     [[[150,
        84],
       "http://api-images.crunchbase.com/assets/images/resized/0039/1810/391810v1-max-150x150.png"],
      [[250,
        141],
       "http://api-images.crunchbase.com/assets/images/resized/0039/1810/391810v1-max-250x250.png"],
      [[450,
        254],
       "http://api-images.crunchbase.com/assets/images/resized/0039/1810/391810v1-max-450x450.png"]],
    "attribution": null}],
 "external_links":
  [],
 "partners":
  []}
