{"name": "365webcall",
 "permalink": "365webcall",
 "crunchbase_url": "http://www.crunchbase.com/company/365webcall",
 "homepage_url": "http://www.365webcall.com",
 "blog_url": "",
 "blog_feed_url": "",
 "twitter_username": null,
 "category_code": "enterprise",
 "number_of_employees": null,
 "founded_year": null,
 "founded_month": null,
 "founded_day": null,
 "deadpooled_year": null,
 "deadpooled_month": null,
 "deadpooled_day": null,
 "deadpooled_url": null,
 "tag_list": "enterprise",
 "alias_list": "",
 "email_address": "",
 "phone_number": "",
 "description": "",
 "created_at": "Tue Jan 21 11:49:18 UTC 2014",
 "updated_at": "Fri Mar 14 13:54:06 UTC 2014",
 "overview": "\u003Cp\u003ETiantian Customer Service is a professional provider of online customer service system, website customer service system and online customer service software.\u003C/p\u003E\n\n\u003Cp\u003ETiantian customer service product includes two product series of intelligent online customer service system and intelligent auxiliary input system. TianTian Customer Service intelligent online customer service system is a kind of customer marketing tool running on the websites, which enables visitors to communicate with the website operator under the premise of non-downloading and non-installation and the website operator may also take the initiative to communicate with the visitors. It is made up of four big modules includingon-line consultation, intelligent response, data analysis and client management. Tiantian intelligent online customer service system consists of five versions: enterprise value-added version, VIP version, online education version, free version, and server version.\u003C/p\u003E",
 "image":
  {"available_sizes":
    [[[150,
       55],
      "http://api-images.crunchbase.com/assets/images/resized/0040/8797/408797v1-max-150x150.png"],
     [[207,
       76],
      "http://api-images.crunchbase.com/assets/images/resized/0040/8797/408797v1-max-250x250.png"],
     [[207,
       76],
      "http://api-images.crunchbase.com/assets/images/resized/0040/8797/408797v1-max-450x450.png"]],
   "attribution": null},
 "products":
  [],
 "relationships":
  [],
 "competitions":
  [],
 "providerships":
  [],
 "total_money_raised": "$0",
 "funding_rounds":
  [{"id": 61985,
    "round_code": "a",
    "source_url": "",
    "source_description": "",
    "raised_amount": null,
    "raised_currency_code": "USD",
    "funded_year": 2004,
    "funded_month": 3,
    "funded_day": null,
    "investments":
     [{"company": null,
       "financial_org":
        {"name": "IDG Capital Partners",
         "permalink": "idg-capital-partners"},
       "person": null}]}],
 "investments":
  [],
 "acquisition": null,
 "acquisitions":
  [],
 "offices":
  [{"description": "",
    "address1": "Hangzhou Northern Software Park (Cheung Road, Building 1, No. 38, A624)",
    "address2": "",
    "zip_code": "",
    "city": "Hangzhou",
    "state_code": null,
    "country_code": "CHN",
    "latitude": null,
    "longitude": null}],
 "milestones":
  [],
 "ipo": null,
 "video_embeds":
  [],
 "screenshots":
  [{"available_sizes":
     [[[150,
        114],
       "http://api-images.crunchbase.com/assets/images/resized/0041/3532/413532v1-max-150x150.png"],
      [[250,
        190],
       "http://api-images.crunchbase.com/assets/images/resized/0041/3532/413532v1-max-250x250.png"],
      [[450,
        342],
       "http://api-images.crunchbase.com/assets/images/resized/0041/3532/413532v1-max-450x450.png"]],
    "attribution": null}],
 "external_links":
  [],
 "partners":
  [{"partner_name": "ct_quan",
    "homepage_url": "unknown",
    "link_1_url": null,
    "link_2_url": null,
    "link_3_url": null,
    "link_1_name": null,
    "link_2_name": null,
    "link_3_name": null}]}
