{"name": "39 Health",
 "permalink": "39-health",
 "crunchbase_url": "http://www.crunchbase.com/company/39-health",
 "homepage_url": "http://corp.39.net",
 "blog_url": "",
 "blog_feed_url": "",
 "twitter_username": null,
 "category_code": null,
 "number_of_employees": null,
 "founded_year": null,
 "founded_month": null,
 "founded_day": null,
 "deadpooled_year": null,
 "deadpooled_month": null,
 "deadpooled_day": null,
 "deadpooled_url": null,
 "tag_list": "health",
 "alias_list": "",
 "email_address": "",
 "phone_number": "",
 "description": "",
 "created_at": "Tue Jan 21 10:21:09 UTC 2014",
 "updated_at": "Tue Jan 21 16:40:48 UTC 2014",
 "overview": "\u003Cp\u003E39 Health Website is a professional health information web portal.\u003C/p\u003E\n\n\u003Cp\u003E39 Health Net was established on March 9, 2000. Since its official opening up, with the strong support of the pharmaceutical background andexperienced Internet technology research and development and management team, it has quickly become the largest and most authoritative health network media. With its rich health information, real-time updates of query tool products such as doctor database, disease database and drug database, as well as its powerful interactive products such as online consultation and forums, it provides users with a full range of online health information services. For two consecutive years of 2005 and 2006, www.39.net was rated as the top health website in Chinese Internet by ISC.\u003C/p\u003E",
 "image": null,
 "products":
  [],
 "relationships":
  [],
 "competitions":
  [],
 "providerships":
  [],
 "total_money_raised": "$3.75M",
 "funding_rounds":
  [{"id": 61964,
    "round_code": "unattributed",
    "source_url": "",
    "source_description": "",
    "raised_amount": null,
    "raised_currency_code": "USD",
    "funded_year": 2007,
    "funded_month": 3,
    "funded_day": null,
    "investments":
     [{"company": null,
       "financial_org":
        {"name": "IDG Capital Partners",
         "permalink": "idg-capital-partners"},
       "person": null}]},
   {"id": 61965,
    "round_code": "unattributed",
    "source_url": "",
    "source_description": "",
    "raised_amount": 3750000.0,
    "raised_currency_code": "USD",
    "funded_year": 2006,
    "funded_month": 3,
    "funded_day": null,
    "investments":
     [{"company": null,
       "financial_org":
        {"name": "IDG Capital Partners",
         "permalink": "idg-capital-partners"},
       "person": null}]}],
 "investments":
  [],
 "acquisition": null,
 "acquisitions":
  [],
 "offices":
  [],
 "milestones":
  [],
 "ipo": null,
 "video_embeds":
  [],
 "screenshots":
  [],
 "external_links":
  [],
 "partners":
  []}
