{"name": "3DKitbash",
 "permalink": "3dkitbash",
 "crunchbase_url": "http://www.crunchbase.com/company/3dkitbash",
 "homepage_url": "http://3DKitbash.com",
 "blog_url": "",
 "blog_feed_url": "",
 "twitter_username": "3DKitbash",
 "category_code": "hardware",
 "number_of_employees": null,
 "founded_year": 2012,
 "founded_month": null,
 "founded_day": null,
 "deadpooled_year": null,
 "deadpooled_month": null,
 "deadpooled_day": null,
 "deadpooled_url": null,
 "tag_list": "",
 "alias_list": "",
 "email_address": "info@3DKitbash.com",
 "phone_number": "",
 "description": "3D building world",
 "created_at": "Thu Dec 19 23:35:16 UTC 2013",
 "updated_at": "Thu Dec 19 23:35:57 UTC 2013",
 "overview": "\u003Cp\u003EWe are professional 3D modelers and inventors with years of experience creating prototypes and printable models for the largest toy companies in the world. As 3D printing technology and digital design software become increasingly accessible, we aspire to provide all makers and modelers with high quality affordable kits full of models that can be printed or used entirely in the digital space.\u003C/p\u003E",
 "image":
  {"available_sizes":
    [[[150,
       150],
      "http://api-images.crunchbase.com/assets/images/resized/0037/9738/379738v1-max-150x150.jpg"],
     [[250,
       250],
      "http://api-images.crunchbase.com/assets/images/resized/0037/9738/379738v1-max-250x250.jpg"],
     [[256,
       256],
      "http://api-images.crunchbase.com/assets/images/resized/0037/9738/379738v1-max-450x450.jpg"]],
   "attribution": null},
 "products":
  [{"name": "Quin",
    "permalink": "quin"}],
 "relationships":
  [],
 "competitions":
  [],
 "providerships":
  [],
 "total_money_raised": "$0",
 "funding_rounds":
  [],
 "investments":
  [],
 "acquisition": null,
 "acquisitions":
  [],
 "offices":
  [{"description": "",
    "address1": "",
    "address2": "",
    "zip_code": "",
    "city": "Cincinnati",
    "state_code": "OH",
    "country_code": "USA",
    "latitude": null,
    "longitude": null}],
 "milestones":
  [],
 "ipo": null,
 "video_embeds":
  [],
 "screenshots":
  [{"available_sizes":
     [[[150,
        119],
       "http://api-images.crunchbase.com/assets/images/resized/0037/9737/379737v1-max-150x150.png"],
      [[250,
        199],
       "http://api-images.crunchbase.com/assets/images/resized/0037/9737/379737v1-max-250x250.png"],
      [[450,
        359],
       "http://api-images.crunchbase.com/assets/images/resized/0037/9737/379737v1-max-450x450.png"]],
    "attribution": null}],
 "external_links":
  [],
 "partners":
  []}
