{"name": "3DPrintBoard",
 "permalink": "3dprintboard",
 "crunchbase_url": "http://www.crunchbase.com/company/3dprintboard",
 "homepage_url": "http://3dprintboard.com",
 "blog_url": "",
 "blog_feed_url": "",
 "twitter_username": "3dprintboard",
 "category_code": "design",
 "number_of_employees": 2,
 "founded_year": 2013,
 "founded_month": 10,
 "founded_day": 1,
 "deadpooled_year": null,
 "deadpooled_month": null,
 "deadpooled_day": null,
 "deadpooled_url": null,
 "tag_list": "printing, 3d-print, 3d-printing, 3d, forum, discussion, 3d-printers, design, 3d-design",
 "alias_list": null,
 "email_address": "3dprintboard@gmail.com",
 "phone_number": "",
 "description": "3D Printing Forum",
 "created_at": "Fri Jan 03 20:58:19 UTC 2014",
 "updated_at": "Thu Jan 09 16:52:49 UTC 2014",
 "overview": "\u003Cp\u003EA 3D Printing board targeted toward 3D designers, 3D printer owners, 3D Printer companies, and anyone interested in discussing the up and coming technology of additive manufacturing.\u003C/p\u003E",
 "image":
  {"available_sizes":
    [[[150,
       150],
      "http://api-images.crunchbase.com/assets/images/resized/0039/1442/391442v2-max-150x150.png"],
     [[250,
       250],
      "http://api-images.crunchbase.com/assets/images/resized/0039/1442/391442v2-max-250x250.png"],
     [[450,
       450],
      "http://api-images.crunchbase.com/assets/images/resized/0039/1442/391442v2-max-450x450.png"]],
   "attribution": null},
 "products":
  [],
 "relationships":
  [{"is_past": false,
    "title": "Owner",
    "person":
     {"first_name": "Eddie",
      "last_name": "Krassenstein",
      "permalink": "eddie-krassenstein"}}],
 "competitions":
  [],
 "providerships":
  [],
 "total_money_raised": "$0",
 "funding_rounds":
  [],
 "investments":
  [],
 "acquisition": null,
 "acquisitions":
  [],
 "offices":
  [],
 "milestones":
  [],
 "ipo": null,
 "video_embeds":
  [],
 "screenshots":
  [],
 "external_links":
  [],
 "partners":
  []}
