{"name": "3GV8 International Inc",
 "permalink": "3gv8-international-inc",
 "crunchbase_url": "http://www.crunchbase.com/company/3gv8-international-inc",
 "homepage_url": "http://www.v8.cn",
 "blog_url": "",
 "blog_feed_url": "",
 "twitter_username": null,
 "category_code": "mobile",
 "number_of_employees": null,
 "founded_year": 2005,
 "founded_month": 7,
 "founded_day": null,
 "deadpooled_year": null,
 "deadpooled_month": null,
 "deadpooled_day": null,
 "deadpooled_url": null,
 "tag_list": "mobile",
 "alias_list": "",
 "email_address": "",
 "phone_number": "",
 "description": "",
 "created_at": "Tue Jan 21 09:04:23 UTC 2014",
 "updated_at": "Mon Mar 17 05:48:08 UTC 2014",
 "overview": "\u003Cp\u003EBeijing Third Generation Software Technology Co., Ltd, was founded in July, 2005 in Beijing, which is a wholly foreign-owned enterprise registered by China mainland. The original intention to start the 3GV8 is to devote itself to the development of applications for mobile devices, especially focusing on the future 3G high-speed wireless Internet era, and it is one of the rare high-technology companies in China that focus on the development of mobile application software.\nThe core power of the 3GV8 lies in several top technicians who have been engaged in the mobile entertainment software business for many years and the planners who have rich experience in market and media. Therefore, it has become a company with very strong research strength while it was created only less than one year ago.\u003C/p\u003E",
 "image": null,
 "products":
  [],
 "relationships":
  [{"is_past": false,
    "title": "CEO and chairman",
    "person":
     {"first_name": "Gang",
      "last_name": "Wu",
      "permalink": "gang-wu"}}],
 "competitions":
  [],
 "providerships":
  [],
 "total_money_raised": "$974k",
 "funding_rounds":
  [{"id": 61951,
    "round_code": "unattributed",
    "source_url": "",
    "source_description": "",
    "raised_amount": null,
    "raised_currency_code": "USD",
    "funded_year": 2007,
    "funded_month": 2,
    "funded_day": null,
    "investments":
     [{"company": null,
       "financial_org":
        {"name": "Chengwei Capital",
         "permalink": "chengwei-capital"},
       "person": null},
      {"company": null,
       "financial_org":
        {"name": "IDG Capital Partners",
         "permalink": "idg-capital-partners"},
       "person": null}]},
   {"id": 61952,
    "round_code": "a",
    "source_url": "",
    "source_description": "",
    "raised_amount": 974184.0,
    "raised_currency_code": "USD",
    "funded_year": 2006,
    "funded_month": 3,
    "funded_day": null,
    "investments":
     [{"company": null,
       "financial_org":
        {"name": "IDG Capital Partners",
         "permalink": "idg-capital-partners"},
       "person": null}]}],
 "investments":
  [],
 "acquisition": null,
 "acquisitions":
  [],
 "offices":
  [{"description": "",
    "address1": "",
    "address2": "",
    "zip_code": "",
    "city": "Beijing",
    "state_code": null,
    "country_code": "CHN",
    "latitude": null,
    "longitude": null}],
 "milestones":
  [],
 "ipo": null,
 "video_embeds":
  [],
 "screenshots":
  [],
 "external_links":
  [],
 "partners":
  [{"partner_name": "ct_quan",
    "homepage_url": "unknown",
    "link_1_url": null,
    "link_2_url": null,
    "link_3_url": null,
    "link_1_name": null,
    "link_2_name": null,
    "link_3_name": null}]}
