{"name": "4 Deep Blue Phoenix",
 "permalink": "4-deep-blue-phoenix",
 "crunchbase_url": "http://www.crunchbase.com/company/4-deep-blue-phoenix",
 "homepage_url": "http://www.phoenixwaterfilters.com",
 "blog_url": "",
 "blog_feed_url": "",
 "twitter_username": null,
 "category_code": "other",
 "number_of_employees": null,
 "founded_year": null,
 "founded_month": null,
 "founded_day": null,
 "deadpooled_year": null,
 "deadpooled_month": null,
 "deadpooled_day": null,
 "deadpooled_url": null,
 "tag_list": "water-filters, water-filtration, water-filtration-system, water-purification",
 "alias_list": null,
 "email_address": "",
 "phone_number": "480-420-3137 ",
 "description": " Water Filters , Water Filtration System",
 "created_at": "Fri Dec 20 13:16:21 UTC 2013",
 "updated_at": "Fri Dec 20 22:25:58 UTC 2013",
 "overview": "\u003Cp\u003EBy filtering contaminants, chlorine and unhealthy minerals, 4 Deep Blue Phoenix water filters transform tap water into safe drinking water. \u003C/p\u003E\n\n\u003Cp\u003EWe have range of products that uses our unique technology to treat and purify your water. With this system your water will be cleaner and safer to drink, and without having any harmful effects on the environment.\u003C/p\u003E",
 "image":
  {"available_sizes":
    [[[150,
       80],
      "http://api-images.crunchbase.com/assets/images/resized/0038/0384/380384v2-max-150x150.jpg"],
     [[200,
       107],
      "http://api-images.crunchbase.com/assets/images/resized/0038/0384/380384v2-max-250x250.jpg"],
     [[200,
       107],
      "http://api-images.crunchbase.com/assets/images/resized/0038/0384/380384v2-max-450x450.jpg"]],
   "attribution": null},
 "products":
  [],
 "relationships":
  [],
 "competitions":
  [],
 "providerships":
  [],
 "total_money_raised": "$0",
 "funding_rounds":
  [],
 "investments":
  [],
 "acquisition": null,
 "acquisitions":
  [],
 "offices":
  [],
 "milestones":
  [],
 "ipo": null,
 "video_embeds":
  [],
 "screenshots":
  [],
 "external_links":
  [],
 "partners":
  []}
