{"name": "47ST Closeouts",
 "permalink": "47st-closeouts-inc",
 "crunchbase_url": "http://www.crunchbase.com/company/47st-closeouts-inc",
 "homepage_url": "http://47stcloseouts.com",
 "blog_url": "",
 "blog_feed_url": "",
 "twitter_username": "47stcloseouts",
 "category_code": "other",
 "number_of_employees": null,
 "founded_year": 2002,
 "founded_month": 6,
 "founded_day": 4,
 "deadpooled_year": null,
 "deadpooled_month": null,
 "deadpooled_day": null,
 "deadpooled_url": null,
 "tag_list": "best-diamond-store-in-nyc, diamond-stores-nyc, diamond-stores-in-nyc, diamond-dealers-nyc, jewelry-stores-new-york, diamond-engagement-rings-nyc",
 "alias_list": "",
 "email_address": "sales@47stcloseouts.com",
 "phone_number": "(212) 391-1888",
 "description": "best diamond store in nyc",
 "created_at": "Fri Jan 03 10:29:02 UTC 2014",
 "updated_at": "Fri Jan 03 17:01:11 UTC 2014",
 "overview": "\u003Cp\u003EWe have been in the Fine Jewelry business for 15 years and have worked with manufacturers and diamond site holders all over the world. Our tremendous purchasing power and close relationship with strong manufacturers right here in New York City is what allows us to bring great products and the lowest prices to our clients. \u003C/p\u003E",
 "image":
  {"available_sizes":
    [[[150,
       150],
      "http://api-images.crunchbase.com/assets/images/resized/0038/7752/387752v2-max-150x150.jpg"],
     [[225,
       225],
      "http://api-images.crunchbase.com/assets/images/resized/0038/7752/387752v2-max-250x250.jpg"],
     [[225,
       225],
      "http://api-images.crunchbase.com/assets/images/resized/0038/7752/387752v2-max-450x450.jpg"]],
   "attribution": null},
 "products":
  [],
 "relationships":
  [],
 "competitions":
  [],
 "providerships":
  [],
 "total_money_raised": "$0",
 "funding_rounds":
  [],
 "investments":
  [],
 "acquisition": null,
 "acquisitions":
  [],
 "offices":
  [{"description": "jewelry stores in nyc",
    "address1": "20 W 47th St",
    "address2": "",
    "zip_code": "10036",
    "city": "New York",
    "state_code": "NY",
    "country_code": "USA",
    "latitude": null,
    "longitude": null}],
 "milestones":
  [],
 "ipo": null,
 "video_embeds":
  [],
 "screenshots":
  [{"available_sizes":
     [[[150,
        150],
       "http://api-images.crunchbase.com/assets/images/resized/0038/7751/387751v2-max-150x150.jpg"],
      [[225,
        225],
       "http://api-images.crunchbase.com/assets/images/resized/0038/7751/387751v2-max-250x250.jpg"],
      [[225,
        225],
       "http://api-images.crunchbase.com/assets/images/resized/0038/7751/387751v2-max-450x450.jpg"]],
    "attribution": null}],
 "external_links":
  [{"external_url": "https://plus.google.com/111335881830192611824/?hl=en",
    "title": "Google+"},
   {"external_url": "https://www.facebook.com/47stcloseouts",
    "title": "Facebook"},
   {"external_url": "https://twitter.com/47stcloseouts",
    "title": "Twitter"},
   {"external_url": "http://www.youtube.com/user/47stcloseouts",
    "title": "Youtube"}],
 "partners":
  []}
