{"name": "5173.com",
 "permalink": "5173-com",
 "crunchbase_url": "http://www.crunchbase.com/company/5173-com",
 "homepage_url": "http://5173.com",
 "blog_url": "",
 "blog_feed_url": "",
 "twitter_username": null,
 "category_code": "ecommerce",
 "number_of_employees": null,
 "founded_year": 2002,
 "founded_month": 11,
 "founded_day": null,
 "deadpooled_year": null,
 "deadpooled_month": null,
 "deadpooled_day": null,
 "deadpooled_url": null,
 "tag_list": "ecommerce",
 "alias_list": "",
 "email_address": "",
 "phone_number": "",
 "description": "",
 "created_at": "Thu Jan 23 05:11:27 UTC 2014",
 "updated_at": "Fri Mar 14 21:12:48 UTC 2014",
 "overview": "\u003Cp\u003E5173.com was founded in November, 2002 and is an advanced and leading professional online trading E-Commerce platform for online games and digital products in China. \u003C/p\u003E\n\n\u003Cp\u003EIt regards regularized operation as its responsibility. \u003C/p\u003E\n\n\u003Cp\u003EIn order to better satisfy customers\u0026#8217; demand for trading online-games and digital products, 5173.com has always been devoted to becoming a safe and fast operating system and a perfect and thoughtful professional service provider for online games, based on its management ideal of tireless pursuit of originality and putting customers first. \u003C/p\u003E\n\n\u003Cp\u003EFostering the idea of comprehensively satisfying customers\u0026#8217; demand for online games and trading digital products, its online game trading product involves various fields such as online game equipment, game currency, account number, point cards, leveling, props and other digital point cards, etc.\u003C/p\u003E",
 "image":
  {"available_sizes":
    [[[150,
       76],
      "http://api-images.crunchbase.com/assets/images/resized/0040/8774/408774v1-max-150x150.png"],
     [[179,
       91],
      "http://api-images.crunchbase.com/assets/images/resized/0040/8774/408774v1-max-250x250.png"],
     [[179,
       91],
      "http://api-images.crunchbase.com/assets/images/resized/0040/8774/408774v1-max-450x450.png"]],
   "attribution": null},
 "products":
  [],
 "relationships":
  [{"is_past": false,
    "title": "",
    "person":
     {"first_name": "Xinyu",
      "last_name": "Wang",
      "permalink": "xinyu-wang"}}],
 "competitions":
  [],
 "providerships":
  [],
 "total_money_raised": "$9.3M",
 "funding_rounds":
  [{"id": 62239,
    "round_code": "unattributed",
    "source_url": "",
    "source_description": "",
    "raised_amount": null,
    "raised_currency_code": "USD",
    "funded_year": 2007,
    "funded_month": 12,
    "funded_day": null,
    "investments":
     [{"company": null,
       "financial_org":
        {"name": "Funding Global Innovation",
         "permalink": "funding-global-innovation"},
       "person": null},
      {"company": null,
       "financial_org":
        {"name": "Zero2IPO Ventures",
         "permalink": "zero2ipo-ventures"},
       "person": null},
      {"company": null,
       "financial_org":
        {"name": "IDG Capital Partners",
         "permalink": "idg-capital-partners"},
       "person": null}]},
   {"id": 62241,
    "round_code": "b",
    "source_url": "",
    "source_description": "",
    "raised_amount": 6300000.0,
    "raised_currency_code": "USD",
    "funded_year": 2005,
    "funded_month": 1,
    "funded_day": null,
    "investments":
     [{"company": null,
       "financial_org":
        {"name": "IDG Capital Partners",
         "permalink": "idg-capital-partners"},
       "person": null},
      {"company": null,
       "financial_org":
        {"name": "Funding Global Innovation",
         "permalink": "funding-global-innovation"},
       "person": null}]},
   {"id": 62242,
    "round_code": "unattributed",
    "source_url": "",
    "source_description": "",
    "raised_amount": 3000000.0,
    "raised_currency_code": "USD",
    "funded_year": 2004,
    "funded_month": 3,
    "funded_day": null,
    "investments":
     [{"company": null,
       "financial_org":
        {"name": "IDG Capital Partners",
         "permalink": "idg-capital-partners"},
       "person": null}]}],
 "investments":
  [],
 "acquisition": null,
 "acquisitions":
  [],
 "offices":
  [{"description": "",
    "address1": "",
    "address2": "",
    "zip_code": "",
    "city": "Shanghai",
    "state_code": null,
    "country_code": "CHN",
    "latitude": null,
    "longitude": null},
   {"description": "",
    "address1": "",
    "address2": "",
    "zip_code": "",
    "city": "Jinhua",
    "state_code": null,
    "country_code": "CHN",
    "latitude": null,
    "longitude": null}],
 "milestones":
  [],
 "ipo": null,
 "video_embeds":
  [],
 "screenshots":
  [{"available_sizes":
     [[[150,
        111],
       "http://api-images.crunchbase.com/assets/images/resized/0041/3560/413560v1-max-150x150.png"],
      [[250,
        186],
       "http://api-images.crunchbase.com/assets/images/resized/0041/3560/413560v1-max-250x250.png"],
      [[450,
        335],
       "http://api-images.crunchbase.com/assets/images/resized/0041/3560/413560v1-max-450x450.png"]],
    "attribution": null}],
 "external_links":
  [],
 "partners":
  [{"partner_name": "ct_quan",
    "homepage_url": "unknown",
    "link_1_url": null,
    "link_2_url": null,
    "link_3_url": null,
    "link_1_name": null,
    "link_2_name": null,
    "link_3_name": null}]}
