{"name": "5BNET",
 "permalink": "5bnet",
 "crunchbase_url": "http://www.crunchbase.com/company/5bnet",
 "homepage_url": "http://www.5bnet.com",
 "blog_url": "",
 "blog_feed_url": "",
 "twitter_username": "5bnet",
 "category_code": "other",
 "number_of_employees": null,
 "founded_year": null,
 "founded_month": null,
 "founded_day": null,
 "deadpooled_year": null,
 "deadpooled_month": null,
 "deadpooled_day": null,
 "deadpooled_url": null,
 "tag_list": "technologies, solutions, development",
 "alias_list": "",
 "email_address": "",
 "phone_number": "971 56 296 4015",
 "description": "Software creation, strategic consultant",
 "created_at": "Fri Jan 10 07:25:13 UTC 2014",
 "updated_at": "Wed Jan 15 23:45:21 UTC 2014",
 "overview": "\u003Cp\u003E5bnet is a team of professionals in engineering development, graphic design, web programming and internet marketing powered by the same passion: building art solutions in the world of software. They harness the innovative potential of new technologies.\u003C/p\u003E",
 "image":
  {"available_sizes":
    [[[106,
       40],
      "http://api-images.crunchbase.com/assets/images/resized/0039/1878/391878v1-max-150x150.png"],
     [[106,
       40],
      "http://api-images.crunchbase.com/assets/images/resized/0039/1878/391878v1-max-250x250.png"],
     [[106,
       40],
      "http://api-images.crunchbase.com/assets/images/resized/0039/1878/391878v1-max-450x450.png"]],
   "attribution": null},
 "products":
  [],
 "relationships":
  [],
 "competitions":
  [],
 "providerships":
  [],
 "total_money_raised": "$0",
 "funding_rounds":
  [],
 "investments":
  [],
 "acquisition": null,
 "acquisitions":
  [],
 "offices":
  [{"description": "",
    "address1": "Jumeirah Lake Towers -",
    "address2": "Indigo Tower Cluster D - Tower D",
    "zip_code": "PO Box 71645",
    "city": "Dubai",
    "state_code": null,
    "country_code": "ARE",
    "latitude": null,
    "longitude": null}],
 "milestones":
  [],
 "ipo": null,
 "video_embeds":
  [],
 "screenshots":
  [{"available_sizes":
     [[[150,
        83],
       "http://api-images.crunchbase.com/assets/images/resized/0039/1877/391877v1-max-150x150.png"],
      [[250,
        139],
       "http://api-images.crunchbase.com/assets/images/resized/0039/1877/391877v1-max-250x250.png"],
      [[450,
        251],
       "http://api-images.crunchbase.com/assets/images/resized/0039/1877/391877v1-max-450x450.png"]],
    "attribution": null}],
 "external_links":
  [],
 "partners":
  []}
