{"name": "90 Digital",
 "permalink": "90-digital",
 "crunchbase_url": "http://www.crunchbase.com/company/90-digital",
 "homepage_url": "http://90digital.com",
 "blog_url": "http://90digital.com/blog",
 "blog_feed_url": "",
 "twitter_username": "nickgarner",
 "category_code": "advertising",
 "number_of_employees": 45,
 "founded_year": 2012,
 "founded_month": 11,
 "founded_day": 1,
 "deadpooled_year": null,
 "deadpooled_month": null,
 "deadpooled_day": null,
 "deadpooled_url": null,
 "tag_list": "reputation-management, search, seo, social-media",
 "alias_list": null,
 "email_address": "contact@90digital.com",
 "phone_number": "",
 "description": "Digial Marketing Agency",
 "created_at": "Fri Jan 17 10:31:07 UTC 2014",
 "updated_at": "Tue Jan 21 02:38:17 UTC 2014",
 "overview": "\u003Cp\u003E90 Digital is an online marketing agency specialising in search and online reputation. \u003C/p\u003E\n\n\u003Cp\u003EHead office is in London with a second office in Leeds in the UK \u003C/p\u003E",
 "image": null,
 "products":
  [],
 "relationships":
  [{"is_past": false,
    "title": "CEO",
    "person":
     {"first_name": "Nick",
      "last_name": "Garner",
      "permalink": "nick-garner"}}],
 "competitions":
  [],
 "providerships":
  [],
 "total_money_raised": "$0",
 "funding_rounds":
  [],
 "investments":
  [],
 "acquisition": null,
 "acquisitions":
  [],
 "offices":
  [{"description": "90 Digital",
    "address1": "72-74 Marylebone High Street",
    "address2": "",
    "zip_code": "W1U 5JW",
    "city": "London",
    "state_code": null,
    "country_code": "GBR",
    "latitude": null,
    "longitude": null},
   {"description": "90 Digital Leeds",
    "address1": "Manor House",
    "address2": "Manor Street",
    "zip_code": "LS71PZ",
    "city": "Leeds",
    "state_code": null,
    "country_code": "GBR",
    "latitude": null,
    "longitude": null}],
 "milestones":
  [],
 "ipo": null,
 "video_embeds":
  [],
 "screenshots":
  [],
 "external_links":
  [],
 "partners":
  []}
