{"name": "91 Boyuan Wireles",
 "permalink": "91-boyuan-wireles",
 "crunchbase_url": "http://www.crunchbase.com/company/91-boyuan-wireles",
 "homepage_url": "http://dev.91.com",
 "blog_url": "",
 "blog_feed_url": "",
 "twitter_username": null,
 "category_code": "mobile",
 "number_of_employees": null,
 "founded_year": null,
 "founded_month": null,
 "founded_day": null,
 "deadpooled_year": null,
 "deadpooled_month": null,
 "deadpooled_day": null,
 "deadpooled_url": null,
 "tag_list": "mobile",
 "alias_list": "",
 "email_address": "",
 "phone_number": "",
 "description": "",
 "created_at": "Fri Jan 17 12:47:44 UTC 2014",
 "updated_at": "Thu Mar 13 06:24:25 UTC 2014",
 "overview": "\u003Cp\u003E91 Boyuan Wireless Open Platform is the first domestic open platform that integrates various mobile payment channels.\u003C/p\u003E\n\n\u003Cp\u003E91 Boyuan Wireless is one of the earliest companies that engage in mobile Internet business. It is an independent subsidiary of Wanglong Group. Its headquarter is located in Fuzhou, Fujian Province and it also has branches in Guangzhou and Shanghai. Boyuan Wireless was registered independently as a foreign-invested company, now concentrating on the development of mobile application softwares in the field of mobile Internet and mobile phone games as well as operating business. It possesses various kinds of products based on the 91 series of brands in the field of mobile Internet.\u003C/p\u003E\n\n\u003Cp\u003EIts subordinate products include 91 Mobile Assistant, 91 Mobile Entertainment, Android Network, Android Market, Panda Reading, Panda Video and so on. It is the largest domestic mobile download platform. Meanwhile, Boyuan runs several independently developed games and many mobile games developed by the third party.\u003C/p\u003E",
 "image":
  {"available_sizes":
    [[[150,
       41],
      "http://api-images.crunchbase.com/assets/images/resized/0040/9108/409108v1-max-150x150.png"],
     [[234,
       64],
      "http://api-images.crunchbase.com/assets/images/resized/0040/9108/409108v1-max-250x250.png"],
     [[234,
       64],
      "http://api-images.crunchbase.com/assets/images/resized/0040/9108/409108v1-max-450x450.png"]],
   "attribution": null},
 "products":
  [],
 "relationships":
  [],
 "competitions":
  [],
 "providerships":
  [],
 "total_money_raised": "$20M",
 "funding_rounds":
  [{"id": 61551,
    "round_code": "unattributed",
    "source_url": "",
    "source_description": "",
    "raised_amount": 20000000.0,
    "raised_currency_code": "USD",
    "funded_year": 2011,
    "funded_month": 12,
    "funded_day": null,
    "investments":
     [{"company": null,
       "financial_org":
        {"name": "Vertex Venture Holdings",
         "permalink": "vertex-venture-holdings"},
       "person": null},
      {"company": null,
       "financial_org":
        {"name": "IDG Capital Partners",
         "permalink": "idg-capital-partners"},
       "person": null}]}],
 "investments":
  [],
 "acquisition": null,
 "acquisitions":
  [],
 "offices":
  [{"description": "",
    "address1": "One of Six Four-Pacific Centre, 266 North Road",
    "address2": "Gulou District",
    "zip_code": "",
    "city": "Fuzhou",
    "state_code": null,
    "country_code": "CHN",
    "latitude": null,
    "longitude": null}],
 "milestones":
  [],
 "ipo": null,
 "video_embeds":
  [],
 "screenshots":
  [{"available_sizes":
     [[[150,
        102],
       "http://api-images.crunchbase.com/assets/images/resized/0041/3177/413177v1-max-150x150.png"],
      [[250,
        170],
       "http://api-images.crunchbase.com/assets/images/resized/0041/3177/413177v1-max-250x250.png"],
      [[450,
        307],
       "http://api-images.crunchbase.com/assets/images/resized/0041/3177/413177v1-max-450x450.png"]],
    "attribution": null}],
 "external_links":
  [],
 "partners":
  [{"partner_name": "ct_quan",
    "homepage_url": "unknown",
    "link_1_url": null,
    "link_2_url": null,
    "link_3_url": null,
    "link_1_name": null,
    "link_2_name": null,
    "link_3_name": null}]}
