{"name": "911 Driving School",
 "permalink": "911-driving-school",
 "crunchbase_url": "http://www.crunchbase.com/company/911-driving-school",
 "homepage_url": "http://www.911drivingschool.com",
 "blog_url": "",
 "blog_feed_url": "",
 "twitter_username": null,
 "category_code": "education",
 "number_of_employees": null,
 "founded_year": null,
 "founded_month": null,
 "founded_day": null,
 "deadpooled_year": null,
 "deadpooled_month": null,
 "deadpooled_day": null,
 "deadpooled_url": null,
 "tag_list": "",
 "alias_list": null,
 "email_address": "rriver@911drivingschool.com",
 "phone_number": "440-331-0911",
 "description": "Taught by Police Officers",
 "created_at": "Wed Dec 11 21:28:31 UTC 2013",
 "updated_at": "Sat Dec 14 00:20:31 UTC 2013",
 "overview": "\u003Cp\u003E911 Driving School hires only police officers to instruct classes.  The officers knowledge and expertise will prepare the student for the great responsibility that comes with obtaining a driver\u0026#8217;s license.  Who better to teach drivers education?  The stats don\u0026#8217;t lie.  \u003C/p\u003E\n\n\u003Cp\u003EDrivers education is a big step in every teen\u0026#8217;s life. Independence, mobility, individuality, responsibility \u0026#8211; Get your student off to a great and safe start with 911 teen drivers ed.\u003C/p\u003E\n\n\u003Cp\u003EWhat makes 911 Driving School different from the other driving schools?  It\u0026#8217;s the instructors.\u003C/p\u003E\n\n\u003Cp\u003EThe Most Qualified Drivers Education Instructors\u003C/p\u003E\n\n\u003Cp\u003ESince qualified instructors are the most important aspect of any drivers education program, you are probably asking yourself, \u0026#8220;What makes 911 Driving School Instructors different from every other driving school?\u0026#8221; Every instructor at 911 Driving School is a current or retired police officer. 911 Driving School was founded by a police officer and designed to be staffed by police officer instructors. Considering their constant, up-to-date traffic enforcement and driver safety training, why would you want to learn from anyone else?\u003C/p\u003E\n\n\u003Cp\u003EDriving School and the Officer Difference\u003C/p\u003E\n\n\u003Cp\u003EExpert Knowledge of Motor Vehicle Laws\nExperts at Road Safety\nCommunity Respect\nUnmatched Experience\nReal World Lessons to Share\nDriving School Classrooms\u003C/p\u003E\n\n\u003Cp\u003EOur 911 Driving School classroom environment is professional, friendly, informative and fun. We use state-of-the-art-technology, videos and PowerPoint presentations, combined with interactive classroom participation to create a fun multi-media learning environment. Drivers education is serious business but who said it can\u0026#8217;t be fun also?\u003C/p\u003E",
 "image": null,
 "products":
  [],
 "relationships":
  [{"is_past": false,
    "title": "Operations Manager",
    "person":
     {"first_name": "Melissa",
      "last_name": "Riedl",
      "permalink": "melissa-riedl"}}],
 "competitions":
  [],
 "providerships":
  [],
 "total_money_raised": "$0",
 "funding_rounds":
  [],
 "investments":
  [],
 "acquisition": null,
 "acquisitions":
  [],
 "offices":
  [{"description": "Rocky River Office",
    "address1": "19353 Detroit Road",
    "address2": "",
    "zip_code": "44116",
    "city": "Rocky River",
    "state_code": "OH",
    "country_code": "USA",
    "latitude": null,
    "longitude": null}],
 "milestones":
  [],
 "ipo": null,
 "video_embeds":
  [],
 "screenshots":
  [],
 "external_links":
  [],
 "partners":
  []}
