{"name": "96 Web Design",
 "permalink": "96-web-design",
 "crunchbase_url": "http://www.crunchbase.com/company/96-web-design",
 "homepage_url": "http://ninety-6.com",
 "blog_url": "",
 "blog_feed_url": "",
 "twitter_username": null,
 "category_code": "design",
 "number_of_employees": null,
 "founded_year": 2013,
 "founded_month": null,
 "founded_day": null,
 "deadpooled_year": null,
 "deadpooled_month": null,
 "deadpooled_day": null,
 "deadpooled_url": null,
 "tag_list": "web-design, graphics",
 "alias_list": null,
 "email_address": "sidecar@live.com",
 "phone_number": "",
 "description": "Web and Graphic Design ",
 "created_at": "Fri Jan 10 14:26:55 UTC 2014",
 "updated_at": "Fri Jan 10 21:28:42 UTC 2014",
 "overview": "\u003Cp\u003E96 Web and Graphic Design provides the western slope of Colorado with websites and graphics for small businesses. \u003C/p\u003E\n\n\u003Cp\u003ESpecializing in high quality and affordable websites and internet marketing packages they strive to help people and companies create a strong internet presence. In today\u0026#8217;s world the internet is a huge part of most all successful marketing campaigns.  \u003C/p\u003E",
 "image":
  {"available_sizes":
    [[[129,
       150],
      "http://api-images.crunchbase.com/assets/images/resized/0039/2259/392259v2-max-150x150.jpg"],
     [[216,
       250],
      "http://api-images.crunchbase.com/assets/images/resized/0039/2259/392259v2-max-250x250.jpg"],
     [[389,
       450],
      "http://api-images.crunchbase.com/assets/images/resized/0039/2259/392259v2-max-450x450.jpg"]],
   "attribution": null},
 "products":
  [],
 "relationships":
  [],
 "competitions":
  [],
 "providerships":
  [],
 "total_money_raised": "$0",
 "funding_rounds":
  [],
 "investments":
  [],
 "acquisition": null,
 "acquisitions":
  [],
 "offices":
  [],
 "milestones":
  [],
 "ipo": null,
 "video_embeds":
  [],
 "screenshots":
  [],
 "external_links":
  [],
 "partners":
  []}
