{"name": "A Boat Time",
 "permalink": "a-boat-time",
 "crunchbase_url": "http://www.crunchbase.com/company/a-boat-time",
 "homepage_url": "http://aboattime.com",
 "blog_url": "",
 "blog_feed_url": "",
 "twitter_username": "aBoatTime",
 "category_code": "other",
 "number_of_employees": null,
 "founded_year": null,
 "founded_month": null,
 "founded_day": null,
 "deadpooled_year": null,
 "deadpooled_month": null,
 "deadpooled_day": null,
 "deadpooled_url": null,
 "tag_list": "boat, bookings, online",
 "alias_list": "",
 "email_address": "info@aboattime.com",
 "phone_number": "34 91 702 55 30",
 "description": "Booking Website ",
 "created_at": "Fri Jan 10 04:44:31 UTC 2014",
 "updated_at": "Fri Jan 10 04:44:31 UTC 2014",
 "overview": "\u003Cp\u003EaBoatTime is a boat booking website offering online customers a complete and unique sailing experience.\nThey are innovators in tourism\u2014by applying new technologies to the world of yacht charters, aBoatTime is the first website where you can rent a boat completely online and have complete control of the process.\u003C/p\u003E",
 "image":
  {"available_sizes":
    [[[150,
       17],
      "http://api-images.crunchbase.com/assets/images/resized/0039/1700/391700v1-max-150x150.png"],
     [[250,
       29],
      "http://api-images.crunchbase.com/assets/images/resized/0039/1700/391700v1-max-250x250.png"],
     [[327,
       38],
      "http://api-images.crunchbase.com/assets/images/resized/0039/1700/391700v1-max-450x450.png"]],
   "attribution": null},
 "products":
  [],
 "relationships":
  [],
 "competitions":
  [],
 "providerships":
  [],
 "total_money_raised": "$0",
 "funding_rounds":
  [],
 "investments":
  [],
 "acquisition": null,
 "acquisitions":
  [],
 "offices":
  [{"description": "HQ",
    "address1": "150 Charter S.L.",
    "address2": "Rafael Calvo 42, escalera dcha, 3\u00ba izq",
    "zip_code": "28010",
    "city": "Madrid",
    "state_code": null,
    "country_code": "ESP",
    "latitude": null,
    "longitude": null}],
 "milestones":
  [],
 "ipo": null,
 "video_embeds":
  [],
 "screenshots":
  [{"available_sizes":
     [[[150,
        101],
       "http://api-images.crunchbase.com/assets/images/resized/0039/1699/391699v1-max-150x150.png"],
      [[250,
        169],
       "http://api-images.crunchbase.com/assets/images/resized/0039/1699/391699v1-max-250x250.png"],
      [[450,
        304],
       "http://api-images.crunchbase.com/assets/images/resized/0039/1699/391699v1-max-450x450.png"]],
    "attribution": null}],
 "external_links":
  [],
 "partners":
  []}
