{"name": "A\u0026D Solu\u00e7\u00f5es Ltd",
 "permalink": "a-d-solues-ltd",
 "crunchbase_url": "http://www.crunchbase.com/company/a-d-solues-ltd",
 "homepage_url": null,
 "blog_url": null,
 "blog_feed_url": null,
 "twitter_username": null,
 "category_code": null,
 "number_of_employees": null,
 "founded_year": null,
 "founded_month": null,
 "founded_day": null,
 "deadpooled_year": null,
 "deadpooled_month": null,
 "deadpooled_day": null,
 "deadpooled_url": null,
 "tag_list": null,
 "alias_list": null,
 "email_address": null,
 "phone_number": null,
 "description": null,
 "created_at": "Wed Dec 11 22:24:47 UTC 2013",
 "updated_at": "Fri Dec 13 23:35:03 UTC 2013",
 "overview": null,
 "image": null,
 "products":
  [],
 "relationships":
  [{"is_past": true,
    "title": "CEO and Co-Founder",
    "person":
     {"first_name": "Aline Mary",
      "last_name": "Fonseca",
      "permalink": "aline-mary-fonseca"}}],
 "competitions":
  [],
 "providerships":
  [],
 "total_money_raised": "$0",
 "funding_rounds":
  [],
 "investments":
  [],
 "acquisition": null,
 "acquisitions":
  [],
 "offices":
  [],
 "milestones":
  [],
 "ipo": null,
 "video_embeds":
  [],
 "screenshots":
  [],
 "external_links":
  [],
 "partners":
  []}
