{"name": "A Different Engine",
 "permalink": "a-different-engine",
 "crunchbase_url": "http://www.crunchbase.com/company/a-different-engine",
 "homepage_url": null,
 "blog_url": null,
 "blog_feed_url": null,
 "twitter_username": null,
 "category_code": null,
 "number_of_employees": null,
 "founded_year": null,
 "founded_month": null,
 "founded_day": null,
 "deadpooled_year": null,
 "deadpooled_month": null,
 "deadpooled_day": null,
 "deadpooled_url": null,
 "tag_list": null,
 "alias_list": null,
 "email_address": null,
 "phone_number": null,
 "description": null,
 "created_at": "Mon Jan 13 02:50:46 UTC 2014",
 "updated_at": "Fri Apr 04 02:46:09 UTC 2014",
 "overview": null,
 "image":
  {"available_sizes":
    [[[150,
       65],
      "http://api-images.crunchbase.com/assets/images/resized/0042/0488/420488v2-max-150x150.png"],
     [[250,
       108],
      "http://api-images.crunchbase.com/assets/images/resized/0042/0488/420488v2-max-250x250.png"],
     [[450,
       195],
      "http://api-images.crunchbase.com/assets/images/resized/0042/0488/420488v2-max-450x450.png"]],
   "attribution": null},
 "products":
  [],
 "relationships":
  [{"is_past": false,
    "title": "Advisor",
    "person":
     {"first_name": "Geoff",
      "last_name": "Katz",
      "permalink": "geoff-katz"}},
   {"is_past": false,
    "title": "Managing Director",
    "person":
     {"first_name": "Mike",
      "last_name": "Ryan",
      "permalink": "mike-ryan-2"}},
   {"is_past": true,
    "title": "Strategy / Business Dev.",
    "person":
     {"first_name": "Will",
      "last_name": "Kreth",
      "permalink": "will-kreth"}}],
 "competitions":
  [],
 "providerships":
  [],
 "total_money_raised": "$0",
 "funding_rounds":
  [],
 "investments":
  [],
 "acquisition": null,
 "acquisitions":
  [],
 "offices":
  [],
 "milestones":
  [],
 "ipo": null,
 "video_embeds":
  [],
 "screenshots":
  [],
 "external_links":
  [],
 "partners":
  []}
