{"name": "A.J.A. Publicidad Directa y Promociones",
 "permalink": "a-j-a-publicidad-directa-y-promociones",
 "crunchbase_url": "http://www.crunchbase.com/company/a-j-a-publicidad-directa-y-promociones",
 "homepage_url": "http://www.ajapublicidad.es",
 "blog_url": "",
 "blog_feed_url": "",
 "twitter_username": "AJAPublicidad",
 "category_code": "advertising",
 "number_of_employees": null,
 "founded_year": null,
 "founded_month": null,
 "founded_day": null,
 "deadpooled_year": null,
 "deadpooled_month": null,
 "deadpooled_day": null,
 "deadpooled_url": null,
 "tag_list": "advertising, direct-marketing, promotions-",
 "alias_list": "",
 "email_address": "",
 "phone_number": "918715467",
 "description": "Direct Marketing Agency",
 "created_at": "Fri Jan 10 08:45:12 UTC 2014",
 "updated_at": "Fri Jan 10 08:47:54 UTC 2014",
 "overview": "\u003Cp\u003EAJA Advertising, Direct Marketing Agency specializing in mailings, manipulated, promotions, storage and digital marketing services\u003C/p\u003E",
 "image":
  {"available_sizes":
    [[[73,
       73],
      "http://api-images.crunchbase.com/assets/images/resized/0039/1963/391963v1-max-150x150.jpg"],
     [[73,
       73],
      "http://api-images.crunchbase.com/assets/images/resized/0039/1963/391963v1-max-250x250.jpg"],
     [[73,
       73],
      "http://api-images.crunchbase.com/assets/images/resized/0039/1963/391963v1-max-450x450.jpg"]],
   "attribution": null},
 "products":
  [],
 "relationships":
  [{"is_past": false,
    "title": "Director General",
    "person":
     {"first_name": "Carlos",
      "last_name": "Pinar Rayo",
      "permalink": "carlos-pinar-rayo"}}],
 "competitions":
  [],
 "providerships":
  [],
 "total_money_raised": "$0",
 "funding_rounds":
  [],
 "investments":
  [],
 "acquisition": null,
 "acquisitions":
  [],
 "offices":
  [{"description": "HQ",
    "address1": "C/Sierra de",
    "address2": "las Alpujarras, 25-27",
    "zip_code": "28500",
    "city": "Madrid",
    "state_code": null,
    "country_code": "ESP",
    "latitude": null,
    "longitude": null}],
 "milestones":
  [],
 "ipo": null,
 "video_embeds":
  [],
 "screenshots":
  [{"available_sizes":
     [[[150,
        108],
       "http://api-images.crunchbase.com/assets/images/resized/0039/1962/391962v1-max-150x150.png"],
      [[250,
        180],
       "http://api-images.crunchbase.com/assets/images/resized/0039/1962/391962v1-max-250x250.png"],
      [[450,
        324],
       "http://api-images.crunchbase.com/assets/images/resized/0039/1962/391962v1-max-450x450.png"]],
    "attribution": null}],
 "external_links":
  [],
 "partners":
  []}
