{"name": "A.M. Castle \u0026 Co",
 "permalink": "a-m-castle-co",
 "crunchbase_url": "http://www.crunchbase.com/company/a-m-castle-co",
 "homepage_url": "http://www.amcastle.com",
 "blog_url": "http://blog.amcastle.com/",
 "blog_feed_url": "",
 "twitter_username": "CastleMetals",
 "category_code": null,
 "number_of_employees": null,
 "founded_year": 1890,
 "founded_month": null,
 "founded_day": null,
 "deadpooled_year": null,
 "deadpooled_month": null,
 "deadpooled_day": null,
 "deadpooled_url": null,
 "tag_list": null,
 "alias_list": "",
 "email_address": "inquiries@amcastle.com",
 "phone_number": "+1.847.455.7111",
 "description": "",
 "created_at": "Sun Dec 22 10:50:15 UTC 2013",
 "updated_at": "Thu Jan 02 09:50:58 UTC 2014",
 "overview": "\u003Cp\u003EA. M. Castle \u0026amp; Co. (NYSE:CAS) is the foremost provider of specialty products, services, and supply chain solutions. We are recognized as a leading distributor of carbon, alloy, stainless steel, nickel alloys, aluminum, titanium, cast iron, brass, copper and plastic, as well as a global resource for complex supply chain solutions.\u003C/p\u003E\n\n\u003Cp\u003EOperating in more than 50 locations throughout North America, Latin America, Europe and Asia, we work with international OEMs to better serve their multi-location production requirements and delivery needs. We also leverage our long-standing metals experience and focus on processing and other value-added services to meet the unique requirements of industries such as aerospace, defense, oil and gas, power generation and heavy equipment.\u003C/p\u003E",
 "image":
  {"available_sizes":
    [[[150,
       46],
      "http://api-images.crunchbase.com/assets/images/resized/0038/6813/386813v1-max-150x150.png"],
     [[250,
       77],
      "http://api-images.crunchbase.com/assets/images/resized/0038/6813/386813v1-max-250x250.png"],
     [[254,
       79],
      "http://api-images.crunchbase.com/assets/images/resized/0038/6813/386813v1-max-450x450.png"]],
   "attribution": null},
 "products":
  [],
 "relationships":
  [{"is_past": true,
    "title": "Human Resource Manager",
    "person":
     {"first_name": "Christine",
      "last_name": "Kidder",
      "permalink": "christine-kidder"}}],
 "competitions":
  [],
 "providerships":
  [],
 "total_money_raised": "$0",
 "funding_rounds":
  [],
 "investments":
  [],
 "acquisition": null,
 "acquisitions":
  [],
 "offices":
  [{"description": "",
    "address1": "1420 Kensington Road Suite 220",
    "address2": "",
    "zip_code": "",
    "city": "Oakbrook",
    "state_code": "IL",
    "country_code": "USA",
    "latitude": null,
    "longitude": null}],
 "milestones":
  [],
 "ipo": null,
 "video_embeds":
  [],
 "screenshots":
  [{"available_sizes":
     [[[150,
        96],
       "http://api-images.crunchbase.com/assets/images/resized/0038/6818/386818v1-max-150x150.png"],
      [[250,
        160],
       "http://api-images.crunchbase.com/assets/images/resized/0038/6818/386818v1-max-250x250.png"],
      [[450,
        289],
       "http://api-images.crunchbase.com/assets/images/resized/0038/6818/386818v1-max-450x450.png"]],
    "attribution": null}],
 "external_links":
  [],
 "partners":
  []}
