{"name": "A. Walter Martin Helwich \u0026 Co.",
 "permalink": "a-walter-martin-helwich-co",
 "crunchbase_url": "http://www.crunchbase.com/company/a-walter-martin-helwich-co",
 "homepage_url": "http://waltermartinhelwich.com",
 "blog_url": "",
 "blog_feed_url": "",
 "twitter_username": null,
 "category_code": "software",
 "number_of_employees": 20,
 "founded_year": 2000,
 "founded_month": 7,
 "founded_day": 4,
 "deadpooled_year": null,
 "deadpooled_month": null,
 "deadpooled_day": null,
 "deadpooled_url": null,
 "tag_list": "twitter, marketing, design, web, social, ceo, media, seo, entrepreneur, ecommerce, advertising, facebook, web-design, video, interactive-mobile-advertising, social-networking, html5, investing, software, social-media, iphone, technology, web-hosting, webs",
 "alias_list": null,
 "email_address": "",
 "phone_number": "",
 "description": "Walter Martin Helwich web solutions",
 "created_at": "Fri Dec 13 14:00:39 UTC 2013",
 "updated_at": "Tue Dec 17 19:44:16 UTC 2013",
 "overview": "\u003Cp\u003EA. Walter Martin Helwich \u0026amp; Co.,set\u2010up by professionals having rich experience in IT industry, was incorporated in 2000 and have been created with a specific mission in mind\u00a0\u2010\u00a0to deliver global quality software solutions to discerning clients. A. Walter Martin Helwich \u0026amp; Co. has a development centre in southern part of India and a worldwide distribution office based in Bahrain. We work with dealers in other countries.\nA. Walter Martin Helwich \u0026amp; Co. is a Software Development, Web Design, Domain and Hosting Solutions provider. We offer the most cost\u2010effective website promotion and search engine submissions methods available today, and continue to be the leader in marketing strategies for highly optimized, profitable websites.\nOur objective is to help our customer by delivering the highest quality of software, solutions and services that meet or exceed our customer expectations.\nA. Walter Martin Helwich \u0026amp; Co. have been \u201cTo provide technology solutions that help out customers differentiate their services\u201d. We aim to be a global technology solutions provider that will provide frameworks in wide range of industries.\nBecome one oft he top ranking solutions provider in IT Industry.\u003C/p\u003E",
 "image": null,
 "products":
  [],
 "relationships":
  [{"is_past": false,
    "title": "CEO",
    "person":
     {"first_name": "Walter",
      "last_name": "Martin Helwich",
      "permalink": "walter-martin-helwich"}}],
 "competitions":
  [],
 "providerships":
  [],
 "total_money_raised": "$0",
 "funding_rounds":
  [],
 "investments":
  [],
 "acquisition": null,
 "acquisitions":
  [],
 "offices":
  [],
 "milestones":
  [],
 "ipo": null,
 "video_embeds":
  [],
 "screenshots":
  [],
 "external_links":
  [],
 "partners":
  []}
