{"name": "A8 Digital Music",
 "permalink": "a8-digital-music",
 "crunchbase_url": "http://www.crunchbase.com/company/a8-digital-music",
 "homepage_url": "http://www.a8.com",
 "blog_url": "",
 "blog_feed_url": "",
 "twitter_username": null,
 "category_code": "music",
 "number_of_employees": null,
 "founded_year": 2000,
 "founded_month": null,
 "founded_day": null,
 "deadpooled_year": null,
 "deadpooled_month": null,
 "deadpooled_day": null,
 "deadpooled_url": null,
 "tag_list": "music",
 "alias_list": "",
 "email_address": "",
 "phone_number": "",
 "description": "",
 "created_at": "Thu Dec 12 19:09:47 UTC 2013",
 "updated_at": "Thu Mar 13 05:55:02 UTC 2014",
 "overview": "\u003Cp\u003EA8 Digital Music Holdings Limited, a digital music company, provides music and culture related content to mobile users in China. \u003C/p\u003E\n\n\u003Cp\u003EThe company sources the music content from its interactive user-generated content platform, a8.com, as well as from international and domestic record labels, and digital music production.\u003C/p\u003E\n\n\u003Cp\u003ELed by a team of experienced top executives with foresight and vision, the Group is able to capitalize on its integrated marketing and sales multi-channel network to acquire insights into consumer preferences in different regions and thus customize its marketing strategies. It is based on cloud computing technology to store all music and users\u2019 preference in a centralized database.\u003C/p\u003E\n\n\u003Cp\u003EIt sells the music content in the form of ringtones, ring back tones, full track songs, and interactive voice response music to mobile users through mobile phones. The company also develops computer software, technical and management consultancy services, and telecommunications instant messaging and value-added services. \u003C/p\u003E\n\n\u003Cp\u003EA8 Music was founded in 2000 and listed on the Main Board of the Hong Kong Stock Exchange on June 12, 2008 (00800.HK). It is the first company in China listed on the Hong Kong Stock Exchange as a digital music-related concept stock.\u003C/p\u003E\n\n\u003Cp\u003EIt major rivals are Seed Music, Warner Music, Sony Music, and Rock Records.\u003C/p\u003E",
 "image":
  {"available_sizes":
    [[[150,
       70],
      "http://api-images.crunchbase.com/assets/images/resized/0040/9614/409614v1-max-150x150.png"],
     [[170,
       80],
      "http://api-images.crunchbase.com/assets/images/resized/0040/9614/409614v1-max-250x250.png"],
     [[170,
       80],
      "http://api-images.crunchbase.com/assets/images/resized/0040/9614/409614v1-max-450x450.png"]],
   "attribution": null},
 "products":
  [],
 "relationships":
  [{"is_past": false,
    "title": "Founder\u0026CEO",
    "person":
     {"first_name": "Alvin",
      "last_name": "Liu",
      "permalink": "alvin-liu"}}],
 "competitions":
  [],
 "providerships":
  [],
 "total_money_raised": "$50M",
 "funding_rounds":
  [{"id": 67090,
    "round_code": "b",
    "source_url": "",
    "source_description": "",
    "raised_amount": 20000000.0,
    "raised_currency_code": "USD",
    "funded_year": 2005,
    "funded_month": 12,
    "funded_day": 8,
    "investments":
     [{"company": null,
       "financial_org":
        {"name": "TDF Capital",
         "permalink": "tdf-capital"},
       "person": null},
      {"company": null,
       "financial_org":
        {"name": "Intel Capital",
         "permalink": "intel-capital"},
       "person": null},
      {"company": null,
       "financial_org":
        {"name": "JAFCO Asia",
         "permalink": "jafco-asia"},
       "person": null},
      {"company": null,
       "financial_org":
        {"name": "Mitsubishi UFJ Capital",
         "permalink": "mitsubishi-ufj-capital"},
       "person": null}]},
   {"id": 67091,
    "round_code": "a",
    "source_url": "",
    "source_description": "",
    "raised_amount": 30000000.0,
    "raised_currency_code": "USD",
    "funded_year": 2004,
    "funded_month": 10,
    "funded_day": null,
    "investments":
     [{"company": null,
       "financial_org":
        {"name": "IDG Capital Partners",
         "permalink": "idg-capital-partners"},
       "person": null}]}],
 "investments":
  [],
 "acquisition": null,
 "acquisitions":
  [],
 "offices":
  [{"description": "",
    "address1": "Shenzhen Science and Technology Branch Road Park, 1002 A8 Music Building 518057",
    "address2": "Nanshan District",
    "zip_code": "",
    "city": "Shenzhen",
    "state_code": null,
    "country_code": "CHN",
    "latitude": null,
    "longitude": null}],
 "milestones":
  [],
 "ipo":
  {"valuation_amount": null,
   "valuation_currency_code": "USD",
   "pub_year": null,
   "pub_month": null,
   "pub_day": null,
   "stock_symbol": "HK:0800"},
 "video_embeds":
  [],
 "screenshots":
  [{"available_sizes":
     [[[150,
        114],
       "http://api-images.crunchbase.com/assets/images/resized/0041/2167/412167v1-max-150x150.png"],
      [[250,
        190],
       "http://api-images.crunchbase.com/assets/images/resized/0041/2167/412167v1-max-250x250.png"],
      [[450,
        342],
       "http://api-images.crunchbase.com/assets/images/resized/0041/2167/412167v1-max-450x450.png"]],
    "attribution": null}],
 "external_links":
  [],
 "partners":
  [{"partner_name": "ct_quan",
    "homepage_url": "unknown",
    "link_1_url": null,
    "link_2_url": null,
    "link_3_url": null,
    "link_1_name": null,
    "link_2_name": null,
    "link_3_name": null}]}
