{"name": "Aarti International Ltd.",
 "permalink": "aarti-international-ltd",
 "crunchbase_url": "http://www.crunchbase.com/company/aarti-international-ltd",
 "homepage_url": "http://www.aartiinternational.com",
 "blog_url": "",
 "blog_feed_url": "",
 "twitter_username": null,
 "category_code": "manufacturing",
 "number_of_employees": null,
 "founded_year": null,
 "founded_month": null,
 "founded_day": null,
 "deadpooled_year": null,
 "deadpooled_month": null,
 "deadpooled_day": null,
 "deadpooled_url": null,
 "tag_list": "cotton-yarn",
 "alias_list": null,
 "email_address": "info@aartiinternational.com",
 "phone_number": "1613006100",
 "description": "Cotton Yarn Manufacturer",
 "created_at": "Mon Jan 13 07:39:16 UTC 2014",
 "updated_at": "Tue Jan 14 19:55:59 UTC 2014",
 "overview": "\u003Cp\u003EAarti International Ltd. is one of the famous wholesale suppliers, manufacturer and exporters of 100% cotton yarn, cotton slub yarn \u0026amp; fancy yarn.\u003C/p\u003E",
 "image":
  {"available_sizes":
    [[[93,
       66],
      "http://api-images.crunchbase.com/assets/images/resized/0039/3083/393083v2-max-150x150.jpg"],
     [[93,
       66],
      "http://api-images.crunchbase.com/assets/images/resized/0039/3083/393083v2-max-250x250.jpg"],
     [[93,
       66],
      "http://api-images.crunchbase.com/assets/images/resized/0039/3083/393083v2-max-450x450.jpg"]],
   "attribution": null},
 "products":
  [],
 "relationships":
  [],
 "competitions":
  [],
 "providerships":
  [],
 "total_money_raised": "$0",
 "funding_rounds":
  [],
 "investments":
  [],
 "acquisition": null,
 "acquisitions":
  [],
 "offices":
  [],
 "milestones":
  [],
 "ipo": null,
 "video_embeds":
  [],
 "screenshots":
  [],
 "external_links":
  [],
 "partners":
  []}
