{"name": "AAS Technology",
 "permalink": "aas-technology",
 "crunchbase_url": "http://www.crunchbase.com/company/aas-technology",
 "homepage_url": "http://www.aas.com.tw",
 "blog_url": "",
 "blog_feed_url": "",
 "twitter_username": null,
 "category_code": "mobile",
 "number_of_employees": null,
 "founded_year": null,
 "founded_month": null,
 "founded_day": null,
 "deadpooled_year": null,
 "deadpooled_month": null,
 "deadpooled_day": null,
 "deadpooled_url": null,
 "tag_list": "coaxial-transmission",
 "alias_list": null,
 "email_address": "okiusa.ad@gmail.com",
 "phone_number": "",
 "description": "AAS Technology provides coaxial transmis",
 "created_at": "Tue Jan 07 18:23:30 UTC 2014",
 "updated_at": "Tue Jan 07 23:29:26 UTC 2014",
 "overview": "\u003Cp\u003EAAS Technology provides coaxial transmission solutions as well as HD \u0026amp; IP CCTV solutions to OEM Partners \u0026amp; Distributions. \u003C/p\u003E",
 "image": null,
 "products":
  [],
 "relationships":
  [],
 "competitions":
  [],
 "providerships":
  [],
 "total_money_raised": "$0",
 "funding_rounds":
  [],
 "investments":
  [],
 "acquisition": null,
 "acquisitions":
  [],
 "offices":
  [],
 "milestones":
  [],
 "ipo": null,
 "video_embeds":
  [],
 "screenshots":
  [],
 "external_links":
  [],
 "partners":
  []}
