{"name": "AB Electrolux",
 "permalink": "ab-electrolux",
 "crunchbase_url": "http://www.crunchbase.com/company/ab-electrolux",
 "homepage_url": null,
 "blog_url": null,
 "blog_feed_url": null,
 "twitter_username": null,
 "category_code": null,
 "number_of_employees": null,
 "founded_year": null,
 "founded_month": null,
 "founded_day": null,
 "deadpooled_year": null,
 "deadpooled_month": null,
 "deadpooled_day": null,
 "deadpooled_url": null,
 "tag_list": null,
 "alias_list": null,
 "email_address": null,
 "phone_number": null,
 "description": null,
 "created_at": "Thu Dec 12 06:20:28 UTC 2013",
 "updated_at": "Thu Dec 12 06:20:28 UTC 2013",
 "overview": null,
 "image": null,
 "products":
  [],
 "relationships":
  [{"is_past": true,
    "title": "Chairman",
    "person":
     {"first_name": "Michael",
      "last_name": "Treschow",
      "permalink": "michael-treschow"}},
   {"is_past": true,
    "title": "President and Chief Executive Officer",
    "person":
     {"first_name": "Michael",
      "last_name": "Treschow",
      "permalink": "michael-treschow"}},
   {"is_past": true,
    "title": "Director",
    "person":
     {"first_name": "Bert",
      "last_name": "Nordberg",
      "permalink": "bert-nordberg"}},
   {"is_past": true,
    "title": "Various roles",
    "person":
     {"first_name": "Curt",
      "last_name": "Arvidson",
      "permalink": "curt-arvidson"}}],
 "competitions":
  [],
 "providerships":
  [],
 "total_money_raised": "$0",
 "funding_rounds":
  [],
 "investments":
  [],
 "acquisition": null,
 "acquisitions":
  [],
 "offices":
  [],
 "milestones":
  [],
 "ipo": null,
 "video_embeds":
  [],
 "screenshots":
  [],
 "external_links":
  [],
 "partners":
  []}
