{"name": "AB Internet",
 "permalink": "ab-internet",
 "crunchbase_url": "http://www.crunchbase.com/company/ab-internet",
 "homepage_url": "http://www.abinternet.es",
 "blog_url": "http://www.abinternet.es/blog/",
 "blog_feed_url": "",
 "twitter_username": "AB_internet",
 "category_code": "ecommerce",
 "number_of_employees": null,
 "founded_year": null,
 "founded_month": null,
 "founded_day": null,
 "deadpooled_year": null,
 "deadpooled_month": null,
 "deadpooled_day": null,
 "deadpooled_url": null,
 "tag_list": "online-marketing, multidisciplinary, implementing-strategies",
 "alias_list": "",
 "email_address": "",
 "phone_number": "",
 "description": "Online marketing agency",
 "created_at": "Thu Dec 19 07:32:28 UTC 2013",
 "updated_at": "Thu Dec 19 07:33:23 UTC 2013",
 "overview": "\u003Cp\u003EAB Internet is an Online Marketing agency staffed by a multidisciplinary team with extensive experience planning and implementing strategies of presence, communication and e-commerce in a variety of sectors, enabling us to offer our customers a 360-degree boost the profitability of your projects.\u003C/p\u003E\n\n\u003Cp\u003EFrom the beginning we have collated our business as consultants with a number of own projects that have enriched their experience and the success guarantee.\u003C/p\u003E\n\n\u003Cp\u003ETheir interdisciplinary team, constantly training and slopes of the latest trends and news from Internet offers global solutions that integrate the various technical and business characteristics from a project to meet the objectives set by the client strategic approach.\u003C/p\u003E",
 "image":
  {"available_sizes":
    [[[73,
       73],
      "http://api-images.crunchbase.com/assets/images/resized/0037/9181/379181v1-max-150x150.png"],
     [[73,
       73],
      "http://api-images.crunchbase.com/assets/images/resized/0037/9181/379181v1-max-250x250.png"],
     [[73,
       73],
      "http://api-images.crunchbase.com/assets/images/resized/0037/9181/379181v1-max-450x450.png"]],
   "attribution": null},
 "products":
  [],
 "relationships":
  [{"is_past": false,
    "title": "SEO",
    "person":
     {"first_name": "Victor",
      "last_name": "Bandin",
      "permalink": "victor-bandin"}},
   {"is_past": false,
    "title": "Senior SEO",
    "person":
     {"first_name": "Santos",
      "last_name": "Furrier",
      "permalink": "santos-furrier"}}],
 "competitions":
  [],
 "providerships":
  [],
 "total_money_raised": "$0",
 "funding_rounds":
  [],
 "investments":
  [],
 "acquisition": null,
 "acquisitions":
  [],
 "offices":
  [{"description": "",
    "address1": "Mirasierra 14-1",
    "address2": "",
    "zip_code": "28410",
    "city": "Manzanares el Real - Madrid",
    "state_code": null,
    "country_code": "ESP",
    "latitude": null,
    "longitude": null}],
 "milestones":
  [],
 "ipo": null,
 "video_embeds":
  [],
 "screenshots":
  [{"available_sizes":
     [[[150,
        77],
       "http://api-images.crunchbase.com/assets/images/resized/0037/9183/379183v1-max-150x150.jpg"],
      [[250,
        129],
       "http://api-images.crunchbase.com/assets/images/resized/0037/9183/379183v1-max-250x250.jpg"],
      [[377,
        196],
       "http://api-images.crunchbase.com/assets/images/resized/0037/9183/379183v1-max-450x450.jpg"]],
    "attribution": null}],
 "external_links":
  [],
 "partners":
  []}
