{"name": "Abanlex Abogados",
 "permalink": "abanlex-abogados",
 "crunchbase_url": "http://www.crunchbase.com/company/abanlex-abogados",
 "homepage_url": "http://www.abanlex.com",
 "blog_url": "http://www.abanlex.com/noticias/",
 "blog_feed_url": "",
 "twitter_username": "Abanlex",
 "category_code": "enterprise",
 "number_of_employees": null,
 "founded_year": null,
 "founded_month": null,
 "founded_day": null,
 "deadpooled_year": null,
 "deadpooled_month": null,
 "deadpooled_day": null,
 "deadpooled_url": null,
 "tag_list": "legal, technology, solutions",
 "alias_list": "",
 "email_address": "info@abanlex.com",
 "phone_number": "34915649345",
 "description": "Legal Solutions to technology companies.",
 "created_at": "Fri Jan 10 09:12:52 UTC 2014",
 "updated_at": "Thu Jan 16 12:21:30 UTC 2014",
 "overview": "\u003Cp\u003EAbanlex provides legal solutions to technology companies, telecommunications, Internet and audiovisual; advise on data protection, intellectual property, industrial property and technology law.\u003C/p\u003E",
 "image":
  {"available_sizes":
    [[[150,
       108],
      "http://api-images.crunchbase.com/assets/images/resized/0039/2003/392003v1-max-150x150.png"],
     [[207,
       150],
      "http://api-images.crunchbase.com/assets/images/resized/0039/2003/392003v1-max-250x250.png"],
     [[207,
       150],
      "http://api-images.crunchbase.com/assets/images/resized/0039/2003/392003v1-max-450x450.png"]],
   "attribution": null},
 "products":
  [],
 "relationships":
  [{"is_past": false,
    "title": "Co-Founder",
    "person":
     {"first_name": "Fdez",
      "last_name": "Paul Burgess",
      "permalink": "fdez-paul-burgess"}},
   {"is_past": false,
    "title": "Co-Founder",
    "person":
     {"first_name": "Joaqu\u00edn",
      "last_name": "Mu\u00f1oz",
      "permalink": "joaqun-muoz"}},
   {"is_past": false,
    "title": "",
    "person":
     {"first_name": "Mois\u00e9s",
      "last_name": "L\u00f3pez",
      "permalink": "moiss-lpez"}}],
 "competitions":
  [],
 "providerships":
  [],
 "total_money_raised": "$0",
 "funding_rounds":
  [],
 "investments":
  [],
 "acquisition": null,
 "acquisitions":
  [],
 "offices":
  [{"description": "",
    "address1": "",
    "address2": "",
    "zip_code": "",
    "city": "\u00c9cija",
    "state_code": null,
    "country_code": "ESP",
    "latitude": null,
    "longitude": null}],
 "milestones":
  [],
 "ipo": null,
 "video_embeds":
  [],
 "screenshots":
  [{"available_sizes":
     [[[150,
        136],
       "http://api-images.crunchbase.com/assets/images/resized/0039/2002/392002v1-max-150x150.png"],
      [[250,
        226],
       "http://api-images.crunchbase.com/assets/images/resized/0039/2002/392002v1-max-250x250.png"],
      [[450,
        408],
       "http://api-images.crunchbase.com/assets/images/resized/0039/2002/392002v1-max-450x450.png"]],
    "attribution": null}],
 "external_links":
  [],
 "partners":
  []}
