{"name": "abazi business solution",
 "permalink": "abazi-business-solution",
 "crunchbase_url": "http://www.crunchbase.com/company/abazi-business-solution",
 "homepage_url": "http://abazi-solution.com",
 "blog_url": "https://www.facebook.com/AbaziBusinessSolutionAlgerie",
 "blog_feed_url": "",
 "twitter_username": null,
 "category_code": "network_hosting",
 "number_of_employees": 20,
 "founded_year": 2012,
 "founded_month": 8,
 "founded_day": 11,
 "deadpooled_year": null,
 "deadpooled_month": null,
 "deadpooled_day": null,
 "deadpooled_url": null,
 "tag_list": "",
 "alias_list": null,
 "email_address": "babazi@abazi-solution.com",
 "phone_number": "+213 551 04 13 71",
 "description": "cr\u00e9ation de site web, h\u00e9bergement",
 "created_at": "Fri Dec 20 14:48:10 UTC 2013",
 "updated_at": "Sat Dec 21 20:14:40 UTC 2013",
 "overview": "",
 "image":
  {"available_sizes":
    [[[150,
       98],
      "http://api-images.crunchbase.com/assets/images/resized/0038/0412/380412v2-max-150x150.jpg"],
     [[250,
       164],
      "http://api-images.crunchbase.com/assets/images/resized/0038/0412/380412v2-max-250x250.jpg"],
     [[450,
       295],
      "http://api-images.crunchbase.com/assets/images/resized/0038/0412/380412v2-max-450x450.jpg"]],
   "attribution": null},
 "products":
  [],
 "relationships":
  [],
 "competitions":
  [],
 "providerships":
  [],
 "total_money_raised": "$0",
 "funding_rounds":
  [],
 "investments":
  [],
 "acquisition": null,
 "acquisitions":
  [],
 "offices":
  [],
 "milestones":
  [],
 "ipo": null,
 "video_embeds":
  [],
 "screenshots":
  [],
 "external_links":
  [],
 "partners":
  []}
