{"name": "ABBA Towing \u0026 Roadside Service",
 "permalink": "abba-towing-roadside-service",
 "crunchbase_url": "http://www.crunchbase.com/company/abba-towing-roadside-service",
 "homepage_url": "http://www.abbatowing.com",
 "blog_url": "",
 "blog_feed_url": "",
 "twitter_username": null,
 "category_code": "automotive",
 "number_of_employees": null,
 "founded_year": null,
 "founded_month": null,
 "founded_day": null,
 "deadpooled_year": null,
 "deadpooled_month": null,
 "deadpooled_day": null,
 "deadpooled_url": null,
 "tag_list": "auto-towing, local-towing, roadside-assistance, towing-fair, towing-service, faltbed-towing",
 "alias_list": null,
 "email_address": "sales@abbatowing.com",
 "phone_number": "2017738933",
 "description": "auto towing, local towing",
 "created_at": "Sun Dec 08 05:55:17 UTC 2013",
 "updated_at": "Mon Dec 09 21:07:46 UTC 2013",
 "overview": "\u003Cp\u003EABBA Towing \u0026amp; Roadside Service is your #1 source for Towing in and around Fair Lawn, New Jersey. We are a professional Towing company serving the entire area of Fair Lawn.\u003C/p\u003E\n\n\u003Cp\u003EAbba Towing is the 2010 ACE Award Winner. The ACE Award puts us in the top 1% of towing operations for service reliability and professionalism. Abba Towing is being honored for excellence in meeting ETA\u0026#8217;s, expressed customer satisfaction and over all professionalism. We are very proud as well as very grateful for having the opportunity to service those in need.\u003C/p\u003E",
 "image":
  {"available_sizes":
    [[[150,
       54],
      "http://api-images.crunchbase.com/assets/images/resized/0037/2236/372236v2-max-150x150.jpg"],
     [[250,
       90],
      "http://api-images.crunchbase.com/assets/images/resized/0037/2236/372236v2-max-250x250.jpg"],
     [[372,
       135],
      "http://api-images.crunchbase.com/assets/images/resized/0037/2236/372236v2-max-450x450.jpg"]],
   "attribution": null},
 "products":
  [],
 "relationships":
  [],
 "competitions":
  [],
 "providerships":
  [],
 "total_money_raised": "$0",
 "funding_rounds":
  [],
 "investments":
  [],
 "acquisition": null,
 "acquisitions":
  [],
 "offices":
  [],
 "milestones":
  [],
 "ipo": null,
 "video_embeds":
  [],
 "screenshots":
  [],
 "external_links":
  [],
 "partners":
  []}
