{"name": "Abelson Law Firm",
 "permalink": "abelson-law-firm",
 "crunchbase_url": "http://www.crunchbase.com/company/abelson-law-firm",
 "homepage_url": "http://www.abelsonlaw.com",
 "blog_url": "",
 "blog_feed_url": "",
 "twitter_username": null,
 "category_code": "legal",
 "number_of_employees": null,
 "founded_year": null,
 "founded_month": null,
 "founded_day": null,
 "deadpooled_year": null,
 "deadpooled_month": null,
 "deadpooled_day": null,
 "deadpooled_url": null,
 "tag_list": "personal-injury, chiropractic-malpractice, wrongful-death, car-accident, medical-malpractice, product-liability",
 "alias_list": null,
 "email_address": "",
 "phone_number": "(202)-331-0600",
 "description": "Washington Personal Injury Attorney",
 "created_at": "Sat Jan 18 08:57:21 UTC 2014",
 "updated_at": "Tue Jan 21 02:50:08 UTC 2014",
 "overview": "\u003Cp\u003EOur mission is to seek justice and fair compensation for seriously injured people. Those who suffer harm from the negligent or reckless acts of another person or company have a right to compensation for their losses.  In many cases over the last 35 years, the Abelson Law Firm has negotiated settlements and won trial verdicts that have enabled many Washington, D.C., residents to get on with their lives.\u003C/p\u003E\n\n\u003Cp\u003EThe Washington, D.C., personal injury attorneys of the Abelson Law Firm represent victims of auto accidents, commercial truck accidents, medical malpractice, chiropractic malpractice, construction and workplace accidents, defective products, faulty prescription drugs and other acts of negligence that result in serious personal injuries or wrongful death. \u003C/p\u003E",
 "image":
  {"available_sizes":
    [[[150,
       88],
      "http://api-images.crunchbase.com/assets/images/resized/0039/6776/396776v2-max-150x150.jpg"],
     [[250,
       148],
      "http://api-images.crunchbase.com/assets/images/resized/0039/6776/396776v2-max-250x250.jpg"],
     [[287,
       170],
      "http://api-images.crunchbase.com/assets/images/resized/0039/6776/396776v2-max-450x450.jpg"]],
   "attribution": null},
 "products":
  [],
 "relationships":
  [],
 "competitions":
  [],
 "providerships":
  [],
 "total_money_raised": "$0",
 "funding_rounds":
  [],
 "investments":
  [],
 "acquisition": null,
 "acquisitions":
  [],
 "offices":
  [{"description": "Washington, DC Office",
    "address1": "1000 Connecticut Avenue",
    "address2": "NW Suite 900",
    "zip_code": "20036",
    "city": "Washington",
    "state_code": "DC",
    "country_code": "USA",
    "latitude": null,
    "longitude": null}],
 "milestones":
  [],
 "ipo": null,
 "video_embeds":
  [],
 "screenshots":
  [],
 "external_links":
  [],
 "partners":
  []}
