{"name": "Abeona Therapeutics",
 "permalink": "abeona-therapeutics",
 "crunchbase_url": "http://www.crunchbase.com/company/abeona-therapeutics",
 "homepage_url": "http://abeonatherapeutics.com",
 "blog_url": "",
 "blog_feed_url": "",
 "twitter_username": "AbeonaBio",
 "category_code": "biotech",
 "number_of_employees": null,
 "founded_year": 2013,
 "founded_month": null,
 "founded_day": null,
 "deadpooled_year": null,
 "deadpooled_month": null,
 "deadpooled_day": null,
 "deadpooled_url": null,
 "tag_list": "",
 "alias_list": "",
 "email_address": "",
 "phone_number": "",
 "description": "",
 "created_at": "Mon Dec 16 14:26:04 UTC 2013",
 "updated_at": "Mon Dec 16 14:26:03 UTC 2013",
 "overview": "\u003Cp\u003EAbeona Therapeutics, Inc. is developing gene therapy based potential cures for the deadly childhood diseases Sanfilippo (SF) Syndrome Type A and Type B.\u003C/p\u003E",
 "image":
  {"available_sizes":
    [[[150,
       69],
      "http://api-images.crunchbase.com/assets/images/resized/0037/7050/377050v1-max-150x150.png"],
     [[220,
       102],
      "http://api-images.crunchbase.com/assets/images/resized/0037/7050/377050v1-max-250x250.png"],
     [[220,
       102],
      "http://api-images.crunchbase.com/assets/images/resized/0037/7050/377050v1-max-450x450.png"]],
   "attribution": null},
 "products":
  [],
 "relationships":
  [{"is_past": false,
    "title": "President \u0026 CEO",
    "person":
     {"first_name": "Tim",
      "last_name": "Miller",
      "permalink": "tim-miller-5"}},
   {"is_past": false,
    "title": "Chairman",
    "person":
     {"first_name": "Al",
      "last_name": "Hawkins",
      "permalink": "al-hawkins"}}],
 "competitions":
  [],
 "providerships":
  [],
 "total_money_raised": "$750k",
 "funding_rounds":
  [{"id": 58331,
    "round_code": "seed",
    "source_url": "http://www.pehub.com/2013/12/biotech-startup-abeona-therapeutics-grabs-750k/?utm_source=PE+Hub\u0026utm_medium=twitter\u0026utm_campaign=Feed%3A+pehub%2Fblog%2Fvcdeals+%28PE+HUB+Blog+%28VC+Deals%29%29",
    "source_description": "Biotech startup Abeona Therapeutics grabs $750K",
    "raised_amount": 750000.0,
    "raised_currency_code": "USD",
    "funded_year": 2013,
    "funded_month": 12,
    "funded_day": 16,
    "investments":
     []}],
 "investments":
  [],
 "acquisition": null,
 "acquisitions":
  [],
 "offices":
  [{"description": "",
    "address1": "11471 Euclid Ave",
    "address2": "Ste 211",
    "zip_code": "44106",
    "city": "Cleveland",
    "state_code": "OH",
    "country_code": "USA",
    "latitude": null,
    "longitude": null}],
 "milestones":
  [],
 "ipo": null,
 "video_embeds":
  [],
 "screenshots":
  [{"available_sizes":
     [[[150,
        97],
       "http://api-images.crunchbase.com/assets/images/resized/0037/7049/377049v1-max-150x150.jpg"],
      [[250,
        162],
       "http://api-images.crunchbase.com/assets/images/resized/0037/7049/377049v1-max-250x250.jpg"],
      [[450,
        291],
       "http://api-images.crunchbase.com/assets/images/resized/0037/7049/377049v1-max-450x450.jpg"]],
    "attribution": null}],
 "external_links":
  [],
 "partners":
  []}
