{"name": "Abilian",
 "permalink": "abilian",
 "crunchbase_url": "http://www.crunchbase.com/company/abilian",
 "homepage_url": "http://www.abilian.com",
 "blog_url": "",
 "blog_feed_url": "",
 "twitter_username": "abilianhq",
 "category_code": "software",
 "number_of_employees": null,
 "founded_year": 2012,
 "founded_month": 11,
 "founded_day": null,
 "deadpooled_year": null,
 "deadpooled_month": null,
 "deadpooled_day": null,
 "deadpooled_url": null,
 "tag_list": "open-source, enterprise-2-0, collaboration, social-networking, crm",
 "alias_list": null,
 "email_address": "",
 "phone_number": "",
 "description": "Open source enterprise apps",
 "created_at": "Thu Jan 02 16:23:31 UTC 2014",
 "updated_at": "Thu Jan 02 19:10:40 UTC 2014",
 "overview": "\u003Cp\u003EAbilian develops an open source enterprise 2.0 platform and business solutions.\u003C/p\u003E",
 "image": null,
 "products":
  [],
 "relationships":
  [{"is_past": false,
    "title": "Founder \u0026 CEO",
    "person":
     {"first_name": "Stefane",
      "last_name": "Fermigier",
      "permalink": "stefane-fermigier-2"}},
   {"is_past": false,
    "title": "Founder and CEO",
    "person":
     {"first_name": "Stefane",
      "last_name": "Fermigier",
      "permalink": "stefane-fermigier"}}],
 "competitions":
  [{"competitor":
     {"name": "Yammer",
      "permalink": "yammer"}},
   {"competitor":
     {"name": "Socialcast",
      "permalink": "socialcast"}}],
 "providerships":
  [],
 "total_money_raised": "$0",
 "funding_rounds":
  [],
 "investments":
  [],
 "acquisition": null,
 "acquisitions":
  [],
 "offices":
  [],
 "milestones":
  [],
 "ipo": null,
 "video_embeds":
  [],
 "screenshots":
  [],
 "external_links":
  [],
 "partners":
  []}
