{"name": "Able Device",
 "permalink": "able-device",
 "crunchbase_url": "http://www.crunchbase.com/company/able-device",
 "homepage_url": "http://abledevice.com",
 "blog_url": "",
 "blog_feed_url": "",
 "twitter_username": null,
 "category_code": "software",
 "number_of_employees": null,
 "founded_year": null,
 "founded_month": null,
 "founded_day": null,
 "deadpooled_year": null,
 "deadpooled_month": null,
 "deadpooled_day": null,
 "deadpooled_url": null,
 "tag_list": "m2m, the-startup-factory, simbae",
 "alias_list": "",
 "email_address": "info@abledevice.com",
 "phone_number": "9198097822",
 "description": "Machine to Machine communication",
 "created_at": "Fri Jan 10 23:04:37 UTC 2014",
 "updated_at": "Wed Jan 15 00:15:44 UTC 2014",
 "overview": "\u003Cp\u003EAble Device is dedicated to fueling the growth of M2M by reducing the cost, complexity, and risk associated with developing embedded wireless applications.  With SIMbae\u2122, the company\u2019s patented technology and powerful toolkit; M2M applications can be embedded and executed on a mobile operator\u2019s SIM card rather than an external CPU.  This approach revolutionizes the wireless architecture of purpose-built machines such as utility meters and security systems resulting in cost savings, ease of development, and future-proofing of the M2M application.\u003C/p\u003E\n\n\u003Cp\u003ESIMbae, distributed by M2M communication service providers and mobile operators, is used by application developers to power M2M solutions that range from remote monitoring, point-of-sale, security, and more.\u003C/p\u003E",
 "image":
  {"available_sizes":
    [[[150,
       72],
      "http://api-images.crunchbase.com/assets/images/resized/0039/2440/392440v1-max-150x150.png"],
     [[250,
       120],
      "http://api-images.crunchbase.com/assets/images/resized/0039/2440/392440v1-max-250x250.png"],
     [[343,
       165],
      "http://api-images.crunchbase.com/assets/images/resized/0039/2440/392440v1-max-450x450.png"]],
   "attribution": null},
 "products":
  [],
 "relationships":
  [{"is_past": false,
    "title": "Co-Founder and Software Architect",
    "person":
     {"first_name": "Ian",
      "last_name": "Johnson",
      "permalink": "ian-johnson-3"}},
   {"is_past": false,
    "title": "Co-Founder \u0026 CEO",
    "person":
     {"first_name": "Leigh",
      "last_name": "Ann Ryals",
      "permalink": "leigh-ann-ryals"}},
   {"is_past": false,
    "title": "Co-Founder \u0026 VP of Product Management",
    "person":
     {"first_name": "Mike",
      "last_name": "Heath",
      "permalink": "mike-heath"}},
   {"is_past": false,
    "title": "Board Observer",
    "person":
     {"first_name": "Dave",
      "last_name": "Neal",
      "permalink": "dave-neal"}}],
 "competitions":
  [],
 "providerships":
  [],
 "total_money_raised": "$50k",
 "funding_rounds":
  [{"id": 60776,
    "round_code": "seed",
    "source_url": "http://wraltechwire.com/business/tech_wire/opinion/blogpost/11476379/",
    "source_description": "",
    "raised_amount": 50000.0,
    "raised_currency_code": "USD",
    "funded_year": 2012,
    "funded_month": 8,
    "funded_day": 27,
    "investments":
     [{"company": null,
       "financial_org":
        {"name": "The Startup Factory",
         "permalink": "the-startup-factory"},
       "person": null}]}],
 "investments":
  [],
 "acquisition": null,
 "acquisitions":
  [],
 "offices":
  [{"description": "",
    "address1": "8311 Brier Creek",
    "address2": "Suite 105-386",
    "zip_code": "27617",
    "city": "Raleigh",
    "state_code": "NC",
    "country_code": "USA",
    "latitude": null,
    "longitude": null}],
 "milestones":
  [],
 "ipo": null,
 "video_embeds":
  [],
 "screenshots":
  [],
 "external_links":
  [],
 "partners":
  []}
