{"name": "aboutPLACE",
 "permalink": "aboutplace",
 "crunchbase_url": "http://www.crunchbase.com/company/aboutplace",
 "homepage_url": "http://aboutplace.co",
 "blog_url": "http://blog.aboutplace.co",
 "blog_feed_url": "http://blog.aboutplace.co/feed/",
 "twitter_username": "aboutPLACECo",
 "category_code": "analytics",
 "number_of_employees": 10,
 "founded_year": 2013,
 "founded_month": 2,
 "founded_day": null,
 "deadpooled_year": null,
 "deadpooled_month": null,
 "deadpooled_day": null,
 "deadpooled_url": null,
 "tag_list": "location, location-analytics, urban-analytics, data, neighborhood-analytics",
 "alias_list": null,
 "email_address": "hi@aboutplace.co",
 "phone_number": "305-448-2922",
 "description": "location and urban analytics ",
 "created_at": "Tue Jan 07 15:39:23 UTC 2014",
 "updated_at": "Tue Jan 07 23:27:52 UTC 2014",
 "overview": "\u003Cp\u003EaboutPLACE helps people and businesses evaluate neighborhoods and areas relative to their interests and needs. \u003C/p\u003E\n\n\u003Cp\u003EaboutPLACE ranks neighborhoods and areas based on how well they serve the user\u2019s needs, as defined by criteria that has been input by the user. Users have the ability to select their criteria from a broad range of data sets that include demographics, amenities, lifestyle and public infrastructure.\u003C/p\u003E\n\n\u003Cp\u003EThrough a combination of rankings, interactive SMARTMapp visuals and neighborhood snapshots, user\u2019s gain insights and a hyperlocal understanding of location relative to their individual interests.\u003C/p\u003E",
 "image":
  {"available_sizes":
    [[[150,
       150],
      "http://api-images.crunchbase.com/assets/images/resized/0038/9895/389895v2-max-150x150.png"],
     [[180,
       180],
      "http://api-images.crunchbase.com/assets/images/resized/0038/9895/389895v2-max-250x250.png"],
     [[180,
       180],
      "http://api-images.crunchbase.com/assets/images/resized/0038/9895/389895v2-max-450x450.png"]],
   "attribution": null},
 "products":
  [],
 "relationships":
  [{"is_past": false,
    "title": "Founder and CEO",
    "person":
     {"first_name": "Hillit",
      "last_name": "Meidar-Alfi",
      "permalink": "hillit-meidar-alfi"}},
   {"is_past": false,
    "title": "Vice President of Geomatics",
    "person":
     {"first_name": "Sebastian",
      "last_name": "Santibanez",
      "permalink": "sebastian-santibanez"}},
   {"is_past": false,
    "title": "Vice President Product Marketing, Communications",
    "person":
     {"first_name": "Lisa",
      "last_name": "Lamb",
      "permalink": "lisa-lamb"}},
   {"is_past": false,
    "title": "Lead Developer",
    "person":
     {"first_name": "Robert",
      "last_name": "Nix",
      "permalink": "robert-nix"}}],
 "competitions":
  [],
 "providerships":
  [],
 "total_money_raised": "$0",
 "funding_rounds":
  [],
 "investments":
  [],
 "acquisition": null,
 "acquisitions":
  [],
 "offices":
  [{"description": "aboutPLACE Offices",
    "address1": "135 San Lorenzo Avenue",
    "address2": "Suite 530",
    "zip_code": "33146",
    "city": "Coral Gables",
    "state_code": "FL",
    "country_code": "USA",
    "latitude": null,
    "longitude": null}],
 "milestones":
  [],
 "ipo": null,
 "video_embeds":
  [],
 "screenshots":
  [],
 "external_links":
  [],
 "partners":
  []}
