{"name": "AboutMyHotel",
 "permalink": "aboutmyhotel",
 "crunchbase_url": "http://www.crunchbase.com/company/aboutmyhotel",
 "homepage_url": null,
 "blog_url": null,
 "blog_feed_url": null,
 "twitter_username": null,
 "category_code": null,
 "number_of_employees": null,
 "founded_year": null,
 "founded_month": null,
 "founded_day": null,
 "deadpooled_year": null,
 "deadpooled_month": null,
 "deadpooled_day": null,
 "deadpooled_url": null,
 "tag_list": null,
 "alias_list": null,
 "email_address": null,
 "phone_number": null,
 "description": null,
 "created_at": "Fri Jan 03 17:32:20 UTC 2014",
 "updated_at": "Wed Jan 29 01:06:06 UTC 2014",
 "overview": null,
 "image":
  {"available_sizes":
    [[[150,
       23],
      "http://api-images.crunchbase.com/assets/images/resized/0040/3009/403009v2-max-150x150.png"],
     [[250,
       38],
      "http://api-images.crunchbase.com/assets/images/resized/0040/3009/403009v2-max-250x250.png"],
     [[300,
       46],
      "http://api-images.crunchbase.com/assets/images/resized/0040/3009/403009v2-max-450x450.png"]],
   "attribution": null},
 "products":
  [],
 "relationships":
  [{"is_past": false,
    "title": "Co-Founder \u0026 Product Director",
    "person":
     {"first_name": "Alian",
      "last_name": "Schiavoncini",
      "permalink": "alian-schiavoncini"}}],
 "competitions":
  [],
 "providerships":
  [],
 "total_money_raised": "$0",
 "funding_rounds":
  [],
 "investments":
  [],
 "acquisition": null,
 "acquisitions":
  [],
 "offices":
  [{"description": "Headquarter",
    "address1": "Via A. L. Valentini 15",
    "address2": "",
    "zip_code": "47922",
    "city": "Rimini",
    "state_code": null,
    "country_code": "ITA",
    "latitude": null,
    "longitude": null}],
 "milestones":
  [],
 "ipo": null,
 "video_embeds":
  [],
 "screenshots":
  [],
 "external_links":
  [],
 "partners":
  []}
