{"name": "Absolute Tower Condos",
 "permalink": "absolute-tower-condos",
 "crunchbase_url": "http://www.crunchbase.com/company/absolute-tower-condos",
 "homepage_url": "http://www.absolutetowercondos.com",
 "blog_url": "",
 "blog_feed_url": "",
 "twitter_username": null,
 "category_code": "real_estate",
 "number_of_employees": 200,
 "founded_year": null,
 "founded_month": null,
 "founded_day": null,
 "deadpooled_year": null,
 "deadpooled_month": null,
 "deadpooled_day": null,
 "deadpooled_url": null,
 "tag_list": "absolute-tower, canada-real-estate-brokers, condos-for-rent-mississauga, absolute-tower-condos-for-sale",
 "alias_list": null,
 "email_address": "",
 "phone_number": "905-567-8007",
 "description": "Absolute Tower Condos For Sale and Rent ",
 "created_at": "Fri Jan 10 20:55:25 UTC 2014",
 "updated_at": "Fri Jan 10 21:39:06 UTC 2014",
 "overview": "\u003Cp\u003EThe Absolute is currently the most talked of Real Estate phenomenon in Mississauga, Canada. The couple towers are 2 of the 5 luxurious condos, built by Ontario builders, Fern brook Homes, in partnership with Toronto Developers Citizen Development Group. All the 5 condos are astounding as far as architectural designs are concerned, with Absolute world I and Absolute world II holding the supreme wands of appreciation. It is fascinating as to how the design of these lavish Mississauga condos was finalized.\nIt actually clicked in with the idea of a world-wide architectural design competition, involving as many as 70 countries, including China, Chile, Argentina, Ecuador, Egypt, France, Germany, India, Mexico and others, participating to show off their creative talent. The project was finally won by MAD studio, that hired Burka Architects as a local partner. The design became so popular, that now, in place of just one twisted and curved building, it was planned to have 2 of the same kind.\u003C/p\u003E\n\n\u003Cp\u003EBesides these 2 prime points of interest for Real Estate investors in Mississauga, there are 3 complimentary buildings in the Absolute project. These buildings also accommodate spacious 2 bedroom apartments with balconies.\u003C/p\u003E",
 "image":
  {"available_sizes":
    [[[150,
       99],
      "http://api-images.crunchbase.com/assets/images/resized/0039/2379/392379v2-max-150x150.jpg"],
     [[250,
       165],
      "http://api-images.crunchbase.com/assets/images/resized/0039/2379/392379v2-max-250x250.jpg"],
     [[360,
       239],
      "http://api-images.crunchbase.com/assets/images/resized/0039/2379/392379v2-max-450x450.jpg"]],
   "attribution": null},
 "products":
  [],
 "relationships":
  [],
 "competitions":
  [],
 "providerships":
  [],
 "total_money_raised": "$0",
 "funding_rounds":
  [],
 "investments":
  [],
 "acquisition": null,
 "acquisitions":
  [],
 "offices":
  [{"description": "Absolutetower Condos",
    "address1": "Absolutetower Condos Canada",
    "address2": "Absolute Avenue",
    "zip_code": "K1A0E7",
    "city": "Mississauga",
    "state_code": null,
    "country_code": "CAN",
    "latitude": null,
    "longitude": null}],
 "milestones":
  [],
 "ipo": null,
 "video_embeds":
  [],
 "screenshots":
  [{"available_sizes":
     [[[150,
        84],
       "http://api-images.crunchbase.com/assets/images/resized/0039/2378/392378v2-max-150x150.jpg"],
      [[250,
        141],
       "http://api-images.crunchbase.com/assets/images/resized/0039/2378/392378v2-max-250x250.jpg"],
      [[450,
        254],
       "http://api-images.crunchbase.com/assets/images/resized/0039/2378/392378v2-max-450x450.jpg"]],
    "attribution": null}],
 "external_links":
  [],
 "partners":
  []}
