{"name": "Abstract Works Limited",
 "permalink": "abstract-works-limited",
 "crunchbase_url": "http://www.crunchbase.com/company/abstract-works-limited",
 "homepage_url": "http://www.awltd.com",
 "blog_url": "http://blog.awltd.com",
 "blog_feed_url": "http://blog.awltd.com/feed",
 "twitter_username": "techleadnigeria",
 "category_code": "software",
 "number_of_employees": 8,
 "founded_year": 2010,
 "founded_month": null,
 "founded_day": null,
 "deadpooled_year": null,
 "deadpooled_month": null,
 "deadpooled_day": null,
 "deadpooled_url": null,
 "tag_list": "technology-consulting, business-consulting, media-advertising-branding, interswitch, payment-gateway",
 "alias_list": null,
 "email_address": "info@awltd.com",
 "phone_number": "08061222753",
 "description": "Technology, Business \u0026 Brand Consulting",
 "created_at": "Mon Jan 06 16:07:33 UTC 2014",
 "updated_at": "Tue Apr 15 12:59:02 UTC 2014",
 "overview": "\u003Cp\u003EAbstract Works is a fast growing indigenous Company, a leading provider of Media / Advertising, Business Consulting, I.T Consulting, Engineering and Construction services in Nigeria.\u003C/p\u003E",
 "image":
  {"available_sizes":
    [[[150,
       52],
      "http://api-images.crunchbase.com/assets/images/resized/0038/9015/389015v2-max-150x150.jpg"],
     [[250,
       87],
      "http://api-images.crunchbase.com/assets/images/resized/0038/9015/389015v2-max-250x250.jpg"],
     [[287,
       100],
      "http://api-images.crunchbase.com/assets/images/resized/0038/9015/389015v2-max-450x450.jpg"]],
   "attribution": null},
 "products":
  [{"name": "payment gateway",
    "permalink": "payment-gateway-2"},
   {"name": "ecommerce services",
    "permalink": "ecommerce-services"}],
 "relationships":
  [{"is_past": false,
    "title": "Senior Technology Consultant",
    "person":
     {"first_name": "Afia",
      "last_name": "udofia",
      "permalink": "afia-udofia"}}],
 "competitions":
  [],
 "providerships":
  [],
 "total_money_raised": "$0",
 "funding_rounds":
  [],
 "investments":
  [],
 "acquisition": null,
 "acquisitions":
  [],
 "offices":
  [{"description": "Lagos Office",
    "address1": "Second Floor, Theresa Aina House, No. 21, James Robertson Street, Off Akerele rd,",
    "address2": "Lagos",
    "zip_code": "101283",
    "city": "Surulere",
    "state_code": null,
    "country_code": "NGA",
    "latitude": null,
    "longitude": null}],
 "milestones":
  [],
 "ipo": null,
 "video_embeds":
  [],
 "screenshots":
  [],
 "external_links":
  [{"external_url": "http://www.wetinhappen.com.ng/abstract-works-plans-orange-carnival-to-celebrate-akwa-ibom-anniversary/",
    "title": "Orange Carnival Debute"}],
 "partners":
  []}
