{"name": "Abstratics",
 "permalink": "abstratics",
 "crunchbase_url": "http://www.crunchbase.com/company/abstratics",
 "homepage_url": "http://www.abstratics.com",
 "blog_url": "",
 "blog_feed_url": "",
 "twitter_username": null,
 "category_code": "games_video",
 "number_of_employees": null,
 "founded_year": null,
 "founded_month": null,
 "founded_day": null,
 "deadpooled_year": null,
 "deadpooled_month": null,
 "deadpooled_day": null,
 "deadpooled_url": null,
 "tag_list": "dance, tactics, entertainment",
 "alias_list": "",
 "email_address": "",
 "phone_number": "",
 "description": "Tactics Creative Dance Company ",
 "created_at": "Mon Dec 23 04:26:53 UTC 2013",
 "updated_at": "Mon Mar 31 11:12:33 UTC 2014",
 "overview": "\u003Cp\u003EAbstract + Tactics Creative Dance Company by KarthikTantri.\u003C/p\u003E",
 "image":
  {"available_sizes":
    [[[150,
       150],
      "http://api-images.crunchbase.com/assets/images/resized/0044/6275/446275v1-max-150x150.jpg"],
     [[200,
       200],
      "http://api-images.crunchbase.com/assets/images/resized/0044/6275/446275v1-max-250x250.jpg"],
     [[200,
       200],
      "http://api-images.crunchbase.com/assets/images/resized/0044/6275/446275v1-max-450x450.jpg"]],
   "attribution": null},
 "products":
  [],
 "relationships":
  [{"is_past": false,
    "title": "Founder \u0026 Choreographer",
    "person":
     {"first_name": "Karthik",
      "last_name": "Tantri",
      "permalink": "karthik-tantri"}}],
 "competitions":
  [],
 "providerships":
  [],
 "total_money_raised": "$0",
 "funding_rounds":
  [],
 "investments":
  [],
 "acquisition": null,
 "acquisitions":
  [],
 "offices":
  [{"description": "",
    "address1": "",
    "address2": "",
    "zip_code": "",
    "city": "Bangalore",
    "state_code": null,
    "country_code": "IND",
    "latitude": null,
    "longitude": null}],
 "milestones":
  [],
 "ipo": null,
 "video_embeds":
  [],
 "screenshots":
  [],
 "external_links":
  [],
 "partners":
  [{"partner_name": "angel_list",
    "homepage_url": "http://www.abstratics.com",
    "link_1_url": "https://angel.co/abstratics",
    "link_2_url": null,
    "link_3_url": null,
    "link_1_name": "AngelList Page",
    "link_2_name": null,
    "link_3_name": null}]}
