{"name": "Roland Pinto - Abzoo Corporation",
 "permalink": "abzoo-corporation",
 "crunchbase_url": "http://www.crunchbase.com/company/abzoo-corporation",
 "homepage_url": null,
 "blog_url": "http://rolandpintoblog.blogspot.com",
 "blog_feed_url": "",
 "twitter_username": "rolandpinto",
 "category_code": "other",
 "number_of_employees": null,
 "founded_year": null,
 "founded_month": null,
 "founded_day": null,
 "deadpooled_year": null,
 "deadpooled_month": null,
 "deadpooled_day": null,
 "deadpooled_url": null,
 "tag_list": "roland-pinto, roland-pinto-blog",
 "alias_list": null,
 "email_address": "Roland@abzoo.com",
 "phone_number": "",
 "description": "",
 "created_at": "Mon Jan 20 12:24:10 UTC 2014",
 "updated_at": "Mon Feb 17 11:51:37 UTC 2014",
 "overview": "\u003Cp\u003ERoland Pinto is a serial entrepreneur with an academic background in finance and economics. He has managed to build businesses without any formal education in these types of companies. His passion for his work has allowed him the ability to build companies, meeting projections and manage, his companies to a point where he needed to step down as the chief executive, bring on the next round of management, then focusing his time to assist in the growth of the enterprise. He enjoys leading a life which was once only a dream for him.\u003C/p\u003E",
 "image": null,
 "products":
  [],
 "relationships":
  [],
 "competitions":
  [],
 "providerships":
  [],
 "total_money_raised": "$0",
 "funding_rounds":
  [],
 "investments":
  [],
 "acquisition": null,
 "acquisitions":
  [],
 "offices":
  [],
 "milestones":
  [],
 "ipo": null,
 "video_embeds":
  [],
 "screenshots":
  [],
 "external_links":
  [{"external_url": "http://www.lacartes.com/business/Roland-Pinto/79832",
    "title": "Roland Pinto Lacartes Profile"},
   {"external_url": "http://www.lacartes.com/business/Roland-Pinto/79832",
    "title": "Roland Pinto Lacartes Profile"},
   {"external_url": "http://new.spring.me/RolandPinto",
    "title": "Roland Pinto Springme Profile"},
   {"external_url": "http://www.stumbleupon.com/stumbler/rolandpinto",
    "title": "Roland Pinto Stumbleupon Profile"},
   {"external_url": "https://www.quora.com/Roland-Pinto-2",
    "title": "Roland Pinto Quora Profile"},
   {"external_url": "https://myspace.com/roland-pinto",
    "title": "Roland Pinto Myspace Profile"},
   {"external_url": "http://rolandpintoblog.wordpress.com/",
    "title": "Roland Pinto Wordpress Profile"},
   {"external_url": "http://www.reddit.com/user/rolandpinto/",
    "title": "Roland Pinto Reddit Profile"},
   {"external_url": "https://plus.google.com/112111666426261946904/about",
    "title": "Roland Pinto Plus Google Profile"},
   {"external_url": "http://rolandpinto.hubpages.com/",
    "title": "Roland Pinto Hubpages Profile"},
   {"external_url": "https://myspace.com/roland-pinto",
    "title": "Roland Pinto Myspace Profile"},
   {"external_url": "https://www.xing.com/profile/Roland_Pinto",
    "title": "Roland Pinto Xing Profile"},
   {"external_url": "http://www.plaxo.com/profile/show/rolandpitno",
    "title": "Roland Pinto Plaxo Profile"},
   {"external_url": "http://www.brownbook.net/business/38514546/roland-pinto---meiya-group",
    "title": "Roland Pinto Brownbook Profile"},
   {"external_url": "http://about.me/roland_pinto",
    "title": "Roland Pinto Aboutme Profile"},
   {"external_url": "http://www.sunzu.com/rolandpinto",
    "title": "Roland Pinto Sunzu Profile"},
   {"external_url": "http://biznik.com/members/roland-pinto",
    "title": "Roland Pinto Biznik Profile"},
   {"external_url": "http://www.upspring.com/RolandPinto",
    "title": "Roland Pinto Upspring Profile"},
   {"external_url": "http://rolandpinto.skyrock.com/profil/",
    "title": "Roland Pinto Skyrock Profile"},
   {"external_url": "http://www.hotfrog.com/Companies/Roland-Pinto-Meiya-Group",
    "title": "Roland Pinto Hotfrog Profile"},
   {"external_url": "http://www.mojopages.com/biz/milpitas-ca-roland-pinto-meiya-group-63820090",
    "title": "Roland Pinto Mojopages Profile"},
   {"external_url": "http://www.lookuppage.com/users/rolandpinto/",
    "title": "Roland Pinto Lookuppage Profile"},
   {"external_url": "http://ezlocal.com/ca/milpitas/economic-development-agency/593345",
    "title": "Roland Pinto Ezlocal Profile"},
   {"external_url": "http://scribbless.com/lists/list/201388",
    "title": "Roland Pinto Scribbless  Profile"},
   {"external_url": "http://flavors.me/rolandpinto",
    "title": "Roland Pinto Flavorsme Profile"},
   {"external_url": "http://www.ryze.com/view.php?who=RolandPinto",
    "title": "Roland Pinto Ryze Profile"}],
 "partners":
  []}
