{"name": "Acacia Research Corporation",
 "permalink": "acacia-research-corporation",
 "crunchbase_url": "http://www.crunchbase.com/company/acacia-research-corporation",
 "homepage_url": null,
 "blog_url": null,
 "blog_feed_url": null,
 "twitter_username": null,
 "category_code": null,
 "number_of_employees": null,
 "founded_year": null,
 "founded_month": null,
 "founded_day": null,
 "deadpooled_year": null,
 "deadpooled_month": null,
 "deadpooled_day": null,
 "deadpooled_url": null,
 "tag_list": null,
 "alias_list": null,
 "email_address": null,
 "phone_number": null,
 "description": null,
 "created_at": "Thu Dec 12 11:31:08 UTC 2013",
 "updated_at": "Thu Dec 12 11:31:08 UTC 2013",
 "overview": null,
 "image": null,
 "products":
  [],
 "relationships":
  [{"is_past": true,
    "title": "Chief Operating Officer and General Counsel",
    "person":
     {"first_name": "Robert",
      "last_name": "Berman",
      "permalink": "robert-berman"}},
   {"is_past": true,
    "title": "Vice President",
    "person":
     {"first_name": "Edward",
      "last_name": "J. Treska",
      "permalink": "edward-j-treska"}},
   {"is_past": true,
    "title": "Treasurer and Senior Vice President, Finance",
    "person":
     {"first_name": "CLAYTON",
      "last_name": "J. HAYNES",
      "permalink": "clayton-j-haynes"}},
   {"is_past": true,
    "title": "Senior Vice President",
    "person":
     {"first_name": "Matthew",
      "last_name": "Vella",
      "permalink": "matthew-vella"}},
   {"is_past": true,
    "title": "Board of Directors",
    "person":
     {"first_name": "Amit",
      "last_name": "Kumar",
      "permalink": "amit-kumar-13"}},
   {"is_past": true,
    "title": "Vice President of Life Sciences",
    "person":
     {"first_name": "Amit",
      "last_name": "Kumar",
      "permalink": "amit-kumar-13"}}],
 "competitions":
  [],
 "providerships":
  [],
 "total_money_raised": "$0",
 "funding_rounds":
  [],
 "investments":
  [],
 "acquisition": null,
 "acquisitions":
  [],
 "offices":
  [],
 "milestones":
  [],
 "ipo": null,
 "video_embeds":
  [],
 "screenshots":
  [],
 "external_links":
  [],
 "partners":
  []}
