{"name": "Academic Keys",
 "permalink": "academic-keys",
 "crunchbase_url": "http://www.crunchbase.com/company/academic-keys",
 "homepage_url": "http://academickeys.com",
 "blog_url": "",
 "blog_feed_url": "",
 "twitter_username": "academickeys",
 "category_code": "education",
 "number_of_employees": 9,
 "founded_year": 2002,
 "founded_month": 9,
 "founded_day": null,
 "deadpooled_year": null,
 "deadpooled_month": null,
 "deadpooled_day": null,
 "deadpooled_url": null,
 "tag_list": "higher-education, academic-positions",
 "alias_list": null,
 "email_address": "jennifer@academickeys.com",
 "phone_number": "8606566214",
 "description": "Applicants for Higher Education",
 "created_at": "Sat Dec 14 03:21:21 UTC 2013",
 "updated_at": "Tue Dec 17 19:52:55 UTC 2013",
 "overview": "\u003Cp\u003EProviding high quality applicants for positions in higher education.\u003C/p\u003E\n\n\u003Cp\u003EAcademic Keys  is an international company advertising positions in higher education and provides tools for search committees to ranking and select top candidates quickly for institutions globally. \u003C/p\u003E\n\n\u003Cp\u003EInstitutions of higher education can draw on Academic Keys\u0026#8217; database of nearly one million opt in academics world wide to perform self directed searches or use Academic Keys\u0026#8217; Executive KeySearch service to search for deans through presidents. \u003C/p\u003E\n\n\u003Cp\u003EAcademic Keys has nearly twelve years servicing higher education and recruiting for institutions worldwide.\u003C/p\u003E",
 "image": null,
 "products":
  [],
 "relationships":
  [{"is_past": false,
    "title": "VP Sales \u0026 Marketing",
    "person":
     {"first_name": "Jennifer",
      "last_name": "Muller",
      "permalink": "jennifer-muller"}}],
 "competitions":
  [],
 "providerships":
  [],
 "total_money_raised": "$0",
 "funding_rounds":
  [],
 "investments":
  [],
 "acquisition": null,
 "acquisitions":
  [],
 "offices":
  [{"description": "Academic Keys LLC",
    "address1": "1066 Storrs Road",
    "address2": "",
    "zip_code": "06268",
    "city": "Storrs",
    "state_code": "CT",
    "country_code": "USA",
    "latitude": null,
    "longitude": null}],
 "milestones":
  [],
 "ipo": null,
 "video_embeds":
  [],
 "screenshots":
  [],
 "external_links":
  [],
 "partners":
  []}
