{"name": "AccessWallet",
 "permalink": "accesswallet",
 "crunchbase_url": "http://www.crunchbase.com/company/accesswallet",
 "homepage_url": "http://www.accesswallet.com",
 "blog_url": "http://blog.accesswallet.com",
 "blog_feed_url": "",
 "twitter_username": "AccessWallet",
 "category_code": "finance",
 "number_of_employees": 50,
 "founded_year": 2013,
 "founded_month": 6,
 "founded_day": 1,
 "deadpooled_year": null,
 "deadpooled_month": null,
 "deadpooled_day": null,
 "deadpooled_url": null,
 "tag_list": "direct-debit, recurring-payments",
 "alias_list": null,
 "email_address": "info@accesswallet.com",
 "phone_number": "44 0 203 282 7154",
 "description": "Easy Direct Debit Solution",
 "created_at": "Thu Jan 16 06:56:45 UTC 2014",
 "updated_at": "Wed Jan 22 10:30:24 UTC 2014",
 "overview": "\u003Cp\u003EAccessWallet provides online direct debit solution in UK with easy and secure way.\u003C/p\u003E",
 "image":
  {"available_sizes":
    [[[100,
       100],
      "http://api-images.crunchbase.com/assets/images/resized/0039/5043/395043v2-max-150x150.jpg"],
     [[100,
       100],
      "http://api-images.crunchbase.com/assets/images/resized/0039/5043/395043v2-max-250x250.jpg"],
     [[100,
       100],
      "http://api-images.crunchbase.com/assets/images/resized/0039/5043/395043v2-max-450x450.jpg"]],
   "attribution": null},
 "products":
  [],
 "relationships":
  [],
 "competitions":
  [],
 "providerships":
  [],
 "total_money_raised": "$0",
 "funding_rounds":
  [],
 "investments":
  [],
 "acquisition": null,
 "acquisitions":
  [],
 "offices":
  [{"description": "London, UK",
    "address1": "CEC Winchester - Crawford Place",
    "address2": "259-269 Old Marylebone Rd",
    "zip_code": "NW1 5RA",
    "city": "London",
    "state_code": null,
    "country_code": "GBR",
    "latitude": null,
    "longitude": null}],
 "milestones":
  [],
 "ipo": null,
 "video_embeds":
  [{"embed_code": "\u003Ciframe width=\"430\" height=\"242\" src=\"//www.youtube.com/embed/gOOd3SLWheU\" frameborder=\"0\" allowfullscreen\u003E\u003C/iframe\u003E",
    "description": "\u003Cp\u003EAccessWallet- Setup Direct Debit\u003C/p\u003E"}],
 "screenshots":
  [{"available_sizes":
     [[[150,
        75],
       "http://api-images.crunchbase.com/assets/images/resized/0039/8282/398282v2-max-150x150.png"],
      [[250,
        126],
       "http://api-images.crunchbase.com/assets/images/resized/0039/8282/398282v2-max-250x250.png"],
      [[433,
        219],
       "http://api-images.crunchbase.com/assets/images/resized/0039/8282/398282v2-max-450x450.png"]],
    "attribution": null}],
 "external_links":
  [],
 "partners":
  []}
