{"name": "Accredify",
 "permalink": "accredify",
 "crunchbase_url": "http://www.crunchbase.com/company/accredify",
 "homepage_url": "http://www.accredify.co",
 "blog_url": "http://www.accredify.co/blog",
 "blog_feed_url": "",
 "twitter_username": "GoAccredify",
 "category_code": "finance",
 "number_of_employees": 3,
 "founded_year": 2013,
 "founded_month": 9,
 "founded_day": 30,
 "deadpooled_year": null,
 "deadpooled_month": null,
 "deadpooled_day": null,
 "deadpooled_url": null,
 "tag_list": "investor-verification, api-connect, jobs-act, title-ii, accredited, accredidation, verification-services",
 "alias_list": null,
 "email_address": "Info@Accredify.co",
 "phone_number": "",
 "description": "Investor Web Services",
 "created_at": "Sun Jan 19 13:46:38 UTC 2014",
 "updated_at": "Tue Jan 21 06:14:43 UTC 2014",
 "overview": "\u003Cp\u003EAccredify provides numerous web services for investors. They publish online certificates of \u0026#8220;Accredited\u0026#8221; status for investors to simplify the communication between potential deals.\u003C/p\u003E\n\n\u003Cp\u003ETitle II of the JOBS Act requires entrepreneurs and portals to take reasonable steps to verify an investor\u0026#8217;s status. With Accredify, investors can follow SEC procedures and verify once for all their future investments. \u003C/p\u003E\n\n\u003Cp\u003EUsing published, online-accessible, and secure certificates, entrepreneurs can verify an investor\u0026#8217;s status in seconds while the investor never has to release sensitive financial information again. \u003C/p\u003E\n\n\u003Cp\u003EAccredify also offers an API that crowdfunding portals can use to seamlessly verify investors as they connect to their site.\u003C/p\u003E\n\n\u003Cp\u003EAccredify will continue to create web-based tools and services for private equity investors and crowdfunding enthusiasts. \u003C/p\u003E",
 "image":
  {"available_sizes":
    [[[150,
       44],
      "http://api-images.crunchbase.com/assets/images/resized/0039/6971/396971v2-max-150x150.png"],
     [[250,
       74],
      "http://api-images.crunchbase.com/assets/images/resized/0039/6971/396971v2-max-250x250.png"],
     [[450,
       134],
      "http://api-images.crunchbase.com/assets/images/resized/0039/6971/396971v2-max-450x450.png"]],
   "attribution": null},
 "products":
  [],
 "relationships":
  [{"is_past": false,
    "title": "CEO",
    "person":
     {"first_name": "Herwig",
      "last_name": "Konings",
      "permalink": "herwig-konings-2"}},
   {"is_past": true,
    "title": "COO",
    "person":
     {"first_name": "Adrian",
      "last_name": "Alvarez",
      "permalink": "adrian-alvarez"}}],
 "competitions":
  [{"competitor":
     {"name": "Crowdentials",
      "permalink": "crowdentials"}},
   {"competitor":
     {"name": "CrowdBouncer",
      "permalink": "crowdbouncer"}}],
 "providerships":
  [],
 "total_money_raised": "$0",
 "funding_rounds":
  [],
 "investments":
  [],
 "acquisition": null,
 "acquisitions":
  [],
 "offices":
  [{"description": "Headquarters",
    "address1": "",
    "address2": "",
    "zip_code": "",
    "city": "Miami",
    "state_code": "FL",
    "country_code": "USA",
    "latitude": null,
    "longitude": null}],
 "milestones":
  [],
 "ipo": null,
 "video_embeds":
  [],
 "screenshots":
  [{"available_sizes":
     [[[150,
        97],
       "http://api-images.crunchbase.com/assets/images/resized/0039/6970/396970v2-max-150x150.png"],
      [[250,
        163],
       "http://api-images.crunchbase.com/assets/images/resized/0039/6970/396970v2-max-250x250.png"],
      [[450,
        293],
       "http://api-images.crunchbase.com/assets/images/resized/0039/6970/396970v2-max-450x450.png"]],
    "attribution": null}],
 "external_links":
  [{"external_url": "http://www.avc.com/a_vc/2014/01/a-web-service-for-qualified-and-accredited-investors.html",
    "title": ""}],
 "partners":
  []}
