{"name": "Aceros de Hispania",
 "permalink": "aceros-de-hispania",
 "crunchbase_url": "http://www.crunchbase.com/company/aceros-de-hispania",
 "homepage_url": "http://www.aceros-de-hispania.com",
 "blog_url": "",
 "blog_feed_url": "",
 "twitter_username": "AcerosHispania",
 "category_code": "ecommerce",
 "number_of_employees": null,
 "founded_year": null,
 "founded_month": null,
 "founded_day": null,
 "deadpooled_year": null,
 "deadpooled_month": null,
 "deadpooled_day": null,
 "deadpooled_url": null,
 "tag_list": "razors, swords, airguns",
 "alias_list": "",
 "email_address": "",
 "phone_number": "",
 "description": "Sale of knives, razors, swords ,airguns",
 "created_at": "Tue Dec 17 06:45:42 UTC 2013",
 "updated_at": "Fri Jan 10 05:12:36 UTC 2014",
 "overview": "\u003Cp\u003EThis is a company which is the distributor of knives and fire with experience of over 20 years in the industry, which they have applied to serve their customers through their fine selection of Spanish weapons.\u003C/p\u003E",
 "image":
  {"available_sizes":
    [[[132,
       101],
      "http://api-images.crunchbase.com/assets/images/resized/0037/7481/377481v1-max-150x150.png"],
     [[132,
       101],
      "http://api-images.crunchbase.com/assets/images/resized/0037/7481/377481v1-max-250x250.png"],
     [[132,
       101],
      "http://api-images.crunchbase.com/assets/images/resized/0037/7481/377481v1-max-450x450.png"]],
   "attribution": null},
 "products":
  [],
 "relationships":
  [],
 "competitions":
  [],
 "providerships":
  [],
 "total_money_raised": "$0",
 "funding_rounds":
  [],
 "investments":
  [],
 "acquisition": null,
 "acquisitions":
  [],
 "offices":
  [{"description": "Headquarters",
    "address1": "Aceros de Hispania C / Subida al Cabezo, 2 44630 - Castelser\u00e1s Teruel",
    "address2": "",
    "zip_code": "",
    "city": "Teruel",
    "state_code": null,
    "country_code": "ESP",
    "latitude": null,
    "longitude": null}],
 "milestones":
  [],
 "ipo": null,
 "video_embeds":
  [],
 "screenshots":
  [{"available_sizes":
     [[[150,
        150],
       "http://api-images.crunchbase.com/assets/images/resized/0037/7480/377480v2-max-150x150.jpg"],
      [[150,
        150],
       "http://api-images.crunchbase.com/assets/images/resized/0037/7480/377480v2-max-250x250.jpg"],
      [[150,
        150],
       "http://api-images.crunchbase.com/assets/images/resized/0037/7480/377480v2-max-450x450.jpg"]],
    "attribution": null}],
 "external_links":
  [],
 "partners":
  []}
