{"name": "ACG Infotech",
 "permalink": "acg-infotech",
 "crunchbase_url": "http://www.crunchbase.com/company/acg-infotech",
 "homepage_url": "http://www.acgil.com",
 "blog_url": "",
 "blog_feed_url": "",
 "twitter_username": "ACGInfotechLtd",
 "category_code": "software",
 "number_of_employees": 65,
 "founded_year": 1993,
 "founded_month": 1,
 "founded_day": 15,
 "deadpooled_year": null,
 "deadpooled_month": null,
 "deadpooled_day": null,
 "deadpooled_url": null,
 "tag_list": "erp-software-company, erp-software, online-erp-software, manufacturing-erp-software, web-based-erp, construction-erp, erp-solutions, construction-erp-software, web-based-crm, hospital-management-information-system, hospital-information-system, hospital-so",
 "alias_list": null,
 "email_address": "acginfotech10@gmail.com",
 "phone_number": "+91-9818993537",
 "description": "ACG Infotech is an IT company.",
 "created_at": "Fri Jan 03 05:30:43 UTC 2014",
 "updated_at": "Fri Feb 07 11:39:02 UTC 2014",
 "overview": "\u003Cp\u003EACG Infotech is a reputed IT solution provider company in India, offers various customized ERP software solutions, CRM solutions, Hospital Management Information System worldwide including manufacturing ERP, construction ERP, web based ERP, online ERP software and many more to streamline business processes efficiently.\u003C/p\u003E\n\n\u003Cp\u003ESince 1993, with headquarters in NOIDA, ACGIL, is providing superior IT and related services for managing the implementation of ERP, CRM and web application for various industrial verticals, serving both the domestic and international sectors.\u003C/p\u003E",
 "image":
  {"available_sizes":
    [[[150,
       79],
      "http://api-images.crunchbase.com/assets/images/resized/0040/7584/407584v1-max-150x150.png"],
     [[182,
       96],
      "http://api-images.crunchbase.com/assets/images/resized/0040/7584/407584v1-max-250x250.png"],
     [[182,
       96],
      "http://api-images.crunchbase.com/assets/images/resized/0040/7584/407584v1-max-450x450.png"]],
   "attribution": null},
 "products":
  [],
 "relationships":
  [],
 "competitions":
  [],
 "providerships":
  [],
 "total_money_raised": "$0",
 "funding_rounds":
  [],
 "investments":
  [],
 "acquisition": null,
 "acquisitions":
  [],
 "offices":
  [{"description": "HQ",
    "address1": "A-146 Sector-63 ,",
    "address2": "Noida",
    "zip_code": "201301",
    "city": "Uttar Pradesh",
    "state_code": null,
    "country_code": "IND",
    "latitude": null,
    "longitude": null},
   {"description": "Branch Office",
    "address1": "A-146",
    "address2": "Sector-63",
    "zip_code": "201301",
    "city": "NOIDA, Uttar Pradesh, India",
    "state_code": null,
    "country_code": "IND",
    "latitude": null,
    "longitude": null}],
 "milestones":
  [],
 "ipo": null,
 "video_embeds":
  [],
 "screenshots":
  [{"available_sizes":
     [[[150,
        33],
       "http://api-images.crunchbase.com/assets/images/resized/0040/6513/406513v2-max-150x150.jpg"],
      [[250,
        56],
       "http://api-images.crunchbase.com/assets/images/resized/0040/6513/406513v2-max-250x250.jpg"],
      [[450,
        101],
       "http://api-images.crunchbase.com/assets/images/resized/0040/6513/406513v2-max-450x450.jpg"]],
    "attribution": null}],
 "external_links":
  [],
 "partners":
  [{"partner_name": "angel_list",
    "homepage_url": "http://www.acgil.com",
    "link_1_url": "https://angel.co/acg-infotech-1",
    "link_2_url": null,
    "link_3_url": null,
    "link_1_name": "AngelList Page",
    "link_2_name": null,
    "link_3_name": null}]}
