{"name": "ACL",
 "permalink": "acl",
 "crunchbase_url": "http://www.crunchbase.com/company/acl",
 "homepage_url": "http://www.acl-directpromo.com",
 "blog_url": "",
 "blog_feed_url": "",
 "twitter_username": null,
 "category_code": "other",
 "number_of_employees": null,
 "founded_year": null,
 "founded_month": null,
 "founded_day": null,
 "deadpooled_year": null,
 "deadpooled_month": null,
 "deadpooled_day": null,
 "deadpooled_url": null,
 "tag_list": "manage-loyalty, incentivacin, distance-",
 "alias_list": "",
 "email_address": "",
 "phone_number": "93 712 38 48",
 "description": "Development Programs and manage loyalty",
 "created_at": "Fri Jan 10 05:21:50 UTC 2014",
 "updated_at": "Fri Jan 10 05:24:40 UTC 2014",
 "overview": "\u003Cp\u003EACL Directpromo leading somos Development Programs and manage loyalty, Incentivaci\u00f3n wind and distance.\u003C/p\u003E\n\n\u003Cp\u003EThey give a full service promotional marketing. Planning from the bell until the massive envoy destinatario final seleccionados to the product. \nNosotros encargamos them to achieve a wide variety of products for sus acciones e incentivaci\u00f3n loyalty, producimos advertise the graphic print and online controlamos los puntos or standard of campa\u00f1as y sus gestionamos pedidos them.\u003C/p\u003E",
 "image":
  {"available_sizes":
    [[[76,
       61],
      "http://api-images.crunchbase.com/assets/images/resized/0039/1743/391743v1-max-150x150.png"],
     [[76,
       61],
      "http://api-images.crunchbase.com/assets/images/resized/0039/1743/391743v1-max-250x250.png"],
     [[76,
       61],
      "http://api-images.crunchbase.com/assets/images/resized/0039/1743/391743v1-max-450x450.png"]],
   "attribution": null},
 "products":
  [],
 "relationships":
  [],
 "competitions":
  [],
 "providerships":
  [],
 "total_money_raised": "$0",
 "funding_rounds":
  [],
 "investments":
  [],
 "acquisition": null,
 "acquisitions":
  [],
 "offices":
  [{"description": "",
    "address1": "Carretera de Barcelona 400-402",
    "address2": "",
    "zip_code": "",
    "city": "Barcelona",
    "state_code": null,
    "country_code": "ESP",
    "latitude": null,
    "longitude": null}],
 "milestones":
  [],
 "ipo": null,
 "video_embeds":
  [],
 "screenshots":
  [{"available_sizes":
     [[[150,
        94],
       "http://api-images.crunchbase.com/assets/images/resized/0039/1742/391742v1-max-150x150.png"],
      [[250,
        157],
       "http://api-images.crunchbase.com/assets/images/resized/0039/1742/391742v1-max-250x250.png"],
      [[450,
        283],
       "http://api-images.crunchbase.com/assets/images/resized/0039/1742/391742v1-max-450x450.png"]],
    "attribution": null}],
 "external_links":
  [],
 "partners":
  []}
