{"name": "Acnur",
 "permalink": "acnur",
 "crunchbase_url": "http://www.crunchbase.com/company/acnur",
 "homepage_url": "http://www.eacnur.org",
 "blog_url": "",
 "blog_feed_url": "",
 "twitter_username": null,
 "category_code": "other",
 "number_of_employees": null,
 "founded_year": null,
 "founded_month": null,
 "founded_day": null,
 "deadpooled_year": null,
 "deadpooled_month": null,
 "deadpooled_day": null,
 "deadpooled_url": null,
 "tag_list": "aid, food, healthcare-protection",
 "alias_list": "",
 "email_address": "",
 "phone_number": "913690670",
 "description": "",
 "created_at": "Fri Jan 10 05:40:05 UTC 2014",
 "updated_at": "Fri Jan 10 05:43:05 UTC 2014",
 "overview": "\u003Cp\u003EUNHCR attends providing emergency relief, food, shelter and medical care to people who have been forced to leave their homes.\u003C/p\u003E",
 "image":
  {"available_sizes":
    [[[150,
       113],
      "http://api-images.crunchbase.com/assets/images/resized/0039/1760/391760v1-max-150x150.jpg"],
     [[159,
       120],
      "http://api-images.crunchbase.com/assets/images/resized/0039/1760/391760v1-max-250x250.jpg"],
     [[159,
       120],
      "http://api-images.crunchbase.com/assets/images/resized/0039/1760/391760v1-max-450x450.jpg"]],
   "attribution": null},
 "products":
  [],
 "relationships":
  [{"is_past": false,
    "title": "CEO",
    "person":
     {"first_name": "Maria",
      "last_name": "Angeles Siemens",
      "permalink": "maria-angeles-siemens"}}],
 "competitions":
  [],
 "providerships":
  [],
 "total_money_raised": "$0",
 "funding_rounds":
  [],
 "investments":
  [],
 "acquisition": null,
 "acquisitions":
  [],
 "offices":
  [{"description": "",
    "address1": "Calle Cedaceros, 11 1\u00ba A",
    "address2": "",
    "zip_code": "28014",
    "city": "Madrid",
    "state_code": null,
    "country_code": "ESP",
    "latitude": null,
    "longitude": null}],
 "milestones":
  [],
 "ipo": null,
 "video_embeds":
  [{"embed_code": "\u003Ciframe width=\"420\" height=\"315\" src=\"//www.youtube.com/embed/MCs1qlUj0DA?feature=player_embedded\" frameborder=\"0\" allowfullscreen\u003E\u003C/iframe\u003E",
    "description": "\u003Cp\u003EAcnur Video\u003C/p\u003E"}],
 "screenshots":
  [{"available_sizes":
     [[[150,
        80],
       "http://api-images.crunchbase.com/assets/images/resized/0039/1758/391758v1-max-150x150.png"],
      [[250,
        134],
       "http://api-images.crunchbase.com/assets/images/resized/0039/1758/391758v1-max-250x250.png"],
      [[450,
        242],
       "http://api-images.crunchbase.com/assets/images/resized/0039/1758/391758v1-max-450x450.png"]],
    "attribution": null}],
 "external_links":
  [],
 "partners":
  []}
