{"name": "Acromobile",
 "permalink": "acromobile",
 "crunchbase_url": "http://www.crunchbase.com/company/acromobile",
 "homepage_url": "http://www.acromobile.com",
 "blog_url": "http://www.acromobile.com/blog/",
 "blog_feed_url": "feed://www.acromobile.com/CMS/UI/Modules/BizBlogger/rss.aspx?tabid=625310\u0026moduleid=1289842\u0026maxcount=25\u0026t=bec7e0fdf3844698bc52afc93ad7f41a",
 "twitter_username": "acromobile",
 "category_code": "mobile",
 "number_of_employees": 20,
 "founded_year": 2009,
 "founded_month": null,
 "founded_day": null,
 "deadpooled_year": null,
 "deadpooled_month": null,
 "deadpooled_day": null,
 "deadpooled_url": null,
 "tag_list": "mobile-marketing, mobile-engagement",
 "alias_list": null,
 "email_address": "",
 "phone_number": "",
 "description": "Mobile Customer Engagement Platform",
 "created_at": "Tue Dec 10 11:32:29 UTC 2013",
 "updated_at": "Fri Dec 13 23:42:23 UTC 2013",
 "overview": "\u003Cp\u003EAcromobile helps businesses to create an integrated mobile customer experience to acquire new customers, drive revenue, and improve customer service.\u003C/p\u003E",
 "image": null,
 "products":
  [],
 "relationships":
  [{"is_past": false,
    "title": "CEO \u0026 Co-founder",
    "person":
     {"first_name": "Jason",
      "last_name": "Masciarelli",
      "permalink": "jason-masciarelli"}}],
 "competitions":
  [],
 "providerships":
  [],
 "total_money_raised": "$0",
 "funding_rounds":
  [],
 "investments":
  [],
 "acquisition": null,
 "acquisitions":
  [],
 "offices":
  [{"description": "Headquarters",
    "address1": "",
    "address2": "",
    "zip_code": "",
    "city": "Singapore",
    "state_code": null,
    "country_code": "SGP",
    "latitude": null,
    "longitude": null}],
 "milestones":
  [],
 "ipo": null,
 "video_embeds":
  [],
 "screenshots":
  [],
 "external_links":
  [],
 "partners":
  []}
