{"name": "act digital agency",
 "permalink": "act-digital-agency",
 "crunchbase_url": "http://www.crunchbase.com/company/act-digital-agency",
 "homepage_url": "http://www.actdisain.com",
 "blog_url": "",
 "blog_feed_url": "",
 "twitter_username": "jusjeruk",
 "category_code": "mobile",
 "number_of_employees": 12,
 "founded_year": null,
 "founded_month": null,
 "founded_day": null,
 "deadpooled_year": null,
 "deadpooled_month": null,
 "deadpooled_day": null,
 "deadpooled_url": null,
 "tag_list": "design, web--mobile, adver-gaming, digital-marketing-support",
 "alias_list": null,
 "email_address": "info@actdisain.com",
 "phone_number": "+622154393331",
 "description": "Indonesia Digital Agency",
 "created_at": "Tue Jan 14 04:33:20 UTC 2014",
 "updated_at": "Tue Jan 14 20:09:08 UTC 2014",
 "overview": "\u003Cp\u003EIndonesia Digital Agency helps businesses develop their strategy and implementation for marketing and sales through visual, multimedia and digital channel. act digital has a full dedicated team to make it happen.\u003C/p\u003E\n\n\u003Cp\u003EDesign \u0026amp; Creativity - Web \u0026amp; Technology - Digital Marketing - Mobile Apps - Activation\u003C/p\u003E",
 "image":
  {"available_sizes":
    [[[150,
       150],
      "http://api-images.crunchbase.com/assets/images/resized/0039/3673/393673v2-max-150x150.png"],
     [[250,
       250],
      "http://api-images.crunchbase.com/assets/images/resized/0039/3673/393673v2-max-250x250.png"],
     [[277,
       277],
      "http://api-images.crunchbase.com/assets/images/resized/0039/3673/393673v2-max-450x450.png"]],
   "attribution": null},
 "products":
  [],
 "relationships":
  [],
 "competitions":
  [],
 "providerships":
  [],
 "total_money_raised": "$0",
 "funding_rounds":
  [],
 "investments":
  [],
 "acquisition": null,
 "acquisitions":
  [],
 "offices":
  [],
 "milestones":
  [],
 "ipo": null,
 "video_embeds":
  [],
 "screenshots":
  [],
 "external_links":
  [],
 "partners":
  []}
