{"name": "Action India Home Products",
 "permalink": "action-india-home-products",
 "crunchbase_url": "http://www.crunchbase.com/company/action-india-home-products",
 "homepage_url": null,
 "blog_url": null,
 "blog_feed_url": null,
 "twitter_username": null,
 "category_code": null,
 "number_of_employees": null,
 "founded_year": null,
 "founded_month": null,
 "founded_day": null,
 "deadpooled_year": null,
 "deadpooled_month": null,
 "deadpooled_day": null,
 "deadpooled_url": null,
 "tag_list": null,
 "alias_list": null,
 "email_address": null,
 "phone_number": null,
 "description": null,
 "created_at": "Wed Dec 11 10:38:55 UTC 2013",
 "updated_at": "Fri Dec 13 12:58:08 UTC 2013",
 "overview": null,
 "image":
  {"available_sizes":
    [[[150,
       49],
      "http://api-images.crunchbase.com/assets/images/resized/0037/5501/375501v2-max-150x150.png"],
     [[250,
       81],
      "http://api-images.crunchbase.com/assets/images/resized/0037/5501/375501v2-max-250x250.png"],
     [[257,
       84],
      "http://api-images.crunchbase.com/assets/images/resized/0037/5501/375501v2-max-450x450.png"]],
   "attribution": null},
 "products":
  [],
 "relationships":
  [{"is_past": false,
    "title": "Spy Camera",
    "person":
     {"first_name": "Rishab",
      "last_name": "Sharma",
      "permalink": "rishab-sharma"}}],
 "competitions":
  [],
 "providerships":
  [],
 "total_money_raised": "$0",
 "funding_rounds":
  [],
 "investments":
  [],
 "acquisition": null,
 "acquisitions":
  [],
 "offices":
  [],
 "milestones":
  [],
 "ipo": null,
 "video_embeds":
  [],
 "screenshots":
  [],
 "external_links":
  [],
 "partners":
  []}
