{"name": "ACTU-CCI",
 "permalink": "actu-cci",
 "crunchbase_url": "http://www.crunchbase.com/company/actu-cci",
 "homepage_url": null,
 "blog_url": null,
 "blog_feed_url": null,
 "twitter_username": null,
 "category_code": null,
 "number_of_employees": null,
 "founded_year": null,
 "founded_month": null,
 "founded_day": null,
 "deadpooled_year": null,
 "deadpooled_month": null,
 "deadpooled_day": null,
 "deadpooled_url": null,
 "tag_list": null,
 "alias_list": null,
 "email_address": null,
 "phone_number": null,
 "description": null,
 "created_at": "Mon Dec 23 15:55:59 UTC 2013",
 "updated_at": "Mon Dec 23 17:48:40 UTC 2013",
 "overview": null,
 "image": null,
 "products":
  [],
 "relationships":
  [],
 "competitions":
  [],
 "providerships":
  [],
 "total_money_raised": "$0",
 "funding_rounds":
  [],
 "investments":
  [{"funding_round":
     {"round_code": "angel",
      "source_url": "",
      "source_description": "",
      "raised_amount": 300000.0,
      "raised_currency_code": "USD",
      "funded_year": 2012,
      "funded_month": 4,
      "funded_day": 6,
      "company":
       {"name": "Kupoya",
        "permalink": "kupoya"}}}],
 "acquisition": null,
 "acquisitions":
  [{"price_amount": null,
    "price_currency_code": "USD",
    "term_code": "cash_and_stock",
    "source_url": "http://en.actu-cci.com/technologies-innovations/12920-kupoya-when-social-life-means-business",
    "source_description": "Kupoya: when social life means business",
    "acquired_year": 2013,
    "acquired_month": 1,
    "acquired_day": 10,
    "company":
     {"name": "Kupoya",
      "permalink": "kupoya"}}],
 "offices":
  [],
 "milestones":
  [],
 "ipo": null,
 "video_embeds":
  [],
 "screenshots":
  [],
 "external_links":
  [],
 "partners":
  []}
