{"name": "ADAMS",
 "permalink": "adams",
 "crunchbase_url": "http://www.crunchbase.com/company/adams",
 "homepage_url": "http://www.adams.es",
 "blog_url": "http://www.adams.es/blogs/",
 "blog_feed_url": "",
 "twitter_username": "Adamsformacion",
 "category_code": "education",
 "number_of_employees": null,
 "founded_year": 1957,
 "founded_month": null,
 "founded_day": null,
 "deadpooled_year": null,
 "deadpooled_month": null,
 "deadpooled_day": null,
 "deadpooled_url": null,
 "tag_list": "students, education, training",
 "alias_list": "",
 "email_address": "adams@adams.es",
 "phone_number": "902 333 543",
 "description": "Training Students",
 "created_at": "Thu Jan 16 06:45:09 UTC 2014",
 "updated_at": "Thu Jan 16 06:46:01 UTC 2014",
 "overview": "\u003Cp\u003EADAMS is a company founded in 1957, whose aim is to ensure a quality education for their students improve professionally.\u003C/p\u003E",
 "image":
  {"available_sizes":
    [[[109,
       109],
      "http://api-images.crunchbase.com/assets/images/resized/0039/5031/395031v1-max-150x150.jpg"],
     [[109,
       109],
      "http://api-images.crunchbase.com/assets/images/resized/0039/5031/395031v1-max-250x250.jpg"],
     [[109,
       109],
      "http://api-images.crunchbase.com/assets/images/resized/0039/5031/395031v1-max-450x450.jpg"]],
   "attribution": null},
 "products":
  [],
 "relationships":
  [{"is_past": false,
    "title": "CFO",
    "person":
     {"first_name": "Lourdes",
      "last_name": "L\u00f3pez Iglesias",
      "permalink": "lourdes-lpez-iglesias"}},
   {"is_past": false,
    "title": "Director- HR and Legal",
    "person":
     {"first_name": "Paloma",
      "last_name": "Esteban Arce",
      "permalink": "paloma-esteban-arce"}}],
 "competitions":
  [],
 "providerships":
  [],
 "total_money_raised": "$0",
 "funding_rounds":
  [],
 "investments":
  [],
 "acquisition": null,
 "acquisitions":
  [],
 "offices":
  [{"description": "",
    "address1": "C/ Ayala, 130",
    "address2": "C/ Vel\u00e1zquez 24",
    "zip_code": "28006",
    "city": "Madrid",
    "state_code": null,
    "country_code": "ESP",
    "latitude": null,
    "longitude": null}],
 "milestones":
  [],
 "ipo": null,
 "video_embeds":
  [],
 "screenshots":
  [{"available_sizes":
     [[[150,
        75],
       "http://api-images.crunchbase.com/assets/images/resized/0039/5030/395030v1-max-150x150.png"],
      [[250,
        125],
       "http://api-images.crunchbase.com/assets/images/resized/0039/5030/395030v1-max-250x250.png"],
      [[450,
        226],
       "http://api-images.crunchbase.com/assets/images/resized/0039/5030/395030v1-max-450x450.png"]],
    "attribution": null}],
 "external_links":
  [],
 "partners":
  []}
