{"name": "Adconion",
 "permalink": "adconion",
 "crunchbase_url": "http://www.crunchbase.com/company/adconion",
 "homepage_url": null,
 "blog_url": null,
 "blog_feed_url": null,
 "twitter_username": null,
 "category_code": null,
 "number_of_employees": null,
 "founded_year": null,
 "founded_month": null,
 "founded_day": null,
 "deadpooled_year": null,
 "deadpooled_month": null,
 "deadpooled_day": null,
 "deadpooled_url": null,
 "tag_list": null,
 "alias_list": null,
 "email_address": null,
 "phone_number": null,
 "description": null,
 "created_at": "Thu Jan 23 10:09:24 UTC 2014",
 "updated_at": "Thu Jan 23 10:09:24 UTC 2014",
 "overview": null,
 "image": null,
 "products":
  [],
 "relationships":
  [{"is_past": false,
    "title": "Founder",
    "person":
     {"first_name": "Fred",
      "last_name": "Krueger",
      "permalink": "fred-krueger"}},
   {"is_past": true,
    "title": "Software Development and Management",
    "person":
     {"first_name": "Davorin",
      "last_name": "Mista",
      "permalink": "davorin-mista"}}],
 "competitions":
  [],
 "providerships":
  [],
 "total_money_raised": "$0",
 "funding_rounds":
  [],
 "investments":
  [],
 "acquisition": null,
 "acquisitions":
  [],
 "offices":
  [],
 "milestones":
  [],
 "ipo": null,
 "video_embeds":
  [],
 "screenshots":
  [],
 "external_links":
  [],
 "partners":
  []}
