{"name": "AdelaRosa Ltd",
 "permalink": "adelarosa-ltd",
 "crunchbase_url": "http://www.crunchbase.com/company/adelarosa-ltd",
 "homepage_url": "http://www.adelarosa.co.uk",
 "blog_url": "",
 "blog_feed_url": "",
 "twitter_username": "wedding_invite",
 "category_code": "other",
 "number_of_employees": null,
 "founded_year": 2009,
 "founded_month": 1,
 "founded_day": 1,
 "deadpooled_year": null,
 "deadpooled_month": null,
 "deadpooled_day": null,
 "deadpooled_url": null,
 "tag_list": "wedding-invitations, wedding-invitations-uk, wedding-stationery",
 "alias_list": null,
 "email_address": "info@adelarosa.co.uk",
 "phone_number": "0114 2353906",
 "description": "wedding stationery",
 "created_at": "Thu Jan 16 09:48:33 UTC 2014",
 "updated_at": "Fri Feb 28 10:35:23 UTC 2014",
 "overview": "\u003Cp\u003EAdelaRosa are dedicated to creating simple, elegant wedding stationery for brides who love great quality designs and prints but don\u0026#8217;t want them to cost the earth! \nThey offer high quality at affordable prices, with a range of classic and vintage stationery and free bespoke design for any brides with their own ideas. They can also adjust colour scheme, fonts, symbols and any other design feature on any of our standard ranges which are all made bespoke and to order, and printed in-house. They\u2019re known for our outstanding, friendly customer service, speedy turnaround times and we always go the extra mile for our customers. They post free samples to interested brides so they can get a real feel of our paper types and print quality.\nThey truly believe their customer service is the best you will find, so please get in touch to see for yourself.\u003C/p\u003E",
 "image": null,
 "products":
  [],
 "relationships":
  [],
 "competitions":
  [],
 "providerships":
  [],
 "total_money_raised": "$0",
 "funding_rounds":
  [],
 "investments":
  [],
 "acquisition": null,
 "acquisitions":
  [],
 "offices":
  [{"description": "AdelaRosa Ltd",
    "address1": "663 Abbey Lane",
    "address2": "",
    "zip_code": "S11 9ND",
    "city": "Sheffield",
    "state_code": null,
    "country_code": "GBR",
    "latitude": null,
    "longitude": null}],
 "milestones":
  [{"id": 46142,
    "description": "UPCOMING WEDDING SHOWS",
    "stoned_year": 2014,
    "stoned_month": 1,
    "stoned_day": 26,
    "source_url": "http://www.adelarosa.co.uk/upcoming-wedding-shows/",
    "source_text": null,
    "source_description": "UPCOMING WEDDING SHOWS ",
    "stoneable_type": "Company",
    "stoned_value": null,
    "stoned_value_type": null,
    "stoned_acquirer": null,
    "stoneable":
     {"name": "AdelaRosa Ltd",
      "permalink": "adelarosa-ltd"}}],
 "ipo": null,
 "video_embeds":
  [{"embed_code": "\u003Ciframe width=\"560\" height=\"315\" src=\"//www.youtube.com/embed/cafsIpWMYN8\" frameborder=\"0\" allowfullscreen\u003E\u003C/iframe\u003E",
    "description": "\u003Cp\u003EClassic Wedding Invitation Collection - Adelarosa.co.uk\u003C/p\u003E"},
   {"embed_code": "\u003Ciframe width=\"560\" height=\"315\" src=\"//www.youtube.com/embed/cafsIpWMYN8\" frameborder=\"0\" allowfullscreen\u003E\u003C/iframe\u003E",
    "description": "\u003Cp\u003EClassic Wedding Invitation Collection - Adelarosa.co.uk\u003C/p\u003E"},
   {"embed_code": "\u003Ciframe width=\"560\" height=\"315\" src=\"//www.youtube.com/embed/wZPg9rG8vqE\" frameborder=\"0\" allowfullscreen\u003E\u003C/iframe\u003E",
    "description": "\u003Cp\u003EWedding Invitations | Wedding Invites Process\u003C/p\u003E"}],
 "screenshots":
  [],
 "external_links":
  [{"external_url": "https://www.facebook.com/adelarosaweddingstationery",
    "title": "Facebook"}],
 "partners":
  []}
