{"name": "Adiam",
 "permalink": "adiam",
 "crunchbase_url": "http://www.crunchbase.com/company/adiam",
 "homepage_url": "http://www.adiamtech.com",
 "blog_url": "",
 "blog_feed_url": "",
 "twitter_username": "adiamtech",
 "category_code": "software",
 "number_of_employees": 11,
 "founded_year": 2013,
 "founded_month": null,
 "founded_day": null,
 "deadpooled_year": null,
 "deadpooled_month": null,
 "deadpooled_day": null,
 "deadpooled_url": null,
 "tag_list": "software, mobile, apps, smart-glass, smart-watch, smart-tvs, games, cognitive-computing, natural-language-processing, robotics, motion-sensors, biometrics, consoles, smart-appliances, smart-homes, smart-bands, smart-phones",
 "alias_list": null,
 "email_address": "sales@adiamtech.com",
 "phone_number": "+1-707-902-3427",
 "description": "Software Development",
 "created_at": "Mon Jan 06 08:23:38 UTC 2014",
 "updated_at": "Mon Jan 06 21:24:46 UTC 2014",
 "overview": "\u003Cp\u003EAdiam is a new age technology company that develops apps for today\u2019s leading platforms, including\u003C/p\u003E\n\n\u003Col\u003E\n\u003Cli\u003ESmart phones\u003C/li\u003E\n\u003Cli\u003ESmart glasses\u003C/li\u003E\n\u003Cli\u003ESmart bands\u003C/li\u003E\n\u003Cli\u003ESmart watches\u003C/li\u003E\n\u003Cli\u003ESmart homes\u003C/li\u003E\n\u003Cli\u003ESmart TVs\u003C/li\u003E\n\u003Cli\u003ERobotics\u003C/li\u003E\n\u003Cli\u003EGaming consoles\u003C/li\u003E\n\u003Cli\u003EMotion sensors\u003C/li\u003E\n\u003Cli\u003EBiometrics\u003C/li\u003E\n\u003Cli\u003ECognitive Computing\u003C/li\u003E\n\u003C/ol\u003E",
 "image": null,
 "products":
  [],
 "relationships":
  [{"is_past": false,
    "title": "CEO",
    "person":
     {"first_name": "Advitiya",
      "last_name": "Pandey",
      "permalink": "advitiya-pandey-2"}},
   {"is_past": false,
    "title": "Sr. Account Manager",
    "person":
     {"first_name": "Goutham",
      "last_name": "Joshi",
      "permalink": "goutham-joshi"}}],
 "competitions":
  [],
 "providerships":
  [],
 "total_money_raised": "$0",
 "funding_rounds":
  [],
 "investments":
  [],
 "acquisition": null,
 "acquisitions":
  [],
 "offices":
  [{"description": "HQ",
    "address1": "706 Jaina Tower I, District Center Janakpuri",
    "address2": "",
    "zip_code": "110058",
    "city": "New Delhi",
    "state_code": null,
    "country_code": "IND",
    "latitude": null,
    "longitude": null}],
 "milestones":
  [],
 "ipo": null,
 "video_embeds":
  [],
 "screenshots":
  [],
 "external_links":
  [],
 "partners":
  []}
