{"name": "Adico",
 "permalink": "adico",
 "crunchbase_url": "http://www.crunchbase.com/company/adico",
 "homepage_url": "http://www.adico.com",
 "blog_url": "",
 "blog_feed_url": "",
 "twitter_username": null,
 "category_code": "other",
 "number_of_employees": null,
 "founded_year": null,
 "founded_month": null,
 "founded_day": null,
 "deadpooled_year": null,
 "deadpooled_month": null,
 "deadpooled_day": null,
 "deadpooled_url": null,
 "tag_list": "installation, configuration, commissioning",
 "alias_list": "",
 "email_address": "",
 "phone_number": "985 245 144",
 "description": "Information solutions as turnkey.",
 "created_at": "Fri Jan 10 07:47:40 UTC 2014",
 "updated_at": "Wed Jan 15 23:52:45 UTC 2014",
 "overview": "\u003Cp\u003EAdico is a technology company specializing in information solutions as turnkey.\u003C/p\u003E\n\n\u003Cp\u003EThey implement global solutions in the areas of ICT infrastructure, communications, development, Internet and training.\u003C/p\u003E\n\n\u003Cp\u003EAdico offers quality oriented outcome, global engineering and technology consulting, as well as installation, configuration, commissioning and comprehensive maintenance of all systems and technology platforms.\u003C/p\u003E",
 "image":
  {"available_sizes":
    [[[132,
       45],
      "http://api-images.crunchbase.com/assets/images/resized/0039/1903/391903v1-max-150x150.jpg"],
     [[132,
       45],
      "http://api-images.crunchbase.com/assets/images/resized/0039/1903/391903v1-max-250x250.jpg"],
     [[132,
       45],
      "http://api-images.crunchbase.com/assets/images/resized/0039/1903/391903v1-max-450x450.jpg"]],
   "attribution": null},
 "products":
  [],
 "relationships":
  [{"is_past": false,
    "title": "Team Member",
    "person":
     {"first_name": "Alfredo",
      "last_name": "Rguez Sanchez del R\u00edo",
      "permalink": "alfredo-rguez-sanchez-del-ro"}}],
 "competitions":
  [],
 "providerships":
  [],
 "total_money_raised": "$0",
 "funding_rounds":
  [],
 "investments":
  [],
 "acquisition": null,
 "acquisitions":
  [],
 "offices":
  [{"description": "Headquators",
    "address1": "Pedrayes 6 under",
    "address2": "",
    "zip_code": "33005",
    "city": "Oviedo",
    "state_code": null,
    "country_code": "ESP",
    "latitude": null,
    "longitude": null}],
 "milestones":
  [],
 "ipo": null,
 "video_embeds":
  [],
 "screenshots":
  [{"available_sizes":
     [[[150,
        87],
       "http://api-images.crunchbase.com/assets/images/resized/0039/1902/391902v1-max-150x150.png"],
      [[250,
        145],
       "http://api-images.crunchbase.com/assets/images/resized/0039/1902/391902v1-max-250x250.png"],
      [[450,
        262],
       "http://api-images.crunchbase.com/assets/images/resized/0039/1902/391902v1-max-450x450.png"]],
    "attribution": null}],
 "external_links":
  [],
 "partners":
  []}
