{"name": "ADL Partner",
 "permalink": "adl-partner",
 "crunchbase_url": "http://www.crunchbase.com/company/adl-partner",
 "homepage_url": "http://www.adlpartner.es",
 "blog_url": "",
 "blog_feed_url": "",
 "twitter_username": null,
 "category_code": "other",
 "number_of_employees": null,
 "founded_year": null,
 "founded_month": null,
 "founded_day": null,
 "deadpooled_year": null,
 "deadpooled_month": null,
 "deadpooled_day": null,
 "deadpooled_url": null,
 "tag_list": "member-get-member, traffic-generation, campaigns-branding",
 "alias_list": "",
 "email_address": "",
 "phone_number": "917338199",
 "description": "Provides lead generation services",
 "created_at": "Fri Jan 10 07:56:14 UTC 2014",
 "updated_at": "Fri Jan 10 08:03:29 UTC 2014",
 "overview": "\u003Cp\u003EADLPartner conceives and implements marketing solutions for large companies in order to retain and increase the linking of his clients. ADLPartner has an exclusive focus on direct marketing techniques through multiple channels and use in their campaigns of products and related services.\u003C/p\u003E",
 "image":
  {"available_sizes":
    [[[150,
       84],
      "http://api-images.crunchbase.com/assets/images/resized/0039/1922/391922v1-max-150x150.jpg"],
     [[248,
       140],
      "http://api-images.crunchbase.com/assets/images/resized/0039/1922/391922v1-max-250x250.jpg"],
     [[248,
       140],
      "http://api-images.crunchbase.com/assets/images/resized/0039/1922/391922v1-max-450x450.jpg"]],
   "attribution": null},
 "products":
  [],
 "relationships":
  [],
 "competitions":
  [],
 "providerships":
  [],
 "total_money_raised": "$0",
 "funding_rounds":
  [],
 "investments":
  [],
 "acquisition": null,
 "acquisitions":
  [],
 "offices":
  [{"description": "",
    "address1": "Plaza de Castilla 3, 17, E-1",
    "address2": "",
    "zip_code": "28046",
    "city": "",
    "state_code": null,
    "country_code": "ESP",
    "latitude": null,
    "longitude": null}],
 "milestones":
  [],
 "ipo": null,
 "video_embeds":
  [],
 "screenshots":
  [],
 "external_links":
  [],
 "partners":
  []}
