{"name": "Adlegant",
 "permalink": "adlegant",
 "crunchbase_url": "http://www.crunchbase.com/company/adlegant",
 "homepage_url": "http://adlegant.com",
 "blog_url": "http://blog.adlegant.com",
 "blog_feed_url": "http://blog.adlegant.com/feed/",
 "twitter_username": "adlegant",
 "category_code": "advertising",
 "number_of_employees": 1,
 "founded_year": null,
 "founded_month": null,
 "founded_day": null,
 "deadpooled_year": null,
 "deadpooled_month": null,
 "deadpooled_day": null,
 "deadpooled_url": null,
 "tag_list": "content-distribution, content-monetization, amplify-content-reach, online-advertising, publishing, build-traffic",
 "alias_list": null,
 "email_address": "hello@adlegant.com",
 "phone_number": "+447412919549",
 "description": "Content Distribution",
 "created_at": "Sat Jan 11 11:17:39 UTC 2014",
 "updated_at": "Tue Jan 14 19:22:15 UTC 2014",
 "overview": "\u003Cp\u003EAdlegant helps Content Marketers to distribute the right content, to the right person at the right time. We also help online publishers to monetize their sites.\u003C/p\u003E\n\n\u003Cp\u003EAdlegant gets CM\u2019s content and distribute on multiple websites so we amplify the reach of the content, increase audiences and generate quality leads.\u003C/p\u003E\n\n\u003Cp\u003EFor publishers we replace web banners for content such as: articles, videos, podcasts, etc. Therefore we improve the user experience on the publisher site and generate more leads for Content Marketers, thus more revenue for publishers.\u003C/p\u003E",
 "image":
  {"available_sizes":
    [[[150,
       150],
      "http://api-images.crunchbase.com/assets/images/resized/0039/2620/392620v2-max-150x150.jpg"],
     [[200,
       200],
      "http://api-images.crunchbase.com/assets/images/resized/0039/2620/392620v2-max-250x250.jpg"],
     [[200,
       200],
      "http://api-images.crunchbase.com/assets/images/resized/0039/2620/392620v2-max-450x450.jpg"]],
   "attribution": null},
 "products":
  [],
 "relationships":
  [{"is_past": false,
    "title": "Founder",
    "person":
     {"first_name": "Joan",
      "last_name": "Figuerola Hurtado",
      "permalink": "joan-figuerola-hurtado"}},
   {"is_past": false,
    "title": "Co-Founder",
    "person":
     {"first_name": "Joaquim",
      "last_name": "Ferra",
      "permalink": "joaquim-ferra"}}],
 "competitions":
  [],
 "providerships":
  [],
 "total_money_raised": "$0",
 "funding_rounds":
  [],
 "investments":
  [],
 "acquisition": null,
 "acquisitions":
  [],
 "offices":
  [{"description": "Edinburgh Napier Uni",
    "address1": "Merchiston Campus",
    "address2": "14 Colinton Road",
    "zip_code": "EH105DT",
    "city": "Edinburgh",
    "state_code": null,
    "country_code": "GBR",
    "latitude": null,
    "longitude": null}],
 "milestones":
  [],
 "ipo": null,
 "video_embeds":
  [],
 "screenshots":
  [{"available_sizes":
     [[[150,
        126],
       "http://api-images.crunchbase.com/assets/images/resized/0039/2619/392619v2-max-150x150.png"],
      [[250,
        210],
       "http://api-images.crunchbase.com/assets/images/resized/0039/2619/392619v2-max-250x250.png"],
      [[450,
        378],
       "http://api-images.crunchbase.com/assets/images/resized/0039/2619/392619v2-max-450x450.png"]],
    "attribution": null}],
 "external_links":
  [],
 "partners":
  []}
