{"name": "adMixt.com",
 "permalink": "admixt-com",
 "crunchbase_url": "http://www.crunchbase.com/company/admixt-com",
 "homepage_url": "http://admixt.com",
 "blog_url": "",
 "blog_feed_url": "",
 "twitter_username": "admixt",
 "category_code": "advertising",
 "number_of_employees": 4,
 "founded_year": 2013,
 "founded_month": 6,
 "founded_day": 17,
 "deadpooled_year": null,
 "deadpooled_month": null,
 "deadpooled_day": null,
 "deadpooled_url": null,
 "tag_list": "facebook-ads, facebook, social-marketing, e-commerce, ads, marketing, facebook-marketing, pmd",
 "alias_list": null,
 "email_address": "zach@admixt.com",
 "phone_number": "310-770-2364",
 "description": "Facebook Preferred Marketing Developer",
 "created_at": "Sat Dec 07 15:04:31 UTC 2013",
 "updated_at": "Mon Dec 09 21:02:28 UTC 2013",
 "overview": "\u003Cp\u003EadMixt is an ads badged Facebook Preferred Marketing Developer focused on running profitable campaigns for e-commerce, lead generation, and app development companies.\u003C/p\u003E",
 "image": null,
 "products":
  [],
 "relationships":
  [{"is_past": false,
    "title": "Founder",
    "person":
     {"first_name": "Zach",
      "last_name": "Greenberger",
      "permalink": "zach-greenberger"}}],
 "competitions":
  [{"competitor":
     {"name": "Nanigans",
      "permalink": "nanigans"}},
   {"competitor":
     {"name": "AdParlor",
      "permalink": "adparlor"}},
   {"competitor":
     {"name": "SHIFT",
      "permalink": "shift"}},
   {"competitor":
     {"name": "Adaptly",
      "permalink": "adapt-ly"}},
   {"competitor":
     {"name": "Brighter Option",
      "permalink": "brighter-option"}},
   {"competitor":
     {"name": "BLiNQ Media",
      "permalink": "blinq-media"}},
   {"competitor":
     {"name": "Clickable",
      "permalink": "clickable"}},
   {"competitor":
     {"name": "Spruce Media",
      "permalink": "spruce-media"}},
   {"competitor":
     {"name": "Ampush",
      "permalink": "ampush-media"}},
   {"competitor":
     {"name": "Optimal",
      "permalink": "optimal"}}],
 "providerships":
  [],
 "total_money_raised": "$0",
 "funding_rounds":
  [],
 "investments":
  [],
 "acquisition": null,
 "acquisitions":
  [],
 "offices":
  [{"description": "Los Angeles Office",
    "address1": "",
    "address2": "",
    "zip_code": "90291",
    "city": "Los Angeles",
    "state_code": "CA",
    "country_code": "USA",
    "latitude": null,
    "longitude": null},
   {"description": "New York Office",
    "address1": "",
    "address2": "",
    "zip_code": "10005",
    "city": "New York",
    "state_code": "NY",
    "country_code": "USA",
    "latitude": null,
    "longitude": null}],
 "milestones":
  [],
 "ipo": null,
 "video_embeds":
  [],
 "screenshots":
  [],
 "external_links":
  [],
 "partners":
  []}
