{"name": "ADR Software",
 "permalink": "adr-software",
 "crunchbase_url": "http://www.crunchbase.com/company/adr-software",
 "homepage_url": "http://softwareadr.com",
 "blog_url": "",
 "blog_feed_url": "",
 "twitter_username": null,
 "category_code": "software",
 "number_of_employees": null,
 "founded_year": 2009,
 "founded_month": null,
 "founded_day": null,
 "deadpooled_year": null,
 "deadpooled_month": null,
 "deadpooled_day": null,
 "deadpooled_url": null,
 "tag_list": "",
 "alias_list": "",
 "email_address": "info@softwareadr.com",
 "phone_number": "(703) 230-2588",
 "description": "",
 "created_at": "Wed Dec 11 13:11:51 UTC 2013",
 "updated_at": "Thu Jan 23 11:44:10 UTC 2014",
 "overview": "\u003Cp\u003EADR Software, LLC owns and operates Workforce Monitor\u2122, a service that provides an innovative and compelling solution to a critical problem in the commercial construction industry.\u003C/p\u003E",
 "image":
  {"available_sizes":
    [[[150,
       20],
      "http://api-images.crunchbase.com/assets/images/resized/0037/4374/374374v1-max-150x150.png"],
     [[250,
       33],
      "http://api-images.crunchbase.com/assets/images/resized/0037/4374/374374v1-max-250x250.png"],
     [[423,
       57],
      "http://api-images.crunchbase.com/assets/images/resized/0037/4374/374374v1-max-450x450.png"]],
   "attribution": null},
 "products":
  [],
 "relationships":
  [{"is_past": false,
    "title": "Chairman \u0026 Chief Executive Officer",
    "person":
     {"first_name": "E.",
      "last_name": "Scott Kasprowicz",
      "permalink": "e-scott-kasprowicz"}},
   {"is_past": false,
    "title": "Managing Director \u0026 Vice Chairman \u0026 Board of Directors",
    "person":
     {"first_name": "Bruce",
      "last_name": "Labovitz",
      "permalink": "bruce-labovitz"}},
   {"is_past": false,
    "title": "President",
    "person":
     {"first_name": "Marty",
      "last_name": "Pollak",
      "permalink": "marty-pollak"}},
   {"is_past": false,
    "title": "Board of Directors",
    "person":
     {"first_name": "Gregory",
      "last_name": "Benson",
      "permalink": "gregory-benson"}},
   {"is_past": false,
    "title": "Board of Directors",
    "person":
     {"first_name": "Jeffrey",
      "last_name": "Monroe",
      "permalink": "jeffrey-monroe"}}],
 "competitions":
  [],
 "providerships":
  [],
 "total_money_raised": "$0",
 "funding_rounds":
  [{"id": 57739,
    "round_code": "unattributed",
    "source_url": "http://www.finsmes.com/2013/12/adr-software-receives-investment-cit-gap-funds.html",
    "source_description": "ADR Software Receives Investment from CIT GAP Funds",
    "raised_amount": null,
    "raised_currency_code": "USD",
    "funded_year": 2013,
    "funded_month": 12,
    "funded_day": 11,
    "investments":
     [{"company": null,
       "financial_org":
        {"name": "CIT GAP Funds",
         "permalink": "cit-gap-funds"},
       "person": null}]}],
 "investments":
  [],
 "acquisition": null,
 "acquisitions":
  [],
 "offices":
  [{"description": "",
    "address1": "1860 Michael Faraday Drive",
    "address2": "Suite 175",
    "zip_code": "20190",
    "city": "Reston",
    "state_code": "VA",
    "country_code": "USA",
    "latitude": null,
    "longitude": null}],
 "milestones":
  [],
 "ipo": null,
 "video_embeds":
  [],
 "screenshots":
  [{"available_sizes":
     [[[150,
        94],
       "http://api-images.crunchbase.com/assets/images/resized/0037/4373/374373v1-max-150x150.jpg"],
      [[250,
        157],
       "http://api-images.crunchbase.com/assets/images/resized/0037/4373/374373v1-max-250x250.jpg"],
      [[450,
        284],
       "http://api-images.crunchbase.com/assets/images/resized/0037/4373/374373v1-max-450x450.jpg"]],
    "attribution": null}],
 "external_links":
  [],
 "partners":
  []}
