{"name": "Adrformacion",
 "permalink": "adrformacion",
 "crunchbase_url": "http://www.crunchbase.com/company/adrformacion",
 "homepage_url": "http://www.adrformacion.com",
 "blog_url": "",
 "blog_feed_url": "",
 "twitter_username": "ADRformacion",
 "category_code": "other",
 "number_of_employees": null,
 "founded_year": null,
 "founded_month": null,
 "founded_day": null,
 "deadpooled_year": null,
 "deadpooled_month": null,
 "deadpooled_day": null,
 "deadpooled_url": null,
 "tag_list": "e-learning, online-training, it-application",
 "alias_list": "",
 "email_address": "",
 "phone_number": "",
 "description": "Comprehensive e-learning solutions",
 "created_at": "Fri Jan 10 08:51:59 UTC 2014",
 "updated_at": "Fri Jan 10 08:53:59 UTC 2014",
 "overview": "\u003Cp\u003EADR Infor SL is a company dedicated to the training and development of IT applications. Founded in 1995 they developed their first tele project in 1999 and since then they have directed all their efforts to provide them with a system of on-line Training Technology.\u003C/p\u003E\n\n\u003Cp\u003ETheir on-line training is based on a self-developed platform and a wide range of high quality courses.\u003C/p\u003E\n\n\u003Cp\u003EThe ADR platform on-line training is a Web system that allows the delivery of courses via the Internet and needs minimum user requirements for use, basically have an Internet connection and a browser with Flash plug .\u003C/p\u003E\n\n\u003Cp\u003EThey have a wide range of courses continuously updated and growth. They have equipped the system with a simple method of content integration allows them to incorporate their team subject matter experts who are able to integrate a course, keep and tutorizarlo. \u003C/p\u003E",
 "image":
  {"available_sizes":
    [[[73,
       73],
      "http://api-images.crunchbase.com/assets/images/resized/0039/1974/391974v1-max-150x150.jpg"],
     [[73,
       73],
      "http://api-images.crunchbase.com/assets/images/resized/0039/1974/391974v1-max-250x250.jpg"],
     [[73,
       73],
      "http://api-images.crunchbase.com/assets/images/resized/0039/1974/391974v1-max-450x450.jpg"]],
   "attribution": null},
 "products":
  [],
 "relationships":
  [{"is_past": false,
    "title": "Team member",
    "person":
     {"first_name": "Beatriz",
      "last_name": "Lafuente Delgado",
      "permalink": "beatriz-lafuente-delgado"}},
   {"is_past": false,
    "title": "Team member",
    "person":
     {"first_name": "Antonio",
      "last_name": "Mangado",
      "permalink": "antonio-mangado"}}],
 "competitions":
  [],
 "providerships":
  [],
 "total_money_raised": "$0",
 "funding_rounds":
  [],
 "investments":
  [],
 "acquisition": null,
 "acquisitions":
  [],
 "offices":
  [{"description": "",
    "address1": "Av / Vara de Rey n \u00ba -1 \u00ba 41 Bis",
    "address2": "",
    "zip_code": "626002",
    "city": "Logro\u00f1o",
    "state_code": null,
    "country_code": "ESP",
    "latitude": null,
    "longitude": null}],
 "milestones":
  [],
 "ipo": null,
 "video_embeds":
  [],
 "screenshots":
  [{"available_sizes":
     [[[150,
        123],
       "http://api-images.crunchbase.com/assets/images/resized/0039/1973/391973v1-max-150x150.png"],
      [[250,
        205],
       "http://api-images.crunchbase.com/assets/images/resized/0039/1973/391973v1-max-250x250.png"],
      [[450,
        369],
       "http://api-images.crunchbase.com/assets/images/resized/0039/1973/391973v1-max-450x450.png"]],
    "attribution": null}],
 "external_links":
  [],
 "partners":
  []}
