{"name": "AdriaDrop - Drupal Agency",
 "permalink": "adriadrop-drupal-agency",
 "crunchbase_url": "http://www.crunchbase.com/company/adriadrop-drupal-agency",
 "homepage_url": "http://adriadrop.com",
 "blog_url": "http://drupaldump.com/",
 "blog_feed_url": "",
 "twitter_username": null,
 "category_code": "web",
 "number_of_employees": 3,
 "founded_year": 2005,
 "founded_month": null,
 "founded_day": null,
 "deadpooled_year": null,
 "deadpooled_month": null,
 "deadpooled_day": null,
 "deadpooled_url": null,
 "tag_list": "drupal, agency, web, development",
 "alias_list": null,
 "email_address": "emanuel@arabba.hr",
 "phone_number": "38551642291",
 "description": "Full Service Drupal Agency",
 "created_at": "Mon Dec 30 12:31:51 UTC 2013",
 "updated_at": "Mon Dec 30 14:52:24 UTC 2013",
 "overview": "\u003Cp\u003EAdriaDrop - full service Drupal agency. The company is located in Rijeka, Croatia and works since 2005.\nServices: \n-Web site development based od Drupal CMS\n-Designing and theming Drupal sites\n-Drupal Scaling\n-Custom modules and Fixes\u003C/p\u003E",
 "image": null,
 "products":
  [],
 "relationships":
  [],
 "competitions":
  [],
 "providerships":
  [],
 "total_money_raised": "$0",
 "funding_rounds":
  [],
 "investments":
  [],
 "acquisition": null,
 "acquisitions":
  [],
 "offices":
  [{"description": "Rijeka HQ",
    "address1": "Crn\u010di\u0107eva 4, 51000",
    "address2": "",
    "zip_code": "51000",
    "city": "Rijeka",
    "state_code": null,
    "country_code": "HRV",
    "latitude": null,
    "longitude": null}],
 "milestones":
  [],
 "ipo": null,
 "video_embeds":
  [],
 "screenshots":
  [],
 "external_links":
  [],
 "partners":
  []}
