{"name": "Adsame",
 "permalink": "adsame",
 "crunchbase_url": "http://www.crunchbase.com/company/adsame",
 "homepage_url": "http://www.adsame.com",
 "blog_url": "",
 "blog_feed_url": "",
 "twitter_username": null,
 "category_code": "advertising",
 "number_of_employees": null,
 "founded_year": null,
 "founded_month": null,
 "founded_day": null,
 "deadpooled_year": null,
 "deadpooled_month": null,
 "deadpooled_day": null,
 "deadpooled_url": null,
 "tag_list": "advertising",
 "alias_list": "",
 "email_address": "",
 "phone_number": "",
 "description": "",
 "created_at": "Thu Jan 23 05:54:30 UTC 2014",
 "updated_at": "Thu Mar 13 06:25:35 UTC 2014",
 "overview": "\u003Cp\u003EAdsame, as the pioneer of intelligent digital marketing, takes the top advertising publishing and data insight technology as driving force and integrates media resource with high efficiency to get a full hold of public behavior, and promotes the digital marketing from accuracy, high efficiency to whole-processing and intelligence to help customers to be more concise and efficient in the digital marketing. And it has two platforms\u0026#8212;products platform and media platform. \u003C/p\u003E\n\n\u003Cp\u003EThe product platform includes the leading Dolphin advertising release and management in the field as well as Eagle advertising monitoring and assessment etc. \u003C/p\u003E\n\n\u003Cp\u003EMedia platforms include Max Brand advertising network (portals, vertical, SNS, Video).\u003C/p\u003E",
 "image":
  {"available_sizes":
    [[[150,
       62],
      "http://api-images.crunchbase.com/assets/images/resized/0040/8748/408748v1-max-150x150.png"],
     [[215,
       90],
      "http://api-images.crunchbase.com/assets/images/resized/0040/8748/408748v1-max-250x250.png"],
     [[215,
       90],
      "http://api-images.crunchbase.com/assets/images/resized/0040/8748/408748v1-max-450x450.png"]],
   "attribution": null},
 "products":
  [],
 "relationships":
  [{"is_past": false,
    "title": "CEO and Co-Founder",
    "person":
     {"first_name": "Peng",
      "last_name": "Xu",
      "permalink": "peng-xu"}}],
 "competitions":
  [],
 "providerships":
  [],
 "total_money_raised": "$20M",
 "funding_rounds":
  [{"id": 62271,
    "round_code": "b",
    "source_url": "",
    "source_description": "",
    "raised_amount": 20000000.0,
    "raised_currency_code": "USD",
    "funded_year": 2011,
    "funded_month": 2,
    "funded_day": null,
    "investments":
     [{"company":
        {"name": "Matrix Partners China",
         "permalink": "matrix-partners-china"},
       "financial_org": null,
       "person": null},
      {"company": null,
       "financial_org":
        {"name": "Vertex Venture Holdings",
         "permalink": "vertex-venture-holdings"},
       "person": null},
      {"company": null,
       "financial_org":
        {"name": "SIG China",
         "permalink": "sig-china"},
       "person": null}]}],
 "investments":
  [],
 "acquisition": null,
 "acquisitions":
  [],
 "offices":
  [{"description": "",
    "address1": "Tower A, 100 Zunyi Road, Changning",
    "address2": "27th Floor",
    "zip_code": "",
    "city": "Shanghai",
    "state_code": null,
    "country_code": "CHN",
    "latitude": null,
    "longitude": null}],
 "milestones":
  [],
 "ipo": null,
 "video_embeds":
  [],
 "screenshots":
  [{"available_sizes":
     [[[150,
        114],
       "http://api-images.crunchbase.com/assets/images/resized/0041/3582/413582v1-max-150x150.png"],
      [[250,
        190],
       "http://api-images.crunchbase.com/assets/images/resized/0041/3582/413582v1-max-250x250.png"],
      [[450,
        342],
       "http://api-images.crunchbase.com/assets/images/resized/0041/3582/413582v1-max-450x450.png"]],
    "attribution": null}],
 "external_links":
  [],
 "partners":
  [{"partner_name": "ct_quan",
    "homepage_url": "unknown",
    "link_1_url": null,
    "link_2_url": null,
    "link_3_url": null,
    "link_1_name": null,
    "link_2_name": null,
    "link_3_name": null}]}
