{"name": "Adtrade",
 "permalink": "adtrade",
 "crunchbase_url": "http://www.crunchbase.com/company/adtrade",
 "homepage_url": "http://www.adtrade.com.br",
 "blog_url": "http://www.adtrade.com.br/category/blog/",
 "blog_feed_url": "",
 "twitter_username": "adtradenews",
 "category_code": "advertising",
 "number_of_employees": 4,
 "founded_year": 2013,
 "founded_month": 8,
 "founded_day": 10,
 "deadpooled_year": null,
 "deadpooled_month": null,
 "deadpooled_day": null,
 "deadpooled_url": null,
 "tag_list": "display-rtb-digital-marketing-banners-rich-media",
 "alias_list": null,
 "email_address": "contato@adtrade.com.br",
 "phone_number": "+55 11 4872-8026",
 "description": "Display RTB Advertising Agency",
 "created_at": "Tue Jan 07 18:48:59 UTC 2014",
 "updated_at": "Tue Feb 25 12:44:14 UTC 2014",
 "overview": "\u003Cp\u003EAdtrade is a Display advertising agency catering services to the Latin American market. The venture is headquartered in Brazil and is primarily focused on enhancing clients brand awareness and performance results. Key offers for advertisers include video, social network, mobile and general Display solutions through real-time bidding (RTB). Campaigns are managed by highly skilled engineers specialized in media planning and in using technology to reach the right audience in the best context available. Adtrade works with full transparency on customers budget allocation and is the right partner for companies striving to leverage digital marketing growth.\u003C/p\u003E",
 "image":
  {"available_sizes":
    [[[150,
       138],
      "http://api-images.crunchbase.com/assets/images/resized/0038/9948/389948v2-max-150x150.png"],
     [[250,
       231],
      "http://api-images.crunchbase.com/assets/images/resized/0038/9948/389948v2-max-250x250.png"],
     [[379,
       351],
      "http://api-images.crunchbase.com/assets/images/resized/0038/9948/389948v2-max-450x450.png"]],
   "attribution": null},
 "products":
  [],
 "relationships":
  [{"is_past": false,
    "title": "Co-Founder \u0026 Co-CEO",
    "person":
     {"first_name": "Fernando",
      "last_name": "Mifano Galender",
      "permalink": "fernando-mifano-galender"}},
   {"is_past": false,
    "title": "Co-Founder \u0026 Co-CEO",
    "person":
     {"first_name": "Robson",
      "last_name": "del Fiol",
      "permalink": "robson-del-fiol"}}],
 "competitions":
  [],
 "providerships":
  [],
 "total_money_raised": "$0",
 "funding_rounds":
  [{"id": 64820,
    "round_code": "seed",
    "source_url": "",
    "source_description": "",
    "raised_amount": null,
    "raised_currency_code": "USD",
    "funded_year": 2013,
    "funded_month": 7,
    "funded_day": null,
    "investments":
     []}],
 "investments":
  [],
 "acquisition": null,
 "acquisitions":
  [],
 "offices":
  [{"description": "",
    "address1": "Rua Dr. Diogo de Faria, 775",
    "address2": "Sala 134",
    "zip_code": "",
    "city": "Sao Paulo",
    "state_code": null,
    "country_code": "BRA",
    "latitude": null,
    "longitude": null}],
 "milestones":
  [],
 "ipo": null,
 "video_embeds":
  [],
 "screenshots":
  [],
 "external_links":
  [],
 "partners":
  []}
