{"name": "Advanced Roofing Solutions, Inc.",
 "permalink": "advanced-roofing-solutions",
 "crunchbase_url": "http://www.crunchbase.com/company/advanced-roofing-solutions",
 "homepage_url": "http://www.roofcommander.com",
 "blog_url": "",
 "blog_feed_url": "",
 "twitter_username": "OrlandoRoofers",
 "category_code": "local",
 "number_of_employees": 4,
 "founded_year": 2010,
 "founded_month": null,
 "founded_day": null,
 "deadpooled_year": null,
 "deadpooled_month": null,
 "deadpooled_day": null,
 "deadpooled_url": null,
 "tag_list": "roofing, roofing-contractors, roofers, roofing-companies, home-improvement",
 "alias_list": null,
 "email_address": "info@roofcommander.com",
 "phone_number": "(407) 956-4267",
 "description": "Orlando Roofers",
 "created_at": "Sat Dec 28 00:46:56 UTC 2013",
 "updated_at": "Tue Mar 18 09:27:54 UTC 2014",
 "overview": "\u003Cp\u003EFind recommended roofing contractors in Orlando Florida. Licensed roofers offering residential \u0026amp; commercial roof repair, replacement \u0026amp; hail damage insurance claims. Reliable local roofing company.\u003C/p\u003E\n\n\u003Cp\u003ERoofing Services:\u003C/p\u003E\n\n\u003Cul\u003E\n\u003Cli\u003EResidential Roofing\u003C/li\u003E\n\u003Cli\u003ECommercial Roofing\u003C/li\u003E\n\u003Cli\u003ETile Roofing\u003C/li\u003E\n\u003Cli\u003EMetal Roofing\u003C/li\u003E\n\u003Cli\u003EAsphalt Shingles Installation\u003C/li\u003E\n\u003Cli\u003ERoof Repair\u003C/li\u003E\n\u003Cli\u003ERoof Replacement\u003C/li\u003E\n\u003Cli\u003EStorm \u0026amp; Hail Damage Insurance Claims\u003C/li\u003E\n\u003C/ul\u003E",
 "image":
  {"available_sizes":
    [[[150,
       65],
      "http://api-images.crunchbase.com/assets/images/resized/0038/3993/383993v2-max-150x150.jpg"],
     [[250,
       109],
      "http://api-images.crunchbase.com/assets/images/resized/0038/3993/383993v2-max-250x250.jpg"],
     [[275,
       120],
      "http://api-images.crunchbase.com/assets/images/resized/0038/3993/383993v2-max-450x450.jpg"]],
   "attribution": null},
 "products":
  [],
 "relationships":
  [{"is_past": false,
    "title": "Owner",
    "person":
     {"first_name": "Brandon",
      "last_name": "Losik",
      "permalink": "brandon-losik"}}],
 "competitions":
  [],
 "providerships":
  [],
 "total_money_raised": "$0",
 "funding_rounds":
  [],
 "investments":
  [],
 "acquisition": null,
 "acquisitions":
  [],
 "offices":
  [{"description": "Orlando Roofing HQ",
    "address1": "121 S Orange Ave #1502",
    "address2": "",
    "zip_code": "32801",
    "city": "Orlando",
    "state_code": "FL",
    "country_code": "USA",
    "latitude": null,
    "longitude": null}],
 "milestones":
  [],
 "ipo": null,
 "video_embeds":
  [],
 "screenshots":
  [{"available_sizes":
     [[[150,
        137],
       "http://api-images.crunchbase.com/assets/images/resized/0038/3992/383992v2-max-150x150.png"],
      [[250,
        228],
       "http://api-images.crunchbase.com/assets/images/resized/0038/3992/383992v2-max-250x250.png"],
      [[450,
        412],
       "http://api-images.crunchbase.com/assets/images/resized/0038/3992/383992v2-max-450x450.png"]],
    "attribution": null}],
 "external_links":
  [{"external_url": "http://www.facebook.com/AdvancedRoofingSolutionsOrlando",
    "title": "Facebook Page"},
   {"external_url": "http://plus.google.com/+Orlandoroofingcompany",
    "title": "Google+"}],
 "partners":
  []}
