{"name": "Advanced Voice Recognition Systems",
 "permalink": "advanced-voice-recognition-systems",
 "crunchbase_url": "http://www.crunchbase.com/company/advanced-voice-recognition-systems",
 "homepage_url": "http://www.avrsys.com",
 "blog_url": "",
 "blog_feed_url": "",
 "twitter_username": null,
 "category_code": "software",
 "number_of_employees": null,
 "founded_year": null,
 "founded_month": null,
 "founded_day": null,
 "deadpooled_year": null,
 "deadpooled_month": null,
 "deadpooled_day": null,
 "deadpooled_url": null,
 "tag_list": "",
 "alias_list": "",
 "email_address": "info@avrsys.com",
 "phone_number": "(480) 704-4183",
 "description": "",
 "created_at": "Thu Dec 19 11:42:44 UTC 2013",
 "updated_at": "Tue Feb 11 07:08:25 UTC 2014",
 "overview": "\u003Cp\u003EWe are a patented and patent pending speech recognition technology company with offices in Scottsdale, Arizona.\u003C/p\u003E\n\n\u003Cp\u003EWe specialize in creating interface and application solutions for speech recognition technologies. Our speech recognition software and related firmware was first introduced at Comdex, Las Vegas, Nevada in 1994. \u003C/p\u003E",
 "image":
  {"available_sizes":
    [[[150,
       37],
      "http://api-images.crunchbase.com/assets/images/resized/0037/9513/379513v1-max-150x150.jpg"],
     [[250,
       63],
      "http://api-images.crunchbase.com/assets/images/resized/0037/9513/379513v1-max-250x250.jpg"],
     [[316,
       80],
      "http://api-images.crunchbase.com/assets/images/resized/0037/9513/379513v1-max-450x450.jpg"]],
   "attribution": null},
 "products":
  [],
 "relationships":
  [{"is_past": false,
    "title": "CEO\u0026President",
    "person":
     {"first_name": "Walter",
      "last_name": "Geldenhuys",
      "permalink": "walter-geldenhuys"}},
   {"is_past": false,
    "title": "Secretary Treasurer PAO",
    "person":
     {"first_name": "Diana",
      "last_name": "Jakowchuk",
      "permalink": "diana-jakowchuk"}}],
 "competitions":
  [],
 "providerships":
  [],
 "total_money_raised": "$6.3M",
 "funding_rounds":
  [{"id": 58750,
    "round_code": "unattributed",
    "source_url": "http://www.sec.gov/Archives/edgar/data/1342936/000134293610000005/xslFormDX01/primary_doc.xml",
    "source_description": "SEC",
    "raised_amount": 500000.0,
    "raised_currency_code": "USD",
    "funded_year": 2010,
    "funded_month": 3,
    "funded_day": 17,
    "investments":
     []},
   {"id": 60660,
    "round_code": "convertible",
    "source_url": "http://www.sec.gov/Archives/edgar/data/1342936/000134293610000015/xslFormDX01/primary_doc.xml",
    "source_description": "SEC",
    "raised_amount": 800000.0,
    "raised_currency_code": "USD",
    "funded_year": 2010,
    "funded_month": 5,
    "funded_day": 21,
    "investments":
     []},
   {"id": 64230,
    "round_code": "unattributed",
    "source_url": "http://www.sec.gov/Archives/edgar/data/1342936/000134293608000007/xslFormDX01/primary_doc.xml",
    "source_description": "SEC",
    "raised_amount": 5000000.0,
    "raised_currency_code": "USD",
    "funded_year": 2008,
    "funded_month": 9,
    "funded_day": 25,
    "investments":
     []}],
 "investments":
  [],
 "acquisition": null,
 "acquisitions":
  [],
 "offices":
  [{"description": "",
    "address1": "7659 E. Wood Drive",
    "address2": "",
    "zip_code": "85260",
    "city": "Scottsdale",
    "state_code": "AZ",
    "country_code": "USA",
    "latitude": null,
    "longitude": null}],
 "milestones":
  [],
 "ipo": null,
 "video_embeds":
  [],
 "screenshots":
  [{"available_sizes":
     [[[150,
        73],
       "http://api-images.crunchbase.com/assets/images/resized/0037/9511/379511v1-max-150x150.jpg"],
      [[250,
        122],
       "http://api-images.crunchbase.com/assets/images/resized/0037/9511/379511v1-max-250x250.jpg"],
      [[450,
        220],
       "http://api-images.crunchbase.com/assets/images/resized/0037/9511/379511v1-max-450x450.jpg"]],
    "attribution": null}],
 "external_links":
  [],
 "partners":
  []}
