{"name": "Advanced Interconnect Technologies",
 "permalink": "advanced-interconnect-technologies",
 "crunchbase_url": "http://www.crunchbase.com/company/advanced-interconnect-technologies",
 "homepage_url": null,
 "blog_url": null,
 "blog_feed_url": null,
 "twitter_username": null,
 "category_code": null,
 "number_of_employees": null,
 "founded_year": null,
 "founded_month": null,
 "founded_day": null,
 "deadpooled_year": null,
 "deadpooled_month": null,
 "deadpooled_day": null,
 "deadpooled_url": null,
 "tag_list": null,
 "alias_list": null,
 "email_address": null,
 "phone_number": null,
 "description": null,
 "created_at": "Sun Dec 29 17:42:23 UTC 2013",
 "updated_at": "Sun Dec 29 17:42:23 UTC 2013",
 "overview": null,
 "image": null,
 "products":
  [],
 "relationships":
  [{"is_past": true,
    "title": "Senior Vice President, Finance and Administration and Chief Financial Officer",
    "person":
     {"first_name": "Clyde",
      "last_name": "R. Hosein",
      "permalink": "clyde-r-hosein"}}],
 "competitions":
  [],
 "providerships":
  [],
 "total_money_raised": "$0",
 "funding_rounds":
  [],
 "investments":
  [],
 "acquisition": null,
 "acquisitions":
  [],
 "offices":
  [],
 "milestones":
  [],
 "ipo": null,
 "video_embeds":
  [],
 "screenshots":
  [],
 "external_links":
  [],
 "partners":
  []}
