{"name": "Adventure Land Nepal Travels and Tours",
 "permalink": "adventure-land-nepal-travels-and-tours",
 "crunchbase_url": "http://www.crunchbase.com/company/adventure-land-nepal-travels-and-tours",
 "homepage_url": "http://www.nepaltourinformation.com",
 "blog_url": "http://nepaltourinformation.tumblr.com/",
 "blog_feed_url": "",
 "twitter_username": "nepaltourinform",
 "category_code": "travel",
 "number_of_employees": 10,
 "founded_year": 2001,
 "founded_month": 6,
 "founded_day": 19,
 "deadpooled_year": null,
 "deadpooled_month": null,
 "deadpooled_day": null,
 "deadpooled_url": null,
 "tag_list": "trekking-in-nepal, nepal-tour-operator, nepal-tour, kailash-tour-operator, tour-in-nepal",
 "alias_list": null,
 "email_address": "info@nepaltourinformation.com",
 "phone_number": " +9779841225155",
 "description": "Adventure Land Nepal Tours \u0026 Travels   o",
 "created_at": "Thu Jan 02 03:40:04 UTC 2014",
 "updated_at": "Thu Jan 02 14:21:36 UTC 2014",
 "overview": "\u003Cp\u003EFirst of all, Adventure Land Nepal Tours and Travels (P.) Ltd. most welcome to our valuable clients of the world.\u003C/p\u003E\n\n\u003Cp\u003EWe take pleasure in introducing ourselves as one of the leading tour operator and professional travel agency in tourism industry of Nepal.\u003C/p\u003E\n\n\u003Cp\u003EOur company is well known in tourism field to operate group and individual both kinds of tourists and appears to have a good reputation since it has been established for past over 10 years.\u003C/p\u003E\n\n\u003Cp\u003EWe have been doing adventure travel and tour deals with no occasion of complaints regarding our services.\u003C/p\u003E\n\n\u003Cp\u003EOver 90% of our individual clients and group organizers return to book with us year after year. They do this because we listen to them and provide them with a consistently high standard of service, personalized to meet and exceed their expectations. Visit our Testimonials page to read what our clients say about us.\u003C/p\u003E\n\n\u003Cp\u003EWe organize inbound and outbound tour and trekking.\u003C/p\u003E\n\n\u003Cp\u003EOur major activities in Nepal are package tour, cultural tour, pilgrimage tour, city tour, adventure travel like trekking, peak climbing, rafting, wildlife safari, mountain biking, bungee jumping, mountain flight, helicopter tour. Also we do hotel and resort booking, International and domestic air ticket in any destination of the world.\u003C/p\u003E\n\n\u003Cp\u003EIn outbound tour, we operate Tibet tour, Mount Kailash tour, Bhutan tour and trekking, Darjeeling/Sikkim tour and trekking, Leh and Ladakh trek and all India package tours.\u003C/p\u003E\n\n\u003Cp\u003EWe have available of license holder tour and trekking guide in ability of various languages like as English, Japanese, German, Spanish, Italian, Hindi etc\u2026.\u003C/p\u003E\n\n\u003Cp\u003EWe assure you to provide a best quality services at moderate prices and every effort would be made to give the clients complete satisfaction.\u003C/p\u003E",
 "image": null,
 "products":
  [],
 "relationships":
  [{"is_past": true,
    "title": "Executive Director",
    "person":
     {"first_name": "Chij",
      "last_name": "Gurung",
      "permalink": "chij-gurung"}}],
 "competitions":
  [],
 "providerships":
  [],
 "total_money_raised": "$0",
 "funding_rounds":
  [],
 "investments":
  [],
 "acquisition": null,
 "acquisitions":
  [],
 "offices":
  [],
 "milestones":
  [],
 "ipo": null,
 "video_embeds":
  [],
 "screenshots":
  [],
 "external_links":
  [],
 "partners":
  []}
