{"name": "Advo Support",
 "permalink": "advo-support",
 "crunchbase_url": "http://www.crunchbase.com/company/advo-support",
 "homepage_url": "http://www.advosupport.com",
 "blog_url": "",
 "blog_feed_url": "",
 "twitter_username": null,
 "category_code": "legal",
 "number_of_employees": 15,
 "founded_year": 2000,
 "founded_month": 3,
 "founded_day": 15,
 "deadpooled_year": null,
 "deadpooled_month": null,
 "deadpooled_day": null,
 "deadpooled_url": null,
 "tag_list": "legal-advisors-in-delhi, advocate-in-delhi-ncr, best-advocate-in-ghaziabad, legal-advisors-delhi",
 "alias_list": null,
 "email_address": "webhunt1@gmail.com",
 "phone_number": "919810803545",
 "description": "Legal Advising Firm",
 "created_at": "Fri Jan 03 05:18:59 UTC 2014",
 "updated_at": "Fri Jan 03 16:45:27 UTC 2014",
 "overview": "\u003Cp\u003ELegal advisor is a business of legal services ,offering convenient online services drawing from its own rich resources. Legal advisor always try to satisfy his clients and make best efforts to win and try to get positive result in the benefit of client, always tries to give satisfraction with best efforts through updated legal procedures. For removal all the difficulties and doubts u may contact in person or telephonic approach from 9 am upto 8pm or email at the given email address\u003C/p\u003E",
 "image":
  {"available_sizes":
    [[[150,
       53],
      "http://api-images.crunchbase.com/assets/images/resized/0038/7418/387418v2-max-150x150.png"],
     [[250,
       88],
      "http://api-images.crunchbase.com/assets/images/resized/0038/7418/387418v2-max-250x250.png"],
     [[329,
       117],
      "http://api-images.crunchbase.com/assets/images/resized/0038/7418/387418v2-max-450x450.png"]],
   "attribution": null},
 "products":
  [],
 "relationships":
  [],
 "competitions":
  [],
 "providerships":
  [],
 "total_money_raised": "$0",
 "funding_rounds":
  [],
 "investments":
  [],
 "acquisition": null,
 "acquisitions":
  [],
 "offices":
  [],
 "milestones":
  [],
 "ipo": null,
 "video_embeds":
  [],
 "screenshots":
  [],
 "external_links":
  [{"external_url": "http://www.advosupport.com/aboutus.aspx",
    "title": "Leagl Advisors Ghaziabad|Legal Consultant Delhi|Civil Lawyers In Delhi|Corporate Laywres in Delhi NCR"}],
 "partners":
  []}
