{"name": "Adwo Media Holdings",
 "permalink": "adwo-media-holdings",
 "crunchbase_url": "http://www.crunchbase.com/company/adwo-media-holdings",
 "homepage_url": "http://www.adwo.com",
 "blog_url": "",
 "blog_feed_url": "",
 "twitter_username": null,
 "category_code": "advertising",
 "number_of_employees": null,
 "founded_year": 2010,
 "founded_month": 1,
 "founded_day": null,
 "deadpooled_year": null,
 "deadpooled_month": null,
 "deadpooled_day": null,
 "deadpooled_url": null,
 "tag_list": "",
 "alias_list": "",
 "email_address": "contact@adwo.com",
 "phone_number": "010 -65,815,055",
 "description": "Develops mobile advertising platform",
 "created_at": "Fri Jan 10 00:06:02 UTC 2014",
 "updated_at": "Tue Jan 14 23:34:06 UTC 2014",
 "overview": "\u003Cp\u003EBeijing Adwo Mobile Media Technology Ltd. develops mobile advertising platform. The company was founded in 2010 and is based in Beijing, China.\u003C/p\u003E",
 "image":
  {"available_sizes":
    [[[150,
       27],
      "http://api-images.crunchbase.com/assets/images/resized/0039/1937/391937v1-max-150x150.png"],
     [[250,
       45],
      "http://api-images.crunchbase.com/assets/images/resized/0039/1937/391937v1-max-250x250.png"],
     [[350,
       64],
      "http://api-images.crunchbase.com/assets/images/resized/0039/1937/391937v1-max-450x450.png"]],
   "attribution": null},
 "products":
  [],
 "relationships":
  [{"is_past": false,
    "title": "Board Member",
    "person":
     {"first_name": "Jackie",
      "last_name": "Yang",
      "permalink": "jackie-yang"}}],
 "competitions":
  [],
 "providerships":
  [],
 "total_money_raised": "$0",
 "funding_rounds":
  [{"id": 60610,
    "round_code": "b",
    "source_url": "",
    "source_description": "VC Funding: 2014 Source",
    "raised_amount": null,
    "raised_currency_code": "USD",
    "funded_year": 2012,
    "funded_month": 6,
    "funded_day": 4,
    "investments":
     [{"company": null,
       "financial_org":
        {"name": "Translink Capital",
         "permalink": "translink-capital"},
       "person": null}]}],
 "investments":
  [],
 "acquisition": null,
 "acquisitions":
  [],
 "offices":
  [{"description": "",
    "address1": "",
    "address2": "Guanghua Road, Chaoyang District, Block 8 and Joe Tower A",
    "zip_code": "",
    "city": "Beijing",
    "state_code": null,
    "country_code": "CHN",
    "latitude": null,
    "longitude": null}],
 "milestones":
  [],
 "ipo": null,
 "video_embeds":
  [],
 "screenshots":
  [{"available_sizes":
     [[[150,
        98],
       "http://api-images.crunchbase.com/assets/images/resized/0039/1938/391938v1-max-150x150.png"],
      [[250,
        163],
       "http://api-images.crunchbase.com/assets/images/resized/0039/1938/391938v1-max-250x250.png"],
      [[450,
        294],
       "http://api-images.crunchbase.com/assets/images/resized/0039/1938/391938v1-max-450x450.png"]],
    "attribution": null}],
 "external_links":
  [],
 "partners":
  []}
