{"name": "Aegis",
 "permalink": "aegis",
 "crunchbase_url": "http://www.crunchbase.com/company/aegis",
 "homepage_url": "http://www.aegis-petro.com",
 "blog_url": "",
 "blog_feed_url": "",
 "twitter_username": null,
 "category_code": "cleantech",
 "number_of_employees": null,
 "founded_year": 2009,
 "founded_month": null,
 "founded_day": null,
 "deadpooled_year": null,
 "deadpooled_month": null,
 "deadpooled_day": null,
 "deadpooled_url": null,
 "tag_list": "cleantech",
 "alias_list": "",
 "email_address": "",
 "phone_number": "",
 "description": "",
 "created_at": "Thu Jan 23 05:36:35 UTC 2014",
 "updated_at": "Mon Mar 17 06:24:58 UTC 2014",
 "overview": "\u003Cp\u003EAegis, the full name of which is Aegis Petroleum Technology Co., Ltd, is headquartered in Zhangjiang High-tech Park, Shanghai.Established in 2009,it is a Sino-foreign joint high-tech venture. \u003C/p\u003E\n\n\u003Cp\u003EThe business scope of Aegis covers the fields of various types of sewage treatment, especially focusing on the oil field waste drilling fluid, fracturing and underground wastewater and tertiary oil recovery wastewater treatment. \u003C/p\u003E\n\n\u003Cp\u003EIt has specific technology and complete equipment to deal with sewage disposal process, and it also has proprietary intellectual property rights.\u003C/p\u003E\n\n\u003Cp\u003EIt has formed the ability of offering one-stop service with conceptual design, installation and trial run of projects and devices as well as integrated solution of sewage disposal process.\u003C/p\u003E",
 "image":
  {"available_sizes":
    [[[150,
       34],
      "http://api-images.crunchbase.com/assets/images/resized/0040/8749/408749v1-max-150x150.jpg"],
     [[240,
       55],
      "http://api-images.crunchbase.com/assets/images/resized/0040/8749/408749v1-max-250x250.jpg"],
     [[240,
       55],
      "http://api-images.crunchbase.com/assets/images/resized/0040/8749/408749v1-max-450x450.jpg"]],
   "attribution": null},
 "products":
  [],
 "relationships":
  [{"is_past": false,
    "title": "President",
    "person":
     {"first_name": "Wenyi",
      "last_name": "He",
      "permalink": "wenyi-he"}}],
 "competitions":
  [],
 "providerships":
  [],
 "total_money_raised": "$22.2M",
 "funding_rounds":
  [{"id": 62266,
    "round_code": "c",
    "source_url": "",
    "source_description": "",
    "raised_amount": 9741840.0,
    "raised_currency_code": "USD",
    "funded_year": 2012,
    "funded_month": 6,
    "funded_day": null,
    "investments":
     [{"company": null,
       "financial_org":
        {"name": "GGV Capital",
         "permalink": "ggv-capital"},
       "person": null}]},
   {"id": 62268,
    "round_code": "b",
    "source_url": "",
    "source_description": "",
    "raised_amount": 10000000.0,
    "raised_currency_code": "USD",
    "funded_year": 2011,
    "funded_month": 8,
    "funded_day": null,
    "investments":
     [{"company":
        {"name": "Matrix Partners China",
         "permalink": "matrix-partners-china"},
       "financial_org": null,
       "person": null},
      {"company": null,
       "financial_org":
        {"name": "Draper Fisher Jurvetson (DFJ)",
         "permalink": "draper-fisher-jurvetson"},
       "person": null}]},
   {"id": 62269,
    "round_code": "a",
    "source_url": "",
    "source_description": "",
    "raised_amount": 2500000.0,
    "raised_currency_code": "USD",
    "funded_year": 2010,
    "funded_month": 5,
    "funded_day": null,
    "investments":
     [{"company":
        {"name": "Matrix Partners China",
         "permalink": "matrix-partners-china"},
       "financial_org": null,
       "person": null}]}],
 "investments":
  [],
 "acquisition": null,
 "acquisitions":
  [],
 "offices":
  [{"description": "",
    "address1": "",
    "address2": "",
    "zip_code": "",
    "city": "Shanghai",
    "state_code": null,
    "country_code": "CHN",
    "latitude": null,
    "longitude": null}],
 "milestones":
  [],
 "ipo": null,
 "video_embeds":
  [],
 "screenshots":
  [{"available_sizes":
     [[[150,
        114],
       "http://api-images.crunchbase.com/assets/images/resized/0041/3581/413581v1-max-150x150.png"],
      [[250,
        190],
       "http://api-images.crunchbase.com/assets/images/resized/0041/3581/413581v1-max-250x250.png"],
      [[450,
        342],
       "http://api-images.crunchbase.com/assets/images/resized/0041/3581/413581v1-max-450x450.png"]],
    "attribution": null}],
 "external_links":
  [],
 "partners":
  [{"partner_name": "ct_quan",
    "homepage_url": "unknown",
    "link_1_url": null,
    "link_2_url": null,
    "link_3_url": null,
    "link_1_name": null,
    "link_2_name": null,
    "link_3_name": null}]}
