{"name": "AESGEN, INC.",
 "permalink": "aesgen-inc",
 "crunchbase_url": "http://www.crunchbase.com/company/aesgen-inc",
 "homepage_url": null,
 "blog_url": null,
 "blog_feed_url": null,
 "twitter_username": null,
 "category_code": null,
 "number_of_employees": null,
 "founded_year": null,
 "founded_month": null,
 "founded_day": null,
 "deadpooled_year": null,
 "deadpooled_month": null,
 "deadpooled_day": null,
 "deadpooled_url": null,
 "tag_list": null,
 "alias_list": null,
 "email_address": null,
 "phone_number": null,
 "description": null,
 "created_at": "Sat Dec 14 09:20:55 UTC 2013",
 "updated_at": "Sat Dec 14 09:20:55 UTC 2013",
 "overview": null,
 "image": null,
 "products":
  [],
 "relationships":
  [{"is_past": true,
    "title": "Vice President, Regulatory and Scientific Affairs;",
    "person":
     {"first_name": "Chris",
      "last_name": "L. French",
      "permalink": "chris-l-french-mba"}},
   {"is_past": true,
    "title": "Director, Technical Affairs",
    "person":
     {"first_name": "Chris",
      "last_name": "L. French",
      "permalink": "chris-l-french-mba"}}],
 "competitions":
  [],
 "providerships":
  [],
 "total_money_raised": "$0",
 "funding_rounds":
  [],
 "investments":
  [],
 "acquisition": null,
 "acquisitions":
  [],
 "offices":
  [],
 "milestones":
  [],
 "ipo": null,
 "video_embeds":
  [],
 "screenshots":
  [],
 "external_links":
  [],
 "partners":
  []}
