{"name": "AFAM Capital",
 "permalink": "afam-capital",
 "crunchbase_url": "http://www.crunchbase.com/company/afam-capital",
 "homepage_url": "http://www.afamcapital.com",
 "blog_url": "",
 "blog_feed_url": "",
 "twitter_username": null,
 "category_code": "finance",
 "number_of_employees": null,
 "founded_year": 1977,
 "founded_month": null,
 "founded_day": null,
 "deadpooled_year": null,
 "deadpooled_month": null,
 "deadpooled_day": null,
 "deadpooled_url": null,
 "tag_list": "investments, etf, stocks, bonds, portfolios, mutual-funds, equity",
 "alias_list": null,
 "email_address": "",
 "phone_number": "888.994.6827",
 "description": "Investment Management",
 "created_at": "Mon Dec 16 16:18:20 UTC 2013",
 "updated_at": "Wed Dec 18 23:26:54 UTC 2013",
 "overview": "\u003Cp\u003EAFAM Capital is the premier investment management company that specializes in the management of exchange-traded funds and equity portfolios. AFAM Capital operates under three fundamental principles: selection, diversification, and patience. By adhering to these three fundamental principles, AFAM Capital  can identify under-valued stocks accurately and efficiently resulting in higher returns for investors. At AFAM, it is their goal to provide the highest quality investment solutions to all clients, stakeholders, and subscribers. For more information regarding services please visit AFAMcapital.com.\u003C/p\u003E",
 "image": null,
 "products":
  [],
 "relationships":
  [],
 "competitions":
  [],
 "providerships":
  [],
 "total_money_raised": "$0",
 "funding_rounds":
  [],
 "investments":
  [],
 "acquisition": null,
 "acquisitions":
  [],
 "offices":
  [{"description": "Texas Office - Corporate",
    "address1": "12117 FM 2244 Bldg 3 - #170",
    "address2": "",
    "zip_code": "78738",
    "city": "Austin",
    "state_code": "TX",
    "country_code": "USA",
    "latitude": null,
    "longitude": null}],
 "milestones":
  [],
 "ipo": null,
 "video_embeds":
  [],
 "screenshots":
  [{"available_sizes":
     [[[150,
        75],
       "http://api-images.crunchbase.com/assets/images/resized/0037/7090/377090v2-max-150x150.jpg"],
      [[250,
        126],
       "http://api-images.crunchbase.com/assets/images/resized/0037/7090/377090v2-max-250x250.jpg"],
      [[450,
        227],
       "http://api-images.crunchbase.com/assets/images/resized/0037/7090/377090v2-max-450x450.jpg"]],
    "attribution": null}],
 "external_links":
  [{"external_url": "http://www.linkedin.com/company/732347?goback=%2Efps_PBCK_Al+Frank+Asset+Management%2C+Inc",
    "title": "LinkedIn"},
   {"external_url": "https://www.facebook.com/ThePrudentSpeculator",
    "title": "Facebook"}],
 "partners":
  []}
