{"name": "Affilired",
 "permalink": "affilired",
 "crunchbase_url": "http://www.crunchbase.com/company/affilired",
 "homepage_url": "http://www.affilired.com/en/index.html",
 "blog_url": "",
 "blog_feed_url": "",
 "twitter_username": "affilired",
 "category_code": "other",
 "number_of_employees": null,
 "founded_year": null,
 "founded_month": null,
 "founded_day": null,
 "deadpooled_year": null,
 "deadpooled_month": null,
 "deadpooled_day": null,
 "deadpooled_url": null,
 "tag_list": "affiliate-networks, world-wide-presence, internet",
 "alias_list": "",
 "email_address": "",
 "phone_number": "971908803",
 "description": "Travel performance agency",
 "created_at": "Fri Jan 10 09:44:27 UTC 2014",
 "updated_at": "Fri Jan 10 09:46:52 UTC 2014",
 "overview": "\u003Cp\u003EAffiliRed is the first affiliate platform to focus exclusively on companies in the tourist industry.\nTheir platform connects with different affiliate networks with world-wide presence, thereby enabling advertisers to optimize time and resources.\u003C/p\u003E\n\n\u003Cp\u003EHere at AffiliRed what they do is promote a large number of advertisers on the Internet, our main aim being to increase the number of visits made to their own websites and, as a consequence, the direct sales made on these, while at the same time enhancing branding and brand loyalty among end users.\nThe system of remuneration for these campaigns is based on the payment of a commission on the sales generated, with absolutely no kind of extra costs or joining fees involved.\u003C/p\u003E\n\n\u003Cp\u003EFounded in 2006, and with a team which can claim over 5 years experience in affiliate marketing and 4 more in online marketing, AffiliRed is today the biggest affiliate platform dedicated to tourism in the world.\nAt present we manage the affiliate campaigns of over 135 companies in the world of tourism, most of them of recognised prestige and international renown.\u003C/p\u003E",
 "image":
  {"available_sizes":
    [[[73,
       73],
      "http://api-images.crunchbase.com/assets/images/resized/0039/2046/392046v1-max-150x150.png"],
     [[73,
       73],
      "http://api-images.crunchbase.com/assets/images/resized/0039/2046/392046v1-max-250x250.png"],
     [[73,
       73],
      "http://api-images.crunchbase.com/assets/images/resized/0039/2046/392046v1-max-450x450.png"]],
   "attribution": null},
 "products":
  [],
 "relationships":
  [],
 "competitions":
  [],
 "providerships":
  [],
 "total_money_raised": "$0",
 "funding_rounds":
  [],
 "investments":
  [],
 "acquisition": null,
 "acquisitions":
  [],
 "offices":
  [{"description": "",
    "address1": "",
    "address2": "",
    "zip_code": "",
    "city": "Baleares",
    "state_code": null,
    "country_code": "ESP",
    "latitude": null,
    "longitude": null}],
 "milestones":
  [],
 "ipo": null,
 "video_embeds":
  [],
 "screenshots":
  [{"available_sizes":
     [[[150,
        90],
       "http://api-images.crunchbase.com/assets/images/resized/0039/2051/392051v1-max-150x150.png"],
      [[250,
        151],
       "http://api-images.crunchbase.com/assets/images/resized/0039/2051/392051v1-max-250x250.png"],
      [[450,
        271],
       "http://api-images.crunchbase.com/assets/images/resized/0039/2051/392051v1-max-450x450.png"]],
    "attribution": null}],
 "external_links":
  [],
 "partners":
  []}
