{"name": "African Bamboo",
 "permalink": "african-bamboo",
 "crunchbase_url": "http://www.crunchbase.com/company/african-bamboo",
 "homepage_url": "http://african-bamboo.com",
 "blog_url": "",
 "blog_feed_url": "",
 "twitter_username": null,
 "category_code": "local",
 "number_of_employees": null,
 "founded_year": null,
 "founded_month": null,
 "founded_day": null,
 "deadpooled_year": null,
 "deadpooled_month": null,
 "deadpooled_day": null,
 "deadpooled_url": null,
 "tag_list": "",
 "alias_list": "",
 "email_address": "info@african-bamboo.com",
 "phone_number": "+251 115 52 12 82",
 "description": "",
 "created_at": "Thu Dec 12 04:59:50 UTC 2013",
 "updated_at": "Fri Dec 13 00:06:53 UTC 2013",
 "overview": "\u003Cp\u003EBased in Addis Ababa, African Bamboo has developed an environmentally friendly thermal process for treating bamboo, called ThermoWood. ThermoWood eliminates signs of decay, making the bamboo, an abundant resource in Ethiopia, a more reliable commodity for farmers to sell. The goal is to make bamboo, which is now vastly underutilized in Ethiopia, a cash crop for the country\u0026#8217;s farmers.\u003C/p\u003E\n\n\u003Cp\u003EAfrican Bamboo PLC is a forestry, wood and bio-energy company established in the Netherlands and Ethiopia in January 2012. African Bamboo PLC is a wholly owned subsidiary of Fortune Enterprise PLC, a privately owned company engaged in wood and metal furniture manufacturing in Addis Ababa since 1961.\u003C/p\u003E\n\n\u003Cp\u003EThe furniture industry in Ethiopia is composed of a large number of small-scale and cottage type furniture making workshops and a few relatively large furniture factories. Fortune Enterprise PLC is one of the largest best organized and equipped factories in the country. Today the company has over 150 permanent employees, and reached an annual turnover of Eur 3 million in 2010.\u003C/p\u003E\n\n\u003Cp\u003EFor the manufacturing of furniture, Fortune Enterprise PLC mainly works with traditional woods like teak, pine and some local species. However these traditional woods are a scarcity in Ethiopia as the country suffers severe deforestation. Ethiopia\u2019s forests are falling from 15 Mio ha (1990) to 12.3 Mio ha in 2010 with an annual depletion rate of 140,000 ha per year.\u003C/p\u003E\n\n\u003Cp\u003ETherefore over the last couple of years, the company looked for sustainable alternatives and quickly realized the potential of bamboo as a source of raw material for furniture and industrial applications. Over the past three years Fortune Enterprise PLC has been actively engaged in developing its knowledge base and expertise in the bamboo sector, specifically for the industrial and construction related applications. In January 2012, Fortune Enterprise PLC registered its bamboo business unit, African Bamboo PLC.\u003C/p\u003E\n\n\u003Cp\u003EIt is the company\u0026#8217;s objective to optimize the multi-purpose benefits of bamboo in Ethiopia to its fullest by sustainably exploiting parts of the huge Ethiopian bamboo resources, producing compressed panels and outdoor decking for the export market as well as clean and high quality bamboo charcoal briquettes for the local market. That way the company  ensures adaptation to deforestation and meets local energy needs. African Bamboo is striving to become Africa\u2019s largest exporter of high value bamboo products providing the world market with a highly competitive and sustainable alternative for hardwood composites.\u003C/p\u003E",
 "image":
  {"available_sizes":
    [[[150,
       59],
      "http://api-images.crunchbase.com/assets/images/resized/0037/5373/375373v1-max-150x150.png"],
     [[228,
       90],
      "http://api-images.crunchbase.com/assets/images/resized/0037/5373/375373v1-max-250x250.png"],
     [[228,
       90],
      "http://api-images.crunchbase.com/assets/images/resized/0037/5373/375373v1-max-450x450.png"]],
   "attribution": null},
 "products":
  [],
 "relationships":
  [],
 "competitions":
  [],
 "providerships":
  [],
 "total_money_raised": "$0",
 "funding_rounds":
  [],
 "investments":
  [],
 "acquisition": null,
 "acquisitions":
  [],
 "offices":
  [{"description": "",
    "address1": "",
    "address2": "",
    "zip_code": "",
    "city": "Addis Ababa",
    "state_code": null,
    "country_code": "ETH",
    "latitude": null,
    "longitude": null}],
 "milestones":
  [],
 "ipo": null,
 "video_embeds":
  [],
 "screenshots":
  [{"available_sizes":
     [[[150,
        142],
       "http://api-images.crunchbase.com/assets/images/resized/0037/5375/375375v1-max-150x150.png"],
      [[250,
        237],
       "http://api-images.crunchbase.com/assets/images/resized/0037/5375/375375v1-max-250x250.png"],
      [[450,
        428],
       "http://api-images.crunchbase.com/assets/images/resized/0037/5375/375375v1-max-450x450.png"]],
    "attribution": null},
   {"available_sizes":
     [[[150,
        143],
       "http://api-images.crunchbase.com/assets/images/resized/0037/5376/375376v1-max-150x150.png"],
      [[250,
        239],
       "http://api-images.crunchbase.com/assets/images/resized/0037/5376/375376v1-max-250x250.png"],
      [[450,
        431],
       "http://api-images.crunchbase.com/assets/images/resized/0037/5376/375376v1-max-450x450.png"]],
    "attribution": null}],
 "external_links":
  [],
 "partners":
  []}
