{"name": "Afrimarket",
 "permalink": "afrimarket",
 "crunchbase_url": "http://www.crunchbase.com/company/afrimarket",
 "homepage_url": "http://afrimarket.fr",
 "blog_url": "",
 "blog_feed_url": "",
 "twitter_username": "Afri_market",
 "category_code": "other",
 "number_of_employees": 15,
 "founded_year": 2013,
 "founded_month": 3,
 "founded_day": 4,
 "deadpooled_year": null,
 "deadpooled_month": null,
 "deadpooled_day": null,
 "deadpooled_url": null,
 "tag_list": "money-transfer, remitances, cash-to-goods, dedicated-funds",
 "alias_list": null,
 "email_address": "contact@afrimarketgroup.com",
 "phone_number": "33800807087",
 "description": "Sending dedicated money to Africa",
 "created_at": "Wed Dec 11 08:04:04 UTC 2013",
 "updated_at": "Wed Dec 18 10:15:08 UTC 2013",
 "overview": "\u003Cp\u003EAfrimarket is an innovative Money Transfer operator with a cash-to-goods approach, helping African migrants remit dedicated funds to Africa at a fraction of current money transfer costs.\u003C/p\u003E\n\n\u003Cp\u003EAfrimarket enables African migrants to send dedicated funds to their families back home at a fraction of the price of traditional money transfer giants. In 2012, African migrant workers sent nearly US $60 billion in remittances to support their families.\u003C/p\u003E\n\n\u003Cp\u003EAfrican migrants face two challenges when remitting funds. \u003C/p\u003E\n\n\u003Cul\u003E\n\u003Cli\u003EFirst, the cost. Africans pay more to send money home than any other migrant group. In fact, the average cost of sending money to Africa is almost 12 percent, much higher than the global average of 8.96 percent.\u003C/li\u003E\n\u003Cli\u003ESecond, part of the money that manages to make it home is not used for its intended purpose \u2013 rather, it can be diverted or lost to other needs deemed by the recipient to be more important.\u003C/li\u003E\n\u003C/ul\u003E\n\n\u003Cp\u003EAfrimarket allows migrants to remit dedicated funds at specific point of sales where they can buy food, medicine or pay for tuition fees. Cutting out money transfer agents and other middlemen in favor of mobile phones, the Afrimarket platform is able to drive down fees for remittance senders, and thereby increase the amount of money that reaches the intended recipient.\u003C/p\u003E\n\n\u003Cp\u003ETo send dedicated funds via Afrimarket, migrant workers simply need to log into their online Afrimarket account (soon to expand to brick-and-mortar agents in sending countries), enter their payment information, specify the recipients\u2019 phone number, choose a specific point-of-sale for funds to be received, and click send.\u003C/p\u003E\n\n\u003Cp\u003EWhat distinguishes Afrimarket from other mobile remittance platforms is what happens on the recipient end. Through the platform, money is transferred from the sender\u0026#8217;s Afrimarket digital account in the form of credit (rather than cash), which can only be redeemed at designated point-of-sales, and used for specific purposes.\u003C/p\u003E",
 "image":
  {"available_sizes":
    [[[150,
       150],
      "http://api-images.crunchbase.com/assets/images/resized/0037/4109/374109v2-max-150x150.png"],
     [[250,
       250],
      "http://api-images.crunchbase.com/assets/images/resized/0037/4109/374109v2-max-250x250.png"],
     [[450,
       450],
      "http://api-images.crunchbase.com/assets/images/resized/0037/4109/374109v2-max-450x450.png"]],
   "attribution": null},
 "products":
  [],
 "relationships":
  [],
 "competitions":
  [],
 "providerships":
  [],
 "total_money_raised": "\u20ac523k",
 "funding_rounds":
  [{"id": 58596,
    "round_code": "seed",
    "source_url": "",
    "source_description": "",
    "raised_amount": 523000.0,
    "raised_currency_code": "EUR",
    "funded_year": 2013,
    "funded_month": 7,
    "funded_day": null,
    "investments":
     []}],
 "investments":
  [],
 "acquisition": null,
 "acquisitions":
  [],
 "offices":
  [{"description": "Headquarters",
    "address1": "3 rue de paradis",
    "address2": "",
    "zip_code": "75010",
    "city": "Paris",
    "state_code": null,
    "country_code": "FRA",
    "latitude": null,
    "longitude": null}],
 "milestones":
  [],
 "ipo": null,
 "video_embeds":
  [{"embed_code": "\u003Ciframe width=\"560\" height=\"315\" src=\"//www.youtube.com/embed/XO-Y7sUZwSo\" frameborder=\"0\" allowfullscreen\u003E\u003C/iframe\u003E",
    "description": ""}],
 "screenshots":
  [],
 "external_links":
  [{"external_url": "http://lentreprise.lexpress.fr/business-commerce/afrimarket-la-nouvelle-concurrence-de-western-union_44613.html",
    "title": "Afrimarket, la nouvelle concurrence de Western Union En savoir plus sur http://lentreprise.lexpress.fr/business-commerce/afrimarket-la-nouvelle-concurrence-de-western-union_44613.html#HLW5WuQgj9HMrIfJ.99"},
   {"external_url": "http://economie.jeuneafrique.com/regions/international-panafricain/19944-afrimarket-veut-transformer-le-transfert-dargent.html",
    "title": "DIASPORA Afrimarket veut transformer le transfert d'argent"}],
 "partners":
  []}
