{"name": "AFXXX.com",
 "permalink": "afxxx-com",
 "crunchbase_url": "http://www.crunchbase.com/company/afxxx-com",
 "homepage_url": null,
 "blog_url": null,
 "blog_feed_url": null,
 "twitter_username": null,
 "category_code": null,
 "number_of_employees": null,
 "founded_year": null,
 "founded_month": null,
 "founded_day": null,
 "deadpooled_year": null,
 "deadpooled_month": null,
 "deadpooled_day": null,
 "deadpooled_url": null,
 "tag_list": null,
 "alias_list": null,
 "email_address": null,
 "phone_number": null,
 "description": null,
 "created_at": "Tue Dec 17 23:14:12 UTC 2013",
 "updated_at": "Thu Dec 19 00:25:32 UTC 2013",
 "overview": null,
 "image": null,
 "products":
  [],
 "relationships":
  [],
 "competitions":
  [],
 "providerships":
  [],
 "total_money_raised": "$0",
 "funding_rounds":
  [],
 "investments":
  [],
 "acquisition":
  {"price_amount": 700000.0,
   "price_currency_code": "USD",
   "term_code": "cash",
   "source_url": "",
   "source_description": "",
   "acquired_year": 2013,
   "acquired_month": 8,
   "acquired_day": 10,
   "acquiring_company":
    {"name": "American Fantasy Entertainment Group",
     "permalink": "american-fansasy-entertainment"}},
 "acquisitions":
  [],
 "offices":
  [],
 "milestones":
  [],
 "ipo": null,
 "video_embeds":
  [],
 "screenshots":
  [],
 "external_links":
  [],
 "partners":
  []}
