{"name": "Ag-West Bio",
 "permalink": "ag-west-bio",
 "crunchbase_url": "http://www.crunchbase.com/company/ag-west-bio",
 "homepage_url": "http://www.agwest.sk.ca",
 "blog_url": "",
 "blog_feed_url": "",
 "twitter_username": "agwestbio",
 "category_code": null,
 "number_of_employees": null,
 "founded_year": null,
 "founded_month": null,
 "founded_day": null,
 "deadpooled_year": null,
 "deadpooled_month": null,
 "deadpooled_day": null,
 "deadpooled_url": null,
 "tag_list": "",
 "alias_list": "",
 "email_address": "agwest@agwest.sk.ca",
 "phone_number": "306-975-1939",
 "description": "",
 "created_at": "Mon Jan 20 12:04:44 UTC 2014",
 "updated_at": "Mon Jan 20 12:05:55 UTC 2014",
 "overview": "\u003Cp\u003EAg-West Bio Inc. is a catalyst for Saskatchewan\u2019s bioeconomy, helping to move research to market. A not-for-profit, member-based organization, Ag-West Bio is funded by Saskatchewan\u2019s Ministry of Agriculture and Agriculture \u0026amp; Agri-Food Canada\u0026#8217;s Growing Forward program. The company was created in 1989 as Ag-West Biotech and renamed Ag-West Bio in 2004.\u003C/p\u003E\n\n\u003Cp\u003EAg-West Bio member companies include research organizations, industry (from SMEs to multinationals), research service organizations, economic development organizations and commodity groups. Members represent the biotechnology, bioproducts and biofuels, and health and nutrition sectors.\u003C/p\u003E\n\n\u003Cp\u003EEntrepreneurs commercializing their innovations come to Ag-West Bio for pathfinding and help creating a sound business plan. We collaborate with the Raj Manek Mentorship program, matching prot\u00e9g\u00e9s with experienced mentors.\u003C/p\u003E\n\n\u003Cp\u003EOur commercialization fund has assisted many early stage companies, as well as enabling established companies expand their businesses. By hosting numerous networking events, conferences and seminars, we help our community stay connected and informed. We lead delegations to relevant conferences, such as BIO International, and help set up meetings for incoming delegations interested in doing business or finding research partners in Saskatchewan. Ag-West Bio also participates with like-minded companies from across Canada in creating awareness of the industry for the government.\u003C/p\u003E",
 "image":
  {"available_sizes":
    [[[150,
       90],
      "http://api-images.crunchbase.com/assets/images/resized/0039/7672/397672v1-max-150x150.png"],
     [[217,
       131],
      "http://api-images.crunchbase.com/assets/images/resized/0039/7672/397672v1-max-250x250.png"],
     [[217,
       131],
      "http://api-images.crunchbase.com/assets/images/resized/0039/7672/397672v1-max-450x450.png"]],
   "attribution": null},
 "products":
  [],
 "relationships":
  [],
 "competitions":
  [],
 "providerships":
  [],
 "total_money_raised": "$0",
 "funding_rounds":
  [],
 "investments":
  [],
 "acquisition": null,
 "acquisitions":
  [],
 "offices":
  [{"description": "",
    "address1": "101 - 111 Research Drive",
    "address2": "",
    "zip_code": "S7N 3R2",
    "city": "Saskatoon",
    "state_code": null,
    "country_code": "CAN",
    "latitude": null,
    "longitude": null}],
 "milestones":
  [],
 "ipo": null,
 "video_embeds":
  [],
 "screenshots":
  [{"available_sizes":
     [[[150,
        99],
       "http://api-images.crunchbase.com/assets/images/resized/0039/7671/397671v1-max-150x150.png"],
      [[250,
        165],
       "http://api-images.crunchbase.com/assets/images/resized/0039/7671/397671v1-max-250x250.png"],
      [[450,
        297],
       "http://api-images.crunchbase.com/assets/images/resized/0039/7671/397671v1-max-450x450.png"]],
    "attribution": null}],
 "external_links":
  [],
 "partners":
  []}
