{"name": "Agape Counseling Center",
 "permalink": "agape-counseling-center",
 "crunchbase_url": "http://www.crunchbase.com/company/agape-counseling-center",
 "homepage_url": "http://www.agapecounselingsd.com",
 "blog_url": "",
 "blog_feed_url": "",
 "twitter_username": null,
 "category_code": "health",
 "number_of_employees": null,
 "founded_year": null,
 "founded_month": null,
 "founded_day": null,
 "deadpooled_year": null,
 "deadpooled_month": null,
 "deadpooled_day": null,
 "deadpooled_url": null,
 "tag_list": "counseling, sioux-falls, brandon, sd, therapy, therapist, counselor, marriage, depression, anxiety, weight, spirituality, body-issues, life-transition, teens, family, parents",
 "alias_list": null,
 "email_address": "",
 "phone_number": "605-582-4722",
 "description": "Sioux Falls Counseling Services",
 "created_at": "Tue Dec 17 22:49:14 UTC 2013",
 "updated_at": "Thu Dec 19 00:25:41 UTC 2013",
 "overview": "\u003Cp\u003ETherapy and counseling for families, teens, adults and parents. Counseling for anxiety, depression, weight and body issues, life transitions, spirituality and marriage counseling. We also help people deal with divorce, remarriage, family guidance, crisis Intervention, career counseling and stress management.\u003C/p\u003E",
 "image":
  {"available_sizes":
    [[[150,
       107],
      "http://api-images.crunchbase.com/assets/images/resized/0037/8102/378102v2-max-150x150.jpg"],
     [[200,
       143],
      "http://api-images.crunchbase.com/assets/images/resized/0037/8102/378102v2-max-250x250.jpg"],
     [[200,
       143],
      "http://api-images.crunchbase.com/assets/images/resized/0037/8102/378102v2-max-450x450.jpg"]],
   "attribution": null},
 "products":
  [],
 "relationships":
  [{"is_past": false,
    "title": "Owner/Counselor",
    "person":
     {"first_name": "Erin",
      "last_name": "Sanford",
      "permalink": "erin-sanford-2"}}],
 "competitions":
  [],
 "providerships":
  [{"title": "Internet Marketing",
    "is_past": false,
    "provider":
     {"name": "website promotion",
      "permalink": "website-promotion-3"}}],
 "total_money_raised": "$0",
 "funding_rounds":
  [],
 "investments":
  [],
 "acquisition": null,
 "acquisitions":
  [],
 "offices":
  [{"description": "Agape Counseling Center",
    "address1": "1320 E. Rushmore Drive, suite 104",
    "address2": "",
    "zip_code": "57005",
    "city": "Brandon",
    "state_code": "SD",
    "country_code": "USA",
    "latitude": null,
    "longitude": null}],
 "milestones":
  [],
 "ipo": null,
 "video_embeds":
  [],
 "screenshots":
  [],
 "external_links":
  [],
 "partners":
  []}
