{"name": "AGEA JINRONG",
 "permalink": "agea-jinrong",
 "crunchbase_url": "http://www.crunchbase.com/company/agea-jinrong",
 "homepage_url": "http://www.agea.com",
 "blog_url": "",
 "blog_feed_url": "",
 "twitter_username": "AgeaJinrong",
 "category_code": "finance",
 "number_of_employees": null,
 "founded_year": 2005,
 "founded_month": null,
 "founded_day": null,
 "deadpooled_year": null,
 "deadpooled_month": null,
 "deadpooled_day": null,
 "deadpooled_url": null,
 "tag_list": "forex, cfd, indexes, commodities, online-trading",
 "alias_list": null,
 "email_address": "support@agea.com",
 "phone_number": "",
 "description": "Online trading services",
 "created_at": "Wed Jan 08 14:30:56 UTC 2014",
 "updated_at": "Wed Jan 08 17:23:04 UTC 2014",
 "overview": "\u003Cp\u003EFinancial company specialized in providing traders with online trading services.\u003C/p\u003E\n\n\u003Cp\u003ETraders can use Streamster or MetaTrader to trade FOREX, CFDs, indexes, commodities. \u003C/p\u003E",
 "image": null,
 "products":
  [],
 "relationships":
  [],
 "competitions":
  [],
 "providerships":
  [],
 "total_money_raised": "$0",
 "funding_rounds":
  [],
 "investments":
  [],
 "acquisition": null,
 "acquisitions":
  [],
 "offices":
  [],
 "milestones":
  [],
 "ipo": null,
 "video_embeds":
  [],
 "screenshots":
  [],
 "external_links":
  [],
 "partners":
  []}
