{"name": "Agen Judi Casino Terpercaya - Agen Bola Piala Dunia 2014",
 "permalink": "agen-judi-casino-terpercaya-agen-bola-piala-dunia-2014",
 "crunchbase_url": "http://www.crunchbase.com/company/agen-judi-casino-terpercaya-agen-bola-piala-dunia-2014",
 "homepage_url": "http://lucky9casino.com",
 "blog_url": "",
 "blog_feed_url": "",
 "twitter_username": null,
 "category_code": "sports",
 "number_of_employees": null,
 "founded_year": 1994,
 "founded_month": 2,
 "founded_day": 19,
 "deadpooled_year": null,
 "deadpooled_month": null,
 "deadpooled_day": null,
 "deadpooled_url": null,
 "tag_list": "agen-judi-casino, agen-judi-bola, agen-bola, agen-casino, agen-judi-terpercaya, bandar-taruhan",
 "alias_list": null,
 "email_address": "",
 "phone_number": "",
 "description": "Agen Judi Casino Online Terpercaya ",
 "created_at": "Sun Dec 29 12:36:50 UTC 2013",
 "updated_at": "Mon Dec 30 00:37:23 UTC 2013",
 "overview": "\u003Cp\u003ELucky9casino.com merupakan Situs Agen Judi Online Casino Resmi yang telah Berkembang Pesat,yang dibuat untuk memberikan kemudahan untuk para Peminat Judi Online dalam bermain judi selayaknya di Casino.Kami Sebagai Agen Betting Agen Judi Resmi yang berdiri di Kamboja siap melayani anda para Pemain Judi Casino ataupun Judi Bola di Seluruh Indonesia selama 24 jam NONSTOP dengan Layanan Chat Customer Service kami yang Cepat,Ramah dan Sopan.\nKami menyediakan 19 macam Permainan Casino untuk Member-Member Setia kami dalam Permainan Sportbook seperti SBOBET | IBCBET | 368BET | SSBET | IBET789 | dan Permainan Casino Online seperti 338a | ASIA8BET | HOLIDAY PALACE | GUAVITA | IONCASINO | 1SCASINO | GD88 | BAROCO303 | GOLDEN666 | ASIAPOKER77 | 9 NAGA TANGKAS | TANGKAS777 dan Judi Togel ISIN4D.\nKeunggulan Dari Situs Resmi Kami adalah Pelayanan yang Cepat,Mudah dan Aman dalam melakukan Pendaftaran,Deposit hingga Penarikan uang Kemenangan,Serta Jaminan Kerahasian Data Member.Hanya dengan Deposit Awal Sebesar Rp.50.000,- Anda langsung dapat bergabung bersama kami dalam Situs Agen Judi Online Resmi ini.\nUntuk Anda yang ingin bergabung bersama kami,langkah awal yang harus anda lakukan adalah cukup melakukan pengisian data lengkap Anda dikolom yang telah kami sediakan dibawah ini,Setelah mengisi Data lengkap Anda bisa menghubungi Customer Service kami untuk mendapatkan No Rekening Bank Lokal kami agar Anda dapat melakukan Deposit Awal untuk menyelesaikan Syarat bergabung dalam Situs ini.\nSegera Daftarkan diri anda untuk bergabung bersama kami di Agen Judi Online Casino - Agen Judi Bola Resmi Terpercaya untuk mendapatkan Promosi dan Bonus yang kami berikan dalam setiap Pendaftaran.\u003C/p\u003E",
 "image":
  {"available_sizes":
    [[[150,
       82],
      "http://api-images.crunchbase.com/assets/images/resized/0038/4330/384330v2-max-150x150.png"],
     [[250,
       136],
      "http://api-images.crunchbase.com/assets/images/resized/0038/4330/384330v2-max-250x250.png"],
     [[450,
       246],
      "http://api-images.crunchbase.com/assets/images/resized/0038/4330/384330v2-max-450x450.png"]],
   "attribution": null},
 "products":
  [],
 "relationships":
  [],
 "competitions":
  [],
 "providerships":
  [],
 "total_money_raised": "$0",
 "funding_rounds":
  [],
 "investments":
  [],
 "acquisition": null,
 "acquisitions":
  [],
 "offices":
  [],
 "milestones":
  [],
 "ipo": null,
 "video_embeds":
  [],
 "screenshots":
  [],
 "external_links":
  [],
 "partners":
  []}
