{"name": "Agence Synapse",
 "permalink": "agence-synapse",
 "crunchbase_url": "http://www.crunchbase.com/company/agence-synapse",
 "homepage_url": "http://www.agencesynapse.com",
 "blog_url": "",
 "blog_feed_url": "",
 "twitter_username": null,
 "category_code": "advertising",
 "number_of_employees": null,
 "founded_year": 2008,
 "founded_month": null,
 "founded_day": null,
 "deadpooled_year": null,
 "deadpooled_month": null,
 "deadpooled_day": null,
 "deadpooled_url": null,
 "tag_list": "exhibition-booths, design-exhibition-displays, tradeshow-booths, tradeshow-displays, convention-booths",
 "alias_list": null,
 "email_address": "info@agencesynapse.com",
 "phone_number": "514 697 1002",
 "description": "Exhibition \u0026 Convention Booths",
 "created_at": "Mon Jan 13 20:09:21 UTC 2014",
 "updated_at": "Tue Jan 14 20:03:57 UTC 2014",
 "overview": "\u003Cp\u003EAgence Synapse specializes in the design, build \u0026amp; installation of custom exhibition, tradeshow \u0026amp; convention booths \u0026amp; displays. They provide a full service anywhere in Canada, USA \u0026amp; Europe.\u003C/p\u003E",
 "image":
  {"available_sizes":
    [[[150,
       32],
      "http://api-images.crunchbase.com/assets/images/resized/0039/3574/393574v2-max-150x150.jpg"],
     [[250,
       53],
      "http://api-images.crunchbase.com/assets/images/resized/0039/3574/393574v2-max-250x250.jpg"],
     [[260,
       56],
      "http://api-images.crunchbase.com/assets/images/resized/0039/3574/393574v2-max-450x450.jpg"]],
   "attribution": null},
 "products":
  [],
 "relationships":
  [],
 "competitions":
  [],
 "providerships":
  [],
 "total_money_raised": "$0",
 "funding_rounds":
  [],
 "investments":
  [],
 "acquisition": null,
 "acquisitions":
  [],
 "offices":
  [{"description": "Montreal Office",
    "address1": "150 Boulevard Brunswick",
    "address2": "Pointe-Claire",
    "zip_code": "H9R 5P9",
    "city": "Montreal",
    "state_code": null,
    "country_code": "CAN",
    "latitude": null,
    "longitude": null}],
 "milestones":
  [],
 "ipo": null,
 "video_embeds":
  [],
 "screenshots":
  [],
 "external_links":
  [],
 "partners":
  []}
