{"name": "Aggios",
 "permalink": "aggios",
 "crunchbase_url": "http://www.crunchbase.com/company/aggios",
 "homepage_url": "http://aggios.com",
 "blog_url": "",
 "blog_feed_url": "",
 "twitter_username": null,
 "category_code": "software",
 "number_of_employees": null,
 "founded_year": null,
 "founded_month": null,
 "founded_day": null,
 "deadpooled_year": null,
 "deadpooled_month": null,
 "deadpooled_day": null,
 "deadpooled_url": null,
 "tag_list": "",
 "alias_list": "",
 "email_address": "info@aggios.com",
 "phone_number": "310 405 4161",
 "description": "",
 "created_at": "Mon Dec 16 13:56:54 UTC 2013",
 "updated_at": "Mon Dec 16 13:56:53 UTC 2013",
 "overview": "\u003Cp\u003EUsers of the newest mobile and embedded devices, like smartphones or TVs, demand smaller, sleeker and cooler devices with more exciting, energy hungry features. At the same time, they expect longer battery life and higher energy efficiency at lower costs. Device manufacturers and their component suppliers see energy as the dominant competitive differentiator as less heat dissipation allows them to build smaller devices with smaller batteries and lower overall energy consumption to meet national regulations to save energy. Stay tuned \u0026#8230;\u003C/p\u003E",
 "image":
  {"available_sizes":
    [[[150,
       60],
      "http://api-images.crunchbase.com/assets/images/resized/0037/7036/377036v1-max-150x150.jpg"],
     [[171,
       69],
      "http://api-images.crunchbase.com/assets/images/resized/0037/7036/377036v1-max-250x250.jpg"],
     [[171,
       69],
      "http://api-images.crunchbase.com/assets/images/resized/0037/7036/377036v1-max-450x450.jpg"]],
   "attribution": null},
 "products":
  [],
 "relationships":
  [{"is_past": false,
    "title": "Co-Founder \u0026 CEO",
    "person":
     {"first_name": "Vojin",
      "last_name": "Zivojnovic",
      "permalink": "vojin-zivojnovic"}},
   {"is_past": false,
    "title": "CTO",
    "person":
     {"first_name": "Tom",
      "last_name": "Collopy",
      "permalink": "tom-collopy"}},
   {"is_past": false,
    "title": "Co-Founder",
    "person":
     {"first_name": "Davorin",
      "last_name": "Mista",
      "permalink": "davorin-mista"}}],
 "competitions":
  [],
 "providerships":
  [],
 "total_money_raised": "$0",
 "funding_rounds":
  [{"id": 58319,
    "round_code": "unattributed",
    "source_url": "http://www.socaltech.com/aggios_gets_energy_commission_funding/s-0052795.html",
    "source_description": "AGGIOS Gets Energy Commission Funding",
    "raised_amount": null,
    "raised_currency_code": "USD",
    "funded_year": 2013,
    "funded_month": 12,
    "funded_day": 16,
    "investments":
     []}],
 "investments":
  [],
 "acquisition": null,
 "acquisitions":
  [],
 "offices":
  [{"description": "",
    "address1": "2967 Michelson Drive",
    "address2": "Suite G 700",
    "zip_code": "92612",
    "city": "Irvine",
    "state_code": "CA",
    "country_code": "USA",
    "latitude": null,
    "longitude": null}],
 "milestones":
  [],
 "ipo": null,
 "video_embeds":
  [],
 "screenshots":
  [{"available_sizes":
     [[[150,
        112],
       "http://api-images.crunchbase.com/assets/images/resized/0037/7035/377035v1-max-150x150.jpg"],
      [[250,
        187],
       "http://api-images.crunchbase.com/assets/images/resized/0037/7035/377035v1-max-250x250.jpg"],
      [[450,
        337],
       "http://api-images.crunchbase.com/assets/images/resized/0037/7035/377035v1-max-450x450.jpg"]],
    "attribution": null}],
 "external_links":
  [],
 "partners":
  []}
