{"name": "Agilecraft Oy",
 "permalink": "agilecraft-oy",
 "crunchbase_url": "http://www.crunchbase.com/company/agilecraft-oy",
 "homepage_url": "http://agilecraft.wordpress.com",
 "blog_url": "http://agilecraft.wordpress.com/",
 "blog_feed_url": "",
 "twitter_username": "pheiramo",
 "category_code": "consulting",
 "number_of_employees": 1,
 "founded_year": 2010,
 "founded_month": 1,
 "founded_day": 27,
 "deadpooled_year": null,
 "deadpooled_month": null,
 "deadpooled_day": null,
 "deadpooled_url": null,
 "tag_list": "agile, training, coaching, consulting, scrum, kanban, lean, lean-startup, management-3-0, cst, csm, cspo",
 "alias_list": null,
 "email_address": "petri.heiramo@agilecraft.fi",
 "phone_number": "+35840-7092526",
 "description": "Agile training, coaching and consulting",
 "created_at": "Mon Dec 16 01:12:27 UTC 2013",
 "updated_at": "Wed Dec 18 01:50:11 UTC 2013",
 "overview": "\u003Cp\u003EAgilecraft Oy is a Finnish consulting company specializing in Agile training, coaching and consulting for private companies. \u003C/p\u003E\n\n\u003Cp\u003EAgilecraft can provide trainings for Scrum Alliance\u0026#8217;s Scrum certifications (CSM, CSPO). If certification isn\u0026#8217;t the goal, trainings can be tailored for any company need. Coaching for Agile teams can be done in Finland (at the moment due to travel constraints). Consultation can be requested for e.g. Agile contracting issues, project management, product ownership, Lean Startup, Management 3.0, workshop facilitation, and Agile transformations / adoptions.\u003C/p\u003E\n\n\u003Cp\u003EThe company\u0026#8217;s focus is not any single framework or certification, but on the client\u0026#8217;s successful use of Agile to deliver business value. Therefore, even in Scrum trainings, the intent is to help participants adopt an open mind to different Agile approaches. \u003C/p\u003E\n\n\u003Cp\u003EAgilecraft\u0026#8217;s CEO is Petri Heiramo, who is a Certified Scrum Trainer since 2008. \u003C/p\u003E",
 "image": null,
 "products":
  [],
 "relationships":
  [{"is_past": false,
    "title": "CEO",
    "person":
     {"first_name": "Petri",
      "last_name": "Heiramo",
      "permalink": "petri-heiramo"}}],
 "competitions":
  [],
 "providerships":
  [],
 "total_money_raised": "$0",
 "funding_rounds":
  [],
 "investments":
  [],
 "acquisition": null,
 "acquisitions":
  [],
 "offices":
  [{"description": "Office",
    "address1": "Temppelikatu 17 A 17",
    "address2": "",
    "zip_code": "00100",
    "city": "Helsinki",
    "state_code": null,
    "country_code": "FIN",
    "latitude": null,
    "longitude": null}],
 "milestones":
  [],
 "ipo": null,
 "video_embeds":
  [],
 "screenshots":
  [],
 "external_links":
  [],
 "partners":
  []}
