{"name": "Agilis Biotherapeutics",
 "permalink": "agilis-biotherapeutics",
 "crunchbase_url": "http://www.crunchbase.com/company/agilis-biotherapeutics",
 "homepage_url": "http://www.agilisbio.com",
 "blog_url": "",
 "blog_feed_url": "",
 "twitter_username": null,
 "category_code": "biotech",
 "number_of_employees": null,
 "founded_year": null,
 "founded_month": null,
 "founded_day": null,
 "deadpooled_year": null,
 "deadpooled_month": null,
 "deadpooled_day": null,
 "deadpooled_url": null,
 "tag_list": "",
 "alias_list": "",
 "email_address": "",
 "phone_number": "",
 "description": "",
 "created_at": "Thu Jan 02 04:04:43 UTC 2014",
 "updated_at": "Thu Jan 09 12:27:00 UTC 2014",
 "overview": "\u003Cp\u003EAgilis Biotherapeutics, LLC is a biotechnology company focused on designing and engineering first-in-class DNA-based therapeutics to improve and save the lives of patients affected by life-threatening or fatal rare diseases for which there are no or limited treatment options. We believe that engineered DNA-based therapeutics provide the ability to target underlying disease mechanisms with tightly-controlled multigenic modalities leading to \u201cfunctional cures\u201d for patients with these diseases. \u003C/p\u003E",
 "image":
  {"available_sizes":
    [[[150,
       88],
      "http://api-images.crunchbase.com/assets/images/resized/0038/6474/386474v1-max-150x150.png"],
     [[250,
       147],
      "http://api-images.crunchbase.com/assets/images/resized/0038/6474/386474v1-max-250x250.png"],
     [[286,
       169],
      "http://api-images.crunchbase.com/assets/images/resized/0038/6474/386474v1-max-450x450.png"]],
   "attribution": null},
 "products":
  [],
 "relationships":
  [{"is_past": false,
    "title": "CEO",
    "person":
     {"first_name": "George",
      "last_name": "S. Zorich",
      "permalink": "george-s-zorich"}}],
 "competitions":
  [],
 "providerships":
  [],
 "total_money_raised": "$8M",
 "funding_rounds":
  [{"id": 59702,
    "round_code": "unattributed",
    "source_url": "http://www.finsmes.com/2013/12/agilis-biotherapeutics-completes-8m-financing.html",
    "source_description": "Agilis Biotherapeutics Completes $8M Financing",
    "raised_amount": 8000000.0,
    "raised_currency_code": "USD",
    "funded_year": 2014,
    "funded_month": 1,
    "funded_day": 1,
    "investments":
     []}],
 "investments":
  [],
 "acquisition": null,
 "acquisitions":
  [],
 "offices":
  [{"description": "",
    "address1": "",
    "address2": "",
    "zip_code": "",
    "city": "",
    "state_code": "NY",
    "country_code": "USA",
    "latitude": null,
    "longitude": null}],
 "milestones":
  [],
 "ipo": null,
 "video_embeds":
  [],
 "screenshots":
  [{"available_sizes":
     [[[150,
        68],
       "http://api-images.crunchbase.com/assets/images/resized/0038/6473/386473v1-max-150x150.png"],
      [[250,
        113],
       "http://api-images.crunchbase.com/assets/images/resized/0038/6473/386473v1-max-250x250.png"],
      [[450,
        204],
       "http://api-images.crunchbase.com/assets/images/resized/0038/6473/386473v1-max-450x450.png"]],
    "attribution": null}],
 "external_links":
  [],
 "partners":
  []}
