{"name": "Agilis Digital",
 "permalink": "agilis-digital",
 "crunchbase_url": "http://www.crunchbase.com/company/agilis-digital",
 "homepage_url": "http://agilisdigital.com",
 "blog_url": "http://www.agilisdigital.com/agilis-agile-marketing/agile-inbound-marketing-blog/",
 "blog_feed_url": "http://www.agilisdigital.com/agilis-agile-marketing/agile-inbound-marketing-blog/feed",
 "twitter_username": "agilisdigital",
 "category_code": "consulting",
 "number_of_employees": 5,
 "founded_year": null,
 "founded_month": null,
 "founded_day": null,
 "deadpooled_year": null,
 "deadpooled_month": null,
 "deadpooled_day": null,
 "deadpooled_url": null,
 "tag_list": "digital-marketing, inbound-marketing, content-distribution, social-media-marketing, b2b, technology",
 "alias_list": null,
 "email_address": "hello@agilisdigital.co",
 "phone_number": "07503 881040",
 "description": "Inbound Marketing Agency for B2B Tech",
 "created_at": "Sat Dec 07 14:09:28 UTC 2013",
 "updated_at": "Wed Jan 08 22:07:36 UTC 2014",
 "overview": "\u003Cp\u003EAgilis Digital is a UK based inbound marketing agency focused on the B2B Technology sector. We help businesses increases leads and conversions through effective use of social media, inbound marketing and content distribution strategies. \u003C/p\u003E",
 "image":
  {"available_sizes":
    [[[150,
       74],
      "http://api-images.crunchbase.com/assets/images/resized/0038/1767/381767v2-max-150x150.png"],
     [[150,
       74],
      "http://api-images.crunchbase.com/assets/images/resized/0038/1767/381767v2-max-250x250.png"],
     [[150,
       74],
      "http://api-images.crunchbase.com/assets/images/resized/0038/1767/381767v2-max-450x450.png"]],
   "attribution": null},
 "products":
  [],
 "relationships":
  [{"is_past": false,
    "title": "Managing Director",
    "person":
     {"first_name": "Julian",
      "last_name": "Bradder",
      "permalink": "julian-bradder"}}],
 "competitions":
  [],
 "providerships":
  [],
 "total_money_raised": "$0",
 "funding_rounds":
  [],
 "investments":
  [],
 "acquisition": null,
 "acquisitions":
  [],
 "offices":
  [],
 "milestones":
  [],
 "ipo": null,
 "video_embeds":
  [],
 "screenshots":
  [],
 "external_links":
  [],
 "partners":
  []}
