{"name": "Agilis International",
 "permalink": "agilis-international",
 "crunchbase_url": "http://www.crunchbase.com/company/agilis-international",
 "homepage_url": "http://www.agilisinternational.com",
 "blog_url": "",
 "blog_feed_url": "",
 "twitter_username": "AgilisIntl",
 "category_code": null,
 "number_of_employees": null,
 "founded_year": 2003,
 "founded_month": null,
 "founded_day": null,
 "deadpooled_year": null,
 "deadpooled_month": null,
 "deadpooled_day": null,
 "deadpooled_url": null,
 "tag_list": "",
 "alias_list": "",
 "email_address": "agilisinformation@agilisinternational.com",
 "phone_number": "+1 240 912 3040",
 "description": "",
 "created_at": "Sat Jan 11 05:38:20 UTC 2014",
 "updated_at": "Sat Jan 11 05:40:11 UTC 2014",
 "overview": "\u003Cp\u003EAgilis International is a leading provider of Customer and Operational Analytics to help meet Communication Service Provider\u0026#8217;s (CSP) challenges around: Revenue and Cost Assurance, Fraud Management, Margin Visibility, Customer Lifecycle Management, Data Warehousing and Reporting. The solutions deployed by Agilis International cover wireline, GSM/CDMA and broadband based networks for voice, data and video services. \u003C/p\u003E\n\n\u003Cp\u003EMost analytics use regression analysis, essentially tagging variables as good or bad, and then weighting them to produce a score. But this does not take into account the inter-dependencies of the variables effect on each other, the effect of the timing and order of the variables occurring along with the sampling sizes that effect outcomes. Agilis Analytics create complex relationships among variables, recognizing that timing and relationships of variables need to be accounted for in the modeling. Our analytics are self-learning programs and process more than 15 billion events per day. Even in the world of Big Data, very few players\u2019 models and programs get to profit from this much evidence and experience. The result is dramatically better models providing the ability to take into account all of the internal and external factors that drive decisioning, for more accurate predictions of future behaviors or patterns.\u003C/p\u003E",
 "image":
  {"available_sizes":
    [[[150,
       57],
      "http://api-images.crunchbase.com/assets/images/resized/0039/2513/392513v1-max-150x150.png"],
     [[184,
       71],
      "http://api-images.crunchbase.com/assets/images/resized/0039/2513/392513v1-max-250x250.png"],
     [[184,
       71],
      "http://api-images.crunchbase.com/assets/images/resized/0039/2513/392513v1-max-450x450.png"]],
   "attribution": null},
 "products":
  [],
 "relationships":
  [],
 "competitions":
  [],
 "providerships":
  [],
 "total_money_raised": "$0",
 "funding_rounds":
  [],
 "investments":
  [],
 "acquisition":
  {"price_amount": null,
   "price_currency_code": "USD",
   "term_code": null,
   "source_url": "http://www.agilisinternational.com/about-us/news/item/infogix-completes-acquisition-of-agilis-international/",
   "source_description": "Infogix Completes Acquisition of Agilis International",
   "acquired_year": 2014,
   "acquired_month": 1,
   "acquired_day": 10,
   "acquiring_company":
    {"name": "Infogix",
     "permalink": "infogix"}},
 "acquisitions":
  [],
 "offices":
  [{"description": "",
    "address1": "",
    "address2": "1 Research Court, Suite 370 Rockville",
    "zip_code": "",
    "city": "Rockville",
    "state_code": "MD",
    "country_code": "USA",
    "latitude": null,
    "longitude": null}],
 "milestones":
  [],
 "ipo": null,
 "video_embeds":
  [],
 "screenshots":
  [{"available_sizes":
     [[[150,
        90],
       "http://api-images.crunchbase.com/assets/images/resized/0039/2512/392512v1-max-150x150.png"],
      [[250,
        150],
       "http://api-images.crunchbase.com/assets/images/resized/0039/2512/392512v1-max-250x250.png"],
      [[450,
        270],
       "http://api-images.crunchbase.com/assets/images/resized/0039/2512/392512v1-max-450x450.png"]],
    "attribution": null}],
 "external_links":
  [],
 "partners":
  []}
