{"name": "Agora News",
 "permalink": "agora-news",
 "crunchbase_url": "http://www.crunchbase.com/company/agora-news",
 "homepage_url": "http://agoranews.es",
 "blog_url": "http://agoranews.es/blog",
 "blog_feed_url": "http://agoranews.es/blog/rss.xml",
 "twitter_username": "agoranews",
 "category_code": "games_video",
 "number_of_employees": null,
 "founded_year": 2008,
 "founded_month": 5,
 "founded_day": 8,
 "deadpooled_year": null,
 "deadpooled_month": null,
 "deadpooled_day": null,
 "deadpooled_url": null,
 "tag_list": "live-tv, entertainment, online-video-streaming",
 "alias_list": "",
 "email_address": "info@agoranews.net",
 "phone_number": "+34 910 00 44 43",
 "description": "Live TV Events",
 "created_at": "Fri Jan 10 05:28:21 UTC 2014",
 "updated_at": "Fri Jan 10 08:09:45 UTC 2014",
 "overview": "\u003Cp\u003EAgora News Agency is the first online video in Spanish. Produce designed specifically for Internet video and broadcast major events of public sector and private. They are also specialized in developing WebTV and online video campaigns that leverage the power of social media to increase the visibility of brands and organizations.\u003C/p\u003E",
 "image":
  {"available_sizes":
    [[[150,
       150],
      "http://api-images.crunchbase.com/assets/images/resized/0039/1747/391747v1-max-150x150.jpg"],
     [[240,
       240],
      "http://api-images.crunchbase.com/assets/images/resized/0039/1747/391747v1-max-250x250.jpg"],
     [[240,
       240],
      "http://api-images.crunchbase.com/assets/images/resized/0039/1747/391747v1-max-450x450.jpg"]],
   "attribution": null},
 "products":
  [],
 "relationships":
  [{"is_past": false,
    "title": "Director",
    "person":
     {"first_name": "David",
      "last_name": "Heinemeier Hansson",
      "permalink": "david-heinemeier-hansson-2"}}],
 "competitions":
  [],
 "providerships":
  [],
 "total_money_raised": "$0",
 "funding_rounds":
  [],
 "investments":
  [],
 "acquisition": null,
 "acquisitions":
  [],
 "offices":
  [{"description": "",
    "address1": "",
    "address2": "c/Villablanca 85, Desp102",
    "zip_code": "28032",
    "city": "Madrid",
    "state_code": null,
    "country_code": "ESP",
    "latitude": null,
    "longitude": null}],
 "milestones":
  [],
 "ipo": null,
 "video_embeds":
  [],
 "screenshots":
  [{"available_sizes":
     [[[150,
        55],
       "http://api-images.crunchbase.com/assets/images/resized/0039/1750/391750v1-max-150x150.jpg"],
      [[250,
        92],
       "http://api-images.crunchbase.com/assets/images/resized/0039/1750/391750v1-max-250x250.jpg"],
      [[450,
        166],
       "http://api-images.crunchbase.com/assets/images/resized/0039/1750/391750v1-max-450x450.jpg"]],
    "attribution": null}],
 "external_links":
  [],
 "partners":
  []}
