{"name": "Agralogics",
 "permalink": "agralogics",
 "crunchbase_url": "http://www.crunchbase.com/company/agralogics",
 "homepage_url": "http://www.agralogics.com",
 "blog_url": "",
 "blog_feed_url": "",
 "twitter_username": null,
 "category_code": "hospitality",
 "number_of_employees": null,
 "founded_year": 2013,
 "founded_month": null,
 "founded_day": null,
 "deadpooled_year": null,
 "deadpooled_month": null,
 "deadpooled_day": null,
 "deadpooled_url": null,
 "tag_list": "",
 "alias_list": "",
 "email_address": "",
 "phone_number": " \t408-476-1190",
 "description": "",
 "created_at": "Tue Jan 14 05:20:15 UTC 2014",
 "updated_at": "Tue Jan 14 05:21:41 UTC 2014",
 "overview": "\u003Cp\u003EAgralogics is making layers upon layers of pixelated geospatial data easily and instantaneously accessible for the food ecosystem.\u003C/p\u003E\n\n\u003Cp\u003EWe are on the road to giving the food ecosystem:\u003C/p\u003E\n\n\u003Col\u003E\n\u003Cli\u003EEasy access to public and personal data\u003C/li\u003E\n\u003Cli\u003EIntuitive data visualization and insight\u003C/li\u003E\n\u003Cli\u003EActionable intelligence to drive decisions\u003C/li\u003E\n\u003Cli\u003EIndispensable predictive analytics capabilities\u003C/li\u003E\n\u003C/ol\u003E",
 "image":
  {"available_sizes":
    [[[150,
       45],
      "http://api-images.crunchbase.com/assets/images/resized/0039/3689/393689v1-max-150x150.png"],
     [[250,
       75],
      "http://api-images.crunchbase.com/assets/images/resized/0039/3689/393689v1-max-250x250.png"],
     [[386,
       116],
      "http://api-images.crunchbase.com/assets/images/resized/0039/3689/393689v1-max-450x450.png"]],
   "attribution": null},
 "products":
  [],
 "relationships":
  [{"is_past": false,
    "title": "CEO",
    "person":
     {"first_name": "Sumer",
      "last_name": "Johal",
      "permalink": "sumer-johal"}}],
 "competitions":
  [],
 "providerships":
  [],
 "total_money_raised": "$100k",
 "funding_rounds":
  [{"id": 60983,
    "round_code": "debt_round",
    "source_url": "http://marketbrief.com/agralogics-inc-form-d-sec-filng-2014-1-13?utm_source=twitterfeed\u0026utm_medium=twitter",
    "source_description": "Agralogics Inc raises $100K",
    "raised_amount": 100000.0,
    "raised_currency_code": "USD",
    "funded_year": 2014,
    "funded_month": 1,
    "funded_day": 13,
    "investments":
     []}],
 "investments":
  [],
 "acquisition": null,
 "acquisitions":
  [],
 "offices":
  [{"description": "",
    "address1": "",
    "address2": "2977 YGNACIO VALLEY ROAD, SUITE 421",
    "zip_code": "94598",
    "city": "WALNUT CREEK",
    "state_code": "CA",
    "country_code": "USA",
    "latitude": null,
    "longitude": null}],
 "milestones":
  [],
 "ipo": null,
 "video_embeds":
  [],
 "screenshots":
  [{"available_sizes":
     [[[150,
        67],
       "http://api-images.crunchbase.com/assets/images/resized/0039/3688/393688v1-max-150x150.png"],
      [[250,
        113],
       "http://api-images.crunchbase.com/assets/images/resized/0039/3688/393688v1-max-250x250.png"],
      [[450,
        203],
       "http://api-images.crunchbase.com/assets/images/resized/0039/3688/393688v1-max-450x450.png"]],
    "attribution": null}],
 "external_links":
  [],
 "partners":
  []}
