{"name": "AgriWebb",
 "permalink": "agriwebb",
 "crunchbase_url": "http://www.crunchbase.com/company/agriwebb",
 "homepage_url": "http://www.agriwebb.com",
 "blog_url": "",
 "blog_feed_url": "",
 "twitter_username": "AgriWebb",
 "category_code": "ecommerce",
 "number_of_employees": 5,
 "founded_year": 2013,
 "founded_month": 4,
 "founded_day": null,
 "deadpooled_year": null,
 "deadpooled_month": null,
 "deadpooled_day": null,
 "deadpooled_url": null,
 "tag_list": "",
 "alias_list": null,
 "email_address": "info@agriwebb.com",
 "phone_number": "+1 650-422-4522",
 "description": "Ebay for Cattle",
 "created_at": "Thu Jan 09 22:55:57 UTC 2014",
 "updated_at": "Tue Jan 21 09:42:00 UTC 2014",
 "overview": "\u003Cp\u003EDesigned after months of consultation with farmers, AgriWebb leverages technology to intuitively solve time, management and cost drains for livestock production.\u003C/p\u003E\n\n\u003Cp\u003EAgriWebb coordinates a tablet application, an online sales platform, and custom sensors designed to give time back to managers and improve profits.\u003C/p\u003E\n\n\u003Cp\u003EThe tablet application is a multi-purpose, simple to use tool that records all management information in real-time and with instant back-up. No longer will users have to transfer information from a pocket notebook to a computer.\u003C/p\u003E\n\n\u003Cp\u003EThe AgriWebb Auction site replaces the traditional antiquated stockyard auction process with a streamlined online marketplace. The site is integrated with the tablet, automatically updating life-cycle information, increasing transparency and trust for buyers while returning margins to sellers.\u003C/p\u003E\n\n\u003Cp\u003EWith customers signed up to the beta trial and a round of funding in place, AgriWebb is poised to disrupt the $1.4 trillion livestock agriculture industry.\u003C/p\u003E",
 "image":
  {"available_sizes":
    [[[150,
       96],
      "http://api-images.crunchbase.com/assets/images/resized/0039/2481/392481v2-max-150x150.png"],
     [[228,
       146],
      "http://api-images.crunchbase.com/assets/images/resized/0039/2481/392481v2-max-250x250.png"],
     [[228,
       146],
      "http://api-images.crunchbase.com/assets/images/resized/0039/2481/392481v2-max-450x450.png"]],
   "attribution": null},
 "products":
  [],
 "relationships":
  [{"is_past": false,
    "title": "Co-founder",
    "person":
     {"first_name": "Justin",
      "last_name": "Webb",
      "permalink": "justin-webb"}},
   {"is_past": false,
    "title": "CTO",
    "person":
     {"first_name": "Alex",
      "last_name": "Sieke",
      "permalink": "alex-sieke"}},
   {"is_past": false,
    "title": "President",
    "person":
     {"first_name": "Kevin",
      "last_name": "Baum",
      "permalink": "kevin-baum"}},
   {"is_past": false,
    "title": "Founder",
    "person":
     {"first_name": "Justin",
      "last_name": "Webb",
      "permalink": "justin-webb-2"}}],
 "competitions":
  [],
 "providerships":
  [],
 "total_money_raised": "$0",
 "funding_rounds":
  [],
 "investments":
  [],
 "acquisition": null,
 "acquisitions":
  [],
 "offices":
  [{"description": "San Francisco Office",
    "address1": "",
    "address2": "",
    "zip_code": "94123",
    "city": "",
    "state_code": "CA",
    "country_code": "USA",
    "latitude": null,
    "longitude": null},
   {"description": "Australia Headquarters",
    "address1": "",
    "address2": "",
    "zip_code": "",
    "city": "Melbourne",
    "state_code": null,
    "country_code": "AUS",
    "latitude": null,
    "longitude": null}],
 "milestones":
  [],
 "ipo": null,
 "video_embeds":
  [],
 "screenshots":
  [{"available_sizes":
     [[[150,
        78],
       "http://api-images.crunchbase.com/assets/images/resized/0039/2484/392484v2-max-150x150.jpg"],
      [[250,
        131],
       "http://api-images.crunchbase.com/assets/images/resized/0039/2484/392484v2-max-250x250.jpg"],
      [[450,
        236],
       "http://api-images.crunchbase.com/assets/images/resized/0039/2484/392484v2-max-450x450.jpg"]],
    "attribution": null},
   {"available_sizes":
     [[[100,
        150],
       "http://api-images.crunchbase.com/assets/images/resized/0039/2485/392485v5-max-150x150.jpg"],
      [[167,
        250],
       "http://api-images.crunchbase.com/assets/images/resized/0039/2485/392485v5-max-250x250.jpg"],
      [[301,
        450],
       "http://api-images.crunchbase.com/assets/images/resized/0039/2485/392485v5-max-450x450.jpg"]],
    "attribution": null}],
 "external_links":
  [{"external_url": "https://twitter.com/AgriWebb",
    "title": "AgriWebb Twitter"},
   {"external_url": "https://www.facebook.com/pages/AgriWebb/256223301204712?ref=hl",
    "title": "AgriWebb Facebook"},
   {"external_url": "https://plus.google.com/+Agriwebb/posts",
    "title": "AgriWebb G+"}],
 "partners":
  []}
