{"name": "Ahometo",
 "permalink": "ahometo",
 "crunchbase_url": "http://www.crunchbase.com/company/ahometo",
 "homepage_url": "http://ahometo.com",
 "blog_url": "",
 "blog_feed_url": "",
 "twitter_username": "Ahometo",
 "category_code": "ecommerce",
 "number_of_employees": null,
 "founded_year": 2012,
 "founded_month": 12,
 "founded_day": null,
 "deadpooled_year": null,
 "deadpooled_month": null,
 "deadpooled_day": null,
 "deadpooled_url": null,
 "tag_list": "",
 "alias_list": "",
 "email_address": "contact@ahometo.com",
 "phone_number": "08 668 46460",
 "description": "",
 "created_at": "Thu Jan 02 10:08:44 UTC 2014",
 "updated_at": "Thu Jan 16 13:30:34 UTC 2014",
 "overview": "\u003Cp\u003EAhometo is a Vietnamese e-commerce startup that specializes in things you\u2019d buy to decorate your house. Everything from cool tables to glass bottles to vases. According to founder, Ha Nguyen Son, the company launched in December 2012.\u003C/p\u003E",
 "image":
  {"available_sizes":
    [[[150,
       26],
      "http://api-images.crunchbase.com/assets/images/resized/0038/6855/386855v1-max-150x150.png"],
     [[185,
       33],
      "http://api-images.crunchbase.com/assets/images/resized/0038/6855/386855v1-max-250x250.png"],
     [[185,
       33],
      "http://api-images.crunchbase.com/assets/images/resized/0038/6855/386855v1-max-450x450.png"]],
   "attribution": null},
 "products":
  [],
 "relationships":
  [],
 "competitions":
  [],
 "providerships":
  [],
 "total_money_raised": "$0",
 "funding_rounds":
  [{"id": 59754,
    "round_code": "seed",
    "source_url": "http://www.techinasia.com/ahometo-gets-funding-onecapitalway-5desire/",
    "source_description": "Vietnamese furniture site Ahometo receives seed funding from new Silicon Valley-backed VC",
    "raised_amount": null,
    "raised_currency_code": "USD",
    "funded_year": 2014,
    "funded_month": 1,
    "funded_day": 2,
    "investments":
     []}],
 "investments":
  [],
 "acquisition": null,
 "acquisitions":
  [],
 "offices":
  [{"description": "AHOMETO CORPORATION",
    "address1": "590/D4 August Revolution",
    "address2": "Ward 11, District 3",
    "zip_code": "",
    "city": "Ho Chi Minh City",
    "state_code": null,
    "country_code": "VNM",
    "latitude": null,
    "longitude": null}],
 "milestones":
  [],
 "ipo": null,
 "video_embeds":
  [],
 "screenshots":
  [{"available_sizes":
     [[[150,
        84],
       "http://api-images.crunchbase.com/assets/images/resized/0038/6854/386854v1-max-150x150.png"],
      [[250,
        140],
       "http://api-images.crunchbase.com/assets/images/resized/0038/6854/386854v1-max-250x250.png"],
      [[450,
        252],
       "http://api-images.crunchbase.com/assets/images/resized/0038/6854/386854v1-max-450x450.png"]],
    "attribution": null}],
 "external_links":
  [],
 "partners":
  []}
