{"name": "AIA",
 "permalink": "aia",
 "crunchbase_url": "http://www.crunchbase.com/company/aia",
 "homepage_url": "http://www.aia.es",
 "blog_url": "",
 "blog_feed_url": "",
 "twitter_username": null,
 "category_code": "software",
 "number_of_employees": null,
 "founded_year": 1988,
 "founded_month": null,
 "founded_day": null,
 "deadpooled_year": null,
 "deadpooled_month": null,
 "deadpooled_day": null,
 "deadpooled_url": null,
 "tag_list": "application-development, information, technology",
 "alias_list": "",
 "email_address": "",
 "phone_number": "+34 93 504 49 00",
 "description": "Algorithms for a better world",
 "created_at": "Fri Jan 10 09:34:48 UTC 2014",
 "updated_at": "Fri Jan 10 09:39:20 UTC 2014",
 "overview": "\u003Cp\u003EFounded in 1988, the firm of information technology and engineering Advanced Computer Software Applications (\u0026#8221; AIA \u0026#8220;; www.aia.es ) is in the \u0026#8220;Silicon Valley of Catalunya\u0026#8221; in Sant Cugat del Vall\u00e9s. \u003C/p\u003E\n\n\u003Cp\u003EFor several years, AIA has worked closely with the CEO, CTO and CIO of the Top 100 Spanish corporations, providing solutions and consulting. It has been innovative in the transfer of Basic Science providing effective solutions to the needs of the industry.\u003C/p\u003E",
 "image":
  {"available_sizes":
    [[[150,
       102],
      "http://api-images.crunchbase.com/assets/images/resized/0039/2033/392033v1-max-150x150.png"],
     [[153,
       105],
      "http://api-images.crunchbase.com/assets/images/resized/0039/2033/392033v1-max-250x250.png"],
     [[153,
       105],
      "http://api-images.crunchbase.com/assets/images/resized/0039/2033/392033v1-max-450x450.png"]],
   "attribution": null},
 "products":
  [],
 "relationships":
  [{"is_past": false,
    "title": "CEO \u0026 President",
    "person":
     {"first_name": "Regina",
      "last_name": "Llopis",
      "permalink": "regina-llopis"}},
   {"is_past": false,
    "title": "Chief Financial Officer",
    "person":
     {"first_name": "Marta",
      "last_name": "Cuesta Angles",
      "permalink": "marta-cuesta-angles"}},
   {"is_past": false,
    "title": "Vice President of R \u0026 D and CTO.",
    "person":
     {"first_name": "Antoni",
      "last_name": "Trias Bonet",
      "permalink": "antoni-trias-bonet"}},
   {"is_past": false,
    "title": "Director of Business Development",
    "person":
     {"first_name": "Bargu\u00f1\u00f3",
      "last_name": "Javier Casanova",
      "permalink": "bargu-javier-casanova"}}],
 "competitions":
  [],
 "providerships":
  [],
 "total_money_raised": "$0",
 "funding_rounds":
  [],
 "investments":
  [],
 "acquisition": null,
 "acquisitions":
  [],
 "offices":
  [{"description": "",
    "address1": "\"Av. de la Torre Blanca, 57 - Edificio ESADECREAPOLIS  \"",
    "address2": "",
    "zip_code": "8172",
    "city": "Barcelona",
    "state_code": null,
    "country_code": "ESP",
    "latitude": null,
    "longitude": null}],
 "milestones":
  [],
 "ipo": null,
 "video_embeds":
  [{"embed_code": "\u003Cobject type=\"application/x-shockwave-flash\" width=\"420\" height=\"315\" data=\"http://getembedplus.com/embedplus.swf\" id=\"ep7693\"\u003E \u003Cparam value=\"http://getembedplus.com/embedplus.swf\" name=\"movie\" /\u003E \u003Cparam value=\"high\" name=\"quality\" /\u003E \u003Cparam value=\"transparent\" name=\"wmode\" /\u003E \u003Cparam value=\"always\" name=\"allowscriptaccess\" /\u003E \u003Cparam value=\"true\" name=\"allowFullScreen\" /\u003E \u003Cparam name=\"flashvars\" value=\"ytid=H9ZH-TfCc90\u0026width=420\u0026height=315\u0026start=\u0026stop=\u0026hd=0\u0026autoplay=0\u0026react=1\u0026chapters=\u0026notes=\" /\u003E \u003Ciframe class=\"cantembedplus\" title=\"YouTube video player\" width=\"420\" height=\"315\" src=\"http://www.youtube.com/embed/H9ZH-TfCc90?fs=1\" frameborder=\"0\" allowfullscreen\u003E\u003C/iframe\u003E \u003C/object\u003E \u003C!--[if lte IE 6]\u003E \u003Cstyle type=\"text/css\"\u003E.cantembedplus{display:none;}\u003C/style\u003E\u003C![endif]--\u003E",
    "description": "\u003Cp\u003EAIA Video\u003C/p\u003E"}],
 "screenshots":
  [{"available_sizes":
     [[[150,
        97],
       "http://api-images.crunchbase.com/assets/images/resized/0039/2035/392035v1-max-150x150.jpg"],
      [[250,
        161],
       "http://api-images.crunchbase.com/assets/images/resized/0039/2035/392035v1-max-250x250.jpg"],
      [[450,
        291],
       "http://api-images.crunchbase.com/assets/images/resized/0039/2035/392035v1-max-450x450.jpg"]],
    "attribution": null}],
 "external_links":
  [],
 "partners":
  []}
