{"name": "AIKO",
 "permalink": "aiko",
 "crunchbase_url": "http://www.crunchbase.com/company/aiko",
 "homepage_url": "http://store.aikotradingstore.com",
 "blog_url": "",
 "blog_feed_url": "",
 "twitter_username": "AIKOTRADING",
 "category_code": "ecommerce",
 "number_of_employees": 10,
 "founded_year": 2000,
 "founded_month": 1,
 "founded_day": null,
 "deadpooled_year": null,
 "deadpooled_month": null,
 "deadpooled_day": null,
 "deadpooled_url": null,
 "tag_list": "",
 "alias_list": null,
 "email_address": "",
 "phone_number": "",
 "description": "Aiko Trading Company",
 "created_at": "Tue Jan 14 01:38:52 UTC 2014",
 "updated_at": "Tue Jan 14 20:08:53 UTC 2014",
 "overview": "\u003Cp\u003EAIKO (Aiko Trading Company, Inc) is an e-commerce company established in 2000 that offers product from underwater camera equipment, high-end consumer electronics, replacement projector lamps to imported Japanese products. Serving individuals and companies globally from Washougal, WA USA and Tokyo, Japan.\u003C/p\u003E",
 "image":
  {"available_sizes":
    [[[150,
       150],
      "http://api-images.crunchbase.com/assets/images/resized/0039/3659/393659v2-max-150x150.png"],
     [[150,
       150],
      "http://api-images.crunchbase.com/assets/images/resized/0039/3659/393659v2-max-250x250.png"],
     [[150,
       150],
      "http://api-images.crunchbase.com/assets/images/resized/0039/3659/393659v2-max-450x450.png"]],
   "attribution": null},
 "products":
  [],
 "relationships":
  [{"is_past": false,
    "title": "Chief Creative Officer",
    "person":
     {"first_name": "Kandice",
      "last_name": "Cota",
      "permalink": "kandice-cota"}}],
 "competitions":
  [],
 "providerships":
  [],
 "total_money_raised": "$0",
 "funding_rounds":
  [],
 "investments":
  [],
 "acquisition": null,
 "acquisitions":
  [],
 "offices":
  [{"description": "World Headquaters",
    "address1": "",
    "address2": "",
    "zip_code": "98671",
    "city": "",
    "state_code": "WA",
    "country_code": "USA",
    "latitude": null,
    "longitude": null},
   {"description": "Tokyo Office",
    "address1": "4-3-20 Toranomon",
    "address2": "",
    "zip_code": "105-0001",
    "city": "Tokyo",
    "state_code": null,
    "country_code": "JPN",
    "latitude": null,
    "longitude": null}],
 "milestones":
  [],
 "ipo": null,
 "video_embeds":
  [],
 "screenshots":
  [],
 "external_links":
  [{"external_url": "http://store.aikotradingstore.com",
    "title": "AIKO"}],
 "partners":
  []}
