{"name": "aioTV Inc.",
 "permalink": "aiotv-inc",
 "crunchbase_url": "http://www.crunchbase.com/company/aiotv-inc",
 "homepage_url": "http://www.aio-tv.com",
 "blog_url": "",
 "blog_feed_url": "",
 "twitter_username": "AiOTV",
 "category_code": "news",
 "number_of_employees": 30,
 "founded_year": 2010,
 "founded_month": null,
 "founded_day": null,
 "deadpooled_year": null,
 "deadpooled_month": null,
 "deadpooled_day": null,
 "deadpooled_url": null,
 "tag_list": "internet, video, media, ott, ip, middleware, apps, backoffice",
 "alias_list": null,
 "email_address": "janderson@aio-tv.com",
 "phone_number": "303-513-0107",
 "description": "Internet Video",
 "created_at": "Thu Dec 12 21:03:34 UTC 2013",
 "updated_at": "Wed Jan 15 09:50:26 UTC 2014",
 "overview": "\u003Cp\u003EaioTV is an OTT middleware video platform for licensed and unlicensed content.  The aio platform serves service providers, content owners and big brands worldwide enabling them to easily \u0026#8220;package\u0026#8221; and \u0026#8220;control\u0026#8221; multiple sources of live, on-demand and freely available video content into a single, unified TV experience, under their brand with a consistent multi-screen UI across connected devices. \u003C/p\u003E\n\n\u003Cp\u003ECompanies that use the aio platform include DISH Mexico, Telus, UNE Columbia, Telecom of Thailand, Maxcom Communications and UTStarcom.\u003C/p\u003E\n\n\u003Cp\u003EGartner named aioTV as the 2013 Cool Vendor in Media, an essential company to the success and monetization of a digital media business. \u003C/p\u003E",
 "image":
  {"available_sizes":
    [[[150,
       43],
      "http://api-images.crunchbase.com/assets/images/resized/0037/5323/375323v2-max-150x150.png"],
     [[250,
       71],
      "http://api-images.crunchbase.com/assets/images/resized/0037/5323/375323v2-max-250x250.png"],
     [[450,
       129],
      "http://api-images.crunchbase.com/assets/images/resized/0037/5323/375323v2-max-450x450.png"]],
   "attribution": null},
 "products":
  [],
 "relationships":
  [{"is_past": false,
    "title": "CEO",
    "person":
     {"first_name": "Michael",
      "last_name": "Earle",
      "permalink": "michael-earle"}},
   {"is_past": false,
    "title": "COO",
    "person":
     {"first_name": "Jim",
      "last_name": "Anderson",
      "permalink": "jim-anderson-4"}}],
 "competitions":
  [],
 "providerships":
  [],
 "total_money_raised": "$9M",
 "funding_rounds":
  [{"id": 57967,
    "round_code": "b",
    "source_url": "http://innovacorp.ca/news/news/aiotv-lands-8-million-strategic-investment",
    "source_description": "aioTV Lands $8 Million Strategic Investment",
    "raised_amount": 8000000.0,
    "raised_currency_code": "USD",
    "funded_year": 2012,
    "funded_month": 11,
    "funded_day": 19,
    "investments":
     [{"company":
        {"name": "UTStarcom",
         "permalink": "utstarcom"},
       "financial_org": null,
       "person": null}]},
   {"id": 61133,
    "round_code": "a",
    "source_url": "http://innovacorp.ca/news/news/aiotv-inc-secures-1-million-venture-capital-investment",
    "source_description": "aioTV Inc. Secures $1 Million in Venture Capital Investment",
    "raised_amount": 1000000.0,
    "raised_currency_code": "USD",
    "funded_year": 2011,
    "funded_month": 10,
    "funded_day": null,
    "investments":
     [{"company": null,
       "financial_org":
        {"name": "Innovacorp",
         "permalink": "innovacorp"},
       "person": null}]}],
 "investments":
  [],
 "acquisition": null,
 "acquisitions":
  [],
 "offices":
  [{"description": "Corporate Headquarters",
    "address1": "6000 Greenwood Plaza Blvd.",
    "address2": "Suite 115",
    "zip_code": "80111",
    "city": "Greenwood Village",
    "state_code": "CO",
    "country_code": "USA",
    "latitude": null,
    "longitude": null},
   {"description": "Halifax",
    "address1": "1718 Argyle Street",
    "address2": "Suite 810",
    "zip_code": "B3J 3N6",
    "city": "Halifax",
    "state_code": null,
    "country_code": "CAN",
    "latitude": null,
    "longitude": null},
   {"description": "Austin",
    "address1": "1809 Sea Eagle View",
    "address2": "",
    "zip_code": "78738",
    "city": "Austin",
    "state_code": "TX",
    "country_code": "USA",
    "latitude": null,
    "longitude": null}],
 "milestones":
  [],
 "ipo": null,
 "video_embeds":
  [],
 "screenshots":
  [{"available_sizes":
     [[[150,
        72],
       "http://api-images.crunchbase.com/assets/images/resized/0037/5322/375322v2-max-150x150.png"],
      [[250,
        120],
       "http://api-images.crunchbase.com/assets/images/resized/0037/5322/375322v2-max-250x250.png"],
      [[450,
        216],
       "http://api-images.crunchbase.com/assets/images/resized/0037/5322/375322v2-max-450x450.png"]],
    "attribution": null}],
 "external_links":
  [],
 "partners":
  []}
