{"name": "Air Marshal Jobs",
 "permalink": "air-marshal-jobs",
 "crunchbase_url": "http://www.crunchbase.com/company/air-marshal-jobs",
 "homepage_url": "http://airmarshaljobs.com",
 "blog_url": "http://airmarshaljobs.blog.com/",
 "blog_feed_url": "",
 "twitter_username": null,
 "category_code": "education",
 "number_of_employees": 25,
 "founded_year": 2009,
 "founded_month": 2,
 "founded_day": 18,
 "deadpooled_year": null,
 "deadpooled_month": null,
 "deadpooled_day": null,
 "deadpooled_url": null,
 "tag_list": "air-marshal-jobs, air-marshal-employment",
 "alias_list": null,
 "email_address": "info@academicsecrets.com",
 "phone_number": "1-919-215-1871",
 "description": "Air Marshal Jobs",
 "created_at": "Tue Dec 24 15:40:44 UTC 2013",
 "updated_at": "Fri Dec 27 03:17:50 UTC 2013",
 "overview": "\u003Cp\u003EAirmarshaljobs.com is one of the fastest growing online jobs provider, that provides you high quality of air marshal jobs any particular criticism or approval of Air Marshal policies and practices. For more info please visit our website.\u003C/p\u003E",
 "image":
  {"available_sizes":
    [[[150,
       18],
      "http://api-images.crunchbase.com/assets/images/resized/0038/2401/382401v2-max-150x150.jpg"],
     [[250,
       31],
      "http://api-images.crunchbase.com/assets/images/resized/0038/2401/382401v2-max-250x250.jpg"],
     [[450,
       56],
      "http://api-images.crunchbase.com/assets/images/resized/0038/2401/382401v2-max-450x450.jpg"]],
   "attribution": null},
 "products":
  [],
 "relationships":
  [],
 "competitions":
  [],
 "providerships":
  [],
 "total_money_raised": "$0",
 "funding_rounds":
  [],
 "investments":
  [],
 "acquisition": null,
 "acquisitions":
  [],
 "offices":
  [],
 "milestones":
  [],
 "ipo": null,
 "video_embeds":
  [],
 "screenshots":
  [],
 "external_links":
  [],
 "partners":
  []}
