{"name": "AirDroids",
 "permalink": "airdroids",
 "crunchbase_url": "http://www.crunchbase.com/company/airdroids",
 "homepage_url": "http://www.airdroids.com",
 "blog_url": "",
 "blog_feed_url": "",
 "twitter_username": "airdroids",
 "category_code": "hardware",
 "number_of_employees": 3,
 "founded_year": 2013,
 "founded_month": 11,
 "founded_day": null,
 "deadpooled_year": null,
 "deadpooled_month": null,
 "deadpooled_day": null,
 "deadpooled_url": null,
 "tag_list": "drone, quadcopter, multirotor, multicopter, flying-robot",
 "alias_list": null,
 "email_address": "treuter@airdroids.com",
 "phone_number": "",
 "description": "Commercial and Consumer Drones",
 "created_at": "Mon Dec 09 17:12:49 UTC 2013",
 "updated_at": "Thu Apr 17 13:00:46 UTC 2014",
 "overview": "\u003Cp\u003EAirDroids designs and manufactures drone hardware and software for the consumer and commercial marketplace.\u003C/p\u003E\n\n\u003Cp\u003EThe Pocket Drone is the first product from AirDroids. It\u0026#8217;s the world\u0026#8217;s first heavy-lift micro copter capable of lifting an HD action sports camera high into the air but folds up smaller than the footprint of a 7in tablet. It also has lots of advanced features found in high end devices but retails for less than $500.\u003C/p\u003E\n\n\u003Cp\u003EThe company leadership are also the founders of the Drone User Group Network, the largest community based organization in the U.S. focused on making UAV and autonomous flight technology available to everyone.\u003C/p\u003E\n\n\u003Cp\u003EThe Director of Engineering is a mechanical engineer and a patent attorney. They have an in-house drone design lab and a full machine and prototyping shop (including desktop injection molding machines, CNC mills and 3D printers.)\u003C/p\u003E",
 "image":
  {"available_sizes":
    [[[150,
       122],
      "http://api-images.crunchbase.com/assets/images/resized/0038/7980/387980v1-max-150x150.png"],
     [[237,
       193],
      "http://api-images.crunchbase.com/assets/images/resized/0038/7980/387980v1-max-250x250.png"],
     [[237,
       193],
      "http://api-images.crunchbase.com/assets/images/resized/0038/7980/387980v1-max-450x450.png"]],
   "attribution": null},
 "products":
  [],
 "relationships":
  [{"is_past": false,
    "title": "CTO and Cofounder",
    "person":
     {"first_name": "TJ",
      "last_name": "Johnson",
      "permalink": "tj-johnson"}},
   {"is_past": false,
    "title": "Cofounder",
    "person":
     {"first_name": "Chance",
      "last_name": "Roth",
      "permalink": "chance-roth"}},
   {"is_past": false,
    "title": "CEO and Cofounder",
    "person":
     {"first_name": "Timothy",
      "last_name": "Reuter",
      "permalink": "timothy-reuter"}}],
 "competitions":
  [{"competitor":
     {"name": "DJI",
      "permalink": "dji"}}],
 "providerships":
  [],
 "total_money_raised": "$929k",
 "funding_rounds":
  [{"id": 69532,
    "round_code": "crowd",
    "source_url": "http://techcrunch.com/2014/03/14/pocket-drone-ends-its-crowdfunding-campaign-just-shy-of-1-million-in-pledges/?ncid=rss",
    "source_description": "Pocket Drone Ends Its Crowdfunding Campaign Just Shy Of $1 Million In Pledges",
    "raised_amount": 929212.0,
    "raised_currency_code": "USD",
    "funded_year": 2014,
    "funded_month": 3,
    "funded_day": 17,
    "investments":
     []}],
 "investments":
  [],
 "acquisition": null,
 "acquisitions":
  [],
 "offices":
  [{"description": "HQ",
    "address1": "1778 Willard St NW",
    "address2": "",
    "zip_code": "20009",
    "city": "Washington",
    "state_code": "DC",
    "country_code": "USA",
    "latitude": null,
    "longitude": null}],
 "milestones":
  [],
 "ipo": null,
 "video_embeds":
  [],
 "screenshots":
  [{"available_sizes":
     [[[150,
        97],
       "http://api-images.crunchbase.com/assets/images/resized/0045/7277/457277v2-max-150x150.png"],
      [[250,
        161],
       "http://api-images.crunchbase.com/assets/images/resized/0045/7277/457277v2-max-250x250.png"],
      [[450,
        291],
       "http://api-images.crunchbase.com/assets/images/resized/0045/7277/457277v2-max-450x450.png"]],
    "attribution": null}],
 "external_links":
  [{"external_url": "http://www.thepocketdrone.com",
    "title": "The Pocket Drone"}],
 "partners":
  []}
