{"name": "AirPromVent",
 "permalink": "airpromvent",
 "crunchbase_url": "http://www.crunchbase.com/company/airpromvent",
 "homepage_url": "http://www.airpromvent.ru",
 "blog_url": "http://www.airpromvent.ru/index.php/Stati/",
 "blog_feed_url": "",
 "twitter_username": "airpromvent",
 "category_code": "ecommerce",
 "number_of_employees": 25,
 "founded_year": 2010,
 "founded_month": 4,
 "founded_day": 11,
 "deadpooled_year": null,
 "deadpooled_month": null,
 "deadpooled_day": null,
 "deadpooled_url": null,
 "tag_list": "conditioning, fans, conditioners, engineering",
 "alias_list": null,
 "email_address": "info@vent-prom.com",
 "phone_number": "+7(812)3344171",
 "description": "ventilation, conditioning, heating",
 "created_at": "Mon Jan 20 13:41:24 UTC 2014",
 "updated_at": "Tue Jan 21 06:22:23 UTC 2014",
 "overview": "\u003Cp\u003ERussia\u0026#8217;s largest supplier of ventilation and climate technology, as well as accessories , with more than 100,000 products . Search in the directory will help you find even the equipment , which do not mention Yandex and Google. Buyers can rely on the latest information , updated every hour, quality assurance , technical advice and free delivery to any region of Russia . Prices in our hypermarket at or below wholesale prices manufacturers , as we are official dealers of all known providers of climate and ventilation equipment.\u003C/p\u003E",
 "image": null,
 "products":
  [],
 "relationships":
  [{"is_past": false,
    "title": "",
    "person":
     {"first_name": "Pavel",
      "last_name": "Khomin",
      "permalink": "pavel-khomin"}}],
 "competitions":
  [{"competitor":
     {"name": "Climate Control Experts",
      "permalink": "climate-control-experts"}}],
 "providerships":
  [],
 "total_money_raised": "$0",
 "funding_rounds":
  [],
 "investments":
  [],
 "acquisition": null,
 "acquisitions":
  [],
 "offices":
  [{"description": "Office and Store",
    "address1": "Russian Federation, Saint-Peterburg,",
    "address2": "Repysheva street, 28",
    "zip_code": "197349",
    "city": "Saint-Peterburg",
    "state_code": null,
    "country_code": "RUS",
    "latitude": null,
    "longitude": null}],
 "milestones":
  [],
 "ipo": null,
 "video_embeds":
  [],
 "screenshots":
  [],
 "external_links":
  [{"external_url": "http://vk.com/airpromvent",
    "title": ""},
   {"external_url": "http://twitter.com/airpromvent",
    "title": ""}],
 "partners":
  []}
