{"name": "AIRVEND",
 "permalink": "airvend",
 "crunchbase_url": "http://www.crunchbase.com/company/airvend",
 "homepage_url": "http://www.air-vend.com",
 "blog_url": "",
 "blog_feed_url": "",
 "twitter_username": "AirVend",
 "category_code": "software",
 "number_of_employees": null,
 "founded_year": 2012,
 "founded_month": null,
 "founded_day": null,
 "deadpooled_year": null,
 "deadpooled_month": null,
 "deadpooled_day": null,
 "deadpooled_url": null,
 "tag_list": "",
 "alias_list": "",
 "email_address": "",
 "phone_number": "",
 "description": "",
 "created_at": "Thu Jan 02 03:44:34 UTC 2014",
 "updated_at": "Wed Mar 26 08:54:00 UTC 2014",
 "overview": "\u003Cp\u003EAirVend is an interactive touchscreen device that displays nutritional info, provides cashless options, and sends real-time data and alerts wirelessly.\u003C/p\u003E\n\n\u003Cp\u003EWith the platform in place, innovation can continually flow via over-the-air updates. Actionable Ads, loyalty \u0026amp; coupons, new cashless payment options, dynamic pricing, custom promotion, and much, much more\u0026#8230;\u003C/p\u003E\n\n\u003Cp\u003EWe are passionate technologists on a mission to make the latest technology affordable for the Vending masses.\u003C/p\u003E",
 "image":
  {"available_sizes":
    [[[150,
       35],
      "http://api-images.crunchbase.com/assets/images/resized/0038/6467/386467v1-max-150x150.png"],
     [[222,
       53],
      "http://api-images.crunchbase.com/assets/images/resized/0038/6467/386467v1-max-250x250.png"],
     [[222,
       53],
      "http://api-images.crunchbase.com/assets/images/resized/0038/6467/386467v1-max-450x450.png"]],
   "attribution": null},
 "products":
  [],
 "relationships":
  [{"is_past": false,
    "title": "CEO",
    "person":
     {"first_name": "Chad",
      "last_name": "Francis",
      "permalink": "chad-francis"}},
   {"is_past": false,
    "title": "Co-Founder \u0026 EVP Business Development",
    "person":
     {"first_name": "Lance",
      "last_name": "Ellsworth",
      "permalink": "lance-ellsworth"}}],
 "competitions":
  [],
 "providerships":
  [],
 "total_money_raised": "$1.2M",
 "funding_rounds":
  [{"id": 59698,
    "round_code": "seed",
    "source_url": "http://www.finsmes.com/2014/01/airvend-raises-1-2m-seed-funding.html",
    "source_description": " \tAirVend Raises $1.2M in Seed Funding",
    "raised_amount": 1200000.0,
    "raised_currency_code": "USD",
    "funded_year": 2014,
    "funded_month": 1,
    "funded_day": 2,
    "investments":
     [{"company": null,
       "financial_org":
        {"name": "PS27 Ventures",
         "permalink": "ps27-ventures"},
       "person": null},
      {"company":
        {"name": "365 Retail Markets",
         "permalink": "365-retail-markets"},
       "financial_org": null,
       "person": null}]}],
 "investments":
  [],
 "acquisition": null,
 "acquisitions":
  [],
 "offices":
  [{"description": "HQ",
    "address1": "202 E Center St.",
    "address2": "St. 250",
    "zip_code": "84606",
    "city": "Provo",
    "state_code": "UT",
    "country_code": "USA",
    "latitude": null,
    "longitude": null}],
 "milestones":
  [],
 "ipo": null,
 "video_embeds":
  [],
 "screenshots":
  [{"available_sizes":
     [[[150,
        68],
       "http://api-images.crunchbase.com/assets/images/resized/0038/6466/386466v1-max-150x150.png"],
      [[250,
        114],
       "http://api-images.crunchbase.com/assets/images/resized/0038/6466/386466v1-max-250x250.png"],
      [[450,
        206],
       "http://api-images.crunchbase.com/assets/images/resized/0038/6466/386466v1-max-450x450.png"]],
    "attribution": null}],
 "external_links":
  [],
 "partners":
  []}
