{"name": "Airwavz Solutions",
 "permalink": "airwavz-solutions",
 "crunchbase_url": "http://www.crunchbase.com/company/airwavz-solutions",
 "homepage_url": "http://www.airwavz.com",
 "blog_url": "",
 "blog_feed_url": "",
 "twitter_username": null,
 "category_code": "software",
 "number_of_employees": null,
 "founded_year": 2013,
 "founded_month": null,
 "founded_day": null,
 "deadpooled_year": null,
 "deadpooled_month": null,
 "deadpooled_day": null,
 "deadpooled_url": null,
 "tag_list": "",
 "alias_list": "",
 "email_address": "",
 "phone_number": "(919) 808-4116",
 "description": "",
 "created_at": "Thu Jan 23 05:18:18 UTC 2014",
 "updated_at": "Tue Feb 18 11:13:00 UTC 2014",
 "overview": "\u003Cp\u003EAirwavz Solutions, Inc. provides solutions for OEMs, wireless service providers, and building owners to resolve wireless coverage and capacity challenges. Its services include neutral host distributed antenna system solutions, which include site selection and acquisition, design and engineering, installation and integration, and maintenance and monitoring; carrier centric or neutral host base station hotel solutions; and fiber optic and microwave small cell front haul and backhaul solutions. The company offers solutions to commercial real estate, healthcare, universities/colleges, residential communities, hospitality, and sports and entertainment markets. Airwavz Solutions, Inc. was founded in 2013 and is based in Durham, North Carolina.\u003C/p\u003E",
 "image":
  {"available_sizes":
    [[[150,
       71],
      "http://api-images.crunchbase.com/assets/images/resized/0041/7201/417201v1-max-150x150.png"],
     [[250,
       118],
      "http://api-images.crunchbase.com/assets/images/resized/0041/7201/417201v1-max-250x250.png"],
     [[311,
       148],
      "http://api-images.crunchbase.com/assets/images/resized/0041/7201/417201v1-max-450x450.png"]],
   "attribution": null},
 "products":
  [],
 "relationships":
  [{"is_past": false,
    "title": "Chief Operating Officer",
    "person":
     {"first_name": "Mark",
      "last_name": "A. Horinko",
      "permalink": "mark-a-horinko"}},
   {"is_past": false,
    "title": "President",
    "person":
     {"first_name": "Adrian",
      "last_name": "N. Wilson",
      "permalink": "adrian-n-wilson"}},
   {"is_past": false,
    "title": "Chief Financial Officer",
    "person":
     {"first_name": "Michael",
      "last_name": "A. Gutschmit",
      "permalink": "michael-a-gutschmit"}}],
 "competitions":
  [],
 "providerships":
  [],
 "total_money_raised": "$900k",
 "funding_rounds":
  [{"id": 62216,
    "round_code": "partial",
    "source_url": "http://www.sec.gov/Archives/edgar/data/1597791/000159779114000001/xslFormDX01/primary_doc.xml",
    "source_description": "SEC",
    "raised_amount": 900000.0,
    "raised_currency_code": "USD",
    "funded_year": 2014,
    "funded_month": 1,
    "funded_day": 22,
    "investments":
     []}],
 "investments":
  [],
 "acquisition": null,
 "acquisitions":
  [],
 "offices":
  [{"description": "",
    "address1": "5 Links Circle",
    "address2": "",
    "zip_code": "27707",
    "city": "Durham",
    "state_code": "NC",
    "country_code": "USA",
    "latitude": null,
    "longitude": null}],
 "milestones":
  [],
 "ipo": null,
 "video_embeds":
  [],
 "screenshots":
  [{"available_sizes":
     [[[150,
        91],
       "http://api-images.crunchbase.com/assets/images/resized/0041/7205/417205v1-max-150x150.png"],
      [[250,
        152],
       "http://api-images.crunchbase.com/assets/images/resized/0041/7205/417205v1-max-250x250.png"],
      [[450,
        275],
       "http://api-images.crunchbase.com/assets/images/resized/0041/7205/417205v1-max-450x450.png"]],
    "attribution": null}],
 "external_links":
  [],
 "partners":
  []}
