{"name": "Aizmedia",
 "permalink": "aizmedia",
 "crunchbase_url": "http://www.crunchbase.com/company/aizmedia",
 "homepage_url": "http://aizmedia.ru",
 "blog_url": "",
 "blog_feed_url": "",
 "twitter_username": "aizmedia",
 "category_code": "advertising",
 "number_of_employees": null,
 "founded_year": null,
 "founded_month": null,
 "founded_day": null,
 "deadpooled_year": null,
 "deadpooled_month": null,
 "deadpooled_day": null,
 "deadpooled_url": null,
 "tag_list": "advertising, digital-out-of-home",
 "alias_list": null,
 "email_address": "com@aizmedia.ru",
 "phone_number": "+7 495 363 09 11",
 "description": "",
 "created_at": "Wed Jan 22 14:18:23 UTC 2014",
 "updated_at": "Mon Jan 27 10:00:55 UTC 2014",
 "overview": "\u003Cp\u003EAIZMEDIA is the first videowall network operator in the largest malls in Moscow, Russia. \u003C/p\u003E\n\n\u003Cp\u003EThe company works in Russian Digital Out Of Home advertising market. This segment is considered to be the most fast growing in Europe (PQ Media 2012 Global DOOH Report\u0026amp;Forecast).\u003C/p\u003E\n\n\u003Cp\u003EAIZMEDIA broadcasts commercials to the most solvent audience in the right place at the right time.\u003C/p\u003E",
 "image":
  {"available_sizes":
    [[[100,
       100],
      "http://api-images.crunchbase.com/assets/images/resized/0039/9396/399396v2-max-150x150.jpg"],
     [[100,
       100],
      "http://api-images.crunchbase.com/assets/images/resized/0039/9396/399396v2-max-250x250.jpg"],
     [[100,
       100],
      "http://api-images.crunchbase.com/assets/images/resized/0039/9396/399396v2-max-450x450.jpg"]],
   "attribution": null},
 "products":
  [],
 "relationships":
  [],
 "competitions":
  [],
 "providerships":
  [],
 "total_money_raised": "$0",
 "funding_rounds":
  [],
 "investments":
  [],
 "acquisition": null,
 "acquisitions":
  [],
 "offices":
  [{"description": "",
    "address1": "",
    "address2": "",
    "zip_code": "",
    "city": "Moscow",
    "state_code": null,
    "country_code": "RUS",
    "latitude": null,
    "longitude": null}],
 "milestones":
  [],
 "ipo": null,
 "video_embeds":
  [],
 "screenshots":
  [],
 "external_links":
  [],
 "partners":
  []}
