{"name": "Akaoni Studio",
 "permalink": "akaoni-studio",
 "crunchbase_url": "http://www.crunchbase.com/company/akaoni-studio",
 "homepage_url": "http://www.akaonistudio.com/en",
 "blog_url": "http://zombiepanicinwonderland.blogspot.com.es/",
 "blog_feed_url": "",
 "twitter_username": "akaoni_jose",
 "category_code": "games_video",
 "number_of_employees": null,
 "founded_year": 2009,
 "founded_month": 1,
 "founded_day": 16,
 "deadpooled_year": null,
 "deadpooled_month": null,
 "deadpooled_day": null,
 "deadpooled_url": null,
 "tag_list": "games, entertainment, applications",
 "alias_list": "",
 "email_address": "contact@akaonistudio.com",
 "phone_number": "",
 "description": "Videogame developer and publisher",
 "created_at": "Fri Jan 10 05:54:16 UTC 2014",
 "updated_at": "Fri Jan 10 08:14:05 UTC 2014",
 "overview": "\u003Cp\u003EAkaoni Studio is a Spanish videogame developer and publishing company founded in 2009.\u003C/p\u003E\n\n\u003Cp\u003EIt\u2019s first success, Zombie Panic in Wonderland, has turned Akaoni into one of the first Spanish businesses to publish in Japan by making them number one in sales for WiiWare in the country.\u003C/p\u003E",
 "image":
  {"available_sizes":
    [[[150,
       150],
      "http://api-images.crunchbase.com/assets/images/resized/0039/1775/391775v1-max-150x150.png"],
     [[250,
       250],
      "http://api-images.crunchbase.com/assets/images/resized/0039/1775/391775v1-max-250x250.png"],
     [[450,
       450],
      "http://api-images.crunchbase.com/assets/images/resized/0039/1775/391775v1-max-450x450.png"]],
   "attribution": null},
 "products":
  [],
 "relationships":
  [{"is_past": false,
    "title": "CEO",
    "person":
     {"first_name": "Jos\u00e9",
      "last_name": "Manuel \u00cd\u00f1iguez",
      "permalink": "jos-manuel-iguez"}}],
 "competitions":
  [],
 "providerships":
  [],
 "total_money_raised": "$0",
 "funding_rounds":
  [],
 "investments":
  [],
 "acquisition": null,
 "acquisitions":
  [],
 "offices":
  [{"description": "Akaoni Studio S.L.",
    "address1": "Av. P\u00e9rez Gald\u00f3s 44",
    "address2": "bajo, izq.",
    "zip_code": "46008",
    "city": "Valencia",
    "state_code": null,
    "country_code": "ESP",
    "latitude": null,
    "longitude": null}],
 "milestones":
  [],
 "ipo": null,
 "video_embeds":
  [],
 "screenshots":
  [{"available_sizes":
     [[[150,
        109],
       "http://api-images.crunchbase.com/assets/images/resized/0039/1779/391779v1-max-150x150.jpg"],
      [[250,
        183],
       "http://api-images.crunchbase.com/assets/images/resized/0039/1779/391779v1-max-250x250.jpg"],
      [[450,
        329],
       "http://api-images.crunchbase.com/assets/images/resized/0039/1779/391779v1-max-450x450.jpg"]],
    "attribution": null}],
 "external_links":
  [],
 "partners":
  []}
