{"name": "AKTING",
 "permalink": "akting",
 "crunchbase_url": "http://www.crunchbase.com/company/akting",
 "homepage_url": "http://www.akting.eu",
 "blog_url": "",
 "blog_feed_url": "",
 "twitter_username": "Akting_",
 "category_code": "software",
 "number_of_employees": null,
 "founded_year": null,
 "founded_month": null,
 "founded_day": null,
 "deadpooled_year": null,
 "deadpooled_month": null,
 "deadpooled_day": null,
 "deadpooled_url": null,
 "tag_list": "it-solutions, software, technology",
 "alias_list": "",
 "email_address": "",
 "phone_number": "943 30 92 70",
 "description": "Telecommunications Engineering Company",
 "created_at": "Fri Jan 10 06:49:30 UTC 2014",
 "updated_at": "Fri Jan 10 06:53:11 UTC 2014",
 "overview": "\u003Cp\u003EAKTING is a telecommunications engineering company, which has, since its start, specialised in New Information and Communication Technologies, or ICTs. This new generation company offers products and services aimed at potential sectors, such as: commerce or retail, healthcare, education, public administration, and the private business sector needing technological implementations to improve their organisational management.\u003C/p\u003E",
 "image":
  {"available_sizes":
    [[[150,
       150],
      "http://api-images.crunchbase.com/assets/images/resized/0039/1844/391844v1-max-150x150.jpg"],
     [[250,
       250],
      "http://api-images.crunchbase.com/assets/images/resized/0039/1844/391844v1-max-250x250.jpg"],
     [[300,
       300],
      "http://api-images.crunchbase.com/assets/images/resized/0039/1844/391844v1-max-450x450.jpg"]],
   "attribution": null},
 "products":
  [],
 "relationships":
  [],
 "competitions":
  [],
 "providerships":
  [],
 "total_money_raised": "$0",
 "funding_rounds":
  [],
 "investments":
  [],
 "acquisition": null,
 "acquisitions":
  [],
 "offices":
  [{"description": "AKTING INGENIARITZA SL",
    "address1": "Miramon Tech. Park Mikeletegi 56 \u2013 1.",
    "address2": "solairua, Donostia",
    "zip_code": "20009",
    "city": "Gipuzkoa",
    "state_code": null,
    "country_code": "ESP",
    "latitude": null,
    "longitude": null}],
 "milestones":
  [],
 "ipo": null,
 "video_embeds":
  [],
 "screenshots":
  [{"available_sizes":
     [[[150,
        72],
       "http://api-images.crunchbase.com/assets/images/resized/0039/1852/391852v1-max-150x150.jpg"],
      [[250,
        120],
       "http://api-images.crunchbase.com/assets/images/resized/0039/1852/391852v1-max-250x250.jpg"],
      [[450,
        216],
       "http://api-images.crunchbase.com/assets/images/resized/0039/1852/391852v1-max-450x450.jpg"]],
    "attribution": null}],
 "external_links":
  [],
 "partners":
  []}
