{"name": "Alarm Grid",
 "permalink": "alarm-grid",
 "crunchbase_url": "http://www.crunchbase.com/company/alarm-grid",
 "homepage_url": "http://www.alarmgrid.com",
 "blog_url": "https://www.alarmgrid.com/blog",
 "blog_feed_url": "https://www.alarmgrid.com/blog.xml",
 "twitter_username": "alarmgrid",
 "category_code": "hardware",
 "number_of_employees": 4,
 "founded_year": 2012,
 "founded_month": 7,
 "founded_day": 20,
 "deadpooled_year": null,
 "deadpooled_month": null,
 "deadpooled_day": null,
 "deadpooled_url": null,
 "tag_list": "home-security, alarm-monitoring, home-security-systems, security, home-security-system, home-alarm-system, home-automation, security-systems, alarm-system, smart-home, home-alarm, home-security-camera",
 "alias_list": null,
 "email_address": "support@alarmgrid.com",
 "phone_number": "(954) 933-5095",
 "description": "Alarm monitoring service and products.",
 "created_at": "Sun Dec 22 08:07:36 UTC 2013",
 "updated_at": "Tue Jan 28 03:32:32 UTC 2014",
 "overview": "\u003Cp\u003EAlarm Grid is a home security company that provides alarm monitoring services and security products to both residential locations and business owners.\u003C/p\u003E\n\n\u003Cp\u003EFollowing modern-day trends in customer service, Alarm Grid focuses on a no-contract model, and has the stated goal of putting the customer first. UL Certified monitoring, along with the availability of Honeywell\u0026#8217;s complete line of security products, Alarm Grid\u0026#8217;s comprehensive portfolio has earned it fast recognition in a field often considered to be saturated by competition.\u003C/p\u003E\n\n\u003Cp\u003EBased in Lighthouse Point, FL, Alarm Grid\u0026#8217;s nationwide monitoring has earned it praise from both customers and industry experts for their comprehensive and informative videos as well as an extensive FAQ system, an innovative approach to marketing the product that has been featured in such online publications as Moz.\u003C/p\u003E",
 "image":
  {"available_sizes":
    [[[150,
       33],
      "http://api-images.crunchbase.com/assets/images/resized/0038/0960/380960v2-max-150x150.png"],
     [[250,
       55],
      "http://api-images.crunchbase.com/assets/images/resized/0038/0960/380960v2-max-250x250.png"],
     [[450,
       100],
      "http://api-images.crunchbase.com/assets/images/resized/0038/0960/380960v2-max-450x450.png"]],
   "attribution": null},
 "products":
  [{"name": "Honeywell L5100",
    "permalink": "honeywell-l5100"},
   {"name": "Honeywell VISTA 21iP",
    "permalink": "honeywell-vista-21ip"},
   {"name": "Honeywell VISTA 20P",
    "permalink": "honeywell-vista-20p"},
   {"name": "Honeywell VISTA 15P",
    "permalink": "honeywell-vista-15p"},
   {"name": "Honeywell VISTA 10P",
    "permalink": "honeywell-vista-10p"},
   {"name": "Alarm Monitoring",
    "permalink": "alarm-monitoring"}],
 "relationships":
  [{"is_past": false,
    "title": "Director of Marketing",
    "person":
     {"first_name": "Joshua",
      "last_name": "Unseth",
      "permalink": "joshua-unseth"}},
   {"is_past": false,
    "title": "President",
    "person":
     {"first_name": "Sterling",
      "last_name": "Donnelly",
      "permalink": "sterling-donnelly"}},
   {"is_past": false,
    "title": "Technical Director",
    "person":
     {"first_name": "Eric",
      "last_name": "Hochberger",
      "permalink": "eric-hochberger"}}],
 "competitions":
  [{"competitor":
     {"name": "SimpliSafe",
      "permalink": "simplisafe"}},
   {"competitor":
     {"name": "AlarmForce",
      "permalink": "alarmforce"}},
   {"competitor":
     {"name": "AlarmClub.com",
      "permalink": "alarmclub-com"}},
   {"competitor":
     {"name": "ADT Security",
      "permalink": "adt-security"}},
   {"competitor":
     {"name": "GeoArm",
      "permalink": "geoarm"}},
   {"competitor":
     {"name": "Vivint",
      "permalink": "vivint"}},
   {"competitor":
     {"name": "Epic Alarm",
      "permalink": "epic-alarm"}},
   {"competitor":
     {"name": "Advance Alarms, Inc.",
      "permalink": "advance-alarms-inc"}}],
 "providerships":
  [],
 "total_money_raised": "$0",
 "funding_rounds":
  [],
 "investments":
  [],
 "acquisition": null,
 "acquisitions":
  [],
 "offices":
  [{"description": "Alarm Grid Headquarters",
    "address1": "2510 NE 47th St.",
    "address2": "",
    "zip_code": "33064",
    "city": "Lighthouse Point",
    "state_code": "FL",
    "country_code": "USA",
    "latitude": null,
    "longitude": null}],
 "milestones":
  [],
 "ipo": null,
 "video_embeds":
  [],
 "screenshots":
  [{"available_sizes":
     [[[85,
        150],
       "http://api-images.crunchbase.com/assets/images/resized/0038/4455/384455v2-max-150x150.png"],
      [[142,
        250],
       "http://api-images.crunchbase.com/assets/images/resized/0038/4455/384455v2-max-250x250.png"],
      [[256,
        450],
       "http://api-images.crunchbase.com/assets/images/resized/0038/4455/384455v2-max-450x450.png"]],
    "attribution": null}],
 "external_links":
  [{"external_url": "https://www.alarmgrid.com/monitoring",
    "title": "Alarm Monitoring"},
   {"external_url": "http://moz.com/blog/using-google-analytics-to-power-an-effective-qa-strategy",
    "title": "How Alarm Grid Powers Their FAQ Engine"}],
 "partners":
  []}
