{"name": "Alba Business Catering",
 "permalink": "alba-business-catering",
 "crunchbase_url": "http://www.crunchbase.com/company/alba-business-catering",
 "homepage_url": "http://www.albacatering.co.uk",
 "blog_url": "http://www.albacatering.co.uk/news.php",
 "blog_feed_url": "",
 "twitter_username": "albacoreonline",
 "category_code": "hospitality",
 "number_of_employees": null,
 "founded_year": null,
 "founded_month": null,
 "founded_day": null,
 "deadpooled_year": null,
 "deadpooled_month": null,
 "deadpooled_day": null,
 "deadpooled_url": null,
 "tag_list": "contract-catering, business-catering, food, hospitality, caterers, scotland, uk",
 "alias_list": null,
 "email_address": "info@albacatering.co.uk",
 "phone_number": "0131 535 1046",
 "description": "Contract catering services",
 "created_at": "Tue Dec 17 17:39:48 UTC 2013",
 "updated_at": "Fri Dec 20 00:22:58 UTC 2013",
 "overview": "\u003Cp\u003EFamily owned independent contract catering company based in Edinburgh. \u003C/p\u003E\n\n\u003Cp\u003EProvides business catering services including workplace dining and staff restaurants, cafeterias and canteens to clients around Scotland.\u003C/p\u003E",
 "image":
  {"available_sizes":
    [[[150,
       88],
      "http://api-images.crunchbase.com/assets/images/resized/0037/7967/377967v2-max-150x150.jpg"],
     [[250,
       146],
      "http://api-images.crunchbase.com/assets/images/resized/0037/7967/377967v2-max-250x250.jpg"],
     [[450,
       264],
      "http://api-images.crunchbase.com/assets/images/resized/0037/7967/377967v2-max-450x450.jpg"]],
   "attribution": null},
 "products":
  [],
 "relationships":
  [{"is_past": false,
    "title": "Managing Director",
    "person":
     {"first_name": "Simon",
      "last_name": "Harrison",
      "permalink": "simon-harrison"}}],
 "competitions":
  [],
 "providerships":
  [],
 "total_money_raised": "$0",
 "funding_rounds":
  [],
 "investments":
  [],
 "acquisition": null,
 "acquisitions":
  [],
 "offices":
  [{"description": "",
    "address1": "Reception Business Centre",
    "address2": "21  Lansdowne Crescent",
    "zip_code": "EH12 5EH",
    "city": "Edinburgh",
    "state_code": null,
    "country_code": "GBR",
    "latitude": null,
    "longitude": null}],
 "milestones":
  [],
 "ipo": null,
 "video_embeds":
  [],
 "screenshots":
  [],
 "external_links":
  [],
 "partners":
  []}
