{"name": "Albaweb",
 "permalink": "albaweb",
 "crunchbase_url": "http://www.crunchbase.com/company/albaweb",
 "homepage_url": "http://www.albaweb.es",
 "blog_url": "",
 "blog_feed_url": "",
 "twitter_username": "albawebslsl",
 "category_code": "software",
 "number_of_employees": 50,
 "founded_year": 2001,
 "founded_month": null,
 "founded_day": null,
 "deadpooled_year": null,
 "deadpooled_month": null,
 "deadpooled_day": null,
 "deadpooled_url": null,
 "tag_list": "enterprise, groups, applications",
 "alias_list": "",
 "email_address": "comercial@albaweb.es",
 "phone_number": "967 667 700",
 "description": "CSM, Shop Online Application Development",
 "created_at": "Mon Dec 23 08:29:40 UTC 2013",
 "updated_at": "Fri Jan 10 07:21:24 UTC 2014",
 "overview": "\u003Cp\u003ECompany dedicated to the development of Web Projects and Applications Enterprise and associative groups.\u003C/p\u003E",
 "image":
  {"available_sizes":
    [[[89,
       99],
      "http://api-images.crunchbase.com/assets/images/resized/0038/1364/381364v1-max-150x150.png"],
     [[89,
       99],
      "http://api-images.crunchbase.com/assets/images/resized/0038/1364/381364v1-max-250x250.png"],
     [[89,
       99],
      "http://api-images.crunchbase.com/assets/images/resized/0038/1364/381364v1-max-450x450.png"]],
   "attribution": null},
 "products":
  [],
 "relationships":
  [],
 "competitions":
  [],
 "providerships":
  [],
 "total_money_raised": "$0",
 "funding_rounds":
  [],
 "investments":
  [],
 "acquisition": null,
 "acquisitions":
  [],
 "offices":
  [{"description": "Headquarters",
    "address1": "C/ Doctor Alonso Vidal, 3 \u00b7 Bajo",
    "address2": "",
    "zip_code": "2001",
    "city": "Albacete",
    "state_code": null,
    "country_code": "ESP",
    "latitude": null,
    "longitude": null}],
 "milestones":
  [],
 "ipo": null,
 "video_embeds":
  [],
 "screenshots":
  [{"available_sizes":
     [[[104,
        87],
       "http://api-images.crunchbase.com/assets/images/resized/0038/1363/381363v1-max-150x150.png"],
      [[104,
        87],
       "http://api-images.crunchbase.com/assets/images/resized/0038/1363/381363v1-max-250x250.png"],
      [[104,
        87],
       "http://api-images.crunchbase.com/assets/images/resized/0038/1363/381363v1-max-450x450.png"]],
    "attribution": null}],
 "external_links":
  [],
 "partners":
  []}
