{"name": "Albany Molecular Research",
 "permalink": "albany-molecular-research",
 "crunchbase_url": "http://www.crunchbase.com/company/albany-molecular-research",
 "homepage_url": "http://amriglobal.com",
 "blog_url": "http://amrismartsourcing.com",
 "blog_feed_url": "http://amriglobal.com/news_and_publications/amrinews.xml",
 "twitter_username": "amriglobal",
 "category_code": "biotech",
 "number_of_employees": null,
 "founded_year": 1991,
 "founded_month": null,
 "founded_day": null,
 "deadpooled_year": null,
 "deadpooled_month": null,
 "deadpooled_day": null,
 "deadpooled_url": null,
 "tag_list": null,
 "alias_list": "",
 "email_address": "",
 "phone_number": " 518.512.2000",
 "description": "",
 "created_at": "Thu Dec 12 10:57:39 UTC 2013",
 "updated_at": "Tue Mar 25 03:32:14 UTC 2014",
 "overview": "\u003Cp\u003E\u201cAlbany Molecular Research Inc. provides scientific services, products and technologies that improve quality of life while delivering excellence, value and maximum return.\u201dAlbany Molecular Research, Inc. (NASDAQ: AMRI) is a global contract research and manufacturing organization offering customers fully integrated drug discovery, development, and manufacturing services. \u003C/p\u003E",
 "image":
  {"available_sizes":
    [[[150,
       49],
      "http://api-images.crunchbase.com/assets/images/resized/0044/1677/441677v1-max-150x150.png"],
     [[250,
       82],
      "http://api-images.crunchbase.com/assets/images/resized/0044/1677/441677v1-max-250x250.png"],
     [[320,
       105],
      "http://api-images.crunchbase.com/assets/images/resized/0044/1677/441677v1-max-450x450.png"]],
   "attribution": null},
 "products":
  [],
 "relationships":
  [{"is_past": false,
    "title": "President \u0026 CEO",
    "person":
     {"first_name": "William",
      "last_name": "S. Marth",
      "permalink": "william-s-marth"}},
   {"is_past": false,
    "title": "VP \u0026 CFO",
    "person":
     {"first_name": "Michael",
      "last_name": "M. Nolan",
      "permalink": "michael-m-nolan"}},
   {"is_past": false,
    "title": "Lead Director, Nominating and Compensation Committees",
    "person":
     {"first_name": "Una",
      "last_name": "S. Ryan",
      "permalink": "una-s-ryan"}},
   {"is_past": true,
    "title": "",
    "person":
     {"first_name": "Philip",
      "last_name": "Kisanga",
      "permalink": "philip-kisanga"}}],
 "competitions":
  [],
 "providerships":
  [],
 "total_money_raised": "$0",
 "funding_rounds":
  [],
 "investments":
  [],
 "acquisition": null,
 "acquisitions":
  [{"price_amount": 41000000.0,
    "price_currency_code": "USD",
    "term_code": "cash",
    "source_url": "http://www.biospace.com/news_story.aspx?StoryID=327786\u0026full=1",
    "source_description": "Albany Molecular Research, Inc. (AMRI) (AMRI) To Acquire Cedarburg Hauser Pharmaceuticals For $41 Million ",
    "acquired_year": 2014,
    "acquired_month": 3,
    "acquired_day": 24,
    "company":
     {"name": "Cedarburg Hauser Pharmaceuticals",
      "permalink": "cedarburg-hauser-pharmaceuticals"}}],
 "offices":
  [{"description": "",
    "address1": "26 Corporate Circle",
    "address2": "",
    "zip_code": "12203",
    "city": "Albany",
    "state_code": "NY",
    "country_code": "USA",
    "latitude": null,
    "longitude": null}],
 "milestones":
  [],
 "ipo":
  {"valuation_amount": null,
   "valuation_currency_code": "USD",
   "pub_year": null,
   "pub_month": null,
   "pub_day": null,
   "stock_symbol": "NASDAQ:AMRI"},
 "video_embeds":
  [],
 "screenshots":
  [{"available_sizes":
     [[[150,
        90],
       "http://api-images.crunchbase.com/assets/images/resized/0044/1678/441678v1-max-150x150.png"],
      [[250,
        150],
       "http://api-images.crunchbase.com/assets/images/resized/0044/1678/441678v1-max-250x250.png"],
      [[450,
        271],
       "http://api-images.crunchbase.com/assets/images/resized/0044/1678/441678v1-max-450x450.png"]],
    "attribution": null}],
 "external_links":
  [],
 "partners":
  []}
