{"name": "ALBEDO Telecom",
 "permalink": "albedo-telecom",
 "crunchbase_url": "http://www.crunchbase.com/company/albedo-telecom",
 "homepage_url": "http://www.albedotelecom.com",
 "blog_url": "",
 "blog_feed_url": "",
 "twitter_username": null,
 "category_code": "mobile",
 "number_of_employees": null,
 "founded_year": null,
 "founded_month": null,
 "founded_day": null,
 "deadpooled_year": null,
 "deadpooled_month": null,
 "deadpooled_day": null,
 "deadpooled_url": null,
 "tag_list": "telecom, design-computers, technology",
 "alias_list": "",
 "email_address": "rbt@albedotelecom.com",
 "phone_number": "",
 "description": "Telecom Test Equipment Manufacturer",
 "created_at": "Fri Jan 10 07:42:08 UTC 2014",
 "updated_at": "Fri Jan 10 08:34:04 UTC 2014",
 "overview": "\u003Cp\u003EALBEDO Telecom is an International design and manufacturer of telecom test equipment, synchronization nodes and networking devices. We help R\u0026amp;D laboratories, Mobile and Telecom operators to verify and install the infrastructures that support any kind of applications based on voice, video and data. \u003C/p\u003E\n\n\u003Cp\u003EALBEDO\u0026#8217;s core expertise range from LTE, 3G, PTP, SyncE, GbE, 10GbE, E1/T1, Jitter/Wander, Cabling measurements, QoS and SLA technologies and our solutions have been implemented in WAN emulators, Taps, Testers, Clocks and Systems. ALBEDO also offers network consultancy and technology training in both network architecture and product use to help improve your technician\u0026#8217;s performance. ALBEDO has direct operations and representatives in more than 45 countries over five continents.\u003C/p\u003E",
 "image":
  {"available_sizes":
    [[[142,
       58],
      "http://api-images.crunchbase.com/assets/images/resized/0039/1893/391893v1-max-150x150.png"],
     [[142,
       58],
      "http://api-images.crunchbase.com/assets/images/resized/0039/1893/391893v1-max-250x250.png"],
     [[142,
       58],
      "http://api-images.crunchbase.com/assets/images/resized/0039/1893/391893v1-max-450x450.png"]],
   "attribution": null},
 "products":
  [],
 "relationships":
  [{"is_past": false,
    "title": "Managing Director",
    "person":
     {"first_name": "Jos\u00e9",
      "last_name": "Manuel Caballero",
      "permalink": "jos-manuel-caballero"}}],
 "competitions":
  [],
 "providerships":
  [],
 "total_money_raised": "$0",
 "funding_rounds":
  [],
 "investments":
  [],
 "acquisition": null,
 "acquisitions":
  [],
 "offices":
  [{"description": "",
    "address1": "Joan Austria, 112",
    "address2": "",
    "zip_code": "",
    "city": "Barcelona",
    "state_code": null,
    "country_code": "ESP",
    "latitude": null,
    "longitude": null}],
 "milestones":
  [],
 "ipo": null,
 "video_embeds":
  [],
 "screenshots":
  [{"available_sizes":
     [[[150,
        106],
       "http://api-images.crunchbase.com/assets/images/resized/0039/1895/391895v1-max-150x150.jpg"],
      [[250,
        177],
       "http://api-images.crunchbase.com/assets/images/resized/0039/1895/391895v1-max-250x250.jpg"],
      [[450,
        318],
       "http://api-images.crunchbase.com/assets/images/resized/0039/1895/391895v1-max-450x450.jpg"]],
    "attribution": null}],
 "external_links":
  [],
 "partners":
  []}
