{"name": "Albymedia",
 "permalink": "albymedia",
 "crunchbase_url": "http://www.crunchbase.com/company/albymedia",
 "homepage_url": "http://www.albymedia.com",
 "blog_url": "",
 "blog_feed_url": "",
 "twitter_username": null,
 "category_code": "games_video",
 "number_of_employees": 15,
 "founded_year": 2008,
 "founded_month": 11,
 "founded_day": 8,
 "deadpooled_year": null,
 "deadpooled_month": null,
 "deadpooled_day": null,
 "deadpooled_url": null,
 "tag_list": "games, kids, online, mobile, edutainment",
 "alias_list": null,
 "email_address": "info@albymedia.com",
 "phone_number": "+375296493623",
 "description": "Online games development",
 "created_at": "Fri Jan 03 10:16:06 UTC 2014",
 "updated_at": "Fri Jan 03 16:59:56 UTC 2014",
 "overview": "\u003Cp\u003EAlbymedia is the developer and operator of the - DrivingKids.com - massively multiplayer online edutainment game for kids. \u003C/p\u003E\n\n\u003Cp\u003EThe company\u0026#8217;s portfolio includes series of educational games - Merry Motors I: Balaklava, Merry Motors II: Megapolis, Merry Motors III: Farmland, MMO edutaiment game Rulimony.ru. \u003C/p\u003E\n\n\u003Cp\u003EAlbymedia company founded in 2008, located in Minsk, Belarus.\u003C/p\u003E",
 "image": null,
 "products":
  [],
 "relationships":
  [{"is_past": true,
    "title": "CEO",
    "person":
     {"first_name": "Andrew",
      "last_name": "Lankin",
      "permalink": "andrew-lankin"}}],
 "competitions":
  [],
 "providerships":
  [],
 "total_money_raised": "$0",
 "funding_rounds":
  [],
 "investments":
  [],
 "acquisition": null,
 "acquisitions":
  [],
 "offices":
  [{"description": "Minsk Office",
    "address1": "Skryganova 6-200",
    "address2": "",
    "zip_code": "220000",
    "city": "Minsk",
    "state_code": null,
    "country_code": "BLR",
    "latitude": null,
    "longitude": null}],
 "milestones":
  [],
 "ipo": null,
 "video_embeds":
  [],
 "screenshots":
  [],
 "external_links":
  [{"external_url": "http://www.drivingkids.com",
    "title": "Driving Kids MMO game"}],
 "partners":
  []}
