{"name": "Alchetron",
 "permalink": "alchetron",
 "crunchbase_url": "http://www.crunchbase.com/company/alchetron",
 "homepage_url": "http://www.alchetron.com",
 "blog_url": "",
 "blog_feed_url": "",
 "twitter_username": "alchetron",
 "category_code": "web",
 "number_of_employees": 20,
 "founded_year": 2014,
 "founded_month": null,
 "founded_day": null,
 "deadpooled_year": null,
 "deadpooled_month": null,
 "deadpooled_day": null,
 "deadpooled_url": null,
 "tag_list": "internet, web, software, social, technology, application",
 "alias_list": null,
 "email_address": "support@alchetron.com",
 "phone_number": "",
 "description": "Alchemy of Technology",
 "created_at": "Mon Jan 20 10:06:05 UTC 2014",
 "updated_at": "Tue Jan 21 12:50:43 UTC 2014",
 "overview": "\u003Cp\u003EAlchetron Technologies Pvt. Ltd. is a consumer software product company primarily focussed on intelligent social-networks and software application products for users all over the world. The word \u0026#8220;Alchetron\u0026#8221;  was coined by the founders of Alchetron and its meaning is Alchemy of Technology.\u003C/p\u003E",
 "image":
  {"available_sizes":
    [[[150,
       84],
      "http://api-images.crunchbase.com/assets/images/resized/0039/7474/397474v2-max-150x150.png"],
     [[250,
       140],
      "http://api-images.crunchbase.com/assets/images/resized/0039/7474/397474v2-max-250x250.png"],
     [[450,
       253],
      "http://api-images.crunchbase.com/assets/images/resized/0039/7474/397474v2-max-450x450.png"]],
   "attribution": null},
 "products":
  [],
 "relationships":
  [],
 "competitions":
  [],
 "providerships":
  [],
 "total_money_raised": "$0",
 "funding_rounds":
  [],
 "investments":
  [],
 "acquisition": null,
 "acquisitions":
  [],
 "offices":
  [],
 "milestones":
  [],
 "ipo": null,
 "video_embeds":
  [],
 "screenshots":
  [],
 "external_links":
  [],
 "partners":
  []}
