{"name": "Alcolea \u0026 Abellan",
 "permalink": "alcolea-abellan",
 "crunchbase_url": "http://www.crunchbase.com/company/alcolea-abellan",
 "homepage_url": "http://www.alcoleayabellan.com",
 "blog_url": "",
 "blog_feed_url": "",
 "twitter_username": null,
 "category_code": "web",
 "number_of_employees": null,
 "founded_year": null,
 "founded_month": null,
 "founded_day": null,
 "deadpooled_year": null,
 "deadpooled_month": null,
 "deadpooled_day": null,
 "deadpooled_url": null,
 "tag_list": "marketing, spain, gourmet, products",
 "alias_list": "",
 "email_address": "info@alcoleayabellan.com",
 "phone_number": "",
 "description": "A world of products to discover",
 "created_at": "Fri Jan 10 08:53:48 UTC 2014",
 "updated_at": "Fri Jan 10 08:53:47 UTC 2014",
 "overview": "\u003Cp\u003EAlcolea \u0026amp; Abellan SL is a young and innovative company that was founded with the aim of marketing in Spain the best gourmet Spanish products differently, and import and market the most unique designs and Mexican brands.\u003C/p\u003E",
 "image":
  {"available_sizes":
    [[[141,
       37],
      "http://api-images.crunchbase.com/assets/images/resized/0039/1977/391977v1-max-150x150.jpg"],
     [[141,
       37],
      "http://api-images.crunchbase.com/assets/images/resized/0039/1977/391977v1-max-250x250.jpg"],
     [[141,
       37],
      "http://api-images.crunchbase.com/assets/images/resized/0039/1977/391977v1-max-450x450.jpg"]],
   "attribution": null},
 "products":
  [],
 "relationships":
  [{"is_past": false,
    "title": "Vice President",
    "person":
     {"first_name": "Raquel",
      "last_name": "Alcolea Cano",
      "permalink": "raquel-alcolea-cano"}}],
 "competitions":
  [],
 "providerships":
  [],
 "total_money_raised": "$0",
 "funding_rounds":
  [],
 "investments":
  [],
 "acquisition": null,
 "acquisitions":
  [],
 "offices":
  [{"description": "",
    "address1": "",
    "address2": "",
    "zip_code": "",
    "city": "",
    "state_code": null,
    "country_code": "ESP",
    "latitude": null,
    "longitude": null}],
 "milestones":
  [],
 "ipo": null,
 "video_embeds":
  [],
 "screenshots":
  [{"available_sizes":
     [[[150,
        99],
       "http://api-images.crunchbase.com/assets/images/resized/0039/1976/391976v1-max-150x150.jpg"],
      [[250,
        165],
       "http://api-images.crunchbase.com/assets/images/resized/0039/1976/391976v1-max-250x250.jpg"],
      [[450,
        297],
       "http://api-images.crunchbase.com/assets/images/resized/0039/1976/391976v1-max-450x450.jpg"]],
    "attribution": null}],
 "external_links":
  [],
 "partners":
  []}
