{"name": "Alcon LenSx, Inc.",
 "permalink": "alcon-lensx-inc",
 "crunchbase_url": "http://www.crunchbase.com/company/alcon-lensx-inc",
 "homepage_url": null,
 "blog_url": null,
 "blog_feed_url": null,
 "twitter_username": null,
 "category_code": null,
 "number_of_employees": null,
 "founded_year": null,
 "founded_month": null,
 "founded_day": null,
 "deadpooled_year": null,
 "deadpooled_month": null,
 "deadpooled_day": null,
 "deadpooled_url": null,
 "tag_list": null,
 "alias_list": null,
 "email_address": null,
 "phone_number": null,
 "description": null,
 "created_at": "Sat Jan 04 17:58:24 UTC 2014",
 "updated_at": "Sat Jan 04 17:58:24 UTC 2014",
 "overview": null,
 "image": null,
 "products":
  [],
 "relationships":
  [{"is_past": true,
    "title": "Chief Financial Officer and Vice President, Operations",
    "person":
     {"first_name": "Shelley",
      "last_name": "Thunen",
      "permalink": "shelley-thunen"}},
   {"is_past": true,
    "title": "Board of Directors and as Chairperson of the Audit Committee",
    "person":
     {"first_name": "Shelley",
      "last_name": "Thunen",
      "permalink": "shelley-thunen"}},
   {"is_past": true,
    "title": "Associate General Manager",
    "person":
     {"first_name": "Shelley",
      "last_name": "Thunen",
      "permalink": "shelley-thunen"}}],
 "competitions":
  [],
 "providerships":
  [],
 "total_money_raised": "$0",
 "funding_rounds":
  [],
 "investments":
  [],
 "acquisition": null,
 "acquisitions":
  [],
 "offices":
  [],
 "milestones":
  [],
 "ipo": null,
 "video_embeds":
  [],
 "screenshots":
  [],
 "external_links":
  [],
 "partners":
  []}
