{"name": "AlfaCon",
 "permalink": "alfacon",
 "crunchbase_url": "http://www.crunchbase.com/company/alfacon",
 "homepage_url": "http://www.alfaconcursos.com.br",
 "blog_url": "",
 "blog_feed_url": "",
 "twitter_username": "AlfaConCP",
 "category_code": "education",
 "number_of_employees": 70,
 "founded_year": 2011,
 "founded_month": 6,
 "founded_day": null,
 "deadpooled_year": null,
 "deadpooled_month": null,
 "deadpooled_day": null,
 "deadpooled_url": null,
 "tag_list": "e-learning, e-commerce, education",
 "alias_list": null,
 "email_address": "",
 "phone_number": "",
 "description": "E-Learning Preparatory Courses",
 "created_at": "Wed Jan 15 04:57:47 UTC 2014",
 "updated_at": "Wed Mar 12 08:52:23 UTC 2014",
 "overview": "\u003Cp\u003EAlfaCon provides E-Learning Preparatory Courses for Civil Service Examinations. \u003C/p\u003E",
 "image":
  {"available_sizes":
    [[[150,
       131],
      "http://api-images.crunchbase.com/assets/images/resized/0039/4256/394256v2-max-150x150.png"],
     [[184,
       161],
      "http://api-images.crunchbase.com/assets/images/resized/0039/4256/394256v2-max-250x250.png"],
     [[184,
       161],
      "http://api-images.crunchbase.com/assets/images/resized/0039/4256/394256v2-max-450x450.png"]],
   "attribution": null},
 "products":
  [],
 "relationships":
  [],
 "competitions":
  [],
 "providerships":
  [],
 "total_money_raised": "$0",
 "funding_rounds":
  [],
 "investments":
  [],
 "acquisition": null,
 "acquisitions":
  [],
 "offices":
  [{"description": "HQ - Matriz",
    "address1": "Jacarezinho, 800",
    "address2": "",
    "zip_code": "85816010",
    "city": "Cascavel",
    "state_code": null,
    "country_code": "BRA",
    "latitude": null,
    "longitude": null},
   {"description": "Presencial SP",
    "address1": "Rua Tamandar\u00e9, 596",
    "address2": "Liberdade",
    "zip_code": "01525-000",
    "city": "S\u00e3o Paulo",
    "state_code": null,
    "country_code": "BRA",
    "latitude": null,
    "longitude": null}],
 "milestones":
  [{"id": 48961,
    "description": "VEJA.com e AlfaCon lan\u00e7am Curso Preparat\u00f3rio para Concursos P\u00fablicos",
    "stoned_year": 2013,
    "stoned_month": 6,
    "stoned_day": 15,
    "source_url": "http://veja.abril.com.br/noticia/educacao/veja-com-e-alfacon-lancam-curso-preparatorio-para-concursos-publicos",
    "source_text": null,
    "source_description": "VEJA.com e AlfaCon lan\u00e7am Curso Preparat\u00f3rio para Concursos P\u00fablicos",
    "stoneable_type": "Company",
    "stoned_value": null,
    "stoned_value_type": null,
    "stoned_acquirer": null,
    "stoneable":
     {"name": "AlfaCon",
      "permalink": "alfacon"}}],
 "ipo": null,
 "video_embeds":
  [],
 "screenshots":
  [{"available_sizes":
     [[[150,
        91],
       "http://api-images.crunchbase.com/assets/images/resized/0043/2404/432404v2-max-150x150.png"],
      [[250,
        151],
       "http://api-images.crunchbase.com/assets/images/resized/0043/2404/432404v2-max-250x250.png"],
      [[450,
        273],
       "http://api-images.crunchbase.com/assets/images/resized/0043/2404/432404v2-max-450x450.png"]],
    "attribution": null}],
 "external_links":
  [],
 "partners":
  []}
