{"name": "Algeta",
 "permalink": "algeta",
 "crunchbase_url": "http://www.crunchbase.com/company/algeta",
 "homepage_url": "http://algeta.com",
 "blog_url": "",
 "blog_feed_url": "",
 "twitter_username": null,
 "category_code": "biotech",
 "number_of_employees": null,
 "founded_year": 1997,
 "founded_month": null,
 "founded_day": null,
 "deadpooled_year": null,
 "deadpooled_month": null,
 "deadpooled_day": null,
 "deadpooled_url": null,
 "tag_list": "",
 "alias_list": "",
 "email_address": "post@algeta.com",
 "phone_number": "+47 23 00 79 90",
 "description": "",
 "created_at": "Thu Dec 19 10:00:56 UTC 2013",
 "updated_at": "Thu Dec 19 10:00:55 UTC 2013",
 "overview": "\u003Cp\u003EAlgeta ASA, an oncology company, focused on developing targeted therapies for patients with cancer based on its alpha-pharmaceutical platform. Its lead product includes radium-223 dichloride, which completed Phase III clinical trial to treat castration-resistant prostate cancer with bone metastases. The company is also developing alpha-emitter thorium-227 that is in the preclinical phase linked to tumor-targeting molecules to form targeted thorium conjugates. It has an agreement with Bayer Pharma AG for the development and commercialization of radium-223 worldwide. The company was formerly known as Anticancer Therapeutic Inventions AS and changed its name to Algeta ASA in 2003. Algeta ASA was founded in 1997 and is headquartered in Oslo, Norway.\u003C/p\u003E",
 "image":
  {"available_sizes":
    [[[150,
       39],
      "http://api-images.crunchbase.com/assets/images/resized/0037/9354/379354v1-max-150x150.jpg"],
     [[242,
       63],
      "http://api-images.crunchbase.com/assets/images/resized/0037/9354/379354v1-max-250x250.jpg"],
     [[242,
       63],
      "http://api-images.crunchbase.com/assets/images/resized/0037/9354/379354v1-max-450x450.jpg"]],
   "attribution": null},
 "products":
  [],
 "relationships":
  [{"is_past": false,
    "title": "CEO",
    "person":
     {"first_name": "Andrew",
      "last_name": "Kay",
      "permalink": "andrew-kay"}},
   {"is_past": false,
    "title": "COO",
    "person":
     {"first_name": "Thomas",
      "last_name": "Ramdahl",
      "permalink": "thomas-ramdahl"}},
   {"is_past": false,
    "title": "CFO",
    "person":
     {"first_name": "\u00d8ystein",
      "last_name": "Soug",
      "permalink": "ystein-soug"}},
   {"is_past": true,
    "title": "Boards of Directors",
    "person":
     {"first_name": "Kent",
      "last_name": "Gossett",
      "permalink": "kent-gossett"}}],
 "competitions":
  [],
 "providerships":
  [],
 "total_money_raised": "$0",
 "funding_rounds":
  [],
 "investments":
  [],
 "acquisition":
  {"price_amount": 2900000000.0,
   "price_currency_code": "USD",
   "term_code": "cash_and_stock",
   "source_url": "http://www.firstwordpharma.com/node/1173289?tsid=28#axzz2nuevXgAT",
   "source_description": " Bayer to acquire Algeta for $2.9 billion, gaining full rights to Xofigo",
   "acquired_year": 2013,
   "acquired_month": 12,
   "acquired_day": 19,
   "acquiring_company":
    {"name": "Bayer AG",
     "permalink": "bayer-ag-germany"}},
 "acquisitions":
  [],
 "offices":
  [{"description": "",
    "address1": "Kjels\u00e5sveien 172 A",
    "address2": "PO Box 54 Kjels\u00e5s",
    "zip_code": "NO-0411",
    "city": "Oslo",
    "state_code": null,
    "country_code": "NOR",
    "latitude": null,
    "longitude": null}],
 "milestones":
  [],
 "ipo": null,
 "video_embeds":
  [],
 "screenshots":
  [{"available_sizes":
     [[[150,
        76],
       "http://api-images.crunchbase.com/assets/images/resized/0037/9353/379353v1-max-150x150.jpg"],
      [[250,
        127],
       "http://api-images.crunchbase.com/assets/images/resized/0037/9353/379353v1-max-250x250.jpg"],
      [[450,
        229],
       "http://api-images.crunchbase.com/assets/images/resized/0037/9353/379353v1-max-450x450.jpg"]],
    "attribution": null}],
 "external_links":
  [],
 "partners":
  []}
