{"name": "Alianzo",
 "permalink": "alianzo",
 "crunchbase_url": "http://www.crunchbase.com/company/alianzo",
 "homepage_url": "http://www.alianzo.com/en",
 "blog_url": "http://blogs.alianzo.com/socialnetworks/",
 "blog_feed_url": "",
 "twitter_username": "alianzo",
 "category_code": "web",
 "number_of_employees": 50,
 "founded_year": 2004,
 "founded_month": 8,
 "founded_day": 19,
 "deadpooled_year": null,
 "deadpooled_month": null,
 "deadpooled_day": null,
 "deadpooled_url": null,
 "tag_list": "brands, social-media, comparison",
 "alias_list": "",
 "email_address": "info@alianzo.com",
 "phone_number": "",
 "description": "Compare brands on social media",
 "created_at": "Fri Dec 20 09:47:50 UTC 2013",
 "updated_at": "Fri Jan 10 09:13:40 UTC 2014",
 "overview": "\u003Cp\u003EThis is a company which  provids tools to compare how brands are doing on social media.\u003C/p\u003E",
 "image":
  {"available_sizes":
    [[[100,
       35],
      "http://api-images.crunchbase.com/assets/images/resized/0038/0200/380200v1-max-150x150.png"],
     [[100,
       35],
      "http://api-images.crunchbase.com/assets/images/resized/0038/0200/380200v1-max-250x250.png"],
     [[100,
       35],
      "http://api-images.crunchbase.com/assets/images/resized/0038/0200/380200v1-max-450x450.png"]],
   "attribution": null},
 "products":
  [],
 "relationships":
  [],
 "competitions":
  [],
 "providerships":
  [],
 "total_money_raised": "$0",
 "funding_rounds":
  [],
 "investments":
  [],
 "acquisition": null,
 "acquisitions":
  [],
 "offices":
  [{"description": "Headquarters",
    "address1": "Alameda Mazarredo 35",
    "address2": "",
    "zip_code": "",
    "city": "Bilbao",
    "state_code": null,
    "country_code": "ESP",
    "latitude": null,
    "longitude": null}],
 "milestones":
  [],
 "ipo": null,
 "video_embeds":
  [],
 "screenshots":
  [{"available_sizes":
     [[[150,
        124],
       "http://api-images.crunchbase.com/assets/images/resized/0038/0199/380199v1-max-150x150.png"],
      [[250,
        206],
       "http://api-images.crunchbase.com/assets/images/resized/0038/0199/380199v1-max-250x250.png"],
      [[410,
        339],
       "http://api-images.crunchbase.com/assets/images/resized/0038/0199/380199v1-max-450x450.png"]],
    "attribution": null}],
 "external_links":
  [],
 "partners":
  []}
