{"name": "Align Ventures",
 "permalink": "align-ventures",
 "crunchbase_url": "http://www.crunchbase.com/company/align-ventures",
 "homepage_url": null,
 "blog_url": null,
 "blog_feed_url": null,
 "twitter_username": null,
 "category_code": null,
 "number_of_employees": null,
 "founded_year": null,
 "founded_month": null,
 "founded_day": null,
 "deadpooled_year": null,
 "deadpooled_month": null,
 "deadpooled_day": null,
 "deadpooled_url": null,
 "tag_list": null,
 "alias_list": null,
 "email_address": null,
 "phone_number": null,
 "description": null,
 "created_at": "Mon Jan 06 00:02:20 UTC 2014",
 "updated_at": "Tue Jan 07 00:29:00 UTC 2014",
 "overview": null,
 "image":
  {"available_sizes":
    [[[100,
       30],
      "http://api-images.crunchbase.com/assets/images/resized/0038/9158/389158v2-max-150x150.jpg"],
     [[100,
       30],
      "http://api-images.crunchbase.com/assets/images/resized/0038/9158/389158v2-max-250x250.jpg"],
     [[100,
       30],
      "http://api-images.crunchbase.com/assets/images/resized/0038/9158/389158v2-max-450x450.jpg"]],
   "attribution": null},
 "products":
  [],
 "relationships":
  [],
 "competitions":
  [],
 "providerships":
  [],
 "total_money_raised": "$0",
 "funding_rounds":
  [],
 "investments":
  [{"funding_round":
     {"round_code": "partial",
      "source_url": "http://www.sec.gov/Archives/edgar/data/1595709/000159570914000001/xslFormDX01/primary_doc.xml",
      "source_description": "SEC",
      "raised_amount": 115119.0,
      "raised_currency_code": "USD",
      "funded_year": 2014,
      "funded_month": 1,
      "funded_day": 3,
      "company":
       {"name": "Repairogen",
        "permalink": "repairogen"}}}],
 "acquisition": null,
 "acquisitions":
  [],
 "offices":
  [],
 "milestones":
  [],
 "ipo": null,
 "video_embeds":
  [],
 "screenshots":
  [],
 "external_links":
  [],
 "partners":
  []}
