{"name": "AlignAlytics",
 "permalink": "alignalytics",
 "crunchbase_url": "http://www.crunchbase.com/company/alignalytics",
 "homepage_url": "http://align-alytics.com",
 "blog_url": "",
 "blog_feed_url": "",
 "twitter_username": "alignalytics",
 "category_code": "analytics",
 "number_of_employees": null,
 "founded_year": null,
 "founded_month": null,
 "founded_day": null,
 "deadpooled_year": null,
 "deadpooled_month": null,
 "deadpooled_day": null,
 "deadpooled_url": null,
 "tag_list": "",
 "alias_list": "",
 "email_address": "info@alignanalytics.com",
 "phone_number": "",
 "description": "Enterprise Analytics",
 "created_at": "Fri Dec 13 22:34:44 UTC 2013",
 "updated_at": "Fri Dec 13 22:34:44 UTC 2013",
 "overview": "\u003Cp\u003EAlignAlytics provides software, experience and services to help companies drive improved business outcomes with analytics.\u003C/p\u003E",
 "image":
  {"available_sizes":
    [[[124,
       124],
      "http://api-images.crunchbase.com/assets/images/resized/0037/6054/376054v1-max-150x150.png"],
     [[124,
       124],
      "http://api-images.crunchbase.com/assets/images/resized/0037/6054/376054v1-max-250x250.png"],
     [[124,
       124],
      "http://api-images.crunchbase.com/assets/images/resized/0037/6054/376054v1-max-450x450.png"]],
   "attribution": null},
 "products":
  [],
 "relationships":
  [{"is_past": false,
    "title": "Board Member",
    "person":
     {"first_name": "Bruce",
      "last_name": "Luehrs",
      "permalink": "bruce-luehrs"}}],
 "competitions":
  [],
 "providerships":
  [],
 "total_money_raised": "$0",
 "funding_rounds":
  [{"id": 58150,
    "round_code": "a",
    "source_url": "",
    "source_description": "",
    "raised_amount": null,
    "raised_currency_code": "USD",
    "funded_year": 2008,
    "funded_month": 6,
    "funded_day": 20,
    "investments":
     [{"company": null,
       "financial_org":
        {"name": "Emerald Stage2 Ventures",
         "permalink": "emerald-stage2-ventures"},
       "person": null},
      {"company": null,
       "financial_org":
        {"name": "Innovation Ventures",
         "permalink": "innovation-ventures"},
       "person": null},
      {"company": null,
       "financial_org":
        {"name": "Zon Capital Partners",
         "permalink": "zon-capital-partners"},
       "person": null}]}],
 "investments":
  [],
 "acquisition": null,
 "acquisitions":
  [],
 "offices":
  [{"description": "",
    "address1": "993 Old Eagle School Road",
    "address2": "",
    "zip_code": "19087",
    "city": "Wayne",
    "state_code": "PA",
    "country_code": "USA",
    "latitude": null,
    "longitude": null}],
 "milestones":
  [],
 "ipo": null,
 "video_embeds":
  [],
 "screenshots":
  [{"available_sizes":
     [[[150,
        65],
       "http://api-images.crunchbase.com/assets/images/resized/0037/6053/376053v1-max-150x150.png"],
      [[250,
        109],
       "http://api-images.crunchbase.com/assets/images/resized/0037/6053/376053v1-max-250x250.png"],
      [[450,
        197],
       "http://api-images.crunchbase.com/assets/images/resized/0037/6053/376053v1-max-450x450.png"]],
    "attribution": null}],
 "external_links":
  [],
 "partners":
  []}
