{"name": "Alimay Sports",
 "permalink": "alimay-sports",
 "crunchbase_url": "http://www.crunchbase.com/company/alimay-sports",
 "homepage_url": "http://www.alimaysports.com",
 "blog_url": "",
 "blog_feed_url": "",
 "twitter_username": "alimaysports",
 "category_code": "ecommerce",
 "number_of_employees": 5,
 "founded_year": 2011,
 "founded_month": null,
 "founded_day": null,
 "deadpooled_year": null,
 "deadpooled_month": null,
 "deadpooled_day": null,
 "deadpooled_url": null,
 "tag_list": "cycling, retail, ecommerce, bicycle-parts, cycling-accessories, uk",
 "alias_list": null,
 "email_address": "ask@alimaysports.freshdesk.com",
 "phone_number": "+44 20 3290 8078",
 "description": "Online Cycling Retail Store",
 "created_at": "Tue Jan 14 12:13:09 UTC 2014",
 "updated_at": "Wed Apr 02 10:29:15 UTC 2014",
 "overview": "\u003Cp\u003EAlimay Sports is an online retail store selling bicycle parts and cycling accessories in the UK and globally.\u003C/p\u003E\n\n\u003Cp\u003EAlimay Sports focuses on the cycling products that cyclists and triathletes use most often such as bicycle tyres, sports nutrition and bike maintenance essentials.\u003C/p\u003E\n\n\u003Cp\u003EBy focusing on these products, Alimay Sports can provide an extremely high level of service along with excellent product offers and close to 100% stock availability on all cycling accessories at all times.\u003C/p\u003E",
 "image":
  {"available_sizes":
    [[[150,
       75],
      "http://api-images.crunchbase.com/assets/images/resized/0039/8551/398551v2-max-150x150.png"],
     [[250,
       125],
      "http://api-images.crunchbase.com/assets/images/resized/0039/8551/398551v2-max-250x250.png"],
     [[450,
       225],
      "http://api-images.crunchbase.com/assets/images/resized/0039/8551/398551v2-max-450x450.png"]],
   "attribution": null},
 "products":
  [],
 "relationships":
  [],
 "competitions":
  [],
 "providerships":
  [],
 "total_money_raised": "$0",
 "funding_rounds":
  [],
 "investments":
  [],
 "acquisition": null,
 "acquisitions":
  [],
 "offices":
  [{"description": "UK Address",
    "address1": "Unit 13 Block A, Flurrybridge Business Park",
    "address2": "Lower Foughill Road",
    "zip_code": "BT35 8SQ",
    "city": "Newry",
    "state_code": null,
    "country_code": "GBR",
    "latitude": null,
    "longitude": null},
   {"description": "Irish Address",
    "address1": "Unit 12 BEaT Centre",
    "address2": "Stephenstown Industrial Estate,Dublin",
    "zip_code": "",
    "city": "Balbriggan",
    "state_code": null,
    "country_code": "IRL",
    "latitude": null,
    "longitude": null}],
 "milestones":
  [],
 "ipo": null,
 "video_embeds":
  [],
 "screenshots":
  [{"available_sizes":
     [[[150,
        141],
       "http://api-images.crunchbase.com/assets/images/resized/0039/3843/393843v2-max-150x150.png"],
      [[250,
        236],
       "http://api-images.crunchbase.com/assets/images/resized/0039/3843/393843v2-max-250x250.png"],
      [[450,
        425],
       "http://api-images.crunchbase.com/assets/images/resized/0039/3843/393843v2-max-450x450.png"]],
    "attribution": null}],
 "external_links":
  [],
 "partners":
  []}
