{"name": "All daily newspaper Bangla",
 "permalink": "all-daily-newspaper-bangla",
 "crunchbase_url": "http://www.crunchbase.com/company/all-daily-newspaper-bangla",
 "homepage_url": "http://allnewsbd.weebly.com",
 "blog_url": "",
 "blog_feed_url": "",
 "twitter_username": null,
 "category_code": "advertising",
 "number_of_employees": null,
 "founded_year": null,
 "founded_month": null,
 "founded_day": null,
 "deadpooled_year": null,
 "deadpooled_month": null,
 "deadpooled_day": null,
 "deadpooled_url": null,
 "tag_list": "",
 "alias_list": null,
 "email_address": "",
 "phone_number": "",
 "description": "popular newspaper magazine",
 "created_at": "Wed Jan 22 10:46:47 UTC 2014",
 "updated_at": "Sat Jan 25 01:54:42 UTC 2014",
 "overview": "",
 "image": null,
 "products":
  [],
 "relationships":
  [],
 "competitions":
  [],
 "providerships":
  [],
 "total_money_raised": "$0",
 "funding_rounds":
  [],
 "investments":
  [],
 "acquisition": null,
 "acquisitions":
  [],
 "offices":
  [],
 "milestones":
  [],
 "ipo": null,
 "video_embeds":
  [],
 "screenshots":
  [],
 "external_links":
  [],
 "partners":
  []}
