{"name": "ALL - Am\u00e9rica Latina Log\u00edstica",
 "permalink": "all-amrica-latina-logstica",
 "crunchbase_url": "http://www.crunchbase.com/company/all-amrica-latina-logstica",
 "homepage_url": null,
 "blog_url": null,
 "blog_feed_url": null,
 "twitter_username": null,
 "category_code": null,
 "number_of_employees": null,
 "founded_year": null,
 "founded_month": null,
 "founded_day": null,
 "deadpooled_year": null,
 "deadpooled_month": null,
 "deadpooled_day": null,
 "deadpooled_url": null,
 "tag_list": null,
 "alias_list": null,
 "email_address": null,
 "phone_number": null,
 "description": null,
 "created_at": "Sun Dec 29 15:34:24 UTC 2013",
 "updated_at": "Sun Dec 29 15:34:24 UTC 2013",
 "overview": null,
 "image": null,
 "products":
  [],
 "relationships":
  [{"is_past": true,
    "title": "Chief Financial Officer and Investor Relations Officer",
    "person":
     {"first_name": "Sergio",
      "last_name": "Pedreiro",
      "permalink": "sergio-pedreiro"}}],
 "competitions":
  [],
 "providerships":
  [],
 "total_money_raised": "$0",
 "funding_rounds":
  [],
 "investments":
  [],
 "acquisition": null,
 "acquisitions":
  [],
 "offices":
  [],
 "milestones":
  [],
 "ipo": null,
 "video_embeds":
  [],
 "screenshots":
  [],
 "external_links":
  [],
 "partners":
  []}
