{"name": "All Trade Services General Buildersl",
 "permalink": "all-trade-services-general-buildersl",
 "crunchbase_url": "http://www.crunchbase.com/company/all-trade-services-general-buildersl",
 "homepage_url": "http://www.alltradeservices.co.uk",
 "blog_url": "",
 "blog_feed_url": "",
 "twitter_username": null,
 "category_code": "other",
 "number_of_employees": null,
 "founded_year": null,
 "founded_month": null,
 "founded_day": null,
 "deadpooled_year": null,
 "deadpooled_month": null,
 "deadpooled_day": null,
 "deadpooled_url": null,
 "tag_list": "general-builders, construction, general-builders-scotland",
 "alias_list": null,
 "email_address": "info@alltradeservices.co.uk",
 "phone_number": "07884 296 719",
 "description": "Professional General Builders",
 "created_at": "Fri Jan 03 03:22:14 UTC 2014",
 "updated_at": "Fri Jan 03 16:44:26 UTC 2014",
 "overview": "\u003Cp\u003EAll Trade Services are an established and experienced maintenance, construction, renovation and repair company specialising in providing all the trades and services required for homeowners, landlords and Business.\u003C/p\u003E\n\n\u003Cp\u003EWe pride ourselves in providing a high standard of workmanship at reasonable prices to ensure our customers get the best value from our service.\u003C/p\u003E\n\n\u003Cp\u003EWe use local trades people with significant experience in these areas. Although local we have branched out all over the West of Scotland and beyond as our reputation spreads.\u003C/p\u003E\n\n\u003Cp\u003ESo if you need any of our services you can easy contact us by phone or after filling your details in our web site and we can find the best time for you to visit your premises and carry out a fully survey of your refurbishment, confirm your requirements and give you a free quote. \u003C/p\u003E",
 "image":
  {"available_sizes":
    [[[150,
       58],
      "http://api-images.crunchbase.com/assets/images/resized/0038/7362/387362v2-max-150x150.png"],
     [[250,
       96],
      "http://api-images.crunchbase.com/assets/images/resized/0038/7362/387362v2-max-250x250.png"],
     [[261,
       101],
      "http://api-images.crunchbase.com/assets/images/resized/0038/7362/387362v2-max-450x450.png"]],
   "attribution": null},
 "products":
  [],
 "relationships":
  [],
 "competitions":
  [],
 "providerships":
  [],
 "total_money_raised": "$0",
 "funding_rounds":
  [],
 "investments":
  [],
 "acquisition": null,
 "acquisitions":
  [],
 "offices":
  [],
 "milestones":
  [],
 "ipo": null,
 "video_embeds":
  [],
 "screenshots":
  [],
 "external_links":
  [],
 "partners":
  []}
