{"name": "All About Baby.",
 "permalink": "all-about-baby-2",
 "crunchbase_url": "http://www.crunchbase.com/company/all-about-baby-2",
 "homepage_url": null,
 "blog_url": "",
 "blog_feed_url": "",
 "twitter_username": null,
 "category_code": "ecommerce",
 "number_of_employees": null,
 "founded_year": 2007,
 "founded_month": null,
 "founded_day": null,
 "deadpooled_year": null,
 "deadpooled_month": null,
 "deadpooled_day": null,
 "deadpooled_url": null,
 "tag_list": "",
 "alias_list": "",
 "email_address": "",
 "phone_number": "336-793-9586",
 "description": "",
 "created_at": "Wed Jan 08 14:00:38 UTC 2014",
 "updated_at": "Wed Jan 08 18:46:02 UTC 2014",
 "overview": "\u003Cp\u003EHello!  My name is Priscilla.  I started investigating cloth diapers when my daughter was around 1 year after she became allergic to disposible diapers.  I began researching cloth diapers and was shocked to learn how simple and easy they are to use (not like the ones from when I was a baby).  Heck, I didn\u0026#8217;t even need pins to keep them closed! With my husband\u0026#8217;s support, we began cloth diapering our daughter, Ansley.\u003C/p\u003E",
 "image":
  {"available_sizes":
    [[[150,
       28],
      "http://api-images.crunchbase.com/assets/images/resized/0039/0606/390606v1-max-150x150.png"],
     [[250,
       47],
      "http://api-images.crunchbase.com/assets/images/resized/0039/0606/390606v1-max-250x250.png"],
     [[450,
       86],
      "http://api-images.crunchbase.com/assets/images/resized/0039/0606/390606v1-max-450x450.png"]],
   "attribution": null},
 "products":
  [],
 "relationships":
  [{"is_past": false,
    "title": "Chief Executive Officer",
    "person":
     {"first_name": "Jack",
      "last_name": "Atzmon",
      "permalink": "jack-atzmon-2"}}],
 "competitions":
  [],
 "providerships":
  [],
 "total_money_raised": "$2.41M",
 "funding_rounds":
  [{"id": 60446,
    "round_code": "partial",
    "source_url": "http://www.sec.gov/Archives/edgar/data/1460328/000146032810000003/xslFormDX01/primary_doc.xml",
    "source_description": "SEC",
    "raised_amount": 2410000.0,
    "raised_currency_code": "USD",
    "funded_year": 2010,
    "funded_month": 7,
    "funded_day": 7,
    "investments":
     []}],
 "investments":
  [],
 "acquisition": null,
 "acquisitions":
  [],
 "offices":
  [{"description": "",
    "address1": "410 Blandwood Ave",
    "address2": "",
    "zip_code": "27401",
    "city": "Greensboro",
    "state_code": "NC",
    "country_code": "USA",
    "latitude": null,
    "longitude": null}],
 "milestones":
  [],
 "ipo": null,
 "video_embeds":
  [],
 "screenshots":
  [{"available_sizes":
     [[[150,
        69],
       "http://api-images.crunchbase.com/assets/images/resized/0039/0605/390605v1-max-150x150.png"],
      [[250,
        115],
       "http://api-images.crunchbase.com/assets/images/resized/0039/0605/390605v1-max-250x250.png"],
      [[450,
        207],
       "http://api-images.crunchbase.com/assets/images/resized/0039/0605/390605v1-max-450x450.png"]],
    "attribution": null}],
 "external_links":
  [],
 "partners":
  []}
