{"name": "Allegheny General Hospital",
 "permalink": "allegheny-general-hospital",
 "crunchbase_url": "http://www.crunchbase.com/company/allegheny-general-hospital",
 "homepage_url": "http://ahn.org",
 "blog_url": "",
 "blog_feed_url": "",
 "twitter_username": null,
 "category_code": "medical",
 "number_of_employees": null,
 "founded_year": null,
 "founded_month": null,
 "founded_day": null,
 "deadpooled_year": null,
 "deadpooled_month": null,
 "deadpooled_day": null,
 "deadpooled_url": null,
 "tag_list": "",
 "alias_list": "",
 "email_address": "complaint@jcaho.org",
 "phone_number": "800.994.6610",
 "description": "",
 "created_at": "Wed Jan 22 07:33:22 UTC 2014",
 "updated_at": "Tue Mar 25 03:18:13 UTC 2014",
 "overview": "\u003Cp\u003EAllegheny General Hospital, our physicians and healthcare staff have earned an international reputation for excellence and innovation in education, research and above all, the care of patients. Our doctors are world-renowned in their fields and lead exceptional teams of nurses, technicians, clinicians and support staff who deliver advanced, compassionate care with the personal attention every patient deserves.\u003C/p\u003E",
 "image":
  {"available_sizes":
    [[[150,
       21],
      "http://api-images.crunchbase.com/assets/images/resized/0039/9073/399073v1-max-150x150.png"],
     [[250,
       36],
      "http://api-images.crunchbase.com/assets/images/resized/0039/9073/399073v1-max-250x250.png"],
     [[450,
       64],
      "http://api-images.crunchbase.com/assets/images/resized/0039/9073/399073v1-max-450x450.png"]],
   "attribution": null},
 "products":
  [],
 "relationships":
  [],
 "competitions":
  [],
 "providerships":
  [],
 "total_money_raised": "$1.42M",
 "funding_rounds":
  [{"id": 62077,
    "round_code": "grant",
    "source_url": "http://www.bizjournals.com/pittsburgh/news/2014/01/21/allegheny-general-gets-415000-grant.html?ana=twt",
    "source_description": "Allegheny General gets $415,000 grant",
    "raised_amount": 415000.0,
    "raised_currency_code": "USD",
    "funded_year": 2014,
    "funded_month": 1,
    "funded_day": 21,
    "investments":
     []},
   {"id": 70507,
    "round_code": "grant",
    "source_url": "http://www.bizjournals.com/pittsburgh/news/2014/03/24/allegheny-general-gets-1m-in-heartresearch-funds.html?ana=twt",
    "source_description": "Allegheny General gets $1M in heart-research funds",
    "raised_amount": 1000000.0,
    "raised_currency_code": "USD",
    "funded_year": 2014,
    "funded_month": 3,
    "funded_day": 24,
    "investments":
     []}],
 "investments":
  [],
 "acquisition": null,
 "acquisitions":
  [],
 "offices":
  [{"description": "",
    "address1": "One Renaissance Boulevard",
    "address2": "",
    "zip_code": "60181",
    "city": "Terrace",
    "state_code": "IL",
    "country_code": "USA",
    "latitude": null,
    "longitude": null}],
 "milestones":
  [],
 "ipo": null,
 "video_embeds":
  [],
 "screenshots":
  [{"available_sizes":
     [[[150,
        83],
       "http://api-images.crunchbase.com/assets/images/resized/0039/9072/399072v1-max-150x150.png"],
      [[250,
        139],
       "http://api-images.crunchbase.com/assets/images/resized/0039/9072/399072v1-max-250x250.png"],
      [[450,
        250],
       "http://api-images.crunchbase.com/assets/images/resized/0039/9072/399072v1-max-450x450.png"]],
    "attribution": null}],
 "external_links":
  [],
 "partners":
  []}
