{"name": "AllHipHopConcerts.com",
 "permalink": "allhiphopconcerts-com",
 "crunchbase_url": "http://www.crunchbase.com/company/allhiphopconcerts-com",
 "homepage_url": "http://www.allhiphopconcerts.com",
 "blog_url": "",
 "blog_feed_url": "",
 "twitter_username": null,
 "category_code": "other",
 "number_of_employees": 10,
 "founded_year": 2014,
 "founded_month": 2,
 "founded_day": 17,
 "deadpooled_year": null,
 "deadpooled_month": null,
 "deadpooled_day": null,
 "deadpooled_url": null,
 "tag_list": "",
 "alias_list": null,
 "email_address": "admin@allhiphopconcerts.com",
 "phone_number": "",
 "description": "Concert Tracking and Promotion",
 "created_at": "Tue Dec 31 12:35:53 UTC 2013",
 "updated_at": "Tue Apr 15 09:13:36 UTC 2014",
 "overview": null,
 "image": null,
 "products":
  [],
 "relationships":
  [{"is_past": false,
    "title": "Founder",
    "person":
     {"first_name": "Rezz",
      "last_name": "Mitchell",
      "permalink": "antonio-mitchell"}}],
 "competitions":
  [],
 "providerships":
  [],
 "total_money_raised": "$0",
 "funding_rounds":
  [],
 "investments":
  [],
 "acquisition": null,
 "acquisitions":
  [],
 "offices":
  [{"description": "",
    "address1": "",
    "address2": "",
    "zip_code": "",
    "city": "",
    "state_code": null,
    "country_code": "USA",
    "latitude": null,
    "longitude": null}],
 "milestones":
  [],
 "ipo": null,
 "video_embeds":
  [],
 "screenshots":
  [],
 "external_links":
  [],
 "partners":
  []}
