{"name": "1-800-CashOffer",
 "permalink": "1-800-cashoffer",
 "crunchbase_url": "http://www.crunchbase.com/company/1-800-cashoffer",
 "homepage_url": "http://www.cashoffer.com",
 "blog_url": "",
 "blog_feed_url": "",
 "twitter_username": "1800cashoffer",
 "category_code": "web",
 "number_of_employees": null,
 "founded_year": 2005,
 "founded_month": null,
 "founded_day": null,
 "deadpooled_year": null,
 "deadpooled_month": null,
 "deadpooled_day": null,
 "deadpooled_url": null,
 "tag_list": "real-estate, we-buy-houses, foreclosure, home-buyers",
 "alias_list": null,
 "email_address": "",
 "phone_number": "1-800-CashOffer",
 "description": "Cash Home Buyer",
 "created_at": "Thu Jun 09 22:34:42 UTC 2011",
 "updated_at": "Mon Aug 06 22:37:23 UTC 2012",
 "overview": null,
 "image":
  {"available_sizes":
    [[[150,
       36],
      "http://api-images.crunchbase.com/assets/images/resized/0020/4647/204647v2-max-150x150.png"],
     [[250,
       60],
      "http://api-images.crunchbase.com/assets/images/resized/0020/4647/204647v2-max-250x250.png"],
     [[450,
       108],
      "http://api-images.crunchbase.com/assets/images/resized/0020/4647/204647v2-max-450x450.png"]],
   "attribution": null},
 "products":
  [],
 "relationships":
  [{"is_past": false,
    "title": "Founder",
    "person":
     {"first_name": "Jeremy",
      "last_name": "Brandt",
      "permalink": "jeremy-brandt"}}],
 "competitions":
  [],
 "providerships":
  [],
 "total_money_raised": "$0",
 "funding_rounds":
  [],
 "investments":
  [],
 "acquisition": null,
 "acquisitions":
  [],
 "offices":
  [],
 "milestones":
  [],
 "ipo": null,
 "video_embeds":
  [],
 "screenshots":
  [],
 "external_links":
  [{"external_url": "http://www.cashoffer.com/news/foreclosure_larry_king.asp",
    "title": "Larry King Interview"},
   {"external_url": "http://www.cashoffer.com/news/prime_defaults_tvtokyo_1-800-cashoffer.asp",
    "title": "TV Tokyo Story"},
   {"external_url": "http://www.cashoffer.com/news/foxnews_home_sellers_defaulting.asp",
    "title": "FOX News Interview"},
   {"external_url": "http://www.cashoffer.com/news/cnbc_short_sale_fraud.asp",
    "title": "CNBC Story"}],
 "partners":
  []}
