{"name": "100KCrossing",
 "permalink": "100kcrossing",
 "crunchbase_url": "http://www.crunchbase.com/company/100kcrossing",
 "homepage_url": "http://www.100kcrossing.com",
 "blog_url": "",
 "blog_feed_url": "",
 "twitter_username": "100kxing",
 "category_code": "other",
 "number_of_employees": 100,
 "founded_year": 2008,
 "founded_month": 2,
 "founded_day": 14,
 "deadpooled_year": null,
 "deadpooled_month": null,
 "deadpooled_day": null,
 "deadpooled_url": null,
 "tag_list": "100k-jobs, 100k-salaries, 100k-income-opportunity, 100k-salary-jobs",
 "alias_list": null,
 "email_address": "rogerc@100kcrossing.com",
 "phone_number": "626-243-1814",
 "description": "Search 100k jobs on 100kcrossing.com",
 "created_at": "Tue Jul 05 11:33:13 UTC 2011",
 "updated_at": "Thu Jul 07 14:12:12 UTC 2011",
 "overview": "\u003Cp\u003E100KCrossing is the first job consolidation service in the employment industry to seek to include every job that exists and not charge employers to post jobs on its site. 100KCrossing uses sophisticated technology and manual work to comb employer websites and other job boards for jobs and bring them all to its site. High Paying Jobs Site Providing Online List For 100k Jobs, 100k Salaries, 100k Salary Jobs, 6 Figure Jobs, 100k Income Jobs, Shocking 100k Jobs In Chicago, New York, San Diego, Los Angeles. Make Your Career In 100k Jobs.\u003C/p\u003E",
 "image":
  {"available_sizes":
    [[[150,
       112],
      "http://api-images.crunchbase.com/assets/images/resized/0014/2490/142490v2-max-150x150.jpg"],
     [[180,
       135],
      "http://api-images.crunchbase.com/assets/images/resized/0014/2490/142490v2-max-250x250.jpg"],
     [[180,
       135],
      "http://api-images.crunchbase.com/assets/images/resized/0014/2490/142490v2-max-450x450.jpg"]],
   "attribution": null},
 "products":
  [],
 "relationships":
  [],
 "competitions":
  [],
 "providerships":
  [],
 "total_money_raised": "$0",
 "funding_rounds":
  [],
 "investments":
  [],
 "acquisition": null,
 "acquisitions":
  [],
 "offices":
  [{"description": "",
    "address1": "202 S Lake Avenue,",
    "address2": "Unit 250",
    "zip_code": "91101",
    "city": "Pasadena",
    "state_code": "CA",
    "country_code": "USA",
    "latitude": null,
    "longitude": null}],
 "milestones":
  [],
 "ipo": null,
 "video_embeds":
  [{"embed_code": "\u003Ciframe width=\"425\" height=\"349\" src=\"http://www.youtube.com/embed/pkLptrV79vk\" frameborder=\"0\" allowfullscreen\u003E\u003C/iframe\u003E",
    "description": "\u003Cp\u003EThe Secret to a 100K Plus Job (from Home) \u003C/p\u003E"},
   {"embed_code": "\u003Ciframe width=\"425\" height=\"349\" src=\"http://www.youtube.com/embed/drwHqQj-R7o\" frameborder=\"0\" allowfullscreen\u003E\u003C/iframe\u003E",
    "description": "\u003Cp\u003ESearch 100K Vice President Jobs in United States - 100kCrossing.com\u003C/p\u003E"}],
 "screenshots":
  [],
 "external_links":
  [],
 "partners":
  []}
