{"name": "1011 Web Solutions",
 "permalink": "1011-web-solutions",
 "crunchbase_url": "http://www.crunchbase.com/company/1011-web-solutions",
 "homepage_url": "http://www.1011web.com",
 "blog_url": "http://www.1011web.com/blog",
 "blog_feed_url": "http://www.1011web.com/Blog/syndication.axd?format=rss",
 "twitter_username": null,
 "category_code": "web",
 "number_of_employees": 15,
 "founded_year": 2003,
 "founded_month": 1,
 "founded_day": 1,
 "deadpooled_year": null,
 "deadpooled_month": null,
 "deadpooled_day": null,
 "deadpooled_url": null,
 "tag_list": "",
 "alias_list": null,
 "email_address": "seo@1011web.com",
 "phone_number": "501-975-1011",
 "description": "Web Design \u0026 Development",
 "created_at": "Mon Feb 21 16:13:39 UTC 2011",
 "updated_at": "Tue Oct 15 09:48:31 UTC 2013",
 "overview": "\u003Cp\u003E1011 Web Solutions offers web design, development, and marketing services. Located in Little Rock, Arkansas, this company employs experts in each field to provide a well-rounded service offering.\u003C/p\u003E\n\n\u003Cp\u003E1011 Web Solutions first launched as AssureCo eSolutions in 2003. They specialized custom programming and workflow automation services. Later in 2007, the company re-branded as 1011 Web Solutions and expanded on their core team of programming engineers to focus on business website services. They now have a team of graphic artists with formal training in fine arts, and a team of online marketing experts that deliver search engine optimization, PPC management, copywriting, and social networking consuluting.\u003C/p\u003E\n\n\u003Cp\u003ESince branding as 1011 Web Solutions, they have either won or been nominated as the best web design and development company in Arkansas for three years straight.\u003C/p\u003E",
 "image":
  {"available_sizes":
    [[[65,
       69],
      "http://api-images.crunchbase.com/assets/images/resized/0012/3225/123225v2-max-150x150.jpg"],
     [[65,
       69],
      "http://api-images.crunchbase.com/assets/images/resized/0012/3225/123225v2-max-250x250.jpg"],
     [[65,
       69],
      "http://api-images.crunchbase.com/assets/images/resized/0012/3225/123225v2-max-450x450.jpg"]],
   "attribution": null},
 "products":
  [],
 "relationships":
  [{"is_past": false,
    "title": "President",
    "person":
     {"first_name": "Chris",
      "last_name": "Eley",
      "permalink": "chris-eley"}},
   {"is_past": false,
    "title": "General Manager",
    "person":
     {"first_name": "Jay",
      "last_name": "Muse",
      "permalink": "jay-muse"}},
   {"is_past": true,
    "title": "",
    "person":
     {"first_name": "Todd",
      "last_name": "Bailey",
      "permalink": "todd-bailey"}},
   {"is_past": true,
    "title": "Online Marketing Director",
    "person":
     {"first_name": "Jay",
      "last_name": "Arrowood",
      "permalink": "jay-arrowood"}},
   {"is_past": true,
    "title": "",
    "person":
     {"first_name": "Steve",
      "last_name": "Harrell",
      "permalink": "steve-harrell"}}],
 "competitions":
  [],
 "providerships":
  [],
 "total_money_raised": "$0",
 "funding_rounds":
  [],
 "investments":
  [],
 "acquisition": null,
 "acquisitions":
  [],
 "offices":
  [{"description": "Little Rock",
    "address1": "6213 Father Tribou Street",
    "address2": "",
    "zip_code": "72205",
    "city": "Little Rock",
    "state_code": "AR",
    "country_code": "USA",
    "latitude": null,
    "longitude": null}],
 "milestones":
  [],
 "ipo": null,
 "video_embeds":
  [],
 "screenshots":
  [],
 "external_links":
  [],
 "partners":
  []}
