{"name": "10up",
 "permalink": "10up",
 "crunchbase_url": "http://www.crunchbase.com/company/10up",
 "homepage_url": "http://10up.com",
 "blog_url": "http://10up.com/blog/",
 "blog_feed_url": "http://10up.com/feed/",
 "twitter_username": "10up",
 "category_code": "consulting",
 "number_of_employees": 60,
 "founded_year": 2011,
 "founded_month": 2,
 "founded_day": 17,
 "deadpooled_year": null,
 "deadpooled_month": null,
 "deadpooled_day": null,
 "deadpooled_url": null,
 "tag_list": "web-development, wordpress, cms, programming, php, mysql",
 "alias_list": "",
 "email_address": "sales@10up.com",
 "phone_number": "888.571.7130",
 "description": "Web Focused Digital Agency",
 "created_at": "Wed Jul 27 17:54:47 UTC 2011",
 "updated_at": "Sat Apr 12 06:26:25 UTC 2014",
 "overview": "\u003Cp\u003E10up is a leading web development and strategy agency that emphasizes great user experiences and simple content management.\u003C/p\u003E\n\n\u003Cp\u003EOur secret to making first class websites is simple: create great user experiences for everyone from the website\u00e2\u20ac\u2122s audience, to the content managers and code contributors behind the scenes. We believe that content management \u00e2\u20ac\u201c the process of keeping your website fresh and up to date \u00e2\u20ac\u201c shouldn\u00e2\u20ac\u2122t require any more expertise than word processing. We strive to make content management more than \u00e2\u20ac\u0153manageable\u00e2\u20ac\u009d \u00e2\u20ac\u201c we strive to make it fun.\u003C/p\u003E\n\n\u003Cp\u003EWith that mission in mind, it\u00e2\u20ac\u2122s no surprise that 10up specialize in awesome WordPress implementations. We believe WordPress is the easiest to use content management system, with a low cost of entry and unbelievable potential in the hands of the right developers.\u003C/p\u003E\n\n\u003Cp\u003ETeam 10up has built some of the most popular WordPress plug-ins on the repository, speaks at conferences around the country, writes for leading web publications like Smashing Magazine, and organizes the nearby Providence WordPress Meetup. 10up has been the force behind some of the most popular WordPress-powered websites on the Internet.\u003C/p\u003E",
 "image":
  {"available_sizes":
    [[[150,
       150],
      "http://api-images.crunchbase.com/assets/images/resized/0014/6492/146492v4-max-150x150.jpg"],
     [[250,
       250],
      "http://api-images.crunchbase.com/assets/images/resized/0014/6492/146492v4-max-250x250.jpg"],
     [[400,
       400],
      "http://api-images.crunchbase.com/assets/images/resized/0014/6492/146492v4-max-450x450.jpg"]],
   "attribution": null},
 "products":
  [],
 "relationships":
  [{"is_past": false,
    "title": "Founder \u0026 President",
    "person":
     {"first_name": "Jake",
      "last_name": "Goldman",
      "permalink": "jake-goldman"}},
   {"is_past": false,
    "title": "Chief Executive Officer",
    "person":
     {"first_name": "John",
      "last_name": "Eckman",
      "permalink": "john-eckman-2"}},
   {"is_past": false,
    "title": "Vice President, Strategic Engineering",
    "person":
     {"first_name": "Vasken",
      "last_name": "Hauri",
      "permalink": "vasken-hauri"}}],
 "competitions":
  [],
 "providerships":
  [],
 "total_money_raised": "$0",
 "funding_rounds":
  [],
 "investments":
  [],
 "acquisition": null,
 "acquisitions":
  [],
 "offices":
  [{"description": "Portland Office",
    "address1": "618 NW Glisan St",
    "address2": "#400",
    "zip_code": "97209",
    "city": "Portland",
    "state_code": "OR",
    "country_code": "USA",
    "latitude": null,
    "longitude": null}],
 "milestones":
  [],
 "ipo": null,
 "video_embeds":
  [],
 "screenshots":
  [],
 "external_links":
  [],
 "partners":
  []}
