{"name": "123ContactForm",
 "permalink": "123contactform",
 "crunchbase_url": "http://www.crunchbase.com/company/123contactform",
 "homepage_url": "http://www.123contactform.com",
 "blog_url": "http://blog.123contactform.com/",
 "blog_feed_url": "http://feeds.feedburner.com/123contactformBlog",
 "twitter_username": "123contactform",
 "category_code": "ecommerce",
 "number_of_employees": 14,
 "founded_year": 2008,
 "founded_month": null,
 "founded_day": null,
 "deadpooled_year": null,
 "deadpooled_month": null,
 "deadpooled_day": null,
 "deadpooled_url": null,
 "tag_list": "saas, forms, form-builder",
 "alias_list": "",
 "email_address": "contact@123contactform.com",
 "phone_number": "0721323759",
 "description": "Create Online Forms",
 "created_at": "Mon Jun 27 18:40:43 UTC 2011",
 "updated_at": "Tue Mar 11 10:54:12 UTC 2014",
 "overview": "\u003Cp\u003E123ContactForm is a powerful web form builder that allows organizations to easily create forms and surveys without programming skills.\u003C/p\u003E\n\n\u003Cp\u003EWith 123ContactForm users are provided with the ability to create their forms visually, obtain the script in a few clicks and start collecting data on their webpages within minutes. It enables small businesses to create any kind of forms, including contact forms, lead generation forms, surveys, registration forms, online forms, and others no matter how complex it is.\u003C/p\u003E\n\n\u003Cp\u003E123ContactForm integrates with many third party applications, such as Google Docs, SalesForce, MailChimp, and many more. It offers a Facebook application and plugins for the major publishing platforms such as Wordpress, Blogger, and Google Sites.\u003C/p\u003E\n\n\u003Cp\u003EFounded in 2008, in Timisoara, Romania, 123ContactForm offers free services for a limited number of forms, with premium accounts to scale up and get access to more powerful features.\u003C/p\u003E",
 "image":
  {"available_sizes":
    [[[150,
       95],
      "http://api-images.crunchbase.com/assets/images/resized/0014/1264/141264v2-max-150x150.png"],
     [[250,
       159],
      "http://api-images.crunchbase.com/assets/images/resized/0014/1264/141264v2-max-250x250.png"],
     [[260,
       166],
      "http://api-images.crunchbase.com/assets/images/resized/0014/1264/141264v2-max-450x450.png"]],
   "attribution": null},
 "products":
  [],
 "relationships":
  [{"is_past": false,
    "title": "Co-Founder",
    "person":
     {"first_name": "Florin",
      "last_name": "Cornianu",
      "permalink": "florin-cornianu"}},
   {"is_past": false,
    "title": "CTO, Co-Founder",
    "person":
     {"first_name": "Tudor",
      "last_name": "Bastea",
      "permalink": "tudor-bastea"}},
   {"is_past": false,
    "title": "Community Manager",
    "person":
     {"first_name": "Alexandra",
      "last_name": "Draghici",
      "permalink": "alexandra-draghici"}},
   {"is_past": false,
    "title": "Board Member \u0026 Investor",
    "person":
     {"first_name": "Adrian",
      "last_name": "Gheara",
      "permalink": "adrian-gheara"}},
   {"is_past": false,
    "title": "Developer",
    "person":
     {"first_name": "Palcza",
      "last_name": "Szilard",
      "permalink": "palcza-szilard"}}],
 "competitions":
  [{"competitor":
     {"name": "Formstack",
      "permalink": "formstack"}},
   {"competitor":
     {"name": "JotForm",
      "permalink": "jotform"}},
   {"competitor":
     {"name": "SurveyMonkey",
      "permalink": "surveymonkey"}}],
 "providerships":
  [],
 "total_money_raised": "$0",
 "funding_rounds":
  [{"id": 23817,
    "round_code": "angel",
    "source_url": "http://www.prweb.com/releases/2011/7/prweb8619329.htm",
    "source_description": "123ContactForm.com Secures Investment and Takes Online Form Building to an Upper Level",
    "raised_amount": null,
    "raised_currency_code": null,
    "funded_year": 2010,
    "funded_month": 1,
    "funded_day": 1,
    "investments":
     [{"company": null,
       "financial_org": null,
       "person":
        {"first_name": "Adrian",
         "last_name": "Gheara",
         "permalink": "adrian-gheara"}}]}],
 "investments":
  [],
 "acquisition": null,
 "acquisitions":
  [],
 "offices":
  [{"description": "World Headquarters",
    "address1": "Str Republicii nr 9, 5th floor",
    "address2": "",
    "zip_code": "300159",
    "city": "Timisoara",
    "state_code": null,
    "country_code": "ROM",
    "latitude": 45.7517828,
    "longitude": 21.2160718}],
 "milestones":
  [],
 "ipo": null,
 "video_embeds":
  [],
 "screenshots":
  [{"available_sizes":
     [[[150,
        96],
       "http://api-images.crunchbase.com/assets/images/resized/0014/1263/141263v2-max-150x150.png"],
      [[250,
        160],
       "http://api-images.crunchbase.com/assets/images/resized/0014/1263/141263v2-max-250x250.png"],
      [[450,
        288],
       "http://api-images.crunchbase.com/assets/images/resized/0014/1263/141263v2-max-450x450.png"]],
    "attribution": null}],
 "external_links":
  [{"external_url": "http://www.mo.com/Florin-Cornianu-123ContactForm",
    "title": ""},
   {"external_url": "http://blog.howtoweb.co/2012/09/htw-success-stories-123contactform/",
    "title": ""},
   {"external_url": "https://www.facebook.com/123ContactForm",
    "title": "Facebook"}],
 "partners":
  [{"partner_name": "romanian_startups",
    "homepage_url": "unknown",
    "link_1_url": "http://www.romanianstartups.com/startup/123contactform",
    "link_2_url": null,
    "link_3_url": null,
    "link_1_name": "romanian_startups Page",
    "link_2_name": null,
    "link_3_name": null}]}
