{"name": "123discountshop",
 "permalink": "123discountshop",
 "crunchbase_url": "http://www.crunchbase.com/company/123discountshop",
 "homepage_url": "http://www.123discountshop.com",
 "blog_url": "http://www.123discountshop.com/blog",
 "blog_feed_url": "",
 "twitter_username": "123discount",
 "category_code": "ecommerce",
 "number_of_employees": 50,
 "founded_year": 2007,
 "founded_month": 2,
 "founded_day": 4,
 "deadpooled_year": null,
 "deadpooled_month": null,
 "deadpooled_day": null,
 "deadpooled_url": null,
 "tag_list": "laptop-batteries, mobile-accessories, epads",
 "alias_list": null,
 "email_address": "admin@123discountshop.com",
 "phone_number": "",
 "description": "Online Shopping Store",
 "created_at": "Mon May 16 07:52:30 UTC 2011",
 "updated_at": "Thu Jan 10 23:06:24 UTC 2013",
 "overview": "\u003Cp\u003EWho are we? \nWe are an Online order business.\nOur business has been founded on the principle to provide our customers international quality goods at lowest prices in the market. We source all the latest products for cell phone accessories and gaming accessories with a wide range and innovate on a continual basis. Our research team strives to provide you with all the latest trends in the market. This is reflected in the range of products we offer to our customers. Moreover all cell phone accessories come with replaceable warranties* so that you do not have to worry while shopping with us. \u003C/p\u003E",
 "image":
  {"available_sizes":
    [[[150,
       48],
      "http://api-images.crunchbase.com/assets/images/resized/0013/4763/134763v2-max-150x150.jpg"],
     [[224,
       72],
      "http://api-images.crunchbase.com/assets/images/resized/0013/4763/134763v2-max-250x250.jpg"],
     [[224,
       72],
      "http://api-images.crunchbase.com/assets/images/resized/0013/4763/134763v2-max-450x450.jpg"]],
   "attribution": null},
 "products":
  [],
 "relationships":
  [],
 "competitions":
  [],
 "providerships":
  [],
 "total_money_raised": "$0",
 "funding_rounds":
  [],
 "investments":
  [],
 "acquisition": null,
 "acquisitions":
  [],
 "offices":
  [{"description": "Head Office",
    "address1": "St. Helier",
    "address2": "Channel Islands",
    "zip_code": "JE2 3G",
    "city": "Jersey",
    "state_code": null,
    "country_code": "GBR",
    "latitude": null,
    "longitude": null}],
 "milestones":
  [],
 "ipo": null,
 "video_embeds":
  [],
 "screenshots":
  [],
 "external_links":
  [],
 "partners":
  []}
