{"name": "12mass",
 "permalink": "12mass",
 "crunchbase_url": "http://www.crunchbase.com/company/12mass",
 "homepage_url": "http://12mass.com",
 "blog_url": "http://blog.12mass.com/",
 "blog_feed_url": "",
 "twitter_username": "12mass",
 "category_code": "web",
 "number_of_employees": 5,
 "founded_year": 2009,
 "founded_month": 2,
 "founded_day": 2,
 "deadpooled_year": null,
 "deadpooled_month": null,
 "deadpooled_day": null,
 "deadpooled_url": null,
 "tag_list": "social-engagment, twitter, mass-comunication, twitter-tools",
 "alias_list": "itweetlive",
 "email_address": "a@12mass.com",
 "phone_number": "972506595963",
 "description": "Social Media Engagement Platform",
 "created_at": "Sat Apr 30 09:40:38 UTC 2011",
 "updated_at": "Tue Apr 01 20:03:49 UTC 2014",
 "overview": "\u003Cp\u003E12Mass (formerly itweetlive) makes it possible to deliver individualized responses to large, targeted audiences while measuring the effectiveness of your conversations.\u003C/p\u003E\n\n\u003Cp\u003EIn a nutshell, 12Mass is a highly sophisticated engagement platform. It is the only conversation tool for the social web that employs the same A/B testing process used to optimize websites, email campaigns and advertising. The platform enables you to build constantly improving conversation decision trees. \u003C/p\u003E\n\n\u003Cp\u003EOur Conversational Artificial Intelligence (AI) Search engine uses the most advanced Natural Language Processing (NLP) and clustering tools available to help you gather similar status updates, providing suggestions based on real-time analytics and measured engagement levels from previous conversations.\u003C/p\u003E\n\n\u003Cp\u003EThe system itself learns: the more you use it, the easier it gets to respond with optimized messaging for even faster and more effective engagements. Use of 12Mass results in 100x normal engagement levels.\u003C/p\u003E",
 "image":
  {"available_sizes":
    [[[150,
       50],
      "http://api-images.crunchbase.com/assets/images/resized/0044/7277/447277v1-max-150x150.png"],
     [[223,
       75],
      "http://api-images.crunchbase.com/assets/images/resized/0044/7277/447277v1-max-250x250.png"],
     [[223,
       75],
      "http://api-images.crunchbase.com/assets/images/resized/0044/7277/447277v1-max-450x450.png"]],
   "attribution": null},
 "products":
  [],
 "relationships":
  [{"is_past": false,
    "title": "founder CEO",
    "person":
     {"first_name": "Agmon",
      "last_name": "Daivd porat",
      "permalink": "agmon-daivd-porat"}},
   {"is_past": false,
    "title": "",
    "person":
     {"first_name": "Hanan",
      "last_name": "shulman",
      "permalink": "hanan-shulman"}}],
 "competitions":
  [],
 "providerships":
  [],
 "total_money_raised": "$0",
 "funding_rounds":
  [],
 "investments":
  [],
 "acquisition": null,
 "acquisitions":
  [],
 "offices":
  [{"description": "Israel office",
    "address1": "po box",
    "address2": "",
    "zip_code": "56905",
    "city": "yahud",
    "state_code": null,
    "country_code": "ISR",
    "latitude": null,
    "longitude": null}],
 "milestones":
  [],
 "ipo": null,
 "video_embeds":
  [],
 "screenshots":
  [],
 "external_links":
  [],
 "partners":
  []}
