{"name": "140Fire",
 "permalink": "140fire",
 "crunchbase_url": "http://www.crunchbase.com/company/140fire",
 "homepage_url": "http://140fire.com",
 "blog_url": "",
 "blog_feed_url": "",
 "twitter_username": "140fire",
 "category_code": "advertising",
 "number_of_employees": 10,
 "founded_year": 2010,
 "founded_month": 1,
 "founded_day": 1,
 "deadpooled_year": null,
 "deadpooled_month": null,
 "deadpooled_day": null,
 "deadpooled_url": null,
 "tag_list": "advertising, video, social, interactive, real-time, platform, sports, entertainment",
 "alias_list": "140bets",
 "email_address": "jason@140fire.com",
 "phone_number": "805.216.2044",
 "description": "Interactive Video Advertising",
 "created_at": "Thu Feb 24 20:27:01 UTC 2011",
 "updated_at": "Mon Oct 28 05:23:28 UTC 2013",
 "overview": "\u003Cp\u003E140Fire is a platform to make online video ads interactive. We have a product called DataRoll, which adds a layer of interactivity on top of an exisiting video ad. Generally these overlays are questions or polls related to what is being advertised. On average, when DataRoll is part of a video ad, 7-10% of consumer will interact with the advertisement. Furthermore, using DataRoll increases the likelyhood a consumer will click-through on a video as much as 2x.\u003C/p\u003E\n\n\u003Cp\u003EAdvertisers come to us who are looking to achieve a \u00e2\u20ac\u0153Smart Buy\u00e2\u20ac\u009d. We not only provide the interactivity, but we also will help advertisers plan out their media spend through our own network of video publishers. What\u0026#8217;s different about our network? Unlike larger ad networks, we can use DataRoll to effectively see which publishers have an audience that are willing to interact with a specific brand. If consumers aren\u0026#8217;t engaging, we can quickly adjust on the fly. All of our publishers are DataRoll certified, meaning their users have showed an exceptional willingness to engage with advertising. No other network can say this.\u003C/p\u003E\n\n\u003Cp\u003EWe are attracting new advertisers daily, and our revenue is on a rate in the millions of dollars. The venture is backed by Y Combinator, Mark Cuban, Jonnathan Kraft and Skip Paul.\u003C/p\u003E",
 "image":
  {"available_sizes":
    [[[124,
       49],
      "http://api-images.crunchbase.com/assets/images/resized/0012/3827/123827v1-max-150x150.png"],
     [[124,
       49],
      "http://api-images.crunchbase.com/assets/images/resized/0012/3827/123827v1-max-250x250.png"],
     [[124,
       49],
      "http://api-images.crunchbase.com/assets/images/resized/0012/3827/123827v1-max-450x450.png"]],
   "attribution": null},
 "products":
  [],
 "relationships":
  [{"is_past": false,
    "title": "Founder",
    "person":
     {"first_name": "Jason",
      "last_name": "Wilk",
      "permalink": "jason-wilk"}},
   {"is_past": false,
    "title": "Founder",
    "person":
     {"first_name": "Paras",
      "last_name": "Chitakar",
      "permalink": "paras-chitakar"}}],
 "competitions":
  [],
 "providerships":
  [],
 "total_money_raised": "$500k",
 "funding_rounds":
  [{"id": 21624,
    "round_code": "seed",
    "source_url": "",
    "source_description": "y combinator source",
    "raised_amount": 500000.0,
    "raised_currency_code": "USD",
    "funded_year": 2010,
    "funded_month": 5,
    "funded_day": 5,
    "investments":
     [{"company":
        {"name": "Y Combinator",
         "permalink": "y-combinator"},
       "financial_org": null,
       "person": null}]}],
 "investments":
  [],
 "acquisition": null,
 "acquisitions":
  [],
 "offices":
  [{"description": "140Fire",
    "address1": "920 Santa Monica Blvd.",
    "address2": "",
    "zip_code": "",
    "city": "Santa Monica",
    "state_code": "CA",
    "country_code": "USA",
    "latitude": null,
    "longitude": null}],
 "milestones":
  [],
 "ipo": null,
 "video_embeds":
  [],
 "screenshots":
  [],
 "external_links":
  [],
 "partners":
  []}
