{"name": "19Pencils",
 "permalink": "19pencils",
 "crunchbase_url": "http://www.crunchbase.com/company/19pencils",
 "homepage_url": null,
 "blog_url": null,
 "blog_feed_url": null,
 "twitter_username": null,
 "category_code": null,
 "number_of_employees": null,
 "founded_year": null,
 "founded_month": null,
 "founded_day": null,
 "deadpooled_year": null,
 "deadpooled_month": null,
 "deadpooled_day": null,
 "deadpooled_url": null,
 "tag_list": "",
 "alias_list": null,
 "email_address": null,
 "phone_number": null,
 "description": null,
 "created_at": "Sun Jun 19 19:16:58 UTC 2011",
 "updated_at": "Fri Mar 02 04:39:53 UTC 2012",
 "overview": "\u003Cp\u003EThe mission of 19Pencils is to establish an educational eco-system that will enable easy, efficient discovery and sharing of standards-aligned content for educators and their students.\u003C/p\u003E\n\n\u003Cp\u003E\u0026#8220;This is a fantastically easy site to use!\u0026#8221;\u003C/p\u003E\n\n\u003Cul\u003E\n\u003Cli\u003EKelly Tenkely, Technology Integration Specialist\u003C/li\u003E\n\u003C/ul\u003E\n\n\u003Cp\u003E\u00e2\u20ac\u015319Pencils is an effective tool for all grade levels, but especially for primary school children. Primary school children have difficulty navigating research-based material on the internet. I feel 19Pencils is an extremely teacher-friendly web page tool that allows students to experience the use of technology in an effective educational format.\u00e2\u20ac\u009d\u003C/p\u003E\n\n\u003Cul\u003E\n\u003Cli\u003EMrs. Michele Jennings\nGrade 2 Teacher \nCatheryn Gates Elementary \nRoseville City School District\u003C/li\u003E\n\u003C/ul\u003E",
 "image":
  {"available_sizes":
    [[[150,
       42],
      "http://api-images.crunchbase.com/assets/images/resized/0014/0263/140263v2-max-150x150.jpg"],
     [[250,
       71],
      "http://api-images.crunchbase.com/assets/images/resized/0014/0263/140263v2-max-250x250.jpg"],
     [[260,
       74],
      "http://api-images.crunchbase.com/assets/images/resized/0014/0263/140263v2-max-450x450.jpg"]],
   "attribution": null},
 "products":
  [],
 "relationships":
  [{"is_past": true,
    "title": "co-founder",
    "person":
     {"first_name": "Neill",
      "last_name": "Kramer",
      "permalink": "neill-kramer"}}],
 "competitions":
  [],
 "providerships":
  [],
 "total_money_raised": "$0",
 "funding_rounds":
  [],
 "investments":
  [],
 "acquisition": null,
 "acquisitions":
  [],
 "offices":
  [],
 "milestones":
  [],
 "ipo": null,
 "video_embeds":
  [],
 "screenshots":
  [{"available_sizes":
     [[[150,
        109],
       "http://api-images.crunchbase.com/assets/images/resized/0014/0265/140265v2-max-150x150.jpg"],
      [[250,
        182],
       "http://api-images.crunchbase.com/assets/images/resized/0014/0265/140265v2-max-250x250.jpg"],
      [[450,
        328],
       "http://api-images.crunchbase.com/assets/images/resized/0014/0265/140265v2-max-450x450.jpg"]],
    "attribution": null}],
 "external_links":
  [{"external_url": "http://startuptunes.com/2012/02/23/19pencils-online-educational-content-in-one-site/",
    "title": ""}],
 "partners":
  []}
