{"name": "1nfin8y Developments",
 "permalink": "1nfin8y-developments",
 "crunchbase_url": "http://www.crunchbase.com/company/1nfin8y-developments",
 "homepage_url": "http://1nfin8y.com",
 "blog_url": "",
 "blog_feed_url": "",
 "twitter_username": "1nfin8y",
 "category_code": "software",
 "number_of_employees": 4,
 "founded_year": 2011,
 "founded_month": 6,
 "founded_day": 23,
 "deadpooled_year": null,
 "deadpooled_month": null,
 "deadpooled_day": null,
 "deadpooled_url": null,
 "tag_list": "",
 "alias_list": null,
 "email_address": "1nfin8ydev@gmail.com",
 "phone_number": "0797187825",
 "description": "Software House",
 "created_at": "Mon Jun 27 08:43:30 UTC 2011",
 "updated_at": "Thu May 03 10:06:59 UTC 2012",
 "overview": "",
 "image":
  {"available_sizes":
    [[[147,
       150],
      "http://api-images.crunchbase.com/assets/images/resized/0014/1144/141144v6-max-150x150.jpg"],
     [[245,
       250],
      "http://api-images.crunchbase.com/assets/images/resized/0014/1144/141144v6-max-250x250.jpg"],
     [[442,
       450],
      "http://api-images.crunchbase.com/assets/images/resized/0014/1144/141144v6-max-450x450.jpg"]],
   "attribution": null},
 "products":
  [],
 "relationships":
  [],
 "competitions":
  [],
 "providerships":
  [],
 "total_money_raised": "$0",
 "funding_rounds":
  [],
 "investments":
  [],
 "acquisition": null,
 "acquisitions":
  [],
 "offices":
  [],
 "milestones":
  [],
 "ipo": null,
 "video_embeds":
  [],
 "screenshots":
  [],
 "external_links":
  [],
 "partners":
  []}
