{"name": "1TinyStep.com",
 "permalink": "1tinystep-com",
 "crunchbase_url": "http://www.crunchbase.com/company/1tinystep-com",
 "homepage_url": "http://www.1tinystep.com",
 "blog_url": "http://1tinystepatatime.wordpress.com/",
 "blog_feed_url": "http://1tinystepatatime.wordpress.com/feed/",
 "twitter_username": "1tinystep",
 "category_code": "web",
 "number_of_employees": 10,
 "founded_year": 2011,
 "founded_month": 6,
 "founded_day": 10,
 "deadpooled_year": null,
 "deadpooled_month": null,
 "deadpooled_day": null,
 "deadpooled_url": null,
 "tag_list": "tiny-steps, action",
 "alias_list": null,
 "email_address": "",
 "phone_number": "",
 "description": "Achieve goals with tiny, action steps",
 "created_at": "Sun Jun 12 01:47:51 UTC 2011",
 "updated_at": "Fri Jun 17 00:33:42 UTC 2011",
 "overview": "\u003Cp\u003EWebsite on how you can achieve your goals with tiny, manageable action steps.  For example, how to lose weight and how to stop smoking.  Scientifically determine the most effective course of action and leverage the collective wisdom of people around the world.\u003C/p\u003E",
 "image":
  {"available_sizes":
    [[[150,
       63],
      "http://api-images.crunchbase.com/assets/images/resized/0013/8754/138754v2-max-150x150.png"],
     [[250,
       105],
      "http://api-images.crunchbase.com/assets/images/resized/0013/8754/138754v2-max-250x250.png"],
     [[450,
       189],
      "http://api-images.crunchbase.com/assets/images/resized/0013/8754/138754v2-max-450x450.png"]],
   "attribution": null},
 "products":
  [],
 "relationships":
  [{"is_past": false,
    "title": "",
    "person":
     {"first_name": "Lewis",
      "last_name": "Lin",
      "permalink": "lewis-lin-2"}},
   {"is_past": true,
    "title": "Co - Founder",
    "person":
     {"first_name": "Michael",
      "last_name": "Tippett",
      "permalink": "michael-tippett"}}],
 "competitions":
  [],
 "providerships":
  [],
 "total_money_raised": "$0",
 "funding_rounds":
  [],
 "investments":
  [],
 "acquisition": null,
 "acquisitions":
  [],
 "offices":
  [],
 "milestones":
  [],
 "ipo": null,
 "video_embeds":
  [],
 "screenshots":
  [],
 "external_links":
  [],
 "partners":
  []}
