{"name": "22seeds",
 "permalink": "22seeds",
 "crunchbase_url": "http://www.crunchbase.com/company/22seeds",
 "homepage_url": "http://www.22seeds.com",
 "blog_url": "http://www.22seeds.com/blog",
 "blog_feed_url": "http://22seeds.com/feed/",
 "twitter_username": "22seeds",
 "category_code": "software",
 "number_of_employees": 3,
 "founded_year": 2010,
 "founded_month": null,
 "founded_day": null,
 "deadpooled_year": null,
 "deadpooled_month": null,
 "deadpooled_day": null,
 "deadpooled_url": null,
 "tag_list": "apps, development, backend-development, backend, marketing, product-management, mobile, mobile-apps, web, web-apps, ios-apps, iphone-apps, android-apps, android, python, django, ruby-on-rails, lnnh, last-night-never-happened, lastnightapp, echoer",
 "alias_list": null,
 "email_address": "hello@22seeds.com",
 "phone_number": "",
 "description": "Mobile \u0026 web application development",
 "created_at": "Sun Apr 17 06:20:51 UTC 2011",
 "updated_at": "Tue Oct 15 18:17:05 UTC 2013",
 "overview": "\u003Cp\u003E22seeds specializes in the development, product management, and marketing of mobile and web applications.\nMakers of the hit iPhone app \u0026#8220;Last Night Never Happened\u0026#8221; and the recently launched social network Echoer.\u003C/p\u003E",
 "image":
  {"available_sizes":
    [[[150,
       32],
      "http://api-images.crunchbase.com/assets/images/resized/0016/0578/160578v2-max-150x150.jpg"],
     [[250,
       54],
      "http://api-images.crunchbase.com/assets/images/resized/0016/0578/160578v2-max-250x250.jpg"],
     [[280,
       61],
      "http://api-images.crunchbase.com/assets/images/resized/0016/0578/160578v2-max-450x450.jpg"]],
   "attribution": null},
 "products":
  [{"name": "Last Night Never Happened",
    "permalink": "last-night-never-happened"}],
 "relationships":
  [{"is_past": false,
    "title": "Co-Founder \u0026 CEO",
    "person":
     {"first_name": "Uzi",
      "last_name": "Halaby-Senerman",
      "permalink": "uzi-halaby-senerman"}},
   {"is_past": false,
    "title": "Co-Founder \u0026 CMO",
    "person":
     {"first_name": "Dori",
      "last_name": "Dayan",
      "permalink": "dori-dayan"}}],
 "competitions":
  [],
 "providerships":
  [],
 "total_money_raised": "$250k",
 "funding_rounds":
  [{"id": 51961,
    "round_code": "seed",
    "source_url": "http://techcrunch.com/2013/10/15/greenbox/",
    "source_description": "IoT Startup Greenbox Aims To Become Nest For The Garden",
    "raised_amount": 250000.0,
    "raised_currency_code": "USD",
    "funded_year": 2013,
    "funded_month": 10,
    "funded_day": 15,
    "investments":
     [{"company": null,
       "financial_org":
        {"name": "Kima Ventures",
         "permalink": "kima-ventures"},
       "person": null}]}],
 "investments":
  [],
 "acquisition": null,
 "acquisitions":
  [],
 "offices":
  [{"description": "",
    "address1": "",
    "address2": "",
    "zip_code": "",
    "city": "Tel Aviv",
    "state_code": null,
    "country_code": "ISR",
    "latitude": null,
    "longitude": null}],
 "milestones":
  [],
 "ipo": null,
 "video_embeds":
  [],
 "screenshots":
  [{"available_sizes":
     [[[100,
        150],
       "http://api-images.crunchbase.com/assets/images/resized/0019/4810/194810v2-max-150x150.png"],
      [[166,
        250],
       "http://api-images.crunchbase.com/assets/images/resized/0019/4810/194810v2-max-250x250.png"],
      [[300,
        450],
       "http://api-images.crunchbase.com/assets/images/resized/0019/4810/194810v2-max-450x450.png"]],
    "attribution": null},
   {"available_sizes":
     [[[100,
        150],
       "http://api-images.crunchbase.com/assets/images/resized/0019/4811/194811v2-max-150x150.png"],
      [[166,
        250],
       "http://api-images.crunchbase.com/assets/images/resized/0019/4811/194811v2-max-250x250.png"],
      [[300,
        450],
       "http://api-images.crunchbase.com/assets/images/resized/0019/4811/194811v2-max-450x450.png"]],
    "attribution": null}],
 "external_links":
  [],
 "partners":
  []}
