{"name": "24translate",
 "permalink": "24translate",
 "crunchbase_url": "http://www.crunchbase.com/company/24translate",
 "homepage_url": "http://www.24translate.de",
 "blog_url": "",
 "blog_feed_url": "",
 "twitter_username": "24translate",
 "category_code": "other",
 "number_of_employees": 100,
 "founded_year": 1999,
 "founded_month": null,
 "founded_day": null,
 "deadpooled_year": null,
 "deadpooled_month": null,
 "deadpooled_day": null,
 "deadpooled_url": null,
 "tag_list": "translation, translation-agency, translation-service",
 "alias_list": null,
 "email_address": "service@24translate.de",
 "phone_number": "+49 40 480 632 0",
 "description": "Translation Agency",
 "created_at": "Wed Apr 20 13:39:05 UTC 2011",
 "updated_at": "Wed Apr 20 19:18:55 UTC 2011",
 "overview": "\u003Cp\u003E24translate was established in Hamburg in 1999 by Marc-Christian Wolf and Lone Colding Wolf. In the fast-moving, demanding translation market, our greatest assets are our 100 dedicated, professional employees and over 7,000 highly motivated and tested translators. \u003C/p\u003E",
 "image":
  {"available_sizes":
    [[[150,
       34],
      "http://api-images.crunchbase.com/assets/images/resized/0013/1326/131326v2-max-150x150.jpg"],
     [[215,
       50],
      "http://api-images.crunchbase.com/assets/images/resized/0013/1326/131326v2-max-250x250.jpg"],
     [[215,
       50],
      "http://api-images.crunchbase.com/assets/images/resized/0013/1326/131326v2-max-450x450.jpg"]],
   "attribution": null},
 "products":
  [],
 "relationships":
  [{"is_past": false,
    "title": "CEO",
    "person":
     {"first_name": "Marc-Christian",
      "last_name": "Wolf",
      "permalink": "marc-christian-wolf"}},
   {"is_past": false,
    "title": "CEO",
    "person":
     {"first_name": "Lone",
      "last_name": "Colding Wolf",
      "permalink": "lone-colding-wolf"}}],
 "competitions":
  [],
 "providerships":
  [],
 "total_money_raised": "$0",
 "funding_rounds":
  [],
 "investments":
  [],
 "acquisition": null,
 "acquisitions":
  [],
 "offices":
  [{"description": "24translate GmbH",
    "address1": "Lehmweg 17",
    "address2": "",
    "zip_code": "20251",
    "city": "Hamburg",
    "state_code": null,
    "country_code": "DEU",
    "latitude": null,
    "longitude": null}],
 "milestones":
  [],
 "ipo": null,
 "video_embeds":
  [],
 "screenshots":
  [{"available_sizes":
     [[[150,
        126],
       "http://api-images.crunchbase.com/assets/images/resized/0013/1325/131325v2-max-150x150.jpg"],
      [[250,
        210],
       "http://api-images.crunchbase.com/assets/images/resized/0013/1325/131325v2-max-250x250.jpg"],
      [[450,
        379],
       "http://api-images.crunchbase.com/assets/images/resized/0013/1325/131325v2-max-450x450.jpg"]],
    "attribution": null}],
 "external_links":
  [],
 "partners":
  []}
