{"name": "2600hz",
 "permalink": "2600hz",
 "crunchbase_url": "http://www.crunchbase.com/company/2600hz",
 "homepage_url": "http://www.2600hz.com",
 "blog_url": "http://blog.2600hz.com/",
 "blog_feed_url": "",
 "twitter_username": "2600hertz",
 "category_code": "public_relations",
 "number_of_employees": 18,
 "founded_year": 2010,
 "founded_month": 7,
 "founded_day": null,
 "deadpooled_year": null,
 "deadpooled_month": null,
 "deadpooled_day": null,
 "deadpooled_url": null,
 "tag_list": "voip, telecommunications, monitoring, trunks, dids, hosted-pbx",
 "alias_list": null,
 "email_address": "info@2600hz.com",
 "phone_number": "415-886-7911",
 "description": "VoIP Software Company",
 "created_at": "Mon Jul 25 20:59:16 UTC 2011",
 "updated_at": "Mon Sep 09 23:55:05 UTC 2013",
 "overview": "\u003Cp\u003E2600hz is removing the barriers between users and their communication systems for both end-users and developers. They offer users with an easy to use interface to manage their hosted PBX. Users can access a simple HTML5, jQuery based GUI to make realtime edits to their phone system. Developers can access their powerful APIs to create applications that control voice calls and SMS or integrate with any of their existing systems or applications.\u003C/p\u003E",
 "image":
  {"available_sizes":
    [[[144,
       144],
      "http://api-images.crunchbase.com/assets/images/resized/0014/6014/146014v2-max-150x150.jpg"],
     [[144,
       144],
      "http://api-images.crunchbase.com/assets/images/resized/0014/6014/146014v2-max-250x250.jpg"],
     [[144,
       144],
      "http://api-images.crunchbase.com/assets/images/resized/0014/6014/146014v2-max-450x450.jpg"]],
   "attribution": null},
 "products":
  [{"name": "Kazoo",
    "permalink": "kazoo"}],
 "relationships":
  [{"is_past": false,
    "title": "CEO",
    "person":
     {"first_name": "Darren",
      "last_name": "Schreiber",
      "permalink": "darren-schreiber"}},
   {"is_past": false,
    "title": "CFO",
    "person":
     {"first_name": "Patrick",
      "last_name": "Sullivan",
      "permalink": "patrick-sullivan"}},
   {"is_past": false,
    "title": "VP",
    "person":
     {"first_name": "Joshua",
      "last_name": "Goldbard",
      "permalink": "joshua-goldbard"}}],
 "competitions":
  [],
 "providerships":
  [],
 "total_money_raised": "$0",
 "funding_rounds":
  [],
 "investments":
  [],
 "acquisition": null,
 "acquisitions":
  [],
 "offices":
  [{"description": "2600hz HQ",
    "address1": "116 Natoma St. Suite 2",
    "address2": "",
    "zip_code": "94105",
    "city": "San Francisco",
    "state_code": "CA",
    "country_code": "USA",
    "latitude": null,
    "longitude": null}],
 "milestones":
  [],
 "ipo": null,
 "video_embeds":
  [{"embed_code": "\u003Ciframe width=\"430\" height=\"242\" src=\"http://www.youtube.com/embed/tBz1lnLgqhg\" frameborder=\"0\" allowfullscreen\u003E\u003C/iframe\u003E",
    "description": ""}],
 "screenshots":
  [{"available_sizes":
     [[[150,
        84],
       "http://api-images.crunchbase.com/assets/images/resized/0017/0392/170392v2-max-150x150.png"],
      [[250,
        140],
       "http://api-images.crunchbase.com/assets/images/resized/0017/0392/170392v2-max-250x250.png"],
      [[450,
        253],
       "http://api-images.crunchbase.com/assets/images/resized/0017/0392/170392v2-max-450x450.png"]],
    "attribution": null},
   {"available_sizes":
     [[[150,
        84],
       "http://api-images.crunchbase.com/assets/images/resized/0019/3038/193038v2-max-150x150.jpg"],
      [[250,
        140],
       "http://api-images.crunchbase.com/assets/images/resized/0019/3038/193038v2-max-250x250.jpg"],
      [[450,
        253],
       "http://api-images.crunchbase.com/assets/images/resized/0019/3038/193038v2-max-450x450.jpg"]],
    "attribution": null},
   {"available_sizes":
     [[[150,
        84],
       "http://api-images.crunchbase.com/assets/images/resized/0019/4946/194946v2-max-150x150.png"],
      [[250,
        140],
       "http://api-images.crunchbase.com/assets/images/resized/0019/4946/194946v2-max-250x250.png"],
      [[450,
        253],
       "http://api-images.crunchbase.com/assets/images/resized/0019/4946/194946v2-max-450x450.png"]],
    "attribution": null}],
 "external_links":
  [],
 "partners":
  []}
