{"name": "2clams studios",
 "permalink": "2clams-studios",
 "crunchbase_url": "http://www.crunchbase.com/company/2clams-studios",
 "homepage_url": "http://www.2clams.com",
 "blog_url": "",
 "blog_feed_url": "",
 "twitter_username": "2clams",
 "category_code": "games_video",
 "number_of_employees": 6,
 "founded_year": 2011,
 "founded_month": 3,
 "founded_day": 21,
 "deadpooled_year": null,
 "deadpooled_month": null,
 "deadpooled_day": null,
 "deadpooled_url": null,
 "tag_list": "",
 "alias_list": null,
 "email_address": "",
 "phone_number": "",
 "description": "Location-based Mobile Gaming Company",
 "created_at": "Fri Jun 24 17:34:48 UTC 2011",
 "updated_at": "Sat Jan 21 22:10:41 UTC 2012",
 "overview": "\u003Cp\u003E2clams is all about ideas and creativity. All of our games are based on classic games that everyone played as children. Just like Tag\u009d or Hide and Seek, we provide fun and interactive gameplay experiences in a mix of the real and virtual worlds utilizing location-based technologies on smartphones and tablets. We are the next generation of location-based mobile gaming company! \u003C/p\u003E",
 "image":
  {"available_sizes":
    [[[150,
       78],
      "http://api-images.crunchbase.com/assets/images/resized/0014/0900/140900v2-max-150x150.png"],
     [[250,
       131],
      "http://api-images.crunchbase.com/assets/images/resized/0014/0900/140900v2-max-250x250.png"],
     [[269,
       141],
      "http://api-images.crunchbase.com/assets/images/resized/0014/0900/140900v2-max-450x450.png"]],
   "attribution": null},
 "products":
  [],
 "relationships":
  [{"is_past": false,
    "title": "CEO",
    "person":
     {"first_name": "Mark",
      "last_name": "Lackey",
      "permalink": "mark-lackey"}},
   {"is_past": false,
    "title": "CTO",
    "person":
     {"first_name": "Federico",
      "last_name": "Wachs",
      "permalink": "federico-wachs"}},
   {"is_past": false,
    "title": "COO",
    "person":
     {"first_name": "Michiru",
      "last_name": "Lackey",
      "permalink": "michiru-lackey"}},
   {"is_past": false,
    "title": "CCO",
    "person":
     {"first_name": "Colin",
      "last_name": "Chan",
      "permalink": "colin-chan"}}],
 "competitions":
  [],
 "providerships":
  [],
 "total_money_raised": "$0",
 "funding_rounds":
  [],
 "investments":
  [],
 "acquisition": null,
 "acquisitions":
  [],
 "offices":
  [{"description": "San Francisco Office",
    "address1": "315 Montgomery St. Suite 904",
    "address2": "",
    "zip_code": "94104",
    "city": "San Francisco",
    "state_code": "CA",
    "country_code": "USA",
    "latitude": null,
    "longitude": null}],
 "milestones":
  [],
 "ipo": null,
 "video_embeds":
  [],
 "screenshots":
  [],
 "external_links":
  [],
 "partners":
  []}
