{"name": "2DayBiz",
 "permalink": "2daybiz",
 "crunchbase_url": "http://www.crunchbase.com/company/2daybiz",
 "homepage_url": "http://www.2daybiz.com",
 "blog_url": "",
 "blog_feed_url": "",
 "twitter_username": "2daybiznews",
 "category_code": "software",
 "number_of_employees": 25,
 "founded_year": 2005,
 "founded_month": null,
 "founded_day": null,
 "deadpooled_year": null,
 "deadpooled_month": null,
 "deadpooled_day": null,
 "deadpooled_url": null,
 "tag_list": "social-community-software, network-community-script, job-site-script",
 "alias_list": null,
 "email_address": "info@2daybiz.com",
 "phone_number": "+91-(44)-42307403",
 "description": "Product Development Company",
 "created_at": "Mon Mar 28 11:04:03 UTC 2011",
 "updated_at": "Tue Jul 16 04:10:11 UTC 2013",
 "overview": "\u003Cp\u003E2daybiz is a professional software product firm offering wide range of innovative solutions to targeted end users. Five years since our establishment in the core market, we have been providing end-to-end Web Solutions with our global expertise through our wide range of products. We are a team of 60 members, working smart towards achieving Customer Ecstasy through our shear endeavors. Based on our internet research we have been providing unique scripts to our customers as per their demands. \u003C/p\u003E",
 "image":
  {"available_sizes":
    [[[150,
       57],
      "http://api-images.crunchbase.com/assets/images/resized/0012/8054/128054v2-max-150x150.jpg"],
     [[180,
       69],
      "http://api-images.crunchbase.com/assets/images/resized/0012/8054/128054v2-max-250x250.jpg"],
     [[180,
       69],
      "http://api-images.crunchbase.com/assets/images/resized/0012/8054/128054v2-max-450x450.jpg"]],
   "attribution": null},
 "products":
  [],
 "relationships":
  [],
 "competitions":
  [],
 "providerships":
  [],
 "total_money_raised": "$0",
 "funding_rounds":
  [],
 "investments":
  [],
 "acquisition": null,
 "acquisitions":
  [],
 "offices":
  [],
 "milestones":
  [{"id": 36579,
    "description": "start with 2005 ",
    "stoned_year": 2011,
    "stoned_month": 2,
    "stoned_day": 4,
    "source_url": "",
    "source_text": null,
    "source_description": "",
    "stoneable_type": "Company",
    "stoned_value": null,
    "stoned_value_type": null,
    "stoned_acquirer": null,
    "stoneable":
     {"name": "2DayBiz",
      "permalink": "2daybiz"}}],
 "ipo": null,
 "video_embeds":
  [],
 "screenshots":
  [{"available_sizes":
     [[[135,
        150],
       "http://api-images.crunchbase.com/assets/images/resized/0012/8053/128053v2-max-150x150.jpg"],
      [[225,
        250],
       "http://api-images.crunchbase.com/assets/images/resized/0012/8053/128053v2-max-250x250.jpg"],
      [[406,
        450],
       "http://api-images.crunchbase.com/assets/images/resized/0012/8053/128053v2-max-450x450.jpg"]],
    "attribution": null}],
 "external_links":
  [],
 "partners":
  []}
