{"name": "2mcctv",
 "permalink": "2mcctv",
 "crunchbase_url": "http://www.crunchbase.com/company/2mcctv",
 "homepage_url": "http://www.2mcctv.com",
 "blog_url": "http://www.2mcctv.com/blog/",
 "blog_feed_url": "http://feeds.feedburner.com/SecurityCamerasCctvVideoSurveillanceBlog",
 "twitter_username": "2mcctv",
 "category_code": "security",
 "number_of_employees": 30,
 "founded_year": 2003,
 "founded_month": 4,
 "founded_day": 1,
 "deadpooled_year": null,
 "deadpooled_month": null,
 "deadpooled_day": null,
 "deadpooled_url": null,
 "tag_list": "security, surveillance, cctv, technology, security-cameras, surveillance-cameras",
 "alias_list": null,
 "email_address": "sales@2mcctv.com",
 "phone_number": "1-877-926-2288",
 "description": "Retail security surveillance equipment",
 "created_at": "Tue Jul 05 19:49:29 UTC 2011",
 "updated_at": "Sat Jan 14 09:56:49 UTC 2012",
 "overview": "\u003Cp\u003E2MCCTV is a provider of security and surveillance equipment, carrying products developed specifically for different market applications (Retail/Government/Education/Health Care).  They sell directly to consumers as well as wholesale to CCTV dealers and installers. \u003C/p\u003E\n\n\u003Cp\u003EThe surveillance solutions provided by 2MCCTV are designed to accommodate any environment by combining the use of professional standards with the identification of the unique variables in any given scenario.  \u003C/p\u003E",
 "image":
  {"available_sizes":
    [[[150,
       63],
      "http://api-images.crunchbase.com/assets/images/resized/0014/9247/149247v2-max-150x150.jpg"],
     [[178,
       75],
      "http://api-images.crunchbase.com/assets/images/resized/0014/9247/149247v2-max-250x250.jpg"],
     [[178,
       75],
      "http://api-images.crunchbase.com/assets/images/resized/0014/9247/149247v2-max-450x450.jpg"]],
   "attribution": null},
 "products":
  [],
 "relationships":
  [{"is_past": false,
    "title": "CEO",
    "person":
     {"first_name": "Suhaib",
      "last_name": "Allababidi",
      "permalink": "suhaib-allababidi"}},
   {"is_past": false,
    "title": "CTO",
    "person":
     {"first_name": "Jarga",
      "last_name": "Jallow",
      "permalink": "jarga-jallow"}}],
 "competitions":
  [],
 "providerships":
  [],
 "total_money_raised": "$0",
 "funding_rounds":
  [],
 "investments":
  [],
 "acquisition": null,
 "acquisitions":
  [],
 "offices":
  [{"description": "2MCCTV Headquarters",
    "address1": "2985 S. Hwy 360",
    "address2": "Suite 130",
    "zip_code": "75052",
    "city": "Grand Prairie",
    "state_code": "TX",
    "country_code": "USA",
    "latitude": null,
    "longitude": null}],
 "milestones":
  [],
 "ipo": null,
 "video_embeds":
  [],
 "screenshots":
  [{"available_sizes":
     [[[150,
        100],
       "http://api-images.crunchbase.com/assets/images/resized/0014/9245/149245v2-max-150x150.jpg"],
      [[250,
        167],
       "http://api-images.crunchbase.com/assets/images/resized/0014/9245/149245v2-max-250x250.jpg"],
      [[400,
        268],
       "http://api-images.crunchbase.com/assets/images/resized/0014/9245/149245v2-max-450x450.jpg"]],
    "attribution": null}],
 "external_links":
  [{"external_url": "http://www.2mcctv.com/blog/",
    "title": "CCTV Technology Blog"},
   {"external_url": "http://www.2mcctv.com/security-cameras/",
    "title": "Security Cameras"},
   {"external_url": "http://www.2mcctv.com/ptz-camera/",
    "title": "PTZ Cameras"},
   {"external_url": "http://www.2mcctv.com/ip-camera/",
    "title": "IP Cameras"}],
 "partners":
  []}
