{"name": "2Morrow Mobile",
 "permalink": "2morrow-mobile",
 "crunchbase_url": "http://www.crunchbase.com/company/2morrow-mobile",
 "homepage_url": "http://www.2morrowmobile.com",
 "blog_url": "https://www.facebook.com/pages/2Morrow-Mobile/208473472504228?sk=wall",
 "blog_feed_url": "",
 "twitter_username": "2morrowinc",
 "category_code": "software",
 "number_of_employees": null,
 "founded_year": null,
 "founded_month": null,
 "founded_day": null,
 "deadpooled_year": null,
 "deadpooled_month": null,
 "deadpooled_day": null,
 "deadpooled_url": null,
 "tag_list": "mobile, app, masterson, healthy-habits, habit-maker",
 "alias_list": null,
 "email_address": "info@2morrowmobile.com",
 "phone_number": "",
 "description": "Mobile Software \u0026  Apps",
 "created_at": "Fri Apr 29 00:49:22 UTC 2011",
 "updated_at": "Mon Jul 25 19:23:01 UTC 2011",
 "overview": "\u003Cp\u003EThis is your life and 2Morrow Mobile provides you with cool tools to help you create the life you want! These days, our smartphones are the computer that is always with us. That is why we believe they are the perfect tool to help us all make simple lasting changes\u0026#8230;through focus and repetition.\u003C/p\u003E\n\n\u003Cp\u003E2Morrow Mobile creates mobile apps including: \u003C/p\u003E\n\n\u003Cul\u003E\n\u003Cli\u003EHabit Maker, Habit Breaker\u003C/li\u003E\n\u003Cli\u003EHabit Maker\u003C/li\u003E\n\u003Cli\u003EHealthy Habits\u003C/li\u003E\n\u003Cli\u003ETBA\u003C/li\u003E\n\u003C/ul\u003E",
 "image":
  {"available_sizes":
    [[[150,
       104],
      "http://api-images.crunchbase.com/assets/images/resized/0014/5851/145851v2-max-150x150.png"],
     [[196,
       137],
      "http://api-images.crunchbase.com/assets/images/resized/0014/5851/145851v2-max-250x250.png"],
     [[196,
       137],
      "http://api-images.crunchbase.com/assets/images/resized/0014/5851/145851v2-max-450x450.png"]],
   "attribution": null},
 "products":
  [],
 "relationships":
  [{"is_past": false,
    "title": "Vice President - Marketing",
    "person":
     {"first_name": "Jo",
      "last_name": "Masterson",
      "permalink": "jo-masterson"}},
   {"is_past": false,
    "title": "President",
    "person":
     {"first_name": "Brandon",
      "last_name": "Masterson",
      "permalink": "brandon-masterson"}}],
 "competitions":
  [],
 "providerships":
  [],
 "total_money_raised": "$0",
 "funding_rounds":
  [],
 "investments":
  [],
 "acquisition": null,
 "acquisitions":
  [],
 "offices":
  [],
 "milestones":
  [{"id": 16655,
    "description": "2Morrow Mobile became an LLC",
    "stoned_year": 2011,
    "stoned_month": 7,
    "stoned_day": 15,
    "source_url": "",
    "source_text": null,
    "source_description": "JM",
    "stoneable_type": "Company",
    "stoned_value": null,
    "stoned_value_type": null,
    "stoned_acquirer": null,
    "stoneable":
     {"name": "2Morrow Mobile",
      "permalink": "2morrow-mobile"}}],
 "ipo": null,
 "video_embeds":
  [],
 "screenshots":
  [{"available_sizes":
     [[[100,
        100],
       "http://api-images.crunchbase.com/assets/images/resized/0013/6518/136518v2-max-150x150.jpg"],
      [[100,
        100],
       "http://api-images.crunchbase.com/assets/images/resized/0013/6518/136518v2-max-250x250.jpg"],
      [[100,
        100],
       "http://api-images.crunchbase.com/assets/images/resized/0013/6518/136518v2-max-450x450.jpg"]],
    "attribution": null},
   {"available_sizes":
     [[[103,
        150],
       "http://api-images.crunchbase.com/assets/images/resized/0013/6519/136519v2-max-150x150.jpg"],
      [[171,
        250],
       "http://api-images.crunchbase.com/assets/images/resized/0013/6519/136519v2-max-250x250.jpg"],
      [[309,
        450],
       "http://api-images.crunchbase.com/assets/images/resized/0013/6519/136519v2-max-450x450.jpg"]],
    "attribution": null},
   {"available_sizes":
     [[[83,
        150],
       "http://api-images.crunchbase.com/assets/images/resized/0013/6520/136520v2-max-150x150.jpg"],
      [[139,
        250],
       "http://api-images.crunchbase.com/assets/images/resized/0013/6520/136520v2-max-250x250.jpg"],
      [[193,
        347],
       "http://api-images.crunchbase.com/assets/images/resized/0013/6520/136520v2-max-450x450.jpg"]],
    "attribution": null}],
 "external_links":
  [{"external_url": "https://www.facebook.com/pages/Habit-Maker-Habit-Breaker/121015767911709",
    "title": "Facebook: Habit Maker Habit Breaker "},
   {"external_url": "https://www.facebook.com/pages/2Morrow-Mobile/208473472504228",
    "title": "2Morrow Mobile: Facebook Page"},
   {"external_url": "http://twitter.com/2MorrowMobile",
    "title": "2Morrow Mobile: Twitter"}],
 "partners":
  []}
