{"name": "2THINKNOW",
 "permalink": "2thinknow",
 "crunchbase_url": "http://www.crunchbase.com/company/2thinknow",
 "homepage_url": "http://www.2thinknow.com",
 "blog_url": "",
 "blog_feed_url": "",
 "twitter_username": "2thinknow",
 "category_code": "other",
 "number_of_employees": 7,
 "founded_year": 2006,
 "founded_month": 8,
 "founded_day": null,
 "deadpooled_year": null,
 "deadpooled_month": null,
 "deadpooled_day": null,
 "deadpooled_url": null,
 "tag_list": "innovation, innovation-cities, innovation-agency, cities, indexes, rankings",
 "alias_list": null,
 "email_address": "connect@2thinknow.com",
 "phone_number": "+61399352927",
 "description": "Innovation Agency",
 "created_at": "Fri Mar 25 00:44:21 UTC 2011",
 "updated_at": "Wed Dec 12 06:47:56 UTC 2012",
 "overview": "\u003Cp\u003E2thinknow has world\u0026#8217;s largest cities data set to find and measure global economic opportunities in the innovation economy.\u003C/p\u003E\n\n\u003Cp\u003EThe company have created processes, algorithms, metrics and data tools that make it possible to measure, compare and change economic performance at the cities level. in this process they have used web technology to research and build a larger database of cities data from lean operations.\u003C/p\u003E\n\n\u003Cp\u003ECities house 50% of the world\u0026#8217;s population, but data available is primarily national. According to their website, the firms clients and prospects include city government bodies in Asia, Canada, Europe and USA; and companies like NEC and others. The firm set up the Innovation Cities Program, free Innovation Cities Index and City Benchmarking Data program to grow the market penetration for innovation in cities.\u003C/p\u003E\n\n\u003Cp\u003ECompetitors include a stalled World Bank project, and Economist and Mercer data projects. These projects are not the core business of their operations. And in all cases their data collection size is smaller, and their cost of collecting data higher (estimate 350%).\u003C/p\u003E\n\n\u003Cp\u003EAccording to LinkedIn, the Executive Director of the firm, Christopher Hire, an has a diverse 13 years as a consulting analyst across government, infrastructure, finance, banks, city government and others, most of those growing a start-up firm, simple, that was scaled back before the GFC.\u003C/p\u003E\n\n\u003Cp\u003EThe firm is based in Australia, but is looking to set-up a East \u0026amp; West Coast office in lat 2011/early 2012, and is seeking further angel or VC funding according to their website. The purpose of this is to expand marketing operations and secure customers.\u003C/p\u003E\n\n\u003Cp\u003EIn terms of collaboration, the firm also has a in production networked data model that allows data to be retained within 2thinknow, when external staff and partners are brought in. And numerous method to leverage its extensive IP that is wholly owned and licensed by the firm.\u003C/p\u003E\n\n\u003Cp\u003E2thinknow was the first firm to use the term innovation agency in 2006, and has been largely funded by founder(s) as they developed the cities data technology over the 4 year period.\u003C/p\u003E\n\n\u003Cp\u003EThe firm can be contacted via the 2thinknow website.\u003C/p\u003E",
 "image":
  {"available_sizes":
    [[[150,
       63],
      "http://api-images.crunchbase.com/assets/images/resized/0012/8732/128732v2-max-150x150.png"],
     [[250,
       105],
      "http://api-images.crunchbase.com/assets/images/resized/0012/8732/128732v2-max-250x250.png"],
     [[300,
       127],
      "http://api-images.crunchbase.com/assets/images/resized/0012/8732/128732v2-max-450x450.png"]],
   "attribution": null},
 "products":
  [],
 "relationships":
  [{"is_past": false,
    "title": "Executive Director",
    "person":
     {"first_name": "Christopher",
      "last_name": "Hire",
      "permalink": "christopher-hire"}}],
 "competitions":
  [{"competitor":
     {"name": "World Bank",
      "permalink": "world-bank"}},
   {"competitor":
     {"name": "The Economist Group",
      "permalink": "the-economist-group"}},
   {"competitor":
     {"name": "Mercer US",
      "permalink": "mercer-us"}}],
 "providerships":
  [],
 "total_money_raised": "$0",
 "funding_rounds":
  [],
 "investments":
  [],
 "acquisition": null,
 "acquisitions":
  [],
 "offices":
  [{"description": "2thinknow Australia",
    "address1": "525 Collins St",
    "address2": "Level 27 Rialto South",
    "zip_code": "VIC 3000",
    "city": "Melbourne",
    "state_code": null,
    "country_code": "AUS",
    "latitude": -37.8191097,
    "longitude": 144.9575863}],
 "milestones":
  [],
 "ipo": null,
 "video_embeds":
  [],
 "screenshots":
  [],
 "external_links":
  [{"external_url": "http://www.innovation-cities.com",
    "title": "Innovation Cities Index \u0026 Program"},
   {"external_url": "http://www.boston.com/business/technology/innoeco/2010/07/boston_is_1but_will_we_hold_on.html",
    "title": "Boston Globe 2010"},
   {"external_url": "http://www.smartplanet.com/business/blog/smart-takes/top-10-innovative-cities-boston-leads-world-in-2010-paris-amsterdam-follow/10605/",
    "title": "IBM Smart Planet"},
   {"external_url": "http://www.innovcity.com/2010/09/26/decoding-of-the-most-innovant-cities-in-the-worlds-classification/",
    "title": "Innov City site [Paris]"},
   {"external_url": "http://www.cpsi.co.za/documents/ideas%20that%20work/VOL2_Issue_1_2011Erasmus.pdf",
    "title": "Program Summary [From Cape Town]"}],
 "partners":
  []}
