{"name": "3 Blokes Studios",
 "permalink": "3-blokes-studios",
 "crunchbase_url": "http://www.crunchbase.com/company/3-blokes-studios",
 "homepage_url": "http://www.3blokesstudios.com",
 "blog_url": "",
 "blog_feed_url": "",
 "twitter_username": null,
 "category_code": "games_video",
 "number_of_employees": null,
 "founded_year": null,
 "founded_month": null,
 "founded_day": null,
 "deadpooled_year": null,
 "deadpooled_month": null,
 "deadpooled_day": null,
 "deadpooled_url": null,
 "tag_list": "",
 "alias_list": "",
 "email_address": "info@3blokesstudios.com",
 "phone_number": "+61-7-3852-4878",
 "description": "",
 "created_at": "Thu Jun 02 01:52:47 UTC 2011",
 "updated_at": "Thu Jun 02 01:54:20 UTC 2011",
 "overview": "\u003Cp\u003EFounded in 2006, 3 Blokes has developed four social games for Facebook, including their most recent title, Galactic Trader, a space trading and combat game with 200,000 monthly active users. \u003C/p\u003E",
 "image":
  {"available_sizes":
    [[[150,
       112],
      "http://api-images.crunchbase.com/assets/images/resized/0013/7394/137394v1-max-150x150.png"],
     [[160,
       120],
      "http://api-images.crunchbase.com/assets/images/resized/0013/7394/137394v1-max-250x250.png"],
     [[160,
       120],
      "http://api-images.crunchbase.com/assets/images/resized/0013/7394/137394v1-max-450x450.png"]],
   "attribution": null},
 "products":
  [],
 "relationships":
  [],
 "competitions":
  [],
 "providerships":
  [],
 "total_money_raised": "$0",
 "funding_rounds":
  [],
 "investments":
  [],
 "acquisition":
  {"price_amount": null,
   "price_currency_code": "USD",
   "term_code": null,
   "source_url": "http://techcrunch.com/2011/06/01/rockyou-buys-developer-studio-3-blokes-to-build-social-combat-games-on-facebook/",
   "source_description": "RockYou Buys Studio 3 Blokes To Build Social Combat Games On Facebook",
   "acquired_year": 2011,
   "acquired_month": 6,
   "acquired_day": 1,
   "acquiring_company":
    {"name": "RockYou",
     "permalink": "rockyou"}},
 "acquisitions":
  [],
 "offices":
  [{"description": "",
    "address1": "PO Box 330",
    "address2": "",
    "zip_code": "4006",
    "city": "Fortitude Valley QLD",
    "state_code": null,
    "country_code": "AUS",
    "latitude": null,
    "longitude": null}],
 "milestones":
  [],
 "ipo": null,
 "video_embeds":
  [],
 "screenshots":
  [],
 "external_links":
  [],
 "partners":
  []}
