{"name": "33Seconds Ltd",
 "permalink": "33seconds-ltd",
 "crunchbase_url": "http://www.crunchbase.com/company/33seconds-ltd",
 "homepage_url": "http://33seconds.co",
 "blog_url": "",
 "blog_feed_url": "",
 "twitter_username": "regestrami",
 "category_code": "public_relations",
 "number_of_employees": 5,
 "founded_year": 2011,
 "founded_month": 1,
 "founded_day": 1,
 "deadpooled_year": null,
 "deadpooled_month": null,
 "deadpooled_day": null,
 "deadpooled_url": null,
 "tag_list": "social-media-marketing, pr, communications, technology, social-space, innovators, entrepreneurs, start-ups",
 "alias_list": null,
 "email_address": "",
 "phone_number": "",
 "description": "Social Media Marketing \u0026 Social Tech PR",
 "created_at": "Tue Mar 22 15:17:47 UTC 2011",
 "updated_at": "Tue Mar 29 22:33:05 UTC 2011",
 "overview": "\u003Cp\u003E33Seconds is a specialist agency offering social media marketing and social technology PR.\u003C/p\u003E\n\n\u003Cp\u003EWe provide Social Media Marketing to brands, organisations and content owners and PR \u0026amp; Comms to social technology companies \u0026amp; innovators; this deep immersion in the social space provides our clients with invaluable insights and unique opportunities.\u003C/p\u003E\n\n\u003Cp\u003EFor brands, organisations and content owners:\nWith more meaningful social media experience than anyone in Europe, 33Seconds devises and implements audience acquisition strategies using earned \u0026amp; paid social media marketing, advocacy programs and seeding. We deliver responsible and effective audience engagement, real-time conversation monitoring, customer service and issues management.\u003C/p\u003E\n\n\u003Cp\u003EFor technology companies \u0026amp; innovators in the social space:\nWith more than 12 years of broadcast and social technology PR \u0026amp; comms experience (MySpace, BBC, SoundCloud, Joost), 33Seconds devises and implements communication strategies that best underpin business objectives. We determine the most effective ways to communicate to key stakeholders, using product, consumer and trade PR; media, blogger and analyst relations, social media management; speaker programs; award entries; reputation and crisis management.\u003C/p\u003E",
 "image": null,
 "products":
  [],
 "relationships":
  [{"is_past": false,
    "title": "Managing Director \u0026 Co founder",
    "person":
     {"first_name": "Dominic",
      "last_name": "Cook",
      "permalink": "dominic-cook"}},
   {"is_past": false,
    "title": "Director",
    "person":
     {"first_name": "Alice",
      "last_name": "Regester",
      "permalink": "alice-regester"}}],
 "competitions":
  [],
 "providerships":
  [],
 "total_money_raised": "$0",
 "funding_rounds":
  [],
 "investments":
  [],
 "acquisition": null,
 "acquisitions":
  [],
 "offices":
  [{"description": "The Hoxton Mix",
    "address1": "3rd Floor",
    "address2": "86-90 Paul Street",
    "zip_code": "EC2A 4NE",
    "city": "London",
    "state_code": null,
    "country_code": "GBR",
    "latitude": null,
    "longitude": null}],
 "milestones":
  [],
 "ipo": null,
 "video_embeds":
  [],
 "screenshots":
  [],
 "external_links":
  [],
 "partners":
  []}
