{"name": "360 Revelations",
 "permalink": "360-revelations",
 "crunchbase_url": "http://www.crunchbase.com/company/360-revelations",
 "homepage_url": "http://www.360revelations.com",
 "blog_url": "",
 "blog_feed_url": "",
 "twitter_username": "360revelations",
 "category_code": "software",
 "number_of_employees": 4,
 "founded_year": 2009,
 "founded_month": 11,
 "founded_day": null,
 "deadpooled_year": null,
 "deadpooled_month": null,
 "deadpooled_day": null,
 "deadpooled_url": null,
 "tag_list": "mobile, smart-devices, 360-photography, 3d, multi-platform, digital, imagery",
 "alias_list": null,
 "email_address": "engage@360revelations.com",
 "phone_number": "+44 (0)1924 261158",
 "description": "Digital Imagery Platform",
 "created_at": "Thu Mar 24 21:36:04 UTC 2011",
 "updated_at": "Fri Dec 16 10:29:22 UTC 2011",
 "overview": "\u003Cp\u003E360revelations is the innovative digital imagery platform that combines 360 photography and 3D gaming technology to create interactive visual experiences. \u003C/p\u003E\n\n\u003Cp\u003EUsing our \u00e2\u20ac\u02dccustom made\u00e2\u20ac\u2122 service we enable brands and agencies to engage consumers with a simple to use, visually immersive and fun experience \u00e2\u20ac\u201c wherever they are, via their mobile device.  Our platform provides the brand the ability to interact with the consumer by providing content in completely new and unique ways.\u003C/p\u003E\n\n\u003Cp\u003EOur \u00e2\u20ac\u02dcon device\u00e2\u20ac\u2122 option means anyone can capture their personal experiences in a full 360 degree view, on their phone quickly and for free.  Better still these experiences can be shared real-time both amongst their social network and with a wider audience should they choose. It will be free to download and easy to use, so anyone can create a truly interactive experience.\u003C/p\u003E\n\n\u003Cp\u003EWhether user or commercially created content this can be delivered across multiple platforms including IPhone, Android, Windows, Palm, Samsung Bada with others already in development.\u003C/p\u003E\n\n\u003Cp\u003EThere\u00e2\u20ac\u2122s something for everyone with 360revelations whether it is a business directly, a creative agency or a personal user.\u003C/p\u003E",
 "image":
  {"available_sizes":
    [[[150,
       150],
      "http://api-images.crunchbase.com/assets/images/resized/0012/7692/127692v2-max-150x150.jpg"],
     [[250,
       250],
      "http://api-images.crunchbase.com/assets/images/resized/0012/7692/127692v2-max-250x250.jpg"],
     [[450,
       450],
      "http://api-images.crunchbase.com/assets/images/resized/0012/7692/127692v2-max-450x450.jpg"]],
   "attribution": null},
 "products":
  [],
 "relationships":
  [{"is_past": false,
    "title": "Co Founder, Chief Technical Officer",
    "person":
     {"first_name": "Arden",
      "last_name": "Aspinall",
      "permalink": "arden-aspinall"}},
   {"is_past": false,
    "title": "Business Development",
    "person":
     {"first_name": "Crombie",
      "last_name": "Collin",
      "permalink": "crombie-collin"}},
   {"is_past": true,
    "title": "Co Founder, Chief Creative Officer",
    "person":
     {"first_name": "Mark",
      "last_name": "Careless",
      "permalink": "mark-careless"}}],
 "competitions":
  [],
 "providerships":
  [],
 "total_money_raised": "$0",
 "funding_rounds":
  [],
 "investments":
  [],
 "acquisition": null,
 "acquisitions":
  [],
 "offices":
  [{"description": "Registered Office",
    "address1": "Spinkwell House",
    "address2": "60-62 Jenkin Road, Horbury",
    "zip_code": "WF4 6DT",
    "city": "Wakefield",
    "state_code": null,
    "country_code": "GBR",
    "latitude": null,
    "longitude": null}],
 "milestones":
  [{"id": 13952,
    "description": "Completed accelerator program The Difference Engine 2011.",
    "stoned_year": 2011,
    "stoned_month": 3,
    "stoned_day": 31,
    "source_url": "",
    "source_text": null,
    "source_description": "",
    "stoneable_type": "Company",
    "stoned_value": null,
    "stoned_value_type": null,
    "stoned_acquirer": null,
    "stoneable":
     {"name": "360 Revelations",
      "permalink": "360-revelations"}},
   {"id": 13953,
    "description": "Completed our participation in The Difference Engine 2011 tech start up accelerator programme.",
    "stoned_year": 2011,
    "stoned_month": 3,
    "stoned_day": 31,
    "source_url": "http://thedifferenceengine.eu/",
    "source_text": null,
    "source_description": "",
    "stoneable_type": "Company",
    "stoned_value": null,
    "stoned_value_type": null,
    "stoned_acquirer": null,
    "stoneable":
     {"name": "360 Revelations",
      "permalink": "360-revelations"}},
   {"id": 15514,
    "description": "Having announced our new 'on device' technology at the end of TDE 2011 we have received Proof of Concept funding from an investment company based in the North East.  This POC Fund is part of the \u00c2\u00a3125m Finance for Business North East programme.  It gives ",
    "stoned_year": 2011,
    "stoned_month": 5,
    "stoned_day": 6,
    "source_url": "http://www.360revelations.com/?p=886",
    "source_text": null,
    "source_description": "Proof of Concept Funding Secured",
    "stoneable_type": "Company",
    "stoned_value": null,
    "stoned_value_type": null,
    "stoned_acquirer": null,
    "stoneable":
     {"name": "360 Revelations",
      "permalink": "360-revelations"}}],
 "ipo": null,
 "video_embeds":
  [],
 "screenshots":
  [],
 "external_links":
  [],
 "partners":
  []}
