{"name": "360VR",
 "permalink": "360vr",
 "crunchbase_url": "http://www.crunchbase.com/company/360vr",
 "homepage_url": "http://www.360vr.gr",
 "blog_url": "",
 "blog_feed_url": "",
 "twitter_username": null,
 "category_code": "web",
 "number_of_employees": 2,
 "founded_year": 2004,
 "founded_month": null,
 "founded_day": null,
 "deadpooled_year": null,
 "deadpooled_month": null,
 "deadpooled_day": null,
 "deadpooled_url": null,
 "tag_list": "virtual-tours, panoramas",
 "alias_list": null,
 "email_address": "ikavouklis@360vr.gr",
 "phone_number": "+306945992676",
 "description": "VIRTUAL TOURS",
 "created_at": "Tue May 24 08:37:19 UTC 2011",
 "updated_at": "Fri May 27 13:53:13 UTC 2011",
 "overview": "\u003Cp\u003EPanoramic imaging and virtual tours\u003C/p\u003E",
 "image":
  {"available_sizes":
    [[[150,
       72],
      "http://api-images.crunchbase.com/assets/images/resized/0013/6120/136120v2-max-150x150.png"],
     [[150,
       72],
      "http://api-images.crunchbase.com/assets/images/resized/0013/6120/136120v2-max-250x250.png"],
     [[150,
       72],
      "http://api-images.crunchbase.com/assets/images/resized/0013/6120/136120v2-max-450x450.png"]],
   "attribution": null},
 "products":
  [],
 "relationships":
  [],
 "competitions":
  [],
 "providerships":
  [],
 "total_money_raised": "$0",
 "funding_rounds":
  [],
 "investments":
  [],
 "acquisition": null,
 "acquisitions":
  [],
 "offices":
  [],
 "milestones":
  [],
 "ipo": null,
 "video_embeds":
  [],
 "screenshots":
  [],
 "external_links":
  [],
 "partners":
  []}
