{"name": "365 Media",
 "permalink": "365-media",
 "crunchbase_url": "http://www.crunchbase.com/company/365-media",
 "homepage_url": null,
 "blog_url": null,
 "blog_feed_url": null,
 "twitter_username": null,
 "category_code": null,
 "number_of_employees": null,
 "founded_year": null,
 "founded_month": null,
 "founded_day": null,
 "deadpooled_year": null,
 "deadpooled_month": null,
 "deadpooled_day": null,
 "deadpooled_url": null,
 "tag_list": "",
 "alias_list": null,
 "email_address": null,
 "phone_number": null,
 "description": null,
 "created_at": "Fri Mar 18 09:10:14 UTC 2011",
 "updated_at": "Wed May 25 17:34:43 UTC 2011",
 "overview": "\u003Cp\u003E365 Media uses information retrieval technology to mine, process and deliver business intelligence to its customers. \u003C/p\u003E",
 "image": null,
 "products":
  [],
 "relationships":
  [{"is_past": false,
    "title": "Senior Researcher",
    "person":
     {"first_name": "Anand",
      "last_name": "Swamy",
      "permalink": "anand-swamy"}},
   {"is_past": true,
    "title": "CTO",
    "person":
     {"first_name": "John",
      "last_name": "Wilson",
      "permalink": "john-wilson"}},
   {"is_past": true,
    "title": "Sales Director",
    "person":
     {"first_name": "Philip",
      "last_name": "Rooke",
      "permalink": "philip-rooke"}}],
 "competitions":
  [],
 "providerships":
  [],
 "total_money_raised": "$0",
 "funding_rounds":
  [],
 "investments":
  [],
 "acquisition": null,
 "acquisitions":
  [],
 "offices":
  [],
 "milestones":
  [],
 "ipo": null,
 "video_embeds":
  [],
 "screenshots":
  [],
 "external_links":
  [],
 "partners":
  []}
