{"name": "38 Media",
 "permalink": "38-media",
 "crunchbase_url": "http://www.crunchbase.com/company/38-media",
 "homepage_url": "http://38Media.net",
 "blog_url": "",
 "blog_feed_url": "",
 "twitter_username": "38MediaInc",
 "category_code": "consulting",
 "number_of_employees": 6,
 "founded_year": 2010,
 "founded_month": 7,
 "founded_day": 17,
 "deadpooled_year": null,
 "deadpooled_month": null,
 "deadpooled_day": null,
 "deadpooled_url": null,
 "tag_list": "business-technology-consulting-consulting-virtualization-mobile-application-website-design-cms-ecommerce-networking",
 "alias_list": null,
 "email_address": "contact@38media.net",
 "phone_number": "6178009384",
 "description": "Business technology consulting",
 "created_at": "Wed Mar 02 16:56:52 UTC 2011",
 "updated_at": "Mon Mar 07 16:08:53 UTC 2011",
 "overview": "\u003Cp\u003E38 Media focuses on solving technology problems for clients, specializing in website design, content management solution implementation, ecommerce integration, mobile application development, networking and virtualization.  38 Media\u0026#8217;s team focuses on designing user interfaces before beginning development to ensure the user experience takes priority over code.\u003C/p\u003E",
 "image":
  {"available_sizes":
    [[[150,
       96],
      "http://api-images.crunchbase.com/assets/images/resized/0012/4618/124618v2-max-150x150.png"],
     [[200,
       128],
      "http://api-images.crunchbase.com/assets/images/resized/0012/4618/124618v2-max-250x250.png"],
     [[200,
       128],
      "http://api-images.crunchbase.com/assets/images/resized/0012/4618/124618v2-max-450x450.png"]],
   "attribution": null},
 "products":
  [],
 "relationships":
  [{"is_past": false,
    "title": "Head of Communications",
    "person":
     {"first_name": "Julie",
      "last_name": "Krosnicki",
      "permalink": "julie-krosnicki"}},
   {"is_past": false,
    "title": "Head of Operations",
    "person":
     {"first_name": "Mark",
      "last_name": "Roseboom",
      "permalink": "mark-roseboom"}},
   {"is_past": false,
    "title": "Head of Business",
    "person":
     {"first_name": "Patrick",
      "last_name": "Camacho",
      "permalink": "patrick-camacho"}}],
 "competitions":
  [],
 "providerships":
  [],
 "total_money_raised": "$0",
 "funding_rounds":
  [],
 "investments":
  [],
 "acquisition": null,
 "acquisitions":
  [],
 "offices":
  [{"description": "",
    "address1": "26 Lincoln Street Suite 2",
    "address2": "",
    "zip_code": "02135",
    "city": "Brighton",
    "state_code": "MA",
    "country_code": "USA",
    "latitude": null,
    "longitude": null}],
 "milestones":
  [],
 "ipo": null,
 "video_embeds":
  [],
 "screenshots":
  [],
 "external_links":
  [],
 "partners":
  []}
