{"name": "3Boost",
 "permalink": "3boost",
 "crunchbase_url": "http://www.crunchbase.com/company/3boost",
 "homepage_url": "http://3boost.com",
 "blog_url": "http://3boost.com/blog",
 "blog_feed_url": "http://3boost.com/blog/feed",
 "twitter_username": "aj_horst_3boost",
 "category_code": "web",
 "number_of_employees": 11,
 "founded_year": null,
 "founded_month": null,
 "founded_day": null,
 "deadpooled_year": null,
 "deadpooled_month": null,
 "deadpooled_day": null,
 "deadpooled_url": null,
 "tag_list": "dvd, slideshow, photo-slideshow, dvd-photo-slideshow",
 "alias_list": null,
 "email_address": "support@3boost.com",
 "phone_number": "(682)325-9569",
 "description": "Custom DVD Photo Slideshows",
 "created_at": "Mon Mar 28 19:05:29 UTC 2011",
 "updated_at": "Mon Jul 25 18:16:43 UTC 2011",
 "overview": "\u003Cp\u003E3Boost makes custom Blu-Ray and DVD photo slideshows. After a customer places an order on the site, 3Boost sends a pre-paid and pre-addressed package to the customer to put as many photos as they want included on the slideshow. The package also includes a 2GB USB flash drive for the customer to have digital photos included in the slideshow. The customer is able to specify captions and any music they want to play in the background.\u003C/p\u003E\n\n\u003Cp\u003E3Boost makes the photo slideshow video with professional effects and transitions. The DVD or Blu-Ray comes in a case with custom labeling, and the disk has an interactive menu. The total price is 79.95 for DVD and 89.95 for Blu-Ray, all shipping is included, the slideshow can be up to one hour in length with unlimited photos.\u003C/p\u003E\n\n\u003Cp\u003E3Boost has 11 employees all located in the Dallas-Fort Worth metroplex, and is a sole proprietorship under A.J. Horst.\u003C/p\u003E",
 "image":
  {"available_sizes":
    [[[150,
       28],
      "http://api-images.crunchbase.com/assets/images/resized/0012/8122/128122v2-max-150x150.png"],
     [[250,
       46],
      "http://api-images.crunchbase.com/assets/images/resized/0012/8122/128122v2-max-250x250.png"],
     [[273,
       51],
      "http://api-images.crunchbase.com/assets/images/resized/0012/8122/128122v2-max-450x450.png"]],
   "attribution": null},
 "products":
  [{"name": "3Boost Custom DVD/Blu-Ray Photo Slideshow",
    "permalink": "3boost-custom-dvd-blu-ray-photo-slideshow"}],
 "relationships":
  [{"is_past": false,
    "title": "President",
    "person":
     {"first_name": "A.J.",
      "last_name": "Horst",
      "permalink": "a-j-horst"}}],
 "competitions":
  [],
 "providerships":
  [],
 "total_money_raised": "$0",
 "funding_rounds":
  [],
 "investments":
  [],
 "acquisition": null,
 "acquisitions":
  [],
 "offices":
  [{"description": "Home Office",
    "address1": "15825 Quorum",
    "address2": "Ste 2106",
    "zip_code": "75001",
    "city": "Addison",
    "state_code": "TX",
    "country_code": "USA",
    "latitude": null,
    "longitude": null}],
 "milestones":
  [],
 "ipo": null,
 "video_embeds":
  [],
 "screenshots":
  [],
 "external_links":
  [],
 "partners":
  []}
