{"name": "3D Plus",
 "permalink": "3d-plus",
 "crunchbase_url": "http://www.crunchbase.com/company/3d-plus",
 "homepage_url": "http://www.3d-plus.com",
 "blog_url": "",
 "blog_feed_url": "",
 "twitter_username": null,
 "category_code": "semiconductor",
 "number_of_employees": null,
 "founded_year": null,
 "founded_month": null,
 "founded_day": null,
 "deadpooled_year": null,
 "deadpooled_month": null,
 "deadpooled_day": null,
 "deadpooled_url": null,
 "tag_list": "",
 "alias_list": "",
 "email_address": "",
 "phone_number": "+33 (0) 130 832 650",
 "description": "",
 "created_at": "Wed Jun 22 05:05:58 UTC 2011",
 "updated_at": "Wed Jun 22 05:06:10 UTC 2011",
 "overview": "\u003Cp\u003E3D Plus SA designs and manufactures miniaturized 3-D modules for active, passive, opto-electronics, and MEMS/MOEMS components packaging in Europe. Its products include memory and processor modules, camera head sensors, power converters, and radiation tolerant products. The company also provides various solutions for custom systems in package developments and commercial manufacturing. It serves industrial, military, medical, and space markets. 3D Plus SA was incorporated in 1995 and is headquartered in Buc, France.\u003C/p\u003E",
 "image":
  {"available_sizes":
    [[[141,
       67],
      "http://api-images.crunchbase.com/assets/images/resized/0014/0411/140411v1-max-150x150.png"],
     [[141,
       67],
      "http://api-images.crunchbase.com/assets/images/resized/0014/0411/140411v1-max-250x250.png"],
     [[141,
       67],
      "http://api-images.crunchbase.com/assets/images/resized/0014/0411/140411v1-max-450x450.png"]],
   "attribution": null},
 "products":
  [],
 "relationships":
  [{"is_past": true,
    "title": "Board of Directors",
    "person":
     {"first_name": "Denis",
      "last_name": "Champenois",
      "permalink": "denis-champenois"}}],
 "competitions":
  [],
 "providerships":
  [],
 "total_money_raised": "$0",
 "funding_rounds":
  [],
 "investments":
  [],
 "acquisition":
  {"price_amount": null,
   "price_currency_code": "USD",
   "term_code": null,
   "source_url": "http://www.irconnect.com/hei/pages/news_releases.html?d=224889",
   "source_description": "HEICO Agrees to Make Important Growth Acquisition",
   "acquired_year": 2011,
   "acquired_month": 6,
   "acquired_day": 21,
   "acquiring_company":
    {"name": "Heico",
     "permalink": "heico"}},
 "acquisitions":
  [],
 "offices":
  [{"description": "",
    "address1": "641, rue H\u00c3\u00a9l\u00c3\u00a8ne Boucher - ZI",
    "address2": "",
    "zip_code": "78532",
    "city": "BUC",
    "state_code": null,
    "country_code": "FRA",
    "latitude": null,
    "longitude": null}],
 "milestones":
  [],
 "ipo": null,
 "video_embeds":
  [],
 "screenshots":
  [],
 "external_links":
  [],
 "partners":
  []}
