{"name": "3D SOC",
 "permalink": "3d-soc",
 "crunchbase_url": "http://www.crunchbase.com/company/3d-soc",
 "homepage_url": "http://www.cardzcreator.com",
 "blog_url": "http://www.blogspot.cardzcreator.com",
 "blog_feed_url": "",
 "twitter_username": "CardzCreator",
 "category_code": "software",
 "number_of_employees": 25,
 "founded_year": null,
 "founded_month": null,
 "founded_day": null,
 "deadpooled_year": null,
 "deadpooled_month": null,
 "deadpooled_day": null,
 "deadpooled_url": null,
 "tag_list": "greetings, greetings-card, 3d",
 "alias_list": null,
 "email_address": "bhavya@3dsoc.com",
 "phone_number": "+91 - 80 - 4151 3240",
 "description": "mobile app",
 "created_at": "Sat Mar 26 06:34:37 UTC 2011",
 "updated_at": "Fri Apr 08 02:32:27 UTC 2011",
 "overview": "\u003Cp\u003ECardzCreator lets you create cool personalized greeting cards with your own messages and attractive visuals, right on your mobile phone. Just select a greeting theme from preloaded themes or browse and download more themes of your choice. You can also customize background, message and interact in 3D to get the desired view of the card. Once you are done, just send it to your loved ones as an MMS (Available on CardzCreator+), SMS or post on Facebook and twitter.\u003C/p\u003E",
 "image":
  {"available_sizes":
    [[[84,
       150],
      "http://api-images.crunchbase.com/assets/images/resized/0012/7893/127893v2-max-150x150.png"],
     [[90,
       160],
      "http://api-images.crunchbase.com/assets/images/resized/0012/7893/127893v2-max-250x250.png"],
     [[90,
       160],
      "http://api-images.crunchbase.com/assets/images/resized/0012/7893/127893v2-max-450x450.png"]],
   "attribution": null},
 "products":
  [],
 "relationships":
  [],
 "competitions":
  [],
 "providerships":
  [],
 "total_money_raised": "$0",
 "funding_rounds":
  [],
 "investments":
  [],
 "acquisition": null,
 "acquisitions":
  [],
 "offices":
  [],
 "milestones":
  [],
 "ipo": null,
 "video_embeds":
  [],
 "screenshots":
  [{"available_sizes":
     [[[93,
        150],
       "http://api-images.crunchbase.com/assets/images/resized/0012/9268/129268v2-max-150x150.png"],
      [[156,
        250],
       "http://api-images.crunchbase.com/assets/images/resized/0012/9268/129268v2-max-250x250.png"],
      [[281,
        450],
       "http://api-images.crunchbase.com/assets/images/resized/0012/9268/129268v2-max-450x450.png"]],
    "attribution": null},
   {"available_sizes":
     [[[150,
        118],
       "http://api-images.crunchbase.com/assets/images/resized/0012/9269/129269v2-max-150x150.jpg"],
      [[250,
        197],
       "http://api-images.crunchbase.com/assets/images/resized/0012/9269/129269v2-max-250x250.jpg"],
      [[450,
        356],
       "http://api-images.crunchbase.com/assets/images/resized/0012/9269/129269v2-max-450x450.jpg"]],
    "attribution": null}],
 "external_links":
  [],
 "partners":
  []}
