{"name": "3D Technologies Co. Ltd.",
 "permalink": "3d-technologies-co-ltd",
 "crunchbase_url": "http://www.crunchbase.com/company/3d-technologies-co-ltd",
 "homepage_url": "http://www.3dtechco.com",
 "blog_url": "",
 "blog_feed_url": "",
 "twitter_username": null,
 "category_code": "hardware",
 "number_of_employees": 1200,
 "founded_year": 2000,
 "founded_month": null,
 "founded_day": null,
 "deadpooled_year": null,
 "deadpooled_month": null,
 "deadpooled_day": null,
 "deadpooled_url": null,
 "tag_list": "ems-oem-odm",
 "alias_list": null,
 "email_address": "linda.wang@3dtechco.com",
 "phone_number": "886-960218277",
 "description": "EMS OEM ODM",
 "created_at": "Mon May 02 10:13:20 UTC 2011",
 "updated_at": "Thu May 05 01:04:00 UTC 2011",
 "overview": "\u003Cp\u003E~ EMS facilities both in Taiwan and China with 1200 employee ~\nWe could support a full package of production for our customers both in Mainland China (\u00e5\u0090\u00b3\u00e6\u00b1\u0178 \u0026amp;\u00e6\u00b7\u00b1\u00e5\u0153\u00b3\u00e5\u2026\u00a9\u00e5\u20ac\u2039\u00e5\u00bb\u00a0) and Taiwan(\u00e6\u2013\u00b0\u00e8\u017d\u0160\u00e4\u00b8\u20ac\u00e5\u20ac\u2039\u00e5\u00bb\u00a0) with domestic and export logistic total service .\u003C/p\u003E\n\n\u003Cp\u003E3D Technologies Co. LTD, formed in 2000 in USA, have 3 factories located in Taiwan and China with professional manufacturing experience as both an OEM and EMS.\u003Cbr/\u003E\nWe operate as EMS \u00e2\u20ac\u201c undertake  its  customers\u00e2\u20ac\u2122 logistic and industrial chain, allowing them to focus on their Core Business regarding product development, marketing, Sales and the promotion of their brand. \u003C/p\u003E\n\n\u003Cp\u003E3D Tech. operates according to this concept and bringing technological solutions with added value to its customers. \nThe services include the entire industrial process : automatic assembly , integration, testing and packaging, and delivering the product ready to be marketed. \u003C/p\u003E\n\n\u003Cp\u003E3D provides with total 19,000 square meters of manufacturing floor space and operates a wide range of equipment continually investing to stay at the forefront of Manufacturing Technology.   We have modern industrial lines at the units of Taiwan and Mainland China in order to assemble electronic components for the most different applications. Optical inspection and SPI ensures excellence, quality and precision regarding mass production.  \u003C/p\u003E\n\n\u003Cp\u003EFor China factories located in Wujiang and Shenzhen, we could also do both Domestic \u0026amp; International Sales Service for our customers. \nContact information : Linda Wang (linda.wang@3dtechco.com ) 886-960218277  Skype: linda_wang1125, MSN : hanwing1227@yahoo.com.tw\u003C/p\u003E",
 "image": null,
 "products":
  [],
 "relationships":
  [{"is_past": false,
    "title": "Special Assistant of President",
    "person":
     {"first_name": "Linda",
      "last_name": "Wang",
      "permalink": "linda-wang"}}],
 "competitions":
  [],
 "providerships":
  [{"title": "EMS",
    "is_past": false,
    "provider":
     {"name": "EMS",
      "permalink": "ems"}}],
 "total_money_raised": "$0",
 "funding_rounds":
  [],
 "investments":
  [],
 "acquisition": null,
 "acquisitions":
  [],
 "offices":
  [{"description": "Taipei office",
    "address1": "No.542-17, Zhongzheng Rd., Xinzhuang Dist., New Taipei City 242, Taiwan (R.O.C.)",
    "address2": "",
    "zip_code": "242",
    "city": "Taipei",
    "state_code": null,
    "country_code": "TWN",
    "latitude": null,
    "longitude": null}],
 "milestones":
  [],
 "ipo": null,
 "video_embeds":
  [],
 "screenshots":
  [],
 "external_links":
  [],
 "partners":
  []}
