{"name": "3ones",
 "permalink": "3ones",
 "crunchbase_url": "http://www.crunchbase.com/company/3ones",
 "homepage_url": "http://www.3ones.com",
 "blog_url": "",
 "blog_feed_url": "",
 "twitter_username": "3ones",
 "category_code": "other",
 "number_of_employees": null,
 "founded_year": 2009,
 "founded_month": null,
 "founded_day": null,
 "deadpooled_year": null,
 "deadpooled_month": null,
 "deadpooled_day": null,
 "deadpooled_url": null,
 "tag_list": "product-development, products, publishing, realtidbits",
 "alias_list": "",
 "email_address": "",
 "phone_number": "(858) 633-6637.",
 "description": "Product development company",
 "created_at": "Wed Apr 27 04:48:36 UTC 2011",
 "updated_at": "Wed Apr 27 08:07:41 UTC 2011",
 "overview": "\u003Cp\u003E3ones is a product development company for hire. It develops products for communities, consumers, and corporations. Those products appear on websites, social networks, desktops, and mobile phones. 3ones will help you take your idea from concept to completion in 90 days.\u003C/p\u003E",
 "image":
  {"available_sizes":
    [[[150,
       44],
      "http://api-images.crunchbase.com/assets/images/resized/0013/2162/132162v1-max-150x150.png"],
     [[230,
       68],
      "http://api-images.crunchbase.com/assets/images/resized/0013/2162/132162v1-max-250x250.png"],
     [[230,
       68],
      "http://api-images.crunchbase.com/assets/images/resized/0013/2162/132162v1-max-450x450.png"]],
   "attribution": null},
 "products":
  [],
 "relationships":
  [{"is_past": false,
    "title": "VP, Creative",
    "person":
     {"first_name": "Patricia",
      "last_name": "Forest",
      "permalink": "patricia-forest"}},
   {"is_past": true,
    "title": "Co-Founder",
    "person":
     {"first_name": "Kelly",
      "last_name": "Abbott",
      "permalink": "kelly-abbott"}},
   {"is_past": true,
    "title": "Web Developer",
    "person":
     {"first_name": "Adam",
      "last_name": "Bronte",
      "permalink": "adam-bronte"}}],
 "competitions":
  [],
 "providerships":
  [],
 "total_money_raised": "$0",
 "funding_rounds":
  [],
 "investments":
  [],
 "acquisition": null,
 "acquisitions":
  [],
 "offices":
  [{"description": "",
    "address1": "2448 Historic Decatur Road",
    "address2": "Suite 105",
    "zip_code": "92106",
    "city": "San Diego",
    "state_code": "CA",
    "country_code": "USA",
    "latitude": null,
    "longitude": null}],
 "milestones":
  [],
 "ipo": null,
 "video_embeds":
  [],
 "screenshots":
  [{"available_sizes":
     [[[150,
        93],
       "http://api-images.crunchbase.com/assets/images/resized/0013/2164/132164v1-max-150x150.png"],
      [[250,
        156],
       "http://api-images.crunchbase.com/assets/images/resized/0013/2164/132164v1-max-250x250.png"],
      [[450,
        281],
       "http://api-images.crunchbase.com/assets/images/resized/0013/2164/132164v1-max-450x450.png"]],
    "attribution": null}],
 "external_links":
  [],
 "partners":
  []}
