{"name": "3to30.com",
 "permalink": "3to30-com",
 "crunchbase_url": "http://www.crunchbase.com/company/3to30-com",
 "homepage_url": "http://www.3to30.com",
 "blog_url": "",
 "blog_feed_url": "http://www.3to30.com/feed/services",
 "twitter_username": "3to30com",
 "category_code": "ecommerce",
 "number_of_employees": 30,
 "founded_year": 2011,
 "founded_month": 1,
 "founded_day": 1,
 "deadpooled_year": null,
 "deadpooled_month": null,
 "deadpooled_day": null,
 "deadpooled_url": null,
 "tag_list": "micro-jobs, freelance, freelance-service, tiny-jobs, freelancer, work-from-home, earn-money-online",
 "alias_list": null,
 "email_address": "contact@3to30.com",
 "phone_number": "",
 "description": "Buy \u0026 sell service for $3 to $30",
 "created_at": "Fri May 20 06:47:57 UTC 2011",
 "updated_at": "Wed May 25 08:49:36 UTC 2011",
 "overview": "\u003Cp\u003E3to30.com is launched with an objective to construct a community for earning money. The founders of 3to30.com have more than 10 years of experience in buy/sell services which made them realize the importance of tiny jobs.\u003C/p\u003E\n\n\u003Cp\u003EUsually people need to pay more money for getting even simple jobs done. Getting a work completed for $3 was only a dream for people. But 3to30 network is developed to unlock the doors of your dream jobs done rapidly in minimal cost. Here people can enjoy the toggle between business and entertainment.\u003C/p\u003E\n\n\u003Cp\u003E3to30.com is a trust worthy online market lay which provides quality services within your means. The individuality of 3to30 is visitors can earn income for their inspiring talents whereas buyers can get numerous nano jobs done in affordable cost. \u003C/p\u003E",
 "image":
  {"available_sizes":
    [[[150,
       75],
      "http://api-images.crunchbase.com/assets/images/resized/0013/5537/135537v2-max-150x150.png"],
     [[250,
       125],
      "http://api-images.crunchbase.com/assets/images/resized/0013/5537/135537v2-max-250x250.png"],
     [[300,
       150],
      "http://api-images.crunchbase.com/assets/images/resized/0013/5537/135537v2-max-450x450.png"]],
   "attribution": null},
 "products":
  [],
 "relationships":
  [],
 "competitions":
  [],
 "providerships":
  [],
 "total_money_raised": "$0",
 "funding_rounds":
  [],
 "investments":
  [],
 "acquisition": null,
 "acquisitions":
  [],
 "offices":
  [],
 "milestones":
  [],
 "ipo": null,
 "video_embeds":
  [],
 "screenshots":
  [{"available_sizes":
     [[[150,
        86],
       "http://api-images.crunchbase.com/assets/images/resized/0013/6080/136080v2-max-150x150.jpg"],
      [[250,
        144],
       "http://api-images.crunchbase.com/assets/images/resized/0013/6080/136080v2-max-250x250.jpg"],
      [[450,
        259],
       "http://api-images.crunchbase.com/assets/images/resized/0013/6080/136080v2-max-450x450.jpg"]],
    "attribution": null}],
 "external_links":
  [{"external_url": "http://www.3to30.com",
    "title": "Micro Jobs"}],
 "partners":
  []}
