{"name": "5000fish",
 "permalink": "5000fish",
 "crunchbase_url": "http://www.crunchbase.com/company/5000fish",
 "homepage_url": "http://www.5kfish.com",
 "blog_url": "http://www.yurbi.com/blog",
 "blog_feed_url": "http://feeds.feedburner.com/yurbi/QMXF",
 "twitter_username": "5000fish",
 "category_code": "software",
 "number_of_employees": 8,
 "founded_year": 2009,
 "founded_month": 8,
 "founded_day": null,
 "deadpooled_year": null,
 "deadpooled_month": null,
 "deadpooled_day": null,
 "deadpooled_url": null,
 "tag_list": "business-intelligence, data-integration, dashboards, bi, analytics, visualization",
 "alias_list": null,
 "email_address": "info@5kfish.com",
 "phone_number": "855-438-5000",
 "description": "Creator of Yurbi",
 "created_at": "Fri Apr 29 02:17:55 UTC 2011",
 "updated_at": "Thu May 05 00:44:59 UTC 2011",
 "overview": "\u003Cp\u003E5000fish is the company behind Yurbi, an enterprise business intelligence platform that allows organizations to access, integrate, and deliver data from multiple systems securely to the users who need it;  real-time and without requiring programming or database expertise.\u003C/p\u003E\n\n\u003Cp\u003EIn addition to Yurbi,  other 5000fish products include:\u003C/p\u003E\n\n\u003Cp\u003EYurbi Connect, a drag and drop process to automate the integration of application data, both on-premise and cloud based.\u003C/p\u003E\n\n\u003Cp\u003EMailSync, an Outlook Plug-In that lets Help Desk Analysts interact with live data from their Help Desk systems in Microsoft Outlook.\u003C/p\u003E",
 "image":
  {"available_sizes":
    [[[150,
       87],
      "http://api-images.crunchbase.com/assets/images/resized/0013/2501/132501v2-max-150x150.jpg"],
     [[250,
       146],
      "http://api-images.crunchbase.com/assets/images/resized/0013/2501/132501v2-max-250x250.jpg"],
     [[450,
       263],
      "http://api-images.crunchbase.com/assets/images/resized/0013/2501/132501v2-max-450x450.jpg"]],
   "attribution": null},
 "products":
  [],
 "relationships":
  [{"is_past": false,
    "title": "Founder and CEO",
    "person":
     {"first_name": "David",
      "last_name": "Ferguson",
      "permalink": "david-ferguson"}}],
 "competitions":
  [{"competitor":
     {"name": "Business Objects",
      "permalink": "business-objects-sa"}},
   {"competitor":
     {"name": "Cognos",
      "permalink": "cognos"}},
   {"competitor":
     {"name": "MicroStrategy",
      "permalink": "microstrategy"}},
   {"competitor":
     {"name": "oracle hyperion HFM or Entreprise",
      "permalink": "oracle-hyperion-hfm-or-entreprise"}}],
 "providerships":
  [],
 "total_money_raised": "$0",
 "funding_rounds":
  [],
 "investments":
  [],
 "acquisition": null,
 "acquisitions":
  [],
 "offices":
  [{"description": "Headquarters",
    "address1": "2850 W Horizon Ridge Parkway",
    "address2": "Suite 200",
    "zip_code": "89052",
    "city": "Henderson",
    "state_code": "NV",
    "country_code": "USA",
    "latitude": null,
    "longitude": null},
   {"description": "East Coast",
    "address1": "1801 Robert Fulton Drive",
    "address2": "Suite 555",
    "zip_code": "20191",
    "city": "Reston",
    "state_code": "NV",
    "country_code": "USA",
    "latitude": null,
    "longitude": null}],
 "milestones":
  [],
 "ipo": null,
 "video_embeds":
  [],
 "screenshots":
  [{"available_sizes":
     [[[150,
        79],
       "http://api-images.crunchbase.com/assets/images/resized/0013/2498/132498v2-max-150x150.png"],
      [[250,
        131],
       "http://api-images.crunchbase.com/assets/images/resized/0013/2498/132498v2-max-250x250.png"],
      [[450,
        237],
       "http://api-images.crunchbase.com/assets/images/resized/0013/2498/132498v2-max-450x450.png"]],
    "attribution": null},
   {"available_sizes":
     [[[150,
        79],
       "http://api-images.crunchbase.com/assets/images/resized/0013/2499/132499v2-max-150x150.png"],
      [[250,
        131],
       "http://api-images.crunchbase.com/assets/images/resized/0013/2499/132499v2-max-250x250.png"],
      [[450,
        237],
       "http://api-images.crunchbase.com/assets/images/resized/0013/2499/132499v2-max-450x450.png"]],
    "attribution": null},
   {"available_sizes":
     [[[150,
        79],
       "http://api-images.crunchbase.com/assets/images/resized/0013/2500/132500v2-max-150x150.png"],
      [[250,
        131],
       "http://api-images.crunchbase.com/assets/images/resized/0013/2500/132500v2-max-250x250.png"],
      [[450,
        237],
       "http://api-images.crunchbase.com/assets/images/resized/0013/2500/132500v2-max-450x450.png"]],
    "attribution": null}],
 "external_links":
  [{"external_url": "http://www.yurbi.com",
    "title": "Yurbi"}],
 "partners":
  []}
