{"name": "55",
 "permalink": "55",
 "crunchbase_url": "http://www.crunchbase.com/company/55",
 "homepage_url": "http://www.fifty-five.com",
 "blog_url": "",
 "blog_feed_url": "",
 "twitter_username": "55fiftyfive55",
 "category_code": "consulting",
 "number_of_employees": 30,
 "founded_year": 2010,
 "founded_month": 2,
 "founded_day": 10,
 "deadpooled_year": null,
 "deadpooled_month": null,
 "deadpooled_day": null,
 "deadpooled_url": null,
 "tag_list": "",
 "alias_list": null,
 "email_address": "contact@fifty-five.com",
 "phone_number": " +33 (0)1 71 18 23 74",
 "description": "Business Analytics Marketing",
 "created_at": "Thu Jul 07 09:21:51 UTC 2011",
 "updated_at": "Thu Jul 07 14:26:06 UTC 2011",
 "overview": "\u003Cp\u003Efifty-five is a company specialised in Business Analytics Marketing. Its mission is to increase the performance of advertisers\u00e2\u20ac\u2122 internet channel, all the way from acquisition to retention. fifty-five\u00e2\u20ac\u2122s approach is thoroughly data-driven and customer-centric. Through the set up and delivery of insightful dashboards to monitor site performance and obtain a perfect understanding of user behaviour, fifty-five provides strategic, tactical and operational recommendations and extends its mission to assisting in their successful implementation.\u003C/p\u003E",
 "image": null,
 "products":
  [],
 "relationships":
  [{"is_past": false,
    "title": "CEO",
    "person":
     {"first_name": "Mats",
      "last_name": "Carduner",
      "permalink": "mats-carduner"}},
   {"is_past": false,
    "title": "Managing Director, Sales Development \u0026 Staffing",
    "person":
     {"first_name": "Nicolas",
      "last_name": "Beauchesne",
      "permalink": "nicolas-beauchesne"}},
   {"is_past": false,
    "title": "Managing Director, Product \u0026 Operations",
    "person":
     {"first_name": "Arnaud",
      "last_name": "Massonnie",
      "permalink": "arnaud-massonnie"}},
   {"is_past": false,
    "title": "Director, Data Insights \u0026 Analytics",
    "person":
     {"first_name": "Alan",
      "last_name": "Boydell",
      "permalink": "alan-boydell"}},
   {"is_past": false,
    "title": "Managing Director, Sales Development \u0026 Partnerships",
    "person":
     {"first_name": "Jean",
      "last_name": "Neltner",
      "permalink": "jean-neltner"}}],
 "competitions":
  [],
 "providerships":
  [],
 "total_money_raised": "$0",
 "funding_rounds":
  [],
 "investments":
  [],
 "acquisition": null,
 "acquisitions":
  [],
 "offices":
  [{"description": "55 SAS",
    "address1": "6 rue de Lisbonne",
    "address2": "",
    "zip_code": "75008",
    "city": "Paris",
    "state_code": null,
    "country_code": "FRA",
    "latitude": null,
    "longitude": null}],
 "milestones":
  [],
 "ipo": null,
 "video_embeds":
  [],
 "screenshots":
  [],
 "external_links":
  [],
 "partners":
  []}
