{"name": "5conditions.com",
 "permalink": "5conditions-com",
 "crunchbase_url": "http://www.crunchbase.com/company/5conditions-com",
 "homepage_url": "http://www.5conditions.com",
 "blog_url": "",
 "blog_feed_url": "",
 "twitter_username": "5conditions",
 "category_code": "web",
 "number_of_employees": null,
 "founded_year": 2010,
 "founded_month": 11,
 "founded_day": 29,
 "deadpooled_year": null,
 "deadpooled_month": null,
 "deadpooled_day": null,
 "deadpooled_url": null,
 "tag_list": "party, social-networking, dating, hangout, deals",
 "alias_list": null,
 "email_address": "info@5conditions.com",
 "phone_number": "",
 "description": "Social life on your terms",
 "created_at": "Wed May 04 04:27:31 UTC 2011",
 "updated_at": "Sat May 07 14:37:31 UTC 2011",
 "overview": "\u003Cp\u003E5conditions.com\u0026#8217;s unique paring platform is the most straightforward way to get more from your social life on your terms.\n    5conditions puts the user in control, so the user can make of it what they want. Be it looking for someone just to hangout, a date, go dancing, grab a beer, meet new people and a lot more, just post a request and set the conditions for who you want. Then the user gets to choose who he wants to communicate with from all who accepted his conditions. Also users are offered deals if they decide to visit some participating businesses to hangout.\u003C/p\u003E",
 "image":
  {"available_sizes":
    [[[150,
       80],
      "http://api-images.crunchbase.com/assets/images/resized/0013/3532/133532v2-max-150x150.jpg"],
     [[250,
       134],
      "http://api-images.crunchbase.com/assets/images/resized/0013/3532/133532v2-max-250x250.jpg"],
     [[450,
       242],
      "http://api-images.crunchbase.com/assets/images/resized/0013/3532/133532v2-max-450x450.jpg"]],
   "attribution": null},
 "products":
  [],
 "relationships":
  [],
 "competitions":
  [{"competitor":
     {"name": "Facebook",
      "permalink": "facebook"}},
   {"competitor":
     {"name": "LivingSocial",
      "permalink": "livingsocial"}},
   {"competitor":
     {"name": "Meetup",
      "permalink": "meetup"}}],
 "providerships":
  [],
 "total_money_raised": "$0",
 "funding_rounds":
  [],
 "investments":
  [],
 "acquisition": null,
 "acquisitions":
  [],
 "offices":
  [],
 "milestones":
  [],
 "ipo": null,
 "video_embeds":
  [],
 "screenshots":
  [{"available_sizes":
     [[[150,
        65],
       "http://api-images.crunchbase.com/assets/images/resized/0013/3533/133533v2-max-150x150.jpg"],
      [[250,
        108],
       "http://api-images.crunchbase.com/assets/images/resized/0013/3533/133533v2-max-250x250.jpg"],
      [[450,
        195],
       "http://api-images.crunchbase.com/assets/images/resized/0013/3533/133533v2-max-450x450.jpg"]],
    "attribution": null}],
 "external_links":
  [],
 "partners":
  []}
