{"name": "7 Spain Golf Holidays",
 "permalink": "7-spain-golf-holidays",
 "crunchbase_url": "http://www.crunchbase.com/company/7-spain-golf-holidays",
 "homepage_url": "http://www.7spain.co.uk",
 "blog_url": "",
 "blog_feed_url": "",
 "twitter_username": "7spain",
 "category_code": "other",
 "number_of_employees": null,
 "founded_year": null,
 "founded_month": null,
 "founded_day": null,
 "deadpooled_year": null,
 "deadpooled_month": null,
 "deadpooled_day": null,
 "deadpooled_url": null,
 "tag_list": "golf, holidays, spain",
 "alias_list": null,
 "email_address": "",
 "phone_number": "",
 "description": "Golf Holidays in Spain",
 "created_at": "Tue May 10 11:25:32 UTC 2011",
 "updated_at": "Sat May 14 15:13:28 UTC 2011",
 "overview": "\u003Cp\u003EOnline shop for Golf Holidays in Spain\u003C/p\u003E",
 "image":
  {"available_sizes":
    [[[114,
       114],
      "http://api-images.crunchbase.com/assets/images/resized/0013/4540/134540v2-max-150x150.png"],
     [[114,
       114],
      "http://api-images.crunchbase.com/assets/images/resized/0013/4540/134540v2-max-250x250.png"],
     [[114,
       114],
      "http://api-images.crunchbase.com/assets/images/resized/0013/4540/134540v2-max-450x450.png"]],
   "attribution": null},
 "products":
  [],
 "relationships":
  [],
 "competitions":
  [],
 "providerships":
  [],
 "total_money_raised": "$0",
 "funding_rounds":
  [],
 "investments":
  [],
 "acquisition": null,
 "acquisitions":
  [],
 "offices":
  [],
 "milestones":
  [],
 "ipo": null,
 "video_embeds":
  [],
 "screenshots":
  [],
 "external_links":
  [],
 "partners":
  []}
