{"name": "72Lux",
 "permalink": "72lux",
 "crunchbase_url": "http://www.crunchbase.com/company/72lux",
 "homepage_url": "http://72Lux.com",
 "blog_url": "http://blog.72lux.com",
 "blog_feed_url": "",
 "twitter_username": "72LuxCEO",
 "category_code": "software",
 "number_of_employees": 6,
 "founded_year": 2011,
 "founded_month": 10,
 "founded_day": null,
 "deadpooled_year": null,
 "deadpooled_month": null,
 "deadpooled_day": null,
 "deadpooled_url": null,
 "tag_list": "mcommerce, ecommerce, advertising, e-commerce, saas, universal-checkout, heather-marie, 72lux-founder, fashion, consumer, digital-publishers",
 "alias_list": "",
 "email_address": "assist@72lux.com",
 "phone_number": "",
 "description": "universal checkout and end-to-end ecom",
 "created_at": "Mon May 23 18:44:34 UTC 2011",
 "updated_at": "Mon Apr 14 02:07:12 UTC 2014",
 "overview": "\u003Cp\u003E72Lux is a software as a service company. 72Lux\u2019s technology enables digital publishers to sell the products featured on their websites without the user ever clicking off their site.\u003C/p\u003E\n\n\u003Cp\u003EThe products, from multiple retailers, are sold via a single, white-label checkout, allowing users to conveniently checkout wherever they find a product.\u003C/p\u003E\n\n\u003Cp\u003EWith a signed publishing network of over 75 million monthly unique visitors, the 72Lux platform is robust enough to power the largest publisher sites in the US, yet intuitive enough to be used by non-technical editorial personal. Based on the editorial content being displayed, the site easily curate and promote products within their editorial while allowing the checkout to take place on their website. 72Lux\u0026#8217;s Shoppable technology is the solution to publishers challenges and in the heart of industries ripe for disruption.\u003C/p\u003E",
 "image":
  {"available_sizes":
    [[[150,
       63],
      "http://api-images.crunchbase.com/assets/images/resized/0013/6000/136000v8-max-150x150.png"],
     [[250,
       105],
      "http://api-images.crunchbase.com/assets/images/resized/0013/6000/136000v8-max-250x250.png"],
     [[450,
       189],
      "http://api-images.crunchbase.com/assets/images/resized/0013/6000/136000v8-max-450x450.png"]],
   "attribution": null},
 "products":
  [],
 "relationships":
  [{"is_past": false,
    "title": "Founder \u0026 CEO",
    "person":
     {"first_name": "Heather",
      "last_name": "Marie",
      "permalink": "heather-marie"}},
   {"is_past": false,
    "title": "Vice President of Engineering \u0026 Technology",
    "person":
     {"first_name": "Robert",
      "last_name": "Waite",
      "permalink": "robert-waite"}},
   {"is_past": false,
    "title": "Developer",
    "person":
     {"first_name": "Vivek",
      "last_name": "Dhar",
      "permalink": "vivek-dhar"}},
   {"is_past": false,
    "title": "Sales \u0026 Account Management",
    "person":
     {"first_name": "Amanda",
      "last_name": "Vogt",
      "permalink": "amanda-vogt"}},
   {"is_past": false,
    "title": "Developer",
    "person":
     {"first_name": "John",
      "last_name": "Wei",
      "permalink": "john-wei-2"}},
   {"is_past": true,
    "title": "CTO \u0026 Founder",
    "person":
     {"first_name": "Mike",
      "last_name": "Melnicki",
      "permalink": "mike-melnicki"}},
   {"is_past": true,
    "title": "Developer",
    "person":
     {"first_name": "Joe",
      "last_name": "Ekiert",
      "permalink": "joe-ekiert"}}],
 "competitions":
  [],
 "providerships":
  [],
 "total_money_raised": "$1.4M",
 "funding_rounds":
  [{"id": 43765,
    "round_code": "seed",
    "source_url": "",
    "source_description": "",
    "raised_amount": 1400000.0,
    "raised_currency_code": "USD",
    "funded_year": 2012,
    "funded_month": 9,
    "funded_day": 1,
    "investments":
     []}],
 "investments":
  [],
 "acquisition": null,
 "acquisitions":
  [],
 "offices":
  [{"description": "72Lux Inc",
    "address1": "349 5th Avenue",
    "address2": "",
    "zip_code": "10016",
    "city": "New York City",
    "state_code": "NY",
    "country_code": "USA",
    "latitude": null,
    "longitude": null}],
 "milestones":
  [{"id": 18636,
    "description": "72Lux launches the \"My Personal Shopper\" tool",
    "stoned_year": 2011,
    "stoned_month": 8,
    "stoned_day": 15,
    "source_url": "",
    "source_text": null,
    "source_description": "",
    "stoneable_type": "Company",
    "stoned_value": null,
    "stoned_value_type": null,
    "stoned_acquirer": null,
    "stoneable":
     {"name": "72Lux",
      "permalink": "72lux"}},
   {"id": 18637,
    "description": "72Lux is accepted into the 500 Startups Accelerator in Mountain View, CA",
    "stoned_year": 2011,
    "stoned_month": 10,
    "stoned_day": 7,
    "source_url": "",
    "source_text": null,
    "source_description": "",
    "stoneable_type": "Company",
    "stoned_value": null,
    "stoned_value_type": null,
    "stoned_acquirer": null,
    "stoneable":
     {"name": "72Lux",
      "permalink": "72lux"}},
   {"id": 18638,
    "description": "72Lux is selected to participate in the First Growth Venture Network in New York City.",
    "stoned_year": 2011,
    "stoned_month": 10,
    "stoned_day": 12,
    "source_url": "http://www.firstgrowthvn.com/",
    "source_text": null,
    "source_description": "",
    "stoneable_type": "Company",
    "stoned_value": null,
    "stoned_value_type": null,
    "stoned_acquirer": null,
    "stoneable":
     {"name": "72Lux",
      "permalink": "72lux"}},
   {"id": 23229,
    "description": "72Lux Announces New Integrated Checkout SaaS",
    "stoned_year": 2012,
    "stoned_month": 1,
    "stoned_day": 20,
    "source_url": "http://techcrunch.com/2011/12/15/500-startups-backed-72lux-wants-to-help-turn-your-site-into-an-ecommerce-platform/",
    "source_text": null,
    "source_description": "",
    "stoneable_type": "Company",
    "stoned_value": null,
    "stoned_value_type": null,
    "stoned_acquirer": null,
    "stoneable":
     {"name": "72Lux",
      "permalink": "72lux"}},
   {"id": 23671,
    "description": "72Lux named on Entrepreneur Magazine's Top 100 Brilliant Companies for 2012",
    "stoned_year": 2012,
    "stoned_month": 5,
    "stoned_day": 29,
    "source_url": "http://www.entrepreneur.com/100brilliantcompanies",
    "source_text": null,
    "source_description": "",
    "stoneable_type": "Company",
    "stoned_value": null,
    "stoned_value_type": null,
    "stoned_acquirer": null,
    "stoneable":
     {"name": "72Lux",
      "permalink": "72lux"}},
   {"id": 23805,
    "description": "Mike Melnicki joins as CTO",
    "stoned_year": 2012,
    "stoned_month": 6,
    "stoned_day": 1,
    "source_url": "",
    "source_text": null,
    "source_description": "",
    "stoneable_type": "Company",
    "stoned_value": null,
    "stoned_value_type": null,
    "stoned_acquirer": null,
    "stoneable":
     {"name": "72Lux",
      "permalink": "72lux"}},
   {"id": 28157,
    "description": "72Lux Launches Platform with The Wall Street Journal",
    "stoned_year": 2012,
    "stoned_month": 11,
    "stoned_day": 27,
    "source_url": "http://adage.com/article/media/wall-street-journal-launches-shoppable-gift-guide/238474/",
    "source_text": null,
    "source_description": "Wall Street Journal's Shoppable Gift Guide a New Start for E-Commerce Push",
    "stoneable_type": "Company",
    "stoned_value": null,
    "stoned_value_type": null,
    "stoned_acquirer": null,
    "stoneable":
     {"name": "72Lux",
      "permalink": "72lux"}},
   {"id": 32621,
    "description": "72Lux Launches Their Shoppable (TM) Technology on Time Inc's Essence Magazine",
    "stoned_year": 2013,
    "stoned_month": 4,
    "stoned_day": 11,
    "source_url": "http://www.essence.com",
    "source_text": null,
    "source_description": "",
    "stoneable_type": "Company",
    "stoned_value": null,
    "stoned_value_type": null,
    "stoned_acquirer": null,
    "stoneable":
     {"name": "72Lux",
      "permalink": "72lux"}},
   {"id": 32667,
    "description": "Teen Vogue Announces 72Lux Will be Powering Their Back-to-School Shoppable Editorial ",
    "stoned_year": 2013,
    "stoned_month": 4,
    "stoned_day": 12,
    "source_url": "http://www.wwd.com/media-news/fashion-memopad/teen-vogue-pumps-up-back-to-school-saturday-6890189?module=Media-Memo%20Pad-third",
    "source_text": null,
    "source_description": "een Vogue Pumps Up Back-to-School Saturday (with 72Lux)",
    "stoneable_type": "Company",
    "stoned_value": null,
    "stoned_value_type": null,
    "stoned_acquirer": null,
    "stoneable":
     {"name": "72Lux",
      "permalink": "72lux"}},
   {"id": 32757,
    "description": " App to Try: Essence Magazine\u2019s New Beauty Matchmaker powered by 72Lux",
    "stoned_year": 2013,
    "stoned_month": 4,
    "stoned_day": 14,
    "source_url": "http://news.instyle.com/2013/04/11/essence-beauty-matchmaker/",
    "source_text": null,
    "source_description": "App to Try: Essence Magazine\u2019s New Beauty Matchmaker",
    "stoneable_type": "Company",
    "stoned_value": null,
    "stoned_value_type": null,
    "stoned_acquirer": null,
    "stoneable":
     {"name": "72Lux",
      "permalink": "72lux"}},
   {"id": 32758,
    "description": "More Magazines Add 72Lux Online Shopping Carts",
    "stoned_year": 2013,
    "stoned_month": 4,
    "stoned_day": 15,
    "source_url": "http://mashable.com/2013/04/14/shopping-carts/",
    "source_text": null,
    "source_description": "'Teen Vogue,' 'Essence' Magazines Add 72Lux Online Shopping Carts",
    "stoneable_type": "Company",
    "stoned_value": null,
    "stoned_value_type": null,
    "stoned_acquirer": null,
    "stoneable":
     {"name": "72Lux",
      "permalink": "72lux"}},
   {"id": 37174,
    "description": "Awarded the L'Oreal Women in Digital Next Generation Award ",
    "stoned_year": 2013,
    "stoned_month": 7,
    "stoned_day": 17,
    "source_url": "http://lorealwomenindigital.com/awards/",
    "source_text": null,
    "source_description": "L\u2019OR\u00c9AL NAMES TOP 3 GROUNDBREAKING DIGITAL COMPANIES LED BY WOMEN",
    "stoneable_type": "Company",
    "stoned_value": null,
    "stoned_value_type": null,
    "stoned_acquirer": null,
    "stoneable":
     {"name": "72Lux",
      "permalink": "72lux"}},
   {"id": 37175,
    "description": "Teen Vogue Launches Ecommerce powered by 72Lux",
    "stoned_year": 2013,
    "stoned_month": 4,
    "stoned_day": 11,
    "source_url": "http://www.wwd.com/media-news/fashion-memopad/teen-vogue-pumps-up-back-to-school-saturday-6890189?src=twitter/share",
    "source_text": null,
    "source_description": "TEEN VOGUE PUMPS UP BACK-TO-SCHOOL SATURDAY",
    "stoneable_type": "Company",
    "stoned_value": null,
    "stoned_value_type": null,
    "stoned_acquirer": null,
    "stoneable":
     {"name": "72Lux",
      "permalink": "72lux"}},
   {"id": 39347,
    "description": "72Lux announces launch of self-serve platform for merchants",
    "stoned_year": 2013,
    "stoned_month": 9,
    "stoned_day": 5,
    "source_url": "http://www.xconomy.com/new-york/2013/09/05/72lux-unwraps-new-platform-scale-online-merchants/",
    "source_text": null,
    "source_description": "72Lux Unwraps New Platform to Scale Up With More Online Merchants",
    "stoneable_type": "Company",
    "stoned_value": null,
    "stoned_value_type": null,
    "stoned_acquirer": null,
    "stoneable":
     {"name": "72Lux",
      "permalink": "72lux"}},
   {"id": 42310,
    "description": "72Lux Announces Shoppable Platform Expansion with Blogger, Startup, and Small Business Self-Serve Platform",
    "stoned_year": 2013,
    "stoned_month": 11,
    "stoned_day": 7,
    "source_url": "http://www.businessoffashion.com/2013/11/bof-exclusive-72lux-opens-content-monetisation-platform-to-bloggers-and-startups.html",
    "source_text": null,
    "source_description": "72Lux Opens Content Monetisation Platform to Bloggers and Startups",
    "stoneable_type": "Company",
    "stoned_value": null,
    "stoned_value_type": null,
    "stoned_acquirer": null,
    "stoneable":
     {"name": "72Lux",
      "permalink": "72lux"}},
   {"id": 46217,
    "description": "Bradford Shellhammer, co-founder of Fab.com joins 72Lux Advisory Board",
    "stoned_year": 2014,
    "stoned_month": 1,
    "stoned_day": 22,
    "source_url": "http://www.businessinsider.com/bradford-shellhammers-next-move-2014-1",
    "source_text": null,
    "source_description": "Bradford Shellhammer's Next Move",
    "stoneable_type": "Company",
    "stoned_value": null,
    "stoned_value_type": null,
    "stoned_acquirer": null,
    "stoneable":
     {"name": "72Lux",
      "permalink": "72lux"}}],
 "ipo": null,
 "video_embeds":
  [{"embed_code": "\u003Ciframe src=\"http://player.vimeo.com/video/47863754\" width=\"420\" height=\"270\" frameborder=\"0\" webkitAllowFullScreen mozallowfullscreen allowFullScreen\u003E\u003C/iframe\u003E \u003Cp\u003E\u003Ca href=\"http://vimeo.com/47863754\"\u003E72Lux Company Promo Video\u003C/a\u003E from \u003Ca href=\"http://vimeo.com/72lux\"\u003E72Lux\u003C/a\u003E on \u003Ca href=\"http://vimeo.com\"\u003EVimeo\u003C/a\u003E.\u003C/p\u003E",
    "description": "\u003Cp\u003E72Lux Promo Video\u003C/p\u003E"}],
 "screenshots":
  [{"available_sizes":
     [[[150,
        80],
       "http://api-images.crunchbase.com/assets/images/resized/0022/2629/222629v2-max-150x150.jpg"],
      [[250,
        134],
       "http://api-images.crunchbase.com/assets/images/resized/0022/2629/222629v2-max-250x250.jpg"],
      [[450,
        242],
       "http://api-images.crunchbase.com/assets/images/resized/0022/2629/222629v2-max-450x450.jpg"]],
    "attribution": null},
   {"available_sizes":
     [[[150,
        112],
       "http://api-images.crunchbase.com/assets/images/resized/0022/3990/223990v3-max-150x150.jpg"],
      [[250,
        187],
       "http://api-images.crunchbase.com/assets/images/resized/0022/3990/223990v3-max-250x250.jpg"],
      [[450,
        337],
       "http://api-images.crunchbase.com/assets/images/resized/0022/3990/223990v3-max-450x450.jpg"]],
    "attribution": null},
   {"available_sizes":
     [[[150,
        93],
       "http://api-images.crunchbase.com/assets/images/resized/0029/5850/295850v3-max-150x150.png"],
      [[250,
        156],
       "http://api-images.crunchbase.com/assets/images/resized/0029/5850/295850v3-max-250x250.png"],
      [[450,
        281],
       "http://api-images.crunchbase.com/assets/images/resized/0029/5850/295850v3-max-450x450.png"]],
    "attribution": null},
   {"available_sizes":
     [[[150,
        98],
       "http://api-images.crunchbase.com/assets/images/resized/0035/4823/354823v3-max-150x150.png"],
      [[250,
        163],
       "http://api-images.crunchbase.com/assets/images/resized/0035/4823/354823v3-max-250x250.png"],
      [[450,
        294],
       "http://api-images.crunchbase.com/assets/images/resized/0035/4823/354823v3-max-450x450.png"]],
    "attribution": null}],
 "external_links":
  [],
 "partners":
  [{"partner_name": "angel_list",
    "homepage_url": "http://www.72Lux.com",
    "link_1_url": "https://angel.co/72lux",
    "link_2_url": "https://angel.co/72lux/jobs?utc_source=crunchbase\u0026amp;utm_campaign=crunchbase\u0026amp;utm_content=jobs\u0026amp;utm_medium=link\u0026amp;utm_term=72lux",
    "link_3_url": null,
    "link_1_name": "AngelList Page",
    "link_2_name": "Hiring: Software Developer",
    "link_3_name": null}]}
