{"name": "A-Gas",
 "permalink": "a-gas",
 "crunchbase_url": "http://www.crunchbase.com/company/a-gas",
 "homepage_url": "http://www.agas.com",
 "blog_url": "",
 "blog_feed_url": "",
 "twitter_username": null,
 "category_code": "cleantech",
 "number_of_employees": null,
 "founded_year": null,
 "founded_month": null,
 "founded_day": null,
 "deadpooled_year": null,
 "deadpooled_month": null,
 "deadpooled_day": null,
 "deadpooled_url": null,
 "tag_list": "",
 "alias_list": "",
 "email_address": "",
 "phone_number": "44-117-906-9800",
 "description": "",
 "created_at": "Thu Apr 21 11:42:22 UTC 2011",
 "updated_at": "Wed Feb 12 01:26:28 UTC 2014",
 "overview": "\u003Cp\u003EA-Gas International Holdings Limited is the leading independent global specialist blender, re-packer and distributor of specialty gases and chemicals to the refrigeration and insulation foam industries, primarily focusing on environmentally acceptable replacement products for chlorofluorocarbon (\u0026#8220;CFC\u0026#8221;\u009d) gases and liquids.\u003C/p\u003E",
 "image":
  {"available_sizes":
    [[[150,
       50],
      "http://api-images.crunchbase.com/assets/images/resized/0013/1477/131477v1-max-150x150.jpg"],
     [[168,
       57],
      "http://api-images.crunchbase.com/assets/images/resized/0013/1477/131477v1-max-250x250.jpg"],
     [[168,
       57],
      "http://api-images.crunchbase.com/assets/images/resized/0013/1477/131477v1-max-450x450.jpg"]],
   "attribution": null},
 "products":
  [],
 "relationships":
  [],
 "competitions":
  [],
 "providerships":
  [],
 "total_money_raised": "\u00a370M",
 "funding_rounds":
  [{"id": 22596,
    "round_code": "private_equity",
    "source_url": "http://www.finsmes.com/2011/04/gas-secures-70m-investment-from-ldc.html",
    "source_description": "A-Gas Secures \u00c2\u00a370M Investment from LDC",
    "raised_amount": 70000000.0,
    "raised_currency_code": "GBP",
    "funded_year": 2011,
    "funded_month": 4,
    "funded_day": 21,
    "investments":
     [{"company": null,
       "financial_org":
        {"name": "LDC",
         "permalink": "ldc"},
       "person": null}]}],
 "investments":
  [],
 "acquisition": null,
 "acquisitions":
  [],
 "offices":
  [{"description": "",
    "address1": "Clifton Heights, Triangle West",
    "address2": "",
    "zip_code": "BS8 1EJ",
    "city": "Bristol",
    "state_code": null,
    "country_code": "GBR",
    "latitude": null,
    "longitude": null}],
 "milestones":
  [],
 "ipo": null,
 "video_embeds":
  [],
 "screenshots":
  [{"available_sizes":
     [[[150,
        138],
       "http://api-images.crunchbase.com/assets/images/resized/0013/1478/131478v1-max-150x150.jpg"],
      [[250,
        230],
       "http://api-images.crunchbase.com/assets/images/resized/0013/1478/131478v1-max-250x250.jpg"],
      [[450,
        414],
       "http://api-images.crunchbase.com/assets/images/resized/0013/1478/131478v1-max-450x450.jpg"]],
    "attribution": null}],
 "external_links":
  [],
 "partners":
  []}
