{"name": "A.M. Fitzgerald \u0026 Associates",
 "permalink": "a-m-fitzgerald-associates",
 "crunchbase_url": "http://www.crunchbase.com/company/a-m-fitzgerald-associates",
 "homepage_url": "http://www.amfitzgerald.com",
 "blog_url": "",
 "blog_feed_url": "",
 "twitter_username": null,
 "category_code": "consulting",
 "number_of_employees": 7,
 "founded_year": 2003,
 "founded_month": null,
 "founded_day": null,
 "deadpooled_year": null,
 "deadpooled_month": null,
 "deadpooled_day": null,
 "deadpooled_url": null,
 "tag_list": "mems, mems-consulting, mems-product-development, mems-engineering, mems-design, mems-fabrication, mems-analysis, mems-modeling, mems-services, foundry-technology-transfer, silicon-microsystems, silicon-fracture",
 "alias_list": null,
 "email_address": "info@amfitzgerald.com",
 "phone_number": "+16503476367",
 "description": "MEMS Product Development",
 "created_at": "Thu Jun 23 14:55:50 UTC 2011",
 "updated_at": "Thu Jun 23 18:48:57 UTC 2011",
 "overview": "",
 "image":
  {"available_sizes":
    [[[150,
       19],
      "http://api-images.crunchbase.com/assets/images/resized/0014/0703/140703v2-max-150x150.jpg"],
     [[250,
       31],
      "http://api-images.crunchbase.com/assets/images/resized/0014/0703/140703v2-max-250x250.jpg"],
     [[450,
       57],
      "http://api-images.crunchbase.com/assets/images/resized/0014/0703/140703v2-max-450x450.jpg"]],
   "attribution": null},
 "products":
  [],
 "relationships":
  [{"is_past": false,
    "title": "Founder and Managing Member",
    "person":
     {"first_name": "Alissa",
      "last_name": "M. Fitzgerald",
      "permalink": "alissa-m-fitzgerald"}}],
 "competitions":
  [{"competitor":
     {"name": "Volant Technologies",
      "permalink": "volant-technologies"}}],
 "providerships":
  [],
 "total_money_raised": "$0",
 "funding_rounds":
  [],
 "investments":
  [],
 "acquisition": null,
 "acquisitions":
  [],
 "offices":
  [{"description": "",
    "address1": "700 Airport Blvd, Ste 210",
    "address2": "",
    "zip_code": "94010",
    "city": "Burlingame",
    "state_code": "CA",
    "country_code": "USA",
    "latitude": null,
    "longitude": null}],
 "milestones":
  [],
 "ipo": null,
 "video_embeds":
  [],
 "screenshots":
  [],
 "external_links":
  [],
 "partners":
  []}
