{"name": "A\u0026M Entertainment",
 "permalink": "a-m-entertainment",
 "crunchbase_url": "http://www.crunchbase.com/company/a-m-entertainment",
 "homepage_url": "http://www.amentertainment.com",
 "blog_url": "http://www.amentertainment.com/blog",
 "blog_feed_url": "http://feeds.feedburner.com/AmEntertainment",
 "twitter_username": "amentertainment",
 "category_code": "advertising",
 "number_of_employees": 50,
 "founded_year": 1997,
 "founded_month": null,
 "founded_day": null,
 "deadpooled_year": null,
 "deadpooled_month": null,
 "deadpooled_day": null,
 "deadpooled_url": null,
 "tag_list": "entertainment, marketing, talent-representation, music-production, exclusive-djs, party-djs",
 "alias_list": null,
 "email_address": "",
 "phone_number": "(310) 295-4150",
 "description": "",
 "created_at": "Thu Feb 17 18:12:36 UTC 2011",
 "updated_at": "Sun Sep 16 01:12:01 UTC 2012",
 "overview": "\u003Cp\u003EA\u0026amp;M Entertainment is an International talent representation, marketing and entertainment group founded in 1997. \u003C/p\u003E\n\n\u003Cp\u003EIn the years of our existence we have established a unique and strong business network within the entertainment industry representing a diverse roster of event properties, consumer brands, Grammy Award winning artists and Multi-platinum selling producers and DJs.\u003C/p\u003E",
 "image":
  {"available_sizes":
    [[[150,
       55],
      "http://api-images.crunchbase.com/assets/images/resized/0012/2636/122636v2-max-150x150.jpg"],
     [[250,
       92],
      "http://api-images.crunchbase.com/assets/images/resized/0012/2636/122636v2-max-250x250.jpg"],
     [[450,
       166],
      "http://api-images.crunchbase.com/assets/images/resized/0012/2636/122636v2-max-450x450.jpg"]],
   "attribution": null},
 "products":
  [],
 "relationships":
  [{"is_past": false,
    "title": "Director/VP",
    "person":
     {"first_name": "Mike",
      "last_name": "Coates",
      "permalink": "mike-coates"}}],
 "competitions":
  [],
 "providerships":
  [],
 "total_money_raised": "$0",
 "funding_rounds":
  [],
 "investments":
  [],
 "acquisition": null,
 "acquisitions":
  [],
 "offices":
  [{"description": "Los Angeles",
    "address1": "8605 Santa Monica Blvd.",
    "address2": "",
    "zip_code": "90069",
    "city": "West Hollywood",
    "state_code": "CA",
    "country_code": "USA",
    "latitude": null,
    "longitude": null},
   {"description": "Houston",
    "address1": "13280 Northwest Fwy",
    "address2": "Suite F 328",
    "zip_code": "77040",
    "city": "Houston",
    "state_code": "TX",
    "country_code": "USA",
    "latitude": null,
    "longitude": null},
   {"description": "New York",
    "address1": "228 Park Ave. South",
    "address2": "",
    "zip_code": "10003",
    "city": "New York City",
    "state_code": "NY",
    "country_code": "USA",
    "latitude": null,
    "longitude": null}],
 "milestones":
  [],
 "ipo": null,
 "video_embeds":
  [],
 "screenshots":
  [{"available_sizes":
     [[[150,
        92],
       "http://api-images.crunchbase.com/assets/images/resized/0012/2635/122635v2-max-150x150.jpg"],
      [[250,
        154],
       "http://api-images.crunchbase.com/assets/images/resized/0012/2635/122635v2-max-250x250.jpg"],
      [[450,
        278],
       "http://api-images.crunchbase.com/assets/images/resized/0012/2635/122635v2-max-450x450.jpg"]],
    "attribution": null}],
 "external_links":
  [{"external_url": "http://www.amentertainment.com/about-us",
    "title": "About Us"},
   {"external_url": "http://www.amentertainment.com/our-services",
    "title": "Our Services"},
   {"external_url": "http://www.amentertainment.com/artist-booking",
    "title": "Artists"},
   {"external_url": "http://www.amentertainment.com/contact-us",
    "title": "Contact Us"}],
 "partners":
  []}
