{"name": "A3Logics India Limited",
 "permalink": "a3logics-india-limited",
 "crunchbase_url": "http://www.crunchbase.com/company/a3logics-india-limited",
 "homepage_url": "http://www.a3logics.com",
 "blog_url": "http://www.a3logicsblog.com",
 "blog_feed_url": "http://a3logicsblog.com/feed",
 "twitter_username": "a3logicsindia",
 "category_code": "software",
 "number_of_employees": 400,
 "founded_year": 2003,
 "founded_month": 5,
 "founded_day": 8,
 "deadpooled_year": null,
 "deadpooled_month": null,
 "deadpooled_day": null,
 "deadpooled_url": null,
 "tag_list": "custom-software-development, outsourcing, service-provider, technology-partner",
 "alias_list": null,
 "email_address": "info@a3logics.com",
 "phone_number": "0141-3260435",
 "description": "IT Consultency Firm",
 "created_at": "Sat May 28 03:11:47 UTC 2011",
 "updated_at": "Mon Apr 09 07:39:25 UTC 2012",
 "overview": "\u003Cp\u003EWe offer industry-specific solutions and integration services through a unique onsite, offsite, offshore delivery model that helps our clients achieve reduced \u0026#8220;time to market\u0026#8221; their products and world-class quality on-time in budget.\u003C/p\u003E\n\n\u003Cp\u003ESince 2003, A3Logics has gained its reputation by delivering quality services through delivering time critical solutions and continuously evolving through innovative delivery methods. We have a dedicated team of high-quality professionals who constantly work with diverse industrial players of varied sectors like biometrics, education, banking, media monitoring, retail, shipping \u0026amp; logistics etc.\u003C/p\u003E\n\n\u003Cp\u003EWe strive to build up innovative solutions for our patrons through advance technologies and enable them to compete successfully into their technical domains. Transparency \u0026amp; visibility in communication being our core policies where our clients always have the ownership in scrutiny of project status each time they work with us. Our back-up resource management gains its strength from the presence of 25 IT colleges in our vicinity and through our in-house domain training centres.\u003C/p\u003E\n\n\u003Cp\u003EWith constant innovation, we have made our physical presence in India, USA \u0026amp; Europe. Our services are not merely restricted to the big organizations but we cater solutions to small and medium scale enterprises too.\u003C/p\u003E\n\n\u003Cp\u003EAn ISO 9001:2008 certified conglomerate and Gold Certified Partner with Microsoft, we are also a member of honoured organizations like National Association of Software and Services Companies (NASSCOM), The Indus Entrepreneurs (TIE), Electronics \u0026amp; Computer Software Export Promotion council (ESC INDIA) and Software Technology Parks of India (STPI), which in turn provides reliability \u0026amp; assurance not only to our existing but prospective clients also.\u003C/p\u003E",
 "image":
  {"available_sizes":
    [[[150,
       68],
      "http://api-images.crunchbase.com/assets/images/resized/0013/6806/136806v2-max-150x150.jpg"],
     [[207,
       94],
      "http://api-images.crunchbase.com/assets/images/resized/0013/6806/136806v2-max-250x250.jpg"],
     [[207,
       94],
      "http://api-images.crunchbase.com/assets/images/resized/0013/6806/136806v2-max-450x450.jpg"]],
   "attribution": null},
 "products":
  [],
 "relationships":
  [{"is_past": false,
    "title": "President \u0026 CEO",
    "person":
     {"first_name": "Akhilesh",
      "last_name": "Sharma",
      "permalink": "akhilesh-sharma"}},
   {"is_past": true,
    "title": "User Interface Lead",
    "person":
     {"first_name": "Sauravh",
      "last_name": "Singh",
      "permalink": "sauravh-singh"}},
   {"is_past": true,
    "title": "Business Head | Web \u0026 Mobile",
    "person":
     {"first_name": "Khemchand",
      "last_name": "Joshi",
      "permalink": "khemchand-joshi"}}],
 "competitions":
  [],
 "providerships":
  [],
 "total_money_raised": "$0",
 "funding_rounds":
  [],
 "investments":
  [],
 "acquisition": null,
 "acquisitions":
  [],
 "offices":
  [{"description": "HQ",
    "address1": "H1-376, Sitapura Industrial Area",
    "address2": "Sitapura",
    "zip_code": "302022",
    "city": "Jaipur",
    "state_code": null,
    "country_code": "IND",
    "latitude": null,
    "longitude": null},
   {"description": "US Office",
    "address1": "A3logics Inc.",
    "address2": "39767, Paseo Padre Pkwy,Suite # C",
    "zip_code": "94538",
    "city": "Fremont",
    "state_code": "CA",
    "country_code": "USA",
    "latitude": null,
    "longitude": null},
   {"description": "INDIA BRANCH OFFICE",
    "address1": "M1-M2, Software building, EPIP Gate",
    "address2": "Sitapura Industrial Area",
    "zip_code": "302022",
    "city": "Jaipur",
    "state_code": null,
    "country_code": "IND",
    "latitude": null,
    "longitude": null},
   {"description": "HYDERABAD OFFICE",
    "address1": "L. B. Bhavan, Akashganga",
    "address2": "Somajiguda",
    "zip_code": "500082",
    "city": "Hyderabad",
    "state_code": null,
    "country_code": "IND",
    "latitude": null,
    "longitude": null}],
 "milestones":
  [],
 "ipo": null,
 "video_embeds":
  [],
 "screenshots":
  [],
 "external_links":
  [{"external_url": "http://www.facebook.com/A3Logics",
    "title": "A3Logics Facebook Fan Page"},
   {"external_url": "http://twitter.com/a3logicsindia",
    "title": "A3Logics Twitter Fan Page"}],
 "partners":
  []}
