{"name": "Aaris Internet Solutions Pvt Ltd",
 "permalink": "aaris-internet-solutions-pvt-ltd",
 "crunchbase_url": "http://www.crunchbase.com/company/aaris-internet-solutions-pvt-ltd",
 "homepage_url": "http://www.aarisindia.com",
 "blog_url": "",
 "blog_feed_url": "",
 "twitter_username": "aarisindia",
 "category_code": "advertising",
 "number_of_employees": null,
 "founded_year": 2011,
 "founded_month": null,
 "founded_day": null,
 "deadpooled_year": null,
 "deadpooled_month": null,
 "deadpooled_day": null,
 "deadpooled_url": null,
 "tag_list": "seo, ppc, social-media, web-promotion",
 "alias_list": "",
 "email_address": "sales@aarisindia.com",
 "phone_number": "02226733000",
 "description": "It is an SEO Company.",
 "created_at": "Mon Jun 06 09:12:32 UTC 2011",
 "updated_at": "Mon Apr 01 13:00:21 UTC 2013",
 "overview": "\u003Cp\u003EAaris India is one of the fastest growing Search and Social Media Marketing companies in India. The services offered at Aaris are; Search engine Optimization, Pay per Click Management and Social Media Marketing   - Consulting, Training \u0026amp; Execution.\nKaushal Gandhi, the founder,has implemented techniques in its services aim to bring the respective website to a top ranking on Google, improvement in its traffic, positive ROI on its Ads as well as comprehensive promotion on Social Media and Social Networking Websites.\u003Cbr/\u003E\nOver the last several years, search marketing has become an integral part of the success of a particular business. This company has dedicated itself to helping these businesses to integrate search marketing into their strategies. \u003C/p\u003E",
 "image":
  {"available_sizes":
    [[[150,
       32],
      "http://api-images.crunchbase.com/assets/images/resized/0024/6940/246940v1-max-150x150.jpg"],
     [[250,
       53],
      "http://api-images.crunchbase.com/assets/images/resized/0024/6940/246940v1-max-250x250.jpg"],
     [[322,
       69],
      "http://api-images.crunchbase.com/assets/images/resized/0024/6940/246940v1-max-450x450.jpg"]],
   "attribution": null},
 "products":
  [],
 "relationships":
  [],
 "competitions":
  [],
 "providerships":
  [],
 "total_money_raised": "$0",
 "funding_rounds":
  [],
 "investments":
  [],
 "acquisition": null,
 "acquisitions":
  [],
 "offices":
  [{"description": "",
    "address1": "The Link, 2nd Floor,",
    "address2": "Andheri Link Road, Andheri(w)",
    "zip_code": "400053",
    "city": "Mumbai",
    "state_code": null,
    "country_code": "IND",
    "latitude": null,
    "longitude": null}],
 "milestones":
  [],
 "ipo": null,
 "video_embeds":
  [],
 "screenshots":
  [],
 "external_links":
  [],
 "partners":
  []}
