{"name": "AAtengfei  Electron CO.,Ltd",
 "permalink": "aatengfei-electron-co-ltd",
 "crunchbase_url": "http://www.crunchbase.com/company/aatengfei-electron-co-ltd",
 "homepage_url": "http://www.gosehosp.com",
 "blog_url": "",
 "blog_feed_url": "",
 "twitter_username": null,
 "category_code": "ecommerce",
 "number_of_employees": null,
 "founded_year": 1999,
 "founded_month": 2,
 "founded_day": 21,
 "deadpooled_year": null,
 "deadpooled_month": null,
 "deadpooled_day": null,
 "deadpooled_url": null,
 "tag_list": "",
 "alias_list": null,
 "email_address": "gosehosp@msn.cn",
 "phone_number": "",
 "description": "eletronic items",
 "created_at": "Tue May 24 15:07:03 UTC 2011",
 "updated_at": "Fri May 27 13:57:28 UTC 2011",
 "overview": "\u003Cp\u003Eour company sells products including laptops, mobile phones, digital cameras, TV, LCD , XBOX , ps3,GPS ,MP3/4, etc.      www.gosehosp.com\u003C/p\u003E",
 "image":
  {"available_sizes":
    [[[150,
       49],
      "http://api-images.crunchbase.com/assets/images/resized/0013/6214/136214v2-max-150x150.jpg"],
     [[250,
       81],
      "http://api-images.crunchbase.com/assets/images/resized/0013/6214/136214v2-max-250x250.jpg"],
     [[278,
       91],
      "http://api-images.crunchbase.com/assets/images/resized/0013/6214/136214v2-max-450x450.jpg"]],
   "attribution": null},
 "products":
  [],
 "relationships":
  [],
 "competitions":
  [],
 "providerships":
  [],
 "total_money_raised": "$0",
 "funding_rounds":
  [],
 "investments":
  [],
 "acquisition": null,
 "acquisitions":
  [],
 "offices":
  [],
 "milestones":
  [],
 "ipo": null,
 "video_embeds":
  [],
 "screenshots":
  [],
 "external_links":
  [],
 "partners":
  []}
