{"name": "AB Tech Solution",
 "permalink": "ab-tech-solution",
 "crunchbase_url": "http://www.crunchbase.com/company/ab-tech-solution",
 "homepage_url": "http://www.ab-tech-solution.com",
 "blog_url": "",
 "blog_feed_url": "",
 "twitter_username": "abtechteam",
 "category_code": "consulting",
 "number_of_employees": 4,
 "founded_year": 2010,
 "founded_month": 10,
 "founded_day": 1,
 "deadpooled_year": null,
 "deadpooled_month": null,
 "deadpooled_day": null,
 "deadpooled_url": null,
 "tag_list": "embedded, firmware, software, fieldbus, hvac, robotics, medical-devices, sensors, industrial-automation, building-automation, green-energy-",
 "alias_list": null,
 "email_address": "info@ab-tech-solution.com",
 "phone_number": "603 560 7073",
 "description": "Electronic device development ",
 "created_at": "Sun Apr 17 11:59:51 UTC 2011",
 "updated_at": "Sun Apr 17 15:10:17 UTC 2011",
 "overview": "\u003Cp\u003EEngineers at AB Tech Solution are experts in the design of embedded systems. Our hardware and firmware engineers will work with your team or we will be your team to develop successful embedded systems for your customer. And we will do this all being on time and within your budget. We will help you select components, design the hardware, implement the necessary software or firmware, and will even design the printed circuit board or you.\u003C/p\u003E\n\n\u003Cp\u003EThe engineers at AB Tech Solution have experience in 8- to 32-bit microprocessors from all manufacturers. We have expertise in all major programming languages, especially languages like C and C++, and we can even design, if necessary, a PC-based program to complement or control your embedded design.\u003C/p\u003E",
 "image":
  {"available_sizes":
    [[[150,
       77],
      "http://api-images.crunchbase.com/assets/images/resized/0013/0897/130897v2-max-150x150.jpg"],
     [[233,
       121],
      "http://api-images.crunchbase.com/assets/images/resized/0013/0897/130897v2-max-250x250.jpg"],
     [[233,
       121],
      "http://api-images.crunchbase.com/assets/images/resized/0013/0897/130897v2-max-450x450.jpg"]],
   "attribution": null},
 "products":
  [],
 "relationships":
  [],
 "competitions":
  [],
 "providerships":
  [],
 "total_money_raised": "$0",
 "funding_rounds":
  [],
 "investments":
  [],
 "acquisition": null,
 "acquisitions":
  [],
 "offices":
  [{"description": "World Headquarters",
    "address1": "",
    "address2": "",
    "zip_code": "01886",
    "city": "Westford",
    "state_code": "MA",
    "country_code": "USA",
    "latitude": null,
    "longitude": null}],
 "milestones":
  [],
 "ipo": null,
 "video_embeds":
  [],
 "screenshots":
  [],
 "external_links":
  [],
 "partners":
  []}
