{"name": "ABC Computers",
 "permalink": "abc-computers",
 "crunchbase_url": "http://www.crunchbase.com/company/abc-computers",
 "homepage_url": "http://www.abc-computers.com",
 "blog_url": "http://www.abc-computers.com/news-events/blog/",
 "blog_feed_url": "",
 "twitter_username": "abccomputersinc",
 "category_code": "enterprise",
 "number_of_employees": 25,
 "founded_year": 1984,
 "founded_month": null,
 "founded_day": null,
 "deadpooled_year": null,
 "deadpooled_month": null,
 "deadpooled_day": null,
 "deadpooled_url": null,
 "tag_list": "microsoft-dynamics, software-services, computer-support",
 "alias_list": null,
 "email_address": "",
 "phone_number": "800-834-7700",
 "description": "Computer \u0026 Software Services",
 "created_at": "Mon Jul 18 18:37:15 UTC 2011",
 "updated_at": "Mon Jul 18 21:37:50 UTC 2011",
 "overview": "\u003Cp\u003EABC Computers is a Microsoft Gold Certified Partner, specializing in Microsoft Dynamics software implementation \u0026amp; support as well as ongoing computer support services. Based in the Midwest, U.S., ABC Computers has been helping businesses thrive by streamlining their operations and reducing IT costs.\u003C/p\u003E",
 "image": null,
 "products":
  [],
 "relationships":
  [],
 "competitions":
  [],
 "providerships":
  [],
 "total_money_raised": "$0",
 "funding_rounds":
  [],
 "investments":
  [],
 "acquisition": null,
 "acquisitions":
  [],
 "offices":
  [{"description": "Corporate Headquarters",
    "address1": "1990 Godfrey Drive",
    "address2": "PO Box 546",
    "zip_code": "54981",
    "city": "Waupaca",
    "state_code": "WI",
    "country_code": "USA",
    "latitude": null,
    "longitude": null}],
 "milestones":
  [],
 "ipo": null,
 "video_embeds":
  [],
 "screenshots":
  [],
 "external_links":
  [],
 "partners":
  []}
