{"name": "Abcam",
 "permalink": "abcam",
 "crunchbase_url": "http://www.crunchbase.com/company/abcam",
 "homepage_url": "http://abcam.com",
 "blog_url": "http://abcam.com/blog/",
 "blog_feed_url": "",
 "twitter_username": "abcam",
 "category_code": "biotech",
 "number_of_employees": 350,
 "founded_year": 1998,
 "founded_month": null,
 "founded_day": null,
 "deadpooled_year": null,
 "deadpooled_month": null,
 "deadpooled_day": null,
 "deadpooled_url": null,
 "tag_list": "antibody, antibodies, proteins, peptides, kits, reagents, events, biology",
 "alias_list": "",
 "email_address": "orders@abcam.com",
 "phone_number": "01223696000",
 "description": "Research tools for scientists",
 "created_at": "Mon Jul 25 09:12:03 UTC 2011",
 "updated_at": "Fri Nov 01 06:32:14 UTC 2013",
 "overview": "\u003Cp\u003EAbcam is a producer and distributor of high quality research-grade antibodies and associated proteomics research products; antibodies are essential tools for life scientists that enable them to analyse components of living cells at the molecular level.  \u003C/p\u003E\n\n\u003Cp\u003ESince it was founded in 1998 by Dr. Jonathan Milner, Abcam has enjoyed rapid growth and is widely accredited as a leading company in its industry, with annualized turnover in excess of \u00c2\u00a360 million and growing.  Headquartered in Cambridge (UK), Abcam has subsidiaries in Cambridge and Eugene (US), Tokyo (Japan) and Hong Kong (China), allowing them to serve a global customer base of over 75 countries.  Abcam revolutionized the buying of antibodies via its website and their online catalogue consists of tens of thousands of products, supported by hundreds of thousands of pages of accompanying data.  This includes a growing range of non-antibody products such as proteins, peptides, lysates, immunoassays and other kits, which will continue as the business expands in the broader protein detection and regulation market. \u003C/p\u003E\n\n\u003Cp\u003EA key component in the success of Abcam comes from the speed with which it can bring products to market and it\u00e2\u20ac\u2122s customer support efficiency.  This enables scientists to find products with specific characteristics quickly, thus speeding up the pace of research into important diseases like cancer and coronary heart disease.  Abcam\u00e2\u20ac\u2122s in-house expertise means they are able to source products and supplementary resources for the newest and fastest growing research areas such as Cancer, Cardiovascular, Chromatin, Immunology, Neuroscience and Stem Cells.\u003C/p\u003E",
 "image":
  {"available_sizes":
    [[[150,
       78],
      "http://api-images.crunchbase.com/assets/images/resized/0014/5901/145901v4-max-150x150.jpg"],
     [[220,
       115],
      "http://api-images.crunchbase.com/assets/images/resized/0014/5901/145901v4-max-250x250.jpg"],
     [[220,
       115],
      "http://api-images.crunchbase.com/assets/images/resized/0014/5901/145901v4-max-450x450.jpg"]],
   "attribution": null},
 "products":
  [],
 "relationships":
  [{"is_past": false,
    "title": "CEO",
    "person":
     {"first_name": "Jonathan",
      "last_name": "Milner",
      "permalink": "jonathan-milner"}},
   {"is_past": false,
    "title": "Sr. Independent Director",
    "person":
     {"first_name": "Peter",
      "last_name": "Keen",
      "permalink": "peter-keen"}}],
 "competitions":
  [],
 "providerships":
  [],
 "total_money_raised": "$78.8M",
 "funding_rounds":
  [{"id": 46446,
    "round_code": "private_equity",
    "source_url": "http://www.sec.gov/Archives/edgar/data/1492074/000149207412000006/xslFormDX01/primary_doc.xml",
    "source_description": "SEC",
    "raised_amount": 76999653.0,
    "raised_currency_code": "USD",
    "funded_year": 2012,
    "funded_month": 4,
    "funded_day": 27,
    "investments":
     []},
   {"id": 53504,
    "round_code": "unattributed",
    "source_url": "http://www.sec.gov/Archives/edgar/data/1492074/000149207411000003/xslFormDX01/primary_doc.xml",
    "source_description": "SEC",
    "raised_amount": 1800000.0,
    "raised_currency_code": "USD",
    "funded_year": 2011,
    "funded_month": 6,
    "funded_day": 8,
    "investments":
     []}],
 "investments":
  [],
 "acquisition": null,
 "acquisitions":
  [{"price_amount": null,
    "price_currency_code": "USD",
    "term_code": null,
    "source_url": "http://www.marketwatch.com/story/abcam-to-buy-epitomics-of-san-francisco-for-170m-2012-03-05",
    "source_description": "Abcam to buy Epitomics of San Francisco for $170M",
    "acquired_year": 2012,
    "acquired_month": 3,
    "acquired_day": 5,
    "company":
     {"name": "Epitomics",
      "permalink": "epitomics"}}],
 "offices":
  [{"description": "Abcam UK",
    "address1": "330 Cambridge Science Park",
    "address2": "",
    "zip_code": "CB4 0FL",
    "city": "Cambridge",
    "state_code": null,
    "country_code": "GBR",
    "latitude": null,
    "longitude": null},
   {"description": "Abcam USA",
    "address1": "1 Kendall Square, Suite B2304",
    "address2": "",
    "zip_code": "02139-1517",
    "city": "Cambridge",
    "state_code": "MA",
    "country_code": "USA",
    "latitude": null,
    "longitude": null},
   {"description": "Abcam Japan",
    "address1": "Nihonbashi Kakigaracho",
    "address2": "Chuo-ku",
    "zip_code": "1-16-8",
    "city": "Tokyo",
    "state_code": null,
    "country_code": "JPN",
    "latitude": null,
    "longitude": null}],
 "milestones":
  [],
 "ipo": null,
 "video_embeds":
  [],
 "screenshots":
  [],
 "external_links":
  [],
 "partners":
  []}
