{"name": "Abintegro",
 "permalink": "abintegro",
 "crunchbase_url": "http://www.crunchbase.com/company/abintegro",
 "homepage_url": "http://www.abintegro.com",
 "blog_url": "",
 "blog_feed_url": "",
 "twitter_username": "ab_integro",
 "category_code": "education",
 "number_of_employees": 12,
 "founded_year": 2008,
 "founded_month": null,
 "founded_day": null,
 "deadpooled_year": null,
 "deadpooled_month": null,
 "deadpooled_day": null,
 "deadpooled_url": null,
 "tag_list": "e-learning, talent-development, career-transition, job-search, career-tools, employability",
 "alias_list": null,
 "email_address": "support@abintegro.com",
 "phone_number": "0203 318 3215",
 "description": "Technology for career management",
 "created_at": "Tue May 10 07:32:39 UTC 2011",
 "updated_at": "Thu Apr 03 09:59:18 UTC 2014",
 "overview": "\u003Cp\u003EAbintegro provides cloud-based (SaaS) careers technology, giving people the opportunity to realise their career aspirations through the provision of virtual career programmes including advice, interactive career tools, e-learning and resources.\u003C/p\u003E\n\n\u003Cp\u003EFOR CAREERS/HR SERVICES FIRMS\nWhite-labelled Careers Technology: enabling organisations to deliver online career transition and job search support programmes that improve employment outcomes, scale of support and lower the cost of provision.\u003C/p\u003E\n\n\u003Cp\u003EFOR EMPLOYERS\nEnterprise Career Management: enabling employers to deliver enterprise-wide career management programmes to improve employee engagement, retention and internal hire ratios.\u003C/p\u003E\n\n\u003Cul\u003E\n\u003Cli\u003EFounded in 2008 - Hard launch in 2010\u003C/li\u003E\n\u003Cli\u003EPrivately owned and financed \u003C/li\u003E\n\u003Cli\u003EClients across 10 countries\u003C/li\u003E\n\u003Cli\u003EOver 1 million licensed end users\u003C/li\u003E\n\u003Cli\u003EEnterprise license, cloud-based platform\u003C/li\u003E\n\u003C/ul\u003E",
 "image":
  {"available_sizes":
    [[[150,
       34],
      "http://api-images.crunchbase.com/assets/images/resized/0013/3943/133943v4-max-150x150.png"],
     [[250,
       57],
      "http://api-images.crunchbase.com/assets/images/resized/0013/3943/133943v4-max-250x250.png"],
     [[450,
       102],
      "http://api-images.crunchbase.com/assets/images/resized/0013/3943/133943v4-max-450x450.png"]],
   "attribution": null},
 "products":
  [],
 "relationships":
  [{"is_past": false,
    "title": "Commercial Director",
    "person":
     {"first_name": "David",
      "last_name": "Heard",
      "permalink": "david-heard"}},
   {"is_past": false,
    "title": "Managing Director",
    "person":
     {"first_name": "Tony",
      "last_name": "Heard",
      "permalink": "tony-heard"}},
   {"is_past": false,
    "title": "Head of Business Development and Account Management",
    "person":
     {"first_name": "Craig",
      "last_name": "Snowdon",
      "permalink": "craig-snowdon"}},
   {"is_past": false,
    "title": "IT Director",
    "person":
     {"first_name": "Hilmi",
      "last_name": "Sunay",
      "permalink": "hilmi-sunay"}},
   {"is_past": false,
    "title": "Head of E-Learning",
    "person":
     {"first_name": "Mark",
      "last_name": "Hamilton",
      "permalink": "mark-hamilton-3"}}],
 "competitions":
  [],
 "providerships":
  [],
 "total_money_raised": "$0",
 "funding_rounds":
  [],
 "investments":
  [],
 "acquisition": null,
 "acquisitions":
  [],
 "offices":
  [{"description": "London Office",
    "address1": "Building 3",
    "address2": "Chiswick Park,London",
    "zip_code": "W4 5YA",
    "city": "Chiswick",
    "state_code": null,
    "country_code": "GBR",
    "latitude": null,
    "longitude": null}],
 "milestones":
  [{"id": 23441,
    "description": "Supporting over 200,000 users pa.",
    "stoned_year": 2012,
    "stoned_month": 5,
    "stoned_day": 20,
    "source_url": "http://www.abintegro.com",
    "source_text": null,
    "source_description": "",
    "stoneable_type": "Company",
    "stoned_value": null,
    "stoned_value_type": null,
    "stoned_acquirer": null,
    "stoneable":
     {"name": "Abintegro",
      "permalink": "abintegro"}},
   {"id": 34898,
    "description": "Craig Snowdon joins as Head of Business Development from Groupon ",
    "stoned_year": 2012,
    "stoned_month": 9,
    "stoned_day": null,
    "source_url": "http://www.abintegro.com/public/about",
    "source_text": null,
    "source_description": "",
    "stoneable_type": "Company",
    "stoned_value": null,
    "stoned_value_type": null,
    "stoned_acquirer": null,
    "stoneable":
     {"name": "Abintegro",
      "permalink": "abintegro"}},
   {"id": 34899,
    "description": "Mark Hamilton joins as Head of E-Learning from Serco",
    "stoned_year": 2013,
    "stoned_month": 3,
    "stoned_day": null,
    "source_url": "http://www.abintegro.com/public/about",
    "source_text": null,
    "source_description": "",
    "stoneable_type": "Company",
    "stoned_value": null,
    "stoned_value_type": null,
    "stoned_acquirer": null,
    "stoneable":
     {"name": "Abintegro",
      "permalink": "abintegro"}},
   {"id": 34900,
    "description": "Abintegro launch in the Middle East with strategic client partnership",
    "stoned_year": 2012,
    "stoned_month": 9,
    "stoned_day": null,
    "source_url": "",
    "source_text": null,
    "source_description": "",
    "stoneable_type": "Company",
    "stoned_value": null,
    "stoned_value_type": null,
    "stoned_acquirer": null,
    "stoneable":
     {"name": "Abintegro",
      "permalink": "abintegro"}},
   {"id": 34901,
    "description": "Abintegro set to launch in the USA with strategic client partnership",
    "stoned_year": 2013,
    "stoned_month": 6,
    "stoned_day": null,
    "source_url": "",
    "source_text": null,
    "source_description": "",
    "stoneable_type": "Company",
    "stoned_value": null,
    "stoned_value_type": null,
    "stoned_acquirer": null,
    "stoneable":
     {"name": "Abintegro",
      "permalink": "abintegro"}},
   {"id": 34902,
    "description": "Abintegro set to launch in Germany with strategic client partnership",
    "stoned_year": 2013,
    "stoned_month": 6,
    "stoned_day": null,
    "source_url": "",
    "source_text": null,
    "source_description": "",
    "stoneable_type": "Company",
    "stoned_value": null,
    "stoned_value_type": null,
    "stoned_acquirer": null,
    "stoneable":
     {"name": "Abintegro",
      "permalink": "abintegro"}},
   {"id": 34903,
    "description": "Abintegro set to launch in France with strategic client partnership",
    "stoned_year": 2013,
    "stoned_month": 6,
    "stoned_day": null,
    "source_url": "",
    "source_text": null,
    "source_description": "",
    "stoneable_type": "Company",
    "stoned_value": null,
    "stoned_value_type": null,
    "stoned_acquirer": null,
    "stoneable":
     {"name": "Abintegro",
      "permalink": "abintegro"}}],
 "ipo": null,
 "video_embeds":
  [],
 "screenshots":
  [],
 "external_links":
  [{"external_url": "http://pressroom.prlog.org/Abintegro/",
    "title": "Press Room"}],
 "partners":
  []}
