{"name": "AboutOurWork",
 "permalink": "aboutourwork-com",
 "crunchbase_url": "http://www.crunchbase.com/company/aboutourwork-com",
 "homepage_url": "http://www.aboutourwork.com",
 "blog_url": "http://aboutourwork.com/blog",
 "blog_feed_url": "http://aboutourwork.tumblr.com/",
 "twitter_username": "aboutourwork",
 "category_code": "other",
 "number_of_employees": 6,
 "founded_year": 2012,
 "founded_month": 1,
 "founded_day": 1,
 "deadpooled_year": null,
 "deadpooled_month": null,
 "deadpooled_day": null,
 "deadpooled_url": null,
 "tag_list": "social-network, business, small-business, community, profile-page, analytics, visual, graph",
 "alias_list": null,
 "email_address": "david@aboutourwork.com",
 "phone_number": "201-OUR-WORK",
 "description": "Business. Connections. Visualized. ",
 "created_at": "Fri Jun 17 15:18:34 UTC 2011",
 "updated_at": "Tue Oct 29 07:23:42 UTC 2013",
 "overview": "\u003Cp\u003EAboutOurWork was built with a lofty goal which is to be the first-and-only technology platform built to connect the worlds small businesses based on 3 key assumptions:\u003C/p\u003E\n\n\u003Col\u003E\n\u003Cli\u003E\u003Cp\u003EOpportunity cost. Networking takes a significant amount of time and resources.\nNetworking events are an important activity for businesses of all sizes, however small business owners with limited human resources understand that spending 3 or 4 hours a week at networking events means not spending 3 or 4 hours on other business-related activities.\u003C/p\u003E\u003C/li\u003E\n\u003Cli\u003E\u003Cp\u003EHyper-local nature of networking events keeps small business owners landlocked.\nThe vast majority of knowledge workers have the ability to transact business globally; however, networking events rarely scale beyond their local communities.\u003C/p\u003E\u003C/li\u003E\n\u003Cli\u003E\u003Cp\u003ENetworking should be as easy as a Netflix movie recommendation.\neCommerce has transformed the way consumers identify the next-best book to read (Amazon), the next-best movie to watch (Netflix), and even the next-best song to experience (Pandora). We believe it\u0026#8217;s time a technology platform intelligently identifies next-best business opportunities between businesses.\u003C/p\u003E\u003C/li\u003E\n\u003C/ol\u003E",
 "image":
  {"available_sizes":
    [[[150,
       150],
      "http://api-images.crunchbase.com/assets/images/resized/0013/9727/139727v2-max-150x150.png"],
     [[250,
       250],
      "http://api-images.crunchbase.com/assets/images/resized/0013/9727/139727v2-max-250x250.png"],
     [[350,
       350],
      "http://api-images.crunchbase.com/assets/images/resized/0013/9727/139727v2-max-450x450.png"]],
   "attribution": null},
 "products":
  [],
 "relationships":
  [{"is_past": false,
    "title": "Co-Founder/CEO",
    "person":
     {"first_name": "David",
      "last_name": "Hunegnaw",
      "permalink": "david-hunegnaw"}},
   {"is_past": false,
    "title": "Co - Founder \u0026 COO",
    "person":
     {"first_name": "Brooke",
      "last_name": "Paul",
      "permalink": "brooke-paul"}},
   {"is_past": false,
    "title": "Design Lead",
    "person":
     {"first_name": "Andy",
      "last_name": "Johnson",
      "permalink": "andy-johnson"}},
   {"is_past": false,
    "title": "Design Lead",
    "person":
     {"first_name": "Andrew",
      "last_name": "Johnson",
      "permalink": "andrew-johnson"}},
   {"is_past": false,
    "title": "Technology Lead",
    "person":
     {"first_name": "Christoph",
      "last_name": "Roedig",
      "permalink": "christoph-roedig"}},
   {"is_past": false,
    "title": "PR",
    "person":
     {"first_name": "Michelle",
      "last_name": "Garrett",
      "permalink": "michelle-garrett"}},
   {"is_past": true,
    "title": "Community and PR",
    "person":
     {"first_name": "Jennifer",
      "last_name": "P. Brown",
      "permalink": "jennifer-p-brown"}}],
 "competitions":
  [{"competitor":
     {"name": "Soldsie",
      "permalink": "soldsie-inc"}}],
 "providerships":
  [],
 "total_money_raised": "$0",
 "funding_rounds":
  [],
 "investments":
  [],
 "acquisition": null,
 "acquisitions":
  [],
 "offices":
  [{"description": "Main Office",
    "address1": "65 E Gay Street",
    "address2": "Suite 201",
    "zip_code": "43215",
    "city": "Columbus",
    "state_code": "OH",
    "country_code": "USA",
    "latitude": null,
    "longitude": null}],
 "milestones":
  [{"id": 19161,
    "description": "Formally launched - Business First and Vator TV features.",
    "stoned_year": 2012,
    "stoned_month": 1,
    "stoned_day": 11,
    "source_url": "http://www.bizjournals.com/columbus/print-edition/2011/11/11/aboutourwork-wants-to-make-web-work.html",
    "source_text": null,
    "source_description": "AboutOurWork.com wants to make web work for small businesses",
    "stoneable_type": "Company",
    "stoned_value": null,
    "stoned_value_type": null,
    "stoned_acquirer": null,
    "stoneable":
     {"name": "AboutOurWork",
      "permalink": "aboutourwork-com"}},
   {"id": 27781,
    "description": "Michelle Garrett, Garrett Public Relations, joined the team to handle PR. ",
    "stoned_year": 2012,
    "stoned_month": 8,
    "stoned_day": 1,
    "source_url": "",
    "source_text": null,
    "source_description": "",
    "stoneable_type": "Company",
    "stoned_value": null,
    "stoned_value_type": null,
    "stoned_acquirer": null,
    "stoneable":
     {"name": "AboutOurWork",
      "permalink": "aboutourwork-com"}}],
 "ipo": null,
 "video_embeds":
  [{"embed_code": "\u003Ciframe src=\"//player.vimeo.com/video/31152359\" width=\"420\" height=\"281\" webkitallowfullscreen mozallowfullscreen allowfullscreen\u003E\u003C/iframe\u003E",
    "description": "\u003Cp\u003EVideo\u003C/p\u003E"}],
 "screenshots":
  [{"available_sizes":
     [[[150,
        84],
       "http://api-images.crunchbase.com/assets/images/resized/0014/7274/147274v2-max-150x150.jpg"],
      [[250,
        141],
       "http://api-images.crunchbase.com/assets/images/resized/0014/7274/147274v2-max-250x250.jpg"],
      [[450,
        253],
       "http://api-images.crunchbase.com/assets/images/resized/0014/7274/147274v2-max-450x450.jpg"]],
    "attribution": null},
   {"available_sizes":
     [[[150,
        84],
       "http://api-images.crunchbase.com/assets/images/resized/0014/7275/147275v2-max-150x150.jpg"],
      [[250,
        140],
       "http://api-images.crunchbase.com/assets/images/resized/0014/7275/147275v2-max-250x250.jpg"],
      [[450,
        252],
       "http://api-images.crunchbase.com/assets/images/resized/0014/7275/147275v2-max-450x450.jpg"]],
    "attribution": null}],
 "external_links":
  [],
 "partners":
  [{"partner_name": "angel_list",
    "homepage_url": "http://www.aboutourwork.com",
    "link_1_url": "https://angel.co/aboutourwork",
    "link_2_url": null,
    "link_3_url": null,
    "link_1_name": "AngelList Page",
    "link_2_name": null,
    "link_3_name": null}]}
