{"name": "ABS Technology Architects",
 "permalink": "abs-technology-architects",
 "crunchbase_url": "http://www.crunchbase.com/company/abs-technology-architects",
 "homepage_url": "http://www.absnt.com",
 "blog_url": "",
 "blog_feed_url": "",
 "twitter_username": null,
 "category_code": null,
 "number_of_employees": null,
 "founded_year": null,
 "founded_month": null,
 "founded_day": null,
 "deadpooled_year": null,
 "deadpooled_month": null,
 "deadpooled_day": null,
 "deadpooled_url": null,
 "tag_list": "",
 "alias_list": "",
 "email_address": "sales@absnt.com",
 "phone_number": "757-466-0004",
 "description": "",
 "created_at": "Wed Mar 09 11:26:51 UTC 2011",
 "updated_at": "Wed Mar 09 11:31:16 UTC 2011",
 "overview": "\u003Cp\u003EABS Technology Architects is a Cisco Gold Direct Value Added Reseller (DVAR) headquartered in Virginia Beach, Virginia that provides both regional and national advanced technology solutions for corporate, educational, and governmental organizations.  Founded in 1972, ABS has long been considered one of the top solution partners in the United States with an emphasis on Cisco based advanced technologies including IP Unified Communications, Contact Center, MESH Wireless, and Advanced Security Solutions.\u003C/p\u003E",
 "image":
  {"available_sizes":
    [[[115,
       111],
      "http://api-images.crunchbase.com/assets/images/resized/0012/5616/125616v1-max-150x150.jpg"],
     [[115,
       111],
      "http://api-images.crunchbase.com/assets/images/resized/0012/5616/125616v1-max-250x250.jpg"],
     [[115,
       111],
      "http://api-images.crunchbase.com/assets/images/resized/0012/5616/125616v1-max-450x450.jpg"]],
   "attribution": null},
 "products":
  [],
 "relationships":
  [],
 "competitions":
  [],
 "providerships":
  [],
 "total_money_raised": "$0",
 "funding_rounds":
  [],
 "investments":
  [],
 "acquisition": null,
 "acquisitions":
  [],
 "offices":
  [{"description": "",
    "address1": "5500 Greenwich Road",
    "address2": "",
    "zip_code": "23462",
    "city": "Virginia Beach",
    "state_code": "VA",
    "country_code": "USA",
    "latitude": null,
    "longitude": null}],
 "milestones":
  [{"id": 13114,
    "description": "ABS Technology Architects Wins Cisco East Area Borderless Networking Partner Of The Year At Cisco Partner Summit 2011",
    "stoned_year": 2011,
    "stoned_month": 3,
    "stoned_day": 8,
    "source_url": "http://www.thestreet.com/story/11035509/1/abs-technology-architects-wins-cisco-east-area-borderless-networking-partner-of-the-year-at-cisco-partner-summit-2011.html",
    "source_text": "",
    "source_description": "ABS Technology Architects Wins Cisco East Area Borderless Networking Partner Of The Year At Cisco Partner Summit 2011",
    "stoneable_type": "Company",
    "stoned_value": null,
    "stoned_value_type": null,
    "stoned_acquirer": null,
    "stoneable":
     {"name": "ABS Technology Architects",
      "permalink": "abs-technology-architects"}}],
 "ipo": null,
 "video_embeds":
  [],
 "screenshots":
  [{"available_sizes":
     [[[150,
        149],
       "http://api-images.crunchbase.com/assets/images/resized/0012/5617/125617v1-max-150x150.jpg"],
      [[250,
        249],
       "http://api-images.crunchbase.com/assets/images/resized/0012/5617/125617v1-max-250x250.jpg"],
      [[450,
        448],
       "http://api-images.crunchbase.com/assets/images/resized/0012/5617/125617v1-max-450x450.jpg"]],
    "attribution": null}],
 "external_links":
  [],
 "partners":
  []}
