{"name": "Acacia Pharma",
 "permalink": "acacia-pharma",
 "crunchbase_url": "http://www.crunchbase.com/company/acacia-pharma",
 "homepage_url": "http://www.acaciapharma.com",
 "blog_url": "",
 "blog_feed_url": "",
 "twitter_username": null,
 "category_code": "biotech",
 "number_of_employees": null,
 "founded_year": 2006,
 "founded_month": null,
 "founded_day": null,
 "deadpooled_year": null,
 "deadpooled_month": null,
 "deadpooled_day": null,
 "deadpooled_url": null,
 "tag_list": "",
 "alias_list": "",
 "email_address": "",
 "phone_number": "+44 (0)1223 875130",
 "description": "",
 "created_at": "Fri Apr 01 02:15:50 UTC 2011",
 "updated_at": "Sat Nov 30 06:31:57 UTC 2013",
 "overview": "\u003Cp\u003EAcacia Pharma Ltd., a pharmaceutical company, discovers and develops supportive care drugs. The company focuses on cancer supportive care. Its products include APD405, an injectable formulation of an oral drug for the use of nausea and vomiting; APD209, which is for the use of cancer cachexia; and APD421, an intravenous formulation for the use of prevention and treatment of nausea and vomiting. The company also concentrates its discovery efforts in cancer related fatigue, cancer cachexia, and xerostomia. Acacia Pharma Ltd. was incorporated in 2006 and is based in Cambridge, United Kingdom.\u003C/p\u003E",
 "image":
  {"available_sizes":
    [[[150,
       57],
      "http://api-images.crunchbase.com/assets/images/resized/0012/8715/128715v1-max-150x150.png"],
     [[222,
       85],
      "http://api-images.crunchbase.com/assets/images/resized/0012/8715/128715v1-max-250x250.png"],
     [[222,
       85],
      "http://api-images.crunchbase.com/assets/images/resized/0012/8715/128715v1-max-450x450.png"]],
   "attribution": null},
 "products":
  [],
 "relationships":
  [{"is_past": false,
    "title": "CEO",
    "person":
     {"first_name": "Julian",
      "last_name": "Gilbert",
      "permalink": "julian-gilbert"}},
   {"is_past": false,
    "title": "CFO",
    "person":
     {"first_name": "Andrew",
      "last_name": "Muncey",
      "permalink": "andrew-muncey"}}],
 "competitions":
  [],
 "providerships":
  [],
 "total_money_raised": "$33.5M",
 "funding_rounds":
  [{"id": 22229,
    "round_code": "a",
    "source_url": "http://www.acaciapharma.com/index.php/news/acacia_pharma_closes_10_million_investment_round",
    "source_description": "Acacia Pharma Closes $10 Million Investment Round",
    "raised_amount": 10000000.0,
    "raised_currency_code": "USD",
    "funded_year": 2011,
    "funded_month": 3,
    "funded_day": 31,
    "investments":
     [{"company": null,
       "financial_org":
        {"name": "Lundbeckfond Ventures",
         "permalink": "lundbeckfond-ventures"},
       "person": null},
      {"company": null,
       "financial_org":
        {"name": "Gilde Healthcare Partners",
         "permalink": "gilde-healthcare-partners"},
       "person": null}]},
   {"id": 47522,
    "round_code": "b",
    "source_url": "http://www.finsmes.com/2013/09/acacia-pharma-raises-15m-series-financing.html",
    "source_description": "Acacia Pharma Raises \u00a315M in Series B Financing",
    "raised_amount": 23500000.0,
    "raised_currency_code": "USD",
    "funded_year": 2013,
    "funded_month": 9,
    "funded_day": 3,
    "investments":
     [{"company": null,
       "financial_org":
        {"name": "Novo A/S",
         "permalink": "novo-a-s"},
       "person": null},
      {"company": null,
       "financial_org":
        {"name": "Fidelity Biosciences",
         "permalink": "fidelity-biosciences"},
       "person": null}]}],
 "investments":
  [],
 "acquisition": null,
 "acquisitions":
  [],
 "offices":
  [{"description": "",
    "address1": "Harston Mill",
    "address2": "Harston",
    "zip_code": "CB22 7GG",
    "city": "Cambridge",
    "state_code": null,
    "country_code": "GBR",
    "latitude": null,
    "longitude": null}],
 "milestones":
  [],
 "ipo": null,
 "video_embeds":
  [],
 "screenshots":
  [],
 "external_links":
  [],
 "partners":
  []}
