{"name": "Academy of Television Arts \u0026 Sciences",
 "permalink": "academy-of-television-arts-sciences",
 "crunchbase_url": "http://www.crunchbase.com/company/academy-of-television-arts-sciences",
 "homepage_url": null,
 "blog_url": null,
 "blog_feed_url": null,
 "twitter_username": null,
 "category_code": null,
 "number_of_employees": null,
 "founded_year": null,
 "founded_month": null,
 "founded_day": null,
 "deadpooled_year": null,
 "deadpooled_month": null,
 "deadpooled_day": null,
 "deadpooled_url": null,
 "tag_list": null,
 "alias_list": null,
 "email_address": null,
 "phone_number": null,
 "description": null,
 "created_at": "Fri Jul 01 07:26:29 UTC 2011",
 "updated_at": "Wed Oct 05 07:57:02 UTC 2011",
 "overview": null,
 "image": null,
 "products":
  [],
 "relationships":
  [{"is_past": false,
    "title": "Member",
    "person":
     {"first_name": "Nicholas",
      "last_name": "de Wolff",
      "permalink": "nicholas-de-wolff"}}],
 "competitions":
  [],
 "providerships":
  [],
 "total_money_raised": "$0",
 "funding_rounds":
  [],
 "investments":
  [],
 "acquisition": null,
 "acquisitions":
  [],
 "offices":
  [],
 "milestones":
  [],
 "ipo": null,
 "video_embeds":
  [{"embed_code": "\u003Ciframe src=\"http://blip.tv/play/goRrgtS%2BfgI.html\" width=\"480\" height=\"390\" frameborder=\"0\" allowfullscreen\u003E\u003C/iframe\u003E\u003Cembed type=\"application/x-shockwave-flash\" src=\"http://a.blip.tv/api.swf#goRrgtS+fgI\" style=\"display:none\"\u003E\u003C/embed\u003E",
    "description": "\u003Cp\u003EThis video was originally published on \u003Ca href=\"http://www.beet.tv/2011/09/schwartzsocialtv.html\" title=\"Beet.TV\" rel=\"nofollow\"\u003EBeet.TV\u003C/a\u003E\u003C/p\u003E"}],
 "screenshots":
  [],
 "external_links":
  [],
 "partners":
  []}
