{"name": "ACC Tourism Group",
 "permalink": "acc-tourism-group",
 "crunchbase_url": "http://www.crunchbase.com/company/acc-tourism-group",
 "homepage_url": "http://www.acctourism.com",
 "blog_url": "http://www.acctourism.com/travel",
 "blog_feed_url": "http://feeds.feedburner.com/acctourism",
 "twitter_username": "acctourism",
 "category_code": "web",
 "number_of_employees": null,
 "founded_year": null,
 "founded_month": null,
 "founded_day": null,
 "deadpooled_year": null,
 "deadpooled_month": null,
 "deadpooled_day": null,
 "deadpooled_url": null,
 "tag_list": "hotels, compare-hotels, hotel, accommodation, hotel-deals, travel, hotel-deal, motels, holiday-resorts, last-minute",
 "alias_list": null,
 "email_address": "info@acctourism.com",
 "phone_number": "",
 "description": "Hotel Deal Search Engine",
 "created_at": "Sun Mar 20 12:29:44 UTC 2011",
 "updated_at": "Sun Oct 30 16:13:43 UTC 2011",
 "overview": "\u003Cp\u003Eacctourism.com has built the world\u0026#8217;s leading and largest hotel price comparison search engine. \u003C/p\u003E\n\n\u003Cp\u003EThe site simultaneously compares prices 1000s of hotels and holiday resorts worldwide, featuring over 2,500,000 hotel deals in more than 50,000 destinations across 200 countries. \u003C/p\u003E\n\n\u003Cp\u003EThere is no need to search other websites one by one for the best hotel prices, acctourism.com does it all for you. acctourism.com is the hotel price comparison site for the best hotel prices available on the web. \u003C/p\u003E\n\n\u003Cp\u003EThe site saves you time and and saves you money. What\u00e2\u20ac\u2122s more, acctourism.com compares full price data including taxes, fees and rebates.\u003C/p\u003E",
 "image":
  {"available_sizes":
    [[[150,
       37],
      "http://api-images.crunchbase.com/assets/images/resized/0012/6985/126985v16-max-150x150.png"],
     [[250,
       62],
      "http://api-images.crunchbase.com/assets/images/resized/0012/6985/126985v16-max-250x250.png"],
     [[388,
       97],
      "http://api-images.crunchbase.com/assets/images/resized/0012/6985/126985v16-max-450x450.png"]],
   "attribution": null},
 "products":
  [],
 "relationships":
  [],
 "competitions":
  [],
 "providerships":
  [],
 "total_money_raised": "$0",
 "funding_rounds":
  [],
 "investments":
  [],
 "acquisition": null,
 "acquisitions":
  [],
 "offices":
  [],
 "milestones":
  [],
 "ipo": null,
 "video_embeds":
  [],
 "screenshots":
  [],
 "external_links":
  [],
 "partners":
  []}
