{"name": "Accero",
 "permalink": "accero",
 "crunchbase_url": "http://www.crunchbase.com/company/accero",
 "homepage_url": "http://www.accero.com",
 "blog_url": "",
 "blog_feed_url": "",
 "twitter_username": null,
 "category_code": null,
 "number_of_employees": null,
 "founded_year": null,
 "founded_month": null,
 "founded_day": null,
 "deadpooled_year": null,
 "deadpooled_month": null,
 "deadpooled_day": null,
 "deadpooled_url": null,
 "tag_list": "",
 "alias_list": "",
 "email_address": "",
 "phone_number": "",
 "description": "",
 "created_at": "Thu Jul 07 11:49:33 UTC 2011",
 "updated_at": "Thu Jul 07 12:53:35 UTC 2011",
 "overview": "",
 "image":
  {"available_sizes":
    [[[150,
       52],
      "http://api-images.crunchbase.com/assets/images/resized/0014/2910/142910v1-max-150x150.jpg"],
     [[250,
       87],
      "http://api-images.crunchbase.com/assets/images/resized/0014/2910/142910v1-max-250x250.jpg"],
     [[263,
       92],
      "http://api-images.crunchbase.com/assets/images/resized/0014/2910/142910v1-max-450x450.jpg"]],
   "attribution": null},
 "products":
  [],
 "relationships":
  [{"is_past": true,
    "title": "CEO",
    "person":
     {"first_name": "Sean",
      "last_name": "Fallon",
      "permalink": "sean-fallon-2"}},
   {"is_past": true,
    "title": "VP",
    "person":
     {"first_name": "Phil",
      "last_name": "Montgomery",
      "permalink": "phil-montgomery"}},
   {"is_past": true,
    "title": "",
    "person":
     {"first_name": "Larry",
      "last_name": "Dunivan",
      "permalink": "larry-dunivan"}}],
 "competitions":
  [],
 "providerships":
  [],
 "total_money_raised": "$0",
 "funding_rounds":
  [],
 "investments":
  [],
 "acquisition":
  {"price_amount": null,
   "price_currency_code": "USD",
   "term_code": null,
   "source_url": "http://www.freshnews.com/news/518362/sumtotal-systems-acquires-accero-cybershift",
   "source_description": "SUMTOTAL SYSTEMS ACQUIRES ACCERO",
   "acquired_year": 2011,
   "acquired_month": 7,
   "acquired_day": 7,
   "acquiring_company":
    {"name": "SumTotal Systems",
     "permalink": "sumtotal-systems"}},
 "acquisitions":
  [],
 "offices":
  [],
 "milestones":
  [],
 "ipo": null,
 "video_embeds":
  [],
 "screenshots":
  [{"available_sizes":
     [[[150,
        148],
       "http://api-images.crunchbase.com/assets/images/resized/0014/2911/142911v1-max-150x150.jpg"],
      [[250,
        248],
       "http://api-images.crunchbase.com/assets/images/resized/0014/2911/142911v1-max-250x250.jpg"],
      [[450,
        446],
       "http://api-images.crunchbase.com/assets/images/resized/0014/2911/142911v1-max-450x450.jpg"]],
    "attribution": null}],
 "external_links":
  [],
 "partners":
  []}
