{"name": "Accelero Bioanalytics",
 "permalink": "accelero-bioanalytics",
 "crunchbase_url": "http://www.crunchbase.com/company/accelero-bioanalytics",
 "homepage_url": "http://www.accelero-bioanalytics.com",
 "blog_url": "http://www.microRNA-bioanalytics.de",
 "blog_feed_url": "",
 "twitter_username": null,
 "category_code": "biotech",
 "number_of_employees": 5,
 "founded_year": 2011,
 "founded_month": null,
 "founded_day": null,
 "deadpooled_year": null,
 "deadpooled_month": null,
 "deadpooled_day": null,
 "deadpooled_url": null,
 "tag_list": "microrna, bioanalytics, contract-research, real-time-rt-qpcr, sandwich-ligand-binding-assays",
 "alias_list": null,
 "email_address": "service@accelero-bioanalytics.com",
 "phone_number": "+49 30 43 73 77 48",
 "description": "MicroRNA GLP Bioanalytical CRO",
 "created_at": "Thu Mar 24 09:36:38 UTC 2011",
 "updated_at": "Sat Apr 02 03:38:08 UTC 2011",
 "overview": "\u003Cp\u003EAcceler\u00c5\u008d Bioanalytics - GLP compliant Real-Time RT-qPCR for your micro RNA therapeutics.\u003C/p\u003E\n\n\u003Cp\u003EAcceler\u00c5\u008d Bioanalytics is a Good Laboratory Practice (GLP) contract research organization serving the biotech and pharmaceutical industry in the field of nucleic acid therapeutics and antibiotics research. Clients are dedicated to the development of investigational new nucleic acid drugs like micro RNAs, siRNA, decoy oligonucleotides, antisense, CpG oligos, RNA and DNA aptamers, etc.\u003C/p\u003E\n\n\u003Cp\u003EThe all-in-one-hand services comprises: sandwich hybridisation ligand binding assays of all kinds, Real Time RT-qPCR, immunology assays, pharmacokinetics, statistics.\u003C/p\u003E\n\n\u003Cp\u003EVisit the website to lean more about the novel and unique business model.\u003C/p\u003E",
 "image":
  {"available_sizes":
    [[[150,
       28],
      "http://api-images.crunchbase.com/assets/images/resized/0012/8562/128562v2-max-150x150.png"],
     [[250,
       47],
      "http://api-images.crunchbase.com/assets/images/resized/0012/8562/128562v2-max-250x250.png"],
     [[302,
       57],
      "http://api-images.crunchbase.com/assets/images/resized/0012/8562/128562v2-max-450x450.png"]],
   "attribution": null},
 "products":
  [],
 "relationships":
  [{"is_past": false,
    "title": "Founder",
    "person":
     {"first_name": "Christian",
      "last_name": "Lange",
      "permalink": "christian-lange"}},
   {"is_past": false,
    "title": "Managing Director",
    "person":
     {"first_name": "Marion",
      "last_name": "Ellermann",
      "permalink": "marion-ellermann"}}],
 "competitions":
  [],
 "providerships":
  [],
 "total_money_raised": "$0",
 "funding_rounds":
  [],
 "investments":
  [],
 "acquisition": null,
 "acquisitions":
  [],
 "offices":
  [{"description": "",
    "address1": "Schulzestrasse 20",
    "address2": "",
    "zip_code": "13187",
    "city": "Berlin",
    "state_code": null,
    "country_code": "DEU",
    "latitude": null,
    "longitude": null}],
 "milestones":
  [],
 "ipo": null,
 "video_embeds":
  [],
 "screenshots":
  [],
 "external_links":
  [],
 "partners":
  []}
