{"name": "AccountantsWorld UK",
 "permalink": "accountantsworld-uk",
 "crunchbase_url": "http://www.crunchbase.com/company/accountantsworld-uk",
 "homepage_url": "http://www.AccountantsWorld.co.uk",
 "blog_url": "http://www.accountantsworld.co.uk/magazine.html",
 "blog_feed_url": "http://www.accountantsworld.co.uk/magazine.html",
 "twitter_username": "accountantworld",
 "category_code": "network_hosting",
 "number_of_employees": 10,
 "founded_year": 2010,
 "founded_month": 10,
 "founded_day": null,
 "deadpooled_year": null,
 "deadpooled_month": null,
 "deadpooled_day": null,
 "deadpooled_url": null,
 "tag_list": "accountants, social-network, networking, accountants-social-network, socialising-accountants",
 "alias_list": null,
 "email_address": "alom@accountantsworld.co.uk",
 "phone_number": "07912604325",
 "description": "The Social Network for Accountants",
 "created_at": "Sun Jun 05 17:45:02 UTC 2011",
 "updated_at": "Wed Jun 08 02:00:41 UTC 2011",
 "overview": "\u003Cp\u003EAccountantsWorld is The Social Network for Accountants.\u003C/p\u003E\n\n\u003Cp\u003EThe network is devoted solely to Accountants and aims to cater for all their Social Media Networking needs.\u003C/p\u003E\n\n\u003Cp\u003EThe network is open to both Accountants in Corporate Industries and Practices and to all those within the finance sector including students.\u003C/p\u003E\n\n\u003Cp\u003EAccountants can create, join and promote Groups and Firms and can post their Articles to share with the whole world.\u003C/p\u003E\n\n\u003Cp\u003EThey can host and promote their Events and start discussions in the Forums alongside Live Chatrooms.\u003C/p\u003E\n\n\u003Cp\u003EAccountants can post vacant positions on the Job Board therefore eliminating the intricacies of recruitment.\u003C/p\u003E",
 "image":
  {"available_sizes":
    [[[70,
       70],
      "http://api-images.crunchbase.com/assets/images/resized/0013/7773/137773v2-max-150x150.png"],
     [[70,
       70],
      "http://api-images.crunchbase.com/assets/images/resized/0013/7773/137773v2-max-250x250.png"],
     [[70,
       70],
      "http://api-images.crunchbase.com/assets/images/resized/0013/7773/137773v2-max-450x450.png"]],
   "attribution": null},
 "products":
  [],
 "relationships":
  [{"is_past": false,
    "title": "CEO",
    "person":
     {"first_name": "Alom",
      "last_name": "Rouf",
      "permalink": "alom-rouf"}},
   {"is_past": false,
    "title": "Founder \u0026 CEO",
    "person":
     {"first_name": "Alom",
      "last_name": "Rouf",
      "permalink": "alom-rouf"}}],
 "competitions":
  [],
 "providerships":
  [],
 "total_money_raised": "$0",
 "funding_rounds":
  [],
 "investments":
  [],
 "acquisition": null,
 "acquisitions":
  [],
 "offices":
  [],
 "milestones":
  [],
 "ipo": null,
 "video_embeds":
  [],
 "screenshots":
  [],
 "external_links":
  [],
 "partners":
  []}
