{"name": "AccuVein",
 "permalink": "accuvein",
 "crunchbase_url": "http://www.crunchbase.com/company/accuvein",
 "homepage_url": "http://www.accuvein.com",
 "blog_url": "",
 "blog_feed_url": "",
 "twitter_username": "AccuVein",
 "category_code": "hardware",
 "number_of_employees": null,
 "founded_year": 2006,
 "founded_month": null,
 "founded_day": null,
 "deadpooled_year": null,
 "deadpooled_month": null,
 "deadpooled_day": null,
 "deadpooled_url": null,
 "tag_list": "",
 "alias_list": "",
 "email_address": "info@accuvein.com",
 "phone_number": "(816) 997-9400",
 "description": "",
 "created_at": "Fri Jul 29 03:25:20 UTC 2011",
 "updated_at": "Tue Feb 04 04:50:53 UTC 2014",
 "overview": "\u003Cp\u003EAccuVein Inc., a Huntington, NY-based creator of a and-held, non-contact vein illumination device.\u003C/p\u003E",
 "image":
  {"available_sizes":
    [[[150,
       25],
      "http://api-images.crunchbase.com/assets/images/resized/0014/6808/146808v1-max-150x150.png"],
     [[223,
       38],
      "http://api-images.crunchbase.com/assets/images/resized/0014/6808/146808v1-max-250x250.png"],
     [[223,
       38],
      "http://api-images.crunchbase.com/assets/images/resized/0014/6808/146808v1-max-450x450.png"]],
   "attribution": null},
 "products":
  [],
 "relationships":
  [],
 "competitions":
  [],
 "providerships":
  [],
 "total_money_raised": "$30.5M",
 "funding_rounds":
  [{"id": 24477,
    "round_code": "b",
    "source_url": "http://www.finsmes.com/2011/07/accuvein-secures-22-5m-series-financing.html?utm_source=feedburner\u0026utm_medium=feed\u0026utm_campaign=Feed%3A+finsmes%2FcNHu+%28FinSMEs%29",
    "source_description": "AccuVein Secures $22.5M in Series B Financing",
    "raised_amount": 22500000.0,
    "raised_currency_code": "USD",
    "funded_year": 2011,
    "funded_month": 7,
    "funded_day": 28,
    "investments":
     [{"company": null,
       "financial_org":
        {"name": "MVM Life Science Partners",
         "permalink": "mvm-life-science-partners"},
       "person": null},
      {"company": null,
       "financial_org":
        {"name": "Bessemer Venture Partners",
         "permalink": "bessemer-venture-partners"},
       "person": null}]},
   {"id": 63341,
    "round_code": "debt_round",
    "source_url": "http://www.vcaonline.com/news/news.asp?ID=2014020302",
    "source_description": "Horizon Technology Finance Leads $8 Million Venture Loan to AccuVein",
    "raised_amount": 8000000.0,
    "raised_currency_code": "USD",
    "funded_year": 2014,
    "funded_month": 2,
    "funded_day": 3,
    "investments":
     [{"company": null,
       "financial_org":
        {"name": "Horizon Technology Finance Corporation",
         "permalink": "horizon-technology-finance-corporation-deleted"},
       "person": null}]}],
 "investments":
  [],
 "acquisition": null,
 "acquisitions":
  [],
 "offices":
  [{"description": "",
    "address1": "P.O. Box 1303",
    "address2": "",
    "zip_code": "11743",
    "city": "Huntington",
    "state_code": "NY",
    "country_code": "USA",
    "latitude": null,
    "longitude": null}],
 "milestones":
  [],
 "ipo": null,
 "video_embeds":
  [],
 "screenshots":
  [],
 "external_links":
  [],
 "partners":
  []}
