{"name": "Accuship",
 "permalink": "accuship",
 "crunchbase_url": "http://www.crunchbase.com/company/accuship",
 "homepage_url": "http://www.accuship.com",
 "blog_url": "",
 "blog_feed_url": "",
 "twitter_username": null,
 "category_code": null,
 "number_of_employees": null,
 "founded_year": 1994,
 "founded_month": null,
 "founded_day": null,
 "deadpooled_year": null,
 "deadpooled_month": null,
 "deadpooled_day": null,
 "deadpooled_url": null,
 "tag_list": "",
 "alias_list": "",
 "email_address": "",
 "phone_number": "901-755-0110 ",
 "description": "",
 "created_at": "Sat Feb 19 17:20:41 UTC 2011",
 "updated_at": "Sat Mar 12 00:24:07 UTC 2011",
 "overview": "\u003Cp\u003EAccuship, Inc. provides transportation spend management solutions. The company focuses on contract management, shipment management, and payment management solutions. It offers shipment management products, such as AccuMove, which provides users\u00e2\u20ac\u2122 employees with the ability to make service and rate comparisons using a multi carrier option, as well as offers desktop shipping, shipment management, hazardous goods, imports, and exports solutions; AccuTrade that offers international trade logistics, compliance, and content solutions; and AccuTrack, which provides basic tracking, supply chain event management, and first and last mile tracking solutions, as well as a solution for various inbound, outbound, and inter-office shipments. The company also provides payment management solutions, including AccuAudit that offers invoice processing, content validation, contract and invoice validation, routing guide compliance, loss and damage claims, small package claims, and freight claims solutions; AccuCode, which provides freight cost allocation, tolerance logic, on-line exception resolution, and information management by cost center solutions; and AccuPay that offers no float policy, escape float pitfalls, SAS70 type II certification, disbursement controls, and on-line carrier invoice review solutions. In addition, it offers information management products, which include AccuView, a reporting tool for the enterprise; and implementation, managed, and consulting services. The company serves retail, telecommunications, pharmaceutical, distribution, and banking industries. Accuship, Inc. was formerly known as Accuship.com, Inc. and changed its name to Accuship, Inc. in April 2000. The company was founded in 1994 and is headquartered in Memphis, Tennessee. As of September 30, 2006, Accuship, Inc. operates as a subsidiary of Iron Data Solutions, Inc.\u003C/p\u003E",
 "image":
  {"available_sizes":
    [[[75,
       75],
      "http://api-images.crunchbase.com/assets/images/resized/0012/5819/125819v2-max-150x150.png"],
     [[75,
       75],
      "http://api-images.crunchbase.com/assets/images/resized/0012/5819/125819v2-max-250x250.png"],
     [[75,
       75],
      "http://api-images.crunchbase.com/assets/images/resized/0012/5819/125819v2-max-450x450.png"]],
   "attribution": null},
 "products":
  [{"name": "Contract Optmization",
    "permalink": "contract-optmization"}],
 "relationships":
  [],
 "competitions":
  [],
 "providerships":
  [],
 "total_money_raised": "$0",
 "funding_rounds":
  [],
 "investments":
  [],
 "acquisition": null,
 "acquisitions":
  [],
 "offices":
  [{"description": "HQ",
    "address1": "3400 Players Club Parkway",
    "address2": "Suite 300",
    "zip_code": "38125",
    "city": "Memphis",
    "state_code": "TN",
    "country_code": "USA",
    "latitude": null,
    "longitude": null}],
 "milestones":
  [],
 "ipo": null,
 "video_embeds":
  [],
 "screenshots":
  [{"available_sizes":
     [[[150,
        56],
       "http://api-images.crunchbase.com/assets/images/resized/0012/5818/125818v2-max-150x150.png"],
      [[250,
        93],
       "http://api-images.crunchbase.com/assets/images/resized/0012/5818/125818v2-max-250x250.png"],
      [[450,
        168],
       "http://api-images.crunchbase.com/assets/images/resized/0012/5818/125818v2-max-450x450.png"]],
    "attribution": null}],
 "external_links":
  [],
 "partners":
  []}
