{"name": "Acebyte",
 "permalink": "acebyte",
 "crunchbase_url": "http://www.crunchbase.com/company/acebyte",
 "homepage_url": "http://www.acebyte.com",
 "blog_url": "http://www.acebyte.com/knowledgebase/",
 "blog_feed_url": "http://www.acebyte.com/knowledgebase/feed",
 "twitter_username": "Acebyte_soft",
 "category_code": "software",
 "number_of_employees": 64,
 "founded_year": 2010,
 "founded_month": 10,
 "founded_day": 2,
 "deadpooled_year": null,
 "deadpooled_month": null,
 "deadpooled_day": null,
 "deadpooled_url": null,
 "tag_list": "pc-optimizer, computer-maintenance, windows-errors, slow-pc",
 "alias_list": null,
 "email_address": "halen.zhau@gmail.com",
 "phone_number": "19526465331",
 "description": "offer computer maintain software",
 "created_at": "Wed Jun 01 09:01:36 UTC 2011",
 "updated_at": "Thu Mar 01 10:41:55 UTC 2012",
 "overview": "\u003Cp\u003EAcebyte, Inc. focusing on developing, producing and marketing PC optimization software to improve PC performance. \u003C/p\u003E",
 "image":
  {"available_sizes":
    [[[150,
       140],
      "http://api-images.crunchbase.com/assets/images/resized/0013/7290/137290v2-max-150x150.jpg"],
     [[250,
       234],
      "http://api-images.crunchbase.com/assets/images/resized/0013/7290/137290v2-max-250x250.jpg"],
     [[268,
       251],
      "http://api-images.crunchbase.com/assets/images/resized/0013/7290/137290v2-max-450x450.jpg"]],
   "attribution": null},
 "products":
  [],
 "relationships":
  [],
 "competitions":
  [],
 "providerships":
  [],
 "total_money_raised": "$0",
 "funding_rounds":
  [],
 "investments":
  [],
 "acquisition": null,
 "acquisitions":
  [],
 "offices":
  [],
 "milestones":
  [],
 "ipo": null,
 "video_embeds":
  [],
 "screenshots":
  [{"available_sizes":
     [[[150,
        93],
       "http://api-images.crunchbase.com/assets/images/resized/0013/7289/137289v2-max-150x150.jpg"],
      [[250,
        156],
       "http://api-images.crunchbase.com/assets/images/resized/0013/7289/137289v2-max-250x250.jpg"],
      [[450,
        281],
       "http://api-images.crunchbase.com/assets/images/resized/0013/7289/137289v2-max-450x450.jpg"]],
    "attribution": null}],
 "external_links":
  [],
 "partners":
  []}
