{"name": "Acellere",
 "permalink": "acellere",
 "crunchbase_url": "http://www.crunchbase.com/company/acellere",
 "homepage_url": "http://www.acellere.com",
 "blog_url": "",
 "blog_feed_url": "",
 "twitter_username": null,
 "category_code": "software",
 "number_of_employees": 20,
 "founded_year": 2009,
 "founded_month": 1,
 "founded_day": null,
 "deadpooled_year": null,
 "deadpooled_month": null,
 "deadpooled_day": null,
 "deadpooled_url": null,
 "tag_list": "automation, software-development, software-analytics, industrialization, static-analysis, applied-statistics, mathematical-modeling, bootstrapping",
 "alias_list": null,
 "email_address": "",
 "phone_number": "",
 "description": "New Age Industrialized Software Services",
 "created_at": "Wed Jun 22 11:09:10 UTC 2011",
 "updated_at": "Thu Oct 27 22:33:14 UTC 2011",
 "overview": "\u003Cp\u003EWe offer software services in an industrialized model, based on our inhouse developed software engineering platform. \u003C/p\u003E\n\n\u003Cp\u003EOne of the challenges in the software services industry today is that the quality of delivered software is highly dependent on the developer\u00e2\u20ac\u2122s skills. Even well written standard packages like SAP need to be configured or customized for every corporate and that is people dependent today. This problem is going to get worse in the coming days or the good developers are going to get very expensive. On the contrary the hardware industry has overcome this challenge by designing processes and systems, which if followed, guarantee uniformity and predictability in the quality of the output. Taking a cue from the hardware industry, we are designing our platform based on which we can offer similar levels of predictability and quality in our services to our customers. There are various ways of approaching this problem but our primary way of tackling it is from the root level of any system \u00e2\u20ac\u201c source code. Currently our platform is supporting services for applications build on procedural languages, object-oriented languages, mid and main frames, SAP systems, web based and old ADA systems. The platform incorporates advanced principles of artificial intelligence, a learning engine, rich visualization, mathematical models, applied statistics and advanced software design and engineering concepts. As we undertake more projects our platform \u00e2\u20ac\u02dclearns\u00e2\u20ac\u2122 better and becomes more \u00e2\u20ac\u02dcknowledgeable\u00e2\u20ac\u2122 thus helping us become more efficient and productive for executing similar engagements in the future. This efficiency, we pass on to our customers in particular and raise the software quality bar in the services industry in general.\u003C/p\u003E",
 "image":
  {"available_sizes":
    [[[150,
       47],
      "http://api-images.crunchbase.com/assets/images/resized/0014/0450/140450v2-max-150x150.png"],
     [[250,
       78],
      "http://api-images.crunchbase.com/assets/images/resized/0014/0450/140450v2-max-250x250.png"],
     [[381,
       120],
      "http://api-images.crunchbase.com/assets/images/resized/0014/0450/140450v2-max-450x450.png"]],
   "attribution": null},
 "products":
  [],
 "relationships":
  [{"is_past": false,
    "title": "Founder \u0026 COO",
    "person":
     {"first_name": "Andreas",
      "last_name": "Kotulla",
      "permalink": "andreas-kotulla"}},
   {"is_past": false,
    "title": "Founder \u0026 CEO",
    "person":
     {"first_name": "Vishal",
      "last_name": "Rai",
      "permalink": "vishal-rai"}},
   {"is_past": false,
    "title": "Founder \u0026 CTO",
    "person":
     {"first_name": "Sudarshan",
      "last_name": "Bhide",
      "permalink": "sudarshan-bhide"}},
   {"is_past": false,
    "title": "co-founder \u0026 VP - Engineering",
    "person":
     {"first_name": "Mandar",
      "last_name": "Garge",
      "permalink": "mandar-garge"}}],
 "competitions":
  [{"competitor":
     {"name": "Accenture",
      "permalink": "accenture"}},
   {"competitor":
     {"name": "IBM Global Services",
      "permalink": "ibm-global-services"}},
   {"competitor":
     {"name": "Infosys Limited",
      "permalink": "infosys-technologies"}},
   {"competitor":
     {"name": "Google",
      "permalink": "google"}}],
 "providerships":
  [{"title": "Legal \u0026 Accounting",
    "is_past": false,
    "provider":
     {"name": "Osborne Clarke",
      "permalink": "osborne-clarke"}}],
 "total_money_raised": "$0",
 "funding_rounds":
  [],
 "investments":
  [],
 "acquisition": null,
 "acquisitions":
  [],
 "offices":
  [{"description": "World Headquarters",
    "address1": "Friedrich-Ebert Anlage 36",
    "address2": "",
    "zip_code": "60325",
    "city": "Frankfurt a.M.",
    "state_code": null,
    "country_code": "DEU",
    "latitude": null,
    "longitude": null},
   {"description": "Registered Office",
    "address1": "Bergstrasse 29",
    "address2": "",
    "zip_code": "53757",
    "city": "Sankt Augustin",
    "state_code": null,
    "country_code": "DEU",
    "latitude": null,
    "longitude": null},
   {"description": "India Subsidiary",
    "address1": "2nd Floor, Mantri Vertex Building",
    "address2": "Law College Road, Erandwane",
    "zip_code": "411004",
    "city": "Pune",
    "state_code": null,
    "country_code": "IND",
    "latitude": null,
    "longitude": null}],
 "milestones":
  [],
 "ipo": null,
 "video_embeds":
  [],
 "screenshots":
  [],
 "external_links":
  [{"external_url": "http://www.acellere.com",
    "title": "Acellere Gmbh"}],
 "partners":
  []}
