{"name": "ACS Biomarker",
 "permalink": "acs-biomarker",
 "crunchbase_url": "http://www.crunchbase.com/company/acs-biomarker",
 "homepage_url": "http://www.acsbiomarker.com",
 "blog_url": "",
 "blog_feed_url": "",
 "twitter_username": "acsbiomarker1",
 "category_code": "biotech",
 "number_of_employees": null,
 "founded_year": null,
 "founded_month": null,
 "founded_day": null,
 "deadpooled_year": null,
 "deadpooled_month": null,
 "deadpooled_day": null,
 "deadpooled_url": null,
 "tag_list": "",
 "alias_list": "",
 "email_address": "info@acsbiomarker.com",
 "phone_number": "31(0)433885811",
 "description": "",
 "created_at": "Sat May 21 11:39:13 UTC 2011",
 "updated_at": "Wed Jul 17 00:43:53 UTC 2013",
 "overview": "\u003Cp\u003EACS Biomarker is an emerging biomarker development company aiming to discover and develop biomarkers that improve prognosis and management of cardiac disease. Well designed biomarkers can provide major value for patients and importantly advance health care as they can signify subtle molecular mechanisms that underlie disease, so that early recognition of pathological disorders can limit the increase in healthcare cost associated with treatment of these diseases. Equally important, biomarkers are needed in therapeutic drug development to appreciate the balance between beneficial and adverse actions of novel drugs at earlier stages of development, thus increasing the efficacy of drug development.\u003C/p\u003E",
 "image":
  {"available_sizes":
    [[[150,
       61],
      "http://api-images.crunchbase.com/assets/images/resized/0013/5691/135691v1-max-150x150.jpg"],
     [[250,
       101],
      "http://api-images.crunchbase.com/assets/images/resized/0013/5691/135691v1-max-250x250.jpg"],
     [[326,
       133],
      "http://api-images.crunchbase.com/assets/images/resized/0013/5691/135691v1-max-450x450.jpg"]],
   "attribution": null},
 "products":
  [],
 "relationships":
  [],
 "competitions":
  [],
 "providerships":
  [],
 "total_money_raised": "$0",
 "funding_rounds":
  [{"id": 23103,
    "round_code": "unattributed",
    "source_url": "http://www.acsbiomarker.com/press6_eng.htm",
    "source_description": "ACS BIOMARKER B.V. CLOSES FINANCING ROUND AND APPOINTS NEW CEO",
    "raised_amount": null,
    "raised_currency_code": null,
    "funded_year": 2011,
    "funded_month": 5,
    "funded_day": 20,
    "investments":
     [{"company": null,
       "financial_org":
        {"name": "Life Sciences Fund Amsterdam",
         "permalink": "life-sciences-fund-amsterdam"},
       "person": null},
      {"company": null,
       "financial_org":
        {"name": "Limburg Ventures",
         "permalink": "limburg-ventures"},
       "person": null}]}],
 "investments":
  [],
 "acquisition": null,
 "acquisitions":
  [],
 "offices":
  [{"description": "",
    "address1": "Oxfordlaan 70",
    "address2": "6229 EV Maastricht",
    "zip_code": "",
    "city": "",
    "state_code": null,
    "country_code": "NLD",
    "latitude": null,
    "longitude": null},
   {"description": null,
    "address1": null,
    "address2": null,
    "zip_code": null,
    "city": "Maastricht",
    "state_code": "",
    "country_code": "NLD",
    "latitude": 50.851211,
    "longitude": 5.683036}],
 "milestones":
  [],
 "ipo": null,
 "video_embeds":
  [],
 "screenshots":
  [{"available_sizes":
     [[[150,
        84],
       "http://api-images.crunchbase.com/assets/images/resized/0013/5692/135692v1-max-150x150.jpg"],
      [[250,
        141],
       "http://api-images.crunchbase.com/assets/images/resized/0013/5692/135692v1-max-250x250.jpg"],
      [[450,
        253],
       "http://api-images.crunchbase.com/assets/images/resized/0013/5692/135692v1-max-450x450.jpg"]],
    "attribution": null}],
 "external_links":
  [],
 "partners":
  []}
