{"name": "ActiveState",
 "permalink": "activestate",
 "crunchbase_url": "http://www.crunchbase.com/company/activestate",
 "homepage_url": "http://www.activestate.com",
 "blog_url": "http://www.activestate.com/blog",
 "blog_feed_url": "",
 "twitter_username": "activestate",
 "category_code": "software",
 "number_of_employees": null,
 "founded_year": 1997,
 "founded_month": null,
 "founded_day": null,
 "deadpooled_year": null,
 "deadpooled_month": null,
 "deadpooled_day": null,
 "deadpooled_url": null,
 "tag_list": "",
 "alias_list": "",
 "email_address": "pr@activestate.com",
 "phone_number": "778-786-1100",
 "description": "Code to Cloud: Smarter, Safer, Faster",
 "created_at": "Wed Jun 15 03:52:20 UTC 2011",
 "updated_at": "Mon Mar 31 05:04:02 UTC 2014",
 "overview": "\u003Cp\u003EActiveState\u0026#8217;s solutions give developers and enterprises the power and flexibility to develop in Java, Ruby, Python, Perl, Node.js, PHP, Tcl, and more. Stackato is ActiveState\u0026#8217;s cloud platform for creating a private platform as a service (PaaS), and is the cost-effective, secure, and portable way to develop and deploy apps to the cloud. ActiveState is proven for the enterprise: More than two million developers and 97% of Fortune-1000 companies use ActiveState\u0026#8217;s end-to-end solutions to develop, distribute, and manage their software applications. Global customers like Cisco, CA, HP, Bank of America, Siemens, and Lockheed Martin look to ActiveState to save time, save money, minimize risk, ensure compliance, and reduce time to market.\u003C/p\u003E",
 "image":
  {"available_sizes":
    [[[150,
       52],
      "http://api-images.crunchbase.com/assets/images/resized/0013/9251/139251v3-max-150x150.png"],
     [[250,
       87],
      "http://api-images.crunchbase.com/assets/images/resized/0013/9251/139251v3-max-250x250.png"],
     [[360,
       126],
      "http://api-images.crunchbase.com/assets/images/resized/0013/9251/139251v3-max-450x450.png"]],
   "attribution": null},
 "products":
  [],
 "relationships":
  [{"is_past": false,
    "title": "President \u0026 CEO",
    "person":
     {"first_name": "Bart",
      "last_name": "Copeland",
      "permalink": "bart-copeland"}},
   {"is_past": false,
    "title": "CTO \u0026 VP Development",
    "person":
     {"first_name": "Jeff",
      "last_name": "Hobbs",
      "permalink": "jeff-hobbs"}},
   {"is_past": false,
    "title": "VP Sales \u0026 Business Development",
    "person":
     {"first_name": "Angie",
      "last_name": "Hirata",
      "permalink": "angie-hirata"}},
   {"is_past": false,
    "title": "VP Product Management \u0026 Marketing",
    "person":
     {"first_name": "Brent",
      "last_name": "Smithurst",
      "permalink": "brent-smithurst"}},
   {"is_past": false,
    "title": "Board Advisor",
    "person":
     {"first_name": "Mark",
      "last_name": "Brewer",
      "permalink": "mark-brewer"}},
   {"is_past": true,
    "title": "Chairman, Board of Director",
    "person":
     {"first_name": "Mr.",
      "last_name": "Nick Bedford",
      "permalink": "mr-nick-bedford"}},
   {"is_past": true,
    "title": "VP of Marketing",
    "person":
     {"first_name": "Toph",
      "last_name": "Whitmore",
      "permalink": "toph-whitmore"}},
   {"is_past": true,
    "title": "Director, Product Managment",
    "person":
     {"first_name": "Diane",
      "last_name": "Mueller",
      "permalink": "diane-mueller"}},
   {"is_past": true,
    "title": "Board of Directors",
    "person":
     {"first_name": "Steve",
      "last_name": "Hnatiuk",
      "permalink": "steve-hnatiuk"}}],
 "competitions":
  [],
 "providerships":
  [{"title": "Public Relations",
    "is_past": true,
    "provider":
     {"name": "Clement | Peterson",
      "permalink": "clement-communications"}}],
 "total_money_raised": "$0",
 "funding_rounds":
  [],
 "investments":
  [],
 "acquisition": null,
 "acquisitions":
  [{"price_amount": null,
    "price_currency_code": "USD",
    "term_code": null,
    "source_url": "http://financial.tmcnet.com//mergers-acquisitions/news/2011/06/14/5571405.htm",
    "source_description": "ActiveState Acquires Perl Cloud Company, Phenona, to Accelerate Cloud Strategy",
    "acquired_year": 2011,
    "acquired_month": 6,
    "acquired_day": 14,
    "company":
     {"name": "Phenona",
      "permalink": "phenona"}},
   {"price_amount": null,
    "price_currency_code": "USD",
    "term_code": null,
    "source_url": "http://techcrunch.com/2013/06/04/activestate-buys-appsecute-to-enhance-paas-with-facebook-style-feed-for-developers-and-it-pros/?utm_source=dlvr.it\u0026utm_medium=twitter\u0026utm_campaign=Feed%3A+Techcrunch+%28TechCrunch%29",
    "source_description": "ActiveState Buys Appsecute To Enhance PaaS With Facebook-Style Feed For Developers And IT Pros",
    "acquired_year": 2013,
    "acquired_month": 6,
    "acquired_day": 3,
    "company":
     {"name": "Appsecute",
      "permalink": "appsecute"}}],
 "offices":
  [{"description": "",
    "address1": "Suite 1700 - 409 Granville Street",
    "address2": "BC",
    "zip_code": "V6C 1T2",
    "city": "Vancouver",
    "state_code": null,
    "country_code": "CAN",
    "latitude": null,
    "longitude": null}],
 "milestones":
  [],
 "ipo": null,
 "video_embeds":
  [],
 "screenshots":
  [{"available_sizes":
     [[[150,
        124],
       "http://api-images.crunchbase.com/assets/images/resized/0013/9252/139252v1-max-150x150.jpg"],
      [[250,
        206],
       "http://api-images.crunchbase.com/assets/images/resized/0013/9252/139252v1-max-250x250.jpg"],
      [[450,
        372],
       "http://api-images.crunchbase.com/assets/images/resized/0013/9252/139252v1-max-450x450.jpg"]],
    "attribution": null},
   {"available_sizes":
     [[[150,
        142],
       "http://api-images.crunchbase.com/assets/images/resized/0016/4042/164042v2-max-150x150.png"],
      [[250,
        237],
       "http://api-images.crunchbase.com/assets/images/resized/0016/4042/164042v2-max-250x250.png"],
      [[450,
        428],
       "http://api-images.crunchbase.com/assets/images/resized/0016/4042/164042v2-max-450x450.png"]],
    "attribution": null}],
 "external_links":
  [],
 "partners":
  []}
