{"name": "Active-Semi",
 "permalink": "active-semi",
 "crunchbase_url": "http://www.crunchbase.com/company/active-semi",
 "homepage_url": "http://www.active-semi.com",
 "blog_url": "",
 "blog_feed_url": "",
 "twitter_username": "activesemi1",
 "category_code": "semiconductor",
 "number_of_employees": null,
 "founded_year": 2004,
 "founded_month": null,
 "founded_day": null,
 "deadpooled_year": null,
 "deadpooled_month": null,
 "deadpooled_day": null,
 "deadpooled_url": null,
 "tag_list": "",
 "alias_list": "",
 "email_address": "info@active-semi.com",
 "phone_number": "1-408-735-1806",
 "description": "",
 "created_at": "Wed Jun 15 13:06:00 UTC 2011",
 "updated_at": "Fri May 03 15:06:10 UTC 2013",
 "overview": "\u003Cp\u003EFounded in 2004 in Silicon Valley, California, Active-Semi has assembled an international team of analog semiconductor experts, delivering a powerfully unique, innovative product portfolio. Active-Semi ships over 50 million power ICs per quarter and continuously develops new intellectual property.\u003C/p\u003E",
 "image":
  {"available_sizes":
    [[[150,
       43],
      "http://api-images.crunchbase.com/assets/images/resized/0013/9320/139320v2-max-150x150.jpg"],
     [[250,
       72],
      "http://api-images.crunchbase.com/assets/images/resized/0013/9320/139320v2-max-250x250.jpg"],
     [[418,
       121],
      "http://api-images.crunchbase.com/assets/images/resized/0013/9320/139320v2-max-450x450.jpg"]],
   "attribution": null},
 "products":
  [],
 "relationships":
  [{"is_past": false,
    "title": "CEO",
    "person":
     {"first_name": "Larry",
      "last_name": "Blackledge",
      "permalink": "larry-blackledge"}},
   {"is_past": false,
    "title": "Founder and CTO, Chairman and CEO",
    "person":
     {"first_name": "Steven",
      "last_name": "Huynh",
      "permalink": "steven-huynh"}},
   {"is_past": false,
    "title": "Executive Vice President",
    "person":
     {"first_name": "Alex",
      "last_name": "XuCheng Wang",
      "permalink": "alex-xucheng-wang"}},
   {"is_past": false,
    "title": "Vice President of Finance \u0026 HR",
    "person":
     {"first_name": "William",
      "last_name": "Tam",
      "permalink": "william-tam"}},
   {"is_past": false,
    "title": "General Manager, New Technology Business Unit",
    "person":
     {"first_name": "Hiroshi",
      "last_name": "Iwasaki",
      "permalink": "hiroshi-iwasaki"}},
   {"is_past": false,
    "title": "General Manager, Analog Power Business Unit and Operations",
    "person":
     {"first_name": "Shinya",
      "last_name": "Murata",
      "permalink": "shinya-murata"}},
   {"is_past": false,
    "title": "Analog Design Manager",
    "person":
     {"first_name": "Degang",
      "last_name": "Xia",
      "permalink": "degang-xia"}}],
 "competitions":
  [],
 "providerships":
  [],
 "total_money_raised": "$6M",
 "funding_rounds":
  [{"id": 23594,
    "round_code": "debt_round",
    "source_url": "http://www.prnewswire.com/news-releases/active-semi-secures-6-million-credit-facility-with-silicon-valley-bank-123904184.html",
    "source_description": "Active-Semi Secures $6 Million Credit Facility With Silicon Valley Bank",
    "raised_amount": 6000000.0,
    "raised_currency_code": "USD",
    "funded_year": 2011,
    "funded_month": 6,
    "funded_day": 15,
    "investments":
     [{"company": null,
       "financial_org":
        {"name": "Silicon Valley Bank",
         "permalink": "silicon-valley-bank"},
       "person": null}]}],
 "investments":
  [],
 "acquisition": null,
 "acquisitions":
  [],
 "offices":
  [{"description": "HQ",
    "address1": "Suite 330, One Allen Center,",
    "address2": "700 Central Expressway South",
    "zip_code": "75013",
    "city": "Allen",
    "state_code": "TX",
    "country_code": "USA",
    "latitude": null,
    "longitude": null}],
 "milestones":
  [],
 "ipo": null,
 "video_embeds":
  [],
 "screenshots":
  [{"available_sizes":
     [[[150,
        146],
       "http://api-images.crunchbase.com/assets/images/resized/0013/9321/139321v1-max-150x150.jpg"],
      [[250,
        243],
       "http://api-images.crunchbase.com/assets/images/resized/0013/9321/139321v1-max-250x250.jpg"],
      [[450,
        438],
       "http://api-images.crunchbase.com/assets/images/resized/0013/9321/139321v1-max-450x450.jpg"]],
    "attribution": null}],
 "external_links":
  [],
 "partners":
  []}
