{"name": "Actify",
 "permalink": "actify",
 "crunchbase_url": "http://www.crunchbase.com/company/actify",
 "homepage_url": "http://www.actify.com",
 "blog_url": "",
 "blog_feed_url": "",
 "twitter_username": "actify_inc",
 "category_code": null,
 "number_of_employees": null,
 "founded_year": null,
 "founded_month": null,
 "founded_day": null,
 "deadpooled_year": null,
 "deadpooled_month": null,
 "deadpooled_day": null,
 "deadpooled_url": null,
 "tag_list": null,
 "alias_list": "",
 "email_address": "info@actify.com",
 "phone_number": "415-227-3800",
 "description": "",
 "created_at": "Wed Jul 06 11:48:03 UTC 2011",
 "updated_at": "Wed Jul 06 12:12:22 UTC 2011",
 "overview": "\u003Cp\u003EActify is a privately held, award-winning global leader of product data collaboration solutions with customer companies throughout the automotive, aerospace, industrial automation, and discrete manufacturing industries. Actify products are sold through authorized distributors and Value Added Resellers in North America, Europe and Asia Pacific. Actify is headquartered in San Francisco, California. \u003C/p\u003E",
 "image":
  {"available_sizes":
    [[[150,
       63],
      "http://api-images.crunchbase.com/assets/images/resized/0014/2692/142692v1-max-150x150.jpg"],
     [[155,
       66],
      "http://api-images.crunchbase.com/assets/images/resized/0014/2692/142692v1-max-250x250.jpg"],
     [[155,
       66],
      "http://api-images.crunchbase.com/assets/images/resized/0014/2692/142692v1-max-450x450.jpg"]],
   "attribution": null},
 "products":
  [],
 "relationships":
  [{"is_past": true,
    "title": "Graphics Software Engineer",
    "person":
     {"first_name": "Oliver",
      "last_name": "Marsh",
      "permalink": "oliver-marsh"}},
   {"is_past": true,
    "title": "Director, Engineering \u0026 Architect",
    "person":
     {"first_name": "Krishna",
      "last_name": "Kunam",
      "permalink": "krishna-kunam"}}],
 "competitions":
  [],
 "providerships":
  [],
 "total_money_raised": "$0",
 "funding_rounds":
  [],
 "investments":
  [],
 "acquisition": null,
 "acquisitions":
  [{"price_amount": null,
    "price_currency_code": "USD",
    "term_code": null,
    "source_url": "http://www.marketwire.com/press-release/actify-announces-intent-to-acquire-3done-gmbh-1534812.htm",
    "source_description": "Actify Announces Intent to Acquire 3DOne GmbH",
    "acquired_year": 2011,
    "acquired_month": 7,
    "acquired_day": 6,
    "company":
     {"name": "3DOne Software",
      "permalink": "3done-software"}}],
 "offices":
  [{"description": "",
    "address1": "150 Post Street, Suite 480",
    "address2": "",
    "zip_code": "94108",
    "city": "San Francisco",
    "state_code": "CA",
    "country_code": "USA",
    "latitude": null,
    "longitude": null}],
 "milestones":
  [],
 "ipo": null,
 "video_embeds":
  [],
 "screenshots":
  [{"available_sizes":
     [[[150,
        102],
       "http://api-images.crunchbase.com/assets/images/resized/0014/2693/142693v1-max-150x150.jpg"],
      [[250,
        170],
       "http://api-images.crunchbase.com/assets/images/resized/0014/2693/142693v1-max-250x250.jpg"],
      [[450,
        306],
       "http://api-images.crunchbase.com/assets/images/resized/0014/2693/142693v1-max-450x450.jpg"]],
    "attribution": null}],
 "external_links":
  [],
 "partners":
  []}
