{"name": "ActualSales",
 "permalink": "actualsales",
 "crunchbase_url": "http://www.crunchbase.com/company/actualsales",
 "homepage_url": "http://www.actualsales.com",
 "blog_url": "",
 "blog_feed_url": "",
 "twitter_username": null,
 "category_code": "advertising",
 "number_of_employees": 100,
 "founded_year": 2006,
 "founded_month": 1,
 "founded_day": 2,
 "deadpooled_year": null,
 "deadpooled_month": null,
 "deadpooled_day": null,
 "deadpooled_url": null,
 "tag_list": "web-marketing, advertising, leads, campaigns, online-sales, online-costumers, seo, cpc, cpm, roi",
 "alias_list": null,
 "email_address": "info@actualsales.com",
 "phone_number": "+1 855 688 2288 ",
 "description": "Digital Performance Marketing Agency",
 "created_at": "Wed Jun 29 15:33:10 UTC 2011",
 "updated_at": "Tue Jun 11 22:40:27 UTC 2013",
 "overview": "\u003Cp\u003EIn the last decades the advertising industry has separated creativity, media buying, web optimization and ultimately results (sales) ultimately destroying value for its clients.\u003C/p\u003E\n\n\u003Cp\u003EActualSales works exclusively on a pay per performance basis delivering measurable results for our clients.\u003C/p\u003E\n\n\u003Cp\u003EWith a high level of commitment, full service solutions and top-management enrollment, ActualSales is successfully implemented 4000+ campaigns worldwide and is established has offices in New York, Sao Paulo, Mexico City and Lisbon and earn the confidence to promote actual sales for corporations such as: MetLife, AIG, Microsoft, AXA, Barclays, Santander, DHL, Bulgari and Avis.\u003C/p\u003E",
 "image":
  {"available_sizes":
    [[[150,
       72],
      "http://api-images.crunchbase.com/assets/images/resized/0014/1765/141765v2-max-150x150.png"],
     [[175,
       85],
      "http://api-images.crunchbase.com/assets/images/resized/0014/1765/141765v2-max-250x250.png"],
     [[175,
       85],
      "http://api-images.crunchbase.com/assets/images/resized/0014/1765/141765v2-max-450x450.png"]],
   "attribution": null},
 "products":
  [],
 "relationships":
  [{"is_past": true,
    "title": "Partner",
    "person":
     {"first_name": "Guilherme",
      "last_name": "Portela Santos",
      "permalink": "guilherme-portela-santos"}}],
 "competitions":
  [],
 "providerships":
  [],
 "total_money_raised": "$0",
 "funding_rounds":
  [],
 "investments":
  [],
 "acquisition": null,
 "acquisitions":
  [],
 "offices":
  [{"description": "",
    "address1": "136 Av. da Liberdade - 3rd floor",
    "address2": "",
    "zip_code": "1250146",
    "city": "Lisbon",
    "state_code": null,
    "country_code": "PRT",
    "latitude": 38.7191067,
    "longitude": -9.1440094},
   {"description": "",
    "address1": "32 East 39th St",
    "address2": "",
    "zip_code": "10016",
    "city": "New York",
    "state_code": "NY",
    "country_code": "USA",
    "latitude": 40.750367,
    "longitude": -73.980007},
   {"description": "",
    "address1": "Av. Brigadeiro Faria Lima, 1656, 3rd floor, cj. 3A",
    "address2": "",
    "zip_code": "01452-000 Sao Paulo \u00e2\u20ac\u201c SP",
    "city": "Sao Paulo",
    "state_code": null,
    "country_code": "BRA",
    "latitude": null,
    "longitude": null},
   {"description": "",
    "address1": "Av. Insurgentes Sur N\u00c2\u00b0 800 8th floor, Office 20.",
    "address2": "Col. Del Valle",
    "zip_code": "06100",
    "city": "Mexico City",
    "state_code": null,
    "country_code": "MEX",
    "latitude": 19.4093682,
    "longitude": -99.1719095},
   {"description": "",
    "address1": "Calle del Segre 29",
    "address2": "",
    "zip_code": "28002",
    "city": "Madrid",
    "state_code": null,
    "country_code": "ESP",
    "latitude": 40.4513258,
    "longitude": -3.6855362}],
 "milestones":
  [],
 "ipo": null,
 "video_embeds":
  [{"embed_code": "\u003Ciframe width=\"425\" height=\"349\" src=\"http://www.youtube.com/embed/AOiMjEy24yI\" frameborder=\"0\" allowfullscreen\u003E\u003C/iframe\u003E",
    "description": ""}],
 "screenshots":
  [],
 "external_links":
  [],
 "partners":
  []}
