{"name": "Actual Online Jobs",
 "permalink": "actualonlinejobs-com",
 "crunchbase_url": "http://www.crunchbase.com/company/actualonlinejobs-com",
 "homepage_url": "http://www.ActualOnlineJobs.com",
 "blog_url": "",
 "blog_feed_url": "",
 "twitter_username": null,
 "category_code": "search",
 "number_of_employees": null,
 "founded_year": 2009,
 "founded_month": 7,
 "founded_day": 10,
 "deadpooled_year": null,
 "deadpooled_month": null,
 "deadpooled_day": null,
 "deadpooled_url": null,
 "tag_list": "online-jobs",
 "alias_list": null,
 "email_address": "help@actualonlinejobs.com",
 "phone_number": "",
 "description": "Online jobs information site",
 "created_at": "Mon Feb 28 05:03:33 UTC 2011",
 "updated_at": "Mon Mar 07 16:00:21 UTC 2011",
 "overview": "\u003Cp\u003EActual Online Jobs.com provides information about how to locate real online jobs with real income for regular people.  The site provides detailed reviews of numberous job sites across the internet that offer non-traditional forms of employment. The site also contains informative articles, consumer tips, and information about scam prevention. \u003C/p\u003E",
 "image": null,
 "products":
  [],
 "relationships":
  [],
 "competitions":
  [],
 "providerships":
  [],
 "total_money_raised": "$0",
 "funding_rounds":
  [],
 "investments":
  [],
 "acquisition": null,
 "acquisitions":
  [],
 "offices":
  [],
 "milestones":
  [],
 "ipo": null,
 "video_embeds":
  [],
 "screenshots":
  [{"available_sizes":
     [[[150,
        92],
       "http://api-images.crunchbase.com/assets/images/resized/0012/4244/124244v2-max-150x150.jpg"],
      [[250,
        153],
       "http://api-images.crunchbase.com/assets/images/resized/0012/4244/124244v2-max-250x250.jpg"],
      [[450,
        276],
       "http://api-images.crunchbase.com/assets/images/resized/0012/4244/124244v2-max-450x450.jpg"]],
    "attribution": null}],
 "external_links":
  [],
 "partners":
  []}
