{"name": "ActyMac",
 "permalink": "actymac",
 "crunchbase_url": "http://www.crunchbase.com/company/actymac",
 "homepage_url": "http://www.actymac.com",
 "blog_url": "",
 "blog_feed_url": "",
 "twitter_username": "actymac",
 "category_code": "software",
 "number_of_employees": null,
 "founded_year": 2000,
 "founded_month": null,
 "founded_day": null,
 "deadpooled_year": null,
 "deadpooled_month": null,
 "deadpooled_day": null,
 "deadpooled_url": null,
 "tag_list": "mac, macos, monitoring, empoyees, spy, software, parental, control, keylogger, screenshots, keystrokes, application, capture, recording, corporate",
 "alias_list": null,
 "email_address": "support@geovid.com",
 "phone_number": "+1.408.228.4945",
 "description": "Monitoring Software for Mac",
 "created_at": "Fri Mar 11 19:00:06 UTC 2011",
 "updated_at": "Sat Mar 19 04:36:15 UTC 2011",
 "overview": "\u003Cp\u003EActyMac is a Software Development Company that specializes in the production and distribution of Mac software and technologies. ActyMac was founded in 2006 as Protection Technology Company for Mac OS since that time has become famous for its software development. \u003C/p\u003E\n\n\u003Cp\u003EActyMac production is mainly focused on recording and monitoring applications that meet the requirements of private and corporate users. ActyMac software presents a complex solution for remote monitoring of user\u0026#8217;s computer activities. Due to the innovative features we have enabled distant control without physical access to monitored Mac. \u003C/p\u003E\n\n\u003Cp\u003EThe wide functionality and high quality of released products are the main priorities laid into the company\u0026#8217;s work. These principles are especially important in the business environment when controling the employees\u0026#8217; activities during the working hours. DutyWatch and DutyWatch Remote worked out by ActyMac work undetectable monitoring the application and keyboard usage. Our developers have also engaged the iSight camera screenshots to enable screenshots control. \u003C/p\u003E\n\n\u003Cp\u003EOur company recognises the constantly increasing interest to our products and has developed some new programs with new features and expanded functionality of our old well-known products. Since ActyMac products are oriented for the changing demands of our customers, the list of applications offered on our website suggests a monitoring and recording tool for any purposes. Screenshot Remote allows to capture screenshots which is perfect to control the usage of home and business computers. The ability to record all keystrokes typed from the keyboard is released in the KeyBag application \u00e2\u20ac\u201c a keylogger that monitors keyboard activity in the stealth mode. \u003C/p\u003E\n\n\u003Cp\u003EThus ActyMac company offers a variety of options for those who would like to establish control over activities performed on computer. The users will also appreciate the new feature of remote supervision over computer usage. All products presented on our website are marked with excellent quality and convenience in utilisation. So ActyMac software provides you with high-level control and security without any need to get highly specialized skills and knowledge. \u003C/p\u003E",
 "image":
  {"available_sizes":
    [[[150,
       47],
      "http://api-images.crunchbase.com/assets/images/resized/0012/5957/125957v2-max-150x150.png"],
     [[250,
       79],
      "http://api-images.crunchbase.com/assets/images/resized/0012/5957/125957v2-max-250x250.png"],
     [[266,
       85],
      "http://api-images.crunchbase.com/assets/images/resized/0012/5957/125957v2-max-450x450.png"]],
   "attribution": null},
 "products":
  [],
 "relationships":
  [{"is_past": false,
    "title": "General Chief",
    "person":
     {"first_name": "Michael",
      "last_name": "Kaba",
      "permalink": "michael-kaba"}},
   {"is_past": false,
    "title": "PR Manager",
    "person":
     {"first_name": "Valentina",
      "last_name": "Vysotina",
      "permalink": "valentina-vysotina"}}],
 "competitions":
  [],
 "providerships":
  [],
 "total_money_raised": "$0",
 "funding_rounds":
  [],
 "investments":
  [],
 "acquisition": null,
 "acquisitions":
  [],
 "offices":
  [],
 "milestones":
  [],
 "ipo": null,
 "video_embeds":
  [],
 "screenshots":
  [],
 "external_links":
  [],
 "partners":
  []}
