{"name": "Aculon",
 "permalink": "aculon",
 "crunchbase_url": "http://www.crunchbase.com/company/aculon",
 "homepage_url": "http://www.aculon.com",
 "blog_url": "",
 "blog_feed_url": "",
 "twitter_username": null,
 "category_code": "other",
 "number_of_employees": null,
 "founded_year": null,
 "founded_month": null,
 "founded_day": null,
 "deadpooled_year": null,
 "deadpooled_month": null,
 "deadpooled_day": null,
 "deadpooled_url": null,
 "tag_list": "",
 "alias_list": "",
 "email_address": "",
 "phone_number": "858-350-9474",
 "description": "",
 "created_at": "Sat Jun 11 03:58:41 UTC 2011",
 "updated_at": "Sat Jun 11 03:58:40 UTC 2011",
 "overview": "\u003Cp\u003EAculon, Inc. commercializes unique surface and interfacial coatings leveraging nanotechnology discoveries made at Princeton University. The Princeton intellectual property includes two issued patents and seven pending applications, with Aculon as the exclusive worldwide licensee for non-biological applications. Aculon has substantially strengthened its IP position with 15 new inventions beyond the original Princeton discoveries. In total, Aculon owns and licensees a portfolio of 25 exclusive, global patents.\u003C/p\u003E",
 "image":
  {"available_sizes":
    [[[150,
       60],
      "http://api-images.crunchbase.com/assets/images/resized/0013/8685/138685v1-max-150x150.png"],
     [[202,
       82],
      "http://api-images.crunchbase.com/assets/images/resized/0013/8685/138685v1-max-250x250.png"],
     [[202,
       82],
      "http://api-images.crunchbase.com/assets/images/resized/0013/8685/138685v1-max-450x450.png"]],
   "attribution": null},
 "products":
  [],
 "relationships":
  [{"is_past": false,
    "title": "Board of Directors",
    "person":
     {"first_name": "David",
      "last_name": "J. Malone",
      "permalink": "david-j-malone"}},
   {"is_past": true,
    "title": "CEO",
    "person":
     {"first_name": "Edward",
      "last_name": "Hughes",
      "permalink": "edward-hughes"}}],
 "competitions":
  [],
 "providerships":
  [],
 "total_money_raised": "$0",
 "funding_rounds":
  [],
 "investments":
  [],
 "acquisition": null,
 "acquisitions":
  [],
 "offices":
  [{"description": "",
    "address1": "11839 Sorrento Valley Rd",
    "address2": "",
    "zip_code": "92121",
    "city": "San Diego",
    "state_code": "CA",
    "country_code": "USA",
    "latitude": null,
    "longitude": null}],
 "milestones":
  [],
 "ipo": null,
 "video_embeds":
  [],
 "screenshots":
  [],
 "external_links":
  [],
 "partners":
  []}
