{"name": "Acunu",
 "permalink": "acunu",
 "crunchbase_url": "http://www.crunchbase.com/company/acunu",
 "homepage_url": "http://www.acunu.com",
 "blog_url": "http://www.acunu.com/blog",
 "blog_feed_url": "http://feeds.feedburner.com/acunu",
 "twitter_username": "acunu",
 "category_code": "analytics",
 "number_of_employees": 20,
 "founded_year": 2009,
 "founded_month": 5,
 "founded_day": null,
 "deadpooled_year": null,
 "deadpooled_month": null,
 "deadpooled_day": null,
 "deadpooled_url": null,
 "tag_list": "real-time-analytics, big-data, nosql, cassandra, apache-cassandra, storage, hadoop, map-reduce, ssd",
 "alias_list": null,
 "email_address": "contact@acunu.com",
 "phone_number": "",
 "description": "Big Data real-time analytics",
 "created_at": "Thu Feb 24 19:13:51 UTC 2011",
 "updated_at": "Wed Feb 05 17:17:06 UTC 2014",
 "overview": "\u003Cp\u003EAcunu Analytics offers a platform for low-latency, continuous analytics on big data; powering dashboards and embedded applications to monitor and control environments in manufacturing, telecommunications, media, financial services and other industries where high-velocity data must be analysed in real time.\u003C/p\u003E\n\n\u003Cp\u003EThe Cassandra NoSQL database is at the core of the Acunu offering and Acunu is a very engaged Cassandra contributor  donating many of its innovations back to the community. \u003C/p\u003E\n\n\u003Cp\u003EAcunu was founded in 2009 and is backed by some of Europe\u2019s top VC funds. Started by a unique mix of researchers and engineers from Cambridge and Oxford Universities, Acunu has offices in London (near Old Street, London\u2019s \u201cSilicon Roundabout\u201d) and California.\u003C/p\u003E",
 "image":
  {"available_sizes":
    [[[150,
       44],
      "http://api-images.crunchbase.com/assets/images/resized/0012/4274/124274v4-max-150x150.png"],
     [[250,
       74],
      "http://api-images.crunchbase.com/assets/images/resized/0012/4274/124274v4-max-250x250.png"],
     [[450,
       134],
      "http://api-images.crunchbase.com/assets/images/resized/0012/4274/124274v4-max-450x450.png"]],
   "attribution": null},
 "products":
  [],
 "relationships":
  [{"is_past": false,
    "title": "CEO",
    "person":
     {"first_name": "Chris",
      "last_name": "Gomersall",
      "permalink": "chris-gomersall"}},
   {"is_past": false,
    "title": "Founder \u0026 CTO",
    "person":
     {"first_name": "Tim",
      "last_name": "Moreton",
      "permalink": "tim-moreton"}},
   {"is_past": false,
    "title": "VP Services",
    "person":
     {"first_name": "Emmanuel",
      "last_name": "Marchal",
      "permalink": "emmanuel-marchal"}},
   {"is_past": false,
    "title": "VP Sales",
    "person":
     {"first_name": "Chris",
      "last_name": "Smith",
      "permalink": "chris-smith"}},
   {"is_past": false,
    "title": "Sales Director",
    "person":
     {"first_name": "Neil",
      "last_name": "OKeefe",
      "permalink": "neil-okeefe"}},
   {"is_past": false,
    "title": "Investor",
    "person":
     {"first_name": "Mark",
      "last_name": "Farmer",
      "permalink": "mark-farmer"}},
   {"is_past": true,
    "title": "Founder \u0026 VP Engineering",
    "person":
     {"first_name": "Tom",
      "last_name": "Wilkie",
      "permalink": "tom-wilkie"}},
   {"is_past": true,
    "title": "Founder and CTO",
    "person":
     {"first_name": "Andy",
      "last_name": "Twigg",
      "permalink": "andy-twigg"}},
   {"is_past": true,
    "title": "VP Business Development",
    "person":
     {"first_name": "Bart",
      "last_name": "Bartlett",
      "permalink": "bart-bartlett"}},
   {"is_past": true,
    "title": "Kernel Engineer",
    "person":
     {"first_name": "Tirath",
      "last_name": "Ramdas",
      "permalink": "tirath-ramdas"}}],
 "competitions":
  [],
 "providerships":
  [{"title": "PR",
    "is_past": true,
    "provider":
     {"name": "Firefly PR",
      "permalink": "firefly-pr"}}],
 "total_money_raised": "\u00a36.6M",
 "funding_rounds":
  [{"id": 21674,
    "round_code": "seed",
    "source_url": "",
    "source_description": "",
    "raised_amount": 800000.0,
    "raised_currency_code": "GBP",
    "funded_year": 2009,
    "funded_month": 7,
    "funded_day": 1,
    "investments":
     [{"company": null,
       "financial_org":
        {"name": "Eden Ventures",
         "permalink": "eden-ventures"},
       "person": null},
      {"company": null,
       "financial_org":
        {"name": "Pentech Ventures",
         "permalink": "pentech-ventures"},
       "person": null},
      {"company": null,
       "financial_org":
        {"name": "Oxford Technology Management",
         "permalink": "oxford-technology-management"},
       "person": null}]},
   {"id": 21675,
    "round_code": "a",
    "source_url": "http://www.acunu.com/about/press/acunu-secures-series-a-funding-expands-beta/",
    "source_description": "Press release",
    "raised_amount": 2200000.0,
    "raised_currency_code": "GBP",
    "funded_year": 2011,
    "funded_month": 1,
    "funded_day": 1,
    "investments":
     [{"company": null,
       "financial_org":
        {"name": "Eden Ventures",
         "permalink": "eden-ventures"},
       "person": null},
      {"company": null,
       "financial_org":
        {"name": "Pentech Ventures",
         "permalink": "pentech-ventures"},
       "person": null},
      {"company": null,
       "financial_org":
        {"name": "Oxford Technology Management",
         "permalink": "oxford-technology-management"},
       "person": null}]},
   {"id": 32691,
    "round_code": "unattributed",
    "source_url": "http://www.finsmes.com/2012/09/acunu-raises-3-6m-funding.html?utm_source=feedburner\u0026utm_medium=feed\u0026utm_campaign=Feed%3A+finsmes%2FcNHu+%28FinSMEs%29",
    "source_description": "Acunu Raises \u00a33.6M in Funding",
    "raised_amount": 3600000.0,
    "raised_currency_code": "GBP",
    "funded_year": 2012,
    "funded_month": 9,
    "funded_day": 19,
    "investments":
     [{"company": null,
       "financial_org":
        {"name": "Imperial Innovations",
         "permalink": "imperial-innovations"},
       "person": null},
      {"company": null,
       "financial_org":
        {"name": "Eden Ventures",
         "permalink": "eden-ventures"},
       "person": null},
      {"company": null,
       "financial_org":
        {"name": "Pentech Ventures",
         "permalink": "pentech-ventures"},
       "person": null},
      {"company": null,
       "financial_org":
        {"name": "Oxford Technology Management",
         "permalink": "oxford-technology-management"},
       "person": null}]}],
 "investments":
  [],
 "acquisition": null,
 "acquisitions":
  [],
 "offices":
  [{"description": "",
    "address1": "50-52 Wharf Road",
    "address2": "",
    "zip_code": "N1 7EU",
    "city": "London",
    "state_code": null,
    "country_code": "GBR",
    "latitude": null,
    "longitude": null}],
 "milestones":
  [],
 "ipo": null,
 "video_embeds":
  [],
 "screenshots":
  [],
 "external_links":
  [],
 "partners":
  []}
