{"name": "Ad Energy",
 "permalink": "ad-energy",
 "crunchbase_url": "http://www.crunchbase.com/company/ad-energy",
 "homepage_url": "http://www.ad-energy.com",
 "blog_url": "http://www.ad-energy.com/blog",
 "blog_feed_url": "",
 "twitter_username": "Adenergysun",
 "category_code": "other",
 "number_of_employees": 10,
 "founded_year": 2009,
 "founded_month": 3,
 "founded_day": null,
 "deadpooled_year": null,
 "deadpooled_month": null,
 "deadpooled_day": null,
 "deadpooled_url": null,
 "tag_list": "solar-leasing",
 "alias_list": null,
 "email_address": "info@ad-energy.com",
 "phone_number": "8884812786",
 "description": "Residential Solar Leasing",
 "created_at": "Wed Jun 29 00:02:16 UTC 2011",
 "updated_at": "Wed Jun 29 14:17:18 UTC 2011",
 "overview": "\u003Cp\u003EAd Energy is a residential solar leasing company focused on North East markets. Was founded by execs from Capital One and Gartner. \u003C/p\u003E",
 "image":
  {"available_sizes":
    [[[150,
       60],
      "http://api-images.crunchbase.com/assets/images/resized/0014/1619/141619v2-max-150x150.jpg"],
     [[250,
       100],
      "http://api-images.crunchbase.com/assets/images/resized/0014/1619/141619v2-max-250x250.jpg"],
     [[450,
       180],
      "http://api-images.crunchbase.com/assets/images/resized/0014/1619/141619v2-max-450x450.jpg"]],
   "attribution": null},
 "products":
  [],
 "relationships":
  [],
 "competitions":
  [],
 "providerships":
  [],
 "total_money_raised": "$0",
 "funding_rounds":
  [],
 "investments":
  [],
 "acquisition": null,
 "acquisitions":
  [],
 "offices":
  [{"description": "",
    "address1": "373 Park Ave South",
    "address2": "Suite 617",
    "zip_code": "10016",
    "city": "New York",
    "state_code": "NY",
    "country_code": "USA",
    "latitude": null,
    "longitude": null}],
 "milestones":
  [],
 "ipo": null,
 "video_embeds":
  [],
 "screenshots":
  [],
 "external_links":
  [],
 "partners":
  []}
