{"name": "AdbidCentral",
 "permalink": "adbidcentral",
 "crunchbase_url": "http://www.crunchbase.com/company/adbidcentral",
 "homepage_url": "http://www.adbidcentral.com",
 "blog_url": "",
 "blog_feed_url": "",
 "twitter_username": null,
 "category_code": null,
 "number_of_employees": null,
 "founded_year": 2006,
 "founded_month": null,
 "founded_day": null,
 "deadpooled_year": null,
 "deadpooled_month": null,
 "deadpooled_day": null,
 "deadpooled_url": null,
 "tag_list": null,
 "alias_list": "",
 "email_address": "",
 "phone_number": "1-877-744-6379",
 "description": "",
 "created_at": "Mon Feb 28 00:06:47 UTC 2011",
 "updated_at": "Fri Aug 26 09:26:55 UTC 2011",
 "overview": "\u003Cp\u003EAdBidCentral is to make buying and selling online media easy, efficient and effective for buyers and sellers. AdBidCentral is the only fully transparent, open marketplace where everything from posting, shopping, transacting, implementing and reporting takes place. \u003C/p\u003E",
 "image":
  {"available_sizes":
    [[[129,
       76],
      "http://api-images.crunchbase.com/assets/images/resized/0015/1227/151227v1-max-150x150.jpg"],
     [[129,
       76],
      "http://api-images.crunchbase.com/assets/images/resized/0015/1227/151227v1-max-250x250.jpg"],
     [[129,
       76],
      "http://api-images.crunchbase.com/assets/images/resized/0015/1227/151227v1-max-450x450.jpg"]],
   "attribution": null},
 "products":
  [],
 "relationships":
  [],
 "competitions":
  [],
 "providerships":
  [],
 "total_money_raised": "$0",
 "funding_rounds":
  [],
 "investments":
  [],
 "acquisition": null,
 "acquisitions":
  [],
 "offices":
  [{"description": "",
    "address1": "665 3rd St, Suite 530",
    "address2": "",
    "zip_code": "94107",
    "city": "San Francisco",
    "state_code": "CA",
    "country_code": "USA",
    "latitude": null,
    "longitude": null}],
 "milestones":
  [],
 "ipo": null,
 "video_embeds":
  [],
 "screenshots":
  [{"available_sizes":
     [[[150,
        120],
       "http://api-images.crunchbase.com/assets/images/resized/0015/1228/151228v1-max-150x150.jpg"],
      [[250,
        201],
       "http://api-images.crunchbase.com/assets/images/resized/0015/1228/151228v1-max-250x250.jpg"],
      [[450,
        361],
       "http://api-images.crunchbase.com/assets/images/resized/0015/1228/151228v1-max-450x450.jpg"]],
    "attribution": null}],
 "external_links":
  [],
 "partners":
  []}
