{"name": "CitySqoop",
 "permalink": "adboy",
 "crunchbase_url": "http://www.crunchbase.com/company/adboy",
 "homepage_url": "http://www.citysqoop.com",
 "blog_url": "",
 "blog_feed_url": "",
 "twitter_username": "citysqoop",
 "category_code": null,
 "number_of_employees": 1,
 "founded_year": null,
 "founded_month": null,
 "founded_day": null,
 "deadpooled_year": null,
 "deadpooled_month": null,
 "deadpooled_day": null,
 "deadpooled_url": null,
 "tag_list": "",
 "alias_list": null,
 "email_address": "",
 "phone_number": "",
 "description": "User-generated events site",
 "created_at": "Wed Mar 30 23:54:39 UTC 2011",
 "updated_at": "Fri Sep 09 02:41:34 UTC 2011",
 "overview": null,
 "image": null,
 "products":
  [],
 "relationships":
  [{"is_past": false,
    "title": "Founder",
    "person":
     {"first_name": "Yohannes",
      "last_name": "Tadesse",
      "permalink": "yohannes-tadesse"}}],
 "competitions":
  [],
 "providerships":
  [],
 "total_money_raised": "$0",
 "funding_rounds":
  [],
 "investments":
  [],
 "acquisition": null,
 "acquisitions":
  [],
 "offices":
  [],
 "milestones":
  [],
 "ipo": null,
 "video_embeds":
  [],
 "screenshots":
  [],
 "external_links":
  [],
 "partners":
  []}
