{"name": "Adconion Direct",
 "permalink": "adconion-direct",
 "crunchbase_url": "http://www.crunchbase.com/company/adconion-direct",
 "homepage_url": "http://www.adconiondirect.com",
 "blog_url": "",
 "blog_feed_url": "",
 "twitter_username": "Adconion_Direct",
 "category_code": "advertising",
 "number_of_employees": 600,
 "founded_year": 2011,
 "founded_month": null,
 "founded_day": null,
 "deadpooled_year": null,
 "deadpooled_month": null,
 "deadpooled_day": null,
 "deadpooled_url": null,
 "tag_list": "ad-network, email, social-media, display, video, mobile, behavioral-targeting, adconion-direct, cross-channel-solutions, frontline-direct, adconian-direct",
 "alias_list": null,
 "email_address": "sales@adconiondirect.com",
 "phone_number": "(310) 382-5500",
 "description": "Digital Distribution Platform",
 "created_at": "Thu Jun 23 17:21:46 UTC 2011",
 "updated_at": "Wed Oct 02 20:45:02 UTC 2013",
 "overview": "\u003Cp\u003EAdconion Direct is a global provider of cross channel digital advertising solutions, delivering performance at scale across display, video, mobile, email \u0026amp; social. \u003C/p\u003E\n\n\u003Cp\u003EThe cross channel platform is powered by an end-to-end proprietary technology solution, \u0026amp; audience profiling engine that tracks \u0026amp; analyzes billions of audience events monthly.\u003C/p\u003E\n\n\u003Cp\u003EFor more information visit: www.adconiondirect.com \u003C/p\u003E",
 "image":
  {"available_sizes":
    [[[150,
       69],
      "http://api-images.crunchbase.com/assets/images/resized/0026/6203/266203v2-max-150x150.png"],
     [[250,
       115],
      "http://api-images.crunchbase.com/assets/images/resized/0026/6203/266203v2-max-250x250.png"],
     [[353,
       163],
      "http://api-images.crunchbase.com/assets/images/resized/0026/6203/266203v2-max-450x450.png"]],
   "attribution": null},
 "products":
  [],
 "relationships":
  [{"is_past": false,
    "title": "CEO",
    "person":
     {"first_name": "Kim",
      "last_name": "Reed Perell",
      "permalink": "kim-reed-perell"}},
   {"is_past": false,
    "title": "COO",
    "person":
     {"first_name": "Alexander",
      "last_name": "Loeffler",
      "permalink": "alexander-loeffler"}},
   {"is_past": false,
    "title": "SVP of Sales",
    "person":
     {"first_name": "Michael",
      "last_name": "Parkes",
      "permalink": "michael-parkes"}},
   {"is_past": false,
    "title": "SVP",
    "person":
     {"first_name": "Amanda",
      "last_name": "Currie",
      "permalink": "amanda-currie"}},
   {"is_past": false,
    "title": "EVP, Marketing, Strategy \u0026 Innovation",
    "person":
     {"first_name": "Ben",
      "last_name": "Fox",
      "permalink": "ben-fox-2"}},
   {"is_past": false,
    "title": "VP, Cross Channel Solutions",
    "person":
     {"first_name": "James",
      "last_name": "Malines",
      "permalink": "james-malines"}},
   {"is_past": true,
    "title": "",
    "person":
     {"first_name": "Brian",
      "last_name": "Baumgart",
      "permalink": "brain-baumgart"}},
   {"is_past": true,
    "title": "Sr. Director, Media",
    "person":
     {"first_name": "Nick",
      "last_name": "Lynch",
      "permalink": "nick-lynch"}}],
 "competitions":
  [{"competitor":
     {"name": "Specific Media",
      "permalink": "specific-media"}},
   {"competitor":
     {"name": "interclick",
      "permalink": "interclick"}},
   {"competitor":
     {"name": "ValueClick",
      "permalink": "valueclick"}}],
 "providerships":
  [],
 "total_money_raised": "$0",
 "funding_rounds":
  [],
 "investments":
  [],
 "acquisition": null,
 "acquisitions":
  [],
 "offices":
  [{"description": "Santa Moncia",
    "address1": "3301 Exposition Blvd. 1st Floor",
    "address2": "",
    "zip_code": "90404",
    "city": "Santa Monica",
    "state_code": "CA",
    "country_code": "USA",
    "latitude": null,
    "longitude": null},
   {"description": "New York",
    "address1": "155 5th Avenue 3rd Floor",
    "address2": "",
    "zip_code": "10010",
    "city": "New York",
    "state_code": "NY",
    "country_code": "USA",
    "latitude": null,
    "longitude": null},
   {"description": "San Diego",
    "address1": "9444 Waples Street Suite #350",
    "address2": "",
    "zip_code": "92121",
    "city": "San Diego",
    "state_code": "CA",
    "country_code": "USA",
    "latitude": null,
    "longitude": null}],
 "milestones":
  [],
 "ipo": null,
 "video_embeds":
  [],
 "screenshots":
  [{"available_sizes":
     [[[150,
        72],
       "http://api-images.crunchbase.com/assets/images/resized/0026/5163/265163v2-max-150x150.jpg"],
      [[250,
        120],
       "http://api-images.crunchbase.com/assets/images/resized/0026/5163/265163v2-max-250x250.jpg"],
      [[450,
        217],
       "http://api-images.crunchbase.com/assets/images/resized/0026/5163/265163v2-max-450x450.jpg"]],
    "attribution": null}],
 "external_links":
  [],
 "partners":
  []}
