{"name": "Addiemall",
 "permalink": "addiemall",
 "crunchbase_url": "http://www.crunchbase.com/company/addiemall",
 "homepage_url": "http://www.addiemall.com",
 "blog_url": "http://www.addiemall.com/category/addie-mail-this-week/",
 "blog_feed_url": "",
 "twitter_username": "manicachetti",
 "category_code": "ecommerce",
 "number_of_employees": 4,
 "founded_year": 1982,
 "founded_month": 2,
 "founded_day": 26,
 "deadpooled_year": null,
 "deadpooled_month": null,
 "deadpooled_day": null,
 "deadpooled_url": null,
 "tag_list": "",
 "alias_list": null,
 "email_address": "manica@addiemall.com",
 "phone_number": "+91 8220207889",
 "description": "A online and mobile advertising portal",
 "created_at": "Mon Jun 06 08:16:43 UTC 2011",
 "updated_at": "Tue Jun 07 14:21:45 UTC 2011",
 "overview": "\u003Cp\u003EA online and mobile advertising portal for women and startups.\nAddiemall provides attractive low price advertising in online and mobile spaces exclusively to women and other startups aimed at vital \neconomies like India and USA.Interms of online advertising, We offer two services to the client at the same time. Firstly, We gurantee them that their promotions will \nbe put up in leading online webspaces like google,yahoo,facebook,bing,and other sites that abide by \u0026#8220;Clickable\u0026#8221;(we are subcontracters of clickable)\n.Secondly we also let them be found in the search results of these sites.We are also in the process of providing SEO services to our clients.\nAs for Mobile advertising is concerned, We do your promotions in the form of Text messages to a particular target of audiences who are likely \nto be most influenced by the clients business at very low prices, which no business would afford to miss.\u003C/p\u003E",
 "image":
  {"available_sizes":
    [[[124,
       150],
      "http://api-images.crunchbase.com/assets/images/resized/0013/7834/137834v2-max-150x150.jpg"],
     [[207,
       250],
      "http://api-images.crunchbase.com/assets/images/resized/0013/7834/137834v2-max-250x250.jpg"],
     [[373,
       450],
      "http://api-images.crunchbase.com/assets/images/resized/0013/7834/137834v2-max-450x450.jpg"]],
   "attribution": null},
 "products":
  [],
 "relationships":
  [{"is_past": true,
    "title": "founder",
    "person":
     {"first_name": "manickavalli",
      "last_name": "arumugam",
      "permalink": "manickavalli-arumugam"}}],
 "competitions":
  [],
 "providerships":
  [],
 "total_money_raised": "$0",
 "funding_rounds":
  [],
 "investments":
  [],
 "acquisition": null,
 "acquisitions":
  [],
 "offices":
  [],
 "milestones":
  [],
 "ipo": null,
 "video_embeds":
  [],
 "screenshots":
  [],
 "external_links":
  [],
 "partners":
  []}
