{"name": "ADDM\u0026G",
 "permalink": "addm-g",
 "crunchbase_url": "http://www.crunchbase.com/company/addm-g",
 "homepage_url": "http://www.addmg.com",
 "blog_url": "",
 "blog_feed_url": "",
 "twitter_username": null,
 "category_code": "legal",
 "number_of_employees": null,
 "founded_year": 1928,
 "founded_month": null,
 "founded_day": null,
 "deadpooled_year": null,
 "deadpooled_month": null,
 "deadpooled_day": null,
 "deadpooled_url": null,
 "tag_list": "miami-trademark-lawyer, florida-patent-lawyer, orlando-patent-attorney, jacksonville-patent-attorney, tampa-patent-attorney, miami-trademark-attorney, miami-patent-attorney, florida-patent-attorney, florida-trademark-attorney, melbourne-patent-attorney, m",
 "alias_list": null,
 "email_address": "info@addmg.com",
 "phone_number": "407-841-2330",
 "description": "ADDMG is one of Florida\u00e2\u20ac\u2122s oldest  law ",
 "created_at": "Fri Jul 15 07:03:52 UTC 2011",
 "updated_at": "Fri Jul 15 17:12:19 UTC 2011",
 "overview": "\u003Cp\u003E\u0026#8220;Herb Allen came to Orlando in 1972, after gaining significant experience as patent counsel for RCA Corporation, and joined two other patent attorneys to establish the original group. Bob Dyer joined the firm in 1980, and brought with him a wealth of knowledge in business litigation. Ava Doppelt joined the firm in 1983 and added her expertise in trademarks, copyrights, and related litigation, after having served as intellectual property counsel for The Reader\u0026#8217;s Digest Association. In 1990, Steve Milbrath and Brian Gilchrist added their considerable experience in business litigation to the group. In 1995, Chris Regan joined the practice and developed a sophisticated electrical and electronic patent prosecution practice.\u003C/p\u003E\n\n\u003Cp\u003ESince that time, several other attorneys have joined the firm as partners and associates, bringing with them a number of large, multinational corporate clients that require intellectual property protection on a world-wide basis. To accomplish these objectives, ADDMG counts on its licensed professionals, including attorneys and patent agents.\u003C/p\u003E\n\n\u003Cp\u003EConcentrating in intellectual property and related litigation, ADDMG has been named by the trade journal Intellectual Property Today as being among the top 100 law firms in the U.S. for obtaining patents and trademark registrations. This ranking was determined by the actual number of patents and trademarks registrations issued within the calendar year.\u003C/p\u003E\n\n\u003Cp\u003EWe would welcome the opportunity to help you protect, enforce and defend your U.S. and international intellectual property rights.\u0026#8221;\u003C/p\u003E",
 "image":
  {"available_sizes":
    [[[150,
       150],
      "http://api-images.crunchbase.com/assets/images/resized/0014/4371/144371v2-max-150x150.jpg"],
     [[190,
       190],
      "http://api-images.crunchbase.com/assets/images/resized/0014/4371/144371v2-max-250x250.jpg"],
     [[190,
       190],
      "http://api-images.crunchbase.com/assets/images/resized/0014/4371/144371v2-max-450x450.jpg"]],
   "attribution": null},
 "products":
  [],
 "relationships":
  [],
 "competitions":
  [],
 "providerships":
  [],
 "total_money_raised": "$0",
 "funding_rounds":
  [],
 "investments":
  [],
 "acquisition": null,
 "acquisitions":
  [],
 "offices":
  [],
 "milestones":
  [],
 "ipo": null,
 "video_embeds":
  [],
 "screenshots":
  [],
 "external_links":
  [],
 "partners":
  []}
