{"name": "AddonFactory",
 "permalink": "addonfactory",
 "crunchbase_url": "http://www.crunchbase.com/company/addonfactory",
 "homepage_url": "http://addonfactory.in",
 "blog_url": "http://blog.addonfactory.in",
 "blog_feed_url": "",
 "twitter_username": "addonfactory",
 "category_code": "software",
 "number_of_employees": 8,
 "founded_year": 2005,
 "founded_month": 8,
 "founded_day": 5,
 "deadpooled_year": null,
 "deadpooled_month": null,
 "deadpooled_day": null,
 "deadpooled_url": null,
 "tag_list": "firefox, chrome, internet-explorer, safari, opera, extension, addon, plugin",
 "alias_list": null,
 "email_address": "info@addonfactory.in",
 "phone_number": "+917276014864",
 "description": "extending your web experience",
 "created_at": "Sat Feb 26 03:40:14 UTC 2011",
 "updated_at": "Tue Mar 01 22:22:35 UTC 2011",
 "overview": "\u003Cp\u003EAddonFactory is a dedicated to the Rich Internet Application development. Our mission is to provide people with the means to turn their dreams into reality with help of all the tools we got in our toolbox. Addonfactory is a laboratory where science and creativity meet to develop, research and explorer new ideas. Collectively we explore design directions, develop ideas and turn them into nice shiny products.\u003C/p\u003E",
 "image":
  {"available_sizes":
    [[[150,
       14],
      "http://api-images.crunchbase.com/assets/images/resized/0012/4054/124054v2-max-150x150.png"],
     [[250,
       23],
      "http://api-images.crunchbase.com/assets/images/resized/0012/4054/124054v2-max-250x250.png"],
     [[337,
       32],
      "http://api-images.crunchbase.com/assets/images/resized/0012/4054/124054v2-max-450x450.png"]],
   "attribution": null},
 "products":
  [],
 "relationships":
  [],
 "competitions":
  [],
 "providerships":
  [],
 "total_money_raised": "$0",
 "funding_rounds":
  [],
 "investments":
  [],
 "acquisition": null,
 "acquisitions":
  [],
 "offices":
  [{"description": "Headquarters",
    "address1": "",
    "address2": "",
    "zip_code": "",
    "city": "Pune",
    "state_code": null,
    "country_code": "IND",
    "latitude": null,
    "longitude": null}],
 "milestones":
  [],
 "ipo": null,
 "video_embeds":
  [],
 "screenshots":
  [],
 "external_links":
  [],
 "partners":
  []}
