{"name": "Adela Promotion",
 "permalink": "adela-promotion",
 "crunchbase_url": "http://www.crunchbase.com/company/adela-promotion",
 "homepage_url": "http://www.adela.vn",
 "blog_url": "",
 "blog_feed_url": "",
 "twitter_username": "promises8x",
 "category_code": "advertising",
 "number_of_employees": 84,
 "founded_year": 1988,
 "founded_month": 8,
 "founded_day": 19,
 "deadpooled_year": null,
 "deadpooled_month": null,
 "deadpooled_day": null,
 "deadpooled_url": null,
 "tag_list": "adela-promotion",
 "alias_list": null,
 "email_address": "promises8x@gmail.com",
 "phone_number": "84435583382",
 "description": " Adela  Promotion specializes in providi",
 "created_at": "Tue Jun 21 07:49:25 UTC 2011",
 "updated_at": "Fri Aug 19 18:36:06 UTC 2011",
 "overview": "\u003Cp\u003EJSC Design and Creative Media Adela activities with the aim of providing units for the overall solution of brand development: from market research, advertising strategy, design items in brand identity system \u0026#8230; to the implementation of communication programs \u0026#8230; Adela wishes to build each unit a separate brand identity specific to each industry sector to bring the values \u00e2\u20ac\u2039\u00e2\u20ac\u2039that the unit gives its customers, while also building and implementing brand strategies for each unit for each specific target.\u003C/p\u003E\n\n\u003Cp\u003EAdela is always ready to become your reliable partners during the development of enterprises, organizations and individuals nationwide.\u003C/p\u003E\n\n\u003Cp\u003EThe main areas of activity of Adela include:\u003C/p\u003E\n\n\u003Cpre\u003E\u003Ccode\u003E                       - Creative Design\n                       - Building and developing brand\n                       - Website Design and Development\n                       - Media Room\n                       - Printing on all materials\n                       - Design and construction Furniture - Architecture\n\u003C/code\u003E\u003C/pre\u003E\n\n\u003Cp\u003EIn the context of market economy, tough competition today, the brand is always a problem that all businesses are focused and need a reliable partner to guide and give the optimal solution for Marketing and PR plan. Team of consultants, design and engineering experience, has conducted many projects large and small scale will satisfy your requirements.\u003C/p\u003E\n\n\u003Cp\u003ECOMPANY DESIGN AND COMMUNICATION CREATIVE Adela\nAddress: 21/124, Hoang Ngan Street, Trung Hoa, Cau Giay, Hanoi\nPhone: (04) 8587 6245 - 8587 6246-3558 3382\nFax: (04) 3558 3382\nWebsite: http://www.adela.vn\nEmail: contact@adela.vn\u003C/p\u003E",
 "image":
  {"available_sizes":
    [[[150,
       125],
      "http://api-images.crunchbase.com/assets/images/resized/0014/0174/140174v2-max-150x150.jpg"],
     [[168,
       140],
      "http://api-images.crunchbase.com/assets/images/resized/0014/0174/140174v2-max-250x250.jpg"],
     [[168,
       140],
      "http://api-images.crunchbase.com/assets/images/resized/0014/0174/140174v2-max-450x450.jpg"]],
   "attribution": null},
 "products":
  [],
 "relationships":
  [],
 "competitions":
  [],
 "providerships":
  [],
 "total_money_raised": "$0",
 "funding_rounds":
  [],
 "investments":
  [],
 "acquisition": null,
 "acquisitions":
  [],
 "offices":
  [{"description": "Hanoi",
    "address1": "So 21/124, Pho Hoang Ngan, Trung Hoa, Cau Giay",
    "address2": "141 L\u00c6\u00b0\u00c6\u00a1ng Th\u00e1\u00ba\u00bf Vinh",
    "zip_code": "0844",
    "city": "Ha Noi",
    "state_code": null,
    "country_code": "VNM",
    "latitude": null,
    "longitude": null}],
 "milestones":
  [],
 "ipo": null,
 "video_embeds":
  [],
 "screenshots":
  [],
 "external_links":
  [{"external_url": "http://adela.vn/dich-vu/thiet-ke-logo.html",
    "title": "thiet ke logo"}],
 "partners":
  []}
