{"name": "AdeoPoint",
 "permalink": "adeopoint",
 "crunchbase_url": "http://www.crunchbase.com/company/adeopoint",
 "homepage_url": "http://www.adeopoint.net",
 "blog_url": "http://www.adeopoint.net/blog.aspx",
 "blog_feed_url": "",
 "twitter_username": "adeopoint",
 "category_code": "software",
 "number_of_employees": 10,
 "founded_year": 2009,
 "founded_month": 1,
 "founded_day": 30,
 "deadpooled_year": null,
 "deadpooled_month": null,
 "deadpooled_day": null,
 "deadpooled_url": null,
 "tag_list": "sharepoint, cloud, hosting",
 "alias_list": null,
 "email_address": "media@adeopoint.com",
 "phone_number": "0845 034 8834",
 "description": "sharepoint professional services;hosting",
 "created_at": "Mon May 23 09:49:43 UTC 2011",
 "updated_at": "Tue May 24 04:09:27 UTC 2011",
 "overview": "\u003Cp\u003EAdeoPoint delivers services and solutions to organisations that have chosen Microsoft on-premises and online technologies. The consulting service portfolio includes governance, architecture, design, development, implementation, training and support; assisting our clients across the lifecycle of their business solution needs powered by Microsoft SharePoint, SQL Server, PerformancePoint, Lync and Exchange technologies.\u003C/p\u003E\n\n\u003Cp\u003EAdeoServe, the Cloud Services Division of AdeoPoint, offers a full range of Private Cloud, Utility Cloud, Hosting and Microsoft Online services to businesses of all shapes and sizes around the world.\u003C/p\u003E",
 "image": null,
 "products":
  [],
 "relationships":
  [{"is_past": false,
    "title": "Director",
    "person":
     {"first_name": "Seb",
      "last_name": "Matthews",
      "permalink": "seb-matthews"}},
   {"is_past": false,
    "title": "Marketing Manager",
    "person":
     {"first_name": "Annie",
      "last_name": "Markova",
      "permalink": "annie-markova"}}],
 "competitions":
  [],
 "providerships":
  [],
 "total_money_raised": "$0",
 "funding_rounds":
  [],
 "investments":
  [],
 "acquisition": null,
 "acquisitions":
  [],
 "offices":
  [{"description": "UK Office",
    "address1": "The Coliseum, Watchmoor Park, Riverside Way",
    "address2": "",
    "zip_code": "GU15 3YL",
    "city": "Camberley",
    "state_code": null,
    "country_code": "GBR",
    "latitude": null,
    "longitude": null}],
 "milestones":
  [],
 "ipo": null,
 "video_embeds":
  [],
 "screenshots":
  [],
 "external_links":
  [{"external_url": "http://www.adeoserve.com/",
    "title": "Cloud Services Division"}],
 "partners":
  []}
