{"name": "AdIQuity",
 "permalink": "adiquity",
 "crunchbase_url": "http://www.crunchbase.com/company/adiquity",
 "homepage_url": "http://www.adiquity.com",
 "blog_url": "http://adiquity.com/blog/",
 "blog_feed_url": "",
 "twitter_username": "adiquity",
 "category_code": "advertising",
 "number_of_employees": 25,
 "founded_year": 2006,
 "founded_month": null,
 "founded_day": null,
 "deadpooled_year": null,
 "deadpooled_month": null,
 "deadpooled_day": null,
 "deadpooled_url": null,
 "tag_list": "mobile-ad-network, mobile-ads, mobile-ad-optimization, mobile-advertising, in-app-advertising, app-monetization",
 "alias_list": "",
 "email_address": "somnath.m@guruji.com",
 "phone_number": "+91 9740060266",
 "description": "Global Mobile Ads Platform",
 "created_at": "Tue Jul 12 11:43:12 UTC 2011",
 "updated_at": "Fri Oct 04 12:11:18 UTC 2013",
 "overview": "\u003Cp\u003EAdIQuity is a global mobile ads platform which helps mobile publishers and app developers to earn high revenue from their mobile inventory.\u003C/p\u003E\n\n\u003Cp\u003EIt also enables ad agencies, online ad networks and other media buyers to leverage the opportunities presented in the rapidly growing Mobile Ads space.\u003C/p\u003E\n\n\u003Cp\u003EAdIQuity offerings are:\u003C/p\u003E\n\n\u003Cp\u003EMobile Ads Optimization: Better monetization of mobile sites/apps through optimized global ad inventory drawn from top ad networks around the world.\u003C/p\u003E\n\n\u003Cp\u003EPremium Mobile Publisher Offering: Allows premium mobile sites to serve Premium Direct Sales Ads, Cross-sell/Up-sell Ads, and AdIQuity Ads through AdIQuity\u00e2\u20ac\u2122s full functionality Mobile Ad Server.\u003C/p\u003E\n\n\u003Cp\u003ERTB Exchange: AdIQuity is Asia\u00e2\u20ac\u2122s first Real Time Bidding (RTB) Exchange which allows Mobile Publishers and Media buyers to engage in a real time bidding model.\u003C/p\u003E\n\n\u003Cp\u003ESaaS based Mobile Ad Server: Allows Large Publishers/Agencies/Ad Networks to access easy to use full functionality mobile ad server, and create their own Mobile Ads offering with absolute ease. As a SaaS based solution, AdIQuity does not require expensive hardware/software investment.\u003C/p\u003E",
 "image":
  {"available_sizes":
    [[[150,
       37],
      "http://api-images.crunchbase.com/assets/images/resized/0014/3747/143747v2-max-150x150.png"],
     [[250,
       62],
      "http://api-images.crunchbase.com/assets/images/resized/0014/3747/143747v2-max-250x250.png"],
     [[450,
       112],
      "http://api-images.crunchbase.com/assets/images/resized/0014/3747/143747v2-max-450x450.png"]],
   "attribution": null},
 "products":
  [],
 "relationships":
  [{"is_past": false,
    "title": "Founder \u0026 CEO",
    "person":
     {"first_name": "Anurag",
      "last_name": "Dod",
      "permalink": "anurag-dod"}},
   {"is_past": false,
    "title": "Head Finance",
    "person":
     {"first_name": "Alex",
      "last_name": "Eapen",
      "permalink": "alex-eapen"}},
   {"is_past": false,
    "title": "Head, Business Development",
    "person":
     {"first_name": "Santosh",
      "last_name": "Kevlani",
      "permalink": "santosh-kevlani"}},
   {"is_past": false,
    "title": "Development Team",
    "person":
     {"first_name": "Kaushik",
      "last_name": "Malakar",
      "permalink": "kaushik-malakar"}},
   {"is_past": false,
    "title": "Office Manager \u0026 HR Specialist",
    "person":
     {"first_name": "Jhansi",
      "last_name": "Peter",
      "permalink": "jhansi-peter"}},
   {"is_past": false,
    "title": "Business Development Team",
    "person":
     {"first_name": "Chandresh",
      "last_name": "Bala",
      "permalink": "chandresh-b"}},
   {"is_past": false,
    "title": "Business Development Team",
    "person":
     {"first_name": "Sandeep",
      "last_name": "Kumar Almiya",
      "permalink": "sandeep-kumar-almiya"}},
   {"is_past": false,
    "title": "Development Team",
    "person":
     {"first_name": "Amit",
      "last_name": "Srivastava",
      "permalink": "amit-srivastava-4"}},
   {"is_past": false,
    "title": "Sales Team",
    "person":
     {"first_name": "Arun",
      "last_name": "Upadhyay",
      "permalink": "arun-upadhyay"}},
   {"is_past": false,
    "title": "Adops Lead",
    "person":
     {"first_name": "Pradeep",
      "last_name": "Diwakar Rao",
      "permalink": "pradeep-diwakar"}},
   {"is_past": false,
    "title": "Operations Team",
    "person":
     {"first_name": "Rathnakara",
      "last_name": "NP",
      "permalink": "rathnakara-np"}},
   {"is_past": false,
    "title": "Business Development Team",
    "person":
     {"first_name": "Vinay",
      "last_name": "Gourgonda",
      "permalink": "vinay-gourgonda"}},
   {"is_past": false,
    "title": "Development Team",
    "person":
     {"first_name": "Chetan",
      "last_name": "Raj Bharti",
      "permalink": "chetan-raj-bharti"}},
   {"is_past": false,
    "title": "Development Team",
    "person":
     {"first_name": "Manikandan",
      "last_name": "R",
      "permalink": "manikandan-r"}},
   {"is_past": false,
    "title": "Development Team",
    "person":
     {"first_name": "Srinivas",
      "last_name": "Gokavarapu",
      "permalink": "srinivas-gokavarapu"}},
   {"is_past": false,
    "title": "Development Team",
    "person":
     {"first_name": "Umashankar",
      "last_name": "Samdwar",
      "permalink": "umashankar-samdwar"}},
   {"is_past": false,
    "title": "Marketing Team",
    "person":
     {"first_name": "Dattatreya",
      "last_name": "Kusale",
      "permalink": "dattatreya-kusale"}},
   {"is_past": false,
    "title": "Business Development Team",
    "person":
     {"first_name": "Sanjay",
      "last_name": "Mohan",
      "permalink": "sanjay-mohan"}},
   {"is_past": false,
    "title": "Business Development Team",
    "person":
     {"first_name": "Karan",
      "last_name": "Talwar",
      "permalink": "karan-talwar"}},
   {"is_past": false,
    "title": "Head - Sales",
    "person":
     {"first_name": "Rajiv",
      "last_name": "Narayan",
      "permalink": "rajiv-narayan"}},
   {"is_past": false,
    "title": "Product \u0026 Marketing Team",
    "person":
     {"first_name": "Amarnath",
      "last_name": "Bhandari",
      "permalink": "amarnath-b-s"}},
   {"is_past": false,
    "title": "Finance Team",
    "person":
     {"first_name": "Rudra",
      "last_name": "Murthy",
      "permalink": "rudra-murthy"}},
   {"is_past": false,
    "title": "Business Development Team",
    "person":
     {"first_name": "Anjan",
      "last_name": "Kumar",
      "permalink": "anjan-kumar"}},
   {"is_past": false,
    "title": "Business Development Team",
    "person":
     {"first_name": "Milan",
      "last_name": "Abraham",
      "permalink": "milan-abraham"}},
   {"is_past": false,
    "title": "Development Team",
    "person":
     {"first_name": "Aditi",
      "last_name": "Bhatia",
      "permalink": "aditi-bhatia"}},
   {"is_past": false,
    "title": "Development Team",
    "person":
     {"first_name": "Anjali",
      "last_name": "Pal",
      "permalink": "anjali-pal"}},
   {"is_past": false,
    "title": "Sales Team",
    "person":
     {"first_name": "Avirup",
      "last_name": "Das",
      "permalink": "avirup-das"}},
   {"is_past": false,
    "title": "Ad Operations and Analytics",
    "person":
     {"first_name": "Rajarajeshwari",
      "last_name": "Prakash",
      "permalink": "rajarajeshwari-prakash"}},
   {"is_past": false,
    "title": "Operations Team",
    "person":
     {"first_name": "Vinod",
      "last_name": "H R",
      "permalink": "vinod-h-r"}},
   {"is_past": false,
    "title": "Business Development Team",
    "person":
     {"first_name": "Vishwajeeth",
      "last_name": "G Konchady",
      "permalink": "vishwajeeth-g-konchady"}},
   {"is_past": false,
    "title": "Development Team",
    "person":
     {"first_name": "Dinmani",
      "last_name": "Ujjwal",
      "permalink": "dinmani-ujjwal"}},
   {"is_past": false,
    "title": "Development Team",
    "person":
     {"first_name": "Mara",
      "last_name": "Nithin Kumar",
      "permalink": "mara-nithin-kumar"}},
   {"is_past": false,
    "title": "Development Team",
    "person":
     {"first_name": "Rahul",
      "last_name": "Kumar",
      "permalink": "rahul-kumar"}},
   {"is_past": false,
    "title": "Development Team",
    "person":
     {"first_name": "Yamlaiah",
      "last_name": "Kolli",
      "permalink": "yamlaiah-kolli"}},
   {"is_past": false,
    "title": "Business Development Team",
    "person":
     {"first_name": "Soukhya",
      "last_name": "Somanath",
      "permalink": "soukhya-somanath"}},
   {"is_past": false,
    "title": "Sales Team",
    "person":
     {"first_name": "Jobin",
      "last_name": "Paul",
      "permalink": "jobin-paul"}}],
 "competitions":
  [{"competitor":
     {"name": "smart ad",
      "permalink": "smart-ad"}},
   {"competitor":
     {"name": "Smart AdServer",
      "permalink": "smart-adserver"}},
   {"competitor":
     {"name": "Smaato",
      "permalink": "smaato"}},
   {"competitor":
     {"name": "NEXAGE",
      "permalink": "nexage"}},
   {"competitor":
     {"name": "Mobclix",
      "permalink": "mobclix"}},
   {"competitor":
     {"name": "AdMob",
      "permalink": "admob"}},
   {"competitor":
     {"name": "InMobi",
      "permalink": "inmobi"}},
   {"competitor":
     {"name": "MoPub",
      "permalink": "mopub"}}],
 "providerships":
  [],
 "total_money_raised": "$0",
 "funding_rounds":
  [],
 "investments":
  [],
 "acquisition": null,
 "acquisitions":
  [],
 "offices":
  [{"description": "World Headquarters",
    "address1": "138, 5th Floor, Maruthi Towers,",
    "address2": "Kodihalli, Bangalore - 560008",
    "zip_code": "560008",
    "city": "Bangalore",
    "state_code": null,
    "country_code": "IND",
    "latitude": null,
    "longitude": null}],
 "milestones":
  [{"id": 38041,
    "description": "AdIQuity Launches $1mn Fund for App Developers",
    "stoned_year": 2013,
    "stoned_month": 8,
    "stoned_day": 12,
    "source_url": "http://www.nextbigwhat.com/adiquity-developer-fund-297/",
    "source_text": "",
    "source_description": "AdIQuity Launches $1mn Fund for App Developers",
    "stoneable_type": "Company",
    "stoned_value": null,
    "stoned_value_type": null,
    "stoned_acquirer": null,
    "stoneable":
     {"name": "AdIQuity",
      "permalink": "adiquity"}}],
 "ipo": null,
 "video_embeds":
  [],
 "screenshots":
  [],
 "external_links":
  [],
 "partners":
  []}
