{"name": "Aditive",
 "permalink": "aditive",
 "crunchbase_url": "http://www.crunchbase.com/company/aditive",
 "homepage_url": "http://www.aditive.com",
 "blog_url": "http://aditive.com/category/news/",
 "blog_feed_url": "",
 "twitter_username": "AditiveInc",
 "category_code": "advertising",
 "number_of_employees": null,
 "founded_year": 2010,
 "founded_month": null,
 "founded_day": null,
 "deadpooled_year": null,
 "deadpooled_month": null,
 "deadpooled_day": null,
 "deadpooled_url": null,
 "tag_list": "social-media, advertising, network, facebook, twitter, crm, media",
 "alias_list": "",
 "email_address": "info@aditive.com",
 "phone_number": "",
 "description": "",
 "created_at": "Fri Jun 24 00:41:54 UTC 2011",
 "updated_at": "Sun Sep 01 10:16:03 UTC 2013",
 "overview": "\u003Cp\u003EAditive is the single solution for making a brands entire advertising mix social. \u003C/p\u003E\n\n\u003Cp\u003EOur platform harnesses the power of human connections to amplify brand messaging, increase engagements and boost conversions. We enable brands to understand which consumers will be their best advocates, dynamically personalize messaging and scale these efforts through advertising. \u003C/p\u003E",
 "image":
  {"available_sizes":
    [[[150,
       41],
      "http://api-images.crunchbase.com/assets/images/resized/0014/0907/140907v6-max-150x150.jpg"],
     [[250,
       69],
      "http://api-images.crunchbase.com/assets/images/resized/0014/0907/140907v6-max-250x250.jpg"],
     [[450,
       125],
      "http://api-images.crunchbase.com/assets/images/resized/0014/0907/140907v6-max-450x450.jpg"]],
   "attribution": null},
 "products":
  [],
 "relationships":
  [{"is_past": false,
    "title": "Founder \u0026 CEO",
    "person":
     {"first_name": "Todd",
      "last_name": "Parsons",
      "permalink": "todd-parsons"}},
   {"is_past": false,
    "title": "CTO",
    "person":
     {"first_name": "Eugene",
      "last_name": "Abovsky",
      "permalink": "eugene-abovsky"}},
   {"is_past": false,
    "title": "VP Sales, East",
    "person":
     {"first_name": "Arkady",
      "last_name": "Fridman",
      "permalink": "arkady-fridman"}},
   {"is_past": false,
    "title": "Director of Client Services",
    "person":
     {"first_name": "Michelle",
      "last_name": "Law",
      "permalink": "michelle-law"}},
   {"is_past": false,
    "title": "Account Manager",
    "person":
     {"first_name": "Ashley",
      "last_name": "Crisostomo",
      "permalink": "ashley-crisostomo"}},
   {"is_past": false,
    "title": "Director of Sales, Central Region",
    "person":
     {"first_name": "Jeff",
      "last_name": "Sipple",
      "permalink": "jeff-sipple"}},
   {"is_past": false,
    "title": "Client Associate",
    "person":
     {"first_name": "Evan",
      "last_name": "Hills",
      "permalink": "evan-hills"}},
   {"is_past": false,
    "title": "Senior Engineer",
    "person":
     {"first_name": "Mike",
      "last_name": "Cialowicz",
      "permalink": "mike-cialowicz"}},
   {"is_past": false,
    "title": "Lead Designer",
    "person":
     {"first_name": "AJ",
      "last_name": "Brilliantes",
      "permalink": "aj-brilliantes"}},
   {"is_past": false,
    "title": "Dev-Ops Engineer",
    "person":
     {"first_name": "Karl",
      "last_name": "Quinsland",
      "permalink": "karl-quinsland"}},
   {"is_past": true,
    "title": "CFO",
    "person":
     {"first_name": "Samuel",
      "last_name": "Long",
      "permalink": "samuel-long"}},
   {"is_past": true,
    "title": "Director of Advertising Operations and Product Management",
    "person":
     {"first_name": "Derek",
      "last_name": "Moulaison",
      "permalink": "derek-moulaison"}}],
 "competitions":
  [],
 "providerships":
  [],
 "total_money_raised": "$3.3M",
 "funding_rounds":
  [{"id": 41375,
    "round_code": "private_equity",
    "source_url": "http://www.sec.gov/Archives/edgar/data/1508058/000150805812000003/xslFormDX01/primary_doc.xml",
    "source_description": "SEC",
    "raised_amount": 3301958.0,
    "raised_currency_code": "USD",
    "funded_year": 2012,
    "funded_month": 8,
    "funded_day": 22,
    "investments":
     []}],
 "investments":
  [],
 "acquisition": null,
 "acquisitions":
  [],
 "offices":
  [{"description": "Headquarters",
    "address1": "580 Howard Street",
    "address2": "Suite 304",
    "zip_code": "94105",
    "city": "San Francisco",
    "state_code": "CA",
    "country_code": "USA",
    "latitude": null,
    "longitude": null}],
 "milestones":
  [],
 "ipo": null,
 "video_embeds":
  [],
 "screenshots":
  [],
 "external_links":
  [{"external_url": "http://aditive.com/solutions/",
    "title": "Aditive Solutions"}],
 "partners":
  []}
