{"name": "Adjudica",
 "permalink": "adjudica",
 "crunchbase_url": "http://www.crunchbase.com/company/adjudica",
 "homepage_url": "http://www.healthsight.com",
 "blog_url": "",
 "blog_feed_url": "",
 "twitter_username": null,
 "category_code": "enterprise",
 "number_of_employees": 7,
 "founded_year": 2008,
 "founded_month": null,
 "founded_day": null,
 "deadpooled_year": null,
 "deadpooled_month": null,
 "deadpooled_day": null,
 "deadpooled_url": null,
 "tag_list": "medical, technology, software, facebook, transparency, engagement, administrative-services-only, capital-innovators",
 "alias_list": "",
 "email_address": "info@healthsight.com",
 "phone_number": "314-374-6826",
 "description": "Healthcare cost control software",
 "created_at": "Mon Jun 27 03:59:05 UTC 2011",
 "updated_at": "Sat Apr 12 10:58:36 UTC 2014",
 "overview": "\u003Cp\u003EAdjudica, LLC has developed HealthSight, the world\u0026#8217;s first group transparency and engagement web platform for employer and government health plans.  With a Facebook-like approach to building a sense of community around healthcare, the HealthSight platform is designed to help transform how people view their group healthcare and help plan sponsors and members save money and get the best value from their healthcare spending.  Adjudica is using a partner channel distribution strategy to provide HealthSight to the thousands of  employers that provide healthcare to over 100 million people.  Further the HealthSight platform has an opportunity to be a key component of any healthcare reform, providing the engagement that will be necessary for any of the approaches to controlling costs while extending coverage. \u003C/p\u003E",
 "image":
  {"available_sizes":
    [[[150,
       35],
      "http://api-images.crunchbase.com/assets/images/resized/0015/1388/151388v1-max-150x150.jpg"],
     [[250,
       59],
      "http://api-images.crunchbase.com/assets/images/resized/0015/1388/151388v1-max-250x250.jpg"],
     [[366,
       87],
      "http://api-images.crunchbase.com/assets/images/resized/0015/1388/151388v1-max-450x450.jpg"]],
   "attribution": null},
 "products":
  [],
 "relationships":
  [{"is_past": false,
    "title": "Vice President, Operations",
    "person":
     {"first_name": "Philip",
      "last_name": "Slavin",
      "permalink": "philip-slavin"}},
   {"is_past": true,
    "title": "Chairman of the Board",
    "person":
     {"first_name": "Brian",
      "last_name": "Matthews",
      "permalink": "brian-matthews"}}],
 "competitions":
  [],
 "providerships":
  [{"title": "",
    "is_past": false,
    "provider":
     {"name": "SNR Denton",
      "permalink": "snr-denton"}},
   {"title": "Colocation",
    "is_past": false,
    "provider":
     {"name": "Hostirian",
      "permalink": "hostirian"}}],
 "total_money_raised": "$550k",
 "funding_rounds":
  [{"id": 23809,
    "round_code": "angel",
    "source_url": "",
    "source_description": "",
    "raised_amount": 500000.0,
    "raised_currency_code": "USD",
    "funded_year": 2010,
    "funded_month": 1,
    "funded_day": 1,
    "investments":
     [{"company": null,
       "financial_org": null,
       "person":
        {"first_name": "Brian",
         "last_name": "Matthews",
         "permalink": "brian-matthews"}}]},
   {"id": 50673,
    "round_code": "seed",
    "source_url": "http://capitalinnovators.com/",
    "source_description": "Capital Innovators",
    "raised_amount": 50000.0,
    "raised_currency_code": "USD",
    "funded_year": 2011,
    "funded_month": 9,
    "funded_day": 1,
    "investments":
     [{"company": null,
       "financial_org":
        {"name": "Capital Innovators",
         "permalink": "capital-innovators"},
       "person": null}]}],
 "investments":
  [],
 "acquisition": null,
 "acquisitions":
  [],
 "offices":
  [{"description": "",
    "address1": "11756 Borman Drive, Suite 201",
    "address2": "",
    "zip_code": "63146",
    "city": "St. Louis",
    "state_code": "MO",
    "country_code": "USA",
    "latitude": null,
    "longitude": null}],
 "milestones":
  [{"id": 15939,
    "description": "Partial deployment of CDHP modeler and spending pages to Butler University",
    "stoned_year": 2010,
    "stoned_month": 11,
    "stoned_day": null,
    "source_url": "",
    "source_text": null,
    "source_description": "",
    "stoneable_type": "Company",
    "stoned_value": null,
    "stoned_value_type": null,
    "stoned_acquirer": null,
    "stoneable":
     {"name": "Adjudica",
      "permalink": "adjudica"}}],
 "ipo": null,
 "video_embeds":
  [],
 "screenshots":
  [{"available_sizes":
     [[[150,
        123],
       "http://api-images.crunchbase.com/assets/images/resized/0015/1389/151389v1-max-150x150.jpg"],
      [[250,
        205],
       "http://api-images.crunchbase.com/assets/images/resized/0015/1389/151389v1-max-250x250.jpg"],
      [[450,
        369],
       "http://api-images.crunchbase.com/assets/images/resized/0015/1389/151389v1-max-450x450.jpg"]],
    "attribution": null}],
 "external_links":
  [{"external_url": "http://capitalinnovators.com/",
    "title": "Capital Innovators Accelerator"}],
 "partners":
  []}
