{"name": "AdLux",
 "permalink": "adlux",
 "crunchbase_url": "http://www.crunchbase.com/company/adlux",
 "homepage_url": "http://www.adlux.com",
 "blog_url": "",
 "blog_feed_url": "",
 "twitter_username": null,
 "category_code": "advertising",
 "number_of_employees": null,
 "founded_year": 2009,
 "founded_month": null,
 "founded_day": null,
 "deadpooled_year": null,
 "deadpooled_month": null,
 "deadpooled_day": null,
 "deadpooled_url": null,
 "tag_list": "",
 "alias_list": null,
 "email_address": "",
 "phone_number": "",
 "description": "Digital Advertising ",
 "created_at": "Sat Mar 26 00:59:43 UTC 2011",
 "updated_at": "Thu Apr 03 08:39:06 UTC 2014",
 "overview": "\u003Cp\u003EAdlux is a multi-channel digital advertising company. They provide sophisticated and intelligent advertising solutions via their two unique and powerful networks - Adlux Search Network and the Adlux Media Network. Founded in Sydney, Australia with offices across the globe, they provide innovative, effective advertising solutions and a comprehensive source of PPC online advertising products to advertisers and agencies throughout Australasia, North America, Latin America and Europe.\u003C/p\u003E",
 "image":
  {"available_sizes":
    [[[150,
       138],
      "http://api-images.crunchbase.com/assets/images/resized/0035/4842/354842v2-max-150x150.jpg"],
     [[220,
       203],
      "http://api-images.crunchbase.com/assets/images/resized/0035/4842/354842v2-max-250x250.jpg"],
     [[220,
       203],
      "http://api-images.crunchbase.com/assets/images/resized/0035/4842/354842v2-max-450x450.jpg"]],
   "attribution": null},
 "products":
  [{"name": "Digital Advertising Solutions",
    "permalink": "digital-advertising-solutions"}],
 "relationships":
  [{"is_past": true,
    "title": "Campaign Manager",
    "person":
     {"first_name": "Andrianes",
      "last_name": "Pinantoan",
      "permalink": "andrianes-pinantoan"}}],
 "competitions":
  [],
 "providerships":
  [],
 "total_money_raised": "$0",
 "funding_rounds":
  [],
 "investments":
  [],
 "acquisition": null,
 "acquisitions":
  [],
 "offices":
  [{"description": "Sydney Office",
    "address1": "Suite 1, Level 19",
    "address2": "Westfield Tower 2 101 Grafton St,New South Wales",
    "zip_code": "2022",
    "city": "Bondi Junction",
    "state_code": null,
    "country_code": "AUS",
    "latitude": null,
    "longitude": null},
   {"description": "San Francisco Office",
    "address1": "100 Montgomery Street",
    "address2": "Suite 1235",
    "zip_code": "94104",
    "city": "San Francisco",
    "state_code": "CA",
    "country_code": "USA",
    "latitude": null,
    "longitude": null},
   {"description": "Singapore Office",
    "address1": "31 Rochester Drive",
    "address2": "Level 24 Suite 36",
    "zip_code": "138637",
    "city": "",
    "state_code": null,
    "country_code": "SGP",
    "latitude": null,
    "longitude": null}],
 "milestones":
  [],
 "ipo": null,
 "video_embeds":
  [],
 "screenshots":
  [],
 "external_links":
  [],
 "partners":
  []}
