{"name": "Admitly",
 "permalink": "admitly",
 "crunchbase_url": "http://www.crunchbase.com/company/admitly",
 "homepage_url": null,
 "blog_url": "",
 "blog_feed_url": "",
 "twitter_username": null,
 "category_code": "other",
 "number_of_employees": 2,
 "founded_year": null,
 "founded_month": null,
 "founded_day": null,
 "deadpooled_year": null,
 "deadpooled_month": null,
 "deadpooled_day": null,
 "deadpooled_url": null,
 "tag_list": "",
 "alias_list": "prepfly",
 "email_address": "",
 "phone_number": "",
 "description": "Admission Pipeline to US Schools",
 "created_at": "Mon May 09 21:31:38 UTC 2011",
 "updated_at": "Sun Apr 13 00:26:48 UTC 2014",
 "overview": "\u003Cp\u003EAdmission Pipeline to US Schools\u003C/p\u003E",
 "image": null,
 "products":
  [],
 "relationships":
  [{"is_past": true,
    "title": "Lead",
    "person":
     {"first_name": "Angelo",
      "last_name": "Kramvis",
      "permalink": "angelo-kramvis"}},
   {"is_past": true,
    "title": "Developer",
    "person":
     {"first_name": "Derek",
      "last_name": "Dahmer",
      "permalink": "derek-dahmer"}}],
 "competitions":
  [],
 "providerships":
  [],
 "total_money_raised": "$0",
 "funding_rounds":
  [{"id": 67096,
    "round_code": "seed",
    "source_url": "",
    "source_description": "Crunchbase Ventunre Program  ",
    "raised_amount": null,
    "raised_currency_code": "USD",
    "funded_year": 2011,
    "funded_month": 8,
    "funded_day": 15,
    "investments":
     [{"company": null,
       "financial_org":
        {"name": "DreamIt Ventures",
         "permalink": "dreamit-ventures"},
       "person": null}]}],
 "investments":
  [],
 "acquisition": null,
 "acquisitions":
  [],
 "offices":
  [],
 "milestones":
  [],
 "ipo": null,
 "video_embeds":
  [],
 "screenshots":
  [],
 "external_links":
  [],
 "partners":
  []}
