{"name": "ADOTAS",
 "permalink": "adotas",
 "crunchbase_url": "http://www.crunchbase.com/company/adotas",
 "homepage_url": null,
 "blog_url": null,
 "blog_feed_url": null,
 "twitter_username": null,
 "category_code": null,
 "number_of_employees": null,
 "founded_year": null,
 "founded_month": null,
 "founded_day": null,
 "deadpooled_year": null,
 "deadpooled_month": null,
 "deadpooled_day": null,
 "deadpooled_url": null,
 "tag_list": "",
 "alias_list": null,
 "email_address": null,
 "phone_number": null,
 "description": null,
 "created_at": "Thu Jul 07 00:40:06 UTC 2011",
 "updated_at": "Fri Jul 15 19:45:23 UTC 2011",
 "overview": "\u003Cp\u003EAdotas is a major interactive advertising and media publication, first founded by Pesach \u0026#8220;Pace\u0026#8221; Lattin in 2005. It was launched from the popular ADBUMb newsletter, also owned and created by Mr. Lattin. The publication features mainly opinion articles by executives within the industry plus news stories of interest for  media and advertising professionals.\u003C/p\u003E",
 "image": null,
 "products":
  [],
 "relationships":
  [{"is_past": true,
    "title": "Founder",
    "person":
     {"first_name": "Pace",
      "last_name": "Lattin",
      "permalink": "pace-lattin"}}],
 "competitions":
  [],
 "providerships":
  [],
 "total_money_raised": "$0",
 "funding_rounds":
  [],
 "investments":
  [],
 "acquisition": null,
 "acquisitions":
  [],
 "offices":
  [{"description": "New York Publishing Group",
    "address1": "640 Lawlins Road",
    "address2": "",
    "zip_code": "07481",
    "city": "Wyckoff",
    "state_code": "NJ",
    "country_code": "USA",
    "latitude": null,
    "longitude": null}],
 "milestones":
  [],
 "ipo": null,
 "video_embeds":
  [],
 "screenshots":
  [],
 "external_links":
  [{"external_url": "http://www.adotas.com/",
    "title": "ADOTAS"}],
 "partners":
  []}
