{"name": "AdRevolution",
 "permalink": "adrevolution",
 "crunchbase_url": "http://www.crunchbase.com/company/adrevolution",
 "homepage_url": "http://www.adrevolution.com",
 "blog_url": "",
 "blog_feed_url": "",
 "twitter_username": null,
 "category_code": "web",
 "number_of_employees": null,
 "founded_year": null,
 "founded_month": null,
 "founded_day": null,
 "deadpooled_year": null,
 "deadpooled_month": null,
 "deadpooled_day": null,
 "deadpooled_url": null,
 "tag_list": "",
 "alias_list": "",
 "email_address": "info@adrevolution.com",
 "phone_number": "512-473-8979",
 "description": "",
 "created_at": "Sat Jul 16 03:25:49 UTC 2011",
 "updated_at": "Wed Aug 31 02:19:39 UTC 2011",
 "overview": "\u003Cp\u003EAdRevolution is leading the revolution in highly-targeted interactive marketing with the powerful algorithms of its Natural Intelligence Marketing Engine (NIME). Using NIME\u0026#8217;s one-to-one targeting capabilities, AdRevolution presents relevant ads to consumers, increasing revenues for advertisers, publishers and e-tailers on any digital channel.\u003C/p\u003E",
 "image":
  {"available_sizes":
    [[[150,
       26],
      "http://api-images.crunchbase.com/assets/images/resized/0014/4512/144512v1-max-150x150.png"],
     [[250,
       43],
      "http://api-images.crunchbase.com/assets/images/resized/0014/4512/144512v1-max-250x250.png"],
     [[350,
       61],
      "http://api-images.crunchbase.com/assets/images/resized/0014/4512/144512v1-max-450x450.png"]],
   "attribution": null},
 "products":
  [],
 "relationships":
  [{"is_past": false,
    "title": "CEO and Founder",
    "person":
     {"first_name": "Andrew",
      "last_name": "Westmoreland",
      "permalink": "andrew-westmoreland"}},
   {"is_past": false,
    "title": "Chief Revenue Officer",
    "person":
     {"first_name": "John",
      "last_name": "Engler",
      "permalink": "john-engler"}},
   {"is_past": false,
    "title": "COO",
    "person":
     {"first_name": "Jamie",
      "last_name": "Lagarde",
      "permalink": "jamie-lagarde"}},
   {"is_past": false,
    "title": "Vice President, Products and Solutions",
    "person":
     {"first_name": "Seth",
      "last_name": "Weisfeld",
      "permalink": "seth-weisfeld"}},
   {"is_past": false,
    "title": "Advisory Board",
    "person":
     {"first_name": "Greg",
      "last_name": "Richardson",
      "permalink": "greg-richardson-2"}}],
 "competitions":
  [],
 "providerships":
  [],
 "total_money_raised": "$0",
 "funding_rounds":
  [],
 "investments":
  [],
 "acquisition": null,
 "acquisitions":
  [],
 "offices":
  [{"description": "",
    "address1": "106 East 6th Street",
    "address2": "Suite 900",
    "zip_code": "78701",
    "city": "Austin",
    "state_code": "TX",
    "country_code": "USA",
    "latitude": null,
    "longitude": null}],
 "milestones":
  [],
 "ipo": null,
 "video_embeds":
  [],
 "screenshots":
  [],
 "external_links":
  [],
 "partners":
  []}
