{"name": "AdServe Digital Signage",
 "permalink": "adserve-digital-signage",
 "crunchbase_url": "http://www.crunchbase.com/company/adserve-digital-signage",
 "homepage_url": "http://www.adserve.com.au",
 "blog_url": "",
 "blog_feed_url": "",
 "twitter_username": "AdServeDigital",
 "category_code": "advertising",
 "number_of_employees": 3,
 "founded_year": 2005,
 "founded_month": 9,
 "founded_day": null,
 "deadpooled_year": null,
 "deadpooled_month": null,
 "deadpooled_day": null,
 "deadpooled_url": null,
 "tag_list": "digital-signage, outdoor-advertising",
 "alias_list": null,
 "email_address": "adam@adserve.com.au",
 "phone_number": "6128231 6564",
 "description": "Digital Signage Software",
 "created_at": "Thu Apr 28 00:13:19 UTC 2011",
 "updated_at": "Tue Apr 09 05:07:36 UTC 2013",
 "overview": "\u003Cp\u003EAdServe is an end-to-end digital signage platform. AdServe integrates the offline world with the online world by synchronizing on-premises offline LCD-screen restaurant menu boards, wayfinding displays, and event information displays with online social media and a dedicated premises website. Non-technical users can create, manage, schedule, and display compelling advertising and information content across multiple in-house zones and multiple venues.\u003C/p\u003E",
 "image":
  {"available_sizes":
    [[[150,
       30],
      "http://api-images.crunchbase.com/assets/images/resized/0013/2309/132309v2-max-150x150.jpg"],
     [[226,
       46],
      "http://api-images.crunchbase.com/assets/images/resized/0013/2309/132309v2-max-250x250.jpg"],
     [[226,
       46],
      "http://api-images.crunchbase.com/assets/images/resized/0013/2309/132309v2-max-450x450.jpg"]],
   "attribution": null},
 "products":
  [],
 "relationships":
  [{"is_past": false,
    "title": "Director",
    "person":
     {"first_name": "Adam",
      "last_name": "Ridley",
      "permalink": "adam-ridley"}}],
 "competitions":
  [{"competitor":
     {"name": "Scala",
      "permalink": "scala"}},
   {"competitor":
     {"name": "Four Winds Interactive",
      "permalink": "four-winds-interactive"}},
   {"competitor":
     {"name": "Smart AdServer",
      "permalink": "smart-adserver"}},
   {"competitor":
     {"name": "Smart AdServer",
      "permalink": "smart-adserver"}}],
 "providerships":
  [],
 "total_money_raised": "$0",
 "funding_rounds":
  [],
 "investments":
  [],
 "acquisition": null,
 "acquisitions":
  [],
 "offices":
  [{"description": "Headquarters",
    "address1": "Suite 85 377 Kent St",
    "address2": "Seabridge House 377 Kent St",
    "zip_code": "2000",
    "city": "Sydney",
    "state_code": null,
    "country_code": "AUS",
    "latitude": null,
    "longitude": null}],
 "milestones":
  [],
 "ipo": null,
 "video_embeds":
  [{"embed_code": "\u003Ciframe width=\"450\" height=\"253\" src=\"http://www.youtube.com/embed/zZ3JjPnG8bA?rel=0\u0026border=0\u0026autohide=1\" frameborder=\"0\" allowfullscreen\u003E\u003C/iframe\u003E",
    "description": "\u003Cp\u003EAdServe Digital Signage\u003C/p\u003E"}],
 "screenshots":
  [{"available_sizes":
     [[[150,
        112],
       "http://api-images.crunchbase.com/assets/images/resized/0016/2083/162083v2-max-150x150.jpg"],
      [[250,
        187],
       "http://api-images.crunchbase.com/assets/images/resized/0016/2083/162083v2-max-250x250.jpg"],
      [[450,
        337],
       "http://api-images.crunchbase.com/assets/images/resized/0016/2083/162083v2-max-450x450.jpg"]],
    "attribution": null},
   {"available_sizes":
     [[[150,
        112],
       "http://api-images.crunchbase.com/assets/images/resized/0016/2084/162084v2-max-150x150.jpg"],
      [[250,
        187],
       "http://api-images.crunchbase.com/assets/images/resized/0016/2084/162084v2-max-250x250.jpg"],
      [[450,
        337],
       "http://api-images.crunchbase.com/assets/images/resized/0016/2084/162084v2-max-450x450.jpg"]],
    "attribution": null},
   {"available_sizes":
     [[[150,
        112],
       "http://api-images.crunchbase.com/assets/images/resized/0016/2087/162087v2-max-150x150.jpg"],
      [[250,
        187],
       "http://api-images.crunchbase.com/assets/images/resized/0016/2087/162087v2-max-250x250.jpg"],
      [[450,
        337],
       "http://api-images.crunchbase.com/assets/images/resized/0016/2087/162087v2-max-450x450.jpg"]],
    "attribution": null}],
 "external_links":
  [],
 "partners":
  []}
