{"name": "Aduro BioTech",
 "permalink": "aduro-biotech",
 "crunchbase_url": "http://www.crunchbase.com/company/aduro-biotech",
 "homepage_url": "http://www.adurobiotech.com",
 "blog_url": "",
 "blog_feed_url": "",
 "twitter_username": null,
 "category_code": "biotech",
 "number_of_employees": null,
 "founded_year": 2000,
 "founded_month": null,
 "founded_day": null,
 "deadpooled_year": null,
 "deadpooled_month": null,
 "deadpooled_day": null,
 "deadpooled_url": null,
 "tag_list": "",
 "alias_list": "",
 "email_address": "bd@adurobiotech.com",
 "phone_number": "510-848-4400",
 "description": "",
 "created_at": "Thu Apr 21 01:35:15 UTC 2011",
 "updated_at": "Wed Mar 12 13:34:22 UTC 2014",
 "overview": "\u003Cp\u003EAduro BioTech, Inc., a development stage biopharmaceutical company, engages in the development of early stage cancer therapies. The company focuses on the development of its minimally invasive NT and TNT cancer treatment systems, which use iron oxide nano-particles that generate heat when exposed to an externally applied magnetic field and kills tumor cells without the toxicity or collateral damage. It offers therapies for breast, prostate, colorectal, lung, pancreas, ovarian, and head and neck cancers. The company was formerly known as Oncologic, Inc. and changed its name to Aduro BioTech, Inc. in June 2008. Aduro BioTech, Inc. was founded in 2000 and is headquartered in Berkeley, California.\u003C/p\u003E",
 "image":
  {"available_sizes":
    [[[150,
       83],
      "http://api-images.crunchbase.com/assets/images/resized/0013/1417/131417v1-max-150x150.png"],
     [[188,
       105],
      "http://api-images.crunchbase.com/assets/images/resized/0013/1417/131417v1-max-250x250.png"],
     [[188,
       105],
      "http://api-images.crunchbase.com/assets/images/resized/0013/1417/131417v1-max-450x450.png"]],
   "attribution": null},
 "products":
  [],
 "relationships":
  [{"is_past": false,
    "title": "Chairman and CEO",
    "person":
     {"first_name": "Stephen",
      "last_name": "T. Isaacs",
      "permalink": "stephen-t-isaacs"}},
   {"is_past": false,
    "title": "Chief Scientific Officer",
    "person":
     {"first_name": "Thomas",
      "last_name": "W. Dubensky",
      "permalink": "thomas-w-dubensky"}},
   {"is_past": false,
    "title": "acting CFO",
    "person":
     {"first_name": "Seth",
      "last_name": "David Model",
      "permalink": "seth-david-model"}},
   {"is_past": false,
    "title": "Senior Vice President of Research and Development",
    "person":
     {"first_name": "Dirk",
      "last_name": "G. Brockstedt",
      "permalink": "dirk-g-brockstedt"}},
   {"is_past": false,
    "title": "COO",
    "person":
     {"first_name": "Gregory",
      "last_name": "W. Schafer",
      "permalink": "gregory-w-schafer"}},
   {"is_past": false,
    "title": "Director, Biodefense and Process Development",
    "person":
     {"first_name": "Justin",
      "last_name": "Skoble",
      "permalink": "justin-skoble"}},
   {"is_past": false,
    "title": "Board Member",
    "person":
     {"first_name": "Stephanie",
      "last_name": "O'Brien",
      "permalink": "stephanie-obrien"}},
   {"is_past": false,
    "title": "Board Member",
    "person":
     {"first_name": "Ross",
      "last_name": "Haghighat",
      "permalink": "ross-haghighat"}},
   {"is_past": false,
    "title": "Board Observer",
    "person":
     {"first_name": "Drew",
      "last_name": "Pardoll",
      "permalink": "drew-pardoll"}},
   {"is_past": false,
    "title": "Director of Clinical Operations",
    "person":
     {"first_name": "Aimee",
      "last_name": "Murphy",
      "permalink": "aimee-murphy"}},
   {"is_past": false,
    "title": "Director of Operations.",
    "person":
     {"first_name": "Nancy",
      "last_name": "Kaplan",
      "permalink": "nancy-kaplan"}},
   {"is_past": false,
    "title": "Board Member",
    "person":
     {"first_name": "William",
      "last_name": "M. Greenman",
      "permalink": "william-m-greenman"}},
   {"is_past": false,
    "title": "Board Member",
    "person":
     {"first_name": "Frank",
      "last_name": "McCormick",
      "permalink": "frank-mccormick"}}],
 "competitions":
  [],
 "providerships":
  [],
 "total_money_raised": "$37M",
 "funding_rounds":
  [{"id": 22584,
    "round_code": "b",
    "source_url": "http://www.businesswire.com/news/home/20110420005704/en/Aduro-BioTech-Completes-19.25-Million-Series-Financing",
    "source_description": "Aduro BioTech Completes $19.25 Million Series B Financing",
    "raised_amount": 19250000.0,
    "raised_currency_code": "USD",
    "funded_year": 2011,
    "funded_month": 4,
    "funded_day": 20,
    "investments":
     [{"company": null,
       "financial_org":
        {"name": "Morningside Group",
         "permalink": "morningside-group"},
       "person": null}]},
   {"id": 35198,
    "round_code": "b",
    "source_url": "http://www.businesswire.com/news/home/20130131005750/en",
    "source_description": "Aduro Announces $6.5 Million Financing",
    "raised_amount": 6500000.0,
    "raised_currency_code": "USD",
    "funded_year": 2013,
    "funded_month": 1,
    "funded_day": 31,
    "investments":
     []},
   {"id": 48418,
    "round_code": "partial",
    "source_url": "http://www.sec.gov/Archives/edgar/data/1435049/000101968713003516/xslFormDX01/primary_doc.xml",
    "source_description": "SEC",
    "raised_amount": 7000000.0,
    "raised_currency_code": "USD",
    "funded_year": 2013,
    "funded_month": 9,
    "funded_day": 10,
    "investments":
     []},
   {"id": 49061,
    "round_code": "debt_round",
    "source_url": "http://www.sec.gov/Archives/edgar/data/1435049/000143504911000003/xslFormDX01/primary_doc.xml",
    "source_description": "SEC",
    "raised_amount": 512100.0,
    "raised_currency_code": "USD",
    "funded_year": 2011,
    "funded_month": 12,
    "funded_day": 5,
    "investments":
     []},
   {"id": 57800,
    "round_code": "unattributed",
    "source_url": "http://www.sec.gov/Archives/edgar/data/1435049/000143504910000001/xslFormDX01/primary_doc.xml",
    "source_description": "SEC",
    "raised_amount": 768847.0,
    "raised_currency_code": "USD",
    "funded_year": 2010,
    "funded_month": 4,
    "funded_day": 9,
    "investments":
     []},
   {"id": 62520,
    "round_code": "c",
    "source_url": "http://blogs.wsj.com/venturecapital/2014/01/24/the-daily-startup-with-cancer-vaccine-data-in-hand-aduro-biotech-raising-new-round/?mod=venturecapital",
    "source_description": "The Daily Startup: With Cancer Vaccine Data in Hand, Aduro BioTech Raising New Round",
    "raised_amount": null,
    "raised_currency_code": "USD",
    "funded_year": 2014,
    "funded_month": 1,
    "funded_day": 24,
    "investments":
     [{"company": null,
       "financial_org":
        {"name": "Morningside Ventures",
         "permalink": "morningside-ventures-deleted"},
       "person": null}]},
   {"id": 69133,
    "round_code": "unattributed",
    "source_url": "http://www.sec.gov/Archives/edgar/data/1435049/000143504909000002/xslFormDX01/primary_doc.xml",
    "source_description": "SEC",
    "raised_amount": 2950000.0,
    "raised_currency_code": "USD",
    "funded_year": 2009,
    "funded_month": 11,
    "funded_day": 17,
    "investments":
     []}],
 "investments":
  [],
 "acquisition": null,
 "acquisitions":
  [],
 "offices":
  [{"description": "",
    "address1": "626 Bancroft Way",
    "address2": "#3C",
    "zip_code": "94710",
    "city": "Berkeley",
    "state_code": "CA",
    "country_code": "USA",
    "latitude": null,
    "longitude": null}],
 "milestones":
  [],
 "ipo": null,
 "video_embeds":
  [],
 "screenshots":
  [],
 "external_links":
  [],
 "partners":
  []}
