{"name": "Advanced Medical Technology Association",
 "permalink": "advanced-medical-technology-association",
 "crunchbase_url": "http://www.crunchbase.com/company/advanced-medical-technology-association",
 "homepage_url": "http://www.advamed.org",
 "blog_url": "",
 "blog_feed_url": "",
 "twitter_username": "AdvaMedUpdate",
 "category_code": null,
 "number_of_employees": null,
 "founded_year": 1900,
 "founded_month": null,
 "founded_day": null,
 "deadpooled_year": null,
 "deadpooled_month": null,
 "deadpooled_day": null,
 "deadpooled_url": null,
 "tag_list": "",
 "alias_list": "",
 "email_address": "info@advamed.org",
 "phone_number": "202-783-8700",
 "description": "",
 "created_at": "Wed Mar 09 04:07:22 UTC 2011",
 "updated_at": "Mon Apr 29 12:03:02 UTC 2013",
 "overview": "\u003Cp\u003EAdvaMed advocates for a legal, regulatory and economic environment that advances global health care by assuring worldwide patient access to the benefits of medical technology. They promote policies that foster the highest ethical standards, rapid product approvals, appropriate reimbursement, and access to international markets.\u003C/p\u003E",
 "image":
  {"available_sizes":
    [[[150,
       49],
      "http://api-images.crunchbase.com/assets/images/resized/0012/5564/125564v1-max-150x150.jpg"],
     [[250,
       83],
      "http://api-images.crunchbase.com/assets/images/resized/0012/5564/125564v1-max-250x250.jpg"],
     [[292,
       97],
      "http://api-images.crunchbase.com/assets/images/resized/0012/5564/125564v1-max-450x450.jpg"]],
   "attribution": null},
 "products":
  [],
 "relationships":
  [{"is_past": false,
    "title": "Chairman of Board of Director",
    "person":
     {"first_name": "David",
      "last_name": "C. Dvorak",
      "permalink": "david-c-dvorak"}},
   {"is_past": false,
    "title": "President \u0026 Chief Executive Officer",
    "person":
     {"first_name": "Stephen",
      "last_name": "J. Ubl",
      "permalink": "stephen-j-ubl"}},
   {"is_past": false,
    "title": "Senior Executive Vice President",
    "person":
     {"first_name": "David",
      "last_name": "Nexon",
      "permalink": "david-nexon"}},
   {"is_past": true,
    "title": "Board of directors",
    "person":
     {"first_name": "David",
      "last_name": "L. Lucchino",
      "permalink": "david-l-lucchino"}}],
 "competitions":
  [],
 "providerships":
  [],
 "total_money_raised": "$0",
 "funding_rounds":
  [],
 "investments":
  [],
 "acquisition": null,
 "acquisitions":
  [],
 "offices":
  [{"description": "",
    "address1": "701 Pennsylvania Ave, N.W., Suite 800",
    "address2": "",
    "zip_code": "20004",
    "city": "Washington",
    "state_code": "DC",
    "country_code": "USA",
    "latitude": null,
    "longitude": null}],
 "milestones":
  [],
 "ipo": null,
 "video_embeds":
  [],
 "screenshots":
  [{"available_sizes":
     [[[150,
        132],
       "http://api-images.crunchbase.com/assets/images/resized/0012/5565/125565v1-max-150x150.jpg"],
      [[250,
        221],
       "http://api-images.crunchbase.com/assets/images/resized/0012/5565/125565v1-max-250x250.jpg"],
      [[450,
        398],
       "http://api-images.crunchbase.com/assets/images/resized/0012/5565/125565v1-max-450x450.jpg"]],
    "attribution": null}],
 "external_links":
  [],
 "partners":
  []}
