{"name": "Advanced Analogic Technologies",
 "permalink": "advanced-analogic-technologies",
 "crunchbase_url": "http://www.crunchbase.com/company/advanced-analogic-technologies",
 "homepage_url": "http://www.analogictech.com",
 "blog_url": "",
 "blog_feed_url": "",
 "twitter_username": null,
 "category_code": "semiconductor",
 "number_of_employees": null,
 "founded_year": null,
 "founded_month": null,
 "founded_day": null,
 "deadpooled_year": null,
 "deadpooled_month": null,
 "deadpooled_day": null,
 "deadpooled_url": null,
 "tag_list": "",
 "alias_list": "",
 "email_address": "pr@analogictech.com",
 "phone_number": "(408) 330-1400",
 "description": "",
 "created_at": "Sat May 28 02:50:51 UTC 2011",
 "updated_at": "Sat May 28 02:51:25 UTC 2011",
 "overview": "\u003Cp\u003EAdvanced Analogic Technologies Incorporated (AATI), or AnalogicTech, develops advanced semiconductor system solutions that play a key role in the continuing evolution of feature-rich, energy efficient electronic devices. The company focuses on addressing the application-specific power management needs of consumer devices such as mobile handsets, digital cameras, tablets, notebooks, TV and LCD displays, as well as devices in a broad range of industrial, medical and telecom applications. AATI also licenses device, process, package, and application-related technologies. Headquartered in Silicon Valley, AATI has design centers in Santa Clara and Shanghai, and Asia-based operations and logistics.\u003C/p\u003E",
 "image":
  {"available_sizes":
    [[[150,
       33],
      "http://api-images.crunchbase.com/assets/images/resized/0013/6804/136804v1-max-150x150.jpg"],
     [[250,
       56],
      "http://api-images.crunchbase.com/assets/images/resized/0013/6804/136804v1-max-250x250.jpg"],
     [[325,
       73],
      "http://api-images.crunchbase.com/assets/images/resized/0013/6804/136804v1-max-450x450.jpg"]],
   "attribution": null},
 "products":
  [],
 "relationships":
  [{"is_past": true,
    "title": "Board of Directors",
    "person":
     {"first_name": "Clifton",
      "last_name": "Thomas Weatherford",
      "permalink": "clifton-thomas-weatherford"}}],
 "competitions":
  [],
 "providerships":
  [],
 "total_money_raised": "$0",
 "funding_rounds":
  [],
 "investments":
  [],
 "acquisition":
  {"price_amount": 262500000.0,
   "price_currency_code": "USD",
   "term_code": "cash_and_stock",
   "source_url": "http://www.masshightech.com/stories/2011/05/23/daily52-Skyworks-snags-second-buy-with-California-analog-chip-company.html",
   "source_description": "Skyworks snags second buy with California analog chip company",
   "acquired_year": 2011,
   "acquired_month": 5,
   "acquired_day": 27,
   "acquiring_company":
    {"name": "Skyworks Solutions",
     "permalink": "skyworks-solutions"}},
 "acquisitions":
  [],
 "offices":
  [{"description": "",
    "address1": "3230 Scott Blvd.",
    "address2": "",
    "zip_code": "95054",
    "city": "Santa Clara",
    "state_code": null,
    "country_code": "USA",
    "latitude": null,
    "longitude": null}],
 "milestones":
  [],
 "ipo":
  {"valuation_amount": null,
   "valuation_currency_code": "USD",
   "pub_year": null,
   "pub_month": null,
   "pub_day": null,
   "stock_symbol": "NASDAQ:AATI"},
 "video_embeds":
  [],
 "screenshots":
  [],
 "external_links":
  [],
 "partners":
  []}
