{"name": "AdvanceMed",
 "permalink": "advancemed",
 "crunchbase_url": "http://www.crunchbase.com/company/advancemed",
 "homepage_url": null,
 "blog_url": "",
 "blog_feed_url": "",
 "twitter_username": null,
 "category_code": null,
 "number_of_employees": null,
 "founded_year": 1999,
 "founded_month": null,
 "founded_day": null,
 "deadpooled_year": null,
 "deadpooled_month": null,
 "deadpooled_day": null,
 "deadpooled_url": null,
 "tag_list": "",
 "alias_list": "",
 "email_address": "",
 "phone_number": "301-921-3110",
 "description": "",
 "created_at": "Sat Feb 26 05:35:28 UTC 2011",
 "updated_at": "Sat Feb 26 05:39:35 UTC 2011",
 "overview": "\u003Cp\u003EAdvancemed Corporation provides investigative services to detect and prevent fraud and abuse in the Medicare systems in the United States. Its services include reviewing and assessing beneficiary complaints to identify potential fraud; investigating fraud cases to obtain evidence for potential legal or administrative actions; performing medical reviews to determine whether the medical records show evidence of fraud; conducting data analysis to detect potential fraud cases from pre and post payment perspective; delivering provider education; and identifying and establishing pre-payment controls to identify potential fraud before processing claims payments. The company was incorporated in 1999 and is based in Baltimore, Maryland. Advancemed Corporation operates as a subsidiary of Computer Sciences Corporation.\u003C/p\u003E",
 "image": null,
 "products":
  [],
 "relationships":
  [],
 "competitions":
  [],
 "providerships":
  [],
 "total_money_raised": "$0",
 "funding_rounds":
  [],
 "investments":
  [],
 "acquisition":
  {"price_amount": null,
   "price_currency_code": "USD",
   "term_code": null,
   "source_url": "http://www.earthtimes.org/articles/press/advancemed-a-csc-affiliate,1672452.html",
   "source_description": "NCI Agrees to Acquire AdvanceMed, a CSC Affiliate",
   "acquired_year": 2011,
   "acquired_month": 2,
   "acquired_day": 25,
   "acquiring_company":
    {"name": "NCI",
     "permalink": "nci"}},
 "acquisitions":
  [],
 "offices":
  [{"description": "",
    "address1": "15245 Shady Grove Road",
    "address2": "",
    "zip_code": "20850",
    "city": "Rockville",
    "state_code": "MD",
    "country_code": "USA",
    "latitude": null,
    "longitude": null}],
 "milestones":
  [],
 "ipo": null,
 "video_embeds":
  [],
 "screenshots":
  [],
 "external_links":
  [],
 "partners":
  []}
