{"name": "Advantagene",
 "permalink": "advantagene",
 "crunchbase_url": "http://www.crunchbase.com/company/advantagene",
 "homepage_url": "http://www.advantagene.com",
 "blog_url": "",
 "blog_feed_url": "",
 "twitter_username": null,
 "category_code": "biotech",
 "number_of_employees": null,
 "founded_year": null,
 "founded_month": null,
 "founded_day": null,
 "deadpooled_year": null,
 "deadpooled_month": null,
 "deadpooled_day": null,
 "deadpooled_url": null,
 "tag_list": "",
 "alias_list": "",
 "email_address": "Info@advantagene.com",
 "phone_number": "(617) 916-5445",
 "description": "",
 "created_at": "Thu May 26 01:16:58 UTC 2011",
 "updated_at": "Thu May 26 01:16:58 UTC 2011",
 "overview": "\u003Cp\u003EAdvantagene, Inc., a biotechnology company, develops and commercializes cancer immunotherapy drugs. It offers Gene Mediated Cytotoxic Immunotherapy technology based drugs that are designed to work with radiation, chemotherapy, and surgery to eradicate residual tumor cells that could lead to recurrence or metastases. The company\u00e2\u20ac\u2122s products include ProstAtak for prostate cancer and GliAtak, a malignant glioma product, as well as a pipeline of preclinical products that target cancers at the initial removal of primary tumors. Advantagene was incorporated in 2003 and is based in Auburndale, Massachusetts.\u003C/p\u003E",
 "image":
  {"available_sizes":
    [[[150,
       42],
      "http://api-images.crunchbase.com/assets/images/resized/0013/6487/136487v1-max-150x150.png"],
     [[250,
       70],
      "http://api-images.crunchbase.com/assets/images/resized/0013/6487/136487v1-max-250x250.png"],
     [[323,
       91],
      "http://api-images.crunchbase.com/assets/images/resized/0013/6487/136487v1-max-450x450.png"]],
   "attribution": null},
 "products":
  [],
 "relationships":
  [{"is_past": false,
    "title": "CEO, Chairman",
    "person":
     {"first_name": "Estuardo",
      "last_name": "Aguilar-Cordova",
      "permalink": "estuardo-aguilar-cordova"}}],
 "competitions":
  [],
 "providerships":
  [],
 "total_money_raised": "$500k",
 "funding_rounds":
  [{"id": 23201,
    "round_code": "grant",
    "source_url": "http://www.masshightech.com/stories/2011/05/23/daily37-Mass-Life-Sciences-Center-awards-2M-in-matching-grants.html",
    "source_description": "Mass. Life Sciences Center awards $2M in matching grants",
    "raised_amount": 500000.0,
    "raised_currency_code": "USD",
    "funded_year": 2011,
    "funded_month": 5,
    "funded_day": 25,
    "investments":
     [{"company":
        {"name": "Massachusetts Life Sciences Center",
         "permalink": "massachusetts-life-sciences-center"},
       "financial_org": null,
       "person": null}]}],
 "investments":
  [],
 "acquisition": null,
 "acquisitions":
  [],
 "offices":
  [{"description": "",
    "address1": "440 Lexington Street",
    "address2": "",
    "zip_code": "02466",
    "city": "Auburndale",
    "state_code": "MA",
    "country_code": "USA",
    "latitude": null,
    "longitude": null}],
 "milestones":
  [],
 "ipo": null,
 "video_embeds":
  [],
 "screenshots":
  [],
 "external_links":
  [],
 "partners":
  []}
