{"name": "Advanced Diamond Technologies",
 "permalink": "advanced-diamond-technologies",
 "crunchbase_url": "http://www.crunchbase.com/company/advanced-diamond-technologies",
 "homepage_url": "http://www.thindiamond.com",
 "blog_url": "",
 "blog_feed_url": "",
 "twitter_username": null,
 "category_code": "semiconductor",
 "number_of_employees": null,
 "founded_year": null,
 "founded_month": null,
 "founded_day": null,
 "deadpooled_year": null,
 "deadpooled_month": null,
 "deadpooled_day": null,
 "deadpooled_url": null,
 "tag_list": "",
 "alias_list": "",
 "email_address": "info@thindiamond.com",
 "phone_number": "815.293.0900",
 "description": "",
 "created_at": "Thu Jul 14 01:22:30 UTC 2011",
 "updated_at": "Thu Jan 31 03:07:25 UTC 2013",
 "overview": "\u003Cp\u003EAdvanced Diamond Technologies, Inc. engages in developing and applying diamond films for industrial, electronic, and medical applications. It offers AFM probes, ultrananocrystalline diamond seals, and ultrananocrystalline diamond wafers for MEMS development and UNCD product prototyping. The company also provides MEMS, applications development, and coating services. In addition, it offers UNCD Electrodes for advanced electrochemical water treatment applications. Further, the company operates as a licensee to the Argonne portfolio of application and process patents for using, synthesizing, and micromachining ultrananocrystalline diamond films. It offers its products through its Website, as well as through distributors in the United States and internationally. Advanced Diamond Technologies, Inc. was incorporated in 2002 and is based in Romeoville, Illinois.\u003C/p\u003E",
 "image":
  {"available_sizes":
    [[[150,
       29],
      "http://api-images.crunchbase.com/assets/images/resized/0014/4100/144100v1-max-150x150.jpg"],
     [[250,
       48],
      "http://api-images.crunchbase.com/assets/images/resized/0014/4100/144100v1-max-250x250.jpg"],
     [[375,
       73],
      "http://api-images.crunchbase.com/assets/images/resized/0014/4100/144100v1-max-450x450.jpg"]],
   "attribution": null},
 "products":
  [],
 "relationships":
  [{"is_past": false,
    "title": "Founding Scientist, Chief Technical Officer \u0026 Acting CEO",
    "person":
     {"first_name": "John",
      "last_name": "Carlisle",
      "permalink": "john-carlisle"}},
   {"is_past": false,
    "title": "Founding Scientist",
    "person":
     {"first_name": "Orlando",
      "last_name": "Auciello",
      "permalink": "orlando-auciello"}},
   {"is_past": false,
    "title": "Bord of Directors",
    "person":
     {"first_name": "John",
      "last_name": "Regan",
      "permalink": "john-regan-2"}},
   {"is_past": true,
    "title": "President and co-founder",
    "person":
     {"first_name": "Neil",
      "last_name": "Kane",
      "permalink": "neil-kane"}}],
 "competitions":
  [],
 "providerships":
  [],
 "total_money_raised": "$5.2M",
 "funding_rounds":
  [{"id": 24167,
    "round_code": "d",
    "source_url": "http://www.finsmes.com/2011/07/advanced-diamond-technologies-closes-5-2m-series-financing.html?utm_source=feedburner\u0026utm_medium=feed\u0026utm_campaign=Feed%3A+finsmes%2FcNHu+%28FinSMEs%29",
    "source_description": "Advanced Diamond Technologies Closes $5.2M Series D Financing",
    "raised_amount": 5200000.0,
    "raised_currency_code": "USD",
    "funded_year": 2011,
    "funded_month": 7,
    "funded_day": 14,
    "investments":
     [{"company": null,
       "financial_org":
        {"name": "S-Group Capital Management",
         "permalink": "s-group-capital-management"},
       "person": null}]}],
 "investments":
  [],
 "acquisition": null,
 "acquisitions":
  [],
 "offices":
  [{"description": "",
    "address1": "48 East Belmont Drive",
    "address2": "",
    "zip_code": "60446",
    "city": "Romeoville",
    "state_code": "IL",
    "country_code": "USA",
    "latitude": null,
    "longitude": null}],
 "milestones":
  [],
 "ipo": null,
 "video_embeds":
  [],
 "screenshots":
  [],
 "external_links":
  [],
 "partners":
  []}
