{"name": "ADVANCE Medical",
 "permalink": "advance-medical",
 "crunchbase_url": "http://www.crunchbase.com/company/advance-medical",
 "homepage_url": null,
 "blog_url": "",
 "blog_feed_url": "",
 "twitter_username": null,
 "category_code": "medical",
 "number_of_employees": null,
 "founded_year": null,
 "founded_month": null,
 "founded_day": null,
 "deadpooled_year": null,
 "deadpooled_month": null,
 "deadpooled_day": null,
 "deadpooled_url": null,
 "tag_list": "",
 "alias_list": "",
 "email_address": "",
 "phone_number": "",
 "description": "",
 "created_at": "Wed Jun 01 08:35:44 UTC 2011",
 "updated_at": "Fri Sep 06 13:51:44 UTC 2013",
 "overview": "\u003Cp\u003EADVANCE Medical specializes in helping innovative medical technology companies expand in Latin America commercializing their products, which require a sophisticated sales and marketing approach targeting select physician segments. The company works with the technology originator to gain a more thorough understanding of products and to build a customized commercial strategy and infrastructure on the ground for a launch or further commercial expansion.\u003C/p\u003E",
 "image": null,
 "products":
  [],
 "relationships":
  [{"is_past": true,
    "title": "Led Arboretum\u2019s Investments",
    "person":
     {"first_name": "Paul",
      "last_name": "McCreadie",
      "permalink": "paul-mccreadie"}}],
 "competitions":
  [],
 "providerships":
  [],
 "total_money_raised": "$26M",
 "funding_rounds":
  [{"id": 23309,
    "round_code": "a",
    "source_url": "http://www.finsmes.com/2011/05/advance-medical-raises-us6m-series-financing.html?utm_source=feedburner\u0026utm_medium=feed\u0026utm_campaign=Feed%3A+finsmes%2FcNHu+%28FinSMEs%29",
    "source_description": "ADVANCE Medical Raises US$6M in Series A Financing",
    "raised_amount": 6000000.0,
    "raised_currency_code": "USD",
    "funded_year": 2011,
    "funded_month": 5,
    "funded_day": 31,
    "investments":
     [{"company": null,
       "financial_org":
        {"name": "Venrock",
         "permalink": "venrock"},
       "person": null}]},
   {"id": 47845,
    "round_code": "private_equity",
    "source_url": "http://www.pehub.com/2013/09/04/vc-backed-advance-medical-raises-20-mln-also-buys-imunotech-sistemas-diagnosticos/",
    "source_description": "VC-Backed ADVANCE Medical Raises $20 Mln, Also Buys Imunotech Sistemas Diagnosticos",
    "raised_amount": 20000000.0,
    "raised_currency_code": "USD",
    "funded_year": 2013,
    "funded_month": 9,
    "funded_day": 4,
    "investments":
     [{"company": null,
       "financial_org":
        {"name": "Aberdare Ventures",
         "permalink": "aberdare-ventures"},
       "person": null},
      {"company": null,
       "financial_org":
        {"name": "Arboretum Ventures",
         "permalink": "arboretum-ventures"},
       "person": null},
      {"company": null,
       "financial_org":
        {"name": "Venrock",
         "permalink": "venrock"},
       "person": null}]}],
 "investments":
  [],
 "acquisition": null,
 "acquisitions":
  [{"price_amount": null,
    "price_currency_code": "USD",
    "term_code": null,
    "source_url": "http://www.pehub.com/2013/09/04/vc-backed-advance-medical-raises-20-mln-also-buys-imunotech-sistemas-diagnosticos/",
    "source_description": "VC-Backed ADVANCE Medical Raises $20 Mln, Also Buys Imunotech Sistemas Diagnosticos",
    "acquired_year": 2013,
    "acquired_month": 9,
    "acquired_day": 4,
    "company":
     {"name": "Imunotech Sistemas Diagnosticos",
      "permalink": "imunotech-sistemas-diagnosticos"}}],
 "offices":
  [],
 "milestones":
  [],
 "ipo": null,
 "video_embeds":
  [],
 "screenshots":
  [],
 "external_links":
  [],
 "partners":
  []}
