{"name": "Adverti.se",
 "permalink": "adverti-se",
 "crunchbase_url": "http://www.crunchbase.com/company/adverti-se",
 "homepage_url": "http://www.Adverti.se",
 "blog_url": "",
 "blog_feed_url": "",
 "twitter_username": "adverti_se",
 "category_code": "advertising",
 "number_of_employees": 5,
 "founded_year": null,
 "founded_month": null,
 "founded_day": null,
 "deadpooled_year": null,
 "deadpooled_month": null,
 "deadpooled_day": null,
 "deadpooled_url": null,
 "tag_list": "advertising, saas, natural-language-processing",
 "alias_list": null,
 "email_address": "info@adverti.se",
 "phone_number": "",
 "description": "The Ad Writing Platform",
 "created_at": "Wed Apr 13 17:18:14 UTC 2011",
 "updated_at": "Thu Jun 23 14:23:32 UTC 2011",
 "overview": "\u003Cp\u003EThe Ad Writing Algorithm for AdWords \u0026amp; Facebook\u003C/p\u003E\n\n\u003Cp\u003EAdverti.se is a search \u0026amp; social ad platform. It helps retailers sell more products by writing and optimising their ads for Facebook and Google. It is an automated, intelligent and adaptive ad writing system requiring no technical input from the user.\u003C/p\u003E\n\n\u003Cp\u003EAdverti.se combines natural language processing with statistical and symbolic reasoning to identify and understand the content of webpages, from which it can write rich and diverse adverts to any required format. This is in stark contrast to less advanced solutions from competitors such as Kenshoo and Marin, which rely on feeds and user specified regexes to populate fields in human-written ad templates.\u003C/p\u003E",
 "image":
  {"available_sizes":
    [[[149,
       45],
      "http://api-images.crunchbase.com/assets/images/resized/0013/0403/130403v2-max-150x150.png"],
     [[149,
       45],
      "http://api-images.crunchbase.com/assets/images/resized/0013/0403/130403v2-max-250x250.png"],
     [[149,
       45],
      "http://api-images.crunchbase.com/assets/images/resized/0013/0403/130403v2-max-450x450.png"]],
   "attribution": null},
 "products":
  [],
 "relationships":
  [],
 "competitions":
  [],
 "providerships":
  [],
 "total_money_raised": "$0",
 "funding_rounds":
  [],
 "investments":
  [],
 "acquisition": null,
 "acquisitions":
  [],
 "offices":
  [],
 "milestones":
  [],
 "ipo": null,
 "video_embeds":
  [],
 "screenshots":
  [{"available_sizes":
     [[[150,
        108],
       "http://api-images.crunchbase.com/assets/images/resized/0014/0477/140477v2-max-150x150.png"],
      [[250,
        181],
       "http://api-images.crunchbase.com/assets/images/resized/0014/0477/140477v2-max-250x250.png"],
      [[450,
        325],
       "http://api-images.crunchbase.com/assets/images/resized/0014/0477/140477v2-max-450x450.png"]],
    "attribution": null},
   {"available_sizes":
     [[[150,
        108],
       "http://api-images.crunchbase.com/assets/images/resized/0014/0528/140528v2-max-150x150.png"],
      [[250,
        180],
       "http://api-images.crunchbase.com/assets/images/resized/0014/0528/140528v2-max-250x250.png"],
      [[450,
        325],
       "http://api-images.crunchbase.com/assets/images/resized/0014/0528/140528v2-max-450x450.png"]],
    "attribution": null}],
 "external_links":
  [],
 "partners":
  []}
