{"name": "Advertory",
 "permalink": "advertory",
 "crunchbase_url": "http://www.crunchbase.com/company/advertory",
 "homepage_url": "http://www.advertory.com",
 "blog_url": "http://www.advertory.com/blog",
 "blog_feed_url": "",
 "twitter_username": "advertory",
 "category_code": "advertising",
 "number_of_employees": 4,
 "founded_year": 2010,
 "founded_month": 1,
 "founded_day": null,
 "deadpooled_year": null,
 "deadpooled_month": null,
 "deadpooled_day": null,
 "deadpooled_url": null,
 "tag_list": "local--seoptimized-website-builder, website-builder-for-local-businesses, automatize-local-online-marketing",
 "alias_list": "",
 "email_address": "contact@advertory.com",
 "phone_number": "+49 152 28 91 43 13",
 "description": "One-stop to manage the web for SMB",
 "created_at": "Fri Apr 01 20:41:33 UTC 2011",
 "updated_at": "Thu Oct 31 16:52:47 UTC 2013",
 "overview": "\u003Cp\u003EThe Company\nadvertory was founded in 2010 in Berlin by a German-French team. The objective was to develop a platform which helps small businesses become competitive on the Internet.\u003C/p\u003E\n\n\u003Cp\u003EThe Idea\nadvertory focuses on attracting and retaining customers for small businesses. These can find new customers easily and turn them into loyal buyers.\u003C/p\u003E\n\n\u003Cp\u003EA website with advertory is an investment which pays off quickly. Performance and success are easy to monitor. Small businesses often can not spend much time for managing websites which is why advertory runs automatically wherever possible.\u003C/p\u003E",
 "image":
  {"available_sizes":
    [[[128,
       128],
      "http://api-images.crunchbase.com/assets/images/resized/0013/6192/136192v9-max-150x150.png"],
     [[128,
       128],
      "http://api-images.crunchbase.com/assets/images/resized/0013/6192/136192v9-max-250x250.png"],
     [[128,
       128],
      "http://api-images.crunchbase.com/assets/images/resized/0013/6192/136192v9-max-450x450.png"]],
   "attribution": null},
 "products":
  [{"name": "Enterprise solution: http://www.advertory.com/enterprise-2",
    "permalink": "enterprise-solution-http-www-advertory-com-enterprise"}],
 "relationships":
  [{"is_past": false,
    "title": "Founder and CEO",
    "person":
     {"first_name": "Anne-Aymone",
      "last_name": "Ferreira",
      "permalink": "anne-aymone-ferreira"}},
   {"is_past": false,
    "title": "Co-founder and CTO",
    "person":
     {"first_name": "Vincent",
      "last_name": "Naigeon",
      "permalink": "vincent-naigeon"}}],
 "competitions":
  [{"competitor":
     {"name": "websplanet",
      "permalink": "websplanet"}},
   {"competitor":
     {"name": "Demandforce",
      "permalink": "demandforce"}},
   {"competitor":
     {"name": "SinglePlatform",
      "permalink": "singleplatform"}},
   {"competitor":
     {"name": "Yext",
      "permalink": "yext"}}],
 "providerships":
  [],
 "total_money_raised": "$0",
 "funding_rounds":
  [],
 "investments":
  [],
 "acquisition": null,
 "acquisitions":
  [],
 "offices":
  [{"description": "Headquarters",
    "address1": "Rosa-Luxemburg Strasse 7",
    "address2": "",
    "zip_code": "10178",
    "city": "Berlin",
    "state_code": null,
    "country_code": "DEU",
    "latitude": null,
    "longitude": null}],
 "milestones":
  [],
 "ipo": null,
 "video_embeds":
  [{"embed_code": "\u003Ciframe width=\"430\" height=\"242\" src=\"http://www.youtube.com/embed/bJB6dZtE4K8\" frameborder=\"0\" allowfullscreen\u003E\u003C/iframe\u003E",
    "description": "\u003Cp\u003EAdvertory Enterprise solution\u003C/p\u003E"},
   {"embed_code": "\u003Ciframe width=\"430\" height=\"242\" src=\"http://www.youtube.com/embed/om55uKjZcHQ\" frameborder=\"0\" allowfullscreen\u003E\u003C/iframe\u003E",
    "description": "\u003Cp\u003EAdvertory - Build your website\u003C/p\u003E"},
   {"embed_code": "\u003Ciframe width=\"430\" height=\"242\" src=\"http://www.youtube.com/embed/nQie9zysaYg\" frameborder=\"0\" allowfullscreen\u003E\u003C/iframe\u003E",
    "description": "\u003Cp\u003EAdvertory - Professional local network\u003C/p\u003E"},
   {"embed_code": "\u003Ciframe width=\"430\" height=\"242\" src=\"http://www.youtube.com/embed/zvaobUJI9sk\" frameborder=\"0\" allowfullscreen\u003E\u003C/iframe\u003E",
    "description": "\u003Cp\u003EAdvertory e-reputation tools\u003C/p\u003E"},
   {"embed_code": "\u003Ciframe width=\"430\" height=\"242\" src=\"http://www.youtube.com/embed/6qT4VCXrxj8\" frameborder=\"0\" allowfullscreen\u003E\u003C/iframe\u003E",
    "description": "\u003Cp\u003EAdvertory online marketing tools for local businesses\u003C/p\u003E"}],
 "screenshots":
  [],
 "external_links":
  [{"external_url": "http://www.advertory.com",
    "title": "Advertory (US)"},
   {"external_url": "http://www.advertory.fr",
    "title": "Advertory (FR)"},
   {"external_url": "http://www.advertory.de",
    "title": "Advertory (DE)"},
   {"external_url": "http://www.advertory.co.uk",
    "title": "Advertory (UK)"}],
 "partners":
  []}
