{"name": "Advisen",
 "permalink": "advisen",
 "crunchbase_url": "http://www.crunchbase.com/company/advisen",
 "homepage_url": "http://www.advisen.com",
 "blog_url": "",
 "blog_feed_url": "",
 "twitter_username": null,
 "category_code": null,
 "number_of_employees": null,
 "founded_year": null,
 "founded_month": null,
 "founded_day": null,
 "deadpooled_year": null,
 "deadpooled_month": null,
 "deadpooled_day": null,
 "deadpooled_url": null,
 "tag_list": null,
 "alias_list": "",
 "email_address": "support@advisen.com",
 "phone_number": "1-212-897-4800",
 "description": "",
 "created_at": "Wed Mar 23 08:38:32 UTC 2011",
 "updated_at": "Thu Jun 07 10:23:23 UTC 2012",
 "overview": "\u003Cp\u003EAdvisen Ltd. provides insight into underwriting, marketing and purchasing commercial insurance. Advisen\u0026#8217;s web-based workstation incorporates real-time analytics and research on over 15 million entities around the globe, subsidiaries, and thousands of industries. Advisen currently serves over 500 leading commercial insurers, insurance brokers, risk management departments of major corporations, law firms and other related organizations. Proprietary offerings of the Advisen service include Program/Policy Large Loss Data Benchmarking, Custom Templates for Underwriting Work-ups, Company and Industry Research, Loss \u0026amp; Risk Analysis, Management Portfolio Analysis and Policy Wording Comparison. Headquartered in New York City, Advisen was established in 2000 by a team of seasoned insurance and technology professionals. Today, Advisen is backed and funded by some of the commercial insurance industry\u0026#8217;s most recognized and respected executives.\u003C/p\u003E",
 "image":
  {"available_sizes":
    [[[150,
       38],
      "http://api-images.crunchbase.com/assets/images/resized/0012/7409/127409v3-max-150x150.jpg"],
     [[216,
       55],
      "http://api-images.crunchbase.com/assets/images/resized/0012/7409/127409v3-max-250x250.jpg"],
     [[216,
       55],
      "http://api-images.crunchbase.com/assets/images/resized/0012/7409/127409v3-max-450x450.jpg"]],
   "attribution": null},
 "products":
  [],
 "relationships":
  [{"is_past": true,
    "title": "Head of Sales \u0026 Marketing",
    "person":
     {"first_name": "Mason",
      "last_name": "Power",
      "permalink": "mason-power"}}],
 "competitions":
  [],
 "providerships":
  [],
 "total_money_raised": "$0",
 "funding_rounds":
  [],
 "investments":
  [],
 "acquisition": null,
 "acquisitions":
  [{"price_amount": null,
    "price_currency_code": "USD",
    "term_code": null,
    "source_url": "http://www.businesswire.com/news/home/20110322005646/en/Advisen-Acquires-Web-Connectivity",
    "source_description": "Advisen Acquires Web Connectivity",
    "acquired_year": 2011,
    "acquired_month": 3,
    "acquired_day": 22,
    "company":
     {"name": "Web Connectivity",
      "permalink": "web-connectivity"}}],
 "offices":
  [{"description": "",
    "address1": "1430 Broadway, 8th floor",
    "address2": "",
    "zip_code": "10018",
    "city": "New York",
    "state_code": "NY",
    "country_code": "USA",
    "latitude": null,
    "longitude": null}],
 "milestones":
  [],
 "ipo": null,
 "video_embeds":
  [],
 "screenshots":
  [{"available_sizes":
     [[[150,
        126],
       "http://api-images.crunchbase.com/assets/images/resized/0012/7410/127410v1-max-150x150.jpg"],
      [[250,
        210],
       "http://api-images.crunchbase.com/assets/images/resized/0012/7410/127410v1-max-250x250.jpg"],
      [[450,
        378],
       "http://api-images.crunchbase.com/assets/images/resized/0012/7410/127410v1-max-450x450.jpg"]],
    "attribution": null}],
 "external_links":
  [],
 "partners":
  []}
