{"name": "Adwings",
 "permalink": "adwings",
 "crunchbase_url": "http://www.crunchbase.com/company/adwings",
 "homepage_url": "http://adwings.com",
 "blog_url": "http://adwings.com/blog/",
 "blog_feed_url": "",
 "twitter_username": "adwings_com",
 "category_code": "advertising",
 "number_of_employees": 3,
 "founded_year": 2011,
 "founded_month": 1,
 "founded_day": 1,
 "deadpooled_year": 2014,
 "deadpooled_month": 2,
 "deadpooled_day": null,
 "deadpooled_url": "",
 "tag_list": "advertising, unified-advertising",
 "alias_list": null,
 "email_address": "egidijus@adwings.com",
 "phone_number": "",
 "description": "",
 "created_at": "Wed May 11 11:41:02 UTC 2011",
 "updated_at": "Tue Feb 18 20:39:34 UTC 2014",
 "overview": "\u003Cp\u003EAdwings is one stop advertising destination, that helps advertisers plan, book and track advertising on various media channels, ranging from print to digital media, from mobile to outdoor, video (TV to youtube).\u003C/p\u003E",
 "image":
  {"available_sizes":
    [[[150,
       54],
      "http://api-images.crunchbase.com/assets/images/resized/0013/7844/137844v2-max-150x150.jpg"],
     [[250,
       91],
      "http://api-images.crunchbase.com/assets/images/resized/0013/7844/137844v2-max-250x250.jpg"],
     [[450,
       164],
      "http://api-images.crunchbase.com/assets/images/resized/0013/7844/137844v2-max-450x450.jpg"]],
   "attribution": null},
 "products":
  [],
 "relationships":
  [{"is_past": false,
    "title": "Co-founder",
    "person":
     {"first_name": "EG",
      "last_name": "Jarasunas",
      "permalink": "egidijus-jarasunas-3"}}],
 "competitions":
  [],
 "providerships":
  [],
 "total_money_raised": "\u00a315k",
 "funding_rounds":
  [{"id": 22932,
    "round_code": "unattributed",
    "source_url": "http://springboard.com/about/",
    "source_description": "Official Springboard web page",
    "raised_amount": 15000.0,
    "raised_currency_code": "GBP",
    "funded_year": 2011,
    "funded_month": 5,
    "funded_day": 1,
    "investments":
     [{"company":
        {"name": "Springboard",
         "permalink": "springboard"},
       "financial_org": null,
       "person": null}]}],
 "investments":
  [],
 "acquisition": null,
 "acquisitions":
  [],
 "offices":
  [{"description": "IdeaSpace",
    "address1": "3 Charles Babbage Road",
    "address2": "",
    "zip_code": "",
    "city": "Cambridge",
    "state_code": null,
    "country_code": "GBR",
    "latitude": null,
    "longitude": null}],
 "milestones":
  [],
 "ipo": null,
 "video_embeds":
  [],
 "screenshots":
  [{"available_sizes":
     [[[150,
        106],
       "http://api-images.crunchbase.com/assets/images/resized/0014/5981/145981v2-max-150x150.png"],
      [[250,
        178],
       "http://api-images.crunchbase.com/assets/images/resized/0014/5981/145981v2-max-250x250.png"],
      [[450,
        320],
       "http://api-images.crunchbase.com/assets/images/resized/0014/5981/145981v2-max-450x450.png"]],
    "attribution": null},
   {"available_sizes":
     [[[150,
        81],
       "http://api-images.crunchbase.com/assets/images/resized/0014/5982/145982v2-max-150x150.png"],
      [[250,
        136],
       "http://api-images.crunchbase.com/assets/images/resized/0014/5982/145982v2-max-250x250.png"],
      [[450,
        244],
       "http://api-images.crunchbase.com/assets/images/resized/0014/5982/145982v2-max-450x450.png"]],
    "attribution": null}],
 "external_links":
  [{"external_url": "http://www.cabume.co.uk/the-cluster/springboard-bounces-back-as-y-combinator-inspired-incubator.html",
    "title": "Springboard bounces back as Y Combinator inspired incubator"},
   {"external_url": "http://eu.techcrunch.com/2011/07/29/adwings-aims-to-aggregate-all-ad-media-ad-campaigns-springboard/",
    "title": "Adwings aims to aggregate all ad media ad campaigns"},
   {"external_url": "http://thenextweb.com/uk/2011/08/04/ten-startups-spring-up-at-springboard-investor-day/",
    "title": "Ten startups spring up at Springboard Investor Day"}],
 "partners":
  []}
