{"name": "AEGEA Medical",
 "permalink": "aegea-medical",
 "crunchbase_url": "http://www.crunchbase.com/company/aegea-medical",
 "homepage_url": "http://aegeamedical.com",
 "blog_url": "",
 "blog_feed_url": "",
 "twitter_username": null,
 "category_code": "biotech",
 "number_of_employees": null,
 "founded_year": 2007,
 "founded_month": null,
 "founded_day": null,
 "deadpooled_year": null,
 "deadpooled_month": null,
 "deadpooled_day": null,
 "deadpooled_url": null,
 "tag_list": "",
 "alias_list": "",
 "email_address": "",
 "phone_number": "650-701-1125",
 "description": "",
 "created_at": "Thu Jun 30 13:20:31 UTC 2011",
 "updated_at": "Tue Oct 15 12:48:41 UTC 2013",
 "overview": "\u003Cp\u003EAEGEA Medical Inc. manufactures surgical and medical instruments. The company was incorporated in 2007 and is based in Redwood City, California.\u003C/p\u003E",
 "image":
  {"available_sizes":
    [[[150,
       22],
      "http://api-images.crunchbase.com/assets/images/resized/0034/2471/342471v1-max-150x150.png"],
     [[250,
       37],
      "http://api-images.crunchbase.com/assets/images/resized/0034/2471/342471v1-max-250x250.png"],
     [[400,
       60],
      "http://api-images.crunchbase.com/assets/images/resized/0034/2471/342471v1-max-450x450.png"]],
   "attribution": null},
 "products":
  [],
 "relationships":
  [],
 "competitions":
  [],
 "providerships":
  [],
 "total_money_raised": "$19.4M",
 "funding_rounds":
  [{"id": 23911,
    "round_code": "private_equity",
    "source_url": "http://www.sec.gov/Archives/edgar/data/1429358/000142935811000002/xslFormDX01/primary_doc.xml",
    "source_description": "SEC",
    "raised_amount": 13366498.0,
    "raised_currency_code": "USD",
    "funded_year": 2011,
    "funded_month": 5,
    "funded_day": 25,
    "investments":
     [{"company": null,
       "financial_org":
        {"name": "Covidien Ventures",
         "permalink": "covidien-ventures"},
       "person": null},
      {"company": null,
       "financial_org":
        {"name": "Alloy Ventures",
         "permalink": "alloy-ventures"},
       "person": null},
      {"company": null,
       "financial_org":
        {"name": "Delphi Ventures",
         "permalink": "delphi-ventures"},
       "person": null}]},
   {"id": 38266,
    "round_code": "debt_round",
    "source_url": "http://www.sec.gov/Archives/edgar/data/1429358/000142935813000001/xslFormDX01/primary_doc.xml",
    "source_description": "SEC",
    "raised_amount": 6000600.0,
    "raised_currency_code": "USD",
    "funded_year": 2013,
    "funded_month": 5,
    "funded_day": 20,
    "investments":
     []}],
 "investments":
  [],
 "acquisition": null,
 "acquisitions":
  [],
 "offices":
  [{"description": "",
    "address1": "2686 Middlefield Road",
    "address2": "Suite F",
    "zip_code": "94063",
    "city": "Redwood City",
    "state_code": "CA",
    "country_code": "USA",
    "latitude": null,
    "longitude": null}],
 "milestones":
  [],
 "ipo": null,
 "video_embeds":
  [],
 "screenshots":
  [{"available_sizes":
     [[[150,
        113],
       "http://api-images.crunchbase.com/assets/images/resized/0034/2473/342473v1-max-150x150.png"],
      [[250,
        189],
       "http://api-images.crunchbase.com/assets/images/resized/0034/2473/342473v1-max-250x250.png"],
      [[450,
        341],
       "http://api-images.crunchbase.com/assets/images/resized/0034/2473/342473v1-max-450x450.png"]],
    "attribution": null}],
 "external_links":
  [],
 "partners":
  []}
