{"name": "Aegis InterWorld",
 "permalink": "aegis-interworld",
 "crunchbase_url": "http://www.crunchbase.com/company/aegis-interworld",
 "homepage_url": null,
 "blog_url": "",
 "blog_feed_url": "",
 "twitter_username": null,
 "category_code": null,
 "number_of_employees": null,
 "founded_year": 2005,
 "founded_month": null,
 "founded_day": null,
 "deadpooled_year": null,
 "deadpooled_month": null,
 "deadpooled_day": null,
 "deadpooled_url": null,
 "tag_list": "",
 "alias_list": "",
 "email_address": "",
 "phone_number": "901-767-1850",
 "description": "supply-chain and logistics solutions",
 "created_at": "Sat Feb 19 17:32:18 UTC 2011",
 "updated_at": "Sat Mar 12 00:29:13 UTC 2011",
 "overview": "\u003Cp\u003EAegis InterWorld, Inc. provides supply-chain and logistics solutions. It offers SCM and logistics business process outsourcing (BPO) solutions that empower an organization engaged in supply chain management activities, such as shippers, distributors, retailers, and third party logistics providers to manage customer service. The company also provides acute care inpatient DRG coding and billing solutions; and physician practice management (PPM) and electronic medical records (EMR) outsourcing services. Aegis InterWorld, Inc. was founded in 2005 and is headquartered in Memphis, Tennessee. It has additional offices in New York, New York; and Dallas, Texas; and Bangalore and Hyderabad, India.\u003C/p\u003E",
 "image":
  {"available_sizes":
    [[[75,
       75],
      "http://api-images.crunchbase.com/assets/images/resized/0012/5821/125821v2-max-150x150.png"],
     [[75,
       75],
      "http://api-images.crunchbase.com/assets/images/resized/0012/5821/125821v2-max-250x250.png"],
     [[75,
       75],
      "http://api-images.crunchbase.com/assets/images/resized/0012/5821/125821v2-max-450x450.png"]],
   "attribution": null},
 "products":
  [],
 "relationships":
  [{"is_past": false,
    "title": "CEO",
    "person":
     {"first_name": "Mark",
      "last_name": "Skoda",
      "permalink": "mark-skoda"}}],
 "competitions":
  [],
 "providerships":
  [],
 "total_money_raised": "$0",
 "funding_rounds":
  [],
 "investments":
  [],
 "acquisition": null,
 "acquisitions":
  [],
 "offices":
  [{"description": "HQ",
    "address1": "57 Germantown Court",
    "address2": "Suite 300",
    "zip_code": "38018",
    "city": "Memphis",
    "state_code": "TN",
    "country_code": "USA",
    "latitude": null,
    "longitude": null}],
 "milestones":
  [],
 "ipo": null,
 "video_embeds":
  [],
 "screenshots":
  [],
 "external_links":
  [],
 "partners":
  []}
