{"name": "Aegis Mobility",
 "permalink": "aegis-mobility",
 "crunchbase_url": "http://www.crunchbase.com/company/aegis-mobility",
 "homepage_url": "http://www.aegismobility.com",
 "blog_url": "",
 "blog_feed_url": "",
 "twitter_username": "Aegis_Mobility",
 "category_code": "mobile",
 "number_of_employees": null,
 "founded_year": 2006,
 "founded_month": null,
 "founded_day": null,
 "deadpooled_year": null,
 "deadpooled_month": null,
 "deadpooled_day": null,
 "deadpooled_url": null,
 "tag_list": null,
 "alias_list": "",
 "email_address": "info@aegismobility.com",
 "phone_number": "1-604-899-1008",
 "description": "",
 "created_at": "Wed Jun 15 20:39:13 UTC 2011",
 "updated_at": "Thu Jan 02 05:07:02 UTC 2014",
 "overview": "\u003Cp\u003EAegis Mobility is a privately held company founded in 2006. It develops innovative solutions that enable people to manage their mobile communications based on activity, location, and time, putting people in control of their lives while enhancing their mobile experience and ensuring their personal privacy. The Company\u2019s first application, DriveAssist\u2122, is a service that automatically detects driving and manages a user\u2019s mobile phone while driving. This product addresses the growing problem of distracted driving and the dangers it causes to drivers, passengers, pedestrians and property. Future enhancements to DriveAssist may include automatic map creation, traffic conditions, enhanced parental controls and new control features targeted at enterprise customers.\u003C/p\u003E",
 "image":
  {"available_sizes":
    [[[150,
       42],
      "http://api-images.crunchbase.com/assets/images/resized/0019/8791/198791v1-max-150x150.jpg"],
     [[232,
       65],
      "http://api-images.crunchbase.com/assets/images/resized/0019/8791/198791v1-max-250x250.jpg"],
     [[232,
       65],
      "http://api-images.crunchbase.com/assets/images/resized/0019/8791/198791v1-max-450x450.jpg"]],
   "attribution": null},
 "products":
  [],
 "relationships":
  [{"is_past": false,
    "title": "Founder \u0026 CTO",
    "person":
     {"first_name": "Steve",
      "last_name": "Williams",
      "permalink": "steve-williams-6"}},
   {"is_past": false,
    "title": "CMO",
    "person":
     {"first_name": "Matt",
      "last_name": "Howard",
      "permalink": "matt-howard-3"}},
   {"is_past": false,
    "title": "Chief Executive Officer",
    "person":
     {"first_name": "Paul",
      "last_name": "Zimmerman",
      "permalink": "paul-zimmerman"}},
   {"is_past": false,
    "title": "VP, Sales \u0026 BD",
    "person":
     {"first_name": "Olen",
      "last_name": "Vanderleeden",
      "permalink": "olen-vanderleeden"}},
   {"is_past": false,
    "title": "CFO \u0026 COO",
    "person":
     {"first_name": "Brian",
      "last_name": "Simmers",
      "permalink": "brian-simmers"}}],
 "competitions":
  [],
 "providerships":
  [],
 "total_money_raised": "$11.7M",
 "funding_rounds":
  [{"id": 41558,
    "round_code": "b",
    "source_url": "http://www.sec.gov/Archives/edgar/data/1450421/000114036113027012/xslFormDX01/primary_doc.xml",
    "source_description": "SEC",
    "raised_amount": 1260000.0,
    "raised_currency_code": "USD",
    "funded_year": 2013,
    "funded_month": 7,
    "funded_day": 2,
    "investments":
     []},
   {"id": 41993,
    "round_code": "g",
    "source_url": "http://www.sec.gov/Archives/edgar/data/1450421/000114036112047961/xslFormDX01/primary_doc.xml",
    "source_description": "SEC",
    "raised_amount": 1700000.0,
    "raised_currency_code": "USD",
    "funded_year": 2012,
    "funded_month": 11,
    "funded_day": 19,
    "investments":
     []},
   {"id": 45595,
    "round_code": "f",
    "source_url": "http://www.sec.gov/Archives/edgar/data/1450421/000114036112028226/xslFormDX01/primary_doc.xml",
    "source_description": "SEC",
    "raised_amount": 800000.0,
    "raised_currency_code": "USD",
    "funded_year": 2012,
    "funded_month": 6,
    "funded_day": 1,
    "investments":
     []},
   {"id": 55418,
    "round_code": "debt_round",
    "source_url": "http://www.sec.gov/Archives/edgar/data/1450421/000114036111016438/xslFormDX01/primary_doc.xml",
    "source_description": "SEC",
    "raised_amount": 1000000.0,
    "raised_currency_code": "USD",
    "funded_year": 2011,
    "funded_month": 3,
    "funded_day": 14,
    "investments":
     []},
   {"id": 56140,
    "round_code": "a",
    "source_url": "http://www.sec.gov/Archives/edgar/data/1450421/000114036110026101/xslFormDX01/primary_doc.xml",
    "source_description": "S",
    "raised_amount": 1357263.0,
    "raised_currency_code": "USD",
    "funded_year": 2010,
    "funded_month": 6,
    "funded_day": 18,
    "investments":
     []},
   {"id": 56141,
    "round_code": "e",
    "source_url": "http://www.sec.gov/Archives/edgar/data/1450421/000114036111059176/xslFormDX01/primary_doc.xml",
    "source_description": "SEC",
    "raised_amount": 3437957.0,
    "raised_currency_code": "USD",
    "funded_year": 2011,
    "funded_month": 12,
    "funded_day": 29,
    "investments":
     []},
   {"id": 56142,
    "round_code": "b",
    "source_url": "http://www.sec.gov/Archives/edgar/data/1450421/000114036111012042/xslFormDX01/primary_doc.xml",
    "source_description": "SEC",
    "raised_amount": 1168969.0,
    "raised_currency_code": "USD",
    "funded_year": 2011,
    "funded_month": 2,
    "funded_day": 25,
    "investments":
     []},
   {"id": 59706,
    "round_code": "b",
    "source_url": "http://marketbrief.com/aegis-mobility-inc-form-d-sec-filng-2013-12-31?utm_source=twitterfeed\u0026utm_medium=twitter",
    "source_description": "$940K raised by Aegis Mobility Inc",
    "raised_amount": 940000.0,
    "raised_currency_code": "USD",
    "funded_year": 2013,
    "funded_month": 12,
    "funded_day": 31,
    "investments":
     []}],
 "investments":
  [],
 "acquisition": null,
 "acquisitions":
  [{"price_amount": null,
    "price_currency_code": "USD",
    "term_code": null,
    "source_url": "http://www.aegismobility.com/distracted-driving/news/68-aegis-mobility-acquires-zoomsafer",
    "source_description": "Aegis Mobility Acquires ZoomSafer",
    "acquired_year": 2012,
    "acquired_month": 11,
    "acquired_day": 9,
    "company":
     {"name": "ZoomSafer",
      "permalink": "zoomsafer"}}],
 "offices":
  [{"description": "",
    "address1": "8525 Baxter Place",
    "address2": "Suite 200",
    "zip_code": "V5A 4V7",
    "city": "Burnaby",
    "state_code": null,
    "country_code": "CAN",
    "latitude": null,
    "longitude": null}],
 "milestones":
  [],
 "ipo": null,
 "video_embeds":
  [],
 "screenshots":
  [{"available_sizes":
     [[[150,
        104],
       "http://api-images.crunchbase.com/assets/images/resized/0019/8792/198792v1-max-150x150.jpg"],
      [[250,
        174],
       "http://api-images.crunchbase.com/assets/images/resized/0019/8792/198792v1-max-250x250.jpg"],
      [[450,
        314],
       "http://api-images.crunchbase.com/assets/images/resized/0019/8792/198792v1-max-450x450.jpg"]],
    "attribution": null}],
 "external_links":
  [],
 "partners":
  []}
