{"name": "AeroFS",
 "permalink": "aerofs",
 "crunchbase_url": "http://www.crunchbase.com/company/aerofs",
 "homepage_url": "http://www.aerofs.com",
 "blog_url": "http://blog.aerofs.com",
 "blog_feed_url": "",
 "twitter_username": "aerofs",
 "category_code": "enterprise",
 "number_of_employees": null,
 "founded_year": 2010,
 "founded_month": null,
 "founded_day": null,
 "deadpooled_year": null,
 "deadpooled_month": null,
 "deadpooled_day": null,
 "deadpooled_url": null,
 "tag_list": "file-syncing, storage, cloud",
 "alias_list": null,
 "email_address": "support@aerofs.com",
 "phone_number": "",
 "description": "File Sync without Servers",
 "created_at": "Wed Jun 29 08:02:16 UTC 2011",
 "updated_at": "Mon Nov 25 18:03:45 UTC 2013",
 "overview": "\u003Cp\u003EAeroFS provides a file sharing/syncing service that never requires your files be loaded or stored on third party servers; your data is stored only on the devices you designate.  AeroFS desktop and server software can run entirely behind your firewall, including authentication.  \u003C/p\u003E\n\n\u003Cp\u003EThe vision of AeroFS is to redefine today\u0026#8217;s view of the \u0026#8220;cloud\u0026#8221;, with better controls, privacy, and scalability.  \u003C/p\u003E",
 "image":
  {"available_sizes":
    [[[136,
       150],
      "http://api-images.crunchbase.com/assets/images/resized/0015/4075/154075v2-max-150x150.jpg"],
     [[228,
       250],
      "http://api-images.crunchbase.com/assets/images/resized/0015/4075/154075v2-max-250x250.jpg"],
     [[239,
       262],
      "http://api-images.crunchbase.com/assets/images/resized/0015/4075/154075v2-max-450x450.jpg"]],
   "attribution": null},
 "products":
  [],
 "relationships":
  [{"is_past": false,
    "title": "Co-Founder, CTO",
    "person":
     {"first_name": "Weihan",
      "last_name": "Wang",
      "permalink": "weihan-wang"}},
   {"is_past": false,
    "title": "CEO",
    "person":
     {"first_name": "Yuri",
      "last_name": "Sagalov",
      "permalink": "yuri-sagalov"}},
   {"is_past": true,
    "title": "Software Engineer",
    "person":
     {"first_name": "Jim",
      "last_name": "Norris",
      "permalink": "jim-norris"}}],
 "competitions":
  [],
 "providerships":
  [],
 "total_money_raised": "$5.5M",
 "funding_rounds":
  [{"id": 25365,
    "round_code": "seed",
    "source_url": "http://techcrunch.com/2011/09/13/yc-funded-aerofs-its-like-dropbox-but-it-runs-inside-your-firewall/",
    "source_description": "YC-Funded AeroFS: It's Like Dropbox, But it Runs Inside Your Firewall",
    "raised_amount": null,
    "raised_currency_code": "USD",
    "funded_year": 2010,
    "funded_month": 8,
    "funded_day": 20,
    "investments":
     [{"company": null,
       "financial_org":
        {"name": "Andreessen Horowitz",
         "permalink": "andreessen-horowitz"},
       "person": null},
      {"company": null,
       "financial_org": null,
       "person":
        {"first_name": "Ashton",
         "last_name": "Kutcher",
         "permalink": "ashton-kutcher"}},
      {"company": null,
       "financial_org": null,
       "person":
        {"first_name": "Ash",
         "last_name": "Patel",
         "permalink": "ash-patel"}},
      {"company": null,
       "financial_org": null,
       "person":
        {"first_name": "Chris",
         "last_name": "Sacca",
         "permalink": "chris-sacca"}},
      {"company": null,
       "financial_org": null,
       "person":
        {"first_name": "Naval",
         "last_name": "Ravikant",
         "permalink": "naval-ravikant"}},
      {"company": null,
       "financial_org": null,
       "person":
        {"first_name": "Paul",
         "last_name": "Buchheit",
         "permalink": "paul-buchheit"}},
      {"company": null,
       "financial_org": null,
       "person":
        {"first_name": "Geoff",
         "last_name": "Ralston",
         "permalink": "geoff-ralston"}},
      {"company":
        {"name": "Y Combinator",
         "permalink": "y-combinator"},
       "financial_org": null,
       "person": null},
      {"company": null,
       "financial_org":
        {"name": "SV Angel",
         "permalink": "sv-angel"},
       "person": null},
      {"company": null,
       "financial_org":
        {"name": "AME Cloud Ventures",
         "permalink": "ame-cloud-ventures"},
       "person": null},
      {"company": null,
       "financial_org":
        {"name": "Webb Investment Network",
         "permalink": "webb-investment-network"},
       "person": null}]},
   {"id": 52761,
    "round_code": "seed",
    "source_url": "",
    "source_description": "y combinator source",
    "raised_amount": null,
    "raised_currency_code": "USD",
    "funded_year": 2010,
    "funded_month": 8,
    "funded_day": null,
    "investments":
     [{"company":
        {"name": "Y Combinator",
         "permalink": "y-combinator"},
       "financial_org": null,
       "person": null}]},
   {"id": 54934,
    "round_code": "a",
    "source_url": "",
    "source_description": "",
    "raised_amount": 5500000.0,
    "raised_currency_code": "USD",
    "funded_year": 2012,
    "funded_month": 12,
    "funded_day": 9,
    "investments":
     [{"company": null,
       "financial_org":
        {"name": "Webb Investment Network",
         "permalink": "webb-investment-network"},
       "person": null}]}],
 "investments":
  [],
 "acquisition": null,
 "acquisitions":
  [],
 "offices":
  [{"description": "",
    "address1": "",
    "address2": "",
    "zip_code": "",
    "city": "Palo Alto",
    "state_code": "CA",
    "country_code": "USA",
    "latitude": null,
    "longitude": null}],
 "milestones":
  [{"id": 43046,
    "description": "Welcomes Erik Mall as VP of Sales",
    "stoned_year": 2013,
    "stoned_month": 9,
    "stoned_day": null,
    "source_url": "http://blog.aerofs.com/543/welcome-erik-mall",
    "source_text": null,
    "source_description": "",
    "stoneable_type": "Company",
    "stoned_value": null,
    "stoned_value_type": null,
    "stoned_acquirer": null,
    "stoneable":
     {"name": "AeroFS",
      "permalink": "aerofs"}}],
 "ipo": null,
 "video_embeds":
  [],
 "screenshots":
  [],
 "external_links":
  [{"external_url": "http://arstechnica.com/information-technology/2012/09/create-your-own-local-dropbox-with-aerofs/",
    "title": ""}],
 "partners":
  []}
