{"name": "Aerva",
 "permalink": "aerva",
 "crunchbase_url": "http://www.crunchbase.com/company/aerva",
 "homepage_url": "http://www.aerva.com",
 "blog_url": "http://aerva.com/blog",
 "blog_feed_url": "",
 "twitter_username": "aerva",
 "category_code": "software",
 "number_of_employees": null,
 "founded_year": 2005,
 "founded_month": null,
 "founded_day": null,
 "deadpooled_year": null,
 "deadpooled_month": null,
 "deadpooled_day": null,
 "deadpooled_url": null,
 "tag_list": "digital-signage, dooh, digital-out-of-home, outdoor-displays, networked-displays, advertising, electronic-displays, saas, social-media, mobile-interactivity, widgets, events, interactive-campaign, mobile, digital-signage-software, web-based, media-content",
 "alias_list": "",
 "email_address": "info@aerva.com",
 "phone_number": "8777779910",
 "description": "interactive campaigns, digital signage",
 "created_at": "Mon Apr 04 15:31:31 UTC 2011",
 "updated_at": "Tue Mar 25 01:14:24 UTC 2014",
 "overview": "\u003Cp\u003EAerva is a technology company that enables real-time interactivity between mobile, social media applications and digital display networks (outdoor, place-based or enterprise). Aerva platforms offer a suite of software and services for creating, managing, delivering compelling content and experiences across digital media channels\u003C/p\u003E",
 "image":
  {"available_sizes":
    [[[150,
       39],
      "http://api-images.crunchbase.com/assets/images/resized/0012/9146/129146v3-max-150x150.png"],
     [[206,
       54],
      "http://api-images.crunchbase.com/assets/images/resized/0012/9146/129146v3-max-250x250.png"],
     [[206,
       54],
      "http://api-images.crunchbase.com/assets/images/resized/0012/9146/129146v3-max-450x450.png"]],
   "attribution": null},
 "products":
  [],
 "relationships":
  [{"is_past": false,
    "title": "Founder and CEO",
    "person":
     {"first_name": "Sanjay",
      "last_name": "Manandhar",
      "permalink": "sanjay-manandhar"}},
   {"is_past": false,
    "title": "VP, Technology",
    "person":
     {"first_name": "David",
      "last_name": "Crow",
      "permalink": "david-crow-4"}},
   {"is_past": false,
    "title": "Board of Directors",
    "person":
     {"first_name": "George",
      "last_name": "Adaniya",
      "permalink": "george-adaniya"}},
   {"is_past": false,
    "title": "Board of Directors",
    "person":
     {"first_name": "Philip",
      "last_name": "Guarascio",
      "permalink": "philip-guarascio"}},
   {"is_past": true,
    "title": "Director, Applications, Interactivity Engineer",
    "person":
     {"first_name": "Rafael",
      "last_name": "Mendiola",
      "permalink": "rafael-mendiola"}}],
 "competitions":
  [],
 "providerships":
  [],
 "total_money_raised": "$0",
 "funding_rounds":
  [],
 "investments":
  [],
 "acquisition": null,
 "acquisitions":
  [],
 "offices":
  [{"description": "",
    "address1": "675 Massachusetts Avenue",
    "address2": "",
    "zip_code": "02139",
    "city": "Cambridge",
    "state_code": "MA",
    "country_code": "USA",
    "latitude": null,
    "longitude": null}],
 "milestones":
  [],
 "ipo": null,
 "video_embeds":
  [],
 "screenshots":
  [{"available_sizes":
     [[[150,
        125],
       "http://api-images.crunchbase.com/assets/images/resized/0012/9145/129145v2-max-150x150.png"],
      [[250,
        209],
       "http://api-images.crunchbase.com/assets/images/resized/0012/9145/129145v2-max-250x250.png"],
      [[424,
        356],
       "http://api-images.crunchbase.com/assets/images/resized/0012/9145/129145v2-max-450x450.png"]],
    "attribution": null}],
 "external_links":
  [],
 "partners":
  []}
