{"name": "Aesthetic Element",
 "permalink": "aesthetic-element",
 "crunchbase_url": "http://www.crunchbase.com/company/aesthetic-element",
 "homepage_url": "http://www.aestheticelement.com",
 "blog_url": "",
 "blog_feed_url": "",
 "twitter_username": "aesthetice",
 "category_code": "mobile",
 "number_of_employees": null,
 "founded_year": 2009,
 "founded_month": 1,
 "founded_day": 5,
 "deadpooled_year": null,
 "deadpooled_month": null,
 "deadpooled_day": null,
 "deadpooled_url": null,
 "tag_list": "mobile, iphone, android, trendn, celebrity, athlete",
 "alias_list": null,
 "email_address": "info@aestheticelement.com",
 "phone_number": "(786) 539-4189",
 "description": "We develop mobile apps",
 "created_at": "Wed May 25 04:33:26 UTC 2011",
 "updated_at": "Fri May 27 14:07:26 UTC 2011",
 "overview": "\u003Cp\u003EAesthetic Element is a web and mobile software company based in Orlando, FL. They make apps for iPhone and Android, as well as create web sites and apps. Some highlights from their products include a news app in the top 50 on iPhone: trendn and websites for some of the top athletes and reality stars: Quintin Mikell, Sheldon Brown, Michael Robinson and DeAnna Pappas. Highlights from their recent releases can be found on their website.\u003C/p\u003E",
 "image":
  {"available_sizes":
    [[[150,
       120],
      "http://api-images.crunchbase.com/assets/images/resized/0013/6304/136304v2-max-150x150.jpg"],
     [[250,
       200],
      "http://api-images.crunchbase.com/assets/images/resized/0013/6304/136304v2-max-250x250.jpg"],
     [[325,
       260],
      "http://api-images.crunchbase.com/assets/images/resized/0013/6304/136304v2-max-450x450.jpg"]],
   "attribution": null},
 "products":
  [],
 "relationships":
  [{"is_past": false,
    "title": "Founder and CEO",
    "person":
     {"first_name": "Bryan",
      "last_name": "Hunsinger",
      "permalink": "bryan-hunsinger"}}],
 "competitions":
  [{"competitor":
     {"name": "XYDO",
      "permalink": "xydo"}},
   {"competitor":
     {"name": "Alltop",
      "permalink": "alltop"}}],
 "providerships":
  [],
 "total_money_raised": "$0",
 "funding_rounds":
  [],
 "investments":
  [],
 "acquisition": null,
 "acquisitions":
  [],
 "offices":
  [{"description": "Orlando Office",
    "address1": "911 N Orange Ave",
    "address2": "",
    "zip_code": "32801",
    "city": "Orlando",
    "state_code": "FL",
    "country_code": "USA",
    "latitude": null,
    "longitude": null}],
 "milestones":
  [],
 "ipo": null,
 "video_embeds":
  [],
 "screenshots":
  [{"available_sizes":
     [[[150,
        99],
       "http://api-images.crunchbase.com/assets/images/resized/0013/6303/136303v2-max-150x150.jpg"],
      [[250,
        165],
       "http://api-images.crunchbase.com/assets/images/resized/0013/6303/136303v2-max-250x250.jpg"],
      [[450,
        298],
       "http://api-images.crunchbase.com/assets/images/resized/0013/6303/136303v2-max-450x450.jpg"]],
    "attribution": null}],
 "external_links":
  [{"external_url": "http://blog.allify.com/?p=48",
    "title": ""}],
 "partners":
  []}
