{"name": "AEterna Zentaris",
 "permalink": "aeterna-zentaris",
 "crunchbase_url": "http://www.crunchbase.com/company/aeterna-zentaris",
 "homepage_url": "http://www.aezsinc.com",
 "blog_url": "",
 "blog_feed_url": "",
 "twitter_username": null,
 "category_code": "biotech",
 "number_of_employees": null,
 "founded_year": null,
 "founded_month": null,
 "founded_day": null,
 "deadpooled_year": null,
 "deadpooled_month": null,
 "deadpooled_day": null,
 "deadpooled_url": null,
 "tag_list": "",
 "alias_list": "",
 "email_address": "",
 "phone_number": "(418) 652-8525",
 "description": "",
 "created_at": "Thu Mar 10 06:16:01 UTC 2011",
 "updated_at": "Wed Jan 15 04:19:49 UTC 2014",
 "overview": "\u003Cp\u003EAEterna Zentaris Inc. is a drug development company specialized in oncology and endocrine therapy. The Company\u00e2\u20ac\u2122s product pipeline encompasses compounds at all stages of development, from drug discovery through marketed products. The priorities in oncology are its Phase III program with perifosine in multiple myeloma and its Phase II program in multiple cancers, including metastatic colon cancer, as well as Phase II program with AEZS-108 in advanced endometrial and advanced ovarian cancer combined with potential developments in other cancer indications. In endocrinology, the Company\u00e2\u20ac\u2122s program is the reactivation of a Phase III trial with AEZS-130 (SolorelTM) as a growth hormone (GH) stimulation test for the diagnosis of GH deficiency in adults (AGHD). \u003C/p\u003E",
 "image":
  {"available_sizes":
    [[[147,
       30],
      "http://api-images.crunchbase.com/assets/images/resized/0012/5750/125750v1-max-150x150.png"],
     [[147,
       30],
      "http://api-images.crunchbase.com/assets/images/resized/0012/5750/125750v1-max-250x250.png"],
     [[147,
       30],
      "http://api-images.crunchbase.com/assets/images/resized/0012/5750/125750v1-max-450x450.png"]],
   "attribution": null},
 "products":
  [],
 "relationships":
  [{"is_past": false,
    "title": "President and Chief Executive Officer",
    "person":
     {"first_name": "David",
      "last_name": "A. Dodd",
      "permalink": "david-a-dodd"}},
   {"is_past": true,
    "title": "President and CEO",
    "person":
     {"first_name": "J\u00c3\u00bcrgen",
      "last_name": "Engel",
      "permalink": "jrgen-engel"}}],
 "competitions":
  [],
 "providerships":
  [],
 "total_money_raised": "$0",
 "funding_rounds":
  [],
 "investments":
  [],
 "acquisition": null,
 "acquisitions":
  [],
 "offices":
  [{"description": "",
    "address1": "1405 du Parc-Technologique Blvd.",
    "address2": "",
    "zip_code": "G1P 4P5",
    "city": "Qu\u00c3\u00a9bec",
    "state_code": null,
    "country_code": "CAN",
    "latitude": null,
    "longitude": null}],
 "milestones":
  [{"id": 13140,
    "description": "Aeterna Zentaris snags $69M pact on perifosine",
    "stoned_year": 2011,
    "stoned_month": 3,
    "stoned_day": 9,
    "source_url": "http://www.fiercebiotech.com/story/aeterna-zentaris-snags-69m-pact-perifosine/2011-03-09?utm_medium=rss\u0026utm_source=rss",
    "source_text": "",
    "source_description": "Aeterna Zentaris snags $69M pact on perifosine",
    "stoneable_type": "Company",
    "stoned_value": null,
    "stoned_value_type": null,
    "stoned_acquirer": null,
    "stoneable":
     {"name": "AEterna Zentaris",
      "permalink": "aeterna-zentaris"}},
   {"id": 43280,
    "description": "Aeterna Zentaris Announces Closing of US$15.1 Million Public Offering of Common Shares and Warrants",
    "stoned_year": 2013,
    "stoned_month": 11,
    "stoned_day": 25,
    "source_url": "",
    "source_text": "",
    "source_description": "Aeterna Zentaris Announces Closing of US$15.1 Million Public Offering of Common Shares and Warrants",
    "stoneable_type": "Company",
    "stoned_value": null,
    "stoned_value_type": null,
    "stoned_acquirer": null,
    "stoneable":
     {"name": "AEterna Zentaris",
      "permalink": "aeterna-zentaris"}},
   {"id": 45675,
    "description": "Aeterna Zentaris Announces Closing of US$13.2 Million Public Offering of Common Shares and Warrants",
    "stoned_year": 2014,
    "stoned_month": 1,
    "stoned_day": 14,
    "source_url": "http://www.newswire.ca/en/story/1289067/aeterna-zentaris-announces-closing-of-us-13-2-million-public-offering-of-common-shares-and-warrants",
    "source_text": "",
    "source_description": "Aeterna Zentaris Announces Closing of US$13.2 Million Public Offering of Common Shares and Warrants",
    "stoneable_type": "Company",
    "stoned_value": null,
    "stoned_value_type": null,
    "stoned_acquirer": null,
    "stoneable":
     {"name": "AEterna Zentaris",
      "permalink": "aeterna-zentaris"}}],
 "ipo":
  {"valuation_amount": null,
   "valuation_currency_code": "USD",
   "pub_year": null,
   "pub_month": null,
   "pub_day": null,
   "stock_symbol": "NASDAQ:AEZS"},
 "video_embeds":
  [],
 "screenshots":
  [{"available_sizes":
     [[[141,
        150],
       "http://api-images.crunchbase.com/assets/images/resized/0012/5763/125763v1-max-150x150.jpg"],
      [[236,
        250],
       "http://api-images.crunchbase.com/assets/images/resized/0012/5763/125763v1-max-250x250.jpg"],
      [[425,
        450],
       "http://api-images.crunchbase.com/assets/images/resized/0012/5763/125763v1-max-450x450.jpg"]],
    "attribution": null}],
 "external_links":
  [],
 "partners":
  []}
