{"name": "Affineti Biologics",
 "permalink": "affineti-biologics",
 "crunchbase_url": "http://www.crunchbase.com/company/affineti-biologics",
 "homepage_url": null,
 "blog_url": "",
 "blog_feed_url": "",
 "twitter_username": null,
 "category_code": "medical",
 "number_of_employees": null,
 "founded_year": null,
 "founded_month": null,
 "founded_day": null,
 "deadpooled_year": null,
 "deadpooled_month": null,
 "deadpooled_day": null,
 "deadpooled_url": null,
 "tag_list": "",
 "alias_list": "",
 "email_address": "",
 "phone_number": "",
 "description": "",
 "created_at": "Mon Jun 20 01:51:37 UTC 2011",
 "updated_at": "Mon Jun 20 01:51:36 UTC 2011",
 "overview": "\u003Cp\u003EAffineti Biologics, a New Jersey-based company developing plaque-reducing dental hygiene products.\u003C/p\u003E",
 "image": null,
 "products":
  [],
 "relationships":
  [],
 "competitions":
  [],
 "providerships":
  [],
 "total_money_raised": "$500k",
 "funding_rounds":
  [{"id": 23675,
    "round_code": "unattributed",
    "source_url": "http://www.finsmes.com/2011/06/affineti-biologics-receives-500k-investment-foundation-venture-capital-group.html?utm_source=feedburner\u0026utm_medium=feed\u0026utm_campaign=Feed%3A+finsmes%2FcNHu+%28FinSMEs%29",
    "source_description": "Affineti Biologics Receives $500K Investment from Foundation Venture Capital Group",
    "raised_amount": 500000.0,
    "raised_currency_code": "USD",
    "funded_year": 2011,
    "funded_month": 6,
    "funded_day": 18,
    "investments":
     [{"company": null,
       "financial_org":
        {"name": "Foundation Venture Capital Group",
         "permalink": "foundation-venture-capital-group"},
       "person": null}]}],
 "investments":
  [],
 "acquisition": null,
 "acquisitions":
  [],
 "offices":
  [],
 "milestones":
  [],
 "ipo": null,
 "video_embeds":
  [],
 "screenshots":
  [],
 "external_links":
  [],
 "partners":
  []}
