{"name": "Affiliate Lease",
 "permalink": "affiliate-lease",
 "crunchbase_url": "http://www.crunchbase.com/company/affiliate-lease",
 "homepage_url": "http://www.affiliatelease.com",
 "blog_url": "",
 "blog_feed_url": "",
 "twitter_username": "affiliatelease",
 "category_code": "ecommerce",
 "number_of_employees": 5,
 "founded_year": 2009,
 "founded_month": null,
 "founded_day": null,
 "deadpooled_year": null,
 "deadpooled_month": null,
 "deadpooled_day": null,
 "deadpooled_url": null,
 "tag_list": "affiliate-website-builder, affiliate-program, affiliate-development",
 "alias_list": null,
 "email_address": "admin@affiliatelease.com",
 "phone_number": "781-400-5347",
 "description": "Affiliate Marketing Website Builder",
 "created_at": "Fri Feb 18 21:35:13 UTC 2011",
 "updated_at": "Sat Feb 19 02:31:04 UTC 2011",
 "overview": "\u003Cp\u003EAffiliate Lease provides customizable websites for affiliate marketing complete with product integration from affiliate networks.\u003C/p\u003E\n\n\u003Cp\u003EThe product includes hosting, domain name registration, and is intended to allow aspiring affiliate marketers to build professional websites used in competitive industries at the most cost-efficient means possible. There are two different subscription types as they operate under the SAAS umbrella: monthly and yearly.\u003C/p\u003E\n\n\u003Cp\u003EProducts and offers that publishers may promote are populated on their websites through feeds provided by affiliate networks. Affiliate Lease does not get involved with the relationship between publishers and affiliate networks. They strictly provide the websites that connect the two. This allows publishers to maximize their ROI as they are not having their commissions stepped on. It also allows the affiliate networks providing the feeds to expand their base of publishers.\u003C/p\u003E\n\n\u003Cp\u003EThe Affiliate Lease business model is based on retention. Because they offer month to month subscriptions, continual development and product enhancements are ongoing and launched on a quarterly schedule. Included in development and building relationships with other networks to expand the offers available.\u003C/p\u003E\n\n\u003Cp\u003EAffiliate Lease also has an affiliate program of their own to allow publishers to promote their brand. Because the company is backed by former affiliates, the program has a very liberal advertising restrictions and offers high commission structures.\u003C/p\u003E",
 "image":
  {"available_sizes":
    [[[150,
       63],
      "http://api-images.crunchbase.com/assets/images/resized/0012/2879/122879v2-max-150x150.png"],
     [[250,
       105],
      "http://api-images.crunchbase.com/assets/images/resized/0012/2879/122879v2-max-250x250.png"],
     [[260,
       110],
      "http://api-images.crunchbase.com/assets/images/resized/0012/2879/122879v2-max-450x450.png"]],
   "attribution": null},
 "products":
  [],
 "relationships":
  [{"is_past": false,
    "title": "Client Retention \u0026 Development",
    "person":
     {"first_name": "Russ",
      "last_name": "Nauta",
      "permalink": "russ-nauta"}},
   {"is_past": false,
    "title": "Head of Business Development",
    "person":
     {"first_name": "Hadi",
      "last_name": "Shavarini",
      "permalink": "hadi-shavarini"}},
   {"is_past": false,
    "title": "Head of IT",
    "person":
     {"first_name": "Earl",
      "last_name": "Gray IV",
      "permalink": "earl-gray-iv"}}],
 "competitions":
  [],
 "providerships":
  [{"title": "Accounting",
    "is_past": false,
    "provider":
     {"name": "Brenda McGivern CPA",
      "permalink": "brenda-mcgivern-cpa"}}],
 "total_money_raised": "$0",
 "funding_rounds":
  [],
 "investments":
  [],
 "acquisition": null,
 "acquisitions":
  [],
 "offices":
  [],
 "milestones":
  [],
 "ipo": null,
 "video_embeds":
  [],
 "screenshots":
  [],
 "external_links":
  [],
 "partners":
  []}
