{"name": "Affinity China",
 "permalink": "affinity-china",
 "crunchbase_url": "http://www.crunchbase.com/company/affinity-china",
 "homepage_url": "http://www.affinitychina.com",
 "blog_url": "",
 "blog_feed_url": "",
 "twitter_username": "affinitychina",
 "category_code": "finance",
 "number_of_employees": null,
 "founded_year": 2010,
 "founded_month": null,
 "founded_day": null,
 "deadpooled_year": null,
 "deadpooled_month": null,
 "deadpooled_day": null,
 "deadpooled_url": null,
 "tag_list": "china, luxury, travel, tourism, e-commerce",
 "alias_list": "",
 "email_address": "partner@affinitychina.com",
 "phone_number": "+86 21 5111 9039",
 "description": "Private China luxury network",
 "created_at": "Fri Apr 08 08:43:37 UTC 2011",
 "updated_at": "Tue Apr 15 08:39:54 UTC 2014",
 "overview": "\u003Cp\u003EAffinity China is a private social network, providing members with unique and exclusive luxury lifestyles and travel opportunities. \u003C/p\u003E\n\n\u003Cp\u003EAffinity is a private membership club providing an excellent platform for the Chinese who keeps an eye over the overseas luxury travel, high-end social activities, rare investment opportunities, real estate transactions and elite education. \u003C/p\u003E\n\n\u003Cp\u003EIt has offices in Shanghai and New York. Affinity China will provide personal luxury travel experiences and social events service for members both in China and overseas, and it will provide unparalleled luxury VIP service for customers in all the metropolises full of temptations around the world. \u003C/p\u003E\n\n\u003Cp\u003EThe service of Affinity China covers more than 800 items of the selected projects all over the world, including the top restaurants and member clubs, etc.\u003C/p\u003E",
 "image":
  {"available_sizes":
    [[[150,
       39],
      "http://api-images.crunchbase.com/assets/images/resized/0045/5915/455915v1-max-150x150.jpg"],
     [[205,
       54],
      "http://api-images.crunchbase.com/assets/images/resized/0045/5915/455915v1-max-250x250.jpg"],
     [[205,
       54],
      "http://api-images.crunchbase.com/assets/images/resized/0045/5915/455915v1-max-450x450.jpg"]],
   "attribution": null},
 "products":
  [],
 "relationships":
  [{"is_past": false,
    "title": "Co-founder/Managing Director, China",
    "person":
     {"first_name": "Jessica",
      "last_name": "Shu",
      "permalink": "jessica-shu"}},
   {"is_past": false,
    "title": "Founder\u0026CEO",
    "person":
     {"first_name": "Christine",
      "last_name": "Lu",
      "permalink": "christine-lu"}},
   {"is_past": false,
    "title": "Co-founder/COO",
    "person":
     {"first_name": "Chris",
      "last_name": "Noble",
      "permalink": "chris-noble"}},
   {"is_past": false,
    "title": "VP of Business Development China",
    "person":
     {"first_name": "Lili",
      "last_name": "Feng",
      "permalink": "lili-feng"}},
   {"is_past": false,
    "title": "Director, China",
    "person":
     {"first_name": "Dana",
      "last_name": "Howng",
      "permalink": "dana-howng"}},
   {"is_past": false,
    "title": "Director, Partner Relations",
    "person":
     {"first_name": "Jodie",
      "last_name": "Lin",
      "permalink": "jodie-lin"}},
   {"is_past": true,
    "title": "VP of Business Development",
    "person":
     {"first_name": "Andria",
      "last_name": "Chang",
      "permalink": "andria-chang"}},
   {"is_past": true,
    "title": "Marketing Advisor",
    "person":
     {"first_name": "Mona",
      "last_name": "Nomura",
      "permalink": "mona-nomura"}}],
 "competitions":
  [],
 "providerships":
  [],
 "total_money_raised": "$1.1M",
 "funding_rounds":
  [{"id": 25235,
    "round_code": "seed",
    "source_url": "http://www.finsmes.com/2011/09/affinity-china-raises-seed-funding.html?utm_source=feedburner\u0026utm_medium=feed\u0026utm_campaign=Feed%3A+finsmes%2FcNHu+%28FinSMEs%29",
    "source_description": "Affinity China Raises Seed Funding",
    "raised_amount": 600000.0,
    "raised_currency_code": "USD",
    "funded_year": 2011,
    "funded_month": 9,
    "funded_day": 7,
    "investments":
     [{"company": null,
       "financial_org":
        {"name": "RRE Ventures",
         "permalink": "rre-ventures"},
       "person": null},
      {"company": null,
       "financial_org":
        {"name": "500 Startups",
         "permalink": "500-startups"},
       "person": null},
      {"company": null,
       "financial_org":
        {"name": "Loeb Enterprises",
         "permalink": "loeb-enterprises"},
       "person": null}]},
   {"id": 37063,
    "round_code": "seed",
    "source_url": "",
    "source_description": "",
    "raised_amount": 500000.0,
    "raised_currency_code": "USD",
    "funded_year": 2012,
    "funded_month": 6,
    "funded_day": null,
    "investments":
     []}],
 "investments":
  [],
 "acquisition": null,
 "acquisitions":
  [],
 "offices":
  [{"description": "SHANGHAI CENTRE",
    "address1": "1376 NANJING ROAD WEST",
    "address2": "SUITE 306",
    "zip_code": "200040",
    "city": "SHANGHAI",
    "state_code": null,
    "country_code": "CHN",
    "latitude": null,
    "longitude": null},
   {"description": "NEW YORK",
    "address1": "712 5TH AVENUE",
    "address2": "14TH FLOOR",
    "zip_code": "10019",
    "city": "NEW YORK",
    "state_code": "NY",
    "country_code": "USA",
    "latitude": null,
    "longitude": null}],
 "milestones":
  [],
 "ipo": null,
 "video_embeds":
  [{"embed_code": "\u003Ciframe width=\"430\" height=\"242\" src=\"http://www.youtube.com/embed/7Xgfmcs7Pt0\" frameborder=\"0\" allowfullscreen\u003E\u003C/iframe\u003E",
    "description": ""},
   {"embed_code": "\u003Ciframe width=\"430\" height=\"242\" src=\"http://www.youtube.com/embed/6ylKpElckJU?rel=0\" frameborder=\"0\" allowfullscreen\u003E\u003C/iframe\u003E",
    "description": "\u003Cp\u003EAffinity China Dragon Week NYC\u003C/p\u003E"},
   {"embed_code": "\u003Ciframe src=\"http://player.vimeo.com/video/48896184?title=0\u0026amp;byline=0\u0026amp;portrait=0\" width=\"430\" height=\"242\" frameborder=\"0\" webkitAllowFullScreen mozallowfullscreen allowFullScreen\u003E\u003C/iframe\u003E ",
    "description": ""}],
 "screenshots":
  [{"available_sizes":
     [[[150,
        114],
       "http://api-images.crunchbase.com/assets/images/resized/0045/5921/455921v1-max-150x150.png"],
      [[250,
        190],
       "http://api-images.crunchbase.com/assets/images/resized/0045/5921/455921v1-max-250x250.png"],
      [[450,
        342],
       "http://api-images.crunchbase.com/assets/images/resized/0045/5921/455921v1-max-450x450.png"]],
    "attribution": null}],
 "external_links":
  [{"external_url": "http://www.cnbc.com/id/46172203/Luxury_Brands_Long_to_Bond_With_China_s_Millionaires",
    "title": "CNBC - Financial Times"},
   {"external_url": "http://www.forbes.com/sites/raykwong/2011/09/08/chinas-rich-and-mostly-anonymous-spent-26-billion-last-year-for-fun/",
    "title": "Forbes - China's Rich and Mostly Anonymous Spent $26 Billion Last Year -- For Fun"},
   {"external_url": "http://www.wwd.com/eye/lifestyle/bergdorf-goodman-designers-court-chinese-5572400?full=true",
    "title": "WWD - Dragon Week Caters to China's Rich"},
   {"external_url": "http://www.ft.com/intl/cms/s/0/b0e42a86-48ac-11e1-954a-00144feabdc0.html",
    "title": "Financial Times - Luxury brands long to bond with China\u2019s elite"},
   {"external_url": "http://www.nytimes.com/2012/04/15/business/global/american-brands-seek-favor-with-wealthy-chinese-tourists.html",
    "title": "New York Times - Luxury Stores Pull Out Mandarin Phrase Books to Make the Sale"},
   {"external_url": "http://online.wsj.com/article/SB10000872396390444772804577618682194946736.html",
    "title": "WSJ - Article Video Stock Quotes Comments (14) MORE IN BUSINESS \u00bb  smaller Larger By LAURIE BURKITT    Luxury fashion houses are going to extremes to develop intimate relationships with high-rolling clients in China. The WSJ's Laurie Burkitt talks about s"},
   {"external_url": "http://www.bloomberg.com/video/china-s-super-rich-picking-up-new-york-s-bargains-pnkxdPDOR4efacuDaBc7Eg.html",
    "title": "Bloomberg TV - China's Super-Rich Picking Up New York's `Bargains'"},
   {"external_url": "http://www.reuters.com/article/2012/09/28/uk-china-luxury-travel-idUSLNE88R00F20120928",
    "title": "Reuters - Downturn? Not in first class, say China's globetrotting shoppers"}],
 "partners":
  [{"partner_name": "ct_quan",
    "homepage_url": "unknown",
    "link_1_url": null,
    "link_2_url": null,
    "link_3_url": null,
    "link_1_name": null,
    "link_2_name": null,
    "link_3_name": null}]}
