{"name": "Affinity Solutions",
 "permalink": "affinity-solutions",
 "crunchbase_url": "http://www.crunchbase.com/company/affinity-solutions",
 "homepage_url": "http://affinitysolutions.com",
 "blog_url": "",
 "blog_feed_url": "",
 "twitter_username": "AffinitySolutns",
 "category_code": "finance",
 "number_of_employees": null,
 "founded_year": 1998,
 "founded_month": null,
 "founded_day": null,
 "deadpooled_year": null,
 "deadpooled_month": null,
 "deadpooled_day": null,
 "deadpooled_url": null,
 "tag_list": "",
 "alias_list": "",
 "email_address": "",
 "phone_number": "212-822-9600",
 "description": "",
 "created_at": "Wed Jul 27 11:40:14 UTC 2011",
 "updated_at": "Fri Aug 09 22:23:02 UTC 2013",
 "overview": "\u003Cp\u003EFounded in 1998, Affinity Solutions has grown to become the leading provider of loyalty programs for top financial institutions, insurance companies, and publishers in the U.S.\u003C/p\u003E",
 "image":
  {"available_sizes":
    [[[150,
       45],
      "http://api-images.crunchbase.com/assets/images/resized/0014/6415/146415v1-max-150x150.jpg"],
     [[250,
       75],
      "http://api-images.crunchbase.com/assets/images/resized/0014/6415/146415v1-max-250x250.jpg"],
     [[293,
       89],
      "http://api-images.crunchbase.com/assets/images/resized/0014/6415/146415v1-max-450x450.jpg"]],
   "attribution": null},
 "products":
  [],
 "relationships":
  [{"is_past": false,
    "title": "EXECUTIVE VICE PRESIDENT, CORPORATE DEVELOPMENT",
    "person":
     {"first_name": "JONATHAN",
      "last_name": "GAGLIANO",
      "permalink": "jonathan-gagliano"}},
   {"is_past": false,
    "title": "CHIEF OPERATION OFFICER",
    "person":
     {"first_name": "RICHARD",
      "last_name": "WITKOWSKI",
      "permalink": "richard-witkowski"}},
   {"is_past": false,
    "title": "CHIEF TECHNOLOGY OFFICER",
    "person":
     {"first_name": "MICHAEL",
      "last_name": "BIAMONTE",
      "permalink": "michael-biamonte"}},
   {"is_past": false,
    "title": "EXECUTIVE VICE PRESIDENT, CHIEF RETAIL OFFICER",
    "person":
     {"first_name": "WENDY",
      "last_name": "NORMAN",
      "permalink": "wendy-norman"}},
   {"is_past": false,
    "title": "CHIEF FINANCIAL OFFICER",
    "person":
     {"first_name": "BRIDGET",
      "last_name": "KEATING",
      "permalink": "bridget-keating"}}],
 "competitions":
  [],
 "providerships":
  [],
 "total_money_raised": "$35.5M",
 "funding_rounds":
  [{"id": 24419,
    "round_code": "unattributed",
    "source_url": "http://www.finsmes.com/2011/07/affinity-solutions-receives-investment-chestnut-hill-ventures.html?utm_source=feedburner\u0026utm_medium=feed\u0026utm_campaign=Feed%3A+finsmes%2FcNHu+%28FinSMEs%29",
    "source_description": "Affinity Solutions Receives Investment from Chestnut Hill Ventures",
    "raised_amount": null,
    "raised_currency_code": "USD",
    "funded_year": 2011,
    "funded_month": 7,
    "funded_day": 27,
    "investments":
     [{"company": null,
       "financial_org":
        {"name": "Chestnut Hill Ventures",
         "permalink": "chestnut-hill-ventures"},
       "person": null}]},
   {"id": 30951,
    "round_code": "unattributed",
    "source_url": "http://www.finsmes.com/2012/06/affinity-solutions-receives-14-5m-equity-financing-chestnut-hill-ventures.html?utm_source=feedburner\u0026utm_medium=feed\u0026utm_campaign=Feed%3A+finsmes%2FcNHu+%28FinSMEs%29",
    "source_description": "Affinity Solutions Receives $14.5M Equity Financing from Chestnut Hill Ventures",
    "raised_amount": 14500000.0,
    "raised_currency_code": "USD",
    "funded_year": 2012,
    "funded_month": 6,
    "funded_day": 27,
    "investments":
     [{"company": null,
       "financial_org":
        {"name": "Chestnut Hill Ventures",
         "permalink": "chestnut-hill-ventures"},
       "person": null}]},
   {"id": 39692,
    "round_code": "unattributed",
    "source_url": "http://www.pehub.com/252450/affinity-solutions-receives-over-21-mln/?utm_source=dlvr.it\u0026utm_medium=twitter",
    "source_description": "Affinity Solutions Receives Over $21 Mln",
    "raised_amount": 21000000.0,
    "raised_currency_code": "USD",
    "funded_year": 2013,
    "funded_month": 6,
    "funded_day": 10,
    "investments":
     [{"company": null,
       "financial_org":
        {"name": "Chestnut Hill Ventures",
         "permalink": "chestnut-hill-ventures"},
       "person": null}]}],
 "investments":
  [],
 "acquisition": null,
 "acquisitions":
  [],
 "offices":
  [{"description": "",
    "address1": "333 Seventh Avenue",
    "address2": "18th Floor",
    "zip_code": "10001",
    "city": "New York",
    "state_code": "NY",
    "country_code": "USA",
    "latitude": null,
    "longitude": null}],
 "milestones":
  [],
 "ipo": null,
 "video_embeds":
  [{"embed_code": "\u003Cscript type=\"text/javascript\" src=\"http://finovate.com/player/?width=930\u0026height=569\u0026video=%2Fspring12vid%2Fvideos%2FAffinitySolutions.mov\"\u003E\u003C/script\u003E\u003Cnoscript\u003EThe video cannot be loaded as your browser does not support JavaScript.\u003C/noscript\u003E ",
    "description": "\u003Cp\u003EAffinity Solutions demoing at \u003Ca href=\"http://www.finovate.com/spring12vid/affinitysolutions.html\" title=\"FinovateSpring 2012\" rel=\"nofollow\"\u003EFinovateSpring 2012\u003C/a\u003E\u003C/p\u003E"}],
 "screenshots":
  [{"available_sizes":
     [[[150,
        83],
       "http://api-images.crunchbase.com/assets/images/resized/0014/6416/146416v1-max-150x150.jpg"],
      [[250,
        139],
       "http://api-images.crunchbase.com/assets/images/resized/0014/6416/146416v1-max-250x250.jpg"],
      [[450,
        251],
       "http://api-images.crunchbase.com/assets/images/resized/0014/6416/146416v1-max-450x450.jpg"]],
    "attribution": null}],
 "external_links":
  [],
 "partners":
  []}
