{"name": "Affle",
 "permalink": "affle",
 "crunchbase_url": "http://www.crunchbase.com/company/affle",
 "homepage_url": "http://www.affle.com",
 "blog_url": "",
 "blog_feed_url": "",
 "twitter_username": "affle",
 "category_code": "advertising",
 "number_of_employees": 100,
 "founded_year": 2006,
 "founded_month": 2,
 "founded_day": 1,
 "deadpooled_year": null,
 "deadpooled_month": null,
 "deadpooled_day": null,
 "deadpooled_url": null,
 "tag_list": "advertising, messaging, media, mobile-media, pinch, sms2-0, sms2-0-live, smslive, coufon, affnet, affleads, application, android, iphone, microsoft, symbian, j2me, mobile-web, singapore, india, indonesia, itochu, dentsu, docomo",
 "alias_list": "",
 "email_address": "partners@affle.com",
 "phone_number": "",
 "description": "Digital Media",
 "created_at": "Thu Jun 23 10:55:07 UTC 2011",
 "updated_at": "Wed Oct 02 02:25:08 UTC 2013",
 "overview": "\u003Cp\u003EThe Affle Group is a Smart Media company with businesses strategically aligned to establish our leadership in the digital media eco-system. Our investors include D2C (JV between Dentsu \u0026amp; NTT DoCoMo), Microsoft, Itochu Corporation, Centurion Private Equity \u0026amp; BCCL\u003C/p\u003E\n\n\u003Cp\u003EAffle\u0026#8217;s digital media businesses include :\u003C/p\u003E\n\n\u003Cp\u003ERipple, our rich Media and video ad network, enables smart advertising on all smart screens (PC, Mobile, Tablets and more) driven by our innovative solutions and our scalable technology platform which delivers more engaging and meaningful ad-experiences.\u003C/p\u003E\n\n\u003Cp\u003EOur Digital Advertising Solutions team works with top brands and agency partners to help them leverage digital media better by building integrated branded content, products and ad campaigns.\u003C/p\u003E\n\n\u003Cp\u003EOur Media Lab builds smart mobile products for the Affle Group and our partners by leveraging our proven and scalable ARC platform, our methodology and experience in building innovations for smart screens.\u003C/p\u003E\n\n\u003Cp\u003Ead2c helps brands leverage the full power of digital advertising and excel in mobile marketing with our ad2campaigns platform and the \u2018Mobility by Design\u2019 philosophy.\u003C/p\u003E",
 "image":
  {"available_sizes":
    [[[150,
       67],
      "http://api-images.crunchbase.com/assets/images/resized/0014/0661/140661v2-max-150x150.jpg"],
     [[250,
       111],
      "http://api-images.crunchbase.com/assets/images/resized/0014/0661/140661v2-max-250x250.jpg"],
     [[255,
       114],
      "http://api-images.crunchbase.com/assets/images/resized/0014/0661/140661v2-max-450x450.jpg"]],
   "attribution": null},
 "products":
  [{"name": "Ripple",
    "permalink": "ripple"}],
 "relationships":
  [{"is_past": false,
    "title": "CEO (Affle Media Labs)",
    "person":
     {"first_name": "Ben",
      "last_name": "Fones",
      "permalink": "ben-fones"}},
   {"is_past": false,
    "title": "Co-founder \u0026 CEO",
    "person":
     {"first_name": "Anuj",
      "last_name": "Kumar",
      "permalink": "anuj-kumar"}},
   {"is_past": false,
    "title": "CTO",
    "person":
     {"first_name": "Charles",
      "last_name": "Yong",
      "permalink": "charles-yong-2"}},
   {"is_past": false,
    "title": "Founder \u0026 Chairman",
    "person":
     {"first_name": "Anuj",
      "last_name": "Khanna Sohum",
      "permalink": "anuj-khanna-sohum"}},
   {"is_past": false,
    "title": "Board Member",
    "person":
     {"first_name": "Richard",
      "last_name": "Humphreys",
      "permalink": "richard-humphreys"}},
   {"is_past": false,
    "title": "Board Member",
    "person":
     {"first_name": "Dr,",
      "last_name": "Mandar Chitre",
      "permalink": "dr-mandar-chitre"}},
   {"is_past": false,
    "title": "Director (Partnerships), Ripple",
    "person":
     {"first_name": "Vipul",
      "last_name": "Kedia",
      "permalink": "vipul-kedia"}},
   {"is_past": false,
    "title": "Board Member",
    "person":
     {"first_name": "Takayuki",
      "last_name": "Hoshuyama",
      "permalink": "takayuki-hoshuyama"}},
   {"is_past": false,
    "title": "Board of Directors",
    "person":
     {"first_name": "Raj",
      "last_name": "L Gupta",
      "permalink": "raj-l-gupta"}},
   {"is_past": false,
    "title": "Board Member",
    "person":
     {"first_name": "Jack",
      "last_name": "Baron",
      "permalink": "jack-baron"}},
   {"is_past": false,
    "title": "Executive Director, Ripple",
    "person":
     {"first_name": "Sankalp",
      "last_name": "Mehrotra",
      "permalink": "sankalp-mehrotra"}},
   {"is_past": false,
    "title": "Assoc Director (Projects), Media Lab",
    "person":
     {"first_name": "Alie",
      "last_name": "Tan",
      "permalink": "alie-tan"}},
   {"is_past": false,
    "title": "Board Member",
    "person":
     {"first_name": "Madan",
      "last_name": "Sanglikar",
      "permalink": "madan-sanglikar"}}],
 "competitions":
  [],
 "providerships":
  [{"title": "PR",
    "is_past": false,
    "provider":
     {"name": "Edelman",
      "permalink": "edelman"}}],
 "total_money_raised": "$10M",
 "funding_rounds":
  [{"id": 23753,
    "round_code": "b",
    "source_url": "http://moconews.net/article/419-microsoft-invests-in-mobile-marketing-firm-affle/",
    "source_description": "Microsoft Invests In Mobile Marketing Firm Affle",
    "raised_amount": null,
    "raised_currency_code": null,
    "funded_year": 2009,
    "funded_month": 2,
    "funded_day": 11,
    "investments":
     [{"company":
        {"name": "Microsoft",
         "permalink": "microsoft"},
       "financial_org": null,
       "person": null}]},
   {"id": 23754,
    "round_code": "b",
    "source_url": "http://www.itochu.co.jp/en/news/2010/100225_03.html",
    "source_description": "ITOCHU Takes Stake in Affle Holdings Pte. Ltd., a Mobile Content \u0026 Advertising Distribution Service Company",
    "raised_amount": null,
    "raised_currency_code": null,
    "funded_year": 2010,
    "funded_month": 2,
    "funded_day": 25,
    "investments":
     [{"company": null,
       "financial_org":
        {"name": "ITOCHU Corporation",
         "permalink": "itochu-corporation"},
       "person": null}]},
   {"id": 23755,
    "round_code": "b",
    "source_url": "http://www.medianama.com/2011/02/223-affle-partners-d2-communications-for-strategic-alliance/",
    "source_description": "Affle Partners D2 Communications For Strategic Alliance",
    "raised_amount": null,
    "raised_currency_code": null,
    "funded_year": 2011,
    "funded_month": 2,
    "funded_day": 3,
    "investments":
     [{"company":
        {"name": "D2 Communications",
         "permalink": "d2-communications"},
       "financial_org": null,
       "person": null}]},
   {"id": 25747,
    "round_code": "unattributed",
    "source_url": "http://techcrunch.com/2011/10/04/mobile-media-company-affle-raises-10m-from-d2c-a-ntt-docomo-subsidiary/",
    "source_description": "Mobile Media Company Affle Raises $10M+ From D2C (A NTT DoCoMo Subsidiary)",
    "raised_amount": 10000000.0,
    "raised_currency_code": "USD",
    "funded_year": 2011,
    "funded_month": 10,
    "funded_day": 4,
    "investments":
     [{"company":
        {"name": "D2 Communications",
         "permalink": "d2-communications"},
       "financial_org": null,
       "person": null}]}],
 "investments":
  [],
 "acquisition": null,
 "acquisitions":
  [],
 "offices":
  [{"description": "Headquarter",
    "address1": "2 Peck Seah Street, Air View Building #04-01,",
    "address2": "",
    "zip_code": "079305",
    "city": "Singapore",
    "state_code": null,
    "country_code": "SGP",
    "latitude": null,
    "longitude": null},
   {"description": "India Head Office",
    "address1": "503-504, 5th Floor, Time Square, Sushant Lok - I",
    "address2": "",
    "zip_code": "122002",
    "city": "Gurgaon",
    "state_code": null,
    "country_code": "IND",
    "latitude": null,
    "longitude": null},
   {"description": "Indonesia Head Office",
    "address1": "Sentral Senayan 2, 16th floor, Jl. Asia Afrika no. 8, Gelora Bung Karno, Senayan, Jakarta Pusat",
    "address2": "",
    "zip_code": "10270",
    "city": "Jakarta",
    "state_code": null,
    "country_code": "IDN",
    "latitude": null,
    "longitude": null},
   {"description": "US Head Office",
    "address1": "3096 Clover Street, Pittsford, New York",
    "address2": "",
    "zip_code": "14534",
    "city": "New York",
    "state_code": "NY",
    "country_code": "USA",
    "latitude": null,
    "longitude": null},
   {"description": "UK Office",
    "address1": "1 Stanford Road,",
    "address2": "",
    "zip_code": "W8 5PP",
    "city": "London",
    "state_code": null,
    "country_code": "GBR",
    "latitude": null,
    "longitude": null}],
 "milestones":
  [{"id": 39301,
    "description": "Affle Group launches US$3.3M fund to boost mobile advertising",
    "stoned_year": 2013,
    "stoned_month": 9,
    "stoned_day": 5,
    "source_url": "http://e27.co/2013/09/05/affle-group-launches-us3-3m-fund-to-boost-mobile-advertising/?utm_medium=twitter\u0026utm_source=twitterfeed",
    "source_text": "",
    "source_description": "Affle Group launches US$3.3M fund to boost mobile advertising",
    "stoneable_type": "Company",
    "stoned_value": null,
    "stoned_value_type": null,
    "stoned_acquirer": null,
    "stoneable":
     {"name": "Affle",
      "permalink": "affle"}}],
 "ipo": null,
 "video_embeds":
  [],
 "screenshots":
  [],
 "external_links":
  [{"external_url": "http://startuptunes.com/2011/10/06/affle-innovation-is-the-key/",
    "title": ""}],
 "partners":
  []}
