{"name": "Agicent Technologies",
 "permalink": "agicent-technologies",
 "crunchbase_url": "http://www.crunchbase.com/company/agicent-technologies",
 "homepage_url": "http://www.agicent.com",
 "blog_url": "http://www.agicent.com/blog/",
 "blog_feed_url": "",
 "twitter_username": "iPhoneDevChamps",
 "category_code": "software",
 "number_of_employees": 30,
 "founded_year": 2010,
 "founded_month": 4,
 "founded_day": 21,
 "deadpooled_year": null,
 "deadpooled_month": null,
 "deadpooled_day": null,
 "deadpooled_url": null,
 "tag_list": "mobile-software-development-company, ios-app-development-company, android-app-development-company, php-development-company",
 "alias_list": "",
 "email_address": "sales@agicent.com",
 "phone_number": "91-120-4564529 ",
 "description": "Mobile Apps Development Company (Third p",
 "created_at": "Tue Mar 01 08:34:08 UTC 2011",
 "updated_at": "Wed Apr 16 13:01:21 UTC 2014",
 "overview": "\u003Cp\u003EWith a Portfolio of more than 70 Mobile Apps (iPhone, iPad, Android) and Games, Web Apps, and Embedded solutions, Agicent is one of the most renowned Mobile Apps Development Companies in the industry. Agicent works on new App development for visionary start-ups/ growing companies, and also enterprises.\u003C/p\u003E\n\n\u003Cp\u003EFollowing are some of Agicent\u0026#8217;s prime Technology Excellence areas:\nMobile - iOS (iPhone Apps/ iPad Apps), Android, Windows, BB, HTML5, Mobile Web App/ Hybrid App\nWeb - Open Source/ LAMP, eCommerce, .NET driven web solutions, Java web development, legacy ASP.NET, Server programming, Web services\nEnterprise - .NET, Sharepoint, BI, Web/ PHP based Enterprise solutions.\nEmbedded/ Telecom - C/ C++, Embedded C, RTOS, Assembly, Firmware development, SCADA/ Telemetry\u003C/p\u003E\n\n\u003Cp\u003EAgicent is headquartered in Noida, India with a sales \u0026amp; delivery office in NJ, USA.\u003C/p\u003E",
 "image":
  {"available_sizes":
    [[[138,
       50],
      "http://api-images.crunchbase.com/assets/images/resized/0012/4404/124404v2-max-150x150.jpg"],
     [[138,
       50],
      "http://api-images.crunchbase.com/assets/images/resized/0012/4404/124404v2-max-250x250.jpg"],
     [[138,
       50],
      "http://api-images.crunchbase.com/assets/images/resized/0012/4404/124404v2-max-450x450.jpg"]],
   "attribution": null},
 "products":
  [],
 "relationships":
  [{"is_past": false,
    "title": "Director of Business \u0026 Strategy",
    "person":
     {"first_name": "Sudeep",
      "last_name": "Bhatnagar",
      "permalink": "sudeep-bhatnagar"}},
   {"is_past": false,
    "title": "Director of Technology",
    "person":
     {"first_name": "Kumar",
      "last_name": "Amit",
      "permalink": "kumar-amit"}}],
 "competitions":
  [],
 "providerships":
  [{"title": "",
    "is_past": false,
    "provider":
     {"name": "Google Apps",
      "permalink": "google-apps"}}],
 "total_money_raised": "$0",
 "funding_rounds":
  [],
 "investments":
  [],
 "acquisition": null,
 "acquisitions":
  [],
 "offices":
  [{"description": "Headqarters",
    "address1": "B-13",
    "address2": "Sector 64",
    "zip_code": "201301",
    "city": "Noida",
    "state_code": null,
    "country_code": "IND",
    "latitude": null,
    "longitude": null},
   {"description": "Sales \u0026 Delivery Office",
    "address1": "",
    "address2": "",
    "zip_code": "07746",
    "city": "Marlboro",
    "state_code": "NJ",
    "country_code": "IND",
    "latitude": null,
    "longitude": null}],
 "milestones":
  [],
 "ipo": null,
 "video_embeds":
  [],
 "screenshots":
  [],
 "external_links":
  [],
 "partners":
  []}
