{"name": "AgilOne",
 "permalink": "agilone",
 "crunchbase_url": "http://www.crunchbase.com/company/agilone",
 "homepage_url": "http://www.agilone.com",
 "blog_url": "",
 "blog_feed_url": "",
 "twitter_username": "AgilOne",
 "category_code": "analytics",
 "number_of_employees": 110,
 "founded_year": 2006,
 "founded_month": null,
 "founded_day": null,
 "deadpooled_year": null,
 "deadpooled_month": null,
 "deadpooled_day": null,
 "deadpooled_url": null,
 "tag_list": "analytics, marketing, bi, reporting, big-data, saas",
 "alias_list": "",
 "email_address": "info@agilone.com",
 "phone_number": "877-769-3047",
 "description": "Saas predictive marketing analytics",
 "created_at": "Mon Aug 01 04:19:58 UTC 2011",
 "updated_at": "Fri Apr 18 05:01:55 UTC 2014",
 "overview": "\u003Cp\u003EAgilOne is an all-in-one customer marketing platform. Through the use of Big Data technology, AgilOne gives mid-market retailers access to powerful targeted marketing capabilities that were previously only available to the largest retailers. \u003C/p\u003E\n\n\u003Cp\u003EThe AgilOne platform combines advanced database management, predictive customer intelligence, and campaign management. This enables marketers to fully understand each customer and easily market to him or her accordingly.\u003C/p\u003E",
 "image":
  {"available_sizes":
    [[[150,
       150],
      "http://api-images.crunchbase.com/assets/images/resized/0014/8370/148370v7-max-150x150.png"],
     [[250,
       250],
      "http://api-images.crunchbase.com/assets/images/resized/0014/8370/148370v7-max-250x250.png"],
     [[250,
       250],
      "http://api-images.crunchbase.com/assets/images/resized/0014/8370/148370v7-max-450x450.png"]],
   "attribution": null},
 "products":
  [],
 "relationships":
  [{"is_past": false,
    "title": "CEO",
    "person":
     {"first_name": "Omer",
      "last_name": "Artun",
      "permalink": "omer-artun"}},
   {"is_past": false,
    "title": "VP Marketing",
    "person":
     {"first_name": "Dominique",
      "last_name": "Levin",
      "permalink": "dominique-levin"}},
   {"is_past": false,
    "title": "Vice President, Finance",
    "person":
     {"first_name": "Saravanan",
      "last_name": "Chettiar",
      "permalink": "saravanan-chettiar"}},
   {"is_past": false,
    "title": "VP Product",
    "person":
     {"first_name": "Anselme",
      "last_name": "Le Van",
      "permalink": "anselme-le-van"}},
   {"is_past": false,
    "title": "VP Technology",
    "person":
     {"first_name": "Jari",
      "last_name": "Koister",
      "permalink": "jari-koister"}},
   {"is_past": false,
    "title": "VP Sales",
    "person":
     {"first_name": "Bill",
      "last_name": "Kiriakis",
      "permalink": "bill-kiriakis"}},
   {"is_past": false,
    "title": "Sr. Director Client Success",
    "person":
     {"first_name": "Joe",
      "last_name": "Mancini",
      "permalink": "joe-mancini"}},
   {"is_past": false,
    "title": "Investor",
    "person":
     {"first_name": "Rajeev",
      "last_name": "Batra",
      "permalink": "rajeev-batra"}},
   {"is_past": false,
    "title": "Member of the Board of Directors",
    "person":
     {"first_name": "Pasquale",
      "last_name": "Romano",
      "permalink": "pasquale-romano"}},
   {"is_past": false,
    "title": "Advisor",
    "person":
     {"first_name": "Mark",
      "last_name": "Uhrmacher",
      "permalink": "mark-uhrmacher"}},
   {"is_past": false,
    "title": "Board Member",
    "person":
     {"first_name": "Bryan",
      "last_name": "Schreier",
      "permalink": "bryan-schreier"}},
   {"is_past": false,
    "title": "Member, Board of Directors",
    "person":
     {"first_name": "Laszlo",
      "last_name": "Bock",
      "permalink": "laszlo-bock"}},
   {"is_past": true,
    "title": "VP Marketing",
    "person":
     {"first_name": "Tracy",
      "last_name": "Eiler",
      "permalink": "tracy-eiler"}},
   {"is_past": true,
    "title": "President",
    "person":
     {"first_name": "Gary",
      "last_name": "Calega",
      "permalink": "gary-calega"}}],
 "competitions":
  [],
 "providerships":
  [],
 "total_money_raised": "$41M",
 "funding_rounds":
  [{"id": 34057,
    "round_code": "a",
    "source_url": "hhttp://www.pehub.com/174706/agilone-closes-10m-series-b-2/",
    "source_description": "AgilOne Closes $10M Series B",
    "raised_amount": 6000000.0,
    "raised_currency_code": "USD",
    "funded_year": 2011,
    "funded_month": 1,
    "funded_day": 1,
    "investments":
     [{"company": null,
       "financial_org":
        {"name": "Sequoia Capital",
         "permalink": "sequoia-capital"},
       "person": null}]},
   {"id": 34116,
    "round_code": "b",
    "source_url": "http://techcrunch.com/2012/11/28/agileone-raises-10m-from-mayfield-and-greylock-to-help-marketers-tap-into-big-data/",
    "source_description": "AgilOne Raises $10M From Mayfield And Sequoia To Help Marketers Tap Into Big Data",
    "raised_amount": 10000000.0,
    "raised_currency_code": "USD",
    "funded_year": 2012,
    "funded_month": 11,
    "funded_day": 28,
    "investments":
     [{"company": null,
       "financial_org":
        {"name": "Mayfield Fund",
         "permalink": "mayfield-fund"},
       "person": null},
      {"company": null,
       "financial_org":
        {"name": "Sequoia Capital",
         "permalink": "sequoia-capital"},
       "person": null}]},
   {"id": 72395,
    "round_code": "c",
    "source_url": "http://www.finsmes.com/2014/04/agilone-closes-25m-series-c-funding.html",
    "source_description": " \tAgilOne Closes $25M Series C Funding",
    "raised_amount": 25000016.0,
    "raised_currency_code": "USD",
    "funded_year": 2014,
    "funded_month": 4,
    "funded_day": 15,
    "investments":
     [{"company": null,
       "financial_org":
        {"name": "Tenaya Capital",
         "permalink": "tenaya-capital"},
       "person": null},
      {"company": null,
       "financial_org":
        {"name": "Next World Capital",
         "permalink": "next-world-capital"},
       "person": null},
      {"company": null,
       "financial_org":
        {"name": "Four Rivers Group",
         "permalink": "four-rivers-group"},
       "person": null},
      {"company": null,
       "financial_org":
        {"name": "Sequoia Capital",
         "permalink": "sequoia-capital"},
       "person": null},
      {"company": null,
       "financial_org":
        {"name": "Mayfield Fund",
         "permalink": "mayfield-fund"},
       "person": null}]}],
 "investments":
  [],
 "acquisition": null,
 "acquisitions":
  [],
 "offices":
  [{"description": "Headquarters",
    "address1": "1091 N. Shoreline Blvd",
    "address2": "Suite 250",
    "zip_code": "94043",
    "city": "Mountain View",
    "state_code": "CA",
    "country_code": "USA",
    "latitude": null,
    "longitude": null}],
 "milestones":
  [{"id": 17035,
    "description": "Founded",
    "stoned_year": 2005,
    "stoned_month": null,
    "stoned_day": null,
    "source_url": "",
    "source_text": null,
    "source_description": "",
    "stoneable_type": "Company",
    "stoned_value": null,
    "stoned_value_type": null,
    "stoned_acquirer": null,
    "stoneable":
     {"name": "AgilOne",
      "permalink": "agilone"}}],
 "ipo": null,
 "video_embeds":
  [],
 "screenshots":
  [{"available_sizes":
     [[[150,
        128],
       "http://api-images.crunchbase.com/assets/images/resized/0024/0368/240368v2-max-150x150.png"],
      [[250,
        214],
       "http://api-images.crunchbase.com/assets/images/resized/0024/0368/240368v2-max-250x250.png"],
      [[450,
        386],
       "http://api-images.crunchbase.com/assets/images/resized/0024/0368/240368v2-max-450x450.png"]],
    "attribution": null}],
 "external_links":
  [],
 "partners":
  []}
