{"name": "Agitar Software",
 "permalink": "agitar-software",
 "crunchbase_url": "http://www.crunchbase.com/company/agitar-software",
 "homepage_url": null,
 "blog_url": null,
 "blog_feed_url": null,
 "twitter_username": null,
 "category_code": null,
 "number_of_employees": null,
 "founded_year": null,
 "founded_month": null,
 "founded_day": null,
 "deadpooled_year": null,
 "deadpooled_month": null,
 "deadpooled_day": null,
 "deadpooled_url": null,
 "tag_list": null,
 "alias_list": null,
 "email_address": null,
 "phone_number": null,
 "description": null,
 "created_at": "Wed Jun 15 21:08:24 UTC 2011",
 "updated_at": "Fri Jun 17 23:56:38 UTC 2011",
 "overview": null,
 "image": null,
 "products":
  [],
 "relationships":
  [{"is_past": true,
    "title": "CEO and President",
    "person":
     {"first_name": "Jerry",
      "last_name": "Rudisin",
      "permalink": "jerry-rudisin"}},
   {"is_past": true,
    "title": "Vice President of Marketing",
    "person":
     {"first_name": "Mark",
      "last_name": "Visser",
      "permalink": "mark-visser"}},
   {"is_past": true,
    "title": "Advisory Board",
    "person":
     {"first_name": "Robert",
      "last_name": "Binder",
      "permalink": "robert-binder"}},
   {"is_past": true,
    "title": "Director of Engineering",
    "person":
     {"first_name": "Jeffrey",
      "last_name": "Fredrick",
      "permalink": "jeffrey-fredrick"}}],
 "competitions":
  [],
 "providerships":
  [],
 "total_money_raised": "$0",
 "funding_rounds":
  [],
 "investments":
  [],
 "acquisition": null,
 "acquisitions":
  [],
 "offices":
  [],
 "milestones":
  [],
 "ipo": null,
 "video_embeds":
  [],
 "screenshots":
  [],
 "external_links":
  [],
 "partners":
  []}
