{"name": "AGRION",
 "permalink": "agrion",
 "crunchbase_url": "http://www.crunchbase.com/company/agrion",
 "homepage_url": "http://www.agrion.org",
 "blog_url": "",
 "blog_feed_url": "",
 "twitter_username": "agrion",
 "category_code": "network_hosting",
 "number_of_employees": 30,
 "founded_year": 2007,
 "founded_month": 1,
 "founded_day": 10,
 "deadpooled_year": null,
 "deadpooled_month": null,
 "deadpooled_day": null,
 "deadpooled_url": null,
 "tag_list": "cleantech, energy, sustainability, solar, wind, smart-grid, water, electric-vehicle, urban-management",
 "alias_list": null,
 "email_address": "cedric.christensen@agrion.org",
 "phone_number": "14158824615",
 "description": "Global Professional Cleantech Network",
 "created_at": "Mon Apr 25 16:34:33 UTC 2011",
 "updated_at": "Wed May 18 01:05:30 UTC 2011",
 "overview": "\u003Cp\u003EAGRION is an international business network that brings together entrepreneurs, investors and corporations involved in renewable energy, cleantech, smart grid, green building, and sustainable development\u003C/p\u003E\n\n\u003Cp\u003EAGRION targets leaders to identify growth opportunities, ignite collaboration, build ventures and accelerate the momentum of business progress in the energy network.\u003C/p\u003E\n\n\u003Cp\u003EAgrion is active in Frankfurt, Paris, San Francisco, New York and Beijing. \u003C/p\u003E",
 "image":
  {"available_sizes":
    [[[150,
       45],
      "http://api-images.crunchbase.com/assets/images/resized/0013/1918/131918v2-max-150x150.jpg"],
     [[250,
       75],
      "http://api-images.crunchbase.com/assets/images/resized/0013/1918/131918v2-max-250x250.jpg"],
     [[450,
       135],
      "http://api-images.crunchbase.com/assets/images/resized/0013/1918/131918v2-max-450x450.jpg"]],
   "attribution": null},
 "products":
  [],
 "relationships":
  [{"is_past": true,
    "title": "Vice President, Research and Development",
    "person":
     {"first_name": "David",
      "last_name": "R. Stevens",
      "permalink": "david-r-stevens-ph-d"}}],
 "competitions":
  [],
 "providerships":
  [],
 "total_money_raised": "$0",
 "funding_rounds":
  [],
 "investments":
  [],
 "acquisition": null,
 "acquisitions":
  [],
 "offices":
  [{"description": "San Francisco Office",
    "address1": "5 Third Street",
    "address2": "",
    "zip_code": "94103",
    "city": "San Francisco",
    "state_code": "CA",
    "country_code": "USA",
    "latitude": null,
    "longitude": null},
   {"description": "New York Office",
    "address1": "303 Fifth Avenue",
    "address2": "",
    "zip_code": "10016",
    "city": "New York",
    "state_code": "NY",
    "country_code": "USA",
    "latitude": null,
    "longitude": null}],
 "milestones":
  [],
 "ipo": null,
 "video_embeds":
  [],
 "screenshots":
  [],
 "external_links":
  [],
 "partners":
  []}
