{"name": "AGS Design and Consulting",
 "permalink": "ags-design-and-consulting",
 "crunchbase_url": "http://www.crunchbase.com/company/ags-design-and-consulting",
 "homepage_url": null,
 "blog_url": "",
 "blog_feed_url": "",
 "twitter_username": null,
 "category_code": "other",
 "number_of_employees": 2,
 "founded_year": null,
 "founded_month": null,
 "founded_day": null,
 "deadpooled_year": null,
 "deadpooled_month": null,
 "deadpooled_day": null,
 "deadpooled_url": null,
 "tag_list": "",
 "alias_list": null,
 "email_address": "ammarak@comcast.net",
 "phone_number": "248-956-0671",
 "description": "Architectural and Engineering Services",
 "created_at": "Sat Jul 23 18:57:42 UTC 2011",
 "updated_at": "Mon Jul 25 17:16:15 UTC 2011",
 "overview": "\u003Cp\u003EA full Architectural and Engineering design and construction services with over 20 years of compounded experience. Our services span over the residential, industrial, and commercial development projects.\u003C/p\u003E",
 "image": null,
 "products":
  [],
 "relationships":
  [{"is_past": false,
    "title": "Partner and Manager",
    "person":
     {"first_name": "Jason",
      "last_name": "Kalasho",
      "permalink": "jason-kalasho"}},
   {"is_past": false,
    "title": "Partner and Project Manager",
    "person":
     {"first_name": "Ammar",
      "last_name": "Kalasho",
      "permalink": "ammar-aggobie"}}],
 "competitions":
  [],
 "providerships":
  [],
 "total_money_raised": "$0",
 "funding_rounds":
  [],
 "investments":
  [],
 "acquisition": null,
 "acquisitions":
  [],
 "offices":
  [{"description": "Michigan 1",
    "address1": "477 N Oak Dr",
    "address2": "",
    "zip_code": "48390",
    "city": "Commerce Twp",
    "state_code": "MI",
    "country_code": "USA",
    "latitude": null,
    "longitude": null},
   {"description": "Michigan 2",
    "address1": "5547 Abingotn",
    "address2": "",
    "zip_code": "48322",
    "city": "West Bloomfield",
    "state_code": "MI",
    "country_code": "USA",
    "latitude": null,
    "longitude": null}],
 "milestones":
  [],
 "ipo": null,
 "video_embeds":
  [],
 "screenshots":
  [],
 "external_links":
  [],
 "partners":
  []}
