{"name": "AGV Media",
 "permalink": "agv-media",
 "crunchbase_url": "http://www.crunchbase.com/company/agv-media",
 "homepage_url": null,
 "blog_url": "",
 "blog_feed_url": "",
 "twitter_username": null,
 "category_code": "news",
 "number_of_employees": null,
 "founded_year": null,
 "founded_month": null,
 "founded_day": null,
 "deadpooled_year": null,
 "deadpooled_month": null,
 "deadpooled_day": null,
 "deadpooled_url": null,
 "tag_list": "",
 "alias_list": "",
 "email_address": "",
 "phone_number": "",
 "description": "",
 "created_at": "Sat Jul 16 03:20:30 UTC 2011",
 "updated_at": "Mon Jul 18 02:37:55 UTC 2011",
 "overview": "\u003Cp\u003EAGV Media, a Paris, France-based provider of specialist communication tools to works councils and local communities, and provider of exclusive video content to Internet players.\u003C/p\u003E",
 "image": null,
 "products":
  [],
 "relationships":
  [],
 "competitions":
  [],
 "providerships":
  [],
 "total_money_raised": "\u20ac645k",
 "funding_rounds":
  [{"id": 24209,
    "round_code": "unattributed",
    "source_url": "http://www.finsmes.com/2011/07/agv-media-raises-e645k.html?utm_source=feedburner\u0026utm_medium=feed\u0026utm_campaign=Feed%3A+finsmes%2FcNHu+%28FinSMEs%29",
    "source_description": "AGV Media Raises \u00e2\u201a\u00ac645K",
    "raised_amount": 645000.0,
    "raised_currency_code": "EUR",
    "funded_year": 2011,
    "funded_month": 7,
    "funded_day": 14,
    "investments":
     []}],
 "investments":
  [],
 "acquisition": null,
 "acquisitions":
  [],
 "offices":
  [],
 "milestones":
  [],
 "ipo": null,
 "video_embeds":
  [],
 "screenshots":
  [],
 "external_links":
  [],
 "partners":
  [{"partner_name": "ct_quan",
    "homepage_url": "unknown",
    "link_1_url": null,
    "link_2_url": null,
    "link_3_url": null,
    "link_1_name": null,
    "link_2_name": null,
    "link_3_name": null}]}
