{"name": "AH Corporation",
 "permalink": "ah-corporation-2",
 "crunchbase_url": "http://www.crunchbase.com/company/ah-corporation-2",
 "homepage_url": "http://www.ahcorporation.com",
 "blog_url": "",
 "blog_feed_url": "",
 "twitter_username": "ahcorporation",
 "category_code": "network_hosting",
 "number_of_employees": null,
 "founded_year": 2003,
 "founded_month": null,
 "founded_day": null,
 "deadpooled_year": null,
 "deadpooled_month": null,
 "deadpooled_day": null,
 "deadpooled_url": null,
 "tag_list": null,
 "alias_list": "",
 "email_address": "info@ahcorporation.com",
 "phone_number": "92-21-34535575",
 "description": "Web hosting and web development ",
 "created_at": "Sun May 29 07:59:27 UTC 2011",
 "updated_at": "Fri Jul 06 13:14:13 UTC 2012",
 "overview": "\u003Cp\u003EAH Corporation established in mid of 2003, now having more than 2500 satisfied national and international web hosting and web development clients. Hardworking, continuity, patience and determination is main key of their success.\u003C/p\u003E",
 "image":
  {"available_sizes":
    [[[150,
       109],
      "http://api-images.crunchbase.com/assets/images/resized/0019/9223/199223v1-max-150x150.jpg"],
     [[220,
       161],
      "http://api-images.crunchbase.com/assets/images/resized/0019/9223/199223v1-max-250x250.jpg"],
     [[220,
       161],
      "http://api-images.crunchbase.com/assets/images/resized/0019/9223/199223v1-max-450x450.jpg"]],
   "attribution": null},
 "products":
  [],
 "relationships":
  [],
 "competitions":
  [],
 "providerships":
  [],
 "total_money_raised": "$0",
 "funding_rounds":
  [],
 "investments":
  [],
 "acquisition": null,
 "acquisitions":
  [],
 "offices":
  [{"description": "",
    "address1": "Tariq road",
    "address2": "",
    "zip_code": "",
    "city": "Karachi",
    "state_code": null,
    "country_code": "PAK",
    "latitude": null,
    "longitude": null}],
 "milestones":
  [],
 "ipo": null,
 "video_embeds":
  [],
 "screenshots":
  [{"available_sizes":
     [[[150,
        116],
       "http://api-images.crunchbase.com/assets/images/resized/0019/9224/199224v1-max-150x150.jpg"],
      [[250,
        193],
       "http://api-images.crunchbase.com/assets/images/resized/0019/9224/199224v1-max-250x250.jpg"],
      [[450,
        348],
       "http://api-images.crunchbase.com/assets/images/resized/0019/9224/199224v1-max-450x450.jpg"]],
    "attribution": null}],
 "external_links":
  [],
 "partners":
  []}
