{"name": "AibotTeam",
 "permalink": "aibotteam",
 "crunchbase_url": "http://www.crunchbase.com/company/aibotteam",
 "homepage_url": "http://www.aibotteam.com",
 "blog_url": "",
 "blog_feed_url": "",
 "twitter_username": null,
 "category_code": "search",
 "number_of_employees": 2,
 "founded_year": 2008,
 "founded_month": 4,
 "founded_day": 8,
 "deadpooled_year": null,
 "deadpooled_month": null,
 "deadpooled_day": null,
 "deadpooled_url": null,
 "tag_list": "aibotteam",
 "alias_list": null,
 "email_address": "adam.zychma@aibotteam.com",
 "phone_number": "+48 609 790 363",
 "description": "",
 "created_at": "Sat Mar 05 06:10:32 UTC 2011",
 "updated_at": "Thu Mar 10 21:03:44 UTC 2011",
 "overview": "",
 "image": null,
 "products":
  [],
 "relationships":
  [],
 "competitions":
  [],
 "providerships":
  [],
 "total_money_raised": "$0",
 "funding_rounds":
  [],
 "investments":
  [],
 "acquisition": null,
 "acquisitions":
  [],
 "offices":
  [],
 "milestones":
  [],
 "ipo": null,
 "video_embeds":
  [],
 "screenshots":
  [],
 "external_links":
  [],
 "partners":
  []}
