{"name": "AimVenture Corporation",
 "permalink": "aimventure-corporation",
 "crunchbase_url": "http://www.crunchbase.com/company/aimventure-corporation",
 "homepage_url": "http://www.aimventure.com",
 "blog_url": "http://aimventure.com/blog",
 "blog_feed_url": "http://aimventure.com/rss.xml",
 "twitter_username": "aimventure",
 "category_code": "consulting",
 "number_of_employees": 12,
 "founded_year": 2007,
 "founded_month": 7,
 "founded_day": null,
 "deadpooled_year": null,
 "deadpooled_month": null,
 "deadpooled_day": null,
 "deadpooled_url": null,
 "tag_list": "search-engine-marketing, social-media-marketing, seo, sem, pay-per-click, ppc",
 "alias_list": null,
 "email_address": "freeaudit@aimventure.com",
 "phone_number": "9095388328",
 "description": "Advertising \u0026 Marketing Agency",
 "created_at": "Sat Mar 12 23:57:55 UTC 2011",
 "updated_at": "Fri Mar 14 09:29:08 UTC 2014",
 "overview": "\u003Cp\u003EAimVentures is a team of experienced business executives with backgrounds in new business development, sales, marketing and customer retention and relationships.\u003C/p\u003E\n\n\u003Cp\u003EOur creative team is filled with craftspeople such as award winning artists, designers, programmers, SEO optimizers, PPC specialists and copywriters. We fully understand how to turn Internet traffic into long-term sales relationships. We provide a suite of synergistic services that once integrated into your marketing program will provide a real business outcome for you. We begin with researching and developing a strategy that will deliver the results you are looking for.\u003C/p\u003E\n\n\u003Cp\u003ESearch Engine Marketing (SEM) is one of our specialties and combined with our other services create a powerful search marketing initiative, including conversion analysis, and social networking.\u003C/p\u003E",
 "image":
  {"available_sizes":
    [[[150,
       33],
      "http://api-images.crunchbase.com/assets/images/resized/0012/6059/126059v4-max-150x150.png"],
     [[250,
       55],
      "http://api-images.crunchbase.com/assets/images/resized/0012/6059/126059v4-max-250x250.png"],
     [[450,
       99],
      "http://api-images.crunchbase.com/assets/images/resized/0012/6059/126059v4-max-450x450.png"]],
   "attribution": null},
 "products":
  [],
 "relationships":
  [{"is_past": false,
    "title": "VP",
    "person":
     {"first_name": "Andy",
      "last_name": "Huang",
      "permalink": "andy-huang"}},
   {"is_past": false,
    "title": "Managing Partner",
    "person":
     {"first_name": "Simon",
      "last_name": "Leung",
      "permalink": "simon-leung"}}],
 "competitions":
  [],
 "providerships":
  [{"title": "PR",
    "is_past": false,
    "provider":
     {"name": "Antarra Communications",
      "permalink": "antarra-communications"}}],
 "total_money_raised": "$0",
 "funding_rounds":
  [],
 "investments":
  [],
 "acquisition": null,
 "acquisitions":
  [],
 "offices":
  [{"description": "Corporate Headquarter",
    "address1": "355 S Lemon Avenue",
    "address2": "#B",
    "zip_code": "91789",
    "city": "Walnut",
    "state_code": "CA",
    "country_code": "USA",
    "latitude": null,
    "longitude": null},
   {"description": "Nanjing Operation Office",
    "address1": "600\u00e5\u008f\u00b7 Zhujiang Road",
    "address2": "Xuanwu,",
    "zip_code": "210018",
    "city": "Nanjing",
    "state_code": null,
    "country_code": "CHN",
    "latitude": null,
    "longitude": null}],
 "milestones":
  [],
 "ipo": null,
 "video_embeds":
  [],
 "screenshots":
  [],
 "external_links":
  [],
 "partners":
  []}
