{"name": "Airec",
 "permalink": "airec",
 "crunchbase_url": "http://www.crunchbase.com/company/airec",
 "homepage_url": "http://www.airec.se",
 "blog_url": "",
 "blog_feed_url": "",
 "twitter_username": null,
 "category_code": "manufacturing",
 "number_of_employees": null,
 "founded_year": null,
 "founded_month": null,
 "founded_day": null,
 "deadpooled_year": null,
 "deadpooled_month": null,
 "deadpooled_day": null,
 "deadpooled_url": null,
 "tag_list": "",
 "alias_list": "",
 "email_address": "",
 "phone_number": "46-40-93-63-60",
 "description": "",
 "created_at": "Thu Mar 17 11:59:05 UTC 2011",
 "updated_at": "Wed Jul 17 00:44:52 UTC 2013",
 "overview": "\u003Cp\u003EAirec have gained considerable expertise in the design, manufacture and application of Plate Heat Exchangers for most gas mediums. They also have resources for development, design and performance calculation of completely new products in the Gas Heat Exchangers Field.\u003C/p\u003E",
 "image":
  {"available_sizes":
    [[[150,
       57],
      "http://api-images.crunchbase.com/assets/images/resized/0012/6658/126658v1-max-150x150.jpg"],
     [[199,
       76],
      "http://api-images.crunchbase.com/assets/images/resized/0012/6658/126658v1-max-250x250.jpg"],
     [[199,
       76],
      "http://api-images.crunchbase.com/assets/images/resized/0012/6658/126658v1-max-450x450.jpg"]],
   "attribution": null},
 "products":
  [],
 "relationships":
  [],
 "competitions":
  [],
 "providerships":
  [],
 "total_money_raised": "kr30M",
 "funding_rounds":
  [{"id": 21962,
    "round_code": "unattributed",
    "source_url": "http://www.finsmes.com/2011/03/airec-raises-sek30m.html",
    "source_description": "Airec Raises SEK30M",
    "raised_amount": 30000000.0,
    "raised_currency_code": "SEK",
    "funded_year": 2011,
    "funded_month": 3,
    "funded_day": 17,
    "investments":
     [{"company": null,
       "financial_org":
        {"name": "Industrifonden",
         "permalink": "industrifonden"},
       "person": null},
      {"company": null,
       "financial_org":
        {"name": "RWE Innogy",
         "permalink": "rwe-innogy"},
       "person": null}]}],
 "investments":
  [],
 "acquisition": null,
 "acquisitions":
  [],
 "offices":
  [{"description": "",
    "address1": "Han\u00f6gatan 5",
    "address2": "",
    "zip_code": "SE-211 24",
    "city": "Malm\u00f6",
    "state_code": null,
    "country_code": "SWE",
    "latitude": null,
    "longitude": null},
   {"description": null,
    "address1": null,
    "address2": null,
    "zip_code": null,
    "city": "Malm\u00f6",
    "state_code": "",
    "country_code": "SWE",
    "latitude": 55.604981,
    "longitude": 13.003822}],
 "milestones":
  [],
 "ipo": null,
 "video_embeds":
  [],
 "screenshots":
  [{"available_sizes":
     [[[132,
        150],
       "http://api-images.crunchbase.com/assets/images/resized/0012/6657/126657v1-max-150x150.jpg"],
      [[221,
        250],
       "http://api-images.crunchbase.com/assets/images/resized/0012/6657/126657v1-max-250x250.jpg"],
      [[398,
        450],
       "http://api-images.crunchbase.com/assets/images/resized/0012/6657/126657v1-max-450x450.jpg"]],
    "attribution": null}],
 "external_links":
  [],
 "partners":
  []}
