{"name": "AirFasttickets",
 "permalink": "airfasttickets",
 "crunchbase_url": "http://www.crunchbase.com/company/airfasttickets",
 "homepage_url": "http://www.airfasttickets.gr",
 "blog_url": "http://airfasttickets.gr/blog/?tag=airfasttickets-2",
 "blog_feed_url": "http://airfasttickets.gr/rss1.php",
 "twitter_username": "airfasttickets",
 "category_code": "ecommerce",
 "number_of_employees": 68,
 "founded_year": 2009,
 "founded_month": 12,
 "founded_day": 19,
 "deadpooled_year": null,
 "deadpooled_month": null,
 "deadpooled_day": null,
 "deadpooled_url": null,
 "tag_list": "travel, online, groupo, deal, fastgroup, airtickets, hotels, ship, lux, euro, greece",
 "alias_list": "",
 "email_address": "info@airfasttickets.gr",
 "phone_number": "+302104101790",
 "description": "on line Tour operator",
 "created_at": "Fri May 06 08:04:52 UTC 2011",
 "updated_at": "Sat Mar 23 10:01:06 UTC 2013",
 "overview": "\u003Cp\u003EAirfasttickets  an Online Travel Agency member of Fastgroup S.A. \nWith a number of services such as Airline Tickets, Hotel reservations, Car Rentals, Cruises, Holiday Packages, and all Travel products via the World Wide Web and retail travel agents. The site uses Worldspan as the main Global Reservations System.\u003C/p\u003E\n\n\u003Cp\u003EThe company also has a specialized Department offering Corporate Travel amd Meeting  services [MICE] in Europe and Asia.\u003C/p\u003E\n\n\u003Cp\u003EAirFasttickets has an international presence with sites in  United Kingdom, Germany, France, Italy, Spain.\u003C/p\u003E\n\n\u003Cp\u003EHistory:\nAirFasttickets  was originally founded by Fastgroup s.a  in 2009.  \u003C/p\u003E",
 "image":
  {"available_sizes":
    [[[150,
       84],
      "http://api-images.crunchbase.com/assets/images/resized/0013/3473/133473v2-max-150x150.jpg"],
     [[250,
       140],
      "http://api-images.crunchbase.com/assets/images/resized/0013/3473/133473v2-max-250x250.jpg"],
     [[450,
       253],
      "http://api-images.crunchbase.com/assets/images/resized/0013/3473/133473v2-max-450x450.jpg"]],
   "attribution": null},
 "products":
  [],
 "relationships":
  [{"is_past": false,
    "title": "CEO",
    "person":
     {"first_name": "NIKOLAOS",
      "last_name": "KOKLONIS",
      "permalink": "nikolaos-koklonis"}},
   {"is_past": false,
    "title": "BUSINESS DEVELOPMENT MANAGER",
    "person":
     {"first_name": "GEORGE",
      "last_name": "PAPAKONSTANTINOU",
      "permalink": "george-papakonstantinou"}},
   {"is_past": false,
    "title": "SALES MANAGER",
    "person":
     {"first_name": "NATASA",
      "last_name": "PAGONI",
      "permalink": "natasa-pagoni"}}],
 "competitions":
  [],
 "providerships":
  [],
 "total_money_raised": "$0",
 "funding_rounds":
  [],
 "investments":
  [],
 "acquisition": null,
 "acquisitions":
  [],
 "offices":
  [{"description": "world Headquarters",
    "address1": "IASONOS 2",
    "address2": "",
    "zip_code": "18537",
    "city": "PIRAEUS",
    "state_code": null,
    "country_code": "GRC",
    "latitude": null,
    "longitude": null},
   {"description": "Berlin",
    "address1": "friedrichstrasse  40",
    "address2": "",
    "zip_code": "10339",
    "city": "Berlin",
    "state_code": null,
    "country_code": "DEU",
    "latitude": null,
    "longitude": null},
   {"description": "london office",
    "address1": "33 Rutland Gate",
    "address2": "",
    "zip_code": "SW7 1PD",
    "city": "London",
    "state_code": null,
    "country_code": "GBR",
    "latitude": null,
    "longitude": null}],
 "milestones":
  [],
 "ipo": null,
 "video_embeds":
  [],
 "screenshots":
  [{"available_sizes":
     [[[150,
        84],
       "http://api-images.crunchbase.com/assets/images/resized/0014/5952/145952v2-max-150x150.jpg"],
      [[250,
        140],
       "http://api-images.crunchbase.com/assets/images/resized/0014/5952/145952v2-max-250x250.jpg"],
      [[450,
        253],
       "http://api-images.crunchbase.com/assets/images/resized/0014/5952/145952v2-max-450x450.jpg"]],
    "attribution": null}],
 "external_links":
  [],
 "partners":
  []}
