{"name": "AiRISTA",
 "permalink": "airista",
 "crunchbase_url": "http://www.crunchbase.com/company/airista",
 "homepage_url": "http://www.airista.com",
 "blog_url": "",
 "blog_feed_url": "",
 "twitter_username": "airistallc",
 "category_code": "public_relations",
 "number_of_employees": 30,
 "founded_year": 2008,
 "founded_month": null,
 "founded_day": null,
 "deadpooled_year": null,
 "deadpooled_month": null,
 "deadpooled_day": null,
 "deadpooled_url": null,
 "tag_list": "rfid, rtls, wifi, gps, rssi, tdoa, healthcare",
 "alias_list": null,
 "email_address": "info@airista.com",
 "phone_number": "1.410.878.2700",
 "description": "RFID RTLS GPS",
 "created_at": "Thu Feb 24 21:58:09 UTC 2011",
 "updated_at": "Thu Mar 03 23:15:06 UTC 2011",
 "overview": "\u003Cp\u003EAiRISTA develops and manufactures leading Identification \u0026amp; Track and Trace solutions using passive, active, and semi-active RFID, RTLS, GPS and other technologies. Our industry-based solutions are robust and comprehensive enabling increased visibility, security, and safety of mission critical assets and personnel. Business process automation is enabled with full integration of AiRISTA\u0026#8217;s Business Rule Engine (BRE), GIS and messaging platforms.\u003C/p\u003E",
 "image": null,
 "products":
  [],
 "relationships":
  [{"is_past": false,
    "title": "CEO",
    "person":
     {"first_name": "Sy",
      "last_name": "Sajjad",
      "permalink": "sy-sajjad"}},
   {"is_past": false,
    "title": "CFO",
    "person":
     {"first_name": "Mark",
      "last_name": "Sajjad",
      "permalink": "mark-sajjad"}}],
 "competitions":
  [],
 "providerships":
  [],
 "total_money_raised": "$0",
 "funding_rounds":
  [],
 "investments":
  [],
 "acquisition": null,
 "acquisitions":
  [],
 "offices":
  [{"description": "Headquarters",
    "address1": "913 Ridgebrook Road",
    "address2": "Suite 110",
    "zip_code": "21152",
    "city": "Sparks",
    "state_code": "MD",
    "country_code": "USA",
    "latitude": null,
    "longitude": null},
   {"description": "DC Regional Office",
    "address1": "1612 McGuckian Street",
    "address2": "Suite 200",
    "zip_code": "21401",
    "city": "Annapolis",
    "state_code": "MD",
    "country_code": "USA",
    "latitude": null,
    "longitude": null}],
 "milestones":
  [],
 "ipo": null,
 "video_embeds":
  [],
 "screenshots":
  [],
 "external_links":
  [{"external_url": "http://www.prweb.com/releases/2009/09/prweb2872804.htm",
    "title": "http://www.prweb.com/releases/2009/09/prweb2872804.htm"}],
 "partners":
  []}
