{"name": "airrand",
 "permalink": "airrand-llc",
 "crunchbase_url": "http://www.crunchbase.com/company/airrand-llc",
 "homepage_url": null,
 "blog_url": "",
 "blog_feed_url": "",
 "twitter_username": null,
 "category_code": "other",
 "number_of_employees": null,
 "founded_year": null,
 "founded_month": null,
 "founded_day": null,
 "deadpooled_year": null,
 "deadpooled_month": null,
 "deadpooled_day": null,
 "deadpooled_url": null,
 "tag_list": "to-do, location, shopping",
 "alias_list": "",
 "email_address": "",
 "phone_number": "",
 "description": "",
 "created_at": "Tue Mar 29 18:21:11 UTC 2011",
 "updated_at": "Mon May 09 04:28:11 UTC 2011",
 "overview": "\u003Cp\u003Eairrand is a web-based service for use on any web browser and smartphone which offers users the ability to link to-do/shopping list items to specific locations. Linking to a foursquare account users are alerted when they check-in to any location associated with a to-do item\u003C/p\u003E",
 "image":
  {"available_sizes":
    [[[150,
       88],
      "http://api-images.crunchbase.com/assets/images/resized/0013/1822/131822v2-max-150x150.png"],
     [[250,
       147],
      "http://api-images.crunchbase.com/assets/images/resized/0013/1822/131822v2-max-250x250.png"],
     [[450,
       265],
      "http://api-images.crunchbase.com/assets/images/resized/0013/1822/131822v2-max-450x450.png"]],
   "attribution": null},
 "products":
  [],
 "relationships":
  [{"is_past": false,
    "title": "Founder",
    "person":
     {"first_name": "Michael",
      "last_name": "Massie",
      "permalink": "michael-massie"}},
   {"is_past": false,
    "title": "Founder",
    "person":
     {"first_name": "Bob",
      "last_name": "Ralian",
      "permalink": "bob-ralian"}}],
 "competitions":
  [],
 "providerships":
  [],
 "total_money_raised": "$0",
 "funding_rounds":
  [],
 "investments":
  [],
 "acquisition": null,
 "acquisitions":
  [],
 "offices":
  [{"description": "Headquarters",
    "address1": "",
    "address2": "",
    "zip_code": "53202",
    "city": "Milwaukee",
    "state_code": "WI",
    "country_code": "USA",
    "latitude": null,
    "longitude": null}],
 "milestones":
  [],
 "ipo": null,
 "video_embeds":
  [],
 "screenshots":
  [],
 "external_links":
  [{"external_url": "http://www.airrand.com",
    "title": ""}],
 "partners":
  []}
