{"name": "AirTies Wireless Networks",
 "permalink": "airties",
 "crunchbase_url": "http://www.crunchbase.com/company/airties",
 "homepage_url": "http://www.airties.com",
 "blog_url": "",
 "blog_feed_url": "",
 "twitter_username": "AirTies",
 "category_code": "hardware",
 "number_of_employees": 300,
 "founded_year": 2004,
 "founded_month": 2,
 "founded_day": null,
 "deadpooled_year": null,
 "deadpooled_month": null,
 "deadpooled_day": null,
 "deadpooled_url": null,
 "tag_list": "iptv, stb, dlna, upnp, wifi, dtv, tv, googletv, gateway, ota, media-box",
 "alias_list": "",
 "email_address": "tuncay.cil@airties.com",
 "phone_number": "",
 "description": "Connected Home",
 "created_at": "Fri Mar 18 18:04:20 UTC 2011",
 "updated_at": "Wed Sep 04 02:22:48 UTC 2013",
 "overview": "\u003Cp\u003EAirTies develops and markets products that wirelessly connect electronic devices to each other, the internet and people.  Our product portfolio (triple play) includes high speed internet access/ ADSL/ FTTx, wireless LANs, internet-based telephony/ VoIP and internet-based television/ IPTV. Our target customers are consumers, small business and service providers in Europe, Middle East and Africa (EMEA). In contrast to our competitors who are fundamentally marketing companies reliant on chip or 3rd party vendors for product design, AirTies develops its own products which are designed to operate flawlessly with local service providers, in concrete/stone buildings and difficult electrical environments.  We back our products with exceptional customer service inclusive of 7/24 technical support in English, Turkish, Greek and Russian, a 3 year warranty and a no questions asked defective unit replacement typically within 48 hours. The products are simple and intuitive to set up and use, with user interfaces in local languages. Sleek and attractive designs allows the products to be displayed anywhere in the home or office. Technology innovations include wireless video distribution to multiple TV\u0026#8217;s, wireless coverage range extension in concrete buildings, and network setup at a touch of a button. \u003C/p\u003E\n\n\u003Cp\u003EAirTies was formed in 2004 by a management and technical team from the Silicon Valley, US, with the strategic intent to become the leader in EMEA. In three years, AirTies increased its market share from 0% to 60% in Turkey in retail sales and became the dominant supplier to major service providers including Turk Telecom. The brand has been built by 4 million satisfied customers recommending AirTies to each other. AirTies is now expanding regionally with operations in Greece, Russia, and Ukraine.\u003C/p\u003E",
 "image":
  {"available_sizes":
    [[[150,
       28],
      "http://api-images.crunchbase.com/assets/images/resized/0012/7627/127627v2-max-150x150.jpg"],
     [[250,
       48],
      "http://api-images.crunchbase.com/assets/images/resized/0012/7627/127627v2-max-250x250.jpg"],
     [[450,
       86],
      "http://api-images.crunchbase.com/assets/images/resized/0012/7627/127627v2-max-450x450.jpg"]],
   "attribution": null},
 "products":
  [],
 "relationships":
  [{"is_past": false,
    "title": "CEO",
    "person":
     {"first_name": "Philippe",
      "last_name": "Alcaras",
      "permalink": "philippe-alcaras"}},
   {"is_past": false,
    "title": "CEO",
    "person":
     {"first_name": "Bulent",
      "last_name": "Celebi",
      "permalink": "bulent-celebi"}},
   {"is_past": false,
    "title": "CFO",
    "person":
     {"first_name": "Seda",
      "last_name": "Dogan",
      "permalink": "seda-dogan"}},
   {"is_past": false,
    "title": "CTO",
    "person":
     {"first_name": "Metin",
      "last_name": "Ismail Taskin",
      "permalink": "metin-ismail-taskin"}},
   {"is_past": false,
    "title": "Executive VP, Operations",
    "person":
     {"first_name": "Riza",
      "last_name": "Bayer",
      "permalink": "riza-bayer"}},
   {"is_past": false,
    "title": "EVP, Sales",
    "person":
     {"first_name": "Karl",
      "last_name": "Tempest-Mitchell",
      "permalink": "karl-tempest-mitchell"}},
   {"is_past": false,
    "title": "VP, R\u0026D",
    "person":
     {"first_name": "Mujdat",
      "last_name": "Pakkan",
      "permalink": "mujdat-pakkan"}},
   {"is_past": false,
    "title": "VP, Operations",
    "person":
     {"first_name": "Andre",
      "last_name": "Van Hees",
      "permalink": "andre-van-hees"}},
   {"is_past": false,
    "title": "Board Member",
    "person":
     {"first_name": "Evren",
      "last_name": "Bilimer",
      "permalink": "evren-bilimer"}},
   {"is_past": false,
    "title": "Board Member",
    "person":
     {"first_name": "Ziya",
      "last_name": "Boyacigiller",
      "permalink": "ziya-boyacigiller"}},
   {"is_past": false,
    "title": "Executive VP, HR \u0026 Corporate Communication",
    "person":
     {"first_name": "Zeynep",
      "last_name": "Yogurtcugil",
      "permalink": "zeynep-yogurtcugil"}},
   {"is_past": false,
    "title": "Board Member",
    "person":
     {"first_name": "Mario",
      "last_name": "Kaloustian",
      "permalink": "mario-kaloustian"}},
   {"is_past": true,
    "title": "CFO",
    "person":
     {"first_name": "Okan",
      "last_name": "Karliova",
      "permalink": "okan-karliova"}},
   {"is_past": true,
    "title": "VP, Product Management",
    "person":
     {"first_name": "Tuncay",
      "last_name": "Cil",
      "permalink": "tuncay-cil-2"}},
   {"is_past": true,
    "title": "VP/GM, Product Line Management",
    "person":
     {"first_name": "Tuncay",
      "last_name": "Cil",
      "permalink": "tuncay-cil"}},
   {"is_past": true,
    "title": "EVP, Sales",
    "person":
     {"first_name": "Jim",
      "last_name": "Lomax",
      "permalink": "jim-lomax"}},
   {"is_past": true,
    "title": "Team Leader",
    "person":
     {"first_name": "M. Fatih",
      "last_name": "Bilgin",
      "permalink": "m-fatih-bilgin"}}],
 "competitions":
  [],
 "providerships":
  [],
 "total_money_raised": "$0",
 "funding_rounds":
  [],
 "investments":
  [],
 "acquisition": null,
 "acquisitions":
  [],
 "offices":
  [{"description": "AirTies-HQ",
    "address1": "Gulbahar Mah. Avni Dilligil Sok. No:5",
    "address2": "Celik Is Merkezi, Mecidiyekoy",
    "zip_code": "",
    "city": "Istanbul",
    "state_code": null,
    "country_code": "TUR",
    "latitude": 41.069789,
    "longitude": 29.002245},
   {"description": "AirTies-The Netherlands",
    "address1": "Meirseweg 10b",
    "address2": "",
    "zip_code": "4881DJ",
    "city": "Zundert",
    "state_code": null,
    "country_code": "NLD",
    "latitude": 51.4725003,
    "longitude": 4.6703388},
   {"description": "AirTies-Greece",
    "address1": "",
    "address2": "",
    "zip_code": "",
    "city": "",
    "state_code": null,
    "country_code": "GRC",
    "latitude": null,
    "longitude": null}],
 "milestones":
  [],
 "ipo": null,
 "video_embeds":
  [],
 "screenshots":
  [],
 "external_links":
  [],
 "partners":
  []}
