{"name": "Airvite",
 "permalink": "airvite",
 "crunchbase_url": "http://www.crunchbase.com/company/airvite",
 "homepage_url": "http://www.airvite.com",
 "blog_url": "",
 "blog_feed_url": "",
 "twitter_username": "airvite",
 "category_code": "software",
 "number_of_employees": null,
 "founded_year": 2011,
 "founded_month": null,
 "founded_day": null,
 "deadpooled_year": null,
 "deadpooled_month": null,
 "deadpooled_day": null,
 "deadpooled_url": null,
 "tag_list": "invite, social, productivity, friends",
 "alias_list": null,
 "email_address": "enquiries@airvite.com",
 "phone_number": "006593385992",
 "description": "Invite on the fly",
 "created_at": "Thu Jun 23 16:31:13 UTC 2011",
 "updated_at": "Fri Nov 25 08:28:19 UTC 2011",
 "overview": "\u003Cp\u003EAirvite is a web and mobile invite service focusing on ease of use, allowing you to quickly invite your friends by tapping into your existing social network contacts. It was created by Ant\u00c3\u00b3nio Marques and Diogo Alves.\u003C/p\u003E\n\n\u003Cp\u003EWhether you are going out for lunch with your colleagues or organizing a night out with your friends, Arvite makes it simple. By using your contacts from the most popular social networks and email, Airvite lets you invite all your friends from a single location no matter what service your friends use.\u003C/p\u003E\n\n\u003Cp\u003EWith different Airvite types, you can decide on the meet-up spot yourself, let Airvite surprise you by selecting one of your favorite spots, or put it up for vote by your friends.\u003C/p\u003E\n\n\u003Cp\u003EAirvite helps you by:\u003C/p\u003E\n\n\u003Cul\u003E\n\u003Cli\u003Ebringing all your social network and email contacts together in one place\u003C/li\u003E\n\u003Cli\u003Eintroducing several invite types that help you decide where to meet up\u003C/li\u003E\n\u003Cli\u003Eallowing you to customize your favorite spots and organizing them into groups\u003C/li\u003E\n\u003Cli\u003Eproviding a mobile app so that you can manage your airvites and receive notifications no matter where you are\u003C/li\u003E\n\u003C/ul\u003E",
 "image":
  {"available_sizes":
    [[[150,
       41],
      "http://api-images.crunchbase.com/assets/images/resized/0014/0720/140720v2-max-150x150.png"],
     [[250,
       68],
      "http://api-images.crunchbase.com/assets/images/resized/0014/0720/140720v2-max-250x250.png"],
     [[450,
       123],
      "http://api-images.crunchbase.com/assets/images/resized/0014/0720/140720v2-max-450x450.png"]],
   "attribution": null},
 "products":
  [],
 "relationships":
  [],
 "competitions":
  [],
 "providerships":
  [],
 "total_money_raised": "$0",
 "funding_rounds":
  [],
 "investments":
  [],
 "acquisition": null,
 "acquisitions":
  [],
 "offices":
  [],
 "milestones":
  [],
 "ipo": null,
 "video_embeds":
  [{"embed_code": "\u003Ciframe width=\"420\" height=\"315\" src=\"http://www.youtube.com/embed/yhreYdQJji0\" frameborder=\"0\" allowfullscreen\u003E\u003C/iframe\u003E",
    "description": "\u003Cp\u003EIntro Video\u003C/p\u003E"}],
 "screenshots":
  [{"available_sizes":
     [[[150,
        102],
       "http://api-images.crunchbase.com/assets/images/resized/0014/0719/140719v4-max-150x150.png"],
      [[250,
        170],
       "http://api-images.crunchbase.com/assets/images/resized/0014/0719/140719v4-max-250x250.png"],
      [[450,
        306],
       "http://api-images.crunchbase.com/assets/images/resized/0014/0719/140719v4-max-450x450.png"]],
    "attribution": null},
   {"available_sizes":
     [[[150,
        77],
       "http://api-images.crunchbase.com/assets/images/resized/0014/3352/143352v2-max-150x150.png"],
      [[250,
        129],
       "http://api-images.crunchbase.com/assets/images/resized/0014/3352/143352v2-max-250x250.png"],
      [[450,
        233],
       "http://api-images.crunchbase.com/assets/images/resized/0014/3352/143352v2-max-450x450.png"]],
    "attribution": null}],
 "external_links":
  [],
 "partners":
  []}
