{"name": "Airway Therapeutics",
 "permalink": "airway-therapeutics",
 "crunchbase_url": "http://www.crunchbase.com/company/airway-therapeutics",
 "homepage_url": "http://www.airwaytherapeutics.com",
 "blog_url": "",
 "blog_feed_url": "",
 "twitter_username": null,
 "category_code": "biotech",
 "number_of_employees": null,
 "founded_year": null,
 "founded_month": null,
 "founded_day": null,
 "deadpooled_year": null,
 "deadpooled_month": null,
 "deadpooled_day": null,
 "deadpooled_url": null,
 "tag_list": "",
 "alias_list": "",
 "email_address": "info@airwaytherapeutics.com",
 "phone_number": "(513) 475-6613",
 "description": "",
 "created_at": "Mon Jun 06 02:36:49 UTC 2011",
 "updated_at": "Wed Mar 19 02:53:15 UTC 2014",
 "overview": "\u003Cp\u003EAirway Therapeutics is an early stage development company that is licensing technology from within the pulmonary research program of Cincinnati Children\u0026#8217;s Hospital Medical Center (CCHMC) for further technology platform development. This platform will enable the development of three or more products that address various market needs in the overall market for lung disorders.\u003C/p\u003E\n\n\u003Cp\u003EA deficiency of Surfactant Protein D (SP-D) within the lungs is a major contributor to certain lung disorders. SP-D, a naturally occurring protein, is known to provide a key role in proper lung function and in protection against pulmonary infection and inflammation. The initial products for development are based on recombinant human surfactant protein D (rhSP-D), and include two products for the prevention of bronchopulmonary dysplasia (BPD) and one product for the treatment of pulmonary infections associated with cystic fibrosis (CF). Ultimately, we believe that rhSP-D can be used to treat other pulmonary infections and inflammation as well.\u003C/p\u003E",
 "image":
  {"available_sizes":
    [[[150,
       71],
      "http://api-images.crunchbase.com/assets/images/resized/0013/7809/137809v1-max-150x150.png"],
     [[240,
       114],
      "http://api-images.crunchbase.com/assets/images/resized/0013/7809/137809v1-max-250x250.png"],
     [[240,
       114],
      "http://api-images.crunchbase.com/assets/images/resized/0013/7809/137809v1-max-450x450.png"]],
   "attribution": null},
 "products":
  [],
 "relationships":
  [{"is_past": false,
    "title": "President \u0026 CEO",
    "person":
     {"first_name": "Marc",
      "last_name": "Salzberg",
      "permalink": "marc-salzberg"}},
   {"is_past": false,
    "title": "Chief Scientific Officer",
    "person":
     {"first_name": "Jan",
      "last_name": "Rosenbaum",
      "permalink": "jan-rosenbaum"}},
   {"is_past": true,
    "title": "",
    "person":
     {"first_name": "Steven",
      "last_name": "E. Linberg",
      "permalink": "steven-e-linberg"}}],
 "competitions":
  [],
 "providerships":
  [],
 "total_money_raised": "$500k",
 "funding_rounds":
  [{"id": 23374,
    "round_code": "seed",
    "source_url": "https://www.fis.dowjones.com/article.aspx?ProductIDFromApplication=32\u0026aid=DJFVW00020110603e7660015q\u0026r=Rss\u0026s=DJFVW",
    "source_description": "Airway Therapeutics Tracking Down $1.2M For Pulmonary Therapy ",
    "raised_amount": 500000.0,
    "raised_currency_code": "USD",
    "funded_year": 2011,
    "funded_month": 6,
    "funded_day": 6,
    "investments":
     []}],
 "investments":
  [],
 "acquisition": null,
 "acquisitions":
  [],
 "offices":
  [{"description": "",
    "address1": "3130 Highland Avenue",
    "address2": "3rd Floor",
    "zip_code": "45219",
    "city": "Cincinnati",
    "state_code": "OH",
    "country_code": "USA",
    "latitude": null,
    "longitude": null}],
 "milestones":
  [],
 "ipo": null,
 "video_embeds":
  [],
 "screenshots":
  [],
 "external_links":
  [],
 "partners":
  []}
