{"name": "AKM3",
 "permalink": "akm3",
 "crunchbase_url": "http://www.crunchbase.com/company/akm3",
 "homepage_url": "http://www.akm3.de",
 "blog_url": "",
 "blog_feed_url": "",
 "twitter_username": "akmdrei",
 "category_code": "consulting",
 "number_of_employees": 45,
 "founded_year": 2009,
 "founded_month": 10,
 "founded_day": 1,
 "deadpooled_year": null,
 "deadpooled_month": null,
 "deadpooled_day": null,
 "deadpooled_url": null,
 "tag_list": "online-marketing, seo, search-engine-marketing, linkbuilding, linkmarketing, reputation-management",
 "alias_list": null,
 "email_address": "info@akm3.de",
 "phone_number": "+49 (0)30 - 303 643 61",
 "description": "Online-Marketing Agency",
 "created_at": "Wed Jul 13 14:14:21 UTC 2011",
 "updated_at": "Wed Jul 13 18:02:23 UTC 2011",
 "overview": "\u003Cp\u003EAKM3 GmbH is an online marketing agency focusing its core business on Search Engine Optimization (SEO). The company was  founded in 2010 and is lead by its present managers Markus Koczy, Marc Aufzug and Maik Metzen. In the field of search engine optimization the AKM3 GmbH stands out against other companies thanks to its international link marketing, nowadays offering the latter for ten different countries (all major European markets as well as USA). Furthermore the AKM3 GmbH offers performances in various sectors encompassing areas such as SEM, SMM, Reputation Management, Local SEO, Google Base Optimization and Link Audit.\u003C/p\u003E",
 "image":
  {"available_sizes":
    [[[150,
       48],
      "http://api-images.crunchbase.com/assets/images/resized/0014/3974/143974v2-max-150x150.png"],
     [[250,
       80],
      "http://api-images.crunchbase.com/assets/images/resized/0014/3974/143974v2-max-250x250.png"],
     [[450,
       144],
      "http://api-images.crunchbase.com/assets/images/resized/0014/3974/143974v2-max-450x450.png"]],
   "attribution": null},
 "products":
  [],
 "relationships":
  [{"is_past": false,
    "title": "Diplom-Kaufmann",
    "person":
     {"first_name": "Marc",
      "last_name": "Aufzug",
      "permalink": "marc-aufzug"}},
   {"is_past": false,
    "title": "Diplom-Kaufmann",
    "person":
     {"first_name": "Markus",
      "last_name": "Koczy",
      "permalink": "markus-koczy-2"}},
   {"is_past": false,
    "title": "Diplom-Kaufmann",
    "person":
     {"first_name": "Maik",
      "last_name": "Metzen",
      "permalink": "maik-metzen"}}],
 "competitions":
  [],
 "providerships":
  [],
 "total_money_raised": "$0",
 "funding_rounds":
  [],
 "investments":
  [],
 "acquisition": null,
 "acquisitions":
  [],
 "offices":
  [],
 "milestones":
  [],
 "ipo": null,
 "video_embeds":
  [],
 "screenshots":
  [],
 "external_links":
  [],
 "partners":
  []}
