{"name": "AkzoNobel",
 "permalink": "akzonobel",
 "crunchbase_url": "http://www.crunchbase.com/company/akzonobel",
 "homepage_url": "http://www.akzonobel.com",
 "blog_url": "",
 "blog_feed_url": "",
 "twitter_username": "AkzoNobel",
 "category_code": "other",
 "number_of_employees": 55590,
 "founded_year": 1994,
 "founded_month": null,
 "founded_day": null,
 "deadpooled_year": null,
 "deadpooled_month": null,
 "deadpooled_day": null,
 "deadpooled_url": null,
 "tag_list": "",
 "alias_list": null,
 "email_address": "",
 "phone_number": "",
 "description": "Paints, Coatings, Specialty Chemicals",
 "created_at": "Wed Jul 27 10:56:34 UTC 2011",
 "updated_at": "Wed Aug 03 19:25:40 UTC 2011",
 "overview": null,
 "image":
  {"available_sizes":
    [[[150,
       109],
      "http://api-images.crunchbase.com/assets/images/resized/0014/7049/147049v2-max-150x150.png"],
     [[250,
       183],
      "http://api-images.crunchbase.com/assets/images/resized/0014/7049/147049v2-max-250x250.png"],
     [[450,
       329],
      "http://api-images.crunchbase.com/assets/images/resized/0014/7049/147049v2-max-450x450.png"]],
   "attribution": null},
 "products":
  [],
 "relationships":
  [{"is_past": false,
    "title": "CFO",
    "person":
     {"first_name": "Keith",
      "last_name": "Nichols",
      "permalink": "keith-nichols-2"}},
   {"is_past": false,
    "title": "Responsible for Performance Coatings",
    "person":
     {"first_name": "Leif",
      "last_name": "Darner",
      "permalink": "leif-darner"}},
   {"is_past": false,
    "title": "Responsible for Decorative Paints",
    "person":
     {"first_name": "Tex",
      "last_name": "Gunning",
      "permalink": "tex-gunning"}},
   {"is_past": false,
    "title": "Responsible for Supply Chain/Sourcing",
    "person":
     {"first_name": "Werner",
      "last_name": "Fuhrmann",
      "permalink": "werner-fuhrmann"}},
   {"is_past": false,
    "title": "Responsible for Specialty Chemicals",
    "person":
     {"first_name": "Rob",
      "last_name": "Frohn",
      "permalink": "rob-frohn"}},
   {"is_past": false,
    "title": "Responsible for Research, Development \u0026 Innovation",
    "person":
     {"first_name": "Graeme",
      "last_name": "Armstrong",
      "permalink": "graeme-armstrong"}},
   {"is_past": false,
    "title": "Board Member",
    "person":
     {"first_name": "Antony",
      "last_name": "Burgmans",
      "permalink": "antony-burgmans"}},
   {"is_past": true,
    "title": "Chairman of the Board / CEO",
    "person":
     {"first_name": "Hans",
      "last_name": "Wijers",
      "permalink": "hans-wijers"}},
   {"is_past": true,
    "title": "Financial Control Trainee",
    "person":
     {"first_name": "Georgi",
      "last_name": "Atanasov",
      "permalink": "georgi-atanasov"}},
   {"is_past": true,
    "title": "Board of Directors",
    "person":
     {"first_name": "Hans",
      "last_name": "Wijers",
      "permalink": "hans-wijers"}},
   {"is_past": true,
    "title": "President",
    "person":
     {"first_name": "Fred",
      "last_name": "Cannon",
      "permalink": "fred-cannon"}}],
 "competitions":
  [],
 "providerships":
  [],
 "total_money_raised": "$0",
 "funding_rounds":
  [],
 "investments":
  [],
 "acquisition": null,
 "acquisitions":
  [{"price_amount": null,
    "price_currency_code": "USD",
    "term_code": null,
    "source_url": "http://www.akzonobel.com/news/pressreleases/2009/akzonobel_finalizes_acquisition_lii_europe_activities.aspx",
    "source_description": "AkzoNobel Press Release",
    "acquired_year": 2009,
    "acquired_month": 1,
    "acquired_day": 19,
    "company":
     {"name": "LII Europe",
      "permalink": "lii-europe"}},
   {"price_amount": null,
    "price_currency_code": "GBP",
    "term_code": null,
    "source_url": "",
    "source_description": "",
    "acquired_year": 2008,
    "acquired_month": 1,
    "acquired_day": 2,
    "company":
     {"name": "Imperial Chemical Industries",
      "permalink": "imperial-chemical-industries"}},
   {"price_amount": null,
    "price_currency_code": "USD",
    "term_code": null,
    "source_url": "http://www.cosmeticsdesign.com/Business-Financial/AkzoNobel-acquires-China-specialty-surfactant-producers",
    "source_description": "Cosmetics Design Article",
    "acquired_year": 2011,
    "acquired_month": null,
    "acquired_day": null,
    "company":
     {"name": "Boxing Oleochemicals",
      "permalink": "boxing-oleochemicals"}},
   {"price_amount": null,
    "price_currency_code": "USD",
    "term_code": null,
    "source_url": "http://www.cosmeticsdesign-europe.com/Business-Financial/Akzonobel-and-IBT-ink-deal-to-develop-natural-ingredients",
    "source_description": "Cosmetics Design Article",
    "acquired_year": 2011,
    "acquired_month": null,
    "acquired_day": null,
    "company":
     {"name": "Integrated Botanical Technologies",
      "permalink": "integrated-botanical-technologies"}}],
 "offices":
  [{"description": "AkzoNobel Head Office",
    "address1": "Strawinskylaan 2555",
    "address2": "",
    "zip_code": "1077 ZZ",
    "city": "Amsterdam",
    "state_code": null,
    "country_code": "NLD",
    "latitude": null,
    "longitude": null}],
 "milestones":
  [],
 "ipo": null,
 "video_embeds":
  [],
 "screenshots":
  [],
 "external_links":
  [],
 "partners":
  []}
