{"name": "Alaska Communications Systems Group",
 "permalink": "alaska-communications-systems-group",
 "crunchbase_url": "http://www.crunchbase.com/company/alaska-communications-systems-group",
 "homepage_url": "http://www.alaskacommunications.com",
 "blog_url": "",
 "blog_feed_url": "",
 "twitter_username": "AlaskaComm",
 "category_code": "public_relations",
 "number_of_employees": null,
 "founded_year": null,
 "founded_month": null,
 "founded_day": null,
 "deadpooled_year": null,
 "deadpooled_month": null,
 "deadpooled_day": null,
 "deadpooled_url": null,
 "tag_list": "",
 "alias_list": "",
 "email_address": "",
 "phone_number": "907-297-3000",
 "description": "",
 "created_at": "Wed Apr 06 04:43:51 UTC 2011",
 "updated_at": "Fri Mar 28 12:40:22 UTC 2014",
 "overview": "\u003Cp\u003EAlaska Communications Systems Group, Inc. (ACS) provides integrated communications services in Alaska. The Company\u00e2\u20ac\u2122s wireline and wireless communications networks extend throughout Alaska and connect to the Lower 48 states via its two diverse undersea fiber optic cable systems. The Company operates through two business segments: Wireline and Wireless. The Wireline segment provides communications services, including voice, data, broadband, multi-protocol label switching (MPLS) services, network access, long-distance and other services to consumers, carriers, businesses and enterprises, and government customers throughout Alaska and to and from Alaska. The Wireless segment provides wireless voice and data service and products and other value-added services and equipment sales across Alaska. \u003C/p\u003E",
 "image":
  {"available_sizes":
    [[[150,
       37],
      "http://api-images.crunchbase.com/assets/images/resized/0012/9423/129423v1-max-150x150.png"],
     [[250,
       61],
      "http://api-images.crunchbase.com/assets/images/resized/0012/9423/129423v1-max-250x250.png"],
     [[263,
       65],
      "http://api-images.crunchbase.com/assets/images/resized/0012/9423/129423v1-max-450x450.png"]],
   "attribution": null},
 "products":
  [],
 "relationships":
  [{"is_past": false,
    "title": "Chairman of the Board",
    "person":
     {"first_name": "Edward",
      "last_name": "J. Hayes",
      "permalink": "edward-j-hayes"}},
   {"is_past": false,
    "title": "President \u0026 CEO",
    "person":
     {"first_name": "Anand",
      "last_name": "Vadapalli",
      "permalink": "anand-vadapalli"}},
   {"is_past": false,
    "title": "CFO",
    "person":
     {"first_name": "Wayne",
      "last_name": "Graham",
      "permalink": "wayne-graham"}},
   {"is_past": true,
    "title": "Chief Executive Officer and Chairman",
    "person":
     {"first_name": "Liane",
      "last_name": "J. Pelletier",
      "permalink": "liane-j-pelletier"}}],
 "competitions":
  [],
 "providerships":
  [],
 "total_money_raised": "$0",
 "funding_rounds":
  [],
 "investments":
  [],
 "acquisition": null,
 "acquisitions":
  [],
 "offices":
  [{"description": "",
    "address1": "600 Telephone Avenue",
    "address2": "",
    "zip_code": "99503",
    "city": "Anchorage",
    "state_code": "AK",
    "country_code": "USA",
    "latitude": null,
    "longitude": null}],
 "milestones":
  [],
 "ipo":
  {"valuation_amount": null,
   "valuation_currency_code": "USD",
   "pub_year": 1999,
   "pub_month": 11,
   "pub_day": 26,
   "stock_symbol": "NASDAQ:ALSK"},
 "video_embeds":
  [],
 "screenshots":
  [],
 "external_links":
  [],
 "partners":
  []}
