{"name": "Alex. Brown Investment Banking",
 "permalink": "alex-brown-investment-banking",
 "crunchbase_url": "http://www.crunchbase.com/company/alex-brown-investment-banking",
 "homepage_url": null,
 "blog_url": null,
 "blog_feed_url": null,
 "twitter_username": null,
 "category_code": null,
 "number_of_employees": null,
 "founded_year": null,
 "founded_month": null,
 "founded_day": null,
 "deadpooled_year": null,
 "deadpooled_month": null,
 "deadpooled_day": null,
 "deadpooled_url": null,
 "tag_list": null,
 "alias_list": null,
 "email_address": null,
 "phone_number": null,
 "description": null,
 "created_at": "Tue Jul 19 21:50:52 UTC 2011",
 "updated_at": "Wed Jul 20 20:05:51 UTC 2011",
 "overview": null,
 "image": null,
 "products":
  [],
 "relationships":
  [{"is_past": false,
    "title": "Principal in the Technology Group",
    "person":
     {"first_name": "Harry",
      "last_name": "Gruner",
      "permalink": "harry-gruner"}},
   {"is_past": true,
    "title": "Investment Banking",
    "person":
     {"first_name": "J. Todd",
      "last_name": "Bonner",
      "permalink": "j-todd-bonner"}}],
 "competitions":
  [],
 "providerships":
  [],
 "total_money_raised": "$0",
 "funding_rounds":
  [],
 "investments":
  [],
 "acquisition": null,
 "acquisitions":
  [],
 "offices":
  [],
 "milestones":
  [],
 "ipo": null,
 "video_embeds":
  [],
 "screenshots":
  [],
 "external_links":
  [],
 "partners":
  []}
