{"name": "Align Technology",
 "permalink": "align-technology",
 "crunchbase_url": "http://www.crunchbase.com/company/align-technology",
 "homepage_url": "http://www.aligntech.com",
 "blog_url": "",
 "blog_feed_url": "",
 "twitter_username": "Invisalign",
 "category_code": "hardware",
 "number_of_employees": null,
 "founded_year": null,
 "founded_month": null,
 "founded_day": null,
 "deadpooled_year": null,
 "deadpooled_month": null,
 "deadpooled_day": null,
 "deadpooled_url": null,
 "tag_list": "",
 "alias_list": "",
 "email_address": "investorinfo@aligntech.com",
 "phone_number": "408-470-1000",
 "description": "",
 "created_at": "Wed Mar 30 02:55:07 UTC 2011",
 "updated_at": "Thu Mar 27 11:06:26 UTC 2014",
 "overview": "\u003Cp\u003EAlign Technology, Inc. designs, manufactures, and markets the invisalign system for treating malocclusion or the misalignment of teeth. Invisalign corrects malocclusion using a series of clear, nearly invisible, removable appliances that gently move teeth to a desired final position. The company\u00e2\u20ac\u2122s products include Invisalign Full for the treatment of a range of malocclusions; Invisalign Express, a solution for less complex orthodontic cases; Invisalign Teen, which is designed to meet the specific needs of the non-adult comprehensive or teen treatment market; Vivera retainers that offer aesthetic retention solution for invisalign and non-invisalign patients; and Invisalign Assist, which is designed for general practitioners for selecting, monitoring, and finishing invisalign cases. It also offers ancillary products comprising cleaning material and adjusting tools for dental professionals. Align Technology distributes its products directly to orthodontists and general practitioner dentists in North America, Europe, the Asia Pacific, Latin America, and Japan. The company was founded in 1997 and is headquartered in Santa Clara, California.\u003C/p\u003E",
 "image":
  {"available_sizes":
    [[[150,
       14],
      "http://api-images.crunchbase.com/assets/images/resized/0012/8363/128363v1-max-150x150.png"],
     [[250,
       23],
      "http://api-images.crunchbase.com/assets/images/resized/0012/8363/128363v1-max-250x250.png"],
     [[450,
       42],
      "http://api-images.crunchbase.com/assets/images/resized/0012/8363/128363v1-max-450x450.png"]],
   "attribution": null},
 "products":
  [],
 "relationships":
  [{"is_past": false,
    "title": "President \u0026 CEO",
    "person":
     {"first_name": "Thomas",
      "last_name": "M. Prescott",
      "permalink": "thomas-m-prescott"}},
   {"is_past": false,
    "title": "Chief Executive Officer",
    "person":
     {"first_name": "Stephen",
      "last_name": "Bonelli",
      "permalink": "stephen-bonelli"}},
   {"is_past": false,
    "title": "CFO",
    "person":
     {"first_name": "Kenneth",
      "last_name": "B. Arola",
      "permalink": "kenneth-b-arola"}},
   {"is_past": false,
    "title": "Board of Directors",
    "person":
     {"first_name": "Benjamin",
      "last_name": "S. Schapiro",
      "permalink": "benjamin-s-schapiro"}},
   {"is_past": false,
    "title": "Board Member",
    "person":
     {"first_name": "Joe",
      "last_name": "Lacob",
      "permalink": "joe-lacob"}},
   {"is_past": true,
    "title": "Chairman \u0026 CEO",
    "person":
     {"first_name": "Zia",
      "last_name": "Chishti",
      "permalink": "zia-chishti"}},
   {"is_past": true,
    "title": "Chairman",
    "person":
     {"first_name": "Peter",
      "last_name": "Riepenhausen",
      "permalink": "peter-riepenhausen"}},
   {"is_past": true,
    "title": "CMO, VP Global Strategy \u0026 Marketing",
    "person":
     {"first_name": "Darrell",
      "last_name": "Zoromski",
      "permalink": "darrell-zoromski"}},
   {"is_past": true,
    "title": "Vice President of Worldwide Sales",
    "person":
     {"first_name": "Robert",
      "last_name": "D. Mitchell",
      "permalink": "robert-d-mitchell"}},
   {"is_past": true,
    "title": "Vice President of R\u0026D",
    "person":
     {"first_name": "Amir",
      "last_name": "Abolfathi",
      "permalink": "amir-abolfathi"}},
   {"is_past": true,
    "title": "executive positions",
    "person":
     {"first_name": "Sheila",
      "last_name": "Tan",
      "permalink": "sheila-tan"}},
   {"is_past": true,
    "title": "Investor",
    "person":
     {"first_name": "Marc",
      "last_name": "Galletti",
      "permalink": "marc-galletti"}},
   {"is_past": true,
    "title": "Leadership",
    "person":
     {"first_name": "David",
      "last_name": "Thrower",
      "permalink": "david-thrower"}},
   {"is_past": true,
    "title": "Senior Director",
    "person":
     {"first_name": "Mohammed",
      "last_name": "Khaishgi",
      "permalink": "mohammed-khaishgi"}},
   {"is_past": true,
    "title": "Various Designation",
    "person":
     {"first_name": "Tony",
      "last_name": "Morefield",
      "permalink": "tony-morefield"}},
   {"is_past": true,
    "title": "Director of North American Sales",
    "person":
     {"first_name": "Doug",
      "last_name": "Bukaty",
      "permalink": "doug-bukaty"}},
   {"is_past": true,
    "title": "Manufacturing \u0026 Engineering \u0026 Operations Teams",
    "person":
     {"first_name": "Eric",
      "last_name": "Steuben",
      "permalink": "eric-steuben"}}],
 "competitions":
  [],
 "providerships":
  [],
 "total_money_raised": "$72.3M",
 "funding_rounds":
  [{"id": 66014,
    "round_code": "partial",
    "source_url": "http://www.sec.gov/Archives/edgar/data/1097149/000128825709000016/xslFormDX01/primary_doc.xml",
    "source_description": "SEC",
    "raised_amount": 72299357.0,
    "raised_currency_code": "USD",
    "funded_year": 2009,
    "funded_month": 8,
    "funded_day": 31,
    "investments":
     []}],
 "investments":
  [],
 "acquisition": null,
 "acquisitions":
  [{"price_amount": null,
    "price_currency_code": "USD",
    "term_code": null,
    "source_url": "http://www.forbes.com/feeds/ap/2011/03/29/business-health-care-us-align-technology-cadent-holdings_8381123.html",
    "source_description": "Align Technology buying Cadent for $190 million",
    "acquired_year": 2011,
    "acquired_month": 3,
    "acquired_day": 29,
    "company":
     {"name": "Cadent",
      "permalink": "cadent"}}],
 "offices":
  [{"description": "",
    "address1": "2560 Orchard Parkway",
    "address2": "",
    "zip_code": "95131",
    "city": "San Jose",
    "state_code": "CA",
    "country_code": "USA",
    "latitude": null,
    "longitude": null}],
 "milestones":
  [],
 "ipo":
  {"valuation_amount": null,
   "valuation_currency_code": "USD",
   "pub_year": 2001,
   "pub_month": 2,
   "pub_day": 2,
   "stock_symbol": "NASDAQ:ALGN"},
 "video_embeds":
  [],
 "screenshots":
  [{"available_sizes":
     [[[150,
        91],
       "http://api-images.crunchbase.com/assets/images/resized/0044/4331/444331v1-max-150x150.png"],
      [[250,
        152],
       "http://api-images.crunchbase.com/assets/images/resized/0044/4331/444331v1-max-250x250.png"],
      [[450,
        273],
       "http://api-images.crunchbase.com/assets/images/resized/0044/4331/444331v1-max-450x450.png"]],
    "attribution": null}],
 "external_links":
  [],
 "partners":
  []}
