{"name": "All Media Worx",
 "permalink": "all-media-worx",
 "crunchbase_url": "http://www.crunchbase.com/company/all-media-worx",
 "homepage_url": "http://allmediaworx.com",
 "blog_url": "http://allmediaworx.qapacity.com",
 "blog_feed_url": "",
 "twitter_username": "allmediaworx",
 "category_code": "other",
 "number_of_employees": 100,
 "founded_year": null,
 "founded_month": null,
 "founded_day": null,
 "deadpooled_year": null,
 "deadpooled_month": null,
 "deadpooled_day": null,
 "deadpooled_url": null,
 "tag_list": "affiliate-marketing, b2b-marketing, banner-marketing, creative-design, digital-marketing, online-marketing-strategy, online-media-solutions, online-moderation-services, ppc-marketing, product-marketing, search-marketing, social-media-marketing, social-med",
 "alias_list": null,
 "email_address": "info@allmediaworx.com",
 "phone_number": "+61 (0) 9016 3480",
 "description": "Internet Marketing Services Company",
 "created_at": "Fri Mar 04 05:57:45 UTC 2011",
 "updated_at": "Wed Mar 09 23:11:22 UTC 2011",
 "overview": "\u003Cp\u003EALLMEDIAWORX is providing cutting edge Internet marketing and SEO (Search Engine Optimization) to all manner of businesses and clients; from the small home business right through to large multi-national blue chip companies.\u003C/p\u003E\n\n\u003Cp\u003EAMW works hard not only to satisfy our clients, but also to exceed all expectations.\u003C/p\u003E\n\n\u003Cp\u003EWe put all elements and resources to work: our vast knowledge and experience in internet marketing, and our meticulous eye for detail while maintaining quality control at all costs is a reflection of our passion and dedication to our craft.\u003C/p\u003E\n\n\u003Cp\u003EWith the perfect combination of skilled creative professionals, business developers, customer representatives and a ton of enthusiasm for this industry, the AMW team can guarantee excellence!\u003C/p\u003E\n\n\u003Cp\u003EOur Mission Statement:\u003C/p\u003E\n\n\u003Cp\u003ERAISE THE BAR AT ALL TIMES\u003C/p\u003E\n\n\u003Cp\u003EAll Media Worx will keep you in the game.\u003C/p\u003E\n\n\u003Cp\u003EWe provide a full-bodied online marketing solution\u003C/p\u003E\n\n\u003Cp\u003EAffiliate Marketing\nB2B Marketing\nBanner Marketing\nCreative Design\nDigital Marketing\nOnline  Marketing Strategy\nOnline Media Solutions\nOnline Moderation Services\nPPC Marketing\nProduct Marketing\nSearch Marketing\nSocial Media Marketing\nSocial Media Monitoring Services\nViral Marketing\nWeb Videos\u003C/p\u003E",
 "image":
  {"available_sizes":
    [[[150,
       45],
      "http://api-images.crunchbase.com/assets/images/resized/0012/4944/124944v2-max-150x150.jpg"],
     [[250,
       76],
      "http://api-images.crunchbase.com/assets/images/resized/0012/4944/124944v2-max-250x250.jpg"],
     [[321,
       98],
      "http://api-images.crunchbase.com/assets/images/resized/0012/4944/124944v2-max-450x450.jpg"]],
   "attribution": null},
 "products":
  [],
 "relationships":
  [],
 "competitions":
  [],
 "providerships":
  [],
 "total_money_raised": "$0",
 "funding_rounds":
  [],
 "investments":
  [],
 "acquisition": null,
 "acquisitions":
  [],
 "offices":
  [{"description": "",
    "address1": "Unit 5, 13 Walkers Rd, Nunawading, Victoria",
    "address2": "",
    "zip_code": "3131",
    "city": "Melbourne",
    "state_code": null,
    "country_code": "AUS",
    "latitude": null,
    "longitude": null}],
 "milestones":
  [],
 "ipo": null,
 "video_embeds":
  [],
 "screenshots":
  [{"available_sizes":
     [[[144,
        150],
       "http://api-images.crunchbase.com/assets/images/resized/0012/4943/124943v2-max-150x150.png"],
      [[240,
        250],
       "http://api-images.crunchbase.com/assets/images/resized/0012/4943/124943v2-max-250x250.png"],
      [[433,
        450],
       "http://api-images.crunchbase.com/assets/images/resized/0012/4943/124943v2-max-450x450.png"]],
    "attribution": null}],
 "external_links":
  [{"external_url": "http://allmediaworx.qapacity.com",
    "title": "Qapacity Blog"}],
 "partners":
  []}
