{"name": "quintly",
 "permalink": "allfacebook-stats",
 "crunchbase_url": "http://www.crunchbase.com/company/allfacebook-stats",
 "homepage_url": "http://www.quintly.com",
 "blog_url": "http://www.quintly.com/blog/",
 "blog_feed_url": "http://www.quintly.com/blog/feed/",
 "twitter_username": "quintlyapp",
 "category_code": "other",
 "number_of_employees": 8,
 "founded_year": 2011,
 "founded_month": 3,
 "founded_day": 14,
 "deadpooled_year": null,
 "deadpooled_month": null,
 "deadpooled_day": null,
 "deadpooled_url": null,
 "tag_list": "quintly, facebook-analytics, youtube-analytics, google-plus-analytics, facebook-competitors, social-media-benchmarking, social-media-analytics, twitter-statistics, facebook-monitoring, social-media-kpi, social-media-tracking",
 "alias_list": "",
 "email_address": "info@quintly.com",
 "phone_number": "+492216777580",
 "description": "Social Media Analytics",
 "created_at": "Thu Jul 07 07:24:29 UTC 2011",
 "updated_at": "Fri Nov 08 00:25:26 UTC 2013",
 "overview": "\u003Cp\u003Equintly is the professional social media benchmarking and analytics solution to track and compare the performance of your social media marketing activities. Whether you are using Facebook, Twitter, YouTube, Google+ or all, their tool visualizes and checks your social marketing success, benchmarking your numbers against your competitors or best practice examples.\u003C/p\u003E",
 "image":
  {"available_sizes":
    [[[150,
       28],
      "http://api-images.crunchbase.com/assets/images/resized/0014/2856/142856v8-max-150x150.png"],
     [[250,
       48],
      "http://api-images.crunchbase.com/assets/images/resized/0014/2856/142856v8-max-250x250.png"],
     [[450,
       86],
      "http://api-images.crunchbase.com/assets/images/resized/0014/2856/142856v8-max-450x450.png"]],
   "attribution": null},
 "products":
  [],
 "relationships":
  [{"is_past": false,
    "title": "Founder / CEO",
    "person":
     {"first_name": "Alexander",
      "last_name": "Peiniger",
      "permalink": "alexander-peiniger"}},
   {"is_past": false,
    "title": "Founder / CTO",
    "person":
     {"first_name": "Frederik",
      "last_name": "Peiniger",
      "permalink": "frederik-peiniger"}},
   {"is_past": false,
    "title": "Online Marketing \u0026 Sales Manager",
    "person":
     {"first_name": "Maximilian",
      "last_name": "H. Nierhoff",
      "permalink": "maximilian-h-nierhoff"}}],
 "competitions":
  [],
 "providerships":
  [],
 "total_money_raised": "$0",
 "funding_rounds":
  [],
 "investments":
  [],
 "acquisition": null,
 "acquisitions":
  [],
 "offices":
  [{"description": "Headquarter",
    "address1": "Im Klapperhof 7-23",
    "address2": "",
    "zip_code": "50670",
    "city": "Cologne",
    "state_code": null,
    "country_code": "DEU",
    "latitude": null,
    "longitude": null}],
 "milestones":
  [],
 "ipo": null,
 "video_embeds":
  [{"embed_code": "\u003Ciframe width=\"420\" height=\"315\" src=\"http://www.youtube.com/embed/6Kg2r4RJSXU?rel=0\" frameborder=\"0\" allowfullscreen\u003E\u003C/iframe\u003E",
    "description": "\u003Cp\u003Equintly - Track and benchmark your Facebook pages and Twitter profiles \u003C/p\u003E"}],
 "screenshots":
  [{"available_sizes":
     [[[150,
        112],
       "http://api-images.crunchbase.com/assets/images/resized/0014/2852/142852v2-max-150x150.jpg"],
      [[250,
        187],
       "http://api-images.crunchbase.com/assets/images/resized/0014/2852/142852v2-max-250x250.jpg"],
      [[450,
        337],
       "http://api-images.crunchbase.com/assets/images/resized/0014/2852/142852v2-max-450x450.jpg"]],
    "attribution": null},
   {"available_sizes":
     [[[150,
        112],
       "http://api-images.crunchbase.com/assets/images/resized/0014/2853/142853v2-max-150x150.jpg"],
      [[250,
        187],
       "http://api-images.crunchbase.com/assets/images/resized/0014/2853/142853v2-max-250x250.jpg"],
      [[450,
        337],
       "http://api-images.crunchbase.com/assets/images/resized/0014/2853/142853v2-max-450x450.jpg"]],
    "attribution": null},
   {"available_sizes":
     [[[150,
        112],
       "http://api-images.crunchbase.com/assets/images/resized/0014/2854/142854v2-max-150x150.jpg"],
      [[250,
        187],
       "http://api-images.crunchbase.com/assets/images/resized/0014/2854/142854v2-max-250x250.jpg"],
      [[450,
        337],
       "http://api-images.crunchbase.com/assets/images/resized/0014/2854/142854v2-max-450x450.jpg"]],
    "attribution": null},
   {"available_sizes":
     [[[150,
        112],
       "http://api-images.crunchbase.com/assets/images/resized/0014/2855/142855v2-max-150x150.jpg"],
      [[250,
        187],
       "http://api-images.crunchbase.com/assets/images/resized/0014/2855/142855v2-max-250x250.jpg"],
      [[450,
        337],
       "http://api-images.crunchbase.com/assets/images/resized/0014/2855/142855v2-max-450x450.jpg"]],
    "attribution": null},
   {"available_sizes":
     [[[150,
        138],
       "http://api-images.crunchbase.com/assets/images/resized/0022/9622/229622v2-max-150x150.png"],
      [[250,
        230],
       "http://api-images.crunchbase.com/assets/images/resized/0022/9622/229622v2-max-250x250.png"],
      [[450,
        414],
       "http://api-images.crunchbase.com/assets/images/resized/0022/9622/229622v2-max-450x450.png"]],
    "attribution": null},
   {"available_sizes":
     [[[150,
        80],
       "http://api-images.crunchbase.com/assets/images/resized/0022/9623/229623v2-max-150x150.png"],
      [[250,
        134],
       "http://api-images.crunchbase.com/assets/images/resized/0022/9623/229623v2-max-250x250.png"],
      [[450,
        241],
       "http://api-images.crunchbase.com/assets/images/resized/0022/9623/229623v2-max-450x450.png"]],
    "attribution": null},
   {"available_sizes":
     [[[150,
        80],
       "http://api-images.crunchbase.com/assets/images/resized/0022/9624/229624v2-max-150x150.png"],
      [[250,
        134],
       "http://api-images.crunchbase.com/assets/images/resized/0022/9624/229624v2-max-250x250.png"],
      [[450,
        241],
       "http://api-images.crunchbase.com/assets/images/resized/0022/9624/229624v2-max-450x450.png"]],
    "attribution": null},
   {"available_sizes":
     [[[150,
        80],
       "http://api-images.crunchbase.com/assets/images/resized/0022/9625/229625v2-max-150x150.png"],
      [[250,
        133],
       "http://api-images.crunchbase.com/assets/images/resized/0022/9625/229625v2-max-250x250.png"],
      [[450,
        240],
       "http://api-images.crunchbase.com/assets/images/resized/0022/9625/229625v2-max-450x450.png"]],
    "attribution": null}],
 "external_links":
  [],
 "partners":
  [{"partner_name": "angel_list",
    "homepage_url": "http://www.quintly.com",
    "link_1_url": "https://angel.co/quintly",
    "link_2_url": null,
    "link_3_url": null,
    "link_1_name": "AngelList Page",
    "link_2_name": null,
    "link_3_name": null}]}
