{"name": "Alliance Acquisitions",
 "permalink": "alliance-acquisitions-inc",
 "crunchbase_url": "http://www.crunchbase.com/company/alliance-acquisitions-inc",
 "homepage_url": "http://www.alliance-acquisitions.com",
 "blog_url": "",
 "blog_feed_url": "",
 "twitter_username": null,
 "category_code": "other",
 "number_of_employees": null,
 "founded_year": null,
 "founded_month": null,
 "founded_day": null,
 "deadpooled_year": null,
 "deadpooled_month": null,
 "deadpooled_day": null,
 "deadpooled_url": null,
 "tag_list": "",
 "alias_list": "",
 "email_address": "info@alliance-acquisitions.com",
 "phone_number": "(310) 807-8181",
 "description": "",
 "created_at": "Fri May 13 22:37:17 UTC 2011",
 "updated_at": "Mon May 16 01:36:42 UTC 2011",
 "overview": "\u003Cp\u003EAlliance Acquisitions is a growth management company providing advisory services, management expertise and financing to early-stage companies and projects in the media, internet and technology industries. With expertise in accessing capital in the public markets and private arenas, Alliance is uniquely poised to take good companies and make them great! We have a track record of success that is unmatched by anyone over the past 5 years.\u003C/p\u003E",
 "image":
  {"available_sizes":
    [[[150,
       100],
      "http://api-images.crunchbase.com/assets/images/resized/0013/4678/134678v2-max-150x150.png"],
     [[250,
       166],
      "http://api-images.crunchbase.com/assets/images/resized/0013/4678/134678v2-max-250x250.png"],
     [[450,
       300],
      "http://api-images.crunchbase.com/assets/images/resized/0013/4678/134678v2-max-450x450.png"]],
   "attribution": null},
 "products":
  [],
 "relationships":
  [{"is_past": false,
    "title": "Founder, CEO \u0026 Co-Chairman",
    "person":
     {"first_name": "Brian",
      "last_name": "Altounian",
      "permalink": "brian-altounian"}},
   {"is_past": false,
    "title": "Chief Creative Officer",
    "person":
     {"first_name": "Zach",
      "last_name": "Pennington",
      "permalink": "zach-pennington"}},
   {"is_past": false,
    "title": "COO",
    "person":
     {"first_name": "Tom",
      "last_name": "Trynin",
      "permalink": "tom-trynin"}},
   {"is_past": false,
    "title": "VP Operations/Facilities",
    "person":
     {"first_name": "Linda",
      "last_name": "Engelsiepen",
      "permalink": "linda-engelsiepen"}},
   {"is_past": false,
    "title": "Co-Chairman",
    "person":
     {"first_name": "Dean",
      "last_name": "Janes",
      "permalink": "dean-janes"}},
   {"is_past": false,
    "title": "CFO",
    "person":
     {"first_name": "Cyndi",
      "last_name": "Isgrig",
      "permalink": "cyndi-isgrig"}},
   {"is_past": false,
    "title": "Equity Partner",
    "person":
     {"first_name": "Harinder",
      "last_name": "Dhillon",
      "permalink": "harinder-dhillon"}},
   {"is_past": false,
    "title": "In-House Counsel",
    "person":
     {"first_name": "Nathan",
      "last_name": "Huffman",
      "permalink": "nathan-huffman"}},
   {"is_past": true,
    "title": "Chief Technology Officer",
    "person":
     {"first_name": "Lawrence",
      "last_name": "Leach",
      "permalink": "lawrence-leach"}}],
 "competitions":
  [],
 "providerships":
  [{"title": "Patent Law",
    "is_past": false,
    "provider":
     {"name": "Silicon Edge Law Group",
      "permalink": "silicon-edge-law-group"}},
   {"title": "Corporate \u0026 Securities Law",
    "is_past": false,
    "provider":
     {"name": "Pillsbury Winthrop",
      "permalink": "pillsbury-winthrop"}},
   {"title": "Valuation Services",
    "is_past": false,
    "provider":
     {"name": "Sanli, Pastore \u0026 Hill",
      "permalink": "sanli-pastore-hill"}}],
 "total_money_raised": "$0",
 "funding_rounds":
  [],
 "investments":
  [{"funding_round":
     {"round_code": "b",
      "source_url": "",
      "source_description": "",
      "raised_amount": 2500000.0,
      "raised_currency_code": "USD",
      "funded_year": 2010,
      "funded_month": 12,
      "funded_day": 31,
      "company":
       {"name": "WOWIO",
        "permalink": "wowio"}}},
   {"funding_round":
     {"round_code": "angel",
      "source_url": "",
      "source_description": "",
      "raised_amount": 375000.0,
      "raised_currency_code": "USD",
      "funded_year": 2012,
      "funded_month": 7,
      "funded_day": 4,
      "company":
       {"name": "Hone and Strop",
        "permalink": "hone-and-strop"}}}],
 "acquisition": null,
 "acquisitions":
  [],
 "offices":
  [{"description": "Los Angeles Office",
    "address1": "3545 Motor Avenue",
    "address2": "3rd Floor",
    "zip_code": "90034",
    "city": "Los Angeles",
    "state_code": "CA",
    "country_code": "USA",
    "latitude": null,
    "longitude": null}],
 "milestones":
  [],
 "ipo": null,
 "video_embeds":
  [],
 "screenshots":
  [],
 "external_links":
  [],
 "partners":
  []}
