{"name": "Ally Bank",
 "permalink": "ally-bank",
 "crunchbase_url": "http://www.crunchbase.com/company/ally-bank",
 "homepage_url": "http://www.ally.com",
 "blog_url": "",
 "blog_feed_url": "",
 "twitter_username": "AllyBank",
 "category_code": "finance",
 "number_of_employees": null,
 "founded_year": 1919,
 "founded_month": null,
 "founded_day": null,
 "deadpooled_year": null,
 "deadpooled_month": null,
 "deadpooled_day": null,
 "deadpooled_url": null,
 "tag_list": "",
 "alias_list": "",
 "email_address": "",
 "phone_number": " 1-877-247-ALLY(2559) ",
 "description": "",
 "created_at": "Thu Mar 24 12:30:46 UTC 2011",
 "updated_at": "Mon Apr 14 06:07:49 UTC 2014",
 "overview": "\u003Cp\u003EAlly Financial Inc. is a leading automotive financial services company powered by a top direct banking franchise. Ally\u0026#8217;s automotive services business offers a full suite of financing products and services, including new and used vehicle inventory and consumer financing, leasing, inventory insurance, commercial loans and vehicle remarketing services. Ally Bank, the company\u0026#8217;s direct banking subsidiary, offers an array of deposit products, including certificates of deposit, savings accounts, money market accounts, IRA deposit products and interest checking. Ally\u0026#8217;s Commercial Finance unit provides financing to middle-market companies across a broad range of industries\u003C/p\u003E",
 "image":
  {"available_sizes":
    [[[150,
       95],
      "http://api-images.crunchbase.com/assets/images/resized/0021/8874/218874v2-max-150x150.png"],
     [[250,
       158],
      "http://api-images.crunchbase.com/assets/images/resized/0021/8874/218874v2-max-250x250.png"],
     [[450,
       285],
      "http://api-images.crunchbase.com/assets/images/resized/0021/8874/218874v2-max-450x450.png"]],
   "attribution": null},
 "products":
  [],
 "relationships":
  [{"is_past": false,
    "title": "CEO",
    "person":
     {"first_name": "Michael",
      "last_name": "A. Carpenter",
      "permalink": "michael-a-carpenter"}},
   {"is_past": true,
    "title": "Marketing Program Manager",
    "person":
     {"first_name": "Brendon",
      "last_name": "Treanor",
      "permalink": "brendon-treanor"}}],
 "competitions":
  [],
 "providerships":
  [],
 "total_money_raised": "$0",
 "funding_rounds":
  [],
 "investments":
  [],
 "acquisition": null,
 "acquisitions":
  [],
 "offices":
  [{"description": "",
    "address1": "200 Renaissance Center",
    "address2": "PO Box 200",
    "zip_code": "48265",
    "city": "Detroit",
    "state_code": "MI",
    "country_code": "USA",
    "latitude": null,
    "longitude": null}],
 "milestones":
  [{"id": 50682,
    "description": "Ally raises $2.38 billion in IPO priced at $25 a share",
    "stoned_year": 2014,
    "stoned_month": 4,
    "stoned_day": 13,
    "source_url": "http://www.autonews.com/article/20140409/FINANCE_AND_INSURANCE/140409809/ally-raises-2-38-billion-in-ipo-priced-at-25-a-share?utm_source=twitterfeed\u0026utm_medium=twitter\u0026utm_campaign=Feed%3A+autonews%2FFinanceAndInsurance+%28Automotive+News+Finance+and+Insu",
    "source_text": "",
    "source_description": "Ally raises $2.38 billion in IPO priced at $25 a share",
    "stoneable_type": "Company",
    "stoned_value": null,
    "stoned_value_type": null,
    "stoned_acquirer": null,
    "stoneable":
     {"name": "Ally Bank",
      "permalink": "ally-bank"}}],
 "ipo": null,
 "video_embeds":
  [],
 "screenshots":
  [{"available_sizes":
     [[[150,
        111],
       "http://api-images.crunchbase.com/assets/images/resized/0019/3461/193461v2-max-150x150.jpg"],
      [[250,
        185],
       "http://api-images.crunchbase.com/assets/images/resized/0019/3461/193461v2-max-250x250.jpg"],
      [[450,
        333],
       "http://api-images.crunchbase.com/assets/images/resized/0019/3461/193461v2-max-450x450.jpg"]],
    "attribution": null}],
 "external_links":
  [],
 "partners":
  []}
