{"name": "Alnylam Pharmaceuticals",
 "permalink": "alnylam-pharmaceuticals",
 "crunchbase_url": "http://www.crunchbase.com/company/alnylam-pharmaceuticals",
 "homepage_url": "http://www.alnylam.com",
 "blog_url": "",
 "blog_feed_url": "",
 "twitter_username": "Alnylam",
 "category_code": "medical",
 "number_of_employees": null,
 "founded_year": null,
 "founded_month": null,
 "founded_day": null,
 "deadpooled_year": null,
 "deadpooled_month": null,
 "deadpooled_day": null,
 "deadpooled_url": null,
 "tag_list": "",
 "alias_list": "",
 "email_address": "",
 "phone_number": "617-551-8200",
 "description": "",
 "created_at": "Tue Mar 29 02:51:50 UTC 2011",
 "updated_at": "Fri Mar 07 04:00:18 UTC 2014",
 "overview": "\u003Cp\u003EAlnylam is developing an entirely new class of innovative medicines based on a breakthrough discovery in biology known as RNA interference, or RNAi. With RNAi technology, we have the opportunity to treat disease and impact the lives of patients in a fundamentally new way by silencing disease-causing genes upstream of today\u0026#8217;s medicines.\u003C/p\u003E",
 "image":
  {"available_sizes":
    [[[150,
       40],
      "http://api-images.crunchbase.com/assets/images/resized/0012/8181/128181v1-max-150x150.png"],
     [[173,
       47],
      "http://api-images.crunchbase.com/assets/images/resized/0012/8181/128181v1-max-250x250.png"],
     [[173,
       47],
      "http://api-images.crunchbase.com/assets/images/resized/0012/8181/128181v1-max-450x450.png"]],
   "attribution": null},
 "products":
  [],
 "relationships":
  [{"is_past": false,
    "title": "Scientific Advisory Board and Founder",
    "person":
     {"first_name": "Phillip",
      "last_name": "D. Zamore",
      "permalink": "phillip-d-zamore-ph-d"}},
   {"is_past": false,
    "title": "Scientific Advisory Board and Founder",
    "person":
     {"first_name": "Markus",
      "last_name": "Stoffel",
      "permalink": "markus-stoffel-m-d-ph-d"}},
   {"is_past": false,
    "title": "Scientific Advisory Board and Founder",
    "person":
     {"first_name": "Judy",
      "last_name": "Lieberman",
      "permalink": "judy-lieberman-m-d-ph-d"}},
   {"is_past": false,
    "title": "Scientific Advisory Board and Founder",
    "person":
     {"first_name": "David",
      "last_name": "Bartel",
      "permalink": "david-bartel-ph-d"}},
   {"is_past": false,
    "title": "Founder and Chairman, Board of Directors",
    "person":
     {"first_name": "John",
      "last_name": "Clarke",
      "permalink": "john-clarke-4"}},
   {"is_past": false,
    "title": "CEO",
    "person":
     {"first_name": "John",
      "last_name": "Maraganore",
      "permalink": "john-maraganore"}},
   {"is_past": false,
    "title": "Senior Vice President, Chief Business Officer",
    "person":
     {"first_name": "Laurence",
      "last_name": "Reid",
      "permalink": "laurence-reid-ph-d"}},
   {"is_past": false,
    "title": "President and COO",
    "person":
     {"first_name": "Barry",
      "last_name": "Greene",
      "permalink": "barry-greene-2"}},
   {"is_past": false,
    "title": "VP, Legal",
    "person":
     {"first_name": "Mary",
      "last_name": "Beth DeLena",
      "permalink": "mary-beth-delena"}},
   {"is_past": false,
    "title": "Vice President, Quality Assurance",
    "person":
     {"first_name": "Aria",
      "last_name": "Tavana",
      "permalink": "aria-tavana-ph-d"}},
   {"is_past": false,
    "title": "DABT, Senior Vice President, Drug Safety and Metabolism",
    "person":
     {"first_name": "Michael",
      "last_name": "Placke",
      "permalink": "michael-placke-ph-d"}},
   {"is_past": false,
    "title": "Vice President, Process Sciences",
    "person":
     {"first_name": "Lubomir",
      "last_name": "(Lubo) Nechev",
      "permalink": "lubomir-lubo-nechev-ph-d"}},
   {"is_past": false,
    "title": "Vice President Finance and Treasurer",
    "person":
     {"first_name": "Michael",
      "last_name": "Mason",
      "permalink": "michael-mason"}},
   {"is_past": false,
    "title": "Vice President, Manufacturing Operations",
    "person":
     {"first_name": "David",
      "last_name": "Konys",
      "permalink": "david-konys"}},
   {"is_past": false,
    "title": "Vice President, Clinical Research",
    "person":
     {"first_name": "Jared",
      "last_name": "Gollob",
      "permalink": "jared-gollob-m-d"}},
   {"is_past": false,
    "title": "Vice President, Associate General Counsel",
    "person":
     {"first_name": "Mary",
      "last_name": "Beth DeLena",
      "permalink": "mary-beth-delena"}},
   {"is_past": false,
    "title": "Vice President, Intellectual Property",
    "person":
     {"first_name": "Steve",
      "last_name": "Bossone",
      "permalink": "steve-bossone-ph-d"}},
   {"is_past": false,
    "title": "Executive Vice President and Chief Medical Officer",
    "person":
     {"first_name": "Akshay",
      "last_name": "Vaishnaw",
      "permalink": "akshay-vaishnaw"}},
   {"is_past": false,
    "title": "Board Member",
    "person":
     {"first_name": "Kevin",
      "last_name": "Starr",
      "permalink": "kevin-starr"}},
   {"is_past": false,
    "title": "Investor",
    "person":
     {"first_name": "Jeff",
      "last_name": "Griffor",
      "permalink": "jeff-griffor"}},
   {"is_past": false,
    "title": "Board Member",
    "person":
     {"first_name": "Robert",
      "last_name": "T. Nelsen",
      "permalink": "robert-t-nelsen"}},
   {"is_past": false,
    "title": "Vice President, Head of Commercial",
    "person":
     {"first_name": "Oved",
      "last_name": "Amitay",
      "permalink": "oved-amitay"}},
   {"is_past": false,
    "title": "Vice President, Manufacturing",
    "person":
     {"first_name": "John",
      "last_name": "Frenz",
      "permalink": "john-frenz-ph-d"}},
   {"is_past": false,
    "title": "Senior Vice President, Drug Discovery",
    "person":
     {"first_name": "Muthiah",
      "last_name": "(Mano) Manoharan",
      "permalink": "muthiah-mano-manoharan-ph-d"}},
   {"is_past": false,
    "title": "Senior Vice President, Regulatory Affairs \u0026 Quality Assurance",
    "person":
     {"first_name": "Saraswathy",
      "last_name": "(Sara) Nochur",
      "permalink": "saraswathy-sara-nochur-ph-d"}},
   {"is_past": false,
    "title": "Vice President, Pre-Clinical Development",
    "person":
     {"first_name": "Garvin",
      "last_name": "Warner",
      "permalink": "garvin-warner-ph-d"}},
   {"is_past": false,
    "title": "Board of Director",
    "person":
     {"first_name": "Paul",
      "last_name": "Schimmel",
      "permalink": "paul-schimmel-ph-d"}},
   {"is_past": false,
    "title": "Scientific Advisory Board and Founder",
    "person":
     {"first_name": "Robert",
      "last_name": "Langer",
      "permalink": "robert-langer-ph-d"}},
   {"is_past": false,
    "title": "Scientific Advisory Board and Founder",
    "person":
     {"first_name": "Thomas",
      "last_name": "Tuschl",
      "permalink": "thomas-tuschl-ph-d"}},
   {"is_past": false,
    "title": "Board of Directors",
    "person":
     {"first_name": "Victor",
      "last_name": "J. Dzau",
      "permalink": "victor-j-dzau"}},
   {"is_past": false,
    "title": "Board of Directors",
    "person":
     {"first_name": "Steven",
      "last_name": "Paul",
      "permalink": "steven-paul"}},
   {"is_past": false,
    "title": "Board of Directors",
    "person":
     {"first_name": "Vicki",
      "last_name": "L. Sato",
      "permalink": "vicki-l-sato"}},
   {"is_past": false,
    "title": "Vice President, Investor Relations and Corporate Communications",
    "person":
     {"first_name": "Cynthia",
      "last_name": "Clayton",
      "permalink": "cynthia-clayton"}},
   {"is_past": false,
    "title": "Vice President, Business Planning and Program Management",
    "person":
     {"first_name": "Susanna",
      "last_name": "High",
      "permalink": "susanna-high"}},
   {"is_past": false,
    "title": "Vice President, Research and RLD",
    "person":
     {"first_name": "Rachel",
      "last_name": "Meyers",
      "permalink": "rachel-meyers-ph-d"}},
   {"is_past": false,
    "title": "Vice President, Human Resources",
    "person":
     {"first_name": "Eric",
      "last_name": "Raichle",
      "permalink": "eric-raichle"}},
   {"is_past": false,
    "title": "Board of Director",
    "person":
     {"first_name": "Marsha",
      "last_name": "H. Fanucci",
      "permalink": "marsha-h-fanucci"}},
   {"is_past": false,
    "title": "Board of Director",
    "person":
     {"first_name": "Phillip",
      "last_name": "Sharp",
      "permalink": "phillip-sharp-ph-d"}},
   {"is_past": false,
    "title": "Scientific Advisory Board and Founder",
    "person":
     {"first_name": "Daniel",
      "last_name": "J. Rader",
      "permalink": "daniel-j-rader-m-d"}},
   {"is_past": false,
    "title": "Board of Directors",
    "person":
     {"first_name": "Dennis",
      "last_name": "Ausiello",
      "permalink": "dennis-a-ausiello"}},
   {"is_past": true,
    "title": "Co-founder \u0026 CEO",
    "person":
     {"first_name": "Christoph",
      "last_name": "Westphal",
      "permalink": "christoph-westphal-2"}},
   {"is_past": true,
    "title": "President and Chief Operating Officer",
    "person":
     {"first_name": "Barry",
      "last_name": "Greene",
      "permalink": "barry-greene-2"}},
   {"is_past": true,
    "title": "SVP, Chief Medical Officer",
    "person":
     {"first_name": "Akshay",
      "last_name": "Vaishnaw",
      "permalink": "akshay-vaishnaw"}},
   {"is_past": true,
    "title": "Chief IP counsel",
    "person":
     {"first_name": "Robert",
      "last_name": "Millman",
      "permalink": "robert-millman"}},
   {"is_past": true,
    "title": "Senior Vice-President of Research and Development",
    "person":
     {"first_name": "Thomas",
      "last_name": "R. Ulich",
      "permalink": "thomas-r-ulich"}},
   {"is_past": true,
    "title": "Vice President, Corporate Development and Operations",
    "person":
     {"first_name": "David",
      "last_name": "Konys",
      "permalink": "david-konys"}},
   {"is_past": true,
    "title": "SVP Clinical Research",
    "person":
     {"first_name": "Akshay",
      "last_name": "Vaishnaw",
      "permalink": "akshay-vaishnaw"}},
   {"is_past": true,
    "title": "Senior VP of Business Development",
    "person":
     {"first_name": "Vincent",
      "last_name": "Miles",
      "permalink": "vincent-miles"}},
   {"is_past": true,
    "title": "VP, Finance \u0026 Treasurer",
    "person":
     {"first_name": "Patricia",
      "last_name": "Allen",
      "permalink": "patricia-allen"}},
   {"is_past": true,
    "title": "VP Finance",
    "person":
     {"first_name": "David",
      "last_name": "Neafus",
      "permalink": "david-neafus"}},
   {"is_past": true,
    "title": "Board Director",
    "person":
     {"first_name": "Peter",
      "last_name": "Barrett",
      "permalink": "peter-barrett"}},
   {"is_past": true,
    "title": "Senior Director, Regulatory Affairs",
    "person":
     {"first_name": "Eric",
      "last_name": "Ruby",
      "permalink": "eric-ruby"}},
   {"is_past": true,
    "title": "Co - Founder",
    "person":
     {"first_name": "Paul",
      "last_name": "Schimmel",
      "permalink": "paul-schimmel"}},
   {"is_past": true,
    "title": "VP Clinical Research",
    "person":
     {"first_name": "Akshay",
      "last_name": "Vaishnaw",
      "permalink": "akshay-vaishnaw"}},
   {"is_past": true,
    "title": "Senior Director, Legal",
    "person":
     {"first_name": "Mary",
      "last_name": "Beth DeLena",
      "permalink": "mary-beth-delena"}},
   {"is_past": true,
    "title": "Senior Director of RNAi Lead Development",
    "person":
     {"first_name": "Rachel",
      "last_name": "Meyers",
      "permalink": "rachel-meyers-ph-d"}},
   {"is_past": true,
    "title": "General Counsel",
    "person":
     {"first_name": "Philip",
      "last_name": "Chase",
      "permalink": "philip-chase"}},
   {"is_past": true,
    "title": "Vice President, Business Development",
    "person":
     {"first_name": "Jason",
      "last_name": "Rhodes",
      "permalink": "jason-rhodes"}},
   {"is_past": true,
    "title": "VP, Research",
    "person":
     {"first_name": "Antonin",
      "last_name": "de Fougerolles",
      "permalink": "antonin-de-fougerolles"}},
   {"is_past": true,
    "title": "Senior Director, Investor Relations and Corporate Communications",
    "person":
     {"first_name": "Cynthia",
      "last_name": "Clayton",
      "permalink": "cynthia-clayton"}},
   {"is_past": true,
    "title": "Vice President, Drug Discovery",
    "person":
     {"first_name": "Muthiah",
      "last_name": "(Mano) Manoharan",
      "permalink": "muthiah-mano-manoharan-ph-d"}},
   {"is_past": true,
    "title": "Roles",
    "person":
     {"first_name": "Lubomir",
      "last_name": "(Lubo) Nechev",
      "permalink": "lubomir-lubo-nechev-ph-d"}}],
 "competitions":
  [],
 "providerships":
  [],
 "total_money_raised": "$710M",
 "funding_rounds":
  [{"id": 22145,
    "round_code": "unattributed",
    "source_url": "http://www.masshightech.com/stories/2011/03/28/daily4-Alnylam-lands-10M-pay-from-Takeda.html",
    "source_description": "Alnylam lands $10M pay from Takeda",
    "raised_amount": 10000000.0,
    "raised_currency_code": "USD",
    "funded_year": 2011,
    "funded_month": 3,
    "funded_day": 28,
    "investments":
     [{"company":
        {"name": "Takeda Pharmaceutical",
         "permalink": "takeda-pharmaceutical"},
       "financial_org": null,
       "person": null}]},
   {"id": 60889,
    "round_code": "post_ipo_equity",
    "source_url": "http://www.xconomy.com/boston/2014/01/13/alnylam-wheels-deals-and-gets-700m-investment-from-genzyme/",
    "source_description": " Alnylam Wheels, Deals, and Gets $700M Investment From Genzyme",
    "raised_amount": 700000000.0,
    "raised_currency_code": "USD",
    "funded_year": 2014,
    "funded_month": 1,
    "funded_day": 13,
    "investments":
     [{"company":
        {"name": "Genzyme",
         "permalink": "genzyme"},
       "financial_org": null,
       "person": null}]}],
 "investments":
  [],
 "acquisition": null,
 "acquisitions":
  [],
 "offices":
  [{"description": "",
    "address1": "300 Third Street",
    "address2": "3rd Floor",
    "zip_code": "02142",
    "city": "Cambridge",
    "state_code": "MA",
    "country_code": "USA",
    "latitude": null,
    "longitude": null}],
 "milestones":
  [{"id": 15584,
    "description": "promoted Akshay K. Vaishnaw, M.D., Ph.D., to the new position of chief medical officer",
    "stoned_year": 2011,
    "stoned_month": 6,
    "stoned_day": 13,
    "source_url": "http://www.masshightech.com/stories/2011/06/13/daily8-Vaishnaw-named-medical-officer-at-Alnylam.html",
    "source_text": null,
    "source_description": "Vaishnaw named medical officer at Alnylam",
    "stoneable_type": "Company",
    "stoned_value": null,
    "stoned_value_type": null,
    "stoned_acquirer": null,
    "stoneable":
     {"name": "Alnylam Pharmaceuticals",
      "permalink": "alnylam-pharmaceuticals"}},
   {"id": 25313,
    "description": "Alnylam gets $3.2M payment from Glaxo",
    "stoned_year": 2012,
    "stoned_month": 7,
    "stoned_day": 30,
    "source_url": "http://www.masshightech.com/stories/2012/07/30/daily7-Alnylam-gets-32M-payment-from-Glaxo.html",
    "source_text": "",
    "source_description": "Alnylam gets $3.2M payment from Glaxo",
    "stoneable_type": "Company",
    "stoned_value": null,
    "stoned_value_type": null,
    "stoned_acquirer": null,
    "stoneable":
     {"name": "Alnylam Pharmaceuticals",
      "permalink": "alnylam-pharmaceuticals"}},
   {"id": 26042,
    "description": "Alnylam reaps $29M harvest in new ag bio deal with Monsanto",
    "stoned_year": 2012,
    "stoned_month": 8,
    "stoned_day": 28,
    "source_url": "http://www.fiercebiotech.com/story/alnylam-reaps-29m-harvest-new-ag-bio-deal-monsanto/2012-08-28?utm_source=rss\u0026utm_medium=rss",
    "source_text": "",
    "source_description": "Alnylam reaps $29M harvest in new ag bio deal with Monsanto",
    "stoneable_type": "Company",
    "stoned_value": null,
    "stoned_value_type": null,
    "stoned_acquirer": null,
    "stoneable":
     {"name": "Alnylam Pharmaceuticals",
      "permalink": "alnylam-pharmaceuticals"}},
   {"id": 43424,
    "description": "Alnylam gets $7M milestone from Genzyme for rare disease drug",
    "stoned_year": 2013,
    "stoned_month": 11,
    "stoned_day": 27,
    "source_url": "http://www.bizjournals.com/boston/blog/bioflash/2013/11/alnylam-gets-7m-milestone-from.html?ana=RSS\u0026s=article_search\u0026utm_source=twitterfeed\u0026utm_medium=twitter",
    "source_text": "",
    "source_description": "Alnylam gets $7M milestone from Genzyme for rare disease drug",
    "stoneable_type": "Company",
    "stoned_value": null,
    "stoned_value_type": null,
    "stoned_acquirer": null,
    "stoneable":
     {"name": "Alnylam Pharmaceuticals",
      "permalink": "alnylam-pharmaceuticals"}},
   {"id": 48701,
    "description": "Alnylam closes $175M purchase of Merck subsidiary",
    "stoned_year": 2014,
    "stoned_month": 3,
    "stoned_day": 6,
    "source_url": "http://m.bizjournals.com/boston/blog/bioflash/2014/03/alnylam-closes-175m-purchase-of-merck.html?ana=e_bost_bio\u0026s=newsletter\u0026ed=2014-03-06\u0026r=full",
    "source_text": "",
    "source_description": "Alnylam closes $175M purchase of Merck subsidiary",
    "stoneable_type": "Company",
    "stoned_value": null,
    "stoned_value_type": null,
    "stoned_acquirer": null,
    "stoneable":
     {"name": "Alnylam Pharmaceuticals",
      "permalink": "alnylam-pharmaceuticals"}}],
 "ipo":
  {"valuation_amount": null,
   "valuation_currency_code": "USD",
   "pub_year": 2004,
   "pub_month": 6,
   "pub_day": 4,
   "stock_symbol": "NASDAQ:ALNY"},
 "video_embeds":
  [],
 "screenshots":
  [],
 "external_links":
  [],
 "partners":
  []}
