{"name": "Aloka",
 "permalink": "aloka",
 "crunchbase_url": "http://www.crunchbase.com/company/aloka",
 "homepage_url": "http://www.aloka.com",
 "blog_url": "",
 "blog_feed_url": "",
 "twitter_username": null,
 "category_code": null,
 "number_of_employees": null,
 "founded_year": null,
 "founded_month": null,
 "founded_day": null,
 "deadpooled_year": null,
 "deadpooled_month": null,
 "deadpooled_day": null,
 "deadpooled_url": null,
 "tag_list": "",
 "alias_list": "",
 "email_address": "inquiry@aloka.com",
 "phone_number": "800 872-5652",
 "description": "",
 "created_at": "Thu Jun 23 03:53:10 UTC 2011",
 "updated_at": "Thu Jun 23 04:05:24 UTC 2011",
 "overview": "\u003Cp\u003EAloka, the innovator in ultrasound is the longest operating ultrasound company in the world with its international headquarters located in Tokyo, Japan and U.S. headquarters in Wallingford, CT.\u003C/p\u003E",
 "image":
  {"available_sizes":
    [[[150,
       56],
      "http://api-images.crunchbase.com/assets/images/resized/0014/0630/140630v1-max-150x150.jpg"],
     [[216,
       82],
      "http://api-images.crunchbase.com/assets/images/resized/0014/0630/140630v1-max-250x250.jpg"],
     [[216,
       82],
      "http://api-images.crunchbase.com/assets/images/resized/0014/0630/140630v1-max-450x450.jpg"]],
   "attribution": null},
 "products":
  [],
 "relationships":
  [],
 "competitions":
  [],
 "providerships":
  [],
 "total_money_raised": "$0",
 "funding_rounds":
  [],
 "investments":
  [],
 "acquisition":
  {"price_amount": null,
   "price_currency_code": "USD",
   "term_code": null,
   "source_url": "http://www.masshightech.com/stories/2011/06/20/daily26-Hitachi-Medical-buys-Conn-ultrasound-firm-Aloka.html",
   "source_description": "Hitachi Medical buys Conn. ultrasound firm Aloka",
   "acquired_year": 2011,
   "acquired_month": 6,
   "acquired_day": 22,
   "acquiring_company":
    {"name": "Hitachi",
     "permalink": "hitachi"}},
 "acquisitions":
  [],
 "offices":
  [{"description": "",
    "address1": "10 Fairfield Boulevard",
    "address2": "",
    "zip_code": "06492",
    "city": "Wallingford",
    "state_code": "CT",
    "country_code": "USA",
    "latitude": null,
    "longitude": null}],
 "milestones":
  [],
 "ipo": null,
 "video_embeds":
  [],
 "screenshots":
  [{"available_sizes":
     [[[150,
        146],
       "http://api-images.crunchbase.com/assets/images/resized/0014/0632/140632v1-max-150x150.jpg"],
      [[250,
        243],
       "http://api-images.crunchbase.com/assets/images/resized/0014/0632/140632v1-max-250x250.jpg"],
      [[450,
        438],
       "http://api-images.crunchbase.com/assets/images/resized/0014/0632/140632v1-max-450x450.jpg"]],
    "attribution": null}],
 "external_links":
  [],
 "partners":
  []}
