{"name": "ALPHAThrottle.com",
 "permalink": "alphathrottle-com",
 "crunchbase_url": "http://www.crunchbase.com/company/alphathrottle-com",
 "homepage_url": "http://www.alphathrottle.co.cc",
 "blog_url": "http://www.alphathrottle.co.cc",
 "blog_feed_url": "",
 "twitter_username": null,
 "category_code": "news",
 "number_of_employees": 4,
 "founded_year": 2011,
 "founded_month": 1,
 "founded_day": 1,
 "deadpooled_year": 2012,
 "deadpooled_month": 3,
 "deadpooled_day": null,
 "deadpooled_url": "",
 "tag_list": "",
 "alias_list": null,
 "email_address": "support@alphathrottle.com",
 "phone_number": "",
 "description": "24/7 Streaming Business News",
 "created_at": "Thu Feb 24 05:45:13 UTC 2011",
 "updated_at": "Sat Sep 14 13:46:50 UTC 2013",
 "overview": "\u003Cp\u003EAlphaThrottle.com was created to alleviate the problem of information overflow in the fast paced business and financial world. Data feeds on AlphaThrottle.com are fine-tuned using a combination of expert expertise and artificially intelligent methods to bring you breaking business news coverage that have maximum impact. The AlphaThrottle engine runs 24/7 and news stories are updated every hour.\u003C/p\u003E\n\n\u003Cp\u003EAlphaThrottle.com is based in New York City and partners with industry experts and investment banking professionals to be media advisors to its founders who are currently studying \u0026amp; conducting research at Columbia University.\u003C/p\u003E",
 "image":
  {"available_sizes":
    [[[150,
       23],
      "http://api-images.crunchbase.com/assets/images/resized/0012/3713/123713v4-max-150x150.png"],
     [[250,
       39],
      "http://api-images.crunchbase.com/assets/images/resized/0012/3713/123713v4-max-250x250.png"],
     [[332,
       53],
      "http://api-images.crunchbase.com/assets/images/resized/0012/3713/123713v4-max-450x450.png"]],
   "attribution": null},
 "products":
  [],
 "relationships":
  [],
 "competitions":
  [],
 "providerships":
  [],
 "total_money_raised": "$250k",
 "funding_rounds":
  [{"id": 21609,
    "round_code": "seed",
    "source_url": "",
    "source_description": "",
    "raised_amount": 50000.0,
    "raised_currency_code": "USD",
    "funded_year": 2010,
    "funded_month": 11,
    "funded_day": 2,
    "investments":
     []},
   {"id": 21610,
    "round_code": "seed",
    "source_url": "",
    "source_description": "",
    "raised_amount": 150000.0,
    "raised_currency_code": "USD",
    "funded_year": 2011,
    "funded_month": 2,
    "funded_day": 20,
    "investments":
     []},
   {"id": 24926,
    "round_code": "angel",
    "source_url": "",
    "source_description": "",
    "raised_amount": 50000.0,
    "raised_currency_code": "USD",
    "funded_year": 2011,
    "funded_month": 8,
    "funded_day": 1,
    "investments":
     []}],
 "investments":
  [],
 "acquisition": null,
 "acquisitions":
  [],
 "offices":
  [],
 "milestones":
  [],
 "ipo": null,
 "video_embeds":
  [],
 "screenshots":
  [{"available_sizes":
     [[[150,
        81],
       "http://api-images.crunchbase.com/assets/images/resized/0012/3712/123712v2-max-150x150.jpg"],
      [[250,
        135],
       "http://api-images.crunchbase.com/assets/images/resized/0012/3712/123712v2-max-250x250.jpg"],
      [[450,
        243],
       "http://api-images.crunchbase.com/assets/images/resized/0012/3712/123712v2-max-450x450.jpg"]],
    "attribution": null},
   {"available_sizes":
     [[[25,
        150],
       "http://api-images.crunchbase.com/assets/images/resized/0015/1574/151574v2-max-150x150.png"],
      [[42,
        250],
       "http://api-images.crunchbase.com/assets/images/resized/0015/1574/151574v2-max-250x250.png"],
      [[75,
        450],
       "http://api-images.crunchbase.com/assets/images/resized/0015/1574/151574v2-max-450x450.png"]],
    "attribution": null}],
 "external_links":
  [],
 "partners":
  []}
