{"name": "Alpha Digital",
 "permalink": "alpha-digital",
 "crunchbase_url": "http://www.crunchbase.com/company/alpha-digital",
 "homepage_url": "http://alphadigital.com.au",
 "blog_url": "http://alphadigital.com.au/about/seo-blog/",
 "blog_feed_url": "http://alphadigital.com.au/feed/",
 "twitter_username": "alphadigitaloz",
 "category_code": "advertising",
 "number_of_employees": null,
 "founded_year": null,
 "founded_month": null,
 "founded_day": null,
 "deadpooled_year": null,
 "deadpooled_month": null,
 "deadpooled_day": null,
 "deadpooled_url": null,
 "tag_list": "search-engine-optimisation, seo, seo-brisbane, search-engine-marketing",
 "alias_list": null,
 "email_address": "",
 "phone_number": "(07) 3040 9988",
 "description": "SEO Company Brisbane",
 "created_at": "Mon Jul 04 17:19:43 UTC 2011",
 "updated_at": "Tue Jul 05 23:04:00 UTC 2011",
 "overview": "\u003Cp\u003EAlpha Digital are an Australian internet marketing firm focusing on search engine optimisation, search engine marketing and social media marketing services. The founders of Alpha Digital have extensive experience in the Internet industry. Alpha Digital work with leading clients on increasing exposure of their online solutions to prospective customers with a high focus on return on investment.\u003C/p\u003E",
 "image":
  {"available_sizes":
    [[[150,
       57],
      "http://api-images.crunchbase.com/assets/images/resized/0014/2404/142404v2-max-150x150.jpg"],
     [[250,
       95],
      "http://api-images.crunchbase.com/assets/images/resized/0014/2404/142404v2-max-250x250.jpg"],
     [[450,
       171],
      "http://api-images.crunchbase.com/assets/images/resized/0014/2404/142404v2-max-450x450.jpg"]],
   "attribution": null},
 "products":
  [],
 "relationships":
  [],
 "competitions":
  [{"competitor":
     {"name": "ROI.com.au",
      "permalink": "roi-com-au"}},
   {"competitor":
     {"name": "DEJAN SEO",
      "permalink": "dejan-seo"}}],
 "providerships":
  [],
 "total_money_raised": "$0",
 "funding_rounds":
  [],
 "investments":
  [],
 "acquisition": null,
 "acquisitions":
  [],
 "offices":
  [],
 "milestones":
  [],
 "ipo": null,
 "video_embeds":
  [],
 "screenshots":
  [],
 "external_links":
  [],
 "partners":
  []}
