{"name": "AlphaNation",
 "permalink": "alphanation",
 "crunchbase_url": "http://www.crunchbase.com/company/alphanation",
 "homepage_url": "http://www.alphanation.com",
 "blog_url": "",
 "blog_feed_url": "",
 "twitter_username": "alpha_nation",
 "category_code": "finance",
 "number_of_employees": 12,
 "founded_year": 2010,
 "founded_month": null,
 "founded_day": null,
 "deadpooled_year": 2013,
 "deadpooled_month": 7,
 "deadpooled_day": null,
 "deadpooled_url": "",
 "tag_list": "social-finance, social-finance-community, financial-information, online-finance, investor-personality, investing, online-investing, investing-behavior",
 "alias_list": null,
 "email_address": "jeff@alphanation.com",
 "phone_number": "",
 "description": "Online investing community",
 "created_at": "Thu Jul 14 16:20:47 UTC 2011",
 "updated_at": "Sat Sep 14 13:37:22 UTC 2013",
 "overview": "\u003Cp\u003EAlphaNation is part of a growing movement to educate, empower and liberate the individual investor.  At a time when the level of public trust in Wall Street has reached an all-time low investors are seeking alternatives to traditional approaches to investing.  The Wall Street Journal recently reported that more than a quarter of investors under age 50 have switched advisors in the past year.  Additionally, more than two-thirds of the investors polled also said they were interested in joining online investing communities.  \u003C/p\u003E\n\n\u003Cp\u003EAnd while it is true that the Internet provides real-time access to the same financial data once limited to Wall Street analysts and executives, how is the individual investor to make sense of it all?  Even more daunting, where does the first time investor go to find relevant, trustworthy information and network and learn from like-minded investors?  AlphaNation was formed to address these problems and provide a safe, easy to use, and learning-focused environment to help make your online investing experience more profitable.\u003C/p\u003E\n\n\u003Cp\u003EWhether a novice or a veteran trader, AlphaNation\u2019s open information platform helps ensure that timely, accurate and relevant information is at investors\u2019 fingertips.  By filtering content, both mainstream and social (user-generated), for relevance and accuracy AlphaNation allows investors quickly to make sense of the dizzying array of online investing resources.  AlphaNation\u2019s investor community also benefits from a proprietary methodology to link like-minded investors\u0026#8211;a proven behavioral finance approach to learning. \u003C/p\u003E\n\n\u003Cp\u003EAlphaNation offers an open and individually-controlled alternative to the traditionally closed, often intimidating, approach to investing.  The result: AlphaNation allows anyone interested in investing to access and to benefit from the growing social finance community online.  \u003C/p\u003E\n\n\u003Cp\u003ENo longer does Wall Street control your financial future.  You do. \u003C/p\u003E",
 "image":
  {"available_sizes":
    [[[150,
       82],
      "http://api-images.crunchbase.com/assets/images/resized/0014/4236/144236v4-max-150x150.png"],
     [[185,
       102],
      "http://api-images.crunchbase.com/assets/images/resized/0014/4236/144236v4-max-250x250.png"],
     [[185,
       102],
      "http://api-images.crunchbase.com/assets/images/resized/0014/4236/144236v4-max-450x450.png"]],
   "attribution": null},
 "products":
  [],
 "relationships":
  [],
 "competitions":
  [],
 "providerships":
  [],
 "total_money_raised": "$650k",
 "funding_rounds":
  [{"id": 25277,
    "round_code": "seed",
    "source_url": "",
    "source_description": "",
    "raised_amount": 150000.0,
    "raised_currency_code": "USD",
    "funded_year": 2011,
    "funded_month": 3,
    "funded_day": 1,
    "investments":
     []},
   {"id": 25278,
    "round_code": "angel",
    "source_url": "",
    "source_description": "",
    "raised_amount": 250000.0,
    "raised_currency_code": "USD",
    "funded_year": 2011,
    "funded_month": 8,
    "funded_day": 1,
    "investments":
     []},
   {"id": 27193,
    "round_code": "seed",
    "source_url": "",
    "source_description": "",
    "raised_amount": 250000.0,
    "raised_currency_code": "USD",
    "funded_year": 2011,
    "funded_month": 10,
    "funded_day": 1,
    "investments":
     []}],
 "investments":
  [],
 "acquisition": null,
 "acquisitions":
  [],
 "offices":
  [{"description": "NYC Office",
    "address1": "32 W 40th Street",
    "address2": "",
    "zip_code": "10018",
    "city": "New York",
    "state_code": "NY",
    "country_code": "USA",
    "latitude": null,
    "longitude": null}],
 "milestones":
  [],
 "ipo": null,
 "video_embeds":
  [],
 "screenshots":
  [],
 "external_links":
  [],
 "partners":
  []}
