{"name": "Altitude Digital",
 "permalink": "altitude-digital",
 "crunchbase_url": "http://www.crunchbase.com/company/altitude-digital",
 "homepage_url": "http://www.altitudedigital.com",
 "blog_url": "",
 "blog_feed_url": "",
 "twitter_username": "altitudedp",
 "category_code": "advertising",
 "number_of_employees": 55,
 "founded_year": 2009,
 "founded_month": 4,
 "founded_day": 1,
 "deadpooled_year": null,
 "deadpooled_month": null,
 "deadpooled_day": null,
 "deadpooled_url": null,
 "tag_list": "video-advertising, brand-protection, supply-side-platform, rtb, yield-managment, online-advertising, ad-network, advertising-rep-firm, online-ad-sales, cpm-networks, ad-agency",
 "alias_list": "",
 "email_address": "media@altitudedigital.com",
 "phone_number": "303-292-1414",
 "description": "video/display Supply Side Platform",
 "created_at": "Mon Mar 21 06:19:26 UTC 2011",
 "updated_at": "Mon Feb 10 10:04:00 UTC 2014",
 "overview": "\u003Cp\u003EAltitude Digital is one of the largest marketplaces in video, and online display advertising. ARENA, our open competition Supply Side Platform connects thousands of publishers with advertisers, running brand safe campaigns through its robust marketplace. We provide solutions for publishers and advertisers that guarantee transparency, brand safety and yield optimization. Founded in 2009, the company is headquartered in Denver, Colo., with offices in New York and San Francisco. \u003C/p\u003E",
 "image":
  {"available_sizes":
    [[[150,
       50],
      "http://api-images.crunchbase.com/assets/images/resized/0012/9948/129948v11-max-150x150.png"],
     [[250,
       83],
      "http://api-images.crunchbase.com/assets/images/resized/0012/9948/129948v11-max-250x250.png"],
     [[300,
       100],
      "http://api-images.crunchbase.com/assets/images/resized/0012/9948/129948v11-max-450x450.png"]],
   "attribution": null},
 "products":
  [{"name": "Altitude Arena",
    "permalink": "altitude-arena"},
   {"name": "Altitude Access",
    "permalink": "altitude-access"},
   {"name": "Altitude Apex Player",
    "permalink": "altitude-apex-player"}],
 "relationships":
  [{"is_past": false,
    "title": "CEO/Founder",
    "person":
     {"first_name": "Jeremy",
      "last_name": "Ostermiller",
      "permalink": "jeremy-ostermiller"}},
   {"is_past": false,
    "title": "Chief Video Officer",
    "person":
     {"first_name": "Joe",
      "last_name": "Salvador",
      "permalink": "joe-salvador-2"}},
   {"is_past": false,
    "title": "COO",
    "person":
     {"first_name": "Devin",
      "last_name": "Yeager",
      "permalink": "devin-yeager"}},
   {"is_past": false,
    "title": "VP, Strategic Partners",
    "person":
     {"first_name": "Cordell",
      "last_name": "BaanHofman",
      "permalink": "cordell-baanhofman"}},
   {"is_past": false,
    "title": "Head Developer",
    "person":
     {"first_name": "Mark",
      "last_name": "Warren",
      "permalink": "mark-warren"}},
   {"is_past": false,
    "title": "VP of Sales",
    "person":
     {"first_name": "John",
      "last_name": "Krosky",
      "permalink": "john-krosky"}},
   {"is_past": false,
    "title": "Director of Sales",
    "person":
     {"first_name": "Ryan",
      "last_name": "Gombeski",
      "permalink": "ryan-gombeski-2"}},
   {"is_past": true,
    "title": "VP of Video Operations",
    "person":
     {"first_name": "Kelly",
      "last_name": "Darnall",
      "permalink": "kelly-darnall"}},
   {"is_past": true,
    "title": "",
    "person":
     {"first_name": "David",
      "last_name": "Harwod",
      "permalink": "david-harwod"}},
   {"is_past": true,
    "title": "Director of Ad Operations",
    "person":
     {"first_name": "Ashley",
      "last_name": "Pazolt",
      "permalink": "ashley-pazolt"}},
   {"is_past": true,
    "title": "PR \u0026 Marketing Manager",
    "person":
     {"first_name": "Nadia",
      "last_name": "Gedeon",
      "permalink": "nadia-gedeon"}},
   {"is_past": true,
    "title": "",
    "person":
     {"first_name": "Ryan",
      "last_name": "King",
      "permalink": "ryan-king"}},
   {"is_past": true,
    "title": "Director Of Sales",
    "person":
     {"first_name": "Ryan",
      "last_name": "King",
      "permalink": "ryan-king"}},
   {"is_past": true,
    "title": "Director of Syndication",
    "person":
     {"first_name": "Brian",
      "last_name": "Allen",
      "permalink": "brian-allen"}}],
 "competitions":
  [],
 "providerships":
  [{"title": "Advertising Demand Partner",
    "is_past": false,
    "provider":
     {"name": "Tribal Fusion",
      "permalink": "tribal-fusion"}},
   {"title": "Advertising Demand Partner",
    "is_past": false,
    "provider":
     {"name": "Advertising.com",
      "permalink": "advertising-com"}},
   {"title": "Advertising Demand Partner",
    "is_past": false,
    "provider":
     {"name": "Turn",
      "permalink": "turn"}},
   {"title": "Ad Serving",
    "is_past": false,
    "provider":
     {"name": "AppNexus",
      "permalink": "appnexus"}}],
 "total_money_raised": "$5.2M",
 "funding_rounds":
  [{"id": 23860,
    "round_code": "seed",
    "source_url": "",
    "source_description": "Altitude Digital Partners Receives $1.5M Cypress Growth Capital",
    "raised_amount": 200000.0,
    "raised_currency_code": "USD",
    "funded_year": 2010,
    "funded_month": 12,
    "funded_day": 1,
    "investments":
     [{"company": null,
       "financial_org":
        {"name": "Cypress Growth Capital",
         "permalink": "cypress-growth-capital"},
       "person": null},
      {"company":
        {"name": "Funding Strategy Partners",
         "permalink": "funding-strategy-partners"},
       "financial_org": null,
       "person": null},
      {"company":
        {"name": "Funding Strategy Partner",
         "permalink": "funding-strategy-partner"},
       "financial_org": null,
       "person": null}]},
   {"id": 34681,
    "round_code": "unattributed",
    "source_url": "http://www.businesswire.com/news/home/20130108005763/en/Altitude-Digital-Secures-5-Million-Funding",
    "source_description": "Altitude Digital Secures $5 Million of Funding",
    "raised_amount": 5000000.0,
    "raised_currency_code": "USD",
    "funded_year": 2013,
    "funded_month": 1,
    "funded_day": 8,
    "investments":
     [{"company": null,
       "financial_org":
        {"name": "Mercato Partners",
         "permalink": "mercato-partners"},
       "person": null},
      {"company": null,
       "financial_org":
        {"name": "Silicon Valley Bank",
         "permalink": "silicon-valley-bank"},
       "person": null}]}],
 "investments":
  [],
 "acquisition": null,
 "acquisitions":
  [],
 "offices":
  [{"description": "Denver Office",
    "address1": "1037 Broadway Unit B",
    "address2": "",
    "zip_code": "80203",
    "city": "Denver",
    "state_code": "CO",
    "country_code": "USA",
    "latitude": null,
    "longitude": null}],
 "milestones":
  [{"id": 29112,
    "description": "Funded $5 million in venture capital to invest in growth.",
    "stoned_year": 2013,
    "stoned_month": 1,
    "stoned_day": 8,
    "source_url": "http://altitudedigitalpartners.com/blog/?p=184",
    "source_text": null,
    "source_description": "Altitude Digital Secures $5 Million of Funding",
    "stoneable_type": "Company",
    "stoned_value": null,
    "stoned_value_type": null,
    "stoned_acquirer": null,
    "stoneable":
     {"name": "Altitude Digital",
      "permalink": "altitude-digital"}},
   {"id": 43284,
    "description": "Joe Grover joins Altitude Digital as Chief Marketing Officer",
    "stoned_year": 2013,
    "stoned_month": 11,
    "stoned_day": 25,
    "source_url": "http://www.altitudedigital.com/2013/11/meet-joe-grover-altitudes-new-cmo/",
    "source_text": null,
    "source_description": "Meet Joe Grover: Altitude's new CMO",
    "stoneable_type": "Company",
    "stoned_value": null,
    "stoned_value_type": null,
    "stoned_acquirer": null,
    "stoneable":
     {"name": "Altitude Digital",
      "permalink": "altitude-digital"}}],
 "ipo": null,
 "video_embeds":
  [],
 "screenshots":
  [],
 "external_links":
  [{"external_url": "http://www.facebook.com/altitudedigital",
    "title": "Facebook"},
   {"external_url": "http://twitter.com/altitudedp",
    "title": "Twitter"},
   {"external_url": "http://www.digiday.com/etc/feedback-loop-ford-pinterest-huffpo/",
    "title": "CEO Jeremy Ostermiller in Digiday"},
   {"external_url": "http://www.mediapost.com/publications/article/149710/publishers-need-to-safeguard-their-sites.html",
    "title": "CEO Jeremy Ostermiller in MediaPost"},
   {"external_url": "http://www.mediapost.com/publications/article/148125/5-ways-to-increase-digital-ad-revenues.html",
    "title": "CEO Jeremy Ostermiller in MediaPost"},
   {"external_url": "http://mediapostpublications.com/publications/article/152297/cypress-adds-15m-to-ad-rep-altitude.html",
    "title": "Funding"},
   {"external_url": "http://www.adexchanger.com/ad-exchange-news/tuesday-03292011/",
    "title": "Ad Exchanger"},
   {"external_url": "http://www.bizjournals.com/dallas/news/2011/06/08/altitude-digital-lands-15m-financing.html",
    "title": "Dallas Business Journal, Funding"},
   {"external_url": "http://www.bizjournals.com/denver/news/2011/06/08/altitude-digital-lands-15m-financing.html",
    "title": "Denver Business Journal, Funding"},
   {"external_url": "http://www.cobizmag.com/articles/colorado-companies-to-watch-spotlight-altitude-digital-partners",
    "title": "Colorado Business Magazine"},
   {"external_url": "http://www.mediapost.com/publications/article/149710/publishers-need-to-safeguard-their-sites.html",
    "title": "CEO Jeremy Ostermiller in MediaPost"},
   {"external_url": "http://www.linkedin.com/",
    "title": "http://www.linkedin.com/company/altitude-digital"}],
 "partners":
  []}
