{"name": "Aluwave",
 "permalink": "aluwave",
 "crunchbase_url": "http://www.crunchbase.com/company/aluwave",
 "homepage_url": "http://www.aluwave.com",
 "blog_url": "",
 "blog_feed_url": "",
 "twitter_username": "Aluwave",
 "category_code": "cleantech",
 "number_of_employees": null,
 "founded_year": null,
 "founded_month": null,
 "founded_day": null,
 "deadpooled_year": null,
 "deadpooled_month": null,
 "deadpooled_day": null,
 "deadpooled_url": null,
 "tag_list": "",
 "alias_list": "",
 "email_address": "info@aluwave.com",
 "phone_number": "46-31-87-88-07",
 "description": "",
 "created_at": "Thu Mar 31 12:03:54 UTC 2011",
 "updated_at": "Thu Mar 31 13:02:03 UTC 2011",
 "overview": "\u003Cp\u003EAluwave AB is an innovative Swedish company that designs and supplies intelligent modules and lighting systems based on LED (Light Emitting Diode) technology. The foundation of Aluwave is based on the expertise in thermal management and the unique substrate system called Alunat\u00e2\u201e\u00a2.\u003C/p\u003E",
 "image":
  {"available_sizes":
    [[[150,
       37],
      "http://api-images.crunchbase.com/assets/images/resized/0012/8571/128571v1-max-150x150.jpg"],
     [[250,
       62],
      "http://api-images.crunchbase.com/assets/images/resized/0012/8571/128571v1-max-250x250.jpg"],
     [[260,
       65],
      "http://api-images.crunchbase.com/assets/images/resized/0012/8571/128571v1-max-450x450.jpg"]],
   "attribution": null},
 "products":
  [],
 "relationships":
  [],
 "competitions":
  [],
 "providerships":
  [],
 "total_money_raised": "kr10M",
 "funding_rounds":
  [{"id": 22208,
    "round_code": "unattributed",
    "source_url": "http://www.finsmes.com/2011/03/aluwave-raises-sek10m-in-equity-funding.html",
    "source_description": "Aluwave Raises SEK10M in Equity Funding",
    "raised_amount": 10000000.0,
    "raised_currency_code": "SEK",
    "funded_year": 2011,
    "funded_month": 3,
    "funded_day": 31,
    "investments":
     [{"company": null,
       "financial_org":
        {"name": "Almi Invest",
         "permalink": "almi-invest"},
       "person": null},
      {"company": null,
       "financial_org":
        {"name": "K-Svets Venture",
         "permalink": "k-svets-venture"},
       "person": null},
      {"company": null,
       "financial_org":
        {"name": "Chalmers Innovation",
         "permalink": "chalmers-innovation"},
       "person": null}]}],
 "investments":
  [],
 "acquisition": null,
 "acquisitions":
  [],
 "offices":
  [{"description": "",
    "address1": "Argongatan 28",
    "address2": "",
    "zip_code": "SE-431 53",
    "city": "M\u00c3\u2013LNDAL",
    "state_code": null,
    "country_code": "SWE",
    "latitude": null,
    "longitude": null}],
 "milestones":
  [],
 "ipo": null,
 "video_embeds":
  [],
 "screenshots":
  [{"available_sizes":
     [[[150,
        128],
       "http://api-images.crunchbase.com/assets/images/resized/0012/8572/128572v1-max-150x150.jpg"],
      [[250,
        214],
       "http://api-images.crunchbase.com/assets/images/resized/0012/8572/128572v1-max-250x250.jpg"],
      [[450,
        385],
       "http://api-images.crunchbase.com/assets/images/resized/0012/8572/128572v1-max-450x450.jpg"]],
    "attribution": null}],
 "external_links":
  [],
 "partners":
  []}
