{"name": "Amacus Sales Solution",
 "permalink": "amacus-sales-software",
 "crunchbase_url": "http://www.crunchbase.com/company/amacus-sales-software",
 "homepage_url": "http://www.amacus.net",
 "blog_url": "http://amacus.net/blog/",
 "blog_feed_url": "http://feeds.feedburner.com/innovativeinfo/eEUZ",
 "twitter_username": "jcousineau",
 "category_code": "consulting",
 "number_of_employees": null,
 "founded_year": null,
 "founded_month": null,
 "founded_day": null,
 "deadpooled_year": null,
 "deadpooled_month": null,
 "deadpooled_day": null,
 "deadpooled_url": null,
 "tag_list": "b2b-sales, sales-coaching, sales-cycle, sales-software, sales-system, sales-performance, sales-productivity, sales-leadership, sales-2-0, saas-sales-software, online-sales-software, web-sales-software, sales-assistant, amacus, innovative-info",
 "alias_list": null,
 "email_address": "",
 "phone_number": "604-264-4685",
 "description": "Amacus B2B Sales Software and Coaching.",
 "created_at": "Fri Jun 03 00:27:25 UTC 2011",
 "updated_at": "Thu Feb 23 09:52:17 UTC 2012",
 "overview": "\u003Cp\u003EGet Started! Move your Sales Performance needle with Amacus B2B Selling Solution. Sales Innovation requires Sales Leadership. At Innovative Info we\u0026#8217;ve had the privilege of increasing sales performance for Fortune 1000, Public Agencies and Small \u0026amp; Medium sized business. Contact us if you are ready to increase sales productivity and leadership in your team. Visit amacus.net today to schedule your demo of Amacus. Getting started is as easy as 1 - 2 - 3. \u003C/p\u003E",
 "image":
  {"available_sizes":
    [[[121,
       150],
      "http://api-images.crunchbase.com/assets/images/resized/0013/7533/137533v2-max-150x150.jpg"],
     [[125,
       154],
      "http://api-images.crunchbase.com/assets/images/resized/0013/7533/137533v2-max-250x250.jpg"],
     [[125,
       154],
      "http://api-images.crunchbase.com/assets/images/resized/0013/7533/137533v2-max-450x450.jpg"]],
   "attribution": null},
 "products":
  [],
 "relationships":
  [],
 "competitions":
  [],
 "providerships":
  [],
 "total_money_raised": "$0",
 "funding_rounds":
  [],
 "investments":
  [],
 "acquisition": null,
 "acquisitions":
  [],
 "offices":
  [],
 "milestones":
  [],
 "ipo": null,
 "video_embeds":
  [],
 "screenshots":
  [],
 "external_links":
  [],
 "partners":
  []}
