{"name": "AMAX Information Technologies Inc",
 "permalink": "amax-information-technologies-inc",
 "crunchbase_url": "http://www.crunchbase.com/company/amax-information-technologies-inc",
 "homepage_url": null,
 "blog_url": null,
 "blog_feed_url": null,
 "twitter_username": null,
 "category_code": null,
 "number_of_employees": null,
 "founded_year": null,
 "founded_month": null,
 "founded_day": null,
 "deadpooled_year": null,
 "deadpooled_month": null,
 "deadpooled_day": null,
 "deadpooled_url": null,
 "tag_list": "rackmount-servers, storage-servers, computing-clusters, high-performance-computing-clusters, hpc, gpu, gpgpu, big-data, cloud-computing, data-center, oem-appliance-manufacturing, x86-server-appliances, hadoop, ocp, open-compute",
 "alias_list": null,
 "email_address": null,
 "phone_number": null,
 "description": null,
 "created_at": "Mon Apr 25 23:56:12 UTC 2011",
 "updated_at": "Mon Mar 17 22:58:39 UTC 2014",
 "overview": "\u003Cp\u003EFounded in 1979, AMAX specializes in engineering and manufacturing custom Cluster, Server and Storage solutions in North America.  Headquartered in Fremont, CA, AMAX also operates several ISO:9001 certified and UL approved branch offices throughout North America and multiple locations in China servicing the APAC region.  AMAX\u2019s expertise drives two key divisions that deliver customized computing solutions to a wide range of industries:  AMAX\u2019s Appliance Manufacturing Division provides efficient and top-of-the-line manufacturing solutions and global logistics to OEM customers while AMAX\u2019s Enterprise \u0026amp; High Performance Computing division provides scalable solutions specifically designed for HPC clusters, Hadoop Big Data Analytics, Workload Consolidation, and Cloud Connectivity.  AMAX acts as the technology consultant and manufacturer for many national labs, research universities and Fortune 100 \u0026amp; 1000 companies in the world.\u003C/p\u003E",
 "image":
  {"available_sizes":
    [[[150,
       40],
      "http://api-images.crunchbase.com/assets/images/resized/0043/6163/436163v2-max-150x150.png"],
     [[200,
       54],
      "http://api-images.crunchbase.com/assets/images/resized/0043/6163/436163v2-max-250x250.png"],
     [[200,
       54],
      "http://api-images.crunchbase.com/assets/images/resized/0043/6163/436163v2-max-450x450.png"]],
   "attribution": null},
 "products":
  [],
 "relationships":
  [{"is_past": false,
    "title": "CEO",
    "person":
     {"first_name": "Jerry",
      "last_name": "Shih",
      "permalink": "jerry-shih"}},
   {"is_past": false,
    "title": "Senior VP of Finance",
    "person":
     {"first_name": "Jay",
      "last_name": "Ni",
      "permalink": "jay-ni"}},
   {"is_past": false,
    "title": "VP of Operations",
    "person":
     {"first_name": "Allen",
      "last_name": "Lee",
      "permalink": "allen-lee"}},
   {"is_past": false,
    "title": "President",
    "person":
     {"first_name": "Jean",
      "last_name": "Shih",
      "permalink": "jean-shih"}},
   {"is_past": true,
    "title": "Group Manager, Server and OEM Division",
    "person":
     {"first_name": "Eren",
      "last_name": "Niazi",
      "permalink": "eren-niazi"}}],
 "competitions":
  [],
 "providerships":
  [],
 "total_money_raised": "$0",
 "funding_rounds":
  [],
 "investments":
  [],
 "acquisition": null,
 "acquisitions":
  [],
 "offices":
  [{"description": "Headquarters",
    "address1": "1565 Reliance Way",
    "address2": "",
    "zip_code": "95116",
    "city": "Fremont",
    "state_code": "CA",
    "country_code": "USA",
    "latitude": 37.5010679,
    "longitude": -121.933221},
   {"description": "Texas Branch",
    "address1": "850 North Dorothy",
    "address2": "Suite 516",
    "zip_code": "75081",
    "city": "Richardson",
    "state_code": "TX",
    "country_code": "USA",
    "latitude": 32.957621,
    "longitude": -96.721784}],
 "milestones":
  [{"id": 35846,
    "description": "AMAX Marketing team awarded 2013 Marketing Department of the Year by the Stevie Awards",
    "stoned_year": 2013,
    "stoned_month": 6,
    "stoned_day": 24,
    "source_url": "https://www.amax.com/about/PressDetail.asp?news_id=20130624001",
    "source_text": null,
    "source_description": "AMAX Honored as GOLD Stevie\u00ae Award Winner in 2013 American Business Awards",
    "stoneable_type": "Company",
    "stoned_value": null,
    "stoned_value_type": null,
    "stoned_acquirer": null,
    "stoneable":
     {"name": "AMAX Information Technologies Inc",
      "permalink": "amax-information-technologies-inc"}},
   {"id": 35847,
    "description": "Official Solutions Provider of the Open Compute Project (OCP)",
    "stoned_year": 2013,
    "stoned_month": 5,
    "stoned_day": 6,
    "source_url": "https://www.amax.com/about/PressDetail.asp?news_id=20130506001",
    "source_text": null,
    "source_description": "AMAX Named Member \u0026 Official Solutions Provider of the Open Compute Project Foundation",
    "stoneable_type": "Company",
    "stoned_value": null,
    "stoned_value_type": null,
    "stoned_acquirer": null,
    "stoneable":
     {"name": "AMAX Information Technologies Inc",
      "permalink": "amax-information-technologies-inc"}}],
 "ipo": null,
 "video_embeds":
  [{"embed_code": "\u003Ciframe width=\"430\" height=\"315\" src=\"//www.youtube.com/embed/8Vie5-uD-wo\" frameborder=\"0\" allowfullscreen\u003E\u003C/iframe\u003E",
    "description": "\u003Cp\u003EAMAX - Engineering Excellence\u003C/p\u003E"},
   {"embed_code": "\u003Ciframe width=\"430\" height=\"315\" src=\"//www.youtube.com/embed/mVZZN-ZSnf8?list=PL9W23GISn9oSWxrMYDlpQY-LyR-lm163x\" frameborder=\"0\" allowfullscreen\u003E\u003C/iframe\u003E",
    "description": "\u003Cp\u003EYou Down with O.C.P.\u003C/p\u003E"}],
 "screenshots":
  [{"available_sizes":
     [[[150,
        97],
       "http://api-images.crunchbase.com/assets/images/resized/0022/9336/229336v2-max-150x150.jpg"],
      [[250,
        162],
       "http://api-images.crunchbase.com/assets/images/resized/0022/9336/229336v2-max-250x250.jpg"],
      [[450,
        292],
       "http://api-images.crunchbase.com/assets/images/resized/0022/9336/229336v2-max-450x450.jpg"]],
    "attribution": null}],
 "external_links":
  [{"external_url": "http://www.datanami.com/datanami/2012-09-14/this_week_s_big_data_big_five.html?page=3",
    "title": "This Week's Big Data Big Five"},
   {"external_url": "http://it.tmcnet.com/topics/it/articles/2012/07/30/300954-amax-system-manufacturer-with-serious-value-add.htm",
    "title": "AMAX: The System Manufacturer with Serious Value Add"},
   {"external_url": "http://it.tmcnet.com/channels/cloud-communications/articles/178750-amax-offers-appliance-series-ease-public-cloud-anxiety.htm",
    "title": "AMAX Offers Appliance Series to Ease Public Cloud Anxiety for the SMB"}],
 "partners":
  []}
