{"name": "Amazing Comfort Air Conditioning \u0026 Heating Service",
 "permalink": "amazing-comfort-air-conditioning-heating-service",
 "crunchbase_url": "http://www.crunchbase.com/company/amazing-comfort-air-conditioning-heating-service",
 "homepage_url": "http://amazingcomfort.net",
 "blog_url": "",
 "blog_feed_url": "",
 "twitter_username": null,
 "category_code": "other",
 "number_of_employees": null,
 "founded_year": null,
 "founded_month": null,
 "founded_day": null,
 "deadpooled_year": null,
 "deadpooled_month": null,
 "deadpooled_day": null,
 "deadpooled_url": null,
 "tag_list": "air-conditioning-repair-service, air-duct-cleaning-service, hvac-contractor, air-conditioning-contractor, air-conditioning-systems, air-conditioning-and-heating-systems, air-conditioning-repair",
 "alias_list": null,
 "email_address": "Michaelcuilla@att.net",
 "phone_number": "(972) 275-9905",
 "description": "Air Conditioning Repair Service",
 "created_at": "Fri Apr 15 07:37:23 UTC 2011",
 "updated_at": "Fri Apr 22 01:02:41 UTC 2011",
 "overview": "\u003Cp\u003EAir conditioning heating service in Dallas TX. \nAmazing Comfort offers superior residential and commercial contractor service around the clock, every day of the year. We\u00e2\u20ac\u2122re here for you 24/7 365.\u003C/p\u003E",
 "image":
  {"available_sizes":
    [[[150,
       31],
      "http://api-images.crunchbase.com/assets/images/resized/0013/1023/131023v2-max-150x150.png"],
     [[170,
       36],
      "http://api-images.crunchbase.com/assets/images/resized/0013/1023/131023v2-max-250x250.png"],
     [[170,
       36],
      "http://api-images.crunchbase.com/assets/images/resized/0013/1023/131023v2-max-450x450.png"]],
   "attribution": null},
 "products":
  [],
 "relationships":
  [],
 "competitions":
  [],
 "providerships":
  [],
 "total_money_raised": "$0",
 "funding_rounds":
  [],
 "investments":
  [],
 "acquisition": null,
 "acquisitions":
  [],
 "offices":
  [{"description": "Air Conditioning",
    "address1": "4137 County Road 920",
    "address2": "",
    "zip_code": "76036",
    "city": "Crowley",
    "state_code": "TX",
    "country_code": "USA",
    "latitude": null,
    "longitude": null}],
 "milestones":
  [],
 "ipo": null,
 "video_embeds":
  [],
 "screenshots":
  [],
 "external_links":
  [],
 "partners":
  []}
