{"name": "0958572 B.C. Ltd.",
 "permalink": "0958572-b-c-ltd",
 "crunchbase_url": "http://www.crunchbase.com/company/0958572-b-c-ltd",
 "homepage_url": null,
 "blog_url": null,
 "blog_feed_url": null,
 "twitter_username": null,
 "category_code": null,
 "number_of_employees": null,
 "founded_year": null,
 "founded_month": null,
 "founded_day": null,
 "deadpooled_year": null,
 "deadpooled_month": null,
 "deadpooled_day": null,
 "deadpooled_url": null,
 "tag_list": null,
 "alias_list": null,
 "email_address": null,
 "phone_number": null,
 "description": null,
 "created_at": "Tue Mar 18 23:54:59 UTC 2014",
 "updated_at": "Wed Mar 19 09:16:44 UTC 2014",
 "overview": null,
 "image": null,
 "products":
  [],
 "relationships":
  [],
 "competitions":
  [],
 "providerships":
  [],
 "total_money_raised": "$0",
 "funding_rounds":
  [],
 "investments":
  [],
 "acquisition":
  {"price_amount": 9000000.0,
   "price_currency_code": "USD",
   "term_code": "stock",
   "source_url": "",
   "source_description": "",
   "acquired_year": 2012,
   "acquired_month": 2,
   "acquired_day": 2,
   "acquiring_company":
    {"name": "ATLAS Intellectual Property Management Co.",
     "permalink": "atlas-intellectual-property-management-co"}},
 "acquisitions":
  [],
 "offices":
  [],
 "milestones":
  [],
 "ipo": null,
 "video_embeds":
  [],
 "screenshots":
  [],
 "external_links":
  [],
 "partners":
  []}
