{"name": "1 Only Bat",
 "permalink": "1-only-bat",
 "crunchbase_url": "http://www.crunchbase.com/company/1-only-bat",
 "homepage_url": "http://1onlybat.bigcartel.com",
 "blog_url": "",
 "blog_feed_url": "",
 "twitter_username": "1onlybat",
 "category_code": "sports",
 "number_of_employees": null,
 "founded_year": 2013,
 "founded_month": 7,
 "founded_day": 12,
 "deadpooled_year": null,
 "deadpooled_month": null,
 "deadpooled_day": null,
 "deadpooled_url": null,
 "tag_list": "baseball, bat, ball, customized, personalized, collectable, collectible, sports, player, 34-inch, 31-oz",
 "alias_list": null,
 "email_address": "office@1onlybat.com",
 "phone_number": "",
 "description": "Customized baseball bats",
 "created_at": "Fri Mar 28 09:29:52 UTC 2014",
 "updated_at": "Sat Mar 29 20:20:39 UTC 2014",
 "overview": "\u003Cp\u003E\u0026#8220;1 Only Bat\u0026#8221; is a company created with insentive to distinct from the mass production baseball makers and give a personal touch to each bat and ball providing customized and personalized items. The baseball bats and balls are hand painted using airbrush and are ment to gain collectible value over the years as each bat is \u0026#8220;1 ONLY\u0026#8221; (unique)\u003C/p\u003E",
 "image":
  {"available_sizes":
    [[[150,
       24],
      "http://api-images.crunchbase.com/assets/images/resized/0044/5141/445141v2-max-150x150.png"],
     [[250,
       41],
      "http://api-images.crunchbase.com/assets/images/resized/0044/5141/445141v2-max-250x250.png"],
     [[450,
       73],
      "http://api-images.crunchbase.com/assets/images/resized/0044/5141/445141v2-max-450x450.png"]],
   "attribution": null},
 "products":
  [],
 "relationships":
  [{"is_past": false,
    "title": "Founder",
    "person":
     {"first_name": "Bobby",
      "last_name": "Petroff",
      "permalink": "bobby-petroff"}}],
 "competitions":
  [],
 "providerships":
  [],
 "total_money_raised": "$0",
 "funding_rounds":
  [],
 "investments":
  [],
 "acquisition": null,
 "acquisitions":
  [],
 "offices":
  [],
 "milestones":
  [],
 "ipo": null,
 "video_embeds":
  [],
 "screenshots":
  [{"available_sizes":
     [[[150,
        84],
       "http://api-images.crunchbase.com/assets/images/resized/0044/5140/445140v2-max-150x150.jpg"],
      [[250,
        140],
       "http://api-images.crunchbase.com/assets/images/resized/0044/5140/445140v2-max-250x250.jpg"],
      [[450,
        252],
       "http://api-images.crunchbase.com/assets/images/resized/0044/5140/445140v2-max-450x450.jpg"]],
    "attribution": null}],
 "external_links":
  [],
 "partners":
  []}
