{"name": "1 Phone",
 "permalink": "1-phone",
 "crunchbase_url": "http://www.crunchbase.com/company/1-phone",
 "homepage_url": "http://1phoneapp.com",
 "blog_url": "",
 "blog_feed_url": "",
 "twitter_username": "1phoneapp",
 "category_code": "mobile",
 "number_of_employees": 10,
 "founded_year": 2014,
 "founded_month": null,
 "founded_day": null,
 "deadpooled_year": null,
 "deadpooled_month": null,
 "deadpooled_day": null,
 "deadpooled_url": null,
 "tag_list": "business-travelers, mobile, travel, unifed-communications",
 "alias_list": "",
 "email_address": "",
 "phone_number": "",
 "description": "Skype using your mobile phone number",
 "created_at": "Thu Mar 20 11:15:41 UTC 2014",
 "updated_at": "Thu Mar 20 11:15:40 UTC 2014",
 "overview": "\u003Cp\u003EOur mobile phone applications help international travelers receive all their calls on their own cellphone number when they are abroad, without racking up mobile roaming charges or needing both callers to have the same app. We also help people rent a local number while traveling and have all their phone numbers ring on 1 Phone. Customers will never miss another call or worry about outrageous roaming charges while traveling! Like Viber but without the need for App to App calling.\nCustomers: \n\u2022 1 Billion travelers worldwide \n\u2022 International travelers visiting the U.S. (67 million). \n\u2022 Foreign born residents and expatriates living in the U.S. with family and friends abroad (40 million). \n\u2022 Cost conscious consumers who want an inexpensive pay-as-you-go plan without a contract and credit check. \n\u2022 Business executives who commonly call abroad using their cell phones.\u003C/p\u003E",
 "image":
  {"available_sizes":
    [[[150,
       41],
      "http://api-images.crunchbase.com/assets/images/resized/0043/8551/438551v1-max-150x150.png"],
     [[233,
       64],
      "http://api-images.crunchbase.com/assets/images/resized/0043/8551/438551v1-max-250x250.png"],
     [[233,
       64],
      "http://api-images.crunchbase.com/assets/images/resized/0043/8551/438551v1-max-450x450.png"]],
   "attribution": null},
 "products":
  [],
 "relationships":
  [{"is_past": false,
    "title": "Founder",
    "person":
     {"first_name": "Marcos",
      "last_name": "Cunha",
      "permalink": "marcos-cunha"}}],
 "competitions":
  [],
 "providerships":
  [],
 "total_money_raised": "$0",
 "funding_rounds":
  [],
 "investments":
  [],
 "acquisition": null,
 "acquisitions":
  [],
 "offices":
  [],
 "milestones":
  [],
 "ipo": null,
 "video_embeds":
  [],
 "screenshots":
  [{"available_sizes":
     [[[150,
        79],
       "http://api-images.crunchbase.com/assets/images/resized/0043/8550/438550v1-max-150x150.png"],
      [[250,
        131],
       "http://api-images.crunchbase.com/assets/images/resized/0043/8550/438550v1-max-250x250.png"],
      [[450,
        237],
       "http://api-images.crunchbase.com/assets/images/resized/0043/8550/438550v1-max-450x450.png"]],
    "attribution": null}],
 "external_links":
  [],
 "partners":
  [{"partner_name": "angel_list",
    "homepage_url": "http://1phoneapp.com",
    "link_1_url": "https://angel.co/1-phone",
    "link_2_url": "https://angel.co/1-phone/jobs?utc_source=crunchbase\u0026amp;utm_campaign=crunchbase\u0026amp;utm_content=jobs\u0026amp;utm_medium=link\u0026amp;utm_term=1-phone",
    "link_3_url": null,
    "link_1_name": "AngelList Page",
    "link_2_name": "Hiring: Digital Marketing, PR",
    "link_3_name": null}]}
