{"name": "12 Month Payday Loans for Unemployed - loansforunemployedgb.co.uk",
 "permalink": "12-month-payday-loans-for-unemployed-loansforunemployedgb-co-uk",
 "crunchbase_url": "http://www.crunchbase.com/company/12-month-payday-loans-for-unemployed-loansforunemployedgb-co-uk",
 "homepage_url": "http://www.loansforunemployedgb.co.uk/payday-loans-for-unemployed.html",
 "blog_url": "http://www.loansforunemployedgb.co.uk/payday-loans-for-unemployed.html",
 "blog_feed_url": "http://www.loansforunemployedgb.co.uk/payday-loans-for-unemployed.html",
 "twitter_username": "frankmiller444",
 "category_code": null,
 "number_of_employees": 50,
 "founded_year": null,
 "founded_month": null,
 "founded_day": null,
 "deadpooled_year": null,
 "deadpooled_month": null,
 "deadpooled_day": null,
 "deadpooled_url": null,
 "tag_list": "12-month-payday-loans-for-unemployed, no-credit-check-payday-loans-for-unemployed-people, payday-loans-for-unemployed, payday-loans-for-unemployed-bad-credit",
 "alias_list": null,
 "email_address": "frankmiller444@gmail.com",
 "phone_number": "09714353639",
 "description": "",
 "created_at": "Tue Apr 08 11:29:30 UTC 2014",
 "updated_at": "Tue Apr 08 23:16:01 UTC 2014",
 "overview": "\u003Cp\u003EPeople mostly get irritated at times when they do not have sufficient amount of cash with them for which they fail to meet the unexpected expenses. Meanwhile if individual is facing the problem of bad credit which will be a matter of tension for them. But now to help these people lenders have tailored 12 month payday loans for unemployed @ http://www.loansforunemployedgb.co.uk/payday-loans-for-unemployed.html . In this individual waiting to much can get the approval of it very quickly. It helps in incurring the urgent requirements of the individual.\u003C/p\u003E\n\n\u003Cp\u003EUnder this one can get money up to \u00a31500 for a period of month .As the name implies one can  get money without any credit checking. People irrespective of their credit score can avail money through this. All sorts of the credit issues are acceptable by lenders. It is short term in nature for which people can solve their short and small need of money .it helps in saving people from getting any stress at time of emergency when they require money. In this one can get money without doing any pledging of collateral against money by which people do not have to take any tension of submission security against money.\u003C/p\u003E\n\n\u003Cp\u003Ethe inertest charged on it is bit high for which it is advisable to people to repay the amount to lender in time .delay in repay leads to people to pay extra charge of money as penalty .toady many people are taking its help to get instant cash for which they have to fulfill certain eligibility like applicant must be a permanent citizen of UK, must be an adult ,must be engaged in some job where they can earn money regularly, and must have got a valid checking account by which there will be no problem in transfer of money.\u003C/p\u003E\n\n\u003Cp\u003EToday it became possible for people to get money through  no credit check payday loans for unemployed people @ http://www.loansforunemployedgb.co.uk/payday-loans-for-unemployed.html with the help of online facilities as most of the companies and lenders are providing the online service to people with the help of this people all over the world contact them easily and get money to get out of the situation of scarcity of money in case of nay unexpected expenditure. In this applicant just have to fill an application form with information about individual personal details and employment .Then it is too be submitted with lender for approval which only takes a few seconds by lenders after which no time money is transferred to borrowers account. Money availed through this helps solve their problem of less money or no money.\u003C/p\u003E\n\n\u003Cp\u003ESummary\u003C/p\u003E\n\n\u003Cp\u003EFrank Miller is a good writer and financial adviser on the loan related issues, For further information about  12 month payday loans for unemployed, no credit check payday loans for unemployed people,payday loans for unemployed,payday loans for unemployed bad credit  please visit \u003C/p\u003E\n\n\u003Cp\u003Ehttp://www.loansforunemployedgb.co.uk/payday-loans-for-unemployed.html\u003C/p\u003E",
 "image":
  {"available_sizes":
    [[[146,
       150],
      "http://api-images.crunchbase.com/assets/images/resized/0045/1633/451633v2-max-150x150.png"],
     [[243,
       250],
      "http://api-images.crunchbase.com/assets/images/resized/0045/1633/451633v2-max-250x250.png"],
     [[271,
       278],
      "http://api-images.crunchbase.com/assets/images/resized/0045/1633/451633v2-max-450x450.png"]],
   "attribution": null},
 "products":
  [],
 "relationships":
  [],
 "competitions":
  [],
 "providerships":
  [],
 "total_money_raised": "$0",
 "funding_rounds":
  [],
 "investments":
  [],
 "acquisition": null,
 "acquisitions":
  [],
 "offices":
  [],
 "milestones":
  [],
 "ipo": null,
 "video_embeds":
  [],
 "screenshots":
  [],
 "external_links":
  [],
 "partners":
  []}
