{"name": "120 Edmund Street",
 "permalink": "120-edmund-street",
 "crunchbase_url": "http://www.crunchbase.com/company/120-edmund-street",
 "homepage_url": "http://www.120edmundst.com",
 "blog_url": "",
 "blog_feed_url": "",
 "twitter_username": null,
 "category_code": "real_estate",
 "number_of_employees": null,
 "founded_year": null,
 "founded_month": null,
 "founded_day": null,
 "deadpooled_year": null,
 "deadpooled_month": null,
 "deadpooled_day": null,
 "deadpooled_url": null,
 "tag_list": "",
 "alias_list": null,
 "email_address": "",
 "phone_number": "",
 "description": "Office space to rent in Birmingham",
 "created_at": "Wed Mar 19 13:34:37 UTC 2014",
 "updated_at": "Tue Mar 25 00:14:54 UTC 2014",
 "overview": "\u003Cp\u003EOffice space to rent in the centre of Birmingham.\u003C/p\u003E\n\n\u003Cp\u003E120 Edmund Street has quality office space available to rent from 16,500 sq ft, on Floor 7, to 17,600 sq ft, on Floor 6.\u003C/p\u003E\n\n\u003Cp\u003EFor open plan office space in the heart of Birmingham check out 120 Edmund Street.\u003C/p\u003E",
 "image":
  {"available_sizes":
    [[[150,
       70],
      "http://api-images.crunchbase.com/assets/images/resized/0043/7765/437765v2-max-150x150.png"],
     [[188,
       88],
      "http://api-images.crunchbase.com/assets/images/resized/0043/7765/437765v2-max-250x250.png"],
     [[188,
       88],
      "http://api-images.crunchbase.com/assets/images/resized/0043/7765/437765v2-max-450x450.png"]],
   "attribution": null},
 "products":
  [],
 "relationships":
  [],
 "competitions":
  [{"competitor":
     {"name": "Birmingham Business Park",
      "permalink": "birmingham-business-park"}}],
 "providerships":
  [],
 "total_money_raised": "$0",
 "funding_rounds":
  [],
 "investments":
  [],
 "acquisition": null,
 "acquisitions":
  [],
 "offices":
  [],
 "milestones":
  [],
 "ipo": null,
 "video_embeds":
  [],
 "screenshots":
  [],
 "external_links":
  [],
 "partners":
  []}
