{"name": "123dressme",
 "permalink": "123dressme",
 "crunchbase_url": "http://www.crunchbase.com/company/123dressme",
 "homepage_url": "http://123dressme.com/#contact",
 "blog_url": "",
 "blog_feed_url": "",
 "twitter_username": "123dressme",
 "category_code": "web",
 "number_of_employees": 10,
 "founded_year": 2011,
 "founded_month": null,
 "founded_day": null,
 "deadpooled_year": null,
 "deadpooled_month": null,
 "deadpooled_day": null,
 "deadpooled_url": null,
 "tag_list": "",
 "alias_list": "",
 "email_address": "Info@123dressme.com",
 "phone_number": "+31 6 26725301",
 "description": "",
 "created_at": "Thu Mar 13 11:43:39 UTC 2014",
 "updated_at": "Thu Mar 13 12:14:30 UTC 2014",
 "overview": "\u003Cp\u003E123dressme is a mobile application that operates as a personal mobile closet visualizer helping\u00a0users create their everyday outfits. It provides users with a complete overview of their wardrobe and easy access to the latest trends.\u003C/p\u003E\n\n\u003Cp\u003E123dressme allows users to compose new ensembles daily, simply spin through their wardrobe with 123dressme\u2019s photographic style compass, selecting each signature piece for their unique look. The style compass provides a convenient way to mix and match old items with new items fresh from the latest collections.\u003C/p\u003E\n\n\u003Cp\u003E123dressme provides brands and retailers with an interactive mobile channel to highlight new collections in an intuitive manner. It helps consumers find and select new items that\u00a0match them with their wardrobe, and purchase items directly via mobile or find the nearest stock.\u003C/p\u003E",
 "image":
  {"available_sizes":
    [[[150,
       150],
      "http://api-images.crunchbase.com/assets/images/resized/0043/3786/433786v1-max-150x150.png"],
     [[160,
       160],
      "http://api-images.crunchbase.com/assets/images/resized/0043/3786/433786v1-max-250x250.png"],
     [[160,
       160],
      "http://api-images.crunchbase.com/assets/images/resized/0043/3786/433786v1-max-450x450.png"]],
   "attribution": null},
 "products":
  [],
 "relationships":
  [{"is_past": false,
    "title": "Founder",
    "person":
     {"first_name": "Cristina",
      "last_name": "Stoian",
      "permalink": "cristina-stoian"}}],
 "competitions":
  [],
 "providerships":
  [],
 "total_money_raised": "$0",
 "funding_rounds":
  [],
 "investments":
  [],
 "acquisition": null,
 "acquisitions":
  [],
 "offices":
  [{"description": "",
    "address1": "Science Park 402, 1018NN",
    "address2": "",
    "zip_code": "",
    "city": "Amsterdam",
    "state_code": null,
    "country_code": "NLD",
    "latitude": null,
    "longitude": null}],
 "milestones":
  [],
 "ipo": null,
 "video_embeds":
  [],
 "screenshots":
  [],
 "external_links":
  [{"external_url": "https://www.facebook.com/123dressme",
    "title": "Facebook"}],
 "partners":
  [{"partner_name": "romanian_startups",
    "homepage_url": "unknown",
    "link_1_url": "http://www.romanianstartups.com/startup/123dressme",
    "link_2_url": null,
    "link_3_url": null,
    "link_1_name": "romanian_startups Page",
    "link_2_name": null,
    "link_3_name": null}]}
