{"name": "1roof",
 "permalink": "1roof",
 "crunchbase_url": "http://www.crunchbase.com/company/1roof",
 "homepage_url": null,
 "blog_url": "",
 "blog_feed_url": "",
 "twitter_username": null,
 "category_code": "social",
 "number_of_employees": null,
 "founded_year": null,
 "founded_month": null,
 "founded_day": null,
 "deadpooled_year": null,
 "deadpooled_month": null,
 "deadpooled_day": null,
 "deadpooled_url": null,
 "tag_list": "",
 "alias_list": null,
 "email_address": "",
 "phone_number": "",
 "description": "Find sole traders you can trust",
 "created_at": "Sun Apr 06 09:32:20 UTC 2014",
 "updated_at": "Tue Apr 08 10:12:08 UTC 2014",
 "overview": "\u003Cp\u003E1roof is an online platform which helps the public by providing sole traders with the ability to better promote and manage their business. \u003C/p\u003E\n\n\u003Cp\u003EEveryone knows how difficult getting small residential building work is: How to find a suitable tradesman? How to manage the work? How to trust the result? \u003C/p\u003E\n\n\u003Cp\u003E1roof solves these problems by empowering the individual. It provides sole traders with marketing capability, a customer service team and administrative support, without the overheads and inflexibility of a company structure. \u003C/p\u003E",
 "image":
  {"available_sizes":
    [[[150,
       103],
      "http://api-images.crunchbase.com/assets/images/resized/0045/0123/450123v4-max-150x150.jpg"],
     [[250,
       173],
      "http://api-images.crunchbase.com/assets/images/resized/0045/0123/450123v4-max-250x250.jpg"],
     [[315,
       218],
      "http://api-images.crunchbase.com/assets/images/resized/0045/0123/450123v4-max-450x450.jpg"]],
   "attribution": null},
 "products":
  [],
 "relationships":
  [],
 "competitions":
  [],
 "providerships":
  [],
 "total_money_raised": "$0",
 "funding_rounds":
  [],
 "investments":
  [],
 "acquisition": null,
 "acquisitions":
  [],
 "offices":
  [],
 "milestones":
  [],
 "ipo": null,
 "video_embeds":
  [],
 "screenshots":
  [],
 "external_links":
  [],
 "partners":
  []}
