{"name": "2 College Square",
 "permalink": "2-college-square",
 "crunchbase_url": "http://www.crunchbase.com/company/2-college-square",
 "homepage_url": "http://www.2collegesquare.co.uk",
 "blog_url": "",
 "blog_feed_url": "",
 "twitter_username": null,
 "category_code": "real_estate",
 "number_of_employees": null,
 "founded_year": null,
 "founded_month": null,
 "founded_day": null,
 "deadpooled_year": null,
 "deadpooled_month": null,
 "deadpooled_day": null,
 "deadpooled_url": null,
 "tag_list": "bristol, office-space, commercial-property, to-let, for-rent, business-space, harbourside",
 "alias_list": null,
 "email_address": "",
 "phone_number": "",
 "description": "Quality office space to rent",
 "created_at": "Thu Mar 13 14:54:13 UTC 2014",
 "updated_at": "Thu Mar 13 17:28:59 UTC 2014",
 "overview": "\u003Cp\u003E2 College Square offers the highest quality office accommodation, whilst being located in the heart Bristol with the finest amenity on its doorstep.\u003C/p\u003E\n\n\u003Cp\u003E2 College Square is a grade A, open plan, office building in Bristol\u0026#8217;s Harbourside complex. Offering space to rent up to 19,670 sq ft, 2 College Square provide quality office space in a popular area.\u003C/p\u003E",
 "image":
  {"available_sizes":
    [[[150,
       47],
      "http://api-images.crunchbase.com/assets/images/resized/0043/3839/433839v2-max-150x150.png"],
     [[250,
       78],
      "http://api-images.crunchbase.com/assets/images/resized/0043/3839/433839v2-max-250x250.png"],
     [[325,
       102],
      "http://api-images.crunchbase.com/assets/images/resized/0043/3839/433839v2-max-450x450.png"]],
   "attribution": null},
 "products":
  [],
 "relationships":
  [],
 "competitions":
  [],
 "providerships":
  [],
 "total_money_raised": "$0",
 "funding_rounds":
  [],
 "investments":
  [],
 "acquisition": null,
 "acquisitions":
  [],
 "offices":
  [],
 "milestones":
  [],
 "ipo": null,
 "video_embeds":
  [],
 "screenshots":
  [],
 "external_links":
  [],
 "partners":
  []}
