{"name": "21st Century Insurance",
 "permalink": "21st-century-insurance",
 "crunchbase_url": "http://www.crunchbase.com/company/21st-century-insurance",
 "homepage_url": "http://www.21st.com",
 "blog_url": "",
 "blog_feed_url": "",
 "twitter_username": "21stCenturyAuto",
 "category_code": "other",
 "number_of_employees": null,
 "founded_year": 1958,
 "founded_month": null,
 "founded_day": null,
 "deadpooled_year": null,
 "deadpooled_month": null,
 "deadpooled_day": null,
 "deadpooled_url": null,
 "tag_list": "insurance, business, finance, policy, claims",
 "alias_list": "",
 "email_address": "",
 "phone_number": "",
 "description": "Insurance Products",
 "created_at": "Thu Mar 20 05:16:02 UTC 2014",
 "updated_at": "Thu Mar 20 05:24:03 UTC 2014",
 "overview": "\u003Cp\u003ESince 1958, 21st Century Insurance has been dedicated to providing customers superior coverage and service, while helping them save money on auto insurance. 21st Century Insurance is part of the Farmers Insurance Group of Companies\u00ae, a leading U.S. insurer of automobiles, homes and small businesses and also provides a wide range of other insurance and financial services products. Farmers Insurance serves more than 10 million households with more than 20 million individual policies across all 50 states through the efforts of over 50,000 exclusive and independent agents and nearly 24,000 employees. \u003C/p\u003E",
 "image":
  {"available_sizes":
    [[[150,
       54],
      "http://api-images.crunchbase.com/assets/images/resized/0043/8123/438123v1-max-150x150.png"],
     [[183,
       66],
      "http://api-images.crunchbase.com/assets/images/resized/0043/8123/438123v1-max-250x250.png"],
     [[183,
       66],
      "http://api-images.crunchbase.com/assets/images/resized/0043/8123/438123v1-max-450x450.png"]],
   "attribution": null},
 "products":
  [],
 "relationships":
  [],
 "competitions":
  [],
 "providerships":
  [],
 "total_money_raised": "$0",
 "funding_rounds":
  [],
 "investments":
  [],
 "acquisition":
  {"price_amount": 749000000.0,
   "price_currency_code": "USD",
   "term_code": null,
   "source_url": "http://articles.latimes.com/2007/sep/28/business/fi-aig28",
   "source_description": "AIG buys 21st Century Insurance",
   "acquired_year": 2007,
   "acquired_month": 9,
   "acquired_day": null,
   "acquiring_company":
    {"name": "American International Group",
     "permalink": "american-international-group"}},
 "acquisitions":
  [],
 "offices":
  [{"description": "",
    "address1": "3 Beaver Valley Rd",
    "address2": "Wilmington",
    "zip_code": "19803",
    "city": "",
    "state_code": "DE",
    "country_code": "USA",
    "latitude": null,
    "longitude": null}],
 "milestones":
  [],
 "ipo": null,
 "video_embeds":
  [],
 "screenshots":
  [{"available_sizes":
     [[[150,
        72],
       "http://api-images.crunchbase.com/assets/images/resized/0043/8124/438124v1-max-150x150.png"],
      [[250,
        120],
       "http://api-images.crunchbase.com/assets/images/resized/0043/8124/438124v1-max-250x250.png"],
      [[450,
        217],
       "http://api-images.crunchbase.com/assets/images/resized/0043/8124/438124v1-max-450x450.png"]],
    "attribution": null}],
 "external_links":
  [],
 "partners":
  []}
