{"name": "24/7 Customer",
 "permalink": "24-7-customer-2",
 "crunchbase_url": "http://www.crunchbase.com/company/24-7-customer-2",
 "homepage_url": "http://www.247-inc.com",
 "blog_url": "http://www.247-inc.com/resource-center/blog",
 "blog_feed_url": "",
 "twitter_username": "24_7_inc",
 "category_code": "software",
 "number_of_employees": 9000,
 "founded_year": 2000,
 "founded_month": null,
 "founded_day": null,
 "deadpooled_year": null,
 "deadpooled_month": null,
 "deadpooled_day": null,
 "deadpooled_url": null,
 "tag_list": "customer-experience, customer, experience, service, customer-service",
 "alias_list": null,
 "email_address": "",
 "phone_number": "+1 650-385-2247",
 "description": "Intuitive Customer Experience Company",
 "created_at": "Thu Apr 03 21:18:09 UTC 2014",
 "updated_at": "Sat Apr 05 00:47:40 UTC 2014",
 "overview": "",
 "image": null,
 "products":
  [],
 "relationships":
  [],
 "competitions":
  [],
 "providerships":
  [],
 "total_money_raised": "$0",
 "funding_rounds":
  [],
 "investments":
  [],
 "acquisition": null,
 "acquisitions":
  [],
 "offices":
  [{"description": "US Headquarters",
    "address1": "910 E. Hamilton Ave",
    "address2": "Suite 240",
    "zip_code": "95008",
    "city": "Campbell",
    "state_code": "CA",
    "country_code": "USA",
    "latitude": null,
    "longitude": null},
   {"description": "Alameda Office",
    "address1": "1151 Marina Village Parkway",
    "address2": "",
    "zip_code": "94501",
    "city": "Alameda",
    "state_code": "CA",
    "country_code": "USA",
    "latitude": null,
    "longitude": null},
   {"description": "UK Office",
    "address1": "First Floor",
    "address2": "80 St. Martins Lane",
    "zip_code": "WC2N 4AA",
    "city": "Covent Garden, London",
    "state_code": null,
    "country_code": "GBR",
    "latitude": null,
    "longitude": null}],
 "milestones":
  [],
 "ipo": null,
 "video_embeds":
  [],
 "screenshots":
  [],
 "external_links":
  [],
 "partners":
  []}
