{"name": "26ES222.com",
 "permalink": "26es222-com",
 "crunchbase_url": "http://www.crunchbase.com/company/26es222-com",
 "homepage_url": "http://26es222.com",
 "blog_url": "http://26es222.com",
 "blog_feed_url": "http://26es222.com/feed/?post_type=ad_listing",
 "twitter_username": "26es222com",
 "category_code": "real_estate",
 "number_of_employees": null,
 "founded_year": 2013,
 "founded_month": 3,
 "founded_day": 15,
 "deadpooled_year": null,
 "deadpooled_month": null,
 "deadpooled_day": null,
 "deadpooled_url": null,
 "tag_list": "sahibinden, eskiehir-is-ilanlari",
 "alias_list": null,
 "email_address": "eskisehirseri@gmail.com",
 "phone_number": "",
 "description": "eski\u015fehir i\u015f ilanlar\u0131",
 "created_at": "Tue Mar 11 14:18:02 UTC 2014",
 "updated_at": "Fri Mar 21 11:47:46 UTC 2014",
 "overview": "\u003Cp\u003EEski\u015fehir i\u015f ilanlar\u0131 Seri ilanlar Sahibinden Sat\u0131l\u0131k Kiral\u0131k Daire Emlak\u003C/p\u003E",
 "image":
  {"available_sizes":
    [[[150,
       150],
      "http://api-images.crunchbase.com/assets/images/resized/0043/2119/432119v2-max-150x150.jpg"],
     [[250,
       250],
      "http://api-images.crunchbase.com/assets/images/resized/0043/2119/432119v2-max-250x250.jpg"],
     [[250,
       250],
      "http://api-images.crunchbase.com/assets/images/resized/0043/2119/432119v2-max-450x450.jpg"]],
   "attribution": null},
 "products":
  [],
 "relationships":
  [],
 "competitions":
  [],
 "providerships":
  [],
 "total_money_raised": "$0",
 "funding_rounds":
  [],
 "investments":
  [],
 "acquisition": null,
 "acquisitions":
  [],
 "offices":
  [],
 "milestones":
  [],
 "ipo": null,
 "video_embeds":
  [],
 "screenshots":
  [],
 "external_links":
  [{"external_url": "http://26es222.com",
    "title": "eskisehir i\u015f ilanlar\u0131"},
   {"external_url": "http://26es222.com/eskisehir/is-ilanlari",
    "title": "eskisehir is ilanlari"}],
 "partners":
  []}
