{"name": "2mrw",
 "permalink": "2mrw",
 "crunchbase_url": "http://www.crunchbase.com/company/2mrw",
 "homepage_url": "http://www.2mrw.co",
 "blog_url": "http://www.pinterest.com/pin2mrw/",
 "blog_feed_url": "",
 "twitter_username": "2mrwtalk",
 "category_code": "advertising",
 "number_of_employees": 10,
 "founded_year": 2014,
 "founded_month": 4,
 "founded_day": 12,
 "deadpooled_year": null,
 "deadpooled_month": null,
 "deadpooled_day": null,
 "deadpooled_url": null,
 "tag_list": "",
 "alias_list": null,
 "email_address": "info@2mrw.co",
 "phone_number": "6463979797",
 "description": "Content-centric ad agency",
 "created_at": "Sun Apr 13 21:20:56 UTC 2014",
 "updated_at": "Tue Apr 15 02:54:33 UTC 2014",
 "overview": "\u003Cp\u003EWe\u2019re a content-centric marketing agency focused on giving audiences what they want.\u003C/p\u003E\n\n\u003Cp\u003EOur goal is to deliver what we call kindred experiences\u2014valuable interactions that connect brands with their audience.\u003C/p\u003E\n\n\u003Cp\u003E2mrw is taking a fresh look at the agency model in order to better craft a process, team, and approach that best fits the needs of marketing challenges of today, and tomorrow.\u003C/p\u003E\n\n\u003Cp\u003ETo do this we\u2019re rebuilding the agency model from the ground up to help brands thrive within the new reality of hyper-evolving media usage. We\u2019re not an ad agency, a digital agency, a social agency or a PR agency. We\u2019re a content-centric agency. In other words, we give audiences what they want.\u003C/p\u003E",
 "image":
  {"available_sizes":
    [[[150,
       150],
      "http://api-images.crunchbase.com/assets/images/resized/0045/4851/454851v2-max-150x150.png"],
     [[250,
       250],
      "http://api-images.crunchbase.com/assets/images/resized/0045/4851/454851v2-max-250x250.png"],
     [[400,
       400],
      "http://api-images.crunchbase.com/assets/images/resized/0045/4851/454851v2-max-450x450.png"]],
   "attribution": null},
 "products":
  [],
 "relationships":
  [{"is_past": false,
    "title": "Co-Founder",
    "person":
     {"first_name": "John",
      "last_name": "McGarry",
      "permalink": "john-mcgarry-2"}},
   {"is_past": false,
    "title": "Co-Founder",
    "person":
     {"first_name": "David",
      "last_name": "Papworth",
      "permalink": "david-papworth-2"}}],
 "competitions":
  [],
 "providerships":
  [],
 "total_money_raised": "$0",
 "funding_rounds":
  [],
 "investments":
  [],
 "acquisition": null,
 "acquisitions":
  [],
 "offices":
  [{"description": "Headquarters",
    "address1": "25 Broadway",
    "address2": "9th Floor",
    "zip_code": "10004",
    "city": "New York",
    "state_code": "NY",
    "country_code": "USA",
    "latitude": null,
    "longitude": null}],
 "milestones":
  [],
 "ipo": null,
 "video_embeds":
  [],
 "screenshots":
  [],
 "external_links":
  [],
 "partners":
  []}
