{"name": "2Parale",
 "permalink": "2parale",
 "crunchbase_url": "http://www.crunchbase.com/company/2parale",
 "homepage_url": "http://www.2Parale.ro",
 "blog_url": "http://blog.2parale.ro/",
 "blog_feed_url": "",
 "twitter_username": "2parale",
 "category_code": "advertising",
 "number_of_employees": null,
 "founded_year": 2008,
 "founded_month": null,
 "founded_day": null,
 "deadpooled_year": null,
 "deadpooled_month": null,
 "deadpooled_day": null,
 "deadpooled_url": null,
 "tag_list": "",
 "alias_list": "",
 "email_address": "",
 "phone_number": "",
 "description": "",
 "created_at": "Tue Mar 11 12:20:29 UTC 2014",
 "updated_at": "Tue Mar 11 12:20:29 UTC 2014",
 "overview": "\u003Cp\u003E2Parale is Romania\u2019s first pay per click affiliate marketing agency dedicated to develop a transparent business ecosystem that encourages and rewards performance.\u003C/p\u003E\n\n\u003Cp\u003EIts portfolio includes more than 300 clients, Romanian market leaders and top global players, and over 31 thousand affiliates whom delivered more than 100 million clicks and generated higher sales turnover for the advertisers.\u003C/p\u003E\n\n\u003Cp\u003E2Parale was founded by Dorin Boerescu and Radu Spineanu.\u003C/p\u003E",
 "image":
  {"available_sizes":
    [[[150,
       45],
      "http://api-images.crunchbase.com/assets/images/resized/0043/2067/432067v1-max-150x150.png"],
     [[200,
       61],
      "http://api-images.crunchbase.com/assets/images/resized/0043/2067/432067v1-max-250x250.png"],
     [[200,
       61],
      "http://api-images.crunchbase.com/assets/images/resized/0043/2067/432067v1-max-450x450.png"]],
   "attribution": null},
 "products":
  [],
 "relationships":
  [{"is_past": false,
    "title": "Co-Founder",
    "person":
     {"first_name": "Dorin",
      "last_name": "Boerescu",
      "permalink": "dorin-boerescu"}}],
 "competitions":
  [],
 "providerships":
  [],
 "total_money_raised": "$0",
 "funding_rounds":
  [],
 "investments":
  [],
 "acquisition": null,
 "acquisitions":
  [],
 "offices":
  [{"description": "",
    "address1": "Luminei 8",
    "address2": "",
    "zip_code": "",
    "city": "Bucharest",
    "state_code": null,
    "country_code": "ROM",
    "latitude": null,
    "longitude": null}],
 "milestones":
  [],
 "ipo": null,
 "video_embeds":
  [],
 "screenshots":
  [{"available_sizes":
     [[[150,
        94],
       "http://api-images.crunchbase.com/assets/images/resized/0043/2066/432066v1-max-150x150.png"],
      [[250,
        158],
       "http://api-images.crunchbase.com/assets/images/resized/0043/2066/432066v1-max-250x250.png"],
      [[450,
        284],
       "http://api-images.crunchbase.com/assets/images/resized/0043/2066/432066v1-max-450x450.png"]],
    "attribution": null}],
 "external_links":
  [{"external_url": "https://www.facebook.com/2parale.ro",
    "title": "Facebook Page"}],
 "partners":
  [{"partner_name": "romanian_startups",
    "homepage_url": "unknown",
    "link_1_url": "http://www.romanianstartups.com/startup/2parale",
    "link_2_url": null,
    "link_3_url": null,
    "link_1_name": "romanian_startups Page",
    "link_2_name": null,
    "link_3_name": null}]}
