{"name": "2stern",
 "permalink": "2stern",
 "crunchbase_url": "http://www.crunchbase.com/company/2stern",
 "homepage_url": "http://www.2stern.com",
 "blog_url": "",
 "blog_feed_url": "",
 "twitter_username": null,
 "category_code": "ecommerce",
 "number_of_employees": null,
 "founded_year": 2012,
 "founded_month": 1,
 "founded_day": null,
 "deadpooled_year": null,
 "deadpooled_month": null,
 "deadpooled_day": null,
 "deadpooled_url": null,
 "tag_list": "",
 "alias_list": "",
 "email_address": "help@2stern.com",
 "phone_number": "",
 "description": "",
 "created_at": "Fri Mar 28 09:18:59 UTC 2014",
 "updated_at": "Fri Mar 28 09:18:58 UTC 2014",
 "overview": "\u003Cp\u003E2stern (2\uc2a4\ud134) is a Korean company that offers mobile platforms for online marketing.\u003C/p\u003E\n\n\u003Cp\u003E2stern offers Trend On, an online fashion platform that offers discounts and the ability to directly market products through social network services (SNS).\u003C/p\u003E\n\n\u003Cp\u003E2stern was established in January 2012 in Seoul, Korea.\u003C/p\u003E",
 "image":
  {"available_sizes":
    [[[150,
       150],
      "http://api-images.crunchbase.com/assets/images/resized/0044/5131/445131v1-max-150x150.png"],
     [[160,
       160],
      "http://api-images.crunchbase.com/assets/images/resized/0044/5131/445131v1-max-250x250.png"],
     [[160,
       160],
      "http://api-images.crunchbase.com/assets/images/resized/0044/5131/445131v1-max-450x450.png"]],
   "attribution": null},
 "products":
  [],
 "relationships":
  [],
 "competitions":
  [],
 "providerships":
  [],
 "total_money_raised": "$0",
 "funding_rounds":
  [],
 "investments":
  [],
 "acquisition": null,
 "acquisitions":
  [],
 "offices":
  [{"description": "",
    "address1": "Stern Building, 324-22",
    "address2": "Mapo-gu Mapo-dong",
    "zip_code": "121050",
    "city": "Seoul",
    "state_code": null,
    "country_code": "KOR",
    "latitude": null,
    "longitude": null}],
 "milestones":
  [],
 "ipo": null,
 "video_embeds":
  [],
 "screenshots":
  [{"available_sizes":
     [[[150,
        99],
       "http://api-images.crunchbase.com/assets/images/resized/0044/5130/445130v1-max-150x150.png"],
      [[250,
        166],
       "http://api-images.crunchbase.com/assets/images/resized/0044/5130/445130v1-max-250x250.png"],
      [[397,
        264],
       "http://api-images.crunchbase.com/assets/images/resized/0044/5130/445130v1-max-450x450.png"]],
    "attribution": null}],
 "external_links":
  [{"external_url": "https://www.facebook.com/trendonapp",
    "title": "Facebook"}],
 "partners":
  []}
