{"name": "3 Month Payday Loans UK",
 "permalink": "3-month-payday-loans-uk",
 "crunchbase_url": "http://www.crunchbase.com/company/3-month-payday-loans-uk",
 "homepage_url": "http://3monthloanspaydaynocreditcheck.co.uk",
 "blog_url": "http://3monthloansdirectlenders.co.uk",
 "blog_feed_url": "http://12monthpaydayukloans.co.uk",
 "twitter_username": null,
 "category_code": "finance",
 "number_of_employees": 25,
 "founded_year": null,
 "founded_month": null,
 "founded_day": null,
 "deadpooled_year": null,
 "deadpooled_month": null,
 "deadpooled_day": null,
 "deadpooled_url": null,
 "tag_list": "12-month-loans, 3-month-loans, 12-month-payday-loans, 3-month-payday-loans",
 "alias_list": null,
 "email_address": "",
 "phone_number": "",
 "description": "Uks Top Leading Payday Loans providing C",
 "created_at": "Sat Mar 15 14:44:32 UTC 2014",
 "updated_at": "Mon Mar 17 18:28:17 UTC 2014",
 "overview": "\u003Cp\u003EYou can borrow the funds for its reimbursement in twelve months. this suggests that your any single pay cheque won\u0026#8217;t be beneath the strain of paying the complete of the loan and interest charges. This, in turn, helps you in defrayal the pay cheque on several alternative family expenses throughout a month.\nThe lenders enable you to pay back the loan in many installments that square measure of smaller amounts. Clearly, if your monthly earnings square measure smaller, then these loans square measure appropriate for your circumstances. \u003C/p\u003E\n\n\u003Cp\u003EOUr Some of official loans providing web sites are:\nFor more visits:\nhttp://3monthloanspaydaynocreditcheck.co.uk\nhttp://3monthloansdirectlenders.co.uk\u003C/p\u003E\n\n\u003Cp\u003Ehttp://12monthpaydayukloans.co.uk\nhttp://12monthloanssamedaypayoutnobroker.co.uk\u003C/p\u003E",
 "image": null,
 "products":
  [],
 "relationships":
  [],
 "competitions":
  [],
 "providerships":
  [],
 "total_money_raised": "$0",
 "funding_rounds":
  [],
 "investments":
  [],
 "acquisition": null,
 "acquisitions":
  [],
 "offices":
  [],
 "milestones":
  [],
 "ipo": null,
 "video_embeds":
  [],
 "screenshots":
  [],
 "external_links":
  [],
 "partners":
  []}
