{"name": "3Desk",
 "permalink": "3desk",
 "crunchbase_url": "http://www.crunchbase.com/company/3desk",
 "homepage_url": "http://www.3desk.com",
 "blog_url": "http://blog.3desk.com/",
 "blog_feed_url": "",
 "twitter_username": "3desk",
 "category_code": "consulting",
 "number_of_employees": null,
 "founded_year": null,
 "founded_month": null,
 "founded_day": null,
 "deadpooled_year": null,
 "deadpooled_month": null,
 "deadpooled_day": null,
 "deadpooled_url": null,
 "tag_list": "",
 "alias_list": "",
 "email_address": "contact@3desk.com",
 "phone_number": "+44 203 287 7223",
 "description": "",
 "created_at": "Thu Mar 13 09:21:58 UTC 2014",
 "updated_at": "Thu Mar 13 09:27:23 UTC 2014",
 "overview": "\u003Cp\u003E3Desk is a web platform that connects freelancers, contractors, and consultants with prospective employers. The platform allows members to post job vacancy ads to which freelancers and contractors can respond and bid. \u003C/p\u003E\n\n\u003Cp\u003E3Desk also promotes freelance work where people will have more flexibility in choosing their schedule and the types of work they want to engage in. It will also allow the unemployed to find small projects to work on.\u003C/p\u003E",
 "image":
  {"available_sizes":
    [[[150,
       63],
      "http://api-images.crunchbase.com/assets/images/resized/0043/3567/433567v1-max-150x150.png"],
     [[200,
       85],
      "http://api-images.crunchbase.com/assets/images/resized/0043/3567/433567v1-max-250x250.png"],
     [[200,
       85],
      "http://api-images.crunchbase.com/assets/images/resized/0043/3567/433567v1-max-450x450.png"]],
   "attribution": null},
 "products":
  [],
 "relationships":
  [],
 "competitions":
  [],
 "providerships":
  [],
 "total_money_raised": "$0",
 "funding_rounds":
  [],
 "investments":
  [],
 "acquisition": null,
 "acquisitions":
  [],
 "offices":
  [{"description": "",
    "address1": "3 Somerset Road",
    "address2": "",
    "zip_code": "",
    "city": "New Barnet",
    "state_code": null,
    "country_code": "GBR",
    "latitude": null,
    "longitude": null}],
 "milestones":
  [],
 "ipo": null,
 "video_embeds":
  [],
 "screenshots":
  [{"available_sizes":
     [[[150,
        84],
       "http://api-images.crunchbase.com/assets/images/resized/0043/3562/433562v1-max-150x150.png"],
      [[250,
        141],
       "http://api-images.crunchbase.com/assets/images/resized/0043/3562/433562v1-max-250x250.png"],
      [[450,
        254],
       "http://api-images.crunchbase.com/assets/images/resized/0043/3562/433562v1-max-450x450.png"]],
    "attribution": null}],
 "external_links":
  [],
 "partners":
  [{"partner_name": "romanian_startups",
    "homepage_url": "unknown",
    "link_1_url": "http://www.romanianstartups.com/startup/3desk",
    "link_2_url": null,
    "link_3_url": null,
    "link_1_name": "romanian_startups Page",
    "link_2_name": null,
    "link_3_name": null}]}
