{"name": "3dim",
 "permalink": "3dim",
 "crunchbase_url": "http://www.crunchbase.com/company/3dim",
 "homepage_url": "http://3dimtech.com",
 "blog_url": "",
 "blog_feed_url": "",
 "twitter_username": null,
 "category_code": null,
 "number_of_employees": null,
 "founded_year": null,
 "founded_month": null,
 "founded_day": null,
 "deadpooled_year": null,
 "deadpooled_month": null,
 "deadpooled_day": null,
 "deadpooled_url": null,
 "tag_list": "",
 "alias_list": "",
 "email_address": "contact@3dim.io",
 "phone_number": "",
 "description": "",
 "created_at": "Mon Mar 31 21:49:58 UTC 2014",
 "updated_at": "Fri Apr 04 12:28:49 UTC 2014",
 "overview": "\u003Cp\u003E3dim changes how you interact with your smart devices. We unleash natural interaction by providing the first accurate 3D gesture sensor for the battery-powered mobile device market. 3dim is based on a novel optical signal processing technique invented at MIT. Our patent-pending, award-winning technology dramatically reduces power and computation requirements and eliminates sensitivity to lighting conditions, making reliable gesture control on the go possible for the first time. Our cameraless, firmware-level solution eliminates the need for additional hardware components and enables rich gestural interaction with all your smart devices, be it your smart phone, your tablet, or your smart wearables. Leave your screen for display and interact in 3D. Gesture is the new touch.\u003C/p\u003E",
 "image":
  {"available_sizes":
    [[[136,
       79],
      "http://api-images.crunchbase.com/assets/images/resized/0044/9477/449477v1-max-150x150.png"],
     [[136,
       79],
      "http://api-images.crunchbase.com/assets/images/resized/0044/9477/449477v1-max-250x250.png"],
     [[136,
       79],
      "http://api-images.crunchbase.com/assets/images/resized/0044/9477/449477v1-max-450x450.png"]],
   "attribution": null},
 "products":
  [],
 "relationships":
  [{"is_past": false,
    "title": "Co-Founder",
    "person":
     {"first_name": "Andrea",
      "last_name": "Colaco",
      "permalink": "andrea-colaco"}},
   {"is_past": false,
    "title": "Co-Founder",
    "person":
     {"first_name": "Ahmed",
      "last_name": "Kirmani",
      "permalink": "ahmed-kirmani"}}],
 "competitions":
  [],
 "providerships":
  [],
 "total_money_raised": "$50k",
 "funding_rounds":
  [{"id": 71137,
    "round_code": "seed",
    "source_url": "http://bostinno.streetwise.co/2013/10/30/boston-events-masschallenge-awards-2013-winners/",
    "source_description": "The Big Winners From This Year's MassChallenge Awards",
    "raised_amount": 50000.0,
    "raised_currency_code": "USD",
    "funded_year": 2013,
    "funded_month": 10,
    "funded_day": 30,
    "investments":
     [{"company":
        {"name": "MassChallenge",
         "permalink": "masschallenge"},
       "financial_org": null,
       "person": null}]}],
 "investments":
  [],
 "acquisition": null,
 "acquisitions":
  [],
 "offices":
  [],
 "milestones":
  [],
 "ipo": null,
 "video_embeds":
  [],
 "screenshots":
  [{"available_sizes":
     [[[150,
        84],
       "http://api-images.crunchbase.com/assets/images/resized/0044/9479/449479v1-max-150x150.png"],
      [[250,
        140],
       "http://api-images.crunchbase.com/assets/images/resized/0044/9479/449479v1-max-250x250.png"],
      [[450,
        253],
       "http://api-images.crunchbase.com/assets/images/resized/0044/9479/449479v1-max-450x450.png"]],
    "attribution": null}],
 "external_links":
  [],
 "partners":
  []}
