{"name": "3n1 Tree Service",
 "permalink": "3n1-tree-service",
 "crunchbase_url": "http://www.crunchbase.com/company/3n1-tree-service",
 "homepage_url": "http://www.3n1treeservice.com",
 "blog_url": "",
 "blog_feed_url": "",
 "twitter_username": null,
 "category_code": "other",
 "number_of_employees": 4,
 "founded_year": 2012,
 "founded_month": 1,
 "founded_day": 1,
 "deadpooled_year": null,
 "deadpooled_month": null,
 "deadpooled_day": null,
 "deadpooled_url": null,
 "tag_list": "tree-service, tree-removal, tree-trimming, stump-removal, debris-removal",
 "alias_list": null,
 "email_address": "stu@3n1treeservice.com",
 "phone_number": "937-781-6970",
 "description": "Tree Service",
 "created_at": "Wed Apr 09 16:38:23 UTC 2014",
 "updated_at": "Thu Apr 10 07:53:10 UTC 2014",
 "overview": "\u003Cp\u003ELicensed and Insured, 15 years of experience, only use US citizens, and offer free estimates.\u003C/p\u003E",
 "image":
  {"available_sizes":
    [[[144,
       150],
      "http://api-images.crunchbase.com/assets/images/resized/0045/2737/452737v2-max-150x150.jpg"],
     [[179,
       186],
      "http://api-images.crunchbase.com/assets/images/resized/0045/2737/452737v2-max-250x250.jpg"],
     [[179,
       186],
      "http://api-images.crunchbase.com/assets/images/resized/0045/2737/452737v2-max-450x450.jpg"]],
   "attribution": null},
 "products":
  [],
 "relationships":
  [],
 "competitions":
  [],
 "providerships":
  [],
 "total_money_raised": "$0",
 "funding_rounds":
  [],
 "investments":
  [],
 "acquisition": null,
 "acquisitions":
  [],
 "offices":
  [],
 "milestones":
  [],
 "ipo": null,
 "video_embeds":
  [],
 "screenshots":
  [],
 "external_links":
  [],
 "partners":
  [{"partner_name": "ct_quan",
    "homepage_url": "unknown",
    "link_1_url": null,
    "link_2_url": null,
    "link_3_url": null,
    "link_1_name": null,
    "link_2_name": null,
    "link_3_name": null}]}
