{"name": "415 Agency",
 "permalink": "415-agency",
 "crunchbase_url": "http://www.crunchbase.com/company/415-agency",
 "homepage_url": "http://415agency.com",
 "blog_url": "",
 "blog_feed_url": "",
 "twitter_username": "415Agency",
 "category_code": "design",
 "number_of_employees": 11,
 "founded_year": 2014,
 "founded_month": null,
 "founded_day": null,
 "deadpooled_year": null,
 "deadpooled_month": null,
 "deadpooled_day": null,
 "deadpooled_url": null,
 "tag_list": "ux, ui, web-design, app-development, ios, android, windows-phone",
 "alias_list": null,
 "email_address": "hello@415agency.com",
 "phone_number": "+1 415 9028155",
 "description": "Full service design agency",
 "created_at": "Thu Mar 27 14:21:30 UTC 2014",
 "updated_at": "Mon Mar 31 09:40:45 UTC 2014",
 "overview": "\u003Cp\u003E415 Agency is full service design agency from San Francisco, CA. List of services is mainly concentrated on web and mobile development, UX architecture improvement, interaction design and brand creation. \u003C/p\u003E\n\n\u003Cp\u003EService Description\u003C/p\u003E\n\n\u003Cp\u003E\u0026#8212;\u0026#8212;\u0026#8212;\u0026#8212;\u0026#8212;\u0026#8212;\u0026#8212;\u0026#8212;\u0026#8212;\u0026#8212;\u0026#8212;\u0026#8212;\u0026#8212;\u0026#8212;\u0026#8212;-\u003C/p\u003E\n\n\u003Cp\u003EWeb Design\u003C/p\u003E\n\n\u003Cp\u003E\u0026#8212;\u0026#8212;\u0026#8212;\u0026#8212;\u0026#8212;\u0026#8212;\u0026#8212;\u0026#8212;\u0026#8212;\u0026#8212;\u0026#8212;\u0026#8212;\u0026#8212;\u0026#8212;\u0026#8212;-\u003C/p\u003E\n\n\u003Cul\u003E\n\u003Cli\u003EWebsite Design\u003C/li\u003E\n\u003Cli\u003EWebsite Redesign\u003C/li\u003E\n\u003Cli\u003EResponsive Web Design\u003C/li\u003E\n\u003Cli\u003EUI and UX \u003C/li\u003E\n\u003Cli\u003EVisual Design (Corporate Identity and Branding)\u003C/li\u003E\n\u003Cli\u003ECustom Logo Design\u003C/li\u003E\n\u003Cli\u003EApps Design (iOS, Android, WinPhone)\u003C/li\u003E\n\u003C/ul\u003E\n\n\u003Cp\u003E\u0026#8212;\u0026#8212;\u0026#8212;\u0026#8212;\u0026#8212;\u0026#8212;\u0026#8212;\u0026#8212;\u0026#8212;\u0026#8212;\u0026#8212;\u0026#8212;\u0026#8212;\u0026#8212;\u0026#8212;\u003C/p\u003E\n\n\u003Cp\u003EWeb Development\u003C/p\u003E\n\n\u003Cp\u003E\u0026#8212;\u0026#8212;\u0026#8212;\u0026#8212;\u0026#8212;\u0026#8212;\u0026#8212;\u0026#8212;\u0026#8212;\u0026#8212;\u0026#8212;\u0026#8212;\u0026#8212;\u0026#8212;\u0026#8212;\u003C/p\u003E\n\n\u003Cul\u003E\n\u003Cli\u003EWebsite Development and Maintenance\u003C/li\u003E\n\u003Cli\u003EApplication Development\u003C/li\u003E\n\u003Cli\u003EWeb Portals Implementation\u003C/li\u003E\n\u003Cli\u003EContent Management System\u003C/li\u003E\n\u003Cli\u003Ee-Commerce\u003C/li\u003E\n\u003Cli\u003EBlog Creation\u003C/li\u003E\n\u003C/ul\u003E\n\n\u003Cp\u003E\u0026#8212;\u0026#8212;\u0026#8212;\u0026#8212;\u0026#8212;\u0026#8212;\u0026#8212;\u0026#8212;\u0026#8212;\u0026#8212;\u0026#8212;\u0026#8212;\u0026#8212;\u0026#8212;\u0026#8212;-\u003C/p\u003E\n\n\u003Cp\u003EMobile Apps\u003C/p\u003E\n\n\u003Cp\u003E\u0026#8212;\u0026#8212;\u0026#8212;\u0026#8212;\u0026#8212;\u0026#8212;\u0026#8212;\u0026#8212;\u0026#8212;\u0026#8212;\u0026#8212;\u0026#8212;\u0026#8212;\u0026#8212;\u0026#8212;-\u003C/p\u003E\n\n\u003Cul\u003E\n\u003Cli\u003EApps Development (iOS, Android, WinPhone)\u003C/li\u003E\n\u003Cli\u003EUI and UX\u003C/li\u003E\n\u003Cli\u003EMobile and Tablet Apps\u003C/li\u003E\n\u003Cli\u003ESocial Media Integration\u003C/li\u003E\n\u003Cli\u003EAugmented Reality \u003C/li\u003E\n\u003C/ul\u003E",
 "image":
  {"available_sizes":
    [[[150,
       150],
      "http://api-images.crunchbase.com/assets/images/resized/0044/5936/445936v2-max-150x150.png"],
     [[180,
       180],
      "http://api-images.crunchbase.com/assets/images/resized/0044/5936/445936v2-max-250x250.png"],
     [[180,
       180],
      "http://api-images.crunchbase.com/assets/images/resized/0044/5936/445936v2-max-450x450.png"]],
   "attribution": null},
 "products":
  [],
 "relationships":
  [{"is_past": false,
    "title": "Founder",
    "person":
     {"first_name": "Yegor",
      "last_name": "Tsynkevich",
      "permalink": "yegor-tsynkevich"}},
   {"is_past": false,
    "title": "Senior Sales Manager",
    "person":
     {"first_name": "Mary",
      "last_name": "Anne Hill",
      "permalink": "mary-anne-hill"}},
   {"is_past": false,
    "title": "Marketing manager",
    "person":
     {"first_name": "Yuriy",
      "last_name": "Tereshchuk",
      "permalink": "yuriy-tereshchuk"}},
   {"is_past": false,
    "title": "Art director",
    "person":
     {"first_name": "Dean",
      "last_name": "Turner",
      "permalink": "dean-turner-2"}}],
 "competitions":
  [],
 "providerships":
  [],
 "total_money_raised": "$0",
 "funding_rounds":
  [],
 "investments":
  [],
 "acquisition": null,
 "acquisitions":
  [],
 "offices":
  [{"description": "Headquarters",
    "address1": "225 Bush St. floor 12th.",
    "address2": "",
    "zip_code": "94104",
    "city": "San Francisco",
    "state_code": "CA",
    "country_code": "USA",
    "latitude": null,
    "longitude": null}],
 "milestones":
  [],
 "ipo": null,
 "video_embeds":
  [],
 "screenshots":
  [{"available_sizes":
     [[[150,
        115],
       "http://api-images.crunchbase.com/assets/images/resized/0044/4494/444494v2-max-150x150.jpg"],
      [[250,
        193],
       "http://api-images.crunchbase.com/assets/images/resized/0044/4494/444494v2-max-250x250.jpg"],
      [[450,
        347],
       "http://api-images.crunchbase.com/assets/images/resized/0044/4494/444494v2-max-450x450.jpg"]],
    "attribution": null},
   {"available_sizes":
     [[[150,
        115],
       "http://api-images.crunchbase.com/assets/images/resized/0044/4495/444495v2-max-150x150.jpg"],
      [[250,
        193],
       "http://api-images.crunchbase.com/assets/images/resized/0044/4495/444495v2-max-250x250.jpg"],
      [[450,
        347],
       "http://api-images.crunchbase.com/assets/images/resized/0044/4495/444495v2-max-450x450.jpg"]],
    "attribution": null},
   {"available_sizes":
     [[[150,
        115],
       "http://api-images.crunchbase.com/assets/images/resized/0044/4496/444496v2-max-150x150.jpg"],
      [[250,
        193],
       "http://api-images.crunchbase.com/assets/images/resized/0044/4496/444496v2-max-250x250.jpg"],
      [[450,
        347],
       "http://api-images.crunchbase.com/assets/images/resized/0044/4496/444496v2-max-450x450.jpg"]],
    "attribution": null}],
 "external_links":
  [{"external_url": "https://www.behance.net/415agency",
    "title": "Behance Portfolio"}],
 "partners":
  []}
