{"name": "44 Degrees Media",
 "permalink": "44-degrees-media",
 "crunchbase_url": "http://www.crunchbase.com/company/44-degrees-media",
 "homepage_url": "http://www.44degreesmedia.com",
 "blog_url": "",
 "blog_feed_url": "",
 "twitter_username": "44degreesmedia",
 "category_code": "software",
 "number_of_employees": 2,
 "founded_year": 2014,
 "founded_month": 2,
 "founded_day": 1,
 "deadpooled_year": null,
 "deadpooled_month": null,
 "deadpooled_day": null,
 "deadpooled_url": null,
 "tag_list": "44, degrees, media, tappy, bee, app, development",
 "alias_list": null,
 "email_address": "hq44degrees@outlook.com",
 "phone_number": "",
 "description": "App Development",
 "created_at": "Thu Mar 27 16:40:12 UTC 2014",
 "updated_at": "Sat Mar 29 20:10:11 UTC 2014",
 "overview": "\u003Cp\u003E44 Degrees Media was founded on our love of apps. We strongly believe that every mobile app must create a wonderful user experience from start to finish, built with outstanding aesthetic design, beautifully entwined with an elegant, rock solid codebase.\u003C/p\u003E",
 "image":
  {"available_sizes":
    [[[150,
       150],
      "http://api-images.crunchbase.com/assets/images/resized/0044/4564/444564v2-max-150x150.jpg"],
     [[250,
       250],
      "http://api-images.crunchbase.com/assets/images/resized/0044/4564/444564v2-max-250x250.jpg"],
     [[450,
       450],
      "http://api-images.crunchbase.com/assets/images/resized/0044/4564/444564v2-max-450x450.jpg"]],
   "attribution": null},
 "products":
  [],
 "relationships":
  [{"is_past": false,
    "title": "Co-Founder",
    "person":
     {"first_name": "Ben",
      "last_name": "Jeffries",
      "permalink": "ben-jeffries"}},
   {"is_past": false,
    "title": "Co-Founder",
    "person":
     {"first_name": "Felix",
      "last_name": "Curtis",
      "permalink": "felix-curtis"}}],
 "competitions":
  [],
 "providerships":
  [],
 "total_money_raised": "$0",
 "funding_rounds":
  [],
 "investments":
  [],
 "acquisition": null,
 "acquisitions":
  [],
 "offices":
  [{"description": "HQ",
    "address1": "44 Degrees Media LTD",
    "address2": "145-157 St John Street",
    "zip_code": "EC1V 4PW",
    "city": "London",
    "state_code": null,
    "country_code": "GBR",
    "latitude": null,
    "longitude": null}],
 "milestones":
  [],
 "ipo": null,
 "video_embeds":
  [],
 "screenshots":
  [],
 "external_links":
  [],
 "partners":
  []}
