{"name": "4u sporting goods co.,ltd",
 "permalink": "4u-sporting-goods-co-ltd",
 "crunchbase_url": "http://www.crunchbase.com/company/4u-sporting-goods-co-ltd",
 "homepage_url": "http://www.4ugear.com",
 "blog_url": "http://4ugear.en.alibaba.com/company_profile.html#top-nav-bar",
 "blog_feed_url": "",
 "twitter_username": null,
 "category_code": "fashion",
 "number_of_employees": 12,
 "founded_year": 2010,
 "founded_month": 9,
 "founded_day": 16,
 "deadpooled_year": null,
 "deadpooled_month": null,
 "deadpooled_day": null,
 "deadpooled_url": null,
 "tag_list": "",
 "alias_list": null,
 "email_address": "sales1@4ugear.com",
 "phone_number": "15818416904",
 "description": "",
 "created_at": "Wed Apr 09 12:19:00 UTC 2014",
 "updated_at": "Thu Apr 10 07:52:55 UTC 2014",
 "overview": "",
 "image": null,
 "products":
  [],
 "relationships":
  [],
 "competitions":
  [],
 "providerships":
  [],
 "total_money_raised": "$0",
 "funding_rounds":
  [],
 "investments":
  [],
 "acquisition": null,
 "acquisitions":
  [],
 "offices":
  [],
 "milestones":
  [],
 "ipo": null,
 "video_embeds":
  [],
 "screenshots":
  [],
 "external_links":
  [],
 "partners":
  []}
