{"name": "5celsius",
 "permalink": "5celsius",
 "crunchbase_url": "http://www.crunchbase.com/company/5celsius",
 "homepage_url": "http://www.5celsius.com",
 "blog_url": "http://www.5celsius.com/blog/",
 "blog_feed_url": "",
 "twitter_username": "5celsius",
 "category_code": "other",
 "number_of_employees": null,
 "founded_year": null,
 "founded_month": null,
 "founded_day": null,
 "deadpooled_year": null,
 "deadpooled_month": null,
 "deadpooled_day": null,
 "deadpooled_url": null,
 "tag_list": "mobile, digital-experience, technology",
 "alias_list": null,
 "email_address": "info@5celsius.com",
 "phone_number": "425.243.9546",
 "description": "Physical-digital interaction agency",
 "created_at": "Mon Mar 17 17:58:59 UTC 2014",
 "updated_at": "Mon Mar 17 18:48:50 UTC 2014",
 "overview": "",
 "image":
  {"available_sizes":
    [[[150,
       115],
      "http://api-images.crunchbase.com/assets/images/resized/0043/6094/436094v2-max-150x150.jpg"],
     [[250,
       193],
      "http://api-images.crunchbase.com/assets/images/resized/0043/6094/436094v2-max-250x250.jpg"],
     [[450,
       347],
      "http://api-images.crunchbase.com/assets/images/resized/0043/6094/436094v2-max-450x450.jpg"]],
   "attribution": null},
 "products":
  [],
 "relationships":
  [],
 "competitions":
  [],
 "providerships":
  [],
 "total_money_raised": "$0",
 "funding_rounds":
  [],
 "investments":
  [],
 "acquisition": null,
 "acquisitions":
  [],
 "offices":
  [{"description": "5celsius Office",
    "address1": "1935 152nd NE PL, #200",
    "address2": "",
    "zip_code": "98007",
    "city": "Bellevue",
    "state_code": "WA",
    "country_code": "USA",
    "latitude": null,
    "longitude": null}],
 "milestones":
  [],
 "ipo": null,
 "video_embeds":
  [],
 "screenshots":
  [],
 "external_links":
  [{"external_url": "http://www.5celsius.com",
    "title": ""}],
 "partners":
  []}
