{"name": "5th Avenue Media",
 "permalink": "5th-avenue-media",
 "crunchbase_url": "http://www.crunchbase.com/company/5th-avenue-media",
 "homepage_url": "http://5thavemedia.com",
 "blog_url": "",
 "blog_feed_url": "",
 "twitter_username": "5thavenuemedia",
 "category_code": "advertising",
 "number_of_employees": 5,
 "founded_year": 2012,
 "founded_month": 7,
 "founded_day": 4,
 "deadpooled_year": null,
 "deadpooled_month": null,
 "deadpooled_day": null,
 "deadpooled_url": null,
 "tag_list": "digital-media, advertising, distribution, digital-video, viral, social-media, kpi-focused, goal-driven",
 "alias_list": null,
 "email_address": "info@5thavemedia.com",
 "phone_number": "212-860-4281",
 "description": "Digital Media Agency",
 "created_at": "Sat Mar 29 02:06:37 UTC 2014",
 "updated_at": "Mon Mar 31 05:00:36 UTC 2014",
 "overview": "\u003Cp\u003ELocated on New York City\u0026#8217;s famed Fifth Avenue, global advertising agency 5th Ave Media creates and distributes digital media for top advertisers.  For digital distribution, we work with big data to create media plans which set campaigns up for success from the start, and use our proprietary technology to optimize in real time for performance baed on our advertisers goals. \u003C/p\u003E",
 "image": null,
 "products":
  [],
 "relationships":
  [],
 "competitions":
  [],
 "providerships":
  [],
 "total_money_raised": "$250k",
 "funding_rounds":
  [{"id": 71015,
    "round_code": "seed",
    "source_url": "",
    "source_description": "",
    "raised_amount": 250000.0,
    "raised_currency_code": "USD",
    "funded_year": 2012,
    "funded_month": 9,
    "funded_day": 2,
    "investments":
     []}],
 "investments":
  [],
 "acquisition": null,
 "acquisitions":
  [],
 "offices":
  [{"description": "Headquarters",
    "address1": "1150 Fifth Ave, Suite 10D",
    "address2": "",
    "zip_code": "10128",
    "city": "New York",
    "state_code": "NY",
    "country_code": "USA",
    "latitude": null,
    "longitude": null}],
 "milestones":
  [],
 "ipo": null,
 "video_embeds":
  [],
 "screenshots":
  [{"available_sizes":
     [[[116,
        150],
       "http://api-images.crunchbase.com/assets/images/resized/0044/5575/445575v2-max-150x150.png"],
      [[193,
        250],
       "http://api-images.crunchbase.com/assets/images/resized/0044/5575/445575v2-max-250x250.png"],
      [[348,
        450],
       "http://api-images.crunchbase.com/assets/images/resized/0044/5575/445575v2-max-450x450.png"]],
    "attribution": null}],
 "external_links":
  [],
 "partners":
  []}
