{"name": "7Park Data",
 "permalink": "7park-data",
 "crunchbase_url": "http://www.crunchbase.com/company/7park-data",
 "homepage_url": "http://7parkdata.com",
 "blog_url": "",
 "blog_feed_url": "",
 "twitter_username": "7parkdata",
 "category_code": "analytics",
 "number_of_employees": null,
 "founded_year": 2012,
 "founded_month": null,
 "founded_day": null,
 "deadpooled_year": null,
 "deadpooled_month": null,
 "deadpooled_day": null,
 "deadpooled_url": null,
 "tag_list": "",
 "alias_list": "",
 "email_address": "info@7parkdata.com",
 "phone_number": "",
 "description": "Big Data for Investment Research",
 "created_at": "Wed Mar 19 16:54:47 UTC 2014",
 "updated_at": "Wed Mar 26 12:47:20 UTC 2014",
 "overview": "\u003Cp\u003EAnalytics-as-a-Service (AaaS) delivering Market Intelligence to global institutions.\u003C/p\u003E",
 "image":
  {"available_sizes":
    [[[150,
       58],
      "http://api-images.crunchbase.com/assets/images/resized/0043/7867/437867v1-max-150x150.jpg"],
     [[225,
       88],
      "http://api-images.crunchbase.com/assets/images/resized/0043/7867/437867v1-max-250x250.jpg"],
     [[225,
       88],
      "http://api-images.crunchbase.com/assets/images/resized/0043/7867/437867v1-max-450x450.jpg"]],
   "attribution": null},
 "products":
  [],
 "relationships":
  [],
 "competitions":
  [],
 "providerships":
  [],
 "total_money_raised": "$0",
 "funding_rounds":
  [],
 "investments":
  [],
 "acquisition": null,
 "acquisitions":
  [],
 "offices":
  [{"description": "",
    "address1": "137 Varick St. Floor 2",
    "address2": "",
    "zip_code": "10013",
    "city": "",
    "state_code": "NY",
    "country_code": "USA",
    "latitude": null,
    "longitude": null}],
 "milestones":
  [],
 "ipo": null,
 "video_embeds":
  [],
 "screenshots":
  [{"available_sizes":
     [[[150,
        88],
       "http://api-images.crunchbase.com/assets/images/resized/0043/7866/437866v1-max-150x150.png"],
      [[250,
        147],
       "http://api-images.crunchbase.com/assets/images/resized/0043/7866/437866v1-max-250x250.png"],
      [[450,
        264],
       "http://api-images.crunchbase.com/assets/images/resized/0043/7866/437866v1-max-450x450.png"]],
    "attribution": null}],
 "external_links":
  [],
 "partners":
  []}
