{"name": "7WebPages",
 "permalink": "7webpages",
 "crunchbase_url": "http://www.crunchbase.com/company/7webpages",
 "homepage_url": "http://7webpages.com",
 "blog_url": "http://7webpages.com/blog/",
 "blog_feed_url": "",
 "twitter_username": "7webpages",
 "category_code": "software",
 "number_of_employees": 9,
 "founded_year": 2011,
 "founded_month": null,
 "founded_day": null,
 "deadpooled_year": null,
 "deadpooled_month": null,
 "deadpooled_day": null,
 "deadpooled_url": null,
 "tag_list": "django, python, mobile-development, android, ios, big-data, sphinx",
 "alias_list": null,
 "email_address": "info@7webpages.com",
 "phone_number": "",
 "description": "monotechnological Python/Django startup",
 "created_at": "Thu Mar 13 11:10:10 UTC 2014",
 "updated_at": "Thu Mar 13 17:27:53 UTC 2014",
 "overview": "\u003Cp\u003EWhat does 7WebPages?\u003C/p\u003E\n\n\u003Cul\u003E\n\u003Cli\u003ECustom and complex web sites for lean start ups \u003C/li\u003E\n\u003Cli\u003EBackends for IPhone/Android apps (RESTfull API) \u003C/li\u003E\n\u003Cli\u003EData aggregation and scrapping \u003C/li\u003E\n\u003Cli\u003ECollaboration with different API\u0026#8217;s (Facebook, Twitter, etc)\u003C/li\u003E\n\u003C/ul\u003E\n\n\u003Cp\u003ETECHNOLOGY\u003C/p\u003E\n\n\u003Cp\u003EFor backend: \u003C/p\u003E\n\n\u003Cul\u003E\n\u003Cli\u003EPython (Django, Flask) \u003C/li\u003E\n\u003Cli\u003EA lot of packages for django: Django-South, Celery, Django-Social-Auth, Django-Registration; \u003C/li\u003E\n\u003Cli\u003ESphinx-search\nDatabases: MySQL, PostgreSQL, NoSQL (MongoDB, Redis)\u003C/li\u003E\n\u003C/ul\u003E\n\n\u003Cp\u003EFor frontend: \nTwitter-Bootstrap, jQuery, HTML5, CSS3, LESS\u003C/p\u003E\n\n\u003Cp\u003EEnviroment: \u003C/p\u003E\n\n\u003Cul\u003E\n\u003Cli\u003EDebian/Ubuntu \u003C/li\u003E\n\u003Cli\u003EHeroku \u003C/li\u003E\n\u003Cli\u003EAmazon EC2, S3 \u003C/li\u003E\n\u003Cli\u003EGitHub/Bitbucket \u003C/li\u003E\n\u003Cli\u003EWe follow the best programming practices, such us: Test Driven Development, Continuos Integration\nWe use GIT as a version control system.\u003C/li\u003E\n\u003C/ul\u003E",
 "image": null,
 "products":
  [],
 "relationships":
  [],
 "competitions":
  [],
 "providerships":
  [],
 "total_money_raised": "$0",
 "funding_rounds":
  [],
 "investments":
  [],
 "acquisition": null,
 "acquisitions":
  [],
 "offices":
  [],
 "milestones":
  [],
 "ipo": null,
 "video_embeds":
  [],
 "screenshots":
  [{"available_sizes":
     [[[150,
        88],
       "http://api-images.crunchbase.com/assets/images/resized/0043/3749/433749v2-max-150x150.jpg"],
      [[250,
        146],
       "http://api-images.crunchbase.com/assets/images/resized/0043/3749/433749v2-max-250x250.jpg"],
      [[450,
        264],
       "http://api-images.crunchbase.com/assets/images/resized/0043/3749/433749v2-max-450x450.jpg"]],
    "attribution": null},
   {"available_sizes":
     [[[150,
        102],
       "http://api-images.crunchbase.com/assets/images/resized/0043/3750/433750v2-max-150x150.jpg"],
      [[250,
        170],
       "http://api-images.crunchbase.com/assets/images/resized/0043/3750/433750v2-max-250x250.jpg"],
      [[450,
        306],
       "http://api-images.crunchbase.com/assets/images/resized/0043/3750/433750v2-max-450x450.jpg"]],
    "attribution": null},
   {"available_sizes":
     [[[150,
        101],
       "http://api-images.crunchbase.com/assets/images/resized/0043/3751/433751v2-max-150x150.jpg"],
      [[250,
        169],
       "http://api-images.crunchbase.com/assets/images/resized/0043/3751/433751v2-max-250x250.jpg"],
      [[450,
        305],
       "http://api-images.crunchbase.com/assets/images/resized/0043/3751/433751v2-max-450x450.jpg"]],
    "attribution": null},
   {"available_sizes":
     [[[150,
        100],
       "http://api-images.crunchbase.com/assets/images/resized/0043/3752/433752v2-max-150x150.jpg"],
      [[250,
        167],
       "http://api-images.crunchbase.com/assets/images/resized/0043/3752/433752v2-max-250x250.jpg"],
      [[450,
        301],
       "http://api-images.crunchbase.com/assets/images/resized/0043/3752/433752v2-max-450x450.jpg"]],
    "attribution": null},
   {"available_sizes":
     [[[150,
        82],
       "http://api-images.crunchbase.com/assets/images/resized/0043/3753/433753v2-max-150x150.jpg"],
      [[250,
        138],
       "http://api-images.crunchbase.com/assets/images/resized/0043/3753/433753v2-max-250x250.jpg"],
      [[450,
        248],
       "http://api-images.crunchbase.com/assets/images/resized/0043/3753/433753v2-max-450x450.jpg"]],
    "attribution": null},
   {"available_sizes":
     [[[150,
        95],
       "http://api-images.crunchbase.com/assets/images/resized/0043/3754/433754v2-max-150x150.jpg"],
      [[250,
        159],
       "http://api-images.crunchbase.com/assets/images/resized/0043/3754/433754v2-max-250x250.jpg"],
      [[450,
        286],
       "http://api-images.crunchbase.com/assets/images/resized/0043/3754/433754v2-max-450x450.jpg"]],
    "attribution": null},
   {"available_sizes":
     [[[150,
        65],
       "http://api-images.crunchbase.com/assets/images/resized/0043/3755/433755v2-max-150x150.jpg"],
      [[250,
        109],
       "http://api-images.crunchbase.com/assets/images/resized/0043/3755/433755v2-max-250x250.jpg"],
      [[450,
        196],
       "http://api-images.crunchbase.com/assets/images/resized/0043/3755/433755v2-max-450x450.jpg"]],
    "attribution": null},
   {"available_sizes":
     [[[150,
        114],
       "http://api-images.crunchbase.com/assets/images/resized/0043/3756/433756v2-max-150x150.jpg"],
      [[250,
        190],
       "http://api-images.crunchbase.com/assets/images/resized/0043/3756/433756v2-max-250x250.jpg"],
      [[450,
        342],
       "http://api-images.crunchbase.com/assets/images/resized/0043/3756/433756v2-max-450x450.jpg"]],
    "attribution": null},
   {"available_sizes":
     [[[150,
        111],
       "http://api-images.crunchbase.com/assets/images/resized/0043/3757/433757v2-max-150x150.jpg"],
      [[250,
        185],
       "http://api-images.crunchbase.com/assets/images/resized/0043/3757/433757v2-max-250x250.jpg"],
      [[450,
        334],
       "http://api-images.crunchbase.com/assets/images/resized/0043/3757/433757v2-max-450x450.jpg"]],
    "attribution": null}],
 "external_links":
  [],
 "partners":
  []}
