{"name": "80Pct Solutions",
 "permalink": "80pct-solutions",
 "crunchbase_url": "http://www.crunchbase.com/company/80pct-solutions",
 "homepage_url": "http://80pct.com",
 "blog_url": "http://blog.80pct.com",
 "blog_feed_url": "",
 "twitter_username": "freedom_app",
 "category_code": "web",
 "number_of_employees": 5,
 "founded_year": 2011,
 "founded_month": 3,
 "founded_day": null,
 "deadpooled_year": null,
 "deadpooled_month": null,
 "deadpooled_day": null,
 "deadpooled_url": null,
 "tag_list": "80pct-solutions",
 "alias_list": null,
 "email_address": "support@80pct.com",
 "phone_number": "415-968-9172",
 "description": "Simply Reduce Digital Distractions",
 "created_at": "Fri Mar 07 04:09:26 UTC 2014",
 "updated_at": "Wed Mar 12 20:10:58 UTC 2014",
 "overview": "\u003Cp\u003E80Pct Solutions develops products that help people be more productive by reducing digital distractions across mobile and desktop computing platforms. \u003C/p\u003E\n\n\u003Cp\u003E80Pct Solutions products, Freedom and Anti-Social, are desktop/mobile apps that help people increase their productivity by reducing digital distractions.  80Pct products use behavioral self-regulation to interrupt the habitual cycle of distraction associated with social media, streaming sites, online games, etc. \u003C/p\u003E",
 "image":
  {"available_sizes":
    [[[150,
       120],
      "http://api-images.crunchbase.com/assets/images/resized/0042/8994/428994v2-max-150x150.jpg"],
     [[250,
       200],
      "http://api-images.crunchbase.com/assets/images/resized/0042/8994/428994v2-max-250x250.jpg"],
     [[450,
       360],
      "http://api-images.crunchbase.com/assets/images/resized/0042/8994/428994v2-max-450x450.jpg"]],
   "attribution": null},
 "products":
  [{"name": "80Pct Freedom",
    "permalink": "freedom"},
   {"name": "80Pct Anti-Social",
    "permalink": "anti-social"}],
 "relationships":
  [{"is_past": false,
    "title": "Founder",
    "person":
     {"first_name": "Fred",
      "last_name": "Stutzman",
      "permalink": "fred-stutzman"}}],
 "competitions":
  [],
 "providerships":
  [],
 "total_money_raised": "$0",
 "funding_rounds":
  [],
 "investments":
  [],
 "acquisition": null,
 "acquisitions":
  [],
 "offices":
  [{"description": "Chapel Hill",
    "address1": "321 W. Rosemary St",
    "address2": "",
    "zip_code": "27516",
    "city": "Chapel Hill",
    "state_code": "NC",
    "country_code": "USA",
    "latitude": null,
    "longitude": null}],
 "milestones":
  [],
 "ipo": null,
 "video_embeds":
  [],
 "screenshots":
  [],
 "external_links":
  [],
 "partners":
  []}
