{"name": "855-WIN-THE-CASE",
 "permalink": "855-win-the-case",
 "crunchbase_url": "http://www.crunchbase.com/company/855-win-the-case",
 "homepage_url": "http://855winthecase.com",
 "blog_url": "http://855winthecase.com/blog/",
 "blog_feed_url": "",
 "twitter_username": "855winthecase",
 "category_code": "legal",
 "number_of_employees": null,
 "founded_year": null,
 "founded_month": null,
 "founded_day": null,
 "deadpooled_year": null,
 "deadpooled_month": null,
 "deadpooled_day": null,
 "deadpooled_url": null,
 "tag_list": "personal-injury-attorney, car-accident-attorney, auto-accident-attorney, wrongful-death-attorney, motorcycle-accidents-attorney, slip-and-fall-accidents-attorney, dog-bite-attorney, medical-malpractice-attorney",
 "alias_list": null,
 "email_address": "ranjana.msspl@gmail.com",
 "phone_number": "8559468432",
 "description": "Qualified personal injury attorneys ",
 "created_at": "Thu Mar 20 15:26:50 UTC 2014",
 "updated_at": "Wed Apr 09 09:50:29 UTC 2014",
 "overview": "\u003Cp\u003E855-WIN-THE-CASE can help you find qualified personal injury attorneys in the town you live in and redirect you instantly, after you call! We work with the best lawyers that will surely win your case bringing you the maximum settlement amount! Contacting us can only bring you benefits, as there is nothing to lose! Visit today - 855winthecase\u003C/p\u003E\n\n\u003Cp\u003ERichard Sailer is one of the personal injury attorneys we work most closely with. He has been practicing negligence tort law for the past 14 years and has dealt with various complicated medical malpractice and wrongful death cases. Mr. Sailer is a member of:\u003C/p\u003E\n\n\u003Cul\u003E\n\u003Cli\u003EConsumer Attorneys Association of Los Angeles (CAALA)\u003C/li\u003E\n\u003Cli\u003ELos Angeles County Bar Association (LACBA)\u003C/li\u003E\n\u003Cli\u003EOrange County Trial Lawyers Association (OCTLA)\u003C/li\u003E\n\u003Cli\u003EThe State Bar of California\u003C/li\u003E\n\u003C/ul\u003E",
 "image":
  {"available_sizes":
    [[[150,
       41],
      "http://api-images.crunchbase.com/assets/images/resized/0043/8732/438732v2-max-150x150.jpg"],
     [[250,
       68],
      "http://api-images.crunchbase.com/assets/images/resized/0043/8732/438732v2-max-250x250.jpg"],
     [[269,
       74],
      "http://api-images.crunchbase.com/assets/images/resized/0043/8732/438732v2-max-450x450.jpg"]],
   "attribution": null},
 "products":
  [],
 "relationships":
  [],
 "competitions":
  [],
 "providerships":
  [],
 "total_money_raised": "$0",
 "funding_rounds":
  [],
 "investments":
  [],
 "acquisition": null,
 "acquisitions":
  [],
 "offices":
  [{"description": "",
    "address1": "7915 Painter Ave",
    "address2": "",
    "zip_code": "90602",
    "city": "Whittier",
    "state_code": "CA",
    "country_code": "USA",
    "latitude": null,
    "longitude": null}],
 "milestones":
  [],
 "ipo": null,
 "video_embeds":
  [],
 "screenshots":
  [],
 "external_links":
  [],
 "partners":
  []}
