{"name": "99degrees Custom",
 "permalink": "99degrees-custom",
 "crunchbase_url": "http://www.crunchbase.com/company/99degrees-custom",
 "homepage_url": "http://www.99degreescustom.com",
 "blog_url": "",
 "blog_feed_url": "",
 "twitter_username": "99Custom",
 "category_code": null,
 "number_of_employees": null,
 "founded_year": null,
 "founded_month": null,
 "founded_day": null,
 "deadpooled_year": null,
 "deadpooled_month": null,
 "deadpooled_day": null,
 "deadpooled_url": null,
 "tag_list": "",
 "alias_list": "",
 "email_address": "hello@99degreescustom.com",
 "phone_number": "\ufeff978.655.3362",
 "description": "",
 "created_at": "Mon Mar 31 21:51:16 UTC 2014",
 "updated_at": "Sat Apr 05 05:07:08 UTC 2014",
 "overview": "\u003Cp\u003E99C manufactures build-to-order apparel for the growing me-commerce market and serves as an economic mobility bridge for the local workforce in Lawrence and Lowell.\u003C/p\u003E",
 "image":
  {"available_sizes":
    [[[150,
       47],
      "http://api-images.crunchbase.com/assets/images/resized/0044/9688/449688v1-max-150x150.png"],
     [[250,
       78],
      "http://api-images.crunchbase.com/assets/images/resized/0044/9688/449688v1-max-250x250.png"],
     [[301,
       95],
      "http://api-images.crunchbase.com/assets/images/resized/0044/9688/449688v1-max-450x450.png"]],
   "attribution": null},
 "products":
  [],
 "relationships":
  [],
 "competitions":
  [],
 "providerships":
  [],
 "total_money_raised": "$100k",
 "funding_rounds":
  [{"id": 71138,
    "round_code": "seed",
    "source_url": "http://bostinno.streetwise.co/2013/10/30/boston-events-masschallenge-awards-2013-winners/",
    "source_description": "The Big Winners From This Year's MassChallenge Awards",
    "raised_amount": 100000.0,
    "raised_currency_code": "USD",
    "funded_year": 2013,
    "funded_month": 10,
    "funded_day": 30,
    "investments":
     [{"company":
        {"name": "MassChallenge",
         "permalink": "masschallenge"},
       "financial_org": null,
       "person": null}]}],
 "investments":
  [],
 "acquisition": null,
 "acquisitions":
  [],
 "offices":
  [{"description": "99Degrees Custom\u200b",
    "address1": "The Everett Mills",
    "address2": "15 Union Street Suite 205",
    "zip_code": "01840",
    "city": "Lawrence",
    "state_code": "MA",
    "country_code": "USA",
    "latitude": null,
    "longitude": null}],
 "milestones":
  [],
 "ipo": null,
 "video_embeds":
  [],
 "screenshots":
  [{"available_sizes":
     [[[150,
        85],
       "http://api-images.crunchbase.com/assets/images/resized/0044/9692/449692v1-max-150x150.png"],
      [[250,
        142],
       "http://api-images.crunchbase.com/assets/images/resized/0044/9692/449692v1-max-250x250.png"],
      [[450,
        256],
       "http://api-images.crunchbase.com/assets/images/resized/0044/9692/449692v1-max-450x450.png"]],
    "attribution": null}],
 "external_links":
  [{"external_url": "https://www.facebook.com/pages/99Degrees-Custom/338402889595041",
    "title": "facebook"}],
 "partners":
  []}
