{"name": "9Flava",
 "permalink": "9flava",
 "crunchbase_url": "http://www.crunchbase.com/company/9flava",
 "homepage_url": null,
 "blog_url": "",
 "blog_feed_url": "",
 "twitter_username": null,
 "category_code": "advertising",
 "number_of_employees": 10,
 "founded_year": 2011,
 "founded_month": 10,
 "founded_day": null,
 "deadpooled_year": null,
 "deadpooled_month": null,
 "deadpooled_day": null,
 "deadpooled_url": null,
 "tag_list": "",
 "alias_list": "\ub098\uc778\ud50c\ub77c\ubc14",
 "email_address": "contact@wepass.co.kr",
 "phone_number": "02-585-6194",
 "description": "",
 "created_at": "Wed Mar 19 07:45:46 UTC 2014",
 "updated_at": "Wed Mar 19 07:54:34 UTC 2014",
 "overview": "\u003Cp\u003E9Flava (\ub098\uc778\ud50c\ub77c\ubc14) is the Korean developer of Wepass, a mobile card service that provides target marketing to businesses through its point card system and data analysis. The system uses \u201cpoint\u201d QR codes which are printed on receipts through a program installed on store registers. Points or mileage from transactions are received by scanning the QR code. \u003C/p\u003E\n\n\u003Cp\u003EWepass also offers customer communication and target marketing through data analysis. By analyzing the purchasing patterns of customers through Wepass, the service can find the best target customers for stores. Participating stores can also send updates on new menu items or promotional coupons to customers through the app.\u003C/p\u003E\n\n\u003Cp\u003E9Flava was launched in October 2011.\u003C/p\u003E",
 "image":
  {"available_sizes":
    [[[150,
       150],
      "http://api-images.crunchbase.com/assets/images/resized/0043/7408/437408v1-max-150x150.png"],
     [[160,
       160],
      "http://api-images.crunchbase.com/assets/images/resized/0043/7408/437408v1-max-250x250.png"],
     [[160,
       160],
      "http://api-images.crunchbase.com/assets/images/resized/0043/7408/437408v1-max-450x450.png"]],
   "attribution": null},
 "products":
  [],
 "relationships":
  [],
 "competitions":
  [],
 "providerships":
  [],
 "total_money_raised": "$0",
 "funding_rounds":
  [],
 "investments":
  [],
 "acquisition": null,
 "acquisitions":
  [],
 "offices":
  [{"description": "",
    "address1": "10/1/1549",
    "address2": "Seocho-gu Seocho-dong",
    "zip_code": "137070",
    "city": "Seoul",
    "state_code": null,
    "country_code": "KOR",
    "latitude": null,
    "longitude": null}],
 "milestones":
  [],
 "ipo": null,
 "video_embeds":
  [],
 "screenshots":
  [{"available_sizes":
     [[[150,
        99],
       "http://api-images.crunchbase.com/assets/images/resized/0043/7406/437406v1-max-150x150.png"],
      [[250,
        166],
       "http://api-images.crunchbase.com/assets/images/resized/0043/7406/437406v1-max-250x250.png"],
      [[397,
        264],
       "http://api-images.crunchbase.com/assets/images/resized/0043/7406/437406v1-max-450x450.png"]],
    "attribution": null}],
 "external_links":
  [{"external_url": "https://www.facebook.com/wepasscard",
    "title": "Facebook"},
   {"external_url": "http://platum.kr/archives/16601",
    "title": "\ub098\uc778\ud50c\ub77c\ubc14, \ub2e4\uc74c\ucee4\ubba4\ub2c8\ucf00\uc774\uc158\uacfc \uc804\ub7b5\uc801 \uc81c\ud734 \uccb4\uacb0"},
   {"external_url": "http://www.fnnews.com/view?ra=Sent0901m_View\u0026corp=fnnews\u0026arcid=201208190100151670008870\u0026cDateYear=2012\u0026cDateMonth=08\u0026cDateDay=19",
    "title": "\ubaa8\ubc14\uc77c \uacf5\ub3d9 \uc801\ub9bd \uc571 \u2018\uc704\ud328\uc2a4\u2019 \ub9cc\ub4e0 \ubc15\uc131\uc900 \ub098\uc778\ud50c\ub77c\ubc14 \ub300\ud45c"},
   {"external_url": "http://www.econoj.com/news/articleView.html?idxno=574",
    "title": "\ucfe0\ud3f0, \uc774\uc81c \uc9c0\uac11\uc774 \uc544\ub2cc \u300c\uc2a4\ub9c8\ud2b8\ud3f0\u300d\uc5d0\uc11c \ucc3e\uc73c\uc138\uc694 20\ub300\ubd80\ud130 \ucc3d\uc5c5 \ub3c4\uc804"}],
 "partners":
  []}
