{"name": "A. Anthony Corp.",
 "permalink": "a-anthony-corp",
 "crunchbase_url": "http://www.crunchbase.com/company/a-anthony-corp",
 "homepage_url": "http://aanthonycorp.com",
 "blog_url": "",
 "blog_feed_url": "",
 "twitter_username": null,
 "category_code": "other",
 "number_of_employees": 50,
 "founded_year": 1999,
 "founded_month": 12,
 "founded_day": null,
 "deadpooled_year": null,
 "deadpooled_month": null,
 "deadpooled_day": null,
 "deadpooled_url": null,
 "tag_list": "",
 "alias_list": null,
 "email_address": "info@aanthonycorp.com",
 "phone_number": "800-818-4563",
 "description": "International Facility Management",
 "created_at": "Sat Mar 22 19:39:01 UTC 2014",
 "updated_at": "Mon Mar 31 04:36:32 UTC 2014",
 "overview": "",
 "image": null,
 "products":
  [],
 "relationships":
  [],
 "competitions":
  [],
 "providerships":
  [],
 "total_money_raised": "$0",
 "funding_rounds":
  [],
 "investments":
  [],
 "acquisition": null,
 "acquisitions":
  [],
 "offices":
  [{"description": "Operations Center",
    "address1": "530 Columbia Drive",
    "address2": "Suite 101",
    "zip_code": "13790",
    "city": "Johnson City",
    "state_code": "NY",
    "country_code": "USA",
    "latitude": null,
    "longitude": null},
   {"description": "Executive Offices",
    "address1": "115 West 7th Street",
    "address2": "Suite 300",
    "zip_code": "28202",
    "city": "Charlotte",
    "state_code": "NC",
    "country_code": "USA",
    "latitude": null,
    "longitude": null}],
 "milestones":
  [],
 "ipo": null,
 "video_embeds":
  [],
 "screenshots":
  [],
 "external_links":
  [],
 "partners":
  []}
