{"name": "A+ Network",
 "permalink": "a-network",
 "crunchbase_url": "http://www.crunchbase.com/company/a-network",
 "homepage_url": null,
 "blog_url": "",
 "blog_feed_url": "",
 "twitter_username": null,
 "category_code": null,
 "number_of_employees": null,
 "founded_year": 1989,
 "founded_month": null,
 "founded_day": null,
 "deadpooled_year": null,
 "deadpooled_month": null,
 "deadpooled_day": null,
 "deadpooled_url": null,
 "tag_list": "",
 "alias_list": "",
 "email_address": "",
 "phone_number": "",
 "description": "",
 "created_at": "Thu Mar 06 10:56:47 UTC 2014",
 "updated_at": "Thu Mar 13 23:07:43 UTC 2014",
 "overview": "\u003Cp\u003EA+ Network is a provider of paging, voicemail, cellular telephone and telemessaging services in the Southeastern United States.\u003C/p\u003E",
 "image":
  {"available_sizes":
    [[[150,
       90],
      "http://api-images.crunchbase.com/assets/images/resized/0042/8553/428553v1-max-150x150.png"],
     [[200,
       120],
      "http://api-images.crunchbase.com/assets/images/resized/0042/8553/428553v1-max-250x250.png"],
     [[200,
       120],
      "http://api-images.crunchbase.com/assets/images/resized/0042/8553/428553v1-max-450x450.png"]],
   "attribution": null},
 "products":
  [],
 "relationships":
  [],
 "competitions":
  [],
 "providerships":
  [],
 "total_money_raised": "$0",
 "funding_rounds":
  [{"id": 68062,
    "round_code": "unattributed",
    "source_url": "",
    "source_description": "",
    "raised_amount": null,
    "raised_currency_code": "USD",
    "funded_year": 1994,
    "funded_month": 4,
    "funded_day": 14,
    "investments":
     [{"company": null,
       "financial_org":
        {"name": "Summit Partners",
         "permalink": "summit-partners"},
       "person": null}]}],
 "investments":
  [],
 "acquisition":
  {"price_amount": null,
   "price_currency_code": "USD",
   "term_code": null,
   "source_url": "",
   "source_description": "",
   "acquired_year": 1997,
   "acquired_month": 7,
   "acquired_day": 9,
   "acquiring_company":
    {"name": "Metrocall",
     "permalink": "metrocall"}},
 "acquisitions":
  [],
 "offices":
  [{"description": "",
    "address1": "",
    "address2": "",
    "zip_code": "",
    "city": "Nashville",
    "state_code": "TN",
    "country_code": "USA",
    "latitude": null,
    "longitude": null}],
 "milestones":
  [],
 "ipo": null,
 "video_embeds":
  [],
 "screenshots":
  [],
 "external_links":
  [],
 "partners":
  []}
