{"name": "A \u0026 S Play Zone",
 "permalink": "a-s-play-zone",
 "crunchbase_url": "http://www.crunchbase.com/company/a-s-play-zone",
 "homepage_url": "http://www.asplayzone.com",
 "blog_url": "http://bouncehousedaytoncincinnati.blogspot.in/",
 "blog_feed_url": "",
 "twitter_username": "asplayzone",
 "category_code": "games_video",
 "number_of_employees": null,
 "founded_year": 2003,
 "founded_month": null,
 "founded_day": null,
 "deadpooled_year": null,
 "deadpooled_month": null,
 "deadpooled_day": null,
 "deadpooled_url": null,
 "tag_list": "party-rentals, inflatable-bounce-house-rentals",
 "alias_list": "",
 "email_address": "reservations@asplayzone.com",
 "phone_number": "513-315-9110",
 "description": "Best Party Rentals in Ohio!",
 "created_at": "Mon Mar 10 06:47:39 UTC 2014",
 "updated_at": "Thu Mar 20 13:18:19 UTC 2014",
 "overview": "\u003Cp\u003EA \u0026amp; S Play zone offers a great selection of Party Rental Items for Dayton and Cincinnati Ohio Rental customers with Moonwalk rentals, Inflatable rentals, Inflatable Slide rentals, bounce houses and much more.\u003C/p\u003E",
 "image":
  {"available_sizes":
    [[[150,
       105],
      "http://api-images.crunchbase.com/assets/images/resized/0043/0658/430658v2-max-150x150.png"],
     [[250,
       175],
      "http://api-images.crunchbase.com/assets/images/resized/0043/0658/430658v2-max-250x250.png"],
     [[450,
       315],
      "http://api-images.crunchbase.com/assets/images/resized/0043/0658/430658v2-max-450x450.png"]],
   "attribution": null},
 "products":
  [],
 "relationships":
  [],
 "competitions":
  [],
 "providerships":
  [],
 "total_money_raised": "$0",
 "funding_rounds":
  [],
 "investments":
  [],
 "acquisition": null,
 "acquisitions":
  [],
 "offices":
  [{"description": "",
    "address1": "",
    "address2": "300 Conover Drive",
    "zip_code": "45005",
    "city": "Franklin",
    "state_code": "OH",
    "country_code": "USA",
    "latitude": null,
    "longitude": null}],
 "milestones":
  [],
 "ipo": null,
 "video_embeds":
  [],
 "screenshots":
  [{"available_sizes":
     [[[150,
        119],
       "http://api-images.crunchbase.com/assets/images/resized/0043/8695/438695v1-max-150x150.png"],
      [[250,
        199],
       "http://api-images.crunchbase.com/assets/images/resized/0043/8695/438695v1-max-250x250.png"],
      [[450,
        358],
       "http://api-images.crunchbase.com/assets/images/resized/0043/8695/438695v1-max-450x450.png"]],
    "attribution": null}],
 "external_links":
  [],
 "partners":
  []}
