{"name": "A1 Mini U \u2013Store \u2013 It",
 "permalink": "a1-mini-u-store-it",
 "crunchbase_url": "http://www.crunchbase.com/company/a1-mini-u-store-it",
 "homepage_url": "http://www.a1mini.com",
 "blog_url": "",
 "blog_feed_url": "",
 "twitter_username": null,
 "category_code": null,
 "number_of_employees": null,
 "founded_year": null,
 "founded_month": null,
 "founded_day": null,
 "deadpooled_year": null,
 "deadpooled_month": null,
 "deadpooled_day": null,
 "deadpooled_url": null,
 "tag_list": "mini-storage-service, business-self-storage, business-storage-solutions, storage-lockers-rental",
 "alias_list": null,
 "email_address": "a1miniustore@outlook.com",
 "phone_number": "1-613-247-8673",
 "description": "We offer self storage amenities \u0026 packag",
 "created_at": "Tue Mar 11 05:06:40 UTC 2014",
 "updated_at": "Wed Mar 12 22:22:40 UTC 2014",
 "overview": "\u003Cp\u003EWe offer self storage amenities \u0026amp; packaging facilities that come with state-of-the-art security for personal \u0026amp; business use.\u003Cbr/\u003E\nOur storage features \u0026amp; conveniences include free truck rental, unlimited access, state-of-the-art security, flexible payment options \u0026amp; packaging supplies.\nA1 Mini U-Store-It does its best to provide a safe \u0026amp; secure environment while also providing packaging supplies boxes, furniture covers, foam chips \u0026amp; more.\u003C/p\u003E",
 "image":
  {"available_sizes":
    [[[150,
       51],
      "http://api-images.crunchbase.com/assets/images/resized/0043/1546/431546v2-max-150x150.png"],
     [[228,
       79],
      "http://api-images.crunchbase.com/assets/images/resized/0043/1546/431546v2-max-250x250.png"],
     [[228,
       79],
      "http://api-images.crunchbase.com/assets/images/resized/0043/1546/431546v2-max-450x450.png"]],
   "attribution": null},
 "products":
  [],
 "relationships":
  [],
 "competitions":
  [],
 "providerships":
  [],
 "total_money_raised": "$0",
 "funding_rounds":
  [],
 "investments":
  [],
 "acquisition": null,
 "acquisitions":
  [],
 "offices":
  [],
 "milestones":
  [],
 "ipo": null,
 "video_embeds":
  [],
 "screenshots":
  [],
 "external_links":
  [],
 "partners":
  []}
