{"name": "A1 Shower Screens",
 "permalink": "a1-shower-screens",
 "crunchbase_url": "http://www.crunchbase.com/company/a1-shower-screens",
 "homepage_url": "http://a1showerscreens.com.au",
 "blog_url": "",
 "blog_feed_url": "",
 "twitter_username": null,
 "category_code": "other",
 "number_of_employees": 7,
 "founded_year": null,
 "founded_month": null,
 "founded_day": null,
 "deadpooled_year": null,
 "deadpooled_month": null,
 "deadpooled_day": null,
 "deadpooled_url": null,
 "tag_list": "shower-screens, shower-screens-melbourne, shower-screens-dandenong, shower-screens-ringwood, shower-screens-berwick, shower-screens-cranbourne, shower-screens-knox, shower-screens-hallam",
 "alias_list": null,
 "email_address": "vicki@A1showerscreens.com.au",
 "phone_number": "03 9764 9444",
 "description": "shower screens Australia",
 "created_at": "Sat Apr 12 10:01:56 UTC 2014",
 "updated_at": "Mon Apr 14 01:10:52 UTC 2014",
 "overview": "\u003Cp\u003EA1 Shower Screens is a Melbourne based family owned business, with more than 35 years of experience. Located in Scoresby, we cater to surrounding suburbs like dandenong, rowvile, knox, ringwood, hallam, berwick, cranbourne and other eastern suburbs.\u003C/p\u003E",
 "image":
  {"available_sizes":
    [[[150,
       97],
      "http://api-images.crunchbase.com/assets/images/resized/0045/4480/454480v2-max-150x150.jpg"],
     [[154,
       100],
      "http://api-images.crunchbase.com/assets/images/resized/0045/4480/454480v2-max-250x250.jpg"],
     [[154,
       100],
      "http://api-images.crunchbase.com/assets/images/resized/0045/4480/454480v2-max-450x450.jpg"]],
   "attribution": null},
 "products":
  [],
 "relationships":
  [],
 "competitions":
  [],
 "providerships":
  [],
 "total_money_raised": "$0",
 "funding_rounds":
  [],
 "investments":
  [],
 "acquisition": null,
 "acquisitions":
  [],
 "offices":
  [],
 "milestones":
  [],
 "ipo": null,
 "video_embeds":
  [],
 "screenshots":
  [],
 "external_links":
  [],
 "partners":
  []}
