{"name": "AA Carpooling Website",
 "permalink": "aa-carpooling-website",
 "crunchbase_url": "http://www.crunchbase.com/company/aa-carpooling-website",
 "homepage_url": "http://www.aapinche.cn",
 "blog_url": "",
 "blog_feed_url": "",
 "twitter_username": null,
 "category_code": "web",
 "number_of_employees": null,
 "founded_year": null,
 "founded_month": null,
 "founded_day": null,
 "deadpooled_year": null,
 "deadpooled_month": null,
 "deadpooled_day": null,
 "deadpooled_url": null,
 "tag_list": "",
 "alias_list": "",
 "email_address": "",
 "phone_number": "",
 "description": "",
 "created_at": "Mon Mar 10 13:47:44 UTC 2014",
 "updated_at": "Mon Mar 17 09:24:30 UTC 2014",
 "overview": "\u003Cp\u003EAA Carpooling Website is founded by the Himalaya Tech, and is China\u2019s biggest, most innovative carpooling website and automobile sharing platform for carpooling information. \u003C/p\u003E\n\n\u003Cp\u003EThe company\u0026#8217;s goal is to let AA Spell Shared focus on an emerging field- the carpool, guide people to see carpool as a kind of meaningful, valuable travel behavior, and make carpooling\u0026#8217;s advantages benefit every aspect of people\u2019s life. \u003C/p\u003E\n\n\u003Cp\u003EBy the end of February, 2013, the number of AA Spell Shared website \u0026#8216;s registered users exceeded 3.5 million, and the registered vehicles was 50 thousand.\u003C/p\u003E\n\n\u003Cp\u003EThe fixe carpool routes were over one million.\u003C/p\u003E",
 "image":
  {"available_sizes":
    [[[150,
       65],
      "http://api-images.crunchbase.com/assets/images/resized/0043/1145/431145v1-max-150x150.png"],
     [[203,
       88],
      "http://api-images.crunchbase.com/assets/images/resized/0043/1145/431145v1-max-250x250.png"],
     [[203,
       88],
      "http://api-images.crunchbase.com/assets/images/resized/0043/1145/431145v1-max-450x450.png"]],
   "attribution": null},
 "products":
  [],
 "relationships":
  [{"is_past": false,
    "title": "Founder\u0026General Manager",
    "person":
     {"first_name": "Lichuan",
      "last_name": "Shen",
      "permalink": "lichuan-shen"}}],
 "competitions":
  [],
 "providerships":
  [],
 "total_money_raised": "$1.62M",
 "funding_rounds":
  [{"id": 68906,
    "round_code": "unattributed",
    "source_url": "",
    "source_description": "",
    "raised_amount": null,
    "raised_currency_code": "USD",
    "funded_year": 2013,
    "funded_month": 10,
    "funded_day": null,
    "investments":
     [{"company": null,
       "financial_org":
        {"name": "Zhonglu Capital",
         "permalink": "zhonglu-capital"},
       "person": null}]},
   {"id": 68907,
    "round_code": "a",
    "source_url": "",
    "source_description": "",
    "raised_amount": 1623640.0,
    "raised_currency_code": "USD",
    "funded_year": 2013,
    "funded_month": 3,
    "funded_day": null,
    "investments":
     []}],
 "investments":
  [],
 "acquisition": null,
 "acquisitions":
  [],
 "offices":
  [{"description": "",
    "address1": "",
    "address2": "",
    "zip_code": "",
    "city": "",
    "state_code": null,
    "country_code": "CHN",
    "latitude": null,
    "longitude": null}],
 "milestones":
  [],
 "ipo": null,
 "video_embeds":
  [],
 "screenshots":
  [{"available_sizes":
     [[[150,
        114],
       "http://api-images.crunchbase.com/assets/images/resized/0043/1146/431146v1-max-150x150.png"],
      [[250,
        190],
       "http://api-images.crunchbase.com/assets/images/resized/0043/1146/431146v1-max-250x250.png"],
      [[450,
        342],
       "http://api-images.crunchbase.com/assets/images/resized/0043/1146/431146v1-max-450x450.png"]],
    "attribution": null}],
 "external_links":
  [],
 "partners":
  [{"partner_name": "ct_quan",
    "homepage_url": "unknown",
    "link_1_url": null,
    "link_2_url": null,
    "link_3_url": null,
    "link_1_name": null,
    "link_2_name": null,
    "link_3_name": null}]}
