{"name": "AA Party",
 "permalink": "aa-party",
 "crunchbase_url": "http://www.crunchbase.com/company/aa-party",
 "homepage_url": "http://www.paidui.me",
 "blog_url": "",
 "blog_feed_url": "",
 "twitter_username": null,
 "category_code": "mobile",
 "number_of_employees": null,
 "founded_year": null,
 "founded_month": null,
 "founded_day": null,
 "deadpooled_year": null,
 "deadpooled_month": null,
 "deadpooled_day": null,
 "deadpooled_url": null,
 "tag_list": "",
 "alias_list": "",
 "email_address": "",
 "phone_number": "",
 "description": "",
 "created_at": "Fri Mar 21 10:35:51 UTC 2014",
 "updated_at": "Wed Mar 26 12:40:26 UTC 2014",
 "overview": "\u003Cp\u003EAA Party is a lifestyle application based on LBS for urban gathering. \u003C/p\u003E\n\n\u003Cp\u003EAA Party can help users find right people in \u0026#8220;the shortest time\u0026#8221; to do what they want to do together. \u003C/p\u003E\n\n\u003Cp\u003EAA party focuses on \u0026#8220;semi-stranger\u0026#8221; dating model, namelythe activity first and person second.\u003C/p\u003E\n\n\u003Cp\u003EWhile ensuring the timeliness of publishing and receiving groups\u0026#8217; demand, it can completely abandon the past social products\u0026#8217; making decision based on photos, so \u0026#8220;AA party\u0026#8221; has become the first domestic \u0026#8220;without faces\u0026#8221; social product.\u003C/p\u003E",
 "image":
  {"available_sizes":
    [[[150,
       62],
      "http://api-images.crunchbase.com/assets/images/resized/0043/9476/439476v1-max-150x150.png"],
     [[157,
       65],
      "http://api-images.crunchbase.com/assets/images/resized/0043/9476/439476v1-max-250x250.png"],
     [[157,
       65],
      "http://api-images.crunchbase.com/assets/images/resized/0043/9476/439476v1-max-450x450.png"]],
   "attribution": null},
 "products":
  [],
 "relationships":
  [{"is_past": false,
    "title": "Founder\u0026CEO",
    "person":
     {"first_name": "Leilei",
      "last_name": "Xia",
      "permalink": "leilei-wang"}}],
 "competitions":
  [],
 "providerships":
  [],
 "total_money_raised": "$0",
 "funding_rounds":
  [],
 "investments":
  [],
 "acquisition": null,
 "acquisitions":
  [],
 "offices":
  [{"description": "",
    "address1": "No. 3, Ding Hao Electronics Building A 8 layer 801 (Tsinghua Science Park West)",
    "address2": "Haidian District",
    "zip_code": "100080",
    "city": "Beijing",
    "state_code": null,
    "country_code": "CHN",
    "latitude": null,
    "longitude": null}],
 "milestones":
  [],
 "ipo": null,
 "video_embeds":
  [],
 "screenshots":
  [{"available_sizes":
     [[[150,
        111],
       "http://api-images.crunchbase.com/assets/images/resized/0043/9477/439477v1-max-150x150.png"],
      [[250,
        186],
       "http://api-images.crunchbase.com/assets/images/resized/0043/9477/439477v1-max-250x250.png"],
      [[450,
        335],
       "http://api-images.crunchbase.com/assets/images/resized/0043/9477/439477v1-max-450x450.png"]],
    "attribution": null}],
 "external_links":
  [],
 "partners":
  [{"partner_name": "ct_quan",
    "homepage_url": "unknown",
    "link_1_url": null,
    "link_2_url": null,
    "link_3_url": null,
    "link_1_name": null,
    "link_2_name": null,
    "link_3_name": null}]}
