{"name": "AAA Marble Care",
 "permalink": "aaa-marble-care",
 "crunchbase_url": "http://www.crunchbase.com/company/aaa-marble-care",
 "homepage_url": "http://www.aaamarblecare.com",
 "blog_url": "",
 "blog_feed_url": "",
 "twitter_username": null,
 "category_code": "local",
 "number_of_employees": null,
 "founded_year": null,
 "founded_month": null,
 "founded_day": null,
 "deadpooled_year": null,
 "deadpooled_month": null,
 "deadpooled_day": null,
 "deadpooled_url": null,
 "tag_list": "",
 "alias_list": null,
 "email_address": "David@AAAMarbleCare.com",
 "phone_number": "9549378453",
 "description": "AAA Marble Care is specialized in marble",
 "created_at": "Thu Mar 13 06:24:45 UTC 2014",
 "updated_at": "Thu Mar 13 17:25:11 UTC 2014",
 "overview": "\u003Cp\u003EAAA Marble Care is specialized in marble polishing and restoration, and offers highly dedicated services to change appearance of your home.\u00a0\u003C/p\u003E",
 "image":
  {"available_sizes":
    [[[150,
       50],
      "http://api-images.crunchbase.com/assets/images/resized/0043/3444/433444v2-max-150x150.jpg"],
     [[250,
       84],
      "http://api-images.crunchbase.com/assets/images/resized/0043/3444/433444v2-max-250x250.jpg"],
     [[339,
       115],
      "http://api-images.crunchbase.com/assets/images/resized/0043/3444/433444v2-max-450x450.jpg"]],
   "attribution": null},
 "products":
  [],
 "relationships":
  [],
 "competitions":
  [],
 "providerships":
  [],
 "total_money_raised": "$0",
 "funding_rounds":
  [],
 "investments":
  [],
 "acquisition": null,
 "acquisitions":
  [],
 "offices":
  [],
 "milestones":
  [],
 "ipo": null,
 "video_embeds":
  [],
 "screenshots":
  [],
 "external_links":
  [],
 "partners":
  []}
