{"name": "AAA Glass",
 "permalink": "aaa-glass",
 "crunchbase_url": "http://www.crunchbase.com/company/aaa-glass",
 "homepage_url": "http://www.aaaglass.com.au",
 "blog_url": "",
 "blog_feed_url": "",
 "twitter_username": null,
 "category_code": "local",
 "number_of_employees": null,
 "founded_year": null,
 "founded_month": null,
 "founded_day": null,
 "deadpooled_year": null,
 "deadpooled_month": null,
 "deadpooled_day": null,
 "deadpooled_url": null,
 "tag_list": "",
 "alias_list": null,
 "email_address": "enquiries@aaaglass.com.au",
 "phone_number": "(03) 9338 1281",
 "description": "glass repair",
 "created_at": "Thu Apr 10 16:52:35 UTC 2014",
 "updated_at": "Thu Apr 10 23:26:58 UTC 2014",
 "overview": "\u003Cp\u003EEstablished over 30 years ago, AAA Glass is a family owned business servicing all of Melbourne \u0026amp; surrounding. Glazing to Australian Safety Standards and also members of the Glass \u0026amp; Glazing Association AAA Glass also offer a 24 hour/7 day a week emergency shuttering service to secure your premises quickly \u0026amp; safely.\u003C/p\u003E\n\n\u003Cp\u003EWith our experienced \u0026amp; qualified team we aim to deliver 100% satisfaction with any repairs or maintenance undertaken.\u003C/p\u003E",
 "image": null,
 "products":
  [],
 "relationships":
  [],
 "competitions":
  [],
 "providerships":
  [],
 "total_money_raised": "$0",
 "funding_rounds":
  [],
 "investments":
  [],
 "acquisition": null,
 "acquisitions":
  [],
 "offices":
  [],
 "milestones":
  [],
 "ipo": null,
 "video_embeds":
  [],
 "screenshots":
  [],
 "external_links":
  [],
 "partners":
  []}
