{"name": "Aable Johns Tree Service",
 "permalink": "aable-johns-tree-service",
 "crunchbase_url": "http://www.crunchbase.com/company/aable-johns-tree-service",
 "homepage_url": "http://www.treejobs4less.com",
 "blog_url": "",
 "blog_feed_url": "",
 "twitter_username": null,
 "category_code": "other",
 "number_of_employees": null,
 "founded_year": null,
 "founded_month": null,
 "founded_day": null,
 "deadpooled_year": null,
 "deadpooled_month": null,
 "deadpooled_day": null,
 "deadpooled_url": null,
 "tag_list": "emergency-tree, tree-service, powder-springs, emergency-tree-removal, tree-removal-services",
 "alias_list": null,
 "email_address": "",
 "phone_number": "770-218-0068",
 "description": "Tree Service",
 "created_at": "Mon Mar 31 13:02:55 UTC 2014",
 "updated_at": "Thu Apr 03 23:50:09 UTC 2014",
 "overview": "\u003Cp\u003EAable John\u0026#8217;s Tree Service has been serving the tree service needs of North Fulton, Cobb, \u0026amp; Cherokee counties, including Alpharetta and Roswell homeowners for over the last 22 years. \nWe deliver the highest tree care services and offer the best customer service along the way.\nOur Company is BIG enough to handle the largest tree job and small enough to provide you with the service and attention that you deserve.\n We provide professional tree services to residential, commercial, municipal, and government customers in Atlanta for years. Aable Johns is one of the larger tree service companies in Philadelphia with several full time tree service crews, and many staffed employees including Contract Certified Arborists.\u003C/p\u003E",
 "image":
  {"available_sizes":
    [[[150,
       83],
      "http://api-images.crunchbase.com/assets/images/resized/0044/6366/446366v2-max-150x150.png"],
     [[250,
       138],
      "http://api-images.crunchbase.com/assets/images/resized/0044/6366/446366v2-max-250x250.png"],
     [[294,
       163],
      "http://api-images.crunchbase.com/assets/images/resized/0044/6366/446366v2-max-450x450.png"]],
   "attribution": null},
 "products":
  [],
 "relationships":
  [],
 "competitions":
  [],
 "providerships":
  [],
 "total_money_raised": "$0",
 "funding_rounds":
  [],
 "investments":
  [],
 "acquisition": null,
 "acquisitions":
  [],
 "offices":
  [{"description": "Aable Johns Tree Service",
    "address1": "1751 Bells Ferry Rd",
    "address2": "",
    "zip_code": "30066",
    "city": "Marietta",
    "state_code": "GA",
    "country_code": "USA",
    "latitude": null,
    "longitude": null}],
 "milestones":
  [],
 "ipo": null,
 "video_embeds":
  [],
 "screenshots":
  [],
 "external_links":
  [],
 "partners":
  []}
