{"name": "Aart",
 "permalink": "aart",
 "crunchbase_url": "http://www.crunchbase.com/company/aart",
 "homepage_url": null,
 "blog_url": "",
 "blog_feed_url": "",
 "twitter_username": null,
 "category_code": "design",
 "number_of_employees": 6,
 "founded_year": 2013,
 "founded_month": 2,
 "founded_day": 5,
 "deadpooled_year": null,
 "deadpooled_month": null,
 "deadpooled_day": null,
 "deadpooled_url": null,
 "tag_list": "",
 "alias_list": "",
 "email_address": "aartkorea@gmail.com",
 "phone_number": "7077799644",
 "description": "",
 "created_at": "Fri Mar 21 04:54:12 UTC 2014",
 "updated_at": "Fri Mar 21 05:12:42 UTC 2014",
 "overview": "\u003Cp\u003EAart (\uc5d0\uc774\uc544\ud2b8) is a Korean platform for artists. It aims to provide artists with high quality content with a cultural and artistic space in which to showcase their work. One of its mobile apps, Picsell, offers hundreds of artworks that can be used as mobile wallpapers for free.\u003C/p\u003E\n\n\u003Cp\u003EAart was launched on February 5, 2013, and is based in Gangnam-gu in Seoul, Korea.\u003C/p\u003E",
 "image":
  {"available_sizes":
    [[[150,
       70],
      "http://api-images.crunchbase.com/assets/images/resized/0043/9018/439018v1-max-150x150.png"],
     [[250,
       116],
      "http://api-images.crunchbase.com/assets/images/resized/0043/9018/439018v1-max-250x250.png"],
     [[450,
       210],
      "http://api-images.crunchbase.com/assets/images/resized/0043/9018/439018v1-max-450x450.png"]],
   "attribution": null},
 "products":
  [],
 "relationships":
  [],
 "competitions":
  [],
 "providerships":
  [],
 "total_money_raised": "$0",
 "funding_rounds":
  [],
 "investments":
  [],
 "acquisition": null,
 "acquisitions":
  [],
 "offices":
  [{"description": "",
    "address1": "Dong 196-6 2nd Floor",
    "address2": "Gangnam-gu Nonhyeon 1(il)-dong",
    "zip_code": "135011",
    "city": "Seoul",
    "state_code": null,
    "country_code": "KOR",
    "latitude": null,
    "longitude": null}],
 "milestones":
  [],
 "ipo": null,
 "video_embeds":
  [],
 "screenshots":
  [],
 "external_links":
  [{"external_url": "http://www.facebook.com/Aartkorea",
    "title": "Facebook"}],
 "partners":
  [{"partner_name": "rocket_punch",
    "homepage_url": "unknown",
    "link_1_url": "http://rocketpun.ch/company/aart",
    "link_2_url": null,
    "link_3_url": null,
    "link_1_name": "rocket_punch Page",
    "link_2_name": null,
    "link_3_name": null}]}
