{"name": "Abco Rental \u0026 Storage",
 "permalink": "abco-rental-storage",
 "crunchbase_url": "http://www.crunchbase.com/company/abco-rental-storage",
 "homepage_url": "http://abcorental.com",
 "blog_url": "",
 "blog_feed_url": "",
 "twitter_username": null,
 "category_code": "local",
 "number_of_employees": null,
 "founded_year": null,
 "founded_month": null,
 "founded_day": null,
 "deadpooled_year": null,
 "deadpooled_month": null,
 "deadpooled_day": null,
 "deadpooled_url": null,
 "tag_list": "storage-container, semi-trailer, box-trailer, office-trailer",
 "alias_list": null,
 "email_address": "acton.refrigeration.inc@gmail.com",
 "phone_number": "207-619-3491",
 "description": "storage container",
 "created_at": "Wed Mar 05 16:11:45 UTC 2014",
 "updated_at": "Wed Mar 05 21:40:05 UTC 2014",
 "overview": "\u003Cp\u003EAbco Rental \u0026amp; Storage, Inc. rents storage container, box trailer or mobile office. Call: 1-207-619-3491\u003C/p\u003E\n\n\u003Cp\u003EAbco Rental \u0026amp; Storage, Inc., a native Maine, family-owned company (originally part of Sanborn\u2019s Motor Express) has been renting mobile storage trailers in Maine for over 30 years. We deliver mobile storage units to you from our Scarborough, ME; Eliot, ME; Rowley, MA or Andover, MA yards. We also rent mobile storage containers to parts of New Hampshire and the North Shore Massachusetts area.\u003C/p\u003E\n\n\u003Cp\u003EOur ground-level, mobile storage containers come in two lengths: 20\u0026#8217; and 40\u0026#8217; long with lockable swing doors on one end. You may rent one, or more, for as long as you wish on a monthly basis. We will relocate empty units to another part of the yard or to a new site (e.g. construction job sites) if required.\u003C/p\u003E\n\n\u003Cp\u003EAbco Rental \u0026amp; Storage, Inc.\u0026#8217;s local drivers offer mobile office rental delivery to Maine, New Hampshire and Massachusetts sites. Abco Rental \u0026amp; Storage, Inc. mobile office rentals are ready to use, well maintained and meet your budget.\u003C/p\u003E\n\n\u003Cp\u003EAbco Rental \u0026amp; Storage, Inc. has box trailers for rent, ranging from 40\u0026#8217; to 53\u0026#8217; with either roll doors or swing doors.\u003C/p\u003E\n\n\u003Cp\u003EAbco Rental \u0026amp; Storage, Inc, 95 Pleasant Hill Rd \u2022 Scarborough, ME 04074\u003C/p\u003E",
 "image":
  {"available_sizes":
    [[[150,
       100],
      "http://api-images.crunchbase.com/assets/images/resized/0042/7885/427885v2-max-150x150.png"],
     [[250,
       167],
      "http://api-images.crunchbase.com/assets/images/resized/0042/7885/427885v2-max-250x250.png"],
     [[450,
       302],
      "http://api-images.crunchbase.com/assets/images/resized/0042/7885/427885v2-max-450x450.png"]],
   "attribution": null},
 "products":
  [],
 "relationships":
  [],
 "competitions":
  [],
 "providerships":
  [],
 "total_money_raised": "$0",
 "funding_rounds":
  [],
 "investments":
  [],
 "acquisition": null,
 "acquisitions":
  [],
 "offices":
  [],
 "milestones":
  [],
 "ipo": null,
 "video_embeds":
  [],
 "screenshots":
  [],
 "external_links":
  [],
 "partners":
  []}
