{"name": "Abril Media",
 "permalink": "abril-media",
 "crunchbase_url": "http://www.crunchbase.com/company/abril-media",
 "homepage_url": null,
 "blog_url": null,
 "blog_feed_url": null,
 "twitter_username": null,
 "category_code": null,
 "number_of_employees": null,
 "founded_year": null,
 "founded_month": null,
 "founded_day": null,
 "deadpooled_year": null,
 "deadpooled_month": null,
 "deadpooled_day": null,
 "deadpooled_url": null,
 "tag_list": null,
 "alias_list": null,
 "email_address": null,
 "phone_number": null,
 "description": null,
 "created_at": "Wed Mar 26 10:56:28 UTC 2014",
 "updated_at": "Wed Mar 26 10:56:28 UTC 2014",
 "overview": null,
 "image": null,
 "products":
  [],
 "relationships":
  [],
 "competitions":
  [],
 "providerships":
  [],
 "total_money_raised": "$0",
 "funding_rounds":
  [],
 "investments":
  [{"funding_round":
     {"round_code": "unattributed",
      "source_url": "",
      "source_description": "",
      "raised_amount": 650000.0,
      "raised_currency_code": "USD",
      "funded_year": 2013,
      "funded_month": 1,
      "funded_day": 15,
      "company":
       {"name": "Rock Content",
        "permalink": "rock-content"}}}],
 "acquisition": null,
 "acquisitions":
  [],
 "offices":
  [],
 "milestones":
  [],
 "ipo": null,
 "video_embeds":
  [],
 "screenshots":
  [],
 "external_links":
  [],
 "partners":
  []}
