{"name": "Abstract Plumbing",
 "permalink": "abstract-plumbing",
 "crunchbase_url": "http://www.crunchbase.com/company/abstract-plumbing",
 "homepage_url": "http://abstractplumbing.com.au",
 "blog_url": "",
 "blog_feed_url": "",
 "twitter_username": null,
 "category_code": "other",
 "number_of_employees": null,
 "founded_year": 2008,
 "founded_month": null,
 "founded_day": null,
 "deadpooled_year": null,
 "deadpooled_month": null,
 "deadpooled_day": null,
 "deadpooled_url": null,
 "tag_list": "24-hour-emergency-plumber-brisbane, brisbane-blocked-drains, brisbane-emergency-plumber, gas-fitter-brisbane, plumber-brisbane",
 "alias_list": null,
 "email_address": "sean@abstractplumbing.com.au",
 "phone_number": "07 3398 5599",
 "description": "Solutions With Service",
 "created_at": "Wed Apr 16 08:03:39 UTC 2014",
 "updated_at": "Wed Apr 16 23:16:00 UTC 2014",
 "overview": "\u003Cp\u003EAbstract Plumbing provides a wide range of commercial venture in plumbing services as well as bathroom renovations in Brisbane. Our plumbing team is skilled and guarantees to deliver the right solutions to your needs with the promise of health and safety management. Through understanding and applying our expertise, we can help you in all your needs including: Blocked drains, Gas installation and repairs, Leaking taps and toilets, Burst pipes, Downpipes, Roof and gutters, Drain camera, Backflow and TMV Testing, Rainwater tank installation, Bathroom renovations . Our team specialises in 24 hours plumbing service. Commercial property agents and owners, Government institutions, Residential homeowner are some of our happy clientele in our genre.\u003C/p\u003E",
 "image":
  {"available_sizes":
    [[[150,
       69],
      "http://api-images.crunchbase.com/assets/images/resized/0045/6727/456727v2-max-150x150.jpg"],
     [[250,
       115],
      "http://api-images.crunchbase.com/assets/images/resized/0045/6727/456727v2-max-250x250.jpg"],
     [[250,
       115],
      "http://api-images.crunchbase.com/assets/images/resized/0045/6727/456727v2-max-450x450.jpg"]],
   "attribution": null},
 "products":
  [],
 "relationships":
  [],
 "competitions":
  [],
 "providerships":
  [],
 "total_money_raised": "$0",
 "funding_rounds":
  [],
 "investments":
  [],
 "acquisition": null,
 "acquisitions":
  [],
 "offices":
  [],
 "milestones":
  [],
 "ipo": null,
 "video_embeds":
  [],
 "screenshots":
  [],
 "external_links":
  [],
 "partners":
  []}
