{"name": "ABT Security Systems",
 "permalink": "abt-security-systems",
 "crunchbase_url": "http://www.crunchbase.com/company/abt-security-systems",
 "homepage_url": "http://www.abtsystems.co.in",
 "blog_url": "",
 "blog_feed_url": "",
 "twitter_username": null,
 "category_code": "other",
 "number_of_employees": 20,
 "founded_year": 2009,
 "founded_month": null,
 "founded_day": null,
 "deadpooled_year": null,
 "deadpooled_month": null,
 "deadpooled_day": null,
 "deadpooled_url": null,
 "tag_list": "fire-safety, security-systems, wtp, stp, abt-security-systems",
 "alias_list": null,
 "email_address": "info@abtsystems.co.in",
 "phone_number": "+91-22-21663677",
 "description": "fire fighting and security",
 "created_at": "Thu Apr 10 08:20:53 UTC 2014",
 "updated_at": "Thu Apr 10 23:22:06 UTC 2014",
 "overview": "\u003Cp\u003EABT Security Systems Pvt. Ltd. is a leading player in the field of Building Technologies including Fire Protection, Plumbing, WTP, STP and Security Systems.\u003C/p\u003E",
 "image": null,
 "products":
  [],
 "relationships":
  [],
 "competitions":
  [],
 "providerships":
  [],
 "total_money_raised": "$0",
 "funding_rounds":
  [],
 "investments":
  [],
 "acquisition": null,
 "acquisitions":
  [],
 "offices":
  [{"description": "Head Office",
    "address1": "UG-299, Dreams The Mall",
    "address2": "Bhandup(W)",
    "zip_code": "400080",
    "city": "Mumbai",
    "state_code": null,
    "country_code": "IND",
    "latitude": null,
    "longitude": null}],
 "milestones":
  [],
 "ipo": null,
 "video_embeds":
  [],
 "screenshots":
  [],
 "external_links":
  [],
 "partners":
  []}
