{"name": "Abyz",
 "permalink": "abyz",
 "crunchbase_url": "http://www.crunchbase.com/company/abyz",
 "homepage_url": "http://www.publog.co.kr",
 "blog_url": "",
 "blog_feed_url": "",
 "twitter_username": "publog_abyz",
 "category_code": "web",
 "number_of_employees": 43,
 "founded_year": 2009,
 "founded_month": 11,
 "founded_day": null,
 "deadpooled_year": null,
 "deadpooled_month": null,
 "deadpooled_day": null,
 "deadpooled_url": null,
 "tag_list": "",
 "alias_list": "\uc544\ube44\uc988",
 "email_address": "publog@publog.co.kr",
 "phone_number": "02-364-4706",
 "description": "",
 "created_at": "Fri Mar 14 10:14:28 UTC 2014",
 "updated_at": "Fri Mar 14 10:16:22 UTC 2014",
 "overview": "\u003Cp\u003EAbyz (\uc544\ube44\uc988) is a Korean technology company offering digital photo book and album creation and printing services. Its online platform has integrated print-on-demand, blogging, and photo calendar development features.\u003C/p\u003E\n\n\u003Cp\u003EAbyz was the recipient of the Asia-Pacific Digital Printing award for three consecutive years from 2010 to 2012.\u003C/p\u003E\n\n\u003Cp\u003EAbyz was established in November 2009 in Seoul, Korea.\u003C/p\u003E",
 "image":
  {"available_sizes":
    [[[150,
       70],
      "http://api-images.crunchbase.com/assets/images/resized/0043/4611/434611v1-max-150x150.png"],
     [[200,
       94],
      "http://api-images.crunchbase.com/assets/images/resized/0043/4611/434611v1-max-250x250.png"],
     [[200,
       94],
      "http://api-images.crunchbase.com/assets/images/resized/0043/4611/434611v1-max-450x450.png"]],
   "attribution": null},
 "products":
  [],
 "relationships":
  [],
 "competitions":
  [],
 "providerships":
  [],
 "total_money_raised": "$0",
 "funding_rounds":
  [],
 "investments":
  [],
 "acquisition": null,
 "acquisitions":
  [],
 "offices":
  [{"description": "",
    "address1": "Tricyclic Digital Venture Tower 280-13 404 406 number",
    "address2": "Seongdong-gu Seongsu-dong 2(i)-ga",
    "zip_code": "133120",
    "city": "Seoul",
    "state_code": null,
    "country_code": "KOR",
    "latitude": null,
    "longitude": null}],
 "milestones":
  [],
 "ipo": null,
 "video_embeds":
  [],
 "screenshots":
  [{"available_sizes":
     [[[150,
        99],
       "http://api-images.crunchbase.com/assets/images/resized/0043/4610/434610v1-max-150x150.png"],
      [[250,
        166],
       "http://api-images.crunchbase.com/assets/images/resized/0043/4610/434610v1-max-250x250.png"],
      [[397,
        264],
       "http://api-images.crunchbase.com/assets/images/resized/0043/4610/434610v1-max-450x450.png"]],
    "attribution": null}],
 "external_links":
  [{"external_url": "https://www.facebook.com/publogabyz",
    "title": "Facebook"},
   {"external_url": "http://www.ddaily.co.kr/news/news_view.php?uid=62297",
    "title": "\ud55c\uad6dHP, \uc544\ube44\uc988\uc5d0 \uc778\ub514\uace0 \uc2dc\ub9ac\uc988 \uacf5\uae09"},
   {"external_url": "http://www.ddaily.co.kr/news/news_view.php?uid=82028",
    "title": "\uc544\ube44\uc988\u2219\ub514\ube44\ud14d, HP \uc544\ud0dc\uc9c0\uc5ed \ub514\uc9c0\ud138 \ud504\ub9b0\ud2b8 \uc5b4\uc6cc\ub4dc \uc218\uc0c1"},
   {"external_url": "http://www.datanet.co.kr/news/articleView.html?idxno=63966",
    "title": "\uc544\ube44\uc988, \ud37c\ube14\ub85c\uadf8 \ud0c1\uc0c1\uc6a9 \ubbf8\ub2c8 \ud3ec\ud1a0\ub2ec\ub825 \ucd9c\uc2dc"}],
 "partners":
  [{"partner_name": "rocket_punch",
    "homepage_url": "unknown",
    "link_1_url": "http://rocketpun.ch/company/abyz",
    "link_2_url": null,
    "link_3_url": null,
    "link_1_name": "rocket_punch Page",
    "link_2_name": null,
    "link_3_name": null}]}
