{"name": "AC \u0026 Friends GmbH",
 "permalink": "ac-friends-gmbh",
 "crunchbase_url": "http://www.crunchbase.com/company/ac-friends-gmbh",
 "homepage_url": null,
 "blog_url": null,
 "blog_feed_url": null,
 "twitter_username": null,
 "category_code": null,
 "number_of_employees": null,
 "founded_year": null,
 "founded_month": null,
 "founded_day": null,
 "deadpooled_year": null,
 "deadpooled_month": null,
 "deadpooled_day": null,
 "deadpooled_url": null,
 "tag_list": null,
 "alias_list": null,
 "email_address": null,
 "phone_number": null,
 "description": null,
 "created_at": "Wed Apr 02 22:17:04 UTC 2014",
 "updated_at": "Wed Apr 02 22:28:29 UTC 2014",
 "overview": null,
 "image": null,
 "products":
  [],
 "relationships":
  [],
 "competitions":
  [],
 "providerships":
  [],
 "total_money_raised": "$0",
 "funding_rounds":
  [],
 "investments":
  [{"funding_round":
     {"round_code": "angel",
      "source_url": "https://www.kompany.com/pr/company-information-portal-kompany-receives-2-5m-investment/",
      "source_description": "Company Information Portal kompany receives $2.5M investment",
      "raised_amount": 2500000.0,
      "raised_currency_code": "USD",
      "funded_year": 2014,
      "funded_month": 3,
      "funded_day": 28,
      "company":
       {"name": "kompany",
        "permalink": "kompany"}}}],
 "acquisition": null,
 "acquisitions":
  [],
 "offices":
  [],
 "milestones":
  [],
 "ipo": null,
 "video_embeds":
  [],
 "screenshots":
  [],
 "external_links":
  [],
 "partners":
  []}
