{"name": "Ac\u0131badem Medya",
 "permalink": "acbadem-medya",
 "crunchbase_url": "http://www.crunchbase.com/company/acbadem-medya",
 "homepage_url": "http://www.acibademmedya.com",
 "blog_url": "http://www.acibademmedya.com/blog",
 "blog_feed_url": "",
 "twitter_username": "acibademmedya",
 "category_code": "software",
 "number_of_employees": 10,
 "founded_year": 2008,
 "founded_month": 10,
 "founded_day": 16,
 "deadpooled_year": null,
 "deadpooled_month": null,
 "deadpooled_day": null,
 "deadpooled_url": null,
 "tag_list": "",
 "alias_list": "",
 "email_address": "",
 "phone_number": "+90 216 700 1196",
 "description": "",
 "created_at": "Thu Mar 06 07:06:57 UTC 2014",
 "updated_at": "Thu Mar 06 07:15:35 UTC 2014",
 "overview": "\u003Cp\u003EAc\u0131badem Medya is a web services platform offering media, web design, search engine optimization (SEO), and web application development solutions to competitive environments. It was founded on October 16, 2008.\u003C/p\u003E",
 "image":
  {"available_sizes":
    [[[150,
       22],
      "http://api-images.crunchbase.com/assets/images/resized/0042/8279/428279v1-max-150x150.png"],
     [[250,
       37],
      "http://api-images.crunchbase.com/assets/images/resized/0042/8279/428279v1-max-250x250.png"],
     [[450,
       67],
      "http://api-images.crunchbase.com/assets/images/resized/0042/8279/428279v1-max-450x450.png"]],
   "attribution": null},
 "products":
  [],
 "relationships":
  [],
 "competitions":
  [],
 "providerships":
  [],
 "total_money_raised": "$0",
 "funding_rounds":
  [],
 "investments":
  [],
 "acquisition": null,
 "acquisitions":
  [],
 "offices":
  [{"description": "",
    "address1": "Ac\u0131badem Mh. Ac\u0131badem Caddesi",
    "address2": "No:104 D:2 Kad\u0131k\u00f6y",
    "zip_code": "34718",
    "city": "\u0130stanbul",
    "state_code": null,
    "country_code": "TUR",
    "latitude": null,
    "longitude": null}],
 "milestones":
  [],
 "ipo": null,
 "video_embeds":
  [],
 "screenshots":
  [{"available_sizes":
     [[[150,
        70],
       "http://api-images.crunchbase.com/assets/images/resized/0042/8278/428278v1-max-150x150.png"],
      [[250,
        117],
       "http://api-images.crunchbase.com/assets/images/resized/0042/8278/428278v1-max-250x250.png"],
      [[450,
        210],
       "http://api-images.crunchbase.com/assets/images/resized/0042/8278/428278v1-max-450x450.png"]],
    "attribution": null}],
 "external_links":
  [{"external_url": "https://www.facebook.com/acibademmedya",
    "title": "Facebook"}],
 "partners":
  [{"partner_name": "webrazzi",
    "homepage_url": "unknown",
    "link_1_url": "http://vt.webrazzi.com/sirket/acibadem-medya",
    "link_2_url": null,
    "link_3_url": null,
    "link_1_name": "webrazzi Page",
    "link_2_name": null,
    "link_3_name": null}]}
