{"name": "Access Midstream Partners LP Investments",
 "permalink": "access-midstream-partners-lp-investments",
 "crunchbase_url": "http://www.crunchbase.com/company/access-midstream-partners-lp-investments",
 "homepage_url": null,
 "blog_url": null,
 "blog_feed_url": null,
 "twitter_username": null,
 "category_code": null,
 "number_of_employees": null,
 "founded_year": null,
 "founded_month": null,
 "founded_day": null,
 "deadpooled_year": null,
 "deadpooled_month": null,
 "deadpooled_day": null,
 "deadpooled_url": null,
 "tag_list": null,
 "alias_list": null,
 "email_address": null,
 "phone_number": null,
 "description": null,
 "created_at": "Thu Apr 03 10:04:33 UTC 2014",
 "updated_at": "Thu Apr 03 10:04:33 UTC 2014",
 "overview": null,
 "image": null,
 "products":
  [],
 "relationships":
  [],
 "competitions":
  [],
 "providerships":
  [],
 "total_money_raised": "$0",
 "funding_rounds":
  [],
 "investments":
  [],
 "acquisition":
  {"price_amount": 2250000000.0,
   "price_currency_code": "USD",
   "term_code": null,
   "source_url": "http://in.reuters.com/finance/stocks/WMB/key-developments/article/2664195",
   "source_description": "Williams Companies Inc Completes Acquisition Of Access Midstream Partners LP Investments For Total Consideration Approximately $2.25 Billion",
   "acquired_year": 2012,
   "acquired_month": 12,
   "acquired_day": 21,
   "acquiring_company":
    {"name": "The Williams Companies",
     "permalink": "the-williams-companies"}},
 "acquisitions":
  [],
 "offices":
  [],
 "milestones":
  [],
 "ipo": null,
 "video_embeds":
  [],
 "screenshots":
  [],
 "external_links":
  [],
 "partners":
  []}
