{"name": "aceitaFacil Pagamentos",
 "permalink": "aceitafacil-pagamentos",
 "crunchbase_url": "http://www.crunchbase.com/company/aceitafacil-pagamentos",
 "homepage_url": "http://aceitafacil.com",
 "blog_url": "http://aceitafacil.com/blog",
 "blog_feed_url": "",
 "twitter_username": "aceitafacil",
 "category_code": "software",
 "number_of_employees": 5,
 "founded_year": null,
 "founded_month": null,
 "founded_day": null,
 "deadpooled_year": null,
 "deadpooled_month": null,
 "deadpooled_day": null,
 "deadpooled_url": null,
 "tag_list": "online-payments, payment, creditcard, brazil, brasil, subscription, subscriptions, split-payment, split-payments",
 "alias_list": null,
 "email_address": "",
 "phone_number": "",
 "description": "Web \u0026 Mobile Payments for Entrepreneurs",
 "created_at": "Wed Mar 12 22:12:11 UTC 2014",
 "updated_at": "Thu Mar 13 01:22:23 UTC 2014",
 "overview": "\u003Cp\u003EThe fastest and easiest way to accept payments online.\u003C/p\u003E\n\n\u003Cp\u003EaceitaFacil handles split-payments, subscriptions, cupons and much more.\u003C/p\u003E\n\n\u003Cp\u003EBy supporting inovation, we allow you to focus on your business while we handle the payments.\u003C/p\u003E",
 "image":
  {"available_sizes":
    [[[150,
       50],
      "http://api-images.crunchbase.com/assets/images/resized/0043/3141/433141v2-max-150x150.png"],
     [[250,
       84],
      "http://api-images.crunchbase.com/assets/images/resized/0043/3141/433141v2-max-250x250.png"],
     [[450,
       152],
      "http://api-images.crunchbase.com/assets/images/resized/0043/3141/433141v2-max-450x450.png"]],
   "attribution": null},
 "products":
  [],
 "relationships":
  [],
 "competitions":
  [],
 "providerships":
  [],
 "total_money_raised": "$0",
 "funding_rounds":
  [],
 "investments":
  [],
 "acquisition": null,
 "acquisitions":
  [],
 "offices":
  [{"description": "HQ",
    "address1": "",
    "address2": "",
    "zip_code": "",
    "city": "S\u00e3o Paulo - SP",
    "state_code": null,
    "country_code": "BRA",
    "latitude": null,
    "longitude": null},
   {"description": "BH Office",
    "address1": "",
    "address2": "",
    "zip_code": "",
    "city": "Belo Horizonte - MG",
    "state_code": null,
    "country_code": "BRA",
    "latitude": null,
    "longitude": null}],
 "milestones":
  [],
 "ipo": null,
 "video_embeds":
  [],
 "screenshots":
  [],
 "external_links":
  [],
 "partners":
  []}
