{"name": "Acera",
 "permalink": "acera",
 "crunchbase_url": "http://www.crunchbase.com/company/acera",
 "homepage_url": null,
 "blog_url": "",
 "blog_feed_url": "",
 "twitter_username": null,
 "category_code": null,
 "number_of_employees": null,
 "founded_year": null,
 "founded_month": null,
 "founded_day": null,
 "deadpooled_year": null,
 "deadpooled_month": null,
 "deadpooled_day": null,
 "deadpooled_url": null,
 "tag_list": "",
 "alias_list": "",
 "email_address": "",
 "phone_number": "410-685-0012",
 "description": "",
 "created_at": "Fri Mar 14 12:05:37 UTC 2014",
 "updated_at": "Fri Mar 14 12:05:37 UTC 2014",
 "overview": "",
 "image": null,
 "products":
  [],
 "relationships":
  [{"is_past": false,
    "title": "Vice President",
    "person":
     {"first_name": "Michael",
      "last_name": "Epstein",
      "permalink": "michael-epstein"}}],
 "competitions":
  [],
 "providerships":
  [],
 "total_money_raised": "$0",
 "funding_rounds":
  [],
 "investments":
  [],
 "acquisition": null,
 "acquisitions":
  [],
 "offices":
  [{"description": "",
    "address1": "621 Ridgely Ave",
    "address2": "",
    "zip_code": "21014",
    "city": "Annapolis",
    "state_code": "MD",
    "country_code": "USA",
    "latitude": null,
    "longitude": null}],
 "milestones":
  [],
 "ipo": null,
 "video_embeds":
  [],
 "screenshots":
  [],
 "external_links":
  [],
 "partners":
  []}
