{"name": "Acetrum",
 "permalink": "acetrum",
 "crunchbase_url": "http://www.crunchbase.com/company/acetrum",
 "homepage_url": "http://www.acetrum.com",
 "blog_url": "http://website-design-and-development2013.blogspot.in/",
 "blog_feed_url": "",
 "twitter_username": "Acetrumtech",
 "category_code": "software",
 "number_of_employees": 9,
 "founded_year": 2013,
 "founded_month": 2,
 "founded_day": 2,
 "deadpooled_year": null,
 "deadpooled_month": null,
 "deadpooled_day": null,
 "deadpooled_url": null,
 "tag_list": "acetrum, website, development, design, seo, cms",
 "alias_list": null,
 "email_address": "services@acetrum.com",
 "phone_number": "7838572490",
 "description": "website development company",
 "created_at": "Sat Apr 12 08:42:48 UTC 2014",
 "updated_at": "Mon Apr 14 01:10:04 UTC 2014",
 "overview": "\u003Cp\u003EOur development process involves Consulting, Planning, Development, Integration, Testing, Support and maintenance. We consult with you and determine your high level objective for project .details to establish all required parameters, goals and overall tasks. In planning, time frames and costs of every phase of the project development and implementation. During the development stage the customer has full access to all activities in this process and is able to change and modify any aspect of the final solution at any time. At this stage the solution is ready to be integrated into the client\u2019s business process. Supporting stage includes bug fixes, adjustments, corrections etc.\u003C/p\u003E",
 "image":
  {"available_sizes":
    [[[150,
       125],
      "http://api-images.crunchbase.com/assets/images/resized/0045/4442/454442v2-max-150x150.jpg"],
     [[250,
       208],
      "http://api-images.crunchbase.com/assets/images/resized/0045/4442/454442v2-max-250x250.jpg"],
     [[450,
       375],
      "http://api-images.crunchbase.com/assets/images/resized/0045/4442/454442v2-max-450x450.jpg"]],
   "attribution": null},
 "products":
  [],
 "relationships":
  [],
 "competitions":
  [],
 "providerships":
  [],
 "total_money_raised": "$0",
 "funding_rounds":
  [],
 "investments":
  [],
 "acquisition": null,
 "acquisitions":
  [],
 "offices":
  [],
 "milestones":
  [],
 "ipo": null,
 "video_embeds":
  [],
 "screenshots":
  [],
 "external_links":
  [],
 "partners":
  []}
