{"name": "Acies Corporation",
 "permalink": "acies-corporation",
 "crunchbase_url": "http://www.crunchbase.com/company/acies-corporation",
 "homepage_url": null,
 "blog_url": null,
 "blog_feed_url": null,
 "twitter_username": null,
 "category_code": null,
 "number_of_employees": null,
 "founded_year": null,
 "founded_month": null,
 "founded_day": null,
 "deadpooled_year": null,
 "deadpooled_month": null,
 "deadpooled_day": null,
 "deadpooled_url": null,
 "tag_list": null,
 "alias_list": null,
 "email_address": null,
 "phone_number": null,
 "description": null,
 "created_at": "Tue Apr 01 13:57:28 UTC 2014",
 "updated_at": "Tue Apr 01 13:57:28 UTC 2014",
 "overview": null,
 "image": null,
 "products":
  [],
 "relationships":
  [{"is_past": true,
    "title": "President, Chief Executive Officer and Secretary",
    "person":
     {"first_name": "Oleg",
      "last_name": "Firer",
      "permalink": "oleg-firer"}},
   {"is_past": true,
    "title": "Director",
    "person":
     {"first_name": "Oleg",
      "last_name": "Firer",
      "permalink": "oleg-firer"}},
   {"is_past": true,
    "title": "Chief Strategy Officer",
    "person":
     {"first_name": "Steven",
      "last_name": "Wolberg",
      "permalink": "steven-wolberg"}},
   {"is_past": true,
    "title": "Consultant",
    "person":
     {"first_name": "Steven",
      "last_name": "Wolberg",
      "permalink": "steven-wolberg"}},
   {"is_past": true,
    "title": "Treasurer",
    "person":
     {"first_name": "Oleg",
      "last_name": "Firer",
      "permalink": "oleg-firer"}},
   {"is_past": true,
    "title": "Board of Directors",
    "person":
     {"first_name": "Steven",
      "last_name": "Wolberg",
      "permalink": "steven-wolberg"}}],
 "competitions":
  [],
 "providerships":
  [],
 "total_money_raised": "$0",
 "funding_rounds":
  [],
 "investments":
  [],
 "acquisition": null,
 "acquisitions":
  [],
 "offices":
  [],
 "milestones":
  [],
 "ipo": null,
 "video_embeds":
  [],
 "screenshots":
  [],
 "external_links":
  [],
 "partners":
  []}
