{"name": "Acme Cleveland Corporation",
 "permalink": "acme-cleveland-corporation",
 "crunchbase_url": "http://www.crunchbase.com/company/acme-cleveland-corporation",
 "homepage_url": null,
 "blog_url": null,
 "blog_feed_url": null,
 "twitter_username": null,
 "category_code": null,
 "number_of_employees": null,
 "founded_year": null,
 "founded_month": null,
 "founded_day": null,
 "deadpooled_year": null,
 "deadpooled_month": null,
 "deadpooled_day": null,
 "deadpooled_url": null,
 "tag_list": null,
 "alias_list": null,
 "email_address": null,
 "phone_number": null,
 "description": null,
 "created_at": "Tue Mar 25 09:38:16 UTC 2014",
 "updated_at": "Tue Mar 25 09:38:16 UTC 2014",
 "overview": null,
 "image": null,
 "products":
  [],
 "relationships":
  [{"is_past": true,
    "title": "President and Chief Operating Officer",
    "person":
     {"first_name": "James",
      "last_name": "T. Bartlett",
      "permalink": "james-t-bartlett"}}],
 "competitions":
  [],
 "providerships":
  [],
 "total_money_raised": "$0",
 "funding_rounds":
  [],
 "investments":
  [],
 "acquisition": null,
 "acquisitions":
  [],
 "offices":
  [],
 "milestones":
  [],
 "ipo": null,
 "video_embeds":
  [],
 "screenshots":
  [],
 "external_links":
  [],
 "partners":
  []}
