{"name": "Across The Universe",
 "permalink": "across-the-universe",
 "crunchbase_url": "http://www.crunchbase.com/company/across-the-universe",
 "homepage_url": null,
 "blog_url": "",
 "blog_feed_url": "",
 "twitter_username": null,
 "category_code": "games_video",
 "number_of_employees": null,
 "founded_year": null,
 "founded_month": null,
 "founded_day": null,
 "deadpooled_year": null,
 "deadpooled_month": null,
 "deadpooled_day": null,
 "deadpooled_url": null,
 "tag_list": "",
 "alias_list": "",
 "email_address": "",
 "phone_number": "",
 "description": "",
 "created_at": "Fri Apr 11 10:25:43 UTC 2014",
 "updated_at": "Fri Apr 11 10:25:42 UTC 2014",
 "overview": "\u003Cp\u003EAcross The Universe  is a  2D Rogue-like action game on multi-platforms. \u003C/p\u003E",
 "image": null,
 "products":
  [],
 "relationships":
  [],
 "competitions":
  [],
 "providerships":
  [],
 "total_money_raised": "$12.5k",
 "funding_rounds":
  [{"id": 72180,
    "round_code": "seed",
    "source_url": "",
    "source_description": "",
    "raised_amount": 12500.0,
    "raised_currency_code": "USD",
    "funded_year": 2014,
    "funded_month": 1,
    "funded_day": 1,
    "investments":
     [{"company":
        {"name": "Cyberport Hong Kong",
         "permalink": "cyberport-hong-kong"},
       "financial_org": null,
       "person": null}]}],
 "investments":
  [],
 "acquisition": null,
 "acquisitions":
  [],
 "offices":
  [],
 "milestones":
  [],
 "ipo": null,
 "video_embeds":
  [],
 "screenshots":
  [],
 "external_links":
  [],
 "partners":
  []}
