{"name": "ACS Healthcare Solutions",
 "permalink": "acs-healthcare-solutions",
 "crunchbase_url": "http://www.crunchbase.com/company/acs-healthcare-solutions",
 "homepage_url": null,
 "blog_url": null,
 "blog_feed_url": null,
 "twitter_username": null,
 "category_code": null,
 "number_of_employees": null,
 "founded_year": null,
 "founded_month": null,
 "founded_day": null,
 "deadpooled_year": null,
 "deadpooled_month": null,
 "deadpooled_day": null,
 "deadpooled_url": null,
 "tag_list": null,
 "alias_list": null,
 "email_address": null,
 "phone_number": null,
 "description": null,
 "created_at": "Thu Mar 06 15:14:26 UTC 2014",
 "updated_at": "Thu Mar 06 15:14:26 UTC 2014",
 "overview": null,
 "image": null,
 "products":
  [],
 "relationships":
  [{"is_past": true,
    "title": "Senior Vice President, Sales and Marketing Healthcare Solutions",
    "person":
     {"first_name": "John",
      "last_name": "Hinton",
      "permalink": "john-hinton"}},
   {"is_past": true,
    "title": "President and Managing Director",
    "person":
     {"first_name": "Darin",
      "last_name": "K. LeGrange",
      "permalink": "darin-k-legrange"}}],
 "competitions":
  [],
 "providerships":
  [],
 "total_money_raised": "$0",
 "funding_rounds":
  [],
 "investments":
  [],
 "acquisition": null,
 "acquisitions":
  [],
 "offices":
  [],
 "milestones":
  [],
 "ipo": null,
 "video_embeds":
  [],
 "screenshots":
  [],
 "external_links":
  [],
 "partners":
  []}
