{"name": "Activu Corporation",
 "permalink": "activu-corporation",
 "crunchbase_url": "http://www.crunchbase.com/company/activu-corporation",
 "homepage_url": "http://www.activu.com",
 "blog_url": "",
 "blog_feed_url": "",
 "twitter_username": "activu",
 "category_code": "software",
 "number_of_employees": 65,
 "founded_year": 1983,
 "founded_month": null,
 "founded_day": null,
 "deadpooled_year": null,
 "deadpooled_month": null,
 "deadpooled_day": null,
 "deadpooled_url": null,
 "tag_list": "",
 "alias_list": null,
 "email_address": "info@activu.com",
 "phone_number": "(973) 366-5550 ",
 "description": "Network based video walls and software",
 "created_at": "Tue Mar 11 19:58:07 UTC 2014",
 "updated_at": "Wed Mar 19 17:30:05 UTC 2014",
 "overview": "\u003Cp\u003EActivu Corporation is a software and services company delivering innovative visualization and collaboration solutions for mission-critical command and control environments. Since 1983, we have been designing and building large scale video display walls and customized visualization solutions that help organizations improve their collaborative information sharing and decision making capabilities.\u003C/p\u003E\n\n\u003Cp\u003EActivu provides state-of-the-art video wall design and software for command and control center environments. Activu enables customers to complete their missions by allowing for quick and sound decision making. We provide capabilities that support: information sharing; mission specific applications and enterprise integration solutions. Activu\u2019s intelligent video wall display systems significantly improve situational awareness by helping to develop a common operating picture and providing collaboration. \u003C/p\u003E\n\n\u003Cp\u003EThe Activu software suite delivers a powerful feature set for enabling organizations to accelerate communications and decision making capabilities, providing more robust tools for peer-to-peer collaboration and reducing overall bandwidth utilization. \u003C/p\u003E\n\n\u003Cp\u003EOur solution combines mission-critical information into an integrated and coherent visual display. With intelligent visualization, every team member at the Command and Control Center and beyond can see a common operating picture. Team members can respond to the same actionable intelligence: on video walls, workstations, laptops, tablets and smartphones, irrespective of location. Activu allows for collaboration across the organization and even in the field. This saves decision-making and response time and significantly improves collaborative decision-making.\u003C/p\u003E",
 "image":
  {"available_sizes":
    [[[150,
       44],
      "http://api-images.crunchbase.com/assets/images/resized/0043/2286/432286v2-max-150x150.tiff"],
     [[250,
       74],
      "http://api-images.crunchbase.com/assets/images/resized/0043/2286/432286v2-max-250x250.tiff"],
     [[450,
       133],
      "http://api-images.crunchbase.com/assets/images/resized/0043/2286/432286v2-max-450x450.tiff"]],
   "attribution": null},
 "products":
  [],
 "relationships":
  [],
 "competitions":
  [],
 "providerships":
  [],
 "total_money_raised": "$0",
 "funding_rounds":
  [],
 "investments":
  [],
 "acquisition": null,
 "acquisitions":
  [],
 "offices":
  [{"description": "Headquarters",
    "address1": "301 Round Hill Drive",
    "address2": "",
    "zip_code": "07866",
    "city": "Rockaway",
    "state_code": "NJ",
    "country_code": "USA",
    "latitude": null,
    "longitude": null}],
 "milestones":
  [],
 "ipo": null,
 "video_embeds":
  [],
 "screenshots":
  [],
 "external_links":
  [],
 "partners":
  []}
