{"name": "Acton Refrigeration",
 "permalink": "acton-refrigeration",
 "crunchbase_url": "http://www.crunchbase.com/company/acton-refrigeration",
 "homepage_url": "http://actonrefrigeration.com",
 "blog_url": "",
 "blog_feed_url": "",
 "twitter_username": null,
 "category_code": null,
 "number_of_employees": null,
 "founded_year": null,
 "founded_month": null,
 "founded_day": null,
 "deadpooled_year": null,
 "deadpooled_month": null,
 "deadpooled_day": null,
 "deadpooled_url": null,
 "tag_list": "refrigeration, air-conditioning, heating, gas-furnace, oil-furnace, amana, lennox, mitsubishi, thermostat",
 "alias_list": null,
 "email_address": "acton.refrigeration.inc@gmail.com",
 "phone_number": "978-486-4656",
 "description": "Refrigeration \u0026 Air Conditioning",
 "created_at": "Wed Mar 05 16:34:31 UTC 2014",
 "updated_at": "Wed Mar 05 21:40:13 UTC 2014",
 "overview": "\u003Cp\u003EActon Refrigeration, Inc. provides System Design, Sales, Installation and Service of Air Conditioning, Heating, Refrigeration, Air Filtration, Air Purification and Sheet-metal Fabrication. Acton Refrigeration, Inc. was established in 1972 by Bruce Morrison.\u003C/p\u003E\n\n\u003Cp\u003EActon Refrigeration, Inc holds certification in Air Conditioning, Air Distribution, Air to Air Heat Pumps, Oil Furnaces, Hydronic-Gas, Refrigeration Light Commercial and Refrigeration Commercial for service and installation on all above mentioned \u003C/p\u003E\n\n\u003Cp\u003EBruce holds License Sheet Metal Workers As A Business #316, Sheet Metal Workers As A Master-Unrestricted #754, Contractors License  Refrigeration Contractors license #000895, Refrigeration Technicians License # RT003550, Master pipe-fitters License #PM021826 and Construction Supervisors License #4141\u003C/p\u003E\n\n\u003Cp\u003EActon Refrigeration, Inc is the diamond dealer of Amana, Lennox \u0026amp; Mitsubishi products\u0026#8230;\u003C/p\u003E\n\n\u003Cp\u003ETo enjoy our sevice, Please call at 978-486-4656\u0026#8230;\u003C/p\u003E\n\n\u003Cp\u003EActon Refrigeration, Inc 241 Taylor St., Littleton, MA 01460\u003C/p\u003E\n\n\u003Cp\u003EServing: Acton, MA 01720 | Ayer, MA 01432 | Bedford, MA 01730 | Boxborough, MA 01710 | Carlisle, MA 01741 | Chelmsford, MA 01824 | North Chelmsford, MA 01863 | Concord, MA 01742 | Groton, MA 01450 | West Groton, MA 01472 | Harvard, MA 01451 | Hudson, MA 01749 | Littleton, MA 01460 | Leomster, MA 01453 | Lexington, MA 02173 | Lincoln, MA 01773 | Lunenburg, MA 01462 | Marlborough, MA 01752 |  Maynard, MA 01754 | Pepperell, MA 01463 | Shirley, MA 01464 | Shirley Center, MA 01465 | Stow, MA 01775 | Sudbury, MA 01776 | Townsend, MA 01469 | West Townsend, MA 01474 | Wayland, MA 01778 |  Westford, MA 01886 | Weston, MA 02193\u003C/p\u003E",
 "image":
  {"available_sizes":
    [[[150,
       147],
      "http://api-images.crunchbase.com/assets/images/resized/0042/7897/427897v2-max-150x150.jpg"],
     [[250,
       246],
      "http://api-images.crunchbase.com/assets/images/resized/0042/7897/427897v2-max-250x250.jpg"],
     [[290,
       286],
      "http://api-images.crunchbase.com/assets/images/resized/0042/7897/427897v2-max-450x450.jpg"]],
   "attribution": null},
 "products":
  [],
 "relationships":
  [],
 "competitions":
  [],
 "providerships":
  [],
 "total_money_raised": "$0",
 "funding_rounds":
  [],
 "investments":
  [],
 "acquisition": null,
 "acquisitions":
  [],
 "offices":
  [],
 "milestones":
  [],
 "ipo": null,
 "video_embeds":
  [],
 "screenshots":
  [],
 "external_links":
  [],
 "partners":
  []}
