{"name": "Ad Venture",
 "permalink": "ad-venture",
 "crunchbase_url": "http://www.crunchbase.com/company/ad-venture",
 "homepage_url": null,
 "blog_url": "",
 "blog_feed_url": "",
 "twitter_username": null,
 "category_code": null,
 "number_of_employees": 3,
 "founded_year": 2013,
 "founded_month": 12,
 "founded_day": 12,
 "deadpooled_year": null,
 "deadpooled_month": null,
 "deadpooled_day": null,
 "deadpooled_url": null,
 "tag_list": "television, advertising, advertising-technology, broadcast-technology",
 "alias_list": null,
 "email_address": "bob.haynes@ad-venture.tv",
 "phone_number": "07789992879",
 "description": "Highly targeted TV advertising",
 "created_at": "Mon Mar 10 12:32:54 UTC 2014",
 "updated_at": "Wed Mar 12 21:58:34 UTC 2014",
 "overview": "\u003Cp\u003EAd Venture enables TV broadcasters to serve their audience with accountable, interactive and highly targeted advertising  on a single user basis.\u003C/p\u003E\n\n\u003Cp\u003EOur first product enables broadcasters to frame accurately replace existing commercial ad-spots targeted at single audience members.The advertising we inject uses extended VAST tracking tags to accurately provide both broadcaster and advertiser with return path data directly from the users device. The service also offers support for interactive and contextual overlays that can be superimposed on both programme and ad content. Examples of this include in-advert purchasing, unique coupons, quizzes, polls and location based information. Our product has been trialled extensively on a commercial basis, with Channel 4 and is ready for global roll-out.\u003C/p\u003E",
 "image":
  {"available_sizes":
    [[[150,
       32],
      "http://api-images.crunchbase.com/assets/images/resized/0043/1074/431074v2-max-150x150.jpg"],
     [[250,
       54],
      "http://api-images.crunchbase.com/assets/images/resized/0043/1074/431074v2-max-250x250.jpg"],
     [[450,
       98],
      "http://api-images.crunchbase.com/assets/images/resized/0043/1074/431074v2-max-450x450.jpg"]],
   "attribution": null},
 "products":
  [],
 "relationships":
  [{"is_past": false,
    "title": "CEO",
    "person":
     {"first_name": "Bob",
      "last_name": "Haynes",
      "permalink": "bob-haynes"}},
   {"is_past": false,
    "title": "CTO",
    "person":
     {"first_name": "Adam",
      "last_name": "Thomas",
      "permalink": "adam-thomas-2"}},
   {"is_past": false,
    "title": "Operations Manager",
    "person":
     {"first_name": "Eva",
      "last_name": "Pang",
      "permalink": "eva-pang"}}],
 "competitions":
  [{"competitor":
     {"name": "Yospace Technologies",
      "permalink": "yospace-technologies"}},
   {"competitor":
     {"name": "FreeWheel",
      "permalink": "freewheel"}},
   {"competitor":
     {"name": "Unicorn Media",
      "permalink": "unicorn-media"}}],
 "providerships":
  [],
 "total_money_raised": "\u00a360k",
 "funding_rounds":
  [{"id": 68689,
    "round_code": "seed",
    "source_url": "",
    "source_description": "",
    "raised_amount": 60000.0,
    "raised_currency_code": "GBP",
    "funded_year": 2014,
    "funded_month": 1,
    "funded_day": 1,
    "investments":
     [{"company": null,
       "financial_org":
        {"name": "Collider",
         "permalink": "collider"},
       "person": null}]}],
 "investments":
  [],
 "acquisition": null,
 "acquisitions":
  [],
 "offices":
  [],
 "milestones":
  [],
 "ipo": null,
 "video_embeds":
  [],
 "screenshots":
  [],
 "external_links":
  [],
 "partners":
  []}
