{"name": "Adams Golf",
 "permalink": "adams-golf",
 "crunchbase_url": "http://www.crunchbase.com/company/adams-golf",
 "homepage_url": "http://www.adamsgolf.com",
 "blog_url": "http://www.adamsgolf.com/blog/",
 "blog_feed_url": "http://www.adamsgolf.com/blog//feed",
 "twitter_username": "AdamsGolf",
 "category_code": "sports",
 "number_of_employees": null,
 "founded_year": 1991,
 "founded_month": null,
 "founded_day": null,
 "deadpooled_year": null,
 "deadpooled_month": null,
 "deadpooled_day": null,
 "deadpooled_url": null,
 "tag_list": "golf, sports, athletes",
 "alias_list": "",
 "email_address": "",
 "phone_number": "(800) 709-6142",
 "description": "Custom Golf Culbs",
 "created_at": "Tue Apr 08 07:48:57 UTC 2014",
 "updated_at": "Tue Apr 08 07:49:47 UTC 2014",
 "overview": "\u003Cp\u003EAdams Golf, Inc. is a golf club manufacturer based in Plano, Texas.\u003C/p\u003E\n\n\u003Cp\u003EIn 1983 Barney Adams joined Dave Pelz Golf in Abilene, Texas. When Pelz\u0026#8217;s Preceptor Golf went bankrupt in 1988, Adams bought the assets and started Adams Golf. He moved the company to Dallas, Texas in 1991.\u003C/p\u003E\n\n\u003Cp\u003EAdams Golf initially specialized in custom fitted golf clubs, initially becoming associated with Hank Haney setting up a club fitting and repair shop at the Hank Haney Golf Ranch.\u003C/p\u003E",
 "image":
  {"available_sizes":
    [[[150,
       56],
      "http://api-images.crunchbase.com/assets/images/resized/0045/1362/451362v1-max-150x150.png"],
     [[214,
       81],
      "http://api-images.crunchbase.com/assets/images/resized/0045/1362/451362v1-max-250x250.png"],
     [[214,
       81],
      "http://api-images.crunchbase.com/assets/images/resized/0045/1362/451362v1-max-450x450.png"]],
   "attribution": null},
 "products":
  [],
 "relationships":
  [],
 "competitions":
  [],
 "providerships":
  [],
 "total_money_raised": "$0",
 "funding_rounds":
  [],
 "investments":
  [],
 "acquisition":
  {"price_amount": 70000000.0,
   "price_currency_code": "USD",
   "term_code": null,
   "source_url": "",
   "source_description": "",
   "acquired_year": 2012,
   "acquired_month": 6,
   "acquired_day": null,
   "acquiring_company":
    {"name": "Adidas",
     "permalink": "adidas"}},
 "acquisitions":
  [],
 "offices":
  [{"description": "HQ",
    "address1": "2801 East Plano",
    "address2": "Parkway",
    "zip_code": "75074",
    "city": "Plano,",
    "state_code": "TX",
    "country_code": "USA",
    "latitude": null,
    "longitude": null}],
 "milestones":
  [],
 "ipo": null,
 "video_embeds":
  [],
 "screenshots":
  [{"available_sizes":
     [[[150,
        105],
       "http://api-images.crunchbase.com/assets/images/resized/0045/1361/451361v1-max-150x150.png"],
      [[250,
        175],
       "http://api-images.crunchbase.com/assets/images/resized/0045/1361/451361v1-max-250x250.png"],
      [[450,
        315],
       "http://api-images.crunchbase.com/assets/images/resized/0045/1361/451361v1-max-450x450.png"]],
    "attribution": null}],
 "external_links":
  [],
 "partners":
  []}
