{"name": "AdBuddiz",
 "permalink": "adbuddiz",
 "crunchbase_url": "http://www.crunchbase.com/company/adbuddiz",
 "homepage_url": "http://www.adbuddiz.com",
 "blog_url": "",
 "blog_feed_url": "",
 "twitter_username": null,
 "category_code": null,
 "number_of_employees": null,
 "founded_year": 2011,
 "founded_month": null,
 "founded_day": null,
 "deadpooled_year": null,
 "deadpooled_month": null,
 "deadpooled_day": null,
 "deadpooled_url": null,
 "tag_list": "android-games, ios-games, mobile-user-acquisition, mobile-affiliate-platform, mobile-lead-generation, mobile-affiliate-network, mobile-affiliation, mobile-performance, application-performance, cost-per-installation, cost-per-sales, cost-per-download",
 "alias_list": null,
 "email_address": "contact@adbuddiz.com",
 "phone_number": "",
 "description": "International Mobile Ad Network",
 "created_at": "Thu Mar 27 11:06:46 UTC 2014",
 "updated_at": "Wed Apr 02 09:53:36 UTC 2014",
 "overview": "\u003Cp\u003EAdBuddiz is one of the largest international mobile ad networks. \u2028We work hard to bring the highest revenues to our mobile app and game publishers via clean and beautiful full screen ads. Our Campaign Managers are dedicated to ensuring premium payouts and maximum fill rates for our publishers traffic across the globe. \u003C/p\u003E\n\n\u003Cp\u003EOur advertisers promote their apps on our network on a CPI model. \nWe work with leading development studios such as: Game Insight International, Applibot, Kabam, Tinyco, Kiwi, Boostr, Yazino, Veolia, Beemoov, Pixonic, Tap4fun\u2026 \u003C/p\u003E\n\n\u003Cp\u003EOur international team of app and game lovers is located in the center of Paris. \n\u2028Our publishers\u2019 apps are the stars. We have created a solution that makes the ads look beautiful and that highly respects the user experience. Our Account Managers are 100% dedicated to assist and advise our publishers all over the world in order to maximize their revenues. \u003C/p\u003E\n\n\u003Cp\u003EAdBuddiz is hosted by Paris Creanova Accelerator for Innovative Companies, and backed by BPI France (French Public Investment Bank) \u0026amp; the leading US accelerator, Hubtech 21. \u003C/p\u003E\n\n\u003Cp\u003EAdBuddiz also provides quality installs for its Google Play game partners via its proprietary app, Giftiz. Giftiz features the best mobile games, with a goal to send users who play and users who pay to android game publishers on a CPI model. Find the app here: https://play.google.com/store/apps/details?id=com.purplebrain.giftiz \u003C/p\u003E",
 "image":
  {"available_sizes":
    [[[150,
       22],
      "http://api-images.crunchbase.com/assets/images/resized/0044/7124/447124v2-max-150x150.png"],
     [[250,
       37],
      "http://api-images.crunchbase.com/assets/images/resized/0044/7124/447124v2-max-250x250.png"],
     [[450,
       67],
      "http://api-images.crunchbase.com/assets/images/resized/0044/7124/447124v2-max-450x450.png"]],
   "attribution": null},
 "products":
  [],
 "relationships":
  [],
 "competitions":
  [],
 "providerships":
  [],
 "total_money_raised": "$0",
 "funding_rounds":
  [],
 "investments":
  [],
 "acquisition": null,
 "acquisitions":
  [],
 "offices":
  [{"description": "Headquarters",
    "address1": "5 Villa de Lourcine",
    "address2": "",
    "zip_code": "75014",
    "city": "Paris",
    "state_code": null,
    "country_code": "FRA",
    "latitude": null,
    "longitude": null}],
 "milestones":
  [],
 "ipo": null,
 "video_embeds":
  [],
 "screenshots":
  [{"available_sizes":
     [[[132,
        150],
       "http://api-images.crunchbase.com/assets/images/resized/0044/7140/447140v4-max-150x150.png"],
      [[220,
        250],
       "http://api-images.crunchbase.com/assets/images/resized/0044/7140/447140v4-max-250x250.png"],
      [[397,
        450],
       "http://api-images.crunchbase.com/assets/images/resized/0044/7140/447140v4-max-450x450.png"]],
    "attribution": null},
   {"available_sizes":
     [[[106,
        150],
       "http://api-images.crunchbase.com/assets/images/resized/0044/7141/447141v2-max-150x150.png"],
      [[178,
        250],
       "http://api-images.crunchbase.com/assets/images/resized/0044/7141/447141v2-max-250x250.png"],
      [[320,
        450],
       "http://api-images.crunchbase.com/assets/images/resized/0044/7141/447141v2-max-450x450.png"]],
    "attribution": null}],
 "external_links":
  [],
 "partners":
  []}
