{"name": "Add2paper",
 "permalink": "add2paper",
 "crunchbase_url": "http://www.crunchbase.com/company/add2paper",
 "homepage_url": "http://www.add2paper.com",
 "blog_url": "",
 "blog_feed_url": "",
 "twitter_username": null,
 "category_code": "software",
 "number_of_employees": 15,
 "founded_year": 2010,
 "founded_month": 10,
 "founded_day": 18,
 "deadpooled_year": null,
 "deadpooled_month": null,
 "deadpooled_day": null,
 "deadpooled_url": null,
 "tag_list": "",
 "alias_list": "\uc560\ub4dc\ud22c\ud398\uc774\ud37c",
 "email_address": "ad@add2paper.com",
 "phone_number": "02-529-0308",
 "description": "",
 "created_at": "Tue Mar 18 08:30:06 UTC 2014",
 "updated_at": "Wed Apr 16 09:56:47 UTC 2014",
 "overview": "\u003Cp\u003EAdd2paper (\uc560\ub4dc\ud22c\ud398\uc774\ud37c) is a Korean mobile app that offers an online paper for college students to post advertisements for printing services. It was launched in October 2010 in Seoul, Korea.\u003C/p\u003E",
 "image":
  {"available_sizes":
    [[[150,
       150],
      "http://api-images.crunchbase.com/assets/images/resized/0043/6572/436572v3-max-150x150.png"],
     [[250,
       250],
      "http://api-images.crunchbase.com/assets/images/resized/0043/6572/436572v3-max-250x250.png"],
     [[450,
       450],
      "http://api-images.crunchbase.com/assets/images/resized/0043/6572/436572v3-max-450x450.png"]],
   "attribution": null},
 "products":
  [],
 "relationships":
  [],
 "competitions":
  [],
 "providerships":
  [],
 "total_money_raised": "$0",
 "funding_rounds":
  [],
 "investments":
  [],
 "acquisition": null,
 "acquisitions":
  [],
 "offices":
  [{"description": "",
    "address1": "YS sacred Bldg 264-7",
    "address2": "Seocho-gu Yangjae-dong",
    "zip_code": "137130",
    "city": "Seoul",
    "state_code": null,
    "country_code": "KOR",
    "latitude": null,
    "longitude": null}],
 "milestones":
  [],
 "ipo": null,
 "video_embeds":
  [],
 "screenshots":
  [{"available_sizes":
     [[[100,
        150],
       "http://api-images.crunchbase.com/assets/images/resized/0045/6647/456647v2-max-150x150.jpg"],
      [[166,
        250],
       "http://api-images.crunchbase.com/assets/images/resized/0045/6647/456647v2-max-250x250.jpg"],
      [[300,
        450],
       "http://api-images.crunchbase.com/assets/images/resized/0045/6647/456647v2-max-450x450.jpg"]],
    "attribution": null},
   {"available_sizes":
     [[[100,
        150],
       "http://api-images.crunchbase.com/assets/images/resized/0045/6648/456648v2-max-150x150.jpg"],
      [[166,
        250],
       "http://api-images.crunchbase.com/assets/images/resized/0045/6648/456648v2-max-250x250.jpg"],
      [[300,
        450],
       "http://api-images.crunchbase.com/assets/images/resized/0045/6648/456648v2-max-450x450.jpg"]],
    "attribution": null},
   {"available_sizes":
     [[[84,
        150],
       "http://api-images.crunchbase.com/assets/images/resized/0045/6649/456649v2-max-150x150.jpg"],
      [[140,
        250],
       "http://api-images.crunchbase.com/assets/images/resized/0045/6649/456649v2-max-250x250.jpg"],
      [[253,
        450],
       "http://api-images.crunchbase.com/assets/images/resized/0045/6649/456649v2-max-450x450.jpg"]],
    "attribution": null},
   {"available_sizes":
     [[[84,
        150],
       "http://api-images.crunchbase.com/assets/images/resized/0045/6650/456650v2-max-150x150.jpg"],
      [[140,
        250],
       "http://api-images.crunchbase.com/assets/images/resized/0045/6650/456650v2-max-250x250.jpg"],
      [[253,
        450],
       "http://api-images.crunchbase.com/assets/images/resized/0045/6650/456650v2-max-450x450.jpg"]],
    "attribution": null}],
 "external_links":
  [{"external_url": "https://www.facebook.com/add2fan",
    "title": "Facebook"},
   {"external_url": "http://news.mk.co.kr/newsRead.php?year=2013\u0026no=467925",
    "title": "[\ud3ec\ud1a0] \uc544\uc0b0\ub098\ub214\uc7ac\ub2e8 \uccad\ub144\ucc3d\uc5c5\ud22c\uc790 \uc870\uc778\uc2dd"},
   {"external_url": "http://www.mt.co.kr/view/mtview.php?type=1\u0026no=2013050316091578345\u0026outlink=1",
    "title": "\u9751 \"\ucc3d\uc870\uacbd\uc81c \uc0ac\ub840? \uace8\ud504\uc874\u00b7\uc2f8\uc774\u00b7\uce74\uce74\uc624\ud1a1\uc774\ub2e4\""},
   {"external_url": "http://www.obsnews.co.kr/news/articleView.html?idxno=716608",
    "title": " \"\uc544\uc774\ub514\uc5b4\ub9cc \uc788\uc73c\uba74 \ucc3d\uc5c5\""},
   {"external_url": "http://www.ajunews.com/kor/view.jsp?newsId=20130609000325",
    "title": "\u003C\uc778\ud130\ubdf0\u003E \u201c\ub2e8\uc9c0 \uacf5\uc9dc \ucd9c\ub825? 20\ub300 \uc0b6 \uac1c\uc120\ud560 \uac83\u201d"},
   {"external_url": "http://www.etnews.com/news/telecom/telecom/2496283_1435.html",
    "title": "[\ucc3d\uc758\ud604\uc7a5] \ubb34\ub8cc \ucd9c\ub825 \uc11c\ube44\uc2a4\ub85c \uc778\uae30 \ubaa8\uc73c\ub294 `\uc560\ub4dc\ud22c\ud398\uc774\ud37c`"},
   {"external_url": "http://www.asiae.co.kr/news/view.htm?idxno=2012013010380177320",
    "title": "[\uc2a4\ud0c0\ud2b8\uc5c52012]\u2461\uc560\ub4dc\ud22c\ud398\uc774\ud37c \"\ub300\ud559\uac00 \uacf5\uc9dc\ucd9c\ub825 \ub3cc\ud48d\""}],
 "partners":
  [{"partner_name": "rocket_punch",
    "homepage_url": "unknown",
    "link_1_url": "http://rocketpun.ch/company/add2paper",
    "link_2_url": null,
    "link_3_url": null,
    "link_1_name": "rocket_punch Page",
    "link_2_name": null,
    "link_3_name": null}]}
