{"name": "Adforyeo",
 "permalink": "adforyeo",
 "crunchbase_url": "http://www.crunchbase.com/company/adforyeo",
 "homepage_url": "http://www.adforyou.co.kr",
 "blog_url": "",
 "blog_feed_url": "",
 "twitter_username": null,
 "category_code": "advertising",
 "number_of_employees": null,
 "founded_year": 2011,
 "founded_month": null,
 "founded_day": null,
 "deadpooled_year": null,
 "deadpooled_month": null,
 "deadpooled_day": null,
 "deadpooled_url": null,
 "tag_list": "",
 "alias_list": "\uc560\ub4dc\ud3ec\uc720",
 "email_address": "morning@adforyeo.co.kr",
 "phone_number": "010-8500-8211",
 "description": "",
 "created_at": "Sat Mar 15 08:20:54 UTC 2014",
 "updated_at": "Sat Mar 15 08:20:53 UTC 2014",
 "overview": "\u003Cp\u003EAdforyeo (\uc560\ub4dc\ud3ec\uc720) is a Korean online platform that enables advertisers, publishers, guests, companies, viewers, and others to view and post advertisements. It also enables users to earn money by viewing ads and ad-sponsored sites. \u003C/p\u003E\n\n\u003Cp\u003ELaunched in 2011, Adforyeo partners with Overture, Google AdSense, and more.\u003C/p\u003E",
 "image":
  {"available_sizes":
    [[[150,
       79],
      "http://api-images.crunchbase.com/assets/images/resized/0043/5324/435324v1-max-150x150.png"],
     [[182,
       97],
      "http://api-images.crunchbase.com/assets/images/resized/0043/5324/435324v1-max-250x250.png"],
     [[182,
       97],
      "http://api-images.crunchbase.com/assets/images/resized/0043/5324/435324v1-max-450x450.png"]],
   "attribution": null},
 "products":
  [],
 "relationships":
  [],
 "competitions":
  [],
 "providerships":
  [],
 "total_money_raised": "$0",
 "funding_rounds":
  [],
 "investments":
  [],
 "acquisition": null,
 "acquisitions":
  [],
 "offices":
  [{"description": "",
    "address1": "1205",
    "address2": "Yangpyeong-gun Gangsang-myeon Byeongsan-ri",
    "zip_code": "476913",
    "city": "Gyeonggi-do",
    "state_code": null,
    "country_code": "KOR",
    "latitude": null,
    "longitude": null}],
 "milestones":
  [],
 "ipo": null,
 "video_embeds":
  [],
 "screenshots":
  [{"available_sizes":
     [[[150,
        99],
       "http://api-images.crunchbase.com/assets/images/resized/0043/5323/435323v1-max-150x150.png"],
      [[250,
        166],
       "http://api-images.crunchbase.com/assets/images/resized/0043/5323/435323v1-max-250x250.png"],
      [[397,
        264],
       "http://api-images.crunchbase.com/assets/images/resized/0043/5323/435323v1-max-450x450.png"]],
    "attribution": null}],
 "external_links":
  [],
 "partners":
  [{"partner_name": "rocket_punch",
    "homepage_url": "unknown",
    "link_1_url": "http://rocketpun.ch/company/adforyou",
    "link_2_url": null,
    "link_3_url": null,
    "link_1_name": "rocket_punch Page",
    "link_2_name": null,
    "link_3_name": null}]}
