{"name": "Adjective",
 "permalink": "adjective",
 "crunchbase_url": "http://www.crunchbase.com/company/adjective",
 "homepage_url": "http://adjectiveevents.com",
 "blog_url": "",
 "blog_feed_url": "",
 "twitter_username": "adjectiveevents",
 "category_code": "games_video",
 "number_of_employees": 2,
 "founded_year": 2014,
 "founded_month": 3,
 "founded_day": null,
 "deadpooled_year": null,
 "deadpooled_month": null,
 "deadpooled_day": null,
 "deadpooled_url": null,
 "tag_list": "",
 "alias_list": null,
 "email_address": "contact@adjectiveevents.com",
 "phone_number": "(212) 796-1932",
 "description": "Event Productions",
 "created_at": "Sun Mar 30 18:57:34 UTC 2014",
 "updated_at": "Thu Apr 03 22:10:53 UTC 2014",
 "overview": "\u003Cp\u003EAdjective Events is an Event Production company located in New York\u003C/p\u003E",
 "image": null,
 "products":
  [],
 "relationships":
  [],
 "competitions":
  [],
 "providerships":
  [],
 "total_money_raised": "$0",
 "funding_rounds":
  [],
 "investments":
  [],
 "acquisition": null,
 "acquisitions":
  [],
 "offices":
  [],
 "milestones":
  [],
 "ipo": null,
 "video_embeds":
  [],
 "screenshots":
  [],
 "external_links":
  [],
 "partners":
  []}
