{"name": "ADLEmanager",
 "permalink": "adlemanager",
 "crunchbase_url": "http://www.crunchbase.com/company/adlemanager",
 "homepage_url": "http://www.adlemanager.com",
 "blog_url": "",
 "blog_feed_url": "",
 "twitter_username": null,
 "category_code": "other",
 "number_of_employees": null,
 "founded_year": 2012,
 "founded_month": 9,
 "founded_day": 12,
 "deadpooled_year": null,
 "deadpooled_month": null,
 "deadpooled_day": null,
 "deadpooled_url": null,
 "tag_list": "",
 "alias_list": "",
 "email_address": "christian@dolbg.com",
 "phone_number": "070-8864-0568",
 "description": "",
 "created_at": "Thu Mar 27 06:35:25 UTC 2014",
 "updated_at": "Thu Mar 27 06:35:25 UTC 2014",
 "overview": "\u003Cp\u003EADLEmanager (\uc560\ub4e4\uad00\ub9ac) is a Korean company providing attendance management services. It offers web applications and services.\u003C/p\u003E\n\n\u003Cp\u003EADLEmanager was established in September 2013 in Daejeon, Korea.\u003C/p\u003E",
 "image":
  {"available_sizes":
    [[[100,
       100],
      "http://api-images.crunchbase.com/assets/images/resized/0044/3918/443918v1-max-150x150.png"],
     [[100,
       100],
      "http://api-images.crunchbase.com/assets/images/resized/0044/3918/443918v1-max-250x250.png"],
     [[100,
       100],
      "http://api-images.crunchbase.com/assets/images/resized/0044/3918/443918v1-max-450x450.png"]],
   "attribution": null},
 "products":
  [],
 "relationships":
  [],
 "competitions":
  [],
 "providerships":
  [],
 "total_money_raised": "$0",
 "funding_rounds":
  [],
 "investments":
  [],
 "acquisition": null,
 "acquisitions":
  [],
 "offices":
  [{"description": "",
    "address1": "401 23-14 Agency Economic War",
    "address2": "Yuseong-gu Jang-dong",
    "zip_code": "305343",
    "city": "Daejeon",
    "state_code": null,
    "country_code": "KOR",
    "latitude": null,
    "longitude": null}],
 "milestones":
  [],
 "ipo": null,
 "video_embeds":
  [],
 "screenshots":
  [{"available_sizes":
     [[[150,
        99],
       "http://api-images.crunchbase.com/assets/images/resized/0044/3917/443917v1-max-150x150.png"],
      [[250,
        166],
       "http://api-images.crunchbase.com/assets/images/resized/0044/3917/443917v1-max-250x250.png"],
      [[397,
        264],
       "http://api-images.crunchbase.com/assets/images/resized/0044/3917/443917v1-max-450x450.png"]],
    "attribution": null}],
 "external_links":
  [],
 "partners":
  [{"partner_name": "rocket_punch",
    "homepage_url": "unknown",
    "link_1_url": "http://rocketpun.ch/company/adlemanager",
    "link_2_url": null,
    "link_3_url": null,
    "link_1_name": "rocket_punch Page",
    "link_2_name": null,
    "link_3_name": null}]}
