{"name": "ADnet",
 "permalink": "adnet",
 "crunchbase_url": "http://www.crunchbase.com/company/adnet",
 "homepage_url": "http://www.adnet.com.tr",
 "blog_url": "http://blog.adnet.com.tr",
 "blog_feed_url": "",
 "twitter_username": "adnetmedyanet",
 "category_code": "advertising",
 "number_of_employees": null,
 "founded_year": null,
 "founded_month": null,
 "founded_day": null,
 "deadpooled_year": null,
 "deadpooled_month": null,
 "deadpooled_day": null,
 "deadpooled_url": null,
 "tag_list": "",
 "alias_list": "MedyaNet",
 "email_address": "",
 "phone_number": "",
 "description": "",
 "created_at": "Tue Mar 18 05:20:36 UTC 2014",
 "updated_at": "Tue Mar 18 05:29:24 UTC 2014",
 "overview": "\u003Cp\u003EAdnet is an advertising agency operating a pay-per-click system. It is involved in publishing texts and images in websites for revenue generation.\u003C/p\u003E",
 "image":
  {"available_sizes":
    [[[150,
       62],
      "http://api-images.crunchbase.com/assets/images/resized/0043/6313/436313v1-max-150x150.png"],
     [[250,
       104],
      "http://api-images.crunchbase.com/assets/images/resized/0043/6313/436313v1-max-250x250.png"],
     [[267,
       112],
      "http://api-images.crunchbase.com/assets/images/resized/0043/6313/436313v1-max-450x450.png"]],
   "attribution": null},
 "products":
  [],
 "relationships":
  [],
 "competitions":
  [],
 "providerships":
  [],
 "total_money_raised": "$0",
 "funding_rounds":
  [],
 "investments":
  [],
 "acquisition": null,
 "acquisitions":
  [],
 "offices":
  [{"description": "",
    "address1": "",
    "address2": "",
    "zip_code": "",
    "city": "istanbul",
    "state_code": null,
    "country_code": "TUR",
    "latitude": null,
    "longitude": null}],
 "milestones":
  [],
 "ipo": null,
 "video_embeds":
  [],
 "screenshots":
  [],
 "external_links":
  [],
 "partners":
  [{"partner_name": "webrazzi",
    "homepage_url": "unknown",
    "link_1_url": "http://vt.webrazzi.com/sirket/adnet",
    "link_2_url": null,
    "link_3_url": null,
    "link_1_name": "webrazzi Page",
    "link_2_name": null,
    "link_3_name": null}]}
