{"name": "Adonis Software",
 "permalink": "adonis-software",
 "crunchbase_url": "http://www.crunchbase.com/company/adonis-software",
 "homepage_url": "http://adonissoft.com",
 "blog_url": "",
 "blog_feed_url": "",
 "twitter_username": "AdonisSoftware",
 "category_code": "mobile",
 "number_of_employees": null,
 "founded_year": 2011,
 "founded_month": 8,
 "founded_day": 1,
 "deadpooled_year": null,
 "deadpooled_month": null,
 "deadpooled_day": null,
 "deadpooled_url": null,
 "tag_list": "",
 "alias_list": "",
 "email_address": "bogdan@adonissoft.com",
 "phone_number": "+40 722 695 042",
 "description": "",
 "created_at": "Tue Mar 11 10:35:58 UTC 2014",
 "updated_at": "Tue Mar 11 10:35:58 UTC 2014",
 "overview": "\u003Cp\u003EAdonis Software is focused on developing iOS and Android applications. Additionally the company offers professional and consultancy services. Adonis Software develops applications for theirselves and clients with practical ideas and realistic budgets.\u003C/p\u003E\n\n\u003Cp\u003EWith a team of creative designers and expert developers, Adonis Software has developed over 50 applications. It was founded by Ancu Radu and Bogdan Florescu in Bucharest, Romania.\u003C/p\u003E",
 "image":
  {"available_sizes":
    [[[120,
       100],
      "http://api-images.crunchbase.com/assets/images/resized/0043/1918/431918v1-max-150x150.png"],
     [[120,
       100],
      "http://api-images.crunchbase.com/assets/images/resized/0043/1918/431918v1-max-250x250.png"],
     [[120,
       100],
      "http://api-images.crunchbase.com/assets/images/resized/0043/1918/431918v1-max-450x450.png"]],
   "attribution": null},
 "products":
  [],
 "relationships":
  [{"is_past": false,
    "title": "Founder and Business Development Manager",
    "person":
     {"first_name": "Ancu",
      "last_name": "Radu",
      "permalink": "ancu-radu"}},
   {"is_past": false,
    "title": "Co-Founder",
    "person":
     {"first_name": "Bogdan",
      "last_name": "Florescu",
      "permalink": "bogdan-florescu"}}],
 "competitions":
  [],
 "providerships":
  [],
 "total_money_raised": "$0",
 "funding_rounds":
  [],
 "investments":
  [],
 "acquisition": null,
 "acquisitions":
  [],
 "offices":
  [{"description": "",
    "address1": "Strada Polona, nr 43, et 1, ap 1, sector 1",
    "address2": "",
    "zip_code": "",
    "city": "Bucharest",
    "state_code": null,
    "country_code": "ROM",
    "latitude": null,
    "longitude": null}],
 "milestones":
  [],
 "ipo": null,
 "video_embeds":
  [],
 "screenshots":
  [{"available_sizes":
     [[[150,
        101],
       "http://api-images.crunchbase.com/assets/images/resized/0043/1917/431917v1-max-150x150.png"],
      [[250,
        168],
       "http://api-images.crunchbase.com/assets/images/resized/0043/1917/431917v1-max-250x250.png"],
      [[450,
        303],
       "http://api-images.crunchbase.com/assets/images/resized/0043/1917/431917v1-max-450x450.png"]],
    "attribution": null}],
 "external_links":
  [{"external_url": "https://www.facebook.com/Adonis.Software",
    "title": "Facebook Page"}],
 "partners":
  [{"partner_name": "romanian_startups",
    "homepage_url": "unknown",
    "link_1_url": "http://www.romanianstartups.com/startup/adonis-software",
    "link_2_url": null,
    "link_3_url": null,
    "link_1_name": "romanian_startups Page",
    "link_2_name": null,
    "link_3_name": null}]}
