{"name": "Adtriplex",
 "permalink": "adtriplex",
 "crunchbase_url": "http://www.crunchbase.com/company/adtriplex",
 "homepage_url": "http://www.adtriplex.com",
 "blog_url": "",
 "blog_feed_url": "",
 "twitter_username": "adtriplex",
 "category_code": "advertising",
 "number_of_employees": 18,
 "founded_year": 2011,
 "founded_month": null,
 "founded_day": null,
 "deadpooled_year": null,
 "deadpooled_month": null,
 "deadpooled_day": null,
 "deadpooled_url": null,
 "tag_list": "",
 "alias_list": "",
 "email_address": "info@adtriplex.com",
 "phone_number": "+90 212 215 3070",
 "description": "",
 "created_at": "Mon Mar 10 04:50:50 UTC 2014",
 "updated_at": "Mon Mar 10 04:50:50 UTC 2014",
 "overview": "\u003Cp\u003EAdtriplex is an affiliate advertising and publishing agency that provides a system of risk-free marketing partnerships.\u003C/p\u003E\n\n\u003Cp\u003EFounded in 2011, Adtriplex specializes in increasing the advertising process of company websites and e-commerce sites.\u003C/p\u003E",
 "image":
  {"available_sizes":
    [[[150,
       36],
      "http://api-images.crunchbase.com/assets/images/resized/0043/0472/430472v1-max-150x150.png"],
     [[250,
       61],
      "http://api-images.crunchbase.com/assets/images/resized/0043/0472/430472v1-max-250x250.png"],
     [[450,
       110],
      "http://api-images.crunchbase.com/assets/images/resized/0043/0472/430472v1-max-450x450.png"]],
   "attribution": null},
 "products":
  [],
 "relationships":
  [],
 "competitions":
  [],
 "providerships":
  [],
 "total_money_raised": "$0",
 "funding_rounds":
  [],
 "investments":
  [],
 "acquisition": null,
 "acquisitions":
  [],
 "offices":
  [{"description": "",
    "address1": "B\u00fcy\u00fckdere Caddesi 34",
    "address2": "",
    "zip_code": "34394",
    "city": "Istanbul",
    "state_code": null,
    "country_code": "TUR",
    "latitude": null,
    "longitude": null}],
 "milestones":
  [],
 "ipo": null,
 "video_embeds":
  [],
 "screenshots":
  [{"available_sizes":
     [[[150,
        91],
       "http://api-images.crunchbase.com/assets/images/resized/0043/0471/430471v1-max-150x150.png"],
      [[250,
        151],
       "http://api-images.crunchbase.com/assets/images/resized/0043/0471/430471v1-max-250x250.png"],
      [[450,
        273],
       "http://api-images.crunchbase.com/assets/images/resized/0043/0471/430471v1-max-450x450.png"]],
    "attribution": null}],
 "external_links":
  [{"external_url": "https://www.facebook.com/adtriplex",
    "title": "Facebook"}],
 "partners":
  [{"partner_name": "webrazzi",
    "homepage_url": "unknown",
    "link_1_url": "http://vt.webrazzi.com/sirket/adtriplex",
    "link_2_url": null,
    "link_3_url": null,
    "link_1_name": "webrazzi Page",
    "link_2_name": null,
    "link_3_name": null}]}
