{"name": "Advanced Production and Loading PLC (APL)",
 "permalink": "advanced-production-and-loading-plc-apl",
 "crunchbase_url": "http://www.crunchbase.com/company/advanced-production-and-loading-plc-apl",
 "homepage_url": null,
 "blog_url": null,
 "blog_feed_url": null,
 "twitter_username": null,
 "category_code": null,
 "number_of_employees": null,
 "founded_year": null,
 "founded_month": null,
 "founded_day": null,
 "deadpooled_year": null,
 "deadpooled_month": null,
 "deadpooled_day": null,
 "deadpooled_url": null,
 "tag_list": null,
 "alias_list": null,
 "email_address": null,
 "phone_number": null,
 "description": null,
 "created_at": "Tue Apr 01 07:00:50 UTC 2014",
 "updated_at": "Tue Apr 01 07:00:50 UTC 2014",
 "overview": null,
 "image": null,
 "products":
  [],
 "relationships":
  [],
 "competitions":
  [],
 "providerships":
  [],
 "total_money_raised": "$0",
 "funding_rounds":
  [],
 "investments":
  [],
 "acquisition":
  {"price_amount": 500000000.0,
   "price_currency_code": "USD",
   "term_code": "cash",
   "source_url": "http://www.pennenergy.com/articles/pennenergy/2010/09/nov-acquires-bw-offshore.html",
   "source_description": "NOV acquires BW Offshore's FPSO APL subsidiary for $500MM",
   "acquired_year": 2010,
   "acquired_month": 9,
   "acquired_day": null,
   "acquiring_company":
    {"name": "National Oilwell Varco",
     "permalink": "national-oilwell-varco"}},
 "acquisitions":
  [],
 "offices":
  [],
 "milestones":
  [],
 "ipo": null,
 "video_embeds":
  [],
 "screenshots":
  [],
 "external_links":
  [],
 "partners":
  []}
