{"name": "Advanced Bioimaging Systems",
 "permalink": "advanced-bioimaging-systems",
 "crunchbase_url": "http://www.crunchbase.com/company/advanced-bioimaging-systems",
 "homepage_url": "http://advancedbioimagingsystems.com",
 "blog_url": "",
 "blog_feed_url": "",
 "twitter_username": null,
 "category_code": "hardware",
 "number_of_employees": null,
 "founded_year": 2008,
 "founded_month": null,
 "founded_day": null,
 "deadpooled_year": null,
 "deadpooled_month": null,
 "deadpooled_day": null,
 "deadpooled_url": null,
 "tag_list": "",
 "alias_list": "",
 "email_address": "",
 "phone_number": "(765) 807-0772",
 "description": "",
 "created_at": "Wed Mar 05 13:16:22 UTC 2014",
 "updated_at": "Wed Mar 05 13:16:21 UTC 2014",
 "overview": "\u003Cp\u003EAdvanced BioImaging Systems, LLC engages in the development and commercialization of imaging platform technologies. It offers pathogen detection and bacteria rapid detection instruments. The company\u2019s products are used to identify bacterial species and pathogens in food safety, environmental monitoring, drug discovery, and life sciences sectors. Advanced BioImaging Systems, LLC was incorporated in 2008 and is based in West Lafayette, Indiana.\u003C/p\u003E",
 "image":
  {"available_sizes":
    [[[150,
       53],
      "http://api-images.crunchbase.com/assets/images/resized/0042/7813/427813v1-max-150x150.png"],
     [[250,
       88],
      "http://api-images.crunchbase.com/assets/images/resized/0042/7813/427813v1-max-250x250.png"],
     [[450,
       160],
      "http://api-images.crunchbase.com/assets/images/resized/0042/7813/427813v1-max-450x450.png"]],
   "attribution": null},
 "products":
  [],
 "relationships":
  [],
 "competitions":
  [],
 "providerships":
  [],
 "total_money_raised": "$444k",
 "funding_rounds":
  [{"id": 67885,
    "round_code": "unattributed",
    "source_url": "http://www.sec.gov/Archives/edgar/data/1477134/000091191609000199/xslFormDX01/primary_doc.xml",
    "source_description": "SEC",
    "raised_amount": 444000.0,
    "raised_currency_code": "USD",
    "funded_year": 2009,
    "funded_month": 12,
    "funded_day": 30,
    "investments":
     []}],
 "investments":
  [],
 "acquisition": null,
 "acquisitions":
  [],
 "offices":
  [{"description": "",
    "address1": "",
    "address2": "1201 Cumberland Avenue",
    "zip_code": "47906",
    "city": "West Lafayette",
    "state_code": "IN",
    "country_code": "USA",
    "latitude": null,
    "longitude": null}],
 "milestones":
  [],
 "ipo": null,
 "video_embeds":
  [],
 "screenshots":
  [{"available_sizes":
     [[[150,
        107],
       "http://api-images.crunchbase.com/assets/images/resized/0042/7812/427812v1-max-150x150.png"],
      [[250,
        179],
       "http://api-images.crunchbase.com/assets/images/resized/0042/7812/427812v1-max-250x250.png"],
      [[450,
        322],
       "http://api-images.crunchbase.com/assets/images/resized/0042/7812/427812v1-max-450x450.png"]],
    "attribution": null}],
 "external_links":
  [],
 "partners":
  []}
