{"name": "Advanced Vector Analytics",
 "permalink": "advanced-vector-analytics",
 "crunchbase_url": "http://www.crunchbase.com/company/advanced-vector-analytics",
 "homepage_url": "http://www.ava-labs.com/en",
 "blog_url": "",
 "blog_feed_url": "",
 "twitter_username": null,
 "category_code": "manufacturing",
 "number_of_employees": 4,
 "founded_year": 2012,
 "founded_month": null,
 "founded_day": null,
 "deadpooled_year": null,
 "deadpooled_month": null,
 "deadpooled_day": null,
 "deadpooled_url": null,
 "tag_list": "analytics, vibrations-analysis, manufacturing, aerospace, power-generation",
 "alias_list": null,
 "email_address": "edgar.grant@ava-labs.com",
 "phone_number": "+371 29 180 580",
 "description": "Understanding complex mechanical systems",
 "created_at": "Fri Apr 11 10:25:41 UTC 2014",
 "updated_at": "Mon Apr 14 00:55:24 UTC 2014",
 "overview": "\u003Cp\u003ECreating tools to improve the safety of mission critical mechanical systems in ground based and aerospace applications, such as power generation, supporting structures, ground, air and space transport vehicles. \u003C/p\u003E",
 "image":
  {"available_sizes":
    [[[129,
       126],
      "http://api-images.crunchbase.com/assets/images/resized/0045/4009/454009v2-max-150x150.png"],
     [[129,
       126],
      "http://api-images.crunchbase.com/assets/images/resized/0045/4009/454009v2-max-250x250.png"],
     [[129,
       126],
      "http://api-images.crunchbase.com/assets/images/resized/0045/4009/454009v2-max-450x450.png"]],
   "attribution": null},
 "products":
  [],
 "relationships":
  [{"is_past": false,
    "title": "CSO",
    "person":
     {"first_name": "ANATOLY",
      "last_name": "SPERANSKY",
      "permalink": "anatoly-speransky"}},
   {"is_past": false,
    "title": "Managing Director",
    "person":
     {"first_name": "Edgar",
      "last_name": "Grant",
      "permalink": "edgar-grant"}}],
 "competitions":
  [],
 "providerships":
  [],
 "total_money_raised": "\u20ac105k",
 "funding_rounds":
  [{"id": 72179,
    "round_code": "seed",
    "source_url": "",
    "source_description": "",
    "raised_amount": 105000.0,
    "raised_currency_code": "EUR",
    "funded_year": 2012,
    "funded_month": null,
    "funded_day": null,
    "investments":
     []}],
 "investments":
  [],
 "acquisition": null,
 "acquisitions":
  [],
 "offices":
  [],
 "milestones":
  [],
 "ipo": null,
 "video_embeds":
  [],
 "screenshots":
  [],
 "external_links":
  [],
 "partners":
  []}
