{"name": "Advanced Senior Care Services",
 "permalink": "advanced-senior-care-services",
 "crunchbase_url": "http://www.crunchbase.com/company/advanced-senior-care-services",
 "homepage_url": "http://AdvancedSeniorCS.com",
 "blog_url": "http://AdvancedSeniorCS.com/blog",
 "blog_feed_url": "",
 "twitter_username": "AdvancedSCS",
 "category_code": "health",
 "number_of_employees": 10,
 "founded_year": 2012,
 "founded_month": null,
 "founded_day": null,
 "deadpooled_year": null,
 "deadpooled_month": null,
 "deadpooled_day": null,
 "deadpooled_url": null,
 "tag_list": "assisted-living, home-health-care",
 "alias_list": null,
 "email_address": "PR@AdvancedSeniorCS.com",
 "phone_number": "(800) 230-7915",
 "description": " Advanced Senior Care Services",
 "created_at": "Sun Mar 16 01:14:20 UTC 2014",
 "updated_at": "Mon Mar 17 18:30:12 UTC 2014",
 "overview": "\u003Cp\u003EAdvanced Senior Care Services\u003C/p\u003E",
 "image": null,
 "products":
  [],
 "relationships":
  [],
 "competitions":
  [],
 "providerships":
  [],
 "total_money_raised": "$0",
 "funding_rounds":
  [],
 "investments":
  [],
 "acquisition": null,
 "acquisitions":
  [],
 "offices":
  [{"description": "Main Office",
    "address1": "301 Yamato Road, Suite 1240",
    "address2": "",
    "zip_code": "33431",
    "city": "Boca Raton",
    "state_code": "FL",
    "country_code": "USA",
    "latitude": null,
    "longitude": null}],
 "milestones":
  [],
 "ipo": null,
 "video_embeds":
  [],
 "screenshots":
  [],
 "external_links":
  [],
 "partners":
  []}
