{"name": "Aegle",
 "permalink": "aegle",
 "crunchbase_url": "http://www.crunchbase.com/company/aegle",
 "homepage_url": "http://www.dreamitventures.com/portfolio_companies/aegle",
 "blog_url": "",
 "blog_feed_url": "",
 "twitter_username": "aeglearc",
 "category_code": null,
 "number_of_employees": null,
 "founded_year": null,
 "founded_month": null,
 "founded_day": null,
 "deadpooled_year": null,
 "deadpooled_month": null,
 "deadpooled_day": null,
 "deadpooled_url": null,
 "tag_list": "",
 "alias_list": "",
 "email_address": "",
 "phone_number": "",
 "description": "",
 "created_at": "Wed Mar 05 21:46:59 UTC 2014",
 "updated_at": "Thu Mar 06 12:10:06 UTC 2014",
 "overview": "\u003Cp\u003EOur goal at DreamIt is simple: Give extraordinary teams access to the resources they need to create exceptional companies.\nThe DreamIt founders designed DreamIt\u2019s accelerator programs to include what they wish they had when they started and sold their first companies. With only a small amount of money, they found that entrepreneurs can make a big difference when surrounded by the right resources: unique and ongoing mentorship from successful entrepreneurs, access to top-tier legal and accounting services, opportunities to meet and pitch angel investors and venture capitalists and most importantly a collaborative community of fellow entrepreneurs.\nSo how does DreamIt work? It starts with you: a smart and savvy leader with bright and innovative ideas. We\u2019ll help you out along the way \u2014 here\u2019s how:\u003C/p\u003E",
 "image": null,
 "products":
  [],
 "relationships":
  [],
 "competitions":
  [],
 "providerships":
  [],
 "total_money_raised": "$0",
 "funding_rounds":
  [{"id": 67933,
    "round_code": "seed",
    "source_url": "http://mobihealthnews.com/28950/kaiser-permanente-backs-dreamit-healths-next-class/",
    "source_description": "Kaiser Permanente backs DreamIt Health\u2019s next class",
    "raised_amount": null,
    "raised_currency_code": "USD",
    "funded_year": 2014,
    "funded_month": 1,
    "funded_day": 10,
    "investments":
     [{"company": null,
       "financial_org":
        {"name": "DreamIt Ventures",
         "permalink": "dreamit-ventures"},
       "person": null}]}],
 "investments":
  [],
 "acquisition": null,
 "acquisitions":
  [],
 "offices":
  [],
 "milestones":
  [],
 "ipo": null,
 "video_embeds":
  [],
 "screenshots":
  [],
 "external_links":
  [],
 "partners":
  []}
