{"name": "Aeonmed Medical Treatment",
 "permalink": "aeonmed-medical-treatment",
 "crunchbase_url": "http://www.crunchbase.com/company/aeonmed-medical-treatment",
 "homepage_url": "http://www.aeonmed.com",
 "blog_url": "",
 "blog_feed_url": "",
 "twitter_username": null,
 "category_code": "medical",
 "number_of_employees": null,
 "founded_year": null,
 "founded_month": null,
 "founded_day": null,
 "deadpooled_year": null,
 "deadpooled_month": null,
 "deadpooled_day": null,
 "deadpooled_url": null,
 "tag_list": "",
 "alias_list": "",
 "email_address": "",
 "phone_number": "",
 "description": "",
 "created_at": "Fri Mar 14 16:06:40 UTC 2014",
 "updated_at": "Wed Mar 26 11:22:13 UTC 2014",
 "overview": "\u003Cp\u003EAeonmed Medical Treatment is one of the leading research and development manufacturers of operating theatre and ICU devices as well as medical treatment system solution suppliers. \u003C/p\u003E\n\n\u003Cp\u003ESince its foundation, Aeonmed has always been guided by the clinical demands, and dedicated to the study of clinical medical equipment and solutions. \u003C/p\u003E\n\n\u003Cp\u003ENow, Aeonmed business covers three major product portfolios includinganesthesia and operation support, emergency and critical care and medical engineering equipment, and five major medical system solutions including laminar flow monitoring, environment and equipment configuration, centralized gas supply, process quality control and information integration. Independent innovation has become Aeonmed\u0026#8217;s competitive advantage. \u003C/p\u003E\n\n\u003Cp\u003ECurrently, Aeon has more than 600 authorized and declared patents, among which there are more than 400 patents for invention, maintaining an increase of over 100 patents each year.\u003C/p\u003E",
 "image":
  {"available_sizes":
    [[[150,
       59],
      "http://api-images.crunchbase.com/assets/images/resized/0043/4907/434907v1-max-150x150.jpg"],
     [[213,
       85],
      "http://api-images.crunchbase.com/assets/images/resized/0043/4907/434907v1-max-250x250.jpg"],
     [[213,
       85],
      "http://api-images.crunchbase.com/assets/images/resized/0043/4907/434907v1-max-450x450.jpg"]],
   "attribution": null},
 "products":
  [],
 "relationships":
  [{"is_past": false,
    "title": "President",
    "person":
     {"first_name": "Changying",
      "last_name": "Li",
      "permalink": "changying-li"}}],
 "competitions":
  [],
 "providerships":
  [],
 "total_money_raised": "$0",
 "funding_rounds":
  [{"id": 69467,
    "round_code": "a",
    "source_url": "",
    "source_description": "",
    "raised_amount": null,
    "raised_currency_code": "USD",
    "funded_year": 2010,
    "funded_month": 9,
    "funded_day": null,
    "investments":
     [{"company": null,
       "financial_org":
        {"name": "QiMing Venture Partners",
         "permalink": "qiming-venture-partners"},
       "person": null}]}],
 "investments":
  [],
 "acquisition": null,
 "acquisitions":
  [],
 "offices":
  [{"description": "",
    "address1": "Fengtai Science City Road, 4th Yi Feng Hang On Building",
    "address2": "Fengtai District",
    "zip_code": "100070",
    "city": "Beijing",
    "state_code": null,
    "country_code": "CHN",
    "latitude": null,
    "longitude": null}],
 "milestones":
  [],
 "ipo": null,
 "video_embeds":
  [],
 "screenshots":
  [{"available_sizes":
     [[[150,
        114],
       "http://api-images.crunchbase.com/assets/images/resized/0043/4962/434962v1-max-150x150.png"],
      [[250,
        190],
       "http://api-images.crunchbase.com/assets/images/resized/0043/4962/434962v1-max-250x250.png"],
      [[450,
        342],
       "http://api-images.crunchbase.com/assets/images/resized/0043/4962/434962v1-max-450x450.png"]],
    "attribution": null}],
 "external_links":
  [],
 "partners":
  [{"partner_name": "ct_quan",
    "homepage_url": "unknown",
    "link_1_url": null,
    "link_2_url": null,
    "link_3_url": null,
    "link_1_name": null,
    "link_2_name": null,
    "link_3_name": null}]}
