{"name": "Aerial Aspects",
 "permalink": "aerial-aspects",
 "crunchbase_url": "http://www.crunchbase.com/company/aerial-aspects",
 "homepage_url": "http://www.aerialaspects.com.au",
 "blog_url": "",
 "blog_feed_url": "",
 "twitter_username": null,
 "category_code": "real_estate",
 "number_of_employees": null,
 "founded_year": null,
 "founded_month": null,
 "founded_day": null,
 "deadpooled_year": null,
 "deadpooled_month": null,
 "deadpooled_day": null,
 "deadpooled_url": null,
 "tag_list": "real-estate-photography-perth, commercial-photography-perth, aerial-photography-perth, uav-perth, perth-aerial-photography",
 "alias_list": null,
 "email_address": "isaac@aerialaspects.com.au",
 "phone_number": "0413 394 359",
 "description": "Cost-effective Aerial photography and vi",
 "created_at": "Tue Mar 25 06:58:22 UTC 2014",
 "updated_at": "Sat Mar 29 19:07:52 UTC 2014",
 "overview": "\u003Cp\u003EIf you are looking for an aerial photography expert in Perth which can deliver high quality commercial real estate photography services in Perth, then Aerial Aspects is perhaps the best option for you.\u003C/p\u003E\n\n\u003Cp\u003EAddress: 4/13 Stevens st Perth WA 6160 Australia \nPhone No:-0413 394 359\u003C/p\u003E",
 "image":
  {"available_sizes":
    [[[150,
       112],
      "http://api-images.crunchbase.com/assets/images/resized/0044/1902/441902v2-max-150x150.jpg"],
     [[250,
       187],
      "http://api-images.crunchbase.com/assets/images/resized/0044/1902/441902v2-max-250x250.jpg"],
     [[450,
       337],
      "http://api-images.crunchbase.com/assets/images/resized/0044/1902/441902v2-max-450x450.jpg"]],
   "attribution": null},
 "products":
  [],
 "relationships":
  [],
 "competitions":
  [],
 "providerships":
  [],
 "total_money_raised": "$0",
 "funding_rounds":
  [],
 "investments":
  [],
 "acquisition": null,
 "acquisitions":
  [],
 "offices":
  [],
 "milestones":
  [],
 "ipo": null,
 "video_embeds":
  [],
 "screenshots":
  [],
 "external_links":
  [],
 "partners":
  []}
