{"name": "Aerobilet",
 "permalink": "aerobilet",
 "crunchbase_url": "http://www.crunchbase.com/company/aerobilet",
 "homepage_url": "http://www.aerobilet.net",
 "blog_url": "",
 "blog_feed_url": "",
 "twitter_username": "AeroBilet",
 "category_code": "travel",
 "number_of_employees": 50,
 "founded_year": 2012,
 "founded_month": 1,
 "founded_day": null,
 "deadpooled_year": null,
 "deadpooled_month": null,
 "deadpooled_day": null,
 "deadpooled_url": null,
 "tag_list": "",
 "alias_list": "",
 "email_address": "info@aerobilet.com",
 "phone_number": "+90 444 0 003",
 "description": "",
 "created_at": "Wed Mar 05 11:58:03 UTC 2014",
 "updated_at": "Sat Apr 05 09:14:11 UTC 2014",
 "overview": "\u003Cp\u003EAerobilet, launched in January 2012, is a site enabling individuals to find and book domestic and international airline tickets, cars, transfers and accommodation.\u003C/p\u003E\n\n\u003Cp\u003ETheir partner airlines include Turkish Airlines, Anadolu Jet, Atlas Jet, Sun Express, Fly Pegasus, Borajet, and OnurAir.\u003C/p\u003E\n\n\u003Cp\u003EAerobilet serves customers in over 23 countries together with a team of over 350 employees.\u003C/p\u003E",
 "image":
  {"available_sizes":
    [[[131,
       24],
      "http://api-images.crunchbase.com/assets/images/resized/0042/7751/427751v1-max-150x150.png"],
     [[131,
       24],
      "http://api-images.crunchbase.com/assets/images/resized/0042/7751/427751v1-max-250x250.png"],
     [[131,
       24],
      "http://api-images.crunchbase.com/assets/images/resized/0042/7751/427751v1-max-450x450.png"]],
   "attribution": null},
 "products":
  [],
 "relationships":
  [],
 "competitions":
  [],
 "providerships":
  [],
 "total_money_raised": "$0",
 "funding_rounds":
  [],
 "investments":
  [],
 "acquisition": null,
 "acquisitions":
  [],
 "offices":
  [{"description": "",
    "address1": "G\u00fczeloba Mah. \u00c7a\u011flayangil Cad",
    "address2": "2157 Sk.  \u0130\u015flek-1 \u0130\u015f Merkezi No:6/B",
    "zip_code": "",
    "city": "Antalya",
    "state_code": null,
    "country_code": "TUR",
    "latitude": null,
    "longitude": null}],
 "milestones":
  [],
 "ipo": null,
 "video_embeds":
  [],
 "screenshots":
  [{"available_sizes":
     [[[150,
        92],
       "http://api-images.crunchbase.com/assets/images/resized/0042/7750/427750v1-max-150x150.png"],
      [[250,
        154],
       "http://api-images.crunchbase.com/assets/images/resized/0042/7750/427750v1-max-250x250.png"],
      [[450,
        277],
       "http://api-images.crunchbase.com/assets/images/resized/0042/7750/427750v1-max-450x450.png"]],
    "attribution": null}],
 "external_links":
  [{"external_url": "https://www.facebook.com/aerobilet",
    "title": "Facebook"}],
 "partners":
  [{"partner_name": "webrazzi",
    "homepage_url": "unknown",
    "link_1_url": "http://vt.webrazzi.com/sirket/aerobilet",
    "link_2_url": null,
    "link_3_url": null,
    "link_1_name": "webrazzi Page",
    "link_2_name": null,
    "link_3_name": null}]}
