{"name": "Aeropost",
 "permalink": "aeropost",
 "crunchbase_url": "http://www.crunchbase.com/company/aeropost",
 "homepage_url": "http://aeropost.com",
 "blog_url": "",
 "blog_feed_url": "",
 "twitter_username": "AerocasillasSJO",
 "category_code": "web",
 "number_of_employees": null,
 "founded_year": 1986,
 "founded_month": null,
 "founded_day": null,
 "deadpooled_year": null,
 "deadpooled_month": null,
 "deadpooled_day": null,
 "deadpooled_url": null,
 "tag_list": "",
 "alias_list": "",
 "email_address": "",
 "phone_number": "305-592-5534",
 "description": "",
 "created_at": "Mon Apr 14 03:48:59 UTC 2014",
 "updated_at": "Mon Apr 14 03:48:58 UTC 2014",
 "overview": "\u003Cp\u003EAeropost International Services, Inc. is a Miami based company with over twenty eight years of experience in the mail and package forwarding business. Our Miami Hub in conjunction with our partners throughout Latin America and the Caribbean allows us to provide end to end service for the members of our network to receive their packages, internet purchases, mail, and logistics services.\u003C/p\u003E",
 "image":
  {"available_sizes":
    [[[70,
       43],
      "http://api-images.crunchbase.com/assets/images/resized/0045/4895/454895v1-max-150x150.png"],
     [[70,
       43],
      "http://api-images.crunchbase.com/assets/images/resized/0045/4895/454895v1-max-250x250.png"],
     [[70,
       43],
      "http://api-images.crunchbase.com/assets/images/resized/0045/4895/454895v1-max-450x450.png"]],
   "attribution": null},
 "products":
  [],
 "relationships":
  [{"is_past": false,
    "title": "CEO",
    "person":
     {"first_name": "Fredjoseph",
      "last_name": "Goldner",
      "permalink": "fredjoseph-goldner"}},
   {"is_past": false,
    "title": "CMO",
    "person":
     {"first_name": "Michelle",
      "last_name": "Magallon",
      "permalink": "michelle-magallon"}},
   {"is_past": false,
    "title": "CFO",
    "person":
     {"first_name": "Jeff",
      "last_name": "Duchesneau",
      "permalink": "jeff-duchesneau"}},
   {"is_past": false,
    "title": "CFO",
    "person":
     {"first_name": "Mark",
      "last_name": "DuRei",
      "permalink": "mark-durei"}}],
 "competitions":
  [],
 "providerships":
  [],
 "total_money_raised": "$5M",
 "funding_rounds":
  [{"id": 72234,
    "round_code": "unattributed",
    "source_url": "http://www.sec.gov/Archives/edgar/data/1604866/000160486614000001/xslFormDX01/primary_doc.xml",
    "source_description": "SEC",
    "raised_amount": 5000000.0,
    "raised_currency_code": "USD",
    "funded_year": 2014,
    "funded_month": 4,
    "funded_day": 13,
    "investments":
     []}],
 "investments":
  [],
 "acquisition": null,
 "acquisitions":
  [],
 "offices":
  [{"description": "",
    "address1": "6703 NW 7 Street",
    "address2": "MIA4567",
    "zip_code": "33126",
    "city": "Miami",
    "state_code": "FL",
    "country_code": "USA",
    "latitude": null,
    "longitude": null}],
 "milestones":
  [],
 "ipo": null,
 "video_embeds":
  [],
 "screenshots":
  [{"available_sizes":
     [[[150,
        83],
       "http://api-images.crunchbase.com/assets/images/resized/0045/4894/454894v1-max-150x150.png"],
      [[250,
        139],
       "http://api-images.crunchbase.com/assets/images/resized/0045/4894/454894v1-max-250x250.png"],
      [[450,
        250],
       "http://api-images.crunchbase.com/assets/images/resized/0045/4894/454894v1-max-450x450.png"]],
    "attribution": null}],
 "external_links":
  [],
 "partners":
  []}
