{"name": "Afognak - Kodiak Alaska Halibut Fishing Lodge",
 "permalink": "afognak-kodiak-alaska-halibut-fishing-lodge",
 "crunchbase_url": "http://www.crunchbase.com/company/afognak-kodiak-alaska-halibut-fishing-lodge",
 "homepage_url": "http://afognaklodge.com",
 "blog_url": "http://afognakwildernesslodge.wordpress.com/",
 "blog_feed_url": "http://afognakwildernesslodge.wordpress.com/feed/",
 "twitter_username": null,
 "category_code": "other",
 "number_of_employees": 100,
 "founded_year": null,
 "founded_month": null,
 "founded_day": null,
 "deadpooled_year": null,
 "deadpooled_month": null,
 "deadpooled_day": null,
 "deadpooled_url": null,
 "tag_list": "kodiak-alaska-halibut-fishing, kodiak-alaska-kayaking, kodiak-alaska-silver-salmon-fishing, kodiak-alaska-fly-fishing",
 "alias_list": null,
 "email_address": "lodgeafognak@gmail.com",
 "phone_number": "(360) 799-3250",
 "description": "Alaska's Premiere Vacation Lodge",
 "created_at": "Mon Apr 07 06:14:26 UTC 2014",
 "updated_at": "Tue Apr 08 22:56:52 UTC 2014",
 "overview": "\u003Cp\u003EAfognak Vacation Lodge offers one of the most unique experiences in Kodiak Alaska. The marine life viewing, land life photography, ocean kayaking, and in fact, fishing area unit a part of an incredible nature tour vacation. Treat yourself to an Alaskan vacation package that you just can always remember at our triumph lodge.\u003C/p\u003E",
 "image":
  {"available_sizes":
    [[[150,
       21],
      "http://api-images.crunchbase.com/assets/images/resized/0045/0381/450381v2-max-150x150.png"],
     [[250,
       35],
      "http://api-images.crunchbase.com/assets/images/resized/0045/0381/450381v2-max-250x250.png"],
     [[431,
       62],
      "http://api-images.crunchbase.com/assets/images/resized/0045/0381/450381v2-max-450x450.png"]],
   "attribution": null},
 "products":
  [],
 "relationships":
  [{"is_past": false,
    "title": "Owner",
    "person":
     {"first_name": "Luke",
      "last_name": "Randall",
      "permalink": "luke-randall"}}],
 "competitions":
  [],
 "providerships":
  [],
 "total_money_raised": "$0",
 "funding_rounds":
  [],
 "investments":
  [],
 "acquisition": null,
 "acquisitions":
  [],
 "offices":
  [{"description": "",
    "address1": "P.O. Box SYB, Seal Bay",
    "address2": "",
    "zip_code": "99697",
    "city": "Kodiak",
    "state_code": "AK",
    "country_code": "USA",
    "latitude": null,
    "longitude": null}],
 "milestones":
  [],
 "ipo": null,
 "video_embeds":
  [],
 "screenshots":
  [],
 "external_links":
  [],
 "partners":
  []}
