{"name": "Agavideo",
 "permalink": "agavideo",
 "crunchbase_url": "http://www.crunchbase.com/company/agavideo",
 "homepage_url": "http://agavideo.com",
 "blog_url": "",
 "blog_feed_url": "",
 "twitter_username": "agavideo",
 "category_code": null,
 "number_of_employees": null,
 "founded_year": null,
 "founded_month": null,
 "founded_day": null,
 "deadpooled_year": null,
 "deadpooled_month": null,
 "deadpooled_day": null,
 "deadpooled_url": null,
 "tag_list": "",
 "alias_list": "",
 "email_address": "hello@agavideo.com",
 "phone_number": "",
 "description": "",
 "created_at": "Fri Apr 04 21:31:51 UTC 2014",
 "updated_at": "Fri Apr 18 09:53:03 UTC 2014",
 "overview": "\u003Cp\u003ESpecialized services to provide the best showing on-demand movies online for content distributors through adaptive streaming, multiplatform support and integrated web platform for the display of catalogs and user management.\u003C/p\u003E",
 "image":
  {"available_sizes":
    [[[133,
       150],
      "http://api-images.crunchbase.com/assets/images/resized/0044/9893/449893v1-max-150x150.png"],
     [[222,
       250],
      "http://api-images.crunchbase.com/assets/images/resized/0044/9893/449893v1-max-250x250.png"],
     [[275,
       309],
      "http://api-images.crunchbase.com/assets/images/resized/0044/9893/449893v1-max-450x450.png"]],
   "attribution": null},
 "products":
  [],
 "relationships":
  [],
 "competitions":
  [],
 "providerships":
  [],
 "total_money_raised": "$30k",
 "funding_rounds":
  [{"id": 71603,
    "round_code": "seed",
    "source_url": "",
    "source_description": "",
    "raised_amount": 30000.0,
    "raised_currency_code": "USD",
    "funded_year": 2011,
    "funded_month": 10,
    "funded_day": 15,
    "investments":
     [{"company": null,
       "financial_org":
        {"name": "Mexican.VC",
         "permalink": "mexicanvc"},
       "person": null}]}],
 "investments":
  [],
 "acquisition": null,
 "acquisitions":
  [],
 "offices":
  [{"description": "",
    "address1": "",
    "address2": "",
    "zip_code": "",
    "city": "mexico",
    "state_code": null,
    "country_code": "MEX",
    "latitude": null,
    "longitude": null}],
 "milestones":
  [],
 "ipo": null,
 "video_embeds":
  [],
 "screenshots":
  [],
 "external_links":
  [{"external_url": "https://www.facebook.com/agavideo",
    "title": "Facebook"}],
 "partners":
  []}
