{"name": "AGI Training Baltimore",
 "permalink": "agi-training-baltimore",
 "crunchbase_url": "http://www.crunchbase.com/company/agi-training-baltimore",
 "homepage_url": "http://www.agitraining.com/locations/baltimore-md",
 "blog_url": "http://www.agitraining.com/design-news",
 "blog_feed_url": "",
 "twitter_username": "agitraining",
 "category_code": "education",
 "number_of_employees": null,
 "founded_year": null,
 "founded_month": null,
 "founded_day": null,
 "deadpooled_year": null,
 "deadpooled_month": null,
 "deadpooled_day": null,
 "deadpooled_url": null,
 "tag_list": "adobe-training, ux-training, photoshop-training, indesign-training, illustrator-training, html-training, html5-training, dreamweaver-training, keynote-training, after-effects-training",
 "alias_list": null,
 "email_address": "",
 "phone_number": "(800) 851-9237",
 "description": "AGI Training Baltimore",
 "created_at": "Sat Mar 29 07:55:18 UTC 2014",
 "updated_at": "Sun Mar 30 02:06:22 UTC 2014",
 "overview": "\u003Cp\u003EAmerican Graphics Institute provides training courses for designers and developers. This includes classes for Adobe tools such as Photoshop, Dreamweaver, and InDesign, along with general UX design courses, and coding courses for HTML, HTML5, and CSS. Courses can be delivered at your location, or can be taken online, or we offer private training for groups at off-site classrooms. AGI instructors are the authors of more than 50 books on design and development tools, including the best-selling Digital Classroom series of books. AGI also operates locations in several other U.S. cities, and delivers on-site training at client locations world-wide.\u003C/p\u003E",
 "image":
  {"available_sizes":
    [[[150,
       52],
      "http://api-images.crunchbase.com/assets/images/resized/0044/5657/445657v2-max-150x150.jpg"],
     [[200,
       70],
      "http://api-images.crunchbase.com/assets/images/resized/0044/5657/445657v2-max-250x250.jpg"],
     [[200,
       70],
      "http://api-images.crunchbase.com/assets/images/resized/0044/5657/445657v2-max-450x450.jpg"]],
   "attribution": null},
 "products":
  [],
 "relationships":
  [{"is_past": false,
    "title": "Owner",
    "person":
     {"first_name": "Jennifer",
      "last_name": "Smith",
      "permalink": "jennifer-smith-3"}}],
 "competitions":
  [],
 "providerships":
  [{"title": "Adobe training classes, Apple training courses, web design training",
    "is_past": false,
    "provider":
     {"name": "services",
      "permalink": "services"}},
   {"title": "Photoshop training classes, Adobe training classes, UX training courses.",
    "is_past": false,
    "provider":
     {"name": "Products",
      "permalink": "products"}}],
 "total_money_raised": "$0",
 "funding_rounds":
  [],
 "investments":
  [],
 "acquisition": null,
 "acquisitions":
  [],
 "offices":
  [{"description": "",
    "address1": "2400 Boston Street",
    "address2": "",
    "zip_code": "21224",
    "city": "Baltimore",
    "state_code": "MD",
    "country_code": "USA",
    "latitude": null,
    "longitude": null}],
 "milestones":
  [],
 "ipo": null,
 "video_embeds":
  [],
 "screenshots":
  [],
 "external_links":
  [{"external_url": "http://www.youtube.com/user/americangraphics",
    "title": "You Tube Page URL"},
   {"external_url": "http://www.linkedin.com/company/american-graphics-institute",
    "title": "Linkedin Company Page URL"}],
 "partners":
  []}
