{"name": "Agile Infoways",
 "permalink": "agileinfoways-com",
 "crunchbase_url": "http://www.crunchbase.com/company/agileinfoways-com",
 "homepage_url": "http://www.agileinfoways.com",
 "blog_url": "http://blog.agileinfoways.com",
 "blog_feed_url": "http://www.agileinfoways.com/feed",
 "twitter_username": "agileinfoways",
 "category_code": "software",
 "number_of_employees": 100,
 "founded_year": 2005,
 "founded_month": null,
 "founded_day": null,
 "deadpooled_year": null,
 "deadpooled_month": null,
 "deadpooled_day": null,
 "deadpooled_url": null,
 "tag_list": "iphone-application-development, android-application-development, phonegap-development, asp--net, silverlight, mvc4, php, joomla, wordpress, magento, cakephp, zendframework, jquery, ajax, json, logo-designing, web-designing, html5, css3, development, flex",
 "alias_list": null,
 "email_address": "info@agileinfoways.com",
 "phone_number": "91-79-40050063",
 "description": "Offshore Development Center",
 "created_at": "Fri Mar 07 12:10:08 UTC 2014",
 "updated_at": "Tue Mar 11 10:03:25 UTC 2014",
 "overview": "\u003Cp\u003EAGILE Infoways is a custom IT-solutions provider based India. AGILE Infoways was started in June 2005 by young IT Professionals with a zeal to perform and step-in the IT industry for software consultancy and IT implementations. We work with small and mid-size businesses to help them replace their manual business processes and paper-based systems with custom-built software applications. Clients leverage our experience and knowledge base to improve their businesses with the best information technology has to offer. \u003C/p\u003E\n\n\u003Cp\u003EWe specialized in Microsoft Technologies, Open Source, Web Design and Development, Toolbar, Plugins and Mobile Application Development.\u003C/p\u003E\n\n\u003Cp\u003ESpecialties:\niPhone Application Development, Android Application Development, PhoneGAP Development, ASP .NET, Silverlight, MVC4, PHP, Joomla, Wordpress, Magento, CakePHP, ZendFramework, JQuery, Ajax, JSON, Logo Designing, Web Designing, HTML5 CSS3\u003C/p\u003E\n\n\u003Cp\u003EContact:\nhttp://www.agileinfoways.com/contact-us\u003C/p\u003E\n\n\u003Cp\u003EEmail:\ninfo@agileinfoways.com\u003C/p\u003E",
 "image":
  {"available_sizes":
    [[[150,
       30],
      "http://api-images.crunchbase.com/assets/images/resized/0042/9570/429570v2-max-150x150.png"],
     [[249,
       51],
      "http://api-images.crunchbase.com/assets/images/resized/0042/9570/429570v2-max-250x250.png"],
     [[249,
       51],
      "http://api-images.crunchbase.com/assets/images/resized/0042/9570/429570v2-max-450x450.png"]],
   "attribution": null},
 "products":
  [],
 "relationships":
  [],
 "competitions":
  [],
 "providerships":
  [],
 "total_money_raised": "$0",
 "funding_rounds":
  [],
 "investments":
  [],
 "acquisition": null,
 "acquisitions":
  [],
 "offices":
  [],
 "milestones":
  [],
 "ipo": null,
 "video_embeds":
  [{"embed_code": "\u003Ciframe width=\"560\" height=\"315\" src=\"//www.youtube.com/embed/qEQVr7L65fY\" frameborder=\"0\" allowfullscreen\u003E\u003C/iframe\u003E",
    "description": "\u003Cp\u003ECRM System - Developed by Agile Infoways\u003C/p\u003E"},
   {"embed_code": "\u003Ciframe width=\"560\" height=\"315\" src=\"//www.youtube.com/embed/atY-60I5HXw\" frameborder=\"0\" allowfullscreen\u003E\u003C/iframe\u003E",
    "description": "\u003Cp\u003ED3JS - Full custom Map (HTML, JavaScript) Developed by AgileInfoways.com\u003C/p\u003E"}],
 "screenshots":
  [],
 "external_links":
  [{"external_url": "http://www.agileconsultancy.com",
    "title": "Agile Consultancy"},
   {"external_url": "http://www.agileinfoways.com",
    "title": "Agile Infoways"}],
 "partners":
  []}
