{"name": "Agora Mobile",
 "permalink": "agora-mobile",
 "crunchbase_url": "http://www.crunchbase.com/company/agora-mobile",
 "homepage_url": "http://agoramobile.com",
 "blog_url": "",
 "blog_feed_url": "",
 "twitter_username": "agoramobile",
 "category_code": "software",
 "number_of_employees": null,
 "founded_year": 2009,
 "founded_month": null,
 "founded_day": null,
 "deadpooled_year": null,
 "deadpooled_month": null,
 "deadpooled_day": null,
 "deadpooled_url": null,
 "tag_list": "",
 "alias_list": "",
 "email_address": "",
 "phone_number": "",
 "description": "",
 "created_at": "Mon Mar 31 13:16:43 UTC 2014",
 "updated_at": "Tue Apr 01 04:15:35 UTC 2014",
 "overview": "\u003Cp\u003EAgora Mobile is creating a social network for mobile app discovery, development, and deployment. We create technology that enables anyone from consumers to companies to build their own mobile apps. These apps are created entirely in our social network and conform to modern mobile browser standards enabling them to be cross platform to all smart phones and deployed to the web instantly without the need of any app store. The social network is in private beta testing and is scheduled to be in 2014.\u003C/p\u003E",
 "image":
  {"available_sizes":
    [[[150,
       29],
      "http://api-images.crunchbase.com/assets/images/resized/0044/6373/446373v1-max-150x150.png"],
     [[250,
       48],
      "http://api-images.crunchbase.com/assets/images/resized/0044/6373/446373v1-max-250x250.png"],
     [[450,
       87],
      "http://api-images.crunchbase.com/assets/images/resized/0044/6373/446373v1-max-450x450.png"]],
   "attribution": null},
 "products":
  [],
 "relationships":
  [{"is_past": false,
    "title": "CEO",
    "person":
     {"first_name": "Simon",
      "last_name": "Gauvin",
      "permalink": "simon-gauvin"}}],
 "competitions":
  [],
 "providerships":
  [],
 "total_money_raised": "$1M",
 "funding_rounds":
  [{"id": 71083,
    "round_code": "unattributed",
    "source_url": "http://www.finsmes.com/2014/03/agora-mobile-raises-1m-in-venture-capital.html",
    "source_description": " \tAgora Mobile Raises $1M in Venture Capital",
    "raised_amount": 1000000.0,
    "raised_currency_code": "USD",
    "funded_year": 2014,
    "funded_month": 3,
    "funded_day": 31,
    "investments":
     [{"company": null,
       "financial_org":
        {"name": "NBIF",
         "permalink": "nbif"},
       "person": null},
      {"company": null,
       "financial_org":
        {"name": "East Valley Ventures",
         "permalink": "east-valley-ventures"},
       "person": null}]}],
 "investments":
  [],
 "acquisition": null,
 "acquisitions":
  [],
 "offices":
  [{"description": "",
    "address1": "P.O. Box 194",
    "address2": "Moncton",
    "zip_code": "E1C 4Y9",
    "city": "New Brunswick",
    "state_code": null,
    "country_code": "CAN",
    "latitude": null,
    "longitude": null}],
 "milestones":
  [],
 "ipo": null,
 "video_embeds":
  [],
 "screenshots":
  [{"available_sizes":
     [[[150,
        135],
       "http://api-images.crunchbase.com/assets/images/resized/0044/6375/446375v1-max-150x150.png"],
      [[250,
        226],
       "http://api-images.crunchbase.com/assets/images/resized/0044/6375/446375v1-max-250x250.png"],
      [[450,
        406],
       "http://api-images.crunchbase.com/assets/images/resized/0044/6375/446375v1-max-450x450.png"]],
    "attribution": null}],
 "external_links":
  [],
 "partners":
  []}
