{"name": "Agricultural Solutions",
 "permalink": "agricultural-solutions",
 "crunchbase_url": "http://www.crunchbase.com/company/agricultural-solutions",
 "homepage_url": "http://agriculturalsolutionsinc.com",
 "blog_url": "",
 "blog_feed_url": "",
 "twitter_username": null,
 "category_code": "manufacturing",
 "number_of_employees": null,
 "founded_year": null,
 "founded_month": null,
 "founded_day": null,
 "deadpooled_year": null,
 "deadpooled_month": null,
 "deadpooled_day": null,
 "deadpooled_url": null,
 "tag_list": "",
 "alias_list": "",
 "email_address": "",
 "phone_number": "612-845-6504",
 "description": "",
 "created_at": "Fri Mar 07 06:12:38 UTC 2014",
 "updated_at": "Fri Mar 07 06:12:38 UTC 2014",
 "overview": "\u003Cp\u003EUsing proven technology from the medical device industry, proprietary IP, and the expertise of internationally renowned scientists, veterinarians, and research organizations, our mission is to be the world\u2019s leading provider of highly sensitive and accurate tools for diagnosing and monitoring the health of livestock for producers and processors. \u003C/p\u003E",
 "image": null,
 "products":
  [],
 "relationships":
  [{"is_past": false,
    "title": "President",
    "person":
     {"first_name": "Benjamin",
      "last_name": "Oehler",
      "permalink": "benjamin-oehler"}}],
 "competitions":
  [],
 "providerships":
  [],
 "total_money_raised": "$45k",
 "funding_rounds":
  [{"id": 68191,
    "round_code": "partial",
    "source_url": "https://www.sec.gov/Archives/edgar/data/1434926/000136211814000025/xslFormDX01/primary_doc.xml",
    "source_description": "SEC",
    "raised_amount": 45000.0,
    "raised_currency_code": "USD",
    "funded_year": 2014,
    "funded_month": 3,
    "funded_day": 6,
    "investments":
     []}],
 "investments":
  [],
 "acquisition": null,
 "acquisitions":
  [],
 "offices":
  [{"description": "",
    "address1": "2730 GALE ROAD",
    "address2": "",
    "zip_code": "55391",
    "city": "WAYZATA",
    "state_code": "MN",
    "country_code": "USA",
    "latitude": null,
    "longitude": null}],
 "milestones":
  [],
 "ipo": null,
 "video_embeds":
  [],
 "screenshots":
  [{"available_sizes":
     [[[150,
        83],
       "http://api-images.crunchbase.com/assets/images/resized/0042/9156/429156v1-max-150x150.png"],
      [[250,
        139],
       "http://api-images.crunchbase.com/assets/images/resized/0042/9156/429156v1-max-250x250.png"],
      [[450,
        250],
       "http://api-images.crunchbase.com/assets/images/resized/0042/9156/429156v1-max-450x450.png"]],
    "attribution": null}],
 "external_links":
  [],
 "partners":
  []}
