{"name": "Aimeesoft",
 "permalink": "aimeesoft",
 "crunchbase_url": "http://www.crunchbase.com/company/aimeesoft",
 "homepage_url": "http://www.aimeesoft.com",
 "blog_url": "",
 "blog_feed_url": "",
 "twitter_username": null,
 "category_code": "analytics",
 "number_of_employees": 10,
 "founded_year": 2011,
 "founded_month": null,
 "founded_day": null,
 "deadpooled_year": null,
 "deadpooled_month": null,
 "deadpooled_day": null,
 "deadpooled_url": null,
 "tag_list": "bi, big-data, online-adaptive-marketing, saas, predictive-marketing, banner-management",
 "alias_list": null,
 "email_address": "Info@AimeeSoft.com",
 "phone_number": "1-888-684-4891",
 "description": "Active Business intelligence",
 "created_at": "Sat Apr 05 20:23:12 UTC 2014",
 "updated_at": "Wed Apr 09 09:47:28 UTC 2014",
 "overview": "\u003Cp\u003EAimee dynamicy modifies retail sites in real time for each individual customer.\u003C/p\u003E\n\n\u003Cp\u003EAimee was founded in 2011 by BI and BIG data experts in order to provide a solution to the growing pains of the CMO in the Era of vast information.\u003C/p\u003E\n\n\u003Cp\u003EThe Solution:\nAimee\u0026#8217;s intelligence-driven, industry-specific online storefront engagement solutions draw on big data from either internal or anonymous third-party sources to analyze each web site customer. Using the customer\u0026#8217;s data ,advanced behavioral prediction models combined with  the company\u0026#8217;s unique business goals, Aimee dynamically modifies the storefront in real time for each individual to maximize visit value.\u003C/p\u003E\n\n\u003Cp\u003EA Clear Market Need:\nRemarkable advancements in data technology enable today\u2019s online retailers to tailor and target messages to specific segments as well as individuals more precisely than ever before. At the same time, the results of BI analysis are not always immediately actionable without human intervention. This often results in lengthy delays that don\u2019t synch with the fast-moving online retail arena.\u003C/p\u003E\n\n\u003Cp\u003ETo bridge the gap between big data, BI and storefront - online retailers are seeking real-time solutions that raise relevant on-site engagement based on what they already know about each given visitor. Such solutions increase not only loyalty, revenues, and profit \u2013 but also augment business intelligence ROI.\u003C/p\u003E\n\n\u003Cp\u003EA Seasoned Management Team\nLed by business intelligence, learning machine, and online retail professionals, the experienced Aimee management team brings broad and multidisciplinary experience with proven records of success. Complementing the management are experienced and professional technical teams who together constitute a creative, caring and motivated industry-leading force.\u003C/p\u003E",
 "image": null,
 "products":
  [],
 "relationships":
  [{"is_past": false,
    "title": "CEO",
    "person":
     {"first_name": "Noam",
      "last_name": "Zeigerson",
      "permalink": "noam-zeigerson"}},
   {"is_past": false,
    "title": "VP Customer Satisfaction",
    "person":
     {"first_name": "Asaf",
      "last_name": "Yefet",
      "permalink": "asaf-yefet"}}],
 "competitions":
  [{"competitor":
     {"name": "Baynote",
      "permalink": "baynote"}},
   {"competitor":
     {"name": "Dynamic Yield",
      "permalink": "dynamic-yield"}},
   {"competitor":
     {"name": "RichRelevance",
      "permalink": "richrelevance"}},
   {"competitor":
     {"name": "Monetate",
      "permalink": "monetate"}},
   {"competitor":
     {"name": "Intent Media",
      "permalink": "intent-media"}}],
 "providerships":
  [],
 "total_money_raised": "$0",
 "funding_rounds":
  [],
 "investments":
  [],
 "acquisition": null,
 "acquisitions":
  [],
 "offices":
  [{"description": "HQ",
    "address1": "3100 Boone St.",
    "address2": "",
    "zip_code": "80526",
    "city": "Fort Collins",
    "state_code": "CO",
    "country_code": "USA",
    "latitude": null,
    "longitude": null}],
 "milestones":
  [],
 "ipo": null,
 "video_embeds":
  [],
 "screenshots":
  [],
 "external_links":
  [],
 "partners":
  []}
