{"name": "Air Seal Insulators Toronto",
 "permalink": "air-seal-insulators-toronto",
 "crunchbase_url": "http://www.crunchbase.com/company/air-seal-insulators-toronto",
 "homepage_url": "http://www.airseal.ca",
 "blog_url": "",
 "blog_feed_url": "",
 "twitter_username": null,
 "category_code": "other",
 "number_of_employees": 20,
 "founded_year": 2007,
 "founded_month": 1,
 "founded_day": 15,
 "deadpooled_year": null,
 "deadpooled_month": null,
 "deadpooled_day": null,
 "deadpooled_url": null,
 "tag_list": "spray-foam-insulation-toronto, attic-insulation-toronto, crawl-spaceinsulation-toronto, garage-insulation-toronto, basement-insulation-toronto",
 "alias_list": null,
 "email_address": "airsealinsulators.local@gmail.com",
 "phone_number": "416.782.1900",
 "description": "Home Improvement Service",
 "created_at": "Mon Mar 31 13:43:23 UTC 2014",
 "updated_at": "Thu Apr 03 23:50:17 UTC 2014",
 "overview": "\u003Cp\u003ESpray Foam Insulation has gained popularity over the last few years. While being featured on primetime home renovations shows, home owners and home builders alike have taken an interest. Spray Foam Insulation provides a barrier to the building envelope, reducing moisture movement that will help eliminate heat loss. Our team here at Air Seal Insulators are trained and certified using a leading product in Spray Foam Insulation, that we feel will give you all the benefits when using Spray Foam for your insulation needs. Our friendly, educated and experienced staff members are ready to answer all of your questions and provide you with professionally installed Spray Foam. We service residential, commercial or industrial buildings in the Greater Toronto Area.\u003C/p\u003E",
 "image": null,
 "products":
  [],
 "relationships":
  [],
 "competitions":
  [],
 "providerships":
  [{"title": "",
    "is_past": false,
    "provider":
     {"name": "Home Improvement",
      "permalink": "home-improvement"}},
   {"title": "",
    "is_past": false,
    "provider":
     {"name": "Home Insulation",
      "permalink": "home-insulation"}},
   {"title": "",
    "is_past": false,
    "provider":
     {"name": "Home Renovation",
      "permalink": "home-renovation"}}],
 "total_money_raised": "$0",
 "funding_rounds":
  [],
 "investments":
  [],
 "acquisition": null,
 "acquisitions":
  [],
 "offices":
  [{"description": "Air Seal Insulators",
    "address1": "147 Bentworth Ave",
    "address2": "",
    "zip_code": "M6A 1P6",
    "city": "Toronto",
    "state_code": null,
    "country_code": "CAN",
    "latitude": null,
    "longitude": null}],
 "milestones":
  [],
 "ipo": null,
 "video_embeds":
  [],
 "screenshots":
  [],
 "external_links":
  [],
 "partners":
  []}
