{"name": "airbenders",
 "permalink": "airbenders",
 "crunchbase_url": "http://www.crunchbase.com/company/airbenders",
 "homepage_url": "http://www.airbenders.com",
 "blog_url": "",
 "blog_feed_url": "",
 "twitter_username": null,
 "category_code": "hardware",
 "number_of_employees": null,
 "founded_year": 2015,
 "founded_month": 11,
 "founded_day": 7,
 "deadpooled_year": null,
 "deadpooled_month": null,
 "deadpooled_day": null,
 "deadpooled_url": null,
 "tag_list": "heating-service-in-virginia, ac-repair-services-in-virginia",
 "alias_list": null,
 "email_address": "adambing747@gmail.com",
 "phone_number": "703-793-9090",
 "description": "Our services have been highly appreciate",
 "created_at": "Fri Apr 04 07:53:04 UTC 2014",
 "updated_at": "Sat Apr 05 00:52:12 UTC 2014",
 "overview": "",
 "image":
  {"available_sizes":
    [[[150,
       116],
      "http://api-images.crunchbase.com/assets/images/resized/0044/9206/449206v2-max-150x150.png"],
     [[250,
       193],
      "http://api-images.crunchbase.com/assets/images/resized/0044/9206/449206v2-max-250x250.png"],
     [[450,
       348],
      "http://api-images.crunchbase.com/assets/images/resized/0044/9206/449206v2-max-450x450.png"]],
   "attribution": null},
 "products":
  [],
 "relationships":
  [],
 "competitions":
  [],
 "providerships":
  [],
 "total_money_raised": "$0",
 "funding_rounds":
  [],
 "investments":
  [],
 "acquisition": null,
 "acquisitions":
  [],
 "offices":
  [],
 "milestones":
  [],
 "ipo": null,
 "video_embeds":
  [],
 "screenshots":
  [],
 "external_links":
  [],
 "partners":
  []}
