{"name": "Airensoft",
 "permalink": "airensoft",
 "crunchbase_url": "http://www.crunchbase.com/company/airensoft",
 "homepage_url": "http://www.airensoft.com",
 "blog_url": "",
 "blog_feed_url": "",
 "twitter_username": null,
 "category_code": "software",
 "number_of_employees": 9,
 "founded_year": 2010,
 "founded_month": 5,
 "founded_day": 12,
 "deadpooled_year": null,
 "deadpooled_month": null,
 "deadpooled_day": null,
 "deadpooled_url": null,
 "tag_list": "",
 "alias_list": "",
 "email_address": "support@airensoft.com",
 "phone_number": "+82 2 2109 5227",
 "description": "",
 "created_at": "Tue Mar 25 11:57:58 UTC 2014",
 "updated_at": "Tue Mar 25 11:58:49 UTC 2014",
 "overview": "\u003Cp\u003EAirensoft (\uc544\uc774\ub80c\uc18c\ud504\ud2b8) is a Korean research and development startup providing multimedia software development solutions and security. Its products and services include OvenMediaStation, a media integration platform; OvenTranscoder, a file-based distributed transcoding system; OvenWebPlayer, an HTTP live streaming (HLS) player; OvenBGM, a background music service for online shopping; and OvenCloud, a PC cloud server that synchronizes videos to a user\u0026#8217;s smartphone and provides video services.\u003C/p\u003E",
 "image":
  {"available_sizes":
    [[[150,
       41],
      "http://api-images.crunchbase.com/assets/images/resized/0044/2264/442264v1-max-150x150.png"],
     [[235,
       65],
      "http://api-images.crunchbase.com/assets/images/resized/0044/2264/442264v1-max-250x250.png"],
     [[235,
       65],
      "http://api-images.crunchbase.com/assets/images/resized/0044/2264/442264v1-max-450x450.png"]],
   "attribution": null},
 "products":
  [],
 "relationships":
  [],
 "competitions":
  [],
 "providerships":
  [],
 "total_money_raised": "$0",
 "funding_rounds":
  [],
 "investments":
  [],
 "acquisition": null,
 "acquisitions":
  [],
 "offices":
  [{"description": "",
    "address1": "No. 702",
    "address2": "Guro-gu Guro 3(sam)-dong ACE Twin Tower 1(il)-cha",
    "zip_code": "152779",
    "city": "Seoul",
    "state_code": null,
    "country_code": "KOR",
    "latitude": null,
    "longitude": null}],
 "milestones":
  [],
 "ipo": null,
 "video_embeds":
  [],
 "screenshots":
  [{"available_sizes":
     [[[150,
        99],
       "http://api-images.crunchbase.com/assets/images/resized/0044/2263/442263v1-max-150x150.png"],
      [[250,
        166],
       "http://api-images.crunchbase.com/assets/images/resized/0044/2263/442263v1-max-250x250.png"],
      [[397,
        264],
       "http://api-images.crunchbase.com/assets/images/resized/0044/2263/442263v1-max-450x450.png"]],
    "attribution": null}],
 "external_links":
  [{"external_url": "https://www.facebook.com/airensoft",
    "title": "Facebook"}],
 "partners":
  [{"partner_name": "rocket_punch",
    "homepage_url": "unknown",
    "link_1_url": "http://rocketpun.ch/company/airensoft",
    "link_2_url": null,
    "link_3_url": null,
    "link_1_name": "rocket_punch Page",
    "link_2_name": null,
    "link_3_name": null}]}
