{"name": "AirSig technology",
 "permalink": "airsig-technology",
 "crunchbase_url": "http://www.crunchbase.com/company/airsig-technology",
 "homepage_url": "http://www.airsig.com",
 "blog_url": "",
 "blog_feed_url": "",
 "twitter_username": "airsigtech",
 "category_code": "security",
 "number_of_employees": 5,
 "founded_year": 2014,
 "founded_month": 3,
 "founded_day": null,
 "deadpooled_year": null,
 "deadpooled_month": null,
 "deadpooled_day": null,
 "deadpooled_url": null,
 "tag_list": "password-management, password, login, signature, security, air-signature, android, smartphone, airdoor, authentication, fingerprint, facial-recognition, pin, authorization, access-control, internet, e-commerce, cloud, o2o, b2b, b2c, c2c",
 "alias_list": null,
 "email_address": "contact@airsig.com",
 "phone_number": "",
 "description": "Authentication Technology",
 "created_at": "Tue Mar 25 02:36:38 UTC 2014",
 "updated_at": "Thu Apr 03 10:00:00 UTC 2014",
 "overview": "\u003Cp\u003EIntroduction of AirSig Technology:\u003C/p\u003E\n\n\u003Col\u003E\n\u003Cli\u003ESimply holds the phone as a pen and signs in the air to pass authentication. Faster and more secure than ever!\u003C/li\u003E\n\u003Cli\u003EMore secure and cost-effective than existing mobile authentication technology such as fingerprint identity and facial recognition.\u003C/li\u003E\n\u003Cli\u003ESuitable for situation involves authentication including but not limit to phone screen unlock, secured e-commerce, cloud access, access control, etc.\u003C/li\u003E\n\u003C/ol\u003E\n\n\u003Cp\u003EHonor:\u003C/p\u003E\n\n\u003Col\u003E\n\u003Cli\u003EFirst prize of the 2013 Cloud Innovation and Application Contest held by Ministry of Economic Affairs in Taiwan.\u003C/li\u003E\n\u003Cli\u003EFirst prize of the 2013 Telecom Innovation Contest held by Hinet Chunghwa Telecom.\u003C/li\u003E\n\u003Cli\u003EReported by IEEE spectrum, Mobile Commerce, Government Technology, SAP Mobile Secure, etc.\u003C/li\u003E\n\u003Cli\u003E4.5 stars rated on Google Play.\u003C/li\u003E\n\u003C/ol\u003E",
 "image":
  {"available_sizes":
    [[[150,
       42],
      "http://api-images.crunchbase.com/assets/images/resized/0044/1666/441666v2-max-150x150.png"],
     [[250,
       70],
      "http://api-images.crunchbase.com/assets/images/resized/0044/1666/441666v2-max-250x250.png"],
     [[450,
       126],
      "http://api-images.crunchbase.com/assets/images/resized/0044/1666/441666v2-max-450x450.png"]],
   "attribution": null},
 "products":
  [],
 "relationships":
  [],
 "competitions":
  [],
 "providerships":
  [],
 "total_money_raised": "$0",
 "funding_rounds":
  [],
 "investments":
  [],
 "acquisition": null,
 "acquisitions":
  [],
 "offices":
  [{"description": "New York",
    "address1": "39 Herbert Ave",
    "address2": "",
    "zip_code": "11050",
    "city": "Port Washington",
    "state_code": "NY",
    "country_code": "USA",
    "latitude": null,
    "longitude": null},
   {"description": "Taipei",
    "address1": "6F, 577, Sec.1, Wenhua 2nd Rd.",
    "address2": "Linkou District",
    "zip_code": "24448",
    "city": "New Taipei City",
    "state_code": null,
    "country_code": "TWN",
    "latitude": null,
    "longitude": null}],
 "milestones":
  [],
 "ipo": null,
 "video_embeds":
  [{"embed_code": "\u003Ciframe width=\"450\" height=\"253\" src=\"//www.youtube.com/embed/ETGa-oKc9cw\" frameborder=\"0\" allowfullscreen\u003E\u003C/iframe\u003E",
    "description": "\u003Cp\u003EAirSig Password Wallet- Introduction\u003C/p\u003E"},
   {"embed_code": "\u003Ciframe width=\"450\" height=\"253\" src=\"//www.youtube.com/embed/XYVjO1F37pE\" frameborder=\"0\" allowfullscreen\u003E\u003C/iframe\u003E",
    "description": "\u003Cp\u003EAirSig - setup and usage\u003C/p\u003E"}],
 "screenshots":
  [{"available_sizes":
     [[[150,
        73],
       "http://api-images.crunchbase.com/assets/images/resized/0044/8475/448475v2-max-150x150.png"],
      [[250,
        122],
       "http://api-images.crunchbase.com/assets/images/resized/0044/8475/448475v2-max-250x250.png"],
      [[450,
        219],
       "http://api-images.crunchbase.com/assets/images/resized/0044/8475/448475v2-max-450x450.png"]],
    "attribution": null}],
 "external_links":
  [],
 "partners":
  []}
