{"name": "Ajillion",
 "permalink": "ajillion",
 "crunchbase_url": "http://www.crunchbase.com/company/ajillion",
 "homepage_url": "http://ajillionmax.com",
 "blog_url": "",
 "blog_feed_url": "",
 "twitter_username": null,
 "category_code": "software",
 "number_of_employees": null,
 "founded_year": 2013,
 "founded_month": 4,
 "founded_day": null,
 "deadpooled_year": null,
 "deadpooled_month": null,
 "deadpooled_day": null,
 "deadpooled_url": null,
 "tag_list": "advertising, technology, mobile, ad-server, dsp, click-tracking, software, platform",
 "alias_list": null,
 "email_address": "goldi@ajillionmax.com",
 "phone_number": "",
 "description": "Mobile ad-serving made easy",
 "created_at": "Fri Mar 14 15:19:33 UTC 2014",
 "updated_at": "Fri Mar 14 19:38:25 UTC 2014",
 "overview": "\u003Cp\u003EAjillion is the creator of AjillionMAX, a white-label management platform used by mobile ad networks, agencies and monetization platforms. The solution includes a mobile white-label ad-server, ad-exchange, DSP and Click Tracking, \u003C/p\u003E\n\n\u003Cp\u003EAjillion is powering some the mobile advertising industry\u0026#8217;s top players such as Inneractive, YBrant, Darriens, SupersonicAds, Appia, McCann Erickson, SayMedia, Spiral Solutions, WEBmedia, IronSource, Jemm and many more.\u003C/p\u003E",
 "image":
  {"available_sizes":
    [[[150,
       55],
      "http://api-images.crunchbase.com/assets/images/resized/0043/4899/434899v2-max-150x150.png"],
     [[250,
       93],
      "http://api-images.crunchbase.com/assets/images/resized/0043/4899/434899v2-max-250x250.png"],
     [[450,
       167],
      "http://api-images.crunchbase.com/assets/images/resized/0043/4899/434899v2-max-450x450.png"]],
   "attribution": null},
 "products":
  [],
 "relationships":
  [{"is_past": false,
    "title": "CEO",
    "person":
     {"first_name": "Gilad",
      "last_name": "Hellerman",
      "permalink": "gilad-hellerman"}},
   {"is_past": false,
    "title": "CTO",
    "person":
     {"first_name": "Etai",
      "last_name": "Raz",
      "permalink": "etai-raz"}},
   {"is_past": false,
    "title": "VP Business Development",
    "person":
     {"first_name": "Ran",
      "last_name": "Goldshtein",
      "permalink": "ran-goldshtein"}}],
 "competitions":
  [],
 "providerships":
  [],
 "total_money_raised": "$0",
 "funding_rounds":
  [],
 "investments":
  [],
 "acquisition": null,
 "acquisitions":
  [],
 "offices":
  [{"description": "HQ",
    "address1": "",
    "address2": "",
    "zip_code": "",
    "city": "Tel Aviv",
    "state_code": null,
    "country_code": "ISR",
    "latitude": null,
    "longitude": null}],
 "milestones":
  [],
 "ipo": null,
 "video_embeds":
  [],
 "screenshots":
  [],
 "external_links":
  [],
 "partners":
  []}
