{"name": "Akalea",
 "permalink": "akalea",
 "crunchbase_url": "http://www.crunchbase.com/company/akalea",
 "homepage_url": "http://www.akalea.com",
 "blog_url": "",
 "blog_feed_url": "",
 "twitter_username": null,
 "category_code": "software",
 "number_of_employees": 1,
 "founded_year": 2012,
 "founded_month": 1,
 "founded_day": 1,
 "deadpooled_year": null,
 "deadpooled_month": null,
 "deadpooled_day": null,
 "deadpooled_url": null,
 "tag_list": "software, web, internet, saas, tahiti",
 "alias_list": null,
 "email_address": "contact@akalea.com",
 "phone_number": "",
 "description": "Software, Web, Saas",
 "created_at": "Thu Mar 13 01:00:33 UTC 2014",
 "updated_at": "Fri Mar 14 03:03:03 UTC 2014",
 "overview": "\u003Cp\u003EAkalea is a software development company, editor of saas solutions, located in Tahiti, French Polynesia.\u003C/p\u003E\n\n\u003Cp\u003EAkalea is specialized in providing custom software solutions to meet clients needs.\u003C/p\u003E\n\n\u003Cp\u003EAkalea is also editor of saas solutions LoyalPanda and LeRestoWeb.\u003C/p\u003E",
 "image":
  {"available_sizes":
    [[[100,
       67],
      "http://api-images.crunchbase.com/assets/images/resized/0043/3180/433180v2-max-150x150.png"],
     [[100,
       67],
      "http://api-images.crunchbase.com/assets/images/resized/0043/3180/433180v2-max-250x250.png"],
     [[100,
       67],
      "http://api-images.crunchbase.com/assets/images/resized/0043/3180/433180v2-max-450x450.png"]],
   "attribution": null},
 "products":
  [{"name": "LoyalPanda",
    "permalink": "loyalpanda"},
   {"name": "LeRestoWeb",
    "permalink": "lerestoweb"}],
 "relationships":
  [],
 "competitions":
  [],
 "providerships":
  [],
 "total_money_raised": "$0",
 "funding_rounds":
  [],
 "investments":
  [],
 "acquisition": null,
 "acquisitions":
  [],
 "offices":
  [{"description": "Tahiti",
    "address1": "",
    "address2": "",
    "zip_code": "",
    "city": "Papeete",
    "state_code": null,
    "country_code": "PYF",
    "latitude": null,
    "longitude": null}],
 "milestones":
  [{"id": 49097,
    "description": "LeRestoWeb (http://www.lerestoweb.com) saas solution for restaurant owners is open for subscriptions in France and French Polynesia",
    "stoned_year": 2014,
    "stoned_month": 3,
    "stoned_day": 3,
    "source_url": "",
    "source_text": null,
    "source_description": "",
    "stoneable_type": "Company",
    "stoned_value": null,
    "stoned_value_type": null,
    "stoned_acquirer": null,
    "stoneable":
     {"name": "Akalea",
      "permalink": "akalea"}},
   {"id": 49098,
    "description": "LoyalPanda (http://www.loyalpanda.com) saas solution for professionals  comes out of beta and launches in France and French Polynesia",
    "stoned_year": 2014,
    "stoned_month": 3,
    "stoned_day": 10,
    "source_url": "",
    "source_text": null,
    "source_description": "",
    "stoneable_type": "Company",
    "stoned_value": null,
    "stoned_value_type": null,
    "stoned_acquirer": null,
    "stoneable":
     {"name": "Akalea",
      "permalink": "akalea"}}],
 "ipo": null,
 "video_embeds":
  [],
 "screenshots":
  [{"available_sizes":
     [[[150,
        84],
       "http://api-images.crunchbase.com/assets/images/resized/0043/3932/433932v2-max-150x150.png"],
      [[250,
        140],
       "http://api-images.crunchbase.com/assets/images/resized/0043/3932/433932v2-max-250x250.png"],
      [[450,
        252],
       "http://api-images.crunchbase.com/assets/images/resized/0043/3932/433932v2-max-450x450.png"]],
    "attribution": null},
   {"available_sizes":
     [[[150,
        120],
       "http://api-images.crunchbase.com/assets/images/resized/0043/3933/433933v2-max-150x150.png"],
      [[250,
        200],
       "http://api-images.crunchbase.com/assets/images/resized/0043/3933/433933v2-max-250x250.png"],
      [[450,
        360],
       "http://api-images.crunchbase.com/assets/images/resized/0043/3933/433933v2-max-450x450.png"]],
    "attribution": null}],
 "external_links":
  [],
 "partners":
  []}
