{"name": "Akimbo LLC",
 "permalink": "akimbo-llc",
 "crunchbase_url": "http://www.crunchbase.com/company/akimbo-llc",
 "homepage_url": "http://www.AkimboConnect.com",
 "blog_url": "http://akimboconnect.com/blog",
 "blog_feed_url": "",
 "twitter_username": "akimboconnect",
 "category_code": "software",
 "number_of_employees": null,
 "founded_year": 2012,
 "founded_month": 2,
 "founded_day": null,
 "deadpooled_year": null,
 "deadpooled_month": null,
 "deadpooled_day": null,
 "deadpooled_url": null,
 "tag_list": "",
 "alias_list": null,
 "email_address": "danielle@akimboconnect.com",
 "phone_number": "8454165255",
 "description": "",
 "created_at": "Wed Mar 26 18:30:35 UTC 2014",
 "updated_at": "Sat Mar 29 19:45:23 UTC 2014",
 "overview": "",
 "image": null,
 "products":
  [],
 "relationships":
  [],
 "competitions":
  [],
 "providerships":
  [],
 "total_money_raised": "$0",
 "funding_rounds":
  [],
 "investments":
  [],
 "acquisition": null,
 "acquisitions":
  [],
 "offices":
  [],
 "milestones":
  [],
 "ipo": null,
 "video_embeds":
  [],
 "screenshots":
  [],
 "external_links":
  [],
 "partners":
  []}
