{"name": "Alabama Gas Corp",
 "permalink": "alabama-gas-corp",
 "crunchbase_url": "http://www.crunchbase.com/company/alabama-gas-corp",
 "homepage_url": "http://www.alagasco.com",
 "blog_url": "http://blog.alagasco.com/",
 "blog_feed_url": "",
 "twitter_username": "alagasco",
 "category_code": null,
 "number_of_employees": null,
 "founded_year": 1975,
 "founded_month": null,
 "founded_day": null,
 "deadpooled_year": null,
 "deadpooled_month": null,
 "deadpooled_day": null,
 "deadpooled_url": null,
 "tag_list": "",
 "alias_list": "",
 "email_address": "",
 "phone_number": "+1 800-292-4008",
 "description": "",
 "created_at": "Wed Apr 09 06:06:00 UTC 2014",
 "updated_at": "Wed Apr 09 06:10:09 UTC 2014",
 "overview": "\u003Cp\u003EAlabama Gas Corporation, Alagasco, headquartered in Birmingham, Alabama, is the largest natural gas utility in north and central Alabama that provides energy to 420,000 homes and businesses. Its history dates back more than 160 years. It has operating divisions in Anniston, Birmingham, Gadsden, Montgomery, Opelika, Selma, and Tuscaloosa. Alagasco is one of the two operating units of Energen Corporation, a diversified energy company also headquartered in Birmingham, Alabama.\u003C/p\u003E",
 "image":
  {"available_sizes":
    [[[150,
       37],
      "http://api-images.crunchbase.com/assets/images/resized/0045/2098/452098v1-max-150x150.png"],
     [[250,
       62],
      "http://api-images.crunchbase.com/assets/images/resized/0045/2098/452098v1-max-250x250.png"],
     [[362,
       90],
      "http://api-images.crunchbase.com/assets/images/resized/0045/2098/452098v1-max-450x450.png"]],
   "attribution": null},
 "products":
  [],
 "relationships":
  [],
 "competitions":
  [],
 "providerships":
  [],
 "total_money_raised": "$0",
 "funding_rounds":
  [],
 "investments":
  [],
 "acquisition":
  {"price_amount": 1340000000.0,
   "price_currency_code": "USD",
   "term_code": null,
   "source_url": "http://www.foxbusiness.com/industries/2014/04/07/laclede-to-pay-134b-for-energens-alabama-gas-utility/",
   "source_description": "Laclede to Pay $1.34B for Energen\u2019s Alabama Gas Utility",
   "acquired_year": 2014,
   "acquired_month": 4,
   "acquired_day": 7,
   "acquiring_company":
    {"name": "Laclede Group",
     "permalink": "laclede-group"}},
 "acquisitions":
  [],
 "offices":
  [{"description": "",
    "address1": "",
    "address2": "",
    "zip_code": "",
    "city": "Birmingham",
    "state_code": "AL",
    "country_code": "USA",
    "latitude": null,
    "longitude": null}],
 "milestones":
  [],
 "ipo": null,
 "video_embeds":
  [],
 "screenshots":
  [{"available_sizes":
     [[[150,
        86],
       "http://api-images.crunchbase.com/assets/images/resized/0045/2097/452097v1-max-150x150.png"],
      [[250,
        144],
       "http://api-images.crunchbase.com/assets/images/resized/0045/2097/452097v1-max-250x250.png"],
      [[450,
        260],
       "http://api-images.crunchbase.com/assets/images/resized/0045/2097/452097v1-max-450x450.png"]],
    "attribution": null}],
 "external_links":
  [],
 "partners":
  []}
