{"name": "Alalali",
 "permalink": "alalali",
 "crunchbase_url": "http://www.crunchbase.com/company/alalali",
 "homepage_url": "http://www.alalali.com/en",
 "blog_url": "",
 "blog_feed_url": "",
 "twitter_username": "alalali_ME",
 "category_code": "other",
 "number_of_employees": null,
 "founded_year": null,
 "founded_month": null,
 "founded_day": null,
 "deadpooled_year": null,
 "deadpooled_month": null,
 "deadpooled_day": null,
 "deadpooled_url": null,
 "tag_list": "al-alali-food-products--recipes, bakery-aids-products, dessert-foods, tuna-salad, pasta-sauce",
 "alias_list": null,
 "email_address": "info@alalali.com",
 "phone_number": "9714 8815115",
 "description": "Food Services",
 "created_at": "Thu Mar 06 13:10:19 UTC 2014",
 "updated_at": "Wed Mar 12 09:02:25 UTC 2014",
 "overview": "\u003Cp\u003EAl Alali food products, a leading food brand in the Middle East, offering Bakery aids products, Dessert foods, tuna salad, Pasta sauce and more.\u003C/p\u003E",
 "image":
  {"available_sizes":
    [[[122,
       108],
      "http://api-images.crunchbase.com/assets/images/resized/0042/8706/428706v2-max-150x150.jpg"],
     [[122,
       108],
      "http://api-images.crunchbase.com/assets/images/resized/0042/8706/428706v2-max-250x250.jpg"],
     [[122,
       108],
      "http://api-images.crunchbase.com/assets/images/resized/0042/8706/428706v2-max-450x450.jpg"]],
   "attribution": null},
 "products":
  [],
 "relationships":
  [],
 "competitions":
  [],
 "providerships":
  [],
 "total_money_raised": "$0",
 "funding_rounds":
  [],
 "investments":
  [],
 "acquisition": null,
 "acquisitions":
  [],
 "offices":
  [],
 "milestones":
  [],
 "ipo": null,
 "video_embeds":
  [],
 "screenshots":
  [],
 "external_links":
  [],
 "partners":
  []}
