{"name": "Alcanzar Solar",
 "permalink": "alcanzar-solar",
 "crunchbase_url": "http://www.crunchbase.com/company/alcanzar-solar",
 "homepage_url": "http://www.alcanzarsolar.com",
 "blog_url": "",
 "blog_feed_url": "",
 "twitter_username": "AlcanzarSolar",
 "category_code": "cleantech",
 "number_of_employees": null,
 "founded_year": 2011,
 "founded_month": 8,
 "founded_day": null,
 "deadpooled_year": null,
 "deadpooled_month": null,
 "deadpooled_day": null,
 "deadpooled_url": null,
 "tag_list": "",
 "alias_list": "",
 "email_address": "nisar@alcanzarsolar.com",
 "phone_number": "",
 "description": "",
 "created_at": "Fri Mar 21 04:40:21 UTC 2014",
 "updated_at": "Sat Mar 29 09:59:44 UTC 2014",
 "overview": "\u003Cp\u003EOur Mission is to spur a staggering environmental impact by bringing down cost of Solar Technology, with directed innovation for extreme affordability. We seek to radically lower the cost to where solar products can reach the level of global omnipresence of a cellular phone. Currently, our projects are focused around solar thermal water heaters and solar water purification and desalinization. We plan soon to include development of small scale solar cooling for vaccinations and perishable foods necessary for Africa and Asia. In addition, our model is to share our technology to help create local small businesses that are able to produce the systems themselves.\u003C/p\u003E",
 "image":
  {"available_sizes":
    [[[150,
       36],
      "http://api-images.crunchbase.com/assets/images/resized/0043/8997/438997v1-max-150x150.png"],
     [[250,
       61],
      "http://api-images.crunchbase.com/assets/images/resized/0043/8997/438997v1-max-250x250.png"],
     [[323,
       79],
      "http://api-images.crunchbase.com/assets/images/resized/0043/8997/438997v1-max-450x450.png"]],
   "attribution": null},
 "products":
  [],
 "relationships":
  [],
 "competitions":
  [],
 "providerships":
  [],
 "total_money_raised": "$40k",
 "funding_rounds":
  [{"id": 70129,
    "round_code": "seed",
    "source_url": "",
    "source_description": "",
    "raised_amount": 40000.0,
    "raised_currency_code": "USD",
    "funded_year": 2011,
    "funded_month": 11,
    "funded_day": 23,
    "investments":
     [{"company": null,
       "financial_org":
        {"name": "Start-Up Chile",
         "permalink": "start-up-chile"},
       "person": null}]}],
 "investments":
  [],
 "acquisition": null,
 "acquisitions":
  [],
 "offices":
  [{"description": "",
    "address1": "845 Ramona St",
    "address2": "Apt 521",
    "zip_code": "",
    "city": "Palo Alto",
    "state_code": "CA",
    "country_code": "USA",
    "latitude": null,
    "longitude": null}],
 "milestones":
  [],
 "ipo": null,
 "video_embeds":
  [],
 "screenshots":
  [{"available_sizes":
     [[[150,
        119],
       "http://api-images.crunchbase.com/assets/images/resized/0043/8996/438996v1-max-150x150.png"],
      [[250,
        198],
       "http://api-images.crunchbase.com/assets/images/resized/0043/8996/438996v1-max-250x250.png"],
      [[450,
        357],
       "http://api-images.crunchbase.com/assets/images/resized/0043/8996/438996v1-max-450x450.png"]],
    "attribution": null}],
 "external_links":
  [],
 "partners":
  []}
