{"name": "Alex Shuttle PDX",
 "permalink": "alex-shuttle-pdx",
 "crunchbase_url": "http://www.crunchbase.com/company/alex-shuttle-pdx",
 "homepage_url": "http://www.alexshuttlepdx.com",
 "blog_url": "",
 "blog_feed_url": "",
 "twitter_username": null,
 "category_code": "transportation",
 "number_of_employees": null,
 "founded_year": null,
 "founded_month": null,
 "founded_day": null,
 "deadpooled_year": null,
 "deadpooled_month": null,
 "deadpooled_day": null,
 "deadpooled_url": null,
 "tag_list": "portland-airport-shuttle, portland-airport-shuttle-service, pdx-airport-shuttle",
 "alias_list": null,
 "email_address": "alexshuttle1@gmail.com",
 "phone_number": "(503) 984-9874 ",
 "description": "Alex Shuttle PDX Transportation.",
 "created_at": "Sat Apr 05 11:47:23 UTC 2014",
 "updated_at": "Mon Apr 07 23:15:41 UTC 2014",
 "overview": "",
 "image": null,
 "products":
  [],
 "relationships":
  [],
 "competitions":
  [],
 "providerships":
  [],
 "total_money_raised": "$0",
 "funding_rounds":
  [],
 "investments":
  [],
 "acquisition": null,
 "acquisitions":
  [],
 "offices":
  [],
 "milestones":
  [],
 "ipo": null,
 "video_embeds":
  [],
 "screenshots":
  [],
 "external_links":
  [],
 "partners":
  []}
