{"name": "Alexandria Dentist: Farhan Qureshi DDS",
 "permalink": "alexandria-dentist-farhan-qureshi-dds",
 "crunchbase_url": "http://www.crunchbase.com/company/alexandria-dentist-farhan-qureshi-dds",
 "homepage_url": "http://www.skylinedentist.com",
 "blog_url": "",
 "blog_feed_url": "",
 "twitter_username": null,
 "category_code": "health",
 "number_of_employees": null,
 "founded_year": null,
 "founded_month": null,
 "founded_day": null,
 "deadpooled_year": null,
 "deadpooled_month": null,
 "deadpooled_day": null,
 "deadpooled_url": null,
 "tag_list": "dentist",
 "alias_list": null,
 "email_address": "farhanqureshidds@outlook.com",
 "phone_number": "703-931-4544",
 "description": "Dentist",
 "created_at": "Fri Mar 21 16:14:29 UTC 2014",
 "updated_at": "Tue Mar 25 00:47:28 UTC 2014",
 "overview": "\u003Cp\u003EFarhan Qureshi DDS is a dentist in Alexandria that offers a variety of dental services to all of his patients. Our services include:\nTeeth Whitening\nDental Veneers\nFillings\nDental Implants\nSedation Dentistry\nInvisalign\nGum Treatment\nTMJ Problems\nPediatric Dentistry\nEmergency Dental Care\u003C/p\u003E",
 "image": null,
 "products":
  [],
 "relationships":
  [],
 "competitions":
  [],
 "providerships":
  [],
 "total_money_raised": "$0",
 "funding_rounds":
  [],
 "investments":
  [],
 "acquisition": null,
 "acquisitions":
  [],
 "offices":
  [{"description": "Office",
    "address1": "5206 Dawes Avenue",
    "address2": "",
    "zip_code": "22311",
    "city": "Alexandria",
    "state_code": "VA",
    "country_code": "USA",
    "latitude": null,
    "longitude": null}],
 "milestones":
  [],
 "ipo": null,
 "video_embeds":
  [],
 "screenshots":
  [],
 "external_links":
  [],
 "partners":
  []}
