{"name": "Alexander Law Firm St. Charles",
 "permalink": "alexander-law-firm-st-charles",
 "crunchbase_url": "http://www.crunchbase.com/company/alexander-law-firm-st-charles",
 "homepage_url": "http://alexanderlawfirmllc.com",
 "blog_url": "",
 "blog_feed_url": "",
 "twitter_username": null,
 "category_code": "local",
 "number_of_employees": null,
 "founded_year": null,
 "founded_month": null,
 "founded_day": null,
 "deadpooled_year": null,
 "deadpooled_month": null,
 "deadpooled_day": null,
 "deadpooled_url": null,
 "tag_list": "tax-attorney-st-charles, tax-attorneys-st-charles, tax-lawyer-st-charles, tax-lawyers-st-charles, tax-law-st-charles, tax-planning-st-charles, lawyer-st-charles, attorney-st-charles",
 "alias_list": "",
 "email_address": "thealexanderlawfirm@aol.com",
 "phone_number": "636-334-3035",
 "description": "Tax attorney Alex Curcuru knows the tax",
 "created_at": "Sun Mar 23 13:31:53 UTC 2014",
 "updated_at": "Fri Mar 28 20:18:37 UTC 2014",
 "overview": "\u003Cp\u003EAddress:\n1360 S 5th St, Suite 100, St. Charles, MO 63301\u003C/p\u003E\n\n\u003Cp\u003EPhone:\n636-334-3035\u003C/p\u003E\n\n\u003Cp\u003EWebsite:\nhttp: alexanderlawfirmllc.com\u003C/p\u003E\n\n\u003Cp\u003ETax attorney Alex Curcuru knows the tax code and tax forms inside and out. He started his career in accounting preparing hundreds of tax returns for one of the largest tax preparation firms in the U.S. Now, as a tax lawyer he represents clients in tax controversy matters involving IRS and Missouri Department of Revenue disputes. With his accounting background and knowledge of tax law combined, he\u2019s uniquely prepared to help you with your tax problems. If you\u2019re looking for an advocate in the complex and confusing world of tax disputes, contact him today for a free consultation.\u003C/p\u003E\n\n\u003Cp\u003EServices:\nlawyer, attorney, tax preparation, tax lawyers, tax planning, tax attorney\u003C/p\u003E\n\n\u003Cp\u003EWork Days:\nMon - Fri: 9.00am to 5.00pm , Sat: Closed Sun: Closed\u003C/p\u003E\n\n\u003Cp\u003EPayment Methods:\nMastercard, Visa, Discover, Paypal, Amex, Check, Cash, Invoice, Traveler\u0026#8217;s Check, Financing\u003C/p\u003E\n\n\u003Cp\u003EOffers:\nDiscount on tax preparations\u003C/p\u003E\n\n\u003Cp\u003EYear Est : 2010 \u003C/p\u003E",
 "image":
  {"available_sizes":
    [[[150,
       112],
      "http://api-images.crunchbase.com/assets/images/resized/0044/0464/440464v2-max-150x150.jpg"],
     [[250,
       186],
      "http://api-images.crunchbase.com/assets/images/resized/0044/0464/440464v2-max-250x250.jpg"],
     [[293,
       219],
      "http://api-images.crunchbase.com/assets/images/resized/0044/0464/440464v2-max-450x450.jpg"]],
   "attribution": null},
 "products":
  [],
 "relationships":
  [],
 "competitions":
  [],
 "providerships":
  [],
 "total_money_raised": "$0",
 "funding_rounds":
  [],
 "investments":
  [],
 "acquisition": null,
 "acquisitions":
  [],
 "offices":
  [],
 "milestones":
  [],
 "ipo": null,
 "video_embeds":
  [],
 "screenshots":
  [],
 "external_links":
  [],
 "partners":
  []}
