{"name": "Alice Technologies",
 "permalink": "alice-technologies",
 "crunchbase_url": "http://www.crunchbase.com/company/alice-technologies",
 "homepage_url": null,
 "blog_url": "",
 "blog_feed_url": "",
 "twitter_username": null,
 "category_code": "other",
 "number_of_employees": null,
 "founded_year": null,
 "founded_month": null,
 "founded_day": null,
 "deadpooled_year": null,
 "deadpooled_month": null,
 "deadpooled_day": null,
 "deadpooled_url": null,
 "tag_list": "",
 "alias_list": "",
 "email_address": "",
 "phone_number": "(650) 996-7755",
 "description": "",
 "created_at": "Thu Apr 03 04:21:59 UTC 2014",
 "updated_at": "Thu Apr 03 04:21:59 UTC 2014",
 "overview": "",
 "image": null,
 "products":
  [],
 "relationships":
  [{"is_past": false,
    "title": "CEO",
    "person":
     {"first_name": "Rene",
      "last_name": "Morkos",
      "permalink": "rene-morkos"}},
   {"is_past": false,
    "title": "Cofounder",
    "person":
     {"first_name": "Prithvi Raj",
      "last_name": "Jampana",
      "permalink": "prithvi-raj-jampana"}}],
 "competitions":
  [],
 "providerships":
  [],
 "total_money_raised": "$200k",
 "funding_rounds":
  [{"id": 71364,
    "round_code": "debt_round",
    "source_url": "http://www.sec.gov/Archives/edgar/data/1603909/000160390914000001/xslFormDX01/primary_doc.xml",
    "source_description": "SEC",
    "raised_amount": 199956.0,
    "raised_currency_code": "USD",
    "funded_year": 2014,
    "funded_month": 4,
    "funded_day": 2,
    "investments":
     []}],
 "investments":
  [],
 "acquisition": null,
 "acquisitions":
  [],
 "offices":
  [{"description": "",
    "address1": "33 Gladys Street",
    "address2": "San Francisco",
    "zip_code": "94110",
    "city": "",
    "state_code": "CA",
    "country_code": "USA",
    "latitude": null,
    "longitude": null}],
 "milestones":
  [],
 "ipo": null,
 "video_embeds":
  [],
 "screenshots":
  [],
 "external_links":
  [],
 "partners":
  []}
