{"name": "Alienplay Games",
 "permalink": "alienplay-games",
 "crunchbase_url": "http://www.crunchbase.com/company/alienplay-games",
 "homepage_url": "http://www.alienplaygames.com",
 "blog_url": "",
 "blog_feed_url": "",
 "twitter_username": "Alienplaygames",
 "category_code": "games_video",
 "number_of_employees": null,
 "founded_year": null,
 "founded_month": null,
 "founded_day": null,
 "deadpooled_year": null,
 "deadpooled_month": null,
 "deadpooled_day": null,
 "deadpooled_url": null,
 "tag_list": "games, entertainment, applications",
 "alias_list": "",
 "email_address": "support@alienplaygames.com",
 "phone_number": "",
 "description": "Humaliens Social Gambling Chip Games ",
 "created_at": "Tue Mar 18 11:40:31 UTC 2014",
 "updated_at": "Wed Apr 09 12:22:27 UTC 2014",
 "overview": "\u003Cp\u003EAlienplay, established in 2009 is a developer and a publisher of digital hobby games. Their team of talented developers and designers includes industry veterans with over twenty years of published game experience. As creators of their flagship property Humaliens, May of 2015 looks promising for the launch of Humaliens Academy, an entire suite of online fantasy chip games for PC, MAC and Mobile devices.\u003C/p\u003E\n\n\u003Cp\u003EStarting with Humaliens Academy or HA and recommended for ages 13+, HA targets hobby gamers who want to experience \u0026#8220;multiplayer 3D chip table games\u0026#8221; inspired by comics and hobby games. HA will feature four 3D chip games; Knockout (War card game inspired), Super and Ultimate (Trading Card and Miniature games inspired), and Humaliens Hold\u0026#8217;em (Texas Hold\u0026#8217;em inspired).\u003C/p\u003E\n\n\u003Cp\u003EAlienplay (formally known as Humaliens USA) includes founding members Rick Medina, Kevin Tom and Joe Fronsee. In addition, they\u0026#8217;ve added five highly experienced new members that completes their executive team (portrayed in their Team section below).\u003C/p\u003E",
 "image":
  {"available_sizes":
    [[[120,
       116],
      "http://api-images.crunchbase.com/assets/images/resized/0043/6857/436857v1-max-150x150.jpg"],
     [[120,
       116],
      "http://api-images.crunchbase.com/assets/images/resized/0043/6857/436857v1-max-250x250.jpg"],
     [[120,
       116],
      "http://api-images.crunchbase.com/assets/images/resized/0043/6857/436857v1-max-450x450.jpg"]],
   "attribution": null},
 "products":
  [],
 "relationships":
  [{"is_past": false,
    "title": "Founder",
    "person":
     {"first_name": "Rick",
      "last_name": "Medina",
      "permalink": "rick-medina"}}],
 "competitions":
  [],
 "providerships":
  [],
 "total_money_raised": "$0",
 "funding_rounds":
  [],
 "investments":
  [],
 "acquisition": null,
 "acquisitions":
  [],
 "offices":
  [{"description": "",
    "address1": "705 Center Drive",
    "address2": "Suite 108",
    "zip_code": "",
    "city": "San Marcos",
    "state_code": "CA",
    "country_code": "USA",
    "latitude": null,
    "longitude": null}],
 "milestones":
  [],
 "ipo": null,
 "video_embeds":
  [],
 "screenshots":
  [{"available_sizes":
     [[[150,
        86],
       "http://api-images.crunchbase.com/assets/images/resized/0043/6856/436856v1-max-150x150.png"],
      [[250,
        144],
       "http://api-images.crunchbase.com/assets/images/resized/0043/6856/436856v1-max-250x250.png"],
      [[450,
        259],
       "http://api-images.crunchbase.com/assets/images/resized/0043/6856/436856v1-max-450x450.png"]],
    "attribution": null}],
 "external_links":
  [],
 "partners":
  [{"partner_name": "angel_list",
    "homepage_url": "http://www.HumaliensAcademy.com",
    "link_1_url": "https://angel.co/alienplay-games",
    "link_2_url": "https://angel.co/alienplay-games?utc_source=crunchbase\u0026amp;utm_campaign=crunchbase\u0026amp;utm_content=fundraising\u0026amp;utm_medium=link\u0026amp;utm_term=alienplay-games",
    "link_3_url": null,
    "link_1_name": "AngelList Page",
    "link_2_name": "Raising: $50K",
    "link_3_name": null},
   {"partner_name": "ct_quan",
    "homepage_url": "unknown",
    "link_1_url": null,
    "link_2_url": null,
    "link_3_url": null,
    "link_1_name": null,
    "link_2_name": null,
    "link_3_name": null}]}
