{"name": "All-Lift Ltd.",
 "permalink": "all-lift-ltd",
 "crunchbase_url": "http://www.crunchbase.com/company/all-lift-ltd",
 "homepage_url": "http://www.all-lift.net",
 "blog_url": "",
 "blog_feed_url": "",
 "twitter_username": null,
 "category_code": "transportation",
 "number_of_employees": null,
 "founded_year": null,
 "founded_month": null,
 "founded_day": null,
 "deadpooled_year": null,
 "deadpooled_month": null,
 "deadpooled_day": null,
 "deadpooled_url": null,
 "tag_list": "",
 "alias_list": null,
 "email_address": "service@all-lift.net",
 "phone_number": "905-459-5348",
 "description": "Since our establishment in 1976,",
 "created_at": "Thu Mar 27 07:03:05 UTC 2014",
 "updated_at": "Sat Mar 29 19:53:16 UTC 2014",
 "overview": "\u003Cp\u003ESince our establishment in 1976, All-Lift Ltd. has not only grown to be Toronto\u0026#8217;s foremost experts in the field of Material Handling, but also to host Canada\u0026#8217;s largest inventory of used and reconditioned fork lift trucks by trusted manufacturers including CombiLift, AisleMaster, TCM, FactoryCat, and more.\u003C/p\u003E",
 "image": null,
 "products":
  [],
 "relationships":
  [],
 "competitions":
  [],
 "providerships":
  [],
 "total_money_raised": "$0",
 "funding_rounds":
  [],
 "investments":
  [],
 "acquisition": null,
 "acquisitions":
  [],
 "offices":
  [],
 "milestones":
  [],
 "ipo": null,
 "video_embeds":
  [],
 "screenshots":
  [],
 "external_links":
  [{"external_url": "http://www.all-lift.net",
    "title": "http://www.all-lift.net"}],
 "partners":
  []}
