{"name": "All Square",
 "permalink": "all-square",
 "crunchbase_url": "http://www.crunchbase.com/company/all-square",
 "homepage_url": "http://allsquaregolf.com",
 "blog_url": "",
 "blog_feed_url": "",
 "twitter_username": "Allsquare_golf",
 "category_code": null,
 "number_of_employees": null,
 "founded_year": null,
 "founded_month": null,
 "founded_day": null,
 "deadpooled_year": null,
 "deadpooled_month": null,
 "deadpooled_day": null,
 "deadpooled_url": null,
 "tag_list": "",
 "alias_list": "",
 "email_address": "",
 "phone_number": "",
 "description": "",
 "created_at": "Thu Mar 20 18:03:33 UTC 2014",
 "updated_at": "Thu Mar 20 18:03:33 UTC 2014",
 "overview": "",
 "image":
  {"available_sizes":
    [[[150,
       78],
      "http://api-images.crunchbase.com/assets/images/resized/0043/8791/438791v1-max-150x150.png"],
     [[162,
       85],
      "http://api-images.crunchbase.com/assets/images/resized/0043/8791/438791v1-max-250x250.png"],
     [[162,
       85],
      "http://api-images.crunchbase.com/assets/images/resized/0043/8791/438791v1-max-450x450.png"]],
   "attribution": null},
 "products":
  [],
 "relationships":
  [],
 "competitions":
  [],
 "providerships":
  [],
 "total_money_raised": "$0",
 "funding_rounds":
  [],
 "investments":
  [],
 "acquisition": null,
 "acquisitions":
  [],
 "offices":
  [],
 "milestones":
  [],
 "ipo": null,
 "video_embeds":
  [],
 "screenshots":
  [],
 "external_links":
  [],
 "partners":
  []}
