{"name": "Allecoudent",
 "permalink": "allecoudent",
 "crunchbase_url": "http://www.crunchbase.com/company/allecoudent",
 "homepage_url": "http://www.allecoudent.pl",
 "blog_url": "",
 "blog_feed_url": "",
 "twitter_username": null,
 "category_code": "health",
 "number_of_employees": 7,
 "founded_year": null,
 "founded_month": null,
 "founded_day": null,
 "deadpooled_year": null,
 "deadpooled_month": null,
 "deadpooled_day": null,
 "deadpooled_url": null,
 "tag_list": "stomatolog, allecoudent, implanty, pozna",
 "alias_list": null,
 "email_address": "allecoudent@wp.pl",
 "phone_number": "61 8664 100",
 "description": "stomatolog, implanty, pozna\u0144",
 "created_at": "Wed Mar 12 11:34:25 UTC 2014",
 "updated_at": "Thu Mar 13 01:14:49 UTC 2014",
 "overview": "\u003Cp\u003EGabinet stomatologiczny Allecoudent serdecznie zaprasza wszystkich do kontaktu oraz skorzystania z us\u0142ug naszego gabinetu. Ka\u017cdy stomatolog, kt\u00f3ry pracuje w plac\u00f3wce Allecoudent posiada ogromne do\u015bwiadczenie w zakresie swoich kompetencji. Oferujemy r\u00f3wnie\u017c implanty z\u0119bowe oraz wiele innych. Znajdujemy si\u0119 w mie\u015bcie Pozna\u0144 zaraz obok jednej z najbardziej ruchliwych ulic w Poznaniu - G\u0142ogowska. Je\u015bli Stomatolog to tylko Allecoudent.\u003C/p\u003E",
 "image":
  {"available_sizes":
    [[[150,
       67],
      "http://api-images.crunchbase.com/assets/images/resized/0043/2905/432905v2-max-150x150.png"],
     [[250,
       112],
      "http://api-images.crunchbase.com/assets/images/resized/0043/2905/432905v2-max-250x250.png"],
     [[434,
       196],
      "http://api-images.crunchbase.com/assets/images/resized/0043/2905/432905v2-max-450x450.png"]],
   "attribution": null},
 "products":
  [],
 "relationships":
  [],
 "competitions":
  [],
 "providerships":
  [],
 "total_money_raised": "$0",
 "funding_rounds":
  [],
 "investments":
  [],
 "acquisition": null,
 "acquisitions":
  [],
 "offices":
  [],
 "milestones":
  [],
 "ipo": null,
 "video_embeds":
  [],
 "screenshots":
  [],
 "external_links":
  [],
 "partners":
  []}
