{"name": "AllegianceMD Software, Inc",
 "permalink": "allegiancemd-software-inc",
 "crunchbase_url": "http://www.crunchbase.com/company/allegiancemd-software-inc",
 "homepage_url": "http://www.allegiancemd.com",
 "blog_url": "",
 "blog_feed_url": "",
 "twitter_username": "AllegianceMD",
 "category_code": "software",
 "number_of_employees": 50,
 "founded_year": 1996,
 "founded_month": 2,
 "founded_day": 4,
 "deadpooled_year": null,
 "deadpooled_month": null,
 "deadpooled_day": null,
 "deadpooled_url": null,
 "tag_list": "medical-software, emr-software, ehr-software, electronic-medical-record-software, electronic-health-record-software, medical-billing-software",
 "alias_list": null,
 "email_address": "",
 "phone_number": "800-868-1923",
 "description": "",
 "created_at": "Fri Mar 14 01:34:45 UTC 2014",
 "updated_at": "Fri Mar 14 17:58:17 UTC 2014",
 "overview": "\u003Cp\u003EAllegianceMD software, Inc is a privately-held, leader in ambulatory clinical solutions. \nIts solutions extend the use of electronic health records beyond practice walls with the latest technologies and create community-wide records. \nThe company has an established customer base.\u003C/p\u003E\n\n\u003Cp\u003EAllegianceMD is the only web-based medical billing/practice management/EHR software, using Artificial Intelligence. Our expert system goes far beyond where others left off. Allegiance streamlines and manages behind-the-scene practice services, making decisions based on your past actions. Set-up is easy, and the program can be learned in minutes. It\u0026#8217;s that simple. \u003C/p\u003E",
 "image": null,
 "products":
  [],
 "relationships":
  [{"is_past": false,
    "title": "",
    "person":
     {"first_name": "Meaningful",
      "last_name": "use stage 3",
      "permalink": "meaningful-use-stage-3"}},
   {"is_past": true,
    "title": "",
    "person":
     {"first_name": "Meaningful",
      "last_name": "use stage 2",
      "permalink": "meaningful-use-stage"}}],
 "competitions":
  [],
 "providerships":
  [],
 "total_money_raised": "$0",
 "funding_rounds":
  [],
 "investments":
  [],
 "acquisition": null,
 "acquisitions":
  [],
 "offices":
  [{"description": "Headquarter",
    "address1": "1722 s. carson ave",
    "address2": "3201",
    "zip_code": "74119",
    "city": "Tulsa",
    "state_code": "OK",
    "country_code": "USA",
    "latitude": null,
    "longitude": null}],
 "milestones":
  [],
 "ipo": null,
 "video_embeds":
  [],
 "screenshots":
  [],
 "external_links":
  [],
 "partners":
  []}
