{"name": "AllTimeMac",
 "permalink": "alltimemac",
 "crunchbase_url": "http://www.crunchbase.com/company/alltimemac",
 "homepage_url": null,
 "blog_url": null,
 "blog_feed_url": null,
 "twitter_username": null,
 "category_code": null,
 "number_of_employees": null,
 "founded_year": null,
 "founded_month": null,
 "founded_day": null,
 "deadpooled_year": null,
 "deadpooled_month": null,
 "deadpooled_day": null,
 "deadpooled_url": null,
 "tag_list": "",
 "alias_list": null,
 "email_address": null,
 "phone_number": null,
 "description": null,
 "created_at": "Mon Mar 10 10:41:10 UTC 2014",
 "updated_at": "Fri Mar 14 15:59:54 UTC 2014",
 "overview": "\u003Cp\u003E\u003Ca href=\"http://www.alltimemac.com\" title=\"AllTimeMac\" rel=\"nofollow\"\u003EAllTimeMac\u003C/a\u003E is a news site providing daily updates about Apple and its products.\u003C/p\u003E\n\n\u003Cp\u003EAllTimeMac was founded by \u003Ca href=\"http://www.crunchbase.com/person/anup-kayastha\" title=\"Anup Kayastha\"\u003EAnup Kayastha\u003C/a\u003E in August 2013, initially as a personal gadget review website.\u003C/p\u003E",
 "image":
  {"available_sizes":
    [[[150,
       150],
      "http://api-images.crunchbase.com/assets/images/resized/0043/4106/434106v2-max-150x150.png"],
     [[180,
       180],
      "http://api-images.crunchbase.com/assets/images/resized/0043/4106/434106v2-max-250x250.png"],
     [[180,
       180],
      "http://api-images.crunchbase.com/assets/images/resized/0043/4106/434106v2-max-450x450.png"]],
   "attribution": null},
 "products":
  [],
 "relationships":
  [{"is_past": false,
    "title": "",
    "person":
     {"first_name": "Anup",
      "last_name": "Kayastha",
      "permalink": "anup-kayastha"}}],
 "competitions":
  [],
 "providerships":
  [],
 "total_money_raised": "$0",
 "funding_rounds":
  [],
 "investments":
  [],
 "acquisition": null,
 "acquisitions":
  [],
 "offices":
  [],
 "milestones":
  [],
 "ipo": null,
 "video_embeds":
  [],
 "screenshots":
  [],
 "external_links":
  [],
 "partners":
  []}
