{"name": "ALLWAYS",
 "permalink": "allways",
 "crunchbase_url": "http://www.crunchbase.com/company/allways",
 "homepage_url": "http://www.allstudy.kr/allstudy",
 "blog_url": "",
 "blog_feed_url": "",
 "twitter_username": null,
 "category_code": "education",
 "number_of_employees": 4,
 "founded_year": 2012,
 "founded_month": 9,
 "founded_day": 20,
 "deadpooled_year": null,
 "deadpooled_month": null,
 "deadpooled_day": null,
 "deadpooled_url": null,
 "tag_list": "",
 "alias_list": "\uc62c\uc6e8\uc774\uc988\ucef4\ud37c\ub2c8",
 "email_address": "allwaystudy@gmail.com",
 "phone_number": "02-926-0555",
 "description": "",
 "created_at": "Sat Mar 15 08:45:31 UTC 2014",
 "updated_at": "Sat Mar 15 08:45:30 UTC 2014",
 "overview": "\u003Cp\u003EALLWAYS (\uc62c\uc6e8\uc774\uc988\ucef4\ud37c\ub2c8) is a Korean e-learning platform that provides educational video services. It enables students and teachers to learn through video tutorials on various topics from different categories. Parents are able to check their children\u0026#8217;s educational progress through the platform.\u003C/p\u003E\n\n\u003Cp\u003EALLWAYS was launched in September 2012 in Seoul, Korea.\u003C/p\u003E",
 "image":
  {"available_sizes":
    [[[100,
       100],
      "http://api-images.crunchbase.com/assets/images/resized/0043/5350/435350v1-max-150x150.png"],
     [[100,
       100],
      "http://api-images.crunchbase.com/assets/images/resized/0043/5350/435350v1-max-250x250.png"],
     [[100,
       100],
      "http://api-images.crunchbase.com/assets/images/resized/0043/5350/435350v1-max-450x450.png"]],
   "attribution": null},
 "products":
  [],
 "relationships":
  [],
 "competitions":
  [],
 "providerships":
  [],
 "total_money_raised": "$0",
 "funding_rounds":
  [],
 "investments":
  [],
 "acquisition": null,
 "acquisitions":
  [],
 "offices":
  [{"description": "",
    "address1": "2nd Floor 137-131",
    "address2": "Dongdaemun-gu Jegi-dong",
    "zip_code": "130860",
    "city": "Seoul",
    "state_code": null,
    "country_code": "KOR",
    "latitude": null,
    "longitude": null}],
 "milestones":
  [],
 "ipo": null,
 "video_embeds":
  [],
 "screenshots":
  [{"available_sizes":
     [[[150,
        99],
       "http://api-images.crunchbase.com/assets/images/resized/0043/5349/435349v1-max-150x150.png"],
      [[250,
        166],
       "http://api-images.crunchbase.com/assets/images/resized/0043/5349/435349v1-max-250x250.png"],
      [[397,
        264],
       "http://api-images.crunchbase.com/assets/images/resized/0043/5349/435349v1-max-450x450.png"]],
    "attribution": null}],
 "external_links":
  [],
 "partners":
  [{"partner_name": "rocket_punch",
    "homepage_url": "unknown",
    "link_1_url": "http://rocketpun.ch/company/allways",
    "link_2_url": null,
    "link_3_url": null,
    "link_1_name": "rocket_punch Page",
    "link_2_name": null,
    "link_3_name": null}]}
