{"name": "AlphaPitch",
 "permalink": "alphapitch",
 "crunchbase_url": "http://www.crunchbase.com/company/alphapitch",
 "homepage_url": "http://alphapitch.com",
 "blog_url": "",
 "blog_feed_url": "",
 "twitter_username": "AlphaPitch",
 "category_code": "finance",
 "number_of_employees": null,
 "founded_year": 2014,
 "founded_month": 3,
 "founded_day": null,
 "deadpooled_year": null,
 "deadpooled_month": null,
 "deadpooled_day": null,
 "deadpooled_url": null,
 "tag_list": "stock-market-research-analysis, long-short, investment-ideas, investors, public-companies",
 "alias_list": null,
 "email_address": "support@alphapitch.com",
 "phone_number": "",
 "description": "Stock Market Research \u0026 Analysis",
 "created_at": "Tue Mar 11 04:01:59 UTC 2014",
 "updated_at": "Fri Mar 14 03:02:57 UTC 2014",
 "overview": "\u003Cp\u003EAlphaPitch.com provides stock market research \u0026amp; analysis to help investors make more informed buy/sell decisions \u2014 the source for new investment ideas.\u003C/p\u003E\n\n\u003Cp\u003ECompany Overview:  AlphaPitch is Market Powered Real-time Stock Research and Analysis.  It was designed for investors to publish content easily and readers to access real-time insights quickly. The platform is designed for investors who have little time for biased institutional reports or inflammatory message boards.  \u003C/p\u003E\n\n\u003Cp\u003ELong-Pitch and Short-Pitch:  This section of the company page lists Reasons to Buy/Sell. The community votes if the answer is a good long or short pitch supported by facts/data. \u003C/p\u003E\n\n\u003Cp\u003EBurning Q\u0026amp;As: Community based Q\u0026amp;A for investors looking for answers about companies.\u003C/p\u003E\n\n\u003Cp\u003EAlphaBlips: These are short statements less than 140 characters in total, which are first glance insights that are about the length of this bullet.\u003C/p\u003E\n\n\u003Cp\u003EOther: The company page also provides a short description, list of competitors, catalysts, risks to the company and target price.  \u003C/p\u003E\n\n\u003Cp\u003EUser Profile Page: This page records activity such as who is following you and who you are following.  The page also summarizes all the contributions (Long/Short Pitches, AlphaBlips, Comments, etc).  \u003C/p\u003E",
 "image":
  {"available_sizes":
    [[[100,
       100],
      "http://api-images.crunchbase.com/assets/images/resized/0043/1467/431467v2-max-150x150.png"],
     [[100,
       100],
      "http://api-images.crunchbase.com/assets/images/resized/0043/1467/431467v2-max-250x250.png"],
     [[100,
       100],
      "http://api-images.crunchbase.com/assets/images/resized/0043/1467/431467v2-max-450x450.png"]],
   "attribution": null},
 "products":
  [],
 "relationships":
  [],
 "competitions":
  [],
 "providerships":
  [],
 "total_money_raised": "$0",
 "funding_rounds":
  [],
 "investments":
  [],
 "acquisition": null,
 "acquisitions":
  [],
 "offices":
  [],
 "milestones":
  [],
 "ipo": null,
 "video_embeds":
  [],
 "screenshots":
  [{"available_sizes":
     [[[150,
        95],
       "http://api-images.crunchbase.com/assets/images/resized/0043/3929/433929v2-max-150x150.png"],
      [[250,
        159],
       "http://api-images.crunchbase.com/assets/images/resized/0043/3929/433929v2-max-250x250.png"],
      [[450,
        287],
       "http://api-images.crunchbase.com/assets/images/resized/0043/3929/433929v2-max-450x450.png"]],
    "attribution": null},
   {"available_sizes":
     [[[150,
        93],
       "http://api-images.crunchbase.com/assets/images/resized/0043/3930/433930v2-max-150x150.png"],
      [[250,
        156],
       "http://api-images.crunchbase.com/assets/images/resized/0043/3930/433930v2-max-250x250.png"],
      [[450,
        281],
       "http://api-images.crunchbase.com/assets/images/resized/0043/3930/433930v2-max-450x450.png"]],
    "attribution": null},
   {"available_sizes":
     [[[150,
        120],
       "http://api-images.crunchbase.com/assets/images/resized/0043/3934/433934v2-max-150x150.png"],
      [[250,
        200],
       "http://api-images.crunchbase.com/assets/images/resized/0043/3934/433934v2-max-250x250.png"],
      [[450,
        360],
       "http://api-images.crunchbase.com/assets/images/resized/0043/3934/433934v2-max-450x450.png"]],
    "attribution": null}],
 "external_links":
  [],
 "partners":
  []}
