{"name": "Alpine View Landscaping LLC",
 "permalink": "alpine-view-landscaping-llc",
 "crunchbase_url": "http://www.crunchbase.com/company/alpine-view-landscaping-llc",
 "homepage_url": "http://www.avlandscapes.com",
 "blog_url": "",
 "blog_feed_url": "",
 "twitter_username": null,
 "category_code": "local",
 "number_of_employees": null,
 "founded_year": 2001,
 "founded_month": 1,
 "founded_day": 1,
 "deadpooled_year": null,
 "deadpooled_month": null,
 "deadpooled_day": null,
 "deadpooled_url": null,
 "tag_list": "landscaping, landscaper, lawn-care-service, waterscaping, rock-landscaping, synlawn, synthetic-grass",
 "alias_list": null,
 "email_address": "barry@avlandscapes.com",
 "phone_number": "541-617-8465",
 "description": "Alpine View Landscaping, a Bend landscap",
 "created_at": "Sat Apr 05 02:38:15 UTC 2014",
 "updated_at": "Sat Apr 05 07:44:02 UTC 2014",
 "overview": "\u003Cp\u003EAlpine View Landscaping, a Bend landscaping company, offers landscaping services, synlawn, lawn services, waterscaping, hardscaping, and all the maintenance you need for your yard\u003C/p\u003E",
 "image":
  {"available_sizes":
    [[[150,
       112],
      "http://api-images.crunchbase.com/assets/images/resized/0044/9656/449656v2-max-150x150.jpg"],
     [[250,
       187],
      "http://api-images.crunchbase.com/assets/images/resized/0044/9656/449656v2-max-250x250.jpg"],
     [[450,
       337],
      "http://api-images.crunchbase.com/assets/images/resized/0044/9656/449656v2-max-450x450.jpg"]],
   "attribution": null},
 "products":
  [],
 "relationships":
  [],
 "competitions":
  [],
 "providerships":
  [],
 "total_money_raised": "$0",
 "funding_rounds":
  [],
 "investments":
  [],
 "acquisition": null,
 "acquisitions":
  [],
 "offices":
  [],
 "milestones":
  [],
 "ipo": null,
 "video_embeds":
  [],
 "screenshots":
  [],
 "external_links":
  [],
 "partners":
  []}
