{"name": "AlternativeMortgageFinance",
 "permalink": "alternativemortgagefinance",
 "crunchbase_url": "http://www.crunchbase.com/company/alternativemortgagefinance",
 "homepage_url": "http://alternativemortgagefinance.com",
 "blog_url": "",
 "blog_feed_url": "",
 "twitter_username": "AltMortFinance",
 "category_code": "real_estate",
 "number_of_employees": 10,
 "founded_year": null,
 "founded_month": null,
 "founded_day": null,
 "deadpooled_year": null,
 "deadpooled_month": null,
 "deadpooled_day": null,
 "deadpooled_url": null,
 "tag_list": "",
 "alias_list": null,
 "email_address": "",
 "phone_number": "",
 "description": "lme;mfwepknfpwenf",
 "created_at": "Thu Mar 06 04:39:41 UTC 2014",
 "updated_at": "Thu Mar 06 18:25:15 UTC 2014",
 "overview": "",
 "image":
  {"available_sizes":
    [[[150,
       58],
      "http://api-images.crunchbase.com/assets/images/resized/0042/8094/428094v2-max-150x150.png"],
     [[250,
       96],
      "http://api-images.crunchbase.com/assets/images/resized/0042/8094/428094v2-max-250x250.png"],
     [[367,
       142],
      "http://api-images.crunchbase.com/assets/images/resized/0042/8094/428094v2-max-450x450.png"]],
   "attribution": null},
 "products":
  [],
 "relationships":
  [],
 "competitions":
  [],
 "providerships":
  [],
 "total_money_raised": "$0",
 "funding_rounds":
  [],
 "investments":
  [],
 "acquisition": null,
 "acquisitions":
  [],
 "offices":
  [],
 "milestones":
  [],
 "ipo": null,
 "video_embeds":
  [],
 "screenshots":
  [],
 "external_links":
  [],
 "partners":
  []}
