{"name": "Altitude Games",
 "permalink": "altitude-games",
 "crunchbase_url": "http://www.crunchbase.com/company/altitude-games",
 "homepage_url": "http://www.altitude-games.com",
 "blog_url": "http://www.altitude-games.com/category/blog/",
 "blog_feed_url": "",
 "twitter_username": "altitude_games",
 "category_code": "games_video",
 "number_of_employees": null,
 "founded_year": 2014,
 "founded_month": 3,
 "founded_day": null,
 "deadpooled_year": null,
 "deadpooled_month": null,
 "deadpooled_day": null,
 "deadpooled_url": null,
 "tag_list": "",
 "alias_list": "",
 "email_address": "",
 "phone_number": "",
 "description": "mobile game studio",
 "created_at": "Fri Mar 07 00:52:17 UTC 2014",
 "updated_at": "Fri Mar 07 03:12:13 UTC 2014",
 "overview": "\u003Cp\u003EAltitude Games is a brand new mobile game studio composed of veterans of the Southeast Asian game industry.\u003C/p\u003E\n\n\u003Cp\u003EThey are focused on original mobile free-to-play games and will unveil their first title at Casual Connect Asia on May 2014.\u003C/p\u003E",
 "image":
  {"available_sizes":
    [[[75,
       72],
      "http://api-images.crunchbase.com/assets/images/resized/0042/8950/428950v1-max-150x150.png"],
     [[75,
       72],
      "http://api-images.crunchbase.com/assets/images/resized/0042/8950/428950v1-max-250x250.png"],
     [[75,
       72],
      "http://api-images.crunchbase.com/assets/images/resized/0042/8950/428950v1-max-450x450.png"]],
   "attribution": null},
 "products":
  [],
 "relationships":
  [{"is_past": false,
    "title": "CEO",
    "person":
     {"first_name": "Gabby",
      "last_name": "Dizon",
      "permalink": "gabby-dizon"}},
   {"is_past": false,
    "title": "Creative Director",
    "person":
     {"first_name": "Luna",
      "last_name": "Cruz",
      "permalink": "luna-cruz"}},
   {"is_past": false,
    "title": "Technical Director",
    "person":
     {"first_name": "Paul",
      "last_name": "Gadi",
      "permalink": "paul-gadi"}},
   {"is_past": false,
    "title": "Engineering Director",
    "person":
     {"first_name": "Marc",
      "last_name": "Polican",
      "permalink": "marc-polican"}},
   {"is_past": false,
    "title": "Art Director",
    "person":
     {"first_name": "Chester",
      "last_name": "Ocampo",
      "permalink": "chester-ocampo"}}],
 "competitions":
  [],
 "providerships":
  [],
 "total_money_raised": "$275k",
 "funding_rounds":
  [{"id": 68162,
    "round_code": "seed",
    "source_url": "http://techcrunch.com/2014/03/06/altitude-games/?ncid=rss\u0026utm_source=Tech+Crunch\u0026utm_medium=twitter\u0026utm_campaign=Feed%3A+techcrunch%2Ffundings-exits+%28TechCrunch+%C2%BB+Fundings+%26+Exits%29",
    "source_description": "Manila-Based Altitude Games Raises $275,000 To Develop Midcore Titles",
    "raised_amount": 275000.0,
    "raised_currency_code": "USD",
    "funded_year": 2014,
    "funded_month": 3,
    "funded_day": 6,
    "investments":
     [{"company": null,
       "financial_org": null,
       "person":
        {"first_name": "Nix",
         "last_name": "Nolledo",
         "permalink": "nix-nolledo"}},
      {"company": null,
       "financial_org": null,
       "person":
        {"first_name": "Philip",
         "last_name": "Cahiwat",
         "permalink": "philip-cahiwat"}}]}],
 "investments":
  [],
 "acquisition": null,
 "acquisitions":
  [],
 "offices":
  [{"description": "",
    "address1": "55 Paseo de Roxas Avenue",
    "address2": "",
    "zip_code": "1225",
    "city": "Makati",
    "state_code": null,
    "country_code": "PHL",
    "latitude": null,
    "longitude": null}],
 "milestones":
  [],
 "ipo": null,
 "video_embeds":
  [],
 "screenshots":
  [{"available_sizes":
     [[[150,
        78],
       "http://api-images.crunchbase.com/assets/images/resized/0042/8949/428949v1-max-150x150.png"],
      [[250,
        130],
       "http://api-images.crunchbase.com/assets/images/resized/0042/8949/428949v1-max-250x250.png"],
      [[450,
        235],
       "http://api-images.crunchbase.com/assets/images/resized/0042/8949/428949v1-max-450x450.png"]],
    "attribution": null}],
 "external_links":
  [],
 "partners":
  []}
