{"name": "Altocloud",
 "permalink": "altocloud",
 "crunchbase_url": "http://www.crunchbase.com/company/altocloud",
 "homepage_url": null,
 "blog_url": null,
 "blog_feed_url": null,
 "twitter_username": null,
 "category_code": null,
 "number_of_employees": null,
 "founded_year": null,
 "founded_month": null,
 "founded_day": null,
 "deadpooled_year": null,
 "deadpooled_month": null,
 "deadpooled_day": null,
 "deadpooled_url": null,
 "tag_list": "",
 "alias_list": null,
 "email_address": null,
 "phone_number": null,
 "description": null,
 "created_at": "Wed Apr 09 20:34:27 UTC 2014",
 "updated_at": "Wed Apr 09 21:51:56 UTC 2014",
 "overview": "\u003Cp\u003EAltocloud is a SaaS Platform Solution with a mission of improving customer engagement and contact center experiences.  It provides a contextual communications platform that uses data analytics and machine learning to produce more effective customer-to-company interactions. The platform can be integrated with existing enterprise contact center, marketing automation, CRM and web analytics solutions and can be implemented across mobile and web.\u003C/p\u003E\n\n\u003Cp\u003EThe Altocloud platform can be rapidly deployed though simple but powerful JavaScript libraries and mobile SDKs to provide the power to analyze and shape the customer journey. Developers can embed rich voice, video and chat communications directly within mobile and web applications. Central to the solution is a real-time analytics and learning engine that combines business data with customer interaction experience for personal recommendations and predictive routing. Altocloud APIs allow developers to connect and improve current applications \u2013 no need to replace current infrastructure.\u003C/p\u003E\n\n\u003Cp\u003EAltocloud\u2019s development and technology team, based in Galway, is drawn from PhDs from Ireland\u2019s leading R\u0026amp;D universities and other world-class university-based research organizations. The team includes Dr. Maciej Dabrowski as Chief Data Scientist, who brings a decade of experience in recommendation techniques, personalization, data mining and analytics. The team\u2019s expertise also includes user experience design, mobile and web development, contact centers and cloud application deployment. \u003C/p\u003E\n\n\u003Cp\u003EAltocloud\u2019s notable board of advisors includes Steve Souders, former Head Performance Engineer at Google and Chief Performance Yahoo!; Kara Wilson, CMO Fireye; Raj Patel, recently SVP Technical Operations at Salesforce, and John Harnett, CEO and Founding Partner of SVG Partners. The company has received seed funding from SVG Partners, Enterprise Ireland and private investors. \u003C/p\u003E",
 "image":
  {"available_sizes":
    [[[150,
       150],
      "http://api-images.crunchbase.com/assets/images/resized/0045/2833/452833v2-max-150x150.png"],
     [[250,
       250],
      "http://api-images.crunchbase.com/assets/images/resized/0045/2833/452833v2-max-250x250.png"],
     [[450,
       450],
      "http://api-images.crunchbase.com/assets/images/resized/0045/2833/452833v2-max-450x450.png"]],
   "attribution": null},
 "products":
  [],
 "relationships":
  [{"is_past": false,
    "title": "CEO",
    "person":
     {"first_name": "Barry",
      "last_name": "O'Sullivan",
      "permalink": "barry-osullivan"}},
   {"is_past": false,
    "title": "CTO",
    "person":
     {"first_name": "Joe",
      "last_name": "Smyth",
      "permalink": "joe-smyth"}},
   {"is_past": false,
    "title": "VP Sales \u0026 Services",
    "person":
     {"first_name": "Dan",
      "last_name": "Arra",
      "permalink": "dan-arra"}},
   {"is_past": false,
    "title": "Technology Evangelist",
    "person":
     {"first_name": "Lawrence",
      "last_name": "Byrd",
      "permalink": "lawrence-byrd"}}],
 "competitions":
  [],
 "providerships":
  [],
 "total_money_raised": "$0",
 "funding_rounds":
  [],
 "investments":
  [],
 "acquisition": null,
 "acquisitions":
  [],
 "offices":
  [{"description": "Silicon Valley HQ",
    "address1": "800 W. El Camino Real",
    "address2": "Suite 420",
    "zip_code": "94040",
    "city": "Mountain View",
    "state_code": "CA",
    "country_code": "USA",
    "latitude": null,
    "longitude": null},
   {"description": "Galway R\u0026D Centre",
    "address1": "NUI, Unit 110, Business Innovation Center",
    "address2": "Newcastle Road",
    "zip_code": "",
    "city": "Galway",
    "state_code": null,
    "country_code": "IRL",
    "latitude": null,
    "longitude": null}],
 "milestones":
  [{"id": 50495,
    "description": "Announced hire of Barry O'Sullivan as CEO and Co-Founder.",
    "stoned_year": 2014,
    "stoned_month": 3,
    "stoned_day": 12,
    "source_url": "http://blog.tmcnet.com/blog/rich-tehrani/marketing/barry-osullivan-joins-altocloud-boosts-marketing-call-center-integrati.html",
    "source_text": null,
    "source_description": "Barry O'Sullivan joins Altocloud to Boost Marketing \u0026 Call Center Integration",
    "stoneable_type": "Company",
    "stoned_value": null,
    "stoned_value_type": null,
    "stoned_acquirer": null,
    "stoneable":
     {"name": "Altocloud",
      "permalink": "altocloud"}},
   {"id": 50496,
    "description": "Altocloud attends Enterprise Connect and CEO Speaks on Main Stage: Disrupter Panel - TRANSFORMING THE CUSTOMER EXPERIENCE WITH NEXT-GEN COMMUNICATIONS",
    "stoned_year": 2014,
    "stoned_month": 3,
    "stoned_day": 19,
    "source_url": "http://www.enterpriseconnect.com/orlando/schedule-builder/session-id/73",
    "source_text": null,
    "source_description": "TRANSFORMING THE CUSTOMER EXPERIENCE WITH NEXT-GEN COMMUNICATIONS",
    "stoneable_type": "Company",
    "stoned_value": null,
    "stoned_value_type": null,
    "stoned_acquirer": null,
    "stoneable":
     {"name": "Altocloud",
      "permalink": "altocloud"}}],
 "ipo": null,
 "video_embeds":
  [{"embed_code": "\u003Ciframe width=\"430\" height=\"242\" src=\"//www.youtube.com/embed/OGg-_JtOmVU\" frameborder=\"0\" allowfullscreen\u003E\u003C/iframe\u003E",
    "description": "\u003Cp\u003EAltocloud Solution Overview Video\u003C/p\u003E"},
   {"embed_code": "\u003Ciframe width=\"430\" height=\"242\" src=\"//www.youtube.com/embed/Sbhd8lp2A60\" frameborder=\"0\" allowfullscreen\u003E\u003C/iframe\u003E",
    "description": "\u003Cp\u003EAltocloud Developer Experience Overview\u003C/p\u003E"}],
 "screenshots":
  [],
 "external_links":
  [],
 "partners":
  []}
