{"name": "Alt\u0131y\u00fcz Media Solutions",
 "permalink": "altyz-media-solutions",
 "crunchbase_url": "http://www.crunchbase.com/company/altyz-media-solutions",
 "homepage_url": null,
 "blog_url": "",
 "blog_feed_url": "",
 "twitter_username": null,
 "category_code": "advertising",
 "number_of_employees": 9,
 "founded_year": 2012,
 "founded_month": 6,
 "founded_day": 1,
 "deadpooled_year": null,
 "deadpooled_month": null,
 "deadpooled_day": null,
 "deadpooled_url": null,
 "tag_list": "",
 "alias_list": "",
 "email_address": "",
 "phone_number": "",
 "description": "",
 "created_at": "Thu Mar 06 10:13:46 UTC 2014",
 "updated_at": "Thu Mar 06 10:14:23 UTC 2014",
 "overview": "\u003Cp\u003EAlt\u0131y\u00fcz Media Solutions is a digital media agency founded on June 1st, 2012.\u003C/p\u003E\n\n\u003Cp\u003EAlt\u0131y\u00fcz Media Solutions specializes in web design, search engine optimization (SEO), social media management, reputation management, digital media planning, Google Ads, Facebook ads, and e-commerce consulting.\u003C/p\u003E",
 "image":
  {"available_sizes":
    [[[150,
       43],
      "http://api-images.crunchbase.com/assets/images/resized/0042/8489/428489v1-max-150x150.png"],
     [[250,
       72],
      "http://api-images.crunchbase.com/assets/images/resized/0042/8489/428489v1-max-250x250.png"],
     [[450,
       130],
      "http://api-images.crunchbase.com/assets/images/resized/0042/8489/428489v1-max-450x450.png"]],
   "attribution": null},
 "products":
  [],
 "relationships":
  [],
 "competitions":
  [],
 "providerships":
  [],
 "total_money_raised": "$0",
 "funding_rounds":
  [],
 "investments":
  [],
 "acquisition": null,
 "acquisitions":
  [],
 "offices":
  [{"description": "",
    "address1": "",
    "address2": "",
    "zip_code": "",
    "city": "",
    "state_code": null,
    "country_code": "TUR",
    "latitude": null,
    "longitude": null}],
 "milestones":
  [],
 "ipo": null,
 "video_embeds":
  [],
 "screenshots":
  [],
 "external_links":
  [],
 "partners":
  [{"partner_name": "webrazzi",
    "homepage_url": "unknown",
    "link_1_url": "http://vt.webrazzi.com/sirket/altiyuz-media-solutions",
    "link_2_url": null,
    "link_3_url": null,
    "link_1_name": "webrazzi Page",
    "link_2_name": null,
    "link_3_name": null}]}
