{"name": "Alve Technology",
 "permalink": "alve-technology",
 "crunchbase_url": "http://www.crunchbase.com/company/alve-technology",
 "homepage_url": "http://www.alve.com",
 "blog_url": "",
 "blog_feed_url": "",
 "twitter_username": null,
 "category_code": null,
 "number_of_employees": null,
 "founded_year": null,
 "founded_month": null,
 "founded_day": null,
 "deadpooled_year": null,
 "deadpooled_month": null,
 "deadpooled_day": null,
 "deadpooled_url": null,
 "tag_list": "",
 "alias_list": "",
 "email_address": "",
 "phone_number": "512-327-3992",
 "description": "",
 "created_at": "Sat Apr 05 10:55:39 UTC 2014",
 "updated_at": "Sat Apr 05 10:59:17 UTC 2014",
 "overview": "\u003Cp\u003EALVE Technology Corporation provides communications device integration services for contact centers. The company\u2019s technology integrates telephony devices including PBX, ACR, IVR, and communications channels including voice over Internet Protocol, email, and Web-chat. ALVE Technology Corporation is based in Austin, Texas.\u003C/p\u003E",
 "image":
  {"available_sizes":
    [[[150,
       72],
      "http://api-images.crunchbase.com/assets/images/resized/0044/9920/449920v1-max-150x150.png"],
     [[204,
       98],
      "http://api-images.crunchbase.com/assets/images/resized/0044/9920/449920v1-max-250x250.png"],
     [[204,
       98],
      "http://api-images.crunchbase.com/assets/images/resized/0044/9920/449920v1-max-450x450.png"]],
   "attribution": null},
 "products":
  [],
 "relationships":
  [],
 "competitions":
  [],
 "providerships":
  [],
 "total_money_raised": "$0",
 "funding_rounds":
  [{"id": 71635,
    "round_code": "unattributed",
    "source_url": "",
    "source_description": "",
    "raised_amount": null,
    "raised_currency_code": "USD",
    "funded_year": 2002,
    "funded_month": 4,
    "funded_day": 1,
    "investments":
     [{"company": null,
       "financial_org":
        {"name": "Gefinor Capital",
         "permalink": "gefinor-capital"},
       "person": null}]}],
 "investments":
  [],
 "acquisition": null,
 "acquisitions":
  [],
 "offices":
  [{"description": "",
    "address1": "9101 Burnet Raod",
    "address2": "Suite 212",
    "zip_code": "78758",
    "city": "Austin",
    "state_code": "TX",
    "country_code": "USA",
    "latitude": null,
    "longitude": null}],
 "milestones":
  [],
 "ipo": null,
 "video_embeds":
  [],
 "screenshots":
  [{"available_sizes":
     [[[150,
        81],
       "http://api-images.crunchbase.com/assets/images/resized/0044/9921/449921v1-max-150x150.png"],
      [[250,
        136],
       "http://api-images.crunchbase.com/assets/images/resized/0044/9921/449921v1-max-250x250.png"],
      [[450,
        244],
       "http://api-images.crunchbase.com/assets/images/resized/0044/9921/449921v1-max-450x450.png"]],
    "attribution": null}],
 "external_links":
  [],
 "partners":
  []}
