{"name": "Always Best Care of Potomac, MD",
 "permalink": "always-best-care-of-potomac-md",
 "crunchbase_url": "http://www.crunchbase.com/company/always-best-care-of-potomac-md",
 "homepage_url": "http://www.alwaysbestcare.com/us/md/montgomery-county/potomac.aspx",
 "blog_url": "",
 "blog_feed_url": "",
 "twitter_username": null,
 "category_code": "health",
 "number_of_employees": 10,
 "founded_year": 1996,
 "founded_month": null,
 "founded_day": null,
 "deadpooled_year": null,
 "deadpooled_month": null,
 "deadpooled_day": null,
 "deadpooled_url": null,
 "tag_list": "home-care, in-home-care, non-medical-home-care, home-care-services-in-potomac-md, potomac-md-assisted-living-placement-services, non-medical-home-care-in-potomac-md, senior-care, home-care-agency-in-potomac-md",
 "alias_list": null,
 "email_address": "rhenoch@abc-seniors.com",
 "phone_number": "(301) 637-0233",
 "description": "",
 "created_at": "Mon Apr 14 07:53:25 UTC 2014",
 "updated_at": "Mon Apr 14 23:41:15 UTC 2014",
 "overview": "\u003Cp\u003ETrying something new can seem a little daunting for anybody, but especially so for senior citizens. However, if you notice that the senior in your life needs help to get through the day, you should consider help from Always Best Care. Whether it\u2019s home care or assisted living, we\u2019re here to help you in any way that we can. #NonMedicalHomeCare\u003C/p\u003E",
 "image":
  {"available_sizes":
    [[[136,
       96],
      "http://api-images.crunchbase.com/assets/images/resized/0045/5136/455136v2-max-150x150.jpg"],
     [[136,
       96],
      "http://api-images.crunchbase.com/assets/images/resized/0045/5136/455136v2-max-250x250.jpg"],
     [[136,
       96],
      "http://api-images.crunchbase.com/assets/images/resized/0045/5136/455136v2-max-450x450.jpg"]],
   "attribution": null},
 "products":
  [],
 "relationships":
  [],
 "competitions":
  [],
 "providerships":
  [],
 "total_money_raised": "$0",
 "funding_rounds":
  [],
 "investments":
  [],
 "acquisition": null,
 "acquisitions":
  [],
 "offices":
  [],
 "milestones":
  [],
 "ipo": null,
 "video_embeds":
  [],
 "screenshots":
  [],
 "external_links":
  [],
 "partners":
  []}
