{"name": "Amber Chemical",
 "permalink": "amber-chemical",
 "crunchbase_url": "http://www.crunchbase.com/company/amber-chemical",
 "homepage_url": "http://www.amberchemical.com",
 "blog_url": "",
 "blog_feed_url": "",
 "twitter_username": null,
 "category_code": null,
 "number_of_employees": null,
 "founded_year": null,
 "founded_month": null,
 "founded_day": null,
 "deadpooled_year": null,
 "deadpooled_month": null,
 "deadpooled_day": null,
 "deadpooled_url": null,
 "tag_list": "",
 "alias_list": "",
 "email_address": "info@amberchemical.net",
 "phone_number": "+44 (0) 1278 411400 ",
 "description": "",
 "created_at": "Fri Apr 04 05:38:07 UTC 2014",
 "updated_at": "Fri Apr 04 05:43:38 UTC 2014",
 "overview": "\u003Cp\u003EAmber is a speciality silicones chemical group, developing diverse products for niche markets. With its global reach, it provides flexible and adaptable manufacturing capabilities and in-depth technical expertise to satisfy local needs. The Group is currently focused on the Electronics, Photovoltaic, Solar, Automotive, Moulding, Personal Care and Chemical processing industries. Our companies benefit from being part of an international group, whilst retaining their own identity, focus and flexibility.\u003C/p\u003E",
 "image":
  {"available_sizes":
    [[[150,
       57],
      "http://api-images.crunchbase.com/assets/images/resized/0044/9066/449066v1-max-150x150.png"],
     [[193,
       74],
      "http://api-images.crunchbase.com/assets/images/resized/0044/9066/449066v1-max-250x250.png"],
     [[193,
       74],
      "http://api-images.crunchbase.com/assets/images/resized/0044/9066/449066v1-max-450x450.png"]],
   "attribution": null},
 "products":
  [],
 "relationships":
  [],
 "competitions":
  [],
 "providerships":
  [],
 "total_money_raised": "$0",
 "funding_rounds":
  [],
 "investments":
  [],
 "acquisition":
  {"price_amount": null,
   "price_currency_code": "USD",
   "term_code": null,
   "source_url": "http://www.acc-silicones.com/content/news/amber-chemical-acquired-by-icm-products-inc.ashx",
   "source_description": "Amber Chemical Acquired by ICM Products Inc",
   "acquired_year": 2014,
   "acquired_month": 3,
   "acquired_day": 31,
   "acquiring_company":
    {"name": "ICM Products",
     "permalink": "icm-products"}},
 "acquisitions":
  [],
 "offices":
  [{"description": "",
    "address1": "Showground Road",
    "address2": "Amber House",
    "zip_code": "TA6 6AJ",
    "city": "Bridgwater",
    "state_code": null,
    "country_code": "GBR",
    "latitude": null,
    "longitude": null}],
 "milestones":
  [],
 "ipo": null,
 "video_embeds":
  [],
 "screenshots":
  [{"available_sizes":
     [[[150,
        101],
       "http://api-images.crunchbase.com/assets/images/resized/0044/9065/449065v1-max-150x150.png"],
      [[250,
        169],
       "http://api-images.crunchbase.com/assets/images/resized/0044/9065/449065v1-max-250x250.png"],
      [[450,
        304],
       "http://api-images.crunchbase.com/assets/images/resized/0044/9065/449065v1-max-450x450.png"]],
    "attribution": null}],
 "external_links":
  [],
 "partners":
  []}
