{"name": "Amelia's Seafood \u0026 Italian Restauarant",
 "permalink": "amelias-seafood-italian-restauarant",
 "crunchbase_url": "http://www.crunchbase.com/company/amelias-seafood-italian-restauarant",
 "homepage_url": "http://www.ameliasbalboaisland.com",
 "blog_url": "",
 "blog_feed_url": "",
 "twitter_username": null,
 "category_code": "hospitality",
 "number_of_employees": null,
 "founded_year": null,
 "founded_month": null,
 "founded_day": null,
 "deadpooled_year": null,
 "deadpooled_month": null,
 "deadpooled_day": null,
 "deadpooled_url": null,
 "tag_list": "mediterranean-restaurant, seafood-restaurant, italian-restaurant, restaurant, cafe, pasta-shop",
 "alias_list": null,
 "email_address": "ameliasseafood.italianresta@yahoo.com",
 "phone_number": "949-673-6580",
 "description": "Amelia's Restaurant is located on beauti",
 "created_at": "Fri Mar 28 05:05:44 UTC 2014",
 "updated_at": "Sat Mar 29 20:17:48 UTC 2014",
 "overview": "",
 "image": null,
 "products":
  [],
 "relationships":
  [],
 "competitions":
  [],
 "providerships":
  [],
 "total_money_raised": "$0",
 "funding_rounds":
  [],
 "investments":
  [],
 "acquisition": null,
 "acquisitions":
  [],
 "offices":
  [],
 "milestones":
  [],
 "ipo": null,
 "video_embeds":
  [],
 "screenshots":
  [],
 "external_links":
  [],
 "partners":
  []}
