{"name": "American Journal of Obstetrics and Gynecology",
 "permalink": "american-journal-of-obstetrics-and-gynecology",
 "crunchbase_url": "http://www.crunchbase.com/company/american-journal-of-obstetrics-and-gynecology",
 "homepage_url": null,
 "blog_url": null,
 "blog_feed_url": null,
 "twitter_username": null,
 "category_code": null,
 "number_of_employees": null,
 "founded_year": null,
 "founded_month": null,
 "founded_day": null,
 "deadpooled_year": null,
 "deadpooled_month": null,
 "deadpooled_day": null,
 "deadpooled_url": null,
 "tag_list": null,
 "alias_list": null,
 "email_address": null,
 "phone_number": null,
 "description": null,
 "created_at": "Wed Mar 12 06:29:02 UTC 2014",
 "updated_at": "Wed Mar 12 06:29:02 UTC 2014",
 "overview": null,
 "image": null,
 "products":
  [],
 "relationships":
  [{"is_past": true,
    "title": "Editor-In-Chief",
    "person":
     {"first_name": "Thomas",
      "last_name": "J. Garite",
      "permalink": "thomas-j-garite"}}],
 "competitions":
  [],
 "providerships":
  [],
 "total_money_raised": "$0",
 "funding_rounds":
  [],
 "investments":
  [],
 "acquisition": null,
 "acquisitions":
  [],
 "offices":
  [],
 "milestones":
  [],
 "ipo": null,
 "video_embeds":
  [],
 "screenshots":
  [],
 "external_links":
  [],
 "partners":
  []}
