{"name": "American Bureau of Shipping",
 "permalink": "american-bureau-of-shipping",
 "crunchbase_url": "http://www.crunchbase.com/company/american-bureau-of-shipping",
 "homepage_url": null,
 "blog_url": null,
 "blog_feed_url": null,
 "twitter_username": null,
 "category_code": null,
 "number_of_employees": null,
 "founded_year": null,
 "founded_month": null,
 "founded_day": null,
 "deadpooled_year": null,
 "deadpooled_month": null,
 "deadpooled_day": null,
 "deadpooled_url": null,
 "tag_list": null,
 "alias_list": null,
 "email_address": null,
 "phone_number": null,
 "description": null,
 "created_at": "Thu Apr 03 04:05:28 UTC 2014",
 "updated_at": "Thu Apr 03 04:05:28 UTC 2014",
 "overview": null,
 "image": null,
 "products":
  [],
 "relationships":
  [{"is_past": false,
    "title": "Board of Trustees",
    "person":
     {"first_name": "Morten",
      "last_name": "Arntzen",
      "permalink": "morten-arntzen"}},
   {"is_past": true,
    "title": "Chairman",
    "person":
     {"first_name": "Robert",
      "last_name": "Somerville",
      "permalink": "robert-somerville"}},
   {"is_past": true,
    "title": "Field Surveyor, Senior Surveyor, Principal Surveyor, Regional Manager for Western Europe, and President and Chief Operating Officer of ABS Europe",
    "person":
     {"first_name": "Robert",
      "last_name": "Somerville",
      "permalink": "robert-somerville"}}],
 "competitions":
  [],
 "providerships":
  [],
 "total_money_raised": "$0",
 "funding_rounds":
  [],
 "investments":
  [],
 "acquisition": null,
 "acquisitions":
  [],
 "offices":
  [],
 "milestones":
  [],
 "ipo": null,
 "video_embeds":
  [],
 "screenshots":
  [],
 "external_links":
  [],
 "partners":
  []}
