{"name": "American Metal Fab, Inc.",
 "permalink": "american-metal-fab-inc",
 "crunchbase_url": "http://www.crunchbase.com/company/american-metal-fab-inc",
 "homepage_url": "http://www.americanmetalfabinc.us",
 "blog_url": "",
 "blog_feed_url": "",
 "twitter_username": "ametalfabinc",
 "category_code": "manufacturing",
 "number_of_employees": 4,
 "founded_year": 1999,
 "founded_month": 1,
 "founded_day": 1,
 "deadpooled_year": null,
 "deadpooled_month": null,
 "deadpooled_day": null,
 "deadpooled_url": null,
 "tag_list": "sheet-metal-fabrication, cnc, metal-parts, sheet-metal-parts",
 "alias_list": null,
 "email_address": "amf@mwt.net",
 "phone_number": "608.562.5550",
 "description": "Sheet Metal Fabrication Services",
 "created_at": "Wed Apr 09 03:18:24 UTC 2014",
 "updated_at": "Thu Apr 10 07:42:47 UTC 2014",
 "overview": "\u003Cp\u003ESheet Metal Fabrication and CNC Machining business in central Wisconsin (WI). We provide services in all steps of custom metal part design, production, and assembly.\u003C/p\u003E\n\n\u003Cp\u003EWe set ourselves apart from the competition with our experience and creative approach to sheet metal part design.  Our products have out-performed competitors in stress tests due to our great design and manufacturing capabilities.\u003C/p\u003E",
 "image":
  {"available_sizes":
    [[[150,
       41],
      "http://api-images.crunchbase.com/assets/images/resized/0045/1981/451981v2-max-150x150.png"],
     [[180,
       50],
      "http://api-images.crunchbase.com/assets/images/resized/0045/1981/451981v2-max-250x250.png"],
     [[180,
       50],
      "http://api-images.crunchbase.com/assets/images/resized/0045/1981/451981v2-max-450x450.png"]],
   "attribution": null},
 "products":
  [],
 "relationships":
  [{"is_past": true,
    "title": "President",
    "person":
     {"first_name": "Shawn",
      "last_name": "Ard",
      "permalink": "shawn-ard"}}],
 "competitions":
  [],
 "providerships":
  [],
 "total_money_raised": "$0",
 "funding_rounds":
  [],
 "investments":
  [],
 "acquisition": null,
 "acquisitions":
  [],
 "offices":
  [{"description": "Main Office",
    "address1": "328 W River Street",
    "address2": "",
    "zip_code": "53950",
    "city": "New Lisbon",
    "state_code": "WI",
    "country_code": "USA",
    "latitude": null,
    "longitude": null}],
 "milestones":
  [],
 "ipo": null,
 "video_embeds":
  [],
 "screenshots":
  [],
 "external_links":
  [],
 "partners":
  []}
