{"name": "American Halal Company",
 "permalink": "american-halal-company",
 "crunchbase_url": "http://www.crunchbase.com/company/american-halal-company",
 "homepage_url": "http://saffronroadfood.com",
 "blog_url": "",
 "blog_feed_url": "",
 "twitter_username": "SaffronRoadFood",
 "category_code": "hospitality",
 "number_of_employees": null,
 "founded_year": 2009,
 "founded_month": null,
 "founded_day": null,
 "deadpooled_year": null,
 "deadpooled_month": null,
 "deadpooled_day": null,
 "deadpooled_url": null,
 "tag_list": "",
 "alias_list": "",
 "email_address": "info@saffronroadfood.com",
 "phone_number": "877.425.2587",
 "description": "",
 "created_at": "Wed Mar 12 10:10:52 UTC 2014",
 "updated_at": "Wed Mar 12 10:10:51 UTC 2014",
 "overview": "\u003Cp\u003EAmerican Halal Company, Inc. produces and sells organic halal foods. Its products include chickpeas, wraps, frozen entrees, and chicken nuggets. The company is based in Stamford, Connecticut.\u003C/p\u003E",
 "image":
  {"available_sizes":
    [[[147,
       146],
      "http://api-images.crunchbase.com/assets/images/resized/0043/2759/432759v1-max-150x150.png"],
     [[147,
       146],
      "http://api-images.crunchbase.com/assets/images/resized/0043/2759/432759v1-max-250x250.png"],
     [[147,
       146],
      "http://api-images.crunchbase.com/assets/images/resized/0043/2759/432759v1-max-450x450.png"]],
   "attribution": null},
 "products":
  [],
 "relationships":
  [{"is_past": false,
    "title": "CEO",
    "person":
     {"first_name": "Adnan",
      "last_name": "Durrani",
      "permalink": "adnan-durrani"}},
   {"is_past": false,
    "title": "CFO",
    "person":
     {"first_name": "Anthony",
      "last_name": "Alosco",
      "permalink": "anthony-alosco"}},
   {"is_past": false,
    "title": "Executive Vice President",
    "person":
     {"first_name": "Jack",
      "last_name": "Acree",
      "permalink": "jack-acree"}}],
 "competitions":
  [],
 "providerships":
  [],
 "total_money_raised": "$1.24M",
 "funding_rounds":
  [{"id": 69061,
    "round_code": "partial",
    "source_url": "http://www.sec.gov/Archives/edgar/data/1470712/000115895709000224/xslFormDX01/primary_doc.xml",
    "source_description": "SEC",
    "raised_amount": 1240000.0,
    "raised_currency_code": "USD",
    "funded_year": 2009,
    "funded_month": 11,
    "funded_day": 30,
    "investments":
     []}],
 "investments":
  [],
 "acquisition": null,
 "acquisitions":
  [],
 "offices":
  [{"description": "",
    "address1": "1177 Summer Street",
    "address2": "Third Floor",
    "zip_code": "06905-5572",
    "city": "Stamford",
    "state_code": "CT",
    "country_code": "USA",
    "latitude": null,
    "longitude": null}],
 "milestones":
  [],
 "ipo": null,
 "video_embeds":
  [],
 "screenshots":
  [{"available_sizes":
     [[[150,
        107],
       "http://api-images.crunchbase.com/assets/images/resized/0043/2758/432758v1-max-150x150.png"],
      [[250,
        179],
       "http://api-images.crunchbase.com/assets/images/resized/0043/2758/432758v1-max-250x250.png"],
      [[450,
        323],
       "http://api-images.crunchbase.com/assets/images/resized/0043/2758/432758v1-max-450x450.png"]],
    "attribution": null}],
 "external_links":
  [],
 "partners":
  []}
