{"name": "10X Technologies",
 "permalink": "10x-technologies",
 "crunchbase_url": "http://www.crunchbase.com/company/10x-technologies",
 "homepage_url": "http://10xtechnologies.com",
 "blog_url": "",
 "blog_feed_url": "",
 "twitter_username": null,
 "category_code": "biotech",
 "number_of_employees": null,
 "founded_year": 2012,
 "founded_month": null,
 "founded_day": null,
 "deadpooled_year": null,
 "deadpooled_month": null,
 "deadpooled_day": null,
 "deadpooled_url": null,
 "tag_list": "",
 "alias_list": "",
 "email_address": "info@10xtechnologies.com",
 "phone_number": "5108423537",
 "description": "10x continuously seeks to advance the fi",
 "created_at": "Tue Jun 25 08:02:17 UTC 2013",
 "updated_at": "Fri Dec 13 18:10:07 UTC 2013",
 "overview": "\u003Cp\u003E10X Technologies, Inc. operate in the technology sector. The company was formerly known as Avante Biosystems, Inc. The company was incorporated in 2012 and is based in Oakland, California.\u003C/p\u003E",
 "image": null,
 "products":
  [],
 "relationships":
  [{"is_past": false,
    "title": "Investor",
    "person":
     {"first_name": "Paul",
      "last_name": "Conley",
      "permalink": "dr-paul-conley"}},
   {"is_past": true,
    "title": "Founder and CEO",
    "person":
     {"first_name": "Serge",
      "last_name": "Saxonov",
      "permalink": "serge-saxonov"}}],
 "competitions":
  [],
 "providerships":
  [],
 "total_money_raised": "$3M",
 "funding_rounds":
  [{"id": 42188,
    "round_code": "debt_round",
    "source_url": "http://www.sec.gov/Archives/edgar/data/1560742/000156074212000002/xslFormDX01/primary_doc.xml",
    "source_description": "SEC",
    "raised_amount": 3000000.0,
    "raised_currency_code": "USD",
    "funded_year": 2012,
    "funded_month": 11,
    "funded_day": 7,
    "investments":
     []}],
 "investments":
  [],
 "acquisition": null,
 "acquisitions":
  [],
 "offices":
  [{"description": "",
    "address1": "5799 Balmoral Drive",
    "address2": "",
    "zip_code": "94619",
    "city": "Oakland",
    "state_code": "CA",
    "country_code": "USA",
    "latitude": 37.802295,
    "longitude": -122.1671681}],
 "milestones":
  [],
 "ipo": null,
 "video_embeds":
  [],
 "screenshots":
  [],
 "external_links":
  [],
 "partners":
  []}
