{"name": "151 Advisors",
 "permalink": "151-advisors",
 "crunchbase_url": "http://www.crunchbase.com/company/151-advisors",
 "homepage_url": "http://www.151advisors.com",
 "blog_url": "",
 "blog_feed_url": "",
 "twitter_username": "151advisors",
 "category_code": "consulting",
 "number_of_employees": null,
 "founded_year": null,
 "founded_month": null,
 "founded_day": null,
 "deadpooled_year": null,
 "deadpooled_month": null,
 "deadpooled_day": null,
 "deadpooled_url": null,
 "tag_list": "",
 "alias_list": null,
 "email_address": "",
 "phone_number": "",
 "description": "",
 "created_at": "Fri Jun 28 18:54:12 UTC 2013",
 "updated_at": "Fri Jun 28 22:32:58 UTC 2013",
 "overview": "\u003Cp\u003E151 Advisors is a strategic consulting firm that helps technology companies solve critical business challenges, seize new market opportunities and achieve real results. The company helps mobile, wireless, and web-based software and technology companies build and execute go-to-market strategies to drive revenue growth.  151 Advisors works with companies of all sizes \u2013 from growth-stage startups to large global corporations \u2013 and has more than 100 years of combined experience building profitable technology companies.\u003C/p\u003E",
 "image":
  {"available_sizes":
    [[[150,
       72],
      "http://api-images.crunchbase.com/assets/images/resized/0028/1852/281852v2-max-150x150.jpg"],
     [[250,
       120],
      "http://api-images.crunchbase.com/assets/images/resized/0028/1852/281852v2-max-250x250.jpg"],
     [[450,
       217],
      "http://api-images.crunchbase.com/assets/images/resized/0028/1852/281852v2-max-450x450.jpg"]],
   "attribution": null},
 "products":
  [],
 "relationships":
  [{"is_past": false,
    "title": "Partner",
    "person":
     {"first_name": "Steve",
      "last_name": "Brumer",
      "permalink": "steve-brumer"}}],
 "competitions":
  [],
 "providerships":
  [],
 "total_money_raised": "$0",
 "funding_rounds":
  [],
 "investments":
  [],
 "acquisition": null,
 "acquisitions":
  [],
 "offices":
  [{"description": "New York Office",
    "address1": "1230 Avenue of the Americas",
    "address2": "Rockefeller Plaza Center 7th Floor",
    "zip_code": "10020",
    "city": "New York",
    "state_code": "NY",
    "country_code": "USA",
    "latitude": 40.7587407,
    "longitude": -73.9799409},
   {"description": "Atlanta Office",
    "address1": "400 Peachtree Industrial Blvd",
    "address2": "Suite 5-275",
    "zip_code": "30024",
    "city": "Suwanee",
    "state_code": "GA",
    "country_code": "USA",
    "latitude": 34.063866,
    "longitude": -84.072402}],
 "milestones":
  [],
 "ipo": null,
 "video_embeds":
  [],
 "screenshots":
  [],
 "external_links":
  [],
 "partners":
  []}
