{"name": "1Knol",
 "permalink": "1knol",
 "crunchbase_url": "http://www.crunchbase.com/company/1knol",
 "homepage_url": null,
 "blog_url": null,
 "blog_feed_url": null,
 "twitter_username": null,
 "category_code": null,
 "number_of_employees": null,
 "founded_year": null,
 "founded_month": null,
 "founded_day": null,
 "deadpooled_year": null,
 "deadpooled_month": null,
 "deadpooled_day": null,
 "deadpooled_url": null,
 "tag_list": null,
 "alias_list": null,
 "email_address": null,
 "phone_number": null,
 "description": null,
 "created_at": "Mon Jun 24 05:44:33 UTC 2013",
 "updated_at": "Tue Jun 25 02:39:53 UTC 2013",
 "overview": null,
 "image":
  {"available_sizes":
    [[[150,
       135],
      "http://api-images.crunchbase.com/assets/images/resized/0027/9504/279504v2-max-150x150.png"],
     [[250,
       226],
      "http://api-images.crunchbase.com/assets/images/resized/0027/9504/279504v2-max-250x250.png"],
     [[450,
       407],
      "http://api-images.crunchbase.com/assets/images/resized/0027/9504/279504v2-max-450x450.png"]],
   "attribution": null},
 "products":
  [],
 "relationships":
  [{"is_past": false,
    "title": "CEO",
    "person":
     {"first_name": "Iman",
      "last_name": "YeckehZaare",
      "permalink": "iman-yeckehzaare"}}],
 "competitions":
  [],
 "providerships":
  [],
 "total_money_raised": "$0",
 "funding_rounds":
  [],
 "investments":
  [],
 "acquisition": null,
 "acquisitions":
  [],
 "offices":
  [],
 "milestones":
  [],
 "ipo": null,
 "video_embeds":
  [],
 "screenshots":
  [],
 "external_links":
  [],
 "partners":
  []}
