{"name": "20/20 Business Experts",
 "permalink": "20-20-business-experts",
 "crunchbase_url": "http://www.crunchbase.com/company/20-20-business-experts",
 "homepage_url": "http://2020businessexperts.com.au",
 "blog_url": "",
 "blog_feed_url": "",
 "twitter_username": "JaydenBarbour",
 "category_code": "education",
 "number_of_employees": null,
 "founded_year": 2013,
 "founded_month": null,
 "founded_day": null,
 "deadpooled_year": null,
 "deadpooled_month": null,
 "deadpooled_day": null,
 "deadpooled_url": null,
 "tag_list": "business-training-australia-2013, business-courses-2013, business-classes-australia-2013, business-seminars-2013, business-training-new-south-wales, business-training-perth-2013, business-training-melbourne-2013",
 "alias_list": null,
 "email_address": "2020businessexpertsau@gmail.com",
 "phone_number": "+61 1300 134 108",
 "description": "Learn Business \u0026 Marketing Strategies",
 "created_at": "Thu Jun 20 04:41:08 UTC 2013",
 "updated_at": "Thu Jun 20 18:32:01 UTC 2013",
 "overview": "\u003Cp\u003EGrowing a business successfully means drawing on new skills, practical experience and expertise. The business owner who is supported by people with these credentials will have a clearer direction to advance to each stage and remove the daunting challenge of making costly mistakes alone. We are the people you can trust.\u003C/p\u003E",
 "image": null,
 "products":
  [],
 "relationships":
  [],
 "competitions":
  [],
 "providerships":
  [],
 "total_money_raised": "$0",
 "funding_rounds":
  [],
 "investments":
  [],
 "acquisition": null,
 "acquisitions":
  [],
 "offices":
  [{"description": "",
    "address1": "Currie Street",
    "address2": "",
    "zip_code": "5000",
    "city": "Adelaide",
    "state_code": null,
    "country_code": "AUS",
    "latitude": -34.9246765,
    "longitude": 138.5936334}],
 "milestones":
  [],
 "ipo": null,
 "video_embeds":
  [],
 "screenshots":
  [],
 "external_links":
  [{"external_url": "https://www.facebook.com/jayden.barbour.1",
    "title": "Facebook"},
   {"external_url": "http://twitter.com/JaydenBarbour",
    "title": "Twitter"},
   {"external_url": "http://au.linkedin.com/pub/jayden-barbour/74/997/3bb/",
    "title": "Linked In"},
   {"external_url": "http://au.linkedin.com/pub/jayden-barbour/74/997/3bb/",
    "title": "Google+"},
   {"external_url": "http://au.linkedin.com/pub/jayden-barbour/74/997/3bb/",
    "title": "Pinterest"},
   {"external_url": "http://www.youtube.com/channel/UCRoF4zYD14KMGlqJ0812UqQ",
    "title": "Youtube"}],
 "partners":
  []}
