{"name": "2010 Perfect Vision",
 "permalink": "2010-perfect-vision",
 "crunchbase_url": "http://www.crunchbase.com/company/2010-perfect-vision",
 "homepage_url": null,
 "blog_url": null,
 "blog_feed_url": null,
 "twitter_username": null,
 "category_code": null,
 "number_of_employees": null,
 "founded_year": null,
 "founded_month": null,
 "founded_day": null,
 "deadpooled_year": null,
 "deadpooled_month": null,
 "deadpooled_day": null,
 "deadpooled_url": null,
 "tag_list": null,
 "alias_list": null,
 "email_address": null,
 "phone_number": null,
 "description": null,
 "created_at": "Sat Jun 22 03:31:45 UTC 2013",
 "updated_at": "Sat Jun 22 03:31:45 UTC 2013",
 "overview": null,
 "image": null,
 "products":
  [],
 "relationships":
  [{"is_past": false,
    "title": "Board Director",
    "person":
     {"first_name": "Klaas",
      "last_name": "de Boer",
      "permalink": "klaas-de-boer"}},
   {"is_past": true,
    "title": "Head of Research and Development",
    "person":
     {"first_name": "Ronald",
      "last_name": "Scharf",
      "permalink": "ronald-scharf"}}],
 "competitions":
  [],
 "providerships":
  [],
 "total_money_raised": "$0",
 "funding_rounds":
  [],
 "investments":
  [],
 "acquisition": null,
 "acquisitions":
  [],
 "offices":
  [],
 "milestones":
  [],
 "ipo": null,
 "video_embeds":
  [],
 "screenshots":
  [],
 "external_links":
  [],
 "partners":
  []}
