{"name": "20lines",
 "permalink": "20lines",
 "crunchbase_url": "http://www.crunchbase.com/company/20lines",
 "homepage_url": "http://20lines.com",
 "blog_url": "http://blog.20lin.es",
 "blog_feed_url": "",
 "twitter_username": "20lines",
 "category_code": "web",
 "number_of_employees": 8,
 "founded_year": 2012,
 "founded_month": null,
 "founded_day": null,
 "deadpooled_year": null,
 "deadpooled_month": null,
 "deadpooled_day": null,
 "deadpooled_url": null,
 "tag_list": "storytelling, collaborative-writing, writing, reading, self-publishing",
 "alias_list": "",
 "email_address": "info@20lin.es",
 "phone_number": "",
 "description": "Instagram for short stories",
 "created_at": "Fri Jun 07 08:51:40 UTC 2013",
 "updated_at": "Wed Apr 09 20:57:56 UTC 2014",
 "overview": "\u003Cp\u003E20lines is a website and a mobile app where users write, read and share short stories.\u003C/p\u003E\n\n\u003Cp\u003EOur goal is to connect writers and readers around the concept of free short stories. We aim at becoming the \u201cInstagram\u201d for short stories. \u003C/p\u003E\n\n\u003Cp\u003EOn 20lines everyone can easily share their stories, from the teenagers writing their daily journal for their friends to the important authors who want to share the preview of their next book with their audience. \u003C/p\u003E",
 "image":
  {"available_sizes":
    [[[150,
       50],
      "http://api-images.crunchbase.com/assets/images/resized/0027/2673/272673v3-max-150x150.png"],
     [[250,
       83],
      "http://api-images.crunchbase.com/assets/images/resized/0027/2673/272673v3-max-250x250.png"],
     [[450,
       150],
      "http://api-images.crunchbase.com/assets/images/resized/0027/2673/272673v3-max-450x450.png"]],
   "attribution": null},
 "products":
  [],
 "relationships":
  [{"is_past": false,
    "title": "Founder",
    "person":
     {"first_name": "Francesco",
      "last_name": "Scalambrino",
      "permalink": "francesco-scalambrino"}},
   {"is_past": false,
    "title": "Founder",
    "person":
     {"first_name": "Alessandro",
      "last_name": "Biggi",
      "permalink": "alessandro-biggi"}},
   {"is_past": false,
    "title": "Founder",
    "person":
     {"first_name": "Pietro",
      "last_name": "Pollichieni",
      "permalink": "pietro-pollichieni"}},
   {"is_past": false,
    "title": "Partner",
    "person":
     {"first_name": "Paolo",
      "last_name": "Giovine",
      "permalink": "paolo-giovine"}},
   {"is_past": false,
    "title": "Co-Founder",
    "person":
     {"first_name": "Marco",
      "last_name": "Pugliese",
      "permalink": "marco-pugliese"}}],
 "competitions":
  [{"competitor":
     {"name": "Wattpad",
      "permalink": "wattpad"}},
   {"competitor":
     {"name": "Movellas",
      "permalink": "movellas"}},
   {"competitor":
     {"name": "ReadWave",
      "permalink": "readwave"}}],
 "providerships":
  [],
 "total_money_raised": "\u20ac340k",
 "funding_rounds":
  [{"id": 39547,
    "round_code": "seed",
    "source_url": "",
    "source_description": "H-Farm Source",
    "raised_amount": 90000.0,
    "raised_currency_code": "EUR",
    "funded_year": 2012,
    "funded_month": 11,
    "funded_day": 15,
    "investments":
     [{"company":
        {"name": "H-FARM Ventures",
         "permalink": "h-farm"},
       "financial_org": null,
       "person": null}]},
   {"id": 66180,
    "round_code": "seed",
    "source_url": "",
    "source_description": "United Ventures",
    "raised_amount": 250000.0,
    "raised_currency_code": "EUR",
    "funded_year": 2013,
    "funded_month": 6,
    "funded_day": 20,
    "investments":
     [{"company": null,
       "financial_org":
        {"name": "United Ventures",
         "permalink": "united-ventures"},
       "person": null},
      {"company": null,
       "financial_org": null,
       "person":
        {"first_name": "Massimiliano",
         "last_name": "Magrini",
         "permalink": "massimiliano-magrini"}},
      {"company": null,
       "financial_org":
        {"name": "Club Italia Investimenti",
         "permalink": "club-italia-investimenti"},
       "person": null}]}],
 "investments":
  [],
 "acquisition": null,
 "acquisitions":
  [],
 "offices":
  [{"description": "",
    "address1": "Via Sile 41",
    "address2": "",
    "zip_code": "31056",
    "city": "Roncade (TV)",
    "state_code": null,
    "country_code": "ITA",
    "latitude": null,
    "longitude": null}],
 "milestones":
  [],
 "ipo": null,
 "video_embeds":
  [{"embed_code": "\u003Ciframe width=\"420\" height=\"315\" src=\"https://www.youtube.com/watch?v=tVhnf9fpn50\" frameborder=\"0\" allowfullscreen\u003E\u003C/iframe\u003E",
    "description": "\u003Cp\u003E20lines launches new mobile App!\u003C/p\u003E"}],
 "screenshots":
  [{"available_sizes":
     [[[84,
        150],
       "http://api-images.crunchbase.com/assets/images/resized/0044/5225/445225v2-max-150x150.png"],
      [[140,
        250],
       "http://api-images.crunchbase.com/assets/images/resized/0044/5225/445225v2-max-250x250.png"],
      [[253,
        450],
       "http://api-images.crunchbase.com/assets/images/resized/0044/5225/445225v2-max-450x450.png"]],
    "attribution": null},
   {"available_sizes":
     [[[84,
        150],
       "http://api-images.crunchbase.com/assets/images/resized/0044/5226/445226v2-max-150x150.png"],
      [[140,
        250],
       "http://api-images.crunchbase.com/assets/images/resized/0044/5226/445226v2-max-250x250.png"],
      [[253,
        450],
       "http://api-images.crunchbase.com/assets/images/resized/0044/5226/445226v2-max-450x450.png"]],
    "attribution": null},
   {"available_sizes":
     [[[100,
        150],
       "http://api-images.crunchbase.com/assets/images/resized/0044/5229/445229v2-max-150x150.png"],
      [[166,
        250],
       "http://api-images.crunchbase.com/assets/images/resized/0044/5229/445229v2-max-250x250.png"],
      [[300,
        450],
       "http://api-images.crunchbase.com/assets/images/resized/0044/5229/445229v2-max-450x450.png"]],
    "attribution": null},
   {"available_sizes":
     [[[84,
        150],
       "http://api-images.crunchbase.com/assets/images/resized/0044/5231/445231v2-max-150x150.png"],
      [[140,
        250],
       "http://api-images.crunchbase.com/assets/images/resized/0044/5231/445231v2-max-250x250.png"],
      [[253,
        450],
       "http://api-images.crunchbase.com/assets/images/resized/0044/5231/445231v2-max-450x450.png"]],
    "attribution": null}],
 "external_links":
  [],
 "partners":
  [{"partner_name": "angel_list",
    "homepage_url": "http://20lines.com",
    "link_1_url": "https://angel.co/20lines",
    "link_2_url": null,
    "link_3_url": null,
    "link_1_name": "AngelList Page",
    "link_2_name": null,
    "link_3_name": null}]}
