{"name": "35pixel Web Tasar\u0131m",
 "permalink": "35pixel-ajans",
 "crunchbase_url": "http://www.crunchbase.com/company/35pixel-ajans",
 "homepage_url": "http://www.35pixel.com",
 "blog_url": "",
 "blog_feed_url": "",
 "twitter_username": "35pixelajans",
 "category_code": "advertising",
 "number_of_employees": 16,
 "founded_year": 2011,
 "founded_month": 2,
 "founded_day": 2,
 "deadpooled_year": null,
 "deadpooled_month": null,
 "deadpooled_day": null,
 "deadpooled_url": null,
 "tag_list": "web-tasarim, izmir",
 "alias_list": null,
 "email_address": "bilgi@35pixel.com",
 "phone_number": "",
 "description": "\u0130zmir' de Web Tasar\u0131m Firmas\u0131",
 "created_at": "Fri Jun 21 10:03:44 UTC 2013",
 "updated_at": "Wed Jul 24 09:44:34 UTC 2013",
 "overview": "",
 "image":
  {"available_sizes":
    [[[150,
       150],
      "http://api-images.crunchbase.com/assets/images/resized/0027/8267/278267v2-max-150x150.png"],
     [[200,
       200],
      "http://api-images.crunchbase.com/assets/images/resized/0027/8267/278267v2-max-250x250.png"],
     [[200,
       200],
      "http://api-images.crunchbase.com/assets/images/resized/0027/8267/278267v2-max-450x450.png"]],
   "attribution": null},
 "products":
  [],
 "relationships":
  [],
 "competitions":
  [],
 "providerships":
  [],
 "total_money_raised": "$0",
 "funding_rounds":
  [],
 "investments":
  [],
 "acquisition": null,
 "acquisitions":
  [],
 "offices":
  [],
 "milestones":
  [],
 "ipo": null,
 "video_embeds":
  [],
 "screenshots":
  [],
 "external_links":
  [],
 "partners":
  []}
