{"name": "3DMuse",
 "permalink": "3dmuse",
 "crunchbase_url": "http://www.crunchbase.com/company/3dmuse",
 "homepage_url": null,
 "blog_url": null,
 "blog_feed_url": null,
 "twitter_username": null,
 "category_code": null,
 "number_of_employees": null,
 "founded_year": null,
 "founded_month": null,
 "founded_day": null,
 "deadpooled_year": null,
 "deadpooled_month": null,
 "deadpooled_day": null,
 "deadpooled_url": null,
 "tag_list": null,
 "alias_list": null,
 "email_address": null,
 "phone_number": null,
 "description": null,
 "created_at": "Tue Jun 25 09:20:40 UTC 2013",
 "updated_at": "Tue Jun 25 09:20:40 UTC 2013",
 "overview": null,
 "image": null,
 "products":
  [],
 "relationships":
  [{"is_past": true,
    "title": "CTO",
    "person":
     {"first_name": "Tal",
      "last_name": "Yaniv",
      "permalink": "tal-yaniv"}},
   {"is_past": true,
    "title": "Business Development Consulting",
    "person":
     {"first_name": "Ze'ev",
      "last_name": "Rozov",
      "permalink": "zeev-rozov"}}],
 "competitions":
  [],
 "providerships":
  [],
 "total_money_raised": "$0",
 "funding_rounds":
  [],
 "investments":
  [],
 "acquisition": null,
 "acquisitions":
  [],
 "offices":
  [],
 "milestones":
  [],
 "ipo": null,
 "video_embeds":
  [],
 "screenshots":
  [],
 "external_links":
  [],
 "partners":
  []}
