{"name": "3dotoh",
 "permalink": "3dotoh",
 "crunchbase_url": "http://www.crunchbase.com/company/3dotoh",
 "homepage_url": null,
 "blog_url": null,
 "blog_feed_url": null,
 "twitter_username": null,
 "category_code": null,
 "number_of_employees": null,
 "founded_year": null,
 "founded_month": null,
 "founded_day": null,
 "deadpooled_year": null,
 "deadpooled_month": null,
 "deadpooled_day": null,
 "deadpooled_url": null,
 "tag_list": null,
 "alias_list": null,
 "email_address": null,
 "phone_number": null,
 "description": null,
 "created_at": "Sun Jun 23 09:41:48 UTC 2013",
 "updated_at": "Mon Jun 24 20:18:35 UTC 2013",
 "overview": null,
 "image": null,
 "products":
  [],
 "relationships":
  [{"is_past": true,
    "title": "Sr Digital Project Manager, Creative Technologist \u0026 Digital Marketing Strategist",
    "person":
     {"first_name": "Adria",
      "last_name": "Garcia Camara",
      "permalink": "adria-garcia-camara"}}],
 "competitions":
  [],
 "providerships":
  [],
 "total_money_raised": "$0",
 "funding_rounds":
  [],
 "investments":
  [],
 "acquisition": null,
 "acquisitions":
  [],
 "offices":
  [],
 "milestones":
  [],
 "ipo": null,
 "video_embeds":
  [],
 "screenshots":
  [],
 "external_links":
  [],
 "partners":
  []}
