{"name": "7-bites",
 "permalink": "7-bites",
 "crunchbase_url": "http://www.crunchbase.com/company/7-bites",
 "homepage_url": "http://7-bites.com",
 "blog_url": "http://angle.7-bites.com",
 "blog_feed_url": "",
 "twitter_username": "7_bites",
 "category_code": "enterprise",
 "number_of_employees": null,
 "founded_year": null,
 "founded_month": null,
 "founded_day": null,
 "deadpooled_year": null,
 "deadpooled_month": null,
 "deadpooled_day": null,
 "deadpooled_url": null,
 "tag_list": "",
 "alias_list": "",
 "email_address": "",
 "phone_number": "",
 "description": "",
 "created_at": "Thu Jun 27 13:11:45 UTC 2013",
 "updated_at": "Wed Dec 11 06:50:27 UTC 2013",
 "overview": "\u003Cp\u003E7-bites is a Tokyo-based startup known for having developed the SaaS-based invoicing platform Noroshi. That service was acquired by its competitor MakeLeaps back in August of 2012. But today 7-bites announced that it has raised 29 million yen (about $295,000) from East Ventures, I-SHIN [1] , and an individual angel investor.\u003C/p\u003E",
 "image":
  {"available_sizes":
    [[[150,
       59],
      "http://api-images.crunchbase.com/assets/images/resized/0028/1086/281086v1-max-150x150.png"],
     [[250,
       98],
      "http://api-images.crunchbase.com/assets/images/resized/0028/1086/281086v1-max-250x250.png"],
     [[450,
       177],
      "http://api-images.crunchbase.com/assets/images/resized/0028/1086/281086v1-max-450x450.png"]],
   "attribution": null},
 "products":
  [],
 "relationships":
  [],
 "competitions":
  [],
 "providerships":
  [],
 "total_money_raised": "$295k",
 "funding_rounds":
  [{"id": 41072,
    "round_code": "seed",
    "source_url": "http://www.startup-dating.com/2013/06/7-bites-funding",
    "source_description": "Tokyo startup 7-bites raises $295,000, will create Japan subculture-focused marketplace",
    "raised_amount": 295000.0,
    "raised_currency_code": "USD",
    "funded_year": 2013,
    "funded_month": 6,
    "funded_day": 27,
    "investments":
     [{"company": null,
       "financial_org":
        {"name": "East Ventures",
         "permalink": "east-ventures"},
       "person": null},
      {"company":
        {"name": "I-SHIN",
         "permalink": "i-shin"},
       "financial_org": null,
       "person": null}]}],
 "investments":
  [],
 "acquisition": null,
 "acquisitions":
  [],
 "offices":
  [{"description": null,
    "address1": null,
    "address2": null,
    "zip_code": null,
    "city": "",
    "state_code": "",
    "country_code": "JPN",
    "latitude": null,
    "longitude": null}],
 "milestones":
  [],
 "ipo": null,
 "video_embeds":
  [],
 "screenshots":
  [],
 "external_links":
  [],
 "partners":
  []}
