{"name": "900feet",
 "permalink": "900feet",
 "crunchbase_url": "http://www.crunchbase.com/company/900feet",
 "homepage_url": "http://www.900feet.com",
 "blog_url": "http://www.900feet.com/blog",
 "blog_feed_url": "",
 "twitter_username": "900feet",
 "category_code": "mobile",
 "number_of_employees": 6,
 "founded_year": null,
 "founded_month": null,
 "founded_day": null,
 "deadpooled_year": null,
 "deadpooled_month": null,
 "deadpooled_day": null,
 "deadpooled_url": null,
 "tag_list": "",
 "alias_list": null,
 "email_address": "",
 "phone_number": "",
 "description": "Location based mobile data management",
 "created_at": "Fri Jun 07 16:50:56 UTC 2013",
 "updated_at": "Fri Jun 07 17:25:16 UTC 2013",
 "overview": "\u003Cp\u003E900feet is a location-based mobile data management, analytics and contextualization platform that tracks WHERE mobile activity occurs, and all the ambient mobile activity around each place. \u003C/p\u003E\n\n\u003Cp\u003EOn top of all the location activity data is a tablet-friendly web based client, that looks and feels like an interactive web magazine. This o\ufb00ers an interactive way to share and contextualize vast amounts of social activity and data in a familiar, intuitive and digestible package; one that answers where activities happen.\u003C/p\u003E",
 "image": null,
 "products":
  [],
 "relationships":
  [],
 "competitions":
  [],
 "providerships":
  [],
 "total_money_raised": "$0",
 "funding_rounds":
  [],
 "investments":
  [],
 "acquisition": null,
 "acquisitions":
  [],
 "offices":
  [],
 "milestones":
  [],
 "ipo": null,
 "video_embeds":
  [],
 "screenshots":
  [],
 "external_links":
  [],
 "partners":
  []}
