{"name": "A-Fordable Billing Solution",
 "permalink": "a-fordable-billing-solution",
 "crunchbase_url": "http://www.crunchbase.com/company/a-fordable-billing-solution",
 "homepage_url": "http://www.afordablebillingsolution.com",
 "blog_url": "",
 "blog_feed_url": "",
 "twitter_username": "AfordaBillSolut",
 "category_code": "other",
 "number_of_employees": null,
 "founded_year": null,
 "founded_month": null,
 "founded_day": null,
 "deadpooled_year": null,
 "deadpooled_month": null,
 "deadpooled_day": null,
 "deadpooled_url": null,
 "tag_list": "",
 "alias_list": null,
 "email_address": "",
 "phone_number": "866.254.1610",
 "description": "Medical Billing and Coding Company",
 "created_at": "Mon Jul 01 19:19:05 UTC 2013",
 "updated_at": "Mon Jul 01 19:48:58 UTC 2013",
 "overview": "\u003Cp\u003EA-fordable Billing Solution brings together the best in human resources, software, medicine and technology, making us one of the most efficient medical billing companies. \u003C/p\u003E\n\n\u003Cp\u003EA-Fordable Billing has a combined experience of over 30 years in the Mental Health and Substance Abuse fields; we have aided countless numbers of families, individuals and care providers. \u003C/p\u003E\n\n\u003Cp\u003EA-Fordable Billing relation teams work closely with you to ensure you have the very best experience possible.\u003C/p\u003E",
 "image":
  {"available_sizes":
    [[[150,
       150],
      "http://api-images.crunchbase.com/assets/images/resized/0028/2670/282670v2-max-150x150.jpg"],
     [[250,
       250],
      "http://api-images.crunchbase.com/assets/images/resized/0028/2670/282670v2-max-250x250.jpg"],
     [[250,
       250],
      "http://api-images.crunchbase.com/assets/images/resized/0028/2670/282670v2-max-450x450.jpg"]],
   "attribution": null},
 "products":
  [],
 "relationships":
  [],
 "competitions":
  [],
 "providerships":
  [],
 "total_money_raised": "$0",
 "funding_rounds":
  [],
 "investments":
  [],
 "acquisition": null,
 "acquisitions":
  [],
 "offices":
  [],
 "milestones":
  [],
 "ipo": null,
 "video_embeds":
  [],
 "screenshots":
  [],
 "external_links":
  [{"external_url": "https://www.facebook.com/AFordableBillingSolution",
    "title": "A-Fordable on Facebook"},
   {"external_url": "https://twitter.com/AfordaBillSolut",
    "title": "A-Fordable on Twitter"},
   {"external_url": "https://plus.google.com/109397625411352695188/about",
    "title": "A-Fordable on G+"}],
 "partners":
  []}
