{"name": "A. Soriano Corporation",
 "permalink": "a-soriano-corporation",
 "crunchbase_url": "http://www.crunchbase.com/company/a-soriano-corporation",
 "homepage_url": "http://anscor.com.ph",
 "blog_url": "",
 "blog_feed_url": "",
 "twitter_username": null,
 "category_code": "finance",
 "number_of_employees": null,
 "founded_year": 1930,
 "founded_month": null,
 "founded_day": null,
 "deadpooled_year": null,
 "deadpooled_month": null,
 "deadpooled_day": null,
 "deadpooled_url": null,
 "tag_list": null,
 "alias_list": "anscor",
 "email_address": "info@anscor.com.ph",
 "phone_number": "+63.2.819-02-51 to 60",
 "description": "",
 "created_at": "Tue Jul 02 11:53:49 UTC 2013",
 "updated_at": "Fri Nov 15 20:19:54 UTC 2013",
 "overview": "\u003Cp\u003EA. Soriano Corporation (Anscor) is a holding company with diverse investments. Core operating investments include  Phelps Dodge Philippines Energy Products Corporation (cable and wire manufacturing); and Seven Seas Resorts and Leisure, Inc. (owner of the famous Amanpulo Resort). Anscor has a number of other investments in companies engaged in a wide range of activities in the Philippines such as wireless broadband data services, aviation, real estate and manpower deployment. Likewise, the Company has investments in equities traded in the Philippine Stock Exchange, foreign currency denominated bonds and offshore hedge funds.\u003C/p\u003E",
 "image":
  {"available_sizes":
    [[[150,
       31],
      "http://api-images.crunchbase.com/assets/images/resized/0036/0212/360212v1-max-150x150.png"],
     [[250,
       51],
      "http://api-images.crunchbase.com/assets/images/resized/0036/0212/360212v1-max-250x250.png"],
     [[430,
       89],
      "http://api-images.crunchbase.com/assets/images/resized/0036/0212/360212v1-max-450x450.png"]],
   "attribution": null},
 "products":
  [],
 "relationships":
  [],
 "competitions":
  [],
 "providerships":
  [],
 "total_money_raised": "$0",
 "funding_rounds":
  [],
 "investments":
  [{"funding_round":
     {"round_code": "c",
      "source_url": "http://www.pehub.com/2013/07/02/agp-raises-53-mln/",
      "source_description": "AG\u0026P Raises $53 Mln",
      "raised_amount": 53000000.0,
      "raised_currency_code": "USD",
      "funded_year": 2013,
      "funded_month": 7,
      "funded_day": 2,
      "company":
       {"name": "AG\u0026P",
        "permalink": "ag-p"}}}],
 "acquisition": null,
 "acquisitions":
  [],
 "offices":
  [{"description": "",
    "address1": "7/F Pacific Star Bldg., Makati Avenue",
    "address2": "corner Gil Puyat Avenue Ext.",
    "zip_code": "1209",
    "city": "Makati",
    "state_code": null,
    "country_code": "PHL",
    "latitude": null,
    "longitude": null}],
 "milestones":
  [],
 "ipo": null,
 "video_embeds":
  [],
 "screenshots":
  [],
 "external_links":
  [],
 "partners":
  []}
