{"name": "a1care",
 "permalink": "a1care",
 "crunchbase_url": "http://www.crunchbase.com/company/a1care",
 "homepage_url": "http://a1care.com",
 "blog_url": "",
 "blog_feed_url": "",
 "twitter_username": null,
 "category_code": "other",
 "number_of_employees": null,
 "founded_year": 1990,
 "founded_month": 3,
 "founded_day": 3,
 "deadpooled_year": null,
 "deadpooled_month": null,
 "deadpooled_day": null,
 "deadpooled_url": null,
 "tag_list": "senior-care-at-home-health-care",
 "alias_list": null,
 "email_address": "a1care589@yahoo.com",
 "phone_number": "(408) 995-3300",
 "description": "senior care at home health care",
 "created_at": "Sun Jun 16 19:39:09 UTC 2013",
 "updated_at": "Mon Jun 17 17:04:03 UTC 2013",
 "overview": "\u003Cp\u003EA1care helps find facilities that meet all your needs. A1Care found a facility for dad that was perfect. Relocation is stressful. We\u0026#8217;ll help you find the best facility for your particular needs. A1Care\u2019s professional caring providers will come to your house.\u003C/p\u003E",
 "image":
  {"available_sizes":
    [[[150,
       51],
      "http://api-images.crunchbase.com/assets/images/resized/0027/5775/275775v2-max-150x150.jpg"],
     [[250,
       86],
      "http://api-images.crunchbase.com/assets/images/resized/0027/5775/275775v2-max-250x250.jpg"],
     [[284,
       98],
      "http://api-images.crunchbase.com/assets/images/resized/0027/5775/275775v2-max-450x450.jpg"]],
   "attribution": null},
 "products":
  [],
 "relationships":
  [],
 "competitions":
  [],
 "providerships":
  [],
 "total_money_raised": "$0",
 "funding_rounds":
  [],
 "investments":
  [],
 "acquisition": null,
 "acquisitions":
  [],
 "offices":
  [],
 "milestones":
  [],
 "ipo": null,
 "video_embeds":
  [],
 "screenshots":
  [],
 "external_links":
  [],
 "partners":
  []}
