{"name": "AB logis",
 "permalink": "ab-logis",
 "crunchbase_url": "http://www.crunchbase.com/company/ab-logis",
 "homepage_url": "http://www.ablogis.pl",
 "blog_url": "",
 "blog_feed_url": "",
 "twitter_username": null,
 "category_code": "other",
 "number_of_employees": 32,
 "founded_year": 2006,
 "founded_month": 10,
 "founded_day": 11,
 "deadpooled_year": null,
 "deadpooled_month": null,
 "deadpooled_day": null,
 "deadpooled_url": null,
 "tag_list": "",
 "alias_list": null,
 "email_address": "biuro@balogis.pl",
 "phone_number": "+48586213637",
 "description": "forwarding, sea transport, customs clear",
 "created_at": "Thu Jun 20 09:30:58 UTC 2013",
 "updated_at": "Thu Jun 20 18:32:26 UTC 2013",
 "overview": "\u003Cp\u003EWe offer:\nRoad transport of containers\nSea forwarding\nPort Handling\nCustoms clearance\nInsurance\nWharehousing\u003C/p\u003E\n\n\u003Cp\u003EContact \n+48586213637\nemail biuro@ablogis.pl\nwww.ablogis.pl\nskype: ablogis-forwarding\u003C/p\u003E",
 "image":
  {"available_sizes":
    [[[150,
       43],
      "http://api-images.crunchbase.com/assets/images/resized/0027/7751/277751v2-max-150x150.png"],
     [[237,
       68],
      "http://api-images.crunchbase.com/assets/images/resized/0027/7751/277751v2-max-250x250.png"],
     [[237,
       68],
      "http://api-images.crunchbase.com/assets/images/resized/0027/7751/277751v2-max-450x450.png"]],
   "attribution": null},
 "products":
  [],
 "relationships":
  [],
 "competitions":
  [],
 "providerships":
  [],
 "total_money_raised": "$0",
 "funding_rounds":
  [],
 "investments":
  [],
 "acquisition": null,
 "acquisitions":
  [],
 "offices":
  [{"description": "Gdynia Office",
    "address1": "Kontenerowa 69",
    "address2": "",
    "zip_code": "81-156",
    "city": "Gdynia",
    "state_code": null,
    "country_code": "POL",
    "latitude": 54.5492788,
    "longitude": 18.4982948}],
 "milestones":
  [],
 "ipo": null,
 "video_embeds":
  [],
 "screenshots":
  [],
 "external_links":
  [],
 "partners":
  []}
