{"name": "Abbott Labboratories",
 "permalink": "abbott-labboratories",
 "crunchbase_url": "http://www.crunchbase.com/company/abbott-labboratories",
 "homepage_url": null,
 "blog_url": null,
 "blog_feed_url": null,
 "twitter_username": null,
 "category_code": null,
 "number_of_employees": null,
 "founded_year": null,
 "founded_month": null,
 "founded_day": null,
 "deadpooled_year": null,
 "deadpooled_month": null,
 "deadpooled_day": null,
 "deadpooled_url": null,
 "tag_list": null,
 "alias_list": null,
 "email_address": null,
 "phone_number": null,
 "description": null,
 "created_at": "Mon Jun 17 03:44:47 UTC 2013",
 "updated_at": "Mon Jun 17 03:44:47 UTC 2013",
 "overview": null,
 "image": null,
 "products":
  [],
 "relationships":
  [{"is_past": true,
    "title": "Research Investigator",
    "person":
     {"first_name": "Leping",
      "last_name": "Li",
      "permalink": "leping-li"}},
   {"is_past": true,
    "title": "Regulatory Affairs, Compliance \u0026 Pharmacovigilance Partner leading Consulting Engagement",
    "person":
     {"first_name": "Michael",
      "last_name": "Arrigo",
      "permalink": "michael-arrigo"}}],
 "competitions":
  [],
 "providerships":
  [],
 "total_money_raised": "$0",
 "funding_rounds":
  [],
 "investments":
  [],
 "acquisition": null,
 "acquisitions":
  [],
 "offices":
  [],
 "milestones":
  [],
 "ipo": null,
 "video_embeds":
  [],
 "screenshots":
  [],
 "external_links":
  [],
 "partners":
  []}
