{"name": "AbsoluteVisit",
 "permalink": "absolutevisit",
 "crunchbase_url": "http://www.crunchbase.com/company/absolutevisit",
 "homepage_url": "http://www.absolutevisit.com",
 "blog_url": "http://www.absolutevisit.com/blog",
 "blog_feed_url": "",
 "twitter_username": "absolutevisit",
 "category_code": "web",
 "number_of_employees": 2,
 "founded_year": 2011,
 "founded_month": null,
 "founded_day": null,
 "deadpooled_year": null,
 "deadpooled_month": null,
 "deadpooled_day": null,
 "deadpooled_url": null,
 "tag_list": "travel",
 "alias_list": null,
 "email_address": "travel@absolutevisit.com",
 "phone_number": "502.243.7284",
 "description": "Top 100 Places in the World",
 "created_at": "Wed Jun 12 17:01:43 UTC 2013",
 "updated_at": "Wed Jun 12 18:06:54 UTC 2013",
 "overview": "\u003Cp\u003EAbsoluteVisit is a source of information and inspiration for the Top 100 Places in the World.\u003C/p\u003E\n\n\u003Cp\u003EAbsoluteVisit provides the travel community with a ranked list of the Top 100 Places in the World that they need to visit.  Further inspiration, in the form of pictures, videos and first hand accounts, are shared with the community.\u003C/p\u003E\n\n\u003Cp\u003EThe goal of AbsoluteVisit is to get more people out on the road discovering their world. \u003C/p\u003E",
 "image":
  {"available_sizes":
    [[[150,
       23],
      "http://api-images.crunchbase.com/assets/images/resized/0027/4452/274452v2-max-150x150.png"],
     [[250,
       39],
      "http://api-images.crunchbase.com/assets/images/resized/0027/4452/274452v2-max-250x250.png"],
     [[450,
       70],
      "http://api-images.crunchbase.com/assets/images/resized/0027/4452/274452v2-max-450x450.png"]],
   "attribution": null},
 "products":
  [],
 "relationships":
  [{"is_past": false,
    "title": "Co-Founder",
    "person":
     {"first_name": "Brad",
      "last_name": "Harbach",
      "permalink": "brad-harbach"}},
   {"is_past": true,
    "title": "Co-Founder",
    "person":
     {"first_name": "Will",
      "last_name": "Crowthers",
      "permalink": "will-crowthers"}}],
 "competitions":
  [],
 "providerships":
  [],
 "total_money_raised": "$0",
 "funding_rounds":
  [],
 "investments":
  [],
 "acquisition": null,
 "acquisitions":
  [],
 "offices":
  [],
 "milestones":
  [],
 "ipo": null,
 "video_embeds":
  [],
 "screenshots":
  [{"available_sizes":
     [[[150,
        92],
       "http://api-images.crunchbase.com/assets/images/resized/0027/4451/274451v2-max-150x150.png"],
      [[250,
        153],
       "http://api-images.crunchbase.com/assets/images/resized/0027/4451/274451v2-max-250x250.png"],
      [[450,
        276],
       "http://api-images.crunchbase.com/assets/images/resized/0027/4451/274451v2-max-450x450.png"]],
    "attribution": null}],
 "external_links":
  [],
 "partners":
  []}
