{"name": "A.C. Moore",
 "permalink": "ac-moore-craft-store",
 "crunchbase_url": "http://www.crunchbase.com/company/ac-moore-craft-store",
 "homepage_url": "http://acmoore.com",
 "blog_url": "",
 "blog_feed_url": "",
 "twitter_username": "officialacmoore",
 "category_code": "ecommerce",
 "number_of_employees": null,
 "founded_year": 1984,
 "founded_month": null,
 "founded_day": null,
 "deadpooled_year": null,
 "deadpooled_month": null,
 "deadpooled_day": null,
 "deadpooled_url": null,
 "tag_list": null,
 "alias_list": "",
 "email_address": "mediarequests@acmoore.com",
 "phone_number": "856-768-4930",
 "description": "",
 "created_at": "Sat Jun 15 11:16:59 UTC 2013",
 "updated_at": "Thu Feb 20 12:21:25 UTC 2014",
 "overview": "\u003Cp\u003EA.C. Moore Arts \u0026amp; Crafts, Inc. operates as a specialty retailer of arts, crafts, and floral merchandise in the eastern United States. Its stores offer art and scrapbooking items, traditional and fashion crafts, floral and floral accessories, home decor and frames, and seasonal items for children and adults. The company also offers its products through its Web site, acmoore.com. As of July 2, 2011, it operated 135 stores. A.C. Moore Arts \u0026amp; Crafts, Inc. was founded in 1984 and is based in Berlin, New Jersey. As of November 16, 2011, AC Moore Arts \u0026amp; Crafts Inc. operates as a subsidiary of SBAR\u0026#8217;S, Inc.\u003C/p\u003E",
 "image":
  {"available_sizes":
    [[[150,
       150],
      "http://api-images.crunchbase.com/assets/images/resized/0041/9064/419064v1-max-150x150.png"],
     [[240,
       240],
      "http://api-images.crunchbase.com/assets/images/resized/0041/9064/419064v1-max-250x250.png"],
     [[240,
       240],
      "http://api-images.crunchbase.com/assets/images/resized/0041/9064/419064v1-max-450x450.png"]],
   "attribution": null},
 "products":
  [],
 "relationships":
  [{"is_past": false,
    "title": "CEO",
    "person":
     {"first_name": "Joseph",
      "last_name": "A. Jeffries",
      "permalink": "joseph-a-jeffries"}},
   {"is_past": false,
    "title": "Chief Administrative Officer",
    "person":
     {"first_name": "David",
      "last_name": "R. Stern",
      "permalink": "david-r-stern"}},
   {"is_past": false,
    "title": "Chief Accounting Officer",
    "person":
     {"first_name": "Rodney",
      "last_name": "B. Schriver",
      "permalink": "rodney-b-schriver"}}],
 "competitions":
  [],
 "providerships":
  [],
 "total_money_raised": "$10M",
 "funding_rounds":
  [{"id": 65627,
    "round_code": "unattributed",
    "source_url": "http://www.sec.gov/Archives/edgar/data/1042809/000145851109000002/xslFormDX01/primary_doc.xml",
    "source_description": "SEC",
    "raised_amount": 10000000.0,
    "raised_currency_code": "USD",
    "funded_year": 2009,
    "funded_month": 6,
    "funded_day": 5,
    "investments":
     []}],
 "investments":
  [],
 "acquisition": null,
 "acquisitions":
  [],
 "offices":
  [{"description": "",
    "address1": "130 A.C. Moore Drive",
    "address2": "",
    "zip_code": "08009",
    "city": "Berlin",
    "state_code": "NJ",
    "country_code": "USA",
    "latitude": null,
    "longitude": null}],
 "milestones":
  [],
 "ipo": null,
 "video_embeds":
  [],
 "screenshots":
  [{"available_sizes":
     [[[150,
        69],
       "http://api-images.crunchbase.com/assets/images/resized/0041/9070/419070v1-max-150x150.png"],
      [[250,
        115],
       "http://api-images.crunchbase.com/assets/images/resized/0041/9070/419070v1-max-250x250.png"],
      [[450,
        207],
       "http://api-images.crunchbase.com/assets/images/resized/0041/9070/419070v1-max-450x450.png"]],
    "attribution": null}],
 "external_links":
  [],
 "partners":
  []}
