{"name": "AC Nielsen",
 "permalink": "ac-nielsen",
 "crunchbase_url": "http://www.crunchbase.com/company/ac-nielsen",
 "homepage_url": null,
 "blog_url": null,
 "blog_feed_url": null,
 "twitter_username": null,
 "category_code": null,
 "number_of_employees": null,
 "founded_year": null,
 "founded_month": null,
 "founded_day": null,
 "deadpooled_year": null,
 "deadpooled_month": null,
 "deadpooled_day": null,
 "deadpooled_url": null,
 "tag_list": null,
 "alias_list": null,
 "email_address": null,
 "phone_number": null,
 "description": null,
 "created_at": "Thu Jun 20 10:29:52 UTC 2013",
 "updated_at": "Thu Jun 20 10:29:52 UTC 2013",
 "overview": null,
 "image": null,
 "products":
  [],
 "relationships":
  [{"is_past": true,
    "title": "VP, R\u0026D",
    "person":
     {"first_name": "Bob",
      "last_name": "Cohen",
      "permalink": "bob-cohen"}},
   {"is_past": true,
    "title": "Data Analyst",
    "person":
     {"first_name": "Jalpa",
      "last_name": "Trivedi",
      "permalink": "jalpa-trivedi"}},
   {"is_past": true,
    "title": "Member - Sales Advisory Council",
    "person":
     {"first_name": "Carolyn",
      "last_name": "M. Tastad",
      "permalink": "carolyn-m-tastad"}}],
 "competitions":
  [],
 "providerships":
  [],
 "total_money_raised": "$0",
 "funding_rounds":
  [],
 "investments":
  [],
 "acquisition": null,
 "acquisitions":
  [],
 "offices":
  [],
 "milestones":
  [],
 "ipo": null,
 "video_embeds":
  [],
 "screenshots":
  [],
 "external_links":
  [],
 "partners":
  []}
