{"name": "Acano",
 "permalink": "acano",
 "crunchbase_url": "http://www.crunchbase.com/company/acano",
 "homepage_url": "http://www.acano.com",
 "blog_url": "http://acano.com/blog/",
 "blog_feed_url": "",
 "twitter_username": "acanoco",
 "category_code": "enterprise",
 "number_of_employees": 40,
 "founded_year": 2012,
 "founded_month": 2,
 "founded_day": null,
 "deadpooled_year": null,
 "deadpooled_month": null,
 "deadpooled_day": null,
 "deadpooled_url": null,
 "tag_list": "collaboration, ucc, conferencing, video-conferencing, audio-conferencing, web-conferencing, telepresence, cospaces, virtual-meeting-rooms, byod, mobility",
 "alias_list": null,
 "email_address": "ask@acano.com",
 "phone_number": "443332318205",
 "description": "coSpaces for video, audio, collaboration",
 "created_at": "Sat Jun 22 14:38:11 UTC 2013",
 "updated_at": "Mon Jun 24 20:32:04 UTC 2013",
 "overview": "\u003Cp\u003EAcano unites previously incompatible audio, video and web technologies in coSpaces \u2014 virtual meeting rooms, only radically better. With coSpaces, people work wherever their ideas and creativity thrive.\u003C/p\u003E\n\n\u003Cp\u003EAcano can be described as a team workspace, and as audio, video and web conferencing all in one easy package. With Acano, every person at your organization can join a virtual team room called a coSpace using any device they want.\u003C/p\u003E\n\n\u003Cp\u003EAny device is welcome, including their PC, iPad, android, iPhone, Microsoft Lync, video device\u0026#8230;anything. Every person can choose whether to join using audio, video and/or web. \u003C/p\u003E\n\n\u003Cp\u003EThe coSpace is a team room or huddle room, the team can meet anytime they want and leave notes and documents to remember where the meeting left off. Anyone can view the resources between meetings - it\u0026#8217;s always available. \u003C/p\u003E\n\n\u003Cp\u003EPlus, an unlimited number of coSpaces can be created, so you can have one for every project, launch, vendor, team, and hobby group.\u003C/p\u003E\n\n\u003Cp\u003EEveryone\u0026#8217;s invited. This has never been possible before because of the challenges enterprises face in delivering collaboration tools to every employee. Acano works with existing infrastructure, so no need to \u0026#8220;rip and replace\u0026#8221;. It\u0026#8217;s simple to deploy, and affordable for every employee - not an exclusive group. \u003C/p\u003E",
 "image":
  {"available_sizes":
    [[[150,
       106],
      "http://api-images.crunchbase.com/assets/images/resized/0027/8799/278799v2-max-150x150.png"],
     [[250,
       176],
      "http://api-images.crunchbase.com/assets/images/resized/0027/8799/278799v2-max-250x250.png"],
     [[450,
       318],
      "http://api-images.crunchbase.com/assets/images/resized/0027/8799/278799v2-max-450x450.png"]],
   "attribution": null},
 "products":
  [],
 "relationships":
  [{"is_past": false,
    "title": "Acano Federal CEO (subsidiary)",
    "person":
     {"first_name": "Joel",
      "last_name": "Brunson",
      "permalink": "joel-brunson"}},
   {"is_past": false,
    "title": "CEO",
    "person":
     {"first_name": "OJ",
      "last_name": "Winge",
      "permalink": "oj-winge"}},
   {"is_past": false,
    "title": "CTO",
    "person":
     {"first_name": "Mark",
      "last_name": "Blake",
      "permalink": "mark-blake"}},
   {"is_past": false,
    "title": "VP of Products",
    "person":
     {"first_name": "Jan",
      "last_name": "Nielsen",
      "permalink": "jan-nielsen-2"}},
   {"is_past": false,
    "title": "Global VP of Sales",
    "person":
     {"first_name": "Larry",
      "last_name": "Satterfield",
      "permalink": "larry-satterfield"}}],
 "competitions":
  [],
 "providerships":
  [{"title": "Marketing",
    "is_past": false,
    "provider":
     {"name": "Fuel Growth Group",
      "permalink": "fuel-growth-group"}}],
 "total_money_raised": "$0",
 "funding_rounds":
  [],
 "investments":
  [],
 "acquisition": null,
 "acquisitions":
  [],
 "offices":
  [{"description": "Europe/Asia Office",
    "address1": "2 Bakers Yard,",
    "address2": "163 High St",
    "zip_code": "UB8 1JZ",
    "city": "London",
    "state_code": null,
    "country_code": "GBR",
    "latitude": 51.5466468,
    "longitude": -0.4783558},
   {"description": "Americas Office",
    "address1": "350 7th Ave.",
    "address2": "Suite 1702",
    "zip_code": "10001",
    "city": "",
    "state_code": "NY",
    "country_code": "USA",
    "latitude": 40.7482702,
    "longitude": -73.9930468}],
 "milestones":
  [],
 "ipo": null,
 "video_embeds":
  [],
 "screenshots":
  [{"available_sizes":
     [[[150,
        131],
       "http://api-images.crunchbase.com/assets/images/resized/0027/8798/278798v2-max-150x150.jpg"],
      [[250,
        218],
       "http://api-images.crunchbase.com/assets/images/resized/0027/8798/278798v2-max-250x250.jpg"],
      [[450,
        393],
       "http://api-images.crunchbase.com/assets/images/resized/0027/8798/278798v2-max-450x450.jpg"]],
    "attribution": null}],
 "external_links":
  [{"external_url": "http://www.nojitter.com/post/240156463/back-in-the-picture",
    "title": ""}],
 "partners":
  []}
