{"name": "Accent Energy",
 "permalink": "accent-energy",
 "crunchbase_url": "http://www.crunchbase.com/company/accent-energy",
 "homepage_url": null,
 "blog_url": null,
 "blog_feed_url": null,
 "twitter_username": null,
 "category_code": null,
 "number_of_employees": null,
 "founded_year": null,
 "founded_month": null,
 "founded_day": null,
 "deadpooled_year": null,
 "deadpooled_month": null,
 "deadpooled_day": null,
 "deadpooled_url": null,
 "tag_list": null,
 "alias_list": null,
 "email_address": null,
 "phone_number": null,
 "description": null,
 "created_at": "Fri Jun 14 02:54:28 UTC 2013",
 "updated_at": "Fri Jun 14 11:14:21 UTC 2013",
 "overview": "\u003Cp\u003EAccent Energy is a leading energy services company that supplies CleanClimate\u2122 electricity, natural gas and green power to commercial and residential customers. Twenty-six years ago our founder led the way toward deregulation of the energy industry because he believed that customers should be able to choose their energy supplier. A lot has changed in the industry since then, but the same innovative spirit is alive and well at Accent. Headquartered in Dublin, Ohio, Accent Energy serves customers in California and New York and as Dynowatt Powered by Accent Energy in Texas\u003C/p\u003E",
 "image": null,
 "products":
  [],
 "relationships":
  [{"is_past": false,
    "title": "",
    "person":
     {"first_name": "Dave",
      "last_name": "Laipple",
      "permalink": "dave-laipple"}}],
 "competitions":
  [],
 "providerships":
  [],
 "total_money_raised": "$0",
 "funding_rounds":
  [],
 "investments":
  [],
 "acquisition": null,
 "acquisitions":
  [],
 "offices":
  [],
 "milestones":
  [],
 "ipo": null,
 "video_embeds":
  [],
 "screenshots":
  [],
 "external_links":
  [],
 "partners":
  []}
