{"name": "Accutest Laboratories",
 "permalink": "accutest-laboratories",
 "crunchbase_url": "http://www.crunchbase.com/company/accutest-laboratories",
 "homepage_url": "http://accutest.com",
 "blog_url": "",
 "blog_feed_url": "",
 "twitter_username": "AccutestLabs",
 "category_code": "biotech",
 "number_of_employees": null,
 "founded_year": 1956,
 "founded_month": null,
 "founded_day": null,
 "deadpooled_year": null,
 "deadpooled_month": null,
 "deadpooled_day": null,
 "deadpooled_url": null,
 "tag_list": "",
 "alias_list": "",
 "email_address": "keving@accutest.com",
 "phone_number": "",
 "description": "",
 "created_at": "Fri Jun 14 06:32:31 UTC 2013",
 "updated_at": "Fri Jun 14 06:32:30 UTC 2013",
 "overview": "\u003Cp\u003EAccutest Laboratories is a privately held, independent testing laboratory successfully delivering legally defensible data for over 50 years. \u003C/p\u003E",
 "image":
  {"available_sizes":
    [[[150,
       37],
      "http://api-images.crunchbase.com/assets/images/resized/0027/5131/275131v1-max-150x150.png"],
     [[236,
       59],
      "http://api-images.crunchbase.com/assets/images/resized/0027/5131/275131v1-max-250x250.png"],
     [[236,
       59],
      "http://api-images.crunchbase.com/assets/images/resized/0027/5131/275131v1-max-450x450.png"]],
   "attribution": null},
 "products":
  [],
 "relationships":
  [{"is_past": false,
    "title": "Chairman and CEO",
    "person":
     {"first_name": "Phillip",
      "last_name": "B. Rooney",
      "permalink": "phillip-b-rooney"}}],
 "competitions":
  [],
 "providerships":
  [],
 "total_money_raised": "$0",
 "funding_rounds":
  [],
 "investments":
  [],
 "acquisition": null,
 "acquisitions":
  [],
 "offices":
  [{"description": "",
    "address1": "2235 US Highway 130",
    "address2": "",
    "zip_code": "08810",
    "city": "Dayton",
    "state_code": "NJ",
    "country_code": "USA",
    "latitude": null,
    "longitude": null}],
 "milestones":
  [],
 "ipo": null,
 "video_embeds":
  [],
 "screenshots":
  [{"available_sizes":
     [[[150,
        68],
       "http://api-images.crunchbase.com/assets/images/resized/0027/5130/275130v1-max-150x150.png"],
      [[250,
        114],
       "http://api-images.crunchbase.com/assets/images/resized/0027/5130/275130v1-max-250x250.png"],
      [[450,
        206],
       "http://api-images.crunchbase.com/assets/images/resized/0027/5130/275130v1-max-450x450.png"]],
    "attribution": null}],
 "external_links":
  [],
 "partners":
  []}
