{"name": "AccuCom Wireless Services",
 "permalink": "accucom-wireless-services",
 "crunchbase_url": "http://www.crunchbase.com/company/accucom-wireless-services",
 "homepage_url": null,
 "blog_url": null,
 "blog_feed_url": null,
 "twitter_username": null,
 "category_code": null,
 "number_of_employees": null,
 "founded_year": null,
 "founded_month": null,
 "founded_day": null,
 "deadpooled_year": null,
 "deadpooled_month": null,
 "deadpooled_day": null,
 "deadpooled_url": null,
 "tag_list": null,
 "alias_list": null,
 "email_address": null,
 "phone_number": null,
 "description": null,
 "created_at": "Sun Jun 16 05:57:31 UTC 2013",
 "updated_at": "Mon Jun 17 04:59:06 UTC 2013",
 "overview": "\u003Cp\u003EAccuCom Wireless Services, Inc. provides network based wireless location services and technology. The company is based in San Diego, California.\u003C/p\u003E",
 "image": null,
 "products":
  [],
 "relationships":
  [{"is_past": true,
    "title": "CFO and Vice President of Business Development",
    "person":
     {"first_name": "Cinco",
      "last_name": "Plumb",
      "permalink": "cinco-plumb"}}],
 "competitions":
  [],
 "providerships":
  [],
 "total_money_raised": "$0",
 "funding_rounds":
  [],
 "investments":
  [],
 "acquisition": null,
 "acquisitions":
  [],
 "offices":
  [],
 "milestones":
  [],
 "ipo": null,
 "video_embeds":
  [],
 "screenshots":
  [],
 "external_links":
  [],
 "partners":
  []}
