{"name": "ACMI Corporation",
 "permalink": "acmi-corporation",
 "crunchbase_url": "http://www.crunchbase.com/company/acmi-corporation",
 "homepage_url": null,
 "blog_url": null,
 "blog_feed_url": null,
 "twitter_username": null,
 "category_code": null,
 "number_of_employees": null,
 "founded_year": null,
 "founded_month": null,
 "founded_day": null,
 "deadpooled_year": null,
 "deadpooled_month": null,
 "deadpooled_day": null,
 "deadpooled_url": null,
 "tag_list": null,
 "alias_list": null,
 "email_address": null,
 "phone_number": null,
 "description": null,
 "created_at": "Tue Jun 18 05:08:58 UTC 2013",
 "updated_at": "Tue Jun 18 05:08:58 UTC 2013",
 "overview": null,
 "image": null,
 "products":
  [],
 "relationships":
  [{"is_past": true,
    "title": "President \u0026 CEO",
    "person":
     {"first_name": "Greg",
      "last_name": "Barrett",
      "permalink": "greg-barrett"}},
   {"is_past": true,
    "title": "Sr. Vice President Finance",
    "person":
     {"first_name": "David",
      "last_name": "J. Pierce",
      "permalink": "david-j-pierce"}},
   {"is_past": true,
    "title": "Vice President and General Manager International",
    "person":
     {"first_name": "John",
      "last_name": "E. Schellhorn",
      "permalink": "john-e-schellhorn"}},
   {"is_past": true,
    "title": "Territory Manager",
    "person":
     {"first_name": "Doug",
      "last_name": "Gielow",
      "permalink": "doug-gielow"}},
   {"is_past": true,
    "title": "Board of Directors",
    "person":
     {"first_name": "Jay",
      "last_name": "Moorin",
      "permalink": "jay-moorin"}}],
 "competitions":
  [],
 "providerships":
  [],
 "total_money_raised": "$0",
 "funding_rounds":
  [],
 "investments":
  [],
 "acquisition": null,
 "acquisitions":
  [],
 "offices":
  [],
 "milestones":
  [],
 "ipo": null,
 "video_embeds":
  [],
 "screenshots":
  [],
 "external_links":
  [],
 "partners":
  []}
