{"name": "Actinium Pharmaceuticals",
 "permalink": "actinium-pharmaceuticals",
 "crunchbase_url": "http://www.crunchbase.com/company/actinium-pharmaceuticals",
 "homepage_url": "http://www.actiniumpharmaceuticals.com",
 "blog_url": "",
 "blog_feed_url": "",
 "twitter_username": "ActiniumPharma",
 "category_code": "biotech",
 "number_of_employees": 3,
 "founded_year": 2000,
 "founded_month": null,
 "founded_day": null,
 "deadpooled_year": null,
 "deadpooled_month": null,
 "deadpooled_day": null,
 "deadpooled_url": null,
 "tag_list": "",
 "alias_list": "",
 "email_address": "info@actiniumpharmaceuticals.com",
 "phone_number": "646-459-4201",
 "description": "",
 "created_at": "Wed Jul 03 10:55:56 UTC 2013",
 "updated_at": "Thu Feb 13 04:36:49 UTC 2014",
 "overview": "\u003Cp\u003EActinium Pharmaceuticals, Inc., a biopharmaceutical company, engages in developing therapies for life threatening diseases using its alpha particle immunotherapy platform and other related technologies. The company\u2019s principal product candidates include Actimab-A, a Phase I/II clinical trial monoclonal antibody for the treatment of acute myeloid leukemia in elderly patients; and Iomab-B that has completed a Phase I/II design trial used to condition the bone marrow of patients by destroying blood cancer cells in their bone marrow. It also offers BC8-Y-90 and BC8-SA product candidates, which are in physician sponsored clinical phase I trials at the Fred Hutchinson Cancer Research Center. The company was founded in 2000 and is based in New York, New York.\u003C/p\u003E",
 "image":
  {"available_sizes":
    [[[150,
       61],
      "http://api-images.crunchbase.com/assets/images/resized/0028/3597/283597v1-max-150x150.jpg"],
     [[250,
       101],
      "http://api-images.crunchbase.com/assets/images/resized/0028/3597/283597v1-max-250x250.jpg"],
     [[255,
       104],
      "http://api-images.crunchbase.com/assets/images/resized/0028/3597/283597v1-max-450x450.jpg"]],
   "attribution": null},
 "products":
  [],
 "relationships":
  [{"is_past": false,
    "title": "Interm-CEO",
    "person":
     {"first_name": "Sergio",
      "last_name": "Traversa",
      "permalink": "sergio-traversa-2"}},
   {"is_past": false,
    "title": "COO and CMO",
    "person":
     {"first_name": "Dragan",
      "last_name": "Cicic",
      "permalink": "dragan-cicic"}}],
 "competitions":
  [],
 "providerships":
  [],
 "total_money_raised": "$364k",
 "funding_rounds":
  [{"id": 49422,
    "round_code": "debt_round",
    "source_url": "http://www.sec.gov/Archives/edgar/data/1328440/000132844011000005/xslFormDX01/primary_doc.xml",
    "source_description": "SEC",
    "raised_amount": 364000.0,
    "raised_currency_code": "USD",
    "funded_year": 2011,
    "funded_month": 11,
    "funded_day": 3,
    "investments":
     []}],
 "investments":
  [],
 "acquisition": null,
 "acquisitions":
  [],
 "offices":
  [{"description": "",
    "address1": "501 Fifth Avenue",
    "address2": "3rd Floor",
    "zip_code": "10017",
    "city": "New York",
    "state_code": "NY",
    "country_code": "USA",
    "latitude": null,
    "longitude": null}],
 "milestones":
  [],
 "ipo": null,
 "video_embeds":
  [],
 "screenshots":
  [{"available_sizes":
     [[[150,
        89],
       "http://api-images.crunchbase.com/assets/images/resized/0028/3596/283596v1-max-150x150.png"],
      [[250,
        148],
       "http://api-images.crunchbase.com/assets/images/resized/0028/3596/283596v1-max-250x250.png"],
      [[450,
        267],
       "http://api-images.crunchbase.com/assets/images/resized/0028/3596/283596v1-max-450x450.png"]],
    "attribution": null}],
 "external_links":
  [],
 "partners":
  []}
