{"name": "ActiveSide",
 "permalink": "activeside",
 "crunchbase_url": "http://www.crunchbase.com/company/activeside",
 "homepage_url": "http://activeside.com",
 "blog_url": "",
 "blog_feed_url": "",
 "twitter_username": "activesideapp",
 "category_code": "mobile",
 "number_of_employees": 2,
 "founded_year": 2013,
 "founded_month": null,
 "founded_day": null,
 "deadpooled_year": null,
 "deadpooled_month": null,
 "deadpooled_day": null,
 "deadpooled_url": null,
 "tag_list": "social-network, mobile, sports, fitness",
 "alias_list": null,
 "email_address": "",
 "phone_number": "",
 "description": "Where active people post",
 "created_at": "Sat Jun 08 22:02:06 UTC 2013",
 "updated_at": "Tue Aug 06 21:38:47 UTC 2013",
 "overview": "\u003Cp\u003EAfter an amazing run, gym session or game, connect with people who care just as much about being active.\u003C/p\u003E",
 "image":
  {"available_sizes":
    [[[150,
       31],
      "http://api-images.crunchbase.com/assets/images/resized/0027/3244/273244v2-max-150x150.png"],
     [[250,
       52],
      "http://api-images.crunchbase.com/assets/images/resized/0027/3244/273244v2-max-250x250.png"],
     [[306,
       64],
      "http://api-images.crunchbase.com/assets/images/resized/0027/3244/273244v2-max-450x450.png"]],
   "attribution": null},
 "products":
  [],
 "relationships":
  [{"is_past": false,
    "title": "Founder / CEO",
    "person":
     {"first_name": "Scott",
      "last_name": "Giovanni",
      "permalink": "scott-giovanni"}},
   {"is_past": false,
    "title": "CTO",
    "person":
     {"first_name": "Piotr",
      "last_name": "Tomasik",
      "permalink": "piotr-tomasik"}},
   {"is_past": false,
    "title": "Advisor",
    "person":
     {"first_name": "Jared",
      "last_name": "Morgenstern",
      "permalink": "jared-morgenstern"}},
   {"is_past": false,
    "title": "Advisor",
    "person":
     {"first_name": "Al",
      "last_name": "Berg",
      "permalink": "al-berg"}}],
 "competitions":
  [],
 "providerships":
  [],
 "total_money_raised": "$0",
 "funding_rounds":
  [],
 "investments":
  [],
 "acquisition": null,
 "acquisitions":
  [],
 "offices":
  [],
 "milestones":
  [],
 "ipo": null,
 "video_embeds":
  [],
 "screenshots":
  [{"available_sizes":
     [[[82,
        150],
       "http://api-images.crunchbase.com/assets/images/resized/0030/2358/302358v2-max-150x150.png"],
      [[137,
        250],
       "http://api-images.crunchbase.com/assets/images/resized/0030/2358/302358v2-max-250x250.png"],
      [[248,
        450],
       "http://api-images.crunchbase.com/assets/images/resized/0030/2358/302358v2-max-450x450.png"]],
    "attribution": null},
   {"available_sizes":
     [[[82,
        150],
       "http://api-images.crunchbase.com/assets/images/resized/0030/2359/302359v2-max-150x150.png"],
      [[137,
        250],
       "http://api-images.crunchbase.com/assets/images/resized/0030/2359/302359v2-max-250x250.png"],
      [[248,
        450],
       "http://api-images.crunchbase.com/assets/images/resized/0030/2359/302359v2-max-450x450.png"]],
    "attribution": null},
   {"available_sizes":
     [[[82,
        150],
       "http://api-images.crunchbase.com/assets/images/resized/0030/2360/302360v2-max-150x150.png"],
      [[137,
        250],
       "http://api-images.crunchbase.com/assets/images/resized/0030/2360/302360v2-max-250x250.png"],
      [[248,
        450],
       "http://api-images.crunchbase.com/assets/images/resized/0030/2360/302360v2-max-450x450.png"]],
    "attribution": null},
   {"available_sizes":
     [[[82,
        150],
       "http://api-images.crunchbase.com/assets/images/resized/0030/2361/302361v2-max-150x150.png"],
      [[137,
        250],
       "http://api-images.crunchbase.com/assets/images/resized/0030/2361/302361v2-max-250x250.png"],
      [[248,
        450],
       "http://api-images.crunchbase.com/assets/images/resized/0030/2361/302361v2-max-450x450.png"]],
    "attribution": null},
   {"available_sizes":
     [[[82,
        150],
       "http://api-images.crunchbase.com/assets/images/resized/0030/2362/302362v2-max-150x150.png"],
      [[137,
        250],
       "http://api-images.crunchbase.com/assets/images/resized/0030/2362/302362v2-max-250x250.png"],
      [[248,
        450],
       "http://api-images.crunchbase.com/assets/images/resized/0030/2362/302362v2-max-450x450.png"]],
    "attribution": null},
   {"available_sizes":
     [[[150,
        86],
       "http://api-images.crunchbase.com/assets/images/resized/0030/2367/302367v2-max-150x150.jpg"],
      [[250,
        143],
       "http://api-images.crunchbase.com/assets/images/resized/0030/2367/302367v2-max-250x250.jpg"],
      [[450,
        258],
       "http://api-images.crunchbase.com/assets/images/resized/0030/2367/302367v2-max-450x450.jpg"]],
    "attribution": null}],
 "external_links":
  [],
 "partners":
  []}
