{"name": "AcuityAds",
 "permalink": "acuityads",
 "crunchbase_url": "http://www.crunchbase.com/company/acuityads",
 "homepage_url": "http://www.acuityads.com",
 "blog_url": "http://www.acuityads.com/blog/",
 "blog_feed_url": "",
 "twitter_username": "AcuityAds",
 "category_code": "advertising",
 "number_of_employees": 50,
 "founded_year": 2009,
 "founded_month": null,
 "founded_day": null,
 "deadpooled_year": null,
 "deadpooled_month": null,
 "deadpooled_day": null,
 "deadpooled_url": null,
 "tag_list": "online-advertising, ad-network, hybrid-ad-network, targeting, demand-side-platform, display-ad-optimization",
 "alias_list": "",
 "email_address": "marco@acuityads.com",
 "phone_number": "4162189888",
 "description": "Digital advertising technology company",
 "created_at": "Fri Jun 14 17:42:52 UTC 2013",
 "updated_at": "Wed Dec 11 06:19:59 UTC 2013",
 "overview": "\u003Cp\u003EAcuityAds delivers a proprietary real-time bidding solution that is powered by machine learning technology. Acuity\u0026#8217;s solution provides extremely granular targeting for digital marketers as well as real-time reporting system that provides instantaneous feedback on campaign performance. Built by a PhD in Machine Learning, Acuity\u0026#8217;s solution is currently running over 150 campaigns each day for clients throughout North America. In less than 3 years, Acuity has grown from 7 people working in one room, to a staff of over 50 people North America wide. \u003C/p\u003E",
 "image":
  {"available_sizes":
    [[[150,
       63],
      "http://api-images.crunchbase.com/assets/images/resized/0028/7020/287020v2-max-150x150.png"],
     [[250,
       106],
      "http://api-images.crunchbase.com/assets/images/resized/0028/7020/287020v2-max-250x250.png"],
     [[450,
       191],
      "http://api-images.crunchbase.com/assets/images/resized/0028/7020/287020v2-max-450x450.png"]],
   "attribution": null},
 "products":
  [],
 "relationships":
  [{"is_past": false,
    "title": "Founder \u0026 CEO",
    "person":
     {"first_name": "Tal",
      "last_name": "Hayek",
      "permalink": "tal-hayek"}},
   {"is_past": false,
    "title": "VP Sales USA",
    "person":
     {"first_name": "Richard",
      "last_name": "Russey",
      "permalink": "richard-russey"}},
   {"is_past": false,
    "title": "Marketing Director",
    "person":
     {"first_name": "Marco",
      "last_name": "Muzzi",
      "permalink": "marco-muzzi"}},
   {"is_past": false,
    "title": "VP of Sales",
    "person":
     {"first_name": "Jeff",
      "last_name": "Anderson",
      "permalink": "jeff-anderson-2"}}],
 "competitions":
  [],
 "providerships":
  [],
 "total_money_raised": "$3M",
 "funding_rounds":
  [{"id": 43052,
    "round_code": "debt_round",
    "source_url": "http://www.finsmes.com/2013/07/acuityads-raises-3m-debt-funding.html",
    "source_description": "AcuityAds raises $3m in debt funding",
    "raised_amount": 3000000.0,
    "raised_currency_code": "USD",
    "funded_year": 2013,
    "funded_month": 7,
    "funded_day": 18,
    "investments":
     [{"company": null,
       "financial_org":
        {"name": "BEST Funds",
         "permalink": "best-funds"},
       "person": null}]}],
 "investments":
  [],
 "acquisition": null,
 "acquisitions":
  [],
 "offices":
  [{"description": "New York Office",
    "address1": "530 Seventh Avenue",
    "address2": "",
    "zip_code": "10018",
    "city": "New York",
    "state_code": "NY",
    "country_code": "USA",
    "latitude": null,
    "longitude": null},
   {"description": "Toronto Office",
    "address1": "5775 Yonge St.",
    "address2": "Suite 1802",
    "zip_code": "M2M 4J1",
    "city": "Toronto",
    "state_code": null,
    "country_code": "CAN",
    "latitude": null,
    "longitude": null}],
 "milestones":
  [],
 "ipo": null,
 "video_embeds":
  [],
 "screenshots":
  [{"available_sizes":
     [[[150,
        86],
       "http://api-images.crunchbase.com/assets/images/resized/0029/1755/291755v1-max-150x150.png"],
      [[250,
        144],
       "http://api-images.crunchbase.com/assets/images/resized/0029/1755/291755v1-max-250x250.png"],
      [[450,
        259],
       "http://api-images.crunchbase.com/assets/images/resized/0029/1755/291755v1-max-450x450.png"]],
    "attribution": null}],
 "external_links":
  [],
 "partners":
  []}
