{"name": "Adbrain",
 "permalink": "adbrain",
 "crunchbase_url": "http://www.crunchbase.com/company/adbrain",
 "homepage_url": "http://adbrain.com",
 "blog_url": "http://blog.adbrain.com/",
 "blog_feed_url": "",
 "twitter_username": "AdbrainTech",
 "category_code": "advertising",
 "number_of_employees": null,
 "founded_year": 2012,
 "founded_month": null,
 "founded_day": null,
 "deadpooled_year": null,
 "deadpooled_month": null,
 "deadpooled_day": null,
 "deadpooled_url": null,
 "tag_list": "multi-screen, audience-attribution, data-driven, advertising, cross-device, mobile, rtb",
 "alias_list": "",
 "email_address": "",
 "phone_number": "+1 718 312 8138",
 "description": "",
 "created_at": "Thu Jun 27 17:11:34 UTC 2013",
 "updated_at": "Thu Mar 13 22:07:50 UTC 2014",
 "overview": "\u003Cp\u003EAdbrain is at the forefront of the data-driven, multi-screen advertising revolution. We empower advertisers to unlock the value of their data and connect with audiences in real-time, no matter the device.\u003C/p\u003E\n\n\u003Cp\u003EPowered by the latest technologies in artificial intelligence and deep learning, the Adbrain multi-screen audience buying platform turns data into actionable insights, allowing advertisers to connect in real-time to their audiences.\u003C/p\u003E\n\n\u003Cp\u003EUsers of Adbrain\u2019s fully transparent, open and customizable programmatic technology stack can marry and activate their proprietary data with Adbrain cross-device personas as well as third party data for enhanced real-time mobile and multi-screen audience buying, relevance and results - all from a single, easy-to-use interface.\u003C/p\u003E\n\n\u003Cp\u003EAdbrain is a high-growth enterprise technology company, backed by leading institutional investors, with offices across the US and UK.\u003C/p\u003E",
 "image":
  {"available_sizes":
    [[[150,
       93],
      "http://api-images.crunchbase.com/assets/images/resized/0028/9526/289526v2-max-150x150.jpg"],
     [[250,
       156],
      "http://api-images.crunchbase.com/assets/images/resized/0028/9526/289526v2-max-250x250.jpg"],
     [[450,
       281],
      "http://api-images.crunchbase.com/assets/images/resized/0028/9526/289526v2-max-450x450.jpg"]],
   "attribution": null},
 "products":
  [],
 "relationships":
  [{"is_past": false,
    "title": "Investor \u0026 Chairman",
    "person":
     {"first_name": "Tobin",
      "last_name": "Ireland",
      "permalink": "tobin-ireland"}},
   {"is_past": false,
    "title": "CEO",
    "person":
     {"first_name": "Gareth",
      "last_name": "Davies",
      "permalink": "gareth-davies"}},
   {"is_past": false,
    "title": "COO",
    "person":
     {"first_name": "Stephen",
      "last_name": "Goschalk",
      "permalink": "stephen-goschalk"}},
   {"is_past": false,
    "title": "CTO",
    "person":
     {"first_name": "Rashid",
      "last_name": "Mansoor",
      "permalink": "rashid-mansoor"}},
   {"is_past": false,
    "title": "VP Americas",
    "person":
     {"first_name": "Jesse",
      "last_name": "Hurwitz",
      "permalink": "jesse-hurwitz"}},
   {"is_past": false,
    "title": "VP Engineering",
    "person":
     {"first_name": "Elia",
      "last_name": "Videtta",
      "permalink": "elia-videtta"}},
   {"is_past": false,
    "title": "VP Artificial Intelligence",
    "person":
     {"first_name": "Pourya",
      "last_name": "Saber",
      "permalink": "pourya-saber"}},
   {"is_past": false,
    "title": "Investor",
    "person":
     {"first_name": "Sacha",
      "last_name": "Carton",
      "permalink": "sacha-carton"}},
   {"is_past": false,
    "title": "Investor",
    "person":
     {"first_name": "Chris",
      "last_name": "Mairs",
      "permalink": "chris-mairs"}},
   {"is_past": false,
    "title": "Head of Business Development",
    "person":
     {"first_name": "Paul",
      "last_name": "Gubbins",
      "permalink": "paul-gubbins"}},
   {"is_past": false,
    "title": "Director of Product Development",
    "person":
     {"first_name": "Francois",
      "last_name": "Deschenes",
      "permalink": "francois-deschenes-2"}},
   {"is_past": false,
    "title": "Investor",
    "person":
     {"first_name": "Anil",
      "last_name": "Hansjee",
      "permalink": "anil-hansjee"}},
   {"is_past": false,
    "title": "Investor",
    "person":
     {"first_name": "Nick",
      "last_name": "Hynes",
      "permalink": "nick-hynes"}},
   {"is_past": false,
    "title": "Investor",
    "person":
     {"first_name": "Jos",
      "last_name": "White",
      "permalink": "jos-white"}},
   {"is_past": false,
    "title": "Director of Client Services",
    "person":
     {"first_name": "Elisa",
      "last_name": "Huh",
      "permalink": "elisa-huh"}},
   {"is_past": false,
    "title": "Global Communications Director",
    "person":
     {"first_name": "Isabel",
      "last_name": "Fox",
      "permalink": "isabel-fox"}},
   {"is_past": true,
    "title": "Director User Experience",
    "person":
     {"first_name": "Tyron",
      "last_name": "Yamaguchi",
      "permalink": "tyron-yamaguchi"}}],
 "competitions":
  [],
 "providerships":
  [],
 "total_money_raised": "$9M",
 "funding_rounds":
  [{"id": 42631,
    "round_code": "seed",
    "source_url": "http://www.finsmes.com/2013/07/adbrain-raises-1-5m-seed-funding.html",
    "source_description": "Adbrain Raises $1.5M in Seed Funding",
    "raised_amount": 1500000.0,
    "raised_currency_code": "USD",
    "funded_year": 2013,
    "funded_month": 7,
    "funded_day": 15,
    "investments":
     [{"company": null,
       "financial_org": null,
       "person":
        {"first_name": "Nick",
         "last_name": "Hynes",
         "permalink": "nick-hynes"}},
      {"company": null,
       "financial_org":
        {"name": "Notion Capital",
         "permalink": "notion-capital"},
       "person": null},
      {"company": null,
       "financial_org": null,
       "person":
        {"first_name": "Anil",
         "last_name": "Hansjee",
         "permalink": "anil-hansjee"}},
      {"company": null,
       "financial_org": null,
       "person":
        {"first_name": "Sacha",
         "last_name": "Carton",
         "permalink": "sacha-carton-2-deleted"}},
      {"company": null,
       "financial_org": null,
       "person":
        {"first_name": "Tobin",
         "last_name": "Ireland",
         "permalink": "tobin-ireland-2-deleted"}},
      {"company": null,
       "financial_org": null,
       "person":
        {"first_name": "Chris",
         "last_name": "Mairs",
         "permalink": "chris-mairs-2-deleted"}},
      {"company": null,
       "financial_org": null,
       "person":
        {"first_name": "Ivan",
         "last_name": "Mazour",
         "permalink": "ivan-mazour"}}]},
   {"id": 68824,
    "round_code": "a",
    "source_url": "http://www.finsmes.com/2014/03/adbrain-raises-7-5m-in-series-a-funding.html",
    "source_description": " \tAdbrain Raises $7.5M in Series A Funding",
    "raised_amount": 7500000.0,
    "raised_currency_code": "USD",
    "funded_year": 2014,
    "funded_month": 3,
    "funded_day": 11,
    "investments":
     [{"company": null,
       "financial_org":
        {"name": "Octopus",
         "permalink": "octopus-ventures"},
       "person": null},
      {"company": null,
       "financial_org":
        {"name": "Notion Capital",
         "permalink": "notion-capital"},
       "person": null}]}],
 "investments":
  [],
 "acquisition": null,
 "acquisitions":
  [],
 "offices":
  [{"description": "London Headquarter",
    "address1": "11, Charlotte Mews",
    "address2": "",
    "zip_code": "W1T 4EQ",
    "city": "London",
    "state_code": null,
    "country_code": "GBR",
    "latitude": 51.5206911,
    "longitude": -0.1362976},
   {"description": "New York Office",
    "address1": "214 West 29th Street",
    "address2": "",
    "zip_code": "10014",
    "city": "New York City",
    "state_code": "NY",
    "country_code": "USA",
    "latitude": 40.748153,
    "longitude": -73.9939428}],
 "milestones":
  [],
 "ipo": null,
 "video_embeds":
  [],
 "screenshots":
  [],
 "external_links":
  [],
 "partners":
  []}
