{"name": "Adero",
 "permalink": "adero",
 "crunchbase_url": "http://www.crunchbase.com/company/adero",
 "homepage_url": null,
 "blog_url": null,
 "blog_feed_url": null,
 "twitter_username": null,
 "category_code": null,
 "number_of_employees": null,
 "founded_year": null,
 "founded_month": null,
 "founded_day": null,
 "deadpooled_year": null,
 "deadpooled_month": null,
 "deadpooled_day": null,
 "deadpooled_url": null,
 "tag_list": null,
 "alias_list": null,
 "email_address": null,
 "phone_number": null,
 "description": null,
 "created_at": "Thu Jun 06 19:02:00 UTC 2013",
 "updated_at": "Thu Jun 06 19:50:16 UTC 2013",
 "overview": null,
 "image": null,
 "products":
  [],
 "relationships":
  [{"is_past": true,
    "title": "Co-Founder and CSO",
    "person":
     {"first_name": "Paul",
      "last_name": "Cheng",
      "permalink": "paul-cheng"}},
   {"is_past": true,
    "title": "Chief Technical Architect",
    "person":
     {"first_name": "Jim",
      "last_name": "Goldinger",
      "permalink": "jim-goldinger"}}],
 "competitions":
  [],
 "providerships":
  [],
 "total_money_raised": "$0",
 "funding_rounds":
  [],
 "investments":
  [],
 "acquisition": null,
 "acquisitions":
  [{"price_amount": 30000000.0,
    "price_currency_code": "USD",
    "term_code": "cash_and_stock",
    "source_url": "http://www.networkworld.com/news/2000/0321adero.html",
    "source_description": "Network World",
    "acquired_year": 2000,
    "acquired_month": 3,
    "acquired_day": 1,
    "company":
     {"name": "Fast Engines",
      "permalink": "fast-engines"}}],
 "offices":
  [],
 "milestones":
  [],
 "ipo": null,
 "video_embeds":
  [],
 "screenshots":
  [],
 "external_links":
  [],
 "partners":
  []}
