{"name": "AdiCyte",
 "permalink": "adicyte",
 "crunchbase_url": "http://www.crunchbase.com/company/adicyte",
 "homepage_url": "http://adicyte.com",
 "blog_url": "",
 "blog_feed_url": "",
 "twitter_username": "AdiCyte",
 "category_code": "biotech",
 "number_of_employees": null,
 "founded_year": 2011,
 "founded_month": null,
 "founded_day": null,
 "deadpooled_year": null,
 "deadpooled_month": null,
 "deadpooled_day": null,
 "deadpooled_url": null,
 "tag_list": "",
 "alias_list": "",
 "email_address": "customerservice@adicyte.com",
 "phone_number": "505-988-2995",
 "description": "",
 "created_at": "Thu Jun 13 08:29:40 UTC 2013",
 "updated_at": "Tue Dec 10 06:18:22 UTC 2013",
 "overview": "\u003Cp\u003EAdiCyte offers high quality cryopreservation of Adipose tissue and stem cells for future use by the patient in cosmetics, augmentation, reconstruction, regenerative medicine and tissue engineering. By banking adipose tissue [fat] following liposuction or other surgical procedures, patients can save a biological resource for emerging treatments and procedures.\u003C/p\u003E",
 "image":
  {"available_sizes":
    [[[150,
       60],
      "http://api-images.crunchbase.com/assets/images/resized/0032/0320/320320v1-max-150x150.png"],
     [[200,
       81],
      "http://api-images.crunchbase.com/assets/images/resized/0032/0320/320320v1-max-250x250.png"],
     [[200,
       81],
      "http://api-images.crunchbase.com/assets/images/resized/0032/0320/320320v1-max-450x450.png"]],
   "attribution": null},
 "products":
  [],
 "relationships":
  [{"is_past": false,
    "title": "Founder, Chief Executive Officer",
    "person":
     {"first_name": "Scott",
      "last_name": "Edelman",
      "permalink": "scott-edelman"}},
   {"is_past": false,
    "title": "CFO",
    "person":
     {"first_name": "Holly",
      "last_name": "Sparkman",
      "permalink": "holly-sparkman"}},
   {"is_past": false,
    "title": "Founder, Chief Science Officer",
    "person":
     {"first_name": "David",
      "last_name": "T. Harris",
      "permalink": "david-t-harris"}}],
 "competitions":
  [],
 "providerships":
  [],
 "total_money_raised": "$2.65M",
 "funding_rounds":
  [{"id": 39823,
    "round_code": "seed",
    "source_url": "http://www.sec.gov/Archives/edgar/data/1538693/000153869313000003/xslFormDX01/primary_doc.xml",
    "source_description": "SEC",
    "raised_amount": 1539402.0,
    "raised_currency_code": "USD",
    "funded_year": 2013,
    "funded_month": 3,
    "funded_day": 12,
    "investments":
     []},
   {"id": 41887,
    "round_code": "seed",
    "source_url": "http://www.sec.gov/Archives/edgar/data/1538693/000153869312000002/xslFormDX01/primary_doc.xml",
    "source_description": "SEC",
    "raised_amount": 1110000.0,
    "raised_currency_code": "USD",
    "funded_year": 2012,
    "funded_month": 1,
    "funded_day": 23,
    "investments":
     []}],
 "investments":
  [],
 "acquisition": null,
 "acquisitions":
  [],
 "offices":
  [{"description": "",
    "address1": "5151 E. BROADWAY BLVD.",
    "address2": "SUITE 1020",
    "zip_code": "85711",
    "city": "TUCSON",
    "state_code": "AZ",
    "country_code": "USA",
    "latitude": 32.222386,
    "longitude": -110.883679}],
 "milestones":
  [],
 "ipo": null,
 "video_embeds":
  [],
 "screenshots":
  [{"available_sizes":
     [[[150,
        69],
       "http://api-images.crunchbase.com/assets/images/resized/0032/0329/320329v1-max-150x150.png"],
      [[250,
        115],
       "http://api-images.crunchbase.com/assets/images/resized/0032/0329/320329v1-max-250x250.png"],
      [[450,
        207],
       "http://api-images.crunchbase.com/assets/images/resized/0032/0329/320329v1-max-450x450.png"]],
    "attribution": null}],
 "external_links":
  [],
 "partners":
  []}
