{"name": "Advanced Payment Solutions APS Group",
 "permalink": "advanced-payment-solutions-aps-group",
 "crunchbase_url": "http://www.crunchbase.com/company/advanced-payment-solutions-aps-group",
 "homepage_url": "http://www.apsgroup.com",
 "blog_url": "http://www.apsgroup.com/news-and-media/default.aspx",
 "blog_feed_url": "",
 "twitter_username": null,
 "category_code": "ecommerce",
 "number_of_employees": null,
 "founded_year": 2004,
 "founded_month": null,
 "founded_day": null,
 "deadpooled_year": null,
 "deadpooled_month": null,
 "deadpooled_day": null,
 "deadpooled_url": null,
 "tag_list": "payment-solutions, prepaid-cards",
 "alias_list": null,
 "email_address": "",
 "phone_number": "00442030595788",
 "description": "Payment Solutions Company",
 "created_at": "Wed Jun 26 14:41:29 UTC 2013",
 "updated_at": "Wed Jun 26 17:47:24 UTC 2013",
 "overview": "\u003Cp\u003EAdvanced Payment Solutions (APS Group) provide payment solutions for consumers and businesses. \u003C/p\u003E\n\n\u003Cp\u003EAPS Group is one of the leading payment solutions companies in Europe. APS Group is a Principal Member of MasterCard and VISA and offer prepaid credit cards. APS Group also partner with the Co-Operative Group to offer payment solutions for local government councils throughout the UK. APS Group also offer payment solutions to the Healthcare, Transport and the Public Sector.  \u003C/p\u003E",
 "image": null,
 "products":
  [],
 "relationships":
  [],
 "competitions":
  [],
 "providerships":
  [],
 "total_money_raised": "$0",
 "funding_rounds":
  [],
 "investments":
  [],
 "acquisition": null,
 "acquisitions":
  [],
 "offices":
  [],
 "milestones":
  [],
 "ipo": null,
 "video_embeds":
  [],
 "screenshots":
  [],
 "external_links":
  [{"external_url": "http://www.realwire.com/releases/Advanced-Payment-Solutions-wins-3-contracts-to-supply-Cashplus-prepaid-cards-to-local-councils",
    "title": "Advanced Payment Solutions wins 3 contracts to supply Cashplus\u00ae prepaid cards to local councils"},
   {"external_url": "http://www.businesswire.com/news/home/20110805005477/en/Advanced-Payment-Solutions-Unveils-Exclusive-%E2%80%98Fee-Free",
    "title": "Advanced Payment Solutions Unveils Exclusive \u2018Fee Free for 3\u2019 Cashplus\u00ae Card Offer with Moneysupermarket.com"}],
 "partners":
  []}
