{"name": "Advanced Therapeutics",
 "permalink": "advanced-therapeutics",
 "crunchbase_url": "http://www.crunchbase.com/company/advanced-therapeutics",
 "homepage_url": null,
 "blog_url": null,
 "blog_feed_url": null,
 "twitter_username": null,
 "category_code": null,
 "number_of_employees": null,
 "founded_year": null,
 "founded_month": null,
 "founded_day": null,
 "deadpooled_year": null,
 "deadpooled_month": null,
 "deadpooled_day": null,
 "deadpooled_url": null,
 "tag_list": null,
 "alias_list": null,
 "email_address": null,
 "phone_number": null,
 "description": null,
 "created_at": "Mon Jun 17 15:05:35 UTC 2013",
 "updated_at": "Mon Jun 17 15:05:35 UTC 2013",
 "overview": null,
 "image": null,
 "products":
  [],
 "relationships":
  [{"is_past": false,
    "title": "Chairman, President and Chief Executive Officer",
    "person":
     {"first_name": "Randolph",
      "last_name": "C. Steer",
      "permalink": "randolph-c-steer"}},
   {"is_past": true,
    "title": "Director of Research",
    "person":
     {"first_name": "Michael",
      "last_name": "Wasserman",
      "permalink": "michael-wasserman"}}],
 "competitions":
  [],
 "providerships":
  [],
 "total_money_raised": "$0",
 "funding_rounds":
  [],
 "investments":
  [],
 "acquisition": null,
 "acquisitions":
  [],
 "offices":
  [],
 "milestones":
  [],
 "ipo": null,
 "video_embeds":
  [],
 "screenshots":
  [],
 "external_links":
  [],
 "partners":
  []}
