{"name": "Advanced Productivity Software",
 "permalink": "advanced-productivity-software",
 "crunchbase_url": "http://www.crunchbase.com/company/advanced-productivity-software",
 "homepage_url": "http://www.intapp.com/aps",
 "blog_url": "",
 "blog_feed_url": "",
 "twitter_username": null,
 "category_code": "software",
 "number_of_employees": null,
 "founded_year": null,
 "founded_month": null,
 "founded_day": null,
 "deadpooled_year": null,
 "deadpooled_month": null,
 "deadpooled_day": null,
 "deadpooled_url": null,
 "tag_list": "",
 "alias_list": "",
 "email_address": "support@apssoft.com",
 "phone_number": "770.998.9698",
 "description": "",
 "created_at": "Thu Jun 13 09:45:43 UTC 2013",
 "updated_at": "Thu Jun 13 09:45:43 UTC 2013",
 "overview": "\u003Cp\u003EAdvanced Productivity Software (APS), makers of DTE Axiom time entry software.\u003C/p\u003E",
 "image":
  {"available_sizes":
    [[[150,
       41],
      "http://api-images.crunchbase.com/assets/images/resized/0027/4708/274708v1-max-150x150.png"],
     [[250,
       68],
      "http://api-images.crunchbase.com/assets/images/resized/0027/4708/274708v1-max-250x250.png"],
     [[417,
       114],
      "http://api-images.crunchbase.com/assets/images/resized/0027/4708/274708v1-max-450x450.png"]],
   "attribution": null},
 "products":
  [],
 "relationships":
  [],
 "competitions":
  [],
 "providerships":
  [],
 "total_money_raised": "$0",
 "funding_rounds":
  [],
 "investments":
  [],
 "acquisition":
  {"price_amount": null,
   "price_currency_code": "USD",
   "term_code": null,
   "source_url": "http://www.law.com/jsp/lawtechnologynews/PubArticleLTN.jsp?id=1202603996994\u0026IntApp_Acquires_Makers_of_DTE_Axiom\u0026slreturn=20130513053324",
   "source_description": "IntApp Acquires Makers of DTE Axiom",
   "acquired_year": 2013,
   "acquired_month": 6,
   "acquired_day": 12,
   "acquiring_company":
    {"name": "Intapp",
     "permalink": "intapp"}},
 "acquisitions":
  [],
 "offices":
  [],
 "milestones":
  [],
 "ipo": null,
 "video_embeds":
  [],
 "screenshots":
  [],
 "external_links":
  [],
 "partners":
  []}
