{"name": "Adverticum",
 "permalink": "adverticum",
 "crunchbase_url": "http://www.crunchbase.com/company/adverticum",
 "homepage_url": "http://adverticum.com",
 "blog_url": "http://adserver.blog.hu/tags/adverticum",
 "blog_feed_url": "",
 "twitter_username": "adverticum",
 "category_code": "advertising",
 "number_of_employees": 21,
 "founded_year": 2001,
 "founded_month": 6,
 "founded_day": 11,
 "deadpooled_year": null,
 "deadpooled_month": null,
 "deadpooled_day": null,
 "deadpooled_url": null,
 "tag_list": "adserver, adserving, ad-operation",
 "alias_list": null,
 "email_address": "info@adverticum.com",
 "phone_number": "+3612483230",
 "description": "Ad-serving Company",
 "created_at": "Tue Jun 25 09:16:53 UTC 2013",
 "updated_at": "Tue Jun 25 21:16:54 UTC 2013",
 "overview": "\u003Cp\u003EAdverticum AdServer is an independent third party ad serving platform that helps managing your campaigns, optimizing your inventory and analyzing the results to maximize advertising revenue.\u003C/p\u003E\n\n\u003Cp\u003EHungary\u2019s market leader ad serving solution has more than 10 year-old professional experience and it serves 16 billion ads a month to the computer of almost 5 million internet users in Hungary, Slovakia, Serbia and Croatia.\u003C/p\u003E\n\n\u003Cp\u003EThe development of Adverticum AdServer works out by harmonizing global market trends and local client needs. Adverticum is engaged in providing great product support and in fulfilling unique needs of its clients flexibly.\u003C/p\u003E\n\n\u003Cp\u003EMain parameters:\u003C/p\u003E\n\n\u003Cp\u003EScalable pricing based on the usage, without fixed costs\nOnline access to the administration interface, no need to install any hardware or software component\nWeb, mobile and video campaigns are manageable on a joint interface\nMonitoring and managing the available inventory\nReal time statistics and campaign optimization\n99,5% Service Level Agreement\n0\u201324 support in English and Hungarian\u003C/p\u003E\n\n\u003Cp\u003ETargeting possibilities:\u003C/p\u003E\n\n\u003Cp\u003EGeoIP targeting\nUser database targeting (e.g. custom targeting for the media owner\u2019s user database)\nTargeting to mobile platforms\nConversion tracking\nM.O.R.E. (Marketing Optimization by Reactions of End-users) \u2013 retargeting, cross browser user tracking\u003C/p\u003E\n\n\u003Cp\u003ECreative formats:\u003C/p\u003E\n\n\u003Cp\u003EIAB standard display types\nIAB Rich Media Branding Units\nCustomized, uniquely developed own display template possibilities\u003C/p\u003E\n\n\u003Cp\u003EStatistics, campaign report:\u003C/p\u003E\n\n\u003Cp\u003EReal-time statistics\nReal time tracking of the campaign performance\nCampaign report (custom campaign with charts and diagrams)\u003C/p\u003E\n\n\u003Cp\u003EOther services:\u003C/p\u003E\n\n\u003Cp\u003EThird party campaign management\nPowerHosting\nAd operation consultation service\u003C/p\u003E",
 "image":
  {"available_sizes":
    [[[150,
       46],
      "http://api-images.crunchbase.com/assets/images/resized/0027/9773/279773v2-max-150x150.jpg"],
     [[250,
       77],
      "http://api-images.crunchbase.com/assets/images/resized/0027/9773/279773v2-max-250x250.jpg"],
     [[450,
       139],
      "http://api-images.crunchbase.com/assets/images/resized/0027/9773/279773v2-max-450x450.jpg"]],
   "attribution": null},
 "products":
  [{"name": "Adverticum Adserve",
    "permalink": "adverticum-adserve"},
   {"name": "Adverticum Adserver",
    "permalink": "adverticum-adserver"}],
 "relationships":
  [],
 "competitions":
  [],
 "providerships":
  [],
 "total_money_raised": "$0",
 "funding_rounds":
  [],
 "investments":
  [],
 "acquisition": null,
 "acquisitions":
  [],
 "offices":
  [{"description": "Budapest Office",
    "address1": "Ugron Gabor u 35",
    "address2": "",
    "zip_code": "1118",
    "city": "Budapest",
    "state_code": null,
    "country_code": "HUN",
    "latitude": null,
    "longitude": null}],
 "milestones":
  [],
 "ipo": null,
 "video_embeds":
  [],
 "screenshots":
  [],
 "external_links":
  [],
 "partners":
  []}
