{"name": "Adviva",
 "permalink": "adviva",
 "crunchbase_url": "http://www.crunchbase.com/company/adviva",
 "homepage_url": "http://www.specificmedia.com",
 "blog_url": "",
 "blog_feed_url": "",
 "twitter_username": null,
 "category_code": "advertising",
 "number_of_employees": null,
 "founded_year": null,
 "founded_month": null,
 "founded_day": null,
 "deadpooled_year": null,
 "deadpooled_month": null,
 "deadpooled_day": null,
 "deadpooled_url": null,
 "tag_list": "",
 "alias_list": "",
 "email_address": "",
 "phone_number": "",
 "description": "",
 "created_at": "Tue Jul 02 18:34:33 UTC 2013",
 "updated_at": "Tue Jul 02 18:39:15 UTC 2013",
 "overview": "\u003Cp\u003EWith operations in the UK, France, and Germany, Adviva is a premier online advertising network combining broad reach, technological solutions, and customer service support for its advertiser and publisher partners. The site claims to reach over 20 MM + unique visitors in the UK per month, as of March 2008. The company also offers behavioral targeting, content targeting, and keyword targeting solutions.\u003C/p\u003E",
 "image":
  {"available_sizes":
    [[[150,
       59],
      "http://api-images.crunchbase.com/assets/images/resized/0028/3245/283245v1-max-150x150.jpg"],
     [[250,
       99],
      "http://api-images.crunchbase.com/assets/images/resized/0028/3245/283245v1-max-250x250.jpg"],
     [[450,
       179],
      "http://api-images.crunchbase.com/assets/images/resized/0028/3245/283245v1-max-450x450.jpg"]],
   "attribution": null},
 "products":
  [],
 "relationships":
  [{"is_past": false,
    "title": "Director of Publishers",
    "person":
     {"first_name": "Katie",
      "last_name": "Collier",
      "permalink": "katie-collier"}},
   {"is_past": true,
    "title": "Co-Founder \u0026 CEO",
    "person":
     {"first_name": "Todd",
      "last_name": "Treusdell",
      "permalink": "todd-treusdell"}},
   {"is_past": true,
    "title": "Co-Founder, COO",
    "person":
     {"first_name": "Phil",
      "last_name": "Coote",
      "permalink": "phil-coote"}},
   {"is_past": true,
    "title": "VP Europe, Country Director, Germany",
    "person":
     {"first_name": "Rupert",
      "last_name": "Staines",
      "permalink": "rupert-staines"}},
   {"is_past": true,
    "title": "Financial Controller",
    "person":
     {"first_name": "Tania",
      "last_name": "Bruning",
      "permalink": "tania-bruning"}},
   {"is_past": true,
    "title": "Head of Product Management \u0026 Marketing",
    "person":
     {"first_name": "Tony",
      "last_name": "Laskar",
      "permalink": "tony-laskar"}},
   {"is_past": true,
    "title": "Head of Technology",
    "person":
     {"first_name": "Steve",
      "last_name": "McCartney",
      "permalink": "steve-mccartney"}},
   {"is_past": true,
    "title": "Director of Advertising",
    "person":
     {"first_name": "Virginia",
      "last_name": "Ammann",
      "permalink": "virginia-ammann"}}],
 "competitions":
  [],
 "providerships":
  [],
 "total_money_raised": "$0",
 "funding_rounds":
  [],
 "investments":
  [],
 "acquisition":
  {"price_amount": null,
   "price_currency_code": "USD",
   "term_code": null,
   "source_url": "http://www.adviva.com/news.php?article=34",
   "source_description": "",
   "acquired_year": 2008,
   "acquired_month": 3,
   "acquired_day": null,
   "acquiring_company":
    {"name": "Specific Media",
     "permalink": "specific-media"}},
 "acquisitions":
  [],
 "offices":
  [],
 "milestones":
  [],
 "ipo": null,
 "video_embeds":
  [],
 "screenshots":
  [],
 "external_links":
  [],
 "partners":
  []}
