{"name": "Adweart",
 "permalink": "adweart",
 "crunchbase_url": "http://www.crunchbase.com/company/adweart",
 "homepage_url": "http://adweart.com",
 "blog_url": "",
 "blog_feed_url": "",
 "twitter_username": "adweartcom",
 "category_code": "advertising",
 "number_of_employees": 2,
 "founded_year": 2013,
 "founded_month": 5,
 "founded_day": 13,
 "deadpooled_year": null,
 "deadpooled_month": null,
 "deadpooled_day": null,
 "deadpooled_url": null,
 "tag_list": "tshirt, advertisement, campaign, sponsored",
 "alias_list": null,
 "email_address": "info@adweart.com",
 "phone_number": "",
 "description": "The T-shirt advertisement platform",
 "created_at": "Thu Jun 13 04:52:18 UTC 2013",
 "updated_at": "Thu Jun 13 18:32:02 UTC 2013",
 "overview": "\u003Cp\u003EAdweart is an innovative online T-shirt advertisement platform, which wants to be a middleman between Advertiser and Wearer in order to make the campaign a way more efficient.\u003C/p\u003E\n\n\u003Cp\u003ETo accomplish this goal Adweart is present during the entire campaign, from selecting the best design based on the feedback of future Wearers, filtering the most valuable Wearers based on their location and interest through distributing the T-shirt globally and following the results on social media. Adweart even goes further by adding the opportunity to interact with the Wearers after they received the T-Shirt.\u003C/p\u003E\n\n\u003Cp\u003EOur vision is that everybody should find a T-shirt on Adweart which matches his or her lifestyle.\u003C/p\u003E",
 "image":
  {"available_sizes":
    [[[150,
       150],
      "http://api-images.crunchbase.com/assets/images/resized/0027/4608/274608v2-max-150x150.png"],
     [[180,
       180],
      "http://api-images.crunchbase.com/assets/images/resized/0027/4608/274608v2-max-250x250.png"],
     [[180,
       180],
      "http://api-images.crunchbase.com/assets/images/resized/0027/4608/274608v2-max-450x450.png"]],
   "attribution": null},
 "products":
  [],
 "relationships":
  [{"is_past": false,
    "title": "Founder",
    "person":
     {"first_name": "Balazs",
      "last_name": "Nagy",
      "permalink": "balazs-nagy"}},
   {"is_past": false,
    "title": "Founder",
    "person":
     {"first_name": "Attila",
      "last_name": "Incze",
      "permalink": "attila-incze"}}],
 "competitions":
  [{"competitor":
     {"name": "iwearyourshirt",
      "permalink": "iwearyourshirt"}}],
 "providerships":
  [],
 "total_money_raised": "$0",
 "funding_rounds":
  [],
 "investments":
  [],
 "acquisition": null,
 "acquisitions":
  [],
 "offices":
  [{"description": "Headquarter",
    "address1": "",
    "address2": "",
    "zip_code": "94043",
    "city": "Mountain View",
    "state_code": "CA",
    "country_code": "USA",
    "latitude": 37.428434,
    "longitude": -122.0723816}],
 "milestones":
  [],
 "ipo": null,
 "video_embeds":
  [],
 "screenshots":
  [{"available_sizes":
     [[[150,
        62],
       "http://api-images.crunchbase.com/assets/images/resized/0027/4607/274607v2-max-150x150.png"],
      [[250,
        104],
       "http://api-images.crunchbase.com/assets/images/resized/0027/4607/274607v2-max-250x250.png"],
      [[450,
        187],
       "http://api-images.crunchbase.com/assets/images/resized/0027/4607/274607v2-max-450x450.png"]],
    "attribution": null}],
 "external_links":
  [],
 "partners":
  []}
