{"name": "AECL",
 "permalink": "aecl",
 "crunchbase_url": "http://www.crunchbase.com/company/aecl",
 "homepage_url": null,
 "blog_url": null,
 "blog_feed_url": null,
 "twitter_username": null,
 "category_code": null,
 "number_of_employees": null,
 "founded_year": null,
 "founded_month": null,
 "founded_day": null,
 "deadpooled_year": null,
 "deadpooled_month": null,
 "deadpooled_day": null,
 "deadpooled_url": null,
 "tag_list": null,
 "alias_list": null,
 "email_address": null,
 "phone_number": null,
 "description": null,
 "created_at": "Mon Jun 17 10:00:57 UTC 2013",
 "updated_at": "Mon Jun 17 10:00:57 UTC 2013",
 "overview": null,
 "image": null,
 "products":
  [],
 "relationships":
  [{"is_past": true,
    "title": "Research Programmer",
    "person":
     {"first_name": "George",
      "last_name": "Papayiannis",
      "permalink": "george-papayiannis"}},
   {"is_past": true,
    "title": "Technical Support Specialist",
    "person":
     {"first_name": "Chong",
      "last_name": "Shen",
      "permalink": "chong-shen"}},
   {"is_past": true,
    "title": "Section Head - Control Systems Engineering",
    "person":
     {"first_name": "Raj",
      "last_name": "Verma",
      "permalink": "raj-verma"}}],
 "competitions":
  [],
 "providerships":
  [],
 "total_money_raised": "$0",
 "funding_rounds":
  [],
 "investments":
  [],
 "acquisition": null,
 "acquisitions":
  [],
 "offices":
  [],
 "milestones":
  [],
 "ipo": null,
 "video_embeds":
  [],
 "screenshots":
  [],
 "external_links":
  [],
 "partners":
  []}
