{"name": "aegypten-ausfluege.de",
 "permalink": "aegypten-ausfluege-de",
 "crunchbase_url": "http://www.crunchbase.com/company/aegypten-ausfluege-de",
 "homepage_url": "http://www.aegypten-ausfluege.de",
 "blog_url": "http://www.aegypten-ausfluege.de",
 "blog_feed_url": "http://www.aegypten-ausfluege.de",
 "twitter_username": null,
 "category_code": "other",
 "number_of_employees": null,
 "founded_year": 2010,
 "founded_month": 10,
 "founded_day": 14,
 "deadpooled_year": null,
 "deadpooled_month": null,
 "deadpooled_day": null,
 "deadpooled_url": null,
 "tag_list": "ihr-spezialist-fr-aegypten-ausfluege, gypten-touren, amp-aktivitten-online-buchen",
 "alias_list": null,
 "email_address": "ahmed@aegypten-ausfluege.de",
 "phone_number": "201013498777",
 "description": "aegypten-ausfluege.de",
 "created_at": "Fri Jun 21 00:26:37 UTC 2013",
 "updated_at": "Fri Jun 21 22:29:23 UTC 2013",
 "overview": "\u003Cp\u003EIhr Spezialist f\u00fcr aegypten ausfluege, \u00c4gypten Touren, \u0026amp;amp; Aktivit\u00e4ten online buchen\u003C/p\u003E\n\n\u003Cp\u003E\u00dcber uns :\n\u00c4gypten Ausfl\u00fcge  Reisen stellt sich selbst nicht nur als einer der ausgezeichneten Unternehmen im Online- Tourismus Bereich vor sondern auch  als einen Unternehmen, der eine gro\u00dfe Rolle bei der Entwicklung und  Verbesserung vom \u00e4gyptischen sowei internationalen touristischen Gebiet spielt.\u003C/p\u003E\n\n\u003Cp\u003E\u00c4gypten Ausfl\u00fcge gilt als Pionier im elektronischen Tourismus im Nahost und Afrika. Dar\u00fcber hinaus bieten wir Ihnen luxuri\u00f6se und zahlreiche Dienstleistungen, die allen Vorstellungen und W\u00fcnschen entsprechen.\u003C/p\u003E\n\n\u003Cp\u003E\u00c4gypten Ausl\u00fcge ist ein aktiver Mitglied in den folgenden Organisationen:\u003C/p\u003E\n\n\u003Cp\u003EThe Egyptian Travel Agent Association \u003C/p\u003E\n\n\u003Col\u003E\n\u003Cli\u003E\u003Cp\u003EWorld Tourism Organization \u003C/p\u003E\u003C/li\u003E\n\u003Cli\u003E\u003Cp\u003EThe American Society of Travel Agents \u003C/p\u003E\u003C/li\u003E\n\u003Cli\u003E\u003Cp\u003EThe International Association of Travel and Tourism \u003C/p\u003E\u003C/li\u003E\n\u003Cli\u003E\u003Cp\u003EThe International Organization for E \u2013 Tourism Industry \u0026lt; IOETI\u0026gt;\u003C/p\u003E\u003C/li\u003E\n\u003C/ol\u003E\n\n\u003Cp\u003EDer besondere Hintergrund ist bekannt f\u00fcr unsere Kunden , die unsere au\u00dfergew\u00f6hnlichen Service genie\u00dfen und auf unsere Reiseangebote zur\u00fcckgreifen.\u003C/p\u003E\n\n\u003Cp\u003E\u00c4gypten Ausfl\u00fcges Management und Mitarbeiter haben ausgezeichnete Erfahrung in diesem Bereich.  Sie sind gut ausgebildet  hoch qualifiziert und k\u00f6nnen flie\u00dfend Deutsch sprechen.\u003C/p\u003E\n\n\u003Cp\u003EIn unserem Reiseb\u00fcro besteht die M\u00f6glichkeit  der Buchung von :\u003C/p\u003E\n\n\u003Cp\u003ETagesausfl\u00fcge ab Sharm/ Hurghada/ Kairo/ Luor/ Assuan und die alle St\u00f6dten \u00c4gyptens\nLandesausfl\u00fcge ab verschiedenen H\u00e4fen \u00c4gyptens\nW\u00fcstensafari\nTransfers\nHotelreservierung\nNilkreuzfahrten zwischen Luxor und Assuan\nNasserseekreuzfahrt zwischen Assuan und Abu Simbel\nBadeurlaube\nPauschalreisen\nGruppenreisen\nPrivatereisen\nPreisg\u00fcnstigereisen\nKulturreisen\nFalls Sie andere Ausfl\u00fcge, au\u00dferhalb unseres Programms, unternehmen wollen, \u00fcbernehmen wir gerne f\u00fcr Sie die Organisation und sorgen daf\u00fcr, dass Sie einen unvergesslichen Urlaub erleben und genie\u00dfen k\u00f6nnen. \u003C/p\u003E\n\n\u003Cp\u003EWenn Sie also demn\u00e4chst eine Urlaubsreise planen oder eine  preisg\u00fcnstige und moderne Unterkunft suchen, schauen Sie einfach bei uns herein. Beim Team von \u00c4gypten Ausfl\u00fcges  Reiseb\u00fcro  sind Sie jederzeit gut beraten.\u003C/p\u003E\n\n\u003Cp\u003EBei uns k\u00f6nnen Sie Reisetr\u00e4ume buchen. F\u00fcr uns ist es wichtig, dass Sie Ihre Reise von Anfang an genie\u00dfen. Wir sind Ihr Reisepartner vor, w\u00e4hrend und nach der Reise. Ihre Zufriedenheit ist unsere h\u00f6chste Periorit\u00e4t.\u003C/p\u003E",
 "image":
  {"available_sizes":
    [[[150,
       105],
      "http://api-images.crunchbase.com/assets/images/resized/0027/8051/278051v2-max-150x150.jpg"],
     [[250,
       176],
      "http://api-images.crunchbase.com/assets/images/resized/0027/8051/278051v2-max-250x250.jpg"],
     [[445,
       314],
      "http://api-images.crunchbase.com/assets/images/resized/0027/8051/278051v2-max-450x450.jpg"]],
   "attribution": null},
 "products":
  [],
 "relationships":
  [],
 "competitions":
  [],
 "providerships":
  [],
 "total_money_raised": "$0",
 "funding_rounds":
  [],
 "investments":
  [],
 "acquisition": null,
 "acquisitions":
  [],
 "offices":
  [{"description": "aegypten ausfluege",
    "address1": "19.cairo",
    "address2": "",
    "zip_code": "55478",
    "city": "kairo",
    "state_code": "AK",
    "country_code": "EGY",
    "latitude": null,
    "longitude": null}],
 "milestones":
  [],
 "ipo": null,
 "video_embeds":
  [],
 "screenshots":
  [],
 "external_links":
  [],
 "partners":
  []}
