{"name": "AEOLUS PHARMACEUTICALS",
 "permalink": "aeolus-pharmaceuticals",
 "crunchbase_url": "http://www.crunchbase.com/company/aeolus-pharmaceuticals",
 "homepage_url": "http://www.aolsrx.com",
 "blog_url": "",
 "blog_feed_url": "",
 "twitter_username": null,
 "category_code": "biotech",
 "number_of_employees": null,
 "founded_year": 1994,
 "founded_month": null,
 "founded_day": null,
 "deadpooled_year": null,
 "deadpooled_month": null,
 "deadpooled_day": null,
 "deadpooled_url": null,
 "tag_list": "",
 "alias_list": "",
 "email_address": "",
 "phone_number": "9494819825",
 "description": "",
 "created_at": "Mon Jun 17 10:17:10 UTC 2013",
 "updated_at": "Mon Apr 07 04:48:23 UTC 2014",
 "overview": "\u003Cp\u003EAeolus Pharmaceuticals, Inc. is developing its lead compound, AEOL-10150, as a treatment for the pulmonary and delayed effects of acute radiation exposure (\u201cLung-ARS\u201d and \u201cDEARE\u201d).  The Company\u2019s development work is funded under a five year, $118 million, cost-plus contract with the Biomedical Advanced Research and Development Authority (\u201cBARDA\u201d), a division of the U.S. Department of Health and Human Services.  BARDA is the Federal agency in charge of contracting for advanced development of drugs to treat radiological, biological and chemical threats for the civilian population.  BARDA also manages the $2.8BB Special Reserve Fund for the purchase of these drugs for the U.S. Strategic National Stockpile.\u003C/p\u003E",
 "image":
  {"available_sizes":
    [[[150,
       41],
      "http://api-images.crunchbase.com/assets/images/resized/0037/4133/374133v1-max-150x150.png"],
     [[180,
       50],
      "http://api-images.crunchbase.com/assets/images/resized/0037/4133/374133v1-max-250x250.png"],
     [[180,
       50],
      "http://api-images.crunchbase.com/assets/images/resized/0037/4133/374133v1-max-450x450.png"]],
   "attribution": null},
 "products":
  [],
 "relationships":
  [{"is_past": false,
    "title": "CEO",
    "person":
     {"first_name": "John",
      "last_name": "L. McManus",
      "permalink": "john-l-mcmanus"}},
   {"is_past": false,
    "title": "Chief Scientific Officer",
    "person":
     {"first_name": "Brian",
      "last_name": "Day",
      "permalink": "brian-day-2"}},
   {"is_past": false,
    "title": "VP, Operations",
    "person":
     {"first_name": "Christopher",
      "last_name": "Stanley",
      "permalink": "christopher-stanley-2"}},
   {"is_past": true,
    "title": "Board of Directors",
    "person":
     {"first_name": "Joseph",
      "last_name": "J. Krivulka",
      "permalink": "joseph-j-krivulka"}}],
 "competitions":
  [],
 "providerships":
  [],
 "total_money_raised": "$11.8M",
 "funding_rounds":
  [{"id": 40032,
    "round_code": "unattributed",
    "source_url": "http://www.sec.gov/Archives/edgar/data/1261734/000155666313000001/xslFormDX01/primary_doc.xml",
    "source_description": "SEC",
    "raised_amount": 3615500.0,
    "raised_currency_code": "USD",
    "funded_year": 2013,
    "funded_month": 3,
    "funded_day": 5,
    "investments":
     []},
   {"id": 46584,
    "round_code": "unattributed",
    "source_url": "http://www.sec.gov/Archives/edgar/data/1261734/000144856512000004/xslFormDX01/primary_doc.xml",
    "source_description": "SEC",
    "raised_amount": 690050.0,
    "raised_currency_code": "USD",
    "funded_year": 2012,
    "funded_month": 4,
    "funded_day": 18,
    "investments":
     []},
   {"id": 59135,
    "round_code": "partial",
    "source_url": "http://www.sec.gov/Archives/edgar/data/1261734/000126173410000003/xslFormDX01/primary_doc.xml",
    "source_description": "SEC",
    "raised_amount": 1000000.0,
    "raised_currency_code": "USD",
    "funded_year": 2010,
    "funded_month": 8,
    "funded_day": 11,
    "investments":
     []},
   {"id": 59173,
    "round_code": "unattributed",
    "source_url": "http://www.sec.gov/Archives/edgar/data/1261734/000126173410000002/xslFormDX01/primary_doc.xml",
    "source_description": "SEC",
    "raised_amount": 3300000.0,
    "raised_currency_code": "USD",
    "funded_year": 2010,
    "funded_month": 8,
    "funded_day": 9,
    "investments":
     []},
   {"id": 64251,
    "round_code": "unattributed",
    "source_url": "http://www.sec.gov/Archives/edgar/data/1261734/000126173409000017/xslFormDX01/primary_doc.xml",
    "source_description": "SEC",
    "raised_amount": 1500000.0,
    "raised_currency_code": "USD",
    "funded_year": 2009,
    "funded_month": 4,
    "funded_day": 6,
    "investments":
     []},
   {"id": 69068,
    "round_code": "partial",
    "source_url": "http://www.sec.gov/Archives/edgar/data/1261734/000126173409000030/xslFormDX01/primary_doc.xml",
    "source_description": "SEC",
    "raised_amount": 1650000.0,
    "raised_currency_code": "USD",
    "funded_year": 2009,
    "funded_month": 10,
    "funded_day": 6,
    "investments":
     []}],
 "investments":
  [],
 "acquisition": null,
 "acquisitions":
  [],
 "offices":
  [{"description": "",
    "address1": "26361 Crown valley Parkway. Suite 150",
    "address2": "",
    "zip_code": "92691",
    "city": "Mission viejo",
    "state_code": "CA",
    "country_code": "USA",
    "latitude": null,
    "longitude": null}],
 "milestones":
  [],
 "ipo": null,
 "video_embeds":
  [],
 "screenshots":
  [{"available_sizes":
     [[[150,
        69],
       "http://api-images.crunchbase.com/assets/images/resized/0027/5986/275986v1-max-150x150.png"],
      [[250,
        115],
       "http://api-images.crunchbase.com/assets/images/resized/0027/5986/275986v1-max-250x250.png"],
      [[450,
        207],
       "http://api-images.crunchbase.com/assets/images/resized/0027/5986/275986v1-max-450x450.png"]],
    "attribution": null}],
 "external_links":
  [],
 "partners":
  []}
