{"name": "Affordable Ceiling Storage Racks",
 "permalink": "affordable-ceiling-storage-racks",
 "crunchbase_url": "http://www.crunchbase.com/company/affordable-ceiling-storage-racks",
 "homepage_url": "http://www.arizonagaragestorageservices.com",
 "blog_url": "",
 "blog_feed_url": "",
 "twitter_username": "ACSRarizona",
 "category_code": "other",
 "number_of_employees": null,
 "founded_year": null,
 "founded_month": null,
 "founded_day": null,
 "deadpooled_year": null,
 "deadpooled_month": null,
 "deadpooled_day": null,
 "deadpooled_url": null,
 "tag_list": "arizona-garage-cabinets, mesa-garage-storage, arizona-garage-ceiling-racks",
 "alias_list": null,
 "email_address": "acsrarizona@gmail.com",
 "phone_number": "(480) 452-5418",
 "description": "Affordable Ceiling Storage Racks",
 "created_at": "Thu Jun 13 10:06:03 UTC 2013",
 "updated_at": "Thu Jun 13 18:33:00 UTC 2013",
 "overview": "\u003Cp\u003EAre you tired of having a cluttered garage? Want to park your car in the garage again, and get it out of the sun? Use the space you already have; your ceiling! Or are you paying to have your items stored somewhere else? Get them back and in your garage!\u003C/p\u003E",
 "image":
  {"available_sizes":
    [[[150,
       39],
      "http://api-images.crunchbase.com/assets/images/resized/0027/4722/274722v2-max-150x150.jpg"],
     [[250,
       66],
      "http://api-images.crunchbase.com/assets/images/resized/0027/4722/274722v2-max-250x250.jpg"],
     [[353,
       94],
      "http://api-images.crunchbase.com/assets/images/resized/0027/4722/274722v2-max-450x450.jpg"]],
   "attribution": null},
 "products":
  [],
 "relationships":
  [],
 "competitions":
  [],
 "providerships":
  [],
 "total_money_raised": "$0",
 "funding_rounds":
  [],
 "investments":
  [],
 "acquisition": null,
 "acquisitions":
  [],
 "offices":
  [],
 "milestones":
  [],
 "ipo": null,
 "video_embeds":
  [],
 "screenshots":
  [],
 "external_links":
  [],
 "partners":
  []}
