{"name": "Affymetrix",
 "permalink": "affymetrix",
 "crunchbase_url": "http://www.crunchbase.com/company/affymetrix",
 "homepage_url": "http://affymetrix.com",
 "blog_url": "",
 "blog_feed_url": "",
 "twitter_username": "Affymetrix",
 "category_code": "biotech",
 "number_of_employees": null,
 "founded_year": 1991,
 "founded_month": null,
 "founded_day": null,
 "deadpooled_year": null,
 "deadpooled_month": null,
 "deadpooled_day": null,
 "deadpooled_url": null,
 "tag_list": null,
 "alias_list": "",
 "email_address": "",
 "phone_number": "1 408-731-5000",
 "description": "",
 "created_at": "Fri Jun 21 10:06:19 UTC 2013",
 "updated_at": "Tue Oct 22 03:34:33 UTC 2013",
 "overview": "\u003Cp\u003EAffymetrix now develops and provides innovative technologies that enable multiplex and parallel analysis of biological systems at the cell, protein, and gene level, facilitating the rapid translation of results into biology for a better world.\u003C/p\u003E",
 "image":
  {"available_sizes":
    [[[150,
       37],
      "http://api-images.crunchbase.com/assets/images/resized/0034/5558/345558v1-max-150x150.png"],
     [[250,
       62],
      "http://api-images.crunchbase.com/assets/images/resized/0034/5558/345558v1-max-250x250.png"],
     [[260,
       65],
      "http://api-images.crunchbase.com/assets/images/resized/0034/5558/345558v1-max-450x450.png"]],
   "attribution": null},
 "products":
  [],
 "relationships":
  [{"is_past": false,
    "title": "President \u0026 CEO",
    "person":
     {"first_name": "Frank",
      "last_name": "Witney",
      "permalink": "frank-witney"}},
   {"is_past": false,
    "title": "Vice President",
    "person":
     {"first_name": "Peter",
      "last_name": "Honkanen",
      "permalink": "peter-honkanen"}},
   {"is_past": false,
    "title": "Board Director",
    "person":
     {"first_name": "Nelson",
      "last_name": "Chan",
      "permalink": "nelson-chan"}},
   {"is_past": false,
    "title": "Board of Directors",
    "person":
     {"first_name": "John",
      "last_name": "D. Diekman",
      "permalink": "john-d-diekman"}},
   {"is_past": false,
    "title": "Board Director",
    "person":
     {"first_name": "John",
      "last_name": "A. Young",
      "permalink": "john-young-3"}},
   {"is_past": true,
    "title": "Chairman of the Board / CEO",
    "person":
     {"first_name": "John",
      "last_name": "D. Diekman",
      "permalink": "john-d-diekman"}},
   {"is_past": true,
    "title": "President and CEO",
    "person":
     {"first_name": "Kevin",
      "last_name": "King",
      "permalink": "kevin-king-2"}},
   {"is_past": true,
    "title": "Founder/CEO",
    "person":
     {"first_name": "David",
      "last_name": "B. Singer",
      "permalink": "david-b-singer"}},
   {"is_past": true,
    "title": "Chief Medical Officer",
    "person":
     {"first_name": "Richard",
      "last_name": "D. Hockett",
      "permalink": "richard-d-hockett"}},
   {"is_past": true,
    "title": "VP / Chief Corporate Counsel",
    "person":
     {"first_name": "Mark",
      "last_name": "Solakian",
      "permalink": "mark-solakian"}},
   {"is_past": true,
    "title": "SVP / CFO",
    "person":
     {"first_name": "Ed",
      "last_name": "Hurwitz",
      "permalink": "ed-hurwitz"}},
   {"is_past": true,
    "title": "EVP \u0026 CFO",
    "person":
     {"first_name": "John",
      "last_name": "Batty",
      "permalink": "john-batty"}},
   {"is_past": true,
    "title": "Senior Vice President for the Molecular Diagnostics Division",
    "person":
     {"first_name": "Noel",
      "last_name": "Doheny",
      "permalink": "noel-doheny"}},
   {"is_past": true,
    "title": "Vice President",
    "person":
     {"first_name": "Chris",
      "last_name": "Parker",
      "permalink": "chris-parker"}},
   {"is_past": true,
    "title": "Vice President, Research and Development",
    "person":
     {"first_name": "Janet",
      "last_name": "A. Warrington",
      "permalink": "janet-a-warrington"}},
   {"is_past": true,
    "title": "Vice President, Licensing",
    "person":
     {"first_name": "Alan",
      "last_name": "Sherr",
      "permalink": "alan-sherr"}},
   {"is_past": true,
    "title": "VP Molecular Diagnostics",
    "person":
     {"first_name": "Dr.",
      "last_name": "Dirk Lammerts",
      "permalink": "dr-dirk-lammerts"}},
   {"is_past": true,
    "title": "SVP; Commercial Operations",
    "person":
     {"first_name": "Jason",
      "last_name": "Gammack",
      "permalink": "jason-gammack"}},
   {"is_past": true,
    "title": "VP, Oncology Technology Research",
    "person":
     {"first_name": "Malek",
      "last_name": "Faham",
      "permalink": "malek-faham"}},
   {"is_past": true,
    "title": "VP Operations and Quality",
    "person":
     {"first_name": "Pam",
      "last_name": "Delucchi",
      "permalink": "pam-delucchi"}},
   {"is_past": true,
    "title": "Account Executive",
    "person":
     {"first_name": "Neil",
      "last_name": "Kennedy",
      "permalink": "neil-kennedy"}},
   {"is_past": true,
    "title": "Clinical Market Development Manager",
    "person":
     {"first_name": "Mike",
      "last_name": "Hoerres",
      "permalink": "mike-hoerres"}},
   {"is_past": true,
    "title": "Sales / Business Development",
    "person":
     {"first_name": "Jake",
      "last_name": "Leschly",
      "permalink": "jake-leschly"}},
   {"is_past": true,
    "title": "SVP, Research \u0026 Development",
    "person":
     {"first_name": "Martin",
      "last_name": "Goldberg",
      "permalink": "martin-goldberg"}},
   {"is_past": true,
    "title": "Head of Cancer Biology",
    "person":
     {"first_name": "David",
      "last_name": "Mack",
      "permalink": "david-mack-ph-d"}},
   {"is_past": true,
    "title": "Product Development Groups",
    "person":
     {"first_name": "Al",
      "last_name": "Bukys",
      "permalink": "al-bukys"}},
   {"is_past": true,
    "title": "Director of Strategic Business Development and Translational Medicine Sales",
    "person":
     {"first_name": "Fredrick",
      "last_name": "Pollock",
      "permalink": "fredrick-pollock"}},
   {"is_past": true,
    "title": "Senior Director",
    "person":
     {"first_name": "Giulia",
      "last_name": "C. Kennedy",
      "permalink": "giulia-c-kennedy"}},
   {"is_past": true,
    "title": "Finance Director in R\u0026D",
    "person":
     {"first_name": "Matthew",
      "last_name": "Garrett",
      "permalink": "matthew-garrett"}},
   {"is_past": true,
    "title": "Associate Director",
    "person":
     {"first_name": "Hossein",
      "last_name": "Fakhrai-Rad",
      "permalink": "hossein-fakhrai-rad"}},
   {"is_past": true,
    "title": "Genetic Research",
    "person":
     {"first_name": "Mark",
      "last_name": "Jones",
      "permalink": "mark-jones-3"}},
   {"is_past": true,
    "title": "Independent Consultant",
    "person":
     {"first_name": "Richard",
      "last_name": "D. Hockett",
      "permalink": "richard-d-hockett"}},
   {"is_past": true,
    "title": "",
    "person":
     {"first_name": "Lauretta",
      "last_name": "Cesario",
      "permalink": "lauretta-cesario"}}],
 "competitions":
  [],
 "providerships":
  [],
 "total_money_raised": "$0",
 "funding_rounds":
  [],
 "investments":
  [],
 "acquisition": null,
 "acquisitions":
  [],
 "offices":
  [{"description": "",
    "address1": "3420 Central Expressway",
    "address2": "",
    "zip_code": "95051",
    "city": "Santa Clara",
    "state_code": "CA",
    "country_code": "USA",
    "latitude": null,
    "longitude": null}],
 "milestones":
  [],
 "ipo": null,
 "video_embeds":
  [],
 "screenshots":
  [{"available_sizes":
     [[[150,
        84],
       "http://api-images.crunchbase.com/assets/images/resized/0034/5564/345564v1-max-150x150.png"],
      [[250,
        140],
       "http://api-images.crunchbase.com/assets/images/resized/0034/5564/345564v1-max-250x250.png"],
      [[450,
        252],
       "http://api-images.crunchbase.com/assets/images/resized/0034/5564/345564v1-max-450x450.png"]],
    "attribution": null}],
 "external_links":
  [],
 "partners":
  []}
