{"name": "African Centre for Mobile Financial Inclusion",
 "permalink": "african-centre-for-mobile-financial-inclusion",
 "crunchbase_url": "http://www.crunchbase.com/company/african-centre-for-mobile-financial-inclusion",
 "homepage_url": null,
 "blog_url": null,
 "blog_feed_url": null,
 "twitter_username": null,
 "category_code": null,
 "number_of_employees": null,
 "founded_year": null,
 "founded_month": null,
 "founded_day": null,
 "deadpooled_year": null,
 "deadpooled_month": null,
 "deadpooled_day": null,
 "deadpooled_url": null,
 "tag_list": null,
 "alias_list": null,
 "email_address": null,
 "phone_number": null,
 "description": null,
 "created_at": "Sun Jun 09 06:28:36 UTC 2013",
 "updated_at": "Sun Jun 09 06:28:36 UTC 2013",
 "overview": null,
 "image": null,
 "products":
  [],
 "relationships":
  [{"is_past": true,
    "title": "Board Member",
    "person":
     {"first_name": "Jeppe",
      "last_name": "Dorff",
      "permalink": "jeppe-dorff"}}],
 "competitions":
  [],
 "providerships":
  [],
 "total_money_raised": "$0",
 "funding_rounds":
  [],
 "investments":
  [],
 "acquisition": null,
 "acquisitions":
  [],
 "offices":
  [],
 "milestones":
  [],
 "ipo": null,
 "video_embeds":
  [],
 "screenshots":
  [],
 "external_links":
  [],
 "partners":
  []}
