{"name": "AGA Medical",
 "permalink": "aga-medical",
 "crunchbase_url": "http://www.crunchbase.com/company/aga-medical",
 "homepage_url": null,
 "blog_url": null,
 "blog_feed_url": null,
 "twitter_username": null,
 "category_code": null,
 "number_of_employees": null,
 "founded_year": null,
 "founded_month": null,
 "founded_day": null,
 "deadpooled_year": null,
 "deadpooled_month": null,
 "deadpooled_day": null,
 "deadpooled_url": null,
 "tag_list": null,
 "alias_list": null,
 "email_address": null,
 "phone_number": null,
 "description": null,
 "created_at": "Tue Jun 18 06:09:55 UTC 2013",
 "updated_at": "Tue Jun 18 06:09:55 UTC 2013",
 "overview": null,
 "image": null,
 "products":
  [],
 "relationships":
  [{"is_past": true,
    "title": "Founder and CEO",
    "person":
     {"first_name": "Franck",
      "last_name": "Gougeon",
      "permalink": "franck-gougeon"}},
   {"is_past": true,
    "title": "Global VP of Sales and Marketing",
    "person":
     {"first_name": "Jack",
      "last_name": "Darby",
      "permalink": "jack-darby"}},
   {"is_past": true,
    "title": "Vice President of Research and Development",
    "person":
     {"first_name": "Brooke",
      "last_name": "Ren",
      "permalink": "brooke-ren"}},
   {"is_past": true,
    "title": "Board Positions",
    "person":
     {"first_name": "Daniel",
      "last_name": "Pelak",
      "permalink": "daniel-pelak"}},
   {"is_past": true,
    "title": "Research \u0026 Development and Manufacturing",
    "person":
     {"first_name": "Tim",
      "last_name": "Byland",
      "permalink": "tim-byland"}}],
 "competitions":
  [],
 "providerships":
  [],
 "total_money_raised": "$0",
 "funding_rounds":
  [],
 "investments":
  [],
 "acquisition": null,
 "acquisitions":
  [],
 "offices":
  [],
 "milestones":
  [],
 "ipo": null,
 "video_embeds":
  [],
 "screenshots":
  [],
 "external_links":
  [],
 "partners":
  []}
