{"name": "Agencio Digital",
 "permalink": "agencio-digital",
 "crunchbase_url": "http://www.crunchbase.com/company/agencio-digital",
 "homepage_url": "http://www.agenciodigital.com",
 "blog_url": "http://www.agenciodigital.com/blog/",
 "blog_feed_url": "http://www.agenciodigital.com/feed/",
 "twitter_username": "agenciodigital",
 "category_code": "consulting",
 "number_of_employees": null,
 "founded_year": 2013,
 "founded_month": null,
 "founded_day": null,
 "deadpooled_year": null,
 "deadpooled_month": null,
 "deadpooled_day": null,
 "deadpooled_url": null,
 "tag_list": "digital-marketing, online-marketing, seo, sem, web-analytics, conversion-optimization",
 "alias_list": null,
 "email_address": "",
 "phone_number": "",
 "description": "Digital Marketing Agency",
 "created_at": "Mon Jul 01 04:37:59 UTC 2013",
 "updated_at": "Mon Jul 01 19:38:39 UTC 2013",
 "overview": "\u003Cp\u003EAgencio Digital is a digital marketing agency that specializes in search engine marketing (SEM), search engine optimization (SEO), conversion optimization \u0026amp; digital marketing strategy. Agencio Digital has helped improve ecommerce and lead generation results for B2B, tourism and technology clients.\u003C/p\u003E",
 "image":
  {"available_sizes":
    [[[100,
       60],
      "http://api-images.crunchbase.com/assets/images/resized/0028/2287/282287v2-max-150x150.jpg"],
     [[100,
       60],
      "http://api-images.crunchbase.com/assets/images/resized/0028/2287/282287v2-max-250x250.jpg"],
     [[100,
       60],
      "http://api-images.crunchbase.com/assets/images/resized/0028/2287/282287v2-max-450x450.jpg"]],
   "attribution": null},
 "products":
  [],
 "relationships":
  [],
 "competitions":
  [],
 "providerships":
  [],
 "total_money_raised": "$0",
 "funding_rounds":
  [],
 "investments":
  [],
 "acquisition": null,
 "acquisitions":
  [],
 "offices":
  [],
 "milestones":
  [],
 "ipo": null,
 "video_embeds":
  [],
 "screenshots":
  [],
 "external_links":
  [],
 "partners":
  []}
