{"name": "Agenda Net Marketing Pvt. Ltd.",
 "permalink": "agenda-net-marketing-pvt-ltd",
 "crunchbase_url": "http://www.crunchbase.com/company/agenda-net-marketing-pvt-ltd",
 "homepage_url": null,
 "blog_url": null,
 "blog_feed_url": null,
 "twitter_username": null,
 "category_code": null,
 "number_of_employees": null,
 "founded_year": null,
 "founded_month": null,
 "founded_day": null,
 "deadpooled_year": null,
 "deadpooled_month": null,
 "deadpooled_day": null,
 "deadpooled_url": null,
 "tag_list": null,
 "alias_list": null,
 "email_address": null,
 "phone_number": null,
 "description": null,
 "created_at": "Thu Jun 13 06:17:19 UTC 2013",
 "updated_at": "Thu Jun 13 06:17:19 UTC 2013",
 "overview": null,
 "image": null,
 "products":
  [],
 "relationships":
  [{"is_past": true,
    "title": "Chief Technology Officer",
    "person":
     {"first_name": "Rajendran",
      "last_name": "Dandapani",
      "permalink": "rajendran-dandapani"}}],
 "competitions":
  [],
 "providerships":
  [],
 "total_money_raised": "$0",
 "funding_rounds":
  [],
 "investments":
  [],
 "acquisition": null,
 "acquisitions":
  [],
 "offices":
  [],
 "milestones":
  [],
 "ipo": null,
 "video_embeds":
  [],
 "screenshots":
  [],
 "external_links":
  [],
 "partners":
  []}
