{"name": "AGF Private Equity",
 "permalink": "agf-private-equity",
 "crunchbase_url": "http://www.crunchbase.com/company/agf-private-equity",
 "homepage_url": null,
 "blog_url": null,
 "blog_feed_url": null,
 "twitter_username": null,
 "category_code": null,
 "number_of_employees": null,
 "founded_year": null,
 "founded_month": null,
 "founded_day": null,
 "deadpooled_year": null,
 "deadpooled_month": null,
 "deadpooled_day": null,
 "deadpooled_url": null,
 "tag_list": null,
 "alias_list": null,
 "email_address": null,
 "phone_number": null,
 "description": null,
 "created_at": "Mon Jun 17 06:03:51 UTC 2013",
 "updated_at": "Mon Jun 17 06:03:51 UTC 2013",
 "overview": null,
 "image": null,
 "products":
  [],
 "relationships":
  [{"is_past": false,
    "title": "CEO",
    "person":
     {"first_name": "Antoine",
      "last_name": "Valdes",
      "permalink": "antoine-valdes"}},
   {"is_past": false,
    "title": "",
    "person":
     {"first_name": "Nicolas",
      "last_name": "Nedelec",
      "permalink": "nicolas-nedelec"}},
   {"is_past": true,
    "title": "investment activity",
    "person":
     {"first_name": "R\u00e9mi",
      "last_name": "Droller",
      "permalink": "rmi-droller"}},
   {"is_past": true,
    "title": "Investment Director",
    "person":
     {"first_name": "Fran\u00e7ois",
      "last_name": "Lacoste",
      "permalink": "franois-lacoste"}},
   {"is_past": true,
    "title": "Board of Director",
    "person":
     {"first_name": "Alain",
      "last_name": "Munoz",
      "permalink": "alain-munoz-2"}},
   {"is_past": true,
    "title": "Investment Director",
    "person":
     {"first_name": "Jean-Philippe",
      "last_name": "Boige",
      "permalink": "jean-philippe-boige"}},
   {"is_past": true,
    "title": "Head of Transaction Group Fund of funds activity",
    "person":
     {"first_name": "Nicolas",
      "last_name": "de Loiray",
      "permalink": "nicolas-de-loiray"}}],
 "competitions":
  [],
 "providerships":
  [],
 "total_money_raised": "$0",
 "funding_rounds":
  [],
 "investments":
  [],
 "acquisition": null,
 "acquisitions":
  [],
 "offices":
  [],
 "milestones":
  [],
 "ipo": null,
 "video_embeds":
  [],
 "screenshots":
  [],
 "external_links":
  [],
 "partners":
  []}
