{"name": "Agilitec IT",
 "permalink": "agilitec-it",
 "crunchbase_url": "http://www.crunchbase.com/company/agilitec-it",
 "homepage_url": "http://www.agilitec.com",
 "blog_url": "",
 "blog_feed_url": "",
 "twitter_username": null,
 "category_code": "other",
 "number_of_employees": null,
 "founded_year": null,
 "founded_month": null,
 "founded_day": null,
 "deadpooled_year": null,
 "deadpooled_month": null,
 "deadpooled_day": null,
 "deadpooled_url": null,
 "tag_list": "",
 "alias_list": null,
 "email_address": "support@agilitec.com",
 "phone_number": "(702) 425-3658",
 "description": "IT Support",
 "created_at": "Wed Jun 26 20:59:00 UTC 2013",
 "updated_at": "Thu Jun 27 20:25:51 UTC 2013",
 "overview": "\u003Cp\u003EAgilitec IT is your source for business IT support, networking, phone systems, and computer security and repair. Call or stop in today for a complimentary estimate!\u003C/p\u003E",
 "image": null,
 "products":
  [],
 "relationships":
  [],
 "competitions":
  [],
 "providerships":
  [],
 "total_money_raised": "$0",
 "funding_rounds":
  [],
 "investments":
  [],
 "acquisition": null,
 "acquisitions":
  [],
 "offices":
  [{"description": "",
    "address1": "7220 S Cimarron Rd Ste 150",
    "address2": "",
    "zip_code": "89113",
    "city": "Las Vegas",
    "state_code": "NV",
    "country_code": "USA",
    "latitude": null,
    "longitude": null}],
 "milestones":
  [],
 "ipo": null,
 "video_embeds":
  [],
 "screenshots":
  [],
 "external_links":
  [],
 "partners":
  []}
