{"name": "Agile Health",
 "permalink": "agile-health",
 "crunchbase_url": "http://www.crunchbase.com/company/agile-health",
 "homepage_url": "http://www.agilehealth.com",
 "blog_url": "",
 "blog_feed_url": "",
 "twitter_username": null,
 "category_code": "health",
 "number_of_employees": null,
 "founded_year": 2011,
 "founded_month": null,
 "founded_day": null,
 "deadpooled_year": null,
 "deadpooled_month": null,
 "deadpooled_day": null,
 "deadpooled_url": null,
 "tag_list": "",
 "alias_list": "",
 "email_address": "",
 "phone_number": "615-522-5006",
 "description": "",
 "created_at": "Tue Jul 02 13:59:19 UTC 2013",
 "updated_at": "Tue Jul 02 14:00:11 UTC 2013",
 "overview": "\u003Cp\u003EAgile Health, Inc. provides personal health engagement solutions. It offers Kick Buts, a text-based engagement program that sends smokers who are trying to quit a series of structured text messages on their mobile phones for 26 weeks. The company was founded in 2011 and is based in Nashville, Tennessee.\u003C/p\u003E",
 "image": null,
 "products":
  [],
 "relationships":
  [{"is_past": false,
    "title": "Chief Executive Officer",
    "person":
     {"first_name": "Gary",
      "last_name": "Slagle",
      "permalink": "gary-slagle"}},
   {"is_past": false,
    "title": "President",
    "person":
     {"first_name": "Scott",
      "last_name": "Werntz",
      "permalink": "scott-werntz"}}],
 "competitions":
  [],
 "providerships":
  [],
 "total_money_raised": "$2M",
 "funding_rounds":
  [{"id": 41383,
    "round_code": "seed",
    "source_url": "http://www.sec.gov/Archives/edgar/data/1556492/000155649212000001/xslFormDX01/primary_doc.xml",
    "source_description": "SEC",
    "raised_amount": 2000000.0,
    "raised_currency_code": "USD",
    "funded_year": 2012,
    "funded_month": 8,
    "funded_day": 22,
    "investments":
     []}],
 "investments":
  [],
 "acquisition": null,
 "acquisitions":
  [],
 "offices":
  [{"description": "",
    "address1": "3200 West End Avenue",
    "address2": "Suite 500",
    "zip_code": "37203",
    "city": "Nashville",
    "state_code": "TN",
    "country_code": "USA",
    "latitude": null,
    "longitude": null}],
 "milestones":
  [],
 "ipo": null,
 "video_embeds":
  [],
 "screenshots":
  [],
 "external_links":
  [],
 "partners":
  []}
