{"name": "Agilum Healthcare Intelligence",
 "permalink": "agilum-healthcare-intelligence",
 "crunchbase_url": "http://www.crunchbase.com/company/agilum-healthcare-intelligence",
 "homepage_url": "http://agilum.com",
 "blog_url": "http://www.agilum.com/blog/",
 "blog_feed_url": "",
 "twitter_username": "AgilumHI",
 "category_code": "software",
 "number_of_employees": null,
 "founded_year": 2005,
 "founded_month": null,
 "founded_day": null,
 "deadpooled_year": null,
 "deadpooled_month": null,
 "deadpooled_day": null,
 "deadpooled_url": null,
 "tag_list": "",
 "alias_list": "",
 "email_address": "sales.info@agilum.com",
 "phone_number": "1 615.628.3250",
 "description": "",
 "created_at": "Wed Jun 19 08:05:38 UTC 2013",
 "updated_at": "Fri Jan 10 08:39:18 UTC 2014",
 "overview": "\u003Cp\u003EAgilum Healthcare Intelligence provides business intelligence (BI) solutions created exclusively for small to mid-sized hospitals and health systems. As experts in healthcare, financial management, and business intelligence for more than seven years, Agilum uses a Software as a Service (SaaS) model\u003C/p\u003E",
 "image":
  {"available_sizes":
    [[[149,
       150],
      "http://api-images.crunchbase.com/assets/images/resized/0027/7193/277193v2-max-150x150.jpg"],
     [[224,
       225],
      "http://api-images.crunchbase.com/assets/images/resized/0027/7193/277193v2-max-250x250.jpg"],
     [[224,
       225],
      "http://api-images.crunchbase.com/assets/images/resized/0027/7193/277193v2-max-450x450.jpg"]],
   "attribution": null},
 "products":
  [],
 "relationships":
  [{"is_past": false,
    "title": "CEO",
    "person":
     {"first_name": "Roy",
      "last_name": "Mathews",
      "permalink": "roy-mathews"}}],
 "competitions":
  [],
 "providerships":
  [],
 "total_money_raised": "$3.26M",
 "funding_rounds":
  [{"id": 40225,
    "round_code": "partial",
    "source_url": "http://www.sec.gov/Archives/edgar/data/1514729/000151472913000002/xslFormDX01/primary_doc.xml",
    "source_description": "SEC",
    "raised_amount": 1825000.0,
    "raised_currency_code": "USD",
    "funded_year": 2013,
    "funded_month": 6,
    "funded_day": 17,
    "investments":
     []},
   {"id": 47890,
    "round_code": "debt_round",
    "source_url": "http://www.bizjournals.com/nashville/blog/2013/09/agilum-healthcare-intelligence-raises.html",
    "source_description": "Agilum Healthcare Intelligence raises $1.43M",
    "raised_amount": 1430000.0,
    "raised_currency_code": "USD",
    "funded_year": 2013,
    "funded_month": 9,
    "funded_day": 4,
    "investments":
     []}],
 "investments":
  [],
 "acquisition": null,
 "acquisitions":
  [],
 "offices":
  [{"description": "Agilum Healthcare Intell.",
    "address1": "501 Corporate Centre Drive,",
    "address2": "Suite 520,",
    "zip_code": "37067",
    "city": "Franklin",
    "state_code": "TN",
    "country_code": "USA",
    "latitude": 35.9476125,
    "longitude": -86.8092656}],
 "milestones":
  [],
 "ipo": null,
 "video_embeds":
  [],
 "screenshots":
  [{"available_sizes":
     [[[150,
        69],
       "http://api-images.crunchbase.com/assets/images/resized/0027/7199/277199v1-max-150x150.png"],
      [[250,
        115],
       "http://api-images.crunchbase.com/assets/images/resized/0027/7199/277199v1-max-250x250.png"],
      [[450,
        208],
       "http://api-images.crunchbase.com/assets/images/resized/0027/7199/277199v1-max-450x450.png"]],
    "attribution": null}],
 "external_links":
  [],
 "partners":
  []}
