{"name": "Ahonya",
 "permalink": "ahonya",
 "crunchbase_url": "http://www.crunchbase.com/company/ahonya",
 "homepage_url": "http://ahonya.com",
 "blog_url": "http://blog.ahonya.com",
 "blog_feed_url": "http://blog.ahonya.com/feed/",
 "twitter_username": "AhonyaOnline",
 "category_code": "web",
 "number_of_employees": 10,
 "founded_year": 2013,
 "founded_month": 6,
 "founded_day": null,
 "deadpooled_year": null,
 "deadpooled_month": null,
 "deadpooled_day": null,
 "deadpooled_url": null,
 "tag_list": "high-quality-electronics-online",
 "alias_list": "",
 "email_address": "info@ahonya.com",
 "phone_number": "233 (0) 24 4492011",
 "description": "Online Shopping Portal",
 "created_at": "Mon Jun 24 17:56:52 UTC 2013",
 "updated_at": "Tue Mar 25 13:02:26 UTC 2014",
 "overview": "\u003Cp\u003EAhonya.com is a leading shopping site, available in Ghana only, that allows consumers to shop online for genuine electronics. \u003C/p\u003E\n\n\u003Cp\u003EIt is a graduate of \u003Ca href=\"http://www.crunchbase.com/financial-organization/savannah-fund\" title=\"Savannah Fund\u0026#8217;s\"\u003ESavannah Fund\u0026#8217;s\u003C/a\u003E PivotEast, a competition for African mobile startups.\u003C/p\u003E\n\n\u003Cp\u003ETheir mission is to help consumers find and buy high quality electronics online \u2013 in less time for the best price. They strive to bring the widest range of quality products to give the power of choice to consumers. The site provides detailed product features with high quality images.\u003C/p\u003E\n\n\u003Cp\u003ETheir electronics collection includes laptops, mobile phones, cameras, tablets, PC accessories, projectors and other products, and consumers pay with the most convenient payment method \u2013 Mobile Money. \u003C/p\u003E",
 "image":
  {"available_sizes":
    [[[150,
       40],
      "http://api-images.crunchbase.com/assets/images/resized/0027/9436/279436v3-max-150x150.png"],
     [[200,
       54],
      "http://api-images.crunchbase.com/assets/images/resized/0027/9436/279436v3-max-250x250.png"],
     [[200,
       54],
      "http://api-images.crunchbase.com/assets/images/resized/0027/9436/279436v3-max-450x450.png"]],
   "attribution": null},
 "products":
  [],
 "relationships":
  [{"is_past": false,
    "title": "CEO",
    "person":
     {"first_name": "Gerard",
      "last_name": "Yitamkey",
      "permalink": "gerard-yitamkey"}},
   {"is_past": false,
    "title": "Co-Founder",
    "person":
     {"first_name": "Addo",
      "last_name": "Kufuor Mensah",
      "permalink": "addo-kufuor-mensah"}},
   {"is_past": false,
    "title": "CTO",
    "person":
     {"first_name": "Philip",
      "last_name": "Adzanoukpe",
      "permalink": "philip-adzanoukpe"}}],
 "competitions":
  [],
 "providerships":
  [],
 "total_money_raised": "$0",
 "funding_rounds":
  [{"id": 70582,
    "round_code": "seed",
    "source_url": "http://www.techcabal.com/ahonya-raises-series-rio-partners-savannah-double-ghanaian-ecommerce/",
    "source_description": " Ahonya Secures Seed Funding From Rio Technology Partners To Double Down On Ghanaian Ecommerce ",
    "raised_amount": null,
    "raised_currency_code": "USD",
    "funded_year": 2014,
    "funded_month": 3,
    "funded_day": 25,
    "investments":
     [{"company": null,
       "financial_org":
        {"name": "Savannah Fund",
         "permalink": "savannah-fund"},
       "person": null},
      {"company": null,
       "financial_org":
        {"name": "Rio Partners",
         "permalink": "rio-partners"},
       "person": null}]}],
 "investments":
  [],
 "acquisition": null,
 "acquisitions":
  [],
 "offices":
  [{"description": "",
    "address1": "Terrazo Road",
    "address2": "Odorkor",
    "zip_code": "",
    "city": "Accra",
    "state_code": null,
    "country_code": "GHA",
    "latitude": null,
    "longitude": null}],
 "milestones":
  [],
 "ipo": null,
 "video_embeds":
  [],
 "screenshots":
  [{"available_sizes":
     [[[150,
        106],
       "http://api-images.crunchbase.com/assets/images/resized/0027/9435/279435v2-max-150x150.png"],
      [[250,
        177],
       "http://api-images.crunchbase.com/assets/images/resized/0027/9435/279435v2-max-250x250.png"],
      [[450,
        320],
       "http://api-images.crunchbase.com/assets/images/resized/0027/9435/279435v2-max-450x450.png"]],
    "attribution": null}],
 "external_links":
  [],
 "partners":
  [{"partner_name": "angel_list",
    "homepage_url": "http://www.ahonya.com",
    "link_1_url": "https://angel.co/ahonya",
    "link_2_url": null,
    "link_3_url": null,
    "link_1_name": "AngelList Page",
    "link_2_name": null,
    "link_3_name": null}]}
