{"name": "AiMeiWei",
 "permalink": "aimeiwei",
 "crunchbase_url": "http://www.crunchbase.com/company/aimeiwei",
 "homepage_url": "http://aimeiwei.me",
 "blog_url": "",
 "blog_feed_url": "",
 "twitter_username": null,
 "category_code": "hospitality",
 "number_of_employees": null,
 "founded_year": null,
 "founded_month": null,
 "founded_day": null,
 "deadpooled_year": null,
 "deadpooled_month": null,
 "deadpooled_day": null,
 "deadpooled_url": null,
 "tag_list": "",
 "alias_list": "",
 "email_address": "",
 "phone_number": "",
 "description": "",
 "created_at": "Thu Jun 20 03:07:36 UTC 2013",
 "updated_at": "Fri Mar 14 05:21:01 UTC 2014",
 "overview": "\u003Cp\u003EAiMeiWei Literally meaning \u201clove delicious food\u201d in Chinese.\u003C/p\u003E",
 "image":
  {"available_sizes":
    [[[95,
       96],
      "http://api-images.crunchbase.com/assets/images/resized/0039/2804/392804v1-max-150x150.jpg"],
     [[95,
       96],
      "http://api-images.crunchbase.com/assets/images/resized/0039/2804/392804v1-max-250x250.jpg"],
     [[95,
       96],
      "http://api-images.crunchbase.com/assets/images/resized/0039/2804/392804v1-max-450x450.jpg"]],
   "attribution": null},
 "products":
  [],
 "relationships":
  [],
 "competitions":
  [],
 "providerships":
  [],
 "total_money_raised": "$2M",
 "funding_rounds":
  [{"id": 40327,
    "round_code": "seed",
    "source_url": "http://www.techinasia.com/china-aimeiwei-foodie-app-funding/",
    "source_description": "Chinese Foodie App AiMeiWei Cooks Up $2 Million in Funding",
    "raised_amount": 2000000.0,
    "raised_currency_code": "USD",
    "funded_year": 2013,
    "funded_month": 6,
    "funded_day": 19,
    "investments":
     []}],
 "investments":
  [],
 "acquisition": null,
 "acquisitions":
  [],
 "offices":
  [{"description": "",
    "address1": "",
    "address2": "",
    "zip_code": "",
    "city": "Shanghai",
    "state_code": null,
    "country_code": "CHN",
    "latitude": null,
    "longitude": null}],
 "milestones":
  [],
 "ipo": null,
 "video_embeds":
  [],
 "screenshots":
  [{"available_sizes":
     [[[150,
        69],
       "http://api-images.crunchbase.com/assets/images/resized/0027/7604/277604v1-max-150x150.png"],
      [[250,
        115],
       "http://api-images.crunchbase.com/assets/images/resized/0027/7604/277604v1-max-250x250.png"],
      [[450,
        208],
       "http://api-images.crunchbase.com/assets/images/resized/0027/7604/277604v1-max-450x450.png"]],
    "attribution": null}],
 "external_links":
  [],
 "partners":
  []}
