{"name": "Air Liquide",
 "permalink": "air-liquide",
 "crunchbase_url": "http://www.crunchbase.com/company/air-liquide",
 "homepage_url": "http://www.airliquide.com",
 "blog_url": "http://www.airliquide.com/fr/rss.html",
 "blog_feed_url": "",
 "twitter_username": "AirLiquideGroup",
 "category_code": "other",
 "number_of_employees": null,
 "founded_year": 1902,
 "founded_month": null,
 "founded_day": null,
 "deadpooled_year": null,
 "deadpooled_month": null,
 "deadpooled_day": null,
 "deadpooled_url": null,
 "tag_list": "gases, technologies, services, industry, health",
 "alias_list": "",
 "email_address": "",
 "phone_number": "",
 "description": "Industrial gases and services",
 "created_at": "Sat Jun 15 11:34:03 UTC 2013",
 "updated_at": "Mon Apr 14 05:04:36 UTC 2014",
 "overview": "\u003Cp\u003EAir Liquide is the world leader in gases, technologies and services for industry and health.\u003C/p\u003E\n\n\u003Cp\u003EAir Liquide, founded in 1902, is the result of an idea - industrially produce oxygen from liquid air - and the meeting of two men, Georges Claude and Paul Delorme visionary pragmatic creator.\u003C/p\u003E\n\n\u003Cp\u003EIn 80 countries, Air Liquide supplies its customers in extremely diverse industries as steel industry, food and beverage, electronics or pharmaceuticals. To meet the requirements of each, the Group is organized around different industries.\u003C/p\u003E",
 "image":
  {"available_sizes":
    [[[150,
       60],
      "http://api-images.crunchbase.com/assets/images/resized/0045/1341/451341v1-max-150x150.png"],
     [[209,
       84],
      "http://api-images.crunchbase.com/assets/images/resized/0045/1341/451341v1-max-250x250.png"],
     [[209,
       84],
      "http://api-images.crunchbase.com/assets/images/resized/0045/1341/451341v1-max-450x450.png"]],
   "attribution": null},
 "products":
  [],
 "relationships":
  [{"is_past": false,
    "title": "Chairman and Chief Executive Officer",
    "person":
     {"first_name": "Beno\u00eet",
      "last_name": "Potier",
      "permalink": "benot-potier"}},
   {"is_past": false,
    "title": "Board Director",
    "person":
     {"first_name": "Karen",
      "last_name": "Katen",
      "permalink": "karen-katen"}},
   {"is_past": false,
    "title": "Deputy General Manager",
    "person":
     {"first_name": "Jean-Pierre",
      "last_name": "Duprieu",
      "permalink": "jean-pierre-duprieu"}},
   {"is_past": false,
    "title": "Director",
    "person":
     {"first_name": "Jean-Marc",
      "last_name": "de Royere",
      "permalink": "jean-marc-de-royere"}},
   {"is_past": false,
    "title": "Director",
    "person":
     {"first_name": "Fabienne",
      "last_name": "Lecorvaisier",
      "permalink": "fabienne-lecorvaisier"}},
   {"is_past": false,
    "title": "Director",
    "person":
     {"first_name": "Augustin",
      "last_name": "de Roubin",
      "permalink": "augustin-de-roubin"}},
   {"is_past": false,
    "title": "Director",
    "person":
     {"first_name": "Fran\u00e7ois",
      "last_name": "Abrial",
      "permalink": "franois-abrial"}},
   {"is_past": false,
    "title": "Director",
    "person":
     {"first_name": "Fran\u00e7ois",
      "last_name": "Jackow",
      "permalink": "franois-jackow"}},
   {"is_past": false,
    "title": "Managing Director",
    "person":
     {"first_name": "Pierre",
      "last_name": "Dufour",
      "permalink": "pierre-dufour"}},
   {"is_past": false,
    "title": "Director",
    "person":
     {"first_name": "Fran\u00e7ois",
      "last_name": "Darchis",
      "permalink": "franois-darchis"}},
   {"is_past": false,
    "title": "Director",
    "person":
     {"first_name": "Michael",
      "last_name": "J. Graff",
      "permalink": "michael-j-graff"}},
   {"is_past": false,
    "title": "Director",
    "person":
     {"first_name": "Guy",
      "last_name": "Salzgeber",
      "permalink": "guy-salzgeber"}},
   {"is_past": false,
    "title": "Assistant Director",
    "person":
     {"first_name": "Mok",
      "last_name": "Kwong Weng",
      "permalink": "mok-kwong-weng"}},
   {"is_past": false,
    "title": "Director",
    "person":
     {"first_name": "Pascal",
      "last_name": "Vinet",
      "permalink": "pascal-vinet"}},
   {"is_past": false,
    "title": "Director",
    "person":
     {"first_name": "Fran\u00e7ois",
      "last_name": "Venet",
      "permalink": "franois-venet"}},
   {"is_past": true,
    "title": "President and CEO",
    "person":
     {"first_name": "Terry",
      "last_name": "Gilpin",
      "permalink": "terry-gilpin"}},
   {"is_past": true,
    "title": "Financial and Strategic Analyst",
    "person":
     {"first_name": "Harald",
      "last_name": "Lemke",
      "permalink": "harald-lemke"}},
   {"is_past": true,
    "title": "Software Developer",
    "person":
     {"first_name": "Marco",
      "last_name": "Wirasinghe",
      "permalink": "marco-wirasinghe"}},
   {"is_past": true,
    "title": "System Administrator \u0026 Software Developer",
    "person":
     {"first_name": "Bob",
      "last_name": "Janssen",
      "permalink": "bob-janssen"}},
   {"is_past": true,
    "title": "Project Manager",
    "person":
     {"first_name": "FRANCK",
      "last_name": "LESCURE",
      "permalink": "franck-lescure"}},
   {"is_past": true,
    "title": "",
    "person":
     {"first_name": "Vincent",
      "last_name": "Delecourt",
      "permalink": "vincent-delecourt"}},
   {"is_past": true,
    "title": "Plant Start Up Manager",
    "person":
     {"first_name": "Francois-Xavier",
      "last_name": "Oliveau",
      "permalink": "francois-xavier-oliveau"}},
   {"is_past": true,
    "title": "Charg\u00e9 de Gestion Clients Extra Hospitaliers",
    "person":
     {"first_name": "Adrien",
      "last_name": "Caetano",
      "permalink": "adrien-caetano"}},
   {"is_past": true,
    "title": "Corporate Controller",
    "person":
     {"first_name": "Bill",
      "last_name": "O'Kelly",
      "permalink": "bill-okelly"}},
   {"is_past": true,
    "title": "HR Administration",
    "person":
     {"first_name": "Kristina",
      "last_name": "McGrath",
      "permalink": "kristina-mcgrath"}}],
 "competitions":
  [],
 "providerships":
  [],
 "total_money_raised": "$0",
 "funding_rounds":
  [],
 "investments":
  [{"funding_round":
     {"round_code": "a",
      "source_url": "http://www.finsmes.com/2013/11/terrajoule-raises-11-5m-series-funding.html",
      "source_description": "Terrajoule Raises $11.5M in Series A Funding",
      "raised_amount": 11500000.0,
      "raised_currency_code": "USD",
      "funded_year": 2013,
      "funded_month": 11,
      "funded_day": 4,
      "company":
       {"name": "Terrajoule",
        "permalink": "terrajoule"}}}],
 "acquisition": null,
 "acquisitions":
  [{"price_amount": null,
    "price_currency_code": "USD",
    "term_code": null,
    "source_url": "http://www.us.airliquide.com/en/air-liquide-finalizes-voltaix-acquisition.html",
    "source_description": "Air Liquide finalizes acquisition of electronics materials company Voltaix",
    "acquired_year": 2013,
    "acquired_month": 9,
    "acquired_day": null,
    "company":
     {"name": "Voltaix",
      "permalink": "voltaix"}},
   {"price_amount": 427800000.0,
    "price_currency_code": "USD",
    "term_code": null,
    "source_url": "http://www.chemweek.com/regions/western_europe/spain/Air-Liquide-Completes-Gasmedi-Acquisition_46465.html",
    "source_description": "Air Liquide Completes Gasmedi Acquisition",
    "acquired_year": 2012,
    "acquired_month": null,
    "acquired_day": null,
    "company":
     {"name": "Gasmedi",
      "permalink": "gasmedi"}}],
 "offices":
  [{"description": "Headquarters",
    "address1": "Quai d'Orsay",
    "address2": "7th arrondissement",
    "zip_code": "",
    "city": "Paris",
    "state_code": null,
    "country_code": "FRA",
    "latitude": null,
    "longitude": null}],
 "milestones":
  [],
 "ipo":
  {"valuation_amount": null,
   "valuation_currency_code": "USD",
   "pub_year": 1999,
   "pub_month": 4,
   "pub_day": 1,
   "stock_symbol": "EPA:AI"},
 "video_embeds":
  [],
 "screenshots":
  [{"available_sizes":
     [[[150,
        90],
       "http://api-images.crunchbase.com/assets/images/resized/0045/1355/451355v1-max-150x150.png"],
      [[250,
        150],
       "http://api-images.crunchbase.com/assets/images/resized/0045/1355/451355v1-max-250x250.png"],
      [[450,
        270],
       "http://api-images.crunchbase.com/assets/images/resized/0045/1355/451355v1-max-450x450.png"]],
    "attribution": null}],
 "external_links":
  [],
 "partners":
  []}
