{"name": "Air Pollution Control",
 "permalink": "air-pollution-control",
 "crunchbase_url": "http://www.crunchbase.com/company/air-pollution-control",
 "homepage_url": null,
 "blog_url": null,
 "blog_feed_url": null,
 "twitter_username": null,
 "category_code": null,
 "number_of_employees": null,
 "founded_year": null,
 "founded_month": null,
 "founded_day": null,
 "deadpooled_year": null,
 "deadpooled_month": null,
 "deadpooled_day": null,
 "deadpooled_url": null,
 "tag_list": null,
 "alias_list": null,
 "email_address": null,
 "phone_number": null,
 "description": null,
 "created_at": "Sat Jun 22 08:17:30 UTC 2013",
 "updated_at": "Sat Jun 22 08:17:30 UTC 2013",
 "overview": null,
 "image": null,
 "products":
  [],
 "relationships":
  [{"is_past": true,
    "title": "an energy economist doing energy-related studies including demand side management, energy use load profiles, and cost-benefit analysis",
    "person":
     {"first_name": "Kathryn",
      "last_name": "Myronuk",
      "permalink": "kathryn-myronuk"}}],
 "competitions":
  [],
 "providerships":
  [],
 "total_money_raised": "$0",
 "funding_rounds":
  [],
 "investments":
  [],
 "acquisition": null,
 "acquisitions":
  [],
 "offices":
  [],
 "milestones":
  [],
 "ipo": null,
 "video_embeds":
  [],
 "screenshots":
  [],
 "external_links":
  [],
 "partners":
  []}
