{"name": "Airborne Media Group",
 "permalink": "airborne-media-group-2",
 "crunchbase_url": "http://www.crunchbase.com/company/airborne-media-group-2",
 "homepage_url": "http://airbornemediagroup.com",
 "blog_url": "",
 "blog_feed_url": "",
 "twitter_username": "airbornemedia",
 "category_code": "advertising",
 "number_of_employees": null,
 "founded_year": 2010,
 "founded_month": null,
 "founded_day": null,
 "deadpooled_year": null,
 "deadpooled_month": null,
 "deadpooled_day": null,
 "deadpooled_url": null,
 "tag_list": "",
 "alias_list": "",
 "email_address": "sales@airbornemediagroup.com",
 "phone_number": "970-769-7195",
 "description": "",
 "created_at": "Fri Jun 28 11:17:12 UTC 2013",
 "updated_at": "Wed Dec 11 09:33:18 UTC 2013",
 "overview": "\u003Cp\u003EAirborne Media Group, Inc. develops an application for smartphones to privately listen in to television programs. It offers Audioair, a smartphone application/a customer retention and advertising network system that provides direct and mobile marketing, entertainment, and WiFi solutions. The company was founded in 2010 and is based in Durango, Colorado.\u003C/p\u003E",
 "image":
  {"available_sizes":
    [[[150,
       50],
      "http://api-images.crunchbase.com/assets/images/resized/0028/1637/281637v1-max-150x150.jpg"],
     [[250,
       83],
      "http://api-images.crunchbase.com/assets/images/resized/0028/1637/281637v1-max-250x250.jpg"],
     [[300,
       100],
      "http://api-images.crunchbase.com/assets/images/resized/0028/1637/281637v1-max-450x450.jpg"]],
   "attribution": null},
 "products":
  [],
 "relationships":
  [{"is_past": false,
    "title": "Co-Founder and National Sales Manager",
    "person":
     {"first_name": "Justin",
      "last_name": "Ginn",
      "permalink": "justin-ginn"}},
   {"is_past": false,
    "title": "President and Chief Executive Officer, Director",
    "person":
     {"first_name": "Cordell",
      "last_name": "R. Brown",
      "permalink": "cordell-r-brown"}},
   {"is_past": false,
    "title": "Executive Vice President",
    "person":
     {"first_name": "Daries",
      "last_name": "Lile",
      "permalink": "daries-lile"}},
   {"is_past": false,
    "title": "Board of Directors",
    "person":
     {"first_name": "Naveen",
      "last_name": "Gupta",
      "permalink": "naveen-gupta"}}],
 "competitions":
  [],
 "providerships":
  [],
 "total_money_raised": "$4.24M",
 "funding_rounds":
  [{"id": 41150,
    "round_code": "unattributed",
    "source_url": "http://www.sec.gov/Archives/edgar/data/1565489/000156548913000001/xslFormDX01/primary_doc.xml",
    "source_description": "SEC",
    "raised_amount": 2450000.0,
    "raised_currency_code": "USD",
    "funded_year": 2013,
    "funded_month": 1,
    "funded_day": 4,
    "investments":
     []},
   {"id": 44543,
    "round_code": "convertible",
    "source_url": "http://www.sec.gov/Archives/edgar/data/1565489/000156548913000002/xslFormDX01/primary_doc.xml",
    "source_description": "SEC",
    "raised_amount": 290000.0,
    "raised_currency_code": "USD",
    "funded_year": 2013,
    "funded_month": 8,
    "funded_day": 2,
    "investments":
     []},
   {"id": 46450,
    "round_code": "partial",
    "source_url": "http://www.sec.gov/Archives/edgar/data/1548229/000154822912000001/xslFormDX01/primary_doc.xml",
    "source_description": "SEC",
    "raised_amount": 1498225.0,
    "raised_currency_code": "USD",
    "funded_year": 2012,
    "funded_month": 4,
    "funded_day": 27,
    "investments":
     []}],
 "investments":
  [],
 "acquisition": null,
 "acquisitions":
  [],
 "offices":
  [{"description": "",
    "address1": "1099 Main Avenue",
    "address2": "Suite 321",
    "zip_code": "81301",
    "city": "Durango",
    "state_code": "CO",
    "country_code": "USA",
    "latitude": 37.275539,
    "longitude": -107.880816}],
 "milestones":
  [],
 "ipo": null,
 "video_embeds":
  [],
 "screenshots":
  [],
 "external_links":
  [],
 "partners":
  []}
