{"name": "Airpath Wireless",
 "permalink": "airpath-wireless",
 "crunchbase_url": "http://www.crunchbase.com/company/airpath-wireless",
 "homepage_url": null,
 "blog_url": null,
 "blog_feed_url": null,
 "twitter_username": null,
 "category_code": null,
 "number_of_employees": null,
 "founded_year": null,
 "founded_month": null,
 "founded_day": null,
 "deadpooled_year": null,
 "deadpooled_month": null,
 "deadpooled_day": null,
 "deadpooled_url": null,
 "tag_list": null,
 "alias_list": null,
 "email_address": null,
 "phone_number": null,
 "description": null,
 "created_at": "Fri Jun 14 10:02:34 UTC 2013",
 "updated_at": "Fri Jun 14 10:49:13 UTC 2013",
 "overview": "\u003Cp\u003EAs of January 14, 2008, Airpath Wireless, Inc. was acquired by Aptilo Networks AB. Airpath Wireless, Inc. provides OSS and clearinghouse solution for network operators, service providers, and systems integrators. Its hosted platforms deliver various tools to provide, manage, authenticate, and bill retail end-users; and to clear and settle wholesale roaming transactions. The company offers RoamBOSS Metro, a hosted broadband operational support system with roaming, wholesaling, and clearinghouse capabilities; and WiBOSS Metro, a hosted management platform for hot zones and metro-scale WLAN deployments to support large area Wi-Fi networks. It also provides WiBOSS Pro, a hosted OSS platform to help operators manage commercial, amenity-based, or closed metro networks; and WiBOSS Lite, which allows providers to enable venues to offer Wi-Fi access. In addition, the company offers InterRoam, a hosted carrier-grade platform, which enables carriers to negotiate, implement, and manage wholesale roaming agreements, as well as facilitate clearing and settlement services; and Airpath Customer Care, which assists users with identifying potential problems with network. It provides its solutions to deploy and manage metropolitan and municipal broadband wireless networks. Airpath Wireless, Inc. was founded in 2001 and is headquartered in Woburn, Massachusetts.\u003C/p\u003E",
 "image": null,
 "products":
  [],
 "relationships":
  [{"is_past": true,
    "title": "",
    "person":
     {"first_name": "George",
      "last_name": "McHorney",
      "permalink": "george-mchorney"}}],
 "competitions":
  [],
 "providerships":
  [],
 "total_money_raised": "$0",
 "funding_rounds":
  [],
 "investments":
  [],
 "acquisition": null,
 "acquisitions":
  [],
 "offices":
  [],
 "milestones":
  [],
 "ipo": null,
 "video_embeds":
  [],
 "screenshots":
  [],
 "external_links":
  [],
 "partners":
  []}
