{"name": "Ajaxian Inc.",
 "permalink": "ajaxian-inc",
 "crunchbase_url": "http://www.crunchbase.com/company/ajaxian-inc",
 "homepage_url": null,
 "blog_url": null,
 "blog_feed_url": null,
 "twitter_username": null,
 "category_code": null,
 "number_of_employees": null,
 "founded_year": null,
 "founded_month": null,
 "founded_day": null,
 "deadpooled_year": null,
 "deadpooled_month": null,
 "deadpooled_day": null,
 "deadpooled_url": null,
 "tag_list": null,
 "alias_list": null,
 "email_address": null,
 "phone_number": null,
 "description": null,
 "created_at": "Wed Jul 03 09:45:25 UTC 2013",
 "updated_at": "Wed Jul 03 09:45:25 UTC 2013",
 "overview": null,
 "image": null,
 "products":
  [],
 "relationships":
  [{"is_past": true,
    "title": "Founder \u0026 CEO",
    "person":
     {"first_name": "Ben",
      "last_name": "Galbraith",
      "permalink": "ben-galbraith"}},
   {"is_past": true,
    "title": "Founder",
    "person":
     {"first_name": "Dion",
      "last_name": "Almaer",
      "permalink": "dion-almaer"}}],
 "competitions":
  [],
 "providerships":
  [],
 "total_money_raised": "$0",
 "funding_rounds":
  [],
 "investments":
  [],
 "acquisition": null,
 "acquisitions":
  [],
 "offices":
  [],
 "milestones":
  [],
 "ipo": null,
 "video_embeds":
  [],
 "screenshots":
  [],
 "external_links":
  [],
 "partners":
  []}
