{"name": "Akins Collision Care",
 "permalink": "akins-collision-care",
 "crunchbase_url": "http://www.crunchbase.com/company/akins-collision-care",
 "homepage_url": "http://www.akinscollisioncenter.com",
 "blog_url": "",
 "blog_feed_url": "",
 "twitter_username": "akinscollision",
 "category_code": "other",
 "number_of_employees": null,
 "founded_year": null,
 "founded_month": null,
 "founded_day": null,
 "deadpooled_year": null,
 "deadpooled_month": null,
 "deadpooled_day": null,
 "deadpooled_url": null,
 "tag_list": "auto-body-repair-shop",
 "alias_list": null,
 "email_address": "akinscollisioncenter01@gmail.com",
 "phone_number": "8666251965",
 "description": "Auto Body Shop",
 "created_at": "Thu Jun 13 05:01:29 UTC 2013",
 "updated_at": "Thu Jun 13 18:30:18 UTC 2013",
 "overview": "\u003Cp\u003EAuto Body Shop Winder GA Car Painting Dent Removal Collision Repair Automotive Restorations Import Foreign Cars Trucks SUV, Towing Service Akins Collision Center\u003C/p\u003E",
 "image": null,
 "products":
  [],
 "relationships":
  [],
 "competitions":
  [],
 "providerships":
  [],
 "total_money_raised": "$0",
 "funding_rounds":
  [],
 "investments":
  [],
 "acquisition": null,
 "acquisitions":
  [],
 "offices":
  [],
 "milestones":
  [],
 "ipo": null,
 "video_embeds":
  [],
 "screenshots":
  [],
 "external_links":
  [],
 "partners":
  []}
