{"name": "AKQA, NYC",
 "permalink": "akqa-nyc",
 "crunchbase_url": "http://www.crunchbase.com/company/akqa-nyc",
 "homepage_url": null,
 "blog_url": null,
 "blog_feed_url": null,
 "twitter_username": null,
 "category_code": null,
 "number_of_employees": null,
 "founded_year": null,
 "founded_month": null,
 "founded_day": null,
 "deadpooled_year": null,
 "deadpooled_month": null,
 "deadpooled_day": null,
 "deadpooled_url": null,
 "tag_list": null,
 "alias_list": null,
 "email_address": null,
 "phone_number": null,
 "description": null,
 "created_at": "Mon Jun 24 05:58:23 UTC 2013",
 "updated_at": "Mon Jun 24 05:58:23 UTC 2013",
 "overview": null,
 "image": null,
 "products":
  [],
 "relationships":
  [{"is_past": true,
    "title": "Creative Lead",
    "person":
     {"first_name": "Vinit",
      "last_name": "Patil",
      "permalink": "vinit-patil"}},
   {"is_past": true,
    "title": "UX Consultant",
    "person":
     {"first_name": "Michael",
      "last_name": "Meikson",
      "permalink": "michael-meikson"}}],
 "competitions":
  [],
 "providerships":
  [],
 "total_money_raised": "$0",
 "funding_rounds":
  [],
 "investments":
  [],
 "acquisition": null,
 "acquisitions":
  [],
 "offices":
  [],
 "milestones":
  [],
 "ipo": null,
 "video_embeds":
  [],
 "screenshots":
  [],
 "external_links":
  [],
 "partners":
  []}
