{"name": "Akshay Wellness",
 "permalink": "akshay-wellness",
 "crunchbase_url": "http://www.crunchbase.com/company/akshay-wellness",
 "homepage_url": "http://akshaywellness.com",
 "blog_url": "",
 "blog_feed_url": "",
 "twitter_username": null,
 "category_code": "biotech",
 "number_of_employees": null,
 "founded_year": 2005,
 "founded_month": null,
 "founded_day": null,
 "deadpooled_year": null,
 "deadpooled_month": null,
 "deadpooled_day": null,
 "deadpooled_url": null,
 "tag_list": "",
 "alias_list": "",
 "email_address": "info@akshaywellness.com",
 "phone_number": "(609) 799-5025",
 "description": "",
 "created_at": "Fri Jul 05 10:37:30 UTC 2013",
 "updated_at": "Fri Dec 13 09:29:38 UTC 2013",
 "overview": "\u003Cp\u003EAkshay Wellness Group Inc. develops and markets pharmaceutical products. The company was founded in 2005 and is headquartered in Princeton, New Jersey.\u003C/p\u003E",
 "image":
  {"available_sizes":
    [[[150,
       41],
      "http://api-images.crunchbase.com/assets/images/resized/0028/4756/284756v1-max-150x150.png"],
     [[238,
       66],
      "http://api-images.crunchbase.com/assets/images/resized/0028/4756/284756v1-max-250x250.png"],
     [[238,
       66],
      "http://api-images.crunchbase.com/assets/images/resized/0028/4756/284756v1-max-450x450.png"]],
   "attribution": null},
 "products":
  [],
 "relationships":
  [{"is_past": false,
    "title": "Executive Officer and Director",
    "person":
     {"first_name": "Avani",
      "last_name": "V. Kanubaddi",
      "permalink": "avani-v-kanubaddi"}}],
 "competitions":
  [],
 "providerships":
  [],
 "total_money_raised": "$2.8M",
 "funding_rounds":
  [{"id": 41739,
    "round_code": "unattributed",
    "source_url": "http://www.sec.gov/Archives/edgar/data/1381289/000138128913000001/xslFormDX01/primary_doc.xml",
    "source_description": "SEC",
    "raised_amount": 1000001.0,
    "raised_currency_code": "USD",
    "funded_year": 2013,
    "funded_month": 4,
    "funded_day": 16,
    "investments":
     []},
   {"id": 49787,
    "round_code": "a",
    "source_url": "http://www.sec.gov/Archives/edgar/data/1381289/000138128911000004/xslFormDX01/primary_doc.xml",
    "source_description": "SEC",
    "raised_amount": 1797641.0,
    "raised_currency_code": "USD",
    "funded_year": 2011,
    "funded_month": 10,
    "funded_day": 7,
    "investments":
     []}],
 "investments":
  [],
 "acquisition": null,
 "acquisitions":
  [],
 "offices":
  [{"description": "",
    "address1": "100 Overlook Drive",
    "address2": "2nd Floor",
    "zip_code": "08540",
    "city": "Princeton",
    "state_code": "NJ",
    "country_code": "USA",
    "latitude": null,
    "longitude": null}],
 "milestones":
  [],
 "ipo": null,
 "video_embeds":
  [],
 "screenshots":
  [{"available_sizes":
     [[[150,
        69],
       "http://api-images.crunchbase.com/assets/images/resized/0028/4755/284755v1-max-150x150.png"],
      [[250,
        115],
       "http://api-images.crunchbase.com/assets/images/resized/0028/4755/284755v1-max-250x250.png"],
      [[450,
        207],
       "http://api-images.crunchbase.com/assets/images/resized/0028/4755/284755v1-max-450x450.png"]],
    "attribution": null}],
 "external_links":
  [],
 "partners":
  []}
