{"name": "Alan Sheinwald LLC",
 "permalink": "alan-sheinwald-llc",
 "crunchbase_url": "http://www.crunchbase.com/company/alan-sheinwald-llc",
 "homepage_url": null,
 "blog_url": "",
 "blog_feed_url": "",
 "twitter_username": null,
 "category_code": "web",
 "number_of_employees": null,
 "founded_year": null,
 "founded_month": null,
 "founded_day": null,
 "deadpooled_year": null,
 "deadpooled_month": null,
 "deadpooled_day": null,
 "deadpooled_url": null,
 "tag_list": "alan-sheinwald",
 "alias_list": null,
 "email_address": "",
 "phone_number": "",
 "description": "Alan Sheinwald social media \u0026 consulting",
 "created_at": "Tue Jul 02 12:56:31 UTC 2013",
 "updated_at": "Thu Sep 26 17:09:40 UTC 2013",
 "overview": "\u003Cp\u003EAlan Sheinwald LLC goal is to provide clients business with every solution that is needed in order to better monitor, manage and secure their IT environment. Alan Sheinwald LLC provides web and e-mail security, archiving, fax, networking and security software, and many other IT solutions.\nHere at Alan Sheinwald LLC we value the cultural richness of ideas resulting from the diversity of who we are and what we do. We dedicate ourselves to build strong business relationships through open communication, respect and by with each other as well as by serving our customers \u2013 same as we do within our own families.\nAlan Sheinwald LLC puts an extra effort in order to keep pace as the business grows. Alan Sheinwald LLC always tries making their business solutions even better.\u003C/p\u003E",
 "image": null,
 "products":
  [],
 "relationships":
  [{"is_past": false,
    "title": "CEO",
    "person":
     {"first_name": "Sheinwald",
      "last_name": "Alan",
      "permalink": "sheinwald-alan"}}],
 "competitions":
  [],
 "providerships":
  [{"title": "Alan Sheinwald",
    "is_past": false,
    "provider":
     {"name": "Alan Sheinwald",
      "permalink": "alan-sheinwald"}}],
 "total_money_raised": "$0",
 "funding_rounds":
  [],
 "investments":
  [],
 "acquisition": null,
 "acquisitions":
  [],
 "offices":
  [],
 "milestones":
  [],
 "ipo": null,
 "video_embeds":
  [],
 "screenshots":
  [],
 "external_links":
  [],
 "partners":
  []}
