{"name": "Alcon Laboratories,Inc",
 "permalink": "alcon-laboratories-inc",
 "crunchbase_url": "http://www.crunchbase.com/company/alcon-laboratories-inc",
 "homepage_url": null,
 "blog_url": null,
 "blog_feed_url": null,
 "twitter_username": null,
 "category_code": null,
 "number_of_employees": null,
 "founded_year": null,
 "founded_month": null,
 "founded_day": null,
 "deadpooled_year": null,
 "deadpooled_month": null,
 "deadpooled_day": null,
 "deadpooled_url": null,
 "tag_list": null,
 "alias_list": null,
 "email_address": null,
 "phone_number": null,
 "description": null,
 "created_at": "Sun Jun 16 06:57:03 UTC 2013",
 "updated_at": "Mon Jun 17 04:57:59 UTC 2013",
 "overview": "\u003Cp\u003EAlcon Laboratories, Inc. manufactures, markets and distributes eye care products. The company offers ophthalmic pharmaceuticals, surgical equipment, and contact lenses. Its products include ophthalmic solutions and suspensions, eye drops, otic suspensions, contact lens solutions, and eye vitamins. The company also offers contact lenses and surgical devices for cataract, glaucoma, vitreoretinal, and refractive treatment. The company was founded in 1945 and is based in Fort Worth, Texas. Alcon Laboratories, Inc. operates as a subsidiary of Alcon, Inc.\u003C/p\u003E",
 "image": null,
 "products":
  [],
 "relationships":
  [{"is_past": true,
    "title": "Senior Vice President of Research and Development and Chief Scientific Officer",
    "person":
     {"first_name": "Gerald",
      "last_name": "D. Cagle",
      "permalink": "gerald-d-cagle"}},
   {"is_past": true,
    "title": "Senior Vice President, Chief Financial Officer and Corporate Strategy",
    "person":
     {"first_name": "Jacqualyn",
      "last_name": "A. Fouse",
      "permalink": "jacqualyn-a-fouse"}},
   {"is_past": true,
    "title": "Vice President, Product Development",
    "person":
     {"first_name": "Gerald",
      "last_name": "D. Cagle",
      "permalink": "gerald-d-cagle"}},
   {"is_past": true,
    "title": "VP Manufacturing",
    "person":
     {"first_name": "Donald",
      "last_name": "Martin",
      "permalink": "donald-martin"}},
   {"is_past": true,
    "title": "Associate Technical Director, Product Development",
    "person":
     {"first_name": "Ronald",
      "last_name": "Scharf",
      "permalink": "ronald-scharf"}},
   {"is_past": true,
    "title": "Senior Scientist",
    "person":
     {"first_name": "Adrienne",
      "last_name": "L. Graves",
      "permalink": "adrienne-l-graves"}},
   {"is_past": true,
    "title": "Director of Strategic Accounts",
    "person":
     {"first_name": "Steve",
      "last_name": "Parks",
      "permalink": "steve-parks-2"}},
   {"is_past": true,
    "title": "",
    "person":
     {"first_name": "Glenn",
      "last_name": "Noronha",
      "permalink": "glenn-noronha"}},
   {"is_past": true,
    "title": "Vice President of Regulatory Affairs",
    "person":
     {"first_name": "Gerald",
      "last_name": "D. Cagle",
      "permalink": "gerald-d-cagle"}},
   {"is_past": true,
    "title": "Executive",
    "person":
     {"first_name": "Michael",
      "last_name": "Hemric",
      "permalink": "michael-hemric"}},
   {"is_past": true,
    "title": "Associate Director of R\u0026D",
    "person":
     {"first_name": "Kim",
      "last_name": "Brazzell",
      "permalink": "kim-brazzell"}},
   {"is_past": true,
    "title": "Director, International Ophthalmology",
    "person":
     {"first_name": "Adrienne",
      "last_name": "L. Graves",
      "permalink": "adrienne-l-graves"}},
   {"is_past": true,
    "title": "Key Marketing positions",
    "person":
     {"first_name": "Joaquin",
      "last_name": "V. Wolff",
      "permalink": "joaquin-v-wolff"}},
   {"is_past": true,
    "title": "Senior Scientist in Microbiology",
    "person":
     {"first_name": "Gerald",
      "last_name": "D. Cagle",
      "permalink": "gerald-d-cagle"}},
   {"is_past": true,
    "title": "Management Positions",
    "person":
     {"first_name": "Russell",
      "last_name": "Herndon",
      "permalink": "russell-herndon"}},
   {"is_past": true,
    "title": "Various Positions",
    "person":
     {"first_name": "Clay",
      "last_name": "Anselmo",
      "permalink": "clay-anselmo"}}],
 "competitions":
  [],
 "providerships":
  [],
 "total_money_raised": "$0",
 "funding_rounds":
  [],
 "investments":
  [],
 "acquisition": null,
 "acquisitions":
  [],
 "offices":
  [],
 "milestones":
  [],
 "ipo": null,
 "video_embeds":
  [],
 "screenshots":
  [],
 "external_links":
  [],
 "partners":
  []}
