{"name": "Aldermore Bank plc",
 "permalink": "aldermore-bank-plc",
 "crunchbase_url": "http://www.crunchbase.com/company/aldermore-bank-plc",
 "homepage_url": "http://aldermore.co.uk",
 "blog_url": "",
 "blog_feed_url": "",
 "twitter_username": "AldermoreBank",
 "category_code": null,
 "number_of_employees": null,
 "founded_year": null,
 "founded_month": null,
 "founded_day": null,
 "deadpooled_year": null,
 "deadpooled_month": null,
 "deadpooled_day": null,
 "deadpooled_url": null,
 "tag_list": null,
 "alias_list": "",
 "email_address": "service@aldermoresavings.co.uk",
 "phone_number": " 0845 604 2678",
 "description": "",
 "created_at": "Fri Jun 07 05:53:23 UTC 2013",
 "updated_at": "Wed Feb 12 21:23:23 UTC 2014",
 "overview": "\u003Cp\u003EAldermore launched in 2009, backed by private equity company AnaCap and Morgan Stanley Alternative Investment Partners. We achieved a critical milestone of reaching breakeven point two months earlier than planned in July 2011.\u003C/p\u003E\n\n\u003Cp\u003ESince then, Aldermore has raised \u00a362 million in additional equity capital from a consortium of leading global investors including Goldman Sachs Asset Management, Honeywell Capital Management and the Ohio Public Employees Retirement Schemes. In 2012, Aldermore raised an additional \u00a336 million from Centerbridge Partners, a leading private equity investor.\u003C/p\u003E\n\n\u003Cp\u003EAnaCap Financial Partners, Aldermore\u0026#8217;s existing lead investor, has also increased their investment in the business and Morgan Stanley Alternative Investment Partners, Aldermore\u0026#8217;s founding investor alongside AnaCap, also retain their significant investment.\u003C/p\u003E\n\n\u003Cp\u003EAs the Bank has grown, Aldermore has been fortunate to receive numerous awards and industry accolades across all parts of the business, details of which you can read about here.\u003C/p\u003E",
 "image":
  {"available_sizes":
    [[[150,
       48],
      "http://api-images.crunchbase.com/assets/images/resized/0027/8729/278729v1-max-150x150.jpg"],
     [[228,
       73],
      "http://api-images.crunchbase.com/assets/images/resized/0027/8729/278729v1-max-250x250.jpg"],
     [[228,
       73],
      "http://api-images.crunchbase.com/assets/images/resized/0027/8729/278729v1-max-450x450.jpg"]],
   "attribution": null},
 "products":
  [],
 "relationships":
  [{"is_past": false,
    "title": "Chairman",
    "person":
     {"first_name": "David",
      "last_name": "Arculus",
      "permalink": "david-arculus"}},
   {"is_past": false,
    "title": "Non - Executive Director",
    "person":
     {"first_name": "David",
      "last_name": "Soskin",
      "permalink": "david-soskin"}}],
 "competitions":
  [],
 "providerships":
  [],
 "total_money_raised": "\u00a340M",
 "funding_rounds":
  [{"id": 61881,
    "round_code": "private_equity",
    "source_url": "http://www.pehub.com/2014/01/anacap-backed-aldermore-raises-40-mln/?utm_source=twitterfeed\u0026utm_medium=twitter\u0026utm_campaign=Feed%3A+pehub%2Fblog+%28PE+HUB+Blog%29",
    "source_description": "AnaCap-backed Aldermore raises \u00a340 mln",
    "raised_amount": 40000000.0,
    "raised_currency_code": "GBP",
    "funded_year": 2014,
    "funded_month": 1,
    "funded_day": 21,
    "investments":
     [{"company": null,
       "financial_org":
        {"name": "Toscafund Asset Management",
         "permalink": "toscafund-asset-management"},
       "person": null},
      {"company": null,
       "financial_org":
        {"name": "Lansdowne Partners",
         "permalink": "lansdowne-partners"},
       "person": null}]}],
 "investments":
  [],
 "acquisition": null,
 "acquisitions":
  [],
 "offices":
  [{"description": "",
    "address1": "Crown House",
    "address2": "Manchester Road",
    "zip_code": "SK9 1BH",
    "city": "Wilmslow",
    "state_code": null,
    "country_code": "GBR",
    "latitude": 53.327645,
    "longitude": -2.2280621}],
 "milestones":
  [],
 "ipo": null,
 "video_embeds":
  [],
 "screenshots":
  [{"available_sizes":
     [[[150,
        74],
       "http://api-images.crunchbase.com/assets/images/resized/0027/8731/278731v1-max-150x150.jpg"],
      [[250,
        123],
       "http://api-images.crunchbase.com/assets/images/resized/0027/8731/278731v1-max-250x250.jpg"],
      [[450,
        222],
       "http://api-images.crunchbase.com/assets/images/resized/0027/8731/278731v1-max-450x450.jpg"]],
    "attribution": null}],
 "external_links":
  [],
 "partners":
  []}
