{"name": "Aldexa Therapeutics",
 "permalink": "aldexa-therapeutics",
 "crunchbase_url": "http://www.crunchbase.com/company/aldexa-therapeutics",
 "homepage_url": "http://www.neuronsystemsinc.com",
 "blog_url": "",
 "blog_feed_url": "",
 "twitter_username": null,
 "category_code": "biotech",
 "number_of_employees": null,
 "founded_year": 2004,
 "founded_month": null,
 "founded_day": null,
 "deadpooled_year": 2013,
 "deadpooled_month": 4,
 "deadpooled_day": null,
 "deadpooled_url": "",
 "tag_list": "",
 "alias_list": "",
 "email_address": "",
 "phone_number": "617-513-9882",
 "description": "",
 "created_at": "Fri Jun 28 13:42:53 UTC 2013",
 "updated_at": "Tue Oct 22 14:12:28 UTC 2013",
 "overview": "\u003Cp\u003EAldexa Therapeutics, Inc. develops treatments for the dry form of age-related macular degeneration eye disease that may lead to blindness. It activities include the development of drugs to inhibit the formation of toxic metabolites that accumulate in the back of the eye. Aldexa Therapeutics, Inc. was formerly known as Neuron Systems, Inc. The company was incorporated in 2004 and is based in Burlington, Massachusetts.\u003C/p\u003E",
 "image": null,
 "products":
  [],
 "relationships":
  [{"is_past": false,
    "title": "President and CEO",
    "person":
     {"first_name": "Todd",
      "last_name": "C. Brady",
      "permalink": "todd-c-brady"}},
   {"is_past": false,
    "title": "Co-Founder and Chief Executive Officer",
    "person":
     {"first_name": "Thomas",
      "last_name": "A. Jordan",
      "permalink": "thomas-a-jordan"}},
   {"is_past": false,
    "title": "Co-Founder and Director",
    "person":
     {"first_name": "John",
      "last_name": "E. Dowling",
      "permalink": "john-e-dowling"}}],
 "competitions":
  [],
 "providerships":
  [],
 "total_money_raised": "$4.79M",
 "funding_rounds":
  [{"id": 41195,
    "round_code": "partial",
    "source_url": "http://www.sec.gov/Archives/edgar/data/1341235/000134123513000002/xslFormDX01/primary_doc.xml",
    "source_description": "SEC",
    "raised_amount": 4793666.0,
    "raised_currency_code": "USD",
    "funded_year": 2013,
    "funded_month": 1,
    "funded_day": 3,
    "investments":
     []}],
 "investments":
  [],
 "acquisition": null,
 "acquisitions":
  [],
 "offices":
  [{"description": "",
    "address1": "15 New England Executive Park",
    "address2": "",
    "zip_code": "01803",
    "city": "Burlington",
    "state_code": "MA",
    "country_code": "USA",
    "latitude": null,
    "longitude": null}],
 "milestones":
  [],
 "ipo": null,
 "video_embeds":
  [],
 "screenshots":
  [],
 "external_links":
  [],
 "partners":
  []}
