{"name": "AleafAsia International",
 "permalink": "aleafasia-international",
 "crunchbase_url": "http://www.crunchbase.com/company/aleafasia-international",
 "homepage_url": "http://manpower.aleafasia.com",
 "blog_url": "",
 "blog_feed_url": "",
 "twitter_username": "aleafasia",
 "category_code": "consulting",
 "number_of_employees": null,
 "founded_year": null,
 "founded_month": null,
 "founded_day": null,
 "deadpooled_year": null,
 "deadpooled_month": null,
 "deadpooled_day": null,
 "deadpooled_url": null,
 "tag_list": "manpower, recruitment, staffing",
 "alias_list": null,
 "email_address": "jobs@aleafasia.com",
 "phone_number": "",
 "description": "Manpower Consultants",
 "created_at": "Sun Jun 09 08:26:05 UTC 2013",
 "updated_at": "Mon Jun 10 19:05:54 UTC 2013",
 "overview": "\u003Cp\u003EAleafAsia International is the Manpower recruitment division of AleafAsia Group which is registered in the Sri Lanka Bureau of Foreign Employment SLBFE with the license number 2642. AleafAsia are keen in professionalism in everything we do and focused on supplying skilled an semi-skilled manpower recruitment services to the Middle East and Malaysia for all sectors.\u003C/p\u003E\n\n\u003Cp\u003EAleafAsia aims to provide a Total Recruitment Solution to their clients and work to ensure a successful recruitment. AleafAsia has been successfully recruiting manpower for companies worldwide with some of the best available workers who seek career opportunities. \u003C/p\u003E",
 "image":
  {"available_sizes":
    [[[150,
       49],
      "http://api-images.crunchbase.com/assets/images/resized/0027/3277/273277v2-max-150x150.png"],
     [[205,
       68],
      "http://api-images.crunchbase.com/assets/images/resized/0027/3277/273277v2-max-250x250.png"],
     [[205,
       68],
      "http://api-images.crunchbase.com/assets/images/resized/0027/3277/273277v2-max-450x450.png"]],
   "attribution": null},
 "products":
  [],
 "relationships":
  [],
 "competitions":
  [],
 "providerships":
  [],
 "total_money_raised": "$0",
 "funding_rounds":
  [],
 "investments":
  [],
 "acquisition": null,
 "acquisitions":
  [],
 "offices":
  [],
 "milestones":
  [],
 "ipo": null,
 "video_embeds":
  [],
 "screenshots":
  [],
 "external_links":
  [],
 "partners":
  []}
