{"name": "Alexander Proudfoot",
 "permalink": "alexander-proudfoot",
 "crunchbase_url": "http://www.crunchbase.com/company/alexander-proudfoot",
 "homepage_url": null,
 "blog_url": null,
 "blog_feed_url": null,
 "twitter_username": null,
 "category_code": null,
 "number_of_employees": null,
 "founded_year": null,
 "founded_month": null,
 "founded_day": null,
 "deadpooled_year": null,
 "deadpooled_month": null,
 "deadpooled_day": null,
 "deadpooled_url": null,
 "tag_list": null,
 "alias_list": null,
 "email_address": null,
 "phone_number": null,
 "description": null,
 "created_at": "Sat Jun 15 15:12:09 UTC 2013",
 "updated_at": "Sat Jun 15 15:12:09 UTC 2013",
 "overview": null,
 "image": null,
 "products":
  [],
 "relationships":
  [{"is_past": false,
    "title": "Advisory Boards",
    "person":
     {"first_name": "Robert",
      "last_name": "A. Lutz",
      "permalink": "robert-a-lutz"}},
   {"is_past": true,
    "title": "Senior Manager",
    "person":
     {"first_name": "Jamie",
      "last_name": "Ward",
      "permalink": "jamie-ward"}},
   {"is_past": true,
    "title": "Executive Positions",
    "person":
     {"first_name": "John",
      "last_name": "DevoLites",
      "permalink": "john-devolites"}}],
 "competitions":
  [],
 "providerships":
  [],
 "total_money_raised": "$0",
 "funding_rounds":
  [],
 "investments":
  [],
 "acquisition": null,
 "acquisitions":
  [],
 "offices":
  [],
 "milestones":
  [],
 "ipo": null,
 "video_embeds":
  [],
 "screenshots":
  [],
 "external_links":
  [],
 "partners":
  []}
