{"name": "Alexico Group",
 "permalink": "alexico-group",
 "crunchbase_url": "http://www.crunchbase.com/company/alexico-group",
 "homepage_url": "http://alexicogroup.com",
 "blog_url": "",
 "blog_feed_url": "",
 "twitter_username": "alexicogroup",
 "category_code": "other",
 "number_of_employees": null,
 "founded_year": null,
 "founded_month": null,
 "founded_day": null,
 "deadpooled_year": null,
 "deadpooled_month": null,
 "deadpooled_day": null,
 "deadpooled_url": null,
 "tag_list": "alexico-group, real-estate",
 "alias_list": null,
 "email_address": "",
 "phone_number": "",
 "description": "Real Estate Developer ",
 "created_at": "Tue Jun 25 17:52:20 UTC 2013",
 "updated_at": "Wed Jul 24 19:59:57 UTC 2013",
 "overview": "\u003Cp\u003EBased in New York, Alexico Group LLC  s a real estate development firm with a portfolio of projects including The Mark Hotel, The Laurel, 165 Charles Street, and 56 Leonard. Alexico Group partners, Izak Senbahar and Simon Elias, collectively have more than 50 years of experience in development, construction, ownership, and management of Manhattan real estate.\u003C/p\u003E",
 "image":
  {"available_sizes":
    [[[150,
       150],
      "http://api-images.crunchbase.com/assets/images/resized/0028/1738/281738v2-max-150x150.jpg"],
     [[250,
       250],
      "http://api-images.crunchbase.com/assets/images/resized/0028/1738/281738v2-max-250x250.jpg"],
     [[350,
       350],
      "http://api-images.crunchbase.com/assets/images/resized/0028/1738/281738v2-max-450x450.jpg"]],
   "attribution": null},
 "products":
  [],
 "relationships":
  [{"is_past": false,
    "title": "President",
    "person":
     {"first_name": "Izak",
      "last_name": "Senbahar",
      "permalink": "izak-senbahar"}},
   {"is_past": true,
    "title": "President",
    "person":
     {"first_name": "Simon",
      "last_name": "Elias",
      "permalink": "simon-elias"}}],
 "competitions":
  [],
 "providerships":
  [],
 "total_money_raised": "$0",
 "funding_rounds":
  [],
 "investments":
  [],
 "acquisition": null,
 "acquisitions":
  [],
 "offices":
  [{"description": "New York HQ",
    "address1": "150 E 58th St # 33",
    "address2": "",
    "zip_code": "10155",
    "city": "New York",
    "state_code": "NY",
    "country_code": "USA",
    "latitude": null,
    "longitude": null}],
 "milestones":
  [],
 "ipo": null,
 "video_embeds":
  [{"embed_code": "\u003Ciframe width=\"560\" height=\"315\" src=\"//www.youtube.com/embed/wl7ilxoJU_k\" frameborder=\"0\" allowfullscreen\u003E\u003C/iframe\u003E",
    "description": "\u003Cp\u003EAlexico Group Project: 56 Leonard\u003C/p\u003E"}],
 "screenshots":
  [],
 "external_links":
  [],
 "partners":
  []}
