{"name": "Algorithms.io",
 "permalink": "algorithms-io",
 "crunchbase_url": "http://www.crunchbase.com/company/algorithms-io",
 "homepage_url": "http://www.algorithms.io",
 "blog_url": "http://www.algorithms.io/blog/",
 "blog_feed_url": "",
 "twitter_username": "algorithms_io",
 "category_code": "enterprise",
 "number_of_employees": 3,
 "founded_year": 2012,
 "founded_month": 1,
 "founded_day": null,
 "deadpooled_year": null,
 "deadpooled_month": null,
 "deadpooled_day": null,
 "deadpooled_url": null,
 "tag_list": "software-as-a-service, machine-learning, b2b",
 "alias_list": null,
 "email_address": "support@algorithms.io",
 "phone_number": "(415) 857 2769",
 "description": "Algorithms as a Service",
 "created_at": "Mon Jun 24 20:20:52 UTC 2013",
 "updated_at": "Tue Dec 31 22:13:42 UTC 2013",
 "overview": "\u003Cp\u003EAlgorithms.io provides a machine learning platform for the classification of streaming data.  The company\u0026#8217;s platform is used to ingest, store, and analyze streaming data generated by devices, sensor, and machines.\u003C/p\u003E",
 "image":
  {"available_sizes":
    [[[150,
       115],
      "http://api-images.crunchbase.com/assets/images/resized/0027/9495/279495v2-max-150x150.jpg"],
     [[250,
       193],
      "http://api-images.crunchbase.com/assets/images/resized/0027/9495/279495v2-max-250x250.jpg"],
     [[450,
       347],
      "http://api-images.crunchbase.com/assets/images/resized/0027/9495/279495v2-max-450x450.jpg"]],
   "attribution": null},
 "products":
  [],
 "relationships":
  [{"is_past": false,
    "title": "Founder, VP Platform",
    "person":
     {"first_name": "Anthony",
      "last_name": "Yee",
      "permalink": "anthony-yee"}},
   {"is_past": false,
    "title": "Founder, CEO",
    "person":
     {"first_name": "Andy",
      "last_name": "Bartley",
      "permalink": "andy-bartley-2"}},
   {"is_past": false,
    "title": "Founder, VP Engineering",
    "person":
     {"first_name": "Garland",
      "last_name": "Kan",
      "permalink": "garland-kan"}},
   {"is_past": false,
    "title": "Board Member",
    "person":
     {"first_name": "Tyler",
      "last_name": "Rorabaugh",
      "permalink": "tyler-rorabaugh"}},
   {"is_past": true,
    "title": "Chief Data Science Advisor",
    "person":
     {"first_name": "Rajiv",
      "last_name": "Subrahmanyam",
      "permalink": "rajiv-subrahmanyam"}}],
 "competitions":
  [],
 "providerships":
  [{"title": "Legal",
    "is_past": true,
    "provider":
     {"name": "Kalia Law Group",
      "permalink": "kalia-law-group"}}],
 "total_money_raised": "$0",
 "funding_rounds":
  [],
 "investments":
  [],
 "acquisition":
  {"price_amount": null,
   "price_currency_code": "USD",
   "term_code": null,
   "source_url": "http://www.prlog.org/12253274-lumendata-acquires-algorithmsio-expanding-data-strategy-capabilities.html",
   "source_description": "LumenData Acquires Algorithms.io, Expanding Data Strategy Capabilities",
   "acquired_year": 2013,
   "acquired_month": 12,
   "acquired_day": 4,
   "acquiring_company":
    {"name": "LumenData",
     "permalink": "lumendata-deleted"}},
 "acquisitions":
  [],
 "offices":
  [{"description": "Algorithms.io",
    "address1": "800 W El Camino Real",
    "address2": "Suite 180",
    "zip_code": "94040",
    "city": "Mountain View",
    "state_code": "CA",
    "country_code": "USA",
    "latitude": null,
    "longitude": null}],
 "milestones":
  [{"id": 43291,
    "description": "Startups Algorithms.io, Bugcrowd, E3 Clean Technologies, FLASHiZ, OnFarm, and WHILL Voted Highest Honors by SVForum\u2019s Launch: Silicon Valley Expert VC-Angel Panel and Audience",
    "stoned_year": 2013,
    "stoned_month": 6,
    "stoned_day": 6,
    "source_url": "http://www.businesswire.com/news/home/20130605006509/en/SVForum-Names-Launch-Silicon-Valley-2013-Top",
    "source_text": null,
    "source_description": "SVForum Names Launch: Silicon Valley 2013 Top Award Winners",
    "stoneable_type": "Company",
    "stoned_value": null,
    "stoned_value_type": null,
    "stoned_acquirer": null,
    "stoneable":
     {"name": "Algorithms.io",
      "permalink": "algorithms-io"}},
   {"id": 43292,
    "description": "Algorithms.io Wins Data 2.0 Summit 2013 Startup Pitch Competition",
    "stoned_year": 2013,
    "stoned_month": 7,
    "stoned_day": 22,
    "source_url": "http://data2x.com/algorithms-io-wins-data-2-0-summit-2013-startup-pitch-competition",
    "source_text": null,
    "source_description": "Algorithms.io Wins Data 2.0 Summit 2013 Startup Pitch Competition",
    "stoneable_type": "Company",
    "stoned_value": null,
    "stoned_value_type": null,
    "stoned_acquirer": null,
    "stoneable":
     {"name": "Algorithms.io",
      "permalink": "algorithms-io"}},
   {"id": 43293,
    "description": "DataWeek is excited to interview Andy Bartley, the CEO and Founder of this month\u2019s Data Startup of the Month \u2013 Algorithms.io!",
    "stoned_year": 2013,
    "stoned_month": 9,
    "stoned_day": 28,
    "source_url": "http://dataweek.co/algorithms-io-wins-data-2-0-summit-2013-startup-pitch-competition/",
    "source_text": null,
    "source_description": "September Startup of the Month: Algorithms.io",
    "stoneable_type": "Company",
    "stoned_value": null,
    "stoned_value_type": null,
    "stoned_acquirer": null,
    "stoneable":
     {"name": "Algorithms.io",
      "permalink": "algorithms-io"}}],
 "ipo": null,
 "video_embeds":
  [],
 "screenshots":
  [{"available_sizes":
     [[[150,
        81],
       "http://api-images.crunchbase.com/assets/images/resized/0036/5696/365696v3-max-150x150.png"],
      [[250,
        135],
       "http://api-images.crunchbase.com/assets/images/resized/0036/5696/365696v3-max-250x250.png"],
      [[450,
        244],
       "http://api-images.crunchbase.com/assets/images/resized/0036/5696/365696v3-max-450x450.png"]],
    "attribution": null},
   {"available_sizes":
     [[[150,
        127],
       "http://api-images.crunchbase.com/assets/images/resized/0036/5701/365701v2-max-150x150.png"],
      [[250,
        211],
       "http://api-images.crunchbase.com/assets/images/resized/0036/5701/365701v2-max-250x250.png"],
      [[450,
        381],
       "http://api-images.crunchbase.com/assets/images/resized/0036/5701/365701v2-max-450x450.png"]],
    "attribution": null}],
 "external_links":
  [{"external_url": "http://www.mercurynews.com/business/ci_23395975/six-startups-named-most-likely-succeed",
    "title": "Algorithms.io Voted \"Most Likely To Succeed at Silicon Valley Launch Conference\""},
   {"external_url": "http://blog.programmableweb.com/2013/06/04/pw-interview-andy-bartley-ceo-algorithms-io/",
    "title": "Interview with Programmable Web"}],
 "partners":
  []}
