{"name": "Algonquin Orthodontics",
 "permalink": "algonquin-orthodontics",
 "crunchbase_url": "http://www.crunchbase.com/company/algonquin-orthodontics",
 "homepage_url": "http://www.algonquinorthodontics.com",
 "blog_url": "",
 "blog_feed_url": "",
 "twitter_username": null,
 "category_code": "other",
 "number_of_employees": null,
 "founded_year": null,
 "founded_month": null,
 "founded_day": null,
 "deadpooled_year": null,
 "deadpooled_month": null,
 "deadpooled_day": null,
 "deadpooled_url": null,
 "tag_list": "orthodontist-algonquin-il, orthodontist-huntley-il, orthodontist-lake-in-the-hills-il, braces-algonquin, lake-in-the-hills, huntley",
 "alias_list": null,
 "email_address": "algonquinorthodonticsebiz@gmail.com",
 "phone_number": "(847) 854-0011",
 "description": "Algonquin Orthodontics offers dentistry.",
 "created_at": "Sat Jun 08 14:35:26 UTC 2013",
 "updated_at": "Mon Jun 10 19:00:57 UTC 2013",
 "overview": "\u003Cp\u003EYou demand the best in orthodontic care and Algonquin Orthodontics is committed to your satisfaction. Preferred provider: Delta, Metlife, Aetna, Cigna, and others since 1996. Dr. Brian O\u0026#8217;Byrn, DDS. Serving Huntley, Crystal Lake and nearby areas.\u003C/p\u003E",
 "image":
  {"available_sizes":
    [[[150,
       81],
      "http://api-images.crunchbase.com/assets/images/resized/0027/3178/273178v2-max-150x150.jpg"],
     [[174,
       95],
      "http://api-images.crunchbase.com/assets/images/resized/0027/3178/273178v2-max-250x250.jpg"],
     [[174,
       95],
      "http://api-images.crunchbase.com/assets/images/resized/0027/3178/273178v2-max-450x450.jpg"]],
   "attribution": null},
 "products":
  [],
 "relationships":
  [],
 "competitions":
  [],
 "providerships":
  [],
 "total_money_raised": "$0",
 "funding_rounds":
  [],
 "investments":
  [],
 "acquisition": null,
 "acquisitions":
  [],
 "offices":
  [],
 "milestones":
  [],
 "ipo": null,
 "video_embeds":
  [],
 "screenshots":
  [],
 "external_links":
  [],
 "partners":
  []}
