{"name": "AlgoFast",
 "permalink": "algofast",
 "crunchbase_url": "http://www.crunchbase.com/company/algofast",
 "homepage_url": "http://www.AlgoFast.com",
 "blog_url": "http://www.AlgoFast.com/our_blog",
 "blog_feed_url": "",
 "twitter_username": "AlgoFast",
 "category_code": "software",
 "number_of_employees": null,
 "founded_year": 2011,
 "founded_month": null,
 "founded_day": null,
 "deadpooled_year": null,
 "deadpooled_month": null,
 "deadpooled_day": null,
 "deadpooled_url": null,
 "tag_list": "algorithmic-news, event-trading, electronic-trading, machine-readable-news, algorithmic-trading, natural-language",
 "alias_list": null,
 "email_address": "contact@algofast.com",
 "phone_number": "3123474806",
 "description": "Algorithmic News Event Trading",
 "created_at": "Mon Jul 01 19:05:24 UTC 2013",
 "updated_at": "Wed Jul 03 22:50:13 UTC 2013",
 "overview": "\u003Cp\u003EAlgoFast is a patent pending event based software platform that allows individual and institutional investors to execute automated trades in response to a wide array of economic and corporate indicators. Through its proprietary algorithms that integrate various news feeds with multiple predetermined settings by the user, the Company\u2019s software triggers trades within 100 microseconds upon receipt of relevant economic data from various sources including Dow Jones and NASDAQ. AlgoFast is the only company that currently has the ability to redistribute the binary machine readable news feeds from Dow Jones and NASDAQ for customers, positioning it effectively as the \u201ccable company\u201d with proprietary feeds and a patented box. AlgoFast is targeting three end markets: 1) Professional Traders 2) Online Brokerages and 3) Private Wealth Managers / RIAs. There is no comparable product available for retail investors.\u003C/p\u003E",
 "image":
  {"available_sizes":
    [[[150,
       26],
      "http://api-images.crunchbase.com/assets/images/resized/0028/3941/283941v1-max-150x150.png"],
     [[250,
       43],
      "http://api-images.crunchbase.com/assets/images/resized/0028/3941/283941v1-max-250x250.png"],
     [[297,
       52],
      "http://api-images.crunchbase.com/assets/images/resized/0028/3941/283941v1-max-450x450.png"]],
   "attribution": null},
 "products":
  [],
 "relationships":
  [],
 "competitions":
  [],
 "providerships":
  [],
 "total_money_raised": "$0",
 "funding_rounds":
  [],
 "investments":
  [],
 "acquisition": null,
 "acquisitions":
  [],
 "offices":
  [{"description": "Chicago Office",
    "address1": "",
    "address2": "",
    "zip_code": "",
    "city": "",
    "state_code": null,
    "country_code": "USA",
    "latitude": null,
    "longitude": null}],
 "milestones":
  [],
 "ipo": null,
 "video_embeds":
  [{"embed_code": "\u003Ciframe width=\"430\" height=\"242\" src=\"//www.youtube.com/embed/Hm3VmgzJDPo\" frameborder=\"0\" allowfullscreen\u003E\u003C/iframe\u003E",
    "description": ""}],
 "screenshots":
  [{"available_sizes":
     [[[150,
        87],
       "http://api-images.crunchbase.com/assets/images/resized/0028/2664/282664v2-max-150x150.png"],
      [[250,
        145],
       "http://api-images.crunchbase.com/assets/images/resized/0028/2664/282664v2-max-250x250.png"],
      [[450,
        261],
       "http://api-images.crunchbase.com/assets/images/resized/0028/2664/282664v2-max-450x450.png"]],
    "attribution": null},
   {"available_sizes":
     [[[150,
        111],
       "http://api-images.crunchbase.com/assets/images/resized/0028/2665/282665v2-max-150x150.png"],
      [[250,
        186],
       "http://api-images.crunchbase.com/assets/images/resized/0028/2665/282665v2-max-250x250.png"],
      [[412,
        307],
       "http://api-images.crunchbase.com/assets/images/resized/0028/2665/282665v2-max-450x450.png"]],
    "attribution": null}],
 "external_links":
  [{"external_url": "http://blacklinereview.com/review-event-based-algorithmic-platform-for-trading-amateurs-pros/",
    "title": "Blackline Review"},
   {"external_url": "http://www.wallstreetandtech.com/data-latency/cqg-and-continuum-join-forces-with-algof/240153440",
    "title": "Wall Street \u0026 Technology"},
   {"external_url": "http://www.johnlothiannewsletter.com/2012/10/justin-bouchard-algofast-event-driven-trading/",
    "title": "Lothian Letter"},
   {"external_url": "http://low-latency.com/blog/bouchard-rolls-algofast-event-driven-trading-platform",
    "title": "Low Latency.com"}],
 "partners":
  [{"partner_name": "angel_list",
    "homepage_url": "http://www.algofast.com",
    "link_1_url": "https://angel.co/algofast",
    "link_2_url": null,
    "link_3_url": null,
    "link_1_name": "AngelList Page",
    "link_2_name": null,
    "link_3_name": null}]}
