{"name": "ALICE App",
 "permalink": "alice-app",
 "crunchbase_url": "http://www.crunchbase.com/company/alice-app",
 "homepage_url": "http://www.alice-app.com",
 "blog_url": "",
 "blog_feed_url": "",
 "twitter_username": "ALICE_app",
 "category_code": "mobile",
 "number_of_employees": 6,
 "founded_year": 2012,
 "founded_month": 7,
 "founded_day": null,
 "deadpooled_year": null,
 "deadpooled_month": null,
 "deadpooled_day": null,
 "deadpooled_url": null,
 "tag_list": "hospitality, technology, mobile",
 "alias_list": "",
 "email_address": "info@alice-app.com",
 "phone_number": "",
 "description": "A Life Improving Customer Experience",
 "created_at": "Thu Jun 20 17:09:03 UTC 2013",
 "updated_at": "Thu Mar 27 02:47:53 UTC 2014",
 "overview": "\u003Cp\u003EALICE (A Life Improving Customer Experience) is a platform that allows hoteliers to provide mobile services to their guests. \u003C/p\u003E\n\n\u003Cp\u003EThrough ALICE, hotel guests can remotely connect to a hotel\u2019s entire suite of services through their smartphone, whether they are on or off-premises. ALICE enables guests to access and purchase more of the services they want, whenever they want them. ALICE makes requesting and booking services such as spa treatments, room service, housekeeping requests, and restaurant reservations simple, efficient, and accessible. ALICE\u2019s innovative platform will enable hotels to connect with their customer 24/7, resulting in improved revenue as well as enhanced efficiency of daily operations and task management.\u003C/p\u003E\n\n\u003Cp\u003EAs a network, ALICE will actively collect guests\u2019 preferences and behavior through their activities in all partnered hotels. Hotels will be able to better understand their guests and use this accumulated data to better serve their needs. Through ALICE, a hotel can share relevant promotions, unused services and available upgrades as they arise to specific guests with the highest chance of acting on the promotion\u003C/p\u003E",
 "image":
  {"available_sizes":
    [[[150,
       138],
      "http://api-images.crunchbase.com/assets/images/resized/0027/7923/277923v2-max-150x150.jpg"],
     [[250,
       231],
      "http://api-images.crunchbase.com/assets/images/resized/0027/7923/277923v2-max-250x250.jpg"],
     [[450,
       416],
      "http://api-images.crunchbase.com/assets/images/resized/0027/7923/277923v2-max-450x450.jpg"]],
   "attribution": null},
 "products":
  [],
 "relationships":
  [{"is_past": false,
    "title": "Founder, COO",
    "person":
     {"first_name": "Julie",
      "last_name": "Ulrich",
      "permalink": "julie-ulrich"}},
   {"is_past": false,
    "title": "Founder",
    "person":
     {"first_name": "Justin",
      "last_name": "Effron",
      "permalink": "justin-effron"}},
   {"is_past": false,
    "title": "CTO",
    "person":
     {"first_name": "Dmitry",
      "last_name": "Koltunov",
      "permalink": "dmitry-koltunov"}},
   {"is_past": false,
    "title": "President",
    "person":
     {"first_name": "Alex",
      "last_name": "Shashou",
      "permalink": "alex-shashou"}},
   {"is_past": true,
    "title": "COO",
    "person":
     {"first_name": "Julie",
      "last_name": "Ulrich",
      "permalink": "julie-ulrich"}}],
 "competitions":
  [],
 "providerships":
  [],
 "total_money_raised": "$500k",
 "funding_rounds":
  [{"id": 40442,
    "round_code": "seed",
    "source_url": "",
    "source_description": "",
    "raised_amount": 500000.0,
    "raised_currency_code": "USD",
    "funded_year": 2013,
    "funded_month": 6,
    "funded_day": 1,
    "investments":
     []}],
 "investments":
  [],
 "acquisition": null,
 "acquisitions":
  [],
 "offices":
  [{"description": "Headquarters",
    "address1": "11 W 17th Street",
    "address2": "",
    "zip_code": "10011",
    "city": "New York",
    "state_code": "NY",
    "country_code": "USA",
    "latitude": null,
    "longitude": null}],
 "milestones":
  [],
 "ipo": null,
 "video_embeds":
  [],
 "screenshots":
  [{"available_sizes":
     [[[100,
        150],
       "http://api-images.crunchbase.com/assets/images/resized/0033/6841/336841v2-max-150x150.jpg"],
      [[166,
        250],
       "http://api-images.crunchbase.com/assets/images/resized/0033/6841/336841v2-max-250x250.jpg"],
      [[300,
        450],
       "http://api-images.crunchbase.com/assets/images/resized/0033/6841/336841v2-max-450x450.jpg"]],
    "attribution": null},
   {"available_sizes":
     [[[84,
        150],
       "http://api-images.crunchbase.com/assets/images/resized/0033/6842/336842v2-max-150x150.png"],
      [[140,
        250],
       "http://api-images.crunchbase.com/assets/images/resized/0033/6842/336842v2-max-250x250.png"],
      [[253,
        450],
       "http://api-images.crunchbase.com/assets/images/resized/0033/6842/336842v2-max-450x450.png"]],
    "attribution": null},
   {"available_sizes":
     [[[84,
        150],
       "http://api-images.crunchbase.com/assets/images/resized/0033/6843/336843v2-max-150x150.png"],
      [[140,
        250],
       "http://api-images.crunchbase.com/assets/images/resized/0033/6843/336843v2-max-250x250.png"],
      [[253,
        450],
       "http://api-images.crunchbase.com/assets/images/resized/0033/6843/336843v2-max-450x450.png"]],
    "attribution": null},
   {"available_sizes":
     [[[84,
        150],
       "http://api-images.crunchbase.com/assets/images/resized/0033/6844/336844v2-max-150x150.png"],
      [[140,
        250],
       "http://api-images.crunchbase.com/assets/images/resized/0033/6844/336844v2-max-250x250.png"],
      [[253,
        450],
       "http://api-images.crunchbase.com/assets/images/resized/0033/6844/336844v2-max-450x450.png"]],
    "attribution": null},
   {"available_sizes":
     [[[100,
        150],
       "http://api-images.crunchbase.com/assets/images/resized/0033/6845/336845v2-max-150x150.jpg"],
      [[166,
        250],
       "http://api-images.crunchbase.com/assets/images/resized/0033/6845/336845v2-max-250x250.jpg"],
      [[300,
        450],
       "http://api-images.crunchbase.com/assets/images/resized/0033/6845/336845v2-max-450x450.jpg"]],
    "attribution": null},
   {"available_sizes":
     [[[150,
        93],
       "http://api-images.crunchbase.com/assets/images/resized/0033/6846/336846v2-max-150x150.png"],
      [[250,
        156],
       "http://api-images.crunchbase.com/assets/images/resized/0033/6846/336846v2-max-250x250.png"],
      [[450,
        281],
       "http://api-images.crunchbase.com/assets/images/resized/0033/6846/336846v2-max-450x450.png"]],
    "attribution": null},
   {"available_sizes":
     [[[150,
        93],
       "http://api-images.crunchbase.com/assets/images/resized/0033/6847/336847v2-max-150x150.png"],
      [[250,
        156],
       "http://api-images.crunchbase.com/assets/images/resized/0033/6847/336847v2-max-250x250.png"],
      [[450,
        281],
       "http://api-images.crunchbase.com/assets/images/resized/0033/6847/336847v2-max-450x450.png"]],
    "attribution": null}],
 "external_links":
  [],
 "partners":
  []}
