{"name": "Alijor.com",
 "permalink": "alijor-com",
 "crunchbase_url": "http://www.crunchbase.com/company/alijor-com",
 "homepage_url": null,
 "blog_url": null,
 "blog_feed_url": null,
 "twitter_username": null,
 "category_code": null,
 "number_of_employees": null,
 "founded_year": null,
 "founded_month": null,
 "founded_day": null,
 "deadpooled_year": null,
 "deadpooled_month": null,
 "deadpooled_day": null,
 "deadpooled_url": null,
 "tag_list": null,
 "alias_list": null,
 "email_address": null,
 "phone_number": null,
 "description": null,
 "created_at": "Sun Jun 16 12:26:30 UTC 2013",
 "updated_at": "Mon Jun 17 04:32:13 UTC 2013",
 "overview": "\u003Cp\u003EAlijor, LLC operates as an online healthcare community that helps patients and doctors to communicate and connect with each other. It enables patients to search for and contact providers by phone or email in their geographic area, and post their medical needs. The company allows providers to post their services and fees, and also to search for patients who have posted their needs. Alijor, LLC was founded in 2005 and is based in Sunnyvale, California.\u003C/p\u003E",
 "image": null,
 "products":
  [],
 "relationships":
  [{"is_past": true,
    "title": "Architect / Tech Lead",
    "person":
     {"first_name": "Bogdan",
      "last_name": "Cirlig",
      "permalink": "bogdan-cirlig"}}],
 "competitions":
  [],
 "providerships":
  [],
 "total_money_raised": "$0",
 "funding_rounds":
  [],
 "investments":
  [],
 "acquisition": null,
 "acquisitions":
  [],
 "offices":
  [],
 "milestones":
  [],
 "ipo": null,
 "video_embeds":
  [],
 "screenshots":
  [],
 "external_links":
  [],
 "partners":
  []}
