{"name": "Alinagar khabar",
 "permalink": "alinagar-khabar",
 "crunchbase_url": "http://www.crunchbase.com/company/alinagar-khabar",
 "homepage_url": null,
 "blog_url": null,
 "blog_feed_url": null,
 "twitter_username": null,
 "category_code": null,
 "number_of_employees": null,
 "founded_year": null,
 "founded_month": null,
 "founded_day": null,
 "deadpooled_year": null,
 "deadpooled_month": null,
 "deadpooled_day": null,
 "deadpooled_url": null,
 "tag_list": "www-facebook-comalinagarkhabar",
 "alias_list": null,
 "email_address": null,
 "phone_number": null,
 "description": null,
 "created_at": "Sun Jun 23 18:19:05 UTC 2013",
 "updated_at": "Tue Dec 03 10:15:32 UTC 2013",
 "overview": null,
 "image":
  {"available_sizes":
    [[[150,
       90],
      "http://api-images.crunchbase.com/assets/images/resized/0033/8966/338966v2-max-150x150.png"],
     [[250,
       150],
      "http://api-images.crunchbase.com/assets/images/resized/0033/8966/338966v2-max-250x250.png"],
     [[450,
       270],
      "http://api-images.crunchbase.com/assets/images/resized/0033/8966/338966v2-max-450x450.png"]],
   "attribution": null},
 "products":
  [],
 "relationships":
  [{"is_past": false,
    "title": "Local news",
    "person":
     {"first_name": "Shamss",
      "last_name": "Tabrez",
      "permalink": "shamss-tabrez"}}],
 "competitions":
  [],
 "providerships":
  [],
 "total_money_raised": "$0",
 "funding_rounds":
  [],
 "investments":
  [],
 "acquisition": null,
 "acquisitions":
  [],
 "offices":
  [{"description": "Alinagar khabar",
    "address1": "Alinagar",
    "address2": "Alinagar block",
    "zip_code": "847405",
    "city": "Darbhanga",
    "state_code": "IN",
    "country_code": "IND",
    "latitude": null,
    "longitude": null}],
 "milestones":
  [{"id": 43642,
    "description": "Daily news and jocks update ",
    "stoned_year": 2013,
    "stoned_month": 2,
    "stoned_day": 4,
    "source_url": "http://m.facebook.com/profile.php?id=227609920712675\u0026refid=5\u0026ref=stream",
    "source_text": null,
    "source_description": "Alinagar khabar",
    "stoneable_type": "Company",
    "stoned_value": null,
    "stoned_value_type": null,
    "stoned_acquirer": null,
    "stoneable":
     {"name": "Alinagar khabar",
      "permalink": "alinagar-khabar"}}],
 "ipo": null,
 "video_embeds":
  [],
 "screenshots":
  [],
 "external_links":
  [{"external_url": "http://m.facebook.com/profile.php?id=227609920712675\u0026refid=5\u0026ref=stream",
    "title": ""}],
 "partners":
  []}
