{"name": "ALL MAVEN, Inc.",
 "permalink": "all-maven",
 "crunchbase_url": "http://www.crunchbase.com/company/all-maven",
 "homepage_url": "http://allmaven.com",
 "blog_url": "",
 "blog_feed_url": "",
 "twitter_username": "AllMaven",
 "category_code": "consulting",
 "number_of_employees": 7,
 "founded_year": 2013,
 "founded_month": 1,
 "founded_day": 7,
 "deadpooled_year": null,
 "deadpooled_month": null,
 "deadpooled_day": null,
 "deadpooled_url": null,
 "tag_list": "small-business-development, creative-services-agency, consulting, consulting-firm, graphic-design, business-development, research, business-administration, web-design, ecommerce, custom-web-design, mobile-marketing, mobile-websites, mobile-apps, facebook-",
 "alias_list": "nwa-connect",
 "email_address": "info@allmaven.com",
 "phone_number": "855-462-5562",
 "description": "Small Business Development",
 "created_at": "Sun Jun 23 05:24:58 UTC 2013",
 "updated_at": "Fri Mar 07 09:37:09 UTC 2014",
 "overview": "\u003Cp\u003EALL MAVEN, Inc. is a Small Business Development firm that specializes in Creative Services, Brand Communications, Marketing and Advertising.\u003C/p\u003E\n\n\u003Cp\u003ECore services include: Web Design, Graphic Design, Marketing, Advertising, Business Administration, Research, Consulting, Business Development Services, Mobile, SEO and Social Media Marketing. ALL MAVEN also takes businesses a step further to help with Brand Development through philanthropy, event marketing and community involvement.\u003C/p\u003E\n\n\u003Cp\u003EALL MAVEN focuses on Small Business Education first, giving business owners the fundamental tools needed and the best chance for success.\u003C/p\u003E",
 "image":
  {"available_sizes":
    [[[150,
       67],
      "http://api-images.crunchbase.com/assets/images/resized/0033/7887/337887v2-max-150x150.png"],
     [[250,
       112],
      "http://api-images.crunchbase.com/assets/images/resized/0033/7887/337887v2-max-250x250.png"],
     [[450,
       202],
      "http://api-images.crunchbase.com/assets/images/resized/0033/7887/337887v2-max-450x450.png"]],
   "attribution": null},
 "products":
  [],
 "relationships":
  [{"is_past": false,
    "title": "CEO \u0026 President",
    "person":
     {"first_name": "Alexandra",
      "last_name": "Lipscomb",
      "permalink": "alexandra-lipscomb"}},
   {"is_past": false,
    "title": "Chief Financial Officer",
    "person":
     {"first_name": "Cydney",
      "last_name": "Talley",
      "permalink": "cydney-talley"}}],
 "competitions":
  [],
 "providerships":
  [],
 "total_money_raised": "$0",
 "funding_rounds":
  [],
 "investments":
  [],
 "acquisition": null,
 "acquisitions":
  [],
 "offices":
  [{"description": "Corporate Headquarters",
    "address1": "2244 Faraday Avenue",
    "address2": "Suite 152",
    "zip_code": "92008",
    "city": "Carlsbad",
    "state_code": "CA",
    "country_code": "USA",
    "latitude": 33.1343704,
    "longitude": -117.2785857}],
 "milestones":
  [],
 "ipo": null,
 "video_embeds":
  [],
 "screenshots":
  [{"available_sizes":
     [[[150,
        69],
       "http://api-images.crunchbase.com/assets/images/resized/0042/8952/428952v2-max-150x150.png"],
      [[250,
        115],
       "http://api-images.crunchbase.com/assets/images/resized/0042/8952/428952v2-max-250x250.png"],
      [[450,
        208],
       "http://api-images.crunchbase.com/assets/images/resized/0042/8952/428952v2-max-450x450.png"]],
    "attribution": null}],
 "external_links":
  [],
 "partners":
  []}
