{"name": "All Pro Door Repair",
 "permalink": "all-pro-door-repair",
 "crunchbase_url": "http://www.crunchbase.com/company/all-pro-door-repair",
 "homepage_url": "http://www.allprodoor.com",
 "blog_url": "http://www.allprodoor.com/blog/",
 "blog_feed_url": "",
 "twitter_username": "AllProDoorRpr",
 "category_code": "other",
 "number_of_employees": null,
 "founded_year": 2001,
 "founded_month": null,
 "founded_day": null,
 "deadpooled_year": null,
 "deadpooled_month": null,
 "deadpooled_day": null,
 "deadpooled_url": null,
 "tag_list": "garage-door-repair, garage-door-installation, new-garage-doors",
 "alias_list": null,
 "email_address": "allprodoorrepair@gmail.com",
 "phone_number": "(972) 624-1515",
 "description": "Your Residential Garage Door Specialists",
 "created_at": "Tue Jun 25 13:42:32 UTC 2013",
 "updated_at": "Tue Jun 25 17:48:31 UTC 2013",
 "overview": "\u003Cp\u003E\u0026#8220;All Pro Doors proudly serves the entire DFW metroplex with Garage Door Installation and Repair, Residential Gate Installation and Repair, and commercial Entry Doors and dock doors.\u003C/p\u003E\n\n\u003Cp\u003EIf you live in Carrollton, Dallas, Denton, Flower Mound, Lewisville, Plano, The Colony, or any of the surrounding cities, we\u0026#8217;d be delighted to visit with you and install your new Garage Door, or see what can be done to repair your broken one! We offer the best name brands and will ensure that your Garage door looks great and functions perfectly!\u0026#8221;\u003C/p\u003E",
 "image":
  {"available_sizes":
    [[[150,
       150],
      "http://api-images.crunchbase.com/assets/images/resized/0027/9912/279912v2-max-150x150.jpg"],
     [[250,
       250],
      "http://api-images.crunchbase.com/assets/images/resized/0027/9912/279912v2-max-250x250.jpg"],
     [[450,
       450],
      "http://api-images.crunchbase.com/assets/images/resized/0027/9912/279912v2-max-450x450.jpg"]],
   "attribution": null},
 "products":
  [],
 "relationships":
  [{"is_past": false,
    "title": "owner",
    "person":
     {"first_name": "Tom",
      "last_name": "Focht",
      "permalink": "tom-focht"}}],
 "competitions":
  [],
 "providerships":
  [],
 "total_money_raised": "$0",
 "funding_rounds":
  [],
 "investments":
  [],
 "acquisition": null,
 "acquisitions":
  [],
 "offices":
  [{"description": "All Pro Door Repair",
    "address1": "5536 Ramsey Dr",
    "address2": "",
    "zip_code": "75056",
    "city": "The Colony",
    "state_code": "TX",
    "country_code": "USA",
    "latitude": null,
    "longitude": null}],
 "milestones":
  [],
 "ipo": null,
 "video_embeds":
  [],
 "screenshots":
  [],
 "external_links":
  [{"external_url": "http://www.allprodoor.com/",
    "title": "All Pro Door Repair"}],
 "partners":
  []}
