{"name": "all.com",
 "permalink": "all-com",
 "crunchbase_url": "http://www.crunchbase.com/company/all-com",
 "homepage_url": null,
 "blog_url": null,
 "blog_feed_url": null,
 "twitter_username": null,
 "category_code": null,
 "number_of_employees": null,
 "founded_year": null,
 "founded_month": null,
 "founded_day": null,
 "deadpooled_year": null,
 "deadpooled_month": null,
 "deadpooled_day": null,
 "deadpooled_url": null,
 "tag_list": null,
 "alias_list": null,
 "email_address": null,
 "phone_number": null,
 "description": null,
 "created_at": "Sat Jun 22 04:55:23 UTC 2013",
 "updated_at": "Sat Jun 22 04:55:23 UTC 2013",
 "overview": null,
 "image": null,
 "products":
  [],
 "relationships":
  [{"is_past": true,
    "title": "Founder \u0026 COO",
    "person":
     {"first_name": "Scott",
      "last_name": "Abel",
      "permalink": "scott-abel"}},
   {"is_past": true,
    "title": "VP Development",
    "person":
     {"first_name": "Greg",
      "last_name": "Kattawar",
      "permalink": "greg-kattawar"}},
   {"is_past": true,
    "title": "Market Segment Manager",
    "person":
     {"first_name": "Michelle",
      "last_name": "Howell",
      "permalink": "michelle-howell"}},
   {"is_past": true,
    "title": "Software Engineer",
    "person":
     {"first_name": "Tabrez",
      "last_name": "Syed",
      "permalink": "tabrez-syed"}}],
 "competitions":
  [],
 "providerships":
  [],
 "total_money_raised": "$0",
 "funding_rounds":
  [],
 "investments":
  [],
 "acquisition": null,
 "acquisitions":
  [],
 "offices":
  [],
 "milestones":
  [],
 "ipo": null,
 "video_embeds":
  [],
 "screenshots":
  [],
 "external_links":
  [],
 "partners":
  []}
