{"name": "Allen \u0026 Buckeridge Pty Ltd",
 "permalink": "allen-buckeridge-pty-ltd",
 "crunchbase_url": "http://www.crunchbase.com/company/allen-buckeridge-pty-ltd",
 "homepage_url": null,
 "blog_url": null,
 "blog_feed_url": null,
 "twitter_username": null,
 "category_code": null,
 "number_of_employees": null,
 "founded_year": null,
 "founded_month": null,
 "founded_day": null,
 "deadpooled_year": null,
 "deadpooled_month": null,
 "deadpooled_day": null,
 "deadpooled_url": null,
 "tag_list": null,
 "alias_list": null,
 "email_address": null,
 "phone_number": null,
 "description": null,
 "created_at": "Fri Jul 05 11:19:27 UTC 2013",
 "updated_at": "Fri Jul 05 11:19:27 UTC 2013",
 "overview": null,
 "image": null,
 "products":
  [],
 "relationships":
  [{"is_past": true,
    "title": "Senior Associate",
    "person":
     {"first_name": "Erik",
      "last_name": "Jorgensen",
      "permalink": "erik-jorgensen"}},
   {"is_past": true,
    "title": "Senior Associate with the Australian Technology",
    "person":
     {"first_name": "Tristan",
      "last_name": "Langley",
      "permalink": "tristan-langley"}}],
 "competitions":
  [],
 "providerships":
  [],
 "total_money_raised": "$0",
 "funding_rounds":
  [],
 "investments":
  [],
 "acquisition": null,
 "acquisitions":
  [],
 "offices":
  [],
 "milestones":
  [],
 "ipo": null,
 "video_embeds":
  [],
 "screenshots":
  [],
 "external_links":
  [],
 "partners":
  []}
