{"name": "Allied Scientific Pro",
 "permalink": "allied-scientific-pro",
 "crunchbase_url": "http://www.crunchbase.com/company/allied-scientific-pro",
 "homepage_url": "http://www.AlliedScientificPro.com",
 "blog_url": "",
 "blog_feed_url": "",
 "twitter_username": "alliedscienpro",
 "category_code": "other",
 "number_of_employees": 8,
 "founded_year": 2011,
 "founded_month": null,
 "founded_day": null,
 "deadpooled_year": null,
 "deadpooled_month": null,
 "deadpooled_day": null,
 "deadpooled_url": null,
 "tag_list": "photonics",
 "alias_list": null,
 "email_address": "lpilloud@alliedscientificpro.com",
 "phone_number": "18002534107",
 "description": "Optics Photonics Lasers",
 "created_at": "Fri Jun 28 15:15:41 UTC 2013",
 "updated_at": "Fri Jun 28 22:17:31 UTC 2013",
 "overview": "\u003Cp\u003EWe offer cost effective and innovative products to the photonics community secure supply chain management with reduced costs with our Asian suppliers making cost reduction in engineering possible with our scientific and engineering community OSL. Assisting Asian companies to promote their products in America, Europe and other countries through our strong network in opto-electronics and photonics and Canadian companies to penetrate the Asian Market using Taiwan\u2019s strategic position. Overall, helping companies in Asia and America to develop photonics products and reach commercialization faster.\u003C/p\u003E\n\n\u003Cp\u003EAllied Scientific Pro, ASP is a privately own company based in Canada.\u003C/p\u003E\n\n\u003Cp\u003EOur business mission is to supply to the scientific and engineering community the cost effective photonics solutions from engineering \u0026amp; design, sourcing \u0026amp; manufacturing to the final QC. \u003C/p\u003E\n\n\u003Cp\u003EWe have suppliers and factories partners in Canada, UK, USA, Japan, Germany, Switzerland, Russia, China and Taiwan. We deliver innovative products and services around the world.\u003C/p\u003E\n\n\u003Cp\u003EPowered by the 3P\u0026#8217;s:\u003C/p\u003E\n\n\u003Cul\u003E\n\u003Cli\u003EAdvanced Procurement\u003C/li\u003E\n\u003Cli\u003EInnovative Products\u003C/li\u003E\n\u003Cli\u003EProfessional community for design and engineering\u003C/li\u003E\n\u003C/ul\u003E\n\n\u003Cp\u003EOur Values:\u003C/p\u003E\n\n\u003Cul\u003E\n\u003Cli\u003EEquality\u003C/li\u003E\n\u003Cli\u003EDissemination of knowledge\u003C/li\u003E\n\u003Cli\u003EInnovation\u003C/li\u003E\n\u003Cli\u003ECustomer Service\u003C/li\u003E\n\u003Cli\u003ECreativity\u003C/li\u003E\n\u003Cli\u003EOpenness to the world\u003C/li\u003E\n\u003C/ul\u003E\n\n\u003Cp\u003Ewww.AlliedScientificPro.com\u003C/p\u003E",
 "image":
  {"available_sizes":
    [[[150,
       83],
      "http://api-images.crunchbase.com/assets/images/resized/0028/1739/281739v2-max-150x150.png"],
     [[200,
       111],
      "http://api-images.crunchbase.com/assets/images/resized/0028/1739/281739v2-max-250x250.png"],
     [[200,
       111],
      "http://api-images.crunchbase.com/assets/images/resized/0028/1739/281739v2-max-450x450.png"]],
   "attribution": null},
 "products":
  [],
 "relationships":
  [],
 "competitions":
  [],
 "providerships":
  [],
 "total_money_raised": "$0",
 "funding_rounds":
  [],
 "investments":
  [],
 "acquisition": null,
 "acquisitions":
  [],
 "offices":
  [],
 "milestones":
  [],
 "ipo": null,
 "video_embeds":
  [],
 "screenshots":
  [],
 "external_links":
  [],
 "partners":
  []}
