{"name": "Alliance Consulting Group",
 "permalink": "alliance-consulting-group",
 "crunchbase_url": "http://www.crunchbase.com/company/alliance-consulting-group",
 "homepage_url": null,
 "blog_url": null,
 "blog_feed_url": null,
 "twitter_username": null,
 "category_code": null,
 "number_of_employees": null,
 "founded_year": null,
 "founded_month": null,
 "founded_day": null,
 "deadpooled_year": null,
 "deadpooled_month": null,
 "deadpooled_day": null,
 "deadpooled_url": null,
 "tag_list": null,
 "alias_list": null,
 "email_address": null,
 "phone_number": null,
 "description": null,
 "created_at": "Mon Jun 17 13:14:06 UTC 2013",
 "updated_at": "Mon Jun 17 13:14:06 UTC 2013",
 "overview": null,
 "image": null,
 "products":
  [],
 "relationships":
  [{"is_past": true,
    "title": "Senior Consultant",
    "person":
     {"first_name": "Skip",
      "last_name": "Besthoff",
      "permalink": "skip-besthoff"}},
   {"is_past": true,
    "title": "Strategy Consultant",
    "person":
     {"first_name": "Rohit",
      "last_name": "Seth",
      "permalink": "rohit-seth"}},
   {"is_past": true,
    "title": "Sales and Marketing",
    "person":
     {"first_name": "Rich",
      "last_name": "Montbleau",
      "permalink": "rich-montbleau"}},
   {"is_past": true,
    "title": "Consultant",
    "person":
     {"first_name": "Mark",
      "last_name": "Tortorella",
      "permalink": "mark-tortorella"}},
   {"is_past": true,
    "title": "Director, Recruiting",
    "person":
     {"first_name": "Ned",
      "last_name": "Bement",
      "permalink": "ned-bement"}},
   {"is_past": true,
    "title": "",
    "person":
     {"first_name": "Joe",
      "last_name": "Barrett",
      "permalink": "joe-barrett"}}],
 "competitions":
  [],
 "providerships":
  [],
 "total_money_raised": "$0",
 "funding_rounds":
  [],
 "investments":
  [],
 "acquisition": null,
 "acquisitions":
  [],
 "offices":
  [],
 "milestones":
  [],
 "ipo": null,
 "video_embeds":
  [],
 "screenshots":
  [],
 "external_links":
  [],
 "partners":
  []}
