{"name": "ALOHA",
 "permalink": "aloha",
 "crunchbase_url": "http://www.crunchbase.com/company/aloha",
 "homepage_url": "http://ALOHA.com",
 "blog_url": "",
 "blog_feed_url": "",
 "twitter_username": "aloha",
 "category_code": "health",
 "number_of_employees": 20,
 "founded_year": 2012,
 "founded_month": null,
 "founded_day": null,
 "deadpooled_year": null,
 "deadpooled_month": null,
 "deadpooled_day": null,
 "deadpooled_url": null,
 "tag_list": "",
 "alias_list": null,
 "email_address": "info@aloha.com",
 "phone_number": "",
 "description": "A new approach to healthy living.",
 "created_at": "Fri Jun 14 18:06:22 UTC 2013",
 "updated_at": "Thu Mar 13 16:43:51 UTC 2014",
 "overview": "\u003Cp\u003EALOHA is a health and wellness company that combines rigorous scientific research with ancient traditional wisdom. Together with the world\u2019s most respected doctors, scientists, trainers, yogis, nutritionists, and holistic health practitioners, ALOHA develops innovative, high-quality products and inspiring content that informs and motivates individuals to live a healthy, happy life.\u003C/p\u003E",
 "image":
  {"available_sizes":
    [[[150,
       60],
      "http://api-images.crunchbase.com/assets/images/resized/0036/2129/362129v2-max-150x150.png"],
     [[250,
       100],
      "http://api-images.crunchbase.com/assets/images/resized/0036/2129/362129v2-max-250x250.png"],
     [[450,
       180],
      "http://api-images.crunchbase.com/assets/images/resized/0036/2129/362129v2-max-450x450.png"]],
   "attribution": null},
 "products":
  [],
 "relationships":
  [{"is_past": false,
    "title": "Founder and CEO",
    "person":
     {"first_name": "Constantin",
      "last_name": "Bisanz",
      "permalink": "constantin-bisanz"}},
   {"is_past": false,
    "title": "Head of Operations",
    "person":
     {"first_name": "Hudson",
      "last_name": "Gaines-Ross",
      "permalink": "hudson-gaines-ross"}},
   {"is_past": false,
    "title": "Head of Public Relations",
    "person":
     {"first_name": "Arlena",
      "last_name": "Pordoy",
      "permalink": "arlena-pordoy"}},
   {"is_past": false,
    "title": "Head of Product Innovation",
    "person":
     {"first_name": "Gwen",
      "last_name": "Manto",
      "permalink": "gwen-manto"}},
   {"is_past": false,
    "title": "Head of Engineering",
    "person":
     {"first_name": "Anthony",
      "last_name": "Rego",
      "permalink": "anthony-rego"}},
   {"is_past": true,
    "title": "Head of Business Strategy",
    "person":
     {"first_name": "Brandon",
      "last_name": "Simins",
      "permalink": "brandon-simins"}},
   {"is_past": true,
    "title": "Head of Engineering",
    "person":
     {"first_name": "Bobby",
      "last_name": "Wallace",
      "permalink": "bobby-wallace-2"}}],
 "competitions":
  [],
 "providerships":
  [],
 "total_money_raised": "$4.5M",
 "funding_rounds":
  [{"id": 55284,
    "round_code": "seed",
    "source_url": "http://www.forbes.com/sites/kerryadolan/2014/01/21/founder-of-wellness-startup-aloha-armed-with-4-5-million-from-khosla-ventures-and-others-lays-out-big-plans/",
    "source_description": "Founder Of Wellness Startup Aloha, Armed With $4.5 Million From Khosla Ventures And Others, Lays Out Big Plans",
    "raised_amount": 4500000.0,
    "raised_currency_code": "USD",
    "funded_year": 2014,
    "funded_month": 1,
    "funded_day": 21,
    "investments":
     [{"company": null,
       "financial_org":
        {"name": "First Round Capital",
         "permalink": "first-round-capital"},
       "person": null},
      {"company": null,
       "financial_org":
        {"name": "Highland Capital Partners",
         "permalink": "highland-capital-partners"},
       "person": null},
      {"company": null,
       "financial_org":
        {"name": "FF Angel LLC",
         "permalink": "ff-angel-llc"},
       "person": null},
      {"company": null,
       "financial_org":
        {"name": "Khosla Ventures",
         "permalink": "khosla-ventures"},
       "person": null},
      {"company": null,
       "financial_org":
        {"name": "Forerunner Ventures",
         "permalink": "forerunner-ventures"},
       "person": null},
      {"company": null,
       "financial_org": null,
       "person":
        {"first_name": "Constantin",
         "last_name": "Bisanz",
         "permalink": "constantin-bisanz"}},
      {"company": null,
       "financial_org": null,
       "person":
        {"first_name": "David",
         "last_name": "Gilboa",
         "permalink": "david-gilboa"}}]}],
 "investments":
  [],
 "acquisition": null,
 "acquisitions":
  [],
 "offices":
  [{"description": "ALOHA",
    "address1": "33 W. 17th St.",
    "address2": "4th Fl.",
    "zip_code": "10017",
    "city": "New York",
    "state_code": "NY",
    "country_code": "USA",
    "latitude": null,
    "longitude": null}],
 "milestones":
  [],
 "ipo": null,
 "video_embeds":
  [],
 "screenshots":
  [{"available_sizes":
     [[[150,
        69],
       "http://api-images.crunchbase.com/assets/images/resized/0036/2937/362937v1-max-150x150.png"],
      [[250,
        115],
       "http://api-images.crunchbase.com/assets/images/resized/0036/2937/362937v1-max-250x250.png"],
      [[450,
        207],
       "http://api-images.crunchbase.com/assets/images/resized/0036/2937/362937v1-max-450x450.png"]],
    "attribution": null}],
 "external_links":
  [],
 "partners":
  []}
