{"name": "Alpha Kappa Psi",
 "permalink": "alpha-kappa-psi",
 "crunchbase_url": "http://www.crunchbase.com/company/alpha-kappa-psi",
 "homepage_url": null,
 "blog_url": null,
 "blog_feed_url": null,
 "twitter_username": null,
 "category_code": null,
 "number_of_employees": null,
 "founded_year": null,
 "founded_month": null,
 "founded_day": null,
 "deadpooled_year": null,
 "deadpooled_month": null,
 "deadpooled_day": null,
 "deadpooled_url": null,
 "tag_list": null,
 "alias_list": null,
 "email_address": null,
 "phone_number": null,
 "description": null,
 "created_at": "Mon Jun 24 15:08:09 UTC 2013",
 "updated_at": "Mon Jun 24 15:08:09 UTC 2013",
 "overview": null,
 "image": null,
 "products":
  [],
 "relationships":
  [{"is_past": false,
    "title": "Board Member",
    "person":
     {"first_name": "Laysha",
      "last_name": "L. Ward",
      "permalink": "laysha-l-ward"}},
   {"is_past": true,
    "title": "Professional Chair",
    "person":
     {"first_name": "Aman",
      "last_name": "Manik",
      "permalink": "aman-manik"}}],
 "competitions":
  [],
 "providerships":
  [],
 "total_money_raised": "$0",
 "funding_rounds":
  [],
 "investments":
  [],
 "acquisition": null,
 "acquisitions":
  [],
 "offices":
  [],
 "milestones":
  [],
 "ipo": null,
 "video_embeds":
  [],
 "screenshots":
  [],
 "external_links":
  [],
 "partners":
  []}
