{"name": "ALT-F1",
 "permalink": "alt-f1",
 "crunchbase_url": "http://www.crunchbase.com/company/alt-f1",
 "homepage_url": "http://www.alt-f1.be",
 "blog_url": "http://altf1be.wordpress.com",
 "blog_feed_url": "http://altf1be.wordpress.com/feed/",
 "twitter_username": "altf1be",
 "category_code": "software",
 "number_of_employees": 1,
 "founded_year": 2010,
 "founded_month": 10,
 "founded_day": 21,
 "deadpooled_year": null,
 "deadpooled_month": null,
 "deadpooled_day": null,
 "deadpooled_url": null,
 "tag_list": "project-management, program-management, saas, document-management, contract-management, collaboration, rup, togaf, itil",
 "alias_list": null,
 "email_address": "info+crunchbase@alt-f1.be",
 "phone_number": "+32497480970",
 "description": "",
 "created_at": "Mon Jul 01 21:15:14 UTC 2013",
 "updated_at": "Mon Nov 11 01:25:30 UTC 2013",
 "overview": "\u003Cp\u003EALT-F1, a Belgian company, develops web based software products and methods to small or large companies whether their are privately or publicly held.\u003C/p\u003E\n\n\u003Cp\u003ETheir main projects include program and project management tools. \u003C/p\u003E\n\n\u003Cp\u003ETheir main competitors include \u003Ca href=\"http://www.pivotaltracker.com/\" title=\"Pivotal tracker\" rel=\"nofollow\"\u003EPivotal tracker\u003C/a\u003E, \u003Ca href=\"http://basecamp.com/\" title=\"Basecamp\" rel=\"nofollow\"\u003EBasecamp\u003C/a\u003E, \u003Ca href=\"http://www.getharvest.com/\" title=\"Get Harvest\" rel=\"nofollow\"\u003EGet Harvest\u003C/a\u003E and \u003Ca href=\"http://www.ca.com/us/products/detail/CA-Clarity-PPM.aspx\" title=\"CA Clarity\" rel=\"nofollow\"\u003ECA Clarity\u003C/a\u003E\u003C/p\u003E",
 "image":
  {"available_sizes":
    [[[150,
       25],
      "http://api-images.crunchbase.com/assets/images/resized/0031/5364/315364v2-max-150x150.png"],
     [[250,
       43],
      "http://api-images.crunchbase.com/assets/images/resized/0031/5364/315364v2-max-250x250.png"],
     [[450,
       77],
      "http://api-images.crunchbase.com/assets/images/resized/0031/5364/315364v2-max-450x450.png"]],
   "attribution": null},
 "products":
  [{"name": "StratEx, PMO easily \u0026 affordably",
    "permalink": "stratex"}],
 "relationships":
  [{"is_past": false,
    "title": "CEO \u0026 Shareholder",
    "person":
     {"first_name": "Abdelkrim",
      "last_name": "BOUJRAF",
      "permalink": "abdelkrim-boujraf"}},
   {"is_past": true,
    "title": "Shareholder",
    "person":
     {"first_name": "Emmanuelle",
      "last_name": "VIN",
      "permalink": "emmanuelle-vin"}}],
 "competitions":
  [],
 "providerships":
  [],
 "total_money_raised": "$0",
 "funding_rounds":
  [],
 "investments":
  [],
 "acquisition": null,
 "acquisitions":
  [],
 "offices":
  [{"description": "ALT-F1 HQ",
    "address1": "Drootbeekstraat 13",
    "address2": "",
    "zip_code": "1020",
    "city": "Brussels",
    "state_code": null,
    "country_code": "BEL",
    "latitude": 50.884218,
    "longitude": 4.3580002}],
 "milestones":
  [],
 "ipo": null,
 "video_embeds":
  [],
 "screenshots":
  [],
 "external_links":
  [],
 "partners":
  []}
