{"name": "Altered Vision Screen Printing \u0026 Graphics",
 "permalink": "altered-vision-screen-printing-graphics",
 "crunchbase_url": "http://www.crunchbase.com/company/altered-vision-screen-printing-graphics",
 "homepage_url": null,
 "blog_url": null,
 "blog_feed_url": null,
 "twitter_username": null,
 "category_code": null,
 "number_of_employees": null,
 "founded_year": null,
 "founded_month": null,
 "founded_day": null,
 "deadpooled_year": null,
 "deadpooled_month": null,
 "deadpooled_day": null,
 "deadpooled_url": null,
 "tag_list": null,
 "alias_list": null,
 "email_address": null,
 "phone_number": null,
 "description": null,
 "created_at": "Mon Jun 10 02:58:57 UTC 2013",
 "updated_at": "Mon Jun 10 02:58:57 UTC 2013",
 "overview": null,
 "image": null,
 "products":
  [],
 "relationships":
  [{"is_past": true,
    "title": "Director of Sales \u0026 Business Development",
    "person":
     {"first_name": "Tom",
      "last_name": "O'Brien",
      "permalink": "tom-obrien"}}],
 "competitions":
  [],
 "providerships":
  [],
 "total_money_raised": "$0",
 "funding_rounds":
  [],
 "investments":
  [],
 "acquisition": null,
 "acquisitions":
  [],
 "offices":
  [],
 "milestones":
  [],
 "ipo": null,
 "video_embeds":
  [],
 "screenshots":
  [],
 "external_links":
  [],
 "partners":
  []}
