{"name": "Alternative Assets Investment Management",
 "permalink": "alternative-assets-investment-management",
 "crunchbase_url": "http://www.crunchbase.com/company/alternative-assets-investment-management",
 "homepage_url": "http://www.alternativeassetsummit.com",
 "blog_url": "",
 "blog_feed_url": "",
 "twitter_username": "AA_Summit",
 "category_code": "other",
 "number_of_employees": null,
 "founded_year": 1999,
 "founded_month": null,
 "founded_day": null,
 "deadpooled_year": null,
 "deadpooled_month": null,
 "deadpooled_day": null,
 "deadpooled_url": null,
 "tag_list": "",
 "alias_list": null,
 "email_address": "victor.park@alternative-assets.com",
 "phone_number": "",
 "description": "Fundraising for Hedge Funds",
 "created_at": "Tue Jul 02 20:37:49 UTC 2013",
 "updated_at": "Tue Jul 02 23:31:40 UTC 2013",
 "overview": "",
 "image": null,
 "products":
  [],
 "relationships":
  [],
 "competitions":
  [],
 "providerships":
  [],
 "total_money_raised": "$0",
 "funding_rounds":
  [],
 "investments":
  [],
 "acquisition": null,
 "acquisitions":
  [],
 "offices":
  [{"description": "",
    "address1": "",
    "address2": "",
    "zip_code": "",
    "city": "New York",
    "state_code": "NY",
    "country_code": "USA",
    "latitude": 40.7143528,
    "longitude": -74.0059731},
   {"description": "",
    "address1": "",
    "address2": "",
    "zip_code": "",
    "city": "Charlotte",
    "state_code": "NC",
    "country_code": "USA",
    "latitude": 35.2270869,
    "longitude": -80.8431267}],
 "milestones":
  [],
 "ipo": null,
 "video_embeds":
  [],
 "screenshots":
  [],
 "external_links":
  [{"external_url": "http://www.alternativeassetsummit.com/",
    "title": "Alternative Asset Summit"}],
 "partners":
  []}
