{"name": "alterstrategy.lab",
 "permalink": "alterstrategy-lab",
 "crunchbase_url": "http://www.crunchbase.com/company/alterstrategy-lab",
 "homepage_url": "http://www.alterstrategy.com",
 "blog_url": "http://facebook.com/alterstrategy.lab",
 "blog_feed_url": "",
 "twitter_username": "alterstrategy",
 "category_code": "consulting",
 "number_of_employees": null,
 "founded_year": 2013,
 "founded_month": null,
 "founded_day": null,
 "deadpooled_year": null,
 "deadpooled_month": null,
 "deadpooled_day": null,
 "deadpooled_url": null,
 "tag_list": "",
 "alias_list": "",
 "email_address": "office@alterstrategy.com",
 "phone_number": "",
 "description": "smb digital strategy consulting",
 "created_at": "Wed Jul 03 23:12:43 UTC 2013",
 "updated_at": "Fri Jul 05 10:12:56 UTC 2013",
 "overview": "",
 "image":
  {"available_sizes":
    [[[150,
       33],
      "http://api-images.crunchbase.com/assets/images/resized/0028/3956/283956v2-max-150x150.png"],
     [[250,
       55],
      "http://api-images.crunchbase.com/assets/images/resized/0028/3956/283956v2-max-250x250.png"],
     [[381,
       84],
      "http://api-images.crunchbase.com/assets/images/resized/0028/3956/283956v2-max-450x450.png"]],
   "attribution": null},
 "products":
  [],
 "relationships":
  [],
 "competitions":
  [],
 "providerships":
  [],
 "total_money_raised": "$0",
 "funding_rounds":
  [],
 "investments":
  [],
 "acquisition": null,
 "acquisitions":
  [],
 "offices":
  [{"description": "",
    "address1": "",
    "address2": "",
    "zip_code": "",
    "city": "Kiev",
    "state_code": null,
    "country_code": "UKR",
    "latitude": 50.4501,
    "longitude": 30.5234}],
 "milestones":
  [],
 "ipo": null,
 "video_embeds":
  [],
 "screenshots":
  [],
 "external_links":
  [],
 "partners":
  [{"partner_name": "angel_list",
    "homepage_url": "http://www.alterstrategy.com",
    "link_1_url": "https://angel.co/alterstrategy-lab-1",
    "link_2_url": null,
    "link_3_url": null,
    "link_1_name": "AngelList Page",
    "link_2_name": null,
    "link_3_name": null}]}
