{"name": "AltheaDx",
 "permalink": "altheadx",
 "crunchbase_url": "http://www.crunchbase.com/company/altheadx",
 "homepage_url": "http://altheadx.com",
 "blog_url": "http://www.altheadx.com/blog/",
 "blog_feed_url": "",
 "twitter_username": "altheadx",
 "category_code": "biotech",
 "number_of_employees": null,
 "founded_year": 2009,
 "founded_month": null,
 "founded_day": null,
 "deadpooled_year": null,
 "deadpooled_month": null,
 "deadpooled_day": null,
 "deadpooled_url": null,
 "tag_list": "",
 "alias_list": "",
 "email_address": "sales@altheadx.com",
 "phone_number": "(858) 224.7200",
 "description": "",
 "created_at": "Mon Jul 01 09:23:24 UTC 2013",
 "updated_at": "Mon Apr 14 04:31:20 UTC 2014",
 "overview": "\u003Cp\u003EAltheaDx, Inc. provides molecular diagnostics and PCR-based services. It offers molecular biomarker discovery, assay development, assay validation, and prospective/retrospective clinical trial testing services. The company also provides gene expression and genotyping analysis for pre-clinical and clinical applications. In addition, it offers discovery services, such as microarray analysis, real-time PCR, next-gen sequencing, quantitative PCR, mutation scanning, data analysis, race assay, and therapeutic siRNA; and diagnostic development services. Further, the company provides clinical trial services, such as enhanced clinical trial, predictive drug response, patient stratification, monitorin\u0026#8230;\u003C/p\u003E",
 "image":
  {"available_sizes":
    [[[150,
       27],
      "http://api-images.crunchbase.com/assets/images/resized/0028/2392/282392v1-max-150x150.png"],
     [[218,
       40],
      "http://api-images.crunchbase.com/assets/images/resized/0028/2392/282392v1-max-250x250.png"],
     [[218,
       40],
      "http://api-images.crunchbase.com/assets/images/resized/0028/2392/282392v1-max-450x450.png"]],
   "attribution": null},
 "products":
  [],
 "relationships":
  [{"is_past": false,
    "title": "Co-Founder",
    "person":
     {"first_name": "Francois",
      "last_name": "Ferre",
      "permalink": "francois-ferre"}},
   {"is_past": false,
    "title": "Chief Financial Officer",
    "person":
     {"first_name": "Carin",
      "last_name": "Sandvik",
      "permalink": "carin-sandvik"}},
   {"is_past": false,
    "title": "Chief Scientific Officer",
    "person":
     {"first_name": "Joe",
      "last_name": "Monforte",
      "permalink": "joe-monforte"}},
   {"is_past": false,
    "title": "Director of Biomarker Development",
    "person":
     {"first_name": "Gordon",
      "last_name": "Vansant",
      "permalink": "gordon-vansant"}}],
 "competitions":
  [],
 "providerships":
  [],
 "total_money_raised": "$11M",
 "funding_rounds":
  [{"id": 41243,
    "round_code": "a",
    "source_url": "http://www.sec.gov/Archives/edgar/data/1470592/000106102213000001/xslFormDX01/primary_doc.xml",
    "source_description": "SEC",
    "raised_amount": 7249849.0,
    "raised_currency_code": "USD",
    "funded_year": 2013,
    "funded_month": 6,
    "funded_day": 27,
    "investments":
     []},
   {"id": 65093,
    "round_code": "partial",
    "source_url": "http://www.sec.gov/Archives/edgar/data/1470592/000147059209000001/xslFormDX01/primary_doc.xml",
    "source_description": "SEC",
    "raised_amount": 3574514.0,
    "raised_currency_code": "USD",
    "funded_year": 2009,
    "funded_month": 8,
    "funded_day": 13,
    "investments":
     []},
   {"id": 72239,
    "round_code": "partial",
    "source_url": "http://www.sec.gov/Archives/edgar/data/1470592/000148748114000001/xslFormDX01/primary_doc.xml",
    "source_description": "SEC",
    "raised_amount": 150000.0,
    "raised_currency_code": "USD",
    "funded_year": 2014,
    "funded_month": 4,
    "funded_day": 10,
    "investments":
     []}],
 "investments":
  [],
 "acquisition": null,
 "acquisitions":
  [],
 "offices":
  [{"description": "",
    "address1": "3550 Dunhill Street",
    "address2": "",
    "zip_code": "92121",
    "city": "San Diego",
    "state_code": "CA",
    "country_code": "USA",
    "latitude": 32.9032559,
    "longitude": -117.2294604}],
 "milestones":
  [],
 "ipo": null,
 "video_embeds":
  [],
 "screenshots":
  [{"available_sizes":
     [[[150,
        69],
       "http://api-images.crunchbase.com/assets/images/resized/0028/2391/282391v1-max-150x150.png"],
      [[250,
        116],
       "http://api-images.crunchbase.com/assets/images/resized/0028/2391/282391v1-max-250x250.png"],
      [[450,
        208],
       "http://api-images.crunchbase.com/assets/images/resized/0028/2391/282391v1-max-450x450.png"]],
    "attribution": null}],
 "external_links":
  [],
 "partners":
  []}
