{"name": "Altheus Therapeutics",
 "permalink": "altheus-therapeutics",
 "crunchbase_url": "http://www.crunchbase.com/company/altheus-therapeutics",
 "homepage_url": "http://www.altheustherapeutics.com",
 "blog_url": "",
 "blog_feed_url": "",
 "twitter_username": null,
 "category_code": "biotech",
 "number_of_employees": null,
 "founded_year": 2006,
 "founded_month": null,
 "founded_day": null,
 "deadpooled_year": null,
 "deadpooled_month": null,
 "deadpooled_day": null,
 "deadpooled_url": null,
 "tag_list": "",
 "alias_list": "",
 "email_address": "info@altheustherapeutics.com",
 "phone_number": "(405) 319-8177",
 "description": "",
 "created_at": "Fri Jun 28 13:04:11 UTC 2013",
 "updated_at": "Fri Jan 24 11:47:41 UTC 2014",
 "overview": "\u003Cp\u003EAltheus Therapeutics, Inc. is developing Zoenasa\u00ae Oral Tablets and Rectal Gel formulations as novel front-line therapies for the treatment of ulcerative colitis and other inflammatory bowel diseases (IBD). Current front-line therapy for ulcerative colitis is the anti-inflammatory mesalamine (5-aminosalicylic acid; 5-ASA). Zoenasa is a fixed-dose combination of mesalamine plus the powerful antioxidant and anti-inflammatory agent N-acetylcysteine to reduce mucosal injury associated with inflammatory bowel disease.\u003C/p\u003E\n\n\u003Cp\u003EZoenasa will be available as Oral Tablets with an extended- and delayed-release profile for long term therapy in patients with proximal or extensive colitis; as a Rectal Gel for short term therapy in patients suffering from left-sided (distal) ulcerative colitis; and in other specialized formulations. In both animal and human research studies, the Zoenasa combination has demonstrated dramatic efficiacy benefits over mesalamine monotherapy. Altheus believes that Zoenasa will open an important new category in ulcerative colitis, mesalamine combination therapy.\u003C/p\u003E",
 "image":
  {"available_sizes":
    [[[150,
       45],
      "http://api-images.crunchbase.com/assets/images/resized/0028/1697/281697v1-max-150x150.jpg"],
     [[250,
       75],
      "http://api-images.crunchbase.com/assets/images/resized/0028/1697/281697v1-max-250x250.jpg"],
     [[300,
       90],
      "http://api-images.crunchbase.com/assets/images/resized/0028/1697/281697v1-max-450x450.jpg"]],
   "attribution": null},
 "products":
  [],
 "relationships":
  [{"is_past": false,
    "title": "Founder \u0026 Chief Medical Officer",
    "person":
     {"first_name": "Richard",
      "last_name": "F. Harty",
      "permalink": "richard-f-harty"}},
   {"is_past": false,
    "title": "Chief Executive Officer \u0026 President",
    "person":
     {"first_name": "Dennis",
      "last_name": "Schafer",
      "permalink": "dennis-schafer"}},
   {"is_past": false,
    "title": "Vice President, Product Development",
    "person":
     {"first_name": "Dennis",
      "last_name": "Hair",
      "permalink": "dennis-hair"}},
   {"is_past": false,
    "title": "Corporate Development and Operations",
    "person":
     {"first_name": "Justin",
      "last_name": "Briggs",
      "permalink": "justin-briggs"}},
   {"is_past": true,
    "title": "Co-Founded",
    "person":
     {"first_name": "William",
      "last_name": "Hagstrom",
      "permalink": "william-hagstrom"}}],
 "competitions":
  [],
 "providerships":
  [],
 "total_money_raised": "$10.1M",
 "funding_rounds":
  [{"id": 41182,
    "round_code": "private_equity",
    "source_url": "http://www.sec.gov/Archives/edgar/data/1414163/000114036114003026/xslFormDX01/primary_doc.xml",
    "source_description": "SEC",
    "raised_amount": 8085705.0,
    "raised_currency_code": "USD",
    "funded_year": 2013,
    "funded_month": 1,
    "funded_day": 4,
    "investments":
     []},
   {"id": 48851,
    "round_code": "debt_round",
    "source_url": "http://www.sec.gov/Archives/edgar/data/1414163/000114036111056653/xslFormDX01/primary_doc.xml",
    "source_description": "SEC",
    "raised_amount": 1970243.0,
    "raised_currency_code": "USD",
    "funded_year": 2011,
    "funded_month": 12,
    "funded_day": 8,
    "investments":
     []}],
 "investments":
  [],
 "acquisition": null,
 "acquisitions":
  [],
 "offices":
  [{"description": "",
    "address1": "755 Research Parkway",
    "address2": "Suite 435",
    "zip_code": "73104",
    "city": "Oklahoma City",
    "state_code": "OK",
    "country_code": "USA",
    "latitude": 35.4740683,
    "longitude": -97.5031119}],
 "milestones":
  [],
 "ipo": null,
 "video_embeds":
  [],
 "screenshots":
  [],
 "external_links":
  [],
 "partners":
  []}
