{"name": "Altiscale",
 "permalink": "altiscale",
 "crunchbase_url": "http://www.crunchbase.com/company/altiscale",
 "homepage_url": "http://www.altiscale.com",
 "blog_url": "http://www.altiscale.com/blog/",
 "blog_feed_url": "",
 "twitter_username": "Altiscale",
 "category_code": "network_hosting",
 "number_of_employees": null,
 "founded_year": 2011,
 "founded_month": 12,
 "founded_day": null,
 "deadpooled_year": null,
 "deadpooled_month": null,
 "deadpooled_day": null,
 "deadpooled_url": null,
 "tag_list": "",
 "alias_list": "",
 "email_address": "info@altiscale.com",
 "phone_number": "",
 "description": "Hadoop as a Service in the cloud",
 "created_at": "Fri Jun 28 14:41:05 UTC 2013",
 "updated_at": "Tue Jan 28 18:20:47 UTC 2014",
 "overview": "\u003Cp\u003EThe Altiscale Data Cloud is the first cloud service purpose-built to run Hadoop. Unlike other solutions, Altiscale provides both the cloud and the Hadoop operations team.\u003C/p\u003E",
 "image":
  {"available_sizes":
    [[[150,
       30],
      "http://api-images.crunchbase.com/assets/images/resized/0040/2922/402922v2-max-150x150.png"],
     [[250,
       51],
      "http://api-images.crunchbase.com/assets/images/resized/0040/2922/402922v2-max-250x250.png"],
     [[364,
       75],
      "http://api-images.crunchbase.com/assets/images/resized/0040/2922/402922v2-max-450x450.png"]],
   "attribution": null},
 "products":
  [],
 "relationships":
  [{"is_past": false,
    "title": "CEO",
    "person":
     {"first_name": "Raymie",
      "last_name": "Stata",
      "permalink": "raymie-stata"}},
   {"is_past": false,
    "title": "CTO",
    "person":
     {"first_name": "David",
      "last_name": "Chaiken",
      "permalink": "david-chaiken"}},
   {"is_past": false,
    "title": "VP Sales",
    "person":
     {"first_name": "Steve",
      "last_name": "Ackley",
      "permalink": "steve-ackley"}},
   {"is_past": false,
    "title": "VP Engineering",
    "person":
     {"first_name": "Ricardo",
      "last_name": "Jenez",
      "permalink": "ricardo-jenez"}},
   {"is_past": false,
    "title": "VP Product Management",
    "person":
     {"first_name": "Steve",
      "last_name": "Kishi",
      "permalink": "steve-kishi"}},
   {"is_past": false,
    "title": "Head of Operations",
    "person":
     {"first_name": "Charles",
      "last_name": "Wimmer",
      "permalink": "charles-wimmer"}},
   {"is_past": false,
    "title": "VP Business Operations",
    "person":
     {"first_name": "Ellen",
      "last_name": "Salisbury",
      "permalink": "ellen-salisbury"}},
   {"is_past": false,
    "title": "Board Member",
    "person":
     {"first_name": "Larry",
      "last_name": "Bohn",
      "permalink": "larry-bohn"}}],
 "competitions":
  [],
 "providerships":
  [],
 "total_money_raised": "$0",
 "funding_rounds":
  [],
 "investments":
  [],
 "acquisition": null,
 "acquisitions":
  [],
 "offices":
  [{"description": "Headquarters",
    "address1": "250 Cambridge Ave",
    "address2": "Suite #103",
    "zip_code": "94306",
    "city": "Palo Alto",
    "state_code": "CA",
    "country_code": "USA",
    "latitude": null,
    "longitude": null}],
 "milestones":
  [{"id": 46502,
    "description": "Company Founded",
    "stoned_year": 2012,
    "stoned_month": 3,
    "stoned_day": null,
    "source_url": "",
    "source_text": null,
    "source_description": "",
    "stoneable_type": "Company",
    "stoned_value": null,
    "stoned_value_type": null,
    "stoned_acquirer": null,
    "stoneable":
     {"name": "Altiscale",
      "permalink": "altiscale"}},
   {"id": 46503,
    "description": "Altiscale Data Cloud Generally Available",
    "stoned_year": 2014,
    "stoned_month": 1,
    "stoned_day": 27,
    "source_url": "",
    "source_text": null,
    "source_description": "",
    "stoneable_type": "Company",
    "stoned_value": null,
    "stoned_value_type": null,
    "stoned_acquirer": null,
    "stoneable":
     {"name": "Altiscale",
      "permalink": "altiscale"}}],
 "ipo": null,
 "video_embeds":
  [{"embed_code": "\u003Ciframe height=\"315\" width=\"420\" src=\"//www.youtube.com/embed/Ss0m21uw6M4?rel=0\" frameborder=\"0\" allowfullscreen\u003E\u003C/iframe\u003E",
    "description": "\u003Cp\u003EAltiscale Overview\u003C/p\u003E"}],
 "screenshots":
  [{"available_sizes":
     [[[150,
        78],
       "http://api-images.crunchbase.com/assets/images/resized/0040/2953/402953v1-max-150x150.png"],
      [[250,
        130],
       "http://api-images.crunchbase.com/assets/images/resized/0040/2953/402953v1-max-250x250.png"],
      [[450,
        235],
       "http://api-images.crunchbase.com/assets/images/resized/0040/2953/402953v1-max-450x450.png"]],
    "attribution": null}],
 "external_links":
  [],
 "partners":
  []}
