{"name": "Altos Computer Systems",
 "permalink": "altos-computer-systems",
 "crunchbase_url": "http://www.crunchbase.com/company/altos-computer-systems",
 "homepage_url": null,
 "blog_url": null,
 "blog_feed_url": null,
 "twitter_username": null,
 "category_code": null,
 "number_of_employees": null,
 "founded_year": null,
 "founded_month": null,
 "founded_day": null,
 "deadpooled_year": null,
 "deadpooled_month": null,
 "deadpooled_day": null,
 "deadpooled_url": null,
 "tag_list": null,
 "alias_list": null,
 "email_address": null,
 "phone_number": null,
 "description": null,
 "created_at": "Thu Jun 13 07:23:45 UTC 2013",
 "updated_at": "Fri Jun 14 11:53:33 UTC 2013",
 "overview": "\u003Cp\u003EAltos Computer Systems, Inc. manufactures multiuser and networked UNIX computer systems for commercial markets. The company is based in San Jose, California. As of July 5, 1990, Altos operates as a subsidiary of Acer America Corporation.\u003C/p\u003E",
 "image": null,
 "products":
  [],
 "relationships":
  [{"is_past": true,
    "title": "Director of Sales",
    "person":
     {"first_name": "Jim",
      "last_name": "Kinchley",
      "permalink": "jim-kinchley"}},
   {"is_past": true,
    "title": "Tech Lead",
    "person":
     {"first_name": "Steve",
      "last_name": "Scherf",
      "permalink": "steve-scherf"}},
   {"is_past": true,
    "title": "Software Engineer",
    "person":
     {"first_name": "Sunil",
      "last_name": "Bopardikar",
      "permalink": "sunil-bopardikar"}}],
 "competitions":
  [],
 "providerships":
  [],
 "total_money_raised": "$0",
 "funding_rounds":
  [],
 "investments":
  [],
 "acquisition": null,
 "acquisitions":
  [],
 "offices":
  [],
 "milestones":
  [],
 "ipo": null,
 "video_embeds":
  [],
 "screenshots":
  [],
 "external_links":
  [],
 "partners":
  []}
