{"name": "Amaranth Medical",
 "permalink": "amaranth-medical",
 "crunchbase_url": "http://www.crunchbase.com/company/amaranth-medical",
 "homepage_url": "http://amaranthmedical.com",
 "blog_url": "",
 "blog_feed_url": "",
 "twitter_username": null,
 "category_code": "biotech",
 "number_of_employees": null,
 "founded_year": 2006,
 "founded_month": null,
 "founded_day": null,
 "deadpooled_year": null,
 "deadpooled_month": null,
 "deadpooled_day": null,
 "deadpooled_url": null,
 "tag_list": "",
 "alias_list": "",
 "email_address": "info@amaranthmedical.com",
 "phone_number": "1-650-965-3830",
 "description": "",
 "created_at": "Fri Jun 14 04:11:42 UTC 2013",
 "updated_at": "Tue Dec 10 11:34:17 UTC 2013",
 "overview": "\u003Cp\u003EAmaranth Medical\u2018s mission is to transform the field of interventional cardiology and beyond by providing fully bioresorbable, versatile scaffolds with unprecedented mechanical properties. We strive to become the new global standard of care for stent interventions. Amaranth is dedicated to advancing the practice of medicine and improving the long-term health of patients worldwide.\u003C/p\u003E\n\n\u003Cp\u003EThe Amaranth flower, derived from the Greek word \u201cnever fading,\u201d stands as the emblem of our company. Like the Amaranth, a symbol of immortality and adaptability, our scaffold solutions are enduring \u2014 designed to deliver lasting clinical benefits, long after the polymeric device resorbs and disappears.\u003C/p\u003E",
 "image":
  {"available_sizes":
    [[[150,
       49],
      "http://api-images.crunchbase.com/assets/images/resized/0027/5059/275059v1-max-150x150.png"],
     [[250,
       81],
      "http://api-images.crunchbase.com/assets/images/resized/0027/5059/275059v1-max-250x250.png"],
     [[308,
       101],
      "http://api-images.crunchbase.com/assets/images/resized/0027/5059/275059v1-max-450x450.png"]],
   "attribution": null},
 "products":
  [],
 "relationships":
  [{"is_past": false,
    "title": "General Manager and Chief Technical Officer",
    "person":
     {"first_name": "Kamal",
      "last_name": "Ramzipoor",
      "permalink": "kamal-ramzipoor"}},
   {"is_past": false,
    "title": "Vice President, Product Development",
    "person":
     {"first_name": "Edward",
      "last_name": "(Alex) Estrada",
      "permalink": "edward-alex-estrada"}},
   {"is_past": false,
    "title": "Director, Quality Assurance",
    "person":
     {"first_name": "Richard",
      "last_name": "A. Martin",
      "permalink": "richard-a-martin"}}],
 "competitions":
  [],
 "providerships":
  [],
 "total_money_raised": "$20M",
 "funding_rounds":
  [{"id": 39902,
    "round_code": "b",
    "source_url": "http://amaranthmedical.com/company/news-events/",
    "source_description": "Insiders, New Investors to Join $25M Series B Round for Amaranth Medical ",
    "raised_amount": 20000000.0,
    "raised_currency_code": "USD",
    "funded_year": 2013,
    "funded_month": 10,
    "funded_day": 8,
    "investments":
     [{"company": null,
       "financial_org":
        {"name": "Bio*One Capital",
         "permalink": "bio-one-capital"},
       "person": null},
      {"company": null,
       "financial_org":
        {"name": "Charter Life Sciences",
         "permalink": "charter-life-sciences"},
       "person": null},
      {"company": null,
       "financial_org":
        {"name": "PhillipCapital",
         "permalink": "phillipcapital"},
       "person": null},
      {"company": null,
       "financial_org":
        {"name": "DCP Management",
         "permalink": "dcp-management"},
       "person": null}]}],
 "investments":
  [],
 "acquisition": null,
 "acquisitions":
  [],
 "offices":
  [{"description": "Amaranth Medical, Inc",
    "address1": "",
    "address2": "1145 Terra Bella Avenue",
    "zip_code": "94043",
    "city": "Mountain View",
    "state_code": "CA",
    "country_code": "USA",
    "latitude": null,
    "longitude": null}],
 "milestones":
  [],
 "ipo": null,
 "video_embeds":
  [],
 "screenshots":
  [{"available_sizes":
     [[[150,
        99],
       "http://api-images.crunchbase.com/assets/images/resized/0027/5058/275058v1-max-150x150.png"],
      [[250,
        165],
       "http://api-images.crunchbase.com/assets/images/resized/0027/5058/275058v1-max-250x250.png"],
      [[450,
        298],
       "http://api-images.crunchbase.com/assets/images/resized/0027/5058/275058v1-max-450x450.png"]],
    "attribution": null}],
 "external_links":
  [],
 "partners":
  []}
