{"name": "American Cyanamid Company",
 "permalink": "american-cyanamid-company",
 "crunchbase_url": "http://www.crunchbase.com/company/american-cyanamid-company",
 "homepage_url": null,
 "blog_url": null,
 "blog_feed_url": null,
 "twitter_username": null,
 "category_code": null,
 "number_of_employees": null,
 "founded_year": null,
 "founded_month": null,
 "founded_day": null,
 "deadpooled_year": null,
 "deadpooled_month": null,
 "deadpooled_day": null,
 "deadpooled_url": null,
 "tag_list": null,
 "alias_list": null,
 "email_address": null,
 "phone_number": null,
 "description": null,
 "created_at": "Mon Jun 17 10:19:03 UTC 2013",
 "updated_at": "Mon Jun 17 10:19:03 UTC 2013",
 "overview": null,
 "image": null,
 "products":
  [],
 "relationships":
  [{"is_past": false,
    "title": "managing various pharmaceutical products",
    "person":
     {"first_name": "Ron",
      "last_name": "Eastman",
      "permalink": "ron-eastman"}},
   {"is_past": true,
    "title": "Vice President of Finance",
    "person":
     {"first_name": "James",
      "last_name": "F. Smith",
      "permalink": "james-f-smith"}},
   {"is_past": true,
    "title": "Vice President for Discovery Research of the Lederle Laboratories Division",
    "person":
     {"first_name": "Arnold",
      "last_name": "Oronsky",
      "permalink": "arnold-oronsky"}},
   {"is_past": true,
    "title": "Vice President",
    "person":
     {"first_name": "Gene",
      "last_name": "Banucci",
      "permalink": "gene-banucci"}},
   {"is_past": true,
    "title": "Accountant",
    "person":
     {"first_name": "Kim",
      "last_name": "Bracuti",
      "permalink": "kim-bracuti"}},
   {"is_past": true,
    "title": "",
    "person":
     {"first_name": "Ray",
      "last_name": "Arthur",
      "permalink": "ray-arthur"}},
   {"is_past": true,
    "title": "Technical Management and Operations",
    "person":
     {"first_name": "Michael",
      "last_name": "Pikulin",
      "permalink": "michael-pikulin"}},
   {"is_past": true,
    "title": "Various Roles",
    "person":
     {"first_name": "Ueli",
      "last_name": "Morant",
      "permalink": "ueli-morant"}},
   {"is_past": true,
    "title": "Board Member",
    "person":
     {"first_name": "Guy",
      "last_name": "Jordan",
      "permalink": "guy-j-jordan"}},
   {"is_past": true,
    "title": "Clinical Research Manager",
    "person":
     {"first_name": "Denis",
      "last_name": "O\u2019Shaughnessy",
      "permalink": "denis-oshaughnessy"}},
   {"is_past": true,
    "title": "Various Managerial Positions",
    "person":
     {"first_name": "Murray",
      "last_name": "Goldberg",
      "permalink": "murray-goldberg"}},
   {"is_past": true,
    "title": "Quality Control",
    "person":
     {"first_name": "Christopher",
      "last_name": "Murphy",
      "permalink": "christopher-murphy-2"}}],
 "competitions":
  [],
 "providerships":
  [],
 "total_money_raised": "$0",
 "funding_rounds":
  [],
 "investments":
  [],
 "acquisition": null,
 "acquisitions":
  [],
 "offices":
  [],
 "milestones":
  [],
 "ipo": null,
 "video_embeds":
  [],
 "screenshots":
  [],
 "external_links":
  [],
 "partners":
  []}
