{"name": "American Renal Associates Holdings",
 "permalink": "american-renal-associates-holdings",
 "crunchbase_url": "http://www.crunchbase.com/company/american-renal-associates-holdings",
 "homepage_url": "http://americanrenal.com",
 "blog_url": "",
 "blog_feed_url": "",
 "twitter_username": "AmericanRenal",
 "category_code": "biotech",
 "number_of_employees": null,
 "founded_year": 1999,
 "founded_month": null,
 "founded_day": null,
 "deadpooled_year": null,
 "deadpooled_month": null,
 "deadpooled_day": null,
 "deadpooled_url": null,
 "tag_list": "",
 "alias_list": "",
 "email_address": "info@americanrenal.com",
 "phone_number": " 978-922-3080",
 "description": "",
 "created_at": "Thu Jun 27 10:44:36 UTC 2013",
 "updated_at": "Thu Oct 24 06:51:51 UTC 2013",
 "overview": "\u003Cp\u003EAmerican Renal Associates Holdings, Inc., through its subsidiaries, owns and operates kidney dialysis facilities. It also offers outpatient and inpatient dialysis treatments for patients suffering from chronic kidney failure. The company was formerly known as C.P. Atlas Holdings, Inc. and changed its name to American Renal Associates Holdings, Inc. in February, 2011. American Renal Associates Holdings, Inc. was incorporated in 1999 and is based in Beverly, Massachusetts.\u003C/p\u003E",
 "image":
  {"available_sizes":
    [[[150,
       21],
      "http://api-images.crunchbase.com/assets/images/resized/0030/4470/304470v1-max-150x150.png"],
     [[250,
       35],
      "http://api-images.crunchbase.com/assets/images/resized/0030/4470/304470v1-max-250x250.png"],
     [[450,
       64],
      "http://api-images.crunchbase.com/assets/images/resized/0030/4470/304470v1-max-450x450.png"]],
   "attribution": null},
 "products":
  [],
 "relationships":
  [{"is_past": false,
    "title": "Chief Financial Officer and Principal Accounting Officer",
    "person":
     {"first_name": "Jonathan",
      "last_name": "Wilcox",
      "permalink": "jonathan-wilcox"}},
   {"is_past": false,
    "title": "Chief Executive Officer",
    "person":
     {"first_name": "Joseph",
      "last_name": "A. Carlucci",
      "permalink": "joseph-a-carlucci"}},
   {"is_past": false,
    "title": "President and Director",
    "person":
     {"first_name": "Syed",
      "last_name": "T. Kamal",
      "permalink": "syed-t-kamal"}},
   {"is_past": false,
    "title": "Chief Operating Officer and Director",
    "person":
     {"first_name": "John",
      "last_name": "J. McDonough",
      "permalink": "john-j-mcdonough"}},
   {"is_past": true,
    "title": "Board Director",
    "person":
     {"first_name": "D.",
      "last_name": "Neal Morrison",
      "permalink": "d-neal-morrison"}},
   {"is_past": true,
    "title": "Director",
    "person":
     {"first_name": "Gregory",
      "last_name": "M. Weinhoff",
      "permalink": "gregory-m-weinhoff"}}],
 "competitions":
  [],
 "providerships":
  [],
 "total_money_raised": "$9.42M",
 "funding_rounds":
  [{"id": 41024,
    "round_code": "unattributed",
    "source_url": "http://www.sec.gov/Archives/edgar/data/1498068/000149806813000001/xslFormDX01/primary_doc.xml",
    "source_description": "SEC",
    "raised_amount": 9422891.0,
    "raised_currency_code": "USD",
    "funded_year": 2013,
    "funded_month": 1,
    "funded_day": 14,
    "investments":
     []}],
 "investments":
  [],
 "acquisition": null,
 "acquisitions":
  [],
 "offices":
  [{"description": "",
    "address1": "500 Cummings Center",
    "address2": "Suite 6550",
    "zip_code": "01915",
    "city": "Beverly",
    "state_code": "MA",
    "country_code": "USA",
    "latitude": null,
    "longitude": null}],
 "milestones":
  [],
 "ipo": null,
 "video_embeds":
  [],
 "screenshots":
  [{"available_sizes":
     [[[150,
        69],
       "http://api-images.crunchbase.com/assets/images/resized/0028/0991/280991v1-max-150x150.png"],
      [[250,
        115],
       "http://api-images.crunchbase.com/assets/images/resized/0028/0991/280991v1-max-250x250.png"],
      [[450,
        207],
       "http://api-images.crunchbase.com/assets/images/resized/0028/0991/280991v1-max-450x450.png"]],
    "attribution": null}],
 "external_links":
  [],
 "partners":
  []}
