{"name": "American General Company",
 "permalink": "american-general-company",
 "crunchbase_url": "http://www.crunchbase.com/company/american-general-company",
 "homepage_url": null,
 "blog_url": null,
 "blog_feed_url": null,
 "twitter_username": null,
 "category_code": null,
 "number_of_employees": null,
 "founded_year": null,
 "founded_month": null,
 "founded_day": null,
 "deadpooled_year": null,
 "deadpooled_month": null,
 "deadpooled_day": null,
 "deadpooled_url": null,
 "tag_list": null,
 "alias_list": null,
 "email_address": null,
 "phone_number": null,
 "description": null,
 "created_at": "Fri Jun 14 11:07:50 UTC 2013",
 "updated_at": "Fri Jun 14 11:07:50 UTC 2013",
 "overview": null,
 "image": null,
 "products":
  [],
 "relationships":
  [{"is_past": true,
    "title": "President / CEO - Affluent \u0026 Corporate Markets Group",
    "person":
     {"first_name": "Royce",
      "last_name": "Imhoff",
      "permalink": "royce-imhoff"}},
   {"is_past": true,
    "title": "EVP",
    "person":
     {"first_name": "James",
      "last_name": "P. Corcoran",
      "permalink": "james-p-corcoran"}},
   {"is_past": true,
    "title": "Board Director",
    "person":
     {"first_name": "Larry",
      "last_name": "Horner",
      "permalink": "larry-horner"}}],
 "competitions":
  [],
 "providerships":
  [],
 "total_money_raised": "$0",
 "funding_rounds":
  [],
 "investments":
  [],
 "acquisition": null,
 "acquisitions":
  [],
 "offices":
  [],
 "milestones":
  [],
 "ipo": null,
 "video_embeds":
  [],
 "screenshots":
  [],
 "external_links":
  [],
 "partners":
  []}
