{"name": "American Leadership Forum",
 "permalink": "american-leadership-forum",
 "crunchbase_url": "http://www.crunchbase.com/company/american-leadership-forum",
 "homepage_url": null,
 "blog_url": null,
 "blog_feed_url": null,
 "twitter_username": null,
 "category_code": null,
 "number_of_employees": null,
 "founded_year": null,
 "founded_month": null,
 "founded_day": null,
 "deadpooled_year": null,
 "deadpooled_month": null,
 "deadpooled_day": null,
 "deadpooled_url": null,
 "tag_list": null,
 "alias_list": null,
 "email_address": null,
 "phone_number": null,
 "description": null,
 "created_at": "Mon Jun 10 04:35:15 UTC 2013",
 "updated_at": "Mon Jun 10 04:35:15 UTC 2013",
 "overview": null,
 "image": null,
 "products":
  [],
 "relationships":
  [{"is_past": false,
    "title": "Sr. Fellow",
    "person":
     {"first_name": "Bryan",
      "last_name": "Stolle",
      "permalink": "bryan-stolle"}},
   {"is_past": true,
    "title": "Fellow, Class 1",
    "person":
     {"first_name": "Kathy",
      "last_name": "Yates",
      "permalink": "kathy-yates"}}],
 "competitions":
  [],
 "providerships":
  [],
 "total_money_raised": "$0",
 "funding_rounds":
  [],
 "investments":
  [],
 "acquisition": null,
 "acquisitions":
  [],
 "offices":
  [],
 "milestones":
  [],
 "ipo": null,
 "video_embeds":
  [],
 "screenshots":
  [],
 "external_links":
  [],
 "partners":
  []}
