{"name": "American Philosophical Society",
 "permalink": "american-philosophical-society",
 "crunchbase_url": "http://www.crunchbase.com/company/american-philosophical-society",
 "homepage_url": null,
 "blog_url": null,
 "blog_feed_url": null,
 "twitter_username": null,
 "category_code": null,
 "number_of_employees": null,
 "founded_year": null,
 "founded_month": null,
 "founded_day": null,
 "deadpooled_year": null,
 "deadpooled_month": null,
 "deadpooled_day": null,
 "deadpooled_url": null,
 "tag_list": null,
 "alias_list": null,
 "email_address": null,
 "phone_number": null,
 "description": null,
 "created_at": "Thu Jun 20 20:46:52 UTC 2013",
 "updated_at": "Thu Jun 20 20:46:52 UTC 2013",
 "overview": null,
 "image": null,
 "products":
  [],
 "relationships":
  [{"is_past": false,
    "title": "Member",
    "person":
     {"first_name": "Shirley",
      "last_name": "Ann Jackson",
      "permalink": "shirley-ann-jackson"}},
   {"is_past": false,
    "title": "Member",
    "person":
     {"first_name": "George",
      "last_name": "Whitesides",
      "permalink": "george-whitesides"}},
   {"is_past": false,
    "title": "Board Member",
    "person":
     {"first_name": "Leroy",
      "last_name": "Hood",
      "permalink": "leroy-hood"}},
   {"is_past": true,
    "title": "Elected Member",
    "person":
     {"first_name": "Paul",
      "last_name": "Schimmel",
      "permalink": "paul-schimmel-ph-d"}}],
 "competitions":
  [],
 "providerships":
  [],
 "total_money_raised": "$0",
 "funding_rounds":
  [],
 "investments":
  [],
 "acquisition": null,
 "acquisitions":
  [],
 "offices":
  [],
 "milestones":
  [],
 "ipo": null,
 "video_embeds":
  [],
 "screenshots":
  [],
 "external_links":
  [],
 "partners":
  []}
