{"name": "American Medical Devices and Diagnostic Manufacturer's Association (AMDD)",
 "permalink": "american-medical-devices-and-diagnostic-manufacturers-association-amdd",
 "crunchbase_url": "http://www.crunchbase.com/company/american-medical-devices-and-diagnostic-manufacturers-association-amdd",
 "homepage_url": null,
 "blog_url": null,
 "blog_feed_url": null,
 "twitter_username": null,
 "category_code": null,
 "number_of_employees": null,
 "founded_year": null,
 "founded_month": null,
 "founded_day": null,
 "deadpooled_year": null,
 "deadpooled_month": null,
 "deadpooled_day": null,
 "deadpooled_url": null,
 "tag_list": null,
 "alias_list": null,
 "email_address": null,
 "phone_number": null,
 "description": null,
 "created_at": "Wed Jun 19 20:17:41 UTC 2013",
 "updated_at": "Wed Jun 19 20:17:41 UTC 2013",
 "overview": null,
 "image": null,
 "products":
  [],
 "relationships":
  [{"is_past": false,
    "title": "Chairman",
    "person":
     {"first_name": "Takashi",
      "last_name": "Shimada",
      "permalink": "takashi-shimada"}}],
 "competitions":
  [],
 "providerships":
  [],
 "total_money_raised": "$0",
 "funding_rounds":
  [],
 "investments":
  [],
 "acquisition": null,
 "acquisitions":
  [],
 "offices":
  [],
 "milestones":
  [],
 "ipo": null,
 "video_embeds":
  [],
 "screenshots":
  [],
 "external_links":
  [],
 "partners":
  []}
