{"name": "American University Washington College of Law",
 "permalink": "american-university-washington-college-of-law",
 "crunchbase_url": "http://www.crunchbase.com/company/american-university-washington-college-of-law",
 "homepage_url": null,
 "blog_url": null,
 "blog_feed_url": null,
 "twitter_username": null,
 "category_code": null,
 "number_of_employees": null,
 "founded_year": null,
 "founded_month": null,
 "founded_day": null,
 "deadpooled_year": null,
 "deadpooled_month": null,
 "deadpooled_day": null,
 "deadpooled_url": null,
 "tag_list": null,
 "alias_list": null,
 "email_address": null,
 "phone_number": null,
 "description": null,
 "created_at": "Thu Jun 20 05:15:57 UTC 2013",
 "updated_at": "Thu Jun 20 05:15:57 UTC 2013",
 "overview": null,
 "image": null,
 "products":
  [],
 "relationships":
  [{"is_past": false,
    "title": "Visiting Professor",
    "person":
     {"first_name": "Michael",
      "last_name": "Carroll",
      "permalink": "michael-carroll"}},
   {"is_past": true,
    "title": "Manager, Serials \u0026 Systems",
    "person":
     {"first_name": "Jim",
      "last_name": "Poole",
      "permalink": "jim-poole"}}],
 "competitions":
  [],
 "providerships":
  [],
 "total_money_raised": "$0",
 "funding_rounds":
  [],
 "investments":
  [],
 "acquisition": null,
 "acquisitions":
  [],
 "offices":
  [],
 "milestones":
  [],
 "ipo": null,
 "video_embeds":
  [],
 "screenshots":
  [],
 "external_links":
  [],
 "partners":
  []}
