{"name": "American Public University Stytem",
 "permalink": "american-public-university-stytem",
 "crunchbase_url": "http://www.crunchbase.com/company/american-public-university-stytem",
 "homepage_url": null,
 "blog_url": null,
 "blog_feed_url": null,
 "twitter_username": null,
 "category_code": null,
 "number_of_employees": null,
 "founded_year": null,
 "founded_month": null,
 "founded_day": null,
 "deadpooled_year": null,
 "deadpooled_month": null,
 "deadpooled_day": null,
 "deadpooled_url": null,
 "tag_list": null,
 "alias_list": null,
 "email_address": null,
 "phone_number": null,
 "description": null,
 "created_at": "Thu Jun 06 19:17:18 UTC 2013",
 "updated_at": "Thu Jun 06 21:17:40 UTC 2013",
 "overview": null,
 "image": null,
 "products":
  [],
 "relationships":
  [],
 "competitions":
  [],
 "providerships":
  [],
 "total_money_raised": "$0",
 "funding_rounds":
  [],
 "investments":
  [{"funding_round":
     {"round_code": "a",
      "source_url": "https://www.edsurge.com/n/2013-05-09-fidelis-raises-6m-to-expand-education-platform",
      "source_description": "Fidelis Raises $6M to Expand Education Platform",
      "raised_amount": 6000000.0,
      "raised_currency_code": "USD",
      "funded_year": 2013,
      "funded_month": 5,
      "funded_day": null,
      "company":
       {"name": "Fidelis",
        "permalink": "fidelis"}}}],
 "acquisition": null,
 "acquisitions":
  [],
 "offices":
  [],
 "milestones":
  [],
 "ipo": null,
 "video_embeds":
  [],
 "screenshots":
  [],
 "external_links":
  [],
 "partners":
  []}
