{"name": "1.  Travelers Insurance Company, Minneapolis, MN",
 "permalink": "1-travelers-insurance-company-minneapolis-mn",
 "crunchbase_url": "http://www.crunchbase.com/company/1-travelers-insurance-company-minneapolis-mn",
 "homepage_url": null,
 "blog_url": null,
 "blog_feed_url": null,
 "twitter_username": null,
 "category_code": null,
 "number_of_employees": null,
 "founded_year": null,
 "founded_month": null,
 "founded_day": null,
 "deadpooled_year": null,
 "deadpooled_month": null,
 "deadpooled_day": null,
 "deadpooled_url": null,
 "tag_list": null,
 "alias_list": null,
 "email_address": null,
 "phone_number": null,
 "description": null,
 "created_at": "Mon Dec 20 20:28:31 UTC 2010",
 "updated_at": "Mon Dec 20 22:25:52 UTC 2010",
 "overview": null,
 "image": null,
 "products":
  [],
 "relationships":
  [{"is_past": true,
    "title": "Claims Adjuster and Medicare Part B Unite Supervisor",
    "person":
     {"first_name": "Bruce",
      "last_name": "McKinnon, MBA",
      "permalink": "bruce-mckinnon"}}],
 "competitions":
  [],
 "providerships":
  [],
 "total_money_raised": "$0",
 "funding_rounds":
  [],
 "investments":
  [],
 "acquisition": null,
 "acquisitions":
  [],
 "offices":
  [],
 "milestones":
  [],
 "ipo": null,
 "video_embeds":
  [],
 "screenshots":
  [],
 "external_links":
  [],
 "partners":
  []}
