{"name": "1000jobboersen.de",
 "permalink": "1000jobboersen-de",
 "crunchbase_url": "http://www.crunchbase.com/company/1000jobboersen-de",
 "homepage_url": "http://www.1000jobboersen.de",
 "blog_url": "",
 "blog_feed_url": "",
 "twitter_username": null,
 "category_code": "web",
 "number_of_employees": null,
 "founded_year": null,
 "founded_month": null,
 "founded_day": null,
 "deadpooled_year": null,
 "deadpooled_month": null,
 "deadpooled_day": null,
 "deadpooled_url": null,
 "tag_list": "",
 "alias_list": "",
 "email_address": "service@1000jobboersen.de",
 "phone_number": "030 - 610 74 315",
 "description": "",
 "created_at": "Fri Dec 03 02:24:07 UTC 2010",
 "updated_at": "Mon Jul 29 02:49:37 UTC 2013",
 "overview": "\u003Cp\u003E1000jobboersen.de, a Berlin, Germany-based online service that allows companies to access to over 1000 job portals and social media channels to advertise their open positions.\u003C/p\u003E\n\n\u003Cp\u003E1000jobboersen.de has developed a system, which is designed to improve applicant response to online job advertisements. By measuring all of the online recruitment channels, the platform individually combines the various websites for each job advertisement, maximising the number of applications.\nCompanies, ranging from start-ups to large enterprises, place their job advertisements on all suitable job boards by clicking on the suitable portal.\u003C/p\u003E",
 "image":
  {"available_sizes":
    [[[150,
       25],
      "http://api-images.crunchbase.com/assets/images/resized/0011/2709/112709v1-max-150x150.png"],
     [[250,
       41],
      "http://api-images.crunchbase.com/assets/images/resized/0011/2709/112709v1-max-250x250.png"],
     [[330,
       55],
      "http://api-images.crunchbase.com/assets/images/resized/0011/2709/112709v1-max-450x450.png"]],
   "attribution": null},
 "products":
  [],
 "relationships":
  [],
 "competitions":
  [],
 "providerships":
  [{"title": "Design, Story Carding",
    "is_past": true,
    "provider":
     {"name": "Hashrocket",
      "permalink": "hashrocket"}}],
 "total_money_raised": "$0",
 "funding_rounds":
  [{"id": 25437,
    "round_code": "b",
    "source_url": "http://www.finsmes.com/2011/09/1000jobboersen-de-raises-single-digit-million-euro-series-funding.html?utm_source=feedburner\u0026utm_medium=feed\u0026utm_campaign=Feed%3A+finsmes%2FcNHu+%28FinSMEs%29",
    "source_description": "1000jobboersen.de Raises Single-Digit Million Euro in Series B Funding",
    "raised_amount": null,
    "raised_currency_code": null,
    "funded_year": 2011,
    "funded_month": 9,
    "funded_day": 16,
    "investments":
     [{"company": null,
       "financial_org":
        {"name": "Neuhaus Partners",
         "permalink": "neuhaus-partners"},
       "person": null},
      {"company": null,
       "financial_org":
        {"name": "High-Tech Gruenderfonds",
         "permalink": "high-tech-gruenderfonds"},
       "person": null}]}],
 "investments":
  [],
 "acquisition": null,
 "acquisitions":
  [],
 "offices":
  [{"description": "",
    "address1": "",
    "address2": "",
    "zip_code": "",
    "city": "",
    "state_code": null,
    "country_code": "DEU",
    "latitude": null,
    "longitude": null},
   {"description": null,
    "address1": null,
    "address2": null,
    "zip_code": null,
    "city": "Berlin",
    "state_code": "",
    "country_code": "DEU",
    "latitude": 52.519171,
    "longitude": 13.4060912}],
 "milestones":
  [],
 "ipo": null,
 "video_embeds":
  [],
 "screenshots":
  [],
 "external_links":
  [],
 "partners":
  []}
