{"name": "123Flori",
 "permalink": "123flori",
 "crunchbase_url": "http://www.crunchbase.com/company/123flori",
 "homepage_url": "http://www.123flori.ro",
 "blog_url": "http://blog.123flori.ro/",
 "blog_feed_url": "http://blog.123flori.ro/feed/",
 "twitter_username": "123flori",
 "category_code": "ecommerce",
 "number_of_employees": 5,
 "founded_year": 2007,
 "founded_month": 2,
 "founded_day": 1,
 "deadpooled_year": null,
 "deadpooled_month": null,
 "deadpooled_day": null,
 "deadpooled_url": null,
 "tag_list": "online, ecommerce, flower-delivery, bucharest, florist",
 "alias_list": null,
 "email_address": "office@123flori.ro",
 "phone_number": "+40214561360",
 "description": "Online flower shop ",
 "created_at": "Mon Dec 13 16:19:15 UTC 2010",
 "updated_at": "Sat Dec 18 20:15:20 UTC 2010",
 "overview": "\u003Cp\u003E123Flori.ro is one of the biggest online flower delivery services in Romania. It is based in Bucharest and was founded by Mircea Scarlatescu and the FYB Team in 2007.\nIn 2009, it has receive an investment from Alexis Bonte and Alexandre Almajeanu\u003C/p\u003E",
 "image":
  {"available_sizes":
    [[[150,
       96],
      "http://api-images.crunchbase.com/assets/images/resized/0011/3986/113986v2-max-150x150.jpg"],
     [[200,
       128],
      "http://api-images.crunchbase.com/assets/images/resized/0011/3986/113986v2-max-250x250.jpg"],
     [[200,
       128],
      "http://api-images.crunchbase.com/assets/images/resized/0011/3986/113986v2-max-450x450.jpg"]],
   "attribution": null},
 "products":
  [],
 "relationships":
  [],
 "competitions":
  [],
 "providerships":
  [],
 "total_money_raised": "$0",
 "funding_rounds":
  [],
 "investments":
  [],
 "acquisition": null,
 "acquisitions":
  [],
 "offices":
  [{"description": "Main Headquarters",
    "address1": "266 268 Calea Rahovei, Electromagnetica Business Park",
    "address2": "Building 61, 3rd Floor, Room 9",
    "zip_code": "050912",
    "city": "Bucharest",
    "state_code": null,
    "country_code": "ROM",
    "latitude": null,
    "longitude": null}],
 "milestones":
  [{"id": 10822,
    "description": "123Flori is live, under its old name (FloriLaBucuresti.ro)",
    "stoned_year": 2007,
    "stoned_month": 2,
    "stoned_day": 1,
    "source_url": "",
    "source_text": null,
    "source_description": "",
    "stoneable_type": "Company",
    "stoned_value": null,
    "stoned_value_type": null,
    "stoned_acquirer": null,
    "stoneable":
     {"name": "123Flori",
      "permalink": "123flori"}},
   {"id": 10823,
    "description": "Alexandre Almajeanu and Alexis Bonte invet in 123Flori.ro (seed investment)",
    "stoned_year": 2009,
    "stoned_month": 2,
    "stoned_day": 24,
    "source_url": "http://www.scarlatescu.ro/despre-florilabucurestiro-investitii-alexandre-almajeanu-si-alexis-bonte.html",
    "source_text": null,
    "source_description": "Mircea Scarlatescu's blog",
    "stoneable_type": "Company",
    "stoned_value": null,
    "stoned_value_type": null,
    "stoned_acquirer": null,
    "stoneable":
     {"name": "123Flori",
      "permalink": "123flori"}},
   {"id": 10824,
    "description": "123Flori acquires SaraFlowers.ro a B2B flower delivery service. ",
    "stoned_year": 2009,
    "stoned_month": 7,
    "stoned_day": 2,
    "source_url": "http://www.scarlatescu.ro/am-preluat-saraflowers-ro.html",
    "source_text": null,
    "source_description": "Mircea Scarlatescu's blog",
    "stoneable_type": "Company",
    "stoned_value": null,
    "stoned_value_type": null,
    "stoned_acquirer": null,
    "stoneable":
     {"name": "123Flori",
      "permalink": "123flori"}},
   {"id": 10825,
    "description": "123Flori names the Best Gifts Online Shop in Romania at the eCommerce Awards (GPEC)",
    "stoned_year": 2009,
    "stoned_month": 10,
    "stoned_day": 20,
    "source_url": "http://www.scarlatescu.ro/florilabucuresti-ro-cel-mai-bun-magazin-de-cadouri.html",
    "source_text": null,
    "source_description": "Mircea Scarlatescu's blog",
    "stoneable_type": "Company",
    "stoned_value": null,
    "stoned_value_type": null,
    "stoned_acquirer": null,
    "stoneable":
     {"name": "123Flori",
      "permalink": "123flori"}},
   {"id": 10826,
    "description": "FloriLaBucuresti becomes 123Flori.ro after the completion of the re-branding process.",
    "stoned_year": 2010,
    "stoned_month": 1,
    "stoned_day": 18,
    "source_url": "http://www.scarlatescu.ro/123flori-punct-ro.html",
    "source_text": null,
    "source_description": "Mircea Scarlatescu's blog",
    "stoneable_type": "Company",
    "stoned_value": null,
    "stoned_value_type": null,
    "stoned_acquirer": null,
    "stoneable":
     {"name": "123Flori",
      "permalink": "123flori"}}],
 "ipo": null,
 "video_embeds":
  [],
 "screenshots":
  [{"available_sizes":
     [[[150,
        147],
       "http://api-images.crunchbase.com/assets/images/resized/0011/4328/114328v2-max-150x150.jpg"],
      [[250,
        245],
       "http://api-images.crunchbase.com/assets/images/resized/0011/4328/114328v2-max-250x250.jpg"],
      [[450,
        441],
       "http://api-images.crunchbase.com/assets/images/resized/0011/4328/114328v2-max-450x450.jpg"]],
    "attribution": null}],
 "external_links":
  [],
 "partners":
  []}
