{"name": "123RF",
 "permalink": "123rf",
 "crunchbase_url": "http://www.crunchbase.com/company/123rf",
 "homepage_url": "http://www.123rf.com",
 "blog_url": "http://www.123rf.com/blog/index.php",
 "blog_feed_url": "",
 "twitter_username": "123rf",
 "category_code": "web",
 "number_of_employees": null,
 "founded_year": 2005,
 "founded_month": 6,
 "founded_day": null,
 "deadpooled_year": null,
 "deadpooled_month": null,
 "deadpooled_day": null,
 "deadpooled_url": null,
 "tag_list": "stock-photos, footage, stock-footage, video, audio-files, vectors, illustrations, microstock, imagesales, photography, logo",
 "alias_list": null,
 "email_address": "fb@123rf.com",
 "phone_number": "1-866-655-3733",
 "description": "Royalty-Free Digital Media Library",
 "created_at": "Thu Oct 14 07:02:32 UTC 2010",
 "updated_at": "Mon Jun 17 03:11:29 UTC 2013",
 "overview": "\u003Cp\u003E123RF.com is one of the world\u0026#8217;s largest players in the royalty-free microstock photography industry. Since its debut in June 2005, 123RF.com today hosts close to over 18 million stock photographs, vector illustrations, footages, and logos with over 100,000 contributing photographers and illustrators. \u003C/p\u003E\n\n\u003Cp\u003EThe 123RF.com platform is also a channel for photographers, illustrators and designers to showcase their talent, allowing them to promote and sell their creations to a worldwide audience through a sales profit sharing model between 123RF and each contributor. \u003C/p\u003E\n\n\u003Cp\u003EWith images going from USD0.21/image, 123RF.com is committed to making high quality stock photography affordable for everyone. 123RF.com also offers its clients the flexibility of acquiring images via subscription plans or credit packages, whichever suits their needs better.\u003C/p\u003E",
 "image":
  {"available_sizes":
    [[[150,
       150],
      "http://api-images.crunchbase.com/assets/images/resized/0010/5541/105541v2-max-150x150.jpg"],
     [[250,
       250],
      "http://api-images.crunchbase.com/assets/images/resized/0010/5541/105541v2-max-250x250.jpg"],
     [[450,
       450],
      "http://api-images.crunchbase.com/assets/images/resized/0010/5541/105541v2-max-450x450.jpg"]],
   "attribution": null},
 "products":
  [{"name": "Royalty Free Images",
    "permalink": "royalty-free-images"},
   {"name": "Vector Illustrations",
    "permalink": "vector-illustrations"},
   {"name": "Footage",
    "permalink": "footage"},
   {"name": "Audio Files",
    "permalink": "audio-files"},
   {"name": "Logo",
    "permalink": "logo"}],
 "relationships":
  [],
 "competitions":
  [{"competitor":
     {"name": "Shutterstock",
      "permalink": "shutterstock"}},
   {"competitor":
     {"name": "iStock",
      "permalink": "istock"}},
   {"competitor":
     {"name": "Fotolia",
      "permalink": "fotolia"}},
   {"competitor":
     {"name": "Dreamstime",
      "permalink": "dreamstime"}}],
 "providerships":
  [],
 "total_money_raised": "$0",
 "funding_rounds":
  [],
 "investments":
  [],
 "acquisition": null,
 "acquisitions":
  [],
 "offices":
  [{"description": "123RF Limited",
    "address1": "315 Montgomery Street",
    "address2": "Suite 818",
    "zip_code": "94104",
    "city": "San Francisco",
    "state_code": "CA",
    "country_code": "USA",
    "latitude": null,
    "longitude": null}],
 "milestones":
  [],
 "ipo": null,
 "video_embeds":
  [{"embed_code": "http://youtu.be/B7ZTrqft1GQ",
    "description": "\u003Cp\u003EGetting Started with 123RF.com\u003C/p\u003E"}],
 "screenshots":
  [{"available_sizes":
     [[[147,
        150],
       "http://api-images.crunchbase.com/assets/images/resized/0023/8004/238004v2-max-150x150.jpg"],
      [[245,
        250],
       "http://api-images.crunchbase.com/assets/images/resized/0023/8004/238004v2-max-250x250.jpg"],
      [[441,
        450],
       "http://api-images.crunchbase.com/assets/images/resized/0023/8004/238004v2-max-450x450.jpg"]],
    "attribution": null}],
 "external_links":
  [{"external_url": "http://www.core77.com/blog/announcements/microstock_library_123rfcom_is_a_one-stop_shop_for_royalty-free_images_24931.asp",
    "title": "Microstock Library 123RF.com is a One-Stop Royalty-Free Images"}],
 "partners":
  []}
