{"name": "138 Music \u0026 Entertainment",
 "permalink": "138-music-entertainment",
 "crunchbase_url": "http://www.crunchbase.com/company/138-music-entertainment",
 "homepage_url": "http://138music.com",
 "blog_url": "",
 "blog_feed_url": "",
 "twitter_username": "138music",
 "category_code": "web",
 "number_of_employees": 5,
 "founded_year": 2010,
 "founded_month": 10,
 "founded_day": null,
 "deadpooled_year": null,
 "deadpooled_month": null,
 "deadpooled_day": null,
 "deadpooled_url": null,
 "tag_list": "music, fashion, technology, web-2-0, email, newsletter, deals",
 "alias_list": "",
 "email_address": "info@138music.com",
 "phone_number": "",
 "description": "",
 "created_at": "Mon Dec 06 01:53:26 UTC 2010",
 "updated_at": "Thu Apr 11 06:31:24 UTC 2013",
 "overview": "\u003Cp\u003E138 Music \u0026amp; Entertainment is a team of passionate, entrepreneurial and successful young professionals leveraging their unique skills in marketing, branding and technology to redefine aspects of the music industry by supporting artists with services and non-traditional assets that enable creative and financial rewards. The group is behind the 1band 1brand subscription-based digital platform, hosts the popular 138 Listening Lounge home concert series and represents various independent artists focusing on positioning, packaging and promoting them.\u003C/p\u003E\n\n\u003Cp\u003ELearn more at: http://138music.com\u003C/p\u003E\n\n\u003Cp\u003E1band 1brand is a free, subscription-based digital platform that introduces emerging, independent musicians and fashion labels to influential young adults who want to stay connected by encouraging them to hear, wear and share.\u003C/p\u003E\n\n\u003Cp\u003ELearn more at: http://1band1brand.com\u003C/p\u003E",
 "image":
  {"available_sizes":
    [[[143,
       150],
      "http://api-images.crunchbase.com/assets/images/resized/0011/4687/114687v2-max-150x150.jpg"],
     [[239,
       250],
      "http://api-images.crunchbase.com/assets/images/resized/0011/4687/114687v2-max-250x250.jpg"],
     [[431,
       450],
      "http://api-images.crunchbase.com/assets/images/resized/0011/4687/114687v2-max-450x450.jpg"]],
   "attribution": null},
 "products":
  [],
 "relationships":
  [{"is_past": false,
    "title": "Partner \u0026 Co-Founder",
    "person":
     {"first_name": "Travis",
      "last_name": "York",
      "permalink": "travis-york-2"}},
   {"is_past": false,
    "title": "Partner/Co-Founder",
    "person":
     {"first_name": "Kyle",
      "last_name": "York",
      "permalink": "kyle-york"}},
   {"is_past": false,
    "title": "Partner \u0026 Co-Founder",
    "person":
     {"first_name": "Brady",
      "last_name": "Sadler",
      "permalink": "brady-sadler-2"}},
   {"is_past": false,
    "title": "Partner \u0026 Co-Founder",
    "person":
     {"first_name": "Justin",
      "last_name": "Griffin",
      "permalink": "justin-griffin-2"}}],
 "competitions":
  [],
 "providerships":
  [],
 "total_money_raised": "$0",
 "funding_rounds":
  [],
 "investments":
  [],
 "acquisition": null,
 "acquisitions":
  [],
 "offices":
  [{"description": "",
    "address1": "",
    "address2": "33 South Commercial Street",
    "zip_code": "03101",
    "city": "Manchester",
    "state_code": "NH",
    "country_code": "USA",
    "latitude": 42.9901899,
    "longitude": -71.4625883}],
 "milestones":
  [{"id": 10996,
    "description": "Launch: 1band 1brand landing page and email collection",
    "stoned_year": 2010,
    "stoned_month": 12,
    "stoned_day": 19,
    "source_url": "http://1band1brand.com",
    "source_text": null,
    "source_description": "Launch: 1band 1brand",
    "stoneable_type": "Company",
    "stoned_value": null,
    "stoned_value_type": null,
    "stoned_acquirer": null,
    "stoneable":
     {"name": "138 Music \u0026 Entertainment",
      "permalink": "138-music-entertainment"}},
   {"id": 13359,
    "description": "1band 1brand digital platform launches at SXSW: http://1band1brand.com",
    "stoned_year": 2011,
    "stoned_month": 3,
    "stoned_day": 18,
    "source_url": "",
    "source_text": null,
    "source_description": "",
    "stoneable_type": "Company",
    "stoned_value": null,
    "stoned_value_type": null,
    "stoned_acquirer": null,
    "stoneable":
     {"name": "138 Music \u0026 Entertainment",
      "permalink": "138-music-entertainment"}}],
 "ipo": null,
 "video_embeds":
  [],
 "screenshots":
  [{"available_sizes":
     [[[150,
        150],
       "http://api-images.crunchbase.com/assets/images/resized/0011/2972/112972v2-max-150x150.jpg"],
      [[250,
        250],
       "http://api-images.crunchbase.com/assets/images/resized/0011/2972/112972v2-max-250x250.jpg"],
      [[450,
        450],
       "http://api-images.crunchbase.com/assets/images/resized/0011/2972/112972v2-max-450x450.jpg"]],
    "attribution": null}],
 "external_links":
  [],
 "partners":
  []}
