{"name": "15 Marketing UK",
 "permalink": "15-marketing-uk",
 "crunchbase_url": "http://www.crunchbase.com/company/15-marketing-uk",
 "homepage_url": "http://www.15marketing.co.uk",
 "blog_url": "",
 "blog_feed_url": "",
 "twitter_username": "15marketing",
 "category_code": "consulting",
 "number_of_employees": 5,
 "founded_year": 2009,
 "founded_month": 12,
 "founded_day": 1,
 "deadpooled_year": null,
 "deadpooled_month": null,
 "deadpooled_day": null,
 "deadpooled_url": null,
 "tag_list": "online-marketing, marketing, marketing-agency, online-gaming, egaming",
 "alias_list": null,
 "email_address": "hello@15marketing.co.uk",
 "phone_number": "08458724944",
 "description": "eGaming Marketing Agency",
 "created_at": "Thu Oct 28 15:20:48 UTC 2010",
 "updated_at": "Mon Mar 31 11:39:25 UTC 2014",
 "overview": "\u003Cp\u003ELaunched in 2009, 15 Marketing is a boutique agency 3.0 to the eGaming industry.\u003C/p\u003E\n\n\u003Cp\u003EFounded by Ben Starr, the company looks after many major gaming brands.  With a flagship super-affiliate portal and 2 operator sites from launch, the company has no bias on software, vertical or territory.\u003C/p\u003E\n\n\u003Cp\u003EBuilding on experience from the very early days of UK online gaming, 15 Marketing is a personable, hands-on agency that cares more about ROI than flashy sales pitches.\u003C/p\u003E\n\n\u003Cp\u003EA small team is a key feature of the company and as such, they aim to progress quickly rather than be surrounded by red tape.  \u003C/p\u003E\n\n\u003Cp\u003EHaving launched OhMyBingo.com, LotsofBingo.com and ReadySetBingo.com, 15 Marketing expanded into client marketing in February 2010.  They quickly attracted two clients, Carlton Bingo and Amuso.  15 Marketing controlled all marketing spend for these brands and also ran design, SEO, merchandise and direct mail.\u003C/p\u003E\n\n\u003Cp\u003EIn July of 2010, 15 Marketing provided OhMyBingo.com with proprietary free bingo software.  The agency also launched a 3rd operator site, Bingo Me Happy.\n2010 also saw 15 Marketing sign Vista Gaming as a client, the company that powers 8 UK facing brands, including Cyber Bingo UK.\u003C/p\u003E\n\n\u003Cp\u003E15 Marketing offer a multitude of services, ranging from basic online marketing to offline campaign production and planning.  They are regular contributors to all major industry magazines, conferences and exhibitions.\u003C/p\u003E",
 "image":
  {"available_sizes":
    [[[150,
       127],
      "http://api-images.crunchbase.com/assets/images/resized/0010/7704/107704v2-max-150x150.png"],
     [[153,
       130],
      "http://api-images.crunchbase.com/assets/images/resized/0010/7704/107704v2-max-250x250.png"],
     [[153,
       130],
      "http://api-images.crunchbase.com/assets/images/resized/0010/7704/107704v2-max-450x450.png"]],
   "attribution": null},
 "products":
  [],
 "relationships":
  [],
 "competitions":
  [],
 "providerships":
  [],
 "total_money_raised": "$0",
 "funding_rounds":
  [],
 "investments":
  [],
 "acquisition": null,
 "acquisitions":
  [],
 "offices":
  [{"description": "Head Office",
    "address1": "The Corn Works",
    "address2": "Station Road, Hertfordshire",
    "zip_code": "WD78JY",
    "city": "Radlett",
    "state_code": null,
    "country_code": "GBR",
    "latitude": null,
    "longitude": null}],
 "milestones":
  [],
 "ipo": null,
 "video_embeds":
  [],
 "screenshots":
  [],
 "external_links":
  [{"external_url": "http://www.egrmagazine.com/blog/592182/retention-strategy.thtml",
    "title": "Retention Strategy"}],
 "partners":
  []}
