{"name": "YeteSoft",
 "permalink": "1and1soft",
 "crunchbase_url": "http://www.crunchbase.com/company/1and1soft",
 "homepage_url": "http://www.yetesoft.com",
 "blog_url": "http://www.yetesoft.com/blog/",
 "blog_feed_url": "http://www.1and1soft.com/blog/feed/",
 "twitter_username": "1and1Mail",
 "category_code": "software",
 "number_of_employees": 5,
 "founded_year": 2005,
 "founded_month": 3,
 "founded_day": null,
 "deadpooled_year": null,
 "deadpooled_month": null,
 "deadpooled_day": null,
 "deadpooled_url": null,
 "tag_list": "email-marketing, email-marketing-software, mass-mail, newsletters",
 "alias_list": null,
 "email_address": "info@yetesoft.com",
 "phone_number": "1-888-435-8208",
 "description": "Free Email Marketing Software",
 "created_at": "Tue Oct 19 07:32:18 UTC 2010",
 "updated_at": "Thu Mar 07 08:35:57 UTC 2013",
 "overview": "\u003Cp\u003EEstablished in 2005, YeteSoft is a company that focuses on exploring new email marketing technology. Our pioneer product 1and1Mail gives every small and medium business the ability to easily create, schedule and send personalized mass emails, manage email contacts and design email newsletters.\u003C/p\u003E\n\n\u003Cp\u003EIn 2005, YeteSoft developed the first version of 1and1Mail email marketing software for our own business need of communicating with our loyal customers. Later we decided to commercialize 1and1Mail, so we offered it as a free tool online and received hundreds of positive feedbacks in a very short time.\u003C/p\u003E\n\n\u003Cp\u003E1and1Mail now has three editions. For Free Edition, we have been offering the most powerful functions compared to all other email marketing software in the market. We, like you, hate to see a pop-up window asking for money every time you accidentally touch some advanced features. Instead, we simply set a limit on the number of emails you can send per batch. We firmly believe 1and1Mail can help you achieve more sales and acquire a much larger customer base. When your business excels with 1and1Mail, we would be quite happy if you purchase our Personal Edition or Business Edition to support your continuously growing business.\u003C/p\u003E\n\n\u003Cp\u003EInternet has made the competition a lot fairer around the world. Small and medium business has the chance to outperform big giants through well-planned Internet marketing.\u003C/p\u003E\n\n\u003Cp\u003E\u0026#8220;I check my Facebook account only 3 times a day, but I check my email inbox every 15 minutes!\u0026#8221;\u009d said one of YeteSoft\u0026#8217;s employees. We believe many of you have same feeling in life. Having grown with 1and1Mail for years, we YeteSofters have a faith in email marketing and the benefits 1and1Mail can bring to all small and medium business worldwide.\u003C/p\u003E\n\n\u003Cp\u003E1and1Mail is not just a piece of software, but we hope to offer a platform to share our years of experience with you, get connected with you, and grow with you.\u003C/p\u003E",
 "image":
  {"available_sizes":
    [[[150,
       30],
      "http://api-images.crunchbase.com/assets/images/resized/0010/6178/106178v2-max-150x150.png"],
     [[250,
       50],
      "http://api-images.crunchbase.com/assets/images/resized/0010/6178/106178v2-max-250x250.png"],
     [[255,
       51],
      "http://api-images.crunchbase.com/assets/images/resized/0010/6178/106178v2-max-450x450.png"]],
   "attribution": null},
 "products":
  [],
 "relationships":
  [],
 "competitions":
  [{"competitor":
     {"name": "SendBlaster",
      "permalink": "sendblaster"}},
   {"competitor":
     {"name": "GroupMail",
      "permalink": "groupmail"}}],
 "providerships":
  [],
 "total_money_raised": "$0",
 "funding_rounds":
  [],
 "investments":
  [],
 "acquisition": null,
 "acquisitions":
  [],
 "offices":
  [{"description": "Hong Kong Office",
    "address1": "Flat 2, 10/F, Block C, Hilton Plaza",
    "address2": "3-9 Shatin Centre Street, Shatin, N.T.",
    "zip_code": "",
    "city": "Hong Kong",
    "state_code": null,
    "country_code": "HKG",
    "latitude": null,
    "longitude": null}],
 "milestones":
  [{"id": 10946,
    "description": "YeteSoft Received Editor's Pick Award from Brothersoft",
    "stoned_year": 2010,
    "stoned_month": 12,
    "stoned_day": 16,
    "source_url": "http://www.brothersoft.com/1and1-mail-430571.html",
    "source_text": null,
    "source_description": "Brothersoft Editor's Pick Award",
    "stoneable_type": "Company",
    "stoned_value": null,
    "stoned_value_type": null,
    "stoned_acquirer": null,
    "stoneable":
     {"name": "YeteSoft",
      "permalink": "1and1soft"}},
   {"id": 22272,
    "description": "YeteSoft Received Editor's Pick Award from FindmySoft",
    "stoned_year": 2012,
    "stoned_month": 2,
    "stoned_day": 27,
    "source_url": "http://1and1mail-free.findmysoft.com/",
    "source_text": null,
    "source_description": "FindmySoft 4-Star Rating",
    "stoneable_type": "Company",
    "stoned_value": null,
    "stoned_value_type": null,
    "stoned_acquirer": null,
    "stoneable":
     {"name": "YeteSoft",
      "permalink": "1and1soft"}}],
 "ipo": null,
 "video_embeds":
  [{"embed_code": "\u003Ciframe width=\"430\" height=\"270\" src=\"http://www.youtube.com/embed/jUHZqGZen6U\" frameborder=\"0\" allowfullscreen\u003E\u003C/iframe\u003E",
    "description": "\u003Cp\u003EGetting Started with 1and1Mail\u003C/p\u003E"}],
 "screenshots":
  [{"available_sizes":
     [[[97,
        150],
       "http://api-images.crunchbase.com/assets/images/resized/0010/6177/106177v2-max-150x150.jpg"],
      [[163,
        250],
       "http://api-images.crunchbase.com/assets/images/resized/0010/6177/106177v2-max-250x250.jpg"],
      [[241,
        369],
       "http://api-images.crunchbase.com/assets/images/resized/0010/6177/106177v2-max-450x450.jpg"]],
    "attribution": null},
   {"available_sizes":
     [[[150,
        100],
       "http://api-images.crunchbase.com/assets/images/resized/0011/1306/111306v2-max-150x150.jpg"],
      [[250,
        166],
       "http://api-images.crunchbase.com/assets/images/resized/0011/1306/111306v2-max-250x250.jpg"],
      [[450,
        300],
       "http://api-images.crunchbase.com/assets/images/resized/0011/1306/111306v2-max-450x450.jpg"]],
    "attribution": null},
   {"available_sizes":
     [[[150,
        121],
       "http://api-images.crunchbase.com/assets/images/resized/0012/6617/126617v2-max-150x150.png"],
      [[250,
        203],
       "http://api-images.crunchbase.com/assets/images/resized/0012/6617/126617v2-max-250x250.png"],
      [[450,
        365],
       "http://api-images.crunchbase.com/assets/images/resized/0012/6617/126617v2-max-450x450.png"]],
    "attribution": null}],
 "external_links":
  [{"external_url": "http://www.yetesoft.com/download/",
    "title": "Download 1and1Mail"},
   {"external_url": "http://www.ilovefreesoftware.com/14/windows/business/1and1mail-free-email-marketing-software.html",
    "title": "Software Review of 1and1Mail 3.0 by ilovefreesoftware.com"},
   {"external_url": "http://www.prlog.org/11378623-1and1mail-releases-new-version-of-bulk-email-software-for-small-businesses.html",
    "title": "New Software Release: 1and1Mail 3.1"},
   {"external_url": "http://www.prweb.com/releases/marketing/email/prweb8985711.htm",
    "title": "New Software Release: 1and1Mail 3.2"},
   {"external_url": "http://blogdecomputacion.com/blog/2013/01/01/software-de-marketing-para-mandar-correos-masivos-a-companias-o-a-varias-personas-software-de-marketing/",
    "title": "Softare de Marketing 1and1Mail"}],
 "partners":
  []}
