{"name": "1ClickPrint",
 "permalink": "1clickprint",
 "crunchbase_url": "http://www.crunchbase.com/company/1clickprint",
 "homepage_url": "http://www.1clickprint.com",
 "blog_url": "http://www.1clickprint.com/blog",
 "blog_feed_url": "http://www.1clickprint.com/blog/feed",
 "twitter_username": "1clickprint",
 "category_code": "web",
 "number_of_employees": 10,
 "founded_year": 2004,
 "founded_month": 4,
 "founded_day": 2,
 "deadpooled_year": null,
 "deadpooled_month": null,
 "deadpooled_day": null,
 "deadpooled_url": null,
 "tag_list": "software, printing, design",
 "alias_list": null,
 "email_address": "info@1clickprint.com",
 "phone_number": "0845 5191506",
 "description": "Online Printer",
 "created_at": "Mon Oct 25 13:49:25 UTC 2010",
 "updated_at": "Tue Oct 26 23:55:36 UTC 2010",
 "overview": "\u003Cp\u003E1ClickPrint is a UK based, predominantly online, print and design company.\u003C/p\u003E\n\n\u003Cp\u003ETheir online presence focuses mainly on promotional printing and t-shirt printing through their \u0026#8216;T Machine\u0026#8217; online design system.\u003C/p\u003E\n\n\u003Cp\u003EBehind the scenes their \u0026#8216;T Machine\u0026#8217; system has been adapted and deployed to fulfill a variety of purposes for other companies. The ranges from online engraving through to online garment design for other print companies.\u003C/p\u003E\n\n\u003Cp\u003EThe company has also recently ventured into more traditional print and design services through the opening of a chain of high streets stores.\u003C/p\u003E",
 "image":
  {"available_sizes":
    [[[150,
       75],
      "http://api-images.crunchbase.com/assets/images/resized/0010/7147/107147v2-max-150x150.png"],
     [[250,
       125],
      "http://api-images.crunchbase.com/assets/images/resized/0010/7147/107147v2-max-250x250.png"],
     [[296,
       148],
      "http://api-images.crunchbase.com/assets/images/resized/0010/7147/107147v2-max-450x450.png"]],
   "attribution": null},
 "products":
  [],
 "relationships":
  [],
 "competitions":
  [],
 "providerships":
  [],
 "total_money_raised": "$0",
 "funding_rounds":
  [],
 "investments":
  [],
 "acquisition": null,
 "acquisitions":
  [],
 "offices":
  [{"description": "Head Office",
    "address1": "Redwood Court",
    "address2": "Dinnington",
    "zip_code": "S25 3NQ",
    "city": "Sheffield",
    "state_code": null,
    "country_code": "GBR",
    "latitude": null,
    "longitude": null},
   {"description": "Sheffield Branch",
    "address1": "271 Ecclesall Road",
    "address2": "",
    "zip_code": "S11 8NX",
    "city": "Sheffield",
    "state_code": null,
    "country_code": "GBR",
    "latitude": null,
    "longitude": null},
   {"description": "Doncaster Branch",
    "address1": "4 Nether Hall Road",
    "address2": "",
    "zip_code": "DN1 2PW",
    "city": "Doncaster",
    "state_code": null,
    "country_code": "GBR",
    "latitude": null,
    "longitude": null}],
 "milestones":
  [],
 "ipo": null,
 "video_embeds":
  [],
 "screenshots":
  [],
 "external_links":
  [],
 "partners":
  []}
