{"name": "1scream",
 "permalink": "1scream",
 "crunchbase_url": "http://www.crunchbase.com/company/1scream",
 "homepage_url": "http://1scream.com",
 "blog_url": "",
 "blog_feed_url": "",
 "twitter_username": "1scream",
 "category_code": "web",
 "number_of_employees": 2,
 "founded_year": 2010,
 "founded_month": 1,
 "founded_day": null,
 "deadpooled_year": null,
 "deadpooled_month": null,
 "deadpooled_day": null,
 "deadpooled_url": null,
 "tag_list": "",
 "alias_list": null,
 "email_address": "",
 "phone_number": "",
 "description": "Online Content Operator",
 "created_at": "Sat Dec 04 01:50:35 UTC 2010",
 "updated_at": "Wed Jul 20 18:11:07 UTC 2011",
 "overview": null,
 "image":
  {"available_sizes":
    [[[150,
       45],
      "http://api-images.crunchbase.com/assets/images/resized/0014/5211/145211v2-max-150x150.png"],
     [[250,
       75],
      "http://api-images.crunchbase.com/assets/images/resized/0014/5211/145211v2-max-250x250.png"],
     [[450,
       135],
      "http://api-images.crunchbase.com/assets/images/resized/0014/5211/145211v2-max-450x450.png"]],
   "attribution": null},
 "products":
  [{"name": "RCTLounge",
    "permalink": "rctlounge"},
   {"name": "Park Thoughts",
    "permalink": "park-thoughts"},
   {"name": "ParkPlanr",
    "permalink": "parkplanr"}],
 "relationships":
  [{"is_past": false,
    "title": "Founder, Partner",
    "person":
     {"first_name": "Doug",
      "last_name": "Sisk",
      "permalink": "doug-sisk"}}],
 "competitions":
  [],
 "providerships":
  [],
 "total_money_raised": "$0",
 "funding_rounds":
  [],
 "investments":
  [],
 "acquisition": null,
 "acquisitions":
  [],
 "offices":
  [],
 "milestones":
  [],
 "ipo": null,
 "video_embeds":
  [],
 "screenshots":
  [],
 "external_links":
  [],
 "partners":
  []}
