{"name": "20:20 Media",
 "permalink": "20-20-media",
 "crunchbase_url": "http://www.crunchbase.com/company/20-20-media",
 "homepage_url": "http://www.2020india.com",
 "blog_url": "",
 "blog_feed_url": "",
 "twitter_username": null,
 "category_code": null,
 "number_of_employees": null,
 "founded_year": 1989,
 "founded_month": null,
 "founded_day": null,
 "deadpooled_year": null,
 "deadpooled_month": null,
 "deadpooled_day": null,
 "deadpooled_url": null,
 "tag_list": "",
 "alias_list": "",
 "email_address": "",
 "phone_number": "91-120-3965800",
 "description": "PR firm",
 "created_at": "Tue Dec 28 13:08:03 UTC 2010",
 "updated_at": "Tue Dec 28 13:15:03 UTC 2010",
 "overview": "\u003Cp\u003E20:20 MEDIA was founded in 1989 and is India\u0026#8217;s first technology communications firm. Today, it is recognized as one of India\u0026#8217;s top PR firms and the leader in technology communications, with more than 140 staff and offices in Delhi, Mumbai, Bangalore, Chennai, Hyderabad and Pune. 20:20 MEDIA was selected as the India PR agency of the year 2009 at the Indy\u0026#8217;s Awards. \u003C/p\u003E",
 "image":
  {"available_sizes":
    [[[150,
       32],
      "http://api-images.crunchbase.com/assets/images/resized/0011/5612/115612v1-max-150x150.jpg"],
     [[250,
       54],
      "http://api-images.crunchbase.com/assets/images/resized/0011/5612/115612v1-max-250x250.jpg"],
     [[361,
       79],
      "http://api-images.crunchbase.com/assets/images/resized/0011/5612/115612v1-max-450x450.jpg"]],
   "attribution": null},
 "products":
  [],
 "relationships":
  [],
 "competitions":
  [],
 "providerships":
  [],
 "total_money_raised": "$0",
 "funding_rounds":
  [],
 "investments":
  [],
 "acquisition":
  {"price_amount": null,
   "price_currency_code": "USD",
   "term_code": null,
   "source_url": "http://www.prnewswire.com/news-releases/publicis-groupe-to-acquire-2020-media-2020social-in-india-and-establish-mslgroup-india---indias-leader-in-pr-social-media-and-specialty-communications-services-104134578.html",
   "source_description": "Publicis Groupe to Acquire 20:20 Media, 2020Social in India and Establish MS\u0026LGROUP India - India's Leader in PR, Social Media and Specialty Communications Services ",
   "acquired_year": 2010,
   "acquired_month": 10,
   "acquired_day": 1,
   "acquiring_company":
    {"name": "Publicis Groupe",
     "permalink": "publicis-groupe"}},
 "acquisitions":
  [],
 "offices":
  [{"description": "HQ",
    "address1": "B-23, First Floor, Sector 2",
    "address2": "",
    "zip_code": "201301",
    "city": "Noida",
    "state_code": null,
    "country_code": "IND",
    "latitude": null,
    "longitude": null}],
 "milestones":
  [],
 "ipo": null,
 "video_embeds":
  [],
 "screenshots":
  [{"available_sizes":
     [[[150,
        84],
       "http://api-images.crunchbase.com/assets/images/resized/0011/5613/115613v1-max-150x150.jpg"],
      [[250,
        141],
       "http://api-images.crunchbase.com/assets/images/resized/0011/5613/115613v1-max-250x250.jpg"],
      [[450,
        254],
       "http://api-images.crunchbase.com/assets/images/resized/0011/5613/115613v1-max-450x450.jpg"]],
    "attribution": null}],
 "external_links":
  [],
 "partners":
  []}
