{"name": "20th StreetMedia",
 "permalink": "20th-streetmedia",
 "crunchbase_url": "http://www.crunchbase.com/company/20th-streetmedia",
 "homepage_url": null,
 "blog_url": null,
 "blog_feed_url": null,
 "twitter_username": null,
 "category_code": null,
 "number_of_employees": null,
 "founded_year": null,
 "founded_month": null,
 "founded_day": null,
 "deadpooled_year": null,
 "deadpooled_month": null,
 "deadpooled_day": null,
 "deadpooled_url": null,
 "tag_list": "",
 "alias_list": null,
 "email_address": null,
 "phone_number": null,
 "description": null,
 "created_at": "Sun Oct 17 02:40:37 UTC 2010",
 "updated_at": "Sat Oct 29 00:38:54 UTC 2011",
 "overview": "\u003Cp\u003E20th Street Media LLC based in Times Square New York City, is a full service boutique technology and design firm\u003C/p\u003E",
 "image":
  {"available_sizes":
    [[[150,
       100],
      "http://api-images.crunchbase.com/assets/images/resized/0015/3888/153888v2-max-150x150.png"],
     [[250,
       166],
      "http://api-images.crunchbase.com/assets/images/resized/0015/3888/153888v2-max-250x250.png"],
     [[300,
       200],
      "http://api-images.crunchbase.com/assets/images/resized/0015/3888/153888v2-max-450x450.png"]],
   "attribution": null},
 "products":
  [],
 "relationships":
  [{"is_past": false,
    "title": "Founder/CEO",
    "person":
     {"first_name": "Adam",
      "last_name": "Schneider",
      "permalink": "adam-schneider"}},
   {"is_past": true,
    "title": "Art Director",
    "person":
     {"first_name": "Stephan",
      "last_name": "Wetzl",
      "permalink": "stephan-wetzl"}}],
 "competitions":
  [],
 "providerships":
  [],
 "total_money_raised": "$0",
 "funding_rounds":
  [],
 "investments":
  [],
 "acquisition": null,
 "acquisitions":
  [],
 "offices":
  [{"description": "",
    "address1": "54 West 39th Street, 2nd Floor",
    "address2": "",
    "zip_code": "10018",
    "city": "New York",
    "state_code": "NY",
    "country_code": "USA",
    "latitude": null,
    "longitude": null}],
 "milestones":
  [],
 "ipo": null,
 "video_embeds":
  [],
 "screenshots":
  [],
 "external_links":
  [{"external_url": "http://20thstmedia.com",
    "title": "Website"}],
 "partners":
  []}
