{"name": "24Symbols",
 "permalink": "24symbols",
 "crunchbase_url": "http://www.crunchbase.com/company/24symbols",
 "homepage_url": "http://www.24symbols.com",
 "blog_url": "http://www.24symbols.com/blog/",
 "blog_feed_url": "",
 "twitter_username": "24symbols",
 "category_code": "software",
 "number_of_employees": null,
 "founded_year": 2010,
 "founded_month": 8,
 "founded_day": 7,
 "deadpooled_year": null,
 "deadpooled_month": null,
 "deadpooled_day": null,
 "deadpooled_url": null,
 "tag_list": "world, free, books",
 "alias_list": "",
 "email_address": "info@24symbols.com",
 "phone_number": "(+34) 639 619 398",
 "description": "One-click Reading",
 "created_at": "Thu Oct 21 18:38:56 UTC 2010",
 "updated_at": "Fri Dec 13 11:25:21 UTC 2013",
 "overview": "\u003Cp\u003E24symbols is a solution to read digital books in any reading device with internet connection 24symbols allows us to read on every reading device with Internet conection (eReaders, smartphones, iPad, laptops,\u0026#8230;).\u003C/p\u003E",
 "image":
  {"available_sizes":
    [[[150,
       150],
      "http://api-images.crunchbase.com/assets/images/resized/0037/5797/375797v1-max-150x150.jpg"],
     [[204,
       204],
      "http://api-images.crunchbase.com/assets/images/resized/0037/5797/375797v1-max-250x250.jpg"],
     [[204,
       204],
      "http://api-images.crunchbase.com/assets/images/resized/0037/5797/375797v1-max-450x450.jpg"]],
   "attribution": null},
 "products":
  [],
 "relationships":
  [{"is_past": false,
    "title": "Co-founder, Chief Business Development Officer",
    "person":
     {"first_name": "Justo",
      "last_name": "Hidalgo",
      "permalink": "justo-hidalgo"}},
   {"is_past": false,
    "title": "Co-Founder CEO",
    "person":
     {"first_name": "Aitor",
      "last_name": "Grandes",
      "permalink": "aitor-grandes"}},
   {"is_past": false,
    "title": "Investor and Advisor",
    "person":
     {"first_name": "David",
      "last_name": "Cantolla",
      "permalink": "david-cantolla"}},
   {"is_past": false,
    "title": "Investor and Advisor",
    "person":
     {"first_name": "Joaquin",
      "last_name": "Guirao",
      "permalink": "joaquin-guirao"}},
   {"is_past": false,
    "title": "Co-Founder",
    "person":
     {"first_name": "\u00c1ngel's",
      "last_name": "library",
      "permalink": "ngels-library"}},
   {"is_past": false,
    "title": "Investor and Advisor",
    "person":
     {"first_name": "Humberto",
      "last_name": "Matas",
      "permalink": "humberto-matas"}},
   {"is_past": false,
    "title": "Investor and Advisor",
    "person":
     {"first_name": "Francisco",
      "last_name": "Lorca",
      "permalink": "francisco-lorca"}}],
 "competitions":
  [],
 "providerships":
  [],
 "total_money_raised": "$0",
 "funding_rounds":
  [{"id": 19435,
    "round_code": "seed",
    "source_url": "",
    "source_description": "",
    "raised_amount": null,
    "raised_currency_code": null,
    "funded_year": 2010,
    "funded_month": 10,
    "funded_day": 20,
    "investments":
     [{"company":
        {"name": "Sidkap",
         "permalink": "sidkap"},
       "financial_org": null,
       "person": null}]}],
 "investments":
  [],
 "acquisition": null,
 "acquisitions":
  [],
 "offices":
  [{"description": "HQ",
    "address1": "C/Princesa 29, 4th floor",
    "address2": "",
    "zip_code": "28008",
    "city": "Madrid",
    "state_code": null,
    "country_code": "ESP",
    "latitude": null,
    "longitude": null}],
 "milestones":
  [{"id": 14018,
    "description": "Launched private Beta",
    "stoned_year": 2011,
    "stoned_month": 3,
    "stoned_day": 31,
    "source_url": "http://blogs.wsj.com/tech-europe/2011/04/07/spanish-start-up-launches-spotify-for-books/",
    "source_text": null,
    "source_description": "Wall Street Journal 24symbols",
    "stoneable_type": "Company",
    "stoned_value": null,
    "stoned_value_type": null,
    "stoned_acquirer": null,
    "stoneable":
     {"name": "24Symbols",
      "permalink": "24symbols"}},
   {"id": 33794,
    "description": "Announced investment and partnership with ZED",
    "stoned_year": 2013,
    "stoned_month": 5,
    "stoned_day": 9,
    "source_url": "http://www.thebookseller.com/news/24symbols-signs-zed.html",
    "source_text": null,
    "source_description": "24symbols signs with Zed",
    "stoneable_type": "Company",
    "stoned_value": null,
    "stoned_value_type": null,
    "stoned_acquirer": null,
    "stoneable":
     {"name": "24Symbols",
      "permalink": "24symbols"}}],
 "ipo": null,
 "video_embeds":
  [],
 "screenshots":
  [{"available_sizes":
     [[[150,
        100],
       "http://api-images.crunchbase.com/assets/images/resized/0011/2856/112856v1-max-150x150.jpg"],
      [[250,
        166],
       "http://api-images.crunchbase.com/assets/images/resized/0011/2856/112856v1-max-250x250.jpg"],
      [[450,
        300],
       "http://api-images.crunchbase.com/assets/images/resized/0011/2856/112856v1-max-450x450.jpg"]],
    "attribution": null}],
 "external_links":
  [],
 "partners":
  []}
