{"name": "285 Digital Media",
 "permalink": "285-digital-media",
 "crunchbase_url": "http://www.crunchbase.com/company/285-digital-media",
 "homepage_url": "http://285digital.com",
 "blog_url": "",
 "blog_feed_url": "",
 "twitter_username": "285digital",
 "category_code": "software",
 "number_of_employees": null,
 "founded_year": 2010,
 "founded_month": 3,
 "founded_day": 1,
 "deadpooled_year": null,
 "deadpooled_month": null,
 "deadpooled_day": null,
 "deadpooled_url": null,
 "tag_list": "mobile, games, web, apps",
 "alias_list": null,
 "email_address": "info@285digital.com",
 "phone_number": "",
 "description": "Mobile Apps \u0026 Games",
 "created_at": "Mon Oct 04 00:37:06 UTC 2010",
 "updated_at": "Wed Jan 11 06:13:51 UTC 2012",
 "overview": "\u003Cp\u003EA software development company based in Vancouver Canada specializing in Web, Mobile, and Games.\u003C/p\u003E\n\n\u003Cp\u003E285\u0026#8217;s flagship product is Direct Feed - a mobile application platform for restaurants.\u003C/p\u003E",
 "image":
  {"available_sizes":
    [[[150,
       37],
      "http://api-images.crunchbase.com/assets/images/resized/0010/4033/104033v2-max-150x150.png"],
     [[250,
       62],
      "http://api-images.crunchbase.com/assets/images/resized/0010/4033/104033v2-max-250x250.png"],
     [[450,
       112],
      "http://api-images.crunchbase.com/assets/images/resized/0010/4033/104033v2-max-450x450.png"]],
   "attribution": null},
 "products":
  [],
 "relationships":
  [],
 "competitions":
  [],
 "providerships":
  [],
 "total_money_raised": "$0",
 "funding_rounds":
  [],
 "investments":
  [],
 "acquisition": null,
 "acquisitions":
  [],
 "offices":
  [{"description": "Headquarters",
    "address1": "129- 280 Nelson Street",
    "address2": "Vancouver B.C. Canada",
    "zip_code": "V6B 2E2",
    "city": "Vancouver",
    "state_code": null,
    "country_code": "CAN",
    "latitude": null,
    "longitude": null}],
 "milestones":
  [],
 "ipo": null,
 "video_embeds":
  [],
 "screenshots":
  [{"available_sizes":
     [[[150,
        141],
       "http://api-images.crunchbase.com/assets/images/resized/0010/4031/104031v2-max-150x150.png"],
      [[250,
        235],
       "http://api-images.crunchbase.com/assets/images/resized/0010/4031/104031v2-max-250x250.png"],
      [[450,
        423],
       "http://api-images.crunchbase.com/assets/images/resized/0010/4031/104031v2-max-450x450.png"]],
    "attribution": null},
   {"available_sizes":
     [[[150,
        113],
       "http://api-images.crunchbase.com/assets/images/resized/0010/4032/104032v2-max-150x150.png"],
      [[250,
        188],
       "http://api-images.crunchbase.com/assets/images/resized/0010/4032/104032v2-max-250x250.png"],
      [[450,
        340],
       "http://api-images.crunchbase.com/assets/images/resized/0010/4032/104032v2-max-450x450.png"]],
    "attribution": null}],
 "external_links":
  [{"external_url": "http://mydirectfeed.com",
    "title": "Direct Feed"}],
 "partners":
  []}
