{"name": "2degrees",
 "permalink": "2degrees",
 "crunchbase_url": "http://www.crunchbase.com/company/2degrees",
 "homepage_url": "http://www.2degreesnetwork.com",
 "blog_url": "http://www.2degreesnetwork.com/blog",
 "blog_feed_url": "http://www.2degreesnetwork.com/blog/feeds/index.rss2",
 "twitter_username": "2degreesnetwork",
 "category_code": "cleantech",
 "number_of_employees": 30,
 "founded_year": 2008,
 "founded_month": null,
 "founded_day": null,
 "deadpooled_year": null,
 "deadpooled_month": null,
 "deadpooled_day": null,
 "deadpooled_url": null,
 "tag_list": "sustainability, green, green-tech, sustainable-business, social-network, clean-tech, problem-solving",
 "alias_list": null,
 "email_address": "",
 "phone_number": "6463752416",
 "description": "Online Sustainability Community",
 "created_at": "Mon Jan 24 18:47:51 UTC 2011",
 "updated_at": "Wed Feb 02 22:15:42 UTC 2011",
 "overview": "\u003Cp\u003E2degrees is a global community for sustainable business, providing an online platform for sustainability professionals collaborate and learn. This is done using a suite of tools including webinars, forums, podcasts, document libraries, and virtual roundtables. The 2degrees community is built upon subject-specific Working Groups to help concentrate members and knowledge. On the platform, subject matter experts, called Working Group Managers, help facilitate collaboration by starting conversations, providing opportunities for learning, and places for organizations to share best practices. \u003C/p\u003E",
 "image":
  {"available_sizes":
    [[[150,
       47],
      "http://api-images.crunchbase.com/assets/images/resized/0011/8781/118781v2-max-150x150.jpg"],
     [[250,
       79],
      "http://api-images.crunchbase.com/assets/images/resized/0011/8781/118781v2-max-250x250.jpg"],
     [[450,
       142],
      "http://api-images.crunchbase.com/assets/images/resized/0011/8781/118781v2-max-450x450.jpg"]],
   "attribution": null},
 "products":
  [],
 "relationships":
  [{"is_past": false,
    "title": "Founder and CEO",
    "person":
     {"first_name": "Martin",
      "last_name": "Chilcott",
      "permalink": "martin-chilcott"}}],
 "competitions":
  [{"competitor":
     {"name": "Viridus",
      "permalink": "viridus"}}],
 "providerships":
  [],
 "total_money_raised": "$0",
 "funding_rounds":
  [],
 "investments":
  [],
 "acquisition": null,
 "acquisitions":
  [],
 "offices":
  [{"description": "Oxford Office",
    "address1": "267 Banbury Road",
    "address2": "2nd Floor, Prama House",
    "zip_code": "OX2 7HT",
    "city": "Oxford",
    "state_code": null,
    "country_code": "GBR",
    "latitude": null,
    "longitude": null},
   {"description": "NYC Office",
    "address1": "116 W. 23rd St",
    "address2": "Suite 500",
    "zip_code": "10011",
    "city": "New York",
    "state_code": "NY",
    "country_code": "USA",
    "latitude": null,
    "longitude": null}],
 "milestones":
  [],
 "ipo": null,
 "video_embeds":
  [],
 "screenshots":
  [{"available_sizes":
     [[[150,
        131],
       "http://api-images.crunchbase.com/assets/images/resized/0011/8780/118780v2-max-150x150.jpg"],
      [[250,
        219],
       "http://api-images.crunchbase.com/assets/images/resized/0011/8780/118780v2-max-250x250.jpg"],
      [[450,
        395],
       "http://api-images.crunchbase.com/assets/images/resized/0011/8780/118780v2-max-450x450.jpg"]],
    "attribution": null}],
 "external_links":
  [],
 "partners":
  []}
