{"name": "2pensmedia",
 "permalink": "2pensmedia",
 "crunchbase_url": "http://www.crunchbase.com/company/2pensmedia",
 "homepage_url": "http://www.2pensmedia.com",
 "blog_url": "http://www.2pensmedia.com/blog",
 "blog_feed_url": "",
 "twitter_username": "2pensmedia",
 "category_code": "other",
 "number_of_employees": 4,
 "founded_year": 2009,
 "founded_month": 5,
 "founded_day": 1,
 "deadpooled_year": null,
 "deadpooled_month": null,
 "deadpooled_day": null,
 "deadpooled_url": null,
 "tag_list": "",
 "alias_list": null,
 "email_address": "dtragas@2pensmedia.com",
 "phone_number": "312-576-1375",
 "description": "Mobile and Web Development",
 "created_at": "Mon Nov 29 19:39:41 UTC 2010",
 "updated_at": "Tue Nov 30 22:42:32 UTC 2010",
 "overview": "\u003Cp\u003E2pensmedia Inc. is a Chicago based graphic design company that prides itself on customer satisfaction. We have over ten years of professional experience in the vast world of graphic design. Unlike most companies we aren\u00e2\u20ac\u2122t only well versed in one craft of web design. Our skill sets are as diverse as webdesign to print design, to animation and iPhone application development. We are constantly striving to push the boundaries of technology and are always honing our craft.\u003C/p\u003E",
 "image":
  {"available_sizes":
    [[[135,
       150],
      "http://api-images.crunchbase.com/assets/images/resized/0011/2173/112173v2-max-150x150.png"],
     [[226,
       250],
      "http://api-images.crunchbase.com/assets/images/resized/0011/2173/112173v2-max-250x250.png"],
     [[407,
       450],
      "http://api-images.crunchbase.com/assets/images/resized/0011/2173/112173v2-max-450x450.png"]],
   "attribution": null},
 "products":
  [],
 "relationships":
  [],
 "competitions":
  [],
 "providerships":
  [],
 "total_money_raised": "$0",
 "funding_rounds":
  [],
 "investments":
  [],
 "acquisition": null,
 "acquisitions":
  [],
 "offices":
  [{"description": "",
    "address1": "8809 Oriole Ave",
    "address2": "",
    "zip_code": "60053",
    "city": "Morton Grove",
    "state_code": "IL",
    "country_code": "USA",
    "latitude": null,
    "longitude": null}],
 "milestones":
  [],
 "ipo": null,
 "video_embeds":
  [],
 "screenshots":
  [],
 "external_links":
  [],
 "partners":
  []}
