{"name": "3-2-1 Talent Showcase Acting Studios",
 "permalink": "3-2-1-talent-showcase-acting-studios",
 "crunchbase_url": "http://www.crunchbase.com/company/3-2-1-talent-showcase-acting-studios",
 "homepage_url": null,
 "blog_url": "",
 "blog_feed_url": "",
 "twitter_username": null,
 "category_code": null,
 "number_of_employees": null,
 "founded_year": null,
 "founded_month": null,
 "founded_day": null,
 "deadpooled_year": null,
 "deadpooled_month": null,
 "deadpooled_day": null,
 "deadpooled_url": null,
 "tag_list": "",
 "alias_list": "",
 "email_address": "",
 "phone_number": "",
 "description": "",
 "created_at": "Sat Nov 13 02:00:35 UTC 2010",
 "updated_at": "Sun Nov 14 00:57:28 UTC 2010",
 "overview": "",
 "image":
  {"available_sizes":
    [[[150,
       102],
      "http://api-images.crunchbase.com/assets/images/resized/0011/0055/110055v2-max-150x150.jpg"],
     [[150,
       102],
      "http://api-images.crunchbase.com/assets/images/resized/0011/0055/110055v2-max-250x250.jpg"],
     [[150,
       102],
      "http://api-images.crunchbase.com/assets/images/resized/0011/0055/110055v2-max-450x450.jpg"]],
   "attribution": null},
 "products":
  [],
 "relationships":
  [],
 "competitions":
  [],
 "providerships":
  [],
 "total_money_raised": "$0",
 "funding_rounds":
  [],
 "investments":
  [],
 "acquisition": null,
 "acquisitions":
  [],
 "offices":
  [],
 "milestones":
  [],
 "ipo": null,
 "video_embeds":
  [],
 "screenshots":
  [{"available_sizes":
     [[[150,
        150],
       "http://api-images.crunchbase.com/assets/images/resized/0011/0056/110056v2-max-150x150.jpg"],
      [[175,
        175],
       "http://api-images.crunchbase.com/assets/images/resized/0011/0056/110056v2-max-250x250.jpg"],
      [[175,
        175],
       "http://api-images.crunchbase.com/assets/images/resized/0011/0056/110056v2-max-450x450.jpg"]],
    "attribution": null}],
 "external_links":
  [],
 "partners":
  []}
