{"name": "360 Vantage",
 "permalink": "360-vantage",
 "crunchbase_url": "http://www.crunchbase.com/company/360-vantage",
 "homepage_url": "http://www.360vantage.com",
 "blog_url": "http://www.360vantage.com/360-blog",
 "blog_feed_url": "",
 "twitter_username": "360VANTAGE",
 "category_code": "mobile",
 "number_of_employees": 50,
 "founded_year": 2005,
 "founded_month": 9,
 "founded_day": 1,
 "deadpooled_year": null,
 "deadpooled_month": null,
 "deadpooled_day": null,
 "deadpooled_url": null,
 "tag_list": "cloud-based-crm, salesforce-com-crm, custom-salesforce-com-crm, life-sciences-crm, pharma-crm, pharmaceutical-crm, biotech-crm, medical-device-crm, closed-loop-marketing, clm, pharma-marketing, pharma-clm, pharma-closed-loop-marketing, biotech-clm, biotec",
 "alias_list": null,
 "email_address": "info@360vantage.com",
 "phone_number": "888.682.6824",
 "description": "CRM for Life Sciences",
 "created_at": "Thu Jan 06 01:37:04 UTC 2011",
 "updated_at": "Sat Dec 24 10:46:58 UTC 2011",
 "overview": "\u003Cp\u003EEstablished in 2005, 360 Vantage\u00c2\u00ae is a leader in cloud-based CRM, sales force automation and closed-loop marketing systems designed to solve the unique challenges of the Life Sciences industry. The company offers its 360 CRM, 360 CLM, compliance and e-Learning solutions in addition to a full suite of professional and managed services. \u003C/p\u003E\n\n\u003Cp\u003EThe company designs and deploys tailored CRM and marketing systems around the industry-leading Salesforce.com solution and its cloud computing platform, Force.com. This cloud-based approach gives Life Sciences organizations: \u003C/p\u003E\n\n\u003Cp\u003E\u00e2\u20ac\u00a2 More flexibility in mobile technology options for end users\n\u00e2\u20ac\u00a2 Improved system adoption by end users\n\u00e2\u20ac\u00a2 Better access to real-time, integrated data from disparate systems throughout the enterprise\n\u00e2\u20ac\u00a2 Faster speed to market with real-time, electronic distribution of product information\n\u00e2\u20ac\u00a2 Improved tracking of system usage and better data integrity\n\u00e2\u20ac\u00a2 Enhanced system flexibility to support current and future business processes\n\u00e2\u20ac\u00a2 Simplified system management, maintenance and enhancements\n\u00e2\u20ac\u00a2 Lower total cost of ownership\u003C/p\u003E\n\n\u003Cp\u003E\u0026#92; 360 VANTAGE Difference \u0026#92;\n360 Vantage solutions deliver flexibility, mobile system access and end-user simplicity, giving sales, marketing and management fast, intuitive, integrated access to mission-critical customer data anytime, anywhere, and from any kind of device (PDA, smart-phone, tablet, iPad, Mac/PC desktops and laptops). \u003C/p\u003E\n\n\u003Cp\u003EWith more than 120 projects delivered on time and on budget just since 2008, the 360 Vantage team brings deep industry expertise and technology proficiency to its Life Sciences clients so they can reap the business benefits of the latest advances without having to become experts themselves.\u003C/p\u003E\n\n\u003Cp\u003EClients choose 360 Vantage over other legacy and cloud-based CRM providers for several key reasons, including: \n\u00e2\u20ac\u00a2 Flexibility of the system to support the company\u00e2\u20ac\u2122s current and future business processes\n\u00e2\u20ac\u00a2 No required system upgrades\n\u00e2\u20ac\u00a2 Lower total cost of ownership\n\u00e2\u20ac\u00a2 Technical, process and industry proficiency of the 360 Vantage team\n\u00e2\u20ac\u00a2 The company\u00e2\u20ac\u2122s exceptional track record in customer satisfaction, on-time delivery and long-term business impact\u003C/p\u003E\n\n\u003Cp\u003E\u0026#92; 360 VANTAGE Solutions and Services \u0026#92;\n360 Vantage delivers a full range of cloud-based CRM and marketing solutions, as well as a suite of related services:\n\u00e2\u20ac\u00a2 Sales  |  full suite of CRM solutions designed for specialty sales forces\n\u00e2\u20ac\u00a2 Marketing  |  complete Closed Loop Marketing solution\n\u00e2\u20ac\u00a2 Management  |  fully-integrated, real-time analytics, reporting and dashboards for a 360-degree view of the business\n\u00e2\u20ac\u00a2 eLearning  |  comprehensive web-based and face-to-face training \n\u00e2\u20ac\u00a2 Compliance  |  pre-validated solutions for signature capture, samples management, spend tracking and related industry specific standards and regulations \n\u00e2\u20ac\u00a2 Mobile application development  |  real-time application and data access anytime, anywhere\n\u00e2\u20ac\u00a2 Data Services  |  solution strategy, consulting, implementation, user training and support\n\u00e2\u20ac\u00a2 Professional Services  |  solution strategy, consulting, implementation, user training and support\n\u00e2\u20ac\u00a2 Managed Services  |  full-service solution management including application maintenance, new functionality design, process management and data processing\u003C/p\u003E",
 "image":
  {"available_sizes":
    [[[150,
       31],
      "http://api-images.crunchbase.com/assets/images/resized/0011/6323/116323v2-max-150x150.png"],
     [[250,
       52],
      "http://api-images.crunchbase.com/assets/images/resized/0011/6323/116323v2-max-250x250.png"],
     [[382,
       80],
      "http://api-images.crunchbase.com/assets/images/resized/0011/6323/116323v2-max-450x450.png"]],
   "attribution": null},
 "products":
  [{"name": "360 CRM",
    "permalink": "360-crm"},
   {"name": "360 CLM",
    "permalink": "360-clm"},
   {"name": "360 e-learning",
    "permalink": "360-e-learning"}],
 "relationships":
  [{"is_past": false,
    "title": "CEO, Co-Founder",
    "person":
     {"first_name": "Mario",
      "last_name": "Martinez II",
      "permalink": "mario-martinez-ii"}},
   {"is_past": true,
    "title": "COO, Co-Founder",
    "person":
     {"first_name": "Kyle",
      "last_name": "Aulerich",
      "permalink": "kyle-aulerich"}}],
 "competitions":
  [],
 "providerships":
  [],
 "total_money_raised": "$0",
 "funding_rounds":
  [],
 "investments":
  [],
 "acquisition":
  {"price_amount": null,
   "price_currency_code": "USD",
   "term_code": null,
   "source_url": "http://mna.im/segmentview.aspx?ViewModes=6\u0026AcquisitionID=35537",
   "source_description": "IMS Health Incorporated, acquired 360 Vantage",
   "acquired_year": 2013,
   "acquired_month": 5,
   "acquired_day": 20,
   "acquiring_company":
    {"name": "IMS Health",
     "permalink": "ims-health"}},
 "acquisitions":
  [],
 "offices":
  [{"description": "360 VANTAGE Headquarters",
    "address1": "3165 South Price Road",
    "address2": "",
    "zip_code": "85248",
    "city": "Chandler",
    "state_code": "AZ",
    "country_code": "USA",
    "latitude": null,
    "longitude": null}],
 "milestones":
  [],
 "ipo": null,
 "video_embeds":
  [],
 "screenshots":
  [{"available_sizes":
     [[[150,
        137],
       "http://api-images.crunchbase.com/assets/images/resized/0011/6319/116319v2-max-150x150.png"],
      [[250,
        229],
       "http://api-images.crunchbase.com/assets/images/resized/0011/6319/116319v2-max-250x250.png"],
      [[298,
        273],
       "http://api-images.crunchbase.com/assets/images/resized/0011/6319/116319v2-max-450x450.png"]],
    "attribution": null},
   {"available_sizes":
     [[[150,
        131],
       "http://api-images.crunchbase.com/assets/images/resized/0011/6320/116320v2-max-150x150.png"],
      [[250,
        219],
       "http://api-images.crunchbase.com/assets/images/resized/0011/6320/116320v2-max-250x250.png"],
      [[250,
        219],
       "http://api-images.crunchbase.com/assets/images/resized/0011/6320/116320v2-max-450x450.png"]],
    "attribution": null},
   {"available_sizes":
     [[[150,
        117],
       "http://api-images.crunchbase.com/assets/images/resized/0011/6321/116321v2-max-150x150.png"],
      [[250,
        196],
       "http://api-images.crunchbase.com/assets/images/resized/0011/6321/116321v2-max-250x250.png"],
      [[250,
        196],
       "http://api-images.crunchbase.com/assets/images/resized/0011/6321/116321v2-max-450x450.png"]],
    "attribution": null},
   {"available_sizes":
     [[[150,
        117],
       "http://api-images.crunchbase.com/assets/images/resized/0011/6322/116322v2-max-150x150.png"],
      [[250,
        196],
       "http://api-images.crunchbase.com/assets/images/resized/0011/6322/116322v2-max-250x250.png"],
      [[250,
        196],
       "http://api-images.crunchbase.com/assets/images/resized/0011/6322/116322v2-max-450x450.png"]],
    "attribution": null}],
 "external_links":
  [{"external_url": "http://www.prweb.com/releases/2010/360vantageCRM-iPad/prweb4683714.htm",
    "title": "360 Vantage Launches Life Sciences CRM App on iPad\u00e2\u201e\u00a2 and Seeks Beta Customers for Closed Loop Marketing App on iPad\u00e2\u201e\u00a2"},
   {"external_url": "http://www.prweb.com/releases/360vantage/pharmacrm/prweb4904604.htm",
    "title": "360 Vantage Signs New Agreement with US-based Pharmaceutical Compan"}],
 "partners":
  []}
