{"name": "3CityAdvertising.com",
 "permalink": "3cityadvertising-com",
 "crunchbase_url": "http://www.crunchbase.com/company/3cityadvertising-com",
 "homepage_url": "http://3cityadvertising.com",
 "blog_url": "http://blog.3cityadvertising.com/",
 "blog_feed_url": "",
 "twitter_username": "3cityme",
 "category_code": "advertising",
 "number_of_employees": 1,
 "founded_year": 2010,
 "founded_month": 6,
 "founded_day": 1,
 "deadpooled_year": null,
 "deadpooled_month": null,
 "deadpooled_day": null,
 "deadpooled_url": null,
 "tag_list": "3city-advertising, seo, search-engine-optimization, ppc, pay-per-click, seattle-dentists, bellevue-dentists, kent-dentists, brett-fairall",
 "alias_list": null,
 "email_address": "brett@3cityadvertising.com",
 "phone_number": "1-866-329-0613",
 "description": "Internet Advertising Specialists",
 "created_at": "Fri Jan 14 21:24:53 UTC 2011",
 "updated_at": "Tue Jan 25 02:40:44 UTC 2011",
 "overview": "\u003Cp\u003E3City Advertising offers a cost effective, Eco-friendly alternative to traditional print media advertising (yellowbook, newspaper, etc.).  Essentially, helping professionals increase their online exposure by offering premium leasible Internet real estate.  Each leasible space includes a fully personalized, fully customizable advertisement with 24/7/365 secure online access via login name and password.  Instead of optimizing websites on an individual basis, 3City Advertising optimizes their own and leases space to professionals for much less than what it would cost for them to do it themselves.  The break down is as follows:\u003C/p\u003E\n\n\u003Cp\u003EFirst, for a select number of industry related keywords, 3City Advertising guarantees their websites to land on the first page of Google.  To do so, they have combined efforts with WebiMax, TopSeos.com #1 ranked Internet marketing firm in the nation.  3City Advertising combinines our nation\u0026#8217;s best SEO and PPC techniques with creative greennovation to provide exceptional Internet Presence and online exposure.\u003C/p\u003E\n\n\u003Cp\u003ESecond, to increase demand, 3City Advertising offers only three leasible spaces per website.  Each website is designed for one city and one profession only (i.e. 3 Seattle Dentists .com).\u003C/p\u003E\n\n\u003Cp\u003EThird, to get their clients in front of their prospective patients, 3City Advertising implements an Internet Marketing strategy that precisely targets local search engine users searching for dentists, lawyers, realtors, etc. in their area. \u003C/p\u003E\n\n\u003Cp\u003EFinally\u0026#8230;price.  Because they are a small corporate entity, 3City Advertising has the luxury of offering a Nordstrom\u0026#8217;s quality product for a Good Will price.  Finally, an internet advertising alternative that allows you to have your cake and eat it too.\u003C/p\u003E",
 "image": null,
 "products":
  [],
 "relationships":
  [{"is_past": false,
    "title": "Team Captain",
    "person":
     {"first_name": "Brett",
      "last_name": "Fairall",
      "permalink": "brett-fairall"}}],
 "competitions":
  [],
 "providerships":
  [{"title": "Trademark Servicing",
    "is_past": false,
    "provider":
     {"name": "SeedIP",
      "permalink": "seedip"}}],
 "total_money_raised": "$0",
 "funding_rounds":
  [],
 "investments":
  [],
 "acquisition": null,
 "acquisitions":
  [],
 "offices":
  [{"description": "P.O. Box",
    "address1": "P.O. Box 3695",
    "address2": "",
    "zip_code": "98383",
    "city": "Silverdale",
    "state_code": "WA",
    "country_code": "USA",
    "latitude": null,
    "longitude": null}],
 "milestones":
  [],
 "ipo": null,
 "video_embeds":
  [],
 "screenshots":
  [{"available_sizes":
     [[[150,
        96],
       "http://api-images.crunchbase.com/assets/images/resized/0011/7369/117369v2-max-150x150.png"],
      [[250,
        161],
       "http://api-images.crunchbase.com/assets/images/resized/0011/7369/117369v2-max-250x250.png"],
      [[450,
        290],
       "http://api-images.crunchbase.com/assets/images/resized/0011/7369/117369v2-max-450x450.png"]],
    "attribution": null},
   {"available_sizes":
     [[[150,
        125],
       "http://api-images.crunchbase.com/assets/images/resized/0011/7370/117370v2-max-150x150.png"],
      [[250,
        208],
       "http://api-images.crunchbase.com/assets/images/resized/0011/7370/117370v2-max-250x250.png"],
      [[450,
        375],
       "http://api-images.crunchbase.com/assets/images/resized/0011/7370/117370v2-max-450x450.png"]],
    "attribution": null},
   {"available_sizes":
     [[[150,
        112],
       "http://api-images.crunchbase.com/assets/images/resized/0011/7371/117371v2-max-150x150.png"],
      [[250,
        187],
       "http://api-images.crunchbase.com/assets/images/resized/0011/7371/117371v2-max-250x250.png"],
      [[450,
        336],
       "http://api-images.crunchbase.com/assets/images/resized/0011/7371/117371v2-max-450x450.png"]],
    "attribution": null}],
 "external_links":
  [{"external_url": "http://www.articlesbase.com/online-promotion-articles/3-city-advertising-3505677.html",
    "title": "3City Advertising"}],
 "partners":
  []}
