{"name": "3Db2o",
 "permalink": "3db2o",
 "crunchbase_url": "http://www.crunchbase.com/company/3db2o",
 "homepage_url": "http://3d-build2order.com",
 "blog_url": "",
 "blog_feed_url": "",
 "twitter_username": null,
 "category_code": "other",
 "number_of_employees": 7,
 "founded_year": 2010,
 "founded_month": 7,
 "founded_day": null,
 "deadpooled_year": null,
 "deadpooled_month": null,
 "deadpooled_day": null,
 "deadpooled_url": null,
 "tag_list": "",
 "alias_list": null,
 "email_address": "contact@3db2o.com",
 "phone_number": "",
 "description": "3D build 2 order",
 "created_at": "Fri Jan 21 17:23:20 UTC 2011",
 "updated_at": "Wed Jan 18 07:32:04 UTC 2012",
 "overview": "\u003Cp\u003EGoal:        To produce 3D content for virtualization for web, interactive and mobile platforms.\u003C/p\u003E\n\n\u003Cp\u003ETeam : The team of 3Db2o combines individual professionals talents with entrepreneur spirit and individual capabilities and useing these talents on projects with flexible and creative working methods to satisfy the client need in the most efficient and fast way.\u003C/p\u003E\n\n\u003Cp\u003EThe name: A combination of 3D and build to order \u003C/p\u003E\n\n\u003Cp\u003EThe business model\nThe service activity is to virtualize in 3D or 360 scenes , environments , objects for web , mobile deployment, 3D content for presentations and virtual online catalogues . Such virtualization can be from simple objects , product concepts , up to shopping malls , concept stores,  museums, city environments and more with combined interactivity. 3Db2o can act either as content building company or as full service provider to cover the full process from content sourcing up technical deployment and website integration. 3Db2o offers the full service from content collection , photo shoot , database and catalogue build with 3d design and interactive deployment for web and other platforms and the related project management.\u003C/p\u003E\n\n\u003Cp\u003ECompany history\nThe conclusion out of the experience within 2009 crises was that in someway individual talents needs to be combined to deliver a full range of services either mixed or in a combined offering. 3Db2o is more than just a network it is a company holding talents and capabilities combined to offer the full service to clients to deliver these projects.\u003C/p\u003E\n\n\u003Cp\u003EBased on that in 2010 3Db2o has been brought to live.\u003C/p\u003E\n\n\u003Cp\u003EThe founders\nThe founders of that company are the Management Team members of 3Db2o.\u003C/p\u003E",
 "image":
  {"available_sizes":
    [[[150,
       61],
      "http://api-images.crunchbase.com/assets/images/resized/0011/8440/118440v2-max-150x150.jpg"],
     [[208,
       85],
      "http://api-images.crunchbase.com/assets/images/resized/0011/8440/118440v2-max-250x250.jpg"],
     [[208,
       85],
      "http://api-images.crunchbase.com/assets/images/resized/0011/8440/118440v2-max-450x450.jpg"]],
   "attribution": null},
 "products":
  [],
 "relationships":
  [],
 "competitions":
  [],
 "providerships":
  [],
 "total_money_raised": "$0",
 "funding_rounds":
  [],
 "investments":
  [],
 "acquisition": null,
 "acquisitions":
  [],
 "offices":
  [{"description": "Barcelona",
    "address1": "c/ Consell de Cent 159",
    "address2": "",
    "zip_code": "08015",
    "city": "Barcelona",
    "state_code": null,
    "country_code": "ESP",
    "latitude": null,
    "longitude": null},
   {"description": "New York",
    "address1": "154 Grand Street",
    "address2": "",
    "zip_code": "10013",
    "city": "New York",
    "state_code": "NY",
    "country_code": "USA",
    "latitude": null,
    "longitude": null},
   {"description": "Mexico",
    "address1": "",
    "address2": "",
    "zip_code": "",
    "city": "Mexico City",
    "state_code": null,
    "country_code": "MEX",
    "latitude": null,
    "longitude": null}],
 "milestones":
  [],
 "ipo": null,
 "video_embeds":
  [],
 "screenshots":
  [],
 "external_links":
  [],
 "partners":
  []}
