{"name": "3innovate",
 "permalink": "3innovate",
 "crunchbase_url": "http://www.crunchbase.com/company/3innovate",
 "homepage_url": "http://3innovate.net",
 "blog_url": "",
 "blog_feed_url": "",
 "twitter_username": null,
 "category_code": "consulting",
 "number_of_employees": 3,
 "founded_year": null,
 "founded_month": null,
 "founded_day": null,
 "deadpooled_year": null,
 "deadpooled_month": null,
 "deadpooled_day": null,
 "deadpooled_url": null,
 "tag_list": "innovation, innovation-engineering, technology-innovation, social-innovation, innovation-training, product-innovation, service-innovation",
 "alias_list": null,
 "email_address": "press@3innovate.net",
 "phone_number": "",
 "description": "Innovation Consulting and Training",
 "created_at": "Mon Jan 31 18:52:46 UTC 2011",
 "updated_at": "Tue Feb 01 03:28:33 UTC 2011",
 "overview": "\u003Cp\u003E3innovate is an Innovation Consulting and Training organization with Innovation Engineering.\u003C/p\u003E\n\n\u003Cp\u003E3innovate provides innovation services to business, government, public sector and non-profit organizations including social entrepreneurship organization be it enterprise, intrapreneurship and startup stages with Innovation Engineering.\u003C/p\u003E\n\n\u003Cp\u003EInnovation Engineering- a NEW  discipline of Innovation and Engineering\n1-The application of engineering to Innovation \n2-Field of knowledge dealing with Innovation \n\u0026#8211; large and complex \n\u0026#8211; built by teams \n\u0026#8211; exist in many versions \n\u0026#8211; last many years \n\u0026#8211; changes with time \n3-Application of a systematic, disciplined, quantifiable approach to understand the needs, design, implement, validate/verify and evolve/revolutionize Innovation \n4-Deals with multiple person, multiple version Innovation \n5-Developed from several engineering disciplines\u003C/p\u003E\n\n\u003Cp\u003EBenefits of Innovation Engineering\u003Cbr/\u003E\n-Reduced Failures \n-Increased Productivity \n-Reduced\u00c2\u00a0Implementation Time\n-Improved Budgets and Estimates \n-Improved\u00c2\u00a0Cost Savings and Performance\u00c2\u00a0\n-Improved\u00c2\u00a0Deliveries \n-Increased Customer, Innovator, Employee, Investor Satisfaction \u003C/p\u003E\n\n\u003Cp\u003E3innovate Service Areas\u003C/p\u003E\n\n\u003Cul\u003E\n\u003Cli\u003EInnovation\u003C/li\u003E\n\u003Cli\u003ETech Innovation\u003C/li\u003E\n\u003Cli\u003ESocial Innovation\u003C/li\u003E\n\u003Cli\u003ETraining\nwith Innovation Engineering\u003C/li\u003E\n\u003C/ul\u003E\n\n\u003Cp\u003E3innovate Training Areas\n-Innovation Training with Innovation Engineering\n-Product Innovation Training with Innovation Engineering\n-Service Innovation Training with Innovation Engineering\n-Tech Innovation Training with Innovation Engineering\n-Social Innovation Training with Innovation Engineering\u003C/p\u003E",
 "image":
  {"available_sizes":
    [[[101,
       101],
      "http://api-images.crunchbase.com/assets/images/resized/0011/9753/119753v2-max-150x150.jpg"],
     [[101,
       101],
      "http://api-images.crunchbase.com/assets/images/resized/0011/9753/119753v2-max-250x250.jpg"],
     [[101,
       101],
      "http://api-images.crunchbase.com/assets/images/resized/0011/9753/119753v2-max-450x450.jpg"]],
   "attribution": null},
 "products":
  [],
 "relationships":
  [{"is_past": false,
    "title": "Founder",
    "person":
     {"first_name": "Pradyot",
      "last_name": "Sahu",
      "permalink": "pradyot-sahu"}}],
 "competitions":
  [],
 "providerships":
  [],
 "total_money_raised": "$0",
 "funding_rounds":
  [],
 "investments":
  [],
 "acquisition": null,
 "acquisitions":
  [],
 "offices":
  [],
 "milestones":
  [],
 "ipo": null,
 "video_embeds":
  [],
 "screenshots":
  [],
 "external_links":
  [{"external_url": "http://www.facebook.com/innoengineering",
    "title": "Facebook Page of Innovation Engineering"},
   {"external_url": "http://www.linkedin.com/groups?mostPopular=\u0026gid=3759712",
    "title": "Innovation Engineering Forum"}],
 "partners":
  []}
