{"name": "3U HOLDING AG",
 "permalink": "3u-holding-ag",
 "crunchbase_url": "http://www.crunchbase.com/company/3u-holding-ag",
 "homepage_url": null,
 "blog_url": null,
 "blog_feed_url": null,
 "twitter_username": null,
 "category_code": null,
 "number_of_employees": null,
 "founded_year": null,
 "founded_month": null,
 "founded_day": null,
 "deadpooled_year": null,
 "deadpooled_month": null,
 "deadpooled_day": null,
 "deadpooled_url": null,
 "tag_list": null,
 "alias_list": null,
 "email_address": null,
 "phone_number": null,
 "description": null,
 "created_at": "Thu Oct 07 13:42:22 UTC 2010",
 "updated_at": "Thu Oct 07 19:47:09 UTC 2010",
 "overview": null,
 "image": null,
 "products":
  [],
 "relationships":
  [],
 "competitions":
  [],
 "providerships":
  [],
 "total_money_raised": "$0",
 "funding_rounds":
  [],
 "investments":
  [{"funding_round":
     {"round_code": "angel",
      "source_url": "",
      "source_description": "",
      "raised_amount": 425000.0,
      "raised_currency_code": "GBP",
      "funded_year": 2009,
      "funded_month": null,
      "funded_day": null,
      "company":
       {"name": "myFairPartner",
        "permalink": "myfairpartner"}}}],
 "acquisition": null,
 "acquisitions":
  [],
 "offices":
  [],
 "milestones":
  [],
 "ipo": null,
 "video_embeds":
  [],
 "screenshots":
  [],
 "external_links":
  [],
 "partners":
  []}
