{"name": "4.  Forrest General Hospital, Hattiesburg, Mississippi",
 "permalink": "4-forrest-general-hospital-hattiesburg-mississippi",
 "crunchbase_url": "http://www.crunchbase.com/company/4-forrest-general-hospital-hattiesburg-mississippi",
 "homepage_url": null,
 "blog_url": null,
 "blog_feed_url": null,
 "twitter_username": null,
 "category_code": null,
 "number_of_employees": null,
 "founded_year": null,
 "founded_month": null,
 "founded_day": null,
 "deadpooled_year": null,
 "deadpooled_month": null,
 "deadpooled_day": null,
 "deadpooled_url": null,
 "tag_list": null,
 "alias_list": null,
 "email_address": null,
 "phone_number": null,
 "description": null,
 "created_at": "Tue Dec 21 12:11:50 UTC 2010",
 "updated_at": "Wed Dec 22 17:43:13 UTC 2010",
 "overview": null,
 "image": null,
 "products":
  [],
 "relationships":
  [{"is_past": true,
    "title": "Consultant / Executive Assistant",
    "person":
     {"first_name": "Bruce",
      "last_name": "McKinnon, MBA",
      "permalink": "bruce-mckinnon"}}],
 "competitions":
  [],
 "providerships":
  [],
 "total_money_raised": "$0",
 "funding_rounds":
  [],
 "investments":
  [],
 "acquisition": null,
 "acquisitions":
  [],
 "offices":
  [],
 "milestones":
  [],
 "ipo": null,
 "video_embeds":
  [],
 "screenshots":
  [],
 "external_links":
  [],
 "partners":
  []}
