{"name": "40billion.com",
 "permalink": "40billion-com",
 "crunchbase_url": "http://www.crunchbase.com/company/40billion-com",
 "homepage_url": "http://www.40Billion.com",
 "blog_url": "http://blog.40billion.com/",
 "blog_feed_url": "http://40Billion.wordpress.com/feed/",
 "twitter_username": "40billion",
 "category_code": "social",
 "number_of_employees": 7,
 "founded_year": 2008,
 "founded_month": 1,
 "founded_day": 23,
 "deadpooled_year": null,
 "deadpooled_month": null,
 "deadpooled_day": null,
 "deadpooled_url": null,
 "tag_list": "microfinance, crowdfunding, entrepreneurship, funding, micro-funding, social-networking, peer-lending, p2p, social-lending, person-to-person, venture-capital, virgin-money, lendingclub, prosper",
 "alias_list": "",
 "email_address": "info@40Billion.com",
 "phone_number": "770-280-5646",
 "description": "Crowdfunding Platform for US Businesses",
 "created_at": "Wed Oct 27 01:11:49 UTC 2010",
 "updated_at": "Tue May 28 14:46:53 UTC 2013",
 "overview": "\u003Cp\u003E40Billion.com is the social funding network for entrepreneurs. It\u00e2\u20ac\u2122s like Facebook meets microfinance.\u003C/p\u003E\n\n\u003Cp\u003EDo you know how it seems really hard for entrepreneurs to raise funding? What 40Billion.com does is lets entrepreneurs use social networking to raise funding quickly, easily, and affordably so they can start and grow successful businesses.\u003C/p\u003E\n\n\u003Cp\u003E40Billion.com, Inc. is the first Internet-based microfinance technology company serving American small businesses. The platform helps entrepreneurs raise funding more easily and more affordably through friends and family - and other people you know or are connected with - than through banks or other traditional financial institutions. Since 2008, they\u0026#8217;ve facilitated over $25,000,000 in Raises, and the ultimate goal is to bridge a $40,000,000,000 funding gap (hence the name \u0026#8220;40Billion\u0026#8221;).\u003C/p\u003E",
 "image":
  {"available_sizes":
    [[[150,
       33],
      "http://api-images.crunchbase.com/assets/images/resized/0010/8067/108067v4-max-150x150.png"],
     [[250,
       54],
      "http://api-images.crunchbase.com/assets/images/resized/0010/8067/108067v4-max-250x250.png"],
     [[450,
       98],
      "http://api-images.crunchbase.com/assets/images/resized/0010/8067/108067v4-max-450x450.png"]],
   "attribution": null},
 "products":
  [],
 "relationships":
  [{"is_past": false,
    "title": "Founder \u0026 CEO",
    "person":
     {"first_name": "Colin",
      "last_name": "McNab",
      "permalink": "colin-mcnab"}},
   {"is_past": false,
    "title": "Founder \u0026 CEO",
    "person":
     {"first_name": "Cornelius",
      "last_name": "McNab",
      "permalink": "cornelius-mcnab"}}],
 "competitions":
  [],
 "providerships":
  [],
 "total_money_raised": "$1.05M",
 "funding_rounds":
  [{"id": 19738,
    "round_code": "seed",
    "source_url": "",
    "source_description": "",
    "raised_amount": 50000.0,
    "raised_currency_code": "USD",
    "funded_year": 2008,
    "funded_month": 4,
    "funded_day": null,
    "investments":
     []},
   {"id": 19739,
    "round_code": "seed",
    "source_url": "",
    "source_description": "",
    "raised_amount": 380000.0,
    "raised_currency_code": "USD",
    "funded_year": 2009,
    "funded_month": 6,
    "funded_day": null,
    "investments":
     []},
   {"id": 19740,
    "round_code": "seed",
    "source_url": "",
    "source_description": "",
    "raised_amount": 620000.0,
    "raised_currency_code": "USD",
    "funded_year": 2010,
    "funded_month": 6,
    "funded_day": null,
    "investments":
     []}],
 "investments":
  [],
 "acquisition": null,
 "acquisitions":
  [],
 "offices":
  [{"description": "Headquarters",
    "address1": "925B Peachtree St., Suite 465",
    "address2": "",
    "zip_code": "30309",
    "city": "Atlanta",
    "state_code": "GA",
    "country_code": "USA",
    "latitude": null,
    "longitude": null}],
 "milestones":
  [],
 "ipo": null,
 "video_embeds":
  [],
 "screenshots":
  [],
 "external_links":
  [{"external_url": "http://www.40billion.com",
    "title": ""}],
 "partners":
  []}
