{"name": "420list.com",
 "permalink": "420list-com",
 "crunchbase_url": "http://www.crunchbase.com/company/420list-com",
 "homepage_url": "http://420list.com",
 "blog_url": "",
 "blog_feed_url": "",
 "twitter_username": "420list",
 "category_code": "web",
 "number_of_employees": 5,
 "founded_year": 2010,
 "founded_month": 4,
 "founded_day": 20,
 "deadpooled_year": null,
 "deadpooled_month": null,
 "deadpooled_day": null,
 "deadpooled_url": null,
 "tag_list": "medical-marijuana, cannabis, marijuana-classifieds, cannabis-classifieds, medical-marijuana-dispensaries, marijuana-dispensaries, cannabis-events, marijuana-events, 420-classifieds, 420",
 "alias_list": "420list.org",
 "email_address": "",
 "phone_number": "9164695664",
 "description": "Cannabis Classifieds \u0026 Listings",
 "created_at": "Fri Sep 10 00:57:18 UTC 2010",
 "updated_at": "Sat Apr 05 05:18:50 UTC 2014",
 "overview": "\u003Cp\u003EIt is our mission to integrate the community, consolidate it\u0026#8217;s information, and counteract the fragmentation that has plagued the industry due to prohibition.\u003C/p\u003E\n\n\u003Cp\u003E420list.org is a FREE online classifieds and listings website serving the medical marijuana, cannabis, and 420 community.  Post and view ads, events, images \u0026amp; more for FREE.  Spread your message, promote your business, and help grow the online cannabis community.\u003C/p\u003E",
 "image":
  {"available_sizes":
    [[[129,
       150],
      "http://api-images.crunchbase.com/assets/images/resized/0010/2248/102248v2-max-150x150.jpg"],
     [[216,
       250],
      "http://api-images.crunchbase.com/assets/images/resized/0010/2248/102248v2-max-250x250.jpg"],
     [[250,
       289],
      "http://api-images.crunchbase.com/assets/images/resized/0010/2248/102248v2-max-450x450.jpg"]],
   "attribution": null},
 "products":
  [],
 "relationships":
  [],
 "competitions":
  [],
 "providerships":
  [],
 "total_money_raised": "$0",
 "funding_rounds":
  [],
 "investments":
  [],
 "acquisition": null,
 "acquisitions":
  [],
 "offices":
  [],
 "milestones":
  [],
 "ipo": null,
 "video_embeds":
  [],
 "screenshots":
  [{"available_sizes":
     [[[150,
        82],
       "http://api-images.crunchbase.com/assets/images/resized/0044/9706/449706v1-max-150x150.png"],
      [[250,
        136],
       "http://api-images.crunchbase.com/assets/images/resized/0044/9706/449706v1-max-250x250.png"],
      [[450,
        246],
       "http://api-images.crunchbase.com/assets/images/resized/0044/9706/449706v1-max-450x450.png"]],
    "attribution": null}],
 "external_links":
  [],
 "partners":
  []}
