{"name": "42tasks.com",
 "permalink": "42tasks-com",
 "crunchbase_url": "http://www.crunchbase.com/company/42tasks-com",
 "homepage_url": "http://42tasks.com",
 "blog_url": "",
 "blog_feed_url": "",
 "twitter_username": "42tasks",
 "category_code": "web",
 "number_of_employees": 2,
 "founded_year": 2010,
 "founded_month": 12,
 "founded_day": 1,
 "deadpooled_year": null,
 "deadpooled_month": null,
 "deadpooled_day": null,
 "deadpooled_url": null,
 "tag_list": "online, task, management, gtd",
 "alias_list": null,
 "email_address": "support@42tasks.com",
 "phone_number": "+44(0)7835897902",
 "description": "Online task management tool",
 "created_at": "Sun Dec 19 13:07:16 UTC 2010",
 "updated_at": "Wed Apr 18 04:03:48 UTC 2012",
 "overview": "\u003Cp\u003E42tasks.com is an task management and collaboration tool with apps for Web, iPhone, iPad, Mac, Win, Ubuntu and Android. Access  your tasks anywhere. \u003C/p\u003E",
 "image":
  {"available_sizes":
    [[[150,
       41],
      "http://api-images.crunchbase.com/assets/images/resized/0011/4645/114645v2-max-150x150.png"],
     [[180,
       50],
      "http://api-images.crunchbase.com/assets/images/resized/0011/4645/114645v2-max-250x250.png"],
     [[180,
       50],
      "http://api-images.crunchbase.com/assets/images/resized/0011/4645/114645v2-max-450x450.png"]],
   "attribution": null},
 "products":
  [],
 "relationships":
  [{"is_past": true,
    "title": "Founder",
    "person":
     {"first_name": "Ivan",
      "last_name": "Mazour",
      "permalink": "ivan-mazour"}}],
 "competitions":
  [],
 "providerships":
  [],
 "total_money_raised": "$0",
 "funding_rounds":
  [],
 "investments":
  [],
 "acquisition": null,
 "acquisitions":
  [],
 "offices":
  [{"description": "London Office",
    "address1": "",
    "address2": "",
    "zip_code": "",
    "city": "",
    "state_code": null,
    "country_code": "GBR",
    "latitude": null,
    "longitude": null}],
 "milestones":
  [],
 "ipo": null,
 "video_embeds":
  [],
 "screenshots":
  [{"available_sizes":
     [[[137,
        150],
       "http://api-images.crunchbase.com/assets/images/resized/0012/0678/120678v2-max-150x150.png"],
      [[228,
        250],
       "http://api-images.crunchbase.com/assets/images/resized/0012/0678/120678v2-max-250x250.png"],
      [[411,
        450],
       "http://api-images.crunchbase.com/assets/images/resized/0012/0678/120678v2-max-450x450.png"]],
    "attribution": null}],
 "external_links":
  [{"external_url": "http://startuptunes.com/2011/03/03/42tasks-an-impressive-online-task-management-tool/",
    "title": ""}],
 "partners":
  []}
