{"name": "48HourPrint.com",
 "permalink": "48hourprint-com",
 "crunchbase_url": "http://www.crunchbase.com/company/48hourprint-com",
 "homepage_url": "http://www.48hourprint.com",
 "blog_url": "",
 "blog_feed_url": "",
 "twitter_username": "48hourprint",
 "category_code": null,
 "number_of_employees": null,
 "founded_year": null,
 "founded_month": null,
 "founded_day": null,
 "deadpooled_year": null,
 "deadpooled_month": null,
 "deadpooled_day": null,
 "deadpooled_url": null,
 "tag_list": "",
 "alias_list": "",
 "email_address": "",
 "phone_number": "1-800-844-0599",
 "description": "",
 "created_at": "Fri Jan 21 09:06:06 UTC 2011",
 "updated_at": "Fri Jan 21 09:10:25 UTC 2011",
 "overview": "\u003Cp\u003E48HourPrint.com, with headquarters in Boston, Massachusetts and printing plants in Phoenix, Arizona and Cleveland, Ohio, is a leading online printing services company offering high-quality printing and mailing services to businesses that value quality, service and reliability. With a streamlined order process that is entirely online, and supported by experienced customer service professionals, 48HourPrint.com sets the standard for quality online printing and service. \n48HourPrint.com\u00e2\u20ac\u2122s product offerings including business cards, postcards, brochures, banners, booklets, and posters, can be ordered online, 24 hours a day, at www.48HourPrint.com.\u003C/p\u003E",
 "image":
  {"available_sizes":
    [[[150,
       59],
      "http://api-images.crunchbase.com/assets/images/resized/0011/8349/118349v1-max-150x150.jpg"],
     [[213,
       84],
      "http://api-images.crunchbase.com/assets/images/resized/0011/8349/118349v1-max-250x250.jpg"],
     [[213,
       84],
      "http://api-images.crunchbase.com/assets/images/resized/0011/8349/118349v1-max-450x450.jpg"]],
   "attribution": null},
 "products":
  [],
 "relationships":
  [],
 "competitions":
  [],
 "providerships":
  [],
 "total_money_raised": "$0",
 "funding_rounds":
  [],
 "investments":
  [],
 "acquisition": null,
 "acquisitions":
  [],
 "offices":
  [{"description": "",
    "address1": "33 Farnsworth Street",
    "address2": "2nd Floor",
    "zip_code": "02210",
    "city": "Boston",
    "state_code": "MA",
    "country_code": "USA",
    "latitude": null,
    "longitude": null}],
 "milestones":
  [{"id": 11646,
    "description": "48HOURPRINT.COM AND CONNELLY PARTNERS ESTABLISH PARTNERSHIP",
    "stoned_year": 2011,
    "stoned_month": 1,
    "stoned_day": 19,
    "source_url": "http://www.freshnews.com/news/439707/48hourprint-com-and-connelly-partners-establish-partnership",
    "source_text": "",
    "source_description": "48HOURPRINT.COM AND CONNELLY PARTNERS ESTABLISH PARTNERSHIP",
    "stoneable_type": "Company",
    "stoned_value": null,
    "stoned_value_type": null,
    "stoned_acquirer": null,
    "stoneable":
     {"name": "48HourPrint.com",
      "permalink": "48hourprint-com"}}],
 "ipo": null,
 "video_embeds":
  [],
 "screenshots":
  [{"available_sizes":
     [[[150,
        123],
       "http://api-images.crunchbase.com/assets/images/resized/0011/8350/118350v1-max-150x150.jpg"],
      [[250,
        206],
       "http://api-images.crunchbase.com/assets/images/resized/0011/8350/118350v1-max-250x250.jpg"],
      [[450,
        371],
       "http://api-images.crunchbase.com/assets/images/resized/0011/8350/118350v1-max-450x450.jpg"]],
    "attribution": null}],
 "external_links":
  [],
 "partners":
  []}
