{"name": "4got2book.com",
 "permalink": "4got2book-com",
 "crunchbase_url": "http://www.crunchbase.com/company/4got2book-com",
 "homepage_url": "http://www.4got2book.com",
 "blog_url": "",
 "blog_feed_url": "",
 "twitter_username": "4got2book",
 "category_code": "travel",
 "number_of_employees": 3,
 "founded_year": 2007,
 "founded_month": 2,
 "founded_day": null,
 "deadpooled_year": null,
 "deadpooled_month": null,
 "deadpooled_day": null,
 "deadpooled_url": null,
 "tag_list": "booking, hotels, restaurants, hotel, restaurant, food, eat, city",
 "alias_list": "",
 "email_address": "info@4got2book.com",
 "phone_number": "",
 "description": "Booking",
 "created_at": "Thu Nov 04 22:19:01 UTC 2010",
 "updated_at": "Thu Dec 05 22:22:30 UTC 2013",
 "overview": "\u003Cp\u003ETravelers are increasingly relying on the Internet to book directly on hotel websites.Booking is as convenient and simple as making a few clicks, bookings are free,we\u0026#8217;re 100% dedicated to booking hotels and restaurants and nothing else.\u003C/p\u003E\n\n\u003Cp\u003ENow 4got2book.com a worldwide booking guide offering comprehensive restaurant and hotel information and reservation services,includes maps, menus and virtual tours of participating restaurants, \u003C/p\u003E\n\n\u003Cp\u003EHave an idea for a dinner date in the middle of the night? Or want to plan your weekend at your desk rather than looking at spreadsheets? When booking a restaurant or hotel via 4got2book you can do it 24 hours a day, seven days a week! \u003C/p\u003E",
 "image":
  {"available_sizes":
    [[[150,
       28],
      "http://api-images.crunchbase.com/assets/images/resized/0037/1217/371217v1-max-150x150.png"],
     [[250,
       47],
      "http://api-images.crunchbase.com/assets/images/resized/0037/1217/371217v1-max-250x250.png"],
     [[310,
       59],
      "http://api-images.crunchbase.com/assets/images/resized/0037/1217/371217v1-max-450x450.png"]],
   "attribution": null},
 "products":
  [],
 "relationships":
  [],
 "competitions":
  [],
 "providerships":
  [],
 "total_money_raised": "$0",
 "funding_rounds":
  [],
 "investments":
  [],
 "acquisition": null,
 "acquisitions":
  [],
 "offices":
  [],
 "milestones":
  [],
 "ipo": null,
 "video_embeds":
  [],
 "screenshots":
  [],
 "external_links":
  [],
 "partners":
  []}
