{"name": "4inkjets",
 "permalink": "4inkjets",
 "crunchbase_url": "http://www.crunchbase.com/company/4inkjets",
 "homepage_url": null,
 "blog_url": null,
 "blog_feed_url": null,
 "twitter_username": null,
 "category_code": null,
 "number_of_employees": null,
 "founded_year": null,
 "founded_month": null,
 "founded_day": null,
 "deadpooled_year": null,
 "deadpooled_month": null,
 "deadpooled_day": null,
 "deadpooled_url": null,
 "tag_list": "",
 "alias_list": null,
 "email_address": null,
 "phone_number": null,
 "description": null,
 "created_at": "Mon Oct 04 17:59:03 UTC 2010",
 "updated_at": "Thu Jan 10 07:08:11 UTC 2013",
 "overview": "\u003Cp\u003EFounded in 1999, 4InkJets.com is one of the largest online retailers for printer ink cartridges and toners. The reason for their phenomenal success has been the use of recycled material to manufacture high quality toner and ink cartridges. The entire focus of \u003Ca href=\"http://www.riocoupon.com/4inkjets/\" title=\"4InkJets\" rel=\"nofollow\"\u003E4InkJets\u003C/a\u003E business model is to conserve resources.\u003C/p\u003E",
 "image": null,
 "products":
  [],
 "relationships":
  [],
 "competitions":
  [],
 "providerships":
  [],
 "total_money_raised": "$0",
 "funding_rounds":
  [],
 "investments":
  [],
 "acquisition": null,
 "acquisitions":
  [],
 "offices":
  [],
 "milestones":
  [],
 "ipo": null,
 "video_embeds":
  [],
 "screenshots":
  [],
 "external_links":
  [{"external_url": "http://www.riocoupon.com/articles/choosing-right-ink-cartridges-supplier.html",
    "title": "How to Choose a Right Ink Cartridge Supplier?"},
   {"external_url": "http://www.riocoupon.com/articles/ink-cartridges-buying-guide.html",
    "title": "Ink Cartridges Buying Guide"}],
 "partners":
  []}
