{"name": "5 Horizons Group",
 "permalink": "5-horizons-group",
 "crunchbase_url": "http://www.crunchbase.com/company/5-horizons-group",
 "homepage_url": "http://www.5horizonsgroup.com",
 "blog_url": "",
 "blog_feed_url": "",
 "twitter_username": null,
 "category_code": null,
 "number_of_employees": null,
 "founded_year": null,
 "founded_month": null,
 "founded_day": null,
 "deadpooled_year": null,
 "deadpooled_month": null,
 "deadpooled_day": null,
 "deadpooled_url": null,
 "tag_list": "",
 "alias_list": "",
 "email_address": "",
 "phone_number": "314-272-4366",
 "description": "",
 "created_at": "Thu Feb 10 03:37:56 UTC 2011",
 "updated_at": "Thu Feb 10 03:43:45 UTC 2011",
 "overview": "\u003Cp\u003E5 Horizons Group provides solutions and technology that enable consumer product companies to achieve their global strategies. 5 Horizons\u0026#8217; suite of services covers global sourcing, product design and development, manufacturing, quality assurance, supply chain logistics and market entry. 5 Horizons also works with organizations to optimize their international operations, combining innovative thinking and domain expertise to create a strategic roadmap that covers the organizational, legal, financial, procedural and personnel considerations.\u003C/p\u003E",
 "image":
  {"available_sizes":
    [[[150,
       66],
      "http://api-images.crunchbase.com/assets/images/resized/0012/1326/121326v1-max-150x150.jpg"],
     [[246,
       109],
      "http://api-images.crunchbase.com/assets/images/resized/0012/1326/121326v1-max-250x250.jpg"],
     [[246,
       109],
      "http://api-images.crunchbase.com/assets/images/resized/0012/1326/121326v1-max-450x450.jpg"]],
   "attribution": null},
 "products":
  [],
 "relationships":
  [],
 "competitions":
  [],
 "providerships":
  [],
 "total_money_raised": "$0",
 "funding_rounds":
  [],
 "investments":
  [],
 "acquisition": null,
 "acquisitions":
  [],
 "offices":
  [{"description": "",
    "address1": "8029 Forsyth Boulevard",
    "address2": "Suite #204",
    "zip_code": "63105",
    "city": "St. Louis",
    "state_code": "MO",
    "country_code": "USA",
    "latitude": null,
    "longitude": null}],
 "milestones":
  [{"id": 12366,
    "description": "5 Horizons Group Announces Partnership with TradeStone Software",
    "stoned_year": 2011,
    "stoned_month": 2,
    "stoned_day": 9,
    "source_url": "http://www.earthtimes.org/articles/press/announces-partnership-tradestone-software,1649953.html",
    "source_text": "",
    "source_description": "5 Horizons Group Announces Partnership with TradeStone Software",
    "stoneable_type": "Company",
    "stoned_value": null,
    "stoned_value_type": null,
    "stoned_acquirer": null,
    "stoneable":
     {"name": "5 Horizons Group",
      "permalink": "5-horizons-group"}}],
 "ipo": null,
 "video_embeds":
  [],
 "screenshots":
  [{"available_sizes":
     [[[150,
        113],
       "http://api-images.crunchbase.com/assets/images/resized/0012/1327/121327v1-max-150x150.jpg"],
      [[250,
        189],
       "http://api-images.crunchbase.com/assets/images/resized/0012/1327/121327v1-max-250x250.jpg"],
      [[450,
        341],
       "http://api-images.crunchbase.com/assets/images/resized/0012/1327/121327v1-max-450x450.jpg"]],
    "attribution": null}],
 "external_links":
  [],
 "partners":
  []}
