{"name": "5N Plus",
 "permalink": "5n-plus",
 "crunchbase_url": "http://www.crunchbase.com/company/5n-plus",
 "homepage_url": "http://www.5nplus.com",
 "blog_url": "",
 "blog_feed_url": "",
 "twitter_username": null,
 "category_code": "hardware",
 "number_of_employees": null,
 "founded_year": null,
 "founded_month": null,
 "founded_day": null,
 "deadpooled_year": null,
 "deadpooled_month": null,
 "deadpooled_day": null,
 "deadpooled_url": null,
 "tag_list": "",
 "alias_list": "",
 "email_address": "info@5nplus.com",
 "phone_number": "514-856-0644 ",
 "description": "",
 "created_at": "Thu Jan 13 04:43:58 UTC 2011",
 "updated_at": "Mon Mar 31 12:14:38 UTC 2014",
 "overview": "\u003Cp\u003E5N Plus Inc. engages in refining, recycling, producing, and selling metals for the electronic industry in the United States, Europe, Asia, and Canada. The company provides a range of metals, compounds, and alloys from II-VI and III-V chemical families, including cadmium, cadmium sulfide, cadmium telluride powder and ingot, cadmium zinc telluride, antimony, selenium, tellurium, tellurium dioxide, zinc, and zinc telluride. Its products are used in various applications, such as solar energy, medical imaging, infrared lenses, infrared detectors, and thermoelectric devices. The company was founded in 2000 and is based in Saint-Laurent, Canada.\u003C/p\u003E",
 "image":
  {"available_sizes":
    [[[150,
       75],
      "http://api-images.crunchbase.com/assets/images/resized/0011/7096/117096v1-max-150x150.png"],
     [[220,
       110],
      "http://api-images.crunchbase.com/assets/images/resized/0011/7096/117096v1-max-250x250.png"],
     [[220,
       110],
      "http://api-images.crunchbase.com/assets/images/resized/0011/7096/117096v1-max-450x450.png"]],
   "attribution": null},
 "products":
  [],
 "relationships":
  [{"is_past": false,
    "title": "Founder, President and CEO",
    "person":
     {"first_name": "Jacques",
      "last_name": "L'\u00c3\u2030cuyer",
      "permalink": "jacques-lcuyer"}},
   {"is_past": false,
    "title": "CFO",
    "person":
     {"first_name": "David",
      "last_name": "Langlois",
      "permalink": "david-langlois"}}],
 "competitions":
  [],
 "providerships":
  [],
 "total_money_raised": "$0",
 "funding_rounds":
  [],
 "investments":
  [],
 "acquisition": null,
 "acquisitions":
  [],
 "offices":
  [{"description": "",
    "address1": "4385 Garand",
    "address2": "Quebec",
    "zip_code": "H4R 2B4",
    "city": "Saint-Laurent",
    "state_code": null,
    "country_code": "CAN",
    "latitude": null,
    "longitude": null}],
 "milestones":
  [{"id": 11422,
    "description": "5N Plus Acquires Major Stake in CPV Supplier Sylarus",
    "stoned_year": 2011,
    "stoned_month": 1,
    "stoned_day": 11,
    "source_url": "http://www.greentechmedia.com/articles/read/5N-Plus-Acquires-Major-Stake-in-CPV-Firm-Sylarus/",
    "source_text": "",
    "source_description": "5N Plus Acquires Major Stake in CPV Supplier Sylarus",
    "stoneable_type": "Company",
    "stoned_value": null,
    "stoned_value_type": null,
    "stoned_acquirer": null,
    "stoneable":
     {"name": "5N Plus",
      "permalink": "5n-plus"}}],
 "ipo": null,
 "video_embeds":
  [],
 "screenshots":
  [],
 "external_links":
  [],
 "partners":
  []}
