{"name": "64 Pixels",
 "permalink": "64-pixels",
 "crunchbase_url": "http://www.crunchbase.com/company/64-pixels",
 "homepage_url": "http://64px.com",
 "blog_url": "",
 "blog_feed_url": "",
 "twitter_username": "zachallia",
 "category_code": "web",
 "number_of_employees": 1,
 "founded_year": 2010,
 "founded_month": 10,
 "founded_day": 1,
 "deadpooled_year": null,
 "deadpooled_month": null,
 "deadpooled_day": null,
 "deadpooled_url": null,
 "tag_list": "extensions, social, network",
 "alias_list": null,
 "email_address": "zach@64px.com",
 "phone_number": "9783175663",
 "description": "Chrome extension network",
 "created_at": "Mon Oct 18 05:55:25 UTC 2010",
 "updated_at": "Wed Sep 19 15:24:17 UTC 2012",
 "overview": "\u003Cp\u003E64 Pixels was founded by Zach Allia in October 2010. The company\u0026#8217;s name comes from the size of a virtual gift on Facebook. Free Gifts, a virutal gifting application on Facebook that once held the #1 used position, was 64 Pixels first product.\u003C/p\u003E\n\n\u003Cp\u003E64 Pixels mission is to build a high quality network of social products, focusing specifically on Google Chrome extensions. 64 Pixels has over a million people actively using their products weekly. \u003C/p\u003E",
 "image":
  {"available_sizes":
    [[[150,
       150],
      "http://api-images.crunchbase.com/assets/images/resized/0010/9974/109974v4-max-150x150.png"],
     [[250,
       250],
      "http://api-images.crunchbase.com/assets/images/resized/0010/9974/109974v4-max-250x250.png"],
     [[450,
       450],
      "http://api-images.crunchbase.com/assets/images/resized/0010/9974/109974v4-max-450x450.png"]],
   "attribution": null},
 "products":
  [{"name": "Free Gifts",
    "permalink": "free-gifts"}],
 "relationships":
  [{"is_past": false,
    "title": "CEO",
    "person":
     {"first_name": "Zach",
      "last_name": "Allia",
      "permalink": "zach-allia"}}],
 "competitions":
  [],
 "providerships":
  [],
 "total_money_raised": "$100k",
 "funding_rounds":
  [{"id": 32606,
    "round_code": "angel",
    "source_url": "http://techcrunch.com/2010/11/12/founder-buys-free-gifts-back-from-sgn-for-less-than-10-of-the-purchase-price-tctv/",
    "source_description": "Founder Buys Free Gifts Back from SGN for Less than 10% of the Purchase Price [TCTV]",
    "raised_amount": 100000.0,
    "raised_currency_code": "USD",
    "funded_year": 2010,
    "funded_month": 10,
    "funded_day": 1,
    "investments":
     [{"company": null,
       "financial_org": null,
       "person":
        {"first_name": "Dave",
         "last_name": "McClure",
         "permalink": "dave-mcclure"}}]}],
 "investments":
  [],
 "acquisition": null,
 "acquisitions":
  [],
 "offices":
  [{"description": "Ch\u00e2teau",
    "address1": "2630 Fayette Dr",
    "address2": "",
    "zip_code": "94040",
    "city": "Mountain View",
    "state_code": "CA",
    "country_code": "USA",
    "latitude": null,
    "longitude": null}],
 "milestones":
  [],
 "ipo": null,
 "video_embeds":
  [],
 "screenshots":
  [],
 "external_links":
  [],
 "partners":
  []}
