{"name": "99times.cn",
 "permalink": "99times-cn",
 "crunchbase_url": "http://www.crunchbase.com/company/99times-cn",
 "homepage_url": "http://www.99times.cn",
 "blog_url": "",
 "blog_feed_url": "",
 "twitter_username": null,
 "category_code": "ecommerce",
 "number_of_employees": null,
 "founded_year": 2005,
 "founded_month": null,
 "founded_day": null,
 "deadpooled_year": 2013,
 "deadpooled_month": 5,
 "deadpooled_day": null,
 "deadpooled_url": "",
 "tag_list": "",
 "alias_list": "",
 "email_address": "",
 "phone_number": "86-40-0678-0915",
 "description": "",
 "created_at": "Thu Oct 28 13:32:51 UTC 2010",
 "updated_at": "Wed Sep 11 13:28:39 UTC 2013",
 "overview": "\u003Cp\u003E99times.cn operates as a healthcare shopping portal. The company was founded in 2005 and is based in Shanghai, China.\u003C/p\u003E",
 "image":
  {"available_sizes":
    [[[150,
       48],
      "http://api-images.crunchbase.com/assets/images/resized/0010/7679/107679v1-max-150x150.jpg"],
     [[189,
       61],
      "http://api-images.crunchbase.com/assets/images/resized/0010/7679/107679v1-max-250x250.jpg"],
     [[189,
       61],
      "http://api-images.crunchbase.com/assets/images/resized/0010/7679/107679v1-max-450x450.jpg"]],
   "attribution": null},
 "products":
  [],
 "relationships":
  [],
 "competitions":
  [],
 "providerships":
  [],
 "total_money_raised": "$0",
 "funding_rounds":
  [{"id": 19600,
    "round_code": "a",
    "source_url": "http://www.interfax.cn/news/14895",
    "source_description": "Health products B2C site secures funding from Sequoia",
    "raised_amount": null,
    "raised_currency_code": null,
    "funded_year": 2010,
    "funded_month": 8,
    "funded_day": 23,
    "investments":
     [{"company": null,
       "financial_org":
        {"name": "Sequoia Capital",
         "permalink": "sequoia-capital"},
       "person": null}]}],
 "investments":
  [],
 "acquisition": null,
 "acquisitions":
  [],
 "offices":
  [{"description": "",
    "address1": "",
    "address2": "",
    "zip_code": "",
    "city": "Shanghai",
    "state_code": null,
    "country_code": "CHN",
    "latitude": null,
    "longitude": null}],
 "milestones":
  [],
 "ipo": null,
 "video_embeds":
  [],
 "screenshots":
  [{"available_sizes":
     [[[150,
        112],
       "http://api-images.crunchbase.com/assets/images/resized/0010/7680/107680v1-max-150x150.jpg"],
      [[250,
        187],
       "http://api-images.crunchbase.com/assets/images/resized/0010/7680/107680v1-max-250x250.jpg"],
      [[450,
        337],
       "http://api-images.crunchbase.com/assets/images/resized/0010/7680/107680v1-max-450x450.jpg"]],
    "attribution": null}],
 "external_links":
  [],
 "partners":
  []}
