{"name": "9Tree",
 "permalink": "9tree",
 "crunchbase_url": "http://www.crunchbase.com/company/9tree",
 "homepage_url": "http://9tree.co",
 "blog_url": "http://blog.9tree.co/",
 "blog_feed_url": "",
 "twitter_username": "9tree",
 "category_code": "consulting",
 "number_of_employees": 2,
 "founded_year": 2008,
 "founded_month": 5,
 "founded_day": 5,
 "deadpooled_year": null,
 "deadpooled_month": null,
 "deadpooled_day": null,
 "deadpooled_url": null,
 "tag_list": "",
 "alias_list": "",
 "email_address": "hello@9tree.co",
 "phone_number": "912214860",
 "description": "Design, development and strategy",
 "created_at": "Thu Oct 07 15:38:11 UTC 2010",
 "updated_at": "Fri Apr 04 11:13:44 UTC 2014",
 "overview": "\u003Cp\u003E9Tree is a design, development and strategy company currently located at Santarem, Portugal.\u003C/p\u003E",
 "image": null,
 "products":
  [],
 "relationships":
  [{"is_past": false,
    "title": "Designer/Developer",
    "person":
     {"first_name": "Telmo",
      "last_name": "Gon\u00c3\u00a7alves",
      "permalink": "telmo-gonalves"}},
   {"is_past": false,
    "title": "Development engineering",
    "person":
     {"first_name": "Carlos",
      "last_name": "Ouro",
      "permalink": "carlos-ouro"}}],
 "competitions":
  [],
 "providerships":
  [],
 "total_money_raised": "$0",
 "funding_rounds":
  [],
 "investments":
  [],
 "acquisition": null,
 "acquisitions":
  [],
 "offices":
  [],
 "milestones":
  [],
 "ipo": null,
 "video_embeds":
  [],
 "screenshots":
  [],
 "external_links":
  [],
 "partners":
  []}
