{"name": "A-Fontane Company",
 "permalink": "a-fontane-company",
 "crunchbase_url": "http://www.crunchbase.com/company/a-fontane-company",
 "homepage_url": "http://www.a-font.com",
 "blog_url": "",
 "blog_feed_url": "http://www.a-font.com/about/latest-product-lines/",
 "twitter_username": "afontane",
 "category_code": "other",
 "number_of_employees": 30,
 "founded_year": 2000,
 "founded_month": null,
 "founded_day": null,
 "deadpooled_year": null,
 "deadpooled_month": null,
 "deadpooled_day": null,
 "deadpooled_url": null,
 "tag_list": "hospitality, supplier, containers, corporate-gift, restaurant, hotel, catering, brunei",
 "alias_list": "",
 "email_address": "enquiry@a-font.com",
 "phone_number": "2332266",
 "description": "Brunei Hospitality Supplier",
 "created_at": "Fri Sep 24 09:17:10 UTC 2010",
 "updated_at": "Tue Apr 02 04:56:42 UTC 2013",
 "overview": "\u003Cp\u003EA-Fontane is based in Brunei and it\u0026#8217;s business is supplying goods and utilities towards the HORECA (Hotels, Restaurants and Catering) industry.\u003C/p\u003E",
 "image":
  {"available_sizes":
    [[[150,
       90],
      "http://api-images.crunchbase.com/assets/images/resized/0010/9563/109563v2-max-150x150.jpg"],
     [[250,
       151],
      "http://api-images.crunchbase.com/assets/images/resized/0010/9563/109563v2-max-250x250.jpg"],
     [[450,
       272],
      "http://api-images.crunchbase.com/assets/images/resized/0010/9563/109563v2-max-450x450.jpg"]],
   "attribution": null},
 "products":
  [],
 "relationships":
  [{"is_past": false,
    "title": "Founder \u0026 Director",
    "person":
     {"first_name": "Lim",
      "last_name": "Biaw Kwei",
      "permalink": "lim-biaw-kwei"}},
   {"is_past": false,
    "title": "Founder \u0026 Director",
    "person":
     {"first_name": "Ada",
      "last_name": "Ang",
      "permalink": "ada-ang"}}],
 "competitions":
  [],
 "providerships":
  [],
 "total_money_raised": "$0",
 "funding_rounds":
  [],
 "investments":
  [],
 "acquisition": null,
 "acquisitions":
  [],
 "offices":
  [{"description": "Head Office",
    "address1": "No. 23, Block B Bangunan Warisan P.H.N.",
    "address2": "Simpang 68, Jalan Muara, Kampung Serusop",
    "zip_code": "BB4713",
    "city": "Bandar Seri Begawan",
    "state_code": null,
    "country_code": "BRN",
    "latitude": null,
    "longitude": null}],
 "milestones":
  [],
 "ipo": null,
 "video_embeds":
  [],
 "screenshots":
  [],
 "external_links":
  [],
 "partners":
  []}
