{"name": "A to Z Learning",
 "permalink": "a-to-z-learning",
 "crunchbase_url": "http://www.crunchbase.com/company/a-to-z-learning",
 "homepage_url": "http://www.learningfromatoz.com",
 "blog_url": "http://www.learningfromatoz.com/perspectives/",
 "blog_feed_url": "http://feeds.feedburner.com/learnatoz",
 "twitter_username": "learnatoz",
 "category_code": "web",
 "number_of_employees": 3,
 "founded_year": 1992,
 "founded_month": 1,
 "founded_day": 1,
 "deadpooled_year": null,
 "deadpooled_month": null,
 "deadpooled_day": null,
 "deadpooled_url": null,
 "tag_list": "learning, educational-toys, reward-charts, math-facts",
 "alias_list": null,
 "email_address": "info@learningfromatoz.com",
 "phone_number": "214-762-5408",
 "description": "Consumer learning information and aids.",
 "created_at": "Sat Nov 13 16:29:16 UTC 2010",
 "updated_at": "Mon Mar 24 13:28:45 UTC 2014",
 "overview": "\u003Cp\u003EA to Z Learning is a creator of information, toys, and learning aids for parents and teachers.  Based in Dallas, TX, the company provides free content on its website and via webinars as well as manufactuers, represents, and sells a variety of learning aids and educational toys.\u003C/p\u003E",
 "image":
  {"available_sizes":
    [[[150,
       123],
      "http://api-images.crunchbase.com/assets/images/resized/0011/0074/110074v2-max-150x150.png"],
     [[173,
       142],
      "http://api-images.crunchbase.com/assets/images/resized/0011/0074/110074v2-max-250x250.png"],
     [[173,
       142],
      "http://api-images.crunchbase.com/assets/images/resized/0011/0074/110074v2-max-450x450.png"]],
   "attribution": null},
 "products":
  [],
 "relationships":
  [{"is_past": false,
    "title": "Partner",
    "person":
     {"first_name": "Jerod",
      "last_name": "Morris",
      "permalink": "jerod-morris"}},
   {"is_past": false,
    "title": "Partner",
    "person":
     {"first_name": "Derick",
      "last_name": "Schaefer",
      "permalink": "derick-schaefer"}}],
 "competitions":
  [],
 "providerships":
  [],
 "total_money_raised": "$0",
 "funding_rounds":
  [],
 "investments":
  [],
 "acquisition": null,
 "acquisitions":
  [],
 "offices":
  [{"description": "Learning From A To Z",
    "address1": "14800 Quorum Dr",
    "address2": "Suite 560",
    "zip_code": "75254",
    "city": "Dallas",
    "state_code": "TX",
    "country_code": "USA",
    "latitude": null,
    "longitude": null}],
 "milestones":
  [],
 "ipo": null,
 "video_embeds":
  [],
 "screenshots":
  [],
 "external_links":
  [],
 "partners":
  []}
