{"name": "aa-battery-charger",
 "permalink": "aa-battery-charger",
 "crunchbase_url": "http://www.crunchbase.com/company/aa-battery-charger",
 "homepage_url": "http://www.aa-battery-charger.co.uk",
 "blog_url": "",
 "blog_feed_url": "",
 "twitter_username": null,
 "category_code": "hardware",
 "number_of_employees": 158,
 "founded_year": 2007,
 "founded_month": 5,
 "founded_day": 4,
 "deadpooled_year": null,
 "deadpooled_month": null,
 "deadpooled_day": null,
 "deadpooled_url": null,
 "tag_list": "canon, panasonic, samsung, hp, sony, olympus, fujifilm, nikon-ricohkodak",
 "alias_list": null,
 "email_address": "",
 "phone_number": "",
 "description": "battery-charger",
 "created_at": "Mon Dec 06 08:43:52 UTC 2010",
 "updated_at": "Fri Dec 10 18:26:15 UTC 2010",
 "overview": "\u003Cp\u003EIf you are looking for the best brand new Digital Camera battery at the most preferred price, you have come to the right place. We provide the highest quality battery for the lowest price with the highest level of service, all in a secure and convenient platform. Our product range include replacement Digital Camera battery for most major brands, including Canon, Panasonic, Samsung, HP, Sony , Olympus, Fujifilm , nikon \u00ef\u00bc\u0152ricoh\u00ef\u00bc\u0152kodak\nand so on.\u003C/p\u003E\n\n\u003Cp\u003EThe web address \u00ef\u00bc\u0161http://www.aa-battery-charger.co.uk\u003C/p\u003E\n\n\u003Cp\u003EWe give you many reasons to shop with us, including:\u003C/p\u003E\n\n\u003Cp\u003EOur Quality: We believe that our customers should receive the highest quality Digital Camera battery at the lowest prices. We stand by and guarantee the quality of our Camera battery.\u003C/p\u003E\n\n\u003Cp\u003EOur Price: At website, you always pay the lowest price. We make this sure by offering our Best Price Guarantee on all our Digital Camera battery.\u003C/p\u003E\n\n\u003Cp\u003EOur Service: We have a dedicated team of customer service executives who are eager to help you save time and money by sharing their knowledge and expertise on battery and related products free shipping.\u003C/p\u003E\n\n\u003Cp\u003EYour Satisfaction: Your absolute satisfaction is our top objective. We stand by the quality of our Digital Camera battery and offer a 30-day money-back guarantee on all our products, no questions asked. Our products also carry a 12-month full repair or replacement warranty for any form of manufacturing defects.\u003C/p\u003E\n\n\u003Cp\u003EThe web address \u00ef\u00bc\u0161http://www.aa-battery-charger.co.uk\u003C/p\u003E\n\n\u003Cp\u003EThank you for stopping by and hope you have an enjoyable shopping experience!\u003C/p\u003E",
 "image":
  {"available_sizes":
    [[[150,
       112],
      "http://api-images.crunchbase.com/assets/images/resized/0011/2993/112993v2-max-150x150.jpg"],
     [[250,
       187],
      "http://api-images.crunchbase.com/assets/images/resized/0011/2993/112993v2-max-250x250.jpg"],
     [[450,
       337],
      "http://api-images.crunchbase.com/assets/images/resized/0011/2993/112993v2-max-450x450.jpg"]],
   "attribution": null},
 "products":
  [{"name": "Digital Camera charger",
    "permalink": "digital-camera-charger"}],
 "relationships":
  [],
 "competitions":
  [],
 "providerships":
  [],
 "total_money_raised": "$0",
 "funding_rounds":
  [],
 "investments":
  [],
 "acquisition": null,
 "acquisitions":
  [],
 "offices":
  [],
 "milestones":
  [],
 "ipo": null,
 "video_embeds":
  [],
 "screenshots":
  [],
 "external_links":
  [{"external_url": "http://www.aa-battery-charger.co.uk",
    "title": "Digital Camera battery"},
   {"external_url": "http://www.aa-battery-charger.co.uk/Digital-Camera-Battery-Charger/Samsung.html",
    "title": "Samsung Battery and Charger"},
   {"external_url": "http://www.nikon-battery-charger.co.uk/",
    "title": "nikon-battery-charger"}],
 "partners":
  []}
