{"name": "Aadithya Infosolutions Pvt. Ltd.",
 "permalink": "aadithya-infosolutions-pvt-ltd",
 "crunchbase_url": "http://www.crunchbase.com/company/aadithya-infosolutions-pvt-ltd",
 "homepage_url": "http://www.aadithyainfosolutions.com",
 "blog_url": "http://softwareoutsourcingdevelopment.blogspot.com",
 "blog_feed_url": "http://softwareoutsourcingdevelopment.blogspot.com/feeds/posts/default",
 "twitter_username": "aadithys",
 "category_code": "software",
 "number_of_employees": 20,
 "founded_year": 2010,
 "founded_month": 5,
 "founded_day": 5,
 "deadpooled_year": null,
 "deadpooled_month": null,
 "deadpooled_day": null,
 "deadpooled_url": null,
 "tag_list": "software-outsourcing, offshore-development",
 "alias_list": "",
 "email_address": "sales@aadithyainfosolutions.com",
 "phone_number": "011-26514589",
 "description": "Software Outsourcing Company",
 "created_at": "Tue Sep 14 12:44:06 UTC 2010",
 "updated_at": "Wed Apr 03 12:19:51 UTC 2013",
 "overview": "\u003Cp\u003EAadithya Infosolutions is Software Outsourcing, Offshore Development company, Web Design, Search Engine Optimization, Internet Marketing company.\u003C/p\u003E\n\n\u003Cp\u003EWeb Application Development Outsourcing Services, offshore Web development with Aadithya Infosolutions offers end-to-end support to companies with our quality expert team of software development using latest technologies and tools to meets user satisfaction.\u003C/p\u003E",
 "image":
  {"available_sizes":
    [[[150,
       39],
      "http://api-images.crunchbase.com/assets/images/resized/0010/1655/101655v2-max-150x150.png"],
     [[218,
       57],
      "http://api-images.crunchbase.com/assets/images/resized/0010/1655/101655v2-max-250x250.png"],
     [[218,
       57],
      "http://api-images.crunchbase.com/assets/images/resized/0010/1655/101655v2-max-450x450.png"]],
   "attribution": null},
 "products":
  [],
 "relationships":
  [],
 "competitions":
  [],
 "providerships":
  [],
 "total_money_raised": "$0",
 "funding_rounds":
  [],
 "investments":
  [],
 "acquisition": null,
 "acquisitions":
  [],
 "offices":
  [{"description": "",
    "address1": "No.221 - Ashirwad Complex,",
    "address2": "D1 Green Park,",
    "zip_code": "110 016",
    "city": "New Delhi -",
    "state_code": null,
    "country_code": "IND",
    "latitude": null,
    "longitude": null}],
 "milestones":
  [],
 "ipo": null,
 "video_embeds":
  [],
 "screenshots":
  [],
 "external_links":
  [],
 "partners":
  []}
