{"name": "AAIPharma Services",
 "permalink": "aaipharma-services",
 "crunchbase_url": "http://www.crunchbase.com/company/aaipharma-services",
 "homepage_url": "http://www.aaipharma.com",
 "blog_url": "",
 "blog_feed_url": "http://aaipharma.com/news-events/news/",
 "twitter_username": "AAIPharma",
 "category_code": "biotech",
 "number_of_employees": null,
 "founded_year": 1979,
 "founded_month": null,
 "founded_day": null,
 "deadpooled_year": null,
 "deadpooled_month": null,
 "deadpooled_day": null,
 "deadpooled_url": null,
 "tag_list": "",
 "alias_list": "",
 "email_address": "",
 "phone_number": "800.575.4224 ",
 "description": "",
 "created_at": "Thu Sep 16 02:59:47 UTC 2010",
 "updated_at": "Mon Dec 30 07:09:08 UTC 2013",
 "overview": "\u003Cp\u003EAAIPharma Services offers complete drug product development services covering all facets of drug product testing, formulation, manufacturing and packaging.  There range of services allow us to be a one stop shop for any parenteral or oral solid dose drug product development program.  With expertise in oral drug delivery, our scientists can provide solutions to challenges faced by many of today\u0026#8217;s pharmaceutical and biotech companies, namely: there in house expertise in support of your life cycle management programs, mitigating patient compliance risks through development of more convenient dosage forms and bioavailability enhancement through our suite of oral drug delivery technologies.  Further, they are the only true CDMO/CMO who previously commercialized its own products, so they understand far better than anyone the commercialization challenges faced by many of our customers and account for these challenges in our approach to drug product development.  With over 30 years of experience, we are by far the oldest and most tested [[CDMO]] in the industry.\u003C/p\u003E",
 "image":
  {"available_sizes":
    [[[150,
       26],
      "http://api-images.crunchbase.com/assets/images/resized/0010/1936/101936v3-max-150x150.jpg"],
     [[250,
       44],
      "http://api-images.crunchbase.com/assets/images/resized/0010/1936/101936v3-max-250x250.jpg"],
     [[300,
       53],
      "http://api-images.crunchbase.com/assets/images/resized/0010/1936/101936v3-max-450x450.jpg"]],
   "attribution": null},
 "products":
  [],
 "relationships":
  [{"is_past": false,
    "title": "CEO \u0026 Board of Directors",
    "person":
     {"first_name": "Patrick",
      "last_name": "Walsh",
      "permalink": "patrick-walsh"}},
   {"is_past": false,
    "title": "VP, IS\u0026T",
    "person":
     {"first_name": "Michael",
      "last_name": "Allen",
      "permalink": "michael-allen-2"}},
   {"is_past": false,
    "title": "EVP, Analytical Labs",
    "person":
     {"first_name": "Dean",
      "last_name": "Shirazi",
      "permalink": "dean-shirazi"}},
   {"is_past": false,
    "title": "EVP, Pharma Operations",
    "person":
     {"first_name": "Paul",
      "last_name": "Maffuid",
      "permalink": "paul-maffuid"}},
   {"is_past": false,
    "title": "VP, General Counsel \u0026 Corporate Secretary",
    "person":
     {"first_name": "Scott",
      "last_name": "Warner",
      "permalink": "scott-warner"}},
   {"is_past": false,
    "title": "VP, Client Services",
    "person":
     {"first_name": "Wendy",
      "last_name": "Turner",
      "permalink": "wendy-turner"}},
   {"is_past": false,
    "title": "Senior Director, Laboratory Quality Services",
    "person":
     {"first_name": "Brian",
      "last_name": "Dillion",
      "permalink": "brian-dillion"}},
   {"is_past": false,
    "title": "VP, Sales \u0026 Client Services",
    "person":
     {"first_name": "Rob",
      "last_name": "Goshert",
      "permalink": "rob-goshert"}},
   {"is_past": false,
    "title": "Senior Director, Corporate Quality Assurance",
    "person":
     {"first_name": "Gary",
      "last_name": "Brennan",
      "permalink": "gary-brennan"}},
   {"is_past": false,
    "title": "Senior Director, Manufacturing Quality Services",
    "person":
     {"first_name": "Eduardo",
      "last_name": "Uribe",
      "permalink": "eduardo-uribe"}},
   {"is_past": true,
    "title": "Chief Financial Officer",
    "person":
     {"first_name": "Matt",
      "last_name": "Czajkowski",
      "permalink": "matt-czajkowski"}},
   {"is_past": true,
    "title": "SVP",
    "person":
     {"first_name": "L.",
      "last_name": "Lee Karras",
      "permalink": "l-lee-karras"}},
   {"is_past": true,
    "title": "VP Manufacturing",
    "person":
     {"first_name": "Frederick",
      "last_name": "Pruden",
      "permalink": "frederick-pruden"}},
   {"is_past": true,
    "title": "Senior Scientist / Numerous Scientific positions",
    "person":
     {"first_name": "Dean",
      "last_name": "Shirazi",
      "permalink": "dean-shirazi"}},
   {"is_past": true,
    "title": "Manager, Analytical \u0026 Manufacturing Operations",
    "person":
     {"first_name": "Brian",
      "last_name": "Dillion",
      "permalink": "brian-dillion"}},
   {"is_past": true,
    "title": "Laboratory Quality \u0026 Generic Product Development roles",
    "person":
     {"first_name": "Brian",
      "last_name": "Dillion",
      "permalink": "brian-dillion"}},
   {"is_past": true,
    "title": "Management Positions",
    "person":
     {"first_name": "Charlie",
      "last_name": "Deignan",
      "permalink": "charlie-deignan"}},
   {"is_past": true,
    "title": "Sr. Director, Project Management",
    "person":
     {"first_name": "Wendy",
      "last_name": "Turner",
      "permalink": "wendy-turner"}},
   {"is_past": true,
    "title": "Quality Auditor - Analytical Operations",
    "person":
     {"first_name": "Brian",
      "last_name": "Dillion",
      "permalink": "brian-dillion"}}],
 "competitions":
  [],
 "providerships":
  [],
 "total_money_raised": "$20M",
 "funding_rounds":
  [{"id": 47873,
    "round_code": "private_equity",
    "source_url": "http://www.sec.gov/Archives/edgar/data/1538657/000153865712000001/xslFormDX01/primary_doc.xml",
    "source_description": "SEC",
    "raised_amount": 20000000.0,
    "raised_currency_code": "USD",
    "funded_year": 2012,
    "funded_month": 1,
    "funded_day": 11,
    "investments":
     []}],
 "investments":
  [],
 "acquisition": null,
 "acquisitions":
  [],
 "offices":
  [{"description": "",
    "address1": "2320 Scientific Park Drive",
    "address2": "",
    "zip_code": "28405",
    "city": "Wilmington",
    "state_code": "NC",
    "country_code": "USA",
    "latitude": null,
    "longitude": null}],
 "milestones":
  [],
 "ipo": null,
 "video_embeds":
  [],
 "screenshots":
  [],
 "external_links":
  [],
 "partners":
  []}
