{"name": "Aamcomp",
 "permalink": "aamcomp",
 "crunchbase_url": "http://www.crunchbase.com/company/aamcomp",
 "homepage_url": "http://www.aamcomp.com",
 "blog_url": "http://okctechbuzz.wordpress.com/",
 "blog_feed_url": "http://okctechbuzz.wordpress.com/feed/",
 "twitter_username": "Aamcomp",
 "category_code": "consulting",
 "number_of_employees": 10,
 "founded_year": 1987,
 "founded_month": 1,
 "founded_day": 1,
 "deadpooled_year": null,
 "deadpooled_month": null,
 "deadpooled_day": null,
 "deadpooled_url": null,
 "tag_list": "computers-in-oklahoma-city, it-network-security, network-security, okc-media-marketing-google-instant, okc-tech-news, oklahoma-city-internet-marketing, oklahoma-city-tech-news, oklahoma-city-technology",
 "alias_list": null,
 "email_address": "Sales@Aamcomp.com",
 "phone_number": "405-751-5300",
 "description": "Computer Network Services in OKC",
 "created_at": "Thu Oct 07 22:33:11 UTC 2010",
 "updated_at": "Thu Jun 27 14:48:31 UTC 2013",
 "overview": "\u003Cp\u003EAamcomp Computer Technology Oklahoma City, Oklahoma\u003C/p\u003E\n\n\u003Cp\u003EThey do it all!\u003C/p\u003E\n\n\u003Cp\u003EFrom network security to design, and from implementation to analysis, they\u0026#8217;ve  got you covered on all aspects of setting up a computer network for your home, Corporate Office, Educational Institution, or Business, big or small.\u003C/p\u003E\n\n\u003Cp\u003ENot sure what kind of network solution you need?\u003C/p\u003E\n\n\u003Cp\u003EThat\u0026#8217;s why their here. Just explain to them what it is that your Computer network needs to accomplish and they will set you up with the perfect solution that suits your needs.\u003C/p\u003E\n\n\u003Cp\u003EThey Are!\u003C/p\u003E\n\n\u003Cp\u003EHewlett Packard Authorized Service \u0026amp; Sales - IBM Authorized Service \u0026amp; Sales\u003C/p\u003E\n\n\u003Cp\u003ELenovo Authorized Service \u0026amp; Sales - OKI data Authorized Service \u0026amp; Sales\u003C/p\u003E\n\n\u003Cp\u003EBrother Authorized Service \u0026amp; Sales - Compaq Authorized Service \u0026amp; Sales\u003C/p\u003E\n\n\u003Cp\u003E\u0026#8212;\u0026#8212;\u0026#8212;\u0026#8212;\u0026#8212;\u0026#8212;\u0026#8212;\u0026#8212;\u0026#8212;\u0026#8212;\u0026#8212;\u0026#8212;\u0026#8212;\u0026#8212;\u0026#8212;\u0026#8212;\u0026#8212;\u0026#8212;\u0026#8212;\u0026#8212;\u0026#8212;\u0026#8212;\u0026#8212;\u0026#8212;\u0026#8212;\u0026#8212;\u0026#8211;\nServices Include:\u003C/p\u003E\n\n\u003Cp\u003ENetwork and Internet consulting, SOHO Solutions (Small Office and Home Office),\n,Infrastructure needs\n,Procurement and configuration of computer hardware\n,Local Area Network (LAN) Design \u0026amp; Support\n,Wide Area Network (WAN) Design \u0026amp; Support\n,Project Management (Business or Corporate Office)\n,Microsoft Windows NT Server and Workstation\n,Installation and Support (computer)\n,Microsoft Windows 2000 Professional, Server, and Advanced Server Support and Installation\n,Heterogeneous Networks Support (NT, etc)\n,Systems Management\n,Web Server Design and Support OKC\n,Internet Security and Design (Firewalls, NAT, Proxy, etc.)\n,Internet Installation (xDSL, Cable Modem, etc.)\n,Customer Needs Analysis\n,Voice Over IP Solutions\n,Network Security and Monitoring Analysis\n,Cabling for CAT5 and CAT5e cables for homes, businesses, and ,educational ,institutions\n,Citrix Server Solutions\n,Terminal Server Support and Installation\nVirtual Private Networking (VPN) Support and Installation\n,Data Backup (data protection and disaster recovery solutions)\n,Aamcomp Cumputer Technology Oklahoma City\u003C/p\u003E",
 "image":
  {"available_sizes":
    [[[150,
       49],
      "http://api-images.crunchbase.com/assets/images/resized/0010/4634/104634v2-max-150x150.jpg"],
     [[250,
       82],
      "http://api-images.crunchbase.com/assets/images/resized/0010/4634/104634v2-max-250x250.jpg"],
     [[320,
       105],
      "http://api-images.crunchbase.com/assets/images/resized/0010/4634/104634v2-max-450x450.jpg"]],
   "attribution": null},
 "products":
  [],
 "relationships":
  [],
 "competitions":
  [],
 "providerships":
  [],
 "total_money_raised": "$0",
 "funding_rounds":
  [],
 "investments":
  [],
 "acquisition": null,
 "acquisitions":
  [],
 "offices":
  [{"description": "Corporate Office",
    "address1": "10701 Broadway Ext. Service Rd",
    "address2": "",
    "zip_code": "73114",
    "city": "Oklahoma City",
    "state_code": "OK",
    "country_code": "USA",
    "latitude": null,
    "longitude": null}],
 "milestones":
  [],
 "ipo": null,
 "video_embeds":
  [],
 "screenshots":
  [],
 "external_links":
  [],
 "partners":
  []}
