{"name": "Abaris Softech Inc",
 "permalink": "abaris-softech-inc",
 "crunchbase_url": "http://www.crunchbase.com/company/abaris-softech-inc",
 "homepage_url": "http://www.abarissoftech.com",
 "blog_url": "http://www.abarisparadise.blogspot.in",
 "blog_feed_url": "http://www.abarissoftech.com/",
 "twitter_username": "abarissoftech",
 "category_code": "software",
 "number_of_employees": 25,
 "founded_year": 2004,
 "founded_month": 1,
 "founded_day": 22,
 "deadpooled_year": null,
 "deadpooled_month": null,
 "deadpooled_day": null,
 "deadpooled_url": null,
 "tag_list": "mlm, mlm-software, mlm-website, mlm-service, mlm-web-development, mlm-software-solution-india, mlm-matrix-plan, mlm-board-plan, mlm-growth-plan, mlm-investment-plan, multi-level-marketing-software-india, mlm-solution-in-dehradun, mlm-software-delhi",
 "alias_list": null,
 "email_address": "quadir2005@gmail.com",
 "phone_number": "+919412233020",
 "description": "Abaris Softech is a MLM Software Company",
 "created_at": "Mon Oct 18 11:17:57 UTC 2010",
 "updated_at": "Fri Mar 02 08:02:41 UTC 2012",
 "overview": "\u003Cp\u003EBest MLM Company India MLM Software Solution India Call- +91-9412233020\u003C/p\u003E\n\n\u003Cp\u003EMulti Level Marketing Software (MLM)\u003Cbr/\u003E\n          We are a Professional Multi Level Marketing (MLM) and Network Marketing Software Development Company based in New Delhi, with more than 6 years of expertise in MLM Software Development and Website Designing.\nInterface Software Services also assist MLM Companies in Product Selection and Procurement as well as Consultancy for selecting an appropriate Business Plan.\nApart from MLM, we develop Customized Software Applications for various Corporate Companies in India and abroad. We use the same development standards and latest technology for MLM Software which is being used for other corporate companies.\u003C/p\u003E\n\n\u003Cp\u003EOur Expertise of Complex Business Plans\n       We have developed MLM Software\u00e2\u20ac\u2122s for various types of business plans like Binary Plan, Matrix Plan, Australian Binary, Board Plan, Growth Plan, Step Plan, Generation Plan, Repurchase Plan, Auto Filling Plan, Non-Working, etc. \u003C/p\u003E\n\n\u003Cp\u003ESuperior Technology\n       ASP is Old - Now try ASP.NET\n       it is hi-speed, robust and more secure.\nASP.NET is the New Generation Online Software Development Technology of the Corporate World.\nWe use ASP.NET with AJAX for giving a Desktop experience and a MS SQL Server 2005 database which highly secure, robust, scalable and reliable in the long run.\u003C/p\u003E\n\n\u003Cp\u003EFeatures:\u003C/p\u003E\n\n\u003Cpre\u003E\u003Ccode\u003EOnline Product Gallery\nOnline Business Plan\nOnline Registration for Membership with Online Payment Options.\nOnline Member Reports like Genealogy, Payout Report, Pending Payout Report, Current Joining and Total Joining, Details of a Down line Member, Binary Tree.\nEpins\nSMS Integration - Automatic SMS to all Members providing information on Payouts, Products, Updates and New Offers.\nOnline Complaint Registration.\nManagement Information Reports.\nEmail notification of Payouts and other New \u0026amp;amp; Events.\nData Back Up System\nSecurity Checker System\n\u003C/code\u003E\u003C/pre\u003E\n\n\u003Cp\u003EAbaris Softech Inc., A Complete MLM Software, MLM Website, Software Development, SEO, SMS/Email Company, INDIA, Call: +91-9045206022 (UP+UK), +91-9818664813, Visit:  http://www.abarissoftech.com\nWe provide the services in:\nHaridwar, Roorkee, Dehradun, Uttaranchal, Haldwan\u003C/p\u003E",
 "image":
  {"available_sizes":
    [[[150,
       112],
      "http://api-images.crunchbase.com/assets/images/resized/0010/5987/105987v2-max-150x150.jpg"],
     [[250,
       187],
      "http://api-images.crunchbase.com/assets/images/resized/0010/5987/105987v2-max-250x250.jpg"],
     [[450,
       337],
      "http://api-images.crunchbase.com/assets/images/resized/0010/5987/105987v2-max-450x450.jpg"]],
   "attribution": null},
 "products":
  [],
 "relationships":
  [],
 "competitions":
  [],
 "providerships":
  [],
 "total_money_raised": "$0",
 "funding_rounds":
  [],
 "investments":
  [],
 "acquisition": null,
 "acquisitions":
  [],
 "offices":
  [{"description": "MLM Software India",
    "address1": "175 B, Jogabai Extantion, Okhla, New Delhi, India",
    "address2": "",
    "zip_code": "240011",
    "city": "New Delhi",
    "state_code": null,
    "country_code": "IND",
    "latitude": null,
    "longitude": null},
   {"description": "Hotel ERPl, MCX Solution",
    "address1": "13/1308, Shaheed Ganj, U.P",
    "address2": "",
    "zip_code": "247001",
    "city": "Saharanpur",
    "state_code": null,
    "country_code": "IND",
    "latitude": null,
    "longitude": null}],
 "milestones":
  [],
 "ipo": null,
 "video_embeds":
  [],
 "screenshots":
  [],
 "external_links":
  [{"external_url": "http://www.abarissoftech.com",
    "title": "MLM Services, Web Development, Software Development, Hotel ERP, Hospital Software"},
   {"external_url": "http://mlmcompanyindia.blogspot.com/",
    "title": "MLM, MLM Software, MLM Services India, MLM Web Development, MLM Solution India "}],
 "partners":
  []}
