{"name": "Abound Logic",
 "permalink": "abound-logic",
 "crunchbase_url": "http://www.crunchbase.com/company/abound-logic",
 "homepage_url": "http://www.aboundlogic.com",
 "blog_url": "",
 "blog_feed_url": "",
 "twitter_username": null,
 "category_code": null,
 "number_of_employees": null,
 "founded_year": 1993,
 "founded_month": null,
 "founded_day": null,
 "deadpooled_year": null,
 "deadpooled_month": null,
 "deadpooled_day": null,
 "deadpooled_url": null,
 "tag_list": "",
 "alias_list": "",
 "email_address": "",
 "phone_number": "408-716-6400",
 "description": "",
 "created_at": "Thu Sep 16 17:53:17 UTC 2010",
 "updated_at": "Mon Feb 03 14:27:30 UTC 2014",
 "overview": "\u003Cp\u003EAs of June, 2010 Abound Logic, Inc. went out of business. Abound Logic, Inc. designs, develops, and delivers programmable logic solutions. It develops configurable logic system on chips; and field programmable gate arrays, as well as silicon and software products. The company\u2019s products are used by manufacturers of ASIC emulation products, HPC systems, ASSPs, and other applications. It offers its products through representatives in North America, Europe, the Middle East, Japan, and internationally. Abound Logic, Inc. was formerly known as M2000, Inc. and changed its name to Abound Logic, Inc. in October 2008. The company was founded in 1993 and is based in Santa Clara, California.\u003C/p\u003E",
 "image": null,
 "products":
  [],
 "relationships":
  [{"is_past": false,
    "title": "President",
    "person":
     {"first_name": "Frederic",
      "last_name": "Reblewski",
      "permalink": "frederic-reblewski"}}],
 "competitions":
  [],
 "providerships":
  [],
 "total_money_raised": "$3.71M",
 "funding_rounds":
  [{"id": 63308,
    "round_code": "debt_round",
    "source_url": "http://www.sec.gov/Archives/edgar/data/1372548/000137254809000003/xslFormDX01/primary_doc.xml",
    "source_description": "SEC",
    "raised_amount": 3705137.0,
    "raised_currency_code": "USD",
    "funded_year": 2009,
    "funded_month": 1,
    "funded_day": 15,
    "investments":
     []}],
 "investments":
  [],
 "acquisition": null,
 "acquisitions":
  [],
 "offices":
  [{"description": "",
    "address1": "3052 Bunker Hill Lane",
    "address2": "Suite 200",
    "zip_code": "95054",
    "city": "Santa Clara",
    "state_code": "CA",
    "country_code": "USA",
    "latitude": null,
    "longitude": null}],
 "milestones":
  [],
 "ipo": null,
 "video_embeds":
  [],
 "screenshots":
  [],
 "external_links":
  [],
 "partners":
  []}
