{"name": "ABR Electric",
 "permalink": "abr-electric",
 "crunchbase_url": "http://www.crunchbase.com/company/abr-electric",
 "homepage_url": "http://abrelectric.com",
 "blog_url": "",
 "blog_feed_url": "",
 "twitter_username": null,
 "category_code": "other",
 "number_of_employees": 1,
 "founded_year": null,
 "founded_month": null,
 "founded_day": null,
 "deadpooled_year": null,
 "deadpooled_month": null,
 "deadpooled_day": null,
 "deadpooled_url": null,
 "tag_list": "electrician, troubleshooting, wiring-problems, recessed-lighting, doorbells, tripping-breakers, panel-replacement",
 "alias_list": "",
 "email_address": "",
 "phone_number": "",
 "description": "Electrical Service Company",
 "created_at": "Tue Dec 14 16:32:46 UTC 2010",
 "updated_at": "Sat Apr 05 05:44:55 UTC 2014",
 "overview": "\u003Cp\u003EABR Electric provides electrical repair and upgrade services to local homeowners.\u003C/p\u003E\n\n\u003Cp\u003EWe work one-on-one with homeowners to identify and correct safety and National Electrical Code Violations. \u003C/p\u003E\n\n\u003Cp\u003EFrequently, we will upgrade interior/exterior lighting, add circuits for new appliances or equipment (big screen TVs, spas, dishwashers, Sub Zero refrigerators, etc.).\u003C/p\u003E\n\n\u003Cp\u003EOur goal is to do the work right, make a positive memory for the customer and have fun.\u003C/p\u003E",
 "image": null,
 "products":
  [],
 "relationships":
  [],
 "competitions":
  [],
 "providerships":
  [],
 "total_money_raised": "$0",
 "funding_rounds":
  [],
 "investments":
  [],
 "acquisition": null,
 "acquisitions":
  [],
 "offices":
  [],
 "milestones":
  [],
 "ipo": null,
 "video_embeds":
  [],
 "screenshots":
  [],
 "external_links":
  [],
 "partners":
  []}
