{"name": "Abruzzo Villas",
 "permalink": "abruzzo-villas",
 "crunchbase_url": "http://www.crunchbase.com/company/abruzzo-villas",
 "homepage_url": "http://villacasale.net",
 "blog_url": "",
 "blog_feed_url": "",
 "twitter_username": null,
 "category_code": "advertising",
 "number_of_employees": 3,
 "founded_year": 2003,
 "founded_month": 1,
 "founded_day": 18,
 "deadpooled_year": null,
 "deadpooled_month": null,
 "deadpooled_day": null,
 "deadpooled_url": null,
 "tag_list": "abruzzo, abruzzi, italy, italia, teramo, vacation",
 "alias_list": null,
 "email_address": "ulissi@verizon.net",
 "phone_number": "",
 "description": "Villa Rentals in Abruzzo Italy",
 "created_at": "Fri Dec 03 00:09:43 UTC 2010",
 "updated_at": "Mon Sep 12 00:29:25 UTC 2011",
 "overview": "\u003Cp\u003EVilla rentals in Abruzzo Italy.\u003C/p\u003E",
 "image":
  {"available_sizes":
    [[[150,
       65],
      "http://api-images.crunchbase.com/assets/images/resized/0011/2694/112694v2-max-150x150.jpg"],
     [[250,
       109],
      "http://api-images.crunchbase.com/assets/images/resized/0011/2694/112694v2-max-250x250.jpg"],
     [[309,
       135],
      "http://api-images.crunchbase.com/assets/images/resized/0011/2694/112694v2-max-450x450.jpg"]],
   "attribution": null},
 "products":
  [],
 "relationships":
  [],
 "competitions":
  [],
 "providerships":
  [],
 "total_money_raised": "$0",
 "funding_rounds":
  [],
 "investments":
  [],
 "acquisition": null,
 "acquisitions":
  [],
 "offices":
  [],
 "milestones":
  [],
 "ipo": null,
 "video_embeds":
  [],
 "screenshots":
  [],
 "external_links":
  [],
 "partners":
  []}
