{"name": "Absolute Today",
 "permalink": "absolute-today",
 "crunchbase_url": "http://www.crunchbase.com/company/absolute-today",
 "homepage_url": "http://www.absolutetoday.com",
 "blog_url": "http://blog.absolutetoday.com",
 "blog_feed_url": "http://www.absolutetoday.com/blogengine/syndication.axd?format=rss",
 "twitter_username": "absolutetoday",
 "category_code": "consulting",
 "number_of_employees": 8,
 "founded_year": 2007,
 "founded_month": 11,
 "founded_day": null,
 "deadpooled_year": null,
 "deadpooled_month": null,
 "deadpooled_day": null,
 "deadpooled_url": null,
 "tag_list": "marketing, bluetooth-marketing, text-marketing, email-marketing, bluetooth-broadcasting, text-broadcasting, email-broadcasting, telemarketing, social-media, leads, databases, seo, search0engine-optimization",
 "alias_list": null,
 "email_address": "info@absolutetoday.com",
 "phone_number": "800-694-0236",
 "description": "Small Business Marketing",
 "created_at": "Wed Sep 15 23:40:30 UTC 2010",
 "updated_at": "Sun Sep 26 01:04:06 UTC 2010",
 "overview": "\u003Cp\u003EAbsolute Today is a leading strategic marketing services provider helping clients achieve increases in revenue, profit, market share and customer loyalty objective though various unique and cutting edge marketing strategies and systems.\u003C/p\u003E\n\n\u003Cp\u003EIncorporated in 2007, Absolute Today has offices across the United States and is known for their ability to provide clients solutions to their marketing woes. From Bluetooth broadcasting, custom lead generation, opt-in email marketing, voice broadcasting, web development, search engine optimization, to online classified ad marketing and data-mining, as well as full service boutique telemarketing, Absolute Today has helped companies enter new markets, increase revenue in existing markets, and deliver their products and services more efficiently across various mediums.\u003C/p\u003E\n\n\u003Cp\u003EMarketing is vast and ever changing. As such, every successful initiative must be dynamic, adaptable and forward thinking to keep the creative fresh, the message clear, and the audience interested. Thus, Absolute Today blends together and constantly monitors and optimizes each marketing initiative to ensure that our clients yield the desired return on their investment.\u003C/p\u003E",
 "image":
  {"available_sizes":
    [[[150,
       70],
      "http://api-images.crunchbase.com/assets/images/resized/0010/1920/101920v2-max-150x150.png"],
     [[250,
       116],
      "http://api-images.crunchbase.com/assets/images/resized/0010/1920/101920v2-max-250x250.png"],
     [[450,
       210],
      "http://api-images.crunchbase.com/assets/images/resized/0010/1920/101920v2-max-450x450.png"]],
   "attribution": null},
 "products":
  [],
 "relationships":
  [{"is_past": true,
    "title": "Chief Operating Officer",
    "person":
     {"first_name": "Michael",
      "last_name": "Hurley",
      "permalink": "michael-hurley"}}],
 "competitions":
  [],
 "providerships":
  [],
 "total_money_raised": "$0",
 "funding_rounds":
  [],
 "investments":
  [],
 "acquisition": null,
 "acquisitions":
  [],
 "offices":
  [{"description": "Corporate Headquarters",
    "address1": "100 South 4th Street",
    "address2": "",
    "zip_code": "52031",
    "city": "Bellevue",
    "state_code": "IA",
    "country_code": "USA",
    "latitude": null,
    "longitude": null},
   {"description": "Portland Office",
    "address1": "2836 NE Irving",
    "address2": "",
    "zip_code": "97232",
    "city": "Portland",
    "state_code": "OR",
    "country_code": "USA",
    "latitude": null,
    "longitude": null}],
 "milestones":
  [],
 "ipo": null,
 "video_embeds":
  [],
 "screenshots":
  [],
 "external_links":
  [],
 "partners":
  []}
