{"name": "Abundant Global",
 "permalink": "abundant-global",
 "crunchbase_url": "http://www.crunchbase.com/company/abundant-global",
 "homepage_url": null,
 "blog_url": "",
 "blog_feed_url": "",
 "twitter_username": null,
 "category_code": "ecommerce",
 "number_of_employees": null,
 "founded_year": null,
 "founded_month": null,
 "founded_day": null,
 "deadpooled_year": null,
 "deadpooled_month": null,
 "deadpooled_day": null,
 "deadpooled_url": null,
 "tag_list": "oil--gas, tanker, vessel, storage, b2b, e-commerce",
 "alias_list": null,
 "email_address": "",
 "phone_number": "",
 "description": "oil \u0026 gas tanker storage B2B platform",
 "created_at": "Fri Oct 22 05:12:10 UTC 2010",
 "updated_at": "Fri Oct 22 20:14:30 UTC 2010",
 "overview": "\u003Cp\u003EAbundant Global is an investment holding company focused on Oil \u0026amp; Gas infrastructure investments, including B2B e-commerce platform for shipping, logistic \u0026amp; storage transactions, lease and trade business, engineering as well as contract works. The company also provides tanker leasing, maintenance and refurbish services, as well as owning and operating land and coastal storage. The company main investments focus is in South East Asia, with strong business presence in San Francisco CA (USA) Middle East and China.\u003C/p\u003E",
 "image": null,
 "products":
  [],
 "relationships":
  [],
 "competitions":
  [],
 "providerships":
  [],
 "total_money_raised": "$0",
 "funding_rounds":
  [],
 "investments":
  [],
 "acquisition": null,
 "acquisitions":
  [],
 "offices":
  [],
 "milestones":
  [],
 "ipo": null,
 "video_embeds":
  [],
 "screenshots":
  [],
 "external_links":
  [],
 "partners":
  []}
