{"name": "Abundant Life Academy of Milford, Virginia",
 "permalink": "abundant-life-academy-of-milford-virginia",
 "crunchbase_url": "http://www.crunchbase.com/company/abundant-life-academy-of-milford-virginia",
 "homepage_url": "http://www.abundantlifeacademy.com",
 "blog_url": "",
 "blog_feed_url": "",
 "twitter_username": "ala_new",
 "category_code": "education",
 "number_of_employees": 25,
 "founded_year": 2000,
 "founded_month": 12,
 "founded_day": 1,
 "deadpooled_year": null,
 "deadpooled_month": null,
 "deadpooled_day": null,
 "deadpooled_url": null,
 "tag_list": "christian-boarding-schools, troubled-teens, family-restoration, parent-coaching, leadership-training, academic-restoration, grade-repair, credit-recovery",
 "alias_list": "",
 "email_address": "admissions@abundantlifeacademy.com",
 "phone_number": "888-305-6729",
 "description": "Virginia Christian boarding school",
 "created_at": "Sun Nov 28 15:16:02 UTC 2010",
 "updated_at": "Fri Oct 11 17:56:52 UTC 2013",
 "overview": "\u003Cp\u003EWelcome to Abundant Life Academy, now located in Eastern Virginia about 2 hours from Washington, D.C.  We are a Christian therapeutic boarding school designed for teens who are struggling. Our goal is to provide teens and their families with the tools and resources to thrive academically, relationally and spiritually. We help once troubled teens to begin living a fulfilling life, equipping teens to become happy, confident, self-reliant, and successful adults.\u003C/p\u003E",
 "image":
  {"available_sizes":
    [[[150,
       56],
      "http://api-images.crunchbase.com/assets/images/resized/0011/2020/112020v3-max-150x150.jpg"],
     [[250,
       95],
      "http://api-images.crunchbase.com/assets/images/resized/0011/2020/112020v3-max-250x250.jpg"],
     [[250,
       95],
      "http://api-images.crunchbase.com/assets/images/resized/0011/2020/112020v3-max-450x450.jpg"]],
   "attribution": null},
 "products":
  [],
 "relationships":
  [{"is_past": false,
    "title": "Chairman of the Board",
    "person":
     {"first_name": "Paul",
      "last_name": "Branning",
      "permalink": "paul-branning"}}],
 "competitions":
  [{"competitor":
     {"name": "Diamond Ranch Academy",
      "permalink": "diamond-ranch-academy"}}],
 "providerships":
  [],
 "total_money_raised": "$0",
 "funding_rounds":
  [],
 "investments":
  [],
 "acquisition": null,
 "acquisitions":
  [],
 "offices":
  [{"description": "Virginia Campus",
    "address1": "20500 Remuda Lane",
    "address2": "",
    "zip_code": "22514",
    "city": "Milford",
    "state_code": "VA",
    "country_code": "USA",
    "latitude": null,
    "longitude": null}],
 "milestones":
  [{"id": 40984,
    "description": "Abundant Life Academy moved from Utah to Milford, Virginia, after purchasing the property developed by Remuda Ranch.",
    "stoned_year": 2013,
    "stoned_month": 9,
    "stoned_day": 1,
    "source_url": "http://www.abundantlifeacademy.com/about-us",
    "source_text": null,
    "source_description": "From the website",
    "stoneable_type": "Company",
    "stoned_value": null,
    "stoned_value_type": null,
    "stoned_acquirer": null,
    "stoneable":
     {"name": "Abundant Life Academy of Milford, Virginia",
      "permalink": "abundant-life-academy-of-milford-virginia"}}],
 "ipo": null,
 "video_embeds":
  [{"embed_code": "\u003Ciframe width=\"430\" height=\"315\" src=\"//www.youtube.com/embed/Awztgx4tpyM?rel=0\" frameborder=\"0\" allowfullscreen\u003E\u003C/iframe\u003E",
    "description": "\u003Cp\u003EALA Intro Video\u003C/p\u003E"}],
 "screenshots":
  [{"available_sizes":
     [[[150,
        126],
       "http://api-images.crunchbase.com/assets/images/resized/0034/0952/340952v2-max-150x150.jpg"],
      [[250,
        211],
       "http://api-images.crunchbase.com/assets/images/resized/0034/0952/340952v2-max-250x250.jpg"],
      [[450,
        379],
       "http://api-images.crunchbase.com/assets/images/resized/0034/0952/340952v2-max-450x450.jpg"]],
    "attribution": null}],
 "external_links":
  [{"external_url": "http://bestchristianboardingschools.com",
    "title": "Best Christian Boarding Schools"}],
 "partners":
  []}
