{"name": "abusix",
 "permalink": "abusix",
 "crunchbase_url": "http://www.crunchbase.com/company/abusix",
 "homepage_url": "http://abusix.com",
 "blog_url": "http://blog.abusix.com",
 "blog_feed_url": "",
 "twitter_username": "abusix",
 "category_code": "security",
 "number_of_employees": 9,
 "founded_year": 2009,
 "founded_month": 10,
 "founded_day": null,
 "deadpooled_year": null,
 "deadpooled_month": null,
 "deadpooled_day": null,
 "deadpooled_url": null,
 "tag_list": "network-abuse, abuse-handling, isp, esp, social-networks, identity-theft, abuse-handling-framwork, spamfeed, gloabl-reporting, software, b2b",
 "alias_list": "",
 "email_address": "info@abusix.com",
 "phone_number": "+49 (0)721 754065 - 90",
 "description": "Network Abuse Intelligence",
 "created_at": "Wed Oct 20 14:26:06 UTC 2010",
 "updated_at": "Thu Feb 13 09:39:50 UTC 2014",
 "overview": "\u003Cp\u003EUnlike traditional security vendors who rely on stale data and outdated filtering techniques, abusix utilizes massive amounts of real-time, proprietary network abuse data and sophisticated algorithmic analysis to automate network abuse identification and resolution for both enterprise and ISP customers. abusix\u2019s software reduces customer costs by eliminating expensive and time-consuming manual security work and increases productivity by containing and quickly eliminating network abuse threats. \u003C/p\u003E",
 "image":
  {"available_sizes":
    [[[150,
       48],
      "http://api-images.crunchbase.com/assets/images/resized/0010/6397/106397v4-max-150x150.png"],
     [[250,
       80],
      "http://api-images.crunchbase.com/assets/images/resized/0010/6397/106397v4-max-250x250.png"],
     [[450,
       145],
      "http://api-images.crunchbase.com/assets/images/resized/0010/6397/106397v4-max-450x450.png"]],
   "attribution": null},
 "products":
  [],
 "relationships":
  [{"is_past": false,
    "title": "CEO",
    "person":
     {"first_name": "Tobias",
      "last_name": "Knecht",
      "permalink": "tobias-knecht"}}],
 "competitions":
  [],
 "providerships":
  [{"title": "",
    "is_past": false,
    "provider":
     {"name": "Perkins Coie",
      "permalink": "perkins-coie"}},
   {"title": "",
    "is_past": false,
    "provider":
     {"name": "Hull Speed Associates",
      "permalink": "hull-speed-associates"}}],
 "total_money_raised": "$1.3M",
 "funding_rounds":
  [{"id": 64452,
    "round_code": "seed",
    "source_url": "http://www.targetpartners.de/en/n/to-combat-soaring-network-abuse-incidents-abusix-received-funding-from-target-partners/",
    "source_description": "To Combat Soaring Network Abuse Incidents, Abusix received Funding from Target Partners",
    "raised_amount": 1300000.0,
    "raised_currency_code": "USD",
    "funded_year": 2013,
    "funded_month": 11,
    "funded_day": null,
    "investments":
     [{"company": null,
       "financial_org":
        {"name": "Target Partners",
         "permalink": "target-partners"},
       "person": null}]}],
 "investments":
  [],
 "acquisition": null,
 "acquisitions":
  [],
 "offices":
  [{"description": "Headquarter",
    "address1": "Haid-und-Neu-Strasse 18-20",
    "address2": "",
    "zip_code": "76131",
    "city": "Karlsruhe",
    "state_code": null,
    "country_code": "DEU",
    "latitude": null,
    "longitude": null}],
 "milestones":
  [],
 "ipo": null,
 "video_embeds":
  [],
 "screenshots":
  [],
 "external_links":
  [],
 "partners":
  []}
