{"name": "Acadiana CCTV",
 "permalink": "acadiana-cctv",
 "crunchbase_url": "http://www.crunchbase.com/company/acadiana-cctv",
 "homepage_url": "http://acadianacctv.com",
 "blog_url": "http://cctvforyourhome.blogspot.com/",
 "blog_feed_url": "",
 "twitter_username": null,
 "category_code": "security",
 "number_of_employees": null,
 "founded_year": null,
 "founded_month": null,
 "founded_day": null,
 "deadpooled_year": null,
 "deadpooled_month": null,
 "deadpooled_day": null,
 "deadpooled_url": null,
 "tag_list": "cctv-camera, security-camera, home-surveilance-systems",
 "alias_list": null,
 "email_address": "sales@acadianacctv.com",
 "phone_number": "",
 "description": "Supplier of CCTV and security cameras-LA",
 "created_at": "Wed Oct 13 14:59:59 UTC 2010",
 "updated_at": "Fri Oct 15 17:42:51 UTC 2010",
 "overview": "\u003Cp\u003EAcadiana CCTV offers a complete line of quality CCTV cameras and security cameras for surveillance systems. We are not only a distributor of surveillance equipment but we also test and support each product that we sell.Our company is based out of Lafayette, Louisiana and has 22 years of IT and consulting experience. We supply surveillance systems and equipment to home owners, small, medium, and large sized businesses, as well as local and federal government agencies.\u003C/p\u003E",
 "image":
  {"available_sizes":
    [[[150,
       36],
      "http://api-images.crunchbase.com/assets/images/resized/0010/5729/105729v2-max-150x150.jpg"],
     [[200,
       48],
      "http://api-images.crunchbase.com/assets/images/resized/0010/5729/105729v2-max-250x250.jpg"],
     [[200,
       48],
      "http://api-images.crunchbase.com/assets/images/resized/0010/5729/105729v2-max-450x450.jpg"]],
   "attribution": null},
 "products":
  [],
 "relationships":
  [],
 "competitions":
  [],
 "providerships":
  [],
 "total_money_raised": "$0",
 "funding_rounds":
  [],
 "investments":
  [],
 "acquisition": null,
 "acquisitions":
  [],
 "offices":
  [],
 "milestones":
  [],
 "ipo": null,
 "video_embeds":
  [{"embed_code": "\u003Cembed\r\n\t\t\ttype=\"application/x-shockwave-flash\"\r\n\t\t\tid=\"player2\"\r\n\t\t\tname=\"player2\"\r\n\t\t\tsrc=\"player-viral.swf\" \r\n\t\t\twidth=\"400\" \r\n\t\t\theight=\"320\"\r\n\t\t\tallowscriptaccess=\"always\" \r\n\t\t\tallowfullscreen=\"true\"\r\n\t\t\tflashvars=\"file=../pics/204989365_1275172826.flv\" \r\n\t\t/\u003E\r\n\t\u003C/object\u003E\r\n    \u003C/embed\u003E\r\n",
    "description": "\u003Cp\u003ECCTV Robery\u003C/p\u003E"}],
 "screenshots":
  [],
 "external_links":
  [{"external_url": "http://acadianacctv.com/",
    "title": "CCTV Camera,Security Camera a dn Surveillance Systems "}],
 "partners":
  []}
