{"name": "Academic Management Systems",
 "permalink": "academic-management-systems",
 "crunchbase_url": "http://www.crunchbase.com/company/academic-management-systems",
 "homepage_url": "http://www.academicmanagement.com",
 "blog_url": "",
 "blog_feed_url": "",
 "twitter_username": null,
 "category_code": null,
 "number_of_employees": null,
 "founded_year": null,
 "founded_month": null,
 "founded_day": null,
 "deadpooled_year": null,
 "deadpooled_month": null,
 "deadpooled_day": null,
 "deadpooled_url": null,
 "tag_list": "",
 "alias_list": "AMS",
 "email_address": "info@academicmanagement.com",
 "phone_number": "716-204-0464",
 "description": "",
 "created_at": "Sat Oct 16 11:54:09 UTC 2010",
 "updated_at": "Sat Oct 16 11:59:07 UTC 2010",
 "overview": "\u003Cp\u003EAcademic Management Systems (AMS) is located in Amherst, NY. AMS was created in 1996 to serve the software development and support needs of the University at Buffalo Health Science Center. On May 1, 2001, AMS became the first software unit on campus to be \u00e2\u20ac\u02dcspun out\u00e2\u20ac\u2122 into the University\u00e2\u20ac\u2122s small business incubator. In the process, AMS became a subsidiary of Liaison International, Inc. of Watertown, MA who purchased all software licenses from the University as part of this \u00e2\u20ac\u02dctechnology transfer\u00e2\u20ac\u2122 initiative. \u003C/p\u003E",
 "image":
  {"available_sizes":
    [[[150,
       31],
      "http://api-images.crunchbase.com/assets/images/resized/0010/5842/105842v1-max-150x150.jpg"],
     [[250,
       52],
      "http://api-images.crunchbase.com/assets/images/resized/0010/5842/105842v1-max-250x250.jpg"],
     [[450,
       94],
      "http://api-images.crunchbase.com/assets/images/resized/0010/5842/105842v1-max-450x450.jpg"]],
   "attribution": null},
 "products":
  [],
 "relationships":
  [],
 "competitions":
  [],
 "providerships":
  [],
 "total_money_raised": "$0",
 "funding_rounds":
  [],
 "investments":
  [],
 "acquisition":
  {"price_amount": null,
   "price_currency_code": "USD",
   "term_code": null,
   "source_url": "https://www.fis.dowjones.com/article.aspx?ProductIDFromApplication=32\u0026aid=DJFVW00020100923e69o000ul\u0026r=Rss\u0026s=DJFVW",
   "source_description": "ConnectEDU Buys Academic Management Systems",
   "acquired_year": 2010,
   "acquired_month": 9,
   "acquired_day": 24,
   "acquiring_company":
    {"name": "ConnectEdu",
     "permalink": "connectedu"}},
 "acquisitions":
  [],
 "offices":
  [{"description": "",
    "address1": "1576 Sweet Home Road",
    "address2": "",
    "zip_code": "14228",
    "city": "Amherst",
    "state_code": "NY",
    "country_code": "USA",
    "latitude": null,
    "longitude": null}],
 "milestones":
  [],
 "ipo": null,
 "video_embeds":
  [],
 "screenshots":
  [{"available_sizes":
     [[[150,
        79],
       "http://api-images.crunchbase.com/assets/images/resized/0010/5843/105843v1-max-150x150.jpg"],
      [[250,
        132],
       "http://api-images.crunchbase.com/assets/images/resized/0010/5843/105843v1-max-250x250.jpg"],
      [[450,
        239],
       "http://api-images.crunchbase.com/assets/images/resized/0010/5843/105843v1-max-450x450.jpg"]],
    "attribution": null}],
 "external_links":
  [],
 "partners":
  []}
