{"name": "Accelesales",
 "permalink": "accelesales",
 "crunchbase_url": "http://www.crunchbase.com/company/accelesales",
 "homepage_url": "http://www.accelesales.com",
 "blog_url": "",
 "blog_feed_url": "",
 "twitter_username": null,
 "category_code": "advertising",
 "number_of_employees": 10,
 "founded_year": 1999,
 "founded_month": 1,
 "founded_day": 11,
 "deadpooled_year": null,
 "deadpooled_month": null,
 "deadpooled_day": null,
 "deadpooled_url": null,
 "tag_list": "email-marketing, sales-leads, lead-generation, appointment-setting",
 "alias_list": null,
 "email_address": "solutions@accelesales.com",
 "phone_number": "",
 "description": "Online Offline Lead Generation Co.",
 "created_at": "Mon Nov 22 15:13:04 UTC 2010",
 "updated_at": "Wed Sep 19 15:19:34 UTC 2012",
 "overview": "\u003Cp\u003ESince 2001, Accelesales has supported and accelerated sales growth for technology companies and professional organizations all over the U.S. We view ourselves as pioneers in the business development industry through the innovative methodologies and techniques we employ to accelerate the sales of our customers. Check out our coverage on ripoffreport.com! Accelesales specializes in supporting sales growth for b2b companies who rely on sales forces to move their products and services. Our people, processes and systems are uniquely designed for sales force environments that need sales appointment generation, lead generation, sales support and email marketing services.\u003C/p\u003E\n\n\u003Cp\u003EOur Experience Says it All\n\u00e2\u20ac\u00a2 Extensive Fortune 500 and emerging industry client base\n\u00e2\u20ac\u00a2 Satisfaction and high renewal rate of clients\n\u00e2\u20ac\u00a2 Implementation of hundreds of sales \u0026amp; e-mail marketing campaigns\n\u00e2\u20ac\u00a2 Award-winning services and growth \u003C/p\u003E",
 "image": null,
 "products":
  [],
 "relationships":
  [{"is_past": true,
    "title": "CEO",
    "person":
     {"first_name": "Luis",
      "last_name": "Martinez",
      "permalink": "luis-martinez"}}],
 "competitions":
  [],
 "providerships":
  [],
 "total_money_raised": "$0",
 "funding_rounds":
  [],
 "investments":
  [],
 "acquisition": null,
 "acquisitions":
  [],
 "offices":
  [],
 "milestones":
  [],
 "ipo": null,
 "video_embeds":
  [],
 "screenshots":
  [],
 "external_links":
  [],
 "partners":
  []}
