{"name": "Accela Communications",
 "permalink": "accela-communications",
 "crunchbase_url": "http://www.crunchbase.com/company/accela-communications",
 "homepage_url": "http://www.accelacommunications.com",
 "blog_url": "",
 "blog_feed_url": "",
 "twitter_username": null,
 "category_code": "public_relations",
 "number_of_employees": null,
 "founded_year": 2000,
 "founded_month": null,
 "founded_day": null,
 "deadpooled_year": null,
 "deadpooled_month": null,
 "deadpooled_day": null,
 "deadpooled_url": null,
 "tag_list": "",
 "alias_list": "",
 "email_address": "",
 "phone_number": "508-303-9700 ",
 "description": "multimedia communications services",
 "created_at": "Tue Dec 21 14:43:13 UTC 2010",
 "updated_at": "Tue Dec 21 14:59:23 UTC 2010",
 "overview": "\u003Cp\u003EAccela Communications, Inc. provides interactive multimedia communications services in Massachusetts. It offers a suite of software platforms and professional services to produce, deliver, and measure interactive video communications in healthcare, information technology, financial services, marketing services, and other business sectors. The company provides AccelaCast, a software platform, which allows companies to create multimedia programs to meet various objectives through customized design, navigation, and data collection options that are then analyzed and reported on through the AccelaWorks system; and AccelaWorks, a Web response management system, which provides online data collection, analytics, and database management for various business functions. It also offers creative direction services, including flash/graphic design, video/audio production, program localization, custom engineering, and audience development; and lead generation and marketing communications solutions. Accela Communications, Inc. was formerly known as ITworld.com and changed its name to Accela Communications, Inc. in 2002. The company was founded in 2000 and is based in Southborough, Massachusetts. As of September 8, 2010, Accela Communications, Inc. operates as a subsidiary of KIT digital, Inc.\u003C/p\u003E",
 "image":
  {"available_sizes":
    [[[111,
       46],
      "http://api-images.crunchbase.com/assets/images/resized/0011/4946/114946v1-max-150x150.png"],
     [[111,
       46],
      "http://api-images.crunchbase.com/assets/images/resized/0011/4946/114946v1-max-250x250.png"],
     [[111,
       46],
      "http://api-images.crunchbase.com/assets/images/resized/0011/4946/114946v1-max-450x450.png"]],
   "attribution": null},
 "products":
  [],
 "relationships":
  [],
 "competitions":
  [],
 "providerships":
  [],
 "total_money_raised": "$0",
 "funding_rounds":
  [],
 "investments":
  [],
 "acquisition":
  {"price_amount": 4700000.0,
   "price_currency_code": "USD",
   "term_code": "cash_and_stock",
   "source_url": "http://www.afribiz.info/content/kit-digital-acquires-accela-communciations-and-megahertz-broadcast",
   "source_description": "KIT Digital Acquires Accela Communciations and Megahertz Broadcast (Press Release)",
   "acquired_year": 2010,
   "acquired_month": 9,
   "acquired_day": 9,
   "acquiring_company":
    {"name": "KIT digital",
     "permalink": "kit-digital"}},
 "acquisitions":
  [],
 "offices":
  [{"description": "HQ",
    "address1": "136 Turnpike Road",
    "address2": "",
    "zip_code": "01772",
    "city": "Southborough",
    "state_code": "MA",
    "country_code": "USA",
    "latitude": null,
    "longitude": null}],
 "milestones":
  [],
 "ipo": null,
 "video_embeds":
  [],
 "screenshots":
  [{"available_sizes":
     [[[150,
        64],
       "http://api-images.crunchbase.com/assets/images/resized/0011/4947/114947v1-max-150x150.jpg"],
      [[250,
        107],
       "http://api-images.crunchbase.com/assets/images/resized/0011/4947/114947v1-max-250x250.jpg"],
      [[450,
        192],
       "http://api-images.crunchbase.com/assets/images/resized/0011/4947/114947v1-max-450x450.jpg"]],
    "attribution": null}],
 "external_links":
  [],
 "partners":
  []}
