{"name": "Access Development",
 "permalink": "access-development",
 "crunchbase_url": "http://www.crunchbase.com/company/access-development",
 "homepage_url": "http://www.accessdevelopment.com",
 "blog_url": "http://blog.accessdevelopment.com",
 "blog_feed_url": "http://blog.accessdevelopment.com/?feed=rss2",
 "twitter_username": "AccessLoyalty",
 "category_code": "ecommerce",
 "number_of_employees": 150,
 "founded_year": 1984,
 "founded_month": null,
 "founded_day": null,
 "deadpooled_year": null,
 "deadpooled_month": null,
 "deadpooled_day": null,
 "deadpooled_url": null,
 "tag_list": "loyalty, rewards, discounts, mobile-coupons, employee-discount-programs, incentives",
 "alias_list": null,
 "email_address": "brandon.carter@accessdevelopment.com",
 "phone_number": "801-656-1460",
 "description": "Loyalty, rewards and engagement programs",
 "created_at": "Fri Dec 24 00:12:09 UTC 2010",
 "updated_at": "Thu Aug 08 09:46:58 UTC 2013",
 "overview": "\u003Cp\u003EAccess Development offers merchant content for loyalty and rewards programs across America. The company\u0026#8217;s network of more than 250,000 discounts and 400 national brand partners is believed to be the largest in the nation. Besides the national partners, Access also works closely with tens of thousands of local merchants as well. The content is offered to over 20 million consumers through partnerships with businesses, employers, membership organizations and retailers. \u003C/p\u003E\n\n\u003Cp\u003EAccess also pioneered a merchant funded cash rewards model that offers consumers direct cash returns from retailers. In 2011, Access rolled out the largest collection of \u0026#8220;show your phone\u0026#8221; discounts in the nation, with over 90,000 searchable deals that can be redeemed simply by showing the device at the point of sale. \u003C/p\u003E",
 "image":
  {"available_sizes":
    [[[150,
       133],
      "http://api-images.crunchbase.com/assets/images/resized/0011/5262/115262v2-max-150x150.png"],
     [[250,
       222],
      "http://api-images.crunchbase.com/assets/images/resized/0011/5262/115262v2-max-250x250.png"],
     [[337,
       300],
      "http://api-images.crunchbase.com/assets/images/resized/0011/5262/115262v2-max-450x450.png"]],
   "attribution": null},
 "products":
  [],
 "relationships":
  [{"is_past": true,
    "title": "Contractor",
    "person":
     {"first_name": "Scott",
      "last_name": "McCarty",
      "permalink": "scott-mccarty"}}],
 "competitions":
  [{"competitor":
     {"name": "Next Jump",
      "permalink": "next-jump"}},
   {"competitor":
     {"name": "Cartera Commerce",
      "permalink": "mall-networks"}}],
 "providerships":
  [],
 "total_money_raised": "$0",
 "funding_rounds":
  [],
 "investments":
  [],
 "acquisition": null,
 "acquisitions":
  [],
 "offices":
  [{"description": "Headquarters",
    "address1": "1012 W. Beardsley Pl",
    "address2": "",
    "zip_code": "84119",
    "city": "Salt Lake City",
    "state_code": "UT",
    "country_code": "USA",
    "latitude": null,
    "longitude": null}],
 "milestones":
  [],
 "ipo": null,
 "video_embeds":
  [{"embed_code": "\u003Cscript type=\"text/javascript\" src=\"http://finovate.com/player/?width=930\u0026height=569\u0026video=%2Fspring12vid%2Fvideos%2FAccessDevelopment.mov\"\u003E\u003C/script\u003E\u003Cnoscript\u003EThe video cannot be loaded as your browser does not support JavaScript.\u003C/noscript\u003E ",
    "description": "\u003Cp\u003EAccess Development demoing at \u003Ca href=\"http://www.finovate.com/spring12vid/accessdevelopment.html\" title=\"FinovateSpring 2012\" rel=\"nofollow\"\u003EFinovateSpring 2012\u003C/a\u003E\u003C/p\u003E"}],
 "screenshots":
  [],
 "external_links":
  [],
 "partners":
  []}
