{"name": "Accela",
 "permalink": "accela",
 "crunchbase_url": "http://www.crunchbase.com/company/accela",
 "homepage_url": "http://www.accela.com",
 "blog_url": "",
 "blog_feed_url": "http://www.accela.com/company/news",
 "twitter_username": "AccelaSoftware",
 "category_code": "software",
 "number_of_employees": null,
 "founded_year": 1999,
 "founded_month": null,
 "founded_day": null,
 "deadpooled_year": null,
 "deadpooled_month": null,
 "deadpooled_day": null,
 "deadpooled_url": null,
 "tag_list": null,
 "alias_list": "",
 "email_address": "info@accela.com",
 "phone_number": "(925) 659-3200",
 "description": "software solutions",
 "created_at": "Wed Oct 27 20:26:24 UTC 2010",
 "updated_at": "Thu Oct 17 03:39:31 UTC 2013",
 "overview": "\u003Cp\u003EAccela, Inc. provides enterprise software solutions to federal, state, and local government agencies in the United States and internationally. The company offers Accela Automation, a Web-based government automation software suite that empowers government agencies to unify its departments to automate workflow, track information, and manage data for asset management, emergency response, permitting, planning, licensing, public health, and public works.\u003C/p\u003E\n\n\u003Cp\u003EThe company was founded in 1999 and is headquartered in San Ramon, California with additional offices in Beijing, China; Abu Dhabi, the United Arab Emirates; and Melbourne, Australia.\u003C/p\u003E",
 "image":
  {"available_sizes":
    [[[150,
       43],
      "http://api-images.crunchbase.com/assets/images/resized/0011/8373/118373v1-max-150x150.png"],
     [[160,
       46],
      "http://api-images.crunchbase.com/assets/images/resized/0011/8373/118373v1-max-250x250.png"],
     [[160,
       46],
      "http://api-images.crunchbase.com/assets/images/resized/0011/8373/118373v1-max-450x450.png"]],
   "attribution": null},
 "products":
  [],
 "relationships":
  [{"is_past": false,
    "title": "Executive Board Chairman",
    "person":
     {"first_name": "Robert",
      "last_name": "Ausherman",
      "permalink": "robert-ausherman"}},
   {"is_past": false,
    "title": "CTO",
    "person":
     {"first_name": "Jerald",
      "last_name": "Lo",
      "permalink": "jerald-lo"}},
   {"is_past": false,
    "title": "President and Chief Executive Officer",
    "person":
     {"first_name": "Maury",
      "last_name": "Blackman",
      "permalink": "maury-blackman"}},
   {"is_past": false,
    "title": "Vice President of Marketing",
    "person":
     {"first_name": "Jeff",
      "last_name": "Stiles",
      "permalink": "jeff-stiles"}},
   {"is_past": false,
    "title": "SVP Services",
    "person":
     {"first_name": "Lee",
      "last_name": "Ann Slinkard",
      "permalink": "lee-ann-slinkard"}},
   {"is_past": false,
    "title": "CFO",
    "person":
     {"first_name": "Prakash",
      "last_name": "Bhaskaran",
      "permalink": "prakash-bhaskaran"}},
   {"is_past": false,
    "title": "Vice President of Sales, North America",
    "person":
     {"first_name": "Rob",
      "last_name": "Cassetti",
      "permalink": "rob-cassetti"}},
   {"is_past": false,
    "title": "Managing Director, Accela South Pacific Pty Ltd",
    "person":
     {"first_name": "Mark",
      "last_name": "Watts",
      "permalink": "mark-watts"}},
   {"is_past": false,
    "title": "Board Member",
    "person":
     {"first_name": "George",
      "last_name": "Ariyoshi",
      "permalink": "george-ariyoshi"}},
   {"is_past": false,
    "title": "Board Member",
    "person":
     {"first_name": "Carolyn",
      "last_name": "M. Maduza",
      "permalink": "carolyn-m-maduza"}},
   {"is_past": false,
    "title": "Chief Operating Officer",
    "person":
     {"first_name": "Jeffrey",
      "last_name": "C. Tung",
      "permalink": "jeffrey-c-tung"}},
   {"is_past": false,
    "title": "Managing Director, Accela Middle East \u0026 North Africa",
    "person":
     {"first_name": "Khaled",
      "last_name": "Jaouni",
      "permalink": "khaled-jaouni"}},
   {"is_past": false,
    "title": "Board Member",
    "person":
     {"first_name": "Wai-Yan",
      "last_name": "Sandy Chau",
      "permalink": "wai-yan-sandy-chau"}},
   {"is_past": false,
    "title": "Board Member",
    "person":
     {"first_name": "Dr.",
      "last_name": "Robert P. Lee",
      "permalink": "dr-robert-p-lee"}},
   {"is_past": false,
    "title": "Board Member",
    "person":
     {"first_name": "David",
      "last_name": "Tsang",
      "permalink": "david-tsang"}},
   {"is_past": true,
    "title": "Senior Vice President of Sales",
    "person":
     {"first_name": "Michael",
      "last_name": "Harrison",
      "permalink": "michael-harrison-2"}},
   {"is_past": true,
    "title": "Head of Business Development",
    "person":
     {"first_name": "Dave",
      "last_name": "Micalizzi",
      "permalink": "dave-micalizzi"}}],
 "competitions":
  [],
 "providerships":
  [],
 "total_money_raised": "$50M",
 "funding_rounds":
  [{"id": 42972,
    "round_code": "unattributed",
    "source_url": "http://www.finsmes.com/2013/10/accela-closes-40m-funding.html",
    "source_description": " \tAccela Closes $40M in Funding",
    "raised_amount": 40000000.0,
    "raised_currency_code": "USD",
    "funded_year": 2013,
    "funded_month": 10,
    "funded_day": 16,
    "investments":
     [{"company": null,
       "financial_org":
        {"name": "Bregal Sagemount",
         "permalink": "bregal-sagemount"},
       "person": null}]},
   {"id": 52050,
    "round_code": "unattributed",
    "source_url": "http://venturebeat.com/2013/10/16/govtech-startup-accela-raises-40m/",
    "source_description": "Accela raises $40 million to put government in the cloud",
    "raised_amount": 10000000.0,
    "raised_currency_code": "USD",
    "funded_year": 2012,
    "funded_month": null,
    "funded_day": null,
    "investments":
     []}],
 "investments":
  [],
 "acquisition": null,
 "acquisitions":
  [],
 "offices":
  [{"description": "HQ",
    "address1": "2633 Camino Ramon",
    "address2": "Suite 120",
    "zip_code": "94583",
    "city": "San Ramon",
    "state_code": "CA",
    "country_code": "USA",
    "latitude": null,
    "longitude": null}],
 "milestones":
  [],
 "ipo": null,
 "video_embeds":
  [],
 "screenshots":
  [{"available_sizes":
     [[[150,
        130],
       "http://api-images.crunchbase.com/assets/images/resized/0011/8374/118374v1-max-150x150.jpg"],
      [[250,
        217],
       "http://api-images.crunchbase.com/assets/images/resized/0011/8374/118374v1-max-250x250.jpg"],
      [[450,
        391],
       "http://api-images.crunchbase.com/assets/images/resized/0011/8374/118374v1-max-450x450.jpg"]],
    "attribution": null}],
 "external_links":
  [],
 "partners":
  []}
