{"name": "Accelsor",
 "permalink": "accelsor",
 "crunchbase_url": "http://www.crunchbase.com/company/accelsor",
 "homepage_url": "http://Accelsor.com",
 "blog_url": "",
 "blog_feed_url": "",
 "twitter_username": "Accelsor",
 "category_code": "web",
 "number_of_employees": 2,
 "founded_year": 2010,
 "founded_month": 8,
 "founded_day": 8,
 "deadpooled_year": null,
 "deadpooled_month": null,
 "deadpooled_day": null,
 "deadpooled_url": null,
 "tag_list": "website-design, website-creation, web-app",
 "alias_list": null,
 "email_address": "hi@accelsor.com",
 "phone_number": "",
 "description": "Rapid custom website creation.",
 "created_at": "Wed Sep 15 06:21:00 UTC 2010",
 "updated_at": "Mon Jul 29 02:45:22 UTC 2013",
 "overview": "\u003Cp\u003EAccelsor is a dynamic realtime content creation and design suite. Through an innovative buttonless interface  Accelsor enables anyone to rapidly construct layouts and develop production quality websites by interacting with their content and design in real time.\u003C/p\u003E\n\n\u003Cp\u003EAccelsor utilizes a natural keyboard interface to provide full functionality and the ability to adeptly manipulate websites without the use of buttons or menus. This progressive approach allows you to become one with the design process, giving you the same pixel perfect precision and exact control over every aspect of your design.\u003C/p\u003E",
 "image":
  {"available_sizes":
    [[[144,
       150],
      "http://api-images.crunchbase.com/assets/images/resized/0010/1787/101787v2-max-150x150.png"],
     [[241,
       250],
      "http://api-images.crunchbase.com/assets/images/resized/0010/1787/101787v2-max-250x250.png"],
     [[433,
       450],
      "http://api-images.crunchbase.com/assets/images/resized/0010/1787/101787v2-max-450x450.png"]],
   "attribution": null},
 "products":
  [],
 "relationships":
  [{"is_past": false,
    "title": "Founder / Lead Developer",
    "person":
     {"first_name": "Mark",
      "last_name": "Nadal",
      "permalink": "mark-nadal"}},
   {"is_past": false,
    "title": "Co-Founder / Marketing Director",
    "person":
     {"first_name": "Hunter",
      "last_name": "Owens",
      "permalink": "hunter-owens"}},
   {"is_past": true,
    "title": "CTO",
    "person":
     {"first_name": "Preston",
      "last_name": "Badeer",
      "permalink": "preston-badeer"}}],
 "competitions":
  [{"competitor":
     {"name": "Squarespace",
      "permalink": "squarespace"}},
   {"competitor":
     {"name": "Weebly",
      "permalink": "weebly"}}],
 "providerships":
  [],
 "total_money_raised": "$0",
 "funding_rounds":
  [],
 "investments":
  [],
 "acquisition": null,
 "acquisitions":
  [],
 "offices":
  [{"description": "",
    "address1": "",
    "address2": "",
    "zip_code": "",
    "city": "Los Angeles",
    "state_code": "CA",
    "country_code": "USA",
    "latitude": null,
    "longitude": null}],
 "milestones":
  [],
 "ipo": null,
 "video_embeds":
  [{"embed_code": "\u003Ciframe src=\"http://player.vimeo.com/video/60711799?title=0\u0026amp;byline=0\u0026amp;portrait=0\" width=\"450\" height=\"253\" frameborder=\"0\" webkitAllowFullScreen mozallowfullscreen allowFullScreen\u003E\u003C/iframe\u003E",
    "description": "\u003Cp\u003EAbout Accelsor.\u003C/p\u003E"}],
 "screenshots":
  [],
 "external_links":
  [],
 "partners":
  []}
