{"name": "Access Glass",
 "permalink": "access-glass",
 "crunchbase_url": "http://www.crunchbase.com/company/access-glass",
 "homepage_url": "http://www.accessglassinc.com",
 "blog_url": "",
 "blog_feed_url": "",
 "twitter_username": null,
 "category_code": "other",
 "number_of_employees": 90,
 "founded_year": null,
 "founded_month": null,
 "founded_day": null,
 "deadpooled_year": null,
 "deadpooled_month": null,
 "deadpooled_day": null,
 "deadpooled_url": null,
 "tag_list": "custom-glass-cutting, glass-awnings-toronto, commercial-glass-doors, glass-railing, glass-banister, glass-table-tops, glass-bases, glass-service, corporate-glass, glass-office-doors, glass-top-tables, glass-tables-canada",
 "alias_list": null,
 "email_address": "accessglasssolutions@gmail.com",
 "phone_number": "416-989-4929",
 "description": "Custom Glass Solutions Canada",
 "created_at": "Mon Jan 17 10:23:29 UTC 2011",
 "updated_at": "Tue Jan 25 03:39:44 UTC 2011",
 "overview": "\u003Cp\u003EAccess Glass is a good home improvement solution which make our dream home requirements come true.Quality products from access glass can really meet with our requirements.Their mirrors are carved out of  custom cut glasses and machine polished to create the perfect look.they are available in different variety of colors to provide you with the best look required.\u003C/p\u003E",
 "image":
  {"available_sizes":
    [[[150,
       38],
      "http://api-images.crunchbase.com/assets/images/resized/0011/7611/117611v2-max-150x150.png"],
     [[250,
       64],
      "http://api-images.crunchbase.com/assets/images/resized/0011/7611/117611v2-max-250x250.png"],
     [[351,
       91],
      "http://api-images.crunchbase.com/assets/images/resized/0011/7611/117611v2-max-450x450.png"]],
   "attribution": null},
 "products":
  [],
 "relationships":
  [],
 "competitions":
  [],
 "providerships":
  [],
 "total_money_raised": "$0",
 "funding_rounds":
  [],
 "investments":
  [],
 "acquisition": null,
 "acquisitions":
  [],
 "offices":
  [],
 "milestones":
  [],
 "ipo": null,
 "video_embeds":
  [],
 "screenshots":
  [],
 "external_links":
  [],
 "partners":
  []}
