{"name": "ACCESS DESIRES",
 "permalink": "access-desires",
 "crunchbase_url": "http://www.crunchbase.com/company/access-desires",
 "homepage_url": "http://www.accessdesires.com",
 "blog_url": "http://www.accessdesires.com",
 "blog_feed_url": "",
 "twitter_username": "accessdesires",
 "category_code": "advertising",
 "number_of_employees": 10,
 "founded_year": 2010,
 "founded_month": 1,
 "founded_day": 1,
 "deadpooled_year": null,
 "deadpooled_month": null,
 "deadpooled_day": null,
 "deadpooled_url": null,
 "tag_list": "website-design, seo, graphic-design, photography",
 "alias_list": null,
 "email_address": "sales@accessdesires.com",
 "phone_number": "",
 "description": "Interactive and Digital Marketing Agency",
 "created_at": "Thu Sep 23 10:56:10 UTC 2010",
 "updated_at": "Tue May 28 15:14:37 UTC 2013",
 "overview": "\u003Cp\u003EAccessdesires is a boutique singapore creative design studio specializing in graphic, website design and development, visual identity, photography. \nOur company develops smart, creative and practical B2B and B2C marketing communications including websites design, print collateral, advertising, packaging, corporate identity, logo design. In addition, access desires provides strategies for web hosting, PHP web application development, web marketing(SEO), e-commerce blogs and social media marketing. Our clients include companies in Singapore, Malaysia, China.\u003C/p\u003E",
 "image":
  {"available_sizes":
    [[[150,
       32],
      "http://api-images.crunchbase.com/assets/images/resized/0010/2797/102797v3-max-150x150.png"],
     [[250,
       54],
      "http://api-images.crunchbase.com/assets/images/resized/0010/2797/102797v3-max-250x250.png"],
     [[337,
       74],
      "http://api-images.crunchbase.com/assets/images/resized/0010/2797/102797v3-max-450x450.png"]],
   "attribution": null},
 "products":
  [],
 "relationships":
  [],
 "competitions":
  [],
 "providerships":
  [],
 "total_money_raised": "$0",
 "funding_rounds":
  [],
 "investments":
  [],
 "acquisition": null,
 "acquisitions":
  [],
 "offices":
  [{"description": "",
    "address1": "16 Kallang Place",
    "address2": "",
    "zip_code": "339156",
    "city": "Kallang Basin",
    "state_code": "SD",
    "country_code": "SGP",
    "latitude": null,
    "longitude": null}],
 "milestones":
  [],
 "ipo": null,
 "video_embeds":
  [],
 "screenshots":
  [],
 "external_links":
  [{"external_url": "http://www.accessdesires.com/visual_identity.php",
    "title": "visual_identity"},
   {"external_url": "http://www.accessdesires.com/stationery_design.php",
    "title": "stationery_design"},
   {"external_url": "http://www.accessdesires.com/web_design.php",
    "title": "web_design"},
   {"external_url": "http://www.accessdesires.com/hosting_domain.php",
    "title": "hosting_domain"},
   {"external_url": "http://www.accessdesires.com/web_marketing.php",
    "title": "web_marketing"},
   {"external_url": "http://www.accessdesires.com/packaging.php",
    "title": "packaging"},
   {"external_url": "http://www.accessdesires.com/photography.php",
    "title": "photography"}],
 "partners":
  []}
