{"name": "Access Hosting",
 "permalink": "access-hosting",
 "crunchbase_url": "http://www.crunchbase.com/company/access-hosting",
 "homepage_url": "http://www.accesshosting.com",
 "blog_url": "http://blog.accesshosting.com",
 "blog_feed_url": "http://feeds.feedburner.com/accesshosting",
 "twitter_username": "accesshosting",
 "category_code": "network_hosting",
 "number_of_employees": 5,
 "founded_year": 2010,
 "founded_month": 1,
 "founded_day": 1,
 "deadpooled_year": null,
 "deadpooled_month": null,
 "deadpooled_day": null,
 "deadpooled_url": null,
 "tag_list": "microsoft, access, sharepoint, sharepoint-2010, access-2010, sharepoint-hosting",
 "alias_list": null,
 "email_address": "salessupport@accesshosting.com",
 "phone_number": "(302)468-7475",
 "description": "Access Web Services Hosting",
 "created_at": "Sun Oct 10 15:28:07 UTC 2010",
 "updated_at": "Tue Oct 12 19:21:49 UTC 2010",
 "overview": "\u003Cp\u003EAccess Hosting is the Only provider of Access 2010 Hosting services.\u003C/p\u003E\n\n\u003Cp\u003EMicrosoft Access Services 2010 Hosting amplifies the power of your data - by making it easier to track, report, and share with others. Access Hosting can be a more powerful alternative to less affordable web database solutions like Intuit QuickBase. Our Access Services Hosting simplifies the process of creating and collaborating on team databases.\u003C/p\u003E",
 "image": null,
 "products":
  [],
 "relationships":
  [],
 "competitions":
  [],
 "providerships":
  [],
 "total_money_raised": "$0",
 "funding_rounds":
  [],
 "investments":
  [],
 "acquisition": null,
 "acquisitions":
  [],
 "offices":
  [],
 "milestones":
  [],
 "ipo": null,
 "video_embeds":
  [],
 "screenshots":
  [{"available_sizes":
     [[[150,
        92],
       "http://api-images.crunchbase.com/assets/images/resized/0010/4989/104989v2-max-150x150.png"],
      [[250,
        153],
       "http://api-images.crunchbase.com/assets/images/resized/0010/4989/104989v2-max-250x250.png"],
      [[450,
        276],
       "http://api-images.crunchbase.com/assets/images/resized/0010/4989/104989v2-max-450x450.png"]],
    "attribution": null}],
 "external_links":
  [{"external_url": "http://blogs.msdn.com/b/access/archive/2010/01/04/free-access-services-hosting-trial-for-early-adopters.aspx",
    "title": "MSDN announcement"},
   {"external_url": "http://blogs.msdn.com/b/access/archive/2010/06/01/accesshosting-com-launches-developer-sandbox.aspx",
    "title": "Developer Sandbox Coverage"},
   {"external_url": "http://blogs.msdn.com/b/access/archive/2010/10/08/video-introduction-to-hybrid-web-applications.aspx",
    "title": "Hybird Application Video featured by Microsoft"}],
 "partners":
  []}
