{"name": "AccountantsWorld",
 "permalink": "accountantsworld",
 "crunchbase_url": "http://www.crunchbase.com/company/accountantsworld",
 "homepage_url": "http://www.accountantsworld.com",
 "blog_url": "http://community.accountantsworld.com/",
 "blog_feed_url": "http://community.accountantsworld.com/home/rss.xml",
 "twitter_username": "powerpractice",
 "category_code": "software",
 "number_of_employees": null,
 "founded_year": 1983,
 "founded_month": null,
 "founded_day": null,
 "deadpooled_year": null,
 "deadpooled_month": null,
 "deadpooled_day": null,
 "deadpooled_url": null,
 "tag_list": null,
 "alias_list": "Micro Vision Software",
 "email_address": "",
 "phone_number": "888-999-1366",
 "description": "software solutions",
 "created_at": "Thu Dec 09 18:05:48 UTC 2010",
 "updated_at": "Fri Jan 21 10:18:16 UTC 2011",
 "overview": "\u003Cp\u003EAccountants World, LLC provides software and solutions for accountants. It offers Accounting Relief for write-up, trial balance, and financial reporting; Payroll Relief for payroll services; Accountant\u0026#8217;s Practice Online for online services, such as document management and practice management; After-the-Fact Payroll for processing and printing forms; directory listing software; and Sales Tax Online for preparation of sales tax returns online. The company also provides Web-based training and continuing professional education seminars covering practice development, new developments in technology, and the critical issues that impact daily practice.\u003C/p\u003E\n\n\u003Cp\u003EThe company was formerly known as Micro Vision Software. Accountants World, LLC was founded in 1983 and is based in Hauppauge, New York.\u003C/p\u003E",
 "image":
  {"available_sizes":
    [[[150,
       34],
      "http://api-images.crunchbase.com/assets/images/resized/0011/8375/118375v1-max-150x150.png"],
     [[250,
       56],
      "http://api-images.crunchbase.com/assets/images/resized/0011/8375/118375v1-max-250x250.png"],
     [[308,
       70],
      "http://api-images.crunchbase.com/assets/images/resized/0011/8375/118375v1-max-450x450.png"]],
   "attribution": null},
 "products":
  [],
 "relationships":
  [{"is_past": false,
    "title": "Vice President, Marketing",
    "person":
     {"first_name": "Div",
      "last_name": "Bhansali",
      "permalink": "div-bhansali"}}],
 "competitions":
  [],
 "providerships":
  [],
 "total_money_raised": "$0",
 "funding_rounds":
  [],
 "investments":
  [],
 "acquisition": null,
 "acquisitions":
  [],
 "offices":
  [{"description": "HQ",
    "address1": "140 Fell Court",
    "address2": "",
    "zip_code": "11788",
    "city": "Hauppauge",
    "state_code": "NY",
    "country_code": "USA",
    "latitude": null,
    "longitude": null}],
 "milestones":
  [],
 "ipo": null,
 "video_embeds":
  [],
 "screenshots":
  [{"available_sizes":
     [[[150,
        111],
       "http://api-images.crunchbase.com/assets/images/resized/0011/8376/118376v1-max-150x150.jpg"],
      [[250,
        185],
       "http://api-images.crunchbase.com/assets/images/resized/0011/8376/118376v1-max-250x250.jpg"],
      [[450,
        334],
       "http://api-images.crunchbase.com/assets/images/resized/0011/8376/118376v1-max-450x450.jpg"]],
    "attribution": null}],
 "external_links":
  [],
 "partners":
  []}
