{"name": "ACE Portal",
 "permalink": "ace-portal",
 "crunchbase_url": "http://www.crunchbase.com/company/ace-portal",
 "homepage_url": "http://www.ACEportal.com",
 "blog_url": "",
 "blog_feed_url": "",
 "twitter_username": "ACEportal",
 "category_code": "finance",
 "number_of_employees": 8,
 "founded_year": 2010,
 "founded_month": null,
 "founded_day": null,
 "deadpooled_year": null,
 "deadpooled_month": null,
 "deadpooled_day": null,
 "deadpooled_url": null,
 "tag_list": "private-placements, fundraising, capital-formation, primary-issuance, pipes, placement-agent, securities, marketplace, investors",
 "alias_list": "",
 "email_address": "info@ACEportal.com",
 "phone_number": "212.284.7676",
 "description": "Online private placement platform",
 "created_at": "Wed Jan 05 18:59:26 UTC 2011",
 "updated_at": "Thu Jan 16 02:06:02 UTC 2014",
 "overview": "\u003Cp\u003EACE Portal, Inc. provides a technology platform on which broker-dealers can post new issuances of private securities. \u003C/p\u003E\n\n\u003Cp\u003EThrough its secure portal (www.aceportal.com), the Company enables Qualified Institutional Buyers, family offices and other accredited investors to identify investment opportunities,  including private placements of company debt and equity, as well as alternative investments in private equity, hedge funds and venture capital funds.  \u003C/p\u003E\n\n\u003Cp\u003EACE provides an unparalleled level of transparency and market efficiency to the private placement process. The Company is managed by a team of highly experienced Wall Street professionals.\u003C/p\u003E",
 "image":
  {"available_sizes":
    [[[150,
       74],
      "http://api-images.crunchbase.com/assets/images/resized/0011/6291/116291v2-max-150x150.jpg"],
     [[250,
       124],
      "http://api-images.crunchbase.com/assets/images/resized/0011/6291/116291v2-max-250x250.jpg"],
     [[450,
       223],
      "http://api-images.crunchbase.com/assets/images/resized/0011/6291/116291v2-max-450x450.jpg"]],
   "attribution": null},
 "products":
  [],
 "relationships":
  [{"is_past": false,
    "title": "Co-Founder",
    "person":
     {"first_name": "Brendan",
      "last_name": "Cahill",
      "permalink": "brendan-cahill"}},
   {"is_past": false,
    "title": "Co-Founder and CEO",
    "person":
     {"first_name": "Peter",
      "last_name": "Williams",
      "permalink": "peter-wiliams"}},
   {"is_past": false,
    "title": "CFO",
    "person":
     {"first_name": "Carl",
      "last_name": "Torrillo",
      "permalink": "carl-torrillo"}},
   {"is_past": false,
    "title": "VP, Corporate Development",
    "person":
     {"first_name": "Jeremy",
      "last_name": "Baksht",
      "permalink": "jeremy-baksht"}},
   {"is_past": false,
    "title": "Media and Communications Director",
    "person":
     {"first_name": "Alex",
      "last_name": "Matjanec",
      "permalink": "alex-matjanec"}},
   {"is_past": false,
    "title": "Creative Development Director",
    "person":
     {"first_name": "Tadas",
      "last_name": "J. Nikulin",
      "permalink": "tadas-j-nikulin"}},
   {"is_past": false,
    "title": "Advisor",
    "person":
     {"first_name": "Dave",
      "last_name": "Bieler",
      "permalink": "dave-bieler"}},
   {"is_past": false,
    "title": "Creative Director",
    "person":
     {"first_name": "Tadas",
      "last_name": "J. Nikulin",
      "permalink": "tadas-j-nikulin"}},
   {"is_past": false,
    "title": "",
    "person":
     {"first_name": "Victor",
      "last_name": "Sowers",
      "permalink": "victor-sowers"}},
   {"is_past": false,
    "title": "Technical Development Director",
    "person":
     {"first_name": "Jason",
      "last_name": "Reposa",
      "permalink": "j-reposa"}},
   {"is_past": false,
    "title": "COO",
    "person":
     {"first_name": "Richard",
      "last_name": "Pistilli",
      "permalink": "richard-pistilli"}},
   {"is_past": false,
    "title": "Advisor",
    "person":
     {"first_name": "Charles",
      "last_name": "Calomiris",
      "permalink": "charles-calomiris"}},
   {"is_past": false,
    "title": "General Counsel",
    "person":
     {"first_name": "Jason",
      "last_name": "Behrens",
      "permalink": "jason-behrens"}}],
 "competitions":
  [],
 "providerships":
  [],
 "total_money_raised": "$75k",
 "funding_rounds":
  [{"id": 55221,
    "round_code": "partial",
    "source_url": "http://www.sec.gov/Archives/edgar/data/1516296/000151629611000001/xslFormDX01/primary_doc.xml",
    "source_description": "SEC",
    "raised_amount": 75000.0,
    "raised_currency_code": "USD",
    "funded_year": 2011,
    "funded_month": 4,
    "funded_day": 1,
    "investments":
     []}],
 "investments":
  [],
 "acquisition": null,
 "acquisitions":
  [],
 "offices":
  [{"description": "Headquarters",
    "address1": "711 Third Avenue",
    "address2": "",
    "zip_code": "10017",
    "city": "New York",
    "state_code": "NY",
    "country_code": "USA",
    "latitude": null,
    "longitude": null}],
 "milestones":
  [],
 "ipo": null,
 "video_embeds":
  [{"embed_code": "\u003Cscript type=\"text/javascript\" src=\"http://finovate.com/player/?width=930\u0026height=569\u0026video=%2Ffall10vid%2Fhdvideos%2FAceHD.mov\"\u003E\u003C/script\u003E\u003Cnoscript\u003EThe video cannot be loaded as your browser does not support JavaScript.\u003C/noscript\u003E ",
    "description": "\u003Cp\u003EACE Group demoing at \u003Ca href=\"http://www.finovate.com/fall10vid/ace.html\" title=\"FinovateFall 2010\" rel=\"nofollow\"\u003EFinovateFall 2010\u003C/a\u003E\u003C/p\u003E"}],
 "screenshots":
  [{"available_sizes":
     [[[150,
        93],
       "http://api-images.crunchbase.com/assets/images/resized/0012/9255/129255v2-max-150x150.png"],
      [[250,
        155],
       "http://api-images.crunchbase.com/assets/images/resized/0012/9255/129255v2-max-250x250.png"],
      [[450,
        280],
       "http://api-images.crunchbase.com/assets/images/resized/0012/9255/129255v2-max-450x450.png"]],
    "attribution": null}],
 "external_links":
  [{"external_url": "http://www.investmentnews.com/article/20121216/REG/121219941",
    "title": "InvestmentNews Power 20 2013"},
   {"external_url": "http://www.investmentnews.com/article/20130106/REG/301069980",
    "title": "InvestmentNews Company Profile"},
   {"external_url": "http://businessrockstars.com/br/2013/04/business-rockstars-ep224-tues-430/",
    "title": "Business Rockstars"},
   {"external_url": "http://news.abi.org/podcasts/132-exploring-new-methods-for-companies-to-raise-capital",
    "title": "American Bankruptcy Institute"},
   {"external_url": "http://www.milkeninstitute.org/events/gcprogram.taf?function=detail\u0026EvID=4203\u0026eventid=GC13",
    "title": "Milken Institute"}],
 "partners":
  []}
