{"name": "Aceva Technologies",
 "permalink": "aceva-technologies",
 "crunchbase_url": "http://www.crunchbase.com/company/aceva-technologies",
 "homepage_url": null,
 "blog_url": "",
 "blog_feed_url": "",
 "twitter_username": null,
 "category_code": "enterprise",
 "number_of_employees": null,
 "founded_year": 1999,
 "founded_month": null,
 "founded_day": null,
 "deadpooled_year": null,
 "deadpooled_month": null,
 "deadpooled_day": null,
 "deadpooled_url": null,
 "tag_list": "",
 "alias_list": "InPurchase",
 "email_address": "",
 "phone_number": "650-227-5500",
 "description": "enterprise application software",
 "created_at": "Wed Oct 13 09:00:38 UTC 2010",
 "updated_at": "Wed Oct 13 09:09:16 UTC 2010",
 "overview": "\u003Cp\u003EAs of February 14, 2007, Aceva Technologies, Inc. was acquired by SunGard Data Systems, Inc. Aceva Technologies, Inc. provides enterprise application software solutions for revenue and receivables management. The company offers a suite of enterprise application software solutions, including business analytics dashboard, transaction reconciliation, and collections management solutions for credit management, order quality, dispute prevention, inventory transaction reconciliation, deductions management, collections management, electronic invoice presentment and payment, and cash forecasting. It also provides value assessment, implementation, and support services. \u003C/p\u003E\n\n\u003Cp\u003EAceva Technologies, Inc. was formerly known as InPurchase, Inc. The company was founded in 1999 and is headquartered in San Mateo, California. Aceva Technologies has additional offices in Seattle, Washington; Dallas, Texas; Chicago, Illinois; Boston, Massachusetts; New York, New York; and Atlanta, Georgia, as well as New Delhi, India.\u003C/p\u003E",
 "image": null,
 "products":
  [],
 "relationships":
  [{"is_past": true,
    "title": "Vice President of Product Management",
    "person":
     {"first_name": "David",
      "last_name": "Pann",
      "permalink": "david-pann"}},
   {"is_past": true,
    "title": "VP, Engineering",
    "person":
     {"first_name": "Anders",
      "last_name": "Wallgren",
      "permalink": "anders-wallgren"}},
   {"is_past": true,
    "title": "Controller",
    "person":
     {"first_name": "Mike",
      "last_name": "Voie",
      "permalink": "mike-voie"}}],
 "competitions":
  [],
 "providerships":
  [],
 "total_money_raised": "$5.28M",
 "funding_rounds":
  [{"id": 19084,
    "round_code": "d",
    "source_url": "",
    "source_description": "EDGAR",
    "raised_amount": 5280000.0,
    "raised_currency_code": "USD",
    "funded_year": 2005,
    "funded_month": 7,
    "funded_day": 21,
    "investments":
     [{"company": null,
       "financial_org":
        {"name": "Sequoia Capital",
         "permalink": "sequoia-capital"},
       "person": null},
      {"company": null,
       "financial_org":
        {"name": "Clearstone Venture Partners",
         "permalink": "clearstone-venture-partners"},
       "person": null},
      {"company": null,
       "financial_org":
        {"name": "Accel Partners",
         "permalink": "accel-partners"},
       "person": null}]}],
 "investments":
  [],
 "acquisition":
  {"price_amount": null,
   "price_currency_code": "USD",
   "term_code": null,
   "source_url": "http://www.sungard.com/pressreleases/2007/avantgard021507.aspx",
   "source_description": "SunGard Acquires Aceva Technologies",
   "acquired_year": 2007,
   "acquired_month": 2,
   "acquired_day": 15,
   "acquiring_company":
    {"name": "SunGard",
     "permalink": "sungard"}},
 "acquisitions":
  [],
 "offices":
  [{"description": "HQ",
    "address1": "1810 Gateway Drive",
    "address2": "Suite 360",
    "zip_code": "94404",
    "city": "San Mateo",
    "state_code": "CA",
    "country_code": "USA",
    "latitude": null,
    "longitude": null}],
 "milestones":
  [],
 "ipo": null,
 "video_embeds":
  [],
 "screenshots":
  [],
 "external_links":
  [],
 "partners":
  []}
