{"name": "ACN Europe, BV",
 "permalink": "acn-europe-bv",
 "crunchbase_url": "http://www.crunchbase.com/company/acn-europe-bv",
 "homepage_url": null,
 "blog_url": null,
 "blog_feed_url": null,
 "twitter_username": null,
 "category_code": null,
 "number_of_employees": null,
 "founded_year": null,
 "founded_month": null,
 "founded_day": null,
 "deadpooled_year": null,
 "deadpooled_month": null,
 "deadpooled_day": null,
 "deadpooled_url": null,
 "tag_list": null,
 "alias_list": null,
 "email_address": null,
 "phone_number": null,
 "description": null,
 "created_at": "Wed Jan 12 15:50:32 UTC 2011",
 "updated_at": "Thu Jan 20 02:55:21 UTC 2011",
 "overview": null,
 "image": null,
 "products":
  [],
 "relationships":
  [{"is_past": true,
    "title": "CEO/Managing Director",
    "person":
     {"first_name": "Michael",
      "last_name": "Tribolet",
      "permalink": "michael-tribolet"}},
   {"is_past": true,
    "title": "Chief Commercial Officer",
    "person":
     {"first_name": "Kerry",
      "last_name": "Ritz",
      "permalink": "kerry-ritz"}}],
 "competitions":
  [],
 "providerships":
  [],
 "total_money_raised": "$0",
 "funding_rounds":
  [],
 "investments":
  [],
 "acquisition": null,
 "acquisitions":
  [],
 "offices":
  [],
 "milestones":
  [],
 "ipo": null,
 "video_embeds":
  [],
 "screenshots":
  [],
 "external_links":
  [],
 "partners":
  []}
