{"name": "Acrobot",
 "permalink": "acrobot",
 "crunchbase_url": "http://www.crunchbase.com/company/acrobot",
 "homepage_url": "http://www.acrobot.co.uk",
 "blog_url": "",
 "blog_feed_url": "",
 "twitter_username": null,
 "category_code": null,
 "number_of_employees": null,
 "founded_year": null,
 "founded_month": null,
 "founded_day": null,
 "deadpooled_year": null,
 "deadpooled_month": null,
 "deadpooled_day": null,
 "deadpooled_url": null,
 "tag_list": "",
 "alias_list": "",
 "email_address": "enquiries@acrobot.co.uk",
 "phone_number": "44-(0)20-8238-6500",
 "description": "",
 "created_at": "Fri Oct 22 12:19:46 UTC 2010",
 "updated_at": "Fri Oct 22 12:23:46 UTC 2010",
 "overview": "\u003Cp\u003EAcrobot provides precision surgical systems for computer-assisted 3D planning, surgical navigation and surgeon-controlled robotic surgery.\u003C/p\u003E",
 "image":
  {"available_sizes":
    [[[150,
       93],
      "http://api-images.crunchbase.com/assets/images/resized/0010/6743/106743v1-max-150x150.jpg"],
     [[182,
       113],
      "http://api-images.crunchbase.com/assets/images/resized/0010/6743/106743v1-max-250x250.jpg"],
     [[182,
       113],
      "http://api-images.crunchbase.com/assets/images/resized/0010/6743/106743v1-max-450x450.jpg"]],
   "attribution": null},
 "products":
  [],
 "relationships":
  [{"is_past": true,
    "title": "Board of Directors",
    "person":
     {"first_name": "Maina",
      "last_name": "Bhaman",
      "permalink": "maina-bhaman"}}],
 "competitions":
  [],
 "providerships":
  [],
 "total_money_raised": "$0",
 "funding_rounds":
  [],
 "investments":
  [],
 "acquisition":
  {"price_amount": null,
   "price_currency_code": "USD",
   "term_code": null,
   "source_url": "https://www.fis.dowjones.com/article.aspx?ProductIDFromApplication=32\u0026aid=DJFVW00020101013e6ae000rt\u0026r=Rss\u0026s=DJFVW",
   "source_description": "UK-Based Stanmore Implants Worldwide Buys Acrobot",
   "acquired_year": 2010,
   "acquired_month": 10,
   "acquired_day": 14,
   "acquiring_company":
    {"name": "Stanmore Implants Worldwide",
     "permalink": "stanmore-implants"}},
 "acquisitions":
  [],
 "offices":
  [{"description": "",
    "address1": "210 Centennial Avenue",
    "address2": "Centennial Park",
    "zip_code": "WD6 3SJ",
    "city": "Elstree",
    "state_code": null,
    "country_code": "GBR",
    "latitude": null,
    "longitude": null}],
 "milestones":
  [],
 "ipo": null,
 "video_embeds":
  [],
 "screenshots":
  [{"available_sizes":
     [[[129,
        150],
       "http://api-images.crunchbase.com/assets/images/resized/0010/6744/106744v1-max-150x150.jpg"],
      [[216,
        250],
       "http://api-images.crunchbase.com/assets/images/resized/0010/6744/106744v1-max-250x250.jpg"],
      [[389,
        450],
       "http://api-images.crunchbase.com/assets/images/resized/0010/6744/106744v1-max-450x450.jpg"]],
    "attribution": null}],
 "external_links":
  [],
 "partners":
  []}
