{"name": "ActiveMedia",
 "permalink": "activemedia",
 "crunchbase_url": "http://www.crunchbase.com/company/activemedia",
 "homepage_url": "http://www.activemedia.ca",
 "blog_url": "",
 "blog_feed_url": "",
 "twitter_username": null,
 "category_code": null,
 "number_of_employees": null,
 "founded_year": 2001,
 "founded_month": null,
 "founded_day": null,
 "deadpooled_year": null,
 "deadpooled_month": null,
 "deadpooled_day": null,
 "deadpooled_url": null,
 "tag_list": "",
 "alias_list": "",
 "email_address": "support@activemedia.qc.ca",
 "phone_number": "514-456-9872",
 "description": "",
 "created_at": "Wed Jan 12 15:40:02 UTC 2011",
 "updated_at": "Wed Jan 12 15:45:43 UTC 2011",
 "overview": "\u003Cp\u003EIn business since 2001, activeMedia has the highest number of Adobe Systems certifications (13) of any company in Canada and has successfully carved out a niche for itself in the state-of-the-art world of SaaS and cloud computing. Today, the company has a noteworthy number of software assets fully covering the business processes of 22 different industries, and its offering includes ERP, CRM, CMS, POS, DMS, WMS, and dashboards which are part of over 700 management modules.\u003C/p\u003E",
 "image":
  {"available_sizes":
    [[[150,
       49],
      "http://api-images.crunchbase.com/assets/images/resized/0011/7026/117026v1-max-150x150.jpg"],
     [[250,
       81],
      "http://api-images.crunchbase.com/assets/images/resized/0011/7026/117026v1-max-250x250.jpg"],
     [[266,
       87],
      "http://api-images.crunchbase.com/assets/images/resized/0011/7026/117026v1-max-450x450.jpg"]],
   "attribution": null},
 "products":
  [],
 "relationships":
  [{"is_past": false,
    "title": "",
    "person":
     {"first_name": "Ramesh",
      "last_name": "Kumar",
      "permalink": "ramesh-kumar-2"}},
   {"is_past": true,
    "title": "Board of Directors",
    "person":
     {"first_name": "Mike",
      "last_name": "Stubler",
      "permalink": "mike-stubler"}}],
 "competitions":
  [],
 "providerships":
  [],
 "total_money_raised": "$0",
 "funding_rounds":
  [],
 "investments":
  [],
 "acquisition":
  {"price_amount": null,
   "price_currency_code": "USD",
   "term_code": null,
   "source_url": "http://www.marketwire.com/press-release/GFI-Solutions-Group-Acquires-ActiveMedia-1348507.htm",
   "source_description": "GFI Solutions Group Acquires ActiveMedia ",
   "acquired_year": 2010,
   "acquired_month": null,
   "acquired_day": null,
   "acquiring_company":
    {"name": "ACCEO Solutions",
     "permalink": "acceo-solutions"}},
 "acquisitions":
  [],
 "offices":
  [{"description": "HQ",
    "address1": "4405 Beaudry",
    "address2": "St-Hyacinthe",
    "zip_code": "J2S 8W2",
    "city": "Quebec",
    "state_code": null,
    "country_code": "CAN",
    "latitude": null,
    "longitude": null}],
 "milestones":
  [],
 "ipo": null,
 "video_embeds":
  [],
 "screenshots":
  [{"available_sizes":
     [[[150,
        103],
       "http://api-images.crunchbase.com/assets/images/resized/0011/7027/117027v1-max-150x150.jpg"],
      [[250,
        172],
       "http://api-images.crunchbase.com/assets/images/resized/0011/7027/117027v1-max-250x250.jpg"],
      [[450,
        309],
       "http://api-images.crunchbase.com/assets/images/resized/0011/7027/117027v1-max-450x450.jpg"]],
    "attribution": null}],
 "external_links":
  [],
 "partners":
  []}
