{"name": "ACTIVETECH",
 "permalink": "activetech",
 "crunchbase_url": "http://www.crunchbase.com/company/activetech",
 "homepage_url": "http://www.activetech.pt",
 "blog_url": "",
 "blog_feed_url": "",
 "twitter_username": null,
 "category_code": "software",
 "number_of_employees": null,
 "founded_year": null,
 "founded_month": null,
 "founded_day": null,
 "deadpooled_year": null,
 "deadpooled_month": null,
 "deadpooled_day": null,
 "deadpooled_url": null,
 "tag_list": "",
 "alias_list": "",
 "email_address": "sales@activetech.pt",
 "phone_number": "244820890",
 "description": "software applications",
 "created_at": "Sun Nov 14 18:17:54 UTC 2010",
 "updated_at": "Tue Apr 12 01:38:08 UTC 2011",
 "overview": "\u003Cp\u003EActiveTech, Inc. is a fast growing Information Technology Firm offering custom software applications for the medium business markets delivering high quality, core business applications, difficult to find in the off the shelf market.\u00c3\u201a  Our service offerings include Custom Software Applications, Website Designing and Redesigning, Website Development, Web Coding/ Programming, Database Development, Web Applications, Content Management system, Web Hosting, Domain Registration, Web Maintenance, Ecommerce Services, Search Engine Optimization, Content Copy Writing and Optimization, Logo Design, Graphical design, , IT Infrastructure Consulting , IT Security Consulting., Virtual assistance and support.  \u003C/p\u003E",
 "image":
  {"available_sizes":
    [[[150,
       32],
      "http://api-images.crunchbase.com/assets/images/resized/0011/8378/118378v1-max-150x150.jpg"],
     [[250,
       53],
      "http://api-images.crunchbase.com/assets/images/resized/0011/8378/118378v1-max-250x250.jpg"],
     [[450,
       97],
      "http://api-images.crunchbase.com/assets/images/resized/0011/8378/118378v1-max-450x450.jpg"]],
   "attribution": null},
 "products":
  [],
 "relationships":
  [{"is_past": false,
    "title": "Managing Partner",
    "person":
     {"first_name": "Jo\u00c3\u00a3o",
      "last_name": "Medina",
      "permalink": "joo-medina"}}],
 "competitions":
  [],
 "providerships":
  [],
 "total_money_raised": "$0",
 "funding_rounds":
  [],
 "investments":
  [],
 "acquisition": null,
 "acquisitions":
  [],
 "offices":
  [],
 "milestones":
  [],
 "ipo": null,
 "video_embeds":
  [],
 "screenshots":
  [{"available_sizes":
     [[[150,
        105],
       "http://api-images.crunchbase.com/assets/images/resized/0011/8380/118380v1-max-150x150.jpg"],
      [[250,
        175],
       "http://api-images.crunchbase.com/assets/images/resized/0011/8380/118380v1-max-250x250.jpg"],
      [[450,
        315],
       "http://api-images.crunchbase.com/assets/images/resized/0011/8380/118380v1-max-450x450.jpg"]],
    "attribution": null}],
 "external_links":
  [],
 "partners":
  []}
