{"name": "Active Voice Corporation",
 "permalink": "active-voice-corporation",
 "crunchbase_url": "http://www.crunchbase.com/company/active-voice-corporation",
 "homepage_url": null,
 "blog_url": "",
 "blog_feed_url": "",
 "twitter_username": null,
 "category_code": "social",
 "number_of_employees": null,
 "founded_year": 1983,
 "founded_month": null,
 "founded_day": null,
 "deadpooled_year": null,
 "deadpooled_month": null,
 "deadpooled_day": null,
 "deadpooled_url": null,
 "tag_list": "social",
 "alias_list": "",
 "email_address": "",
 "phone_number": "",
 "description": "",
 "created_at": "Mon Nov 22 09:19:27 UTC 2010",
 "updated_at": "Thu Mar 27 06:46:47 UTC 2014",
 "overview": "\u003Cp\u003EActive Voice is a social networking voice app with a variety of functions including using voice to send messages and emails, sharing ideas on Twitter and Facebook in the easiest and most natural way: using your voice.\u003C/p\u003E\n\n\u003Cp\u003EVoice recognition support for 23 languages and accents, with a fully support for Chinese. Meanwhile the app can convert your voice with Mandarin, Cantonese, English and Japanese into text.\u003C/p\u003E\n\n\u003Cp\u003EActive Voice is powered by cutting-edge technology in speech recognition that requires a wifi or 3G Internet connection.\nSince it launched on iTunes, the app has got 230,000 downloads in the first month.\u003C/p\u003E",
 "image":
  {"available_sizes":
    [[[150,
       90],
      "http://api-images.crunchbase.com/assets/images/resized/0042/8595/428595v1-max-150x150.png"],
     [[200,
       120],
      "http://api-images.crunchbase.com/assets/images/resized/0042/8595/428595v1-max-250x250.png"],
     [[200,
       120],
      "http://api-images.crunchbase.com/assets/images/resized/0042/8595/428595v1-max-450x450.png"]],
   "attribution": null},
 "products":
  [],
 "relationships":
  [{"is_past": true,
    "title": "Software Architect",
    "person":
     {"first_name": "Niraj B",
      "last_name": "A. Shah",
      "permalink": "niraj-a-shah"}},
   {"is_past": true,
    "title": "Cisco Sales Manager",
    "person":
     {"first_name": "Martin",
      "last_name": "Otterson",
      "permalink": "martin-otterson"}},
   {"is_past": true,
    "title": "QA Intern",
    "person":
     {"first_name": "Jon",
      "last_name": "Sainsbury",
      "permalink": "jon-sainsbury"}},
   {"is_past": true,
    "title": "Writer and Instructional Designer",
    "person":
     {"first_name": "Julie",
      "last_name": "Wittes Schlack",
      "permalink": "julie-wittes-schlack"}}],
 "competitions":
  [],
 "providerships":
  [],
 "total_money_raised": "$0",
 "funding_rounds":
  [{"id": 68070,
    "round_code": "unattributed",
    "source_url": "",
    "source_description": "",
    "raised_amount": null,
    "raised_currency_code": "USD",
    "funded_year": 1990,
    "funded_month": 10,
    "funded_day": 31,
    "investments":
     [{"company": null,
       "financial_org":
        {"name": "Summit Partners",
         "permalink": "summit-partners"},
       "person": null}]}],
 "investments":
  [],
 "acquisition":
  {"price_amount": null,
   "price_currency_code": "USD",
   "term_code": null,
   "source_url": "http://newsroom.cisco.com/dlls/fspnisapi750a.html",
   "source_description": "Cisco Systems to Acquire Active Voice Corporation",
   "acquired_year": 2000,
   "acquired_month": 11,
   "acquired_day": 10,
   "acquiring_company":
    {"name": "Cisco",
     "permalink": "cisco"}},
 "acquisitions":
  [],
 "offices":
  [{"description": "",
    "address1": "2901 Third Avenue Suite 500",
    "address2": "",
    "zip_code": "98121",
    "city": "Seattle",
    "state_code": "WA",
    "country_code": "USA",
    "latitude": null,
    "longitude": null}],
 "milestones":
  [],
 "ipo": null,
 "video_embeds":
  [],
 "screenshots":
  [],
 "external_links":
  [],
 "partners":
  [{"partner_name": "ct_quan",
    "homepage_url": "unknown",
    "link_1_url": null,
    "link_2_url": null,
    "link_3_url": null,
    "link_1_name": null,
    "link_2_name": null,
    "link_3_name": null}]}
