{"name": "Activation PR",
 "permalink": "activation-pr",
 "crunchbase_url": "http://www.crunchbase.com/company/activation-pr",
 "homepage_url": "http://www.activationpr.com/index.html",
 "blog_url": "",
 "blog_feed_url": "",
 "twitter_username": null,
 "category_code": "public_relations",
 "number_of_employees": 8,
 "founded_year": 2010,
 "founded_month": 2,
 "founded_day": 22,
 "deadpooled_year": null,
 "deadpooled_month": null,
 "deadpooled_day": null,
 "deadpooled_url": null,
 "tag_list": "public-relations, media-communications, communication, press-release, journalism, communication-management",
 "alias_list": null,
 "email_address": "info@activationuk.com",
 "phone_number": "+44 8444 500 014",
 "description": "Public Relations and communications",
 "created_at": "Fri Oct 22 14:53:42 UTC 2010",
 "updated_at": "Fri Oct 22 19:12:22 UTC 2010",
 "overview": "\u003Cp\u003EActivation PR is a Public Relations firm specialized in media communications and communication management.\nComposed of a dynamic team of qualified PR consultants, Activation PR uses innovative methods to bring about the desired results. They are currently pioneers in the field of PR management for small and medium-sized businesses by exploring effective strategies requiring fewer resources whilst still maximising results.\u003C/p\u003E",
 "image": null,
 "products":
  [],
 "relationships":
  [{"is_past": false,
    "title": "Founder/Director",
    "person":
     {"first_name": "Daniel",
      "last_name": "Barea",
      "permalink": "daniel-barea"}}],
 "competitions":
  [],
 "providerships":
  [],
 "total_money_raised": "$0",
 "funding_rounds":
  [],
 "investments":
  [],
 "acquisition": null,
 "acquisitions":
  [],
 "offices":
  [],
 "milestones":
  [],
 "ipo": null,
 "video_embeds":
  [],
 "screenshots":
  [],
 "external_links":
  [],
 "partners":
  []}
