{"name": "Actor Gear",
 "permalink": "actor-gear",
 "crunchbase_url": "http://www.crunchbase.com/company/actor-gear",
 "homepage_url": "http://www.actorgear.com",
 "blog_url": "",
 "blog_feed_url": "",
 "twitter_username": null,
 "category_code": null,
 "number_of_employees": null,
 "founded_year": null,
 "founded_month": null,
 "founded_day": null,
 "deadpooled_year": null,
 "deadpooled_month": null,
 "deadpooled_day": null,
 "deadpooled_url": null,
 "tag_list": null,
 "alias_list": "",
 "email_address": "",
 "phone_number": "888-440-4327",
 "description": "",
 "created_at": "Fri Nov 05 14:44:22 UTC 2010",
 "updated_at": "Fri Aug 26 05:26:50 UTC 2011",
 "overview": "\u003Cp\u003EActor Gear is currently based in Santa Monica area, and maintains it\u0026#8217;s mission to help actors promote themselves using the internet.\u003C/p\u003E",
 "image":
  {"available_sizes":
    [[[150,
       33],
      "http://api-images.crunchbase.com/assets/images/resized/0015/1201/151201v1-max-150x150.jpg"],
     [[226,
       51],
      "http://api-images.crunchbase.com/assets/images/resized/0015/1201/151201v1-max-250x250.jpg"],
     [[226,
       51],
      "http://api-images.crunchbase.com/assets/images/resized/0015/1201/151201v1-max-450x450.jpg"]],
   "attribution": null},
 "products":
  [],
 "relationships":
  [],
 "competitions":
  [],
 "providerships":
  [],
 "total_money_raised": "$0",
 "funding_rounds":
  [],
 "investments":
  [],
 "acquisition": null,
 "acquisitions":
  [],
 "offices":
  [],
 "milestones":
  [],
 "ipo": null,
 "video_embeds":
  [],
 "screenshots":
  [{"available_sizes":
     [[[150,
        146],
       "http://api-images.crunchbase.com/assets/images/resized/0015/1202/151202v1-max-150x150.jpg"],
      [[250,
        244],
       "http://api-images.crunchbase.com/assets/images/resized/0015/1202/151202v1-max-250x250.jpg"],
      [[450,
        440],
       "http://api-images.crunchbase.com/assets/images/resized/0015/1202/151202v1-max-450x450.jpg"]],
    "attribution": null}],
 "external_links":
  [],
 "partners":
  []}
