{"name": "Acumem",
 "permalink": "acumem",
 "crunchbase_url": "http://www.crunchbase.com/company/acumem",
 "homepage_url": "http://www.acumem.com",
 "blog_url": "",
 "blog_feed_url": "",
 "twitter_username": null,
 "category_code": "software",
 "number_of_employees": null,
 "founded_year": null,
 "founded_month": null,
 "founded_day": null,
 "deadpooled_year": null,
 "deadpooled_month": null,
 "deadpooled_day": null,
 "deadpooled_url": null,
 "tag_list": "",
 "alias_list": "",
 "email_address": "info@acumem.com",
 "phone_number": "+46 18 13 07 00 ",
 "description": "",
 "created_at": "Tue Oct 05 06:02:46 UTC 2010",
 "updated_at": "Tue Oct 05 06:02:46 UTC 2010",
 "overview": "\u003Cp\u003EAcumem is a provider of intelligent software which analyzes and helps optimizing the computing performance in single- and multi-core environments. Acumem contributes to their customers\u0026#8217; success in maximizing the benefits of multi-core technology, achieving the full potential of their systems. Acumem has partnerships with leading companies in the multi-core market such as Sun Microsystems, HP and Microsoft. Acumem is a privately held company based in Uppsala, Sweden with sales office in Boston, USA.\u003C/p\u003E",
 "image":
  {"available_sizes":
    [[[150,
       38],
      "http://api-images.crunchbase.com/assets/images/resized/0010/4203/104203v1-max-150x150.png"],
     [[221,
       57],
      "http://api-images.crunchbase.com/assets/images/resized/0010/4203/104203v1-max-250x250.png"],
     [[221,
       57],
      "http://api-images.crunchbase.com/assets/images/resized/0010/4203/104203v1-max-450x450.png"]],
   "attribution": null},
 "products":
  [],
 "relationships":
  [{"is_past": false,
    "title": "CEO",
    "person":
     {"first_name": "Mats",
      "last_name": "Hovm\u00c3\u00b6ller",
      "permalink": "mats-hovmller"}},
   {"is_past": false,
    "title": "CTO",
    "person":
     {"first_name": "Erik",
      "last_name": "Hagersten",
      "permalink": "erik-hagersten"}},
   {"is_past": true,
    "title": "Director",
    "person":
     {"first_name": "Staffan",
      "last_name": "Truve",
      "permalink": "staffan-truve"}}],
 "competitions":
  [],
 "providerships":
  [],
 "total_money_raised": "$0",
 "funding_rounds":
  [],
 "investments":
  [],
 "acquisition":
  {"price_amount": null,
   "price_currency_code": "USD",
   "term_code": null,
   "source_url": "http://www.freshnews.com/news/391216/rogue-wave-acquires-performance-optimization-vendor-acumem-",
   "source_description": "Rogue Wave Acquires Performance Optimization Vendor Acumem",
   "acquired_year": 2010,
   "acquired_month": 10,
   "acquired_day": 4,
   "acquiring_company":
    {"name": "Rogue Wave Software",
     "permalink": "rogue-wave-software"}},
 "acquisitions":
  [],
 "offices":
  [{"description": "",
    "address1": "D\u00c3\u00b6belnsgatan 17",
    "address2": "",
    "zip_code": "SE-75237",
    "city": "Uppsala",
    "state_code": null,
    "country_code": "SWE",
    "latitude": null,
    "longitude": null}],
 "milestones":
  [],
 "ipo": null,
 "video_embeds":
  [],
 "screenshots":
  [],
 "external_links":
  [],
 "partners":
  []}
