{"name": "Acylin Therapeutics",
 "permalink": "acylin-therapeutics",
 "crunchbase_url": "http://www.crunchbase.com/company/acylin-therapeutics",
 "homepage_url": "http://www.acceleratorcorp.com/node/111",
 "blog_url": "",
 "blog_feed_url": "http://www.acceleratorcorp.com/news/accelerator",
 "twitter_username": null,
 "category_code": "biotech",
 "number_of_employees": null,
 "founded_year": 2009,
 "founded_month": null,
 "founded_day": null,
 "deadpooled_year": null,
 "deadpooled_month": null,
 "deadpooled_day": null,
 "deadpooled_url": null,
 "tag_list": "",
 "alias_list": "",
 "email_address": "",
 "phone_number": "206-957-7300",
 "description": "",
 "created_at": "Thu Jan 20 05:44:20 UTC 2011",
 "updated_at": "Thu Aug 15 10:14:16 UTC 2013",
 "overview": "\u003Cp\u003EAcylin Therapeutics is the first company focused on developing inhibitors of cellular acetylation, an enzymatic mechanism fundamental to the molecular pathology of cancer, metabolic disease, and neurodegeneration. Recent discoveries by Acylin founders and other investigators have revealed protein acetylation as a cellular signal transduction regulator potentially as ubiquitous and important as phosphorylation by kinase enzymes. The Company has developed a platform technology to design specific acyltransferase inhibitors based on crystal structures, novel medicinal chemical approaches, and mechanistic understanding. Acylin has prioritized the p300 and CBP histone acetyl transferases [HATs] for initial drug discovery.\u003C/p\u003E",
 "image":
  {"available_sizes":
    [[[150,
       51],
      "http://api-images.crunchbase.com/assets/images/resized/0024/5591/245591v1-max-150x150.jpg"],
     [[156,
       54],
      "http://api-images.crunchbase.com/assets/images/resized/0024/5591/245591v1-max-250x250.jpg"],
     [[156,
       54],
      "http://api-images.crunchbase.com/assets/images/resized/0024/5591/245591v1-max-450x450.jpg"]],
   "attribution": null},
 "products":
  [],
 "relationships":
  [{"is_past": false,
    "title": "Chief Technology Officer",
    "person":
     {"first_name": "Bard",
      "last_name": "Geesaman",
      "permalink": "bard-geesaman"}},
   {"is_past": false,
    "title": "President and Chief Business Officer",
    "person":
     {"first_name": "David",
      "last_name": "Schubert",
      "permalink": "david-schubert"}},
   {"is_past": false,
    "title": "Controller and Vice President of Operations",
    "person":
     {"first_name": "Lindsay",
      "last_name": "Rayle",
      "permalink": "lindsay-rayle"}},
   {"is_past": false,
    "title": "Board of Directors",
    "person":
     {"first_name": "Janis",
      "last_name": "Naeve",
      "permalink": "janis-naeve"}},
   {"is_past": false,
    "title": "Board of Directors",
    "person":
     {"first_name": "Thong",
      "last_name": "Q. Le",
      "permalink": "thong-q-le"}},
   {"is_past": false,
    "title": "Board of Directors",
    "person":
     {"first_name": "Lee",
      "last_name": "Babiss",
      "permalink": "lee-babiss"}}],
 "competitions":
  [],
 "providerships":
  [],
 "total_money_raised": "$6.4M",
 "funding_rounds":
  [{"id": 21036,
    "round_code": "a",
    "source_url": "http://onbiovc.com/acylin-therapeutics-inc-series-a-44m/",
    "source_description": "Acylin Therapeutics, Inc.: Series A $4.4M",
    "raised_amount": 4400000.0,
    "raised_currency_code": "USD",
    "funded_year": 2011,
    "funded_month": 1,
    "funded_day": 11,
    "investments":
     [{"company": null,
       "financial_org":
        {"name": "Alexandria Real Estate Equities",
         "permalink": "alexandria-real-estate-equities"},
       "person": null},
      {"company":
        {"name": "Amgen",
         "permalink": "amgen"},
       "financial_org": null,
       "person": null},
      {"company": null,
       "financial_org":
        {"name": "ARCH Venture Partners",
         "permalink": "arch-venture-partners"},
       "person": null},
      {"company": null,
       "financial_org":
        {"name": "OVP Venture Partners",
         "permalink": "ovp-venture-partners"},
       "person": null}]},
   {"id": 45604,
    "round_code": "a",
    "source_url": "http://www.sec.gov/Archives/edgar/data/1506358/000150635812000002/xslFormDX01/primary_doc.xml",
    "source_description": "SEC",
    "raised_amount": 2000000.0,
    "raised_currency_code": "USD",
    "funded_year": 2012,
    "funded_month": 6,
    "funded_day": 4,
    "investments":
     []}],
 "investments":
  [],
 "acquisition": null,
 "acquisitions":
  [],
 "offices":
  [{"description": "",
    "address1": "1616 Eastlake Avenue",
    "address2": "Suite 203",
    "zip_code": "98102",
    "city": "Seattle",
    "state_code": "WA",
    "country_code": "USA",
    "latitude": null,
    "longitude": null}],
 "milestones":
  [],
 "ipo": null,
 "video_embeds":
  [],
 "screenshots":
  [],
 "external_links":
  [],
 "partners":
  []}
