{"name": "Adaptivity",
 "permalink": "adaptivity",
 "crunchbase_url": "http://www.crunchbase.com/company/adaptivity",
 "homepage_url": "http://adaptivity.com",
 "blog_url": "http://blog.adaptivity.com/",
 "blog_feed_url": "",
 "twitter_username": "Adaptivity",
 "category_code": "enterprise",
 "number_of_employees": null,
 "founded_year": 2007,
 "founded_month": null,
 "founded_day": null,
 "deadpooled_year": null,
 "deadpooled_month": null,
 "deadpooled_day": null,
 "deadpooled_url": null,
 "tag_list": "",
 "alias_list": "",
 "email_address": "",
 "phone_number": "",
 "description": "The IT Blueprint Company",
 "created_at": "Tue Oct 05 11:32:55 UTC 2010",
 "updated_at": "Fri Jan 31 07:23:49 UTC 2014",
 "overview": "\u003Cp\u003EAdaptivity is the IT Blueprint Company. \u003C/p\u003E\n\n\u003Cp\u003EFounded in late 2007 by veteran IT practitioners who have dedicated their careers to changing the way IT is delivered. Our efforts have resulted in numerous industry awards for leveraging real time infrastructure, virtual datacenters and cloud utility models to deliver business impact.\u003C/p\u003E\n\n\u003Cp\u003EAdaptivity was created to address the design challenges facing enterprise IT. We are leveraging our proven experience, industry partnerships and lessons learned to create a codified intelligent design platform to enable enterprise IT to optimize, re-design and create new systems in a dynamical, virtual and agile manner.\u003C/p\u003E",
 "image":
  {"available_sizes":
    [[[150,
       52],
      "http://api-images.crunchbase.com/assets/images/resized/0010/4239/104239v1-max-150x150.png"],
     [[250,
       87],
      "http://api-images.crunchbase.com/assets/images/resized/0010/4239/104239v1-max-250x250.png"],
     [[289,
       101],
      "http://api-images.crunchbase.com/assets/images/resized/0010/4239/104239v1-max-450x450.png"]],
   "attribution": null},
 "products":
  [{"name": "Blueprint4IT",
    "permalink": "blueprint4it"}],
 "relationships":
  [{"is_past": false,
    "title": "General Manager",
    "person":
     {"first_name": "Jeremy",
      "last_name": "Gibbs",
      "permalink": "jeremy-gibbs"}},
   {"is_past": true,
    "title": "President and CEO",
    "person":
     {"first_name": "Philip",
      "last_name": "S. Walton",
      "permalink": "philip-s-walton"}},
   {"is_past": true,
    "title": "COO",
    "person":
     {"first_name": "Matt",
      "last_name": "Barrington",
      "permalink": "matt-barrington"}},
   {"is_past": true,
    "title": "Chief Financial Officer",
    "person":
     {"first_name": "Mike",
      "last_name": "DeFrancesco",
      "permalink": "mike-defrancesco"}}],
 "competitions":
  [],
 "providerships":
  [],
 "total_money_raised": "$24.8M",
 "funding_rounds":
  [{"id": 18741,
    "round_code": "a",
    "source_url": "http://www.techcrunchit.com/2010/10/05/it-blueprinting-software-company-adaptivity-raises-7-2-million/",
    "source_description": "IT Blueprinting Software Company Adaptivity Raises $7.2 Million",
    "raised_amount": 7200000.0,
    "raised_currency_code": "USD",
    "funded_year": 2010,
    "funded_month": 10,
    "funded_day": 5,
    "investments":
     [{"company": null,
       "financial_org":
        {"name": "Noro-Moseley Partners",
         "permalink": "noro-moseley-partners"},
       "person": null},
      {"company": null,
       "financial_org":
        {"name": "Intersouth Partners",
         "permalink": "intersouth-partners"},
       "person": null}]},
   {"id": 20104,
    "round_code": "a",
    "source_url": "http://www.finsmes.com/2010/11/adaptivity-raises-3m-closes-series.html",
    "source_description": "Adaptivity Raises $3M; Closes Series A Financing Round",
    "raised_amount": 3000000.0,
    "raised_currency_code": "USD",
    "funded_year": 2010,
    "funded_month": 11,
    "funded_day": 17,
    "investments":
     [{"company": null,
       "financial_org":
        {"name": "Intel Capital",
         "permalink": "intel-capital"},
       "person": null}]},
   {"id": 25504,
    "round_code": "unattributed",
    "source_url": "http://www.finsmes.com/2011/09/adaptivity-raises-6-0m-venture-capital-financing.html?utm_source=feedburner\u0026utm_medium=feed\u0026utm_campaign=Feed%3A+finsmes%2FcNHu+%28FinSMEs%29",
    "source_description": "Adaptivity Raises $6.0M Venture Capital Financing",
    "raised_amount": 6000000.0,
    "raised_currency_code": "USD",
    "funded_year": 2011,
    "funded_month": 9,
    "funded_day": 20,
    "investments":
     [{"company": null,
       "financial_org":
        {"name": "Intel Capital",
         "permalink": "intel-capital"},
       "person": null},
      {"company": null,
       "financial_org":
        {"name": "Intersouth Partners",
         "permalink": "intersouth-partners"},
       "person": null},
      {"company": null,
       "financial_org":
        {"name": "Noro-Moseley Partners",
         "permalink": "noro-moseley-partners"},
       "person": null}]},
   {"id": 28504,
    "round_code": "b",
    "source_url": "http://www.adaptivity.com/adaptivity-closes-second-3-million-in-equity-financing",
    "source_description": "Adaptivity\u2122 Closes Second $3 Million in Equity Financing",
    "raised_amount": 3000000.0,
    "raised_currency_code": "USD",
    "funded_year": 2012,
    "funded_month": 3,
    "funded_day": 1,
    "investments":
     [{"company": null,
       "financial_org":
        {"name": "Intel Capital",
         "permalink": "intel-capital"},
       "person": null},
      {"company": null,
       "financial_org":
        {"name": "Intersouth Partners",
         "permalink": "intersouth-partners"},
       "person": null},
      {"company": null,
       "financial_org":
        {"name": "Noro-Moseley Partners",
         "permalink": "noro-moseley-partners"},
       "person": null}]},
   {"id": 41162,
    "round_code": "debt_round",
    "source_url": "http://www.sec.gov/Archives/edgar/data/1502075/000150207513000001/xslFormDX01/primary_doc.xml",
    "source_description": "SEC",
    "raised_amount": 905315.0,
    "raised_currency_code": "USD",
    "funded_year": 2013,
    "funded_month": 1,
    "funded_day": 4,
    "investments":
     []},
   {"id": 63069,
    "round_code": "partial",
    "source_url": "http://www.sec.gov/Archives/edgar/data/1502075/000150207510000001/xslFormDX01/primary_doc.xml",
    "source_description": "SEC",
    "raised_amount": 4740640.0,
    "raised_currency_code": "USD",
    "funded_year": 2009,
    "funded_month": 11,
    "funded_day": 4,
    "investments":
     []}],
 "investments":
  [],
 "acquisition":
  {"price_amount": null,
   "price_currency_code": "USD",
   "term_code": null,
   "source_url": "http://baltimore.citybizlist.com/article/emc-acquires-assets-adaptivity-1",
   "source_description": "EMC Acquires the Assets of Adaptivity",
   "acquired_year": 2013,
   "acquired_month": 5,
   "acquired_day": 15,
   "acquiring_company":
    {"name": "EMC",
     "permalink": "emc"}},
 "acquisitions":
  [],
 "offices":
  [{"description": "Headquarters",
    "address1": "5950 Fairview Road",
    "address2": "Suite 800",
    "zip_code": "28210",
    "city": "Charlotte",
    "state_code": "NC",
    "country_code": "USA",
    "latitude": null,
    "longitude": null}],
 "milestones":
  [],
 "ipo": null,
 "video_embeds":
  [],
 "screenshots":
  [{"available_sizes":
     [[[150,
        101],
       "http://api-images.crunchbase.com/assets/images/resized/0011/0588/110588v1-max-150x150.jpg"],
      [[250,
        168],
       "http://api-images.crunchbase.com/assets/images/resized/0011/0588/110588v1-max-250x250.jpg"],
      [[450,
        303],
       "http://api-images.crunchbase.com/assets/images/resized/0011/0588/110588v1-max-450x450.jpg"]],
    "attribution": null}],
 "external_links":
  [],
 "partners":
  []}
