{"name": "Adapp Solutions",
 "permalink": "adapp-solutions",
 "crunchbase_url": "http://www.crunchbase.com/company/adapp-solutions",
 "homepage_url": "http://www.adappsolutions.com",
 "blog_url": "",
 "blog_feed_url": "",
 "twitter_username": "adappsolutions",
 "category_code": "advertising",
 "number_of_employees": null,
 "founded_year": 2009,
 "founded_month": null,
 "founded_day": null,
 "deadpooled_year": null,
 "deadpooled_month": null,
 "deadpooled_day": null,
 "deadpooled_url": null,
 "tag_list": "information-technology-and-services, affiliate-network-management, advertising, marketing, tracking",
 "alias_list": "",
 "email_address": "info@adappsolutions.com",
 "phone_number": "206.508.1318",
 "description": "",
 "created_at": "Mon Oct 18 22:06:35 UTC 2010",
 "updated_at": "Mon Apr 01 03:37:34 UTC 2013",
 "overview": "\u003Cp\u003EEven as the online advertising industry continues to grow, too many participants are forced to use software that doesn\u0026#8217;t match up to the quality of their business. Adapp - made up of a core team of highly successful former affiliate marketers - was founded on the simple idea that giving ad network managers and affiliates themselves complete control over every aspect of their application was the best approach.\u003C/p\u003E\n\n\u003Cp\u003EYears in the making, our proprietary white-label software is flexible and dependable, and provides for complete customization of user interface and branding. With no startup costs or monthly fees, we provide an ideal platform for motivated advertising networks who want to provide their affiliates with a custom user experience and build the value of their brand. Based out of Seattle, Adapp\u0026#8217;s team of advertising, programming and design experts, with years of experience in the affiliate marketing industry, are determined to create the best suite of tools for online advertising. \u003C/p\u003E",
 "image":
  {"available_sizes":
    [[[117,
       27],
      "http://api-images.crunchbase.com/assets/images/resized/0010/6117/106117v1-max-150x150.png"],
     [[117,
       27],
      "http://api-images.crunchbase.com/assets/images/resized/0010/6117/106117v1-max-250x250.png"],
     [[117,
       27],
      "http://api-images.crunchbase.com/assets/images/resized/0010/6117/106117v1-max-450x450.png"]],
   "attribution": null},
 "products":
  [],
 "relationships":
  [],
 "competitions":
  [],
 "providerships":
  [],
 "total_money_raised": "$0",
 "funding_rounds":
  [],
 "investments":
  [],
 "acquisition": null,
 "acquisitions":
  [],
 "offices":
  [{"description": "",
    "address1": "2220 Western Avenue",
    "address2": "",
    "zip_code": "98121",
    "city": "Seattle",
    "state_code": "WA",
    "country_code": "USA",
    "latitude": null,
    "longitude": null}],
 "milestones":
  [],
 "ipo": null,
 "video_embeds":
  [],
 "screenshots":
  [{"available_sizes":
     [[[150,
        93],
       "http://api-images.crunchbase.com/assets/images/resized/0010/6119/106119v1-max-150x150.png"],
      [[250,
        156],
       "http://api-images.crunchbase.com/assets/images/resized/0010/6119/106119v1-max-250x250.png"],
      [[450,
        281],
       "http://api-images.crunchbase.com/assets/images/resized/0010/6119/106119v1-max-450x450.png"]],
    "attribution": null}],
 "external_links":
  [],
 "partners":
  []}
