{"name": "myadcorner",
 "permalink": "adception-infotech-private-limited",
 "crunchbase_url": "http://www.crunchbase.com/company/adception-infotech-private-limited",
 "homepage_url": "http://www.myadcorner.com",
 "blog_url": "http://blog.myadcorner.com",
 "blog_feed_url": "http://blog.myadcorner.com",
 "twitter_username": "myadcorner",
 "category_code": "advertising",
 "number_of_employees": 15,
 "founded_year": 2010,
 "founded_month": 8,
 "founded_day": 15,
 "deadpooled_year": null,
 "deadpooled_month": null,
 "deadpooled_day": null,
 "deadpooled_url": null,
 "tag_list": "newspaper, advertisement, classified, online, indian, times-of-india, hindustan-times, toi, ht, hindu, dainik-bhaskar, dainik-jagran, tribune, mirror, amar-ujala, divya-bhaskar, navbharat-times, hindustan, display-ad, ad, classified-ad, classified-display",
 "alias_list": null,
 "email_address": "sales@myadcorner.com",
 "phone_number": "8860-547-210",
 "description": "Newspaper advertisement booking platform",
 "created_at": "Fri Jan 28 06:24:28 UTC 2011",
 "updated_at": "Wed Apr 16 19:12:34 UTC 2014",
 "overview": "\u003Cp\u003EMyAdCorner.com is one stop for all your advertisement related needs. We at MyAdCorner understand the need for a platform which showcases a comprehensive list of advertisement options and provide a simple interface to create and book advertisements.\u003C/p\u003E\n\n\u003Cp\u003EWe are consolidating and bringing all the newspapers and offers on myadcorner.com so that you can choose offers as per your need and budget. Well researched and simple interface helps you to compose your ad \u0026amp; publish them or just save them which can be edited and published at a later date.\nFor classified text ads, various decoration options are available and ad preview section gives you exact feel of how your ad will look in a newspaper. \u003C/p\u003E",
 "image":
  {"available_sizes":
    [[[150,
       49],
      "http://api-images.crunchbase.com/assets/images/resized/0011/9829/119829v4-max-150x150.png"],
     [[250,
       82],
      "http://api-images.crunchbase.com/assets/images/resized/0011/9829/119829v4-max-250x250.png"],
     [[303,
       100],
      "http://api-images.crunchbase.com/assets/images/resized/0011/9829/119829v4-max-450x450.png"]],
   "attribution": null},
 "products":
  [],
 "relationships":
  [],
 "competitions":
  [],
 "providerships":
  [],
 "total_money_raised": "$0",
 "funding_rounds":
  [],
 "investments":
  [],
 "acquisition": null,
 "acquisitions":
  [],
 "offices":
  [{"description": "MyAdcorner.com",
    "address1": "B-109, Sector-5, Noida",
    "address2": "Sector-5",
    "zip_code": "201301",
    "city": "Noida",
    "state_code": null,
    "country_code": "IND",
    "latitude": null,
    "longitude": null}],
 "milestones":
  [],
 "ipo": null,
 "video_embeds":
  [],
 "screenshots":
  [{"available_sizes":
     [[[109,
        150],
       "http://api-images.crunchbase.com/assets/images/resized/0012/0491/120491v2-max-150x150.png"],
      [[181,
        250],
       "http://api-images.crunchbase.com/assets/images/resized/0012/0491/120491v2-max-250x250.png"],
      [[327,
        450],
       "http://api-images.crunchbase.com/assets/images/resized/0012/0491/120491v2-max-450x450.png"]],
    "attribution": null},
   {"available_sizes":
     [[[109,
        150],
       "http://api-images.crunchbase.com/assets/images/resized/0012/0492/120492v2-max-150x150.png"],
      [[181,
        250],
       "http://api-images.crunchbase.com/assets/images/resized/0012/0492/120492v2-max-250x250.png"],
      [[327,
        450],
       "http://api-images.crunchbase.com/assets/images/resized/0012/0492/120492v2-max-450x450.png"]],
    "attribution": null},
   {"available_sizes":
     [[[109,
        150],
       "http://api-images.crunchbase.com/assets/images/resized/0012/0493/120493v2-max-150x150.png"],
      [[181,
        250],
       "http://api-images.crunchbase.com/assets/images/resized/0012/0493/120493v2-max-250x250.png"],
      [[327,
        450],
       "http://api-images.crunchbase.com/assets/images/resized/0012/0493/120493v2-max-450x450.png"]],
    "attribution": null},
   {"available_sizes":
     [[[109,
        150],
       "http://api-images.crunchbase.com/assets/images/resized/0012/0494/120494v2-max-150x150.png"],
      [[181,
        250],
       "http://api-images.crunchbase.com/assets/images/resized/0012/0494/120494v2-max-250x250.png"],
      [[327,
        450],
       "http://api-images.crunchbase.com/assets/images/resized/0012/0494/120494v2-max-450x450.png"]],
    "attribution": null},
   {"available_sizes":
     [[[109,
        150],
       "http://api-images.crunchbase.com/assets/images/resized/0012/0495/120495v2-max-150x150.png"],
      [[181,
        250],
       "http://api-images.crunchbase.com/assets/images/resized/0012/0495/120495v2-max-250x250.png"],
      [[327,
        450],
       "http://api-images.crunchbase.com/assets/images/resized/0012/0495/120495v2-max-450x450.png"]],
    "attribution": null}],
 "external_links":
  [],
 "partners":
  []}
