{"name": "Addictrip.com",
 "permalink": "addictrip-com",
 "crunchbase_url": "http://www.crunchbase.com/company/addictrip-com",
 "homepage_url": "http://www.addictrip.com",
 "blog_url": "http://blog.addictrip.com/",
 "blog_feed_url": "http://blog.addictrip.com/feed/",
 "twitter_username": "addictripcom",
 "category_code": "ecommerce",
 "number_of_employees": null,
 "founded_year": 2009,
 "founded_month": 9,
 "founded_day": 8,
 "deadpooled_year": null,
 "deadpooled_month": null,
 "deadpooled_day": null,
 "deadpooled_url": null,
 "tag_list": "travel, ecommerce, turism",
 "alias_list": null,
 "email_address": "contact@addictrip.com",
 "phone_number": "",
 "description": "Travel guide",
 "created_at": "Mon Nov 08 15:37:07 UTC 2010",
 "updated_at": "Wed Apr 10 11:31:13 UTC 2013",
 "overview": "\u003Cp\u003EAddictrip.com is a portal where you will find everything you need to plan and book your week-end or city break. Actually, addictrip.com helps you to book the hotel at the best price by comparing from many partners. On Addictrip.com you will find too many information about cities : best places to visit, restaurants, shops, clubs, practical information\u0026#8230; And it\u0026#8217;s free !\u003C/p\u003E",
 "image":
  {"available_sizes":
    [[[150,
       41],
      "http://api-images.crunchbase.com/assets/images/resized/0010/9138/109138v2-max-150x150.png"],
     [[184,
       51],
      "http://api-images.crunchbase.com/assets/images/resized/0010/9138/109138v2-max-250x250.png"],
     [[184,
       51],
      "http://api-images.crunchbase.com/assets/images/resized/0010/9138/109138v2-max-450x450.png"]],
   "attribution": null},
 "products":
  [],
 "relationships":
  [],
 "competitions":
  [],
 "providerships":
  [],
 "total_money_raised": "$0",
 "funding_rounds":
  [],
 "investments":
  [],
 "acquisition": null,
 "acquisitions":
  [],
 "offices":
  [{"description": "",
    "address1": "19 rue Martel,",
    "address2": "",
    "zip_code": "75010",
    "city": "Paris",
    "state_code": null,
    "country_code": "FRA",
    "latitude": 48.874496,
    "longitude": 2.3533702}],
 "milestones":
  [],
 "ipo": null,
 "video_embeds":
  [],
 "screenshots":
  [{"available_sizes":
     [[[150,
        74],
       "http://api-images.crunchbase.com/assets/images/resized/0010/9137/109137v2-max-150x150.png"],
      [[250,
        123],
       "http://api-images.crunchbase.com/assets/images/resized/0010/9137/109137v2-max-250x250.png"],
      [[450,
        222],
       "http://api-images.crunchbase.com/assets/images/resized/0010/9137/109137v2-max-450x450.png"]],
    "attribution": null}],
 "external_links":
  [],
 "partners":
  []}
