{"name": "Addicted to Noise",
 "permalink": "addicted-to-noise",
 "crunchbase_url": "http://www.crunchbase.com/company/addicted-to-noise",
 "homepage_url": null,
 "blog_url": null,
 "blog_feed_url": null,
 "twitter_username": null,
 "category_code": null,
 "number_of_employees": null,
 "founded_year": null,
 "founded_month": null,
 "founded_day": null,
 "deadpooled_year": null,
 "deadpooled_month": null,
 "deadpooled_day": null,
 "deadpooled_url": null,
 "tag_list": null,
 "alias_list": null,
 "email_address": null,
 "phone_number": null,
 "description": null,
 "created_at": "Wed Jan 26 22:21:59 UTC 2011",
 "updated_at": "Wed Nov 16 10:35:11 UTC 2011",
 "overview": null,
 "image":
  {"available_sizes":
    [[[150,
       53],
      "http://api-images.crunchbase.com/assets/images/resized/0013/4201/134201v2-max-150x150.png"],
     [[212,
       75],
      "http://api-images.crunchbase.com/assets/images/resized/0013/4201/134201v2-max-250x250.png"],
     [[212,
       75],
      "http://api-images.crunchbase.com/assets/images/resized/0013/4201/134201v2-max-450x450.png"]],
   "attribution": null},
 "products":
  [],
 "relationships":
  [{"is_past": true,
    "title": "Founder",
    "person":
     {"first_name": "David",
      "last_name": "Hyman",
      "permalink": "david-hyman"}},
   {"is_past": true,
    "title": "Co-Founder",
    "person":
     {"first_name": "Jon",
      "last_name": "Luini",
      "permalink": "jon-luini"}}],
 "competitions":
  [],
 "providerships":
  [],
 "total_money_raised": "$0",
 "funding_rounds":
  [],
 "investments":
  [],
 "acquisition": null,
 "acquisitions":
  [],
 "offices":
  [],
 "milestones":
  [],
 "ipo": null,
 "video_embeds":
  [],
 "screenshots":
  [],
 "external_links":
  [],
 "partners":
  []}
