{"name": "AdGibbon",
 "permalink": "adgibbon",
 "crunchbase_url": "http://www.crunchbase.com/company/adgibbon",
 "homepage_url": "http://www.adgibbon.com",
 "blog_url": "",
 "blog_feed_url": "",
 "twitter_username": "adgibbon",
 "category_code": "advertising",
 "number_of_employees": 4,
 "founded_year": 2010,
 "founded_month": 12,
 "founded_day": 31,
 "deadpooled_year": null,
 "deadpooled_month": null,
 "deadpooled_day": null,
 "deadpooled_url": null,
 "tag_list": "rich-media, adserving, advertising, analytics, richmedia",
 "alias_list": null,
 "email_address": "info@adgibbon.com",
 "phone_number": "",
 "description": "Rich Media Mobile Advertising",
 "created_at": "Thu Jan 13 13:18:49 UTC 2011",
 "updated_at": "Thu Jan 20 03:06:35 UTC 2011",
 "overview": "\u003Cp\u003EAdGibbon is a mobile advertising technology service which provides a multitude of products most notable the development of Rich Media advertising frameworks, Adserving and Advanced Analytics. \u003C/p\u003E\n\n\u003Cp\u003EThese services are provided individually or as a full service to Advertisers, Agencies, Adnetworks and Publishers.\u003C/p\u003E",
 "image":
  {"available_sizes":
    [[[150,
       32],
      "http://api-images.crunchbase.com/assets/images/resized/0011/7161/117161v2-max-150x150.png"],
     [[238,
       52],
      "http://api-images.crunchbase.com/assets/images/resized/0011/7161/117161v2-max-250x250.png"],
     [[238,
       52],
      "http://api-images.crunchbase.com/assets/images/resized/0011/7161/117161v2-max-450x450.png"]],
   "attribution": null},
 "products":
  [],
 "relationships":
  [],
 "competitions":
  [],
 "providerships":
  [],
 "total_money_raised": "$0",
 "funding_rounds":
  [],
 "investments":
  [],
 "acquisition": null,
 "acquisitions":
  [],
 "offices":
  [{"description": "Amsterdam HQ",
    "address1": "Juliana van Stolbergstraat 602H",
    "address2": "",
    "zip_code": "1055RN",
    "city": "Amsterdam",
    "state_code": null,
    "country_code": "NLD",
    "latitude": null,
    "longitude": null}],
 "milestones":
  [],
 "ipo": null,
 "video_embeds":
  [],
 "screenshots":
  [{"available_sizes":
     [[[79,
        150],
       "http://api-images.crunchbase.com/assets/images/resized/0011/7160/117160v2-max-150x150.png"],
      [[133,
        250],
       "http://api-images.crunchbase.com/assets/images/resized/0011/7160/117160v2-max-250x250.png"],
      [[239,
        450],
       "http://api-images.crunchbase.com/assets/images/resized/0011/7160/117160v2-max-450x450.png"]],
    "attribution": null}],
 "external_links":
  [],
 "partners":
  []}
