{"name": "ADISYS Technologies Pvt. Ltd.",
 "permalink": "adisys-technologies-pvt-ltd",
 "crunchbase_url": "http://www.crunchbase.com/company/adisys-technologies-pvt-ltd",
 "homepage_url": "http://www.securityindia.in",
 "blog_url": "",
 "blog_feed_url": "",
 "twitter_username": null,
 "category_code": "security",
 "number_of_employees": 25,
 "founded_year": 2008,
 "founded_month": null,
 "founded_day": null,
 "deadpooled_year": null,
 "deadpooled_month": null,
 "deadpooled_day": null,
 "deadpooled_url": null,
 "tag_list": "cctv, cctv-cameras, cctv-dvrs, video-door-phone, time-attendance-system, biometric, access-control-systems, rfid-based-systems, fire-security-systems, cctv-dome-cameras, cctv-ir-cameras, cctv-night-vision-cameras, cctv-zoom-cameras, cctv-box-cameras, cctv",
 "alias_list": null,
 "email_address": "prolytics@prolytics.com",
 "phone_number": "41278492",
 "description": "Security Surveillance Products",
 "created_at": "Mon Oct 18 08:14:58 UTC 2010",
 "updated_at": "Mon Oct 18 20:50:11 UTC 2010",
 "overview": "",
 "image": null,
 "products":
  [],
 "relationships":
  [{"is_past": false,
    "title": "",
    "person":
     {"first_name": "Shivu",
      "last_name": "G.S",
      "permalink": "shivu-g-s"}},
   {"is_past": false,
    "title": "",
    "person":
     {"first_name": "Chandru",
      "last_name": "C H",
      "permalink": "chandru-c-h"}}],
 "competitions":
  [],
 "providerships":
  [],
 "total_money_raised": "$0",
 "funding_rounds":
  [],
 "investments":
  [],
 "acquisition": null,
 "acquisitions":
  [],
 "offices":
  [{"description": "Security Surveillance",
    "address1": "No. 715 / A, 1st Floor, Modi Hospital Road,",
    "address2": "West Of Chord Road, 2nd Stage, Rajajinagar",
    "zip_code": "560086",
    "city": "Bangalore",
    "state_code": null,
    "country_code": "IND",
    "latitude": null,
    "longitude": null},
   {"description": "Security Surveillance",
    "address1": "686D, #15-264 Choa Chu Kang Crescent",
    "address2": "",
    "zip_code": "684686",
    "city": "",
    "state_code": null,
    "country_code": "SGP",
    "latitude": null,
    "longitude": null}],
 "milestones":
  [],
 "ipo": null,
 "video_embeds":
  [],
 "screenshots":
  [],
 "external_links":
  [],
 "partners":
  []}
