{"name": "AdJuice SEO Services",
 "permalink": "adjuice-ltd",
 "crunchbase_url": "http://www.crunchbase.com/company/adjuice-ltd",
 "homepage_url": "http://www.adjuice.co.uk",
 "blog_url": "http://www.adjuice.co.uk/blog/",
 "blog_feed_url": "",
 "twitter_username": "adjuiceuk",
 "category_code": "advertising",
 "number_of_employees": 1,
 "founded_year": 2007,
 "founded_month": 9,
 "founded_day": 17,
 "deadpooled_year": null,
 "deadpooled_month": null,
 "deadpooled_day": null,
 "deadpooled_url": null,
 "tag_list": "seo, seo-services, seo-specialists, seo-company, seo-consultants, seo-agency, ppc-management-services, ppc-services, ppc-company, seo-surrey",
 "alias_list": null,
 "email_address": "enquiries@adjuice.co.uk",
 "phone_number": "+44 1276 507114",
 "description": "Search Engine Marketing Services",
 "created_at": "Sat Nov 06 18:52:53 UTC 2010",
 "updated_at": "Fri Jan 31 00:40:07 UTC 2014",
 "overview": "\u003Cp\u003EAdJuice provides organic SEO (search engine optimisation) services and PPC (pay per click) management services to English speaking businesses in the UK and overseas. AdJuice offers services to most vertical sectors and aims to provide high quality services at very competitive rates.\u003C/p\u003E\n\n\u003Cp\u003EAdJuice was founded by Ewan Kennedy who is a Google AdWords qualified individual. He has a BSc in maths from Southampton University, a professional accounting qualification (CIMA) and a career background in senior financial management of medium sized UK businesses. Immediately prior to founding AdJuice, Ewan was CEO of the UK division of Impact Europe AB.\u003C/p\u003E\n\n\u003Cp\u003EAdJuice Ltd was incorporated as a private limited company (number 06372059), in England on 17th September 2007.\u003C/p\u003E\n\n\u003Cp\u003EThere has never been any connection, between AdJuice Ltd in the UK and other businesses in the U.S. also trading under the AdJuice name.\u003C/p\u003E",
 "image":
  {"available_sizes":
    [[[150,
       75],
      "http://api-images.crunchbase.com/assets/images/resized/0010/9880/109880v4-max-150x150.jpg"],
     [[180,
       90],
      "http://api-images.crunchbase.com/assets/images/resized/0010/9880/109880v4-max-250x250.jpg"],
     [[180,
       90],
      "http://api-images.crunchbase.com/assets/images/resized/0010/9880/109880v4-max-450x450.jpg"]],
   "attribution": null},
 "products":
  [],
 "relationships":
  [{"is_past": false,
    "title": "Founder",
    "person":
     {"first_name": "Ewan",
      "last_name": "Kennedy",
      "permalink": "ewan-kennedy"}}],
 "competitions":
  [],
 "providerships":
  [],
 "total_money_raised": "$0",
 "funding_rounds":
  [],
 "investments":
  [],
 "acquisition": null,
 "acquisitions":
  [],
 "offices":
  [{"description": "AdJuice Ltd",
    "address1": "7 Devonshire Drive",
    "address2": "",
    "zip_code": "GU15 3UB",
    "city": "Camberley",
    "state_code": null,
    "country_code": "GBR",
    "latitude": null,
    "longitude": null}],
 "milestones":
  [],
 "ipo": null,
 "video_embeds":
  [{"embed_code": "\u003Ciframe src=\"http://player.vimeo.com/video/38736667?title=0\u0026amp;byline=0\u0026amp;portrait=0\" width=\"400\" height=\"300\" frameborder=\"0\" webkitAllowFullScreen mozallowfullscreen allowFullScreen\u003E\u003C/iframe\u003E\u003Cp\u003E\u003Ca href=\"http://vimeo.com/38736667\"\u003EAdJuice\u003C/a\u003E from \u003Ca href=\"http://vimeo.com/adjuice\"\u003EAdJuice\u003C/a\u003E on \u003Ca href=\"http://vimeo.com\"\u003EVimeo\u003C/a\u003E.\u003C/p\u003E",
    "description": "\u003Cp\u003EAbout AdJuice\u003C/p\u003E"}],
 "screenshots":
  [{"available_sizes":
     [[[150,
        123],
       "http://api-images.crunchbase.com/assets/images/resized/0039/1567/391567v2-max-150x150.jpg"],
      [[250,
        206],
       "http://api-images.crunchbase.com/assets/images/resized/0039/1567/391567v2-max-250x250.jpg"],
      [[450,
        371],
       "http://api-images.crunchbase.com/assets/images/resized/0039/1567/391567v2-max-450x450.jpg"]],
    "attribution": null}],
 "external_links":
  [{"external_url": "http://www.facebook.com/AdJuice",
    "title": "AdJuice - Facebook"},
   {"external_url": "http://www.linkedin.com/company/adjuice",
    "title": "AdJuice - LinkedIn"},
   {"external_url": "http://www.slideshare.net/adjuice",
    "title": "AdJuice - Slideshare"},
   {"external_url": "https://plus.google.com/u/0/117116721406044237539/about",
    "title": "AdJuice - Google+"},
   {"external_url": "http://vimeo.com/adjuice",
    "title": "AdJuice - Vimeo"},
   {"external_url": "http://www.youtube.com/user/adjuiceuk",
    "title": "AdJuice - YouTube"},
   {"external_url": "http://twitter.com/adjuiceuk",
    "title": "AdJuice - Twitter"}],
 "partners":
  []}
