{"name": "AdMagma",
 "permalink": "admagma",
 "crunchbase_url": "http://www.crunchbase.com/company/admagma",
 "homepage_url": "http://www.admagma.com",
 "blog_url": "http://www.admagma.com/blog/",
 "blog_feed_url": "",
 "twitter_username": "admagma",
 "category_code": "advertising",
 "number_of_employees": 28,
 "founded_year": 2009,
 "founded_month": 9,
 "founded_day": 19,
 "deadpooled_year": null,
 "deadpooled_month": null,
 "deadpooled_day": null,
 "deadpooled_url": null,
 "tag_list": "",
 "alias_list": null,
 "email_address": "admagma@admagma.com",
 "phone_number": "",
 "description": "AdNetwork Online Advertising ",
 "created_at": "Wed Oct 27 01:52:36 UTC 2010",
 "updated_at": "Mon Mar 07 15:35:40 UTC 2011",
 "overview": "",
 "image":
  {"available_sizes":
    [[[150,
       49],
      "http://api-images.crunchbase.com/assets/images/resized/0010/7450/107450v2-max-150x150.png"],
     [[250,
       82],
      "http://api-images.crunchbase.com/assets/images/resized/0010/7450/107450v2-max-250x250.png"],
     [[448,
       147],
      "http://api-images.crunchbase.com/assets/images/resized/0010/7450/107450v2-max-450x450.png"]],
   "attribution": null},
 "products":
  [],
 "relationships":
  [],
 "competitions":
  [],
 "providerships":
  [{"title": "Online Advertising/ Ad Network",
    "is_past": false,
    "provider":
     {"name": "AdMamga",
      "permalink": "admamga"}}],
 "total_money_raised": "$0",
 "funding_rounds":
  [],
 "investments":
  [],
 "acquisition": null,
 "acquisitions":
  [],
 "offices":
  [],
 "milestones":
  [],
 "ipo": null,
 "video_embeds":
  [],
 "screenshots":
  [],
 "external_links":
  [{"external_url": "http://www.admagma.com/",
    "title": ""}],
 "partners":
  []}
