{"name": "Adolf Jewelers",
 "permalink": "adolf-jewelers",
 "crunchbase_url": "http://www.crunchbase.com/company/adolf-jewelers",
 "homepage_url": "http://www.adolfjewelers.com",
 "blog_url": "",
 "blog_feed_url": "",
 "twitter_username": null,
 "category_code": "other",
 "number_of_employees": null,
 "founded_year": null,
 "founded_month": null,
 "founded_day": null,
 "deadpooled_year": null,
 "deadpooled_month": null,
 "deadpooled_day": null,
 "deadpooled_url": null,
 "tag_list": "diamonds, diamond-engagement-rings, watches, jewelry",
 "alias_list": null,
 "email_address": "",
 "phone_number": "804-285-3671",
 "description": "Local Richmond Jeweler",
 "created_at": "Thu Sep 16 14:23:58 UTC 2010",
 "updated_at": "Thu Sep 23 03:17:03 UTC 2010",
 "overview": "\u003Cp\u003EAdolf Jewelers is a long-standing Richmond jeweler located on Parham Rd in Richmond, VA.  Offering a selection of diamonds - both loose and set in engagement rings, watches, and other fashion jewelry, Adolf Jewelers is a Better Business Bureau Torchlight Award winner.\u003C/p\u003E",
 "image": null,
 "products":
  [],
 "relationships":
  [],
 "competitions":
  [],
 "providerships":
  [],
 "total_money_raised": "$0",
 "funding_rounds":
  [],
 "investments":
  [],
 "acquisition": null,
 "acquisitions":
  [],
 "offices":
  [],
 "milestones":
  [],
 "ipo": null,
 "video_embeds":
  [],
 "screenshots":
  [],
 "external_links":
  [],
 "partners":
  []}
