{"name": "AdPerk",
 "permalink": "adperk",
 "crunchbase_url": "http://www.crunchbase.com/company/adperk",
 "homepage_url": "http://www.adperk.com",
 "blog_url": "http://business.adperk.com/",
 "blog_feed_url": "",
 "twitter_username": "Casey_Turner",
 "category_code": "advertising",
 "number_of_employees": null,
 "founded_year": 2008,
 "founded_month": null,
 "founded_day": null,
 "deadpooled_year": null,
 "deadpooled_month": null,
 "deadpooled_day": null,
 "deadpooled_url": null,
 "tag_list": "",
 "alias_list": null,
 "email_address": "casey@adperk.com",
 "phone_number": "",
 "description": "Digital video advertising solutions",
 "created_at": "Wed Jan 19 22:53:10 UTC 2011",
 "updated_at": "Sun Jun 16 12:49:13 UTC 2013",
 "overview": "\u003Cp\u003EAdPerk creates turnkey video experiences where customers watch video, get value and are motivated to purchase your products.\u003C/p\u003E",
 "image":
  {"available_sizes":
    [[[150,
       42],
      "http://api-images.crunchbase.com/assets/images/resized/0017/4285/174285v2-max-150x150.jpg"],
     [[236,
       67],
      "http://api-images.crunchbase.com/assets/images/resized/0017/4285/174285v2-max-250x250.jpg"],
     [[236,
       67],
      "http://api-images.crunchbase.com/assets/images/resized/0017/4285/174285v2-max-450x450.jpg"]],
   "attribution": null},
 "products":
  [],
 "relationships":
  [{"is_past": false,
    "title": "CEO",
    "person":
     {"first_name": "Barry",
      "last_name": "Soicher",
      "permalink": "barry-soicher"}},
   {"is_past": false,
    "title": "COO",
    "person":
     {"first_name": "Clayton",
      "last_name": "Chrisman",
      "permalink": "clayton-chrisman"}},
   {"is_past": false,
    "title": "CTO",
    "person":
     {"first_name": "Bogdan",
      "last_name": "Cirlig",
      "permalink": "bogdan-cirlig"}},
   {"is_past": false,
    "title": "Founder",
    "person":
     {"first_name": "Paul",
      "last_name": "Gelburd",
      "permalink": "paul-gelburd"}},
   {"is_past": false,
    "title": "Art Director",
    "person":
     {"first_name": "Megan",
      "last_name": "Hug",
      "permalink": "megan-hug"}},
   {"is_past": true,
    "title": "CTO",
    "person":
     {"first_name": "Rob",
      "last_name": "Zuber",
      "permalink": "rob-zuber"}}],
 "competitions":
  [],
 "providerships":
  [{"title": "Marketing Video",
    "is_past": false,
    "provider":
     {"name": "Animatik Creative",
      "permalink": "animatik-creative"}}],
 "total_money_raised": "$0",
 "funding_rounds":
  [],
 "investments":
  [],
 "acquisition": null,
 "acquisitions":
  [],
 "offices":
  [{"description": "AdPerk San Francisco",
    "address1": "220 Sansome Street, Suite 1000",
    "address2": "",
    "zip_code": "94104",
    "city": "San Francisco",
    "state_code": "CA",
    "country_code": "USA",
    "latitude": null,
    "longitude": null},
   {"description": "AdPerk San Francisco",
    "address1": "220 Sansome Street, Suite 1000",
    "address2": "",
    "zip_code": "94104",
    "city": "San Francisco",
    "state_code": "CA",
    "country_code": "USA",
    "latitude": null,
    "longitude": null}],
 "milestones":
  [],
 "ipo": null,
 "video_embeds":
  [],
 "screenshots":
  [{"available_sizes":
     [[[150,
        118],
       "http://api-images.crunchbase.com/assets/images/resized/0019/8261/198261v1-max-150x150.jpg"],
      [[250,
        197],
       "http://api-images.crunchbase.com/assets/images/resized/0019/8261/198261v1-max-250x250.jpg"],
      [[450,
        355],
       "http://api-images.crunchbase.com/assets/images/resized/0019/8261/198261v1-max-450x450.jpg"]],
    "attribution": null}],
 "external_links":
  [],
 "partners":
  []}
