{"name": "Advancer",
 "permalink": "advancer",
 "crunchbase_url": "http://www.crunchbase.com/company/advancer",
 "homepage_url": null,
 "blog_url": null,
 "blog_feed_url": null,
 "twitter_username": null,
 "category_code": null,
 "number_of_employees": null,
 "founded_year": null,
 "founded_month": null,
 "founded_day": null,
 "deadpooled_year": null,
 "deadpooled_month": null,
 "deadpooled_day": null,
 "deadpooled_url": null,
 "tag_list": "",
 "alias_list": null,
 "email_address": null,
 "phone_number": null,
 "description": null,
 "created_at": "Thu Jan 27 22:10:18 UTC 2011",
 "updated_at": "Tue Feb 01 21:43:45 UTC 2011",
 "overview": "\u003Cp\u003EAdvancer Limited is a boutique applications development and consulting company delivering services in the Asia Pacific region based in Wellington, New Zealand. \u003C/p\u003E\n\n\u003Cp\u003EThe company also invests in, builds and operates or co-operates several hosted Software as a Service (SaaS) solutions including Avancert.com and ehire.asia.\u003C/p\u003E",
 "image":
  {"available_sizes":
    [[[150,
       45],
      "http://api-images.crunchbase.com/assets/images/resized/0011/9332/119332v2-max-150x150.jpg"],
     [[250,
       75],
      "http://api-images.crunchbase.com/assets/images/resized/0011/9332/119332v2-max-250x250.jpg"],
     [[400,
       120],
      "http://api-images.crunchbase.com/assets/images/resized/0011/9332/119332v2-max-450x450.jpg"]],
   "attribution": null},
 "products":
  [],
 "relationships":
  [{"is_past": false,
    "title": "Managing Director",
    "person":
     {"first_name": "Sean",
      "last_name": "Davidson",
      "permalink": "sean-davidson-3"}}],
 "competitions":
  [],
 "providerships":
  [],
 "total_money_raised": "$0",
 "funding_rounds":
  [],
 "investments":
  [{"funding_round":
     {"round_code": "seed",
      "source_url": "",
      "source_description": "",
      "raised_amount": 10000.0,
      "raised_currency_code": "USD",
      "funded_year": 2010,
      "funded_month": 6,
      "funded_day": 15,
      "company":
       {"name": "Avancert",
        "permalink": "avancert"}}}],
 "acquisition": null,
 "acquisitions":
  [],
 "offices":
  [],
 "milestones":
  [],
 "ipo": null,
 "video_embeds":
  [],
 "screenshots":
  [],
 "external_links":
  [],
 "partners":
  []}
