{"name": "Advanced Life Sciences Holdings",
 "permalink": "advanced-life-sciences-holdings",
 "crunchbase_url": "http://www.crunchbase.com/company/advanced-life-sciences-holdings",
 "homepage_url": "http://www.advancedlifesciences.com",
 "blog_url": "",
 "blog_feed_url": "",
 "twitter_username": null,
 "category_code": "biotech",
 "number_of_employees": null,
 "founded_year": null,
 "founded_month": null,
 "founded_day": null,
 "deadpooled_year": null,
 "deadpooled_month": null,
 "deadpooled_day": null,
 "deadpooled_url": null,
 "tag_list": "",
 "alias_list": "",
 "email_address": "publicrelations@advancedlifesciences.com",
 "phone_number": "630-739-6744",
 "description": "",
 "created_at": "Mon Nov 01 04:21:00 UTC 2010",
 "updated_at": "Mon Nov 01 04:21:46 UTC 2010",
 "overview": "\u003Cp\u003EAdvanced Life Sciences Holdings, Inc. is a biopharmaceutical company focused on the discovery, development and commercialization of drugs in the areas of infectious disease, oncology and respiratory disease. The Company has assembled a pipeline of clinical and preclinical product candidates. The Company has a worldwide license (excluding Japan) from Abbott Laboratories (Abbott) to develop and commercialize cethromycin, once-a-day antibiotic for the treatment of respiratory tract infections.\u003C/p\u003E",
 "image":
  {"available_sizes":
    [[[150,
       38],
      "http://api-images.crunchbase.com/assets/images/resized/0010/8071/108071v1-max-150x150.jpg"],
     [[250,
       63],
      "http://api-images.crunchbase.com/assets/images/resized/0010/8071/108071v1-max-250x250.jpg"],
     [[450,
       115],
      "http://api-images.crunchbase.com/assets/images/resized/0010/8071/108071v1-max-450x450.jpg"]],
   "attribution": null},
 "products":
  [],
 "relationships":
  [{"is_past": false,
    "title": "CEO \u0026 Chairman",
    "person":
     {"first_name": "Michael",
      "last_name": "T. Flavin",
      "permalink": "michael-t-flavin"}},
   {"is_past": false,
    "title": "President, CFO and Director",
    "person":
     {"first_name": "John",
      "last_name": "L. Flavin",
      "permalink": "john-l-flavin"}}],
 "competitions":
  [],
 "providerships":
  [],
 "total_money_raised": "$0",
 "funding_rounds":
  [],
 "investments":
  [],
 "acquisition": null,
 "acquisitions":
  [],
 "offices":
  [{"description": "",
    "address1": "1440 Davey Road",
    "address2": "",
    "zip_code": "60517",
    "city": "Woodridge",
    "state_code": "IL",
    "country_code": "USA",
    "latitude": null,
    "longitude": null}],
 "milestones":
  [{"id": 9705,
    "description": "Advanced Life Sciences Receives $1.5 Million From Exercise of Unit Warrants and Secures Financing Commitment",
    "stoned_year": 2010,
    "stoned_month": 9,
    "stoned_day": 28,
    "source_url": "http://phx.corporate-ir.net/phoenix.zhtml?c=190126\u0026p=irol-newsArticle\u0026ID=1475728\u0026highlight=",
    "source_text": "",
    "source_description": "Advanced Life Sciences Receives $1.5 Million From Exercise of Unit Warrants and Secures Financing Commitment",
    "stoneable_type": "Company",
    "stoned_value": null,
    "stoned_value_type": null,
    "stoned_acquirer": null,
    "stoneable":
     {"name": "Advanced Life Sciences Holdings",
      "permalink": "advanced-life-sciences-holdings"}}],
 "ipo": null,
 "video_embeds":
  [],
 "screenshots":
  [],
 "external_links":
  [],
 "partners":
  []}
