{"name": "Advanced Acoustic Concepts",
 "permalink": "advanced-acoustic-concepts",
 "crunchbase_url": "http://www.crunchbase.com/company/advanced-acoustic-concepts",
 "homepage_url": "http://www.aactech.com",
 "blog_url": "",
 "blog_feed_url": "",
 "twitter_username": null,
 "category_code": null,
 "number_of_employees": null,
 "founded_year": null,
 "founded_month": null,
 "founded_day": null,
 "deadpooled_year": null,
 "deadpooled_month": null,
 "deadpooled_day": null,
 "deadpooled_url": null,
 "tag_list": "",
 "alias_list": "AAC",
 "email_address": "",
 "phone_number": "631-273-5700",
 "description": "",
 "created_at": "Tue Jan 11 13:00:43 UTC 2011",
 "updated_at": "Tue Jan 11 13:05:04 UTC 2011",
 "overview": "\u003Cp\u003EAdvanced Acoustic Concepts (AAC) provides innovative solutions for sonar detection and classification, torpedo defense, advanced distributed training, learning and knowledge management systems, software engineering and systems integration. AAC is a technical leader in the design and development of software products. These products run in open architecture environments, which employ mainstream, readily available commercial license-free hardware and software. AAC has been selected by the United States Navy as a lead contractor for the Surface Ship Torpedo Defense program. \u003C/p\u003E",
 "image":
  {"available_sizes":
    [[[150,
       14],
      "http://api-images.crunchbase.com/assets/images/resized/0011/6817/116817v1-max-150x150.jpg"],
     [[250,
       24],
      "http://api-images.crunchbase.com/assets/images/resized/0011/6817/116817v1-max-250x250.jpg"],
     [[284,
       28],
      "http://api-images.crunchbase.com/assets/images/resized/0011/6817/116817v1-max-450x450.jpg"]],
   "attribution": null},
 "products":
  [],
 "relationships":
  [],
 "competitions":
  [],
 "providerships":
  [],
 "total_money_raised": "$0",
 "funding_rounds":
  [],
 "investments":
  [],
 "acquisition": null,
 "acquisitions":
  [],
 "offices":
  [{"description": "",
    "address1": "425 Oser Avenue",
    "address2": "",
    "zip_code": "11788",
    "city": "Hauppauge",
    "state_code": "NY",
    "country_code": "USA",
    "latitude": null,
    "longitude": null}],
 "milestones":
  [{"id": 11358,
    "description": "DRS AND THALES JOINT VENTURE ACQUIRES ADVANCED ACOUSTIC CONCEPTS.",
    "stoned_year": 2011,
    "stoned_month": 1,
    "stoned_day": 10,
    "source_url": "http://www.freshnews.com/news/435673/drs-and-thales-joint-venture-acquires-advanced-acoustic-concepts-",
    "source_text": "",
    "source_description": "DRS AND THALES JOINT VENTURE ACQUIRES ADVANCED ACOUSTIC CONCEPTS",
    "stoneable_type": "Company",
    "stoned_value": null,
    "stoned_value_type": null,
    "stoned_acquirer": null,
    "stoneable":
     {"name": "Advanced Acoustic Concepts",
      "permalink": "advanced-acoustic-concepts"}}],
 "ipo": null,
 "video_embeds":
  [],
 "screenshots":
  [{"available_sizes":
     [[[150,
        122],
       "http://api-images.crunchbase.com/assets/images/resized/0011/6818/116818v1-max-150x150.jpg"],
      [[250,
        203],
       "http://api-images.crunchbase.com/assets/images/resized/0011/6818/116818v1-max-250x250.jpg"],
      [[450,
        366],
       "http://api-images.crunchbase.com/assets/images/resized/0011/6818/116818v1-max-450x450.jpg"]],
    "attribution": null}],
 "external_links":
  [],
 "partners":
  []}
