{"name": "Advent Interactive",
 "permalink": "advent-interactive",
 "crunchbase_url": "http://www.crunchbase.com/company/advent-interactive",
 "homepage_url": "http://www.adventinteractive.co.uk",
 "blog_url": "http://www.adventinteractive.co.uk/blog/",
 "blog_feed_url": "http://www.adventinteractive.co.uk/blog/feed",
 "twitter_username": "adventuk",
 "category_code": "ecommerce",
 "number_of_employees": 20,
 "founded_year": 2009,
 "founded_month": 11,
 "founded_day": 18,
 "deadpooled_year": null,
 "deadpooled_month": null,
 "deadpooled_day": null,
 "deadpooled_url": null,
 "tag_list": "web-design, logo-design, seo, london, united-kingdom, social-media-marketing, facebook-apps, iphone-apps-development",
 "alias_list": null,
 "email_address": "info@adventinteractive.co.uk",
 "phone_number": "+44 203 0264703",
 "description": "London Web Design Company!",
 "created_at": "Fri Oct 15 09:51:23 UTC 2010",
 "updated_at": "Fri Oct 15 18:35:30 UTC 2010",
 "overview": "\u003Cp\u003EAdvent Interactive Ltd is a web design, IT consulting and online marketing company in London, United Kingdom which strategically integrates cutting-edge technology with market insight to boost business operations and improve operational efficiency. \u003C/p\u003E\n\n\u003Cp\u003EAdvent Interactive specializes in:\u003C/p\u003E\n\n\u003Cp\u003EWeb Design \nWebsite Development \nE-Commerce Websites \nFacebook Applications \niPhone Application Development \nSearch Engine Marketing \nIT Staffing Services \nSearch Engine Optimization\u003C/p\u003E",
 "image": null,
 "products":
  [],
 "relationships":
  [],
 "competitions":
  [],
 "providerships":
  [],
 "total_money_raised": "$0",
 "funding_rounds":
  [],
 "investments":
  [],
 "acquisition": null,
 "acquisitions":
  [],
 "offices":
  [],
 "milestones":
  [],
 "ipo": null,
 "video_embeds":
  [],
 "screenshots":
  [],
 "external_links":
  [],
 "partners":
  []}
