{"name": "Adverplans",
 "permalink": "adverplans",
 "crunchbase_url": "http://www.crunchbase.com/company/adverplans",
 "homepage_url": "http://www.adverplans.com",
 "blog_url": "",
 "blog_feed_url": "",
 "twitter_username": "adverplans",
 "category_code": "advertising",
 "number_of_employees": 5,
 "founded_year": 2010,
 "founded_month": 9,
 "founded_day": 1,
 "deadpooled_year": null,
 "deadpooled_month": null,
 "deadpooled_day": null,
 "deadpooled_url": null,
 "tag_list": "online-marketing, small-business, marketing-plans, pay-per-click, ppc, search-engine-optimization, seo, email-marketing, web-analytics, social-media",
 "alias_list": null,
 "email_address": "hello@adverplans.com",
 "phone_number": "",
 "description": "Interactive Online Marketing Plans",
 "created_at": "Wed Oct 13 21:33:02 UTC 2010",
 "updated_at": "Thu Mar 17 06:08:51 UTC 2011",
 "overview": "\u003Cp\u003EAdverplans provides interactive online marketing plans that are customized for smaller businesses. \u003C/p\u003E\n\n\u003Cp\u003ETheir offering is targeted at smaller businesses that cannot afford a full service agency, but have employee resources who, with the right guidance, could execute an online marketing plan.\u003C/p\u003E\n\n\u003Cp\u003EThe Adverplans team consists of 5 ex-agency entrepreneurs who have a passion for helping smaller businesses compete and grow their businesses using the latest strategies and techniques in online marketing.\u003C/p\u003E\n\n\u003Cp\u003EThe custom marketing plans consist of an entire suite of components including search engine optimization (SEO), pay per click (PPC), email marketing, local marketing, website design and optimization, social media marketing, blogging, mobile marketing, and web analytics.\u003C/p\u003E\n\n\u003Cp\u003EThe marketing plans are hosted online where the client can interact with marketing experts from Adverplans. Clients get feedback, messages, chats, milestones, instructions as they are executing. It adds a social layer to marketing plans.\u003C/p\u003E\n\n\u003Cp\u003EIf a task cannot be completed by the client the Adverplans team can implement at a discounted rate.\u003C/p\u003E\n\n\u003Cp\u003EThe client also benefits by training employees who perform the work, and employees benefit by learning new skills as a bi-product.\u003C/p\u003E\n\n\u003Cp\u003EAdverplans will audit a small business\u0026#8217; current marketing efforts for free - when you sign up you\u0026#8217;ll notice they have a strong focus on the interactive element, with amazing service and support to their clients.\u003C/p\u003E",
 "image": null,
 "products":
  [],
 "relationships":
  [{"is_past": true,
    "title": "Consultant",
    "person":
     {"first_name": "Jon",
      "last_name": "Parker",
      "permalink": "jon-parker"}},
   {"is_past": true,
    "title": "Consultant",
    "person":
     {"first_name": "Mike",
      "last_name": "Hernalsteen",
      "permalink": "mike-hernalsteen"}},
   {"is_past": true,
    "title": "Consultant",
    "person":
     {"first_name": "Taylor",
      "last_name": "Pratt",
      "permalink": "taylor-pratt"}}],
 "competitions":
  [{"competitor":
     {"name": "HubSpot",
      "permalink": "hubspot"}},
   {"competitor":
     {"name": "Yodle",
      "permalink": "yodle"}},
   {"competitor":
     {"name": "Duct Tape Marketing",
      "permalink": "duct-tape-marketing"}},
   {"competitor":
     {"name": "Intuit",
      "permalink": "intuit"}},
   {"competitor":
     {"name": "OrangeSoda",
      "permalink": "orangesoda"}},
   {"competitor":
     {"name": "ReachLocal",
      "permalink": "reachlocal"}}],
 "providerships":
  [],
 "total_money_raised": "$0",
 "funding_rounds":
  [],
 "investments":
  [],
 "acquisition": null,
 "acquisitions":
  [],
 "offices":
  [{"description": "Headquarters",
    "address1": "5000 Lakeside Drive",
    "address2": "",
    "zip_code": "48875",
    "city": "Portland",
    "state_code": "MI",
    "country_code": "USA",
    "latitude": null,
    "longitude": null}],
 "milestones":
  [],
 "ipo": null,
 "video_embeds":
  [],
 "screenshots":
  [],
 "external_links":
  [],
 "partners":
  []}
