{"name": "Adventure Indochina Travel",
 "permalink": "adventure-indochina-travel",
 "crunchbase_url": "http://www.crunchbase.com/company/adventure-indochina-travel",
 "homepage_url": "http://adventureindochina.com.vn",
 "blog_url": "",
 "blog_feed_url": "",
 "twitter_username": null,
 "category_code": "other",
 "number_of_employees": 30,
 "founded_year": 2006,
 "founded_month": 1,
 "founded_day": 2,
 "deadpooled_year": null,
 "deadpooled_month": null,
 "deadpooled_day": null,
 "deadpooled_url": null,
 "tag_list": "sapa-tours, sapa-tour, sapa-trains, sapa-train, sapa-trek",
 "alias_list": null,
 "email_address": "thanhphongnguyen4@gmail.com",
 "phone_number": "0084422152153",
 "description": "",
 "created_at": "Sun Jan 16 09:43:02 UTC 2011",
 "updated_at": "Tue Jan 25 03:17:18 UTC 2011",
 "overview": "\u003Cp\u003EAdventure Indochina  is a specialist travel agency servicing international and domestic clients in the Indochina region. We can service your travel needs within Vietnam, Cambodia and Laos. Our dynamic and enthusiastic staff are well trained and very experienced and are multilingual. \u003C/p\u003E\n\n\u003Cp\u003EWe can meet your needs in English, French and Chinese languages and we are always willing to help our clients in all circumstances and urgent cases. We are committed to providing services of the highest standard to our customers to ensure that your experience is satisfying and you enjoy many unforgettable moments when travelling with us.\u003C/p\u003E\n\n\u003Cp\u003EOur head office at center of  Pho Co (old quarter)  in Ha Noi,we have a plan opening  a branch in Hochiminh city  , Adventure Indochina  has a network of travel agents, both domestically and internationally, which ensure quality services and competitive prices in the Indochina region. We have established a long-term relationship with service suppliers which ensure not only competitive prices but also quality service. Adventure Indochina is continually striving to satisfy a wide range of customer requirements. By achieving this, we are able to contribute to the diversification and development of the tourism industry in Viet Nam and Indochina.\u003C/p\u003E\n\n\u003Cp\u003EOur mission is to present the history, culture and beauty of Vietnam and Indochina to international friends as well as to introduce world culture to Vietnamese people. We will continue to enhance our status in the travel market, both domestically and internationally.\u003C/p\u003E\n\n\u003Cp\u003EOur Tourism tours and other sevices :\nInbound  tours ( group tour and private tour):\nSightseeing of historical sites and landscapes\nAdventure trip through National Park and hilltribe villagas\nPilgrimage tours for veterans\nRelaxation tours at luxury resort sattered along the breadth and length of Vietnam\u0026#8230;..\u003C/p\u003E\n\n\u003Cp\u003EOutbound tours ( group tour and private tour): Laos ,Cambodia,China,Thailand\nOther services:\n\u00e2\u20ac\u00a2 Reservation of plane, train,bus ticket \n\u00e2\u20ac\u00a2 Car rental service \n\u00e2\u20ac\u00a2  Visa arrangement\nBest Hotels Reservation Services with great discount rates\u003C/p\u003E\n\n\u003Cp\u003EOur purpose is bringing you great satisfactions about : reasonable price,quality service,professional and hospitable staffs. \nYour pleasure is our success.\u003C/p\u003E\n\n\u003Cp\u003E1 Hang Buom street, Hoan Kiem District, Hanoi, Vietnam\nTel: (84-4) 2 2152153 \u00e2\u20ac\u201c 3 92363143; Fax: (84-4)3 92363143\nwww.adventureindochina.com.vn\nwww.adventureindochina.com \nwww.vietnamindochinatravel.com\nwww.dulichdongduong.com.vn\nwww.vietnamindochinatravel.com.vn\nVietnam voyage,Vietnam voyages,voyages Vietnam,voyage Vietnam\nSapa tours,Sapa tour,Sapa trek,Sapa treking,Sapa train,Sapa trains\nEmail: info@adventureindochina.com -info@vietnamindochinatravel.com\u003C/p\u003E\n\n\u003Cp\u003EHotline: 0903123772 -0903299389 Sale Manager\u003C/p\u003E",
 "image": null,
 "products":
  [],
 "relationships":
  [],
 "competitions":
  [],
 "providerships":
  [],
 "total_money_raised": "$0",
 "funding_rounds":
  [],
 "investments":
  [],
 "acquisition": null,
 "acquisitions":
  [],
 "offices":
  [],
 "milestones":
  [],
 "ipo": null,
 "video_embeds":
  [],
 "screenshots":
  [],
 "external_links":
  [],
 "partners":
  []}
