{"name": "AdVertive",
 "permalink": "advertive",
 "crunchbase_url": "http://www.crunchbase.com/company/advertive",
 "homepage_url": "http://AdVertive.com",
 "blog_url": "",
 "blog_feed_url": "",
 "twitter_username": "Advertive",
 "category_code": "advertising",
 "number_of_employees": 3,
 "founded_year": null,
 "founded_month": null,
 "founded_day": null,
 "deadpooled_year": null,
 "deadpooled_month": null,
 "deadpooled_day": null,
 "deadpooled_url": null,
 "tag_list": "advertive, online-advertising, behavioral-targeting, rtb",
 "alias_list": null,
 "email_address": "info@advertive.com",
 "phone_number": "+65 (64012655)",
 "description": "Behavioral Ad Network",
 "created_at": "Sun Oct 31 15:45:54 UTC 2010",
 "updated_at": "Tue Oct 16 10:42:23 UTC 2012",
 "overview": "\u003Cp\u003EAdVertive is an international online display advertising network which brings about new targeting options for Advertisers. AdVertive features an efficient ad serving platform targeted at generating maximum profits for premium publishers while providing advertisers with accurate optimization, excellent support, and great value.\u003C/p\u003E\n\n\u003Cp\u003EBy utilizing behavioral targeting across our large pool of inventory, we allow advertisers to reach their specific intended audience. We provide a simple, yet efficient inventory management platform that enables our publishers to manage their inventory at ease while achieving above industry CPM rates.\u003C/p\u003E\n\n\u003Cp\u003EWith office in Singapore, AdVertive build successful campaigns for advertisers in the Asia Pacific region.\u003C/p\u003E",
 "image":
  {"available_sizes":
    [[[150,
       59],
      "http://api-images.crunchbase.com/assets/images/resized/0010/8041/108041v4-max-150x150.png"],
     [[250,
       99],
      "http://api-images.crunchbase.com/assets/images/resized/0010/8041/108041v4-max-250x250.png"],
     [[450,
       178],
      "http://api-images.crunchbase.com/assets/images/resized/0010/8041/108041v4-max-450x450.png"]],
   "attribution": null},
 "products":
  [],
 "relationships":
  [{"is_past": false,
    "title": "Chief Executive Officer \u0026 Co-Founder",
    "person":
     {"first_name": "Derrick",
      "last_name": "Goh",
      "permalink": "derrick-goh"}},
   {"is_past": true,
    "title": "Co-Founder",
    "person":
     {"first_name": "Ryan",
      "last_name": "Liao",
      "permalink": "ryan-liao"}}],
 "competitions":
  [],
 "providerships":
  [],
 "total_money_raised": "$0",
 "funding_rounds":
  [],
 "investments":
  [],
 "acquisition": null,
 "acquisitions":
  [],
 "offices":
  [{"description": "Singapore",
    "address1": "21 BUKIT BATOK CRESCENT #12-79 WCEGA TOWER",
    "address2": "",
    "zip_code": "658065",
    "city": "Singapore",
    "state_code": null,
    "country_code": "SGP",
    "latitude": null,
    "longitude": null}],
 "milestones":
  [],
 "ipo": null,
 "video_embeds":
  [],
 "screenshots":
  [],
 "external_links":
  [],
 "partners":
  []}
