{"name": "Advitech",
 "permalink": "advitech",
 "crunchbase_url": "http://www.crunchbase.com/company/advitech",
 "homepage_url": "http://www.advitech.com",
 "blog_url": "",
 "blog_feed_url": "",
 "twitter_username": null,
 "category_code": "biotech",
 "number_of_employees": null,
 "founded_year": null,
 "founded_month": null,
 "founded_day": null,
 "deadpooled_year": null,
 "deadpooled_month": null,
 "deadpooled_day": null,
 "deadpooled_url": null,
 "tag_list": "",
 "alias_list": "",
 "email_address": "info@advitech.com",
 "phone_number": "(403) 770-9654",
 "description": "",
 "created_at": "Thu Nov 04 07:21:50 UTC 2010",
 "updated_at": "Thu Nov 04 07:21:49 UTC 2010",
 "overview": "\u003Cp\u003EAdvitech Inc., a health sciences and technology company, engages in the research, development, and commercialization of nutraceutical ingredients and products to prevent immune-mediated inflammatory disorders, such as psoriasis, eczema, and inflammatory bowel disease. The company offers Dermylex for the treatment of mild-to-moderate psoriasis; products for skin regeneration, remodeling, and skin immune support applications; and a line of bioactive growth factors for applications for the immune system and athletic performance. It also has a wound healing research program to develop applications for its XP-828L and IM technological platforms. Advitech provides its products through distributors in Canada, the United States, Mexico, Europe, France, Belgium, Taiwan, and Indonesia. The company was incorporated in 1995 and is headquartered in Qu\u00c3\u00a9bec City, Canada.\u003C/p\u003E",
 "image":
  {"available_sizes":
    [[[150,
       42],
      "http://api-images.crunchbase.com/assets/images/resized/0010/8631/108631v1-max-150x150.png"],
     [[219,
       62],
      "http://api-images.crunchbase.com/assets/images/resized/0010/8631/108631v1-max-250x250.png"],
     [[219,
       62],
      "http://api-images.crunchbase.com/assets/images/resized/0010/8631/108631v1-max-450x450.png"]],
   "attribution": null},
 "products":
  [],
 "relationships":
  [{"is_past": false,
    "title": "President \u0026 CEO",
    "person":
     {"first_name": "Michael",
      "last_name": "Stangel",
      "permalink": "michael-stangel"}},
   {"is_past": false,
    "title": "CFO",
    "person":
     {"first_name": "Murray",
      "last_name": "Bruce",
      "permalink": "murray-bruce"}}],
 "competitions":
  [],
 "providerships":
  [],
 "total_money_raised": "$1.44M",
 "funding_rounds":
  [{"id": 19872,
    "round_code": "unattributed",
    "source_url": "http://www.advitech.com/en/voir/press-releases/advitech-announces-closing-of-private-placement-of-can--15-million",
    "source_description": "Advitech Announces Closing of Private Placement of CAN $1.5 Million",
    "raised_amount": 1440000.0,
    "raised_currency_code": "USD",
    "funded_year": 2010,
    "funded_month": 7,
    "funded_day": 21,
    "investments":
     [{"company": null,
       "financial_org":
        {"name": "Avrio Ventures",
         "permalink": "avrio-ventures"},
       "person": null}]}],
 "investments":
  [],
 "acquisition": null,
 "acquisitions":
  [],
 "offices":
  [{"description": "",
    "address1": "2985 - 23rd Avenue NE",
    "address2": "#134",
    "zip_code": "T1Y 7L3",
    "city": "Calgary (Alberta)",
    "state_code": null,
    "country_code": "CAN",
    "latitude": null,
    "longitude": null}],
 "milestones":
  [],
 "ipo": null,
 "video_embeds":
  [],
 "screenshots":
  [],
 "external_links":
  [],
 "partners":
  []}
