{"name": "Adviesmanager.nl",
 "permalink": "adviesmanager-nl",
 "crunchbase_url": "http://www.crunchbase.com/company/adviesmanager-nl",
 "homepage_url": "http://www.adviesmanager.nl",
 "blog_url": "http://www.adviesmanager.nl",
 "blog_feed_url": "http://www.adviesmanager.nl",
 "twitter_username": null,
 "category_code": "finance",
 "number_of_employees": 1,
 "founded_year": 2010,
 "founded_month": 9,
 "founded_day": 15,
 "deadpooled_year": null,
 "deadpooled_month": null,
 "deadpooled_day": null,
 "deadpooled_url": null,
 "tag_list": "financieel, management, organisatie, ict-advies, tips, geld, nieuws, manager",
 "alias_list": null,
 "email_address": "",
 "phone_number": "",
 "description": "Financieel Management ICT advies",
 "created_at": "Tue Sep 28 11:42:39 UTC 2010",
 "updated_at": "Fri Oct 08 18:53:49 UTC 2010",
 "overview": "\u003Cp\u003EDe onderneming heeft als doel het verstrekken van informatie en advies op het gebied van Financieel, Management, Organisatie en ICT zaken.\u003C/p\u003E\n\n\u003Cp\u003ENaast het nieuws van de dag zal de kennisdatabase wekelijks worden uitbreid met diepgaande artikelen waarin Adviesmanager haar eigen visie en advies geeft.\nDoel is hiermee een belangrijke informatie bron te worden voor zowel de manager als de particulier met vragen op een van de genoemde vakgebieden.\u003C/p\u003E",
 "image": null,
 "products":
  [],
 "relationships":
  [],
 "competitions":
  [],
 "providerships":
  [],
 "total_money_raised": "\u20ac10k",
 "funding_rounds":
  [{"id": 18562,
    "round_code": "a",
    "source_url": "",
    "source_description": "",
    "raised_amount": 10000.0,
    "raised_currency_code": "EUR",
    "funded_year": 2010,
    "funded_month": 9,
    "funded_day": 15,
    "investments":
     []}],
 "investments":
  [],
 "acquisition": null,
 "acquisitions":
  [],
 "offices":
  [{"description": "Hoofdkantoor",
    "address1": "",
    "address2": "",
    "zip_code": "",
    "city": "Groningen",
    "state_code": null,
    "country_code": "NLD",
    "latitude": null,
    "longitude": null}],
 "milestones":
  [],
 "ipo": null,
 "video_embeds":
  [],
 "screenshots":
  [],
 "external_links":
  [],
 "partners":
  []}
