{"name": "Adwera Capital",
 "permalink": "adwera-capital",
 "crunchbase_url": "http://www.crunchbase.com/company/adwera-capital",
 "homepage_url": null,
 "blog_url": "",
 "blog_feed_url": "",
 "twitter_username": "adweracapital",
 "category_code": "enterprise",
 "number_of_employees": 3,
 "founded_year": 2010,
 "founded_month": 7,
 "founded_day": 31,
 "deadpooled_year": null,
 "deadpooled_month": null,
 "deadpooled_day": null,
 "deadpooled_url": null,
 "tag_list": "gold, silver, bullion, precious-metals, capital-preservation, wealth-management",
 "alias_list": null,
 "email_address": "contact@adweracapital.com",
 "phone_number": "",
 "description": "",
 "created_at": "Mon Oct 25 07:50:51 UTC 2010",
 "updated_at": "Thu Jan 27 02:58:49 UTC 2011",
 "overview": "\u003Cp\u003EAdwera Capital helps small and mid-sized investors preserve the value of their hard-earned money through inflation resistant currency such as physical Gold \u0026amp; Silver Bullion. As a stable and consistent store of value, precious metals are an ideal hedge against currency risks during periods of economic crisis. Our competitive premiums ensure that our clients receive the best possible market rates. Contact us today to secure your wealth against future uncertainty!\u003C/p\u003E",
 "image":
  {"available_sizes":
    [[[150,
       76],
      "http://api-images.crunchbase.com/assets/images/resized/0010/7118/107118v2-max-150x150.jpg"],
     [[166,
       85],
      "http://api-images.crunchbase.com/assets/images/resized/0010/7118/107118v2-max-250x250.jpg"],
     [[166,
       85],
      "http://api-images.crunchbase.com/assets/images/resized/0010/7118/107118v2-max-450x450.jpg"]],
   "attribution": null},
 "products":
  [],
 "relationships":
  [{"is_past": true,
    "title": "",
    "person":
     {"first_name": "John",
      "last_name": "Daniele",
      "permalink": "john-daniele"}}],
 "competitions":
  [],
 "providerships":
  [],
 "total_money_raised": "$0",
 "funding_rounds":
  [],
 "investments":
  [],
 "acquisition": null,
 "acquisitions":
  [],
 "offices":
  [],
 "milestones":
  [],
 "ipo": null,
 "video_embeds":
  [],
 "screenshots":
  [],
 "external_links":
  [{"external_url": "http://www.adweracapital.com",
    "title": "Adwera Capital Website"}],
 "partners":
  []}
