{"name": "Adwindow",
 "permalink": "adwindow",
 "crunchbase_url": "http://www.crunchbase.com/company/adwindow",
 "homepage_url": "http://www.adwindow.net",
 "blog_url": "http://www.adwindow.net",
 "blog_feed_url": "",
 "twitter_username": null,
 "category_code": "hardware",
 "number_of_employees": null,
 "founded_year": 2005,
 "founded_month": 2,
 "founded_day": null,
 "deadpooled_year": null,
 "deadpooled_month": null,
 "deadpooled_day": null,
 "deadpooled_url": null,
 "tag_list": "projection, audiovisual, projector, rear-projection, projection-film, projection-screen, screen, digital-signage, shop-window, store-front, visual-communication, anti-glare, kitapon, showi, advertising",
 "alias_list": null,
 "email_address": "adwindow@adwindow.net",
 "phone_number": "0034 932 296 793",
 "description": "Adhesive projection film screens",
 "created_at": "Wed Sep 08 15:35:28 UTC 2010",
 "updated_at": "Wed Sep 08 17:59:15 UTC 2010",
 "overview": "\u003Cp\u003EADWINDOW is the manufacturer of bright high-tech film-screens for video projection developed for both interior and exterior use, in full daylight or at night. \u003C/p\u003E\n\n\u003Cp\u003EThe focus of ADWINDOW\u0026#8217;s technology is centered around the production of adhesive, flexible and affordable rear-projection materials. ADWINDOW  films are light, easy to install, very resistant, and they contribute an added value to the ambitious audiovisual and digital signage projects. \u003C/p\u003E\n\n\u003Cp\u003EADWINDOW\u0026#8217;s films are used in several areas, such as audiovisual project (exhibitions, events, trade shows, museums), digital signage and dynamic advertising, architecture and design.\nAdwindow focused particularly in the last years in developping solution for communication projects in shop and building windows. Our R + D aims to supply adequate answers for all needs: visible screens even in full daylight, large screens for nighttime that can be used as printed signs during the day, screens that don\u00e2\u20ac\u2122t obstruct the insider\u00e2\u20ac\u2122s view toward the outside when an image is projected on the windows\u0026#8230; \nAdwindow\u0026#8217;s products are made in Spain, and have several patents and licenses.\u003C/p\u003E\n\n\u003Cp\u003EAdwindow products range\u003C/p\u003E\n\n\u003Cp\u003EAdwindow sells advanced adhesive screens, with enhancements compared to other adhesive \u0026#8220;classical\u0026#8221; projection films.\u003C/p\u003E\n\n\u003Cul\u003E\n\u003Cli\u003E\u003Cp\u003EKITAPON is the same adhesive screen, but there is no glue or chemical adhesive. We developped a specific polymer that is dry, but stick on transparent surfaces like glass, acrylic or PVC. As it is NOT an adhesive layer, you can stick on and peel off without limits. Also, it is thicker than a traditional film: KITAPON is 700 microns, so much more resistant, storable and transportable.\u003C/p\u003E\u003C/li\u003E\n\u003Cli\u003E\u003Cp\u003ESHOWI is our range for shop window use. SHOWI Contrast and the new SHOWI UX Contrast are permanent adhesive films (these are with high stack chemical adhesive), for external mount on windows. As it includes a built-in anti-glare coating, we obtain a strong gain of visibility in daylight. Also, as the screen is put outside the store, we have add a very hard coating for anti-grafiti and anti-scratch protection: Showi can be painted with permanent marker or spray, then cleaned up it with any class of dissolvent or acid.\u003C/p\u003E\u003C/li\u003E\n\u003C/ul\u003E",
 "image":
  {"available_sizes":
    [[[150,
       29],
      "http://api-images.crunchbase.com/assets/images/resized/0010/0970/100970v2-max-150x150.jpg"],
     [[243,
       47],
      "http://api-images.crunchbase.com/assets/images/resized/0010/0970/100970v2-max-250x250.jpg"],
     [[243,
       47],
      "http://api-images.crunchbase.com/assets/images/resized/0010/0970/100970v2-max-450x450.jpg"]],
   "attribution": null},
 "products":
  [],
 "relationships":
  [{"is_past": false,
    "title": "Owner",
    "person":
     {"first_name": "Fran",
      "last_name": "Cassaing",
      "permalink": "fran-cassaing"}}],
 "competitions":
  [],
 "providerships":
  [],
 "total_money_raised": "$0",
 "funding_rounds":
  [],
 "investments":
  [],
 "acquisition": null,
 "acquisitions":
  [],
 "offices":
  [{"description": "Headquarters",
    "address1": "",
    "address2": "",
    "zip_code": "08015",
    "city": "Barcelona",
    "state_code": null,
    "country_code": "ESP",
    "latitude": null,
    "longitude": null}],
 "milestones":
  [],
 "ipo": null,
 "video_embeds":
  [],
 "screenshots":
  [{"available_sizes":
     [[[112,
        150],
       "http://api-images.crunchbase.com/assets/images/resized/0010/0969/100969v2-max-150x150.jpg"],
      [[187,
        250],
       "http://api-images.crunchbase.com/assets/images/resized/0010/0969/100969v2-max-250x250.jpg"],
      [[337,
        450],
       "http://api-images.crunchbase.com/assets/images/resized/0010/0969/100969v2-max-450x450.jpg"]],
    "attribution": null}],
 "external_links":
  [{"external_url": "http://www.vimeo.com/user3039842/videos",
    "title": "Adwindow vids"}],
 "partners":
  []}
