{"name": "Adyen",
 "permalink": "adyen",
 "crunchbase_url": "http://www.crunchbase.com/company/adyen",
 "homepage_url": "http://www.adyen.com",
 "blog_url": "",
 "blog_feed_url": "",
 "twitter_username": "adyenpayments",
 "category_code": "ecommerce",
 "number_of_employees": 100,
 "founded_year": 2006,
 "founded_month": null,
 "founded_day": null,
 "deadpooled_year": null,
 "deadpooled_month": null,
 "deadpooled_day": null,
 "deadpooled_url": null,
 "tag_list": "",
 "alias_list": null,
 "email_address": "info@adyen.com",
 "phone_number": "+31 20 240 1240",
 "description": "Payment Service Provider",
 "created_at": "Fri Dec 10 18:21:02 UTC 2010",
 "updated_at": "Wed Jan 29 00:50:51 UTC 2014",
 "overview": "\u003Cp\u003EAdyen is a global provider of international and omni-channel payment solutions. Adyen holds full acquiring licenses for Visa, MasterCard, American Express, Diners, Discover and Union Pay schemes enabling its platform to process payments from any sales channels including online, mobile, and point-of-sale (POS). The Platform is highly scalable and can be completely customized to meet any merchant requirement. Adyen processes 251 local payment methods and 187 transaction currencies used on six continents, making it the ideal partner for international expansion. Many high profile customers use Adyen including Groupon, Indiegogo, Wix, TomTom, Graze, Farfetch, Badoo, SoundCloud, Mango, KLM, CityJet, i-Parcel and Vodafone. Adyen is headquartered in Amsterdam, with offices in London, Paris, Berlin, Stockholm, San Francisco, Boston, Sao Paulo, and Singapore. The company processed more than USD 14 billion in payments transactions in 2013.\u003C/p\u003E\n\n\u003Cp\u003EIn 2013, Adyen announced it had processed over $14 billion in payments transactions worldwide, an increase of 40% compared to 2012. Adyen is fully PCI Level 1 compliant and monitored by Trustwave, an ASV and a QSA for the Payment Card Industry Security Standards Council. Furthermore, Adyen is monitored by the Dutch Central Bank under the EC\u2019s Payment Services Directive (PSD, 2007/64/EC). As a principal member and licensed acquirer of Visa and MasterCard, Adyen is also adherent to the card schemes\u2019 operating regulations. Adyen is subject to yearly audits by Trustwave, Visa, MasterCard and banks with which we partner.\u003C/p\u003E",
 "image":
  {"available_sizes":
    [[[150,
       47],
      "http://api-images.crunchbase.com/assets/images/resized/0012/0972/120972v5-max-150x150.png"],
     [[250,
       79],
      "http://api-images.crunchbase.com/assets/images/resized/0012/0972/120972v5-max-250x250.png"],
     [[450,
       142],
      "http://api-images.crunchbase.com/assets/images/resized/0012/0972/120972v5-max-450x450.png"]],
   "attribution": null},
 "products":
  [{"name": "Adyen Payment Platform",
    "permalink": "adyen-payment-platform"}],
 "relationships":
  [{"is_past": false,
    "title": "CEO",
    "person":
     {"first_name": "Pieter",
      "last_name": "van der Does",
      "permalink": "pieter-van-der-does"}},
   {"is_past": false,
    "title": "CCO",
    "person":
     {"first_name": "Roelant",
      "last_name": "Prins",
      "permalink": "roelant-prins"}},
   {"is_past": false,
    "title": "CFO",
    "person":
     {"first_name": "Ingo",
      "last_name": "Uytdehaage",
      "permalink": "ingo-uytdehaage"}},
   {"is_past": false,
    "title": "President",
    "person":
     {"first_name": "Kamran",
      "last_name": "Zaki",
      "permalink": "kamran-zaki"}},
   {"is_past": true,
    "title": "VP of Sales",
    "person":
     {"first_name": "Helena",
      "last_name": "Galvez",
      "permalink": "helena-galvez"}},
   {"is_past": true,
    "title": "",
    "person":
     {"first_name": "Jan",
      "last_name": "Hammer",
      "permalink": "jan-hammer"}}],
 "competitions":
  [{"competitor":
     {"name": "WorldPay",
      "permalink": "worldpay"}}],
 "providerships":
  [{"title": "Public Relations ",
    "is_past": false,
    "provider":
     {"name": "Portfolio PR Group",
      "permalink": "portfolio-pr-group"}},
   {"title": "European PR Agency ",
    "is_past": false,
    "provider":
     {"name": "AxiCom PR",
      "permalink": "axicom-pr"}}],
 "total_money_raised": "$0",
 "funding_rounds":
  [],
 "investments":
  [],
 "acquisition": null,
 "acquisitions":
  [],
 "offices":
  [{"description": "Adyen HQ",
    "address1": "Simon Carmiggeltstraat 6-50",
    "address2": "1011 DJ",
    "zip_code": "1001 EB",
    "city": "Amsterdam",
    "state_code": null,
    "country_code": "NLD",
    "latitude": null,
    "longitude": null},
   {"description": "Berlin Office",
    "address1": "Unter den Linden 16",
    "address2": "",
    "zip_code": "10117",
    "city": "Berlin",
    "state_code": null,
    "country_code": "DEU",
    "latitude": null,
    "longitude": null},
   {"description": "London Office",
    "address1": "1 Alfred Place",
    "address2": "",
    "zip_code": "WC1E 7EB",
    "city": "London",
    "state_code": null,
    "country_code": "GBR",
    "latitude": null,
    "longitude": null},
   {"description": "Boston Office",
    "address1": "1900 West Park Drive,",
    "address2": "Suite 170",
    "zip_code": "MA 01581",
    "city": "Westborough",
    "state_code": "MA",
    "country_code": "USA",
    "latitude": null,
    "longitude": null},
   {"description": "Singapore Office",
    "address1": "Straits Trading Building 9, Battery Road",
    "address2": "",
    "zip_code": "049910",
    "city": "Singapore",
    "state_code": null,
    "country_code": "SGP",
    "latitude": null,
    "longitude": null},
   {"description": "S\u00e3o Paulo Office",
    "address1": "Av. Roque Petroni Jr. 999, 13\u00c2\u00b0 andar",
    "address2": "",
    "zip_code": "04707-910",
    "city": "S\u00c3\u00a3o Paulo",
    "state_code": null,
    "country_code": "BRA",
    "latitude": null,
    "longitude": null},
   {"description": "Stockholm Office",
    "address1": "M\u00e4ster Samuelsgatan 60",
    "address2": "",
    "zip_code": "SE-111 21",
    "city": "Stockholm",
    "state_code": null,
    "country_code": "SWE",
    "latitude": null,
    "longitude": null},
   {"description": "San Francisco Office",
    "address1": "539 Bryant Street",
    "address2": "",
    "zip_code": "CA 94107",
    "city": "San Francisco",
    "state_code": "CA",
    "country_code": "USA",
    "latitude": null,
    "longitude": null}],
 "milestones":
  [{"id": 12281,
    "description": "Founding of company. ",
    "stoned_year": 2006,
    "stoned_month": null,
    "stoned_day": null,
    "source_url": "http://en.wikipedia.org/wiki/Adyen",
    "source_text": null,
    "source_description": "Wikipedia entry ",
    "stoneable_type": "Company",
    "stoned_value": null,
    "stoned_value_type": null,
    "stoned_acquirer": null,
    "stoneable":
     {"name": "Adyen",
      "permalink": "adyen"}},
   {"id": 12282,
    "description": "Adyen selected to power Barclaycard Smartpay payment platform for corporate customers",
    "stoned_year": 2010,
    "stoned_month": 9,
    "stoned_day": 17,
    "source_url": "http://www.itpro.co.uk/627004/barclaycard-launches-customisable-smartpay-system",
    "source_text": null,
    "source_description": "Barclaycard launches new SmartPay System",
    "stoneable_type": "Company",
    "stoned_value": null,
    "stoned_value_type": null,
    "stoned_acquirer": null,
    "stoneable":
     {"name": "Adyen",
      "permalink": "adyen"}}],
 "ipo": null,
 "video_embeds":
  [{"embed_code": "\u003Ciframe width=\"430\" height=\"270\" src=\"http://www.youtube.com/embed/_20VvX4Edw4\" frameborder=\"0\" allowfullscreen\u003E\u003C/iframe\u003E",
    "description": "\u003Cp\u003EAdyen interview eDay 2012\u003C/p\u003E"},
   {"embed_code": "\u003Ciframe src=\"//player.vimeo.com/video/67395979\" width=\"430\" height=\"281\" frameborder=\"0\" webkitallowfullscreen mozallowfullscreen allowfullscreen\u003E\u003C/iframe\u003E \u003Cp\u003E\u003Ca href=\"http://vimeo.com/67395979\"\u003EBy the Grape - Adyen Omni-Channel Solution\u003C/a\u003E from \u003Ca href=\"http://vimeo.com/adyen\"\u003EAdyen\u003C/a\u003E on \u003Ca href=\"https://vimeo.com\"\u003EVimeo\u003C/a\u003E.\u003C/p\u003E",
    "description": "\u003Cp\u003EMultichannel By The Grape \u003C/p\u003E"},
   {"embed_code": "\u003Ciframe src=\"//player.vimeo.com/video/54584915?title=0\u0026amp;byline=0\u0026amp;portrait=0\" width=\"430\" height=\"234\" frameborder=\"0\" webkitallowfullscreen mozallowfullscreen allowfullscreen\u003E\u003C/iframe\u003E \u003Cp\u003E\u003Ca href=\"http://vimeo.com/54584915\"\u003EAdyen Shuttle\u003C/a\u003E from \u003Ca href=\"http://vimeo.com/adyen\"\u003EAdyen\u003C/a\u003E on \u003Ca href=\"https://vimeo.com\"\u003EVimeo\u003C/a\u003E.\u003C/p\u003E",
    "description": "\u003Cp\u003EThe Adyen Shuttle \u003C/p\u003E"}],
 "screenshots":
  [{"available_sizes":
     [[[150,
        71],
       "http://api-images.crunchbase.com/assets/images/resized/0012/0997/120997v6-max-150x150.png"],
      [[250,
        119],
       "http://api-images.crunchbase.com/assets/images/resized/0012/0997/120997v6-max-250x250.png"],
      [[450,
        215],
       "http://api-images.crunchbase.com/assets/images/resized/0012/0997/120997v6-max-450x450.png"]],
    "attribution": null},
   {"available_sizes":
     [[[113,
        150],
       "http://api-images.crunchbase.com/assets/images/resized/0012/0998/120998v6-max-150x150.png"],
      [[189,
        250],
       "http://api-images.crunchbase.com/assets/images/resized/0012/0998/120998v6-max-250x250.png"],
      [[340,
        450],
       "http://api-images.crunchbase.com/assets/images/resized/0012/0998/120998v6-max-450x450.png"]],
    "attribution": null}],
 "external_links":
  [],
 "partners":
  []}
