{"name": "Adynxx",
 "permalink": "adynxx",
 "crunchbase_url": "http://www.crunchbase.com/company/adynxx",
 "homepage_url": "http://www.adynxx.com",
 "blog_url": "",
 "blog_feed_url": "http://www.adynxx.com/press",
 "twitter_username": null,
 "category_code": "biotech",
 "number_of_employees": null,
 "founded_year": 2007,
 "founded_month": null,
 "founded_day": null,
 "deadpooled_year": null,
 "deadpooled_month": null,
 "deadpooled_day": null,
 "deadpooled_url": null,
 "tag_list": "",
 "alias_list": "",
 "email_address": "",
 "phone_number": "",
 "description": "",
 "created_at": "Wed Jan 12 13:05:56 UTC 2011",
 "updated_at": "Fri Dec 27 04:27:44 UTC 2013",
 "overview": "\u003Cp\u003EAdynxx a biopharmaceutical company, develops pain management drugs. It offers AYX1, a drug candidate to prevent acute post-operative pain and its transition into chronic pain; and AYX therapeutic programs, including long-term relief treatments for mature chronic pain syndromes. The company was incorporated in 2007 and is based in San Francisco, California.\u003C/p\u003E",
 "image":
  {"available_sizes":
    [[[150,
       38],
      "http://api-images.crunchbase.com/assets/images/resized/0024/5607/245607v1-max-150x150.jpg"],
     [[250,
       64],
      "http://api-images.crunchbase.com/assets/images/resized/0024/5607/245607v1-max-250x250.jpg"],
     [[381,
       98],
      "http://api-images.crunchbase.com/assets/images/resized/0024/5607/245607v1-max-450x450.jpg"]],
   "attribution": null},
 "products":
  [],
 "relationships":
  [{"is_past": false,
    "title": "Board Chairman",
    "person":
     {"first_name": "Dennis",
      "last_name": "Podlesak",
      "permalink": "dennis-podlesak"}},
   {"is_past": false,
    "title": "Founder \u0026 Chief Scientific Officer \u0026 Board Director",
    "person":
     {"first_name": "Julien",
      "last_name": "Mamet",
      "permalink": "julien-mamet"}},
   {"is_past": false,
    "title": "CMO",
    "person":
     {"first_name": "Donald",
      "last_name": "C. Manning",
      "permalink": "donald-c-manning"}},
   {"is_past": false,
    "title": "VP, Regulatory Affairs \u0026 Product Development",
    "person":
     {"first_name": "Scott",
      "last_name": "Harris",
      "permalink": "scott-harris"}},
   {"is_past": false,
    "title": "Corporate Controller",
    "person":
     {"first_name": "Dina",
      "last_name": "Gonzalez",
      "permalink": "dina-gonzalez"}},
   {"is_past": false,
    "title": "Director, Clinical Operations",
    "person":
     {"first_name": "Kimberly",
      "last_name": "Hebert",
      "permalink": "kimberly-hebert"}},
   {"is_past": false,
    "title": "Board Observer",
    "person":
     {"first_name": "Eric",
      "last_name": "Heil",
      "permalink": "eric-heil"}},
   {"is_past": false,
    "title": "Director, Operations",
    "person":
     {"first_name": "William",
      "last_name": "Martin",
      "permalink": "william-martin"}},
   {"is_past": false,
    "title": "Board Director",
    "person":
     {"first_name": "Stan",
      "last_name": "Abel",
      "permalink": "stan-abel"}},
   {"is_past": true,
    "title": "Board Director",
    "person":
     {"first_name": "Eckard",
      "last_name": "Weber",
      "permalink": "eckard-weber"}}],
 "competitions":
  [],
 "providerships":
  [],
 "total_money_raised": "$7.54M",
 "funding_rounds":
  [{"id": 20898,
    "round_code": "a",
    "source_url": "http://onbiovc.com/adynxx-inc-series-a-48m/",
    "source_description": "Adynxx, Inc.: Series A $4.8M",
    "raised_amount": 4800000.0,
    "raised_currency_code": "USD",
    "funded_year": 2011,
    "funded_month": 1,
    "funded_day": 11,
    "investments":
     []},
   {"id": 52596,
    "round_code": "private_equity",
    "source_url": "",
    "source_description": "VC Funding: Q3 2012 source",
    "raised_amount": 2000000.0,
    "raised_currency_code": "USD",
    "funded_year": 2012,
    "funded_month": 7,
    "funded_day": 1,
    "investments":
     [{"company": null,
       "financial_org":
        {"name": "Domain Associates",
         "permalink": "domain-associates"},
       "person": null}]},
   {"id": 59323,
    "round_code": "unattributed",
    "source_url": "http://www.sec.gov/Archives/edgar/data/1427066/000142706610000002/xslFormDX01/primary_doc.xml",
    "source_description": "SEC",
    "raised_amount": 740560.0,
    "raised_currency_code": "USD",
    "funded_year": 2010,
    "funded_month": 8,
    "funded_day": 3,
    "investments":
     []}],
 "investments":
  [],
 "acquisition": null,
 "acquisitions":
  [],
 "offices":
  [{"description": "",
    "address1": "665 Third Street",
    "address2": "Suite 250",
    "zip_code": "94107",
    "city": "San Francisco",
    "state_code": "CA",
    "country_code": "USA",
    "latitude": null,
    "longitude": null}],
 "milestones":
  [],
 "ipo": null,
 "video_embeds":
  [],
 "screenshots":
  [],
 "external_links":
  [],
 "partners":
  []}
