{"name": "Adzerk",
 "permalink": "adzerk",
 "crunchbase_url": "http://www.crunchbase.com/company/adzerk",
 "homepage_url": "http://www.adzerk.com",
 "blog_url": "http://www.adzerk.com/blog",
 "blog_feed_url": "http://www.adzerk.com/category/news-and-announcements/feed/",
 "twitter_username": "adzerk",
 "category_code": "advertising",
 "number_of_employees": 9,
 "founded_year": 2009,
 "founded_month": null,
 "founded_day": null,
 "deadpooled_year": null,
 "deadpooled_month": null,
 "deadpooled_day": null,
 "deadpooled_url": null,
 "tag_list": "adserving, durham, ad-platform",
 "alias_list": null,
 "email_address": "support@adzerk.com",
 "phone_number": " 1-866-786-7925",
 "description": "Next generation ad platform",
 "created_at": "Tue Jan 25 15:46:32 UTC 2011",
 "updated_at": "Wed Sep 04 22:57:16 UTC 2013",
 "overview": "\u003Cp\u003EAdzerk is focused on helping publishers make more money from their ad inventory by building a revolutionary ad serving platform.\u003C/p\u003E",
 "image":
  {"available_sizes":
    [[[150,
       64],
      "http://api-images.crunchbase.com/assets/images/resized/0012/3846/123846v9-max-150x150.png"],
     [[250,
       107],
      "http://api-images.crunchbase.com/assets/images/resized/0012/3846/123846v9-max-250x250.png"],
     [[300,
       129],
      "http://api-images.crunchbase.com/assets/images/resized/0012/3846/123846v9-max-450x450.png"]],
   "attribution": null},
 "products":
  [{"name": "The Adzerk Platform",
    "permalink": "the-adzerk-platform"}],
 "relationships":
  [{"is_past": false,
    "title": "CEO",
    "person":
     {"first_name": "James",
      "last_name": "Avery",
      "permalink": "james-avery"}},
   {"is_past": false,
    "title": "CTO",
    "person":
     {"first_name": "Nate",
      "last_name": "Kohari",
      "permalink": "nate-kohari"}},
   {"is_past": false,
    "title": "Board",
    "person":
     {"first_name": "Bob",
      "last_name": "Senoff",
      "permalink": "robert-m-senoff"}},
   {"is_past": false,
    "title": "Board Member",
    "person":
     {"first_name": "Peter",
      "last_name": "Horan",
      "permalink": "peter-horan"}},
   {"is_past": false,
    "title": "Engineering",
    "person":
     {"first_name": "Kacy",
      "last_name": "Fortner",
      "permalink": "kacy-fortner"}},
   {"is_past": true,
    "title": "Vice President of Sales/Product Management",
    "person":
     {"first_name": "Andy",
      "last_name": "Schrader",
      "permalink": "andy-schrader"}},
   {"is_past": true,
    "title": "",
    "person":
     {"first_name": "Steve J.",
      "last_name": "Gardner",
      "permalink": "steve-j-gardner"}},
   {"is_past": true,
    "title": "UX Engineer",
    "person":
     {"first_name": "Sarah",
      "last_name": "Kahn",
      "permalink": "sarah-kahn"}}],
 "competitions":
  [],
 "providerships":
  [],
 "total_money_raised": "$650k",
 "funding_rounds":
  [{"id": 21969,
    "round_code": "seed",
    "source_url": "http://techcrunch.com/2011/07/12/ad-serving-technology-startup-adzerk-secures-650000/",
    "source_description": "Ad Serving Technology Startup Adzerk Secures $650,000",
    "raised_amount": 650000.0,
    "raised_currency_code": "USD",
    "funded_year": 2011,
    "funded_month": 7,
    "funded_day": 12,
    "investments":
     [{"company": null,
       "financial_org": null,
       "person":
        {"first_name": "Bob",
         "last_name": "Senoff",
         "permalink": "robert-m-senoff"}},
      {"company": null,
       "financial_org": null,
       "person":
        {"first_name": "Nat",
         "last_name": "Turner",
         "permalink": "nat-turner"}},
      {"company": null,
       "financial_org": null,
       "person":
        {"first_name": "Zach",
         "last_name": "Weinberg",
         "permalink": "zach-weinberg"}},
      {"company": null,
       "financial_org": null,
       "person":
        {"first_name": "Neil",
         "last_name": "Patel",
         "permalink": "neil-patel"}},
      {"company": null,
       "financial_org": null,
       "person":
        {"first_name": "Brian",
         "last_name": "Handly",
         "permalink": "brian-handly"}},
      {"company": null,
       "financial_org":
        {"name": "Great Oaks Venture Capital",
         "permalink": "great-oaks-venture-capital"},
       "person": null}]}],
 "investments":
  [],
 "acquisition": null,
 "acquisitions":
  [],
 "offices":
  [{"description": "",
    "address1": "501 Washington Street",
    "address2": "Suite D",
    "zip_code": "27701",
    "city": "Durham",
    "state_code": "NC",
    "country_code": "USA",
    "latitude": null,
    "longitude": null}],
 "milestones":
  [],
 "ipo": null,
 "video_embeds":
  [],
 "screenshots":
  [],
 "external_links":
  [],
 "partners":
  []}
