{"name": "Adzookie.com",
 "permalink": "adzookie-com",
 "crunchbase_url": "http://www.crunchbase.com/company/adzookie-com",
 "homepage_url": "http://www.Adzookie.com",
 "blog_url": "",
 "blog_feed_url": "",
 "twitter_username": "Adzookie",
 "category_code": "advertising",
 "number_of_employees": null,
 "founded_year": 2010,
 "founded_month": 9,
 "founded_day": 21,
 "deadpooled_year": null,
 "deadpooled_month": null,
 "deadpooled_day": null,
 "deadpooled_url": null,
 "tag_list": "mobile-advertising, affordable, mobile-ads, broader-reach, advertisers, publishers",
 "alias_list": null,
 "email_address": "info@Adzookie.com",
 "phone_number": "(800) 435-4360",
 "description": "mobile advertising company",
 "created_at": "Tue Oct 12 17:09:59 UTC 2010",
 "updated_at": "Wed Feb 16 05:00:36 UTC 2011",
 "overview": "\u003Cp\u003EWe\u00e2\u20ac\u2122ve launched technology that allows mobile ads to be placed on any of the world\u0026#8217;s 255 million websites. \u003C/p\u003E\n\n\u003Cp\u003EPrior to our launch, mobile ads could only be displayed on the existing 50,000+ mobile enabled websites, miniature versions of websites scaled for viewing on a smartphone. Our solution profoundly expands the reach of the mobile ad industry, giving advertisers better access to more customers and maximizing the earning potential of website owners.\u003C/p\u003E",
 "image": null,
 "products":
  [],
 "relationships":
  [{"is_past": false,
    "title": "CEO",
    "person":
     {"first_name": "Romeo",
      "last_name": "Mendoza",
      "permalink": "romeo-mendoza"}}],
 "competitions":
  [],
 "providerships":
  [],
 "total_money_raised": "$0",
 "funding_rounds":
  [],
 "investments":
  [],
 "acquisition": null,
 "acquisitions":
  [],
 "offices":
  [{"description": "Adzookie.com, Inc.",
    "address1": "1122 E. Lincoln Ave.",
    "address2": "Suite 219",
    "zip_code": "92865",
    "city": "Orange",
    "state_code": "CA",
    "country_code": "USA",
    "latitude": null,
    "longitude": null}],
 "milestones":
  [],
 "ipo": null,
 "video_embeds":
  [],
 "screenshots":
  [{"available_sizes":
     [[[150,
        89],
       "http://api-images.crunchbase.com/assets/images/resized/0010/5249/105249v2-max-150x150.jpg"],
      [[250,
        149],
       "http://api-images.crunchbase.com/assets/images/resized/0010/5249/105249v2-max-250x250.jpg"],
      [[450,
        269],
       "http://api-images.crunchbase.com/assets/images/resized/0010/5249/105249v2-max-450x450.jpg"]],
    "attribution": null}],
 "external_links":
  [{"external_url": "http://www.facebook.com/pages/Adzookiecom/122518587800640",
    "title": "Adzookie.com's Facebook"},
   {"external_url": "http://www.youtube.com/user/Adzookie",
    "title": "Adzookie.com's Youtube"}],
 "partners":
  []}
