{"name": "Adzuna",
 "permalink": "adzuna",
 "crunchbase_url": "http://www.crunchbase.com/company/adzuna",
 "homepage_url": "http://www.adzuna.co.uk",
 "blog_url": "http://www.adzuna.co.uk/blog",
 "blog_feed_url": "http://www.adzuna.co.uk/blog/feed/rss/",
 "twitter_username": "adzuna",
 "category_code": "search",
 "number_of_employees": 20,
 "founded_year": 2010,
 "founded_month": null,
 "founded_day": null,
 "deadpooled_year": null,
 "deadpooled_month": null,
 "deadpooled_day": null,
 "deadpooled_url": null,
 "tag_list": "jobs, careers, classifieds, job-search, vertical-search-engine",
 "alias_list": null,
 "email_address": "andrew@adzuna.com",
 "phone_number": "",
 "description": "The Search Engine for Classifieds",
 "created_at": "Sat Jan 15 15:58:25 UTC 2011",
 "updated_at": "Fri Nov 22 00:37:53 UTC 2013",
 "overview": "\u003Cp\u003EAdzuna aims to become the leading search engine for classified ads, globally. The service aggregates and semantically analyses millions of ads and 000s of information sources returning the most relevant local search results to users.  \u003C/p\u003E\n\n\u003Cp\u003EAdzuna is a search engine that makes finding classified ads relevant to you much, much easier. By aggregating information from a huge array of job boards, property portals, car dealers, classified destinations, social networks and other sources from across the web, Adzuna returns abundant but highly relevant search results to users. Like Kayak in travel, Adzuna aims to turn a search engine into a destination.\u003C/p\u003E",
 "image":
  {"available_sizes":
    [[[150,
       51],
      "http://api-images.crunchbase.com/assets/images/resized/0011/7410/117410v2-max-150x150.png"],
     [[250,
       85],
      "http://api-images.crunchbase.com/assets/images/resized/0011/7410/117410v2-max-250x250.png"],
     [[450,
       154],
      "http://api-images.crunchbase.com/assets/images/resized/0011/7410/117410v2-max-450x450.png"]],
   "attribution": null},
 "products":
  [],
 "relationships":
  [{"is_past": false,
    "title": "Co-Founder",
    "person":
     {"first_name": "Andrew",
      "last_name": "Hunter",
      "permalink": "andrew-hunter"}},
   {"is_past": false,
    "title": "Co-Founder",
    "person":
     {"first_name": "Doug",
      "last_name": "Monro",
      "permalink": "doug-monro"}},
   {"is_past": false,
    "title": "Lead Developer",
    "person":
     {"first_name": "George",
      "last_name": "Karpodinis",
      "permalink": "george-karpodinis"}},
   {"is_past": true,
    "title": "Marketing Executive",
    "person":
     {"first_name": "FLORA",
      "last_name": "LOWTHER",
      "permalink": "flora-lowther"}}],
 "competitions":
  [],
 "providerships":
  [],
 "total_money_raised": "\u00a31.8M",
 "funding_rounds":
  [{"id": 24341,
    "round_code": "seed",
    "source_url": "http://www.prnewswire.com/news-releases/adzunacouk-secures-300k-investment-to-transform-the-way-people-search-for-jobs-125489498.html",
    "source_description": "Adzuna.co.uk Secures \u00c2\u00a3300k Investment to Transform the way People Search for Jobs",
    "raised_amount": 300000.0,
    "raised_currency_code": "GBP",
    "funded_year": 2011,
    "funded_month": 7,
    "funded_day": 13,
    "investments":
     [{"company": null,
       "financial_org":
        {"name": "Passion Capital",
         "permalink": "passion-capital"},
       "person": null}]},
   {"id": 27645,
    "round_code": "unattributed",
    "source_url": "http://techcrunch.com/?p=484261",
    "source_description": "Adzuna Raises New Funding To Make Job Ads Fully Social",
    "raised_amount": 500000.0,
    "raised_currency_code": "GBP",
    "funded_year": 2012,
    "funded_month": 1,
    "funded_day": 18,
    "investments":
     [{"company": null,
       "financial_org":
        {"name": "Index Ventures",
         "permalink": "index-ventures"},
       "person": null},
      {"company": null,
       "financial_org":
        {"name": "The Accelerator Group",
         "permalink": "the-accelerator-group"},
       "person": null},
      {"company": null,
       "financial_org":
        {"name": "Passion Capital",
         "permalink": "passion-capital"},
       "person": null}]},
   {"id": 43604,
    "round_code": "a",
    "source_url": "http://techcrunch.com/2013/07/24/pay-day/",
    "source_description": "With Help Of Data Science Community, Adzuna Can Now Predict Salaries For Job Ads Missing Salary Info",
    "raised_amount": 1000000.0,
    "raised_currency_code": "GBP",
    "funded_year": 2013,
    "funded_month": 4,
    "funded_day": null,
    "investments":
     [{"company": null,
       "financial_org":
        {"name": "Index Ventures",
         "permalink": "index-ventures"},
       "person": null},
      {"company": null,
       "financial_org":
        {"name": "The Accelerator Group",
         "permalink": "the-accelerator-group"},
       "person": null},
      {"company": null,
       "financial_org":
        {"name": "Passion Capital",
         "permalink": "passion-capital"},
       "person": null}]}],
 "investments":
  [],
 "acquisition": null,
 "acquisitions":
  [],
 "offices":
  [{"description": "Adzuna HQ",
    "address1": "Adzuna, 3A The Plough Brewery,",
    "address2": "516 Wandsworth Road,",
    "zip_code": "SW8 3JX",
    "city": "London",
    "state_code": null,
    "country_code": "GBR",
    "latitude": 51.4679633,
    "longitude": -0.145119}],
 "milestones":
  [{"id": 32490,
    "description": "Adzuna has launched in Germany",
    "stoned_year": 2013,
    "stoned_month": 3,
    "stoned_day": 7,
    "source_url": "http://techcrunch.com/2013/03/07/adzuna-baby/",
    "source_text": null,
    "source_description": "Tech Crunch",
    "stoneable_type": "Company",
    "stoned_value": null,
    "stoned_value_type": null,
    "stoned_acquirer": null,
    "stoneable":
     {"name": "Adzuna",
      "permalink": "adzuna"}}],
 "ipo": null,
 "video_embeds":
  [{"embed_code": "\u003Ciframe width=\"430\" height=\"242\" src=\"http://www.youtube.com/embed/SUMWVZdYHNw?rel=0\" frameborder=\"0\" allowfullscreen\u003E\u003C/iframe\u003E",
    "description": "\u003Cp\u003EAdzuna UK Job Search\u003C/p\u003E"}],
 "screenshots":
  [{"available_sizes":
     [[[150,
        83],
       "http://api-images.crunchbase.com/assets/images/resized/0014/3870/143870v2-max-150x150.png"],
      [[250,
        139],
       "http://api-images.crunchbase.com/assets/images/resized/0014/3870/143870v2-max-250x250.png"],
      [[450,
        251],
       "http://api-images.crunchbase.com/assets/images/resized/0014/3870/143870v2-max-450x450.png"]],
    "attribution": null}],
 "external_links":
  [{"external_url": "http://www.bbc.co.uk/news/technology-20240874",
    "title": "Adzuna powers British PM's iPad app"}],
 "partners":
  []}
