{"name": "AEG Power Solutions",
 "permalink": "aeg-power-solutions",
 "crunchbase_url": "http://www.crunchbase.com/company/aeg-power-solutions",
 "homepage_url": "http://www.aegps.com",
 "blog_url": "",
 "blog_feed_url": "",
 "twitter_username": null,
 "category_code": null,
 "number_of_employees": null,
 "founded_year": null,
 "founded_month": null,
 "founded_day": null,
 "deadpooled_year": null,
 "deadpooled_month": null,
 "deadpooled_day": null,
 "deadpooled_url": null,
 "tag_list": "",
 "alias_list": "",
 "email_address": "",
 "phone_number": "1-866-723-8797",
 "description": "",
 "created_at": "Fri Feb 04 07:12:41 UTC 2011",
 "updated_at": "Thu Apr 03 07:17:41 UTC 2014",
 "overview": "\u003Cp\u003EAEG Power Solutions helps customers worldwide meet their power challenges with innovative, world-class power solutions. Backed by more than a century of innovation and customer service, AEG Power Solutions offers a full-range of reliable, cost effective solutions, from power conversion modules and high reliability UPS systems to industrial chargers and DC systems.\u003C/p\u003E",
 "image":
  {"available_sizes":
    [[[139,
       81],
      "http://api-images.crunchbase.com/assets/images/resized/0012/0461/120461v1-max-150x150.jpg"],
     [[139,
       81],
      "http://api-images.crunchbase.com/assets/images/resized/0012/0461/120461v1-max-250x250.jpg"],
     [[139,
       81],
      "http://api-images.crunchbase.com/assets/images/resized/0012/0461/120461v1-max-450x450.jpg"]],
   "attribution": null},
 "products":
  [],
 "relationships":
  [],
 "competitions":
  [],
 "providerships":
  [],
 "total_money_raised": "$0",
 "funding_rounds":
  [],
 "investments":
  [],
 "acquisition": null,
 "acquisitions":
  [],
 "offices":
  [{"description": "",
    "address1": "2680 Fourteenth Ave.",
    "address2": "Unit 1 \u0026 2,Ontario",
    "zip_code": "L3R 5B2",
    "city": "Markham",
    "state_code": null,
    "country_code": "CAN",
    "latitude": null,
    "longitude": null}],
 "milestones":
  [{"id": 12179,
    "description": "AEG Power Solutions Receives \u00e2\u201a\u00ac36 Million Order for Delivery of Power Supply Systems for Polysilicon Manufacturing Process",
    "stoned_year": 2011,
    "stoned_month": 2,
    "stoned_day": 3,
    "source_url": "http://www.tmcnet.com/usubmit/2011/02/03/5288350.htm",
    "source_text": "",
    "source_description": "AEG Power Solutions Receives \u00e2\u201a\u00ac36 Million Order for Delivery of Power Supply Systems for Polysilicon Manufacturing Process",
    "stoneable_type": "Company",
    "stoned_value": null,
    "stoned_value_type": null,
    "stoned_acquirer": null,
    "stoneable":
     {"name": "AEG Power Solutions",
      "permalink": "aeg-power-solutions"}}],
 "ipo": null,
 "video_embeds":
  [],
 "screenshots":
  [{"available_sizes":
     [[[150,
        121],
       "http://api-images.crunchbase.com/assets/images/resized/0012/0462/120462v1-max-150x150.jpg"],
      [[250,
        201],
       "http://api-images.crunchbase.com/assets/images/resized/0012/0462/120462v1-max-250x250.jpg"],
      [[450,
        363],
       "http://api-images.crunchbase.com/assets/images/resized/0012/0462/120462v1-max-450x450.jpg"]],
    "attribution": null}],
 "external_links":
  [],
 "partners":
  []}
