{"name": "Aenima",
 "permalink": "aenima",
 "crunchbase_url": "http://www.crunchbase.com/company/aenima",
 "homepage_url": "http://www.elpassion.com",
 "blog_url": "",
 "blog_feed_url": "",
 "twitter_username": "aenimapl",
 "category_code": "software",
 "number_of_employees": 14,
 "founded_year": 2007,
 "founded_month": 5,
 "founded_day": 15,
 "deadpooled_year": null,
 "deadpooled_month": null,
 "deadpooled_day": null,
 "deadpooled_url": null,
 "tag_list": "iphone, ror, android, agile, kanban, software, web, development",
 "alias_list": "",
 "email_address": "hello@elpassion.com",
 "phone_number": "+48 790 663 552",
 "description": "Ruby On Rails development",
 "created_at": "Tue Dec 28 10:48:34 UTC 2010",
 "updated_at": "Thu Apr 10 10:17:18 UTC 2014",
 "overview": "\u003Cp\u003EAenima is Web development and Mobile development software house from Poland.\nWe use Agile methodologies and put a lot of attention to communication as well as code quality. Our primary technologies are Ruby On Rails, iPhone and Android. \nWe\u0026#8217;re based in Warsaw, Poland.\u003C/p\u003E",
 "image":
  {"available_sizes":
    [[[150,
       132],
      "http://api-images.crunchbase.com/assets/images/resized/0012/4447/124447v2-max-150x150.png"],
     [[250,
       220],
      "http://api-images.crunchbase.com/assets/images/resized/0012/4447/124447v2-max-250x250.png"],
     [[450,
       397],
      "http://api-images.crunchbase.com/assets/images/resized/0012/4447/124447v2-max-450x450.png"]],
   "attribution": null},
 "products":
  [],
 "relationships":
  [{"is_past": true,
    "title": "Founder",
    "person":
     {"first_name": "Marek",
      "last_name": "Kirejczyk",
      "permalink": "marek-kirejczyk"}},
   {"is_past": true,
    "title": "Manager",
    "person":
     {"first_name": "Dymitr",
      "last_name": "Glouchtchenko",
      "permalink": "dymitr-glouchtchenko"}}],
 "competitions":
  [],
 "providerships":
  [],
 "total_money_raised": "$0",
 "funding_rounds":
  [],
 "investments":
  [],
 "acquisition": null,
 "acquisitions":
  [],
 "offices":
  [{"description": "Main Office",
    "address1": "\u00c5\u0081ucka 15",
    "address2": "",
    "zip_code": "02-848",
    "city": "Warsaw",
    "state_code": null,
    "country_code": "POL",
    "latitude": null,
    "longitude": null}],
 "milestones":
  [],
 "ipo": null,
 "video_embeds":
  [],
 "screenshots":
  [{"available_sizes":
     [[[150,
        140],
       "http://api-images.crunchbase.com/assets/images/resized/0012/5024/125024v2-max-150x150.png"],
      [[250,
        233],
       "http://api-images.crunchbase.com/assets/images/resized/0012/5024/125024v2-max-250x250.png"],
      [[450,
        420],
       "http://api-images.crunchbase.com/assets/images/resized/0012/5024/125024v2-max-450x450.png"]],
    "attribution": null}],
 "external_links":
  [],
 "partners":
  []}
