{"name": "aer",
 "permalink": "aer",
 "crunchbase_url": "http://www.crunchbase.com/company/aer",
 "homepage_url": "http://www.acoustical-engineers.com",
 "blog_url": "",
 "blog_feed_url": "",
 "twitter_username": null,
 "category_code": "consulting",
 "number_of_employees": 4,
 "founded_year": 2009,
 "founded_month": 3,
 "founded_day": 4,
 "deadpooled_year": null,
 "deadpooled_month": null,
 "deadpooled_day": null,
 "deadpooled_url": null,
 "tag_list": "",
 "alias_list": null,
 "email_address": "pjrene@a-e-r.ch",
 "phone_number": "+41 21 812 34 28",
 "description": "acoustical engineering company",
 "created_at": "Sun Jan 30 15:29:12 UTC 2011",
 "updated_at": "Tue Feb 01 06:12:32 UTC 2011",
 "overview": "\u003Cp\u003Eaer offers custom services for advice, engineering and research \u0026amp; development within our wide domain of expertise: acoustic engineering, vibrations, signal processing, building \u0026amp; room acoustics, environmental acoustics.\u003C/p\u003E",
 "image":
  {"available_sizes":
    [[[150,
       120],
      "http://api-images.crunchbase.com/assets/images/resized/0011/9608/119608v2-max-150x150.jpg"],
     [[250,
       200],
      "http://api-images.crunchbase.com/assets/images/resized/0011/9608/119608v2-max-250x250.jpg"],
     [[450,
       360],
      "http://api-images.crunchbase.com/assets/images/resized/0011/9608/119608v2-max-450x450.jpg"]],
   "attribution": null},
 "products":
  [],
 "relationships":
  [],
 "competitions":
  [],
 "providerships":
  [],
 "total_money_raised": "$0",
 "funding_rounds":
  [],
 "investments":
  [],
 "acquisition": null,
 "acquisitions":
  [],
 "offices":
  [],
 "milestones":
  [],
 "ipo": null,
 "video_embeds":
  [],
 "screenshots":
  [],
 "external_links":
  [],
 "partners":
  []}
