{"name": "Baobab Suite",
 "permalink": "afrozaar",
 "crunchbase_url": "http://www.crunchbase.com/company/afrozaar",
 "homepage_url": "http://www.baobabsuite.com",
 "blog_url": "http://baobabsuite.com/blog/",
 "blog_feed_url": "",
 "twitter_username": "afrozaar",
 "category_code": "software",
 "number_of_employees": 20,
 "founded_year": 2010,
 "founded_month": 10,
 "founded_day": 1,
 "deadpooled_year": null,
 "deadpooled_month": null,
 "deadpooled_day": null,
 "deadpooled_url": null,
 "tag_list": "mobile-apps, ios, android, google-app, digital-media, ipad, software, marketplace",
 "alias_list": null,
 "email_address": "richard.cheary@afrozaar.com",
 "phone_number": "0027216717581",
 "description": "Mobile Newspaper App Platform",
 "created_at": "Wed Jan 12 13:14:30 UTC 2011",
 "updated_at": "Mon Aug 05 09:58:11 UTC 2013",
 "overview": "\u003Cp\u003EBaobab Suite is a product brought to you by afrozaar.com. Baobab Suite is a solution that provides all the necessary mobile app backend services required to ensure a secure and consistent user experience when it comes to the distribution and consumption of media content across mobile app platforms.\u003C/p\u003E\n\n\u003Cp\u003EThe Baobab Suite platform has been built in collaboration with a number of media and newspaper publishing houses, who have contributed towards the products strengths by sharing their main challenges faced in the mobile space. Some of the challenges faced are around the commercialisation, metering of content and the freedom and flexibility to experiment with mobile techniques. It is with great satisfaction and excitement that we are now ready to share this first of it\u2019s kind Mobile Backend as a Service (MBaaS) for publishers, with a newspaper specific workflow process that meets the high frequency and sustainability performance objectives of some of the most prominent London-based publishers.\u003C/p\u003E",
 "image":
  {"available_sizes":
    [[[150,
       84],
      "http://api-images.crunchbase.com/assets/images/resized/0011/6990/116990v5-max-150x150.png"],
     [[250,
       140],
      "http://api-images.crunchbase.com/assets/images/resized/0011/6990/116990v5-max-250x250.png"],
     [[450,
       253],
      "http://api-images.crunchbase.com/assets/images/resized/0011/6990/116990v5-max-450x450.png"]],
   "attribution": null},
 "products":
  [],
 "relationships":
  [{"is_past": false,
    "title": "CEO",
    "person":
     {"first_name": "Dirk",
      "last_name": "le Roux",
      "permalink": "dirk-le-roux"}},
   {"is_past": false,
    "title": "Director",
    "person":
     {"first_name": "Richard",
      "last_name": "Cheary",
      "permalink": "richard-cheary"}}],
 "competitions":
  [],
 "providerships":
  [],
 "total_money_raised": "$0",
 "funding_rounds":
  [],
 "investments":
  [],
 "acquisition": null,
 "acquisitions":
  [],
 "offices":
  [],
 "milestones":
  [],
 "ipo": null,
 "video_embeds":
  [],
 "screenshots":
  [],
 "external_links":
  [{"external_url": "http://www.globaleditorsnetwork.org/2013/rich-cheary-mobile-apps-back-end-development/",
    "title": "Interview at Global Editors Network - Paris 2013"},
   {"external_url": "http://baobabsuite.com/baobabsuite-com-and-telegraph-co-uk-team-up-in-paris/",
    "title": "The Telegraph and Baobab Suite team in Paris"}],
 "partners":
  []}
