{"name": "AG Racing",
 "permalink": "ag-racing",
 "crunchbase_url": "http://www.crunchbase.com/company/ag-racing",
 "homepage_url": "http://www.agracing.eu",
 "blog_url": "",
 "blog_feed_url": "",
 "twitter_username": null,
 "category_code": null,
 "number_of_employees": null,
 "founded_year": null,
 "founded_month": null,
 "founded_day": null,
 "deadpooled_year": null,
 "deadpooled_month": null,
 "deadpooled_day": null,
 "deadpooled_url": null,
 "tag_list": null,
 "alias_list": "",
 "email_address": "sales@agracing.com",
 "phone_number": "024-7646-0477",
 "description": "",
 "created_at": "Sat Feb 12 04:54:27 UTC 2011",
 "updated_at": "Mon Aug 29 09:12:42 UTC 2011",
 "overview": null,
 "image":
  {"available_sizes":
    [[[150,
       75],
      "http://api-images.crunchbase.com/assets/images/resized/0015/1640/151640v1-max-150x150.jpg"],
     [[181,
       91],
      "http://api-images.crunchbase.com/assets/images/resized/0015/1640/151640v1-max-250x250.jpg"],
     [[181,
       91],
      "http://api-images.crunchbase.com/assets/images/resized/0015/1640/151640v1-max-450x450.jpg"]],
   "attribution": null},
 "products":
  [],
 "relationships":
  [],
 "competitions":
  [],
 "providerships":
  [],
 "total_money_raised": "$0",
 "funding_rounds":
  [],
 "investments":
  [],
 "acquisition": null,
 "acquisitions":
  [],
 "offices":
  [{"description": "",
    "address1": "Unit 3, 403 Broad Lane",
    "address2": "",
    "zip_code": "CV5 7AX",
    "city": "Coventry",
    "state_code": null,
    "country_code": "GBR",
    "latitude": null,
    "longitude": null}],
 "milestones":
  [],
 "ipo": null,
 "video_embeds":
  [],
 "screenshots":
  [{"available_sizes":
     [[[150,
        118],
       "http://api-images.crunchbase.com/assets/images/resized/0015/1641/151641v1-max-150x150.jpg"],
      [[250,
        197],
       "http://api-images.crunchbase.com/assets/images/resized/0015/1641/151641v1-max-250x250.jpg"],
      [[450,
        354],
       "http://api-images.crunchbase.com/assets/images/resized/0015/1641/151641v1-max-450x450.jpg"]],
    "attribution": null}],
 "external_links":
  [],
 "partners":
  []}
