{"name": "AgencyDigi",
 "permalink": "agencydigi",
 "crunchbase_url": "http://www.crunchbase.com/company/agencydigi",
 "homepage_url": "http://www.agencydigi.com",
 "blog_url": "",
 "blog_feed_url": "",
 "twitter_username": "agencydigi",
 "category_code": "advertising",
 "number_of_employees": 23,
 "founded_year": 2010,
 "founded_month": 5,
 "founded_day": 7,
 "deadpooled_year": null,
 "deadpooled_month": null,
 "deadpooled_day": null,
 "deadpooled_url": null,
 "tag_list": "digital-agency, marketing, advertising, ideas, india, sem, social-media-marketing",
 "alias_list": null,
 "email_address": "briefus@agencydigi.com",
 "phone_number": "+919820505999",
 "description": "ideas for a digital world",
 "created_at": "Mon Nov 01 08:59:51 UTC 2010",
 "updated_at": "Sat Aug 20 03:03:37 UTC 2011",
 "overview": "\u003Cp\u003EWe believe everything is, if not, will be digital. AgencyDigi creates ideas, solutions, conversations, stories, promos, stunts, innovations, platforms and products to help brands communicate, survive and thrive in a digital world. \u003C/p\u003E\n\n\u003Cp\u003EAgencyDigi is based across Mumbai, Hyderabad and Delhi in India.\u003C/p\u003E",
 "image":
  {"available_sizes":
    [[[149,
       150],
      "http://api-images.crunchbase.com/assets/images/resized/0013/2013/132013v2-max-150x150.png"],
     [[249,
       250],
      "http://api-images.crunchbase.com/assets/images/resized/0013/2013/132013v2-max-250x250.png"],
     [[269,
       270],
      "http://api-images.crunchbase.com/assets/images/resized/0013/2013/132013v2-max-450x450.png"]],
   "attribution": null},
 "products":
  [],
 "relationships":
  [{"is_past": false,
    "title": "Co Founder",
    "person":
     {"first_name": "Prasanth",
      "last_name": "Mohanachandran",
      "permalink": "prasanth-mohanchandran"}},
   {"is_past": false,
    "title": "Co Founder",
    "person":
     {"first_name": "Karl",
      "last_name": "Gomes",
      "permalink": "karl-gomes"}}],
 "competitions":
  [{"competitor":
     {"name": "OgilvyOne",
      "permalink": "ogilvyone"}},
   {"competitor":
     {"name": "Tribal DDB",
      "permalink": "tribal-ddb"}}],
 "providerships":
  [{"title": "Search and Display Media",
    "is_past": false,
    "provider":
     {"name": "Google",
      "permalink": "google-4"}},
   {"title": "Digital Media",
    "is_past": false,
    "provider":
     {"name": "Yahoo",
      "permalink": "yahoo-3"}}],
 "total_money_raised": "$0",
 "funding_rounds":
  [],
 "investments":
  [],
 "acquisition": null,
 "acquisitions":
  [],
 "offices":
  [{"description": "AgencyDigi - Mumbai",
    "address1": "130, F Wing, Kamlesh Bldg",
    "address2": "Sher E Punjab, Andheri East",
    "zip_code": "400093",
    "city": "Mumbai",
    "state_code": null,
    "country_code": "IND",
    "latitude": null,
    "longitude": null},
   {"description": "AgencyDigi - Hyderabad",
    "address1": "109 to 112, Swapnalok Complex,",
    "address2": "S D Road, Paradise",
    "zip_code": "500003",
    "city": "Secunderabad",
    "state_code": null,
    "country_code": "IND",
    "latitude": null,
    "longitude": null}],
 "milestones":
  [],
 "ipo": null,
 "video_embeds":
  [],
 "screenshots":
  [],
 "external_links":
  [{"external_url": "http://www.afaqs.com/news/story.html?sid=27028_Prasanth+Mohanachandran+and+Karl+Gomes+partner+to+start+a+digital+agency",
    "title": "Prasanth Mohanachandran and Karl Gomes partner to start a digital agency"},
   {"external_url": "http://www.afaqs.com/news/story.html?sid=27653",
    "title": "AgencyDigi completes second level appointments"}],
 "partners":
  []}
