{"name": "Agfa Gevaert",
 "permalink": "agfa",
 "crunchbase_url": "http://www.crunchbase.com/company/agfa",
 "homepage_url": null,
 "blog_url": "",
 "blog_feed_url": "",
 "twitter_username": null,
 "category_code": null,
 "number_of_employees": null,
 "founded_year": null,
 "founded_month": null,
 "founded_day": null,
 "deadpooled_year": null,
 "deadpooled_month": null,
 "deadpooled_day": null,
 "deadpooled_url": null,
 "tag_list": null,
 "alias_list": "",
 "email_address": "",
 "phone_number": "",
 "description": "",
 "created_at": "Sun Dec 19 10:33:59 UTC 2010",
 "updated_at": "Mon Dec 09 06:16:28 UTC 2013",
 "overview": null,
 "image": null,
 "products":
  [],
 "relationships":
  [{"is_past": false,
    "title": "Board of Directors",
    "person":
     {"first_name": "Gerald",
      "last_name": "Wagner",
      "permalink": "gerald-wagner"}},
   {"is_past": true,
    "title": "Business Development Manager \u0026 Marketing Consultant",
    "person":
     {"first_name": "Jim",
      "last_name": "Mulvaney",
      "permalink": "jim-mulvaney"}},
   {"is_past": true,
    "title": "Software Engineer",
    "person":
     {"first_name": "Ira",
      "last_name": "Heffan",
      "permalink": "ira-heffan"}},
   {"is_past": true,
    "title": "Manager, Global Systems Development",
    "person":
     {"first_name": "Craig",
      "last_name": "Ling",
      "permalink": "craig-ling"}},
   {"is_past": true,
    "title": "Sr. Product Line Manager",
    "person":
     {"first_name": "Brian",
      "last_name": "Rooney",
      "permalink": "brian-rooney"}},
   {"is_past": true,
    "title": "Software Developer Engineer",
    "person":
     {"first_name": "Eli",
      "last_name": "Aleyner",
      "permalink": "eli-aleyner"}},
   {"is_past": true,
    "title": "Boards of Directors",
    "person":
     {"first_name": "John",
      "last_name": "Buttrick",
      "permalink": "john-buttrick"}}],
 "competitions":
  [],
 "providerships":
  [],
 "total_money_raised": "$0",
 "funding_rounds":
  [],
 "investments":
  [],
 "acquisition": null,
 "acquisitions":
  [],
 "offices":
  [],
 "milestones":
  [],
 "ipo": null,
 "video_embeds":
  [],
 "screenshots":
  [],
 "external_links":
  [],
 "partners":
  []}
