{"name": "Aggrosoft",
 "permalink": "aggrosoft",
 "crunchbase_url": "http://www.crunchbase.com/company/aggrosoft",
 "homepage_url": "http://www.aggrosoft.de",
 "blog_url": "http://www.aggrosoft.de",
 "blog_feed_url": "",
 "twitter_username": "aggrosoft",
 "category_code": "ecommerce",
 "number_of_employees": 5,
 "founded_year": 2002,
 "founded_month": 8,
 "founded_day": 10,
 "deadpooled_year": null,
 "deadpooled_month": null,
 "deadpooled_day": null,
 "deadpooled_url": null,
 "tag_list": "ecommerce, e-commerce",
 "alias_list": null,
 "email_address": "info@aggrosoft.de",
 "phone_number": "(+49) 9283 5925454",
 "description": "e-commerce solution company",
 "created_at": "Tue Sep 14 14:20:23 UTC 2010",
 "updated_at": "Thu Sep 23 03:04:35 UTC 2010",
 "overview": "\u003Cp\u003EAggrosoft GbR develops e-commerce modules and extensions that raise the conversion rate or lower the overall costs.\u003C/p\u003E",
 "image":
  {"available_sizes":
    [[[150,
       98],
      "http://api-images.crunchbase.com/assets/images/resized/0010/1662/101662v2-max-150x150.jpg"],
     [[250,
       163],
      "http://api-images.crunchbase.com/assets/images/resized/0010/1662/101662v2-max-250x250.jpg"],
     [[300,
       196],
      "http://api-images.crunchbase.com/assets/images/resized/0010/1662/101662v2-max-450x450.jpg"]],
   "attribution": null},
 "products":
  [],
 "relationships":
  [{"is_past": false,
    "title": "CEO",
    "person":
     {"first_name": "Stefan",
      "last_name": "Kludt",
      "permalink": "stefan-kludt"}},
   {"is_past": false,
    "title": "CTO",
    "person":
     {"first_name": "Alexander",
      "last_name": "Kludt",
      "permalink": "alexander-kludt"}}],
 "competitions":
  [],
 "providerships":
  [],
 "total_money_raised": "$0",
 "funding_rounds":
  [],
 "investments":
  [],
 "acquisition": null,
 "acquisitions":
  [],
 "offices":
  [{"description": "Office",
    "address1": "Tannstrasse 12",
    "address2": "",
    "zip_code": "95111",
    "city": "Rehau",
    "state_code": null,
    "country_code": "DEU",
    "latitude": null,
    "longitude": null}],
 "milestones":
  [],
 "ipo": null,
 "video_embeds":
  [],
 "screenshots":
  [],
 "external_links":
  [{"external_url": "http://www.shirtnetwork.com",
    "title": "Shirtnetwork"}],
 "partners":
  []}
