{"name": "Agility Professional Services",
 "permalink": "agility-professional-services",
 "crunchbase_url": "http://www.crunchbase.com/company/agility-professional-services",
 "homepage_url": "http://www.agilityproserve.com",
 "blog_url": "",
 "blog_feed_url": "",
 "twitter_username": "agility_it",
 "category_code": "consulting",
 "number_of_employees": null,
 "founded_year": null,
 "founded_month": null,
 "founded_day": null,
 "deadpooled_year": null,
 "deadpooled_month": null,
 "deadpooled_day": null,
 "deadpooled_url": null,
 "tag_list": "",
 "alias_list": "",
 "email_address": "info@agilityproserve.com",
 "phone_number": "201-677-8910",
 "description": "Healthcare IT ",
 "created_at": "Fri Sep 24 20:37:27 UTC 2010",
 "updated_at": "Mon Feb 20 05:15:51 UTC 2012",
 "overview": "\u003Cp\u003EAgility Professional Services LLC, an IT consulting company, provides application development, and healthcare information technology and services. It offers electronic health records consulting and implementation services. The company\u2019s electronic medical records products offer patient scheduling, patient management, billing, connectivity, e-prescribing, secure messaging, referrals, reporting, document management, and template creating services. It also offers infrastructure solutions, which include analysis, design, and implementation of voice and data networks; installation of communications cabling in facilities; and inter connectivity of multi-office sites. In addition, the company implements billing solutions, as well as provides Web based and client server electronic health records, IT infrastructure, and billing solutions. It serves healthcare providers. Agility Professional Services LLC was founded in 2009 and is based in Fort Lee, New Jersey.\u003C/p\u003E",
 "image":
  {"available_sizes":
    [[[150,
       41],
      "http://api-images.crunchbase.com/assets/images/resized/0010/4979/104979v2-max-150x150.jpg"],
     [[200,
       55],
      "http://api-images.crunchbase.com/assets/images/resized/0010/4979/104979v2-max-250x250.jpg"],
     [[200,
       55],
      "http://api-images.crunchbase.com/assets/images/resized/0010/4979/104979v2-max-450x450.jpg"]],
   "attribution": null},
 "products":
  [],
 "relationships":
  [{"is_past": false,
    "title": "Founder and CEO",
    "person":
     {"first_name": "Max",
      "last_name": "Khan",
      "permalink": "max-khan"}}],
 "competitions":
  [],
 "providerships":
  [],
 "total_money_raised": "$0",
 "funding_rounds":
  [],
 "investments":
  [],
 "acquisition": null,
 "acquisitions":
  [],
 "offices":
  [{"description": "HQ",
    "address1": "2 Executive Drive",
    "address2": "Suite 630",
    "zip_code": "07024",
    "city": "Fort Lee",
    "state_code": "NJ",
    "country_code": "USA",
    "latitude": null,
    "longitude": null}],
 "milestones":
  [],
 "ipo": null,
 "video_embeds":
  [],
 "screenshots":
  [{"available_sizes":
     [[[150,
        91],
       "http://api-images.crunchbase.com/assets/images/resized/0017/4974/174974v1-max-150x150.png"],
      [[250,
        153],
       "http://api-images.crunchbase.com/assets/images/resized/0017/4974/174974v1-max-250x250.png"],
      [[450,
        275],
       "http://api-images.crunchbase.com/assets/images/resized/0017/4974/174974v1-max-450x450.png"]],
    "attribution": null}],
 "external_links":
  [],
 "partners":
  []}
