{"name": "Agistics",
 "permalink": "agistics",
 "crunchbase_url": "http://www.crunchbase.com/company/agistics",
 "homepage_url": "http://www.agistics.com",
 "blog_url": "",
 "blog_feed_url": "",
 "twitter_username": "aafjax",
 "category_code": "enterprise",
 "number_of_employees": null,
 "founded_year": 2005,
 "founded_month": null,
 "founded_day": null,
 "deadpooled_year": null,
 "deadpooled_month": null,
 "deadpooled_day": null,
 "deadpooled_url": null,
 "tag_list": "",
 "alias_list": "",
 "email_address": "Kendall@floridatheatre.com",
 "phone_number": "925-463-0900 ",
 "description": "Software and Services",
 "created_at": "Wed Oct 20 11:21:21 UTC 2010",
 "updated_at": "Thu Oct 28 18:27:15 UTC 2010",
 "overview": "\u003Cp\u003EAs of June 2007, Agistics, Inc. was acquired by Visage Mobile, Inc. Agistics, Inc. provides Web-based solutions to help IT and HR departments to manage and govern workforce technology. The company offers Workforce Connectivity solution that enables its users to manage, govern, and support technology assets and services, including laptops, cell phones, and smart phones, as well as On-Demand Applications, which allow end to end visibility and control into its users\u00e2\u20ac\u2122 company\u00e2\u20ac\u2122s provisioned mobile devices and services. It serves telecommunications, retail companies, software services, financial services, educational and learning services, and wireless service providers. The company was founded in 2005 and is based in Pleasanton, California.\u003C/p\u003E",
 "image": null,
 "products":
  [],
 "relationships":
  [{"is_past": true,
    "title": "CFO/CoFounder",
    "person":
     {"first_name": "Tim",
      "last_name": "Cabral",
      "permalink": "tim-cabral"}},
   {"is_past": true,
    "title": "Senior Developer",
    "person":
     {"first_name": "Caine",
      "last_name": "Lai",
      "permalink": "caine-lai"}},
   {"is_past": true,
    "title": "Senior Developer",
    "person":
     {"first_name": "Venkat",
      "last_name": "Prodhuturi",
      "permalink": "venkat-prodhuturi"}},
   {"is_past": true,
    "title": "Director of Product Management",
    "person":
     {"first_name": "Doug",
      "last_name": "Ostler",
      "permalink": "doug-ostler"}}],
 "competitions":
  [],
 "providerships":
  [],
 "total_money_raised": "$2M",
 "funding_rounds":
  [{"id": 19340,
    "round_code": "a",
    "source_url": "http://findarticles.com/p/articles/mi_pwwi/is_200511/ai_n15748622/",
    "source_description": "Agistics Launches New Software as a Service Company ",
    "raised_amount": 2000000.0,
    "raised_currency_code": "USD",
    "funded_year": 2005,
    "funded_month": 11,
    "funded_day": 10,
    "investments":
     [{"company": null,
       "financial_org":
        {"name": "ATA Ventures",
         "permalink": "ata-ventures"},
       "person": null}]}],
 "investments":
  [],
 "acquisition":
  {"price_amount": null,
   "price_currency_code": "USD",
   "term_code": null,
   "source_url": "http://www.visagemobile.com/news/press-releases/244/visage-mobile-adds-enterprise-mobility-management-offering-through-acquisition-of-agistics/",
   "source_description": "Visage Mobile Adds Enterprise Mobility Management Offering Through Acquisition of Agistics",
   "acquired_year": 2007,
   "acquired_month": 10,
   "acquired_day": 23,
   "acquiring_company":
    {"name": "Visage Mobile",
     "permalink": "visage-mobile"}},
 "acquisitions":
  [],
 "offices":
  [{"description": "HQ",
    "address1": "6160 Stoneridge Mall Road",
    "address2": "Suite 350",
    "zip_code": "94588",
    "city": "Pleasanton",
    "state_code": "CA",
    "country_code": "USA",
    "latitude": null,
    "longitude": null}],
 "milestones":
  [],
 "ipo": null,
 "video_embeds":
  [],
 "screenshots":
  [],
 "external_links":
  [],
 "partners":
  []}
