{"name": "Agoura Technologies",
 "permalink": "agoura-technologies",
 "crunchbase_url": "http://www.crunchbase.com/company/agoura-technologies",
 "homepage_url": "http://www.agouratech.com",
 "blog_url": "",
 "blog_feed_url": "",
 "twitter_username": null,
 "category_code": "nanotech",
 "number_of_employees": null,
 "founded_year": null,
 "founded_month": null,
 "founded_day": null,
 "deadpooled_year": 2012,
 "deadpooled_month": 6,
 "deadpooled_day": 4,
 "deadpooled_url": "",
 "tag_list": "",
 "alias_list": "",
 "email_address": "info@agouratech.com",
 "phone_number": "916-941-3838",
 "description": "",
 "created_at": "Mon Sep 20 02:12:58 UTC 2010",
 "updated_at": "Sat Oct 12 07:06:21 UTC 2013",
 "overview": "\u003Cp\u003EAgoura Technologies, Inc., a nanotechnology company, develops optical films.\u003C/p\u003E",
 "image":
  {"available_sizes":
    [[[141,
       51],
      "http://api-images.crunchbase.com/assets/images/resized/0010/2316/102316v1-max-150x150.png"],
     [[141,
       51],
      "http://api-images.crunchbase.com/assets/images/resized/0010/2316/102316v1-max-250x250.png"],
     [[141,
       51],
      "http://api-images.crunchbase.com/assets/images/resized/0010/2316/102316v1-max-450x450.png"]],
   "attribution": null},
 "products":
  [],
 "relationships":
  [{"is_past": false,
    "title": "CEO",
    "person":
     {"first_name": "Steve",
      "last_name": "Stephansen",
      "permalink": "steve-stephansen"}}],
 "competitions":
  [],
 "providerships":
  [],
 "total_money_raised": "$1M",
 "funding_rounds":
  [{"id": 18406,
    "round_code": "a",
    "source_url": "http://www.perfectdisplay.com/zic_fund_999999.html",
    "source_description": "Agoura Closes Series A Investment Round",
    "raised_amount": 1000000.0,
    "raised_currency_code": "USD",
    "funded_year": 2005,
    "funded_month": 9,
    "funded_day": 13,
    "investments":
     [{"company": null,
       "financial_org":
        {"name": "American River Ventures",
         "permalink": "american-river-ventures"},
       "person": null}]}],
 "investments":
  [],
 "acquisition": null,
 "acquisitions":
  [],
 "offices":
  [{"description": "",
    "address1": "2270 Douglas Blvd, #212",
    "address2": "",
    "zip_code": "95661",
    "city": "Roseville",
    "state_code": "CA",
    "country_code": "USA",
    "latitude": null,
    "longitude": null}],
 "milestones":
  [],
 "ipo": null,
 "video_embeds":
  [],
 "screenshots":
  [],
 "external_links":
  [],
 "partners":
  []}
