{"name": "Agra News-India News",
 "permalink": "agra-news-india-news",
 "crunchbase_url": "http://www.crunchbase.com/company/agra-news-india-news",
 "homepage_url": "http://www.agranews.com",
 "blog_url": "",
 "blog_feed_url": "",
 "twitter_username": null,
 "category_code": "other",
 "number_of_employees": null,
 "founded_year": 2004,
 "founded_month": 1,
 "founded_day": 5,
 "deadpooled_year": null,
 "deadpooled_month": null,
 "deadpooled_day": null,
 "deadpooled_url": null,
 "tag_list": "india-news, agra-news, indian-newspapers, media, online-news",
 "alias_list": null,
 "email_address": "",
 "phone_number": "",
 "description": "Latest India News",
 "created_at": "Tue Dec 07 01:10:25 UTC 2010",
 "updated_at": "Tue Dec 07 01:20:39 UTC 2010",
 "overview": "\u003Cp\u003EAgra News provides latest and updated news from India\u003C/p\u003E",
 "image":
  {"available_sizes":
    [[[127,
       127],
      "http://api-images.crunchbase.com/assets/images/resized/0011/3091/113091v2-max-150x150.jpg"],
     [[127,
       127],
      "http://api-images.crunchbase.com/assets/images/resized/0011/3091/113091v2-max-250x250.jpg"],
     [[127,
       127],
      "http://api-images.crunchbase.com/assets/images/resized/0011/3091/113091v2-max-450x450.jpg"]],
   "attribution": null},
 "products":
  [],
 "relationships":
  [],
 "competitions":
  [],
 "providerships":
  [],
 "total_money_raised": "$0",
 "funding_rounds":
  [],
 "investments":
  [],
 "acquisition": null,
 "acquisitions":
  [],
 "offices":
  [],
 "milestones":
  [],
 "ipo": null,
 "video_embeds":
  [],
 "screenshots":
  [],
 "external_links":
  [],
 "partners":
  []}
