{"name": "agrupate",
 "permalink": "agrupate",
 "crunchbase_url": "http://www.crunchbase.com/company/agrupate",
 "homepage_url": null,
 "blog_url": null,
 "blog_feed_url": null,
 "twitter_username": null,
 "category_code": null,
 "number_of_employees": null,
 "founded_year": null,
 "founded_month": null,
 "founded_day": null,
 "deadpooled_year": null,
 "deadpooled_month": null,
 "deadpooled_day": null,
 "deadpooled_url": null,
 "tag_list": null,
 "alias_list": null,
 "email_address": null,
 "phone_number": null,
 "description": null,
 "created_at": "Sat Oct 16 16:07:33 UTC 2010",
 "updated_at": "Tue Oct 26 11:48:18 UTC 2010",
 "overview": null,
 "image":
  {"available_sizes":
    [[[150,
       27],
      "http://api-images.crunchbase.com/assets/images/resized/0010/7301/107301v1-max-150x150.png"],
     [[237,
       43],
      "http://api-images.crunchbase.com/assets/images/resized/0010/7301/107301v1-max-250x250.png"],
     [[237,
       43],
      "http://api-images.crunchbase.com/assets/images/resized/0010/7301/107301v1-max-450x450.png"]],
   "attribution": null},
 "products":
  [],
 "relationships":
  [],
 "competitions":
  [],
 "providerships":
  [],
 "total_money_raised": "$0",
 "funding_rounds":
  [],
 "investments":
  [],
 "acquisition": null,
 "acquisitions":
  [],
 "offices":
  [],
 "milestones":
  [],
 "ipo": null,
 "video_embeds":
  [],
 "screenshots":
  [],
 "external_links":
  [],
 "partners":
  []}
