{"name": "AHAlife.com",
 "permalink": "ahalife",
 "crunchbase_url": "http://www.crunchbase.com/company/ahalife",
 "homepage_url": "http://www.ahalife.com",
 "blog_url": "http://ahalife.tumblr.com/",
 "blog_feed_url": "http://ahalife.tumblr.com/",
 "twitter_username": "ahalife",
 "category_code": "ecommerce",
 "number_of_employees": 30,
 "founded_year": 2009,
 "founded_month": 11,
 "founded_day": null,
 "deadpooled_year": null,
 "deadpooled_month": null,
 "deadpooled_day": null,
 "deadpooled_url": null,
 "tag_list": "",
 "alias_list": "",
 "email_address": "press@ahalife.com",
 "phone_number": "646-454-1110",
 "description": "Luxury E-Commerce + Content",
 "created_at": "Wed Oct 13 19:00:22 UTC 2010",
 "updated_at": "Fri Feb 21 09:58:41 UTC 2014",
 "overview": "\u003Cp\u003EAHAlife\u0026#8217;s mission is to connect the best the world has to offer with discerning individuals from around the world. We are a discovery shopping destination for curated lifestyle products that span design, technology, fashion, media, food, beauty and travel. Our platform sits at the intersection of content, commerce and curation. Our company philosophy is to help consumers and employees \u201cupgrade your life\u201d by connecting designers, brands and publishers to individuals seeking to live their life to the fullest.\u003C/p\u003E",
 "image":
  {"available_sizes":
    [[[150,
       49],
      "http://api-images.crunchbase.com/assets/images/resized/0010/7307/107307v1-max-150x150.jpg"],
     [[243,
       80],
      "http://api-images.crunchbase.com/assets/images/resized/0010/7307/107307v1-max-250x250.jpg"],
     [[243,
       80],
      "http://api-images.crunchbase.com/assets/images/resized/0010/7307/107307v1-max-450x450.jpg"]],
   "attribution": null},
 "products":
  [],
 "relationships":
  [{"is_past": false,
    "title": "Co-Founder \u0026 CFO",
    "person":
     {"first_name": "Matt",
      "last_name": "Wilkerson",
      "permalink": "matt-wilkerson"}},
   {"is_past": false,
    "title": "Founder \u0026 CEO",
    "person":
     {"first_name": "Shauna",
      "last_name": "Mei",
      "permalink": "shauna-mei"}},
   {"is_past": false,
    "title": "CMO",
    "person":
     {"first_name": "Kevin",
      "last_name": "Ranford",
      "permalink": "kevin-ranford"}},
   {"is_past": false,
    "title": "CTO",
    "person":
     {"first_name": "Sachin",
      "last_name": "Devand",
      "permalink": "sachin-devand"}},
   {"is_past": false,
    "title": "VP of Operations",
    "person":
     {"first_name": "Lander",
      "last_name": "Bravo",
      "permalink": "lander-bravo"}},
   {"is_past": false,
    "title": "",
    "person":
     {"first_name": "Sachin",
      "last_name": "Devand",
      "permalink": "sachin-devand"}},
   {"is_past": false,
    "title": "President",
    "person":
     {"first_name": "Stephano",
      "last_name": "Kim",
      "permalink": "stephano-kim"}}],
 "competitions":
  [],
 "providerships":
  [],
 "total_money_raised": "$23M",
 "funding_rounds":
  [{"id": 24435,
    "round_code": "a",
    "source_url": "http://www.thealarmclock.com/mt/archives/2011/07/shopping_club_a.html",
    "source_description": "Luxury Shopping Destination AHAlife.com Raises $6M",
    "raised_amount": 6000000.0,
    "raised_currency_code": "USD",
    "funded_year": 2011,
    "funded_month": 7,
    "funded_day": 27,
    "investments":
     [{"company": null,
       "financial_org":
        {"name": "FirstMark Capital",
         "permalink": "firstmark-capital"},
       "person": null},
      {"company": null,
       "financial_org":
        {"name": "DCM",
         "permalink": "dcm"},
       "person": null}]},
   {"id": 29569,
    "round_code": "b",
    "source_url": "http://techcrunch.com/2012/04/26/ahalife-raises-10-1m-to-curate-and-sell-hard-to-find-luxury-products-from-around-the-world/",
    "source_description": "AHAlife Raises $10.1M To Curate And Sell Hard-To-Find, Luxury Products From Around The World",
    "raised_amount": 10100000.0,
    "raised_currency_code": "USD",
    "funded_year": 2012,
    "funded_month": 4,
    "funded_day": 26,
    "investments":
     [{"company":
        {"name": "Rakuten",
         "permalink": "rakuten"},
       "financial_org": null,
       "person": null},
      {"company": null,
       "financial_org":
        {"name": "FirstMark Capital",
         "permalink": "firstmark-capital"},
       "person": null},
      {"company": null,
       "financial_org":
        {"name": "DCM",
         "permalink": "dcm"},
       "person": null}]},
   {"id": 40760,
    "round_code": "seed",
    "source_url": "http://www.sec.gov/Archives/edgar/data/1486029/000148602913000001/xslFormDX01/primary_doc.xml",
    "source_description": "SEC",
    "raised_amount": 3649079.0,
    "raised_currency_code": "USD",
    "funded_year": 2013,
    "funded_month": 1,
    "funded_day": 31,
    "investments":
     []},
   {"id": 58379,
    "round_code": "partial",
    "source_url": "http://www.sec.gov/Archives/edgar/data/1486029/000148602910000003/xslFormDX01/primary_doc.xml",
    "source_description": "SEC",
    "raised_amount": 2250000.0,
    "raised_currency_code": "USD",
    "funded_year": 2013,
    "funded_month": 3,
    "funded_day": 9,
    "investments":
     []},
   {"id": 60496,
    "round_code": "partial",
    "source_url": "http://www.sec.gov/Archives/edgar/data/1486029/000148602914000001/xslFormDX01/primary_doc.xml",
    "source_description": "SEC",
    "raised_amount": 1000000.0,
    "raised_currency_code": "USD",
    "funded_year": 2014,
    "funded_month": 1,
    "funded_day": 7,
    "investments":
     []}],
 "investments":
  [],
 "acquisition": null,
 "acquisitions":
  [{"price_amount": null,
    "price_currency_code": "USD",
    "term_code": null,
    "source_url": "http://pandodaily.com/2013/07/24/why-would-ahalife-a-luxury-commerce-site-buy-a-kaptur-photo-sharing-app/",
    "source_description": "Why would AHAlife, a luxury commerce site, buy Kaptur, a photo sharing app?",
    "acquired_year": 2013,
    "acquired_month": 1,
    "acquired_day": 15,
    "company":
     {"name": "Kaptur",
      "permalink": "kaptur"}}],
 "offices":
  [{"description": "AHAloft",
    "address1": "45 Bond Street",
    "address2": "",
    "zip_code": "10012",
    "city": "New York",
    "state_code": "NY",
    "country_code": "USA",
    "latitude": null,
    "longitude": null}],
 "milestones":
  [{"id": 11708,
    "description": "Closes seed funding round with First Mark Capital FirstSteps program and angel investors.",
    "stoned_year": 2010,
    "stoned_month": 3,
    "stoned_day": 15,
    "source_url": "http://www.businessinsider.com/meet-firststeps-firstmark-capitals-seed-program-2010-5",
    "source_text": null,
    "source_description": "Meet FirstSteps, FirstMark Capital's Seed Program",
    "stoneable_type": "Company",
    "stoned_value": null,
    "stoned_value_type": null,
    "stoned_acquirer": null,
    "stoneable":
     {"name": "AHAlife.com",
      "permalink": "ahalife"}}],
 "ipo": null,
 "video_embeds":
  [],
 "screenshots":
  [{"available_sizes":
     [[[134,
        150],
       "http://api-images.crunchbase.com/assets/images/resized/0018/6312/186312v2-max-150x150.png"],
      [[224,
        250],
       "http://api-images.crunchbase.com/assets/images/resized/0018/6312/186312v2-max-250x250.png"],
      [[403,
        450],
       "http://api-images.crunchbase.com/assets/images/resized/0018/6312/186312v2-max-450x450.png"]],
    "attribution": null},
   {"available_sizes":
     [[[112,
        150],
       "http://api-images.crunchbase.com/assets/images/resized/0018/6313/186313v2-max-150x150.png"],
      [[187,
        250],
       "http://api-images.crunchbase.com/assets/images/resized/0018/6313/186313v2-max-250x250.png"],
      [[337,
        450],
       "http://api-images.crunchbase.com/assets/images/resized/0018/6313/186313v2-max-450x450.png"]],
    "attribution": null},
   {"available_sizes":
     [[[150,
        129],
       "http://api-images.crunchbase.com/assets/images/resized/0018/6314/186314v2-max-150x150.png"],
      [[250,
        215],
       "http://api-images.crunchbase.com/assets/images/resized/0018/6314/186314v2-max-250x250.png"],
      [[450,
        388],
       "http://api-images.crunchbase.com/assets/images/resized/0018/6314/186314v2-max-450x450.png"]],
    "attribution": null},
   {"available_sizes":
     [[[142,
        150],
       "http://api-images.crunchbase.com/assets/images/resized/0018/6315/186315v2-max-150x150.png"],
      [[238,
        250],
       "http://api-images.crunchbase.com/assets/images/resized/0018/6315/186315v2-max-250x250.png"],
      [[428,
        450],
       "http://api-images.crunchbase.com/assets/images/resized/0018/6315/186315v2-max-450x450.png"]],
    "attribution": null}],
 "external_links":
  [],
 "partners":
  []}
