{"name": "Ahern and Associates Ltd.",
 "permalink": "ahern-and-associates-ltd",
 "crunchbase_url": "http://www.crunchbase.com/company/ahern-and-associates-ltd",
 "homepage_url": "http://www.ahern-ltd.com",
 "blog_url": "http://www.ahern-ltd.com/ahern_blog/index.php",
 "blog_feed_url": "",
 "twitter_username": "ahernassociates",
 "category_code": "other",
 "number_of_employees": null,
 "founded_year": 1987,
 "founded_month": null,
 "founded_day": null,
 "deadpooled_year": null,
 "deadpooled_month": null,
 "deadpooled_day": null,
 "deadpooled_url": null,
 "tag_list": "trucking, trucking-company-business, logistics, company-mergers, ahern-and-associates, andy-ahern",
 "alias_list": "",
 "email_address": "ahern@ahern-ltd.com",
 "phone_number": "(602) 242 - 1030",
 "description": "Trucking Business",
 "created_at": "Wed Nov 24 10:16:39 UTC 2010",
 "updated_at": "Sun Apr 07 06:24:20 UTC 2013",
 "overview": "\u003Cp\u003EAhern and Associates is North America\u0026#8217;s leading trucking and transportation management consulting firm. The skilled consultants at Ahern and Associates specialize in mergers and acquisitions of trucking companies and logistics companies as well as the restructuring and evaluation of existing carriers that seek to increase operating efficiency and improve profitability. Since 1987, Ahern and Associates has aided hundreds of buyers in the acquisition of trucking and logistics companies throughout the U.S. and Canada as well as assisting many transportation and logistics companies in reducing their overall operating costs and increasing their profitability.\u003C/p\u003E\n\n\u003Cp\u003EAs the industry\u0026#8217;s most progressive and professional transportation and trucking company consulting firm in North America, they specialize in:\u003C/p\u003E\n\n\u003Cpre\u003E\u003Ccode\u003E* Trucking company Mergers\n* Trucking company Divestitures\n* Trucking company Acquisitions\n* Transportation company Mergers\n* Transportation company Acquisitions\n* Logistics company Mergers\n* Logistics company acquisitions\n* Operational Reviews\n* Transportation/Logistics Turnaround\n* Sales and Marketing Programs\n* Transportation Successor Planning\n* Trucking Company Employee Evaluation\n* Transportation Software\n\u003C/code\u003E\u003C/pre\u003E\n\n\u003Cp\u003EAhern \u0026amp; Associates can help your trucking or logistics company:\u003C/p\u003E\n\n\u003Cpre\u003E\u003Ccode\u003E* Increase Operating Efficiency\n* Reduce Operating Cost\n* Improve Bottom Line Profitability\n\u003C/code\u003E\u003C/pre\u003E\n\n\u003Cp\u003Ehttp://www.ahernandassociates.com/\nhttp://www.ahern-ltd.com/\nhttp://andyahern-ahernassociatesadvisory.blogspot.com/\nhttp://www.linkedin.com/company/ahern-and-associates\u003C/p\u003E",
 "image":
  {"available_sizes":
    [[[119,
       150],
      "http://api-images.crunchbase.com/assets/images/resized/0011/1520/111520v2-max-150x150.jpg"],
     [[199,
       250],
      "http://api-images.crunchbase.com/assets/images/resized/0011/1520/111520v2-max-250x250.jpg"],
     [[250,
       314],
      "http://api-images.crunchbase.com/assets/images/resized/0011/1520/111520v2-max-450x450.jpg"]],
   "attribution": null},
 "products":
  [],
 "relationships":
  [{"is_past": false,
    "title": "Founder and CEO",
    "person":
     {"first_name": "Andy",
      "last_name": "Ahern",
      "permalink": "andy-ahern"}}],
 "competitions":
  [],
 "providerships":
  [],
 "total_money_raised": "$0",
 "funding_rounds":
  [],
 "investments":
  [],
 "acquisition": null,
 "acquisitions":
  [],
 "offices":
  [{"description": "Phoenix, Arizona",
    "address1": "2198 E. Camelback Rd.",
    "address2": "Suite #210",
    "zip_code": "85016",
    "city": "Phoenix",
    "state_code": "AZ",
    "country_code": "USA",
    "latitude": null,
    "longitude": null}],
 "milestones":
  [],
 "ipo": null,
 "video_embeds":
  [],
 "screenshots":
  [],
 "external_links":
  [],
 "partners":
  []}
