{"name": "Air and Gas Systems",
 "permalink": "air-and-gas-systems",
 "crunchbase_url": "http://www.crunchbase.com/company/air-and-gas-systems",
 "homepage_url": "http://www.airandgas.net",
 "blog_url": "http://www.airandgas.net/blog/",
 "blog_feed_url": "http://feeds.feedburner.com/airandgas",
 "twitter_username": "AirAndGas",
 "category_code": "biotech",
 "number_of_employees": null,
 "founded_year": null,
 "founded_month": null,
 "founded_day": null,
 "deadpooled_year": null,
 "deadpooled_month": null,
 "deadpooled_day": null,
 "deadpooled_url": null,
 "tag_list": "landfill-gas-recovery, biogas-recovery, vacuum-pumps",
 "alias_list": null,
 "email_address": "brett@airandgas.net",
 "phone_number": "(832) 467-9955",
 "description": "Landfill Gas Recovery Specialists",
 "created_at": "Thu Feb 10 17:39:52 UTC 2011",
 "updated_at": "Sat May 14 15:02:21 UTC 2011",
 "overview": "\u003Cp\u003EAir and Gas Systems are a distributor and service provide of vacuum blowers, positive displacement blowers, compressors and related equipment.\u003C/p\u003E\n\n\u003Cp\u003EThey specialize in building custom packages for environmentally friendly energy recovery applications. These include landfill gas recovery, biogas recovery and  vapor recovery. \u003C/p\u003E\n\n\u003Cp\u003EAlso they provide blower packages for wastewater treatment and pneumatic conveying. \u003C/p\u003E",
 "image":
  {"available_sizes":
    [[[150,
       35],
      "http://api-images.crunchbase.com/assets/images/resized/0012/1465/121465v2-max-150x150.png"],
     [[250,
       59],
      "http://api-images.crunchbase.com/assets/images/resized/0012/1465/121465v2-max-250x250.png"],
     [[284,
       68],
      "http://api-images.crunchbase.com/assets/images/resized/0012/1465/121465v2-max-450x450.png"]],
   "attribution": null},
 "products":
  [],
 "relationships":
  [],
 "competitions":
  [],
 "providerships":
  [],
 "total_money_raised": "$0",
 "funding_rounds":
  [],
 "investments":
  [],
 "acquisition": null,
 "acquisitions":
  [],
 "offices":
  [{"description": "",
    "address1": "5829 W. Sam Houston Pkwy. N.",
    "address2": "Suite 108",
    "zip_code": "77041",
    "city": "Houston",
    "state_code": "TX",
    "country_code": "USA",
    "latitude": null,
    "longitude": null}],
 "milestones":
  [],
 "ipo": null,
 "video_embeds":
  [],
 "screenshots":
  [{"available_sizes":
     [[[150,
        132],
       "http://api-images.crunchbase.com/assets/images/resized/0012/1464/121464v2-max-150x150.png"],
      [[250,
        221],
       "http://api-images.crunchbase.com/assets/images/resized/0012/1464/121464v2-max-250x250.png"],
      [[450,
        398],
       "http://api-images.crunchbase.com/assets/images/resized/0012/1464/121464v2-max-450x450.png"]],
    "attribution": null},
   {"available_sizes":
     [[[125,
        150],
       "http://api-images.crunchbase.com/assets/images/resized/0013/4508/134508v2-max-150x150.png"],
      [[208,
        250],
       "http://api-images.crunchbase.com/assets/images/resized/0013/4508/134508v2-max-250x250.png"],
      [[375,
        450],
       "http://api-images.crunchbase.com/assets/images/resized/0013/4508/134508v2-max-450x450.png"]],
    "attribution": null}],
 "external_links":
  [],
 "partners":
  []}
