{"name": "AirHop Communications",
 "permalink": "airhop-communications",
 "crunchbase_url": "http://www.crunchbase.com/company/airhop-communications",
 "homepage_url": "http://www.airhopcomm.com",
 "blog_url": "",
 "blog_feed_url": "",
 "twitter_username": "AirHopComm",
 "category_code": "mobile",
 "number_of_employees": null,
 "founded_year": 2007,
 "founded_month": null,
 "founded_day": null,
 "deadpooled_year": null,
 "deadpooled_month": null,
 "deadpooled_day": null,
 "deadpooled_url": null,
 "tag_list": "self-operating-networks, self-operated-networking, son, vson, hetnet, vitualization, ran, ue, enodeb, heterogenous-networks, mobile-terminals, small-cell-networks",
 "alias_list": "",
 "email_address": "info@airhopcomm.com",
 "phone_number": "858.848.6188",
 "description": "wireless communications startup",
 "created_at": "Wed Jan 19 02:31:05 UTC 2011",
 "updated_at": "Thu Apr 10 03:08:00 UTC 2014",
 "overview": "\u003Cp\u003EFounded in 2007, AirHop provides advanced RAN intelligence critical to the next wave of the Mobile Internet. AirHop eSON products are the first to completely address the installation, operation and performance challenges of multi-layer, small cell deployments.\u003C/p\u003E\n\n\u003Cp\u003EAirHop eSON technology is revolutionary because it solves the RAN gap problem by enabling the deployment of unplanned small cells via not only auto-configuration and maintenance but, more importantly, dynamic optimization while they are in operation. With the use of eSON, networks can achieve the performance required by the 3G or 4G standard without traditional planning or when traditional planning is not viable. \u003C/p\u003E\n\n\u003Cp\u003EIn February 2013, AirHop launched vSON, a self-organized network (SON) virtualization software platform that gives operators a key simulation tool for heterogeneous network (HetNet) planning \u0026amp; deployment.\u003C/p\u003E\n\n\u003Cp\u003EAirHop is privately-held and based in San Diego, CA. \u003C/p\u003E",
 "image":
  {"available_sizes":
    [[[150,
       84],
      "http://api-images.crunchbase.com/assets/images/resized/0011/7994/117994v2-max-150x150.jpg"],
     [[150,
       84],
      "http://api-images.crunchbase.com/assets/images/resized/0011/7994/117994v2-max-250x250.jpg"],
     [[150,
       84],
      "http://api-images.crunchbase.com/assets/images/resized/0011/7994/117994v2-max-450x450.jpg"]],
   "attribution": null},
 "products":
  [],
 "relationships":
  [{"is_past": false,
    "title": "Founder, CEO",
    "person":
     {"first_name": "Yan",
      "last_name": "Hui",
      "permalink": "yan-hui"}},
   {"is_past": false,
    "title": "Founder, VP of Engineering",
    "person":
     {"first_name": "Hanson",
      "last_name": "On",
      "permalink": "hanson-on"}},
   {"is_past": false,
    "title": "Director",
    "person":
     {"first_name": "John",
      "last_name": "McDonough",
      "permalink": "john-mcdonough"}},
   {"is_past": true,
    "title": "COO",
    "person":
     {"first_name": "Garrett",
      "last_name": "Choi",
      "permalink": "garrett-choi"}},
   {"is_past": true,
    "title": "VP of Product Management \u0026 Marketing",
    "person":
     {"first_name": "Ilan",
      "last_name": "Vardi",
      "permalink": "ilan-vardi"}}],
 "competitions":
  [],
 "providerships":
  [{"title": "",
    "is_past": false,
    "provider":
     {"name": "The David James Agency",
      "permalink": "the-david-james-agency"}}],
 "total_money_raised": "$0",
 "funding_rounds":
  [],
 "investments":
  [],
 "acquisition": null,
 "acquisitions":
  [],
 "offices":
  [{"description": "Headquarters",
    "address1": "6150 Lusk Blvd.",
    "address2": "Suite B204-B205",
    "zip_code": "92121",
    "city": "San Diego",
    "state_code": "CA",
    "country_code": "USA",
    "latitude": null,
    "longitude": null}],
 "milestones":
  [],
 "ipo": null,
 "video_embeds":
  [],
 "screenshots":
  [{"available_sizes":
     [[[150,
        75],
       "http://api-images.crunchbase.com/assets/images/resized/0023/9840/239840v2-max-150x150.png"],
      [[250,
        125],
       "http://api-images.crunchbase.com/assets/images/resized/0023/9840/239840v2-max-250x250.png"],
      [[450,
        225],
       "http://api-images.crunchbase.com/assets/images/resized/0023/9840/239840v2-max-450x450.png"]],
    "attribution": null}],
 "external_links":
  [{"external_url": "http://www.lightreading.com/document.asp?doc_id=201955",
    "title": "Light Reading Top Ten Startups to Watch in 2011"},
   {"external_url": "http://www.airhopcomm-web.com/whitepaper.html",
    "title": "eSON Whitepaper"},
   {"external_url": "http://www.youtube.com/watch?v=jgsp16GPSSI\u0026feature=player_embedded",
    "title": "AirHop eSON HSPA Demo"},
   {"external_url": "http://www.youtube.com/watch?v=ZVJmENCHxoc",
    "title": "AirHop LTE HetNet Demo"},
   {"external_url": "http://electronicdesign.com/article/communications/Small-Cell-Wireless-Networks-Roll-Out-Ready-or-Not.aspx",
    "title": "Electronic Design: Small-Cell Wireless Networks Roll Out, Ready or Not"},
   {"external_url": "http://www.lightreading.com/document.asp?doc_id=198614",
    "title": "Light Reading: AirHop, picoChip Scale Back to 3G"},
   {"external_url": "http://www.fiercebroadbandwireless.com/press-releases/airhop-launches-vsontm-virtualization-software-platform-effective-hetnets-d",
    "title": "Fierce Wireless: vSON Virtualization Software Launched by AirHop"},
   {"external_url": "http://lteworld.org/press-release/airhop-communications-and-cavium-sign-commercial-agreement-integrate-airhop-s-esontm-s",
    "title": "LTE World: AirHop \u0026 Cavium Sign Commercial Agreement"},
   {"external_url": "http://www.socaltech.com/airhop_in_deal_with_freescale/s-0047872.html",
    "title": "SoCalTech: AirHop in Deal with Freescale"},
   {"external_url": "http://www.tmcnet.com/usubmit/2013/03/01/6960357.htm",
    "title": "TMCnet: Freescale Integrates with AirHop"},
   {"external_url": "http://online.wsj.com/article/PR-CO-20130221-908247.html?mod=crnews",
    "title": "WSJ: AirHop \u0026 Cavium Sign Commercial Agreement"},
   {"external_url": "http://www.rcrwireless.com/article/20130227/networks/wi-fi-small-cells-continue-fuel-buzz-mwc-2013/",
    "title": "RCR Wireless: WiFi, Small Cells Fuel Buzz"},
   {"external_url": "http://www.rcrwireless.com/article/20130226/chips/mwc-2013-small-cell-news-broadcom-freescale-ti/",
    "title": "RCR Wireless: Small Cell News"}],
 "partners":
  []}
