{"name": "Airsoft-E-Zone Toy Guns Ammo Gear, Inc.",
 "permalink": "airsoft-e-zone-toy-guns-ammo-gear-inc",
 "crunchbase_url": "http://www.crunchbase.com/company/airsoft-e-zone-toy-guns-ammo-gear-inc",
 "homepage_url": "http://airsoftezone.com",
 "blog_url": "",
 "blog_feed_url": "",
 "twitter_username": "AirsoftStore",
 "category_code": "games_video",
 "number_of_employees": 10,
 "founded_year": 2003,
 "founded_month": 5,
 "founded_day": 29,
 "deadpooled_year": null,
 "deadpooled_month": null,
 "deadpooled_day": null,
 "deadpooled_url": null,
 "tag_list": "airsoft, paintball, guns, toys",
 "alias_list": null,
 "email_address": "customer-support@airsoftezone.com",
 "phone_number": "866-945-5346",
 "description": "airsoft, guns, paintball, toys",
 "created_at": "Tue Sep 14 01:21:31 UTC 2010",
 "updated_at": "Thu Apr 11 03:50:05 UTC 2013",
 "overview": "\u003Cp\u003EAirsoft enthusiasts will definitely enjoy browsing through our online catalog of the best-quality airsoft guns, rifles and other accessories made by trusted and well-known airsoft gun manufacturers. We offer a wide selection of different airsoft products such as spring, gas and electric powered guns, as well as scopes and mounts, magazines, gun cases, pellets, and starter packs for beginners. Owner Rob Taylor, is passionate about providing outstanding customer support. He was a paintball player since his senior year in high school and his passion for airsoft started when he discovered the sport while he was still in college. Rob quickly became hooked with airsoft guns was responsible for recruiting his teammates and eventually converting them to airsoft fanatics as well. During his spare time, Rob enjoys playing airsoft skirmish games with his buddies using his ICS M16 A3 Olympic Arms Airsoft Electric Gun.\u003C/p\u003E",
 "image":
  {"available_sizes":
    [[[150,
       18],
      "http://api-images.crunchbase.com/assets/images/resized/0010/1585/101585v2-max-150x150.jpg"],
     [[250,
       30],
      "http://api-images.crunchbase.com/assets/images/resized/0010/1585/101585v2-max-250x250.jpg"],
     [[450,
       55],
      "http://api-images.crunchbase.com/assets/images/resized/0010/1585/101585v2-max-450x450.jpg"]],
   "attribution": null},
 "products":
  [],
 "relationships":
  [],
 "competitions":
  [],
 "providerships":
  [],
 "total_money_raised": "$0",
 "funding_rounds":
  [],
 "investments":
  [],
 "acquisition": null,
 "acquisitions":
  [],
 "offices":
  [{"description": "",
    "address1": "5917 Oak Ave Ste 108",
    "address2": "",
    "zip_code": "91780",
    "city": "Temple City",
    "state_code": "CA",
    "country_code": "USA",
    "latitude": null,
    "longitude": null}],
 "milestones":
  [],
 "ipo": null,
 "video_embeds":
  [],
 "screenshots":
  [],
 "external_links":
  [],
 "partners":
  []}
