{"name": "AiTechSys",
 "permalink": "aitechsys",
 "crunchbase_url": "http://www.crunchbase.com/company/aitechsys",
 "homepage_url": "http://www.aitechsys.com",
 "blog_url": "",
 "blog_feed_url": "",
 "twitter_username": "aitechsys",
 "category_code": "software",
 "number_of_employees": 25,
 "founded_year": 2010,
 "founded_month": 1,
 "founded_day": null,
 "deadpooled_year": null,
 "deadpooled_month": null,
 "deadpooled_day": null,
 "deadpooled_url": null,
 "tag_list": "enterprise-applications, web-development, e-commerce",
 "alias_list": null,
 "email_address": "gsk@aitechsys.com",
 "phone_number": "",
 "description": "Web Development Company",
 "created_at": "Tue Nov 02 18:06:56 UTC 2010",
 "updated_at": "Wed Jun 19 19:48:51 UTC 2013",
 "overview": "\u003Cp\u003EAiTechSys is a consulting and services company that delivers state of the art solutions. \u003C/p\u003E\n\n\u003Cp\u003EThe service is the fusion of specialist disciplines, and the bringing together of what is typically a number of distinct areas of service into client specific packages. \u003C/p\u003E",
 "image":
  {"available_sizes":
    [[[150,
       48],
      "http://api-images.crunchbase.com/assets/images/resized/0010/8315/108315v2-max-150x150.png"],
     [[250,
       80],
      "http://api-images.crunchbase.com/assets/images/resized/0010/8315/108315v2-max-250x250.png"],
     [[450,
       144],
      "http://api-images.crunchbase.com/assets/images/resized/0010/8315/108315v2-max-450x450.png"]],
   "attribution": null},
 "products":
  [],
 "relationships":
  [{"is_past": false,
    "title": "Director",
    "person":
     {"first_name": "Gnanasekaran",
      "last_name": "Saravana Kumar",
      "permalink": "gnanasekaran-saravana-kumar"}}],
 "competitions":
  [],
 "providerships":
  [],
 "total_money_raised": "$0",
 "funding_rounds":
  [],
 "investments":
  [],
 "acquisition": null,
 "acquisitions":
  [],
 "offices":
  [{"description": "India Office",
    "address1": "No. 30, 2nd Floor",
    "address2": "Velachery Bypass Road, Velachery",
    "zip_code": "600 042",
    "city": "Chennai",
    "state_code": null,
    "country_code": "IND",
    "latitude": null,
    "longitude": null}],
 "milestones":
  [],
 "ipo": null,
 "video_embeds":
  [],
 "screenshots":
  [],
 "external_links":
  [],
 "partners":
  []}
