{"name": "Akinai Souken",
 "permalink": "akinai-souken",
 "crunchbase_url": "http://www.crunchbase.com/company/akinai-souken",
 "homepage_url": null,
 "blog_url": null,
 "blog_feed_url": null,
 "twitter_username": null,
 "category_code": null,
 "number_of_employees": null,
 "founded_year": null,
 "founded_month": null,
 "founded_day": null,
 "deadpooled_year": null,
 "deadpooled_month": null,
 "deadpooled_day": null,
 "deadpooled_url": null,
 "tag_list": null,
 "alias_list": null,
 "email_address": null,
 "phone_number": null,
 "description": null,
 "created_at": "Thu Oct 28 19:07:23 UTC 2010",
 "updated_at": "Thu Oct 28 19:07:23 UTC 2010",
 "overview": null,
 "image": null,
 "products":
  [],
 "relationships":
  [],
 "competitions":
  [],
 "providerships":
  [],
 "total_money_raised": "$0",
 "funding_rounds":
  [],
 "investments":
  [{"funding_round":
     {"round_code": "unattributed",
      "source_url": "",
      "source_description": "EDGAR",
      "raised_amount": 11000.0,
      "raised_currency_code": "USD",
      "funded_year": 2010,
      "funded_month": 7,
      "funded_day": 20,
      "company":
       {"name": "Good Thing",
        "permalink": "good-thing"}}},
   {"funding_round":
     {"round_code": "unattributed",
      "source_url": "",
      "source_description": "EDGAR",
      "raised_amount": 1100.0,
      "raised_currency_code": "USD",
      "funded_year": 2010,
      "funded_month": 7,
      "funded_day": 20,
      "company":
       {"name": "Keystone Technology",
        "permalink": "keystone-technology"}}}],
 "acquisition": null,
 "acquisitions":
  [],
 "offices":
  [],
 "milestones":
  [],
 "ipo": null,
 "video_embeds":
  [],
 "screenshots":
  [],
 "external_links":
  [],
 "partners":
  []}
