{"name": "Akshay Urja Private Limited, Pune",
 "permalink": "akshay-urja-private-limited-pune",
 "crunchbase_url": "http://www.crunchbase.com/company/akshay-urja-private-limited-pune",
 "homepage_url": "http://www.akshayurja.net",
 "blog_url": "",
 "blog_feed_url": "",
 "twitter_username": null,
 "category_code": "other",
 "number_of_employees": 50,
 "founded_year": null,
 "founded_month": null,
 "founded_day": null,
 "deadpooled_year": null,
 "deadpooled_month": null,
 "deadpooled_day": null,
 "deadpooled_url": null,
 "tag_list": "",
 "alias_list": null,
 "email_address": "webmaster@akshayurja.com",
 "phone_number": "+(91)-(20)-24338013",
 "description": "",
 "created_at": "Tue Nov 09 06:26:04 UTC 2010",
 "updated_at": "Thu Aug 30 10:22:34 UTC 2012",
 "overview": "\u003Cp\u003EAkshay Urja Private Limited\u003C/p\u003E\n\n\u003Cp\u003EWe are one of the renowned manufacturers and suppliers of a wide range of renewable energy source systems like solar energy, biogas, wind and biomass. These are catering to the applications such as hotels, swimming pools and water treatment plants. \u003C/p\u003E\n\n\u003Cp\u003EEstablished in the year 1988, we, Akshay Urja Private Limited, Pune are counted amongst the leading manufacturers and suppliers of a wide range of renewable energy source systems like solar energy, biogas, wind and biomass. \u003C/p\u003E\n\n\u003Cp\u003EWe are engaged in manufacturing and supplying of a wide range of renewable energy source systems like solar energy, biogas, wind and biomass. These are applicable in hostels, hospitals, industries and domestic households.\u003C/p\u003E\n\n\u003Cp\u003EOur range is widely appreciated for delivering constant performance, reliability and easy installation. These find application in the following areas:\u003C/p\u003E\n\n\u003Cp\u003E\u00e2\u20ac\u00a2    Hospitals\n\u00e2\u20ac\u00a2    Hotels\n\u00e2\u20ac\u00a2    Colleges, schools, hostels\n\u00e2\u20ac\u00a2    Domestic purposes\n\u00e2\u20ac\u00a2    Swimming pools\n\u00e2\u20ac\u00a2    Water treatment plants\u003C/p\u003E\n\n\u003Cp\u003EQuality being our forte, we leave no stone unturned in maintaining it in our range of renewable energy source systems like solar energy, biogas, wind and biomass. To conform to industry set quality standards, we have a team of quality inspectors who checks our range on well defined parameters and ensure the specifications are duly integrated in the production process. \u003C/p\u003E",
 "image": null,
 "products":
  [],
 "relationships":
  [],
 "competitions":
  [],
 "providerships":
  [],
 "total_money_raised": "$0",
 "funding_rounds":
  [],
 "investments":
  [],
 "acquisition": null,
 "acquisitions":
  [],
 "offices":
  [],
 "milestones":
  [],
 "ipo": null,
 "video_embeds":
  [],
 "screenshots":
  [],
 "external_links":
  [{"external_url": "http://www.pincodedatabase.com/pincode/pune-pin-code",
    "title": "Pune area code"}],
 "partners":
  []}
