{"name": "Aksilon",
 "permalink": "aksilon",
 "crunchbase_url": "http://www.crunchbase.com/company/aksilon",
 "homepage_url": "http://aksilon.com",
 "blog_url": "",
 "blog_feed_url": "",
 "twitter_username": "aksilon",
 "category_code": "web",
 "number_of_employees": 6,
 "founded_year": 2009,
 "founded_month": 10,
 "founded_day": 1,
 "deadpooled_year": null,
 "deadpooled_month": null,
 "deadpooled_day": null,
 "deadpooled_url": null,
 "tag_list": "startups, social-gaming, iphone-apps, android-apps, facebook-apps, twitter-apps, web-services",
 "alias_list": null,
 "email_address": "corp@aksilon.com",
 "phone_number": "+1 (858) 877-3480",
 "description": "The startup of startups",
 "created_at": "Tue Oct 19 04:31:39 UTC 2010",
 "updated_at": "Fri Nov 12 03:18:24 UTC 2010",
 "overview": "\u003Cp\u003EAksilon is a startup of startups. \nThe company was founded by Kozyatnikov Danil in October 2009. \u003C/p\u003E\n\n\u003Cp\u003EThe first major project for the company was myFrame. A number of services were developed for this project, such as: \nhttp://myframe.ru - Russian version of the website. \nhttp://myframe.us - English version of the website. \nmyframe.ru/mymailru - Social application for http://my.mail.ru \nhttp://myframe.ru/vkontakte - Social application for http://vk.com \nThe iPhone and iPad applications are on the way. \u003C/p\u003E\n\n\u003Cp\u003EMeanwhile, few other projects were born. One of the most promissing, is a online multiplayer social crash racing game. It is not finished yet, but you can find some information and screenshots at http://aksilon.com/#projects_steelalive \u003C/p\u003E\n\n\u003Cp\u003EThe other project is very simple, but popular Bubbles Pop social game. In Russian social networks, it has gained over 2 million players. Now it is coming to Facebook. To read more about the game go to http://aksilon.com/#projects_bubbles \u003C/p\u003E\n\n\u003Cp\u003EThere are few side projects at aksilon that have been made, just to keep fun going. \nhttp://KHOTAR.com was featured at http://engadget.com and described by Joshua Topolsky as an \u0026#8220;awesome\u0026#8221;. \nhttp://zombieawards.org is lead by Konstantin Pepelyaev and gaining more funs every day. \u003C/p\u003E\n\n\u003Cp\u003EThere are few other projects being developed inside the company, but they are not disclosed yet.\u003C/p\u003E",
 "image":
  {"available_sizes":
    [[[150,
       39],
      "http://api-images.crunchbase.com/assets/images/resized/0010/6159/106159v2-max-150x150.png"],
     [[250,
       66],
      "http://api-images.crunchbase.com/assets/images/resized/0010/6159/106159v2-max-250x250.png"],
     [[450,
       119],
      "http://api-images.crunchbase.com/assets/images/resized/0010/6159/106159v2-max-450x450.png"]],
   "attribution": null},
 "products":
  [],
 "relationships":
  [{"is_past": false,
    "title": "CEO and Founder",
    "person":
     {"first_name": "Danil",
      "last_name": "Kozyatnikov",
      "permalink": "danil-kozyatnikov"}}],
 "competitions":
  [],
 "providerships":
  [{"title": "Cloud Servers",
    "is_past": false,
    "provider":
     {"name": "Media Temple",
      "permalink": "media-temple-2"}},
   {"title": "Cloud Servers",
    "is_past": false,
    "provider":
     {"name": "Oversan Scalaxy",
      "permalink": "oversan-scalaxy"}},
   {"title": "Dedicated Servers",
    "is_past": false,
    "provider":
     {"name": "Hetzner",
      "permalink": "hetzner"}},
   {"title": "Dedicated Servers",
    "is_past": true,
    "provider":
     {"name": "Soft Layer",
      "permalink": "soft-layer"}}],
 "total_money_raised": "$0",
 "funding_rounds":
  [],
 "investments":
  [],
 "acquisition": null,
 "acquisitions":
  [],
 "offices":
  [{"description": "Office in Siberia",
    "address1": "42 Oktyabrskaya st.",
    "address2": "",
    "zip_code": "630099",
    "city": "Novosibirsk",
    "state_code": null,
    "country_code": "RUS",
    "latitude": null,
    "longitude": null}],
 "milestones":
  [],
 "ipo": null,
 "video_embeds":
  [],
 "screenshots":
  [{"available_sizes":
     [[[117,
        150],
       "http://api-images.crunchbase.com/assets/images/resized/0010/6158/106158v2-max-150x150.jpg"],
      [[195,
        250],
       "http://api-images.crunchbase.com/assets/images/resized/0010/6158/106158v2-max-250x250.jpg"],
      [[352,
        450],
       "http://api-images.crunchbase.com/assets/images/resized/0010/6158/106158v2-max-450x450.jpg"]],
    "attribution": null},
   {"available_sizes":
     [[[126,
        150],
       "http://api-images.crunchbase.com/assets/images/resized/0010/6897/106897v2-max-150x150.jpg"],
      [[211,
        250],
       "http://api-images.crunchbase.com/assets/images/resized/0010/6897/106897v2-max-250x250.jpg"],
      [[380,
        450],
       "http://api-images.crunchbase.com/assets/images/resized/0010/6897/106897v2-max-450x450.jpg"]],
    "attribution": null},
   {"available_sizes":
     [[[121,
        150],
       "http://api-images.crunchbase.com/assets/images/resized/0010/6898/106898v2-max-150x150.png"],
      [[202,
        250],
       "http://api-images.crunchbase.com/assets/images/resized/0010/6898/106898v2-max-250x250.png"],
      [[365,
        450],
       "http://api-images.crunchbase.com/assets/images/resized/0010/6898/106898v2-max-450x450.png"]],
    "attribution": null},
   {"available_sizes":
     [[[150,
        146],
       "http://api-images.crunchbase.com/assets/images/resized/0010/6899/106899v2-max-150x150.jpg"],
      [[250,
        244],
       "http://api-images.crunchbase.com/assets/images/resized/0010/6899/106899v2-max-250x250.jpg"],
      [[450,
        440],
       "http://api-images.crunchbase.com/assets/images/resized/0010/6899/106899v2-max-450x450.jpg"]],
    "attribution": null},
   {"available_sizes":
     [[[150,
        145],
       "http://api-images.crunchbase.com/assets/images/resized/0010/6900/106900v2-max-150x150.jpg"],
      [[250,
        241],
       "http://api-images.crunchbase.com/assets/images/resized/0010/6900/106900v2-max-250x250.jpg"],
      [[450,
        435],
       "http://api-images.crunchbase.com/assets/images/resized/0010/6900/106900v2-max-450x450.jpg"]],
    "attribution": null},
   {"available_sizes":
     [[[150,
        132],
       "http://api-images.crunchbase.com/assets/images/resized/0010/7088/107088v2-max-150x150.jpg"],
      [[250,
        220],
       "http://api-images.crunchbase.com/assets/images/resized/0010/7088/107088v2-max-250x250.jpg"],
      [[450,
        397],
       "http://api-images.crunchbase.com/assets/images/resized/0010/7088/107088v2-max-450x450.jpg"]],
    "attribution": null}],
 "external_links":
  [{"external_url": "http://twilliondollars.com",
    "title": "TwillionDollars.com"},
   {"external_url": "http://khotar.com",
    "title": "KHOTAR.com - Engadget fun page"},
   {"external_url": "http://myframe.ru",
    "title": "myFrame.ru - Frames Site in Russian"},
   {"external_url": "http://myframe.us",
    "title": "myFrame.us - old Frames site"}],
 "partners":
  []}
