{"name": "Al Jazeera",
 "permalink": "al-jazeera",
 "crunchbase_url": "http://www.crunchbase.com/company/al-jazeera",
 "homepage_url": "http://english.aljazeera.net",
 "blog_url": "http://blogs.aljazeera.com",
 "blog_feed_url": "feed://english.aljazeera.net/Services/Rss/?PostingId=2007731105943979989",
 "twitter_username": "ajenglish",
 "category_code": "web",
 "number_of_employees": null,
 "founded_year": 1996,
 "founded_month": null,
 "founded_day": null,
 "deadpooled_year": null,
 "deadpooled_month": null,
 "deadpooled_day": null,
 "deadpooled_url": null,
 "tag_list": "",
 "alias_list": "",
 "email_address": "",
 "phone_number": "",
 "description": "News Channel",
 "created_at": "Sun Feb 13 16:53:20 UTC 2011",
 "updated_at": "Mon Nov 18 19:50:43 UTC 2013",
 "overview": "\u003Cp\u003EAl Jazeera, owned by the Qatar Media Corporation, is the  channel of reference for the Middle East and Africa, Al Jazeera has unique access to some of the world\u0026#8217;s most troubled and controversial locations. \u003C/p\u003E\n\n\u003Cp\u003EThe Al Jazeera channel started in 1996 with a loan of 500 million Qatari riyals from the emir of Qatar, Sheikh Hamad bin Khalifa. They began broadcasting in late 1996.\u003C/p\u003E",
 "image":
  {"available_sizes":
    [[[150,
       50],
      "http://api-images.crunchbase.com/assets/images/resized/0012/1940/121940v1-max-150x150.png"],
     [[250,
       84],
      "http://api-images.crunchbase.com/assets/images/resized/0012/1940/121940v1-max-250x250.png"],
     [[450,
       151],
      "http://api-images.crunchbase.com/assets/images/resized/0012/1940/121940v1-max-450x450.png"]],
   "attribution": null},
 "products":
  [],
 "relationships":
  [{"is_past": false,
    "title": "VP West Coast Advertising Sales - America",
    "person":
     {"first_name": "George",
      "last_name": "Giatzis",
      "permalink": "george-giatzis"}}],
 "competitions":
  [],
 "providerships":
  [],
 "total_money_raised": "$0",
 "funding_rounds":
  [],
 "investments":
  [],
 "acquisition": null,
 "acquisitions":
  [],
 "offices":
  [{"description": "",
    "address1": "",
    "address2": "",
    "zip_code": "",
    "city": "Doha",
    "state_code": null,
    "country_code": "QAT",
    "latitude": null,
    "longitude": null}],
 "milestones":
  [],
 "ipo": null,
 "video_embeds":
  [],
 "screenshots":
  [{"available_sizes":
     [[[150,
        134],
       "http://api-images.crunchbase.com/assets/images/resized/0012/1941/121941v1-max-150x150.png"],
      [[250,
        223],
       "http://api-images.crunchbase.com/assets/images/resized/0012/1941/121941v1-max-250x250.png"],
      [[450,
        402],
       "http://api-images.crunchbase.com/assets/images/resized/0012/1941/121941v1-max-450x450.png"]],
    "attribution": null}],
 "external_links":
  [],
 "partners":
  []}
