{"name": "Alan Ross Machinery",
 "permalink": "alan-ross-machinery",
 "crunchbase_url": "http://www.crunchbase.com/company/alan-ross-machinery",
 "homepage_url": "http://www.alanross.biz",
 "blog_url": "",
 "blog_feed_url": "",
 "twitter_username": "rossmachinery",
 "category_code": "other",
 "number_of_employees": null,
 "founded_year": 1952,
 "founded_month": null,
 "founded_day": null,
 "deadpooled_year": null,
 "deadpooled_month": null,
 "deadpooled_day": null,
 "deadpooled_url": null,
 "tag_list": "equipment, scrap-processing, recycling, recycling-equipment",
 "alias_list": null,
 "email_address": "director@alanross.biz",
 "phone_number": "1-888-898-7677 (ROSS)",
 "description": "Used equipment processing \u0026 recycling",
 "created_at": "Mon Jan 17 21:38:32 UTC 2011",
 "updated_at": "Thu Jan 27 05:59:20 UTC 2011",
 "overview": "\u003Cp\u003EUsed equipment for scrap processing \u0026amp; recycling\u003C/p\u003E\n\n\u003Cp\u003EAlan Ross Machinery Corporation has North America\u0026#8217;s largest inventory of used and new scrap processing and recycling equipment. We offer low prices, new \u0026amp; used equipment sales, professional appraisals, plant-liquidations, auctions and surplus industrial asset management. We also own many of the equipment items we sell. Over 60% of our business each year is repeat and our market is global with clients in over 52 countries.\u003C/p\u003E",
 "image": null,
 "products":
  [],
 "relationships":
  [],
 "competitions":
  [],
 "providerships":
  [],
 "total_money_raised": "$0",
 "funding_rounds":
  [],
 "investments":
  [],
 "acquisition": null,
 "acquisitions":
  [],
 "offices":
  [{"description": "Alan Ross Machinery",
    "address1": "3240 Commercial Ave",
    "address2": "",
    "zip_code": "60062-1907",
    "city": "Northbrook",
    "state_code": "IL",
    "country_code": "USA",
    "latitude": null,
    "longitude": null}],
 "milestones":
  [],
 "ipo": null,
 "video_embeds":
  [],
 "screenshots":
  [],
 "external_links":
  [],
 "partners":
  []}
