{"name": "Alberto Hurtado University",
 "permalink": "alberto-hurtado-university",
 "crunchbase_url": "http://www.crunchbase.com/company/alberto-hurtado-university",
 "homepage_url": "http://www.uahurtado.cl",
 "blog_url": "",
 "blog_feed_url": "",
 "twitter_username": "pensarelmundo",
 "category_code": "other",
 "number_of_employees": null,
 "founded_year": 1997,
 "founded_month": 10,
 "founded_day": 27,
 "deadpooled_year": null,
 "deadpooled_month": null,
 "deadpooled_day": null,
 "deadpooled_url": null,
 "tag_list": "alberto-hurtado-university, chile, education, undergraduate, careers",
 "alias_list": null,
 "email_address": "",
 "phone_number": "562 692 0200",
 "description": "universidad, chile, postgrado, pregrado",
 "created_at": "Tue Oct 26 16:06:46 UTC 2010",
 "updated_at": "Thu Oct 28 21:57:23 UTC 2010",
 "overview": "\u003Cp\u003EAlberto Hurtado University was established in 1997 by the Society of Jesus. The idea was to offer the country an education project based in the Jesuit tradition. \u003C/p\u003E\n\n\u003Cp\u003EContributes to personal development, promotes a fairer society in Chile and Latin America through research, teaching and extension of quality.\u003C/p\u003E\n\n\u003Cp\u003ESeeks to cultivate a new humanism, through a creative interaction of science with the Christian conception of the world. Delivers comprehensive training to students with the goal to make them  professionals in ethical sense, with capacity to respond creatively to personal and social challenges.\u003C/p\u003E",
 "image": null,
 "products":
  [],
 "relationships":
  [{"is_past": false,
    "title": "Rector UAH",
    "person":
     {"first_name": "Fernando",
      "last_name": "Montes Matte S.J.",
      "permalink": "fernando-montes-matte-s-j"}}],
 "competitions":
  [],
 "providerships":
  [],
 "total_money_raised": "$0",
 "funding_rounds":
  [],
 "investments":
  [],
 "acquisition": null,
 "acquisitions":
  [],
 "offices":
  [],
 "milestones":
  [],
 "ipo": null,
 "video_embeds":
  [],
 "screenshots":
  [{"available_sizes":
     [[[150,
        98],
       "http://api-images.crunchbase.com/assets/images/resized/0010/7361/107361v2-max-150x150.jpg"],
      [[250,
        164],
       "http://api-images.crunchbase.com/assets/images/resized/0010/7361/107361v2-max-250x250.jpg"],
      [[450,
        296],
       "http://api-images.crunchbase.com/assets/images/resized/0010/7361/107361v2-max-450x450.jpg"]],
    "attribution": null}],
 "external_links":
  [],
 "partners":
  []}
