{"name": "Albumprinter",
 "permalink": "albumprinter",
 "crunchbase_url": "http://www.crunchbase.com/company/albumprinter",
 "homepage_url": "http://www.albumprintersolutions.com",
 "blog_url": "",
 "blog_feed_url": "",
 "twitter_username": "Albumprinter",
 "category_code": "software",
 "number_of_employees": null,
 "founded_year": 2003,
 "founded_month": null,
 "founded_day": null,
 "deadpooled_year": null,
 "deadpooled_month": null,
 "deadpooled_day": null,
 "deadpooled_url": null,
 "tag_list": null,
 "alias_list": "",
 "email_address": "",
 "phone_number": "",
 "description": "Photo Software",
 "created_at": "Mon Sep 13 08:26:29 UTC 2010",
 "updated_at": "Tue Dec 31 04:31:42 UTC 2013",
 "overview": "\u003Cp\u003EFounded in 2003, Albumprinter, based in Amsterdam, the Netherlands and with offices in New Jersey, USA, was the first European Company to offer a fully integrated end-to-end solution that enables consumers to create hard cover photo books and other photo products using their own digital images. Today, we are a leading company in Europe. Our user-friendly software and specially developed binding technique has been chosen as \u0026#8220;Best Product\u0026#8221; according to PC Magazine (January 2005 and 2006). Our license holders have also received several awards and positive press.\u003C/p\u003E",
 "image":
  {"available_sizes":
    [[[150,
       38],
      "http://api-images.crunchbase.com/assets/images/resized/0010/7356/107356v1-max-150x150.jpg"],
     [[250,
       64],
      "http://api-images.crunchbase.com/assets/images/resized/0010/7356/107356v1-max-250x250.jpg"],
     [[311,
       80],
      "http://api-images.crunchbase.com/assets/images/resized/0010/7356/107356v1-max-450x450.jpg"]],
   "attribution": null},
 "products":
  [],
 "relationships":
  [{"is_past": false,
    "title": "Founder",
    "person":
     {"first_name": "Hans",
      "last_name": "Veldhuizen",
      "permalink": "hans-veldhuizen"}},
   {"is_past": false,
    "title": "Managing Director",
    "person":
     {"first_name": "Wouter",
      "last_name": "Staatsen",
      "permalink": "wouter-staatsen"}},
   {"is_past": false,
    "title": "B2B Marketing Operations Director",
    "person":
     {"first_name": "Barbara",
      "last_name": "Henkelman",
      "permalink": "barbara-henkelman"}},
   {"is_past": false,
    "title": "HR Manager",
    "person":
     {"first_name": "Karlijn",
      "last_name": "Zuelen",
      "permalink": "karlijn-zuelen"}},
   {"is_past": false,
    "title": "Senior Director Marketing \u0026 Sales",
    "person":
     {"first_name": "Frank",
      "last_name": "Van Run",
      "permalink": "frank-van-run"}},
   {"is_past": false,
    "title": "Finance Manager",
    "person":
     {"first_name": "Leon",
      "last_name": "Kerckhaert",
      "permalink": "leon-kerckhaert"}},
   {"is_past": false,
    "title": "Plant Director",
    "person":
     {"first_name": "Alex",
      "last_name": "Stok",
      "permalink": "alex-stok"}},
   {"is_past": true,
    "title": "Chief architect",
    "person":
     {"first_name": "Sander",
      "last_name": "Nagtegaal",
      "permalink": "sander-nagtegaal"}},
   {"is_past": true,
    "title": "CFO",
    "person":
     {"first_name": "Wouter",
      "last_name": "Staatsen",
      "permalink": "wouter-staatsen"}},
   {"is_past": true,
    "title": "Account Manager - Private Label Partners",
    "person":
     {"first_name": "Barbara",
      "last_name": "Henkelman",
      "permalink": "barbara-henkelman"}},
   {"is_past": true,
    "title": "Director, Sales \u0026 Marketing",
    "person":
     {"first_name": "Frank",
      "last_name": "Van Run",
      "permalink": "frank-van-run"}},
   {"is_past": true,
    "title": "Controller",
    "person":
     {"first_name": "Leon",
      "last_name": "Kerckhaert",
      "permalink": "leon-kerckhaert"}}],
 "competitions":
  [],
 "providerships":
  [],
 "total_money_raised": "$0",
 "funding_rounds":
  [],
 "investments":
  [],
 "acquisition":
  {"price_amount": 65000000.0,
   "price_currency_code": "EUR",
   "term_code": "cash",
   "source_url": "http://eu.techcrunch.com/2011/10/24/vistaprint-to-buy-dutch-photobook-software-company-albumprinter-for-up-to-e65-million/",
   "source_description": "Vistaprint to buy Dutch photobook software company Albumprinter for up to \u00e2\u201a\u00ac65 million",
   "acquired_year": 2011,
   "acquired_month": 10,
   "acquired_day": 24,
   "acquiring_company":
    {"name": "Vistaprint",
     "permalink": "vistaprint"}},
 "acquisitions":
  [],
 "offices":
  [{"description": "HQ",
    "address1": "",
    "address2": "",
    "zip_code": "",
    "city": "Amsterdam",
    "state_code": null,
    "country_code": "NLD",
    "latitude": null,
    "longitude": null}],
 "milestones":
  [],
 "ipo": null,
 "video_embeds":
  [],
 "screenshots":
  [{"available_sizes":
     [[[150,
        94],
       "http://api-images.crunchbase.com/assets/images/resized/0010/7357/107357v1-max-150x150.jpg"],
      [[250,
        156],
       "http://api-images.crunchbase.com/assets/images/resized/0010/7357/107357v1-max-250x250.jpg"],
      [[450,
        282],
       "http://api-images.crunchbase.com/assets/images/resized/0010/7357/107357v1-max-450x450.jpg"]],
    "attribution": null}],
 "external_links":
  [],
 "partners":
  []}
