{"name": "Alexion Pharmaceuticals",
 "permalink": "alexion-pharmaceuticals",
 "crunchbase_url": "http://www.crunchbase.com/company/alexion-pharmaceuticals",
 "homepage_url": "http://www.alexionpharma.com",
 "blog_url": "",
 "blog_feed_url": "",
 "twitter_username": null,
 "category_code": "biotech",
 "number_of_employees": null,
 "founded_year": null,
 "founded_month": null,
 "founded_day": null,
 "deadpooled_year": null,
 "deadpooled_month": null,
 "deadpooled_day": null,
 "deadpooled_url": null,
 "tag_list": "drug, research, medicine, health",
 "alias_list": "",
 "email_address": "",
 "phone_number": "203-272-2596",
 "description": "Medicine/ Drug Developer and distributor",
 "created_at": "Tue Feb 01 04:59:26 UTC 2011",
 "updated_at": "Mon Apr 14 05:23:25 UTC 2014",
 "overview": "\u003Cp\u003EAlexion Pharmaceuticals, Inc. (Alexion) is a biopharmaceutical company, which is engaged in the discovery, development and commercialization of biologic therapeutic products aimed at treating patients with severe and life-threatening disease states, including hematologic, kidney and neurologic diseases, transplant rejection, cancer and autoimmune disorders. Its marketed product Soliris (eculizumab) is a therapy approved for the treatment of patients with paroxysmal nocturnal hemoglobinuria (PNH). In April 2009 and August 2009, the United States food and drug administration (FDA) and the European Commission (E.C.), respectively, granted Soliris orphan drug designation for the treatment of patients with atypical Hemolytic Uremic Syndrome (aHUS). In December 2009, its Rhode Island manufacturing facility received regulatory approval from the E.C. for the production of Soliris. \u003C/p\u003E",
 "image":
  {"available_sizes":
    [[[150,
       33],
      "http://api-images.crunchbase.com/assets/images/resized/0011/9814/119814v1-max-150x150.png"],
     [[216,
       48],
      "http://api-images.crunchbase.com/assets/images/resized/0011/9814/119814v1-max-250x250.png"],
     [[216,
       48],
      "http://api-images.crunchbase.com/assets/images/resized/0011/9814/119814v1-max-450x450.png"]],
   "attribution": null},
 "products":
  [],
 "relationships":
  [{"is_past": false,
    "title": "Chairman, Board of Directors",
    "person":
     {"first_name": "Max",
      "last_name": "Link",
      "permalink": "max-link"}},
   {"is_past": false,
    "title": "CEO",
    "person":
     {"first_name": "Leonard",
      "last_name": "Bell",
      "permalink": "leonard-bell"}},
   {"is_past": false,
    "title": "Senior Vice President, Chief Human Resources Officer",
    "person":
     {"first_name": "Clare",
      "last_name": "Carmichael",
      "permalink": "clare-carmichael"}},
   {"is_past": false,
    "title": "Executive Vice President and Chief Commercial Officer",
    "person":
     {"first_name": "David",
      "last_name": "Hallal",
      "permalink": "david-hallal"}},
   {"is_past": false,
    "title": "Vice President \u0026 Chief Information Officer (CIO)",
    "person":
     {"first_name": "James",
      "last_name": "Bilotta",
      "permalink": "james-bilotta"}},
   {"is_past": false,
    "title": "CFO",
    "person":
     {"first_name": "Vikas",
      "last_name": "Sinha",
      "permalink": "vikas-sinha"}},
   {"is_past": false,
    "title": "Executive Vice President, Global Head of Research \u0026 Development.",
    "person":
     {"first_name": "Martin",
      "last_name": "Mackay",
      "permalink": "martin-mackay-2"}},
   {"is_past": false,
    "title": "Senior Vice President, Corporate Quality and Compliance",
    "person":
     {"first_name": "Claus",
      "last_name": "Weisemann",
      "permalink": "claus-weisemann"}},
   {"is_past": false,
    "title": "Vice President Global Metabolic Disorders Franchise",
    "person":
     {"first_name": "Henric",
      "last_name": "Bjarke",
      "permalink": "henric-bjarke"}},
   {"is_past": false,
    "title": "Senior Vice President, API President",
    "person":
     {"first_name": "Frank",
      "last_name": "Wright",
      "permalink": "frank-wright"}},
   {"is_past": false,
    "title": "Director",
    "person":
     {"first_name": "William",
      "last_name": "Keller",
      "permalink": "william-keller-2"}},
   {"is_past": false,
    "title": "Director",
    "person":
     {"first_name": "Andreas",
      "last_name": "Rummelt",
      "permalink": "andreas-rummelt"}},
   {"is_past": false,
    "title": "Director",
    "person":
     {"first_name": "Joseph",
      "last_name": "A.Madri",
      "permalink": "joseph-a-madri"}},
   {"is_past": false,
    "title": "Board of Directors",
    "person":
     {"first_name": "Alvin",
      "last_name": "S.Parven",
      "permalink": "alvin-s-parven"}},
   {"is_past": false,
    "title": "Board of Directors",
    "person":
     {"first_name": "R.Douglas",
      "last_name": "Norby",
      "permalink": "r-douglas-norby"}},
   {"is_past": false,
    "title": "Director",
    "person":
     {"first_name": "Larry",
      "last_name": "Mathis",
      "permalink": "larry-mathis"}},
   {"is_past": false,
    "title": "Director",
    "person":
     {"first_name": "Ann",
      "last_name": "Veneman",
      "permalink": "ann-veneman"}},
   {"is_past": true,
    "title": "CEO",
    "person":
     {"first_name": "Abbie",
      "last_name": "Celniker",
      "permalink": "abbie-celniker"}},
   {"is_past": true,
    "title": "SVP, Translational Medicine",
    "person":
     {"first_name": "Abbie",
      "last_name": "Celniker",
      "permalink": "abbie-celniker"}},
   {"is_past": true,
    "title": "Sr. Director of Financial Services",
    "person":
     {"first_name": "Lars",
      "last_name": "Boesgaard",
      "permalink": "lars-boesgaard"}},
   {"is_past": true,
    "title": "",
    "person":
     {"first_name": "Alexandre",
      "last_name": "Grassin",
      "permalink": "alexandre-grassin"}}],
 "competitions":
  [],
 "providerships":
  [],
 "total_money_raised": "$0",
 "funding_rounds":
  [],
 "investments":
  [{"funding_round":
     {"round_code": "unattributed",
      "source_url": "http://pbn.com/Alexion-invests-25M-in-Moderna-for-rare-disease-treatment,94431",
      "source_description": "Alexion invests $25M in Moderna for rare-disease treatment",
      "raised_amount": 25000000.0,
      "raised_currency_code": "USD",
      "funded_year": 2014,
      "funded_month": 1,
      "funded_day": 14,
      "company":
       {"name": "Moderna Therapeutics",
        "permalink": "moderna-therapeutics"}}}],
 "acquisition": null,
 "acquisitions":
  [{"price_amount": 111000000.0,
    "price_currency_code": "USD",
    "term_code": "cash",
    "source_url": "http://www.masshightech.com/stories/2011/01/31/daily2-Taligen-Therapeutics-acquired-for-111M.html",
    "source_description": "Taligen Therapeutics acquired for $111M",
    "acquired_year": 2011,
    "acquired_month": 1,
    "acquired_day": 31,
    "company":
     {"name": "Taligen Therapeutics",
      "permalink": "taligen-therapeutics"}},
   {"price_amount": null,
    "price_currency_code": "USD",
    "term_code": null,
    "source_url": "http://finance.yahoo.com/news/Alexion-Pharmaceuticals-wscheats-97749478.html?x=0",
    "source_description": "Alexion Pharmaceuticals to Acquire Enobia Pharma Corp.",
    "acquired_year": 2011,
    "acquired_month": 12,
    "acquired_day": 29,
    "company":
     {"name": "Enobia Pharma",
      "permalink": "enobia-pharma"}}],
 "offices":
  [{"description": "",
    "address1": "352 Knotter Drive",
    "address2": "",
    "zip_code": "06410",
    "city": "Cheshire",
    "state_code": "CT",
    "country_code": "USA",
    "latitude": null,
    "longitude": null}],
 "milestones":
  [{"id": 12382,
    "description": "acquired patents and assets for a possible therapy for a ultra-rare genetic disorder for $3 million in cash from Germany-based Orphatec Pharmaceuticals GmbH",
    "stoned_year": 2011,
    "stoned_month": 2,
    "stoned_day": 10,
    "source_url": "http://www.masshightech.com/stories/2011/02/07/daily45-Alexion-buys-IP-from-German-biotech-for-infant-disorder.html",
    "source_text": null,
    "source_description": "Alexion buys IP from German biotech for infant disorder",
    "stoneable_type": "Company",
    "stoned_value": null,
    "stoned_value_type": null,
    "stoned_acquirer": null,
    "stoneable":
     {"name": "Alexion Pharmaceuticals",
      "permalink": "alexion-pharmaceuticals"}},
   {"id": 13789,
    "description": "has won approval from its board of directors for a two-for-one stock split, which if approved would double the number of issued common stock shares from 145 million to 290 million",
    "stoned_year": 2011,
    "stoned_month": 3,
    "stoned_day": 30,
    "source_url": "http://www.masshightech.com/stories/2011/03/28/daily27-Alexion-gets-board-OK-for-stock-2-1-split.html",
    "source_text": null,
    "source_description": "Alexion gets board OK for stock 2-1 split",
    "stoneable_type": "Company",
    "stoned_value": null,
    "stoned_value_type": null,
    "stoned_acquirer": null,
    "stoneable":
     {"name": "Alexion Pharmaceuticals",
      "permalink": "alexion-pharmaceuticals"}},
   {"id": 15261,
    "description": "has won priority review from the U.S. Food and Drug Administration",
    "stoned_year": 2011,
    "stoned_month": 6,
    "stoned_day": 1,
    "source_url": "http://www.masshightech.com/stories/2011/05/30/daily25-Alexion-lands-FDA-priority-review-for-blood-clotting-drug-target.html",
    "source_text": null,
    "source_description": "Alexion lands FDA priority review for blood clotting drug target",
    "stoneable_type": "Company",
    "stoned_value": null,
    "stoned_value_type": null,
    "stoned_acquirer": null,
    "stoneable":
     {"name": "Alexion Pharmaceuticals",
      "permalink": "alexion-pharmaceuticals"}}],
 "ipo":
  {"valuation_amount": null,
   "valuation_currency_code": "USD",
   "pub_year": 1996,
   "pub_month": 3,
   "pub_day": 8,
   "stock_symbol": "NASDAQ:ALXN"},
 "video_embeds":
  [],
 "screenshots":
  [{"available_sizes":
     [[[150,
        101],
       "http://api-images.crunchbase.com/assets/images/resized/0045/1506/451506v1-max-150x150.png"],
      [[250,
        168],
       "http://api-images.crunchbase.com/assets/images/resized/0045/1506/451506v1-max-250x250.png"],
      [[450,
        304],
       "http://api-images.crunchbase.com/assets/images/resized/0045/1506/451506v1-max-450x450.png"]],
    "attribution": null}],
 "external_links":
  [],
 "partners":
  []}
