{"name": "ALFA Promotions",
 "permalink": "alfa-promotions",
 "crunchbase_url": "http://www.crunchbase.com/company/alfa-promotions",
 "homepage_url": "http://www.alfapromotions.com",
 "blog_url": "",
 "blog_feed_url": "",
 "twitter_username": "alfapromotions",
 "category_code": "advertising",
 "number_of_employees": 1,
 "founded_year": null,
 "founded_month": null,
 "founded_day": null,
 "deadpooled_year": null,
 "deadpooled_month": null,
 "deadpooled_day": null,
 "deadpooled_url": null,
 "tag_list": "spanish-promotional-marketing-graphic-design",
 "alias_list": null,
 "email_address": "success@alfapromotions.com",
 "phone_number": "707-373-5870",
 "description": "Promotional marketing agency",
 "created_at": "Sun Feb 13 01:22:01 UTC 2011",
 "updated_at": "Fri Nov 11 22:55:34 UTC 2011",
 "overview": "\u003Cp\u003EAlfa is a Promotional Marketing Agency with emphasis on the Spanish speaking community, specializing in helping our clients to attract and retain new customers through activities like Direct Mail campaigns, Trade Shows/Special Events/Conferences and Networking activities like Chamber\u0026#8217;s mixers/Business and meetings/In-store visits. \u003C/p\u003E",
 "image":
  {"available_sizes":
    [[[150,
       125],
      "http://api-images.crunchbase.com/assets/images/resized/0012/1868/121868v2-max-150x150.jpg"],
     [[250,
       209],
      "http://api-images.crunchbase.com/assets/images/resized/0012/1868/121868v2-max-250x250.jpg"],
     [[254,
       213],
      "http://api-images.crunchbase.com/assets/images/resized/0012/1868/121868v2-max-450x450.jpg"]],
   "attribution": null},
 "products":
  [],
 "relationships":
  [],
 "competitions":
  [],
 "providerships":
  [],
 "total_money_raised": "$0",
 "funding_rounds":
  [],
 "investments":
  [],
 "acquisition": null,
 "acquisitions":
  [],
 "offices":
  [{"description": "Main office",
    "address1": "4040 Civic Center Dr. Ste. 200",
    "address2": "",
    "zip_code": "94903",
    "city": "San Rafael",
    "state_code": "CA",
    "country_code": "USA",
    "latitude": null,
    "longitude": null}],
 "milestones":
  [],
 "ipo": null,
 "video_embeds":
  [],
 "screenshots":
  [],
 "external_links":
  [],
 "partners":
  []}
