{"name": "Alignent Software",
 "permalink": "alignent-software",
 "crunchbase_url": "http://www.crunchbase.com/company/alignent-software",
 "homepage_url": "http://www.alignent.com",
 "blog_url": "",
 "blog_feed_url": "",
 "twitter_username": null,
 "category_code": "software",
 "number_of_employees": null,
 "founded_year": 2001,
 "founded_month": null,
 "founded_day": null,
 "deadpooled_year": null,
 "deadpooled_month": null,
 "deadpooled_day": null,
 "deadpooled_url": null,
 "tag_list": "",
 "alias_list": "",
 "email_address": "",
 "phone_number": "760-438-9100 ",
 "description": "roadmapping software",
 "created_at": "Tue Oct 12 16:24:28 UTC 2010",
 "updated_at": "Tue Oct 12 16:40:24 UTC 2010",
 "overview": "\u003Cp\u003EAlignent Software, Inc. provides collaborative roadmapping software solutions. Its products include Vision Strategist, which allows users to enter product and technology information, as well as graphically depicts it in the form of a multi-dimensional roadmap. The company\u00e2\u20ac\u2122s products also include Vision Reporter, which exports roadmap data to create presentations, analyze planning data, perform advanced calculations, and extend the use of roadmap data to others. In addition, it offers Roadmap Interchange, which helps organizations to share strategic planning information. The company serves aerospace and defense, industrial manufacturing, communications and electronics, government and military, and medical device and diagnostic industries. Alignent Software, Inc. was formerly known as Strateva Software and changed its name to Alignent Software, Inc. in November 2004. The company was founded in 2001 and is based in Carlsbad, California. As of June 25, 2007, Alignent Software, Inc. is a subsidiary of Sopheon plc.\u003C/p\u003E",
 "image": null,
 "products":
  [],
 "relationships":
  [{"is_past": true,
    "title": "Held key Leadership Positions",
    "person":
     {"first_name": "Steve",
      "last_name": "Nathan",
      "permalink": "steve-nathan"}}],
 "competitions":
  [],
 "providerships":
  [],
 "total_money_raised": "$6M",
 "funding_rounds":
  [{"id": 19041,
    "round_code": "a",
    "source_url": "",
    "source_description": "EDGAR",
    "raised_amount": 6000000.0,
    "raised_currency_code": "USD",
    "funded_year": 2005,
    "funded_month": 3,
    "funded_day": 18,
    "investments":
     [{"company": null,
       "financial_org":
        {"name": "Mission Ventures",
         "permalink": "mission-ventures"},
       "person": null},
      {"company": null,
       "financial_org":
        {"name": "Horizon Ventures",
         "permalink": "horizon-ventures"},
       "person": null}]}],
 "investments":
  [],
 "acquisition":
  {"price_amount": 5500000.0,
   "price_currency_code": "USD",
   "term_code": "cash",
   "source_url": "http://www.socaltech.com/sopheon_buys_alignent_software/s-0009532.html",
   "source_description": "Sopheon Buys Alignent Software",
   "acquired_year": 2007,
   "acquired_month": 6,
   "acquired_day": 11,
   "acquiring_company":
    {"name": "Sopheon",
     "permalink": "sopheon"}},
 "acquisitions":
  [],
 "offices":
  [{"description": "HQ",
    "address1": "1901 Camino Vida Roble",
    "address2": "Suite 200",
    "zip_code": "92008",
    "city": "Carlsbad",
    "state_code": "CA",
    "country_code": "USA",
    "latitude": null,
    "longitude": null}],
 "milestones":
  [],
 "ipo": null,
 "video_embeds":
  [],
 "screenshots":
  [],
 "external_links":
  [],
 "partners":
  []}
