{"name": "Alkami Technology",
 "permalink": "alkami-technology",
 "crunchbase_url": "http://www.crunchbase.com/company/alkami-technology",
 "homepage_url": "http://www.alkamitech.com",
 "blog_url": "",
 "blog_feed_url": "",
 "twitter_username": "alkamitech",
 "category_code": "software",
 "number_of_employees": 38,
 "founded_year": 2009,
 "founded_month": 11,
 "founded_day": 1,
 "deadpooled_year": null,
 "deadpooled_month": null,
 "deadpooled_day": null,
 "deadpooled_url": null,
 "tag_list": "ebanking, financial-services, software, online-banking",
 "alias_list": null,
 "email_address": "info@alkamitech.com",
 "phone_number": "405-445-3790",
 "description": "Next-Generation Online Banking",
 "created_at": "Mon Nov 29 17:09:04 UTC 2010",
 "updated_at": "Thu Mar 13 11:44:03 UTC 2014",
 "overview": "\u003Cp\u003EAlkami Technology is a privately-owned software company focused on providing eBanking solutions to the financial services industry.  Alkami\u00e2\u20ac\u2122s eBanking solution represents a quantum leap forward in the level of control and customization given to the institution while revolutionizing the user experience provided to customers and members. With its modern interface, customizable feature set, intelligent content delivery, and financial management tools, Alkami eBanking enables institutions to build stronger relationships with their customers via the online channel. Learn more about Alkami eBanking and our Oxygen Platform by exploring our site.\u003C/p\u003E",
 "image":
  {"available_sizes":
    [[[80,
       94],
      "http://api-images.crunchbase.com/assets/images/resized/0011/2421/112421v2-max-150x150.png"],
     [[80,
       94],
      "http://api-images.crunchbase.com/assets/images/resized/0011/2421/112421v2-max-250x250.png"],
     [[80,
       94],
      "http://api-images.crunchbase.com/assets/images/resized/0011/2421/112421v2-max-450x450.png"]],
   "attribution": null},
 "products":
  [],
 "relationships":
  [{"is_past": false,
    "title": "CEO",
    "person":
     {"first_name": "Michael",
      "last_name": "Hansen",
      "permalink": "michael-hansen-7"}},
   {"is_past": false,
    "title": "CTO",
    "person":
     {"first_name": "Sean",
      "last_name": "McElroy",
      "permalink": "sean-mcelroy"}},
   {"is_past": false,
    "title": "CFO/COO",
    "person":
     {"first_name": "Don",
      "last_name": "Crosby",
      "permalink": "don-crosby"}},
   {"is_past": false,
    "title": "Board of Directors",
    "person":
     {"first_name": "Brian",
      "last_name": "R. Smith",
      "permalink": "brian-r-smith"}},
   {"is_past": true,
    "title": "CEO",
    "person":
     {"first_name": "Gary",
      "last_name": "Nelson",
      "permalink": "gary-nelson"}}],
 "competitions":
  [{"competitor":
     {"name": "Digital Insight",
      "permalink": "digital-insight"}},
   {"competitor":
     {"name": "Corillian",
      "permalink": "corillian"}},
   {"competitor":
     {"name": "Q2ebanking",
      "permalink": "q2ebanking"}}],
 "providerships":
  [],
 "total_money_raised": "$14.3M",
 "funding_rounds":
  [{"id": 41636,
    "round_code": "partial",
    "source_url": "http://www.sec.gov/Archives/edgar/data/1529274/000120919112058576/xslFormDX01/primary_doc.xml",
    "source_description": "SEC",
    "raised_amount": 1000000.0,
    "raised_currency_code": "USD",
    "funded_year": 2012,
    "funded_month": 12,
    "funded_day": 19,
    "investments":
     []},
   {"id": 50608,
    "round_code": "partial",
    "source_url": "http://www.sec.gov/Archives/edgar/data/1529274/000120919111046716/xslFormDX01/primary_doc.xml",
    "source_description": "SEC",
    "raised_amount": 3700000.0,
    "raised_currency_code": "USD",
    "funded_year": 2011,
    "funded_month": 9,
    "funded_day": 6,
    "investments":
     []},
   {"id": 52399,
    "round_code": "partial",
    "source_url": "http://www.sec.gov/Archives/edgar/data/1529274/000120919114019703/xslFormDX01/primary_doc.xml",
    "source_description": "SEC D/A",
    "raised_amount": 9611670.0,
    "raised_currency_code": "USD",
    "funded_year": 2014,
    "funded_month": 3,
    "funded_day": 12,
    "investments":
     []}],
 "investments":
  [],
 "acquisition": null,
 "acquisitions":
  [],
 "offices":
  [{"description": "Alkami Technology",
    "address1": "5601 Granite Parkway",
    "address2": "STE 120",
    "zip_code": "75024",
    "city": "Plano",
    "state_code": "TX",
    "country_code": "USA",
    "latitude": 33.0903149,
    "longitude": -96.821064}],
 "milestones":
  [],
 "ipo": null,
 "video_embeds":
  [],
 "screenshots":
  [],
 "external_links":
  [],
 "partners":
  []}
