{"name": "All Breast Pumps",
 "permalink": "all-breast-pumps",
 "crunchbase_url": "http://www.crunchbase.com/company/all-breast-pumps",
 "homepage_url": "http://www.allbreastpumps.com",
 "blog_url": "http://www.allbreastpumps.com/",
 "blog_feed_url": "http://feeds.feedburner.com/allbreastpumps/Mxul",
 "twitter_username": null,
 "category_code": "other",
 "number_of_employees": 2,
 "founded_year": 2007,
 "founded_month": 3,
 "founded_day": 15,
 "deadpooled_year": null,
 "deadpooled_month": null,
 "deadpooled_day": null,
 "deadpooled_url": null,
 "tag_list": "",
 "alias_list": null,
 "email_address": "kris@allbreastpumps.com",
 "phone_number": "6045430315",
 "description": "Breast Pump reviews and buying advice",
 "created_at": "Sun Nov 21 21:30:52 UTC 2010",
 "updated_at": "Tue Nov 30 00:40:21 UTC 2010",
 "overview": "",
 "image": null,
 "products":
  [],
 "relationships":
  [],
 "competitions":
  [],
 "providerships":
  [],
 "total_money_raised": "$0",
 "funding_rounds":
  [],
 "investments":
  [],
 "acquisition": null,
 "acquisitions":
  [],
 "offices":
  [],
 "milestones":
  [],
 "ipo": null,
 "video_embeds":
  [],
 "screenshots":
  [],
 "external_links":
  [],
 "partners":
  []}
