{"name": "All Crib Mattresses",
 "permalink": "all-crib-mattresses",
 "crunchbase_url": "http://www.crunchbase.com/company/all-crib-mattresses",
 "homepage_url": "http://www.allcribmattresses.com",
 "blog_url": "http://www.allcribmattresses.com/",
 "blog_feed_url": "http://feeds.feedburner.com/AllCribMattresses",
 "twitter_username": null,
 "category_code": "other",
 "number_of_employees": 2,
 "founded_year": 2007,
 "founded_month": 2,
 "founded_day": 5,
 "deadpooled_year": null,
 "deadpooled_month": null,
 "deadpooled_day": null,
 "deadpooled_url": null,
 "tag_list": "",
 "alias_list": null,
 "email_address": "kris@allcribmattresses.com",
 "phone_number": "6045430315",
 "description": "Reviews and ratings on Crib Mattresses",
 "created_at": "Sun Nov 21 21:29:20 UTC 2010",
 "updated_at": "Tue Nov 30 00:40:15 UTC 2010",
 "overview": "",
 "image": null,
 "products":
  [],
 "relationships":
  [],
 "competitions":
  [],
 "providerships":
  [],
 "total_money_raised": "$0",
 "funding_rounds":
  [],
 "investments":
  [],
 "acquisition": null,
 "acquisitions":
  [],
 "offices":
  [],
 "milestones":
  [],
 "ipo": null,
 "video_embeds":
  [],
 "screenshots":
  [],
 "external_links":
  [],
 "partners":
  []}
