{"name": "AllAboutCareers",
 "permalink": "allaboutcareers",
 "crunchbase_url": "http://www.crunchbase.com/company/allaboutcareers",
 "homepage_url": "http://www.AllAboutCareers.com",
 "blog_url": "",
 "blog_feed_url": "",
 "twitter_username": "AllAboutCareers",
 "category_code": "other",
 "number_of_employees": 6,
 "founded_year": 2008,
 "founded_month": 3,
 "founded_day": null,
 "deadpooled_year": null,
 "deadpooled_month": null,
 "deadpooled_day": null,
 "deadpooled_url": null,
 "tag_list": "careers-information, recrutitment, jobs, jobs-board",
 "alias_list": null,
 "email_address": "info@AllAboutCareers.com",
 "phone_number": "0207 392 2648",
 "description": "Careers Information Website",
 "created_at": "Fri Dec 10 12:10:12 UTC 2010",
 "updated_at": "Fri Sep 20 01:08:42 UTC 2013",
 "overview": "\u003Cp\u003EAllAboutCareers.com is a social-careers information website that provides each user with a bespoke information feed based on their preferences.\u003C/p\u003E\n\n\u003Cp\u003EBuilding on the success of AllAboutLaw.co.uk the company has expanded to 24 other careers sectors. The websites aims to provide information that reflects how the current generation of students interact, impart and receive information.\u003C/p\u003E\n\n\u003Cp\u003EIn the words of Onrec, \u0026#8220;AllAboutCareers.com set to transform online recruitment for students\u0026#8221;. http://tinyurl.com/2f5mgtz\u003C/p\u003E\n\n\u003Cp\u003EThe company was founded by Paul Harris and Jack Denton, two recent graduates who were fed up with the lack of relevant and interesting careers information. \u003C/p\u003E\n\n\u003Cp\u003EThe website offers highly targeted advertising unlike anything currently in the careers information marketplace, due to the high level of data capture from the sites users.\u003C/p\u003E",
 "image":
  {"available_sizes":
    [[[150,
       46],
      "http://api-images.crunchbase.com/assets/images/resized/0011/3762/113762v2-max-150x150.jpg"],
     [[250,
       78],
      "http://api-images.crunchbase.com/assets/images/resized/0011/3762/113762v2-max-250x250.jpg"],
     [[450,
       140],
      "http://api-images.crunchbase.com/assets/images/resized/0011/3762/113762v2-max-450x450.jpg"]],
   "attribution": null},
 "products":
  [],
 "relationships":
  [{"is_past": false,
    "title": "Director",
    "person":
     {"first_name": "Jack",
      "last_name": "Denton",
      "permalink": "jack-denton"}},
   {"is_past": false,
    "title": "Director",
    "person":
     {"first_name": "Paul",
      "last_name": "Harris",
      "permalink": "paul-harris"}}],
 "competitions":
  [{"competitor":
     {"name": "Milkround Online",
      "permalink": "milkround-online"}}],
 "providerships":
  [],
 "total_money_raised": "$0",
 "funding_rounds":
  [],
 "investments":
  [],
 "acquisition": null,
 "acquisitions":
  [],
 "offices":
  [{"description": "London Office",
    "address1": "89 Worship Street",
    "address2": "",
    "zip_code": "EC2A 2BF",
    "city": "London",
    "state_code": null,
    "country_code": "GBR",
    "latitude": null,
    "longitude": null}],
 "milestones":
  [],
 "ipo": null,
 "video_embeds":
  [{"embed_code": "\u003Ciframe width=\"430\" height=\"242\" src=\"http://www.youtube.com/embed/14zwEIiZNBY?feature=player_detailpage\" frameborder=\"0\" allowfullscreen\u003E\u003C/iframe\u003E",
    "description": "\u003Cp\u003EAllAboutCareers.com\u003C/p\u003E"}],
 "screenshots":
  [{"available_sizes":
     [[[150,
        93],
       "http://api-images.crunchbase.com/assets/images/resized/0012/3435/123435v2-max-150x150.jpg"],
      [[250,
        156],
       "http://api-images.crunchbase.com/assets/images/resized/0012/3435/123435v2-max-250x250.jpg"],
      [[450,
        281],
       "http://api-images.crunchbase.com/assets/images/resized/0012/3435/123435v2-max-450x450.jpg"]],
    "attribution": null}],
 "external_links":
  [{"external_url": "http://www.onrec.com/news/launch_of_allaboutcareers_com_set_to_tra",
    "title": "Launch of AllAboutCareers.com set to transform online recruitment for students"},
   {"external_url": "http://www.onrec.com/news/allaboutcareers_com_has_launched",
    "title": "AllAboutCareers.com has launched"},
   {"external_url": "http://www.thisislondon.co.uk/lifestyle/article-23928355-looking-for-a-job-just-invent-your-own.do",
    "title": "Looking for a job? Just invent your own"}],
 "partners":
  []}
