{"name": "AllCountyJobs.com",
 "permalink": "allcountyjobs-com",
 "crunchbase_url": "http://www.crunchbase.com/company/allcountyjobs-com",
 "homepage_url": "http://www.allcountyjobs.com",
 "blog_url": "",
 "blog_feed_url": "",
 "twitter_username": "allcountyjobs",
 "category_code": "advertising",
 "number_of_employees": 2,
 "founded_year": 1999,
 "founded_month": 9,
 "founded_day": 1,
 "deadpooled_year": null,
 "deadpooled_month": null,
 "deadpooled_day": null,
 "deadpooled_url": null,
 "tag_list": "jobs, job-board, careers, job-sites, employment, recruiting",
 "alias_list": null,
 "email_address": "info@allcountyjobs.com",
 "phone_number": "8003996651",
 "description": "Publisher of niche \u0026 local job boards",
 "created_at": "Tue Dec 28 03:11:59 UTC 2010",
 "updated_at": "Thu Dec 30 18:01:14 UTC 2010",
 "overview": "\u003Cp\u003EThis company is a publisher of niche and regional job boards. Their niche sites target the cleantech industries, engineering disciplines and a variety of other small niches such as audio jobs. Their local sites cover the east coast from Washington DC to Vermont. Led by the flagship Connecticut site, FairfieldCountyJobs.com, the company has been connecting local job seekers and employers since 1999.\u003C/p\u003E",
 "image":
  {"available_sizes":
    [[[150,
       29],
      "http://api-images.crunchbase.com/assets/images/resized/0011/5562/115562v2-max-150x150.png"],
     [[250,
       49],
      "http://api-images.crunchbase.com/assets/images/resized/0011/5562/115562v2-max-250x250.png"],
     [[450,
       88],
      "http://api-images.crunchbase.com/assets/images/resized/0011/5562/115562v2-max-450x450.png"]],
   "attribution": null},
 "products":
  [],
 "relationships":
  [{"is_past": false,
    "title": "CEO/founder",
    "person":
     {"first_name": "Chris",
      "last_name": "Russell",
      "permalink": "chris-russell"}}],
 "competitions":
  [],
 "providerships":
  [],
 "total_money_raised": "$0",
 "funding_rounds":
  [],
 "investments":
  [],
 "acquisition": null,
 "acquisitions":
  [],
 "offices":
  [{"description": "",
    "address1": "PO BOX 110055",
    "address2": "",
    "zip_code": "06611",
    "city": "Trumbull",
    "state_code": "CT",
    "country_code": "USA",
    "latitude": null,
    "longitude": null}],
 "milestones":
  [],
 "ipo": null,
 "video_embeds":
  [],
 "screenshots":
  [],
 "external_links":
  [{"external_url": "http://www.allcountyjobs.com/how.html",
    "title": "How They Started"}],
 "partners":
  []}
