{"name": "Allegro Systems",
 "permalink": "allegro-systems",
 "crunchbase_url": "http://www.crunchbase.com/company/allegro-systems",
 "homepage_url": null,
 "blog_url": "",
 "blog_feed_url": "",
 "twitter_username": null,
 "category_code": null,
 "number_of_employees": null,
 "founded_year": null,
 "founded_month": null,
 "founded_day": null,
 "deadpooled_year": null,
 "deadpooled_month": null,
 "deadpooled_day": null,
 "deadpooled_url": null,
 "tag_list": "",
 "alias_list": "",
 "email_address": "",
 "phone_number": "",
 "description": "",
 "created_at": "Mon Nov 22 09:49:32 UTC 2010",
 "updated_at": "Mon Nov 22 09:50:27 UTC 2010",
 "overview": "",
 "image": null,
 "products":
  [],
 "relationships":
  [],
 "competitions":
  [],
 "providerships":
  [],
 "total_money_raised": "$0",
 "funding_rounds":
  [],
 "investments":
  [],
 "acquisition":
  {"price_amount": null,
   "price_currency_code": "USD",
   "term_code": null,
   "source_url": "http://newsroom.cisco.com/dlls/corp_072701.html",
   "source_description": "Cisco Systems to Acquire Allegro Systems",
   "acquired_year": 2001,
   "acquired_month": 7,
   "acquired_day": 27,
   "acquiring_company":
    {"name": "Cisco",
     "permalink": "cisco"}},
 "acquisitions":
  [],
 "offices":
  [],
 "milestones":
  [],
 "ipo": null,
 "video_embeds":
  [],
 "screenshots":
  [],
 "external_links":
  [],
 "partners":
  []}
