{"name": "Allinnova",
 "permalink": "allinnova",
 "crunchbase_url": "http://www.crunchbase.com/company/allinnova",
 "homepage_url": "http://www.allinnova.com",
 "blog_url": "http://www.partneringready.com",
 "blog_feed_url": "",
 "twitter_username": "allinnova",
 "category_code": "consulting",
 "number_of_employees": 1,
 "founded_year": 2009,
 "founded_month": 1,
 "founded_day": 1,
 "deadpooled_year": null,
 "deadpooled_month": null,
 "deadpooled_day": null,
 "deadpooled_url": null,
 "tag_list": "strategic-alliances, partnering, collaboration, innovation, audit, corporate-venture, capability",
 "alias_list": "",
 "email_address": "info@allinnova.com",
 "phone_number": "734-494-0854",
 "description": "executive \u0026 partner development coaching",
 "created_at": "Sun Nov 21 18:55:54 UTC 2010",
 "updated_at": "Tue Feb 11 18:14:41 UTC 2014",
 "overview": "\u003Cp\u003EAllinnova helps organizations avoid becoming a strategic partnerships statistic by improving their ability to engage in partnering.\u003C/p\u003E\n\n\u003Cp\u003EAllinnova was formed to focus on innovation and partnering capability management. Joost Allard, their founder and CEO, has over ten years of experience in alliance consulting, in addition to 12+ years in business process improvement and systems development. Under his leadership, they offer practical, action oriented tools and services to successfully execute collaboration activities.\u003C/p\u003E\n\n\u003Cp\u003EThe company develops \u0026amp; markets independent instruments and services that enable companies to organize, deploy and optimize around \u00e2\u20ac\u02dcGenerally Accepted Partnering Practices\u00e2\u20ac\u2122 (GAPP). Companies that invested in deploying practices have seen across the board improvement in partnering success rates.\u003C/p\u003E\n\n\u003Cp\u003EThe Allinnova tools are applied to the following scenarios:\u003C/p\u003E\n\n\u003Cul\u003E\n\u003Cli\u003EInternal alignment focused on ability to partner as a team\u003C/li\u003E\n\u003Cli\u003EPartner alignment as part of continuous improvement and risk management\u003C/li\u003E\n\u003Cli\u003EPartner selection to identify high quality, partnering-ready organizations\u003C/li\u003E\n\u003C/ul\u003E\n\n\u003Cp\u003EThe Allinnova \u00e2\u20ac\u02dcPartnering Readiness Score\u00e2\u20ac\u2122 (PRS) is used by various organizations to introduce the topic of partnering capability during the initial stages of the business/partner development process, as a means of differentiating the company from competitors.\u003C/p\u003E\n\n\u003Cp\u003EThe Allinnova tools are SaaS based, allowing for ongoing refinement, analysis and sharing of information, both internal and between (future) partners. \u003C/p\u003E",
 "image":
  {"available_sizes":
    [[[150,
       40],
      "http://api-images.crunchbase.com/assets/images/resized/0012/6811/126811v1-max-150x150.jpg"],
     [[250,
       67],
      "http://api-images.crunchbase.com/assets/images/resized/0012/6811/126811v1-max-250x250.jpg"],
     [[313,
       85],
      "http://api-images.crunchbase.com/assets/images/resized/0012/6811/126811v1-max-450x450.jpg"]],
   "attribution": null},
 "products":
  [],
 "relationships":
  [{"is_past": false,
    "title": "Founder \u0026 CEO",
    "person":
     {"first_name": "Joost",
      "last_name": "Allard",
      "permalink": "joost-allard"}}],
 "competitions":
  [],
 "providerships":
  [],
 "total_money_raised": "$0",
 "funding_rounds":
  [],
 "investments":
  [],
 "acquisition": null,
 "acquisitions":
  [],
 "offices":
  [{"description": "Headquarters",
    "address1": "313 Westwood Circle",
    "address2": "",
    "zip_code": "48103",
    "city": "Ann Arbor",
    "state_code": "MI",
    "country_code": "USA",
    "latitude": null,
    "longitude": null}],
 "milestones":
  [],
 "ipo": null,
 "video_embeds":
  [],
 "screenshots":
  [{"available_sizes":
     [[[150,
        116],
       "http://api-images.crunchbase.com/assets/images/resized/0012/6812/126812v1-max-150x150.jpg"],
      [[250,
        194],
       "http://api-images.crunchbase.com/assets/images/resized/0012/6812/126812v1-max-250x250.jpg"],
      [[450,
        349],
       "http://api-images.crunchbase.com/assets/images/resized/0012/6812/126812v1-max-450x450.jpg"]],
    "attribution": null}],
 "external_links":
  [],
 "partners":
  []}
