{"name": "Allied American University",
 "permalink": "allied-american-university",
 "crunchbase_url": "http://www.crunchbase.com/company/allied-american-university",
 "homepage_url": "http://www.allied.edu",
 "blog_url": "http://blog.allied.edu",
 "blog_feed_url": "http://feeds.feedburner.com/allied/VUxm",
 "twitter_username": null,
 "category_code": "other",
 "number_of_employees": 300,
 "founded_year": null,
 "founded_month": null,
 "founded_day": null,
 "deadpooled_year": null,
 "deadpooled_month": null,
 "deadpooled_day": null,
 "deadpooled_url": null,
 "tag_list": "online-college, online-university, online-degrees, online-program, online-courses",
 "alias_list": null,
 "email_address": "slee@allied.edu",
 "phone_number": "",
 "description": "Online College \u0026 Degrees",
 "created_at": "Wed Oct 06 21:42:22 UTC 2010",
 "updated_at": "Thu Oct 07 20:05:02 UTC 2010",
 "overview": "\u003Cp\u003EAllied American University is a division of Allied Business Schools, Inc., a family-owned and operated educational organization. AAU is dedicated to providing education required for today\u0026#8217;s in-demand careers, allowing our graduates to succeed in the current competitive job market! AAU was accredited by the Accrediting Commission of the Distance Education and Training Council in June of 2008.\u003C/p\u003E\n\n\u003Cp\u003EAAU offers Associate degree and Bachelor\u0026#8217;s Degree programs in Business Administration, Computer Information Systems, Criminal Justice and General Studies. The University delivers student-centered academic programs in an online distance learning environment that allows students to pursue their degree from the comfort of their home, workplace or wherever they choose to study.\u003C/p\u003E",
 "image":
  {"available_sizes":
    [[[150,
       51],
      "http://api-images.crunchbase.com/assets/images/resized/0010/4438/104438v2-max-150x150.png"],
     [[210,
       72],
      "http://api-images.crunchbase.com/assets/images/resized/0010/4438/104438v2-max-250x250.png"],
     [[210,
       72],
      "http://api-images.crunchbase.com/assets/images/resized/0010/4438/104438v2-max-450x450.png"]],
   "attribution": null},
 "products":
  [],
 "relationships":
  [],
 "competitions":
  [],
 "providerships":
  [],
 "total_money_raised": "$0",
 "funding_rounds":
  [],
 "investments":
  [],
 "acquisition": null,
 "acquisitions":
  [],
 "offices":
  [],
 "milestones":
  [],
 "ipo": null,
 "video_embeds":
  [],
 "screenshots":
  [],
 "external_links":
  [],
 "partners":
  []}
