{"name": "Allied Digital Services",
 "permalink": "allied-digital-services",
 "crunchbase_url": "http://www.crunchbase.com/company/allied-digital-services",
 "homepage_url": "http://www.allieddigital.net/in",
 "blog_url": "",
 "blog_feed_url": "",
 "twitter_username": "AlliedDigital1",
 "category_code": "consulting",
 "number_of_employees": null,
 "founded_year": 1995,
 "founded_month": null,
 "founded_day": null,
 "deadpooled_year": null,
 "deadpooled_month": null,
 "deadpooled_day": null,
 "deadpooled_url": null,
 "tag_list": "",
 "alias_list": "",
 "email_address": "adsl.contact@allieddigital.net",
 "phone_number": "+91-22- 2200 20 20",
 "description": "",
 "created_at": "Tue Sep 28 06:28:43 UTC 2010",
 "updated_at": "Thu Oct 24 19:54:52 UTC 2013",
 "overview": "\u003Cp\u003EAllied Digital Services Limited operates as an information technology (IT) infrastructure management and technical support services outsourcing company in India and internationally. The company\u00e2\u20ac\u2122s solutions and services include infrastructure management services, remote management services, technical business process outsourcing services, networking and communication solutions, and enterprise computing solutions, as well as integrated solutions, such as intelligent building management and integrated physical security solutions. It offers outsourced technical support services for business-to-business, business-to-consumer, e-commerce, and corporate internal environments. The company serves manufacturing, banking/finance/insurance, services, energy power, government, retail, telecom, IT enabled services/software development/business process outsourcing, and retail industries. It has strategic alliances with IBM; Microsoft Corporation; Intel Corporation; Unisys; NIIT Technologies; HP; Cisco Systems, Inc.; Stonesoft Corporation; Resilience; Nortel Networks; Novell, Inc.; EMC Corporation; LANDesk; Fujitsu Siemens Computers; Digicomp Complete Solutions Limited; and En Pointe Global Services, LLC. Allied Digital Services is headquartered in Mumbai, India.\u003C/p\u003E",
 "image":
  {"available_sizes":
    [[[150,
       116],
      "http://api-images.crunchbase.com/assets/images/resized/0010/3357/103357v1-max-150x150.png"],
     [[163,
       127],
      "http://api-images.crunchbase.com/assets/images/resized/0010/3357/103357v1-max-250x250.png"],
     [[163,
       127],
      "http://api-images.crunchbase.com/assets/images/resized/0010/3357/103357v1-max-450x450.png"]],
   "attribution": null},
 "products":
  [],
 "relationships":
  [{"is_past": false,
    "title": "CEO",
    "person":
     {"first_name": "Paresh",
      "last_name": "Shah",
      "permalink": "paresh-shah"}},
   {"is_past": false,
    "title": "Chairman \u0026 Managing Director",
    "person":
     {"first_name": "Nitin",
      "last_name": "Shah",
      "permalink": "nitin-shah"}},
   {"is_past": false,
    "title": "Chief Executive Officer- Integrated Solutions Group",
    "person":
     {"first_name": "Jawahar",
      "last_name": "Ali",
      "permalink": "jawahar-ali"}},
   {"is_past": false,
    "title": "COO",
    "person":
     {"first_name": "Sanjiv",
      "last_name": "Patki",
      "permalink": "sanjiv-patki"}},
   {"is_past": false,
    "title": "Executive Director andChief Financial Officer",
    "person":
     {"first_name": "Prakash",
      "last_name": "Shah",
      "permalink": "prakash-shah"}},
   {"is_past": false,
    "title": "Chief Information Security Officer",
    "person":
     {"first_name": "Arun",
      "last_name": "Kulkarni",
      "permalink": "arun-kulkarni"}},
   {"is_past": false,
    "title": "Board Member",
    "person":
     {"first_name": "Shrikant",
      "last_name": "Parikh",
      "permalink": "shrikant-parikh"}},
   {"is_past": false,
    "title": "Board Member",
    "person":
     {"first_name": "Roop",
      "last_name": "Kishan Dave",
      "permalink": "roop-kishan-dave"}},
   {"is_past": false,
    "title": "CIO - US Operations",
    "person":
     {"first_name": "Manoj",
      "last_name": "Shah",
      "permalink": "manoj-shah"}},
   {"is_past": false,
    "title": "Board Member",
    "person":
     {"first_name": "Venugopal",
      "last_name": "Iyengar",
      "permalink": "venugopal-iyengar"}},
   {"is_past": true,
    "title": "Group Vice President of Operations",
    "person":
     {"first_name": "Mark",
      "last_name": "Zinselmeier",
      "permalink": "mark-zinselmeier"}}],
 "competitions":
  [],
 "providerships":
  [],
 "total_money_raised": "$175k",
 "funding_rounds":
  [{"id": 19778,
    "round_code": "unattributed",
    "source_url": "http://www.cxotoday.com/story/intel-capital-invests-in-allied-digital-services/",
    "source_description": "Intel Capital invests in Allied Digital Services ",
    "raised_amount": 175000.0,
    "raised_currency_code": "USD",
    "funded_year": 2010,
    "funded_month": 9,
    "funded_day": 28,
    "investments":
     [{"company": null,
       "financial_org":
        {"name": "Intel Capital",
         "permalink": "intel-capital"},
       "person": null}]}],
 "investments":
  [],
 "acquisition": null,
 "acquisitions":
  [],
 "offices":
  [{"description": "",
    "address1": "Maharishi Karve Marg, 2rd Floor,",
    "address2": "Kimatrai Building, Marine Lines,",
    "zip_code": "400020",
    "city": "Mumbai",
    "state_code": null,
    "country_code": "IND",
    "latitude": null,
    "longitude": null}],
 "milestones":
  [],
 "ipo": null,
 "video_embeds":
  [],
 "screenshots":
  [{"available_sizes":
     [[[150,
        84],
       "http://api-images.crunchbase.com/assets/images/resized/0010/8157/108157v1-max-150x150.jpg"],
      [[250,
        140],
       "http://api-images.crunchbase.com/assets/images/resized/0010/8157/108157v1-max-250x250.jpg"],
      [[450,
        252],
       "http://api-images.crunchbase.com/assets/images/resized/0010/8157/108157v1-max-450x450.jpg"]],
    "attribution": null}],
 "external_links":
  [],
 "partners":
  []}
