{"name": "Alliance Interactive",
 "permalink": "alliance-interactive",
 "crunchbase_url": "http://www.crunchbase.com/company/alliance-interactive",
 "homepage_url": "http://www.allianceinteractive.com",
 "blog_url": "http://www.allianceinteractive.com/blog",
 "blog_feed_url": "http://www.allianceinteractive.com/blog/feed",
 "twitter_username": "brand_marketing",
 "category_code": "advertising",
 "number_of_employees": 12,
 "founded_year": 2003,
 "founded_month": 1,
 "founded_day": null,
 "deadpooled_year": null,
 "deadpooled_month": null,
 "deadpooled_day": null,
 "deadpooled_url": null,
 "tag_list": "wed-design-firm, interactive-marketing, washington-dc, marketing, adverstising, content-management-systems",
 "alias_list": null,
 "email_address": "info@allianceinteractive.com",
 "phone_number": "888-222-9056",
 "description": "Web Design Company",
 "created_at": "Tue Oct 19 15:45:15 UTC 2010",
 "updated_at": "Sat Oct 23 02:09:55 UTC 2010",
 "overview": "\u003Cp\u003EFull service digital agency and branding experts since 2003 we build brands that sell. From family-owned businesses to fortune 1000 corporations, we engage users with web design, ecommerce, internet marketing, web development, search engine optimization, video and print.  \u003C/p\u003E",
 "image":
  {"available_sizes":
    [[[150,
       54],
      "http://api-images.crunchbase.com/assets/images/resized/0010/6259/106259v2-max-150x150.jpg"],
     [[250,
       91],
      "http://api-images.crunchbase.com/assets/images/resized/0010/6259/106259v2-max-250x250.jpg"],
     [[450,
       164],
      "http://api-images.crunchbase.com/assets/images/resized/0010/6259/106259v2-max-450x450.jpg"]],
   "attribution": null},
 "products":
  [],
 "relationships":
  [],
 "competitions":
  [],
 "providerships":
  [],
 "total_money_raised": "$0",
 "funding_rounds":
  [],
 "investments":
  [],
 "acquisition": null,
 "acquisitions":
  [],
 "offices":
  [{"description": "DC Office",
    "address1": "715 6th St. NW",
    "address2": "",
    "zip_code": "20001",
    "city": "Washington",
    "state_code": "DC",
    "country_code": "USA",
    "latitude": null,
    "longitude": null}],
 "milestones":
  [],
 "ipo": null,
 "video_embeds":
  [],
 "screenshots":
  [{"available_sizes":
     [[[150,
        101],
       "http://api-images.crunchbase.com/assets/images/resized/0010/6258/106258v2-max-150x150.jpg"],
      [[250,
        169],
       "http://api-images.crunchbase.com/assets/images/resized/0010/6258/106258v2-max-250x250.jpg"],
      [[450,
        304],
       "http://api-images.crunchbase.com/assets/images/resized/0010/6258/106258v2-max-450x450.jpg"]],
    "attribution": null}],
 "external_links":
  [],
 "partners":
  []}
