{"name": "Allthetopbananas.com",
 "permalink": "allthetopbananas-com",
 "crunchbase_url": "http://www.crunchbase.com/company/allthetopbananas-com",
 "homepage_url": "http://www.allthetopbananas.com/MediaPack/WhatWeDo.aspx",
 "blog_url": "http://www.morecnews.com",
 "blog_feed_url": "http://morecnews.com/feed/",
 "twitter_username": "TopBananas",
 "category_code": "search",
 "number_of_employees": 7,
 "founded_year": 2007,
 "founded_month": 1,
 "founded_day": 2,
 "deadpooled_year": null,
 "deadpooled_month": null,
 "deadpooled_day": null,
 "deadpooled_url": null,
 "tag_list": "job-search, mobile, mobile-recruiting, advertising, mobile-advertising, recruitment-advertising",
 "alias_list": null,
 "email_address": "Sales@Allthetopbananas.com",
 "phone_number": "0844 800 1616",
 "description": "Mobile recruiting and job search engine",
 "created_at": "Mon Jan 03 14:02:04 UTC 2011",
 "updated_at": "Tue Feb 11 18:48:40 UTC 2014",
 "overview": "\u003Cp\u003EAllthetopbananas.com is the leading UK Job Search engine and rapidly growing mobile recruiting application solution provider for companies worldwide. \u003C/p\u003E\n\n\u003Cp\u003EIn the UK Allthetopbananas.com provides aggregation service of major UK job boards. The site provides advertisers the highest click to vacancy application ratio available in the aggregation sector or search engine marketing. The site offers job seekers an advanced jobs by email service which behind the scenes creates a complex job seeker digital portrait that monitors the jobseekers pragmatic journey to ensure suitable and relevant jobs are always emailed. This electronic agent service is currently underplayed on the site, which will be a major change in 2011.\u003C/p\u003E\n\n\u003Cp\u003EAllthetopbananas.com were early to recognise the importance of mobile Internet and specifically applications on iPhone, Android, etc. Being one of early job seeking apps pioneers in the UK the company now offers expert solution for recruiters and hiring companies worldwide. With over 40 published client applications the company is looking forwards to 2011 which will see many global blue chip clients launch their mobile recruiting applications.\u003C/p\u003E\n\n\u003Cp\u003EAs a true evangelist of Mobile Internet Allthetopbananas.com funds a site dedicated to educating recruiters and HR about mobile Internet, learn or contribute at www.moRecNews.com\u003C/p\u003E\n\n\u003Cp\u003EFor additional information please either contact sales@allthetopbananas.com or the Managing Director \u0026amp; Founder Dave Martin at Dave@Allthetopbananas.com\u003C/p\u003E",
 "image":
  {"available_sizes":
    [[[130,
       110],
      "http://api-images.crunchbase.com/assets/images/resized/0011/6042/116042v2-max-150x150.png"],
     [[130,
       110],
      "http://api-images.crunchbase.com/assets/images/resized/0011/6042/116042v2-max-250x250.png"],
     [[130,
       110],
      "http://api-images.crunchbase.com/assets/images/resized/0011/6042/116042v2-max-450x450.png"]],
   "attribution": null},
 "products":
  [],
 "relationships":
  [{"is_past": true,
    "title": "Managing Director \u0026 Founder",
    "person":
     {"first_name": "Dave",
      "last_name": "Martin",
      "permalink": "dave-martin"}}],
 "competitions":
  [],
 "providerships":
  [],
 "total_money_raised": "\u00a3450k",
 "funding_rounds":
  [{"id": 20732,
    "round_code": "seed",
    "source_url": "",
    "source_description": "",
    "raised_amount": 450000.0,
    "raised_currency_code": "GBP",
    "funded_year": 2006,
    "funded_month": 11,
    "funded_day": 1,
    "investments":
     []}],
 "investments":
  [],
 "acquisition": null,
 "acquisitions":
  [],
 "offices":
  [{"description": "Head Office",
    "address1": "Office 3, Aston Business Park",
    "address2": "Shrewsbury Avenue",
    "zip_code": "PE2 9RQ",
    "city": "Peterborough",
    "state_code": null,
    "country_code": "GBR",
    "latitude": null,
    "longitude": null}],
 "milestones":
  [],
 "ipo": null,
 "video_embeds":
  [],
 "screenshots":
  [{"available_sizes":
     [[[150,
        145],
       "http://api-images.crunchbase.com/assets/images/resized/0011/6041/116041v2-max-150x150.png"],
      [[250,
        242],
       "http://api-images.crunchbase.com/assets/images/resized/0011/6041/116041v2-max-250x250.png"],
      [[450,
        437],
       "http://api-images.crunchbase.com/assets/images/resized/0011/6041/116041v2-max-450x450.png"]],
    "attribution": null}],
 "external_links":
  [{"external_url": "http://www.jobsite.co.uk/insider/jobsite-allthetopbananas-future-of-mobile-recruitment-whitepaper-5282/",
    "title": "Joint mobile recruiting whitepaper"},
   {"external_url": "http://www.guardian.co.uk/media/pda/2008/jun/19/elevatorpitchallthetopbanana",
    "title": "Guardian.notice new company"},
   {"external_url": "http://www.onrec.com/news/allthetopbananas_launch_push_notificatio",
    "title": "Mobile app developments"},
   {"external_url": "http://www.onrec.com/news/broadbean_mobilises_talent_acquisition",
    "title": "Strategic partners"},
   {"external_url": "http://uk.linkedin.com/in/allthetopbananas",
    "title": "Founders LinkedIn"}],
 "partners":
  []}
