{"name": "Almost Famous",
 "permalink": "almost-famous",
 "crunchbase_url": "http://www.crunchbase.com/company/almost-famous",
 "homepage_url": "http://www.almostfamous.com",
 "blog_url": "http://blog.almostfamous.com",
 "blog_feed_url": "http://blog.almostfamous.com/rss",
 "twitter_username": "almostfamouscom",
 "category_code": "games_video",
 "number_of_employees": 4,
 "founded_year": 2008,
 "founded_month": 3,
 "founded_day": null,
 "deadpooled_year": null,
 "deadpooled_month": null,
 "deadpooled_day": null,
 "deadpooled_url": null,
 "tag_list": "incubate-miami, entertainment, media, talent, talent-search, portfolio, model, actor, entertainer, comedy, artists, emerging, entrepeneur",
 "alias_list": null,
 "email_address": "bernard@almostfamous.com",
 "phone_number": "786 355 7464",
 "description": "Social media and talent search website. ",
 "created_at": "Mon Oct 04 22:27:08 UTC 2010",
 "updated_at": "Mon Aug 01 21:32:54 UTC 2011",
 "overview": "\u003Cp\u003EAlmost Famous was founded on the principle that the internet is the great equalizer. Our goal is to help you leverage the web to increase your public profile. Display your talents. Share your art. Search for new and creative artists. Network.\u003C/p\u003E\n\n\u003Cp\u003EAlmost Famous helps musicians, models, artists, entertainers, and athletes promote their talents online. We allow users to create a profile, book gigs, promote shows, sell merchandise, and share media with fans and network with industry professionals. Whatever your goal, Almost Famous is here to help you. We believe that talent will always shine through and that no one is a better judge than your peers. As a result, Almost Famous is a community built around artists, entertainers, musicians, or anyone with a unique skill set.\u003C/p\u003E\n\n\u003Cp\u003EFeel free to look around, discover new talent, or create a profile and showcase yours. We are here for those people that do it for the love of their craft. We are always open to suggestions about ways to improve the site or to help serve the community; so feel free to contact us at any time. \u003C/p\u003E",
 "image":
  {"available_sizes":
    [[[150,
       25],
      "http://api-images.crunchbase.com/assets/images/resized/0013/2061/132061v4-max-150x150.png"],
     [[250,
       42],
      "http://api-images.crunchbase.com/assets/images/resized/0013/2061/132061v4-max-250x250.png"],
     [[450,
       75],
      "http://api-images.crunchbase.com/assets/images/resized/0013/2061/132061v4-max-450x450.png"]],
   "attribution": null},
 "products":
  [{"name": "AlmostFamous.com",
    "permalink": "almostfamous-com"}],
 "relationships":
  [{"is_past": false,
    "title": "CEO",
    "person":
     {"first_name": "Tedd",
      "last_name": "Bernard",
      "permalink": "tedd-bernard"}},
   {"is_past": false,
    "title": "",
    "person":
     {"first_name": "Jon",
      "last_name": "Barchan",
      "permalink": "jon-barchan"}},
   {"is_past": false,
    "title": "",
    "person":
     {"first_name": "Nathalie",
      "last_name": "Balda",
      "permalink": "nathalie-balda"}},
   {"is_past": false,
    "title": "",
    "person":
     {"first_name": "Matt",
      "last_name": "Housden",
      "permalink": "matt-housden"}}],
 "competitions":
  [],
 "providerships":
  [],
 "total_money_raised": "$0",
 "funding_rounds":
  [],
 "investments":
  [],
 "acquisition": null,
 "acquisitions":
  [],
 "offices":
  [{"description": "Almost Famous HQ",
    "address1": "200 SE 1st Ave",
    "address2": "",
    "zip_code": "33130",
    "city": "Miami",
    "state_code": "FL",
    "country_code": "USA",
    "latitude": null,
    "longitude": null}],
 "milestones":
  [{"id": 16453,
    "description": "Private Beta Launch",
    "stoned_year": 2011,
    "stoned_month": 6,
    "stoned_day": 14,
    "source_url": "http://blog.almostfamous.com/post/7015423160/af-beta-users-stage-1-private-beta-launch",
    "source_text": null,
    "source_description": "Private Beta Launch",
    "stoneable_type": "Company",
    "stoned_value": null,
    "stoned_value_type": null,
    "stoned_acquirer": null,
    "stoneable":
     {"name": "Almost Famous",
      "permalink": "almost-famous"}},
   {"id": 16588,
    "description": "Public Beta Launch",
    "stoned_year": 2011,
    "stoned_month": 7,
    "stoned_day": 20,
    "source_url": "http://blog.almostfamous.com/post/7858252340/almostfamous-coms-public-beta-release",
    "source_text": null,
    "source_description": "Public Beta Launch",
    "stoneable_type": "Company",
    "stoned_value": null,
    "stoned_value_type": null,
    "stoned_acquirer": null,
    "stoneable":
     {"name": "Almost Famous",
      "permalink": "almost-famous"}}],
 "ipo": null,
 "video_embeds":
  [],
 "screenshots":
  [{"available_sizes":
     [[[146,
        150],
       "http://api-images.crunchbase.com/assets/images/resized/0014/5382/145382v2-max-150x150.png"],
      [[243,
        250],
       "http://api-images.crunchbase.com/assets/images/resized/0014/5382/145382v2-max-250x250.png"],
      [[438,
        450],
       "http://api-images.crunchbase.com/assets/images/resized/0014/5382/145382v2-max-450x450.png"]],
    "attribution": null},
   {"available_sizes":
     [[[120,
        150],
       "http://api-images.crunchbase.com/assets/images/resized/0014/6641/146641v2-max-150x150.png"],
      [[200,
        250],
       "http://api-images.crunchbase.com/assets/images/resized/0014/6641/146641v2-max-250x250.png"],
      [[360,
        450],
       "http://api-images.crunchbase.com/assets/images/resized/0014/6641/146641v2-max-450x450.png"]],
    "attribution": null}],
 "external_links":
  [{"external_url": "http://www.AlmostFamous.com",
    "title": "AlmostFamous"},
   {"external_url": "http://blog.almostfamous.com",
    "title": "AF Blog"},
   {"external_url": "http://www.twitter.com/almostfamouscom",
    "title": "AlmostFamous Twitter"},
   {"external_url": "http://www.almostfamous.com/afamousteam",
    "title": "AlmostFamous Facebook Page"}],
 "partners":
  []}
