{"name": "Alpha Score",
 "permalink": "alpha-score",
 "crunchbase_url": "http://www.crunchbase.com/company/alpha-score",
 "homepage_url": "http://www.alphascore.com",
 "blog_url": "http://www.alphascore.com/blog",
 "blog_feed_url": "http://www.alphascore.com/feed",
 "twitter_username": "alphascore",
 "category_code": "education",
 "number_of_employees": 3,
 "founded_year": 2001,
 "founded_month": null,
 "founded_day": null,
 "deadpooled_year": null,
 "deadpooled_month": null,
 "deadpooled_day": null,
 "deadpooled_url": null,
 "tag_list": "lsat, education, elearning, test-prep",
 "alias_list": null,
 "email_address": "info@alphascore.com",
 "phone_number": "1-877-LSAT-PRO",
 "description": "Online Test Preparation",
 "created_at": "Tue Oct 19 15:46:01 UTC 2010",
 "updated_at": "Sun Mar 04 09:41:12 UTC 2012",
 "overview": "\u003Cp\u003EAlpha Score provides online test preparation courses that include interactive tutorials, HD video lessons, online exams, quizzes with personal attention. We focus on LSAT, GRE, GMAT and SAT.  Our courses use an assessment and mastery process that allows students to quickly progress through concepts they understand and spend more time on concepts they struggle with.\u003C/p\u003E",
 "image":
  {"available_sizes":
    [[[150,
       33],
      "http://api-images.crunchbase.com/assets/images/resized/0010/6260/106260v2-max-150x150.png"],
     [[250,
       56],
      "http://api-images.crunchbase.com/assets/images/resized/0010/6260/106260v2-max-250x250.png"],
     [[349,
       79],
      "http://api-images.crunchbase.com/assets/images/resized/0010/6260/106260v2-max-450x450.png"]],
   "attribution": null},
 "products":
  [],
 "relationships":
  [],
 "competitions":
  [{"competitor":
     {"name": "Knewton",
      "permalink": "knewton"}},
   {"competitor":
     {"name": "Kaplan",
      "permalink": "kaplan"}},
   {"competitor":
     {"name": "Princeton Review",
      "permalink": "princeton-review"}}],
 "providerships":
  [],
 "total_money_raised": "$0",
 "funding_rounds":
  [],
 "investments":
  [],
 "acquisition": null,
 "acquisitions":
  [],
 "offices":
  [],
 "milestones":
  [],
 "ipo": null,
 "video_embeds":
  [],
 "screenshots":
  [],
 "external_links":
  [],
 "partners":
  []}
