{"name": "Alphabuyer",
 "permalink": "alphabuyer",
 "crunchbase_url": "http://www.crunchbase.com/company/alphabuyer",
 "homepage_url": "http://www.alphabuyer.com",
 "blog_url": "http://blog.alphabuyer.com",
 "blog_feed_url": "",
 "twitter_username": "alphabuyer",
 "category_code": "ecommerce",
 "number_of_employees": 10,
 "founded_year": 2010,
 "founded_month": 6,
 "founded_day": 1,
 "deadpooled_year": null,
 "deadpooled_month": null,
 "deadpooled_day": null,
 "deadpooled_url": null,
 "tag_list": "group-buying, bills, social-commerce, cupcakes",
 "alias_list": null,
 "email_address": "info@alphabuyer.com",
 "phone_number": "215 704-1556",
 "description": "Group buying for your bills",
 "created_at": "Thu Dec 16 04:41:34 UTC 2010",
 "updated_at": "Thu Jun 16 15:23:44 UTC 2011",
 "overview": "\u003Cp\u003EOur Big Idea \u00e2\u20ac\u201c save more, not spend more. Move group buying beyond the realm of cupcakes, spa treatments and skydiving, and into saving customers money in areas where they are already spending.\u003C/p\u003E\n\n\u003Cp\u003EOur Opportunity \u00e2\u20ac\u201c group buying platform for bills. Create a platform that helps customers get the best possible rates, options, and terms for the services they pay for every month.\u003C/p\u003E\n\n\u003Cp\u003EWhy We Believe \u00e2\u20ac\u201c the time is right. The Web is moving from a socially isolating medium to an increasingly connecting medium, just as thrift is overtaking consumption as a dominant social trend.\u003C/p\u003E\n\n\u003Cp\u003EHere at Alphabuyer, we\u00e2\u20ac\u2122re creating a social commerce business that helps customers get the best possible rates, options and terms for the services they pay for every month. We call it group buying, for your bills.\u003C/p\u003E\n\n\u003Cp\u003Ewww.alphabuyer.com\u003C/p\u003E",
 "image":
  {"available_sizes":
    [[[150,
       55],
      "http://api-images.crunchbase.com/assets/images/resized/0013/9106/139106v2-max-150x150.jpg"],
     [[250,
       92],
      "http://api-images.crunchbase.com/assets/images/resized/0013/9106/139106v2-max-250x250.jpg"],
     [[401,
       148],
      "http://api-images.crunchbase.com/assets/images/resized/0013/9106/139106v2-max-450x450.jpg"]],
   "attribution": null},
 "products":
  [],
 "relationships":
  [],
 "competitions":
  [],
 "providerships":
  [],
 "total_money_raised": "$0",
 "funding_rounds":
  [],
 "investments":
  [],
 "acquisition": null,
 "acquisitions":
  [],
 "offices":
  [{"description": "",
    "address1": "",
    "address2": "",
    "zip_code": "",
    "city": "",
    "state_code": null,
    "country_code": "USA",
    "latitude": null,
    "longitude": null}],
 "milestones":
  [{"id": 10836,
    "description": "Alphabuyer launch!",
    "stoned_year": 2010,
    "stoned_month": 12,
    "stoned_day": 12,
    "source_url": "http://blog.alphabuyer.com/2010/12/13/my-peco-electric-social-commerce-story-alphabuyer-launch/",
    "source_text": null,
    "source_description": "Social Commerce, PECO Electric \u0026 Alphabuyer Launch!",
    "stoneable_type": "Company",
    "stoned_value": null,
    "stoned_value_type": null,
    "stoned_acquirer": null,
    "stoneable":
     {"name": "Alphabuyer",
      "permalink": "alphabuyer"}}],
 "ipo": null,
 "video_embeds":
  [],
 "screenshots":
  [],
 "external_links":
  [],
 "partners":
  []}
