{"name": "Alphastudy learning and knowledge portals",
 "permalink": "alphastudy-learning-and-knowledge-portals",
 "crunchbase_url": "http://www.crunchbase.com/company/alphastudy-learning-and-knowledge-portals",
 "homepage_url": "http://www.alphastudy.com",
 "blog_url": "http://alphastudy.wordpress.com/",
 "blog_feed_url": "http://alphastudy.wordpress.com/feed/",
 "twitter_username": "alphastudy",
 "category_code": "web",
 "number_of_employees": 7,
 "founded_year": 2011,
 "founded_month": 1,
 "founded_day": 11,
 "deadpooled_year": null,
 "deadpooled_month": null,
 "deadpooled_day": null,
 "deadpooled_url": null,
 "tag_list": "learning, portal",
 "alias_list": null,
 "email_address": "",
 "phone_number": "",
 "description": "learning \u0026 knowledge portals",
 "created_at": "Wed Jan 19 04:30:19 UTC 2011",
 "updated_at": "Thu Jan 27 07:16:25 UTC 2011",
 "overview": "\u003Cp\u003EAlphastudy allows users to create their own web based learning and knowledge portals. Each portal provides survey, quiz and file repository tools so users can create, author and share learning content with their peers and colleagues. \u003C/p\u003E\n\n\u003Cp\u003EAlphastudy has been used to rapidly increase organisational learning capacity, deliver training and development content, integrate social learning and knowledge sharing, collect product reviews and manage surveys and in-house projects.\u003C/p\u003E",
 "image":
  {"available_sizes":
    [[[150,
       123],
      "http://api-images.crunchbase.com/assets/images/resized/0011/8006/118006v2-max-150x150.jpg"],
     [[160,
       132],
      "http://api-images.crunchbase.com/assets/images/resized/0011/8006/118006v2-max-250x250.jpg"],
     [[160,
       132],
      "http://api-images.crunchbase.com/assets/images/resized/0011/8006/118006v2-max-450x450.jpg"]],
   "attribution": null},
 "products":
  [],
 "relationships":
  [{"is_past": false,
    "title": "Founder \u0026 Creator",
    "person":
     {"first_name": "David",
      "last_name": "Dinh",
      "permalink": "david-dinh"}}],
 "competitions":
  [],
 "providerships":
  [],
 "total_money_raised": "$0",
 "funding_rounds":
  [],
 "investments":
  [],
 "acquisition": null,
 "acquisitions":
  [],
 "offices":
  [{"description": "Head Office Operations",
    "address1": "North Ryde",
    "address2": "",
    "zip_code": "2113",
    "city": "Sydney",
    "state_code": null,
    "country_code": "AUS",
    "latitude": null,
    "longitude": null}],
 "milestones":
  [],
 "ipo": null,
 "video_embeds":
  [],
 "screenshots":
  [{"available_sizes":
     [[[141,
        150],
       "http://api-images.crunchbase.com/assets/images/resized/0011/8005/118005v2-max-150x150.png"],
      [[235,
        250],
       "http://api-images.crunchbase.com/assets/images/resized/0011/8005/118005v2-max-250x250.png"],
      [[423,
        450],
       "http://api-images.crunchbase.com/assets/images/resized/0011/8005/118005v2-max-450x450.png"]],
    "attribution": null}],
 "external_links":
  [{"external_url": "http://en.wikipedia.org/wiki/Alphastudy",
    "title": "Alphastudy awards"}],
 "partners":
  []}
