{"name": "AlphaBlox Corporation",
 "permalink": "alphablox-corporation",
 "crunchbase_url": "http://www.crunchbase.com/company/alphablox-corporation",
 "homepage_url": null,
 "blog_url": "",
 "blog_feed_url": "",
 "twitter_username": null,
 "category_code": null,
 "number_of_employees": null,
 "founded_year": 1996,
 "founded_month": null,
 "founded_day": null,
 "deadpooled_year": null,
 "deadpooled_month": null,
 "deadpooled_day": null,
 "deadpooled_url": null,
 "tag_list": "",
 "alias_list": "",
 "email_address": "",
 "phone_number": "650-526-1700",
 "description": "",
 "created_at": "Thu Dec 02 10:06:13 UTC 2010",
 "updated_at": "Thu Dec 02 10:09:25 UTC 2010",
 "overview": "\u003Cp\u003EAlphaBlox Corporation develops and markets component-based analysis tools and application software for intranet and traditional client/server networks. The company helps organizations to drive and manage their businesses more profitably. AlphaBlox provides the analytical infrastructure to deliver Web-based applications, inside and outside the firewall, focused on driving profitability throughout the entire business. \u003C/p\u003E",
 "image": null,
 "products":
  [],
 "relationships":
  [{"is_past": true,
    "title": "CEO, Founder",
    "person":
     {"first_name": "Michael",
      "last_name": "Skok",
      "permalink": "michael-skok"}},
   {"is_past": true,
    "title": "CFO",
    "person":
     {"first_name": "Stephanie",
      "last_name": "Vinella",
      "permalink": "stephanie-vinella"}},
   {"is_past": true,
    "title": "VP Corporate/Business Development",
    "person":
     {"first_name": "Michael",
      "last_name": "Diamond",
      "permalink": "michael-diamond"}},
   {"is_past": true,
    "title": "Staff QA Engineer",
    "person":
     {"first_name": "Jeffrey",
      "last_name": "Fredrick",
      "permalink": "jeffrey-fredrick"}},
   {"is_past": true,
    "title": "CFO",
    "person":
     {"first_name": "Bob",
      "last_name": "Verheecke",
      "permalink": "bob-verheecke"}}],
 "competitions":
  [],
 "providerships":
  [],
 "total_money_raised": "$0",
 "funding_rounds":
  [],
 "investments":
  [],
 "acquisition":
  {"price_amount": null,
   "price_currency_code": "USD",
   "term_code": null,
   "source_url": "http://www-03.ibm.com/press/us/en/pressrelease/7223.wss",
   "source_description": "IBM to Acquire Alphablox Corporation, Strengthens Leadership in Business Intelligence",
   "acquired_year": 2004,
   "acquired_month": 7,
   "acquired_day": 14,
   "acquiring_company":
    {"name": "IBM",
     "permalink": "ibm"}},
 "acquisitions":
  [],
 "offices":
  [{"description": "",
    "address1": "520 Logue Ave",
    "address2": "",
    "zip_code": "94043",
    "city": "Mountain View",
    "state_code": "CA",
    "country_code": "USA",
    "latitude": null,
    "longitude": null}],
 "milestones":
  [],
 "ipo": null,
 "video_embeds":
  [],
 "screenshots":
  [],
 "external_links":
  [],
 "partners":
  []}
