{"name": "Alsayegh Media",
 "permalink": "alsayegh-media",
 "crunchbase_url": "http://www.crunchbase.com/company/alsayegh-media",
 "homepage_url": "http://www.almedia.com",
 "blog_url": "",
 "blog_feed_url": "",
 "twitter_username": "alsayeghmedia",
 "category_code": "other",
 "number_of_employees": 30,
 "founded_year": 2010,
 "founded_month": null,
 "founded_day": null,
 "deadpooled_year": 2013,
 "deadpooled_month": 7,
 "deadpooled_day": null,
 "deadpooled_url": "",
 "tag_list": "digital-media-agency, digital-media-agency-dubai, digital-media-agency-uae, digital-media-services, digital-development",
 "alias_list": null,
 "email_address": "info@almedia.com",
 "phone_number": "0971-4-4440000",
 "description": "Digital Media Agency",
 "created_at": "Wed Oct 20 08:02:35 UTC 2010",
 "updated_at": "Mon Aug 12 03:31:08 UTC 2013",
 "overview": "\u003Cp\u003EAlsayegh Media is a service digital media agency, local own and local operat in Ras Al Khaimah, UAE. Alsayegh Media born in UAE, they have unriviled local knowledge yet to be seen in the UAE market. \u003C/p\u003E",
 "image":
  {"available_sizes":
    [[[150,
       150],
      "http://api-images.crunchbase.com/assets/images/resized/0010/6344/106344v2-max-150x150.jpg"],
     [[200,
       200],
      "http://api-images.crunchbase.com/assets/images/resized/0010/6344/106344v2-max-250x250.jpg"],
     [[200,
       200],
      "http://api-images.crunchbase.com/assets/images/resized/0010/6344/106344v2-max-450x450.jpg"]],
   "attribution": null},
 "products":
  [],
 "relationships":
  [],
 "competitions":
  [],
 "providerships":
  [],
 "total_money_raised": "$0",
 "funding_rounds":
  [],
 "investments":
  [],
 "acquisition": null,
 "acquisitions":
  [],
 "offices":
  [{"description": "",
    "address1": "Office # 201, 6th Floor",
    "address2": "Cayan Business Centre, Tecom Area",
    "zip_code": "",
    "city": "Ras Al Khaimah",
    "state_code": null,
    "country_code": "ARE",
    "latitude": 25.8314579,
    "longitude": 56.1175521}],
 "milestones":
  [],
 "ipo": null,
 "video_embeds":
  [],
 "screenshots":
  [],
 "external_links":
  [],
 "partners":
  []}
