{"name": "Ondine Biomedical Inc.",
 "permalink": "0ndine-biomedical-inc",
 "crunchbase_url": "http://www.crunchbase.com/company/0ndine-biomedical-inc",
 "homepage_url": "http://ondinebio.com",
 "blog_url": "",
 "blog_feed_url": "",
 "twitter_username": "ondinebio",
 "category_code": "biotech",
 "number_of_employees": null,
 "founded_year": 1997,
 "founded_month": null,
 "founded_day": null,
 "deadpooled_year": null,
 "deadpooled_month": null,
 "deadpooled_day": null,
 "deadpooled_url": null,
 "tag_list": null,
 "alias_list": "Ondine Biopharma",
 "email_address": "info@periowave.com",
 "phone_number": "604.669.0555",
 "description": "",
 "created_at": "Wed Jan 20 09:58:42 UTC 2010",
 "updated_at": "Mon Mar 10 11:37:36 UTC 2014",
 "overview": "\u003Cp\u003EOndine Biomedical Inc. (formerly Ondine Biopharma Corporation) is dedicated to the development of non-antibiotic anti-infective therapies for a broad spectrum of bacterial, viral and fungal infections.  The Company is focused on the development and commercialization of its patented light activated technology, Photodisinfection (PDD), for multiple applications.  PDD provides antimicrobial efficacy without encouraging the formation and spread of antibiotic resistance.  Ondine Biomedical Inc. launched is first PDD product Periowave\u00e2\u201e\u00a2 in 2006. Periowave\u00e2\u201e\u00a2 is used as an adjunctive therapy for the treatment of chronic adult periodontitis (gum disease). In June 2009 Ondine sold its Dental Healthcare Business to PDT Inc.\u003C/p\u003E",
 "image":
  {"available_sizes":
    [[[150,
       22],
      "http://api-images.crunchbase.com/assets/images/resized/0007/4081/74081v2-max-150x150.png"],
     [[250,
       38],
      "http://api-images.crunchbase.com/assets/images/resized/0007/4081/74081v2-max-250x250.png"],
     [[355,
       54],
      "http://api-images.crunchbase.com/assets/images/resized/0007/4081/74081v2-max-450x450.png"]],
   "attribution": null},
 "products":
  [],
 "relationships":
  [],
 "competitions":
  [],
 "providerships":
  [],
 "total_money_raised": "$763k",
 "funding_rounds":
  [{"id": 67867,
    "round_code": "seed",
    "source_url": "http://www.sec.gov/Archives/edgar/data/1286774/000128677409000005/xslFormDX01/primary_doc.xml",
    "source_description": "SEC",
    "raised_amount": 43360.0,
    "raised_currency_code": "USD",
    "funded_year": 2009,
    "funded_month": 9,
    "funded_day": 11,
    "investments":
     []},
   {"id": 67985,
    "round_code": "unattributed",
    "source_url": "http://www.sec.gov/Archives/edgar/data/1286774/000128677409000006/xslFormDX01/primary_doc.xml",
    "source_description": "SEC",
    "raised_amount": 719491.0,
    "raised_currency_code": "USD",
    "funded_year": 2009,
    "funded_month": 12,
    "funded_day": 21,
    "investments":
     []}],
 "investments":
  [],
 "acquisition": null,
 "acquisitions":
  [{"price_amount": null,
    "price_currency_code": "USD",
    "term_code": null,
    "source_url": "http://www.ondinebiopharma.com/assets/files/press_releases/2009/Ondine_APT_ClosingFinal_120909.pdf",
    "source_description": "Ondine Announces Closing of Acquisition of Advanced Photodynamic Technologies, Inc.",
    "acquired_year": 2009,
    "acquired_month": 12,
    "acquired_day": 8,
    "company":
     {"name": "Advanced Photodynamic Technologies",
      "permalink": "advanced-photodynamic-technologies"}}],
 "offices":
  [{"description": "",
    "address1": "888-1100 Melville Street",
    "address2": "",
    "zip_code": "V6E 4A6",
    "city": "Vancouver",
    "state_code": null,
    "country_code": "CAN",
    "latitude": null,
    "longitude": null}],
 "milestones":
  [],
 "ipo": null,
 "video_embeds":
  [],
 "screenshots":
  [{"available_sizes":
     [[[150,
        78],
       "http://api-images.crunchbase.com/assets/images/resized/0042/7780/427780v1-max-150x150.png"],
      [[250,
        130],
       "http://api-images.crunchbase.com/assets/images/resized/0042/7780/427780v1-max-250x250.png"],
      [[450,
        234],
       "http://api-images.crunchbase.com/assets/images/resized/0042/7780/427780v1-max-450x450.png"]],
    "attribution": null}],
 "external_links":
  [],
 "partners":
  []}
