{"name": "1-800-FLOWERS.COM",
 "permalink": "1-800-flowers-com",
 "crunchbase_url": "http://www.crunchbase.com/company/1-800-flowers-com",
 "homepage_url": "http://www.1800flowers.com",
 "blog_url": "http://ww31.1800flowers.com/blog/",
 "blog_feed_url": "",
 "twitter_username": "1800flowers",
 "category_code": "ecommerce",
 "number_of_employees": null,
 "founded_year": 1976,
 "founded_month": null,
 "founded_day": null,
 "deadpooled_year": null,
 "deadpooled_month": null,
 "deadpooled_day": null,
 "deadpooled_url": null,
 "tag_list": "",
 "alias_list": "",
 "email_address": "",
 "phone_number": "",
 "description": "",
 "created_at": "Mon Jan 18 08:08:12 UTC 2010",
 "updated_at": "Tue Jan 21 23:34:17 UTC 2014",
 "overview": "\u003Cp\u003E1-800-FLOWERS.COM is the world\u0026#8217;s leading florist and gift shop. For more than 30 years, 1-800-FLOWERS.COM, Inc. has been providing customers with fresh flowers and the finest selection of plants, gift baskets, gourmet foods, confections, balloons and plush stuffed animals perfect for every occasion. 1-800-FLOWERS.COM(R) (1-800-356-9377 or www.1800flowers.com), was listed as a Top 50 Online Retailer by Internet Retailer in 2006, as well as 2008 Laureate Honoree by the Computerworld Honors Program and the recipient of ICMI\u0026#8217;s 2006 Global Call Center of the Year Award. 1-800-FLOWERS.COM offers the best of both worlds: exquisite arrangements created by some of the nation\u0026#8217;s top floral artists and hand-delivered the same day, and spectacular flowers shipped overnight Fresh From Our Growers(R). As always, 100% satisfaction and freshness are guaranteed. The Company\u0026#8217;s BloomNet(R) international floral wire service provides (www.mybloomnet.net) a broad range of quality products and value-added services designed to help professional florists grow their businesses profitably.\u003C/p\u003E",
 "image":
  {"available_sizes":
    [[[148,
       77],
      "http://api-images.crunchbase.com/assets/images/resized/0007/3782/73782v1-max-150x150.jpg"],
     [[148,
       77],
      "http://api-images.crunchbase.com/assets/images/resized/0007/3782/73782v1-max-250x250.jpg"],
     [[148,
       77],
      "http://api-images.crunchbase.com/assets/images/resized/0007/3782/73782v1-max-450x450.jpg"]],
   "attribution": null},
 "products":
  [],
 "relationships":
  [{"is_past": false,
    "title": "Chairman and Chief Executive Officer",
    "person":
     {"first_name": "James",
      "last_name": "F. McCann",
      "permalink": "james-f-mccann"}},
   {"is_past": false,
    "title": "Senior Vice President and Chief Financial Officer",
    "person":
     {"first_name": "Thomas",
      "last_name": "G. Hartnett",
      "permalink": "thomas-g-hartnett"}},
   {"is_past": false,
    "title": "Vice President and Chief Information Officer",
    "person":
     {"first_name": "Steve",
      "last_name": "Bozzo",
      "permalink": "steve-bozzo"}},
   {"is_past": false,
    "title": "SVP, Finance and Administration, Treasurer and CFO",
    "person":
     {"first_name": "William",
      "last_name": "E. Shea",
      "permalink": "william-e-shea"}},
   {"is_past": false,
    "title": "SVP, BloomNet",
    "person":
     {"first_name": "Vincent",
      "last_name": "J. McVeigh",
      "permalink": "vincent-j-mcveigh"}},
   {"is_past": false,
    "title": "SVP, General Counsel and Secretary",
    "person":
     {"first_name": "Gerard",
      "last_name": "M. Gallagher",
      "permalink": "gerard-m-gallagher"}},
   {"is_past": false,
    "title": "GM, Celebrations.com",
    "person":
     {"first_name": "Jon",
      "last_name": "Mandell",
      "permalink": "jon-mandell"}},
   {"is_past": false,
    "title": "President, Consumer Floral Brands",
    "person":
     {"first_name": "Thomas",
      "last_name": "G. Hartnett",
      "permalink": "thomas-g-hartnett"}},
   {"is_past": false,
    "title": "President, Gourmet Food and Gift Baskets",
    "person":
     {"first_name": "David",
      "last_name": "Taiclet",
      "permalink": "david-taiclet"}},
   {"is_past": false,
    "title": "Board of Directors",
    "person":
     {"first_name": "Lawrence",
      "last_name": "Calcano",
      "permalink": "lawrence-calcano"}},
   {"is_past": false,
    "title": "Board of Directors",
    "person":
     {"first_name": "John",
      "last_name": "J. Conefry",
      "permalink": "john-j-conefry"}},
   {"is_past": false,
    "title": "Board of Directors",
    "person":
     {"first_name": "Leonard",
      "last_name": "J. Elmore",
      "permalink": "leonard-j-elmore"}},
   {"is_past": false,
    "title": "President",
    "person":
     {"first_name": "Chris",
      "last_name": "McCann",
      "permalink": "chris-mccann-3"}},
   {"is_past": false,
    "title": "President",
    "person":
     {"first_name": "Mark",
      "last_name": "Nance",
      "permalink": "mark-nance"}},
   {"is_past": false,
    "title": "Board of Directors",
    "person":
     {"first_name": "Geralyn",
      "last_name": "R. Breig",
      "permalink": "geralyn-r-breig"}},
   {"is_past": false,
    "title": "Board of Directors",
    "person":
     {"first_name": "James",
      "last_name": "A. Cannivino",
      "permalink": "james-a-cannivino"}},
   {"is_past": false,
    "title": "Board of Directors",
    "person":
     {"first_name": "Eugene",
      "last_name": "R. DeMark",
      "permalink": "eugene-r-demark"}},
   {"is_past": false,
    "title": "Board of Directors",
    "person":
     {"first_name": "Larry",
      "last_name": "Zarin",
      "permalink": "larry-zarin"}},
   {"is_past": true,
    "title": "Vice-Chairman of the Board of Directors",
    "person":
     {"first_name": "Guy",
      "last_name": "Minetti",
      "permalink": "guy-minetti"}},
   {"is_past": true,
    "title": "SVP and COO of the Consumer Floral Brands",
    "person":
     {"first_name": "Thomas",
      "last_name": "G. Hartnett",
      "permalink": "thomas-g-hartnett"}},
   {"is_past": true,
    "title": "Bloomnet Manager, Director of Call Center Operations and Vice President of Merchandising",
    "person":
     {"first_name": "Vincent",
      "last_name": "J. McVeigh",
      "permalink": "vincent-j-mcveigh"}},
   {"is_past": true,
    "title": "Senior Vice President of Retail and Fulfillment",
    "person":
     {"first_name": "Thomas",
      "last_name": "G. Hartnett",
      "permalink": "thomas-g-hartnett"}},
   {"is_past": true,
    "title": "Senior Vice President, Strategy \u0026 Corporate Development",
    "person":
     {"first_name": "David",
      "last_name": "Siegel",
      "permalink": "david-siegel"}},
   {"is_past": true,
    "title": "Vice President of Finance and Corporate Controller",
    "person":
     {"first_name": "William",
      "last_name": "E. Shea",
      "permalink": "william-e-shea"}},
   {"is_past": true,
    "title": "Vice President Marketing and Sales for BloomNet",
    "person":
     {"first_name": "Mark",
      "last_name": "Nance",
      "permalink": "mark-nance"}}],
 "competitions":
  [],
 "providerships":
  [],
 "total_money_raised": "$0",
 "funding_rounds":
  [],
 "investments":
  [{"funding_round":
     {"round_code": "seed",
      "source_url": "http://techcrunch.com/2012/10/31/advercar-funding/",
      "source_description": "Auto Advertising Startup adverCar Raises $2M From Canaan Partners, 1-800-Flowers, And Others",
      "raised_amount": 2000000.0,
      "raised_currency_code": "USD",
      "funded_year": 2012,
      "funded_month": 10,
      "funded_day": 30,
      "company":
       {"name": "AdverCar",
        "permalink": "advercar"}}}],
 "acquisition": null,
 "acquisitions":
  [],
 "offices":
  [{"description": "",
    "address1": "Carle Place",
    "address2": "",
    "zip_code": "",
    "city": "New York",
    "state_code": "NY",
    "country_code": "USA",
    "latitude": 40.7526008,
    "longitude": -73.6104058}],
 "milestones":
  [{"id": 3431,
    "description": "1-800-FLOWERS.COM(R) Reports Signing Definitive Agreement To Sell its Home and Children's Gifts Business",
    "stoned_year": 2009,
    "stoned_month": 12,
    "stoned_day": 7,
    "source_url": "http://investor.1800flowers.com/releasedetail.cfm?ReleaseID=428645",
    "source_text": "",
    "source_description": "1-800-FLOWERS.COM(R) Reports Signing Definitive Agreement To Sell its Home and Children's Gifts Business",
    "stoneable_type": "Company",
    "stoned_value": null,
    "stoned_value_type": null,
    "stoned_acquirer": null,
    "stoneable":
     {"name": "1-800-FLOWERS.COM",
      "permalink": "1-800-flowers-com"}}],
 "ipo": null,
 "video_embeds":
  [],
 "screenshots":
  [],
 "external_links":
  [],
 "partners":
  []}
