{"name": "10starmovies",
 "permalink": "10starmovies",
 "crunchbase_url": "http://www.crunchbase.com/company/10starmovies",
 "homepage_url": "http://10starmovies.tv",
 "blog_url": "",
 "blog_feed_url": "",
 "twitter_username": "the10starmovies",
 "category_code": "games_video",
 "number_of_employees": 40,
 "founded_year": 2009,
 "founded_month": 5,
 "founded_day": 7,
 "deadpooled_year": null,
 "deadpooled_month": null,
 "deadpooled_day": null,
 "deadpooled_url": null,
 "tag_list": "watch-movies-online, download-movies, free-movies",
 "alias_list": "",
 "email_address": "10starmovies@gmail.com",
 "phone_number": "",
 "description": "Online Movie Database ",
 "created_at": "Tue Aug 25 10:50:36 UTC 2009",
 "updated_at": "Tue Apr 01 19:45:29 UTC 2014",
 "overview": "\u003Cp\u003E10starmovies.com is a free movies website which allows users to \nwatch movies without downloading any software and by streaming video files online for free. Registration is optional. Large collection of Online Movies, Celebrity Profiles, documentaries and more\u0026#8230; \u003C/p\u003E",
 "image":
  {"available_sizes":
    [[[130,
       75],
      "http://api-images.crunchbase.com/assets/images/resized/0024/7277/247277v1-max-150x150.png"],
     [[130,
       75],
      "http://api-images.crunchbase.com/assets/images/resized/0024/7277/247277v1-max-250x250.png"],
     [[130,
       75],
      "http://api-images.crunchbase.com/assets/images/resized/0024/7277/247277v1-max-450x450.png"]],
   "attribution": null},
 "products":
  [],
 "relationships":
  [],
 "competitions":
  [],
 "providerships":
  [],
 "total_money_raised": "$0",
 "funding_rounds":
  [],
 "investments":
  [],
 "acquisition": null,
 "acquisitions":
  [],
 "offices":
  [],
 "milestones":
  [],
 "ipo": null,
 "video_embeds":
  [],
 "screenshots":
  [],
 "external_links":
  [],
 "partners":
  []}
