{"name": "11trees.com",
 "permalink": "11trees-com",
 "crunchbase_url": "http://www.crunchbase.com/company/11trees-com",
 "homepage_url": "http://www.11trees.com",
 "blog_url": "",
 "blog_feed_url": "",
 "twitter_username": "11treesWriting",
 "category_code": "software",
 "number_of_employees": 2,
 "founded_year": 2008,
 "founded_month": 8,
 "founded_day": 1,
 "deadpooled_year": null,
 "deadpooled_month": null,
 "deadpooled_day": null,
 "deadpooled_url": null,
 "tag_list": "e-learning, feedback, microsoft-word, grammar, writing-instruction",
 "alias_list": null,
 "email_address": "info@11trees.com",
 "phone_number": "",
 "description": "Better feedback. Fewer trees.",
 "created_at": "Sat Sep 12 16:35:12 UTC 2009",
 "updated_at": "Sun Sep 13 01:54:02 UTC 2009",
 "overview": "\u003Cp\u003E11trees.com provides feedback and instructional software to teachers and businesspeople. \u003C/p\u003E\n\n\u003Cp\u003EOur website includes a free writing handbook designed for high school and college writers.\u003C/p\u003E\n\n\u003Cp\u003EOur flagship product is Annotate PRO for Microsoft Word.\u003C/p\u003E\n\n\u003Cp\u003EThis add-in for Microsoft Word automates commenting on documents - so that individuals can quickly create detailed, customized feedback. \u003C/p\u003E",
 "image":
  {"available_sizes":
    [[[128,
       150],
      "http://api-images.crunchbase.com/assets/images/resized/0005/9583/59583v2-max-150x150.png"],
     [[214,
       250],
      "http://api-images.crunchbase.com/assets/images/resized/0005/9583/59583v2-max-250x250.png"],
     [[214,
       250],
      "http://api-images.crunchbase.com/assets/images/resized/0005/9583/59583v2-max-450x450.png"]],
   "attribution": null},
 "products":
  [],
 "relationships":
  [],
 "competitions":
  [],
 "providerships":
  [],
 "total_money_raised": "$0",
 "funding_rounds":
  [],
 "investments":
  [],
 "acquisition": null,
 "acquisitions":
  [],
 "offices":
  [],
 "milestones":
  [],
 "ipo": null,
 "video_embeds":
  [],
 "screenshots":
  [{"available_sizes":
     [[[150,
        60],
       "http://api-images.crunchbase.com/assets/images/resized/0005/9580/59580v2-max-150x150.png"],
      [[250,
        100],
       "http://api-images.crunchbase.com/assets/images/resized/0005/9580/59580v2-max-250x250.png"],
      [[450,
        180],
       "http://api-images.crunchbase.com/assets/images/resized/0005/9580/59580v2-max-450x450.png"]],
    "attribution": null},
   {"available_sizes":
     [[[150,
        150],
       "http://api-images.crunchbase.com/assets/images/resized/0005/9581/59581v2-max-150x150.png"],
      [[250,
        250],
       "http://api-images.crunchbase.com/assets/images/resized/0005/9581/59581v2-max-250x250.png"],
      [[450,
        450],
       "http://api-images.crunchbase.com/assets/images/resized/0005/9581/59581v2-max-450x450.png"]],
    "attribution": null},
   {"available_sizes":
     [[[150,
        150],
       "http://api-images.crunchbase.com/assets/images/resized/0005/9582/59582v2-max-150x150.png"],
      [[250,
        250],
       "http://api-images.crunchbase.com/assets/images/resized/0005/9582/59582v2-max-250x250.png"],
      [[450,
        450],
       "http://api-images.crunchbase.com/assets/images/resized/0005/9582/59582v2-max-450x450.png"]],
    "attribution": null}],
 "external_links":
  [],
 "partners":
  []}
