{"name": "16apps",
 "permalink": "16apps",
 "crunchbase_url": "http://www.crunchbase.com/company/16apps",
 "homepage_url": "http://16apps.com",
 "blog_url": "",
 "blog_feed_url": "",
 "twitter_username": null,
 "category_code": "web",
 "number_of_employees": 1,
 "founded_year": 2009,
 "founded_month": 8,
 "founded_day": 8,
 "deadpooled_year": null,
 "deadpooled_month": null,
 "deadpooled_day": null,
 "deadpooled_url": null,
 "tag_list": "iphone-apps, apps, find-apps, discover-apps, intelligent-app-finder",
 "alias_list": "",
 "email_address": "info@16apps.com",
 "phone_number": "",
 "description": "App Recommendations Through Social Media",
 "created_at": "Tue Aug 18 01:57:21 UTC 2009",
 "updated_at": "Thu Oct 08 00:46:13 UTC 2009",
 "overview": "\u003Cp\u003E16apps is the easy way to find iPhone apps.\u003C/p\u003E\n\n\u003Cp\u003EA user simply submits their social media username (e.g. \u003Ca href=\"/company/twitter\" title=\"Twitter\" rel=\"nofollow\"\u003ETwitter\u003C/a\u003E, \u003Ca href=\"/company/facebook\" title=\"Facebook\" rel=\"nofollow\"\u003EFacebook\u003C/a\u003E, \u003Ca href=\"/company/friendfeed\" title=\"FriendFeed\" rel=\"nofollow\"\u003EFriendFeed\u003C/a\u003E, or \u003Ca href=\"/company/last-fm\" title=\"Last.fm\" rel=\"nofollow\"\u003ELast.fm\u003C/a\u003E) and 16apps searches through their posts\u0026#8230; highlighting aspects of their life and recommending relevant apps.\u003C/p\u003E",
 "image":
  {"available_sizes":
    [[[150,
       57],
      "http://api-images.crunchbase.com/assets/images/resized/0005/6788/56788v2-max-150x150.png"],
     [[197,
       75],
      "http://api-images.crunchbase.com/assets/images/resized/0005/6788/56788v2-max-250x250.png"],
     [[197,
       75],
      "http://api-images.crunchbase.com/assets/images/resized/0005/6788/56788v2-max-450x450.png"]],
   "attribution": null},
 "products":
  [],
 "relationships":
  [{"is_past": false,
    "title": "Founder",
    "person":
     {"first_name": "Alex",
      "last_name": "Covert",
      "permalink": "alex-covert"}}],
 "competitions":
  [],
 "providerships":
  [],
 "total_money_raised": "$0",
 "funding_rounds":
  [],
 "investments":
  [],
 "acquisition": null,
 "acquisitions":
  [],
 "offices":
  [],
 "milestones":
  [],
 "ipo": null,
 "video_embeds":
  [],
 "screenshots":
  [],
 "external_links":
  [{"external_url": "http://mashable.com/2009/08/26/16apps/",
    "title": "16apps: iPhone App Recommendations Based on What You Tweet"},
   {"external_url": "http://www.readwriteweb.com/archives/app_classics_the_app_stores_missing_hall_of_fame.php",
    "title": "App Classics: The App Store's Missing Hall of Fame"},
   {"external_url": "http://www.readwriteweb.com/archives/appolicious_is_like_delicious_for_iphone_apps.php",
    "title": "Appolicious is Like Delicious for iPhone Apps"},
   {"external_url": "http://www.wired.co.uk/news/archive/2009-10/07/wired-pulse.aspx",
    "title": "Wired Pulse: the daily beat of the Wired world"},
   {"external_url": "http://springwise.com/telecom_mobile/16apps/",
    "title": "App Recommendations Based on Tweets \u0026 Status Updates"},
   {"external_url": "http://www.techcrunch.com/2009/10/02/sidebar-will-deliver-personalized-mobile-apps-and-content-to-your-phone/",
    "title": "Sidebar Will Deliver Personalized Mobile Apps And Content To Your Phone"},
   {"external_url": "http://www.trendhunter.com/trends/iphone-apps-that-find-you-16apps.com",
    "title": "Smart App Recommendations Edit - 16apps.com Picks iPhone Apps Based on Your Social Media Profiles"},
   {"external_url": "http://www.ducttapemarketing.com/blog/2009/08/22/weekend-favs-for-august-twenty-two/",
    "title": "  Contact Us  Duct Tape Marketing Duct Tape Book Free Social Media for Business ebook Social Media for Small Business John Jantsch Marketing Coach About John Jantsch  Recent Posts      *     * Co-Creating Know, Like and Trust     * The Truth About What Mo"},
   {"external_url": "http://www.smartcompany.com.au/information-technology/20091008-new-website-solves-app-stores-size-problem.html",
    "title": "      * home     * news           o Trends           o Features           o Entrepreneur Zone     * ask the experts           o Brand           o Entrepreneurship           o Executive Coach           o Funding           o Gen-Y           o IT Systems    "}],
 "partners":
  []}
