{"name": "17 Webshop",
 "permalink": "17-webshop",
 "crunchbase_url": "http://www.crunchbase.com/company/17-webshop",
 "homepage_url": "http://www.17webshop.com",
 "blog_url": "http://www.17webshop.com/blog",
 "blog_feed_url": "feed://17webshop.com/feed/",
 "twitter_username": "17webshop",
 "category_code": "software",
 "number_of_employees": 3,
 "founded_year": 2008,
 "founded_month": null,
 "founded_day": null,
 "deadpooled_year": null,
 "deadpooled_month": null,
 "deadpooled_day": null,
 "deadpooled_url": null,
 "tag_list": "",
 "alias_list": null,
 "email_address": "contact@17webshop.com",
 "phone_number": "+1 (940) 343-5183 ",
 "description": "Web Design and Development",
 "created_at": "Mon Sep 21 03:39:26 UTC 2009",
 "updated_at": "Mon Dec 07 23:30:20 UTC 2009",
 "overview": "\u003Cp\u003E17 Webshop is a creative web agency specializing in web programming, and user interface design.\u003C/p\u003E",
 "image":
  {"available_sizes":
    [[[150,
       50],
      "http://api-images.crunchbase.com/assets/images/resized/0006/0274/60274v2-max-150x150.png"],
     [[184,
       62],
      "http://api-images.crunchbase.com/assets/images/resized/0006/0274/60274v2-max-250x250.png"],
     [[184,
       62],
      "http://api-images.crunchbase.com/assets/images/resized/0006/0274/60274v2-max-450x450.png"]],
   "attribution": null},
 "products":
  [],
 "relationships":
  [{"is_past": true,
    "title": "Web Developer",
    "person":
     {"first_name": "Jordan",
      "last_name": "Stephens",
      "permalink": "jordan-stephens-2"}}],
 "competitions":
  [],
 "providerships":
  [],
 "total_money_raised": "$0",
 "funding_rounds":
  [],
 "investments":
  [],
 "acquisition": null,
 "acquisitions":
  [],
 "offices":
  [{"description": "",
    "address1": "1115 N. Austin St. #4",
    "address2": "",
    "zip_code": "76201",
    "city": "Denton",
    "state_code": "TX",
    "country_code": "USA",
    "latitude": null,
    "longitude": null}],
 "milestones":
  [],
 "ipo": null,
 "video_embeds":
  [],
 "screenshots":
  [],
 "external_links":
  [],
 "partners":
  []}
