{"name": "1Vault Networks",
 "permalink": "1vault-networks",
 "crunchbase_url": "http://www.crunchbase.com/company/1vault-networks",
 "homepage_url": "http://www.1vault.net",
 "blog_url": "",
 "blog_feed_url": "",
 "twitter_username": null,
 "category_code": "software",
 "number_of_employees": null,
 "founded_year": null,
 "founded_month": null,
 "founded_day": null,
 "deadpooled_year": null,
 "deadpooled_month": null,
 "deadpooled_day": null,
 "deadpooled_url": null,
 "tag_list": "",
 "alias_list": "",
 "email_address": "",
 "phone_number": "",
 "description": "",
 "created_at": "Thu Dec 24 03:03:56 UTC 2009",
 "updated_at": "Thu Dec 24 03:03:56 UTC 2009",
 "overview": "",
 "image": null,
 "products":
  [],
 "relationships":
  [],
 "competitions":
  [],
 "providerships":
  [],
 "total_money_raised": "$0",
 "funding_rounds":
  [],
 "investments":
  [],
 "acquisition":
  {"price_amount": null,
   "price_currency_code": "USD",
   "term_code": null,
   "source_url": "http://www.freshnews.com/news/259891/peak-10-acquires-south-florida-based-1vault-networks",
   "source_description": "Peak 10 Acquires South Florida-based 1Vault Networks",
   "acquired_year": 2009,
   "acquired_month": 12,
   "acquired_day": 22,
   "acquiring_company":
    {"name": "Peak 10",
     "permalink": "peak-10"}},
 "acquisitions":
  [],
 "offices":
  [],
 "milestones":
  [],
 "ipo": null,
 "video_embeds":
  [],
 "screenshots":
  [],
 "external_links":
  [],
 "partners":
  []}
