{"name": "2 Sides Consulting",
 "permalink": "2-sides-consulting",
 "crunchbase_url": "http://www.crunchbase.com/company/2-sides-consulting",
 "homepage_url": "http://www.2sides.biz",
 "blog_url": "",
 "blog_feed_url": "",
 "twitter_username": "tapioaijala",
 "category_code": "consulting",
 "number_of_employees": null,
 "founded_year": 2007,
 "founded_month": 9,
 "founded_day": null,
 "deadpooled_year": null,
 "deadpooled_month": null,
 "deadpooled_day": null,
 "deadpooled_url": null,
 "tag_list": "",
 "alias_list": "",
 "email_address": "info@2sides.biz",
 "phone_number": "358-40-737-1774",
 "description": "",
 "created_at": "Sat Nov 07 05:22:13 UTC 2009",
 "updated_at": "Sat Nov 07 05:26:41 UTC 2009",
 "overview": "\u003Cp\u003EBased in Helsinki, Finland, 2 Sides Consulting provides both startups and established companies with a range of services covering technology and market studies, service and software architecture planning, implementation and integration project management, product evaluations and choices, supplier and partner audits and overall ICT strategy work, to name a few.\u003C/p\u003E",
 "image":
  {"available_sizes":
    [[[150,
       33],
      "http://api-images.crunchbase.com/assets/images/resized/0006/5333/65333v1-max-150x150.jpg"],
     [[250,
       55],
      "http://api-images.crunchbase.com/assets/images/resized/0006/5333/65333v1-max-250x250.jpg"],
     [[268,
       59],
      "http://api-images.crunchbase.com/assets/images/resized/0006/5333/65333v1-max-450x450.jpg"]],
   "attribution": null},
 "products":
  [],
 "relationships":
  [],
 "competitions":
  [],
 "providerships":
  [],
 "total_money_raised": "$0",
 "funding_rounds":
  [],
 "investments":
  [],
 "acquisition": null,
 "acquisitions":
  [],
 "offices":
  [{"description": "",
    "address1": "",
    "address2": "",
    "zip_code": "",
    "city": "Helsinki",
    "state_code": null,
    "country_code": "FIN",
    "latitude": null,
    "longitude": null}],
 "milestones":
  [],
 "ipo": null,
 "video_embeds":
  [],
 "screenshots":
  [{"available_sizes":
     [[[150,
        112],
       "http://api-images.crunchbase.com/assets/images/resized/0006/5334/65334v1-max-150x150.jpg"],
      [[250,
        187],
       "http://api-images.crunchbase.com/assets/images/resized/0006/5334/65334v1-max-250x250.jpg"],
      [[450,
        338],
       "http://api-images.crunchbase.com/assets/images/resized/0006/5334/65334v1-max-450x450.jpg"]],
    "attribution": null}],
 "external_links":
  [],
 "partners":
  []}
