{"name": "20x200",
 "permalink": "20x200",
 "crunchbase_url": "http://www.crunchbase.com/company/20x200",
 "homepage_url": "http://www.20x200.com",
 "blog_url": "http://www.20x200.com/blog/",
 "blog_feed_url": "",
 "twitter_username": "20x200",
 "category_code": "ecommerce",
 "number_of_employees": 20,
 "founded_year": 2007,
 "founded_month": 9,
 "founded_day": null,
 "deadpooled_year": null,
 "deadpooled_month": null,
 "deadpooled_day": null,
 "deadpooled_url": null,
 "tag_list": "art, e-commerce, social-commerce",
 "alias_list": "",
 "email_address": "hello@20x200.com",
 "phone_number": "212-219-0166",
 "description": "eCommerce site for art collectors",
 "created_at": "Tue Oct 20 21:03:03 UTC 2009",
 "updated_at": "Mon Jul 29 09:12:20 UTC 2013",
 "overview": "\u003Cp\u003E20x200 is a NYC-based e-commerce site that transforms design-minded consumers into art collectors. The site features a curated selection of affordable, limited-edition, exhibition-quality prints, which are delivered with artist-signed certificates of authenticity. Working directly with hundreds of artists\u2014emerging, established and legendary\u2014they release new, exclusive editions each week at prices ranging from $24 to $10,000.\u003C/p\u003E",
 "image":
  {"available_sizes":
    [[[150,
       76],
      "http://api-images.crunchbase.com/assets/images/resized/0006/3383/63383v1-max-150x150.jpg"],
     [[194,
       99],
      "http://api-images.crunchbase.com/assets/images/resized/0006/3383/63383v1-max-250x250.jpg"],
     [[194,
       99],
      "http://api-images.crunchbase.com/assets/images/resized/0006/3383/63383v1-max-450x450.jpg"]],
   "attribution": null},
 "products":
  [],
 "relationships":
  [{"is_past": false,
    "title": "Founder + CEO",
    "person":
     {"first_name": "Jen",
      "last_name": "Bekman",
      "permalink": "jen-bekman"}},
   {"is_past": false,
    "title": "Chief Architect",
    "person":
     {"first_name": "David",
      "last_name": "Yee",
      "permalink": "david-yee"}},
   {"is_past": false,
    "title": "",
    "person":
     {"first_name": "Raul",
      "last_name": "Gutierrez",
      "permalink": "raul-gutierrez"}},
   {"is_past": false,
    "title": "Board Director",
    "person":
     {"first_name": "David",
      "last_name": "Mahoney",
      "permalink": "david-mahoney"}},
   {"is_past": false,
    "title": "President, Chief Operating Officer",
    "person":
     {"first_name": "David",
      "last_name": "Steward",
      "permalink": "david-steward"}},
   {"is_past": false,
    "title": "Team Member",
    "person":
     {"first_name": "Jason",
      "last_name": "Fraser",
      "permalink": "jason-fraser"}},
   {"is_past": true,
    "title": "VP of E-Commerce Marketing",
    "person":
     {"first_name": "Ujjwal",
      "last_name": "Dhoot",
      "permalink": "ujjwal-dhoot"}},
   {"is_past": true,
    "title": "Product Strategist",
    "person":
     {"first_name": "Jane",
      "last_name": "Mount",
      "permalink": "jane-mount"}},
   {"is_past": true,
    "title": "Director of Business Development",
    "person":
     {"first_name": "Jonathan",
      "last_name": "Melber",
      "permalink": "jonathan-melber"}},
   {"is_past": true,
    "title": "Director, Customer Experience and Operations",
    "person":
     {"first_name": "Samantha",
      "last_name": "Diamond",
      "permalink": "samantha-diamond"}},
   {"is_past": true,
    "title": "Board Director",
    "person":
     {"first_name": "Tony",
      "last_name": "Conrad",
      "permalink": "tony-conrad"}},
   {"is_past": true,
    "title": "",
    "person":
     {"first_name": "Samantha",
      "last_name": "Diamond",
      "permalink": "samantha-diamond"}},
   {"is_past": true,
    "title": "Director of Technology",
    "person":
     {"first_name": "Dylan",
      "last_name": "Fareed",
      "permalink": "dylan-fareed"}}],
 "competitions":
  [],
 "providerships":
  [],
 "total_money_raised": "$2.8M",
 "funding_rounds":
  [{"id": 9245,
    "round_code": "a",
    "source_url": "http://www.techcrunch.com/2009/10/21/online-art-store-20x200-scores-800000-from-true-ventures-and-angels/",
    "source_description": "Online Art Store 20x200 Scores $800,000 From True Ventures And Angels",
    "raised_amount": 800000.0,
    "raised_currency_code": "USD",
    "funded_year": 2009,
    "funded_month": 10,
    "funded_day": 1,
    "investments":
     [{"company": null,
       "financial_org":
        {"name": "True Ventures",
         "permalink": "true-ventures"},
       "person": null},
      {"company": null,
       "financial_org": null,
       "person":
        {"first_name": "Caterina",
         "last_name": "Fake",
         "permalink": "caterina-fake"}},
      {"company": null,
       "financial_org": null,
       "person":
        {"first_name": "Zach",
         "last_name": "Klein",
         "permalink": "zach-klein"}},
      {"company": null,
       "financial_org": null,
       "person":
        {"first_name": "James",
         "last_name": "Joaquin",
         "permalink": "james-joaquin"}},
      {"company": null,
       "financial_org": null,
       "person":
        {"first_name": "Scott",
         "last_name": "Heiferman",
         "permalink": "scott-heiferman"}},
      {"company": null,
       "financial_org": null,
       "person":
        {"first_name": "Nion",
         "last_name": "McEvoy",
         "permalink": "nion-mcevoy"}},
      {"company": null,
       "financial_org": null,
       "person":
        {"first_name": "David",
         "last_name": "Mahoney",
         "permalink": "david-mahoney"}},
      {"company": null,
       "financial_org":
        {"name": "Founder Collective",
         "permalink": "founder-collective"},
       "person": null},
      {"company": null,
       "financial_org":
        {"name": "SV Angel",
         "permalink": "sv-angel"},
       "person": null}]},
   {"id": 28753,
    "round_code": "a",
    "source_url": "",
    "source_description": "",
    "raised_amount": 2000000.0,
    "raised_currency_code": "USD",
    "funded_year": 2010,
    "funded_month": 8,
    "funded_day": 1,
    "investments":
     [{"company": null,
       "financial_org":
        {"name": "True Ventures",
         "permalink": "true-ventures"},
       "person": null},
      {"company": null,
       "financial_org":
        {"name": "Founder Collective",
         "permalink": "founder-collective"},
       "person": null},
      {"company": null,
       "financial_org":
        {"name": "AOL Ventures",
         "permalink": "aol-ventures"},
       "person": null},
      {"company": null,
       "financial_org": null,
       "person":
        {"first_name": "David",
         "last_name": "Mahoney",
         "permalink": "david-mahoney"}},
      {"company": null,
       "financial_org": null,
       "person":
        {"first_name": "Scott",
         "last_name": "Heiferman",
         "permalink": "scott-heiferman"}},
      {"company": null,
       "financial_org": null,
       "person":
        {"first_name": "Brendan",
         "last_name": "McGovern",
         "permalink": "brendan-mcgovern"}},
      {"company": null,
       "financial_org": null,
       "person":
        {"first_name": "James",
         "last_name": "Joaquin",
         "permalink": "james-joaquin"}},
      {"company": null,
       "financial_org": null,
       "person":
        {"first_name": "Nion",
         "last_name": "McEvoy",
         "permalink": "nion-mcevoy"}}]}],
 "investments":
  [],
 "acquisition": null,
 "acquisitions":
  [],
 "offices":
  [{"description": "",
    "address1": "c/o Jen Bekman Gallery",
    "address2": "6 Spring Street",
    "zip_code": "10012",
    "city": "New York",
    "state_code": "NY",
    "country_code": "USA",
    "latitude": null,
    "longitude": null}],
 "milestones":
  [],
 "ipo": null,
 "video_embeds":
  [{"embed_code": "\u003Ciframe src=\"http://player.vimeo.com/video/21173213?title=0\u0026amp;byline=0\u0026amp;portrait=0\" width=\"400\" height=\"225\" frameborder=\"0\" webkitAllowFullScreen mozallowfullscreen allowFullScreen\u003E\u003C/iframe\u003E\u003Cp\u003E\u003Ca href=\"http://vimeo.com/21173213\"\u003ESmall Business Rules: The Jen Bekman Projects Rule\u003C/a\u003E from \u003Ca href=\"http://vimeo.com/user5259954\"\u003E20x200\u003C/a\u003E on \u003Ca href=\"http://vimeo.com\"\u003EVimeo\u003C/a\u003E.\u003C/p\u003E",
    "description": "\u003Cp\u003E20x200 | Jen Bekman Projects on Amex\u0026#8217;s Open Forum\u003C/p\u003E"}],
 "screenshots":
  [{"available_sizes":
     [[[150,
        134],
       "http://api-images.crunchbase.com/assets/images/resized/0017/8291/178291v2-max-150x150.jpg"],
      [[250,
        224],
       "http://api-images.crunchbase.com/assets/images/resized/0017/8291/178291v2-max-250x250.jpg"],
      [[450,
        404],
       "http://api-images.crunchbase.com/assets/images/resized/0017/8291/178291v2-max-450x450.jpg"]],
    "attribution": null}],
 "external_links":
  [],
 "partners":
  [{"partner_name": "angel_list",
    "homepage_url": "http://www.20x200.com",
    "link_1_url": "https://angel.co/20x200",
    "link_2_url": null,
    "link_3_url": null,
    "link_1_name": "AngelList Page",
    "link_2_name": null,
    "link_3_name": null}]}
