{"name": "2General",
 "permalink": "2general",
 "crunchbase_url": "http://www.crunchbase.com/company/2general",
 "homepage_url": "http://www.2general.com",
 "blog_url": "",
 "blog_feed_url": "",
 "twitter_username": null,
 "category_code": "consulting",
 "number_of_employees": null,
 "founded_year": 2006,
 "founded_month": 11,
 "founded_day": null,
 "deadpooled_year": null,
 "deadpooled_month": null,
 "deadpooled_day": null,
 "deadpooled_url": null,
 "tag_list": "",
 "alias_list": "",
 "email_address": "info@2general.com",
 "phone_number": "358-40-580-3833",
 "description": "",
 "created_at": "Sat Nov 07 05:31:55 UTC 2009",
 "updated_at": "Sat Nov 07 05:35:18 UTC 2009",
 "overview": "\u003Cp\u003E2General is a startup\u0026#8217;s best friend. They help companies build their business in the Internet \u00e2\u20ac\u201c from plain idea to design and implementation. Simply put, they make things happen.\u003C/p\u003E",
 "image":
  {"available_sizes":
    [[[150,
       32],
      "http://api-images.crunchbase.com/assets/images/resized/0006/5335/65335v1-max-150x150.jpg"],
     [[250,
       54],
      "http://api-images.crunchbase.com/assets/images/resized/0006/5335/65335v1-max-250x250.jpg"],
     [[266,
       58],
      "http://api-images.crunchbase.com/assets/images/resized/0006/5335/65335v1-max-450x450.jpg"]],
   "attribution": null},
 "products":
  [],
 "relationships":
  [],
 "competitions":
  [],
 "providerships":
  [],
 "total_money_raised": "$0",
 "funding_rounds":
  [],
 "investments":
  [],
 "acquisition": null,
 "acquisitions":
  [],
 "offices":
  [{"description": "",
    "address1": "Salomonkatu 17 A, 12th floor",
    "address2": "",
    "zip_code": "",
    "city": "Helsinki",
    "state_code": null,
    "country_code": "FIN",
    "latitude": null,
    "longitude": null}],
 "milestones":
  [],
 "ipo": null,
 "video_embeds":
  [],
 "screenshots":
  [{"available_sizes":
     [[[150,
        79],
       "http://api-images.crunchbase.com/assets/images/resized/0006/5336/65336v1-max-150x150.jpg"],
      [[250,
        133],
       "http://api-images.crunchbase.com/assets/images/resized/0006/5336/65336v1-max-250x250.jpg"],
      [[450,
        239],
       "http://api-images.crunchbase.com/assets/images/resized/0006/5336/65336v1-max-450x450.jpg"]],
    "attribution": null}],
 "external_links":
  [],
 "partners":
  []}
