{"name": "31Hex",
 "permalink": "31hex",
 "crunchbase_url": "http://www.crunchbase.com/company/31hex",
 "homepage_url": "http://www.31hex.com",
 "blog_url": "http://www.31hex.com/category/blog/",
 "blog_feed_url": "http://www.31hex.com/feed",
 "twitter_username": null,
 "category_code": "software",
 "number_of_employees": 2,
 "founded_year": 2008,
 "founded_month": 11,
 "founded_day": null,
 "deadpooled_year": null,
 "deadpooled_month": null,
 "deadpooled_day": null,
 "deadpooled_url": null,
 "tag_list": "logo-recognition, logo-detection, image-processing, logotrace, pattern-recognition",
 "alias_list": null,
 "email_address": "contact@31hex.com",
 "phone_number": "",
 "description": "Logo Detection Software Licensing",
 "created_at": "Sat Aug 22 14:14:54 UTC 2009",
 "updated_at": "Fri Jan 14 02:10:10 UTC 2011",
 "overview": "\u003Cp\u003E31Hex is an image processing Software Company focused on developing and licensing technology that solves complex problems. The algorithms developed by 31Hex are used primarily in the Document Imaging Market for manufacturers of document scanners, OEMs, ECM application developers, system integrators and other image processing software providers.\u003C/p\u003E\n\n\u003Cp\u003EThe principals of 31Hex have a combined 30+ years of image processing experience and are named inventors on over 70 US and International patents in the areas of image processing and bar code scanning.\u003C/p\u003E",
 "image":
  {"available_sizes":
    [[[150,
       39],
      "http://api-images.crunchbase.com/assets/images/resized/0005/7343/57343v2-max-150x150.jpg"],
     [[250,
       66],
      "http://api-images.crunchbase.com/assets/images/resized/0005/7343/57343v2-max-250x250.jpg"],
     [[363,
       96],
      "http://api-images.crunchbase.com/assets/images/resized/0005/7343/57343v2-max-450x450.jpg"]],
   "attribution": null},
 "products":
  [],
 "relationships":
  [],
 "competitions":
  [],
 "providerships":
  [],
 "total_money_raised": "$0",
 "funding_rounds":
  [],
 "investments":
  [],
 "acquisition": null,
 "acquisitions":
  [],
 "offices":
  [],
 "milestones":
  [],
 "ipo": null,
 "video_embeds":
  [],
 "screenshots":
  [],
 "external_links":
  [],
 "partners":
  []}
