{"name": "365 Hangers",
 "permalink": "365-hangers",
 "crunchbase_url": "http://www.crunchbase.com/company/365-hangers",
 "homepage_url": "http://www.365hangers.com",
 "blog_url": "",
 "blog_feed_url": "",
 "twitter_username": "365hangers",
 "category_code": "other",
 "number_of_employees": null,
 "founded_year": null,
 "founded_month": null,
 "founded_day": null,
 "deadpooled_year": null,
 "deadpooled_month": null,
 "deadpooled_day": null,
 "deadpooled_url": null,
 "tag_list": null,
 "alias_list": "",
 "email_address": "support@365hangers.com",
 "phone_number": "(209) 852-6726",
 "description": "Apparel \u0026 Fashion",
 "created_at": "Wed Aug 26 06:46:28 UTC 2009",
 "updated_at": "Wed Nov 04 11:58:22 UTC 2009",
 "overview": "\u003Cp\u003EEveryday, 365hangers\u00e2\u20ac\u2122 stylists, style our models representing five body shapes in hot, trendy designer clothing. These looks are yours to grab at irresistible prices (50 \u00e2\u20ac\u201c 60% below market) but only for one day. \u003C/p\u003E\n\n\u003Cp\u003EWith limited supply and a 24-hour time limit, they give you an \u00e2\u20ac\u0153online sample sale\u00e2\u20ac\u009d every single day. So, hurry, update your closet one complete look at a time.\u003C/p\u003E",
 "image":
  {"available_sizes":
    [[[150,
       41],
      "http://api-images.crunchbase.com/assets/images/resized/0006/4848/64848v1-max-150x150.jpg"],
     [[204,
       56],
      "http://api-images.crunchbase.com/assets/images/resized/0006/4848/64848v1-max-250x250.jpg"],
     [[204,
       56],
      "http://api-images.crunchbase.com/assets/images/resized/0006/4848/64848v1-max-450x450.jpg"]],
   "attribution": null},
 "products":
  [],
 "relationships":
  [{"is_past": false,
    "title": "",
    "person":
     {"first_name": "Brent",
      "last_name": "Akamine",
      "permalink": "brent-akamine"}}],
 "competitions":
  [],
 "providerships":
  [],
 "total_money_raised": "$0",
 "funding_rounds":
  [],
 "investments":
  [],
 "acquisition": null,
 "acquisitions":
  [],
 "offices":
  [{"description": "HQ",
    "address1": "2401 Saybrook Ave",
    "address2": "",
    "zip_code": "90040",
    "city": "Commerce",
    "state_code": "CA",
    "country_code": "USA",
    "latitude": null,
    "longitude": null}],
 "milestones":
  [],
 "ipo": null,
 "video_embeds":
  [],
 "screenshots":
  [{"available_sizes":
     [[[150,
        119],
       "http://api-images.crunchbase.com/assets/images/resized/0006/4850/64850v1-max-150x150.jpg"],
      [[250,
        198],
       "http://api-images.crunchbase.com/assets/images/resized/0006/4850/64850v1-max-250x250.jpg"],
      [[450,
        357],
       "http://api-images.crunchbase.com/assets/images/resized/0006/4850/64850v1-max-450x450.jpg"]],
    "attribution": null}],
 "external_links":
  [],
 "partners":
  []}
