{"name": "380 Development",
 "permalink": "380-development",
 "crunchbase_url": "http://www.crunchbase.com/company/380-development",
 "homepage_url": null,
 "blog_url": "",
 "blog_feed_url": "",
 "twitter_username": null,
 "category_code": null,
 "number_of_employees": null,
 "founded_year": null,
 "founded_month": null,
 "founded_day": null,
 "deadpooled_year": null,
 "deadpooled_month": null,
 "deadpooled_day": null,
 "deadpooled_url": null,
 "tag_list": "",
 "alias_list": "",
 "email_address": "",
 "phone_number": "",
 "description": "",
 "created_at": "Thu Jan 21 07:47:13 UTC 2010",
 "updated_at": "Thu Jan 21 07:48:21 UTC 2010",
 "overview": "",
 "image": null,
 "products":
  [],
 "relationships":
  [],
 "competitions":
  [],
 "providerships":
  [],
 "total_money_raised": "$0",
 "funding_rounds":
  [],
 "investments":
  [],
 "acquisition":
  {"price_amount": null,
   "price_currency_code": "USD",
   "term_code": null,
   "source_url": "http://investing.businessweek.com/research/stocks/transactions/transactions.asp?symbol=ISCA:US",
   "source_description": "KB Marine Holdings LLC signed a definitive agreement to acquire 380 Development",
   "acquired_year": 2009,
   "acquired_month": 11,
   "acquired_day": 11,
   "acquiring_company":
    {"name": "KB Marine Holdings",
     "permalink": "kb-marine-holdings-deleted"}},
 "acquisitions":
  [],
 "offices":
  [],
 "milestones":
  [],
 "ipo": null,
 "video_embeds":
  [],
 "screenshots":
  [],
 "external_links":
  [],
 "partners":
  []}
