{"name": "3ft9",
 "permalink": "3ft9",
 "crunchbase_url": "http://www.crunchbase.com/company/3ft9",
 "homepage_url": "http://3ft9.com",
 "blog_url": "http://3ft9.com/",
 "blog_feed_url": "http://3ft9.com/feed",
 "twitter_username": "3ft9",
 "category_code": "consulting",
 "number_of_employees": 1,
 "founded_year": 2008,
 "founded_month": null,
 "founded_day": null,
 "deadpooled_year": null,
 "deadpooled_month": null,
 "deadpooled_day": null,
 "deadpooled_url": null,
 "tag_list": "usability, scalability, performance, software, twitter",
 "alias_list": null,
 "email_address": "contact@3ft9.com",
 "phone_number": "07976 608527",
 "description": "Software consultancy",
 "created_at": "Mon Aug 17 18:29:32 UTC 2009",
 "updated_at": "Fri Oct 22 03:37:24 UTC 2010",
 "overview": "\u003Cp\u003E3ft9 Ltd is a software consultancy specialising in internet-based services with a focus on usability, performance and scalability, in that order. In addition to providing consultancy services we are usually working on several internal projects at any given time.\u003C/p\u003E",
 "image":
  {"available_sizes":
    [[[150,
       97],
      "http://api-images.crunchbase.com/assets/images/resized/0005/6765/56765v4-max-150x150.png"],
     [[150,
       97],
      "http://api-images.crunchbase.com/assets/images/resized/0005/6765/56765v4-max-250x250.png"],
     [[150,
       97],
      "http://api-images.crunchbase.com/assets/images/resized/0005/6765/56765v4-max-450x450.png"]],
   "attribution": null},
 "products":
  [{"name": "TwitApps",
    "permalink": "twitapps"},
   {"name": "TitsUp.net",
    "permalink": "titsup-net"},
   {"name": "DidWhatWhen.com",
    "permalink": "didwhatwhen-com"},
   {"name": "Jmp.li",
    "permalink": "jmp-li"}],
 "relationships":
  [{"is_past": false,
    "title": "Founder",
    "person":
     {"first_name": "Stuart",
      "last_name": "Dallas",
      "permalink": "stuart-dallas"}}],
 "competitions":
  [],
 "providerships":
  [],
 "total_money_raised": "$0",
 "funding_rounds":
  [],
 "investments":
  [],
 "acquisition": null,
 "acquisitions":
  [],
 "offices":
  [],
 "milestones":
  [],
 "ipo": null,
 "video_embeds":
  [],
 "screenshots":
  [],
 "external_links":
  [{"external_url": "http://twitapps.com/",
    "title": "TwitApps"},
   {"external_url": "http://jmp.li/",
    "title": ""},
   {"external_url": "http://didwhatwhen.com/",
    "title": "DidWhatWhen"},
   {"external_url": "http://titsup.net/",
    "title": "TitsUp"}],
 "partners":
  []}
