{"name": "3Play Media",
 "permalink": "3play-media",
 "crunchbase_url": "http://www.crunchbase.com/company/3play-media",
 "homepage_url": "http://www.3playmedia.com",
 "blog_url": "http://www.3playmedia.com/blog/",
 "blog_feed_url": "http://www.3playmedia.com/blog/feed",
 "twitter_username": "3playmedia",
 "category_code": "software",
 "number_of_employees": 15,
 "founded_year": 2007,
 "founded_month": null,
 "founded_day": null,
 "deadpooled_year": null,
 "deadpooled_month": null,
 "deadpooled_day": null,
 "deadpooled_url": null,
 "tag_list": "",
 "alias_list": "",
 "email_address": "info@3playmedia.com",
 "phone_number": "617-764-5189",
 "description": "Captioning, transcription, translation",
 "created_at": "Mon Feb 08 21:05:13 UTC 2010",
 "updated_at": "Mon Mar 31 20:48:40 UTC 2014",
 "overview": "\u003Cp\u003E3Play Media provides premium quality captioning, transcription, and translation solutions to more than 700 customers in higher\neducation, enterprise, media, and government. Our mission is to simplify the process by providing a user-friendly account system, flexible API\u0026#8217;s, and integrations with a multitude of video players, platforms, and lecture capture systems. 3Play\nMedia is based in Cambridge, MA and has been operating since 2007.\u003C/p\u003E",
 "image":
  {"available_sizes":
    [[[150,
       58],
      "http://api-images.crunchbase.com/assets/images/resized/0007/6372/76372v3-max-150x150.jpg"],
     [[250,
       97],
      "http://api-images.crunchbase.com/assets/images/resized/0007/6372/76372v3-max-250x250.jpg"],
     [[450,
       174],
      "http://api-images.crunchbase.com/assets/images/resized/0007/6372/76372v3-max-450x450.jpg"]],
   "attribution": null},
 "products":
  [],
 "relationships":
  [{"is_past": false,
    "title": "Co-Founder, VP of Operations",
    "person":
     {"first_name": "Chris",
      "last_name": "Antunes",
      "permalink": "chris-antunes"}},
   {"is_past": false,
    "title": "Co-Founder, VP of Customer",
    "person":
     {"first_name": "Jeremy",
      "last_name": "Barrron",
      "permalink": "jeremy-barrron"}},
   {"is_past": false,
    "title": "Co-Founder, VP of Sales",
    "person":
     {"first_name": "Joshua",
      "last_name": "Miller",
      "permalink": "joshua-miller-2"}},
   {"is_past": false,
    "title": "VP of R\u0026D",
    "person":
     {"first_name": "Roger",
      "last_name": "Zimmerman",
      "permalink": "roger-zimmerman"}},
   {"is_past": false,
    "title": "Director, VP of Marketing",
    "person":
     {"first_name": "Tole",
      "last_name": "Khesin",
      "permalink": "thole-khesin"}},
   {"is_past": false,
    "title": "Director, VP of Marketing",
    "person":
     {"first_name": "Anatole",
      "last_name": "Khesin",
      "permalink": "anatole-khesin"}},
   {"is_past": false,
    "title": "Director",
    "person":
     {"first_name": "Peter",
      "last_name": "Wege",
      "permalink": "peter-wege"}},
   {"is_past": false,
    "title": "Investor",
    "person":
     {"first_name": "Christopher",
      "last_name": "Mirabile",
      "permalink": "christopher-mirabile"}},
   {"is_past": false,
    "title": "Co-Founder, VP of Product",
    "person":
     {"first_name": "CJ",
      "last_name": "Johnson",
      "permalink": "cj-johnson"}}],
 "competitions":
  [],
 "providerships":
  [],
 "total_money_raised": "$1.01M",
 "funding_rounds":
  [{"id": 11857,
    "round_code": "unattributed",
    "source_url": "http://www.sec.gov/Archives/edgar/data/1483389/000148338910000001/xslFormDX01/primary_doc.xml",
    "source_description": "SEC D",
    "raised_amount": 450000.0,
    "raised_currency_code": "USD",
    "funded_year": 2010,
    "funded_month": 2,
    "funded_day": 8,
    "investments":
     []},
   {"id": 23721,
    "round_code": "unattributed",
    "source_url": "http://www.masshightech.com/stories/2011/06/20/daily13-3Play-Media-brings-in-second-round-at-511K.html",
    "source_description": "3Play Media brings in second round at $511K",
    "raised_amount": 511601.0,
    "raised_currency_code": "USD",
    "funded_year": 2011,
    "funded_month": 6,
    "funded_day": 21,
    "investments":
     []},
   {"id": 71096,
    "round_code": "seed",
    "source_url": "",
    "source_description": "",
    "raised_amount": 50000.0,
    "raised_currency_code": "USD",
    "funded_year": 2011,
    "funded_month": 10,
    "funded_day": 21,
    "investments":
     [{"company":
        {"name": "MassChallenge",
         "permalink": "masschallenge"},
       "financial_org": null,
       "person": null}]}],
 "investments":
  [],
 "acquisition": null,
 "acquisitions":
  [],
 "offices":
  [{"description": "",
    "address1": "125 CambridgePark Dr",
    "address2": "Ste 402",
    "zip_code": "02140",
    "city": "Cambridge",
    "state_code": "MA",
    "country_code": "USA",
    "latitude": 42.395484,
    "longitude": -71.1456649}],
 "milestones":
  [],
 "ipo": null,
 "video_embeds":
  [{"embed_code": "\u003Ciframe src=\"http://blip.tv/play/goRrgvyUDQI.html?p=1\" width=\"430\" height=\"270\" frameborder=\"0\" allowfullscreen\u003E\u003C/iframe\u003E\u003Cembed type=\"application/x-shockwave-flash\" src=\"http://a.blip.tv/api.swf#goRrgvyUDQI\" style=\"display:none\"\u003E\u003C/embed\u003E",
    "description": "\u003Cp\u003EThis video was originally published on \u003Ca href=\"http://www.beet.tv/2012/07/3playmedia.html\" title=\"Beet.TV\" rel=\"nofollow\"\u003EBeet.TV\u003C/a\u003E\u003C/p\u003E"},
   {"embed_code": "\u003Cscript type='text/javascript' src='http://pshared.5min.com/Scripts/PlayerSeed.js?sid=815\u0026width=430\u0026height=270\u0026playList=517782406'\u003E\u003C/script\u003E",
    "description": "\u003Cp\u003EThis video was originally published \u003Ca href=\"http://www.beet.tv/2013/05/video-search-at-a-crossroads-with-increased-adoption-of-schema.html\" title=\"on Beet.TV\" rel=\"nofollow\"\u003Eon Beet.TV\u003C/a\u003E\u003C/p\u003E"}],
 "screenshots":
  [],
 "external_links":
  [{"external_url": "http://www.facebook.com/pages/3Play-Media/82200682872",
    "title": "Facebook"},
   {"external_url": "http://www.linkedin.com/company/3play-media",
    "title": "LinkedIn"},
   {"external_url": "http://www.twitter.com/3playmedia",
    "title": "Twitter"}],
 "partners":
  []}
