{"name": "3rd i Designs",
 "permalink": "3rd-i-designs",
 "crunchbase_url": "http://www.crunchbase.com/company/3rd-i-designs",
 "homepage_url": "http://www.crowdegy.com",
 "blog_url": "",
 "blog_feed_url": "",
 "twitter_username": null,
 "category_code": null,
 "number_of_employees": null,
 "founded_year": null,
 "founded_month": null,
 "founded_day": null,
 "deadpooled_year": null,
 "deadpooled_month": null,
 "deadpooled_day": null,
 "deadpooled_url": null,
 "tag_list": "",
 "alias_list": "",
 "email_address": "",
 "phone_number": "828-712-9063",
 "description": "",
 "created_at": "Tue Dec 08 03:35:54 UTC 2009",
 "updated_at": "Wed Apr 09 12:06:36 UTC 2014",
 "overview": "",
 "image":
  {"available_sizes":
    [[[150,
       54],
      "http://api-images.crunchbase.com/assets/images/resized/0006/8802/68802v1-max-150x150.jpg"],
     [[250,
       90],
      "http://api-images.crunchbase.com/assets/images/resized/0006/8802/68802v1-max-250x250.jpg"],
     [[282,
       102],
      "http://api-images.crunchbase.com/assets/images/resized/0006/8802/68802v1-max-450x450.jpg"]],
   "attribution": null},
 "products":
  [],
 "relationships":
  [],
 "competitions":
  [],
 "providerships":
  [],
 "total_money_raised": "$0",
 "funding_rounds":
  [],
 "investments":
  [],
 "acquisition": null,
 "acquisitions":
  [],
 "offices":
  [],
 "milestones":
  [],
 "ipo": null,
 "video_embeds":
  [],
 "screenshots":
  [{"available_sizes":
     [[[150,
        86],
       "http://api-images.crunchbase.com/assets/images/resized/0006/8803/68803v1-max-150x150.jpg"],
      [[250,
        143],
       "http://api-images.crunchbase.com/assets/images/resized/0006/8803/68803v1-max-250x250.jpg"],
      [[450,
        258],
       "http://api-images.crunchbase.com/assets/images/resized/0006/8803/68803v1-max-450x450.jpg"]],
    "attribution": null}],
 "external_links":
  [],
 "partners":
  []}
