{"name": "3VR",
 "permalink": "3vr-security",
 "crunchbase_url": "http://www.crunchbase.com/company/3vr-security",
 "homepage_url": "http://www.3vr.com",
 "blog_url": "http://3vrsecurityblog.blogspot.com/ wsroom/Blog/",
 "blog_feed_url": "http://3vrsecurityblog.blogspot.com/feeds/posts/default",
 "twitter_username": "3VR",
 "category_code": "security",
 "number_of_employees": 50,
 "founded_year": 2002,
 "founded_month": null,
 "founded_day": null,
 "deadpooled_year": null,
 "deadpooled_month": null,
 "deadpooled_day": null,
 "deadpooled_url": null,
 "tag_list": "video-intelligence, surveillance, searchable-surveillance, security, 3vr",
 "alias_list": "3VR",
 "email_address": "info@3vr.com",
 "phone_number": "415.495.5790",
 "description": "",
 "created_at": "Thu Aug 20 17:20:06 UTC 2009",
 "updated_at": "Wed Apr 09 20:36:04 UTC 2014",
 "overview": "\u003Cp\u003E3VR, Inc., the video intelligence company, enables organizations to search, mine and leverage video to bolster security, identify and mitigate fraud and better serve customers. 3VR\u0026#8217;s Video Intelligence Platform allows video surveillance systems to reach their true potential and deliver a measurable and sustainable return on investment. 3VR is the video surveillance standard for hundreds of global customers, including leading banks, retailers, governments and law enforcement agencies and owns CrimeDex, an online community of more than 600,000 fraud, loss prevention and law enforcement professionals dedicated to stopping crime. Based in San Francisco, CA, the company is privately held with funding from DAG Ventures, Focus Ventures, In-Q-Tel, Kleiner Perkins Caulfield \u0026amp; Byers, Menlo Ventures and VantagePoint Ventures. 3VR\u0026#8217;s SmartRecorder is the three-time winner of the SIA Best New Video Product Award and was named Security Product of the Year from Frost \u0026amp; Sullivan in 2006 and 2007, among other awards. For more information, please visit www.3vr.com.\u003C/p\u003E",
 "image":
  {"available_sizes":
    [[[150,
       77],
      "http://api-images.crunchbase.com/assets/images/resized/0005/7178/57178v8-max-150x150.jpg"],
     [[250,
       128],
      "http://api-images.crunchbase.com/assets/images/resized/0005/7178/57178v8-max-250x250.jpg"],
     [[450,
       231],
      "http://api-images.crunchbase.com/assets/images/resized/0005/7178/57178v8-max-450x450.jpg"]],
   "attribution": null},
 "products":
  [{"name": "3VR SmartRecorders",
    "permalink": "3vr-smartrecorders"}],
 "relationships":
  [{"is_past": false,
    "title": "Senior Vice President",
    "person":
     {"first_name": "Masayuki",
      "last_name": "Karahashi",
      "permalink": "masayuki-karahashi"}},
   {"is_past": false,
    "title": "Board Member",
    "person":
     {"first_name": "Sonja",
      "last_name": "Perkins",
      "permalink": "sonja-perkins"}},
   {"is_past": false,
    "title": "Investor",
    "person":
     {"first_name": "Greg",
      "last_name": "Williams",
      "permalink": "greg-williams"}},
   {"is_past": false,
    "title": "Board of Directors",
    "person":
     {"first_name": "Dick",
      "last_name": "Williams",
      "permalink": "dick-williams"}},
   {"is_past": true,
    "title": "Chairman \u0026 Founder \u0026 CEO",
    "person":
     {"first_name": "Stephen (Steve)",
      "last_name": "Russell",
      "permalink": "stephen-russell"}},
   {"is_past": true,
    "title": "Board Member",
    "person":
     {"first_name": "Ted",
      "last_name": "Schlein",
      "permalink": "ted-schlein"}}],
 "competitions":
  [{"competitor":
     {"name": "Verint Systems",
      "permalink": "verint"}},
   {"competitor":
     {"name": "March Networks",
      "permalink": "march-networks"}},
   {"competitor":
     {"name": "Milestone Systems",
      "permalink": "milestone-systems"}},
   {"competitor":
     {"name": "ObjectVideo",
      "permalink": "objectvideo"}}],
 "providerships":
  [],
 "total_money_raised": "$56.6M",
 "funding_rounds":
  [{"id": 8078,
    "round_code": "d",
    "source_url": "http://venturebeat.com/2009/08/19/3vr-finds-12m-for-searchable-surveillance/",
    "source_description": "3VR finds $12M for searchable surveillance",
    "raised_amount": 12000000.0,
    "raised_currency_code": "USD",
    "funded_year": 2009,
    "funded_month": 8,
    "funded_day": 20,
    "investments":
     [{"company": null,
       "financial_org":
        {"name": "Menlo Ventures",
         "permalink": "menlo-ventures"},
       "person": null}]},
   {"id": 8687,
    "round_code": "c",
    "source_url": "http://venturebeat.com/2006/09/28/3vr-security-a-provider-of-video-surveillance-technology-raises-9m/",
    "source_description": "3VR Security, a provider of video surveillance technology, raises $9M",
    "raised_amount": 9000000.0,
    "raised_currency_code": "USD",
    "funded_year": 2006,
    "funded_month": 9,
    "funded_day": 28,
    "investments":
     [{"company": null,
       "financial_org":
        {"name": "DAG Ventures",
         "permalink": "dag-ventures"},
       "person": null},
      {"company": null,
       "financial_org":
        {"name": "Kleiner Perkins Caufield \u0026 Byers",
         "permalink": "kleiner-perkins-caufield-byers"},
       "person": null},
      {"company": null,
       "financial_org":
        {"name": "VantagePoint Capital Partners",
         "permalink": "vantagepoint-capital-partners"},
       "person": null}]},
   {"id": 15791,
    "round_code": "b",
    "source_url": "http://3vr.com/Newsroom/Press%20Releases/20060117.asp",
    "source_description": "3VR ANNOUNCES SERIES B FUNDING LED BY KPCB",
    "raised_amount": 10000000.0,
    "raised_currency_code": "USD",
    "funded_year": 2006,
    "funded_month": 1,
    "funded_day": 17,
    "investments":
     [{"company": null,
       "financial_org":
        {"name": "Kleiner Perkins Caufield \u0026 Byers",
         "permalink": "kleiner-perkins-caufield-byers"},
       "person": null},
      {"company": null,
       "financial_org":
        {"name": "VantagePoint Capital Partners",
         "permalink": "vantagepoint-capital-partners"},
       "person": null},
      {"company": null,
       "financial_org":
        {"name": "In-Q-Tel",
         "permalink": "in-q-tel"},
       "person": null}]},
   {"id": 20614,
    "round_code": "e",
    "source_url": "http://www.pr-inside.com/vr-secures-17-million-in-funding-r2318124.htm",
    "source_description": "3VR Secures $17 Million in Funding to Bring Intelligent Video Search to Broader Market Global Leader in Intelligent Video Search and Analytics Concludes Record Year With Funding and New Addition to the Management Team ",
    "raised_amount": 17000000.0,
    "raised_currency_code": "USD",
    "funded_year": 2010,
    "funded_month": 12,
    "funded_day": 21,
    "investments":
     [{"company": null,
       "financial_org":
        {"name": "Menlo Ventures",
         "permalink": "menlo-ventures"},
       "person": null},
      {"company": null,
       "financial_org":
        {"name": "Focus Ventures",
         "permalink": "focus-ventures"},
       "person": null}]},
   {"id": 26002,
    "round_code": "a",
    "source_url": "http://www.securityinfowatch.com/root+level/1275930",
    "source_description": "DVR Maker 3VR Security Closes First-Round Financing",
    "raised_amount": 5000000.0,
    "raised_currency_code": "USD",
    "funded_year": 2009,
    "funded_month": 1,
    "funded_day": 15,
    "investments":
     [{"company": null,
       "financial_org":
        {"name": "VantagePoint Capital Partners",
         "permalink": "vantagepoint-capital-partners"},
       "person": null}]},
   {"id": 50998,
    "round_code": "debt_round",
    "source_url": "http://www.sec.gov/Archives/edgar/data/1350856/000135085613000001/xslFormDX01/primary_doc.xml",
    "source_description": "SEC",
    "raised_amount": 3567194.0,
    "raised_currency_code": "USD",
    "funded_year": 2013,
    "funded_month": 10,
    "funded_day": 4,
    "investments":
     [{"company": null,
       "financial_org":
        {"name": "Kleiner Perkins Caufield \u0026 Byers",
         "permalink": "kleiner-perkins-caufield-byers"},
       "person": null},
      {"company": null,
       "financial_org":
        {"name": "Menlo Ventures",
         "permalink": "menlo-ventures"},
       "person": null}]}],
 "investments":
  [],
 "acquisition": null,
 "acquisitions":
  [],
 "offices":
  [{"description": "Headquarters",
    "address1": "475 Brannan Street",
    "address2": "Suite 430",
    "zip_code": "94107",
    "city": "San Francisco",
    "state_code": "CA",
    "country_code": "USA",
    "latitude": 37.778613,
    "longitude": -122.395289}],
 "milestones":
  [{"id": 5874,
    "description": "Robert Allen Shipp Joins 3VR Security, Inc. as Chief Executive Officer",
    "stoned_year": 2009,
    "stoned_month": 2,
    "stoned_day": 10,
    "source_url": "http://www.3vr.com/NewsRoom/Press%20Releases/20090210-al.asp",
    "source_text": null,
    "source_description": "ROBERT ALLEN SHIPP JOINS 3VR SECURITY, INC AS CHIEF EXECUTIVE OFFICER",
    "stoneable_type": "Company",
    "stoned_value": null,
    "stoned_value_type": null,
    "stoned_acquirer": null,
    "stoneable":
     {"name": "3VR",
      "permalink": "3vr-security"}},
   {"id": 5875,
    "description": "3VR Introduces Compact Next Generation Hybrid Searchable Video Recorder",
    "stoned_year": 2009,
    "stoned_month": 3,
    "stoned_day": 26,
    "source_url": "http://www.3vr.com/NewsRoom/Press%20Releases/20090326.asp",
    "source_text": null,
    "source_description": "3VR INTRODUCES COMPACT NEXT GENERATION HYBRID SEARCHABLE VIDEO RECORDER",
    "stoneable_type": "Company",
    "stoned_value": null,
    "stoned_value_type": null,
    "stoned_acquirer": null,
    "stoneable":
     {"name": "3VR",
      "permalink": "3vr-security"}},
   {"id": 5876,
    "description": "Korean National Police Agency / SK Networks Study Shows 3VR Video Facial Recognition Most Accurate \u0026 Most Scalable",
    "stoned_year": 2009,
    "stoned_month": 4,
    "stoned_day": 16,
    "source_url": "http://www.3vr.com/Newsroom/Press%20Releases/20090416.asp",
    "source_text": null,
    "source_description": "SOUTH KOREA NATIONAL POLICE/ SK NETWORKS STUDY SHOWS 3VR VIDEO FACIAL RECOGNITION MOST ACCURATE \u0026 MOST SCALABLE",
    "stoneable_type": "Company",
    "stoned_value": null,
    "stoned_value_type": null,
    "stoned_acquirer": null,
    "stoneable":
     {"name": "3VR",
      "permalink": "3vr-security"}},
   {"id": 5877,
    "description": "Sammy\u00e2\u20ac\u2122s Woodfired Pizza Selects 3VR Searchable Surveillance Platform for Enhanced Customer Service and Retail Security",
    "stoned_year": 2009,
    "stoned_month": 6,
    "stoned_day": 9,
    "source_url": "http://www.3vr.com/NewsRoom/Press%20Releases/20090609-2.asp",
    "source_text": null,
    "source_description": "Sammy\u00e2\u20ac\u2122s Woodfired Pizza Selects 3VR Searchable Surveillance Platform for Enhanced Customer Service and Retail Security",
    "stoneable_type": "Company",
    "stoned_value": null,
    "stoned_value_type": null,
    "stoned_acquirer": null,
    "stoneable":
     {"name": "3VR",
      "permalink": "3vr-security"}},
   {"id": 5878,
    "description": "3VR Releases CrimeDex 2.0, Collaborative Criminal Data-Sharing Service with Secure Social Networking Capabilities",
    "stoned_year": 2009,
    "stoned_month": 6,
    "stoned_day": 23,
    "source_url": "http://www.3vr.com/NewsRoom/Press%20Releases/20090623.asp",
    "source_text": null,
    "source_description": "3VR RELEASES CRIMEDEX 2.0, COLLABORATIVE CRIMINAL DATA-SHARING SERVICE WITH SECURE SOCIAL NETWORKING CAPABILITIES",
    "stoneable_type": "Company",
    "stoned_value": null,
    "stoned_value_type": null,
    "stoned_acquirer": null,
    "stoneable":
     {"name": "3VR",
      "permalink": "3vr-security"}},
   {"id": 5879,
    "description": "3VR Security Lands $12 Million in Funding to Expand Company's Leadership in Intelligent Video Surveillance Market",
    "stoned_year": 2009,
    "stoned_month": 8,
    "stoned_day": 19,
    "source_url": "http://www.3vr.com/NewsRoom/Press%20Releases/20090819.asp",
    "source_text": null,
    "source_description": "3VR SECURITY LANDS $12 MILLION IN FUNDING TO EXPAND COMPANY\u00e2\u20ac\u2122S LEADERSHIP IN INTELLIGENT VIDEO SURVEILLANCE MARKET",
    "stoneable_type": "Company",
    "stoned_value": null,
    "stoned_value_type": null,
    "stoned_acquirer": null,
    "stoneable":
     {"name": "3VR",
      "permalink": "3vr-security"}},
   {"id": 5880,
    "description": "3VR Unveils Its Most Powerful and Versatile SmartRecorder to Dat",
    "stoned_year": 2009,
    "stoned_month": 9,
    "stoned_day": 9,
    "source_url": "http://www.3vr.com/NewsRoom/Press%20Releases/20090909.asp",
    "source_text": null,
    "source_description": "3VR UNVEILS ITS MOST POWERFUL AND VERSATILE SMARTRECORDER TO DATE",
    "stoneable_type": "Company",
    "stoned_value": null,
    "stoned_value_type": null,
    "stoned_acquirer": null,
    "stoneable":
     {"name": "3VR",
      "permalink": "3vr-security"}},
   {"id": 5881,
    "description": "Union Savings Put a Dent in Crime with 3VR",
    "stoned_year": 2009,
    "stoned_month": 10,
    "stoned_day": 27,
    "source_url": "http://www.3vr.com/NewsRoom/Press%20Releases/20091027.asp",
    "source_text": null,
    "source_description": "UNION SAVINGS BANK PUTS A DENT IN CRIME WITH 3VR",
    "stoneable_type": "Company",
    "stoned_value": null,
    "stoned_value_type": null,
    "stoned_acquirer": null,
    "stoneable":
     {"name": "3VR",
      "permalink": "3vr-security"}},
   {"id": 5883,
    "description": "Hilton Americas-Houston Deploys Intelligent Surveillance and Search from 3VR to Improve Security and Customer Service",
    "stoned_year": 2010,
    "stoned_month": 3,
    "stoned_day": 17,
    "source_url": "http://www.3vr.com/NewsRoom/Press%20Releases/20100317.asp",
    "source_text": null,
    "source_description": "Hilton Americas-Houston Deploys Intelligent Surveillance and Search from 3VR to Improve Security and Customer Service",
    "stoneable_type": "Company",
    "stoned_value": null,
    "stoned_value_type": null,
    "stoned_acquirer": null,
    "stoneable":
     {"name": "3VR",
      "permalink": "3vr-security"}},
   {"id": 5884,
    "description": "Members 1st Federal Credit Union Leverages Surveillance to Stop More Than 90% of Attempted Fraud",
    "stoned_year": 2010,
    "stoned_month": 5,
    "stoned_day": 24,
    "source_url": "http://www.3vr.com/NewsRoom/Press%20Releases/20100524-2.asp",
    "source_text": null,
    "source_description": "Members 1st Federal Credit Union Leverages Surveillance to Stop More Than 90% of Attempted Fraud",
    "stoneable_type": "Company",
    "stoned_value": null,
    "stoned_value_type": null,
    "stoned_acquirer": null,
    "stoneable":
     {"name": "3VR",
      "permalink": "3vr-security"}}],
 "ipo": null,
 "video_embeds":
  [{"embed_code": "\u003Cobject width=\"400\" height=\"225\"\u003E\u003Cparam name=\"allowfullscreen\" value=\"true\" /\u003E\u003Cparam name=\"allowscriptaccess\" value=\"always\" /\u003E\u003Cparam name=\"movie\" value=\"http://vimeo.com/moogaloop.swf?clip_id=12748895\u0026amp;server=vimeo.com\u0026amp;show_title=1\u0026amp;show_byline=1\u0026amp;show_portrait=0\u0026amp;color=\u0026amp;fullscreen=1\" /\u003E\u003Cembed src=\"http://vimeo.com/moogaloop.swf?clip_id=12748895\u0026amp;server=vimeo.com\u0026amp;show_title=1\u0026amp;show_byline=1\u0026amp;show_portrait=0\u0026amp;color=\u0026amp;fullscreen=1\" type=\"application/x-shockwave-flash\" allowfullscreen=\"true\" allowscriptaccess=\"always\" width=\"400\" height=\"225\"\u003E\u003C/embed\u003E\u003C/object\u003E\u003Cp\u003E\u003Ca href=\"http://vimeo.com/12748895\"\u003EWhat is 3VR\u003C/a\u003E from \u003Ca href=\"http://vimeo.com/user1802071\"\u003Ethreevr\u003C/a\u003E on \u003Ca href=\"http://vimeo.com\"\u003EVimeo\u003C/a\u003E.\u003C/p\u003E",
    "description": "\u003Cp\u003EWhat is 3VR\u003C/p\u003E"},
   {"embed_code": "\u003Cobject width=\"400\" height=\"227\"\u003E\u003Cparam name=\"allowfullscreen\" value=\"true\" /\u003E\u003Cparam name=\"allowscriptaccess\" value=\"always\" /\u003E\u003Cparam name=\"movie\" value=\"http://vimeo.com/moogaloop.swf?clip_id=7440717\u0026amp;server=vimeo.com\u0026amp;show_title=1\u0026amp;show_byline=1\u0026amp;show_portrait=0\u0026amp;color=\u0026amp;fullscreen=1\" /\u003E\u003Cembed src=\"http://vimeo.com/moogaloop.swf?clip_id=7440717\u0026amp;server=vimeo.com\u0026amp;show_title=1\u0026amp;show_byline=1\u0026amp;show_portrait=0\u0026amp;color=\u0026amp;fullscreen=1\" type=\"application/x-shockwave-flash\" allowfullscreen=\"true\" allowscriptaccess=\"always\" width=\"400\" height=\"227\"\u003E\u003C/embed\u003E\u003C/object\u003E\u003Cp\u003E\u003Ca href=\"http://vimeo.com/7440717\"\u003EIntroducing the P-Series\u003C/a\u003E from \u003Ca href=\"http://vimeo.com/user1802071\"\u003Ethreevr\u003C/a\u003E on \u003Ca href=\"http://vimeo.com\"\u003EVimeo\u003C/a\u003E.\u003C/p\u003E",
    "description": "\u003Cp\u003EIntroducing the P-Series\u003C/p\u003E"},
   {"embed_code": "\u003Cobject width=\"400\" height=\"225\"\u003E\u003Cparam name=\"allowfullscreen\" value=\"true\" /\u003E\u003Cparam name=\"allowscriptaccess\" value=\"always\" /\u003E\u003Cparam name=\"movie\" value=\"http://vimeo.com/moogaloop.swf?clip_id=11625696\u0026amp;server=vimeo.com\u0026amp;show_title=1\u0026amp;show_byline=1\u0026amp;show_portrait=0\u0026amp;color=\u0026amp;fullscreen=1\" /\u003E\u003Cembed src=\"http://vimeo.com/moogaloop.swf?clip_id=11625696\u0026amp;server=vimeo.com\u0026amp;show_title=1\u0026amp;show_byline=1\u0026amp;show_portrait=0\u0026amp;color=\u0026amp;fullscreen=1\" type=\"application/x-shockwave-flash\" allowfullscreen=\"true\" allowscriptaccess=\"always\" width=\"400\" height=\"225\"\u003E\u003C/embed\u003E\u003C/object\u003E\u003Cp\u003E\u003Ca href=\"http://vimeo.com/11625696\"\u003ET-Mobile on Intelligent Video from 3VR\u003C/a\u003E from \u003Ca href=\"http://vimeo.com/user1802071\"\u003Ethreevr\u003C/a\u003E on \u003Ca href=\"http://vimeo.com\"\u003EVimeo\u003C/a\u003E.\u003C/p\u003E",
    "description": "\u003Cp\u003ET-Mobile on Intelligent Video from 3VR\u003C/p\u003E"},
   {"embed_code": "\u003Cobject width=\"400\" height=\"225\"\u003E\u003Cparam name=\"allowfullscreen\" value=\"true\" /\u003E\u003Cparam name=\"allowscriptaccess\" value=\"always\" /\u003E\u003Cparam name=\"movie\" value=\"http://vimeo.com/moogaloop.swf?clip_id=10931375\u0026amp;server=vimeo.com\u0026amp;show_title=1\u0026amp;show_byline=1\u0026amp;show_portrait=0\u0026amp;color=\u0026amp;fullscreen=1\" /\u003E\u003Cembed src=\"http://vimeo.com/moogaloop.swf?clip_id=10931375\u0026amp;server=vimeo.com\u0026amp;show_title=1\u0026amp;show_byline=1\u0026amp;show_portrait=0\u0026amp;color=\u0026amp;fullscreen=1\" type=\"application/x-shockwave-flash\" allowfullscreen=\"true\" allowscriptaccess=\"always\" width=\"400\" height=\"225\"\u003E\u003C/embed\u003E\u003C/object\u003E\u003Cp\u003E\u003Ca href=\"http://vimeo.com/10931375\"\u003E3VR at ISC West 2010\u003C/a\u003E from \u003Ca href=\"http://vimeo.com/user1802071\"\u003Ethreevr\u003C/a\u003E on \u003Ca href=\"http://vimeo.com\"\u003EVimeo\u003C/a\u003E.\u003C/p\u003E",
    "description": "\u003Cp\u003E3VR at ISC West 2010\u003C/p\u003E"},
   {"embed_code": "\u003Cobject width=\"400\" height=\"227\"\u003E\u003Cparam name=\"allowfullscreen\" value=\"true\" /\u003E\u003Cparam name=\"allowscriptaccess\" value=\"always\" /\u003E\u003Cparam name=\"movie\" value=\"http://vimeo.com/moogaloop.swf?clip_id=7440750\u0026amp;server=vimeo.com\u0026amp;show_title=1\u0026amp;show_byline=1\u0026amp;show_portrait=0\u0026amp;color=\u0026amp;fullscreen=1\" /\u003E\u003Cembed src=\"http://vimeo.com/moogaloop.swf?clip_id=7440750\u0026amp;server=vimeo.com\u0026amp;show_title=1\u0026amp;show_byline=1\u0026amp;show_portrait=0\u0026amp;color=\u0026amp;fullscreen=1\" type=\"application/x-shockwave-flash\" allowfullscreen=\"true\" allowscriptaccess=\"always\" width=\"400\" height=\"227\"\u003E\u003C/embed\u003E\u003C/object\u003E\u003Cp\u003E\u003Ca href=\"http://vimeo.com/7440750\"\u003EIntroducing the S-Series\u003C/a\u003E from \u003Ca href=\"http://vimeo.com/user1802071\"\u003Ethreevr\u003C/a\u003E on \u003Ca href=\"http://vimeo.com\"\u003EVimeo\u003C/a\u003E.\u003C/p\u003E",
    "description": "\u003Cp\u003EIntroducing the S-Series\u003C/p\u003E"}],
 "screenshots":
  [{"available_sizes":
     [[[150,
        142],
       "http://api-images.crunchbase.com/assets/images/resized/0014/2626/142626v2-max-150x150.png"],
      [[250,
        237],
       "http://api-images.crunchbase.com/assets/images/resized/0014/2626/142626v2-max-250x250.png"],
      [[450,
        427],
       "http://api-images.crunchbase.com/assets/images/resized/0014/2626/142626v2-max-450x450.png"]],
    "attribution": null}],
 "external_links":
  [{"external_url": "http://www.crimedex.com",
    "title": "3VR | CrimeDex"},
   {"external_url": "http://www.twitter.com/3VR",
    "title": "@3VR on Twitter"},
   {"external_url": "http://3vrsecurityblog.blogspot.com",
    "title": "3VR Video Intelligence Blog"}],
 "partners":
  []}
