{"name": "3WCloud",
 "permalink": "3wcloud",
 "crunchbase_url": "http://www.crunchbase.com/company/3wcloud",
 "homepage_url": "http://3wcloud.com",
 "blog_url": "",
 "blog_feed_url": "",
 "twitter_username": "3wcloud",
 "category_code": null,
 "number_of_employees": null,
 "founded_year": null,
 "founded_month": null,
 "founded_day": null,
 "deadpooled_year": null,
 "deadpooled_month": null,
 "deadpooled_day": null,
 "deadpooled_url": null,
 "tag_list": "",
 "alias_list": "",
 "email_address": "",
 "phone_number": "",
 "description": "",
 "created_at": "Tue Nov 24 10:37:01 UTC 2009",
 "updated_at": "Tue Nov 24 10:43:57 UTC 2009",
 "overview": "\u003Cp\u003E3WCloud is to enable individuals to establish collaborative working patterns to build learning organizations, and re-invent the way people work, and learn.\u003C/p\u003E",
 "image":
  {"available_sizes":
    [[[109,
       38],
      "http://api-images.crunchbase.com/assets/images/resized/0006/7402/67402v1-max-150x150.jpg"],
     [[109,
       38],
      "http://api-images.crunchbase.com/assets/images/resized/0006/7402/67402v1-max-250x250.jpg"],
     [[109,
       38],
      "http://api-images.crunchbase.com/assets/images/resized/0006/7402/67402v1-max-450x450.jpg"]],
   "attribution": null},
 "products":
  [],
 "relationships":
  [],
 "competitions":
  [],
 "providerships":
  [],
 "total_money_raised": "$0",
 "funding_rounds":
  [],
 "investments":
  [],
 "acquisition": null,
 "acquisitions":
  [],
 "offices":
  [{"description": "",
    "address1": "",
    "address2": "",
    "zip_code": "",
    "city": "Atlanta",
    "state_code": "GA",
    "country_code": "USA",
    "latitude": null,
    "longitude": null}],
 "milestones":
  [],
 "ipo": null,
 "video_embeds":
  [],
 "screenshots":
  [{"available_sizes":
     [[[150,
        85],
       "http://api-images.crunchbase.com/assets/images/resized/0006/7403/67403v1-max-150x150.jpg"],
      [[250,
        143],
       "http://api-images.crunchbase.com/assets/images/resized/0006/7403/67403v1-max-250x250.jpg"],
      [[450,
        257],
       "http://api-images.crunchbase.com/assets/images/resized/0006/7403/67403v1-max-450x450.jpg"]],
    "attribution": null},
   {"available_sizes":
     [[[150,
        85],
       "http://api-images.crunchbase.com/assets/images/resized/0006/7404/67404v1-max-150x150.jpg"],
      [[250,
        143],
       "http://api-images.crunchbase.com/assets/images/resized/0006/7404/67404v1-max-250x250.jpg"],
      [[450,
        257],
       "http://api-images.crunchbase.com/assets/images/resized/0006/7404/67404v1-max-450x450.jpg"]],
    "attribution": null}],
 "external_links":
  [],
 "partners":
  []}
