{"name": "42media group",
 "permalink": "42media-group",
 "crunchbase_url": "http://www.crunchbase.com/company/42media-group",
 "homepage_url": "http://www.42mediagroup.com",
 "blog_url": "http://www.42mediagroup.com/Blog",
 "blog_feed_url": "http://42mediagroup.com/blog/?feed=rss2",
 "twitter_username": "42mediagroup",
 "category_code": "public_relations",
 "number_of_employees": 25,
 "founded_year": 2005,
 "founded_month": 12,
 "founded_day": 1,
 "deadpooled_year": null,
 "deadpooled_month": null,
 "deadpooled_day": null,
 "deadpooled_url": null,
 "tag_list": "digital-signage, advertising, cms, communication",
 "alias_list": null,
 "email_address": "info@42mediagroup.com",
 "phone_number": "+49 5131 9901 0",
 "description": "Handcrafted Digital Signage Software",
 "created_at": "Sun Feb 07 18:54:44 UTC 2010",
 "updated_at": "Tue Oct 12 01:51:54 UTC 2010",
 "overview": "\u003Cp\u003E42media group, founded by Matthias Wagner, Andreas Dohmeyer, Peter Dombrowski and Anto Kordic in December 2005 at the Bower of a friend, is a Digital Signage software and service provider that enables all kind of users from no to low budget up to enterprise level make use of Digital Signage technology. The company has been busy adding features to the product like open API and a application server platform like Facebook has. They recently launched a new site called oxygennext.com which provides a free Digital Signage solution running as a webservice. Oxygen.next also supports Wifi enabled Digital Picture Frames which makes it useful for consumer like customers who just want to start with Digital Signage.\u003C/p\u003E",
 "image":
  {"available_sizes":
    [[[150,
       98],
      "http://api-images.crunchbase.com/assets/images/resized/0007/7625/77625v2-max-150x150.png"],
     [[241,
       158],
      "http://api-images.crunchbase.com/assets/images/resized/0007/7625/77625v2-max-250x250.png"],
     [[241,
       158],
      "http://api-images.crunchbase.com/assets/images/resized/0007/7625/77625v2-max-450x450.png"]],
   "attribution": null},
 "products":
  [],
 "relationships":
  [{"is_past": true,
    "title": "CEO/Co-Founder",
    "person":
     {"first_name": "Matthias",
      "last_name": "Wagner",
      "permalink": "matthias-wagner"}},
   {"is_past": true,
    "title": "ScrumMaster",
    "person":
     {"first_name": "Wolfgang",
      "last_name": "Wiedenroth",
      "permalink": "wolfgang-wiedenroth"}},
   {"is_past": true,
    "title": "Senior Network Operations",
    "person":
     {"first_name": "Wolfgang",
      "last_name": "Wiedenroth",
      "permalink": "wolfgang-wiedenroth"}},
   {"is_past": true,
    "title": "Junior Software Developer",
    "person":
     {"first_name": "Wolfgang",
      "last_name": "Wiedenroth",
      "permalink": "wolfgang-wiedenroth"}}],
 "competitions":
  [],
 "providerships":
  [],
 "total_money_raised": "$0",
 "funding_rounds":
  [],
 "investments":
  [],
 "acquisition": null,
 "acquisitions":
  [],
 "offices":
  [{"description": "World Headquarters",
    "address1": "Dr.-Hermann-Neubauer-Ring 32",
    "address2": "",
    "zip_code": "63500",
    "city": "Seligenstadt",
    "state_code": null,
    "country_code": "DEU",
    "latitude": null,
    "longitude": null},
   {"description": "",
    "address1": "Carl-Zeiss-Str. 25-27",
    "address2": "",
    "zip_code": "30827",
    "city": "Garbsen",
    "state_code": null,
    "country_code": "DEU",
    "latitude": null,
    "longitude": null}],
 "milestones":
  [{"id": 5949,
    "description": "The Oxygen SMIL Player is an open a-smil player implementation based on Silverlight, that is meant to be connected to a digital signage CMS like Oxygen media platform or others supporting a-smil.\r\n\r\nIt is currently in \"alpha\" state, which means that it is",
    "stoned_year": 2010,
    "stoned_month": 6,
    "stoned_day": 1,
    "source_url": "http://42mediagroup.com/blog/?p=481",
    "source_text": null,
    "source_description": "Release of the Oxygen Open SMIL Player",
    "stoneable_type": "Company",
    "stoned_value": null,
    "stoned_value_type": null,
    "stoned_acquirer": null,
    "stoneable":
     {"name": "42media group",
      "permalink": "42media-group"}},
   {"id": 5950,
    "description": "Release of a RESTful API to manage the Oxygen media platoform from 3rd party aps",
    "stoned_year": 2010,
    "stoned_month": 1,
    "stoned_day": 21,
    "source_url": "http://42mediagroup.com/blog/?p=389",
    "source_text": null,
    "source_description": "Release of the Oxygen API",
    "stoneable_type": "Company",
    "stoned_value": null,
    "stoned_value_type": null,
    "stoned_acquirer": null,
    "stoneable":
     {"name": "42media group",
      "permalink": "42media-group"}},
   {"id": 5951,
    "description": "Release of 4medias free Digital Signage webservice",
    "stoned_year": 2009,
    "stoned_month": 8,
    "stoned_day": 14,
    "source_url": "http://42mediagroup.com/blog/?p=384",
    "source_text": null,
    "source_description": "Release of Oxygen.next",
    "stoneable_type": "Company",
    "stoned_value": null,
    "stoned_value_type": null,
    "stoned_acquirer": null,
    "stoneable":
     {"name": "42media group",
      "permalink": "42media-group"}}],
 "ipo": null,
 "video_embeds":
  [],
 "screenshots":
  [{"available_sizes":
     [[[150,
        99],
       "http://api-images.crunchbase.com/assets/images/resized/0009/0359/90359v2-max-150x150.jpg"],
      [[250,
        166],
       "http://api-images.crunchbase.com/assets/images/resized/0009/0359/90359v2-max-250x250.jpg"],
      [[450,
        299],
       "http://api-images.crunchbase.com/assets/images/resized/0009/0359/90359v2-max-450x450.jpg"]],
    "attribution": null},
   {"available_sizes":
     [[[100,
        150],
       "http://api-images.crunchbase.com/assets/images/resized/0009/0360/90360v2-max-150x150.jpg"],
      [[166,
        250],
       "http://api-images.crunchbase.com/assets/images/resized/0009/0360/90360v2-max-250x250.jpg"],
      [[300,
        450],
       "http://api-images.crunchbase.com/assets/images/resized/0009/0360/90360v2-max-450x450.jpg"]],
    "attribution": null}],
 "external_links":
  [{"external_url": "http://www.42mediagroup.com",
    "title": "Company Site"},
   {"external_url": "http://www.oxygennext.com",
    "title": "Free Digital Signage Webservice"}],
 "partners":
  []}
