{"name": "44tips",
 "permalink": "44tips",
 "crunchbase_url": "http://www.crunchbase.com/company/44tips",
 "homepage_url": "http://www.44tips.com",
 "blog_url": "http://44tips.wordpress.com",
 "blog_feed_url": "http://44tips.wordpress.com/feed/",
 "twitter_username": "44tips",
 "category_code": "web",
 "number_of_employees": 4,
 "founded_year": 2009,
 "founded_month": 4,
 "founded_day": 10,
 "deadpooled_year": null,
 "deadpooled_month": null,
 "deadpooled_day": null,
 "deadpooled_url": null,
 "tag_list": "internet, web2-0, startpage, media, entertainment, socialnetworks, socialmedia",
 "alias_list": null,
 "email_address": "eric@44tips.com",
 "phone_number": "+31 655304990",
 "description": "Your Visual Startpage",
 "created_at": "Sat Sep 19 19:34:56 UTC 2009",
 "updated_at": "Mon Sep 21 19:57:47 UTC 2009",
 "overview": "\u003Cp\u003E44tips is an online service that enables people to surf the web more easy and manage their online accounts.\u003C/p\u003E\n\n\u003Cp\u003EWhy 44tips?\nChances are you\u0026#8217;ve got a lot of profiles all over the internet: Facebook, Twitter, LinkedIn, Hyves\u0026#8230;you might share your videos and photos on Youtube and Flickr. And you are visiting the same websites everyday.  \u003C/p\u003E\n\n\u003Cp\u003E44tips helps you create an online start page with everything you love!\u003Cbr/\u003E\n\u00e2\u20ac\u00a2       Your favorite sites organized in one place\n\u00e2\u20ac\u00a2       Listen to music and look at photos and videos\n\u00e2\u20ac\u00a2       Discover new sites, videos and artists\n\u00e2\u20ac\u00a2       News, daily tips, games and movies\n\u00e2\u20ac\u00a2       Profiles and updates from your friends and social network (twitter, facebook, linkedin, \u00e2\u20ac\u00a6)\u003C/p\u003E\n\n\u003Cp\u003E44tips.com is simple, well-structured, surprising, straightforward and fun!  \u003C/p\u003E",
 "image":
  {"available_sizes":
    [[[150,
       45],
      "http://api-images.crunchbase.com/assets/images/resized/0006/0244/60244v2-max-150x150.png"],
     [[151,
       46],
      "http://api-images.crunchbase.com/assets/images/resized/0006/0244/60244v2-max-250x250.png"],
     [[151,
       46],
      "http://api-images.crunchbase.com/assets/images/resized/0006/0244/60244v2-max-450x450.png"]],
   "attribution": null},
 "products":
  [],
 "relationships":
  [{"is_past": false,
    "title": "founder",
    "person":
     {"first_name": "Eric",
      "last_name": "Visser",
      "permalink": "eric-visser"}}],
 "competitions":
  [{"competitor":
     {"name": "Netvibes",
      "permalink": "netvibes"}},
   {"competitor":
     {"name": "iGoogle",
      "permalink": "igoogle"}}],
 "providerships":
  [],
 "total_money_raised": "$0",
 "funding_rounds":
  [],
 "investments":
  [],
 "acquisition": null,
 "acquisitions":
  [],
 "offices":
  [{"description": "Lymic BV",
    "address1": "Tobias Asserlaan 5",
    "address2": "",
    "zip_code": "2517 KC",
    "city": "The Hague",
    "state_code": null,
    "country_code": "NLD",
    "latitude": null,
    "longitude": null}],
 "milestones":
  [],
 "ipo": null,
 "video_embeds":
  [],
 "screenshots":
  [{"available_sizes":
     [[[110,
        67],
       "http://api-images.crunchbase.com/assets/images/resized/0006/0243/60243v2-max-150x150.png"],
      [[110,
        67],
       "http://api-images.crunchbase.com/assets/images/resized/0006/0243/60243v2-max-250x250.png"],
      [[110,
        67],
       "http://api-images.crunchbase.com/assets/images/resized/0006/0243/60243v2-max-450x450.png"]],
    "attribution": null}],
 "external_links":
  [],
 "partners":
  []}
