{"name": "4C Solutions",
 "permalink": "4c-solutions",
 "crunchbase_url": "http://www.crunchbase.com/company/4c-solutions",
 "homepage_url": "http://www.4cs.com",
 "blog_url": "",
 "blog_feed_url": "",
 "twitter_username": null,
 "category_code": "software",
 "number_of_employees": 250,
 "founded_year": 1995,
 "founded_month": null,
 "founded_day": null,
 "deadpooled_year": null,
 "deadpooled_month": null,
 "deadpooled_day": null,
 "deadpooled_url": null,
 "tag_list": "4cs, warranty-software, warranty-management, service-life-cycle-management, customer-relationship-management, business-process-automation, business-to-business-and-business-to-consumer-e-commerce-solutions",
 "alias_list": null,
 "email_address": "sales@4cs.com",
 "phone_number": "800-709-8773",
 "description": "Service Management Software",
 "created_at": "Mon Aug 31 12:16:32 UTC 2009",
 "updated_at": "Mon Aug 31 20:44:05 UTC 2009",
 "overview": "\u003Cp\u003E4CS provides warranty software solutions. 4CS iWarranty software helps reduce the warranty cost of the products significantly by improving the quality and reliability of the products, sharing the cost and information with suppliers and business partners along with automating the warranty management processes. \u003C/p\u003E\n\n\u003Cp\u003EThe iWarranty product directly connects manufacturers, suppliers, dealers, partners and customers in a service network. It optimizes the entire warranty cycle through the integration of the following applications: Claim Submittal, Claim Processing, Claim Review \u0026amp; Payment, Parts Return, Supplier Warranty, Purchased Warranty, Warranty Analytics, and Warranty Center\u003C/p\u003E\n\n\u003Cp\u003EFounded in 1995 by Ashok Kartham, 4CS is built upon a foundation of four key values: Commitment, Collaboration, Creativity, and Computing Excellence. These are the values that the 4CS team internalizes to provide reliable and creative business computing solutions while building long lasting partnerships with our customers. 4CS provides integrated e-business solutions to many Global 1000 companies with a national and global presence.\u003C/p\u003E",
 "image": null,
 "products":
  [],
 "relationships":
  [],
 "competitions":
  [],
 "providerships":
  [],
 "total_money_raised": "$0",
 "funding_rounds":
  [],
 "investments":
  [],
 "acquisition": null,
 "acquisitions":
  [],
 "offices":
  [{"description": "Corporate Office 4CS",
    "address1": "7th Street",
    "address2": "",
    "zip_code": "1201",
    "city": "East Moline",
    "state_code": "IL",
    "country_code": "USA",
    "latitude": 41.5189722,
    "longitude": -90.4454406},
   {"description": "4CS India",
    "address1": "6/B, Teja Paradise, Vengalrao Nagar,",
    "address2": "",
    "zip_code": "",
    "city": "Hyderbad, AP",
    "state_code": null,
    "country_code": "IND",
    "latitude": null,
    "longitude": null}],
 "milestones":
  [],
 "ipo": null,
 "video_embeds":
  [],
 "screenshots":
  [],
 "external_links":
  [],
 "partners":
  []}
