{"name": "5 Minutes",
 "permalink": "5-minutes",
 "crunchbase_url": "http://www.crunchbase.com/company/5-minutes",
 "homepage_url": null,
 "blog_url": "",
 "blog_feed_url": "",
 "twitter_username": null,
 "category_code": "games_video",
 "number_of_employees": null,
 "founded_year": null,
 "founded_month": null,
 "founded_day": null,
 "deadpooled_year": null,
 "deadpooled_month": null,
 "deadpooled_day": null,
 "deadpooled_url": null,
 "tag_list": "",
 "alias_list": "",
 "email_address": "",
 "phone_number": "",
 "description": "",
 "created_at": "Tue Dec 22 10:01:12 UTC 2009",
 "updated_at": "Tue Dec 22 10:01:12 UTC 2009",
 "overview": "\u003Cp\u003E5 Minutes, is a Shanghai, China-based social network game developer and operator.\u003C/p\u003E",
 "image": null,
 "products":
  [],
 "relationships":
  [],
 "competitions":
  [],
 "providerships":
  [],
 "total_money_raised": "$3.5M",
 "funding_rounds":
  [{"id": 10530,
    "round_code": "a",
    "source_url": "http://www.finsmes.com/2009/12/chinese-social-game-developer-5-minutes.html",
    "source_description": "Chinese Social Game Developer 5 Minutes Raises $3.5M in Series A Financing, Reports Say",
    "raised_amount": 3500000.0,
    "raised_currency_code": "USD",
    "funded_year": 2009,
    "funded_month": 12,
    "funded_day": 21,
    "investments":
     [{"company": null,
       "financial_org":
        {"name": "Draper Fisher Jurvetson (DFJ)",
         "permalink": "draper-fisher-jurvetson"},
       "person": null}]}],
 "investments":
  [],
 "acquisition": null,
 "acquisitions":
  [],
 "offices":
  [{"description": "",
    "address1": "",
    "address2": "",
    "zip_code": "",
    "city": "Shanghai",
    "state_code": null,
    "country_code": "CHN",
    "latitude": null,
    "longitude": null}],
 "milestones":
  [],
 "ipo": null,
 "video_embeds":
  [],
 "screenshots":
  [],
 "external_links":
  [],
 "partners":
  []}
