{"name": "51hejia.com",
 "permalink": "51hejia-com",
 "crunchbase_url": "http://www.crunchbase.com/company/51hejia-com",
 "homepage_url": "http://51hejia.com",
 "blog_url": "",
 "blog_feed_url": "",
 "twitter_username": null,
 "category_code": "web",
 "number_of_employees": null,
 "founded_year": null,
 "founded_month": null,
 "founded_day": null,
 "deadpooled_year": null,
 "deadpooled_month": null,
 "deadpooled_day": null,
 "deadpooled_url": null,
 "tag_list": "",
 "alias_list": "",
 "email_address": "sales@51hejia.com",
 "phone_number": "86-21-6267-6666",
 "description": "",
 "created_at": "Sat Feb 20 12:20:31 UTC 2010",
 "updated_at": "Sun Mar 28 02:12:46 UTC 2010",
 "overview": "\u003Cp\u003E51hejia.com Inc. operates a multi-media shopping, information, and interactive Web platform. It focuses on China\u0026#8217;s home furniture, building materials, and ornament markets. It offers an interactive portal for consumers, designers, and suppliers in the furniture industry. It also engages in home furnishings publishing and offers direct mail magazines. 51hejia.com Inc. was founded in 2006 and is based in Shanghai, China.\u003C/p\u003E",
 "image":
  {"available_sizes":
    [[[104,
       49],
      "http://api-images.crunchbase.com/assets/images/resized/0007/7692/77692v1-max-150x150.jpg"],
     [[104,
       49],
      "http://api-images.crunchbase.com/assets/images/resized/0007/7692/77692v1-max-250x250.jpg"],
     [[104,
       49],
      "http://api-images.crunchbase.com/assets/images/resized/0007/7692/77692v1-max-450x450.jpg"]],
   "attribution": null},
 "products":
  [],
 "relationships":
  [],
 "competitions":
  [],
 "providerships":
  [],
 "total_money_raised": "$10M",
 "funding_rounds":
  [{"id": 12179,
    "round_code": "b",
    "source_url": "http://www.zero2ipo.com.cn/en/n/2007-7-26/2007726211125.shtml",
    "source_description": "51hejia.com Received about US$10M Funding from JAFCO Asia and Morningside Ventures in the Second Round",
    "raised_amount": 10000000.0,
    "raised_currency_code": "USD",
    "funded_year": 2007,
    "funded_month": 7,
    "funded_day": 26,
    "investments":
     [{"company": null,
       "financial_org":
        {"name": "Morningside Group",
         "permalink": "morningside-group"},
       "person": null},
      {"company": null,
       "financial_org":
        {"name": "JAFCO Asia",
         "permalink": "jafco-asia"},
       "person": null}]}],
 "investments":
  [],
 "acquisition": null,
 "acquisitions":
  [],
 "offices":
  [{"description": "",
    "address1": "121 Yanping Road, Jing'an District,",
    "address2": "No. 3 and the building 8C D Block",
    "zip_code": "",
    "city": "Shanghai",
    "state_code": null,
    "country_code": "CHN",
    "latitude": null,
    "longitude": null}],
 "milestones":
  [],
 "ipo": null,
 "video_embeds":
  [],
 "screenshots":
  [{"available_sizes":
     [[[150,
        100],
       "http://api-images.crunchbase.com/assets/images/resized/0007/7693/77693v1-max-150x150.jpg"],
      [[250,
        166],
       "http://api-images.crunchbase.com/assets/images/resized/0007/7693/77693v1-max-250x250.jpg"],
      [[450,
        300],
       "http://api-images.crunchbase.com/assets/images/resized/0007/7693/77693v1-max-450x450.jpg"]],
    "attribution": null}],
 "external_links":
  [],
 "partners":
  []}
