{"name": "6N Silicon",
 "permalink": "6n-silicon",
 "crunchbase_url": "http://www.crunchbase.com/company/6n-silicon",
 "homepage_url": "http://www.6nsilicon.com",
 "blog_url": "",
 "blog_feed_url": "",
 "twitter_username": null,
 "category_code": "other",
 "number_of_employees": null,
 "founded_year": 2006,
 "founded_month": null,
 "founded_day": null,
 "deadpooled_year": null,
 "deadpooled_month": null,
 "deadpooled_day": null,
 "deadpooled_url": null,
 "tag_list": "",
 "alias_list": "",
 "email_address": "",
 "phone_number": "905-856-0367",
 "description": "",
 "created_at": "Sat Feb 13 10:46:38 UTC 2010",
 "updated_at": "Mon Mar 31 09:24:59 UTC 2014",
 "overview": "\u003Cp\u003E6N Silicon, Inc. manufactures solar grade silicon and polysilicon for the use in the production of solar cells in North America, Europe, and Asia. It develops a process for purifying metallurgical grade silicon into solar grade silicon using metallurgical processing. Its silicon purification process provides an approach to the production of solar grade silicon for the photovoltaic industry. 6N Silicon, Inc. was founded in 2006 and is based in Vaughan, Canada. As of February 11, 2010, 6N Silicon Inc. operates as a wholly owned subsidiary of CaliSolar, Inc.\u003C/p\u003E",
 "image":
  {"available_sizes":
    [[[150,
       100],
      "http://api-images.crunchbase.com/assets/images/resized/0007/6969/76969v1-max-150x150.png"],
     [[239,
       160],
      "http://api-images.crunchbase.com/assets/images/resized/0007/6969/76969v1-max-250x250.png"],
     [[239,
       160],
      "http://api-images.crunchbase.com/assets/images/resized/0007/6969/76969v1-max-450x450.png"]],
   "attribution": null},
 "products":
  [],
 "relationships":
  [{"is_past": false,
    "title": "CEO",
    "person":
     {"first_name": "Paolo",
      "last_name": "Maccario",
      "permalink": "paolo-maccario"}},
   {"is_past": false,
    "title": "Founder, President and CTO",
    "person":
     {"first_name": "Scott",
      "last_name": "Nichol",
      "permalink": "scott-nichol"}}],
 "competitions":
  [],
 "providerships":
  [],
 "total_money_raised": "$0",
 "funding_rounds":
  [],
 "investments":
  [],
 "acquisition":
  {"price_amount": null,
   "price_currency_code": "USD",
   "term_code": null,
   "source_url": "http://www.greentechmedia.com/articles/read/sunpowers-277m-acquisition/",
   "source_description": "SunPower\u00e2\u20ac\u2122s $277M Acquisition, CaliSolar Buys 6N",
   "acquired_year": 2010,
   "acquired_month": 2,
   "acquired_day": 11,
   "acquiring_company":
    {"name": "Silicor Materials",
     "permalink": "silicor-materials"}},
 "acquisitions":
  [],
 "offices":
  [{"description": "",
    "address1": "Royal Gate Blvd",
    "address2": "Unit B,ON",
    "zip_code": "L4L 8Z7",
    "city": "Vaughan",
    "state_code": null,
    "country_code": "CAN",
    "latitude": null,
    "longitude": null}],
 "milestones":
  [],
 "ipo": null,
 "video_embeds":
  [],
 "screenshots":
  [],
 "external_links":
  [],
 "partners":
  []}
