{"name": "724 Solutions",
 "permalink": "724-solutions",
 "crunchbase_url": "http://www.crunchbase.com/company/724-solutions",
 "homepage_url": null,
 "blog_url": null,
 "blog_feed_url": null,
 "twitter_username": null,
 "category_code": null,
 "number_of_employees": null,
 "founded_year": null,
 "founded_month": null,
 "founded_day": null,
 "deadpooled_year": null,
 "deadpooled_month": null,
 "deadpooled_day": null,
 "deadpooled_url": null,
 "tag_list": null,
 "alias_list": null,
 "email_address": null,
 "phone_number": null,
 "description": null,
 "created_at": "Mon Mar 01 22:30:10 UTC 2010",
 "updated_at": "Mon Mar 01 22:31:35 UTC 2010",
 "overview": null,
 "image":
  {"available_sizes":
    [[[150,
       85],
      "http://api-images.crunchbase.com/assets/images/resized/0007/8711/78711v1-max-150x150.png"],
     [[150,
       85],
      "http://api-images.crunchbase.com/assets/images/resized/0007/8711/78711v1-max-250x250.png"],
     [[150,
       85],
      "http://api-images.crunchbase.com/assets/images/resized/0007/8711/78711v1-max-450x450.png"]],
   "attribution": null},
 "products":
  [],
 "relationships":
  [{"is_past": false,
    "title": "Chief Architect",
    "person":
     {"first_name": "Mike",
      "last_name": "Gurevich",
      "permalink": "mike-gurevich"}},
   {"is_past": true,
    "title": "CTO and Cofounder",
    "person":
     {"first_name": "Andre",
      "last_name": "Boysen",
      "permalink": "andre-boysen"}},
   {"is_past": true,
    "title": "Founder / CEO",
    "person":
     {"first_name": "Greg",
      "last_name": "Wolfond",
      "permalink": "greg-wolfond"}},
   {"is_past": true,
    "title": "SVP, Product Development, co-CTO",
    "person":
     {"first_name": "Hugh",
      "last_name": "Cumming",
      "permalink": "hugh-cumming"}},
   {"is_past": true,
    "title": "VP Corporate Development",
    "person":
     {"first_name": "Jaime",
      "last_name": "Shapiro",
      "permalink": "jaime-shapiro"}},
   {"is_past": true,
    "title": "Application Architect",
    "person":
     {"first_name": "Andrew",
      "last_name": "Schwartz",
      "permalink": "andrew-schwartz"}}],
 "competitions":
  [],
 "providerships":
  [],
 "total_money_raised": "$0",
 "funding_rounds":
  [],
 "investments":
  [],
 "acquisition":
  {"price_amount": null,
   "price_currency_code": "USD",
   "term_code": null,
   "source_url": "http://www.mobixell.com/news/131/",
   "source_description": "MOBIXELL NETWORKS WAS ACQUIRED BY 724 SOLUTIONS TO CREATE LEADING COMPANY IN THE MOBILE INTERNET AND MOBILE BROADBAND MARKETS",
   "acquired_year": 2010,
   "acquired_month": 1,
   "acquired_day": 22,
   "acquiring_company":
    {"name": "Mobixell Networks",
     "permalink": "mobixell"}},
 "acquisitions":
  [],
 "offices":
  [],
 "milestones":
  [],
 "ipo": null,
 "video_embeds":
  [],
 "screenshots":
  [],
 "external_links":
  [],
 "partners":
  []}
