{"name": "7Billion",
 "permalink": "7billion",
 "crunchbase_url": "http://www.crunchbase.com/company/7billion",
 "homepage_url": "http://www.7billion.se",
 "blog_url": "",
 "blog_feed_url": "",
 "twitter_username": "7billiondigital",
 "category_code": "consulting",
 "number_of_employees": null,
 "founded_year": 2006,
 "founded_month": 7,
 "founded_day": null,
 "deadpooled_year": null,
 "deadpooled_month": null,
 "deadpooled_day": null,
 "deadpooled_url": null,
 "tag_list": "social-media, education, consultancy, digital, communication",
 "alias_list": "",
 "email_address": "info@7billion.se",
 "phone_number": "08-641-86-45",
 "description": "",
 "created_at": "Sat Nov 07 06:13:36 UTC 2009",
 "updated_at": "Tue May 28 14:41:40 UTC 2013",
 "overview": "\u003Cp\u003E7billion is a consulting and a product firm. The company builds websites and applications that build loyalty and create awareness.\u003C/p\u003E",
 "image":
  {"available_sizes":
    [[[150,
       55],
      "http://api-images.crunchbase.com/assets/images/resized/0006/5343/65343v1-max-150x150.jpg"],
     [[168,
       62],
      "http://api-images.crunchbase.com/assets/images/resized/0006/5343/65343v1-max-250x250.jpg"],
     [[168,
       62],
      "http://api-images.crunchbase.com/assets/images/resized/0006/5343/65343v1-max-450x450.jpg"]],
   "attribution": null},
 "products":
  [],
 "relationships":
  [{"is_past": false,
    "title": "Founder and CEO",
    "person":
     {"first_name": "Ola",
      "last_name": "Mattisson",
      "permalink": "ola-mattisson"}}],
 "competitions":
  [],
 "providerships":
  [],
 "total_money_raised": "$0",
 "funding_rounds":
  [],
 "investments":
  [],
 "acquisition": null,
 "acquisitions":
  [],
 "offices":
  [{"description": "",
    "address1": "Artillerigatan 6",
    "address2": "",
    "zip_code": "114 51",
    "city": "Stockholm",
    "state_code": null,
    "country_code": "SWE",
    "latitude": null,
    "longitude": null}],
 "milestones":
  [],
 "ipo": null,
 "video_embeds":
  [],
 "screenshots":
  [{"available_sizes":
     [[[150,
        80],
       "http://api-images.crunchbase.com/assets/images/resized/0006/5344/65344v1-max-150x150.jpg"],
      [[250,
        134],
       "http://api-images.crunchbase.com/assets/images/resized/0006/5344/65344v1-max-250x250.jpg"],
      [[450,
        242],
       "http://api-images.crunchbase.com/assets/images/resized/0006/5344/65344v1-max-450x450.jpg"]],
    "attribution": null}],
 "external_links":
  [],
 "partners":
  []}
