{"name": "7ticks",
 "permalink": "7ticks",
 "crunchbase_url": "http://www.crunchbase.com/company/7ticks",
 "homepage_url": null,
 "blog_url": "",
 "blog_feed_url": "",
 "twitter_username": null,
 "category_code": "hardware",
 "number_of_employees": null,
 "founded_year": 2002,
 "founded_month": null,
 "founded_day": null,
 "deadpooled_year": null,
 "deadpooled_month": null,
 "deadpooled_day": null,
 "deadpooled_url": null,
 "tag_list": "",
 "alias_list": "",
 "email_address": "sales@7ticks.com",
 "phone_number": "312.896.0300",
 "description": "",
 "created_at": "Tue Dec 15 10:33:23 UTC 2009",
 "updated_at": "Tue Dec 15 10:33:22 UTC 2009",
 "overview": "\u003Cp\u003E7ticks is the driving force in high performance trading networks and managed services for direct access to the financial markets. The 7ticks team provides electronic trading infrastructure design, procurement, installation, and hosting services that are enhanced by ongoing management, support, and monitoring solutions. Proprietary trading groups, clearing firms, global investment banks, brokers, market makers, hedge funds, and independent software vendors (ISVs) choose 7ticks for industry leading network performance, reliability, monitoring insight, and cost savings. 7ticks is headquartered in Chicago, IL and has an active worldwide presence, providing direct market access to leading exchanges and proximity/support services in Chicago, New York, New Jersey, Frankfurt and London. \u003C/p\u003E",
 "image":
  {"available_sizes":
    [[[150,
       38],
      "http://api-images.crunchbase.com/assets/images/resized/0006/9732/69732v1-max-150x150.png"],
     [[190,
       49],
      "http://api-images.crunchbase.com/assets/images/resized/0006/9732/69732v1-max-250x250.png"],
     [[190,
       49],
      "http://api-images.crunchbase.com/assets/images/resized/0006/9732/69732v1-max-450x450.png"]],
   "attribution": null},
 "products":
  [],
 "relationships":
  [{"is_past": false,
    "title": "Founder",
    "person":
     {"first_name": "Kevin",
      "last_name": "Bohren",
      "permalink": "kevin-bohren"}},
   {"is_past": false,
    "title": "CTO",
    "person":
     {"first_name": "Scott",
      "last_name": "Caudell",
      "permalink": "scott-caudell"}}],
 "competitions":
  [],
 "providerships":
  [],
 "total_money_raised": "$0",
 "funding_rounds":
  [],
 "investments":
  [],
 "acquisition":
  {"price_amount": null,
   "price_currency_code": "USD",
   "term_code": null,
   "source_url": "http://www.freshnews.com/news/255895/interactive-data-acquire-7ticks",
   "source_description": "Interactive Data to Acquire 7ticks",
   "acquired_year": 2009,
   "acquired_month": 12,
   "acquired_day": 14,
   "acquiring_company":
    {"name": "Interactive Data",
     "permalink": "interactive-data"}},
 "acquisitions":
  [],
 "offices":
  [{"description": "",
    "address1": "440 North Wells Street",
    "address2": "Suite 630",
    "zip_code": "60654",
    "city": "Chicago",
    "state_code": "IL",
    "country_code": "USA",
    "latitude": null,
    "longitude": null}],
 "milestones":
  [],
 "ipo": null,
 "video_embeds":
  [],
 "screenshots":
  [{"available_sizes":
     [[[150,
        82],
       "http://api-images.crunchbase.com/assets/images/resized/0006/9731/69731v1-max-150x150.jpg"],
      [[250,
        137],
       "http://api-images.crunchbase.com/assets/images/resized/0006/9731/69731v1-max-250x250.jpg"],
      [[450,
        246],
       "http://api-images.crunchbase.com/assets/images/resized/0006/9731/69731v1-max-450x450.jpg"]],
    "attribution": null}],
 "external_links":
  [],
 "partners":
  []}
