{"name": "8 Billion Lives",
 "permalink": "8-billion-lives",
 "crunchbase_url": "http://www.crunchbase.com/company/8-billion-lives",
 "homepage_url": null,
 "blog_url": "",
 "blog_feed_url": "",
 "twitter_username": "8BLives",
 "category_code": "games_video",
 "number_of_employees": null,
 "founded_year": 2009,
 "founded_month": null,
 "founded_day": null,
 "deadpooled_year": null,
 "deadpooled_month": null,
 "deadpooled_day": null,
 "deadpooled_url": null,
 "tag_list": "online-video, storytelling, film, media, cultural-exploration, amateur-filmmaking",
 "alias_list": null,
 "email_address": "info@8billionlives.com",
 "phone_number": "",
 "description": "\"Day in the Life\" films",
 "created_at": "Wed Sep 02 22:15:39 UTC 2009",
 "updated_at": "Wed Sep 02 23:18:37 UTC 2009",
 "overview": "\u003Cp\u003E8 Billion Lives shares the stories of individuals from all walks of life. The site will feature five-minute documentary films, each presenting a \u0026#8220;day in the life\u0026#8221; of a real person.  \u003C/p\u003E\n\n\u003Cp\u003E8 Billion Lives has a dual mission: in addition to exploring the lives of others, we also will empower filmmakers around the world to be our storytellers.\u003C/p\u003E",
 "image":
  {"available_sizes":
    [[[150,
       90],
      "http://api-images.crunchbase.com/assets/images/resized/0005/8614/58614v2-max-150x150.jpg"],
     [[200,
       120],
      "http://api-images.crunchbase.com/assets/images/resized/0005/8614/58614v2-max-250x250.jpg"],
     [[200,
       120],
      "http://api-images.crunchbase.com/assets/images/resized/0005/8614/58614v2-max-450x450.jpg"]],
   "attribution": null},
 "products":
  [],
 "relationships":
  [],
 "competitions":
  [],
 "providerships":
  [],
 "total_money_raised": "$0",
 "funding_rounds":
  [],
 "investments":
  [],
 "acquisition": null,
 "acquisitions":
  [],
 "offices":
  [{"description": "",
    "address1": "",
    "address2": "",
    "zip_code": "",
    "city": "New York",
    "state_code": "NY",
    "country_code": "USA",
    "latitude": 40.756054,
    "longitude": -73.986951}],
 "milestones":
  [],
 "ipo": null,
 "video_embeds":
  [],
 "screenshots":
  [],
 "external_links":
  [],
 "partners":
  []}
