{"name": "8th \u0026 Walton",
 "permalink": "8th-walton",
 "crunchbase_url": "http://www.crunchbase.com/company/8th-walton",
 "homepage_url": "http://www.8thandWalton.com",
 "blog_url": "",
 "blog_feed_url": "",
 "twitter_username": "8thandWalton",
 "category_code": "consulting",
 "number_of_employees": 30,
 "founded_year": 2006,
 "founded_month": 6,
 "founded_day": 1,
 "deadpooled_year": null,
 "deadpooled_month": null,
 "deadpooled_day": null,
 "deadpooled_url": null,
 "tag_list": "",
 "alias_list": null,
 "email_address": "info@8thandWalton.com",
 "phone_number": "479-715-6700",
 "description": "Walmart Supplier Development",
 "created_at": "Sun Feb 07 00:22:59 UTC 2010",
 "updated_at": "Mon Feb 08 02:45:43 UTC 2010",
 "overview": "\u003Cp\u003E8th \u0026amp; Walton is a Bentonville, Arkansas based supplier development company offering educational and consultative services that support organizations in their efforts to do business more efficiently and effectively with Walmart \u0026#8230; the world\u0026#8217;s largest and most important retailer.\u003C/p\u003E",
 "image":
  {"available_sizes":
    [[[98,
       110],
      "http://api-images.crunchbase.com/assets/images/resized/0007/6245/76245v2-max-150x150.jpg"],
     [[98,
       110],
      "http://api-images.crunchbase.com/assets/images/resized/0007/6245/76245v2-max-250x250.jpg"],
     [[98,
       110],
      "http://api-images.crunchbase.com/assets/images/resized/0007/6245/76245v2-max-450x450.jpg"]],
   "attribution": null},
 "products":
  [],
 "relationships":
  [{"is_past": false,
    "title": "Founder",
    "person":
     {"first_name": "Matt",
      "last_name": "Fifer",
      "permalink": "matt-fifer"}},
   {"is_past": false,
    "title": "Founder",
    "person":
     {"first_name": "Nancy",
      "last_name": "Woods",
      "permalink": "nancy-woods"}}],
 "competitions":
  [],
 "providerships":
  [],
 "total_money_raised": "$0",
 "funding_rounds":
  [],
 "investments":
  [],
 "acquisition": null,
 "acquisitions":
  [],
 "offices":
  [{"description": "World Headquarters",
    "address1": "902B South Walton Blvd.",
    "address2": "Suite 18",
    "zip_code": "72712",
    "city": "Bentonville",
    "state_code": "AR",
    "country_code": "USA",
    "latitude": null,
    "longitude": null},
   {"description": "Latin American Office",
    "address1": "Presidente Mazarik 111 - 1st Floor",
    "address2": "Col. Polanco",
    "zip_code": "11560",
    "city": "M\u00c3\u00a9xico City",
    "state_code": null,
    "country_code": "MEX",
    "latitude": null,
    "longitude": null}],
 "milestones":
  [],
 "ipo": null,
 "video_embeds":
  [{"embed_code": "\u003Cobject width=\"384\" height=\"313\"\u003E\u003Cparam name=\"movie\" value=\"http://www.youtube.com/v/ELDR__ilsqk\u0026hl=en_US\u0026fs=1\"\u003E\u003C/param\u003E\u003Cparam name=\"allowFullScreen\" value=\"true\"\u003E\u003C/param\u003E\u003Cparam name=\"allowscriptaccess\" value=\"always\"\u003E\u003C/param\u003E\u003Cembed src=\"http://www.youtube.com/v/ELDR__ilsqk\u0026hl=en_US\u0026fs=1\" type=\"application/x-shockwave-flash\" width=\"384\" height=\"313\" allowscriptaccess=\"always\" allowfullscreen=\"true\"\u003E\u003C/embed\u003E\u003C/object\u003E",
    "description": "\u003Cp\u003ECameron Smith For 8th \u0026amp; Walton\u003C/p\u003E"}],
 "screenshots":
  [{"available_sizes":
     [[[150,
        114],
       "http://api-images.crunchbase.com/assets/images/resized/0007/6250/76250v2-max-150x150.jpg"],
      [[250,
        190],
       "http://api-images.crunchbase.com/assets/images/resized/0007/6250/76250v2-max-250x250.jpg"],
      [[450,
        342],
       "http://api-images.crunchbase.com/assets/images/resized/0007/6250/76250v2-max-450x450.jpg"]],
    "attribution": null}],
 "external_links":
  [],
 "partners":
  []}
