{"name": "96Robots - SEO \u0026 Online Marketing",
 "permalink": "96robots",
 "crunchbase_url": "http://www.crunchbase.com/company/96robots",
 "homepage_url": "http://96robots.com",
 "blog_url": "http://96robots.com/blog",
 "blog_feed_url": "http://96robots.com/rss.xml",
 "twitter_username": "96robots",
 "category_code": "consulting",
 "number_of_employees": 5,
 "founded_year": 2008,
 "founded_month": 4,
 "founded_day": 1,
 "deadpooled_year": null,
 "deadpooled_month": null,
 "deadpooled_day": null,
 "deadpooled_url": null,
 "tag_list": "rethink, seo, consulting, marketing, online, search, engine, optimization, canada, organic, 96robots",
 "alias_list": null,
 "email_address": "",
 "phone_number": "18667453261",
 "description": "SEO and Online Marketing",
 "created_at": "Mon Aug 17 12:24:49 UTC 2009",
 "updated_at": "Mon Jan 31 21:07:38 UTC 2011",
 "overview": "\u003Cp\u003E96Robots is a Toronto, Ontario based Online Marketing and SEO (Search Engine Optimization) company. The company works with companies of all sizes to develop online strategy that will keep them in touch with your customers.\u003C/p\u003E\n\n\u003Cp\u003E96Robots offers a variety of services which includes: SEO Strategies, Developing an Online Marketing Presence, CMS website design, Graphic Design, and One-on-one cutomized training of all website tools to better understand your website.\u003C/p\u003E\n\n\u003Cp\u003EServices Include but not are not limited to:\u003C/p\u003E\n\n\u003Cpre\u003E\u003Ccode\u003E* Organic SEO\n* Site Conversion Optimization\n* Graphic Design/ Branding\n* Marketing Research\n* Website Design (CMS)\n* Blog management/Training\n\u003C/code\u003E\u003C/pre\u003E\n\n\u003Cp\u003EThese are just a few of the services we offer our customers. To view the rest please feel free to visit us at http://www.96robots.com \u003C/p\u003E",
 "image":
  {"available_sizes":
    [[[100,
       139],
      "http://api-images.crunchbase.com/assets/images/resized/0005/6699/56699v2-max-150x150.png"],
     [[100,
       139],
      "http://api-images.crunchbase.com/assets/images/resized/0005/6699/56699v2-max-250x250.png"],
     [[100,
       139],
      "http://api-images.crunchbase.com/assets/images/resized/0005/6699/56699v2-max-450x450.png"]],
   "attribution": null},
 "products":
  [],
 "relationships":
  [{"is_past": false,
    "title": "President",
    "person":
     {"first_name": "Sean",
      "last_name": "Hurley",
      "permalink": "sean-hurley"}}],
 "competitions":
  [],
 "providerships":
  [],
 "total_money_raised": "$0",
 "funding_rounds":
  [],
 "investments":
  [],
 "acquisition": null,
 "acquisitions":
  [],
 "offices":
  [{"description": "Head Satelite Office",
    "address1": "Yonge and Eglinton",
    "address2": "",
    "zip_code": "M4P1L5",
    "city": "Toronto",
    "state_code": null,
    "country_code": "CAN",
    "latitude": 43.708686,
    "longitude": -79.389265}],
 "milestones":
  [],
 "ipo": null,
 "video_embeds":
  [],
 "screenshots":
  [],
 "external_links":
  [],
 "partners":
  []}
