{"name": "99labels",
 "permalink": "99labels",
 "crunchbase_url": "http://www.crunchbase.com/company/99labels",
 "homepage_url": "http://99labels.com",
 "blog_url": "http://99labels.wordpress.com/",
 "blog_feed_url": "http://99labels.wordpress.com/feed/",
 "twitter_username": "99labels",
 "category_code": "ecommerce",
 "number_of_employees": 15,
 "founded_year": 2009,
 "founded_month": 5,
 "founded_day": null,
 "deadpooled_year": null,
 "deadpooled_month": null,
 "deadpooled_day": null,
 "deadpooled_url": null,
 "tag_list": "fashion, deals, ecommerce, events, sale, apparel, store, shop, mumbai, india, discount",
 "alias_list": null,
 "email_address": "support@99labels.com",
 "phone_number": "1800 103 1199",
 "description": "Deals / Events based Sales",
 "created_at": "Thu Dec 24 12:38:19 UTC 2009",
 "updated_at": "Fri Dec 25 07:40:32 UTC 2009",
 "overview": "\u003Cp\u003E99labels is a discount and event sale based shopping site where customers can shop for items from various suppliers whenever there is a sale or an event.\u003C/p\u003E",
 "image":
  {"available_sizes":
    [[[150,
       65],
      "http://api-images.crunchbase.com/assets/images/resized/0007/1102/71102v2-max-150x150.jpg"],
     [[235,
       103],
      "http://api-images.crunchbase.com/assets/images/resized/0007/1102/71102v2-max-250x250.jpg"],
     [[235,
       103],
      "http://api-images.crunchbase.com/assets/images/resized/0007/1102/71102v2-max-450x450.jpg"]],
   "attribution": null},
 "products":
  [],
 "relationships":
  [{"is_past": false,
    "title": "Co-Founder",
    "person":
     {"first_name": "Ishita",
      "last_name": "Swarup",
      "permalink": "ishita-swarup"}},
   {"is_past": false,
    "title": "Co-Founder",
    "person":
     {"first_name": "Anchal",
      "last_name": "Jain",
      "permalink": "anchal-jain"}},
   {"is_past": false,
    "title": "Co-Founder",
    "person":
     {"first_name": "Ankur",
      "last_name": "Prakash",
      "permalink": "ankur-prakash"}}],
 "competitions":
  [{"competitor":
     {"name": "Fashion \u0026 You",
      "permalink": "fashion-you"}}],
 "providerships":
  [],
 "total_money_raised": "$0",
 "funding_rounds":
  [],
 "investments":
  [],
 "acquisition": null,
 "acquisitions":
  [],
 "offices":
  [{"description": "",
    "address1": "",
    "address2": "",
    "zip_code": "",
    "city": "Delhi",
    "state_code": null,
    "country_code": "IND",
    "latitude": null,
    "longitude": null}],
 "milestones":
  [],
 "ipo": null,
 "video_embeds":
  [],
 "screenshots":
  [],
 "external_links":
  [],
 "partners":
  []}
