{"name": "9jacorp",
 "permalink": "9jacorp",
 "crunchbase_url": "http://www.crunchbase.com/company/9jacorp",
 "homepage_url": "http://www.9jacorp.com",
 "blog_url": "http://www.9jacorp.com/blog",
 "blog_feed_url": "http://www.9jacorp.com/blog/feed",
 "twitter_username": "9jacorp",
 "category_code": "consulting",
 "number_of_employees": null,
 "founded_year": 2009,
 "founded_month": 6,
 "founded_day": 25,
 "deadpooled_year": null,
 "deadpooled_month": null,
 "deadpooled_day": null,
 "deadpooled_url": null,
 "tag_list": "web-development, social-media, internet-business, mobile-technology",
 "alias_list": null,
 "email_address": "info@9jacorp.com",
 "phone_number": "+2348059605025",
 "description": "An army of Nigerian Web Entrepreneurs",
 "created_at": "Sat Oct 10 13:07:40 UTC 2009",
 "updated_at": "Sat Mar 13 23:12:38 UTC 2010",
 "overview": "\u003Cp\u003E9jacorp is a Nigerian project focused on first, Nigerian and second, Africa and then the rest of the world. The aim of this project is to build African Internet Entrepreneurs in the area of Web Development, Social Media, Internet Business and Mobile Technology that will be a major player in the future of the web. \u003C/p\u003E\n\n\u003Cp\u003E9jacorp\u0026#8217;s aim is to make others succeed by giving the right values and excellent information/development services built on Web 2.0 and the future of web.\u003C/p\u003E",
 "image": null,
 "products":
  [],
 "relationships":
  [],
 "competitions":
  [],
 "providerships":
  [],
 "total_money_raised": "$0",
 "funding_rounds":
  [],
 "investments":
  [],
 "acquisition": null,
 "acquisitions":
  [],
 "offices":
  [],
 "milestones":
  [],
 "ipo": null,
 "video_embeds":
  [],
 "screenshots":
  [],
 "external_links":
  [],
 "partners":
  []}
