{"name": "9Rules",
 "permalink": "9rules",
 "crunchbase_url": "http://www.crunchbase.com/company/9rules",
 "homepage_url": "http://www.9rules.com",
 "blog_url": "http://blog.9rules.com",
 "blog_feed_url": "",
 "twitter_username": null,
 "category_code": "public_relations",
 "number_of_employees": null,
 "founded_year": 2003,
 "founded_month": null,
 "founded_day": null,
 "deadpooled_year": null,
 "deadpooled_month": null,
 "deadpooled_day": null,
 "deadpooled_url": null,
 "tag_list": "blogs, blog, aggregation",
 "alias_list": "",
 "email_address": "",
 "phone_number": "",
 "description": "Blogging Aggregator",
 "created_at": "Wed Aug 26 19:38:30 UTC 2009",
 "updated_at": "Wed Aug 26 19:46:39 UTC 2009",
 "overview": "\u003Cp\u003E9Rules aggregates content from independent bloggers and displays it on one homepage. \u003C/p\u003E",
 "image":
  {"available_sizes":
    [[[150,
       39],
      "http://api-images.crunchbase.com/assets/images/resized/0005/7791/57791v1-max-150x150.jpg"],
     [[250,
       65],
      "http://api-images.crunchbase.com/assets/images/resized/0005/7791/57791v1-max-250x250.jpg"],
     [[445,
       116],
      "http://api-images.crunchbase.com/assets/images/resized/0005/7791/57791v1-max-450x450.jpg"]],
   "attribution": null},
 "products":
  [],
 "relationships":
  [],
 "competitions":
  [],
 "providerships":
  [],
 "total_money_raised": "$0",
 "funding_rounds":
  [],
 "investments":
  [],
 "acquisition":
  {"price_amount": null,
   "price_currency_code": "USD",
   "term_code": null,
   "source_url": "http://www.blogherald.com/2009/08/27/splashpress-media-acquires-9rules/",
   "source_description": "Splashpress Media Acquires 9rules",
   "acquired_year": 2009,
   "acquired_month": 8,
   "acquired_day": 27,
   "acquiring_company":
    {"name": "Splashpress",
     "permalink": "splashpress"}},
 "acquisitions":
  [],
 "offices":
  [],
 "milestones":
  [],
 "ipo": null,
 "video_embeds":
  [],
 "screenshots":
  [{"available_sizes":
     [[[150,
        115],
       "http://api-images.crunchbase.com/assets/images/resized/0005/7790/57790v1-max-150x150.jpg"],
      [[250,
        192],
       "http://api-images.crunchbase.com/assets/images/resized/0005/7790/57790v1-max-250x250.jpg"],
      [[450,
        346],
       "http://api-images.crunchbase.com/assets/images/resized/0005/7790/57790v1-max-450x450.jpg"]],
    "attribution": null}],
 "external_links":
  [],
 "partners":
  []}
