{"name": "A Better Opinion",
 "permalink": "a-better-opinion",
 "crunchbase_url": "http://www.crunchbase.com/company/a-better-opinion",
 "homepage_url": "http://www.aceksemedia.com",
 "blog_url": "http://www.catipemceresi.net",
 "blog_feed_url": "",
 "twitter_username": "abetteropinion",
 "category_code": "games_video",
 "number_of_employees": 1,
 "founded_year": 2008,
 "founded_month": 4,
 "founded_day": 6,
 "deadpooled_year": null,
 "deadpooled_month": null,
 "deadpooled_day": null,
 "deadpooled_url": null,
 "tag_list": "movies, books, video-games, games, reviews, social-network, opinions, recommendations, matching, ratings",
 "alias_list": "",
 "email_address": "",
 "phone_number": "",
 "description": "Relevant recommendations",
 "created_at": "Tue Oct 13 03:09:00 UTC 2009",
 "updated_at": "Mon Jan 20 04:04:18 UTC 2014",
 "overview": "\u003Cp\u003EA Better Opinion is a community-powered review site that matches a user up with other like-minded users for the purpose of discovering new movies, books and video games. \u003C/p\u003E\n\n\u003Cp\u003EIt\u0026#8217;s the only site for movies, books, or video games that matches up users with similar tastes, allowing them to exchange relevant reviews and recommendations.  Think of it as \u0026#8220;Match Site\u0026#8221; meets \u0026#8220;Review Site\u0026#8221;.\u003C/p\u003E\n\n\u003Cp\u003Ewww.aBetterOpinion.com works in a two-step process. First, users rate the things they\u0026#8217;ve seen, read or played. The more they rate, the better the site works for them and everyone else. Next, when they search for an opinion on a specific product, the website sorts the available reviews based on who shares their same tastes. It even narrows the matching to within the genre searched, really giving them targeted matches. \u003C/p\u003E\n\n\u003Cp\u003EAnother powerful feature is the ability to receive general recommendations. Again, the site will find a user\u0026#8217;s best matches and display those matches\u0026#8217; favorite products. After all, a reliable recommendation can only come from someone who thinks like you do! \u003C/p\u003E",
 "image":
  {"available_sizes":
    [[[150,
       54],
      "http://api-images.crunchbase.com/assets/images/resized/0006/2564/62564v2-max-150x150.png"],
     [[250,
       90],
      "http://api-images.crunchbase.com/assets/images/resized/0006/2564/62564v2-max-250x250.png"],
     [[300,
       109],
      "http://api-images.crunchbase.com/assets/images/resized/0006/2564/62564v2-max-450x450.png"]],
   "attribution": null},
 "products":
  [],
 "relationships":
  [{"is_past": true,
    "title": "Founder",
    "person":
     {"first_name": "Jordan",
      "last_name": "Merritt",
      "permalink": "jordan-merritt"}}],
 "competitions":
  [{"competitor":
     {"name": "Flixster",
      "permalink": "flixster"}},
   {"competitor":
     {"name": "Rotten Tomatoes",
      "permalink": "rottentomatoes"}},
   {"competitor":
     {"name": "I Heart Movies",
      "permalink": "i-heart-movies"}},
   {"competitor":
     {"name": "FilmGator",
      "permalink": "filmgator"}},
   {"competitor":
     {"name": "FilmCrave",
      "permalink": "filmcrave"}},
   {"competitor":
     {"name": "Goodreads",
      "permalink": "goodreads"}},
   {"competitor":
     {"name": "LibraryThing",
      "permalink": "librarything"}},
   {"competitor":
     {"name": "Shelfari",
      "permalink": "shelfari"}},
   {"competitor":
     {"name": "IGN Entertainment",
      "permalink": "ignentertainment"}},
   {"competitor":
     {"name": "GameSpot",
      "permalink": "gamespot"}},
   {"competitor":
     {"name": "LikeMe.Net",
      "permalink": "likeme-net"}}],
 "providerships":
  [],
 "total_money_raised": "$0",
 "funding_rounds":
  [],
 "investments":
  [],
 "acquisition": null,
 "acquisitions":
  [],
 "offices":
  [{"description": "",
    "address1": "",
    "address2": "",
    "zip_code": "",
    "city": "",
    "state_code": "CA",
    "country_code": "USA",
    "latitude": null,
    "longitude": null}],
 "milestones":
  [{"id": 2235,
    "description": "Launched to the public",
    "stoned_year": 2009,
    "stoned_month": 6,
    "stoned_day": 3,
    "source_url": "http://www.aceksemedia.com",
    "source_text": null,
    "source_description": "Web Tasar\u0131m",
    "stoneable_type": "Company",
    "stoned_value": null,
    "stoned_value_type": null,
    "stoned_acquirer": null,
    "stoneable":
     {"name": "A Better Opinion",
      "permalink": "a-better-opinion"}}],
 "ipo": null,
 "video_embeds":
  [],
 "screenshots":
  [{"available_sizes":
     [[[150,
        117],
       "http://api-images.crunchbase.com/assets/images/resized/0006/2565/62565v2-max-150x150.png"],
      [[250,
        195],
       "http://api-images.crunchbase.com/assets/images/resized/0006/2565/62565v2-max-250x250.png"],
      [[450,
        351],
       "http://api-images.crunchbase.com/assets/images/resized/0006/2565/62565v2-max-450x450.png"]],
    "attribution": null},
   {"available_sizes":
     [[[150,
        124],
       "http://api-images.crunchbase.com/assets/images/resized/0006/2566/62566v2-max-150x150.png"],
      [[250,
        207],
       "http://api-images.crunchbase.com/assets/images/resized/0006/2566/62566v2-max-250x250.png"],
      [[450,
        373],
       "http://api-images.crunchbase.com/assets/images/resized/0006/2566/62566v2-max-450x450.png"]],
    "attribution": null},
   {"available_sizes":
     [[[150,
        125],
       "http://api-images.crunchbase.com/assets/images/resized/0006/2567/62567v2-max-150x150.png"],
      [[250,
        209],
       "http://api-images.crunchbase.com/assets/images/resized/0006/2567/62567v2-max-250x250.png"],
      [[450,
        376],
       "http://api-images.crunchbase.com/assets/images/resized/0006/2567/62567v2-max-450x450.png"]],
    "attribution": null},
   {"available_sizes":
     [[[150,
        121],
       "http://api-images.crunchbase.com/assets/images/resized/0006/2568/62568v2-max-150x150.png"],
      [[250,
        202],
       "http://api-images.crunchbase.com/assets/images/resized/0006/2568/62568v2-max-250x250.png"],
      [[450,
        365],
       "http://api-images.crunchbase.com/assets/images/resized/0006/2568/62568v2-max-450x450.png"]],
    "attribution": null}],
 "external_links":
  [],
 "partners":
  []}
