{"name": "A la Mobile",
 "permalink": "a-la-mobile",
 "crunchbase_url": "http://www.crunchbase.com/company/a-la-mobile",
 "homepage_url": "http://www.a-la-mobile.com",
 "blog_url": "",
 "blog_feed_url": "",
 "twitter_username": null,
 "category_code": "mobile",
 "number_of_employees": null,
 "founded_year": 2005,
 "founded_month": 6,
 "founded_day": null,
 "deadpooled_year": null,
 "deadpooled_month": null,
 "deadpooled_day": null,
 "deadpooled_url": null,
 "tag_list": "open-source-linux-mobile-platform-hardware-network-mobility-engine",
 "alias_list": "",
 "email_address": "",
 "phone_number": "+1-925-242-2562",
 "description": "open linux mobile platform",
 "created_at": "Mon Jan 18 23:17:47 UTC 2010",
 "updated_at": "Fri Jun 07 15:07:21 UTC 2013",
 "overview": "\u003Cp\u003EA la Mobile is:\n-Focused on Linux system platform for mobile phones and aims to be \na \u0026#8220;One stop\u0026#8221; service - integration, customization, certification, maintenance and migration.\nAs the industry\u0026#8217;s only open Linux system platform for wireless handsets, we adhere to design and development disciplines of openness, innovation and freedom of choice:\n-Open, configurable and customizable architecture and embrace industry standards and best practices\u003C/p\u003E",
 "image":
  {"available_sizes":
    [[[150,
       40],
      "http://api-images.crunchbase.com/assets/images/resized/0007/3870/73870v1-max-150x150.png"],
     [[184,
       50],
      "http://api-images.crunchbase.com/assets/images/resized/0007/3870/73870v1-max-250x250.png"],
     [[184,
       50],
      "http://api-images.crunchbase.com/assets/images/resized/0007/3870/73870v1-max-450x450.png"]],
   "attribution": null},
 "products":
  [],
 "relationships":
  [{"is_past": false,
    "title": "Co-Founder, CEO \u0026 President",
    "person":
     {"first_name": "Pauline",
      "last_name": "Alker",
      "permalink": "pauline-alker"}},
   {"is_past": false,
    "title": "Vice President, Operations",
    "person":
     {"first_name": "Margie",
      "last_name": "Gong",
      "permalink": "margie-gong"}},
   {"is_past": false,
    "title": "Co-Founder, Vice President of R\u0026D",
    "person":
     {"first_name": "Frederick",
      "last_name": "Kiremidjian",
      "permalink": "frederick-kiremidjian"}},
   {"is_past": false,
    "title": "Vice President, China Operations",
    "person":
     {"first_name": "Jiping",
      "last_name": "Wang",
      "permalink": "jiping-wang"}},
   {"is_past": true,
    "title": "Chief Financial Officer",
    "person":
     {"first_name": "Steve",
      "last_name": "Kirmse",
      "permalink": "steve-kirmse"}}],
 "competitions":
  [],
 "providerships":
  [],
 "total_money_raised": "$7.55M",
 "funding_rounds":
  [{"id": 12275,
    "round_code": "b",
    "source_url": "http://sec.gov/Archives/edgar/vprr/07/9999999997-07-012293",
    "source_description": "SEC D",
    "raised_amount": 4050000.0,
    "raised_currency_code": "USD",
    "funded_year": 2007,
    "funded_month": 3,
    "funded_day": 1,
    "investments":
     [{"company": null,
       "financial_org":
        {"name": "Venrock",
         "permalink": "venrock"},
       "person": null}]},
   {"id": 12276,
    "round_code": "a",
    "source_url": "http://sec.gov/Archives/edgar/vprr/05/9999999997-05-030973",
    "source_description": "SEC D",
    "raised_amount": 3500000.0,
    "raised_currency_code": "USD",
    "funded_year": 2005,
    "funded_month": 7,
    "funded_day": 1,
    "investments":
     []}],
 "investments":
  [],
 "acquisition": null,
 "acquisitions":
  [],
 "offices":
  [{"description": "A La Mobile",
    "address1": "2603 Camino Ramon",
    "address2": "Suite 200",
    "zip_code": "94583",
    "city": "San Ramon",
    "state_code": "KS",
    "country_code": "USA",
    "latitude": null,
    "longitude": null}],
 "milestones":
  [],
 "ipo": null,
 "video_embeds":
  [],
 "screenshots":
  [],
 "external_links":
  [{"external_url": "http://www.a-la-mobile.com/news/press/pr090212.html",
    "title": "Funambol and a la Mobile Enhance Android Open Source Sync Software - February 12, 2009"},
   {"external_url": "http://www.a-la-mobile.com/news/press/pr080114.html",
    "title": "a la Mobile Demonstrates Android Platform on HTC Qtek 9090 Smartphone - January 14, 2008"},
   {"external_url": "http://www.a-la-mobile.com/news/press/pr070726.html",
    "title": "a la Mobile Introduces Mobile Industry's Most Secure Linux Platform - July 26, 2007"}],
 "partners":
  []}
