{"name": "A \u0026 S Professional Security Services",
 "permalink": "a-s-professional-security-services",
 "crunchbase_url": "http://www.crunchbase.com/company/a-s-professional-security-services",
 "homepage_url": "http://www.as-profsecurity.com",
 "blog_url": "http://www.abercrombie-and-fitch.biz",
 "blog_feed_url": "",
 "twitter_username": null,
 "category_code": "security",
 "number_of_employees": 500,
 "founded_year": 1986,
 "founded_month": 4,
 "founded_day": 11,
 "deadpooled_year": null,
 "deadpooled_month": null,
 "deadpooled_day": null,
 "deadpooled_url": null,
 "tag_list": "",
 "alias_list": "",
 "email_address": "glynda@as-profsecurity.com",
 "phone_number": "(800)427-5471",
 "description": "",
 "created_at": "Mon Feb 01 06:37:04 UTC 2010",
 "updated_at": "Wed Oct 09 23:04:33 UTC 2013",
 "overview": "\u003Cp\u003EFrom 1961\u20131966, the American TV network carried a karaoke-like series, Sing Along with Mitch, featuring host  and a chorus, which superimposed the lyrics to their songs near the bottom of the TV screen for home audience participation.The primary difference between Karaoke and sing-along songs is the absence of the lead vocalist.\nSing-alongs (present since the beginning of singing) fundamentally changed with the introduction of new technology. In the late 1960s and into the 1970s, stored audible materials began to dominate the music recording industry and revolutionized the portability and ease of use of band and instrumental music by musicians and entertainers as the demand for entertainers increased globally. This may have been attributable to the introduction of music technology that arose from the need to customize music recordings and the desire for a \u0026#8220;handy\u0026#8221; format that would allow fast and convenient duplication of music and thereby meet the requirements of the entertainers\u0026#8217; lifestyles and the \u0026#8216;footloose\u0026#8217; character of the entertainment industry.\u003C/p\u003E",
 "image":
  {"available_sizes":
    [[[150,
       150],
      "http://api-images.crunchbase.com/assets/images/resized/0007/5601/75601v7-max-150x150.jpg"],
     [[250,
       250],
      "http://api-images.crunchbase.com/assets/images/resized/0007/5601/75601v7-max-250x250.jpg"],
     [[354,
       354],
      "http://api-images.crunchbase.com/assets/images/resized/0007/5601/75601v7-max-450x450.jpg"]],
   "attribution": null},
 "products":
  [],
 "relationships":
  [{"is_past": false,
    "title": "",
    "person":
     {"first_name": "tes",
      "last_name": "oev",
      "permalink": "tes-oev"}}],
 "competitions":
  [],
 "providerships":
  [],
 "total_money_raised": "$0",
 "funding_rounds":
  [],
 "investments":
  [],
 "acquisition": null,
 "acquisitions":
  [],
 "offices":
  [{"description": "",
    "address1": "1706 East Arrow Highway, #A",
    "address2": "",
    "zip_code": "91724",
    "city": "Covina",
    "state_code": "CA",
    "country_code": "USA",
    "latitude": null,
    "longitude": null}],
 "milestones":
  [],
 "ipo": null,
 "video_embeds":
  [],
 "screenshots":
  [{"available_sizes":
     [[[150,
        109],
       "http://api-images.crunchbase.com/assets/images/resized/0012/9230/129230v2-max-150x150.png"],
      [[250,
        182],
       "http://api-images.crunchbase.com/assets/images/resized/0012/9230/129230v2-max-250x250.png"],
      [[450,
        327],
       "http://api-images.crunchbase.com/assets/images/resized/0012/9230/129230v2-max-450x450.png"]],
    "attribution": null}],
 "external_links":
  [{"external_url": "http://jocheyobsn.blogspot.com/2013/10/a-s-professional-services.html",
    "title": ""}],
 "partners":
  []}
