{"name": "A+ Ventures",
 "permalink": "a-ventures",
 "crunchbase_url": "http://www.crunchbase.com/company/a-ventures",
 "homepage_url": "http://www.enucuzkitap.com",
 "blog_url": "http://www.enucuzkitap.com/blog.aspx",
 "blog_feed_url": "",
 "twitter_username": null,
 "category_code": "ecommerce",
 "number_of_employees": 10,
 "founded_year": 2009,
 "founded_month": 12,
 "founded_day": 1,
 "deadpooled_year": null,
 "deadpooled_month": null,
 "deadpooled_day": null,
 "deadpooled_url": null,
 "tag_list": "book-kitap-cheap-ucuz-turkiye-turkey",
 "alias_list": null,
 "email_address": "info@enucuzkitap.com",
 "phone_number": "+19176689758",
 "description": "Price tracking for Books",
 "created_at": "Tue Feb 09 10:44:53 UTC 2010",
 "updated_at": "Tue Mar 26 06:59:07 UTC 2013",
 "overview": "\u003Cp\u003EEnucuzkitap.com is a price comparisson site for books. \u003C/p\u003E",
 "image":
  {"available_sizes":
    [[[132,
       81],
      "http://api-images.crunchbase.com/assets/images/resized/0024/5555/245555v1-max-150x150.png"],
     [[132,
       81],
      "http://api-images.crunchbase.com/assets/images/resized/0024/5555/245555v1-max-250x250.png"],
     [[132,
       81],
      "http://api-images.crunchbase.com/assets/images/resized/0024/5555/245555v1-max-450x450.png"]],
   "attribution": null},
 "products":
  [],
 "relationships":
  [{"is_past": false,
    "title": "CEO",
    "person":
     {"first_name": "K\u00c4\u00b1van\u00c3\u00a7",
      "last_name": "Tun\u00c3\u00a7sav",
      "permalink": "kvan-tunsav"}}],
 "competitions":
  [],
 "providerships":
  [],
 "total_money_raised": "$0",
 "funding_rounds":
  [],
 "investments":
  [],
 "acquisition": null,
 "acquisitions":
  [],
 "offices":
  [{"description": "Head Office",
    "address1": "",
    "address2": "",
    "zip_code": "11101",
    "city": "New York",
    "state_code": "NY",
    "country_code": "USA",
    "latitude": null,
    "longitude": null}],
 "milestones":
  [],
 "ipo": null,
 "video_embeds":
  [],
 "screenshots":
  [],
 "external_links":
  [],
 "partners":
  []}
