{"name": "A2B Tracking Solutions",
 "permalink": "a2b-tracking-solutions",
 "crunchbase_url": "http://www.crunchbase.com/company/a2b-tracking-solutions",
 "homepage_url": "http://www.a2btracking.com",
 "blog_url": "http://www.a2btracking.com/blog",
 "blog_feed_url": "",
 "twitter_username": "UID_Expert",
 "category_code": "software",
 "number_of_employees": 20,
 "founded_year": 2000,
 "founded_month": null,
 "founded_day": null,
 "deadpooled_year": null,
 "deadpooled_month": null,
 "deadpooled_day": null,
 "deadpooled_url": null,
 "tag_list": "uid, rfid, barcode, tracking, e-business, enterprise, web-services, dod, accountability",
 "alias_list": "",
 "email_address": "rtc@a2btracking.com",
 "phone_number": "",
 "description": "Automated Identification ",
 "created_at": "Tue Aug 18 15:24:34 UTC 2009",
 "updated_at": "Wed May 22 17:57:34 UTC 2013",
 "overview": "\u003Cp\u003EA2B Tracking Solutions manufactures barcode and RFID software and sells and supports selected software and hardware.   \u003C/p\u003E\n\n\u003Cp\u003EA2B specializes in turn-key solutions that business and government customers use to raise their level of internal accountability, improve customer service, and increase transparency in their operations.\u003C/p\u003E\n\n\u003Cp\u003EA2B\u0026#8217;s UID Solutions division is currently very active in supporting the U.S. Federal Government\u0026#8217;s Department of Defense\u0026#8217; automated identification technology (AIT) initiative, which seeks to reduce costs and decrease delays in the military supply chain by providing electronic accountability of all valuable assets throughout their entire lifecycle.\u003C/p\u003E\n\n\u003Cp\u003EA2B also provides tracking solutions for accountable mail, documents, assets, vehicles, people, and pretty much anything customers are interesting in keeping tabs on.\u003C/p\u003E",
 "image":
  {"available_sizes":
    [[[150,
       27],
      "http://api-images.crunchbase.com/assets/images/resized/0005/6885/56885v3-max-150x150.jpg"],
     [[160,
       29],
      "http://api-images.crunchbase.com/assets/images/resized/0005/6885/56885v3-max-250x250.jpg"],
     [[160,
       29],
      "http://api-images.crunchbase.com/assets/images/resized/0005/6885/56885v3-max-450x450.jpg"]],
   "attribution": null},
 "products":
  [],
 "relationships":
  [{"is_past": false,
    "title": "COO and Executive Vice President",
    "person":
     {"first_name": "Timothy",
      "last_name": "M. Collins",
      "permalink": "timothy-m-collins"}},
   {"is_past": false,
    "title": "Vice President of Technology",
    "person":
     {"first_name": "Darryl",
      "last_name": "S. Layne",
      "permalink": "darryl-s-layne"}},
   {"is_past": false,
    "title": "Director of Marketing",
    "person":
     {"first_name": "Sue",
      "last_name": "Imhoff",
      "permalink": "sue-imhoff"}},
   {"is_past": false,
    "title": "Program Manager",
    "person":
     {"first_name": "Gary",
      "last_name": "Schuerfeld",
      "permalink": "gary-schuerfeld"}},
   {"is_past": false,
    "title": "Director of Solution Engineering",
    "person":
     {"first_name": "Robert",
      "last_name": "T. Carpenter",
      "permalink": "robert-t-carpenter"}}],
 "competitions":
  [],
 "providerships":
  [],
 "total_money_raised": "$0",
 "funding_rounds":
  [],
 "investments":
  [],
 "acquisition": null,
 "acquisitions":
  [],
 "offices":
  [{"description": "HQ",
    "address1": "207 Highpoint Ave",
    "address2": "",
    "zip_code": "02871",
    "city": "Portsmouth",
    "state_code": "RI",
    "country_code": "USA",
    "latitude": 41.5964182,
    "longitude": -71.2619257}],
 "milestones":
  [],
 "ipo": null,
 "video_embeds":
  [],
 "screenshots":
  [],
 "external_links":
  [],
 "partners":
  []}
