{"name": "Aardvark Media Limited",
 "permalink": "aardvark-media-limited",
 "crunchbase_url": "http://www.crunchbase.com/company/aardvark-media-limited",
 "homepage_url": "http://www.aardvarkmedia.co.uk",
 "blog_url": "http://blog.aardvarkmedia.co.uk",
 "blog_feed_url": "",
 "twitter_username": "aardvarkmedia",
 "category_code": "software",
 "number_of_employees": 18,
 "founded_year": 1996,
 "founded_month": 11,
 "founded_day": 1,
 "deadpooled_year": null,
 "deadpooled_month": null,
 "deadpooled_day": null,
 "deadpooled_url": null,
 "tag_list": "",
 "alias_list": "",
 "email_address": "enquiries@aardvarkmedia.co.uk",
 "phone_number": "020 7582 7711",
 "description": "Website Developer",
 "created_at": "Wed Sep 09 19:07:01 UTC 2009",
 "updated_at": "Mon May 31 01:21:11 UTC 2010",
 "overview": "\u003Cp\u003EAardvark Media Limited develop, hosts and support websites, smartphone and iPad applications and enterprise scale eCRM systems software solutions for customer focused organizations.  The company is based in Chelsea Harbor, London, GBR.\u003C/p\u003E",
 "image":
  {"available_sizes":
    [[[150,
       27],
      "http://api-images.crunchbase.com/assets/images/resized/0007/9330/79330v1-max-150x150.png"],
     [[250,
       45],
      "http://api-images.crunchbase.com/assets/images/resized/0007/9330/79330v1-max-250x250.png"],
     [[361,
       65],
      "http://api-images.crunchbase.com/assets/images/resized/0007/9330/79330v1-max-450x450.png"]],
   "attribution": null},
 "products":
  [],
 "relationships":
  [{"is_past": false,
    "title": "Founder",
    "person":
     {"first_name": "Christopher",
      "last_name": "Johns",
      "permalink": "christopher-johns"}},
   {"is_past": false,
    "title": "Head of Technology",
    "person":
     {"first_name": "Gavin",
      "last_name": "Love",
      "permalink": "gavin-love"}}],
 "competitions":
  [],
 "providerships":
  [],
 "total_money_raised": "$0",
 "funding_rounds":
  [],
 "investments":
  [],
 "acquisition": null,
 "acquisitions":
  [],
 "offices":
  [{"description": "Headquarters",
    "address1": "",
    "address2": "",
    "zip_code": "",
    "city": "London",
    "state_code": null,
    "country_code": "GBR",
    "latitude": null,
    "longitude": null}],
 "milestones":
  [],
 "ipo": null,
 "video_embeds":
  [],
 "screenshots":
  [],
 "external_links":
  [],
 "partners":
  []}
