{"name": "ABCi Interactive",
 "permalink": "abci-interactive",
 "crunchbase_url": "http://www.crunchbase.com/company/abci-interactive",
 "homepage_url": "http://www.auditedmedia.com",
 "blog_url": "",
 "blog_feed_url": "",
 "twitter_username": "auditedmedia",
 "category_code": "other",
 "number_of_employees": null,
 "founded_year": 1996,
 "founded_month": null,
 "founded_day": null,
 "deadpooled_year": null,
 "deadpooled_month": null,
 "deadpooled_day": null,
 "deadpooled_url": null,
 "tag_list": "social-media, internet, technology, clicks, page-impressions, uniques, visitors, cpc, website, audit, digital, accreditation, third-party, verification, traffic, enewsletter, mobile, interactive, advertising, publishing, web",
 "alias_list": "",
 "email_address": "",
 "phone_number": "224-366-6939",
 "description": "Interactive Media Auditing Organization",
 "created_at": "Mon Mar 01 15:28:40 UTC 2010",
 "updated_at": "Mon Apr 07 08:21:50 UTC 2014",
 "overview": "\u003Cp\u003EABCi Interactive is a subsidiary of the Audit Bureau of Circulations (ABC).  It provides publishers of interactive media independent third-party audits.\u003C/p\u003E\n\n\u003Cp\u003EABCi Interactive is one of the industry\u0026#8217;s most experienced auditors of digital media.  As a tripartite, nonprofit, independent association, ABC is an industry forum of North America\u0026#8217;s leading publishers, advertisers, and ad agencies. ABCi offers a broad portfolio of interactive auditing solutions sure to meet any Web publisher\u0026#8217;s needs. The experienced auditing staff has conducted thousands of interactive audits ranging from basic Web site traffic verification and social network audits to customized accreditation programs.\u003C/p\u003E\n\n\u003Cp\u003EAs the leading third-party media auditing organization in North America, the Audit Bureau of Circulations (ABC), provides credible, independently verified information essential to the media buying and selling process. ABC\u00e2\u20ac\u2122s interactive division, ABCi, provides a variety of interactive audit services to meet the growing demand for online accountability, including online traffic activity, e-newsletter delivery and online ad delivery verification. Innovative reporting options allow members to incorporate a wide-range of media products on one report to best reflect today\u00e2\u20ac\u2122s expanding media portfolios. From setting standards and rules for print media to providing credibility for the burgeoning online advertising industry, ABC serves as a forum for the world\u00e2\u20ac\u2122s leading magazine and newspaper publishers, advertisers and agencies.\u003C/p\u003E",
 "image":
  {"available_sizes":
    [[[139,
       132],
      "http://api-images.crunchbase.com/assets/images/resized/0007/8631/78631v2-max-150x150.png"],
     [[139,
       132],
      "http://api-images.crunchbase.com/assets/images/resized/0007/8631/78631v2-max-250x250.png"],
     [[139,
       132],
      "http://api-images.crunchbase.com/assets/images/resized/0007/8631/78631v2-max-450x450.png"]],
   "attribution": null},
 "products":
  [{"name": "Digital Technology Accreditation",
    "permalink": "digital-technology-accreditation"},
   {"name": "Ad Delivery Audits",
    "permalink": "ad-delivery-audits"},
   {"name": "Web Site Traffic Audits",
    "permalink": "web-site-traffic-audits"},
   {"name": "E-mail Newsletter Audits",
    "permalink": "e-mail-newsletter-audits"},
   {"name": "Mobile Application Audits",
    "permalink": "mobile-application-audits"}],
 "relationships":
  [{"is_past": false,
    "title": "Manager, Marketing \u0026 Sales ABCi",
    "person":
     {"first_name": "Kendra",
      "last_name": "Fox",
      "permalink": "kendra-fox"}}],
 "competitions":
  [],
 "providerships":
  [],
 "total_money_raised": "$0",
 "funding_rounds":
  [],
 "investments":
  [],
 "acquisition": null,
 "acquisitions":
  [],
 "offices":
  [{"description": "Headquarters",
    "address1": "48 W Seegers Rd",
    "address2": "",
    "zip_code": "60005",
    "city": "Arlington Heights",
    "state_code": "IL",
    "country_code": "USA",
    "latitude": null,
    "longitude": null},
   {"description": "Canadian Member Service",
    "address1": "151 Bloor St West, Suite 850",
    "address2": "",
    "zip_code": "M5S1S4",
    "city": "Toronto",
    "state_code": null,
    "country_code": "CAN",
    "latitude": null,
    "longitude": null},
   {"description": "Eastern Region",
    "address1": "122 East 42nd Street Suite 807",
    "address2": "",
    "zip_code": "10168",
    "city": "New York",
    "state_code": "NY",
    "country_code": "USA",
    "latitude": null,
    "longitude": null}],
 "milestones":
  [{"id": 4101,
    "description": "Clearspring Technologies successfully completed ABCi Interactive's Digital Technology Accreditation program in 2008. (2008)",
    "stoned_year": 2008,
    "stoned_month": 2,
    "stoned_day": 29,
    "source_url": "http://www.accessabc.com/press/press062408.htm",
    "source_text": "",
    "source_description": "ABC Interactive Announces New Technology Accreditation Program",
    "stoneable_type": "Company",
    "stoned_value": null,
    "stoned_value_type": null,
    "stoned_acquirer": null,
    "stoneable":
     {"name": "ABCi Interactive",
      "permalink": "abci-interactive"}},
   {"id": 4102,
    "description": "AdJuggler Inc.'s ad-serving technology has been audited and accredited by ABCi. (4/09)",
    "stoned_year": 2009,
    "stoned_month": 4,
    "stoned_day": 16,
    "source_url": "http://www.accessabc.com/press/press042809.htm",
    "source_text": "",
    "source_description": "ABC Interactive Accredits AdJuggler",
    "stoneable_type": "Company",
    "stoned_value": null,
    "stoned_value_type": null,
    "stoned_acquirer": null,
    "stoneable":
     {"name": "ABCi Interactive",
      "permalink": "abci-interactive"}}],
 "ipo": null,
 "video_embeds":
  [],
 "screenshots":
  [{"available_sizes":
     [[[150,
        86],
       "http://api-images.crunchbase.com/assets/images/resized/0007/8818/78818v2-max-150x150.png"],
      [[250,
        143],
       "http://api-images.crunchbase.com/assets/images/resized/0007/8818/78818v2-max-250x250.png"],
      [[450,
        259],
       "http://api-images.crunchbase.com/assets/images/resized/0007/8818/78818v2-max-450x450.png"]],
    "attribution": null}],
 "external_links":
  [],
 "partners":
  []}
