{"name": "ABIBA Systems",
 "permalink": "abiba-systems",
 "crunchbase_url": "http://www.crunchbase.com/company/abiba-systems",
 "homepage_url": "http://www.abibasystems.com",
 "blog_url": "",
 "blog_feed_url": "",
 "twitter_username": "ABIBA_Systems",
 "category_code": "consulting",
 "number_of_employees": 40,
 "founded_year": 2007,
 "founded_month": null,
 "founded_day": null,
 "deadpooled_year": null,
 "deadpooled_month": null,
 "deadpooled_day": null,
 "deadpooled_url": null,
 "tag_list": "business-intelligence, analytics, consulting, marketing-analytics, analytics-software, analytics-packages",
 "alias_list": "",
 "email_address": "info@abibasystems.com",
 "phone_number": "91-80-26796810",
 "description": "Business Intelligence \u0026 Analytics",
 "created_at": "Wed Sep 30 12:07:54 UTC 2009",
 "updated_at": "Fri Oct 11 05:30:55 UTC 2013",
 "overview": "\u003Cp\u003EABIBA Systems is a Technology company focused on the Business Intelligence and analytics domain. It offers a suite of products and services in the domains of Business Intelligence and Analytics.  ABIBA offers a consulting led solution across the B.I value chain covering data base and data management, data warehouse and data marts, reporting, OLAP, data mining and advanced analytics. ABIBA\u0026#8217;s products have Pre-defined reports and Analytics of most critical business KPI\u00e2\u20ac\u2122s by bringing in domain expertise into product development.\nABIBA\u0026#8217;s  product\u0026amp; services portfolio include\nAnalytical tools for modeling\nDatamining\nManufacturing Analytics\nTelecom Analytics\nCustomer Analytics\nProcess Analytics\nManufacturing Intelligence\nProcess Intelligence\nBusiness Intelligence\nVisual Business Intelligence\u003C/p\u003E\n\n\u003Cp\u003EBranded Software includes\nTeleview -a BI Tool for Telecom Industry\nCHAMPION - analytics suite which includes modules for cross sell, up sell, churn modeling, response modeling.\nPI Miner - a datamining tool for Process Industries\nMaNIT - a datamiing tool for Manufacturing Industries\nTIMS - an infrastructure maintennace solution.\u003C/p\u003E\n\n\u003Cp\u003EConsulting\n*Develop BI road-map and suitable data model based on organization business requirements aligned to internal budgeting process.\u003C/p\u003E\n\n\u003Cul\u003E\n\u003Cli\u003ESelection of appropriate technology.\u003C/li\u003E\n\u003Cli\u003EDrawing up Hardware requirements.\u003C/li\u003E\n\u003Cli\u003EDeciding the application hosting model.\u003C/li\u003E\n\u003Cli\u003EDefine the level of outsourcing of the development and support activities.\u003C/li\u003E\n\u003Cli\u003EMigration and enhancement road-maps.\u003C/li\u003E\n\u003C/ul\u003E\n\n\u003Cp\u003EServices\u003C/p\u003E\n\n\u003Cul\u003E\n\u003Cli\u003EData Integration services.\u003C/li\u003E\n\u003Cli\u003ESimple Reporting and Query.\u003C/li\u003E\n\u003Cli\u003EBusiness Intelligence using drill\u00e2\u20ac\u201cdowns and slice\u00e2\u20ac\u201cdice.\u003C/li\u003E\n\u003Cli\u003EData mining using modeling.\n*Advanced analytics by using predictive modeling.\u003C/li\u003E\n\u003C/ul\u003E\n\n\u003Cp\u003EKey Verticals\u003C/p\u003E\n\n\u003Cul\u003E\n\u003Cli\u003E\u003Cp\u003ETelecom\no Customer Segmentation.\no Response modeling.\no Revenue analytics.\no Campaign effectiveness.\u003C/p\u003E\u003C/li\u003E\n\u003Cli\u003E\u003Cp\u003EManufacturing\no Root cause analysis.\no Inventory analysis.\no Productivity and efficiency analysis.\u003C/p\u003E\u003C/li\u003E\n\u003Cli\u003E\u003Cp\u003EProcess industries\no Process modeling.\no Process optimization.\no Failure diagnostics\u003C/p\u003E\u003C/li\u003E\n\u003C/ul\u003E\n\n\u003Cp\u003EHQ: Bangalore,India\u003C/p\u003E",
 "image":
  {"available_sizes":
    [[[150,
       73],
      "http://api-images.crunchbase.com/assets/images/resized/0006/6343/66343v2-max-150x150.jpg"],
     [[250,
       122],
      "http://api-images.crunchbase.com/assets/images/resized/0006/6343/66343v2-max-250x250.jpg"],
     [[368,
       181],
      "http://api-images.crunchbase.com/assets/images/resized/0006/6343/66343v2-max-450x450.jpg"]],
   "attribution": null},
 "products":
  [],
 "relationships":
  [{"is_past": false,
    "title": "CEO \u0026 MD",
    "person":
     {"first_name": "Sathya",
      "last_name": "Karthik",
      "permalink": "sathya-karthik"}},
   {"is_past": false,
    "title": "CTO",
    "person":
     {"first_name": "Bharatheesh",
      "last_name": "Jaishimha",
      "permalink": "dr-bharatheesh-jaishimha"}},
   {"is_past": false,
    "title": "CTO",
    "person":
     {"first_name": "Jay",
      "last_name": "B. Simha",
      "permalink": "jay-b-simha"}}],
 "competitions":
  [{"competitor":
     {"name": "SAS",
      "permalink": "sas"}},
   {"competitor":
     {"name": "SPSS",
      "permalink": "spss"}},
   {"competitor":
     {"name": "KXEN",
      "permalink": "kxen"}}],
 "providerships":
  [],
 "total_money_raised": "$0",
 "funding_rounds":
  [],
 "investments":
  [],
 "acquisition": null,
 "acquisitions":
  [],
 "offices":
  [{"description": "Regd. Office",
    "address1": "BSK 2nd Stage",
    "address2": "",
    "zip_code": "560034",
    "city": "Bangalore",
    "state_code": null,
    "country_code": "IND",
    "latitude": null,
    "longitude": null}],
 "milestones":
  [],
 "ipo": null,
 "video_embeds":
  [],
 "screenshots":
  [{"available_sizes":
     [[[150,
        84],
       "http://api-images.crunchbase.com/assets/images/resized/0010/0007/100007v2-max-150x150.png"],
      [[250,
        140],
       "http://api-images.crunchbase.com/assets/images/resized/0010/0007/100007v2-max-250x250.png"],
      [[450,
        253],
       "http://api-images.crunchbase.com/assets/images/resized/0010/0007/100007v2-max-450x450.png"]],
    "attribution": null},
   {"available_sizes":
     [[[150,
        93],
       "http://api-images.crunchbase.com/assets/images/resized/0010/0008/100008v2-max-150x150.png"],
      [[250,
        156],
       "http://api-images.crunchbase.com/assets/images/resized/0010/0008/100008v2-max-250x250.png"],
      [[450,
        281],
       "http://api-images.crunchbase.com/assets/images/resized/0010/0008/100008v2-max-450x450.png"]],
    "attribution": null},
   {"available_sizes":
     [[[150,
        62],
       "http://api-images.crunchbase.com/assets/images/resized/0010/0009/100009v2-max-150x150.png"],
      [[250,
        104],
       "http://api-images.crunchbase.com/assets/images/resized/0010/0009/100009v2-max-250x250.png"],
      [[450,
        188],
       "http://api-images.crunchbase.com/assets/images/resized/0010/0009/100009v2-max-450x450.png"]],
    "attribution": null}],
 "external_links":
  [],
 "partners":
  []}
