{"name": "aboutanywhere.com",
 "permalink": "aboutanywhere-com",
 "crunchbase_url": "http://www.crunchbase.com/company/aboutanywhere-com",
 "homepage_url": "http://aboutanywhere.com",
 "blog_url": "",
 "blog_feed_url": "",
 "twitter_username": null,
 "category_code": null,
 "number_of_employees": null,
 "founded_year": null,
 "founded_month": null,
 "founded_day": null,
 "deadpooled_year": null,
 "deadpooled_month": null,
 "deadpooled_day": null,
 "deadpooled_url": null,
 "tag_list": null,
 "alias_list": "",
 "email_address": "",
 "phone_number": "",
 "description": "",
 "created_at": "Sun Feb 21 20:28:56 UTC 2010",
 "updated_at": "Sat Dec 18 22:03:42 UTC 2010",
 "overview": null,
 "image": null,
 "products":
  [],
 "relationships":
  [{"is_past": true,
    "title": "investor",
    "person":
     {"first_name": "Morten",
      "last_name": "Sondergaard",
      "permalink": "morten-sondergaard"}}],
 "competitions":
  [],
 "providerships":
  [],
 "total_money_raised": "$0",
 "funding_rounds":
  [],
 "investments":
  [],
 "acquisition": null,
 "acquisitions":
  [],
 "offices":
  [],
 "milestones":
  [],
 "ipo": null,
 "video_embeds":
  [],
 "screenshots":
  [],
 "external_links":
  [],
 "partners":
  []}
