{"name": "about.me",
 "permalink": "aboutme",
 "crunchbase_url": "http://www.crunchbase.com/company/aboutme",
 "homepage_url": "http://about.me",
 "blog_url": "http://blog.about.me/",
 "blog_feed_url": "",
 "twitter_username": "aboutdotme",
 "category_code": "web",
 "number_of_employees": 15,
 "founded_year": 2013,
 "founded_month": 2,
 "founded_day": 5,
 "deadpooled_year": null,
 "deadpooled_month": null,
 "deadpooled_day": null,
 "deadpooled_url": null,
 "tag_list": "profile-pages, identity, identity-management, tony-conrad, kevin-rose, true-ventures, google-ventures, softhtech-vc",
 "alias_list": "pumpkinhead",
 "email_address": "info@about.me",
 "phone_number": "",
 "description": "Online Identity Platform",
 "created_at": "Tue Dec 22 22:22:02 UTC 2009",
 "updated_at": "Mon Mar 10 22:56:09 UTC 2014",
 "overview": "\u003Cp\u003Eabout.me is a platform for representing one\u2019s personal identity online. The service enables users to create and maintain a curated page for self-expression. about.me pages offer features including bios, contact information and buttons that link to social network content, including Facebook, LinkedIn, Twitter, WordPress, Instagram and more. Users can customize their sites with personal photos, custom backdrops, colors and fonts to further express their personalities.\u003C/p\u003E\n\n\u003Cp\u003Eabout.me was founded in 2010 by CEO Tony Conrad, CPO Ryan Freitas and Tim Young. In February 2013, about.me was bought back by founders Tony Conrad and Ryan Freitas along with the about.me management team.\u003C/p\u003E\n\n\u003Cp\u003EThe company has raised $5.7 million in funding from True Ventures, Google Ventures, SoftTech VC, SVA Capital, Aol Ventures, Gunderson Dettmer and several high profile angels. With 16 employees, about.me is based in San Francisco, CA. For more information, please visit: http://www.about.me.\u003C/p\u003E",
 "image":
  {"available_sizes":
    [[[150,
       31],
      "http://api-images.crunchbase.com/assets/images/resized/0010/1299/101299v2-max-150x150.png"],
     [[250,
       53],
      "http://api-images.crunchbase.com/assets/images/resized/0010/1299/101299v2-max-250x250.png"],
     [[424,
       90],
      "http://api-images.crunchbase.com/assets/images/resized/0010/1299/101299v2-max-450x450.png"]],
   "attribution": null},
 "products":
  [{"name": "Collections",
    "permalink": "collections"}],
 "relationships":
  [{"is_past": false,
    "title": "Co-Founder, CEO",
    "person":
     {"first_name": "Tony",
      "last_name": "Conrad",
      "permalink": "tony-conrad"}},
   {"is_past": false,
    "title": "Co - Founder \u0026 Chief Product Officer",
    "person":
     {"first_name": "Ryan",
      "last_name": "Freitas",
      "permalink": "ryan-freitas"}},
   {"is_past": false,
    "title": "Adviser",
    "person":
     {"first_name": "Om",
      "last_name": "Malik",
      "permalink": "om-malik"}},
   {"is_past": false,
    "title": "Adviser",
    "person":
     {"first_name": "Ryan",
      "last_name": "Block",
      "permalink": "ryan-block-2"}},
   {"is_past": false,
    "title": "Advisor",
    "person":
     {"first_name": "Kevin",
      "last_name": "Rose",
      "permalink": "kevin-rose"}},
   {"is_past": false,
    "title": "Advisor",
    "person":
     {"first_name": "Dick",
      "last_name": "Costolo",
      "permalink": "dick-costolo"}},
   {"is_past": false,
    "title": "Director of Mobile",
    "person":
     {"first_name": "Brian",
      "last_name": "Fioca",
      "permalink": "brian-fioca"}},
   {"is_past": false,
    "title": "Adviser",
    "person":
     {"first_name": "Jeff",
      "last_name": "Veen",
      "permalink": "jeff-veen"}},
   {"is_past": false,
    "title": "Advisor",
    "person":
     {"first_name": "Timothy",
      "last_name": "Ferriss",
      "permalink": "tim-ferriss"}},
   {"is_past": false,
    "title": "Advisor",
    "person":
     {"first_name": "Julia",
      "last_name": "Allison",
      "permalink": "julia-allison"}},
   {"is_past": false,
    "title": "Advisor",
    "person":
     {"first_name": "Luke",
      "last_name": "Gotszling",
      "permalink": "luke-gotszling"}},
   {"is_past": true,
    "title": "Co-Founder, Advisor",
    "person":
     {"first_name": "Tim",
      "last_name": "Young",
      "permalink": "tim-young"}},
   {"is_past": true,
    "title": "Lead Designer",
    "person":
     {"first_name": "Jason",
      "last_name": "Santa Maria",
      "permalink": "jason-santa-maria"}},
   {"is_past": true,
    "title": "Adviser",
    "person":
     {"first_name": "Catherine",
      "last_name": "Valdes",
      "permalink": "catherine-valdes"}},
   {"is_past": true,
    "title": "Adviser",
    "person":
     {"first_name": "Andy",
      "last_name": "Weissman",
      "permalink": "andy-weissman"}},
   {"is_past": true,
    "title": "Adviser",
    "person":
     {"first_name": "Jyri",
      "last_name": "Engestrom",
      "permalink": "jyri-engestrom"}},
   {"is_past": true,
    "title": "Principle",
    "person":
     {"first_name": "Victor",
      "last_name": "Belfor",
      "permalink": "victor-belfor"}},
   {"is_past": true,
    "title": "Adviser",
    "person":
     {"first_name": "Lindsay",
      "last_name": "Campbell",
      "permalink": "lindsay-campbell-3"}},
   {"is_past": true,
    "title": "Adviser",
    "person":
     {"first_name": "Peter",
      "last_name": "Rojas",
      "permalink": "peter-rojas-2"}},
   {"is_past": true,
    "title": "Advisor",
    "person":
     {"first_name": "Krutal",
      "last_name": "Desai",
      "permalink": "krutal-desai"}},
   {"is_past": true,
    "title": "Advisor",
    "person":
     {"first_name": "Bryan",
      "last_name": "Mason",
      "permalink": "bryan-mason"}}],
 "competitions":
  [],
 "providerships":
  [{"title": "Public Relations",
    "is_past": false,
    "provider":
     {"name": "Brew Media Relations",
      "permalink": "brew-media-relations"}}],
 "total_money_raised": "$6.09M",
 "funding_rounds":
  [{"id": 35320,
    "round_code": "unattributed",
    "source_url": "http://pevc.dowjones.com/article?an=DJFVW00020130205e925v0cxi\u0026from=alert\u0026pid=32\u0026ReturnUrl=http%3a%2f%2fpevc.dowjones.com%3a80%2farticle%3fan%3dDJFVW00020130205e925v0cxi%26from%3dalert%26pid%3d32",
    "source_description": "About.me Spins Back Out of AOL, Raises $5.7M",
    "raised_amount": 5675000.0,
    "raised_currency_code": "USD",
    "funded_year": 2013,
    "funded_month": 2,
    "funded_day": 5,
    "investments":
     [{"company": null,
       "financial_org":
        {"name": "SoftTech VC",
         "permalink": "softtech-vc"},
       "person": null},
      {"company": null,
       "financial_org":
        {"name": "Google Ventures",
         "permalink": "google-ventures"},
       "person": null},
      {"company": null,
       "financial_org":
        {"name": "CrunchFund",
         "permalink": "crunchfund"},
       "person": null},
      {"company": null,
       "financial_org":
        {"name": "True Ventures",
         "permalink": "true-ventures"},
       "person": null}]},
   {"id": 68244,
    "round_code": "partial",
    "source_url": "http://www.sec.gov/Archives/edgar/data/1479196/000147919609000001/xslFormDX01/primary_doc.xml",
    "source_description": "SEC",
    "raised_amount": 412500.0,
    "raised_currency_code": "USD",
    "funded_year": 2009,
    "funded_month": 12,
    "funded_day": 22,
    "investments":
     []}],
 "investments":
  [],
 "acquisition":
  {"price_amount": null,
   "price_currency_code": "USD",
   "term_code": "cash",
   "source_url": "http://techcrunch.com/2013/02/05/tony-conrads-about-me-spins-back-out-from-aol-after-raising-5-7m-capital-led-by-true-ventures/",
   "source_description": "Techcrunch",
   "acquired_year": 2013,
   "acquired_month": 2,
   "acquired_day": 5,
   "acquiring_company":
    {"name": "Tony Conrad \u0026 Ryan Freitas",
     "permalink": "tony-conrad-ryan-freitas-deleted"}},
 "acquisitions":
  [{"price_amount": null,
    "price_currency_code": "USD",
    "term_code": null,
    "source_url": "http://techcrunch.com/2013/05/07/identity-platform-about-me-buys-wefollow-to-boost-interest-search/",
    "source_description": "Identity Platform about.me Buys Wefollow To Boost \u201cInterest\u201d Search",
    "acquired_year": 2013,
    "acquired_month": 5,
    "acquired_day": 8,
    "company":
     {"name": "Wefollow",
      "permalink": "wefollow"}}],
 "offices":
  [{"description": "",
    "address1": "2601 Mission, 9th Floor",
    "address2": "",
    "zip_code": "94110",
    "city": "San Francisco",
    "state_code": "CA",
    "country_code": "USA",
    "latitude": 37.755068,
    "longitude": -122.418026}],
 "milestones":
  [],
 "ipo": null,
 "video_embeds":
  [],
 "screenshots":
  [{"available_sizes":
     [[[150,
        83],
       "http://api-images.crunchbase.com/assets/images/resized/0043/1384/431384v2-max-150x150.jpg"],
      [[250,
        139],
       "http://api-images.crunchbase.com/assets/images/resized/0043/1384/431384v2-max-250x250.jpg"],
      [[450,
        250],
       "http://api-images.crunchbase.com/assets/images/resized/0043/1384/431384v2-max-450x450.jpg"]],
    "attribution": null}],
 "external_links":
  [{"external_url": "http://startuptunes.com/2011/01/25/about-me-create-your-personal-splash-page/",
    "title": ""}],
 "partners":
  []}
