{"name": "Absorbent, Ink.",
 "permalink": "absorbent-ink",
 "crunchbase_url": "http://www.crunchbase.com/company/absorbent-ink",
 "homepage_url": "http://www.absorbentprinting.com",
 "blog_url": "http://www.absorbentprinting.com/blog/",
 "blog_feed_url": "http://www.absorbentprinting.com/blog/feed/",
 "twitter_username": null,
 "category_code": "ecommerce",
 "number_of_employees": 45,
 "founded_year": 2000,
 "founded_month": 1,
 "founded_day": 1,
 "deadpooled_year": null,
 "deadpooled_month": null,
 "deadpooled_day": null,
 "deadpooled_url": null,
 "tag_list": "promotional-products, corporate-gifts, branding, marketing, promotions",
 "alias_list": null,
 "email_address": "pr.marketing@absorbentprinting.com",
 "phone_number": "512-454-5985",
 "description": "Promotional Products Company",
 "created_at": "Tue Feb 02 13:16:13 UTC 2010",
 "updated_at": "Wed Feb 03 01:25:46 UTC 2010",
 "overview": "\u003Cp\u003EAbsorbent Ink is one of the premier online providers of branded promotional items and corporate gifts.\u003C/p\u003E\n\n\u003Cp\u003ETwice recognized by the Inc 500 as one of the fastest growing privately held companies in the United States.\u003C/p\u003E",
 "image":
  {"available_sizes":
    [[[150,
       34],
      "http://api-images.crunchbase.com/assets/images/resized/0007/5756/75756v2-max-150x150.png"],
     [[231,
       53],
      "http://api-images.crunchbase.com/assets/images/resized/0007/5756/75756v2-max-250x250.png"],
     [[231,
       53],
      "http://api-images.crunchbase.com/assets/images/resized/0007/5756/75756v2-max-450x450.png"]],
   "attribution": null},
 "products":
  [],
 "relationships":
  [],
 "competitions":
  [],
 "providerships":
  [],
 "total_money_raised": "$0",
 "funding_rounds":
  [],
 "investments":
  [],
 "acquisition":
  {"price_amount": null,
   "price_currency_code": "USD",
   "term_code": null,
   "source_url": "http://www.asicentral.com/asp/open/content/content.aspx?id=4306",
   "source_description": "PrintGlobe Acquires Absorbent Ink",
   "acquired_year": 2010,
   "acquired_month": 1,
   "acquired_day": 12,
   "acquiring_company":
    {"name": "PrintGlobe",
     "permalink": "printglobe"}},
 "acquisitions":
  [],
 "offices":
  [{"description": "World Headquarters",
    "address1": "4115 Freidrich Lane, Suite 200",
    "address2": "",
    "zip_code": "78744",
    "city": "Austin",
    "state_code": "TX",
    "country_code": "USA",
    "latitude": null,
    "longitude": null}],
 "milestones":
  [],
 "ipo": null,
 "video_embeds":
  [],
 "screenshots":
  [],
 "external_links":
  [],
 "partners":
  []}
