{"name": "ABSOLU TELECOM",
 "permalink": "absolu-telecom",
 "crunchbase_url": "http://www.crunchbase.com/company/absolu-telecom",
 "homepage_url": "http://www.absolu-payment.co.uk",
 "blog_url": "http://www.absoluworldtour.com/",
 "blog_feed_url": "",
 "twitter_username": "ABSOLUPAYMENT",
 "category_code": "mobile",
 "number_of_employees": 40,
 "founded_year": 2000,
 "founded_month": 6,
 "founded_day": null,
 "deadpooled_year": null,
 "deadpooled_month": null,
 "deadpooled_day": null,
 "deadpooled_url": null,
 "tag_list": "mobile-framework, mobile-apps, mobile-payment, mobile-payments, payment, payment-systems, payment-system, micropayments, micropayment, micropaiement",
 "alias_list": "",
 "email_address": "contact.sales@absolu-telecom.lu",
 "phone_number": "0035 226 300 942",
 "description": "Internet \u0026 Mobile phone payment",
 "created_at": "Thu Nov 12 17:20:53 UTC 2009",
 "updated_at": "Mon Mar 21 00:46:04 UTC 2011",
 "overview": "\u003Cp\u003EAbsolu Telecom is a phone operator from Luxembourg specialized in premium-rate phone numbers which as acquired a solid background (8 years) in this business. It is currently the only operator who has brought forward a telecom based micropayment solution without any code to enter for the end-user.\u003C/p\u003E\n\n\u003Cp\u003EThis brand new patented technology called \u0026#8220;Absolu Payment\u0026#8221; is a simplified micropayment solution using premium-rate phone numbers. This process is made possible by the concept of \u00c2\u00ab self-allocated \u00c2\u00bb phone numbers. Simply put, it consists in attributing a unique phone number for every single transaction made by the user requesting the premium datas/contents.\u003C/p\u003E\n\n\u003Cp\u003EThe telecom architecture deployed in order to achieve this solution has been tested for 2 years with some privileged partners prior to the extension of this technology to the whole worldwide community today.\u003C/p\u003E",
 "image":
  {"available_sizes":
    [[[150,
       104],
      "http://api-images.crunchbase.com/assets/images/resized/0006/5981/65981v2-max-150x150.jpg"],
     [[193,
       134],
      "http://api-images.crunchbase.com/assets/images/resized/0006/5981/65981v2-max-250x250.jpg"],
     [[193,
       134],
      "http://api-images.crunchbase.com/assets/images/resized/0006/5981/65981v2-max-450x450.jpg"]],
   "attribution": null},
 "products":
  [],
 "relationships":
  [{"is_past": false,
    "title": "CEO",
    "person":
     {"first_name": "Philippe",
      "last_name": "P\u00c3\u00a9nide",
      "permalink": "philippe-pnide"}}],
 "competitions":
  [{"competitor":
     {"name": "Allopass",
      "permalink": "allopass"}},
   {"competitor":
     {"name": "Zong",
      "permalink": "zong"}},
   {"competitor":
     {"name": "DAOTEC LTD",
      "permalink": "daopay"}},
   {"competitor":
     {"name": "obopay",
      "permalink": "obopay"}}],
 "providerships":
  [],
 "total_money_raised": "$0",
 "funding_rounds":
  [],
 "investments":
  [],
 "acquisition": null,
 "acquisitions":
  [],
 "offices":
  [{"description": "Headquarters",
    "address1": "13 ave du Bois",
    "address2": "",
    "zip_code": "L1251",
    "city": "Luxembourg",
    "state_code": null,
    "country_code": "LUX",
    "latitude": null,
    "longitude": null}],
 "milestones":
  [],
 "ipo": null,
 "video_embeds":
  [],
 "screenshots":
  [{"available_sizes":
     [[[150,
        111],
       "http://api-images.crunchbase.com/assets/images/resized/0006/5977/65977v2-max-150x150.jpg"],
      [[250,
        185],
       "http://api-images.crunchbase.com/assets/images/resized/0006/5977/65977v2-max-250x250.jpg"],
      [[450,
        333],
       "http://api-images.crunchbase.com/assets/images/resized/0006/5977/65977v2-max-450x450.jpg"]],
    "attribution": null},
   {"available_sizes":
     [[[150,
        101],
       "http://api-images.crunchbase.com/assets/images/resized/0006/5978/65978v2-max-150x150.jpg"],
      [[250,
        168],
       "http://api-images.crunchbase.com/assets/images/resized/0006/5978/65978v2-max-250x250.jpg"],
      [[450,
        303],
       "http://api-images.crunchbase.com/assets/images/resized/0006/5978/65978v2-max-450x450.jpg"]],
    "attribution": null},
   {"available_sizes":
     [[[150,
        103],
       "http://api-images.crunchbase.com/assets/images/resized/0006/5979/65979v2-max-150x150.jpg"],
      [[250,
        172],
       "http://api-images.crunchbase.com/assets/images/resized/0006/5979/65979v2-max-250x250.jpg"],
      [[450,
        310],
       "http://api-images.crunchbase.com/assets/images/resized/0006/5979/65979v2-max-450x450.jpg"]],
    "attribution": null},
   {"available_sizes":
     [[[150,
        108],
       "http://api-images.crunchbase.com/assets/images/resized/0006/5980/65980v2-max-150x150.jpg"],
      [[250,
        181],
       "http://api-images.crunchbase.com/assets/images/resized/0006/5980/65980v2-max-250x250.jpg"],
      [[450,
        326],
       "http://api-images.crunchbase.com/assets/images/resized/0006/5980/65980v2-max-450x450.jpg"]],
    "attribution": null}],
 "external_links":
  [{"external_url": "http://www.absolu-telecom.lu/static-revue-presse.php",
    "title": "Press Book"}],
 "partners":
  []}
