{"name": "Abstract Mechanical",
 "permalink": "abstract-mechanical",
 "crunchbase_url": "http://www.crunchbase.com/company/abstract-mechanical",
 "homepage_url": "http://www.longislandplumbers.net",
 "blog_url": "http://abstractmechanical.wordpress.com/",
 "blog_feed_url": "",
 "twitter_username": "abstractmech",
 "category_code": "web",
 "number_of_employees": 12,
 "founded_year": 1995,
 "founded_month": 11,
 "founded_day": 18,
 "deadpooled_year": null,
 "deadpooled_month": null,
 "deadpooled_day": null,
 "deadpooled_url": null,
 "tag_list": "long-island-plumbers, air-conditioning",
 "alias_list": null,
 "email_address": "info@longislandplumbers.net",
 "phone_number": "631-698-9600",
 "description": "Long Island Plumbers",
 "created_at": "Mon Mar 01 22:21:37 UTC 2010",
 "updated_at": "Tue Mar 02 01:23:53 UTC 2010",
 "overview": "\u003Cp\u003EAbstract Mechanical is a Long Island based Company that has been in business since 2006. Founded by Joseph Graziano Abstract specializes in Plumbing, Heating \u0026amp; Air Conditioning.\u003C/p\u003E",
 "image": null,
 "products":
  [],
 "relationships":
  [{"is_past": false,
    "title": "CEO",
    "person":
     {"first_name": "Joseph",
      "last_name": "Graziano",
      "permalink": "joseph-graziano"}}],
 "competitions":
  [],
 "providerships":
  [],
 "total_money_raised": "$0",
 "funding_rounds":
  [],
 "investments":
  [],
 "acquisition": null,
 "acquisitions":
  [],
 "offices":
  [{"description": "Abstract Mechanical",
    "address1": "23 Oakcrest Ave",
    "address2": "",
    "zip_code": "11738",
    "city": "Farmingville",
    "state_code": "NY",
    "country_code": "USA",
    "latitude": null,
    "longitude": null}],
 "milestones":
  [],
 "ipo": null,
 "video_embeds":
  [],
 "screenshots":
  [{"available_sizes":
     [[[116,
        150],
       "http://api-images.crunchbase.com/assets/images/resized/0007/8708/78708v2-max-150x150.png"],
      [[193,
        250],
       "http://api-images.crunchbase.com/assets/images/resized/0007/8708/78708v2-max-250x250.png"],
      [[348,
        450],
       "http://api-images.crunchbase.com/assets/images/resized/0007/8708/78708v2-max-450x450.png"]],
    "attribution": null}],
 "external_links":
  [{"external_url": "http://www.24-7pressrelease.com/press-release/long-island-plumbers-abstract-mechanical-provides-excellent-customer-service-to-over-1000-customers-136134.php",
    "title": "Press Release"}],
 "partners":
  []}
