{"name": "ABT Molecular Imaging",
 "permalink": "abt-molecular-imaging",
 "crunchbase_url": "http://www.crunchbase.com/company/abt-molecular-imaging",
 "homepage_url": "http://advancedbiomarker.com",
 "blog_url": "",
 "blog_feed_url": "",
 "twitter_username": null,
 "category_code": "medical",
 "number_of_employees": null,
 "founded_year": 2006,
 "founded_month": null,
 "founded_day": null,
 "deadpooled_year": null,
 "deadpooled_month": null,
 "deadpooled_day": null,
 "deadpooled_url": null,
 "tag_list": "",
 "alias_list": "",
 "email_address": "info@biomarker-technologies.com",
 "phone_number": "865-604-4880",
 "description": "",
 "created_at": "Fri Jan 22 12:23:58 UTC 2010",
 "updated_at": "Mon Apr 07 08:48:29 UTC 2014",
 "overview": "\u003Cp\u003EABT Molecular Imaging (Knoxville, TN) medical imaging company developing a production platform to generate unit doses of molecular imaging drugs for positron emission tomography (PET) scanning at the point of use.\u003C/p\u003E",
 "image":
  {"available_sizes":
    [[[150,
       100],
      "http://api-images.crunchbase.com/assets/images/resized/0007/4460/74460v1-max-150x150.jpg"],
     [[250,
       168],
      "http://api-images.crunchbase.com/assets/images/resized/0007/4460/74460v1-max-250x250.jpg"],
     [[446,
       300],
      "http://api-images.crunchbase.com/assets/images/resized/0007/4460/74460v1-max-450x450.jpg"]],
   "attribution": null},
 "products":
  [],
 "relationships":
  [{"is_past": false,
    "title": "Director, CEO and President",
    "person":
     {"first_name": "Peter",
      "last_name": "Kingma",
      "permalink": "peter-kingma"}},
   {"is_past": false,
    "title": "Vice President of Finance and Chief Financial Officer",
    "person":
     {"first_name": "Michael",
      "last_name": "Templin",
      "permalink": "michael-templin"}},
   {"is_past": false,
    "title": "Vice President, Operations",
    "person":
     {"first_name": "John",
      "last_name": "Greiner",
      "permalink": "john-greiner"}},
   {"is_past": false,
    "title": "Board Member",
    "person":
     {"first_name": "Rik",
      "last_name": "Vandevenne",
      "permalink": "rik-vandevenne"}},
   {"is_past": false,
    "title": "Board Member",
    "person":
     {"first_name": "Bengt",
      "last_name": "Andersson L.",
      "permalink": "bengt-andersson-l"}},
   {"is_past": false,
    "title": "Board Member",
    "person":
     {"first_name": "Dennis",
      "last_name": "Dougherty",
      "permalink": "dennis-dougherty"}},
   {"is_past": false,
    "title": "Board Member",
    "person":
     {"first_name": "Ronald",
      "last_name": "Nutt",
      "permalink": "ronald-nutt"}},
   {"is_past": true,
    "title": "Sales Director",
    "person":
     {"first_name": "Rick",
      "last_name": "Rippin",
      "permalink": "rick-rippin"}}],
 "competitions":
  [],
 "providerships":
  [],
 "total_money_raised": "$27.4M",
 "funding_rounds":
  [{"id": 11414,
    "round_code": "a",
    "source_url": "http://onbiovc.com/abt-molecular-imaging-inc-series-a-9m/",
    "source_description": "ABT Molecular Imaging, Inc.: Series A $9M",
    "raised_amount": 9000000.0,
    "raised_currency_code": "USD",
    "funded_year": 2010,
    "funded_month": 1,
    "funded_day": 21,
    "investments":
     [{"company": null,
       "financial_org":
        {"name": "Intersouth Partners",
         "permalink": "intersouth-partners"},
       "person": null}]},
   {"id": 32600,
    "round_code": "c",
    "source_url": "http://www.finsmes.com/2012/09/abt-molecular-imaging-secures-6m-series.html?utm_source=feedburner\u0026utm_medium=feed\u0026utm_campaign=Feed%3A+finsmes%2FcNHu+%28FinSMEs%29",
    "source_description": "ABT Molecular Imaging Secures $6M in Series C",
    "raised_amount": 6000000.0,
    "raised_currency_code": "USD",
    "funded_year": 2012,
    "funded_month": 9,
    "funded_day": 13,
    "investments":
     [{"company": null,
       "financial_org":
        {"name": "River Cities Capital Funds",
         "permalink": "river-cities-capital"},
       "person": null},
      {"company": null,
       "financial_org":
        {"name": "Mountain Group Capital",
         "permalink": "mountain-group-capital"},
       "person": null},
      {"company": null,
       "financial_org":
        {"name": "Council Capital",
         "permalink": "council-capital"},
       "person": null}]},
   {"id": 44155,
    "round_code": "debt_round",
    "source_url": "http://www.sec.gov/Archives/edgar/data/1473539/000141744812000001/xslFormDX01/primary_doc.xml",
    "source_description": "SEC",
    "raised_amount": 150000.0,
    "raised_currency_code": "USD",
    "funded_year": 2012,
    "funded_month": 8,
    "funded_day": 8,
    "investments":
     []},
   {"id": 47211,
    "round_code": "debt_round",
    "source_url": "http://www.sec.gov/Archives/edgar/data/1473539/000147353912000001/xslFormDX01/primary_doc.xml",
    "source_description": "SEC",
    "raised_amount": 500000.0,
    "raised_currency_code": "USD",
    "funded_year": 2012,
    "funded_month": 3,
    "funded_day": 5,
    "investments":
     []},
   {"id": 51576,
    "round_code": "unattributed",
    "source_url": "http://www.sec.gov/Archives/edgar/data/1473539/000147353911000001/xslFormDX01/primary_doc.xml",
    "source_description": "SEC",
    "raised_amount": 4013808.0,
    "raised_currency_code": "USD",
    "funded_year": 2011,
    "funded_month": 6,
    "funded_day": 29,
    "investments":
     []},
   {"id": 57208,
    "round_code": "debt_round",
    "source_url": "http://www.sec.gov/Archives/edgar/data/1473539/000147353913000001/xslFormDX01/primary_doc.xml",
    "source_description": "SEC",
    "raised_amount": 401010.0,
    "raised_currency_code": "USD",
    "funded_year": 2013,
    "funded_month": 12,
    "funded_day": 6,
    "investments":
     []},
   {"id": 66509,
    "round_code": "debt_round",
    "source_url": "http://www.sec.gov/Archives/edgar/data/1473539/000147353914000001/xslFormDX01/primary_doc.xml",
    "source_description": "SEC",
    "raised_amount": 500000.0,
    "raised_currency_code": "USD",
    "funded_year": 2014,
    "funded_month": 2,
    "funded_day": 25,
    "investments":
     []},
   {"id": 68854,
    "round_code": "partial",
    "source_url": "http://www.sec.gov/Archives/edgar/data/1473539/000147353909000001/xslFormDX01/primary_doc.xml",
    "source_description": "SEC",
    "raised_amount": 6000000.0,
    "raised_currency_code": "USD",
    "funded_year": 2009,
    "funded_month": 10,
    "funded_day": 6,
    "investments":
     []},
   {"id": 71667,
    "round_code": "debt_round",
    "source_url": "http://www.sec.gov/Archives/edgar/data/1473539/000147353914000002/xslFormDX01/primary_doc.xml",
    "source_description": "SEC",
    "raised_amount": 800000.0,
    "raised_currency_code": "USD",
    "funded_year": 2014,
    "funded_month": 4,
    "funded_day": 7,
    "investments":
     []}],
 "investments":
  [],
 "acquisition": null,
 "acquisitions":
  [],
 "offices":
  [{"description": "",
    "address1": "11130 Kingston Pike",
    "address2": "Suite 1-409",
    "zip_code": "37934",
    "city": "Knoxville",
    "state_code": "TN",
    "country_code": "USA",
    "latitude": null,
    "longitude": null}],
 "milestones":
  [],
 "ipo": null,
 "video_embeds":
  [],
 "screenshots":
  [],
 "external_links":
  [],
 "partners":
  []}
