{"name": "AC-Baidu",
 "permalink": "ac-baidu",
 "crunchbase_url": "http://www.crunchbase.com/company/ac-baidu",
 "homepage_url": "http://www.ac-baidu.com",
 "blog_url": "",
 "blog_feed_url": "",
 "twitter_username": null,
 "category_code": "web",
 "number_of_employees": null,
 "founded_year": null,
 "founded_month": null,
 "founded_day": null,
 "deadpooled_year": null,
 "deadpooled_month": null,
 "deadpooled_day": null,
 "deadpooled_url": null,
 "tag_list": "",
 "alias_list": null,
 "email_address": "help@ac-baidu.com",
 "phone_number": "",
 "description": "AC-Baidu, access Baidu",
 "created_at": "Sat Sep 12 07:12:41 UTC 2009",
 "updated_at": "Sun Sep 13 01:53:23 UTC 2009",
 "overview": "\u003Cp\u003EAC-Baidu, access Baidu, to help business to do pay-per-click (PPC) advertisement on Baidu.com\u003C/p\u003E",
 "image": null,
 "products":
  [],
 "relationships":
  [],
 "competitions":
  [],
 "providerships":
  [],
 "total_money_raised": "$0",
 "funding_rounds":
  [],
 "investments":
  [],
 "acquisition": null,
 "acquisitions":
  [],
 "offices":
  [],
 "milestones":
  [],
 "ipo": null,
 "video_embeds":
  [],
 "screenshots":
  [],
 "external_links":
  [],
 "partners":
  []}
