{"name": "Academic Approach",
 "permalink": "academic-approach",
 "crunchbase_url": "http://www.crunchbase.com/company/academic-approach",
 "homepage_url": "http://www.academicapproach.com",
 "blog_url": "http://www.academicapproach.blogspot.in/",
 "blog_feed_url": "",
 "twitter_username": null,
 "category_code": null,
 "number_of_employees": null,
 "founded_year": 2001,
 "founded_month": null,
 "founded_day": null,
 "deadpooled_year": null,
 "deadpooled_month": null,
 "deadpooled_day": null,
 "deadpooled_url": null,
 "tag_list": null,
 "alias_list": "",
 "email_address": "chicago@academicapproach.com",
 "phone_number": "773-348-8914  ",
 "description": "",
 "created_at": "Wed Aug 26 15:46:25 UTC 2009",
 "updated_at": "Wed Apr 10 09:51:29 UTC 2013",
 "overview": "\u003Cp\u003EThe idea for Academic Approach was born 13 years ago at Columbia University in New York City. While earning a PhD in English and teaching college freshmen in Columbia\u0026#8217;s core curriculum, I was at the same time tutoring New York City high school students for the standardized tests. I noticed an evident gap between the level of readiness my high school students exhibited and the academic standards they would be expected to live up to on the college level.\u003C/p\u003E\n\n\u003Cp\u003EIt occurred to me that the most meaningful way to offer test preparation was to create an academic curriculum that bridged these two levels of education, high school and college. Such a curriculum would allow me to use standardized tests in an innovative way: as a means to produce both better high school test takers and better college freshmen. We refer to this essential academic mission as \u0026#8220;Teaching Beyond the TestTM.\u0026#8221;\u003C/p\u003E",
 "image":
  {"available_sizes":
    [[[150,
       31],
      "http://api-images.crunchbase.com/assets/images/resized/0010/6826/106826v1-max-150x150.jpg"],
     [[250,
       52],
      "http://api-images.crunchbase.com/assets/images/resized/0010/6826/106826v1-max-250x250.jpg"],
     [[254,
       53],
      "http://api-images.crunchbase.com/assets/images/resized/0010/6826/106826v1-max-450x450.jpg"]],
   "attribution": null},
 "products":
  [],
 "relationships":
  [{"is_past": true,
    "title": "VP of Technology",
    "person":
     {"first_name": "Brian",
      "last_name": "Kelley",
      "permalink": "brian-kelley"}}],
 "competitions":
  [],
 "providerships":
  [],
 "total_money_raised": "$0",
 "funding_rounds":
  [],
 "investments":
  [],
 "acquisition": null,
 "acquisitions":
  [],
 "offices":
  [{"description": "HQ",
    "address1": "342 W Armitage Ave",
    "address2": "",
    "zip_code": "60614",
    "city": "Chicago",
    "state_code": "IL",
    "country_code": "USA",
    "latitude": null,
    "longitude": null}],
 "milestones":
  [],
 "ipo": null,
 "video_embeds":
  [],
 "screenshots":
  [{"available_sizes":
     [[[150,
        91],
       "http://api-images.crunchbase.com/assets/images/resized/0010/6827/106827v1-max-150x150.jpg"],
      [[250,
        151],
       "http://api-images.crunchbase.com/assets/images/resized/0010/6827/106827v1-max-250x250.jpg"],
      [[450,
        273],
       "http://api-images.crunchbase.com/assets/images/resized/0010/6827/106827v1-max-450x450.jpg"]],
    "attribution": null}],
 "external_links":
  [],
 "partners":
  []}
