{"name": "ACAL Energy",
 "permalink": "acal-energy",
 "crunchbase_url": "http://www.crunchbase.com/company/acal-energy",
 "homepage_url": "http://www.acalenergy.co.uk",
 "blog_url": "",
 "blog_feed_url": "",
 "twitter_username": "ACALenergy",
 "category_code": "cleantech",
 "number_of_employees": null,
 "founded_year": 2004,
 "founded_month": 8,
 "founded_day": null,
 "deadpooled_year": null,
 "deadpooled_month": null,
 "deadpooled_day": null,
 "deadpooled_url": null,
 "tag_list": "",
 "alias_list": "",
 "email_address": "info@acalenergy.co.uk",
 "phone_number": "44-(0)1928-511581",
 "description": "",
 "created_at": "Tue Aug 25 08:00:45 UTC 2009",
 "updated_at": "Tue Dec 10 16:42:39 UTC 2013",
 "overview": "\u003Cp\u003EACAL Energy is a developer of Fuel Cell systems, modules and consumable chemicals for a range of uses including stationary, residential and automotive applications requiring larger than 1 kW of power. Its innovative designs will deliver substantial cost savings in Fuel Cell systems and performance improvements in PEM (\u0026#8216;Proton Exchange Membrane\u0026#8217;) that will accelerate the adoption of PEM Fuel Cell technologies in key markets.\u003C/p\u003E",
 "image":
  {"available_sizes":
    [[[81,
       74],
      "http://api-images.crunchbase.com/assets/images/resized/0005/7590/57590v1-max-150x150.jpg"],
     [[81,
       74],
      "http://api-images.crunchbase.com/assets/images/resized/0005/7590/57590v1-max-250x250.jpg"],
     [[81,
       74],
      "http://api-images.crunchbase.com/assets/images/resized/0005/7590/57590v1-max-450x450.jpg"]],
   "attribution": null},
 "products":
  [],
 "relationships":
  [{"is_past": false,
    "title": "Non-Executive Chairman",
    "person":
     {"first_name": "Bob",
      "last_name": "Pettigrew",
      "permalink": "bob-pettigrew"}},
   {"is_past": false,
    "title": "Chief Technology Officer \u0026 Co-Founder",
    "person":
     {"first_name": "Andrew",
      "last_name": "Creeth",
      "permalink": "andrew-creeth"}},
   {"is_past": false,
    "title": "Chief Financial Officer",
    "person":
     {"first_name": "Joanna",
      "last_name": "Dunne",
      "permalink": "joanna-dunne"}},
   {"is_past": false,
    "title": "Chief Commercial Officer",
    "person":
     {"first_name": "Brendan",
      "last_name": "Bilton",
      "permalink": "brendan-bilton"}},
   {"is_past": false,
    "title": "Board Member",
    "person":
     {"first_name": "Alexander",
      "last_name": "Nevinskiy",
      "permalink": "alexander-nevinskiy"}},
   {"is_past": false,
    "title": "Non-Executive Director",
    "person":
     {"first_name": "Greg",
      "last_name": "McCray",
      "permalink": "greg-mccray"}},
   {"is_past": false,
    "title": "Investor Representative Non Executive-Director",
    "person":
     {"first_name": "Byron",
      "last_name": "Mccormick",
      "permalink": "byron-mccormick"}},
   {"is_past": false,
    "title": "Non-Executive Director",
    "person":
     {"first_name": "Thierry",
      "last_name": "Piret",
      "permalink": "thierry-piret"}},
   {"is_past": false,
    "title": "Chief Engineer",
    "person":
     {"first_name": "Bob",
      "last_name": "Longman",
      "permalink": "bob-longman"}},
   {"is_past": false,
    "title": "Independent Non-Director",
    "person":
     {"first_name": "David",
      "last_name": "Fyfe",
      "permalink": "david-fyfe"}},
   {"is_past": false,
    "title": "Non-Executive Director",
    "person":
     {"first_name": "Michael",
      "last_name": "Baunton",
      "permalink": "michael-baunton"}},
   {"is_past": true,
    "title": "Board Observer",
    "person":
     {"first_name": "Robert",
      "last_name": "W. Shaw, Jr",
      "permalink": "robert-w-shaw-jr"}}],
 "competitions":
  [],
 "providerships":
  [],
 "total_money_raised": "\u00a310.4M",
 "funding_rounds":
  [{"id": 8191,
    "round_code": "unattributed",
    "source_url": "http://www.acalenergy.co.uk/news/2/",
    "source_description": "ACAL Energy Raises \u00c2\u00a33.3m in Venture Financing",
    "raised_amount": 3300000.0,
    "raised_currency_code": "GBP",
    "funded_year": 2008,
    "funded_month": 12,
    "funded_day": 3,
    "investments":
     [{"company": null,
       "financial_org":
        {"name": "Rising Stars Growth Fund",
         "permalink": "rising-stars-growth-fund"},
       "person": null},
      {"company": null,
       "financial_org":
        {"name": "Northstar Ventures",
         "permalink": "northstar-ventures"},
       "person": null},
      {"company": null,
       "financial_org":
        {"name": "Porton Group",
         "permalink": "porton-group"},
       "person": null},
      {"company": null,
       "financial_org":
        {"name": "Synergis Technologies",
         "permalink": "synergis-technologies"},
       "person": null},
      {"company": null,
       "financial_org":
        {"name": "Carbon Trust",
         "permalink": "carbon-trust"},
       "person": null}]},
   {"id": 22868,
    "round_code": "unattributed",
    "source_url": "http://www.finsmes.com/2011/05/acal-energy-receives-1m-investment-from-i2bf.html?utm_source=feedburner\u0026utm_medium=feed\u0026utm_campaign=Feed%3A+finsmes%2FcNHu+%28FinSMEs%29",
    "source_description": "ACAL Energy Receives \u00c2\u00a31M Investment from I2BF",
    "raised_amount": 1000000.0,
    "raised_currency_code": "GBP",
    "funded_year": 2011,
    "funded_month": 5,
    "funded_day": 8,
    "investments":
     [{"company": null,
       "financial_org":
        {"name": "I2BF Venture Capital",
         "permalink": "i2bf"},
       "person": null}]},
   {"id": 23582,
    "round_code": "unattributed",
    "source_url": "http://www.finsmes.com/2011/06/acal-energy-closes-6-1m-funding.html?utm_source=feedburner\u0026utm_medium=feed\u0026utm_campaign=Feed%3A+finsmes%2FcNHu+%28FinSMEs%29",
    "source_description": "ACAL Energy Closes \u00c2\u00a36.1M Funding",
    "raised_amount": 6100000.0,
    "raised_currency_code": "GBP",
    "funded_year": 2011,
    "funded_month": 6,
    "funded_day": 15,
    "investments":
     [{"company": null,
       "financial_org":
        {"name": "I2BF Venture Capital",
         "permalink": "i2bf"},
       "person": null},
      {"company": null,
       "financial_org":
        {"name": "The North West Fund",
         "permalink": "north-west-fund"},
       "person": null},
      {"company": null,
       "financial_org":
        {"name": "Porton Group",
         "permalink": "porton-group"},
       "person": null},
      {"company": null,
       "financial_org":
        {"name": "Parkwalk Advisors Ltd",
         "permalink": "parkwalk-advisors"},
       "person": null}]}],
 "investments":
  [],
 "acquisition": null,
 "acquisitions":
  [],
 "offices":
  [{"description": "",
    "address1": "The Heath Business and Technical Park",
    "address2": "Cheshire",
    "zip_code": "WA7 4QX",
    "city": "Runcorn",
    "state_code": null,
    "country_code": "GBR",
    "latitude": 53.3333124,
    "longitude": -2.6923607}],
 "milestones":
  [],
 "ipo": null,
 "video_embeds":
  [],
 "screenshots":
  [{"available_sizes":
     [[[150,
        89],
       "http://api-images.crunchbase.com/assets/images/resized/0005/7591/57591v1-max-150x150.jpg"],
      [[250,
        149],
       "http://api-images.crunchbase.com/assets/images/resized/0005/7591/57591v1-max-250x250.jpg"],
      [[450,
        268],
       "http://api-images.crunchbase.com/assets/images/resized/0005/7591/57591v1-max-450x450.jpg"]],
    "attribution": null}],
 "external_links":
  [],
 "partners":
  []}
