{"name": "Acambis",
 "permalink": "acambis",
 "crunchbase_url": "http://www.crunchbase.com/company/acambis",
 "homepage_url": "http://www.acambis.com",
 "blog_url": "",
 "blog_feed_url": "",
 "twitter_username": null,
 "category_code": "biotech",
 "number_of_employees": 206,
 "founded_year": 1992,
 "founded_month": null,
 "founded_day": null,
 "deadpooled_year": null,
 "deadpooled_month": null,
 "deadpooled_day": null,
 "deadpooled_url": null,
 "tag_list": "",
 "alias_list": "",
 "email_address": "",
 "phone_number": "44 12 2327 5300",
 "description": "",
 "created_at": "Sat Sep 05 12:11:46 UTC 2009",
 "updated_at": "Sat Sep 05 12:11:45 UTC 2009",
 "overview": "\u003Cp\u003EAcambis plc, a biotechnology company, engages in the research, development, and manufacture of vaccines for the prevention and treatment of infectious diseases in Europe and North America. The company offers ACAM2000, a smallpox vaccine for emergency-use stockpiling; and ChimeriVax-JE, a single-dose Japanese encephalitis vaccine for endemic markets and travelers. Its products in pipeline also includes ChimeriVax-West Nile, a Phase II clinical trial candidate against West Nile virus and North America\u00e2\u20ac\u2122s endemic mosquitoborne encephalitis; and acam-flu-a, a Phase I clinical trial candidate against influenza vaccination and pandemic influenza. In addition, the company\u00e2\u20ac\u2122s products comprise ACAM-CdifF, a Phase I trial vaccine in clinical development against hospital-acquired infection; Herpes Simplex Virus against sexually transmitted infections; and ChimeriVax-Dengue, an advanced Phase II trial vaccine against the haemorrhagic fever. Acambis plc was formerly known as Peptide Therapeutics Group PLC and changed its name to Acambis plc in December, 2000. The company was founded in 1992 and is based in Cambridge, United Kingdom. As of September 25, 2008, Acambis plc operates as a subsidiary of Sanofi Pasteur SA.\u003C/p\u003E",
 "image":
  {"available_sizes":
    [[[150,
       29],
      "http://api-images.crunchbase.com/assets/images/resized/0005/8882/58882v1-max-150x150.png"],
     [[250,
       48],
      "http://api-images.crunchbase.com/assets/images/resized/0005/8882/58882v1-max-250x250.png"],
     [[276,
       54],
      "http://api-images.crunchbase.com/assets/images/resized/0005/8882/58882v1-max-450x450.png"]],
   "attribution": null},
 "products":
  [],
 "relationships":
  [{"is_past": false,
    "title": "CEO",
    "person":
     {"first_name": "Ian",
      "last_name": "R. Garland",
      "permalink": "ian-r-garland"}},
   {"is_past": false,
    "title": "CFO",
    "person":
     {"first_name": "Elizabeth",
      "last_name": "Jones",
      "permalink": "elizabeth-jones"}},
   {"is_past": true,
    "title": "Chairman",
    "person":
     {"first_name": "Peter",
      "last_name": "Fellner",
      "permalink": "peter-fellner"}},
   {"is_past": true,
    "title": "Chief Scientific Officer and Executive Director",
    "person":
     {"first_name": "Thomas",
      "last_name": "P. Monath",
      "permalink": "thomas-p-monath"}},
   {"is_past": true,
    "title": "VP, Development",
    "person":
     {"first_name": "Paul",
      "last_name": "Giannasca",
      "permalink": "paul-giannasca"}},
   {"is_past": true,
    "title": "Director, Human Resources",
    "person":
     {"first_name": "Lee",
      "last_name": "Merill",
      "permalink": "lee-merill"}}],
 "competitions":
  [],
 "providerships":
  [],
 "total_money_raised": "$0",
 "funding_rounds":
  [],
 "investments":
  [],
 "acquisition":
  {"price_amount": 564960000.0,
   "price_currency_code": "USD",
   "term_code": null,
   "source_url": "",
   "source_description": "",
   "acquired_year": 2008,
   "acquired_month": 7,
   "acquired_day": 25,
   "acquiring_company":
    {"name": "Sanofi Pasteur",
     "permalink": "sanofi-pasteur"}},
 "acquisitions":
  [],
 "offices":
  [{"description": "",
    "address1": "Peterhouse",
    "address2": "Technologypark, 100 Fulbourn Road",
    "zip_code": "CB1 9PT",
    "city": "Cambridge",
    "state_code": null,
    "country_code": "GBR",
    "latitude": null,
    "longitude": null}],
 "milestones":
  [],
 "ipo": null,
 "video_embeds":
  [],
 "screenshots":
  [],
 "external_links":
  [],
 "partners":
  []}
