{"name": "Acceleratio",
 "permalink": "acceleratio-ltd",
 "crunchbase_url": "http://www.crunchbase.com/company/acceleratio-ltd",
 "homepage_url": "http://acceleratio.net",
 "blog_url": "http://www.terminalserviceslog.com/blog",
 "blog_feed_url": "http://www.terminalserviceslog.com/blog/index.php/feed/",
 "twitter_username": "tslog",
 "category_code": "software",
 "number_of_employees": 10,
 "founded_year": 2009,
 "founded_month": null,
 "founded_day": null,
 "deadpooled_year": null,
 "deadpooled_month": null,
 "deadpooled_day": null,
 "deadpooled_url": null,
 "tag_list": "acceleratio, terminal-services-log, terminal-services, citrix-monitoring, citrix-reports, citrix-audit, documentation-toolkit-for-sharepoint, sharepoint-documentation, sharepoint-audit, sharepoint-reports, virtual-desktop-monitor, remote-desktop-gateway-m",
 "alias_list": null,
 "email_address": "sales@acceleratiosoftware.com",
 "phone_number": "+1 (631) 615-4299",
 "description": "Software development company",
 "created_at": "Sat Dec 05 11:30:19 UTC 2009",
 "updated_at": "Wed Oct 17 13:47:57 UTC 2012",
 "overview": "\u003Cp\u003EAcceleratio Ltd. is a Croatian company specialized in developing high quality software for global markets and provides consulting for Microsoft Terminal Services,Citrix  and Microsoft Office SharePoint system. \u003C/p\u003E\n\n\u003Cp\u003EOur products are Terminal Services Log, Remote Dekstop Gateway, Virtual Dekstop Monitor and Documentation Toolkit \u003C/p\u003E\n\n\u003Cp\u003ETerminal Services Log is a tool for monitoring Terminal Services and Citrix enviroments. It allows easily monitoring of user activities, applications being used and performance in general. \u003C/p\u003E\n\n\u003Cp\u003EDocumentation Toolkit for SharePoint generates SharePoint farm configuration in a just few seconds, enables you to track changes in the farm settings and compare different farms. It provides standardized and professional looking documentation.\u003C/p\u003E\n\n\u003Cp\u003EVirtual Desktop Monitor is a monitoring and reporting tool for virtualized desktop environments. It allows administrators to track usage and user activities across virtual desktops in their organization. \u003C/p\u003E\n\n\u003Cp\u003ERemote Desktop Gateway Monitor is a server monitoring application for Remote Desktop Gateway and Terminal Services Gateway. Allows to always keep an eye on your gateways, user activities and server performance.\u003C/p\u003E",
 "image":
  {"available_sizes":
    [[[150,
       32],
      "http://api-images.crunchbase.com/assets/images/resized/0006/8624/68624v5-max-150x150.png"],
     [[169,
       37],
      "http://api-images.crunchbase.com/assets/images/resized/0006/8624/68624v5-max-250x250.png"],
     [[169,
       37],
      "http://api-images.crunchbase.com/assets/images/resized/0006/8624/68624v5-max-450x450.png"]],
   "attribution": null},
 "products":
  [{"name": "Terminal Services Log",
    "permalink": "terminal-services-log"},
   {"name": "Documentation Toolkit for SharePoint",
    "permalink": "documentation-toolkit-for-sharepoint"}],
 "relationships":
  [],
 "competitions":
  [],
 "providerships":
  [],
 "total_money_raised": "$0",
 "funding_rounds":
  [],
 "investments":
  [],
 "acquisition": null,
 "acquisitions":
  [],
 "offices":
  [{"description": "Head Office",
    "address1": "Ulica grada Vukovara 271",
    "address2": "",
    "zip_code": "10000",
    "city": "Zagreb",
    "state_code": null,
    "country_code": "HRV",
    "latitude": null,
    "longitude": null}],
 "milestones":
  [],
 "ipo": null,
 "video_embeds":
  [],
 "screenshots":
  [{"available_sizes":
     [[[150,
        105],
       "http://api-images.crunchbase.com/assets/images/resized/0020/2989/202989v2-max-150x150.png"],
      [[250,
        175],
       "http://api-images.crunchbase.com/assets/images/resized/0020/2989/202989v2-max-250x250.png"],
      [[450,
        315],
       "http://api-images.crunchbase.com/assets/images/resized/0020/2989/202989v2-max-450x450.png"]],
    "attribution": null},
   {"available_sizes":
     [[[150,
        102],
       "http://api-images.crunchbase.com/assets/images/resized/0020/5259/205259v2-max-150x150.png"],
      [[250,
        171],
       "http://api-images.crunchbase.com/assets/images/resized/0020/5259/205259v2-max-250x250.png"],
      [[450,
        308],
       "http://api-images.crunchbase.com/assets/images/resized/0020/5259/205259v2-max-450x450.png"]],
    "attribution": null}],
 "external_links":
  [{"external_url": "http://www.terminalserviceslog.com/",
    "title": "Terminal Services Log"},
   {"external_url": "http://www.spdockit.com/",
    "title": "Documentation Toolkit for SharePoint"},
   {"external_url": "http://www.rdgatewaymonitor.com/",
    "title": "Remote Desktop Gateway Monitor"},
   {"external_url": "http://www.virtualdesktopmonitor.com/",
    "title": "Virtual Desktop Monitor"},
   {"external_url": "http://www.acceleratiosoftware.com/",
    "title": "Acceleratio Ltd. Software"}],
 "partners":
  []}
