{"name": "Accedian Networks",
 "permalink": "accedian-networks",
 "crunchbase_url": "http://www.crunchbase.com/company/accedian-networks",
 "homepage_url": "http://www.accedian.com",
 "blog_url": "http://www.accedian.com/blog/",
 "blog_feed_url": "",
 "twitter_username": "accedian",
 "category_code": "mobile",
 "number_of_employees": 230,
 "founded_year": 2004,
 "founded_month": null,
 "founded_day": null,
 "deadpooled_year": null,
 "deadpooled_month": null,
 "deadpooled_day": null,
 "deadpooled_url": null,
 "tag_list": "network-performance, moble-backhaul, business-services, enterprise, mobile, telecommunications, network-monitoring",
 "alias_list": "",
 "email_address": "info@accedian.com",
 "phone_number": "1-866-331-6181",
 "description": "Performance Assured Networking",
 "created_at": "Thu Jan 14 15:37:03 UTC 2010",
 "updated_at": "Fri Mar 28 11:51:19 UTC 2014",
 "overview": "\u003Cp\u003EAccedian Networks is the leader in Performance Assured Networking\u2122 for mobile backhaul, business services and cloud connectivity. Our solutions provide service providers and network operators with visibility into their networks and this differentiating ability empowers them to optimize, improve and manage the performance of their network, thereby delivering the best possible experience to their subscribers.\u003C/p\u003E\n\n\u003Cp\u003EACCEDIAN\u0026#8217;S MISSION IS SIMPLE\nOffer our customers innovative solutions that allow them to differentiate themselves by accelerating the expansion of their networks, and by offering Assured, High Performance services.\u003C/p\u003E\n\n\u003Cp\u003EACCEDIAN\u0026#8217;S ROLE IN THE NETWORK\nQuite simply, Accedian delivers Performance Assurance for mobile operator, service provider and enterprise networks.\u003C/p\u003E\n\n\u003Cp\u003EOur FPGA-based solutions deliver true end-to-end visibility that our customers need to ensure the performance of their network. Our Performance Assurance Elements, Performance Assurance Nodes and Performance Assurance Software Platform, in conjunction with a powerful cloud-based App can provide SDN/SON controllers with Network State+\u2122 Information. Accedian\u0026#8217;s solutions enable our customers with the insight required to optimize usage and performance of the backhaul bandwidth dynamically.\u003C/p\u003E\n\n\u003Cp\u003EWHY NETWORK PERFORMACNE IS KEY\nPacket networking performance is variable and inconsistent, and mission critical applications, such as mobile backhaul, high-speed trading, synchronization services, video conferencing, real-time collaboration, telemedicine and remote storage performance are far from optimal. Why? Because real-time business and carrier exchange applications require ultra-low delay and delay variation, guaranteed throughput and carrier-grade reliability with operational efficiency. This is where Accedian\u0026#8217;s Performance Assured Networking\u2122 plays an important role. Our solutions monitor, maintain and manage network performance so that mobile operators and service providers can certify performance and deliver upon their SLAs. Accedian Performance Assured Networking delivers micro-second delay and delay variation measurement, hitless throughput and remote loopback testing, mesh network, ring topology support and advanced traffic control from edge-to-edge.\u003C/p\u003E\n\n\u003Cp\u003EACCEDIAN NETWORKS SOLUTIONS\nThe availability and expanded use of end-to-end service management solutions is seen as one of the most important developments in the network market of late, and packet networking has emerged as the technology of choice for mobile backhaul and for private business traffic. But, as explained above, most packet networking equipment performance is variable and inconsistent.\u003C/p\u003E\n\n\u003Cp\u003EAccedian\u0026#8217;s best-of-breed, Service Creation and Performance Assurance solutions enable mobile operators and service providers to effectively manage their network\u2019s performance and deliver higher quality services to customers. Accedian\u0026#8217;s products are installed at cell towers, customer sites and switching centers to provide operators with an unprecedented ability to improve and manage network performance.\u003C/p\u003E\n\n\u003Cp\u003EAccedian products leverage a proprietary, high-performance FPGA architecture, and combine the best elements of packet networking and performance monitoring to deliver real-time performance optimization and management.\u003C/p\u003E\n\n\u003Cp\u003EAccedian Networks understands the complexities of performance assurance and addresses these situations by providing service providers with end-to-end network visibility with network performance verification - here\u0026#8217;s how:\u003C/p\u003E\n\n\u003Cul\u003E\n\u003Cli\u003ECreating and assuring services with real-time service mapping and traffic conditioning\u003C/li\u003E\n\u003Cli\u003EEnd-to-end test \u0026amp; turn-up, creation of the service\u2019s birth certificate\u003C/li\u003E\n\u003Cli\u003EIn-service real-time performance monitoring\u003C/li\u003E\n\u003Cli\u003EService management, improved visibility, demarcation and troubleshooting\u003C/li\u003E\n\u003C/ul\u003E\n\n\u003Cp\u003EA truly complete solution, Accedian extends its powerful, scalable and hardware driven performance assurance solutions with a comprehensive overhanging cloud-based software suite. This suite empowers network operators with data of the status of their network\u2019s performance. This is ideal for:\u003C/p\u003E\n\n\u003Cul\u003E\n\u003Cli\u003ECircuit verification\u003C/li\u003E\n\u003Cli\u003ESLA validation\u003C/li\u003E\n\u003Cli\u003EVirtualized instrumentation - which reduces costs without compromising performance management capabilities\u003C/li\u003E\n\u003C/ul\u003E",
 "image":
  {"available_sizes":
    [[[150,
       52],
      "http://api-images.crunchbase.com/assets/images/resized/0007/3409/73409v4-max-150x150.png"],
     [[200,
       70],
      "http://api-images.crunchbase.com/assets/images/resized/0007/3409/73409v4-max-250x250.png"],
     [[200,
       70],
      "http://api-images.crunchbase.com/assets/images/resized/0007/3409/73409v4-max-450x450.png"]],
   "attribution": null},
 "products":
  [],
 "relationships":
  [{"is_past": false,
    "title": "Founder; President; CEO",
    "person":
     {"first_name": "Patrick",
      "last_name": "Ostiguy",
      "permalink": "patrick-ostiguy"}},
   {"is_past": false,
    "title": "CTO",
    "person":
     {"first_name": "Claude",
      "last_name": "Robitaille",
      "permalink": "claude-robitaille"}},
   {"is_past": false,
    "title": "Vice President Engineering and Operations",
    "person":
     {"first_name": "Francois",
      "last_name": "Marineau",
      "permalink": "francois-marineau"}},
   {"is_past": false,
    "title": "VP Sales North America",
    "person":
     {"first_name": "Douglas",
      "last_name": "Smidl",
      "permalink": "douglas-smidl"}},
   {"is_past": false,
    "title": "CFO",
    "person":
     {"first_name": "Martin",
      "last_name": "Lebeau",
      "permalink": "martin-lebeau"}},
   {"is_past": false,
    "title": "Vice President Sales North America",
    "person":
     {"first_name": "Doug",
      "last_name": "Smidl",
      "permalink": "doug-smidl"}},
   {"is_past": false,
    "title": "Board of Directors",
    "person":
     {"first_name": "Antoine",
      "last_name": "Paquin",
      "permalink": "antoine-paquin"}},
   {"is_past": false,
    "title": "SVP Sales, EMEA",
    "person":
     {"first_name": "Patrick",
      "last_name": "Dolan",
      "permalink": "patrick-dolan"}},
   {"is_past": false,
    "title": "Board Member",
    "person":
     {"first_name": "George",
      "last_name": "Riedel",
      "permalink": "george-riedel"}},
   {"is_past": true,
    "title": "Vice President Business Development",
    "person":
     {"first_name": "Bill",
      "last_name": "Balmer",
      "permalink": "bill-balmer"}},
   {"is_past": true,
    "title": "Boards of Directors",
    "person":
     {"first_name": "Michael",
      "last_name": "A. Medici",
      "permalink": "michael-a-medici"}},
   {"is_past": true,
    "title": "Board of Directors",
    "person":
     {"first_name": "Pierre",
      "last_name": "Trudeau",
      "permalink": "pierre-trudeau"}}],
 "competitions":
  [],
 "providerships":
  [],
 "total_money_raised": "$31M",
 "funding_rounds":
  [{"id": 11175,
    "round_code": "b",
    "source_url": "http://www.openpr.com/news/37508/Accedian-Networks-TM-Completes-7-5-Million-in-Series-B-Financing.html",
    "source_description": "Funding Source",
    "raised_amount": 7540000.0,
    "raised_currency_code": "USD",
    "funded_year": 2008,
    "funded_month": 2,
    "funded_day": 14,
    "investments":
     [{"company": null,
       "financial_org":
        {"name": "Skypoint Capital",
         "permalink": "skypoint-capital"},
       "person": null},
      {"company": null,
       "financial_org":
        {"name": "Rho Capital Partners",
         "permalink": "rho-capital-ventures"},
       "person": null},
      {"company": null,
       "financial_org":
        {"name": "Fonds de solidarit\u00e9 FTQ",
         "permalink": "fonds-de-solidarit-ftq"},
       "person": null}]},
   {"id": 11176,
    "round_code": "a",
    "source_url": "http://www.accedian.com/modules/news/article.php?storyid=39",
    "source_description": "Accedian Press Release",
    "raised_amount": 4000000.0,
    "raised_currency_code": "USD",
    "funded_year": 2006,
    "funded_month": 3,
    "funded_day": 9,
    "investments":
     [{"company": null,
       "financial_org":
        {"name": "Skypoint Capital",
         "permalink": "skypoint-capital"},
       "person": null},
      {"company": null,
       "financial_org":
        {"name": "Fonds de solidarit\u00e9 FTQ",
         "permalink": "fonds-de-solidarit-ftq"},
       "person": null}]},
   {"id": 17419,
    "round_code": "c",
    "source_url": "http://www.businesswire.com/portal/site/home/permalink/?ndmViewId=news_view\u0026newsId=20100803005237\u0026newsLang=en",
    "source_description": "Accedian Networks Raises $19.5M in Growth Equity Funding Led by Summit Partners",
    "raised_amount": 19500000.0,
    "raised_currency_code": "USD",
    "funded_year": 2010,
    "funded_month": 8,
    "funded_day": 4,
    "investments":
     [{"company": null,
       "financial_org":
        {"name": "Rho Capital Partners",
         "permalink": "rho-capital-ventures"},
       "person": null},
      {"company": null,
       "financial_org":
        {"name": "Summit Partners",
         "permalink": "summit-partners"},
       "person": null},
      {"company": null,
       "financial_org":
        {"name": "Skypoint Capital",
         "permalink": "skypoint-capital"},
       "person": null}]}],
 "investments":
  [],
 "acquisition": null,
 "acquisitions":
  [],
 "offices":
  [{"description": "Corporate HQ",
    "address1": "2351 Alfred-Nobel",
    "address2": "Suite N-410, Saint-Laurent, Quebec",
    "zip_code": "H4S 2A9",
    "city": "Montreal",
    "state_code": null,
    "country_code": "CAN",
    "latitude": null,
    "longitude": null}],
 "milestones":
  [{"id": 37205,
    "description": "Accedian Launches Solutions Architecture called SkyLIGHT(TM)",
    "stoned_year": 2013,
    "stoned_month": 6,
    "stoned_day": 17,
    "source_url": "http://www.accedian.com/en/news-events/latest-news/accedian-announces-skylight-tm-its-solutions-architecture-for-performance-assurance.html",
    "source_text": null,
    "source_description": "",
    "stoneable_type": "Company",
    "stoned_value": null,
    "stoned_value_type": null,
    "stoned_acquirer": null,
    "stoneable":
     {"name": "Accedian Networks",
      "permalink": "accedian-networks"}},
   {"id": 37206,
    "description": "Accedian Launches MetroNODE LT (TM)",
    "stoned_year": 2013,
    "stoned_month": 6,
    "stoned_day": 26,
    "source_url": "http://www.accedian.com/en/news-events/latest-news/accedian-launches-fully-programmable-performance-assured-networking-node.html",
    "source_text": null,
    "source_description": "",
    "stoneable_type": "Company",
    "stoned_value": null,
    "stoned_value_type": null,
    "stoned_acquirer": null,
    "stoneable":
     {"name": "Accedian Networks",
      "permalink": "accedian-networks"}}],
 "ipo": null,
 "video_embeds":
  [],
 "screenshots":
  [{"available_sizes":
     [[[116,
        150],
       "http://api-images.crunchbase.com/assets/images/resized/0019/1598/191598v2-max-150x150.png"],
      [[194,
        250],
       "http://api-images.crunchbase.com/assets/images/resized/0019/1598/191598v2-max-250x250.png"],
      [[350,
        450],
       "http://api-images.crunchbase.com/assets/images/resized/0019/1598/191598v2-max-450x450.png"]],
    "attribution": null},
   {"available_sizes":
     [[[150,
        105],
       "http://api-images.crunchbase.com/assets/images/resized/0029/6216/296216v2-max-150x150.jpg"],
      [[250,
        175],
       "http://api-images.crunchbase.com/assets/images/resized/0029/6216/296216v2-max-250x250.jpg"],
      [[450,
        315],
       "http://api-images.crunchbase.com/assets/images/resized/0029/6216/296216v2-max-450x450.jpg"]],
    "attribution": null}],
 "external_links":
  [],
 "partners":
  []}
