{"name": "Access New Media",
 "permalink": "access-new-media",
 "crunchbase_url": "http://www.crunchbase.com/company/access-new-media",
 "homepage_url": "http://AccessNewMedia.com",
 "blog_url": "http://sites.google.com/site/accessnewmedia",
 "blog_feed_url": "",
 "twitter_username": "AccessNewMedia",
 "category_code": "consulting",
 "number_of_employees": 3,
 "founded_year": 2010,
 "founded_month": 1,
 "founded_day": 11,
 "deadpooled_year": null,
 "deadpooled_month": null,
 "deadpooled_day": null,
 "deadpooled_url": null,
 "tag_list": "video, new-media, models, music, talent, production, web-consulting",
 "alias_list": null,
 "email_address": "jgt@accessnewmedia.com",
 "phone_number": "512 968 0418",
 "description": "New Media Solutions Group",
 "created_at": "Sun Jan 31 10:10:44 UTC 2010",
 "updated_at": "Sun Apr 22 03:50:05 UTC 2012",
 "overview": "\u003Cp\u003EAnother point for Friendfeed over Twitter as a starting point: it\u0026#8217;s quite lkliey that people new to the game have at least one or two accounts at sites which could be imported to Friendfeed (Facebook is the most lkliey in my mind).  That\u0026#8217;s a quick way to give your account some content vs. having to post links manually on Twitter (lkliey requiring you to first learn to use something like TinyURL).Also if you opt for Twitter first you need to learn how to compose your thoughts in 144 characters which some might consider frustrating.I know I sometimes feel like I\u0026#8217;m talking to nobody when I write @replies on Twitter because you can\u0026#8217;t always expect a response.  On Friendfeed if you encounter any topic you\u0026#8217;re interested in, you\u0026#8217;re free to comment and you can count on more that just the author reading it in most cases.  I think, in general, Twitter is more about broadcasting where Friendfeed is more about content discussion which gives the latter the edge in engaging new users.Maybe I haven\u0026#8217;t been as caught up in the Twitter community as you, Rob, but I think that Friendfeed offers many fewer barriers to entry.  Either way, they\u0026#8217;re both very interesting to read.\u003C/p\u003E",
 "image":
  {"available_sizes":
    [[[150,
       105],
      "http://api-images.crunchbase.com/assets/images/resized/0007/5534/75534v2-max-150x150.png"],
     [[200,
       141],
      "http://api-images.crunchbase.com/assets/images/resized/0007/5534/75534v2-max-250x250.png"],
     [[200,
       141],
      "http://api-images.crunchbase.com/assets/images/resized/0007/5534/75534v2-max-450x450.png"]],
   "attribution": null},
 "products":
  [],
 "relationships":
  [{"is_past": false,
    "title": "Founder",
    "person":
     {"first_name": "Jeffrey",
      "last_name": "Guy Tunches",
      "permalink": "jeffrey-guy-tunches"}}],
 "competitions":
  [],
 "providerships":
  [],
 "total_money_raised": "$0",
 "funding_rounds":
  [],
 "investments":
  [],
 "acquisition": null,
 "acquisitions":
  [],
 "offices":
  [{"description": "San Francisco",
    "address1": "350 Townsend #308A",
    "address2": "",
    "zip_code": "94107",
    "city": "San Francisco",
    "state_code": "CA",
    "country_code": "USA",
    "latitude": null,
    "longitude": null}],
 "milestones":
  [],
 "ipo": null,
 "video_embeds":
  [],
 "screenshots":
  [{"available_sizes":
     [[[150,
        81],
       "http://api-images.crunchbase.com/assets/images/resized/0007/5533/75533v2-max-150x150.png"],
      [[250,
        136],
       "http://api-images.crunchbase.com/assets/images/resized/0007/5533/75533v2-max-250x250.png"],
      [[450,
        245],
       "http://api-images.crunchbase.com/assets/images/resized/0007/5533/75533v2-max-450x450.png"]],
    "attribution": null}],
 "external_links":
  [],
 "partners":
  []}
