{"name": "Access Northeast",
 "permalink": "access-northeast",
 "crunchbase_url": "http://www.crunchbase.com/company/access-northeast",
 "homepage_url": "http://www.axsne.com",
 "blog_url": "http://www.axsne.com/blog/",
 "blog_feed_url": "",
 "twitter_username": "accessnortheast",
 "category_code": "network_hosting",
 "number_of_employees": 75,
 "founded_year": 1999,
 "founded_month": null,
 "founded_day": null,
 "deadpooled_year": null,
 "deadpooled_month": null,
 "deadpooled_day": null,
 "deadpooled_url": null,
 "tag_list": "colo, datacenter, managed-services, cloud, vmware, fortinet, cisco, mssp",
 "alias_list": "",
 "email_address": "sales@axsne.com",
 "phone_number": "508-281-7600",
 "description": "Cloud Network Managed Services",
 "created_at": "Fri Dec 04 23:59:42 UTC 2009",
 "updated_at": "Mon Oct 14 07:15:30 UTC 2013",
 "overview": "\u003Cp\u003EAccess Northeast specializes in Colocation, Managed Services, Virtualization, Wide-Area Networking (WAN) and Disaster Recovery Solutions.\u003C/p\u003E\n\n\u003Cp\u003EFounded in 1999, Access Northeast is a Regional Data Center, Cloud, Managed Services \u0026amp; WAN Provider with more than 900 Mid-Market, Emerging and Fortune 1000 Customers.\u003C/p\u003E",
 "image":
  {"available_sizes":
    [[[150,
       57],
      "http://api-images.crunchbase.com/assets/images/resized/0006/8597/68597v1-max-150x150.png"],
     [[165,
       63],
      "http://api-images.crunchbase.com/assets/images/resized/0006/8597/68597v1-max-250x250.png"],
     [[165,
       63],
      "http://api-images.crunchbase.com/assets/images/resized/0006/8597/68597v1-max-450x450.png"]],
   "attribution": null},
 "products":
  [{"name": "Parthenon Cloud",
    "permalink": "parthenon-cloud"}],
 "relationships":
  [{"is_past": true,
    "title": "Operations Manager",
    "person":
     {"first_name": "Brian",
      "last_name": "Karas",
      "permalink": "brian-karas"}}],
 "competitions":
  [],
 "providerships":
  [],
 "total_money_raised": "$2M",
 "funding_rounds":
  [{"id": 9971,
    "round_code": "unattributed",
    "source_url": "http://www.sec.gov/Archives/edgar/data/1476505/000147650509000003/xslFormDX01/primary_doc.xml",
    "source_description": "SEC",
    "raised_amount": 1999998.0,
    "raised_currency_code": "USD",
    "funded_year": 2009,
    "funded_month": 11,
    "funded_day": 23,
    "investments":
     []}],
 "investments":
  [],
 "acquisition":
  {"price_amount": null,
   "price_currency_code": "USD",
   "term_code": null,
   "source_url": "http://www.xand.com/04/news/access-northeast-merges-with-xand/",
   "source_description": "ACCESS NORTHEAST MERGES WITH XAND",
   "acquired_year": 2012,
   "acquired_month": 4,
   "acquired_day": 3,
   "acquiring_company":
    {"name": "Xand",
     "permalink": "xand"}},
 "acquisitions":
  [],
 "offices":
  [{"description": "",
    "address1": "34 Staint Martin Drive",
    "address2": "Suite 3",
    "zip_code": "01752",
    "city": "Marlborough",
    "state_code": "MA",
    "country_code": "USA",
    "latitude": null,
    "longitude": null}],
 "milestones":
  [{"id": 6299,
    "description": "Access Northeast Acquires the Hosting Division of RezZiliant",
    "stoned_year": 2010,
    "stoned_month": 6,
    "stoned_day": 23,
    "source_url": "http://www.boston.com/business/ticker/2010/06/access_northeas.html",
    "source_text": "June 23, 2010 01:36 PM  E-mail| |Comments (0)|  Text size \u00e2\u20ac\u201c  +\r\n\r\nGlobe Staff\r\n\r\nAccess Northeast, a Marlborough-based provider of data center and managed services, said it has acquired the hosting division of RezZiliant Inc., a transaction that gives Access Northeast a presence in RezZiliant's home state of Connecticut.\r\n\r\nFinancial details of the transaction are not being disclosed.\r\n\r\nWith the acquisition of RezZiliant hosting and its two data centers in Waterbury and Hartford, Access Northeast said it now leases and operates four facilities throughout New England that total more than 40,000 square feet of space. With the acquisition, Access Northeast said it will now have an employee head count of 32.\r\n\r\n\"The additional Connecticut Data Centers will assist Access Northeast with the expansion of their Parthenon Cloud footprint for customer replication and disaster recovery services,\" the company said in a press release.\r\n\r\nIn a statement included in the release, RezZiliant's president and chief executive Mark Golino said that selling RezZiliant's hosting division will enable the RezZiliant to concentrate on its \"rapidly growing health-care software offering for hospitals and medical providers.\"\r\n\r\nGolino has \"signed a long-term contract to remain as both a consultant and a customer of Access Northeast,\" Access Northeast's press release said. ",
    "source_description": "Access Northeast buys RezZiliant hosting unit",
    "stoneable_type": "Company",
    "stoned_value": null,
    "stoned_value_type": null,
    "stoned_acquirer": null,
    "stoneable":
     {"name": "Access Northeast",
      "permalink": "access-northeast"}}],
 "ipo": null,
 "video_embeds":
  [],
 "screenshots":
  [{"available_sizes":
     [[[150,
        120],
       "http://api-images.crunchbase.com/assets/images/resized/0013/3729/133729v2-max-150x150.png"],
      [[250,
        200],
       "http://api-images.crunchbase.com/assets/images/resized/0013/3729/133729v2-max-250x250.png"],
      [[450,
        360],
       "http://api-images.crunchbase.com/assets/images/resized/0013/3729/133729v2-max-450x450.png"]],
    "attribution": null}],
 "external_links":
  [],
 "partners":
  []}
