{"name": "Access eforms",
 "permalink": "access-eforms",
 "crunchbase_url": "http://www.crunchbase.com/company/access-eforms",
 "homepage_url": "http://www.accessefm.com",
 "blog_url": "http://blog.accessefm.com/",
 "blog_feed_url": "",
 "twitter_username": "accessefm",
 "category_code": "software",
 "number_of_employees": 50,
 "founded_year": 1999,
 "founded_month": null,
 "founded_day": null,
 "deadpooled_year": null,
 "deadpooled_month": null,
 "deadpooled_day": null,
 "deadpooled_url": null,
 "tag_list": "electronic-medical-record-software, emr, automated-registration, paperless-hospital-registration, bar-coding-forms, document-management, online-forms, electronic-signature, electronic-forms-automation-and-management, green-and-sustainable-hospital, disast",
 "alias_list": "",
 "email_address": "",
 "phone_number": "+1 888.448.1811",
 "description": "Electronic Form Management Software ",
 "created_at": "Thu Aug 13 18:49:42 UTC 2009",
 "updated_at": "Sat Apr 05 07:19:37 UTC 2014",
 "overview": "\u003Cp\u003EFor more than 10 years, Access has been providing technology solutions that create automated and paperless forms management processes. Hundreds of healthcare organizations worldwide trust Access to provide industry-leading, cost-effective, user-friendly forms solutions that add value to existing technology and deliver early and lasting return on investment. Access products solve problems for clinical and business areas of the healthcare enterprise, whether they\u0026#8217;re deployed at a small regional hospital or a nationwide IDN with hundreds of facilities. \u003C/p\u003E\n\n\u003Cp\u003EWith an Access solution in place, administrative and clinical staff alike have instant access to pertinent forms from anywhere in the hospital. Rather than wasting time dealing with hard copies they focus on delivering quality care and completing daily tasks faster than ever before. From admissions and HIM, to human resources, materials management and finance, Access solutions deliver new levels of efficiency. \u003C/p\u003E",
 "image":
  {"available_sizes":
    [[[150,
       58],
      "http://api-images.crunchbase.com/assets/images/resized/0005/6394/56394v2-max-150x150.png"],
     [[250,
       97],
      "http://api-images.crunchbase.com/assets/images/resized/0005/6394/56394v2-max-250x250.png"],
     [[450,
       176],
      "http://api-images.crunchbase.com/assets/images/resized/0005/6394/56394v2-max-450x450.png"]],
   "attribution": null},
 "products":
  [],
 "relationships":
  [{"is_past": false,
    "title": "Founder \u0026 CEO",
    "person":
     {"first_name": "Tim",
      "last_name": "Elliott",
      "permalink": "tim-elliott"}},
   {"is_past": false,
    "title": "VP \u0026 CTO",
    "person":
     {"first_name": "Chuck",
      "last_name": "Demaree",
      "permalink": "chuck-demaree"}},
   {"is_past": false,
    "title": "VP \u0026 Creative Director",
    "person":
     {"first_name": "Matthew",
      "last_name": "Korte",
      "permalink": "matthew-korte"}},
   {"is_past": false,
    "title": "President",
    "person":
     {"first_name": "Mark",
      "last_name": "Johnston",
      "permalink": "mark-johnston"}}],
 "competitions":
  [{"competitor":
     {"name": "JotForm",
      "permalink": "jotform"}}],
 "providerships":
  [],
 "total_money_raised": "$0",
 "funding_rounds":
  [],
 "investments":
  [],
 "acquisition": null,
 "acquisitions":
  [],
 "offices":
  [{"description": "Corporate Office",
    "address1": "Corporate Office",
    "address2": "Sulphur Springs",
    "zip_code": "75482",
    "city": "Texas",
    "state_code": null,
    "country_code": "GBR",
    "latitude": null,
    "longitude": null}],
 "milestones":
  [],
 "ipo": null,
 "video_embeds":
  [],
 "screenshots":
  [],
 "external_links":
  [],
 "partners":
  []}
