{"name": "Accenx Technologies",
 "permalink": "accenx-technologies",
 "crunchbase_url": "http://www.crunchbase.com/company/accenx-technologies",
 "homepage_url": "http://www.accenx.com",
 "blog_url": "",
 "blog_feed_url": "",
 "twitter_username": null,
 "category_code": "software",
 "number_of_employees": null,
 "founded_year": 1997,
 "founded_month": null,
 "founded_day": null,
 "deadpooled_year": null,
 "deadpooled_month": null,
 "deadpooled_day": null,
 "deadpooled_url": null,
 "tag_list": "",
 "alias_list": "",
 "email_address": "",
 "phone_number": "949-727-9188",
 "description": "",
 "created_at": "Sat Oct 31 01:38:50 UTC 2009",
 "updated_at": "Wed Feb 05 10:42:40 UTC 2014",
 "overview": "\u003Cp\u003EAccenx Technologies, Inc., a software development and integration solutions company, provides health information exchange and interoperability solutions. It offers Accenx Exchange, an integration platform for creating health information exchange delivered over the Internet. The company also provides physician outreach and consulting services, and enterprise master patient index assessments and implementations. Its solutions allow hospitals, physician practices, and reference laboratories in the healthcare community to connect and share information to improve patient care. Accenx Technologies, Inc. was founded in 1997 and is based in Irvine, California.\u003C/p\u003E",
 "image":
  {"available_sizes":
    [[[150,
       52],
      "http://api-images.crunchbase.com/assets/images/resized/0006/7652/67652v1-max-150x150.jpg"],
     [[232,
       81],
      "http://api-images.crunchbase.com/assets/images/resized/0006/7652/67652v1-max-250x250.jpg"],
     [[232,
       81],
      "http://api-images.crunchbase.com/assets/images/resized/0006/7652/67652v1-max-450x450.jpg"]],
   "attribution": null},
 "products":
  [],
 "relationships":
  [{"is_past": false,
    "title": "Founder",
    "person":
     {"first_name": "David",
      "last_name": "Cheng",
      "permalink": "david-cheng-2"}},
   {"is_past": true,
    "title": "Vice President of Finance",
    "person":
     {"first_name": "Ed",
      "last_name": "Corrente",
      "permalink": "ed-corrente"}}],
 "competitions":
  [],
 "providerships":
  [],
 "total_money_raised": "$1.5M",
 "funding_rounds":
  [{"id": 63582,
    "round_code": "debt_round",
    "source_url": "http://www.sec.gov/Archives/edgar/data/1456463/000089706909000629/xslFormDX01/primary_doc.xml",
    "source_description": "SEC",
    "raised_amount": 1500000.0,
    "raised_currency_code": "USD",
    "funded_year": 2009,
    "funded_month": 2,
    "funded_day": 27,
    "investments":
     []}],
 "investments":
  [],
 "acquisition":
  {"price_amount": null,
   "price_currency_code": "USD",
   "term_code": null,
   "source_url": "http://www.freshnews.com/news/235377/initiate-systems-acquires-accenx",
   "source_description": "Initiate Systems Acquires Accenx",
   "acquired_year": 2009,
   "acquired_month": 10,
   "acquired_day": null,
   "acquiring_company":
    {"name": "Initiate Systems",
     "permalink": "initiate-systems"}},
 "acquisitions":
  [],
 "offices":
  [{"description": "",
    "address1": "6 Jenner",
    "address2": "Suite 260",
    "zip_code": "92618",
    "city": "Irvine",
    "state_code": "CA",
    "country_code": "USA",
    "latitude": null,
    "longitude": null}],
 "milestones":
  [],
 "ipo": null,
 "video_embeds":
  [],
 "screenshots":
  [],
 "external_links":
  [],
 "partners":
  []}
