{"name": "Acclaim Games",
 "permalink": "acclaim-games",
 "crunchbase_url": "http://www.crunchbase.com/company/acclaim-games",
 "homepage_url": "http://www.acclaim.com",
 "blog_url": "",
 "blog_feed_url": "",
 "twitter_username": null,
 "category_code": "games_video",
 "number_of_employees": null,
 "founded_year": 1997,
 "founded_month": 12,
 "founded_day": 24,
 "deadpooled_year": null,
 "deadpooled_month": null,
 "deadpooled_day": null,
 "deadpooled_url": null,
 "tag_list": "",
 "alias_list": "",
 "email_address": "",
 "phone_number": "",
 "description": "",
 "created_at": "Wed Feb 17 09:26:02 UTC 2010",
 "updated_at": "Tue Nov 30 02:05:22 UTC 2010",
 "overview": "\u003Cp\u003EAcclaim Games is a new company but they are fortunate to have acquired a great brand with a rich history. Below, you will find lots of really great information on why Acclaim in its previous life was a great Company. They want to bring back the Acclaim brand in all of its glory, please try their games and you will understand why the best for the Acclaim brand is yet to come. \u003C/p\u003E",
 "image":
  {"available_sizes":
    [[[135,
       52],
      "http://api-images.crunchbase.com/assets/images/resized/0007/7330/77330v1-max-150x150.jpg"],
     [[135,
       52],
      "http://api-images.crunchbase.com/assets/images/resized/0007/7330/77330v1-max-250x250.jpg"],
     [[135,
       52],
      "http://api-images.crunchbase.com/assets/images/resized/0007/7330/77330v1-max-450x450.jpg"]],
   "attribution": null},
 "products":
  [],
 "relationships":
  [],
 "competitions":
  [],
 "providerships":
  [],
 "total_money_raised": "$0",
 "funding_rounds":
  [{"id": 12132,
    "round_code": "unattributed",
    "source_url": "http://news.mmosite.com/content/2007-10-17/20071017212652775,1.shtml",
    "source_description": "Multi-million Dollar Investment into Acclaim Games",
    "raised_amount": null,
    "raised_currency_code": null,
    "funded_year": 2007,
    "funded_month": 10,
    "funded_day": 18,
    "investments":
     [{"company": null,
       "financial_org":
        {"name": "Mayfield Fund",
         "permalink": "mayfield-fund"},
       "person": null}]}],
 "investments":
  [],
 "acquisition":
  {"price_amount": null,
   "price_currency_code": "USD",
   "term_code": null,
   "source_url": "http://techcrunch.com/2010/05/18/playdom-acquires-mmorpg-developer-acclaim-games/",
   "source_description": "Playdom Acquires MMORPG Publisher Acclaim Games",
   "acquired_year": 2010,
   "acquired_month": 5,
   "acquired_day": 18,
   "acquiring_company":
    {"name": "Playdom",
     "permalink": "playdom"}},
 "acquisitions":
  [],
 "offices":
  [],
 "milestones":
  [],
 "ipo": null,
 "video_embeds":
  [],
 "screenshots":
  [{"available_sizes":
     [[[150,
        103],
       "http://api-images.crunchbase.com/assets/images/resized/0007/7331/77331v1-max-150x150.jpg"],
      [[250,
        172],
       "http://api-images.crunchbase.com/assets/images/resized/0007/7331/77331v1-max-250x250.jpg"],
      [[450,
        309],
       "http://api-images.crunchbase.com/assets/images/resized/0007/7331/77331v1-max-450x450.jpg"]],
    "attribution": null}],
 "external_links":
  [],
 "partners":
  []}
