{"name": "Accruent",
 "permalink": "accruent",
 "crunchbase_url": "http://www.crunchbase.com/company/accruent",
 "homepage_url": "http://www.accruent.com",
 "blog_url": "",
 "blog_feed_url": "",
 "twitter_username": "AccruentCareers",
 "category_code": "enterprise",
 "number_of_employees": null,
 "founded_year": 1995,
 "founded_month": null,
 "founded_day": null,
 "deadpooled_year": null,
 "deadpooled_month": null,
 "deadpooled_day": null,
 "deadpooled_url": null,
 "tag_list": "",
 "alias_list": "Accruent Holdings",
 "email_address": "support@accruent.com",
 "phone_number": "310.526.5700",
 "description": "",
 "created_at": "Sun Feb 14 01:24:04 UTC 2010",
 "updated_at": "Tue Nov 26 22:01:26 UTC 2013",
 "overview": "\u003Cp\u003EAccruent leads the industry with a comprehensive suite of enterprise location management solutions that enable organizations to develop and operate their real estate and facilities portfolios as a competitive advantage.\u003C/p\u003E\n\n\u003Cp\u003EOrganizations across diverse industries turn to Accruent to right-size their real estate portfolios, eliminate unnecessary spending, and support compliance and sustainability initiatives. Over 400 customers have chosen to partner with Accruent because of our best-in-class functionality, deep domain knowledge, proven implementation success, and track record of customer commitment.\u003C/p\u003E\n\n\u003Cp\u003EIn 2008, Accruent was positioned by Gartner, Inc. in the Leaders Quadrant in the 2008 \u0026#8220;Magic Quadrant for Integrated Workplace Management Systems\u0026#8221;. Accruent has been named to the Deloitte \u0026amp; Touche \u00e2\u20ac\u0153Technology Fast 50\u00e2\u20ac\u009d list for seven consecutive years for achieving triple-digit revenue growth, is a two-time winner of the prestigious Site Selection William Dorsey Service Provider Award for superior client service and was named the Software Council of Southern California 2006 Developer of the Year.\u003C/p\u003E\n\n\u003Cp\u003EFounded in 1995, Accruent is headquartered in Santa Monica, California and has offices in Chicago and Irvine.\u003C/p\u003E",
 "image":
  {"available_sizes":
    [[[150,
       35],
      "http://api-images.crunchbase.com/assets/images/resized/0007/7006/77006v1-max-150x150.png"],
     [[220,
       52],
      "http://api-images.crunchbase.com/assets/images/resized/0007/7006/77006v1-max-250x250.png"],
     [[220,
       52],
      "http://api-images.crunchbase.com/assets/images/resized/0007/7006/77006v1-max-450x450.png"]],
   "attribution": null},
 "products":
  [],
 "relationships":
  [{"is_past": false,
    "title": "CEO \u0026 Founder",
    "person":
     {"first_name": "Mark",
      "last_name": "Friedman",
      "permalink": "mark-friedman"}},
   {"is_past": false,
    "title": "CFO",
    "person":
     {"first_name": "Van",
      "last_name": "Goodrich",
      "permalink": "van-goodrich"}},
   {"is_past": false,
    "title": "Vice President, Professional Services",
    "person":
     {"first_name": "Morgan",
      "last_name": "McReynolds",
      "permalink": "morgan-mcreynolds"}},
   {"is_past": false,
    "title": "Vice President, Sales",
    "person":
     {"first_name": "Jeff",
      "last_name": "Bolke",
      "permalink": "jeff-bolke"}},
   {"is_past": false,
    "title": "Senior Vice President, Product Management \u0026 Marketing",
    "person":
     {"first_name": "Melissa",
      "last_name": "Sitton",
      "permalink": "melissa-sitton"}},
   {"is_past": false,
    "title": "Senior Vice President, Engineering",
    "person":
     {"first_name": "Chris",
      "last_name": "Berry",
      "permalink": "chris-berry-2"}},
   {"is_past": false,
    "title": "Vice President, Customer Support",
    "person":
     {"first_name": "Jason",
      "last_name": "Beem",
      "permalink": "jason-beem"}},
   {"is_past": false,
    "title": "Vice President, Strategic Programs",
    "person":
     {"first_name": "Kevin",
      "last_name": "Reichle",
      "permalink": "kevin-reichle"}},
   {"is_past": true,
    "title": "Board Member",
    "person":
     {"first_name": "David",
      "last_name": "Schwab",
      "permalink": "david-schwab"}},
   {"is_past": true,
    "title": "Client Management Roles",
    "person":
     {"first_name": "Melissa",
      "last_name": "Sitton",
      "permalink": "melissa-sitton"}},
   {"is_past": true,
    "title": "Director of Finance",
    "person":
     {"first_name": "Kevin",
      "last_name": "Reichle",
      "permalink": "kevin-reichle"}}],
 "competitions":
  [{"competitor":
     {"name": "TRIRIGA",
      "permalink": "tririga"}}],
 "providerships":
  [],
 "total_money_raised": "$32M",
 "funding_rounds":
  [{"id": 12008,
    "round_code": "unattributed",
    "source_url": "http://venturebeat.com/2010/02/04/accruent-lands-32m-for-real-estate-management-software/",
    "source_description": "Accruent lands $32M for real estate management software",
    "raised_amount": 32000000.0,
    "raised_currency_code": "USD",
    "funded_year": 2010,
    "funded_month": 2,
    "funded_day": 4,
    "investments":
     []},
   {"id": 55971,
    "round_code": "unattributed",
    "source_url": "http://www.finsmes.com/2013/11/accruent-receives-majority-investment-ta-associates.html",
    "source_description": "Accruent Receives Majority Investment from TA Associates",
    "raised_amount": null,
    "raised_currency_code": "USD",
    "funded_year": 2013,
    "funded_month": 11,
    "funded_day": 25,
    "investments":
     [{"company": null,
       "financial_org":
        {"name": "TA Associates",
         "permalink": "ta-associates"},
       "person": null},
      {"company": null,
       "financial_org":
        {"name": "Vista Equity Partners",
         "permalink": "vista-equity-partners"},
       "person": null}]}],
 "investments":
  [],
 "acquisition": null,
 "acquisitions":
  [{"price_amount": null,
    "price_currency_code": "USD",
    "term_code": null,
    "source_url": "http://www.iwmsnews.com/2011/03/accruent-announces-acquisition-of-siterra/",
    "source_description": "Accruent Announces Acquisition of Siterra",
    "acquired_year": 2011,
    "acquired_month": 3,
    "acquired_day": 2,
    "company":
     {"name": "Siterra",
      "permalink": "siterra"}}],
 "offices":
  [{"description": "",
    "address1": "1601 Cloverfield Blvd.",
    "address2": "Suite 500 South",
    "zip_code": "90404",
    "city": "Santa Monica",
    "state_code": "CA",
    "country_code": "USA",
    "latitude": null,
    "longitude": null}],
 "milestones":
  [],
 "ipo": null,
 "video_embeds":
  [],
 "screenshots":
  [{"available_sizes":
     [[[150,
        95],
       "http://api-images.crunchbase.com/assets/images/resized/0007/7005/77005v1-max-150x150.jpg"],
      [[250,
        159],
       "http://api-images.crunchbase.com/assets/images/resized/0007/7005/77005v1-max-250x250.jpg"],
      [[450,
        287],
       "http://api-images.crunchbase.com/assets/images/resized/0007/7005/77005v1-max-450x450.jpg"]],
    "attribution": null}],
 "external_links":
  [{"external_url": "http://www.tririga.com/company/company-news?t=pr\u0026pr=180",
    "title": "TRIRIGA Offers Migration Plan to Accruent Customers"}],
 "partners":
  []}
