{"name": "AccuScore",
 "permalink": "accuscore",
 "crunchbase_url": "http://www.crunchbase.com/company/accuscore",
 "homepage_url": "http://accuscore.com",
 "blog_url": "http://accuscore.info/blog.php",
 "blog_feed_url": "",
 "twitter_username": "AccuScore",
 "category_code": "games_video",
 "number_of_employees": null,
 "founded_year": 2004,
 "founded_month": null,
 "founded_day": null,
 "deadpooled_year": null,
 "deadpooled_month": null,
 "deadpooled_day": null,
 "deadpooled_url": null,
 "tag_list": "",
 "alias_list": "",
 "email_address": "",
 "phone_number": "",
 "description": "Sports Predictions Betting System",
 "created_at": "Sun Jan 24 07:47:49 UTC 2010",
 "updated_at": "Sat Jun 22 16:19:17 UTC 2013",
 "overview": "\u003Cp\u003EAccuScore.com delivers simulated projections for all NFL, MLB, NBA, College Football and College Basketball games. \u003C/p\u003E",
 "image":
  {"available_sizes":
    [[[150,
       150],
      "http://api-images.crunchbase.com/assets/images/resized/0015/0541/150541v2-max-150x150.png"],
     [[250,
       250],
      "http://api-images.crunchbase.com/assets/images/resized/0015/0541/150541v2-max-250x250.png"],
     [[450,
       450],
      "http://api-images.crunchbase.com/assets/images/resized/0015/0541/150541v2-max-450x450.png"]],
   "attribution": null},
 "products":
  [],
 "relationships":
  [{"is_past": false,
    "title": "Chairman of the Board",
    "person":
     {"first_name": "Mark",
      "last_name": "Nielsen, Wireless 21, Inc./Capistrano Ventures",
      "permalink": "mark-nielsen-wireless-21-inc-capistrano-ventures"}},
   {"is_past": false,
    "title": "Chief Operating Officer",
    "person":
     {"first_name": "Gibby",
      "last_name": "McCaleb",
      "permalink": "gibby-mccaleb"}},
   {"is_past": false,
    "title": "Board of Directors",
    "person":
     {"first_name": "Scott",
      "last_name": "Ehrlich",
      "permalink": "scott-ehrlich"}},
   {"is_past": false,
    "title": "Board of Directors",
    "person":
     {"first_name": "Victoria",
      "last_name": "K. Warren",
      "permalink": "victoria-k-warren"}},
   {"is_past": false,
    "title": "Board of Directors",
    "person":
     {"first_name": "Barry",
      "last_name": "Dorf",
      "permalink": "barry-dorf"}},
   {"is_past": false,
    "title": "Board of Directors",
    "person":
     {"first_name": "Jason",
      "last_name": "Kay",
      "permalink": "jason-kay"}},
   {"is_past": true,
    "title": "COO \u0026 Co-founder",
    "person":
     {"first_name": "Stephen",
      "last_name": "Oh",
      "permalink": "stephen-oh"}}],
 "competitions":
  [],
 "providerships":
  [],
 "total_money_raised": "$0",
 "funding_rounds":
  [],
 "investments":
  [],
 "acquisition": null,
 "acquisitions":
  [],
 "offices":
  [{"description": "AccuScore",
    "address1": "5777 W. Century Blvd",
    "address2": "Suite 1550",
    "zip_code": "90045",
    "city": "Los Angeles",
    "state_code": "CA",
    "country_code": "USA",
    "latitude": 33.9472496,
    "longitude": -118.3828401}],
 "milestones":
  [],
 "ipo": null,
 "video_embeds":
  [],
 "screenshots":
  [],
 "external_links":
  [],
 "partners":
  []}
