{"name": "Accuray",
 "permalink": "accuray",
 "crunchbase_url": "http://www.crunchbase.com/company/accuray",
 "homepage_url": "http://www.accuray.com",
 "blog_url": "",
 "blog_feed_url": "",
 "twitter_username": "accuray",
 "category_code": "biotech",
 "number_of_employees": 460,
 "founded_year": null,
 "founded_month": null,
 "founded_day": null,
 "deadpooled_year": null,
 "deadpooled_month": null,
 "deadpooled_day": null,
 "deadpooled_url": null,
 "tag_list": "",
 "alias_list": "",
 "email_address": "",
 "phone_number": "+1.408.716.4600",
 "description": "Robotic Radiosurgery Systems",
 "created_at": "Thu Sep 24 12:02:04 UTC 2009",
 "updated_at": "Thu Feb 07 03:30:28 UTC 2013",
 "overview": "\u003Cp\u003EAccuray Inc. The Group\u0026#8217;s principal activities are developing \u0026amp; manufacturing of Intelligent Robotic Radiosurgery Systems. Its major brands include CyberKnife System, RoboCouch Patient Positioning System, Xsight Lung Tracking System, the Xchange robotic collimator changer, the 4D Treatment Optimization and Planning System, Xsight Spine Tracking System, Synchrony Respiratory Tracking System, MultiPlan Treatment Planning System, InView remote review system, AXUM treatment couch and In-Room CT System. The group operates in the United States, Europe, Asia \u0026amp; Japan.\u003C/p\u003E",
 "image":
  {"available_sizes":
    [[[111,
       68],
      "http://api-images.crunchbase.com/assets/images/resized/0006/0734/60734v1-max-150x150.jpg"],
     [[111,
       68],
      "http://api-images.crunchbase.com/assets/images/resized/0006/0734/60734v1-max-250x250.jpg"],
     [[111,
       68],
      "http://api-images.crunchbase.com/assets/images/resized/0006/0734/60734v1-max-450x450.jpg"]],
   "attribution": null},
 "products":
  [],
 "relationships":
  [{"is_past": false,
    "title": "Executive vice president and Chief operating officer",
    "person":
     {"first_name": "Chris",
      "last_name": "A. Raanes",
      "permalink": "chris-a-raanes"}},
   {"is_past": false,
    "title": "Senior Vice President, Chief Commercial Officer",
    "person":
     {"first_name": "Kelly",
      "last_name": "Londy",
      "permalink": "kelly-londy"}},
   {"is_past": false,
    "title": "President and Chief Executive Officer",
    "person":
     {"first_name": "Joshua",
      "last_name": "H. Levine",
      "permalink": "joshua-h-levine"}},
   {"is_past": false,
    "title": "Senior Vice President, Chief Financial Officer",
    "person":
     {"first_name": "Derek",
      "last_name": "Bertocci",
      "permalink": "derek-bertocci"}},
   {"is_past": false,
    "title": "Director of Human Resources Business Partners and Talent Management",
    "person":
     {"first_name": "Carolyn",
      "last_name": "Moore",
      "permalink": "carolyn-moore"}},
   {"is_past": true,
    "title": "President and CEO",
    "person":
     {"first_name": "Euan",
      "last_name": "Thomson",
      "permalink": "euan-thomson"}},
   {"is_past": true,
    "title": "SVP / Chief Sales Officer",
    "person":
     {"first_name": "Wade",
      "last_name": "Hampton",
      "permalink": "wade-hampton"}},
   {"is_past": true,
    "title": "Vice President of Global Channel Development and Marketing",
    "person":
     {"first_name": "Lauren",
      "last_name": "Selmeier",
      "permalink": "lauren-selmeier"}},
   {"is_past": true,
    "title": "V.P. World-wide Service and Support",
    "person":
     {"first_name": "Doug",
      "last_name": "Keare",
      "permalink": "jennifer-gill-roberts"}},
   {"is_past": true,
    "title": "Executive Positions",
    "person":
     {"first_name": "Stephen",
      "last_name": "J. Strunk",
      "permalink": "stephen-j-strunk"}},
   {"is_past": true,
    "title": "Senior Vice President of Global Medical Affairs",
    "person":
     {"first_name": "Omar",
      "last_name": "Dawood",
      "permalink": "omar-dawood"}},
   {"is_past": true,
    "title": "Leadership Positions",
    "person":
     {"first_name": "Gopinath",
      "last_name": "Kuduvalli",
      "permalink": "gopinath-kuduvalli"}},
   {"is_past": true,
    "title": "General Manager (Americas and Europe, Middle East, India, and Africa (EMEIA) divisions)",
    "person":
     {"first_name": "Michael",
      "last_name": "Brandt",
      "permalink": "michael-brandt"}}],
 "competitions":
  [],
 "providerships":
  [],
 "total_money_raised": "$0",
 "funding_rounds":
  [],
 "investments":
  [],
 "acquisition": null,
 "acquisitions":
  [],
 "offices":
  [{"description": "HQ",
    "address1": "1310 Chesapeake Terrace",
    "address2": "",
    "zip_code": "94089",
    "city": "Sunnyvale",
    "state_code": "CA",
    "country_code": "USA",
    "latitude": null,
    "longitude": null}],
 "milestones":
  [],
 "ipo":
  {"valuation_amount": 288000000.0,
   "valuation_currency_code": "USD",
   "pub_year": 2007,
   "pub_month": 2,
   "pub_day": 8,
   "stock_symbol": "ARAY"},
 "video_embeds":
  [],
 "screenshots":
  [{"available_sizes":
     [[[150,
        131],
       "http://api-images.crunchbase.com/assets/images/resized/0006/0735/60735v1-max-150x150.jpg"],
      [[250,
        219],
       "http://api-images.crunchbase.com/assets/images/resized/0006/0735/60735v1-max-250x250.jpg"],
      [[450,
        394],
       "http://api-images.crunchbase.com/assets/images/resized/0006/0735/60735v1-max-450x450.jpg"]],
    "attribution": null}],
 "external_links":
  [],
 "partners":
  []}
