{"name": "Achieve3000",
 "permalink": "achieve3000",
 "crunchbase_url": "http://www.crunchbase.com/company/achieve3000",
 "homepage_url": "http://www.achieve3000.com",
 "blog_url": "",
 "blog_feed_url": "",
 "twitter_username": "Achieve3000",
 "category_code": "software",
 "number_of_employees": null,
 "founded_year": 2000,
 "founded_month": null,
 "founded_day": null,
 "deadpooled_year": null,
 "deadpooled_month": null,
 "deadpooled_day": null,
 "deadpooled_url": null,
 "tag_list": "",
 "alias_list": "",
 "email_address": "info@achieve3000.com",
 "phone_number": "888-968-6822",
 "description": "",
 "created_at": "Tue Feb 23 08:30:02 UTC 2010",
 "updated_at": "Tue Oct 01 11:41:54 UTC 2013",
 "overview": "\u003Cp\u003EAchieve3000, of Lakewood, N.J., delivers differentiated literacy solutions proven to increase reading comprehension and fluency, vocabulary and writing proficiency for students in grades 2 through 12. Through its proprietary software engine, the company uses the Internet to provide each student with an appropriate version of the same content based on his or her reading level. The company\u0026#8217;s products include KidBiz3000 (a reading and writing program for grades 2 through 5), TeenBiz3000 (a reading and writing program for grades 6 through 12) and Spark3000\u00c2\u00ae (a reading and writing program for adult learners).\u003C/p\u003E",
 "image":
  {"available_sizes":
    [[[150,
       68],
      "http://api-images.crunchbase.com/assets/images/resized/0007/7893/77893v1-max-150x150.jpg"],
     [[208,
       95],
      "http://api-images.crunchbase.com/assets/images/resized/0007/7893/77893v1-max-250x250.jpg"],
     [[208,
       95],
      "http://api-images.crunchbase.com/assets/images/resized/0007/7893/77893v1-max-450x450.jpg"]],
   "attribution": null},
 "products":
  [],
 "relationships":
  [{"is_past": false,
    "title": "Founder, President and CEO",
    "person":
     {"first_name": "Saki",
      "last_name": "Dodelson",
      "permalink": "saki-dodelson"}},
   {"is_past": false,
    "title": "Chief Literacy Officer",
    "person":
     {"first_name": "Jim",
      "last_name": "Coulon",
      "permalink": "jim-coulon"}},
   {"is_past": false,
    "title": "Founder, Chief Academic Officer",
    "person":
     {"first_name": "Susan",
      "last_name": "Gertler",
      "permalink": "susan-gertler"}},
   {"is_past": false,
    "title": "CFO",
    "person":
     {"first_name": "Peter",
      "last_name": "Saretsky",
      "permalink": "peter-saretsky"}},
   {"is_past": false,
    "title": "Board Member",
    "person":
     {"first_name": "Robert",
      "last_name": "Chefitz",
      "permalink": "robert-chefitz"}},
   {"is_past": false,
    "title": "Board Member",
    "person":
     {"first_name": "Peter",
      "last_name": "Sobiloff",
      "permalink": "peter-sobiloff"}},
   {"is_past": false,
    "title": "Chief Product Officer",
    "person":
     {"first_name": "Jim",
      "last_name": "O'Neill",
      "permalink": "jim-oneill"}},
   {"is_past": false,
    "title": "Board Member",
    "person":
     {"first_name": "Susan",
      "last_name": "McClanahan",
      "permalink": "susan-mcclanahan"}},
   {"is_past": false,
    "title": "Board Member",
    "person":
     {"first_name": "Howard",
      "last_name": "Weitzman",
      "permalink": "howard-weitzman"}},
   {"is_past": true,
    "title": "Regional Vice President",
    "person":
     {"first_name": "Greg",
      "last_name": "Holgreen",
      "permalink": "greg-holgreen"}},
   {"is_past": true,
    "title": "VP, Strategic Accounts",
    "person":
     {"first_name": "Tony",
      "last_name": "Hicks",
      "permalink": "tony-hicks"}}],
 "competitions":
  [],
 "providerships":
  [],
 "total_money_raised": "$9M",
 "funding_rounds":
  [{"id": 12221,
    "round_code": "unattributed",
    "source_url": "http://www.achieve3000.com/article/a3k/index.php?a=154",
    "source_description": "Insight Venture Partners invests $9 million in New Jersey-based educational technology company",
    "raised_amount": 9000000.0,
    "raised_currency_code": "USD",
    "funded_year": 2007,
    "funded_month": 7,
    "funded_day": 24,
    "investments":
     [{"company": null,
       "financial_org":
        {"name": "Insight Venture Partners",
         "permalink": "insight-venture-partners"},
       "person": null}]}],
 "investments":
  [],
 "acquisition": null,
 "acquisitions":
  [],
 "offices":
  [{"description": "",
    "address1": "1091 River Avenue",
    "address2": "",
    "zip_code": "08701",
    "city": "Lakewood",
    "state_code": "NJ",
    "country_code": "USA",
    "latitude": null,
    "longitude": null}],
 "milestones":
  [],
 "ipo": null,
 "video_embeds":
  [],
 "screenshots":
  [{"available_sizes":
     [[[150,
        99],
       "http://api-images.crunchbase.com/assets/images/resized/0007/7895/77895v1-max-150x150.jpg"],
      [[250,
        166],
       "http://api-images.crunchbase.com/assets/images/resized/0007/7895/77895v1-max-250x250.jpg"],
      [[450,
        299],
       "http://api-images.crunchbase.com/assets/images/resized/0007/7895/77895v1-max-450x450.jpg"]],
    "attribution": null}],
 "external_links":
  [],
 "partners":
  []}
