{"name": "Acognita",
 "permalink": "acognita",
 "crunchbase_url": "http://www.crunchbase.com/company/acognita",
 "homepage_url": "http://www.acognita.com",
 "blog_url": "http://www.acognita.com/index.php/blog/",
 "blog_feed_url": "",
 "twitter_username": "DanielEndy",
 "category_code": "public_relations",
 "number_of_employees": 4,
 "founded_year": 2008,
 "founded_month": 8,
 "founded_day": null,
 "deadpooled_year": null,
 "deadpooled_month": null,
 "deadpooled_day": null,
 "deadpooled_url": null,
 "tag_list": "marketing, seo, sem, social-media, web, technology, technologies, advanced, blogging, social, social-networking, twitter, linkedin, facebook",
 "alias_list": "",
 "email_address": "Daniel@Acognita.com",
 "phone_number": "610-662-2691",
 "description": "Advanced Marketing Technologies",
 "created_at": "Fri Aug 21 17:46:11 UTC 2009",
 "updated_at": "Mon Aug 24 15:22:23 UTC 2009",
 "overview": "\u003Cp\u003EAcognita helps businesses use advanced marketing technologies to significantly increase their sales, and margins.\u003C/p\u003E\n\n\u003Cp\u003EAcognita specializes in the application of web, social media, and online marketing technologies to expand the reach and impact of your business.\u003C/p\u003E",
 "image":
  {"available_sizes":
    [[[150,
       35],
      "http://api-images.crunchbase.com/assets/images/resized/0005/7272/57272v2-max-150x150.png"],
     [[250,
       59],
      "http://api-images.crunchbase.com/assets/images/resized/0005/7272/57272v2-max-250x250.png"],
     [[450,
       106],
      "http://api-images.crunchbase.com/assets/images/resized/0005/7272/57272v2-max-450x450.png"]],
   "attribution": null},
 "products":
  [],
 "relationships":
  [{"is_past": false,
    "title": "Founder",
    "person":
     {"first_name": "Daniel",
      "last_name": "Endy",
      "permalink": "daniel-endy"}}],
 "competitions":
  [],
 "providerships":
  [],
 "total_money_raised": "$0",
 "funding_rounds":
  [],
 "investments":
  [],
 "acquisition": null,
 "acquisitions":
  [],
 "offices":
  [{"description": "Headquarters",
    "address1": "40 Lloyd Ave",
    "address2": "Suite 105",
    "zip_code": "19355",
    "city": "Malvern",
    "state_code": "PA",
    "country_code": "USA",
    "latitude": 40.037125,
    "longitude": -75.498131}],
 "milestones":
  [],
 "ipo": null,
 "video_embeds":
  [],
 "screenshots":
  [],
 "external_links":
  [],
 "partners":
  []}
