{"name": "Acousticeye",
 "permalink": "acousticeye",
 "crunchbase_url": "http://www.crunchbase.com/company/acousticeye",
 "homepage_url": "http://www.acousticeye.com",
 "blog_url": "",
 "blog_feed_url": "",
 "twitter_username": "AcousticEye",
 "category_code": "cleantech",
 "number_of_employees": 15,
 "founded_year": 2006,
 "founded_month": null,
 "founded_day": null,
 "deadpooled_year": null,
 "deadpooled_month": null,
 "deadpooled_day": null,
 "deadpooled_url": null,
 "tag_list": "",
 "alias_list": "",
 "email_address": "info@acousticeye.com",
 "phone_number": "31 (0)20-708-4784",
 "description": "Inovative Tube Inspection Equipment",
 "created_at": "Wed Dec 09 21:45:40 UTC 2009",
 "updated_at": "Sun Jan 26 20:27:53 UTC 2014",
 "overview": "\u003Cp\u003EAcousticEye Ltd. was established in 2005 by Tal Pechter and Dr. Noam Amir to bring acoustic technology to the NDT (Non Destructive Testing) industry. The company develops, manufacturers, and markets mobile and embedded tube inspection devices. AcousticEye\u0026#8217;s patented (pending) technology offers accurate and rapid single point inspection of inaccessible tubes. The company\u0026#8217;s Dolphin system is unique in its ability to quickly find and accurately locate defects in complex tube systems regardless of their material, without the need for physically traversing a probe along the tubes.\u003C/p\u003E",
 "image":
  {"available_sizes":
    [[[150,
       78],
      "http://api-images.crunchbase.com/assets/images/resized/0010/8621/108621v2-max-150x150.jpg"],
     [[250,
       131],
      "http://api-images.crunchbase.com/assets/images/resized/0010/8621/108621v2-max-250x250.jpg"],
     [[310,
       163],
      "http://api-images.crunchbase.com/assets/images/resized/0010/8621/108621v2-max-450x450.jpg"]],
   "attribution": null},
 "products":
  [],
 "relationships":
  [{"is_past": false,
    "title": "CEO \u0026 Board of Directors",
    "person":
     {"first_name": "Yoav",
      "last_name": "Harel",
      "permalink": "yoav-harel"}},
   {"is_past": false,
    "title": "COO",
    "person":
     {"first_name": "Ophir",
      "last_name": "Dror",
      "permalink": "ophir-dror"}},
   {"is_past": false,
    "title": "Co-Founder \u0026 CTO",
    "person":
     {"first_name": "Noam",
      "last_name": "Amir",
      "permalink": "noam-amir"}},
   {"is_past": false,
    "title": "VP of R\u0026D",
    "person":
     {"first_name": "Silviu",
      "last_name": "Zilberman",
      "permalink": "silviu-zilberman"}},
   {"is_past": false,
    "title": "CFO",
    "person":
     {"first_name": "Limor",
      "last_name": "Lev",
      "permalink": "limor-lev"}},
   {"is_past": false,
    "title": "Board of Directors",
    "person":
     {"first_name": "Glen",
      "last_name": "Schwaber",
      "permalink": "glen-schwaber"}},
   {"is_past": false,
    "title": "Board of Directors",
    "person":
     {"first_name": "Gil",
      "last_name": "Raanan",
      "permalink": "gil-raanan"}},
   {"is_past": false,
    "title": "Board of Directors",
    "person":
     {"first_name": "David",
      "last_name": "A. Prince",
      "permalink": "david-a-prince"}}],
 "competitions":
  [],
 "providerships":
  [],
 "total_money_raised": "$13M",
 "funding_rounds":
  [{"id": 19858,
    "round_code": "b",
    "source_url": "http://www.businesswire.com/news/home/20101103005095/en/AcousticEye-Closes-Investment-Funding-Sequoia-Capital",
    "source_description": "AcousticEye Closes Investment Round with Funding from Sequoia Capital  ",
    "raised_amount": null,
    "raised_currency_code": "USD",
    "funded_year": 2010,
    "funded_month": 11,
    "funded_day": 3,
    "investments":
     [{"company": null,
       "financial_org":
        {"name": "Sequoia Capital",
         "permalink": "sequoia-capital"},
       "person": null}]},
   {"id": 30156,
    "round_code": "unattributed",
    "source_url": "http://news.yahoo.com/acousticeye-raises-6-million-funding-icv-sequoia-capital-053218974.html",
    "source_description": "AcousticEye Raises $6 Million in Funding from ICV and Sequoia Capital, Aims to Disrupt Global NDT Market",
    "raised_amount": 6000000.0,
    "raised_currency_code": "USD",
    "funded_year": 2012,
    "funded_month": 5,
    "funded_day": 24,
    "investments":
     [{"company": null,
       "financial_org":
        {"name": "Israel Cleantech Ventures",
         "permalink": "israel-cleantech-ventures"},
       "person": null},
      {"company": null,
       "financial_org":
        {"name": "Sequoia Capital",
         "permalink": "sequoia-capital"},
       "person": null}]},
   {"id": 57066,
    "round_code": "unattributed",
    "source_url": "http://www.finsmes.com/2013/12/acousticeye-closes-7m-funding.html",
    "source_description": "AcousticEye Closes $7M Funding",
    "raised_amount": 7000000.0,
    "raised_currency_code": "USD",
    "funded_year": 2013,
    "funded_month": 12,
    "funded_day": 4,
    "investments":
     [{"company": null,
       "financial_org":
        {"name": "Israel Cleantech Ventures",
         "permalink": "israel-cleantech-ventures"},
       "person": null},
      {"company": null,
       "financial_org":
        {"name": "Sequoia Capital",
         "permalink": "sequoia-capital"},
       "person": null},
      {"company": null,
       "financial_org":
        {"name": "Plan B Ventures",
         "permalink": "plan-b-ventures"},
       "person": null},
      {"company": null,
       "financial_org":
        {"name": "Ysios Capital",
         "permalink": "ysios-capital"},
       "person": null}]}],
 "investments":
  [],
 "acquisition": null,
 "acquisitions":
  [],
 "offices":
  [{"description": "AcousticEye Main Office",
    "address1": "12 Greenway Plaza,",
    "address2": "Suite 1100,",
    "zip_code": "77046",
    "city": "Houston",
    "state_code": "TX",
    "country_code": "USA",
    "latitude": null,
    "longitude": null},
   {"description": "Charlotte Office",
    "address1": "2266 Statesville Highway,",
    "address2": "",
    "zip_code": "28115",
    "city": "Mooresville",
    "state_code": "NC",
    "country_code": "USA",
    "latitude": null,
    "longitude": null},
   {"description": "Seattle Office",
    "address1": "18975 131st PL NE,",
    "address2": "",
    "zip_code": "98072",
    "city": "Woodinville",
    "state_code": "WA",
    "country_code": "USA",
    "latitude": null,
    "longitude": null},
   {"description": "AcousticEye EMEA Office",
    "address1": "Stadsplein 67, 1181 ZM,",
    "address2": "",
    "zip_code": "",
    "city": "Amstelveen",
    "state_code": null,
    "country_code": "ANT",
    "latitude": null,
    "longitude": null},
   {"description": "R\u0026D Center",
    "address1": "4 Harehev St., P.O Box 52489",
    "address2": "",
    "zip_code": "52489",
    "city": "Tel Aviv",
    "state_code": null,
    "country_code": "ISR",
    "latitude": null,
    "longitude": null}],
 "milestones":
  [],
 "ipo": null,
 "video_embeds":
  [],
 "screenshots":
  [{"available_sizes":
     [[[150,
        111],
       "http://api-images.crunchbase.com/assets/images/resized/0011/4676/114676v1-max-150x150.jpg"],
      [[250,
        185],
       "http://api-images.crunchbase.com/assets/images/resized/0011/4676/114676v1-max-250x250.jpg"],
      [[450,
        334],
       "http://api-images.crunchbase.com/assets/images/resized/0011/4676/114676v1-max-450x450.jpg"]],
    "attribution": null}],
 "external_links":
  [],
 "partners":
  []}
