{"name": "Acrisure",
 "permalink": "acrisure",
 "crunchbase_url": "http://www.crunchbase.com/company/acrisure",
 "homepage_url": "http://acrisure.com",
 "blog_url": "",
 "blog_feed_url": "",
 "twitter_username": "AcrisureLLC",
 "category_code": "finance",
 "number_of_employees": null,
 "founded_year": 2006,
 "founded_month": null,
 "founded_day": null,
 "deadpooled_year": null,
 "deadpooled_month": null,
 "deadpooled_day": null,
 "deadpooled_url": null,
 "tag_list": "",
 "alias_list": "",
 "email_address": "",
 "phone_number": "(517) 853-1101",
 "description": "",
 "created_at": "Sat Jan 30 04:30:06 UTC 2010",
 "updated_at": "Mon Nov 18 17:16:56 UTC 2013",
 "overview": "\u003Cp\u003EAcrisure, based in Grand Rapids, Michigan, is an insurance brokerage company providing insurance services to a large variety of medium and large sized commercial accounts throughout the Midwest.  The Company specializes in placing property and casualty, benefits and a variety of specialty lines.  Acrisure has acquired and partnered with 17 agencies since its inception and continues to seek attractive insurance brokerage opportunities that fit strategically and culturally into its business.  \u003C/p\u003E",
 "image": null,
 "products":
  [],
 "relationships":
  [{"is_past": false,
    "title": "Co-Founder \u0026 Executive Vice President",
    "person":
     {"first_name": "Ricky",
      "last_name": "Norris",
      "permalink": "ricky-norris"}},
   {"is_past": false,
    "title": "Chief Financial Officer",
    "person":
     {"first_name": "David",
      "last_name": "Tuit",
      "permalink": "david-tuit"}},
   {"is_past": false,
    "title": "Chief Executive Officer",
    "person":
     {"first_name": "Gregory",
      "last_name": "Williams",
      "permalink": "gregory-williams"}},
   {"is_past": false,
    "title": "Vice President of Sales",
    "person":
     {"first_name": "Andrew",
      "last_name": "Schutt",
      "permalink": "andrew-schutt"}},
   {"is_past": false,
    "title": "Chief Operating Officer",
    "person":
     {"first_name": "Donald",
      "last_name": "Collins",
      "permalink": "donald-collins"}},
   {"is_past": false,
    "title": "President",
    "person":
     {"first_name": "Jim",
      "last_name": "Alton",
      "permalink": "jim-alton"}}],
 "competitions":
  [],
 "providerships":
  [],
 "total_money_raised": "$20M",
 "funding_rounds":
  [{"id": 11633,
    "round_code": "unattributed",
    "source_url": "http://www.finsmes.com/2010/01/greenhill-capital-partners-makes-20m.html",
    "source_description": "Greenhill Capital Partners Makes $20M Investment in Acrisure",
    "raised_amount": 20000000.0,
    "raised_currency_code": "USD",
    "funded_year": 2010,
    "funded_month": 1,
    "funded_day": 29,
    "investments":
     [{"company": null,
       "financial_org":
        {"name": "Greenhill Capital Partners",
         "permalink": "greenhill-capital-partners"},
       "person": null}]}],
 "investments":
  [],
 "acquisition": null,
 "acquisitions":
  [],
 "offices":
  [{"description": "",
    "address1": "",
    "address2": "",
    "zip_code": "",
    "city": "Grand Rapids",
    "state_code": "MI",
    "country_code": "USA",
    "latitude": null,
    "longitude": null}],
 "milestones":
  [],
 "ipo": null,
 "video_embeds":
  [],
 "screenshots":
  [],
 "external_links":
  [],
 "partners":
  []}
