{"name": "ActBlue",
 "permalink": "actblue",
 "crunchbase_url": "http://www.crunchbase.com/company/actblue",
 "homepage_url": "http://www.actblue.com",
 "blog_url": "",
 "blog_feed_url": "",
 "twitter_username": null,
 "category_code": "cleantech",
 "number_of_employees": null,
 "founded_year": 2004,
 "founded_month": null,
 "founded_day": null,
 "deadpooled_year": null,
 "deadpooled_month": null,
 "deadpooled_day": null,
 "deadpooled_url": null,
 "tag_list": "cleantech",
 "alias_list": "",
 "email_address": "info@actblue.com",
 "phone_number": "(617) 517-7600 ",
 "description": "",
 "created_at": "Wed Sep 09 00:03:45 UTC 2009",
 "updated_at": "Mon Mar 17 05:43:21 UTC 2014",
 "overview": "\u003Cp\u003EAnhui Actblue Energy Saving and Environmental Protection Technology Co., Ltd. is a foreign joint-stock cooperative enterprise, founded together by PhD team from the North America and government of Chizhou City, Anhui province. The company is specialized in automotive energy conservation and environmental protection technology and products. The company has the capacities of annual output of 1 million liter of catalysts of naphtha and diesel oil and complete exhaust system. It is planned to build 2 million sets of post treated products per year.\u003C/p\u003E\n\n\u003Cp\u003EThe products of the company include three way cleaner (TWC), diesel oxidation catalyst cleaner (DOC), selected catalyst reductor (SCR), diesel particulate filter(DPF), particulate oxidation catalyst(POC), etc. The products can be universally applied to various gasoline-powered and diesel-powered vehicles.\u003C/p\u003E",
 "image":
  {"available_sizes":
    [[[150,
       10],
      "http://api-images.crunchbase.com/assets/images/resized/0010/6942/106942v1-max-150x150.png"],
     [[250,
       18],
      "http://api-images.crunchbase.com/assets/images/resized/0010/6942/106942v1-max-250x250.png"],
     [[450,
       32],
      "http://api-images.crunchbase.com/assets/images/resized/0010/6942/106942v1-max-450x450.png"]],
   "attribution": null},
 "products":
  [],
 "relationships":
  [{"is_past": false,
    "title": "Chairman and President",
    "person":
     {"first_name": "Yi",
      "last_name": "Liu",
      "permalink": "yi-liu"}}],
 "competitions":
  [],
 "providerships":
  [],
 "total_money_raised": "$24.4M",
 "funding_rounds":
  [{"id": 61906,
    "round_code": "a",
    "source_url": "",
    "source_description": "",
    "raised_amount": 24354600.0,
    "raised_currency_code": "USD",
    "funded_year": 2010,
    "funded_month": 8,
    "funded_day": null,
    "investments":
     [{"company": null,
       "financial_org":
        {"name": "IDG Capital Partners",
         "permalink": "idg-capital-partners"},
       "person": null}]}],
 "investments":
  [],
 "acquisition": null,
 "acquisitions":
  [],
 "offices":
  [{"description": "HQ",
    "address1": "14 Arrow Street",
    "address2": "Suite 11",
    "zip_code": "02138",
    "city": "Cambridge",
    "state_code": "MA",
    "country_code": "USA",
    "latitude": null,
    "longitude": null}],
 "milestones":
  [],
 "ipo": null,
 "video_embeds":
  [],
 "screenshots":
  [{"available_sizes":
     [[[150,
        114],
       "http://api-images.crunchbase.com/assets/images/resized/0041/3334/413334v1-max-150x150.png"],
      [[250,
        190],
       "http://api-images.crunchbase.com/assets/images/resized/0041/3334/413334v1-max-250x250.png"],
      [[450,
        342],
       "http://api-images.crunchbase.com/assets/images/resized/0041/3334/413334v1-max-450x450.png"]],
    "attribution": null}],
 "external_links":
  [],
 "partners":
  [{"partner_name": "ct_quan",
    "homepage_url": "unknown",
    "link_1_url": null,
    "link_2_url": null,
    "link_3_url": null,
    "link_1_name": null,
    "link_2_name": null,
    "link_3_name": null}]}
