{"name": "Activ8",
 "permalink": "activ8",
 "crunchbase_url": "http://www.crunchbase.com/company/activ8",
 "homepage_url": "http://www.activ8.at",
 "blog_url": "http://www.facebook.com/pages/Activ8/138542821902",
 "blog_feed_url": "",
 "twitter_username": null,
 "category_code": "software",
 "number_of_employees": 5,
 "founded_year": 2003,
 "founded_month": 11,
 "founded_day": null,
 "deadpooled_year": null,
 "deadpooled_month": null,
 "deadpooled_day": null,
 "deadpooled_url": null,
 "tag_list": "inimeo, multimedia, online-presentations, web-presentations, flash, java, crm, e-learning, e-training",
 "alias_list": null,
 "email_address": "office@activ8.at",
 "phone_number": "+43 599 599",
 "description": "Web Solutions",
 "created_at": "Fri Feb 19 11:48:57 UTC 2010",
 "updated_at": "Sat Dec 11 08:27:15 UTC 2010",
 "overview": "\u003Cp\u003EActiv8 develops and provides powerful web applications for multimedia presentations and CRM-solutions based on state-of-the-art technology.\u003C/p\u003E\n\n\u003Cp\u003EIn 2009 the company started the online platform inimeo.com which shows new ways of creating and embedding multimedia online presentations without the need of any special software or training. It is the \u0026#8220;do it yourself\u0026#8221; way of authoring and publishing animated presentations using audio, video, images, graphics and texts. A powerful WYSIWYG editor and a realtime-API for integrating inimeo presentations into 3rd party solutions (e.g. e-learning, recruiting, \u0026#8230;) are available.\u003C/p\u003E\n\n\u003Cp\u003EActiv8 is seeking funding for further development and marketing of inimeo.com\u003C/p\u003E\n\n\u003Cp\u003EAnother very successful product of Activ8 is the \u0026#8220;A8Dropzone\u0026#8221; (see http://www.a8dropzone.com) which makes all kinds of file uploads easy and even comes with a built in media converter for audio and video files. We also provide a free zendesk.com widget and a free Joomla! plugin utilizing the A8Dropzone \u0026#8220;sexy\u0026#8221; uploads solution.\u003C/p\u003E",
 "image":
  {"available_sizes":
    [[[150,
       80],
      "http://api-images.crunchbase.com/assets/images/resized/0007/7559/77559v2-max-150x150.png"],
     [[250,
       134],
      "http://api-images.crunchbase.com/assets/images/resized/0007/7559/77559v2-max-250x250.png"],
     [[450,
       242],
      "http://api-images.crunchbase.com/assets/images/resized/0007/7559/77559v2-max-450x450.png"]],
   "attribution": null},
 "products":
  [{"name": "A8Dropzone",
    "permalink": "a8dropzone"}],
 "relationships":
  [{"is_past": false,
    "title": "CEO",
    "person":
     {"first_name": "Ralph",
      "last_name": "Quin",
      "permalink": "ralph-quin"}},
   {"is_past": false,
    "title": "CSA",
    "person":
     {"first_name": "Christof",
      "last_name": "Prenninger",
      "permalink": "christof-prenninger"}},
   {"is_past": true,
    "title": "Chief Software Architect",
    "person":
     {"first_name": "Sultan",
      "last_name": "Rehman",
      "permalink": "sultan-rehman"}}],
 "competitions":
  [],
 "providerships":
  [],
 "total_money_raised": "$0",
 "funding_rounds":
  [],
 "investments":
  [],
 "acquisition": null,
 "acquisitions":
  [],
 "offices":
  [{"description": "Headquarters",
    "address1": "",
    "address2": "",
    "zip_code": "4600",
    "city": "Wels",
    "state_code": null,
    "country_code": "AUT",
    "latitude": null,
    "longitude": null}],
 "milestones":
  [],
 "ipo": null,
 "video_embeds":
  [],
 "screenshots":
  [{"available_sizes":
     [[[150,
        94],
       "http://api-images.crunchbase.com/assets/images/resized/0007/7557/77557v2-max-150x150.png"],
      [[250,
        157],
       "http://api-images.crunchbase.com/assets/images/resized/0007/7557/77557v2-max-250x250.png"],
      [[450,
        284],
       "http://api-images.crunchbase.com/assets/images/resized/0007/7557/77557v2-max-450x450.png"]],
    "attribution": null},
   {"available_sizes":
     [[[150,
        99],
       "http://api-images.crunchbase.com/assets/images/resized/0007/7558/77558v2-max-150x150.png"],
      [[250,
        165],
       "http://api-images.crunchbase.com/assets/images/resized/0007/7558/77558v2-max-250x250.png"],
      [[450,
        297],
       "http://api-images.crunchbase.com/assets/images/resized/0007/7558/77558v2-max-450x450.png"]],
    "attribution": null}],
 "external_links":
  [{"external_url": "http://www.inimeo.com",
    "title": "inimeo.com - multimedia online presentations"},
   {"external_url": "http://www.a8dropzone.com",
    "title": "A8Dropzone \"sexy\" uploads solution"},
   {"external_url": "http://www.powerpic.net",
    "title": "FREE fancy thumbnails for every website"}],
 "partners":
  []}
