{"name": "Active Storage",
 "permalink": "active-storage",
 "crunchbase_url": "http://www.crunchbase.com/company/active-storage",
 "homepage_url": "http://getactivestorage.com/index.php",
 "blog_url": "http://activestorage.com/newsfeed",
 "blog_feed_url": "",
 "twitter_username": "activestorage",
 "category_code": "enterprise",
 "number_of_employees": null,
 "founded_year": 2008,
 "founded_month": 10,
 "founded_day": null,
 "deadpooled_year": 2013,
 "deadpooled_month": 10,
 "deadpooled_day": null,
 "deadpooled_url": "",
 "tag_list": "",
 "alias_list": "",
 "email_address": "info@getactivestorage.com",
 "phone_number": "310 212-5248",
 "description": "Media Entertainment RAID Storage",
 "created_at": "Thu Nov 19 00:53:10 UTC 2009",
 "updated_at": "Thu Mar 20 10:30:30 UTC 2014",
 "overview": "\u003Cp\u003EActive Storage, Inc. provides innovative storage solutions for the business and creative industries, with an emphasis on the post-production, broadcast, publishing, education and science sectors. Active Storage products deliver a best-of-breed user experience, marrying award-winning industrial design, unmatched speed, reliability and customer service. Ease of use and robust performance make Active Storage the first choice for complex professional storage needs. To learn more, visit: http://activestorage.com\u003C/p\u003E",
 "image":
  {"available_sizes":
    [[[150,
       54],
      "http://api-images.crunchbase.com/assets/images/resized/0006/6745/66745v1-max-150x150.png"],
     [[208,
       75],
      "http://api-images.crunchbase.com/assets/images/resized/0006/6745/66745v1-max-250x250.png"],
     [[208,
       75],
      "http://api-images.crunchbase.com/assets/images/resized/0006/6745/66745v1-max-450x450.png"]],
   "attribution": null},
 "products":
  [],
 "relationships":
  [{"is_past": false,
    "title": "CEO",
    "person":
     {"first_name": "Stephen",
      "last_name": "Rizzone",
      "permalink": "stephen-rizzone"}},
   {"is_past": false,
    "title": "Founder and President",
    "person":
     {"first_name": "Alex",
      "last_name": "Grossman",
      "permalink": "alex-grossman"}},
   {"is_past": false,
    "title": "CFO",
    "person":
     {"first_name": "Jane",
      "last_name": "Wike",
      "permalink": "jane-wike"}},
   {"is_past": false,
    "title": "Co-Founder, VP BusDev and Marketing",
    "person":
     {"first_name": "Skip",
      "last_name": "Levens",
      "permalink": "skip-levens"}},
   {"is_past": true,
    "title": "CFO",
    "person":
     {"first_name": "David",
      "last_name": "MacKenzie",
      "permalink": "david-mackenzie"}}],
 "competitions":
  [],
 "providerships":
  [],
 "total_money_raised": "$16.4M",
 "funding_rounds":
  [{"id": 9641,
    "round_code": "a",
    "source_url": "http://www.getactivestorage.com/pr111709.php",
    "source_description": "Active Storage Completes Series A Investment Round",
    "raised_amount": 8000000.0,
    "raised_currency_code": "USD",
    "funded_year": 2009,
    "funded_month": 11,
    "funded_day": 17,
    "investments":
     [{"company": null,
       "financial_org":
        {"name": "Intel Capital",
         "permalink": "intel-capital"},
       "person": null},
      {"company": null,
       "financial_org":
        {"name": "Mission Ventures",
         "permalink": "mission-ventures"},
       "person": null},
      {"company": null,
       "financial_org":
        {"name": "Valhalla Partners",
         "permalink": "valhalla-partners"},
       "person": null}]},
   {"id": 44005,
    "round_code": "debt_round",
    "source_url": "http://www.sec.gov/Archives/edgar/data/1475443/000155649412000002/xslFormDX01/primary_doc.xml",
    "source_description": "SEC",
    "raised_amount": 1200000.0,
    "raised_currency_code": "USD",
    "funded_year": 2012,
    "funded_month": 8,
    "funded_day": 28,
    "investments":
     []},
   {"id": 51202,
    "round_code": "unattributed",
    "source_url": "http://www.sec.gov/Archives/edgar/data/1475443/000151919111000002/xslFormDX01/primary_doc.xml",
    "source_description": "SEC",
    "raised_amount": 7000000.0,
    "raised_currency_code": "USD",
    "funded_year": 2011,
    "funded_month": 8,
    "funded_day": 2,
    "investments":
     []},
   {"id": 70035,
    "round_code": "debt_round",
    "source_url": "http://www.sec.gov/Archives/edgar/data/1475443/000147544309000002/xslFormDX01/primary_doc.xml",
    "source_description": "SEC",
    "raised_amount": 200000.0,
    "raised_currency_code": "USD",
    "funded_year": 2009,
    "funded_month": 11,
    "funded_day": 3,
    "investments":
     []}],
 "investments":
  [],
 "acquisition": null,
 "acquisitions":
  [],
 "offices":
  [{"description": "HQ",
    "address1": "2295 Jefferson St.",
    "address2": "",
    "zip_code": "90501",
    "city": "Torrance",
    "state_code": "CA",
    "country_code": "USA",
    "latitude": null,
    "longitude": null}],
 "milestones":
  [],
 "ipo": null,
 "video_embeds":
  [],
 "screenshots":
  [{"available_sizes":
     [[[150,
        123],
       "http://api-images.crunchbase.com/assets/images/resized/0012/5939/125939v2-max-150x150.png"],
      [[250,
        205],
       "http://api-images.crunchbase.com/assets/images/resized/0012/5939/125939v2-max-250x250.png"],
      [[450,
        369],
       "http://api-images.crunchbase.com/assets/images/resized/0012/5939/125939v2-max-450x450.png"]],
    "attribution": null}],
 "external_links":
  [],
 "partners":
  []}
