{"name": "ActiveWord Systems",
 "permalink": "activeword-systems",
 "crunchbase_url": "http://www.crunchbase.com/company/activeword-systems",
 "homepage_url": "http://www.activewords.com",
 "blog_url": "",
 "blog_feed_url": "",
 "twitter_username": null,
 "category_code": null,
 "number_of_employees": null,
 "founded_year": null,
 "founded_month": null,
 "founded_day": null,
 "deadpooled_year": null,
 "deadpooled_month": null,
 "deadpooled_day": null,
 "deadpooled_url": null,
 "tag_list": "",
 "alias_list": "",
 "email_address": "",
 "phone_number": "",
 "description": "",
 "created_at": "Tue Dec 08 03:53:49 UTC 2009",
 "updated_at": "Tue Dec 08 03:57:10 UTC 2009",
 "overview": "\u003Cp\u003EActiveWords is to empower people by applying ActiveWords across all computing environments and platforms. People will get the results they want from all devices by selecting, entering, or speaking the words they associate with their desired results. This interface is consistent across all devices and integrates seamlessly with all other user interface elements.\u003C/p\u003E",
 "image":
  {"available_sizes":
    [[[150,
       22],
      "http://api-images.crunchbase.com/assets/images/resized/0006/8805/68805v1-max-150x150.jpg"],
     [[250,
       36],
      "http://api-images.crunchbase.com/assets/images/resized/0006/8805/68805v1-max-250x250.jpg"],
     [[450,
       66],
      "http://api-images.crunchbase.com/assets/images/resized/0006/8805/68805v1-max-450x450.jpg"]],
   "attribution": null},
 "products":
  [],
 "relationships":
  [],
 "competitions":
  [],
 "providerships":
  [],
 "total_money_raised": "$0",
 "funding_rounds":
  [],
 "investments":
  [],
 "acquisition": null,
 "acquisitions":
  [],
 "offices":
  [],
 "milestones":
  [],
 "ipo": null,
 "video_embeds":
  [],
 "screenshots":
  [{"available_sizes":
     [[[150,
        122],
       "http://api-images.crunchbase.com/assets/images/resized/0006/8806/68806v1-max-150x150.jpg"],
      [[250,
        203],
       "http://api-images.crunchbase.com/assets/images/resized/0006/8806/68806v1-max-250x250.jpg"],
      [[450,
        366],
       "http://api-images.crunchbase.com/assets/images/resized/0006/8806/68806v1-max-450x450.jpg"]],
    "attribution": null}],
 "external_links":
  [],
 "partners":
  []}
