{"name": "Action Websites",
 "permalink": "action-websites",
 "crunchbase_url": "http://www.crunchbase.com/company/action-websites",
 "homepage_url": "http://www.actionwebsites.com.au",
 "blog_url": "",
 "blog_feed_url": "",
 "twitter_username": "ActionWebsites",
 "category_code": "ecommerce",
 "number_of_employees": null,
 "founded_year": 2000,
 "founded_month": 8,
 "founded_day": 8,
 "deadpooled_year": null,
 "deadpooled_month": null,
 "deadpooled_day": null,
 "deadpooled_url": null,
 "tag_list": "ecommerce, e-commerce, online-stores, shopping-cart, online-shop, website-design, web-design, website-developer, web-development, web-developer",
 "alias_list": "",
 "email_address": "sales@actionwebsites.com.au",
 "phone_number": "1300 736 783",
 "description": "website design",
 "created_at": "Tue Sep 01 00:17:15 UTC 2009",
 "updated_at": "Tue Apr 09 14:44:52 UTC 2013",
 "overview": "\u003Cp\u003EActionWebsites.com.au are experts in ecommerce delivering professional, unique and stylish custom designed websites creating an identifiable brand, look and feel for your website or ecommerce store.\u003C/p\u003E\n\n\u003Cp\u003EMore than just a shopping cart Action Websites gives website control back to business and company owners.\u003C/p\u003E\n\n\u003Cp\u003EAction Webistes has Fixed prices with NO hourly or per page fees ever.\u003C/p\u003E",
 "image":
  {"available_sizes":
    [[[150,
       67],
      "http://api-images.crunchbase.com/assets/images/resized/0005/8318/58318v2-max-150x150.jpg"],
     [[250,
       111],
      "http://api-images.crunchbase.com/assets/images/resized/0005/8318/58318v2-max-250x250.jpg"],
     [[313,
       140],
      "http://api-images.crunchbase.com/assets/images/resized/0005/8318/58318v2-max-450x450.jpg"]],
   "attribution": null},
 "products":
  [],
 "relationships":
  [],
 "competitions":
  [],
 "providerships":
  [],
 "total_money_raised": "$0",
 "funding_rounds":
  [],
 "investments":
  [],
 "acquisition": null,
 "acquisitions":
  [],
 "offices":
  [{"description": "Melbourne Office",
    "address1": "",
    "address2": "",
    "zip_code": "3004",
    "city": "Melbourne",
    "state_code": null,
    "country_code": "AUS",
    "latitude": -37.8380948,
    "longitude": 144.976329}],
 "milestones":
  [],
 "ipo": null,
 "video_embeds":
  [],
 "screenshots":
  [{"available_sizes":
     [[[75,
        150],
       "http://api-images.crunchbase.com/assets/images/resized/0005/8317/58317v2-max-150x150.jpg"],
      [[125,
        250],
       "http://api-images.crunchbase.com/assets/images/resized/0005/8317/58317v2-max-250x250.jpg"],
      [[226,
        450],
       "http://api-images.crunchbase.com/assets/images/resized/0005/8317/58317v2-max-450x450.jpg"]],
    "attribution": null}],
 "external_links":
  [],
 "partners":
  []}
