{"name": "Active Implants",
 "permalink": "active-implants",
 "crunchbase_url": "http://www.crunchbase.com/company/active-implants",
 "homepage_url": "http://www.activeimplants.com",
 "blog_url": "",
 "blog_feed_url": "",
 "twitter_username": null,
 "category_code": "biotech",
 "number_of_employees": null,
 "founded_year": 2004,
 "founded_month": 6,
 "founded_day": null,
 "deadpooled_year": null,
 "deadpooled_month": null,
 "deadpooled_day": null,
 "deadpooled_url": null,
 "tag_list": "",
 "alias_list": "",
 "email_address": "info@activeimplants.com",
 "phone_number": "+972.9.865.9220",
 "description": "Medial Device Company",
 "created_at": "Wed Dec 02 22:01:32 UTC 2009",
 "updated_at": "Tue Feb 11 12:53:22 UTC 2014",
 "overview": "\u003Cp\u003EActive Implants Corporation develops cushion-bearing orthopedic implant solutions. It offers NUsurface meniscus implants for the treatment of meniscal deficient knee; and TriboFit hip systems, which consist of acetabular components for use in hip joint reconstruction applications. The company sells its products through its distribution partners in the United Kingdom, Spain, Portugal, and Italy. Active Implants Corporation was founded in 2004 and is based in Memphis, Tennessee with an additional facility in Driebergen, the Netherlands. It has a research facility in Netanya, Israel.\u003C/p\u003E",
 "image":
  {"available_sizes":
    [[[150,
       35],
      "http://api-images.crunchbase.com/assets/images/resized/0006/8342/68342v2-max-150x150.png"],
     [[250,
       58],
      "http://api-images.crunchbase.com/assets/images/resized/0006/8342/68342v2-max-250x250.png"],
     [[315,
       74],
      "http://api-images.crunchbase.com/assets/images/resized/0006/8342/68342v2-max-450x450.png"]],
   "attribution": null},
 "products":
  [],
 "relationships":
  [{"is_past": false,
    "title": "CEO \u0026 Chairman of the Board",
    "person":
     {"first_name": "Henry",
      "last_name": "Klyce",
      "permalink": "henry-klyce"}},
   {"is_past": false,
    "title": "President \u0026 COO",
    "person":
     {"first_name": "Lex",
      "last_name": "R. Giltaij",
      "permalink": "lex-r-giltaij"}},
   {"is_past": false,
    "title": "VP Administration \u0026 CFO",
    "person":
     {"first_name": "J.",
      "last_name": "Michael Keenan",
      "permalink": "j-michael-keenan"}},
   {"is_past": false,
    "title": "BOD",
    "person":
     {"first_name": "Jonathan",
      "last_name": "E. Scharff",
      "permalink": "jonathan-e-scharff"}},
   {"is_past": false,
    "title": "BOD",
    "person":
     {"first_name": "William",
      "last_name": "T. \"Tad\" Mays, Jr.",
      "permalink": "william-t-tad-mays-jr"}},
   {"is_past": false,
    "title": "BOD",
    "person":
     {"first_name": "James",
      "last_name": "D. Lackie",
      "permalink": "james-d-lackie"}},
   {"is_past": true,
    "title": "Vice President of R\u0026D",
    "person":
     {"first_name": "Randy",
      "last_name": "Nuernberg",
      "permalink": "randy-nuernberg"}},
   {"is_past": true,
    "title": "R\u0026D",
    "person":
     {"first_name": "Avi",
      "last_name": "Shterling",
      "permalink": "avi-shterling"}}],
 "competitions":
  [],
 "providerships":
  [],
 "total_money_raised": "$94.7M",
 "funding_rounds":
  [{"id": 9882,
    "round_code": "c",
    "source_url": "http://www.sec.gov/Archives/edgar/data/1312573/000131257309000006/xslFormDX01/primary_doc.xml",
    "source_description": "SEC",
    "raised_amount": 15000000.0,
    "raised_currency_code": "USD",
    "funded_year": 2009,
    "funded_month": 12,
    "funded_day": 2,
    "investments":
     []},
   {"id": 12381,
    "round_code": "unattributed",
    "source_url": "http://sec.gov/Archives/edgar/vprr/04/9999999997-04-047655",
    "source_description": "SEC D",
    "raised_amount": 55000.0,
    "raised_currency_code": "USD",
    "funded_year": 2004,
    "funded_month": 12,
    "funded_day": 23,
    "investments":
     []},
   {"id": 12382,
    "round_code": "a",
    "source_url": "http://sec.gov/Archives/edgar/vprr/05/9999999997-05-005270",
    "source_description": "SEC D/A",
    "raised_amount": 100000.0,
    "raised_currency_code": "USD",
    "funded_year": 2006,
    "funded_month": 5,
    "funded_day": 11,
    "investments":
     []},
   {"id": 12383,
    "round_code": "b",
    "source_url": "http://sec.gov/Archives/edgar/vprr/07/9999999997-07-023546",
    "source_description": "SEC D",
    "raised_amount": 6600000.0,
    "raised_currency_code": "USD",
    "funded_year": 2007,
    "funded_month": 5,
    "funded_day": 1,
    "investments":
     []},
   {"id": 12384,
    "round_code": "b",
    "source_url": "http://sec.gov/Archives/edgar/vprr/08/9999999997-08-000935",
    "source_description": "SEC D",
    "raised_amount": 3110000.0,
    "raised_currency_code": "USD",
    "funded_year": 2007,
    "funded_month": 12,
    "funded_day": 1,
    "investments":
     []},
   {"id": 12385,
    "round_code": "b",
    "source_url": "http://sec.gov/Archives/edgar/vprr/08/9999999997-08-034961",
    "source_description": "SEC D",
    "raised_amount": 2000000.0,
    "raised_currency_code": "USD",
    "funded_year": 2008,
    "funded_month": 8,
    "funded_day": 1,
    "investments":
     []},
   {"id": 27480,
    "round_code": "debt_round",
    "source_url": "http://www.finsmes.com/2012/01/active-implants-corporation-receives-10m-convertible-debt.html?utm_source=feedburner\u0026utm_medium=feed\u0026utm_campaign=Feed%3A+finsmes%2FcNHu+%28FinSMEs%29",
    "source_description": "Active Implants Corporation Receives $10M in Convertible Debt",
    "raised_amount": 10000000.0,
    "raised_currency_code": "USD",
    "funded_year": 2012,
    "funded_month": 1,
    "funded_day": 10,
    "investments":
     []},
   {"id": 40357,
    "round_code": "debt_round",
    "source_url": "http://www.sec.gov/Archives/edgar/data/1579434/000157943413000001/xslFormDX01/primary_doc.xml",
    "source_description": "SEC",
    "raised_amount": 600000.0,
    "raised_currency_code": "USD",
    "funded_year": 2013,
    "funded_month": 6,
    "funded_day": 18,
    "investments":
     []},
   {"id": 47696,
    "round_code": "partial",
    "source_url": "http://www.sec.gov/Archives/edgar/data/1579434/000157943413000002/xslFormDX01/primary_doc.xml",
    "source_description": "SEC",
    "raised_amount": 48666666.0,
    "raised_currency_code": "USD",
    "funded_year": 2013,
    "funded_month": 8,
    "funded_day": 28,
    "investments":
     []},
   {"id": 64280,
    "round_code": "partial",
    "source_url": "http://www.sec.gov/Archives/edgar/data/1312573/000131257309000004/xslFormDX01/primary_doc.xml",
    "source_description": "SEC",
    "raised_amount": 8585841.0,
    "raised_currency_code": "USD",
    "funded_year": 2009,
    "funded_month": 4,
    "funded_day": 6,
    "investments":
     []}],
 "investments":
  [],
 "acquisition": null,
 "acquisitions":
  [],
 "offices":
  [{"description": "Global Headquarters",
    "address1": "5865 Ridgeway Center Parkway",
    "address2": "Suite 218",
    "zip_code": "38120",
    "city": "Memphis",
    "state_code": "TN",
    "country_code": "USA",
    "latitude": null,
    "longitude": null}],
 "milestones":
  [],
 "ipo": null,
 "video_embeds":
  [],
 "screenshots":
  [{"available_sizes":
     [[[150,
        95],
       "http://api-images.crunchbase.com/assets/images/resized/0012/2948/122948v1-max-150x150.jpg"],
      [[250,
        158],
       "http://api-images.crunchbase.com/assets/images/resized/0012/2948/122948v1-max-250x250.jpg"],
      [[450,
        285],
       "http://api-images.crunchbase.com/assets/images/resized/0012/2948/122948v1-max-450x450.jpg"]],
    "attribution": null}],
 "external_links":
  [],
 "partners":
  []}
