{"name": "Acucar Guarani",
 "permalink": "acucar-guarani",
 "crunchbase_url": "http://www.crunchbase.com/company/acucar-guarani",
 "homepage_url": "http://www.acucarguarani.com.br/en/home",
 "blog_url": "",
 "blog_feed_url": "",
 "twitter_username": null,
 "category_code": "other",
 "number_of_employees": null,
 "founded_year": 1976,
 "founded_month": null,
 "founded_day": null,
 "deadpooled_year": 2013,
 "deadpooled_month": null,
 "deadpooled_day": null,
 "deadpooled_url": "",
 "tag_list": "",
 "alias_list": "",
 "email_address": "",
 "phone_number": "55 17 3280 1000",
 "description": "",
 "created_at": "Mon Dec 14 10:20:04 UTC 2009",
 "updated_at": "Fri Mar 28 11:18:06 UTC 2014",
 "overview": "\u003Cp\u003EAcucar Guarani S.A. engages in the production and sale of sugar and ethanol in Brazil. It purchases, cultivates, and crushes sugarcane to produce sugar, ethanol, and electricity. Its sugar products include packaged amorphous refined sugar, crystal refined sugar, starch icing sugar, superior crystal sugar, 200/300 crystal sugar, packaged crystal sugar, sifted crystal sugar, liquid sugar, and inverted liquid sugar. The company\u00e2\u20ac\u2122s ethanol products comprise anhydrous ethanol, hydrous ethanol, and industrial alcohol. As of December 31, 2009, it had total installed electricity generation capacity of approximately 83.2 MW. The company was founded in 1976 and is based in Olimpia, Brazil. Acucar Guarani S.A. is a subsidiary of Tereos Group.\u003C/p\u003E",
 "image":
  {"available_sizes":
    [[[150,
       46],
      "http://api-images.crunchbase.com/assets/images/resized/0006/9537/69537v1-max-150x150.png"],
     [[170,
       53],
      "http://api-images.crunchbase.com/assets/images/resized/0006/9537/69537v1-max-250x250.png"],
     [[170,
       53],
      "http://api-images.crunchbase.com/assets/images/resized/0006/9537/69537v1-max-450x450.png"]],
   "attribution": null},
 "products":
  [],
 "relationships":
  [],
 "competitions":
  [],
 "providerships":
  [],
 "total_money_raised": "$45.4M",
 "funding_rounds":
  [{"id": 10210,
    "round_code": "unattributed",
    "source_url": "https://www.fis.dowjones.com/article.aspx?ProductIDFromApplication=4\u0026aid=DJFCTI0020091211e5cb0005l\u0026r=Rss\u0026s=DJFCTI",
    "source_description": "Brazil's Acucar Guarani To Obtain $45.4M Financing From BTG Pactual  ",
    "raised_amount": 45400000.0,
    "raised_currency_code": "USD",
    "funded_year": 2009,
    "funded_month": 12,
    "funded_day": 11,
    "investments":
     [{"company": null,
       "financial_org":
        {"name": "BTG Pactual",
         "permalink": "btg-pactual"},
       "person": null}]}],
 "investments":
  [],
 "acquisition": null,
 "acquisitions":
  [],
 "offices":
  [{"description": "",
    "address1": "Rod. Assis Chateaubriand km.155",
    "address2": "S\u00e3o Paulo",
    "zip_code": "15400-000",
    "city": "Olimpia",
    "state_code": null,
    "country_code": "BRA",
    "latitude": null,
    "longitude": null}],
 "milestones":
  [],
 "ipo": null,
 "video_embeds":
  [],
 "screenshots":
  [{"available_sizes":
     [[[150,
        82],
       "http://api-images.crunchbase.com/assets/images/resized/0006/9536/69536v1-max-150x150.jpg"],
      [[250,
        137],
       "http://api-images.crunchbase.com/assets/images/resized/0006/9536/69536v1-max-250x250.jpg"],
      [[450,
        246],
       "http://api-images.crunchbase.com/assets/images/resized/0006/9536/69536v1-max-450x450.jpg"]],
    "attribution": null}],
 "external_links":
  [],
 "partners":
  []}
