{"name": "Acuity",
 "permalink": "acuity",
 "crunchbase_url": "http://www.crunchbase.com/company/acuity",
 "homepage_url": "http://www.acuity.com/index.htm",
 "blog_url": "",
 "blog_feed_url": "",
 "twitter_username": null,
 "category_code": null,
 "number_of_employees": null,
 "founded_year": null,
 "founded_month": null,
 "founded_day": null,
 "deadpooled_year": null,
 "deadpooled_month": null,
 "deadpooled_day": null,
 "deadpooled_url": null,
 "tag_list": null,
 "alias_list": "",
 "email_address": "acuity@acuity.com",
 "phone_number": "(920) 458-9131",
 "description": "community philanthropy",
 "created_at": "Sat Dec 26 15:44:51 UTC 2009",
 "updated_at": "Sat Oct 23 15:00:59 UTC 2010",
 "overview": "\u003Cp\u003EACUITY is a regional company that is nationally recognized not only for its operational excellence but for its intellectual capital as well. In addition to the many industry accolades we\u0026#8217;ve earned, ACUITY transcends the insurance industry with recognition in workplace environment, technology advancements and community philanthropy.\u003C/p\u003E",
 "image":
  {"available_sizes":
    [[[150,
       47],
      "http://api-images.crunchbase.com/assets/images/resized/0010/6959/106959v1-max-150x150.jpg"],
     [[210,
       67],
      "http://api-images.crunchbase.com/assets/images/resized/0010/6959/106959v1-max-250x250.jpg"],
     [[210,
       67],
      "http://api-images.crunchbase.com/assets/images/resized/0010/6959/106959v1-max-450x450.jpg"]],
   "attribution": null},
 "products":
  [],
 "relationships":
  [{"is_past": false,
    "title": "Serial Entrepreneur",
    "person":
     {"first_name": "J.",
      "last_name": "Brooke Aker",
      "permalink": "j-brooke-aker"}},
   {"is_past": true,
    "title": "Founder, Chairman and CTO",
    "person":
     {"first_name": "Andrew",
      "last_name": "Busey",
      "permalink": "andrew-busey"}},
   {"is_past": true,
    "title": "CTO",
    "person":
     {"first_name": "Brett",
      "last_name": "Morrison",
      "permalink": "brett-morrison"}},
   {"is_past": true,
    "title": "Vice President, Human Resources",
    "person":
     {"first_name": "Emily",
      "last_name": "Markmann",
      "permalink": "emily-markmann"}},
   {"is_past": true,
    "title": "Front Office Administrator",
    "person":
     {"first_name": "Amy",
      "last_name": "Tanjong",
      "permalink": "amy-tanjong"}},
   {"is_past": true,
    "title": "Manager",
    "person":
     {"first_name": "Mike",
      "last_name": "Shah",
      "permalink": "mike-shah"}}],
 "competitions":
  [{"competitor":
     {"name": "Cirius Technologies USA",
      "permalink": "cirius-technologies-usa"}}],
 "providerships":
  [],
 "total_money_raised": "$0",
 "funding_rounds":
  [],
 "investments":
  [],
 "acquisition": null,
 "acquisitions":
  [],
 "offices":
  [{"description": "HQ",
    "address1": "2800 S. Taylor Drive",
    "address2": "P.O. Box 58",
    "zip_code": "53081",
    "city": "Sheboygan",
    "state_code": "WI",
    "country_code": "USA",
    "latitude": null,
    "longitude": null}],
 "milestones":
  [],
 "ipo": null,
 "video_embeds":
  [],
 "screenshots":
  [{"available_sizes":
     [[[150,
        103],
       "http://api-images.crunchbase.com/assets/images/resized/0010/6960/106960v1-max-150x150.jpg"],
      [[250,
        172],
       "http://api-images.crunchbase.com/assets/images/resized/0010/6960/106960v1-max-250x250.jpg"],
      [[450,
        309],
       "http://api-images.crunchbase.com/assets/images/resized/0010/6960/106960v1-max-450x450.jpg"]],
    "attribution": null}],
 "external_links":
  [],
 "partners":
  []}
