{"name": "Ad-Juster, Inc.",
 "permalink": "ad-juster",
 "crunchbase_url": "http://www.crunchbase.com/company/ad-juster",
 "homepage_url": "http://www.ad-juster.com",
 "blog_url": "",
 "blog_feed_url": "",
 "twitter_username": "Ad_Juster",
 "category_code": "advertising",
 "number_of_employees": 19,
 "founded_year": 2007,
 "founded_month": 7,
 "founded_day": 10,
 "deadpooled_year": null,
 "deadpooled_month": null,
 "deadpooled_day": null,
 "deadpooled_url": null,
 "tag_list": "digital-advertising, ad-ops, ad-sales, operations, discrepancy, 3rd-party-reporting, discrepancy-management-tool",
 "alias_list": "",
 "email_address": "sales@ad-juster.com",
 "phone_number": "(858) 679-0513",
 "description": "3rd party reporting and ad discrepancy",
 "created_at": "Wed Feb 24 18:44:01 UTC 2010",
 "updated_at": "Tue Nov 26 00:04:03 UTC 2013",
 "overview": "\u003Cp\u003EAd-Juster: the only 3rd party reporting and ad discrepancy management tool in the world. www.ad-juster.com\u003C/p\u003E\n\n\u003Cp\u003EActionable Data for Digital Publishers and Advertisers:\nAd-Juster automatically pulls delivery data from all 3rd parties into one report, totally eliminating time spent collecting data manually.Ad-Juster can also automatically identify and report discrepancies, helping manage one of the digital ad world\u0026#8217;s most painful problems. \u003C/p\u003E\n\n\u003Cp\u003EOther Ad-Juster Products:\u003C/p\u003E\n\n\u003Cp\u003EAuto AdJust - is the only system of its kind to offer opt-in automatic pacing and buffering adjustments made directly to your ad server. Create new revenue by freeing excess buffered impressions. Based on Ad-Juster generated ad discrepancy data, Auto-AdJust will suggest changes to buffered impressions - up or down - once or for the life of a flight. These opt-in changes can be applied to one single ad unit, or across an entire insertion order. The Auto AdJust interface tracks all historic changes made to delivery, so you can always see what was done to release impressions or increase a buffer and avoid a makegood. \u003C/p\u003E\n\n\u003Cp\u003ETagScan - gives publishers the transparency and controls to enforce policies and identify issues, both before trafficking an ad and with ongoing monitoring of the site. TagScan is designed to: \nMonitors specific ad tags or entire web pages\nLists exactly what companies are using cookies to track users, including Flash cookies\nFinds errors that cause ads to fail or load slowly\nEnables publishers to filter invalid traffic and increase average quality\nSchedules tests to run at regular intervals and sends an alert upon any changes\u0026#8230; and more.\u003C/p\u003E",
 "image":
  {"available_sizes":
    [[[72,
       72],
      "http://api-images.crunchbase.com/assets/images/resized/0007/8115/78115v2-max-150x150.jpg"],
     [[72,
       72],
      "http://api-images.crunchbase.com/assets/images/resized/0007/8115/78115v2-max-250x250.jpg"],
     [[72,
       72],
      "http://api-images.crunchbase.com/assets/images/resized/0007/8115/78115v2-max-450x450.jpg"]],
   "attribution": null},
 "products":
  [],
 "relationships":
  [],
 "competitions":
  [],
 "providerships":
  [],
 "total_money_raised": "$0",
 "funding_rounds":
  [],
 "investments":
  [],
 "acquisition": null,
 "acquisitions":
  [],
 "offices":
  [{"description": "World Headquarters",
    "address1": "12700 Stowe Dr",
    "address2": "Ste 280",
    "zip_code": "92064",
    "city": "Poway",
    "state_code": "CA",
    "country_code": "USA",
    "latitude": null,
    "longitude": null}],
 "milestones":
  [{"id": 40458,
    "description": "Ad-Juster, Inc. placed at the 187th spot on the 2013 Inc. Magazine\u2019s list of 500 fastest growing companies in America.  Ad-Juster also ranked #19 in the top 100 software companies and #37 in the top 100  California companies.",
    "stoned_year": 2013,
    "stoned_month": 8,
    "stoned_day": 21,
    "source_url": "http://www.inc.com/profile/ad-juster",
    "source_text": null,
    "source_description": "Ad-Juster on the Inc. 500 List",
    "stoneable_type": "Company",
    "stoned_value": null,
    "stoned_value_type": null,
    "stoned_acquirer": null,
    "stoneable":
     {"name": "Ad-Juster, Inc.",
      "permalink": "ad-juster"}}],
 "ipo": null,
 "video_embeds":
  [{"embed_code": "https://www.youtube.com/watch?v=eF_PJoS8l8c",
    "description": "\u003Cp\u003EReading Your Discrepancy Report\u003C/p\u003E"},
   {"embed_code": "https://www.youtube.com/watch?v=g8XxzwAcrWc",
    "description": "\u003Cp\u003EAd-Juster 3rd Party Aggregation Report \u003C/p\u003E"}],
 "screenshots":
  [],
 "external_links":
  [],
 "partners":
  []}
