{"name": "Adapteva",
 "permalink": "adapteva",
 "crunchbase_url": "http://www.crunchbase.com/company/adapteva",
 "homepage_url": "http://www.adapteva.com",
 "blog_url": "",
 "blog_feed_url": "",
 "twitter_username": "adapteva",
 "category_code": "semiconductor",
 "number_of_employees": 5,
 "founded_year": 2008,
 "founded_month": 3,
 "founded_day": 15,
 "deadpooled_year": null,
 "deadpooled_month": null,
 "deadpooled_day": null,
 "deadpooled_url": null,
 "tag_list": "multicore, microprocessor, ip, coprocessor, dsp, manycore, high-performance-computing, hpc, mobile",
 "alias_list": "",
 "email_address": "info@adapteva.com",
 "phone_number": "+1 (781) 328-0513",
 "description": "Chip making",
 "created_at": "Tue Jan 26 22:03:42 UTC 2010",
 "updated_at": "Fri Jan 17 06:27:57 UTC 2014",
 "overview": "\u003Cp\u003EAdapteva, Inc. is a privately held semiconductor technology company based in Lexington, Massachusetts, founded in 2008.  Adapteva has developed the world\u0026#8217;s most energy efficient multicore microprocessor architecture, immediately boosting by an order of magnitude the number of cores that can be integrated on a single chip.  Adapteva\u0026#8217;s breakthrough architecture will have an immediate impact in a wide range of end user products from compact mobile devices to next generation supercomputers.\u003C/p\u003E",
 "image":
  {"available_sizes":
    [[[150,
       52],
      "http://api-images.crunchbase.com/assets/images/resized/0007/4970/74970v6-max-150x150.png"],
     [[250,
       88],
      "http://api-images.crunchbase.com/assets/images/resized/0007/4970/74970v6-max-250x250.png"],
     [[269,
       95],
      "http://api-images.crunchbase.com/assets/images/resized/0007/4970/74970v6-max-450x450.png"]],
   "attribution": null},
 "products":
  [],
 "relationships":
  [{"is_past": false,
    "title": "Founder",
    "person":
     {"first_name": "Andreas",
      "last_name": "Olofsson",
      "permalink": "andreas-olofsson"}}],
 "competitions":
  [],
 "providerships":
  [],
 "total_money_raised": "$5.95M",
 "funding_rounds":
  [{"id": 11540,
    "round_code": "a",
    "source_url": "http://www.masshightech.com/stories/2009/11/02/daily26-Chipmaker-Adapteva-grabs-15M-in-first-funding.html",
    "source_description": "Chipmaker Adapteva grabs $1.5M in first funding",
    "raised_amount": 1500000.0,
    "raised_currency_code": "USD",
    "funded_year": 2009,
    "funded_month": 10,
    "funded_day": 27,
    "investments":
     []},
   {"id": 30491,
    "round_code": "debt_round",
    "source_url": "http://www.masshightech.com/stories/2012/06/04/daily45-Adapteva-gets-854K-in-debt-financing.html",
    "source_description": "Adapteva gets $854K in debt financing",
    "raised_amount": 854000.0,
    "raised_currency_code": "USD",
    "funded_year": 2012,
    "funded_month": 6,
    "funded_day": 7,
    "investments":
     []},
   {"id": 60080,
    "round_code": "b",
    "source_url": "http://www.finsmes.com/2014/01/adapteva-closes-3-6m-series-funding.html",
    "source_description": "Adapteva Closes $3.6M Series B Funding",
    "raised_amount": 3600000.0,
    "raised_currency_code": "USD",
    "funded_year": 2014,
    "funded_month": 1,
    "funded_day": 16,
    "investments":
     [{"company": null,
       "financial_org":
        {"name": "Carmel Ventures",
         "permalink": "carmel-ventures"},
       "person": null},
      {"company":
        {"name": "Ericsson",
         "permalink": "ericsson"},
       "financial_org": null,
       "person": null}]}],
 "investments":
  [],
 "acquisition": null,
 "acquisitions":
  [],
 "offices":
  [{"description": "Adapteva Inc.",
    "address1": "1666 Massachusetts Ave",
    "address2": "Suite 14",
    "zip_code": "02420",
    "city": "Lexington",
    "state_code": "MA",
    "country_code": "USA",
    "latitude": null,
    "longitude": null}],
 "milestones":
  [],
 "ipo": null,
 "video_embeds":
  [{"embed_code": "\u003Ciframe width=\"450\" height=\"253\" src=\"http://www.youtube.com/embed/CYhaL8hY-0Y?rel=0\" frameborder=\"0\" allowfullscreen\u003E\u003C/iframe\u003E",
    "description": "\u003Cp\u003EParallella Introduction\u003C/p\u003E"}],
 "screenshots":
  [],
 "external_links":
  [{"external_url": "http://en.wikipedia.org/wiki/Adapteva",
    "title": "Wikipedia"},
   {"external_url": "http://www.adapteva.com/news/globalfoundries-to-offer-adaptevas-processor-ip-for-28nm-soc-designs/",
    "title": "GLOBALFOUNDRIES To Offer Adapteva\u2019s Processor IP For 28nm SoC Designs "},
   {"external_url": "http://www.adapteva.com/news/top10-startups-eetimes-2013/",
    "title": "Top 10 startups to watch in 2013"},
   {"external_url": "http://www.adapteva.com/news/top-10-disruptive-startup-tech-plays/",
    "title": "Top 10 disruptive startup tech plays "},
   {"external_url": "http://www.adapteva.com/news/parallella-supercomputing-for-the-masses/",
    "title": "Parallella \u2013 Supercomputing for the masses"},
   {"external_url": "http://www.adapteva.com/news/this-supercomputing-board-can-be-yours-for-99-heres-how/",
    "title": "This supercomputing board can be yours for $99. Here\u2019s how "},
   {"external_url": "http://www.adapteva.com/news/adapteva-joins-eetimes-list-of-promising-emerging-silicon-startups/",
    "title": "Adapteva joins EETimes list of promising emerging silicon startups"},
   {"external_url": "http://www.adapteva.com/news/from-rtl-to-gds-in-six-weeks/",
    "title": "From RTL to GDS in Six Weeks"},
   {"external_url": "http://www.adapteva.com/news/startup-has-big-plans-for-tiny-chip-technology/",
    "title": "Startup Has Big Plans for Tiny Chip Technology "}],
 "partners":
  []}
