{"name": "Adaptive Imaging Technologies",
 "permalink": "adaptive-imaging-technologies",
 "crunchbase_url": "http://www.crunchbase.com/company/adaptive-imaging-technologies",
 "homepage_url": "http://www.adaptiveimagingtechnologies.com",
 "blog_url": "",
 "blog_feed_url": "",
 "twitter_username": null,
 "category_code": "security",
 "number_of_employees": null,
 "founded_year": 2009,
 "founded_month": 11,
 "founded_day": 30,
 "deadpooled_year": null,
 "deadpooled_month": null,
 "deadpooled_day": null,
 "deadpooled_url": null,
 "tag_list": "israel, surveillance-camera",
 "alias_list": null,
 "email_address": "",
 "phone_number": "",
 "description": "GigaPixel Panoramic Telescope Technology",
 "created_at": "Tue Dec 08 10:29:11 UTC 2009",
 "updated_at": "Tue Dec 08 20:14:19 UTC 2009",
 "overview": "\u003Cp\u003EAdaptive Imaging Technologies is developing a new kind of surveillance camera that we call the \u0026#8220;Panoramic Telescope\u0026#8221;:  a single device that continuously monitors a panoramic field of view while enabling ultrahigh resolution telescopic zooms on any number of independent targets within that panorama.  And it does all of this simultaneously.\u003C/p\u003E\n\n\u003Cp\u003EWinner 2009 Global Security Challenge Our technology is focused on wide-area and persistent surveillance applications.  We believe that it will fundamentally improve the protection of borders, transportation systems, urban centers, large sporting facilities, and critical infrastructures of all sorts.  \u003C/p\u003E\n\n\u003Cp\u003EAdaptive is an early stage company.  We are located in Yokneam, Israel.  We are the 2009 recipient of the Global Security Challenge \u0026#8220;Most Promising Startup Award\u0026#8221; and expect to launch our first product in 2010.\u003C/p\u003E",
 "image":
  {"available_sizes":
    [[[150,
       111],
      "http://api-images.crunchbase.com/assets/images/resized/0006/8861/68861v2-max-150x150.jpg"],
     [[217,
       162],
      "http://api-images.crunchbase.com/assets/images/resized/0006/8861/68861v2-max-250x250.jpg"],
     [[217,
       162],
      "http://api-images.crunchbase.com/assets/images/resized/0006/8861/68861v2-max-450x450.jpg"]],
   "attribution": null},
 "products":
  [],
 "relationships":
  [],
 "competitions":
  [],
 "providerships":
  [],
 "total_money_raised": "$0",
 "funding_rounds":
  [],
 "investments":
  [],
 "acquisition": null,
 "acquisitions":
  [],
 "offices":
  [],
 "milestones":
  [],
 "ipo": null,
 "video_embeds":
  [],
 "screenshots":
  [],
 "external_links":
  [{"external_url": "http://www.vccafe.com/2009/12/02/adaptive-imaging-technologies-voted-most-promising-security-start-up-2009/",
    "title": " Israeli Tech News. Global Perspective.      * About VC Cafe     * Contact     * Startup Resources     *  Size matters: Nielsen winds down Israeli R\u0026D operations to focus on India  Calcalist reports that Nielsen is laying off 60 employees at its Herzliya-"}],
 "partners":
  []}
