{"name": "Adaptive Curriculum",
 "permalink": "adaptive-curriculum",
 "crunchbase_url": "http://www.crunchbase.com/company/adaptive-curriculum",
 "homepage_url": "http://www.adaptivecurriculum.com",
 "blog_url": "",
 "blog_feed_url": "",
 "twitter_username": "ACmath_science",
 "category_code": "other",
 "number_of_employees": null,
 "founded_year": 1996,
 "founded_month": null,
 "founded_day": null,
 "deadpooled_year": null,
 "deadpooled_month": null,
 "deadpooled_day": null,
 "deadpooled_url": null,
 "tag_list": "",
 "alias_list": "",
 "email_address": "info@adaptivecurriculum.com",
 "phone_number": "(480) 884 - 1689",
 "description": "",
 "created_at": "Wed Feb 10 04:56:36 UTC 2010",
 "updated_at": "Sat Oct 19 07:03:32 UTC 2013",
 "overview": "\u003Cp\u003ESebit, LLC, developer of the award-winning Adaptive Curriculum, is based in Scottsdale, Arizona at Arizona State University\u0026#8217;s SkySong Research facility. The company provides curriculum solutions in math and science for grades 5-12 students and educators. Adaptive Curriculum\u00e2\u20ac\u201dthe company\u0026#8217;s premier product\u00e2\u20ac\u201cis a web-based digital learning system designed to engage students in hands-on learning. Adaptive Curriculum uses a visual approach to foster conceptual understanding of math and science standards. Students are motivated to learn by the realistic graphics, interactive problem sets, and compelling real-world activities. Educators are delighted with the intuitive interface and tools that facilitate their capacity to provide personalized instruction. Districts where the software has been implemented note a significant improvement in student achievement, attendance, and attitudes towards math and science. Sebit also offers professional development workshops on teaching math and science with technology.\u003C/p\u003E",
 "image":
  {"available_sizes":
    [[[120,
       57],
      "http://api-images.crunchbase.com/assets/images/resized/0007/6564/76564v1-max-150x150.jpg"],
     [[120,
       57],
      "http://api-images.crunchbase.com/assets/images/resized/0007/6564/76564v1-max-250x250.jpg"],
     [[120,
       57],
      "http://api-images.crunchbase.com/assets/images/resized/0007/6564/76564v1-max-450x450.jpg"]],
   "attribution": null},
 "products":
  [],
 "relationships":
  [{"is_past": false,
    "title": "CEO",
    "person":
     {"first_name": "Jim",
      "last_name": "Bowler",
      "permalink": "jim-bowler"}},
   {"is_past": false,
    "title": "Vice President, Marketing",
    "person":
     {"first_name": "Javier",
      "last_name": "Encinas",
      "permalink": "javier-encinas"}},
   {"is_past": false,
    "title": "Director of US and Latin America Business Development",
    "person":
     {"first_name": "Patricia",
      "last_name": "Roberts",
      "permalink": "patricia-roberts"}}],
 "competitions":
  [],
 "providerships":
  [],
 "total_money_raised": "$0",
 "funding_rounds":
  [],
 "investments":
  [],
 "acquisition": null,
 "acquisitions":
  [],
 "offices":
  [{"description": "",
    "address1": "Arizona State University",
    "address2": "SkySong, Suite 200, 1475 N. Scottsdale Road",
    "zip_code": "85257",
    "city": "Scottsdale",
    "state_code": "AZ",
    "country_code": "USA",
    "latitude": null,
    "longitude": null}],
 "milestones":
  [],
 "ipo": null,
 "video_embeds":
  [],
 "screenshots":
  [{"available_sizes":
     [[[150,
        107],
       "http://api-images.crunchbase.com/assets/images/resized/0017/2117/172117v2-max-150x150.png"],
      [[250,
        179],
       "http://api-images.crunchbase.com/assets/images/resized/0017/2117/172117v2-max-250x250.png"],
      [[450,
        322],
       "http://api-images.crunchbase.com/assets/images/resized/0017/2117/172117v2-max-450x450.png"]],
    "attribution": null}],
 "external_links":
  [],
 "partners":
  []}
