{"name": "Adaro Group",
 "permalink": "adaro-group",
 "crunchbase_url": "http://www.crunchbase.com/company/adaro-group",
 "homepage_url": "http://www.adaro.net",
 "blog_url": "",
 "blog_feed_url": "",
 "twitter_username": null,
 "category_code": "software",
 "number_of_employees": 500,
 "founded_year": 2001,
 "founded_month": 11,
 "founded_day": 1,
 "deadpooled_year": null,
 "deadpooled_month": null,
 "deadpooled_day": null,
 "deadpooled_url": null,
 "tag_list": "b2b-crm-development-recruitment-bi",
 "alias_list": null,
 "email_address": "david.hundley@adaro.net",
 "phone_number": "",
 "description": "Venture Software Development",
 "created_at": "Sun Jan 17 21:31:49 UTC 2010",
 "updated_at": "Thu Apr 22 23:49:48 UTC 2010",
 "overview": "\u003Cp\u003EAdaro Group formed in 2001 and formerly known as Commerceworks SA. \nA leading venture fund focused on supporting companies that help their customers implement efficient collaboration within their vertical market using leading edge technology and services \u003C/p\u003E\n\n\u003Cp\u003EDuring the last 9 years, Adaro has created and acquired a number of companies:-\u003C/p\u003E\n\n\u003Cp\u003EAdaro Networks Network and Security Consultancy\nAdaro Red IT Recruitment /Information Governance \nAdaro Software Development House \nAdaro SRM Supply Chain Solution\nAruna Business Intelligence Solution\nCased Dimension Business Process Management\nCommerceWorks Limited Integration Business\nCommerceWorks SA European Commission Standards\nCyscom Cloud Application Dev/Product\nWTL Telecom and VOIP switching\nAdaro Optics Supply Chain Business\nAdaro Logistics Logistic Business\nAdaro SARL Distribution Product\u003C/p\u003E",
 "image":
  {"available_sizes":
    [[[150,
       31],
      "http://api-images.crunchbase.com/assets/images/resized/0007/5569/75569v2-max-150x150.png"],
     [[250,
       51],
      "http://api-images.crunchbase.com/assets/images/resized/0007/5569/75569v2-max-250x250.png"],
     [[261,
       54],
      "http://api-images.crunchbase.com/assets/images/resized/0007/5569/75569v2-max-450x450.png"]],
   "attribution": null},
 "products":
  [],
 "relationships":
  [{"is_past": false,
    "title": "CEO Adaro Red",
    "person":
     {"first_name": "David",
      "last_name": "Murray-Hundley",
      "permalink": "david-murray-hundley"}},
   {"is_past": false,
    "title": "CEO and Founder(Adaro Red)",
    "person":
     {"first_name": "David",
      "last_name": "Murray-Hundley",
      "permalink": "david-murray-hundley"}},
   {"is_past": true,
    "title": "CTO",
    "person":
     {"first_name": "David",
      "last_name": "Murray-Hundley",
      "permalink": "david-murray-hundley"}},
   {"is_past": true,
    "title": "",
    "person":
     {"first_name": "Kevin",
      "last_name": "Doyle",
      "permalink": "kevin-doyle"}}],
 "competitions":
  [],
 "providerships":
  [],
 "total_money_raised": "$0",
 "funding_rounds":
  [],
 "investments":
  [],
 "acquisition": null,
 "acquisitions":
  [],
 "offices":
  [{"description": "UK Head Office",
    "address1": "",
    "address2": "",
    "zip_code": "",
    "city": "Kent",
    "state_code": null,
    "country_code": "GBR",
    "latitude": null,
    "longitude": null},
   {"description": "EMEA Office",
    "address1": "",
    "address2": "",
    "zip_code": "",
    "city": "Brussels",
    "state_code": null,
    "country_code": "BEL",
    "latitude": null,
    "longitude": null}],
 "milestones":
  [],
 "ipo": null,
 "video_embeds":
  [],
 "screenshots":
  [],
 "external_links":
  [],
 "partners":
  []}
