{"name": "AdCapacity.com",
 "permalink": "adcapacity-com",
 "crunchbase_url": "http://www.crunchbase.com/company/adcapacity-com",
 "homepage_url": "http://www.adcapacity.com",
 "blog_url": "",
 "blog_feed_url": "",
 "twitter_username": "Adcapacity",
 "category_code": "advertising",
 "number_of_employees": 2,
 "founded_year": 2009,
 "founded_month": 9,
 "founded_day": 14,
 "deadpooled_year": null,
 "deadpooled_month": null,
 "deadpooled_day": null,
 "deadpooled_url": null,
 "tag_list": "advertising, media-planning, online-marketing, business-networking",
 "alias_list": null,
 "email_address": "dcapacity@gmail.com",
 "phone_number": "",
 "description": "Connecting Ad Buyers with Ad Sellers",
 "created_at": "Tue Sep 15 11:47:31 UTC 2009",
 "updated_at": "Sat Mar 26 01:33:35 UTC 2011",
 "overview": "\u003Cp\u003EAdCapacity.com is a hassle free and unbiased service that helps small-medium size business (SMBs) acquire more customers.\u003C/p\u003E\n\n\u003Cp\u003EBy completing a simple form, SMBs will be provided with a report detailing the opportunities that exist in digital, social, traditional, and emerging media along with the best practices they can take advantage of to reach and acquire more customers. \u003C/p\u003E\n\n\u003Cp\u003EFrom here, SMBs can choose to do-it themselves or have AdCapacity.com connect them to proven professionals who can do the job on their behalf.\u003C/p\u003E\n\n\u003Cp\u003EIf a company is selling products, offering a service, or trying to create awareness, our goal is to be their go-to resource for getting the most bang for their marketing \u0026amp; advertising buck.\u003C/p\u003E\n\n\u003Cp\u003EAdCapacity.com, in public beta.\u003C/p\u003E",
 "image":
  {"available_sizes":
    [[[150,
       27],
      "http://api-images.crunchbase.com/assets/images/resized/0005/9808/59808v2-max-150x150.png"],
     [[250,
       46],
      "http://api-images.crunchbase.com/assets/images/resized/0005/9808/59808v2-max-250x250.png"],
     [[450,
       83],
      "http://api-images.crunchbase.com/assets/images/resized/0005/9808/59808v2-max-450x450.png"]],
   "attribution": null},
 "products":
  [],
 "relationships":
  [{"is_past": false,
    "title": "Founder",
    "person":
     {"first_name": "John",
      "last_name": "Kent",
      "permalink": "john-kent"}}],
 "competitions":
  [],
 "providerships":
  [],
 "total_money_raised": "$0",
 "funding_rounds":
  [],
 "investments":
  [],
 "acquisition": null,
 "acquisitions":
  [],
 "offices":
  [{"description": "Toronto",
    "address1": "",
    "address2": "",
    "zip_code": "",
    "city": "Toronto",
    "state_code": null,
    "country_code": "CAN",
    "latitude": null,
    "longitude": null}],
 "milestones":
  [],
 "ipo": null,
 "video_embeds":
  [],
 "screenshots":
  [],
 "external_links":
  [],
 "partners":
  []}
