{"name": "adclassify",
 "permalink": "adclassify",
 "crunchbase_url": "http://www.crunchbase.com/company/adclassify",
 "homepage_url": "http://adclassify.com",
 "blog_url": "",
 "blog_feed_url": "",
 "twitter_username": "adclassify",
 "category_code": "advertising",
 "number_of_employees": 1,
 "founded_year": 2009,
 "founded_month": 9,
 "founded_day": 1,
 "deadpooled_year": null,
 "deadpooled_month": null,
 "deadpooled_day": null,
 "deadpooled_url": null,
 "tag_list": "online-classifieds, post-ads, buy-or-sell, buy, sell",
 "alias_list": null,
 "email_address": "nk@adclassify.com",
 "phone_number": "9786571408",
 "description": "Free Online Classifieds",
 "created_at": "Tue Nov 03 12:00:37 UTC 2009",
 "updated_at": "Wed Jan 27 17:29:46 UTC 2010",
 "overview": "\u003Cp\u003EAdClassify.com forwards paid worldwide classifieds. AdClassify.com affords answer to the snag mixed up in advertising, selling, trading, systematizing, and conferencing people close to you.\u003C/p\u003E",
 "image":
  {"available_sizes":
    [[[97,
       89],
      "http://api-images.crunchbase.com/assets/images/resized/0006/4708/64708v2-max-150x150.png"],
     [[97,
       89],
      "http://api-images.crunchbase.com/assets/images/resized/0006/4708/64708v2-max-250x250.png"],
     [[97,
       89],
      "http://api-images.crunchbase.com/assets/images/resized/0006/4708/64708v2-max-450x450.png"]],
   "attribution": null},
 "products":
  [],
 "relationships":
  [],
 "competitions":
  [],
 "providerships":
  [],
 "total_money_raised": "$0",
 "funding_rounds":
  [],
 "investments":
  [],
 "acquisition": null,
 "acquisitions":
  [],
 "offices":
  [],
 "milestones":
  [],
 "ipo": null,
 "video_embeds":
  [],
 "screenshots":
  [],
 "external_links":
  [],
 "partners":
  []}
