{"name": "AddyMate",
 "permalink": "addymate",
 "crunchbase_url": "http://www.crunchbase.com/company/addymate",
 "homepage_url": "http://addymate.com",
 "blog_url": "http://addymate.com/blog/",
 "blog_feed_url": "",
 "twitter_username": "AddyMate",
 "category_code": "web",
 "number_of_employees": null,
 "founded_year": null,
 "founded_month": null,
 "founded_day": null,
 "deadpooled_year": null,
 "deadpooled_month": null,
 "deadpooled_day": null,
 "deadpooled_url": null,
 "tag_list": "",
 "alias_list": "",
 "email_address": "",
 "phone_number": "",
 "description": "",
 "created_at": "Wed Aug 26 23:54:06 UTC 2009",
 "updated_at": "Wed Aug 26 23:59:49 UTC 2009",
 "overview": "\u003Cp\u003EAddyMate is a free web service that helps you manage \u0026amp; communicate with all your contacts across various web services, social networks \u0026amp; computers from one central connected address book that self-updates when you or your contacts change your personal information. AddyMate also provides you the ability to decide which of your details are visible to your family, friends, co-workers \u0026amp; others.\u003C/p\u003E",
 "image":
  {"available_sizes":
    [[[150,
       28],
      "http://api-images.crunchbase.com/assets/images/resized/0005/7819/57819v2-max-150x150.png"],
     [[223,
       43],
      "http://api-images.crunchbase.com/assets/images/resized/0005/7819/57819v2-max-250x250.png"],
     [[223,
       43],
      "http://api-images.crunchbase.com/assets/images/resized/0005/7819/57819v2-max-450x450.png"]],
   "attribution": null},
 "products":
  [],
 "relationships":
  [{"is_past": false,
    "title": "Founder",
    "person":
     {"first_name": "Rajdeep",
      "last_name": "Junnarkar",
      "permalink": "rajdeep-junnarkar"}}],
 "competitions":
  [],
 "providerships":
  [],
 "total_money_raised": "$0",
 "funding_rounds":
  [],
 "investments":
  [],
 "acquisition": null,
 "acquisitions":
  [],
 "offices":
  [],
 "milestones":
  [],
 "ipo": null,
 "video_embeds":
  [],
 "screenshots":
  [],
 "external_links":
  [],
 "partners":
  []}
