{"name": "Adenios",
 "permalink": "adenios",
 "crunchbase_url": "http://www.crunchbase.com/company/adenios",
 "homepage_url": "http://www.adenios.com",
 "blog_url": "",
 "blog_feed_url": "",
 "twitter_username": null,
 "category_code": "biotech",
 "number_of_employees": null,
 "founded_year": 2009,
 "founded_month": null,
 "founded_day": null,
 "deadpooled_year": null,
 "deadpooled_month": null,
 "deadpooled_day": null,
 "deadpooled_url": null,
 "tag_list": "",
 "alias_list": "",
 "email_address": "info@adenios.com",
 "phone_number": "607-592-8808",
 "description": "",
 "created_at": "Wed Jan 06 01:39:39 UTC 2010",
 "updated_at": "Tue Dec 03 07:33:17 UTC 2013",
 "overview": "\u003Cp\u003EAdenios technology both raises and lowers the permeability of the blood brain barrier to precisely control the delivery of existing drugs. The technology, spun out of Cornell University, can be paired with unmodified current therapeutics to either improve or block delivery of multiple compounds into the brain. The technology platform is currently in pre-clinical development aimed at controlling delivery of therapeutics for treatment of Alzheimer\u0026#8217;s, Parkinson\u0026#8217;s, brain cancer, multiple sclerosis, and other central nervous system diseases.\u003C/p\u003E",
 "image":
  {"available_sizes":
    [[[150,
       65],
      "http://api-images.crunchbase.com/assets/images/resized/0007/2251/72251v1-max-150x150.png"],
     [[250,
       109],
      "http://api-images.crunchbase.com/assets/images/resized/0007/2251/72251v1-max-250x250.png"],
     [[450,
       197],
      "http://api-images.crunchbase.com/assets/images/resized/0007/2251/72251v1-max-450x450.png"]],
   "attribution": null},
 "products":
  [],
 "relationships":
  [],
 "competitions":
  [],
 "providerships":
  [],
 "total_money_raised": "$810k",
 "funding_rounds":
  [{"id": 10868,
    "round_code": "unattributed",
    "source_url": "http://www.sec.gov/Archives/edgar/data/1479763/000147976310000003/xslFormDX01/primary_doc.xml",
    "source_description": "SEC ",
    "raised_amount": 810000.0,
    "raised_currency_code": "USD",
    "funded_year": 2010,
    "funded_month": 2,
    "funded_day": 16,
    "investments":
     []}],
 "investments":
  [],
 "acquisition": null,
 "acquisitions":
  [],
 "offices":
  [{"description": "",
    "address1": "950 Danby Road",
    "address2": "Suite 310",
    "zip_code": "14850",
    "city": "Ithaca",
    "state_code": "NY",
    "country_code": "USA",
    "latitude": null,
    "longitude": null}],
 "milestones":
  [],
 "ipo": null,
 "video_embeds":
  [],
 "screenshots":
  [],
 "external_links":
  [],
 "partners":
  []}
