{"name": "Adenyo",
 "permalink": "adenyo",
 "crunchbase_url": "http://www.crunchbase.com/company/adenyo",
 "homepage_url": "http://www.adenyo.com",
 "blog_url": "",
 "blog_feed_url": "",
 "twitter_username": null,
 "category_code": "mobile",
 "number_of_employees": null,
 "founded_year": null,
 "founded_month": null,
 "founded_day": null,
 "deadpooled_year": null,
 "deadpooled_month": null,
 "deadpooled_day": null,
 "deadpooled_url": null,
 "tag_list": "",
 "alias_list": "",
 "email_address": "info@adenyo.com",
 "phone_number": "416-363-0060",
 "description": "Mobile marketing solutions",
 "created_at": "Thu Mar 04 07:31:35 UTC 2010",
 "updated_at": "Fri Mar 28 12:02:27 UTC 2014",
 "overview": "\u003Cp\u003EAdenyo is the only full-solution mobile marketing and media provider that delivers a complete set of turn-key solutions for your mobile marketing campaigns.\u003C/p\u003E",
 "image":
  {"available_sizes":
    [[[150,
       51],
      "http://api-images.crunchbase.com/assets/images/resized/0007/9030/79030v1-max-150x150.png"],
     [[180,
       62],
      "http://api-images.crunchbase.com/assets/images/resized/0007/9030/79030v1-max-250x250.png"],
     [[180,
       62],
      "http://api-images.crunchbase.com/assets/images/resized/0007/9030/79030v1-max-450x450.png"]],
   "attribution": null},
 "products":
  [],
 "relationships":
  [{"is_past": false,
    "title": "Chairman \u0026 CEO",
    "person":
     {"first_name": "Tyler",
      "last_name": "Nelson",
      "permalink": "tyler-nelson"}},
   {"is_past": false,
    "title": "CTO \u0026 COO",
    "person":
     {"first_name": "Kevin",
      "last_name": "McGuire",
      "permalink": "kevin-mcguire"}},
   {"is_past": false,
    "title": "CFO",
    "person":
     {"first_name": "Ghazala",
      "last_name": "Parvez",
      "permalink": "ghazala-parvez"}},
   {"is_past": true,
    "title": "Senior Director, Technology and Office of the CTO",
    "person":
     {"first_name": "James",
      "last_name": "Hunvanich",
      "permalink": "james-hunvanich"}},
   {"is_past": true,
    "title": "EVP \u0026 GM - Mobile Enterprise",
    "person":
     {"first_name": "Alec",
      "last_name": "Andronikov",
      "permalink": "alec-andronikov"}},
   {"is_past": true,
    "title": "Director, Business Development",
    "person":
     {"first_name": "Inman",
      "last_name": "Breaux",
      "permalink": "inman-breaux"}},
   {"is_past": true,
    "title": "Products \u0026 Office of CTO",
    "person":
     {"first_name": "Derek",
      "last_name": "Merrill",
      "permalink": "derek-merrill"}}],
 "competitions":
  [],
 "providerships":
  [],
 "total_money_raised": "$29.8M",
 "funding_rounds":
  [{"id": 12619,
    "round_code": "unattributed",
    "source_url": "http://www.thealarmclock.com/mt/archives/2010/03/mobile_marketin_1.html",
    "source_description": "Mobile Marketing's Adenyo Raises $26.9M",
    "raised_amount": 26900000.0,
    "raised_currency_code": "USD",
    "funded_year": 2010,
    "funded_month": 3,
    "funded_day": 3,
    "investments":
     [{"company": null,
       "financial_org":
        {"name": "Genuity Capital Partners",
         "permalink": "genuity-capital-partners"},
       "person": null}]},
   {"id": 59481,
    "round_code": "unattributed",
    "source_url": "http://www.sec.gov/Archives/edgar/data/1497577/000149757710000001/xslFormDX01/primary_doc.xml",
    "source_description": "SEC",
    "raised_amount": 2858289.0,
    "raised_currency_code": "USD",
    "funded_year": 2010,
    "funded_month": 7,
    "funded_day": 13,
    "investments":
     []}],
 "investments":
  [],
 "acquisition":
  {"price_amount": 100000000.0,
   "price_currency_code": "USD",
   "term_code": "cash_and_stock",
   "source_url": "https://www.fis.dowjones.com/article.aspx?ProductIDFromApplication=32\u0026aid=DJFVW00020110131e721000jh\u0026r=Rss\u0026s=DJFVW",
   "source_description": "Motricity To Acquire Mobile Marketing Co. Adenyo For At Least $100M  ",
   "acquired_year": 2011,
   "acquired_month": 1,
   "acquired_day": 31,
   "acquiring_company":
    {"name": "Voltari",
     "permalink": "voltari"}},
 "acquisitions":
  [{"price_amount": null,
    "price_currency_code": "USD",
    "term_code": null,
    "source_url": "http://techcrunch.com/2010/05/10/mobile-marketing-firm-adenyo-acquires-movoxx/",
    "source_description": "Mobile Marketing Firm Adenyo Acquires MoVoxx",
    "acquired_year": 2010,
    "acquired_month": 5,
    "acquired_day": 10,
    "company":
     {"name": "MoVoxx",
      "permalink": "movoxx"}}],
 "offices":
  [{"description": "",
    "address1": "130 Spadina Avenue",
    "address2": "Suite 606, Ontario,",
    "zip_code": "M5V 2L4",
    "city": "Toronto",
    "state_code": null,
    "country_code": "CAN",
    "latitude": null,
    "longitude": null}],
 "milestones":
  [],
 "ipo": null,
 "video_embeds":
  [],
 "screenshots":
  [{"available_sizes":
     [[[150,
        83],
       "http://api-images.crunchbase.com/assets/images/resized/0007/9029/79029v1-max-150x150.jpg"],
      [[250,
        138],
       "http://api-images.crunchbase.com/assets/images/resized/0007/9029/79029v1-max-250x250.jpg"],
      [[450,
        249],
       "http://api-images.crunchbase.com/assets/images/resized/0007/9029/79029v1-max-450x450.jpg"]],
    "attribution": null}],
 "external_links":
  [],
 "partners":
  []}
