{"name": "Adept Marketing Agency",
 "permalink": "adept-marketing-agency",
 "crunchbase_url": "http://www.crunchbase.com/company/adept-marketing-agency",
 "homepage_url": "http://adeptmarketingagency.com",
 "blog_url": "",
 "blog_feed_url": "",
 "twitter_username": "Adept_Marketing",
 "category_code": "web",
 "number_of_employees": 10,
 "founded_year": 2008,
 "founded_month": 8,
 "founded_day": 23,
 "deadpooled_year": null,
 "deadpooled_month": null,
 "deadpooled_day": null,
 "deadpooled_url": null,
 "tag_list": "seo, sem, search-marketing, ppc-marketing, mobile-marketing, web-development, mobile-application-development, corporate-branding",
 "alias_list": null,
 "email_address": "contact@adeptmarketingagency.com",
 "phone_number": "6784856789",
 "description": "",
 "created_at": "Thu Dec 31 21:25:47 UTC 2009",
 "updated_at": "Mon Dec 03 05:06:42 UTC 2012",
 "overview": "\u003Cp\u003EAdept Marketing Agency brings about a refreshing change to Search Marketing. We are a group of passionate people who take pride in redefining our clients through effective marketing and branding strategy.\u003C/p\u003E\n\n\u003Cp\u003EWe develop our clients brand and market their products \u0026amp; services with targeted specificity.\u003C/p\u003E\n\n\u003Cp\u003ESome of our services include:\u003C/p\u003E\n\n\u003Cp\u003ESoftware Solutions\nSaaS Module\nAnalytics\nMobile \u0026amp; Web Applications\nOffline (B2B, B2C)\nDirect Marketing\nMarket Research\nSEM (Search Engine Marketing)\nPPC (Pay Per Click Marketing)\nSocial Advertising \u0026amp; Marketing\nEmail Marketing\nMobile Advertising \u0026amp; Marketing\nCorporate Branding\nWeb Development\nGraphic Design\nInteractive Media\u003C/p\u003E\n\n\u003Cp\u003EFor further details visit our website.\u003C/p\u003E",
 "image":
  {"available_sizes":
    [[[150,
       80],
      "http://api-images.crunchbase.com/assets/images/resized/0007/1737/71737v2-max-150x150.png"],
     [[250,
       134],
      "http://api-images.crunchbase.com/assets/images/resized/0007/1737/71737v2-max-250x250.png"],
     [[259,
       139],
      "http://api-images.crunchbase.com/assets/images/resized/0007/1737/71737v2-max-450x450.png"]],
   "attribution": null},
 "products":
  [],
 "relationships":
  [],
 "competitions":
  [],
 "providerships":
  [],
 "total_money_raised": "$0",
 "funding_rounds":
  [],
 "investments":
  [],
 "acquisition": null,
 "acquisitions":
  [],
 "offices":
  [{"description": "Atlanta Office",
    "address1": "3348 Peachtree Road, NE",
    "address2": "Tower 200, Suite 700",
    "zip_code": "30326",
    "city": "Atlanta",
    "state_code": "GA",
    "country_code": "USA",
    "latitude": null,
    "longitude": null}],
 "milestones":
  [{"id": 25639,
    "description": "Application Development for Anheuser Busch (AB Inbev).",
    "stoned_year": 2010,
    "stoned_month": null,
    "stoned_day": null,
    "source_url": "",
    "source_text": null,
    "source_description": "",
    "stoneable_type": "Company",
    "stoned_value": null,
    "stoned_value_type": null,
    "stoned_acquirer": null,
    "stoneable":
     {"name": "Adept Marketing Agency",
      "permalink": "adept-marketing-agency"}}],
 "ipo": null,
 "video_embeds":
  [],
 "screenshots":
  [],
 "external_links":
  [],
 "partners":
  []}
