{"name": "Adido",
 "permalink": "adido",
 "crunchbase_url": "http://www.crunchbase.com/company/adido",
 "homepage_url": "http://www.adido-digital.co.uk",
 "blog_url": "http://blog.adido-solutions.com",
 "blog_feed_url": "http://feeds.feedblitz.com/adido",
 "twitter_username": "adido",
 "category_code": "search",
 "number_of_employees": 20,
 "founded_year": 2003,
 "founded_month": 7,
 "founded_day": 1,
 "deadpooled_year": null,
 "deadpooled_month": null,
 "deadpooled_day": null,
 "deadpooled_url": null,
 "tag_list": "search, ppc, seo, social, web-design",
 "alias_list": null,
 "email_address": "info@adido-solutions.com",
 "phone_number": "0845 260 2343",
 "description": "Digital marketing agency",
 "created_at": "Tue Nov 10 16:32:46 UTC 2009",
 "updated_at": "Sun Apr 14 03:12:22 UTC 2013",
 "overview": "\u003Cp\u003EAdido works in digital and online marketing\u003C/p\u003E",
 "image":
  {"available_sizes":
    [[[129,
       57],
      "http://api-images.crunchbase.com/assets/images/resized/0006/5650/65650v4-max-150x150.jpg"],
     [[129,
       57],
      "http://api-images.crunchbase.com/assets/images/resized/0006/5650/65650v4-max-250x250.jpg"],
     [[129,
       57],
      "http://api-images.crunchbase.com/assets/images/resized/0006/5650/65650v4-max-450x450.jpg"]],
   "attribution": null},
 "products":
  [],
 "relationships":
  [{"is_past": false,
    "title": "Marketing Director",
    "person":
     {"first_name": "Andy",
      "last_name": "Headington",
      "permalink": "andy-headington"}}],
 "competitions":
  [],
 "providerships":
  [],
 "total_money_raised": "$0",
 "funding_rounds":
  [],
 "investments":
  [],
 "acquisition": null,
 "acquisitions":
  [],
 "offices":
  [{"description": "Head Office",
    "address1": "8-10 Dean Park House",
    "address2": "Dean Park Crescent",
    "zip_code": "BH1 1HL",
    "city": "Bournemouth",
    "state_code": null,
    "country_code": "GBR",
    "latitude": null,
    "longitude": null}],
 "milestones":
  [],
 "ipo": null,
 "video_embeds":
  [],
 "screenshots":
  [],
 "external_links":
  [{"external_url": "http://blog.adido-solutions.com/2009/10/is-google-controlling-what-you-search.html",
    "title": "Does Google control what you look for?"}],
 "partners":
  []}
