{"name": "Adility",
 "permalink": "adility",
 "crunchbase_url": "http://www.crunchbase.com/company/adility",
 "homepage_url": "http://www.adility.com",
 "blog_url": "http://blog.adility.com",
 "blog_feed_url": "",
 "twitter_username": "adility",
 "category_code": "advertising",
 "number_of_employees": 17,
 "founded_year": 2009,
 "founded_month": 2,
 "founded_day": null,
 "deadpooled_year": null,
 "deadpooled_month": null,
 "deadpooled_day": null,
 "deadpooled_url": null,
 "tag_list": "daily-deals, local-advertising, geo-api, smb, hyper-local, coupons, transactional-advertising",
 "alias_list": null,
 "email_address": "support@adility.com",
 "phone_number": "",
 "description": "Online to Offline Commerce.",
 "created_at": "Sun Jan 31 13:19:25 UTC 2010",
 "updated_at": "Fri Oct 11 09:38:18 UTC 2013",
 "overview": "\u003Cp\u003EAdiility is a technology company based in San Francisco enabling online to offline commerce transactions. The Adility Gateway and Adility Cloud provide the infrastructure for brands, retailers and merchants to transact with each other, from campaign creation to redemption and settlement.\u003C/p\u003E\n\n\u003Cp\u003EAdility provides three core products:\u003C/p\u003E\n\n\u003Cp\u003Ea) Adility Gateway, a RESTful API to create prepaid products and services, offers and coupons with rich attributes and transfers them into the Adility Cloud for controlled online distribution.  The Adility Gateway is used within POS systems or any merchant dashboard and integrates in store redemption and provides settlement functionality.\u003C/p\u003E\n\n\u003Cp\u003Eb) Adility Cloud, a cloud service to store prepaid products and services, offers and coupons for retailers, brands and merchants. Online publishers can query the Adility Cloud based on location, categories, demographics and other rich attributes to match the cloud inventory with their online audience.\u003C/p\u003E\n\n\u003Cp\u003Ec) Adility Console, a visual interface for brands, retailers, merchant acquirers and publishers to manage their business development activities, connections and campaigns without the distraction of the underlying technical complexity.\u003C/p\u003E",
 "image":
  {"available_sizes":
    [[[138,
       58],
      "http://api-images.crunchbase.com/assets/images/resized/0007/5687/75687v2-max-150x150.png"],
     [[138,
       58],
      "http://api-images.crunchbase.com/assets/images/resized/0007/5687/75687v2-max-250x250.png"],
     [[138,
       58],
      "http://api-images.crunchbase.com/assets/images/resized/0007/5687/75687v2-max-450x450.png"]],
   "attribution": null},
 "products":
  [],
 "relationships":
  [{"is_past": false,
    "title": "Founder \u0026 CEO",
    "person":
     {"first_name": "Thomas",
      "last_name": "Cornelius",
      "permalink": "thomas-cornelius"}},
   {"is_past": false,
    "title": "Co-Founder",
    "person":
     {"first_name": "Michael",
      "last_name": "Meryash",
      "permalink": "michael-meryash"}},
   {"is_past": false,
    "title": "Co-Founder \u0026 CTO",
    "person":
     {"first_name": "Andrii",
      "last_name": "Dovgaliuk",
      "permalink": "andrey-dovgalyuk"}},
   {"is_past": false,
    "title": "Advisory Board (Incomm)",
    "person":
     {"first_name": "David",
      "last_name": "Etling",
      "permalink": "david-etling"}},
   {"is_past": false,
    "title": "Advisor",
    "person":
     {"first_name": "Mike",
      "last_name": "Scanlin",
      "permalink": "mike-scanlin"}},
   {"is_past": false,
    "title": "Advisor",
    "person":
     {"first_name": "Bruce",
      "last_name": "Bower",
      "permalink": "bruce-bower"}},
   {"is_past": true,
    "title": "CRO",
    "person":
     {"first_name": "Courtney",
      "last_name": "Williams",
      "permalink": "courtney-williams"}},
   {"is_past": true,
    "title": "Executive VP",
    "person":
     {"first_name": "Kenneth",
      "last_name": "Douglas",
      "permalink": "kenneth-douglas"}},
   {"is_past": true,
    "title": "COO",
    "person":
     {"first_name": "Brian",
      "last_name": "Plackis-Cheng",
      "permalink": "brian-plackis-cheng"}}],
 "competitions":
  [{"competitor":
     {"name": "PLAYHawaii",
      "permalink": "playhawaii"}}],
 "providerships":
  [{"title": "Legal",
    "is_past": false,
    "provider":
     {"name": "Matt Bartus",
      "permalink": "matt-bartus"}}],
 "total_money_raised": "$0",
 "funding_rounds":
  [{"id": 25123,
    "round_code": "a",
    "source_url": "http://www.finsmes.com/2011/09/adility-closes-funding.html?utm_source=feedburner\u0026utm_medium=feed\u0026utm_campaign=Feed%3A+finsmes%2FcNHu+%28FinSMEs%29",
    "source_description": "Adility Closes Funding",
    "raised_amount": null,
    "raised_currency_code": "USD",
    "funded_year": 2011,
    "funded_month": 9,
    "funded_day": 6,
    "investments":
     [{"company": null,
       "financial_org": null,
       "person":
        {"first_name": "Pietro",
         "last_name": "Dova",
         "permalink": "pietro-dova"}},
      {"company": null,
       "financial_org":
        {"name": "Kima Ventures",
         "permalink": "kima-ventures"},
       "person": null},
      {"company": null,
       "financial_org": null,
       "person":
        {"first_name": "Joe",
         "last_name": "Lonsdale",
         "permalink": "joe-lonsdale"}},
      {"company": null,
       "financial_org": null,
       "person":
        {"first_name": "Peter",
         "last_name": "Bordes",
         "permalink": "peter-bordes"}},
      {"company": null,
       "financial_org":
        {"name": "MI Ventures",
         "permalink": "mi-ventures"},
       "person": null},
      {"company": null,
       "financial_org": null,
       "person":
        {"first_name": "Ben",
         "last_name": "Malka",
         "permalink": "ben-malka"}},
      {"company": null,
       "financial_org": null,
       "person":
        {"first_name": "Dror",
         "last_name": "Shimshowitz",
         "permalink": "dror-shimshowitz"}}]}],
 "investments":
  [],
 "acquisition":
  {"price_amount": null,
   "price_currency_code": "USD",
   "term_code": null,
   "source_url": "http://www.incomm.com/our-company/news-and-events-in-the-media/incomm-acquires-adility-to-offer-retailers-and-brands-integrated-commerce-s",
   "source_description": "InComm Acquires Adility to Offer Retailers and Brands Integrated Commerce Solutions",
   "acquired_year": 2012,
   "acquired_month": 12,
   "acquired_day": null,
   "acquiring_company":
    {"name": "InComm",
     "permalink": "incomm"}},
 "acquisitions":
  [],
 "offices":
  [{"description": "Adility",
    "address1": "153 Townsend St.",
    "address2": "Suite 550",
    "zip_code": "94107",
    "city": "San Francisco",
    "state_code": "CA",
    "country_code": "USA",
    "latitude": null,
    "longitude": null}],
 "milestones":
  [],
 "ipo": null,
 "video_embeds":
  [],
 "screenshots":
  [{"available_sizes":
     [[[150,
        79],
       "http://api-images.crunchbase.com/assets/images/resized/0015/2458/152458v2-max-150x150.jpg"],
      [[250,
        133],
       "http://api-images.crunchbase.com/assets/images/resized/0015/2458/152458v2-max-250x250.jpg"],
      [[450,
        239],
       "http://api-images.crunchbase.com/assets/images/resized/0015/2458/152458v2-max-450x450.jpg"]],
    "attribution": null},
   {"available_sizes":
     [[[150,
        83],
       "http://api-images.crunchbase.com/assets/images/resized/0015/2459/152459v2-max-150x150.jpg"],
      [[250,
        138],
       "http://api-images.crunchbase.com/assets/images/resized/0015/2459/152459v2-max-250x250.jpg"],
      [[450,
        250],
       "http://api-images.crunchbase.com/assets/images/resized/0015/2459/152459v2-max-450x450.jpg"]],
    "attribution": null}],
 "external_links":
  [{"external_url": "http://finance.yahoo.com/news/24-Billion-ThirdParty-Gift-bw-2413810416.html?x=0\u0026.v=1",
    "title": "$24 Billion Third-Party Gift Cards and Prepaid Cards Industry Opens Its Doors To Local Businesses"}],
 "partners":
  []}
