{"name": "AdMarvel",
 "permalink": "admarvel",
 "crunchbase_url": "http://www.crunchbase.com/company/admarvel",
 "homepage_url": "http://www.admarvel.com",
 "blog_url": "",
 "blog_feed_url": "",
 "twitter_username": null,
 "category_code": "advertising",
 "number_of_employees": null,
 "founded_year": 2006,
 "founded_month": null,
 "founded_day": null,
 "deadpooled_year": null,
 "deadpooled_month": null,
 "deadpooled_day": null,
 "deadpooled_url": null,
 "tag_list": "mobile, advertising, mobile-ads",
 "alias_list": "",
 "email_address": "",
 "phone_number": "",
 "description": "Mobile Advertising",
 "created_at": "Wed Jan 20 19:23:04 UTC 2010",
 "updated_at": "Tue Mar 19 13:56:20 UTC 2013",
 "overview": "\u003Cp\u003EAdMarvel is mobile advertising group that boasts simple management of ad traffic and higher revenue return. They partner with ad networks to deliver better results for publishers. \u003C/p\u003E\n\n\u003Cp\u003EIn addition to publishers, AdMarvel works with a broad range of players in the ad ecosystem to improve the performance of mobile advertising. Work with us to accelerate your business.\u003C/p\u003E",
 "image":
  {"available_sizes":
    [[[150,
       31],
      "http://api-images.crunchbase.com/assets/images/resized/0007/4149/74149v1-max-150x150.png"],
     [[190,
       40],
      "http://api-images.crunchbase.com/assets/images/resized/0007/4149/74149v1-max-250x250.png"],
     [[190,
       40],
      "http://api-images.crunchbase.com/assets/images/resized/0007/4149/74149v1-max-450x450.png"]],
   "attribution": null},
 "products":
  [],
 "relationships":
  [{"is_past": false,
    "title": "CEO",
    "person":
     {"first_name": "Mahi",
      "last_name": "de Silva",
      "permalink": "mahi-de-silva"}},
   {"is_past": true,
    "title": "CFO",
    "person":
     {"first_name": "Betty",
      "last_name": "Kayton",
      "permalink": "betty-kayton"}}],
 "competitions":
  [],
 "providerships":
  [],
 "total_money_raised": "$0",
 "funding_rounds":
  [],
 "investments":
  [],
 "acquisition":
  {"price_amount": 8000000.0,
   "price_currency_code": "USD",
   "term_code": "cash",
   "source_url": "http://www.techcrunch.com/2010/01/20/opera-buys-admarvel/",
   "source_description": "Opera Buys Mobile Ad Startup AdMarvel For $8M In Cash Plus A $15M Earnout",
   "acquired_year": 2010,
   "acquired_month": 1,
   "acquired_day": 20,
   "acquiring_company":
    {"name": "Opera Software",
     "permalink": "opera-software"}},
 "acquisitions":
  [],
 "offices":
  [{"description": "AdMarvel, Inc.",
    "address1": "1875 South Grant St.,",
    "address2": "Suite 800",
    "zip_code": "94402",
    "city": "San Mateo",
    "state_code": "CA",
    "country_code": "USA",
    "latitude": null,
    "longitude": null}],
 "milestones":
  [],
 "ipo": null,
 "video_embeds":
  [],
 "screenshots":
  [],
 "external_links":
  [],
 "partners":
  []}
