{"name": "AdNectar",
 "permalink": "adnectar",
 "crunchbase_url": "http://www.crunchbase.com/company/adnectar",
 "homepage_url": "http://www.adnectar.com",
 "blog_url": "http://www.adnectar.com/blog/",
 "blog_feed_url": "http://feeds2.feedburner.com/Adnectar",
 "twitter_username": "adnectar",
 "category_code": "advertising",
 "number_of_employees": 9,
 "founded_year": 2008,
 "founded_month": 1,
 "founded_day": 19,
 "deadpooled_year": null,
 "deadpooled_month": null,
 "deadpooled_day": null,
 "deadpooled_url": null,
 "tag_list": "virtual-goods",
 "alias_list": null,
 "email_address": "info@adnectar.com",
 "phone_number": "",
 "description": "Virtual Goods Advertising",
 "created_at": "Tue Nov 17 01:40:37 UTC 2009",
 "updated_at": "Wed Oct 09 23:01:24 UTC 2013",
 "overview": "\u003Cp\u003EAdNectar creates adverting people appreciate.  AdNectar is a proprietary virtual goods deployment system, which:\u003C/p\u003E\n\n\u003Cul\u003E\n\u003Cli\u003EAllows social networking sites and applications to monetize their virtual goods inventory through sponsored virtual items\u003C/li\u003E\n\u003Cli\u003EIncreases site traffic and usage\u003C/li\u003E\n\u003Cli\u003EIncreases users\u00e2\u20ac\u2122 enjoyment of the experience by utilizing free virtual goods\u003C/li\u003E\n\u003Cli\u003EProvides reach, reporting, and optimization to brands who wish to be part of the virtual goods experience\u003C/li\u003E\n\u003C/ul\u003E",
 "image":
  {"available_sizes":
    [[[150,
       56],
      "http://api-images.crunchbase.com/assets/images/resized/0006/6546/66546v2-max-150x150.png"],
     [[250,
       94],
      "http://api-images.crunchbase.com/assets/images/resized/0006/6546/66546v2-max-250x250.png"],
     [[450,
       169],
      "http://api-images.crunchbase.com/assets/images/resized/0006/6546/66546v2-max-450x450.png"]],
   "attribution": null},
 "products":
  [],
 "relationships":
  [{"is_past": false,
    "title": "VP of Brand Solutions",
    "person":
     {"first_name": "Julie",
      "last_name": "Li",
      "permalink": "julie-li"}},
   {"is_past": false,
    "title": "VP of Product",
    "person":
     {"first_name": "Michal",
      "last_name": "Bortnik",
      "permalink": "michal-bortnik"}},
   {"is_past": false,
    "title": "VP of Business Development",
    "person":
     {"first_name": "Vlada",
      "last_name": "Breiburg",
      "permalink": "vlada-breiburg"}},
   {"is_past": false,
    "title": "Advisory Board",
    "person":
     {"first_name": "Pehr",
      "last_name": "Luedtke",
      "permalink": "pehr-luedtke"}},
   {"is_past": true,
    "title": "CEO",
    "person":
     {"first_name": "Nir",
      "last_name": "Eyal",
      "permalink": "nir-eyal"}},
   {"is_past": true,
    "title": "VP of Marketing",
    "person":
     {"first_name": "Paul",
      "last_name": "Martecchini",
      "permalink": "paul-martecchini"}}],
 "competitions":
  [{"competitor":
     {"name": "appssavvy",
      "permalink": "appssavvy"}}],
 "providerships":
  [],
 "total_money_raised": "$0",
 "funding_rounds":
  [{"id": 9593,
    "round_code": "seed",
    "source_url": "",
    "source_description": "",
    "raised_amount": null,
    "raised_currency_code": "USD",
    "funded_year": 2008,
    "funded_month": 8,
    "funded_day": 1,
    "investments":
     [{"company": null,
       "financial_org": null,
       "person":
        {"first_name": "Kevin",
         "last_name": "Hartz",
         "permalink": "kevin-hartz"}},
      {"company": null,
       "financial_org": null,
       "person":
        {"first_name": "Russell",
         "last_name": "Siegelman",
         "permalink": "russell-siegelman"}},
      {"company": null,
       "financial_org": null,
       "person":
        {"first_name": "David",
         "last_name": "Shen",
         "permalink": "david-shen"}},
      {"company": null,
       "financial_org": null,
       "person":
        {"first_name": "Larry",
         "last_name": "Braitman",
         "permalink": "lawrence-braitman"}}]}],
 "investments":
  [],
 "acquisition":
  {"price_amount": null,
   "price_currency_code": "USD",
   "term_code": null,
   "source_url": "http://foxmos.com/web/adnectar.com",
   "source_description": "FOXMOS",
   "acquired_year": 2011,
   "acquired_month": 6,
   "acquired_day": null,
   "acquiring_company":
    {"name": "ADOR",
     "permalink": "ador"}},
 "acquisitions":
  [],
 "offices":
  [{"description": "HQ",
    "address1": "",
    "address2": "",
    "zip_code": "94306",
    "city": "Palo Alto",
    "state_code": "CA",
    "country_code": "USA",
    "latitude": null,
    "longitude": null}],
 "milestones":
  [],
 "ipo": null,
 "video_embeds":
  [],
 "screenshots":
  [],
 "external_links":
  [{"external_url": "http://www.bizreport.com/2009/10/adnectar_launches_branded_virtual_goods_on_twitter_livejourn.html",
    "title": "AdNectar launches branded virtual goods on Twitter, LiveJournal"},
   {"external_url": "http://www.virtualgoodsnews.com/2009/10/news-brief-adnectar-expands-to-twitter-and-livejournal.html",
    "title": "News Brief: AdNectar Expands To Twitter And LiveJournal"},
   {"external_url": "http://ow.ly/qJcG",
    "title": "Michael Moore\u00e2\u20ac\u2122s Latest Documentary Generating Buzz Through Virtual Gifts on Facebook"},
   {"external_url": "http://www.kyte.tv/ch/206964-onmedia-nyc-ballroom-2/351860-adnectar-ceo-showca",
    "title": "OnMedia 100 CEO Showcase"},
   {"external_url": "http://www.brandweek.com/bw/content_display/news-and-features/direct/e3i39ca3f33c75e0e233b068a947a012178",
    "title": "Facebook App Ushers in New Elmo Toy"},
   {"external_url": "http://www.marketingvox.com/3ms-real-world-privacy-filters-get-virtual-campaign-045804/",
    "title": "3M's Real-World Privacy Filters Get Virtual Campaign"},
   {"external_url": "http://www.insidesocialgames.com/2009/10/09/adnectar-brings-its-branded-virtual-goods-to-twitter-and-livejournal/",
    "title": "AdNectar Brings its Branded Virtual Goods to Twitter and LiveJournal"},
   {"external_url": "http://adage.com/digital/article?article_id=141177",
    "title": "Branded Virtual Goods Are Presents for Marketers, Too"}],
 "partners":
  []}
