{"name": "Adocia",
 "permalink": "adocia",
 "crunchbase_url": "http://www.crunchbase.com/company/adocia",
 "homepage_url": "http://www.adocia.com",
 "blog_url": "",
 "blog_feed_url": "",
 "twitter_username": null,
 "category_code": "biotech",
 "number_of_employees": null,
 "founded_year": 2005,
 "founded_month": null,
 "founded_day": null,
 "deadpooled_year": null,
 "deadpooled_month": null,
 "deadpooled_day": null,
 "deadpooled_url": null,
 "tag_list": "",
 "alias_list": "",
 "email_address": "",
 "phone_number": "+33 (0)4 72 610 610",
 "description": "",
 "created_at": "Thu Jan 28 06:25:47 UTC 2010",
 "updated_at": "Fri Mar 28 11:29:19 UTC 2014",
 "overview": "\u003Cp\u003EAdocia operates as a biotechnology company specializing in tissue regeneration. Adocia was founded in 2005 as Proteins \u0026amp; Peptides Management S.A.S. and changed its name to Adocia in January 2008. Adocia is based in Lyons, France.\u003C/p\u003E",
 "image":
  {"available_sizes":
    [[[150,
       47],
      "http://api-images.crunchbase.com/assets/images/resized/0007/5208/75208v1-max-150x150.jpg"],
     [[190,
       60],
      "http://api-images.crunchbase.com/assets/images/resized/0007/5208/75208v1-max-250x250.jpg"],
     [[190,
       60],
      "http://api-images.crunchbase.com/assets/images/resized/0007/5208/75208v1-max-450x450.jpg"]],
   "attribution": null},
 "products":
  [],
 "relationships":
  [{"is_past": false,
    "title": "Co-Founder",
    "person":
     {"first_name": "Olivier",
      "last_name": "Soula",
      "permalink": "olivier-soula"}},
   {"is_past": false,
    "title": "President",
    "person":
     {"first_name": "G\u00c3\u00a9rard",
      "last_name": "Soula",
      "permalink": "grard-soula"}},
   {"is_past": false,
    "title": "Board memeber",
    "person":
     {"first_name": "R\u00e9mi",
      "last_name": "Droller",
      "permalink": "rmi-droller"}}],
 "competitions":
  [],
 "providerships":
  [],
 "total_money_raised": "\u20ac26M",
 "funding_rounds":
  [{"id": 11602,
    "round_code": "b",
    "source_url": "http://www.finsmes.com/2010/01/france-adocia-raises-14m-in-second.html",
    "source_description": "France, Adocia Raises \u00e2\u201a\u00ac14M in Second Venture Funding Round",
    "raised_amount": 14000000.0,
    "raised_currency_code": "EUR",
    "funded_year": 2010,
    "funded_month": 1,
    "funded_day": 27,
    "investments":
     [{"company": null,
       "financial_org":
        {"name": "CDC Enterprises",
         "permalink": "cdc-enterprises"},
       "person": null}]},
   {"id": 12975,
    "round_code": "unattributed",
    "source_url": "http://www.agfpe.com/a581/brikupload/a5812008N071325.pdf",
    "source_description": "ADOCIA opens its capital up to \u00e2\u201a\u00ac 12 million to finance development innovative drugs for regenerative medicine.",
    "raised_amount": 12000000.0,
    "raised_currency_code": "EUR",
    "funded_year": 2008,
    "funded_month": 1,
    "funded_day": 21,
    "investments":
     [{"company": null,
       "financial_org":
        {"name": "IDInvest Partners",
         "permalink": "idinvest-partners"},
       "person": null},
      {"company": null,
       "financial_org":
        {"name": "SG Asset Management Private Equity",
         "permalink": "sg-asset-management-private-equity-2"},
       "person": null},
      {"company": null,
       "financial_org":
        {"name": "Bioam Gestion",
         "permalink": "bioam-gestion"},
       "person": null},
      {"company": null,
       "financial_org":
        {"name": "Viveris Management",
         "permalink": "viveris-management"},
       "person": null}]}],
 "investments":
  [],
 "acquisition": null,
 "acquisitions":
  [],
 "offices":
  [{"description": "",
    "address1": "115 avenue Lacassagne",
    "address2": "",
    "zip_code": "69003",
    "city": "Lyon",
    "state_code": null,
    "country_code": "FRA",
    "latitude": null,
    "longitude": null}],
 "milestones":
  [],
 "ipo": null,
 "video_embeds":
  [],
 "screenshots":
  [{"available_sizes":
     [[[150,
        82],
       "http://api-images.crunchbase.com/assets/images/resized/0007/5207/75207v1-max-150x150.jpg"],
      [[250,
        137],
       "http://api-images.crunchbase.com/assets/images/resized/0007/5207/75207v1-max-250x250.jpg"],
      [[450,
        246],
       "http://api-images.crunchbase.com/assets/images/resized/0007/5207/75207v1-max-450x450.jpg"]],
    "attribution": null}],
 "external_links":
  [],
 "partners":
  []}
