{"name": "Adriacell",
 "permalink": "adriacell",
 "crunchbase_url": "http://www.crunchbase.com/company/adriacell",
 "homepage_url": "http://www.adriacell.com",
 "blog_url": "",
 "blog_feed_url": "",
 "twitter_username": null,
 "category_code": "biotech",
 "number_of_employees": null,
 "founded_year": null,
 "founded_month": null,
 "founded_day": null,
 "deadpooled_year": null,
 "deadpooled_month": null,
 "deadpooled_day": null,
 "deadpooled_url": null,
 "tag_list": "tumor-therapeutics, cancer-detection, anti-infective-drugs",
 "alias_list": null,
 "email_address": "info@adriacell.com",
 "phone_number": "",
 "description": "Anti-tumor therapeutics",
 "created_at": "Thu Jan 07 00:30:04 UTC 2010",
 "updated_at": "Thu Jan 07 22:30:18 UTC 2010",
 "overview": "\u003Cp\u003EAdriacell is a biotech company whose focus is the development of solutions (treatment and diagnostics) for tumors characterized by low probability of survival for patients and of anti infective agents.\nIt leverages its efforts and scientific expertise to (i) develop a new class of anti-tumor therapeutics and (ii) create a series of powerful diagnostics for the early detection of cancer progression. The company is also developing new and highly powerful delivery solutions through small molecules as the basis for a new class of anti-infective drugs. \nAdriacell owns a patented system that can be used for the study of events subsequent to DNA double strand breaks, which is a very important issue for cancer research and diagnostics. \nThe company is currently evaluating a new class of therapeutics for cancer; its main compound is about to enter the pharmacokinetic and toxicology phases. \u003C/p\u003E",
 "image":
  {"available_sizes":
    [[[150,
       25],
      "http://api-images.crunchbase.com/assets/images/resized/0007/2442/72442v2-max-150x150.png"],
     [[250,
       42],
      "http://api-images.crunchbase.com/assets/images/resized/0007/2442/72442v2-max-250x250.png"],
     [[419,
       72],
      "http://api-images.crunchbase.com/assets/images/resized/0007/2442/72442v2-max-450x450.png"]],
   "attribution": null},
 "products":
  [],
 "relationships":
  [],
 "competitions":
  [],
 "providerships":
  [],
 "total_money_raised": "$0",
 "funding_rounds":
  [],
 "investments":
  [],
 "acquisition": null,
 "acquisitions":
  [],
 "offices":
  [{"description": "Headquarters",
    "address1": "Strada Statale 14 - km 163.5",
    "address2": "Area Science Park",
    "zip_code": "34012",
    "city": "Basovizza",
    "state_code": null,
    "country_code": "ITA",
    "latitude": null,
    "longitude": null}],
 "milestones":
  [],
 "ipo": null,
 "video_embeds":
  [],
 "screenshots":
  [],
 "external_links":
  [],
 "partners":
  []}
