{"name": "AdServerSoft",
 "permalink": "adserversoft",
 "crunchbase_url": "http://www.crunchbase.com/company/adserversoft",
 "homepage_url": "http://www.adserversoft.com",
 "blog_url": "",
 "blog_feed_url": "",
 "twitter_username": "adserversoft",
 "category_code": "software",
 "number_of_employees": null,
 "founded_year": null,
 "founded_month": null,
 "founded_day": null,
 "deadpooled_year": null,
 "deadpooled_month": null,
 "deadpooled_day": null,
 "deadpooled_url": null,
 "tag_list": null,
 "alias_list": "",
 "email_address": "adserversoft@gmail.com",
 "phone_number": "+375 29 776 27 57",
 "description": "Software",
 "created_at": "Tue Sep 08 10:42:43 UTC 2009",
 "updated_at": "Sun Oct 24 14:09:46 UTC 2010",
 "overview": "\u003Cp\u003EAdServerSoft Ltd. develop custom software solutions for Ad Serving and Online Advertising businesses: ad serving technology companies, service providers, yield optimizers, ad exchanges, ad metrics and analytics companies, ad networks, online advertising agencies and other industry players.\u003C/p\u003E",
 "image":
  {"available_sizes":
    [[[100,
       118],
      "http://api-images.crunchbase.com/assets/images/resized/0005/9818/59818v2-max-150x150.png"],
     [[100,
       118],
      "http://api-images.crunchbase.com/assets/images/resized/0005/9818/59818v2-max-250x250.png"],
     [[100,
       118],
      "http://api-images.crunchbase.com/assets/images/resized/0005/9818/59818v2-max-450x450.png"]],
   "attribution": null},
 "products":
  [],
 "relationships":
  [{"is_past": false,
    "title": "founder",
    "person":
     {"first_name": "Vitaly",
      "last_name": "Sazanovich",
      "permalink": "vitaly-sazanovich"}}],
 "competitions":
  [],
 "providerships":
  [],
 "total_money_raised": "$0",
 "funding_rounds":
  [],
 "investments":
  [],
 "acquisition": null,
 "acquisitions":
  [],
 "offices":
  [{"description": "HQ",
    "address1": "ul. Gorodetskaya, 58-221,",
    "address2": "",
    "zip_code": "220125",
    "city": "Minsk",
    "state_code": null,
    "country_code": "BLR",
    "latitude": null,
    "longitude": null}],
 "milestones":
  [],
 "ipo": null,
 "video_embeds":
  [],
 "screenshots":
  [{"available_sizes":
     [[[150,
        117],
       "http://api-images.crunchbase.com/assets/images/resized/0010/7033/107033v1-max-150x150.jpg"],
      [[250,
        195],
       "http://api-images.crunchbase.com/assets/images/resized/0010/7033/107033v1-max-250x250.jpg"],
      [[450,
        352],
       "http://api-images.crunchbase.com/assets/images/resized/0010/7033/107033v1-max-450x450.jpg"]],
    "attribution": null}],
 "external_links":
  [],
 "partners":
  []}
