{"name": "adsglobe",
 "permalink": "adsglobe",
 "crunchbase_url": "http://www.crunchbase.com/company/adsglobe",
 "homepage_url": "http://www.adsglobe.co.uk",
 "blog_url": "",
 "blog_feed_url": "",
 "twitter_username": null,
 "category_code": "advertising",
 "number_of_employees": null,
 "founded_year": null,
 "founded_month": null,
 "founded_day": null,
 "deadpooled_year": null,
 "deadpooled_month": null,
 "deadpooled_day": null,
 "deadpooled_url": null,
 "tag_list": "free-ads-uk, online-classifieds-advertising, post-free-listing, for-sale-ads",
 "alias_list": null,
 "email_address": "",
 "phone_number": "",
 "description": "Free Ads UK, Online Classifieds Advertis",
 "created_at": "Wed Jan 27 10:05:15 UTC 2010",
 "updated_at": "Thu Jan 28 00:00:31 UTC 2010",
 "overview": "\u003Cp\u003EPost free ads or online classifieds in UK on items for sale, jobs, real estate, rentals, autos\u0026#8230; Most effective online classifieds advertising in UK for both consumers and businesses. Post free online classified ads and benefit from our best in the business advertising options.\u003C/p\u003E",
 "image": null,
 "products":
  [],
 "relationships":
  [],
 "competitions":
  [],
 "providerships":
  [],
 "total_money_raised": "$0",
 "funding_rounds":
  [],
 "investments":
  [],
 "acquisition": null,
 "acquisitions":
  [],
 "offices":
  [],
 "milestones":
  [],
 "ipo": null,
 "video_embeds":
  [],
 "screenshots":
  [],
 "external_links":
  [{"external_url": "http://www.adsglobe.co.in",
    "title": ""}],
 "partners":
  []}
