{"name": "ADstruc",
 "permalink": "adstruc",
 "crunchbase_url": "http://www.crunchbase.com/company/adstruc",
 "homepage_url": "http://www.adstruc.com",
 "blog_url": "http://news.adstruc.com/",
 "blog_feed_url": "",
 "twitter_username": "ADstruc",
 "category_code": "advertising",
 "number_of_employees": 9,
 "founded_year": 2010,
 "founded_month": 7,
 "founded_day": 15,
 "deadpooled_year": null,
 "deadpooled_month": null,
 "deadpooled_day": null,
 "deadpooled_url": null,
 "tag_list": "outdoor-advertising, technology-software, buying-platform, workflow-management",
 "alias_list": null,
 "email_address": "support@adstruc.com",
 "phone_number": "",
 "description": "Tech Platform for Outdoor Advertising",
 "created_at": "Sat Jan 02 21:57:23 UTC 2010",
 "updated_at": "Thu Mar 27 10:18:28 UTC 2014",
 "overview": "\u003Cp\u003EADstruc is the leading buying platform for the outdoor advertising industry, including both traditional and digital Out-of-Home media. With an emphasis on data-driven planning, we help agencies, national brands, and local businesses discover and efficiently purchase Out-of-Home media campaigns that deliver tangible and measurable results. Our cloud-based solution also allows outdoor advertising vendors to easily manage their inventory online and interact with new and existing clients in real-time.\u003C/p\u003E",
 "image":
  {"available_sizes":
    [[[150,
       24],
      "http://api-images.crunchbase.com/assets/images/resized/0007/3113/73113v10-max-150x150.png"],
     [[250,
       40],
      "http://api-images.crunchbase.com/assets/images/resized/0007/3113/73113v10-max-250x250.png"],
     [[450,
       73],
      "http://api-images.crunchbase.com/assets/images/resized/0007/3113/73113v10-max-450x450.png"]],
   "attribution": null},
 "products":
  [],
 "relationships":
  [{"is_past": false,
    "title": "Founder and CEO",
    "person":
     {"first_name": "John",
      "last_name": "Laramie",
      "permalink": "john-laramie"}},
   {"is_past": false,
    "title": "Co-Founder and COO",
    "person":
     {"first_name": "Josh",
      "last_name": "Warrum",
      "permalink": "josh-warrum"}},
   {"is_past": false,
    "title": "UX Engineer",
    "person":
     {"first_name": "Eliane",
      "last_name": "Kabkab",
      "permalink": "eliane-kabkab"}},
   {"is_past": false,
    "title": "Advisor",
    "person":
     {"first_name": "James",
      "last_name": "Cooper",
      "permalink": "james-cooper"}},
   {"is_past": false,
    "title": "Developer",
    "person":
     {"first_name": "Eric",
      "last_name": "Justusson",
      "permalink": "eric-justusson"}},
   {"is_past": true,
    "title": "Co-Founder",
    "person":
     {"first_name": "Sam",
      "last_name": "Herbert",
      "permalink": "sam-herbert"}},
   {"is_past": true,
    "title": "",
    "person":
     {"first_name": "Mark Peter",
      "last_name": "Davis",
      "permalink": "mark-davis"}},
   {"is_past": true,
    "title": "Account Manager",
    "person":
     {"first_name": "Neal",
      "last_name": "Shyam",
      "permalink": "neal-shyam"}},
   {"is_past": true,
    "title": "Developer",
    "person":
     {"first_name": "Andrew",
      "last_name": "Shults",
      "permalink": "andrew-shults-2"}}],
 "competitions":
  [],
 "providerships":
  [],
 "total_money_raised": "$3.12M",
 "funding_rounds":
  [{"id": 17595,
    "round_code": "seed",
    "source_url": "http://techcrunch.com/2010/08/05/techstars-2010-boulder/",
    "source_description": "TechStars 2010 Review Boulder",
    "raised_amount": 18000.0,
    "raised_currency_code": "USD",
    "funded_year": 2010,
    "funded_month": 8,
    "funded_day": 5,
    "investments":
     [{"company":
        {"name": "Techstars",
         "permalink": "techstars"},
       "financial_org": null,
       "person": null},
      {"company": null,
       "financial_org":
        {"name": "BoxGroup",
         "permalink": "boxgroup"},
       "person": null}]},
   {"id": 18573,
    "round_code": "seed",
    "source_url": "http://techcrunch.com/2010/09/28/adstruc-a-marketplace-for-outdoor-advertising-closes-1-1-million-series-a-round",
    "source_description": "ADstruc, A Marketplace For Outdoor Advertising, Closes $1.1 Million Series A Round",
    "raised_amount": 1100000.0,
    "raised_currency_code": "USD",
    "funded_year": 2010,
    "funded_month": 9,
    "funded_day": 28,
    "investments":
     [{"company": null,
       "financial_org":
        {"name": "DFJ Gotham Ventures",
         "permalink": "dfj-gotham-ventures"},
       "person": null},
      {"company": null,
       "financial_org":
        {"name": "RRE Ventures",
         "permalink": "rre-ventures"},
       "person": null},
      {"company": null,
       "financial_org":
        {"name": "Founder Collective",
         "permalink": "founder-collective"},
       "person": null},
      {"company": null,
       "financial_org": null,
       "person":
        {"first_name": "Kal",
         "last_name": "Vepuri",
         "permalink": "kal-vepuri"}},
      {"company": null,
       "financial_org": null,
       "person":
        {"first_name": "David",
         "last_name": "Tisch",
         "permalink": "david-tisch"}},
      {"company": null,
       "financial_org": null,
       "person":
        {"first_name": "David",
         "last_name": "Cohen",
         "permalink": "david-cohen"}},
      {"company": null,
       "financial_org":
        {"name": "Social Leverage",
         "permalink": "social-leverage"},
       "person": null},
      {"company": null,
       "financial_org":
        {"name": "SoftTech VC",
         "permalink": "softtech-vc"},
       "person": null},
      {"company": null,
       "financial_org":
        {"name": "BoxGroup",
         "permalink": "boxgroup"},
       "person": null}]},
   {"id": 60785,
    "round_code": "a",
    "source_url": "",
    "source_description": "VC Funding: 2014 Source",
    "raised_amount": null,
    "raised_currency_code": "USD",
    "funded_year": 2012,
    "funded_month": 6,
    "funded_day": null,
    "investments":
     [{"company": null,
       "financial_org":
        {"name": "BoxGroup",
         "permalink": "boxgroup"},
       "person": null}]},
   {"id": 68767,
    "round_code": "unattributed",
    "source_url": "http://www.sec.gov/Archives/edgar/data/1500553/000150055314000002/xslFormDX01/primary_doc.xml",
    "source_description": "SEC",
    "raised_amount": 2000000.0,
    "raised_currency_code": "USD",
    "funded_year": 2014,
    "funded_month": 3,
    "funded_day": 10,
    "investments":
     []}],
 "investments":
  [],
 "acquisition": null,
 "acquisitions":
  [],
 "offices":
  [{"description": "ADstruc Headquarters",
    "address1": "241 Centre Street",
    "address2": "7th Floor",
    "zip_code": "10013",
    "city": "New York City",
    "state_code": "NY",
    "country_code": "USA",
    "latitude": null,
    "longitude": null}],
 "milestones":
  [],
 "ipo": null,
 "video_embeds":
  [],
 "screenshots":
  [],
 "external_links":
  [{"external_url": "http://www.adweek.com/news/advertising-branding/ipg-invests-ooh-tech-firm-adstruc-156242",
    "title": "IPG Invests in OOH Tech Firm, ADstruc"},
   {"external_url": "http://www.adexchanger.com/agencies/ipgs-rapport-adstruc-reach-deal-to-automate-out-of-home-ads/",
    "title": "IPG\u2019s Rapport, ADstruc Reach Deal To Automate Out-Of-Home Ads"},
   {"external_url": "http://www.mediapost.com/publications/article/221772/building-rapport-between-ooh-automation.html",
    "title": "IPG Backs ADstruc: Wants Out-of-Home To Be More Digital, Easier To Plan/Buy"},
   {"external_url": "http://news.ipgmediabrands.com/article_display.cfm?article_id=1532",
    "title": "Interpublic"}],
 "partners":
  []}
