{"name": "ADTELLIGENCE",
 "permalink": "adtelligence",
 "crunchbase_url": "http://www.crunchbase.com/company/adtelligence",
 "homepage_url": "http://www.adtelligence.de",
 "blog_url": "http://www.adtelligence.de/blog",
 "blog_feed_url": "http://www.adtelligence.de/de/blog/feed",
 "twitter_username": "Adtelligence",
 "category_code": "ecommerce",
 "number_of_employees": 80,
 "founded_year": 2009,
 "founded_month": 5,
 "founded_day": 5,
 "deadpooled_year": null,
 "deadpooled_month": null,
 "deadpooled_day": null,
 "deadpooled_url": null,
 "tag_list": "adtelligence, personalization, customer-intelligence, machine-learning, ecommerce, conversion-optimization, money-printing-machines, onsite-targeting, multivariate-testing, recommendation-engine, shop-optimization, customer-experience",
 "alias_list": "",
 "email_address": "info@adtelligence.de",
 "phone_number": "+49 (0) 621 - 87204066",
 "description": "Real Time Personalization",
 "created_at": "Sun Nov 08 15:18:59 UTC 2009",
 "updated_at": "Sat Apr 05 08:07:58 UTC 2014",
 "overview": "\u003Cp\u003EAdtelligence provides personalization and customer intelligence solutions for online businesses. By using next generation machine learning solutions Adtelligence enables eshops to increase conversion rates by using all available data from customers, shop or devices in real time. Our technology uses ultra fast in-memory machine learning algorithms to increase conversions \u2013 resulting increased revenues \u0026amp; customer happiness.\u003C/p\u003E\n\n\u003Cp\u003EThe Adtelligence Convert+ Personalization Cloud Solution provides real-time personalization, multivariate testing, page segmentation, behavioral targeting and fully automated optimization using Big Data and genetic mutation machine learning algorithms to generate a unique customer experience for every user.\u003C/p\u003E\n\n\u003Cp\u003EThe customer intelligence solutions enables the marketer to get new insights about their clients and steer their marketing in real time.\u003C/p\u003E\n\n\u003Cp\u003EAdtelligence is a venture funded German Software/SaaS company founded by former SAP employees in 2009 with a strong European presence, currently expanding worldwide\u003C/p\u003E\n\n\u003Cp\u003EFor more information about ADTELLIGENCE please visit www.adtelligence.com\u003C/p\u003E",
 "image":
  {"available_sizes":
    [[[150,
       106],
      "http://api-images.crunchbase.com/assets/images/resized/0006/5405/65405v5-max-150x150.jpg"],
     [[250,
       176],
      "http://api-images.crunchbase.com/assets/images/resized/0006/5405/65405v5-max-250x250.jpg"],
     [[450,
       318],
      "http://api-images.crunchbase.com/assets/images/resized/0006/5405/65405v5-max-450x450.jpg"]],
   "attribution": null},
 "products":
  [],
 "relationships":
  [{"is_past": true,
    "title": "Online Marketing",
    "person":
     {"first_name": "Emilio",
      "last_name": "Bustamante",
      "permalink": "emilio-bustamante"}}],
 "competitions":
  [],
 "providerships":
  [],
 "total_money_raised": "$0",
 "funding_rounds":
  [{"id": 9417,
    "round_code": "seed",
    "source_url": "http://www.adtelligence.de",
    "source_description": "",
    "raised_amount": null,
    "raised_currency_code": "USD",
    "funded_year": 2009,
    "funded_month": 1,
    "funded_day": 1,
    "investments":
     []},
   {"id": 25063,
    "round_code": "angel",
    "source_url": "",
    "source_description": "",
    "raised_amount": null,
    "raised_currency_code": "USD",
    "funded_year": 2011,
    "funded_month": 1,
    "funded_day": 1,
    "investments":
     []},
   {"id": 62863,
    "round_code": "a",
    "source_url": "",
    "source_description": "",
    "raised_amount": null,
    "raised_currency_code": "USD",
    "funded_year": 2013,
    "funded_month": null,
    "funded_day": null,
    "investments":
     []}],
 "investments":
  [],
 "acquisition": null,
 "acquisitions":
  [],
 "offices":
  [{"description": "Headquarter",
    "address1": "",
    "address2": "",
    "zip_code": "",
    "city": "Mannheim",
    "state_code": null,
    "country_code": "DEU",
    "latitude": null,
    "longitude": null},
   {"description": "London Office",
    "address1": "",
    "address2": "",
    "zip_code": "",
    "city": "London",
    "state_code": null,
    "country_code": "GBR",
    "latitude": null,
    "longitude": null},
   {"description": "Silicon Valley",
    "address1": "440 Wolf Road",
    "address2": "",
    "zip_code": "",
    "city": "Sunnyvale",
    "state_code": "CA",
    "country_code": "USA",
    "latitude": 37.3834395,
    "longitude": -122.0130457},
   {"description": "Milan Office",
    "address1": "",
    "address2": "",
    "zip_code": "",
    "city": "",
    "state_code": null,
    "country_code": "ITA",
    "latitude": null,
    "longitude": null},
   {"description": "Switzerland Office",
    "address1": "",
    "address2": "",
    "zip_code": "",
    "city": "Altdorf",
    "state_code": null,
    "country_code": "CHE",
    "latitude": null,
    "longitude": null}],
 "milestones":
  [],
 "ipo": null,
 "video_embeds":
  [{"embed_code": "\u003Ciframe width=\"560\" height=\"315\" src=\"//www.youtube.com/embed/JKNlxHPBsiw\" frameborder=\"0\" allowfullscreen\u003E\u003C/iframe\u003E",
    "description": "\u003Cp\u003EAdtelligence Technology Pioneer 2014 - World Economic Forum\u003C/p\u003E"}],
 "screenshots":
  [{"available_sizes":
     [[[150,
        83],
       "http://api-images.crunchbase.com/assets/images/resized/0011/1527/111527v2-max-150x150.png"],
      [[250,
        139],
       "http://api-images.crunchbase.com/assets/images/resized/0011/1527/111527v2-max-250x250.png"],
      [[450,
        250],
       "http://api-images.crunchbase.com/assets/images/resized/0011/1527/111527v2-max-450x450.png"]],
    "attribution": null},
   {"available_sizes":
     [[[150,
        83],
       "http://api-images.crunchbase.com/assets/images/resized/0011/1530/111530v2-max-150x150.png"],
      [[250,
        139],
       "http://api-images.crunchbase.com/assets/images/resized/0011/1530/111530v2-max-250x250.png"],
      [[450,
        250],
       "http://api-images.crunchbase.com/assets/images/resized/0011/1530/111530v2-max-450x450.png"]],
    "attribution": null},
   {"available_sizes":
     [[[150,
        83],
       "http://api-images.crunchbase.com/assets/images/resized/0011/1531/111531v2-max-150x150.png"],
      [[250,
        139],
       "http://api-images.crunchbase.com/assets/images/resized/0011/1531/111531v2-max-250x250.png"],
      [[450,
        250],
       "http://api-images.crunchbase.com/assets/images/resized/0011/1531/111531v2-max-450x450.png"]],
    "attribution": null},
   {"available_sizes":
     [[[150,
        83],
       "http://api-images.crunchbase.com/assets/images/resized/0011/1532/111532v2-max-150x150.png"],
      [[250,
        139],
       "http://api-images.crunchbase.com/assets/images/resized/0011/1532/111532v2-max-250x250.png"],
      [[450,
        250],
       "http://api-images.crunchbase.com/assets/images/resized/0011/1532/111532v2-max-450x450.png"]],
    "attribution": null},
   {"available_sizes":
     [[[150,
        83],
       "http://api-images.crunchbase.com/assets/images/resized/0011/1533/111533v2-max-150x150.png"],
      [[250,
        139],
       "http://api-images.crunchbase.com/assets/images/resized/0011/1533/111533v2-max-250x250.png"],
      [[450,
        250],
       "http://api-images.crunchbase.com/assets/images/resized/0011/1533/111533v2-max-450x450.png"]],
    "attribution": null}],
 "external_links":
  [],
 "partners":
  []}
