{"name": "adtimize",
 "permalink": "adtimize",
 "crunchbase_url": "http://www.crunchbase.com/company/adtimize",
 "homepage_url": "http://www.adtimize.com",
 "blog_url": "",
 "blog_feed_url": "",
 "twitter_username": null,
 "category_code": "advertising",
 "number_of_employees": 10,
 "founded_year": null,
 "founded_month": null,
 "founded_day": null,
 "deadpooled_year": null,
 "deadpooled_month": null,
 "deadpooled_day": null,
 "deadpooled_url": null,
 "tag_list": "",
 "alias_list": null,
 "email_address": "info@adtimize.com",
 "phone_number": "",
 "description": "Consumer Aware Digital Signage",
 "created_at": "Sun Feb 07 11:02:23 UTC 2010",
 "updated_at": "Sun Feb 07 18:11:42 UTC 2010",
 "overview": "",
 "image": null,
 "products":
  [],
 "relationships":
  [],
 "competitions":
  [],
 "providerships":
  [],
 "total_money_raised": "$0",
 "funding_rounds":
  [],
 "investments":
  [],
 "acquisition": null,
 "acquisitions":
  [],
 "offices":
  [],
 "milestones":
  [],
 "ipo": null,
 "video_embeds":
  [],
 "screenshots":
  [],
 "external_links":
  [],
 "partners":
  []}
