{"name": "Adtopsy",
 "permalink": "adtopsy",
 "crunchbase_url": "http://www.crunchbase.com/company/adtopsy",
 "homepage_url": "http://www.adtopsy.com",
 "blog_url": "http://www.adtopsy.com/blog",
 "blog_feed_url": "",
 "twitter_username": null,
 "category_code": "advertising",
 "number_of_employees": 5,
 "founded_year": 2009,
 "founded_month": null,
 "founded_day": null,
 "deadpooled_year": null,
 "deadpooled_month": null,
 "deadpooled_day": null,
 "deadpooled_url": null,
 "tag_list": "advertising, social-ads, social-media, top-ads, best-ads, ads-chart--ads-clinic, social-ad-wrapper, tc50-demopit09",
 "alias_list": "adtopsy",
 "email_address": "info@adtopsy.com",
 "phone_number": "",
 "description": "Social Ad Ranking",
 "created_at": "Wed Aug 26 04:52:51 UTC 2009",
 "updated_at": "Tue Sep 15 17:15:45 UTC 2009",
 "overview": "\u003Cp\u003EAdtopsy is a Social Ranking system for Ads. The platform provide a set of tools that help to rank any ads whether it\u00e2\u20ac\u2122s from Google Ads, Yahoo Ads, AdBrite and also works best with self-served Ads on your website. There are three main components in Adtopsy, and these are: \u003C/p\u003E\n\n\u003Cul\u003E\n\u003Cli\u003ESocial Ad Wrapper \u003C/li\u003E\n\u003Cli\u003ETop Ads Chart (Social Ranking for Ads)\u003C/li\u003E\n\u003Cli\u003EAds Clinic \u003C/li\u003E\n\u003C/ul\u003E\n\n\u003Cp\u003EThe Social Ad Wrapper is a free widget which can be embedded or wrap around ads on any websites. Ads that are being wrapped with Social Ad Wrapper will instantly pimped up with social features such as comments, ratings, feedback from social media e.g. Related Tweets on Ads from Twitter. The Social Ad Wrapper instantly allows normal users to view feedback from other users regards to their thoughts on the products, services or the company behind the ads. This instantly provides useful community insights so that users can make better decisions on ads. \u003C/p\u003E\n\n\u003Cp\u003EThe Social Ad Wrapper also helps advertisers and publishers. For advertisers, Adtopsy instantly becomes a value added service that helps to make their ads richer, more social and friendlier. Advertisers also stand the chance to get their ads to become more viral with other users interacting and sharing their thoughts on social media such as Facebook and Twitter. The Social Ad Wrapper has these nifty features that make sharing your thoughts on ads more fun and easy to do.  \u003C/p\u003E\n\n\u003Cp\u003EFurthermore, ads that are outstanding get voted up to the daily/weekly Top Ads Chart on Adtopsy.com \u00e2\u20ac\u201c this would mean more free traffic to the advertiser. For publishers, it\u00e2\u20ac\u2122s about getting your ads to become more clickable, so you can generate more revenue, and Adtopsy helps you do that. The Social Ad Wrapper highlights your ads and helps you engage your users to check out interesting feedback on ads. It\u00e2\u20ac\u2122s easy, just wrap your ads with a free Social Ad Wrapper, and enjoy increased effectiveness on your ads instantly! \u003C/p\u003E\n\n\u003Cp\u003ESo while popular ads get voted up and bad ones get booted down, Adtopsy.com becomes a creative destination for ads. It will attract a niche crowd namely industries in advertising, marketing and etc. However it can also be a destination for users who are looking for best deals being advertised. This would mean searching for deals advertised by your favourite brands could be done with Adtopsy. Then, you could read comments and ratings being shared by other users to help you in making your decision. In a nutshell, Adtopsy is here to help. \u003C/p\u003E",
 "image":
  {"available_sizes":
    [[[150,
       40],
      "http://api-images.crunchbase.com/assets/images/resized/0005/7696/57696v2-max-150x150.png"],
     [[250,
       68],
      "http://api-images.crunchbase.com/assets/images/resized/0005/7696/57696v2-max-250x250.png"],
     [[425,
       116],
      "http://api-images.crunchbase.com/assets/images/resized/0005/7696/57696v2-max-450x450.png"]],
   "attribution": null},
 "products":
  [],
 "relationships":
  [],
 "competitions":
  [],
 "providerships":
  [],
 "total_money_raised": "$0",
 "funding_rounds":
  [],
 "investments":
  [],
 "acquisition": null,
 "acquisitions":
  [],
 "offices":
  [],
 "milestones":
  [],
 "ipo": null,
 "video_embeds":
  [],
 "screenshots":
  [],
 "external_links":
  [],
 "partners":
  []}
