{"name": "AdTrader",
 "permalink": "adtrader",
 "crunchbase_url": "http://www.crunchbase.com/company/adtrader",
 "homepage_url": "http://www.adtrader.co.uk",
 "blog_url": "",
 "blog_feed_url": "",
 "twitter_username": "theadtrader",
 "category_code": null,
 "number_of_employees": null,
 "founded_year": null,
 "founded_month": null,
 "founded_day": null,
 "deadpooled_year": null,
 "deadpooled_month": null,
 "deadpooled_day": null,
 "deadpooled_url": null,
 "tag_list": null,
 "alias_list": "",
 "email_address": "",
 "phone_number": "0845 666 3232 ",
 "description": "",
 "created_at": "Mon Oct 05 02:49:20 UTC 2009",
 "updated_at": "Sun Oct 24 14:30:47 UTC 2010",
 "overview": "\u003Cp\u003EUsers can buy or sell anything; find a job, a date or a holiday. Ad Trader offers the biggest choice, the best bargains with more adverts at your fingertips in your area! You can search all ads by keyword, price and location in 12 different sections or use our powerful quick search tool.\u003C/p\u003E\n\n\u003Cp\u003EThe ads are provided by Ad Trader registered online users, the Ad Trader papers and Auto Trader. Don\u0026#8217;t forget adverts placed online are also submitted to your chosen Ad Trader paper.\u003C/p\u003E\n\n\u003Cp\u003EMost of our classifications are free to private advertisers*, Businesses can also advertise online choosing one of our Business lineage styles, a business page or banners. If you are a private advertiser and wish to make your ad really stand out, you can choose to pay for one of our Private paid for styles.\u003C/p\u003E",
 "image":
  {"available_sizes":
    [[[150,
       48],
      "http://api-images.crunchbase.com/assets/images/resized/0010/7036/107036v1-max-150x150.png"],
     [[175,
       57],
      "http://api-images.crunchbase.com/assets/images/resized/0010/7036/107036v1-max-250x250.png"],
     [[175,
       57],
      "http://api-images.crunchbase.com/assets/images/resized/0010/7036/107036v1-max-450x450.png"]],
   "attribution": null},
 "products":
  [],
 "relationships":
  [],
 "competitions":
  [{"competitor":
     {"name": "Tagorize",
      "permalink": "tagorize"}}],
 "providerships":
  [],
 "total_money_raised": "$0",
 "funding_rounds":
  [],
 "investments":
  [],
 "acquisition": null,
 "acquisitions":
  [],
 "offices":
  [],
 "milestones":
  [],
 "ipo": null,
 "video_embeds":
  [],
 "screenshots":
  [{"available_sizes":
     [[[150,
        102],
       "http://api-images.crunchbase.com/assets/images/resized/0010/7037/107037v1-max-150x150.jpg"],
      [[250,
        170],
       "http://api-images.crunchbase.com/assets/images/resized/0010/7037/107037v1-max-250x250.jpg"],
      [[450,
        306],
       "http://api-images.crunchbase.com/assets/images/resized/0010/7037/107037v1-max-450x450.jpg"]],
    "attribution": null}],
 "external_links":
  [],
 "partners":
  []}
