{"name": "Adura Technologies",
 "permalink": "adura-technologies",
 "crunchbase_url": "http://www.crunchbase.com/company/adura-technologies",
 "homepage_url": "http://www.aduratech.com",
 "blog_url": "",
 "blog_feed_url": "",
 "twitter_username": null,
 "category_code": "cleantech",
 "number_of_employees": null,
 "founded_year": 2008,
 "founded_month": null,
 "founded_day": null,
 "deadpooled_year": null,
 "deadpooled_month": null,
 "deadpooled_day": null,
 "deadpooled_url": null,
 "tag_list": "energy, lighting, mobile-energy-management, wireless-energy-management",
 "alias_list": "",
 "email_address": "info@aduratech.com",
 "phone_number": "415.547.8100",
 "description": "Wireless energy control",
 "created_at": "Wed Feb 24 02:20:52 UTC 2010",
 "updated_at": "Sat Jun 01 09:57:24 UTC 2013",
 "overview": "\u003Cp\u003EAdura Technologies provides wireless lighting and energy management systems to improve energy efficiency and facilitate cost savings.\u003C/p\u003E",
 "image":
  {"available_sizes":
    [[[150,
       43],
      "http://api-images.crunchbase.com/assets/images/resized/0007/7988/77988v1-max-150x150.jpg"],
     [[250,
       72],
      "http://api-images.crunchbase.com/assets/images/resized/0007/7988/77988v1-max-250x250.jpg"],
     [[350,
       102],
      "http://api-images.crunchbase.com/assets/images/resized/0007/7988/77988v1-max-450x450.jpg"]],
   "attribution": null},
 "products":
  [],
 "relationships":
  [{"is_past": false,
    "title": "CEO",
    "person":
     {"first_name": "Mark",
      "last_name": "Golan",
      "permalink": "mark-golan"}},
   {"is_past": false,
    "title": "CTO",
    "person":
     {"first_name": "Charlie",
      "last_name": "Huizenga",
      "permalink": "charlie-huizenga"}},
   {"is_past": false,
    "title": "Independent Director",
    "person":
     {"first_name": "Jack",
      "last_name": "Bolick",
      "permalink": "jack-bolick"}},
   {"is_past": true,
    "title": "CTO",
    "person":
     {"first_name": "Andy",
      "last_name": "Wheeler",
      "permalink": "andy-wheeler-2"}},
   {"is_past": true,
    "title": "Investor/ Board Observer",
    "person":
     {"first_name": "Paul",
      "last_name": "Straub",
      "permalink": "paul-straub"}}],
 "competitions":
  [],
 "providerships":
  [],
 "total_money_raised": "$25.5M",
 "funding_rounds":
  [{"id": 12297,
    "round_code": "a",
    "source_url": "http://www.bizjournals.com/sanfrancisco/stories/2008/10/13/daily49.html",
    "source_description": "",
    "raised_amount": 5000000.0,
    "raised_currency_code": "USD",
    "funded_year": 2008,
    "funded_month": 10,
    "funded_day": 16,
    "investments":
     [{"company": null,
       "financial_org":
        {"name": "VantagePoint Capital Partners",
         "permalink": "vantagepoint-capital-partners"},
       "person": null},
      {"company": null,
       "financial_org":
        {"name": "Claremont Creek Ventures",
         "permalink": "claremont-creek-ventures"},
       "person": null}]},
   {"id": 12298,
    "round_code": "b",
    "source_url": "http://sanfrancisco.bizjournals.com/sanfrancisco/stories/2010/02/22/daily38.html",
    "source_description": "",
    "raised_amount": 12000000.0,
    "raised_currency_code": "USD",
    "funded_year": 2010,
    "funded_month": 2,
    "funded_day": 22,
    "investments":
     [{"company": null,
       "financial_org":
        {"name": "NGEN Partners",
         "permalink": "ngen-ventures"},
       "person": null},
      {"company": null,
       "financial_org":
        {"name": "VantagePoint Capital Partners",
         "permalink": "vantagepoint-capital-partners"},
       "person": null},
      {"company": null,
       "financial_org":
        {"name": "Claremont Creek Ventures",
         "permalink": "claremont-creek-ventures"},
       "person": null}]},
   {"id": 29566,
    "round_code": "b",
    "source_url": "http://www.greentechmedia.com/articles/read/adura-raises-8.5m-for-networked-lighting/",
    "source_description": "Adura Raises $8.5M for Networked Lighting",
    "raised_amount": 8500000.0,
    "raised_currency_code": "USD",
    "funded_year": 2012,
    "funded_month": 4,
    "funded_day": 26,
    "investments":
     [{"company": null,
       "financial_org":
        {"name": "NGEN Partners",
         "permalink": "ngen-ventures"},
       "person": null},
      {"company": null,
       "financial_org":
        {"name": "VantagePoint Capital Partners",
         "permalink": "vantagepoint-capital-partners"},
       "person": null},
      {"company": null,
       "financial_org":
        {"name": "Claremont Creek Ventures",
         "permalink": "claremont-creek-ventures"},
       "person": null}]}],
 "investments":
  [],
 "acquisition":
  {"price_amount": null,
   "price_currency_code": "USD",
   "term_code": null,
   "source_url": "http://finance.yahoo.com/news/acuity-brands-inc-acquires-adura-223201976.html",
   "source_description": "Acuity Brands, Inc : Acquires Adura Technologies, Inc.",
   "acquired_year": 2013,
   "acquired_month": 1,
   "acquired_day": 7,
   "acquiring_company":
    {"name": "Acuity Brands",
     "permalink": "acuity-brands"}},
 "acquisitions":
  [],
 "offices":
  [{"description": "Corporate HQ",
    "address1": "22 4th Street",
    "address2": "Floor 10",
    "zip_code": "94103",
    "city": "San Francisco",
    "state_code": "CA",
    "country_code": "USA",
    "latitude": null,
    "longitude": null}],
 "milestones":
  [],
 "ipo": null,
 "video_embeds":
  [],
 "screenshots":
  [{"available_sizes":
     [[[150,
        93],
       "http://api-images.crunchbase.com/assets/images/resized/0007/7989/77989v1-max-150x150.jpg"],
      [[250,
        156],
       "http://api-images.crunchbase.com/assets/images/resized/0007/7989/77989v1-max-250x250.jpg"],
      [[450,
        281],
       "http://api-images.crunchbase.com/assets/images/resized/0007/7989/77989v1-max-450x450.jpg"]],
    "attribution": null}],
 "external_links":
  [],
 "partners":
  []}
