{"name": "Advanced ICU Care",
 "permalink": "advanced-icu-care",
 "crunchbase_url": "http://www.crunchbase.com/company/advanced-icu-care",
 "homepage_url": "http://www.icumedicine.com",
 "blog_url": "",
 "blog_feed_url": "",
 "twitter_username": null,
 "category_code": "medical",
 "number_of_employees": null,
 "founded_year": 2004,
 "founded_month": null,
 "founded_day": null,
 "deadpooled_year": null,
 "deadpooled_month": null,
 "deadpooled_day": null,
 "deadpooled_url": null,
 "tag_list": "",
 "alias_list": "",
 "email_address": "info@icumedicine.com",
 "phone_number": "314-514-6000",
 "description": "",
 "created_at": "Fri Jan 08 07:03:13 UTC 2010",
 "updated_at": "Mon Dec 30 12:45:35 UTC 2013",
 "overview": "\u003Cp\u003EAdvanced ICU Care, Inc., a medical service company, provides critical care services to patients in the intensive care units (ICU) of community hospitals in the United States. Its critical care medicine physicians and nurses monitor hospital ICU patients from a central location linked to hospital ICUs through a telemedicine technology platform. The company was founded in 2004 and is based in St. Louis, Missouri.\u003C/p\u003E",
 "image":
  {"available_sizes":
    [[[150,
       26],
      "http://api-images.crunchbase.com/assets/images/resized/0007/2662/72662v2-max-150x150.png"],
     [[250,
       44],
      "http://api-images.crunchbase.com/assets/images/resized/0007/2662/72662v2-max-250x250.png"],
     [[267,
       48],
      "http://api-images.crunchbase.com/assets/images/resized/0007/2662/72662v2-max-450x450.png"]],
   "attribution": null},
 "products":
  [],
 "relationships":
  [{"is_past": false,
    "title": "MD, FCC, CPE \u2013 Chairman, Critical Care Medicine Department, SSM DePaul Health Center",
    "person":
     {"first_name": "Michael",
      "last_name": "J. Walter",
      "permalink": "michael-j-walter"}},
   {"is_past": false,
    "title": "CEO",
    "person":
     {"first_name": "Mary",
      "last_name": "Jo Gorman",
      "permalink": "mary-jo-gorman"}},
   {"is_past": false,
    "title": "CFO",
    "person":
     {"first_name": "Doug",
      "last_name": "Webb",
      "permalink": "doug-webb"}},
   {"is_past": false,
    "title": "Vice President, Strategy \u0026 Development",
    "person":
     {"first_name": "Gian",
      "last_name": "Cavallini",
      "permalink": "gian-cavallini"}},
   {"is_past": false,
    "title": "VP Client Relations",
    "person":
     {"first_name": "Wayne",
      "last_name": "Somers",
      "permalink": "wayne-somers"}},
   {"is_past": false,
    "title": "Senior Vice President of Operations",
    "person":
     {"first_name": "Gary",
      "last_name": "Anderson",
      "permalink": "gary-anderson"}},
   {"is_past": false,
    "title": "CFO",
    "person":
     {"first_name": "Andrea",
      "last_name": "Clegg",
      "permalink": "andrea-clegg"}},
   {"is_past": false,
    "title": "Vice President - Sales",
    "person":
     {"first_name": "Bradley",
      "last_name": "T. Green",
      "permalink": "bradley-t-green"}},
   {"is_past": false,
    "title": "Associate Medical Director",
    "person":
     {"first_name": "Francis",
      "last_name": "Ntimba",
      "permalink": "francis-ntimba"}},
   {"is_past": false,
    "title": "MD, FCCP \u2013 Medical Director, Intensive Care Unit, Barnes Jewish West County Hospital",
    "person":
     {"first_name": "Dellice",
      "last_name": "Dickhaus",
      "permalink": "dellice-dickhaus"}},
   {"is_past": false,
    "title": "Director, Medical Group",
    "person":
     {"first_name": "Stephen",
      "last_name": "Gebhart",
      "permalink": "stephen-gebhart"}},
   {"is_past": false,
    "title": "Board of Directors",
    "person":
     {"first_name": "Tim",
      "last_name": "Petersen",
      "permalink": "tim-petersen"}},
   {"is_past": false,
    "title": "Vice President of Medical Affairs",
    "person":
     {"first_name": "Isabelle",
      "last_name": "C. Kopec",
      "permalink": "isabelle-c-kopec"}},
   {"is_past": false,
    "title": "National Medical Director, Medical Director",
    "person":
     {"first_name": "Corey",
      "last_name": "Scurlock",
      "permalink": "corey-scurlock"}},
   {"is_past": false,
    "title": "MD \u2013 Medical Director",
    "person":
     {"first_name": "Thomas",
      "last_name": "H. Kalb",
      "permalink": "thomas-h-kalb"}},
   {"is_past": false,
    "title": "MD, MMM, FCCP, FCCM \u2013 Medical Director",
    "person":
     {"first_name": "Nagarajan",
      "last_name": "Ramakrishnan",
      "permalink": "nagarajan-ramakrishnan"}},
   {"is_past": false,
    "title": "Boards of Directors",
    "person":
     {"first_name": "John",
      "last_name": "Reardon",
      "permalink": "john-reardon"}},
   {"is_past": true,
    "title": "Co-Founder, President \u0026 Chief Operating Officer",
    "person":
     {"first_name": "David",
      "last_name": "N. Schopp",
      "permalink": "david-n-schopp"}},
   {"is_past": true,
    "title": "Board Member",
    "person":
     {"first_name": "Tim",
      "last_name": "Mayleben",
      "permalink": "tim-mayleben"}}],
 "competitions":
  [],
 "providerships":
  [],
 "total_money_raised": "$10.5M",
 "funding_rounds":
  [{"id": 11001,
    "round_code": "c",
    "source_url": "https://www.fis.dowjones.com/article.aspx?ProductIDFromApplication=32\u0026aid=DJFVW00020100107e617000gp\u0026r=Rss\u0026s=DJFVW",
    "source_description": " Advanced ICU Care Taps Insiders For Add'l $2M",
    "raised_amount": 2000000.0,
    "raised_currency_code": "USD",
    "funded_year": 2010,
    "funded_month": 1,
    "funded_day": 6,
    "investments":
     []},
   {"id": 26790,
    "round_code": "d",
    "source_url": "http://www.icumedicine.com/11-29-11-trident-capital-invests-in-icu-performance-solutions.html",
    "source_description": "Trident Capital, Inc. Invests in Advanced ICU Care\u00c2\u00ae and Its ICU Performance Solutions",
    "raised_amount": 8000000.0,
    "raised_currency_code": "USD",
    "funded_year": 2011,
    "funded_month": 11,
    "funded_day": 29,
    "investments":
     [{"company": null,
       "financial_org":
        {"name": "Trident Capital",
         "permalink": "trident-capital"},
       "person": null},
      {"company": null,
       "financial_org":
        {"name": "Versant Ventures",
         "permalink": "versant-ventures"},
       "person": null},
      {"company": null,
       "financial_org":
        {"name": "Arboretum Ventures",
         "permalink": "arboretum-ventures"},
       "person": null},
      {"company": null,
       "financial_org":
        {"name": "Catalyst Capital",
         "permalink": "catalyst-capital"},
       "person": null}]},
   {"id": 59526,
    "round_code": "debt_round",
    "source_url": "http://www.sec.gov/Archives/edgar/data/1352029/000118143110038831/xslFormDX01/primary_doc.xml",
    "source_description": "SEC",
    "raised_amount": 500500.0,
    "raised_currency_code": "USD",
    "funded_year": 2010,
    "funded_month": 7,
    "funded_day": 16,
    "investments":
     []}],
 "investments":
  [],
 "acquisition": null,
 "acquisitions":
  [],
 "offices":
  [{"description": "",
    "address1": "999 Executive Parkway",
    "address2": "Suite 320",
    "zip_code": "63141",
    "city": "St. Louis",
    "state_code": "MO",
    "country_code": "USA",
    "latitude": null,
    "longitude": null}],
 "milestones":
  [],
 "ipo": null,
 "video_embeds":
  [],
 "screenshots":
  [{"available_sizes":
     [[[150,
        82],
       "http://api-images.crunchbase.com/assets/images/resized/0007/2661/72661v1-max-150x150.jpg"],
      [[250,
        137],
       "http://api-images.crunchbase.com/assets/images/resized/0007/2661/72661v1-max-250x250.jpg"],
      [[450,
        246],
       "http://api-images.crunchbase.com/assets/images/resized/0007/2661/72661v1-max-450x450.jpg"]],
    "attribution": null}],
 "external_links":
  [],
 "partners":
  []}
