{"name": "ADVANSES",
 "permalink": "advanses",
 "crunchbase_url": "http://www.crunchbase.com/company/advanses",
 "homepage_url": "http://www.advanses.com",
 "blog_url": "",
 "blog_feed_url": "",
 "twitter_username": "advanses",
 "category_code": "consulting",
 "number_of_employees": 10,
 "founded_year": 2007,
 "founded_month": 12,
 "founded_day": 1,
 "deadpooled_year": null,
 "deadpooled_month": null,
 "deadpooled_day": null,
 "deadpooled_url": null,
 "tag_list": "mechanical-testing, fea, outsourcing, product-development, hpc, cluster-computing, product-design, engineering-services",
 "alias_list": null,
 "email_address": "info@advanses.com",
 "phone_number": "91-9601359718",
 "description": "Advanced Scientific Engineering Services",
 "created_at": "Tue Jan 26 15:27:26 UTC 2010",
 "updated_at": "Wed Jan 27 01:16:28 UTC 2010",
 "overview": "\u003Cp\u003EADVANSES is a full-service product design and engineering firm offering a wide variety of solutions and services to a broad range of industries. They are a multi-disciplinary engineering partner and deliver innovative solutions. Leverage Advanses\u0026#8217; deep industry experience and knowledge to research, develop and bring to the market novel and innovative products.\u003C/p\u003E\n\n\u003Cp\u003EAdvanses is profiled below;\u003C/p\u003E\n\n\u003Cp\u003EADVANSES is a key knowledge provider in Computer aided Design (CAD), engineering analysis, and scientific research and mathematical modeling. \nCorporations can leverage Advanses\u0026#8217; experience as per their needs and requirements, from concept development to validating analytical models in aid of product development. Advanses also provides gigabit networked parallel clustered computing environment to run econometric, biotechnology, simulation, analysis codes and softwares. \u003C/p\u003E\n\n\u003Cp\u003E2D AND 3D CAD DESIGN DEVELOPMENT\u003C/p\u003E\n\n\u003Cp\u003EAdvanses can assist you with different CAD model development by converting paper drawings to 2D and 3D designs. They can assist in developing a high fidelity CAD models giving shape and form to the customer\u0026#8217;s ideas. Advanses uses state of the art CAD systems. The CAD models can be used to develop molds for prototype development as well as short production runs. \u003C/p\u003E\n\n\u003Cp\u003EENGINEERING ANALYSIS\u003C/p\u003E\n\n\u003Cp\u003EComputational mechanics tools as Finite Element Analysis (FEA) and Computational Fluid Dynamics (CFD) are extensively used to analyze products understand failures and optimize the design. The team at Advanses is well experienced in analyzing products from various application domains. Product design and optimization using an iterative approach is used to provide maximum return on investment. Independent meshing services are also provided.\u003C/p\u003E\n\n\u003Cp\u003ESCIENTIFIC AND MATHEMATICAL MODELLING \u003C/p\u003E\n\n\u003Cp\u003EOne of Advanses\u0026#8217;s main competencies is scientific and mathematical modelling of complex physical phenomena. Different scientific and engineering tools are used for this purpose, PETSc, OpenFOAM, Octave, ASCEND, and various other packages are available. The typical scientific modeling assignments are medium and long term research and development projects. \u003C/p\u003E\n\n\u003Cp\u003EHIGH PERFORMANCE COMPUTING (HPC) \u00e2\u20ac\u201c CLUSTER COMPUTING\u003C/p\u003E\n\n\u003Cp\u003EThe HPC infrastructure at Advanses consists of a high performance computing cluster in India. The mathematical modelling \u0026amp; simulation center is fully self-owned and provides cluster computing services to educational institutes, global corporations. Their 34 core computing system is also available for rental. Codes, softwares can be deployed and executed.\u003C/p\u003E\n\n\u003Cp\u003ESCIENTIFIC RESEARCH SUPPORT SERVICES \u003C/p\u003E\n\n\u003Cp\u003EAdvanses can carry out custom literature and data research to support scientific research services. The results are provided to the customer as a neatly filed report.\u003C/p\u003E\n\n\u003Cp\u003ETRAINING AND COURSES\u003C/p\u003E\n\n\u003Cp\u003EAdvanses conducts career courses for students and engineers in 2D and 3D CAD and Finite element analysis. The topics and the duration of the courses can be tailored as per client needs. \u003C/p\u003E",
 "image":
  {"available_sizes":
    [[[150,
       46],
      "http://api-images.crunchbase.com/assets/images/resized/0007/4907/74907v2-max-150x150.png"],
     [[250,
       77],
      "http://api-images.crunchbase.com/assets/images/resized/0007/4907/74907v2-max-250x250.png"],
     [[291,
       90],
      "http://api-images.crunchbase.com/assets/images/resized/0007/4907/74907v2-max-450x450.png"]],
   "attribution": null},
 "products":
  [],
 "relationships":
  [],
 "competitions":
  [],
 "providerships":
  [],
 "total_money_raised": "$0",
 "funding_rounds":
  [],
 "investments":
  [],
 "acquisition": null,
 "acquisitions":
  [],
 "offices":
  [],
 "milestones":
  [],
 "ipo": null,
 "video_embeds":
  [],
 "screenshots":
  [{"available_sizes":
     [[[150,
        61],
       "http://api-images.crunchbase.com/assets/images/resized/0007/4906/74906v2-max-150x150.jpg"],
      [[250,
        102],
       "http://api-images.crunchbase.com/assets/images/resized/0007/4906/74906v2-max-250x250.jpg"],
      [[450,
        184],
       "http://api-images.crunchbase.com/assets/images/resized/0007/4906/74906v2-max-450x450.jpg"]],
    "attribution": null}],
 "external_links":
  [],
 "partners":
  []}
