{"name": "Advanced Cell Technology",
 "permalink": "advanced-cell-technology",
 "crunchbase_url": "http://www.crunchbase.com/company/advanced-cell-technology",
 "homepage_url": "http://www.advancedcell.com",
 "blog_url": "",
 "blog_feed_url": "",
 "twitter_username": "ACTregmed",
 "category_code": "biotech",
 "number_of_employees": null,
 "founded_year": 2007,
 "founded_month": null,
 "founded_day": null,
 "deadpooled_year": null,
 "deadpooled_month": null,
 "deadpooled_day": null,
 "deadpooled_url": null,
 "tag_list": "",
 "alias_list": "",
 "email_address": "info@advancedcell.com",
 "phone_number": "(310) 576 0611",
 "description": "Stem Cell Regenerative Medicine",
 "created_at": "Mon Dec 07 20:00:01 UTC 2009",
 "updated_at": "Tue Mar 25 11:19:09 UTC 2014",
 "overview": "\u003Cp\u003EAdvanced Cell Technology, Inc., a biotechnology company, focuses on the development and commercialization of human embryonic and adult stem cell technology in the field of regenerative medicine. It primarily focuses on cellular reprogramming, reduced complexity program, and stem cell differentiation research programs. The company\u00e2\u20ac\u2122s cellular reprogramming involves in the development of therapies based on the use of genetically identical pluripotent stem cells generated by its cellular reprogramming technologies. Advanced Cell Technology, Inc. is also generating stable cell lines with particular focus on blood lineage and vascular epithelial cell lines from hemangioblast cells. In addition, it is developing an autologous myoblast transplantation therapy to restore cardiac function in patients with advanced heart disease. The company\u00e2\u20ac\u2122s stem cell-based therapy would provide treatment for a range of acute and chronic degenerative diseases. Further, it develops adult stem cell-based products that are specifically targeted at therapies for heart and other cardiovascular diseases. The company is headquartered in Worcester, Massachusetts.\u003C/p\u003E",
 "image":
  {"available_sizes":
    [[[150,
       60],
      "http://api-images.crunchbase.com/assets/images/resized/0006/8772/68772v2-max-150x150.png"],
     [[226,
       91],
      "http://api-images.crunchbase.com/assets/images/resized/0006/8772/68772v2-max-250x250.png"],
     [[226,
       91],
      "http://api-images.crunchbase.com/assets/images/resized/0006/8772/68772v2-max-450x450.png"]],
   "attribution": null},
 "products":
  [],
 "relationships":
  [{"is_past": false,
    "title": "Chairman of the Board \u0026 CEO",
    "person":
     {"first_name": "Gary",
      "last_name": "Rabin",
      "permalink": "gary-rabin"}},
   {"is_past": false,
    "title": "CFO \u0026 EVP, Corporate Development",
    "person":
     {"first_name": "Ted",
      "last_name": "Myles",
      "permalink": "ted-myles"}},
   {"is_past": false,
    "title": "Chief Scientific Officer",
    "person":
     {"first_name": "Robert",
      "last_name": "Lanza",
      "permalink": "robert-lanza"}},
   {"is_past": false,
    "title": "Board of Directors",
    "person":
     {"first_name": "Michael",
      "last_name": "T. Heffernan",
      "permalink": "michael-t-heffernan"}},
   {"is_past": false,
    "title": "Senior Director, Manufacturing",
    "person":
     {"first_name": "Roger",
      "last_name": "Gay",
      "permalink": "roger-gay"}},
   {"is_past": false,
    "title": "Director, Operations",
    "person":
     {"first_name": "Rita",
      "last_name": "Parker",
      "permalink": "rita-parker"}},
   {"is_past": false,
    "title": "Board of Directors",
    "person":
     {"first_name": "Zohar",
      "last_name": "Loshitzer",
      "permalink": "zohar-loshitzer"}},
   {"is_past": false,
    "title": "Board of Directors",
    "person":
     {"first_name": "Robert",
      "last_name": "S. Langer",
      "permalink": "robert-s-langer"}},
   {"is_past": false,
    "title": "Director, Business Development",
    "person":
     {"first_name": "Matthew",
      "last_name": "Vincent",
      "permalink": "matthew-vincent"}},
   {"is_past": false,
    "title": "Controller",
    "person":
     {"first_name": "Kathy",
      "last_name": "Singh",
      "permalink": "kathy-singh"}},
   {"is_past": false,
    "title": "Board of Directors",
    "person":
     {"first_name": "Gregory",
      "last_name": "D. Perry",
      "permalink": "gregory-d-perry"}},
   {"is_past": true,
    "title": "Consultant",
    "person":
     {"first_name": "David",
      "last_name": "Levy",
      "permalink": "david-levy-4"}},
   {"is_past": true,
    "title": "Clinical Manufacturing \u0026 Product Development (Mytogen)",
    "person":
     {"first_name": "Roger",
      "last_name": "Gay",
      "permalink": "roger-gay"}},
   {"is_past": true,
    "title": "Board of Directors",
    "person":
     {"first_name": "Robert",
      "last_name": "Langer",
      "permalink": "robert-langer"}},
   {"is_past": true,
    "title": "Various roles",
    "person":
     {"first_name": "Robert",
      "last_name": "Lanza",
      "permalink": "robert-lanza"}},
   {"is_past": true,
    "title": "Outside Intellectual Property (IP) Counsel / Business Development Consultant",
    "person":
     {"first_name": "Matthew",
      "last_name": "Vincent",
      "permalink": "matthew-vincent"}}],
 "competitions":
  [],
 "providerships":
  [],
 "total_money_raised": "$27.8M",
 "funding_rounds":
  [{"id": 10001,
    "round_code": "debt_round",
    "source_url": "http://www.sec.gov/Archives/edgar/data/1140098/000101376209002255/xslFormDX01/primary_doc.xml",
    "source_description": "SEC",
    "raised_amount": 2777000.0,
    "raised_currency_code": "USD",
    "funded_year": 2009,
    "funded_month": 11,
    "funded_day": 12,
    "investments":
     []},
   {"id": 20744,
    "round_code": "unattributed",
    "source_url": "http://www.advancedcell.com/news-and-media/press-releases/advanced-cell-technology-secures-25-million-funding-commitment/",
    "source_description": "Advanced Cell Technology Secures $25 Million Funding Commitment",
    "raised_amount": 25000000.0,
    "raised_currency_code": "USD",
    "funded_year": 2011,
    "funded_month": 1,
    "funded_day": 2,
    "investments":
     []}],
 "investments":
  [],
 "acquisition": null,
 "acquisitions":
  [],
 "offices":
  [{"description": "",
    "address1": "P.O. Box 1700",
    "address2": "",
    "zip_code": "90406",
    "city": "Santa Monica",
    "state_code": "CA",
    "country_code": "USA",
    "latitude": null,
    "longitude": null},
   {"description": "",
    "address1": "381 Plantation Street",
    "address2": "Biotech V",
    "zip_code": "01605",
    "city": "Worcester",
    "state_code": "MA",
    "country_code": "USA",
    "latitude": null,
    "longitude": null}],
 "milestones":
  [{"id": 8309,
    "description": "Won 2 patents related to its stem cell-derived regenerative technology used to treat eye disorders",
    "stoned_year": 2010,
    "stoned_month": 9,
    "stoned_day": 14,
    "source_url": "http://www.masshightech.com/stories/2010/09/13/daily15-ACT-lands-patents-for-stem-cell-derived-eye-treatment.html",
    "source_text": null,
    "source_description": "ACT lands patents for stem cell-derived eye treatment",
    "stoneable_type": "Company",
    "stoned_value": null,
    "stoned_value_type": null,
    "stoned_acquirer": null,
    "stoneable":
     {"name": "Advanced Cell Technology",
      "permalink": "advanced-cell-technology"}},
   {"id": 8699,
    "description": "Advanced Cell Technology Inc. has completed Phase 1 human clinical trials of its myoblast program to treat heart failure.",
    "stoned_year": 2010,
    "stoned_month": 9,
    "stoned_day": 29,
    "source_url": "http://www.masshightech.com/stories/2010/09/27/daily34-ACT-moves-heart-failure-treatment-through-trials.html",
    "source_text": null,
    "source_description": "Mass High Tech",
    "stoneable_type": "Company",
    "stoned_value": null,
    "stoned_value_type": null,
    "stoned_acquirer": null,
    "stoneable":
     {"name": "Advanced Cell Technology",
      "permalink": "advanced-cell-technology"}},
   {"id": 10446,
    "description": "has filed an Investigational New Drug application with the U.S. Food and Drug Administration for its treatment of Dry Age-Related Macular Degeneration (Dry AMD). ",
    "stoned_year": 2010,
    "stoned_month": 11,
    "stoned_day": 30,
    "source_url": "http://www.masshightech.com/stories/2010/11/29/daily27-ACT-seeks-human-trials-of-its-stem-cell-linked-eye-treatment.html",
    "source_text": null,
    "source_description": "ACT seeks human trials of its stem cell-linked eye treatment",
    "stoneable_type": "Company",
    "stoned_value": null,
    "stoned_value_type": null,
    "stoned_acquirer": null,
    "stoneable":
     {"name": "Advanced Cell Technology",
      "permalink": "advanced-cell-technology"}},
   {"id": 10787,
    "description": "William M. Caldwell IV, chairman and CEO of Advanced Cell Technology Inc. of Marlborough, died Monday evening unexpectedly. ",
    "stoned_year": 2010,
    "stoned_month": 12,
    "stoned_day": 14,
    "source_url": "http://www.masshightech.com/stories/2010/12/13/daily29-ACT-chairman-CEO-Caldwell-dies.html",
    "source_text": null,
    "source_description": "ACT chairman, CEO Caldwell dies",
    "stoneable_type": "Company",
    "stoned_value": null,
    "stoned_value_type": null,
    "stoned_acquirer": null,
    "stoneable":
     {"name": "Advanced Cell Technology",
      "permalink": "advanced-cell-technology"}},
   {"id": 11184,
    "description": "has landed a $25 million financing and been cleared by the U.S. Food and Drug Administration for its Investigational New Drug application ",
    "stoned_year": 2011,
    "stoned_month": 1,
    "stoned_day": 3,
    "source_url": "http://www.masshightech.com/stories/2011/01/03/daily8-ACTs-Dry-AMD-therapy-boosted-by-25M-funding-FDA-clearance.html",
    "source_text": null,
    "source_description": "ACT's Dry AMD therapy boosted by $25M funding, FDA clearance",
    "stoneable_type": "Company",
    "stoned_value": null,
    "stoned_value_type": null,
    "stoned_acquirer": null,
    "stoneable":
     {"name": "Advanced Cell Technology",
      "permalink": "advanced-cell-technology"}}],
 "ipo":
  {"valuation_amount": null,
   "valuation_currency_code": "USD",
   "pub_year": 2005,
   "pub_month": 2,
   "pub_day": 11,
   "stock_symbol": "OTCMKTS:ACTC"},
 "video_embeds":
  [],
 "screenshots":
  [{"available_sizes":
     [[[150,
        97],
       "http://api-images.crunchbase.com/assets/images/resized/0008/2169/82169v1-max-150x150.jpg"],
      [[250,
        163],
       "http://api-images.crunchbase.com/assets/images/resized/0008/2169/82169v1-max-250x250.jpg"],
      [[450,
        293],
       "http://api-images.crunchbase.com/assets/images/resized/0008/2169/82169v1-max-450x450.jpg"]],
    "attribution": null}],
 "external_links":
  [],
 "partners":
  []}
