{"name": "Advanced Bionics",
 "permalink": "advanced-bionics",
 "crunchbase_url": "http://www.crunchbase.com/company/advanced-bionics",
 "homepage_url": "http://www.advancedbionics.com",
 "blog_url": "",
 "blog_feed_url": "",
 "twitter_username": null,
 "category_code": "other",
 "number_of_employees": null,
 "founded_year": 1993,
 "founded_month": null,
 "founded_day": null,
 "deadpooled_year": null,
 "deadpooled_month": null,
 "deadpooled_day": null,
 "deadpooled_url": null,
 "tag_list": "",
 "alias_list": "",
 "email_address": "hear@advancedbionics.com",
 "phone_number": "661-362-1400",
 "description": "",
 "created_at": "Tue Nov 10 05:40:52 UTC 2009",
 "updated_at": "Tue Nov 10 05:40:52 UTC 2009",
 "overview": "\u003Cp\u003EAdvanced Bionics Corporation develops implantable neurostimulation devices. The company develops and manufactures cochlear implants. Its devices restore hearing in the deaf and alleviate chronic pain. Advanced Bionics Corporation was founded in 1993 and is headquartered in Valencia, California with additional offices in Rixheim, France; Valencia, California; and Tokyo, Japan.\u003C/p\u003E",
 "image":
  {"available_sizes":
    [[[100,
       82],
      "http://api-images.crunchbase.com/assets/images/resized/0006/5583/65583v1-max-150x150.jpg"],
     [[100,
       82],
      "http://api-images.crunchbase.com/assets/images/resized/0006/5583/65583v1-max-250x250.jpg"],
     [[100,
       82],
      "http://api-images.crunchbase.com/assets/images/resized/0006/5583/65583v1-max-450x450.jpg"]],
   "attribution": null},
 "products":
  [],
 "relationships":
  [{"is_past": false,
    "title": "CEO",
    "person":
     {"first_name": "Alfred",
      "last_name": "E. Mann",
      "permalink": "alfred-e-mann-2"}},
   {"is_past": false,
    "title": "Co-Chief Executive Officer and President",
    "person":
     {"first_name": "Jeffrey",
      "last_name": "H. Greiner",
      "permalink": "jeffrey-h-greiner"}},
   {"is_past": true,
    "title": "Founder, Chairman of the Board and Chief Executive Officer",
    "person":
     {"first_name": "Alfred",
      "last_name": "E. Mann",
      "permalink": "alfred-e-mann-3"}},
   {"is_past": true,
    "title": "SVP \u0026 GM",
    "person":
     {"first_name": "Bob",
      "last_name": "Paulson",
      "permalink": "bob-paulson"}},
   {"is_past": true,
    "title": "Sales",
    "person":
     {"first_name": "James",
      "last_name": "Surek",
      "permalink": "james-surek"}},
   {"is_past": true,
    "title": "Director of Marketing",
    "person":
     {"first_name": "Mark",
      "last_name": "Estes",
      "permalink": "mark-estes"}},
   {"is_past": true,
    "title": "Director of Biostatistics and Clinical Data Management",
    "person":
     {"first_name": "Todd",
      "last_name": "Gross",
      "permalink": "todd-gross"}}],
 "competitions":
  [],
 "providerships":
  [],
 "total_money_raised": "$0",
 "funding_rounds":
  [],
 "investments":
  [],
 "acquisition":
  {"price_amount": null,
   "price_currency_code": "USD",
   "term_code": null,
   "source_url": "http://www.freshnews.com/news/240500/advanced-bionics-be-acquired-sonova",
   "source_description": "Advanced Bionics to Be Acquired by Sonova",
   "acquired_year": 2009,
   "acquired_month": 11,
   "acquired_day": 9,
   "acquiring_company":
    {"name": "Sonova Holding",
     "permalink": "sonova-holding"}},
 "acquisitions":
  [],
 "offices":
  [{"description": "",
    "address1": "25129 Rye Canyon Loop",
    "address2": "",
    "zip_code": "91355",
    "city": "Valencia",
    "state_code": "CA",
    "country_code": "USA",
    "latitude": null,
    "longitude": null}],
 "milestones":
  [],
 "ipo": null,
 "video_embeds":
  [],
 "screenshots":
  [],
 "external_links":
  [],
 "partners":
  []}
