{"name": "Advanced Innovations",
 "permalink": "advanced-innovations",
 "crunchbase_url": "http://www.crunchbase.com/company/advanced-innovations",
 "homepage_url": "http://www.advancedinnovationsinc.com",
 "blog_url": "",
 "blog_feed_url": "",
 "twitter_username": null,
 "category_code": "other",
 "number_of_employees": 40,
 "founded_year": 2003,
 "founded_month": 6,
 "founded_day": 1,
 "deadpooled_year": null,
 "deadpooled_month": null,
 "deadpooled_day": null,
 "deadpooled_url": null,
 "tag_list": "supply-chain, product-life-cycle-management, electronic-manufacturing, orchestration, integrated-supply-chain, electronic-design, agility",
 "alias_list": null,
 "email_address": "robert.odonnell@advancedinnovationsinc.com",
 "phone_number": "+1.256.585.4909",
 "description": "",
 "created_at": "Thu Nov 05 01:55:59 UTC 2009",
 "updated_at": "Thu Nov 05 05:29:51 UTC 2009",
 "overview": "\u003Cp\u003EAdvanced Innovations (AI) is a global provider of agile, end-to-end electronics product management solutions.  It\u0026#8217;s locally-based professionals strategically partner with OEMs that seek to add electronic enhancements to their products, software companies that require electronic hardware to deliver their solutions, and brand owners and entrepreneurs that want to keep their organizations asset-light. Supported by innovative technology that allows for true collaboration and transparency, they design, model, scale and manage the complete lifecycle of their products. AI\u0026#8217;s customized innovation support services and supply chain solutions \u00e2\u20ac\u201c built on a foundation of deep business intelligence \u00e2\u20ac\u201c utilize the optimal resources wherever they may be geographically located, enabling client agility and competitiveness in today\u00e2\u20ac\u2122s dynamic, global marketplace.\u003C/p\u003E\n\n\u003Cp\u003EAI develops, manages and maintains a community of electronic product designers and manufacturers from which it develops individual, agile, disruptive supply chains for its customers. It conducts operations in Ireland, China, Canada, India, UK and USA. For more information please visit www.advancedinnovationsinc.com\u003C/p\u003E",
 "image":
  {"available_sizes":
    [[[150,
       56],
      "http://api-images.crunchbase.com/assets/images/resized/0006/4956/64956v2-max-150x150.jpg"],
     [[250,
       93],
      "http://api-images.crunchbase.com/assets/images/resized/0006/4956/64956v2-max-250x250.jpg"],
     [[404,
       151],
      "http://api-images.crunchbase.com/assets/images/resized/0006/4956/64956v2-max-450x450.jpg"]],
   "attribution": null},
 "products":
  [],
 "relationships":
  [{"is_past": false,
    "title": "CIO",
    "person":
     {"first_name": "Michael",
      "last_name": "Higgins",
      "permalink": "michael-higgins"}},
   {"is_past": true,
    "title": "CEO",
    "person":
     {"first_name": "Robert",
      "last_name": "O Donnell",
      "permalink": "robert-o-donnell"}},
   {"is_past": true,
    "title": "CFO",
    "person":
     {"first_name": "Donagh",
      "last_name": "Mullins",
      "permalink": "donagh-mullins"}},
   {"is_past": true,
    "title": "SVP Marketing \u0026 Strategy",
    "person":
     {"first_name": "Simon",
      "last_name": "O Keeffe",
      "permalink": "simon-o-keeffe"}},
   {"is_past": true,
    "title": "EVP Business Development",
    "person":
     {"first_name": "Jim",
      "last_name": "Devlin",
      "permalink": "jim-devlin"}}],
 "competitions":
  [],
 "providerships":
  [{"title": "Communications",
    "is_past": false,
    "provider":
     {"name": "CopperKatz",
      "permalink": "copperkatz"}},
   {"title": "Legal",
    "is_past": false,
    "provider":
     {"name": "Fees \u0026 Burgess",
      "permalink": "fees-burgess"}}],
 "total_money_raised": "$0",
 "funding_rounds":
  [],
 "investments":
  [],
 "acquisition": null,
 "acquisitions":
  [],
 "offices":
  [{"description": "North American HQ",
    "address1": "659 S Washington St",
    "address2": "",
    "zip_code": "22314",
    "city": "Alexandria",
    "state_code": "VA",
    "country_code": "USA",
    "latitude": null,
    "longitude": null},
   {"description": "N American Op's Centre",
    "address1": "8004 Charlotte Drive",
    "address2": "",
    "zip_code": "35802",
    "city": "Huntsville",
    "state_code": "AL",
    "country_code": "USA",
    "latitude": null,
    "longitude": null},
   {"description": "Global HQ",
    "address1": "The International Business Centre",
    "address2": "The National Technology Park",
    "zip_code": "",
    "city": "Limerick",
    "state_code": null,
    "country_code": "IRL",
    "latitude": null,
    "longitude": null},
   {"description": "Asia Operations Centre",
    "address1": "3038 Jin Tian Road",
    "address2": "Fu Tian District",
    "zip_code": "",
    "city": "Shenzhen",
    "state_code": null,
    "country_code": "CHN",
    "latitude": null,
    "longitude": null}],
 "milestones":
  [],
 "ipo": null,
 "video_embeds":
  [],
 "screenshots":
  [],
 "external_links":
  [{"external_url": "http://www.advancedinnovationsinc.com",
    "title": "Advanced Innovations"}],
 "partners":
  []}
