{"name": "Advebs",
 "permalink": "advebs",
 "crunchbase_url": "http://www.crunchbase.com/company/advebs",
 "homepage_url": "http://www.advebs.com",
 "blog_url": "",
 "blog_feed_url": "",
 "twitter_username": "Interstage",
 "category_code": "enterprise",
 "number_of_employees": 11,
 "founded_year": null,
 "founded_month": null,
 "founded_day": null,
 "deadpooled_year": 2010,
 "deadpooled_month": 2,
 "deadpooled_day": 10,
 "deadpooled_url": "",
 "tag_list": "cloud-apps, proposal-management, workflows, e-signatures, sales--marketing, referral-marketing, yellow-page-directory-marketing",
 "alias_list": null,
 "email_address": "info@advebs.com",
 "phone_number": "(408) 512-1300",
 "description": "Cloud Apps for Sales \u0026 Marketing",
 "created_at": "Fri Oct 16 16:07:39 UTC 2009",
 "updated_at": "Tue Oct 22 05:26:44 UTC 2013",
 "overview": "\u003Cp\u003EAdvebs builds cloud platform \u0026amp; applications for Sales \u0026amp; Marketing. More information is available at: http://www.advebs.com\u003C/p\u003E",
 "image":
  {"available_sizes":
    [[[127,
       40],
      "http://api-images.crunchbase.com/assets/images/resized/0006/2964/62964v2-max-150x150.jpg"],
     [[127,
       40],
      "http://api-images.crunchbase.com/assets/images/resized/0006/2964/62964v2-max-250x250.jpg"],
     [[127,
       40],
      "http://api-images.crunchbase.com/assets/images/resized/0006/2964/62964v2-max-450x450.jpg"]],
   "attribution": null},
 "products":
  [],
 "relationships":
  [{"is_past": false,
    "title": "Founder, CEO",
    "person":
     {"first_name": "Ramesh",
      "last_name": "Pai",
      "permalink": "ramesh-pai"}},
   {"is_past": false,
    "title": "Founder, COO",
    "person":
     {"first_name": "Apoorva",
      "last_name": "Bhatt",
      "permalink": "apoorva-bhatt"}}],
 "competitions":
  [{"competitor":
     {"name": "RightSignature",
      "permalink": "rightsignature"}},
   {"competitor":
     {"name": "Zapproved",
      "permalink": "zapproved"}},
   {"competitor":
     {"name": "EchoSign",
      "permalink": "echosign"}}],
 "providerships":
  [],
 "total_money_raised": "$980k",
 "funding_rounds":
  [{"id": 9166,
    "round_code": "seed",
    "source_url": "",
    "source_description": "",
    "raised_amount": 980000.0,
    "raised_currency_code": "USD",
    "funded_year": 2008,
    "funded_month": 12,
    "funded_day": 5,
    "investments":
     []}],
 "investments":
  [],
 "acquisition": null,
 "acquisitions":
  [],
 "offices":
  [{"description": "HQ",
    "address1": "440 N Wolfe Rd",
    "address2": "",
    "zip_code": "94085",
    "city": "Sunnyvale",
    "state_code": "CA",
    "country_code": "USA",
    "latitude": null,
    "longitude": null}],
 "milestones":
  [],
 "ipo": null,
 "video_embeds":
  [],
 "screenshots":
  [{"available_sizes":
     [[[135,
        150],
       "http://api-images.crunchbase.com/assets/images/resized/0006/2963/62963v2-max-150x150.png"],
      [[226,
        250],
       "http://api-images.crunchbase.com/assets/images/resized/0006/2963/62963v2-max-250x250.png"],
      [[407,
        450],
       "http://api-images.crunchbase.com/assets/images/resized/0006/2963/62963v2-max-450x450.png"]],
    "attribution": null}],
 "external_links":
  [{"external_url": "http://finance.yahoo.com/news/Flowlett-Proposal-Management-prnews-1799097888.html?x=0\u0026.v=1",
    "title": ""}],
 "partners":
  []}
