{"name": "AdvertiseInEurope.com",
 "permalink": "advertiseineurope-com",
 "crunchbase_url": "http://www.crunchbase.com/company/advertiseineurope-com",
 "homepage_url": "http://www.advertiseineurope.com",
 "blog_url": "",
 "blog_feed_url": "",
 "twitter_username": "b2b_marketplace",
 "category_code": "ecommerce",
 "number_of_employees": 1,
 "founded_year": 2008,
 "founded_month": 7,
 "founded_day": 18,
 "deadpooled_year": null,
 "deadpooled_month": null,
 "deadpooled_day": null,
 "deadpooled_url": null,
 "tag_list": "b2b-marketplace, trade-portal, import-export-directory, b2b-europe",
 "alias_list": null,
 "email_address": "virtualpriority@gmx.com",
 "phone_number": "+1.204.942.4762",
 "description": "European b2b trade portal",
 "created_at": "Tue Sep 08 03:54:20 UTC 2009",
 "updated_at": "Tue Mar 02 23:07:28 UTC 2010",
 "overview": "\u003Cp\u003EAdvertiseInEurope.com is a European B2B marketplace and import export directory.\u003C/p\u003E\n\n\u003Cp\u003EThe core purpose of our European business to business trade portal is to put into operation an e-commerce platform packed with characteristics that allow members to carry out a wide range of industry practices.\u003C/p\u003E",
 "image":
  {"available_sizes":
    [[[150,
       36],
      "http://api-images.crunchbase.com/assets/images/resized/0005/9059/59059v2-max-150x150.png"],
     [[250,
       60],
      "http://api-images.crunchbase.com/assets/images/resized/0005/9059/59059v2-max-250x250.png"],
     [[250,
       60],
      "http://api-images.crunchbase.com/assets/images/resized/0005/9059/59059v2-max-450x450.png"]],
   "attribution": null},
 "products":
  [],
 "relationships":
  [],
 "competitions":
  [],
 "providerships":
  [],
 "total_money_raised": "$0",
 "funding_rounds":
  [],
 "investments":
  [],
 "acquisition": null,
 "acquisitions":
  [],
 "offices":
  [],
 "milestones":
  [{"id": 2074,
    "description": "AdvertiseInEurope.com is proud to announce the celebration of its one year existence on the World Wide Web. The rationale behind this European business to business or B2B trade portal is to operate an e-commerce platform crammed with characteristics that ",
    "stoned_year": 2009,
    "stoned_month": 7,
    "stoned_day": 18,
    "source_url": "http://www.free-press-release.com/news/200907/1248642970.html",
    "source_text": null,
    "source_description": "AdvertiseInEurope.com - European B2B Marketplace Celebrates One Year Of Online Business",
    "stoneable_type": "Company",
    "stoned_value": null,
    "stoned_value_type": null,
    "stoned_acquirer": null,
    "stoneable":
     {"name": "AdvertiseInEurope.com",
      "permalink": "advertiseineurope-com"}}],
 "ipo": null,
 "video_embeds":
  [],
 "screenshots":
  [{"available_sizes":
     [[[120,
        150],
       "http://api-images.crunchbase.com/assets/images/resized/0005/9419/59419v2-max-150x150.jpg"],
      [[200,
        250],
       "http://api-images.crunchbase.com/assets/images/resized/0005/9419/59419v2-max-250x250.jpg"],
      [[250,
        312],
       "http://api-images.crunchbase.com/assets/images/resized/0005/9419/59419v2-max-450x450.jpg"]],
    "attribution": null}],
 "external_links":
  [{"external_url": "http://www.prlog.org/10298689-advertiseineuropecom-b2b-marketplace-introduces-streaming-video-technology.html",
    "title": "AdvertiseInEurope.com B2B Marketplace Introduces Streaming Video Technology"},
   {"external_url": "http://www.groovygecko.com/newsandevents/industry/b2b-site-launches-video-streaming",
    "title": "B2B Site Launches Video Streaming"},
   {"external_url": "http://b2btradeportal.livejournal.com/",
    "title": "Small Business Advertising In Recession Times"},
   {"external_url": "http://ezinearticles.com/?Take-Advantage-of-B2B-Marketplaces\u0026id=3188113",
    "title": "Take Advantage of B2B Marketplaces"},
   {"external_url": "http://bx.businessweek.com/business-analysis/trends-in-the-b2b-markets/6009390759890603280-f119104b34e109c357eda806cff9c51d/#145676",
    "title": "Trends In The B2B Markets"},
   {"external_url": "http://www.bigstartups.com/advertiseineurope",
    "title": "AdvertiseInEurope.com's Startup Profile on BigStartups"},
   {"external_url": "http://www.pr-inside.com/advertiseineurope-com-announces-industry-r1723819.htm",
    "title": "AdvertiseInEurope.com Announces Industry Trend Analysis Services"},
   {"external_url": "http://social.peoplestring.com/portal/blog/9497/",
    "title": "Blog"},
   {"external_url": "http://www.siteadvisor.com/sites/www.advertiseineurope.com",
    "title": "Website Safety Ratings and Secure Search"}],
 "partners":
  []}
