{"name": "AdvisorMed",
 "permalink": "advisormed",
 "crunchbase_url": "http://www.crunchbase.com/company/advisormed",
 "homepage_url": "http://www.advisormed.com",
 "blog_url": "http://advisormed.blogspot.com/",
 "blog_feed_url": "",
 "twitter_username": "advisormed",
 "category_code": "web",
 "number_of_employees": null,
 "founded_year": null,
 "founded_month": null,
 "founded_day": null,
 "deadpooled_year": null,
 "deadpooled_month": null,
 "deadpooled_day": null,
 "deadpooled_url": null,
 "tag_list": "healthcare-ratings, healthcare-reviews, healthcare-rankings, physicians, hospitals, nursing-homes, home-health-care",
 "alias_list": null,
 "email_address": "info@advisormed.com",
 "phone_number": "",
 "description": "Ratings",
 "created_at": "Sat Dec 26 18:11:36 UTC 2009",
 "updated_at": "Sat Dec 26 20:28:01 UTC 2009",
 "overview": "\u003Cp\u003EAdvisorMed.com is a free, online report card featuring physicians, hospitals, nursing homes and home healthcare agencies.  Our goal is to help our consumers with their healthcare choices.\u003C/p\u003E\n\n\u003Cp\u003EAdvisorMed is the place all consumers come to receive trusted unbiased information on healthcare providers.\u003C/p\u003E\n\n\u003Cp\u003EHow do I select the \u00e2\u20ac\u0153best\u00e2\u20ac\u009d healthcare provider for my loved one?\u003C/p\u003E\n\n\u003Cp\u003E\u00e2\u20ac\u00a2  Which surgeon should I choose to operate on my heart condition?\n\u00e2\u20ac\u00a2  Will this home care provider help my dad, so he doesn\u00e2\u20ac\u2122t return to the hospital?\n\u00e2\u20ac\u00a2  Can this hospital provide the very best care for my daughter\u00e2\u20ac\u2122s illness?\n\u00e2\u20ac\u00a2  Which is the best nursing home for my grandfather?\u003C/p\u003E\n\n\u003Cp\u003EConsumers are encouraged to talk to physicians, tour facilities, speak with staff, consult family members/friends, and research the internet.\u003C/p\u003E\n\n\u003Cp\u003EThe problem is taking that information, processing it, to arrive at the \u00e2\u20ac\u0153best\u00e2\u20ac\u009d possible conclusion.  \u003C/p\u003E\n\n\u003Cp\u003EAdvisorMed\u00e2\u20ac\u2122s has created the solution \u00e2\u20ac\u201c The Favorability Index.\u003C/p\u003E\n\n\u003Cp\u003EAdvisorMed\u00e2\u20ac\u2122s Favorability Index ranks healthcare providers based on national standardized public data and AdvisorMed user reviews.  It helps consumers process the information to reach the \u00e2\u20ac\u0153best\u00e2\u20ac\u009d possible conclusion.  Our completely organic ranking system is continuously incorporating new, unbiased information based on both the good and the bad.\u003C/p\u003E\n\n\u003Cp\u003EAdvisorMed.com is long overdue.  \u003C/p\u003E\n\n\u003Cp\u003ENow consumers have complete information to make truly informed decisions.  \u003C/p\u003E",
 "image":
  {"available_sizes":
    [[[150,
       32],
      "http://api-images.crunchbase.com/assets/images/resized/0007/1202/71202v2-max-150x150.png"],
     [[250,
       54],
      "http://api-images.crunchbase.com/assets/images/resized/0007/1202/71202v2-max-250x250.png"],
     [[450,
       98],
      "http://api-images.crunchbase.com/assets/images/resized/0007/1202/71202v2-max-450x450.png"]],
   "attribution": null},
 "products":
  [],
 "relationships":
  [{"is_past": false,
    "title": "CEO and Founder",
    "person":
     {"first_name": "James",
      "last_name": "Taylor",
      "permalink": "james-taylor-2"}},
   {"is_past": false,
    "title": "CTO and Founder",
    "person":
     {"first_name": "Michael",
      "last_name": "Taylor",
      "permalink": "michael-taylor-2"}}],
 "competitions":
  [],
 "providerships":
  [],
 "total_money_raised": "$0",
 "funding_rounds":
  [],
 "investments":
  [],
 "acquisition": null,
 "acquisitions":
  [],
 "offices":
  [],
 "milestones":
  [],
 "ipo": null,
 "video_embeds":
  [],
 "screenshots":
  [{"available_sizes":
     [[[150,
        125],
       "http://api-images.crunchbase.com/assets/images/resized/0007/1201/71201v2-max-150x150.jpg"],
      [[250,
        208],
       "http://api-images.crunchbase.com/assets/images/resized/0007/1201/71201v2-max-250x250.jpg"],
      [[450,
        375],
       "http://api-images.crunchbase.com/assets/images/resized/0007/1201/71201v2-max-450x450.jpg"]],
    "attribution": null}],
 "external_links":
  [],
 "partners":
  []}
