{"name": "AEG Digital Media",
 "permalink": "aeg-digital-media",
 "crunchbase_url": "http://www.crunchbase.com/company/aeg-digital-media",
 "homepage_url": "http://aegdigitalmedia.com",
 "blog_url": "",
 "blog_feed_url": "",
 "twitter_username": "AEGdm",
 "category_code": null,
 "number_of_employees": null,
 "founded_year": 2009,
 "founded_month": 10,
 "founded_day": 1,
 "deadpooled_year": null,
 "deadpooled_month": null,
 "deadpooled_day": null,
 "deadpooled_url": null,
 "tag_list": null,
 "alias_list": "",
 "email_address": "",
 "phone_number": "",
 "description": "",
 "created_at": "Fri Oct 09 13:03:26 UTC 2009",
 "updated_at": "Wed May 22 13:58:22 UTC 2013",
 "overview": "\u003Cp\u003EAEG Digital Media is a multiplatform and multimedia production division of AEG founded in 2009 which creates, produces and distributes content across television, mobile and broadband platforms, focusing on music, sports, reality and special event programming throughout the world. AEG Digital Media\u00e2\u20ac\u2122s state-of-the-art, $25 million production studios overlook L.A. LIVE, the recently opened $2.5 billion, four-million-square foot sports, residential and entertainment district developed and operated by AEG adjacent to STAPLES Center in downtown Los Angeles. \u003C/p\u003E",
 "image":
  {"available_sizes":
    [[[150,
       57],
      "http://api-images.crunchbase.com/assets/images/resized/0010/4865/104865v2-max-150x150.png"],
     [[250,
       95],
      "http://api-images.crunchbase.com/assets/images/resized/0010/4865/104865v2-max-250x250.png"],
     [[450,
       171],
      "http://api-images.crunchbase.com/assets/images/resized/0010/4865/104865v2-max-450x450.png"]],
   "attribution": null},
 "products":
  [],
 "relationships":
  [{"is_past": false,
    "title": "VP, Technical Services \u0026 Operations",
    "person":
     {"first_name": "Joe",
      "last_name": "Einstein",
      "permalink": "joe-einstein"}},
   {"is_past": false,
    "title": "President",
    "person":
     {"first_name": "Bryan",
      "last_name": "Perez",
      "permalink": "bryan-perez"}},
   {"is_past": false,
    "title": "VP, Product \u0026 Development",
    "person":
     {"first_name": "Ben",
      "last_name": "Rolling",
      "permalink": "ben-rolling"}},
   {"is_past": true,
    "title": "Solutions Architect",
    "person":
     {"first_name": "Elissa",
      "last_name": "Merola",
      "permalink": "elissa-merola"}},
   {"is_past": true,
    "title": "Director, Product Deployment",
    "person":
     {"first_name": "Elissa",
      "last_name": "Merola",
      "permalink": "elissa-merola"}},
   {"is_past": true,
    "title": "Technical Producer",
    "person":
     {"first_name": "Bruce",
      "last_name": "Lim",
      "permalink": "bruce-lim"}},
   {"is_past": true,
    "title": "Social Media \u0026 Marketing Assistant",
    "person":
     {"first_name": "Matthew",
      "last_name": "Miltenberger",
      "permalink": "matthew-miltenberger"}}],
 "competitions":
  [],
 "providerships":
  [],
 "total_money_raised": "$0",
 "funding_rounds":
  [],
 "investments":
  [],
 "acquisition": null,
 "acquisitions":
  [{"price_amount": null,
    "price_currency_code": "USD",
    "term_code": null,
    "source_url": "http://incitedmedia.com/news_press_aeg.php",
    "source_description": "AEG Acquires Incited Media",
    "acquired_year": 2009,
    "acquired_month": 10,
    "acquired_day": 5,
    "company":
     {"name": "Incited Media",
      "permalink": "incited-media"}}],
 "offices":
  [{"description": "AEG Digital Media",
    "address1": "800 West Olympic Blvd",
    "address2": "",
    "zip_code": "90015",
    "city": "Los Angeles",
    "state_code": "CA",
    "country_code": "USA",
    "latitude": null,
    "longitude": null}],
 "milestones":
  [],
 "ipo": null,
 "video_embeds":
  [],
 "screenshots":
  [],
 "external_links":
  [{"external_url": "http://aegdm.com",
    "title": "AEG Digital Media"}],
 "partners":
  []}
