{"name": "Aepona",
 "permalink": "aepona",
 "crunchbase_url": "http://www.crunchbase.com/company/aepona",
 "homepage_url": "http://www.aepona.com",
 "blog_url": "",
 "blog_feed_url": "",
 "twitter_username": "Aepona",
 "category_code": "network_hosting",
 "number_of_employees": null,
 "founded_year": 1999,
 "founded_month": null,
 "founded_day": null,
 "deadpooled_year": null,
 "deadpooled_month": null,
 "deadpooled_day": null,
 "deadpooled_url": null,
 "tag_list": "",
 "alias_list": "",
 "email_address": "",
 "phone_number": "44 28 9026 9100",
 "description": "application-led products",
 "created_at": "Wed Mar 03 08:54:26 UTC 2010",
 "updated_at": "Fri Jan 10 22:49:35 UTC 2014",
 "overview": "\u003Cp\u003EAepona Ltd. provides application-led products and services to telecommunications operators worldwide. Its Universal Service Platform allows service creation and implementation to be carried out within the service network from underlying network resources. Aepona, Ltd. serves customers in Europe, North America, and South East Asia. \u003C/p\u003E\n\n\u003Cp\u003EThe company was founded in 1999 and is headquartered in Belfast, United Kingdom. Aepona Ltd. is a former subsidiary of ApiON Ltd. \u003C/p\u003E",
 "image":
  {"available_sizes":
    [[[150,
       46],
      "http://api-images.crunchbase.com/assets/images/resized/0007/8892/78892v1-max-150x150.png"],
     [[241,
       74],
      "http://api-images.crunchbase.com/assets/images/resized/0007/8892/78892v1-max-250x250.png"],
     [[241,
       74],
      "http://api-images.crunchbase.com/assets/images/resized/0007/8892/78892v1-max-450x450.png"]],
   "attribution": null},
 "products":
  [],
 "relationships":
  [{"is_past": true,
    "title": "SVP, Corporate \u0026 Business Development",
    "person":
     {"first_name": "Kevin",
      "last_name": "Wagner",
      "permalink": "kevin-wagner-2"}},
   {"is_past": true,
    "title": "SVP \u0026 GM, Cloud Services Broker",
    "person":
     {"first_name": "Mohan",
      "last_name": "Sadashiva",
      "permalink": "mohan-sadashiva-2"}},
   {"is_past": true,
    "title": "Non-exec Director",
    "person":
     {"first_name": "Brian",
      "last_name": "Caulfield",
      "permalink": "brian-caulfield"}},
   {"is_past": true,
    "title": "Board Member",
    "person":
     {"first_name": "John",
      "last_name": "Albright",
      "permalink": "john-albright"}},
   {"is_past": true,
    "title": "Product Manager",
    "person":
     {"first_name": "Ross",
      "last_name": "Garrett",
      "permalink": "ross-garrett"}},
   {"is_past": true,
    "title": "Board Director",
    "person":
     {"first_name": "Andrea",
      "last_name": "Traversone",
      "permalink": "andrea-traversone"}},
   {"is_past": true,
    "title": "Director Product Management",
    "person":
     {"first_name": "Ross",
      "last_name": "Garrett",
      "permalink": "ross-garrett"}},
   {"is_past": true,
    "title": "Senior Software Engineer \u0026 Team Lead",
    "person":
     {"first_name": "Colin",
      "last_name": "Foy",
      "permalink": "colin-foy"}},
   {"is_past": true,
    "title": "Non-Executive Director (Board Member)",
    "person":
     {"first_name": "Oren",
      "last_name": "Michels",
      "permalink": "oren-michels"}}],
 "competitions":
  [],
 "providerships":
  [],
 "total_money_raised": "$40M",
 "funding_rounds":
  [{"id": 12585,
    "round_code": "c",
    "source_url": "http://www.aepona.com/news/?id=11",
    "source_description": "Aepona Raises $10M in New Financing Round",
    "raised_amount": 10000000.0,
    "raised_currency_code": "USD",
    "funded_year": 2007,
    "funded_month": 2,
    "funded_day": 5,
    "investments":
     [{"company": null,
       "financial_org":
        {"name": "Amadeus Capital Partners",
         "permalink": "amadeus-capital-partners"},
       "person": null},
      {"company": null,
       "financial_org":
        {"name": "Trinity Ventures",
         "permalink": "trinity-ventures"},
       "person": null},
      {"company": null,
       "financial_org":
        {"name": "Polaris Partners",
         "permalink": "polaris-partners"},
       "person": null}]},
   {"id": 16723,
    "round_code": "c",
    "source_url": "http://www.aepona.com/news/",
    "source_description": "Aepona Announces Completion of Strategic Investment by SAP Ventures",
    "raised_amount": 10000000.0,
    "raised_currency_code": "USD",
    "funded_year": 2010,
    "funded_month": 6,
    "funded_day": 30,
    "investments":
     [{"company": null,
       "financial_org":
        {"name": "SAP Ventures",
         "permalink": "sap-ventures"},
       "person": null},
      {"company": null,
       "financial_org":
        {"name": "Sutter Hill Ventures",
         "permalink": "sutter-hill-ventures"},
       "person": null},
      {"company": null,
       "financial_org":
        {"name": "Polaris Partners",
         "permalink": "polaris-partners"},
       "person": null},
      {"company": null,
       "financial_org":
        {"name": "Amadeus Capital Partners",
         "permalink": "amadeus-capital-partners"},
       "person": null},
      {"company": null,
       "financial_org":
        {"name": "Nordic Venture Partners",
         "permalink": "nordic-venture-partners"},
       "person": null},
      {"company": null,
       "financial_org":
        {"name": "Innovacom",
         "permalink": "innovacom"},
       "person": null},
      {"company": null,
       "financial_org":
        {"name": "RBC Venture Partners",
         "permalink": "rbc-venture-partners"},
       "person": null},
      {"company": null,
       "financial_org":
        {"name": "Relay Ventures",
         "permalink": "relay-ventures"},
       "person": null}]},
   {"id": 18706,
    "round_code": "b",
    "source_url": "http://www.lightreading.com/document.asp?doc_id=70136",
    "source_description": "AePona Raises $20M",
    "raised_amount": 20000000.0,
    "raised_currency_code": "USD",
    "funded_year": 2005,
    "funded_month": 3,
    "funded_day": 4,
    "investments":
     [{"company": null,
       "financial_org":
        {"name": "Invest Northern Ireland",
         "permalink": "invest-northern-ireland"},
       "person": null},
      {"company": null,
       "financial_org":
        {"name": "Amadeus Capital Partners",
         "permalink": "amadeus-capital-partners"},
       "person": null},
      {"company": null,
       "financial_org":
        {"name": "Polaris Partners",
         "permalink": "polaris-partners"},
       "person": null},
      {"company": null,
       "financial_org":
        {"name": "Trinity Ventures",
         "permalink": "trinity-ventures"},
       "person": null}]}],
 "investments":
  [],
 "acquisition":
  {"price_amount": 80000000.0,
   "price_currency_code": "GBP",
   "term_code": null,
   "source_url": "http://www.finsmes.com/2013/04/intel-acquires-aepona.html",
   "source_description": "Intel Acquires Aepona",
   "acquired_year": 2013,
   "acquired_month": 4,
   "acquired_day": 28,
   "acquiring_company":
    {"name": "Intel",
     "permalink": "intel"}},
 "acquisitions":
  [],
 "offices":
  [{"description": "HQ",
    "address1": "20-24 York Street",
    "address2": "Interpoint Building",
    "zip_code": "BT15 1AQ",
    "city": "Belfast",
    "state_code": null,
    "country_code": "GBR",
    "latitude": null,
    "longitude": null}],
 "milestones":
  [{"id": 6419,
    "description": "Aepona Receives Strategic Investment from SAP Ventures",
    "stoned_year": 2010,
    "stoned_month": 7,
    "stoned_day": 1,
    "source_url": "http://www.finsmes.com/2010/07/aepona-receives-strategic-investment.html",
    "source_text": null,
    "source_description": "Aepona Receives Strategic Investment from SAP Ventures",
    "stoneable_type": "Company",
    "stoned_value": null,
    "stoned_value_type": null,
    "stoned_acquirer": null,
    "stoneable":
     {"name": "Aepona",
      "permalink": "aepona"}},
   {"id": 6420,
    "description": "Aepona Raises $10M in funding round led by BlackBerry Partners Fund",
    "stoned_year": 2010,
    "stoned_month": 5,
    "stoned_day": 6,
    "source_url": "http://www.finsmes.com/2010/05/aepona-raises-10m.html",
    "source_text": null,
    "source_description": "Aepona Raises $10M",
    "stoneable_type": "Company",
    "stoned_value": null,
    "stoned_value_type": null,
    "stoned_acquirer": null,
    "stoneable":
     {"name": "Aepona",
      "permalink": "aepona"}}],
 "ipo": null,
 "video_embeds":
  [],
 "screenshots":
  [],
 "external_links":
  [],
 "partners":
  []}
