{"name": "AeroFarms",
 "permalink": "aerofarms",
 "crunchbase_url": "http://www.crunchbase.com/company/aerofarms",
 "homepage_url": "http://www.aerofarms.com",
 "blog_url": "",
 "blog_feed_url": "",
 "twitter_username": "AeroFarms",
 "category_code": "cleantech",
 "number_of_employees": null,
 "founded_year": 2004,
 "founded_month": null,
 "founded_day": null,
 "deadpooled_year": null,
 "deadpooled_month": null,
 "deadpooled_day": null,
 "deadpooled_url": "",
 "tag_list": "",
 "alias_list": "",
 "email_address": "info@aerofarms.com",
 "phone_number": "",
 "description": "Urban Agriculture",
 "created_at": "Tue Feb 09 20:12:52 UTC 2010",
 "updated_at": "Sat Nov 30 05:55:12 UTC 2013",
 "overview": "\u003Cp\u003EAeroFarms is an urban agricultural company which provides aeroponic growing system that grow and produce with neither soil or sun, in any location. \u003C/p\u003E\n\n\u003Cp\u003EThis is all posible due to the nature of their modular stackable systems which are easy to store as well as enabling of local production of pesticide free, greens. This allows the food production system to become more sustainable, efficient, and safe by creating commercial-scale farming in urban centers. \u003C/p\u003E",
 "image":
  {"available_sizes":
    [[[150,
       39],
      "http://api-images.crunchbase.com/assets/images/resized/0007/6512/76512v1-max-150x150.png"],
     [[250,
       65],
      "http://api-images.crunchbase.com/assets/images/resized/0007/6512/76512v1-max-250x250.png"],
     [[259,
       68],
      "http://api-images.crunchbase.com/assets/images/resized/0007/6512/76512v1-max-450x450.png"]],
   "attribution": null},
 "products":
  [],
 "relationships":
  [{"is_past": false,
    "title": "Founder \u0026 Chief Executive Officer",
    "person":
     {"first_name": "Ed",
      "last_name": "Harwood",
      "permalink": "ed-harwood"}},
   {"is_past": false,
    "title": "Chief Marketing Officer and Co-Founder",
    "person":
     {"first_name": "Marc",
      "last_name": "Oshima",
      "permalink": "marc-oshima"}},
   {"is_past": false,
    "title": "Board of Directors",
    "person":
     {"first_name": "David",
      "last_name": "Anthony",
      "permalink": "david-anthony"}}],
 "competitions":
  [],
 "providerships":
  [],
 "total_money_raised": "$500k",
 "funding_rounds":
  [{"id": 11899,
    "round_code": "seed",
    "source_url": "http://www.businesswire.com/portal/site/home/permalink/?ndmViewId=news_view\u0026newsId=20100208006298\u0026newsLang=en",
    "source_description": "AeroFarms Raises $500,000 in Seed Funding",
    "raised_amount": 500000.0,
    "raised_currency_code": "USD",
    "funded_year": 2010,
    "funded_month": 2,
    "funded_day": 8,
    "investments":
     [{"company": null,
       "financial_org":
        {"name": "21Ventures",
         "permalink": "21ventures"},
       "person": null}]}],
 "investments":
  [],
 "acquisition": null,
 "acquisitions":
  [],
 "offices":
  [{"description": "",
    "address1": "1114 Hanshaw Rd",
    "address2": "Ithaca",
    "zip_code": "14850-2744",
    "city": "New York",
    "state_code": "NY",
    "country_code": "USA",
    "latitude": null,
    "longitude": null}],
 "milestones":
  [],
 "ipo": null,
 "video_embeds":
  [],
 "screenshots":
  [{"available_sizes":
     [[[150,
        100],
       "http://api-images.crunchbase.com/assets/images/resized/0007/6514/76514v1-max-150x150.tiff"],
      [[250,
        166],
       "http://api-images.crunchbase.com/assets/images/resized/0007/6514/76514v1-max-250x250.tiff"],
      [[450,
        300],
       "http://api-images.crunchbase.com/assets/images/resized/0007/6514/76514v1-max-450x450.tiff"]],
    "attribution": null}],
 "external_links":
  [],
 "partners":
  []}
