{"name": "Affective Interfaces",
 "permalink": "affective-interfaces",
 "crunchbase_url": "http://www.crunchbase.com/company/affective-interfaces",
 "homepage_url": "http://affectiveinterfaces.com",
 "blog_url": "",
 "blog_feed_url": "",
 "twitter_username": "affectmetrics",
 "category_code": "other",
 "number_of_employees": 7,
 "founded_year": 2007,
 "founded_month": 3,
 "founded_day": null,
 "deadpooled_year": null,
 "deadpooled_month": null,
 "deadpooled_day": null,
 "deadpooled_url": null,
 "tag_list": "market-research, behavioral-marketing, research, marketing, media, ad, advertising, ads, audience, metrics, biometrics, ui, ux, usability, testing, qualitative, security, safety, medical, emotion, affect, emotion-sensing, affect-sensing, emotions",
 "alias_list": null,
 "email_address": "info@affectiveinterfaces.com",
 "phone_number": "415/789-4068",
 "description": "Emotion sensing technology company",
 "created_at": "Mon Sep 07 10:49:15 UTC 2009",
 "updated_at": "Wed Apr 20 19:33:31 UTC 2011",
 "overview": "\u003Cp\u003EAffective Interfaces builds emotion sensing technology.\u003C/p\u003E\n\n\u003Cp\u003EEmotion is key to customer satisfaction, brand loyalty, economic decision making, and effective messaging. Yet, there are few efficient methods of gathering objective emotional data sans inexpert interpretation and testing bias.  \u003C/p\u003E\n\n\u003Cp\u003EAI analyzes your customer\u00e2\u20ac\u2122s facial expressions and helps you uncover the nonrational influences affecting decisions from purchase to engagement.  Our simple extensible SaaS solution only needs a webcam, generates clear actionable objective metrics.  This demonstrates audience market relevant emotions to ads, media, and UX testing across products.\u003C/p\u003E\n\n\u003Cp\u003E\u00ef\u00bf\u00bc\u00e2\u20ac\u00a2Leverage emotion metrics to understand impact points for your site, media or content.\n\u00e2\u20ac\u00a2Augment click and site analytics with data that can validate your market assumptions \n\u00e2\u20ac\u00a2Improve your creative cycles with better informed creative and messaging\u003C/p\u003E\n\n\u003Cp\u003EAffective Interfaces helps you understand and fulfill the preconscious heart and mind of your customers.\u003C/p\u003E\n\n\u003Cp\u003EAwards and presentations\u003C/p\u003E\n\n\u003Cp\u003ETie50 Finalist 2011\nStanford University GSB Entrepreneurs\u0026#8217; Club 2010\nStanford University GSB Exec Ed 2010\nOnMedia 2010 panelist\nOnMedia 100 award winner 2010\nTechCrunch50 Finalist 2009\nWeb After Dark Winner 2009\nVenture Summit West: 1 of 14 \u0026#8216;Best of Breed\u0026#8217; CEOs 2009\nAlwaysOn featured presenter Venture Summit West 2009\u003C/p\u003E",
 "image":
  {"available_sizes":
    [[[150,
       40],
      "http://api-images.crunchbase.com/assets/images/resized/0005/9394/59394v1-max-150x150.png"],
     [[250,
       68],
      "http://api-images.crunchbase.com/assets/images/resized/0005/9394/59394v1-max-250x250.png"],
     [[283,
       77],
      "http://api-images.crunchbase.com/assets/images/resized/0005/9394/59394v1-max-450x450.png"]],
   "attribution": null},
 "products":
  [],
 "relationships":
  [{"is_past": false,
    "title": "Founder \u0026 CEO",
    "person":
     {"first_name": "Jai",
      "last_name": "Haissman",
      "permalink": "jai-haissman"}},
   {"is_past": false,
    "title": "Director Engineering",
    "person":
     {"first_name": "Philip",
      "last_name": "Kuryloski",
      "permalink": "philip-kuryloski"}}],
 "competitions":
  [],
 "providerships":
  [],
 "total_money_raised": "$0",
 "funding_rounds":
  [],
 "investments":
  [],
 "acquisition": null,
 "acquisitions":
  [],
 "offices":
  [{"description": "Headquarters",
    "address1": "311 Oak St #309",
    "address2": "",
    "zip_code": "94607",
    "city": "Oakland",
    "state_code": "CA",
    "country_code": "USA",
    "latitude": null,
    "longitude": null}],
 "milestones":
  [],
 "ipo": null,
 "video_embeds":
  [],
 "screenshots":
  [],
 "external_links":
  [{"external_url": "http://affectmetrics.com",
    "title": "Research site"}],
 "partners":
  []}
