{"name": "Afferent Pharmaceuticals",
 "permalink": "afferent-pharmaceuticals",
 "crunchbase_url": "http://www.crunchbase.com/company/afferent-pharmaceuticals",
 "homepage_url": "http://www.afferentpharma.com",
 "blog_url": "",
 "blog_feed_url": "",
 "twitter_username": null,
 "category_code": "biotech",
 "number_of_employees": null,
 "founded_year": 2009,
 "founded_month": null,
 "founded_day": null,
 "deadpooled_year": null,
 "deadpooled_month": null,
 "deadpooled_day": null,
 "deadpooled_url": null,
 "tag_list": "",
 "alias_list": "",
 "email_address": "info@afferentpharma.com",
 "phone_number": "650-286-1276",
 "description": "",
 "created_at": "Fri Dec 18 09:57:57 UTC 2009",
 "updated_at": "Wed Mar 19 10:40:56 UTC 2014",
 "overview": "\u003Cp\u003EAfferent Pharmaceuticals, Inc. operates as a clinical-stage biopharmaceutical company. It develops medicines to treat chronic pain by targeting P2X3 receptors in nerve fibers. The company\u2019s AF-219, a compound that completed two Phase 1 clinical studies. Afferent Pharmaceuticals, Inc. was founded in 2009 and is based in San Mateo, California.\u003C/p\u003E",
 "image":
  {"available_sizes":
    [[[150,
       42],
      "http://api-images.crunchbase.com/assets/images/resized/0007/6112/76112v1-max-150x150.png"],
     [[250,
       71],
      "http://api-images.crunchbase.com/assets/images/resized/0007/6112/76112v1-max-250x250.png"],
     [[263,
       75],
      "http://api-images.crunchbase.com/assets/images/resized/0007/6112/76112v1-max-450x450.png"]],
   "attribution": null},
 "products":
  [],
 "relationships":
  [{"is_past": false,
    "title": "Board Chairman",
    "person":
     {"first_name": "Kevin",
      "last_name": "Starr",
      "permalink": "kevin-starr"}},
   {"is_past": false,
    "title": "CEO",
    "person":
     {"first_name": "Dr.",
      "last_name": "Bruce G. McCarthy",
      "permalink": "dr-bruce-g-mccarthy"}},
   {"is_past": false,
    "title": "co-founder and chief scientific officer",
    "person":
     {"first_name": "Dr.",
      "last_name": "Anthony P. Ford",
      "permalink": "dr-anthony-p-ford"}},
   {"is_past": false,
    "title": "Board of Directors",
    "person":
     {"first_name": "Artthur",
      "last_name": "M. Pappas",
      "permalink": "artthur-m-pappas"}},
   {"is_past": false,
    "title": "Board of Director",
    "person":
     {"first_name": "Jesse",
      "last_name": "I. Treu",
      "permalink": "jesse-i-treu"}},
   {"is_past": false,
    "title": "Senior director, clinical operations",
    "person":
     {"first_name": "Peter",
      "last_name": "G. Butera",
      "permalink": "peter-g-butera"}},
   {"is_past": false,
    "title": "Board of Directors",
    "person":
     {"first_name": "Liam",
      "last_name": "Ratcliffe",
      "permalink": "liam-ratcliffe"}},
   {"is_past": true,
    "title": "CFO",
    "person":
     {"first_name": "David",
      "last_name": "Neafus",
      "permalink": "david-neafus"}}],
 "competitions":
  [],
 "providerships":
  [],
 "total_money_raised": "$33.2M",
 "funding_rounds":
  [{"id": 10422,
    "round_code": "a",
    "source_url": "http://www.finsmes.com/2009/12/afferent-pharmaceuticals-closes-23m.html",
    "source_description": "Afferent Pharmaceuticals Closes $23M Series A Financing Round",
    "raised_amount": 23000000.0,
    "raised_currency_code": "USD",
    "funded_year": 2009,
    "funded_month": 12,
    "funded_day": 16,
    "investments":
     [{"company": null,
       "financial_org":
        {"name": "Third Rock Ventures",
         "permalink": "third-rock-ventures"},
       "person": null},
      {"company": null,
       "financial_org":
        {"name": "Pappas Ventures",
         "permalink": "pappas-ventures"},
       "person": null},
      {"company": null,
       "financial_org":
        {"name": "Domain Associates",
         "permalink": "domain-associates"},
       "person": null},
      {"company": null,
       "financial_org":
        {"name": "New Leaf Venture Partners",
         "permalink": "new-leaf-venture-partners"},
       "person": null}]},
   {"id": 52338,
    "round_code": "unattributed",
    "source_url": "",
    "source_description": "VC Funding: Q2 2013 source",
    "raised_amount": 5000000.0,
    "raised_currency_code": "USD",
    "funded_year": 2013,
    "funded_month": 4,
    "funded_day": 1,
    "investments":
     [{"company": null,
       "financial_org":
        {"name": "Domain Associates",
         "permalink": "domain-associates"},
       "person": null},
      {"company": null,
       "financial_org":
        {"name": "Pappas Ventures",
         "permalink": "pappas-ventures"},
       "person": null}]},
   {"id": 53527,
    "round_code": "unattributed",
    "source_url": "",
    "source_description": "VC Funding: Q1 2012",
    "raised_amount": 5000000.0,
    "raised_currency_code": "USD",
    "funded_year": 2012,
    "funded_month": 1,
    "funded_day": 1,
    "investments":
     [{"company": null,
       "financial_org":
        {"name": "Third Rock Ventures",
         "permalink": "third-rock-ventures"},
       "person": null},
      {"company": null,
       "financial_org":
        {"name": "Domain Associates",
         "permalink": "domain-associates"},
       "person": null}]},
   {"id": 69862,
    "round_code": "convertible",
    "source_url": "http://www.sec.gov/Archives/edgar/data/1476010/000147601009000001/xslFormDX01/primary_doc.xml",
    "source_description": "SEC",
    "raised_amount": 150000.0,
    "raised_currency_code": "USD",
    "funded_year": 2009,
    "funded_month": 10,
    "funded_day": 23,
    "investments":
     []}],
 "investments":
  [],
 "acquisition": null,
 "acquisitions":
  [],
 "offices":
  [{"description": "",
    "address1": "2755 Campus Drive",
    "address2": "Suite 100",
    "zip_code": "94403",
    "city": "San Mateo",
    "state_code": "CA",
    "country_code": "USA",
    "latitude": null,
    "longitude": null}],
 "milestones":
  [],
 "ipo": null,
 "video_embeds":
  [],
 "screenshots":
  [{"available_sizes":
     [[[150,
        80],
       "http://api-images.crunchbase.com/assets/images/resized/0007/6113/76113v1-max-150x150.jpg"],
      [[250,
        134],
       "http://api-images.crunchbase.com/assets/images/resized/0007/6113/76113v1-max-250x250.jpg"],
      [[450,
        242],
       "http://api-images.crunchbase.com/assets/images/resized/0007/6113/76113v1-max-450x450.jpg"]],
    "attribution": null}],
 "external_links":
  [],
 "partners":
  []}
