{"name": "Affectiva",
 "permalink": "affectiva",
 "crunchbase_url": "http://www.crunchbase.com/company/affectiva",
 "homepage_url": "http://www.affdex.com",
 "blog_url": "http://www.affdex.com/buzz/blog/",
 "blog_feed_url": "",
 "twitter_username": "Affectiva",
 "category_code": "analytics",
 "number_of_employees": null,
 "founded_year": 2009,
 "founded_month": null,
 "founded_day": null,
 "deadpooled_year": null,
 "deadpooled_month": null,
 "deadpooled_day": null,
 "deadpooled_url": null,
 "tag_list": "",
 "alias_list": "",
 "email_address": "info@affectiva.com",
 "phone_number": "(781) 996-3037",
 "description": "Emotion Measurement",
 "created_at": "Wed Nov 11 00:04:44 UTC 2009",
 "updated_at": "Thu Apr 17 04:36:51 UTC 2014",
 "overview": "\u003Cp\u003EAffectiva grew out of collaborative research at the MIT Media Lab to help people on the autism spectrum. We apply innovations in affective computing to help solve difficult problems that stem from misunderstanding how people feel. Our customers are people in science and industry who use new technology that helps improve understanding of emotion.\u003C/p\u003E\n\n\u003Cp\u003EAffectiva envisions a world where effective opt-in emotion measurement and communication increases understanding and improves lives. We strive to transform products, processes and lives by making emotion measurement and communication affordable and respectful. We are committed to building a profitable and thriving business while serving the greater good.\u003C/p\u003E",
 "image":
  {"available_sizes":
    [[[150,
       66],
      "http://api-images.crunchbase.com/assets/images/resized/0044/9872/449872v1-max-150x150.png"],
     [[250,
       111],
      "http://api-images.crunchbase.com/assets/images/resized/0044/9872/449872v1-max-250x250.png"],
     [[268,
       119],
      "http://api-images.crunchbase.com/assets/images/resized/0044/9872/449872v1-max-450x450.png"]],
   "attribution": null},
 "products":
  [{"name": "Q Sensor",
    "permalink": "q-sensor"}],
 "relationships":
  [{"is_past": false,
    "title": "Chairman",
    "person":
     {"first_name": "David",
      "last_name": "Berman",
      "permalink": "david-berman"}},
   {"is_past": false,
    "title": "Board of Directors",
    "person":
     {"first_name": "Frank",
      "last_name": "Meehan",
      "permalink": "frank-meehan"}}],
 "competitions":
  [{"competitor":
     {"name": "Realeyes",
      "permalink": "realeyes"}}],
 "providerships":
  [],
 "total_money_raised": "$21.9M",
 "funding_rounds":
  [{"id": 9455,
    "round_code": "unattributed",
    "source_url": "http://www.xconomy.com/boston/2009/11/10/three-new-england-deal-stories-startups-pursuing-emotional-sensors-drugs-for-pets-mobile-video-raise-some-bucks/",
    "source_description": "Xconomy Boston",
    "raised_amount": 1700000.0,
    "raised_currency_code": "USD",
    "funded_year": 2009,
    "funded_month": 10,
    "funded_day": 27,
    "investments":
     []},
   {"id": 11713,
    "round_code": "unattributed",
    "source_url": "http://www.sec.gov/Archives/edgar/data/1476097/000089706910000097/xslFormDX01/primary_doc.xml",
    "source_description": "SEC D/A",
    "raised_amount": 1999999.0,
    "raised_currency_code": "USD",
    "funded_year": 2010,
    "funded_month": 2,
    "funded_day": 1,
    "investments":
     []},
   {"id": 24257,
    "round_code": "b",
    "source_url": "http://www.masshightech.com/stories/2011/07/18/daily14-Affectiva-feels-good-about-57M-Series-B-funding.html",
    "source_description": "Affectiva feels good about $5.7M Series B funding",
    "raised_amount": 5700000.0,
    "raised_currency_code": "USD",
    "funded_year": 2011,
    "funded_month": 7,
    "funded_day": 19,
    "investments":
     [{"company": null,
       "financial_org":
        {"name": "Myrian Capital",
         "permalink": "myrian-capital"},
       "person": null}]},
   {"id": 30385,
    "round_code": "grant",
    "source_url": "http://techcrunch.com/2012/06/01/affectiva-nsf-grant/",
    "source_description": "Emotion Measurement Platform Affectiva Wins $500K NSF Grant",
    "raised_amount": 500000.0,
    "raised_currency_code": "USD",
    "funded_year": 2012,
    "funded_month": 6,
    "funded_day": 1,
    "investments":
     [{"company": null,
       "financial_org":
        {"name": "National Science Foundation",
         "permalink": "national-science-foundation"},
       "person": null}]},
   {"id": 31779,
    "round_code": "c",
    "source_url": "http://www.finsmes.com/2012/08/affectiva-secures-12m-series-financing.html?utm_source=feedburner\u0026utm_medium=feed\u0026utm_campaign=Feed%3A+finsmes%2FcNHu+%28FinSMEs%29",
    "source_description": "Affectiva Secures $12M in Series C Financing",
    "raised_amount": 12000000.0,
    "raised_currency_code": "USD",
    "funded_year": 2012,
    "funded_month": 8,
    "funded_day": 7,
    "investments":
     [{"company": null,
       "financial_org":
        {"name": "Horizons Ventures",
         "permalink": "horizons-ventures"},
       "person": null},
      {"company": null,
       "financial_org":
        {"name": "Kleiner Perkins Caufield \u0026 Byers",
         "permalink": "kleiner-perkins-caufield-byers"},
       "person": null},
      {"company":
        {"name": "WPP",
         "permalink": "wpp"},
       "financial_org": null,
       "person": null},
      {"company": null,
       "financial_org":
        {"name": "Myrian Capital",
         "permalink": "myrian-capital"},
       "person": null}]}],
 "investments":
  [],
 "acquisition": null,
 "acquisitions":
  [],
 "offices":
  [{"description": "",
    "address1": "411 Waverley Oaks Road",
    "address2": "Suite 329",
    "zip_code": "02452",
    "city": "Waltham",
    "state_code": "MA",
    "country_code": "USA",
    "latitude": null,
    "longitude": null}],
 "milestones":
  [{"id": 14981,
    "description": "Affectiva wins $650,000 National Science Foundation grant ",
    "stoned_year": 2011,
    "stoned_month": 1,
    "stoned_day": 31,
    "source_url": "http://venturebeat.com/2011/01/31/affectiva-emotions-nsf/",
    "source_text": null,
    "source_description": "Venturebeat",
    "stoneable_type": "Company",
    "stoned_value": null,
    "stoned_value_type": null,
    "stoned_acquirer": null,
    "stoneable":
     {"name": "Affectiva",
      "permalink": "affectiva"}},
   {"id": 14982,
    "description": "Delivers wristwatch biosensor",
    "stoned_year": 2011,
    "stoned_month": 5,
    "stoned_day": 10,
    "source_url": "http://www.technologyreview.com/business/37502/page1/",
    "source_text": null,
    "source_description": "MIT Technology Review",
    "stoneable_type": "Company",
    "stoned_value": null,
    "stoned_value_type": null,
    "stoned_acquirer": null,
    "stoneable":
     {"name": "Affectiva",
      "permalink": "affectiva"}}],
 "ipo": null,
 "video_embeds":
  [{"embed_code": "\u003Ciframe width=\"560\" height=\"315\" src=\"//www.youtube.com/embed/4A6m8-V40Z4\" frameborder=\"0\" allowfullscreen\u003E\u003C/iframe\u003E",
    "description": "\u003Cp\u003EEmotion-Enable Your App\u003C/p\u003E"}],
 "screenshots":
  [],
 "external_links":
  [],
 "partners":
  []}
