{"name": "Affilinet",
 "permalink": "affilinet",
 "crunchbase_url": "http://www.crunchbase.com/company/affilinet",
 "homepage_url": "http://www.affili.net",
 "blog_url": "http://www.affilinet-inside.com",
 "blog_feed_url": "",
 "twitter_username": "affilinet_de",
 "category_code": "advertising",
 "number_of_employees": 150,
 "founded_year": 1997,
 "founded_month": null,
 "founded_day": null,
 "deadpooled_year": null,
 "deadpooled_month": null,
 "deadpooled_day": null,
 "deadpooled_url": null,
 "tag_list": "",
 "alias_list": "",
 "email_address": "uksupport@affili.net",
 "phone_number": "+44 (0)20 7067 2480",
 "description": "Performance Marketing Services",
 "created_at": "Mon Mar 01 12:18:58 UTC 2010",
 "updated_at": "Sun Feb 12 11:39:42 UTC 2012",
 "overview": "\u003Cp\u003EFounded in 1997, affilinet is one of the most established affiliate networks in Europe, offering unrivalled experience, knowledge and heritage in the marketplace.  With presence in 7 countries across Europe, affilinet have over 2,000 affiliate programs on the network.\u003C/p\u003E\n\n\u003Cp\u003Eaffilinet focuses on generating ROI for its clients utilising the affiliate channel to drive sales and leads for brands from a broad range of industries including travel, retail, finance, telecommunications, not-for-profit, FMCG and automotive.  Clients include Toyota, Galeries Lafayette, Zalando, eBay, Telekom, Groupon, Debenhams, Landrover, Virgin Atlantic, Toys\u0026#8221;R\u0026#8221;Us, Guess and KLM. \u003C/p\u003E\n\n\u003Cp\u003Eaffilinet and sister company Sedo are owned by Sedo Holding, formerly known as AdLINK Group.\u003C/p\u003E",
 "image":
  {"available_sizes":
    [[[150,
       46],
      "http://api-images.crunchbase.com/assets/images/resized/0010/7168/107168v1-max-150x150.png"],
     [[215,
       67],
      "http://api-images.crunchbase.com/assets/images/resized/0010/7168/107168v1-max-250x250.png"],
     [[215,
       67],
      "http://api-images.crunchbase.com/assets/images/resized/0010/7168/107168v1-max-450x450.png"]],
   "attribution": null},
 "products":
  [],
 "relationships":
  [{"is_past": false,
    "title": "CEO",
    "person":
     {"first_name": "Dorothea",
      "last_name": "von Wichert-Nick",
      "permalink": "dorothea-von-wichert-nick"}},
   {"is_past": false,
    "title": "CFO",
    "person":
     {"first_name": "Axel",
      "last_name": "Hamann",
      "permalink": "axel-hamann"}},
   {"is_past": false,
    "title": "CTO",
    "person":
     {"first_name": "Alexander",
      "last_name": "Rothinger",
      "permalink": "alexander-rothinger"}},
   {"is_past": false,
    "title": "UK Country Manager",
    "person":
     {"first_name": "Gary",
      "last_name": "Bicker",
      "permalink": "gary-bicker"}},
   {"is_past": false,
    "title": "Client Services Director",
    "person":
     {"first_name": "Helen",
      "last_name": "Nugent",
      "permalink": "helen-nugent"}},
   {"is_past": false,
    "title": "Sales Director",
    "person":
     {"first_name": "James",
      "last_name": "Lovelace",
      "permalink": "james-lovelace"}},
   {"is_past": true,
    "title": "Head of Operations",
    "person":
     {"first_name": "Jean-Christophe",
      "last_name": "Ramos",
      "permalink": "jean-christophe-ramos"}}],
 "competitions":
  [],
 "providerships":
  [],
 "total_money_raised": "$0",
 "funding_rounds":
  [],
 "investments":
  [],
 "acquisition": null,
 "acquisitions":
  [{"price_amount": null,
    "price_currency_code": "USD",
    "term_code": null,
    "source_url": "http://www.sedoholding.com/en/press-room/news/news-details/article/sedo-holding-ag-affilinet-acquires-quality-network-cleafs/",
    "source_description": "affilinet acquires quality network Cleafs",
    "acquired_year": 2012,
    "acquired_month": 7,
    "acquired_day": 3,
    "company":
     {"name": "Cleafs",
      "permalink": "cleafs"}}],
 "offices":
  [{"description": "HQ",
    "address1": "283-288 High Holborn",
    "address2": "",
    "zip_code": "WC1V 7HP",
    "city": "London",
    "state_code": null,
    "country_code": "GBR",
    "latitude": null,
    "longitude": null},
   {"description": "German Office",
    "address1": "Joseph-Wild-Str. 20",
    "address2": "",
    "zip_code": "81829",
    "city": "M\u00fcnchen",
    "state_code": null,
    "country_code": "DEU",
    "latitude": null,
    "longitude": null}],
 "milestones":
  [],
 "ipo": null,
 "video_embeds":
  [],
 "screenshots":
  [{"available_sizes":
     [[[150,
        110],
       "http://api-images.crunchbase.com/assets/images/resized/0010/7170/107170v1-max-150x150.jpg"],
      [[250,
        184],
       "http://api-images.crunchbase.com/assets/images/resized/0010/7170/107170v1-max-250x250.jpg"],
      [[450,
        332],
       "http://api-images.crunchbase.com/assets/images/resized/0010/7170/107170v1-max-450x450.jpg"]],
    "attribution": null}],
 "external_links":
  [],
 "partners":
  []}
