{"name": "Affiliate Future",
 "permalink": "affiliate-future",
 "crunchbase_url": "http://www.crunchbase.com/company/affiliate-future",
 "homepage_url": "http://www.affiliatefuture.co.uk",
 "blog_url": "http://blog.affiliatefuture.co.uk/",
 "blog_feed_url": "",
 "twitter_username": null,
 "category_code": "network_hosting",
 "number_of_employees": null,
 "founded_year": 2002,
 "founded_month": null,
 "founded_day": null,
 "deadpooled_year": null,
 "deadpooled_month": null,
 "deadpooled_day": null,
 "deadpooled_url": null,
 "tag_list": null,
 "alias_list": "",
 "email_address": "",
 "phone_number": "44 20 7927 6589 ",
 "description": "marketing network company",
 "created_at": "Mon Mar 01 12:18:58 UTC 2010",
 "updated_at": "Mon Oct 25 15:12:53 UTC 2010",
 "overview": "\u003Cp\u003EAffiliateFuture is a performance marketing network company in the United Kingdom. The company\u00e2\u20ac\u2122s services allow advertisers and publishers to join in its network, and add banner adverts and links to form a campaign. AffiliateFuture also provides live online reporting of various activities to advertisers and publishers. The company was founded in 2002 and is based in London, United Kingdom. AffiliateFuture operates as a subsidiary of Internet Business Group plc.\u003C/p\u003E",
 "image":
  {"available_sizes":
    [[[150,
       64],
      "http://api-images.crunchbase.com/assets/images/resized/0010/7159/107159v1-max-150x150.png"],
     [[163,
       70],
      "http://api-images.crunchbase.com/assets/images/resized/0010/7159/107159v1-max-250x250.png"],
     [[163,
       70],
      "http://api-images.crunchbase.com/assets/images/resized/0010/7159/107159v1-max-450x450.png"]],
   "attribution": null},
 "products":
  [],
 "relationships":
  [],
 "competitions":
  [],
 "providerships":
  [],
 "total_money_raised": "$0",
 "funding_rounds":
  [],
 "investments":
  [],
 "acquisition": null,
 "acquisitions":
  [],
 "offices":
  [{"description": "HQ",
    "address1": "5th Floor",
    "address2": "Threeways House 40-44 Clipstone Street",
    "zip_code": "W1W 5DW",
    "city": "London",
    "state_code": null,
    "country_code": "GBR",
    "latitude": null,
    "longitude": null}],
 "milestones":
  [],
 "ipo": null,
 "video_embeds":
  [],
 "screenshots":
  [{"available_sizes":
     [[[150,
        135],
       "http://api-images.crunchbase.com/assets/images/resized/0010/7160/107160v1-max-150x150.jpg"],
      [[250,
        226],
       "http://api-images.crunchbase.com/assets/images/resized/0010/7160/107160v1-max-250x250.jpg"],
      [[450,
        406],
       "http://api-images.crunchbase.com/assets/images/resized/0010/7160/107160v1-max-450x450.jpg"]],
    "attribution": null}],
 "external_links":
  [],
 "partners":
  []}
