{"name": "Affmeter.com",
 "permalink": "affmeter-com",
 "crunchbase_url": "http://www.crunchbase.com/company/affmeter-com",
 "homepage_url": "http://affmeter.com",
 "blog_url": "",
 "blog_feed_url": "",
 "twitter_username": null,
 "category_code": null,
 "number_of_employees": null,
 "founded_year": null,
 "founded_month": null,
 "founded_day": null,
 "deadpooled_year": null,
 "deadpooled_month": null,
 "deadpooled_day": null,
 "deadpooled_url": null,
 "tag_list": null,
 "alias_list": "",
 "email_address": "",
 "phone_number": "",
 "description": "",
 "created_at": "Fri Nov 20 06:58:45 UTC 2009",
 "updated_at": "Mon Aug 29 08:55:59 UTC 2011",
 "overview": "\u003Cp\u003EAffmeter is an easy, secure, and reliable way to gather your affiliate revenue statistics from all of your Affiliate Networks. Webmasters who are currently using multiple programs are finding Affmeter to be a big time saver.\u003C/p\u003E",
 "image":
  {"available_sizes":
    [[[150,
       42],
      "http://api-images.crunchbase.com/assets/images/resized/0015/1636/151636v1-max-150x150.jpg"],
     [[250,
       71],
      "http://api-images.crunchbase.com/assets/images/resized/0015/1636/151636v1-max-250x250.jpg"],
     [[416,
       119],
      "http://api-images.crunchbase.com/assets/images/resized/0015/1636/151636v1-max-450x450.jpg"]],
   "attribution": null},
 "products":
  [],
 "relationships":
  [],
 "competitions":
  [],
 "providerships":
  [],
 "total_money_raised": "$0",
 "funding_rounds":
  [],
 "investments":
  [],
 "acquisition": null,
 "acquisitions":
  [],
 "offices":
  [{"description": "",
    "address1": "8345 NW 66TH ST",
    "address2": "",
    "zip_code": "33166",
    "city": "MIAMI",
    "state_code": "FL",
    "country_code": "USA",
    "latitude": null,
    "longitude": null}],
 "milestones":
  [],
 "ipo": null,
 "video_embeds":
  [],
 "screenshots":
  [{"available_sizes":
     [[[150,
        109],
       "http://api-images.crunchbase.com/assets/images/resized/0015/1637/151637v1-max-150x150.jpg"],
      [[250,
        182],
       "http://api-images.crunchbase.com/assets/images/resized/0015/1637/151637v1-max-250x250.jpg"],
      [[450,
        328],
       "http://api-images.crunchbase.com/assets/images/resized/0015/1637/151637v1-max-450x450.jpg"]],
    "attribution": null}],
 "external_links":
  [],
 "partners":
  []}
