{"name": "Aflo",
 "permalink": "aflo",
 "crunchbase_url": "http://www.crunchbase.com/company/aflo",
 "homepage_url": "http://www.aflo.com",
 "blog_url": "",
 "blog_feed_url": "",
 "twitter_username": "aflofoto",
 "category_code": "other",
 "number_of_employees": 125,
 "founded_year": 1980,
 "founded_month": 9,
 "founded_day": 1,
 "deadpooled_year": null,
 "deadpooled_month": null,
 "deadpooled_day": null,
 "deadpooled_url": null,
 "tag_list": "stock-photography, tokyo, japan, editorial-imagery, creative-imagery, assignment-photography, digital-imaging-service, largest, longest-running, digital-media, visual-media",
 "alias_list": null,
 "email_address": "support@aflo.com",
 "phone_number": "+81-3-5550-2120",
 "description": "Japan's largest visual content source.",
 "created_at": "Wed Jan 13 04:55:42 UTC 2010",
 "updated_at": "Thu Jan 14 00:09:21 UTC 2010",
 "overview": "\u003Cp\u003EAflo is Japan\u0026#8217;s leading image source and one of Asia\u0026#8217;s largest editorial and creative content suppliers and producers. Aflo works closely with many of Japan\u0026#8217;s largest newspaper publishers, magazines, and Television Broadcasters and is officially recognized as the Japanese Olympic photo team by the JOC.\u003C/p\u003E\n\n\u003Cp\u003EGetty Images and Amana Images are Aflo\u0026#8217;s main competitors in the Japanese market.\u003C/p\u003E\n\n\u003Cp\u003EEstablished in 1980 by a photographer, Koji Aok, Aflo employs over 125 staff and is the official Japanese representative for Reuters and the Associated Press. As well as still photography, Aflo reproduces and resells other digital media such as text and video. Aflo aims to be Japan\u0026#8217;s premiere digital media supplier for professionals. \u003C/p\u003E",
 "image":
  {"available_sizes":
    [[[150,
       66],
      "http://api-images.crunchbase.com/assets/images/resized/0007/3120/73120v2-max-150x150.jpg"],
     [[250,
       111],
      "http://api-images.crunchbase.com/assets/images/resized/0007/3120/73120v2-max-250x250.jpg"],
     [[450,
       200],
      "http://api-images.crunchbase.com/assets/images/resized/0007/3120/73120v2-max-450x450.jpg"]],
   "attribution": null},
 "products":
  [],
 "relationships":
  [],
 "competitions":
  [],
 "providerships":
  [],
 "total_money_raised": "$0",
 "funding_rounds":
  [],
 "investments":
  [],
 "acquisition": null,
 "acquisitions":
  [],
 "offices":
  [{"description": "Headquarters",
    "address1": "Sun Bldg. 8F,",
    "address2": "5-13-12 Ginza, Chuo-Ku",
    "zip_code": "104-0061",
    "city": "Tokyo",
    "state_code": null,
    "country_code": "JPN",
    "latitude": null,
    "longitude": null},
   {"description": "West Japan Branch",
    "address1": "Daiwa Honmachi Bldg. 8F",
    "address2": "Honmachi 4-5-3, Chuo-Ku,",
    "zip_code": "541-0053",
    "city": "Osaka",
    "state_code": null,
    "country_code": "JPN",
    "latitude": null,
    "longitude": null}],
 "milestones":
  [],
 "ipo": null,
 "video_embeds":
  [],
 "screenshots":
  [],
 "external_links":
  [],
 "partners":
  []}
