{"name": "AfterDawn",
 "permalink": "afterdawn",
 "crunchbase_url": "http://www.crunchbase.com/company/afterdawn",
 "homepage_url": "http://www.afterdawn.com",
 "blog_url": "",
 "blog_feed_url": "",
 "twitter_username": "afterdawn",
 "category_code": "web",
 "number_of_employees": 15,
 "founded_year": 2003,
 "founded_month": 5,
 "founded_day": null,
 "deadpooled_year": null,
 "deadpooled_month": null,
 "deadpooled_day": null,
 "deadpooled_url": null,
 "tag_list": "",
 "alias_list": "",
 "email_address": "support@afterdawn.com",
 "phone_number": "358-45-1108040",
 "description": "Digital Product reviews",
 "created_at": "Fri Nov 06 12:38:33 UTC 2009",
 "updated_at": "Fri Feb 05 19:23:48 UTC 2010",
 "overview": "\u003Cp\u003EAfterDawn Ltd is a privately owned holding company located in Finland (European Union) that owns various web properties. Company\u0026#8217;s best known web properties are AfterDawn.com, Blasteroids.com and download.fi. \u003C/p\u003E\n\n\u003Cp\u003EAfterDawn offers information about digital lifestyle products and services, providing reviews, tech news, software downloads stats, and unbiased recommendations.  \u003C/p\u003E",
 "image":
  {"available_sizes":
    [[[150,
       42],
      "http://api-images.crunchbase.com/assets/images/resized/0006/5225/65225v1-max-150x150.jpg"],
     [[250,
       70],
      "http://api-images.crunchbase.com/assets/images/resized/0006/5225/65225v1-max-250x250.jpg"],
     [[291,
       82],
      "http://api-images.crunchbase.com/assets/images/resized/0006/5225/65225v1-max-450x450.jpg"]],
   "attribution": null},
 "products":
  [],
 "relationships":
  [],
 "competitions":
  [],
 "providerships":
  [],
 "total_money_raised": "$0",
 "funding_rounds":
  [],
 "investments":
  [],
 "acquisition": null,
 "acquisitions":
  [],
 "offices":
  [{"description": "",
    "address1": "Kiilakiventie 1",
    "address2": "90250 Oulu",
    "zip_code": "",
    "city": "",
    "state_code": null,
    "country_code": "FIN",
    "latitude": null,
    "longitude": null}],
 "milestones":
  [],
 "ipo": null,
 "video_embeds":
  [],
 "screenshots":
  [{"available_sizes":
     [[[150,
        89],
       "http://api-images.crunchbase.com/assets/images/resized/0006/5226/65226v1-max-150x150.jpg"],
      [[250,
        148],
       "http://api-images.crunchbase.com/assets/images/resized/0006/5226/65226v1-max-250x250.jpg"],
      [[450,
        268],
       "http://api-images.crunchbase.com/assets/images/resized/0006/5226/65226v1-max-450x450.jpg"]],
    "attribution": null}],
 "external_links":
  [],
 "partners":
  []}
