{"name": "AG Communications Group",
 "permalink": "ag-communications-group",
 "crunchbase_url": "http://www.crunchbase.com/company/ag-communications-group",
 "homepage_url": "http://agcommunicationsgroup.com",
 "blog_url": "",
 "blog_feed_url": "",
 "twitter_username": "Adrianne",
 "category_code": "advertising",
 "number_of_employees": null,
 "founded_year": 2005,
 "founded_month": null,
 "founded_day": null,
 "deadpooled_year": null,
 "deadpooled_month": null,
 "deadpooled_day": null,
 "deadpooled_url": null,
 "tag_list": "",
 "alias_list": "",
 "email_address": "adrianne@agcommunicationsgroup.com",
 "phone_number": "",
 "description": "Marketing Communications",
 "created_at": "Fri Nov 06 09:10:04 UTC 2009",
 "updated_at": "Fri Nov 06 23:06:59 UTC 2009",
 "overview": "\u003Cp\u003EAG Communications Group is a marketing communications consultancy. They excel in using marketing communications, social media and public reations to reach niche audiences with tremendous buying power.\u003C/p\u003E",
 "image":
  {"available_sizes":
    [[[86,
       98],
      "http://api-images.crunchbase.com/assets/images/resized/0006/5165/65165v1-max-150x150.jpg"],
     [[86,
       98],
      "http://api-images.crunchbase.com/assets/images/resized/0006/5165/65165v1-max-250x250.jpg"],
     [[86,
       98],
      "http://api-images.crunchbase.com/assets/images/resized/0006/5165/65165v1-max-450x450.jpg"]],
   "attribution": null},
 "products":
  [],
 "relationships":
  [],
 "competitions":
  [],
 "providerships":
  [],
 "total_money_raised": "$0",
 "funding_rounds":
  [],
 "investments":
  [],
 "acquisition": null,
 "acquisitions":
  [],
 "offices":
  [],
 "milestones":
  [],
 "ipo": null,
 "video_embeds":
  [],
 "screenshots":
  [{"available_sizes":
     [[[150,
        96],
       "http://api-images.crunchbase.com/assets/images/resized/0006/5166/65166v1-max-150x150.jpg"],
      [[250,
        161],
       "http://api-images.crunchbase.com/assets/images/resized/0006/5166/65166v1-max-250x250.jpg"],
      [[450,
        290],
       "http://api-images.crunchbase.com/assets/images/resized/0006/5166/65166v1-max-450x450.jpg"]],
    "attribution": null}],
 "external_links":
  [],
 "partners":
  []}
