{"name": "Agari Data",
 "permalink": "agari-data",
 "crunchbase_url": "http://www.crunchbase.com/company/agari-data",
 "homepage_url": "http://www.agari.com",
 "blog_url": "http://agari.com/blog",
 "blog_feed_url": "",
 "twitter_username": "AgariInc",
 "category_code": "security",
 "number_of_employees": null,
 "founded_year": 2009,
 "founded_month": null,
 "founded_day": null,
 "deadpooled_year": null,
 "deadpooled_month": null,
 "deadpooled_day": null,
 "deadpooled_url": null,
 "tag_list": "",
 "alias_list": "",
 "email_address": "info@agari.com",
 "phone_number": "",
 "description": "",
 "created_at": "Tue Oct 27 13:41:45 UTC 2009",
 "updated_at": "Mon Oct 21 23:00:29 UTC 2013",
 "overview": "\u003Cp\u003EAgari collects and analyzes terabytes of email data to provide global brands with a SaaS security solution that eliminates email threats, protects consumer information, and proactively guards brand reputation. To date, Agari has analyzed over 1 trillion email messages, blocked over 1 billion malicious emails, and secures more than 80 percent of US consumer email inboxes. Founded by the thought leaders behind Cisco\u2019s IronPort solutions, Agari is headquartered in San Mateo and is backed by Alloy Ventures, Battery Ventures, First Round Capital, and Greylock Partners.\u003C/p\u003E",
 "image":
  {"available_sizes":
    [[[150,
       70],
      "http://api-images.crunchbase.com/assets/images/resized/0016/0611/160611v3-max-150x150.png"],
     [[250,
       117],
      "http://api-images.crunchbase.com/assets/images/resized/0016/0611/160611v3-max-250x250.png"],
     [[339,
       160],
      "http://api-images.crunchbase.com/assets/images/resized/0016/0611/160611v3-max-450x450.png"]],
   "attribution": null},
 "products":
  [],
 "relationships":
  [{"is_past": false,
    "title": "Co-Founder and CEO",
    "person":
     {"first_name": "Patrick",
      "last_name": "Peterson",
      "permalink": "patrick-peterson"}},
   {"is_past": false,
    "title": "Acting CFO",
    "person":
     {"first_name": "Jesper",
      "last_name": "Stroe",
      "permalink": "jesper-stroe"}},
   {"is_past": false,
    "title": "CTO",
    "person":
     {"first_name": "Vidur",
      "last_name": "Apparap",
      "permalink": "vidur-apparap"}},
   {"is_past": false,
    "title": "VP, Corporate Development",
    "person":
     {"first_name": "Alex",
      "last_name": "Garcia-Tobar",
      "permalink": "alex-garcia-tobar"}},
   {"is_past": false,
    "title": "Vice President of Engineering",
    "person":
     {"first_name": "Ingrum",
      "last_name": "Putz",
      "permalink": "ingrum-putz"}},
   {"is_past": false,
    "title": "EVP Global Sales",
    "person":
     {"first_name": "Brian",
      "last_name": "Harmon",
      "permalink": "brian-harmon-2"}},
   {"is_past": false,
    "title": "VP Product Management",
    "person":
     {"first_name": "Bob",
      "last_name": "Pratt",
      "permalink": "bob-pratt"}},
   {"is_past": false,
    "title": "Director of Product Management \u0026 Receiver Partnerships",
    "person":
     {"first_name": "Mike",
      "last_name": "Jones",
      "permalink": "mike-jones-11"}},
   {"is_past": false,
    "title": "Operations",
    "person":
     {"first_name": "Courtney",
      "last_name": "Boisseree",
      "permalink": "courtney-boisseree"}},
   {"is_past": false,
    "title": "Director, Support and Professional Services",
    "person":
     {"first_name": "Tomki",
      "last_name": "Camp",
      "permalink": "tomki-camp"}},
   {"is_past": false,
    "title": "Inside Sales",
    "person":
     {"first_name": "Bikash",
      "last_name": "Chand",
      "permalink": "bikash-chand"}},
   {"is_past": false,
    "title": "Senior Software Engineer",
    "person":
     {"first_name": "Andrew",
      "last_name": "Hury",
      "permalink": "andrew-hury"}},
   {"is_past": false,
    "title": "Technical Lead, Engineering",
    "person":
     {"first_name": "Julian",
      "last_name": "Mehnle",
      "permalink": "julian-mehnle"}},
   {"is_past": false,
    "title": "Senior Software Engineer",
    "person":
     {"first_name": "Bryan",
      "last_name": "Costales",
      "permalink": "bryan-costales"}},
   {"is_past": false,
    "title": "Head of Marketing",
    "person":
     {"first_name": "Kristen",
      "last_name": "Alexander",
      "permalink": "kristen-alexander"}},
   {"is_past": false,
    "title": "Director, Sales Engineering",
    "person":
     {"first_name": "John",
      "last_name": "Wilson",
      "permalink": "john-wilson"}},
   {"is_past": false,
    "title": "Director, Customer Success",
    "person":
     {"first_name": "Steve",
      "last_name": "Martensen",
      "permalink": "steve-martensen"}},
   {"is_past": false,
    "title": "Corporate Sales Manager",
    "person":
     {"first_name": "Ian",
      "last_name": "Levine",
      "permalink": "ian-levine"}},
   {"is_past": false,
    "title": "Solutions Engineer",
    "person":
     {"first_name": "Danielle",
      "last_name": "Light",
      "permalink": "danielle-light"}},
   {"is_past": false,
    "title": "Senior Software Engineer",
    "person":
     {"first_name": "Scott",
      "last_name": "Sandon",
      "permalink": "scott-sandon"}},
   {"is_past": false,
    "title": "Engineering",
    "person":
     {"first_name": "Zachary",
      "last_name": "Train",
      "permalink": "tack-train"}},
   {"is_past": false,
    "title": "Operations",
    "person":
     {"first_name": "Alana",
      "last_name": "Karsch",
      "permalink": "alana-karsch"}},
   {"is_past": true,
    "title": "VP of Marketing",
    "person":
     {"first_name": "Daniel",
      "last_name": "Raskin",
      "permalink": "daniel-raskin"}},
   {"is_past": true,
    "title": "Vice President, Business Development",
    "person":
     {"first_name": "Julio",
      "last_name": "Tapia",
      "permalink": "julio-tapia"}},
   {"is_past": true,
    "title": "Program Manager",
    "person":
     {"first_name": "Jenna",
      "last_name": "Petersen",
      "permalink": "jenna-petersen"}},
   {"is_past": true,
    "title": "Independent Contractor/ Administrative Support",
    "person":
     {"first_name": "Karen",
      "last_name": "Fan",
      "permalink": "karen-fan"}},
   {"is_past": true,
    "title": "Intern",
    "person":
     {"first_name": "Siobhan",
      "last_name": "Gillis",
      "permalink": "siobhan-gillis"}}],
 "competitions":
  [],
 "providerships":
  [],
 "total_money_raised": "$7.5M",
 "funding_rounds":
  [{"id": 26308,
    "round_code": "a",
    "source_url": "http://techcrunch.com/2011/11/02/email-security-startup-agari-raises-2-5m-from-alloy-battery-greylock-and-first-round/",
    "source_description": "Email Security Startup Agari Raises $2.5M From Alloy, Battery, Greylock And First Round",
    "raised_amount": 2500000.0,
    "raised_currency_code": "USD",
    "funded_year": 2011,
    "funded_month": 11,
    "funded_day": 2,
    "investments":
     [{"company": null,
       "financial_org":
        {"name": "Alloy Ventures",
         "permalink": "alloy-ventures"},
       "person": null},
      {"company": null,
       "financial_org":
        {"name": "Battery Ventures",
         "permalink": "battery-ventures"},
       "person": null},
      {"company": null,
       "financial_org":
        {"name": "First Round Capital",
         "permalink": "first-round-capital"},
       "person": null},
      {"company": null,
       "financial_org":
        {"name": "Greylock Partners",
         "permalink": "greylock"},
       "person": null},
      {"company": null,
       "financial_org": null,
       "person":
        {"first_name": "Scott",
         "last_name": "Banister",
         "permalink": "scott-banister"}}]},
   {"id": 35805,
    "round_code": "unattributed",
    "source_url": "http://pevc.dowjones.com/article?an=DJFVW00020130225e92pqtaiq\u0026from=alert\u0026pid=32\u0026ReturnUrl=http%3a%2f%2fpevc.dowjones.com%3a80%2farticle%3fan%3dDJFVW00020130225e92pqtaiq%26from%3dalert%26pid%3d32",
    "source_description": "Agari Data Secures $5M to Keep Business Email Safe",
    "raised_amount": 5000000.0,
    "raised_currency_code": "USD",
    "funded_year": 2013,
    "funded_month": 2,
    "funded_day": 25,
    "investments":
     [{"company": null,
       "financial_org":
        {"name": "Alloy Ventures",
         "permalink": "alloy-ventures"},
       "person": null},
      {"company": null,
       "financial_org":
        {"name": "Battery Ventures",
         "permalink": "battery-ventures"},
       "person": null},
      {"company": null,
       "financial_org":
        {"name": "First Round Capital",
         "permalink": "first-round-capital"},
       "person": null},
      {"company": null,
       "financial_org":
        {"name": "Greylock Partners Israel",
         "permalink": "greylock-partners-israel"},
       "person": null}]}],
 "investments":
  [],
 "acquisition": null,
 "acquisitions":
  [],
 "offices":
  [{"description": "",
    "address1": "100 S. Ellsworth St",
    "address2": "4th floor",
    "zip_code": "94401",
    "city": "San Mateo",
    "state_code": "CA",
    "country_code": "USA",
    "latitude": 37.4467574,
    "longitude": -122.1584716}],
 "milestones":
  [{"id": 41405,
    "description": "Agari, Recipient of the JPMorgan Chase Hall of Innovation Award",
    "stoned_year": 2013,
    "stoned_month": 10,
    "stoned_day": 17,
    "source_url": "http://agari.com/2013/10/17/agari-honored-with-jpmorgan-chase-hall-of-innovation-award/",
    "source_text": null,
    "source_description": "Agari Honored with JPMorgan Chase Hall of Innovation Award",
    "stoneable_type": "Company",
    "stoned_value": null,
    "stoned_value_type": null,
    "stoned_acquirer": null,
    "stoneable":
     {"name": "Agari Data",
      "permalink": "agari-data"}}],
 "ipo": null,
 "video_embeds":
  [],
 "screenshots":
  [],
 "external_links":
  [],
 "partners":
  []}
