{"name": "Agendize",
 "permalink": "agendize",
 "crunchbase_url": "http://www.crunchbase.com/company/agendize",
 "homepage_url": "http://www.agendize.com",
 "blog_url": "http://blog.agendize.com",
 "blog_feed_url": "http://feeds.feedburner.com/agendize",
 "twitter_username": "agendize",
 "category_code": "advertising",
 "number_of_employees": null,
 "founded_year": 2003,
 "founded_month": null,
 "founded_day": null,
 "deadpooled_year": null,
 "deadpooled_month": null,
 "deadpooled_day": null,
 "deadpooled_url": null,
 "tag_list": "mobile-advertising, mobile-marketing, conversion, click-to-call, telephony, live-chat, online-scheduling, form-builder",
 "alias_list": "",
 "email_address": "",
 "phone_number": "",
 "description": "Conversion Toolbox",
 "created_at": "Tue Sep 22 00:09:21 UTC 2009",
 "updated_at": "Tue Apr 01 16:53:57 UTC 2014",
 "overview": "\u003Cp\u003EAgendize offers a suite of tools that help publishers and marketers better engage their users online and inspire these users to move from passive search/browsing to taking an action like making a phone call, chatting or scheduling an appointment. Their current client base includes small and large corporations in 25 countries within the Americas, Europe, Africa and Asia.\u003C/p\u003E",
 "image":
  {"available_sizes":
    [[[150,
       48],
      "http://api-images.crunchbase.com/assets/images/resized/0006/0385/60385v9-max-150x150.jpg"],
     [[250,
       81],
      "http://api-images.crunchbase.com/assets/images/resized/0006/0385/60385v9-max-250x250.jpg"],
     [[450,
       146],
      "http://api-images.crunchbase.com/assets/images/resized/0006/0385/60385v9-max-450x450.jpg"]],
   "attribution": null},
 "products":
  [],
 "relationships":
  [{"is_past": false,
    "title": "Co - Founder \u0026 Chief Architect",
    "person":
     {"first_name": "Christophe",
      "last_name": "Berge",
      "permalink": "christophe-berge"}},
   {"is_past": false,
    "title": "CEO \u0026 Chairman of the Board",
    "person":
     {"first_name": "Alexandre",
      "last_name": "Rambaud",
      "permalink": "alexandre-rambaud"}},
   {"is_past": false,
    "title": "Board of Directors \u0026 Chief Marketing Officer",
    "person":
     {"first_name": "Freddy",
      "last_name": "Mini",
      "permalink": "freddy-mini"}},
   {"is_past": false,
    "title": "Vice President",
    "person":
     {"first_name": "Matt",
      "last_name": "Fogel",
      "permalink": "matt-fogel"}},
   {"is_past": false,
    "title": "President",
    "person":
     {"first_name": "Alf",
      "last_name": "Poor",
      "permalink": "alf-poor"}},
   {"is_past": false,
    "title": "VP, Engineering \u0026 IT",
    "person":
     {"first_name": "Cedric",
      "last_name": "Peyruqueou",
      "permalink": "cedric-peyruqueou"}}],
 "competitions":
  [{"competitor":
     {"name": "LiveChat Software",
      "permalink": "livechatsoftware"}},
   {"competitor":
     {"name": "LiveChat",
      "permalink": "livechat"}}],
 "providerships":
  [],
 "total_money_raised": "$2.8M",
 "funding_rounds":
  [{"id": 8672,
    "round_code": "b",
    "source_url": "http://paidcontent.org/article/419-agendize-raises-1.3-million-for-local-mobile-marketing-services/",
    "source_description": "AgendiZe Raises $1.3 Million For Local, Mobile Marketing Services",
    "raised_amount": 1300000.0,
    "raised_currency_code": "USD",
    "funded_year": 2009,
    "funded_month": 9,
    "funded_day": 21,
    "investments":
     [{"company": null,
       "financial_org":
        {"name": "Entrepreneur Venture",
         "permalink": "entrepreneur-venture"},
       "person": null}]},
   {"id": 14924,
    "round_code": "a",
    "source_url": "http://www.agendize.com/press/AgendiZe%20funding%20PR%20March%202006.pdf",
    "source_description": "AgendiZe, the Most Universal Click-to-Save \u0026 Share Service in the World, Receives 1.5 Million Euros in Funding",
    "raised_amount": 1500000.0,
    "raised_currency_code": "EUR",
    "funded_year": 2006,
    "funded_month": 4,
    "funded_day": 3,
    "investments":
     [{"company": null,
       "financial_org":
        {"name": "Aube Investissement",
         "permalink": "aube-investissement"},
       "person": null},
      {"company": null,
       "financial_org":
        {"name": "BNP Paribas",
         "permalink": "bnp-paribas-private-equity"},
       "person": null},
      {"company": null,
       "financial_org":
        {"name": "Champagne Ardenne Croissance",
         "permalink": "champagne-ardenne-croissance"},
       "person": null}]}],
 "investments":
  [],
 "acquisition": null,
 "acquisitions":
  [],
 "offices":
  [{"description": "Agendize Inc.",
    "address1": "",
    "address2": "3981 Saint-Laurent Boulevard #210",
    "zip_code": "H2W 1Y5",
    "city": "Montreal",
    "state_code": null,
    "country_code": "CAN",
    "latitude": null,
    "longitude": null}],
 "milestones":
  [],
 "ipo": null,
 "video_embeds":
  [{"embed_code": "\u003Cobject width=\"450\" height=\"278\"\u003E\u003Cparam name=\"movie\" value=\"http://www.youtube.com/v/C6MYFAPyqMI?fs=1\u0026amp;hl=en_US\u0026amp;rel=0\"\u003E\u003C/param\u003E\u003Cparam name=\"allowFullScreen\" value=\"true\"\u003E\u003C/param\u003E\u003Cparam name=\"allowscriptaccess\" value=\"always\"\u003E\u003C/param\u003E\u003Cembed src=\"http://www.youtube.com/v/C6MYFAPyqMI?fs=1\u0026amp;hl=en_US\u0026amp;rel=0\" type=\"application/x-shockwave-flash\" allowscriptaccess=\"always\" allowfullscreen=\"true\" width=\"450\" height=\"278\"\u003E\u003C/embed\u003E\u003C/object\u003E",
    "description": "\u003Cp\u003EWhat is Agendize?\u003C/p\u003E"}],
 "screenshots":
  [],
 "external_links":
  [],
 "partners":
  []}
