{"name": "Agency Systems",
 "permalink": "agency-system",
 "crunchbase_url": "http://www.crunchbase.com/company/agency-system",
 "homepage_url": "http://www.agencysystems.com",
 "blog_url": "",
 "blog_feed_url": "",
 "twitter_username": "agencysystems",
 "category_code": "software",
 "number_of_employees": null,
 "founded_year": null,
 "founded_month": null,
 "founded_day": null,
 "deadpooled_year": null,
 "deadpooled_month": null,
 "deadpooled_day": null,
 "deadpooled_url": null,
 "tag_list": "",
 "alias_list": "agency-solutions-com",
 "email_address": "support@agencysystems.com",
 "phone_number": "(979) 260-9702",
 "description": "proposal software",
 "created_at": "Tue Jan 26 09:28:28 UTC 2010",
 "updated_at": "Mon Oct 14 10:48:07 UTC 2013",
 "overview": "\u003Cp\u003EAgency Systems offers productive agency management systems, backed by decades of experience:\nInsurance management software for commercial and personal lines agencies, retail agents, brokers and MGAs.\u003C/p\u003E\n\n\u003Cp\u003ENewton by Agency Systems provides insurance agencies of all sizes with reliable, full featured insurance management software systems. We offer the finest insurance accounting software, Acord forms, carrier integration, and client services in the industry.\u003C/p\u003E\n\n\u003Cp\u003ENewton is the latest product from Agency Systems software, providing agencies of all sizes with reliable, full featured insurance agency management software. Newton is fully scalable for operations of any magnitude, and is the easiest software to learn and use among insurance agency management systems and insurance broker software on the market today.\u003C/p\u003E",
 "image":
  {"available_sizes":
    [[[150,
       34],
      "http://api-images.crunchbase.com/assets/images/resized/0007/4875/74875v1-max-150x150.jpg"],
     [[164,
       38],
      "http://api-images.crunchbase.com/assets/images/resized/0007/4875/74875v1-max-250x250.jpg"],
     [[164,
       38],
      "http://api-images.crunchbase.com/assets/images/resized/0007/4875/74875v1-max-450x450.jpg"]],
   "attribution": null},
 "products":
  [],
 "relationships":
  [],
 "competitions":
  [],
 "providerships":
  [],
 "total_money_raised": "$1.89M",
 "funding_rounds":
  [{"id": 11526,
    "round_code": "unattributed",
    "source_url": "",
    "source_description": "EDGAR",
    "raised_amount": 1890000.0,
    "raised_currency_code": "USD",
    "funded_year": 2009,
    "funded_month": 10,
    "funded_day": 31,
    "investments":
     []}],
 "investments":
  [],
 "acquisition": null,
 "acquisitions":
  [],
 "offices":
  [{"description": "HQ",
    "address1": "2525 East Colorado Boulevard",
    "address2": "",
    "zip_code": "91107-3756",
    "city": "Pasadena",
    "state_code": "CO",
    "country_code": "USA",
    "latitude": null,
    "longitude": null}],
 "milestones":
  [],
 "ipo": null,
 "video_embeds":
  [],
 "screenshots":
  [{"available_sizes":
     [[[150,
        82],
       "http://api-images.crunchbase.com/assets/images/resized/0034/1677/341677v1-max-150x150.jpg"],
      [[250,
        137],
       "http://api-images.crunchbase.com/assets/images/resized/0034/1677/341677v1-max-250x250.jpg"],
      [[450,
        247],
       "http://api-images.crunchbase.com/assets/images/resized/0034/1677/341677v1-max-450x450.jpg"]],
    "attribution": null}],
 "external_links":
  [],
 "partners":
  []}
