{"name": "Agile Corporation",
 "permalink": "agile-corporation",
 "crunchbase_url": "http://www.crunchbase.com/company/agile-corporation",
 "homepage_url": "http://www.agilecorporation.com.au",
 "blog_url": "",
 "blog_feed_url": "",
 "twitter_username": "_agile",
 "category_code": "consulting",
 "number_of_employees": 4,
 "founded_year": 2008,
 "founded_month": 9,
 "founded_day": null,
 "deadpooled_year": 2013,
 "deadpooled_month": 10,
 "deadpooled_day": null,
 "deadpooled_url": "",
 "tag_list": "web-2-0, web-design, agile-methodology, graphic-design, e-commerce, e-marketing, cms, seo",
 "alias_list": null,
 "email_address": "info@agilecorporation.com.au",
 "phone_number": "1300 66 46 48",
 "description": "Online Marketing and Strategy",
 "created_at": "Sun Jan 31 23:28:52 UTC 2010",
 "updated_at": "Mon Mar 31 09:06:36 UTC 2014",
 "overview": "\u003Cp\u003EAgile Corporation, a self-funded startup with Head offices in Melbourne, Australia and Branch locations in Sydney and Perth that launched in 2008.\u003C/p\u003E\n\n\u003Cp\u003EAgile Corporation operates as a parent entrepreneurial organisation overseeing the implementation and management of online and offline creative solutions. Agile Methodology is used throughout the company to deliver projects.\u003C/p\u003E\n\n\u003Cp\u003EAgile Corporation currently manages the online marketing strategy firm \u003Ca href=\"http://www.webitecture.com.au\" title=\"Webitecture\u00e2\u201e\u00a2\" rel=\"nofollow\"\u003EWebitecture\u00e2\u201e\u00a2\u003C/a\u003E as its revenue generator funding future projects which Agile plans to deliver. \u003Ca href=\"http://www.webitecture.com.au\" title=\"Webitecture\u00e2\u201e\u00a2\" rel=\"nofollow\"\u003EWebitecture\u00e2\u201e\u00a2\u003C/a\u003E provides Content Managed Web 2.0 solutions and custom web applications and specialises in e-Commerce, e-Marketing and Search Engine Optimisation products.\u003C/p\u003E",
 "image":
  {"available_sizes":
    [[[150,
       63],
      "http://api-images.crunchbase.com/assets/images/resized/0007/5575/75575v4-max-150x150.png"],
     [[250,
       105],
      "http://api-images.crunchbase.com/assets/images/resized/0007/5575/75575v4-max-250x250.png"],
     [[434,
       184],
      "http://api-images.crunchbase.com/assets/images/resized/0007/5575/75575v4-max-450x450.png"]],
   "attribution": null},
 "products":
  [],
 "relationships":
  [{"is_past": true,
    "title": "VP of Product Development",
    "person":
     {"first_name": "Stephen",
      "last_name": "Van Lare",
      "permalink": "stephen-van-lare"}},
   {"is_past": true,
    "title": "Managing Director",
    "person":
     {"first_name": "Sam",
      "last_name": "Akbari",
      "permalink": "sam-akbari"}},
   {"is_past": true,
    "title": "Consultant",
    "person":
     {"first_name": "Arpita",
      "last_name": "Maity",
      "permalink": "arpita-maity"}}],
 "competitions":
  [],
 "providerships":
  [],
 "total_money_raised": "$0",
 "funding_rounds":
  [],
 "investments":
  [],
 "acquisition": null,
 "acquisitions":
  [],
 "offices":
  [{"description": "Head office",
    "address1": "L1, 9-12 Hood Street",
    "address2": "VIC",
    "zip_code": "3066",
    "city": "Collingwood",
    "state_code": null,
    "country_code": "AUS",
    "latitude": null,
    "longitude": null}],
 "milestones":
  [],
 "ipo": null,
 "video_embeds":
  [],
 "screenshots":
  [],
 "external_links":
  [],
 "partners":
  []}
