{"name": "Agilebuddy",
 "permalink": "agilebuddy",
 "crunchbase_url": "http://www.crunchbase.com/company/agilebuddy",
 "homepage_url": "http://www.agilebuddy.com",
 "blog_url": "http://blog.agilebuddy.com",
 "blog_feed_url": "http://blog.agilebuddy.com/agilebuddy/atom.xml",
 "twitter_username": "Agilebuddy",
 "category_code": "software",
 "number_of_employees": 30,
 "founded_year": 2009,
 "founded_month": 1,
 "founded_day": 1,
 "deadpooled_year": null,
 "deadpooled_month": null,
 "deadpooled_day": null,
 "deadpooled_url": null,
 "tag_list": "agile, project-management, software, agilebuddy, scrum, tools",
 "alias_list": null,
 "email_address": "info@agilebuddy.com",
 "phone_number": "416.488.1999",
 "description": "Agile Project Management Software",
 "created_at": "Tue Nov 24 17:17:11 UTC 2009",
 "updated_at": "Tue Nov 24 22:41:37 UTC 2009",
 "overview": "\u003Cp\u003EAgileBuddy is next generation Scrum project management software that lets you easily Create, Estimate, Plan and Track your software projects. \u003C/p\u003E\n\n\u003Cp\u003ELeading edge software companies are all making the move to Agile methodologies like Scrum. Scrum leverages frequent and regular communication and collaboration to improve a development team\u00e2\u20ac\u2122s ability to:\u003C/p\u003E\n\n\u003Cpre\u003E\u003Ccode\u003E* Accelerate time-to-market\n* Manage changing requirements\n* Enhance product quality\n\u003C/code\u003E\u003C/pre\u003E\n\n\u003Cp\u003EAgilebuddy\u00e2\u20ac\u2122s Scrum tools provide rich collaboration and document sharing capabilities one would expect from a modern software tool enabling \u00e2\u20ac\u0153virtual colocation\u00e2\u20ac\u009d for global software teams.\u003C/p\u003E",
 "image":
  {"available_sizes":
    [[[150,
       50],
      "http://api-images.crunchbase.com/assets/images/resized/0006/7459/67459v2-max-150x150.jpg"],
     [[222,
       75],
      "http://api-images.crunchbase.com/assets/images/resized/0006/7459/67459v2-max-250x250.jpg"],
     [[222,
       75],
      "http://api-images.crunchbase.com/assets/images/resized/0006/7459/67459v2-max-450x450.jpg"]],
   "attribution": null},
 "products":
  [],
 "relationships":
  [],
 "competitions":
  [],
 "providerships":
  [],
 "total_money_raised": "$0",
 "funding_rounds":
  [],
 "investments":
  [],
 "acquisition": null,
 "acquisitions":
  [],
 "offices":
  [],
 "milestones":
  [],
 "ipo": null,
 "video_embeds":
  [],
 "screenshots":
  [],
 "external_links":
  [],
 "partners":
  []}
