{"name": "Agios Pharmaceuticals",
 "permalink": "agios-pharmaceuticals",
 "crunchbase_url": "http://www.crunchbase.com/company/agios-pharmaceuticals",
 "homepage_url": "http://www.agiospharmaceuticals.com",
 "blog_url": "http://www.agios.com/about-blog.php",
 "blog_feed_url": "",
 "twitter_username": null,
 "category_code": "biotech",
 "number_of_employees": null,
 "founded_year": 2008,
 "founded_month": null,
 "founded_day": null,
 "deadpooled_year": null,
 "deadpooled_month": null,
 "deadpooled_day": null,
 "deadpooled_url": null,
 "tag_list": "",
 "alias_list": "",
 "email_address": "",
 "phone_number": "617-649-8600",
 "description": "",
 "created_at": "Wed Dec 30 05:24:50 UTC 2009",
 "updated_at": "Tue Dec 17 23:38:51 UTC 2013",
 "overview": "\u003Cp\u003EAgios Pharmaceuticals, Inc., a biopharmaceutical company, discovers and develops therapeutics in the field of cancer metabolism.\u003C/p\u003E\n\n\u003Cp\u003EIt also develops drugs that focus on glycolysis, fatty acid metabolism, and autophagy. The company\u0026#8217;s therapeutics are used in the areas of autoimmune, inflammatory, and neurological diseases.\u003C/p\u003E\n\n\u003Cp\u003EAgios Pharmaceuticals, Inc. was formerly known as CANCER METABOLISM THERAPEUTICS, INC. and changed its name to Agios Pharmaceuticals, Inc. in April 2008. The company is based in Cambridge, Massachusetts.\u003C/p\u003E",
 "image":
  {"available_sizes":
    [[[150,
       33],
      "http://api-images.crunchbase.com/assets/images/resized/0007/1525/71525v1-max-150x150.png"],
     [[175,
       39],
      "http://api-images.crunchbase.com/assets/images/resized/0007/1525/71525v1-max-250x250.png"],
     [[175,
       39],
      "http://api-images.crunchbase.com/assets/images/resized/0007/1525/71525v1-max-450x450.png"]],
   "attribution": null},
 "products":
  [],
 "relationships":
  [{"is_past": false,
    "title": "Founders",
    "person":
     {"first_name": "Tak",
      "last_name": "W. Mak",
      "permalink": "tak-w-mak-ph-d"}},
   {"is_past": false,
    "title": "CEO",
    "person":
     {"first_name": "David",
      "last_name": "Schenkein",
      "permalink": "david-schenkein"}},
   {"is_past": false,
    "title": "Chief Operating Officer",
    "person":
     {"first_name": "Duncan",
      "last_name": "Higgons",
      "permalink": "duncan-higgons"}},
   {"is_past": false,
    "title": "VP Legal Affairs",
    "person":
     {"first_name": "Min",
      "last_name": "Wang",
      "permalink": "min-wang"}},
   {"is_past": false,
    "title": "VP Biology",
    "person":
     {"first_name": "Marion",
      "last_name": "Dorsch",
      "permalink": "marion-dorsch"}},
   {"is_past": false,
    "title": "SVP Finance",
    "person":
     {"first_name": "Glenn",
      "last_name": "Goddard",
      "permalink": "glenn-goddard"}},
   {"is_past": false,
    "title": "Co-Founder",
    "person":
     {"first_name": "Lewis",
      "last_name": "C. Cantley",
      "permalink": "lewis-c-cantley"}},
   {"is_past": false,
    "title": "senior vice president, research \u0026 development",
    "person":
     {"first_name": "Shin-San",
      "last_name": "Michael",
      "permalink": "shin-san-michael"}},
   {"is_past": false,
    "title": "Board of Directors",
    "person":
     {"first_name": "Bob",
      "last_name": "Nelsen",
      "permalink": "bob-nelsen"}},
   {"is_past": false,
    "title": "Board of Directors",
    "person":
     {"first_name": "Lewis",
      "last_name": "C. Cantley",
      "permalink": "lewis-c-cantley"}},
   {"is_past": false,
    "title": "Board of Directors",
    "person":
     {"first_name": "John",
      "last_name": "Maraganore",
      "permalink": "john-maraganore"}},
   {"is_past": false,
    "title": "Board Member",
    "person":
     {"first_name": "Robert",
      "last_name": "T. Nelsen",
      "permalink": "robert-t-nelsen"}},
   {"is_past": false,
    "title": "Board of Directors",
    "person":
     {"first_name": "Perry",
      "last_name": "Karsen",
      "permalink": "perry-a-karsen"}},
   {"is_past": false,
    "title": "Board of Directors",
    "person":
     {"first_name": "Paul",
      "last_name": "J. Clancy",
      "permalink": "paul-j-clancy"}},
   {"is_past": false,
    "title": "Scientific Advisors",
    "person":
     {"first_name": "Joan",
      "last_name": "Brugge",
      "permalink": "joan-brugge-ph-d"}},
   {"is_past": false,
    "title": "Scientific Advisors",
    "person":
     {"first_name": "William",
      "last_name": "G. Kaelin",
      "permalink": "william-g-kaelin-jr-m-d"}},
   {"is_past": false,
    "title": "Scientific Advisors",
    "person":
     {"first_name": "David",
      "last_name": "M. Sabatini",
      "permalink": "david-m-sabatini-m-d-ph-d"}},
   {"is_past": false,
    "title": "Scientific Advisors",
    "person":
     {"first_name": "Matthew",
      "last_name": "Vander Heiden",
      "permalink": "matthew-vander-heiden-m-d-ph-d"}},
   {"is_past": false,
    "title": "Chief Scientific Officer",
    "person":
     {"first_name": "Scott",
      "last_name": "Biller",
      "permalink": "scott-biller"}},
   {"is_past": false,
    "title": "Director of Human Resources",
    "person":
     {"first_name": "Camille",
      "last_name": "Henderson",
      "permalink": "camille-henderson"}},
   {"is_past": false,
    "title": "Board of Directors",
    "person":
     {"first_name": "Doug",
      "last_name": "Cole",
      "permalink": "doug-cole"}},
   {"is_past": false,
    "title": "Board of Directors",
    "person":
     {"first_name": "Kevin",
      "last_name": "Starr",
      "permalink": "kevin-starr"}},
   {"is_past": false,
    "title": "Board of Directors",
    "person":
     {"first_name": "Marc",
      "last_name": "Tessier-Lavigne",
      "permalink": "marc-tessier-lavigne"}},
   {"is_past": false,
    "title": "Board of Directors",
    "person":
     {"first_name": "Douglas",
      "last_name": "G. Cole",
      "permalink": "douglas-g-cole"}},
   {"is_past": false,
    "title": "VP Business Development \u0026 Operations",
    "person":
     {"first_name": "John",
      "last_name": "Evans",
      "permalink": "john-evans-2"}},
   {"is_past": false,
    "title": "Founder",
    "person":
     {"first_name": "Craig",
      "last_name": "B. Thompson",
      "permalink": "craig-b-thompson-m-d"}},
   {"is_past": false,
    "title": "Scientific Advisors",
    "person":
     {"first_name": "Jeffrey",
      "last_name": "Engelman",
      "permalink": "jeffrey-engelman-m-d-ph-d"}},
   {"is_past": false,
    "title": "Scientific Advisors",
    "person":
     {"first_name": "Pier",
      "last_name": "Paolo Pandolfi",
      "permalink": "pier-paolo-pandolfi-m-d-ph-d"}},
   {"is_past": false,
    "title": "Scientific Advisors",
    "person":
     {"first_name": "Charles",
      "last_name": "Sawyers",
      "permalink": "charles-sawyers-m-d"}}],
 "competitions":
  [],
 "providerships":
  [],
 "total_money_raised": "$86.8M",
 "funding_rounds":
  [{"id": 10726,
    "round_code": "unattributed",
    "source_url": "http://www.finsmes.com/2009/12/agios-pharmaceuticals-receives-funding.html",
    "source_description": "Agios Pharmaceuticals Receives Funding to Support Research into Novel Therapeutics and Diagnostics for Brain Cancer",
    "raised_amount": null,
    "raised_currency_code": "USD",
    "funded_year": 2009,
    "funded_month": 12,
    "funded_day": 23,
    "investments":
     []},
   {"id": 26619,
    "round_code": "c",
    "source_url": "http://www.finsmes.com/2011/11/agios-pharmaceuticals-raises-78m-series-financing.html?utm_source=feedburner\u0026utm_medium=feed\u0026utm_campaign=Feed%3A+finsmes%2FcNHu+%28FinSMEs%29",
    "source_description": "Agios Pharmaceuticals Raises $78M in Series C Financing",
    "raised_amount": 78000000.0,
    "raised_currency_code": "USD",
    "funded_year": 2011,
    "funded_month": 11,
    "funded_day": 17,
    "investments":
     [{"company":
        {"name": "Celgene",
         "permalink": "celgene"},
       "financial_org": null,
       "person": null},
      {"company": null,
       "financial_org":
        {"name": "ARCH Venture Partners",
         "permalink": "arch-venture-partners"},
       "person": null},
      {"company": null,
       "financial_org":
        {"name": "Flagship Ventures",
         "permalink": "flagship-ventures"},
       "person": null},
      {"company": null,
       "financial_org":
        {"name": "Third Rock Ventures",
         "permalink": "third-rock-ventures"},
       "person": null}]},
   {"id": 57671,
    "round_code": "unattributed",
    "source_url": "http://www.sec.gov/Archives/edgar/data/1439222/000143922210000002/xslFormDX01/primary_doc.xml",
    "source_description": "SEC",
    "raised_amount": 8823937.0,
    "raised_currency_code": "USD",
    "funded_year": 2010,
    "funded_month": 4,
    "funded_day": 26,
    "investments":
     []}],
 "investments":
  [],
 "acquisition": null,
 "acquisitions":
  [],
 "offices":
  [{"description": "",
    "address1": "38 Sidney Street",
    "address2": "2nd Floor",
    "zip_code": "02139",
    "city": "Cambridge",
    "state_code": "MA",
    "country_code": "USA",
    "latitude": null,
    "longitude": null}],
 "milestones":
  [{"id": 4859,
    "description": "Agios scores $130M upfront from Celgene pact\r\n\r\n\r\n",
    "stoned_year": 2010,
    "stoned_month": 4,
    "stoned_day": 15,
    "source_url": "http://www.fiercebiotech.com/story/agios-scores-130m-upfront-ambitious-celgene-pact/2010-04-15",
    "source_text": "Celgene is cozying up to 2009 Fierce 15 winner Agios Pharmaceuticals with an ambitious licensing deal that includes $120 million in milestones for each successful new drug program that springs off of Agios' platform for cancer metabolism along with a hefty $130 million upfront--an eye-popping figure for a collaboration that is getting started at the preclinical stage. The upfront fee includes an equity investment.\r\nCelgene gains an option to commercialize any of the drugs that roll off the cancer metabolism platform and makes it through Phase I. The biotech will pick up development costs at that point and provide royalties on any approved product. Agios retains co-promotion rights in the U.S.\r\nAgios is targeting metabolic enzymes that are unique to rapidly proliferating cancer cells, believing its technology can \"starve\" the cancer.\r\n\"Agios' approach is unique and groundbreaking. We look for early opportunities in the IDH1 and PKM2 programs and see exceptional value in new targets Agios is uniquely positioned to prosecute,\" said Thomas Daniel, M.D., president of research for Celgene. \"We believe the strategic alliance with Agios can expand our deep and diverse pipeline of innovative programs focused on changing treatment paradigms in serious and debilitating diseases.\"\r\n\r\n\r\nRead more: http://www.fiercebiotech.com/story/agios-scores-130m-upfront-ambitious-celgene-pact/2010-04-15#ixzz0lELe20Fu",
    "source_description": "Agios scores $130M upfront from ambitious Celgene pact   ",
    "stoneable_type": "Company",
    "stoned_value": null,
    "stoned_value_type": null,
    "stoned_acquirer": null,
    "stoneable":
     {"name": "Agios Pharmaceuticals",
      "permalink": "agios-pharmaceuticals"}},
   {"id": 8481,
    "description": "Agios adds Scott Biller as Chief Scientific Officer",
    "stoned_year": 2010,
    "stoned_month": 9,
    "stoned_day": 21,
    "source_url": "http://www.masshightech.com/stories/2010/09/20/daily24-Agios-appoints-Novartis-vet-Biller-as-CSO.html",
    "source_text": null,
    "source_description": "Mass High Tech",
    "stoneable_type": "Company",
    "stoned_value": null,
    "stoned_value_type": null,
    "stoned_acquirer": null,
    "stoneable":
     {"name": "Agios Pharmaceuticals",
      "permalink": "agios-pharmaceuticals"}},
   {"id": 44120,
    "description": "Agios gets $20M from Celgene to extend cancer drug agreement",
    "stoned_year": 2013,
    "stoned_month": 12,
    "stoned_day": 11,
    "source_url": "http://www.bizjournals.com/boston/blog/bioflash/2013/12/agios-gets-20m-from-celgene-to-extend.html?ana=twt",
    "source_text": "",
    "source_description": "Agios gets $20M from Celgene to extend cancer drug agreement",
    "stoneable_type": "Company",
    "stoned_value": null,
    "stoned_value_type": null,
    "stoned_acquirer": null,
    "stoneable":
     {"name": "Agios Pharmaceuticals",
      "permalink": "agios-pharmaceuticals"}}],
 "ipo":
  {"valuation_amount": null,
   "valuation_currency_code": "USD",
   "pub_year": 2013,
   "pub_month": 7,
   "pub_day": 25,
   "stock_symbol": "NASDAQ:AGIO"},
 "video_embeds":
  [],
 "screenshots":
  [{"available_sizes":
     [[[150,
        82],
       "http://api-images.crunchbase.com/assets/images/resized/0007/1524/71524v1-max-150x150.jpg"],
      [[250,
        137],
       "http://api-images.crunchbase.com/assets/images/resized/0007/1524/71524v1-max-250x250.jpg"],
      [[450,
        246],
       "http://api-images.crunchbase.com/assets/images/resized/0007/1524/71524v1-max-450x450.jpg"]],
    "attribution": null}],
 "external_links":
  [],
 "partners":
  []}
