{"name": "Agistix",
 "permalink": "agistix",
 "crunchbase_url": "http://www.crunchbase.com/company/agistix",
 "homepage_url": "http://www.agistix.com",
 "blog_url": "",
 "blog_feed_url": "",
 "twitter_username": null,
 "category_code": "software",
 "number_of_employees": null,
 "founded_year": null,
 "founded_month": null,
 "founded_day": null,
 "deadpooled_year": null,
 "deadpooled_month": null,
 "deadpooled_day": null,
 "deadpooled_url": null,
 "tag_list": "",
 "alias_list": "",
 "email_address": "sales@agistix.com",
 "phone_number": "1-650-362-2000 ",
 "description": "",
 "created_at": "Wed Aug 12 11:01:50 UTC 2009",
 "updated_at": "Tue Feb 08 00:15:37 UTC 2011",
 "overview": "\u003Cp\u003EAgistix is the first vendor to deliver on a new vision for enterprise-class global transportation solutions: Logistics Management Automation (LMA). Agistix provides LMA solutions as an on-demand service, providing companies with the technology and services needed to increase visibility and control costs of their inbound and outbound logistics at a low cost of ownership.\u003C/p\u003E",
 "image":
  {"available_sizes":
    [[[150,
       47],
      "http://api-images.crunchbase.com/assets/images/resized/0005/6114/56114v1-max-150x150.jpg"],
     [[163,
       52],
      "http://api-images.crunchbase.com/assets/images/resized/0005/6114/56114v1-max-250x250.jpg"],
     [[163,
       52],
      "http://api-images.crunchbase.com/assets/images/resized/0005/6114/56114v1-max-450x450.jpg"]],
   "attribution": null},
 "products":
  [],
 "relationships":
  [{"is_past": true,
    "title": "VP Finance",
    "person":
     {"first_name": "Tony",
      "last_name": "Wu",
      "permalink": "tony-wu"}}],
 "competitions":
  [],
 "providerships":
  [],
 "total_money_raised": "$0",
 "funding_rounds":
  [],
 "investments":
  [],
 "acquisition": null,
 "acquisitions":
  [],
 "offices":
  [{"description": "HEADQUARTERS",
    "address1": "643 Bair Island Rd.",
    "address2": "Suite 209",
    "zip_code": "94063",
    "city": "Redwood City",
    "state_code": "CA",
    "country_code": "USA",
    "latitude": 37.496744,
    "longitude": -122.22532}],
 "milestones":
  [],
 "ipo": null,
 "video_embeds":
  [],
 "screenshots":
  [{"available_sizes":
     [[[150,
        108],
       "http://api-images.crunchbase.com/assets/images/resized/0005/6115/56115v1-max-150x150.jpg"],
      [[250,
        180],
       "http://api-images.crunchbase.com/assets/images/resized/0005/6115/56115v1-max-250x250.jpg"],
      [[450,
        324],
       "http://api-images.crunchbase.com/assets/images/resized/0005/6115/56115v1-max-450x450.jpg"]],
    "attribution": null}],
 "external_links":
  [],
 "partners":
  []}
