{"name": "ag\u00c3\u00a1mi Systems",
 "permalink": "agmi-systems",
 "crunchbase_url": "http://www.crunchbase.com/company/agmi-systems",
 "homepage_url": "http://www.agami.com",
 "blog_url": "",
 "blog_feed_url": "",
 "twitter_username": null,
 "category_code": "hardware",
 "number_of_employees": null,
 "founded_year": 2003,
 "founded_month": null,
 "founded_day": null,
 "deadpooled_year": null,
 "deadpooled_month": null,
 "deadpooled_day": null,
 "deadpooled_url": null,
 "tag_list": "",
 "alias_list": "",
 "email_address": "",
 "phone_number": "408-349-0400",
 "description": "unified network storage solutions",
 "created_at": "Mon Feb 08 15:45:39 UTC 2010",
 "updated_at": "Mon Feb 08 15:56:57 UTC 2010",
 "overview": "\u003Cp\u003Eag\u00c3\u00a1mi Systems, Inc. went out of business. ag\u00c3\u00a1mi Systems, Inc. provides unified network storage solutions with integrated live file system replication for enterprises. It offers storage solutions for server virtualization environments, consolidation and simplification of windows-based storage environments, and replication-based data protection solutions, as well as disk-based backup, remote office consolidation, and healthcare storage solutions. The company provides AIS3000 and AIS6000 series unified network storage platforms. It offers Information Server, a network attached storage product line, which enables enterprises to share and protect information from remote locations. Further, the company offers built in disaster recovery and failover solutions, as well as support services. \u003C/p\u003E\n\n\u003Cp\u003Eag\u00c3\u00a1mi Systems, Inc. was founded in 2003 and is headquartered in Sunnyvale, California.\u003C/p\u003E",
 "image": null,
 "products":
  [],
 "relationships":
  [{"is_past": true,
    "title": "CEO and CTO",
    "person":
     {"first_name": "Kumar",
      "last_name": "Sreekanti",
      "permalink": "kumar-sreekanti"}},
   {"is_past": true,
    "title": "Chief Architect",
    "person":
     {"first_name": "M.C.",
      "last_name": "Srivas",
      "permalink": "m-c-srivas"}},
   {"is_past": true,
    "title": "Director of Engineering",
    "person":
     {"first_name": "Amos",
      "last_name": "Ben-Meir",
      "permalink": "amos-ben-meir"}}],
 "competitions":
  [],
 "providerships":
  [],
 "total_money_raised": "$50M",
 "funding_rounds":
  [{"id": 11843,
    "round_code": "c",
    "source_url": "http://www.venturedeal.com/News/2007/11/21/Agami-Systems-Raising-$50-Million-Funding",
    "source_description": "Agami Systems Raising $50 Million Funding",
    "raised_amount": 50000000.0,
    "raised_currency_code": "USD",
    "funded_year": 2007,
    "funded_month": 11,
    "funded_day": 21,
    "investments":
     [{"company": null,
       "financial_org":
        {"name": "Apex Venture Partners",
         "permalink": "apex-venture-partners"},
       "person": null},
      {"company": null,
       "financial_org":
        {"name": "DAG Ventures",
         "permalink": "dag-ventures"},
       "person": null},
      {"company": null,
       "financial_org":
        {"name": "Advanced Equities",
         "permalink": "advanced-equities"},
       "person": null},
      {"company": null,
       "financial_org":
        {"name": "TIF Ventures Pte",
         "permalink": "tif-ventures"},
       "person": null},
      {"company": null,
       "financial_org":
        {"name": "Alta Partners",
         "permalink": "alta-partners"},
       "person": null},
      {"company": null,
       "financial_org":
        {"name": "Kleiner Perkins Caufield \u0026 Byers",
         "permalink": "kleiner-perkins-caufield-byers"},
       "person": null},
      {"company": null,
       "financial_org":
        {"name": "New Enterprise Associates",
         "permalink": "new-enterprise-associates"},
       "person": null},
      {"company": null,
       "financial_org":
        {"name": "Itochu Finance",
         "permalink": "itochu-finance"},
       "person": null}]}],
 "investments":
  [],
 "acquisition": null,
 "acquisitions":
  [],
 "offices":
  [{"description": "HQ",
    "address1": "1269 Innsbruck Drive",
    "address2": "",
    "zip_code": "94089",
    "city": "Sunnyvale",
    "state_code": "CA",
    "country_code": "USA",
    "latitude": null,
    "longitude": null}],
 "milestones":
  [],
 "ipo": null,
 "video_embeds":
  [],
 "screenshots":
  [],
 "external_links":
  [],
 "partners":
  []}
