{"name": "Agoda.com",
 "permalink": "agoda",
 "crunchbase_url": "http://www.crunchbase.com/company/agoda",
 "homepage_url": "http://www.agoda.com",
 "blog_url": "http://travelblog.agoda.com",
 "blog_feed_url": "http://travelblog.agoda.com/home/rss.xml",
 "twitter_username": "agoda",
 "category_code": "ecommerce",
 "number_of_employees": 1400,
 "founded_year": 2005,
 "founded_month": null,
 "founded_day": null,
 "deadpooled_year": null,
 "deadpooled_month": null,
 "deadpooled_day": null,
 "deadpooled_url": null,
 "tag_list": "",
 "alias_list": "",
 "email_address": "",
 "phone_number": "+66-2-625-9100",
 "description": "online hotel reservation service",
 "created_at": "Fri Oct 09 07:07:40 UTC 2009",
 "updated_at": "Tue Mar 11 05:37:17 UTC 2014",
 "overview": "\u003Cp\u003EAgoda.com is one of the fastest-growing online hotel platforms worldwide, working with more than 360,000 hotels in 29 countries and providing its services in 38 different languages.\u003C/p\u003E\n\n\u003Cp\u003EAgoda.com employs over 1,400 professionals representing 64 nationalities in 36 locations around the world, with major operations in Singapore, Bangkok, Kuala Lumpur and Hong Kong. Dedicated market managers maintain relationships with hotel partners in Europe and the United States. Agoda aims to provide an affordable, accessible and easily available travel experience to customers in the Asia Pacific, Europe, the Americas, the Middle East, and Africa.\u003C/p\u003E\n\n\u003Cp\u003EThe company is also one of the leading IT employers in Southeast Asia, with core strengths in the hospitality industry, online and partner marketing, finance, customer support, and people and organizational development.\u003C/p\u003E\n\n\u003Cp\u003EAgoda.com was established in 2005 by Michael Kenny and Robert Rosenstein, two veterans of the online travel business. In 2007, it was acquired by Priceline.com, which is publicly traded on NASDAQ (Nasdaq:PCLN) and is part of the S\u0026amp;P 500.\u003C/p\u003E",
 "image":
  {"available_sizes":
    [[[150,
       64],
      "http://api-images.crunchbase.com/assets/images/resized/0006/2189/62189v3-max-150x150.jpg"],
     [[250,
       106],
      "http://api-images.crunchbase.com/assets/images/resized/0006/2189/62189v3-max-250x250.jpg"],
     [[449,
       192],
      "http://api-images.crunchbase.com/assets/images/resized/0006/2189/62189v3-max-450x450.jpg"]],
   "attribution": null},
 "products":
  [],
 "relationships":
  [],
 "competitions":
  [],
 "providerships":
  [],
 "total_money_raised": "$0",
 "funding_rounds":
  [],
 "investments":
  [],
 "acquisition":
  {"price_amount": null,
   "price_currency_code": "USD",
   "term_code": null,
   "source_url": "http://in.biz.yahoo.com/071112/139/6n485.html",
   "source_description": "Priceline.com acquires Agoda Company",
   "acquired_year": 2007,
   "acquired_month": 11,
   "acquired_day": 8,
   "acquiring_company":
    {"name": "Priceline",
     "permalink": "priceline"}},
 "acquisitions":
  [],
 "offices":
  [{"description": "Agoda Company Pte., Ltd.",
    "address1": "20 Cecil Street, #1401,",
    "address2": "Equity Plaza, 049705",
    "zip_code": "049705",
    "city": "Singapore",
    "state_code": null,
    "country_code": "SGP",
    "latitude": null,
    "longitude": null}],
 "milestones":
  [],
 "ipo": null,
 "video_embeds":
  [],
 "screenshots":
  [{"available_sizes":
     [[[150,
        131],
       "http://api-images.crunchbase.com/assets/images/resized/0015/4068/154068v2-max-150x150.jpg"],
      [[250,
        219],
       "http://api-images.crunchbase.com/assets/images/resized/0015/4068/154068v2-max-250x250.jpg"],
      [[450,
        395],
       "http://api-images.crunchbase.com/assets/images/resized/0015/4068/154068v2-max-450x450.jpg"]],
    "attribution": null}],
 "external_links":
  [{"external_url": "https://www.facebook.com/agoda",
    "title": "Facebook"}],
 "partners":
  [{"partner_name": "webrazzi",
    "homepage_url": "unknown",
    "link_1_url": "http://vt.webrazzi.com/sirket/agoda-com",
    "link_2_url": null,
    "link_3_url": null,
    "link_1_name": "webrazzi Page",
    "link_2_name": null,
    "link_3_name": null}]}
