{"name": "Agora Media Ltd.",
 "permalink": "agora-media-group",
 "crunchbase_url": "http://www.crunchbase.com/company/agora-media-group",
 "homepage_url": "http://www.agoramedia.co.uk",
 "blog_url": "http://www.appmarket.tv",
 "blog_feed_url": "http://appmarket.tv/component/ninjarsssyndicator/?feed_id=2\u0026format=raw",
 "twitter_username": "agoramedia",
 "category_code": "games_video",
 "number_of_employees": 4,
 "founded_year": 2009,
 "founded_month": 11,
 "founded_day": 1,
 "deadpooled_year": null,
 "deadpooled_month": null,
 "deadpooled_day": null,
 "deadpooled_url": null,
 "tag_list": "social-tv, transmedia, connected-tv, second-screen, 2nd-screen, smart-tv, playalong-tv, multiplatform-engagement, branded-content, branded-entertainment, innovation",
 "alias_list": null,
 "email_address": "richard@agoramedia.co.uk",
 "phone_number": "31+ 6 39 58 39 79",
 "description": "TV Innovation ",
 "created_at": "Tue Oct 13 11:09:44 UTC 2009",
 "updated_at": "Mon Mar 31 06:49:24 UTC 2014",
 "overview": "\u003Cp\u003EAt Agora Media we innovate, build and create products and formats that align with the Future of Television - from Transmedia to Social TV\u0026#8230; from Multiplatform Engagement to TV Apps, Smart/Connected TV and advanced Game Mechanics - We live, work and play on the cutting edge of entertainment.\u003C/p\u003E\n\n\u003Cp\u003ETransmedia and Factual Formats\u003C/p\u003E\n\n\u003Cp\u003EAs Creative Technologists, Transmedia Storytelling, the technique of understanding how to carry the narrative across multiple platforms and formats using digital technologies,  is part of our DNA. We understand fully numerous technologies and have worked both with our own formats and others. From Second Screen to 360 degree video and other technologies, we have a global network of vendors with cutting-edge technologies.\u003C/p\u003E\n\n\u003Cp\u003ESecond Screen and Multiplatform Engagement\u003C/p\u003E\n\n\u003Cp\u003EHaving worked with, and been an influence on leading second screen platforms such as zeebox, Ex Machina Games and others, we understand the nuances and differences between the major players and can ensure that you make the right decisions when moving into the space. While all current trends indicate that TV and advertising spend are still vital components of the media marketplace, TV viewership does face a number of challenges, including fragmentation, technology-enabled time shifting, and the disruption of media stacking or mobile/tablet multitasking. We are fully versed in this new world \u2013 and have built a global network and thought leadership since 2010 at TV App Market.\u003C/p\u003E\n\n\u003Cp\u003EConnected and Smart TV Apps\u003C/p\u003E\n\n\u003Cp\u003EAgora Media and Pixengo Media teamed up making the finals of the UK Technology Strategy Board\u2019s \u00a31 million Tech City Launchpad competition creating the UK\u2019s first travel and destination marketing channel for connected tv with HD Video-On-Demand and high resolution images perfect for the 10-foot, lean-back living room experience \u2013 and fully utilised Second Screen, Social TV technologies to provide platform for easy booking and additional content via the web. We planned to monetise by forming partnerships with travel agents, tour operators and activity and entertainment companies in each destination on revenue share deals. We have excellent relationships with Samsung, LG, Sony,  Opera, The Smart TV Alliance and numerous TV App vendors.\u003C/p\u003E\n\n\u003Cp\u003ESocial TV\u003C/p\u003E\n\n\u003Cp\u003EThe rise of the second screen and it\u2019s integration with Social Media has helped drive some stunning numbers.  In the US, 88% use TV \u0026amp; internet simultaneously once a month (Nielsen) and some 50% do so every day (Google/Clustalabs),  44% of total tablet usage is while watching TV (Nielsen),  72% of under 25\u2019s in the UK comment on programs via social networks (Digital Clarity) and some 62% of TV viewers pick up the phone as soon as TV advertising break starts. (Nielsen). As pioneers in the Social TV movement, from guest lecturing at MIT Media Lab to working with the likes of the BBC, RTL, NPO, Eurosport, NBCU and other broadcasters as well as production companies and brands, we have a deep understanding of the new technologies and can design systems using multiple vendors (ensuring the best of breed) to create the ultimate in Social TV.\u003C/p\u003E\n\n\u003Cp\u003EVideo on Demand (VOD) and TV Everywhere\u003C/p\u003E\n\n\u003Cp\u003EHaving worked on a number of VOD projects and TV Everywhere including Lovefilm and two startups, we have close contacts with companies such as Kit Digital, BeeSmart, The Connected Marketplace, Connect TV, Neulion and more. From number crunching CDN costs, to designing systems that work on all devices \u2013 phone, tablet, TV, STB and PC \u2013 we have worked with some of the best. It\u2019s clear that consumers want to watch TV they want, when they want it, on any device they want it one, where ever they are, and we are capable of designing and delivering from both low end STB solutions to advanced TV Everywhere architecture with EPGs that can deliver both live and VOD.\u003C/p\u003E\n\n\u003Cp\u003EEducation Seminars and Consulting\u003C/p\u003E\n\n\u003Cp\u003EAs instructors for Future TV with Perpetual Solutions in London, working with numerous departments of British Telecom, and guest lecturing at MIT Media Lab and various universities in the UK and Netherlands\u2026 we have designed both a half day and full day courses to share our market intelligence. We have been speaking at events on the future of TV since 2010 in London, Cannes, Sheffield, Amsterdam, Hollywood, Groningen (TEDx), San Francisco, San Jose, Madrid, Liepzig, Vienna, NYC, Rio, Copenhagen, Hilversum, Belfast, Berlin, Brussels, Brighton and beyond and worked with broadcasters around the globe such as the BBC, NPO, RTL, Eurosport, NBCU, ITV, RTL and others with media convergence strategies \u2013 particularly around Social TV and Second Screen.\u003C/p\u003E\n\n\u003Cp\u003EBranded Content and Product Placement\u003C/p\u003E\n\n\u003Cp\u003EHaving worked with many of the world\u2019s leading global brands, Gary Johnson has played a vital role to numerous renowned Hollywood movies such as I-Robot, Ironman, The Dark knight, 2012, fast furious, Kill Bill and Mr \u0026amp; Mrs Smith through product placement and product endorsements. Developments in technology are impacting TV advertising effectiveness and the dramatic rise of connected mobile devices is leading to an increasingly distracted use of TV. Digital technology has also accelerated ad avoidance through time shifting and on-demand viewing, and has enabled a significant amount of fragmentation due to sheer volume of content and niche. All these developments work together to degrade the value of TV ads and are deeply affecting the TV industry as scarcity is removed due to IP delivered content. Innovation is what will save the industry\u2026 And Branded Content, though nothing new (Soap Operas were backed by soap companies back in the 50s), brands such as Red Bull are changing the game. And we combine our creative and technology skills in Future TV and global network to help brands find new ways to engage with audiences.\u003C/p\u003E",
 "image":
  {"available_sizes":
    [[[150,
       34],
      "http://api-images.crunchbase.com/assets/images/resized/0019/9571/199571v2-max-150x150.png"],
     [[250,
       56],
      "http://api-images.crunchbase.com/assets/images/resized/0019/9571/199571v2-max-250x250.png"],
     [[417,
       95],
      "http://api-images.crunchbase.com/assets/images/resized/0019/9571/199571v2-max-450x450.png"]],
   "attribution": null},
 "products":
  [],
 "relationships":
  [{"is_past": false,
    "title": "Managing Director",
    "person":
     {"first_name": "Richard",
      "last_name": "Kastelein",
      "permalink": "richard-kastelein"}},
   {"is_past": false,
    "title": "Partner",
    "person":
     {"first_name": "Gary",
      "last_name": "Johnson",
      "permalink": "gary-johnson"}},
   {"is_past": false,
    "title": "Partner",
    "person":
     {"first_name": "Paul",
      "last_name": "Johnson",
      "permalink": "paul-johnson-4"}},
   {"is_past": false,
    "title": "Associate",
    "person":
     {"first_name": "Gary",
      "last_name": "Johnson",
      "permalink": "gary-johnson"}},
   {"is_past": true,
    "title": "CTO",
    "person":
     {"first_name": "Daniel",
      "last_name": "Chapman",
      "permalink": "daniel-chapman"}},
   {"is_past": true,
    "title": "CMO",
    "person":
     {"first_name": "Gianluigi",
      "last_name": "Cuccureddu",
      "permalink": "gianluigi-cuccureddu"}},
   {"is_past": true,
    "title": "Creative Director",
    "person":
     {"first_name": "Daan",
      "last_name": "Buse",
      "permalink": "daan-buse"}},
   {"is_past": true,
    "title": "Associate",
    "person":
     {"first_name": "Marc",
      "last_name": "Goodchild",
      "permalink": "marc-goodchild"}},
   {"is_past": true,
    "title": "Associate",
    "person":
     {"first_name": "Keith",
      "last_name": "Johnson",
      "permalink": "keith-johnson-3"}}],
 "competitions":
  [],
 "providerships":
  [],
 "total_money_raised": "$0",
 "funding_rounds":
  [],
 "investments":
  [],
 "acquisition": null,
 "acquisitions":
  [],
 "offices":
  [{"description": "",
    "address1": "5 Jupiter House, Calleva Park",
    "address2": "Aldermaston, Berkshire",
    "zip_code": "RG7 8NN",
    "city": "Reading",
    "state_code": null,
    "country_code": "GBR",
    "latitude": 51.3619632,
    "longitude": -1.1633394}],
 "milestones":
  [],
 "ipo": null,
 "video_embeds":
  [{"embed_code": "\u003Ciframe src=\"http://www.slideshare.net/slideshow/embed_code/13850453?rel=0\" width=\"420\" height=\"315\" frameborder=\"0\" marginwidth=\"0\" marginheight=\"0\" scrolling=\"no\" style=\"border:1px solid #CCC;border-width:1px 1px 0;margin-bottom:5px\" allowfullscreen webkitallowfullscreen mozallowfullscreen\u003E \u003C/iframe\u003E",
    "description": "\u003Cp\u003EBBC and MIT Media Lab Presentation on Future TV\u003C/p\u003E"},
   {"embed_code": "\u003Ciframe style=\"border: 0; outline: 0;\" src=\"http://cdn.livestream.com/embed/themachinimaexpo?layout=4\u0026amp;clip=flv_c3018cf0-61e3-4bbf-b66d-c31210f147ac\u0026amp;color=0x8cb6e5\u0026amp;autoPlay=false\u0026amp;mute=false\u0026amp;iconColorOver=0x5484ba\u0026amp;iconColor=0x386496\u0026amp;allowchat=true\u0026amp;height=315\u0026amp;width=420\" height=\"315\" width=\"420\" frameborder=\"0\" scrolling=\"no\"\u003E\u003C/iframe\u003E",
    "description": "\u003Cp\u003ERichard Kastelein Interviewed at Machinima Expo in Second Life\u003C/p\u003E"},
   {"embed_code": "\u003Ciframe src=\"http://www.youtube.com/embed/tMqoJztPL0I\" height=\"315\" width=\"420\" allowfullscreen=\"\" frameborder=\"0\"\u003E\u003C/iframe\u003E",
    "description": "\u003Cp\u003EMobile Review Interview with Richard Kastelein\u003C/p\u003E"},
   {"embed_code": "\u003Ciframe src=\"http://www.slideshare.net/slideshow/embed_code/15532695\" width=\"420\" height=\"315\" frameborder=\"0\" marginwidth=\"0\" marginheight=\"0\" scrolling=\"no\" style=\"border:1px solid #CCC;border-width:1px 1px 0;margin-bottom:5px\" allowfullscreen webkitallowfullscreen mozallowfullscreen\u003E \u003C/iframe\u003E",
    "description": "\u003Cp\u003EIAA - de tv is dood, lang leve de tv - Richard Kastelein from IAA_NL\u003C/p\u003E"}],
 "screenshots":
  [{"available_sizes":
     [[[150,
        100],
       "http://api-images.crunchbase.com/assets/images/resized/0016/1065/161065v2-max-150x150.png"],
      [[250,
        167],
       "http://api-images.crunchbase.com/assets/images/resized/0016/1065/161065v2-max-250x250.png"],
      [[450,
        301],
       "http://api-images.crunchbase.com/assets/images/resized/0016/1065/161065v2-max-450x450.png"]],
    "attribution": null},
   {"available_sizes":
     [[[150,
        84],
       "http://api-images.crunchbase.com/assets/images/resized/0016/1067/161067v2-max-150x150.jpg"],
      [[250,
        140],
       "http://api-images.crunchbase.com/assets/images/resized/0016/1067/161067v2-max-250x250.jpg"],
      [[450,
        253],
       "http://api-images.crunchbase.com/assets/images/resized/0016/1067/161067v2-max-450x450.jpg"]],
    "attribution": null},
   {"available_sizes":
     [[[150,
        84],
       "http://api-images.crunchbase.com/assets/images/resized/0016/1073/161073v2-max-150x150.jpg"],
      [[250,
        140],
       "http://api-images.crunchbase.com/assets/images/resized/0016/1073/161073v2-max-250x250.jpg"],
      [[450,
        253],
       "http://api-images.crunchbase.com/assets/images/resized/0016/1073/161073v2-max-450x450.jpg"]],
    "attribution": null},
   {"available_sizes":
     [[[150,
        84],
       "http://api-images.crunchbase.com/assets/images/resized/0016/1074/161074v2-max-150x150.jpg"],
      [[250,
        140],
       "http://api-images.crunchbase.com/assets/images/resized/0016/1074/161074v2-max-250x250.jpg"],
      [[450,
        253],
       "http://api-images.crunchbase.com/assets/images/resized/0016/1074/161074v2-max-450x450.jpg"]],
    "attribution": null},
   {"available_sizes":
     [[[150,
        84],
       "http://api-images.crunchbase.com/assets/images/resized/0016/1075/161075v2-max-150x150.jpg"],
      [[250,
        140],
       "http://api-images.crunchbase.com/assets/images/resized/0016/1075/161075v2-max-250x250.jpg"],
      [[450,
        253],
       "http://api-images.crunchbase.com/assets/images/resized/0016/1075/161075v2-max-450x450.jpg"]],
    "attribution": null},
   {"available_sizes":
     [[[150,
        82],
       "http://api-images.crunchbase.com/assets/images/resized/0016/1076/161076v2-max-150x150.jpg"],
      [[250,
        136],
       "http://api-images.crunchbase.com/assets/images/resized/0016/1076/161076v2-max-250x250.jpg"],
      [[450,
        246],
       "http://api-images.crunchbase.com/assets/images/resized/0016/1076/161076v2-max-450x450.jpg"]],
    "attribution": null},
   {"available_sizes":
     [[[150,
        83],
       "http://api-images.crunchbase.com/assets/images/resized/0016/1077/161077v2-max-150x150.jpg"],
      [[250,
        139],
       "http://api-images.crunchbase.com/assets/images/resized/0016/1077/161077v2-max-250x250.jpg"],
      [[450,
        251],
       "http://api-images.crunchbase.com/assets/images/resized/0016/1077/161077v2-max-450x450.jpg"]],
    "attribution": null}],
 "external_links":
  [{"external_url": "http://www.agoramedia.co.uk",
    "title": "Agora Media Website"}],
 "partners":
  [{"partner_name": "angel_list",
    "homepage_url": "http://www.agoramedia.co.uk",
    "link_1_url": "https://angel.co/expathos-1",
    "link_2_url": null,
    "link_3_url": null,
    "link_1_name": "AngelList Page",
    "link_2_name": null,
    "link_3_name": null}]}
