{"name": "Agri-Dynamics",
 "permalink": "agri-dynamics",
 "crunchbase_url": "http://www.crunchbase.com/company/agri-dynamics",
 "homepage_url": null,
 "blog_url": "",
 "blog_feed_url": "",
 "twitter_username": null,
 "category_code": "consulting",
 "number_of_employees": null,
 "founded_year": null,
 "founded_month": null,
 "founded_day": null,
 "deadpooled_year": null,
 "deadpooled_month": null,
 "deadpooled_day": null,
 "deadpooled_url": null,
 "tag_list": "",
 "alias_list": "",
 "email_address": "",
 "phone_number": "",
 "description": "management consulting services",
 "created_at": "Fri Aug 28 13:08:23 UTC 2009",
 "updated_at": "Fri Aug 28 13:18:30 UTC 2009",
 "overview": "\u003Cp\u003EAGRI-DYNAMICS, Inc. is a holding company providing management consulting services, incorporated under the laws of the State of Iowa. Its shares are currently traded on over-the-counter market (OTC) and are listed on the Pink Sheets.\u003C/p\u003E",
 "image": null,
 "products":
  [],
 "relationships":
  [],
 "competitions":
  [],
 "providerships":
  [],
 "total_money_raised": "$0",
 "funding_rounds":
  [],
 "investments":
  [],
 "acquisition": null,
 "acquisitions":
  [{"price_amount": null,
    "price_currency_code": "USD",
    "term_code": null,
    "source_url": "http://www.foxbusiness.com/story/markets/industries/industrials/gps-tracking-network-acquired-agri-dynamics-merger-transaction-2120919115/",
    "source_description": "GPS Tracking Network, Inc. Acquired by Agri-Dynamics, Inc. in Merger Transaction",
    "acquired_year": 2009,
    "acquired_month": 7,
    "acquired_day": 8,
    "company":
     {"name": "GPS Tracking Network",
      "permalink": "gps-tracking-network"}}],
 "offices":
  [{"description": "HQ",
    "address1": "",
    "address2": "",
    "zip_code": "",
    "city": "Cherokee",
    "state_code": "IA",
    "country_code": "USA",
    "latitude": 42.749674,
    "longitude": -95.551271}],
 "milestones":
  [],
 "ipo": null,
 "video_embeds":
  [],
 "screenshots":
  [],
 "external_links":
  [],
 "partners":
  []}
