{"name": "Agroads.com",
 "permalink": "agroads-com",
 "crunchbase_url": "http://www.crunchbase.com/company/agroads-com",
 "homepage_url": "http://www.agroads.com.ar",
 "blog_url": "http://www.agroads.com.ar/blog(",
 "blog_feed_url": "http://www.agroads.com.ar/blog/index.php/feed/",
 "twitter_username": "Agroads",
 "category_code": "enterprise",
 "number_of_employees": 4,
 "founded_year": 2005,
 "founded_month": 11,
 "founded_day": 14,
 "deadpooled_year": null,
 "deadpooled_month": null,
 "deadpooled_day": null,
 "deadpooled_url": null,
 "tag_list": "agribusiness, latin-america, online, agro",
 "alias_list": "",
 "email_address": "robertomr@agroads.com.ar",
 "phone_number": "54 03492 435800",
 "description": "Online agribusiness in Latin America",
 "created_at": "Tue Nov 24 02:37:10 UTC 2009",
 "updated_at": "Mon Apr 08 10:52:11 UTC 2013",
 "overview": "\u003Cp\u003EAgroads.com is a platform that brings together buyers and sellers exclusively devoted to agribusiness.\u003C/p\u003E\n\n\u003Cp\u003EThe possibilities of the website are especially attractive for small and medium enterprises, which had a choice of free and paid formats to increase your online exposure such as classifieds, banner ads, sponsorships and online participatory spaces. Each of these elements is georeferenced by proximity to members of Agroads.com\u003C/p\u003E",
 "image":
  {"available_sizes":
    [[[150,
       45],
      "http://api-images.crunchbase.com/assets/images/resized/0006/7349/67349v2-max-150x150.png"],
     [[250,
       75],
      "http://api-images.crunchbase.com/assets/images/resized/0006/7349/67349v2-max-250x250.png"],
     [[266,
       80],
      "http://api-images.crunchbase.com/assets/images/resized/0006/7349/67349v2-max-450x450.png"]],
   "attribution": null},
 "products":
  [],
 "relationships":
  [{"is_past": false,
    "title": "Founder",
    "person":
     {"first_name": "Robert",
      "last_name": "Rodriguez",
      "permalink": "robert-rodriguez"}},
   {"is_past": false,
    "title": "Lawyer",
    "person":
     {"first_name": "Paula",
      "last_name": "Denner",
      "permalink": "paula-denner"}},
   {"is_past": false,
    "title": "Analyst Programmer",
    "person":
     {"first_name": "Adrian",
      "last_name": "Vanlangenhove",
      "permalink": "adrian-vanlangenhove"}},
   {"is_past": false,
    "title": "Director of Operations",
    "person":
     {"first_name": "Daniel",
      "last_name": "Rodriguez",
      "permalink": "daniel-rodriguez"}}],
 "competitions":
  [],
 "providerships":
  [{"title": "",
    "is_past": false,
    "provider":
     {"name": "StreamSend",
      "permalink": "streamsend"}},
   {"title": "",
    "is_past": false,
    "provider":
     {"name": "Pipelinedeals",
      "permalink": "pipelinedeals"}},
   {"title": "",
    "is_past": false,
    "provider":
     {"name": "Zoho",
      "permalink": "zoho-2"}},
   {"title": "",
    "is_past": false,
    "provider":
     {"name": "Bee",
      "permalink": "bee"}},
   {"title": "",
    "is_past": true,
    "provider":
     {"name": "Salesforce.com",
      "permalink": "salesforce-com-2"}}],
 "total_money_raised": "$0",
 "funding_rounds":
  [],
 "investments":
  [],
 "acquisition": null,
 "acquisitions":
  [],
 "offices":
  [{"description": "Office Agroads.com",
    "address1": "Bv. Roca 338",
    "address2": "",
    "zip_code": "2300",
    "city": "Rafaela",
    "state_code": null,
    "country_code": "ARG",
    "latitude": null,
    "longitude": null}],
 "milestones":
  [],
 "ipo": null,
 "video_embeds":
  [],
 "screenshots":
  [{"available_sizes":
     [[[126,
        150],
       "http://api-images.crunchbase.com/assets/images/resized/0006/7345/67345v2-max-150x150.jpg"],
      [[210,
        250],
       "http://api-images.crunchbase.com/assets/images/resized/0006/7345/67345v2-max-250x250.jpg"],
      [[378,
        450],
       "http://api-images.crunchbase.com/assets/images/resized/0006/7345/67345v2-max-450x450.jpg"]],
    "attribution": null},
   {"available_sizes":
     [[[150,
        127],
       "http://api-images.crunchbase.com/assets/images/resized/0006/7346/67346v2-max-150x150.jpg"],
      [[250,
        212],
       "http://api-images.crunchbase.com/assets/images/resized/0006/7346/67346v2-max-250x250.jpg"],
      [[450,
        381],
       "http://api-images.crunchbase.com/assets/images/resized/0006/7346/67346v2-max-450x450.jpg"]],
    "attribution": null},
   {"available_sizes":
     [[[150,
        108],
       "http://api-images.crunchbase.com/assets/images/resized/0006/7347/67347v2-max-150x150.jpg"],
      [[250,
        181],
       "http://api-images.crunchbase.com/assets/images/resized/0006/7347/67347v2-max-250x250.jpg"],
      [[450,
        325],
       "http://api-images.crunchbase.com/assets/images/resized/0006/7347/67347v2-max-450x450.jpg"]],
    "attribution": null},
   {"available_sizes":
     [[[150,
        114],
       "http://api-images.crunchbase.com/assets/images/resized/0006/7348/67348v2-max-150x150.jpg"],
      [[250,
        190],
       "http://api-images.crunchbase.com/assets/images/resized/0006/7348/67348v2-max-250x250.jpg"],
      [[450,
        342],
       "http://api-images.crunchbase.com/assets/images/resized/0006/7348/67348v2-max-450x450.jpg"]],
    "attribution": null}],
 "external_links":
  [{"external_url": "http://pulsosocial.com/2009/11/10/43-startup-pasaron-la-segunda-ronda-de-ps10/",
    "title": ""},
   {"external_url": "http://humanos20.com/agroads-portal-de-agronegocios-lanzamiento-para-toda-la-region/",
    "title": ""},
   {"external_url": "http://winred.com/notas-de-prensa/agroads-portal-de-agronegocios-lanzamiento-para-toda-la-region/gmx-niv117-con16555.htm",
    "title": ""}],
 "partners":
  []}
