{"name": "AGTech Holdings",
 "permalink": "agtech-holdings",
 "crunchbase_url": "http://www.crunchbase.com/company/agtech-holdings",
 "homepage_url": "http://www.agtech.com",
 "blog_url": "",
 "blog_feed_url": "",
 "twitter_username": null,
 "category_code": null,
 "number_of_employees": null,
 "founded_year": null,
 "founded_month": null,
 "founded_day": null,
 "deadpooled_year": null,
 "deadpooled_month": null,
 "deadpooled_day": null,
 "deadpooled_url": null,
 "tag_list": null,
 "alias_list": "",
 "email_address": "info@AGTech.com",
 "phone_number": "852-2506-1668",
 "description": "",
 "created_at": "Thu Jan 21 11:12:39 UTC 2010",
 "updated_at": "Tue Aug 17 07:28:45 UTC 2010",
 "overview": "\u003Cp\u003EAGTech is a leading high-tech company that specialises in sports leisure and sports lottery in the PRC. On the front of sports leisure business, AGTech has obtained an exclusive authorisation by the PRC authority to act as the sole operator to organise, manage and operate all relevant official commercial activities for e-sports development in the PRC. They propose to offer full range of e-sports products and services which include: organising China E-sports Premier League (CEPL) and Shenzhen E-sports Open Event; establishing and maintaining the official and commercial website(s) (www.e-sports.org.cn); organising training for athletes and referees; broadcasting of tournaments; provision of management services for athletes; setting up of clubs and training centres; and sales of souvenirs and gifts etc. \u003C/p\u003E",
 "image":
  {"available_sizes":
    [[[150,
       61],
      "http://api-images.crunchbase.com/assets/images/resized/0009/8042/98042v1-max-150x150.jpg"],
     [[193,
       79],
      "http://api-images.crunchbase.com/assets/images/resized/0009/8042/98042v1-max-250x250.jpg"],
     [[193,
       79],
      "http://api-images.crunchbase.com/assets/images/resized/0009/8042/98042v1-max-450x450.jpg"]],
   "attribution": null},
 "products":
  [],
 "relationships":
  [],
 "competitions":
  [],
 "providerships":
  [],
 "total_money_raised": "$0",
 "funding_rounds":
  [],
 "investments":
  [{"funding_round":
     {"round_code": "unattributed",
      "source_url": "",
      "source_description": "EDGAR",
      "raised_amount": 4120000.0,
      "raised_currency_code": "USD",
      "funded_year": 2009,
      "funded_month": 10,
      "funded_day": 6,
      "company":
       {"name": "Gextech Holdings",
        "permalink": "gextech-holdings"}}}],
 "acquisition": null,
 "acquisitions":
  [],
 "offices":
  [{"description": "",
    "address1": "Unit 3912, 39/F, Shell Tower",
    "address2": "Times Square, Causeway Bay",
    "zip_code": "",
    "city": "",
    "state_code": null,
    "country_code": "HKG",
    "latitude": null,
    "longitude": null}],
 "milestones":
  [{"id": 7031,
    "description": "AGTech Announces Acquisition of an Indirect 35% Equity Interest in GOT.",
    "stoned_year": 2010,
    "stoned_month": 3,
    "stoned_day": 5,
    "source_url": "http://www.agtech.com/outlook/newsDetail.do?newsId=684",
    "source_text": "",
    "source_description": "AGTech Announces Acquisition of an Indirect 35% Equity Interest in GOT",
    "stoneable_type": "Company",
    "stoned_value": null,
    "stoned_value_type": null,
    "stoned_acquirer": null,
    "stoneable":
     {"name": "AGTech Holdings",
      "permalink": "agtech-holdings"}}],
 "ipo": null,
 "video_embeds":
  [],
 "screenshots":
  [{"available_sizes":
     [[[150,
        110],
       "http://api-images.crunchbase.com/assets/images/resized/0009/8043/98043v1-max-150x150.jpg"],
      [[250,
        184],
       "http://api-images.crunchbase.com/assets/images/resized/0009/8043/98043v1-max-250x250.jpg"],
      [[450,
        331],
       "http://api-images.crunchbase.com/assets/images/resized/0009/8043/98043v1-max-450x450.jpg"]],
    "attribution": null}],
 "external_links":
  [],
 "partners":
  []}
