{"name": "ahisoft",
 "permalink": "ahisoft",
 "crunchbase_url": "http://www.crunchbase.com/company/ahisoft",
 "homepage_url": "http://www.ahisoft.com/about-ahisoft",
 "blog_url": "",
 "blog_feed_url": "",
 "twitter_username": "spydman",
 "category_code": "software",
 "number_of_employees": 55,
 "founded_year": 2009,
 "founded_month": 1,
 "founded_day": 26,
 "deadpooled_year": null,
 "deadpooled_month": null,
 "deadpooled_day": null,
 "deadpooled_url": null,
 "tag_list": "video",
 "alias_list": null,
 "email_address": "qingm05@163.com",
 "phone_number": "",
 "description": "Video solution",
 "created_at": "Tue Mar 02 08:38:28 UTC 2010",
 "updated_at": "Tue Mar 02 21:36:04 UTC 2010",
 "overview": "\u003Cp\u003EaHisoft was founded in 2009, aHisoft is a creative and passionate team, comprising highly-trained and experienced professionals - developers, designers, marketers, and technical support specialists - who are dedicated to bringing the best possible multimedia experience to even the most demanding customers. We also work with a number of independent specialists who bring added depth and breadth to the products and services we offer.\u003C/p\u003E\n\n\u003Cp\u003EWe tenaciously adhere to the mission of becoming a leader in developing and delivering state-of-the-art, stable and focused software solutions for individuals, businesses and development engineers around the globe to process Flash, graphics and images, audio and video with the ambition to enrich their business value, maximize their productivity and diversify their lives.\u003C/p\u003E\n\n\u003Cp\u003EaHisoft is the ultimate solution for all kinds of video and audio conversion needs that enables you to forget about media format incompatibilities and simply enjoy your video or audio any time, any place, on any device.\u003C/p\u003E",
 "image": null,
 "products":
  [],
 "relationships":
  [],
 "competitions":
  [],
 "providerships":
  [],
 "total_money_raised": "$0",
 "funding_rounds":
  [],
 "investments":
  [],
 "acquisition": null,
 "acquisitions":
  [],
 "offices":
  [],
 "milestones":
  [],
 "ipo": null,
 "video_embeds":
  [],
 "screenshots":
  [],
 "external_links":
  [],
 "partners":
  []}
