{"name": "Ai2 UK",
 "permalink": "ai2-uk",
 "crunchbase_url": "http://www.crunchbase.com/company/ai2-uk",
 "homepage_url": "http://www.a-i-2.com",
 "blog_url": "",
 "blog_feed_url": "",
 "twitter_username": null,
 "category_code": "biotech",
 "number_of_employees": null,
 "founded_year": 2005,
 "founded_month": null,
 "founded_day": null,
 "deadpooled_year": null,
 "deadpooled_month": null,
 "deadpooled_day": null,
 "deadpooled_url": null,
 "tag_list": "",
 "alias_list": "",
 "email_address": "nicola.cousins@a-i-2.com",
 "phone_number": "00 44 (0)161 306 4220",
 "description": "",
 "created_at": "Sat Jan 30 10:22:14 UTC 2010",
 "updated_at": "Fri Jan 06 13:14:00 UTC 2012",
 "overview": "\u003Cp\u003EAi2, Ltd. engages in the development of technology products to prevent infection on various commonly used medical devices. Its products include coated hydrogels for use in catheter, lens, and implant applications; artificial joints to prevent contamination and colonisation of orthopaedic implants by microbes; endotracheal tubes to protect endotracheal tubes from colonisation by microbes; wound dressings to confer anti-infective properties on wound dressing materials; urinary catheters to prevent colonisation by bacteria and other microbes; and vascular catheters. The company\u00e2\u20ac\u2122s products are human protein-like substances to inhibit bacteria, fungi, and viruses on medical devices, such as urinary catheters, stents, and wound dressings. It serves healthcare companies in the United States and Europe. Ai2, Ltd. was founded in 2004 and is based in Manchester, the United Kingdom.\u003C/p\u003E",
 "image":
  {"available_sizes":
    [[[143,
       92],
      "http://api-images.crunchbase.com/assets/images/resized/0007/5462/75462v1-max-150x150.jpg"],
     [[143,
       92],
      "http://api-images.crunchbase.com/assets/images/resized/0007/5462/75462v1-max-250x250.jpg"],
     [[143,
       92],
      "http://api-images.crunchbase.com/assets/images/resized/0007/5462/75462v1-max-450x450.jpg"]],
   "attribution": null},
 "products":
  [],
 "relationships":
  [{"is_past": false,
    "title": "Founder",
    "person":
     {"first_name": "Curtis",
      "last_name": "Dobson",
      "permalink": "curtis-dobson"}}],
 "competitions":
  [],
 "providerships":
  [],
 "total_money_raised": "$2.15M",
 "funding_rounds":
  [{"id": 11644,
    "round_code": "unattributed",
    "source_url": "https://www.fis.dowjones.com/article.aspx?ProductIDFromApplication=32\u0026aid=DJFVW00020100128e61t000p1\u0026r=Rss\u0026s=DJFVW",
    "source_description": "Ai2 Funded To Cover Launch Of Antibiotic Medical Device Coatings  ",
    "raised_amount": 403000.0,
    "raised_currency_code": "USD",
    "funded_year": 2010,
    "funded_month": 1,
    "funded_day": 29,
    "investments":
     []},
   {"id": 27390,
    "round_code": "unattributed",
    "source_url": "http://www.finsmes.com/2012/01/ai2-raises-1-75m.html?utm_source=feedburner\u0026utm_medium=feed\u0026utm_campaign=Feed%3A+finsmes%2FcNHu+%28FinSMEs%29",
    "source_description": "Ai2 Raises \u00a31.75M",
    "raised_amount": 1750000.0,
    "raised_currency_code": "GBP",
    "funded_year": 2012,
    "funded_month": 1,
    "funded_day": 6,
    "investments":
     []}],
 "investments":
  [],
 "acquisition": null,
 "acquisitions":
  [],
 "offices":
  [{"description": "",
    "address1": "3.614 Stopford Building",
    "address2": "The University of Manchester, Oxford Rd",
    "zip_code": "M13 9PT",
    "city": "Manchester",
    "state_code": null,
    "country_code": "GBR",
    "latitude": null,
    "longitude": null}],
 "milestones":
  [],
 "ipo": null,
 "video_embeds":
  [],
 "screenshots":
  [{"available_sizes":
     [[[150,
        80],
       "http://api-images.crunchbase.com/assets/images/resized/0007/5463/75463v1-max-150x150.jpg"],
      [[250,
        134],
       "http://api-images.crunchbase.com/assets/images/resized/0007/5463/75463v1-max-250x250.jpg"],
      [[450,
        242],
       "http://api-images.crunchbase.com/assets/images/resized/0007/5463/75463v1-max-450x450.jpg"]],
    "attribution": null}],
 "external_links":
  [],
 "partners":
  []}
