{"name": "AIKO Biotechnology",
 "permalink": "aiko-biotechnology",
 "crunchbase_url": "http://www.crunchbase.com/company/aiko-biotechnology",
 "homepage_url": "http://www.aikobiotech.com",
 "blog_url": "",
 "blog_feed_url": "",
 "twitter_username": null,
 "category_code": "biotech",
 "number_of_employees": null,
 "founded_year": 2006,
 "founded_month": null,
 "founded_day": null,
 "deadpooled_year": null,
 "deadpooled_month": null,
 "deadpooled_day": null,
 "deadpooled_url": null,
 "tag_list": "early-stage-drug-discovery-company-prescription-opioid-pain-reliever",
 "alias_list": "",
 "email_address": "votley@aikobiotech.com",
 "phone_number": "207-879-2221",
 "description": "Opioid-induced problem treatment",
 "created_at": "Fri Dec 04 02:00:47 UTC 2009",
 "updated_at": "Thu May 06 13:42:55 UTC 2010",
 "overview": "\u003Cp\u003EAIKO Biotechnology, Inc. (\u0026#8220;AIKO\u0026#8221;) is an early stage drug discovery company founded to characterize and validate therapeutic candidates for the management of pain, addiction and adverse side effects resulting from prescription opioid pain reliever use. \nAIKO\u0026#8217;s lead drug candidates will significantly increase the safety and efficacy of opioids that are used by millions of pain sufferers and will offer safer, more effective treatments for opioid overdose and various addictions than any compounds currently available. \nThe core technology is based on a new understanding of receptor pharmacology, documented in the research and patents of AIKO co-founders Drs. Wolfgang Sadee and Edward Bilsky. AIKO\u0026#8217;s value lies in the expertise of its scientific team and their unique ability to conceptualize and evaluate drug candidates using a variety of sophisticated cellular assays and animal models.\u003C/p\u003E",
 "image":
  {"available_sizes":
    [[[150,
       65],
      "http://api-images.crunchbase.com/assets/images/resized/0006/8512/68512v1-max-150x150.jpg"],
     [[229,
       100],
      "http://api-images.crunchbase.com/assets/images/resized/0006/8512/68512v1-max-250x250.jpg"],
     [[229,
       100],
      "http://api-images.crunchbase.com/assets/images/resized/0006/8512/68512v1-max-450x450.jpg"]],
   "attribution": null},
 "products":
  [],
 "relationships":
  [{"is_past": false,
    "title": "Founder",
    "person":
     {"first_name": "Wolfgang",
      "last_name": "Sadee, Dr. Rer. Nat.",
      "permalink": "wolfgang-sadee-dr-rer-nat"}},
   {"is_past": false,
    "title": "COO",
    "person":
     {"first_name": "Janet",
      "last_name": "Yancey-Wrona, PhD",
      "permalink": "janet-yancey-wrona-phd"}},
   {"is_past": false,
    "title": "Founder",
    "person":
     {"first_name": "Edward",
      "last_name": "Bilsky, PhD",
      "permalink": "edward-bilsky-phd"}},
   {"is_past": false,
    "title": "President",
    "person":
     {"first_name": "William",
      "last_name": "Emhiser",
      "permalink": "william-emhiser"}}],
 "competitions":
  [],
 "providerships":
  [],
 "total_money_raised": "$850k",
 "funding_rounds":
  [{"id": 9932,
    "round_code": "unattributed",
    "source_url": "http://www.sec.gov/Archives/edgar/data/1391914/000139191409000005/xslFormDX01/primary_doc.xml",
    "source_description": "SEC",
    "raised_amount": 850000.0,
    "raised_currency_code": "USD",
    "funded_year": 2009,
    "funded_month": 11,
    "funded_day": 5,
    "investments":
     []}],
 "investments":
  [],
 "acquisition": null,
 "acquisitions":
  [],
 "offices":
  [{"description": "",
    "address1": "2 Union Street",
    "address2": "Suite 501",
    "zip_code": "04101",
    "city": "Portland",
    "state_code": "ME",
    "country_code": "USA",
    "latitude": null,
    "longitude": null}],
 "milestones":
  [],
 "ipo": null,
 "video_embeds":
  [],
 "screenshots":
  [{"available_sizes":
     [[[150,
        89],
       "http://api-images.crunchbase.com/assets/images/resized/0008/6228/86228v1-max-150x150.png"],
      [[250,
        148],
       "http://api-images.crunchbase.com/assets/images/resized/0008/6228/86228v1-max-250x250.png"],
      [[450,
        268],
       "http://api-images.crunchbase.com/assets/images/resized/0008/6228/86228v1-max-450x450.png"]],
    "attribution": null}],
 "external_links":
  [],
 "partners":
  []}
