{"name": "Air Semiconductor",
 "permalink": "air-semiconductor",
 "crunchbase_url": "http://www.crunchbase.com/company/air-semiconductor",
 "homepage_url": "http://www.air-semi.com",
 "blog_url": "http://ex-air.tumblr.com/",
 "blog_feed_url": "http://feeds.feedburner.com/ex-Air",
 "twitter_username": null,
 "category_code": "semiconductor",
 "number_of_employees": 0,
 "founded_year": 2006,
 "founded_month": 5,
 "founded_day": 15,
 "deadpooled_year": 2010,
 "deadpooled_month": 2,
 "deadpooled_day": 1,
 "deadpooled_url": "http://www.u-blox.com/images/stories/PressReleases_PDF_Files/2010/20100201_airsemipatents_en.pdf",
 "tag_list": "always-on, gps, lbs",
 "alias_list": null,
 "email_address": "david.tester@air-semi.com",
 "phone_number": "+44 7958 052933",
 "description": "GPS silicon supplier",
 "created_at": "Wed Oct 07 10:09:48 UTC 2009",
 "updated_at": "Fri Dec 23 06:21:45 UTC 2011",
 "overview": "\u003Cp\u003EAt Air we believe that all mobile devices should be aware of their location. In the future, everything from your wrist watch to your cellphone will know its location, in the same way that it knows what time it is today. Air\u0026#8217;s revolutionary Always-ON technology will - for the first time - enable all battery operated, mobile devices to be continuously aware of their location.\u003C/p\u003E",
 "image":
  {"available_sizes":
    [[[100,
       85],
      "http://api-images.crunchbase.com/assets/images/resized/0006/2106/62106v2-max-150x150.jpg"],
     [[100,
       85],
      "http://api-images.crunchbase.com/assets/images/resized/0006/2106/62106v2-max-250x250.jpg"],
     [[100,
       85],
      "http://api-images.crunchbase.com/assets/images/resized/0006/2106/62106v2-max-450x450.jpg"]],
   "attribution": null},
 "products":
  [{"name": "AirWave1",
    "permalink": "airwave1"}],
 "relationships":
  [{"is_past": false,
    "title": "CTO",
    "person":
     {"first_name": "David",
      "last_name": "Tester",
      "permalink": "david-tester"}},
   {"is_past": true,
    "title": "CEO",
    "person":
     {"first_name": "Hugh",
      "last_name": "Thomas",
      "permalink": "hugh-thomas"}},
   {"is_past": true,
    "title": "VP Marketing",
    "person":
     {"first_name": "Steve",
      "last_name": "Graham",
      "permalink": "steve-graham"}},
   {"is_past": true,
    "title": "MD",
    "person":
     {"first_name": "Andy",
      "last_name": "Heaton",
      "permalink": "andy-heaton"}}],
 "competitions":
  [{"competitor":
     {"name": "u-blox",
      "permalink": "u-blox"}}],
 "providerships":
  [{"title": "",
    "is_past": true,
    "provider":
     {"name": "Wilmer Hale",
      "permalink": "wilmer-hale"}},
   {"title": "",
    "is_past": true,
    "provider":
     {"name": "HellerEhrman(Europe)",
      "permalink": "hellerehrman-europe"}},
   {"title": "",
    "is_past": true,
    "provider":
     {"name": "EML",
      "permalink": "eml"}}],
 "total_money_raised": "$10M",
 "funding_rounds":
  [{"id": 9033,
    "round_code": "a",
    "source_url": "http://www.eetimes.com/news/semi/showArticle.jhtml?articleID=194400778",
    "source_description": "EE Times",
    "raised_amount": 10000000.0,
    "raised_currency_code": "USD",
    "funded_year": 2006,
    "funded_month": 4,
    "funded_day": 11,
    "investments":
     [{"company": null,
       "financial_org":
        {"name": "Pond Ventures",
         "permalink": "pond-ventures"},
       "person": null}]}],
 "investments":
  [],
 "acquisition": null,
 "acquisitions":
  [],
 "offices":
  [{"description": "HQ",
    "address1": "Cherry Orchard North",
    "address2": "Kembrey Park",
    "zip_code": "SN2 8UH",
    "city": "Swindon",
    "state_code": null,
    "country_code": "GBR",
    "latitude": null,
    "longitude": null}],
 "milestones":
  [{"id": 2193,
    "description": "Air secures additional funding and restructures",
    "stoned_year": 2009,
    "stoned_month": 7,
    "stoned_day": 31,
    "source_url": "http://www2.prnewswire.com/cgi-bin/stories.pl?ACCT=LVBP.story\u0026STORY=/www/story/07-31-2009/0005069665\u0026EDATE=FRI+Jul+31+2009,+08:00+AM",
    "source_text": null,
    "source_description": "PR Newswire",
    "stoneable_type": "Company",
    "stoned_value": null,
    "stoned_value_type": null,
    "stoned_acquirer": null,
    "stoneable":
     {"name": "Air Semiconductor",
      "permalink": "air-semiconductor"}},
   {"id": 2194,
    "description": "Air samples 1mA Always-ON GPS receiver",
    "stoned_year": 2009,
    "stoned_month": 3,
    "stoned_day": 6,
    "source_url": "http://www.reuters.com/article/pressRelease/idUS108559+06-Mar-2009+BW20090306",
    "source_text": null,
    "source_description": "Reuters",
    "stoneable_type": "Company",
    "stoned_value": null,
    "stoned_value_type": null,
    "stoned_acquirer": null,
    "stoneable":
     {"name": "Air Semiconductor",
      "permalink": "air-semiconductor"}},
   {"id": 2195,
    "description": "Gary Johnson joins Air board",
    "stoned_year": 2007,
    "stoned_month": 5,
    "stoned_day": 11,
    "source_url": "http://www.globalsmt.net/content/view/2241/111/lang,en/",
    "source_text": null,
    "source_description": "Global SMT",
    "stoneable_type": "Company",
    "stoned_value": null,
    "stoned_value_type": null,
    "stoned_acquirer": null,
    "stoneable":
     {"name": "Air Semiconductor",
      "permalink": "air-semiconductor"}},
   {"id": 2196,
    "description": "Air secures Series-A investment",
    "stoned_year": 2006,
    "stoned_month": 4,
    "stoned_day": 11,
    "source_url": "http://www.setsquared.co.uk/pics/embedded_documents/innovation%20centre%20puts%20electronics%20company%20on%20road.pdf",
    "source_text": null,
    "source_description": "SETsquared",
    "stoneable_type": "Company",
    "stoned_value": null,
    "stoned_value_type": null,
    "stoned_acquirer": null,
    "stoneable":
     {"name": "Air Semiconductor",
      "permalink": "air-semiconductor"}},
   {"id": 2197,
    "description": "Air wins Elektra 'Start-Up of the Year'",
    "stoned_year": 2008,
    "stoned_month": 11,
    "stoned_day": 13,
    "source_url": "http://www.air-semi.com/media/pdf/AIR_Elektra08win-release_FINAL.pdf",
    "source_text": null,
    "source_description": "Air",
    "stoneable_type": "Company",
    "stoned_value": null,
    "stoned_value_type": null,
    "stoned_acquirer": null,
    "stoneable":
     {"name": "Air Semiconductor",
      "permalink": "air-semiconductor"}},
   {"id": 2198,
    "description": "Air wins IET 'Start-Up of the Year'",
    "stoned_year": 2008,
    "stoned_month": 11,
    "stoned_day": 5,
    "source_url": "http://www.air-semi.com/media/pdf/AIR_IETWin.pdf",
    "source_text": null,
    "source_description": "Air",
    "stoneable_type": "Company",
    "stoned_value": null,
    "stoned_value_type": null,
    "stoned_acquirer": null,
    "stoneable":
     {"name": "Air Semiconductor",
      "permalink": "air-semiconductor"}},
   {"id": 2200,
    "description": "Hugh Thomas recruited as CEO",
    "stoned_year": 2008,
    "stoned_month": 5,
    "stoned_day": 19,
    "source_url": "http://eetimes.eu/showArticle.jhtml?articleID=207800869",
    "source_text": null,
    "source_description": "EE Times Europe",
    "stoneable_type": "Company",
    "stoned_value": null,
    "stoned_value_type": null,
    "stoned_acquirer": null,
    "stoneable":
     {"name": "Air Semiconductor",
      "permalink": "air-semiconductor"}},
   {"id": 2201,
    "description": "Air wins Red Herring 100 Europe",
    "stoned_year": 2008,
    "stoned_month": 4,
    "stoned_day": 15,
    "source_url": "http://www.air-semi.com/media/pdf/AIR_RedHerringWin_draft2.pdf",
    "source_text": null,
    "source_description": "",
    "stoneable_type": "Company",
    "stoned_value": null,
    "stoned_value_type": null,
    "stoned_acquirer": null,
    "stoneable":
     {"name": "Air Semiconductor",
      "permalink": "air-semiconductor"}},
   {"id": 2202,
    "description": "Air demo's Always-ON GPS technology",
    "stoned_year": 2008,
    "stoned_month": 5,
    "stoned_day": 12,
    "source_url": "http://www.air-semi.com/media/pdf/080512_Air_GPS_digital_cameras_Japan.pdf",
    "source_text": null,
    "source_description": "",
    "stoneable_type": "Company",
    "stoned_value": null,
    "stoned_value_type": null,
    "stoned_acquirer": null,
    "stoneable":
     {"name": "Air Semiconductor",
      "permalink": "air-semiconductor"}},
   {"id": 2297,
    "description": "Air samples 1mA Always-ON GPS receiver",
    "stoned_year": 2009,
    "stoned_month": 3,
    "stoned_day": 6,
    "source_url": "http://s3.amazonaws.com/ppt-download/semitimes0409-090430135712-phpapp01.pdf?Signature=W2jXua%2BP9xqonER1p9L/iuugew0%3D\u0026Expires=1256566085\u0026AWSAccessKeyId=1Z5T9H8PQ39V6F79V8G2",
    "source_text": null,
    "source_description": "Semiconductor Times",
    "stoneable_type": "Company",
    "stoned_value": null,
    "stoned_value_type": null,
    "stoned_acquirer": null,
    "stoneable":
     {"name": "Air Semiconductor",
      "permalink": "air-semiconductor"}},
   {"id": 4328,
    "description": "Air sells patent portfolio for Always-ON GPS",
    "stoned_year": 2010,
    "stoned_month": 2,
    "stoned_day": 1,
    "source_url": "http://www.u-blox.com/images/stories/PressReleases_PDF_Files/2010/20100201_airsemipatents_en.pdf",
    "source_text": null,
    "source_description": "u-blox acquires patents for real-time, low-power GPS",
    "stoneable_type": "Company",
    "stoned_value": null,
    "stoned_value_type": null,
    "stoned_acquirer": null,
    "stoneable":
     {"name": "Air Semiconductor",
      "permalink": "air-semiconductor"}},
   {"id": 7208,
    "description": "GPS chip firm seeks $13 million in Series B round",
    "stoned_year": 2008,
    "stoned_month": 6,
    "stoned_day": 11,
    "source_url": "http://www.eetimes.com/General/DisplayPrintViewContent?contentItemId=4193757",
    "source_text": null,
    "source_description": "EET",
    "stoneable_type": "Company",
    "stoned_value": null,
    "stoned_value_type": null,
    "stoned_acquirer": null,
    "stoneable":
     {"name": "Air Semiconductor",
      "permalink": "air-semiconductor"}}],
 "ipo": null,
 "video_embeds":
  [],
 "screenshots":
  [],
 "external_links":
  [{"external_url": "http://www.air-semi.com/media/pdf/Air_31-07-2009_DRAFT-V1-7.pdf",
    "title": "Air secures additional funding for GPS development"},
   {"external_url": "http://www.air-semi.com/media/pdf/AIR_firstcustomersrelease_FINAL.pdf",
    "title": "Air samples 1mA Always-ON GPS receiver"},
   {"external_url": "http://www.air-semi.com/media/pdf/AIR_Elektra08win-release_FINAL.pdf",
    "title": "Air awarded Elektra 'Start-Up of the Year'"},
   {"external_url": "http://www.air-semi.com/media/pdf/AIR_IETWin.pdf",
    "title": "Air awarded IET 'Start-Up of the Year'"},
   {"external_url": "http://www.air-semi.com/media/pdf/AIR__Dolphin_Integration_FINAL.pdf",
    "title": "Air and Dolphin enable next generation GPS solutions"},
   {"external_url": "http://www.air-semi.com/media/pdf/AIR_TaiwanPR_final.pdf",
    "title": "Air demonstrates GPS for digital cameras"},
   {"external_url": "http://www.air-semi.com/media/pdf/AIR_CEOAppointment.pdf",
    "title": "Air appoints CEO"},
   {"external_url": "http://www.air-semi.com/media/pdf/080512_Air_GPS_digital_cameras_Japan.pdf",
    "title": "Air brings GPS to consumer digital cameras in Japan"},
   {"external_url": "http://www.air-semi.com/media/pdf/AIR_RedHerringWin_draft2.pdf",
    "title": "Air awards Red Herring Europe 100"},
   {"external_url": "http://eetimes.eu/showArticle.jhtml?articleID=218900287",
    "title": "Change of plan and CEO at Air"},
   {"external_url": "http://eetimes.eu/showArticle.jhtml?articleID=212200302",
    "title": "Association tips 30 European start-ups"},
   {"external_url": "http://eetimes.eu/showArticle.jhtml?articleID=212000939",
    "title": "GPS chip firm seeks $13M in series-B"},
   {"external_url": "http://eetimes.eu/showArticle.jhtml?articleID=209102205",
    "title": "Air selects Dolphin RAM and ROM"},
   {"external_url": "http://eetimes.eu/showArticle.jhtml?articleID=207800869",
    "title": "Hugh Thomas tapped as CEO at Air"},
   {"external_url": "http://eetimes.eu/showArticle.jhtml?articleID=206100382",
    "title": "Air instant and continuous location technology targets portable consumer devices"},
   {"external_url": "http://eetimes.eu/showArticle.jhtml?articleID=205917757",
    "title": "IC start-up targets GPS location with cameras"},
   {"external_url": "http://eetimes.eu/showArticle.jhtml?articleID=196602584",
    "title": "Cadence to extend start-up program"},
   {"external_url": "http://eetimes.eu/showArticle.jhtml?articleID=194400778",
    "title": "Chip start-up formed to address mobile phone problem"},
   {"external_url": "http://www.bath.ac.uk/news/swindon-newsletter/newsletter-autumn06-page2-3.pdf",
    "title": "Latest phone innovation floats Air above all its rivals"},
   {"external_url": "http://www.setsquared.co.uk/pics/embedded_documents/innovation%20centre%20puts%20electronics%20company%20on%20road.pdf",
    "title": "Innovation centre puts electronics company on road to global success"},
   {"external_url": "http://www.globalsmt.net/content/view/2241/111/lang,en/",
    "title": "Gary Johnson joins Air board"},
   {"external_url": "http://www.gpsworld.com/consumer-oem/news/business-outlook-get-picture-2829",
    "title": "Business Outlook - Get the Picture?"},
   {"external_url": "http://www.gpsworld.com/gps/50-leaders-watch-1176?page_id=2",
    "title": "50 Leaders to Watch"},
   {"external_url": "http://www.gpsworld.com/lbs/news/chip-startup-claims-advance-gps-power-consumption-2200",
    "title": "Chip Startup Claims Advance in GPS Power Consumption"},
   {"external_url": "http://www.gpsworld.com/consumer-oem/news/ims-gps-tech-catching-up-with-digital-cameras-2794",
    "title": "IMS: GPS Technology Catching Up with Digital Cameras"},
   {"external_url": "http://www.gpsworld.com/consumer-oem/news/air-semi-proclaims-its-first-gps-chip-a-success-2945",
    "title": "Air Proclaims its First GPS Chip a Success"},
   {"external_url": "http://www.insidegnss.com/node/537",
    "title": "New Companies Focus on Emerging Digital Camera Market"},
   {"external_url": "http://uk.techcrunch.com/2008/03/27/top-tech-startups-in-europe/",
    "title": "Top tech start-up's in Europe?"},
   {"external_url": "http://iphone.tmcnet.com/news/2009/03/11/4046036.htm",
    "title": "Air samples GPS receiver to customer"},
   {"external_url": "http://www.electronicsweekly.com/Articles/2007/07/25/41881/bristol-wireless-vc-investment-to-reach-1bn-by-2008.htm",
    "title": "Bristol wireless VC investment to reach $1bn by 2008"}],
 "partners":
  []}
