{"name": "Air One Photo",
 "permalink": "air-one-photo",
 "crunchbase_url": "http://www.crunchbase.com/company/air-one-photo",
 "homepage_url": "http://www.aironephoto.com",
 "blog_url": "",
 "blog_feed_url": "",
 "twitter_username": null,
 "category_code": "other",
 "number_of_employees": 8,
 "founded_year": 1995,
 "founded_month": null,
 "founded_day": null,
 "deadpooled_year": null,
 "deadpooled_month": null,
 "deadpooled_day": null,
 "deadpooled_url": null,
 "tag_list": "large-format-printing, professional-photography, photo-printing-on-canvas, graphics--printing-services, aerial-photos, architectural-photography",
 "alias_list": null,
 "email_address": "brad@aironephoto.com",
 "phone_number": "219-462-1182",
 "description": "Graphics \u0026 Printing Services",
 "created_at": "Mon Nov 09 23:04:37 UTC 2009",
 "updated_at": "Wed Oct 13 18:09:39 UTC 2010",
 "overview": "\u003Cp\u003EAir One Photo offers affordable, professional photography services including photo restoration, digital image \u0026amp; film scanning, large format printing and canvas printing.\u003C/p\u003E",
 "image":
  {"available_sizes":
    [[[150,
       60],
      "http://api-images.crunchbase.com/assets/images/resized/0006/5565/65565v2-max-150x150.jpg"],
     [[160,
       64],
      "http://api-images.crunchbase.com/assets/images/resized/0006/5565/65565v2-max-250x250.jpg"],
     [[160,
       64],
      "http://api-images.crunchbase.com/assets/images/resized/0006/5565/65565v2-max-450x450.jpg"]],
   "attribution": null},
 "products":
  [],
 "relationships":
  [],
 "competitions":
  [],
 "providerships":
  [],
 "total_money_raised": "$0",
 "funding_rounds":
  [],
 "investments":
  [],
 "acquisition": null,
 "acquisitions":
  [],
 "offices":
  [],
 "milestones":
  [{"id": 9026,
    "description": "Air One celebrates 15 years in business",
    "stoned_year": 2010,
    "stoned_month": 10,
    "stoned_day": 11,
    "source_url": "",
    "source_text": null,
    "source_description": "",
    "stoneable_type": "Company",
    "stoned_value": null,
    "stoned_value_type": null,
    "stoned_acquirer": null,
    "stoneable":
     {"name": "Air One Photo",
      "permalink": "air-one-photo"}}],
 "ipo": null,
 "video_embeds":
  [],
 "screenshots":
  [],
 "external_links":
  [],
 "partners":
  []}
