{"name": "AirClic",
 "permalink": "airclic",
 "crunchbase_url": "http://www.crunchbase.com/company/airclic",
 "homepage_url": "http://www.airclic.com",
 "blog_url": "http://airclic.com/blog",
 "blog_feed_url": "",
 "twitter_username": "airclic",
 "category_code": "mobile",
 "number_of_employees": null,
 "founded_year": 1999,
 "founded_month": null,
 "founded_day": null,
 "deadpooled_year": null,
 "deadpooled_month": null,
 "deadpooled_day": null,
 "deadpooled_url": null,
 "tag_list": "",
 "alias_list": "",
 "email_address": "",
 "phone_number": "215-504-0560",
 "description": "mobile business solutions",
 "created_at": "Mon Feb 22 16:55:12 UTC 2010",
 "updated_at": "Wed Oct 02 15:00:49 UTC 2013",
 "overview": "\u003Cp\u003EAirClic, Inc. provides mobile business solutions in the United States. It captures and accesses information about workers, assets, inventory, activities, GPS location, and time, as well as supports various hardware devices to capture data in the fields. The company also provides business process mobilization solutions, as well as proof of delivery/services, logistics and transportation management, inventory management, security, operations and supply chain management, field services, customer communications, and time and expense management services. \u003C/p\u003E\n\n\u003Cp\u003EAirClic, Inc. was founded in 1999 and is headquartered in Trevose, Pennsylvania.\u003C/p\u003E",
 "image":
  {"available_sizes":
    [[[150,
       37],
      "http://api-images.crunchbase.com/assets/images/resized/0007/7804/77804v2-max-150x150.png"],
     [[242,
       61],
      "http://api-images.crunchbase.com/assets/images/resized/0007/7804/77804v2-max-250x250.png"],
     [[242,
       61],
      "http://api-images.crunchbase.com/assets/images/resized/0007/7804/77804v2-max-450x450.png"]],
   "attribution": null},
 "products":
  [],
 "relationships":
  [{"is_past": false,
    "title": "President \u0026 CEO",
    "person":
     {"first_name": "Michael",
      "last_name": "B. Lee",
      "permalink": "michael-b-lee"}},
   {"is_past": false,
    "title": "Chief Financial Officer",
    "person":
     {"first_name": "Carl",
      "last_name": "Smith",
      "permalink": "carl-smith"}},
   {"is_past": false,
    "title": "CTO",
    "person":
     {"first_name": "P\u00c3\u00b3l",
      "last_name": "Sweeney",
      "permalink": "pl-sweeney"}},
   {"is_past": false,
    "title": "Vice President of Engineering",
    "person":
     {"first_name": "Bob",
      "last_name": "Bialozynski",
      "permalink": "bob-bialozynski"}},
   {"is_past": false,
    "title": "Vice President of Marketing",
    "person":
     {"first_name": "Susan",
      "last_name": "Truskey",
      "permalink": "susan-truskey"}},
   {"is_past": false,
    "title": "Board of Directors",
    "person":
     {"first_name": "Daniel",
      "last_name": "J. Deeney",
      "permalink": "daniel-j-deeney"}},
   {"is_past": false,
    "title": "Vice President of Saas Operations",
    "person":
     {"first_name": "Matthew",
      "last_name": "Foroughi",
      "permalink": "matthew-foroughi"}},
   {"is_past": false,
    "title": "Investor",
    "person":
     {"first_name": "Bob",
      "last_name": "Smith",
      "permalink": "bob-smith"}},
   {"is_past": false,
    "title": "Vice President, Finance",
    "person":
     {"first_name": "Cherry",
      "last_name": "Graham",
      "permalink": "cherry-graham"}},
   {"is_past": true,
    "title": "CEO",
    "person":
     {"first_name": "Rick",
      "last_name": "Pontin",
      "permalink": "rick-pontin"}},
   {"is_past": true,
    "title": "Vice President, Sales",
    "person":
     {"first_name": "Steve",
      "last_name": "Tremitiere",
      "permalink": "steve-tremitiere"}},
   {"is_past": true,
    "title": "Vice President, Product",
    "person":
     {"first_name": "Matt",
      "last_name": "Matsui",
      "permalink": "matt-matsui"}}],
 "competitions":
  [],
 "providerships":
  [],
 "total_money_raised": "$27.5M",
 "funding_rounds":
  [{"id": 12206,
    "round_code": "c",
    "source_url": "http://www.airclic.com/news_and_resources/press_releases/release28.asp",
    "source_description": "AirClic Secures $12.5 Million in Venture Capital Funding",
    "raised_amount": 12500000.0,
    "raised_currency_code": "USD",
    "funded_year": 2007,
    "funded_month": 2,
    "funded_day": 20,
    "investments":
     [{"company": null,
       "financial_org":
        {"name": "Zon Capital Partners",
         "permalink": "zon-capital-partners"},
       "person": null},
      {"company": null,
       "financial_org":
        {"name": "JMI Equity",
         "permalink": "jmi-equity"},
       "person": null},
      {"company": null,
       "financial_org":
        {"name": "Motorola Solutions Venture Capital",
         "permalink": "motorola-solutions-venture-capital"},
       "person": null}]},
   {"id": 35881,
    "round_code": "a",
    "source_url": "http://www.bizjournals.com/philadelphia/stories/2000/03/27/daily8.html",
    "source_description": "Factiva Document dj00000020010805dw3s01b35",
    "raised_amount": 15000000.0,
    "raised_currency_code": "USD",
    "funded_year": 2000,
    "funded_month": 3,
    "funded_day": 28,
    "investments":
     [{"company": null,
       "financial_org":
        {"name": "Blue Capital Management LLC",
         "permalink": "blue-capital-management-llc"},
       "person": null},
      {"company": null,
       "financial_org":
        {"name": "Forrest Binkley \u0026 Brown",
         "permalink": "forrest-binkley-brown"},
       "person": null},
      {"company": null,
       "financial_org":
        {"name": "Edgewater Private Equity Fund",
         "permalink": "edgewater-private-equity-fund"},
       "person": null},
      {"company": null,
       "financial_org":
        {"name": "Goldman Sachs",
         "permalink": "goldman-sachs"},
       "person": null}]}],
 "investments":
  [],
 "acquisition": null,
 "acquisitions":
  [],
 "offices":
  [{"description": "HQ",
    "address1": "900 Northbrook Drive",
    "address2": "Suite 100",
    "zip_code": "19053",
    "city": "Trevose",
    "state_code": "PA",
    "country_code": "USA",
    "latitude": null,
    "longitude": null}],
 "milestones":
  [],
 "ipo": null,
 "video_embeds":
  [],
 "screenshots":
  [{"available_sizes":
     [[[133,
        150],
       "http://api-images.crunchbase.com/assets/images/resized/0007/7805/77805v1-max-150x150.jpg"],
      [[222,
        250],
       "http://api-images.crunchbase.com/assets/images/resized/0007/7805/77805v1-max-250x250.jpg"],
      [[399,
        450],
       "http://api-images.crunchbase.com/assets/images/resized/0007/7805/77805v1-max-450x450.jpg"]],
    "attribution": null}],
 "external_links":
  [],
 "partners":
  []}
