{"name": "Aircom International",
 "permalink": "aircom-international",
 "crunchbase_url": "http://www.crunchbase.com/company/aircom-international",
 "homepage_url": "http://www.aircominternational.com",
 "blog_url": "",
 "blog_feed_url": "",
 "twitter_username": "aircomint",
 "category_code": "public_relations",
 "number_of_employees": null,
 "founded_year": 1995,
 "founded_month": null,
 "founded_day": null,
 "deadpooled_year": null,
 "deadpooled_month": null,
 "deadpooled_day": null,
 "deadpooled_url": null,
 "tag_list": null,
 "alias_list": "",
 "email_address": "",
 "phone_number": "44 1932 442 000",
 "description": "network management tools",
 "created_at": "Fri Feb 26 13:19:52 UTC 2010",
 "updated_at": "Fri Dec 06 11:01:16 UTC 2013",
 "overview": "\u003Cp\u003EAIRCOM International, Ltd. provides network management tools and services for the telecommunication operators. Its products include ASSET, a multi technology radio planning tool; ADVANTAGE, an automated cell planning, designed for rapid implementation; ARRAYWIZARD, which generates automated coverage prediction and multi technology array creation; ASSET ACP that reduces or eliminates the need for drive testing; OPTIMA, a performance and service management tool; DATASAFE, which is designed to reconcile planning and live network data when making changes and upgrades to network equipment;\u003C/p\u003E\n\n\u003Cp\u003EThe company was founded in 1995 and is based in Leatherhead, the United Kingdom with additional offices in the United Kingdom, Singapore, South Africa, the United States, India, Sweden, Brazil, the United Arab Emirates, and China, as well as Paris, France; Rome, Italy; and Sydney, Australia.\u003C/p\u003E",
 "image":
  {"available_sizes":
    [[[150,
       46],
      "http://api-images.crunchbase.com/assets/images/resized/0008/6767/86767v1-max-150x150.jpg"],
     [[250,
       77],
      "http://api-images.crunchbase.com/assets/images/resized/0008/6767/86767v1-max-250x250.jpg"],
     [[250,
       77],
      "http://api-images.crunchbase.com/assets/images/resized/0008/6767/86767v1-max-450x450.jpg"]],
   "attribution": null},
 "products":
  [],
 "relationships":
  [{"is_past": false,
    "title": "Founder \u0026 Managing Director, Symena",
    "person":
     {"first_name": "Thomas",
      "last_name": "Neubauer",
      "permalink": "thomas-neubauer"}},
   {"is_past": false,
    "title": "Chief Operating Officer",
    "person":
     {"first_name": "Calum",
      "last_name": "Byers",
      "permalink": "calum-byers"}},
   {"is_past": false,
    "title": "Chief Technology Officer",
    "person":
     {"first_name": "Steve",
      "last_name": "Bowker",
      "permalink": "steve-bowker"}},
   {"is_past": false,
    "title": "Head of Marketing \u0026 Communications",
    "person":
     {"first_name": "Susan",
      "last_name": "Brady",
      "permalink": "susan-brady"}},
   {"is_past": false,
    "title": "Regional Director, Americas",
    "person":
     {"first_name": "Claudia",
      "last_name": "Grandjean",
      "permalink": "claudia-grandjean"}},
   {"is_past": false,
    "title": "Regional Director, Europe",
    "person":
     {"first_name": "Nick",
      "last_name": "Brown",
      "permalink": "nick-brown"}},
   {"is_past": false,
    "title": "Head of Legal",
    "person":
     {"first_name": "Suzanna",
      "last_name": "Barrett",
      "permalink": "suzanna-barrett"}},
   {"is_past": false,
    "title": "Regional Director, Africa",
    "person":
     {"first_name": "Philip",
      "last_name": "Korf",
      "permalink": "philip-korf"}},
   {"is_past": false,
    "title": "Regional Director, APAC",
    "person":
     {"first_name": "Benjamin",
      "last_name": "Hart",
      "permalink": "benjamin-hart"}},
   {"is_past": false,
    "title": "Regional Director, Middle East",
    "person":
     {"first_name": "Khaled",
      "last_name": "Abdulrahman",
      "permalink": "khaled-abdulrahman"}},
   {"is_past": true,
    "title": "CFO",
    "person":
     {"first_name": "James",
      "last_name": "Bodha",
      "permalink": "james-bodha"}},
   {"is_past": true,
    "title": "VP Sales, Regional Consulting Services Director and Key Account Manager",
    "person":
     {"first_name": "Philip",
      "last_name": "Korf",
      "permalink": "philip-korf"}},
   {"is_past": true,
    "title": "Controller, Asia-Pacific",
    "person":
     {"first_name": "Andrea",
      "last_name": "Bornschlegel",
      "permalink": "andrea-bornschlegel"}},
   {"is_past": true,
    "title": "Leader of EMEA sales and global sales operations",
    "person":
     {"first_name": "Simon",
      "last_name": "Beard",
      "permalink": "simon-beard"}},
   {"is_past": true,
    "title": "President, Aircom International Inc.",
    "person":
     {"first_name": "Marty",
      "last_name": "Smuin",
      "permalink": "marty-smuin"}}],
 "competitions":
  [],
 "providerships":
  [],
 "total_money_raised": "$0",
 "funding_rounds":
  [],
 "investments":
  [],
 "acquisition": null,
 "acquisitions":
  [],
 "offices":
  [{"description": "HQ",
    "address1": "Randalls Way",
    "address2": "Cassini Court Randalls Research Park",
    "zip_code": "KT22 7TW",
    "city": "Leatherhead",
    "state_code": null,
    "country_code": "GBR",
    "latitude": null,
    "longitude": null}],
 "milestones":
  [],
 "ipo": null,
 "video_embeds":
  [],
 "screenshots":
  [{"available_sizes":
     [[[150,
        122],
       "http://api-images.crunchbase.com/assets/images/resized/0008/6768/86768v1-max-150x150.jpg"],
      [[250,
        203],
       "http://api-images.crunchbase.com/assets/images/resized/0008/6768/86768v1-max-250x250.jpg"],
      [[450,
        366],
       "http://api-images.crunchbase.com/assets/images/resized/0008/6768/86768v1-max-450x450.jpg"]],
    "attribution": null}],
 "external_links":
  [],
 "partners":
  []}
