{"name": "Airspan",
 "permalink": "airspan",
 "crunchbase_url": "http://www.crunchbase.com/company/airspan",
 "homepage_url": "http://www.airspan.com",
 "blog_url": "",
 "blog_feed_url": "",
 "twitter_username": "airspannetworks",
 "category_code": "network_hosting",
 "number_of_employees": null,
 "founded_year": 1992,
 "founded_month": null,
 "founded_day": null,
 "deadpooled_year": null,
 "deadpooled_month": null,
 "deadpooled_day": null,
 "deadpooled_url": null,
 "tag_list": "",
 "alias_list": "",
 "email_address": "sales@airspan.com",
 "phone_number": "1-561-893-8670",
 "description": "WiMax pure player",
 "created_at": "Thu Oct 01 19:35:16 UTC 2009",
 "updated_at": "Wed Apr 03 10:55:00 UTC 2013",
 "overview": "\u003Cp\u003EAirspan Networks is a global provider of fixed and mobile broadband wireless systems and solutions that deliver voice, high-speed data and multimedia services. Airspan\u0026#8217;s products serve operators around the world in both licensed and unlicensed frequency bands covering from 700MHz up to 6GHz. Its products have been deployed in over 100 countries by 400 operators, 100 of which use Airspan\u0026#8217;s WiMAX products. Airspan is on the Board and a founding member of the WiMAX Forum, the body that champions the WiMAX standard worldwide. Airspan is also a member of the Wi-Fi alliance.\u003C/p\u003E",
 "image":
  {"available_sizes":
    [[[125,
       100],
      "http://api-images.crunchbase.com/assets/images/resized/0006/1445/61445v1-max-150x150.png"],
     [[125,
       100],
      "http://api-images.crunchbase.com/assets/images/resized/0006/1445/61445v1-max-250x250.png"],
     [[125,
       100],
      "http://api-images.crunchbase.com/assets/images/resized/0006/1445/61445v1-max-450x450.png"]],
   "attribution": null},
 "products":
  [],
 "relationships":
  [{"is_past": true,
    "title": "Board of Directors",
    "person":
     {"first_name": "Steve",
      "last_name": "Coffey",
      "permalink": "steve-coffey"}}],
 "competitions":
  [],
 "providerships":
  [],
 "total_money_raised": "$10M",
 "funding_rounds":
  [{"id": 8976,
    "round_code": "c",
    "source_url": "http://www.marketwire.com/press-release/Airspan-Networks-Inc-1039078.html",
    "source_description": "Airspan Announces $10 Million Preferred Stock Sale to Oak Investment Partners and 1-for-15 Reverse Split",
    "raised_amount": 10000000.0,
    "raised_currency_code": "USD",
    "funded_year": 2009,
    "funded_month": 9,
    "funded_day": 2,
    "investments":
     [{"company": null,
       "financial_org":
        {"name": "Oak Investment Partners",
         "permalink": "oak-investment-partners"},
       "person": null}]}],
 "investments":
  [],
 "acquisition": null,
 "acquisitions":
  [],
 "offices":
  [{"description": "",
    "address1": "777 Yamato Road",
    "address2": "Suite 310",
    "zip_code": "33431",
    "city": "Boca Raton",
    "state_code": "FL",
    "country_code": "USA",
    "latitude": null,
    "longitude": null}],
 "milestones":
  [],
 "ipo": null,
 "video_embeds":
  [],
 "screenshots":
  [{"available_sizes":
     [[[150,
        104],
       "http://api-images.crunchbase.com/assets/images/resized/0006/2949/62949v1-max-150x150.jpg"],
      [[250,
        174],
       "http://api-images.crunchbase.com/assets/images/resized/0006/2949/62949v1-max-250x250.jpg"],
      [[450,
        314],
       "http://api-images.crunchbase.com/assets/images/resized/0006/2949/62949v1-max-450x450.jpg"]],
    "attribution": null}],
 "external_links":
  [],
 "partners":
  []}
