{"name": "Aitako Consulting",
 "permalink": "aitako-consulting",
 "crunchbase_url": "http://www.crunchbase.com/company/aitako-consulting",
 "homepage_url": "http://aitako.com",
 "blog_url": "http://aitako.com",
 "blog_feed_url": "",
 "twitter_username": "aitako",
 "category_code": "software",
 "number_of_employees": 10,
 "founded_year": 2009,
 "founded_month": 7,
 "founded_day": 28,
 "deadpooled_year": null,
 "deadpooled_month": null,
 "deadpooled_day": null,
 "deadpooled_url": null,
 "tag_list": "gis, software, innovation, design, marketing, development, location-based-social-media, social-media, facebook, twitter",
 "alias_list": null,
 "email_address": "info@aitako.com",
 "phone_number": "+27798782057",
 "description": "software gis design marketing",
 "created_at": "Mon Dec 21 08:45:18 UTC 2009",
 "updated_at": "Mon Aug 02 19:51:08 UTC 2010",
 "overview": "\u003Cp\u003EAitako is an innovative software design, development and consulting company based in  Johannesburg, South Africa. \u003C/p\u003E\n\n\u003Cp\u003EThey specialise in location aware application and website development, and marketing using online services such as Twitter and Facebook.  They are involved in a community based charity project named Cyclebuds.com, and are always interested in developing cool new applications using the best technologies available for the job.\u003C/p\u003E\n\n\u003Cp\u003EThey pride themselves in being a creative problem solving force, and in thinking outside of the box to find solutions best suited to the challenge at hand.\u003C/p\u003E",
 "image":
  {"available_sizes":
    [[[150,
       150],
      "http://api-images.crunchbase.com/assets/images/resized/0007/0551/70551v2-max-150x150.png"],
     [[187,
       187],
      "http://api-images.crunchbase.com/assets/images/resized/0007/0551/70551v2-max-250x250.png"],
     [[187,
       187],
      "http://api-images.crunchbase.com/assets/images/resized/0007/0551/70551v2-max-450x450.png"]],
   "attribution": null},
 "products":
  [],
 "relationships":
  [],
 "competitions":
  [],
 "providerships":
  [],
 "total_money_raised": "$0",
 "funding_rounds":
  [],
 "investments":
  [],
 "acquisition": null,
 "acquisitions":
  [],
 "offices":
  [{"description": "Head Office",
    "address1": "Norscot",
    "address2": "",
    "zip_code": "2191",
    "city": "Johannesburg",
    "state_code": null,
    "country_code": "ZAF",
    "latitude": null,
    "longitude": null}],
 "milestones":
  [],
 "ipo": null,
 "video_embeds":
  [],
 "screenshots":
  [],
 "external_links":
  [{"external_url": "http://twitter.com/aitako",
    "title": "Twitter"}],
 "partners":
  []}
