{"name": "aitendant",
 "permalink": "aitendant",
 "crunchbase_url": "http://www.crunchbase.com/company/aitendant",
 "homepage_url": "http://www.aitendant.com",
 "blog_url": "http://www.aitendant.com/support",
 "blog_feed_url": "",
 "twitter_username": "aitendant",
 "category_code": "ecommerce",
 "number_of_employees": 5,
 "founded_year": 2009,
 "founded_month": 11,
 "founded_day": null,
 "deadpooled_year": null,
 "deadpooled_month": null,
 "deadpooled_day": null,
 "deadpooled_url": null,
 "tag_list": "remote-shopping, ecommerce, advertising",
 "alias_list": null,
 "email_address": "info@aitendant.com",
 "phone_number": "(404) 941-0062",
 "description": "Embedded eCommerce Application",
 "created_at": "Mon Nov 30 15:47:19 UTC 2009",
 "updated_at": "Tue Feb 22 22:46:42 UTC 2011",
 "overview": "\u003Cp\u003Eaitendant helps retailers engage the millions of customers who frequent forums, blogs, online magazines or just regular sites. Our application allows retailers both big and small to easily integrate their storefront with engaging content on just about any site, anywhere online.\u003C/p\u003E\n\n\u003Cp\u003Eaitendant enables consumers to securely purchase, exchange information or configure services directly from any enabled object. Objects can be text, images\nor video. aitendant is an introduction to natural interfaces with commercial functions. With aitendant, any text, image or video (advertisement), located on a remote site, can independently serve as a fully functional commercial environment. \u003C/p\u003E",
 "image":
  {"available_sizes":
    [[[150,
       34],
      "http://api-images.crunchbase.com/assets/images/resized/0006/8025/68025v2-max-150x150.jpg"],
     [[250,
       57],
      "http://api-images.crunchbase.com/assets/images/resized/0006/8025/68025v2-max-250x250.jpg"],
     [[450,
       103],
      "http://api-images.crunchbase.com/assets/images/resized/0006/8025/68025v2-max-450x450.jpg"]],
   "attribution": null},
 "products":
  [],
 "relationships":
  [],
 "competitions":
  [],
 "providerships":
  [],
 "total_money_raised": "$0",
 "funding_rounds":
  [],
 "investments":
  [],
 "acquisition": null,
 "acquisitions":
  [],
 "offices":
  [{"description": "Midtown Atlanta",
    "address1": "",
    "address2": "",
    "zip_code": "30309",
    "city": "Atlanta",
    "state_code": "GA",
    "country_code": "USA",
    "latitude": null,
    "longitude": null}],
 "milestones":
  [{"id": 2904,
    "description": "aitendant is a member company of Georgia Tech's ATDC.",
    "stoned_year": 2009,
    "stoned_month": null,
    "stoned_day": null,
    "source_url": "http://atdc.org/2009/12/aitendent-launches.html",
    "source_text": null,
    "source_description": "Georgia Tech ATDC",
    "stoneable_type": "Company",
    "stoned_value": null,
    "stoned_value_type": null,
    "stoned_acquirer": null,
    "stoneable":
     {"name": "aitendant",
      "permalink": "aitendant"}},
   {"id": 3261,
    "description": "aitendant now provides spanish language support.",
    "stoned_year": 2010,
    "stoned_month": 1,
    "stoned_day": 5,
    "source_url": "http://www.aitendant.com/support_es/",
    "source_text": null,
    "source_description": "code, servers \u0026 support",
    "stoneable_type": "Company",
    "stoned_value": null,
    "stoned_value_type": null,
    "stoned_acquirer": null,
    "stoneable":
     {"name": "aitendant",
      "permalink": "aitendant"}},
   {"id": 3626,
    "description": "aitendant introduces Binder which enables aitendant to work for any size business by enabling complete customized control over the features and footprint delivered to customers.",
    "stoned_year": 2010,
    "stoned_month": 1,
    "stoned_day": 27,
    "source_url": "http://news.google.com/news?client=safari\u0026rls=en\u0026q=aitendant+binder\u0026oe=UTF-8\u0026um=1\u0026ie=UTF-8\u0026hl=en\u0026ei=7ulgS4rdLc6WtgegtsDYDQ\u0026sa=X\u0026oi=news_group\u0026ct=title\u0026resnum=1\u0026ved=0CAwQsQQwAA",
    "source_text": null,
    "source_description": "Press Release",
    "stoneable_type": "Company",
    "stoned_value": null,
    "stoned_value_type": null,
    "stoned_acquirer": null,
    "stoneable":
     {"name": "aitendant",
      "permalink": "aitendant"}}],
 "ipo": null,
 "video_embeds":
  [],
 "screenshots":
  [{"available_sizes":
     [[[150,
        113],
       "http://api-images.crunchbase.com/assets/images/resized/0008/1990/81990v2-max-150x150.jpg"],
      [[250,
        189],
       "http://api-images.crunchbase.com/assets/images/resized/0008/1990/81990v2-max-250x250.jpg"],
      [[450,
        341],
       "http://api-images.crunchbase.com/assets/images/resized/0008/1990/81990v2-max-450x450.jpg"]],
    "attribution": null},
   {"available_sizes":
     [[[150,
        113],
       "http://api-images.crunchbase.com/assets/images/resized/0008/1991/81991v2-max-150x150.jpg"],
      [[250,
        189],
       "http://api-images.crunchbase.com/assets/images/resized/0008/1991/81991v2-max-250x250.jpg"],
      [[450,
        341],
       "http://api-images.crunchbase.com/assets/images/resized/0008/1991/81991v2-max-450x450.jpg"]],
    "attribution": null},
   {"available_sizes":
     [[[150,
        113],
       "http://api-images.crunchbase.com/assets/images/resized/0008/1992/81992v2-max-150x150.jpg"],
      [[250,
        189],
       "http://api-images.crunchbase.com/assets/images/resized/0008/1992/81992v2-max-250x250.jpg"],
      [[450,
        341],
       "http://api-images.crunchbase.com/assets/images/resized/0008/1992/81992v2-max-450x450.jpg"]],
    "attribution": null}],
 "external_links":
  [],
 "partners":
  []}
