{"name": "Akebia Therapeutics",
 "permalink": "akebia-therapeutics",
 "crunchbase_url": "http://www.crunchbase.com/company/akebia-therapeutics",
 "homepage_url": "http://www.akebia.com",
 "blog_url": "",
 "blog_feed_url": "",
 "twitter_username": null,
 "category_code": "biotech",
 "number_of_employees": null,
 "founded_year": 2007,
 "founded_month": null,
 "founded_day": null,
 "deadpooled_year": null,
 "deadpooled_month": null,
 "deadpooled_day": null,
 "deadpooled_url": null,
 "tag_list": "",
 "alias_list": "",
 "email_address": "info@akebia.com",
 "phone_number": "513.985.1920",
 "description": "pharmaceutical company",
 "created_at": "Fri Sep 18 13:12:34 UTC 2009",
 "updated_at": "Fri Mar 21 02:42:07 UTC 2014",
 "overview": "\u003Cp\u003EAkebia Therapeutics, Inc., a pharmaceutical company, focuses on treatments for ischemia and improvement of vascular disease. It engages in the clinical development of compounds for the treatment of anemia and ischemia-related disorders. The company offers Omacor for hypertriglyceridemia; and Actonel for osteoporosis. Its products include prolyl hydroxylase enzyme and phosphatase enzyme. Akebia Therapeutics, Inc. was founded in 2007 and is based in Cincinnati, Ohio.\u003C/p\u003E",
 "image":
  {"available_sizes":
    [[[150,
       50],
      "http://api-images.crunchbase.com/assets/images/resized/0006/0146/60146v1-max-150x150.jpg"],
     [[240,
       81],
      "http://api-images.crunchbase.com/assets/images/resized/0006/0146/60146v1-max-250x250.jpg"],
     [[240,
       81],
      "http://api-images.crunchbase.com/assets/images/resized/0006/0146/60146v1-max-450x450.jpg"]],
   "attribution": null},
 "products":
  [],
 "relationships":
  [{"is_past": false,
    "title": "Co-Founder \u0026 Board of Directors",
    "person":
     {"first_name": "Joseph",
      "last_name": "H. Gardner",
      "permalink": "joseph-h-gardner"}},
   {"is_past": false,
    "title": "Chairman",
    "person":
     {"first_name": "John",
      "last_name": "Rice",
      "permalink": "john-rice"}},
   {"is_past": false,
    "title": "Co - Founder \u0026 CMO",
    "person":
     {"first_name": "Robert",
      "last_name": "Shalwitz",
      "permalink": "robert-shalwitz"}},
   {"is_past": false,
    "title": "Co-Chairman",
    "person":
     {"first_name": "Muneer",
      "last_name": "A. Satter",
      "permalink": "muneer-a-satter"}},
   {"is_past": false,
    "title": "CEO",
    "person":
     {"first_name": "John",
      "last_name": "Butler",
      "permalink": "john-butler-4"}},
   {"is_past": false,
    "title": "SVP, Business Development",
    "person":
     {"first_name": "William",
      "last_name": "Daly",
      "permalink": "william-daly"}},
   {"is_past": false,
    "title": "Member, Board of Directors",
    "person":
     {"first_name": "Duane",
      "last_name": "Nash",
      "permalink": "duane-nash"}},
   {"is_past": false,
    "title": "Director",
    "person":
     {"first_name": "Campbell",
      "last_name": "Murray",
      "permalink": "dr-campbell-murray"}},
   {"is_past": false,
    "title": "Director",
    "person":
     {"first_name": "Joseph",
      "last_name": "Gardner",
      "permalink": "joseph-gardner"}},
   {"is_past": false,
    "title": "Chief Scientific Officer",
    "person":
     {"first_name": "Kevin",
      "last_name": "Peters",
      "permalink": "kevin-peters"}},
   {"is_past": false,
    "title": "Board of Directors",
    "person":
     {"first_name": "Paul",
      "last_name": "Weiss",
      "permalink": "paul-weiss"}},
   {"is_past": false,
    "title": "Board of Directors",
    "person":
     {"first_name": "Anupam",
      "last_name": "Dalal",
      "permalink": "anupam-dalal"}},
   {"is_past": true,
    "title": "Board of Directors / Chairman",
    "person":
     {"first_name": "John",
      "last_name": "M. Rice",
      "permalink": "john-m-rice"}},
   {"is_past": true,
    "title": "Board of Directors",
    "person":
     {"first_name": "Campbell",
      "last_name": "Murray",
      "permalink": "dr-campbell-murray"}},
   {"is_past": true,
    "title": "Head, Financial Development",
    "person":
     {"first_name": "Ian",
      "last_name": "A.W. Howes",
      "permalink": "ian-a-w-howes"}}],
 "competitions":
  [],
 "providerships":
  [],
 "total_money_raised": "$83.1M",
 "funding_rounds":
  [{"id": 8639,
    "round_code": "a",
    "source_url": "http://onbiovc.com/akebia-therapeutics-inc-series-a-16m/",
    "source_description": "Akebia Therapeutics, Inc.: Series A $16M",
    "raised_amount": 16000000.0,
    "raised_currency_code": "USD",
    "funded_year": 2009,
    "funded_month": 9,
    "funded_day": 15,
    "investments":
     [{"company": null,
       "financial_org":
        {"name": "Novartis Venture Fund",
         "permalink": "novartis-venture-fund"},
       "person": null},
      {"company": null,
       "financial_org":
        {"name": "Technology Venture Investors",
         "permalink": "technology-venture-investors"},
       "person": null},
      {"company": null,
       "financial_org":
        {"name": "Triathlon Medical Venture Partners",
         "permalink": "triathlon-medical-venture-partners"},
       "person": null},
      {"company": null,
       "financial_org":
        {"name": "Athenian Venture Partners",
         "permalink": "athenian-venture-partners"},
       "person": null},
      {"company": null,
       "financial_org":
        {"name": "Sigvion Capital",
         "permalink": "sigvion-capital"},
       "person": null}]},
   {"id": 22661,
    "round_code": "b",
    "source_url": "http://www.akebia.com/news/Akebia_Srs_B_Financing.pdf",
    "source_description": "AKEBIA COMPLETES $22M SERIES B FINANCING",
    "raised_amount": 22000000.0,
    "raised_currency_code": "USD",
    "funded_year": 2011,
    "funded_month": 4,
    "funded_day": 26,
    "investments":
     [{"company": null,
       "financial_org":
        {"name": "Novartis Venture Fund",
         "permalink": "novartis-venture-fund"},
       "person": null},
      {"company": null,
       "financial_org":
        {"name": "Venture Investors",
         "permalink": "venture-investors"},
       "person": null},
      {"company": null,
       "financial_org":
        {"name": "Triathlon Medical Venture Partners",
         "permalink": "triathlon-medical-venture-partners"},
       "person": null},
      {"company": null,
       "financial_org":
        {"name": "Kearny Venture Partners",
         "permalink": "kearny-venture-partners"},
       "person": null},
      {"company": null,
       "financial_org":
        {"name": "Athenian Venture Partners",
         "permalink": "athenian-venture-partners"},
       "person": null},
      {"company": null,
       "financial_org":
        {"name": "Sigvion Capital",
         "permalink": "sigvion-capital"},
       "person": null},
      {"company": null,
       "financial_org":
        {"name": "AgeChem Venture Fund",
         "permalink": "agechem-venture-fund"},
       "person": null}]},
   {"id": 27446,
    "round_code": "b",
    "source_url": "http://www.finsmes.com/2012/01/akebia-therapeutics-raises-4-1m-series-financing.html?utm_source=feedburner\u0026utm_medium=feed\u0026utm_campaign=Feed%3A+finsmes%2FcNHu+%28FinSMEs%29",
    "source_description": "Akebia Therapeutics Raises $4.1M in Series B Financing",
    "raised_amount": 4100000.0,
    "raised_currency_code": "USD",
    "funded_year": 2012,
    "funded_month": 1,
    "funded_day": 9,
    "investments":
     [{"company": null,
       "financial_org":
        {"name": "Novartis Venture Fund",
         "permalink": "novartis-venture-fund"},
       "person": null},
      {"company": null,
       "financial_org":
        {"name": "Venture Investors",
         "permalink": "venture-investors"},
       "person": null},
      {"company": null,
       "financial_org":
        {"name": "Triathlon Medical Venture Partners",
         "permalink": "triathlon-medical-venture-partners"},
       "person": null},
      {"company": null,
       "financial_org":
        {"name": "Kearny Venture Partners",
         "permalink": "kearny-venture-partners"},
       "person": null},
      {"company": null,
       "financial_org":
        {"name": "Athenian Venture Partners",
         "permalink": "athenian-venture-partners"},
       "person": null},
      {"company": null,
       "financial_org":
        {"name": "Sigvion Capital",
         "permalink": "sigvion-capital"},
       "person": null},
      {"company": null,
       "financial_org":
        {"name": "AgeChem Venture Fund",
         "permalink": "agechem-venture-fund"},
       "person": null}]},
   {"id": 39272,
    "round_code": "c",
    "source_url": "http://www.finsmes.com/2013/06/akebia-therapeutics-completes-41m-series-financing.html",
    "source_description": "Akebia Therapeutics Completes $41M Series C Financing",
    "raised_amount": 41000000.0,
    "raised_currency_code": "USD",
    "funded_year": 2013,
    "funded_month": 6,
    "funded_day": 4,
    "investments":
     [{"company": null,
       "financial_org":
        {"name": "Novo A/S",
         "permalink": "novo-a-s"},
       "person": null},
      {"company": null,
       "financial_org":
        {"name": "Novartis Venture Fund",
         "permalink": "novartis-venture-fund"},
       "person": null},
      {"company": null,
       "financial_org":
        {"name": "Kearny Venture Partners",
         "permalink": "kearny-venture-partners"},
       "person": null},
      {"company": null,
       "financial_org":
        {"name": "Venture Investors",
         "permalink": "venture-investors"},
       "person": null},
      {"company": null,
       "financial_org":
        {"name": "Athenian Venture Partners",
         "permalink": "athenian-venture-partners"},
       "person": null},
      {"company": null,
       "financial_org":
        {"name": "Triathlon Medical Venture Partners",
         "permalink": "triathlon-medical-venture-partners"},
       "person": null},
      {"company": null,
       "financial_org":
        {"name": "AgeChem Venture Fund",
         "permalink": "agechem-venture-fund"},
       "person": null},
      {"company": null,
       "financial_org":
        {"name": "Sigvion Capital",
         "permalink": "sigvion-capital"},
       "person": null},
      {"company": null,
       "financial_org":
        {"name": "Satter Investment Management",
         "permalink": "satter-investment-management"},
       "person": null}]}],
 "investments":
  [],
 "acquisition": null,
 "acquisitions":
  [],
 "offices":
  [{"description": "HQ",
    "address1": "10151 Carver Road",
    "address2": "Suite 205",
    "zip_code": "45242",
    "city": "Cincinnati",
    "state_code": "OH",
    "country_code": "USA",
    "latitude": null,
    "longitude": null}],
 "milestones":
  [{"id": 47730,
    "description": "Akebia swings for a $75M IPO to get its anemia drug into Phase III",
    "stoned_year": 2014,
    "stoned_month": 2,
    "stoned_day": 18,
    "source_url": "http://www.fiercebiotech.com/story/akebia-swings-75m-ipo-get-its-anemia-drug-phase-iii/2014-02-18?utm_source=rss\u0026utm_medium=rss\u0026utm_source=twitterfeed\u0026utm_medium=twitter",
    "source_text": "",
    "source_description": "Akebia swings for a $75M IPO to get its anemia drug into Phase III",
    "stoneable_type": "Company",
    "stoned_value": null,
    "stoned_value_type": null,
    "stoned_acquirer": null,
    "stoneable":
     {"name": "Akebia Therapeutics",
      "permalink": "akebia-therapeutics"}}],
 "ipo":
  {"valuation_amount": null,
   "valuation_currency_code": "USD",
   "pub_year": 2014,
   "pub_month": 3,
   "pub_day": 20,
   "stock_symbol": "NASDAQ:AKBA"},
 "video_embeds":
  [],
 "screenshots":
  [{"available_sizes":
     [[[150,
        118],
       "http://api-images.crunchbase.com/assets/images/resized/0036/4079/364079v1-max-150x150.jpg"],
      [[250,
        197],
       "http://api-images.crunchbase.com/assets/images/resized/0036/4079/364079v1-max-250x250.jpg"],
      [[450,
        355],
       "http://api-images.crunchbase.com/assets/images/resized/0036/4079/364079v1-max-450x450.jpg"]],
    "attribution": null}],
 "external_links":
  [],
 "partners":
  []}
