{"name": "Akira Systems",
 "permalink": "akira-systems",
 "crunchbase_url": "http://www.crunchbase.com/company/akira-systems",
 "homepage_url": "http://www.akirasystems.com",
 "blog_url": "http://www.akirasystems.com/blog/default.aspx",
 "blog_feed_url": "",
 "twitter_username": "AkiraSystems",
 "category_code": "software",
 "number_of_employees": 5,
 "founded_year": 2003,
 "founded_month": 10,
 "founded_day": 1,
 "deadpooled_year": null,
 "deadpooled_month": null,
 "deadpooled_day": null,
 "deadpooled_url": null,
 "tag_list": "development, sharepoint, java",
 "alias_list": null,
 "email_address": "info@akirasystems.com",
 "phone_number": "519.652.5230",
 "description": "Development, Heathcare, Sharepoint",
 "created_at": "Tue Oct 13 15:11:38 UTC 2009",
 "updated_at": "Mon Mar 31 06:53:06 UTC 2014",
 "overview": "\u003Cp\u003EEstablished in 2003 Akira systems has a simple mission: To help organization achieve the results that define business and technological success. For many years, Akira Systems has enabled our client\u0026#8217;s to achieve success through industry-specific expertise, quality services and collaborative relationships based on core business values. All of this, with professional integrity right at the centre. Our products and solutions have helped organizations in Healthcare, Government, Wireless and Small / Medium Sized Business.\u003C/p\u003E\n\n\u003Cp\u003EOur core business competency is in providing information technology, systems engineering solutions and services. Our process involves gathering requirements, design, build, integrate, maintain and upgrade state-of-the-art systems for our clients. We also provide many of our clients with the systems analysis, integration and program management skills necessary to manage their systems development and operations \u003C/p\u003E",
 "image":
  {"available_sizes":
    [[[150,
       40],
      "http://api-images.crunchbase.com/assets/images/resized/0006/2631/62631v2-max-150x150.jpg"],
     [[250,
       67],
      "http://api-images.crunchbase.com/assets/images/resized/0006/2631/62631v2-max-250x250.jpg"],
     [[450,
       121],
      "http://api-images.crunchbase.com/assets/images/resized/0006/2631/62631v2-max-450x450.jpg"]],
   "attribution": null},
 "products":
  [],
 "relationships":
  [],
 "competitions":
  [],
 "providerships":
  [],
 "total_money_raised": "$0",
 "funding_rounds":
  [],
 "investments":
  [],
 "acquisition": null,
 "acquisitions":
  [],
 "offices":
  [{"description": "Head Office",
    "address1": "3392 Wonderland Rd. S.",
    "address2": "Bldg 8 - Unit 6, Ontraio",
    "zip_code": "N6L 1A8",
    "city": "London",
    "state_code": null,
    "country_code": "CAN",
    "latitude": null,
    "longitude": null}],
 "milestones":
  [],
 "ipo": null,
 "video_embeds":
  [],
 "screenshots":
  [],
 "external_links":
  [],
 "partners":
  []}
