{"name": "Akustica",
 "permalink": "akustica",
 "crunchbase_url": "http://www.crunchbase.com/company/akustica",
 "homepage_url": "http://www.akustica.com",
 "blog_url": "",
 "blog_feed_url": "",
 "twitter_username": null,
 "category_code": "semiconductor",
 "number_of_employees": null,
 "founded_year": 2001,
 "founded_month": null,
 "founded_day": null,
 "deadpooled_year": null,
 "deadpooled_month": null,
 "deadpooled_day": null,
 "deadpooled_url": null,
 "tag_list": "",
 "alias_list": "",
 "email_address": "",
 "phone_number": "412-390-1730",
 "description": "fabless semiconductor company",
 "created_at": "Tue Feb 23 10:51:51 UTC 2010",
 "updated_at": "Tue Apr 23 14:06:28 UTC 2013",
 "overview": "\u003Cp\u003EAkustica, Inc., a fabless semiconductor company, develops and commercializes complementary metal oxide semiconductor (CMOS) micro electro mechanical systems (MEMS) microphones. It provides single-chip digital and analog microphones that are used in notebook personal computers, mobile phones, Internet telephone systems, headsets, speakers, cameras, and inertial and radio frequency devices for hearing, speaking, and sensing applications. \u003C/p\u003E\n\n\u003Cp\u003EThe company was founded in 2001 and is based in Pittsburgh, Pennsylvania. As of September 30, 2009, Akustica, Inc. operates as a subsidiary of Robert Bosch North America, Inc.\u003C/p\u003E",
 "image":
  {"available_sizes":
    [[[150,
       60],
      "http://api-images.crunchbase.com/assets/images/resized/0007/7912/77912v1-max-150x150.png"],
     [[150,
       60],
      "http://api-images.crunchbase.com/assets/images/resized/0007/7912/77912v1-max-250x250.png"],
     [[150,
       60],
      "http://api-images.crunchbase.com/assets/images/resized/0007/7912/77912v1-max-450x450.png"]],
   "attribution": null},
 "products":
  [],
 "relationships":
  [{"is_past": false,
    "title": "Chief Executive Officer and General Manager",
    "person":
     {"first_name": "Dr.",
      "last_name": "Horst Muenzel",
      "permalink": "dr-horst-muenzel"}},
   {"is_past": false,
    "title": "Vice President - Controller",
    "person":
     {"first_name": "Steffen",
      "last_name": "Zacharias",
      "permalink": "steffen-zacharias"}},
   {"is_past": false,
    "title": "Vice President of Manufacturing",
    "person":
     {"first_name": "Scott",
      "last_name": "Naugle",
      "permalink": "scott-naugle"}},
   {"is_past": false,
    "title": "Vice President of Sales and Marketing",
    "person":
     {"first_name": "Davin",
      "last_name": "L. Yuknis",
      "permalink": "davin-l-yuknis"}},
   {"is_past": false,
    "title": "Vice President of Engineering",
    "person":
     {"first_name": "Dr.",
      "last_name": "Michael Offenberg",
      "permalink": "dr-michael-offenberg"}},
   {"is_past": false,
    "title": "Vice President of Finance",
    "person":
     {"first_name": "Susan",
      "last_name": "H. Earley",
      "permalink": "susan-h-earley"}},
   {"is_past": true,
    "title": "Senior Management Positions",
    "person":
     {"first_name": "Frank",
      "last_name": "Shemansky",
      "permalink": "frank-shemansky-phd"}}],
 "competitions":
  [],
 "providerships":
  [],
 "total_money_raised": "$27M",
 "funding_rounds":
  [{"id": 12230,
    "round_code": "unattributed",
    "source_url": "",
    "source_description": "EDGAR",
    "raised_amount": 12000000.0,
    "raised_currency_code": "USD",
    "funded_year": 2007,
    "funded_month": 1,
    "funded_day": 22,
    "investments":
     [{"company": null,
       "financial_org":
        {"name": "Mobius Venture Capital",
         "permalink": "mobius-venture-capital"},
       "person": null},
      {"company": null,
       "financial_org":
        {"name": "Rangos Investments",
         "permalink": "rangos-investments"},
       "person": null}]},
   {"id": 18665,
    "round_code": "b",
    "source_url": "http://akustica.com/documents/PressRelease-SeriesBRoundFunding.pdf",
    "source_description": "Akustica Raises Series B Round Funding of $15 Million",
    "raised_amount": 15000000.0,
    "raised_currency_code": "USD",
    "funded_year": 2005,
    "funded_month": 3,
    "funded_day": 30,
    "investments":
     [{"company": null,
       "financial_org":
        {"name": "Rangos Investments",
         "permalink": "rangos-investments"},
       "person": null},
      {"company": null,
       "financial_org":
        {"name": "Mobius Venture Capital",
         "permalink": "mobius-venture-capital"},
       "person": null}]}],
 "investments":
  [],
 "acquisition": null,
 "acquisitions":
  [],
 "offices":
  [{"description": "HQ",
    "address1": "2835 East Carson Street",
    "address2": "Suite 301",
    "zip_code": "15203",
    "city": "Pittsburgh",
    "state_code": "PA",
    "country_code": "USA",
    "latitude": null,
    "longitude": null}],
 "milestones":
  [],
 "ipo": null,
 "video_embeds":
  [],
 "screenshots":
  [{"available_sizes":
     [[[140,
        150],
       "http://api-images.crunchbase.com/assets/images/resized/0007/7913/77913v1-max-150x150.jpg"],
      [[234,
        250],
       "http://api-images.crunchbase.com/assets/images/resized/0007/7913/77913v1-max-250x250.jpg"],
      [[422,
        450],
       "http://api-images.crunchbase.com/assets/images/resized/0007/7913/77913v1-max-450x450.jpg"]],
    "attribution": null}],
 "external_links":
  [],
 "partners":
  []}
