{"name": "Alarity",
 "permalink": "alarity-corporation",
 "crunchbase_url": "http://www.crunchbase.com/company/alarity-corporation",
 "homepage_url": null,
 "blog_url": "",
 "blog_feed_url": "",
 "twitter_username": null,
 "category_code": "software",
 "number_of_employees": null,
 "founded_year": 1998,
 "founded_month": null,
 "founded_day": null,
 "deadpooled_year": null,
 "deadpooled_month": null,
 "deadpooled_day": null,
 "deadpooled_url": null,
 "tag_list": null,
 "alias_list": "",
 "email_address": "",
 "phone_number": "201-372-1400",
 "description": "",
 "created_at": "Thu Jan 14 19:48:53 UTC 2010",
 "updated_at": "Wed Jun 02 02:56:47 UTC 2010",
 "overview": "\u003Cp\u003EAs of September 21, 2007, Alarity Corporation was acquired by Arc International plc. Alarity Corporation provides Internet protocol solutions and services in the areas of video and audio, digital signal processing, multimedia, information security, and enterprise automation. It also offers training and support services. The company has a research and development center in St. Petersburg, Russia. Alarity Corporation was founded in 1998 and is based in Rutherford, New Jersey.\u003C/p\u003E",
 "image": null,
 "products":
  [],
 "relationships":
  [{"is_past": true,
    "title": "CEO",
    "person":
     {"first_name": "Felix",
      "last_name": "Litvinsky",
      "permalink": "felix-litvinsky"}}],
 "competitions":
  [],
 "providerships":
  [],
 "total_money_raised": "$0",
 "funding_rounds":
  [],
 "investments":
  [],
 "acquisition": null,
 "acquisitions":
  [],
 "offices":
  [{"description": "",
    "address1": "201 Route 17",
    "address2": "Suite 300",
    "zip_code": "07070",
    "city": "Rutherford",
    "state_code": "NJ",
    "country_code": "USA",
    "latitude": null,
    "longitude": null}],
 "milestones":
  [],
 "ipo": null,
 "video_embeds":
  [],
 "screenshots":
  [],
 "external_links":
  [],
 "partners":
  []}
