{"name": "Alert Management Systems",
 "permalink": "alert-management-systems",
 "crunchbase_url": "http://www.crunchbase.com/company/alert-management-systems",
 "homepage_url": "http://www.alert-ims.com",
 "blog_url": "",
 "blog_feed_url": "",
 "twitter_username": "alerteasypro",
 "category_code": "software",
 "number_of_employees": null,
 "founded_year": 1976,
 "founded_month": null,
 "founded_day": null,
 "deadpooled_year": null,
 "deadpooled_month": null,
 "deadpooled_day": null,
 "deadpooled_url": null,
 "tag_list": "rental-software, rental-equiptment-software, rental-management-software, rental-inventory-software, rental-tracking-software, rental-accounting-software, rental-software-colorado-springs, rental-equiptment-software-colorado-springs, rental-management-soft",
 "alias_list": null,
 "email_address": "sales@alert-ims.com",
 "phone_number": "719-634-7755",
 "description": "rental management software",
 "created_at": "Wed Oct 14 23:16:41 UTC 2009",
 "updated_at": "Thu Oct 15 00:18:13 UTC 2009",
 "overview": "\u003Cp\u003EAlert Management Systems Corp. is a supplier of Windows-based systems to multistore rental operations in the USA. Alert supports over 600 rental stores in 44 states across the US. Alert software is also used in Canada, Australia, New Zealand, and the Caribbean.\u003C/p\u003E",
 "image": null,
 "products":
  [],
 "relationships":
  [],
 "competitions":
  [],
 "providerships":
  [],
 "total_money_raised": "$0",
 "funding_rounds":
  [],
 "investments":
  [],
 "acquisition": null,
 "acquisitions":
  [],
 "offices":
  [{"description": "Headquarters",
    "address1": "555 E. Pikes Ave., Ste 205",
    "address2": "",
    "zip_code": "80903",
    "city": "Colorado Springs",
    "state_code": "CO",
    "country_code": "USA",
    "latitude": null,
    "longitude": null}],
 "milestones":
  [],
 "ipo": null,
 "video_embeds":
  [],
 "screenshots":
  [],
 "external_links":
  [],
 "partners":
  []}
