{"name": "Alere",
 "permalink": "alere",
 "crunchbase_url": "http://www.crunchbase.com/company/alere",
 "homepage_url": "http://www.alere.com",
 "blog_url": "",
 "blog_feed_url": "",
 "twitter_username": "alerehealth",
 "category_code": "hardware",
 "number_of_employees": null,
 "founded_year": 1991,
 "founded_month": null,
 "founded_day": null,
 "deadpooled_year": null,
 "deadpooled_month": null,
 "deadpooled_day": null,
 "deadpooled_url": null,
 "tag_list": "",
 "alias_list": "",
 "email_address": "",
 "phone_number": "(781) 647-3900",
 "description": "",
 "created_at": "Thu Sep 24 22:39:22 UTC 2009",
 "updated_at": "Thu Jan 30 06:50:15 UTC 2014",
 "overview": "\u003Cp\u003EAlere Inc., formerly Inverness Medical Innovations, Inc., provides diagnostics and health management solutions. The Company\u0026#8217;s products and services are focused on infectious disease, cardiology, oncology, drugs of abuse and women\u0026#8217;s health. Its brands range from over-the-counter tests to lab-based diagnostics to integrated home monitoring solutions. The Company\u0026#8217;s brands include Acceava Mono cassette, Alere Home Monitoring, AtheNA Multi-Lyte Test System, BinaxNOW, Cholestech LDX, Clearview iFOB Complete, Determine HBsAg, DoubleCheckGold and ImmunoComb. The Company has operations in North America, Europe and Middle East, Asia Pacific, and Latin America and Africa. \u003C/p\u003E",
 "image":
  {"available_sizes":
    [[[97,
       85],
      "http://api-images.crunchbase.com/assets/images/resized/0012/2896/122896v1-max-150x150.png"],
     [[97,
       85],
      "http://api-images.crunchbase.com/assets/images/resized/0012/2896/122896v1-max-250x250.png"],
     [[97,
       85],
      "http://api-images.crunchbase.com/assets/images/resized/0012/2896/122896v1-max-450x450.png"]],
   "attribution": null},
 "products":
  [],
 "relationships":
  [{"is_past": false,
    "title": "CEO",
    "person":
     {"first_name": "Mansoor",
      "last_name": "Khan",
      "permalink": "mansoor-khan"}},
   {"is_past": false,
    "title": "Chairman of the Board, CEO \u0026 President",
    "person":
     {"first_name": "Ron",
      "last_name": "Zwanziger",
      "permalink": "ron-zwanziger"}},
   {"is_past": false,
    "title": "CTO",
    "person":
     {"first_name": "Ahmad",
      "last_name": "Kasmieh",
      "permalink": "ahmad-kasmieh"}},
   {"is_past": false,
    "title": "Chief Information Officer",
    "person":
     {"first_name": "John",
      "last_name": "O'Rourke",
      "permalink": "john-orourke-2"}},
   {"is_past": false,
    "title": "SVP, Chief Ethics \u0026 Compliance Officer, Assistant Secretary",
    "person":
     {"first_name": "Paul",
      "last_name": "T.Hempel",
      "permalink": "paul-t-hempel"}},
   {"is_past": false,
    "title": "CFO, VP \u0026 Treasurer",
    "person":
     {"first_name": "David",
      "last_name": "Teitel",
      "permalink": "david-teitel"}},
   {"is_past": false,
    "title": "Chief Operating Officer",
    "person":
     {"first_name": "Namal",
      "last_name": "Nawana",
      "permalink": "namal-nawana"}},
   {"is_past": false,
    "title": "VP, Global Quality \u0026 Regulatory",
    "person":
     {"first_name": "Melissa",
      "last_name": "Guerdan",
      "permalink": "melissa-guerdan"}},
   {"is_past": false,
    "title": "VP, Finance - Alere Inc.",
    "person":
     {"first_name": "Jon",
      "last_name": "Russell",
      "permalink": "jon-russell"}},
   {"is_past": false,
    "title": "VP, IT Operations",
    "person":
     {"first_name": "Dave",
      "last_name": "Sullivan",
      "permalink": "dave-sullivan"}},
   {"is_past": false,
    "title": "VP, Finance \u0026 Administration",
    "person":
     {"first_name": "Amy",
      "last_name": "Tefft",
      "permalink": "amy-tefft"}},
   {"is_past": false,
    "title": "VP, Support Services",
    "person":
     {"first_name": "Elie",
      "last_name": "Saliba",
      "permalink": "elie-saliba"}},
   {"is_past": false,
    "title": "VP \u0026 GM - Connected Health",
    "person":
     {"first_name": "Kate",
      "last_name": "Torchilin",
      "permalink": "kate-torchilin"}},
   {"is_past": false,
    "title": "VP, R\u0026D",
    "person":
     {"first_name": "Nigel",
      "last_name": "Lindner",
      "permalink": "nigel-lindner"}},
   {"is_past": false,
    "title": "VP (May' 2007), General Counsel \u0026 Secretary (May' 2010)",
    "person":
     {"first_name": "Ellen",
      "last_name": "Chiniara",
      "permalink": "ellen-chiniara"}},
   {"is_past": false,
    "title": "VP, Global Human Resources",
    "person":
     {"first_name": "Robert",
      "last_name": "Hargadon",
      "permalink": "robert-hargadon"}},
   {"is_past": false,
    "title": "SVP, Business Development",
    "person":
     {"first_name": "John",
      "last_name": "Bridgen",
      "permalink": "john-bridgen"}},
   {"is_past": false,
    "title": "Chief Scientific Officer",
    "person":
     {"first_name": "David",
      "last_name": "Scott",
      "permalink": "david-scott-3"}},
   {"is_past": false,
    "title": "President, Alere International Limited",
    "person":
     {"first_name": "Hilde",
      "last_name": "Eylenbosch",
      "permalink": "hilde-eylenbosch"}},
   {"is_past": false,
    "title": "Global President, Infectious Disease",
    "person":
     {"first_name": "Avi",
      "last_name": "Pelossof",
      "permalink": "avi-pelossof"}},
   {"is_past": false,
    "title": "Board of Directors",
    "person":
     {"first_name": "Stephen",
      "last_name": "MacMillan",
      "permalink": "stephen-macmillan"}},
   {"is_past": false,
    "title": "Board of Directors",
    "person":
     {"first_name": "Hakan",
      "last_name": "Bjorklund",
      "permalink": "hakan-bjorklund"}},
   {"is_past": false,
    "title": "Board of Directors",
    "person":
     {"first_name": "John",
      "last_name": "F. Levy",
      "permalink": "john-f-levy"}},
   {"is_past": false,
    "title": "Board of Directors",
    "person":
     {"first_name": "Gregg",
      "last_name": "Powers",
      "permalink": "gregg-powers"}},
   {"is_past": false,
    "title": "Chief Medical Officer",
    "person":
     {"first_name": "Fauzia",
      "last_name": "Khan",
      "permalink": "fauzia-khan"}},
   {"is_past": false,
    "title": "VP, Enginerring",
    "person":
     {"first_name": "Arnie",
      "last_name": "Greenfield",
      "permalink": "arnie-greenfield"}},
   {"is_past": false,
    "title": "Board of Directors",
    "person":
     {"first_name": "Jerry",
      "last_name": "McAleer",
      "permalink": "jerry-mcaleer"}},
   {"is_past": false,
    "title": "Board of Directors",
    "person":
     {"first_name": "Regina",
      "last_name": "M. Benjamin",
      "permalink": "regina-m-benjamin"}},
   {"is_past": false,
    "title": "SVP, R\u0026D",
    "person":
     {"first_name": "Jerry",
      "last_name": "McAleer",
      "permalink": "jerry-mcaleer"}},
   {"is_past": false,
    "title": "Global President, Chronic Care",
    "person":
     {"first_name": "Daniella",
      "last_name": "Cramp",
      "permalink": "daniella-cramp"}},
   {"is_past": false,
    "title": "Global President, Alere Health Information Solutions",
    "person":
     {"first_name": "Craig",
      "last_name": "Keyes",
      "permalink": "craig-keyes"}},
   {"is_past": false,
    "title": "President - Alere Home Monitoring Inc.",
    "person":
     {"first_name": "Jon",
      "last_name": "Russell",
      "permalink": "jon-russell"}},
   {"is_past": false,
    "title": "Board of Directors",
    "person":
     {"first_name": "James",
      "last_name": "Roosevelt",
      "permalink": "james-roosevelt"}},
   {"is_past": false,
    "title": "Board of Directors",
    "person":
     {"first_name": "Carol",
      "last_name": "R. Goldberg",
      "permalink": "carol-r-goldberg"}},
   {"is_past": false,
    "title": "Board of Directors",
    "person":
     {"first_name": "Brian",
      "last_name": "Markison",
      "permalink": "brian-markison"}},
   {"is_past": false,
    "title": "Board of Directors",
    "person":
     {"first_name": "John",
      "last_name": "A. Quelch",
      "permalink": "john-a-quelch"}},
   {"is_past": false,
    "title": "SVP, Product Management",
    "person":
     {"first_name": "Lou",
      "last_name": "Lunetta",
      "permalink": "lou-lunetta"}},
   {"is_past": false,
    "title": "Global President, Acute Care",
    "person":
     {"first_name": "James",
      "last_name": "Post",
      "permalink": "james-post"}},
   {"is_past": false,
    "title": "Global President, Toxicology",
    "person":
     {"first_name": "Sanjay",
      "last_name": "Malkani",
      "permalink": "sanjay-malkani"}},
   {"is_past": false,
    "title": "Board of Directors",
    "person":
     {"first_name": "Tom",
      "last_name": "McKillop",
      "permalink": "tom-mckillop"}},
   {"is_past": true,
    "title": "President / CEO (Free \u0026 Clear Inc.)",
    "person":
     {"first_name": "Tim",
      "last_name": "Kilgallon",
      "permalink": "tim-kilgallon"}},
   {"is_past": true,
    "title": "CEO",
    "person":
     {"first_name": "Dr.",
      "last_name": "Ron Geraty",
      "permalink": "dr-ron-geraty"}},
   {"is_past": true,
    "title": "EVP / Chief Medical Officer",
    "person":
     {"first_name": "Craig",
      "last_name": "Keyes",
      "permalink": "craig-keyes"}},
   {"is_past": true,
    "title": "Chief Commercial Officer",
    "person":
     {"first_name": "Hilde",
      "last_name": "Eylenbosch",
      "permalink": "hilde-eylenbosch"}},
   {"is_past": true,
    "title": "EVP, Health \u0026 Productivity Strategy",
    "person":
     {"first_name": "Ron",
      "last_name": "Loeppke",
      "permalink": "ron-loeppke"}},
   {"is_past": true,
    "title": "Executive Vice President of Culture \u0026 Performance",
    "person":
     {"first_name": "Thornton",
      "last_name": "Kuntz",
      "permalink": "thornton-kuntz"}},
   {"is_past": true,
    "title": "VP, Global Toxicology Unit - US \u0026 European Operations",
    "person":
     {"first_name": "Sanjay",
      "last_name": "Malkani",
      "permalink": "sanjay-malkani"}},
   {"is_past": true,
    "title": "VP, Infectious Disease",
    "person":
     {"first_name": "Avi",
      "last_name": "Pelossof",
      "permalink": "avi-pelossof"}},
   {"is_past": true,
    "title": "VP, Cardiology",
    "person":
     {"first_name": "Jerry",
      "last_name": "McAleer",
      "permalink": "jerry-mcaleer"}},
   {"is_past": true,
    "title": "VP, Business Development",
    "person":
     {"first_name": "John",
      "last_name": "Bridgen",
      "permalink": "john-bridgen"}},
   {"is_past": true,
    "title": "VP, Sales \u0026 Marketing - Critical Care Div.",
    "person":
     {"first_name": "James",
      "last_name": "Post",
      "permalink": "james-post"}},
   {"is_past": true,
    "title": "VP, International Women\u2019s Health",
    "person":
     {"first_name": "Hilde",
      "last_name": "Eylenbosch",
      "permalink": "hilde-eylenbosch"}},
   {"is_past": true,
    "title": "VP, Consumer Diagnostics",
    "person":
     {"first_name": "Hilde",
      "last_name": "Eylenbosch",
      "permalink": "hilde-eylenbosch"}},
   {"is_past": true,
    "title": "VP, Marketing",
    "person":
     {"first_name": "Hilde",
      "last_name": "Eylenbosch",
      "permalink": "hilde-eylenbosch"}},
   {"is_past": true,
    "title": "VP, Cardiovascular Business Unit",
    "person":
     {"first_name": "Daniella",
      "last_name": "Cramp",
      "permalink": "daniella-cramp"}},
   {"is_past": true,
    "title": "VP, Finance",
    "person":
     {"first_name": "David",
      "last_name": "Teitel",
      "permalink": "david-teitel"}},
   {"is_past": true,
    "title": "Vice President for Strategic Projects",
    "person":
     {"first_name": "John",
      "last_name": "Yonkin",
      "permalink": "john-yonkin"}},
   {"is_past": true,
    "title": "SVP Medical Affairs",
    "person":
     {"first_name": "Richard",
      "last_name": "Hodach",
      "permalink": "richard-hodach"}},
   {"is_past": true,
    "title": "VP",
    "person":
     {"first_name": "Ken",
      "last_name": "Carruthers",
      "permalink": "ken-carruthers"}},
   {"is_past": true,
    "title": "Executive Vice President, Collaborative Care",
    "person":
     {"first_name": "Darren",
      "last_name": "Schulte",
      "permalink": "darren-schulte"}},
   {"is_past": true,
    "title": "Data Governance Intern",
    "person":
     {"first_name": "Teresa",
      "last_name": "Hu",
      "permalink": "teresa-hu"}},
   {"is_past": true,
    "title": "VP, Informatics, Women's \u0026 Children's Health",
    "person":
     {"first_name": "Wendy",
      "last_name": "Turenne",
      "permalink": "wendy-turenne"}},
   {"is_past": true,
    "title": "Division President (Free \u0026 Clear Inc.)",
    "person":
     {"first_name": "Tim",
      "last_name": "Kilgallon",
      "permalink": "tim-kilgallon"}},
   {"is_past": true,
    "title": "President of Alere's Predecessor Inverness Medical Innovations",
    "person":
     {"first_name": "John",
      "last_name": "Yonkin",
      "permalink": "john-yonkin"}},
   {"is_past": true,
    "title": "SVP, Marketing",
    "person":
     {"first_name": "Hilde",
      "last_name": "Eylenbosch",
      "permalink": "hilde-eylenbosch"}},
   {"is_past": true,
    "title": "VP, Consumer Marketing",
    "person":
     {"first_name": "Hilde",
      "last_name": "Eylenbosch",
      "permalink": "hilde-eylenbosch"}},
   {"is_past": true,
    "title": "Manager, Global Strategic Business Unit",
    "person":
     {"first_name": "Nigel",
      "last_name": "Lindner",
      "permalink": "nigel-lindner"}},
   {"is_past": true,
    "title": "VP, Strategy",
    "person":
     {"first_name": "John",
      "last_name": "Bridgen",
      "permalink": "john-bridgen"}},
   {"is_past": true,
    "title": "Board of Directors",
    "person":
     {"first_name": "David",
      "last_name": "Scott",
      "permalink": "david-scott-3"}},
   {"is_past": true,
    "title": "VP, Blood-Borne Pathogens",
    "person":
     {"first_name": "Avi",
      "last_name": "Pelossof",
      "permalink": "avi-pelossof"}},
   {"is_past": true,
    "title": "Boards of Directors",
    "person":
     {"first_name": "Kent",
      "last_name": "Gossett",
      "permalink": "kent-gossett"}},
   {"is_past": true,
    "title": "Held Sales Leadership Roles",
    "person":
     {"first_name": "Annette",
      "last_name": "Plishka",
      "permalink": "annette-plishka"}},
   {"is_past": true,
    "title": "Director International Business Development",
    "person":
     {"first_name": "Ad",
      "last_name": "de Waard",
      "permalink": "ad-de-waard"}},
   {"is_past": true,
    "title": "Board Member",
    "person":
     {"first_name": "Jennifer",
      "last_name": "M. Mulloy",
      "permalink": "jennifer-m-mulloy"}},
   {"is_past": true,
    "title": "President - North America",
    "person":
     {"first_name": "James",
      "last_name": "Post",
      "permalink": "james-post"}},
   {"is_past": true,
    "title": "Director, Finance Operations",
    "person":
     {"first_name": "David",
      "last_name": "Teitel",
      "permalink": "david-teitel"}},
   {"is_past": true,
    "title": "President, Consumer Diagnostics",
    "person":
     {"first_name": "Hilde",
      "last_name": "Eylenbosch",
      "permalink": "hilde-eylenbosch"}},
   {"is_past": true,
    "title": "President, Alere Health",
    "person":
     {"first_name": "Craig",
      "last_name": "Keyes",
      "permalink": "craig-keyes"}},
   {"is_past": true,
    "title": "VP / Head - Women\u2019s Health Business Unit",
    "person":
     {"first_name": "Kate",
      "last_name": "Torchilin",
      "permalink": "kate-torchilin"}},
   {"is_past": true,
    "title": "VP, R\u0026D",
    "person":
     {"first_name": "Jerry",
      "last_name": "McAleer",
      "permalink": "jerry-mcaleer"}},
   {"is_past": true,
    "title": "General Counsel / Secretary",
    "person":
     {"first_name": "Paul",
      "last_name": "T.Hempel",
      "permalink": "paul-t-hempel"}},
   {"is_past": true,
    "title": "VP, Toxicology Strategic Business Unit",
    "person":
     {"first_name": "Sanjay",
      "last_name": "Malkani",
      "permalink": "sanjay-malkani"}},
   {"is_past": true,
    "title": "Senior Leadership Roles",
    "person":
     {"first_name": "Patricia",
      "last_name": "Kentgen",
      "permalink": "patricia-kentgen"}}],
 "competitions":
  [],
 "providerships":
  [],
 "total_money_raised": "$400M",
 "funding_rounds":
  [{"id": 62900,
    "round_code": "debt_round",
    "source_url": "http://www.sec.gov/Archives/edgar/data/1145460/000120919110049555/xslFormDX01/primary_doc.xml",
    "source_description": "SEC",
    "raised_amount": 400000000.0,
    "raised_currency_code": "USD",
    "funded_year": 2010,
    "funded_month": 9,
    "funded_day": 21,
    "investments":
     []}],
 "investments":
  [],
 "acquisition": null,
 "acquisitions":
  [{"price_amount": 130000000.0,
    "price_currency_code": "USD",
    "term_code": null,
    "source_url": "",
    "source_description": "",
    "acquired_year": 2009,
    "acquired_month": 9,
    "acquired_day": 22,
    "company":
     {"name": "Free \u0026 Clear",
      "permalink": "free-clear"}},
   {"price_amount": 270000000.0,
    "price_currency_code": "USD",
    "term_code": null,
    "source_url": "http://www.masshightech.com/stories/2012/03/05/daily20-Alere-to-acquire-eScreen-for-270M.html",
    "source_description": "Alere to acquire eScreen for $270M",
    "acquired_year": 2012,
    "acquired_month": 3,
    "acquired_day": 6,
    "company":
     {"name": "eScreen",
      "permalink": "escreen"}}],
 "offices":
  [{"description": "",
    "address1": "51 Sawyer Road",
    "address2": "",
    "zip_code": "02453",
    "city": "Waltham",
    "state_code": "MA",
    "country_code": "USA",
    "latitude": null,
    "longitude": null}],
 "milestones":
  [{"id": 8273,
    "description": "Zvkmyz  \u003Ca href=\"http://xqbwkpbfppqm.com/\"\u003Exqbwkpbfppqm\u003C/a\u003E, [url=http://zsilaesldthm.com/]zsilaesldthm[/url], [link=http://tbxfzfbbdlwc.com/]tbxfzfbbdlwc[/link], http://rpyohpudbnjv.com/",
    "stoned_year": 2010,
    "stoned_month": 9,
    "stoned_day": 14,
    "source_url": "http://gumtnifofklr.com/",
    "source_text": null,
    "source_description": "Alere looking for $350M from notes placement",
    "stoneable_type": "Company",
    "stoned_value": null,
    "stoned_value_type": null,
    "stoned_acquirer": null,
    "stoneable":
     {"name": "Alere",
      "permalink": "alere"}},
   {"id": 10662,
    "description": "Zvkmyz  \u003Ca href=\"http://xqbwkpbfppqm.com/\"\u003Exqbwkpbfppqm\u003C/a\u003E, [url=http://zsilaesldthm.com/]zsilaesldthm[/url], [link=http://tbxfzfbbdlwc.com/]tbxfzfbbdlwc[/link], http://rpyohpudbnjv.com/",
    "stoned_year": 2010,
    "stoned_month": 12,
    "stoned_day": 9,
    "source_url": "http://gumtnifofklr.com/",
    "source_text": null,
    "source_description": "Alere gets OK for $50M stock buyback",
    "stoneable_type": "Company",
    "stoned_value": null,
    "stoned_value_type": null,
    "stoned_acquirer": null,
    "stoneable":
     {"name": "Alere",
      "permalink": "alere"}},
   {"id": 13637,
    "description": "Zvkmyz  \u003Ca href=\"http://xqbwkpbfppqm.com/\"\u003Exqbwkpbfppqm\u003C/a\u003E, [url=http://zsilaesldthm.com/]zsilaesldthm[/url], [link=http://tbxfzfbbdlwc.com/]tbxfzfbbdlwc[/link], http://rpyohpudbnjv.com/",
    "stoned_year": 2011,
    "stoned_month": 3,
    "stoned_day": 22,
    "source_url": "http://gumtnifofklr.com/",
    "source_text": null,
    "source_description": "Alere board OKs another $50M stock buyback",
    "stoneable_type": "Company",
    "stoned_value": null,
    "stoned_value_type": null,
    "stoned_acquirer": null,
    "stoneable":
     {"name": "Alere",
      "permalink": "alere"}},
   {"id": 16175,
    "description": "Zvkmyz  \u003Ca href=\"http://xqbwkpbfppqm.com/\"\u003Exqbwkpbfppqm\u003C/a\u003E, [url=http://zsilaesldthm.com/]zsilaesldthm[/url], [link=http://tbxfzfbbdlwc.com/]tbxfzfbbdlwc[/link], http://rpyohpudbnjv.com/",
    "stoned_year": 2011,
    "stoned_month": 7,
    "stoned_day": 1,
    "source_url": "http://gumtnifofklr.com/",
    "source_text": null,
    "source_description": "Alere signs new $2B credit facility",
    "stoneable_type": "Company",
    "stoned_value": null,
    "stoned_value_type": null,
    "stoned_acquirer": null,
    "stoneable":
     {"name": "Alere",
      "permalink": "alere"}}],
 "ipo":
  {"valuation_amount": null,
   "valuation_currency_code": "USD",
   "pub_year": null,
   "pub_month": null,
   "pub_day": null,
   "stock_symbol": "NYSE:ALR-B"},
 "video_embeds":
  [],
 "screenshots":
  [],
 "external_links":
  [],
 "partners":
  []}
