{"name": "AlertBot",
 "permalink": "alertbot",
 "crunchbase_url": "http://www.crunchbase.com/company/alertbot",
 "homepage_url": "http://www.alertbot.com",
 "blog_url": "",
 "blog_feed_url": "",
 "twitter_username": "AlertBot",
 "category_code": "network_hosting",
 "number_of_employees": 20,
 "founded_year": 2006,
 "founded_month": 4,
 "founded_day": null,
 "deadpooled_year": null,
 "deadpooled_month": null,
 "deadpooled_day": null,
 "deadpooled_url": null,
 "tag_list": "website-monitoring, web-performance-monitoring, web-transaction-monitoring, external-monitoring",
 "alias_list": null,
 "email_address": "sales@alertbot.com",
 "phone_number": "1-800-360-8092",
 "description": "Website \u0026 Server Monitoring Service",
 "created_at": "Fri Dec 18 21:52:59 UTC 2009",
 "updated_at": "Fri Dec 13 18:38:48 UTC 2013",
 "overview": "\u003Cp\u003EAlertBot provides availability and performance monitoring from an end user perspective. AlertBot delivers this through industry leading technology designed to be highly redundant, scalable, and geographically distributed.\u003C/p\u003E",
 "image":
  {"available_sizes":
    [[[150,
       24],
      "http://api-images.crunchbase.com/assets/images/resized/0007/0378/70378v4-max-150x150.png"],
     [[250,
       41],
      "http://api-images.crunchbase.com/assets/images/resized/0007/0378/70378v4-max-250x250.png"],
     [[450,
       73],
      "http://api-images.crunchbase.com/assets/images/resized/0007/0378/70378v4-max-450x450.png"]],
   "attribution": null},
 "products":
  [{"name": "AlertBot Website Monitoring",
    "permalink": "alertbot-website-monitoring"},
   {"name": "TrueBrowser Monitoring",
    "permalink": "truebrowser-monitoring"},
   {"name": "AlertBot Web Transaction Monitoring",
    "permalink": "alertbot-web-transaction-monitoring"},
   {"name": "AlertBot Mobile Monitoring",
    "permalink": "alertbot-mobile-monitoring"},
   {"name": "AlertBot Server Monitoring",
    "permalink": "alertbot-server-monitoring"}],
 "relationships":
  [{"is_past": false,
    "title": "Director",
    "person":
     {"first_name": "Justin",
      "last_name": "Noll",
      "permalink": "justin-noll"}}],
 "competitions":
  [{"competitor":
     {"name": "Compuware Gomez",
      "permalink": "compuware-gomez"}},
   {"competitor":
     {"name": "AlertSite",
      "permalink": "alertsite"}},
   {"competitor":
     {"name": "Webmetrics",
      "permalink": "webmetrics"}},
   {"competitor":
     {"name": "Pingdom",
      "permalink": "pingdom"}},
   {"competitor":
     {"name": "Keynote",
      "permalink": "keynote"}},
   {"competitor":
     {"name": "Site24x7",
      "permalink": "site24x7"}},
   {"competitor":
     {"name": "DotcomMonitor",
      "permalink": "dotcommonitor"}}],
 "providerships":
  [],
 "total_money_raised": "$0",
 "funding_rounds":
  [],
 "investments":
  [],
 "acquisition": null,
 "acquisitions":
  [],
 "offices":
  [{"description": "Headquarters",
    "address1": "961 Marcon Blvd.",
    "address2": "Suite 400",
    "zip_code": "18109",
    "city": "Allentown",
    "state_code": "PA",
    "country_code": "USA",
    "latitude": null,
    "longitude": null}],
 "milestones":
  [],
 "ipo": null,
 "video_embeds":
  [],
 "screenshots":
  [],
 "external_links":
  [],
 "partners":
  []}
