{"name": "Algentis",
 "permalink": "algentis",
 "crunchbase_url": "http://www.crunchbase.com/company/algentis",
 "homepage_url": "http://algentis.com",
 "blog_url": "",
 "blog_feed_url": "",
 "twitter_username": "algentis",
 "category_code": "enterprise",
 "number_of_employees": 20,
 "founded_year": 2006,
 "founded_month": null,
 "founded_day": null,
 "deadpooled_year": null,
 "deadpooled_month": null,
 "deadpooled_day": null,
 "deadpooled_url": null,
 "tag_list": "monshees-capital, hr, payroll-processing, employee-benefits, employment-insurance",
 "alias_list": "",
 "email_address": "",
 "phone_number": "Monshees Capital",
 "description": "Algentis simplifies operations for SMBs",
 "created_at": "Wed Nov 04 20:30:56 UTC 2009",
 "updated_at": "Wed May 29 06:13:15 UTC 2013",
 "overview": "\u003Cp\u003EAlgentis simplifies operations for small and medium-sized businesses in the San Francisco Bay Area by assuming the burden of employee administration\u003C/p\u003E",
 "image":
  {"available_sizes":
    [[[150,
       53],
      "http://api-images.crunchbase.com/assets/images/resized/0024/7514/247514v1-max-150x150.jpg"],
     [[250,
       89],
      "http://api-images.crunchbase.com/assets/images/resized/0024/7514/247514v1-max-250x250.jpg"],
     [[375,
       134],
      "http://api-images.crunchbase.com/assets/images/resized/0024/7514/247514v1-max-450x450.jpg"]],
   "attribution": null},
 "products":
  [],
 "relationships":
  [{"is_past": false,
    "title": "Founder",
    "person":
     {"first_name": "Brian",
      "last_name": "Helmick",
      "permalink": "brian-helmick"}},
   {"is_past": false,
    "title": "Founder",
    "person":
     {"first_name": "Mike",
      "last_name": "Sousa",
      "permalink": "mike-souza"}},
   {"is_past": false,
    "title": "Managing Director",
    "person":
     {"first_name": "Michael",
      "last_name": "Keck",
      "permalink": "michael-keck"}},
   {"is_past": true,
    "title": "Summer Intern",
    "person":
     {"first_name": "Justin",
      "last_name": "M. Nassiri",
      "permalink": "justin-m-nassiri"}}],
 "competitions":
  [],
 "providerships":
  [],
 "total_money_raised": "$0",
 "funding_rounds":
  [{"id": 9369,
    "round_code": "seed",
    "source_url": "http://monashees.com.br",
    "source_description": "Venture Capital Firm",
    "raised_amount": null,
    "raised_currency_code": null,
    "funded_year": 2007,
    "funded_month": 1,
    "funded_day": 1,
    "investments":
     [{"company": null,
       "financial_org":
        {"name": "Monashees Capital",
         "permalink": "monashees-capital"},
       "person": null}]}],
 "investments":
  [],
 "acquisition": null,
 "acquisitions":
  [],
 "offices":
  [{"description": "Office",
    "address1": "388 Market Street",
    "address2": "Suite 1430",
    "zip_code": "94111",
    "city": "San Francisco",
    "state_code": "CA",
    "country_code": "USA",
    "latitude": 37.7918085,
    "longitude": -122.3982578},
   {"description": "Operations Center",
    "address1": "201 N Civic Drive",
    "address2": "Suite 100",
    "zip_code": "94596",
    "city": "Walnut Creek",
    "state_code": "CA",
    "country_code": "USA",
    "latitude": 37.9106989,
    "longitude": -122.0599445}],
 "milestones":
  [],
 "ipo": null,
 "video_embeds":
  [],
 "screenshots":
  [],
 "external_links":
  [],
 "partners":
  []}
