{"name": "Algebraix Data",
 "permalink": "algebraix-data",
 "crunchbase_url": "http://www.crunchbase.com/company/algebraix-data",
 "homepage_url": "http://www.algebraixdata.com",
 "blog_url": "",
 "blog_feed_url": "http://www.algebraixdata.com/about-us/news-and-events/",
 "twitter_username": "algebraixdata",
 "category_code": "software",
 "number_of_employees": null,
 "founded_year": 2004,
 "founded_month": null,
 "founded_day": null,
 "deadpooled_year": null,
 "deadpooled_month": null,
 "deadpooled_day": null,
 "deadpooled_url": null,
 "tag_list": "",
 "alias_list": "xsprada",
 "email_address": "",
 "phone_number": "(858) 381-4800",
 "description": "Semantic Computing Platform",
 "created_at": "Sun Feb 14 00:57:32 UTC 2010",
 "updated_at": "Wed Feb 19 12:29:43 UTC 2014",
 "overview": "\u003Cp\u003EALGEBRAIX\u00ae Data, the Semantic Web Company\u2122, is powering the next generation of semantic applications. Through its patented high-performance SPARQL Server\u2122 graph database, ALGEBRAIX\u00ae Data has created the industry-leading cloud platform for the development of RDF applications that unlocks the potential of semantic computing.\u003C/p\u003E",
 "image":
  {"available_sizes":
    [[[150,
       34],
      "http://api-images.crunchbase.com/assets/images/resized/0007/7002/77002v3-max-150x150.png"],
     [[250,
       58],
      "http://api-images.crunchbase.com/assets/images/resized/0007/7002/77002v3-max-250x250.png"],
     [[258,
       60],
      "http://api-images.crunchbase.com/assets/images/resized/0007/7002/77002v3-max-450x450.png"]],
   "attribution": null},
 "products":
  [],
 "relationships":
  [{"is_past": false,
    "title": "Vice Chairman",
    "person":
     {"first_name": "John",
      "last_name": "Mutch",
      "permalink": "john-mutch-2"}},
   {"is_past": false,
    "title": "CEO",
    "person":
     {"first_name": "Charles",
      "last_name": "H. Silver",
      "permalink": "charles-h-silver"}},
   {"is_past": false,
    "title": "COO",
    "person":
     {"first_name": "Rich",
      "last_name": "Benci",
      "permalink": "rich-benci"}},
   {"is_past": false,
    "title": "VP of Engineering",
    "person":
     {"first_name": "William",
      "last_name": "A. Rogers, Ph.D.",
      "permalink": "william-a-rogers-ph-d"}},
   {"is_past": false,
    "title": "Director",
    "person":
     {"first_name": "Edgar",
      "last_name": "Berner",
      "permalink": "edgar-berner"}},
   {"is_past": false,
    "title": "Principal Mathematician",
    "person":
     {"first_name": "Gary",
      "last_name": "J. Sherman",
      "permalink": "gary-j-sherman-ph-d"}},
   {"is_past": false,
    "title": "Board of Directors",
    "person":
     {"first_name": "Dave",
      "last_name": "Rosenberg",
      "permalink": "dave-rosenberg-2"}},
   {"is_past": false,
    "title": "Director",
    "person":
     {"first_name": "William",
      "last_name": "Ingram",
      "permalink": "william-ingram"}},
   {"is_past": false,
    "title": "Board of Directors",
    "person":
     {"first_name": "Craig",
      "last_name": "S. Andrews",
      "permalink": "craig-s-andrews"}},
   {"is_past": false,
    "title": "Board of Directors",
    "person":
     {"first_name": "Francois",
      "last_name": "Ferre",
      "permalink": "francois-ferre"}},
   {"is_past": true,
    "title": "CTO \u0026 Co-Founder",
    "person":
     {"first_name": "Christopher",
      "last_name": "Piedmonte",
      "permalink": "christopher-piedmonte"}}],
 "competitions":
  [],
 "providerships":
  [],
 "total_money_raised": "$43.8M",
 "funding_rounds":
  [{"id": 12007,
    "round_code": "debt_round",
    "source_url": "http://www.sec.gov/Archives/edgar/data/1318533/000131853311000001/xslFormDX01/primary_doc.xml",
    "source_description": "SEC",
    "raised_amount": 7500000.0,
    "raised_currency_code": "USD",
    "funded_year": 2011,
    "funded_month": 2,
    "funded_day": 8,
    "investments":
     []},
   {"id": 42220,
    "round_code": "unattributed",
    "source_url": "http://www.sec.gov/Archives/edgar/data/1318533/000131853313000003/xslFormDX01/primary_doc.xml",
    "source_description": "SEC",
    "raised_amount": 21000000.0,
    "raised_currency_code": "USD",
    "funded_year": 2013,
    "funded_month": 11,
    "funded_day": 25,
    "investments":
     []},
   {"id": 47505,
    "round_code": "partial",
    "source_url": "http://www.sec.gov/Archives/edgar/data/1318533/000131853312000002/xslFormDX01/primary_doc.xml",
    "source_description": "SEC",
    "raised_amount": 2550000.0,
    "raised_currency_code": "USD",
    "funded_year": 2012,
    "funded_month": 2,
    "funded_day": 14,
    "investments":
     []},
   {"id": 47518,
    "round_code": "debt_round",
    "source_url": "http://www.sec.gov/Archives/edgar/data/1318533/000131853312000001/xslFormDX01/primary_doc.xml",
    "source_description": "SEC",
    "raised_amount": 12722394.0,
    "raised_currency_code": "USD",
    "funded_year": 2012,
    "funded_month": 2,
    "funded_day": 13,
    "investments":
     []}],
 "investments":
  [],
 "acquisition": null,
 "acquisitions":
  [],
 "offices":
  [{"description": "Corporate Office",
    "address1": "169 Saxony Road",
    "address2": "Suite 209",
    "zip_code": "92024",
    "city": "Encinitas",
    "state_code": "CA",
    "country_code": "USA",
    "latitude": null,
    "longitude": null},
   {"description": "Development Office",
    "address1": "12885 Research Boulevard",
    "address2": "Suite 202",
    "zip_code": "78750",
    "city": "Austin",
    "state_code": "TX",
    "country_code": "USA",
    "latitude": null,
    "longitude": null}],
 "milestones":
  [],
 "ipo": null,
 "video_embeds":
  [],
 "screenshots":
  [{"available_sizes":
     [[[150,
        119],
       "http://api-images.crunchbase.com/assets/images/resized/0033/1788/331788v2-max-150x150.jpg"],
      [[250,
        199],
       "http://api-images.crunchbase.com/assets/images/resized/0033/1788/331788v2-max-250x250.jpg"],
      [[450,
        359],
       "http://api-images.crunchbase.com/assets/images/resized/0033/1788/331788v2-max-450x450.jpg"]],
    "attribution": null}],
 "external_links":
  [],
 "partners":
  []}
