{"name": "AlienServe",
 "permalink": "alienserve",
 "crunchbase_url": "http://www.crunchbase.com/company/alienserve",
 "homepage_url": "http://www.alienserve.com",
 "blog_url": "",
 "blog_feed_url": "",
 "twitter_username": "alienserve",
 "category_code": "games_video",
 "number_of_employees": 3,
 "founded_year": null,
 "founded_month": null,
 "founded_day": null,
 "deadpooled_year": null,
 "deadpooled_month": null,
 "deadpooled_day": null,
 "deadpooled_url": null,
 "tag_list": "game-servers, gsp, game-server-provider, clan-servers, cheap-servers, cod4-servers, css-servers",
 "alias_list": null,
 "email_address": "sales@alienserve.com",
 "phone_number": "",
 "description": "Game Server Provider",
 "created_at": "Wed Sep 16 14:31:01 UTC 2009",
 "updated_at": "Thu Sep 17 00:37:34 UTC 2009",
 "overview": "\u003Cp\u003EAlien Serve aim to provide you with simple to use services, that are low cost, high quality and most importantly reliable. We hope that we provide a solution to fulfill your requirements, whether it be a game server, voice server, dedicated server or server hardening. We have fully qualified staff available to help you with ANY issue that you may have, no matter how big or small the problem. We only use the greatest quality of hardware within our network, all our machines are running on RAID-1, so should any hard disc drive fail, most importantly there will be no downtime and no data will be lost. If you are ready to take your online experience to the next level, then you need to host with Alien Serve!\u003C/p\u003E",
 "image":
  {"available_sizes":
    [[[150,
       19],
      "http://api-images.crunchbase.com/assets/images/resized/0005/9935/59935v2-max-150x150.jpg"],
     [[250,
       32],
      "http://api-images.crunchbase.com/assets/images/resized/0005/9935/59935v2-max-250x250.jpg"],
     [[450,
       57],
      "http://api-images.crunchbase.com/assets/images/resized/0005/9935/59935v2-max-450x450.jpg"]],
   "attribution": null},
 "products":
  [],
 "relationships":
  [],
 "competitions":
  [],
 "providerships":
  [],
 "total_money_raised": "$0",
 "funding_rounds":
  [],
 "investments":
  [],
 "acquisition": null,
 "acquisitions":
  [],
 "offices":
  [],
 "milestones":
  [],
 "ipo": null,
 "video_embeds":
  [],
 "screenshots":
  [],
 "external_links":
  [],
 "partners":
  []}
