{"name": "10Pearls",
 "permalink": "10pearls",
 "crunchbase_url": "http://www.crunchbase.com/company/10pearls",
 "homepage_url": "http://www.10pearls.com",
 "blog_url": "http://10pearls.com/blog/",
 "blog_feed_url": "",
 "twitter_username": "tenpearls",
 "category_code": "software",
 "number_of_employees": 100,
 "founded_year": 2004,
 "founded_month": null,
 "founded_day": null,
 "deadpooled_year": null,
 "deadpooled_month": null,
 "deadpooled_day": null,
 "deadpooled_url": null,
 "tag_list": "software-development, mobile-application, mobile, development, product-development",
 "alias_list": "TenPearls",
 "email_address": "info@10pearls.com",
 "phone_number": "703-234-5330",
 "description": "Mobile app and software development",
 "created_at": "Tue May 14 20:36:03 UTC 2013",
 "updated_at": "Tue Apr 01 19:44:57 UTC 2014",
 "overview": "\u003Cp\u003E10Pearls is an award-winning, mobile application, outsourced product and enterprise software development company, with clients ranging from large corporations to funded start-ups. 10Pearls offers a unique blend of User Experience experts, world-class Architects and Developers, all coming together to help companies with their product strategy and development needs.  Mobile expertise includes phones and tablets in all flavors (iOS, Android, Windows, Blackberry, Symbian), and cross-platform development in LAMP (open source), Java, DotNet and Sharepoint.  10Pearls has also delivered highly-scalable solutions built on the Cloud.  Clients have the advantage of leveraging global development centers to reduce costs, while working with US-based architects, project managers and user experience experts. As true partners, 10Pearls believes in adding value by delivering high quality results at affordable costs.\u003C/p\u003E",
 "image":
  {"available_sizes":
    [[[150,
       48],
      "http://api-images.crunchbase.com/assets/images/resized/0044/7275/447275v1-max-150x150.png"],
     [[184,
       60],
      "http://api-images.crunchbase.com/assets/images/resized/0044/7275/447275v1-max-250x250.png"],
     [[184,
       60],
      "http://api-images.crunchbase.com/assets/images/resized/0044/7275/447275v1-max-450x450.png"]],
   "attribution": null},
 "products":
  [],
 "relationships":
  [{"is_past": false,
    "title": "CEO \u0026 Co-Founder",
    "person":
     {"first_name": "Imran",
      "last_name": "Aftab",
      "permalink": "imran-aftab"}},
   {"is_past": false,
    "title": "VP, Sales \u0026 Marketing",
    "person":
     {"first_name": "Brian",
      "last_name": "Polangin",
      "permalink": "brian-polangin"}}],
 "competitions":
  [],
 "providerships":
  [],
 "total_money_raised": "$0",
 "funding_rounds":
  [],
 "investments":
  [],
 "acquisition": null,
 "acquisitions":
  [],
 "offices":
  [{"description": "10Pearls Headquarters",
    "address1": "13800 Coppermine Road",
    "address2": "",
    "zip_code": "20171",
    "city": "Herndon",
    "state_code": "VA",
    "country_code": "USA",
    "latitude": null,
    "longitude": null}],
 "milestones":
  [],
 "ipo": null,
 "video_embeds":
  [],
 "screenshots":
  [],
 "external_links":
  [{"external_url": "http://www.facebook.com/tenpearls",
    "title": "Facebook Page"}],
 "partners":
  []}
