{"name": "1st Choice Superseal Ltd",
 "permalink": "1st-choice-superseal-ltd",
 "crunchbase_url": "http://www.crunchbase.com/company/1st-choice-superseal-ltd",
 "homepage_url": "http://www.superseal.co.uk",
 "blog_url": "",
 "blog_feed_url": "",
 "twitter_username": "superseal_ltd",
 "category_code": "other",
 "number_of_employees": null,
 "founded_year": 1989,
 "founded_month": null,
 "founded_day": null,
 "deadpooled_year": null,
 "deadpooled_month": null,
 "deadpooled_day": null,
 "deadpooled_url": null,
 "tag_list": "grp-roofing, pitched-roofing, skylights, slating--tiling, re-pointing, chimneys, cladding, bollards, expanding-grilles, -grilles, fencing",
 "alias_list": null,
 "email_address": "info@superseal.co.uk",
 "phone_number": "0121 223 7422",
 "description": "Domestic \u0026 commercial Roofing services",
 "created_at": "Mon Jun 03 11:19:24 UTC 2013",
 "updated_at": "Fri Feb 28 10:21:33 UTC 2014",
 "overview": "\u003Cp\u003E1st Choice Superseal Ltd deals in installation of new roofs, security products and in repairing or maintaining existing roofs. The company specialises in all types of domestic, commercial or industrial roofing and offers its installation and maintenance services in GRP roofing, flat roofing, pitched roofing, skylights, gutters, fascias, soffits, slating, tiling, chimneys, cladding, bollards, rollershutters, expanding grilles, fixed grilles, fencing and gates etc. It\u2019s head office is in Great Barr, Birmingham and also cater to the needs of people residing in Lichfield, Solihull, Sutton Coldfield and areas surrounding them.\u003C/p\u003E",
 "image":
  {"available_sizes":
    [[[150,
       38],
      "http://api-images.crunchbase.com/assets/images/resized/0027/0597/270597v2-max-150x150.jpg"],
     [[250,
       64],
      "http://api-images.crunchbase.com/assets/images/resized/0027/0597/270597v2-max-250x250.jpg"],
     [[358,
       92],
      "http://api-images.crunchbase.com/assets/images/resized/0027/0597/270597v2-max-450x450.jpg"]],
   "attribution": null},
 "products":
  [],
 "relationships":
  [],
 "competitions":
  [],
 "providerships":
  [],
 "total_money_raised": "$0",
 "funding_rounds":
  [],
 "investments":
  [],
 "acquisition": null,
 "acquisitions":
  [],
 "offices":
  [],
 "milestones":
  [],
 "ipo": null,
 "video_embeds":
  [],
 "screenshots":
  [],
 "external_links":
  [],
 "partners":
  []}
