{"name": "1st Source Bank",
 "permalink": "1st-source-bank",
 "crunchbase_url": "http://www.crunchbase.com/company/1st-source-bank",
 "homepage_url": null,
 "blog_url": null,
 "blog_feed_url": null,
 "twitter_username": null,
 "category_code": null,
 "number_of_employees": null,
 "founded_year": null,
 "founded_month": null,
 "founded_day": null,
 "deadpooled_year": null,
 "deadpooled_month": null,
 "deadpooled_day": null,
 "deadpooled_url": null,
 "tag_list": null,
 "alias_list": null,
 "email_address": null,
 "phone_number": null,
 "description": null,
 "created_at": "Fri May 17 10:48:21 UTC 2013",
 "updated_at": "Fri May 17 10:48:21 UTC 2013",
 "overview": null,
 "image": null,
 "products":
  [],
 "relationships":
  [{"is_past": true,
    "title": "Commercial Lending",
    "person":
     {"first_name": "Brian",
      "last_name": "Wolff",
      "permalink": "brian-wolff"}}],
 "competitions":
  [],
 "providerships":
  [],
 "total_money_raised": "$0",
 "funding_rounds":
  [],
 "investments":
  [{"funding_round":
     {"round_code": "seed",
      "source_url": "http://www.finsmes.com/2014/03/vennli-secures-over-1-3m-in-financing.html",
      "source_description": "Vennli Secures over $1.3M in Financing",
      "raised_amount": 1300000.0,
      "raised_currency_code": "USD",
      "funded_year": 2014,
      "funded_month": 3,
      "funded_day": 5,
      "company":
       {"name": "Vennli",
        "permalink": "vennli"}}}],
 "acquisition": null,
 "acquisitions":
  [],
 "offices":
  [],
 "milestones":
  [],
 "ipo": null,
 "video_embeds":
  [],
 "screenshots":
  [],
 "external_links":
  [],
 "partners":
  []}
