{"name": "2OC",
 "permalink": "2oc",
 "crunchbase_url": "http://www.crunchbase.com/company/2oc",
 "homepage_url": null,
 "blog_url": null,
 "blog_feed_url": null,
 "twitter_username": null,
 "category_code": null,
 "number_of_employees": null,
 "founded_year": null,
 "founded_month": null,
 "founded_day": null,
 "deadpooled_year": null,
 "deadpooled_month": null,
 "deadpooled_day": null,
 "deadpooled_url": null,
 "tag_list": null,
 "alias_list": null,
 "email_address": null,
 "phone_number": null,
 "description": null,
 "created_at": "Sun May 19 09:14:19 UTC 2013",
 "updated_at": "Sun May 19 09:14:19 UTC 2013",
 "overview": null,
 "image": null,
 "products":
  [],
 "relationships":
  [{"is_past": false,
    "title": "Non-exec",
    "person":
     {"first_name": "Nigel",
      "last_name": "Hunton",
      "permalink": "nigel-hunton"}},
   {"is_past": false,
    "title": "Non Executive Director",
    "person":
     {"first_name": "Nigel",
      "last_name": "Mitchell",
      "permalink": "nigel-mitchell"}}],
 "competitions":
  [],
 "providerships":
  [],
 "total_money_raised": "$0",
 "funding_rounds":
  [],
 "investments":
  [],
 "acquisition": null,
 "acquisitions":
  [],
 "offices":
  [],
 "milestones":
  [],
 "ipo": null,
 "video_embeds":
  [],
 "screenshots":
  [],
 "external_links":
  [],
 "partners":
  []}
