{"name": "37PropertyGroup",
 "permalink": "37propertygroup",
 "crunchbase_url": "http://www.crunchbase.com/company/37propertygroup",
 "homepage_url": "http://37propertygroup.com.au",
 "blog_url": "http://37propertygroup.com.au/blog/",
 "blog_feed_url": "",
 "twitter_username": "37PropertyGroup",
 "category_code": "consulting",
 "number_of_employees": 10,
 "founded_year": null,
 "founded_month": null,
 "founded_day": null,
 "deadpooled_year": null,
 "deadpooled_month": null,
 "deadpooled_day": null,
 "deadpooled_url": null,
 "tag_list": "real-estate, investment-property, property-management",
 "alias_list": null,
 "email_address": "info@37propertygroup.com.au",
 "phone_number": "0280016640",
 "description": "Property Investment Australia",
 "created_at": "Wed May 29 07:58:55 UTC 2013",
 "updated_at": "Thu May 30 23:31:22 UTC 2013",
 "overview": "\u003Cp\u003EAll property services in one company. Specialise in property investment, buyers agent, real estate, property management and transaction structuring.\u003C/p\u003E",
 "image": null,
 "products":
  [],
 "relationships":
  [],
 "competitions":
  [],
 "providerships":
  [],
 "total_money_raised": "$0",
 "funding_rounds":
  [],
 "investments":
  [],
 "acquisition": null,
 "acquisitions":
  [],
 "offices":
  [{"description": "Suite 8, Level 12",
    "address1": "101 Bathurst St",
    "address2": "",
    "zip_code": "2000",
    "city": "Sydney",
    "state_code": null,
    "country_code": "AUS",
    "latitude": -33.874697,
    "longitude": 151.206206}],
 "milestones":
  [],
 "ipo": null,
 "video_embeds":
  [],
 "screenshots":
  [],
 "external_links":
  [{"external_url": "http://spionline.com.au/blog/latest-blogs/11717-5-quick-tips-to-change-your-finances",
    "title": "5 Quick Tips To Change Your Finances"}],
 "partners":
  []}
