{"name": "3i",
 "permalink": "3i",
 "crunchbase_url": "http://www.crunchbase.com/company/3i",
 "homepage_url": null,
 "blog_url": null,
 "blog_feed_url": null,
 "twitter_username": null,
 "category_code": null,
 "number_of_employees": null,
 "founded_year": null,
 "founded_month": null,
 "founded_day": null,
 "deadpooled_year": null,
 "deadpooled_month": null,
 "deadpooled_day": null,
 "deadpooled_url": null,
 "tag_list": null,
 "alias_list": null,
 "email_address": null,
 "phone_number": null,
 "description": null,
 "created_at": "Sun May 12 10:42:51 UTC 2013",
 "updated_at": "Sun May 12 10:42:51 UTC 2013",
 "overview": null,
 "image": null,
 "products":
  [],
 "relationships":
  [{"is_past": true,
    "title": "Senior Vice President",
    "person":
     {"first_name": "R.Stephen",
      "last_name": "McCormack",
      "permalink": "r-stephen-mccormack"}},
   {"is_past": true,
    "title": "Associate",
    "person":
     {"first_name": "Jules",
      "last_name": "Maltz",
      "permalink": "jules-maltz"}},
   {"is_past": true,
    "title": "UNKNOWN",
    "person":
     {"first_name": "Ian",
      "last_name": "Livingston",
      "permalink": "ian-livingston"}},
   {"is_past": true,
    "title": "Investment Director",
    "person":
     {"first_name": "Achim",
      "last_name": "Lederle",
      "permalink": "achim-lederle"}},
   {"is_past": true,
    "title": "",
    "person":
     {"first_name": "Joanna",
      "last_name": "Smith",
      "permalink": "joanna-smith"}},
   {"is_past": true,
    "title": "Partner",
    "person":
     {"first_name": "Krishna",
      "last_name": "Visvanathan",
      "permalink": "krishna-visvanathan"}},
   {"is_past": true,
    "title": "Investment Director",
    "person":
     {"first_name": "Henry",
      "last_name": "Allen",
      "permalink": "henry-allen"}},
   {"is_past": true,
    "title": "Director",
    "person":
     {"first_name": "Al",
      "last_name": "Yau",
      "permalink": "al-yau"}}],
 "competitions":
  [],
 "providerships":
  [],
 "total_money_raised": "$0",
 "funding_rounds":
  [],
 "investments":
  [],
 "acquisition": null,
 "acquisitions":
  [],
 "offices":
  [],
 "milestones":
  [],
 "ipo": null,
 "video_embeds":
  [],
 "screenshots":
  [],
 "external_links":
  [],
 "partners":
  []}
