{"name": "3M Health Information Systems",
 "permalink": "3m-health-information-systems",
 "crunchbase_url": "http://www.crunchbase.com/company/3m-health-information-systems",
 "homepage_url": "http://solutions.3m.com",
 "blog_url": "",
 "blog_feed_url": "",
 "twitter_username": "3mhisnews",
 "category_code": "other",
 "number_of_employees": null,
 "founded_year": null,
 "founded_month": null,
 "founded_day": null,
 "deadpooled_year": null,
 "deadpooled_month": null,
 "deadpooled_day": null,
 "deadpooled_url": null,
 "tag_list": "solutions, products, services",
 "alias_list": "",
 "email_address": "",
 "phone_number": "800-367-2447 ",
 "description": "Health information systems",
 "created_at": "Fri May 31 07:44:56 UTC 2013",
 "updated_at": "Wed Apr 02 11:04:55 UTC 2014",
 "overview": "\u003Cp\u003EWith nearly 30 years of healthcare industry experience and the know-how of more than 100 credentialed 3M coding experts, 3M is the go-to choice for5,000+ hospitals worldwide that want to improve quality and financial performance.\u003C/p\u003E",
 "image":
  {"available_sizes":
    [[[86,
       62],
      "http://api-images.crunchbase.com/assets/images/resized/0044/0594/440594v1-max-150x150.png"],
     [[86,
       62],
      "http://api-images.crunchbase.com/assets/images/resized/0044/0594/440594v1-max-250x250.png"],
     [[86,
       62],
      "http://api-images.crunchbase.com/assets/images/resized/0044/0594/440594v1-max-450x450.png"]],
   "attribution": null},
 "products":
  [],
 "relationships":
  [{"is_past": true,
    "title": "Chief of Healthcare Informatics",
    "person":
     {"first_name": "Gai",
      "last_name": "Elhanan",
      "permalink": "gai-elhanan"}},
   {"is_past": true,
    "title": "Regional Sales Manager",
    "person":
     {"first_name": "Cyndi",
      "last_name": "Klement",
      "permalink": "cyndi-klement"}},
   {"is_past": true,
    "title": "Various Operational and Technical Management Positions",
    "person":
     {"first_name": "David",
      "last_name": "P. Lalor Jr.",
      "permalink": "david-p-lalor-jr"}},
   {"is_past": true,
    "title": "Management positions",
    "person":
     {"first_name": "Douglas",
      "last_name": "Hansmann",
      "permalink": "douglas-hansmann"}},
   {"is_past": true,
    "title": "Global Marketing Manager",
    "person":
     {"first_name": "Lisa",
      "last_name": "M. Lavin",
      "permalink": "lisa-m-lavin"}}],
 "competitions":
  [],
 "providerships":
  [],
 "total_money_raised": "$0",
 "funding_rounds":
  [],
 "investments":
  [],
 "acquisition": null,
 "acquisitions":
  [],
 "offices":
  [{"description": "HQ",
    "address1": "575 West Murray Blvd.",
    "address2": "Salt Lake City,",
    "zip_code": "84123",
    "city": "",
    "state_code": "UT",
    "country_code": "USA",
    "latitude": null,
    "longitude": null}],
 "milestones":
  [],
 "ipo": null,
 "video_embeds":
  [],
 "screenshots":
  [{"available_sizes":
     [[[150,
        104],
       "http://api-images.crunchbase.com/assets/images/resized/0044/0609/440609v1-max-150x150.png"],
      [[250,
        174],
       "http://api-images.crunchbase.com/assets/images/resized/0044/0609/440609v1-max-250x250.png"],
      [[450,
        314],
       "http://api-images.crunchbase.com/assets/images/resized/0044/0609/440609v1-max-450x450.png"]],
    "attribution": null}],
 "external_links":
  [],
 "partners":
  []}
