{"name": "4Kids Entertainment",
 "permalink": "4kids-entertainment",
 "crunchbase_url": "http://www.crunchbase.com/company/4kids-entertainment",
 "homepage_url": null,
 "blog_url": null,
 "blog_feed_url": null,
 "twitter_username": null,
 "category_code": null,
 "number_of_employees": null,
 "founded_year": null,
 "founded_month": null,
 "founded_day": null,
 "deadpooled_year": null,
 "deadpooled_month": null,
 "deadpooled_day": null,
 "deadpooled_url": null,
 "tag_list": null,
 "alias_list": null,
 "email_address": null,
 "phone_number": null,
 "description": null,
 "created_at": "Tue Jun 04 04:21:59 UTC 2013",
 "updated_at": "Tue Jun 04 04:21:59 UTC 2013",
 "overview": null,
 "image": null,
 "products":
  [],
 "relationships":
  [{"is_past": true,
    "title": "Director of International Sales",
    "person":
     {"first_name": "Darran",
      "last_name": "Garnham",
      "permalink": "darran-garnham"}},
   {"is_past": true,
    "title": "Head of Advertising Sales",
    "person":
     {"first_name": "Dan",
      "last_name": "Barnathan",
      "permalink": "dan-barnathan"}}],
 "competitions":
  [],
 "providerships":
  [],
 "total_money_raised": "$0",
 "funding_rounds":
  [],
 "investments":
  [],
 "acquisition": null,
 "acquisitions":
  [],
 "offices":
  [],
 "milestones":
  [],
 "ipo": null,
 "video_embeds":
  [],
 "screenshots":
  [],
 "external_links":
  [],
 "partners":
  []}
