{"name": "5o9",
 "permalink": "5o9",
 "crunchbase_url": "http://www.crunchbase.com/company/5o9",
 "homepage_url": "http://www.3pmobile.com",
 "blog_url": "http://3pmobile.com",
 "blog_feed_url": "",
 "twitter_username": "3PMobile",
 "category_code": "software",
 "number_of_employees": null,
 "founded_year": 2006,
 "founded_month": null,
 "founded_day": null,
 "deadpooled_year": null,
 "deadpooled_month": null,
 "deadpooled_day": null,
 "deadpooled_url": null,
 "tag_list": "",
 "alias_list": "",
 "email_address": "kevin.kiley@3pmobile.com",
 "phone_number": "303.938.1769",
 "description": "",
 "created_at": "Mon May 27 15:11:18 UTC 2013",
 "updated_at": "Mon Dec 09 05:27:09 UTC 2013",
 "overview": "\u003Cp\u003E3PMobile\u00ae builds software targeted to businesses who want to extend their Web services to mobile users. Our solution is designed to balance the need for user data privacy and control, with the need for enterprise commerce and convenience.\u003C/p\u003E",
 "image":
  {"available_sizes":
    [[[150,
       65],
      "http://api-images.crunchbase.com/assets/images/resized/0026/7632/267632v1-max-150x150.png"],
     [[250,
       108],
      "http://api-images.crunchbase.com/assets/images/resized/0026/7632/267632v1-max-250x250.png"],
     [[310,
       135],
      "http://api-images.crunchbase.com/assets/images/resized/0026/7632/267632v1-max-450x450.png"]],
   "attribution": null},
 "products":
  [],
 "relationships":
  [{"is_past": false,
    "title": "Chief Software Architect",
    "person":
     {"first_name": "Kevin",
      "last_name": "J. Kiley",
      "permalink": "kevin-j-kiley"}},
   {"is_past": false,
    "title": "Chief Executive Officer",
    "person":
     {"first_name": "Peter",
      "last_name": "J. Cranstone",
      "permalink": "peter-j-cranstone"}},
   {"is_past": false,
    "title": "Vice President, Marketing, Sales \u0026 Business Operations",
    "person":
     {"first_name": "Elizabeth",
      "last_name": "A. Coker",
      "permalink": "elizabeth-a-coker"}}],
 "competitions":
  [],
 "providerships":
  [],
 "total_money_raised": "$50k",
 "funding_rounds":
  [{"id": 38401,
    "round_code": "seed",
    "source_url": "http://www.sec.gov/Archives/edgar/data/1576051/000157605113000001/xslFormDX01/primary_doc.xml",
    "source_description": "SEC",
    "raised_amount": 50000.0,
    "raised_currency_code": "USD",
    "funded_year": 2013,
    "funded_month": 5,
    "funded_day": 14,
    "investments":
     []}],
 "investments":
  [],
 "acquisition": null,
 "acquisitions":
  [],
 "offices":
  [{"description": "",
    "address1": "2215 Linden Avenue",
    "address2": "",
    "zip_code": "80304",
    "city": "Boulder",
    "state_code": "CO",
    "country_code": "USA",
    "latitude": 40.041217,
    "longitude": -105.268119}],
 "milestones":
  [],
 "ipo": null,
 "video_embeds":
  [],
 "screenshots":
  [{"available_sizes":
     [[[150,
        92],
       "http://api-images.crunchbase.com/assets/images/resized/0026/7631/267631v1-max-150x150.png"],
      [[250,
        153],
       "http://api-images.crunchbase.com/assets/images/resized/0026/7631/267631v1-max-250x250.png"],
      [[450,
        276],
       "http://api-images.crunchbase.com/assets/images/resized/0026/7631/267631v1-max-450x450.png"]],
    "attribution": null}],
 "external_links":
  [],
 "partners":
  []}
