{"name": "70s Fancy Dress",
 "permalink": "70s-fancy-dress",
 "crunchbase_url": "http://www.crunchbase.com/company/70s-fancy-dress",
 "homepage_url": "http://www.70s-fancydress.com",
 "blog_url": "http://www.70s-fancydress.com",
 "blog_feed_url": "http://www.70sfancydress.com/xmlrpc.php",
 "twitter_username": null,
 "category_code": "games_video",
 "number_of_employees": 3,
 "founded_year": 2009,
 "founded_month": 2,
 "founded_day": 5,
 "deadpooled_year": null,
 "deadpooled_month": null,
 "deadpooled_day": null,
 "deadpooled_url": null,
 "tag_list": "70s-fancy-dress",
 "alias_list": null,
 "email_address": "info@70s-fancydress.com",
 "phone_number": "",
 "description": "Tips and ideas on running 70s parties",
 "created_at": "Fri May 31 10:13:06 UTC 2013",
 "updated_at": "Fri May 31 20:44:50 UTC 2013",
 "overview": "\u003Cp\u003E70-fancydress is  site focused on the nostalgia of the 70s which includes music and fashion influences of the time. So it offers stories and background on various groups such as Abba and the Bee Gees and the effect those groups had on dress and fashion.\u003C/p\u003E\n\n\u003Cp\u003EIt also discusses how even today, many of these designs can be see both on the high street and also in party and costumes \nshops for those seeking to recreate the times, or perhaps thinking of holding a 70s party.\u003C/p\u003E\n\n\u003Cp\u003EThere are interesting articles on the arrival of PVC boots for the first time, inspired by Nancy Sinatra\u0026#8217;s  recording of  \u0026#8220;These boots were made for walking\u0026#8221;. These were a big hit at the time and have since become iconic.\nBefore the 70s, boots were used on farms or wearing on rainy days. After their appearance on the catwalks, they have remained a firm fashion favorite.\u003C/p\u003E",
 "image":
  {"available_sizes":
    [[[150,
       24],
      "http://api-images.crunchbase.com/assets/images/resized/0026/9659/269659v2-max-150x150.jpg"],
     [[250,
       40],
      "http://api-images.crunchbase.com/assets/images/resized/0026/9659/269659v2-max-250x250.jpg"],
     [[450,
       72],
      "http://api-images.crunchbase.com/assets/images/resized/0026/9659/269659v2-max-450x450.jpg"]],
   "attribution": null},
 "products":
  [],
 "relationships":
  [],
 "competitions":
  [],
 "providerships":
  [],
 "total_money_raised": "$0",
 "funding_rounds":
  [],
 "investments":
  [],
 "acquisition": null,
 "acquisitions":
  [],
 "offices":
  [],
 "milestones":
  [],
 "ipo": null,
 "video_embeds":
  [],
 "screenshots":
  [{"available_sizes":
     [[[112,
        150],
       "http://api-images.crunchbase.com/assets/images/resized/0026/9658/269658v2-max-150x150.jpg"],
      [[186,
        250],
       "http://api-images.crunchbase.com/assets/images/resized/0026/9658/269658v2-max-250x250.jpg"],
      [[240,
        321],
       "http://api-images.crunchbase.com/assets/images/resized/0026/9658/269658v2-max-450x450.jpg"]],
    "attribution": null}],
 "external_links":
  [],
 "partners":
  []}
