{"name": "7Red Casino",
 "permalink": "7red-caino",
 "crunchbase_url": "http://www.crunchbase.com/company/7red-caino",
 "homepage_url": "http://www.7redonlinecasino.com",
 "blog_url": "http://7redcasino4.webnode.com/",
 "blog_feed_url": "http://7redcasino4.webnode.com/rss/",
 "twitter_username": null,
 "category_code": "games_video",
 "number_of_employees": null,
 "founded_year": 2013,
 "founded_month": null,
 "founded_day": null,
 "deadpooled_year": null,
 "deadpooled_month": null,
 "deadpooled_day": null,
 "deadpooled_url": null,
 "tag_list": "online-casino, online-casinos, online-gambling",
 "alias_list": null,
 "email_address": "support@7redonlinecasino.com",
 "phone_number": "356-22-76-67-81 ",
 "description": "Play For Fun!",
 "created_at": "Thu May 23 01:27:44 UTC 2013",
 "updated_at": "Tue Aug 13 09:35:14 UTC 2013",
 "overview": "\u003Cp\u003E7Red Casino features no download online casino games in which you can play for free or real money. \u003C/p\u003E\n\n\u003Cp\u003ENo wagering needed if you choose to play for fun. 7 red casino games gives 100% cash bonus on first deposit in which you can use when playing games in real money. \u003C/p\u003E\n\n\u003Cp\u003EWe feature a variety of slots games in which you can choose on how many reels, what interface you want to play. There are also a lot of casino games in which you can choose in 7Red like video poker, roulette, keno, craps, and blackjack.\u003C/p\u003E\n\n\u003Cp\u003EPlay our casino games without having to download the software through our feature \u0026#8220;instant play\u0026#8221; on browser or you can play it by downloading the game.\u003C/p\u003E",
 "image":
  {"available_sizes":
    [[[150,
       110],
      "http://api-images.crunchbase.com/assets/images/resized/0026/5716/265716v2-max-150x150.jpg"],
     [[250,
       183],
      "http://api-images.crunchbase.com/assets/images/resized/0026/5716/265716v2-max-250x250.jpg"],
     [[255,
       187],
      "http://api-images.crunchbase.com/assets/images/resized/0026/5716/265716v2-max-450x450.jpg"]],
   "attribution": null},
 "products":
  [],
 "relationships":
  [],
 "competitions":
  [],
 "providerships":
  [],
 "total_money_raised": "$0",
 "funding_rounds":
  [],
 "investments":
  [],
 "acquisition": null,
 "acquisitions":
  [],
 "offices":
  [],
 "milestones":
  [],
 "ipo": null,
 "video_embeds":
  [{"embed_code": "\u003Ciframe width=\"440\" height=\"315\" src=\"//www.youtube.com/embed/uBgrPAxqSvs\" frameborder=\"0\" allowfullscreen\u003E\u003C/iframe\u003E",
    "description": "\u003Cp\u003EHave The Best Winning Experience At 7 Red\u003C/p\u003E"}],
 "screenshots":
  [{"available_sizes":
     [[[150,
        114],
       "http://api-images.crunchbase.com/assets/images/resized/0030/2296/302296v2-max-150x150.png"],
      [[250,
        190],
       "http://api-images.crunchbase.com/assets/images/resized/0030/2296/302296v2-max-250x250.png"],
      [[450,
        343],
       "http://api-images.crunchbase.com/assets/images/resized/0030/2296/302296v2-max-450x450.png"]],
    "attribution": null}],
 "external_links":
  [{"external_url": "http://onlinecasinos7.livejournal.com/#post-onlinecasinos7-1468",
    "title": ""},
   {"external_url": "http://onlinecasinogamesreview.weebly.com/7red-casino.html",
    "title": ""}],
 "partners":
  []}
