{"name": "A. G. Edwards",
 "permalink": "a-g-edwards",
 "crunchbase_url": "http://www.crunchbase.com/company/a-g-edwards",
 "homepage_url": null,
 "blog_url": "",
 "blog_feed_url": "",
 "twitter_username": null,
 "category_code": "security",
 "number_of_employees": null,
 "founded_year": 1887,
 "founded_month": null,
 "founded_day": null,
 "deadpooled_year": null,
 "deadpooled_month": null,
 "deadpooled_day": null,
 "deadpooled_url": null,
 "tag_list": null,
 "alias_list": "",
 "email_address": "",
 "phone_number": "",
 "description": "",
 "created_at": "Sun May 19 18:06:01 UTC 2013",
 "updated_at": "Fri Jun 14 05:28:37 UTC 2013",
 "overview": "\u003Cp\u003EA.G. Edwards was founded in 1887. The company\u2019s subsidiaries provided securities and commodities brokerage, investment banking, trust services, asset management, retirement planning, investment planning, and insurance products and services.\u003C/p\u003E\n\n\u003Cp\u003EIts principal subsidiary, A.G. Edwards \u0026amp; Sons, Inc., provided a full range of financial products and services to individual and institutional investors. The firm also offered investment banking services to corporate, governmental, and municipal clients.\u003C/p\u003E\n\n\u003Cp\u003EAs of June 30, 2007, A.G. Edwards and its affiliates employed 6,363 financial consultants in 739 offices nationwide and in two European locations, London and Geneva. Client assets totaled $384 billion, while client assets in fee-based accounts totaled $45 billion. \u003C/p\u003E",
 "image":
  {"available_sizes":
    [[[150,
       140],
      "http://api-images.crunchbase.com/assets/images/resized/0027/5097/275097v1-max-150x150.png"],
     [[160,
       150],
      "http://api-images.crunchbase.com/assets/images/resized/0027/5097/275097v1-max-250x250.png"],
     [[160,
       150],
      "http://api-images.crunchbase.com/assets/images/resized/0027/5097/275097v1-max-450x450.png"]],
   "attribution": null},
 "products":
  [],
 "relationships":
  [{"is_past": true,
    "title": "Director, Investment Banking",
    "person":
     {"first_name": "Gian",
      "last_name": "Cavallini",
      "permalink": "gian-cavallini"}},
   {"is_past": true,
    "title": "Portfolio Manager \u0026 Senior Analyst",
    "person":
     {"first_name": "Mark",
      "last_name": "Robinson",
      "permalink": "mark-robinson"}},
   {"is_past": true,
    "title": "Investment Management Associate",
    "person":
     {"first_name": "Eric",
      "last_name": "Peng",
      "permalink": "eric-peng"}}],
 "competitions":
  [],
 "providerships":
  [],
 "total_money_raised": "$0",
 "funding_rounds":
  [],
 "investments":
  [],
 "acquisition": null,
 "acquisitions":
  [],
 "offices":
  [],
 "milestones":
  [],
 "ipo": null,
 "video_embeds":
  [],
 "screenshots":
  [],
 "external_links":
  [],
 "partners":
  []}
