{"name": "A.N. Nesmeyanov Institute of  Organoelement Compounds",
 "permalink": "a-n-nesmeyanov-institute-of-organoelement-compounds",
 "crunchbase_url": "http://www.crunchbase.com/company/a-n-nesmeyanov-institute-of-organoelement-compounds",
 "homepage_url": "http://www.ineos.ac.ru",
 "blog_url": "",
 "blog_feed_url": "",
 "twitter_username": null,
 "category_code": "education",
 "number_of_employees": null,
 "founded_year": 1954,
 "founded_month": null,
 "founded_day": null,
 "deadpooled_year": null,
 "deadpooled_month": null,
 "deadpooled_day": null,
 "deadpooled_url": null,
 "tag_list": null,
 "alias_list": "",
 "email_address": "larina@ineos.ac.ru",
 "phone_number": "7-499-135-61-66",
 "description": "",
 "created_at": "Wed May 29 21:12:58 UTC 2013",
 "updated_at": "Fri Jun 14 05:56:21 UTC 2013",
 "overview": "\u003Cp\u003EThe Institute of Organoelement Compounds of the Russian Academy of Sciences of Sciences (INEOS) was founded in 1954. The credit of its creation is mostly due to prominent scientist, the President of the USSR Academy of Sciences, academician A.N. Nesmeyanov (1899\u20131980), who has founded the modern chemistry of organoelement compounds. He headed the Institute for 26 years. His successors as directors of the Institute were Members of the Academy of Sciences A.V. Fokin who headed INEOS in 1980 to 1988, and M.E. Vol\u2019pin (1989-1996). Since 1996 Professor Yu.N.Bubnov, Member of the Russian Academy of Sciences (RAS), has been in charge of the Institute.\u003C/p\u003E\n\n\u003Cp\u003EAt present INEOS is a large research centre with 664 employees, including 564 scientific researchers, among them 77 Professors (Dr.Sc.) and 248 Ph.D. researchers.\nINEOS is a internationally recognized research establishment, where the chemistry of organoelement and macromolecular compounds is developed. Its reputation as a scientific centre in chemistry is very high both in Russia and abroad. Many outstanding scientists who initiated new directions in organic and organoelement chemistry, polymer chemistry, physical chemistry, and physics, such as Members of the Academy of Sciences, K.A. Andrianov, I.L. Knunyants, V.V. Korshak, I.V. Obreimov, M.E. Vol\u2019pin, M.I. Kabachnik, O.A. Reutov, Corresponding Members of the Academy of Sciences D.N. Kursanov, Yu.T. Struchkov, R.Kh. Freydlina, Professor A.I .Kitaigorodsky, and many others have been working at INEOS. At present, Members of RAS Yu.N. Bubnov, A.R. Khokhlov, Corresponding Members of RAS T.A. Mastryukova, M.Yu. Antipin, and E.E. Nifant\u2019ev are actively working at the Institute.\u003C/p\u003E",
 "image":
  {"available_sizes":
    [[[150,
       82],
      "http://api-images.crunchbase.com/assets/images/resized/0027/5111/275111v1-max-150x150.png"],
     [[235,
       129],
      "http://api-images.crunchbase.com/assets/images/resized/0027/5111/275111v1-max-250x250.png"],
     [[235,
       129],
      "http://api-images.crunchbase.com/assets/images/resized/0027/5111/275111v1-max-450x450.png"]],
   "attribution": null},
 "products":
  [],
 "relationships":
  [{"is_past": true,
    "title": "Senior Research Assistant",
    "person":
     {"first_name": "Gaidar",
      "last_name": "Magdanurov",
      "permalink": "gaidar-magdanurov"}}],
 "competitions":
  [],
 "providerships":
  [],
 "total_money_raised": "$0",
 "funding_rounds":
  [],
 "investments":
  [],
 "acquisition": null,
 "acquisitions":
  [],
 "offices":
  [{"description": "",
    "address1": "Vavilova St. 28,",
    "address2": "V-334",
    "zip_code": "119991",
    "city": "Moscow",
    "state_code": null,
    "country_code": "RUS",
    "latitude": null,
    "longitude": null}],
 "milestones":
  [],
 "ipo": null,
 "video_embeds":
  [],
 "screenshots":
  [{"available_sizes":
     [[[150,
        103],
       "http://api-images.crunchbase.com/assets/images/resized/0027/5112/275112v1-max-150x150.png"],
      [[250,
        173],
       "http://api-images.crunchbase.com/assets/images/resized/0027/5112/275112v1-max-250x250.png"],
      [[450,
        311],
       "http://api-images.crunchbase.com/assets/images/resized/0027/5112/275112v1-max-450x450.png"]],
    "attribution": null}],
 "external_links":
  [],
 "partners":
  []}
