{"name": "A V Loan Service",
 "permalink": "a-v-loan-service",
 "crunchbase_url": "http://www.crunchbase.com/company/a-v-loan-service",
 "homepage_url": null,
 "blog_url": null,
 "blog_feed_url": null,
 "twitter_username": null,
 "category_code": null,
 "number_of_employees": null,
 "founded_year": null,
 "founded_month": null,
 "founded_day": null,
 "deadpooled_year": null,
 "deadpooled_month": null,
 "deadpooled_day": null,
 "deadpooled_url": null,
 "tag_list": "online-cash-advance, cash-advance-loans, cash-loans, cash-advances, online-cash-advances, payday-loan-payday-loans, no-fax-cash-advance, fast-payday-loans, fast-cash-advance-loan, cash-advance-fast, usa-cash-advance, cash-advance-now, online-payday-loans",
 "alias_list": null,
 "email_address": null,
 "phone_number": null,
 "description": null,
 "created_at": "Wed Jun 05 21:19:28 UTC 2013",
 "updated_at": "Thu Jul 04 09:59:39 UTC 2013",
 "overview": "\u003Cp\u003EAV Loan Service, a loan servicing company that managed the billing, payment processing, collections, and trust fund management for a $30 million loan portfolio.\u003C/p\u003E",
 "image": null,
 "products":
  [],
 "relationships":
  [{"is_past": true,
    "title": "President",
    "person":
     {"first_name": "Yvonne",
      "last_name": "Blankenship",
      "permalink": "yvonne-blankenship"}}],
 "competitions":
  [],
 "providerships":
  [],
 "total_money_raised": "$0",
 "funding_rounds":
  [],
 "investments":
  [],
 "acquisition": null,
 "acquisitions":
  [],
 "offices":
  [],
 "milestones":
  [],
 "ipo": null,
 "video_embeds":
  [],
 "screenshots":
  [],
 "external_links":
  [],
 "partners":
  []}
