{"name": "Abelian Technologies",
 "permalink": "abelian-technologies",
 "crunchbase_url": "http://www.crunchbase.com/company/abelian-technologies",
 "homepage_url": "http://www.abeliantechnologies.com",
 "blog_url": "",
 "blog_feed_url": "",
 "twitter_username": null,
 "category_code": "software",
 "number_of_employees": 10,
 "founded_year": 2006,
 "founded_month": 8,
 "founded_day": 15,
 "deadpooled_year": null,
 "deadpooled_month": null,
 "deadpooled_day": null,
 "deadpooled_url": null,
 "tag_list": "software-development, web-designing, seo-services",
 "alias_list": null,
 "email_address": "",
 "phone_number": "",
 "description": "Software and Web solution Company",
 "created_at": "Tue May 14 03:10:49 UTC 2013",
 "updated_at": "Mon Mar 31 11:27:49 UTC 2014",
 "overview": "",
 "image": null,
 "products":
  [],
 "relationships":
  [{"is_past": true,
    "title": "Noushad P",
    "person":
     {"first_name": "Noushad",
      "last_name": "P",
      "permalink": "noushad-p"}}],
 "competitions":
  [],
 "providerships":
  [],
 "total_money_raised": "$0",
 "funding_rounds":
  [],
 "investments":
  [],
 "acquisition": null,
 "acquisitions":
  [],
 "offices":
  [{"description": "Abelian Technologies",
    "address1": "Beevi Towers",
    "address2": "SRM Road, Cochin -18, Kerala",
    "zip_code": "682018",
    "city": "Cochin",
    "state_code": null,
    "country_code": "IND",
    "latitude": null,
    "longitude": null}],
 "milestones":
  [],
 "ipo": null,
 "video_embeds":
  [],
 "screenshots":
  [],
 "external_links":
  [{"external_url": "http://www.abeliantechnologies.com",
    "title": "Abelian Technologies"}],
 "partners":
  []}
