{"name": "Abletunes",
 "permalink": "abletunes",
 "crunchbase_url": "http://www.crunchbase.com/company/abletunes",
 "homepage_url": "http://www.abletunes.com",
 "blog_url": "http://blog.abletunes.com/",
 "blog_feed_url": "http://blog.abletunes.com/feed/",
 "twitter_username": "abletunes",
 "category_code": "education",
 "number_of_employees": null,
 "founded_year": 2011,
 "founded_month": 12,
 "founded_day": 10,
 "deadpooled_year": null,
 "deadpooled_month": null,
 "deadpooled_day": null,
 "deadpooled_url": null,
 "tag_list": "ableton, templates, projects",
 "alias_list": null,
 "email_address": "info@abletunes.com",
 "phone_number": "",
 "description": "Ableton Live Templates",
 "created_at": "Sun May 19 16:35:00 UTC 2013",
 "updated_at": "Mon May 20 19:53:46 UTC 2013",
 "overview": "\u003Cp\u003EAbletunes specializes in creating and selling professional music production Ableton Live templates (projects) mainly for learning purposes. \u003C/p\u003E\n\n\u003Cp\u003EAll the templates are royalty free and can be used not only for learning.\u003C/p\u003E",
 "image":
  {"available_sizes":
    [[[150,
       75],
      "http://api-images.crunchbase.com/assets/images/resized/0026/4134/264134v2-max-150x150.jpg"],
     [[200,
       100],
      "http://api-images.crunchbase.com/assets/images/resized/0026/4134/264134v2-max-250x250.jpg"],
     [[200,
       100],
      "http://api-images.crunchbase.com/assets/images/resized/0026/4134/264134v2-max-450x450.jpg"]],
   "attribution": null},
 "products":
  [],
 "relationships":
  [],
 "competitions":
  [],
 "providerships":
  [],
 "total_money_raised": "$0",
 "funding_rounds":
  [],
 "investments":
  [],
 "acquisition": null,
 "acquisitions":
  [],
 "offices":
  [],
 "milestones":
  [],
 "ipo": null,
 "video_embeds":
  [],
 "screenshots":
  [],
 "external_links":
  [],
 "partners":
  []}
