{"name": "Abott Laboratories",
 "permalink": "abott-laboratories",
 "crunchbase_url": "http://www.crunchbase.com/company/abott-laboratories",
 "homepage_url": null,
 "blog_url": null,
 "blog_feed_url": null,
 "twitter_username": null,
 "category_code": null,
 "number_of_employees": null,
 "founded_year": null,
 "founded_month": null,
 "founded_day": null,
 "deadpooled_year": null,
 "deadpooled_month": null,
 "deadpooled_day": null,
 "deadpooled_url": null,
 "tag_list": null,
 "alias_list": null,
 "email_address": null,
 "phone_number": null,
 "description": null,
 "created_at": "Wed May 29 22:44:08 UTC 2013",
 "updated_at": "Wed May 29 22:44:08 UTC 2013",
 "overview": null,
 "image": null,
 "products":
  [],
 "relationships":
  [{"is_past": false,
    "title": "Vice President",
    "person":
     {"first_name": "Todd",
      "last_name": "R. Johnson",
      "permalink": "todd-r-johnson"}},
   {"is_past": true,
    "title": "Manager, Medical Device Development,Program Manager / Development Engineer",
    "person":
     {"first_name": "Todd",
      "last_name": "Tomba",
      "permalink": "todd-tomba"}}],
 "competitions":
  [],
 "providerships":
  [],
 "total_money_raised": "$0",
 "funding_rounds":
  [],
 "investments":
  [],
 "acquisition": null,
 "acquisitions":
  [],
 "offices":
  [],
 "milestones":
  [],
 "ipo": null,
 "video_embeds":
  [],
 "screenshots":
  [],
 "external_links":
  [],
 "partners":
  []}
