{"name": "Abound Trading inc",
 "permalink": "abound-trading-inc",
 "crunchbase_url": "http://www.crunchbase.com/company/abound-trading-inc",
 "homepage_url": "http://www.aboundtrading.com",
 "blog_url": "",
 "blog_feed_url": "",
 "twitter_username": "AboundTrading",
 "category_code": "ecommerce",
 "number_of_employees": 1,
 "founded_year": 2013,
 "founded_month": 4,
 "founded_day": 26,
 "deadpooled_year": 2013,
 "deadpooled_month": 7,
 "deadpooled_day": null,
 "deadpooled_url": "",
 "tag_list": "online-variety-store, gifts, pet-gear, housewares",
 "alias_list": null,
 "email_address": "info@aboundtrading.com",
 "phone_number": "954-366-9350",
 "description": "online variety store",
 "created_at": "Sat Jun 01 04:02:12 UTC 2013",
 "updated_at": "Wed Aug 21 12:53:11 UTC 2013",
 "overview": "\u003Cp\u003EAbound Trading inc offers quality products through its online retail store. This is a variety store with products for the home, personal use, pets, office and gifts. Customer service is a priority.\u003C/p\u003E",
 "image":
  {"available_sizes":
    [[[150,
       76],
      "http://api-images.crunchbase.com/assets/images/resized/0026/9924/269924v2-max-150x150.jpg"],
     [[250,
       127],
      "http://api-images.crunchbase.com/assets/images/resized/0026/9924/269924v2-max-250x250.jpg"],
     [[450,
       229],
      "http://api-images.crunchbase.com/assets/images/resized/0026/9924/269924v2-max-450x450.jpg"]],
   "attribution": null},
 "products":
  [],
 "relationships":
  [],
 "competitions":
  [],
 "providerships":
  [],
 "total_money_raised": "$0",
 "funding_rounds":
  [],
 "investments":
  [],
 "acquisition": null,
 "acquisitions":
  [],
 "offices":
  [],
 "milestones":
  [],
 "ipo": null,
 "video_embeds":
  [],
 "screenshots":
  [],
 "external_links":
  [],
 "partners":
  []}
