{"name": "ABStartups",
 "permalink": "abstartups",
 "crunchbase_url": "http://www.crunchbase.com/company/abstartups",
 "homepage_url": "http://www.abstartups.com.br",
 "blog_url": "http://www.abstartups.com.br/blog/",
 "blog_feed_url": "",
 "twitter_username": "abstartups",
 "category_code": "nonprofit",
 "number_of_employees": null,
 "founded_year": 2011,
 "founded_month": null,
 "founded_day": null,
 "deadpooled_year": null,
 "deadpooled_month": null,
 "deadpooled_day": null,
 "deadpooled_url": null,
 "tag_list": "",
 "alias_list": null,
 "email_address": "equipe@abstartups.com.br",
 "phone_number": "",
 "description": "Associa\u00e7\u00e3o Brasileira de Startups",
 "created_at": "Sat Jun 01 02:55:36 UTC 2013",
 "updated_at": "Mon Sep 30 09:44:16 UTC 2013",
 "overview": "\u003Cp\u003EBrazillian Startups Association.\u003C/p\u003E",
 "image":
  {"available_sizes":
    [[[150,
       40],
      "http://api-images.crunchbase.com/assets/images/resized/0033/4374/334374v2-max-150x150.png"],
     [[156,
       42],
      "http://api-images.crunchbase.com/assets/images/resized/0033/4374/334374v2-max-250x250.png"],
     [[156,
       42],
      "http://api-images.crunchbase.com/assets/images/resized/0033/4374/334374v2-max-450x450.png"]],
   "attribution": null},
 "products":
  [],
 "relationships":
  [{"is_past": false,
    "title": "Co-Founder and Advisor",
    "person":
     {"first_name": "Bernardo",
      "last_name": "Porto",
      "permalink": "bernardo-porto"}},
   {"is_past": false,
    "title": "Presidente",
    "person":
     {"first_name": "Gustavo",
      "last_name": "Caetano",
      "permalink": "gustavo-caetano"}},
   {"is_past": false,
    "title": "Diretor Executivo",
    "person":
     {"first_name": "Guilherme",
      "last_name": "Junqueira",
      "permalink": "guilherme-junqueira"}}],
 "competitions":
  [],
 "providerships":
  [],
 "total_money_raised": "$0",
 "funding_rounds":
  [],
 "investments":
  [],
 "acquisition": null,
 "acquisitions":
  [],
 "offices":
  [],
 "milestones":
  [],
 "ipo": null,
 "video_embeds":
  [],
 "screenshots":
  [],
 "external_links":
  [],
 "partners":
  []}
