{"name": "AC Roofing Services",
 "permalink": "ac-roofing-services",
 "crunchbase_url": "http://www.crunchbase.com/company/ac-roofing-services",
 "homepage_url": "http://www.acroofing.co.uk",
 "blog_url": "",
 "blog_feed_url": "",
 "twitter_username": "acroofing1",
 "category_code": "other",
 "number_of_employees": 10,
 "founded_year": null,
 "founded_month": null,
 "founded_day": null,
 "deadpooled_year": null,
 "deadpooled_month": null,
 "deadpooled_day": null,
 "deadpooled_url": null,
 "tag_list": "roofing-reading, roofing, flat, aylesbury, abingdon, bicester, roofing-reading-abingdon, ac-roofing",
 "alias_list": null,
 "email_address": "acroofing@ymail.com",
 "phone_number": "01865 930 078",
 "description": "Providing all types of roofing services",
 "created_at": "Tue Jun 04 11:41:51 UTC 2013",
 "updated_at": "Fri Dec 27 13:04:29 UTC 2013",
 "overview": "\u003Cp\u003E\u0026#8220;Experienced, Appropriate and Inexpensive. They are punctual, quick, and easy to reach and do a great job.\u0026#8221;\u003C/p\u003E\n\n\u003Cp\u003EWe provide complete roof installation, repair and replacement services throughout UK. With over 37 years of experience in home improvement industry, we serves roof refurbishment services to both clients at domestic and commercial level.  The family runs business of AC roofing caters to places Aylesbury, Oxford, Reading, Bicester and surrounding area. Its trusted workmanship is ever ready to serve the consumers with excellent AC roofing services at affordable rates.\u003C/p\u003E",
 "image":
  {"available_sizes":
    [[[150,
       30],
      "http://api-images.crunchbase.com/assets/images/resized/0027/1071/271071v2-max-150x150.png"],
     [[250,
       51],
      "http://api-images.crunchbase.com/assets/images/resized/0027/1071/271071v2-max-250x250.png"],
     [[450,
       92],
      "http://api-images.crunchbase.com/assets/images/resized/0027/1071/271071v2-max-450x450.png"]],
   "attribution": null},
 "products":
  [],
 "relationships":
  [],
 "competitions":
  [],
 "providerships":
  [],
 "total_money_raised": "$0",
 "funding_rounds":
  [],
 "investments":
  [],
 "acquisition": null,
 "acquisitions":
  [],
 "offices":
  [{"description": "AC Roofing Services",
    "address1": "41 Old Road, Wheatley",
    "address2": "",
    "zip_code": "OX33 1NU",
    "city": "Oxford",
    "state_code": null,
    "country_code": "GBR",
    "latitude": 51.7468578,
    "longitude": -1.1520783}],
 "milestones":
  [],
 "ipo": null,
 "video_embeds":
  [{"embed_code": "http://youtu.be/TnJ0_95RTKY",
    "description": "\u003Cp\u003EDomestic \u0026amp; Commercial Roofing by AC Roofing Services \u003C/p\u003E"}],
 "screenshots":
  [],
 "external_links":
  [{"external_url": "http://saraplatnauer1.hubpages.com/hub/Tips-and-Ideas-on-Maintaining-Roofs",
    "title": "Tips and Ideas to Maintain Roof"},
   {"external_url": "http://www.docstoc.com/docs/154133286/Reliable-Roofing-Guidelines",
    "title": "Reliable Roofing Guidelines"},
   {"external_url": "http://www.slideshare.net/acroofing/quality-roofing-services-in-uk",
    "title": "Quality Roofing Services in UK"}],
 "partners":
  []}
