{"name": "Acacia Interactive",
 "permalink": "acacia-interactive",
 "crunchbase_url": "http://www.crunchbase.com/company/acacia-interactive",
 "homepage_url": "http://investing.businessweek.com",
 "blog_url": "",
 "blog_feed_url": "",
 "twitter_username": "BW",
 "category_code": "software",
 "number_of_employees": null,
 "founded_year": 2012,
 "founded_month": null,
 "founded_day": null,
 "deadpooled_year": null,
 "deadpooled_month": null,
 "deadpooled_day": null,
 "deadpooled_url": null,
 "tag_list": "",
 "alias_list": "",
 "email_address": "",
 "phone_number": "614-233-1301",
 "description": "",
 "created_at": "Mon Jun 03 08:38:20 UTC 2013",
 "updated_at": "Mon Jun 03 08:39:30 UTC 2013",
 "overview": "\u003Cp\u003EAcacia Interactive, Inc. develops smart phone based applications. The company was founded in 2012 and is based in Nashville, Tennessee.\u003C/p\u003E",
 "image": null,
 "products":
  [],
 "relationships":
  [{"is_past": false,
    "title": "Co - Founder \u0026 CEO",
    "person":
     {"first_name": "Jayme",
      "last_name": "Hoffman",
      "permalink": "jayme-hoffman-2"}}],
 "competitions":
  [],
 "providerships":
  [],
 "total_money_raised": "$260k",
 "funding_rounds":
  [{"id": 39125,
    "round_code": "partial",
    "source_url": "http://www.sec.gov/Archives/edgar/data/1573005/000157300513000001/xslFormDX01/primary_doc.xml",
    "source_description": "SEC",
    "raised_amount": 259910.0,
    "raised_currency_code": "USD",
    "funded_year": 2013,
    "funded_month": 3,
    "funded_day": 29,
    "investments":
     []}],
 "investments":
  [],
 "acquisition": null,
 "acquisitions":
  [],
 "offices":
  [{"description": "",
    "address1": "105 Broadway",
    "address2": "Suite 200",
    "zip_code": "37201",
    "city": "Nashville",
    "state_code": "TN",
    "country_code": "USA",
    "latitude": null,
    "longitude": null}],
 "milestones":
  [],
 "ipo": null,
 "video_embeds":
  [],
 "screenshots":
  [],
 "external_links":
  [],
 "partners":
  []}
