{"name": "Accent On Integration",
 "permalink": "accent-on-integration",
 "crunchbase_url": "http://www.crunchbase.com/company/accent-on-integration",
 "homepage_url": "http://accentonintegration.com",
 "blog_url": "",
 "blog_feed_url": "",
 "twitter_username": null,
 "category_code": "hardware",
 "number_of_employees": null,
 "founded_year": null,
 "founded_month": null,
 "founded_day": null,
 "deadpooled_year": null,
 "deadpooled_month": null,
 "deadpooled_day": null,
 "deadpooled_url": null,
 "tag_list": "",
 "alias_list": "",
 "email_address": "info@AOI.biz",
 "phone_number": "888 788 8264",
 "description": "",
 "created_at": "Mon Jun 03 06:33:30 UTC 2013",
 "updated_at": "Mon Jun 03 06:33:30 UTC 2013",
 "overview": "\u003Cp\u003EThe intelligent data exchange and comprehensive services from Accent on Integration\u00ae (AOI\u00ae) eliminate data silos and provide hospitals and healthcare organizations of all types and sizes better access to clinical and patient-specific information. AOI\u2019s integration offerings, combined with its wide spectrum of professional services, including implementation, consulting and technical support, all have one focus \u2013 uniting people, process and technology to enhance patient care and improve clinician workflow.\u003C/p\u003E",
 "image":
  {"available_sizes":
    [[[150,
       34],
      "http://api-images.crunchbase.com/assets/images/resized/0027/0453/270453v1-max-150x150.png"],
     [[250,
       57],
      "http://api-images.crunchbase.com/assets/images/resized/0027/0453/270453v1-max-250x250.png"],
     [[350,
       81],
      "http://api-images.crunchbase.com/assets/images/resized/0027/0453/270453v1-max-450x450.png"]],
   "attribution": null},
 "products":
  [],
 "relationships":
  [{"is_past": false,
    "title": "Co-founder, President and CEO",
    "person":
     {"first_name": "Marc",
      "last_name": "C. Andiel",
      "permalink": "marc-c-andiel"}}],
 "competitions":
  [],
 "providerships":
  [],
 "total_money_raised": "$0",
 "funding_rounds":
  [],
 "investments":
  [],
 "acquisition":
  {"price_amount": null,
   "price_currency_code": "USD",
   "term_code": null,
   "source_url": "http://mna.im/segmentview.aspx?ViewModes=6\u0026AcquisitionID=35610",
   "source_description": "Iatric Systems Inc., acquired Accent On Integration",
   "acquired_year": 2013,
   "acquired_month": 5,
   "acquired_day": 29,
   "acquiring_company":
    {"name": "Iatric Systems",
     "permalink": "iatric-systems"}},
 "acquisitions":
  [],
 "offices":
  [],
 "milestones":
  [],
 "ipo": null,
 "video_embeds":
  [],
 "screenshots":
  [{"available_sizes":
     [[[150,
        69],
       "http://api-images.crunchbase.com/assets/images/resized/0027/0452/270452v1-max-150x150.png"],
      [[250,
        115],
       "http://api-images.crunchbase.com/assets/images/resized/0027/0452/270452v1-max-250x250.png"],
      [[450,
        207],
       "http://api-images.crunchbase.com/assets/images/resized/0027/0452/270452v1-max-450x450.png"]],
    "attribution": null}],
 "external_links":
  [],
 "partners":
  []}
