{"name": "Accelarad, creators of SeeMyRadiology.com",
 "permalink": "accelarad-creators-of-seemyradiology-com",
 "crunchbase_url": "http://www.crunchbase.com/company/accelarad-creators-of-seemyradiology-com",
 "homepage_url": null,
 "blog_url": null,
 "blog_feed_url": null,
 "twitter_username": null,
 "category_code": null,
 "number_of_employees": null,
 "founded_year": null,
 "founded_month": null,
 "founded_day": null,
 "deadpooled_year": null,
 "deadpooled_month": null,
 "deadpooled_day": null,
 "deadpooled_url": null,
 "tag_list": null,
 "alias_list": null,
 "email_address": null,
 "phone_number": null,
 "description": null,
 "created_at": "Sat May 25 09:25:43 UTC 2013",
 "updated_at": "Sat May 25 09:25:43 UTC 2013",
 "overview": null,
 "image": null,
 "products":
  [],
 "relationships":
  [{"is_past": false,
    "title": "CFO",
    "person":
     {"first_name": "Chad",
      "last_name": "Terry",
      "permalink": "chad-terry"}}],
 "competitions":
  [],
 "providerships":
  [],
 "total_money_raised": "$0",
 "funding_rounds":
  [],
 "investments":
  [],
 "acquisition": null,
 "acquisitions":
  [],
 "offices":
  [],
 "milestones":
  [],
 "ipo": null,
 "video_embeds":
  [],
 "screenshots":
  [],
 "external_links":
  [],
 "partners":
  []}
