{"name": "accountsIQ",
 "permalink": "accountsiq",
 "crunchbase_url": "http://www.crunchbase.com/company/accountsiq",
 "homepage_url": "http://www.accountsiq.com",
 "blog_url": "",
 "blog_feed_url": "",
 "twitter_username": null,
 "category_code": "software",
 "number_of_employees": 25,
 "founded_year": 2005,
 "founded_month": null,
 "founded_day": null,
 "deadpooled_year": null,
 "deadpooled_month": null,
 "deadpooled_day": null,
 "deadpooled_url": null,
 "tag_list": "cloud, accounting, franchise, non-profit, multi-entity, enterprise, sme, smb, consolidations, financial-reporting",
 "alias_list": null,
 "email_address": "",
 "phone_number": "",
 "description": "Cloud Accounting Software",
 "created_at": "Mon Jun 03 19:13:55 UTC 2013",
 "updated_at": "Wed Jul 03 02:47:24 UTC 2013",
 "overview": "\u003Cp\u003EaccountsIQ (www.accountsIQ.com) is a best of breed international accounting product delivered as a Software-as-a-Service (SaaS) solution; addressing the needs of businesses ranging from small start-up companies through large, multi-location businesses with complex accounting and reporting needs. It provides full multi-currency accounting, consolidations, financial reporting, document management and extensive business intelligence capabilities, delivered via a web-based Management Dashboard. The product is developed on a Microsoft stack (.NET, SQL Server). The hosting platform is SSAE 16 certified and is architected to provide optimum performance with full resilience and data security. \naccountsIQ specifically targets its\u2019 solution at CPA firms, Business Process Outsourcers, franchise organizations and System Integrators. By offering an extensive \u201cwhite-labeling\u201c program, accountsIQ helps its\u2019 customers further their own image and branding while keeping accountsIQ customer acquisition costs and support costs to a minimum. The company licenses its products under a subscription model commonly used by other SaaS players. \u003C/p\u003E",
 "image":
  {"available_sizes":
    [[[150,
       41],
      "http://api-images.crunchbase.com/assets/images/resized/0027/4566/274566v2-max-150x150.jpg"],
     [[210,
       58],
      "http://api-images.crunchbase.com/assets/images/resized/0027/4566/274566v2-max-250x250.jpg"],
     [[210,
       58],
      "http://api-images.crunchbase.com/assets/images/resized/0027/4566/274566v2-max-450x450.jpg"]],
   "attribution": null},
 "products":
  [],
 "relationships":
  [{"is_past": false,
    "title": "CEO",
    "person":
     {"first_name": "Tony",
      "last_name": "Connolly",
      "permalink": "tony-connolly"}},
   {"is_past": false,
    "title": "CTO",
    "person":
     {"first_name": "Gavin",
      "last_name": "McGahey",
      "permalink": "gavin-mcgahey"}},
   {"is_past": false,
    "title": "VP Services",
    "person":
     {"first_name": "Darren",
      "last_name": "Cran",
      "permalink": "darren-cran"}},
   {"is_past": false,
    "title": "VP US Market",
    "person":
     {"first_name": "David",
      "last_name": "McElaney",
      "permalink": "david-mcelaney"}}],
 "competitions":
  [{"competitor":
     {"name": "Intuit",
      "permalink": "intuit"}},
   {"competitor":
     {"name": "Intacct",
      "permalink": "intacct"}},
   {"competitor":
     {"name": "FinancialForce.com",
      "permalink": "financialforce-com"}},
   {"competitor":
     {"name": "Xero",
      "permalink": "xero"}},
   {"competitor":
     {"name": "NetSuite",
      "permalink": "netsuite"}}],
 "providerships":
  [],
 "total_money_raised": "$0",
 "funding_rounds":
  [],
 "investments":
  [],
 "acquisition": null,
 "acquisitions":
  [],
 "offices":
  [{"description": "World Headquarters",
    "address1": "Sand House",
    "address2": "Bath Place",
    "zip_code": "",
    "city": "Dublin",
    "state_code": null,
    "country_code": "IRL",
    "latitude": 53.3021849,
    "longitude": -6.1781425},
   {"description": "US Head Office",
    "address1": "855 El Camino",
    "address2": "Suite 260",
    "zip_code": "94301",
    "city": "Palo Alto",
    "state_code": "CA",
    "country_code": "USA",
    "latitude": null,
    "longitude": null}],
 "milestones":
  [],
 "ipo": null,
 "video_embeds":
  [],
 "screenshots":
  [],
 "external_links":
  [],
 "partners":
  []}
