{"name": "Accu-Break Pharmaceuticals",
 "permalink": "accu-break-pharmaceuticals",
 "crunchbase_url": "http://www.crunchbase.com/company/accu-break-pharmaceuticals",
 "homepage_url": "http://accubreakpharmaceuticals.com",
 "blog_url": "",
 "blog_feed_url": "",
 "twitter_username": null,
 "category_code": "biotech",
 "number_of_employees": null,
 "founded_year": 2001,
 "founded_month": null,
 "founded_day": null,
 "deadpooled_year": null,
 "deadpooled_month": null,
 "deadpooled_day": null,
 "deadpooled_url": null,
 "tag_list": "",
 "alias_list": "",
 "email_address": "info@accubreak.com",
 "phone_number": "(954)236-7351",
 "description": "",
 "created_at": "Wed May 22 05:43:15 UTC 2013",
 "updated_at": "Sat May 25 04:06:32 UTC 2013",
 "overview": "\u003Cp\u003EACCU-BREAK Pharmaceuticals, Inc. develops and licenses pharmaceutical tablet technologies. The company offers bi-layer and tri-layer technologies, which are used to create tablets that are dividable by hand into accurate partial/smaller doses for patients to adjust their dose. Its technologies are used for single drug products, fixed and split combination drug products, standard and controlled release formulations, and incompatible drugs in human and veterinary medicines. The company has a strategic alliance agreement with Azopharma Development Group. ACCU-BREAK Pharmaceuticals, Inc. was formerly known as SoLapharm, Inc. and changed its name to ACCU-BREAK Pharmaceuticals, Inc.\u003C/p\u003E",
 "image":
  {"available_sizes":
    [[[150,
       52],
      "http://api-images.crunchbase.com/assets/images/resized/0026/5293/265293v1-max-150x150.png"],
     [[250,
       87],
      "http://api-images.crunchbase.com/assets/images/resized/0026/5293/265293v1-max-250x250.png"],
     [[258,
       90],
      "http://api-images.crunchbase.com/assets/images/resized/0026/5293/265293v1-max-450x450.png"]],
   "attribution": null},
 "products":
  [],
 "relationships":
  [],
 "competitions":
  [],
 "providerships":
  [],
 "total_money_raised": "$1M",
 "funding_rounds":
  [{"id": 38080,
    "round_code": "seed",
    "source_url": "http://www.insideview.com/directory/accu-break-pharmaceuticals-inc",
    "source_description": "Accu-Break Pharmaceuticals raised $1Mil",
    "raised_amount": 1000000.0,
    "raised_currency_code": "USD",
    "funded_year": 2013,
    "funded_month": 5,
    "funded_day": 21,
    "investments":
     []}],
 "investments":
  [],
 "acquisition": null,
 "acquisitions":
  [],
 "offices":
  [{"description": "",
    "address1": "1000 South Pine Island Road",
    "address2": "Suite 430",
    "zip_code": "33324",
    "city": "Plantation",
    "state_code": "FL",
    "country_code": "USA",
    "latitude": null,
    "longitude": null}],
 "milestones":
  [],
 "ipo": null,
 "video_embeds":
  [],
 "screenshots":
  [],
 "external_links":
  [],
 "partners":
  []}
