{"name": "Accudial Pharmaceutical",
 "permalink": "accudial-pharmaceutical",
 "crunchbase_url": "http://www.crunchbase.com/company/accudial-pharmaceutical",
 "homepage_url": "http://accudialpharmaceutical.com",
 "blog_url": "",
 "blog_feed_url": "",
 "twitter_username": "AccuDial",
 "category_code": "biotech",
 "number_of_employees": null,
 "founded_year": 2010,
 "founded_month": null,
 "founded_day": null,
 "deadpooled_year": null,
 "deadpooled_month": null,
 "deadpooled_day": null,
 "deadpooled_url": null,
 "tag_list": "",
 "alias_list": "",
 "email_address": "",
 "phone_number": "561-429-6886",
 "description": "",
 "created_at": "Mon Jun 03 06:22:52 UTC 2013",
 "updated_at": "Fri Dec 27 12:05:05 UTC 2013",
 "overview": "\u003Cp\u003EAccuDial Pharmaceutical, Inc. (\u201cAccuDial\u201d, \u201cCompany\u201d) is comprised of two business units, which are AccuDial\u00ae Pharmaceutical and Spinformation\u00ae. AccuDial\u00ae Pharmaceutical provides a variety of over-the-counter (OTC) and nutraceutical products for children and adults in liquid and pill form. The combined worldwide, total, addressable market for the AccuDial\u00ae Pharmaceutical business units is approximately $3 billion. The Company utilizes our patented Spinformation\u00ae label technology to differentiate AccuDial\u00ae products from national and store brand manufacturers.\u003C/p\u003E\n\n\u003Cp\u003ESpinformation\u00ae, established in 2000 by Stephen Key, developed and patented the Expanded Content Rotating Label technology. Spinformation\u00ae increases the amount of printable space on a label up to 75%. The technology is well suited for cosmetic, food, beverage, pharmaceutical, nutraceutical, and health and beauty markets. The labels can be applied to almost any bottle design and are useful for mail-in rebates, recipes, instant redeemable coupons, multiple language translations, and drug or nutrition facts. The labels can be printed with four-color process graphics.\u003C/p\u003E\n\n\u003Cp\u003EAlthough the company is privately owned it operates, discloses and reports to its Shareholders as if it were a listed company. Such information is contained herein.\u003C/p\u003E",
 "image":
  {"available_sizes":
    [[[150,
       66],
      "http://api-images.crunchbase.com/assets/images/resized/0027/0446/270446v1-max-150x150.png"],
     [[215,
       96],
      "http://api-images.crunchbase.com/assets/images/resized/0027/0446/270446v1-max-250x250.png"],
     [[215,
       96],
      "http://api-images.crunchbase.com/assets/images/resized/0027/0446/270446v1-max-450x450.png"]],
   "attribution": null},
 "products":
  [],
 "relationships":
  [],
 "competitions":
  [],
 "providerships":
  [],
 "total_money_raised": "$12M",
 "funding_rounds":
  [{"id": 39102,
    "round_code": "partial",
    "source_url": "http://www.sec.gov/Archives/edgar/data/1430234/000143023413000001/xslFormDX01/primary_doc.xml",
    "source_description": "SEC",
    "raised_amount": 2476019.0,
    "raised_currency_code": "USD",
    "funded_year": 2013,
    "funded_month": 5,
    "funded_day": 30,
    "investments":
     []},
   {"id": 42520,
    "round_code": "partial",
    "source_url": "http://www.sec.gov/Archives/edgar/data/1430234/000143023412000001/xslFormDX01/primary_doc.xml",
    "source_description": "SEC",
    "raised_amount": 4931250.0,
    "raised_currency_code": "USD",
    "funded_year": 2012,
    "funded_month": 10,
    "funded_day": 16,
    "investments":
     []},
   {"id": 59387,
    "round_code": "partial",
    "source_url": "http://www.sec.gov/Archives/edgar/data/1430234/000143023410000002/xslFormDX01/primary_doc.xml",
    "source_description": "SEC",
    "raised_amount": 4617500.0,
    "raised_currency_code": "USD",
    "funded_year": 2010,
    "funded_month": 5,
    "funded_day": 27,
    "investments":
     []}],
 "investments":
  [],
 "acquisition": null,
 "acquisitions":
  [],
 "offices":
  [{"description": "",
    "address1": "7700 Congress Avenue",
    "address2": "SUITE 3204",
    "zip_code": "33487",
    "city": "Boca Raton",
    "state_code": "FL",
    "country_code": "USA",
    "latitude": 26.4180685,
    "longitude": -80.0958314}],
 "milestones":
  [],
 "ipo": null,
 "video_embeds":
  [],
 "screenshots":
  [{"available_sizes":
     [[[150,
        114],
       "http://api-images.crunchbase.com/assets/images/resized/0027/0445/270445v1-max-150x150.png"],
      [[250,
        190],
       "http://api-images.crunchbase.com/assets/images/resized/0027/0445/270445v1-max-250x250.png"],
      [[450,
        342],
       "http://api-images.crunchbase.com/assets/images/resized/0027/0445/270445v1-max-450x450.png"]],
    "attribution": null}],
 "external_links":
  [],
 "partners":
  []}
