{"name": "Acorns",
 "permalink": "acorns-grow",
 "crunchbase_url": "http://www.crunchbase.com/company/acorns-grow",
 "homepage_url": "http://www.acorns.com",
 "blog_url": "http://blog.acorns.com",
 "blog_feed_url": "",
 "twitter_username": "acornsgrow",
 "category_code": "finance",
 "number_of_employees": 17,
 "founded_year": 2012,
 "founded_month": 2,
 "founded_day": 29,
 "deadpooled_year": null,
 "deadpooled_month": null,
 "deadpooled_day": null,
 "deadpooled_url": null,
 "tag_list": "finance, investing, mobile, micro-investing, app, fintech, technology",
 "alias_list": "",
 "email_address": "info@acorns.com",
 "phone_number": " (949) 220-0744",
 "description": "Micro investing for everyone",
 "created_at": "Mon May 27 03:13:37 UTC 2013",
 "updated_at": "Thu Mar 20 12:45:33 UTC 2014",
 "overview": "\u003Cp\u003EAcorns allows people to round up purchases and automatically invest the change. The Acorns app and financial engine is built to facilitate commission-free micro investing in a diversified portfolio of index funds offered by the world\u2019s largest asset managers; purchase fractional shares; and automatically save and invest small amounts of money frequently. The app can also help identify and gather found money, such as rebates and rewards, which can be automatically swept into the customer\u2019s investment account.\u003C/p\u003E\n\n\u003Cp\u003EThe company was founded by Walter and Jeff Cruttenden along with a team of mathematicians, engineers and brokerage operations professionals. Acorns is advised by Nobel Laureate, Dr. Harry Markowitz, the father of Modern Portfolio Theory. \u003C/p\u003E\n\n\u003Cp\u003EAcorns has made micro investing possible through its proprietary investment platform. The brokerage and advisory functions are operated algorithmically while the proprietary back-end technologies aggregate order-processing and clearing functions, repopulating data via the cloud. Acorns works with external developers who wish to use the platform to transform rewards programs into investable cash.\u003C/p\u003E\n\n\u003Cp\u003EAcorns has pioneered micro investing, enabling a new class of investors. \u003C/p\u003E",
 "image":
  {"available_sizes":
    [[[150,
       32],
      "http://api-images.crunchbase.com/assets/images/resized/0026/7302/267302v3-max-150x150.png"],
     [[250,
       54],
      "http://api-images.crunchbase.com/assets/images/resized/0026/7302/267302v3-max-250x250.png"],
     [[450,
       97],
      "http://api-images.crunchbase.com/assets/images/resized/0026/7302/267302v3-max-450x450.png"]],
   "attribution": null},
 "products":
  [],
 "relationships":
  [{"is_past": false,
    "title": "Co-Founder \u0026 CEO",
    "person":
     {"first_name": "Walter",
      "last_name": "Cruttenden",
      "permalink": "walter-cruttenden"}},
   {"is_past": false,
    "title": "Chief Creative Officer",
    "person":
     {"first_name": "Colton",
      "last_name": "Dillion",
      "permalink": "colton-dillion"}},
   {"is_past": false,
    "title": "Co-Founder \u0026 COO",
    "person":
     {"first_name": "Jeff",
      "last_name": "Cruttenden",
      "permalink": "jeff-cruttenden"}},
   {"is_past": false,
    "title": "CFO",
    "person":
     {"first_name": "Mark",
      "last_name": "Dru",
      "permalink": "mark-dru"}},
   {"is_past": false,
    "title": "Advisor",
    "person":
     {"first_name": "Harry",
      "last_name": "Markowitz",
      "permalink": "dr-harry-markowitz"}},
   {"is_past": false,
    "title": "Chief Data Architect",
    "person":
     {"first_name": "Justin",
      "last_name": "Mu",
      "permalink": "justin-mu"}}],
 "competitions":
  [],
 "providerships":
  [],
 "total_money_raised": "$8.96M",
 "funding_rounds":
  [{"id": 60320,
    "round_code": "seed",
    "source_url": "",
    "source_description": "",
    "raised_amount": 300000.0,
    "raised_currency_code": "USD",
    "funded_year": 2012,
    "funded_month": 6,
    "funded_day": null,
    "investments":
     [{"company":
        {"name": "Cruttenden Partners",
         "permalink": "cruttenden-partners"},
       "financial_org": null,
       "person": null}]},
   {"id": 60322,
    "round_code": "a",
    "source_url": "",
    "source_description": "",
    "raised_amount": 2500000.0,
    "raised_currency_code": "USD",
    "funded_year": 2013,
    "funded_month": 10,
    "funded_day": null,
    "investments":
     [{"company": null,
       "financial_org":
        {"name": "Steelpoint Capital Partners",
         "permalink": "steelpoint-capital-partners"},
       "person": null},
      {"company": null,
       "financial_org":
        {"name": "Groundswell Investments",
         "permalink": "groundswell-investments"},
       "person": null},
      {"company":
        {"name": "Cruttenden Partners",
         "permalink": "cruttenden-partners"},
       "financial_org": null,
       "person": null}]},
   {"id": 69109,
    "round_code": "b",
    "source_url": "http://www.sec.gov/Archives/edgar/data/1577315/000157731514000002/xslFormDX01/primary_doc.xml",
    "source_description": "Acorns Closes $5.5M Series B Funding",
    "raised_amount": 6160000.0,
    "raised_currency_code": "USD",
    "funded_year": 2014,
    "funded_month": 3,
    "funded_day": 14,
    "investments":
     [{"company":
        {"name": "Jacobs Asset Management",
         "permalink": "jacobs-asset-management"},
       "financial_org": null,
       "person": null}]}],
 "investments":
  [],
 "acquisition": null,
 "acquisitions":
  [],
 "offices":
  [{"description": "",
    "address1": "4600 Campus Drive",
    "address2": "Suite 107",
    "zip_code": "92660",
    "city": "Newport Beach",
    "state_code": "CA",
    "country_code": "USA",
    "latitude": 33.6709397,
    "longitude": -117.8657349}],
 "milestones":
  [{"id": 45203,
    "description": "Acorns was founded and incorporated by Walter and Jeff Cruttenden",
    "stoned_year": 2012,
    "stoned_month": 2,
    "stoned_day": 29,
    "source_url": "",
    "source_text": null,
    "source_description": "",
    "stoneable_type": "Company",
    "stoned_value": null,
    "stoned_value_type": null,
    "stoned_acquirer": null,
    "stoneable":
     {"name": "Acorns",
      "permalink": "acorns-grow"}}],
 "ipo": null,
 "video_embeds":
  [{"embed_code": "\u003Ciframe width=\"420\" height=\"315\" src=\"//www.youtube.com/embed/eJfsIqZjTIE\" frameborder=\"0\" allowfullscreen\u003E\u003C/iframe\u003E)",
    "description": "\u003Cp\u003ETeaser Video\u003C/p\u003E"}],
 "screenshots":
  [{"available_sizes":
     [[[150,
        73],
       "http://api-images.crunchbase.com/assets/images/resized/0038/9972/389972v2-max-150x150.png"],
      [[250,
        123],
       "http://api-images.crunchbase.com/assets/images/resized/0038/9972/389972v2-max-250x250.png"],
      [[450,
        221],
       "http://api-images.crunchbase.com/assets/images/resized/0038/9972/389972v2-max-450x450.png"]],
    "attribution": null},
   {"available_sizes":
     [[[150,
        84],
       "http://api-images.crunchbase.com/assets/images/resized/0043/2293/432293v2-max-150x150.jpg"],
      [[250,
        140],
       "http://api-images.crunchbase.com/assets/images/resized/0043/2293/432293v2-max-250x250.jpg"],
      [[450,
        253],
       "http://api-images.crunchbase.com/assets/images/resized/0043/2293/432293v2-max-450x450.jpg"]],
    "attribution": null}],
 "external_links":
  [],
 "partners":
  []}
