{"name": "ACS Air Conditioning",
 "permalink": "acs-air-conditioning",
 "crunchbase_url": "http://www.crunchbase.com/company/acs-air-conditioning",
 "homepage_url": "http://www.acs-advancedcooling.com",
 "blog_url": "",
 "blog_feed_url": "",
 "twitter_username": null,
 "category_code": "other",
 "number_of_employees": null,
 "founded_year": null,
 "founded_month": null,
 "founded_day": null,
 "deadpooled_year": null,
 "deadpooled_month": null,
 "deadpooled_day": null,
 "deadpooled_url": null,
 "tag_list": "air-conditioning, air-conditioning-services, air-conitioning-repair",
 "alias_list": null,
 "email_address": "",
 "phone_number": "",
 "description": "Air Conditioning Clearwater",
 "created_at": "Sat Jun 01 14:25:06 UTC 2013",
 "updated_at": "Mon Jun 03 14:21:43 UTC 2013",
 "overview": "\u003Cp\u003EACS Air Conditioning has gained the popularity as the leading company in the Clearwater area for Air Conditioning Services such as Installations and Repairs.  You are our top priority ! Whether you need repair or AC services, or requires new air conditioning units, we have the right technician to take care of your needs promptly, effectively and at a reasonable rates. We take pleasure in a job well done - always nice, professional and very experienced. We have designed our standing on excellent and client full satisfaction. \u003C/p\u003E",
 "image": null,
 "products":
  [],
 "relationships":
  [],
 "competitions":
  [],
 "providerships":
  [],
 "total_money_raised": "$0",
 "funding_rounds":
  [],
 "investments":
  [],
 "acquisition": null,
 "acquisitions":
  [],
 "offices":
  [],
 "milestones":
  [],
 "ipo": null,
 "video_embeds":
  [],
 "screenshots":
  [],
 "external_links":
  [],
 "partners":
  []}
