{"name": "Actel (Microsemi)",
 "permalink": "actel-microsemi",
 "crunchbase_url": "http://www.crunchbase.com/company/actel-microsemi",
 "homepage_url": null,
 "blog_url": null,
 "blog_feed_url": null,
 "twitter_username": null,
 "category_code": null,
 "number_of_employees": null,
 "founded_year": null,
 "founded_month": null,
 "founded_day": null,
 "deadpooled_year": null,
 "deadpooled_month": null,
 "deadpooled_day": null,
 "deadpooled_url": null,
 "tag_list": null,
 "alias_list": null,
 "email_address": null,
 "phone_number": null,
 "description": null,
 "created_at": "Thu May 23 12:25:00 UTC 2013",
 "updated_at": "Thu May 23 12:25:00 UTC 2013",
 "overview": null,
 "image": null,
 "products":
  [],
 "relationships":
  [{"is_past": true,
    "title": "SVP, Sales \u0026 Marketing",
    "person":
     {"first_name": "Dennis",
      "last_name": "Kish",
      "permalink": "dennis-kish"}},
   {"is_past": true,
    "title": "Lead Multiple Marketing Functions",
    "person":
     {"first_name": "Shafi",
      "last_name": "Syed",
      "permalink": "shafi-syed"}},
   {"is_past": true,
    "title": "Management Position",
    "person":
     {"first_name": "Gajus",
      "last_name": "Worthington",
      "permalink": "gajus-worthington"}},
   {"is_past": true,
    "title": "Marketing Director",
    "person":
     {"first_name": "Yousef",
      "last_name": "Khalilollahi",
      "permalink": "yousef-khalilollahi"}},
   {"is_past": true,
    "title": "Board of Directors",
    "person":
     {"first_name": "Bandel",
      "last_name": "L. Carano",
      "permalink": "bandel-l-carano"}}],
 "competitions":
  [],
 "providerships":
  [],
 "total_money_raised": "$0",
 "funding_rounds":
  [],
 "investments":
  [],
 "acquisition": null,
 "acquisitions":
  [],
 "offices":
  [],
 "milestones":
  [],
 "ipo": null,
 "video_embeds":
  [],
 "screenshots":
  [],
 "external_links":
  [],
 "partners":
  []}
