{"name": "Acterna",
 "permalink": "acterna",
 "crunchbase_url": "http://www.crunchbase.com/company/acterna",
 "homepage_url": null,
 "blog_url": null,
 "blog_feed_url": null,
 "twitter_username": null,
 "category_code": null,
 "number_of_employees": null,
 "founded_year": null,
 "founded_month": null,
 "founded_day": null,
 "deadpooled_year": null,
 "deadpooled_month": null,
 "deadpooled_day": null,
 "deadpooled_url": null,
 "tag_list": null,
 "alias_list": null,
 "email_address": null,
 "phone_number": null,
 "description": null,
 "created_at": "Mon May 27 12:26:47 UTC 2013",
 "updated_at": "Mon May 27 12:26:47 UTC 2013",
 "overview": null,
 "image": null,
 "products":
  [],
 "relationships":
  [{"is_past": false,
    "title": "CIO",
    "person":
     {"first_name": "James",
      "last_name": "Donley",
      "permalink": "james-donley"}},
   {"is_past": true,
    "title": "Corporate Vice President",
    "person":
     {"first_name": "Dennis",
      "last_name": "Ferguson",
      "permalink": "dennis-ferguson"}},
   {"is_past": true,
    "title": "Engineering Manager",
    "person":
     {"first_name": "Chris",
      "last_name": "Gianattasio",
      "permalink": "chris-gianattasio"}},
   {"is_past": true,
    "title": "General Manager",
    "person":
     {"first_name": "John",
      "last_name": "Goehrke",
      "permalink": "john-goehrke"}},
   {"is_past": true,
    "title": "Director, Global Operations",
    "person":
     {"first_name": "Steve",
      "last_name": "Wrenn",
      "permalink": "steve-wrenn"}},
   {"is_past": true,
    "title": "EVP, Global Sales",
    "person":
     {"first_name": "John",
      "last_name": "D\u00e2\u20ac\u2122Anna",
      "permalink": "john-danna"}}],
 "competitions":
  [],
 "providerships":
  [],
 "total_money_raised": "$0",
 "funding_rounds":
  [],
 "investments":
  [],
 "acquisition": null,
 "acquisitions":
  [],
 "offices":
  [],
 "milestones":
  [],
 "ipo": null,
 "video_embeds":
  [],
 "screenshots":
  [],
 "external_links":
  [],
 "partners":
  []}
