{"name": "Actions",
 "permalink": "actions",
 "crunchbase_url": "http://www.crunchbase.com/company/actions",
 "homepage_url": "http://getactionsapp.com",
 "blog_url": "http://getactionsapp.com/blog",
 "blog_feed_url": "",
 "twitter_username": "usefoolapps",
 "category_code": null,
 "number_of_employees": null,
 "founded_year": null,
 "founded_month": null,
 "founded_day": null,
 "deadpooled_year": null,
 "deadpooled_month": null,
 "deadpooled_day": null,
 "deadpooled_url": null,
 "tag_list": null,
 "alias_list": "",
 "email_address": "silvia@usefool.it",
 "phone_number": "",
 "description": "",
 "created_at": "Thu May 16 05:19:05 UTC 2013",
 "updated_at": "Thu Apr 10 09:38:16 UTC 2014",
 "overview": "\u003Cp\u003EActions for iPad is a unique remote controller for your computer apps (Mac or PC), highly customizable to better fit your workflow.\nInstantaneous feedback, automatic set switching, multitouch gestures, thousands of presets for many applications and much more will allow you to take full control of your favorites apps. Give up frustrating menus and intricate shortcuts and start enjoy working with your computer (even more).\u003C/p\u003E",
 "image":
  {"available_sizes":
    [[[150,
       54],
      "http://api-images.crunchbase.com/assets/images/resized/0045/3139/453139v1-max-150x150.png"],
     [[250,
       90],
      "http://api-images.crunchbase.com/assets/images/resized/0045/3139/453139v1-max-250x250.png"],
     [[326,
       118],
      "http://api-images.crunchbase.com/assets/images/resized/0045/3139/453139v1-max-450x450.png"]],
   "attribution": null},
 "products":
  [],
 "relationships":
  [{"is_past": true,
    "title": "Board Member",
    "person":
     {"first_name": "Paul",
      "last_name": "Hsiao",
      "permalink": "paul-hsiao"}}],
 "competitions":
  [],
 "providerships":
  [],
 "total_money_raised": "$0",
 "funding_rounds":
  [{"id": 71956,
    "round_code": "unattributed",
    "source_url": "",
    "source_description": "",
    "raised_amount": null,
    "raised_currency_code": "USD",
    "funded_year": 2013,
    "funded_month": 12,
    "funded_day": null,
    "investments":
     [{"company": null,
       "financial_org":
        {"name": "Club Italia Investimenti",
         "permalink": "club-italia-investimenti"},
       "person": null}]}],
 "investments":
  [],
 "acquisition": null,
 "acquisitions":
  [],
 "offices":
  [{"description": "",
    "address1": "",
    "address2": "",
    "zip_code": "",
    "city": "Turin",
    "state_code": null,
    "country_code": "ITA",
    "latitude": null,
    "longitude": null}],
 "milestones":
  [],
 "ipo": null,
 "video_embeds":
  [],
 "screenshots":
  [{"available_sizes":
     [[[150,
        74],
       "http://api-images.crunchbase.com/assets/images/resized/0045/3138/453138v1-max-150x150.png"],
      [[250,
        124],
       "http://api-images.crunchbase.com/assets/images/resized/0045/3138/453138v1-max-250x250.png"],
      [[450,
        224],
       "http://api-images.crunchbase.com/assets/images/resized/0045/3138/453138v1-max-450x450.png"]],
    "attribution": null}],
 "external_links":
  [{"external_url": "https://www.facebook.com/actionsapp",
    "title": "Facebook"}],
 "partners":
  []}
