{"name": "ActivePBX",
 "permalink": "activepbx",
 "crunchbase_url": "http://www.crunchbase.com/company/activepbx",
 "homepage_url": "http://www.activepbx.com",
 "blog_url": "http://www.activepbx.com/blog/",
 "blog_feed_url": "",
 "twitter_username": "activepbx",
 "category_code": "public_relations",
 "number_of_employees": null,
 "founded_year": 2003,
 "founded_month": null,
 "founded_day": null,
 "deadpooled_year": null,
 "deadpooled_month": null,
 "deadpooled_day": null,
 "deadpooled_url": null,
 "tag_list": "voip-phone-systems, voip-pbx, hosted-pbx, cloud-pbx, business-phone-system, office-phone-system, voip-phone-system, small-business-phone-system, cloud-phone-system, hosted-phone-system",
 "alias_list": null,
 "email_address": "admanager@activeserve.com",
 "phone_number": "(786) 718-1820",
 "description": "Phone Systems \u003E Evolved",
 "created_at": "Mon Jun 03 06:41:50 UTC 2013",
 "updated_at": "Fri Nov 22 06:15:45 UTC 2013",
 "overview": "\u003Cp\u003EActivePBX\u00ae is a cloud-based business phone system that saves you money while increasing productivity and mobility. It works with your existing broadband Internet connection which eliminates the need for costly telecom hardware and traditional phone services. \u003C/p\u003E",
 "image":
  {"available_sizes":
    [[[150,
       27],
      "http://api-images.crunchbase.com/assets/images/resized/0036/3210/363210v1-max-150x150.png"],
     [[200,
       37],
      "http://api-images.crunchbase.com/assets/images/resized/0036/3210/363210v1-max-250x250.png"],
     [[200,
       37],
      "http://api-images.crunchbase.com/assets/images/resized/0036/3210/363210v1-max-450x450.png"]],
   "attribution": null},
 "products":
  [],
 "relationships":
  [{"is_past": false,
    "title": "CTO",
    "person":
     {"first_name": "Jose",
      "last_name": "Gonzalez",
      "permalink": "jose-gonzalez-2"}},
   {"is_past": false,
    "title": "Owner",
    "person":
     {"first_name": "Alex",
      "last_name": "Gonzalez",
      "permalink": "alex-gonzalez-2"}},
   {"is_past": false,
    "title": "Director of Business Development",
    "person":
     {"first_name": "Gianni",
      "last_name": "D'Alerta",
      "permalink": "gianni-dalerta"}}],
 "competitions":
  [],
 "providerships":
  [],
 "total_money_raised": "$0",
 "funding_rounds":
  [],
 "investments":
  [],
 "acquisition": null,
 "acquisitions":
  [],
 "offices":
  [{"description": "ActivePBX",
    "address1": "1444 Biscayne Blvd.",
    "address2": "",
    "zip_code": "33132",
    "city": "Miami",
    "state_code": "FL",
    "country_code": "USA",
    "latitude": null,
    "longitude": null}],
 "milestones":
  [],
 "ipo": null,
 "video_embeds":
  [],
 "screenshots":
  [{"available_sizes":
     [[[150,
        88],
       "http://api-images.crunchbase.com/assets/images/resized/0027/0974/270974v2-max-150x150.jpg"],
      [[250,
        146],
       "http://api-images.crunchbase.com/assets/images/resized/0027/0974/270974v2-max-250x250.jpg"],
      [[450,
        264],
       "http://api-images.crunchbase.com/assets/images/resized/0027/0974/270974v2-max-450x450.jpg"]],
    "attribution": null},
   {"available_sizes":
     [[[150,
        81],
       "http://api-images.crunchbase.com/assets/images/resized/0027/0975/270975v2-max-150x150.jpg"],
      [[250,
        135],
       "http://api-images.crunchbase.com/assets/images/resized/0027/0975/270975v2-max-250x250.jpg"],
      [[450,
        243],
       "http://api-images.crunchbase.com/assets/images/resized/0027/0975/270975v2-max-450x450.jpg"]],
    "attribution": null},
   {"available_sizes":
     [[[150,
        90],
       "http://api-images.crunchbase.com/assets/images/resized/0027/0976/270976v2-max-150x150.jpg"],
      [[250,
        150],
       "http://api-images.crunchbase.com/assets/images/resized/0027/0976/270976v2-max-250x250.jpg"],
      [[450,
        270],
       "http://api-images.crunchbase.com/assets/images/resized/0027/0976/270976v2-max-450x450.jpg"]],
    "attribution": null},
   {"available_sizes":
     [[[150,
        114],
       "http://api-images.crunchbase.com/assets/images/resized/0027/0977/270977v2-max-150x150.jpg"],
      [[250,
        191],
       "http://api-images.crunchbase.com/assets/images/resized/0027/0977/270977v2-max-250x250.jpg"],
      [[450,
        343],
       "http://api-images.crunchbase.com/assets/images/resized/0027/0977/270977v2-max-450x450.jpg"]],
    "attribution": null},
   {"available_sizes":
     [[[150,
        108],
       "http://api-images.crunchbase.com/assets/images/resized/0027/0978/270978v2-max-150x150.jpg"],
      [[250,
        180],
       "http://api-images.crunchbase.com/assets/images/resized/0027/0978/270978v2-max-250x250.jpg"],
      [[450,
        324],
       "http://api-images.crunchbase.com/assets/images/resized/0027/0978/270978v2-max-450x450.jpg"]],
    "attribution": null},
   {"available_sizes":
     [[[150,
        101],
       "http://api-images.crunchbase.com/assets/images/resized/0027/0979/270979v2-max-150x150.jpg"],
      [[250,
        169],
       "http://api-images.crunchbase.com/assets/images/resized/0027/0979/270979v2-max-250x250.jpg"],
      [[450,
        304],
       "http://api-images.crunchbase.com/assets/images/resized/0027/0979/270979v2-max-450x450.jpg"]],
    "attribution": null},
   {"available_sizes":
     [[[150,
        117],
       "http://api-images.crunchbase.com/assets/images/resized/0027/0980/270980v2-max-150x150.jpg"],
      [[250,
        195],
       "http://api-images.crunchbase.com/assets/images/resized/0027/0980/270980v2-max-250x250.jpg"],
      [[450,
        351],
       "http://api-images.crunchbase.com/assets/images/resized/0027/0980/270980v2-max-450x450.jpg"]],
    "attribution": null},
   {"available_sizes":
     [[[150,
        101],
       "http://api-images.crunchbase.com/assets/images/resized/0027/0981/270981v2-max-150x150.jpg"],
      [[250,
        169],
       "http://api-images.crunchbase.com/assets/images/resized/0027/0981/270981v2-max-250x250.jpg"],
      [[450,
        304],
       "http://api-images.crunchbase.com/assets/images/resized/0027/0981/270981v2-max-450x450.jpg"]],
    "attribution": null},
   {"available_sizes":
     [[[150,
        101],
       "http://api-images.crunchbase.com/assets/images/resized/0027/0982/270982v2-max-150x150.jpg"],
      [[250,
        169],
       "http://api-images.crunchbase.com/assets/images/resized/0027/0982/270982v2-max-250x250.jpg"],
      [[450,
        304],
       "http://api-images.crunchbase.com/assets/images/resized/0027/0982/270982v2-max-450x450.jpg"]],
    "attribution": null},
   {"available_sizes":
     [[[150,
        123],
       "http://api-images.crunchbase.com/assets/images/resized/0027/0983/270983v2-max-150x150.jpg"],
      [[250,
        205],
       "http://api-images.crunchbase.com/assets/images/resized/0027/0983/270983v2-max-250x250.jpg"],
      [[450,
        369],
       "http://api-images.crunchbase.com/assets/images/resized/0027/0983/270983v2-max-450x450.jpg"]],
    "attribution": null}],
 "external_links":
  [{"external_url": "https://plus.google.com/116440066628036848637/",
    "title": "Google+"},
   {"external_url": "https://www.facebook.com/ActivePBX",
    "title": "Facebook"},
   {"external_url": "http://www.linkedin.com/company/activepbx/",
    "title": "LinkedIn"}],
 "partners":
  [{"partner_name": "angel_list",
    "homepage_url": "http://www.activepbx.com",
    "link_1_url": "https://angel.co/activepbx",
    "link_2_url": null,
    "link_3_url": null,
    "link_1_name": "AngelList Page",
    "link_2_name": null,
    "link_3_name": null}]}
