{"name": "Activation Life",
 "permalink": "activation-life",
 "crunchbase_url": "http://www.crunchbase.com/company/activation-life",
 "homepage_url": "http://activationlife.com",
 "blog_url": "",
 "blog_feed_url": "",
 "twitter_username": "ActivationLife",
 "category_code": "biotech",
 "number_of_employees": null,
 "founded_year": 2009,
 "founded_month": null,
 "founded_day": null,
 "deadpooled_year": null,
 "deadpooled_month": null,
 "deadpooled_day": null,
 "deadpooled_url": null,
 "tag_list": "",
 "alias_list": "",
 "email_address": "info@ActivationLife.com",
 "phone_number": "855-866-3277",
 "description": "Develops a therapy with Frequencies",
 "created_at": "Mon May 27 12:51:07 UTC 2013",
 "updated_at": "Sat Dec 07 06:16:33 UTC 2013",
 "overview": "\u003Cp\u003ESonic Therapy is the scientifically developed practice of using very specific musical frequencies and their inherent vibrations as a powerful and natural way to activate specific areas of the brain. These frequencies when applied through vibration techniques advance the firing of specific neurons from the brain throughout the body. This creates stimulation of descending motor pathways resulting in increased coordination, decrease sway, better muscle stability, control and strength.\u003C/p\u003E",
 "image":
  {"available_sizes":
    [[[150,
       30],
      "http://api-images.crunchbase.com/assets/images/resized/0026/7546/267546v1-max-150x150.jpg"],
     [[250,
       50],
      "http://api-images.crunchbase.com/assets/images/resized/0026/7546/267546v1-max-250x250.jpg"],
     [[365,
       73],
      "http://api-images.crunchbase.com/assets/images/resized/0026/7546/267546v1-max-450x450.jpg"]],
   "attribution": null},
 "products":
  [],
 "relationships":
  [{"is_past": false,
    "title": "President and CEO",
    "person":
     {"first_name": "Troy",
      "last_name": "Smothers",
      "permalink": "troy-smothers"}}],
 "competitions":
  [],
 "providerships":
  [],
 "total_money_raised": "$40k",
 "funding_rounds":
  [{"id": 38352,
    "round_code": "partial",
    "source_url": "http://www.sec.gov/Archives/edgar/data/1478167/000147816713000002/xslFormDX01/primary_doc.xml",
    "source_description": "SEC",
    "raised_amount": 40000.0,
    "raised_currency_code": "USD",
    "funded_year": 2013,
    "funded_month": 5,
    "funded_day": 15,
    "investments":
     []}],
 "investments":
  [],
 "acquisition": null,
 "acquisitions":
  [],
 "offices":
  [{"description": "",
    "address1": "7825 Washington Avenue",
    "address2": "Suie 500",
    "zip_code": "55439",
    "city": "Bloomington",
    "state_code": "MN",
    "country_code": "USA",
    "latitude": null,
    "longitude": null}],
 "milestones":
  [],
 "ipo": null,
 "video_embeds":
  [],
 "screenshots":
  [{"available_sizes":
     [[[150,
        79],
       "http://api-images.crunchbase.com/assets/images/resized/0026/7545/267545v1-max-150x150.png"],
      [[250,
        132],
       "http://api-images.crunchbase.com/assets/images/resized/0026/7545/267545v1-max-250x250.png"],
      [[450,
        238],
       "http://api-images.crunchbase.com/assets/images/resized/0026/7545/267545v1-max-450x450.png"]],
    "attribution": null}],
 "external_links":
  [],
 "partners":
  []}
