{"name": "Active Life Scientific",
 "permalink": "activelifescientific",
 "crunchbase_url": "http://www.crunchbase.com/company/activelifescientific",
 "homepage_url": "http://activelifescientific.com",
 "blog_url": "",
 "blog_feed_url": "",
 "twitter_username": "ActiveLifeSci",
 "category_code": "biotech",
 "number_of_employees": null,
 "founded_year": 2007,
 "founded_month": null,
 "founded_day": null,
 "deadpooled_year": null,
 "deadpooled_month": null,
 "deadpooled_day": null,
 "deadpooled_url": null,
 "tag_list": "",
 "alias_list": "",
 "email_address": "customer.care@activelifescientific.com",
 "phone_number": "1.888.906.7770",
 "description": "",
 "created_at": "Fri May 17 03:26:58 UTC 2013",
 "updated_at": "Fri Jan 03 05:12:23 UTC 2014",
 "overview": "\u003Cp\u003EVision\u003C/p\u003E\n\n\u003Cp\u003E\u00b7 At Active Life we envision a world where our technologies are widely used by life scientists and clinicians for improving health and quality of life.\u003C/p\u003E\n\n\u003Cp\u003E\u00b7 We will develop products that provide actionable data about biological material health and practical means for translating this data from \u0026#8220;bench to bedside\u0026#8221; and \u0026#8220;bedside to bench.\u0026#8221;\u003C/p\u003E\n\n\u003Cp\u003E\u00b7 We will remain committed to delivering products that are accessible, affordable, and easy to use.\u003C/p\u003E\n\n\u003Cp\u003E\u00b7 As a result of combined efforts with customers and collaborators worldwide, our technologies will foster improved prevention, diagnoses and treatments for the better of mankind.\u003C/p\u003E\n\n\u003Cp\u003EMission\u003C/p\u003E\n\n\u003Cp\u003EActive Life\u2019s mission is to become the leading, worldwide provider of life science research and diagnostic tools that quantify tissue quality to enable accelerated drug development, cost-effective health care, and a better quality of life.\nSpecialties\u003C/p\u003E\n\n\u003Cp\u003EBiomechanics, Biomaterials, Fracture Mechanics, Material Properties, Bone Fracture, Osteoporosis, Drug Development, Pre-Clinical Research, Life Science Research, Clinical Research \u003C/p\u003E",
 "image":
  {"available_sizes":
    [[[150,
       26],
      "http://api-images.crunchbase.com/assets/images/resized/0026/3315/263315v1-max-150x150.png"],
     [[250,
       44],
      "http://api-images.crunchbase.com/assets/images/resized/0026/3315/263315v1-max-250x250.png"],
     [[269,
       48],
      "http://api-images.crunchbase.com/assets/images/resized/0026/3315/263315v1-max-450x450.png"]],
   "attribution": null},
 "products":
  [],
 "relationships":
  [],
 "competitions":
  [],
 "providerships":
  [],
 "total_money_raised": "$925k",
 "funding_rounds":
  [{"id": 37937,
    "round_code": "a",
    "source_url": "http://www.pehub.com/202658/active-life-raises-500000-follow-on/?utm_source=dlvr.it\u0026utm_medium=twitter",
    "source_description": "Active Life Scientific Raises $500,000 Follow On",
    "raised_amount": 500000.0,
    "raised_currency_code": "USD",
    "funded_year": 2013,
    "funded_month": 5,
    "funded_day": 16,
    "investments":
     [{"company": null,
       "financial_org":
        {"name": "Tech Coast Angels",
         "permalink": "tech-coast-angels"},
       "person": null}]},
   {"id": 58761,
    "round_code": "debt_round",
    "source_url": "http://www.sec.gov/Archives/edgar/data/1489875/000148987510000001/xslFormDX01/primary_doc.xml",
    "source_description": "SEC",
    "raised_amount": 150000.0,
    "raised_currency_code": "USD",
    "funded_year": 2010,
    "funded_month": 4,
    "funded_day": 20,
    "investments":
     []},
   {"id": 59874,
    "round_code": "partial",
    "source_url": "http://www.sec.gov/Archives/edgar/data/1494666/000149466610000002/xslFormDX01/primary_doc.xml",
    "source_description": "SEC",
    "raised_amount": 275000.0,
    "raised_currency_code": "USD",
    "funded_year": 2010,
    "funded_month": 7,
    "funded_day": 19,
    "investments":
     []}],
 "investments":
  [],
 "acquisition": null,
 "acquisitions":
  [],
 "offices":
  [{"description": "",
    "address1": "460 Ward Drive, Suite E1",
    "address2": "",
    "zip_code": "93111",
    "city": "Santa Barbara",
    "state_code": "CA",
    "country_code": "USA",
    "latitude": 34.4318414,
    "longitude": -119.8189008}],
 "milestones":
  [],
 "ipo": null,
 "video_embeds":
  [],
 "screenshots":
  [{"available_sizes":
     [[[150,
        103],
       "http://api-images.crunchbase.com/assets/images/resized/0026/3314/263314v1-max-150x150.png"],
      [[250,
        173],
       "http://api-images.crunchbase.com/assets/images/resized/0026/3314/263314v1-max-250x250.png"],
      [[450,
        311],
       "http://api-images.crunchbase.com/assets/images/resized/0026/3314/263314v1-max-450x450.png"]],
    "attribution": null}],
 "external_links":
  [],
 "partners":
  []}
