{"name": "Ad Council",
 "permalink": "ad-council",
 "crunchbase_url": "http://www.crunchbase.com/company/ad-council",
 "homepage_url": null,
 "blog_url": null,
 "blog_feed_url": null,
 "twitter_username": null,
 "category_code": null,
 "number_of_employees": null,
 "founded_year": null,
 "founded_month": null,
 "founded_day": null,
 "deadpooled_year": null,
 "deadpooled_month": null,
 "deadpooled_day": null,
 "deadpooled_url": null,
 "tag_list": null,
 "alias_list": null,
 "email_address": null,
 "phone_number": null,
 "description": null,
 "created_at": "Sat Jun 01 06:10:46 UTC 2013",
 "updated_at": "Sat Jun 01 06:10:46 UTC 2013",
 "overview": null,
 "image": null,
 "products":
  [],
 "relationships":
  [{"is_past": false,
    "title": "Member, Board of Directors",
    "person":
     {"first_name": "Clara",
      "last_name": "Shih",
      "permalink": "clara-shih"}},
   {"is_past": false,
    "title": "Board of Directors",
    "person":
     {"first_name": "Tim",
      "last_name": "Armstrong",
      "permalink": "tim-armstrong"}},
   {"is_past": false,
    "title": "Board Member",
    "person":
     {"first_name": "Susan",
      "last_name": "Whiting",
      "permalink": "susan-whiting"}},
   {"is_past": true,
    "title": "Board Member",
    "person":
     {"first_name": "Marty",
      "last_name": "Homlish",
      "permalink": "marty-homlish"}},
   {"is_past": true,
    "title": "Board of Directors",
    "person":
     {"first_name": "Carolyn",
      "last_name": "Bivens",
      "permalink": "carolyn-bivens"}}],
 "competitions":
  [],
 "providerships":
  [],
 "total_money_raised": "$0",
 "funding_rounds":
  [],
 "investments":
  [],
 "acquisition": null,
 "acquisitions":
  [],
 "offices":
  [],
 "milestones":
  [],
 "ipo": null,
 "video_embeds":
  [],
 "screenshots":
  [],
 "external_links":
  [],
 "partners":
  []}
