{"name": "Adacom",
 "permalink": "adacom",
 "crunchbase_url": "http://www.crunchbase.com/company/adacom",
 "homepage_url": null,
 "blog_url": null,
 "blog_feed_url": null,
 "twitter_username": null,
 "category_code": null,
 "number_of_employees": null,
 "founded_year": null,
 "founded_month": null,
 "founded_day": null,
 "deadpooled_year": null,
 "deadpooled_month": null,
 "deadpooled_day": null,
 "deadpooled_url": null,
 "tag_list": null,
 "alias_list": null,
 "email_address": null,
 "phone_number": null,
 "description": null,
 "created_at": "Mon May 27 03:50:10 UTC 2013",
 "updated_at": "Mon May 27 03:50:10 UTC 2013",
 "overview": null,
 "image": null,
 "products":
  [],
 "relationships":
  [{"is_past": true,
    "title": "Founder and VP",
    "person":
     {"first_name": "Eyal",
      "last_name": "Choresh",
      "permalink": "eyal-choresh"}},
   {"is_past": true,
    "title": "Director Engineering",
    "person":
     {"first_name": "Avi",
      "last_name": "Moyal",
      "permalink": "avi-moyal"}}],
 "competitions":
  [],
 "providerships":
  [],
 "total_money_raised": "$0",
 "funding_rounds":
  [],
 "investments":
  [],
 "acquisition": null,
 "acquisitions":
  [],
 "offices":
  [],
 "milestones":
  [],
 "ipo": null,
 "video_embeds":
  [],
 "screenshots":
  [],
 "external_links":
  [],
 "partners":
  []}
