{"name": "Additer",
 "permalink": "additer",
 "crunchbase_url": "http://www.crunchbase.com/company/additer",
 "homepage_url": "http://additer.com",
 "blog_url": "http://additer.tumblr.com/",
 "blog_feed_url": "",
 "twitter_username": "additer",
 "category_code": "enterprise",
 "number_of_employees": 4,
 "founded_year": 2013,
 "founded_month": 4,
 "founded_day": null,
 "deadpooled_year": null,
 "deadpooled_month": null,
 "deadpooled_day": null,
 "deadpooled_url": null,
 "tag_list": "3d-printing, 3d-design, 3d-graphics, cnc, laser-cutting, 3d-scanning, laser-scanning, marketplace, project-bidding, fabbing",
 "alias_list": null,
 "email_address": "info@additer.com",
 "phone_number": "",
 "description": "Marketplace for Digital Manufacturing",
 "created_at": "Wed Jun 05 23:54:31 UTC 2013",
 "updated_at": "Thu Jun 06 17:05:29 UTC 2013",
 "overview": "\u003Cp\u003EAdditer is an online marketplace for digital manufacturing services (e.g. 3D printing, 3D design, CNC, 3D scanning, laser cutting) that connects makers with buyers. At its core, the platform helps to decrease transaction costs associated with matching demand and supply on the market for digital manufacturing projects. \u003C/p\u003E\n\n\u003Cp\u003EAdditer enables consumers to post ideas for designs and objects, independent of their skills and knowledge. People just need to describe their idea and maybe attach a first sketch of the object. Makers from around the globe can make proposals and the consumer can select the one proposal that best meets his needs.\u003C/p\u003E\n\n\u003Cp\u003EAdditer invites anyone who has digital manufacturing capacity (i.e. 3D printing, laser cutting, CNC, 3D scanning) and 3D design skills (i.e. CAD) to list their service and make bid proposals to projects. Additer wants to create a global community of makers, ranging from corporations and individual professionals to amateurs and hobbyists.\u003C/p\u003E\n\n\u003Cp\u003EAdditer is a family owned start-up from Melbourne, Australia.\u003C/p\u003E",
 "image":
  {"available_sizes":
    [[[150,
       48],
      "http://api-images.crunchbase.com/assets/images/resized/0027/1824/271824v2-max-150x150.png"],
     [[250,
       80],
      "http://api-images.crunchbase.com/assets/images/resized/0027/1824/271824v2-max-250x250.png"],
     [[450,
       145],
      "http://api-images.crunchbase.com/assets/images/resized/0027/1824/271824v2-max-450x450.png"]],
   "attribution": null},
 "products":
  [],
 "relationships":
  [],
 "competitions":
  [],
 "providerships":
  [],
 "total_money_raised": "$0",
 "funding_rounds":
  [],
 "investments":
  [],
 "acquisition": null,
 "acquisitions":
  [],
 "offices":
  [{"description": "Headquarters",
    "address1": "5/20 Princes Street",
    "address2": "St Kilda",
    "zip_code": "3182",
    "city": "Melbourne",
    "state_code": null,
    "country_code": "AUS",
    "latitude": null,
    "longitude": null}],
 "milestones":
  [],
 "ipo": null,
 "video_embeds":
  [],
 "screenshots":
  [],
 "external_links":
  [{"external_url": "http://www.3ders.org/articles/20130425-additer-a-marketplace-for-digital-manufacturing-services.html",
    "title": "Additer: a new marketplace for digital manufacturing services"},
   {"external_url": "http://3dprintingindustry.com/2013/04/30/additer-a-digital-manufacturing-marketplace/",
    "title": "Additer \u2014 A Digital Manufacturing Marketplace"},
   {"external_url": "http://www.3d-printers.com.au/2013/04/24/additer-a-new-platform-for-digitial-manufacturing/",
    "title": "Additer.com \u2013 A new market platform for digitial manufacturing"}],
 "partners":
  []}
