{"name": "AdECN / Microsoft",
 "permalink": "adecn-microsoft",
 "crunchbase_url": "http://www.crunchbase.com/company/adecn-microsoft",
 "homepage_url": null,
 "blog_url": null,
 "blog_feed_url": null,
 "twitter_username": null,
 "category_code": null,
 "number_of_employees": null,
 "founded_year": null,
 "founded_month": null,
 "founded_day": null,
 "deadpooled_year": null,
 "deadpooled_month": null,
 "deadpooled_day": null,
 "deadpooled_url": null,
 "tag_list": null,
 "alias_list": null,
 "email_address": null,
 "phone_number": null,
 "description": null,
 "created_at": "Mon May 20 16:04:31 UTC 2013",
 "updated_at": "Mon May 20 16:04:31 UTC 2013",
 "overview": null,
 "image": null,
 "products":
  [],
 "relationships":
  [{"is_past": true,
    "title": "COO/Founder",
    "person":
     {"first_name": "Jeff",
      "last_name": "Green",
      "permalink": "jeff-green-4"}},
   {"is_past": true,
    "title": "CTO / Principle Group Manager",
    "person":
     {"first_name": "John",
      "last_name": "Sobieski",
      "permalink": "john-sobieski"}},
   {"is_past": true,
    "title": "Chief Architect",
    "person":
     {"first_name": "Ian",
      "last_name": "Ferreira",
      "permalink": "ian-ferreira"}}],
 "competitions":
  [],
 "providerships":
  [],
 "total_money_raised": "$0",
 "funding_rounds":
  [],
 "investments":
  [],
 "acquisition": null,
 "acquisitions":
  [],
 "offices":
  [],
 "milestones":
  [],
 "ipo": null,
 "video_embeds":
  [],
 "screenshots":
  [],
 "external_links":
  [],
 "partners":
  []}
