{"name": "Adexin LLC",
 "permalink": "adexin-llc",
 "crunchbase_url": "http://www.crunchbase.com/company/adexin-llc",
 "homepage_url": "http://adexin.com",
 "blog_url": "",
 "blog_feed_url": "",
 "twitter_username": null,
 "category_code": "consulting",
 "number_of_employees": null,
 "founded_year": null,
 "founded_month": null,
 "founded_day": null,
 "deadpooled_year": null,
 "deadpooled_month": null,
 "deadpooled_day": null,
 "deadpooled_url": null,
 "tag_list": "software-development, web-development, mobile-development, qa, testing",
 "alias_list": null,
 "email_address": "info@adexin.com",
 "phone_number": "",
 "description": "Smart Software Solution Provider",
 "created_at": "Mon Jun 03 08:16:47 UTC 2013",
 "updated_at": "Mon Jun 03 15:01:57 UTC 2013",
 "overview": "\u003Cp\u003EAdexin is a leading software development company providing software development services \u0026amp; solutions. We deliver enterprise solutions to leading businesses across all industries. From insight and analysis to design and implementation, we offer services to solve your business challenges: Enterprise Applications, Mobile Applications, Software Testing, Branding, Maintenance. Working together you get fast, scalable, and cost reasonable software solutions for your business leveraging a globally distributed development model using open source technologies to reduce application lifecycle costs and improve overall productivity.\u003C/p\u003E",
 "image":
  {"available_sizes":
    [[[150,
       74],
      "http://api-images.crunchbase.com/assets/images/resized/0027/0502/270502v2-max-150x150.png"],
     [[250,
       124],
      "http://api-images.crunchbase.com/assets/images/resized/0027/0502/270502v2-max-250x250.png"],
     [[300,
       149],
      "http://api-images.crunchbase.com/assets/images/resized/0027/0502/270502v2-max-450x450.png"]],
   "attribution": null},
 "products":
  [],
 "relationships":
  [],
 "competitions":
  [],
 "providerships":
  [],
 "total_money_raised": "$0",
 "funding_rounds":
  [],
 "investments":
  [],
 "acquisition": null,
 "acquisitions":
  [],
 "offices":
  [],
 "milestones":
  [],
 "ipo": null,
 "video_embeds":
  [],
 "screenshots":
  [],
 "external_links":
  [],
 "partners":
  []}
