{"name": "Adjoined Consulting",
 "permalink": "adjoined-consulting",
 "crunchbase_url": "http://www.crunchbase.com/company/adjoined-consulting",
 "homepage_url": null,
 "blog_url": null,
 "blog_feed_url": null,
 "twitter_username": null,
 "category_code": null,
 "number_of_employees": null,
 "founded_year": null,
 "founded_month": null,
 "founded_day": null,
 "deadpooled_year": null,
 "deadpooled_month": null,
 "deadpooled_day": null,
 "deadpooled_url": null,
 "tag_list": null,
 "alias_list": null,
 "email_address": null,
 "phone_number": null,
 "description": null,
 "created_at": "Sat May 18 14:05:12 UTC 2013",
 "updated_at": "Sat May 18 14:05:12 UTC 2013",
 "overview": null,
 "image": null,
 "products":
  [],
 "relationships":
  [{"is_past": true,
    "title": "Founder, Chairman, and CEO",
    "person":
     {"first_name": "Rodney",
      "last_name": "Rogers",
      "permalink": "rodney-rogers"}},
   {"is_past": true,
    "title": "Founder,NY Office",
    "person":
     {"first_name": "Helena",
      "last_name": "May",
      "permalink": "helena-may"}},
   {"is_past": true,
    "title": "Vice President",
    "person":
     {"first_name": "Joe",
      "last_name": "Moye",
      "permalink": "joe-moye"}},
   {"is_past": true,
    "title": "IT Consulting",
    "person":
     {"first_name": "Rodrigo",
      "last_name": "Vaca",
      "permalink": "rodrigo-vaca"}},
   {"is_past": true,
    "title": "Consultant",
    "person":
     {"first_name": "Lenard",
      "last_name": "Marcus",
      "permalink": "lenard-marcus"}}],
 "competitions":
  [],
 "providerships":
  [],
 "total_money_raised": "$0",
 "funding_rounds":
  [],
 "investments":
  [],
 "acquisition": null,
 "acquisitions":
  [],
 "offices":
  [],
 "milestones":
  [],
 "ipo": null,
 "video_embeds":
  [],
 "screenshots":
  [],
 "external_links":
  [],
 "partners":
  []}
