{"name": "AdMedia",
 "permalink": "admedia",
 "crunchbase_url": "http://www.crunchbase.com/company/admedia",
 "homepage_url": null,
 "blog_url": null,
 "blog_feed_url": null,
 "twitter_username": null,
 "category_code": null,
 "number_of_employees": null,
 "founded_year": null,
 "founded_month": null,
 "founded_day": null,
 "deadpooled_year": null,
 "deadpooled_month": null,
 "deadpooled_day": null,
 "deadpooled_url": null,
 "tag_list": null,
 "alias_list": null,
 "email_address": null,
 "phone_number": null,
 "description": null,
 "created_at": "Mon Jun 03 17:45:40 UTC 2013",
 "updated_at": "Mon Jun 03 17:45:40 UTC 2013",
 "overview": null,
 "image": null,
 "products":
  [],
 "relationships":
  [{"is_past": false,
    "title": "Special Advisor, Corporate Development \u0026 Ventures",
    "person":
     {"first_name": "Steven",
      "last_name": "Marder",
      "permalink": "steven-e-marder"}},
   {"is_past": true,
    "title": "Director",
    "person":
     {"first_name": "Jay",
      "last_name": "Kirsch",
      "permalink": "jay-kirsch"}}],
 "competitions":
  [],
 "providerships":
  [],
 "total_money_raised": "$0",
 "funding_rounds":
  [],
 "investments":
  [],
 "acquisition": null,
 "acquisitions":
  [],
 "offices":
  [],
 "milestones":
  [],
 "ipo": null,
 "video_embeds":
  [],
 "screenshots":
  [],
 "external_links":
  [],
 "partners":
  []}
