{"name": "Admission Times",
 "permalink": "admission-times",
 "crunchbase_url": "http://www.crunchbase.com/company/admission-times",
 "homepage_url": "http://admissiontimes.com",
 "blog_url": "",
 "blog_feed_url": "",
 "twitter_username": "AdmissionTimes",
 "category_code": "consulting",
 "number_of_employees": 25,
 "founded_year": 2013,
 "founded_month": 1,
 "founded_day": 2,
 "deadpooled_year": null,
 "deadpooled_month": null,
 "deadpooled_day": null,
 "deadpooled_url": null,
 "tag_list": "",
 "alias_list": null,
 "email_address": "dkgaur25@gmail.com",
 "phone_number": "",
 "description": "Leading Education Portal",
 "created_at": "Mon May 13 11:43:55 UTC 2013",
 "updated_at": "Wed May 15 12:35:42 UTC 2013",
 "overview": "\u003Cp\u003EAdmission Times is a leading source for education news, university information, and educational resources from across the globe to help students apply wisely \u0026amp; unite with university prospective and current students through our integrated social networking website.\u003C/p\u003E\n\n\u003Cp\u003EAdmission Times (AT) is a certified professional counseling hub that provides guidance \u0026amp; personalized attention to each student at every stage of the application process in getting admission into the top universities of UK, USA, Canada, France, New Zealand, India, Singapore and many others.\u003C/p\u003E",
 "image":
  {"available_sizes":
    [[[150,
       24],
      "http://api-images.crunchbase.com/assets/images/resized/0026/1701/261701v2-max-150x150.png"],
     [[250,
       41],
      "http://api-images.crunchbase.com/assets/images/resized/0026/1701/261701v2-max-250x250.png"],
     [[388,
       64],
      "http://api-images.crunchbase.com/assets/images/resized/0026/1701/261701v2-max-450x450.png"]],
   "attribution": null},
 "products":
  [],
 "relationships":
  [],
 "competitions":
  [],
 "providerships":
  [],
 "total_money_raised": "$0",
 "funding_rounds":
  [],
 "investments":
  [],
 "acquisition": null,
 "acquisitions":
  [],
 "offices":
  [],
 "milestones":
  [],
 "ipo": null,
 "video_embeds":
  [],
 "screenshots":
  [],
 "external_links":
  [],
 "partners":
  []}
