{"name": "Adrenaline Hunter",
 "permalink": "adrenaline-hunter",
 "crunchbase_url": "http://www.crunchbase.com/company/adrenaline-hunter",
 "homepage_url": "http://www.adrenaline-hunter.com",
 "blog_url": "",
 "blog_feed_url": "",
 "twitter_username": "huntadrenaline",
 "category_code": "ecommerce",
 "number_of_employees": 2,
 "founded_year": 2013,
 "founded_month": 4,
 "founded_day": null,
 "deadpooled_year": null,
 "deadpooled_month": null,
 "deadpooled_day": null,
 "deadpooled_url": null,
 "tag_list": "travel, commerce, sport, extreme-sport, adventure, adventure-travel",
 "alias_list": null,
 "email_address": "contact@adenaline-hunter.com",
 "phone_number": "",
 "description": "Marketplace for adventure travel",
 "created_at": "Sat May 25 10:24:43 UTC 2013",
 "updated_at": "Wed Oct 16 07:02:02 UTC 2013",
 "overview": "\u003Cp\u003EWe offer an online marketplace that makes it super simple for users to search, compare and book adrenaline sports and unique adventure travel experiences around the world.\u003C/p\u003E",
 "image":
  {"available_sizes":
    [[[150,
       150],
      "http://api-images.crunchbase.com/assets/images/resized/0026/6868/266868v2-max-150x150.jpg"],
     [[200,
       200],
      "http://api-images.crunchbase.com/assets/images/resized/0026/6868/266868v2-max-250x250.jpg"],
     [[200,
       200],
      "http://api-images.crunchbase.com/assets/images/resized/0026/6868/266868v2-max-450x450.jpg"]],
   "attribution": null},
 "products":
  [],
 "relationships":
  [{"is_past": false,
    "title": "Founder",
    "person":
     {"first_name": "Maud",
      "last_name": "Mathe",
      "permalink": "maud-mathe"}},
   {"is_past": false,
    "title": "Founder",
    "person":
     {"first_name": "Lucile",
      "last_name": "Mathe",
      "permalink": "lucile-mathe"}},
   {"is_past": false,
    "title": "Advisor",
    "person":
     {"first_name": "Guillaume",
      "last_name": "Simon",
      "permalink": "guillaume-simon"}}],
 "competitions":
  [],
 "providerships":
  [],
 "total_money_raised": "$0",
 "funding_rounds":
  [],
 "investments":
  [],
 "acquisition": null,
 "acquisitions":
  [],
 "offices":
  [{"description": "Headquarters",
    "address1": "341 All\u00e9e du domaine du Treizain GASSIN",
    "address2": "",
    "zip_code": "83580",
    "city": "",
    "state_code": null,
    "country_code": "FRA",
    "latitude": null,
    "longitude": null}],
 "milestones":
  [],
 "ipo": null,
 "video_embeds":
  [{"embed_code": "\u003Ciframe width=\"420\" height=\"315\" src=\"//www.youtube.com/embed/AMKQZZw1aA4?feature=player_detailpage\" frameborder=\"0\" allowfullscreen\u003E\u003C/iframe\u003E",
    "description": "\u003Cp\u003EAdrenaline Hunter Video\u003C/p\u003E"}],
 "screenshots":
  [{"available_sizes":
     [[[150,
        71],
       "http://api-images.crunchbase.com/assets/images/resized/0027/1632/271632v2-max-150x150.png"],
      [[250,
        119],
       "http://api-images.crunchbase.com/assets/images/resized/0027/1632/271632v2-max-250x250.png"],
      [[450,
        215],
       "http://api-images.crunchbase.com/assets/images/resized/0027/1632/271632v2-max-450x450.png"]],
    "attribution": null}],
 "external_links":
  [],
 "partners":
  [{"partner_name": "angel_list",
    "homepage_url": "http://www.adrenaline-hunter.com",
    "link_1_url": "https://angel.co/adrenaline-hunter",
    "link_2_url": null,
    "link_3_url": null,
    "link_1_name": "AngelList Page",
    "link_2_name": null,
    "link_3_name": null}]}
