{"name": "Advanced Sports Logic",
 "permalink": "advanced-sports-logic",
 "crunchbase_url": "http://www.crunchbase.com/company/advanced-sports-logic",
 "homepage_url": "http://advancedsportslogic.com",
 "blog_url": "",
 "blog_feed_url": "",
 "twitter_username": "AdvSportsLogic",
 "category_code": "games_video",
 "number_of_employees": null,
 "founded_year": 2009,
 "founded_month": null,
 "founded_day": null,
 "deadpooled_year": null,
 "deadpooled_month": null,
 "deadpooled_day": null,
 "deadpooled_url": null,
 "tag_list": "",
 "alias_list": "",
 "email_address": "support@advancedsportslogic.com",
 "phone_number": "",
 "description": "",
 "created_at": "Mon May 27 13:38:13 UTC 2013",
 "updated_at": "Tue Jun 18 10:28:04 UTC 2013",
 "overview": "\u003Cp\u003EAdvanced Sports Logic, Inc. (a privately held company) is the leader in fantasy sports automation, supplying the fantasy sports market with software, intellectual property and services. Our products, including The Machine, Trade Judge and Projection Station, and I/T Services Solutions, make playing fantasy sports easier, more fun and less-time consuming, and bring a competitive edge to our affiliates and partners that deliver content, projections and leagues, while reducing costs.\u003C/p\u003E",
 "image":
  {"available_sizes":
    [[[150,
       58],
      "http://api-images.crunchbase.com/assets/images/resized/0026/7576/267576v1-max-150x150.png"],
     [[230,
       90],
      "http://api-images.crunchbase.com/assets/images/resized/0026/7576/267576v1-max-250x250.png"],
     [[230,
       90],
      "http://api-images.crunchbase.com/assets/images/resized/0026/7576/267576v1-max-450x450.png"]],
   "attribution": null},
 "products":
  [],
 "relationships":
  [{"is_past": false,
    "title": "Founder and Chief Executive Officer",
    "person":
     {"first_name": "Leonard",
      "last_name": "LaPadula",
      "permalink": "leonard-lapadula"}},
   {"is_past": false,
    "title": "VP of Business Development",
    "person":
     {"first_name": "Rick",
      "last_name": "Wolf",
      "permalink": "rick-wolf"}}],
 "competitions":
  [],
 "providerships":
  [],
 "total_money_raised": "$83.6k",
 "funding_rounds":
  [{"id": 38374,
    "round_code": "partial",
    "source_url": "http://www.sec.gov/Archives/edgar/data/1570283/000157028313000002/xslFormDX01/primary_doc.xml",
    "source_description": "SEC",
    "raised_amount": 83606.0,
    "raised_currency_code": "USD",
    "funded_year": 2013,
    "funded_month": 5,
    "funded_day": 14,
    "investments":
     []}],
 "investments":
  [],
 "acquisition": null,
 "acquisitions":
  [],
 "offices":
  [{"description": "",
    "address1": "8 Old Wakefield Road",
    "address2": "",
    "zip_code": "03868",
    "city": "Rochester",
    "state_code": "NH",
    "country_code": "USA",
    "latitude": null,
    "longitude": null}],
 "milestones":
  [],
 "ipo": null,
 "video_embeds":
  [],
 "screenshots":
  [{"available_sizes":
     [[[150,
        112],
       "http://api-images.crunchbase.com/assets/images/resized/0026/7575/267575v1-max-150x150.png"],
      [[250,
        187],
       "http://api-images.crunchbase.com/assets/images/resized/0026/7575/267575v1-max-250x250.png"],
      [[450,
        337],
       "http://api-images.crunchbase.com/assets/images/resized/0026/7575/267575v1-max-450x450.png"]],
    "attribution": null}],
 "external_links":
  [],
 "partners":
  []}
