{"name": "Advanced Surgical Intervention",
 "permalink": "advanced-surgical-intervention",
 "crunchbase_url": "http://www.crunchbase.com/company/advanced-surgical-intervention",
 "homepage_url": null,
 "blog_url": null,
 "blog_feed_url": null,
 "twitter_username": null,
 "category_code": null,
 "number_of_employees": null,
 "founded_year": null,
 "founded_month": null,
 "founded_day": null,
 "deadpooled_year": null,
 "deadpooled_month": null,
 "deadpooled_day": null,
 "deadpooled_url": null,
 "tag_list": null,
 "alias_list": null,
 "email_address": null,
 "phone_number": null,
 "description": null,
 "created_at": "Thu May 23 15:11:30 UTC 2013",
 "updated_at": "Thu May 23 15:11:30 UTC 2013",
 "overview": null,
 "image": null,
 "products":
  [],
 "relationships":
  [{"is_past": true,
    "title": "Founder",
    "person":
     {"first_name": "Robert",
      "last_name": "Rosenbluth",
      "permalink": "robert-rosenbluth"}},
   {"is_past": true,
    "title": "Manager, Scientific Affairs",
    "person":
     {"first_name": "Brian",
      "last_name": "J. Cox",
      "permalink": "brian-j-cox"}}],
 "competitions":
  [],
 "providerships":
  [],
 "total_money_raised": "$0",
 "funding_rounds":
  [],
 "investments":
  [],
 "acquisition": null,
 "acquisitions":
  [],
 "offices":
  [],
 "milestones":
  [],
 "ipo": null,
 "video_embeds":
  [],
 "screenshots":
  [],
 "external_links":
  [],
 "partners":
  []}
