{"name": "Advanced Media Productions",
 "permalink": "advanced-media-productions",
 "crunchbase_url": "http://www.crunchbase.com/company/advanced-media-productions",
 "homepage_url": null,
 "blog_url": null,
 "blog_feed_url": null,
 "twitter_username": null,
 "category_code": null,
 "number_of_employees": null,
 "founded_year": null,
 "founded_month": null,
 "founded_day": null,
 "deadpooled_year": null,
 "deadpooled_month": null,
 "deadpooled_day": null,
 "deadpooled_url": null,
 "tag_list": null,
 "alias_list": null,
 "email_address": null,
 "phone_number": null,
 "description": null,
 "created_at": "Mon May 27 08:38:43 UTC 2013",
 "updated_at": "Mon May 27 08:38:43 UTC 2013",
 "overview": null,
 "image": null,
 "products":
  [],
 "relationships":
  [{"is_past": true,
    "title": "Lead Application Developer",
    "person":
     {"first_name": "Craig",
      "last_name": "Zingerline",
      "permalink": "craig-zingerline"}},
   {"is_past": true,
    "title": "Senior Rapid Prototyping Technician",
    "person":
     {"first_name": "Christian",
      "last_name": "Croft",
      "permalink": "christian-croft"}},
   {"is_past": true,
    "title": "President / Executive Producer",
    "person":
     {"first_name": "Ryan",
      "last_name": "Vance",
      "permalink": "ryan-vance"}}],
 "competitions":
  [],
 "providerships":
  [],
 "total_money_raised": "$0",
 "funding_rounds":
  [],
 "investments":
  [],
 "acquisition": null,
 "acquisitions":
  [],
 "offices":
  [],
 "milestones":
  [],
 "ipo": null,
 "video_embeds":
  [],
 "screenshots":
  [],
 "external_links":
  [],
 "partners":
  []}
