{"name": "AFCO Systems",
 "permalink": "afco-systems",
 "crunchbase_url": "http://www.crunchbase.com/company/afco-systems",
 "homepage_url": null,
 "blog_url": null,
 "blog_feed_url": null,
 "twitter_username": null,
 "category_code": null,
 "number_of_employees": null,
 "founded_year": null,
 "founded_month": null,
 "founded_day": null,
 "deadpooled_year": null,
 "deadpooled_month": null,
 "deadpooled_day": null,
 "deadpooled_url": null,
 "tag_list": null,
 "alias_list": null,
 "email_address": null,
 "phone_number": null,
 "description": null,
 "created_at": "Sat May 25 11:56:12 UTC 2013",
 "updated_at": "Sat May 25 11:56:12 UTC 2013",
 "overview": null,
 "image": null,
 "products":
  [],
 "relationships":
  [{"is_past": true,
    "title": "VP \u0026 CFO",
    "person":
     {"first_name": "Joseph",
      "last_name": "A. Gemmo",
      "permalink": "joseph-a-gemmo"}},
   {"is_past": true,
    "title": "Head of Global Sales",
    "person":
     {"first_name": "John",
      "last_name": "Consoli",
      "permalink": "john-consoli"}}],
 "competitions":
  [],
 "providerships":
  [],
 "total_money_raised": "$0",
 "funding_rounds":
  [],
 "investments":
  [],
 "acquisition": null,
 "acquisitions":
  [],
 "offices":
  [],
 "milestones":
  [],
 "ipo": null,
 "video_embeds":
  [],
 "screenshots":
  [],
 "external_links":
  [],
 "partners":
  []}
