{"name": "AFX News",
 "permalink": "afx-news",
 "crunchbase_url": "http://www.crunchbase.com/company/afx-news",
 "homepage_url": null,
 "blog_url": null,
 "blog_feed_url": null,
 "twitter_username": null,
 "category_code": null,
 "number_of_employees": null,
 "founded_year": null,
 "founded_month": null,
 "founded_day": null,
 "deadpooled_year": null,
 "deadpooled_month": null,
 "deadpooled_day": null,
 "deadpooled_url": null,
 "tag_list": null,
 "alias_list": null,
 "email_address": null,
 "phone_number": null,
 "description": null,
 "created_at": "Sat May 18 09:02:46 UTC 2013",
 "updated_at": "Sat May 18 09:02:46 UTC 2013",
 "overview": null,
 "image": null,
 "products":
  [],
 "relationships":
  [{"is_past": true,
    "title": "Bureau Chief and Technology Correspondent",
    "person":
     {"first_name": "Steve",
      "last_name": "Coplan",
      "permalink": "steve-coplan"}},
   {"is_past": true,
    "title": "Senior Vice President of Sales and Marketing",
    "person":
     {"first_name": "Brian",
      "last_name": "Baloga",
      "permalink": "brian-baloga"}},
   {"is_past": true,
    "title": "Reporter",
    "person":
     {"first_name": "Liz",
      "last_name": "Vaughan-Adams",
      "permalink": "liz-vaughan-adams"}}],
 "competitions":
  [],
 "providerships":
  [],
 "total_money_raised": "$0",
 "funding_rounds":
  [],
 "investments":
  [],
 "acquisition": null,
 "acquisitions":
  [],
 "offices":
  [],
 "milestones":
  [],
 "ipo": null,
 "video_embeds":
  [],
 "screenshots":
  [],
 "external_links":
  [],
 "partners":
  []}
