{"name": "Agencja \u017ceglarska zeglujznami.pl",
 "permalink": "agencja-eglarska-zeglujznami-pl",
 "crunchbase_url": "http://www.crunchbase.com/company/agencja-eglarska-zeglujznami-pl",
 "homepage_url": "http://www.zeglujznami.pl",
 "blog_url": "",
 "blog_feed_url": "",
 "twitter_username": null,
 "category_code": "education",
 "number_of_employees": null,
 "founded_year": null,
 "founded_month": null,
 "founded_day": null,
 "deadpooled_year": null,
 "deadpooled_month": null,
 "deadpooled_day": null,
 "deadpooled_url": null,
 "tag_list": "sailing, mazury",
 "alias_list": null,
 "email_address": "hesse21@o2.pl",
 "phone_number": "",
 "description": "Sailing company",
 "created_at": "Mon May 13 14:24:12 UTC 2013",
 "updated_at": "Wed May 15 12:39:19 UTC 2013",
 "overview": "\u003Cp\u003EWe organize cruises in Poland for amators. You dont need to know how to sail. We will take care of you. All adults welcome. \u003C/p\u003E",
 "image":
  {"available_sizes":
    [[[150,
       54],
      "http://api-images.crunchbase.com/assets/images/resized/0026/1767/261767v2-max-150x150.png"],
     [[250,
       91],
      "http://api-images.crunchbase.com/assets/images/resized/0026/1767/261767v2-max-250x250.png"],
     [[279,
       102],
      "http://api-images.crunchbase.com/assets/images/resized/0026/1767/261767v2-max-450x450.png"]],
   "attribution": null},
 "products":
  [],
 "relationships":
  [],
 "competitions":
  [],
 "providerships":
  [],
 "total_money_raised": "$0",
 "funding_rounds":
  [],
 "investments":
  [],
 "acquisition": null,
 "acquisitions":
  [],
 "offices":
  [],
 "milestones":
  [],
 "ipo": null,
 "video_embeds":
  [],
 "screenshots":
  [],
 "external_links":
  [],
 "partners":
  []}
