{"name": "AgeneBio",
 "permalink": "agenebio",
 "crunchbase_url": "http://www.crunchbase.com/company/agenebio",
 "homepage_url": "http://agenebio.com",
 "blog_url": "",
 "blog_feed_url": "",
 "twitter_username": null,
 "category_code": "biotech",
 "number_of_employees": null,
 "founded_year": 2008,
 "founded_month": null,
 "founded_day": null,
 "deadpooled_year": null,
 "deadpooled_month": null,
 "deadpooled_day": null,
 "deadpooled_url": null,
 "tag_list": "",
 "alias_list": "",
 "email_address": "gardiner.smith@agenebio.com",
 "phone_number": "(317) 816-9325",
 "description": "Neuroscience pharmaceutical company",
 "created_at": "Thu Jun 06 03:58:41 UTC 2013",
 "updated_at": "Wed Feb 26 05:43:21 UTC 2014",
 "overview": "\u003Cp\u003EAgeneBio is a neuroscience pharmaceutical company founded by Dr Michela Gallagher in 2008 that is focused on developing treatments for diseases that impact memory. The initial therapeutic targets are Amnestic Mild Cognitive Impairment (aMCI) and Alzheimer\u0026#8217;s disease (AD). The company is headquartered in Indianapolis but conducts research and development work on a global basis utilizing partner relationships.\u003C/p\u003E\n\n\u003Cp\u003EThrough a combination of licensed patents and novel chemistry the company has two development programs.\u003C/p\u003E\n\n\u003Cp\u003EThe first program uses currently approved FDA compounds either individually or in a fixed dose combination to improve memory for patients with aMCI. The second program exploits AgeneBio\u0026#8217;s novel approach to a GABA target.\u003C/p\u003E",
 "image":
  {"available_sizes":
    [[[150,
       41],
      "http://api-images.crunchbase.com/assets/images/resized/0027/1880/271880v1-max-150x150.png"],
     [[234,
       64],
      "http://api-images.crunchbase.com/assets/images/resized/0027/1880/271880v1-max-250x250.png"],
     [[234,
       64],
      "http://api-images.crunchbase.com/assets/images/resized/0027/1880/271880v1-max-450x450.png"]],
   "attribution": null},
 "products":
  [],
 "relationships":
  [],
 "competitions":
  [],
 "providerships":
  [],
 "total_money_raised": "$6.49M",
 "funding_rounds":
  [{"id": 39361,
    "round_code": "partial",
    "source_url": "http://www.sec.gov/Archives/edgar/data/1467758/000157783013000005/xslFormDX01/primary_doc.xml",
    "source_description": "SEC",
    "raised_amount": 1000000.0,
    "raised_currency_code": "USD",
    "funded_year": 2013,
    "funded_month": 6,
    "funded_day": 4,
    "investments":
     []},
   {"id": 43283,
    "round_code": "debt_round",
    "source_url": "http://www.sec.gov/Archives/edgar/data/1467758/000114036112041455/xslFormDX01/primary_doc.xml",
    "source_description": "SEC",
    "raised_amount": 450000.0,
    "raised_currency_code": "USD",
    "funded_year": 2012,
    "funded_month": 9,
    "funded_day": 25,
    "investments":
     []},
   {"id": 48517,
    "round_code": "debt_round",
    "source_url": "http://www.sec.gov/Archives/edgar/data/1467758/000114036111058598/xslFormDX01/primary_doc.xml",
    "source_description": "SEC",
    "raised_amount": 3688610.0,
    "raised_currency_code": "USD",
    "funded_year": 2011,
    "funded_month": 12,
    "funded_day": 22,
    "investments":
     []},
   {"id": 55247,
    "round_code": "partial",
    "source_url": "http://www.sec.gov/Archives/edgar/data/1467758/000158616213000005/xslFormDX01/primary_doc.xml",
    "source_description": "SEC",
    "raised_amount": 1000113.0,
    "raised_currency_code": "USD",
    "funded_year": 2013,
    "funded_month": 11,
    "funded_day": 18,
    "investments":
     []},
   {"id": 58047,
    "round_code": "debt_round",
    "source_url": "http://www.sec.gov/Archives/edgar/data/1467758/000114036110016084/xslFormDX01/primary_doc.xml",
    "source_description": "SEC",
    "raised_amount": 300000.0,
    "raised_currency_code": "USD",
    "funded_year": 2010,
    "funded_month": 4,
    "funded_day": 12,
    "investments":
     []},
   {"id": 66347,
    "round_code": "debt_round",
    "source_url": "http://www.sec.gov/Archives/edgar/data/1467758/000091191609000115/xslFormDX01/primary_doc.xml",
    "source_description": "SEC",
    "raised_amount": 50000.0,
    "raised_currency_code": "USD",
    "funded_year": 2009,
    "funded_month": 6,
    "funded_day": 30,
    "investments":
     []}],
 "investments":
  [],
 "acquisition": null,
 "acquisitions":
  [],
 "offices":
  [{"description": "",
    "address1": "11711 North Meridian Street",
    "address2": "Suite 520",
    "zip_code": "46032",
    "city": "Carmel",
    "state_code": "IN",
    "country_code": "USA",
    "latitude": null,
    "longitude": null}],
 "milestones":
  [],
 "ipo": null,
 "video_embeds":
  [],
 "screenshots":
  [{"available_sizes":
     [[[150,
        120],
       "http://api-images.crunchbase.com/assets/images/resized/0027/1879/271879v1-max-150x150.png"],
      [[250,
        200],
       "http://api-images.crunchbase.com/assets/images/resized/0027/1879/271879v1-max-250x250.png"],
      [[450,
        360],
       "http://api-images.crunchbase.com/assets/images/resized/0027/1879/271879v1-max-450x450.png"]],
    "attribution": null}],
 "external_links":
  [],
 "partners":
  []}
