{"name": "Agenus",
 "permalink": "agenus",
 "crunchbase_url": "http://www.crunchbase.com/company/agenus",
 "homepage_url": "http://agenusbio.com",
 "blog_url": "",
 "blog_feed_url": "",
 "twitter_username": "Agenus_Bio",
 "category_code": "biotech",
 "number_of_employees": null,
 "founded_year": 1994,
 "founded_month": null,
 "founded_day": null,
 "deadpooled_year": null,
 "deadpooled_month": null,
 "deadpooled_day": null,
 "deadpooled_url": null,
 "tag_list": "",
 "alias_list": "Antigenics",
 "email_address": "jonae.barnes@agenusbio.com",
 "phone_number": "781-674-4538",
 "description": "Cancer and infectious disease",
 "created_at": "Wed May 29 05:39:28 UTC 2013",
 "updated_at": "Wed Feb 26 11:30:11 UTC 2014",
 "overview": "\u003Cp\u003EAgenusbio\u0026#8217;s scientists, researchers, biotechnologists, physicians, and businesspeople working to bring new medicines to market. Faster. Because we know this isn\u0026#8217;t about us. It\u0026#8217;s about the millions of patients waiting to benefit from our discoveries.\u003C/p\u003E\n\n\u003Cp\u003ECo-founded in 1994 by Garo Armen and Pramod Srivastava as Antigenics,\nour company has outgrown its name but never its raison d\u0026#8217;\u00eatre: to develop and\ncommercialize breakthrough immunotherapies for cancer and infectious diseases.\u003C/p\u003E\n\n\u003Cp\u003EToday we\u2019re reaching far beyond antigens and discovering new ways to speed our\nprogress. Because we know the patient is waiting.\u003C/p\u003E\n\n\u003Cp\u003EAt today\u2019s Agenus (Nasdaq: AGEN), now more than ever before, we are inspired by\nthe power of ideas, by the application of science, and by the deep convictions and\ncommitment we share with our growing circle of partners and collaborators.\u003C/p\u003E",
 "image":
  {"available_sizes":
    [[[150,
       39],
      "http://api-images.crunchbase.com/assets/images/resized/0026/8424/268424v1-max-150x150.png"],
     [[223,
       59],
      "http://api-images.crunchbase.com/assets/images/resized/0026/8424/268424v1-max-250x250.png"],
     [[223,
       59],
      "http://api-images.crunchbase.com/assets/images/resized/0026/8424/268424v1-max-450x450.png"]],
   "attribution": null},
 "products":
  [],
 "relationships":
  [],
 "competitions":
  [],
 "providerships":
  [],
 "total_money_raised": "$15M",
 "funding_rounds":
  [{"id": 38653,
    "round_code": "debt_round",
    "source_url": "http://www.sec.gov/Archives/edgar/data/1098972/000155133313000077/xslFormDX01/primary_doc.xml",
    "source_description": "SEC",
    "raised_amount": 5000000.0,
    "raised_currency_code": "USD",
    "funded_year": 2013,
    "funded_month": 4,
    "funded_day": 25,
    "investments":
     []},
   {"id": 51873,
    "round_code": "unattributed",
    "source_url": "http://www.sec.gov/Archives/edgar/data/1098972/000128812309000053/xslFormDX01/primary_doc.xml",
    "source_description": "SEC",
    "raised_amount": 10000000.0,
    "raised_currency_code": "USD",
    "funded_year": 2009,
    "funded_month": 8,
    "funded_day": 4,
    "investments":
     [{"company": null,
       "financial_org":
        {"name": "Iroquois Capital",
         "permalink": "iroquois-capital"},
       "person": null},
      {"company": null,
       "financial_org":
        {"name": "Downsview Capital",
         "permalink": "downsview-capital"},
       "person": null},
      {"company": null,
       "financial_org":
        {"name": "Hudson Capital Management",
         "permalink": "hudson-capital-management"},
       "person": null}]}],
 "investments":
  [],
 "acquisition": null,
 "acquisitions":
  [],
 "offices":
  [{"description": "",
    "address1": "3 Forbes Road",
    "address2": "",
    "zip_code": "02421-7305",
    "city": "Lexington",
    "state_code": "MA",
    "country_code": "USA",
    "latitude": null,
    "longitude": null}],
 "milestones":
  [],
 "ipo": null,
 "video_embeds":
  [],
 "screenshots":
  [{"available_sizes":
     [[[150,
        105],
       "http://api-images.crunchbase.com/assets/images/resized/0026/8423/268423v1-max-150x150.png"],
      [[250,
        176],
       "http://api-images.crunchbase.com/assets/images/resized/0026/8423/268423v1-max-250x250.png"],
      [[450,
        317],
       "http://api-images.crunchbase.com/assets/images/resized/0026/8423/268423v1-max-450x450.png"]],
    "attribution": null}],
 "external_links":
  [],
 "partners":
  []}
