{"name": "Ahrefs",
 "permalink": "ahrefs",
 "crunchbase_url": "http://www.crunchbase.com/company/ahrefs",
 "homepage_url": "http://ahrefs.com",
 "blog_url": "http://ahrefs.com/news/",
 "blog_feed_url": "",
 "twitter_username": "ahrefs",
 "category_code": "search",
 "number_of_employees": null,
 "founded_year": 2011,
 "founded_month": null,
 "founded_day": null,
 "deadpooled_year": null,
 "deadpooled_month": null,
 "deadpooled_day": null,
 "deadpooled_url": null,
 "tag_list": "site-explorer, backlink-checker, seo, link-intelligence",
 "alias_list": null,
 "email_address": "connect@ahrefs.com",
 "phone_number": "1-347-809-6773",
 "description": "The largest index of live backlinks",
 "created_at": "Tue Jun 04 09:11:24 UTC 2013",
 "updated_at": "Wed Jul 31 10:10:55 UTC 2013",
 "overview": "\u003Cp\u003EAhrefs is known as the world\u0026#8217;s largest index of live backlinks. Their highly sophisticated website analysis toolset including Site Explorer and Backlink Checker, SEO Reports, Mentions Tracker, Batch Analysis and Domain Comparison provides SEOs and integrated marketing professionals with one of the most extensive and quickly updated databases of live backlinks available. \u003C/p\u003E\n\n\u003Cp\u003EAhrefs history dates back to 2011 after one year of thorough preparation and data mining. Ahrefs has built their own crawler that indexes billions of pages daily.Their proprietary technology allows their index to update data every 15 minutes and to capture over 1.6 trillion unique external backlinks. Ahrefs\u0026#8217;s results also display social metrics including Shares, Likes, Tweets, and Google +1s next to each link. \u003C/p\u003E\n\n\u003Cp\u003EWith their easy-to-use tool, easy-to-read data visualization, and digestible data exports in the most friendly formats ,the company\u0026#8217;s goal is to continue to be the cutting-edge website analysis toolset for both businesses and individuals to obtain the best link building, content marketing and online reputation management strategies by providing the most competitive intelligence data that is available on the Internet in the most timely fashion.\u003C/p\u003E",
 "image":
  {"available_sizes":
    [[[150,
       55],
      "http://api-images.crunchbase.com/assets/images/resized/0027/1148/271148v1-max-150x150.png"],
     [[250,
       92],
      "http://api-images.crunchbase.com/assets/images/resized/0027/1148/271148v1-max-250x250.png"],
     [[250,
       92],
      "http://api-images.crunchbase.com/assets/images/resized/0027/1148/271148v1-max-450x450.png"]],
   "attribution": null},
 "products":
  [],
 "relationships":
  [{"is_past": false,
    "title": "Founder and CEO",
    "person":
     {"first_name": "Dmitry",
      "last_name": "Gerasimenko",
      "permalink": "dmitry-gerasimenko"}}],
 "competitions":
  [],
 "providerships":
  [],
 "total_money_raised": "$0",
 "funding_rounds":
  [],
 "investments":
  [],
 "acquisition": null,
 "acquisitions":
  [],
 "offices":
  [{"description": "Headquarters",
    "address1": "16 Raffles Quay #33-03, Hong Leong Building",
    "address2": "",
    "zip_code": "048581",
    "city": "",
    "state_code": null,
    "country_code": "SGP",
    "latitude": null,
    "longitude": null}],
 "milestones":
  [],
 "ipo": null,
 "video_embeds":
  [],
 "screenshots":
  [],
 "external_links":
  [{"external_url": "https://www.facebook.com/Ahrefs",
    "title": "Ahrefs Facebook"},
   {"external_url": "https://plus.google.com/114335209359168309210/about",
    "title": "Ahrefs G+"}],
 "partners":
  []}
