{"name": "Aimia",
 "permalink": "aimia-inc",
 "crunchbase_url": "http://www.crunchbase.com/company/aimia-inc",
 "homepage_url": "http://aimia.com",
 "blog_url": "",
 "blog_feed_url": "",
 "twitter_username": null,
 "category_code": "enterprise",
 "number_of_employees": null,
 "founded_year": 1984,
 "founded_month": null,
 "founded_day": null,
 "deadpooled_year": null,
 "deadpooled_month": null,
 "deadpooled_day": null,
 "deadpooled_url": null,
 "tag_list": null,
 "alias_list": "",
 "email_address": "info@aimia.com",
 "phone_number": "",
 "description": "",
 "created_at": "Wed May 22 13:22:54 UTC 2013",
 "updated_at": "Mon Mar 31 11:43:24 UTC 2014",
 "overview": "\u003Cp\u003EAimia is a global leader in loyalty management. Our unique capabilities include proven expertise in building proprietary loyalty strategies, launching and managing coalition loyalty programs, creating value through loyalty analytics and driving innovation in the emerging digital and mobile spaces. We build and run loyalty programs for ourselves and for some of the world\u0026#8217;s best brands. \u003C/p\u003E",
 "image":
  {"available_sizes":
    [[[141,
       34],
      "http://api-images.crunchbase.com/assets/images/resized/0029/4681/294681v1-max-150x150.png"],
     [[141,
       34],
      "http://api-images.crunchbase.com/assets/images/resized/0029/4681/294681v1-max-250x250.png"],
     [[141,
       34],
      "http://api-images.crunchbase.com/assets/images/resized/0029/4681/294681v1-max-450x450.png"]],
   "attribution": null},
 "products":
  [],
 "relationships":
  [{"is_past": false,
    "title": "CEO \u0026 Chairman",
    "person":
     {"first_name": "Robert",
      "last_name": "E. Brown",
      "permalink": "robert-e-brown"}},
   {"is_past": false,
    "title": "Head of Digital Strategy \u0026 Innovation",
    "person":
     {"first_name": "Katie",
      "last_name": "Lips",
      "permalink": "katie-lips"}}],
 "competitions":
  [],
 "providerships":
  [],
 "total_money_raised": "$0",
 "funding_rounds":
  [],
 "investments":
  [],
 "acquisition": null,
 "acquisitions":
  [{"price_amount": 18000000.0,
    "price_currency_code": "USD",
    "term_code": null,
    "source_url": "http://www.prnewswire.com/news-releases/aimia-acquires-smart-button-216557541.html",
    "source_description": "Aimia Acquires Smart Button",
    "acquired_year": 2013,
    "acquired_month": 7,
    "acquired_day": 23,
    "company":
     {"name": "Smart Button",
      "permalink": "smart-button"}}],
 "offices":
  [{"description": "Head Office - Montreal",
    "address1": "5100 de Maisonneuve Blvd.",
    "address2": "Quebec",
    "zip_code": "H4A 3T2",
    "city": "West Montreal",
    "state_code": null,
    "country_code": "CAN",
    "latitude": 45.4749826,
    "longitude": -73.6032446}],
 "milestones":
  [],
 "ipo": null,
 "video_embeds":
  [],
 "screenshots":
  [{"available_sizes":
     [[[150,
        112],
       "http://api-images.crunchbase.com/assets/images/resized/0029/4750/294750v1-max-150x150.png"],
      [[250,
        187],
       "http://api-images.crunchbase.com/assets/images/resized/0029/4750/294750v1-max-250x250.png"],
      [[450,
        336],
       "http://api-images.crunchbase.com/assets/images/resized/0029/4750/294750v1-max-450x450.png"]],
    "attribution": null}],
 "external_links":
  [],
 "partners":
  []}
