{"name": "Air Asia",
 "permalink": "air-asia-indonesia",
 "crunchbase_url": "http://www.crunchbase.com/company/air-asia-indonesia",
 "homepage_url": "http://airasia.com",
 "blog_url": "http://blog.airasia.com/",
 "blog_feed_url": "",
 "twitter_username": "AirAsia",
 "category_code": "other",
 "number_of_employees": null,
 "founded_year": null,
 "founded_month": null,
 "founded_day": null,
 "deadpooled_year": null,
 "deadpooled_month": null,
 "deadpooled_day": null,
 "deadpooled_url": null,
 "tag_list": null,
 "alias_list": "",
 "email_address": "",
 "phone_number": "600 85 8888",
 "description": "",
 "created_at": "Mon May 13 11:31:31 UTC 2013",
 "updated_at": "Wed Jul 10 07:29:57 UTC 2013",
 "overview": "\u003Cp\u003EAsia\u0026#8217;s leading airline was established with the dream of making flying possible for everyone. Since 2001, AirAsia has swiftly broken travel norms around the globe and has risen to become the world\u0026#8217;s best. With a route network that spans through  to over 20 countries, AirAsia continues to pave the way for low-cost aviation through our innovative solutions, efficient processes and a passionate approach to business. Together with our associate companies, AirAsia X, Thai AirAsia, Indonesia AirAsia, Philippines\u0026#8217; AirAsia Inc and AirAsia Japan , AirAsia is set to take low-cost flying to an all new high with our belief, \u0026#8220;Now Everyone Can Fly\u0026#8221;.\u003C/p\u003E",
 "image":
  {"available_sizes":
    [[[150,
       123],
      "http://api-images.crunchbase.com/assets/images/resized/0027/3451/273451v1-max-150x150.png"],
     [[232,
       191],
      "http://api-images.crunchbase.com/assets/images/resized/0027/3451/273451v1-max-250x250.png"],
     [[232,
       191],
      "http://api-images.crunchbase.com/assets/images/resized/0027/3451/273451v1-max-450x450.png"]],
   "attribution": null},
 "products":
  [],
 "relationships":
  [{"is_past": true,
    "title": "Marketing Head, Country Consultant",
    "person":
     {"first_name": "Daniel",
      "last_name": "Tumiwa",
      "permalink": "daniel-tumiwa"}}],
 "competitions":
  [],
 "providerships":
  [],
 "total_money_raised": "$0",
 "funding_rounds":
  [],
 "investments":
  [],
 "acquisition": null,
 "acquisitions":
  [],
 "offices":
  [{"description": "",
    "address1": "Jalan Melaka Raya 23",
    "address2": "Taman Melaka Raya",
    "zip_code": "75000",
    "city": "Melaka",
    "state_code": null,
    "country_code": "MYS",
    "latitude": null,
    "longitude": null}],
 "milestones":
  [{"id": 34921,
    "description": "AirAsia X, Nok Air to Raise Funds in IPO Amid Boom in Air Travel",
    "stoned_year": 2013,
    "stoned_month": 6,
    "stoned_day": 10,
    "source_url": "http://www.bloomberg.com/news/2013-06-10/airasia-x-to-raise-up-to-370-million-in-ipo-to-fund-growth.html",
    "source_text": "",
    "source_description": "AirAsia X, Nok Air to Raise Funds in IPO Amid Boom in Air Travel",
    "stoneable_type": "Company",
    "stoned_value": null,
    "stoned_value_type": null,
    "stoned_acquirer": null,
    "stoneable":
     {"name": "Air Asia",
      "permalink": "air-asia-indonesia"}},
   {"id": 35549,
    "description": "AirAsia X Raises $308 Million in Malaysia IPO",
    "stoned_year": 2013,
    "stoned_month": 6,
    "stoned_day": 21,
    "source_url": "http://blogs.wsj.com/moneybeat/2013/06/21/airasia-x-raises-308-million-in-malaysia-ipo/",
    "source_text": "",
    "source_description": "AirAsia X Raises $308 Million in Malaysia IPO",
    "stoneable_type": "Company",
    "stoned_value": null,
    "stoned_value_type": null,
    "stoned_acquirer": null,
    "stoneable":
     {"name": "Air Asia",
      "permalink": "air-asia-indonesia"}},
   {"id": 36333,
    "description": "Long-haul budget carrier AirAsia X\u2019s IPO raises $310 million",
    "stoned_year": 2013,
    "stoned_month": 7,
    "stoned_day": 9,
    "source_url": "http://skift.com/2013/07/10/long-haul-budget-carrier-airasia-xs-ipo-raises-310-million/",
    "source_text": "",
    "source_description": "Long-haul budget carrier AirAsia X\u2019s IPO raises $310 million",
    "stoneable_type": "Company",
    "stoned_value": null,
    "stoned_value_type": null,
    "stoned_acquirer": null,
    "stoneable":
     {"name": "Air Asia",
      "permalink": "air-asia-indonesia"}}],
 "ipo": null,
 "video_embeds":
  [],
 "screenshots":
  [],
 "external_links":
  [],
 "partners":
  []}
