{"name": "AIR Worldwide",
 "permalink": "air-worldwide",
 "crunchbase_url": "http://www.crunchbase.com/company/air-worldwide",
 "homepage_url": null,
 "blog_url": null,
 "blog_feed_url": null,
 "twitter_username": null,
 "category_code": null,
 "number_of_employees": null,
 "founded_year": null,
 "founded_month": null,
 "founded_day": null,
 "deadpooled_year": null,
 "deadpooled_month": null,
 "deadpooled_day": null,
 "deadpooled_url": null,
 "tag_list": null,
 "alias_list": null,
 "email_address": null,
 "phone_number": null,
 "description": null,
 "created_at": "Sat May 11 17:00:14 UTC 2013",
 "updated_at": "Sat May 11 17:00:14 UTC 2013",
 "overview": null,
 "image": null,
 "products":
  [],
 "relationships":
  [{"is_past": true,
    "title": "CFO",
    "person":
     {"first_name": "Thomas",
      "last_name": "J. Leone",
      "permalink": "thomas-j-leone"}},
   {"is_past": true,
    "title": "VP Marketing",
    "person":
     {"first_name": "Steve",
      "last_name": "Offsey",
      "permalink": "steve-offsey"}},
   {"is_past": true,
    "title": "Group Manager, Product Management",
    "person":
     {"first_name": "Jon",
      "last_name": "Michaeli",
      "permalink": "jon-michaeli-2"}},
   {"is_past": true,
    "title": "Senior Account Executive",
    "person":
     {"first_name": "William",
      "last_name": "Martin",
      "permalink": "william-martin"}}],
 "competitions":
  [],
 "providerships":
  [],
 "total_money_raised": "$0",
 "funding_rounds":
  [],
 "investments":
  [],
 "acquisition": null,
 "acquisitions":
  [],
 "offices":
  [],
 "milestones":
  [],
 "ipo": null,
 "video_embeds":
  [],
 "screenshots":
  [],
 "external_links":
  [],
 "partners":
  []}
