{"name": "AirFoodWater",
 "permalink": "airfoodwater",
 "crunchbase_url": "http://www.crunchbase.com/company/airfoodwater",
 "homepage_url": "http://airfoodwater.com",
 "blog_url": "",
 "blog_feed_url": "",
 "twitter_username": null,
 "category_code": "software",
 "number_of_employees": 4,
 "founded_year": 2013,
 "founded_month": 5,
 "founded_day": 25,
 "deadpooled_year": null,
 "deadpooled_month": null,
 "deadpooled_day": null,
 "deadpooled_url": null,
 "tag_list": "health, nutrition, food, wellness",
 "alias_list": null,
 "email_address": "steve@innovategsb.com",
 "phone_number": "407-361-6950",
 "description": "Motivating Healthy Habits!",
 "created_at": "Wed May 29 19:41:19 UTC 2013",
 "updated_at": "Fri Dec 27 16:46:17 UTC 2013",
 "overview": "\u003Cp\u003EThrough a smartphone or any web enabled device, AirFoodWater.com (AFW) allows individuals to effortlessly track the three basic components of any healthy lifestyle: 1) increased consumption of fruit and vegetables, 2) drinking enough water, 3) and incorporating moderate exercise with ease. There is no counting of calories, serving sizes, or exercise repetition. Just simply checking off whether you meet your daily goals for fruit/vegetable consumption, water, and moderate exercise. In addition, you are able to share your goals with a community of others looking to tracking their health habits through live stream postings. AFW also allows you to sign-in with your Facebook.\u003C/p\u003E",
 "image":
  {"available_sizes":
    [[[150,
       35],
      "http://api-images.crunchbase.com/assets/images/resized/0026/8816/268816v2-max-150x150.png"],
     [[250,
       59],
      "http://api-images.crunchbase.com/assets/images/resized/0026/8816/268816v2-max-250x250.png"],
     [[450,
       107],
      "http://api-images.crunchbase.com/assets/images/resized/0026/8816/268816v2-max-450x450.png"]],
   "attribution": null},
 "products":
  [],
 "relationships":
  [{"is_past": true,
    "title": "Co-Founder",
    "person":
     {"first_name": "Ali",
      "last_name": "Al-Rajhi",
      "permalink": "ali-al-rajhi"}},
   {"is_past": true,
    "title": "Co-Founder",
    "person":
     {"first_name": "James",
      "last_name": "Gibson",
      "permalink": "james-gibson-2"}},
   {"is_past": true,
    "title": "Co-Founder",
    "person":
     {"first_name": "Steve",
      "last_name": "Spalding",
      "permalink": "steve-spalding-2"}}],
 "competitions":
  [{"competitor":
     {"name": "dailymile",
      "permalink": "dailymile"}},
   {"competitor":
     {"name": "Fitocracy",
      "permalink": "fitocracy"}}],
 "providerships":
  [],
 "total_money_raised": "$0",
 "funding_rounds":
  [],
 "investments":
  [],
 "acquisition": null,
 "acquisitions":
  [],
 "offices":
  [{"description": "",
    "address1": "1208 SW 14th Ave",
    "address2": "Apt 1208D",
    "zip_code": "32601",
    "city": "Gainesville",
    "state_code": "FL",
    "country_code": "USA",
    "latitude": null,
    "longitude": null}],
 "milestones":
  [],
 "ipo": null,
 "video_embeds":
  [],
 "screenshots":
  [{"available_sizes":
     [[[150,
        73],
       "http://api-images.crunchbase.com/assets/images/resized/0026/8815/268815v2-max-150x150.png"],
      [[250,
        121],
       "http://api-images.crunchbase.com/assets/images/resized/0026/8815/268815v2-max-250x250.png"],
      [[450,
        219],
       "http://api-images.crunchbase.com/assets/images/resized/0026/8815/268815v2-max-450x450.png"]],
    "attribution": null}],
 "external_links":
  [{"external_url": "http://projectmona.com",
    "title": "ProjectMONA"},
   {"external_url": "http://upsideos.com",
    "title": "UpsideOS"}],
 "partners":
  []}
