{"name": "Al-Nabil Food Industries",
 "permalink": "al-nabil-food-industries",
 "crunchbase_url": "http://www.crunchbase.com/company/al-nabil-food-industries",
 "homepage_url": null,
 "blog_url": "",
 "blog_feed_url": "",
 "twitter_username": null,
 "category_code": "hospitality",
 "number_of_employees": null,
 "founded_year": 1945,
 "founded_month": null,
 "founded_day": null,
 "deadpooled_year": null,
 "deadpooled_month": null,
 "deadpooled_day": null,
 "deadpooled_url": null,
 "tag_list": "",
 "alias_list": "",
 "email_address": "",
 "phone_number": "",
 "description": "",
 "created_at": "Wed May 15 03:38:27 UTC 2013",
 "updated_at": "Wed Mar 12 19:46:47 UTC 2014",
 "overview": "\u003Cp\u003EFounded in 1945, Nabil produces over 200 frozen and chilled food products including beef and chicken burgers, chicken strips and nuggets, cold cuts, ethnic foods, pre-cooked meals, and sweets. Nabil sells its products to retail, catering and quick service restaurant customers in over 20 countries throughout the Middle East, Africa and Asia. In 2009, Nabil Foods embarked on significant expansion program that has more than tripled its production capacity.\u003C/p\u003E",
 "image": null,
 "products":
  [],
 "relationships":
  [],
 "competitions":
  [{"competitor":
     {"name": "Zomick's Kosher Bakery",
      "permalink": "zomicks-kosher-bakery"}}],
 "providerships":
  [],
 "total_money_raised": "$0",
 "funding_rounds":
  [{"id": 37768,
    "round_code": "unattributed",
    "source_url": "http://www.pehub.com/201724/carlyle-invests-al-nabil-food/?utm_source=dlvr.it\u0026utm_medium=twitter",
    "source_description": "Carlyle Invests in Al-Nabil Food",
    "raised_amount": null,
    "raised_currency_code": "USD",
    "funded_year": 2013,
    "funded_month": 5,
    "funded_day": 13,
    "investments":
     [{"company": null,
       "financial_org":
        {"name": "Carlyle Group",
         "permalink": "carlyle-group"},
       "person": null}]}],
 "investments":
  [],
 "acquisition": null,
 "acquisitions":
  [],
 "offices":
  [],
 "milestones":
  [],
 "ipo": null,
 "video_embeds":
  [],
 "screenshots":
  [],
 "external_links":
  [],
 "partners":
  []}
