{"name": "Alavita Pharmaceuticals, Inc",
 "permalink": "alavita-pharmaceuticals-inc",
 "crunchbase_url": "http://www.crunchbase.com/company/alavita-pharmaceuticals-inc",
 "homepage_url": null,
 "blog_url": "",
 "blog_feed_url": "",
 "twitter_username": null,
 "category_code": "biotech",
 "number_of_employees": null,
 "founded_year": 2005,
 "founded_month": null,
 "founded_day": null,
 "deadpooled_year": null,
 "deadpooled_month": null,
 "deadpooled_day": null,
 "deadpooled_url": null,
 "tag_list": null,
 "alias_list": "",
 "email_address": "",
 "phone_number": "650-969-2405",
 "description": "",
 "created_at": "Tue May 21 10:34:44 UTC 2013",
 "updated_at": "Fri Mar 07 10:44:51 UTC 2014",
 "overview": "\u003Cp\u003EAlavita Pharmaceuticals Inc. operates as a biotechnology company that developes therapeutics for treatment of damage associated with stroke, heart attacks, and organ transplantation. The company was founded in 2005 and is based in Mountain View, California. Alavita Pharmaceuticals Inc. operates as a subsidiary of Pharmaceutical Product Development, Inc.\u003C/p\u003E",
 "image": null,
 "products":
  [],
 "relationships":
  [{"is_past": false,
    "title": "Chairman and CEO",
    "person":
     {"first_name": "Gordon",
      "last_name": "Ringold",
      "permalink": "gordon-ringold"}}],
 "competitions":
  [],
 "providerships":
  [],
 "total_money_raised": "$600k",
 "funding_rounds":
  [{"id": 68258,
    "round_code": "unattributed",
    "source_url": "http://www.sec.gov/Archives/edgar/data/1340978/000134097809000002/xslFormDX01/primary_doc.xml",
    "source_description": "SEC",
    "raised_amount": 600000.0,
    "raised_currency_code": "USD",
    "funded_year": 2009,
    "funded_month": 9,
    "funded_day": 21,
    "investments":
     []}],
 "investments":
  [],
 "acquisition": null,
 "acquisitions":
  [],
 "offices":
  [{"description": "",
    "address1": "325 East Middlefield Road",
    "address2": "",
    "zip_code": "94043",
    "city": "Mountain View",
    "state_code": "CA",
    "country_code": "USA",
    "latitude": null,
    "longitude": null}],
 "milestones":
  [],
 "ipo": null,
 "video_embeds":
  [],
 "screenshots":
  [],
 "external_links":
  [],
 "partners":
  []}
