{"name": "Alcoa",
 "permalink": "alcoa",
 "crunchbase_url": "http://www.crunchbase.com/company/alcoa",
 "homepage_url": null,
 "blog_url": null,
 "blog_feed_url": null,
 "twitter_username": null,
 "category_code": null,
 "number_of_employees": null,
 "founded_year": null,
 "founded_month": null,
 "founded_day": null,
 "deadpooled_year": null,
 "deadpooled_month": null,
 "deadpooled_day": null,
 "deadpooled_url": null,
 "tag_list": null,
 "alias_list": null,
 "email_address": null,
 "phone_number": null,
 "description": null,
 "created_at": "Tue May 28 19:41:26 UTC 2013",
 "updated_at": "Tue May 28 19:41:26 UTC 2013",
 "overview": null,
 "image": null,
 "products":
  [],
 "relationships":
  [{"is_past": false,
    "title": "CEO",
    "person":
     {"first_name": "Alain",
      "last_name": "J. P. Belda",
      "permalink": "alain-j-p-belda"}},
   {"is_past": false,
    "title": "Executive Vice President \u0026 Chief Technology Officer ( retired)",
    "person":
     {"first_name": "Mohammad",
      "last_name": "Zaidi",
      "permalink": "mohammad-zaidi"}},
   {"is_past": false,
    "title": "",
    "person":
     {"first_name": "Anuj",
      "last_name": "Gupta",
      "permalink": "anuj-gupta-4"}},
   {"is_past": false,
    "title": "Non-Executive Director",
    "person":
     {"first_name": "Sir Martin",
      "last_name": "Sorrell",
      "permalink": "sir-martin-sorrell"}},
   {"is_past": false,
    "title": "Director",
    "person":
     {"first_name": "James",
      "last_name": "W. Owens",
      "permalink": "james-w-owens"}},
   {"is_past": false,
    "title": "Board of Directors",
    "person":
     {"first_name": "Patricia",
      "last_name": "F. Russo",
      "permalink": "patricia-f-russo"}},
   {"is_past": false,
    "title": "Director",
    "person":
     {"first_name": "Klaus",
      "last_name": "Kleinfeld",
      "permalink": "klaus-kleinfeld"}},
   {"is_past": false,
    "title": "Board of Directors",
    "person":
     {"first_name": "Ernesto",
      "last_name": "Zedillo",
      "permalink": "ernesto-zedillo"}},
   {"is_past": true,
    "title": "VP, Tax - Pittsburgh",
    "person":
     {"first_name": "Ronald",
      "last_name": "D. Dickel",
      "permalink": "ronald-d-dickel"}},
   {"is_past": true,
    "title": "VP \u0026 Treasurer",
    "person":
     {"first_name": "William",
      "last_name": "B. Plummer",
      "permalink": "william-b-plummer"}},
   {"is_past": true,
    "title": "Purchasing Manager- Import Export Compliance",
    "person":
     {"first_name": "Michael",
      "last_name": "L. McMath",
      "permalink": "michael-l-mcmath"}},
   {"is_past": true,
    "title": "Board Member",
    "person":
     {"first_name": "Henry",
      "last_name": "Schacht",
      "permalink": "henry-schacht"}},
   {"is_past": true,
    "title": "Engineer",
    "person":
     {"first_name": "Mitch",
      "last_name": "Levinson",
      "permalink": "mitch-levinson"}},
   {"is_past": true,
    "title": "Sales Representative/ Sr. Engineer",
    "person":
     {"first_name": "Doug",
      "last_name": "Marinaro",
      "permalink": "doug-marinaro"}},
   {"is_past": true,
    "title": "Systems Engineer, Advanced Product Development",
    "person":
     {"first_name": "Steve",
      "last_name": "Herschleb",
      "permalink": "steve-herschleb"}}],
 "competitions":
  [],
 "providerships":
  [],
 "total_money_raised": "$0",
 "funding_rounds":
  [],
 "investments":
  [],
 "acquisition": null,
 "acquisitions":
  [],
 "offices":
  [],
 "milestones":
  [],
 "ipo": null,
 "video_embeds":
  [],
 "screenshots":
  [],
 "external_links":
  [],
 "partners":
  []}
