{"name": "Alcobra Pharmaceuticals",
 "permalink": "alcobra-pharmaceuticals",
 "crunchbase_url": "http://www.crunchbase.com/company/alcobra-pharmaceuticals",
 "homepage_url": "http://www.alcobra-pharma.com/indexInvestor.cfm",
 "blog_url": "",
 "blog_feed_url": "http://www.alcobra-pharma.com/rss.cfm",
 "twitter_username": null,
 "category_code": "biotech",
 "number_of_employees": null,
 "founded_year": null,
 "founded_month": null,
 "founded_day": null,
 "deadpooled_year": null,
 "deadpooled_month": null,
 "deadpooled_day": null,
 "deadpooled_url": null,
 "tag_list": "",
 "alias_list": "",
 "email_address": "",
 "phone_number": "1 212.896.1249",
 "description": "",
 "created_at": "Thu May 23 07:11:13 UTC 2013",
 "updated_at": "Thu May 23 07:13:34 UTC 2013",
 "overview": "\u003Cp\u003EAlcobra Pharmaceuticals Inc., which is developing a treatment for attention deficit hyperactivity disorder (ADHD) held its Nasdaq IPO last night (Israel time). Sources said that the company had obtained positive feedback during its road show. Just before the road show, the company expanded its prospectus from issuing 1.36 million share to 2.27 million shares.\u003C/p\u003E\n\n\u003Cp\u003EAlcobra held the offering at $8 per share, raising a gross $25 million at a company value of $89 million. The company had hoped to raise the money at a share proce of between $10 and $12. It will be traded under the ticker \u0026#8220;ADHD\u0026#8221;. \u003C/p\u003E",
 "image":
  {"available_sizes":
    [[[150,
       66],
      "http://api-images.crunchbase.com/assets/images/resized/0026/5867/265867v1-max-150x150.png"],
     [[180,
       80],
      "http://api-images.crunchbase.com/assets/images/resized/0026/5867/265867v1-max-250x250.png"],
     [[180,
       80],
      "http://api-images.crunchbase.com/assets/images/resized/0026/5867/265867v1-max-450x450.png"]],
   "attribution": null},
 "products":
  [],
 "relationships":
  [{"is_past": false,
    "title": "Board of Directors; Audit Committee, Compensation Committee",
    "person":
     {"first_name": "Daniel",
      "last_name": "Geffken",
      "permalink": "daniel-geffken"}}],
 "competitions":
  [],
 "providerships":
  [],
 "total_money_raised": "$0",
 "funding_rounds":
  [],
 "investments":
  [],
 "acquisition": null,
 "acquisitions":
  [],
 "offices":
  [],
 "milestones":
  [],
 "ipo":
  {"valuation_amount": null,
   "valuation_currency_code": "USD",
   "pub_year": 2013,
   "pub_month": 5,
   "pub_day": 21,
   "stock_symbol": "NASDAQ:ADHD"},
 "video_embeds":
  [],
 "screenshots":
  [{"available_sizes":
     [[[150,
        90],
       "http://api-images.crunchbase.com/assets/images/resized/0026/5866/265866v1-max-150x150.png"],
      [[250,
        150],
       "http://api-images.crunchbase.com/assets/images/resized/0026/5866/265866v1-max-250x250.png"],
      [[450,
        271],
       "http://api-images.crunchbase.com/assets/images/resized/0026/5866/265866v1-max-450x450.png"]],
    "attribution": null}],
 "external_links":
  [],
 "partners":
  []}
