{"name": "AlephCloud Systems",
 "permalink": "alephcloud-systems",
 "crunchbase_url": "http://www.crunchbase.com/company/alephcloud-systems",
 "homepage_url": "http://alephcloud.com",
 "blog_url": "",
 "blog_feed_url": "",
 "twitter_username": "AlephCloud",
 "category_code": "enterprise",
 "number_of_employees": null,
 "founded_year": 2011,
 "founded_month": null,
 "founded_day": null,
 "deadpooled_year": null,
 "deadpooled_month": null,
 "deadpooled_day": null,
 "deadpooled_url": null,
 "tag_list": "",
 "alias_list": "",
 "email_address": "info@alephcloud.com",
 "phone_number": "408-475-6090 ",
 "description": "",
 "created_at": "Thu May 23 04:08:32 UTC 2013",
 "updated_at": "Thu May 23 21:36:50 UTC 2013",
 "overview": "\u003Cp\u003EAlephCloud is a Silicon Valley start-up founded in 2011 by two technology executives with deep knowledge and extensive experience in cryptography, policy languages, cloud storage, and data management. Today the seasoned exec team is working with world-class advisors to bring to market a game-changing SaaS offering, empowering IT to enforce corporate privacy and compliance policies across any cloud provider. We\u0026#8217;ve recently closed our $7.5M Series B Funding. \u003C/p\u003E",
 "image":
  {"available_sizes":
    [[[150,
       36],
      "http://api-images.crunchbase.com/assets/images/resized/0026/5771/265771v1-max-150x150.png"],
     [[250,
       61],
      "http://api-images.crunchbase.com/assets/images/resized/0026/5771/265771v1-max-250x250.png"],
     [[345,
       85],
      "http://api-images.crunchbase.com/assets/images/resized/0026/5771/265771v1-max-450x450.png"]],
   "attribution": null},
 "products":
  [],
 "relationships":
  [{"is_past": false,
    "title": "CEO \u0026 Co-Founder",
    "person":
     {"first_name": "Jieming",
      "last_name": "Zhu",
      "permalink": "jieming-zhu"}},
   {"is_past": false,
    "title": "CTO \u0026 Co-Founder",
    "person":
     {"first_name": "Roy",
      "last_name": "D'Souza",
      "permalink": "roy-dsouza"}},
   {"is_past": false,
    "title": "Board Advisor",
    "person":
     {"first_name": "Satish",
      "last_name": "Tadikonda",
      "permalink": "satish-tadikonda"}}],
 "competitions":
  [],
 "providerships":
  [],
 "total_money_raised": "$9.5M",
 "funding_rounds":
  [{"id": 38121,
    "round_code": "b",
    "source_url": "http://www.finsmes.com/2013/05/alephcloud-closes-7-5m-series-financing.html",
    "source_description": "AlephCloud Closes $7.5M Series B Financing",
    "raised_amount": 7500000.0,
    "raised_currency_code": "USD",
    "funded_year": 2013,
    "funded_month": 5,
    "funded_day": 22,
    "investments":
     [{"company": null,
       "financial_org":
        {"name": "Handbag",
         "permalink": "handbag"},
       "person": null}]},
   {"id": 38142,
    "round_code": "a",
    "source_url": "",
    "source_description": "",
    "raised_amount": 2000000.0,
    "raised_currency_code": "USD",
    "funded_year": 2012,
    "funded_month": 5,
    "funded_day": 4,
    "investments":
     []}],
 "investments":
  [],
 "acquisition": null,
 "acquisitions":
  [],
 "offices":
  [{"description": "",
    "address1": "530 Lakeside Drive",
    "address2": "Suite 190",
    "zip_code": "94085",
    "city": "Sunnyvale",
    "state_code": "CA",
    "country_code": "USA",
    "latitude": 37.384247,
    "longitude": -121.992816}],
 "milestones":
  [],
 "ipo": null,
 "video_embeds":
  [],
 "screenshots":
  [{"available_sizes":
     [[[150,
        92],
       "http://api-images.crunchbase.com/assets/images/resized/0026/5770/265770v1-max-150x150.png"],
      [[250,
        154],
       "http://api-images.crunchbase.com/assets/images/resized/0026/5770/265770v1-max-250x250.png"],
      [[450,
        277],
       "http://api-images.crunchbase.com/assets/images/resized/0026/5770/265770v1-max-450x450.png"]],
    "attribution": null}],
 "external_links":
  [],
 "partners":
  []}
