{"name": "Alert Pest Control Services",
 "permalink": "alert-pest-control-services",
 "crunchbase_url": "http://www.crunchbase.com/company/alert-pest-control-services",
 "homepage_url": "http://www.alertpestcontrolservices.com",
 "blog_url": "",
 "blog_feed_url": "",
 "twitter_username": null,
 "category_code": "other",
 "number_of_employees": null,
 "founded_year": null,
 "founded_month": null,
 "founded_day": null,
 "deadpooled_year": null,
 "deadpooled_month": null,
 "deadpooled_day": null,
 "deadpooled_url": null,
 "tag_list": "",
 "alias_list": null,
 "email_address": "SpeljolerLybeokda@outlook.com",
 "phone_number": "8606731224",
 "description": "Services",
 "created_at": "Fri May 24 21:28:10 UTC 2013",
 "updated_at": "Mon May 27 15:35:54 UTC 2013",
 "overview": "\u003Cp\u003EPest control Hartford counts on!  Alert Pest Control Services is known as the best exterminator in Bristol, Hartford, and New Britain.  We provide termite, bee, wasp, mouse, rat, and many other pest control services to CT.\u003C/p\u003E",
 "image": null,
 "products":
  [],
 "relationships":
  [],
 "competitions":
  [],
 "providerships":
  [],
 "total_money_raised": "$0",
 "funding_rounds":
  [],
 "investments":
  [],
 "acquisition": null,
 "acquisitions":
  [],
 "offices":
  [],
 "milestones":
  [],
 "ipo": null,
 "video_embeds":
  [],
 "screenshots":
  [],
 "external_links":
  [],
 "partners":
  []}
