{"name": "Alexander \u0026 Lord, UCA\u0026L, Softbank Services",
 "permalink": "alexander-lord-uca-l-softbank-services",
 "crunchbase_url": "http://www.crunchbase.com/company/alexander-lord-uca-l-softbank-services",
 "homepage_url": null,
 "blog_url": null,
 "blog_feed_url": null,
 "twitter_username": null,
 "category_code": null,
 "number_of_employees": null,
 "founded_year": null,
 "founded_month": null,
 "founded_day": null,
 "deadpooled_year": null,
 "deadpooled_month": null,
 "deadpooled_day": null,
 "deadpooled_url": null,
 "tag_list": null,
 "alias_list": null,
 "email_address": null,
 "phone_number": null,
 "description": null,
 "created_at": "Mon May 13 08:57:22 UTC 2013",
 "updated_at": "Mon May 13 08:57:22 UTC 2013",
 "overview": null,
 "image": null,
 "products":
  [],
 "relationships":
  [{"is_past": true,
    "title": "VP of Client Services",
    "person":
     {"first_name": "Teresa",
      "last_name": "Tersol-Wiseman",
      "permalink": "teresa-tersol-wiseman"}}],
 "competitions":
  [],
 "providerships":
  [],
 "total_money_raised": "$0",
 "funding_rounds":
  [],
 "investments":
  [],
 "acquisition": null,
 "acquisitions":
  [],
 "offices":
  [],
 "milestones":
  [],
 "ipo": null,
 "video_embeds":
  [],
 "screenshots":
  [],
 "external_links":
  [],
 "partners":
  []}
