{"name": "Algaeon",
 "permalink": "algaeon",
 "crunchbase_url": "http://www.crunchbase.com/company/algaeon",
 "homepage_url": "http://algaeon-inc.com",
 "blog_url": "",
 "blog_feed_url": "",
 "twitter_username": null,
 "category_code": "biotech",
 "number_of_employees": null,
 "founded_year": 2008,
 "founded_month": null,
 "founded_day": null,
 "deadpooled_year": null,
 "deadpooled_month": null,
 "deadpooled_day": null,
 "deadpooled_url": null,
 "tag_list": "",
 "alias_list": "",
 "email_address": "info@algaeon-inc.com",
 "phone_number": "(317) 697-7514",
 "description": "",
 "created_at": "Mon Jun 03 04:06:11 UTC 2013",
 "updated_at": "Thu Oct 24 05:24:02 UTC 2013",
 "overview": "\u003Cp\u003EAlgaeon Inc. is an Indiana based biotechnology corporation which has developed a breakthrough patent pending industrial scale microalgae cultivation technology which is 10x more productive than competing algal growth methods. Unique high value products are currently being grown for leading companies in the Nutraceutical and Animal Feed markets. Algaeon is developing its own cultivation capacity, as well as, licensing the technology for algae farms.\u003C/p\u003E",
 "image":
  {"available_sizes":
    [[[150,
       67],
      "http://api-images.crunchbase.com/assets/images/resized/0027/0400/270400v1-max-150x150.png"],
     [[250,
       113],
      "http://api-images.crunchbase.com/assets/images/resized/0027/0400/270400v1-max-250x250.png"],
     [[287,
       130],
      "http://api-images.crunchbase.com/assets/images/resized/0027/0400/270400v1-max-450x450.png"]],
   "attribution": null},
 "products":
  [],
 "relationships":
  [{"is_past": false,
    "title": "President, CEO, and Board Member",
    "person":
     {"first_name": "Paul",
      "last_name": "W. DeLacey",
      "permalink": "paul-w-delacey"}},
   {"is_past": false,
    "title": "CFO",
    "person":
     {"first_name": "Tony",
      "last_name": "Hubbard",
      "permalink": "tony-hubbard"}},
   {"is_past": false,
    "title": "Co-Founder, VP, and Board Member",
    "person":
     {"first_name": "William",
      "last_name": "R. Kassebaum",
      "permalink": "william-r-kassebaum"}}],
 "competitions":
  [],
 "providerships":
  [],
 "total_money_raised": "$1.3M",
 "funding_rounds":
  [{"id": 39078,
    "round_code": "unattributed",
    "source_url": "http://www.sec.gov/Archives/edgar/data/1560376/000156037613000001/xslFormDX01/primary_doc.xml",
    "source_description": "SEC",
    "raised_amount": 770864.0,
    "raised_currency_code": "USD",
    "funded_year": 2013,
    "funded_month": 5,
    "funded_day": 30,
    "investments":
     []},
   {"id": 41716,
    "round_code": "partial",
    "source_url": "http://www.sec.gov/Archives/edgar/data/1560376/000156037612000002/xslFormDX01/primary_doc.xml",
    "source_description": "SEC",
    "raised_amount": 524999.0,
    "raised_currency_code": "USD",
    "funded_year": 2012,
    "funded_month": 12,
    "funded_day": 19,
    "investments":
     []}],
 "investments":
  [],
 "acquisition": null,
 "acquisitions":
  [],
 "offices":
  [{"description": "",
    "address1": "8440 West 82nd Street",
    "address2": "",
    "zip_code": "46278",
    "city": "Indianapolis",
    "state_code": "IN",
    "country_code": "USA",
    "latitude": 39.903562,
    "longitude": -86.312372}],
 "milestones":
  [],
 "ipo": null,
 "video_embeds":
  [],
 "screenshots":
  [{"available_sizes":
     [[[150,
        121],
       "http://api-images.crunchbase.com/assets/images/resized/0027/0399/270399v1-max-150x150.png"],
      [[250,
        201],
       "http://api-images.crunchbase.com/assets/images/resized/0027/0399/270399v1-max-250x250.png"],
      [[450,
        363],
       "http://api-images.crunchbase.com/assets/images/resized/0027/0399/270399v1-max-450x450.png"]],
    "attribution": null}],
 "external_links":
  [],
 "partners":
  []}
