{"name": "Alinea",
 "permalink": "alinea",
 "crunchbase_url": "http://www.crunchbase.com/company/alinea",
 "homepage_url": null,
 "blog_url": null,
 "blog_feed_url": null,
 "twitter_username": null,
 "category_code": null,
 "number_of_employees": null,
 "founded_year": null,
 "founded_month": null,
 "founded_day": null,
 "deadpooled_year": null,
 "deadpooled_month": null,
 "deadpooled_day": null,
 "deadpooled_url": null,
 "tag_list": null,
 "alias_list": null,
 "email_address": null,
 "phone_number": null,
 "description": null,
 "created_at": "Wed Jun 05 09:17:26 UTC 2013",
 "updated_at": "Wed Jun 05 09:17:26 UTC 2013",
 "overview": null,
 "image": null,
 "products":
  [],
 "relationships":
  [{"is_past": true,
    "title": "Interim Chief Financial Officer",
    "person":
     {"first_name": "David",
      "last_name": "Cordo",
      "permalink": "david-cordo"}},
   {"is_past": true,
    "title": "Board Director",
    "person":
     {"first_name": "Michael",
      "last_name": "Ross",
      "permalink": "michael-ross-2"}}],
 "competitions":
  [],
 "providerships":
  [],
 "total_money_raised": "$0",
 "funding_rounds":
  [],
 "investments":
  [],
 "acquisition": null,
 "acquisitions":
  [],
 "offices":
  [],
 "milestones":
  [],
 "ipo": null,
 "video_embeds":
  [],
 "screenshots":
  [],
 "external_links":
  [],
 "partners":
  []}
