{"name": "Alive.com",
 "permalink": "alive-com",
 "crunchbase_url": "http://www.crunchbase.com/company/alive-com",
 "homepage_url": "http://alive.com",
 "blog_url": "",
 "blog_feed_url": "",
 "twitter_username": "aliveHealth",
 "category_code": null,
 "number_of_employees": null,
 "founded_year": null,
 "founded_month": null,
 "founded_day": null,
 "deadpooled_year": null,
 "deadpooled_month": null,
 "deadpooled_day": null,
 "deadpooled_url": null,
 "tag_list": null,
 "alias_list": "",
 "email_address": "",
 "phone_number": "",
 "description": "",
 "created_at": "Mon Jun 03 07:50:29 UTC 2013",
 "updated_at": "Wed Jun 19 20:23:44 UTC 2013",
 "overview": null,
 "image":
  {"available_sizes":
    [[[150,
       58],
      "http://api-images.crunchbase.com/assets/images/resized/0027/7537/277537v1-max-150x150.png"],
     [[221,
       86],
      "http://api-images.crunchbase.com/assets/images/resized/0027/7537/277537v1-max-250x250.png"],
     [[221,
       86],
      "http://api-images.crunchbase.com/assets/images/resized/0027/7537/277537v1-max-450x450.png"]],
   "attribution": null},
 "products":
  [],
 "relationships":
  [{"is_past": true,
    "title": "Business Development",
    "person":
     {"first_name": "Tricia",
      "last_name": "Iboshi",
      "permalink": "tricia-iboshi"}},
   {"is_past": true,
    "title": "Sales",
    "person":
     {"first_name": "Derek",
      "last_name": "Netelenbos",
      "permalink": "derek-netelenbos"}}],
 "competitions":
  [],
 "providerships":
  [],
 "total_money_raised": "$0",
 "funding_rounds":
  [],
 "investments":
  [],
 "acquisition": null,
 "acquisitions":
  [],
 "offices":
  [],
 "milestones":
  [],
 "ipo": null,
 "video_embeds":
  [],
 "screenshots":
  [{"available_sizes":
     [[[147,
        150],
       "http://api-images.crunchbase.com/assets/images/resized/0027/7538/277538v1-max-150x150.png"],
      [[245,
        250],
       "http://api-images.crunchbase.com/assets/images/resized/0027/7538/277538v1-max-250x250.png"],
      [[441,
        450],
       "http://api-images.crunchbase.com/assets/images/resized/0027/7538/277538v1-max-450x450.png"]],
    "attribution": null}],
 "external_links":
  [],
 "partners":
  []}
