{"name": "Allene M Dodge, Regulatory Affairs Consultant, LLC",
 "permalink": "allene-m-dodge-regulatory-affairs-consultant-llc",
 "crunchbase_url": "http://www.crunchbase.com/company/allene-m-dodge-regulatory-affairs-consultant-llc",
 "homepage_url": null,
 "blog_url": null,
 "blog_feed_url": null,
 "twitter_username": null,
 "category_code": null,
 "number_of_employees": null,
 "founded_year": null,
 "founded_month": null,
 "founded_day": null,
 "deadpooled_year": null,
 "deadpooled_month": null,
 "deadpooled_day": null,
 "deadpooled_url": null,
 "tag_list": null,
 "alias_list": null,
 "email_address": null,
 "phone_number": null,
 "description": null,
 "created_at": "Thu Jun 06 05:46:24 UTC 2013",
 "updated_at": "Thu Jun 06 05:46:24 UTC 2013",
 "overview": null,
 "image": null,
 "products":
  [],
 "relationships":
  [{"is_past": false,
    "title": "Independent Regulatory Affairs Consultant",
    "person":
     {"first_name": "Allene",
      "last_name": "Dodge",
      "permalink": "allene-dodge"}}],
 "competitions":
  [],
 "providerships":
  [],
 "total_money_raised": "$0",
 "funding_rounds":
  [],
 "investments":
  [],
 "acquisition": null,
 "acquisitions":
  [],
 "offices":
  [],
 "milestones":
  [],
 "ipo": null,
 "video_embeds":
  [],
 "screenshots":
  [],
 "external_links":
  [],
 "partners":
  []}
