{"name": "Allegory Law",
 "permalink": "allegory-law",
 "crunchbase_url": "http://www.crunchbase.com/company/allegory-law",
 "homepage_url": "http://allegorylaw.com",
 "blog_url": "http://allegorylaw.com/blog/",
 "blog_feed_url": "",
 "twitter_username": "AllegoryLaw",
 "category_code": "legal",
 "number_of_employees": null,
 "founded_year": 2011,
 "founded_month": null,
 "founded_day": null,
 "deadpooled_year": null,
 "deadpooled_month": null,
 "deadpooled_day": null,
 "deadpooled_url": null,
 "tag_list": "",
 "alias_list": "",
 "email_address": "alma@allegorylaw.com",
 "phone_number": "(646) 201-0036",
 "description": "Full service litigation solution",
 "created_at": "Mon Jun 03 09:59:09 UTC 2013",
 "updated_at": "Fri Mar 14 05:53:30 UTC 2014",
 "overview": "\u003Cp\u003EAllegory is an intuitive knowledge management tool designed to bridge the persistent gap between litigation and technology in exciting and innovative new ways. Designed by a BigLaw litigator who excelled in complex fast-paced litigations and built by a group of experienced engineers focused on user experience (a critical component too often underestimated in most litigation tools), Allegory is the first tool to bring the best of both litigation and technology to your fingertips.\u003C/p\u003E",
 "image":
  {"available_sizes":
    [[[138,
       45],
      "http://api-images.crunchbase.com/assets/images/resized/0027/0552/270552v1-max-150x150.png"],
     [[138,
       45],
      "http://api-images.crunchbase.com/assets/images/resized/0027/0552/270552v1-max-250x250.png"],
     [[138,
       45],
      "http://api-images.crunchbase.com/assets/images/resized/0027/0552/270552v1-max-450x450.png"]],
   "attribution": null},
 "products":
  [],
 "relationships":
  [{"is_past": false,
    "title": "Founder and Chief Executive Officer",
    "person":
     {"first_name": "Alma",
      "last_name": "Asay",
      "permalink": "alma-asay"}},
   {"is_past": false,
    "title": "Chief Technology Officer",
    "person":
     {"first_name": "Dave",
      "last_name": "Rogers",
      "permalink": "dave-rogers"}}],
 "competitions":
  [],
 "providerships":
  [],
 "total_money_raised": "$550k",
 "funding_rounds":
  [{"id": 39144,
    "round_code": "seed",
    "source_url": "http://www.sec.gov/Archives/edgar/data/1573042/000157304213000001/xslFormDX01/primary_doc.xml",
    "source_description": "SEC",
    "raised_amount": 550000.0,
    "raised_currency_code": "USD",
    "funded_year": 2013,
    "funded_month": 3,
    "funded_day": 27,
    "investments":
     []}],
 "investments":
  [],
 "acquisition": null,
 "acquisitions":
  [],
 "offices":
  [{"description": "",
    "address1": "175 Varick St., 4th Fl.",
    "address2": "",
    "zip_code": "10014",
    "city": "New York",
    "state_code": "NY",
    "country_code": "USA",
    "latitude": null,
    "longitude": null}],
 "milestones":
  [],
 "ipo": null,
 "video_embeds":
  [],
 "screenshots":
  [{"available_sizes":
     [[[150,
        100],
       "http://api-images.crunchbase.com/assets/images/resized/0027/0551/270551v1-max-150x150.png"],
      [[250,
        168],
       "http://api-images.crunchbase.com/assets/images/resized/0027/0551/270551v1-max-250x250.png"],
      [[450,
        302],
       "http://api-images.crunchbase.com/assets/images/resized/0027/0551/270551v1-max-450x450.png"]],
    "attribution": null}],
 "external_links":
  [],
 "partners":
  []}
