{"name": "Allen Technologies",
 "permalink": "allen-technologies",
 "crunchbase_url": "http://www.crunchbase.com/company/allen-technologies",
 "homepage_url": null,
 "blog_url": null,
 "blog_feed_url": null,
 "twitter_username": null,
 "category_code": null,
 "number_of_employees": null,
 "founded_year": null,
 "founded_month": null,
 "founded_day": null,
 "deadpooled_year": null,
 "deadpooled_month": null,
 "deadpooled_day": null,
 "deadpooled_url": null,
 "tag_list": null,
 "alias_list": null,
 "email_address": null,
 "phone_number": null,
 "description": null,
 "created_at": "Wed May 22 06:50:53 UTC 2013",
 "updated_at": "Wed May 22 06:50:53 UTC 2013",
 "overview": null,
 "image": null,
 "products":
  [],
 "relationships":
  [{"is_past": true,
    "title": "CFO",
    "person":
     {"first_name": "Tom",
      "last_name": "Sloss",
      "permalink": "tom-sloss"}},
   {"is_past": true,
    "title": "Controller",
    "person":
     {"first_name": "Kristy",
      "last_name": "O\u2019Rourke",
      "permalink": "kristy-orourke"}}],
 "competitions":
  [],
 "providerships":
  [],
 "total_money_raised": "$0",
 "funding_rounds":
  [],
 "investments":
  [],
 "acquisition": null,
 "acquisitions":
  [],
 "offices":
  [],
 "milestones":
  [],
 "ipo": null,
 "video_embeds":
  [],
 "screenshots":
  [],
 "external_links":
  [],
 "partners":
  []}
