{"name": "Alliant Techsystems",
 "permalink": "alliant-techsystems",
 "crunchbase_url": "http://www.crunchbase.com/company/alliant-techsystems",
 "homepage_url": "http://atk.com",
 "blog_url": "",
 "blog_feed_url": "",
 "twitter_username": null,
 "category_code": "manufacturing",
 "number_of_employees": null,
 "founded_year": 1990,
 "founded_month": null,
 "founded_day": null,
 "deadpooled_year": null,
 "deadpooled_month": null,
 "deadpooled_day": null,
 "deadpooled_url": null,
 "tag_list": null,
 "alias_list": "",
 "email_address": "SportingGroup.BDev@atk.com",
 "phone_number": "801-250-5911",
 "description": "",
 "created_at": "Fri May 31 10:36:11 UTC 2013",
 "updated_at": "Tue Nov 05 03:57:34 UTC 2013",
 "overview": "\u003Cp\u003EAlliant Techsystems Inc. engages in the provision of aerospace, defense, and commercial products to the U.S. government, allied nations, and prime contractors. The company also supplies ammunition and related accessories to law enforcement agencies and commercial customers.Alliant Techsystems Inc. was founded in 1990 and is headquartered in Arlington, Virginia. \u003C/p\u003E",
 "image":
  {"available_sizes":
    [[[125,
       42],
      "http://api-images.crunchbase.com/assets/images/resized/0035/3148/353148v1-max-150x150.png"],
     [[125,
       42],
      "http://api-images.crunchbase.com/assets/images/resized/0035/3148/353148v1-max-250x250.png"],
     [[125,
       42],
      "http://api-images.crunchbase.com/assets/images/resized/0035/3148/353148v1-max-450x450.png"]],
   "attribution": null},
 "products":
  [],
 "relationships":
  [{"is_past": false,
    "title": "Director and Chairman of the Audit Committee",
    "person":
     {"first_name": "Douglas",
      "last_name": "L. Maine",
      "permalink": "douglas-l-maine"}},
   {"is_past": false,
    "title": "President \u0026 CEO",
    "person":
     {"first_name": "Mark",
      "last_name": "W. DeYoung",
      "permalink": "mark-w-deyoung"}},
   {"is_past": false,
    "title": "CFO",
    "person":
     {"first_name": "Neal",
      "last_name": "S. Cohen",
      "permalink": "neal-s-cohen"}},
   {"is_past": true,
    "title": "Director",
    "person":
     {"first_name": "Gilbert",
      "last_name": "F. Decker",
      "permalink": "gilbert-f-decker"}},
   {"is_past": true,
    "title": "Director",
    "person":
     {"first_name": "Roman",
      "last_name": "Martinez IV",
      "permalink": "roman-martinez-iv"}}],
 "competitions":
  [],
 "providerships":
  [],
 "total_money_raised": "$0",
 "funding_rounds":
  [],
 "investments":
  [],
 "acquisition": null,
 "acquisitions":
  [{"price_amount": 985000000.0,
    "price_currency_code": "USD",
    "term_code": null,
    "source_url": "http://www.bizjournals.com/kansascity/news/2013/11/04/atk-completes-985-million-acquisition.html?ana=twt",
    "source_description": "ATK completes $985M acquisition of Bushnell",
    "acquired_year": 2013,
    "acquired_month": 11,
    "acquired_day": 4,
    "company":
     {"name": "Bushnell",
      "permalink": "bushnell"}}],
 "offices":
  [{"description": "",
    "address1": "1501 S. Clinton St., Canton Crossing Tower",
    "address2": "11th Floor",
    "zip_code": "21224",
    "city": "Baltimore",
    "state_code": "MD",
    "country_code": "USA",
    "latitude": null,
    "longitude": null}],
 "milestones":
  [{"id": 39435,
    "description": "ATK buying scope-maker Bushnell for $985M",
    "stoned_year": 2013,
    "stoned_month": 9,
    "stoned_day": 6,
    "source_url": "http://www.bizjournals.com/twincities/morning_roundup/2013/09/atk-buying-scope-maker-bushnell-for.html",
    "source_text": "",
    "source_description": "ATK buying scope-maker Bushnell for $985M",
    "stoneable_type": "Company",
    "stoned_value": null,
    "stoned_value_type": null,
    "stoned_acquirer": null,
    "stoneable":
     {"name": "Alliant Techsystems",
      "permalink": "alliant-techsystems"}}],
 "ipo":
  {"valuation_amount": null,
   "valuation_currency_code": "USD",
   "pub_year": null,
   "pub_month": null,
   "pub_day": null,
   "stock_symbol": "NYSE:ATK"},
 "video_embeds":
  [],
 "screenshots":
  [{"available_sizes":
     [[[150,
        86],
       "http://api-images.crunchbase.com/assets/images/resized/0035/3154/353154v1-max-150x150.png"],
      [[250,
        143],
       "http://api-images.crunchbase.com/assets/images/resized/0035/3154/353154v1-max-250x250.png"],
      [[450,
        258],
       "http://api-images.crunchbase.com/assets/images/resized/0035/3154/353154v1-max-450x450.png"]],
    "attribution": null}],
 "external_links":
  [],
 "partners":
  []}
