{"name": "Allied Signal Aerospace",
 "permalink": "allied-signal-aerospace",
 "crunchbase_url": "http://www.crunchbase.com/company/allied-signal-aerospace",
 "homepage_url": null,
 "blog_url": null,
 "blog_feed_url": null,
 "twitter_username": null,
 "category_code": null,
 "number_of_employees": null,
 "founded_year": null,
 "founded_month": null,
 "founded_day": null,
 "deadpooled_year": null,
 "deadpooled_month": null,
 "deadpooled_day": null,
 "deadpooled_url": null,
 "tag_list": null,
 "alias_list": null,
 "email_address": null,
 "phone_number": null,
 "description": null,
 "created_at": "Fri May 31 11:36:28 UTC 2013",
 "updated_at": "Fri May 31 11:36:28 UTC 2013",
 "overview": null,
 "image": null,
 "products":
  [],
 "relationships":
  [{"is_past": false,
    "title": "principal design engineer",
    "person":
     {"first_name": "David",
      "last_name": "Dewis",
      "permalink": "david-dewis"}},
   {"is_past": true,
    "title": "VP Finance \u0026 IT- Bus. Svc. Div.",
    "person":
     {"first_name": "Bob",
      "last_name": "Habig",
      "permalink": "bob-habig"}},
   {"is_past": true,
    "title": "Various Positions",
    "person":
     {"first_name": "Jeffrey",
      "last_name": "Wilke",
      "permalink": "jeffrey-wilke"}},
   {"is_past": true,
    "title": "Project Engineer",
    "person":
     {"first_name": "Warren",
      "last_name": "Sumner",
      "permalink": "warren-sumner"}},
   {"is_past": true,
    "title": "Audit Management Positions",
    "person":
     {"first_name": "Mark",
      "last_name": "S. Magath",
      "permalink": "mark-s-magath"}},
   {"is_past": true,
    "title": "Manager of Engineering Sciences Computer Systems",
    "person":
     {"first_name": "Daren",
      "last_name": "Thayne",
      "permalink": "daren-thayne"}},
   {"is_past": true,
    "title": "Senior Management",
    "person":
     {"first_name": "Paul",
      "last_name": "Humphries",
      "permalink": "paul-humphries"}},
   {"is_past": true,
    "title": "Product Development",
    "person":
     {"first_name": "Randall",
      "last_name": "Sprague",
      "permalink": "randall-sprague"}}],
 "competitions":
  [],
 "providerships":
  [],
 "total_money_raised": "$0",
 "funding_rounds":
  [],
 "investments":
  [],
 "acquisition": null,
 "acquisitions":
  [],
 "offices":
  [],
 "milestones":
  [],
 "ipo": null,
 "video_embeds":
  [],
 "screenshots":
  [],
 "external_links":
  [],
 "partners":
  []}
