{"name": "AlliedSignal Inc.",
 "permalink": "alliedsignal-inc",
 "crunchbase_url": "http://www.crunchbase.com/company/alliedsignal-inc",
 "homepage_url": null,
 "blog_url": null,
 "blog_feed_url": null,
 "twitter_username": null,
 "category_code": null,
 "number_of_employees": null,
 "founded_year": null,
 "founded_month": null,
 "founded_day": null,
 "deadpooled_year": null,
 "deadpooled_month": null,
 "deadpooled_day": null,
 "deadpooled_url": null,
 "tag_list": null,
 "alias_list": null,
 "email_address": null,
 "phone_number": null,
 "description": null,
 "created_at": "Mon May 27 11:46:54 UTC 2013",
 "updated_at": "Mon May 27 11:46:54 UTC 2013",
 "overview": null,
 "image": null,
 "products":
  [],
 "relationships":
  [{"is_past": false,
    "title": "core chemical and biochemical areas",
    "person":
     {"first_name": "Darryl",
      "last_name": "Webster",
      "permalink": "darryl-webster"}},
   {"is_past": false,
    "title": "Team Member",
    "person":
     {"first_name": "Marijn",
      "last_name": "Dekkers",
      "permalink": "marijn-dekkers"}},
   {"is_past": true,
    "title": "Vice Chairman and a Member of the Board of Directors",
    "person":
     {"first_name": "Daniel",
      "last_name": "P. Burnham",
      "permalink": "daniel-p-burnham"}},
   {"is_past": true,
    "title": "VP, Finance \u0026 CFO, Commercial Aviations Systems",
    "person":
     {"first_name": "Frank",
      "last_name": "A. Wilson",
      "permalink": "frank-a-wilson"}},
   {"is_past": true,
    "title": "Vice President and General Manager of the Engineered Plastics Division",
    "person":
     {"first_name": "Daniel",
      "last_name": "P. Burnham",
      "permalink": "daniel-p-burnham"}},
   {"is_past": true,
    "title": "Vice President of Government Operations",
    "person":
     {"first_name": "Thomas",
      "last_name": "M. Culligan",
      "permalink": "thomas-m-culligan"}},
   {"is_past": true,
    "title": "VP, Operations \u0026 Avionics Products",
    "person":
     {"first_name": "Dusty",
      "last_name": "Tenney",
      "permalink": "dusty-tenney"}},
   {"is_past": true,
    "title": "Director of Corporate Financial Planning \u0026 Analysis",
    "person":
     {"first_name": "Major",
      "last_name": "Horton",
      "permalink": "major-horton"}},
   {"is_past": true,
    "title": "Financial and Managerial Positions",
    "person":
     {"first_name": "Mark",
      "last_name": "Widmar",
      "permalink": "mark-widmar"}},
   {"is_past": true,
    "title": "Senior Mgr. Financial Reporting",
    "person":
     {"first_name": "Alan",
      "last_name": "Taylor",
      "permalink": "alan-taylor"}},
   {"is_past": true,
    "title": "Vice President and Controller",
    "person":
     {"first_name": "Daniel",
      "last_name": "P. Burnham",
      "permalink": "daniel-p-burnham"}},
   {"is_past": true,
    "title": "Director",
    "person":
     {"first_name": "Daniel",
      "last_name": "P. Burnham",
      "permalink": "daniel-p-burnham"}},
   {"is_past": true,
    "title": "Engineering Manager",
    "person":
     {"first_name": "Mike",
      "last_name": "McLaughlin",
      "permalink": "mike-mclaughlin"}},
   {"is_past": true,
    "title": "Senior Management Positions",
    "person":
     {"first_name": "Robert",
      "last_name": "F. Friel",
      "permalink": "robert-f-friel"}},
   {"is_past": true,
    "title": "",
    "person":
     {"first_name": "John",
      "last_name": "Frederick",
      "permalink": "john-frederick"}},
   {"is_past": true,
    "title": "President of its Fibers Group",
    "person":
     {"first_name": "Daniel",
      "last_name": "P. Burnham",
      "permalink": "daniel-p-burnham"}}],
 "competitions":
  [],
 "providerships":
  [],
 "total_money_raised": "$0",
 "funding_rounds":
  [],
 "investments":
  [],
 "acquisition": null,
 "acquisitions":
  [],
 "offices":
  [],
 "milestones":
  [],
 "ipo": null,
 "video_embeds":
  [],
 "screenshots":
  [],
 "external_links":
  [],
 "partners":
  []}
