{"name": "Allied Riser Communications",
 "permalink": "allied-riser-communications",
 "crunchbase_url": "http://www.crunchbase.com/company/allied-riser-communications",
 "homepage_url": null,
 "blog_url": null,
 "blog_feed_url": null,
 "twitter_username": null,
 "category_code": null,
 "number_of_employees": null,
 "founded_year": null,
 "founded_month": null,
 "founded_day": null,
 "deadpooled_year": null,
 "deadpooled_month": null,
 "deadpooled_day": null,
 "deadpooled_url": null,
 "tag_list": null,
 "alias_list": null,
 "email_address": null,
 "phone_number": null,
 "description": null,
 "created_at": "Mon May 27 06:07:36 UTC 2013",
 "updated_at": "Mon May 27 06:07:36 UTC 2013",
 "overview": null,
 "image": null,
 "products":
  [],
 "relationships":
  [{"is_past": true,
    "title": "SVP Engineering \u0026 Operations",
    "person":
     {"first_name": "Tom",
      "last_name": "Guthrie",
      "permalink": "tom-guthrie"}},
   {"is_past": true,
    "title": "Executive Director/Corporate Communications",
    "person":
     {"first_name": "Gary",
      "last_name": "Weitman",
      "permalink": "gary-weitman"}},
   {"is_past": true,
    "title": "Marketing Leadership",
    "person":
     {"first_name": "Jennifer",
      "last_name": "Mao",
      "permalink": "jennifer-mao"}}],
 "competitions":
  [],
 "providerships":
  [],
 "total_money_raised": "$0",
 "funding_rounds":
  [],
 "investments":
  [],
 "acquisition": null,
 "acquisitions":
  [],
 "offices":
  [],
 "milestones":
  [],
 "ipo": null,
 "video_embeds":
  [],
 "screenshots":
  [],
 "external_links":
  [],
 "partners":
  []}
