{"name": "Allocab",
 "permalink": "allocab",
 "crunchbase_url": "http://www.crunchbase.com/company/allocab",
 "homepage_url": "http://www.allocab.com",
 "blog_url": "http://blog.allocab.com",
 "blog_feed_url": "http://feeds.feedburner.com/Allocab",
 "twitter_username": "Allocab",
 "category_code": "mobile",
 "number_of_employees": 3,
 "founded_year": 2011,
 "founded_month": 5,
 "founded_day": 4,
 "deadpooled_year": null,
 "deadpooled_month": null,
 "deadpooled_day": null,
 "deadpooled_url": null,
 "tag_list": "taxi, vtc, private-driver, personal-driver, mototaxi, taximoto, chauffeur-priv",
 "alias_list": null,
 "email_address": "contact@allocab.com",
 "phone_number": "+33665533917",
 "description": "Online private driver reservations",
 "created_at": "Tue May 21 00:50:13 UTC 2013",
 "updated_at": "Fri Mar 21 04:12:49 UTC 2014",
 "overview": "\u003Cp\u003EAllocab, a Paris based technology startup provides a mobile and web application to book private driver driving a limo, a van or a motorcycle.\u003C/p\u003E\n\n\u003Cp\u003EThe service is available in Paris, Marseille, Aix en Provence, Nice, Cannes, Toulon and Monaco.\u003C/p\u003E",
 "image":
  {"available_sizes":
    [[[150,
       150],
      "http://api-images.crunchbase.com/assets/images/resized/0027/1572/271572v2-max-150x150.jpg"],
     [[250,
       250],
      "http://api-images.crunchbase.com/assets/images/resized/0027/1572/271572v2-max-250x250.jpg"],
     [[450,
       450],
      "http://api-images.crunchbase.com/assets/images/resized/0027/1572/271572v2-max-450x450.jpg"]],
   "attribution": null},
 "products":
  [],
 "relationships":
  [{"is_past": false,
    "title": "Co - Founder \u0026 CEO",
    "person":
     {"first_name": "Yanis",
      "last_name": "Kiansky",
      "permalink": "yanis-kiansky"}},
   {"is_past": false,
    "title": "Co - Founder \u0026 CTO",
    "person":
     {"first_name": "Thomas",
      "last_name": "Tiercelin",
      "permalink": "thomas-tiercelin"}}],
 "competitions":
  [],
 "providerships":
  [],
 "total_money_raised": "\u20ac60k",
 "funding_rounds":
  [{"id": 38028,
    "round_code": "angel",
    "source_url": "",
    "source_description": "",
    "raised_amount": 60000.0,
    "raised_currency_code": "EUR",
    "funded_year": 2013,
    "funded_month": 2,
    "funded_day": 20,
    "investments":
     []}],
 "investments":
  [],
 "acquisition": null,
 "acquisitions":
  [],
 "offices":
  [{"description": "Head Quater",
    "address1": "9 Rue Francois Villon",
    "address2": "",
    "zip_code": "75015",
    "city": "Paris",
    "state_code": null,
    "country_code": "FRA",
    "latitude": 48.8384967,
    "longitude": 2.2999997}],
 "milestones":
  [],
 "ipo": null,
 "video_embeds":
  [],
 "screenshots":
  [{"available_sizes":
     [[[100,
        150],
       "http://api-images.crunchbase.com/assets/images/resized/0026/4709/264709v2-max-150x150.jpg"],
      [[166,
        250],
       "http://api-images.crunchbase.com/assets/images/resized/0026/4709/264709v2-max-250x250.jpg"],
      [[300,
        450],
       "http://api-images.crunchbase.com/assets/images/resized/0026/4709/264709v2-max-450x450.jpg"]],
    "attribution": null},
   {"available_sizes":
     [[[100,
        150],
       "http://api-images.crunchbase.com/assets/images/resized/0026/4710/264710v2-max-150x150.jpg"],
      [[166,
        250],
       "http://api-images.crunchbase.com/assets/images/resized/0026/4710/264710v2-max-250x250.jpg"],
      [[300,
        450],
       "http://api-images.crunchbase.com/assets/images/resized/0026/4710/264710v2-max-450x450.jpg"]],
    "attribution": null},
   {"available_sizes":
     [[[100,
        150],
       "http://api-images.crunchbase.com/assets/images/resized/0026/4711/264711v2-max-150x150.jpg"],
      [[166,
        250],
       "http://api-images.crunchbase.com/assets/images/resized/0026/4711/264711v2-max-250x250.jpg"],
      [[300,
        450],
       "http://api-images.crunchbase.com/assets/images/resized/0026/4711/264711v2-max-450x450.jpg"]],
    "attribution": null},
   {"available_sizes":
     [[[100,
        150],
       "http://api-images.crunchbase.com/assets/images/resized/0026/4712/264712v2-max-150x150.jpg"],
      [[166,
        250],
       "http://api-images.crunchbase.com/assets/images/resized/0026/4712/264712v2-max-250x250.jpg"],
      [[300,
        450],
       "http://api-images.crunchbase.com/assets/images/resized/0026/4712/264712v2-max-450x450.jpg"]],
    "attribution": null},
   {"available_sizes":
     [[[100,
        150],
       "http://api-images.crunchbase.com/assets/images/resized/0026/4713/264713v2-max-150x150.jpg"],
      [[166,
        250],
       "http://api-images.crunchbase.com/assets/images/resized/0026/4713/264713v2-max-250x250.jpg"],
      [[300,
        450],
       "http://api-images.crunchbase.com/assets/images/resized/0026/4713/264713v2-max-450x450.jpg"]],
    "attribution": null}],
 "external_links":
  [],
 "partners":
  []}
