{"name": "Alloy Media + Marketing",
 "permalink": "alloy-media-marketing",
 "crunchbase_url": "http://www.crunchbase.com/company/alloy-media-marketing",
 "homepage_url": null,
 "blog_url": null,
 "blog_feed_url": null,
 "twitter_username": null,
 "category_code": null,
 "number_of_employees": null,
 "founded_year": null,
 "founded_month": null,
 "founded_day": null,
 "deadpooled_year": null,
 "deadpooled_month": null,
 "deadpooled_day": null,
 "deadpooled_url": null,
 "tag_list": null,
 "alias_list": null,
 "email_address": null,
 "phone_number": null,
 "description": null,
 "created_at": "Wed Jun 05 03:29:59 UTC 2013",
 "updated_at": "Wed Jun 05 03:29:59 UTC 2013",
 "overview": null,
 "image": null,
 "products":
  [],
 "relationships":
  [{"is_past": false,
    "title": "Investor",
    "person":
     {"first_name": "William",
      "last_name": "Meurer",
      "permalink": "william-meurer"}},
   {"is_past": true,
    "title": "VP, Corporate Marketing",
    "person":
     {"first_name": "Elizabeth",
      "last_name": "Hellman",
      "permalink": "elizabeth-hellman"}},
   {"is_past": true,
    "title": "Director, Interactive Ad Sales \u0026 Branded Entertainment",
    "person":
     {"first_name": "Brian",
      "last_name": "Liebler",
      "permalink": "brian-liebler"}}],
 "competitions":
  [],
 "providerships":
  [],
 "total_money_raised": "$0",
 "funding_rounds":
  [],
 "investments":
  [],
 "acquisition": null,
 "acquisitions":
  [],
 "offices":
  [],
 "milestones":
  [],
 "ipo": null,
 "video_embeds":
  [],
 "screenshots":
  [],
 "external_links":
  [],
 "partners":
  []}
