{"name": "AllPosters.com",
 "permalink": "allposters-com",
 "crunchbase_url": "http://www.crunchbase.com/company/allposters-com",
 "homepage_url": "http://allposters.com",
 "blog_url": "",
 "blog_feed_url": "",
 "twitter_username": null,
 "category_code": "design",
 "number_of_employees": null,
 "founded_year": null,
 "founded_month": null,
 "founded_day": null,
 "deadpooled_year": null,
 "deadpooled_month": null,
 "deadpooled_day": null,
 "deadpooled_url": null,
 "tag_list": null,
 "alias_list": "",
 "email_address": "",
 "phone_number": "",
 "description": "",
 "created_at": "Sun May 26 06:53:28 UTC 2013",
 "updated_at": "Wed Oct 09 17:56:17 UTC 2013",
 "overview": "\u003Cp\u003EAllPosters.com is dedicated to bringing customers the best selection of posters and art prints in the world. Our range of hundreds of thousands of posters and art prints, combined with our framing and mounting services and 100% satisfaction guarantee, make it simple and safe for customers to find a selection that is perfect for their home, apartment, or office.\u003C/p\u003E",
 "image":
  {"available_sizes":
    [[[150,
       150],
      "http://api-images.crunchbase.com/assets/images/resized/0032/6333/326333v1-max-150x150.png"],
     [[250,
       250],
      "http://api-images.crunchbase.com/assets/images/resized/0032/6333/326333v1-max-250x250.png"],
     [[300,
       300],
      "http://api-images.crunchbase.com/assets/images/resized/0032/6333/326333v1-max-450x450.png"]],
   "attribution": null},
 "products":
  [],
 "relationships":
  [{"is_past": false,
    "title": "Sr. Vice President of Merchandising",
    "person":
     {"first_name": "Gary",
      "last_name": "Takemoto",
      "permalink": "gary-takemoto"}}],
 "competitions":
  [],
 "providerships":
  [],
 "total_money_raised": "$0",
 "funding_rounds":
  [],
 "investments":
  [],
 "acquisition":
  {"price_amount": null,
   "price_currency_code": "USD",
   "term_code": null,
   "source_url": "http://www.bizjournals.com/triangle/stories/2005/02/21/story1.html?page=all",
   "source_description": "",
   "acquired_year": 2005,
   "acquired_month": 4,
   "acquired_day": 11,
   "acquiring_company":
    {"name": "Art.com",
     "permalink": "art-com"}},
 "acquisitions":
  [],
 "offices":
  [],
 "milestones":
  [],
 "ipo": null,
 "video_embeds":
  [],
 "screenshots":
  [],
 "external_links":
  [],
 "partners":
  []}
