{"name": "Almondy",
 "permalink": "almondy",
 "crunchbase_url": "http://www.crunchbase.com/company/almondy",
 "homepage_url": "http://www.almondy.com",
 "blog_url": "",
 "blog_feed_url": "",
 "twitter_username": null,
 "category_code": "hospitality",
 "number_of_employees": null,
 "founded_year": 1992,
 "founded_month": null,
 "founded_day": null,
 "deadpooled_year": null,
 "deadpooled_month": null,
 "deadpooled_day": null,
 "deadpooled_url": null,
 "tag_list": "",
 "alias_list": "",
 "email_address": "uk@almondy.com",
 "phone_number": "+44 (0)20 7795 8148",
 "description": "",
 "created_at": "Thu May 16 07:13:04 UTC 2013",
 "updated_at": "Fri May 17 09:57:06 UTC 2013",
 "overview": "\u003Cp\u003EAlmondy is a young and ambitious t\u00e5rta bakery from Sweden, selling own brand frozen t\u00e5rta to both retail and foodservice customers. Almondy was founded in Gothenburg in 1982, under the name Mandelbageriet (the Almond Bakery).\u003C/p\u003E\n\n\u003Cp\u003EOur premium thaw and serve range is focused to 14 irresistible recipes, including Almondy original almond t\u00e5rta, the three best sellers Almondy almond t\u00e5rta with DAIM, Almondy almond t\u00e5rta topped with pieces of Toblerone and Almondy meringue t\u00e5rta with Marabou milk chocolate. In 2012 we are launching our very own, fantastic mousse t\u00e5rta range. It comes in three irresistible flavors, Almondy Mousse Lovely Lemon Curd, Almondy Mousse Creamy Chocolate Truffle and Almondy Mousse Sweet Strawberry White.\u003C/p\u003E\n\n\u003Cp\u003EIn our bakery (which also serves as head office) in Torslanda, just outside Gothenburg, we employ just over 100 bakers and we bake some 72,000 t\u00e5rta every day. We also have some \u2018happy bakers\u2019 in our sales offices in Hamburg (Germany) and in London (the UK). 85% of our t\u00e5rta are exported to 41 countries, mainly in Europe but also to North America, Asia and Australia.\u003C/p\u003E",
 "image":
  {"available_sizes":
    [[[150,
       47],
      "http://api-images.crunchbase.com/assets/images/resized/0026/2900/262900v1-max-150x150.png"],
     [[250,
       79],
      "http://api-images.crunchbase.com/assets/images/resized/0026/2900/262900v1-max-250x250.png"],
     [[352,
       112],
      "http://api-images.crunchbase.com/assets/images/resized/0026/2900/262900v1-max-450x450.png"]],
   "attribution": null},
 "products":
  [],
 "relationships":
  [],
 "competitions":
  [],
 "providerships":
  [],
 "total_money_raised": "kr119M",
 "funding_rounds":
  [{"id": 37871,
    "round_code": "a",
    "source_url": "",
    "source_description": "Smedvig Portfolio",
    "raised_amount": 52000000.0,
    "raised_currency_code": "SEK",
    "funded_year": 1996,
    "funded_month": 1,
    "funded_day": 1,
    "investments":
     [{"company": null,
       "financial_org":
        {"name": "Smedvig Capital",
         "permalink": "smedvig-capital"},
       "person": null}]},
   {"id": 37872,
    "round_code": "b",
    "source_url": "",
    "source_description": "Smedvig Portfolio",
    "raised_amount": 37510000.0,
    "raised_currency_code": "SEK",
    "funded_year": 2005,
    "funded_month": 3,
    "funded_day": 22,
    "investments":
     [{"company": null,
       "financial_org":
        {"name": "Smedvig Capital",
         "permalink": "smedvig-capital"},
       "person": null}]},
   {"id": 37873,
    "round_code": "c",
    "source_url": "",
    "source_description": "Smedvig Portfolio",
    "raised_amount": 29660000.0,
    "raised_currency_code": "SEK",
    "funded_year": 2008,
    "funded_month": 2,
    "funded_day": 5,
    "investments":
     [{"company": null,
       "financial_org":
        {"name": "Smedvig Capital",
         "permalink": "smedvig-capital"},
       "person": null}]}],
 "investments":
  [],
 "acquisition":
  {"price_amount": null,
   "price_currency_code": "USD",
   "term_code": "cash",
   "source_url": "http://www.pehub.com/4549/almondy-switches-sponsors/",
   "source_description": "Almondy Switches Sponsors",
   "acquired_year": 2008,
   "acquired_month": 6,
   "acquired_day": 30,
   "acquiring_company":
    {"name": "Segulah",
     "permalink": "segulah-deleted"}},
 "acquisitions":
  [],
 "offices":
  [{"description": "",
    "address1": "St James House",
    "address2": "13 Kensington Square",
    "zip_code": "w8 SHD",
    "city": "London",
    "state_code": null,
    "country_code": "GBR",
    "latitude": null,
    "longitude": null}],
 "milestones":
  [],
 "ipo": null,
 "video_embeds":
  [],
 "screenshots":
  [],
 "external_links":
  [],
 "partners":
  []}
