{"name": "AlphaCare Holdings",
 "permalink": "alphacare-holdings",
 "crunchbase_url": "http://www.crunchbase.com/company/alphacare-holdings",
 "homepage_url": "http://alphacare.com",
 "blog_url": "",
 "blog_feed_url": "",
 "twitter_username": "AlphaCareNY",
 "category_code": "biotech",
 "number_of_employees": null,
 "founded_year": 2012,
 "founded_month": null,
 "founded_day": null,
 "deadpooled_year": null,
 "deadpooled_month": null,
 "deadpooled_day": null,
 "deadpooled_url": null,
 "tag_list": "",
 "alias_list": "",
 "email_address": "",
 "phone_number": "(212) 466-6000",
 "description": "Accessible \u0026 Affordable Health Coverage",
 "created_at": "Thu May 30 03:46:36 UTC 2013",
 "updated_at": "Fri Jan 17 04:26:52 UTC 2014",
 "overview": "\u003Cp\u003EAlphaCare of New York is a Medicaid managed long-term care plan serving the Bronx, Brooklyn, New York, Queens and Westchester County.\u003C/p\u003E\n\n\u003Cp\u003EAlphaCare is designed for chronically ill and disabled individuals who want to continue to live in their home, but need assistance with day-to-day health activities.\u003C/p\u003E",
 "image":
  {"available_sizes":
    [[[150,
       34],
      "http://api-images.crunchbase.com/assets/images/resized/0030/7213/307213v1-max-150x150.png"],
     [[250,
       57],
      "http://api-images.crunchbase.com/assets/images/resized/0030/7213/307213v1-max-250x250.png"],
     [[450,
       103],
      "http://api-images.crunchbase.com/assets/images/resized/0030/7213/307213v1-max-450x450.png"]],
   "attribution": null},
 "products":
  [],
 "relationships":
  [{"is_past": false,
    "title": "CEO",
    "person":
     {"first_name": "Shana",
      "last_name": "Carrico",
      "permalink": "shana-carrico"}},
   {"is_past": true,
    "title": "CCO",
    "person":
     {"first_name": "Michael",
      "last_name": "Irvin",
      "permalink": "michael-irvin-2"}},
   {"is_past": true,
    "title": "SVP of Business Development",
    "person":
     {"first_name": "Michael",
      "last_name": "Irvin",
      "permalink": "michael-irvin-2"}},
   {"is_past": true,
    "title": "COO",
    "person":
     {"first_name": "Brian",
      "last_name": "Morgan",
      "permalink": "brian-morgan"}}],
 "competitions":
  [],
 "providerships":
  [],
 "total_money_raised": "$17.4M",
 "funding_rounds":
  [{"id": 38771,
    "round_code": "unattributed",
    "source_url": "http://www.finsmes.com/2013/08/alphacare-receives-majority-investment-magellan-health-services.html",
    "source_description": "AlphaCare receives majority investment from Magellan Health Services",
    "raised_amount": null,
    "raised_currency_code": "USD",
    "funded_year": 2013,
    "funded_month": 8,
    "funded_day": 14,
    "investments":
     [{"company":
        {"name": "Magellan Health Services",
         "permalink": "magellan-health-services"},
       "financial_org": null,
       "person": null}]},
   {"id": 61384,
    "round_code": "unattributed",
    "source_url": "http://www.sec.gov/Archives/edgar/data/1596549/000159654914000001/xslFormDX01/primary_doc.xml",
    "source_description": "SEC",
    "raised_amount": 17415364.0,
    "raised_currency_code": "USD",
    "funded_year": 2014,
    "funded_month": 1,
    "funded_day": 14,
    "investments":
     []}],
 "investments":
  [],
 "acquisition": null,
 "acquisitions":
  [],
 "offices":
  [{"description": "",
    "address1": "335 Adams Street",
    "address2": "FL 26",
    "zip_code": "11201",
    "city": "Brooklyn",
    "state_code": "NY",
    "country_code": "USA",
    "latitude": null,
    "longitude": null}],
 "milestones":
  [],
 "ipo": null,
 "video_embeds":
  [],
 "screenshots":
  [],
 "external_links":
  [],
 "partners":
  []}
