{"name": "Alpha Software Technologies India",
 "permalink": "alpha-software-technologies-india",
 "crunchbase_url": "http://www.crunchbase.com/company/alpha-software-technologies-india",
 "homepage_url": "http://www.alphasofttech.com",
 "blog_url": "http://blog.alphasofttech.com/",
 "blog_feed_url": "",
 "twitter_username": "Alpha_SoftTech",
 "category_code": "software",
 "number_of_employees": 10,
 "founded_year": 2012,
 "founded_month": 1,
 "founded_day": 12,
 "deadpooled_year": null,
 "deadpooled_month": null,
 "deadpooled_day": null,
 "deadpooled_url": null,
 "tag_list": "alphasofttech, mobile, cloud, android, iphone, analytics, html5, web-apps",
 "alias_list": null,
 "email_address": "sales@alphasofttech.com",
 "phone_number": "",
 "description": "Enterprise Mobility, Cloud Computing, Da",
 "created_at": "Sun May 26 12:41:44 UTC 2013",
 "updated_at": "Tue May 28 14:33:05 UTC 2013",
 "overview": "\u003Cp\u003EWHO WE ARE?\u003C/p\u003E\n\n\u003Cp\u003EAlpha Soft Tech is a global software services organization with a strong focus on new generation technology platforms. We offer innovative technology software solutions that ranges from Productivity, Mobility and Entertainment to small and medium enterprises all over the world.\u003C/p\u003E\n\n\u003Cp\u003EWHY WE DO?\u003C/p\u003E\n\n\u003Cp\u003EThough we have a small team, we have strong experience in developing and delivering software solutions with at most perfection and quality. Our competencies in Agile methodologies and processes have helped us meet our commitment and responsibility to achieve our milestones.\u003C/p\u003E\n\n\u003Cp\u003EVALUES\u003C/p\u003E\n\n\u003Cp\u003EWe believe in building lasting relationships with our clients beyond business. We always deliver our services way more than what our customer expects and their service levels.\u003C/p\u003E\n\n\u003Cp\u003EVISION\u003C/p\u003E\n\n\u003Cp\u003ETo be the most innovative and the preferred technology partner for business leaders across the geographies.\u003C/p\u003E",
 "image": null,
 "products":
  [],
 "relationships":
  [{"is_past": false,
    "title": "VP - Projects \u0026 Co-founder",
    "person":
     {"first_name": "Regupathy",
      "last_name": "Balan",
      "permalink": "regupathy-balan"}},
   {"is_past": false,
    "title": "VP - Sales \u0026 Co-founder",
    "person":
     {"first_name": "Rashmi",
      "last_name": "Radhakrishnan",
      "permalink": "rashmi-radhakrishnan"}},
   {"is_past": false,
    "title": "VP - Technology",
    "person":
     {"first_name": "Mohan",
      "last_name": "Eswar",
      "permalink": "mohan-eswar"}},
   {"is_past": true,
    "title": "Chief Executive Officer",
    "person":
     {"first_name": "Dineshkumar",
      "last_name": "Muthuraj",
      "permalink": "dineshkumar-muthuraj"}}],
 "competitions":
  [],
 "providerships":
  [],
 "total_money_raised": "$0",
 "funding_rounds":
  [],
 "investments":
  [],
 "acquisition": null,
 "acquisitions":
  [],
 "offices":
  [{"description": "Registered Office",
    "address1": "Alpha Soft Tech India Pvt Ltd,",
    "address2": "No: 12, Erattai Malai Srinivasan St, Ambedkar Nagar, Zamin pallavaram,",
    "zip_code": "600 043",
    "city": "Chennai",
    "state_code": null,
    "country_code": "IND",
    "latitude": null,
    "longitude": null}],
 "milestones":
  [],
 "ipo": null,
 "video_embeds":
  [],
 "screenshots":
  [],
 "external_links":
  [],
 "partners":
  []}
