{"name": "Altana Pharna AG / Nycomed",
 "permalink": "altana-pharna-ag-nycomed",
 "crunchbase_url": "http://www.crunchbase.com/company/altana-pharna-ag-nycomed",
 "homepage_url": null,
 "blog_url": null,
 "blog_feed_url": null,
 "twitter_username": null,
 "category_code": null,
 "number_of_employees": null,
 "founded_year": null,
 "founded_month": null,
 "founded_day": null,
 "deadpooled_year": null,
 "deadpooled_month": null,
 "deadpooled_day": null,
 "deadpooled_url": null,
 "tag_list": null,
 "alias_list": null,
 "email_address": null,
 "phone_number": null,
 "description": null,
 "created_at": "Mon May 27 15:40:58 UTC 2013",
 "updated_at": "Mon May 27 15:40:58 UTC 2013",
 "overview": null,
 "image": null,
 "products":
  [],
 "relationships":
  [{"is_past": true,
    "title": "Executive Board Member Business Strategy \u0026 Commercial Operations/EVP Commercial Operations",
    "person":
     {"first_name": "Otto",
      "last_name": "Schwarz",
      "permalink": "otto-schwarz"}},
   {"is_past": true,
    "title": "Head, Integration",
    "person":
     {"first_name": "Hakan",
      "last_name": "Bjorklund",
      "permalink": "hakan-bjorklund"}}],
 "competitions":
  [],
 "providerships":
  [],
 "total_money_raised": "$0",
 "funding_rounds":
  [],
 "investments":
  [],
 "acquisition": null,
 "acquisitions":
  [],
 "offices":
  [],
 "milestones":
  [],
 "ipo": null,
 "video_embeds":
  [],
 "screenshots":
  [],
 "external_links":
  [],
 "partners":
  []}
