{"name": "Altazano Management, LLC",
 "permalink": "altazano-management-llc",
 "crunchbase_url": "http://www.crunchbase.com/company/altazano-management-llc",
 "homepage_url": null,
 "blog_url": null,
 "blog_feed_url": null,
 "twitter_username": null,
 "category_code": null,
 "number_of_employees": null,
 "founded_year": null,
 "founded_month": null,
 "founded_day": null,
 "deadpooled_year": null,
 "deadpooled_month": null,
 "deadpooled_day": null,
 "deadpooled_url": null,
 "tag_list": null,
 "alias_list": null,
 "email_address": null,
 "phone_number": null,
 "description": null,
 "created_at": "Fri May 31 04:24:03 UTC 2013",
 "updated_at": "Fri May 31 04:24:03 UTC 2013",
 "overview": null,
 "image": null,
 "products":
  [],
 "relationships":
  [{"is_past": false,
    "title": "Managing Director",
    "person":
     {"first_name": "Nolan",
      "last_name": "Lehmann",
      "permalink": "nolan-lehmann"}},
   {"is_past": false,
    "title": "Managing Director",
    "person":
     {"first_name": "G.",
      "last_name": "Andrew Toups, III",
      "permalink": "g-andrew-toups-iii"}}],
 "competitions":
  [],
 "providerships":
  [],
 "total_money_raised": "$0",
 "funding_rounds":
  [],
 "investments":
  [],
 "acquisition": null,
 "acquisitions":
  [],
 "offices":
  [],
 "milestones":
  [],
 "ipo": null,
 "video_embeds":
  [],
 "screenshots":
  [],
 "external_links":
  [],
 "partners":
  []}
