{"name": "AltaVista Company",
 "permalink": "altavista-company",
 "crunchbase_url": "http://www.crunchbase.com/company/altavista-company",
 "homepage_url": null,
 "blog_url": null,
 "blog_feed_url": null,
 "twitter_username": null,
 "category_code": null,
 "number_of_employees": null,
 "founded_year": null,
 "founded_month": null,
 "founded_day": null,
 "deadpooled_year": null,
 "deadpooled_month": null,
 "deadpooled_day": null,
 "deadpooled_url": null,
 "tag_list": null,
 "alias_list": null,
 "email_address": null,
 "phone_number": null,
 "description": null,
 "created_at": "Tue May 21 06:47:12 UTC 2013",
 "updated_at": "Tue May 21 06:47:12 UTC 2013",
 "overview": null,
 "image": null,
 "products":
  [],
 "relationships":
  [{"is_past": false,
    "title": "VP Engineering/Operations",
    "person":
     {"first_name": "David",
      "last_name": "Henke",
      "permalink": "david-henke"}},
   {"is_past": true,
    "title": "VP, General Counsel and Corp. Secretary",
    "person":
     {"first_name": "Stephanie",
      "last_name": "Lucie",
      "permalink": "stephanie-lucie"}},
   {"is_past": true,
    "title": "Vice President, Engineering",
    "person":
     {"first_name": "Mark",
      "last_name": "Haseltine",
      "permalink": "mark-haseltine"}},
   {"is_past": true,
    "title": "Vice President",
    "person":
     {"first_name": "Rajiv",
      "last_name": "Parikh",
      "permalink": "rajiv-parikh"}},
   {"is_past": true,
    "title": "Senior Director of Corporate Development",
    "person":
     {"first_name": "Gil",
      "last_name": "M. Labrucherie",
      "permalink": "gil-m-labrucherie"}}],
 "competitions":
  [],
 "providerships":
  [],
 "total_money_raised": "$0",
 "funding_rounds":
  [],
 "investments":
  [],
 "acquisition": null,
 "acquisitions":
  [],
 "offices":
  [],
 "milestones":
  [],
 "ipo": null,
 "video_embeds":
  [],
 "screenshots":
  [],
 "external_links":
  [],
 "partners":
  []}
