{"name": "Alta Equity",
 "permalink": "alta-equity",
 "crunchbase_url": "http://www.crunchbase.com/company/alta-equity",
 "homepage_url": null,
 "blog_url": null,
 "blog_feed_url": null,
 "twitter_username": null,
 "category_code": null,
 "number_of_employees": null,
 "founded_year": null,
 "founded_month": null,
 "founded_day": null,
 "deadpooled_year": null,
 "deadpooled_month": null,
 "deadpooled_day": null,
 "deadpooled_url": null,
 "tag_list": null,
 "alias_list": null,
 "email_address": null,
 "phone_number": null,
 "description": null,
 "created_at": "Thu May 23 16:14:47 UTC 2013",
 "updated_at": "Thu May 23 18:40:15 UTC 2013",
 "overview": null,
 "image": null,
 "products":
  [],
 "relationships":
  [{"is_past": false,
    "title": "General Partner",
    "person":
     {"first_name": "Jessica",
      "last_name": "Barry Reed",
      "permalink": "jessica-barry-reed"}}],
 "competitions":
  [],
 "providerships":
  [],
 "total_money_raised": "$0",
 "funding_rounds":
  [],
 "investments":
  [],
 "acquisition": null,
 "acquisitions":
  [{"price_amount": null,
    "price_currency_code": "USD",
    "term_code": null,
    "source_url": "http://truist.com/aboutus/news/",
    "source_description": "Alta Equity Partners Acquires Leading Philanthropic Solutions Provider Truist, Inc.",
    "acquired_year": 2012,
    "acquired_month": 8,
    "acquired_day": 7,
    "company":
     {"name": "Truist",
      "permalink": "truist"}}],
 "offices":
  [],
 "milestones":
  [],
 "ipo": null,
 "video_embeds":
  [],
 "screenshots":
  [],
 "external_links":
  [],
 "partners":
  []}
