{"name": "Altura Software",
 "permalink": "altura-software",
 "crunchbase_url": "http://www.crunchbase.com/company/altura-software",
 "homepage_url": null,
 "blog_url": null,
 "blog_feed_url": null,
 "twitter_username": null,
 "category_code": null,
 "number_of_employees": null,
 "founded_year": null,
 "founded_month": null,
 "founded_day": null,
 "deadpooled_year": null,
 "deadpooled_month": null,
 "deadpooled_day": null,
 "deadpooled_url": null,
 "tag_list": null,
 "alias_list": null,
 "email_address": null,
 "phone_number": null,
 "description": null,
 "created_at": "Mon Jun 03 15:53:34 UTC 2013",
 "updated_at": "Mon Jun 03 15:53:34 UTC 2013",
 "overview": null,
 "image": null,
 "products":
  [],
 "relationships":
  [{"is_past": false,
    "title": "Founder",
    "person":
     {"first_name": "Lee",
      "last_name": "Lorenzen",
      "permalink": "lee-lorenzen"}},
   {"is_past": false,
    "title": "vice president",
    "person":
     {"first_name": "Vince",
      "last_name": "Hunt",
      "permalink": "vince-hunt"}}],
 "competitions":
  [],
 "providerships":
  [],
 "total_money_raised": "$0",
 "funding_rounds":
  [],
 "investments":
  [],
 "acquisition": null,
 "acquisitions":
  [],
 "offices":
  [],
 "milestones":
  [],
 "ipo": null,
 "video_embeds":
  [],
 "screenshots":
  [],
 "external_links":
  [],
 "partners":
  []}
