{"name": "American Association of Advertising Agencies,",
 "permalink": "american-association-of-advertising-agencies",
 "crunchbase_url": "http://www.crunchbase.com/company/american-association-of-advertising-agencies",
 "homepage_url": null,
 "blog_url": null,
 "blog_feed_url": null,
 "twitter_username": null,
 "category_code": null,
 "number_of_employees": null,
 "founded_year": null,
 "founded_month": null,
 "founded_day": null,
 "deadpooled_year": null,
 "deadpooled_month": null,
 "deadpooled_day": null,
 "deadpooled_url": null,
 "tag_list": null,
 "alias_list": null,
 "email_address": null,
 "phone_number": null,
 "description": null,
 "created_at": "Wed Jun 05 05:39:07 UTC 2013",
 "updated_at": "Wed Jun 05 05:39:07 UTC 2013",
 "overview": null,
 "image": null,
 "products":
  [],
 "relationships":
  [{"is_past": false,
    "title": "Chairman",
    "person":
     {"first_name": "David",
      "last_name": "Bell",
      "permalink": "david-bell-4"}},
   {"is_past": false,
    "title": "Member, Financial Committee",
    "person":
     {"first_name": "Virginia",
      "last_name": "Hines",
      "permalink": "virginia-hines"}}],
 "competitions":
  [],
 "providerships":
  [],
 "total_money_raised": "$0",
 "funding_rounds":
  [],
 "investments":
  [],
 "acquisition": null,
 "acquisitions":
  [],
 "offices":
  [],
 "milestones":
  [],
 "ipo": null,
 "video_embeds":
  [],
 "screenshots":
  [],
 "external_links":
  [],
 "partners":
  []}
