{"name": "American Cancer Society",
 "permalink": "american-cancer-society",
 "crunchbase_url": "http://www.crunchbase.com/company/american-cancer-society",
 "homepage_url": null,
 "blog_url": null,
 "blog_feed_url": null,
 "twitter_username": null,
 "category_code": null,
 "number_of_employees": null,
 "founded_year": null,
 "founded_month": null,
 "founded_day": null,
 "deadpooled_year": null,
 "deadpooled_month": null,
 "deadpooled_day": null,
 "deadpooled_url": null,
 "tag_list": null,
 "alias_list": null,
 "email_address": null,
 "phone_number": null,
 "description": null,
 "created_at": "Wed Jun 05 11:15:41 UTC 2013",
 "updated_at": "Wed Jun 05 11:15:41 UTC 2013",
 "overview": null,
 "image": null,
 "products":
  [],
 "relationships":
  [{"is_past": false,
    "title": "Chief Architect",
    "person":
     {"first_name": "Harold",
      "last_name": "P. Freeman",
      "permalink": "harold-p-freeman"}},
   {"is_past": false,
    "title": "board of trustees",
    "person":
     {"first_name": "Walter",
      "last_name": "Schindler",
      "permalink": "walter-l-schindler"}},
   {"is_past": false,
    "title": "Board Member",
    "person":
     {"first_name": "Wayne",
      "last_name": "J. Riley",
      "permalink": "wayne-j-riley"}},
   {"is_past": false,
    "title": "President",
    "person":
     {"first_name": "Vincent",
      "last_name": "T DeVita",
      "permalink": "vincent-t-devita"}},
   {"is_past": true,
    "title": "",
    "person":
     {"first_name": "Megan",
      "last_name": "Hernandez",
      "permalink": "megan-hernandez"}},
   {"is_past": true,
    "title": "",
    "person":
     {"first_name": "Patti",
      "last_name": "Mordecai",
      "permalink": "patti-mordecai"}},
   {"is_past": true,
    "title": "",
    "person":
     {"first_name": "Joe",
      "last_name": "Bolen",
      "permalink": "joe-bolen"}}],
 "competitions":
  [],
 "providerships":
  [],
 "total_money_raised": "$0",
 "funding_rounds":
  [],
 "investments":
  [],
 "acquisition": null,
 "acquisitions":
  [],
 "offices":
  [],
 "milestones":
  [],
 "ipo": null,
 "video_embeds":
  [],
 "screenshots":
  [],
 "external_links":
  [],
 "partners":
  []}
