{"name": "America Online Latin America, Inc",
 "permalink": "america-online-latin-america-inc",
 "crunchbase_url": "http://www.crunchbase.com/company/america-online-latin-america-inc",
 "homepage_url": null,
 "blog_url": null,
 "blog_feed_url": null,
 "twitter_username": null,
 "category_code": null,
 "number_of_employees": null,
 "founded_year": null,
 "founded_month": null,
 "founded_day": null,
 "deadpooled_year": null,
 "deadpooled_month": null,
 "deadpooled_day": null,
 "deadpooled_url": null,
 "tag_list": null,
 "alias_list": null,
 "email_address": null,
 "phone_number": null,
 "description": null,
 "created_at": "Thu May 30 06:52:12 UTC 2013",
 "updated_at": "Thu May 30 06:52:12 UTC 2013",
 "overview": null,
 "image": null,
 "products":
  [],
 "relationships":
  [{"is_past": true,
    "title": "Director",
    "person":
     {"first_name": "Steven",
      "last_name": "I. Bandel",
      "permalink": "steven-i-bandel"}},
   {"is_past": true,
    "title": "Manager, Marketing Analysis",
    "person":
     {"first_name": "Segev",
      "last_name": "Tsfati",
      "permalink": "segev-tsfati"}}],
 "competitions":
  [],
 "providerships":
  [],
 "total_money_raised": "$0",
 "funding_rounds":
  [],
 "investments":
  [],
 "acquisition": null,
 "acquisitions":
  [],
 "offices":
  [],
 "milestones":
  [],
 "ipo": null,
 "video_embeds":
  [],
 "screenshots":
  [],
 "external_links":
  [],
 "partners":
  []}
