{"name": "American Banker",
 "permalink": "american-banker",
 "crunchbase_url": "http://www.crunchbase.com/company/american-banker",
 "homepage_url": null,
 "blog_url": null,
 "blog_feed_url": null,
 "twitter_username": null,
 "category_code": null,
 "number_of_employees": null,
 "founded_year": null,
 "founded_month": null,
 "founded_day": null,
 "deadpooled_year": null,
 "deadpooled_month": null,
 "deadpooled_day": null,
 "deadpooled_url": null,
 "tag_list": null,
 "alias_list": null,
 "email_address": null,
 "phone_number": null,
 "description": null,
 "created_at": "Sat Jun 01 08:47:24 UTC 2013",
 "updated_at": "Sat Jun 01 08:47:24 UTC 2013",
 "overview": null,
 "image": null,
 "products":
  [],
 "relationships":
  [{"is_past": true,
    "title": "Editor",
    "person":
     {"first_name": "Edwin",
      "last_name": "A. Finn Jr.",
      "permalink": "edwin-a-finn-jr"}},
   {"is_past": true,
    "title": "Editor",
    "person":
     {"first_name": "Kalen",
      "last_name": "Holliday",
      "permalink": "kalen-holliday"}}],
 "competitions":
  [],
 "providerships":
  [],
 "total_money_raised": "$0",
 "funding_rounds":
  [],
 "investments":
  [],
 "acquisition": null,
 "acquisitions":
  [],
 "offices":
  [],
 "milestones":
  [],
 "ipo": null,
 "video_embeds":
  [],
 "screenshots":
  [],
 "external_links":
  [],
 "partners":
  []}
