{"name": "1 Sweet Life",
 "permalink": "1-sweet-life",
 "crunchbase_url": "http://www.crunchbase.com/company/1-sweet-life",
 "homepage_url": "http://www.1sweetlife.org",
 "blog_url": "http://www.1sweetlife.org/profiles/blog/list",
 "blog_feed_url": "",
 "twitter_username": "1sweetlifeorg",
 "category_code": "network_hosting",
 "number_of_employees": 10,
 "founded_year": 2011,
 "founded_month": null,
 "founded_day": null,
 "deadpooled_year": null,
 "deadpooled_month": null,
 "deadpooled_day": null,
 "deadpooled_url": null,
 "tag_list": "type-1, diabetes, thriving, youth, diabetic, social, network, support",
 "alias_list": null,
 "email_address": "info@1sweetlife.org",
 "phone_number": "",
 "description": "Thriving with Diabetes",
 "created_at": "Thu Apr 12 18:28:15 UTC 2012",
 "updated_at": "Sat Apr 14 20:12:34 UTC 2012",
 "overview": "\u003Cp\u003EA social community to provide support to those affected by Type 1 Diabetes, and to inspire each other to take better care of ourselves.\u003C/p\u003E",
 "image":
  {"available_sizes":
    [[[150,
       63],
      "http://api-images.crunchbase.com/assets/images/resized/0018/3973/183973v2-max-150x150.jpg"],
     [[250,
       105],
      "http://api-images.crunchbase.com/assets/images/resized/0018/3973/183973v2-max-250x250.jpg"],
     [[450,
       189],
      "http://api-images.crunchbase.com/assets/images/resized/0018/3973/183973v2-max-450x450.jpg"]],
   "attribution": null},
 "products":
  [],
 "relationships":
  [{"is_past": false,
    "title": "Founder",
    "person":
     {"first_name": "Brad",
      "last_name": "Lowder",
      "permalink": "brad-lowder"}}],
 "competitions":
  [],
 "providerships":
  [],
 "total_money_raised": "$0",
 "funding_rounds":
  [],
 "investments":
  [],
 "acquisition": null,
 "acquisitions":
  [],
 "offices":
  [],
 "milestones":
  [],
 "ipo": null,
 "video_embeds":
  [],
 "screenshots":
  [],
 "external_links":
  [],
 "partners":
  []}
