{"name": "100 Day Loans UK",
 "permalink": "100-day-loans-uk",
 "crunchbase_url": "http://www.crunchbase.com/company/100-day-loans-uk",
 "homepage_url": "http://www.100dayloans.co.uk",
 "blog_url": "http://www.100dayloans.co.uk/articles/",
 "blog_feed_url": "",
 "twitter_username": "100DayLoansUK",
 "category_code": "web",
 "number_of_employees": 45,
 "founded_year": 2012,
 "founded_month": null,
 "founded_day": null,
 "deadpooled_year": null,
 "deadpooled_month": null,
 "deadpooled_day": null,
 "deadpooled_url": null,
 "tag_list": "payday-loan-service, financial-services",
 "alias_list": null,
 "email_address": "erin@blueglobalmedia.com",
 "phone_number": "0800 0927553",
 "description": "The UK's trusted source for cash online.",
 "created_at": "Fri Jun 01 20:02:17 UTC 2012",
 "updated_at": "Fri Jun 29 22:29:06 UTC 2012",
 "overview": "\u003Cp\u003E100 Day Loans UK is the UK\u0026#8217;s trusted source for loans online, to maintain our high quality service, we ensure customer satisfaction and usability so you can get your cash and continue to financial freedom.\u003C/p\u003E\n\n\u003Cp\u003EApply for a loan in minutes!: Applying takes just minutes and approval is even faster! Get up to \u00a31,000!\u003C/p\u003E\n\n\u003Cp\u003ESecure and safe: We use advanced Verisign security technology, ensuring your application and personal information will be completely protected, online and off.\u003C/p\u003E\n\n\u003Cp\u003ESuper fast approval!: Don\u0026#8217;t wait hours or even days to see if you\u0026#8217;re approved for your loan: 4 out of every 5 applicants is approved on the spot!\u003C/p\u003E\n\n\u003Cp\u003ENo credit checks: With 100DayLoans.co.uk, there are never any credit checks and you can get approved for a loan regardless of your credit score or credit history!\u003C/p\u003E",
 "image":
  {"available_sizes":
    [[[150,
       150],
      "http://api-images.crunchbase.com/assets/images/resized/0019/3505/193505v2-max-150x150.jpg"],
     [[250,
       250],
      "http://api-images.crunchbase.com/assets/images/resized/0019/3505/193505v2-max-250x250.jpg"],
     [[450,
       450],
      "http://api-images.crunchbase.com/assets/images/resized/0019/3505/193505v2-max-450x450.jpg"]],
   "attribution": null},
 "products":
  [],
 "relationships":
  [],
 "competitions":
  [],
 "providerships":
  [],
 "total_money_raised": "$0",
 "funding_rounds":
  [],
 "investments":
  [],
 "acquisition": null,
 "acquisitions":
  [],
 "offices":
  [],
 "milestones":
  [],
 "ipo": null,
 "video_embeds":
  [],
 "screenshots":
  [{"available_sizes":
     [[[150,
        81],
       "http://api-images.crunchbase.com/assets/images/resized/0019/3504/193504v2-max-150x150.png"],
      [[250,
        135],
       "http://api-images.crunchbase.com/assets/images/resized/0019/3504/193504v2-max-250x250.png"],
      [[450,
        244],
       "http://api-images.crunchbase.com/assets/images/resized/0019/3504/193504v2-max-450x450.png"]],
    "attribution": null}],
 "external_links":
  [{"external_url": "https://twitter.com/#!/100DayLoansUK",
    "title": "Twitter"},
   {"external_url": "https://www.facebook.com/100DayLoansUK",
    "title": "Facebook"},
   {"external_url": "https://plus.google.com/b/106305896530291412797/106305896530291412797/posts",
    "title": "G+"}],
 "partners":
  []}
