{"name": "10seconds Software",
 "permalink": "10seconds-software",
 "crunchbase_url": "http://www.crunchbase.com/company/10seconds-software",
 "homepage_url": "http://www.10secondsSoftware.com",
 "blog_url": "",
 "blog_feed_url": "",
 "twitter_username": "10secSoftware",
 "category_code": "software",
 "number_of_employees": 10,
 "founded_year": 2009,
 "founded_month": 7,
 "founded_day": 1,
 "deadpooled_year": null,
 "deadpooled_month": null,
 "deadpooled_day": null,
 "deadpooled_url": null,
 "tag_list": "sap, mobility",
 "alias_list": null,
 "email_address": "support@10secondsSoftware.com",
 "phone_number": "+61 2 9965 3724",
 "description": "",
 "created_at": "Mon Apr 23 05:23:23 UTC 2012",
 "updated_at": "Wed May 02 01:26:18 UTC 2012",
 "overview": "\u003Cp\u003EAt 10seconds Software, we have a passion for making people more productive through smart software solutions that help them focus more on what they really want to accomplish, and less on mundane, repetitive computer tasks.\u003C/p\u003E\n\n\u003Cp\u003EOur primary focus is to develop \u0026#8216;plug and play\u0026#8217; or what we call \u0026#8216;transport free\u0026#8217; productivity solutions for SAP\u00ae. This means we can provide downloadable software that \u0026#8216;just works\u0026#8217; against your SAP\u00ae Enterprise environment so your business can start enjoying the benefits immediately.\u003C/p\u003E",
 "image": null,
 "products":
  [],
 "relationships":
  [],
 "competitions":
  [],
 "providerships":
  [],
 "total_money_raised": "$100k",
 "funding_rounds":
  [{"id": 29617,
    "round_code": "angel",
    "source_url": "",
    "source_description": "",
    "raised_amount": 100000.0,
    "raised_currency_code": "USD",
    "funded_year": 2010,
    "funded_month": 7,
    "funded_day": 1,
    "investments":
     []}],
 "investments":
  [],
 "acquisition": null,
 "acquisitions":
  [],
 "offices":
  [{"description": "Sydney Office",
    "address1": "119 Willoughby Road",
    "address2": "Crows Nest",
    "zip_code": "2065",
    "city": "Sydney",
    "state_code": null,
    "country_code": "AUS",
    "latitude": null,
    "longitude": null}],
 "milestones":
  [],
 "ipo": null,
 "video_embeds":
  [],
 "screenshots":
  [],
 "external_links":
  [],
 "partners":
  []}
