{"name": "121Giving",
 "permalink": "121giving",
 "crunchbase_url": "http://www.crunchbase.com/company/121giving",
 "homepage_url": "http://www.121giving.com",
 "blog_url": "",
 "blog_feed_url": "",
 "twitter_username": "121giving",
 "category_code": "web",
 "number_of_employees": 2,
 "founded_year": 2012,
 "founded_month": 7,
 "founded_day": 1,
 "deadpooled_year": null,
 "deadpooled_month": null,
 "deadpooled_day": null,
 "deadpooled_url": null,
 "tag_list": "online-giving, social-innovation, social-impact, collective-impact, cause-marketing",
 "alias_list": null,
 "email_address": "info@121giving.com",
 "phone_number": "",
 "description": "Be Philanthropy",
 "created_at": "Wed Mar 21 17:52:29 UTC 2012",
 "updated_at": "Mon Jul 15 04:00:12 UTC 2013",
 "overview": "\u003Cp\u003ERevolutionizing the way brands, consumers \u0026amp; charities engage in philanthropy by creating the most tangible platform for online giving. \u003C/p\u003E",
 "image":
  {"available_sizes":
    [[[150,
       150],
      "http://api-images.crunchbase.com/assets/images/resized/0018/0451/180451v4-max-150x150.jpg"],
     [[250,
       250],
      "http://api-images.crunchbase.com/assets/images/resized/0018/0451/180451v4-max-250x250.jpg"],
     [[300,
       300],
      "http://api-images.crunchbase.com/assets/images/resized/0018/0451/180451v4-max-450x450.jpg"]],
   "attribution": null},
 "products":
  [],
 "relationships":
  [{"is_past": false,
    "title": "Founder \u0026 CEO",
    "person":
     {"first_name": "Mark",
      "last_name": "Courtney",
      "permalink": "mark-courtney"}},
   {"is_past": false,
    "title": "Co-Founder \u0026 CMO",
    "person":
     {"first_name": "Liz",
      "last_name": "Deering",
      "permalink": "liz-moise"}},
   {"is_past": false,
    "title": "Advisory Board Member",
    "person":
     {"first_name": "Dwayne",
      "last_name": "Spradlin",
      "permalink": "dwayne-spradlin"}}],
 "competitions":
  [],
 "providerships":
  [],
 "total_money_raised": "$0",
 "funding_rounds":
  [],
 "investments":
  [],
 "acquisition": null,
 "acquisitions":
  [],
 "offices":
  [],
 "milestones":
  [],
 "ipo": null,
 "video_embeds":
  [],
 "screenshots":
  [],
 "external_links":
  [],
 "partners":
  []}
