{"name": "123Triad",
 "permalink": "123triad",
 "crunchbase_url": "http://www.crunchbase.com/company/123triad",
 "homepage_url": "http://www.123triad.com",
 "blog_url": "http://www.123triad.com",
 "blog_feed_url": "",
 "twitter_username": "123triad",
 "category_code": "web",
 "number_of_employees": 160,
 "founded_year": 1997,
 "founded_month": 11,
 "founded_day": 10,
 "deadpooled_year": null,
 "deadpooled_month": null,
 "deadpooled_day": null,
 "deadpooled_url": null,
 "tag_list": "web-design",
 "alias_list": null,
 "email_address": "sales@123triad.com",
 "phone_number": "8007200816",
 "description": "Web Design Company",
 "created_at": "Wed Apr 25 22:21:05 UTC 2012",
 "updated_at": "Sun May 06 03:20:19 UTC 2012",
 "overview": "\u003Cp\u003E123Triad Web Design is a professionally managed company with experience of developing and improving thousands of websites in several different industries.  Since 1997; 123Triad have built an outstanding reputation for designing professional web sites, providing exceptional customer and web consulting services, and for meeting the growing needs of their clients while offering affordable prices.  Because of this dedication 123Triad have grown to be one of the largest web design companies in the United States.\u003C/p\u003E\n\n\u003Cp\u003EFounded: 1997\nBusiness Name: Triad Web Design\nIncorporated: Delaware, 2003\nIndustry Sector: Technology - Web Services\nFocus: Small Business \u0026amp; Individuals\nCurrent Customers: 18,000+ (Nationwide)\nCurrent Customer Growth Rate: 220% p.a.\nTeam Strength: 160+\nExecutive Vice President: Geeta Punjabi\nWebsite: http://www.triadwebdesign.com\u003C/p\u003E",
 "image":
  {"available_sizes":
    [[[150,
       120],
      "http://api-images.crunchbase.com/assets/images/resized/0018/6045/186045v2-max-150x150.png"],
     [[183,
       147],
      "http://api-images.crunchbase.com/assets/images/resized/0018/6045/186045v2-max-250x250.png"],
     [[183,
       147],
      "http://api-images.crunchbase.com/assets/images/resized/0018/6045/186045v2-max-450x450.png"]],
   "attribution": null},
 "products":
  [],
 "relationships":
  [],
 "competitions":
  [],
 "providerships":
  [],
 "total_money_raised": "$0",
 "funding_rounds":
  [],
 "investments":
  [],
 "acquisition": null,
 "acquisitions":
  [],
 "offices":
  [{"description": "123Triad Web Design",
    "address1": "3344 Six Forks Rd",
    "address2": "",
    "zip_code": "27616",
    "city": "Raleigh",
    "state_code": "NC",
    "country_code": "USA",
    "latitude": null,
    "longitude": null}],
 "milestones":
  [],
 "ipo": null,
 "video_embeds":
  [],
 "screenshots":
  [],
 "external_links":
  [],
 "partners":
  []}
