{"name": "12Society",
 "permalink": "12society",
 "crunchbase_url": "http://www.crunchbase.com/company/12society",
 "homepage_url": "http://www.12Society.com",
 "blog_url": "http://blog.12society.com",
 "blog_feed_url": "",
 "twitter_username": "12society",
 "category_code": "ecommerce",
 "number_of_employees": 5,
 "founded_year": 2012,
 "founded_month": null,
 "founded_day": null,
 "deadpooled_year": null,
 "deadpooled_month": null,
 "deadpooled_day": null,
 "deadpooled_url": null,
 "tag_list": "",
 "alias_list": "",
 "email_address": "info@12society.com",
 "phone_number": "",
 "description": "Celebrity Platform",
 "created_at": "Sat Mar 17 02:01:27 UTC 2012",
 "updated_at": "Thu Feb 13 20:10:37 UTC 2014",
 "overview": "\u003Cp\u003E12Society is a lifestyle company that is at the ultimate intersection of culture, technology, and commerce.\u003C/p\u003E",
 "image":
  {"available_sizes":
    [[[150,
       150],
      "http://api-images.crunchbase.com/assets/images/resized/0017/9635/179635v2-max-150x150.jpg"],
     [[250,
       250],
      "http://api-images.crunchbase.com/assets/images/resized/0017/9635/179635v2-max-250x250.jpg"],
     [[300,
       300],
      "http://api-images.crunchbase.com/assets/images/resized/0017/9635/179635v2-max-450x450.jpg"]],
   "attribution": null},
 "products":
  [],
 "relationships":
  [{"is_past": false,
    "title": "CEO",
    "person":
     {"first_name": "Sameer",
      "last_name": "Mehta",
      "permalink": "sameer-mehta"}},
   {"is_past": false,
    "title": "President / Co-Founder",
    "person":
     {"first_name": "Nadir",
      "last_name": "Hyder",
      "permalink": "nadir-hyder"}},
   {"is_past": false,
    "title": "Advisor",
    "person":
     {"first_name": "Mike",
      "last_name": "Walsh",
      "permalink": "mike-walsh"}},
   {"is_past": false,
    "title": "Advisor",
    "person":
     {"first_name": "Jai",
      "last_name": "Khanna",
      "permalink": "jai-khanna"}},
   {"is_past": false,
    "title": "",
    "person":
     {"first_name": "Chirayu",
      "last_name": "Patel",
      "permalink": "chirayu-patel"}},
   {"is_past": false,
    "title": "Marketing",
    "person":
     {"first_name": "Carl",
      "last_name": "Gallagher",
      "permalink": "carl-gallagher"}},
   {"is_past": true,
    "title": "Co-Founder",
    "person":
     {"first_name": "Nasir \"Nas\"",
      "last_name": "Jones",
      "permalink": "nasir-bin-olu-dara-jones"}},
   {"is_past": true,
    "title": "Business Development Intern",
    "person":
     {"first_name": "Georgie",
      "last_name": "Thomas",
      "permalink": "georgie-thomas"}}],
 "competitions":
  [],
 "providerships":
  [],
 "total_money_raised": "$0",
 "funding_rounds":
  [{"id": 30566,
    "round_code": "seed",
    "source_url": "",
    "source_description": "",
    "raised_amount": null,
    "raised_currency_code": null,
    "funded_year": 2012,
    "funded_month": 4,
    "funded_day": 5,
    "investments":
     [{"company": null,
       "financial_org": null,
       "person":
        {"first_name": "Diego",
         "last_name": "Berdakin",
         "permalink": "diego-berdakin"}},
      {"company": null,
       "financial_org": null,
       "person":
        {"first_name": "Daniel",
         "last_name": "Broukhim",
         "permalink": "daniel-broukhim"}},
      {"company": null,
       "financial_org": null,
       "person":
        {"first_name": "Michael",
         "last_name": "Broukhim",
         "permalink": "michael-broukhim"}},
      {"company": null,
       "financial_org": null,
       "person":
        {"first_name": "Don",
         "last_name": "Hutchison",
         "permalink": "don-hutchison"}},
      {"company": null,
       "financial_org":
        {"name": "Lightbank",
         "permalink": "lightbank"},
       "person": null}]}],
 "investments":
  [],
 "acquisition":
  {"price_amount": null,
   "price_currency_code": "USD",
   "term_code": "cash_and_stock",
   "source_url": "http://techcrunch.com/2013/07/03/consolidation-heats-up-in-subscription-economy-as-quarterly-buys-celeb-endorsed-rival-12society/",
   "source_description": "Consolidation Heats Up In Subscription Economy, As Quarterly Buys Celeb-Endorsed Rival 12Society",
   "acquired_year": 2013,
   "acquired_month": 7,
   "acquired_day": 3,
   "acquiring_company":
    {"name": "Quarterly",
     "permalink": "quarterly"}},
 "acquisitions":
  [],
 "offices":
  [{"description": "",
    "address1": "",
    "address2": "",
    "zip_code": "90069",
    "city": "West Hollywood",
    "state_code": "CA",
    "country_code": "USA",
    "latitude": null,
    "longitude": null}],
 "milestones":
  [],
 "ipo": null,
 "video_embeds":
  [],
 "screenshots":
  [],
 "external_links":
  [],
 "partners":
  []}
