{"name": "1330 Boylston",
 "permalink": "1330-boylston",
 "crunchbase_url": "http://www.crunchbase.com/company/1330-boylston",
 "homepage_url": "http://1330boylston.com",
 "blog_url": "",
 "blog_feed_url": "",
 "twitter_username": null,
 "category_code": "other",
 "number_of_employees": null,
 "founded_year": null,
 "founded_month": null,
 "founded_day": null,
 "deadpooled_year": null,
 "deadpooled_month": null,
 "deadpooled_day": null,
 "deadpooled_url": null,
 "tag_list": "",
 "alias_list": null,
 "email_address": "",
 "phone_number": "877-232-2635",
 "description": "Boston Luxury Apartments",
 "created_at": "Fri May 11 14:42:35 UTC 2012",
 "updated_at": "Wed May 22 21:39:50 UTC 2013",
 "overview": "\u003Cp\u003EYou may have seen Boston apartments, but you have never seen any like this. Designed with modern living in mind, these Boston luxury apartments are made to accommodate your active, high-speed lifestyle. At 1330 Boylston you can indulge in all that an elegant apartment has to offer with top of the line amenities and stunning city views. Best of all, you can live in the heart of one of Boston\u2019s most vibrant neighborhoods. Experience the new Fenway.\u003C/p\u003E",
 "image":
  {"available_sizes":
    [[[120,
       118],
      "http://api-images.crunchbase.com/assets/images/resized/0019/7436/197436v2-max-150x150.png"],
     [[120,
       118],
      "http://api-images.crunchbase.com/assets/images/resized/0019/7436/197436v2-max-250x250.png"],
     [[120,
       118],
      "http://api-images.crunchbase.com/assets/images/resized/0019/7436/197436v2-max-450x450.png"]],
   "attribution": null},
 "products":
  [{"name": "Stunning Apartments",
    "permalink": "stunning-apartments"}],
 "relationships":
  [],
 "competitions":
  [],
 "providerships":
  [{"title": "",
    "is_past": false,
    "provider":
     {"name": "inSegment",
      "permalink": "insegment"}}],
 "total_money_raised": "$0",
 "funding_rounds":
  [],
 "investments":
  [],
 "acquisition": null,
 "acquisitions":
  [],
 "offices":
  [{"description": "CONTACT US",
    "address1": "1330 Boylston Street",
    "address2": "",
    "zip_code": "02215",
    "city": "Boston",
    "state_code": "MA",
    "country_code": "USA",
    "latitude": null,
    "longitude": null}],
 "milestones":
  [],
 "ipo": null,
 "video_embeds":
  [{"embed_code": "\u003Cvideo width=\"400\" height=\"315\" controls=\"\" autoplay=\"\" name=\"media\"\u003E\u003Csource src=\"http://1330boylston.com/sites/default/files/video_tour/TourVideo.mp4\" type=\"video/mp4\"\u003E\u003C/video\u003E",
    "description": "\u003Cp\u003EVIDEO TOUR\u003C/p\u003E"}],
 "screenshots":
  [{"available_sizes":
     [[[150,
        81],
       "http://api-images.crunchbase.com/assets/images/resized/0026/3208/263208v2-max-150x150.png"],
      [[250,
        135],
       "http://api-images.crunchbase.com/assets/images/resized/0026/3208/263208v2-max-250x250.png"],
      [[450,
        243],
       "http://api-images.crunchbase.com/assets/images/resized/0026/3208/263208v2-max-450x450.png"]],
    "attribution": null}],
 "external_links":
  [{"external_url": "http://1330boylston.com/",
    "title": "Boston Luxury Condos"}],
 "partners":
  []}
