{"name": "1800Hotels",
 "permalink": "1800hotels",
 "crunchbase_url": "http://www.crunchbase.com/company/1800hotels",
 "homepage_url": "http://1800hotels.com",
 "blog_url": "",
 "blog_feed_url": "",
 "twitter_username": "1800_hotels",
 "category_code": "other",
 "number_of_employees": null,
 "founded_year": null,
 "founded_month": null,
 "founded_day": null,
 "deadpooled_year": null,
 "deadpooled_month": null,
 "deadpooled_day": null,
 "deadpooled_url": null,
 "tag_list": "hotels, online-hotel-deals, discounted-hotel, discounted-hotels, hotel-discounts, hotel-deals, hotels-in-new-york, hotels-in-paris, hotels-in-london, hotels-in-las-vegas, bed-and-breakfast, inns, motels",
 "alias_list": null,
 "email_address": "info@1800hotels.com",
 "phone_number": "1-866-417-5037",
 "description": "Best Online Hotel Deals",
 "created_at": "Wed May 30 17:53:08 UTC 2012",
 "updated_at": "Fri Jun 08 02:00:56 UTC 2012",
 "overview": "\u003Cp\u003E1800Hotels.com is a website dedicated to finding you the best online deals on hotels. Through our extensive relationships with hotel suppliers and chains, we find both last-minute deals and inventory sold at rock-bottom prices in hotels all over the world. Whether you\u2019re looking to stay in major destinations and need New York hotels, Las Vegas hotels, or a budget hotel in Orlando, 1800Hotels.com is your one-stop shop for the best deals online.\u003C/p\u003E\n\n\u003Cp\u003E1800Hotels.com was established in 2002 and quickly became a major player in the world of online travel. As of January 2011, the domain 1800hotels.com is owned by Travel Leaders Group \u2013 a leading travel organization and one of the top ten travel companies in the United States \u2013 through its technology arm, Travel Leaders Technology, LLC. The website was re-launched in 2011 to offer value conscious consumers discounted hotel rooms. By combining inventory from a large number of wholesalers as well as directly negotiating rates with hotels, we provide you with the best value possible at the most properties worldwide.\u003C/p\u003E\n\n\u003Cp\u003ETravel Leaders Technology, LLC and Travel Leaders Group are neither affiliated with nor connected to the previous owners of 1800hotels.com and 1800hotels.com before 2011. The website 1800hotels.ie is not a part of Travel Leaders Group.\u003C/p\u003E",
 "image":
  {"available_sizes":
    [[[150,
       32],
      "http://api-images.crunchbase.com/assets/images/resized/0019/3169/193169v2-max-150x150.png"],
     [[250,
       53],
      "http://api-images.crunchbase.com/assets/images/resized/0019/3169/193169v2-max-250x250.png"],
     [[440,
       94],
      "http://api-images.crunchbase.com/assets/images/resized/0019/3169/193169v2-max-450x450.png"]],
   "attribution": null},
 "products":
  [],
 "relationships":
  [],
 "competitions":
  [],
 "providerships":
  [],
 "total_money_raised": "$0",
 "funding_rounds":
  [],
 "investments":
  [],
 "acquisition": null,
 "acquisitions":
  [],
 "offices":
  [{"description": "Headquarters",
    "address1": "3033 Campus Drive,",
    "address2": "Ste W320,",
    "zip_code": "55441",
    "city": "Plymouth",
    "state_code": "MN",
    "country_code": "USA",
    "latitude": null,
    "longitude": null}],
 "milestones":
  [],
 "ipo": null,
 "video_embeds":
  [],
 "screenshots":
  [],
 "external_links":
  [],
 "partners":
  []}
