{"name": "#1seed",
 "permalink": "1seed",
 "crunchbase_url": "http://www.crunchbase.com/company/1seed",
 "homepage_url": "http://www.1seed.co.uk",
 "blog_url": "",
 "blog_feed_url": "",
 "twitter_username": "number1seed",
 "category_code": "other",
 "number_of_employees": null,
 "founded_year": 2012,
 "founded_month": null,
 "founded_day": null,
 "deadpooled_year": null,
 "deadpooled_month": null,
 "deadpooled_day": null,
 "deadpooled_url": null,
 "tag_list": "angel-investor, capital, mentor, seed-stage, super-angel, strategy, startup, entrepreneur, smart-money-entrepreneur-investor",
 "alias_list": null,
 "email_address": "contact@1seed.co.uk",
 "phone_number": "",
 "description": "Seed investor",
 "created_at": "Thu Jul 05 12:10:02 UTC 2012",
 "updated_at": "Wed Sep 19 01:41:02 UTC 2012",
 "overview": "\u003Cp\u003E#1seed is an early stage investor  founded by Raj Ramanandi and Lee Pickrell, #1seed invests at seed level (50-300k) and helps to build awesome tech companies. At #1seed we invest our own money in a hands-on way, funding, mentoring and connecting startups to our network.  \u003C/p\u003E\n\n\u003Cp\u003EWe are entrepreneur-investors who have taken companies from idea to exit, and we aim to help startups achieve similar, if not greater feats. If you are a startup seeking investment contact us at www.1seed.co.uk\u003C/p\u003E\n\n\u003Cp\u003E#1seed is also looking to actively connect like-minded investors with quality startups through our international network, made up of individual investors, accelerators and local partners. If you are interested in collaborating or co-investing please drop us a note to contact@1seed.co.uk\u003C/p\u003E",
 "image":
  {"available_sizes":
    [[[150,
       48],
      "http://api-images.crunchbase.com/assets/images/resized/0019/8963/198963v2-max-150x150.jpg"],
     [[250,
       81],
      "http://api-images.crunchbase.com/assets/images/resized/0019/8963/198963v2-max-250x250.jpg"],
     [[450,
       146],
      "http://api-images.crunchbase.com/assets/images/resized/0019/8963/198963v2-max-450x450.jpg"]],
   "attribution": null},
 "products":
  [],
 "relationships":
  [{"is_past": false,
    "title": "CEO",
    "person":
     {"first_name": "Raj",
      "last_name": "Ramanandi",
      "permalink": "raj-ramanandi"}},
   {"is_past": false,
    "title": "CTO",
    "person":
     {"first_name": "Lee",
      "last_name": "Pickrell",
      "permalink": "lee-pickrell"}}],
 "competitions":
  [],
 "providerships":
  [],
 "total_money_raised": "$0",
 "funding_rounds":
  [],
 "investments":
  [],
 "acquisition": null,
 "acquisitions":
  [],
 "offices":
  [{"description": "London Office",
    "address1": "61-63 Shaftesbury Avenue",
    "address2": "",
    "zip_code": "W1D 6LG",
    "city": "",
    "state_code": null,
    "country_code": "GBR",
    "latitude": null,
    "longitude": null}],
 "milestones":
  [{"id": 24732,
    "description": "Invested in Kliqued",
    "stoned_year": 2012,
    "stoned_month": 2,
    "stoned_day": null,
    "source_url": "http://www.crunchbase.com/company/kliqed",
    "source_text": null,
    "source_description": "Crunchbase",
    "stoneable_type": "Company",
    "stoned_value": null,
    "stoned_value_type": null,
    "stoned_acquirer": null,
    "stoneable":
     {"name": "#1seed",
      "permalink": "1seed"}},
   {"id": 24733,
    "description": "Invested in Seedrs",
    "stoned_year": 2012,
    "stoned_month": 5,
    "stoned_day": null,
    "source_url": "http://techcrunch.com/2012/07/05/seedrs-goes-live-to-help-crowdfund-the-gap-in-idea-stage-investing/",
    "source_text": null,
    "source_description": "Tech Crunch",
    "stoneable_type": "Company",
    "stoned_value": null,
    "stoned_value_type": null,
    "stoned_acquirer": null,
    "stoneable":
     {"name": "#1seed",
      "permalink": "1seed"}},
   {"id": 26450,
    "description": "Invested in TrueLAD",
    "stoned_year": 2012,
    "stoned_month": 8,
    "stoned_day": null,
    "source_url": "",
    "source_text": null,
    "source_description": "",
    "stoneable_type": "Company",
    "stoned_value": null,
    "stoned_value_type": null,
    "stoned_acquirer": null,
    "stoneable":
     {"name": "#1seed",
      "permalink": "1seed"}},
   {"id": 26451,
    "description": "Invested in Birdback",
    "stoned_year": 2012,
    "stoned_month": 8,
    "stoned_day": null,
    "source_url": "https://angel.co/rajram",
    "source_text": null,
    "source_description": "Angel List",
    "stoneable_type": "Company",
    "stoned_value": null,
    "stoned_value_type": null,
    "stoned_acquirer": null,
    "stoneable":
     {"name": "#1seed",
      "permalink": "1seed"}}],
 "ipo": null,
 "video_embeds":
  [],
 "screenshots":
  [],
 "external_links":
  [],
 "partners":
  []}
