{"name": "24 Solutions AB",
 "permalink": "24-solutions-ab",
 "crunchbase_url": "http://www.crunchbase.com/company/24-solutions-ab",
 "homepage_url": null,
 "blog_url": null,
 "blog_feed_url": null,
 "twitter_username": null,
 "category_code": null,
 "number_of_employees": null,
 "founded_year": null,
 "founded_month": null,
 "founded_day": null,
 "deadpooled_year": null,
 "deadpooled_month": null,
 "deadpooled_day": null,
 "deadpooled_url": null,
 "tag_list": null,
 "alias_list": null,
 "email_address": null,
 "phone_number": null,
 "description": null,
 "created_at": "Tue Apr 24 21:59:12 UTC 2012",
 "updated_at": "Wed Apr 25 09:55:04 UTC 2012",
 "overview": null,
 "image": null,
 "products":
  [],
 "relationships":
  [],
 "competitions":
  [],
 "providerships":
  [],
 "total_money_raised": "$0",
 "funding_rounds":
  [],
 "investments":
  [],
 "acquisition":
  {"price_amount": null,
   "price_currency_code": "USD",
   "term_code": null,
   "source_url": "http://www.24mas.com/press-news/press-releases/151-mobile-advertising-solution-acquires-24-solutions-",
   "source_description": "24MAS acquires 24 Solutiions AB",
   "acquired_year": 2009,
   "acquired_month": 12,
   "acquired_day": 23,
   "acquiring_company":
    {"name": "24MAS",
     "permalink": "24mas"}},
 "acquisitions":
  [],
 "offices":
  [],
 "milestones":
  [],
 "ipo": null,
 "video_embeds":
  [],
 "screenshots":
  [],
 "external_links":
  [],
 "partners":
  []}
