{"name": "24SHELLS",
 "permalink": "24shells",
 "crunchbase_url": "http://www.crunchbase.com/company/24shells",
 "homepage_url": "http://www.24shells.net",
 "blog_url": "http://www.24shells.net/blog.html",
 "blog_feed_url": "http://blog.24shells.net/",
 "twitter_username": "24shells",
 "category_code": "network_hosting",
 "number_of_employees": 5,
 "founded_year": 2003,
 "founded_month": 2,
 "founded_day": 17,
 "deadpooled_year": null,
 "deadpooled_month": null,
 "deadpooled_day": null,
 "deadpooled_url": null,
 "tag_list": "dedicated-servers, vps-hosting, web-hosting",
 "alias_list": null,
 "email_address": "sales@24shells.net",
 "phone_number": "2674807083",
 "description": "Dedicated Server Hosting",
 "created_at": "Wed May 16 02:33:21 UTC 2012",
 "updated_at": "Wed May 23 20:26:15 UTC 2012",
 "overview": "\u003Cp\u003EOne of the leading dedicated server hosting solution provider offering managed dedicated servers,VPS Hosting, linux and windows based web site hosting.\u003C/p\u003E",
 "image":
  {"available_sizes":
    [[[100,
       85],
      "http://api-images.crunchbase.com/assets/images/resized/0018/9949/189949v2-max-150x150.png"],
     [[100,
       85],
      "http://api-images.crunchbase.com/assets/images/resized/0018/9949/189949v2-max-250x250.png"],
     [[100,
       85],
      "http://api-images.crunchbase.com/assets/images/resized/0018/9949/189949v2-max-450x450.png"]],
   "attribution": null},
 "products":
  [],
 "relationships":
  [],
 "competitions":
  [],
 "providerships":
  [],
 "total_money_raised": "$0",
 "funding_rounds":
  [],
 "investments":
  [],
 "acquisition": null,
 "acquisitions":
  [],
 "offices":
  [],
 "milestones":
  [],
 "ipo": null,
 "video_embeds":
  [],
 "screenshots":
  [],
 "external_links":
  [],
 "partners":
  []}
