{"name": "25Trends",
 "permalink": "25trends",
 "crunchbase_url": "http://www.crunchbase.com/company/25trends",
 "homepage_url": "http://25trends.me",
 "blog_url": "",
 "blog_feed_url": "",
 "twitter_username": "25trends",
 "category_code": "other",
 "number_of_employees": null,
 "founded_year": 2011,
 "founded_month": null,
 "founded_day": null,
 "deadpooled_year": null,
 "deadpooled_month": null,
 "deadpooled_day": null,
 "deadpooled_url": null,
 "tag_list": "social, twitter, social-media, analytics",
 "alias_list": null,
 "email_address": "",
 "phone_number": "",
 "description": "Twitter Analytics for the Masses",
 "created_at": "Mon May 14 15:52:14 UTC 2012",
 "updated_at": "Wed Aug 22 09:48:50 UTC 2012",
 "overview": "\u003Cp\u003E25Trends is a twitter analytics tool which provides the user with loads of information from twitter such as trending topics, top links, top tweets and top users, also it provides the mood of people right now\u003C/p\u003E\n\n\u003Cp\u003E25trends provides business analytics reports and APIs for companies and individuals\u003C/p\u003E",
 "image":
  {"available_sizes":
    [[[150,
       38],
      "http://api-images.crunchbase.com/assets/images/resized/0020/1666/201666v2-max-150x150.png"],
     [[250,
       64],
      "http://api-images.crunchbase.com/assets/images/resized/0020/1666/201666v2-max-250x250.png"],
     [[272,
       70],
      "http://api-images.crunchbase.com/assets/images/resized/0020/1666/201666v2-max-450x450.png"]],
   "attribution": null},
 "products":
  [],
 "relationships":
  [{"is_past": false,
    "title": "Founder",
    "person":
     {"first_name": "Karim",
      "last_name": "Ouda",
      "permalink": "karim-ouda"}}],
 "competitions":
  [],
 "providerships":
  [],
 "total_money_raised": "$0",
 "funding_rounds":
  [],
 "investments":
  [],
 "acquisition": null,
 "acquisitions":
  [],
 "offices":
  [],
 "milestones":
  [],
 "ipo": null,
 "video_embeds":
  [],
 "screenshots":
  [{"available_sizes":
     [[[150,
        92],
       "http://api-images.crunchbase.com/assets/images/resized/0020/1668/201668v2-max-150x150.png"],
      [[250,
        154],
       "http://api-images.crunchbase.com/assets/images/resized/0020/1668/201668v2-max-250x250.png"],
      [[450,
        278],
       "http://api-images.crunchbase.com/assets/images/resized/0020/1668/201668v2-max-450x450.png"]],
    "attribution": null}],
 "external_links":
  [{"external_url": "http://larryferlazzo.edublogs.org/2012/05/19/25-trends-is-a-neat-twitter-visualization-tool/z8IAA",
    "title": ""},
   {"external_url": "http://wwwhatsnew.com/2012/05/27/25trends-herramienta-de-analisis-rapido-y-visual-de-los-temas-que-nos-interesan-en-twitter/",
    "title": ""},
   {"external_url": "http://www.addictivetips.com/web/25trends-visual-representation-of-twitter-trends-top-links-tweets/",
    "title": ""}],
 "partners":
  []}
