{"name": "2CRisk",
 "permalink": "2crisk",
 "crunchbase_url": "http://www.crunchbase.com/company/2crisk",
 "homepage_url": "http://www.2crisk.com.au",
 "blog_url": "",
 "blog_feed_url": "",
 "twitter_username": "2crisk",
 "category_code": "software",
 "number_of_employees": 5,
 "founded_year": 2010,
 "founded_month": 7,
 "founded_day": null,
 "deadpooled_year": null,
 "deadpooled_month": null,
 "deadpooled_day": null,
 "deadpooled_url": null,
 "tag_list": "health-and-wellness, risk-management-software, occupational-health-and-safety, injury-management, occupational-health, pre-employment-medical, pre-employment-screening, health-and-wellbeing, health-risk-assessment, return-to-work-software, case-management",
 "alias_list": null,
 "email_address": "info@2crisk.com.au",
 "phone_number": "+61 1300736361",
 "description": "Health Risk Management Software",
 "created_at": "Mon Feb 27 00:13:45 UTC 2012",
 "updated_at": "Thu Jun 06 23:59:43 UTC 2013",
 "overview": "\u003Cp\u003E2CRisk is a cloud based health risk management software solution helping organisations improve productivity and reduce workplace injuries, globally\u003C/p\u003E\n\n\u003Cp\u003EOur objective is to reduce the people risk exposure all organisations face throughout the employment lifecycle. \nUsing an intuitive web based user interface, 2CRisk enables the user to manage the health risk for an employee or contractor through the following processes: \u003C/p\u003E\n\n\u003Cp\u003E\u2022 Pre-Employment Screening\n\u2022 Health and Wellbeing Management\n\u2022 Injury and Claims Management\n\u2022 Exit Medical\u003C/p\u003E\n\n\u003Cp\u003EThe unique health risk assessment IP in 2CRisk is used at key stages in these processes to take complex and sometimes contradictory health and environmental information and present it to the user in simple graphical risk profiles. Areas of high and medium risk are easily identified and preventive action taken to reduce risk.\u003C/p\u003E\n\n\u003Cp\u003EThrough this process, organisations can improve productivity, reduce the number of workplace injuries and reduce their insurance premiums.\u003C/p\u003E\n\n\u003Cp\u003E2CRisk will help you improve the health of the workforce and deliver a measurable ROI\u003C/p\u003E",
 "image":
  {"available_sizes":
    [[[150,
       49],
      "http://api-images.crunchbase.com/assets/images/resized/0017/6244/176244v7-max-150x150.jpg"],
     [[250,
       82],
      "http://api-images.crunchbase.com/assets/images/resized/0017/6244/176244v7-max-250x250.jpg"],
     [[450,
       149],
      "http://api-images.crunchbase.com/assets/images/resized/0017/6244/176244v7-max-450x450.jpg"]],
   "attribution": null},
 "products":
  [{"name": "Employment Medical",
    "permalink": "employment-medical"},
   {"name": "Health Management",
    "permalink": "health-management"},
   {"name": "Injury Management",
    "permalink": "injury-management"},
   {"name": "Case Management",
    "permalink": "case-management"},
   {"name": "Exit Medical",
    "permalink": "exit-medical"}],
 "relationships":
  [{"is_past": false,
    "title": "Chairman and Director",
    "person":
     {"first_name": "Max",
      "last_name": "White",
      "permalink": "max-white"}},
   {"is_past": false,
    "title": "Chief Developer",
    "person":
     {"first_name": "Derek",
      "last_name": "Frost",
      "permalink": "derek-frost"}},
   {"is_past": false,
    "title": "Managing Director",
    "person":
     {"first_name": "Nick",
      "last_name": "Binns",
      "permalink": "nick-binns"}},
   {"is_past": false,
    "title": "Managing Director 2CRisk Africa",
    "person":
     {"first_name": "Charles",
      "last_name": "Parsons",
      "permalink": "charles-parsons"}},
   {"is_past": false,
    "title": "Director and GM RIsk and Innovation",
    "person":
     {"first_name": "Mark",
      "last_name": "Cassidy",
      "permalink": "mark-cassidy"}}],
 "competitions":
  [],
 "providerships":
  [{"title": "Marketing Strategy Development and Implementation",
    "is_past": false,
    "provider":
     {"name": "Twocents Group",
      "permalink": "twocents-group"}}],
 "total_money_raised": "$383k",
 "funding_rounds":
  [{"id": 28416,
    "round_code": "grant",
    "source_url": "http://www.commercialisationaustralia.gov.au/OurParticipants/Pages/Health%20Risk%20Management%20Systems%20Pty%20Ltd.aspx",
    "source_description": "Commercialisation Australia",
    "raised_amount": 230000.0,
    "raised_currency_code": "USD",
    "funded_year": 2010,
    "funded_month": 4,
    "funded_day": 1,
    "investments":
     []},
   {"id": 39516,
    "round_code": "grant",
    "source_url": "http://www.commercialisationaustralia.com.au",
    "source_description": "Commercialisation Australia",
    "raised_amount": 153000.0,
    "raised_currency_code": "USD",
    "funded_year": 2012,
    "funded_month": 10,
    "funded_day": 10,
    "investments":
     []}],
 "investments":
  [],
 "acquisition": null,
 "acquisitions":
  [],
 "offices":
  [{"description": "Head Office",
    "address1": "5, Florence Street",
    "address2": "Newstead",
    "zip_code": "4006",
    "city": "Brisbane",
    "state_code": null,
    "country_code": "AUS",
    "latitude": null,
    "longitude": null},
   {"description": "Melbourne Office",
    "address1": "Lvl 9, 409 St.Kilda Road",
    "address2": "",
    "zip_code": "3004",
    "city": "Melbourne",
    "state_code": null,
    "country_code": "AUS",
    "latitude": null,
    "longitude": null},
   {"description": "South African Office",
    "address1": "100 Handicap Road",
    "address2": "Ruimsig",
    "zip_code": "",
    "city": "Johannesberg",
    "state_code": null,
    "country_code": "ZAF",
    "latitude": null,
    "longitude": null}],
 "milestones":
  [],
 "ipo": null,
 "video_embeds":
  [{"embed_code": "\u003Ciframe width=\"853\" height=\"480\" src=\"http://www.youtube.com/embed/grdDZEcmN5c\" frameborder=\"0\" allowfullscreen\u003E\u003C/iframe\u003E",
    "description": "\u003Cp\u003E2CRisk Introductory Video\u003C/p\u003E"}],
 "screenshots":
  [{"available_sizes":
     [[[150,
        70],
       "http://api-images.crunchbase.com/assets/images/resized/0017/5878/175878v2-max-150x150.jpg"],
      [[250,
        117],
       "http://api-images.crunchbase.com/assets/images/resized/0017/5878/175878v2-max-250x250.jpg"],
      [[450,
        212],
       "http://api-images.crunchbase.com/assets/images/resized/0017/5878/175878v2-max-450x450.jpg"]],
    "attribution": null}],
 "external_links":
  [{"external_url": "http://www.rustreport.com.au/issues/latestissue/who%E2%80%99s-who-of-aussie-it-29/",
    "title": "The Rust Report - Company's To Watch"}],
 "partners":
  []}
