{"name": "2minuteGMAT",
 "permalink": "2minutegmat",
 "crunchbase_url": "http://www.crunchbase.com/company/2minutegmat",
 "homepage_url": "http://www.2minutegmat.com",
 "blog_url": "http://www.2minutegmat.com/blog",
 "blog_feed_url": "",
 "twitter_username": "2minutegmat",
 "category_code": "education",
 "number_of_employees": 2,
 "founded_year": 2009,
 "founded_month": 8,
 "founded_day": 1,
 "deadpooled_year": null,
 "deadpooled_month": null,
 "deadpooled_day": null,
 "deadpooled_url": null,
 "tag_list": "gmat, gmat-prep, gmat-questions, mba-admissions-prep, business-school-prep",
 "alias_list": null,
 "email_address": "conrad@2minutegmat.com",
 "phone_number": "",
 "description": "GMAT Startup",
 "created_at": "Fri Apr 06 06:33:41 UTC 2012",
 "updated_at": "Wed Apr 11 02:39:52 UTC 2012",
 "overview": "\u003Cp\u003EFounded in 2009, 2minuteGMAT guarantees that you will improve your GMAT score by 50 points or your money back.  \u003C/p\u003E\n\n\u003Cp\u003EWe send you a unique email every day for 3 months with:\u003C/p\u003E\n\n\u003Cp\u003E-10 GMAT Questions of the Day (5 Math and 5 Verbal).\n-Daily blurb about top business schools in the country.\n-Advice from experts on how to improve your GMAT score.\u003C/p\u003E\n\n\u003Cp\u003E2minuteGMAT was created by two individuals who scored in the 99th and 94th percentile on the GMAT. They realized that the best way for them to study was to email each other every day reminding one another to take 10 practice GMAT questions. At the end of 3 months, their scores had risen over 150 points.\u003C/p\u003E\n\n\u003Cp\u003EFrom their experiences, 2minuteGMAT was founded. They have searched for the best practice GMAT questions, interviewed Business School Admissions Officers for insight into the admissions process, and spent countless hours gathering information on the top business schools in the country.\u003C/p\u003E\n\n\u003Cp\u003E2minuteGMAT is the friend that will remind you every day to keep studying and to keep reaching for your goal of attending a top business school. For 3 months every day an email will be sent to you with 10 unique practice GMAT questions (5 Math and 5 Verbal), advice from admissions officers at top business schools, and expert advice on how to improve your GMAT score.\u003C/p\u003E\n\n\u003Cp\u003EFor a limited time price of $29.99, we guarantee that your score will increase by at least 50 points, or you can have your money back. It\u2019s time to get serious about studying for the GMAT. We can help.\u003C/p\u003E",
 "image":
  {"available_sizes":
    [[[150,
       66],
      "http://api-images.crunchbase.com/assets/images/resized/0018/2941/182941v2-max-150x150.jpg"],
     [[199,
       88],
      "http://api-images.crunchbase.com/assets/images/resized/0018/2941/182941v2-max-250x250.jpg"],
     [[199,
       88],
      "http://api-images.crunchbase.com/assets/images/resized/0018/2941/182941v2-max-450x450.jpg"]],
   "attribution": null},
 "products":
  [],
 "relationships":
  [{"is_past": false,
    "title": "Founder",
    "person":
     {"first_name": "Conrad",
      "last_name": "Egusa",
      "permalink": "conrad-egusa"}}],
 "competitions":
  [{"competitor":
     {"name": "Manhattan GMAT",
      "permalink": "manhattan-gmat"}},
   {"competitor":
     {"name": "Knewton",
      "permalink": "knewton"}},
   {"competitor":
     {"name": "Grockit",
      "permalink": "grockit"}}],
 "providerships":
  [],
 "total_money_raised": "$0",
 "funding_rounds":
  [],
 "investments":
  [],
 "acquisition": null,
 "acquisitions":
  [],
 "offices":
  [],
 "milestones":
  [],
 "ipo": null,
 "video_embeds":
  [],
 "screenshots":
  [{"available_sizes":
     [[[150,
        119],
       "http://api-images.crunchbase.com/assets/images/resized/0018/2940/182940v2-max-150x150.png"],
      [[250,
        199],
       "http://api-images.crunchbase.com/assets/images/resized/0018/2940/182940v2-max-250x250.png"],
      [[450,
        358],
       "http://api-images.crunchbase.com/assets/images/resized/0018/2940/182940v2-max-450x450.png"]],
    "attribution": null}],
 "external_links":
  [{"external_url": "http://www.stacyblackman.com/2011/04/28/consider-this-when-preparing-for-the-gmat/",
    "title": "Stacyblackman.com Article"}],
 "partners":
  []}
