{"name": "2muse",
 "permalink": "2muse",
 "crunchbase_url": "http://www.crunchbase.com/company/2muse",
 "homepage_url": "http://www.2muse.fm",
 "blog_url": "",
 "blog_feed_url": "",
 "twitter_username": null,
 "category_code": "games_video",
 "number_of_employees": null,
 "founded_year": 2009,
 "founded_month": 12,
 "founded_day": null,
 "deadpooled_year": null,
 "deadpooled_month": null,
 "deadpooled_day": null,
 "deadpooled_url": null,
 "tag_list": "china, digital-music, background-music, legally-compliant, digital-media, media-solutions, shanghai, dfr-asia",
 "alias_list": null,
 "email_address": "info@2muse.fm",
 "phone_number": "+86 (21) 61672033",
 "description": "China's Environmental Music Design",
 "created_at": "Tue Mar 27 07:18:58 UTC 2012",
 "updated_at": "Thu Apr 05 21:45:36 UTC 2012",
 "overview": "\u003Cp\u003E2muse provides customized, fully legal music programming for stores and businesses throughout China.  \u003C/p\u003E\n\n\u003Cp\u003EThe 2muse solution integrates high-quality music programming, digital delivery, and back-end royalty accounting into a cost efficient and easy to use system. \u003C/p\u003E\n\n\u003Cp\u003ESupport from Chinese government and professional trade associations give 2muse an edge in providing its fully licensed and high-quality service nationwide. \u003C/p\u003E\n\n\u003Cp\u003E2muse\u2019s work and development are supported by the General Administration of Press and Publication (GAPP), the China Audio \u0026amp; Video Association (CAVA), the Shanghai Municipal Party Publicity Department under the new Shanghai Synergy Culture \u0026amp; Entertainment Group (SSCEG), DFR Asia, and the Chinese government\u2019s intellectual property protection goals set forth in the \u201cTwelfth Five Year Guideline\u201d.\u003C/p\u003E",
 "image": null,
 "products":
  [],
 "relationships":
  [{"is_past": false,
    "title": "CEO",
    "person":
     {"first_name": "Edmund",
      "last_name": "Qi",
      "permalink": "edmund-qi"}}],
 "competitions":
  [],
 "providerships":
  [],
 "total_money_raised": "$0",
 "funding_rounds":
  [],
 "investments":
  [],
 "acquisition": null,
 "acquisitions":
  [],
 "offices":
  [{"description": "",
    "address1": "46 Liaoning Road",
    "address2": "Building A, Suite 203",
    "zip_code": "200080",
    "city": "Shanghai",
    "state_code": null,
    "country_code": "CHN",
    "latitude": null,
    "longitude": null}],
 "milestones":
  [],
 "ipo": null,
 "video_embeds":
  [],
 "screenshots":
  [],
 "external_links":
  [],
 "partners":
  []}
