{"name": "2nd.MD",
 "permalink": "2nd-md",
 "crunchbase_url": "http://www.crunchbase.com/company/2nd-md",
 "homepage_url": "http://2nd.md",
 "blog_url": "http://2nd.md/blog",
 "blog_feed_url": "http://2nd.md/blog",
 "twitter_username": "2nd_md",
 "category_code": "web",
 "number_of_employees": 10,
 "founded_year": 2011,
 "founded_month": 1,
 "founded_day": 1,
 "deadpooled_year": null,
 "deadpooled_month": null,
 "deadpooled_day": null,
 "deadpooled_url": null,
 "tag_list": "telemedicine",
 "alias_list": null,
 "email_address": "support@2nd.md",
 "phone_number": "",
 "description": "Skype + Ebay for Medical Specialists",
 "created_at": "Mon Mar 05 20:20:10 UTC 2012",
 "updated_at": "Wed May 22 23:38:58 UTC 2013",
 "overview": "\u003Cp\u003E-2nd.MD gives employees access to personalized second opinions (by video or phone) from medical specialists at top institutions.  By speaking with the best doctors, the sickest employees get better care, unnecessary costs are avoided and the company pays a smaller healthcare bill. \n-2nd.MD - no insurance hassles, no waiting rooms, just answers. \u003C/p\u003E",
 "image": null,
 "products":
  [],
 "relationships":
  [{"is_past": true,
    "title": "CEO",
    "person":
     {"first_name": "Clint",
      "last_name": "Phillips",
      "permalink": "clint-phillips"}}],
 "competitions":
  [],
 "providerships":
  [],
 "total_money_raised": "$0",
 "funding_rounds":
  [],
 "investments":
  [],
 "acquisition": null,
 "acquisitions":
  [],
 "offices":
  [],
 "milestones":
  [],
 "ipo": null,
 "video_embeds":
  [{"embed_code": "\u003Ciframe width=\"450\" height=\"253\" src=\"http://www.youtube.com/embed/4xWU9mZ0ocs\" frameborder=\"0\" allowfullscreen\u003E\u003C/iframe\u003E",
    "description": "\u003Cp\u003EFounders Story\u003C/p\u003E"},
   {"embed_code": "\u003Ciframe width=\"450\" height=\"253\" src=\"http://www.youtube.com/embed/haKWwDYy1r8\" frameborder=\"0\" allowfullscreen\u003E\u003C/iframe\u003E",
    "description": "\u003Cp\u003EDirect Access to Leading Doctors\u003C/p\u003E"}],
 "screenshots":
  [],
 "external_links":
  [],
 "partners":
  []}
