{"name": "2playergames.co",
 "permalink": "2playergames-co",
 "crunchbase_url": "http://www.crunchbase.com/company/2playergames-co",
 "homepage_url": "http://2playergames.co",
 "blog_url": "",
 "blog_feed_url": "http://www.2playergames.co/feed",
 "twitter_username": "2pgcom",
 "category_code": "games_video",
 "number_of_employees": null,
 "founded_year": 2011,
 "founded_month": 9,
 "founded_day": 1,
 "deadpooled_year": null,
 "deadpooled_month": null,
 "deadpooled_day": null,
 "deadpooled_url": null,
 "tag_list": "2-player-games, two-player-games, games",
 "alias_list": "",
 "email_address": "admin@italosmedia.com",
 "phone_number": "",
 "description": "2 player games online",
 "created_at": "Tue Jun 19 19:08:19 UTC 2012",
 "updated_at": "Mon Apr 08 07:08:54 UTC 2013",
 "overview": "\u003Cp\u003E2playergames.co is the most complete online host of 2 player games as well as a developer of popular two player games titles.\u003C/p\u003E\n\n\u003Cp\u003EHere at 2playergames.co we believe that playing games isnt a lonely act. Thus we collected and provide the most complete list of multiplayer and 2 player game titles for our users to enjoy.\u003C/p\u003E",
 "image":
  {"available_sizes":
    [[[150,
       50],
      "http://api-images.crunchbase.com/assets/images/resized/0022/1452/221452v2-max-150x150.png"],
     [[250,
       83],
      "http://api-images.crunchbase.com/assets/images/resized/0022/1452/221452v2-max-250x250.png"],
     [[381,
       128],
      "http://api-images.crunchbase.com/assets/images/resized/0022/1452/221452v2-max-450x450.png"]],
   "attribution": null},
 "products":
  [],
 "relationships":
  [],
 "competitions":
  [],
 "providerships":
  [],
 "total_money_raised": "$0",
 "funding_rounds":
  [],
 "investments":
  [],
 "acquisition": null,
 "acquisitions":
  [],
 "offices":
  [],
 "milestones":
  [],
 "ipo": null,
 "video_embeds":
  [{"embed_code": "\u003Ciframe width=\"450\" height=\"253\" src=\"http://www.youtube.com/embed/fe-EpwViHoo\" frameborder=\"0\" allowfullscreen\u003E\u003C/iframe\u003E",
    "description": ""}],
 "screenshots":
  [{"available_sizes":
     [[[150,
        77],
       "http://api-images.crunchbase.com/assets/images/resized/0019/6220/196220v2-max-150x150.jpg"],
      [[250,
        128],
       "http://api-images.crunchbase.com/assets/images/resized/0019/6220/196220v2-max-250x250.jpg"],
      [[450,
        231],
       "http://api-images.crunchbase.com/assets/images/resized/0019/6220/196220v2-max-450x450.jpg"]],
    "attribution": null}],
 "external_links":
  [],
 "partners":
  []}
