{"name": "3 LIttle Birds Interactive LLC",
 "permalink": "3-little-birds-interactive-llc",
 "crunchbase_url": "http://www.crunchbase.com/company/3-little-birds-interactive-llc",
 "homepage_url": null,
 "blog_url": null,
 "blog_feed_url": null,
 "twitter_username": null,
 "category_code": null,
 "number_of_employees": null,
 "founded_year": null,
 "founded_month": null,
 "founded_day": null,
 "deadpooled_year": null,
 "deadpooled_month": null,
 "deadpooled_day": null,
 "deadpooled_url": null,
 "tag_list": "",
 "alias_list": null,
 "email_address": null,
 "phone_number": null,
 "description": null,
 "created_at": "Fri Mar 02 15:37:01 UTC 2012",
 "updated_at": "Wed Apr 04 06:44:25 UTC 2012",
 "overview": "\u003Cp\u003E3 Little Birds Interactive is an agency specializing in online marketing staffing and consulting. Helping online companies find the best employee is not easy, especially in an industry with so much turnover. Luckily, 3LB has almost 10 years experience in the online media industry and understands the challenge from all sides. With thousands of contacts, an innovative approach, and a name people trust, the company brings a priceless service to one of the fastest - growing industries today.\u003C/p\u003E",
 "image":
  {"available_sizes":
    [[[150,
       79],
      "http://api-images.crunchbase.com/assets/images/resized/0018/2371/182371v2-max-150x150.png"],
     [[247,
       131],
      "http://api-images.crunchbase.com/assets/images/resized/0018/2371/182371v2-max-250x250.png"],
     [[247,
       131],
      "http://api-images.crunchbase.com/assets/images/resized/0018/2371/182371v2-max-450x450.png"]],
   "attribution": null},
 "products":
  [],
 "relationships":
  [{"is_past": false,
    "title": "Managing Member",
    "person":
     {"first_name": "Arikka",
      "last_name": "Greene",
      "permalink": "arikka-greene"}}],
 "competitions":
  [],
 "providerships":
  [],
 "total_money_raised": "$0",
 "funding_rounds":
  [],
 "investments":
  [],
 "acquisition": null,
 "acquisitions":
  [],
 "offices":
  [{"description": "Florida Office",
    "address1": "",
    "address2": "",
    "zip_code": "",
    "city": "Wauchula",
    "state_code": "FL",
    "country_code": "USA",
    "latitude": null,
    "longitude": null},
   {"description": "California Office",
    "address1": "",
    "address2": "",
    "zip_code": "92101",
    "city": "San Diego",
    "state_code": "CA",
    "country_code": "USA",
    "latitude": null,
    "longitude": null}],
 "milestones":
  [],
 "ipo": null,
 "video_embeds":
  [],
 "screenshots":
  [],
 "external_links":
  [],
 "partners":
  []}
