{"name": "360imaging",
 "permalink": "360imaging",
 "crunchbase_url": "http://www.crunchbase.com/company/360imaging",
 "homepage_url": "http://www.360imaging.com",
 "blog_url": "",
 "blog_feed_url": "",
 "twitter_username": null,
 "category_code": "biotech",
 "number_of_employees": 60,
 "founded_year": 2005,
 "founded_month": null,
 "founded_day": null,
 "deadpooled_year": null,
 "deadpooled_month": null,
 "deadpooled_day": null,
 "deadpooled_url": null,
 "tag_list": "digital-dentistry, medical-imaging, symbyo, implantology, dentistry",
 "alias_list": null,
 "email_address": "info@360imaging.com",
 "phone_number": "404-236-7700",
 "description": "Leader in Computer Guided Surgery",
 "created_at": "Wed Jun 13 13:40:31 UTC 2012",
 "updated_at": "Tue Feb 11 10:24:39 UTC 2014",
 "overview": "\u003Cp\u003E360imaging\u00ae based in Atlanta, Georgia is a leading provider in 3D Digital Implantology, offering a range of products and services to implant professionals and their patients. \u003C/p\u003E\n\n\u003Cp\u003EAt 360imaging\u00ae our mission is improve the cost, quality and accessibility of implant treatment planning worldwide through our unique solution offering that covers the whole cycle from scan to surgical guide.\u003C/p\u003E\n\n\u003Cp\u003EIn close cooperation with top doctors and researchers around the world, 360imaging continues to develop the 360imaging solution, a complete solution for all implant treatment needs. The 360imaging solution draws upon our years of experience, expertise and innovation in the field making it the most perfect and complete solution for doctor needs. \u003C/p\u003E\n\n\u003Cp\u003E360imaging solution includes the following set of integrated products and services: \u003C/p\u003E\n\n\u003Cul\u003E\n\u003Cli\u003E\u003Cp\u003E360dps: An intuitive and easy to use treatment planning software for accurate and predictable planning of implant cases. \u003C/p\u003E\u003C/li\u003E\n\u003Cli\u003E\u003Cp\u003ESurgical Guides: The most affordable surgical guides for every case scenario. Manufactured and designed in USA, cutting down delivery time in half. \u003C/p\u003E\u003C/li\u003E\n\u003Cli\u003E\u003Cp\u003EDigital Lab Service: Offering complete Implant-related service such as Radiology Reports, Conversion \u0026amp; Image Modeling and Customized Treatment Planning services.\u003C/p\u003E\u003C/li\u003E\n\u003C/ul\u003E\n\n\u003Cp\u003ECompany History:\n360imaging\u00ae opened its doors for business in 2005, with the initial goal of building 3D CT imaging centers for the dental community across the United States. After opening two centers in Atlanta and one Preferred Scan Center in Athens, GA and one in Charlotte, NC, we realized the need to offer our dental practice clients Digital Lab service after each patient scan.\u003C/p\u003E\n\n\u003Cp\u003EIn order to best serve our dental practice clients, we decided to pursue the development of the 360 Digital Lab\u2122, that offered complete Implant treatment related services including Radiology Reports, Conversion and Image Modeling and Treatment Planning services.\u003C/p\u003E\n\n\u003Cp\u003EAfter planning over 30,000 cases over 6 years, we saw the shortcomings of the software packages on the market and saw an opportunity to simplify the planning process through a superior software option that would work with any type of implant. That led to the development of 360dps; a comprehensive, cost-effective and intuitive implant planning software designed to make implant planning painless. \u003C/p\u003E\n\n\u003Cp\u003EIn addition, the backups and delays on surgical guides coming from overseas were a constant problem. In response, we have developed a state-of-the-art technology to produce surgical guides here in Atlanta, GA. This technology allows us to produce guides in half the time of guides that are produced overseas, letting practitioners complete cases faster and increasie cash flow.\u003C/p\u003E",
 "image": null,
 "products":
  [],
 "relationships":
  [{"is_past": false,
    "title": "CO-Founder / CTO",
    "person":
     {"first_name": "Yahia",
      "last_name": "Megahed",
      "permalink": "yahia-megahed"}},
   {"is_past": false,
    "title": "Chief Oral Maxillofacial Radiologist",
    "person":
     {"first_name": "Dr.",
      "last_name": "Tara Zahedi",
      "permalink": "dr-tara-zahedi"}},
   {"is_past": false,
    "title": "CEO \u0026 President",
    "person":
     {"first_name": "Mark",
      "last_name": "Palmer",
      "permalink": "mark-palmer-5"}},
   {"is_past": false,
    "title": "Vice President Research \u0026 Development",
    "person":
     {"first_name": "Angela",
      "last_name": "Palmer",
      "permalink": "angela-palmer"}}],
 "competitions":
  [],
 "providerships":
  [],
 "total_money_raised": "$0",
 "funding_rounds":
  [],
 "investments":
  [],
 "acquisition": null,
 "acquisitions":
  [],
 "offices":
  [{"description": "Atlanata",
    "address1": "Two Concourse Parkway",
    "address2": "Suite #140",
    "zip_code": "30328",
    "city": "Atlanta",
    "state_code": "GA",
    "country_code": "USA",
    "latitude": null,
    "longitude": null}],
 "milestones":
  [],
 "ipo": null,
 "video_embeds":
  [],
 "screenshots":
  [],
 "external_links":
  [],
 "partners":
  [{"partner_name": "angel_list",
    "homepage_url": "http://360imaging.com",
    "link_1_url": "https://angel.co/360imaging",
    "link_2_url": null,
    "link_3_url": null,
    "link_1_name": "AngelList Page",
    "link_2_name": null,
    "link_3_name": null}]}
