{"name": "3AL Universal Trade",
 "permalink": "3al-universal-trade",
 "crunchbase_url": "http://www.crunchbase.com/company/3al-universal-trade",
 "homepage_url": "http://www.3al.com",
 "blog_url": "",
 "blog_feed_url": "",
 "twitter_username": "3alworld",
 "category_code": "ecommerce",
 "number_of_employees": 5,
 "founded_year": 2010,
 "founded_month": 10,
 "founded_day": 16,
 "deadpooled_year": null,
 "deadpooled_month": null,
 "deadpooled_day": null,
 "deadpooled_url": null,
 "tag_list": "social-commerce",
 "alias_list": null,
 "email_address": "oladapookupe@gmail.com",
 "phone_number": "+2348023051121",
 "description": "Social commerce site",
 "created_at": "Mon May 14 20:32:31 UTC 2012",
 "updated_at": "Sun Jun 17 06:03:42 UTC 2012",
 "overview": "\u003Cp\u003ESocial Commerce.\u003C/p\u003E\n\n\u003Cp\u003EThe idea was to create an environment where e-commerce ans social media merge to change the face of retail across the world.\u003C/p\u003E\n\n\u003Cp\u003Ethe site provides an intriguing mix of facebook and e-bay. The objective is to create the worlds first social business portal where retail activities are carried out in a social community.\u003C/p\u003E\n\n\u003Cp\u003Ethe site was rated by memeburn as one of the 30 brilliant ideas out of Africa. (http://memeburn.com/2012/03/25-brilliant-african-tech-startups/3al/)\u003C/p\u003E\n\n\u003Cp\u003EAt the moment, the company has signed an MOU with MasterCard worldwide, and its looking at launching in July 2012.\u003C/p\u003E\n\n\u003Cp\u003EWe need an investor to realise the full potential of this initiative.\u003C/p\u003E",
 "image":
  {"available_sizes":
    [[[150,
       32],
      "http://api-images.crunchbase.com/assets/images/resized/0018/9722/189722v2-max-150x150.png"],
     [[250,
       53],
      "http://api-images.crunchbase.com/assets/images/resized/0018/9722/189722v2-max-250x250.png"],
     [[280,
       60],
      "http://api-images.crunchbase.com/assets/images/resized/0018/9722/189722v2-max-450x450.png"]],
   "attribution": null},
 "products":
  [],
 "relationships":
  [{"is_past": true,
    "title": "CEO",
    "person":
     {"first_name": "Oladapo",
      "last_name": "Okupe",
      "permalink": "oladapo-okupe"}},
   {"is_past": true,
    "title": "Executive Director, Software Engineering",
    "person":
     {"first_name": "Tunde",
      "last_name": "Olabenjo",
      "permalink": "tunde-olabenjo"}},
   {"is_past": true,
    "title": "Executive Director, IT",
    "person":
     {"first_name": "Niyi",
      "last_name": "Adekoya",
      "permalink": "niyi-adekoya"}},
   {"is_past": true,
    "title": "Business Development",
    "person":
     {"first_name": "Ada",
      "last_name": "Amogu",
      "permalink": "ada-amogu"}}],
 "competitions":
  [],
 "providerships":
  [],
 "total_money_raised": "$0",
 "funding_rounds":
  [],
 "investments":
  [],
 "acquisition": null,
 "acquisitions":
  [],
 "offices":
  [{"description": "Head, Office",
    "address1": "Plot 896 Balarabe Musa Crescent Victoria Island, Lagos",
    "address2": "",
    "zip_code": "",
    "city": "Lagos",
    "state_code": null,
    "country_code": "NGA",
    "latitude": null,
    "longitude": null}],
 "milestones":
  [],
 "ipo": null,
 "video_embeds":
  [],
 "screenshots":
  [],
 "external_links":
  [{"external_url": "http://www.memeburn.com",
    "title": "30 brilliant start-ups in Africa"}],
 "partners":
  []}
