{"name": "3BaysOver",
 "permalink": "3baysover",
 "crunchbase_url": "http://www.crunchbase.com/company/3baysover",
 "homepage_url": "http://www.3baysover.com",
 "blog_url": "",
 "blog_feed_url": "",
 "twitter_username": "3BaysOver",
 "category_code": "travel",
 "number_of_employees": 5,
 "founded_year": 2011,
 "founded_month": 8,
 "founded_day": 1,
 "deadpooled_year": null,
 "deadpooled_month": null,
 "deadpooled_day": null,
 "deadpooled_url": null,
 "tag_list": "travel, professional-networking, social-networking, online-travel, community-management",
 "alias_list": null,
 "email_address": "andy@3baysover.com",
 "phone_number": "+41765301197",
 "description": "Professional networking for travel",
 "created_at": "Thu Mar 01 17:09:33 UTC 2012",
 "updated_at": "Tue Sep 04 10:25:20 UTC 2012",
 "overview": "\u003Cp\u003E3BaysOver is a B2B networking platform and online marketplace for the world\u0026#8217;s travel companies. We enable our customers to run their business more efficiently by letting them:\u003C/p\u003E\n\n\u003Cul\u003E\n\u003Cli\u003Eeasily create an engaging online presence\u003C/li\u003E\n\u003Cli\u003Emore easily manage their global industry relationships\u003C/li\u003E\n\u003Cli\u003Ecreate, manage and promote a beautiful portfolio of products\u003C/li\u003E\n\u003C/ul\u003E\n\n\u003Cp\u003E3BaysOver is like like AngelList for travel: we seamlessly connect the different members of the travel industry value chain - strengthening existing relationships, facilitating new ones, and helping information flow more efficiently. It is a platform is about relationships, not transactions.\u003C/p\u003E",
 "image":
  {"available_sizes":
    [[[150,
       150],
      "http://api-images.crunchbase.com/assets/images/resized/0017/6566/176566v2-max-150x150.png"],
     [[250,
       250],
      "http://api-images.crunchbase.com/assets/images/resized/0017/6566/176566v2-max-250x250.png"],
     [[450,
       450],
      "http://api-images.crunchbase.com/assets/images/resized/0017/6566/176566v2-max-450x450.png"]],
   "attribution": null},
 "products":
  [],
 "relationships":
  [{"is_past": false,
    "title": "CEO",
    "person":
     {"first_name": "Andy",
      "last_name": "Ryan",
      "permalink": "andy-ryan"}},
   {"is_past": false,
    "title": "CPO",
    "person":
     {"first_name": "Diego",
      "last_name": "Giol",
      "permalink": "diego-giol"}}],
 "competitions":
  [],
 "providerships":
  [{"title": "",
    "is_past": false,
    "provider":
     {"name": "RampUp IT",
      "permalink": "rampup-it"}}],
 "total_money_raised": "$375k",
 "funding_rounds":
  [{"id": 28494,
    "round_code": "seed",
    "source_url": "",
    "source_description": "",
    "raised_amount": 375000.0,
    "raised_currency_code": "USD",
    "funded_year": 2011,
    "funded_month": 8,
    "funded_day": 1,
    "investments":
     []}],
 "investments":
  [],
 "acquisition": null,
 "acquisitions":
  [],
 "offices":
  [{"description": "",
    "address1": "",
    "address2": "",
    "zip_code": "",
    "city": "Geneva",
    "state_code": null,
    "country_code": "CHE",
    "latitude": null,
    "longitude": null}],
 "milestones":
  [],
 "ipo": null,
 "video_embeds":
  [],
 "screenshots":
  [],
 "external_links":
  [],
 "partners":
  []}
