{"name": "3BMG",
 "permalink": "3bmg",
 "crunchbase_url": "http://www.crunchbase.com/company/3bmg",
 "homepage_url": "http://www.threebmg.com",
 "blog_url": "",
 "blog_feed_url": "",
 "twitter_username": "3BMG",
 "category_code": "other",
 "number_of_employees": null,
 "founded_year": 2012,
 "founded_month": null,
 "founded_day": null,
 "deadpooled_year": null,
 "deadpooled_month": null,
 "deadpooled_day": null,
 "deadpooled_url": null,
 "tag_list": "marketing, online-marketing, graphic-design, web-design",
 "alias_list": null,
 "email_address": "contact@threebmg.com",
 "phone_number": "801-923-3264",
 "description": "Interactive Agency",
 "created_at": "Sat Jun 23 02:11:14 UTC 2012",
 "updated_at": "Sun Jun 24 01:09:31 UTC 2012",
 "overview": "\u003Cp\u003E3BMG is an interactive agency. The company provides web design, graphic design, and online marketing services.\u003C/p\u003E\n\n\u003Cp\u003EAbout half of small businesses are not online. 3BMG is determined to change this.\u003C/p\u003E",
 "image":
  {"available_sizes":
    [[[150,
       150],
      "http://api-images.crunchbase.com/assets/images/resized/0019/6895/196895v2-max-150x150.png"],
     [[250,
       250],
      "http://api-images.crunchbase.com/assets/images/resized/0019/6895/196895v2-max-250x250.png"],
     [[450,
       450],
      "http://api-images.crunchbase.com/assets/images/resized/0019/6895/196895v2-max-450x450.png"]],
   "attribution": null},
 "products":
  [],
 "relationships":
  [],
 "competitions":
  [],
 "providerships":
  [],
 "total_money_raised": "$0",
 "funding_rounds":
  [],
 "investments":
  [],
 "acquisition": null,
 "acquisitions":
  [],
 "offices":
  [{"description": "Headquarters",
    "address1": "",
    "address2": "",
    "zip_code": "",
    "city": "Salt Lake City",
    "state_code": "UT",
    "country_code": "USA",
    "latitude": null,
    "longitude": null}],
 "milestones":
  [],
 "ipo": null,
 "video_embeds":
  [],
 "screenshots":
  [],
 "external_links":
  [],
 "partners":
  []}
