{"name": "3D Eye Solutions",
 "permalink": "3d-eye-solutions",
 "crunchbase_url": "http://www.crunchbase.com/company/3d-eye-solutions",
 "homepage_url": "http://www.3deyesolutions.com",
 "blog_url": "",
 "blog_feed_url": "",
 "twitter_username": null,
 "category_code": null,
 "number_of_employees": null,
 "founded_year": null,
 "founded_month": null,
 "founded_day": null,
 "deadpooled_year": null,
 "deadpooled_month": null,
 "deadpooled_day": null,
 "deadpooled_url": null,
 "tag_list": null,
 "alias_list": "",
 "email_address": "info@3deyesolutions.com",
 "phone_number": "407-478-0185",
 "description": "A content conversion service provider",
 "created_at": "Mon Jun 25 04:21:46 UTC 2012",
 "updated_at": "Thu Feb 20 10:51:26 UTC 2014",
 "overview": "\u003Cp\u003E3D Eye Solutions is a content conversion service provider, developer and integrator for the 3D Stereo and Auto-stereo media industry. Armed with their 3D Reality Splitter\u2122 Technology they provide conversion services for Cinema, Digital Signage and Home Theater markets. Their constant research and development on emerging technology allows them to integrate into existing and future production pipelines. This ability increases the overall effectiveness and makes it cost effective to produce 3D. Their services consist of taking existing (Film libraries, commercials, advertisements, etc.)\u003C/p\u003E",
 "image":
  {"available_sizes":
    [[[150,
       80],
      "http://api-images.crunchbase.com/assets/images/resized/0019/7055/197055v1-max-150x150.jpg"],
     [[188,
       101],
      "http://api-images.crunchbase.com/assets/images/resized/0019/7055/197055v1-max-250x250.jpg"],
     [[188,
       101],
      "http://api-images.crunchbase.com/assets/images/resized/0019/7055/197055v1-max-450x450.jpg"]],
   "attribution": null},
 "products":
  [],
 "relationships":
  [],
 "competitions":
  [],
 "providerships":
  [],
 "total_money_raised": "$380k",
 "funding_rounds":
  [{"id": 58061,
    "round_code": "partial",
    "source_url": "http://www.sec.gov/Archives/edgar/data/897082/000089708210000001/xslFormDX01/primary_doc.xml",
    "source_description": "SEC",
    "raised_amount": 210000.0,
    "raised_currency_code": "USD",
    "funded_year": 2010,
    "funded_month": 4,
    "funded_day": 6,
    "investments":
     []},
   {"id": 65544,
    "round_code": "partial",
    "source_url": "http://www.sec.gov/Archives/edgar/data/897082/000089708209000004/xslFormDX01/primary_doc.xml",
    "source_description": "SEC",
    "raised_amount": 170000.0,
    "raised_currency_code": "USD",
    "funded_year": 2008,
    "funded_month": 8,
    "funded_day": 11,
    "investments":
     []}],
 "investments":
  [],
 "acquisition": null,
 "acquisitions":
  [{"price_amount": null,
    "price_currency_code": "USD",
    "term_code": null,
    "source_url": "http://finance.yahoo.com/news/3d-entertainment-holdings-inc-acquires-125600874.html",
    "source_description": "3D Entertainment Holdings, Inc. Acquires NX Desk and Launches the Next Generation of Cloud Computing",
    "acquired_year": 2012,
    "acquired_month": 6,
    "acquired_day": 22,
    "company":
     {"name": "nxdesk",
      "permalink": "nxdesk"}}],
 "offices":
  [{"description": "",
    "address1": "2005 Tree Fork Lane Ste 109",
    "address2": "",
    "zip_code": "32750",
    "city": "Longwood",
    "state_code": "FL",
    "country_code": "USA",
    "latitude": null,
    "longitude": null}],
 "milestones":
  [],
 "ipo": null,
 "video_embeds":
  [],
 "screenshots":
  [{"available_sizes":
     [[[150,
        116],
       "http://api-images.crunchbase.com/assets/images/resized/0019/7056/197056v1-max-150x150.jpg"],
      [[250,
        193],
       "http://api-images.crunchbase.com/assets/images/resized/0019/7056/197056v1-max-250x250.jpg"],
      [[450,
        348],
       "http://api-images.crunchbase.com/assets/images/resized/0019/7056/197056v1-max-450x450.jpg"]],
    "attribution": null}],
 "external_links":
  [],
 "partners":
  []}
