{"name": "3Wine",
 "permalink": "3wine",
 "crunchbase_url": "http://www.crunchbase.com/company/3wine",
 "homepage_url": "http://www.3wine.co.uk",
 "blog_url": "",
 "blog_feed_url": "",
 "twitter_username": "3wine3",
 "category_code": "ecommerce",
 "number_of_employees": null,
 "founded_year": 2012,
 "founded_month": 4,
 "founded_day": null,
 "deadpooled_year": null,
 "deadpooled_month": null,
 "deadpooled_day": null,
 "deadpooled_url": null,
 "tag_list": "",
 "alias_list": null,
 "email_address": "",
 "phone_number": "",
 "description": "ShoeDazzle of Wine ",
 "created_at": "Mon Jul 16 14:30:06 UTC 2012",
 "updated_at": "Fri Jul 20 11:37:11 UTC 2012",
 "overview": "\u003Cp\u003EA new way to enjoy and discover the fantastic world of wine, an experience that you\u0026#8217;ll never forget!\u003C/p\u003E",
 "image":
  {"available_sizes":
    [[[131,
       150],
      "http://api-images.crunchbase.com/assets/images/resized/0020/1207/201207v2-max-150x150.jpg"],
     [[218,
       250],
      "http://api-images.crunchbase.com/assets/images/resized/0020/1207/201207v2-max-250x250.jpg"],
     [[324,
       370],
      "http://api-images.crunchbase.com/assets/images/resized/0020/1207/201207v2-max-450x450.jpg"]],
   "attribution": null},
 "products":
  [],
 "relationships":
  [{"is_past": false,
    "title": "",
    "person":
     {"first_name": "alberto",
      "last_name": "za",
      "permalink": "alberto-za"}}],
 "competitions":
  [],
 "providerships":
  [],
 "total_money_raised": "$0",
 "funding_rounds":
  [],
 "investments":
  [],
 "acquisition": null,
 "acquisitions":
  [],
 "offices":
  [],
 "milestones":
  [],
 "ipo": null,
 "video_embeds":
  [{"embed_code": "http://www.youtube.com/watch?v=TVHdCgEloSg",
    "description": ""}],
 "screenshots":
  [],
 "external_links":
  [],
 "partners":
  []}
