{"name": "4 Ace Technologies",
 "permalink": "4-ace-technologies",
 "crunchbase_url": "http://www.crunchbase.com/company/4-ace-technologies",
 "homepage_url": "http://www.4acetech.com",
 "blog_url": "",
 "blog_feed_url": "",
 "twitter_username": "4acetech",
 "category_code": "software",
 "number_of_employees": 15,
 "founded_year": 2006,
 "founded_month": null,
 "founded_day": null,
 "deadpooled_year": null,
 "deadpooled_month": null,
 "deadpooled_day": null,
 "deadpooled_url": null,
 "tag_list": "mobile-application-development, web-application-development, mobile-and-web-application-development",
 "alias_list": null,
 "email_address": "umairm@4acetech.com",
 "phone_number": "",
 "description": "Web \u0026 Mobile Application Development",
 "created_at": "Tue May 15 15:54:57 UTC 2012",
 "updated_at": "Wed May 23 16:01:33 UTC 2012",
 "overview": "\u003Cp\u003EIt\u0026#8217;s a mobile and Web Application development company working  for the past decade with expertise in PHP, .Net, C#, C++, Drupal, e-commerce based websites and off shore outsourcing.\u003C/p\u003E",
 "image":
  {"available_sizes":
    [[[137,
       74],
      "http://api-images.crunchbase.com/assets/images/resized/0018/9882/189882v2-max-150x150.jpg"],
     [[137,
       74],
      "http://api-images.crunchbase.com/assets/images/resized/0018/9882/189882v2-max-250x250.jpg"],
     [[137,
       74],
      "http://api-images.crunchbase.com/assets/images/resized/0018/9882/189882v2-max-450x450.jpg"]],
   "attribution": null},
 "products":
  [],
 "relationships":
  [{"is_past": true,
    "title": "Marketing \u0026 Sales Manager",
    "person":
     {"first_name": "Umair",
      "last_name": "Maqsood",
      "permalink": "umair-maqsood"}}],
 "competitions":
  [],
 "providerships":
  [],
 "total_money_raised": "$0",
 "funding_rounds":
  [],
 "investments":
  [],
 "acquisition": null,
 "acquisitions":
  [],
 "offices":
  [{"description": "Pakistan Office",
    "address1": "C-151 1st Floor, Block 9, Gulshan-e-Iqbal",
    "address2": "",
    "zip_code": "",
    "city": "Karachi",
    "state_code": null,
    "country_code": "PAK",
    "latitude": null,
    "longitude": null}],
 "milestones":
  [],
 "ipo": null,
 "video_embeds":
  [],
 "screenshots":
  [],
 "external_links":
  [],
 "partners":
  []}
