{"name": "420 College",
 "permalink": "420-college",
 "crunchbase_url": "http://www.crunchbase.com/company/420-college",
 "homepage_url": "http://420college.org",
 "blog_url": "http://420college.weebly.com/",
 "blog_feed_url": "http://420medicalcollege.multiply.com/journal",
 "twitter_username": "420_college",
 "category_code": "education",
 "number_of_employees": 85,
 "founded_year": 2009,
 "founded_month": 7,
 "founded_day": 11,
 "deadpooled_year": null,
 "deadpooled_month": null,
 "deadpooled_day": null,
 "deadpooled_url": null,
 "tag_list": "420-college, medical-marijuana, classes, grow-classes, marijuana-education, weed-college, cannabis-college, medical-marijuana-laws, california, los-angeles, pot-school, collective, seminars, start-a-marijuana-dispensary",
 "alias_list": null,
 "email_address": "420staff@420college.biz",
 "phone_number": "855-420-8255",
 "description": "A online medical marijuana course and se",
 "created_at": "Mon Apr 30 08:42:34 UTC 2012",
 "updated_at": "Thu Jul 05 19:47:28 UTC 2012",
 "overview": "\u003Cp\u003EIt\u2019s great news to know that, you can get a marijuana recommendation from a doctor and use medical marijuana in California to relieve your medical condition.  Just join us if you need any help. A large number of planning that goes into holding our marijuana industry related seminars. Everyone is going to get a complete consultation using the best medical marijuana defense attorney in California.  Not to mention the top business consultants who have assisted in complete set up and operation of marijuana dispensaries in California.  This truly can be a great deal for anyone who does not have the slightest clue in where to start.\nMarijuana school will inform potential business owners on which places to go and what forms to complete.  As well as get answers to your burning questions, straight from the source.  When you really need the knowledge, we in California are legal in our medical services.  Marijuana is still illegal under federal law, check all local state laws for clarification on what laws apply to who.\nYou are able to build your required career in medical cannabis where you live so long as and any report has no effect on eligibility to obtain a doctor\u0026#8217;s recommendation and become a medical marijuana patient, therefore, you might develop and deliver medicine towards the patients inside the membership based collective.\u003C/p\u003E",
 "image":
  {"available_sizes":
    [[[150,
       150],
      "http://api-images.crunchbase.com/assets/images/resized/0019/9045/199045v2-max-150x150.jpg"],
     [[250,
       250],
      "http://api-images.crunchbase.com/assets/images/resized/0019/9045/199045v2-max-250x250.jpg"],
     [[250,
       250],
      "http://api-images.crunchbase.com/assets/images/resized/0019/9045/199045v2-max-450x450.jpg"]],
   "attribution": null},
 "products":
  [],
 "relationships":
  [],
 "competitions":
  [],
 "providerships":
  [],
 "total_money_raised": "$0",
 "funding_rounds":
  [],
 "investments":
  [],
 "acquisition": null,
 "acquisitions":
  [],
 "offices":
  [],
 "milestones":
  [],
 "ipo": null,
 "video_embeds":
  [],
 "screenshots":
  [{"available_sizes":
     [[[150,
        49],
       "http://api-images.crunchbase.com/assets/images/resized/0019/6639/196639v2-max-150x150.png"],
      [[250,
        81],
       "http://api-images.crunchbase.com/assets/images/resized/0019/6639/196639v2-max-250x250.png"],
      [[450,
        147],
       "http://api-images.crunchbase.com/assets/images/resized/0019/6639/196639v2-max-450x450.png"]],
    "attribution": null}],
 "external_links":
  [],
 "partners":
  []}
