{"name": "44 Web Design",
 "permalink": "44-web-design",
 "crunchbase_url": "http://www.crunchbase.com/company/44-web-design",
 "homepage_url": "http://www.44webdesign.co.uk",
 "blog_url": "",
 "blog_feed_url": "",
 "twitter_username": "44webdesign",
 "category_code": "software",
 "number_of_employees": null,
 "founded_year": 2010,
 "founded_month": null,
 "founded_day": null,
 "deadpooled_year": null,
 "deadpooled_month": null,
 "deadpooled_day": null,
 "deadpooled_url": null,
 "tag_list": "website-design, e-commerce, search-engine-optimisation, seo",
 "alias_list": null,
 "email_address": "info@44webdesign.co.uk",
 "phone_number": "01482 444244",
 "description": "Website Design \u0026 E-commerce ",
 "created_at": "Wed Jun 13 14:08:47 UTC 2012",
 "updated_at": "Sun Jun 17 13:55:05 UTC 2012",
 "overview": "\u003Cp\u003EBased in Hull, East Yorkshire. 44 Web Design provides professional Web Design services and E-Commerce solutions.\u003C/p\u003E",
 "image":
  {"available_sizes":
    [[[120,
       120],
      "http://api-images.crunchbase.com/assets/images/resized/0019/5288/195288v2-max-150x150.png"],
     [[120,
       120],
      "http://api-images.crunchbase.com/assets/images/resized/0019/5288/195288v2-max-250x250.png"],
     [[120,
       120],
      "http://api-images.crunchbase.com/assets/images/resized/0019/5288/195288v2-max-450x450.png"]],
   "attribution": null},
 "products":
  [],
 "relationships":
  [],
 "competitions":
  [],
 "providerships":
  [],
 "total_money_raised": "$0",
 "funding_rounds":
  [],
 "investments":
  [],
 "acquisition": null,
 "acquisitions":
  [],
 "offices":
  [],
 "milestones":
  [],
 "ipo": null,
 "video_embeds":
  [],
 "screenshots":
  [],
 "external_links":
  [],
 "partners":
  []}
