{"name": "474747net",
 "permalink": "474747net",
 "crunchbase_url": "http://www.crunchbase.com/company/474747net",
 "homepage_url": "http://www.474747.net",
 "blog_url": "http://www.474747.net/blog",
 "blog_feed_url": "http://www.474747.net/blog/feed",
 "twitter_username": "474747net",
 "category_code": "other",
 "number_of_employees": 1,
 "founded_year": 2012,
 "founded_month": 1,
 "founded_day": 1,
 "deadpooled_year": null,
 "deadpooled_month": null,
 "deadpooled_day": null,
 "deadpooled_url": null,
 "tag_list": "start-page, web-directory, best-websites",
 "alias_list": null,
 "email_address": "",
 "phone_number": "",
 "description": "Start Page",
 "created_at": "Sat May 05 08:29:41 UTC 2012",
 "updated_at": "Thu May 10 03:27:06 UTC 2012",
 "overview": "\u003Cp\u003EFortySevens is a start page, and a directory of the best websites that helps users start their web browsing experience more easily by helping them find useful websites, through featuring the top web sites in one home page. \u003C/p\u003E",
 "image":
  {"available_sizes":
    [[[125,
       125],
      "http://api-images.crunchbase.com/assets/images/resized/0018/7960/187960v2-max-150x150.png"],
     [[125,
       125],
      "http://api-images.crunchbase.com/assets/images/resized/0018/7960/187960v2-max-250x250.png"],
     [[125,
       125],
      "http://api-images.crunchbase.com/assets/images/resized/0018/7960/187960v2-max-450x450.png"]],
   "attribution": null},
 "products":
  [],
 "relationships":
  [],
 "competitions":
  [],
 "providerships":
  [],
 "total_money_raised": "$0",
 "funding_rounds":
  [],
 "investments":
  [],
 "acquisition": null,
 "acquisitions":
  [],
 "offices":
  [],
 "milestones":
  [],
 "ipo": null,
 "video_embeds":
  [],
 "screenshots":
  [{"available_sizes":
     [[[150,
        93],
       "http://api-images.crunchbase.com/assets/images/resized/0018/7959/187959v2-max-150x150.png"],
      [[250,
        156],
       "http://api-images.crunchbase.com/assets/images/resized/0018/7959/187959v2-max-250x250.png"],
      [[450,
        281],
       "http://api-images.crunchbase.com/assets/images/resized/0018/7959/187959v2-max-450x450.png"]],
    "attribution": null}],
 "external_links":
  [{"external_url": "http://www.makeuseof.com/dir/fortysevens-474747-startpage-access-huge-number-sites/",
    "title": "474747.net @ MakeUseOf.com"}],
 "partners":
  []}
