{"name": "4allphone",
 "permalink": "4allphone",
 "crunchbase_url": "http://www.crunchbase.com/company/4allphone",
 "homepage_url": "http://www.4allphone.blogspot.com",
 "blog_url": "http://www.4allphone.tk",
 "blog_feed_url": "",
 "twitter_username": "4allphone",
 "category_code": "mobile",
 "number_of_employees": 2,
 "founded_year": 2012,
 "founded_month": 6,
 "founded_day": 7,
 "deadpooled_year": null,
 "deadpooled_month": null,
 "deadpooled_day": null,
 "deadpooled_url": null,
 "tag_list": "4allphone, mobiles, java, jar, sis, symbian, games, applications, iphone, android",
 "alias_list": null,
 "email_address": "",
 "phone_number": "",
 "description": "4allphone",
 "created_at": "Thu Jun 07 14:46:20 UTC 2012",
 "updated_at": "Sat Jun 09 20:43:05 UTC 2012",
 "overview": "\u003Cp\u003Ec\u0026#8217;est un site web qui vous permets de telecharger tous les types des fichiers autoriser par votre mobiles :\nex: applications : java - sis ou android\njeux : de tous les formats\nles sonneries\nles clips 3gp et mp4\net beaucoup d\u0026#8217;autre \u003C/p\u003E\n\n\u003Cp\u003Epour visiter 4allphone : www.4allphone.c.la\nou  www.4allphone.blogspot.com\nou  www.4allphone.tk \u003C/p\u003E",
 "image": null,
 "products":
  [],
 "relationships":
  [],
 "competitions":
  [],
 "providerships":
  [],
 "total_money_raised": "$0",
 "funding_rounds":
  [],
 "investments":
  [],
 "acquisition": null,
 "acquisitions":
  [],
 "offices":
  [],
 "milestones":
  [],
 "ipo": null,
 "video_embeds":
  [],
 "screenshots":
  [],
 "external_links":
  [],
 "partners":
  []}
