{"name": "4D Data Centres",
 "permalink": "4d-data-centres",
 "crunchbase_url": "http://www.crunchbase.com/company/4d-data-centres",
 "homepage_url": "http://www.4d-dc.com",
 "blog_url": "",
 "blog_feed_url": "",
 "twitter_username": "4ddatacentres",
 "category_code": "network_hosting",
 "number_of_employees": 27,
 "founded_year": 1999,
 "founded_month": 11,
 "founded_day": null,
 "deadpooled_year": null,
 "deadpooled_month": null,
 "deadpooled_day": null,
 "deadpooled_url": null,
 "tag_list": "data-centre, data-center, colocation, networks, mpls, fibre, london, tier-3, surrey, kent, docklands, full-rack, half-rack, quarter-rack",
 "alias_list": null,
 "email_address": "colo@4d-dc.com",
 "phone_number": "+44 207 183 0602",
 "description": "Data Centre and Network Operator",
 "created_at": "Wed May 23 13:04:06 UTC 2012",
 "updated_at": "Tue May 29 11:07:06 UTC 2012",
 "overview": "\u003Cp\u003E4D Data Centres is a group of Tier 3 colocation data centres.\u003C/p\u003E\n\n\u003Cp\u003EOur flagship data centre is based in Surrey, just off J10 of the M25, near Gatwick and Heathrow and within easy commute of Central London. We also have data centres in London Docklands, London City and Kent.\u003C/p\u003E\n\n\u003Cp\u003EAs a Tier 3 colo provider we offer full racks, half racks, quarter racks and other hosting services such as: server colocation, dedicated servers and managed services.\u003C/p\u003E\n\n\u003Cp\u003EAs well as colocation, we also offer high speed connectivity to the UK\u2019s main communication hubs and other major colocation providers in London, Surrey, Kent and south-east England.\u003C/p\u003E",
 "image":
  {"available_sizes":
    [[[150,
       49],
      "http://api-images.crunchbase.com/assets/images/resized/0019/1212/191212v2-max-150x150.jpg"],
     [[250,
       81],
      "http://api-images.crunchbase.com/assets/images/resized/0019/1212/191212v2-max-250x250.jpg"],
     [[450,
       147],
      "http://api-images.crunchbase.com/assets/images/resized/0019/1212/191212v2-max-450x450.jpg"]],
   "attribution": null},
 "products":
  [],
 "relationships":
  [{"is_past": false,
    "title": "Founder",
    "person":
     {"first_name": "David",
      "last_name": "Barker",
      "permalink": "david-barker"}},
   {"is_past": true,
    "title": "Commercial and Operations Director",
    "person":
     {"first_name": "Jack",
      "last_name": "Bedell-Pearce",
      "permalink": "jack-bedell-pearce"}}],
 "competitions":
  [],
 "providerships":
  [],
 "total_money_raised": "$0",
 "funding_rounds":
  [],
 "investments":
  [],
 "acquisition": null,
 "acquisitions":
  [],
 "offices":
  [{"description": "Head Office",
    "address1": "4D Surrey, 122 Oyster Lane",
    "address2": "",
    "zip_code": "KT14 7JU",
    "city": "Byfleet",
    "state_code": null,
    "country_code": "GBR",
    "latitude": null,
    "longitude": null}],
 "milestones":
  [],
 "ipo": null,
 "video_embeds":
  [],
 "screenshots":
  [{"available_sizes":
     [[[150,
        103],
       "http://api-images.crunchbase.com/assets/images/resized/0019/2111/192111v2-max-150x150.jpg"],
      [[250,
        173],
       "http://api-images.crunchbase.com/assets/images/resized/0019/2111/192111v2-max-250x250.jpg"],
      [[450,
        311],
       "http://api-images.crunchbase.com/assets/images/resized/0019/2111/192111v2-max-450x450.jpg"]],
    "attribution": null}],
 "external_links":
  [],
 "partners":
  []}
