{"name": "4M Wireless",
 "permalink": "4m-wireless",
 "crunchbase_url": "http://www.crunchbase.com/company/4m-wireless",
 "homepage_url": "http://www.4mwireless.com",
 "blog_url": "",
 "blog_feed_url": "",
 "twitter_username": null,
 "category_code": "mobile",
 "number_of_employees": 50,
 "founded_year": 2006,
 "founded_month": 9,
 "founded_day": 30,
 "deadpooled_year": null,
 "deadpooled_month": null,
 "deadpooled_day": null,
 "deadpooled_url": null,
 "tag_list": "",
 "alias_list": null,
 "email_address": "office@4mwireless.com",
 "phone_number": "01582635142",
 "description": "Industry leader in LTE protocol software",
 "created_at": "Fri Mar 09 17:03:31 UTC 2012",
 "updated_at": "Tue Oct 23 03:06:50 UTC 2012",
 "overview": "\u003Cp\u003E4M Wireless is an industry leader in LTE protocol stack software for mobile devices and was first in the industry to offer the product.\u003C/p\u003E\n\n\u003Cp\u003EThe 4M Wireless PS100 terminal LTE TDD/FDD protocol stack is compliant with the 3GPP LTE Release 8, Release 9 and Release 10 specifications and is integrated with several basebands. The protocol stack supports 2G/3G multi-mode operation and it is optimised for efficient memory usage and processor utilisation. The company\u2019s award winning LTE protocol stack software is in use in commercial 4G USB dongles, mobile phones, tablets, CPEs, test products in the hand of several end users.\u003C/p\u003E\n\n\u003Cp\u003EBacked by private investors, 4M Wireless was formed in 2006 by industry veterans focused on the next generation of mobile technologies. The company has grown steadily each year with the advance of the LTE industry.\u003C/p\u003E",
 "image":
  {"available_sizes":
    [[[150,
       48],
      "http://api-images.crunchbase.com/assets/images/resized/0017/7461/177461v2-max-150x150.png"],
     [[250,
       80],
      "http://api-images.crunchbase.com/assets/images/resized/0017/7461/177461v2-max-250x250.png"],
     [[277,
       89],
      "http://api-images.crunchbase.com/assets/images/resized/0017/7461/177461v2-max-450x450.png"]],
   "attribution": null},
 "products":
  [],
 "relationships":
  [{"is_past": false,
    "title": "CEO",
    "person":
     {"first_name": "Atif",
      "last_name": "Malik",
      "permalink": "atif-malik"}},
   {"is_past": false,
    "title": "VP Technology",
    "person":
     {"first_name": "Moti",
      "last_name": "Tabulo",
      "permalink": "moti-tabulo"}},
   {"is_past": false,
    "title": "Business Manager",
    "person":
     {"first_name": "Giovanni",
      "last_name": "Mita",
      "permalink": "giovanni-mita"}},
   {"is_past": false,
    "title": "VP Engineering",
    "person":
     {"first_name": "Asif",
      "last_name": "Munawar",
      "permalink": "asif-munawar"}}],
 "competitions":
  [],
 "providerships":
  [],
 "total_money_raised": "$0",
 "funding_rounds":
  [],
 "investments":
  [],
 "acquisition":
  {"price_amount": 9000000.0,
   "price_currency_code": "USD",
   "term_code": "cash",
   "source_url": "http://www.u-blox.com/en/press-and-events/press-release-archive/1296-u-blox-acquires-4m-wireless.html",
   "source_description": "u-blox acquires 4M Wireless",
   "acquired_year": 2012,
   "acquired_month": 4,
   "acquired_day": 24,
   "acquiring_company":
    {"name": "u-blox AG",
     "permalink": "u-blox-ag"}},
 "acquisitions":
  [],
 "offices":
  [{"description": "Head Office",
    "address1": "4M Wireless Ltd",
    "address2": "960 Capability Green",
    "zip_code": "LU1 3PE",
    "city": "Luton",
    "state_code": null,
    "country_code": "GBR",
    "latitude": null,
    "longitude": null}],
 "milestones":
  [],
 "ipo": null,
 "video_embeds":
  [],
 "screenshots":
  [{"available_sizes":
     [[[150,
        140],
       "http://api-images.crunchbase.com/assets/images/resized/0017/7460/177460v2-max-150x150.png"],
      [[250,
        233],
       "http://api-images.crunchbase.com/assets/images/resized/0017/7460/177460v2-max-250x250.png"],
      [[450,
        420],
       "http://api-images.crunchbase.com/assets/images/resized/0017/7460/177460v2-max-450x450.png"]],
    "attribution": null}],
 "external_links":
  [],
 "partners":
  []}
