{"name": "4ormat",
 "permalink": "4ormat",
 "crunchbase_url": "http://www.crunchbase.com/company/4ormat",
 "homepage_url": "http://4ormat.com",
 "blog_url": "http://explorecreaterepeat.com",
 "blog_feed_url": "",
 "twitter_username": "4ormat",
 "category_code": "web",
 "number_of_employees": 13,
 "founded_year": 2008,
 "founded_month": 11,
 "founded_day": 6,
 "deadpooled_year": null,
 "deadpooled_month": null,
 "deadpooled_day": null,
 "deadpooled_url": null,
 "tag_list": "portfolio, photography, design, illustration, architecture",
 "alias_list": null,
 "email_address": "info@4ormat.com",
 "phone_number": "",
 "description": "Professional Online Portfolios",
 "created_at": "Fri Mar 09 21:17:24 UTC 2012",
 "updated_at": "Wed Jul 17 14:45:53 UTC 2013",
 "overview": "\u003Cp\u003E4ormat enables any creative professional to easily create and manage an online portfolio website.\u003C/p\u003E",
 "image":
  {"available_sizes":
    [[[150,
       150],
      "http://api-images.crunchbase.com/assets/images/resized/0017/7499/177499v5-max-150x150.png"],
     [[250,
       250],
      "http://api-images.crunchbase.com/assets/images/resized/0017/7499/177499v5-max-250x250.png"],
     [[450,
       450],
      "http://api-images.crunchbase.com/assets/images/resized/0017/7499/177499v5-max-450x450.png"]],
   "attribution": null},
 "products":
  [],
 "relationships":
  [{"is_past": false,
    "title": "Co-founder",
    "person":
     {"first_name": "Lukas",
      "last_name": "Dryja",
      "permalink": "lukas-dryja"}},
   {"is_past": false,
    "title": "Co-founder",
    "person":
     {"first_name": "Tyler",
      "last_name": "Rooney",
      "permalink": "tyler-rooney"}},
   {"is_past": false,
    "title": "Software Developer",
    "person":
     {"first_name": "David",
      "last_name": "Carney",
      "permalink": "david-carney"}},
   {"is_past": false,
    "title": "Support / ECR Editor",
    "person":
     {"first_name": "Stefan",
      "last_name": "Pintaric",
      "permalink": "stefan-pintaric"}},
   {"is_past": false,
    "title": "Principal",
    "person":
     {"first_name": "Mike",
      "last_name": "Ferrier",
      "permalink": "mike-ferrier"}},
   {"is_past": false,
    "title": "Front-end Development",
    "person":
     {"first_name": "Mat",
      "last_name": "Wijas",
      "permalink": "mat-wijas"}},
   {"is_past": false,
    "title": "Lead Interactive Designer",
    "person":
     {"first_name": "Konstantin",
      "last_name": "Sokhan",
      "permalink": "konstantin-sokhan"}}],
 "competitions":
  [],
 "providerships":
  [],
 "total_money_raised": "$0",
 "funding_rounds":
  [],
 "investments":
  [],
 "acquisition": null,
 "acquisitions":
  [],
 "offices":
  [{"description": "",
    "address1": "20 Maud Street",
    "address2": "Unit 302",
    "zip_code": "M5V 2M5",
    "city": "Toronto",
    "state_code": null,
    "country_code": "CAN",
    "latitude": null,
    "longitude": null}],
 "milestones":
  [],
 "ipo": null,
 "video_embeds":
  [],
 "screenshots":
  [],
 "external_links":
  [],
 "partners":
  []}
