{"name": "Bucksprout",
 "permalink": "4stepfinance",
 "crunchbase_url": "http://www.crunchbase.com/company/4stepfinance",
 "homepage_url": "http://www.bucksprout.com",
 "blog_url": "http://www.bucksprout.com",
 "blog_feed_url": "",
 "twitter_username": "bucksprout",
 "category_code": "web",
 "number_of_employees": 6,
 "founded_year": 2012,
 "founded_month": 7,
 "founded_day": null,
 "deadpooled_year": null,
 "deadpooled_month": null,
 "deadpooled_day": null,
 "deadpooled_url": null,
 "tag_list": "finance, personal-finance, saving, mobile",
 "alias_list": null,
 "email_address": "info@bucksprout.com",
 "phone_number": "",
 "description": "revolutionizing personal finance",
 "created_at": "Thu Apr 12 16:50:03 UTC 2012",
 "updated_at": "Tue Mar 19 18:07:20 UTC 2013",
 "overview": "\u003Cp\u003EYour personal finance coach in your pocket.\u003C/p\u003E\n\n\u003Cp\u003EBucksprout helps you build better financial habits everyday. Our app is your personal finance coach, so you can make smarter decisions with your money.\u003C/p\u003E",
 "image":
  {"available_sizes":
    [[[150,
       56],
      "http://api-images.crunchbase.com/assets/images/resized/0018/3951/183951v5-max-150x150.png"],
     [[250,
       93],
      "http://api-images.crunchbase.com/assets/images/resized/0018/3951/183951v5-max-250x250.png"],
     [[450,
       168],
      "http://api-images.crunchbase.com/assets/images/resized/0018/3951/183951v5-max-450x450.png"]],
   "attribution": null},
 "products":
  [],
 "relationships":
  [{"is_past": false,
    "title": "Co-Founder",
    "person":
     {"first_name": "Daniel",
      "last_name": "A. Chen",
      "permalink": "daniel-a-chen"}},
   {"is_past": false,
    "title": "Co-Founder",
    "person":
     {"first_name": "R.M.",
      "last_name": "Menon",
      "permalink": "r-m-menon"}},
   {"is_past": false,
    "title": "Technology and Product Advisor",
    "person":
     {"first_name": "Jeff",
      "last_name": "Risberg",
      "permalink": "jeff-risberg"}},
   {"is_past": false,
    "title": "Marketing Co-ordinator",
    "person":
     {"first_name": "Katherine",
      "last_name": "Cadavid",
      "permalink": "katherine-cadavid"}},
   {"is_past": true,
    "title": "Co-Founder",
    "person":
     {"first_name": "Amilcar",
      "last_name": "Chavarria",
      "permalink": "amilcar-chavarria"}},
   {"is_past": true,
    "title": "",
    "person":
     {"first_name": "Jonathan",
      "last_name": "W. Seitel",
      "permalink": "jonathan-w-seitel"}}],
 "competitions":
  [],
 "providerships":
  [{"title": "",
    "is_past": false,
    "provider":
     {"name": "Wilson Sonsini Goodrich \u0026 Rosati",
      "permalink": "wilson-sonsini-goodrich-rosati"}}],
 "total_money_raised": "$0",
 "funding_rounds":
  [],
 "investments":
  [],
 "acquisition": null,
 "acquisitions":
  [],
 "offices":
  [{"description": "Global Head Office",
    "address1": "",
    "address2": "",
    "zip_code": "94041",
    "city": "Mountain View",
    "state_code": "CA",
    "country_code": "USA",
    "latitude": null,
    "longitude": null}],
 "milestones":
  [],
 "ipo": null,
 "video_embeds":
  [],
 "screenshots":
  [],
 "external_links":
  [],
 "partners":
  []}
