{"name": "5 Five",
 "permalink": "5-five",
 "crunchbase_url": "http://www.crunchbase.com/company/5-five",
 "homepage_url": "http://www.five-inc.us",
 "blog_url": "",
 "blog_feed_url": "",
 "twitter_username": "5_inc",
 "category_code": "software",
 "number_of_employees": 4,
 "founded_year": 2012,
 "founded_month": 5,
 "founded_day": 16,
 "deadpooled_year": null,
 "deadpooled_month": null,
 "deadpooled_day": null,
 "deadpooled_url": null,
 "tag_list": "cloud, akka, scala, amqp, rabbitmq, process-improvement, consulting, software, scalability, big-data",
 "alias_list": null,
 "email_address": "info@five-inc.us",
 "phone_number": "",
 "description": "Cloud SaaS Software Consulting",
 "created_at": "Thu Jun 14 18:38:35 UTC 2012",
 "updated_at": "Wed Jun 20 19:29:39 UTC 2012",
 "overview": "\u003Cp\u003E5 Five Inc (Five) specializes in international consulting and delivery of reliable, scalable, fault-tolerant, automated solutions for Cloud SaaS, Supply Chain and Fulfillment systems. Architecture Implementation Prototyping \u0026amp; Proof-Of-Concepts Adoption Planning Migration Assistance General Consulting in Scala, Akka, Spring, and AMQP, Technical Training Code Audits \u0026amp; Design Reviews, and Process Improvement by Certified Lean Six Sigma, Certified Agile Scrum, SpringSource Certified and Certified Java engineers.\u003C/p\u003E",
 "image":
  {"available_sizes":
    [[[128,
       117],
      "http://api-images.crunchbase.com/assets/images/resized/0019/5542/195542v6-max-150x150.png"],
     [[128,
       117],
      "http://api-images.crunchbase.com/assets/images/resized/0019/5542/195542v6-max-250x250.png"],
     [[128,
       117],
      "http://api-images.crunchbase.com/assets/images/resized/0019/5542/195542v6-max-450x450.png"]],
   "attribution": null},
 "products":
  [],
 "relationships":
  [],
 "competitions":
  [],
 "providerships":
  [],
 "total_money_raised": "$0",
 "funding_rounds":
  [],
 "investments":
  [],
 "acquisition": null,
 "acquisitions":
  [],
 "offices":
  [],
 "milestones":
  [],
 "ipo": null,
 "video_embeds":
  [],
 "screenshots":
  [],
 "external_links":
  [],
 "partners":
  []}
