{"name": "7Search PPC",
 "permalink": "7search-ppc",
 "crunchbase_url": "http://www.crunchbase.com/company/7search-ppc",
 "homepage_url": "http://www.7search.com",
 "blog_url": "http://blog.7search.com/blogs/7search/",
 "blog_feed_url": "http://feeds.feedburner.com/7Search-Official-Weblog",
 "twitter_username": "7Search",
 "category_code": "advertising",
 "number_of_employees": 50,
 "founded_year": 1999,
 "founded_month": 1,
 "founded_day": 1,
 "deadpooled_year": null,
 "deadpooled_month": null,
 "deadpooled_day": null,
 "deadpooled_url": null,
 "tag_list": "ppc, pay-per-click, marketing, online, advertising, sem, search-engine-marketing, paid-advertising, online-advertising",
 "alias_list": null,
 "email_address": "a.umer@7search.com",
 "phone_number": "8005771165",
 "description": "Pay Per Click Marketing",
 "created_at": "Wed May 09 14:37:30 UTC 2012",
 "updated_at": "Fri May 11 03:02:24 UTC 2012",
 "overview": "\u003Cp\u003E7Search Pay Per Click is an advertising program that amplifies your client\u2019s online presence. Built in ad optimization tools allow you to easily target your client\u2019s key demographic. \u003C/p\u003E\n\n\u003Cp\u003EWhat we offer:\u003C/p\u003E\n\n\u003Cp\u003ELow bid prices for campaigns on a budget\nA quality network\nDedicated customer service \u2013 Partner with a Campaign Specialist to optimize your campaigns.\nSecure traffic\u003C/p\u003E",
 "image":
  {"available_sizes":
    [[[150,
       71],
      "http://api-images.crunchbase.com/assets/images/resized/0018/8630/188630v2-max-150x150.jpg"],
     [[250,
       119],
      "http://api-images.crunchbase.com/assets/images/resized/0018/8630/188630v2-max-250x250.jpg"],
     [[255,
       122],
      "http://api-images.crunchbase.com/assets/images/resized/0018/8630/188630v2-max-450x450.jpg"]],
   "attribution": null},
 "products":
  [],
 "relationships":
  [{"is_past": false,
    "title": "Founder",
    "person":
     {"first_name": "Dante",
      "last_name": "Monteverde",
      "permalink": "dante-monteverde"}},
   {"is_past": false,
    "title": "Marketing Communications Specialist",
    "person":
     {"first_name": "Abdul",
      "last_name": "Umer",
      "permalink": "abdul-umer"}},
   {"is_past": false,
    "title": "Director of Marketing",
    "person":
     {"first_name": "Gemma",
      "last_name": "Piscotti",
      "permalink": "gemma-piscotti"}}],
 "competitions":
  [{"competitor":
     {"name": "Google",
      "permalink": "google"}}],
 "providerships":
  [],
 "total_money_raised": "$0",
 "funding_rounds":
  [],
 "investments":
  [],
 "acquisition": null,
 "acquisitions":
  [],
 "offices":
  [{"description": "Headquarters",
    "address1": "999 E. Touhy",
    "address2": "Suite 570",
    "zip_code": "60018",
    "city": "Des Plaines",
    "state_code": "IL",
    "country_code": "USA",
    "latitude": null,
    "longitude": null}],
 "milestones":
  [],
 "ipo": null,
 "video_embeds":
  [],
 "screenshots":
  [],
 "external_links":
  [],
 "partners":
  []}
