{"name": "7thingsmedia Ltd",
 "permalink": "7thingsmedia-ltd",
 "crunchbase_url": "http://www.crunchbase.com/company/7thingsmedia-ltd",
 "homepage_url": "http://www.7thingsmedia.com",
 "blog_url": "http://www.7thingsmedia.com/blog/",
 "blog_feed_url": "http://www.7thingsmedia.com/sitemap.xml",
 "twitter_username": "7thingsmedia",
 "category_code": "other",
 "number_of_employees": 18,
 "founded_year": 2009,
 "founded_month": 4,
 "founded_day": 13,
 "deadpooled_year": null,
 "deadpooled_month": null,
 "deadpooled_day": null,
 "deadpooled_url": null,
 "tag_list": "performance-based, affiliate-marketing, ppc, seo, digital-media-agency",
 "alias_list": null,
 "email_address": "Jennifer@7thingsmedia.com",
 "phone_number": "6465991565",
 "description": "Digital Media Agency",
 "created_at": "Mon Mar 26 18:21:55 UTC 2012",
 "updated_at": "Wed Mar 28 00:00:34 UTC 2012",
 "overview": "\u003Cp\u003EAbout\nAward-winning Performance Marketing Agency based in Farringdon, London \u0026amp; New York. Website: http://www.7thingsmedia.com/ Twitter: http://twitter.com/7thingsmedia\u003C/p\u003E\n\n\u003Cp\u003EMission\nTo help advertisers and affiliates drive more revenue - whilst having a bit of fun along the way ;)\nCompany Overview\n7thingsmedia are a young, dynamic and entrepreneurial performance-based digital marketing agency with a proven track record of delivering hugely impressive returns for clients.\u003C/p\u003E\n\n\u003Cp\u003EDescription\n7thingsmedia is an award-winning, young, dynamic, and entrepreneurial performance-based digital marketing agency with a proven track record of delivering hugely impressive returns for clients. With offices in both London and New York; 7thingsmedia\u0026#8217;s services span the digital marketing mix including affiliate management, display advertising, lead generation, paid and natural search.\u003C/p\u003E\n\n\u003Cp\u003EClient list includes: Agent Provocateur, Econsultancy, Gio Goi, John Hardy, Liberty, MARS, Secret Sales, Ted Baker, UNICEF, USC \u0026amp; MORE!\u003C/p\u003E",
 "image": null,
 "products":
  [],
 "relationships":
  [{"is_past": false,
    "title": "Founder",
    "person":
     {"first_name": "Chris",
      "last_name": "Bishop",
      "permalink": "chris-bishop"}}],
 "competitions":
  [],
 "providerships":
  [],
 "total_money_raised": "$0",
 "funding_rounds":
  [],
 "investments":
  [],
 "acquisition": null,
 "acquisitions":
  [],
 "offices":
  [{"description": "London Office",
    "address1": "18-20 St. John Street",
    "address2": "",
    "zip_code": "EC1M4NX",
    "city": "London",
    "state_code": null,
    "country_code": "GBR",
    "latitude": null,
    "longitude": null},
   {"description": "New York Office",
    "address1": "350 W 42nd St",
    "address2": "Suite 28F",
    "zip_code": "10036",
    "city": "New York",
    "state_code": "NY",
    "country_code": "USA",
    "latitude": null,
    "longitude": null}],
 "milestones":
  [],
 "ipo": null,
 "video_embeds":
  [],
 "screenshots":
  [],
 "external_links":
  [{"external_url": "http://www.affiliatemanagerplus.com/",
    "title": "AMP"}],
 "partners":
  []}
