{"name": "90 Degree Media",
 "permalink": "90-degree-media",
 "crunchbase_url": "http://www.crunchbase.com/company/90-degree-media",
 "homepage_url": "http://90degreemedia.com",
 "blog_url": "",
 "blog_feed_url": "",
 "twitter_username": "90degreemedia",
 "category_code": "advertising",
 "number_of_employees": 5,
 "founded_year": 2009,
 "founded_month": 6,
 "founded_day": 1,
 "deadpooled_year": null,
 "deadpooled_month": null,
 "deadpooled_day": null,
 "deadpooled_url": null,
 "tag_list": "digital-marketing, online-marketing, internet-advertising, search-marketing",
 "alias_list": null,
 "email_address": "info@90degreemedia.com",
 "phone_number": "612-326-6860",
 "description": "Digital Marketing Agency",
 "created_at": "Wed May 23 18:00:31 UTC 2012",
 "updated_at": "Thu May 24 14:34:21 UTC 2012",
 "overview": "\u003Cp\u003EAs a Digital Marketing Agency, we utilize top-notch talent and cutting-edge technologies to drive traffic, build brands and grow business.\u003C/p\u003E",
 "image":
  {"available_sizes":
    [[[150,
       150],
      "http://api-images.crunchbase.com/assets/images/resized/0019/1267/191267v2-max-150x150.png"],
     [[180,
       180],
      "http://api-images.crunchbase.com/assets/images/resized/0019/1267/191267v2-max-250x250.png"],
     [[180,
       180],
      "http://api-images.crunchbase.com/assets/images/resized/0019/1267/191267v2-max-450x450.png"]],
   "attribution": null},
 "products":
  [],
 "relationships":
  [{"is_past": false,
    "title": "Advertising Director",
    "person":
     {"first_name": "Graham",
      "last_name": "Geisler",
      "permalink": "graham-geisler"}},
   {"is_past": false,
    "title": "Account Director",
    "person":
     {"first_name": "Michael",
      "last_name": "Unger",
      "permalink": "michael-unger"}},
   {"is_past": false,
    "title": "Director of Business Development",
    "person":
     {"first_name": "Jon",
      "last_name": "Fontana",
      "permalink": "jon-fontana"}},
   {"is_past": false,
    "title": "Director of Finance",
    "person":
     {"first_name": "Kerstin",
      "last_name": "Fontana",
      "permalink": "kerstin-fontana"}}],
 "competitions":
  [],
 "providerships":
  [],
 "total_money_raised": "$0",
 "funding_rounds":
  [],
 "investments":
  [],
 "acquisition": null,
 "acquisitions":
  [],
 "offices":
  [{"description": "Headquarters",
    "address1": "226 Colfax Ave N Ste. 100",
    "address2": "",
    "zip_code": "55405",
    "city": "Minneapolis",
    "state_code": "MN",
    "country_code": "USA",
    "latitude": null,
    "longitude": null}],
 "milestones":
  [],
 "ipo": null,
 "video_embeds":
  [],
 "screenshots":
  [],
 "external_links":
  [{"external_url": "http://90degreemedia.com",
    "title": "90 Degree Media"}],
 "partners":
  []}
