{"name": "910 Technologies",
 "permalink": "910-technologies",
 "crunchbase_url": "http://www.crunchbase.com/company/910-technologies",
 "homepage_url": "http://www.910tech.com",
 "blog_url": "",
 "blog_feed_url": "",
 "twitter_username": "910Tech",
 "category_code": "consulting",
 "number_of_employees": null,
 "founded_year": 2006,
 "founded_month": 9,
 "founded_day": null,
 "deadpooled_year": null,
 "deadpooled_month": null,
 "deadpooled_day": null,
 "deadpooled_url": null,
 "tag_list": "online-marketing, paid-search, ppc, seo, acquisition-marketing, mobile-marketing",
 "alias_list": null,
 "email_address": "info@910tech.com",
 "phone_number": "",
 "description": "Online Marketing",
 "created_at": "Tue Jul 10 22:57:37 UTC 2012",
 "updated_at": "Wed Jul 11 03:01:19 UTC 2012",
 "overview": "\u003Cp\u003E910 Technologies was launched to help marketers fill the gap in expertise, strategy, and tools they need manage and grow their online initiatives. 910 Technologies brings industry leading knowledge and resources that will take your program to new levels.\u003C/p\u003E",
 "image":
  {"available_sizes":
    [[[150,
       49],
      "http://api-images.crunchbase.com/assets/images/resized/0020/0042/200042v2-max-150x150.jpg"],
     [[250,
       82],
      "http://api-images.crunchbase.com/assets/images/resized/0020/0042/200042v2-max-250x250.jpg"],
     [[290,
       96],
      "http://api-images.crunchbase.com/assets/images/resized/0020/0042/200042v2-max-450x450.jpg"]],
   "attribution": null},
 "products":
  [],
 "relationships":
  [{"is_past": false,
    "title": "Founder",
    "person":
     {"first_name": "John",
      "last_name": "Hobson",
      "permalink": "john-hobson-2"}}],
 "competitions":
  [],
 "providerships":
  [],
 "total_money_raised": "$0",
 "funding_rounds":
  [],
 "investments":
  [],
 "acquisition": null,
 "acquisitions":
  [],
 "offices":
  [],
 "milestones":
  [],
 "ipo": null,
 "video_embeds":
  [],
 "screenshots":
  [],
 "external_links":
  [],
 "partners":
  []}
