{"name": "92higo",
 "permalink": "92higo",
 "crunchbase_url": "http://www.crunchbase.com/company/92higo",
 "homepage_url": "http://www.92higo.com",
 "blog_url": "",
 "blog_feed_url": "",
 "twitter_username": null,
 "category_code": "web",
 "number_of_employees": 2,
 "founded_year": 2012,
 "founded_month": 1,
 "founded_day": 1,
 "deadpooled_year": null,
 "deadpooled_month": null,
 "deadpooled_day": null,
 "deadpooled_url": null,
 "tag_list": "",
 "alias_list": null,
 "email_address": "92higo@gmail.com",
 "phone_number": "",
 "description": "",
 "created_at": "Thu Apr 05 02:58:31 UTC 2012",
 "updated_at": "Wed Apr 11 20:53:36 UTC 2012",
 "overview": "\u003Cp\u003EFind Best Deals, Coupons Daily Updated, Help you to find deals every day and save your money\u003C/p\u003E",
 "image":
  {"available_sizes":
    [[[150,
       52],
      "http://api-images.crunchbase.com/assets/images/resized/0018/2707/182707v2-max-150x150.png"],
     [[250,
       87],
      "http://api-images.crunchbase.com/assets/images/resized/0018/2707/182707v2-max-250x250.png"],
     [[314,
       110],
      "http://api-images.crunchbase.com/assets/images/resized/0018/2707/182707v2-max-450x450.png"]],
   "attribution": null},
 "products":
  [],
 "relationships":
  [],
 "competitions":
  [],
 "providerships":
  [],
 "total_money_raised": "$0",
 "funding_rounds":
  [],
 "investments":
  [],
 "acquisition": null,
 "acquisitions":
  [],
 "offices":
  [],
 "milestones":
  [],
 "ipo": null,
 "video_embeds":
  [],
 "screenshots":
  [],
 "external_links":
  [],
 "partners":
  []}
