{"name": "9degrees",
 "permalink": "9degrees",
 "crunchbase_url": "http://www.crunchbase.com/company/9degrees",
 "homepage_url": null,
 "blog_url": "",
 "blog_feed_url": "",
 "twitter_username": null,
 "category_code": "software",
 "number_of_employees": null,
 "founded_year": 2012,
 "founded_month": 2,
 "founded_day": 15,
 "deadpooled_year": null,
 "deadpooled_month": null,
 "deadpooled_day": null,
 "deadpooled_url": null,
 "tag_list": "social-media, mobile, ios, ipad, android, iphone, facebook, twitter, social-campaing",
 "alias_list": null,
 "email_address": "info@9degrees.com.ar",
 "phone_number": "+54 (11) 4790-3680",
 "description": "Software boutique",
 "created_at": "Wed Mar 21 20:12:09 UTC 2012",
 "updated_at": "Mon Mar 26 01:32:46 UTC 2012",
 "overview": "\u003Cp\u003E9degrees is a mobile applications development startup based in Buenos Aires, Argentina. Our objective is to improve synergy between brands, business and people.\nOur creativity and experience will deliver engaging mobile solutions from native applications (iOS, Android, BlackBerry) to mobile web.\u003C/p\u003E",
 "image":
  {"available_sizes":
    [[[130,
       150],
      "http://api-images.crunchbase.com/assets/images/resized/0018/0477/180477v2-max-150x150.png"],
     [[217,
       250],
      "http://api-images.crunchbase.com/assets/images/resized/0018/0477/180477v2-max-250x250.png"],
     [[275,
       316],
      "http://api-images.crunchbase.com/assets/images/resized/0018/0477/180477v2-max-450x450.png"]],
   "attribution": null},
 "products":
  [],
 "relationships":
  [{"is_past": false,
    "title": "Operations Director",
    "person":
     {"first_name": "Eric",
      "last_name": "Ertl",
      "permalink": "eric-ertl"}}],
 "competitions":
  [],
 "providerships":
  [],
 "total_money_raised": "$0",
 "funding_rounds":
  [],
 "investments":
  [],
 "acquisition": null,
 "acquisitions":
  [],
 "offices":
  [],
 "milestones":
  [],
 "ipo": null,
 "video_embeds":
  [],
 "screenshots":
  [],
 "external_links":
  [],
 "partners":
  []}
