{"name": "9SLIDES",
 "permalink": "9slides",
 "crunchbase_url": "http://www.crunchbase.com/company/9slides",
 "homepage_url": "http://www.9SLIDES.com",
 "blog_url": "http://www.9SLIDES.com/blog",
 "blog_feed_url": "http://feeds.feedburner.com/9slidesBlog",
 "twitter_username": "9slides",
 "category_code": "enterprise",
 "number_of_employees": null,
 "founded_year": 2010,
 "founded_month": 6,
 "founded_day": null,
 "deadpooled_year": null,
 "deadpooled_month": null,
 "deadpooled_day": null,
 "deadpooled_url": null,
 "tag_list": "saas, enterprise, ipad, presentation, sales-training",
 "alias_list": "",
 "email_address": "team@9slides.com",
 "phone_number": "888-716-2560",
 "description": "Cloud based presentation platform",
 "created_at": "Thu Apr 05 22:17:26 UTC 2012",
 "updated_at": "Wed Jan 22 18:24:18 UTC 2014",
 "overview": "\u003Cp\u003E9SLIDES is cloud based presentation platform, which allows users to Create, Deliver \u0026amp; Measure presentations.\u003C/p\u003E\n\n\u003Cp\u003EWe allow users to synchronize their slides with speaker video and make them available on-demand, for iPad, Android or any other device with modern browsers. Simple, yet powerful 9SLIDES is enabling individual professionals and companies of all sizes to deliver personalized, accurate presentations on-demand.\u003C/p\u003E\n\n\u003Cp\u003EOur cloud based approach, allows users to publish presentations in minutes, without requiring special software, hardware or huge IT infrastructure.\u003C/p\u003E",
 "image":
  {"available_sizes":
    [[[150,
       25],
      "http://api-images.crunchbase.com/assets/images/resized/0018/2896/182896v4-max-150x150.png"],
     [[250,
       42],
      "http://api-images.crunchbase.com/assets/images/resized/0018/2896/182896v4-max-250x250.png"],
     [[450,
       76],
      "http://api-images.crunchbase.com/assets/images/resized/0018/2896/182896v4-max-450x450.png"]],
   "attribution": null},
 "products":
  [],
 "relationships":
  [{"is_past": false,
    "title": "Founder CEO",
    "person":
     {"first_name": "Ruchit",
      "last_name": "Garg",
      "permalink": "ruchit-garg"}},
   {"is_past": false,
    "title": "Chief Software Architect",
    "person":
     {"first_name": "Volodymyr",
      "last_name": "Otryshko",
      "permalink": "volodymyr-otryshko"}},
   {"is_past": false,
    "title": "Development Engineer",
    "person":
     {"first_name": "Naveen",
      "last_name": "Kumar",
      "permalink": "naveen-kumar"}},
   {"is_past": true,
    "title": "Director of Engineering",
    "person":
     {"first_name": "Aaron",
      "last_name": "Khoo",
      "permalink": "aaron-khoo"}}],
 "competitions":
  [],
 "providerships":
  [],
 "total_money_raised": "$925k",
 "funding_rounds":
  [{"id": 38949,
    "round_code": "seed",
    "source_url": "http://www.geekwire.com/2013/dave-mcclures-500-startups-backs-online-presentation-upstart-9slides/",
    "source_description": "Dave McClure\u2019s 500 Startups backs online presentation upstart 9Slides",
    "raised_amount": 500000.0,
    "raised_currency_code": "USD",
    "funded_year": 2013,
    "funded_month": 5,
    "funded_day": 30,
    "investments":
     [{"company": null,
       "financial_org":
        {"name": "venture capitals",
         "permalink": "venture-capitals"},
       "person": null},
      {"company":
        {"name": "InnoSpring",
         "permalink": "innospring"},
       "financial_org": null,
       "person": null}]},
   {"id": 50901,
    "round_code": "debt_round",
    "source_url": "http://www.sec.gov/Archives/edgar/data/1531212/000153121213000001/xslFormDX01/primary_doc.xml",
    "source_description": "SEC",
    "raised_amount": 425000.0,
    "raised_currency_code": "USD",
    "funded_year": 2013,
    "funded_month": 10,
    "funded_day": 3,
    "investments":
     [{"company": null,
       "financial_org": null,
       "person":
        {"first_name": "Kevin",
         "last_name": "Henrikson",
         "permalink": "kevin-henrikson"}}]}],
 "investments":
  [],
 "acquisition": null,
 "acquisitions":
  [],
 "offices":
  [{"description": "",
    "address1": "9009 Avondale Road NE",
    "address2": "Suite S237",
    "zip_code": "98052",
    "city": "Redmond",
    "state_code": "WA",
    "country_code": "USA",
    "latitude": null,
    "longitude": null}],
 "milestones":
  [],
 "ipo": null,
 "video_embeds":
  [{"embed_code": "\u003Ciframe src=\"http://player.vimeo.com/video/30214351\" width=\"430\" height=\"242\" frameborder=\"0\" webkitAllowFullScreen mozallowfullscreen allowFullScreen\u003E\u003C/iframe\u003E",
    "description": ""},
   {"embed_code": "\u003Ciframe src=\"http://player.vimeo.com/video/44479928\" width=\"430\" height=\"242\" frameborder=\"0\" webkitAllowFullScreen mozallowfullscreen allowFullScreen\u003E\u003C/iframe\u003E \u003Cp\u003E\u003Ca href=\"http://vimeo.com/44479928\"\u003E9SLIDES\u003C/a\u003E from \u003Ca href=\"http://vimeo.com/9slides\"\u003E9SLIDES Inc.\u003C/a\u003E on \u003Ca href=\"http://vimeo.com\"\u003EVimeo\u003C/a\u003E.\u003C/p\u003E",
    "description": ""}],
 "screenshots":
  [{"available_sizes":
     [[[150,
        91],
       "http://api-images.crunchbase.com/assets/images/resized/0018/2895/182895v2-max-150x150.png"],
      [[250,
        152],
       "http://api-images.crunchbase.com/assets/images/resized/0018/2895/182895v2-max-250x250.png"],
      [[450,
        275],
       "http://api-images.crunchbase.com/assets/images/resized/0018/2895/182895v2-max-450x450.png"]],
    "attribution": null}],
 "external_links":
  [],
 "partners":
  []}
