{"name": "A.R.O.",
 "permalink": "a-r-o",
 "crunchbase_url": "http://www.crunchbase.com/company/a-r-o",
 "homepage_url": "http://www.aro.com",
 "blog_url": "http://aro.com/blog/",
 "blog_feed_url": "",
 "twitter_username": "arodotcom",
 "category_code": "mobile",
 "number_of_employees": 20,
 "founded_year": 2011,
 "founded_month": 6,
 "founded_day": 1,
 "deadpooled_year": null,
 "deadpooled_month": null,
 "deadpooled_day": null,
 "deadpooled_url": null,
 "tag_list": "location-based-services, recommendation, gamification",
 "alias_list": null,
 "email_address": "info@aro.com",
 "phone_number": "2067925400",
 "description": "Your life. Only better.",
 "created_at": "Sun Jun 17 02:29:59 UTC 2012",
 "updated_at": "Tue Jul 30 22:42:48 UTC 2013",
 "overview": "\u003Cp\u003EAt A.R.O., Inc., we believe that technology should make your life healthier, happier, and more productive. That\u2019s why we develop apps to help you make the most of your digital life and personal data.  Working with the latest smartphone and sensor technology, we create experiences that put your data at your fingertips.\u003C/p\u003E\n\n\u003Cp\u003ESaga is the essential lifelogging app for Android and iOS that lets you record your life automatically and share it with the people you care about.\u003C/p\u003E\n\n\u003Cp\u003EBubbleator is a suite of Android and Windows 8 apps and wallpapers that transform your home screen into a live stream of updates from the information sources you care about most. \u003C/p\u003E",
 "image":
  {"available_sizes":
    [[[150,
       150],
      "http://api-images.crunchbase.com/assets/images/resized/0029/8967/298967v1-max-150x150.png"],
     [[250,
       250],
      "http://api-images.crunchbase.com/assets/images/resized/0029/8967/298967v1-max-250x250.png"],
     [[400,
       400],
      "http://api-images.crunchbase.com/assets/images/resized/0029/8967/298967v1-max-450x450.png"]],
   "attribution": null},
 "products":
  [{"name": "SAGA",
    "permalink": "saga"}],
 "relationships":
  [{"is_past": false,
    "title": "CEO",
    "person":
     {"first_name": "Andrew",
      "last_name": "Hickl",
      "permalink": "andrew-hickl"}}],
 "competitions":
  [{"competitor":
     {"name": "Foursquare",
      "permalink": "foursquare"}}],
 "providerships":
  [],
 "total_money_raised": "$0",
 "funding_rounds":
  [],
 "investments":
  [],
 "acquisition": null,
 "acquisitions":
  [],
 "offices":
  [{"description": "Seattle HQ",
    "address1": "505 Fifth Avenue S #180",
    "address2": "",
    "zip_code": "98104",
    "city": "Seattle",
    "state_code": "WA",
    "country_code": "USA",
    "latitude": null,
    "longitude": null}],
 "milestones":
  [],
 "ipo": null,
 "video_embeds":
  [],
 "screenshots":
  [],
 "external_links":
  [{"external_url": "http://techcrunch.com/2012/06/16/a-r-o-reveals-saga-an-ambient-companion-that-watches-what-you-do-to-make-personal-recommendations/",
    "title": ""}],
 "partners":
  []}
