{"name": "A\u0026R Soluciones",
 "permalink": "a-r-soluciones",
 "crunchbase_url": "http://www.crunchbase.com/company/a-r-soluciones",
 "homepage_url": null,
 "blog_url": null,
 "blog_feed_url": null,
 "twitter_username": null,
 "category_code": null,
 "number_of_employees": null,
 "founded_year": null,
 "founded_month": null,
 "founded_day": null,
 "deadpooled_year": null,
 "deadpooled_month": null,
 "deadpooled_day": null,
 "deadpooled_url": null,
 "tag_list": null,
 "alias_list": null,
 "email_address": null,
 "phone_number": null,
 "description": null,
 "created_at": "Wed May 09 19:14:04 UTC 2012",
 "updated_at": "Mon May 14 22:40:35 UTC 2012",
 "overview": null,
 "image": null,
 "products":
  [],
 "relationships":
  [{"is_past": false,
    "title": "Co-Founder",
    "person":
     {"first_name": "Ritchie",
      "last_name": "Villavicencio",
      "permalink": "ritchie-villavicencio"}}],
 "competitions":
  [],
 "providerships":
  [],
 "total_money_raised": "$0",
 "funding_rounds":
  [],
 "investments":
  [],
 "acquisition": null,
 "acquisitions":
  [],
 "offices":
  [],
 "milestones":
  [],
 "ipo": null,
 "video_embeds":
  [],
 "screenshots":
  [],
 "external_links":
  [],
 "partners":
  []}
