{"name": "a Social media Agency",
 "permalink": "a-social-media-agency",
 "crunchbase_url": "http://www.crunchbase.com/company/a-social-media-agency",
 "homepage_url": "http://asocialmediaagency.com",
 "blog_url": "",
 "blog_feed_url": "",
 "twitter_username": "TweetsFromASMA",
 "category_code": "advertising",
 "number_of_employees": null,
 "founded_year": 2005,
 "founded_month": null,
 "founded_day": null,
 "deadpooled_year": null,
 "deadpooled_month": null,
 "deadpooled_day": null,
 "deadpooled_url": null,
 "tag_list": null,
 "alias_list": "",
 "email_address": "",
 "phone_number": "01452 348211 ",
 "description": "",
 "created_at": "Fri Jun 15 07:37:05 UTC 2012",
 "updated_at": "Tue Apr 01 05:26:10 UTC 2014",
 "overview": "\u003Cp\u003EFormed in 2005, the agency quickly gained a name for itself courtesy of some ground breaking campaigns that were always centred around a \u0026#8220;big idea\u0026#8221;.\u003C/p\u003E\n\n\u003Cp\u003EWe approach social media campaigns in the same way that put us on the map for our public relations work; we are disruptive, hard working and ready to do whatever it takes in order for you to hit your targets.\u003C/p\u003E\n\n\u003Cp\u003Esocial media managment\u003C/p\u003E\n\n\u003Cp\u003EWe keep our conversations jargon free; guru free and most importantly, they are always quirky and noticeable.\u003C/p\u003E\n\n\u003Cp\u003EBased in the heart of the Cotswolds we have an international client base that spans the full spectrum of multi-national businesses, right through to micro-businesses and one person organisations.\u003C/p\u003E",
 "image":
  {"available_sizes":
    [[[150,
       60],
      "http://api-images.crunchbase.com/assets/images/resized/0027/5038/275038v1-max-150x150.png"],
     [[250,
       100],
      "http://api-images.crunchbase.com/assets/images/resized/0027/5038/275038v1-max-250x250.png"],
     [[285,
       115],
      "http://api-images.crunchbase.com/assets/images/resized/0027/5038/275038v1-max-450x450.png"]],
   "attribution": null},
 "products":
  [],
 "relationships":
  [{"is_past": false,
    "title": "Owner",
    "person":
     {"first_name": "Andy",
      "last_name": "Barr",
      "permalink": "andy-barr"}}],
 "competitions":
  [],
 "providerships":
  [],
 "total_money_raised": "$0",
 "funding_rounds":
  [],
 "investments":
  [],
 "acquisition": null,
 "acquisitions":
  [],
 "offices":
  [{"description": "",
    "address1": "3 Pullman Court",
    "address2": "Great Western Road,Gloucestershire",
    "zip_code": "GL1 3ND",
    "city": "Gloucester",
    "state_code": null,
    "country_code": "GBR",
    "latitude": 51.8651509,
    "longitude": -2.2347386}],
 "milestones":
  [],
 "ipo": null,
 "video_embeds":
  [],
 "screenshots":
  [{"available_sizes":
     [[[150,
        113],
       "http://api-images.crunchbase.com/assets/images/resized/0027/5039/275039v1-max-150x150.png"],
      [[250,
        189],
       "http://api-images.crunchbase.com/assets/images/resized/0027/5039/275039v1-max-250x250.png"],
      [[450,
        340],
       "http://api-images.crunchbase.com/assets/images/resized/0027/5039/275039v1-max-450x450.png"]],
    "attribution": null}],
 "external_links":
  [],
 "partners":
  []}
