{"name": "A1 My Brass Components",
 "permalink": "a1-my-brass-components",
 "crunchbase_url": "http://www.crunchbase.com/company/a1-my-brass-components",
 "homepage_url": "http://www.mycomponents.co.uk",
 "blog_url": "",
 "blog_feed_url": "",
 "twitter_username": null,
 "category_code": "hardware",
 "number_of_employees": null,
 "founded_year": null,
 "founded_month": null,
 "founded_day": null,
 "deadpooled_year": null,
 "deadpooled_month": null,
 "deadpooled_day": null,
 "deadpooled_url": null,
 "tag_list": "brass, components, copper, aluminium, inserts, moulding-inserts, turned-components, brass-screws, brass-fasteners, brass-washers, hex-nuts, plain-washers",
 "alias_list": null,
 "email_address": "mycomponents@1fasteners.com",
 "phone_number": "",
 "description": "Electrical Switch Parts Components Brass",
 "created_at": "Sat Jul 14 06:15:36 UTC 2012",
 "updated_at": "Mon Jul 23 23:59:02 UTC 2012",
 "overview": "\u003Cp\u003ELeading Manufacturer and Exporter of Electrical Switch Parts Components Brass Moulding Inserts Brass Flat Washers Sheet Metal Components Brass CNC Machined Parts Copper Pressed Components Brass Screws Brass Neutral links Precision Brass Components Aluminium Bronze Components Brass Forged Components Stainless Steel Hose Fittings Brass Lock Nuts Electrical Brass Components Brass Fasteners Brass Screws Brass Washers Brass Terminal Blocks etc.  www.mycomponents.co.uk\u003C/p\u003E",
 "image": null,
 "products":
  [],
 "relationships":
  [],
 "competitions":
  [],
 "providerships":
  [],
 "total_money_raised": "$0",
 "funding_rounds":
  [],
 "investments":
  [],
 "acquisition": null,
 "acquisitions":
  [],
 "offices":
  [],
 "milestones":
  [],
 "ipo": null,
 "video_embeds":
  [],
 "screenshots":
  [],
 "external_links":
  [],
 "partners":
  []}
