{"name": "aargrassiv Web Agency",
 "permalink": "aargrassiv-web-agency",
 "crunchbase_url": "http://www.crunchbase.com/company/aargrassiv-web-agency",
 "homepage_url": "http://aargrassiv.com",
 "blog_url": "",
 "blog_feed_url": "",
 "twitter_username": null,
 "category_code": "other",
 "number_of_employees": 2,
 "founded_year": 2010,
 "founded_month": 1,
 "founded_day": 1,
 "deadpooled_year": null,
 "deadpooled_month": null,
 "deadpooled_day": null,
 "deadpooled_url": null,
 "tag_list": "web, design, graphic, development, agency",
 "alias_list": null,
 "email_address": "aarvik92@gmail.com",
 "phone_number": "+4525380331",
 "description": "Web development design graphic",
 "created_at": "Tue Jun 26 14:10:05 UTC 2012",
 "updated_at": "Tue Jun 26 20:58:53 UTC 2012",
 "overview": "\u003Cp\u003ECreative and technical web agency.\u003C/p\u003E\n\n\u003Cp\u003EWe make creative, technical, small and large web solutions. We work and we take pride in providing design and code in top quality. Our motivation is customer satisfaction, to be innovative, and to use the latest technologies. Our customers range from small newly started companies, advertising agencies and large organizations. We create modern graphic design and webdesign.\u003C/p\u003E\n\n\u003Cp\u003EWe believe that these technologies are great for everyday use: HTML, CSS, JavaScript, PHP, Perl, Bash, Ruby On Rails, MySQL, PostgreSQL, Debian, Apache, Nginx. \u003C/p\u003E\n\n\u003Cp\u003EWe like to use: Wordpress, Drupal, joomla.\u003C/p\u003E",
 "image":
  {"available_sizes":
    [[[150,
       150],
      "http://api-images.crunchbase.com/assets/images/resized/0019/7429/197429v2-max-150x150.jpg"],
     [[250,
       250],
      "http://api-images.crunchbase.com/assets/images/resized/0019/7429/197429v2-max-250x250.jpg"],
     [[450,
       450],
      "http://api-images.crunchbase.com/assets/images/resized/0019/7429/197429v2-max-450x450.jpg"]],
   "attribution": null},
 "products":
  [],
 "relationships":
  [],
 "competitions":
  [],
 "providerships":
  [],
 "total_money_raised": "$0",
 "funding_rounds":
  [],
 "investments":
  [],
 "acquisition": null,
 "acquisitions":
  [],
 "offices":
  [],
 "milestones":
  [],
 "ipo": null,
 "video_embeds":
  [],
 "screenshots":
  [],
 "external_links":
  [],
 "partners":
  []}
