{"name": "aaryasys",
 "permalink": "aaryasys",
 "crunchbase_url": "http://www.crunchbase.com/company/aaryasys",
 "homepage_url": "http://www.aaryasys.com",
 "blog_url": "",
 "blog_feed_url": "",
 "twitter_username": "AaryaSystems",
 "category_code": "network_hosting",
 "number_of_employees": 2,
 "founded_year": null,
 "founded_month": null,
 "founded_day": null,
 "deadpooled_year": null,
 "deadpooled_month": null,
 "deadpooled_day": null,
 "deadpooled_url": null,
 "tag_list": "it-service-company, network-support, business-it-services",
 "alias_list": null,
 "email_address": "info@aaryasys.com",
 "phone_number": "2013553690",
 "description": "Manaaged IT service provider",
 "created_at": "Thu Apr 12 20:29:20 UTC 2012",
 "updated_at": "Sat Apr 14 20:14:50 UTC 2012",
 "overview": "\u003Cp\u003EAarya Systems provides IT Services for small and medium businesses.\nWe provide onsite and remote support to all managed services clients. Our services include servers installation, management, and monitoring. End users helpdesk support. Network installations. Multiple sites connectivity using Virtual Private Networks. \u003C/p\u003E",
 "image": null,
 "products":
  [],
 "relationships":
  [],
 "competitions":
  [],
 "providerships":
  [],
 "total_money_raised": "$0",
 "funding_rounds":
  [],
 "investments":
  [],
 "acquisition": null,
 "acquisitions":
  [],
 "offices":
  [],
 "milestones":
  [],
 "ipo": null,
 "video_embeds":
  [],
 "screenshots":
  [],
 "external_links":
  [{"external_url": "http://www.aaryasys.com/about/",
    "title": "About aaryasys IT solutions."}],
 "partners":
  []}
