{"name": "ABC Quant",
 "permalink": "abc-quant",
 "crunchbase_url": "http://www.crunchbase.com/company/abc-quant",
 "homepage_url": "http://www.abcquant.com",
 "blog_url": "",
 "blog_feed_url": "",
 "twitter_username": null,
 "category_code": "software",
 "number_of_employees": 30,
 "founded_year": 2005,
 "founded_month": null,
 "founded_day": null,
 "deadpooled_year": null,
 "deadpooled_month": null,
 "deadpooled_day": null,
 "deadpooled_url": null,
 "tag_list": "style-analysis, stochastic-simulation, asset-allocation, hedge-funds, risk-management, due-diligence, alternative-investments, hedging, options, derivatives, portfolio-optimization",
 "alias_list": null,
 "email_address": "info@abcquant.com",
 "phone_number": "+19046385188",
 "description": "ABC Quant",
 "created_at": "Thu Apr 12 03:59:57 UTC 2012",
 "updated_at": "Mon Aug 20 13:47:59 UTC 2012",
 "overview": "\u003Cp\u003EQuant Risk Group is a specialist provider of risk management and investment solutions for the hedge fund industry.\u003C/p\u003E\n\n\u003Cp\u003EQuant\u2019s mission is to provide the tools, services and methodology satisfying alternative investment professionals around the globe. Combining the latest studies in the hedge fund valuation areas with the practitioners\u2019 insights Quant offers the complete range of solutions for hedge fund investors. These solutions include risk management applications, asset allocation tools, portfolio, optimization components and due diligence frameworks. With offices and representatives in the US, Canada, Australia, Japan, Switzerland and the UK, Quant has established long-term relationships with leading institutions world-wide.\u003C/p\u003E\n\n\u003Cp\u003EQuant Suite, by ABC Quant, presents an advanced analytical platform serving as the basis for hedge fund risk assessment and portfolio composition. The latest generation of the Quant Suite line offers access to over 85,000 investment vehicles, includes daily data updating and compatible with the main hedge fund data providers. Offering the most sophisticated risk valuation models available today, Quant Suite encompasses tools for investment fund risk assessment, dynamic style analysis, non-linear portfolio optimization, multi factor peer group analysis and many more.  \u003C/p\u003E",
 "image":
  {"available_sizes":
    [[[140,
       140],
      "http://api-images.crunchbase.com/assets/images/resized/0018/3841/183841v2-max-150x150.png"],
     [[140,
       140],
      "http://api-images.crunchbase.com/assets/images/resized/0018/3841/183841v2-max-250x250.png"],
     [[140,
       140],
      "http://api-images.crunchbase.com/assets/images/resized/0018/3841/183841v2-max-450x450.png"]],
   "attribution": null},
 "products":
  [],
 "relationships":
  [{"is_past": false,
    "title": "CEO",
    "person":
     {"first_name": "Andrew",
      "last_name": "Grauberg",
      "permalink": "andrew-grauberg"}}],
 "competitions":
  [{"competitor":
     {"name": "PerTrac Financial Solutions",
      "permalink": "pertrac-financial-solutions"}},
   {"competitor":
     {"name": "RiskMetrics",
      "permalink": "riskmetrics"}},
   {"competitor":
     {"name": "AlternativeSoft",
      "permalink": "alternativesoft"}}],
 "providerships":
  [],
 "total_money_raised": "$0",
 "funding_rounds":
  [],
 "investments":
  [],
 "acquisition": null,
 "acquisitions":
  [],
 "offices":
  [{"description": "HQ",
    "address1": "1220 N.Market Street",
    "address2": "",
    "zip_code": "19801",
    "city": "Wilmington",
    "state_code": "DE",
    "country_code": "USA",
    "latitude": null,
    "longitude": null}],
 "milestones":
  [],
 "ipo": null,
 "video_embeds":
  [],
 "screenshots":
  [],
 "external_links":
  [{"external_url": "http://www.barclayhedge.com/products/hedge-fund-risk-management.html",
    "title": "Quant Suite Barclay Edition"},
   {"external_url": "http://alternativeinvestments.morningstar.com/pandora/content/Partners.aspx",
    "title": ""}],
 "partners":
  []}
