{"name": "AbilityCRM",
 "permalink": "abilitycrm",
 "crunchbase_url": "http://www.crunchbase.com/company/abilitycrm",
 "homepage_url": "http://abilitycrm.com",
 "blog_url": "http://abilitycrm.com/blog/",
 "blog_feed_url": "",
 "twitter_username": null,
 "category_code": null,
 "number_of_employees": null,
 "founded_year": 1998,
 "founded_month": null,
 "founded_day": null,
 "deadpooled_year": null,
 "deadpooled_month": null,
 "deadpooled_day": null,
 "deadpooled_url": null,
 "tag_list": "",
 "alias_list": "",
 "email_address": "Info@AbilityCRM.com",
 "phone_number": "480-726-5400",
 "description": "Customer Relationship Management",
 "created_at": "Tue Jul 03 07:27:01 UTC 2012",
 "updated_at": "Tue Jul 03 07:32:26 UTC 2012",
 "overview": "\u003Cp\u003EAbilityCRM, located in Scottsdale, Arizona, started providing Customer Relationship Management (CRM) solutions in 1998 and since then has helped hundreds of companies, in many industry segments throughout the United States and Canada, to improve their business. It launched its Alwayson-CRM.com private CRM Cloud in 2009 to meet the needs of its most discriminating clients.\u003C/p\u003E",
 "image":
  {"available_sizes":
    [[[150,
       61],
      "http://api-images.crunchbase.com/assets/images/resized/0019/8495/198495v1-max-150x150.jpg"],
     [[230,
       94],
      "http://api-images.crunchbase.com/assets/images/resized/0019/8495/198495v1-max-250x250.jpg"],
     [[230,
       94],
      "http://api-images.crunchbase.com/assets/images/resized/0019/8495/198495v1-max-450x450.jpg"]],
   "attribution": null},
 "products":
  [],
 "relationships":
  [],
 "competitions":
  [],
 "providerships":
  [],
 "total_money_raised": "$0",
 "funding_rounds":
  [],
 "investments":
  [],
 "acquisition":
  {"price_amount": null,
   "price_currency_code": "USD",
   "term_code": null,
   "source_url": "http://www.prnewswire.com/news-releases/business--decision-acquires-scottsdale-based-abilitycrm-161096435.html",
   "source_description": "Business \u0026 Decision Acquires Scottsdale-based AbilityCRM",
   "acquired_year": 2012,
   "acquired_month": 7,
   "acquired_day": 2,
   "acquiring_company":
    {"name": "Business \u0026 Decision",
     "permalink": "business-decision"}},
 "acquisitions":
  [],
 "offices":
  [{"description": "",
    "address1": "14354 N. Frank Lloyd Wright Blvd., Suite 16",
    "address2": "",
    "zip_code": "85260",
    "city": "Scottsdale",
    "state_code": "AZ",
    "country_code": "USA",
    "latitude": null,
    "longitude": null}],
 "milestones":
  [],
 "ipo": null,
 "video_embeds":
  [],
 "screenshots":
  [{"available_sizes":
     [[[150,
        120],
       "http://api-images.crunchbase.com/assets/images/resized/0019/8496/198496v1-max-150x150.jpg"],
      [[250,
        200],
       "http://api-images.crunchbase.com/assets/images/resized/0019/8496/198496v1-max-250x250.jpg"],
      [[450,
        361],
       "http://api-images.crunchbase.com/assets/images/resized/0019/8496/198496v1-max-450x450.jpg"]],
    "attribution": null}],
 "external_links":
  [],
 "partners":
  [{"partner_name": "webrazzi",
    "homepage_url": "unknown",
    "link_1_url": "http://vt.webrazzi.com/kisi/alper-akcan",
    "link_2_url": null,
    "link_3_url": null,
    "link_1_name": "webrazzi Page",
    "link_2_name": null,
    "link_3_name": null}]}
