{"name": "abrarnaseer",
 "permalink": "abrarnaseer",
 "crunchbase_url": "http://www.crunchbase.com/company/abrarnaseer",
 "homepage_url": "http://www.abrarnaseer.com",
 "blog_url": "",
 "blog_feed_url": "",
 "twitter_username": "CGAabrarNaseer",
 "category_code": "other",
 "number_of_employees": null,
 "founded_year": null,
 "founded_month": null,
 "founded_day": null,
 "deadpooled_year": null,
 "deadpooled_month": null,
 "deadpooled_day": null,
 "deadpooled_url": null,
 "tag_list": "",
 "alias_list": null,
 "email_address": "",
 "phone_number": "",
 "description": "",
 "created_at": "Tue Jun 12 19:21:59 UTC 2012",
 "updated_at": "Wed Jun 13 06:46:07 UTC 2012",
 "overview": "\u003Cp\u003EWe adhere to Generally Accepted Accounting Principles as well as the standard set up by the Certified General Accountants of Ontario. As professionals, we realize how sensitive your financial data is and promise strict confidentiality. We also promise to provide you with service that is fast, friendly and reliable.\nWe believe in building our practice on a strong foundation of client relationship. We take to get to know you, to understand your need, objective and concerns. In order to create the tailored solution that suits you best.\u003C/p\u003E",
 "image": null,
 "products":
  [],
 "relationships":
  [],
 "competitions":
  [],
 "providerships":
  [],
 "total_money_raised": "$0",
 "funding_rounds":
  [],
 "investments":
  [],
 "acquisition": null,
 "acquisitions":
  [],
 "offices":
  [],
 "milestones":
  [],
 "ipo": null,
 "video_embeds":
  [],
 "screenshots":
  [],
 "external_links":
  [],
 "partners":
  []}
