{"name": "Abriza",
 "permalink": "abriza",
 "crunchbase_url": "http://www.crunchbase.com/company/abriza",
 "homepage_url": "http://www.abriza.com",
 "blog_url": "http://www.abriza.com/blognews/",
 "blog_feed_url": "",
 "twitter_username": "AbrizaHomeCare",
 "category_code": "web",
 "number_of_employees": 10,
 "founded_year": 2011,
 "founded_month": null,
 "founded_day": null,
 "deadpooled_year": null,
 "deadpooled_month": null,
 "deadpooled_day": null,
 "deadpooled_url": null,
 "tag_list": "home-maintenance, consumer-services",
 "alias_list": "",
 "email_address": "lisa.gallagher@abriza.com",
 "phone_number": "800-588-9350",
 "description": "Home Maintenance Simplified",
 "created_at": "Sun Mar 11 19:04:03 UTC 2012",
 "updated_at": "Tue May 28 14:32:35 UTC 2013",
 "overview": "\u003Cp\u003EAbriza is a patent pending home management platform that exceeds the current market solution\u0026#8217;s performance.  Abriza goes beyond a list or  matching technology that leaves the homeowner to sort through many providers that may not have been screened to accomplish a match specifically designed to meet the homeowner\u0026#8217;s needs at that time.  The solution provides the following:\u003C/p\u003E\n\n\u003Cul\u003E\n\u003Cli\u003EPro-active home maintenance expertise  \u003C/li\u003E\n\u003Cli\u003EEasy on-line scheduling of services  \u003C/li\u003E\n\u003Cli\u003EHome profile to manage and store home information\u003C/li\u003E\n\u003Cli\u003E\u0026#8220;Home Health Report\u0026#8221; documenting maintenance, repairs and  improvements \u003C/li\u003E\n\u003C/ul\u003E\n\n\u003Cp\u003EAdditionally, Abriza\u0026#8217;s solution provides tools for contractors to manage their workload, track opportunities and signal their availability.  \u003C/p\u003E\n\n\u003Cp\u003EThe Abriza solution addresses the challenges in the home maintenance supply chain and removes the administrative burden of tracking paperwork for the homeowner and the contractor.\u003C/p\u003E\n\n\u003Cp\u003EThe solution is free to homeowners who order a service and contractors only pay a fee if they perform work eliminating fees for marketing that doesn\u0026#8217;t pan out. \u003C/p\u003E",
 "image":
  {"available_sizes":
    [[[150,
       53],
      "http://api-images.crunchbase.com/assets/images/resized/0018/0285/180285v2-max-150x150.jpg"],
     [[250,
       88],
      "http://api-images.crunchbase.com/assets/images/resized/0018/0285/180285v2-max-250x250.jpg"],
     [[450,
       160],
      "http://api-images.crunchbase.com/assets/images/resized/0018/0285/180285v2-max-450x450.jpg"]],
   "attribution": null},
 "products":
  [],
 "relationships":
  [{"is_past": false,
    "title": "President \u0026 CEO",
    "person":
     {"first_name": "Lisa",
      "last_name": "Gallagher",
      "permalink": "lisa-gallagher-3"}},
   {"is_past": false,
    "title": "Advisory Board",
    "person":
     {"first_name": "Richard",
      "last_name": "Little",
      "permalink": "richard-little"}},
   {"is_past": false,
    "title": "Advisory Board",
    "person":
     {"first_name": "Mark",
      "last_name": "Prynn",
      "permalink": "mark-prynn"}},
   {"is_past": false,
    "title": "Advisory Board",
    "person":
     {"first_name": "John",
      "last_name": "VanZandt",
      "permalink": "john-vanzandt"}},
   {"is_past": false,
    "title": "Advisory Board",
    "person":
     {"first_name": "Carol",
      "last_name": "Kurimsky",
      "permalink": "carol-kurimsky"}},
   {"is_past": false,
    "title": "",
    "person":
     {"first_name": "John",
      "last_name": "VanZandt",
      "permalink": "john-vanzandt"}},
   {"is_past": false,
    "title": "Advisory Board",
    "person":
     {"first_name": "Suzanne",
      "last_name": "Frindt",
      "permalink": "suzanne-frindt"}}],
 "competitions":
  [{"competitor":
     {"name": "Angie's List",
      "permalink": "angies-list"}},
   {"competitor":
     {"name": "HomeAdvisor",
      "permalink": "homeadvisor"}},
   {"competitor":
     {"name": "Redbeacon",
      "permalink": "redbeacon"}},
   {"competitor":
     {"name": "Thumbtack",
      "permalink": "thumbtack"}}],
 "providerships":
  [],
 "total_money_raised": "$0",
 "funding_rounds":
  [],
 "investments":
  [],
 "acquisition": null,
 "acquisitions":
  [],
 "offices":
  [{"description": "Headquarters",
    "address1": "19200 Von Karman Ave.",
    "address2": "Suite 600",
    "zip_code": "92612",
    "city": "Irvine",
    "state_code": "CA",
    "country_code": "USA",
    "latitude": null,
    "longitude": null}],
 "milestones":
  [],
 "ipo": null,
 "video_embeds":
  [{"embed_code": " \u003Ca onclick=\"im_play_ep({ video_id:1728259282 });\"\u003E Play Video \u003C/a\u003E",
    "description": "\u003Cp\u003EThe Abriza Overview\u003C/p\u003E"}],
 "screenshots":
  [],
 "external_links":
  [],
 "partners":
  []}
