{"name": "Abroad101",
 "permalink": "abroad101",
 "crunchbase_url": "http://www.crunchbase.com/company/abroad101",
 "homepage_url": "http://www.studyabroad101.com",
 "blog_url": "http://blog.studyabroad101.com/",
 "blog_feed_url": "",
 "twitter_username": "StudyAbroad101",
 "category_code": "education",
 "number_of_employees": 10,
 "founded_year": 2007,
 "founded_month": 5,
 "founded_day": 4,
 "deadpooled_year": null,
 "deadpooled_month": null,
 "deadpooled_day": null,
 "deadpooled_url": null,
 "tag_list": "boston, masschallenge, educational-technology, study-abroad, international-education",
 "alias_list": null,
 "email_address": "mike@abroad101.com",
 "phone_number": "(617) 401-8848",
 "description": "Study Abroad Reviews Website",
 "created_at": "Mon Apr 16 01:03:39 UTC 2012",
 "updated_at": "Mon Mar 31 20:59:45 UTC 2014",
 "overview": "\u003Cp\u003EAbroad101 is an online study abroad reviews website. Their website provides a free online evaluation system that helps universities collect evaluations online, and helps study abroad programs more easily recruit students.  \u003C/p\u003E\n\n\u003Cp\u003EProspective study abroad students can read through 13,000+ detailed reviews on various programs throughout the world. Program Providers can take advantage of the large student audience by advertising their programs on their site. \u003C/p\u003E\n\n\u003Cp\u003EAbroad101 is currently based in Boston, MA and was founded in 2007. \u003C/p\u003E",
 "image":
  {"available_sizes":
    [[[150,
       42],
      "http://api-images.crunchbase.com/assets/images/resized/0018/4304/184304v2-max-150x150.jpg"],
     [[250,
       71],
      "http://api-images.crunchbase.com/assets/images/resized/0018/4304/184304v2-max-250x250.jpg"],
     [[450,
       128],
      "http://api-images.crunchbase.com/assets/images/resized/0018/4304/184304v2-max-450x450.jpg"]],
   "attribution": null},
 "products":
  [],
 "relationships":
  [{"is_past": true,
    "title": "Co-Founder and CEO",
    "person":
     {"first_name": "Adam",
      "last_name": "Miller",
      "permalink": "adam-miller"}},
   {"is_past": true,
    "title": "Co-Founder and Chief Marketing Officer",
    "person":
     {"first_name": "Michael",
      "last_name": "Stone",
      "permalink": "michael-stone-3"}}],
 "competitions":
  [],
 "providerships":
  [],
 "total_money_raised": "$50k",
 "funding_rounds":
  [{"id": 71097,
    "round_code": "seed",
    "source_url": "",
    "source_description": "",
    "raised_amount": 50000.0,
    "raised_currency_code": "USD",
    "funded_year": 2010,
    "funded_month": 10,
    "funded_day": 21,
    "investments":
     [{"company":
        {"name": "MassChallenge",
         "permalink": "masschallenge"},
       "financial_org": null,
       "person": null}]}],
 "investments":
  [],
 "acquisition": null,
 "acquisitions":
  [],
 "offices":
  [{"description": "Boston, MA",
    "address1": "107 South St",
    "address2": "Suite 5C",
    "zip_code": "02111",
    "city": "Boston",
    "state_code": "MA",
    "country_code": "USA",
    "latitude": null,
    "longitude": null}],
 "milestones":
  [],
 "ipo": null,
 "video_embeds":
  [],
 "screenshots":
  [{"available_sizes":
     [[[150,
        78],
       "http://api-images.crunchbase.com/assets/images/resized/0020/3390/203390v2-max-150x150.png"],
      [[250,
        130],
       "http://api-images.crunchbase.com/assets/images/resized/0020/3390/203390v2-max-250x250.png"],
      [[450,
        234],
       "http://api-images.crunchbase.com/assets/images/resized/0020/3390/203390v2-max-450x450.png"]],
    "attribution": null}],
 "external_links":
  [],
 "partners":
  []}
