{"name": "Absolute Power Tools",
 "permalink": "absolute-power-tools",
 "crunchbase_url": "http://www.crunchbase.com/company/absolute-power-tools",
 "homepage_url": "http://www.absolutepowertools.co.uk",
 "blog_url": "",
 "blog_feed_url": "",
 "twitter_username": null,
 "category_code": "hardware",
 "number_of_employees": null,
 "founded_year": null,
 "founded_month": null,
 "founded_day": null,
 "deadpooled_year": null,
 "deadpooled_month": null,
 "deadpooled_day": null,
 "deadpooled_url": null,
 "tag_list": "power-tools, power-tool-hire, power-tool-rent, power-tool-repair, power-tool-shop, power-tool-purchase",
 "alias_list": null,
 "email_address": "sales@absolutepowertools.co.uk",
 "phone_number": "01225 899289",
 "description": "Buy, Rent and Repair Power Tools",
 "created_at": "Thu Apr 12 09:15:09 UTC 2012",
 "updated_at": "Sat Apr 14 19:59:02 UTC 2012",
 "overview": "\u003Cp\u003EA family run independent business who stock a wide and varied range of power tools and hand tools. Absolute Power Tools also offer a full repairs service and hire out a variety of power tools to consumer and trade customers.\u003C/p\u003E",
 "image":
  {"available_sizes":
    [[[150,
       150],
      "http://api-images.crunchbase.com/assets/images/resized/0018/3886/183886v2-max-150x150.jpg"],
     [[250,
       250],
      "http://api-images.crunchbase.com/assets/images/resized/0018/3886/183886v2-max-250x250.jpg"],
     [[354,
       354],
      "http://api-images.crunchbase.com/assets/images/resized/0018/3886/183886v2-max-450x450.jpg"]],
   "attribution": null},
 "products":
  [],
 "relationships":
  [],
 "competitions":
  [],
 "providerships":
  [],
 "total_money_raised": "$0",
 "funding_rounds":
  [],
 "investments":
  [],
 "acquisition": null,
 "acquisitions":
  [],
 "offices":
  [],
 "milestones":
  [],
 "ipo": null,
 "video_embeds":
  [],
 "screenshots":
  [],
 "external_links":
  [],
 "partners":
  []}
