{"name": "Academhy",
 "permalink": "academhy",
 "crunchbase_url": "http://www.crunchbase.com/company/academhy",
 "homepage_url": "http://www.academhy.com",
 "blog_url": "",
 "blog_feed_url": "",
 "twitter_username": "academhy",
 "category_code": "other",
 "number_of_employees": null,
 "founded_year": 2009,
 "founded_month": 9,
 "founded_day": 10,
 "deadpooled_year": null,
 "deadpooled_month": null,
 "deadpooled_day": null,
 "deadpooled_url": null,
 "tag_list": "education-email-data, college-email-list, university-mailing-database, professors-list, principals-email-lists, ceo-presidentchancellors-list, data-processing-schools-email-list",
 "alias_list": null,
 "email_address": "devonteraul@gmail.com",
 "phone_number": "",
 "description": "Education Database Provider",
 "created_at": "Tue Mar 06 11:55:03 UTC 2012",
 "updated_at": "Mon Apr 23 18:16:43 UTC 2012",
 "overview": "\u003Cp\u003EAcademhy is a marketing solution provider for all types of education industries, schools, colleges and universities. Our database is very useful for those companies or professionals who are looking forward to target educational sector for business development purpose.\u003C/p\u003E",
 "image":
  {"available_sizes":
    [[[150,
       30],
      "http://api-images.crunchbase.com/assets/images/resized/0017/7221/177221v2-max-150x150.png"],
     [[210,
       43],
      "http://api-images.crunchbase.com/assets/images/resized/0017/7221/177221v2-max-250x250.png"],
     [[210,
       43],
      "http://api-images.crunchbase.com/assets/images/resized/0017/7221/177221v2-max-450x450.png"]],
   "attribution": null},
 "products":
  [],
 "relationships":
  [],
 "competitions":
  [],
 "providerships":
  [],
 "total_money_raised": "$0",
 "funding_rounds":
  [],
 "investments":
  [],
 "acquisition": null,
 "acquisitions":
  [],
 "offices":
  [],
 "milestones":
  [],
 "ipo": null,
 "video_embeds":
  [{"embed_code": "\u003Ciframe width=\"420\" height=\"315\" src=\"http://www.youtube.com/embed/TnWyZiAp_1Y\" frameborder=\"0\" allowfullscreen\u003E\u003C/iframe\u003E",
    "description": "\u003Cp\u003ESchool College University Education Email Addresses\u003C/p\u003E"}],
 "screenshots":
  [{"available_sizes":
     [[[114,
        150],
       "http://api-images.crunchbase.com/assets/images/resized/0017/7220/177220v2-max-150x150.jpg"],
      [[190,
        250],
       "http://api-images.crunchbase.com/assets/images/resized/0017/7220/177220v2-max-250x250.jpg"],
      [[343,
        450],
       "http://api-images.crunchbase.com/assets/images/resized/0017/7220/177220v2-max-450x450.jpg"]],
    "attribution": null}],
 "external_links":
  [{"external_url": "http://www.academhy.com/school-email-list-address-database.php",
    "title": "Pre-Primary School Email List"},
   {"external_url": "http://www.academhy.com/college-email-lists-student-mailing-database.php",
    "title": "College Email Lists"},
   {"external_url": "http://www.academhy.com/university-email-list.php",
    "title": "University Email Database"},
   {"external_url": "http://www.academhy.com/top-fifty-university-mailing-list.php",
    "title": "Best 50 Universities List"},
   {"external_url": "http://www.academhy.com/library-mailing-list-email-list.php",
    "title": "University Libraries Email List"},
   {"external_url": "http://www.academhy.com/education-executives-email-list.php",
    "title": "Educational Service List"},
   {"external_url": "http://www.academhy.com/school-email-list-address-database.php",
    "title": "School Email List and Mailing List"},
   {"external_url": "http://www.academhy.com/specialty-list.php",
    "title": "Specialty Email List"},
   {"external_url": "http://www.academhy.com/teachers-mailing-lists-email-address-directory.php",
    "title": "Teachers Email List and Email Addresses"},
   {"external_url": "http://www.academhy.com/students-email-list.php",
    "title": "Student Email Lists"}],
 "partners":
  []}
