{"name": "AcademicFamily",
 "permalink": "academicfamily",
 "crunchbase_url": "http://www.crunchbase.com/company/academicfamily",
 "homepage_url": "http://academicfamily.com",
 "blog_url": "",
 "blog_feed_url": "",
 "twitter_username": null,
 "category_code": "ecommerce",
 "number_of_employees": 2,
 "founded_year": 2012,
 "founded_month": 6,
 "founded_day": 15,
 "deadpooled_year": null,
 "deadpooled_month": null,
 "deadpooled_day": null,
 "deadpooled_url": null,
 "tag_list": "academic-conferences, social-media, search-engine, academia, science-and-technology, share-presentations",
 "alias_list": null,
 "email_address": "support@academicfamily.com",
 "phone_number": "",
 "description": "social media for academia",
 "created_at": "Fri Jul 27 15:30:40 UTC 2012",
 "updated_at": "Tue Jul 31 04:22:45 UTC 2012",
 "overview": "\u003Cp\u003EAcademicFamily is a search engine for academic conferences. 18,000+ conferences have been recorded in our database, which is supposed to be the largest one at this moment. The website is also designed as a platform for academia to share presentations, thoughts and ideas.\u003C/p\u003E",
 "image":
  {"available_sizes":
    [[[150,
       150],
      "http://api-images.crunchbase.com/assets/images/resized/0020/3211/203211v2-max-150x150.png"],
     [[195,
       195],
      "http://api-images.crunchbase.com/assets/images/resized/0020/3211/203211v2-max-250x250.png"],
     [[195,
       195],
      "http://api-images.crunchbase.com/assets/images/resized/0020/3211/203211v2-max-450x450.png"]],
   "attribution": null},
 "products":
  [],
 "relationships":
  [],
 "competitions":
  [],
 "providerships":
  [],
 "total_money_raised": "$0",
 "funding_rounds":
  [],
 "investments":
  [],
 "acquisition": null,
 "acquisitions":
  [],
 "offices":
  [],
 "milestones":
  [],
 "ipo": null,
 "video_embeds":
  [],
 "screenshots":
  [{"available_sizes":
     [[[150,
        101],
       "http://api-images.crunchbase.com/assets/images/resized/0020/3210/203210v2-max-150x150.png"],
      [[250,
        169],
       "http://api-images.crunchbase.com/assets/images/resized/0020/3210/203210v2-max-250x250.png"],
      [[450,
        305],
       "http://api-images.crunchbase.com/assets/images/resized/0020/3210/203210v2-max-450x450.png"]],
    "attribution": null}],
 "external_links":
  [],
 "partners":
  []}
