{"name": "ACAP Software Development",
 "permalink": "acap-software-development",
 "crunchbase_url": "http://www.crunchbase.com/company/acap-software-development",
 "homepage_url": "http://www.acapglobal.com",
 "blog_url": "",
 "blog_feed_url": "",
 "twitter_username": "acapglobal",
 "category_code": "consulting",
 "number_of_employees": 60,
 "founded_year": 2004,
 "founded_month": 3,
 "founded_day": 1,
 "deadpooled_year": null,
 "deadpooled_month": null,
 "deadpooled_day": null,
 "deadpooled_url": null,
 "tag_list": "software-developer, mobile-application-developer, web-developer",
 "alias_list": null,
 "email_address": "info@acapglobal.com",
 "phone_number": "9545370337",
 "description": "Software Development Company",
 "created_at": "Fri May 25 22:46:53 UTC 2012",
 "updated_at": "Fri Jun 01 20:13:21 UTC 2012",
 "overview": "\u003Cp\u003ESince 2004, ACAP has been delivering high-impact, high-performing custom software, mobile and web applications, expertly engineered to actuate all the right moves, to maximize the business value of development and move your customers and your business forward \u2014 fast.\u003C/p\u003E\n\n\u003Cp\u003EACAP\u0026#8217;s portfolio and philosophies speak to the successes of our client engagements \u2014 as diverse in size and scope as the clients themselves \u2014 from world-class mega brands like Mercedes and Virgin Mobile, to smaller niche and start-up ventures, all of whom trust ACAP\u0026#8217;s extensive experience and commitment to applying best practices in the business.\u003C/p\u003E",
 "image":
  {"available_sizes":
    [[[150,
       47],
      "http://api-images.crunchbase.com/assets/images/resized/0019/1872/191872v2-max-150x150.png"],
     [[205,
       65],
      "http://api-images.crunchbase.com/assets/images/resized/0019/1872/191872v2-max-250x250.png"],
     [[205,
       65],
      "http://api-images.crunchbase.com/assets/images/resized/0019/1872/191872v2-max-450x450.png"]],
   "attribution": null},
 "products":
  [],
 "relationships":
  [{"is_past": false,
    "title": "Director of Professional Services",
    "person":
     {"first_name": "Burtay",
      "last_name": "Arat",
      "permalink": "burtay-arat"}}],
 "competitions":
  [],
 "providerships":
  [],
 "total_money_raised": "$0",
 "funding_rounds":
  [],
 "investments":
  [],
 "acquisition": null,
 "acquisitions":
  [],
 "offices":
  [{"description": "Main Office",
    "address1": "2880 W. Oakland Park Blvd",
    "address2": "Suite 201",
    "zip_code": "33311",
    "city": "Fort Lauderdale",
    "state_code": "FL",
    "country_code": "USA",
    "latitude": null,
    "longitude": null}],
 "milestones":
  [],
 "ipo": null,
 "video_embeds":
  [],
 "screenshots":
  [],
 "external_links":
  [],
 "partners":
  []}
