{"name": "Accent Technologies",
 "permalink": "accent-technologies",
 "crunchbase_url": "http://www.crunchbase.com/company/accent-technologies",
 "homepage_url": "http://accent-technologies.com",
 "blog_url": "",
 "blog_feed_url": "",
 "twitter_username": "Accent_Tech",
 "category_code": "software",
 "number_of_employees": 25,
 "founded_year": 1990,
 "founded_month": null,
 "founded_day": null,
 "deadpooled_year": null,
 "deadpooled_month": null,
 "deadpooled_day": null,
 "deadpooled_url": null,
 "tag_list": "presentation-management, document-management, powerpoint-management, slide-management, ppt-management, ecomm, ecommunication",
 "alias_list": null,
 "email_address": "jmcchrystal@accent-technologies.com",
 "phone_number": "(800) 771-6011",
 "description": "Presentation/Document Management Systems",
 "created_at": "Wed Jun 27 19:13:49 UTC 2012",
 "updated_at": "Mon Apr 14 02:34:46 UTC 2014",
 "overview": "\u003Cp\u003EAccent Technologies offers Advanced Document and Presentation Management Software for fast and precise control over critical business documents. Automation to help you prepare for in-person engagements with tailored materials and documents. Automation to help you stay top-of-mind between meetings with relevant articles and information.\u003C/p\u003E",
 "image":
  {"available_sizes":
    [[[150,
       65],
      "http://api-images.crunchbase.com/assets/images/resized/0019/7723/197723v2-max-150x150.png"],
     [[241,
       105],
      "http://api-images.crunchbase.com/assets/images/resized/0019/7723/197723v2-max-250x250.png"],
     [[241,
       105],
      "http://api-images.crunchbase.com/assets/images/resized/0019/7723/197723v2-max-450x450.png"]],
   "attribution": null},
 "products":
  [{"name": "Accent Librarian",
    "permalink": "accent-librarian"},
   {"name": "Accent eCommunicator",
    "permalink": "accent-ecommunicator"},
   {"name": "Presentation Librarian",
    "permalink": "presentation-librarian"},
   {"name": "Accent Accelerator",
    "permalink": "accent-accelerator"},
   {"name": "Accent-Accelerator",
    "permalink": "accent-accelerator-2"}],
 "relationships":
  [{"is_past": false,
    "title": "President and CEO",
    "person":
     {"first_name": "Pete",
      "last_name": "Mcchrystal",
      "permalink": "pete-mcchrystal"}}],
 "competitions":
  [],
 "providerships":
  [],
 "total_money_raised": "$0",
 "funding_rounds":
  [],
 "investments":
  [],
 "acquisition": null,
 "acquisitions":
  [],
 "offices":
  [{"description": "Corporate Headquarters",
    "address1": "1270 Lake washington Rd.",
    "address2": "Suite C",
    "zip_code": "32935",
    "city": "Melbourne",
    "state_code": "FL",
    "country_code": "USA",
    "latitude": null,
    "longitude": null}],
 "milestones":
  [],
 "ipo": null,
 "video_embeds":
  [],
 "screenshots":
  [],
 "external_links":
  [{"external_url": "http://www.manta.com/c/mmnn15j/accent-technologies",
    "title": "Manta Page"},
   {"external_url": "http://www.facebook.com/pages/Accent-Technologies/238719416220782",
    "title": "Our Facebook Page"},
   {"external_url": "http://www.linkedin.com/company/accent-technologies",
    "title": "Our Linkedin Page"},
   {"external_url": "http://accent-technologies.com/demos/demoselect.asp",
    "title": "Schedule A Demo With Us"}],
 "partners":
  []}
