{"name": "Accendo Design UK",
 "permalink": "accendo-design-uk",
 "crunchbase_url": "http://www.crunchbase.com/company/accendo-design-uk",
 "homepage_url": "http://www.accendodesign.com",
 "blog_url": "http://wwwthemeanstarrtup.com",
 "blog_feed_url": "",
 "twitter_username": "accendo_design",
 "category_code": "web",
 "number_of_employees": null,
 "founded_year": 2010,
 "founded_month": 12,
 "founded_day": 30,
 "deadpooled_year": null,
 "deadpooled_month": null,
 "deadpooled_day": null,
 "deadpooled_url": null,
 "tag_list": "technology",
 "alias_list": null,
 "email_address": "contact@accendodesign.com",
 "phone_number": "",
 "description": "Digital Systems",
 "created_at": "Fri Jul 20 10:46:15 UTC 2012",
 "updated_at": "Sat Jul 28 11:26:52 UTC 2012",
 "overview": "\u003Cp\u003EWe at Accendo Design recognise three drivers in social-technical development. \u003C/p\u003E\n\n\u003Cp\u003EFaster Infrastructure: new fiberoptic networks enabling a far richer internet experience; Smarter Hardware: mobile devices with more computing power than the Apollo Lander; and Mass Exposure: millions of people communicating and creating content.\u003C/p\u003E",
 "image": null,
 "products":
  [],
 "relationships":
  [{"is_past": false,
    "title": "Founder",
    "person":
     {"first_name": "Samuel",
      "last_name": "Zawadzki",
      "permalink": "samuel-zawadzki-2"}}],
 "competitions":
  [],
 "providerships":
  [],
 "total_money_raised": "$0",
 "funding_rounds":
  [],
 "investments":
  [],
 "acquisition": null,
 "acquisitions":
  [],
 "offices":
  [{"description": "Accendo Design",
    "address1": "36-37 West Preston St",
    "address2": "",
    "zip_code": "EH8 9PY",
    "city": "Edinburgh",
    "state_code": null,
    "country_code": "GBR",
    "latitude": null,
    "longitude": null}],
 "milestones":
  [],
 "ipo": null,
 "video_embeds":
  [],
 "screenshots":
  [],
 "external_links":
  [{"external_url": "http://www.digilets.com",
    "title": "DigiLets"}],
 "partners":
  []}
