{"name": "Acclipse",
 "permalink": "acclipse",
 "crunchbase_url": "http://www.crunchbase.com/company/acclipse",
 "homepage_url": "http://www.acclipse.co.nz",
 "blog_url": "http://blog.acclipse.com/",
 "blog_feed_url": "",
 "twitter_username": "acclipse",
 "category_code": "software",
 "number_of_employees": null,
 "founded_year": null,
 "founded_month": null,
 "founded_day": null,
 "deadpooled_year": null,
 "deadpooled_month": null,
 "deadpooled_day": null,
 "deadpooled_url": null,
 "tag_list": "",
 "alias_list": "",
 "email_address": "sales@acclipse.com",
 "phone_number": "0800-94-65-35",
 "description": "",
 "created_at": "Thu Jul 12 11:50:33 UTC 2012",
 "updated_at": "Thu Jul 12 11:58:23 UTC 2012",
 "overview": "\u003Cp\u003EAcclipse was born out of the passion and commitment of its founding shareholders in 2004 to create new software solutions for accounting firms that truly delivered on their mission to \u0026#8220;empower accounting business success\u201d.\u003C/p\u003E",
 "image":
  {"available_sizes":
    [[[150,
       40],
      "http://api-images.crunchbase.com/assets/images/resized/0020/0462/200462v1-max-150x150.jpg"],
     [[221,
       60],
      "http://api-images.crunchbase.com/assets/images/resized/0020/0462/200462v1-max-250x250.jpg"],
     [[221,
       60],
      "http://api-images.crunchbase.com/assets/images/resized/0020/0462/200462v1-max-450x450.jpg"]],
   "attribution": null},
 "products":
  [],
 "relationships":
  [],
 "competitions":
  [],
 "providerships":
  [],
 "total_money_raised": "$0",
 "funding_rounds":
  [],
 "investments":
  [],
 "acquisition":
  {"price_amount": null,
   "price_currency_code": "USD",
   "term_code": null,
   "source_url": "http://www.prnewswire.com/news-releases/wolters-kluwer-tax--accounting-plans-to-expand-online-software-solutions-with-agreement-to-acquire-acclipse-162165035.html",
   "source_description": "Wolters Kluwer Tax \u0026 Accounting Plans to Expand Online Software Solutions with Agreement to Acquire Acclipse",
   "acquired_year": 2012,
   "acquired_month": 7,
   "acquired_day": 12,
   "acquiring_company":
    {"name": "Wolters Kluwer",
     "permalink": "wolters-kluwer"}},
 "acquisitions":
  [],
 "offices":
  [{"description": "",
    "address1": "237 Blenheim Road",
    "address2": "PO Box 2869",
    "zip_code": "",
    "city": "Christchurch",
    "state_code": null,
    "country_code": "NZL",
    "latitude": null,
    "longitude": null}],
 "milestones":
  [],
 "ipo": null,
 "video_embeds":
  [],
 "screenshots":
  [{"available_sizes":
     [[[150,
        127],
       "http://api-images.crunchbase.com/assets/images/resized/0020/0463/200463v1-max-150x150.jpg"],
      [[250,
        212],
       "http://api-images.crunchbase.com/assets/images/resized/0020/0463/200463v1-max-250x250.jpg"],
      [[450,
        381],
       "http://api-images.crunchbase.com/assets/images/resized/0020/0463/200463v1-max-450x450.jpg"]],
    "attribution": null}],
 "external_links":
  [],
 "partners":
  []}
