{"name": "Acclaro Inc.",
 "permalink": "acclaro-inc",
 "crunchbase_url": "http://www.crunchbase.com/company/acclaro-inc",
 "homepage_url": "http://www.acclaro.com",
 "blog_url": "",
 "blog_feed_url": "",
 "twitter_username": "acclaro_inc",
 "category_code": "other",
 "number_of_employees": 60,
 "founded_year": 2002,
 "founded_month": 1,
 "founded_day": 1,
 "deadpooled_year": null,
 "deadpooled_month": null,
 "deadpooled_day": null,
 "deadpooled_url": null,
 "tag_list": "localization-service, translation-services, website-translation-services",
 "alias_list": null,
 "email_address": "sales@acclaro.com",
 "phone_number": "1-866-468-5106",
 "description": "Translating Global Business",
 "created_at": "Wed Jun 06 11:41:43 UTC 2012",
 "updated_at": "Sat Jun 09 17:42:11 UTC 2012",
 "overview": "",
 "image": null,
 "products":
  [],
 "relationships":
  [],
 "competitions":
  [],
 "providerships":
  [],
 "total_money_raised": "$0",
 "funding_rounds":
  [],
 "investments":
  [],
 "acquisition": null,
 "acquisitions":
  [],
 "offices":
  [],
 "milestones":
  [],
 "ipo": null,
 "video_embeds":
  [],
 "screenshots":
  [],
 "external_links":
  [],
 "partners":
  []}
