{"name": "Acculynk",
 "permalink": "acculynk",
 "crunchbase_url": "http://www.crunchbase.com/company/acculynk",
 "homepage_url": "http://www.acculynk.com",
 "blog_url": "http://www.acculynk.com/2013/",
 "blog_feed_url": "",
 "twitter_username": "Acculynk",
 "category_code": "ecommerce",
 "number_of_employees": null,
 "founded_year": 2008,
 "founded_month": null,
 "founded_day": null,
 "deadpooled_year": null,
 "deadpooled_month": null,
 "deadpooled_day": null,
 "deadpooled_url": null,
 "tag_list": "internet-pin-debit, pin-debit, e-tailer, p2p",
 "alias_list": null,
 "email_address": "sales@acculynk.com",
 "phone_number": "678.894.7013",
 "description": "Payments Technology Provider",
 "created_at": "Wed Jul 18 19:25:29 UTC 2012",
 "updated_at": "Wed Aug 07 09:44:41 UTC 2013",
 "overview": "\u003Cp\u003EAcculynk is a leading technology provider with a suite of software-only services that secure online payments, such as PIN debit for e-commerce and mobile commerce and person to person (P2P) payments via debit cards.\u003C/p\u003E\n\n\u003Cp\u003EUntil PaySecure, the only way to use a debit card on the internet was as signature debit. Acculynk is the first company in the U.S. to offer a software-only service for internet PIN debit payments, PaySecure\u00ae. Acculynk\u2019s technology platform utilizes a graphical, scrambling PIN-pad for the secure entry of sensitive cardholder information.  Unlike other authentication methods that require hardware, redirection or enrollment, PaySecure is unique in that it provides a simple consumer checkout experience that mimics the consumer experience using PIN debit at the grocery store. Acculynk\u2019s PIN debit solution is enabled for mobile and touch screen (iOS, Android, Blackberry).  Acculynk has leveraged its patents, technology and partnership advantages to deliver a debit-driven P2P solution that solves two key issues that have hampered adoption in the P2P space:  real time transfer of funds and enrollment. Acculynk currently has a 100MM cardholder base within the internet PIN debit network, 7000 debit card issuers and 3000+ online merchants.\u003C/p\u003E\n\n\u003Cp\u003EWhile PIN debit is used extensively at the retail POS, before PaySecure consumers have never been given the opportunity to use PIN debit online.  Since the introduction of PaySecure consumers have shown a clear preference for PIN debit online \u0026#8211;  when the PaySecure PIN pad is displayed consumers choose to enter their PIN up to 70% of the time.  PIN debit drives merchant acceptance cost down due to lower fraud and chargebacks.  Post-Durbin, Issuers are abandoning signature debit for PIN debit based the higher profitability of PIN. The problem of securely and simply authenticating consumers is becoming more widespread as EMV, mobile and P2P become available to consumers.  Acculynk\u2019s patented authentication has a play in these markets as well.\u003C/p\u003E\n\n\u003Cp\u003EBacked by a powerful encryption and authentication technology platform protected by a family of issued and pending patents, Acculynk\u2019s services provide greater security, reliability and return on investment for merchants, issuers and EFT networks. \u003C/p\u003E",
 "image":
  {"available_sizes":
    [[[150,
       31],
      "http://api-images.crunchbase.com/assets/images/resized/0020/1760/201760v2-max-150x150.png"],
     [[250,
       52],
      "http://api-images.crunchbase.com/assets/images/resized/0020/1760/201760v2-max-250x250.png"],
     [[450,
       93],
      "http://api-images.crunchbase.com/assets/images/resized/0020/1760/201760v2-max-450x450.png"]],
   "attribution": null},
 "products":
  [],
 "relationships":
  [{"is_past": false,
    "title": "Investor",
    "person":
     {"first_name": "Ann",
      "last_name": "Lamont",
      "permalink": "ann-lamont"}}],
 "competitions":
  [],
 "providerships":
  [],
 "total_money_raised": "$0",
 "funding_rounds":
  [],
 "investments":
  [],
 "acquisition": null,
 "acquisitions":
  [],
 "offices":
  [{"description": "Acculynk",
    "address1": "3225 Cumberland Blvd",
    "address2": "Suite 550",
    "zip_code": "30339",
    "city": "Atlanta",
    "state_code": "GA",
    "country_code": "USA",
    "latitude": 33.87815,
    "longitude": -84.4610359}],
 "milestones":
  [{"id": 32175,
    "description": "Announced agreement with China UnionPay to enable UnionPay's 3B cardholders at US merchants",
    "stoned_year": 2013,
    "stoned_month": 3,
    "stoned_day": 28,
    "source_url": "http://bit.ly/XWaKwc",
    "source_text": null,
    "source_description": "Acculynk Merchants Get Access to UnionPay Cards",
    "stoneable_type": "Company",
    "stoned_value": null,
    "stoned_value_type": null,
    "stoned_acquirer": null,
    "stoneable":
     {"name": "Acculynk",
      "permalink": "acculynk"}},
   {"id": 32176,
    "description": "PULSE Enables Acculynk\u2019s Payzur Personal Payment Solution",
    "stoned_year": 2013,
    "stoned_month": 2,
    "stoned_day": 19,
    "source_url": "http://www.digitaltransactions.net/news/story/3895",
    "source_text": null,
    "source_description": "Pulse\u2019s Tie to Acculynk Furthers Trend Toward EFT-Based P2P Services",
    "stoneable_type": "Company",
    "stoned_value": null,
    "stoned_value_type": null,
    "stoned_acquirer": null,
    "stoneable":
     {"name": "Acculynk",
      "permalink": "acculynk"}},
   {"id": 32177,
    "description": "Mark Herrington, First Data EVP of Global Product Management and Innovation, joins Acculynk board.",
    "stoned_year": 2012,
    "stoned_month": 10,
    "stoned_day": 16,
    "source_url": "http://www.paymentssource.com/news/first-data-exec-joins-acculynk-board-3012141-1.html",
    "source_text": null,
    "source_description": "First Data Exec Joins Acculynk Board",
    "stoneable_type": "Company",
    "stoned_value": null,
    "stoned_value_type": null,
    "stoned_acquirer": null,
    "stoneable":
     {"name": "Acculynk",
      "permalink": "acculynk"}},
   {"id": 32178,
    "description": "Acculynk Announces Acquisition of PayLeap Gateway and Merchant Services",
    "stoned_year": 2012,
    "stoned_month": 9,
    "stoned_day": 4,
    "source_url": "http://www.paymentssource.com/news/acculynk-buys-payleap-to-get-small-web-merchants-using-pin-payments-3011790-1.html",
    "source_text": null,
    "source_description": "Acculynk Buys PayLeap to Get Small Web Merchants Using PIN Payments",
    "stoneable_type": "Company",
    "stoned_value": null,
    "stoned_value_type": null,
    "stoned_acquirer": null,
    "stoneable":
     {"name": "Acculynk",
      "permalink": "acculynk"}},
   {"id": 32179,
    "description": "Acculynk Launches Developer Suite for PayLeap, New Pricing for PIN Debit ",
    "stoned_year": 2013,
    "stoned_month": 2,
    "stoned_day": 4,
    "source_url": "http://cardnotpresent.com/news/cnp-news-feb13/Acculynk_Launches_Developer_Suite_for_PayLeap,_New_Pricing_for_PIN_Debit_-_Feb__4,_2013/",
    "source_text": null,
    "source_description": "Acculynk Launches Developer Suite for PayLeap, New Pricing for PIN Debit ",
    "stoneable_type": "Company",
    "stoned_value": null,
    "stoned_value_type": null,
    "stoned_acquirer": null,
    "stoneable":
     {"name": "Acculynk",
      "permalink": "acculynk"}},
   {"id": 34643,
    "description": "Cox Business has expanded its portfolio of business solutions with the addition of PayLeap, cloud based merchant and card processing services via a strategic partnership with Acculynk. The first MSO to offer a managed payment solution, Cox Business is rol",
    "stoned_year": 2013,
    "stoned_month": 6,
    "stoned_day": 4,
    "source_url": "http://cox.mediaroom.com/index.php?s=43\u0026item=676",
    "source_text": null,
    "source_description": "Cox Launches SMB Payment Service via Acculynk Partnership",
    "stoneable_type": "Company",
    "stoned_value": null,
    "stoned_value_type": null,
    "stoned_acquirer": null,
    "stoneable":
     {"name": "Acculynk",
      "permalink": "acculynk"}}],
 "ipo": null,
 "video_embeds":
  [{"embed_code": "\u003Ciframe width=\"450\" src=\"http://www.youtube.com/embed/uXiPgZlcmEQ\" frameborder=\"0\" allowfullscreen\u003E\u003C/iframe\u003E",
    "description": "\u003Cp\u003EPaySecure PIN pad demo\u003C/p\u003E"},
   {"embed_code": "\u003Cscript type=\"text/javascript\" src=\"http://finovate.com/player/?width=576\u0026height=324\u0026video=%2Fstartup09vid%2Fvideos%2Fquicktime%2FAcculynk.mov\"\u003E\u003C/script\u003E\u003Cnoscript\u003EThe video cannot be loaded as your browser does not support JavaScript.\u003C/noscript\u003E ",
    "description": "\u003Cp\u003EAcculynk demoing at \u003Ca href=\"http://www.finovate.com/startup09vid/acculynk.html\" title=\"FinovateStartup 2009\" rel=\"nofollow\"\u003EFinovateStartup 2009\u003C/a\u003E\u003C/p\u003E"}],
 "screenshots":
  [],
 "external_links":
  [],
 "partners":
  []}
