{"name": "Acopoco",
 "permalink": "acopoco",
 "crunchbase_url": "http://www.crunchbase.com/company/acopoco",
 "homepage_url": "http://www.acopoco.com",
 "blog_url": "",
 "blog_feed_url": "",
 "twitter_username": "acopocodeals",
 "category_code": "web",
 "number_of_employees": 10,
 "founded_year": 2011,
 "founded_month": 5,
 "founded_day": null,
 "deadpooled_year": null,
 "deadpooled_month": null,
 "deadpooled_day": null,
 "deadpooled_url": null,
 "tag_list": "deals, e-commerce, products, best-prices-on-designer-goods",
 "alias_list": null,
 "email_address": "info@acopoco.com",
 "phone_number": "8552267626",
 "description": "Buy together save together! ",
 "created_at": "Fri Apr 06 20:56:44 UTC 2012",
 "updated_at": "Sun Sep 16 08:06:12 UTC 2012",
 "overview": "\u003Cp\u003EBuy together and save together! We offer amazing deals on all of your favorite products. From designer goods to commodity products, you can find it all on Acopoco.com! \u003C/p\u003E\n\n\u003Cp\u003EWhat makes Acopoco unique is our ability to offer lower and lower prices as more and more people buy a deal! So the more people buy the lower the price will go! \u003C/p\u003E",
 "image":
  {"available_sizes":
    [[[150,
       35],
      "http://api-images.crunchbase.com/assets/images/resized/0018/3039/183039v2-max-150x150.jpg"],
     [[250,
       58],
      "http://api-images.crunchbase.com/assets/images/resized/0018/3039/183039v2-max-250x250.jpg"],
     [[300,
       70],
      "http://api-images.crunchbase.com/assets/images/resized/0018/3039/183039v2-max-450x450.jpg"]],
   "attribution": null},
 "products":
  [],
 "relationships":
  [{"is_past": false,
    "title": "CEO",
    "person":
     {"first_name": "Steven",
      "last_name": "Stacy",
      "permalink": "steven-stacy"}},
   {"is_past": false,
    "title": "Investor",
    "person":
     {"first_name": "Oliver",
      "last_name": "Kaszas",
      "permalink": "oliver-kaszas"}},
   {"is_past": false,
    "title": "Investor",
    "person":
     {"first_name": "Carsten",
      "last_name": "Mikkelsen",
      "permalink": "carsten-mikkelsen"}},
   {"is_past": true,
    "title": "",
    "person":
     {"first_name": "Daniel",
      "last_name": "Figueredo",
      "permalink": "daniel-figueredo"}}],
 "competitions":
  [],
 "providerships":
  [],
 "total_money_raised": "$0",
 "funding_rounds":
  [],
 "investments":
  [],
 "acquisition": null,
 "acquisitions":
  [],
 "offices":
  [{"description": "HQ",
    "address1": "1680 Michigan Ave",
    "address2": "Suite 730",
    "zip_code": "33139",
    "city": "Miami Beach",
    "state_code": "FL",
    "country_code": "USA",
    "latitude": null,
    "longitude": null}],
 "milestones":
  [],
 "ipo": null,
 "video_embeds":
  [],
 "screenshots":
  [],
 "external_links":
  [{"external_url": "http://www.acopoco.com",
    "title": "Homepage"},
   {"external_url": "http://www.facebook.com/acopoco",
    "title": "Social "}],
 "partners":
  []}
