{"name": "ACT Media",
 "permalink": "act-media",
 "crunchbase_url": "http://www.crunchbase.com/company/act-media",
 "homepage_url": "http://www.actmedia.net",
 "blog_url": "http://www.actmedia.net/blog/",
 "blog_feed_url": "http://www.actmedia.net/images/rss.jpg",
 "twitter_username": "ACT_Media",
 "category_code": "other",
 "number_of_employees": 200,
 "founded_year": 2001,
 "founded_month": 12,
 "founded_day": 1,
 "deadpooled_year": null,
 "deadpooled_month": null,
 "deadpooled_day": null,
 "deadpooled_url": null,
 "tag_list": "web-design-and-web-development, multimedia, ecommerce, internet-marketing",
 "alias_list": null,
 "email_address": "sreenath@amulya.biz",
 "phone_number": "",
 "description": "Professional Outsource web design ",
 "created_at": "Tue Jul 17 05:21:50 UTC 2012",
 "updated_at": "Tue Jul 17 23:48:05 UTC 2012",
 "overview": "\u003Cp\u003EACTMedia, division of Amulya Infotech, is a professional Outsource Image Processing, Web design, Web Development \u0026amp; E-Marketing (SEO) team in India, providing a full range of web services to the SMEs \u0026amp; enterprises. ACTMedia adheres to ISO 9001:2008 International Quality standards and we have extensive documentation of all our work, maintain an internal knowledge base and work on continual improvement leading to Customer Satisfaction. ACTMedia has recently worked with a leading Media company in US on an Image Processing \u0026amp; Internet Research project and has successfully delivered about 50,000 Images within 2 months. ACTMedia has experience in creating Still Panoramic Images and also making QTVR movies.\nGraphic Design division specializes in Corporate Identity Design (including Company Logo Design, Brochure \u0026amp; Banner Design and Business cards). ACTMedia has created corporate CD multimedia presentations, Flash Introductions for corporate presentations \u0026amp; Web Templates. ACT Media gives any business website, a unique presence while keeping it simple and cost effective. \u003C/p\u003E",
 "image":
  {"available_sizes":
    [[[150,
       31],
      "http://api-images.crunchbase.com/assets/images/resized/0020/1360/201360v2-max-150x150.jpg"],
     [[250,
       51],
      "http://api-images.crunchbase.com/assets/images/resized/0020/1360/201360v2-max-250x250.jpg"],
     [[303,
       63],
      "http://api-images.crunchbase.com/assets/images/resized/0020/1360/201360v2-max-450x450.jpg"]],
   "attribution": null},
 "products":
  [],
 "relationships":
  [],
 "competitions":
  [],
 "providerships":
  [],
 "total_money_raised": "$0",
 "funding_rounds":
  [],
 "investments":
  [],
 "acquisition": null,
 "acquisitions":
  [],
 "offices":
  [],
 "milestones":
  [],
 "ipo": null,
 "video_embeds":
  [],
 "screenshots":
  [],
 "external_links":
  [],
 "partners":
  []}
