{"name": "Action Tyres and More",
 "permalink": "action-tyres-and-more",
 "crunchbase_url": "http://www.crunchbase.com/company/action-tyres-and-more",
 "homepage_url": "http://www.actiontyres.com.au",
 "blog_url": "http://www.actiontyres.com.au/_blog/Action_Tyres",
 "blog_feed_url": "",
 "twitter_username": null,
 "category_code": "ecommerce",
 "number_of_employees": null,
 "founded_year": null,
 "founded_month": null,
 "founded_day": null,
 "deadpooled_year": null,
 "deadpooled_month": null,
 "deadpooled_day": null,
 "deadpooled_url": null,
 "tag_list": "online-retail-automotive, automotive, car-wheels, car-tyres",
 "alias_list": null,
 "email_address": "info@actiontyres.com.au",
 "phone_number": "07 5532 4599",
 "description": "Tyre and Wheels Retailer",
 "created_at": "Tue May 08 00:02:15 UTC 2012",
 "updated_at": "Fri May 11 02:52:31 UTC 2012",
 "overview": "\u003Cp\u003EAction Tyres and More was launched in 2002 as an independent, family-owned tyres and wheels business.\u003C/p\u003E\n\n\u003Cp\u003EThe wide assortment of wheels and tyres can viewed online, which includes products from brands such as Pirelli, Michelin and Yokohama. Furthermore, Action Tyres and More offer car servicing on the Gold Coast. These services include wheels allignment, balancing and battery replacement. As well as their latest addition of race car preparation.\u003C/p\u003E\n\n\u003Cp\u003EAction Tyres and More have been in the news as one of their staff members (Matthew Kingsley) is an up and coming star in the motor racing industry.\u003C/p\u003E",
 "image":
  {"available_sizes":
    [[[150,
       18],
      "http://api-images.crunchbase.com/assets/images/resized/0018/8295/188295v5-max-150x150.png"],
     [[250,
       31],
      "http://api-images.crunchbase.com/assets/images/resized/0018/8295/188295v5-max-250x250.png"],
     [[450,
       56],
      "http://api-images.crunchbase.com/assets/images/resized/0018/8295/188295v5-max-450x450.png"]],
   "attribution": null},
 "products":
  [],
 "relationships":
  [],
 "competitions":
  [],
 "providerships":
  [],
 "total_money_raised": "$0",
 "funding_rounds":
  [],
 "investments":
  [],
 "acquisition": null,
 "acquisitions":
  [],
 "offices":
  [{"description": "Southport Office",
    "address1": "12 Price Street",
    "address2": "",
    "zip_code": "4215",
    "city": "Southport",
    "state_code": null,
    "country_code": "AUS",
    "latitude": null,
    "longitude": null}],
 "milestones":
  [],
 "ipo": null,
 "video_embeds":
  [],
 "screenshots":
  [],
 "external_links":
  [],
 "partners":
  []}
