{"name": "Actuality",
 "permalink": "actuality",
 "crunchbase_url": "http://www.crunchbase.com/company/actuality",
 "homepage_url": "http://actualityindia.com",
 "blog_url": "http://actualityindia.com/blog",
 "blog_feed_url": "http://actualityindia.com/blog/rss",
 "twitter_username": "Actualityindia",
 "category_code": "software",
 "number_of_employees": 3,
 "founded_year": null,
 "founded_month": null,
 "founded_day": null,
 "deadpooled_year": null,
 "deadpooled_month": null,
 "deadpooled_day": null,
 "deadpooled_url": null,
 "tag_list": "design, technology, media, lab, software, web, internet, consulting, marketing",
 "alias_list": null,
 "email_address": "actualityindia@gmail.com",
 "phone_number": "9443298939",
 "description": "Design, Technology \u0026 Media Lab",
 "created_at": "Sun Jul 22 16:01:38 UTC 2012",
 "updated_at": "Wed Jul 25 06:14:37 UTC 2012",
 "overview": "\u003Cp\u003EActuality is a design, technology and media lab that builds simple, memorable and thoughtful things for the world. \u003C/p\u003E\n\n\u003Cp\u003EFounded in 2010, Actuality\u0026#8217;s mission is to enrich people\u0026#8217;s lives with products, services, and ideas that inform, educate and entertain. All of Actuality\u0026#8217;s offerings focuses on interaction design, information architecture, and usability. \u003C/p\u003E",
 "image":
  {"available_sizes":
    [[[150,
       98],
      "http://api-images.crunchbase.com/assets/images/resized/0020/2225/202225v2-max-150x150.jpg"],
     [[250,
       164],
      "http://api-images.crunchbase.com/assets/images/resized/0020/2225/202225v2-max-250x250.jpg"],
     [[450,
       296],
      "http://api-images.crunchbase.com/assets/images/resized/0020/2225/202225v2-max-450x450.jpg"]],
   "attribution": null},
 "products":
  [],
 "relationships":
  [],
 "competitions":
  [],
 "providerships":
  [],
 "total_money_raised": "$0",
 "funding_rounds":
  [],
 "investments":
  [],
 "acquisition": null,
 "acquisitions":
  [],
 "offices":
  [],
 "milestones":
  [],
 "ipo": null,
 "video_embeds":
  [],
 "screenshots":
  [],
 "external_links":
  [],
 "partners":
  []}
