{"name": "Actwitty",
 "permalink": "actwitty",
 "crunchbase_url": "http://www.crunchbase.com/company/actwitty",
 "homepage_url": "http://www.actwitty.com",
 "blog_url": "http://actwittyblog.tumblr.com/",
 "blog_feed_url": "",
 "twitter_username": "act_witty",
 "category_code": "web",
 "number_of_employees": 2,
 "founded_year": 2012,
 "founded_month": 6,
 "founded_day": 10,
 "deadpooled_year": null,
 "deadpooled_month": null,
 "deadpooled_day": null,
 "deadpooled_url": null,
 "tag_list": "social-media, aggregation, semantic-processing, social-bio, online-profiles",
 "alias_list": null,
 "email_address": "contact@actwitty.com",
 "phone_number": "+919845450721",
 "description": "The Complete Online You",
 "created_at": "Tue Apr 03 16:39:31 UTC 2012",
 "updated_at": "Wed Jul 25 08:30:03 UTC 2012",
 "overview": "\u003Cp\u003EActwitty aggregates users social data from services like Facebook, Twitter etc. and categorizes the data into topics like technology, sports, entertainment etc. through semantic processing.\u003C/p\u003E\n\n\u003Cp\u003EActwitty creates an holistic impression of individuals which shows the topical split of his internet time on social networks, a trend across time of topics, key terms user shares on various topics, popularity in various services and many other social dashboard like features.\u003C/p\u003E",
 "image":
  {"available_sizes":
    [[[150,
       150],
      "http://api-images.crunchbase.com/assets/images/resized/0018/2437/182437v2-max-150x150.png"],
     [[250,
       250],
      "http://api-images.crunchbase.com/assets/images/resized/0018/2437/182437v2-max-250x250.png"],
     [[450,
       450],
      "http://api-images.crunchbase.com/assets/images/resized/0018/2437/182437v2-max-450x450.png"]],
   "attribution": null},
 "products":
  [],
 "relationships":
  [],
 "competitions":
  [],
 "providerships":
  [],
 "total_money_raised": "$0",
 "funding_rounds":
  [],
 "investments":
  [],
 "acquisition": null,
 "acquisitions":
  [],
 "offices":
  [{"description": "#17, NSRCEL",
    "address1": "IIM Bangalore",
    "address2": "",
    "zip_code": "",
    "city": "Bangalore",
    "state_code": null,
    "country_code": "IND",
    "latitude": null,
    "longitude": null}],
 "milestones":
  [],
 "ipo": null,
 "video_embeds":
  [],
 "screenshots":
  [{"available_sizes":
     [[[150,
        73],
       "http://api-images.crunchbase.com/assets/images/resized/0018/3047/183047v2-max-150x150.png"],
      [[250,
        122],
       "http://api-images.crunchbase.com/assets/images/resized/0018/3047/183047v2-max-250x250.png"],
      [[450,
        220],
       "http://api-images.crunchbase.com/assets/images/resized/0018/3047/183047v2-max-450x450.png"]],
    "attribution": null},
   {"available_sizes":
     [[[150,
        82],
       "http://api-images.crunchbase.com/assets/images/resized/0018/3048/183048v2-max-150x150.png"],
      [[250,
        136],
       "http://api-images.crunchbase.com/assets/images/resized/0018/3048/183048v2-max-250x250.png"],
      [[450,
        246],
       "http://api-images.crunchbase.com/assets/images/resized/0018/3048/183048v2-max-450x450.png"]],
    "attribution": null},
   {"available_sizes":
     [[[150,
        78],
       "http://api-images.crunchbase.com/assets/images/resized/0018/3049/183049v2-max-150x150.png"],
      [[250,
        131],
       "http://api-images.crunchbase.com/assets/images/resized/0018/3049/183049v2-max-250x250.png"],
      [[450,
        236],
       "http://api-images.crunchbase.com/assets/images/resized/0018/3049/183049v2-max-450x450.png"]],
    "attribution": null}],
 "external_links":
  [{"external_url": "http://www.pluggd.in/categorize-twitter-facebook-into-topics-using-actwitty-297/",
    "title": "Bangalore based Actwitty makes topical sense of your Twitter, Facebook and social media activities"},
   {"external_url": "http://feedmyapp.com/review/psychiatry-your-social-media/",
    "title": "Actwitty: Psychiatry for your social media"},
   {"external_url": "http://feedmyapp.com/review/psychiatry-your-social-media/",
    "title": "Actwitty: Psychiatry for your social media"}],
 "partners":
  []}
