{"name": "Acusphere",
 "permalink": "acusphere",
 "crunchbase_url": "http://www.crunchbase.com/company/acusphere",
 "homepage_url": "http://www.acusphere.com",
 "blog_url": "",
 "blog_feed_url": "http://www.acusphere.com/news/home.html",
 "twitter_username": null,
 "category_code": "biotech",
 "number_of_employees": null,
 "founded_year": 1993,
 "founded_month": null,
 "founded_day": null,
 "deadpooled_year": null,
 "deadpooled_month": null,
 "deadpooled_day": null,
 "deadpooled_url": null,
 "tag_list": "",
 "alias_list": "",
 "email_address": "ir@acusphere.com",
 "phone_number": "617-648-8800",
 "description": "Specialty Pharmaceutical Company",
 "created_at": "Fri Feb 24 03:55:50 UTC 2012",
 "updated_at": "Sat Dec 21 10:39:35 UTC 2013",
 "overview": "\u003Cp\u003EAcusphere is a specialty pharmaceutical company, primarily focused on the development of Imagify\u2122 (perflubutane polymer microspheres) injectible suspension, a cardiovascular drug for the detection of coronary artery disease. Acusphere is in the process of seeking regulatory approval of Imagify in Europe, and negotiating a Special Protocol Assessment with FDA for an additional trial required for U.S. approval. Imagify was created using Acusphere\u2019s proprietary porous microparticle technology, which was also used to create three other drugs which have begun clinical development \u2013 AI-525 for acute pain, AI-850 for oncology and AI-128 for asthma. AI-525 and AI-850 were sold to Cephalon in transactions totaling $31 million. AI-128 was developed in collaboration with Elan, who contributed $7.5 million to the program. Acusphere\u2019s technology has the potential to create a wide variety of new drugs by reformulating hydrophobic drugs and creating sustained release formulations of existing drugs.\u003C/p\u003E",
 "image":
  {"available_sizes":
    [[[150,
       32],
      "http://api-images.crunchbase.com/assets/images/resized/0017/5677/175677v1-max-150x150.jpg"],
     [[250,
       54],
      "http://api-images.crunchbase.com/assets/images/resized/0017/5677/175677v1-max-250x250.jpg"],
     [[267,
       58],
      "http://api-images.crunchbase.com/assets/images/resized/0017/5677/175677v1-max-450x450.jpg"]],
   "attribution": null},
 "products":
  [],
 "relationships":
  [{"is_past": false,
    "title": "President \u0026 CEO",
    "person":
     {"first_name": "Mark",
      "last_name": "Leuchtenberger",
      "permalink": "mark-leuchtenberger"}},
   {"is_past": false,
    "title": "Founder",
    "person":
     {"first_name": "Robert",
      "last_name": "S. Langer",
      "permalink": "robert-s-langer"}},
   {"is_past": false,
    "title": "President, C.E.O., and Founder",
    "person":
     {"first_name": "Sherri",
      "last_name": "C. Oberg",
      "permalink": "sherri-c-oberg"}},
   {"is_past": false,
    "title": "Chief Development Officer",
    "person":
     {"first_name": "William",
      "last_name": "Ramage",
      "permalink": "william-ramage"}},
   {"is_past": false,
    "title": "Chairman",
    "person":
     {"first_name": "Martyn",
      "last_name": "Greenacre",
      "permalink": "martyn-greenacre"}},
   {"is_past": false,
    "title": "Board of Directors",
    "person":
     {"first_name": "Sandra",
      "last_name": "Fenwick",
      "permalink": "sandra-fenwick"}},
   {"is_past": false,
    "title": "Board of Directors",
    "person":
     {"first_name": "Ann",
      "last_name": "F. Hanham",
      "permalink": "ann-f-hanham"}},
   {"is_past": false,
    "title": "Strategic Advisor",
    "person":
     {"first_name": "Daniel",
      "last_name": "Geffken",
      "permalink": "daniel-geffken"}},
   {"is_past": false,
    "title": "Board of Directors",
    "person":
     {"first_name": "Bryant",
      "last_name": "E. Fong",
      "permalink": "bryant-e-fong"}},
   {"is_past": true,
    "title": "Sr. Director, Regulatory Affairs \u0026 Product Development",
    "person":
     {"first_name": "Robert",
      "last_name": "Zelle",
      "permalink": "robert-zelle"}},
   {"is_past": true,
    "title": "Board of Directors",
    "person":
     {"first_name": "Garen",
      "last_name": "Bohlin",
      "permalink": "garen-bohlin"}}],
 "competitions":
  [],
 "providerships":
  [],
 "total_money_raised": "$10M",
 "funding_rounds":
  [{"id": 28382,
    "round_code": "debt_round",
    "source_url": "http://www.masshightech.com/stories/2012/02/20/daily25-Acusphere-adds-25M-to-coffers-from-debt-round.html",
    "source_description": "Acusphere adds $2.5M to coffers from debt round",
    "raised_amount": 2500000.0,
    "raised_currency_code": "USD",
    "funded_year": 2012,
    "funded_month": 2,
    "funded_day": 23,
    "investments":
     []},
   {"id": 53363,
    "round_code": "partial",
    "source_url": "http://www.sec.gov/Archives/edgar/data/1115143/000111514311000002/xslFormDX01/primary_doc.xml",
    "source_description": "SEC",
    "raised_amount": 7500000.0,
    "raised_currency_code": "USD",
    "funded_year": 2011,
    "funded_month": 7,
    "funded_day": 7,
    "investments":
     []}],
 "investments":
  [],
 "acquisition": null,
 "acquisitions":
  [],
 "offices":
  [{"description": "",
    "address1": "99 Hayden Avenue, Suite 385",
    "address2": "",
    "zip_code": "02421",
    "city": "Lexington",
    "state_code": "MA",
    "country_code": "USA",
    "latitude": null,
    "longitude": null}],
 "milestones":
  [],
 "ipo": null,
 "video_embeds":
  [],
 "screenshots":
  [{"available_sizes":
     [[[142,
        150],
       "http://api-images.crunchbase.com/assets/images/resized/0017/5678/175678v1-max-150x150.jpg"],
      [[238,
        250],
       "http://api-images.crunchbase.com/assets/images/resized/0017/5678/175678v1-max-250x250.jpg"],
      [[428,
        450],
       "http://api-images.crunchbase.com/assets/images/resized/0017/5678/175678v1-max-450x450.jpg"]],
    "attribution": null}],
 "external_links":
  [],
 "partners":
  []}
