{"name": "ACW",
 "permalink": "acw",
 "crunchbase_url": "http://www.crunchbase.com/company/acw",
 "homepage_url": "http://www.acw.uk.com",
 "blog_url": "",
 "blog_feed_url": "",
 "twitter_username": "ACWtweet",
 "category_code": "public_relations",
 "number_of_employees": 12,
 "founded_year": 2004,
 "founded_month": 1,
 "founded_day": 2,
 "deadpooled_year": null,
 "deadpooled_month": null,
 "deadpooled_day": null,
 "deadpooled_url": null,
 "tag_list": "design, integrated, full-service, graphics, print, media, apps, pos, agency, publications, web-design, websites, online, offline",
 "alias_list": null,
 "email_address": "martin@acw.uk.com",
 "phone_number": "+44 (0)208 392 4330",
 "description": "Full Service Design Agency",
 "created_at": "Wed Jun 27 11:51:34 UTC 2012",
 "updated_at": "Wed Jun 27 16:34:30 UTC 2012",
 "overview": "\u003Cp\u003EACW are a full-service design agency with over 20 years experience producing bespoke and innovative campaigns for clients across a broad range of sectors.\u003C/p\u003E\n\n\u003Cp\u003EOur diverse range of clients includes; UNHCR, Save the Children, CARE International, Bobbi Brown, L\u0026#8217;Oreal, Elemis, NHS Barnet and TRAD Construction to name a few, where we have worked on a series of projects large and small offering research, strategy, online and offline marketing solutions. Our expertise covers the following areas:\u003C/p\u003E\n\n\u003Cul\u003E\n\u003Cli\u003EStrategy and Consulting\u003C/li\u003E\n\u003Cli\u003EGraphic Design\u003C/li\u003E\n\u003Cli\u003EDigital Communications\u003C/li\u003E\n\u003Cli\u003ESocial Marketing\u003C/li\u003E\n\u003Cli\u003EBrand Communications\u003C/li\u003E\n\u003Cli\u003EOnline/Offline Strategy\u003C/li\u003E\n\u003Cli\u003EContent Management\u003C/li\u003E\n\u003Cli\u003EPrint\u003C/li\u003E\n\u003Cli\u003EAdvertising\u003C/li\u003E\n\u003Cli\u003EApp Development\u003C/li\u003E\n\u003C/ul\u003E\n\n\u003Cp\u003EDespite the economic downturn, we have doubled our turnover in the last four years and continue to grow our areas of expertise. One of the reasons for our success include our track record for delivering considerable return on investment for our clients, recent examples include a 1000% ROI on a direct mail campaign for Bobbi Brown and a 17% increase in Chlamydia testing rates in Barnet, following a sexual health campaign we conducted for BU21 aimed at young adults aged 18-24. \u003C/p\u003E\n\n\u003Cp\u003EWe are an approved supplier to a number of organisations including; the United Nations, the LVMH Group, the World Health Organisation, the NHS and Est\u00e9e Lauder. Our qualifications include; Recommended Agency Register status, N3 compliance and ISO 9001. If you would like to find out more or view further examples, please visit our website at www.acw.uk.com.\u003C/p\u003E",
 "image":
  {"available_sizes":
    [[[115,
       150],
      "http://api-images.crunchbase.com/assets/images/resized/0019/7642/197642v2-max-150x150.jpg"],
     [[180,
       234],
      "http://api-images.crunchbase.com/assets/images/resized/0019/7642/197642v2-max-250x250.jpg"],
     [[180,
       234],
      "http://api-images.crunchbase.com/assets/images/resized/0019/7642/197642v2-max-450x450.jpg"]],
   "attribution": null},
 "products":
  [],
 "relationships":
  [{"is_past": false,
    "title": "Head of Marketing and Business Development",
    "person":
     {"first_name": "Martin",
      "last_name": "Lloyd",
      "permalink": "martin-lloyd"}},
   {"is_past": false,
    "title": "Financial Director",
    "person":
     {"first_name": "Russell",
      "last_name": "Holley",
      "permalink": "russell-holley"}},
   {"is_past": false,
    "title": "Creative Director",
    "person":
     {"first_name": "Mark",
      "last_name": "Evans",
      "permalink": "mark-evans"}}],
 "competitions":
  [],
 "providerships":
  [],
 "total_money_raised": "$0",
 "funding_rounds":
  [],
 "investments":
  [],
 "acquisition": null,
 "acquisitions":
  [],
 "offices":
  [{"description": "London Office",
    "address1": "20 Mortlake High Street",
    "address2": "",
    "zip_code": "SW14 8JN",
    "city": "London",
    "state_code": null,
    "country_code": "GBR",
    "latitude": null,
    "longitude": null}],
 "milestones":
  [],
 "ipo": null,
 "video_embeds":
  [],
 "screenshots":
  [],
 "external_links":
  [{"external_url": "http://www.thestar.com/news/world/article/1213617--new-un-app-lets-you-see-how-to-live-like-a-refugee",
    "title": "Press"}],
 "partners":
  []}
