{"name": "AdaCare",
 "permalink": "adacare",
 "crunchbase_url": "http://www.crunchbase.com/company/adacare",
 "homepage_url": "http://adacare.com",
 "blog_url": "",
 "blog_feed_url": "",
 "twitter_username": null,
 "category_code": "software",
 "number_of_employees": 50,
 "founded_year": 1999,
 "founded_month": null,
 "founded_day": null,
 "deadpooled_year": null,
 "deadpooled_month": null,
 "deadpooled_day": null,
 "deadpooled_url": null,
 "tag_list": "home-care-software, home-care-scheduling",
 "alias_list": null,
 "email_address": "info@adacare.com",
 "phone_number": "321-409-8084",
 "description": "Home Care Software",
 "created_at": "Fri Jul 27 15:37:19 UTC 2012",
 "updated_at": "Tue Jul 31 04:22:52 UTC 2012",
 "overview": "\u003Cp\u003EdaCare is our staff scheduling system for home care agencies. Our software does a lot more than just scheduling \u2013 AdaCare keeps track of your staff employment, licenses, work schedules, and CEU records. AdaCare manages your clients\u2019 contact information, itineraries, route maps, and birthdays, too. We have bookkeeping tools to track hours for billing and payroll, with easy-to-read charts to measure business performance. AdaCare is the smarter software for home care agencies.\u003C/p\u003E\n\n\u003Cp\u003ECost\u003C/p\u003E\n\n\u003Cp\u003EYou sign up for AdaCare as a simple monthly subscription, at $69 per month per office. We don\u2019t charge for unlimited clients, staff, or web site users, and there\u2019s no startup fee. AdaCare is a web application, so you only need a PC or Macintosh with an Internet connection. You can unsubscribe at any time, and any unused portion of your monthly payment will be refunded.\u003C/p\u003E\n\n\u003Cp\u003EUnlimited Support\u003C/p\u003E\n\n\u003Cp\u003EWe believe that great training makes great customers. We provide unlimited training and support as part of our regular service. For popular topics, AdaCare has on-line tutorials already built in. When you need personal assistance, support is available by email and telephone during regular business hours. We normally respond to email the same day.\u003C/p\u003E\n\n\u003Cp\u003ERead more about AdaCare\u2019s features and benefits at our web site, at http://AdaCare.com.\u003C/p\u003E",
 "image":
  {"available_sizes":
    [[[150,
       126],
      "http://api-images.crunchbase.com/assets/images/resized/0020/3212/203212v2-max-150x150.png"],
     [[202,
       170],
      "http://api-images.crunchbase.com/assets/images/resized/0020/3212/203212v2-max-250x250.png"],
     [[202,
       170],
      "http://api-images.crunchbase.com/assets/images/resized/0020/3212/203212v2-max-450x450.png"]],
   "attribution": null},
 "products":
  [],
 "relationships":
  [],
 "competitions":
  [],
 "providerships":
  [],
 "total_money_raised": "$0",
 "funding_rounds":
  [],
 "investments":
  [],
 "acquisition": null,
 "acquisitions":
  [],
 "offices":
  [],
 "milestones":
  [],
 "ipo": null,
 "video_embeds":
  [],
 "screenshots":
  [],
 "external_links":
  [],
 "partners":
  []}
