{"name": "Adaptiva",
 "permalink": "adaptiva",
 "crunchbase_url": "http://www.crunchbase.com/company/adaptiva",
 "homepage_url": "http://www.adaptiva.com",
 "blog_url": "http://www.adaptiva.com/blog",
 "blog_feed_url": "http://feeds.feedburner.com/Adaptiva",
 "twitter_username": "adaptiva",
 "category_code": "software",
 "number_of_employees": 25,
 "founded_year": 2004,
 "founded_month": null,
 "founded_day": null,
 "deadpooled_year": null,
 "deadpooled_month": null,
 "deadpooled_day": null,
 "deadpooled_url": null,
 "tag_list": "it-operations, onesite, configmgr, system-center, eliminate-servers",
 "alias_list": null,
 "email_address": "info@adaptiva.com",
 "phone_number": "425.823.4500",
 "description": "Streamlines IT \u0026 Improves ROI",
 "created_at": "Wed Jun 27 20:00:43 UTC 2012",
 "updated_at": "Mon Aug 19 23:31:12 UTC 2013",
 "overview": "\u003Cp\u003EFounded in 2004, Adaptiva is an award-winning leader in innovative systems management software solutions. \u003C/p\u003E\n\n\u003Cp\u003EA Microsoft Gold Partner, Adaptiva extends Microsoft System Center Configuration Manager by providing revolutionary hierarchy simplification, client health assurance and PC power management solutions. Adaptiva eliminates server infrastructure, streamlines system management and optimizes content distribution through a distributed network while significantly increasing the return on investment on existing systems. Adaptiva is a recipient of the Red Herring 2012 Top 100 Americas award and a finalist for Network Products Guide 2012 Hot Companies. Adaptiva is deployed on more than 1 million devices in over 14 countries, and is sold directly and through a network of partners and channel resellers.\u003C/p\u003E\n\n\u003Cp\u003ELearn more at www.adaptiva.com or email info@adaptiva.com or call 425.823.4500. Follow Adaptiva on Facebook and Twitter.\u003C/p\u003E",
 "image": null,
 "products":
  [],
 "relationships":
  [{"is_past": false,
    "title": "VP, Sales \u0026 Operations",
    "person":
     {"first_name": "Todd",
      "last_name": "Floyd",
      "permalink": "tod-floyd"}},
   {"is_past": false,
    "title": "",
    "person":
     {"first_name": "Deepak",
      "last_name": "Kumar",
      "permalink": "deepak-kumar"}},
   {"is_past": false,
    "title": "Director, Marketing",
    "person":
     {"first_name": "Ch\u00e9rie",
      "last_name": "Wentz Blehm",
      "permalink": "chrie-wentz-blehm"}},
   {"is_past": false,
    "title": "Director, Solutions Engineering",
    "person":
     {"first_name": "Jason",
      "last_name": "Sandys",
      "permalink": "jason-sandys"}}],
 "competitions":
  [],
 "providerships":
  [],
 "total_money_raised": "$0",
 "funding_rounds":
  [],
 "investments":
  [],
 "acquisition": null,
 "acquisitions":
  [],
 "offices":
  [{"description": "Headquarters",
    "address1": "3005 112th Ave NE",
    "address2": "Ste 250",
    "zip_code": "98004",
    "city": "Bellevue",
    "state_code": "WA",
    "country_code": "USA",
    "latitude": 47.638254,
    "longitude": -122.1953133},
   {"description": "Southwest",
    "address1": "",
    "address2": "",
    "zip_code": "78230",
    "city": "San Antonio",
    "state_code": "TX",
    "country_code": "USA",
    "latitude": null,
    "longitude": null}],
 "milestones":
  [],
 "ipo": null,
 "video_embeds":
  [{"embed_code": "\u003Ciframe width=\"430\" height=\"242\" src=\"http://www.youtube.com/embed/D_c7wwG87XM\" frameborder=\"0\" allowfullscreen\u003E\u003C/iframe\u003E",
    "description": "\u003Cp\u003EAdaptiva OneSite, A Brief Introduction\u003C/p\u003E"},
   {"embed_code": "\u003Ciframe width=\"430\" height=\"242\" src=\"http://www.youtube.com/embed/PTS_Q2_SF4A\" frameborder=\"0\" allowfullscreen\u003E\u003C/iframe\u003E",
    "description": "\u003Cp\u003EAdaptiva Client Health, A Brief Introduction\u003C/p\u003E"},
   {"embed_code": "\u003Ciframe width=\"430\" height=\"242\" src=\"http://www.youtube.com/embed/sCyVCRLJr6Y\" frameborder=\"0\" allowfullscreen\u003E\u003C/iframe\u003E",
    "description": "\u003Cp\u003EAdaptiva Overview\u003C/p\u003E"}],
 "screenshots":
  [],
 "external_links":
  [{"external_url": "http://www.adaptiva.com",
    "title": "Adaptiva Home Page"}],
 "partners":
  []}
