{"name": "Adaptis Solutions",
 "permalink": "adaptis-solutions",
 "crunchbase_url": "http://www.crunchbase.com/company/adaptis-solutions",
 "homepage_url": "http://www.adaptis-solutions.com",
 "blog_url": "",
 "blog_feed_url": "",
 "twitter_username": null,
 "category_code": "software",
 "number_of_employees": null,
 "founded_year": null,
 "founded_month": null,
 "founded_day": null,
 "deadpooled_year": null,
 "deadpooled_month": null,
 "deadpooled_day": null,
 "deadpooled_url": null,
 "tag_list": "",
 "alias_list": "",
 "email_address": "contact@adaptis-solutions.com",
 "phone_number": "+44 (0) 845 680 6705",
 "description": "",
 "created_at": "Tue Jun 26 03:46:14 UTC 2012",
 "updated_at": "Wed Apr 16 06:33:31 UTC 2014",
 "overview": "\u003Cp\u003EAdaptis Solutions Ltd, a Liverpool, UK-based transport and travel software business. Founded in 2005 by CEO Manni Marway, Adaptis provides its \u201cDash\u201d transaction processing platform, which allows cashless parking, passenger transport and taxi payment systems, as well as online virtual permits and licensing.\u003C/p\u003E",
 "image":
  {"available_sizes":
    [[[91,
       73],
      "http://api-images.crunchbase.com/assets/images/resized/0019/7311/197311v1-max-150x150.jpg"],
     [[91,
       73],
      "http://api-images.crunchbase.com/assets/images/resized/0019/7311/197311v1-max-250x250.jpg"],
     [[91,
       73],
      "http://api-images.crunchbase.com/assets/images/resized/0019/7311/197311v1-max-450x450.jpg"]],
   "attribution": null},
 "products":
  [],
 "relationships":
  [],
 "competitions":
  [],
 "providerships":
  [],
 "total_money_raised": "\u00a3500k",
 "funding_rounds":
  [{"id": 72442,
    "round_code": "unattributed",
    "source_url": "http://www.finsmes.com/2012/06/adaptis-solutions-receives-investment-north-west-fund-digital-creative.html",
    "source_description": "ADAPTIS SOLUTIONS RECEIVES INVESTMENT FROM THE NORTH WEST FUND FOR DIGITAL \u0026 CREATIVE",
    "raised_amount": 500000.0,
    "raised_currency_code": "GBP",
    "funded_year": 2012,
    "funded_month": 6,
    "funded_day": 25,
    "investments":
     [{"company": null,
       "financial_org":
        {"name": "AXM Venture Capital",
         "permalink": "axm-venture-capital"},
       "person": null}]}],
 "investments":
  [],
 "acquisition": null,
 "acquisitions":
  [],
 "offices":
  [{"description": "",
    "address1": "",
    "address2": "",
    "zip_code": "",
    "city": "Liverpool",
    "state_code": null,
    "country_code": "GBR",
    "latitude": null,
    "longitude": null}],
 "milestones":
  [{"id": 24362,
    "description": "Adaptis Solutions Receives Investment from the North West Fund for Digital \u0026 Creative",
    "stoned_year": 2012,
    "stoned_month": 6,
    "stoned_day": 25,
    "source_url": "http://www.finsmes.com/2012/06/adaptis-solutions-receives-investment-north-west-fund-digital-creative.html?utm_source=feedburner\u0026utm_medium=feed\u0026utm_campaign=Feed%3A+finsmes%2FcNHu+%28FinSMEs%29",
    "source_text": "",
    "source_description": "Adaptis Solutions Receives Investment from the North West Fund for Digital \u0026 Creative",
    "stoneable_type": "Company",
    "stoned_value": null,
    "stoned_value_type": null,
    "stoned_acquirer": null,
    "stoneable":
     {"name": "Adaptis Solutions",
      "permalink": "adaptis-solutions"}}],
 "ipo": null,
 "video_embeds":
  [],
 "screenshots":
  [],
 "external_links":
  [],
 "partners":
  []}
