{"name": "Adbeat",
 "permalink": "adbeat",
 "crunchbase_url": "http://www.crunchbase.com/company/adbeat",
 "homepage_url": "http://www.adbeat.com",
 "blog_url": "",
 "blog_feed_url": "",
 "twitter_username": "adbeat_com",
 "category_code": "advertising",
 "number_of_employees": 8,
 "founded_year": null,
 "founded_month": null,
 "founded_day": null,
 "deadpooled_year": null,
 "deadpooled_month": null,
 "deadpooled_day": null,
 "deadpooled_url": null,
 "tag_list": "advertising, analytics",
 "alias_list": null,
 "email_address": "support@adbeat.com",
 "phone_number": "",
 "description": "Advertising Competitive Intelligence",
 "created_at": "Mon Jul 16 01:30:00 UTC 2012",
 "updated_at": "Mon Jul 16 08:49:31 UTC 2012",
 "overview": "\u003Cp\u003EAdbeat provides competitive insight into display advertising campaigns. \u003C/p\u003E",
 "image":
  {"available_sizes":
    [[[150,
       35],
      "http://api-images.crunchbase.com/assets/images/resized/0020/1064/201064v2-max-150x150.png"],
     [[178,
       42],
      "http://api-images.crunchbase.com/assets/images/resized/0020/1064/201064v2-max-250x250.png"],
     [[178,
       42],
      "http://api-images.crunchbase.com/assets/images/resized/0020/1064/201064v2-max-450x450.png"]],
   "attribution": null},
 "products":
  [],
 "relationships":
  [{"is_past": false,
    "title": "Founder",
    "person":
     {"first_name": "Mike",
      "last_name": "Colella",
      "permalink": "mike-colella"}}],
 "competitions":
  [],
 "providerships":
  [],
 "total_money_raised": "$0",
 "funding_rounds":
  [],
 "investments":
  [],
 "acquisition": null,
 "acquisitions":
  [],
 "offices":
  [{"description": "",
    "address1": "",
    "address2": "",
    "zip_code": "",
    "city": "San Francisco",
    "state_code": "CA",
    "country_code": "USA",
    "latitude": null,
    "longitude": null}],
 "milestones":
  [],
 "ipo": null,
 "video_embeds":
  [],
 "screenshots":
  [],
 "external_links":
  [],
 "partners":
  []}
