{"name": "Addflip",
 "permalink": "addflip",
 "crunchbase_url": "http://www.crunchbase.com/company/addflip",
 "homepage_url": "http://addflip.com",
 "blog_url": "http://addflip.me",
 "blog_feed_url": "",
 "twitter_username": "addflip",
 "category_code": "web",
 "number_of_employees": null,
 "founded_year": 2012,
 "founded_month": 3,
 "founded_day": 1,
 "deadpooled_year": null,
 "deadpooled_month": null,
 "deadpooled_day": null,
 "deadpooled_url": null,
 "tag_list": "",
 "alias_list": null,
 "email_address": "",
 "phone_number": "",
 "description": "Change Your Address Online",
 "created_at": "Tue Jun 05 14:28:34 UTC 2012",
 "updated_at": "Fri Jul 20 10:47:04 UTC 2012",
 "overview": "\u003Cp\u003EAddflip helps you change all of your bills in one place! Change your address when you move for: Financial Services, Cable/Telephone/Internet Providers, Insurance Companies\u003C/p\u003E",
 "image":
  {"available_sizes":
    [[[150,
       150],
      "http://api-images.crunchbase.com/assets/images/resized/0019/4004/194004v4-max-150x150.jpg"],
     [[180,
       180],
      "http://api-images.crunchbase.com/assets/images/resized/0019/4004/194004v4-max-250x250.jpg"],
     [[180,
       180],
      "http://api-images.crunchbase.com/assets/images/resized/0019/4004/194004v4-max-450x450.jpg"]],
   "attribution": null},
 "products":
  [],
 "relationships":
  [],
 "competitions":
  [],
 "providerships":
  [],
 "total_money_raised": "$0",
 "funding_rounds":
  [],
 "investments":
  [],
 "acquisition": null,
 "acquisitions":
  [],
 "offices":
  [{"description": "",
    "address1": "",
    "address2": "",
    "zip_code": "",
    "city": "Tampa",
    "state_code": "FL",
    "country_code": "USA",
    "latitude": null,
    "longitude": null}],
 "milestones":
  [],
 "ipo": null,
 "video_embeds":
  [],
 "screenshots":
  [],
 "external_links":
  [],
 "partners":
  []}
