{"name": "AdGabs",
 "permalink": "adgabs",
 "crunchbase_url": "http://www.crunchbase.com/company/adgabs",
 "homepage_url": "http://www.adgabs.com",
 "blog_url": "",
 "blog_feed_url": "",
 "twitter_username": "Adgabs_Online",
 "category_code": "advertising",
 "number_of_employees": 2,
 "founded_year": 2012,
 "founded_month": 5,
 "founded_day": 11,
 "deadpooled_year": null,
 "deadpooled_month": null,
 "deadpooled_day": null,
 "deadpooled_url": null,
 "tag_list": "advertising, marketing, consumers, startup, fashion, retail, food, restaurants",
 "alias_list": null,
 "email_address": "bauerj07@gmail.com",
 "phone_number": "412-638-7766",
 "description": "",
 "created_at": "Fri Jun 08 19:29:05 UTC 2012",
 "updated_at": "Sat Jun 09 21:43:48 UTC 2012",
 "overview": "\u003Cp\u003EAdGabs is an internet advertising platform with a twist. We aim to provide consumers with great deals, discounts, and exclusive new products from businesses in your area. Not only do you get these benefits, but you can also earn reward points by sharing listings with others.\u003C/p\u003E",
 "image": null,
 "products":
  [],
 "relationships":
  [{"is_past": false,
    "title": "Principal",
    "person":
     {"first_name": "Josh",
      "last_name": "Bauer",
      "permalink": "josh-bauer"}}],
 "competitions":
  [],
 "providerships":
  [],
 "total_money_raised": "$0",
 "funding_rounds":
  [],
 "investments":
  [],
 "acquisition": null,
 "acquisitions":
  [],
 "offices":
  [],
 "milestones":
  [],
 "ipo": null,
 "video_embeds":
  [],
 "screenshots":
  [{"available_sizes":
     [[[129,
        150],
       "http://api-images.crunchbase.com/assets/images/resized/0019/4568/194568v2-max-150x150.jpg"],
      [[215,
        250],
       "http://api-images.crunchbase.com/assets/images/resized/0019/4568/194568v2-max-250x250.jpg"],
      [[387,
        450],
       "http://api-images.crunchbase.com/assets/images/resized/0019/4568/194568v2-max-450x450.jpg"]],
    "attribution": null},
   {"available_sizes":
     [[[150,
        82],
       "http://api-images.crunchbase.com/assets/images/resized/0019/4569/194569v2-max-150x150.png"],
      [[250,
        137],
       "http://api-images.crunchbase.com/assets/images/resized/0019/4569/194569v2-max-250x250.png"],
      [[450,
        247],
       "http://api-images.crunchbase.com/assets/images/resized/0019/4569/194569v2-max-450x450.png"]],
    "attribution": null}],
 "external_links":
  [],
 "partners":
  []}
