{"name": "Adgistics",
 "permalink": "adgistics",
 "crunchbase_url": "http://www.crunchbase.com/company/adgistics",
 "homepage_url": "http://www.adgistics.com",
 "blog_url": "http://www.adgistics.com/brand-management-tools-resources/brand-asset-management-specialists-blog/",
 "blog_feed_url": "",
 "twitter_username": "adgistics",
 "category_code": "software",
 "number_of_employees": 53,
 "founded_year": 1999,
 "founded_month": null,
 "founded_day": null,
 "deadpooled_year": null,
 "deadpooled_month": null,
 "deadpooled_day": null,
 "deadpooled_url": null,
 "tag_list": "brand-asset-management, marketing-automation, artwork-approval, online-proofing, digital-asset-management, artwork-automation, marketing-toolkit, marketing-asset-management",
 "alias_list": null,
 "email_address": "sales@adgistics.com",
 "phone_number": "+44 20 738 6777",
 "description": "Brand Value Management",
 "created_at": "Wed Jul 25 11:00:14 UTC 2012",
 "updated_at": "Sat Apr 05 19:59:12 UTC 2014",
 "overview": "\u003Cp\u003EAdgistics is a specialist provider of Brand Asset Management and Marketing Asset Management solutions for world-class brands. With offices in London and Chicago, we design, deliver and manage web-based Brand Centres internationally for global brands and their agency partners.\u003C/p\u003E\n\n\u003Cp\u003EWith over a decade of experience, we have an unparalleled track record in delivering robust, on-brand solutions to companies such as \u003Ca href=\"http://www.adgistics.com/marketing-asset-management-our-clients/\" title=\"Brown-Forman, Ford, eBay and adidas\" rel=\"nofollow\"\u003EBrown-Forman, Ford, eBay and adidas\u003C/a\u003E. Our clients value our unique combination of technical and marketing communications experience, relying on us to deliver solutions which address their specific needs today and grow with their brands.\u003C/p\u003E\n\n\u003Cp\u003EWe recognise that our clients\u0026#8217; brands need to be managed efficiently and effectively across multiple media platforms and languages and still achieve a significant return on investment. Our \u003Ca href=\"http://www.adgistics.com/brand-asset-management-solutions/brand-centre/\" title=\"Brand Asset Management solution\" rel=\"nofollow\"\u003EBrand Asset Management solution\u003C/a\u003E the Brand Centre\u00ae, houses a range of \u003Ca href=\"http://www.adgistics.com/brand-management-tools-resources/brand-management-tools-modules/\" title=\"first-class modules\" rel=\"nofollow\"\u003Efirst-class modules\u003C/a\u003E, which make brand assets work harder and smarter whilst adding value to the brand.\u003C/p\u003E\n\n\u003Cp\u003EWe believe that it\u2019s important to provide user friendly, intuitive solutions that help maximise the return on investment in managing brand assets. Our solutions accredit Brand Managers the ability to take direct control of their digital assets, ensuring brand consistency, greater efficiency in communication and greater effectiveness in maintaining a successful brand.\u003C/p\u003E",
 "image":
  {"available_sizes":
    [[[141,
       150],
      "http://api-images.crunchbase.com/assets/images/resized/0044/7146/447146v2-max-150x150.jpg"],
     [[235,
       250],
      "http://api-images.crunchbase.com/assets/images/resized/0044/7146/447146v2-max-250x250.jpg"],
     [[334,
       355],
      "http://api-images.crunchbase.com/assets/images/resized/0044/7146/447146v2-max-450x450.jpg"]],
   "attribution": null},
 "products":
  [{"name": "Brand Centre",
    "permalink": "brand-centre"}],
 "relationships":
  [{"is_past": false,
    "title": "Vice President, Business Development, North America",
    "person":
     {"first_name": "Michael",
      "last_name": "Parmenter",
      "permalink": "michael-parmenter"}},
   {"is_past": false,
    "title": "Group Head of Sales",
    "person":
     {"first_name": "Mike",
      "last_name": "Brothers",
      "permalink": "mike-brothers"}}],
 "competitions":
  [],
 "providerships":
  [],
 "total_money_raised": "$0",
 "funding_rounds":
  [],
 "investments":
  [],
 "acquisition": null,
 "acquisitions":
  [],
 "offices":
  [{"description": "Head Office",
    "address1": "5 Copper Row",
    "address2": "Tower Bridge Piazza",
    "zip_code": "SE1 2LH",
    "city": "London",
    "state_code": null,
    "country_code": "GBR",
    "latitude": null,
    "longitude": null},
   {"description": "Americas",
    "address1": "150 North Michigan Avenue",
    "address2": "Suite 800",
    "zip_code": "60601",
    "city": "Chicago",
    "state_code": "IL",
    "country_code": "USA",
    "latitude": null,
    "longitude": null}],
 "milestones":
  [{"id": 50007,
    "description": "Adgistics, the leading innovator in brand-led asset management technologies and services, announced today that it has \u2018partnered\u2019 with Toronto-based brand implementation specialist BrandActive. This partnership allows BrandActive to offer the first highly",
    "stoned_year": 2013,
    "stoned_month": 4,
    "stoned_day": 30,
    "source_url": "http://www.adgistics.com/adg_news/adgistics-unveils-partnership-healthcare-industry-specialist-brandactive/",
    "source_text": null,
    "source_description": "Adgistics unveils partnership with brand implementation specialist BrandActive ",
    "stoneable_type": "Company",
    "stoned_value": null,
    "stoned_value_type": null,
    "stoned_acquirer": null,
    "stoneable":
     {"name": "Adgistics",
      "permalink": "adgistics"}},
   {"id": 50008,
    "description": "In response to client requests for an ever-broader array of capabilities, the company has extended its technology and service offer to enable production services to be directly integrated with the Brand Centre\u00ae.\r\n\r\nBecause Adgistics recognises that techno",
    "stoned_year": 2013,
    "stoned_month": 10,
    "stoned_day": 22,
    "source_url": "http://www.adgistics.com/adg_news/brand-management-specialist-offers-production-services/",
    "source_text": null,
    "source_description": "Brand Management specialist Adgistics extends offer into Production Services ",
    "stoneable_type": "Company",
    "stoned_value": null,
    "stoned_value_type": null,
    "stoned_acquirer": null,
    "stoneable":
     {"name": "Adgistics",
      "permalink": "adgistics"}},
   {"id": 50009,
    "description": "Adgistics Production Services team has for the past 2 years had a prosperous partnership with Care2Give. Adgistics are now regularly producing banners and podium artwork for 27 charities as part of the Care2Give programme.",
    "stoned_year": 2014,
    "stoned_month": 1,
    "stoned_day": 7,
    "source_url": "http://www.adgistics.com/adg_news/adgistics-production-services-partner-care2give",
    "source_text": null,
    "source_description": " Adgistics Production Services partner with Care2Give",
    "stoneable_type": "Company",
    "stoned_value": null,
    "stoned_value_type": null,
    "stoned_acquirer": null,
    "stoneable":
     {"name": "Adgistics",
      "permalink": "adgistics"}},
   {"id": 50010,
    "description": "We expanded into new territories, celebrated our fourth year of consecutive growth and greatly increased our client base. With all these rapid changes we needed a strong and talented team to help us manage and lead onwards so we focused on recruiting new ",
    "stoned_year": 2014,
    "stoned_month": 2,
    "stoned_day": 28,
    "source_url": "http://www.adgistics.com/adg_blog/adgistics-in-2013/",
    "source_text": null,
    "source_description": "Infographic: Adgistics in 2013 ",
    "stoneable_type": "Company",
    "stoned_value": null,
    "stoned_value_type": null,
    "stoned_acquirer": null,
    "stoneable":
     {"name": "Adgistics",
      "permalink": "adgistics"}},
   {"id": 50011,
    "description": "CIO Review experts identified Adgistics as one of the most promising Content Management Solutions available in 2014. ",
    "stoned_year": 2014,
    "stoned_month": 3,
    "stoned_day": 25,
    "source_url": "http://www.adgistics.com/adg_news/adgistics-most-promising-content-management-solution-provider-2014",
    "source_text": null,
    "source_description": "Adgistics identified as one of the most promising Content Management Solution provider in 2014",
    "stoneable_type": "Company",
    "stoned_value": null,
    "stoned_value_type": null,
    "stoned_acquirer": null,
    "stoneable":
     {"name": "Adgistics",
      "permalink": "adgistics"}}],
 "ipo": null,
 "video_embeds":
  [],
 "screenshots":
  [{"available_sizes":
     [[[150,
        110],
       "http://api-images.crunchbase.com/assets/images/resized/0020/2730/202730v2-max-150x150.png"],
      [[250,
        184],
       "http://api-images.crunchbase.com/assets/images/resized/0020/2730/202730v2-max-250x250.png"],
      [[450,
        331],
       "http://api-images.crunchbase.com/assets/images/resized/0020/2730/202730v2-max-450x450.png"]],
    "attribution": null},
   {"available_sizes":
     [[[150,
        110],
       "http://api-images.crunchbase.com/assets/images/resized/0044/7148/447148v2-max-150x150.png"],
      [[250,
        184],
       "http://api-images.crunchbase.com/assets/images/resized/0044/7148/447148v2-max-250x250.png"],
      [[320,
        236],
       "http://api-images.crunchbase.com/assets/images/resized/0044/7148/447148v2-max-450x450.png"]],
    "attribution": null},
   {"available_sizes":
     [[[150,
        137],
       "http://api-images.crunchbase.com/assets/images/resized/0044/7149/447149v2-max-150x150.png"],
      [[250,
        229],
       "http://api-images.crunchbase.com/assets/images/resized/0044/7149/447149v2-max-250x250.png"],
      [[349,
        320],
       "http://api-images.crunchbase.com/assets/images/resized/0044/7149/447149v2-max-450x450.png"]],
    "attribution": null},
   {"available_sizes":
     [[[150,
        149],
       "http://api-images.crunchbase.com/assets/images/resized/0044/7150/447150v2-max-150x150.png"],
      [[250,
        249],
       "http://api-images.crunchbase.com/assets/images/resized/0044/7150/447150v2-max-250x250.png"],
      [[321,
        320],
       "http://api-images.crunchbase.com/assets/images/resized/0044/7150/447150v2-max-450x450.png"]],
    "attribution": null},
   {"available_sizes":
     [[[150,
        125],
       "http://api-images.crunchbase.com/assets/images/resized/0044/7151/447151v2-max-150x150.png"],
      [[250,
        209],
       "http://api-images.crunchbase.com/assets/images/resized/0044/7151/447151v2-max-250x250.png"],
      [[381,
        320],
       "http://api-images.crunchbase.com/assets/images/resized/0044/7151/447151v2-max-450x450.png"]],
    "attribution": null},
   {"available_sizes":
     [[[150,
        147],
       "http://api-images.crunchbase.com/assets/images/resized/0044/7152/447152v2-max-150x150.png"],
      [[250,
        245],
       "http://api-images.crunchbase.com/assets/images/resized/0044/7152/447152v2-max-250x250.png"],
      [[326,
        320],
       "http://api-images.crunchbase.com/assets/images/resized/0044/7152/447152v2-max-450x450.png"]],
    "attribution": null}],
 "external_links":
  [],
 "partners":
  []}
