{"name": "adHub",
 "permalink": "adhub",
 "crunchbase_url": "http://www.crunchbase.com/company/adhub",
 "homepage_url": "http://www.adhub.ca",
 "blog_url": "",
 "blog_feed_url": "",
 "twitter_username": null,
 "category_code": "advertising",
 "number_of_employees": null,
 "founded_year": 2011,
 "founded_month": 5,
 "founded_day": 1,
 "deadpooled_year": null,
 "deadpooled_month": null,
 "deadpooled_day": null,
 "deadpooled_url": null,
 "tag_list": "print-advertising, magazine-advertising, newspaper-advertising, online-marketplace, print-advert, print-mass-media",
 "alias_list": null,
 "email_address": "",
 "phone_number": "",
 "description": "Buy/sell print Ads online",
 "created_at": "Thu Mar 22 18:22:13 UTC 2012",
 "updated_at": "Sun Apr 29 10:20:48 UTC 2012",
 "overview": "\u003Cp\u003EadHub is Canada\u0026#8217;s first and only online print advertising marketplace. We bring together Advertisers and Publications to buy \u0026amp; sell print advertisements on our easy-to-use platform.\u003C/p\u003E",
 "image":
  {"available_sizes":
    [[[150,
       54],
      "http://api-images.crunchbase.com/assets/images/resized/0018/0626/180626v2-max-150x150.png"],
     [[250,
       90],
      "http://api-images.crunchbase.com/assets/images/resized/0018/0626/180626v2-max-250x250.png"],
     [[314,
       114],
      "http://api-images.crunchbase.com/assets/images/resized/0018/0626/180626v2-max-450x450.png"]],
   "attribution": null},
 "products":
  [],
 "relationships":
  [],
 "competitions":
  [],
 "providerships":
  [],
 "total_money_raised": "$0",
 "funding_rounds":
  [],
 "investments":
  [],
 "acquisition": null,
 "acquisitions":
  [],
 "offices":
  [{"description": "",
    "address1": "801 Eglinton Avenue West",
    "address2": "Suite 201",
    "zip_code": "M5N 1E3",
    "city": "Toronto",
    "state_code": null,
    "country_code": "CAN",
    "latitude": null,
    "longitude": null}],
 "milestones":
  [],
 "ipo": null,
 "video_embeds":
  [{"embed_code": "\u003Ciframe width=\"450\" height=\"253\" src=\"http://www.youtube.com/embed/9DGsSntWZgE\" frameborder=\"0\" allowfullscreen\u003E\u003C/iframe\u003E",
    "description": "\u003Cp\u003EadHub overview\u003C/p\u003E"}],
 "screenshots":
  [{"available_sizes":
     [[[148,
        150],
       "http://api-images.crunchbase.com/assets/images/resized/0018/1018/181018v2-max-150x150.png"],
      [[247,
        250],
       "http://api-images.crunchbase.com/assets/images/resized/0018/1018/181018v2-max-250x250.png"],
      [[445,
        450],
       "http://api-images.crunchbase.com/assets/images/resized/0018/1018/181018v2-max-450x450.png"]],
    "attribution": null},
   {"available_sizes":
     [[[149,
        150],
       "http://api-images.crunchbase.com/assets/images/resized/0018/1019/181019v2-max-150x150.png"],
      [[248,
        250],
       "http://api-images.crunchbase.com/assets/images/resized/0018/1019/181019v2-max-250x250.png"],
      [[448,
        450],
       "http://api-images.crunchbase.com/assets/images/resized/0018/1019/181019v2-max-450x450.png"]],
    "attribution": null},
   {"available_sizes":
     [[[150,
        149],
       "http://api-images.crunchbase.com/assets/images/resized/0018/1020/181020v2-max-150x150.png"],
      [[250,
        249],
       "http://api-images.crunchbase.com/assets/images/resized/0018/1020/181020v2-max-250x250.png"],
      [[450,
        449],
       "http://api-images.crunchbase.com/assets/images/resized/0018/1020/181020v2-max-450x450.png"]],
    "attribution": null}],
 "external_links":
  [],
 "partners":
  []}
