{"name": "Adia Digital Art Co., Ltd.",
 "permalink": "adia-digital-art-co-ltd",
 "crunchbase_url": "http://www.crunchbase.com/company/adia-digital-art-co-ltd",
 "homepage_url": "http://www.adiadigital.com",
 "blog_url": "",
 "blog_feed_url": "",
 "twitter_username": null,
 "category_code": "games_video",
 "number_of_employees": 200,
 "founded_year": 2007,
 "founded_month": null,
 "founded_day": null,
 "deadpooled_year": null,
 "deadpooled_month": null,
 "deadpooled_day": null,
 "deadpooled_url": null,
 "tag_list": "",
 "alias_list": null,
 "email_address": "service@adiadigital.com",
 "phone_number": "1 (508) 668-3062 (U.S.)  |  +86 (25) 8633 0853 (China)",
 "description": "Outsourced Video Game Art Studio",
 "created_at": "Thu Mar 15 03:51:08 UTC 2012",
 "updated_at": "Thu Jul 18 10:03:00 UTC 2013",
 "overview": "\u003Cp\u003EAdia Digital Art Co., Ltd. is a visual art studio based in Nanjing, China, focused on providing broadband art outsourcing solutions to video game developers and animation studios worldwide.\u003C/p\u003E\n\n\u003Cp\u003EEstablished in 2007 by industry veteran Yaming Di, Adia was built on over 14 years of experience on the client side both directing art for AAA titles and managing the overseas outsourcing relationships on a day-to-day basis. At the time many developers worldwide still hestiated when it came to outsourcing art, of all things, to China, and Adia was born with the mission to deliver the most reliable, checkable, flexible, and recommendable outsourcing pipeline the world has yet to see.\u003C/p\u003E",
 "image":
  {"available_sizes":
    [[[150,
       150],
      "http://api-images.crunchbase.com/assets/images/resized/0029/1072/291072v2-max-150x150.png"],
     [[250,
       250],
      "http://api-images.crunchbase.com/assets/images/resized/0029/1072/291072v2-max-250x250.png"],
     [[450,
       450],
      "http://api-images.crunchbase.com/assets/images/resized/0029/1072/291072v2-max-450x450.png"]],
   "attribution": null},
 "products":
  [{"name": "3D Art Assets",
    "permalink": "3d-art-assets"},
   {"name": "Commercials, TV and Film",
    "permalink": "commercials-tv-and-film"},
   {"name": "Cut Scenes",
    "permalink": "cut-scenes"},
   {"name": "Animation",
    "permalink": "animation"}],
 "relationships":
  [{"is_past": false,
    "title": "Founder, CEO",
    "person":
     {"first_name": "Yaming",
      "last_name": "Di",
      "permalink": "yaming-di"}}],
 "competitions":
  [],
 "providerships":
  [],
 "total_money_raised": "$0",
 "funding_rounds":
  [],
 "investments":
  [],
 "acquisition": null,
 "acquisitions":
  [],
 "offices":
  [{"description": "Headquarters",
    "address1": "\u82b1\u795e\u5927\u905321\u53f7\u200e (21 Huashen DaDao)",
    "address2": "\u96e8\u82b1\u53f0\u533a (Yu Hua Tai District)",
    "zip_code": "210012",
    "city": "\u5357\u4eac\u5e02 (Nanjing)",
    "state_code": null,
    "country_code": "CHN",
    "latitude": null,
    "longitude": null},
   {"description": "Headquarters",
    "address1": "\u82b1\u795e\u5927\u905321\u53f7\u200e (21 Huashen Dadao)",
    "address2": "\u96e8\u82b1\u53f0\u533a (Yu Hua Tai District)",
    "zip_code": "210012",
    "city": "\u5357\u4eac\u5e02 (Nanjing)",
    "state_code": null,
    "country_code": "CHN",
    "latitude": null,
    "longitude": null}],
 "milestones":
  [],
 "ipo": null,
 "video_embeds":
  [],
 "screenshots":
  [],
 "external_links":
  [],
 "partners":
  []}
