{"name": "adingo",
 "permalink": "adingo",
 "crunchbase_url": "http://www.crunchbase.com/company/adingo",
 "homepage_url": "http://adingo.jp/en",
 "blog_url": "",
 "blog_feed_url": "",
 "twitter_username": "adingo_pr",
 "category_code": "advertising",
 "number_of_employees": 50,
 "founded_year": 2008,
 "founded_month": 6,
 "founded_day": 2,
 "deadpooled_year": null,
 "deadpooled_month": null,
 "deadpooled_day": null,
 "deadpooled_url": null,
 "tag_list": "ssp, sell-side-platform, dmp, japan",
 "alias_list": null,
 "email_address": "info@adingo.jp",
 "phone_number": "",
 "description": "Sell-Side Platform",
 "created_at": "Thu Jun 28 02:23:33 UTC 2012",
 "updated_at": "Tue Aug 07 20:21:35 UTC 2012",
 "overview": "\u003Cp\u003Eadingo is the leading solution company for full support in marketing and monetization of internet media. Fluct, which is one of the most powerful sell-side platfroms in Japan serves a staggering number of impressions to over 1,000 affiliated media on PC and mobile every month.\u003C/p\u003E\n\n\u003Cp\u003EAdditionaly, we have just launched the next generation CRM service, \u0026#8220;cosmi Relationship Suite\u0026#8221;, in July 2012, which is designed to increase customer life-time value for those who have membership databases.\u003C/p\u003E",
 "image":
  {"available_sizes":
    [[[150,
       40],
      "http://api-images.crunchbase.com/assets/images/resized/0019/7803/197803v2-max-150x150.png"],
     [[231,
       62],
      "http://api-images.crunchbase.com/assets/images/resized/0019/7803/197803v2-max-250x250.png"],
     [[231,
       62],
      "http://api-images.crunchbase.com/assets/images/resized/0019/7803/197803v2-max-450x450.png"]],
   "attribution": null},
 "products":
  [],
 "relationships":
  [],
 "competitions":
  [],
 "providerships":
  [{"title": "Sell-Side Platform",
    "is_past": false,
    "provider":
     {"name": "Fluct",
      "permalink": "fluct"}}],
 "total_money_raised": "$0",
 "funding_rounds":
  [],
 "investments":
  [],
 "acquisition": null,
 "acquisitions":
  [],
 "offices":
  [{"description": "HQ",
    "address1": "8-16 Shibuya-First-Place 8F Shinsen-cho",
    "address2": "Shibuya-Ku",
    "zip_code": "1500045",
    "city": "Tokyo",
    "state_code": null,
    "country_code": "JPN",
    "latitude": null,
    "longitude": null}],
 "milestones":
  [],
 "ipo": null,
 "video_embeds":
  [],
 "screenshots":
  [],
 "external_links":
  [{"external_url": "http://fluct.jp",
    "title": "Fluct"}],
 "partners":
  []}
