{"name": "Aditazz",
 "permalink": "aditazz",
 "crunchbase_url": "http://www.crunchbase.com/company/aditazz",
 "homepage_url": "http://www.aditazz.com",
 "blog_url": "",
 "blog_feed_url": "",
 "twitter_username": null,
 "category_code": null,
 "number_of_employees": null,
 "founded_year": null,
 "founded_month": null,
 "founded_day": null,
 "deadpooled_year": null,
 "deadpooled_month": null,
 "deadpooled_day": null,
 "deadpooled_url": null,
 "tag_list": "",
 "alias_list": "",
 "email_address": "info@aditazz.com",
 "phone_number": "1-650-492-7000",
 "description": "",
 "created_at": "Thu Jul 26 03:51:44 UTC 2012",
 "updated_at": "Thu Jul 26 03:57:20 UTC 2012",
 "overview": "\u003Cp\u003EAditazz designs and delivers next-generation healthcare facilities by integrating new design, technology and manufacturing techniques. Based in Silicon Valley, the company brings together experts and innovations from the worlds of semiconductor design, computer science, architecture, systems and structural engineering, modular manufacturing and assembly, and healthcare planning and operations. It has created a new generation of tools and technologies that results in dramatic increases in building construction speed, flexibility, predictability, cost-savings and ultimately improved healthcare - all while maintaining the highest degree of aesthetic and functional elegance. Aditazz received funding from Artiman Ventures and is a winner of Kaiser Permanente\u0026#8217;s 2012 \u0026#8216;Small Hospital, Big Idea\u0026#8217; design competition.\u003C/p\u003E",
 "image":
  {"available_sizes":
    [[[150,
       42],
      "http://api-images.crunchbase.com/assets/images/resized/0020/2911/202911v1-max-150x150.jpg"],
     [[196,
       55],
      "http://api-images.crunchbase.com/assets/images/resized/0020/2911/202911v1-max-250x250.jpg"],
     [[196,
       55],
      "http://api-images.crunchbase.com/assets/images/resized/0020/2911/202911v1-max-450x450.jpg"]],
   "attribution": null},
 "products":
  [],
 "relationships":
  [{"is_past": false,
    "title": "CEO",
    "person":
     {"first_name": "Dan",
      "last_name": "Pittard",
      "permalink": "dan-pittard"}}],
 "competitions":
  [],
 "providerships":
  [],
 "total_money_raised": "$0",
 "funding_rounds":
  [],
 "investments":
  [],
 "acquisition": null,
 "acquisitions":
  [],
 "offices":
  [{"description": "",
    "address1": "1111 Bayhill Dr, Suite 260",
    "address2": "",
    "zip_code": "94066",
    "city": "San Bruno",
    "state_code": "CA",
    "country_code": "USA",
    "latitude": null,
    "longitude": null}],
 "milestones":
  [],
 "ipo": null,
 "video_embeds":
  [],
 "screenshots":
  [{"available_sizes":
     [[[150,
        111],
       "http://api-images.crunchbase.com/assets/images/resized/0020/2912/202912v1-max-150x150.jpg"],
      [[250,
        185],
       "http://api-images.crunchbase.com/assets/images/resized/0020/2912/202912v1-max-250x250.jpg"],
      [[450,
        334],
       "http://api-images.crunchbase.com/assets/images/resized/0020/2912/202912v1-max-450x450.jpg"]],
    "attribution": null}],
 "external_links":
  [],
 "partners":
  []}
