{"name": "Adlesse",
 "permalink": "adlesse",
 "crunchbase_url": "http://www.crunchbase.com/company/adlesse",
 "homepage_url": "http://adlesse.com",
 "blog_url": "http://adlesse.com/blog/",
 "blog_feed_url": "http://adlesse.com/blog/?feed=rss2",
 "twitter_username": "adlesse",
 "category_code": "software",
 "number_of_employees": null,
 "founded_year": 2011,
 "founded_month": null,
 "founded_day": null,
 "deadpooled_year": null,
 "deadpooled_month": null,
 "deadpooled_day": null,
 "deadpooled_url": null,
 "tag_list": "ad-block, ad-blocker, flash-banners, advertisment, adlesse, ad-filter, social-widgets, add-on, extension",
 "alias_list": null,
 "email_address": "pr@adlesse.com",
 "phone_number": "1-504-355-0082",
 "description": "",
 "created_at": "Thu Apr 05 11:22:24 UTC 2012",
 "updated_at": "Mon Apr 16 18:57:20 UTC 2012",
 "overview": "\u003Cp\u003EAdlesse is a group of indie developers specializing in the field of web filtering. We develop and maintain a multi-purpose ad-blocker which does not only block unwanted content, like flashy animated banners, but replaces them with a bunch of handy widgets to enhance user\u0026#8217;s browsing experience.\u003C/p\u003E",
 "image":
  {"available_sizes":
    [[[150,
       131],
      "http://api-images.crunchbase.com/assets/images/resized/0018/2777/182777v2-max-150x150.png"],
     [[250,
       218],
      "http://api-images.crunchbase.com/assets/images/resized/0018/2777/182777v2-max-250x250.png"],
     [[405,
       354],
      "http://api-images.crunchbase.com/assets/images/resized/0018/2777/182777v2-max-450x450.png"]],
   "attribution": null},
 "products":
  [{"name": "Adlesse for Windows",
    "permalink": "adlesse-for-windows"}],
 "relationships":
  [],
 "competitions":
  [],
 "providerships":
  [],
 "total_money_raised": "$0",
 "funding_rounds":
  [],
 "investments":
  [],
 "acquisition": null,
 "acquisitions":
  [],
 "offices":
  [{"description": "",
    "address1": "8 Copthall",
    "address2": "",
    "zip_code": "",
    "city": "Roseau Valley",
    "state_code": null,
    "country_code": "DMA",
    "latitude": null,
    "longitude": null}],
 "milestones":
  [],
 "ipo": null,
 "video_embeds":
  [{"embed_code": "\u003Ciframe width=\"420\" height=\"315\" src=\"http://www.youtube.com/embed/2y__8CI2rQ8\" frameborder=\"0\" allowfullscreen\u003E\u003C/iframe\u003E",
    "description": ""},
   {"embed_code": "\u003Ciframe width=\"420\" height=\"315\" src=\"http://www.youtube.com/embed/uzB30M3-dJQ\" frameborder=\"0\" allowfullscreen\u003E\u003C/iframe\u003E",
    "description": ""},
   {"embed_code": "\u003Ciframe width=\"420\" height=\"315\" src=\"http://www.youtube.com/embed/Z1_r40zuQhw\" frameborder=\"0\" allowfullscreen\u003E\u003C/iframe\u003E",
    "description": ""}],
 "screenshots":
  [],
 "external_links":
  [{"external_url": "http://startuptunes.com/2012/04/15/adlesse-dispose-of-those-annoying-ads/",
    "title": ""}],
 "partners":
  []}
