{"name": "AdMaster",
 "permalink": "admaster",
 "crunchbase_url": "http://www.crunchbase.com/company/admaster",
 "homepage_url": "http://www.admaster.com.cn",
 "blog_url": "",
 "blog_feed_url": "",
 "twitter_username": null,
 "category_code": "advertising",
 "number_of_employees": null,
 "founded_year": null,
 "founded_month": null,
 "founded_day": null,
 "deadpooled_year": null,
 "deadpooled_month": null,
 "deadpooled_day": null,
 "deadpooled_url": null,
 "tag_list": "",
 "alias_list": "",
 "email_address": "",
 "phone_number": "",
 "description": "",
 "created_at": "Fri Jul 27 12:11:32 UTC 2012",
 "updated_at": "Wed Jul 17 00:34:00 UTC 2013",
 "overview": "\u003Cp\u003EAdmaster has offices in Shanghai, Beijing and Guangzhou. As the only independent third-party institution provides digital marketing monitoring and research, AdMaster adhering to fair and objective philosophy, it provides a full range of result assessment solution through: digital media full process audit and optimization consulting, Cross Screen Reach evaluation, Weibo and social media evaluation, public opinion monitoring and online research, it obtains industry-wide praise and recognition by years services. AdMaster has formed strategic partnership with the largest global research group Ipsos since 2011. Ipsos also invested strategically in AdMaster following GSR ventures\u0026#8217; Series A investment.\u003C/p\u003E",
 "image":
  {"available_sizes":
    [[[150,
       57],
      "http://api-images.crunchbase.com/assets/images/resized/0020/3167/203167v1-max-150x150.jpg"],
     [[194,
       74],
      "http://api-images.crunchbase.com/assets/images/resized/0020/3167/203167v1-max-250x250.jpg"],
     [[194,
       74],
      "http://api-images.crunchbase.com/assets/images/resized/0020/3167/203167v1-max-450x450.jpg"]],
   "attribution": null},
 "products":
  [],
 "relationships":
  [{"is_past": false,
    "title": "Board Member",
    "person":
     {"first_name": "Richard",
      "last_name": "Lim",
      "permalink": "richard-lim"}},
   {"is_past": false,
    "title": "Board Member",
    "person":
     {"first_name": "Allen",
      "last_name": "Zhu",
      "permalink": "allen-zhu"}}],
 "competitions":
  [],
 "providerships":
  [],
 "total_money_raised": "$0",
 "funding_rounds":
  [{"id": 31561,
    "round_code": "b",
    "source_url": "http://www.freshnews.com/news/680899/wi-harper-group-leads-series-b-round-admaster",
    "source_description": "WI HARPER GROUP LEADS SERIES B ROUND FOR ADMASTER",
    "raised_amount": null,
    "raised_currency_code": null,
    "funded_year": 2012,
    "funded_month": 7,
    "funded_day": 27,
    "investments":
     [{"company": null,
       "financial_org":
        {"name": "WI Harper Group",
         "permalink": "wi-harper-group"},
       "person": null}]}],
 "investments":
  [],
 "acquisition": null,
 "acquisitions":
  [],
 "offices":
  [{"description": null,
    "address1": null,
    "address2": null,
    "zip_code": null,
    "city": "Shanghai",
    "state_code": "",
    "country_code": "CHN",
    "latitude": 31.230393,
    "longitude": 121.473704}],
 "milestones":
  [],
 "ipo": null,
 "video_embeds":
  [],
 "screenshots":
  [{"available_sizes":
     [[[150,
        102],
       "http://api-images.crunchbase.com/assets/images/resized/0020/3168/203168v1-max-150x150.jpg"],
      [[250,
        171],
       "http://api-images.crunchbase.com/assets/images/resized/0020/3168/203168v1-max-250x250.jpg"],
      [[450,
        307],
       "http://api-images.crunchbase.com/assets/images/resized/0020/3168/203168v1-max-450x450.jpg"]],
    "attribution": null}],
 "external_links":
  [],
 "partners":
  []}
