{"name": "Admira Cosmetics",
 "permalink": "admira-cosmetics",
 "crunchbase_url": "http://www.crunchbase.com/company/admira-cosmetics",
 "homepage_url": "http://www.admiracosmetics.com",
 "blog_url": "",
 "blog_feed_url": "",
 "twitter_username": "admiracosmetics",
 "category_code": "ecommerce",
 "number_of_employees": 4,
 "founded_year": 2010,
 "founded_month": 8,
 "founded_day": null,
 "deadpooled_year": null,
 "deadpooled_month": null,
 "deadpooled_day": null,
 "deadpooled_url": null,
 "tag_list": "bio-cosmetics, natural-cosmetics, eco-cosmetics, ecommerce",
 "alias_list": null,
 "email_address": "clientes@admiracosmetics.com",
 "phone_number": "0034934671020",
 "description": "Online Natural \u0026 Bio Cosmetics Boutique",
 "created_at": "Fri Jul 13 12:17:29 UTC 2012",
 "updated_at": "Sat Jul 14 11:24:52 UTC 2012",
 "overview": "",
 "image":
  {"available_sizes":
    [[[120,
       60],
      "http://api-images.crunchbase.com/assets/images/resized/0020/0749/200749v2-max-150x150.png"],
     [[120,
       60],
      "http://api-images.crunchbase.com/assets/images/resized/0020/0749/200749v2-max-250x250.png"],
     [[120,
       60],
      "http://api-images.crunchbase.com/assets/images/resized/0020/0749/200749v2-max-450x450.png"]],
   "attribution": null},
 "products":
  [],
 "relationships":
  [{"is_past": false,
    "title": "CEO",
    "person":
     {"first_name": "Oriol",
      "last_name": "Penya Sanrom\u00e0",
      "permalink": "oriol-penya-sanrom"}}],
 "competitions":
  [],
 "providerships":
  [],
 "total_money_raised": "\u20ac360k",
 "funding_rounds":
  [{"id": 31280,
    "round_code": "seed",
    "source_url": "",
    "source_description": "",
    "raised_amount": 360000.0,
    "raised_currency_code": "EUR",
    "funded_year": 2010,
    "funded_month": 8,
    "funded_day": 1,
    "investments":
     []}],
 "investments":
  [],
 "acquisition": null,
 "acquisitions":
  [],
 "offices":
  [{"description": "Headquarters",
    "address1": "Rambla Catalunya 53 \u00c0tic",
    "address2": "",
    "zip_code": "08007",
    "city": "Barcelona",
    "state_code": null,
    "country_code": "ESP",
    "latitude": null,
    "longitude": null}],
 "milestones":
  [],
 "ipo": null,
 "video_embeds":
  [],
 "screenshots":
  [{"available_sizes":
     [[[150,
        132],
       "http://api-images.crunchbase.com/assets/images/resized/0020/0748/200748v2-max-150x150.png"],
      [[250,
        221],
       "http://api-images.crunchbase.com/assets/images/resized/0020/0748/200748v2-max-250x250.png"],
      [[450,
        398],
       "http://api-images.crunchbase.com/assets/images/resized/0020/0748/200748v2-max-450x450.png"]],
    "attribution": null}],
 "external_links":
  [],
 "partners":
  []}
