{"name": "Adoption STAR",
 "permalink": "adoption-star",
 "crunchbase_url": "http://www.crunchbase.com/company/adoption-star",
 "homepage_url": "http://www.adoptionstar.com",
 "blog_url": "http://www.adoptionstar.com/articles",
 "blog_feed_url": "",
 "twitter_username": "adoptionstar",
 "category_code": null,
 "number_of_employees": 30,
 "founded_year": 2000,
 "founded_month": 3,
 "founded_day": null,
 "deadpooled_year": null,
 "deadpooled_month": null,
 "deadpooled_day": null,
 "deadpooled_url": null,
 "tag_list": "social-meida, effects-of-social-media-on-industries, facebook, twitter",
 "alias_list": null,
 "email_address": "alex@adoptionstar.com",
 "phone_number": "(716)639-3900",
 "description": "Social media and child adoption",
 "created_at": "Wed Jun 06 14:01:04 UTC 2012",
 "updated_at": "Sat Jun 09 17:47:50 UTC 2012",
 "overview": "\u003Cp\u003EAdoption STAR is a not-for-profit adoption agency with offices in New York, Ohio and Florida. One of the agencies biggest goals is educating all members of the adoption journey on the effects social media has had on child adoption.\u003C/p\u003E\n\n\u003Cp\u003EAdoption STAR provides training, support and education to adoptive parents, birth parents and adoptees and works toward finding a \u0026#8220;forever family\u0026#8221; for all children.\u003C/p\u003E",
 "image":
  {"available_sizes":
    [[[150,
       97],
      "http://api-images.crunchbase.com/assets/images/resized/0019/4191/194191v2-max-150x150.jpg"],
     [[173,
       112],
      "http://api-images.crunchbase.com/assets/images/resized/0019/4191/194191v2-max-250x250.jpg"],
     [[173,
       112],
      "http://api-images.crunchbase.com/assets/images/resized/0019/4191/194191v2-max-450x450.jpg"]],
   "attribution": null},
 "products":
  [],
 "relationships":
  [{"is_past": false,
    "title": "CEO/Founder",
    "person":
     {"first_name": "Michele",
      "last_name": "Fried",
      "permalink": "michele-fried"}}],
 "competitions":
  [],
 "providerships":
  [],
 "total_money_raised": "$0",
 "funding_rounds":
  [],
 "investments":
  [],
 "acquisition": null,
 "acquisitions":
  [],
 "offices":
  [],
 "milestones":
  [],
 "ipo": null,
 "video_embeds":
  [],
 "screenshots":
  [],
 "external_links":
  [],
 "partners":
  []}
