{"name": "Adore Me",
 "permalink": "adore-me",
 "crunchbase_url": "http://www.crunchbase.com/company/adore-me",
 "homepage_url": "http://www.adoreme.com",
 "blog_url": "http://www.adoreme.com/blog/",
 "blog_feed_url": "",
 "twitter_username": "adoreme",
 "category_code": "fashion",
 "number_of_employees": null,
 "founded_year": 2011,
 "founded_month": 5,
 "founded_day": null,
 "deadpooled_year": null,
 "deadpooled_month": null,
 "deadpooled_day": null,
 "deadpooled_url": null,
 "tag_list": "",
 "alias_list": "",
 "email_address": "help@adoreme.com",
 "phone_number": "1.800.433.2367",
 "description": "",
 "created_at": "Thu Jun 07 03:31:03 UTC 2012",
 "updated_at": "Fri Apr 04 05:32:15 UTC 2014",
 "overview": "\u003Cp\u003EAdore Me is a New York based woman\u0026#8217;s intimates brand offering beautifully designed products of superb quality and great fit.\u003C/p\u003E",
 "image":
  {"available_sizes":
    [[[150,
       25],
      "http://api-images.crunchbase.com/assets/images/resized/0019/4290/194290v1-max-150x150.png"],
     [[198,
       34],
      "http://api-images.crunchbase.com/assets/images/resized/0019/4290/194290v1-max-250x250.png"],
     [[198,
       34],
      "http://api-images.crunchbase.com/assets/images/resized/0019/4290/194290v1-max-450x450.png"]],
   "attribution": null},
 "products":
  [],
 "relationships":
  [{"is_past": false,
    "title": "Founder \u0026 CEO",
    "person":
     {"first_name": "Morgan",
      "last_name": "Hermand-Waiche",
      "permalink": "morgan-hermand-waiche"}},
   {"is_past": false,
    "title": "Advisor",
    "person":
     {"first_name": "Olivier",
      "last_name": "Grinda",
      "permalink": "olivier-grinda"}},
   {"is_past": false,
    "title": "ADVISOR",
    "person":
     {"first_name": "Patrick",
      "last_name": "Adams",
      "permalink": "patrick-adams"}},
   {"is_past": false,
    "title": "Investor",
    "person":
     {"first_name": "Dave",
      "last_name": "Lerner",
      "permalink": "dave-lerner-2"}}],
 "competitions":
  [],
 "providerships":
  [],
 "total_money_raised": "$11.5M",
 "funding_rounds":
  [{"id": 30470,
    "round_code": "a",
    "source_url": "http://techcrunch.com/2012/06/06/adore-me-raises-2-5-million-for-personalized-lingerie-showrooms/",
    "source_description": "Adore Me Raises $2.5 Million For Personalized Lingerie Showrooms",
    "raised_amount": 2500000.0,
    "raised_currency_code": "USD",
    "funded_year": 2012,
    "funded_month": 4,
    "funded_day": 1,
    "investments":
     [{"company": null,
       "financial_org":
        {"name": "Redhills Ventures",
         "permalink": "redhills-ventures"},
       "person": null},
      {"company": null,
       "financial_org":
        {"name": "Jaina Capital",
         "permalink": "jaina-capital"},
       "person": null},
      {"company": null,
       "financial_org":
        {"name": "SOSventures",
         "permalink": "sosventures"},
       "person": null}]},
   {"id": 36529,
    "round_code": "seed",
    "source_url": "",
    "source_description": "",
    "raised_amount": 500000.0,
    "raised_currency_code": "USD",
    "funded_year": 2011,
    "funded_month": 11,
    "funded_day": 1,
    "investments":
     []},
   {"id": 42042,
    "round_code": "b",
    "source_url": "http://techcrunch.com/2013/07/09/fast-fashion-lingerie-e-tailer-adore-me-takes-8-5m-in-series-b-funding/",
    "source_description": "Fast Fashion Lingerie E-Tailer Adore Me Takes $8.5M In Series B Funding",
    "raised_amount": 8500000.0,
    "raised_currency_code": "USD",
    "funded_year": 2013,
    "funded_month": 7,
    "funded_day": 9,
    "investments":
     [{"company": null,
       "financial_org":
        {"name": "Upfront Ventures",
         "permalink": "upfront-ventures"},
       "person": null},
      {"company": null,
       "financial_org":
        {"name": "Mousse Partners",
         "permalink": "mousse-partners"},
       "person": null},
      {"company": null,
       "financial_org":
        {"name": "Redhills Ventures",
         "permalink": "redhills-ventures"},
       "person": null}]},
   {"id": 64188,
    "round_code": "angel",
    "source_url": "",
    "source_description": "",
    "raised_amount": null,
    "raised_currency_code": "USD",
    "funded_year": 2012,
    "funded_month": 1,
    "funded_day": 1,
    "investments":
     [{"company": null,
       "financial_org":
        {"name": "White Star Capital",
         "permalink": "white-star-capital"},
       "person": null}]},
   {"id": 64194,
    "round_code": "seed",
    "source_url": "",
    "source_description": "",
    "raised_amount": null,
    "raised_currency_code": "USD",
    "funded_year": 2013,
    "funded_month": 1,
    "funded_day": 1,
    "investments":
     [{"company": null,
       "financial_org":
        {"name": "White Star Capital",
         "permalink": "white-star-capital"},
       "person": null}]},
   {"id": 71527,
    "round_code": "unattributed",
    "source_url": "",
    "source_description": "",
    "raised_amount": null,
    "raised_currency_code": "USD",
    "funded_year": 2012,
    "funded_month": 1,
    "funded_day": null,
    "investments":
     [{"company": null,
       "financial_org":
        {"name": "TA Venture",
         "permalink": "ta-venture"},
       "person": null}]}],
 "investments":
  [],
 "acquisition": null,
 "acquisitions":
  [],
 "offices":
  [{"description": "",
    "address1": "",
    "address2": "",
    "zip_code": "",
    "city": "New York",
    "state_code": "NY",
    "country_code": "USA",
    "latitude": null,
    "longitude": null},
   {"description": null,
    "address1": null,
    "address2": null,
    "zip_code": null,
    "city": "New York",
    "state_code": "NY",
    "country_code": "USA",
    "latitude": 40.7143528,
    "longitude": -74.0059731}],
 "milestones":
  [],
 "ipo": null,
 "video_embeds":
  [],
 "screenshots":
  [{"available_sizes":
     [[[150,
        145],
       "http://api-images.crunchbase.com/assets/images/resized/0028/6344/286344v1-max-150x150.jpg"],
      [[250,
        242],
       "http://api-images.crunchbase.com/assets/images/resized/0028/6344/286344v1-max-250x250.jpg"],
      [[369,
        358],
       "http://api-images.crunchbase.com/assets/images/resized/0028/6344/286344v1-max-450x450.jpg"]],
    "attribution": null}],
 "external_links":
  [{"external_url": "https://www.facebook.com/adoremeofficial",
    "title": "facebook"}],
 "partners":
  []}
