{"name": "AdsBrook",
 "permalink": "adsbrook",
 "crunchbase_url": "http://www.crunchbase.com/company/adsbrook",
 "homepage_url": "http://adsbrook.com",
 "blog_url": "http://blog.adsbrook.com",
 "blog_feed_url": "",
 "twitter_username": "ads_brook",
 "category_code": "advertising",
 "number_of_employees": 5,
 "founded_year": 2012,
 "founded_month": 5,
 "founded_day": 15,
 "deadpooled_year": null,
 "deadpooled_month": null,
 "deadpooled_day": null,
 "deadpooled_url": null,
 "tag_list": "advertising, mobile, web, africa, ad-network, in-app-ads, mobile-advertising",
 "alias_list": null,
 "email_address": "info@adsbrook.com",
 "phone_number": "+233501285744",
 "description": "African Online and Mobile Advertising",
 "created_at": "Sat Jun 23 09:36:24 UTC 2012",
 "updated_at": "Mon Apr 22 06:50:47 UTC 2013",
 "overview": "\u003Cp\u003EAn African internet and mobile Ad Network that provides relevant ads to web and mobile publishers and application developers thereby enabling businesses and advertising agencies to reach a new and wider audience through web and mobile channels.\u003C/p\u003E",
 "image":
  {"available_sizes":
    [[[150,
       150],
      "http://api-images.crunchbase.com/assets/images/resized/0019/6917/196917v4-max-150x150.png"],
     [[250,
       250],
      "http://api-images.crunchbase.com/assets/images/resized/0019/6917/196917v4-max-250x250.png"],
     [[250,
       250],
      "http://api-images.crunchbase.com/assets/images/resized/0019/6917/196917v4-max-450x450.png"]],
   "attribution": null},
 "products":
  [],
 "relationships":
  [{"is_past": false,
    "title": "CEO \u0026 CoFounder",
    "person":
     {"first_name": "Derek Jason",
      "last_name": "Bossman",
      "permalink": "derek-jason-bossman"}},
   {"is_past": false,
    "title": "CTO \u0026 CoFounder",
    "person":
     {"first_name": "Antoinette",
      "last_name": "Tettey",
      "permalink": "antoinette-tettey"}}],
 "competitions":
  [{"competitor":
     {"name": "InMobi",
      "permalink": "inmobi"}},
   {"competitor":
     {"name": "BuzzCity",
      "permalink": "buzzcity"}}],
 "providerships":
  [],
 "total_money_raised": "$0",
 "funding_rounds":
  [],
 "investments":
  [],
 "acquisition": null,
 "acquisitions":
  [],
 "offices":
  [],
 "milestones":
  [],
 "ipo": null,
 "video_embeds":
  [],
 "screenshots":
  [{"available_sizes":
     [[[150,
        53],
       "http://api-images.crunchbase.com/assets/images/resized/0021/1391/211391v2-max-150x150.jpg"],
      [[250,
        89],
       "http://api-images.crunchbase.com/assets/images/resized/0021/1391/211391v2-max-250x250.jpg"],
      [[450,
        160],
       "http://api-images.crunchbase.com/assets/images/resized/0021/1391/211391v2-max-450x450.jpg"]],
    "attribution": null}],
 "external_links":
  [],
 "partners":
  []}
