{"name": "Adslot",
 "permalink": "adslot",
 "crunchbase_url": "http://www.crunchbase.com/company/adslot",
 "homepage_url": "http://www.adslot.com",
 "blog_url": "http://www.adslot.com/blog",
 "blog_feed_url": "",
 "twitter_username": "Adslot",
 "category_code": "advertising",
 "number_of_employees": 50,
 "founded_year": 2007,
 "founded_month": null,
 "founded_day": null,
 "deadpooled_year": null,
 "deadpooled_month": null,
 "deadpooled_day": null,
 "deadpooled_url": null,
 "tag_list": "advertising, display-advertising, programmatic-direct, programmatic-premium, direct-sales, direct-ad-sales, guaranteed-trading-platform",
 "alias_list": null,
 "email_address": "info@adslot.com",
 "phone_number": "",
 "description": "Display Advertising: Solved",
 "created_at": "Mon Mar 19 21:39:53 UTC 2012",
 "updated_at": "Fri Apr 04 17:50:03 UTC 2014",
 "overview": "\u003Cp\u003EAdslot\u2019s leading programmatic direct platform is a purpose built media trading solution to meet the needs of buyers and sellers of premium display advertising.  Adslot benefits publishers, agencies and advertisers alike by providing structural efficiencies in the way premium display media is traded. Publishers realize significant reductions in the cost of fulfilment, freeing their sales teams to dedicate more time to building relationships and generating new revenue streams.  Media buyers and advertisers benefit from real time access to, and purchase of, guaranteed inventory across multiple publishers, including advanced planning capabilities.\u003C/p\u003E",
 "image":
  {"available_sizes":
    [[[150,
       150],
      "http://api-images.crunchbase.com/assets/images/resized/0018/0067/180067v5-max-150x150.jpg"],
     [[250,
       250],
      "http://api-images.crunchbase.com/assets/images/resized/0018/0067/180067v5-max-250x250.jpg"],
     [[450,
       450],
      "http://api-images.crunchbase.com/assets/images/resized/0018/0067/180067v5-max-450x450.jpg"]],
   "attribution": null},
 "products":
  [],
 "relationships":
  [{"is_past": false,
    "title": "Chairman",
    "person":
     {"first_name": "Andrew",
      "last_name": "Barlow",
      "permalink": "andrew-barlow"}},
   {"is_past": false,
    "title": "Chief Executive Officer",
    "person":
     {"first_name": "Ian",
      "last_name": "Lowe",
      "permalink": "ian-lowe"}},
   {"is_past": false,
    "title": "Chief Financial Officer",
    "person":
     {"first_name": "Brendan",
      "last_name": "Maher",
      "permalink": "brendan-maher"}},
   {"is_past": false,
    "title": "Non-Executive Director",
    "person":
     {"first_name": "Tiffany",
      "last_name": "Fuller",
      "permalink": "tiffany-fuller"}},
   {"is_past": false,
    "title": "Director",
    "person":
     {"first_name": "Ben",
      "last_name": "Dixon",
      "permalink": "ben-dixon-2"}},
   {"is_past": false,
    "title": "Non Executive Director",
    "person":
     {"first_name": "Adrian",
      "last_name": "Giles",
      "permalink": "adrian-giles"}},
   {"is_past": false,
    "title": "Non Executive Director",
    "person":
     {"first_name": "Geoff",
      "last_name": "Dixon",
      "permalink": "geoff-dixon"}},
   {"is_past": true,
    "title": "Non-Executive Director",
    "person":
     {"first_name": "Chris",
      "last_name": "Morris",
      "permalink": "chris-morris"}}],
 "competitions":
  [],
 "providerships":
  [],
 "total_money_raised": "$0",
 "funding_rounds":
  [],
 "investments":
  [],
 "acquisition": null,
 "acquisitions":
  [],
 "offices":
  [{"description": "Head Office",
    "address1": "Level 2",
    "address2": "85 Coventry Street, Victoria",
    "zip_code": "3205",
    "city": "South Melbourne",
    "state_code": null,
    "country_code": "AUS",
    "latitude": null,
    "longitude": null},
   {"description": "Adslot UK",
    "address1": "3rd Floor",
    "address2": "86-90 Paul Street",
    "zip_code": "EC2A 4NE",
    "city": "London",
    "state_code": null,
    "country_code": "GBR",
    "latitude": null,
    "longitude": null},
   {"description": "Adslot North America",
    "address1": "156 2nd St",
    "address2": "",
    "zip_code": "94105",
    "city": "San Francisco",
    "state_code": "CA",
    "country_code": "USA",
    "latitude": null,
    "longitude": null},
   {"description": "Adslot North America",
    "address1": "41 E 11th St",
    "address2": "11th Floor",
    "zip_code": "10003",
    "city": "New York",
    "state_code": "NY",
    "country_code": "USA",
    "latitude": null,
    "longitude": null},
   {"description": "Adslot Germany",
    "address1": "Hamburg Business Center",
    "address2": "Poststrasse 33",
    "zip_code": "20354",
    "city": "Hamburg",
    "state_code": null,
    "country_code": "DEU",
    "latitude": null,
    "longitude": null},
   {"description": "Adslot China",
    "address1": "1-231, Shanghai 1933",
    "address2": "No 10 Shajing Road",
    "zip_code": "200080",
    "city": "Shanghai",
    "state_code": null,
    "country_code": "CHN",
    "latitude": null,
    "longitude": null},
   {"description": "Adslot Australia",
    "address1": "Level 6, 241 Commonwealth St",
    "address2": "Surry Hills, New South Wales",
    "zip_code": "2010",
    "city": "Sydney",
    "state_code": null,
    "country_code": "AUS",
    "latitude": null,
    "longitude": null},
   {"description": "Adslot New Zealand",
    "address1": "Level 3",
    "address2": "48-52 Wyndham Street",
    "zip_code": "1010",
    "city": "Auckland",
    "state_code": null,
    "country_code": "NZL",
    "latitude": null,
    "longitude": null}],
 "milestones":
  [],
 "ipo": null,
 "video_embeds":
  [{"embed_code": "\u003Ciframe src=\"//player.vimeo.com/video/77379875\" width=\"430\" height=\"242\" frameborder=\"0\" webkitallowfullscreen mozallowfullscreen allowfullscreen\u003E\u003C/iframe\u003E",
    "description": "\u003Cp\u003EAdslot Media Marketplace\u003C/p\u003E"}],
 "screenshots":
  [],
 "external_links":
  [],
 "partners":
  []}
