{"name": "adsmobi",
 "permalink": "adsmobi",
 "crunchbase_url": "http://www.crunchbase.com/company/adsmobi",
 "homepage_url": "http://www.adsmobi.com",
 "blog_url": "http://www.adsmobi.com/blog",
 "blog_feed_url": "",
 "twitter_username": "adsmobi",
 "category_code": "mobile",
 "number_of_employees": 30,
 "founded_year": 2010,
 "founded_month": 2,
 "founded_day": null,
 "deadpooled_year": null,
 "deadpooled_month": null,
 "deadpooled_day": null,
 "deadpooled_url": null,
 "tag_list": "mobile-advertising, mobile, advertising, digital-advertising, digital, ad-network, agency, app-promotion, mobile-display, rich-media, mobile-video, location-based-advertising, app-downloads, rtb",
 "alias_list": null,
 "email_address": "contact@adsmobi.com",
 "phone_number": "+1 (646) 807-4596",
 "description": "",
 "created_at": "Wed May 23 13:40:30 UTC 2012",
 "updated_at": "Mon Dec 16 20:45:14 UTC 2013",
 "overview": "\u003Cp\u003EAdsmobi is a world class transparent Mobile Demand Platform for Mobile Advertising. Our Real Time Bidding technology is performance optimized, and integrated to the top mobile supply platforms all over the world.\u003C/p\u003E\n\n\u003Cp\u003EWe have pioneered cutting edge solutions that match advertisers with their target audiences to achieve the highest mobile ROI goals. Our state of the art optimization tools will ensure you generate tons of downloads at the most competitive price. Equally, our audience targeting will ensure you run successful branding campaigns.\u003C/p\u003E",
 "image":
  {"available_sizes":
    [[[150,
       22],
      "http://api-images.crunchbase.com/assets/images/resized/0019/1222/191222v4-max-150x150.jpg"],
     [[250,
       38],
      "http://api-images.crunchbase.com/assets/images/resized/0019/1222/191222v4-max-250x250.jpg"],
     [[327,
       50],
      "http://api-images.crunchbase.com/assets/images/resized/0019/1222/191222v4-max-450x450.jpg"]],
   "attribution": null},
 "products":
  [{"name": "Prime Location (Mobile Couponing Service)",
    "permalink": "prime-location-mobile-couponing-service"},
   {"name": "Rich Media \u0026 Mobile Video Ads",
    "permalink": "rich-media-mobile-video-ads"},
   {"name": "Incentivized \u0026 Non-Incentivized App Downloads",
    "permalink": "incentivized-non-incentivized-app-downloads"},
   {"name": "Audience Targeting",
    "permalink": "audience-targeting"},
   {"name": "Real Time Bidding",
    "permalink": "real-time-bidding"}],
 "relationships":
  [{"is_past": false,
    "title": "Co-Founder \u0026 Managing Director",
    "person":
     {"first_name": "Ramy",
      "last_name": "Yared",
      "permalink": "ramy-yared"}},
   {"is_past": false,
    "title": "Vice President Americas \u0026 EMEA",
    "person":
     {"first_name": "John",
      "last_name": "Rankin",
      "permalink": "john-rankin"}},
   {"is_past": false,
    "title": "Sales Director APAC",
    "person":
     {"first_name": "Wandrille",
      "last_name": "Pruvot",
      "permalink": "wandrille-pruvot"}},
   {"is_past": false,
    "title": "Head of Sales Development, APAC",
    "person":
     {"first_name": "Malcolm",
      "last_name": "Wong",
      "permalink": "malcolm-wong"}},
   {"is_past": false,
    "title": "Senior Marketing Manager",
    "person":
     {"first_name": "Alexander",
      "last_name": "Voss",
      "permalink": "alexander-voss"}},
   {"is_past": false,
    "title": "Director Ad Operations",
    "person":
     {"first_name": "Samuel",
      "last_name": "Tam",
      "permalink": "samuel-tam"}},
   {"is_past": true,
    "title": "Head of Sales Americas",
    "person":
     {"first_name": "Michael",
      "last_name": "Coppola",
      "permalink": "michael-coppola"}}],
 "competitions":
  [],
 "providerships":
  [],
 "total_money_raised": "$0",
 "funding_rounds":
  [],
 "investments":
  [],
 "acquisition":
  {"price_amount": null,
   "price_currency_code": "USD",
   "term_code": null,
   "source_url": "http://www.prweb.com/releases/2013/7/prweb10966236.htm",
   "source_description": "Smaato is integrating mobile demand platform Adsmobi to drive global mobile real-time bidding revenue",
   "acquired_year": 2013,
   "acquired_month": 7,
   "acquired_day": 25,
   "acquiring_company":
    {"name": "Smaato",
     "permalink": "smaato"}},
 "acquisitions":
  [],
 "offices":
  [{"description": "New York Headquarter",
    "address1": "260 Madison Ave, 8th floor",
    "address2": "",
    "zip_code": "10016",
    "city": "New York City",
    "state_code": "NY",
    "country_code": "USA",
    "latitude": null,
    "longitude": null},
   {"description": "London office",
    "address1": "25 Floral Street, Covent Garden",
    "address2": "",
    "zip_code": "WC2E 9DS",
    "city": "London",
    "state_code": null,
    "country_code": "GBR",
    "latitude": 51.5118888,
    "longitude": -0.1252926},
   {"description": "Singapore office",
    "address1": "333 North Bridge Rd, #05-00",
    "address2": "",
    "zip_code": "188721",
    "city": "Singapore",
    "state_code": null,
    "country_code": "SGP",
    "latitude": null,
    "longitude": null},
   {"description": "Hamburg office",
    "address1": "Gerhofstr. 2",
    "address2": "",
    "zip_code": "20354",
    "city": "Hamburg",
    "state_code": null,
    "country_code": "DEU",
    "latitude": null,
    "longitude": null}],
 "milestones":
  [],
 "ipo": null,
 "video_embeds":
  [{"embed_code": "\u003Ciframe width=\"430\" height=\"270\" src=\"http://www.youtube.com/embed/Z8zrhVb3zgI\" frameborder=\"0\" allowfullscreen\u003E\u003C/iframe\u003E",
    "description": "\u003Cp\u003EAdsmobi \u003C/p\u003E"}],
 "screenshots":
  [{"available_sizes":
     [[[150,
        55],
       "http://api-images.crunchbase.com/assets/images/resized/0019/1221/191221v2-max-150x150.jpg"],
      [[250,
        92],
       "http://api-images.crunchbase.com/assets/images/resized/0019/1221/191221v2-max-250x250.jpg"],
      [[450,
        166],
       "http://api-images.crunchbase.com/assets/images/resized/0019/1221/191221v2-max-450x450.jpg"]],
    "attribution": null},
   {"available_sizes":
     [[[150,
        55],
       "http://api-images.crunchbase.com/assets/images/resized/0022/0201/220201v2-max-150x150.jpg"],
      [[250,
        92],
       "http://api-images.crunchbase.com/assets/images/resized/0022/0201/220201v2-max-250x250.jpg"],
      [[450,
        166],
       "http://api-images.crunchbase.com/assets/images/resized/0022/0201/220201v2-max-450x450.jpg"]],
    "attribution": null}],
 "external_links":
  [{"external_url": "http://www.mobilemarketingmagazine.com/content/adsmobi-releases-united-smartphones-america-whitepaper",
    "title": "adsmobi Releases The United Smartphones of America Whitepaper"},
   {"external_url": "http://www.mobilemarketingmagazine.com/content/adsmobi-releases-united-smartphones-america-whitepaper",
    "title": "adsmobi Releases The United Smartphones of America Whitepaper"},
   {"external_url": "http://mobilemarketingmagazine.com/content/asia-10-heading-1bn-smartphones-2015",
    "title": "'Asia 10' Heading for 1bn Smartphones by 2015"},
   {"external_url": "http://www.medianama.com/2012/10/223-hungama-to-sell-adsmobis-mobile-ad-inventory-in-india/",
    "title": "Hungama To Sell Adsmobi\u2019s Mobile Ad Inventory In India"},
   {"external_url": "http://www.campaignlive.co.uk/analysis/1151989/",
    "title": "All About ... The launch of mobile 4G"},
   {"external_url": "http://www.mobilemarketingmagazine.com/content/mobile-advertising-worth-1bn-across-euro7-countries-2012",
    "title": "Mobile Advertising Worth $1bn Across Euro7 Countries in 2012"}],
 "partners":
  []}
