{"name": "Advance Digital",
 "permalink": "advance-digital",
 "crunchbase_url": "http://www.crunchbase.com/company/advance-digital",
 "homepage_url": null,
 "blog_url": null,
 "blog_feed_url": null,
 "twitter_username": null,
 "category_code": null,
 "number_of_employees": null,
 "founded_year": null,
 "founded_month": null,
 "founded_day": null,
 "deadpooled_year": null,
 "deadpooled_month": null,
 "deadpooled_day": null,
 "deadpooled_url": null,
 "tag_list": null,
 "alias_list": null,
 "email_address": null,
 "phone_number": null,
 "description": null,
 "created_at": "Fri Jul 13 21:39:43 UTC 2012",
 "updated_at": "Sun Jul 15 11:51:57 UTC 2012",
 "overview": null,
 "image": null,
 "products":
  [],
 "relationships":
  [{"is_past": false,
    "title": "Executive Director, National Strategic Sales at Advance Digital Media Group, a div. of Advance Publi",
    "person":
     {"first_name": "Robert",
      "last_name": "Palma",
      "permalink": "robert-palma"}},
   {"is_past": false,
    "title": "Senior Python Developer",
    "person":
     {"first_name": "Dan",
      "last_name": "Ferrante",
      "permalink": "dan-ferrante"}},
   {"is_past": true,
    "title": "Digital Strategist",
    "person":
     {"first_name": "Gabe",
      "last_name": "Elliott",
      "permalink": "gabe-elliott"}},
   {"is_past": true,
    "title": "Ad Operations Traffic Coordinator",
    "person":
     {"first_name": "Gary",
      "last_name": "Kertis",
      "permalink": "gary-kertis"}},
   {"is_past": true,
    "title": "Front-End Development Manager",
    "person":
     {"first_name": "Joseph",
      "last_name": "Johnson",
      "permalink": "joseph-johnson-2"}}],
 "competitions":
  [],
 "providerships":
  [],
 "total_money_raised": "$0",
 "funding_rounds":
  [],
 "investments":
  [{"funding_round":
     {"round_code": "unattributed",
      "source_url": "http://techcrunch.com/2013/05/21/wanderful-media-new-funding/",
      "source_description": "Newspaper Companies Invest Another $9M In Local Deal Startup Wanderful Media",
      "raised_amount": 9000000.0,
      "raised_currency_code": "USD",
      "funded_year": 2013,
      "funded_month": 5,
      "funded_day": 21,
      "company":
       {"name": "Wanderful Media",
        "permalink": "wanderful-media"}}}],
 "acquisition": null,
 "acquisitions":
  [],
 "offices":
  [],
 "milestones":
  [],
 "ipo": null,
 "video_embeds":
  [],
 "screenshots":
  [],
 "external_links":
  [],
 "partners":
  []}
