{"name": "AdVantage Networks",
 "permalink": "advantage-networks",
 "crunchbase_url": "http://www.crunchbase.com/company/advantage-networks",
 "homepage_url": "http://www.advn.com",
 "blog_url": "http://advnblog.wordpress.com",
 "blog_feed_url": "",
 "twitter_username": "AdVantageNtwrks",
 "category_code": null,
 "number_of_employees": null,
 "founded_year": 2010,
 "founded_month": 7,
 "founded_day": null,
 "deadpooled_year": null,
 "deadpooled_month": null,
 "deadpooled_day": null,
 "deadpooled_url": null,
 "tag_list": "",
 "alias_list": "",
 "email_address": "",
 "phone_number": "818-649-5710",
 "description": "",
 "created_at": "Fri Jul 13 05:05:48 UTC 2012",
 "updated_at": "Tue Dec 24 12:38:41 UTC 2013",
 "overview": "\u003Cp\u003EAdVantage Networks was founded by a pair of industry innovators known for delivering trusted solutions to many of today\u2019s global leaders.\u003C/p\u003E",
 "image":
  {"available_sizes":
    [[[150,
       47],
      "http://api-images.crunchbase.com/assets/images/resized/0020/0696/200696v4-max-150x150.jpg"],
     [[250,
       79],
      "http://api-images.crunchbase.com/assets/images/resized/0020/0696/200696v4-max-250x250.jpg"],
     [[398,
       127],
      "http://api-images.crunchbase.com/assets/images/resized/0020/0696/200696v4-max-450x450.jpg"]],
   "attribution": null},
 "products":
  [],
 "relationships":
  [{"is_past": false,
    "title": "CEO and Co-Founder",
    "person":
     {"first_name": "David",
      "last_name": "Grant",
      "permalink": "david-grant-3"}},
   {"is_past": false,
    "title": "CTO and Co-Founder",
    "person":
     {"first_name": "Sanjeev",
      "last_name": "Kuwadekar",
      "permalink": "sanjeev-kuwadekar"}},
   {"is_past": false,
    "title": "COO",
    "person":
     {"first_name": "Mike",
      "last_name": "Spalter",
      "permalink": "mike-spalter"}},
   {"is_past": false,
    "title": "EVP, Strategic Partnerships",
    "person":
     {"first_name": "Joe",
      "last_name": "Waimrin",
      "permalink": "joe-waimrin"}},
   {"is_past": false,
    "title": "VP of Network Sales",
    "person":
     {"first_name": "Matt",
      "last_name": "Yerington",
      "permalink": "matt-yerington"}}],
 "competitions":
  [],
 "providerships":
  [],
 "total_money_raised": "$2.15M",
 "funding_rounds":
  [{"id": 45579,
    "round_code": "unattributed",
    "source_url": "http://www.sec.gov/Archives/edgar/data/1498456/000137576512000001/xslFormDX01/primary_doc.xml",
    "source_description": "SEC",
    "raised_amount": 602000.0,
    "raised_currency_code": "USD",
    "funded_year": 2012,
    "funded_month": 6,
    "funded_day": 5,
    "investments":
     []},
   {"id": 49362,
    "round_code": "unattributed",
    "source_url": "http://www.sec.gov/Archives/edgar/data/1498456/000137576511000022/xslFormDX01/primary_doc.xml",
    "source_description": "SEC",
    "raised_amount": 1000000.0,
    "raised_currency_code": "USD",
    "funded_year": 2011,
    "funded_month": 11,
    "funded_day": 14,
    "investments":
     []},
   {"id": 59159,
    "round_code": "unattributed",
    "source_url": "http://www.sec.gov/Archives/edgar/data/1498456/000149845610000002/xslFormDX01/primary_doc.xml",
    "source_description": "SEC",
    "raised_amount": 550000.0,
    "raised_currency_code": "USD",
    "funded_year": 2010,
    "funded_month": 8,
    "funded_day": 9,
    "investments":
     []}],
 "investments":
  [],
 "acquisition":
  {"price_amount": null,
   "price_currency_code": "USD",
   "term_code": null,
   "source_url": "http://finance.yahoo.com/news/jmg-exploration-inc-signs-merger-235800982.html",
   "source_description": "JMG Exploration Inc. Signs Merger Agreement to Acquire Ad-Vantage Networks, Inc.",
   "acquired_year": 2012,
   "acquired_month": 7,
   "acquired_day": 12,
   "acquiring_company":
    {"name": "JMG Exploration",
     "permalink": "jmg-exploration-deleted"}},
 "acquisitions":
  [],
 "offices":
  [{"description": "",
    "address1": "600, North Brand Blvd Suite 230",
    "address2": "",
    "zip_code": "91203",
    "city": "Glendale",
    "state_code": "CA",
    "country_code": "USA",
    "latitude": null,
    "longitude": null}],
 "milestones":
  [],
 "ipo": null,
 "video_embeds":
  [],
 "screenshots":
  [{"available_sizes":
     [[[150,
        116],
       "http://api-images.crunchbase.com/assets/images/resized/0020/0697/200697v1-max-150x150.jpg"],
      [[250,
        193],
       "http://api-images.crunchbase.com/assets/images/resized/0020/0697/200697v1-max-250x250.jpg"],
      [[450,
        348],
       "http://api-images.crunchbase.com/assets/images/resized/0020/0697/200697v1-max-450x450.jpg"]],
    "attribution": null}],
 "external_links":
  [],
 "partners":
  []}
