{"name": "Adventure Cow",
 "permalink": "adventure-cow",
 "crunchbase_url": "http://www.crunchbase.com/company/adventure-cow",
 "homepage_url": "http://adventurecow.com",
 "blog_url": "",
 "blog_feed_url": "",
 "twitter_username": "adventurecow",
 "category_code": "games_video",
 "number_of_employees": null,
 "founded_year": null,
 "founded_month": null,
 "founded_day": null,
 "deadpooled_year": null,
 "deadpooled_month": null,
 "deadpooled_day": null,
 "deadpooled_url": null,
 "tag_list": "",
 "alias_list": null,
 "email_address": "",
 "phone_number": "",
 "description": "Digital publisher",
 "created_at": "Mon Jun 04 18:59:52 UTC 2012",
 "updated_at": "Sat Jun 09 16:49:53 UTC 2012",
 "overview": "\u003Cp\u003EAdventure Cow enables people to publish interactive stories and e-books.\u003C/p\u003E",
 "image": null,
 "products":
  [],
 "relationships":
  [],
 "competitions":
  [],
 "providerships":
  [],
 "total_money_raised": "$0",
 "funding_rounds":
  [],
 "investments":
  [],
 "acquisition": null,
 "acquisitions":
  [],
 "offices":
  [],
 "milestones":
  [],
 "ipo": null,
 "video_embeds":
  [],
 "screenshots":
  [],
 "external_links":
  [],
 "partners":
  []}
