{"name": "AdvertisingCrossing",
 "permalink": "advertisingcrossing",
 "crunchbase_url": "http://www.crunchbase.com/company/advertisingcrossing",
 "homepage_url": "http://www.advertisingcrossing.com",
 "blog_url": "",
 "blog_feed_url": "",
 "twitter_username": "AdvertisingXing",
 "category_code": "search",
 "number_of_employees": null,
 "founded_year": null,
 "founded_month": null,
 "founded_day": null,
 "deadpooled_year": null,
 "deadpooled_month": null,
 "deadpooled_day": null,
 "deadpooled_url": null,
 "tag_list": "media-jobs, advertising-jobs, jobs-in-media, marketing-advertising-jobs, jobs-in-advertising",
 "alias_list": null,
 "email_address": "",
 "phone_number": "",
 "description": "Advertising Jobs, Media Jobs",
 "created_at": "Mon Apr 30 12:26:58 UTC 2012",
 "updated_at": "Wed May 09 03:26:08 UTC 2012",
 "overview": "\u003Cp\u003EAdvertisingCrossing is the world leader in \u0026#8220;pure\u0026#8221; monitoring and reporting of jobs, through its active and growing research into all employers throughout the world. We take no money from employers or advertisers so our research results remain \u0026#8220;pure\u0026#8221; and uninfluenced by others.\u003C/p\u003E\n\n\u003Cp\u003EAdvertisingCrossing serves consumer job seekers, recruiting firms, university career service offices, unemployment offices and outplacement firms, bringing job opening research, employer information, and more to AdvertisingCrossing\u0026#8217;s clients.\u003C/p\u003E\n\n\u003Cp\u003EEmploymentCrossing has over 120 geographic and location-specific \u0026#8220;Crossing\u0026#8221; sites that service most professions and geographic areas in North America, Asia, the Middle East and Europe.\u003C/p\u003E\n\n\u003Cp\u003EEmploymentCrossing has over 300 employees. Its site LawCrossing has been on the Inc. 500 twice.\u003C/p\u003E\n\n\u003Cp\u003EAdvertisingCrossing is a company owned by Employment Research Institute, one of the world\u0026#8217;s largest conglomerates of job search-related companies.\u003C/p\u003E\n\n\u003Cp\u003EAdvertisingCrossing has been exceptionally effective at what it does, consistently increasing the number of jobs on its site year after year, even in down economies.\u003C/p\u003E",
 "image":
  {"available_sizes":
    [[[150,
       112],
      "http://api-images.crunchbase.com/assets/images/resized/0018/7230/187230v2-max-150x150.jpg"],
     [[160,
       120],
      "http://api-images.crunchbase.com/assets/images/resized/0018/7230/187230v2-max-250x250.jpg"],
     [[160,
       120],
      "http://api-images.crunchbase.com/assets/images/resized/0018/7230/187230v2-max-450x450.jpg"]],
   "attribution": null},
 "products":
  [],
 "relationships":
  [],
 "competitions":
  [],
 "providerships":
  [],
 "total_money_raised": "$0",
 "funding_rounds":
  [],
 "investments":
  [],
 "acquisition": null,
 "acquisitions":
  [],
 "offices":
  [],
 "milestones":
  [],
 "ipo": null,
 "video_embeds":
  [],
 "screenshots":
  [],
 "external_links":
  [],
 "partners":
  []}
