{"name": "Advisual Creative",
 "permalink": "advisual-creative",
 "crunchbase_url": "http://www.crunchbase.com/company/advisual-creative",
 "homepage_url": "http://www.advisualcreative.com",
 "blog_url": "",
 "blog_feed_url": "",
 "twitter_username": null,
 "category_code": "advertising",
 "number_of_employees": 5,
 "founded_year": 2003,
 "founded_month": 8,
 "founded_day": 31,
 "deadpooled_year": null,
 "deadpooled_month": null,
 "deadpooled_day": null,
 "deadpooled_url": null,
 "tag_list": "branding, graphics, advertising, exhibits, marketing",
 "alias_list": null,
 "email_address": "paul@advisualcreative.com",
 "phone_number": "614.805.3094",
 "description": "Advertising, Graphics, Visuals, Website",
 "created_at": "Wed Feb 29 22:12:30 UTC 2012",
 "updated_at": "Tue Mar 06 20:15:51 UTC 2012",
 "overview": "\u003Cp\u003EAdvisual Creative focused on building brand identity, developing marketing materials, and website design.\nOur goal is to capture your company or organization\u0026#8217;s mission, vision and identity, and express them\nin ways that resonate with your clientele. \u003C/p\u003E",
 "image": null,
 "products":
  [],
 "relationships":
  [],
 "competitions":
  [],
 "providerships":
  [],
 "total_money_raised": "$0",
 "funding_rounds":
  [],
 "investments":
  [],
 "acquisition": null,
 "acquisitions":
  [],
 "offices":
  [{"description": "",
    "address1": "",
    "address2": "",
    "zip_code": "",
    "city": "",
    "state_code": null,
    "country_code": "USA",
    "latitude": null,
    "longitude": null}],
 "milestones":
  [],
 "ipo": null,
 "video_embeds":
  [],
 "screenshots":
  [],
 "external_links":
  [],
 "partners":
  []}
