{"name": "Springboard Business Coaching",
 "permalink": "advicoach-cherry-hill",
 "crunchbase_url": "http://www.crunchbase.com/company/advicoach-cherry-hill",
 "homepage_url": null,
 "blog_url": "",
 "blog_feed_url": "",
 "twitter_username": "BizCoachBillNJ",
 "category_code": "consulting",
 "number_of_employees": null,
 "founded_year": null,
 "founded_month": null,
 "founded_day": null,
 "deadpooled_year": null,
 "deadpooled_month": null,
 "deadpooled_day": null,
 "deadpooled_url": null,
 "tag_list": "business-coach-cherry-hill-nj, business-consulting-cherry-hill-nj, business-consultant-cherry-hill, business-coaching-cherry-hill, business-planning-cherry-hill",
 "alias_list": null,
 "email_address": "",
 "phone_number": "(856) 751-1989",
 "description": "Business Management Consultant",
 "created_at": "Thu Mar 22 18:38:53 UTC 2012",
 "updated_at": "Thu Nov 22 06:17:13 UTC 2012",
 "overview": "\u003Cp\u003ELooking for a business coach who can help you grow your profits? Bill Silverman\u0026#8217;s commitment to provide you the finest business consulting will propel you to your unprecedented rise!\u003C/p\u003E",
 "image":
  {"available_sizes":
    [[[150,
       85],
      "http://api-images.crunchbase.com/assets/images/resized/0022/1521/221521v2-max-150x150.jpg"],
     [[250,
       142],
      "http://api-images.crunchbase.com/assets/images/resized/0022/1521/221521v2-max-250x250.jpg"],
     [[450,
       256],
      "http://api-images.crunchbase.com/assets/images/resized/0022/1521/221521v2-max-450x450.jpg"]],
   "attribution": null},
 "products":
  [],
 "relationships":
  [],
 "competitions":
  [],
 "providerships":
  [],
 "total_money_raised": "$0",
 "funding_rounds":
  [],
 "investments":
  [],
 "acquisition": null,
 "acquisitions":
  [],
 "offices":
  [],
 "milestones":
  [],
 "ipo": null,
 "video_embeds":
  [],
 "screenshots":
  [],
 "external_links":
  [],
 "partners":
  []}
