{"name": "AdviCoach",
 "permalink": "advicoach",
 "crunchbase_url": "http://www.crunchbase.com/company/advicoach",
 "homepage_url": "http://dmcfadyen.advicoach.com",
 "blog_url": "",
 "blog_feed_url": "",
 "twitter_username": "advicoach",
 "category_code": "legal",
 "number_of_employees": null,
 "founded_year": 2002,
 "founded_month": null,
 "founded_day": null,
 "deadpooled_year": null,
 "deadpooled_month": null,
 "deadpooled_day": null,
 "deadpooled_url": null,
 "tag_list": "",
 "alias_list": null,
 "email_address": "advicoach70@yahoo.com",
 "phone_number": "303-495-5460",
 "description": "Business Coaching Littleton CO",
 "created_at": "Wed Mar 21 17:35:15 UTC 2012",
 "updated_at": "Sun Mar 25 22:49:45 UTC 2012",
 "overview": "\u003Cp\u003ELooking for the right business coaching to reach your dream? Let AdviCoach business consultant Dave McFadyen help you on your road to corporate success as a business owner with a productive business.\u003C/p\u003E",
 "image": null,
 "products":
  [],
 "relationships":
  [],
 "competitions":
  [],
 "providerships":
  [],
 "total_money_raised": "$0",
 "funding_rounds":
  [],
 "investments":
  [],
 "acquisition": null,
 "acquisitions":
  [],
 "offices":
  [],
 "milestones":
  [],
 "ipo": null,
 "video_embeds":
  [],
 "screenshots":
  [],
 "external_links":
  [],
 "partners":
  []}
