{"name": "AFAR",
 "permalink": "afar",
 "crunchbase_url": "http://www.crunchbase.com/company/afar",
 "homepage_url": "http://www.afar.com",
 "blog_url": "",
 "blog_feed_url": "",
 "twitter_username": "afarmedia",
 "category_code": "travel",
 "number_of_employees": 40,
 "founded_year": 2007,
 "founded_month": null,
 "founded_day": null,
 "deadpooled_year": null,
 "deadpooled_month": null,
 "deadpooled_day": null,
 "deadpooled_url": null,
 "tag_list": "travel, social",
 "alias_list": "",
 "email_address": "community@afar.com",
 "phone_number": "415-814-1400",
 "description": "The Collaborative Travel Guide",
 "created_at": "Thu Jun 28 17:26:43 UTC 2012",
 "updated_at": "Sat Feb 01 20:41:41 UTC 2014",
 "overview": "\u003Cp\u003EAFAR is the collaborative travel guide.\u003C/p\u003E\n\n\u003Cp\u003EAFAR\u2019s focus is experiential travel: traveling to get beneath the surface of a place, to see it like the locals. At AFAR.com, an active and passionate community of travelers shares unique experiences by creating Highlights\u2014a photo, a description of a specific experience, and a location.\u003C/p\u003E\n\n\u003Cp\u003ETravelers can also create Wanderlists, which are lists of their own or other people\u0026#8217;s Highlights, grouped in whatever way they like\u2014perhaps as a wishlist of a future trip, as a journal of a past trip, or something altogether more creative. Wanderlists can be as specific as \u0026#8220;My Trip to Tokyo\u0026#8221; or as broad as \u0026#8220;Swimming Holes Worldwide.\u0026#8221;\u003C/p\u003E\n\n\u003Cp\u003EAFAR Media also publishes AFAR magazine, now in its third year and growing aggressively. AFAR Experiences, an immersive travel event, is in its second year, after a successful first event in Cairo in the fall of 2011. This October AFAR Experiences takes place in South Africa. And Learning AFAR is the philanthropic arm of the company, providing underserved high school students the opportunity for international travel. \u003C/p\u003E",
 "image":
  {"available_sizes":
    [[[150,
       150],
      "http://api-images.crunchbase.com/assets/images/resized/0019/7990/197990v2-max-150x150.png"],
     [[150,
       150],
      "http://api-images.crunchbase.com/assets/images/resized/0019/7990/197990v2-max-250x250.png"],
     [[150,
       150],
      "http://api-images.crunchbase.com/assets/images/resized/0019/7990/197990v2-max-450x450.png"]],
   "attribution": null},
 "products":
  [],
 "relationships":
  [{"is_past": false,
    "title": "Co-Founder, Chief Product Officer",
    "person":
     {"first_name": "Joe",
      "last_name": "Diaz",
      "permalink": "joe-diaz"}},
   {"is_past": false,
    "title": "CTO, VP Digital",
    "person":
     {"first_name": "Derek",
      "last_name": "Butcher",
      "permalink": "derek-butcher"}},
   {"is_past": false,
    "title": "VP, Editor in Chief",
    "person":
     {"first_name": "Julia",
      "last_name": "Cosgrove",
      "permalink": "julia-cosgrove"}},
   {"is_past": false,
    "title": "Chief Marketing Officer",
    "person":
     {"first_name": "Dinesh",
      "last_name": "Kapoor",
      "permalink": "dinesh-kapoor"}},
   {"is_past": false,
    "title": "Executive Vice President, Sales",
    "person":
     {"first_name": "Ellen",
      "last_name": "Asmodeo",
      "permalink": "ellen-asmodeo"}},
   {"is_past": false,
    "title": "COO",
    "person":
     {"first_name": "Laura",
      "last_name": "Simkins",
      "permalink": "laura-simkins"}},
   {"is_past": false,
    "title": "Integrated Marketing Director",
    "person":
     {"first_name": "Anjali",
      "last_name": "Virmani",
      "permalink": "anjali-virmani"}},
   {"is_past": false,
    "title": "West Coast Sales Director",
    "person":
     {"first_name": "Onnalee",
      "last_name": "MacDonald",
      "permalink": "onnalee-macdonald"}},
   {"is_past": false,
    "title": "International Travel Director",
    "person":
     {"first_name": "John",
      "last_name": "Galante",
      "permalink": "john-galante"}},
   {"is_past": false,
    "title": "Director of Photography",
    "person":
     {"first_name": "Tara",
      "last_name": "Guertin",
      "permalink": "tara-guertin"}},
   {"is_past": false,
    "title": "Director, AFAR Experiences",
    "person":
     {"first_name": "Jill",
      "last_name": "Greenwood",
      "permalink": "jill-greenwood"}},
   {"is_past": false,
    "title": "Co-founder \u0026 CEO",
    "person":
     {"first_name": "Greg",
      "last_name": "Sullivan",
      "permalink": "greg-sullivan"}},
   {"is_past": false,
    "title": "Senior Sales Director",
    "person":
     {"first_name": "Barry",
      "last_name": "Brown",
      "permalink": "barry-brown"}},
   {"is_past": false,
    "title": "East Coast Sales Director",
    "person":
     {"first_name": "Katherine",
      "last_name": "Kneier",
      "permalink": "katherine-kneier"}},
   {"is_past": false,
    "title": "Executive Editor",
    "person":
     {"first_name": "Jeremy",
      "last_name": "Saum",
      "permalink": "jeremy-saum"}},
   {"is_past": false,
    "title": "Director of Digital Content",
    "person":
     {"first_name": "Davina",
      "last_name": "Baum",
      "permalink": "davina-baum"}},
   {"is_past": false,
    "title": "Director of Audience Development",
    "person":
     {"first_name": "Sean",
      "last_name": "Nakamura",
      "permalink": "sean-nakamura"}},
   {"is_past": true,
    "title": "Executive Editor",
    "person":
     {"first_name": "Julia",
      "last_name": "Cosgrove",
      "permalink": "julia-cosgrove"}}],
 "competitions":
  [{"competitor":
     {"name": "Gogobot",
      "permalink": "gogobot"}},
   {"competitor":
     {"name": "TripAdvisor",
      "permalink": "tripadvisor"}}],
 "providerships":
  [],
 "total_money_raised": "$16M",
 "funding_rounds":
  [{"id": 30980,
    "round_code": "a",
    "source_url": "",
    "source_description": "",
    "raised_amount": 16000000.0,
    "raised_currency_code": "USD",
    "funded_year": 2009,
    "funded_month": 1,
    "funded_day": 1,
    "investments":
     []}],
 "investments":
  [],
 "acquisition": null,
 "acquisitions":
  [],
 "offices":
  [{"description": "HQ",
    "address1": "394 Pacific Ave",
    "address2": "Ste 200",
    "zip_code": "94111",
    "city": "San Francisco",
    "state_code": "CA",
    "country_code": "USA",
    "latitude": null,
    "longitude": null},
   {"description": "Sales",
    "address1": "25 West 45th St",
    "address2": "Ste 1208",
    "zip_code": "10036",
    "city": "New York",
    "state_code": "NY",
    "country_code": "USA",
    "latitude": null,
    "longitude": null}],
 "milestones":
  [],
 "ipo": null,
 "video_embeds":
  [],
 "screenshots":
  [{"available_sizes":
     [[[150,
        128],
       "http://api-images.crunchbase.com/assets/images/resized/0019/8410/198410v2-max-150x150.png"],
      [[250,
        214],
       "http://api-images.crunchbase.com/assets/images/resized/0019/8410/198410v2-max-250x250.png"],
      [[450,
        385],
       "http://api-images.crunchbase.com/assets/images/resized/0019/8410/198410v2-max-450x450.png"]],
    "attribution": null},
   {"available_sizes":
     [[[100,
        150],
       "http://api-images.crunchbase.com/assets/images/resized/0019/8411/198411v2-max-150x150.jpg"],
      [[166,
        250],
       "http://api-images.crunchbase.com/assets/images/resized/0019/8411/198411v2-max-250x250.jpg"],
      [[300,
        450],
       "http://api-images.crunchbase.com/assets/images/resized/0019/8411/198411v2-max-450x450.jpg"]],
    "attribution": null}],
 "external_links":
  [],
 "partners":
  []}
