{"name": "Afrihost",
 "permalink": "afrihost",
 "crunchbase_url": "http://www.crunchbase.com/company/afrihost",
 "homepage_url": "http://www.afrihost.com",
 "blog_url": "",
 "blog_feed_url": "",
 "twitter_username": "Afrihost",
 "category_code": null,
 "number_of_employees": null,
 "founded_year": 2000,
 "founded_month": null,
 "founded_day": null,
 "deadpooled_year": null,
 "deadpooled_month": null,
 "deadpooled_day": null,
 "deadpooled_url": null,
 "tag_list": null,
 "alias_list": "",
 "email_address": "",
 "phone_number": "011-612-7200",
 "description": "Provider of Internet Solutions",
 "created_at": "Tue Mar 06 19:00:05 UTC 2012",
 "updated_at": "Wed Jul 04 13:20:40 UTC 2012",
 "overview": "\u003Cp\u003EAfrihost is a company dedicated to delivering Internet Solutions, including ADSL Broadband and State-of-the-art Web Hosting that truly delights their clients. Afrihost was formed in August\nof 2000 on the premise that they could deliver a service superior to the industry-norm.\u003C/p\u003E",
 "image":
  {"available_sizes":
    [[[150,
       45],
      "http://api-images.crunchbase.com/assets/images/resized/0019/8811/198811v1-max-150x150.jpg"],
     [[224,
       68],
      "http://api-images.crunchbase.com/assets/images/resized/0019/8811/198811v1-max-250x250.jpg"],
     [[224,
       68],
      "http://api-images.crunchbase.com/assets/images/resized/0019/8811/198811v1-max-450x450.jpg"]],
   "attribution": null},
 "products":
  [],
 "relationships":
  [],
 "competitions":
  [],
 "providerships":
  [],
 "total_money_raised": "$0",
 "funding_rounds":
  [],
 "investments":
  [],
 "acquisition": null,
 "acquisitions":
  [],
 "offices":
  [{"description": "",
    "address1": "PO Box 5116",
    "address2": "Rivonia",
    "zip_code": "2128",
    "city": "Johannesburg",
    "state_code": null,
    "country_code": "ZAF",
    "latitude": null,
    "longitude": null}],
 "milestones":
  [],
 "ipo": null,
 "video_embeds":
  [],
 "screenshots":
  [{"available_sizes":
     [[[150,
        116],
       "http://api-images.crunchbase.com/assets/images/resized/0019/8812/198812v1-max-150x150.jpg"],
      [[250,
        194],
       "http://api-images.crunchbase.com/assets/images/resized/0019/8812/198812v1-max-250x250.jpg"],
      [[450,
        350],
       "http://api-images.crunchbase.com/assets/images/resized/0019/8812/198812v1-max-450x450.jpg"]],
    "attribution": null}],
 "external_links":
  [],
 "partners":
  []}
