{"name": "AgDNA",
 "permalink": "agdna-i-incorrectly-submitted-earlier",
 "crunchbase_url": "http://www.crunchbase.com/company/agdna-i-incorrectly-submitted-earlier",
 "homepage_url": "http://www.agdna.com",
 "blog_url": "",
 "blog_feed_url": "",
 "twitter_username": "myagdna",
 "category_code": "mobile",
 "number_of_employees": null,
 "founded_year": 2012,
 "founded_month": null,
 "founded_day": null,
 "deadpooled_year": null,
 "deadpooled_month": null,
 "deadpooled_day": null,
 "deadpooled_url": null,
 "tag_list": "agriculture, gps, app, farming, ag, tractor, asset, tracking, crop, iphone, smartphone, apps, grow, grower, growing",
 "alias_list": null,
 "email_address": "",
 "phone_number": "",
 "description": "Mobile technology for agriculture",
 "created_at": "Sun Jul 15 01:58:18 UTC 2012",
 "updated_at": "Wed Jul 18 06:26:28 UTC 2012",
 "overview": "\u003Cp\u003EAgDNA is a mobile GPS app allowing farmers and vehicle operators to track their in-field activities using GPS position. When combined with the wireless capabilities of a smartphone, AgDNA automatically synchronises all location based job activities to the cloud in real-time.\u003C/p\u003E\n\n\u003Cp\u003EThe combination of location, data and web connectivity allows growers to see their entire fleet in real-time on any iOS device or web browser. Farming productivity and decision making is enhanced through the availability of live data and seasonal cropping history.\u003C/p\u003E\n\n\u003Cp\u003EAgDNA is a free app which empowers farmers and machinery operators of all shapes and sizes around the world to enjoy the benefits of mobile asset tracking and wireless data management. From large broad acre farming to horticulture, row cropping to turf management, hobby farming to roadside maintenance, AgDNA has you covered.\u003C/p\u003E",
 "image":
  {"available_sizes":
    [[[150,
       150],
      "http://api-images.crunchbase.com/assets/images/resized/0020/0994/200994v2-max-150x150.png"],
     [[250,
       250],
      "http://api-images.crunchbase.com/assets/images/resized/0020/0994/200994v2-max-250x250.png"],
     [[450,
       450],
      "http://api-images.crunchbase.com/assets/images/resized/0020/0994/200994v2-max-450x450.png"]],
   "attribution": null},
 "products":
  [],
 "relationships":
  [],
 "competitions":
  [],
 "providerships":
  [],
 "total_money_raised": "$0",
 "funding_rounds":
  [],
 "investments":
  [],
 "acquisition": null,
 "acquisitions":
  [],
 "offices":
  [],
 "milestones":
  [],
 "ipo": null,
 "video_embeds":
  [],
 "screenshots":
  [],
 "external_links":
  [],
 "partners":
  []}
