{"name": "AgeInside",
 "permalink": "ageinside",
 "crunchbase_url": "http://www.crunchbase.com/company/ageinside",
 "homepage_url": "http://ageinside.com",
 "blog_url": "",
 "blog_feed_url": "",
 "twitter_username": null,
 "category_code": "web",
 "number_of_employees": null,
 "founded_year": 2012,
 "founded_month": 1,
 "founded_day": 1,
 "deadpooled_year": null,
 "deadpooled_month": null,
 "deadpooled_day": null,
 "deadpooled_url": null,
 "tag_list": "",
 "alias_list": null,
 "email_address": "info@ageinside.com",
 "phone_number": "",
 "description": "",
 "created_at": "Tue Mar 20 19:05:29 UTC 2012",
 "updated_at": "Mon Mar 26 01:23:45 UTC 2012",
 "overview": "\u003Cp\u003EAgeInside, Inc., a consumer-health media company, provides personalized health information and health management tools through desktop and mobile apps.\u003C/p\u003E",
 "image": null,
 "products":
  [],
 "relationships":
  [],
 "competitions":
  [],
 "providerships":
  [],
 "total_money_raised": "$0",
 "funding_rounds":
  [],
 "investments":
  [],
 "acquisition": null,
 "acquisitions":
  [],
 "offices":
  [],
 "milestones":
  [],
 "ipo": null,
 "video_embeds":
  [],
 "screenshots":
  [],
 "external_links":
  [],
 "partners":
  []}
