{"name": "AgileMD",
 "permalink": "agilemd",
 "crunchbase_url": "http://www.crunchbase.com/company/agilemd",
 "homepage_url": "http://www.agilemd.com",
 "blog_url": "http://agilemd.github.io/",
 "blog_feed_url": "",
 "twitter_username": "agilemd",
 "category_code": "medical",
 "number_of_employees": null,
 "founded_year": 2011,
 "founded_month": 5,
 "founded_day": null,
 "deadpooled_year": null,
 "deadpooled_month": null,
 "deadpooled_day": null,
 "deadpooled_url": null,
 "tag_list": "",
 "alias_list": "AgileDiagnosis",
 "email_address": "hello@agilemd.com",
 "phone_number": "+1 773-609-2405",
 "description": "High-yield clinical knowledge. Mobile.",
 "created_at": "Tue Apr 03 01:16:00 UTC 2012",
 "updated_at": "Fri Mar 14 23:20:20 UTC 2014",
 "overview": "\u003Cp\u003EAgileMD is building a central, mobile-first platform for creating, publishing, and distributing clinical guidelines and protocols.\u003C/p\u003E",
 "image":
  {"available_sizes":
    [[[150,
       38],
      "http://api-images.crunchbase.com/assets/images/resized/0019/5210/195210v5-max-150x150.png"],
     [[250,
       63],
      "http://api-images.crunchbase.com/assets/images/resized/0019/5210/195210v5-max-250x250.png"],
     [[450,
       114],
      "http://api-images.crunchbase.com/assets/images/resized/0019/5210/195210v5-max-450x450.png"]],
   "attribution": null},
 "products":
  [],
 "relationships":
  [{"is_past": false,
    "title": "Co-founder",
    "person":
     {"first_name": "Kurt",
      "last_name": "Ericson",
      "permalink": "kurt-ericson"}},
   {"is_past": false,
    "title": "Co-founder \u0026 CEO",
    "person":
     {"first_name": "Borna",
      "last_name": "Safabakhsh",
      "permalink": "borna-safabakhsh"}},
   {"is_past": true,
    "title": "Founder",
    "person":
     {"first_name": "Scott",
      "last_name": "Freedman",
      "permalink": "scott-freedman"}}],
 "competitions":
  [],
 "providerships":
  [],
 "total_money_raised": "$2M",
 "funding_rounds":
  [{"id": 30592,
    "round_code": "seed",
    "source_url": "http://www.sec.gov/Archives/edgar/data/1551462/000155146212000001/xslFormDX01/primary_doc.xml",
    "source_description": "SEC",
    "raised_amount": 2000000.0,
    "raised_currency_code": "USD",
    "funded_year": 2012,
    "funded_month": 6,
    "funded_day": 14,
    "investments":
     [{"company":
        {"name": "Rock Health",
         "permalink": "rock-health"},
       "financial_org": null,
       "person": null}]},
   {"id": 52789,
    "round_code": "seed",
    "source_url": "",
    "source_description": "y combinator source",
    "raised_amount": null,
    "raised_currency_code": "USD",
    "funded_year": 2011,
    "funded_month": 8,
    "funded_day": 2,
    "investments":
     [{"company":
        {"name": "Y Combinator",
         "permalink": "y-combinator"},
       "financial_org": null,
       "person": null}]}],
 "investments":
  [],
 "acquisition": null,
 "acquisitions":
  [],
 "offices":
  [{"description": "",
    "address1": "450 Clementina",
    "address2": "",
    "zip_code": "94103",
    "city": "San Francisco",
    "state_code": "CA",
    "country_code": "USA",
    "latitude": null,
    "longitude": null}],
 "milestones":
  [],
 "ipo": null,
 "video_embeds":
  [],
 "screenshots":
  [{"available_sizes":
     [[[150,
        90],
       "http://api-images.crunchbase.com/assets/images/resized/0041/6343/416343v1-max-150x150.png"],
      [[250,
        150],
       "http://api-images.crunchbase.com/assets/images/resized/0041/6343/416343v1-max-250x250.png"],
      [[450,
        270],
       "http://api-images.crunchbase.com/assets/images/resized/0041/6343/416343v1-max-450x450.png"]],
    "attribution": null}],
 "external_links":
  [{"external_url": "http://techcrunch.com/2012/04/03/agile-diagnosis-beta-launch/",
    "title": "Beta Launch on TechCrunch"}],
 "partners":
  []}
