{"name": "Agile Load",
 "permalink": "agile-load",
 "crunchbase_url": "http://www.crunchbase.com/company/agile-load",
 "homepage_url": "http://www.agileload.com",
 "blog_url": "",
 "blog_feed_url": "",
 "twitter_username": "agileload",
 "category_code": "software",
 "number_of_employees": null,
 "founded_year": null,
 "founded_month": null,
 "founded_day": null,
 "deadpooled_year": null,
 "deadpooled_month": null,
 "deadpooled_day": null,
 "deadpooled_url": null,
 "tag_list": "load-testingperformance-testingsoftware-testing",
 "alias_list": null,
 "email_address": "info@agileload.com",
 "phone_number": "",
 "description": "Load and performance testing",
 "created_at": "Tue Jun 12 14:06:40 UTC 2012",
 "updated_at": "Tue Jun 12 15:54:41 UTC 2012",
 "overview": "\u003Cp\u003EAgileLoad is a load testing tool for all kind of web and mobile application. It can be setup on a private network or from the cloud according to your needs.\u003C/p\u003E\n\n\u003Cp\u003EThe tool can learn complicated transactions and lets you record real user scenarios without programming knowledge. \u003C/p\u003E\n\n\u003Cp\u003EIt covers a broad range of performance monitor to help you discover performance bottlenecks of each component of your system. \u003C/p\u003E\n\n\u003Cp\u003EAgileLoad lets you build all your proof-of-concept test scenarios with 10 virtual users for free. You can decide to power up your application with unlimited virtual users and timeframe at your convenience. \u003C/p\u003E",
 "image":
  {"available_sizes":
    [[[150,
       34],
      "http://api-images.crunchbase.com/assets/images/resized/0019/5070/195070v2-max-150x150.png"],
     [[250,
       56],
      "http://api-images.crunchbase.com/assets/images/resized/0019/5070/195070v2-max-250x250.png"],
     [[450,
       102],
      "http://api-images.crunchbase.com/assets/images/resized/0019/5070/195070v2-max-450x450.png"]],
   "attribution": null},
 "products":
  [],
 "relationships":
  [],
 "competitions":
  [],
 "providerships":
  [],
 "total_money_raised": "$0",
 "funding_rounds":
  [],
 "investments":
  [],
 "acquisition": null,
 "acquisitions":
  [],
 "offices":
  [],
 "milestones":
  [],
 "ipo": null,
 "video_embeds":
  [],
 "screenshots":
  [],
 "external_links":
  [],
 "partners":
  []}
