{"name": "AgooBiz",
 "permalink": "agoobiz",
 "crunchbase_url": "http://www.crunchbase.com/company/agoobiz",
 "homepage_url": "http://www.AgooBiz.com",
 "blog_url": "http://www.agoobiz.com/blog/AgooBiz",
 "blog_feed_url": "",
 "twitter_username": "AgooBiz",
 "category_code": "ecommerce",
 "number_of_employees": null,
 "founded_year": 2011,
 "founded_month": 11,
 "founded_day": 15,
 "deadpooled_year": null,
 "deadpooled_month": null,
 "deadpooled_day": null,
 "deadpooled_url": null,
 "tag_list": "social-commerce-network, e-commerce, professional-networking, business-networking, social-media, marketing, business-to-business-community, social-networking-for-business, online-shopping, social-business",
 "alias_list": null,
 "email_address": "agoo@AgooBiz.com",
 "phone_number": "",
 "description": "Social Commerce Network",
 "created_at": "Mon Jun 25 21:03:07 UTC 2012",
 "updated_at": "Sun Oct 28 01:50:28 UTC 2012",
 "overview": "\u003Cp\u003EAgooBiz.com is an online B2B2C Social Commerce platform positioning itself to become the market leader in helping small businesses increase their sales and expand their operations. This will be accomplished through AgooBiz\u2019s proprietary Supply Chain Outlook tool, robust business networking features, and a full service e-commerce application. AgooBiz.com\u2019s PaaS (Platform as a Service) is a business-to-business solution fostering online relationships and transactions between manufacturers, wholesalers, distributors, retailers, and service providers. Our concept will revolutionize the way small businesses operate across the entire supply chain and help small businesses achieve their goals.\u003C/p\u003E\n\n\u003Cp\u003EMembers get an interactive chart for analyzing their existing business relationships and simulating potential relationships on a macro-level. Members can zoom into a micro-level of their chart to make rapid comparisons on price, cost, \u0026amp; products. Historical sales data and list of existing customers will also be available at their fingertips. The more content/data the members populate in their ecosystem, the more valuable the tools become.\u003C/p\u003E\n\n\u003Cp\u003EBy combining the power of AgooBiz\u2019s SC Outlook tool with its business networking features, members can perform market analysis, gain better insights into their competitors, research strategic alliance opportunities, and seek out new customers. Harnessing this information will propel members to find new buyers and suppliers, thereby generating more sales.\u003C/p\u003E\n\n\u003Cp\u003EBusiness relationships are encouraged, created, and maintained on AgooBiz\u2019s social commerce network. The company exploits the increasing adoption rate of social media by providing the most current social features on its platform and integrating the platform with members\u2019 existing profile content on external social networks.\u003C/p\u003E",
 "image":
  {"available_sizes":
    [[[37,
       37],
      "http://api-images.crunchbase.com/assets/images/resized/0019/7238/197238v2-max-150x150.jpg"],
     [[37,
       37],
      "http://api-images.crunchbase.com/assets/images/resized/0019/7238/197238v2-max-250x250.jpg"],
     [[37,
       37],
      "http://api-images.crunchbase.com/assets/images/resized/0019/7238/197238v2-max-450x450.jpg"]],
   "attribution": null},
 "products":
  [],
 "relationships":
  [{"is_past": false,
    "title": "Co-Founder / President",
    "person":
     {"first_name": "Steve",
      "last_name": "Kavetsky",
      "permalink": "steve-kavetsky"}},
   {"is_past": false,
    "title": "Co-Founder / CEO",
    "person":
     {"first_name": "Nadia",
      "last_name": "Kavetskaya",
      "permalink": "nadia-kavetskaya"}}],
 "competitions":
  [{"competitor":
     {"name": "LinkedIn",
      "permalink": "linkedin"}},
   {"competitor":
     {"name": "Amazon",
      "permalink": "amazon"}},
   {"competitor":
     {"name": "eBay",
      "permalink": "ebay"}},
   {"competitor":
     {"name": "Etsy",
      "permalink": "etsy"}},
   {"competitor":
     {"name": "Facebook",
      "permalink": "facebook"}}],
 "providerships":
  [],
 "total_money_raised": "$0",
 "funding_rounds":
  [],
 "investments":
  [],
 "acquisition": null,
 "acquisitions":
  [],
 "offices":
  [{"description": "Headquarters",
    "address1": "3115 Brighton 4th Street",
    "address2": "Suite 5P",
    "zip_code": "11235",
    "city": "Brooklyn",
    "state_code": "NY",
    "country_code": "USA",
    "latitude": null,
    "longitude": null}],
 "milestones":
  [{"id": 27339,
    "description": "The principals of AgooBiz are actively seeking a financial and strategic relationship with the investor community.",
    "stoned_year": 2012,
    "stoned_month": null,
    "stoned_day": null,
    "source_url": "",
    "source_text": null,
    "source_description": "",
    "stoneable_type": "Company",
    "stoned_value": null,
    "stoned_value_type": null,
    "stoned_acquirer": null,
    "stoneable":
     {"name": "AgooBiz",
      "permalink": "agoobiz"}},
   {"id": 27354,
    "description": "Igor Vishnevetsky joined the AgooBiz team as Financial Advisor",
    "stoned_year": 2011,
    "stoned_month": 10,
    "stoned_day": 5,
    "source_url": "",
    "source_text": null,
    "source_description": "",
    "stoneable_type": "Company",
    "stoned_value": null,
    "stoned_value_type": null,
    "stoned_acquirer": null,
    "stoneable":
     {"name": "AgooBiz",
      "permalink": "agoobiz"}},
   {"id": 27355,
    "description": "Rosamaria Mesuraca Sagese, Esq. joined the AgooBiz team as Legal Advisor",
    "stoned_year": 2011,
    "stoned_month": 10,
    "stoned_day": 9,
    "source_url": "",
    "source_text": null,
    "source_description": "",
    "stoneable_type": "Company",
    "stoned_value": null,
    "stoned_value_type": null,
    "stoned_acquirer": null,
    "stoneable":
     {"name": "AgooBiz",
      "permalink": "agoobiz"}}],
 "ipo": null,
 "video_embeds":
  [{"embed_code": "\u003Ciframe width=\"420\" height=\"315\" src=\"http://www.youtube.com/embed/WX_fG8nEgrA\" frameborder=\"0\" allowfullscreen\u003E\u003C/iframe\u003E",
    "description": "\u003Cp\u003EAgooBiz Video #1 // How To Join\u003C/p\u003E"},
   {"embed_code": "\u003Ciframe width=\"420\" height=\"315\" src=\"http://www.youtube.com/embed/fjb6mDwRkIU\" frameborder=\"0\" allowfullscreen\u003E\u003C/iframe\u003E",
    "description": "\u003Cp\u003EAgooBiz Video #2 // Get Familiar w/ Your New MicroSite\u003C/p\u003E"}],
 "screenshots":
  [],
 "external_links":
  [{"external_url": "http://www.prlog.org/11881341-new-social-commerce-network-agoobizcom-builds-bus-networking-commerce-platform-for-small-bus.html",
    "title": "Press Release about AgooBiz on PRLog.org"}],
 "partners":
  []}
