{"name": "agreement24 avtal24",
 "permalink": "agreement24-avtal24",
 "crunchbase_url": "http://www.crunchbase.com/company/agreement24-avtal24",
 "homepage_url": "http://www.agreement24.com",
 "blog_url": "",
 "blog_feed_url": "",
 "twitter_username": "agreement24",
 "category_code": "legal",
 "number_of_employees": null,
 "founded_year": 2004,
 "founded_month": null,
 "founded_day": null,
 "deadpooled_year": null,
 "deadpooled_month": null,
 "deadpooled_day": null,
 "deadpooled_url": null,
 "tag_list": "virtual-law, legalzoom, agreements",
 "alias_list": null,
 "email_address": "info@agreement24.com",
 "phone_number": "",
 "description": "virtual law",
 "created_at": "Thu May 24 12:11:02 UTC 2012",
 "updated_at": "Fri Jul 12 12:37:52 UTC 2013",
 "overview": "\u003Cp\u003EAgreement24 is a legal services company that uses document automation technology, web applications and legal content to deliver legal services to consumers and businesses across Europe.\u003C/p\u003E\n\n\u003Cp\u003EThe first version of the virtual lawyer was launched on the Swedish market early 2007 (avtal24).\u003C/p\u003E\n\n\u003Cp\u003EAgreement24:s cloud based platform, built on unique software, is easy and efficient to scale into new markets and products. Regardless of the jurisdiction (or the law) it can create the question flows, user design, database and the agreements efficiently. The more complex legal market the bigger the opportunity with this new technology that completely transforms and enhance the customer experience of legal help. \u003C/p\u003E",
 "image":
  {"available_sizes":
    [[[150,
       24],
      "http://api-images.crunchbase.com/assets/images/resized/0019/1502/191502v4-max-150x150.png"],
     [[250,
       40],
      "http://api-images.crunchbase.com/assets/images/resized/0019/1502/191502v4-max-250x250.png"],
     [[450,
       72],
      "http://api-images.crunchbase.com/assets/images/resized/0019/1502/191502v4-max-450x450.png"]],
   "attribution": null},
 "products":
  [],
 "relationships":
  [{"is_past": false,
    "title": "CEO",
    "person":
     {"first_name": "Magnus",
      "last_name": "Stein",
      "permalink": "magnus-stein"}},
   {"is_past": true,
    "title": "CTO",
    "person":
     {"first_name": "Marcus",
      "last_name": "Lenngren",
      "permalink": "marcus-lenngren"}}],
 "competitions":
  [{"competitor":
     {"name": "LegalZoom",
      "permalink": "legalzoom-com"}}],
 "providerships":
  [],
 "total_money_raised": "$2.8M",
 "funding_rounds":
  [{"id": 30157,
    "round_code": "angel",
    "source_url": "http://www.realtid.se/ArticlePages/201110/14/20111014121408_Realtid592/20111014121408_Realtid592.dbp.asp",
    "source_description": "Law to the masses",
    "raised_amount": 1300000.0,
    "raised_currency_code": "USD",
    "funded_year": 2010,
    "funded_month": 3,
    "funded_day": 1,
    "investments":
     [{"company": null,
       "financial_org": null,
       "person":
        {"first_name": "Sven",
         "last_name": "Hagstr\u00f6mer",
         "permalink": "sven-hagstrmer"}}]},
   {"id": 42405,
    "round_code": "unattributed",
    "source_url": "http://www.industrifonden.se/en/news/press-releases/2012/12/06/industrifonden-invests-in-online-legal-services",
    "source_description": "Industrifonden invests in online legal services",
    "raised_amount": 1500000.0,
    "raised_currency_code": "USD",
    "funded_year": 2012,
    "funded_month": 12,
    "funded_day": 6,
    "investments":
     [{"company": null,
       "financial_org":
        {"name": "Industrifonden",
         "permalink": "industrifonden"},
       "person": null}]}],
 "investments":
  [],
 "acquisition": null,
 "acquisitions":
  [],
 "offices":
  [{"description": "AB Avtal24",
    "address1": "Riddargatan 19",
    "address2": "",
    "zip_code": "",
    "city": "Stockholm",
    "state_code": null,
    "country_code": "SWE",
    "latitude": null,
    "longitude": null},
   {"description": "Agreement24 GmbH",
    "address1": "Seydlitzestrasse 4",
    "address2": "",
    "zip_code": "",
    "city": "Berlin",
    "state_code": null,
    "country_code": "DEU",
    "latitude": null,
    "longitude": null}],
 "milestones":
  [],
 "ipo": null,
 "video_embeds":
  [],
 "screenshots":
  [{"available_sizes":
     [[[150,
        120],
       "http://api-images.crunchbase.com/assets/images/resized/0019/1501/191501v2-max-150x150.png"],
      [[250,
        201],
       "http://api-images.crunchbase.com/assets/images/resized/0019/1501/191501v2-max-250x250.png"],
      [[450,
        362],
       "http://api-images.crunchbase.com/assets/images/resized/0019/1501/191501v2-max-450x450.png"]],
    "attribution": null}],
 "external_links":
  [{"external_url": "http://www.outsellinc.com/insights/11612",
    "title": "outsell"}],
 "partners":
  []}
