{"name": "Ahappydeal",
 "permalink": "ahappydeal",
 "crunchbase_url": "http://www.crunchbase.com/company/ahappydeal",
 "homepage_url": "http://www.ahappydeal.com",
 "blog_url": "",
 "blog_feed_url": "",
 "twitter_username": "a_happy_deal",
 "category_code": "ecommerce",
 "number_of_employees": null,
 "founded_year": 2009,
 "founded_month": 7,
 "founded_day": 1,
 "deadpooled_year": null,
 "deadpooled_month": null,
 "deadpooled_day": null,
 "deadpooled_url": null,
 "tag_list": "china-wholesale, china-gadgets, china-wholesale-electronics, china-wholesale-accessories",
 "alias_list": null,
 "email_address": "Support@ahappydeal.com",
 "phone_number": "",
 "description": "Professional China wholesaler",
 "created_at": "Wed Jun 13 09:47:51 UTC 2012",
 "updated_at": "Sun Jun 17 13:38:53 UTC 2012",
 "overview": "",
 "image":
  {"available_sizes":
    [[[150,
       21],
      "http://api-images.crunchbase.com/assets/images/resized/0019/5233/195233v2-max-150x150.jpg"],
     [[250,
       35],
      "http://api-images.crunchbase.com/assets/images/resized/0019/5233/195233v2-max-250x250.jpg"],
     [[450,
       63],
      "http://api-images.crunchbase.com/assets/images/resized/0019/5233/195233v2-max-450x450.jpg"]],
   "attribution": null},
 "products":
  [],
 "relationships":
  [],
 "competitions":
  [],
 "providerships":
  [],
 "total_money_raised": "$0",
 "funding_rounds":
  [],
 "investments":
  [],
 "acquisition": null,
 "acquisitions":
  [],
 "offices":
  [],
 "milestones":
  [],
 "ipo": null,
 "video_embeds":
  [],
 "screenshots":
  [],
 "external_links":
  [],
 "partners":
  []}
