{"name": "AHOYZ Mobile Marketing",
 "permalink": "ahoyz-mobile-marketing",
 "crunchbase_url": "http://www.crunchbase.com/company/ahoyz-mobile-marketing",
 "homepage_url": "http://www.AHOYZ.com",
 "blog_url": "",
 "blog_feed_url": "",
 "twitter_username": null,
 "category_code": "mobile",
 "number_of_employees": 3,
 "founded_year": 2011,
 "founded_month": 12,
 "founded_day": 31,
 "deadpooled_year": null,
 "deadpooled_month": null,
 "deadpooled_day": null,
 "deadpooled_url": null,
 "tag_list": "mobile-app-developer-orlando-miami-tampa-florida-smartphone-website-apple-android-app-business-app",
 "alias_list": null,
 "email_address": "info@ahoyz.com",
 "phone_number": "",
 "description": "Application Website Developers",
 "created_at": "Tue Mar 27 22:54:08 UTC 2012",
 "updated_at": "Fri Mar 30 15:30:49 UTC 2012",
 "overview": "\u003Cp\u003ESmart business owners across the globe are realizing the power of mobile devices. The App Revolution is here. AHOYZ! will show you how to harness the power of the smart phones that most of your customers (and prospective customers) are carrying with them ALL THE TIME! With your own iPhone, iPad and even Android App, you can reach out touch these people. \u003C/p\u003E\n\n\u003Cp\u003EThe AHOYZ! staff professionally designs and builds your App. The App can be up and live in a few short days, ready to work as your Mobile marketing arm 24/7!\u003C/p\u003E\n\n\u003Cp\u003EBusiness owners everywhere are seeing the future of Apps, and the value in having a Mobile App for your business, increasing your Brand visibility, customer loyalty, promotional ability and overall interaction with your customers. And by utilizing counter top displays or window posters that display your \u201cApp icon\u201d, AHOYZ! will help you harness the power of this powerful marketing medium. \u003C/p\u003E",
 "image":
  {"available_sizes":
    [[[150,
       103],
      "http://api-images.crunchbase.com/assets/images/resized/0018/1409/181409v2-max-150x150.png"],
     [[250,
       172],
      "http://api-images.crunchbase.com/assets/images/resized/0018/1409/181409v2-max-250x250.png"],
     [[450,
       310],
      "http://api-images.crunchbase.com/assets/images/resized/0018/1409/181409v2-max-450x450.png"]],
   "attribution": null},
 "products":
  [],
 "relationships":
  [],
 "competitions":
  [],
 "providerships":
  [],
 "total_money_raised": "$0",
 "funding_rounds":
  [],
 "investments":
  [],
 "acquisition": null,
 "acquisitions":
  [],
 "offices":
  [],
 "milestones":
  [],
 "ipo": null,
 "video_embeds":
  [],
 "screenshots":
  [],
 "external_links":
  [],
 "partners":
  []}
