{"name": "AIA Insurance New Zealand",
 "permalink": "aia-insurance-new-zealand",
 "crunchbase_url": "http://www.crunchbase.com/company/aia-insurance-new-zealand",
 "homepage_url": "http://www.aia.co.nz/en",
 "blog_url": "",
 "blog_feed_url": "",
 "twitter_username": null,
 "category_code": "other",
 "number_of_employees": null,
 "founded_year": null,
 "founded_month": null,
 "founded_day": null,
 "deadpooled_year": null,
 "deadpooled_month": null,
 "deadpooled_day": null,
 "deadpooled_url": null,
 "tag_list": "new-business-insurance, business-insurance",
 "alias_list": null,
 "email_address": "nz.service@aia.com",
 "phone_number": "0800 800 242",
 "description": "Business Insurance NZ",
 "created_at": "Thu Jul 05 03:29:02 UTC 2012",
 "updated_at": "Thu Jul 05 20:49:01 UTC 2012",
 "overview": "\u003Cp\u003EAIA Group is working since 1981 in New Zealand and since then they have provided many businesses and individuals\u2019 innovative insurance products. With over 90 years of experience in global market, AIA understands how devastating it can be if a huge risk is not covered and risk turns out to be a big loss.\u003C/p\u003E\n\n\u003Cp\u003EEven though they are based in Auckland and have regional representation in Christchurch, wellington and Hamilton, they reach in every corner of the country through their Insurance Adviser network.\u003C/p\u003E\n\n\u003Cp\u003EWhatever your risk is, whatever your need is, AIA will give you the best risk management strategy and best insurance product that will suit your need. \u003C/p\u003E",
 "image":
  {"available_sizes":
    [[[144,
       150],
      "http://api-images.crunchbase.com/assets/images/resized/0019/8897/198897v2-max-150x150.jpg"],
     [[220,
       229],
      "http://api-images.crunchbase.com/assets/images/resized/0019/8897/198897v2-max-250x250.jpg"],
     [[220,
       229],
      "http://api-images.crunchbase.com/assets/images/resized/0019/8897/198897v2-max-450x450.jpg"]],
   "attribution": null},
 "products":
  [],
 "relationships":
  [],
 "competitions":
  [],
 "providerships":
  [],
 "total_money_raised": "$0",
 "funding_rounds":
  [],
 "investments":
  [],
 "acquisition": null,
 "acquisitions":
  [],
 "offices":
  [],
 "milestones":
  [],
 "ipo": null,
 "video_embeds":
  [],
 "screenshots":
  [],
 "external_links":
  [{"external_url": "http://www.aia.co.nz/en/business/products-and-services/new-business-insurance/",
    "title": "Business Insurance NZ"},
   {"external_url": "http://prwire.com.au/pr/26330/aia-new-zealand-healthy-living-index-survw Zealand Healthy Living Index Survey Findingsey-findings",
    "title": "AIA New Zealand Healthy Living Index Survey Findings"},
   {"external_url": "http://www.scoop.co.nz/stories/BU1105/S00684/aia-to-become-a-constituent-stock-of-the-hang-seng-index.htm",
    "title": "AIA to become a constituent stock of the Hang Seng Index"}],
 "partners":
  []}
