{"name": "AIBioTech",
 "permalink": "aibiotech",
 "crunchbase_url": "http://www.crunchbase.com/company/aibiotech",
 "homepage_url": "http://www.aibiotech.com/Home.aspx",
 "blog_url": "",
 "blog_feed_url": "",
 "twitter_username": "AIBioTech",
 "category_code": "biotech",
 "number_of_employees": null,
 "founded_year": 1992,
 "founded_month": null,
 "founded_day": null,
 "deadpooled_year": null,
 "deadpooled_month": null,
 "deadpooled_day": null,
 "deadpooled_url": null,
 "tag_list": "",
 "alias_list": "",
 "email_address": "aibiotech@gmail.com",
 "phone_number": "1.800.735.9224",
 "description": "",
 "created_at": "Sun Jul 01 23:51:53 UTC 2012",
 "updated_at": "Fri Oct 25 01:34:42 UTC 2013",
 "overview": "\u003Cp\u003EAIBioTech provides drug discovery and diagnostic development organizations a broad range of world-class laboratory services to bring new products to market.\u003C/p\u003E\n\n\u003Cp\u003ELocated in a 32,000 square foot laboratory in Richmond, Virginia, AIBioTech is one of the world\u0026#8217;s most comprehensive Contract Research Organizations in operation. AIBioTech provides reliable expertise and cutting-edge technologies which are not available from other companies.\u003C/p\u003E\n\n\u003Cp\u003EAn expert core laboratory, we provide consultation on experimental design and offer comprehensive services under GLP and non-GLP compliance. These services are offered individually or can be integrated to support product development from discovery-to-market with full Regulatory Support under FDA GLP Guidelines 21 CFR 58.\u003C/p\u003E\n\n\u003Cp\u003EAIBioTech provides the following capabilities to clients:\u003C/p\u003E\n\n\u003Cp\u003EMolecular biology\nProtein expression \u0026amp; analysis and peptide synthesis \u0026amp; purification\nBio-analytical services (CLIA certified)\nAssay development and validation\nMicrobiology, virology \u0026amp; biosafety testing (BSL3 facilities)\nProgram expertise\u003C/p\u003E",
 "image":
  {"available_sizes":
    [[[150,
       50],
      "http://api-images.crunchbase.com/assets/images/resized/0020/2004/202004v2-max-150x150.png"],
     [[225,
       75],
      "http://api-images.crunchbase.com/assets/images/resized/0020/2004/202004v2-max-250x250.png"],
     [[225,
       75],
      "http://api-images.crunchbase.com/assets/images/resized/0020/2004/202004v2-max-450x450.png"]],
   "attribution": null},
 "products":
  [],
 "relationships":
  [{"is_past": false,
    "title": "CEO",
    "person":
     {"first_name": "David",
      "last_name": "Bostwick",
      "permalink": "david-g-bostwick"}},
   {"is_past": false,
    "title": "President, CSO",
    "person":
     {"first_name": "Robert",
      "last_name": "B. Harris",
      "permalink": "robert-b-harris"}},
   {"is_past": false,
    "title": "Executive VP",
    "person":
     {"first_name": "Thomas",
      "last_name": "R. Reynolds",
      "permalink": "thomas-r-reynolds"}},
   {"is_past": false,
    "title": "Vice President, DNA Services",
    "person":
     {"first_name": "Gregory",
      "last_name": "Meyers",
      "permalink": "gregory-meyers"}},
   {"is_past": false,
    "title": "Director of Biological Chemistries",
    "person":
     {"first_name": "Russell",
      "last_name": "L. Wolz",
      "permalink": "russell-l-wolz"}},
   {"is_past": false,
    "title": "Director, Bioorganic Chemistry",
    "person":
     {"first_name": "Karen",
      "last_name": "Carter",
      "permalink": "karen-carter"}},
   {"is_past": false,
    "title": "Director, QA and Regulatory Compliance",
    "person":
     {"first_name": "Michelle",
      "last_name": "Lilly",
      "permalink": "michelle-lilly"}},
   {"is_past": true,
    "title": "CEO",
    "person":
     {"first_name": "Robert",
      "last_name": "B. Harris",
      "permalink": "robert-b-harris"}},
   {"is_past": true,
    "title": "Senior Quality Assurance Manager.",
    "person":
     {"first_name": "Michelle",
      "last_name": "Lilly",
      "permalink": "michelle-lilly"}}],
 "competitions":
  [],
 "providerships":
  [],
 "total_money_raised": "$0",
 "funding_rounds":
  [],
 "investments":
  [],
 "acquisition": null,
 "acquisitions":
  [],
 "offices":
  [{"description": "",
    "address1": "601 Biotech Drive",
    "address2": "",
    "zip_code": "23235",
    "city": "Richmond",
    "state_code": "VA",
    "country_code": "USA",
    "latitude": null,
    "longitude": null}],
 "milestones":
  [{"id": 25067,
    "description": "AI BioTech wins $ 4.3 Million Next Generation Sequence and Bioinformatic Analysis contract",
    "stoned_year": 2012,
    "stoned_month": 7,
    "stoned_day": 9,
    "source_url": "http://www.marketwatch.com/story/ai-biotech-announces-43-million-contract-award-2012-07-09",
    "source_text": null,
    "source_description": "AI BioTech Announces $ 4.3 Million Contract Award",
    "stoneable_type": "Company",
    "stoned_value": null,
    "stoned_value_type": null,
    "stoned_acquirer": null,
    "stoneable":
     {"name": "AIBioTech",
      "permalink": "aibiotech"}},
   {"id": 25068,
    "description": "AIBioTech expands forensic capabilities with Mitotyping Technologies\r\n",
    "stoned_year": 2012,
    "stoned_month": 7,
    "stoned_day": 16,
    "source_url": "http://www.marketwatch.com/story/aibiotech-purchases-mitotyping-technologies-2012-07-16",
    "source_text": null,
    "source_description": "AIBioTech Purchases Mitotyping Technologies",
    "stoneable_type": "Company",
    "stoned_value": null,
    "stoned_value_type": null,
    "stoned_acquirer": null,
    "stoneable":
     {"name": "AIBioTech",
      "permalink": "aibiotech"}}],
 "ipo": null,
 "video_embeds":
  [],
 "screenshots":
  [],
 "external_links":
  [],
 "partners":
  []}
