{"name": "Aidin",
 "permalink": "aidin",
 "crunchbase_url": "http://www.crunchbase.com/company/aidin",
 "homepage_url": "http://www.myaidin.com",
 "blog_url": "",
 "blog_feed_url": "",
 "twitter_username": "myaidin",
 "category_code": "software",
 "number_of_employees": null,
 "founded_year": null,
 "founded_month": null,
 "founded_day": null,
 "deadpooled_year": null,
 "deadpooled_month": null,
 "deadpooled_day": null,
 "deadpooled_url": null,
 "tag_list": "health-care, medical-devices, diagnostics",
 "alias_list": "",
 "email_address": "info@myaidin.com",
 "phone_number": "",
 "description": "Discharge planning that\u2019s faster",
 "created_at": "Sat Jun 16 10:58:40 UTC 2012",
 "updated_at": "Tue Apr 08 21:33:39 UTC 2014",
 "overview": "\u003Cp\u003EAidin was created specifically for discharge planning professionals. Aidin integrates into the discharge planning workflow to free social workers from administrative tasks and re-center their time around patients. By automatically generating listings of available providers, Aidin eliminates phone calls and faxes and empowers patients with quality of care ratings and reviews to make decision-making quick, easy, and informed. Aidin works with hospitals to track patient experiences and outcomes to help case managers gain insight into which post-acute providers best serve specific health conditions.\u003C/p\u003E",
 "image":
  {"available_sizes":
    [[[150,
       65],
      "http://api-images.crunchbase.com/assets/images/resized/0019/5774/195774v1-max-150x150.jpg"],
     [[244,
       106],
      "http://api-images.crunchbase.com/assets/images/resized/0019/5774/195774v1-max-250x250.jpg"],
     [[244,
       106],
      "http://api-images.crunchbase.com/assets/images/resized/0019/5774/195774v1-max-450x450.jpg"]],
   "attribution": null},
 "products":
  [],
 "relationships":
  [{"is_past": false,
    "title": "Chief Technology Officer",
    "person":
     {"first_name": "Janan",
      "last_name": "Rejeevikaran",
      "permalink": "janan-rejeevikaran"}},
   {"is_past": false,
    "title": "Chief Executive Officer",
    "person":
     {"first_name": "Russ",
      "last_name": "Graney",
      "permalink": "russ-graney"}},
   {"is_past": false,
    "title": "Chief Operating Officer",
    "person":
     {"first_name": "Mike",
      "last_name": "Galbo",
      "permalink": "mike-galbo"}}],
 "competitions":
  [],
 "providerships":
  [],
 "total_money_raised": "$600k",
 "funding_rounds":
  [{"id": 30676,
    "round_code": "unattributed",
    "source_url": "http://techcrunch.com/2012/06/15/aidin-seed-round/",
    "source_description": "Aidin Finds $600K From General Catalyst \u0026 More For A Yelp For Continuing Care",
    "raised_amount": 600000.0,
    "raised_currency_code": "USD",
    "funded_year": 2012,
    "funded_month": 6,
    "funded_day": 16,
    "investments":
     [{"company": null,
       "financial_org":
        {"name": "General Catalyst Partners",
         "permalink": "general-catalyst-partners"},
       "person": null},
      {"company": null,
       "financial_org":
        {"name": "HLM Venture Partners",
         "permalink": "hlm-venture-partners"},
       "person": null},
      {"company": null,
       "financial_org":
        {"name": "Red Swan",
         "permalink": "red-swan"},
       "person": null},
      {"company": null,
       "financial_org":
        {"name": "Band of Angels",
         "permalink": "band-of-angels"},
       "person": null}]},
   {"id": 66339,
    "round_code": "seed",
    "source_url": "http://betabeat.com/2012/03/inaugural-blueprint-health-startups-meet-their-public/",
    "source_description": "Inaugural Blueprint Health Startups Pitch Investors on Disrupting Health Industry",
    "raised_amount": null,
    "raised_currency_code": "USD",
    "funded_year": 2012,
    "funded_month": 3,
    "funded_day": 29,
    "investments":
     [{"company":
        {"name": "Blueprint Health Accelerator",
         "permalink": "blueprint-health-accelerator"},
       "financial_org": null,
       "person": null}]}],
 "investments":
  [],
 "acquisition": null,
 "acquisitions":
  [],
 "offices":
  [{"description": "",
    "address1": "36 East 12th Street",
    "address2": "c/o Dogpatch Labs",
    "zip_code": "10003",
    "city": "New York",
    "state_code": "NY",
    "country_code": "USA",
    "latitude": null,
    "longitude": null},
   {"description": "",
    "address1": "1181 Broadway",
    "address2": "",
    "zip_code": "10001",
    "city": "New York",
    "state_code": "NY",
    "country_code": "USA",
    "latitude": null,
    "longitude": null}],
 "milestones":
  [],
 "ipo": null,
 "video_embeds":
  [{"embed_code": "\u003Cobject type=\"application/x-shockwave-flash\" width=\"420\" height=\"310\" data=\"http://getembedplus.com/embedplus.swf\" id=\"ep9667\"\u003E \u003Cparam value=\"http://getembedplus.com/embedplus.swf\" name=\"movie\" /\u003E \u003Cparam value=\"high\" name=\"quality\" /\u003E \u003Cparam value=\"transparent\" name=\"wmode\" /\u003E \u003Cparam value=\"always\" name=\"allowscriptaccess\" /\u003E \u003Cparam value=\"true\" name=\"allowFullScreen\" /\u003E \u003Cparam name=\"flashvars\" value=\"ytid=xHdLqsdLXiA\u0026width=551\u0026height=278\u0026start=\u0026stop=\u0026hd=0\u0026autoplay=0\u0026react=1\u0026chapters=\u0026notes=\" /\u003E \u003Ciframe class=\"cantembedplus\" title=\"YouTube video player\" width=\"551\" height=\"278\" src=\"http://www.youtube.com/embed/xHdLqsdLXiA?fs=1\" frameborder=\"0\" allowfullscreen\u003E\u003C/iframe\u003E \u003C/object\u003E \u003C!--[if lte IE 6]\u003E \u003Cstyle type=\"text/css\"\u003E.cantembedplus{display:none;}\u003C/style\u003E\u003C![endif]--\u003E",
    "description": "\u003Cp\u003EVideo\u003C/p\u003E"}],
 "screenshots":
  [{"available_sizes":
     [[[150,
        118],
       "http://api-images.crunchbase.com/assets/images/resized/0019/5775/195775v1-max-150x150.jpg"],
      [[250,
        196],
       "http://api-images.crunchbase.com/assets/images/resized/0019/5775/195775v1-max-250x250.jpg"],
      [[450,
        354],
       "http://api-images.crunchbase.com/assets/images/resized/0019/5775/195775v1-max-450x450.jpg"]],
    "attribution": null}],
 "external_links":
  [],
 "partners":
  [{"partner_name": "angel_list",
    "homepage_url": "http://myaidin.com",
    "link_1_url": "https://angel.co/aidin",
    "link_2_url": "https://angel.co/aidin/jobs?utc_source=crunchbase\u0026amp;utm_campaign=crunchbase\u0026amp;utm_content=jobs\u0026amp;utm_medium=link\u0026amp;utm_term=aidin",
    "link_3_url": null,
    "link_1_name": "AngelList Page",
    "link_2_name": "Hiring: Senior Project Manager",
    "link_3_name": null}]}
