{"name": "Airsee",
 "permalink": "airsee-2",
 "crunchbase_url": "http://www.crunchbase.com/company/airsee-2",
 "homepage_url": "http://www.airsee.com",
 "blog_url": "http://www.airsee.com/blog",
 "blog_feed_url": "",
 "twitter_username": "airsee_raj",
 "category_code": "web",
 "number_of_employees": 2,
 "founded_year": 2012,
 "founded_month": 1,
 "founded_day": 24,
 "deadpooled_year": null,
 "deadpooled_month": null,
 "deadpooled_day": null,
 "deadpooled_url": null,
 "tag_list": "live-video, chat, meet-ups",
 "alias_list": null,
 "email_address": "raj@airsee.com",
 "phone_number": "862-232-3757",
 "description": "Web Based Meetup Events",
 "created_at": "Sat Mar 24 07:13:10 UTC 2012",
 "updated_at": "Mon Mar 26 02:03:10 UTC 2012",
 "overview": "\u003Cp\u003EBringing Life to the internet through web based meetups using webcam and microphone.\u003C/p\u003E",
 "image":
  {"available_sizes":
    [[[136,
       136],
      "http://api-images.crunchbase.com/assets/images/resized/0018/0835/180835v2-max-150x150.png"],
     [[136,
       136],
      "http://api-images.crunchbase.com/assets/images/resized/0018/0835/180835v2-max-250x250.png"],
     [[136,
       136],
      "http://api-images.crunchbase.com/assets/images/resized/0018/0835/180835v2-max-450x450.png"]],
   "attribution": null},
 "products":
  [],
 "relationships":
  [],
 "competitions":
  [],
 "providerships":
  [],
 "total_money_raised": "$0",
 "funding_rounds":
  [],
 "investments":
  [],
 "acquisition": null,
 "acquisitions":
  [],
 "offices":
  [{"description": "Headquarters",
    "address1": "4201, Norwalk Dr",
    "address2": "DD202",
    "zip_code": "95129",
    "city": "San Jose",
    "state_code": "CA",
    "country_code": "USA",
    "latitude": null,
    "longitude": null}],
 "milestones":
  [],
 "ipo": null,
 "video_embeds":
  [],
 "screenshots":
  [],
 "external_links":
  [],
 "partners":
  []}
