{"name": "Airtumble",
 "permalink": "airtumble",
 "crunchbase_url": "http://www.crunchbase.com/company/airtumble",
 "homepage_url": null,
 "blog_url": null,
 "blog_feed_url": null,
 "twitter_username": null,
 "category_code": null,
 "number_of_employees": null,
 "founded_year": null,
 "founded_month": null,
 "founded_day": null,
 "deadpooled_year": null,
 "deadpooled_month": null,
 "deadpooled_day": null,
 "deadpooled_url": null,
 "tag_list": "",
 "alias_list": null,
 "email_address": null,
 "phone_number": null,
 "description": null,
 "created_at": "Tue Jul 24 00:15:27 UTC 2012",
 "updated_at": "Sat Sep 08 11:20:18 UTC 2012",
 "overview": "\u003Cp\u003EAirtumble is a location based app that takes your music listening experience to a whole new level. Share your everyday soundtracks, discover new music and connect with people enjoying their favorite tracks around you. Simply by pushing \u0026#8220;play\u0026#8221; in your music player.\u003C/p\u003E",
 "image":
  {"available_sizes":
    [[[150,
       43],
      "http://api-images.crunchbase.com/assets/images/resized/0021/0239/210239v2-max-150x150.jpg"],
     [[250,
       72],
      "http://api-images.crunchbase.com/assets/images/resized/0021/0239/210239v2-max-250x250.jpg"],
     [[400,
       116],
      "http://api-images.crunchbase.com/assets/images/resized/0021/0239/210239v2-max-450x450.jpg"]],
   "attribution": null},
 "products":
  [],
 "relationships":
  [{"is_past": false,
    "title": "Co-founder \u0026 CEO",
    "person":
     {"first_name": "Harri",
      "last_name": "Hanson",
      "permalink": "harri-hanson"}},
   {"is_past": false,
    "title": "Founder \u0026 UX designer",
    "person":
     {"first_name": "Kaarel",
      "last_name": "Kala",
      "permalink": "kaarel-kala"}}],
 "competitions":
  [],
 "providerships":
  [],
 "total_money_raised": "$0",
 "funding_rounds":
  [],
 "investments":
  [],
 "acquisition": null,
 "acquisitions":
  [],
 "offices":
  [{"description": "Airtumble HQ",
    "address1": "",
    "address2": "",
    "zip_code": "",
    "city": "Tallinn",
    "state_code": null,
    "country_code": "EST",
    "latitude": null,
    "longitude": null}],
 "milestones":
  [],
 "ipo": null,
 "video_embeds":
  [],
 "screenshots":
  [{"available_sizes":
     [[[100,
        150],
       "http://api-images.crunchbase.com/assets/images/resized/0020/9480/209480v2-max-150x150.jpg"],
      [[166,
        250],
       "http://api-images.crunchbase.com/assets/images/resized/0020/9480/209480v2-max-250x250.jpg"],
      [[300,
        450],
       "http://api-images.crunchbase.com/assets/images/resized/0020/9480/209480v2-max-450x450.jpg"]],
    "attribution": null},
   {"available_sizes":
     [[[100,
        150],
       "http://api-images.crunchbase.com/assets/images/resized/0020/9481/209481v2-max-150x150.jpg"],
      [[166,
        250],
       "http://api-images.crunchbase.com/assets/images/resized/0020/9481/209481v2-max-250x250.jpg"],
      [[300,
        450],
       "http://api-images.crunchbase.com/assets/images/resized/0020/9481/209481v2-max-450x450.jpg"]],
    "attribution": null},
   {"available_sizes":
     [[[100,
        150],
       "http://api-images.crunchbase.com/assets/images/resized/0020/9482/209482v2-max-150x150.jpg"],
      [[166,
        250],
       "http://api-images.crunchbase.com/assets/images/resized/0020/9482/209482v2-max-250x250.jpg"],
      [[300,
        450],
       "http://api-images.crunchbase.com/assets/images/resized/0020/9482/209482v2-max-450x450.jpg"]],
    "attribution": null}],
 "external_links":
  [],
 "partners":
  []}
