{"name": "Aisoy Robotics",
 "permalink": "aisoy-robotics",
 "crunchbase_url": "http://www.crunchbase.com/company/aisoy-robotics",
 "homepage_url": "http://www.aisoy.com",
 "blog_url": "http://www.estamoscreandovida.com",
 "blog_feed_url": "",
 "twitter_username": "aisoyrobotics",
 "category_code": "hardware",
 "number_of_employees": 6,
 "founded_year": 2008,
 "founded_month": 12,
 "founded_day": 4,
 "deadpooled_year": null,
 "deadpooled_month": null,
 "deadpooled_day": null,
 "deadpooled_url": null,
 "tag_list": "personal-robotics, social-robotics, robots",
 "alias_list": null,
 "email_address": "info@aisoy.com",
 "phone_number": "",
 "description": "We are creating life",
 "created_at": "Mon May 14 21:46:13 UTC 2012",
 "updated_at": "Mon Oct 08 18:29:55 UTC 2012",
 "overview": "\u003Cp\u003EAisoy\u0026#8217;s mission is to build smart personal robots that make our lives funnier and easier.\u003C/p\u003E\n\n\u003Cp\u003EAt Aisoy we want to improve the way we relate to the digital world. We want to make it more natural and accessible to all. We want to do what we dreamt that some day could be done. The time is now. We are starting a revolution fueled by our dreams.\u003C/p\u003E\n\n\u003Cp\u003EWe are aware of the ambitious target that moves us. The first step is the creation of a new generation of smart personal robots. Robots as we have always imagined, robots that interact with us as we have dreamed in our childhood. Robots which are alive in the sense of being able to feel and evolve, which are smart in the sense that they can have fun with us and keep us company, and personal in the sense that each one provides us with a different and unique experience.\u003C/p\u003E",
 "image":
  {"available_sizes":
    [[[112,
       150],
      "http://api-images.crunchbase.com/assets/images/resized/0020/5027/205027v2-max-150x150.jpg"],
     [[187,
       250],
      "http://api-images.crunchbase.com/assets/images/resized/0020/5027/205027v2-max-250x250.jpg"],
     [[338,
       450],
      "http://api-images.crunchbase.com/assets/images/resized/0020/5027/205027v2-max-450x450.jpg"]],
   "attribution": null},
 "products":
  [],
 "relationships":
  [],
 "competitions":
  [],
 "providerships":
  [],
 "total_money_raised": "$0",
 "funding_rounds":
  [],
 "investments":
  [],
 "acquisition": null,
 "acquisitions":
  [],
 "offices":
  [{"description": "Elche Office",
    "address1": "Parque Cient\u00edfico. UMH",
    "address2": "",
    "zip_code": "03203",
    "city": "Elche",
    "state_code": null,
    "country_code": "ESP",
    "latitude": null,
    "longitude": null}],
 "milestones":
  [{"id": 23458,
    "description": "Foundation of AISoy Robotics",
    "stoned_year": 2008,
    "stoned_month": 12,
    "stoned_day": 4,
    "source_url": "",
    "source_text": null,
    "source_description": "",
    "stoneable_type": "Company",
    "stoned_value": null,
    "stoned_value_type": null,
    "stoned_acquirer": null,
    "stoneable":
     {"name": "Aisoy Robotics",
      "permalink": "aisoy-robotics"}},
   {"id": 26703,
    "description": "We are introducing our new platform Aidia: the most affordable robotics research\u0026development platform on the market.\r\n\r\nAidia includes:\r\n\r\n- Aisoy1 II. It is designed to easily develop, test and enjoy social robotics botapps.\r\n- DIA. It is the eaiest soci",
    "stoned_year": 2012,
    "stoned_month": 9,
    "stoned_day": 17,
    "source_url": "http://www.aisoy.com",
    "source_text": null,
    "source_description": "Introducing Aidia",
    "stoneable_type": "Company",
    "stoned_value": null,
    "stoned_value_type": null,
    "stoned_acquirer": null,
    "stoneable":
     {"name": "Aisoy Robotics",
      "permalink": "aisoy-robotics"}}],
 "ipo": null,
 "video_embeds":
  [],
 "screenshots":
  [{"available_sizes":
     [[[150,
        90],
       "http://api-images.crunchbase.com/assets/images/resized/0021/3040/213040v2-max-150x150.jpg"],
      [[250,
        151],
       "http://api-images.crunchbase.com/assets/images/resized/0021/3040/213040v2-max-250x250.jpg"],
      [[450,
        272],
       "http://api-images.crunchbase.com/assets/images/resized/0021/3040/213040v2-max-450x450.jpg"]],
    "attribution": null},
   {"available_sizes":
     [[[150,
        111],
       "http://api-images.crunchbase.com/assets/images/resized/0021/3041/213041v2-max-150x150.png"],
      [[250,
        185],
       "http://api-images.crunchbase.com/assets/images/resized/0021/3041/213041v2-max-250x250.png"],
      [[450,
        334],
       "http://api-images.crunchbase.com/assets/images/resized/0021/3041/213041v2-max-450x450.png"]],
    "attribution": null}],
 "external_links":
  [],
 "partners":
  []}
