{"name": "AKKA Octogon Technology",
 "permalink": "akka-octogon-technology",
 "crunchbase_url": "http://www.crunchbase.com/company/akka-octogon-technology",
 "homepage_url": "http://www.octogon.com/de/index.php",
 "blog_url": "",
 "blog_feed_url": "",
 "twitter_username": null,
 "category_code": "other",
 "number_of_employees": 77,
 "founded_year": 1996,
 "founded_month": null,
 "founded_day": null,
 "deadpooled_year": null,
 "deadpooled_month": null,
 "deadpooled_day": null,
 "deadpooled_url": null,
 "tag_list": "hamburg, supply-airbus, airbus, automotive",
 "alias_list": null,
 "email_address": "info@octogon.com",
 "phone_number": "+49 (0) 40 23 61 13-0",
 "description": "AKKA Octogon GmbH",
 "created_at": "Wed Jun 27 13:12:53 UTC 2012",
 "updated_at": "Wed Jun 27 21:35:42 UTC 2012",
 "overview": "\u003Cp\u003EAKKA OCTOGON wurde 1996 etabliert. 8 ehemalige Philips-Mitarbeiter gr\u00fcndeten das Unternehmen als MBO unter den Namen octogon.\u003C/p\u003E\n\n\u003Cp\u003EEine unserer Kernkompetenzen liegt in der Informations- und Kommunikationstechnik. Projektmanagement, Qualit\u00e4tssicherung, Konfigurationsmanagement und Software-Entwicklung, - Planung, Realisierung und Betrieb von IT-Systemen sind die Leistungsbereiche.\u003C/p\u003E\n\n\u003Cp\u003E\u00dcber dies sind wir Dienstleister im Luftfahrtbereich - auch mit Personalunterst\u00fctzung nach dem Gesetz  zur Arbeitnehmer\u00fcberlassung.\u003C/p\u003E\n\n\u003Cp\u003EWeitere Partnerunternehmen in der AKKA OCTOGON sichern eine umfassende Kompetenz f\u00fcr unsere Kunden.\u003C/p\u003E\n\n\u003Cp\u003EMitarbeiterzahlen\u003C/p\u003E\n\n\u003Cp\u003E1996 mit 8 Mitarbeitern gestartet, besch\u00e4ftigt AKKA OCTOGON heute ca. 77 Mitarbeiter  und hat Zugang zu weiteren Beratern als freie Mitarbeiter.\u003C/p\u003E\n\n\u003Cp\u003EUmsatzentwicklung\u003C/p\u003E\n\n\u003Cp\u003EBeginnend mit einem Umsatz von 1,6  MioEuro im ersten vollen Gesch\u00e4ftsjahr 1997 erreichte AKKA OCTOGON im Jahr 2010 einen Umsatz von 8,4 MioEuro.\u003C/p\u003E",
 "image":
  {"available_sizes":
    [[[150,
       97],
      "http://api-images.crunchbase.com/assets/images/resized/0019/7657/197657v2-max-150x150.jpg"],
     [[250,
       162],
      "http://api-images.crunchbase.com/assets/images/resized/0019/7657/197657v2-max-250x250.jpg"],
     [[450,
       292],
      "http://api-images.crunchbase.com/assets/images/resized/0019/7657/197657v2-max-450x450.jpg"]],
   "attribution": null},
 "products":
  [],
 "relationships":
  [{"is_past": false,
    "title": "Vertretungsberechtigter Gesch\u00e4ftsf\u00fchrer",
    "person":
     {"first_name": "Gerhard",
      "last_name": "Schellert",
      "permalink": "gerhard-schellert"}},
   {"is_past": false,
    "title": "HR-Manager",
    "person":
     {"first_name": "Britta",
      "last_name": "Meiners",
      "permalink": "britta-meiners"}}],
 "competitions":
  [],
 "providerships":
  [],
 "total_money_raised": "$0",
 "funding_rounds":
  [],
 "investments":
  [],
 "acquisition": null,
 "acquisitions":
  [],
 "offices":
  [{"description": "AKKA OCTOGON GmbH",
    "address1": "Spaldingstra\u00dfe 74",
    "address2": "",
    "zip_code": "20097",
    "city": "Hamburg",
    "state_code": null,
    "country_code": "DEU",
    "latitude": null,
    "longitude": null}],
 "milestones":
  [],
 "ipo": null,
 "video_embeds":
  [],
 "screenshots":
  [{"available_sizes":
     [[[150,
        73],
       "http://api-images.crunchbase.com/assets/images/resized/0019/7656/197656v2-max-150x150.jpg"],
      [[250,
        122],
       "http://api-images.crunchbase.com/assets/images/resized/0019/7656/197656v2-max-250x250.jpg"],
      [[450,
        221],
       "http://api-images.crunchbase.com/assets/images/resized/0019/7656/197656v2-max-450x450.jpg"]],
    "attribution": null}],
 "external_links":
  [],
 "partners":
  []}
