{"name": "Alarm.com",
 "permalink": "alarm-com",
 "crunchbase_url": "http://www.crunchbase.com/company/alarm-com",
 "homepage_url": "http://www.alarm.com",
 "blog_url": "",
 "blog_feed_url": "",
 "twitter_username": "AlarmDotCom",
 "category_code": "security",
 "number_of_employees": null,
 "founded_year": 2000,
 "founded_month": null,
 "founded_day": null,
 "deadpooled_year": null,
 "deadpooled_month": null,
 "deadpooled_day": null,
 "deadpooled_url": null,
 "tag_list": "",
 "alias_list": "",
 "email_address": "info@alarm.com",
 "phone_number": "877-389-4033",
 "description": "",
 "created_at": "Wed Jul 25 04:38:35 UTC 2012",
 "updated_at": "Tue Feb 11 23:48:23 UTC 2014",
 "overview": "\u003Cp\u003EAlarm.com is dedicated to delivering home and business security with the utmost in convenience, control and complete awareness for security system users. They do this by developing unparalleled solutions that leverage the latest wireless, web and mobile technologies, all built on Alarm.com\u0026#8217;s proven hosted services platform. \u003C/p\u003E",
 "image":
  {"available_sizes":
    [[[150,
       32],
      "http://api-images.crunchbase.com/assets/images/resized/0020/2678/202678v1-max-150x150.jpg"],
     [[250,
       53],
      "http://api-images.crunchbase.com/assets/images/resized/0020/2678/202678v1-max-250x250.jpg"],
     [[308,
       66],
      "http://api-images.crunchbase.com/assets/images/resized/0020/2678/202678v1-max-450x450.jpg"]],
   "attribution": null},
 "products":
  [],
 "relationships":
  [{"is_past": false,
    "title": "Principal Device Engineer",
    "person":
     {"first_name": "Colin",
      "last_name": "Ulen",
      "permalink": "colin-ulen"}},
   {"is_past": false,
    "title": "Board Member",
    "person":
     {"first_name": "Robert",
      "last_name": "Chefitz",
      "permalink": "robert-chefitz"}},
   {"is_past": false,
    "title": "Board Observer",
    "person":
     {"first_name": "Tim",
      "last_name": "Weglicki",
      "permalink": "tim-weglicki"}},
   {"is_past": true,
    "title": "Director",
    "person":
     {"first_name": "B.",
      "last_name": "Eric Graham",
      "permalink": "b-eric-graham"}},
   {"is_past": true,
    "title": "Business Development",
    "person":
     {"first_name": "Kevin",
      "last_name": "Loos",
      "permalink": "kevin-loos"}}],
 "competitions":
  [],
 "providerships":
  [],
 "total_money_raised": "$136M",
 "funding_rounds":
  [{"id": 31484,
    "round_code": "private_equity",
    "source_url": "http://gigaom.com/cleantech/smart-home-company-alarm-com-raises-136m/",
    "source_description": "Smart home company Alarm.com raises $136M",
    "raised_amount": 136000000.0,
    "raised_currency_code": "USD",
    "funded_year": 2012,
    "funded_month": 7,
    "funded_day": 24,
    "investments":
     [{"company": null,
       "financial_org":
        {"name": "Technology Crossover Ventures",
         "permalink": "technology-crossover-ventures"},
       "person": null}]}],
 "investments":
  [],
 "acquisition": null,
 "acquisitions":
  [{"price_amount": null,
    "price_currency_code": "USD",
    "term_code": null,
    "source_url": "http://in.finance.yahoo.com/news/alarm-com-announces-acquisition-energyhub-140000929.html",
    "source_description": "Alarm.com Announces Its Acquisition of EnergyHub",
    "acquired_year": 2013,
    "acquired_month": 5,
    "acquired_day": 10,
    "company":
     {"name": "EnergyHub",
      "permalink": "energyhub"}}],
 "offices":
  [{"description": null,
    "address1": null,
    "address2": null,
    "zip_code": null,
    "city": "Vienna",
    "state_code": "VA",
    "country_code": "USA",
    "latitude": 38.9012225,
    "longitude": -77.2652604}],
 "milestones":
  [],
 "ipo": null,
 "video_embeds":
  [],
 "screenshots":
  [{"available_sizes":
     [[[150,
        110],
       "http://api-images.crunchbase.com/assets/images/resized/0020/2679/202679v1-max-150x150.jpg"],
      [[250,
        184],
       "http://api-images.crunchbase.com/assets/images/resized/0020/2679/202679v1-max-250x250.jpg"],
      [[450,
        331],
       "http://api-images.crunchbase.com/assets/images/resized/0020/2679/202679v1-max-450x450.jpg"]],
    "attribution": null}],
 "external_links":
  [],
 "partners":
  []}
