{"name": "Albanian Real Estate",
 "permalink": "albanian-real-estate",
 "crunchbase_url": "http://www.crunchbase.com/company/albanian-real-estate",
 "homepage_url": "http://www.realestate.al",
 "blog_url": null,
 "blog_feed_url": null,
 "twitter_username": "realestate_al",
 "category_code": "enterprise",
 "number_of_employees": 6,
 "founded_year": 2007,
 "founded_month": 10,
 "founded_day": 4,
 "deadpooled_year": null,
 "deadpooled_month": null,
 "deadpooled_day": null,
 "deadpooled_url": null,
 "tag_list": "albania, imobiliare, apartamet, rent-im-tirana",
 "alias_list": null,
 "email_address": "info@realestate.al",
 "phone_number": "0035544502288",
 "description": null,
 "created_at": "Fri May 18 21:02:32 UTC 2012",
 "updated_at": "Wed May 23 14:58:26 UTC 2012",
 "overview": "\u003Cp\u003Ealbanian online realestate agency .\u003C/p\u003E",
 "image": null,
 "products":
  [],
 "relationships":
  [{"is_past": false,
    "title": "Founder",
    "person":
     {"first_name": "Arber",
      "last_name": "Brahaj",
      "permalink": "arber-brahaj"}}],
 "competitions":
  [],
 "providerships":
  [],
 "total_money_raised": "$0",
 "funding_rounds":
  [],
 "investments":
  [],
 "acquisition": null,
 "acquisitions":
  [],
 "offices":
  [],
 "milestones":
  [],
 "ipo": null,
 "video_embeds":
  [],
 "screenshots":
  [],
 "external_links":
  [],
 "partners":
  []}
