{"name": "Alchemy Labs",
 "permalink": "alchemy-labs",
 "crunchbase_url": "http://www.crunchbase.com/company/alchemy-labs",
 "homepage_url": "http://alche.my",
 "blog_url": "",
 "blog_feed_url": "",
 "twitter_username": "alchemyNYC",
 "category_code": "software",
 "number_of_employees": 5,
 "founded_year": 2012,
 "founded_month": 6,
 "founded_day": null,
 "deadpooled_year": null,
 "deadpooled_month": null,
 "deadpooled_day": null,
 "deadpooled_url": null,
 "tag_list": "saas, b2b, collaboration, professional-networking",
 "alias_list": "superpowered",
 "email_address": "magic@alche.my",
 "phone_number": "",
 "description": "",
 "created_at": "Fri Mar 23 21:58:12 UTC 2012",
 "updated_at": "Tue Oct 01 08:54:22 UTC 2013",
 "overview": "\u003Cp\u003EHave you ever \u003Cem\u003Eslaved\u003C/em\u003E over a task or challenge for hours on-end,\nonly to learn the person next-door had the solution all along?\u003C/p\u003E\n\n\u003Cp\u003EWhat if you could\u0026#8217;ve Googled the collective knowledge \u0026amp; contacts\nof your organization and known exactly who to speak with?\u003C/p\u003E\n\n\u003Cp\u003EYou could\u0026#8217;ve with Alchemy.\u003C/p\u003E\n\n\u003Cp\u003EAfter two years of labor, love and late nights, Alchemy was acquired in 2013 by \nRed Rover, an awesome company that helps automate your organization\u2019s internal human processes.\u003C/p\u003E",
 "image":
  {"available_sizes":
    [[[148,
       150],
      "http://api-images.crunchbase.com/assets/images/resized/0018/7509/187509v8-max-150x150.png"],
     [[248,
       250],
      "http://api-images.crunchbase.com/assets/images/resized/0018/7509/187509v8-max-250x250.png"],
     [[274,
       276],
      "http://api-images.crunchbase.com/assets/images/resized/0018/7509/187509v8-max-450x450.png"]],
   "attribution": null},
 "products":
  [],
 "relationships":
  [{"is_past": false,
    "title": "Co-founder \u0026 CEO",
    "person":
     {"first_name": "Ben",
      "last_name": "Fisher",
      "permalink": "ben-fisher"}},
   {"is_past": false,
    "title": "",
    "person":
     {"first_name": "Jill",
      "last_name": "Simeone",
      "permalink": "jill-simeone"}},
   {"is_past": false,
    "title": "Product Manager",
    "person":
     {"first_name": "Adam",
      "last_name": "Nyhan",
      "permalink": "adam-nyhan"}},
   {"is_past": true,
    "title": "Co-founder",
    "person":
     {"first_name": "Jason",
      "last_name": "Kende",
      "permalink": "jason-kende"}},
   {"is_past": true,
    "title": "Product",
    "person":
     {"first_name": "Matt",
      "last_name": "McConnell",
      "permalink": "matt-mcconnell-3"}}],
 "competitions":
  [],
 "providerships":
  [],
 "total_money_raised": "$0",
 "funding_rounds":
  [],
 "investments":
  [],
 "acquisition":
  {"price_amount": null,
   "price_currency_code": "USD",
   "term_code": null,
   "source_url": "http://redroverhq.tumblr.com/post/61528477995/a-huge-welcome",
   "source_description": "",
   "acquired_year": 2013,
   "acquired_month": 9,
   "acquired_day": null,
   "acquiring_company":
    {"name": "Red Rover",
     "permalink": "red-rover"}},
 "acquisitions":
  [],
 "offices":
  [{"description": "WeWork Labs",
    "address1": "222 Broadway, 20th Fl",
    "address2": "",
    "zip_code": "10007",
    "city": "NY",
    "state_code": "NY",
    "country_code": "USA",
    "latitude": null,
    "longitude": null}],
 "milestones":
  [],
 "ipo": null,
 "video_embeds":
  [],
 "screenshots":
  [{"available_sizes":
     [[[150,
        112],
       "http://api-images.crunchbase.com/assets/images/resized/0033/5342/335342v1-max-150x150.png"],
      [[250,
        187],
       "http://api-images.crunchbase.com/assets/images/resized/0033/5342/335342v1-max-250x250.png"],
      [[450,
        337],
       "http://api-images.crunchbase.com/assets/images/resized/0033/5342/335342v1-max-450x450.png"]],
    "attribution": null}],
 "external_links":
  [{"external_url": "http://alche.my",
    "title": "Alchemy website"}],
 "partners":
  [{"partner_name": "angel_list",
    "homepage_url": "http://alche.my",
    "link_1_url": "https://angel.co/alchemy-2",
    "link_2_url": null,
    "link_3_url": null,
    "link_1_name": "AngelList Page",
    "link_2_name": null,
    "link_3_name": null}]}
