{"name": "Alcresta",
 "permalink": "alcresta",
 "crunchbase_url": "http://www.crunchbase.com/company/alcresta",
 "homepage_url": "http://alcresta.com",
 "blog_url": "",
 "blog_feed_url": "",
 "twitter_username": null,
 "category_code": "biotech",
 "number_of_employees": null,
 "founded_year": 2011,
 "founded_month": null,
 "founded_day": null,
 "deadpooled_year": null,
 "deadpooled_month": null,
 "deadpooled_day": null,
 "deadpooled_url": null,
 "tag_list": "",
 "alias_list": "",
 "email_address": "info@alcresta.com",
 "phone_number": "617-916-1207",
 "description": "",
 "created_at": "Wed Apr 18 05:07:29 UTC 2012",
 "updated_at": "Fri Nov 29 09:50:58 UTC 2013",
 "overview": "\u003Cp\u003EAlcresta is developing and commercializing innovative, point-of-care, enzyme-based nutritional products that support improved nutrition and manage disease for infants, aging adults and people battling acute conditions or chronic diseases. Alcresta\u2019s research-based approach is innovative, proprietary and driven by the unmet nutritional needs of those people with compromised health. Alcresta\u2019s core capabilities include expertise in adult and pediatric nutrition, as well as protein manufacturing expertise and regulatory experience that support the development and commercialization of its programs. The company\u2019s platform is supported by the Alcresta team\u2019s proven success in developing protein therapeutics.\u003C/p\u003E",
 "image":
  {"available_sizes":
    [[[150,
       33],
      "http://api-images.crunchbase.com/assets/images/resized/0018/4793/184793v1-max-150x150.jpg"],
     [[248,
       56],
      "http://api-images.crunchbase.com/assets/images/resized/0018/4793/184793v1-max-250x250.jpg"],
     [[248,
       56],
      "http://api-images.crunchbase.com/assets/images/resized/0018/4793/184793v1-max-450x450.jpg"]],
   "attribution": null},
 "products":
  [],
 "relationships":
  [{"is_past": false,
    "title": "President and CEO",
    "person":
     {"first_name": "Alexey",
      "last_name": "Margolin",
      "permalink": "alexey-margolin"}},
   {"is_past": false,
    "title": "COO \u0026 Co-Founder",
    "person":
     {"first_name": "Robert",
      "last_name": "Gallotto",
      "permalink": "robert-gallotto"}},
   {"is_past": false,
    "title": "Vice President of Technical Operations",
    "person":
     {"first_name": "Hugh",
      "last_name": "Wight",
      "permalink": "hugh-wight"}},
   {"is_past": false,
    "title": "Board Member",
    "person":
     {"first_name": "Robert",
      "last_name": "I. Tepper",
      "permalink": "robert-i-tepper"}},
   {"is_past": false,
    "title": "Board Member",
    "person":
     {"first_name": "Stephen",
      "last_name": "Kraus",
      "permalink": "stephen-kraus"}}],
 "competitions":
  [],
 "providerships":
  [],
 "total_money_raised": "$20M",
 "funding_rounds":
  [{"id": 29364,
    "round_code": "a",
    "source_url": "http://www.finsmes.com/2012/04/alcresta-raises-10m-series-financing.html?utm_source=feedburner\u0026utm_medium=feed\u0026utm_campaign=Feed%3A+finsmes%2FcNHu+%28FinSMEs%29",
    "source_description": "Alcresta Raises $10M in Series A Financing",
    "raised_amount": 10000000.0,
    "raised_currency_code": "USD",
    "funded_year": 2012,
    "funded_month": 4,
    "funded_day": 17,
    "investments":
     [{"company": null,
       "financial_org":
        {"name": "Bessemer Venture Partners",
         "permalink": "bessemer-venture-partners"},
       "person": null},
      {"company": null,
       "financial_org":
        {"name": "Frazier Healthcare Ventures",
         "permalink": "frazier-healthcare-ventures"},
       "person": null},
      {"company": null,
       "financial_org":
        {"name": "Third Rock Ventures",
         "permalink": "third-rock-ventures"},
       "person": null}]},
   {"id": 43263,
    "round_code": "b",
    "source_url": "http://www.finsmes.com/2013/07/alcresta-raises-10m-series-financingalcresta-raises-10m-series-financing.html",
    "source_description": "Alcresta Raises $10M in Series B Financing",
    "raised_amount": 10000000.0,
    "raised_currency_code": "USD",
    "funded_year": 2013,
    "funded_month": 7,
    "funded_day": 22,
    "investments":
     [{"company": null,
       "financial_org":
        {"name": "Third Rock Ventures",
         "permalink": "third-rock-ventures"},
       "person": null},
      {"company": null,
       "financial_org":
        {"name": "Frazier Healthcare Ventures",
         "permalink": "frazier-healthcare-ventures"},
       "person": null},
      {"company": null,
       "financial_org":
        {"name": "Bessemer Venture Partners",
         "permalink": "bessemer-venture-partners"},
       "person": null}]}],
 "investments":
  [],
 "acquisition": null,
 "acquisitions":
  [],
 "offices":
  [{"description": "",
    "address1": "One Newton Executive Park",
    "address2": "Suite 202",
    "zip_code": "02462",
    "city": "Newton",
    "state_code": "MA",
    "country_code": "USA",
    "latitude": null,
    "longitude": null}],
 "milestones":
  [],
 "ipo": null,
 "video_embeds":
  [],
 "screenshots":
  [{"available_sizes":
     [[[150,
        76],
       "http://api-images.crunchbase.com/assets/images/resized/0029/3978/293978v1-max-150x150.png"],
      [[250,
        126],
       "http://api-images.crunchbase.com/assets/images/resized/0029/3978/293978v1-max-250x250.png"],
      [[450,
        228],
       "http://api-images.crunchbase.com/assets/images/resized/0029/3978/293978v1-max-450x450.png"]],
    "attribution": null}],
 "external_links":
  [],
 "partners":
  []}
