{"name": "Alcyone Lifesciences",
 "permalink": "alcyone-lifesciences",
 "crunchbase_url": "http://www.crunchbase.com/company/alcyone-lifesciences",
 "homepage_url": "http://www.alcyonels.com",
 "blog_url": "",
 "blog_feed_url": "http://www.alcyonels.com/press",
 "twitter_username": null,
 "category_code": "biotech",
 "number_of_employees": null,
 "founded_year": 2010,
 "founded_month": null,
 "founded_day": null,
 "deadpooled_year": null,
 "deadpooled_month": null,
 "deadpooled_day": null,
 "deadpooled_url": null,
 "tag_list": "",
 "alias_list": "",
 "email_address": "pjanand@alcyonels.com",
 "phone_number": "978 709 1946",
 "description": "",
 "created_at": "Thu Mar 29 03:49:19 UTC 2012",
 "updated_at": "Sat Mar 29 10:11:32 UTC 2014",
 "overview": "\u003Cp\u003EAlcyone Lifesciences was founded in 2010 to address the unmet needs in treatment of chronic neuropathological conditions. For many neurologic conditions there are identified molecular targets, but the blood brain barrier prevents drugs addressing those targets from reaching diseased brain regions in a controlled and targeted manner. In addition, there is a fundamental need for control and precision in molecular therapy to the CNS. Alcyone Lifesciences has created a best-in-class platform technology which can optimize molecular therapy to the brain\u003C/p\u003E",
 "image":
  {"available_sizes":
    [[[150,
       30],
      "http://api-images.crunchbase.com/assets/images/resized/0024/9273/249273v1-max-150x150.jpg"],
     [[250,
       50],
      "http://api-images.crunchbase.com/assets/images/resized/0024/9273/249273v1-max-250x250.jpg"],
     [[280,
       56],
      "http://api-images.crunchbase.com/assets/images/resized/0024/9273/249273v1-max-450x450.jpg"]],
   "attribution": null},
 "products":
  [],
 "relationships":
  [{"is_past": false,
    "title": "Chief Executive Officer and Founder \u0026 Board of Directors",
    "person":
     {"first_name": "PJ",
      "last_name": "Anand",
      "permalink": "pj-anand"}},
   {"is_past": false,
    "title": "Vice President of Product Development",
    "person":
     {"first_name": "Todd",
      "last_name": "Tomba",
      "permalink": "todd-tomba"}},
   {"is_past": false,
    "title": "Vice President of Regulatory, Quality and Clinical Affairs",
    "person":
     {"first_name": "Elsa",
      "last_name": "Abruzzo",
      "permalink": "elsa-abruzzo"}},
   {"is_past": false,
    "title": "Board Of Directors",
    "person":
     {"first_name": "Richard",
      "last_name": "Upton",
      "permalink": "richard-upton"}},
   {"is_past": false,
    "title": "Board Of Directors",
    "person":
     {"first_name": "David",
      "last_name": "Donabedian",
      "permalink": "david-donabedian"}},
   {"is_past": false,
    "title": "Director of Product Development and Program Manager",
    "person":
     {"first_name": "Deep",
      "last_name": "Singh",
      "permalink": "deep-singh"}},
   {"is_past": false,
    "title": "Board Of Directors",
    "person":
     {"first_name": "Edgar",
      "last_name": "D.Jannotta",
      "permalink": "edgar-d-jannotta"}},
   {"is_past": false,
    "title": "Board Of Directors",
    "person":
     {"first_name": "Cameron",
      "last_name": "Durrant",
      "permalink": "cameron-durrant"}},
   {"is_past": true,
    "title": "Chief Medical Officer and Cofounder",
    "person":
     {"first_name": "Adam",
      "last_name": "Fleisher",
      "permalink": "adam-fleisher"}}],
 "competitions":
  [],
 "providerships":
  [],
 "total_money_raised": "$6.8M",
 "funding_rounds":
  [{"id": 28988,
    "round_code": "a",
    "source_url": "http://www.masshightech.com/stories/2012/03/26/daily31-Alcyone-receives-18M-Series-A-round.html",
    "source_description": "Alcyone receives $1.8M Series A round",
    "raised_amount": 1800000.0,
    "raised_currency_code": "USD",
    "funded_year": 2012,
    "funded_month": 3,
    "funded_day": 28,
    "investments":
     []},
   {"id": 38239,
    "round_code": "private_equity",
    "source_url": "http://www.sec.gov/Archives/edgar/data/1544927/000154492713000001/xslFormDX01/primary_doc.xml",
    "source_description": "SEC",
    "raised_amount": 1000004.0,
    "raised_currency_code": "USD",
    "funded_year": 2013,
    "funded_month": 5,
    "funded_day": 9,
    "investments":
     []},
   {"id": 61012,
    "round_code": "b",
    "source_url": "http://www.finsmes.com/2014/01/alcyone-lifesciences-closes-4m-series-financing.html",
    "source_description": "Alcyone Lifesciences Closes $4M Series B Financing",
    "raised_amount": 4000000.0,
    "raised_currency_code": "USD",
    "funded_year": 2014,
    "funded_month": 1,
    "funded_day": 15,
    "investments":
     [{"company": null,
       "financial_org": null,
       "person":
        {"first_name": "Edgar",
         "last_name": "D. Jannotta, Jr.",
         "permalink": "edgar-d-jannotta-jr"}},
      {"company": null,
       "financial_org":
        {"name": "Harbor Light Capital Partners",
         "permalink": "harbor-light-capital-partners"},
       "person": null}]}],
 "investments":
  [],
 "acquisition": null,
 "acquisitions":
  [],
 "offices":
  [{"description": "Headquarters",
    "address1": "75 Sandy Point Road",
    "address2": "Unite 21",
    "zip_code": "01432",
    "city": "Ayer",
    "state_code": "MA",
    "country_code": "USA",
    "latitude": null,
    "longitude": null}],
 "milestones":
  [],
 "ipo": null,
 "video_embeds":
  [],
 "screenshots":
  [],
 "external_links":
  [],
 "partners":
  []}
