{"name": "ALDEA Pharmaceuticals",
 "permalink": "aldea-pharmaceuticals",
 "crunchbase_url": "http://www.crunchbase.com/company/aldea-pharmaceuticals",
 "homepage_url": "http://www.aldeapharma.com",
 "blog_url": "",
 "blog_feed_url": "",
 "twitter_username": null,
 "category_code": "biotech",
 "number_of_employees": null,
 "founded_year": 2011,
 "founded_month": null,
 "founded_day": null,
 "deadpooled_year": null,
 "deadpooled_month": null,
 "deadpooled_day": null,
 "deadpooled_url": null,
 "tag_list": "",
 "alias_list": "",
 "email_address": "info@aldeapharma.com",
 "phone_number": "",
 "description": "Therapeutics based on Enzyme Modulation",
 "created_at": "Thu Apr 19 10:42:33 UTC 2012",
 "updated_at": "Tue Nov 19 13:37:01 UTC 2013",
 "overview": "\u003Cp\u003EALDEA Pharmaceuticals is developing small-molecule modulators of the aldehyde dehydrogenase enzyme (ALDH) family, to treat toxic aldehyde-related diseases. This proprietary technology represents new product opportunities to address novel targets across multiple therapeutic areas. For example, an ALDH activator compound enhances the detoxification of acetaldehyde in the alcohol metabolism pathway, to treat acute symptoms and to reduce long-term tissue damage and cancer risk.\u003C/p\u003E",
 "image":
  {"available_sizes":
    [[[150,
       38],
      "http://api-images.crunchbase.com/assets/images/resized/0018/4989/184989v4-max-150x150.jpg"],
     [[216,
       56],
      "http://api-images.crunchbase.com/assets/images/resized/0018/4989/184989v4-max-250x250.jpg"],
     [[216,
       56],
      "http://api-images.crunchbase.com/assets/images/resized/0018/4989/184989v4-max-450x450.jpg"]],
   "attribution": null},
 "products":
  [],
 "relationships":
  [{"is_past": false,
    "title": "Co - Founder \u0026 VP, Research",
    "person":
     {"first_name": "Wenjin",
      "last_name": "Yang",
      "permalink": "wenjin-yang"}},
   {"is_past": false,
    "title": "Founder \u0026 Director",
    "person":
     {"first_name": "Daria",
      "last_name": "Mochly-Rosen",
      "permalink": "daria-mochly-rosen"}},
   {"is_past": false,
    "title": "Acting Chief Financial Officer",
    "person":
     {"first_name": "Asha",
      "last_name": "Rajagopal",
      "permalink": "asha-rajagopal"}},
   {"is_past": false,
    "title": "President \u0026 COO",
    "person":
     {"first_name": "James",
      "last_name": "Ge",
      "permalink": "james-ge"}},
   {"is_past": false,
    "title": "Board of Directors",
    "person":
     {"first_name": "Timothy",
      "last_name": "Shannon",
      "permalink": "timothy-shannon"}},
   {"is_past": false,
    "title": "Director",
    "person":
     {"first_name": "John",
      "last_name": "Walker",
      "permalink": "john-walker-5"}},
   {"is_past": false,
    "title": "Chief Business Officer",
    "person":
     {"first_name": "Chu",
      "last_name": "Chang",
      "permalink": "chu-chang"}},
   {"is_past": false,
    "title": "Board Member",
    "person":
     {"first_name": "Howard",
      "last_name": "B. Rosen",
      "permalink": "howard-b-rosen"}},
   {"is_past": false,
    "title": "Founder",
    "person":
     {"first_name": "Che-Hong",
      "last_name": "Chen",
      "permalink": "che-hong-chen"}},
   {"is_past": false,
    "title": "Board Member",
    "person":
     {"first_name": "Wende",
      "last_name": "Hutton",
      "permalink": "wende-hutton"}}],
 "competitions":
  [],
 "providerships":
  [],
 "total_money_raised": "$18M",
 "funding_rounds":
  [{"id": 29401,
    "round_code": "debt_round",
    "source_url": "http://www.sec.gov/Archives/edgar/data/1531984/000153198412000003/xslFormDX01/primary_doc.xml",
    "source_description": "SEC",
    "raised_amount": 4513491.0,
    "raised_currency_code": "USD",
    "funded_year": 2012,
    "funded_month": 5,
    "funded_day": 8,
    "investments":
     [{"company": null,
       "financial_org":
        {"name": "Correlation Ventures",
         "permalink": "correlation-ventures"},
       "person": null},
      {"company": null,
       "financial_org":
        {"name": "Canaan Partners",
         "permalink": "canaan-partners"},
       "person": null}]},
   {"id": 52350,
    "round_code": "unattributed",
    "source_url": "",
    "source_description": "VC Funding: Q2 2013 source",
    "raised_amount": 2000000.0,
    "raised_currency_code": "USD",
    "funded_year": 2013,
    "funded_month": 4,
    "funded_day": 1,
    "investments":
     [{"company": null,
       "financial_org":
        {"name": "Canaan Partners",
         "permalink": "canaan-partners"},
       "person": null}]},
   {"id": 55267,
    "round_code": "a",
    "source_url": "http://www.sec.gov/Archives/edgar/data/1531984/000153198413000002/xslFormDX01/primary_doc.xml",
    "source_description": "SEC",
    "raised_amount": 11483692.0,
    "raised_currency_code": "USD",
    "funded_year": 2013,
    "funded_month": 11,
    "funded_day": 18,
    "investments":
     []}],
 "investments":
  [],
 "acquisition": null,
 "acquisitions":
  [],
 "offices":
  [{"description": "",
    "address1": "3696 Haven Ave, Ste  C",
    "address2": "",
    "zip_code": "94063",
    "city": "Redwood City",
    "state_code": "CA",
    "country_code": "USA",
    "latitude": 37.484592,
    "longitude": -122.183212}],
 "milestones":
  [],
 "ipo": null,
 "video_embeds":
  [],
 "screenshots":
  [],
 "external_links":
  [],
 "partners":
  []}
