{"name": "alex+von",
 "permalink": "alex-von",
 "crunchbase_url": "http://www.crunchbase.com/company/alex-von",
 "homepage_url": "http://www.alexandvon.com",
 "blog_url": "",
 "blog_feed_url": "",
 "twitter_username": null,
 "category_code": "ecommerce",
 "number_of_employees": null,
 "founded_year": 2011,
 "founded_month": null,
 "founded_day": null,
 "deadpooled_year": null,
 "deadpooled_month": null,
 "deadpooled_day": null,
 "deadpooled_url": null,
 "tag_list": "social-selling, social-commerce, women, retail",
 "alias_list": null,
 "email_address": "info@alexandvon.com",
 "phone_number": "",
 "description": "Unlocking the Avon model for all brands.",
 "created_at": "Mon Apr 16 22:50:59 UTC 2012",
 "updated_at": "Wed May 02 09:16:05 UTC 2012",
 "overview": "\u003Cp\u003Ealex+von is a social commerce platform that connects niche brands with women social sellers. Our women sell via home parties and online. \u003C/p\u003E\n\n\u003Cp\u003EWe\u2019re unlocking the Avon model for brands, giving them instant reach and credibility through our army of social sellers. We fulfill every woman\u0026#8217;s dream to own a boutique. Our online and mobile experiences make it fun, simple and lucrative for women to sell.\u003C/p\u003E\n\n\u003Cp\u003EWe\u0026#8217;re first focused on the Beauty industry.\u003C/p\u003E",
 "image":
  {"available_sizes":
    [[[150,
       150],
      "http://api-images.crunchbase.com/assets/images/resized/0018/7340/187340v2-max-150x150.jpg"],
     [[250,
       250],
      "http://api-images.crunchbase.com/assets/images/resized/0018/7340/187340v2-max-250x250.jpg"],
     [[450,
       450],
      "http://api-images.crunchbase.com/assets/images/resized/0018/7340/187340v2-max-450x450.jpg"]],
   "attribution": null},
 "products":
  [],
 "relationships":
  [],
 "competitions":
  [{"competitor":
     {"name": "Stella \u0026 Dot",
      "permalink": "stella-dot"}},
   {"competitor":
     {"name": "Chloe \u0026 Isabel",
      "permalink": "chloe-isabel"}},
   {"competitor":
     {"name": "StyleOwner",
      "permalink": "styleowner"}},
   {"competitor":
     {"name": "Sephora USA",
      "permalink": "sephora-usa"}}],
 "providerships":
  [],
 "total_money_raised": "$0",
 "funding_rounds":
  [],
 "investments":
  [],
 "acquisition": null,
 "acquisitions":
  [],
 "offices":
  [{"description": "",
    "address1": "",
    "address2": "",
    "zip_code": "",
    "city": "Palo Alto",
    "state_code": "CA",
    "country_code": "USA",
    "latitude": null,
    "longitude": null}],
 "milestones":
  [],
 "ipo": null,
 "video_embeds":
  [],
 "screenshots":
  [],
 "external_links":
  [],
 "partners":
  []}
