{"name": "AlgosysFx",
 "permalink": "algosysfx",
 "crunchbase_url": "http://www.crunchbase.com/company/algosysfx",
 "homepage_url": "http://www.algosysfx.com",
 "blog_url": "",
 "blog_feed_url": "",
 "twitter_username": "AlgosysFx",
 "category_code": "ecommerce",
 "number_of_employees": null,
 "founded_year": null,
 "founded_month": null,
 "founded_day": null,
 "deadpooled_year": null,
 "deadpooled_month": null,
 "deadpooled_day": null,
 "deadpooled_url": null,
 "tag_list": "forex, fx, forex-trading, forex-solutions, forex-signals, forex-analysis, trading-platform, forex-system",
 "alias_list": null,
 "email_address": "admin@algosysfx.com",
 "phone_number": "",
 "description": "Forex trading solutions provider",
 "created_at": "Tue Jul 24 08:45:42 UTC 2012",
 "updated_at": "Fri Jul 27 12:09:42 UTC 2012",
 "overview": "\u003Cp\u003EAlgosysFx is a complete source of innovative and valuable Forex trading solutions including trading system development, in-depth market news and analysis, and currency tools.\u003C/p\u003E\n\n\u003Cp\u003EAlgosysFx utilizes the significance of both technology and market research by fusing them both to provide only the most reliable and top-notch trading assistance to institutions seeking Forex Brokerage services. AlgosysFx is a reliable outsourced provider of new Forex trading technology designed to improve one\u0026#8217;s trading experience. \u003C/p\u003E\n\n\u003Cp\u003EIts powerful and flexible portfolio of Forex trading services include:\u003C/p\u003E\n\n\u003Cul\u003E\n\u003Cli\u003ETrading Signal Generator\u003C/li\u003E\n\u003Cli\u003EAlgosysFx Trading Station\u003C/li\u003E\n\u003Cli\u003EMetaTrader Customization\u003C/li\u003E\n\u003Cli\u003EResearch and Analysis\u003C/li\u003E\n\u003Cli\u003EForex Web Tools.\u003C/li\u003E\n\u003C/ul\u003E",
 "image":
  {"available_sizes":
    [[[150,
       150],
      "http://api-images.crunchbase.com/assets/images/resized/0020/2503/202503v2-max-150x150.png"],
     [[250,
       250],
      "http://api-images.crunchbase.com/assets/images/resized/0020/2503/202503v2-max-250x250.png"],
     [[450,
       450],
      "http://api-images.crunchbase.com/assets/images/resized/0020/2503/202503v2-max-450x450.png"]],
   "attribution": null},
 "products":
  [],
 "relationships":
  [],
 "competitions":
  [],
 "providerships":
  [],
 "total_money_raised": "$0",
 "funding_rounds":
  [],
 "investments":
  [],
 "acquisition": null,
 "acquisitions":
  [],
 "offices":
  [],
 "milestones":
  [],
 "ipo": null,
 "video_embeds":
  [],
 "screenshots":
  [{"available_sizes":
     [[[111,
        150],
       "http://api-images.crunchbase.com/assets/images/resized/0020/2899/202899v2-max-150x150.jpg"],
      [[185,
        250],
       "http://api-images.crunchbase.com/assets/images/resized/0020/2899/202899v2-max-250x250.jpg"],
      [[334,
        450],
       "http://api-images.crunchbase.com/assets/images/resized/0020/2899/202899v2-max-450x450.jpg"]],
    "attribution": null}],
 "external_links":
  [],
 "partners":
  []}
