{"name": "Alkaid",
 "permalink": "alkaid",
 "crunchbase_url": "http://www.crunchbase.com/company/alkaid",
 "homepage_url": "http://alkaid.cr",
 "blog_url": "http://alkaid.cr/blog",
 "blog_feed_url": "http://alkaid.cr/blog?format=feed\u0026type=rss",
 "twitter_username": "alkaidcr",
 "category_code": "software",
 "number_of_employees": 10,
 "founded_year": 2006,
 "founded_month": 9,
 "founded_day": 1,
 "deadpooled_year": null,
 "deadpooled_month": null,
 "deadpooled_day": null,
 "deadpooled_url": null,
 "tag_list": "opensource, alfresco, ecm, cloud-monitoring, linux, web-applications, software-development, ecommerce",
 "alias_list": null,
 "email_address": "soluciones@alkaid.cr",
 "phone_number": "2553 5467",
 "description": "Open Source Business Software",
 "created_at": "Mon Jul 23 03:22:20 UTC 2012",
 "updated_at": "Wed Jul 25 07:47:11 UTC 2012",
 "overview": "\u003Cp\u003EAn open source-based Costa Rican company that provides enterprise-level IT services to government and private companies.\u003C/p\u003E\n\n\u003Cp\u003EIts services cover the full layers from application development to production:\u003C/p\u003E\n\n\u003Cp\u003EApplication Development\nApplication Integration\nApplication Hosting\nApplication Monitoring\nApplication Support\nApplication Continuity\u003C/p\u003E\n\n\u003Cp\u003EThey are mainly oriented on Enterprise Web applications, E-commerce, Social and Content Management.\u003C/p\u003E",
 "image": null,
 "products":
  [],
 "relationships":
  [],
 "competitions":
  [],
 "providerships":
  [],
 "total_money_raised": "$0",
 "funding_rounds":
  [],
 "investments":
  [],
 "acquisition": null,
 "acquisitions":
  [],
 "offices":
  [{"description": "Main Office",
    "address1": "",
    "address2": "",
    "zip_code": "N/A",
    "city": "Cartago",
    "state_code": null,
    "country_code": "CRI",
    "latitude": null,
    "longitude": null}],
 "milestones":
  [],
 "ipo": null,
 "video_embeds":
  [],
 "screenshots":
  [],
 "external_links":
  [],
 "partners":
  []}
