{"name": "Alkeus Pharmaceuticals",
 "permalink": "alkeus-pharmaceuticals",
 "crunchbase_url": "http://www.crunchbase.com/company/alkeus-pharmaceuticals",
 "homepage_url": "http://alkeus.com",
 "blog_url": "",
 "blog_feed_url": "",
 "twitter_username": null,
 "category_code": "biotech",
 "number_of_employees": null,
 "founded_year": null,
 "founded_month": null,
 "founded_day": null,
 "deadpooled_year": null,
 "deadpooled_month": null,
 "deadpooled_day": null,
 "deadpooled_url": null,
 "tag_list": "",
 "alias_list": "",
 "email_address": "info@alkeus.com",
 "phone_number": "",
 "description": "",
 "created_at": "Thu May 24 03:50:33 UTC 2012",
 "updated_at": "Mon Mar 31 21:27:14 UTC 2014",
 "overview": "\u003Cp\u003EAlkeus Pharmaceuticals Inc., a Boston-based startup focused on treatments for serious ophthalmic conditions.\u003C/p\u003E",
 "image":
  {"available_sizes":
    [[[150,
       41],
      "http://api-images.crunchbase.com/assets/images/resized/0019/1372/191372v1-max-150x150.jpg"],
     [[170,
       47],
      "http://api-images.crunchbase.com/assets/images/resized/0019/1372/191372v1-max-250x250.jpg"],
     [[170,
       47],
      "http://api-images.crunchbase.com/assets/images/resized/0019/1372/191372v1-max-450x450.jpg"]],
   "attribution": null},
 "products":
  [],
 "relationships":
  [{"is_past": false,
    "title": "President \u0026 CEO",
    "person":
     {"first_name": "Leonide",
      "last_name": "Saad",
      "permalink": "leonide-saad"}},
   {"is_past": false,
    "title": "Executive Chairman",
    "person":
     {"first_name": "Joshua",
      "last_name": "Boger",
      "permalink": "josh-boger"}}],
 "competitions":
  [],
 "providerships":
  [],
 "total_money_raised": "$100k",
 "funding_rounds":
  [{"id": 71112,
    "round_code": "seed",
    "source_url": "",
    "source_description": "",
    "raised_amount": 100000.0,
    "raised_currency_code": "USD",
    "funded_year": 2010,
    "funded_month": 10,
    "funded_day": 21,
    "investments":
     [{"company":
        {"name": "MassChallenge",
         "permalink": "masschallenge"},
       "financial_org": null,
       "person": null}]}],
 "investments":
  [],
 "acquisition": null,
 "acquisitions":
  [],
 "offices":
  [{"description": "",
    "address1": "",
    "address2": "",
    "zip_code": "",
    "city": "Boston",
    "state_code": "MA",
    "country_code": "USA",
    "latitude": null,
    "longitude": null}],
 "milestones":
  [],
 "ipo": null,
 "video_embeds":
  [],
 "screenshots":
  [],
 "external_links":
  [],
 "partners":
  []}
