{"name": "All IT Supported",
 "permalink": "all-it-supported",
 "crunchbase_url": "http://www.crunchbase.com/company/all-it-supported",
 "homepage_url": "http://www.allitsupported.com",
 "blog_url": "http://www.allitsupported.com/blog",
 "blog_feed_url": "http://www.allitsupported.com/blog/",
 "twitter_username": "allitsupported",
 "category_code": "network_hosting",
 "number_of_employees": 10,
 "founded_year": 2009,
 "founded_month": 10,
 "founded_day": 31,
 "deadpooled_year": null,
 "deadpooled_month": null,
 "deadpooled_day": null,
 "deadpooled_url": null,
 "tag_list": "it-support, computer-repair, it-consulting, nationwide-it-support, small-business-it-support, managed-it-services",
 "alias_list": null,
 "email_address": "support@allitsupported.com",
 "phone_number": "888-992-5548",
 "description": "Nationwide Computer Support Services",
 "created_at": "Thu May 24 21:31:51 UTC 2012",
 "updated_at": "Fri Sep 07 11:39:50 UTC 2012",
 "overview": "\u003Cp\u003EAll IT Supported offers nationwide computer support services to small businesses and it staffing and project management.\u003C/p\u003E",
 "image": null,
 "products":
  [],
 "relationships":
  [{"is_past": false,
    "title": "Co Founder, Small Business IT Support Manager, and Director of Web Marketing",
    "person":
     {"first_name": "Ilya",
      "last_name": "Elbert",
      "permalink": "ilya-elbert"}}],
 "competitions":
  [],
 "providerships":
  [],
 "total_money_raised": "$0",
 "funding_rounds":
  [],
 "investments":
  [],
 "acquisition": null,
 "acquisitions":
  [],
 "offices":
  [],
 "milestones":
  [],
 "ipo": null,
 "video_embeds":
  [],
 "screenshots":
  [],
 "external_links":
  [],
 "partners":
  []}
