{"name": "All India Airfares Guide",
 "permalink": "all-india-airfares-guide",
 "crunchbase_url": "http://www.crunchbase.com/company/all-india-airfares-guide",
 "homepage_url": "http://airfares.indiatoursonline.com",
 "blog_url": "",
 "blog_feed_url": "",
 "twitter_username": null,
 "category_code": "advertising",
 "number_of_employees": null,
 "founded_year": null,
 "founded_month": null,
 "founded_day": null,
 "deadpooled_year": null,
 "deadpooled_month": null,
 "deadpooled_day": null,
 "deadpooled_url": null,
 "tag_list": "",
 "alias_list": null,
 "email_address": "",
 "phone_number": "",
 "description": "Discover Indian Airfares, Air Tickets wi",
 "created_at": "Sun Apr 15 17:23:36 UTC 2012",
 "updated_at": "Thu Apr 19 01:26:34 UTC 2012",
 "overview": "\u003Cp\u003EIndian Airlines and Jet Airways offer Traveller Airpasses for those seeking to Travel to multiple destinations within India.\u003C/p\u003E\n\n\u003Cp\u003ESearch for fares and book online, over 10,000 fares available. \u003C/p\u003E\n\n\u003Cp\u003ESearch for fares and book online. Check and book International, Indian Airlines as well as Sahara.\u003C/p\u003E\n\n\u003Cp\u003EIndian Airlines and Jet Airways offer Traveller Airpasses for those seeking to Travel to multiple destinations within India. \u003C/p\u003E\n\n\u003Cp\u003ETravelling to more than one city? Need help planning an itinerary click here for a customised fare quote. \u003C/p\u003E",
 "image": null,
 "products":
  [],
 "relationships":
  [],
 "competitions":
  [],
 "providerships":
  [],
 "total_money_raised": "$0",
 "funding_rounds":
  [],
 "investments":
  [],
 "acquisition": null,
 "acquisitions":
  [],
 "offices":
  [],
 "milestones":
  [],
 "ipo": null,
 "video_embeds":
  [],
 "screenshots":
  [],
 "external_links":
  [],
 "partners":
  []}
