{"name": "All Voices International",
 "permalink": "all-voices-international",
 "crunchbase_url": "http://www.crunchbase.com/company/all-voices-international",
 "homepage_url": "http://www.allvoicesintl.com",
 "blog_url": "",
 "blog_feed_url": "",
 "twitter_username": "allvoicesintl",
 "category_code": "games_video",
 "number_of_employees": null,
 "founded_year": 2006,
 "founded_month": 10,
 "founded_day": null,
 "deadpooled_year": null,
 "deadpooled_month": null,
 "deadpooled_day": null,
 "deadpooled_url": null,
 "tag_list": "audio-productions, foreign-languages, voice-talent, translation, subtitles, localization",
 "alias_list": null,
 "email_address": "info@allvoicesintl.com",
 "phone_number": "1-800-609-6505",
 "description": "Foreign language audio productions",
 "created_at": "Tue Apr 17 07:36:39 UTC 2012",
 "updated_at": "Sun Apr 22 02:52:27 UTC 2012",
 "overview": "\u003Cp\u003EAll Voices International is your foreign language script translation, voice talent \u0026amp; production resource for all aspects of corporate, commercial, educational and government audio-standalone and audio for video applications and presentations in 40 languages.\u003C/p\u003E\n\n\u003Cp\u003EMULTILANGUAGE AUDIO SOLUTIONS\u003C/p\u003E\n\n\u003Cpre\u003E\u003Ccode\u003EVoice casting \u0026amp;amp; scheduling\nMultilanguage voice direction\nISDN and IP* talent recording, editing\n\u0026amp;amp; post-production\nAudio lay back and subtitles to reference video or  multimedia source\nVideo standards conversion of programs\nfor foreign distribution\n\u003C/code\u003E\u003C/pre\u003E\n\n\u003Cp\u003EMULTILANGUAGE TEXT SOLUTIONS\u003C/p\u003E\n\n\u003Cpre\u003E\u003Ccode\u003ETranscription\nTranslation\nVoiceover adaptation\nSubtitling\nText consultancy, editing \u0026amp;amp; proofreading\n\u003C/code\u003E\u003C/pre\u003E",
 "image": null,
 "products":
  [],
 "relationships":
  [],
 "competitions":
  [],
 "providerships":
  [],
 "total_money_raised": "$0",
 "funding_rounds":
  [],
 "investments":
  [],
 "acquisition": null,
 "acquisitions":
  [],
 "offices":
  [{"description": "All Voices International",
    "address1": "2451 Cumberland Pkwy",
    "address2": "Ste. 3658",
    "zip_code": "30339-6157",
    "city": "Atlanta",
    "state_code": "GA",
    "country_code": "USA",
    "latitude": null,
    "longitude": null}],
 "milestones":
  [],
 "ipo": null,
 "video_embeds":
  [],
 "screenshots":
  [],
 "external_links":
  [],
 "partners":
  []}
