{"name": "AllCoupon Japan Corporation",
 "permalink": "allcoupon-japan-corporation",
 "crunchbase_url": "http://www.crunchbase.com/company/allcoupon-japan-corporation",
 "homepage_url": null,
 "blog_url": null,
 "blog_feed_url": null,
 "twitter_username": null,
 "category_code": null,
 "number_of_employees": null,
 "founded_year": null,
 "founded_month": null,
 "founded_day": null,
 "deadpooled_year": null,
 "deadpooled_month": null,
 "deadpooled_day": null,
 "deadpooled_url": null,
 "tag_list": "coupon, start-up",
 "alias_list": null,
 "email_address": null,
 "phone_number": null,
 "description": null,
 "created_at": "Sun Apr 15 17:27:28 UTC 2012",
 "updated_at": "Thu Oct 11 17:23:35 UTC 2012",
 "overview": "\u003Cp\u003EFirst and the largest group buying aggregate site in Japan. Recommend the best coupons to the users by aggregating over 50 group buying sites every day using a unique algorithm based on buzz and number of purchases and etc. In addition, it provides coupon affiliate program, Adpon (widget affiliate program), APIs to over 50 major portals, news sites and point sites including Rakuten, LinkShare, Cyber Agent, SoftBank and etc. to help increase revenues for media sites.\u003C/p\u003E",
 "image": null,
 "products":
  [],
 "relationships":
  [{"is_past": false,
    "title": "Co-Founder and Investor",
    "person":
     {"first_name": "Ryo",
      "last_name": "Umezawa",
      "permalink": "ryo-umezawa"}}],
 "competitions":
  [],
 "providerships":
  [],
 "total_money_raised": "$0",
 "funding_rounds":
  [],
 "investments":
  [],
 "acquisition": null,
 "acquisitions":
  [],
 "offices":
  [],
 "milestones":
  [],
 "ipo": null,
 "video_embeds":
  [],
 "screenshots":
  [],
 "external_links":
  [],
 "partners":
  []}
