{"name": "Allfollowers.info",
 "permalink": "allfollowers-info",
 "crunchbase_url": "http://www.crunchbase.com/company/allfollowers-info",
 "homepage_url": "http://Allfollowers.info",
 "blog_url": "http://Allfollowers.info",
 "blog_feed_url": "",
 "twitter_username": "wsrs",
 "category_code": "software",
 "number_of_employees": 6,
 "founded_year": 2010,
 "founded_month": 3,
 "founded_day": null,
 "deadpooled_year": null,
 "deadpooled_month": null,
 "deadpooled_day": null,
 "deadpooled_url": null,
 "tag_list": "twitter, analytics",
 "alias_list": null,
 "email_address": "abhi@allfollowers.info",
 "phone_number": "8145121677",
 "description": "Twitter Analytics",
 "created_at": "Mon Jul 23 06:43:10 UTC 2012",
 "updated_at": "Sat Jul 28 04:37:49 UTC 2012",
 "overview": "\u003Cp\u003EWe are an internet Marketing startup company. We are working on social networking project. http://allfollowers.info is a sub-part of the big project. At Allfollowers.info, we allow users to download their followers information. With this information they can do more detailed analysis of their followers. Basic profile information about followers can give lot of information about the twitter profile. What kind of followers, what is the language, what are the locations, age of twitter followers and many more information can uniquely identify a twitter profile. \u003C/p\u003E\n\n\u003Cp\u003EWe will try to help you by giving advanced profile reports. \u003C/p\u003E",
 "image":
  {"available_sizes":
    [[[46,
       48],
      "http://api-images.crunchbase.com/assets/images/resized/0020/3121/203121v2-max-150x150.jpg"],
     [[46,
       48],
      "http://api-images.crunchbase.com/assets/images/resized/0020/3121/203121v2-max-250x250.jpg"],
     [[46,
       48],
      "http://api-images.crunchbase.com/assets/images/resized/0020/3121/203121v2-max-450x450.jpg"]],
   "attribution": null},
 "products":
  [],
 "relationships":
  [{"is_past": false,
    "title": "CEO",
    "person":
     {"first_name": "Abhijit",
      "last_name": "Gaikwad",
      "permalink": "abhijit-gaikwad"}}],
 "competitions":
  [],
 "providerships":
  [],
 "total_money_raised": "$0",
 "funding_rounds":
  [],
 "investments":
  [],
 "acquisition": null,
 "acquisitions":
  [],
 "offices":
  [{"description": "",
    "address1": "",
    "address2": "",
    "zip_code": "94111",
    "city": "San Francisco",
    "state_code": "CA",
    "country_code": "USA",
    "latitude": null,
    "longitude": null}],
 "milestones":
  [],
 "ipo": null,
 "video_embeds":
  [],
 "screenshots":
  [],
 "external_links":
  [],
 "partners":
  []}
