{"name": "AllFocus",
 "permalink": "allfocus",
 "crunchbase_url": "http://www.crunchbase.com/company/allfocus",
 "homepage_url": "http://allfocus.com",
 "blog_url": "http://itrackfast.com/itrackfast-blog.htm",
 "blog_feed_url": "",
 "twitter_username": "itrackfast",
 "category_code": "mobile",
 "number_of_employees": 5,
 "founded_year": null,
 "founded_month": null,
 "founded_day": null,
 "deadpooled_year": null,
 "deadpooled_month": null,
 "deadpooled_day": null,
 "deadpooled_url": null,
 "tag_list": "itrackfast-calendar, calendar-sync, calendar-search, daily-agenda, week-calendar, quick-add, awesome-planner",
 "alias_list": null,
 "email_address": "doris.itrackfast@gmail.com",
 "phone_number": "9783692496",
 "description": "Publisher of iTrackFast Calendar ",
 "created_at": "Mon Jul 30 21:34:38 UTC 2012",
 "updated_at": "Tue Jul 31 06:40:31 UTC 2012",
 "overview": "\u003Cp\u003EAllFocus specializes in building mobile applications for doing more faster on the iOS devices.  It publishes the iTrackFast Calendar app on the iTunes to help the users stay focused with calendar views in every perspective and be responsive to the daily agenda via the Fast View, Quick Add, Easy Search, and multimedia Viewer and Event Pad, which also integrates with the default calendar, contacts, and photo apps to deliver the two-way calendar sync, contact sync, and photo import on the fly. \u003C/p\u003E",
 "image":
  {"available_sizes":
    [[[150,
       100],
      "http://api-images.crunchbase.com/assets/images/resized/0020/3575/203575v2-max-150x150.png"],
     [[250,
       167],
      "http://api-images.crunchbase.com/assets/images/resized/0020/3575/203575v2-max-250x250.png"],
     [[261,
       175],
      "http://api-images.crunchbase.com/assets/images/resized/0020/3575/203575v2-max-450x450.png"]],
   "attribution": null},
 "products":
  [],
 "relationships":
  [],
 "competitions":
  [{"competitor":
     {"name": "Google Calendar Client",
      "permalink": "google-calendar-client"}},
   {"competitor":
     {"name": "iStudiez Pro",
      "permalink": "istudiez-pro"}}],
 "providerships":
  [],
 "total_money_raised": "$0",
 "funding_rounds":
  [],
 "investments":
  [],
 "acquisition": null,
 "acquisitions":
  [],
 "offices":
  [],
 "milestones":
  [],
 "ipo": null,
 "video_embeds":
  [],
 "screenshots":
  [{"available_sizes":
     [[[150,
        100],
       "http://api-images.crunchbase.com/assets/images/resized/0020/3574/203574v2-max-150x150.jpg"],
      [[250,
        166],
       "http://api-images.crunchbase.com/assets/images/resized/0020/3574/203574v2-max-250x250.jpg"],
      [[450,
        300],
       "http://api-images.crunchbase.com/assets/images/resized/0020/3574/203574v2-max-450x450.jpg"]],
    "attribution": null}],
 "external_links":
  [],
 "partners":
  []}
