{"name": "AllThingsTechSavvy",
 "permalink": "allthingstechsavvy",
 "crunchbase_url": "http://www.crunchbase.com/company/allthingstechsavvy",
 "homepage_url": "http://AllThingsTechSavvy.com",
 "blog_url": "http://AllThingsTechSavvy.com",
 "blog_feed_url": "http://AllThingsTechSavvy.com/feed/",
 "twitter_username": "AllThingsTechSa",
 "category_code": "web",
 "number_of_employees": 10,
 "founded_year": 2011,
 "founded_month": 12,
 "founded_day": 1,
 "deadpooled_year": null,
 "deadpooled_month": null,
 "deadpooled_day": null,
 "deadpooled_url": null,
 "tag_list": "technology, social-media, video-games, trends, espaol, spanish, hispanic, hispanos, hispanoamerica",
 "alias_list": null,
 "email_address": "allthingstechsavvy@ar-soluciones.com",
 "phone_number": "+1 (347) 766-1171",
 "description": "Blog sobre tecnolog\u00eda en Espa\u00f1ol",
 "created_at": "Wed Apr 11 21:30:35 UTC 2012",
 "updated_at": "Mon May 14 22:39:13 UTC 2012",
 "overview": "\u003Cp\u003EAllThingsTechSavvy es un blog en espa\u00f1ol sobre temas tecnol\u00f3gicos, redes sociales, video juegos, gadgets, y noticias.\u003C/p\u003E\n\n\u003Cp\u003EOfrece un hub de informaci\u00f3n para toda aquella persona interesada en la tecnolog\u00eda y las tendencias mas recientes en la era 2.0.\u003C/p\u003E\n\n\u003Cp\u003ESiempre abierto a crecer y en busca de las mejores mentes que deseen compartir sus conocimientos y sus historias con la comunidad hispana.\u003C/p\u003E",
 "image":
  {"available_sizes":
    [[[150,
       94],
      "http://api-images.crunchbase.com/assets/images/resized/0018/3782/183782v4-max-150x150.png"],
     [[250,
       156],
      "http://api-images.crunchbase.com/assets/images/resized/0018/3782/183782v4-max-250x250.png"],
     [[440,
       276],
      "http://api-images.crunchbase.com/assets/images/resized/0018/3782/183782v4-max-450x450.png"]],
   "attribution": null},
 "products":
  [],
 "relationships":
  [{"is_past": false,
    "title": "Founder",
    "person":
     {"first_name": "Ritchie",
      "last_name": "Villavicencio",
      "permalink": "ritchie-villavicencio"}}],
 "competitions":
  [],
 "providerships":
  [],
 "total_money_raised": "$0",
 "funding_rounds":
  [],
 "investments":
  [],
 "acquisition": null,
 "acquisitions":
  [],
 "offices":
  [{"description": "Headcuarters",
    "address1": "San Antonio de Desamparados",
    "address2": "+1 (347) 766-1171",
    "zip_code": "10100",
    "city": "SJ",
    "state_code": null,
    "country_code": "CRI",
    "latitude": null,
    "longitude": null}],
 "milestones":
  [],
 "ipo": null,
 "video_embeds":
  [],
 "screenshots":
  [],
 "external_links":
  [],
 "partners":
  []}
