{"name": "Almeda University",
 "permalink": "almeda-university",
 "crunchbase_url": "http://www.crunchbase.com/company/almeda-university",
 "homepage_url": "http://www.almedacollege.com",
 "blog_url": "",
 "blog_feed_url": "",
 "twitter_username": "Almeda_College",
 "category_code": "education",
 "number_of_employees": null,
 "founded_year": 1997,
 "founded_month": null,
 "founded_day": null,
 "deadpooled_year": null,
 "deadpooled_month": null,
 "deadpooled_day": null,
 "deadpooled_url": null,
 "tag_list": "almeda, university",
 "alias_list": null,
 "email_address": "",
 "phone_number": "",
 "description": "Almeda College",
 "created_at": "Fri May 25 14:16:38 UTC 2012",
 "updated_at": "Wed Oct 17 15:44:48 UTC 2012",
 "overview": "\u003Cp\u003EAlmeda University is the web\u2019s premier online education center. With accreditation from multiple respected organizations, our school offers effective distance learning for students of all ages. Administrators and instructors work diligently to continually improve courses, curriculums, and the student experience. \u003C/p\u003E\n\n\u003Cp\u003EAt Almeda, students can take real life experience and turn it into college credit. Higher education brings countless benefits and opportunities in today\u2019s competitive world.\u003C/p\u003E\n\n\u003Cp\u003EWhat are your educational goals? Almeda can provide the following for prospective students:\u003C/p\u003E\n\n\u003Cp\u003E\uf0a7 Get new students started in a rewarding and challenging career path\n\uf0a7 Help students find and develop the skills for a new career\n\uf0a7 Take your professional credentials and potential to the next level\n\uf0a7 Enrich your life with intellectually stimulating courses, reading, and material\u003C/p\u003E\n\n\u003Cp\u003EWhatever your goals, at Almeda University, we have you covered.\u003C/p\u003E\n\n\u003Cp\u003EDegrees Offered\u003C/p\u003E\n\n\u003Cp\u003EAlmeda University currently offers a wealth of Associate, Bachelor, and Graduate degrees for students, including the following:\u003C/p\u003E\n\n\u003Cp\u003EAssociate Degrees\u003C/p\u003E\n\n\u003Cp\u003E\uf0a7 Associate of Arts\n\uf0a7 Associate of Science\u003C/p\u003E\n\n\u003Cp\u003EBachelor Degrees\u003C/p\u003E\n\n\u003Cp\u003E\uf0a7 Bachelor of Arts\n\uf0a7 Bachelor of Science\n\uf0a7 Bachelor of Commerce\n\uf0a7 Bachelor of Divinity\n\uf0a7 Bachelor of Theology\n\uf0a7 Bachelor of Business Administration\n\uf0a7 Bachelor of Social Work\u003C/p\u003E\n\n\u003Cp\u003EGraduate/Doctoral Degrees\u003C/p\u003E\n\n\u003Cp\u003E\uf0a7 Master of Arts\n\uf0a7 Master of Science\n\uf0a7 Master of Business Administration\n\uf0a7 Master of Divinity\n\uf0a7 Master of Theology\n\uf0a7 Master of Commerce\n\uf0a7 Doctor of Theology\n\uf0a7 Doctor of Business\u003C/p\u003E\n\n\u003Cp\u003EWith a wealth of available degrees, courses, and specialties, Almeda is confident all students can find exactly what they need from our University.\u003C/p\u003E\n\n\u003Cp\u003EProspective Students \u2013 Enroll Today!\u003C/p\u003E\n\n\u003Cp\u003EIn today\u2019s age, setting aside time for working professionals to attend traditional Universities may prove difficult or impossible. But with Almeda University\u2019s online degree programs, students from any walk of life have the opportunity to advance their educations. \u003C/p\u003E\n\n\u003Cp\u003EAnd with a plethora of both degree and non-degree programs and over 1000 available courses, we offer something for everyone within our University.\u003C/p\u003E\n\n\u003Cp\u003EIf you are ready to take your education, career, and personal development to the next level, contact Almeda University today by calling us toll free at (866) 699-8207 or visiting our site at www.almedauniversity.org. \u003C/p\u003E",
 "image": null,
 "products":
  [],
 "relationships":
  [],
 "competitions":
  [],
 "providerships":
  [],
 "total_money_raised": "$0",
 "funding_rounds":
  [],
 "investments":
  [],
 "acquisition": null,
 "acquisitions":
  [],
 "offices":
  [],
 "milestones":
  [],
 "ipo": null,
 "video_embeds":
  [],
 "screenshots":
  [],
 "external_links":
  [],
 "partners":
  []}
