{"name": "Aloha Startups",
 "permalink": "aloha-startups",
 "crunchbase_url": "http://www.crunchbase.com/company/aloha-startups",
 "homepage_url": "http://www.alohastartups.com",
 "blog_url": "http://www.alohastartups.com/",
 "blog_feed_url": "http://www.alohastartups.com/feed/",
 "twitter_username": "Alohastartups",
 "category_code": "other",
 "number_of_employees": 4,
 "founded_year": 2011,
 "founded_month": 7,
 "founded_day": 1,
 "deadpooled_year": null,
 "deadpooled_month": null,
 "deadpooled_day": null,
 "deadpooled_url": null,
 "tag_list": "startups, hawaii, entrepreneurs, news",
 "alias_list": null,
 "email_address": "will@alohastartups.com",
 "phone_number": "808.679.8068",
 "description": "Hawaii Site covering Startups",
 "created_at": "Mon Jul 16 19:32:19 UTC 2012",
 "updated_at": "Mon Jul 16 21:07:08 UTC 2012",
 "overview": "\u003Cp\u003EStarting up kama\u2019aina Startups.  We are a group of young local Entrepreneurs and  Startup enthusiast.  Our mission is to uncover and highlight local Startups, Entrepreneurs and Events. We Love Startups and we Love Hawaii.\u003C/p\u003E\n\n\u003Cp\u003EAloha Startups is a Hawaii-based group of entrepreneurs, technologists and professionals dedicated to connecting, growing, and bringing attention to Hawaii\u2019s startup community. Through thought-provoking articles on startups and entrepreneurs, opinions on issues, and in-depth profiles of ideas, entrepreneurs, and events, Aloha Startups\u2019 original content highlights the successes, failures, and challenges facing Hawaii\u2019s newest high tech businesses.\nOur goals are to:\u003C/p\u003E\n\n\u003Cul\u003E\n\u003Cli\u003EIncrease awareness of the people, businesses, and events energizing Hawaii\u2019s startup community,\u003C/li\u003E\n\u003Cli\u003EIdentify, highlight, and help to solve the challenges and gaps facing Hawaii\u2019s tech entrepreneurs,\u003C/li\u003E\n\u003Cli\u003EGive Hawaii\u2019s entrepreneurs a voice to influence relevant decision-makers,\u003C/li\u003E\n\u003Cli\u003EConnect entrepreneurs and those interested in becoming entrepreneurs in Hawaii.\u003C/li\u003E\n\u003C/ul\u003E",
 "image":
  {"available_sizes":
    [[[101,
       27],
      "http://api-images.crunchbase.com/assets/images/resized/0020/1265/201265v2-max-150x150.png"],
     [[101,
       27],
      "http://api-images.crunchbase.com/assets/images/resized/0020/1265/201265v2-max-250x250.png"],
     [[101,
       27],
      "http://api-images.crunchbase.com/assets/images/resized/0020/1265/201265v2-max-450x450.png"]],
   "attribution": null},
 "products":
  [],
 "relationships":
  [],
 "competitions":
  [],
 "providerships":
  [],
 "total_money_raised": "$0",
 "funding_rounds":
  [],
 "investments":
  [],
 "acquisition": null,
 "acquisitions":
  [],
 "offices":
  [{"description": "Oahu Office",
    "address1": "60 N Beretania St #901",
    "address2": "",
    "zip_code": "96817",
    "city": "Honolulu",
    "state_code": "HI",
    "country_code": "USA",
    "latitude": null,
    "longitude": null}],
 "milestones":
  [],
 "ipo": null,
 "video_embeds":
  [],
 "screenshots":
  [],
 "external_links":
  [],
 "partners":
  []}
