{"name": "Altair Prep",
 "permalink": "altair-prep",
 "crunchbase_url": "http://www.crunchbase.com/company/altair-prep",
 "homepage_url": "http://altairprep.com",
 "blog_url": "",
 "blog_feed_url": "",
 "twitter_username": "altairprep",
 "category_code": "education",
 "number_of_employees": 15,
 "founded_year": 2011,
 "founded_month": 12,
 "founded_day": null,
 "deadpooled_year": null,
 "deadpooled_month": null,
 "deadpooled_day": null,
 "deadpooled_url": null,
 "tag_list": "education, education-tech, test-prep, adaptive-learning, higher-education",
 "alias_list": null,
 "email_address": "management@altairprep.com",
 "phone_number": "626-765-PREP",
 "description": "Adaptive Test Prep Plat",
 "created_at": "Sun Apr 08 19:02:35 UTC 2012",
 "updated_at": "Tue Mar 04 08:44:04 UTC 2014",
 "overview": "\u003Cp\u003EAltair Prep has reverse-engineered a fast-paced, adaptive SAT curriculum that better caters to high-achieving students. The curriculum is based on an innovative pattern-recognition strategy that forms the basis for an adaptive learning platform.\u003C/p\u003E\n\n\u003Cp\u003EAltair Prep uses a performance-based algorithmic approach to create a dynamic and personalized standardized testing curriculum.\u003C/p\u003E",
 "image":
  {"available_sizes":
    [[[150,
       48],
      "http://api-images.crunchbase.com/assets/images/resized/0018/3195/183195v2-max-150x150.png"],
     [[250,
       80],
      "http://api-images.crunchbase.com/assets/images/resized/0018/3195/183195v2-max-250x250.png"],
     [[450,
       144],
      "http://api-images.crunchbase.com/assets/images/resized/0018/3195/183195v2-max-450x450.png"]],
   "attribution": null},
 "products":
  [],
 "relationships":
  [{"is_past": false,
    "title": "Founder",
    "person":
     {"first_name": "Maximilian",
      "last_name": "Wolff",
      "permalink": "maximilian-wolff"}},
   {"is_past": false,
    "title": "Founder",
    "person":
     {"first_name": "Avneet",
      "last_name": "Pujji",
      "permalink": "avneet-pujji"}},
   {"is_past": false,
    "title": "Founder",
    "person":
     {"first_name": "Abhi",
      "last_name": "Ramesh",
      "permalink": "abhi-ramesh"}},
   {"is_past": false,
    "title": "Founder",
    "person":
     {"first_name": "Darwish",
      "last_name": "Gani",
      "permalink": "darwish-gani"}},
   {"is_past": false,
    "title": "Founder",
    "person":
     {"first_name": "Tripp",
      "last_name": "Roberts",
      "permalink": "tripp-roberts"}}],
 "competitions":
  [],
 "providerships":
  [],
 "total_money_raised": "$0",
 "funding_rounds":
  [{"id": 67550,
    "round_code": "seed",
    "source_url": "http://venturebeat.com/2012/12/05/dreamit-ventures-graduates-15-startups-in-its-2012-philadelphia-class/",
    "source_description": "DreamIt Ventures graduates 15 startups in its 2012 Philadelphia class",
    "raised_amount": null,
    "raised_currency_code": "USD",
    "funded_year": 2012,
    "funded_month": 12,
    "funded_day": 5,
    "investments":
     [{"company": null,
       "financial_org":
        {"name": "DreamIt Ventures",
         "permalink": "dreamit-ventures"},
       "person": null}]}],
 "investments":
  [],
 "acquisition": null,
 "acquisitions":
  [],
 "offices":
  [{"description": "",
    "address1": "",
    "address2": "",
    "zip_code": "",
    "city": "Atlanta",
    "state_code": "GA",
    "country_code": "USA",
    "latitude": null,
    "longitude": null},
   {"description": "",
    "address1": "",
    "address2": "",
    "zip_code": "",
    "city": "Chicago",
    "state_code": "IL",
    "country_code": "USA",
    "latitude": null,
    "longitude": null},
   {"description": "",
    "address1": "",
    "address2": "",
    "zip_code": "",
    "city": "Philadelphia",
    "state_code": "PA",
    "country_code": "USA",
    "latitude": null,
    "longitude": null},
   {"description": "",
    "address1": "",
    "address2": "",
    "zip_code": "",
    "city": "San Diego",
    "state_code": "CA",
    "country_code": "USA",
    "latitude": null,
    "longitude": null}],
 "milestones":
  [],
 "ipo": null,
 "video_embeds":
  [],
 "screenshots":
  [{"available_sizes":
     [[[150,
        80],
       "http://api-images.crunchbase.com/assets/images/resized/0018/3193/183193v2-max-150x150.png"],
      [[250,
        133],
       "http://api-images.crunchbase.com/assets/images/resized/0018/3193/183193v2-max-250x250.png"],
      [[450,
        241],
       "http://api-images.crunchbase.com/assets/images/resized/0018/3193/183193v2-max-450x450.png"]],
    "attribution": null},
   {"available_sizes":
     [[[150,
        95],
       "http://api-images.crunchbase.com/assets/images/resized/0018/3194/183194v2-max-150x150.png"],
      [[250,
        158],
       "http://api-images.crunchbase.com/assets/images/resized/0018/3194/183194v2-max-250x250.png"],
      [[450,
        285],
       "http://api-images.crunchbase.com/assets/images/resized/0018/3194/183194v2-max-450x450.png"]],
    "attribution": null}],
 "external_links":
  [],
 "partners":
  []}
