{"name": "Alternative Reality",
 "permalink": "alternative-reality",
 "crunchbase_url": "http://www.crunchbase.com/company/alternative-reality",
 "homepage_url": null,
 "blog_url": null,
 "blog_feed_url": null,
 "twitter_username": null,
 "category_code": null,
 "number_of_employees": null,
 "founded_year": null,
 "founded_month": null,
 "founded_day": null,
 "deadpooled_year": null,
 "deadpooled_month": null,
 "deadpooled_day": null,
 "deadpooled_url": null,
 "tag_list": null,
 "alias_list": null,
 "email_address": null,
 "phone_number": null,
 "description": null,
 "created_at": "Mon Jun 11 09:19:36 UTC 2012",
 "updated_at": "Tue Jun 12 15:10:12 UTC 2012",
 "overview": null,
 "image": null,
 "products":
  [],
 "relationships":
  [],
 "competitions":
  [],
 "providerships":
  [],
 "total_money_raised": "$0",
 "funding_rounds":
  [],
 "investments":
  [],
 "acquisition":
  {"price_amount": null,
   "price_currency_code": "USD",
   "term_code": "cash",
   "source_url": "",
   "source_description": "",
   "acquired_year": 2002,
   "acquired_month": 4,
   "acquired_day": null,
   "acquiring_company":
    {"name": "Multiplayer.it",
     "permalink": "multiplayer-it"}},
 "acquisitions":
  [],
 "offices":
  [],
 "milestones":
  [],
 "ipo": null,
 "video_embeds":
  [],
 "screenshots":
  [],
 "external_links":
  [],
 "partners":
  []}
