{"name": "Altitude Shoes",
 "permalink": "altitude-shoes",
 "crunchbase_url": "http://www.crunchbase.com/company/altitude-shoes",
 "homepage_url": "http://www.altitudeshoes.com",
 "blog_url": "http://www.altitudeshoes.com/",
 "blog_feed_url": "",
 "twitter_username": "AltitudeShoes",
 "category_code": "ecommerce",
 "number_of_employees": null,
 "founded_year": null,
 "founded_month": null,
 "founded_day": null,
 "deadpooled_year": null,
 "deadpooled_month": null,
 "deadpooled_day": null,
 "deadpooled_url": null,
 "tag_list": "height-increasing-altitude-shoes, tall-shoes, elevator-shoes, shoes-that-make-you-taller, shoe-lifts, mens-high-shoes, increasing-shoes, how-to-get-taller",
 "alias_list": null,
 "email_address": "",
 "phone_number": "",
 "description": "Height increasing altitude shoes",
 "created_at": "Mon Jun 04 10:50:44 UTC 2012",
 "updated_at": "Sat Jun 09 16:24:30 UTC 2012",
 "overview": "\u003Cp\u003EAltitude Shoes is the leading online sture for height increasing altitude shoes - the revolution in mens footwear.\u003C/p\u003E",
 "image": null,
 "products":
  [],
 "relationships":
  [],
 "competitions":
  [],
 "providerships":
  [],
 "total_money_raised": "$0",
 "funding_rounds":
  [],
 "investments":
  [],
 "acquisition": null,
 "acquisitions":
  [],
 "offices":
  [{"description": "Registered Address",
    "address1": "150 New Cavendish Street",
    "address2": "",
    "zip_code": "W1W 6YJ",
    "city": "London",
    "state_code": null,
    "country_code": "GBR",
    "latitude": null,
    "longitude": null}],
 "milestones":
  [],
 "ipo": null,
 "video_embeds":
  [],
 "screenshots":
  [{"available_sizes":
     [[[136,
        150],
       "http://api-images.crunchbase.com/assets/images/resized/0019/3751/193751v2-max-150x150.png"],
      [[226,
        250],
       "http://api-images.crunchbase.com/assets/images/resized/0019/3751/193751v2-max-250x250.png"],
      [[408,
        450],
       "http://api-images.crunchbase.com/assets/images/resized/0019/3751/193751v2-max-450x450.png"]],
    "attribution": null},
   {"available_sizes":
     [[[56,
        56],
       "http://api-images.crunchbase.com/assets/images/resized/0019/3752/193752v2-max-150x150.png"],
      [[56,
        56],
       "http://api-images.crunchbase.com/assets/images/resized/0019/3752/193752v2-max-250x250.png"],
      [[56,
        56],
       "http://api-images.crunchbase.com/assets/images/resized/0019/3752/193752v2-max-450x450.png"]],
    "attribution": null},
   {"available_sizes":
     [[[150,
        150],
       "http://api-images.crunchbase.com/assets/images/resized/0019/3753/193753v2-max-150x150.png"],
      [[170,
        170],
       "http://api-images.crunchbase.com/assets/images/resized/0019/3753/193753v2-max-250x250.png"],
      [[170,
        170],
       "http://api-images.crunchbase.com/assets/images/resized/0019/3753/193753v2-max-450x450.png"]],
    "attribution": null},
   {"available_sizes":
     [[[150,
        150],
       "http://api-images.crunchbase.com/assets/images/resized/0019/3754/193754v2-max-150x150.png"],
      [[170,
        170],
       "http://api-images.crunchbase.com/assets/images/resized/0019/3754/193754v2-max-250x250.png"],
      [[170,
        170],
       "http://api-images.crunchbase.com/assets/images/resized/0019/3754/193754v2-max-450x450.png"]],
    "attribution": null}],
 "external_links":
  [],
 "partners":
  []}
