{"name": "Altitude",
 "permalink": "altitude",
 "crunchbase_url": "http://www.crunchbase.com/company/altitude",
 "homepage_url": "http://www.designbyaltitude.com",
 "blog_url": "http://www.designbyaltitude.com/news",
 "blog_feed_url": "http://www.designbyaltitude.com/rss",
 "twitter_username": "altitudedesign",
 "category_code": "advertising",
 "number_of_employees": null,
 "founded_year": null,
 "founded_month": null,
 "founded_day": null,
 "deadpooled_year": null,
 "deadpooled_month": null,
 "deadpooled_day": null,
 "deadpooled_url": null,
 "tag_list": "",
 "alias_list": null,
 "email_address": "miles@designbyaltitude.com",
 "phone_number": "0845 224 29 65",
 "description": "Design and Marketing",
 "created_at": "Sat Jun 30 21:33:20 UTC 2012",
 "updated_at": "Tue Apr 01 05:34:43 UTC 2014",
 "overview": "\u003Cp\u003EAltitude is taking design and marketing to new heights.\u003C/p\u003E\n\n\u003Cp\u003EChallenge, Solution, Results, three words you will be hearing a lot of when you let Altitude drive your design/communications brief. Three words we believe sets us apart from the crowd when it comes to the creative process. Yes we love design, yes we live and breathe creativity \u2013 every agency worth its salt should and we are no different. Whether the design brief is traditional or contemporary, hard hitting or subtle - we have the experience and the expertise, but you would expect that too.\u003C/p\u003E\n\n\u003Cp\u003EWhat makes Altitude different is the way we go about that process \u2013 the way we deliver on your objectives. It\u2019s about rising to the challenge of your vision, finding the solution that makes your vision a reality and finally it\u2019s turning that vision into tangible results that impact positively on your business.\u003C/p\u003E\n\n\u003Cp\u003EWhether we are thinking big or small, we keep it simple and we won\u0026#8217;t blind you with creative speak or weigh you down with page after page of design brief. Come and set us the challenge and we can discuss options for a solution, preparing a simple no-nonsense proposal. We will keep you fully briefed throughout the creative process, remaining flexible and adaptable to any changes along the way. That\u0026#8217;s how we ensure we deliver your perfect vision and we are confident you will love the results.\u003C/p\u003E",
 "image":
  {"available_sizes":
    [[[150,
       27],
      "http://api-images.crunchbase.com/assets/images/resized/0019/8179/198179v2-max-150x150.jpg"],
     [[230,
       42],
      "http://api-images.crunchbase.com/assets/images/resized/0019/8179/198179v2-max-250x250.jpg"],
     [[230,
       42],
      "http://api-images.crunchbase.com/assets/images/resized/0019/8179/198179v2-max-450x450.jpg"]],
   "attribution": null},
 "products":
  [],
 "relationships":
  [{"is_past": false,
    "title": "Director",
    "person":
     {"first_name": "Miles",
      "last_name": "Noble",
      "permalink": "miles-noble"}}],
 "competitions":
  [],
 "providerships":
  [],
 "total_money_raised": "$0",
 "funding_rounds":
  [],
 "investments":
  [],
 "acquisition": null,
 "acquisitions":
  [],
 "offices":
  [{"description": "Head Office",
    "address1": "Residence Two",
    "address2": "Royal William Yard,Devon",
    "zip_code": "PL1 3RP",
    "city": "Plymouth",
    "state_code": null,
    "country_code": "GBR",
    "latitude": null,
    "longitude": null}],
 "milestones":
  [],
 "ipo": null,
 "video_embeds":
  [],
 "screenshots":
  [],
 "external_links":
  [],
 "partners":
  []}
