{"name": "Altibase",
 "permalink": "altibase",
 "crunchbase_url": "http://www.crunchbase.com/company/altibase",
 "homepage_url": "http://www.altibase.com",
 "blog_url": "http://altistory.net/",
 "blog_feed_url": "http://altistory.net/feed",
 "twitter_username": "Altibase",
 "category_code": "software",
 "number_of_employees": null,
 "founded_year": 1999,
 "founded_month": 11,
 "founded_day": 26,
 "deadpooled_year": null,
 "deadpooled_month": null,
 "deadpooled_day": null,
 "deadpooled_url": null,
 "tag_list": "in-memory-database, in-memory-computing, database, altibase, hdb, xdb, high-performance-computing, in-memory-database-management-system",
 "alias_list": null,
 "email_address": "sales.us@altibase.com",
 "phone_number": "+1.888.837.7333",
 "description": "In-Memory DBMS Solutions",
 "created_at": "Thu May 10 05:46:14 UTC 2012",
 "updated_at": "Fri Jul 12 22:31:12 UTC 2013",
 "overview": "\u003Cp\u003EAltibase\u00ae is a global enterprise provider of in-memory computing technology. With a keen focus on R\u0026amp;D, Altibase\u00ae offers real-time access, analysis and distribution of high volumes of data in mission critical environments. The company created the world\u2019s first hybrid RDBMS in 1999, ALTIBASE\u00ae HDB\u2122. Since then, ALTIBASE\u00ae HDB\u2122 has positioned itself as the leader in in-memory computing through extensive testing and development in its internal tech labs, hundreds of client sites and internationally revered academic research facilities. \u003C/p\u003E\n\n\u003Cp\u003EAltibase provides real-time data performance solutions for your real-time enterprise to address the challenges of big data. Altibase enables you to drastically improve the speed of data access across your IT infrastructure. Through its flag-ship product, Altibase\u00ae HDB\u2122, Altibase helps customers accomplish exceptional data performance gains. \u003C/p\u003E\n\n\u003Cp\u003EAltibase\u00ae HDB\u2122 is a hybrid relational DBMS that brings in-memory and on-disk storage in a single relational database. Within the same database, tables with high operation volumes are stored in main memory while tables with lower operation volumes are kept on-disk. This hybrid storage approach delivers performance improvements for \u0026#8220;data-at-rest\u0026#8221; residing in larger databases. \u003C/p\u003E\n\n\u003Cp\u003EAltibase data performance solutions deliver real-time access to your data whether your data is at-rest in a database or it is still in-motion across the wire.\u003C/p\u003E",
 "image":
  {"available_sizes":
    [[[150,
       21],
      "http://api-images.crunchbase.com/assets/images/resized/0028/7640/287640v2-max-150x150.png"],
     [[250,
       36],
      "http://api-images.crunchbase.com/assets/images/resized/0028/7640/287640v2-max-250x250.png"],
     [[450,
       65],
      "http://api-images.crunchbase.com/assets/images/resized/0028/7640/287640v2-max-450x450.png"]],
   "attribution": null},
 "products":
  [],
 "relationships":
  [],
 "competitions":
  [{"competitor":
     {"name": "SAP HANA",
      "permalink": "sap-hana"}}],
 "providerships":
  [],
 "total_money_raised": "$0",
 "funding_rounds":
  [],
 "investments":
  [],
 "acquisition": null,
 "acquisitions":
  [],
 "offices":
  [{"description": "HQ",
    "address1": "1008-10 Fl. Daerungpost-Tower II",
    "address2": "Guro-3 Dong, Guro-gu",
    "zip_code": "152-790",
    "city": "Seoul",
    "state_code": null,
    "country_code": "KOR",
    "latitude": null,
    "longitude": null},
   {"description": "Altibase Inc.",
    "address1": "2225 East Bayshore Rd.",
    "address2": "Suite 250",
    "zip_code": "94303",
    "city": "Palo Alto",
    "state_code": "CA",
    "country_code": "USA",
    "latitude": null,
    "longitude": null},
   {"description": "Altibase Inc.",
    "address1": "One International Blvd.",
    "address2": "Suite 400",
    "zip_code": "07495",
    "city": "Mahwah",
    "state_code": "NJ",
    "country_code": "USA",
    "latitude": null,
    "longitude": null},
   {"description": "Altibase China",
    "address1": "C-903, YouSheng Building, No. 28 Chengfu Road",
    "address2": "Haidian District",
    "zip_code": "",
    "city": "Beijing",
    "state_code": null,
    "country_code": "CHN",
    "latitude": 39.90403,
    "longitude": 116.407526},
   {"description": "Altibase Singapore",
    "address1": "438 Alexandra Road",
    "address2": "#17-02/03 Alexandra Point",
    "zip_code": "119958",
    "city": "",
    "state_code": null,
    "country_code": "SGP",
    "latitude": 1.277291,
    "longitude": 103.799729}],
 "milestones":
  [],
 "ipo": null,
 "video_embeds":
  [{"embed_code": "\u003Ciframe width=\"430\" height=\"242\" src=\"//www.youtube.com/embed/ic3G7tapAu0\" frameborder=\"0\" allowfullscreen\u003E\u003C/iframe\u003E",
    "description": ""}],
 "screenshots":
  [],
 "external_links":
  [],
 "partners":
  []}
