{"name": "Alumnay",
 "permalink": "alumnay",
 "crunchbase_url": "http://www.crunchbase.com/company/alumnay",
 "homepage_url": "http://www.alumnay.com",
 "blog_url": "http://alumnay.com/blog",
 "blog_feed_url": "",
 "twitter_username": "alumnaycrew",
 "category_code": "ecommerce",
 "number_of_employees": null,
 "founded_year": 2012,
 "founded_month": 2,
 "founded_day": 9,
 "deadpooled_year": null,
 "deadpooled_month": null,
 "deadpooled_day": null,
 "deadpooled_url": null,
 "tag_list": "south-africa, social-network, e-commerce, social-commerce, shopping-online, online-stores, auctions, business-directory",
 "alias_list": null,
 "email_address": "info@alumnay.com",
 "phone_number": "",
 "description": "eCommerce Company",
 "created_at": "Thu Jul 19 17:28:14 UTC 2012",
 "updated_at": "Fri Jan 25 21:15:17 UTC 2013",
 "overview": "\u003Cp\u003EAlumnay (Pty) Limited is a privately owned South Africa Web company whose vision is to become Africa\u0026#8217;s leading and world class eCommerce company. It was incorporated in February 2012 as a private company, with its headquarters in Houghton, Gauteng, South Africa. \u003C/p\u003E\n\n\u003Cp\u003EThe company has been refocused over the past year as an electronic commerce specialist, focusing on internet platforms in multiple markets. \u003C/p\u003E\n\n\u003Cp\u003EThe company has established a portfolio of divisions in the internet industry that principally covers Networking platforms, Online marketplace websites, Niche job websites, Online classifieds, Online retailing and Comparison \u0026amp; reviewing websites. The company\u0026#8217;s operations and businesses are principally in South Africa\u003C/p\u003E\n\n\u003Cp\u003ESpecialties\neCommerce, Networking platforms, Free online classifieds, Consumer-to-consumer trading platforms, Niche job boards, Online Retailing, Online Comparison \u0026amp; Reviewing platforms\u003C/p\u003E",
 "image":
  {"available_sizes":
    [[[150,
       58],
      "http://api-images.crunchbase.com/assets/images/resized/0020/1933/201933v2-max-150x150.jpg"],
     [[250,
       97],
      "http://api-images.crunchbase.com/assets/images/resized/0020/1933/201933v2-max-250x250.jpg"],
     [[450,
       175],
      "http://api-images.crunchbase.com/assets/images/resized/0020/1933/201933v2-max-450x450.jpg"]],
   "attribution": null},
 "products":
  [],
 "relationships":
  [{"is_past": true,
    "title": "Founder",
    "person":
     {"first_name": "Bandela",
      "last_name": "B. Mgoqi",
      "permalink": "bandela-b-mgoqi"}}],
 "competitions":
  [],
 "providerships":
  [],
 "total_money_raised": "$0",
 "funding_rounds":
  [],
 "investments":
  [],
 "acquisition": null,
 "acquisitions":
  [],
 "offices":
  [{"description": "Headquarters",
    "address1": "Boundary Road",
    "address2": "Houghton",
    "zip_code": "2198",
    "city": "Johannesburg",
    "state_code": null,
    "country_code": "ZAF",
    "latitude": null,
    "longitude": null}],
 "milestones":
  [],
 "ipo": null,
 "video_embeds":
  [],
 "screenshots":
  [{"available_sizes":
     [[[150,
        100],
       "http://api-images.crunchbase.com/assets/images/resized/0020/1932/201932v2-max-150x150.jpg"],
      [[250,
        166],
       "http://api-images.crunchbase.com/assets/images/resized/0020/1932/201932v2-max-250x250.jpg"],
      [[450,
        300],
       "http://api-images.crunchbase.com/assets/images/resized/0020/1932/201932v2-max-450x450.jpg"]],
    "attribution": null}],
 "external_links":
  [],
 "partners":
  []}
