{"name": "AlwayOnVacation",
 "permalink": "alwayonvacation",
 "crunchbase_url": "http://www.crunchbase.com/company/alwayonvacation",
 "homepage_url": "http://alwaysonvacation.com",
 "blog_url": "",
 "blog_feed_url": "",
 "twitter_username": "AOVInc",
 "category_code": null,
 "number_of_employees": null,
 "founded_year": 2006,
 "founded_month": null,
 "founded_day": null,
 "deadpooled_year": null,
 "deadpooled_month": null,
 "deadpooled_day": null,
 "deadpooled_url": null,
 "tag_list": null,
 "alias_list": "",
 "email_address": "",
 "phone_number": "",
 "description": "",
 "created_at": "Sun Jun 17 15:10:21 UTC 2012",
 "updated_at": "Sat Apr 20 06:12:52 UTC 2013",
 "overview": "\u003Cp\u003EAlwaysOnVacation\u00ae is one of the world\u2019s largest vacation rental marketplaces and distribution networks with over 65,000 vacation rental properties in 120 countries globally. AlwaysOnVacation vacation rental property listings are published in 16 languages and are viewed by over 6 million travelers each month who are interested in booking a vacation rental! Whether you are looking for a mountain cabin, a beach house, villa rental, vacation cottage or private home vacation rental, AlwaysOnVacation has a huge selection of vacation rental properties to choose from. Search for vacation rental properties with deep discounts for last minute bookings, long stays, and early bird bookings. Begin planning your next vacation today!\nSpecialties\nVacation Rentals, Property Rentals, Travel, Travel Accomodations\u003C/p\u003E",
 "image":
  {"available_sizes":
    [[[150,
       35],
      "http://api-images.crunchbase.com/assets/images/resized/0025/0351/250351v1-max-150x150.png"],
     [[250,
       59],
      "http://api-images.crunchbase.com/assets/images/resized/0025/0351/250351v1-max-250x250.png"],
     [[292,
       70],
      "http://api-images.crunchbase.com/assets/images/resized/0025/0351/250351v1-max-450x450.png"]],
   "attribution": null},
 "products":
  [],
 "relationships":
  [{"is_past": false,
    "title": "Board Member, President \u0026 CEO, Founder",
    "person":
     {"first_name": "Jeffrey",
      "last_name": "Idso",
      "permalink": "jeffrey-idso"}},
   {"is_past": false,
    "title": "Director of Engineering",
    "person":
     {"first_name": "Manish",
      "last_name": "Sinha",
      "permalink": "manish-sinha"}}],
 "competitions":
  [],
 "providerships":
  [],
 "total_money_raised": "$0",
 "funding_rounds":
  [],
 "investments":
  [],
 "acquisition": null,
 "acquisitions":
  [],
 "offices":
  [{"description": "",
    "address1": "",
    "address2": "",
    "zip_code": "",
    "city": "",
    "state_code": null,
    "country_code": "USA",
    "latitude": null,
    "longitude": null}],
 "milestones":
  [],
 "ipo": null,
 "video_embeds":
  [],
 "screenshots":
  [],
 "external_links":
  [],
 "partners":
  []}
