{"name": "Amara Living",
 "permalink": "amara-living",
 "crunchbase_url": "http://www.crunchbase.com/company/amara-living",
 "homepage_url": "http://www.amara.co.uk",
 "blog_url": "http://www.amara.co.uk/blog",
 "blog_feed_url": "http://www.amara.co.uk/blog/feed/",
 "twitter_username": "AmaraLiving",
 "category_code": "ecommerce",
 "number_of_employees": null,
 "founded_year": 2006,
 "founded_month": 1,
 "founded_day": null,
 "deadpooled_year": null,
 "deadpooled_month": null,
 "deadpooled_day": null,
 "deadpooled_url": null,
 "tag_list": "interior-design, online-retail, luxury-home-gifts, wedding-gifts, luxury-bedding",
 "alias_list": "",
 "email_address": "customerservices@amara.co.uk",
 "phone_number": "0800 587 7645",
 "description": "Online Luxury Boutique ",
 "created_at": "Wed Feb 29 09:54:59 UTC 2012",
 "updated_at": "Wed Dec 11 06:02:17 UTC 2013",
 "overview": "\u003Cp\u003EAMARA is a leading International online boutique specialising in luxury gift ideas, beautiful wedding gifts and inspirational interior design ideas for your home. \u003C/p\u003E\n\n\u003Cp\u003EAmara is the brainchild of respected Interior Designer Sam Hood which unbelievably she only created in January 2005. Under Sam\u0026#8217;s expert guidance Amara has assembled a team of buyers who have produced one of the finest online collections of luxury gift ideas and wedding gift suggestions. Amara\u0026#8217;s many successes have been built on excellent customer service with close attention being paid to understanding what their clients need. \u003C/p\u003E\n\n\u003Cp\u003EAmara is the largest online supplier of Missoni Home and boasts an impressive range of luxury home fashion brands including Ralph lauren Home. Amara also present huge collection of fantastic gift suggestions and wedding gift ideas available for immediate delivery. \u003C/p\u003E\n\n\u003Cp\u003EAmara hold the majority of their luxury gift and wedding gift suggestions in stock and wherever possible deliver to UK addresses the next day. Sam has put together a team of customer service experts able to help you decide on which items are right for you. They also offer a luxury gift wrapping service for those buying presents and a Wedding list hosting service for those tying the knot. It is now possible to shop in US Dollars and Euros and it is possible to have your items shipped all over the World.\u003C/p\u003E",
 "image":
  {"available_sizes":
    [[[150,
       33],
      "http://api-images.crunchbase.com/assets/images/resized/0017/6327/176327v2-max-150x150.png"],
     [[234,
       52],
      "http://api-images.crunchbase.com/assets/images/resized/0017/6327/176327v2-max-250x250.png"],
     [[234,
       52],
      "http://api-images.crunchbase.com/assets/images/resized/0017/6327/176327v2-max-450x450.png"]],
   "attribution": null},
 "products":
  [],
 "relationships":
  [{"is_past": false,
    "title": "Chairman",
    "person":
     {"first_name": "Andrew",
      "last_name": "Curran",
      "permalink": "andrew-curran"}},
   {"is_past": false,
    "title": "CEO",
    "person":
     {"first_name": "Andrew",
      "last_name": "Hood",
      "permalink": "andrew-hood"}},
   {"is_past": false,
    "title": "Managing Director",
    "person":
     {"first_name": "Sam",
      "last_name": "Hood",
      "permalink": "sam-hood"}}],
 "competitions":
  [],
 "providerships":
  [],
 "total_money_raised": "$0",
 "funding_rounds":
  [],
 "investments":
  [],
 "acquisition": null,
 "acquisitions":
  [],
 "offices":
  [{"description": "Head Office",
    "address1": "Unit 4, Concord Farm",
    "address2": "School Road, Rayne",
    "zip_code": "CM77 6SP",
    "city": "Braintree",
    "state_code": null,
    "country_code": "GBR",
    "latitude": null,
    "longitude": null}],
 "milestones":
  [],
 "ipo": null,
 "video_embeds":
  [],
 "screenshots":
  [{"available_sizes":
     [[[150,
        106],
       "http://api-images.crunchbase.com/assets/images/resized/0017/6326/176326v2-max-150x150.png"],
      [[250,
        176],
       "http://api-images.crunchbase.com/assets/images/resized/0017/6326/176326v2-max-250x250.png"],
      [[450,
        318],
       "http://api-images.crunchbase.com/assets/images/resized/0017/6326/176326v2-max-450x450.png"]],
    "attribution": null}],
 "external_links":
  [],
 "partners":
  []}
