{"name": "Ambri, Inc.",
 "permalink": "ambri",
 "crunchbase_url": "http://www.crunchbase.com/company/ambri",
 "homepage_url": "http://www.ambri.com",
 "blog_url": "",
 "blog_feed_url": "",
 "twitter_username": "Ambri_Inc",
 "category_code": "cleantech",
 "number_of_employees": 40,
 "founded_year": 2010,
 "founded_month": null,
 "founded_day": null,
 "deadpooled_year": null,
 "deadpooled_month": null,
 "deadpooled_day": null,
 "deadpooled_url": null,
 "tag_list": "",
 "alias_list": "Liquid Metal Battery Corporation",
 "email_address": "admin@ambri.com",
 "phone_number": "617-714-5723",
 "description": "A new battery technology",
 "created_at": "Fri May 25 03:45:14 UTC 2012",
 "updated_at": "Wed Dec 11 03:26:16 UTC 2013",
 "overview": "\u003Cp\u003EAmbri, Inc. (formerly Liquid Metal Battery Corporation (LMBC)) is an early-stage company working to develop and commercialize a new battery technology that will revolutionize grid-scale power storage. Their battery has the potential to cost significantly less than existing batteries.  By decoupling power supply and power demand, the liquid metal battery  will be a major enabler of the widespread use of sustainable energy sources and the development of more efficient power systems.\u003C/p\u003E",
 "image":
  {"available_sizes":
    [[[150,
       37],
      "http://api-images.crunchbase.com/assets/images/resized/0019/1664/191664v3-max-150x150.png"],
     [[208,
       52],
      "http://api-images.crunchbase.com/assets/images/resized/0019/1664/191664v3-max-250x250.png"],
     [[208,
       52],
      "http://api-images.crunchbase.com/assets/images/resized/0019/1664/191664v3-max-450x450.png"]],
   "attribution": null},
 "products":
  [],
 "relationships":
  [],
 "competitions":
  [],
 "providerships":
  [],
 "total_money_raised": "$15M",
 "funding_rounds":
  [{"id": 30172,
    "round_code": "b",
    "source_url": "http://news.cnet.com/8301-11128_3-57441331-54/liquid-metal-battery-raises-$15m-in-series-b-financing/",
    "source_description": "Liquid Metal Battery raises $15M in series B financing",
    "raised_amount": 15000000.0,
    "raised_currency_code": "USD",
    "funded_year": 2012,
    "funded_month": 5,
    "funded_day": 24,
    "investments":
     [{"company": null,
       "financial_org":
        {"name": "Khosla Ventures",
         "permalink": "khosla-ventures"},
       "person": null},
      {"company": null,
       "financial_org": null,
       "person":
        {"first_name": "Bill",
         "last_name": "Gates",
         "permalink": "bill-gates"}},
      {"company": null,
       "financial_org":
        {"name": "Total Energy Ventures",
         "permalink": "total-energy-ventures-international"},
       "person": null}]},
   {"id": 57250,
    "round_code": "a",
    "source_url": "http://news.cnet.com/8301-11128_3-20064404-54.html",
    "source_description": "cnet",
    "raised_amount": null,
    "raised_currency_code": "USD",
    "funded_year": 2011,
    "funded_month": 5,
    "funded_day": null,
    "investments":
     [{"company": null,
       "financial_org": null,
       "person":
        {"first_name": "Bill",
         "last_name": "Gates",
         "permalink": "bill-gates"}},
      {"company": null,
       "financial_org":
        {"name": "Total Energy Ventures",
         "permalink": "total-energy-ventures-international"},
       "person": null}]}],
 "investments":
  [],
 "acquisition": null,
 "acquisitions":
  [],
 "offices":
  [{"description": "",
    "address1": "19 Blackstone Street",
    "address2": "",
    "zip_code": "02139",
    "city": "Cambridge",
    "state_code": "MA",
    "country_code": "USA",
    "latitude": null,
    "longitude": null}],
 "milestones":
  [],
 "ipo": null,
 "video_embeds":
  [],
 "screenshots":
  [{"available_sizes":
     [[[150,
        112],
       "http://api-images.crunchbase.com/assets/images/resized/0037/1904/371904v2-max-150x150.png"],
      [[250,
        187],
       "http://api-images.crunchbase.com/assets/images/resized/0037/1904/371904v2-max-250x250.png"],
      [[450,
        337],
       "http://api-images.crunchbase.com/assets/images/resized/0037/1904/371904v2-max-450x450.png"]],
    "attribution": null}],
 "external_links":
  [{"external_url": "http://www.ambri.com/storage/documents/press/20120827_pr_lmbc_announces_new_name_ambri.pdf",
    "title": "Press release: Liquid Metal Battery Corporation Announces New Company Name \u2013 Ambri"},
   {"external_url": "http://www.greentechmedia.com/articles/read/Sadoways-MIT-Liquid-Metal-Battery-Startup-Adds-15M-and-Khosla-Ventures-as",
    "title": "Sadoway's MIT Liquid Metal Battery Startup Adds $15M and Khosla Ventures as Investor"},
   {"external_url": "http://www.cleantech.com/2013/10/09/cleantech-group-unveils-the-2013-global-cleantech-100-list/",
    "title": "Cleantech Group Unveils the 2013 Global Cleantech 100 List"}],
 "partners":
  []}
