{"name": "American Fiber Systems",
 "permalink": "american-fiber-systems",
 "crunchbase_url": "http://www.crunchbase.com/company/american-fiber-systems",
 "homepage_url": null,
 "blog_url": null,
 "blog_feed_url": null,
 "twitter_username": null,
 "category_code": null,
 "number_of_employees": null,
 "founded_year": null,
 "founded_month": null,
 "founded_day": null,
 "deadpooled_year": null,
 "deadpooled_month": null,
 "deadpooled_day": null,
 "deadpooled_url": null,
 "tag_list": null,
 "alias_list": null,
 "email_address": null,
 "phone_number": null,
 "description": null,
 "created_at": "Mon Apr 30 13:45:38 UTC 2012",
 "updated_at": "Wed May 02 05:13:35 UTC 2012",
 "overview": null,
 "image": null,
 "products":
  [],
 "relationships":
  [{"is_past": false,
    "title": "Member",
    "person":
     {"first_name": "Dave",
      "last_name": "Rowell",
      "permalink": "dave-rowell"}},
   {"is_past": true,
    "title": "Board Member",
    "person":
     {"first_name": "Mark",
      "last_name": "Morrissette",
      "permalink": "mark-morrissette"}}],
 "competitions":
  [],
 "providerships":
  [],
 "total_money_raised": "$0",
 "funding_rounds":
  [],
 "investments":
  [],
 "acquisition":
  {"price_amount": null,
   "price_currency_code": "USD",
   "term_code": null,
   "source_url": "http://www.lightwaveonline.com/articles/2010/06/zayo-group-to-acquire-american-fiber-systems-97558209.html",
   "source_description": "Zayo Group to Acquire American Fiber Systems",
   "acquired_year": 2010,
   "acquired_month": 6,
   "acquired_day": null,
   "acquiring_company":
    {"name": "Zayo Group",
     "permalink": "zayo-group"}},
 "acquisitions":
  [],
 "offices":
  [],
 "milestones":
  [],
 "ipo": null,
 "video_embeds":
  [],
 "screenshots":
  [],
 "external_links":
  [],
 "partners":
  []}
