{"name": "American Giant",
 "permalink": "american-giant-clothing",
 "crunchbase_url": "http://www.crunchbase.com/company/american-giant-clothing",
 "homepage_url": "http://american-giant.com",
 "blog_url": "http://blog.american-giant.com",
 "blog_feed_url": "",
 "twitter_username": "American_Giant",
 "category_code": "ecommerce",
 "number_of_employees": 12,
 "founded_year": 2011,
 "founded_month": null,
 "founded_day": null,
 "deadpooled_year": null,
 "deadpooled_month": null,
 "deadpooled_day": null,
 "deadpooled_url": null,
 "tag_list": "menswear, made-in-america, retail, apparel, sweaters, clothing, online-retailer",
 "alias_list": "",
 "email_address": "",
 "phone_number": "888-707-0964",
 "description": "Quality clothing made in America",
 "created_at": "Tue Apr 17 02:01:41 UTC 2012",
 "updated_at": "Sat Mar 01 19:06:11 UTC 2014",
 "overview": "\u003Cp\u003EAmerican Giant is an apparel brand that is rethinking the traditional supply chain in order to deliver quality American-made clothing. By selling direct to the consumer, American Giant is able to invest in the quality of the product and pass savings on to the customer. \u003C/p\u003E\n\n\u003Cp\u003EAmerican Giant launched in February 2012 with a line of sweatshirts inspired by the classic athleticism of the navy issue and collegiate sweatshirts of the past, and the company is continuing to roll out new categories of high quality casual basics. American Giant products are built to last with durable fabrics, sturdy hardware and fasteners, and solid construction.  \u003C/p\u003E",
 "image":
  {"available_sizes":
    [[[138,
       134],
      "http://api-images.crunchbase.com/assets/images/resized/0018/4527/184527v1-max-150x150.png"],
     [[138,
       134],
      "http://api-images.crunchbase.com/assets/images/resized/0018/4527/184527v1-max-250x250.png"],
     [[138,
       134],
      "http://api-images.crunchbase.com/assets/images/resized/0018/4527/184527v1-max-450x450.png"]],
   "attribution": null},
 "products":
  [{"name": "Sweaters",
    "permalink": "sweaters"},
   {"name": "T-shirts",
    "permalink": "t-shirts"}],
 "relationships":
  [{"is_past": false,
    "title": "CEO",
    "person":
     {"first_name": "Bayard",
      "last_name": "Winthrop",
      "permalink": "bayard-winthrop"}},
   {"is_past": false,
    "title": "Chief Operating Officer",
    "person":
     {"first_name": "Kent",
      "last_name": "Kendall",
      "permalink": "kent-kendall"}},
   {"is_past": true,
    "title": "Vice President, Marketing and Sales",
    "person":
     {"first_name": "Megan",
      "last_name": "O'Connor",
      "permalink": "megan-oconnor"}}],
 "competitions":
  [],
 "providerships":
  [],
 "total_money_raised": "$1.4M",
 "funding_rounds":
  [{"id": 55651,
    "round_code": "partial",
    "source_url": "http://www.sec.gov/Archives/edgar/data/1590152/000159015213000001/xslFormDX01/primary_doc.xml",
    "source_description": "SEC",
    "raised_amount": 1399996.0,
    "raised_currency_code": "USD",
    "funded_year": 2013,
    "funded_month": 11,
    "funded_day": 21,
    "investments":
     []}],
 "investments":
  [],
 "acquisition": null,
 "acquisitions":
  [],
 "offices":
  [{"description": "Headquarters",
    "address1": "161 Natoma",
    "address2": "",
    "zip_code": "94105",
    "city": "San Francisco",
    "state_code": "CA",
    "country_code": "USA",
    "latitude": null,
    "longitude": null}],
 "milestones":
  [{"id": 23105,
    "description": "American Giant launched with sweatshirts in five silhouettes ",
    "stoned_year": 2012,
    "stoned_month": 2,
    "stoned_day": 1,
    "source_url": "http://www.marketwire.com/press-release/american-giant-launches-as-new-mens-clothing-line-1613749.htm",
    "source_text": null,
    "source_description": "American Giant Launches as New Men's Clothing Line",
    "stoneable_type": "Company",
    "stoned_value": null,
    "stoned_value_type": null,
    "stoned_acquirer": null,
    "stoneable":
     {"name": "American Giant",
      "permalink": "american-giant-clothing"}}],
 "ipo": null,
 "video_embeds":
  [{"embed_code": "\u003Ciframe width=\"430\" height=\"315\" src=\"//www.youtube.com/embed/iGWwAMfTCKk\" frameborder=\"0\" allowfullscreen\u003E\u003C/iframe\u003E",
    "description": "\u003Cp\u003EBrand Film\u003C/p\u003E"}],
 "screenshots":
  [{"available_sizes":
     [[[150,
        144],
       "http://api-images.crunchbase.com/assets/images/resized/0018/4533/184533v1-max-150x150.png"],
      [[250,
        241],
       "http://api-images.crunchbase.com/assets/images/resized/0018/4533/184533v1-max-250x250.png"],
      [[450,
        434],
       "http://api-images.crunchbase.com/assets/images/resized/0018/4533/184533v1-max-450x450.png"]],
    "attribution": null},
   {"available_sizes":
     [[[150,
        120],
       "http://api-images.crunchbase.com/assets/images/resized/0033/1242/331242v2-max-150x150.jpg"],
      [[250,
        200],
       "http://api-images.crunchbase.com/assets/images/resized/0033/1242/331242v2-max-250x250.jpg"],
      [[450,
        361],
       "http://api-images.crunchbase.com/assets/images/resized/0033/1242/331242v2-max-450x450.jpg"]],
    "attribution": null}],
 "external_links":
  [{"external_url": "http://www.inc.com/eric-markowitz/how-american-giant-hacked-the-supply-chain.html",
    "title": "How American Giant Hacked the Supply Chain"},
   {"external_url": "http://www.portfolio.com/companies-executives/2012/01/31/mens-apparel-company-american-giant-launches-online/index.html",
    "title": "Made in USA: A Sleeping Giant"},
   {"external_url": "http://www.fastcompany.com/1813129/can-going-online-only-bring-clothing-manufacturing-back-to-the-us",
    "title": "Mind This, Gap: Online-Only American Giant Brings Clothes Manufacturing Back To The U.S."},
   {"external_url": "http://techcrunch.com/2012/02/01/american-giant/",
    "title": "The Birth Of An American Giant\u2014Basic Clothing Sold On The Web"},
   {"external_url": "http://www.wwd.com/menswear-news/retail-business/american-giants-domestic-digital-debut-5694920",
    "title": "American Giant's Domestic Digital Debut"}],
 "partners":
  []}
