{"name": "1-800-GOT-JUNK?",
 "permalink": "1-800-got-junk",
 "crunchbase_url": "http://www.crunchbase.com/company/1-800-got-junk",
 "homepage_url": "http://www.1800gotjunk.com",
 "blog_url": "http://blog.1800gotjunk.com/",
 "blog_feed_url": "http://blog.1800gotjunk.com/feed/",
 "twitter_username": "1800GOTJUNK",
 "category_code": null,
 "number_of_employees": null,
 "founded_year": 1989,
 "founded_month": null,
 "founded_day": null,
 "deadpooled_year": null,
 "deadpooled_month": null,
 "deadpooled_day": null,
 "deadpooled_url": null,
 "tag_list": "",
 "alias_list": null,
 "email_address": "",
 "phone_number": "1-800-468-5865",
 "description": "The World's Largest Junk Removal Service",
 "created_at": "Fri Sep 30 14:17:36 UTC 2011",
 "updated_at": "Sun Oct 06 21:20:31 UTC 2013",
 "overview": "\u003Cp\u003E1-800-GOT-JUNK? has made the way we think about removing rubbish change. 1-800-GOT-JUNK? does the best it can to remove your unwanted good and what can be recycled, or what can be given to charity, that is what we will do with it. 1-800-GOT-JUNK? has offices and delivers services all across the United States, Canada, and Australia. Check our website to learn more about the way our environmentally friendly operations are changing the way you think about throwing your rubbish away.\u003C/p\u003E",
 "image":
  {"available_sizes":
    [[[150,
       88],
      "http://api-images.crunchbase.com/assets/images/resized/0022/8667/228667v2-max-150x150.png"],
     [[250,
       148],
      "http://api-images.crunchbase.com/assets/images/resized/0022/8667/228667v2-max-250x250.png"],
     [[450,
       266],
      "http://api-images.crunchbase.com/assets/images/resized/0022/8667/228667v2-max-450x450.png"]],
   "attribution": null},
 "products":
  [],
 "relationships":
  [{"is_past": true,
    "title": "Director, Marketing",
    "person":
     {"first_name": "Pete",
      "last_name": "Burgeson",
      "permalink": "pete-burgeson"}}],
 "competitions":
  [],
 "providerships":
  [],
 "total_money_raised": "$0",
 "funding_rounds":
  [],
 "investments":
  [],
 "acquisition": null,
 "acquisitions":
  [],
 "offices":
  [],
 "milestones":
  [],
 "ipo": null,
 "video_embeds":
  [],
 "screenshots":
  [],
 "external_links":
  [{"external_url": "http://1800gotjunk.com.au",
    "title": ""},
   {"external_url": "http://www.profyling.com/franchises/1800-got-junk",
    "title": "Franchise Review"}],
 "partners":
  []}
