{"name": "1% of Nothing",
 "permalink": "1-of-nothing",
 "crunchbase_url": "http://www.crunchbase.com/company/1-of-nothing",
 "homepage_url": "http://1percentof.org",
 "blog_url": "http://blog.1percentof.org",
 "blog_feed_url": "http://blog.1percentof.org/feed",
 "twitter_username": "1percentof",
 "category_code": "other",
 "number_of_employees": 2,
 "founded_year": 2011,
 "founded_month": 4,
 "founded_day": null,
 "deadpooled_year": null,
 "deadpooled_month": null,
 "deadpooled_day": null,
 "deadpooled_url": null,
 "tag_list": "non-profit",
 "alias_list": null,
 "email_address": "info@1percentof.org",
 "phone_number": "",
 "description": "Early-Stage Corporate Philanthropy",
 "created_at": "Tue Aug 23 01:15:04 UTC 2011",
 "updated_at": "Fri Nov 25 03:21:18 UTC 2011",
 "overview": "\u003Cp\u003E1% of Nothing wants to change the world through inspiring early-stage corporate philanthropy. It connect startups and founders to causes, where they can donate 1% of their equity, tying their own success to making major differences with those causes.\u003C/p\u003E",
 "image":
  {"available_sizes":
    [[[150,
       150],
      "http://api-images.crunchbase.com/assets/images/resized/0016/1809/161809v2-max-150x150.png"],
     [[250,
       250],
      "http://api-images.crunchbase.com/assets/images/resized/0016/1809/161809v2-max-250x250.png"],
     [[450,
       450],
      "http://api-images.crunchbase.com/assets/images/resized/0016/1809/161809v2-max-450x450.png"]],
   "attribution": null},
 "products":
  [],
 "relationships":
  [{"is_past": false,
    "title": "Co-Founder",
    "person":
     {"first_name": "Michael",
      "last_name": "Birch",
      "permalink": "michael-birch"}},
   {"is_past": false,
    "title": "Co-Founder",
    "person":
     {"first_name": "Matt",
      "last_name": "Galligan",
      "permalink": "matt-galligan"}},
   {"is_past": false,
    "title": "Co-Founder",
    "person":
     {"first_name": "Shervin",
      "last_name": "Pishevar",
      "permalink": "shervin-pishevar"}},
   {"is_past": false,
    "title": "Co-Founder",
    "person":
     {"first_name": "Scott",
      "last_name": "Harrison",
      "permalink": "scott-harrison"}}],
 "competitions":
  [],
 "providerships":
  [],
 "total_money_raised": "$0",
 "funding_rounds":
  [],
 "investments":
  [],
 "acquisition": null,
 "acquisitions":
  [],
 "offices":
  [],
 "milestones":
  [],
 "ipo": null,
 "video_embeds":
  [],
 "screenshots":
  [],
 "external_links":
  [{"external_url": "http://startuptunes.com/2011/11/24/1-of-nothing-a-corporate-philanthropy-platform-launches-its-beta/",
    "title": ""}],
 "partners":
  []}
