{"name": "100 Marks",
 "permalink": "100-marks",
 "crunchbase_url": "http://www.crunchbase.com/company/100-marks",
 "homepage_url": "http://www.100marks.in",
 "blog_url": "",
 "blog_feed_url": "http://www.100marks.in/feed/",
 "twitter_username": null,
 "category_code": "education",
 "number_of_employees": 2,
 "founded_year": 2011,
 "founded_month": 10,
 "founded_day": 6,
 "deadpooled_year": null,
 "deadpooled_month": null,
 "deadpooled_day": null,
 "deadpooled_url": null,
 "tag_list": "entrance-prep, cbse, iit-jee, aieee",
 "alias_list": null,
 "email_address": "pradeep@100marks.in",
 "phone_number": "",
 "description": "IIT Entrance Preparation online",
 "created_at": "Sun Nov 06 13:07:38 UTC 2011",
 "updated_at": "Thu Nov 24 03:46:02 UTC 2011",
 "overview": "\u003Cp\u003E100Marks is aiming to be one stop shop for education material online. 100Marks is a place where users can get access to free customized study plans and free preparation material for IIT JEE and AIEEE.\u003C/p\u003E\n\n\u003Cp\u003E100Marks also offers an online store where one can read reviews about test packages for IIT JEE and AIEEE preparation and buy them.\u003C/p\u003E",
 "image":
  {"available_sizes":
    [[[150,
       41],
      "http://api-images.crunchbase.com/assets/images/resized/0016/1063/161063v2-max-150x150.png"],
     [[250,
       69],
      "http://api-images.crunchbase.com/assets/images/resized/0016/1063/161063v2-max-250x250.png"],
     [[324,
       90],
      "http://api-images.crunchbase.com/assets/images/resized/0016/1063/161063v2-max-450x450.png"]],
   "attribution": null},
 "products":
  [],
 "relationships":
  [],
 "competitions":
  [],
 "providerships":
  [],
 "total_money_raised": "$0",
 "funding_rounds":
  [],
 "investments":
  [],
 "acquisition": null,
 "acquisitions":
  [],
 "offices":
  [{"description": "",
    "address1": "",
    "address2": "",
    "zip_code": "",
    "city": "Gurgaon",
    "state_code": null,
    "country_code": "IND",
    "latitude": null,
    "longitude": null}],
 "milestones":
  [],
 "ipo": null,
 "video_embeds":
  [],
 "screenshots":
  [{"available_sizes":
     [[[150,
        75],
       "http://api-images.crunchbase.com/assets/images/resized/0016/3264/163264v2-max-150x150.png"],
      [[250,
        125],
       "http://api-images.crunchbase.com/assets/images/resized/0016/3264/163264v2-max-250x250.png"],
      [[450,
        225],
       "http://api-images.crunchbase.com/assets/images/resized/0016/3264/163264v2-max-450x450.png"]],
    "attribution": null}],
 "external_links":
  [],
 "partners":
  []}
