{"name": "100 Layer Cake",
 "permalink": "100-layer-cake",
 "crunchbase_url": "http://www.crunchbase.com/company/100-layer-cake",
 "homepage_url": "http://www.100layercake.com",
 "blog_url": "http://www.100layercake.com/blog",
 "blog_feed_url": "",
 "twitter_username": "100layercake",
 "category_code": "other",
 "number_of_employees": 6,
 "founded_year": 2009,
 "founded_month": 2,
 "founded_day": null,
 "deadpooled_year": null,
 "deadpooled_month": null,
 "deadpooled_day": null,
 "deadpooled_url": null,
 "tag_list": "wedding, event, flash-sales, marketplace",
 "alias_list": null,
 "email_address": "info@100layercake.com",
 "phone_number": "",
 "description": "wedding and event resource",
 "created_at": "Thu Aug 18 22:51:37 UTC 2011",
 "updated_at": "Fri Aug 26 21:01:03 UTC 2011",
 "overview": "\u003Cp\u003E100 Layer Cake is a comprehensive event planning, design, and shopping resource for creative weddings and events.\u003C/p\u003E\n\n\u003Cp\u003EConsisting of a widely read inspiration blog, a recycled marketplace, service-request platform, and flash sale shopping experience, 100 Layer Cake provides brides, event planners, and anyone planning a creative event a unique resource for ideas, products, and services.\u003C/p\u003E\n\n\u003Cp\u003EFounded by three graphic designers with extensive experience in web design and event styling, the user experience of the site and strong brand presence are unique in the wedding industry. \u003C/p\u003E\n\n\u003Cp\u003EThe was blog launched in February 2009, followed by the full website launch in December 2010. \u003C/p\u003E",
 "image":
  {"available_sizes":
    [[[150,
       89],
      "http://api-images.crunchbase.com/assets/images/resized/0015/0109/150109v2-max-150x150.jpg"],
     [[250,
       148],
      "http://api-images.crunchbase.com/assets/images/resized/0015/0109/150109v2-max-250x250.jpg"],
     [[360,
       214],
      "http://api-images.crunchbase.com/assets/images/resized/0015/0109/150109v2-max-450x450.jpg"]],
   "attribution": null},
 "products":
  [],
 "relationships":
  [],
 "competitions":
  [],
 "providerships":
  [],
 "total_money_raised": "$0",
 "funding_rounds":
  [],
 "investments":
  [],
 "acquisition": null,
 "acquisitions":
  [],
 "offices":
  [],
 "milestones":
  [],
 "ipo": null,
 "video_embeds":
  [],
 "screenshots":
  [],
 "external_links":
  [],
 "partners":
  []}
