{"name": "10jumps",
 "permalink": "10jumps",
 "crunchbase_url": "http://www.crunchbase.com/company/10jumps",
 "homepage_url": "http://www.10jumps.com",
 "blog_url": "http://www.10jumps.com/blog",
 "blog_feed_url": "",
 "twitter_username": "10jumps",
 "category_code": "software",
 "number_of_employees": 4,
 "founded_year": 2010,
 "founded_month": 7,
 "founded_day": 16,
 "deadpooled_year": null,
 "deadpooled_month": null,
 "deadpooled_day": null,
 "deadpooled_url": null,
 "tag_list": "enterprise, mobile-app-development, drupal-development, web-application, saas-solutions, erp-solutionsm-services",
 "alias_list": null,
 "email_address": "anwesa@10jumps.com",
 "phone_number": "",
 "description": "Enterprise, web and mobile development",
 "created_at": "Wed Aug 24 22:24:58 UTC 2011",
 "updated_at": "Sun Aug 28 04:30:58 UTC 2011",
 "overview": "\u003Cp\u003ECompany Overview\u003Cbr/\u003E\n10jumps is a full service web development company located in San Francisco,\nBay Area, California. We build mobile and online solutions to give individuals,\norganizations and small to medium sized businesses complete control over their\nwebsite. Our services include Customized software development, web application,\nSearch Engine Optimization, Google Adwords, Google Analytics.\nGeneral Information \nThis is the official business page for 10jumps. You can find information on our latest blogs, promotions and deals about our services.\nMission \nWe invite you to be a part of the change that will make the Web a better place to do business, communicate, collaborate and play. Our goal is 100% customer satisfaction. We love what we do, and we\u0026#8217;d like to pass our enthusiasm and passion on to you!\nProducts\u003Cbr/\u003E\nSolutions:\nOur team has extensive experience developing using latest technologies:\nCloud, Drupal, Joomla, PHP/MySQL, Java, ERP and much more. We can help you with:\u003C/p\u003E\n\n\u003Cul\u003E\n\u003Cli\u003EAdvanced Websites\u003C/li\u003E\n\u003Cli\u003EIntranets and Extranets\u003C/li\u003E\n\u003Cli\u003EERP Software (SAP BI, SRM, SAP NetWeaver etc)\u003C/li\u003E\n\u003Cli\u003ECustom Web Applications\u003C/li\u003E\n\u003Cli\u003EContent Management Systems\u003C/li\u003E\n\u003Cli\u003EiPhone and Android Development\u003C/li\u003E\n\u003Cli\u003EiPad App Development\u003C/li\u003E\n\u003Cli\u003ESEO/SEM\u003C/li\u003E\n\u003Cli\u003EOnline marketing campaigns\u003C/li\u003E\n\u003Cli\u003EGraphic designing\u003C/li\u003E\n\u003C/ul\u003E",
 "image":
  {"available_sizes":
    [[[150,
       56],
      "http://api-images.crunchbase.com/assets/images/resized/0015/0962/150962v2-max-150x150.png"],
     [[208,
       78],
      "http://api-images.crunchbase.com/assets/images/resized/0015/0962/150962v2-max-250x250.png"],
     [[208,
       78],
      "http://api-images.crunchbase.com/assets/images/resized/0015/0962/150962v2-max-450x450.png"]],
   "attribution": null},
 "products":
  [],
 "relationships":
  [],
 "competitions":
  [],
 "providerships":
  [],
 "total_money_raised": "$0",
 "funding_rounds":
  [],
 "investments":
  [],
 "acquisition": null,
 "acquisitions":
  [],
 "offices":
  [],
 "milestones":
  [],
 "ipo": null,
 "video_embeds":
  [],
 "screenshots":
  [],
 "external_links":
  [],
 "partners":
  []}
