{"name": "118Boardshop.com",
 "permalink": "118boardshop-com",
 "crunchbase_url": "http://www.crunchbase.com/company/118boardshop-com",
 "homepage_url": null,
 "blog_url": null,
 "blog_feed_url": null,
 "twitter_username": null,
 "category_code": null,
 "number_of_employees": null,
 "founded_year": null,
 "founded_month": null,
 "founded_day": null,
 "deadpooled_year": null,
 "deadpooled_month": null,
 "deadpooled_day": null,
 "deadpooled_url": null,
 "tag_list": null,
 "alias_list": null,
 "email_address": null,
 "phone_number": null,
 "description": null,
 "created_at": "Sun Jan 15 19:33:26 UTC 2012",
 "updated_at": "Mon Jan 16 23:05:59 UTC 2012",
 "overview": null,
 "image": null,
 "products":
  [],
 "relationships":
  [],
 "competitions":
  [],
 "providerships":
  [],
 "total_money_raised": "$0",
 "funding_rounds":
  [],
 "investments":
  [],
 "acquisition":
  {"price_amount": null,
   "price_currency_code": "USD",
   "term_code": "cash",
   "source_url": "http://investing.businessweek.com",
   "source_description": "LeftLane Sports Acquires New Flash Sale Site",
   "acquired_year": 2011,
   "acquired_month": 10,
   "acquired_day": 1,
   "acquiring_company":
    {"name": "LeftLane Sports",
     "permalink": "leftlane-sports"}},
 "acquisitions":
  [],
 "offices":
  [],
 "milestones":
  [],
 "ipo": null,
 "video_embeds":
  [],
 "screenshots":
  [],
 "external_links":
  [],
 "partners":
  []}
