{"name": "12 Stars Media",
 "permalink": "12-stars-media",
 "crunchbase_url": "http://www.crunchbase.com/company/12-stars-media",
 "homepage_url": "http://www.12starsmedia.com",
 "blog_url": "http://www.12starsmedia.com/blog",
 "blog_feed_url": "http://12starsmedia.com/?feed=rss2",
 "twitter_username": "12starsmedia",
 "category_code": "public_relations",
 "number_of_employees": 6,
 "founded_year": 2007,
 "founded_month": null,
 "founded_day": null,
 "deadpooled_year": null,
 "deadpooled_month": null,
 "deadpooled_day": null,
 "deadpooled_url": null,
 "tag_list": "video-editing, video-production, videography, youtube-marketing, online-video-marketing",
 "alias_list": null,
 "email_address": "info@12starsmedia.com",
 "phone_number": "317.620.1212",
 "description": "Video Production Company",
 "created_at": "Wed Nov 02 02:42:59 UTC 2011",
 "updated_at": "Thu Nov 03 20:39:47 UTC 2011",
 "overview": "\u003Cp\u003E12 Stars Media helps to produce video that is so real and simple it changes audiences into relationships.\u003C/p\u003E\n\n\u003Cp\u003E12 Stars Media specializes in producing video for websites, blog posts, email marketing, and social media profiles.\u003C/p\u003E",
 "image":
  {"available_sizes":
    [[[150,
       51],
      "http://api-images.crunchbase.com/assets/images/resized/0016/0485/160485v2-max-150x150.png"],
     [[250,
       85],
      "http://api-images.crunchbase.com/assets/images/resized/0016/0485/160485v2-max-250x250.png"],
     [[350,
       120],
      "http://api-images.crunchbase.com/assets/images/resized/0016/0485/160485v2-max-450x450.png"]],
   "attribution": null},
 "products":
  [],
 "relationships":
  [{"is_past": false,
    "title": "CEO",
    "person":
     {"first_name": "Rocky",
      "last_name": "Walls",
      "permalink": "rocky-walls"}},
   {"is_past": false,
    "title": "COO",
    "person":
     {"first_name": "Zachary",
      "last_name": "Downs",
      "permalink": "zachary-downs"}}],
 "competitions":
  [],
 "providerships":
  [],
 "total_money_raised": "$0",
 "funding_rounds":
  [],
 "investments":
  [],
 "acquisition": null,
 "acquisitions":
  [],
 "offices":
  [{"description": "",
    "address1": "14074 Trade Center Drive",
    "address2": "",
    "zip_code": "46038",
    "city": "Fishers",
    "state_code": "IN",
    "country_code": "USA",
    "latitude": null,
    "longitude": null}],
 "milestones":
  [],
 "ipo": null,
 "video_embeds":
  [],
 "screenshots":
  [],
 "external_links":
  [],
 "partners":
  []}
