{"name": "12speak!",
 "permalink": "12speak",
 "crunchbase_url": "http://www.crunchbase.com/company/12speak",
 "homepage_url": "http://www.12speak.com",
 "blog_url": "http://12speak.com/blog",
 "blog_feed_url": "",
 "twitter_username": "12speak",
 "category_code": "web",
 "number_of_employees": null,
 "founded_year": 2011,
 "founded_month": null,
 "founded_day": null,
 "deadpooled_year": null,
 "deadpooled_month": null,
 "deadpooled_day": null,
 "deadpooled_url": null,
 "tag_list": "language-learning, free-language-learning, learn-english, learn-spanish, learn-french, learn-german, learn-italian, learn-norwegian, learn-russian, learn-chinese, learn-portuguese, learn-turkish, education, social-community, online-language-learning, lang",
 "alias_list": null,
 "email_address": "support@12speak.com",
 "phone_number": "",
 "description": "playful language learning",
 "created_at": "Mon Dec 19 22:09:40 UTC 2011",
 "updated_at": "Thu May 17 18:09:10 UTC 2012",
 "overview": "\u003Cp\u003E12speak! is a global language learning community serving its members an easy and fun way to learn a language in a playful online environment.\u003C/p\u003E\n\n\u003Cp\u003E12speak! is connecting language learners with native speakers and providing a personalized language vocabulary to be trained with integrated and fun language games.\u003C/p\u003E\n\n\u003Cp\u003E12speak! believes language learning can be fun and entertaining.\u003C/p\u003E\n\n\u003Cp\u003EOur goal is to provide an online environment where global language learners can meet, chat and practice their individual language skills and have fun learning languages.\u003C/p\u003E\n\n\u003Cp\u003EWe provide a way to meet native speakers and learn a language naturally.\u003C/p\u003E\n\n\u003Cp\u003EWe provide a way to manage your individual vocabulary and track your progress.\u003C/p\u003E\n\n\u003Cp\u003EWe provide a way to train your vocabulary with entertaining language games.\u003C/p\u003E\n\n\u003Cp\u003EWe want our members to have fun while learning!\u003C/p\u003E",
 "image":
  {"available_sizes":
    [[[150,
       69],
      "http://api-images.crunchbase.com/assets/images/resized/0016/6943/166943v2-max-150x150.jpg"],
     [[250,
       116],
      "http://api-images.crunchbase.com/assets/images/resized/0016/6943/166943v2-max-250x250.jpg"],
     [[450,
       209],
      "http://api-images.crunchbase.com/assets/images/resized/0016/6943/166943v2-max-450x450.jpg"]],
   "attribution": null},
 "products":
  [],
 "relationships":
  [],
 "competitions":
  [{"competitor":
     {"name": "Busuu",
      "permalink": "busuu"}},
   {"competitor":
     {"name": "Livemocha",
      "permalink": "livemocha"}},
   {"competitor":
     {"name": "babbel",
      "permalink": "babbel"}}],
 "providerships":
  [],
 "total_money_raised": "$0",
 "funding_rounds":
  [],
 "investments":
  [],
 "acquisition": null,
 "acquisitions":
  [],
 "offices":
  [{"description": "London HQ",
    "address1": "EC1N 8PN",
    "address2": "",
    "zip_code": "EC1N 8PN",
    "city": "London",
    "state_code": null,
    "country_code": "GBR",
    "latitude": null,
    "longitude": null}],
 "milestones":
  [],
 "ipo": null,
 "video_embeds":
  [{"embed_code": "http://www.youtube.com/watch?v=LEVTd8z_M9o",
    "description": ""}],
 "screenshots":
  [{"available_sizes":
     [[[150,
        83],
       "http://api-images.crunchbase.com/assets/images/resized/0016/6939/166939v2-max-150x150.jpg"],
      [[250,
        139],
       "http://api-images.crunchbase.com/assets/images/resized/0016/6939/166939v2-max-250x250.jpg"],
      [[450,
        251],
       "http://api-images.crunchbase.com/assets/images/resized/0016/6939/166939v2-max-450x450.jpg"]],
    "attribution": null},
   {"available_sizes":
     [[[150,
        92],
       "http://api-images.crunchbase.com/assets/images/resized/0016/6940/166940v2-max-150x150.jpg"],
      [[250,
        154],
       "http://api-images.crunchbase.com/assets/images/resized/0016/6940/166940v2-max-250x250.jpg"],
      [[450,
        277],
       "http://api-images.crunchbase.com/assets/images/resized/0016/6940/166940v2-max-450x450.jpg"]],
    "attribution": null},
   {"available_sizes":
     [[[150,
        94],
       "http://api-images.crunchbase.com/assets/images/resized/0016/6941/166941v2-max-150x150.jpg"],
      [[250,
        157],
       "http://api-images.crunchbase.com/assets/images/resized/0016/6941/166941v2-max-250x250.jpg"],
      [[450,
        282],
       "http://api-images.crunchbase.com/assets/images/resized/0016/6941/166941v2-max-450x450.jpg"]],
    "attribution": null},
   {"available_sizes":
     [[[150,
        97],
       "http://api-images.crunchbase.com/assets/images/resized/0016/6942/166942v2-max-150x150.jpg"],
      [[250,
        162],
       "http://api-images.crunchbase.com/assets/images/resized/0016/6942/166942v2-max-250x250.jpg"],
      [[450,
        292],
       "http://api-images.crunchbase.com/assets/images/resized/0016/6942/166942v2-max-450x450.jpg"]],
    "attribution": null}],
 "external_links":
  [{"external_url": "http://www.youtube.com/watch?v=LEVTd8z_M9o",
    "title": "How to use 12speak!"}],
 "partners":
  []}
