{"name": "1stdibs",
 "permalink": "1stdibs",
 "crunchbase_url": "http://www.crunchbase.com/company/1stdibs",
 "homepage_url": "http://www.1stdibs.com",
 "blog_url": "",
 "blog_feed_url": "",
 "twitter_username": "1stdibs",
 "category_code": "ecommerce",
 "number_of_employees": 150,
 "founded_year": 2001,
 "founded_month": null,
 "founded_day": null,
 "deadpooled_year": null,
 "deadpooled_month": null,
 "deadpooled_day": null,
 "deadpooled_url": null,
 "tag_list": "",
 "alias_list": "",
 "email_address": "pr@1stdibs.com",
 "phone_number": "212-627-2073",
 "description": "",
 "created_at": "Fri Nov 04 04:29:09 UTC 2011",
 "updated_at": "Fri Feb 28 00:33:41 UTC 2014",
 "overview": "\u003Cp\u003E1stdibs was founded in 2001 by Michael Bruno to bring the famed Paris Flea Market online to design lovers worldwide. \u003C/p\u003E\n\n\u003Cp\u003EToday, the company is the go-to source for the world\u0026#8217;s leading \ninterior designers, celebrities, and affluent consumers who share a passion for the most beautiful things on earth. They return each week to view and shop with confidence from over 4,000 new listings from the best professional dealer in antiques, 20th-century design, jewelry, watches, fashion, and fine art.\u003C/p\u003E",
 "image":
  {"available_sizes":
    [[[150,
       48],
      "http://api-images.crunchbase.com/assets/images/resized/0016/0785/160785v1-max-150x150.png"],
     [[222,
       72],
      "http://api-images.crunchbase.com/assets/images/resized/0016/0785/160785v1-max-250x250.png"],
     [[222,
       72],
      "http://api-images.crunchbase.com/assets/images/resized/0016/0785/160785v1-max-450x450.png"]],
   "attribution": null},
 "products":
  [],
 "relationships":
  [{"is_past": false,
    "title": "Founder \u0026 Chairman",
    "person":
     {"first_name": "Michael",
      "last_name": "Bruno",
      "permalink": "michael-bruno"}},
   {"is_past": false,
    "title": "Member, Board of Directors",
    "person":
     {"first_name": "Matt",
      "last_name": "Cohler",
      "permalink": "matt-cohler"}},
   {"is_past": false,
    "title": "",
    "person":
     {"first_name": "David",
      "last_name": "Rosenblatt",
      "permalink": "david-rosenblatt"}}],
 "competitions":
  [],
 "providerships":
  [],
 "total_money_raised": "$57M",
 "funding_rounds":
  [{"id": 26341,
    "round_code": "unattributed",
    "source_url": "http://www.finsmes.com/2011/11/1stdibs-receives-investment-benchmark-capital.html?utm_source=feedburner\u0026utm_medium=feed\u0026utm_campaign=Feed%3A+finsmes%2FcNHu+%28FinSMEs%29",
    "source_description": "1stdibs Receives Investment from Benchmark Capital",
    "raised_amount": null,
    "raised_currency_code": "USD",
    "funded_year": 2011,
    "funded_month": 11,
    "funded_day": 3,
    "investments":
     [{"company": null,
       "financial_org":
        {"name": "Benchmark",
         "permalink": "benchmark"},
       "person": null}]},
   {"id": 34148,
    "round_code": "unattributed",
    "source_url": "http://pandodaily.com/news/1stdibs-raises-42-million-for-luxury-marketplace/",
    "source_description": "1stdibs raises $42 million for luxury marketplace",
    "raised_amount": 42000000.0,
    "raised_currency_code": "USD",
    "funded_year": 2012,
    "funded_month": 12,
    "funded_day": 3,
    "investments":
     [{"company": null,
       "financial_org":
        {"name": "Index Ventures",
         "permalink": "index-ventures"},
       "person": null},
      {"company": null,
       "financial_org":
        {"name": "Spark Capital",
         "permalink": "spark-capital"},
       "person": null},
      {"company": null,
       "financial_org":
        {"name": "Benchmark",
         "permalink": "benchmark"},
       "person": null}]},
   {"id": 36206,
    "round_code": "seed",
    "source_url": "",
    "source_description": "EDGAR",
    "raised_amount": null,
    "raised_currency_code": "USD",
    "funded_year": 2012,
    "funded_month": 10,
    "funded_day": 1,
    "investments":
     [{"company": null,
       "financial_org":
        {"name": "SV Angel",
         "permalink": "sv-angel"},
       "person": null}]},
   {"id": 62442,
    "round_code": "c",
    "source_url": "http://www.techinasia.com/alibaba-invests-15-million-usbased-luxury-ecommerce-site/",
    "source_description": "Alibaba invests $15 million in US-based luxury e-commerce site",
    "raised_amount": 15000000.0,
    "raised_currency_code": "USD",
    "funded_year": 2014,
    "funded_month": 1,
    "funded_day": 24,
    "investments":
     [{"company":
        {"name": "Alibaba",
         "permalink": "alibaba"},
       "financial_org": null,
       "person": null}]}],
 "investments":
  [],
 "acquisition": null,
 "acquisitions":
  [{"price_amount": null,
    "price_currency_code": "USD",
    "term_code": null,
    "source_url": "http://www.prnewswire.com/news-releases/1stdibs-acquires-onlinegalleriescom-the-uks-premier-art-and-antiques-service-provider-170189656.html",
    "source_description": "1stdibs Acquires OnlineGalleries.com, The UK's Premier Art And Antiques Service Provider",
    "acquired_year": 2012,
    "acquired_month": 9,
    "acquired_day": 18,
    "company":
     {"name": "Online Galleries",
      "permalink": "online-galleries"}}],
 "offices":
  [{"description": "",
    "address1": "156 5th Ave, Suite 200",
    "address2": "",
    "zip_code": "10010",
    "city": "New York",
    "state_code": "NY",
    "country_code": "USA",
    "latitude": null,
    "longitude": null}],
 "milestones":
  [],
 "ipo": null,
 "video_embeds":
  [],
 "screenshots":
  [{"available_sizes":
     [[[150,
        86],
       "http://api-images.crunchbase.com/assets/images/resized/0042/3975/423975v2-max-150x150.png"],
      [[250,
        143],
       "http://api-images.crunchbase.com/assets/images/resized/0042/3975/423975v2-max-250x250.png"],
      [[450,
        258],
       "http://api-images.crunchbase.com/assets/images/resized/0042/3975/423975v2-max-450x450.png"]],
    "attribution": null},
   {"available_sizes":
     [[[150,
        85],
       "http://api-images.crunchbase.com/assets/images/resized/0042/3977/423977v2-max-150x150.png"],
      [[250,
        142],
       "http://api-images.crunchbase.com/assets/images/resized/0042/3977/423977v2-max-250x250.png"],
      [[450,
        257],
       "http://api-images.crunchbase.com/assets/images/resized/0042/3977/423977v2-max-450x450.png"]],
    "attribution": null},
   {"available_sizes":
     [[[150,
        81],
       "http://api-images.crunchbase.com/assets/images/resized/0042/4019/424019v2-max-150x150.png"],
      [[250,
        135],
       "http://api-images.crunchbase.com/assets/images/resized/0042/4019/424019v2-max-250x250.png"],
      [[450,
        244],
       "http://api-images.crunchbase.com/assets/images/resized/0042/4019/424019v2-max-450x450.png"]],
    "attribution": null}],
 "external_links":
  [],
 "partners":
  []}
