{"name": "220 Marketing",
 "permalink": "220-marketing",
 "crunchbase_url": "http://www.crunchbase.com/company/220-marketing",
 "homepage_url": "http://www.220marketing.com",
 "blog_url": "http://blog.220marketing.com",
 "blog_feed_url": "",
 "twitter_username": "220marketing",
 "category_code": "consulting",
 "number_of_employees": 30,
 "founded_year": 2006,
 "founded_month": 1,
 "founded_day": null,
 "deadpooled_year": null,
 "deadpooled_month": null,
 "deadpooled_day": null,
 "deadpooled_url": null,
 "tag_list": "online-marketing, offline-marketing, seo, social-media, ppc, email-marketing, referral-marketing, traditional-marketing",
 "alias_list": null,
 "email_address": "info@220mm.com",
 "phone_number": "877-220-6584",
 "description": "Marketing Agency",
 "created_at": "Tue Dec 06 16:10:11 UTC 2011",
 "updated_at": "Tue Jan 31 22:04:13 UTC 2012",
 "overview": "\u003Cp\u003EOnline and Offline Marketing Consulting for Mortgage, Real Estate, and Insurance verticals. Specializing in SEO, social media, PPC, referral marketing, email marketing, website design, advertising consulting, semi custom website, and traditional marketing. \u003C/p\u003E",
 "image":
  {"available_sizes":
    [[[150,
       75],
      "http://api-images.crunchbase.com/assets/images/resized/0016/8830/168830v2-max-150x150.jpg"],
     [[250,
       125],
      "http://api-images.crunchbase.com/assets/images/resized/0016/8830/168830v2-max-250x250.jpg"],
     [[450,
       225],
      "http://api-images.crunchbase.com/assets/images/resized/0016/8830/168830v2-max-450x450.jpg"]],
   "attribution": null},
 "products":
  [],
 "relationships":
  [{"is_past": false,
    "title": "CEO/ Co-Founder",
    "person":
     {"first_name": "Trevor",
      "last_name": "Niarchos",
      "permalink": "trevor-niarchos"}},
   {"is_past": false,
    "title": "Sr Client Services Manager",
    "person":
     {"first_name": "Korrie",
      "last_name": "Scales",
      "permalink": "korrie-scales"}},
   {"is_past": false,
    "title": "Sales Manager",
    "person":
     {"first_name": "Aaron",
      "last_name": "Bowers",
      "permalink": "aaron-bowers"}},
   {"is_past": false,
    "title": "Advanced Marketing Supervisor",
    "person":
     {"first_name": "Addie",
      "last_name": "Moosavi",
      "permalink": "addie-moosavi"}}],
 "competitions":
  [],
 "providerships":
  [],
 "total_money_raised": "$0",
 "funding_rounds":
  [],
 "investments":
  [],
 "acquisition": null,
 "acquisitions":
  [],
 "offices":
  [{"description": "Main Office",
    "address1": "3405 Kenyon St",
    "address2": "Suite 501",
    "zip_code": "92110",
    "city": "San Diego",
    "state_code": "CA",
    "country_code": "USA",
    "latitude": null,
    "longitude": null}],
 "milestones":
  [],
 "ipo": null,
 "video_embeds":
  [],
 "screenshots":
  [],
 "external_links":
  [],
 "partners":
  []}
