{"name": "250ok",
 "permalink": "250ok",
 "crunchbase_url": "http://www.crunchbase.com/company/250ok",
 "homepage_url": "http://www.250ok.com",
 "blog_url": "",
 "blog_feed_url": "",
 "twitter_username": "250ok",
 "category_code": "software",
 "number_of_employees": null,
 "founded_year": 2012,
 "founded_month": 1,
 "founded_day": 1,
 "deadpooled_year": null,
 "deadpooled_month": null,
 "deadpooled_day": null,
 "deadpooled_url": null,
 "tag_list": "",
 "alias_list": null,
 "email_address": "info@250ok.com",
 "phone_number": "(855) 250-6529",
 "description": "Email Deliverability Tools",
 "created_at": "Tue Dec 06 13:31:09 UTC 2011",
 "updated_at": "Mon Apr 07 23:06:02 UTC 2014",
 "overview": "\u003Cp\u003E250ok is an email deliverability tools company that produces a Software\u2010as\u2010a\u2010Service (\u201cSaaS\u201d)\nplatform to monitor and measure the deliverability of email networks. These networks consist\nof companies sending various forms of messages including marketing, transactional, share, and\nothers from various platforms. The 250ok tools provide our clients with the necessary insight to\nidentify potential issues that could prevent their messages from being delivered to the Inbox or,\neven worse, being rejected all together.\u003C/p\u003E",
 "image":
  {"available_sizes":
    [[[150,
       62],
      "http://api-images.crunchbase.com/assets/images/resized/0020/8718/208718v2-max-150x150.jpg"],
     [[250,
       103],
      "http://api-images.crunchbase.com/assets/images/resized/0020/8718/208718v2-max-250x250.jpg"],
     [[450,
       187],
      "http://api-images.crunchbase.com/assets/images/resized/0020/8718/208718v2-max-450x450.jpg"]],
   "attribution": null},
 "products":
  [{"name": "Inbox Informant",
    "permalink": "inbox-informant"},
   {"name": "Blacklist Informant",
    "permalink": "blacklist-informant"}],
 "relationships":
  [{"is_past": false,
    "title": "Founder and CEO",
    "person":
     {"first_name": "Greg",
      "last_name": "Kraios",
      "permalink": "greg-kraios"}},
   {"is_past": false,
    "title": "Advisor",
    "person":
     {"first_name": "Peter",
      "last_name": "Ashkin",
      "permalink": "peter-ashkin"}},
   {"is_past": false,
    "title": "Advisor",
    "person":
     {"first_name": "Gary",
      "last_name": "Rush",
      "permalink": "gary-rush"}},
   {"is_past": false,
    "title": "Advisor",
    "person":
     {"first_name": "Chris",
      "last_name": "Baggott",
      "permalink": "chris-baggott"}},
   {"is_past": true,
    "title": "Chief Executive Officer",
    "person":
     {"first_name": "Matthew",
      "last_name": "Erich",
      "permalink": "matthew-erich"}},
   {"is_past": true,
    "title": "VP of Technology",
    "person":
     {"first_name": "Travis",
      "last_name": "Brant",
      "permalink": "travis-brant"}},
   {"is_past": true,
    "title": "Advisor",
    "person":
     {"first_name": "Don",
      "last_name": "Scifres",
      "permalink": "don-scifres"}},
   {"is_past": true,
    "title": "Advisor",
    "person":
     {"first_name": "David",
      "last_name": "Castor",
      "permalink": "david-castor"}}],
 "competitions":
  [],
 "providerships":
  [],
 "total_money_raised": "$200k",
 "funding_rounds":
  [{"id": 32278,
    "round_code": "seed",
    "source_url": "",
    "source_description": "",
    "raised_amount": 200000.0,
    "raised_currency_code": "USD",
    "funded_year": 2012,
    "funded_month": 9,
    "funded_day": 1,
    "investments":
     []}],
 "investments":
  [],
 "acquisition": null,
 "acquisitions":
  [],
 "offices":
  [{"description": "Headquarters",
    "address1": "9247 N. Meridian Street",
    "address2": "Suite 100",
    "zip_code": "46260",
    "city": "Indianapolis",
    "state_code": "IN",
    "country_code": "USA",
    "latitude": null,
    "longitude": null}],
 "milestones":
  [],
 "ipo": null,
 "video_embeds":
  [],
 "screenshots":
  [{"available_sizes":
     [[[150,
        85],
       "http://api-images.crunchbase.com/assets/images/resized/0045/0977/450977v2-max-150x150.png"],
      [[250,
        141],
       "http://api-images.crunchbase.com/assets/images/resized/0045/0977/450977v2-max-250x250.png"],
      [[450,
        255],
       "http://api-images.crunchbase.com/assets/images/resized/0045/0977/450977v2-max-450x450.png"]],
    "attribution": null}],
 "external_links":
  [],
 "partners":
  []}
