{"name": "29 Prime",
 "permalink": "29-prime",
 "crunchbase_url": "http://www.crunchbase.com/company/29-prime",
 "homepage_url": "http://www.29prime.com",
 "blog_url": "http://www.29primeblog.com/",
 "blog_feed_url": "",
 "twitter_username": "29Prime",
 "category_code": "advertising",
 "number_of_employees": 300,
 "founded_year": 2010,
 "founded_month": null,
 "founded_day": null,
 "deadpooled_year": null,
 "deadpooled_month": null,
 "deadpooled_day": null,
 "deadpooled_url": null,
 "tag_list": "local-seo, search-engine-optimization, seo-experts, search-engine-marketing, seo-resellers, seo-specialist, seo-help",
 "alias_list": null,
 "email_address": "press@29prime.com",
 "phone_number": "(888) 513-7746",
 "description": "Search Engine Optimization",
 "created_at": "Mon Dec 12 23:11:42 UTC 2011",
 "updated_at": "Thu Jan 09 19:54:22 UTC 2014",
 "overview": "\u003Cp\u003E29 Prime, Inc. is the nation\u2019s leading company dedicated to providing online marketing services and search engine optimization (SEO) to small and midsize businesses throughout the United States and Canada.\u003C/p\u003E\n\n\u003Cp\u003EFounded in 2010, the organization currently services more than 10,000 subscribers, equipping them with the right set of tools to run their business easily and efficiently, while increasing its visibility online. These tools include a website, unique domain name, online back office, tracking, analytics and more. 29 Prime also helps clients with social media exposure, blogging and placement of their website on the front pages of Google, Yahoo!, and Bing. The Company\u2019s proprietary software has been developed and tested by programmers based the United States.\u003C/p\u003E\n\n\u003Cp\u003EIn 2013 29 Prime has received a number of notable awards. The Inc 500 ranked it 47th in fastest growing companies, with distinctions as the 9th of the Top 100 Advertising \u0026amp; Marketing Companies, 8th of the Top 100 California Companies and the 2nd in the top companies in the Los Angeles Metro Area. The company was also ranked the 25th Fastest-Growing Private Company by the Orange County Business Journal, making it the #1 Online Marketing Firm on that list. Finally, 29 Prime was honored as a Silver Stevie Award winner by the American Business Awards, with the CEO Russell Wallace receiving a Gold Stevie, winning the 2013 Executive of the Year in Internet and New Media.\u003C/p\u003E",
 "image":
  {"available_sizes":
    [[[150,
       150],
      "http://api-images.crunchbase.com/assets/images/resized/0016/6168/166168v4-max-150x150.jpg"],
     [[250,
       250],
      "http://api-images.crunchbase.com/assets/images/resized/0016/6168/166168v4-max-250x250.jpg"],
     [[250,
       250],
      "http://api-images.crunchbase.com/assets/images/resized/0016/6168/166168v4-max-450x450.jpg"]],
   "attribution": null},
 "products":
  [],
 "relationships":
  [{"is_past": false,
    "title": "Co-founder and Chief Technology Officer",
    "person":
     {"first_name": "Jason",
      "last_name": "Martin",
      "permalink": "jason-martin-3"}},
   {"is_past": false,
    "title": "Co-founder and CEO",
    "person":
     {"first_name": "Russell",
      "last_name": "Wallace",
      "permalink": "russell-wallace"}},
   {"is_past": false,
    "title": "Chief Financial Officer",
    "person":
     {"first_name": "Haleh",
      "last_name": "Fardi",
      "permalink": "haleh-fardi"}},
   {"is_past": false,
    "title": "Co-founder and COO",
    "person":
     {"first_name": "Tony",
      "last_name": "Redman",
      "permalink": "tony-redman"}},
   {"is_past": false,
    "title": "Chief Business Development Officer",
    "person":
     {"first_name": "Christina",
      "last_name": "Hart",
      "permalink": "christina-hart"}},
   {"is_past": false,
    "title": "General Counsel",
    "person":
     {"first_name": "Ashkan",
      "last_name": "Yekrangi",
      "permalink": "ashkan-yekrangi"}},
   {"is_past": false,
    "title": "Director of Opperations",
    "person":
     {"first_name": "Angela",
      "last_name": "Segal",
      "permalink": "angela-segal"}},
   {"is_past": false,
    "title": "Director of Information Technology",
    "person":
     {"first_name": "Robert",
      "last_name": "Moss",
      "permalink": "robert-moss"}},
   {"is_past": false,
    "title": "Design Executive",
    "person":
     {"first_name": "Alex",
      "last_name": "Andronicos",
      "permalink": "alex-andronicos"}},
   {"is_past": false,
    "title": "Director of Human Resources",
    "person":
     {"first_name": "Kaylee",
      "last_name": "Larkins",
      "permalink": "kaylee-larkins"}},
   {"is_past": false,
    "title": "Director of Public Relations",
    "person":
     {"first_name": "Jonathan",
      "last_name": "Silver",
      "permalink": "jonathan-silver"}},
   {"is_past": false,
    "title": "Director of Recruitment",
    "person":
     {"first_name": "Ericka",
      "last_name": "Pacheco",
      "permalink": "ericka-pacheco"}},
   {"is_past": false,
    "title": "Director of Software Development",
    "person":
     {"first_name": "Marc",
      "last_name": "LaBianca",
      "permalink": "marc-labianca"}},
   {"is_past": true,
    "title": "Co-founder and Chief Development Officer",
    "person":
     {"first_name": "Mike",
      "last_name": "Rosenthal",
      "permalink": "mike-rosenthal"}},
   {"is_past": true,
    "title": "Chief Financial Officer",
    "person":
     {"first_name": "Craig",
      "last_name": "Smith",
      "permalink": "craig-smith-5"}},
   {"is_past": true,
    "title": "VP of Marketing and Business Development",
    "person":
     {"first_name": "Michael",
      "last_name": "Orefice",
      "permalink": "michael-orefice-2"}},
   {"is_past": true,
    "title": "General Counsel/Social Media",
    "person":
     {"first_name": "Mark",
      "last_name": "Sweet",
      "permalink": "mark-sweet"}},
   {"is_past": true,
    "title": "Accounts Receivable",
    "person":
     {"first_name": "Tyler",
      "last_name": "Salmon",
      "permalink": "tyler-salmon"}},
   {"is_past": true,
    "title": "Director of Technology",
    "person":
     {"first_name": "Ryan",
      "last_name": "Wedan",
      "permalink": "ryan-wedan"}},
   {"is_past": true,
    "title": "Controller",
    "person":
     {"first_name": "Michelle",
      "last_name": "Nguyen",
      "permalink": "michelle-nguyen"}}],
 "competitions":
  [],
 "providerships":
  [],
 "total_money_raised": "$0",
 "funding_rounds":
  [],
 "investments":
  [],
 "acquisition": null,
 "acquisitions":
  [],
 "offices":
  [{"description": "Headquarters",
    "address1": "9701 Jeronimo Rd",
    "address2": "Suite 300",
    "zip_code": "92618",
    "city": "Irvine",
    "state_code": "CA",
    "country_code": "USA",
    "latitude": null,
    "longitude": null}],
 "milestones":
  [],
 "ipo": null,
 "video_embeds":
  [{"embed_code": "\u003Ciframe width=\"450\" height=\"253\" src=\"//www.youtube.com/embed/siFsfwA543k\" frameborder=\"0\" allowfullscreen\u003E\u003C/iframe\u003E",
    "description": "\u003Cp\u003E29 Prime - The Small Business Online Marketing Experts\u003C/p\u003E"}],
 "screenshots":
  [],
 "external_links":
  [{"external_url": "http://www.sfgate.com/cgi-bin/article.cgi?f=/g/a/2011/12/03/prweb9007676.DTL",
    "title": "29 Prime Makes Debut as the Number 1 Local Search Engine Optimization Company"},
   {"external_url": "http://www.inc.com/profile/29-prime",
    "title": "29 Prime, Inc Ranks #46 in the Inc 500"},
   {"external_url": "http://www.digitaljournal.com/pr/1482771",
    "title": "CEO Russell Wallace Awarded Gold Stevie"},
   {"external_url": "http://www.fox14tv.com/story/23525902/29-prime-ranked-25th-fastest-growing-private-company-by-ocbj",
    "title": "29 Prime Ranked 25th Fastest Growing Company by OCBJ"}],
 "partners":
  []}
