{"name": "2degreesmobile",
 "permalink": "2degreesmobile",
 "crunchbase_url": "http://www.crunchbase.com/company/2degreesmobile",
 "homepage_url": "http://www.2degreesmobile.co.nz/home",
 "blog_url": "",
 "blog_feed_url": "",
 "twitter_username": "2degreesmobile",
 "category_code": "mobile",
 "number_of_employees": null,
 "founded_year": 2009,
 "founded_month": null,
 "founded_day": null,
 "deadpooled_year": null,
 "deadpooled_month": null,
 "deadpooled_day": null,
 "deadpooled_url": null,
 "tag_list": "mobile-company, mobile-telecommunications",
 "alias_list": null,
 "email_address": "michael.bouliane@2degreesmobile.co.nz",
 "phone_number": "+64 22 200 2000",
 "description": "Mobile telecommunications Provider",
 "created_at": "Fri Dec 16 04:17:14 UTC 2011",
 "updated_at": "Tue Jun 18 10:06:24 UTC 2013",
 "overview": "\u003Cp\u003E2degrees is a U.S. and British owned mobile phone provider operating in New Zealand with 580,112 customers (12.5% of New Zealand\u0026#8217;s population). They launched on 5 August 2009 after 9 years of planning. 2degrees currently offers prepaid and pay monthly mobile services. 2degrees has spent $250 million building its network in the main city centres of Auckland, Wellington and Christchurch, plus the tourist destination Queenstown. Their network will work with GSM and UMTS mobiles compatible with the competing Vodafone and Telecom XT networks. In areas without 2degrees coverage handsets will roam on Vodafone\u0026#8217;s GSM and UMTS network.\u003C/p\u003E\n\n\u003Cp\u003E2 Degrees now has launched full services using GSM-900 and UMTS-2100 technology in Hamilton and Tauranga. Both these areas are now mobile broadband zones, providing New Zealands cheapest Prepaid Mobile Broadband. As a part of the new cellsite build programme cell sites have recently been constructed in or are in the process of being constructed in Whangarei, Rotorua, Taupo, Napier, Hastings, Wanganui, Palmerston North, Levin, Nelson, Dunedin and Invercargill. 2degrees aims to have these cities mobile broadband ready as soon as practical, and many are in testing phase.\u003C/p\u003E\n\n\u003Cp\u003E2degrees halved the prevalent pricing for prepay mobile in the New Zealand market, with voice calls costing 44 cents compared to 89 cents being charged by Telecom. SMS messages are charged at 9 cents compared to 20 cents on Vodafone and Telecom customers without a text plan. Customers will receive 300 to 500 free SMS messages per $30\u2013$50 prepay top-up. Also, customers will receive a special rate of 22 cents for on-network and landline calls, as well as 2 cents per on-network SMS, provided they have topped up within the last 30 days. On 25 May 2010, 2degrees announced several new plans; $10 txt ($10 for 500 any network text messages; later upgrading to 1000, 2000, and now 2500 texts). $6 Data Bundles, $6 for 50 MB of mobile data, $10 for 100 MB of mobile data, and some calling plans. Currently Vodafone NZ offers $12 for 2500 any network SMS messages on a prepay plan, and Telecom\u0026#8217;s XT Network offers a $12 2500 any network text prepay plan. SIM cards are available for $5 instead of $30 charged by the other two companies, however, they only come with $1 credit compared with the $10 provided from the other networks (+$10, if details are registered online). 2degrees also sold $2 SIM cards with $2 credit. They also gave away free SIMs as part of their Chinwag \u0026amp; launch week campaigns and give them away with most new handsets.\u003C/p\u003E",
 "image":
  {"available_sizes":
    [[[104,
       124],
      "http://api-images.crunchbase.com/assets/images/resized/0016/6626/166626v2-max-150x150.jpg"],
     [[104,
       124],
      "http://api-images.crunchbase.com/assets/images/resized/0016/6626/166626v2-max-250x250.jpg"],
     [[104,
       124],
      "http://api-images.crunchbase.com/assets/images/resized/0016/6626/166626v2-max-450x450.jpg"]],
   "attribution": null},
 "products":
  [],
 "relationships":
  [],
 "competitions":
  [{"competitor":
     {"name": "Telecom",
      "permalink": "telecom"}}],
 "providerships":
  [],
 "total_money_raised": "$165M",
 "funding_rounds":
  [{"id": 40119,
    "round_code": "debt_round",
    "source_url": "http://www.nbr.co.nz/article/profitable-2degrees-secures-165-credit-line-bnz-reveals-4g-launch-window-ck-141680",
    "source_description": "'Profitable' 2degrees secures $165m BNZ overdraft, reveals 4G launch window",
    "raised_amount": 165000000.0,
    "raised_currency_code": "USD",
    "funded_year": 2013,
    "funded_month": 6,
    "funded_day": 18,
    "investments":
     []}],
 "investments":
  [],
 "acquisition": null,
 "acquisitions":
  [],
 "offices":
  [{"description": "Headquarters",
    "address1": "",
    "address2": "Symonds Street",
    "zip_code": "1150",
    "city": "Auckland",
    "state_code": null,
    "country_code": "NZL",
    "latitude": null,
    "longitude": null}],
 "milestones":
  [],
 "ipo": null,
 "video_embeds":
  [],
 "screenshots":
  [],
 "external_links":
  [{"external_url": "http://www.3gnewsroom.com/country/new_zealand.shtml",
    "title": ""},
   {"external_url": "http://computerworld.co.nz/news.nsf/telecommunications/slowly-cautiously-2degrees-rolls-out-3g",
    "title": ""},
   {"external_url": "http://blog.2degreesmobile.co.nz/media/2degrees-invests-in-network-and-future-growth/",
    "title": ""},
   {"external_url": "http://www.geekzone.co.nz/forums.asp?forumid=85\u0026topicid=37534\u0026page_no=1#238184",
    "title": ""},
   {"external_url": "http://www.telecommunicationsreview.co.nz/200907313418/2degrees-targets-$100m-market-for-roaming-tourists.php",
    "title": ""},
   {"external_url": "http://www.three.co.uk/Help_Support/International/Going_abroad_Pay_Monthly/Destination_Details?content_aid=1214306364761",
    "title": ""},
   {"external_url": "https://www.2degreesmobile.co.nz/shop?p_p_id=konakart_portlet_WAR_konakart_portlet\u0026p_p_lifecycle=1\u0026p_p_state=normal\u0026p_p_mode=view\u0026p_p_col_id=column-1\u0026p_p_col_count=1\u0026_konakart_portlet_WAR_konakart_portlet__spage=%2FSelectProd.do%3FprodId%3D76\u0026_konakart_po",
    "title": ""},
   {"external_url": "http://www.2degreesmobile.co.nz/nzc-theme/pdf/2degrees-press-release7.pdf",
    "title": ""},
   {"external_url": "http://www.2degreesmobile.co.nz/magic-top-up",
    "title": ""},
   {"external_url": "http://www.2degreesmobile.co.nz/lost-sim",
    "title": ""},
   {"external_url": "http://www.facebook.com/2degreesmobile?v=feed\u0026story_fbid=149232068135",
    "title": ""},
   {"external_url": "http://www.2degreesmobile.co.nz/mail-images/2degrees-press-release10.pdf",
    "title": ""}],
 "partners":
  []}
