{"name": "2houses",
 "permalink": "2houses",
 "crunchbase_url": "http://www.crunchbase.com/company/2houses",
 "homepage_url": "http://www.2houses.com",
 "blog_url": "",
 "blog_feed_url": "",
 "twitter_username": "2houses_com",
 "category_code": "web",
 "number_of_employees": null,
 "founded_year": 2011,
 "founded_month": 5,
 "founded_day": null,
 "deadpooled_year": null,
 "deadpooled_month": null,
 "deadpooled_day": null,
 "deadpooled_url": null,
 "tag_list": "",
 "alias_list": null,
 "email_address": "",
 "phone_number": "",
 "description": "Co-parenting facilitator",
 "created_at": "Fri Aug 05 09:42:30 UTC 2011",
 "updated_at": "Wed Jul 17 16:00:02 UTC 2013",
 "overview": "\u003Cp\u003E2houses.com is an online communication, scheduling and reporting tool for separated or divorced parents with respect to their children.\u003C/p\u003E\n\n\u003Cp\u003E2houses.com offers:\u003C/p\u003E\n\n\u003Cul\u003E\n\u003Cli\u003Ea shared calendar with the parenting schedule and any special event or appointment\u003C/li\u003E\n\u003Cli\u003Ean expense module allowing for efficient tracking and balancing of the expenses\u003C/li\u003E\n\u003Cli\u003Ea journal in which parents can add quick notes like the feedback of a teacher\u003C/li\u003E\n\u003Cli\u003Ean information bank allowing to store every information about the children ranging from their shirt size to the vaccination record\u003C/li\u003E\n\u003C/ul\u003E",
 "image":
  {"available_sizes":
    [[[150,
       109],
      "http://api-images.crunchbase.com/assets/images/resized/0014/8005/148005v2-max-150x150.jpg"],
     [[250,
       182],
      "http://api-images.crunchbase.com/assets/images/resized/0014/8005/148005v2-max-250x250.jpg"],
     [[450,
       329],
      "http://api-images.crunchbase.com/assets/images/resized/0014/8005/148005v2-max-450x450.jpg"]],
   "attribution": null},
 "products":
  [],
 "relationships":
  [{"is_past": false,
    "title": "Founder",
    "person":
     {"first_name": "Gill",
      "last_name": "Ruidant",
      "permalink": "gill-ruidant"}}],
 "competitions":
  [],
 "providerships":
  [{"title": "Fundraising",
    "is_past": false,
    "provider":
     {"name": "SemCap",
      "permalink": "semcap"}}],
 "total_money_raised": "\u20ac675k",
 "funding_rounds":
  [{"id": 24646,
    "round_code": "unattributed",
    "source_url": "http://www.mymicroinvest.com/en/startups/9-2houses",
    "source_description": "2houses investment description",
    "raised_amount": 675000.0,
    "raised_currency_code": "EUR",
    "funded_year": 2012,
    "funded_month": 11,
    "funded_day": 9,
    "investments":
     [{"company": null,
       "financial_org":
        {"name": "Inventures SA",
         "permalink": "inventures-sa"},
       "person": null}]}],
 "investments":
  [],
 "acquisition": null,
 "acquisitions":
  [],
 "offices":
  [{"description": "",
    "address1": "",
    "address2": "",
    "zip_code": "",
    "city": "",
    "state_code": null,
    "country_code": "BEL",
    "latitude": null,
    "longitude": null},
   {"description": null,
    "address1": null,
    "address2": null,
    "zip_code": null,
    "city": "Fleurus",
    "state_code": "",
    "country_code": "BEL",
    "latitude": 50.4822605,
    "longitude": 4.5511869}],
 "milestones":
  [],
 "ipo": null,
 "video_embeds":
  [{"embed_code": "\u003Ciframe src=\"http://player.vimeo.com/video/43110592?title=0\u0026amp;byline=0\u0026amp;portrait=0\" width=\"420\" height=\"236\" frameborder=\"0\" webkitAllowFullScreen mozallowfullscreen allowFullScreen\u003E\u003C/iframe\u003E \u003Cp\u003E\u003Ca href=\"http://vimeo.com/43110592\"\u003E2houses, 1 family - Online co-parenting facilitator\u003C/a\u003E from \u003Ca href=\"http://vimeo.com/twohouses\"\u003EGill Ruidant\u003C/a\u003E on \u003Ca href=\"http://vimeo.com\"\u003EVimeo\u003C/a\u003E.\u003C/p\u003E",
    "description": "\u003Cp\u003E2houses teaser\u003C/p\u003E"},
   {"embed_code": "\u003Ciframe width=\"420\" height=\"236\" src=\"http://www.youtube.com/embed/eGI8hZl79NI\" frameborder=\"0\" allowfullscreen\u003E\u003C/iframe\u003E",
    "description": "\u003Cp\u003E2houses press \u0026amp; media (FR)\u003C/p\u003E"}],
 "screenshots":
  [{"available_sizes":
     [[[150,
        83],
       "http://api-images.crunchbase.com/assets/images/resized/0024/1520/241520v2-max-150x150.png"],
      [[250,
        139],
       "http://api-images.crunchbase.com/assets/images/resized/0024/1520/241520v2-max-250x250.png"],
      [[450,
        251],
       "http://api-images.crunchbase.com/assets/images/resized/0024/1520/241520v2-max-450x450.png"]],
    "attribution": null}],
 "external_links":
  [{"external_url": "http://press.2houses.com/?page_id=79",
    "title": "They talk about 2houses"}],
 "partners":
  []}
