{"name": "2PaperDolls",
 "permalink": "2paperdolls",
 "crunchbase_url": "http://www.crunchbase.com/company/2paperdolls",
 "homepage_url": "http://2paperdolls.com",
 "blog_url": "http://blog.2paperdolls.com/post/11097109971/global-consciousness-in-tweets-per-second",
 "blog_feed_url": "http://blog.2paperdolls.com/rss",
 "twitter_username": "2paperdolls",
 "category_code": "games_video",
 "number_of_employees": 6,
 "founded_year": 2011,
 "founded_month": 6,
 "founded_day": 1,
 "deadpooled_year": null,
 "deadpooled_month": null,
 "deadpooled_day": null,
 "deadpooled_url": null,
 "tag_list": "mobile-games, crowd-sourcing, crowdsourcing, sentiment-analysis, casual-games, game-studio, casual-gaming, ios, gwap, games-with-a-purpose, mindofman-com",
 "alias_list": null,
 "email_address": "info@2paperdolls.com",
 "phone_number": "+353 86 411 2299",
 "description": "Mobile Game Studio",
 "created_at": "Sat Oct 15 16:49:11 UTC 2011",
 "updated_at": "Tue Aug 21 11:42:32 UTC 2012",
 "overview": "\u003Cp\u003E2PaperDolls creates entertaining and purposeful games for mobile devices, giving players the chance to interact with friends, community and brand while training computers to solve problems. \u003C/p\u003E\n\n\u003Cp\u003EThese games will be firmly in the \u0026#8220;casual and social\u0026#8221; space and designed to promote a deeper and interactive relationship with brand. The games will be short-form, challenging and fun to play with a dialectical edge in which problems requiring human processing can be presented to large numbers of players in game format.\u003C/p\u003E",
 "image":
  {"available_sizes":
    [[[150,
       139],
      "http://api-images.crunchbase.com/assets/images/resized/0015/8277/158277v2-max-150x150.jpg"],
     [[200,
       186],
      "http://api-images.crunchbase.com/assets/images/resized/0015/8277/158277v2-max-250x250.jpg"],
     [[200,
       186],
      "http://api-images.crunchbase.com/assets/images/resized/0015/8277/158277v2-max-450x450.jpg"]],
   "attribution": null},
 "products":
  [{"name": "Mind of Man",
    "permalink": "mind-of-man"}],
 "relationships":
  [{"is_past": false,
    "title": "Co-Founder",
    "person":
     {"first_name": "Andrea",
      "last_name": "Ravenet",
      "permalink": "andrea-ravenet"}},
   {"is_past": false,
    "title": "CEO, Co-Founder",
    "person":
     {"first_name": "Louis",
      "last_name": "Ravenet",
      "permalink": "louis-ravenet"}},
   {"is_past": false,
    "title": "CTO, Co-Founder",
    "person":
     {"first_name": "Steve",
      "last_name": "McLelland",
      "permalink": "steve-mclelland"}},
   {"is_past": false,
    "title": "Co-Founder",
    "person":
     {"first_name": "James",
      "last_name": "Lears",
      "permalink": "james-lears"}}],
 "competitions":
  [],
 "providerships":
  [],
 "total_money_raised": "$0",
 "funding_rounds":
  [],
 "investments":
  [],
 "acquisition": null,
 "acquisitions":
  [],
 "offices":
  [{"description": "HQ",
    "address1": "Bective",
    "address2": "Dawson Street",
    "zip_code": "County Dublin",
    "city": "Dublin",
    "state_code": null,
    "country_code": "IRL",
    "latitude": null,
    "longitude": null}],
 "milestones":
  [],
 "ipo": null,
 "video_embeds":
  [{"embed_code": "http://www.youtube.com/watch?v=Yf-oh7ynt9M",
    "description": "\u003Cp\u003ELaunch Video\u003C/p\u003E"}],
 "screenshots":
  [{"available_sizes":
     [[[150,
        135],
       "http://api-images.crunchbase.com/assets/images/resized/0015/8276/158276v2-max-150x150.png"],
      [[250,
        226],
       "http://api-images.crunchbase.com/assets/images/resized/0015/8276/158276v2-max-250x250.png"],
      [[450,
        407],
       "http://api-images.crunchbase.com/assets/images/resized/0015/8276/158276v2-max-450x450.png"]],
    "attribution": null},
   {"available_sizes":
     [[[150,
        120],
       "http://api-images.crunchbase.com/assets/images/resized/0020/6990/206990v2-max-150x150.jpg"],
      [[250,
        200],
       "http://api-images.crunchbase.com/assets/images/resized/0020/6990/206990v2-max-250x250.jpg"],
      [[450,
        360],
       "http://api-images.crunchbase.com/assets/images/resized/0020/6990/206990v2-max-450x450.jpg"]],
    "attribution": null}],
 "external_links":
  [{"external_url": "http://gamasutra.com/view/pressreleases/170728/Mind_of_Man_Sentiment_Analysis_is_the_Future_ofGaming.php",
    "title": "Mind of Man: Sentiment Analysis is the Future of Gaming"},
   {"external_url": "http://www.crowdsourcing.org/document/mind-of-man-sentiment-analysis-is-the-future-of-gaming/14794",
    "title": "Mind of Man: Sentiment Analysis is the Future of Gaming"},
   {"external_url": "http://www.playerattack.com/news/2012/07/18/mind-of-man-puts-propaganda-in-your-pocket/",
    "title": "Propaganda in your pocket."},
   {"external_url": "http://www.mediabistro.com/alltwitter/social-discovery-game_b25523#.UAgpSQp6P3g.tumblr",
    "title": "New Social Discovery Game"}],
 "partners":
  []}
