{"name": "2Pears",
 "permalink": "2pears",
 "crunchbase_url": "http://www.crunchbase.com/company/2pears",
 "homepage_url": "http://www.2pears.com",
 "blog_url": "http://www.music4point5.com/blog",
 "blog_feed_url": "",
 "twitter_username": "2_pears",
 "category_code": "other",
 "number_of_employees": 2,
 "founded_year": 2009,
 "founded_month": null,
 "founded_day": null,
 "deadpooled_year": null,
 "deadpooled_month": null,
 "deadpooled_day": null,
 "deadpooled_url": null,
 "tag_list": "events, event-management",
 "alias_list": null,
 "email_address": "info@2pears.com",
 "phone_number": "020 32399325",
 "description": "events and networking ",
 "created_at": "Fri Oct 07 09:30:23 UTC 2011",
 "updated_at": "Thu Oct 27 18:02:56 UTC 2011",
 "overview": "\u003Cp\u003E2Pears facilitate peer2peer networking and collaboration, new thinking and new connections, through seminars, workshops, events, information-sharing and meetups. We work predominantly within the digital technology and media industries - bringing them together in a multitude of ways.\u003C/p\u003E",
 "image":
  {"available_sizes":
    [[[120,
       120],
      "http://api-images.crunchbase.com/assets/images/resized/0015/7158/157158v2-max-150x150.jpg"],
     [[120,
       120],
      "http://api-images.crunchbase.com/assets/images/resized/0015/7158/157158v2-max-250x250.jpg"],
     [[120,
       120],
      "http://api-images.crunchbase.com/assets/images/resized/0015/7158/157158v2-max-450x450.jpg"]],
   "attribution": null},
 "products":
  [],
 "relationships":
  [],
 "competitions":
  [],
 "providerships":
  [],
 "total_money_raised": "$0",
 "funding_rounds":
  [],
 "investments":
  [],
 "acquisition": null,
 "acquisitions":
  [],
 "offices":
  [],
 "milestones":
  [],
 "ipo": null,
 "video_embeds":
  [],
 "screenshots":
  [],
 "external_links":
  [],
 "partners":
  []}
