{"name": "3 Day Startup, Inc.",
 "permalink": "3-day-startup-inc",
 "crunchbase_url": "http://www.crunchbase.com/company/3-day-startup-inc",
 "homepage_url": "http://www.3daystartup.org",
 "blog_url": "https://3daystartup.wordpress.com/",
 "blog_feed_url": "",
 "twitter_username": "3daystartup",
 "category_code": "education",
 "number_of_employees": 4,
 "founded_year": 2008,
 "founded_month": 1,
 "founded_day": 29,
 "deadpooled_year": null,
 "deadpooled_month": null,
 "deadpooled_day": null,
 "deadpooled_url": null,
 "tag_list": "experiential-education, learn-by-doing, university-accelerator, entrepreneurship, startup, student-startups",
 "alias_list": null,
 "email_address": "inquiries@3daystartup.org",
 "phone_number": "5125371989",
 "description": "Startup program for students",
 "created_at": "Thu Jan 05 03:21:49 UTC 2012",
 "updated_at": "Thu Feb 06 00:34:52 UTC 2014",
 "overview": "\u003Cp\u003E3 Day Startup (3DS) was founded in 2008 at The University of Texas at Austin. Originally a student organization, 3 Day Startup is now a 501(c)(3) non-profit organization. The program has expanded globally to schools including, Harvard, MIT, WHU, Peking University, and other universities in North America, South America, Asia, Africa, and Europe.\u003C/p\u003E\n\n\u003Cp\u003E3DS teaches entrepreneurial skills to university students in an extreme hands-on environment. In addition to supporting budding entrepreneurs, 3DS programs cultivate entrepreneurial communities that contribute to the growth of entrepreneurship ecosystems in the regions surrounding these university programs. \u003C/p\u003E",
 "image":
  {"available_sizes":
    [[[150,
       77],
      "http://api-images.crunchbase.com/assets/images/resized/0016/8872/168872v2-max-150x150.jpg"],
     [[150,
       77],
      "http://api-images.crunchbase.com/assets/images/resized/0016/8872/168872v2-max-250x250.jpg"],
     [[150,
       77],
      "http://api-images.crunchbase.com/assets/images/resized/0016/8872/168872v2-max-450x450.jpg"]],
   "attribution": null},
 "products":
  [],
 "relationships":
  [{"is_past": false,
    "title": "Cofounder and Board Member",
    "person":
     {"first_name": "Joel",
      "last_name": "Hestness",
      "permalink": "joel-hestness"}},
   {"is_past": false,
    "title": "CEO",
    "person":
     {"first_name": "Cam",
      "last_name": "Houser",
      "permalink": "cam-houser"}},
   {"is_past": false,
    "title": "3DS Austin Lead Organizer",
    "person":
     {"first_name": "Justin",
      "last_name": "Crites",
      "permalink": "justin-crites"}},
   {"is_past": false,
    "title": "Founding Mentor and Board Member",
    "person":
     {"first_name": "Bart",
      "last_name": "Bohn",
      "permalink": "bart-bohn"}},
   {"is_past": false,
    "title": "Board Member",
    "person":
     {"first_name": "Pat",
      "last_name": "Condon",
      "permalink": "pat-condon"}},
   {"is_past": false,
    "title": "Program Manager",
    "person":
     {"first_name": "Maia",
      "last_name": "Donohue",
      "permalink": "maia-donohue"}},
   {"is_past": false,
    "title": "Advisor",
    "person":
     {"first_name": "Alec",
      "last_name": "Wilson",
      "permalink": "alec-wilson"}},
   {"is_past": false,
    "title": "Board Member",
    "person":
     {"first_name": "Ruchit",
      "last_name": "Shah",
      "permalink": "ruchit-shah"}},
   {"is_past": false,
    "title": "Board Member",
    "person":
     {"first_name": "Isaac",
      "last_name": "Barchas",
      "permalink": "isaac-barchas"}},
   {"is_past": false,
    "title": "Program Manager",
    "person":
     {"first_name": "Madeline",
      "last_name": "Vu",
      "permalink": "madeline-vu"}},
   {"is_past": false,
    "title": "Program Manager",
    "person":
     {"first_name": "Carlos",
      "last_name": "V. Estrada",
      "permalink": "carlos-v-estrada"}},
   {"is_past": true,
    "title": "VP Outreach",
    "person":
     {"first_name": "Luke",
      "last_name": "Carriere",
      "permalink": "luke-carriere"}}],
 "competitions":
  [],
 "providerships":
  [{"title": "",
    "is_past": false,
    "provider":
     {"name": "DLA Piper",
      "permalink": "dla-piper"}},
   {"title": "",
    "is_past": false,
    "provider":
     {"name": "Austin Technology Incubator",
      "permalink": "austin-technology-incubator"}},
   {"title": "",
    "is_past": false,
    "provider":
     {"name": "Microsoft BizSpark",
      "permalink": "microsoft-bizspark"}},
   {"title": "",
    "is_past": false,
    "provider":
     {"name": "Rackspace Hosting",
      "permalink": "rackspace-hosting"}}],
 "total_money_raised": "$0",
 "funding_rounds":
  [],
 "investments":
  [],
 "acquisition": null,
 "acquisitions":
  [],
 "offices":
  [{"description": "3 Day Startup Global",
    "address1": "3925 W Braker Lane",
    "address2": "Austin Technology Incubator",
    "zip_code": "78759",
    "city": "Austin",
    "state_code": "TX",
    "country_code": "USA",
    "latitude": null,
    "longitude": null}],
 "milestones":
  [],
 "ipo": null,
 "video_embeds":
  [{"embed_code": "\u003Ciframe width=\"560\" height=\"315\" src=\"//www.youtube.com/embed/HjtKebKyVp4\" frameborder=\"0\" allowfullscreen\u003E\u003C/iframe\u003E",
    "description": "\u003Cp\u003EShort documentary of 3DS Austin\u003C/p\u003E"},
   {"embed_code": "\u003Ciframe width=\"560\" height=\"315\" src=\"//www.youtube.com/embed/RJsGww6vvEE\" frameborder=\"0\" allowfullscreen\u003E\u003C/iframe\u003E",
    "description": "\u003Cp\u003EAbout 3 Day Startup\u003C/p\u003E"}],
 "screenshots":
  [{"available_sizes":
     [[[150,
        81],
       "http://api-images.crunchbase.com/assets/images/resized/0040/4486/404486v1-max-150x150.png"],
      [[250,
        135],
       "http://api-images.crunchbase.com/assets/images/resized/0040/4486/404486v1-max-250x250.png"],
      [[450,
        243],
       "http://api-images.crunchbase.com/assets/images/resized/0040/4486/404486v1-max-450x450.png"]],
    "attribution": null}],
 "external_links":
  [],
 "partners":
  []}
