{"name": "365 Retail Markets",
 "permalink": "365-retail-markets",
 "crunchbase_url": "http://www.crunchbase.com/company/365-retail-markets",
 "homepage_url": "http://www.365retailmarkets.com",
 "blog_url": "",
 "blog_feed_url": "",
 "twitter_username": "365retailmarket",
 "category_code": "software",
 "number_of_employees": 46,
 "founded_year": 2009,
 "founded_month": 8,
 "founded_day": 1,
 "deadpooled_year": null,
 "deadpooled_month": null,
 "deadpooled_day": null,
 "deadpooled_url": null,
 "tag_list": "pos, saas, unattended, smartshop, micromarkets, vending",
 "alias_list": null,
 "email_address": "info@365smartshop.com",
 "phone_number": "(888)365-7382",
 "description": "Smart MicroMarket Technology",
 "created_at": "Mon Aug 22 23:50:27 UTC 2011",
 "updated_at": "Wed Feb 12 04:00:20 UTC 2014",
 "overview": "\u003Cp\u003E365 Retail Markets is a global leader in item-level MicroMarket technology. We offer a best-in-class platform for vending, foodservice, and hospitality markets with superior technology and ultimate flexibility in customization and branding.\u003C/p\u003E\n\n\u003Cp\u003EA 365 SmartShop is a 24/7 unmanned self-checkout MicroMarket that can offer fresh food and beverage alternatives to vending in your workplace.\u003C/p\u003E\n\n\u003Cp\u003E365 offers a solution to increase sales, customer service, and employee satisfaction, all while decreasing operating costs.\u003C/p\u003E\n\n\u003Cp\u003EWhat makes us a global MicroMarket leader?\n\u2022 exceptional service with superior response time\n\u2022 top notch technology, manufactured in the USA with top ATM quality parts\n\u2022 the best and most comprehensive online management software\n\u2022 proprietary hardware and software with the most technology options\n\u2022 preferred MicroMarket technology of the world\u0026#8217;s largest vending companies\n\u2022 PCI Compliant, for secure credit card processing\n\u2022 365 Retail Markets allows customer to fully self-brand their markets\u003C/p\u003E\n\n\u003Cp\u003ECompany History:\u003C/p\u003E\n\n\u003Cp\u003E\u20222008: Initial Business Plan and market testing for an\nRFID based self-checkout system begins.\u003C/p\u003E\n\n\u003Cp\u003E\u20222009: Business operations commenced\u003C/p\u003E\n\n\u003Cp\u003E\u20222010: 365 Retail complements its industry first\nRFID system with a barcode only and\nfull Cash-Coin kiosk.\u003C/p\u003E\n\n\u003Cp\u003E\u20222011: 365 Secures significant funding, and begins large scale roll out to the industry\u2019s largest vending operator. Also, secures new office space to accommodate growth.\u003C/p\u003E\n\n\u003Cp\u003E\u20222012: 365\u2019s newly launched GEN II self checkout kiosk wins the NAMA innovation award; moves again to accommodate ever growing staff base. Maintains 99% uptime for both kiosks and software.\u003C/p\u003E\n\n\u003Cp\u003E\u20222013: 365 recognized as a Michigan Fast 50 company based on success and revenue growth. Launches the new 365 Micro kiosk as a companion to existing portfolio along with multiple payroll deduct and stored value account options. Became the first provider to achieve full PA-DSS certification. 365 moves again to a permanent office and manufacturing facility. Maintains 99.99% uptime for both kiosks and software.\u003C/p\u003E\n\n\u003Cp\u003E\u20222014: 365 kicks off the year as Michigan Companies to Watch finalist; over a dozen feature upgrades to both its kiosk and web management software; adds QuickCharge capability, multilingual, SMS receipts and more. Maintains 99.99% uptime for both kiosks and software.\u003C/p\u003E",
 "image":
  {"available_sizes":
    [[[150,
       66],
      "http://api-images.crunchbase.com/assets/images/resized/0032/0612/320612v4-max-150x150.png"],
     [[250,
       110],
      "http://api-images.crunchbase.com/assets/images/resized/0032/0612/320612v4-max-250x250.png"],
     [[450,
       198],
      "http://api-images.crunchbase.com/assets/images/resized/0032/0612/320612v4-max-450x450.png"]],
   "attribution": null},
 "products":
  [{"name": "SmartHUB Micro",
    "permalink": "smarthub-micro"},
   {"name": "SmartHUB Gen II",
    "permalink": "smarthub-gen-ii"},
   {"name": "SmartHUB Cash-Coin",
    "permalink": "smarthub-cash-coin"},
   {"name": "SmartVend 7",
    "permalink": "smartvend"},
   {"name": "SmartVend 5",
    "permalink": "smartvend-5"}],
 "relationships":
  [{"is_past": false,
    "title": "CEO",
    "person":
     {"first_name": "Joseph",
      "last_name": "Hessling",
      "permalink": "joseph-hessling"}},
   {"is_past": false,
    "title": "COO",
    "person":
     {"first_name": "Matt",
      "last_name": "Caston",
      "permalink": "matt-caston"}}],
 "competitions":
  [],
 "providerships":
  [],
 "total_money_raised": "$0",
 "funding_rounds":
  [{"id": 64285,
    "round_code": "a",
    "source_url": "http://www.finsmes.com/2014/02/365-retail-markets-completes-multi-million-dollar-series-a-round.html",
    "source_description": "365 Retail Markets Completes Multi-Million Dollar Series A Round",
    "raised_amount": null,
    "raised_currency_code": "USD",
    "funded_year": 2014,
    "funded_month": 2,
    "funded_day": 11,
    "investments":
     [{"company": null,
       "financial_org":
        {"name": "Plymouth Ventures",
         "permalink": "plymouth-ventures"},
       "person": null}]}],
 "investments":
  [{"funding_round":
     {"round_code": "seed",
      "source_url": "http://www.finsmes.com/2014/01/airvend-raises-1-2m-seed-funding.html",
      "source_description": " \tAirVend Raises $1.2M in Seed Funding",
      "raised_amount": 1200000.0,
      "raised_currency_code": "USD",
      "funded_year": 2014,
      "funded_month": 1,
      "funded_day": 2,
      "company":
       {"name": "AIRVEND",
        "permalink": "airvend"}}}],
 "acquisition": null,
 "acquisitions":
  [],
 "offices":
  [{"description": "365 Retail Markets HQ",
    "address1": "1743 Maplelawn",
    "address2": "",
    "zip_code": "48084",
    "city": "Troy",
    "state_code": "MI",
    "country_code": "USA",
    "latitude": 42.552438,
    "longitude": -83.168853}],
 "milestones":
  [{"id": 39331,
    "description": "Winner of 2011 \u0026 2012 NAMA Innovation Award",
    "stoned_year": 2012,
    "stoned_month": 4,
    "stoned_day": null,
    "source_url": "",
    "source_text": null,
    "source_description": "",
    "stoneable_type": "Company",
    "stoned_value": null,
    "stoned_value_type": null,
    "stoned_acquirer": null,
    "stoneable":
     {"name": "365 Retail Markets",
      "permalink": "365-retail-markets"}}],
 "ipo": null,
 "video_embeds":
  [{"embed_code": "\u003Ciframe width=\"430\" height=\"315\" src=\"//www.youtube.com/embed/l7VuWhag0yc?list=UU_vD2eh2aomuPBOeDOK2-PQ\" frameborder=\"0\" allowfullscreen\u003E\u003C/iframe\u003E",
    "description": "\u003Cp\u003EHow to Checkout\u003C/p\u003E"},
   {"embed_code": "\u003Ciframe width=\"430\" height=\"315\" src=\"//www.youtube.com/embed/l7VuWhag0yc?list=UU_vD2eh2aomuPBOeDOK2-PQ\" frameborder=\"0\" allowfullscreen\u003E\u003C/iframe\u003E",
    "description": "\u003Cp\u003EHow to Create an Account\u003C/p\u003E"}],
 "screenshots":
  [{"available_sizes":
     [[[150,
        95],
       "http://api-images.crunchbase.com/assets/images/resized/0032/0660/320660v2-max-150x150.png"],
      [[250,
        158],
       "http://api-images.crunchbase.com/assets/images/resized/0032/0660/320660v2-max-250x250.png"],
      [[450,
        285],
       "http://api-images.crunchbase.com/assets/images/resized/0032/0660/320660v2-max-450x450.png"]],
    "attribution": null},
   {"available_sizes":
     [[[150,
        103],
       "http://api-images.crunchbase.com/assets/images/resized/0032/1475/321475v2-max-150x150.png"],
      [[250,
        173],
       "http://api-images.crunchbase.com/assets/images/resized/0032/1475/321475v2-max-250x250.png"],
      [[450,
        311],
       "http://api-images.crunchbase.com/assets/images/resized/0032/1475/321475v2-max-450x450.png"]],
    "attribution": null},
   {"available_sizes":
     [[[150,
        51],
       "http://api-images.crunchbase.com/assets/images/resized/0032/1476/321476v2-max-150x150.jpg"],
      [[250,
        85],
       "http://api-images.crunchbase.com/assets/images/resized/0032/1476/321476v2-max-250x250.jpg"],
      [[450,
        153],
       "http://api-images.crunchbase.com/assets/images/resized/0032/1476/321476v2-max-450x450.jpg"]],
    "attribution": null}],
 "external_links":
  [{"external_url": "http://www.youtube.com/user/365retailmarkets",
    "title": "YouTube - Training Videos"},
   {"external_url": "http://www.prlog.org/12204842-365-invests-and-partners-with-airvend.html",
    "title": "PR - 365 Invests and Partners with AirVend"}],
 "partners":
  []}
