{"name": "36Kr",
 "permalink": "36kr",
 "crunchbase_url": "http://www.crunchbase.com/company/36kr",
 "homepage_url": "http://36kr.com",
 "blog_url": "",
 "blog_feed_url": "http://www.36kr.com/feed",
 "twitter_username": null,
 "category_code": null,
 "number_of_employees": null,
 "founded_year": 1999,
 "founded_month": null,
 "founded_day": null,
 "deadpooled_year": null,
 "deadpooled_month": null,
 "deadpooled_day": null,
 "deadpooled_url": null,
 "tag_list": null,
 "alias_list": "",
 "email_address": "",
 "phone_number": "",
 "description": "",
 "created_at": "Wed Sep 14 06:50:29 UTC 2011",
 "updated_at": "Tue Apr 01 09:37:42 UTC 2014",
 "overview": "\u003Cp\u003E36 Krypton (36Kr.com) is China\u0026#8217;s leading science and technology of new media, we reported the latest Internet technology news and the most promising Internet start-ups. Our goal is by focusing on the latest Internet industry and start-ups, providing one of the best current understanding of the Internet industry and the future of science and technology for the Chinese Internet media reader.\u003C/p\u003E",
 "image":
  {"available_sizes":
    [[[54,
       38],
      "http://api-images.crunchbase.com/assets/images/resized/0044/6931/446931v1-max-150x150.png"],
     [[54,
       38],
      "http://api-images.crunchbase.com/assets/images/resized/0044/6931/446931v1-max-250x250.png"],
     [[54,
       38],
      "http://api-images.crunchbase.com/assets/images/resized/0044/6931/446931v1-max-450x450.png"]],
   "attribution": null},
 "products":
  [],
 "relationships":
  [{"is_past": false,
    "title": "Creative Director",
    "person":
     {"first_name": "Ellen",
      "last_name": "Cheng",
      "permalink": "ellen-cheng"}}],
 "competitions":
  [],
 "providerships":
  [],
 "total_money_raised": "$0",
 "funding_rounds":
  [],
 "investments":
  [{"funding_round":
     {"round_code": "a",
      "source_url": "http://www.techinasia.com/travel-site-yikuaiqu-funding-chinas-tour-guide/",
      "source_description": "Travel site Yikuaiqu gets funding to be China\u2019s tour guide",
      "raised_amount": null,
      "raised_currency_code": "USD",
      "funded_year": 2014,
      "funded_month": 1,
      "funded_day": 27,
      "company":
       {"name": "Yikuaiqu",
        "permalink": "yikuaiqu"}}}],
 "acquisition": null,
 "acquisitions":
  [],
 "offices":
  [{"description": "",
    "address1": "Room - 307, 3rd Floor Suite A",
    "address2": "Citic International Mansion, No.19, J",
    "zip_code": "100004",
    "city": "Beijing",
    "state_code": null,
    "country_code": "CHN",
    "latitude": null,
    "longitude": null}],
 "milestones":
  [],
 "ipo": null,
 "video_embeds":
  [],
 "screenshots":
  [{"available_sizes":
     [[[150,
        112],
       "http://api-images.crunchbase.com/assets/images/resized/0044/6939/446939v1-max-150x150.png"],
      [[250,
        186],
       "http://api-images.crunchbase.com/assets/images/resized/0044/6939/446939v1-max-250x250.png"],
      [[450,
        336],
       "http://api-images.crunchbase.com/assets/images/resized/0044/6939/446939v1-max-450x450.png"]],
    "attribution": null}],
 "external_links":
  [],
 "partners":
  []}
