{"name": "3mindware",
 "permalink": "3mindware",
 "crunchbase_url": "http://www.crunchbase.com/company/3mindware",
 "homepage_url": "http://www.3mindware.com",
 "blog_url": "",
 "blog_feed_url": "",
 "twitter_username": "3mindware",
 "category_code": "web",
 "number_of_employees": 10,
 "founded_year": null,
 "founded_month": null,
 "founded_day": null,
 "deadpooled_year": null,
 "deadpooled_month": null,
 "deadpooled_day": null,
 "deadpooled_url": null,
 "tag_list": "3mindware, , computer-services, web-design, graphics-design, web-design-services, miami, web-site-design, website-designer, professional-website-design, computer-repair, pc-repair, networking, computer-networking, pc-networking, spyware, virus-removal, we",
 "alias_list": null,
 "email_address": "info@3mindware.com",
 "phone_number": "786-234-7875",
 "description": "Web\u0026Graphics Design",
 "created_at": "Fri Oct 07 20:06:30 UTC 2011",
 "updated_at": "Fri Oct 28 23:41:02 UTC 2011",
 "overview": "\u003Cp\u003E3MINDWARE is an experienced web design firm capable of handling projects of any size. 3MINDWARE has everything you need such as customer-focused web sites, graphics designs and computer services. \nWe pride ourselves on being very knowledgeable in all aspects of computer repair, including pc repair, networking, computer networking, network installations, spyware and virus removal, data recovery, DSL Internet installation and network / Internet consulting.\nIn graphics and web design 3MINDWARE INC prides itself on superior design, first-class customer service, and unequalled value. In addition we maintain a closely knit, passionate team of professional designers and developers who work tirelessly to deliver the finest work available. 3MINDWARE takes great pleasure in collaborating with its clients to develop comprehensive integrated solutions that deliver bottom line results. \nOur objective is to build websites that are effective. As such, we also can provide corporate identity, brand definition, professional website design, SEO (search engine optimization), web maintenance, and multimedia solutions. 3MINDWARE has everything you need and expect from a full-service website design company. We are at the forefront of the ever-evolving interactive landscape and are helping to redefine how brands succeed online. We help our clients to become leaders of business trends, rather than reacting to them. Our business does not think in terms of interactive solutions, rather we think in terms of business building.\nOur experience allows us to better understand the needs of our clients with a unique perspective that is not limited to one or two vertical markets. 3MINDWARE INC also prides itself on working, sharing valuable knowledge and expertise with companies, both large and small.\u003C/p\u003E",
 "image":
  {"available_sizes":
    [[[150,
       150],
      "http://api-images.crunchbase.com/assets/images/resized/0015/7265/157265v2-max-150x150.jpg"],
     [[200,
       200],
      "http://api-images.crunchbase.com/assets/images/resized/0015/7265/157265v2-max-250x250.jpg"],
     [[200,
       200],
      "http://api-images.crunchbase.com/assets/images/resized/0015/7265/157265v2-max-450x450.jpg"]],
   "attribution": null},
 "products":
  [],
 "relationships":
  [],
 "competitions":
  [],
 "providerships":
  [],
 "total_money_raised": "$0",
 "funding_rounds":
  [],
 "investments":
  [],
 "acquisition": null,
 "acquisitions":
  [],
 "offices":
  [{"description": "Miami Office",
    "address1": "2300 South Dixie Hwy Suite 201",
    "address2": "",
    "zip_code": "33133",
    "city": "Miami",
    "state_code": "FL",
    "country_code": "USA",
    "latitude": null,
    "longitude": null}],
 "milestones":
  [],
 "ipo": null,
 "video_embeds":
  [],
 "screenshots":
  [{"available_sizes":
     [[[150,
        93],
       "http://api-images.crunchbase.com/assets/images/resized/0015/9829/159829v2-max-150x150.jpg"],
      [[250,
        156],
       "http://api-images.crunchbase.com/assets/images/resized/0015/9829/159829v2-max-250x250.jpg"],
      [[450,
        281],
       "http://api-images.crunchbase.com/assets/images/resized/0015/9829/159829v2-max-450x450.jpg"]],
    "attribution": null},
   {"available_sizes":
     [[[150,
        93],
       "http://api-images.crunchbase.com/assets/images/resized/0015/9830/159830v2-max-150x150.jpg"],
      [[250,
        156],
       "http://api-images.crunchbase.com/assets/images/resized/0015/9830/159830v2-max-250x250.jpg"],
      [[450,
        281],
       "http://api-images.crunchbase.com/assets/images/resized/0015/9830/159830v2-max-450x450.jpg"]],
    "attribution": null},
   {"available_sizes":
     [[[150,
        93],
       "http://api-images.crunchbase.com/assets/images/resized/0015/9956/159956v2-max-150x150.jpg"],
      [[250,
        156],
       "http://api-images.crunchbase.com/assets/images/resized/0015/9956/159956v2-max-250x250.jpg"],
      [[450,
        281],
       "http://api-images.crunchbase.com/assets/images/resized/0015/9956/159956v2-max-450x450.jpg"]],
    "attribution": null}],
 "external_links":
  [],
 "partners":
  []}
