{"name": "3Seventy",
 "permalink": "3seventy",
 "crunchbase_url": "http://www.crunchbase.com/company/3seventy",
 "homepage_url": "http://3seventy.com",
 "blog_url": "http://www.3seventy.com/blog/",
 "blog_feed_url": "",
 "twitter_username": "3Seventy",
 "category_code": "software",
 "number_of_employees": null,
 "founded_year": 2008,
 "founded_month": null,
 "founded_day": null,
 "deadpooled_year": null,
 "deadpooled_month": null,
 "deadpooled_day": null,
 "deadpooled_url": null,
 "tag_list": null,
 "alias_list": "",
 "email_address": "sales@3seventy.com",
 "phone_number": "512.501.5940",
 "description": "",
 "created_at": "Mon Nov 28 23:54:59 UTC 2011",
 "updated_at": "Fri Oct 04 12:54:57 UTC 2013",
 "overview": "\u003Cp\u003E3Seventy is a leading provider of mobile customer relationship management (mCRM) Software-as-a-Service (SaaS) solutions. 3Seventy\u0026#8217;s award-winning solutions allow clients to interact with their consumers by mobile channel of choice all within one easy-to-use platform. With an advanced platform, mobile campaigns can be quickly designed, customized and changed, while effectiveness can be instantly measured with detailed real-time reporting.The company\u0026#8217;s highly scalable, cloud-based technology enables companies.\u003C/p\u003E",
 "image":
  {"available_sizes":
    [[[150,
       150],
      "http://api-images.crunchbase.com/assets/images/resized/0033/7357/337357v1-max-150x150.jpg"],
     [[180,
       180],
      "http://api-images.crunchbase.com/assets/images/resized/0033/7357/337357v1-max-250x250.jpg"],
     [[180,
       180],
      "http://api-images.crunchbase.com/assets/images/resized/0033/7357/337357v1-max-450x450.jpg"]],
   "attribution": null},
 "products":
  [],
 "relationships":
  [{"is_past": false,
    "title": "Chief Marketing officer",
    "person":
     {"first_name": "Tom",
      "last_name": "Sicola",
      "permalink": "tom-sicola"}},
   {"is_past": false,
    "title": "Chief Executive Officer",
    "person":
     {"first_name": "Teresa",
      "last_name": "Smetzer",
      "permalink": "teresa-smetzer"}},
   {"is_past": false,
    "title": "COO \u0026 CFO",
    "person":
     {"first_name": "Randy",
      "last_name": "Russell",
      "permalink": "randy-russell"}},
   {"is_past": true,
    "title": "CEO \u0026 Founder",
    "person":
     {"first_name": "Carrie",
      "last_name": "Chitsey",
      "permalink": "carrie-chitsey"}}],
 "competitions":
  [],
 "providerships":
  [],
 "total_money_raised": "$2M",
 "funding_rounds":
  [{"id": 50914,
    "round_code": "seed",
    "source_url": "http://www.sec.gov/Archives/edgar/data/1528212/000152821211000001/xslFormDX01/primary_doc.xml",
    "source_description": "SEC",
    "raised_amount": 2000000.0,
    "raised_currency_code": "USD",
    "funded_year": 2011,
    "funded_month": 8,
    "funded_day": 19,
    "investments":
     []}],
 "investments":
  [],
 "acquisition": null,
 "acquisitions":
  [{"price_amount": null,
    "price_currency_code": "USD",
    "term_code": null,
    "source_url": "",
    "source_description": "",
    "acquired_year": 2010,
    "acquired_month": 11,
    "acquired_day": 1,
    "company":
     {"name": "Baltix",
      "permalink": "baltix"}}],
 "offices":
  [{"description": "",
    "address1": "707 Rio Grande St.",
    "address2": "Ste. 100",
    "zip_code": "78701",
    "city": "Austin",
    "state_code": "TX",
    "country_code": "USA",
    "latitude": null,
    "longitude": null}],
 "milestones":
  [],
 "ipo": null,
 "video_embeds":
  [],
 "screenshots":
  [{"available_sizes":
     [[[150,
        62],
       "http://api-images.crunchbase.com/assets/images/resized/0033/7359/337359v1-max-150x150.jpg"],
      [[250,
        104],
       "http://api-images.crunchbase.com/assets/images/resized/0033/7359/337359v1-max-250x250.jpg"],
      [[450,
        187],
       "http://api-images.crunchbase.com/assets/images/resized/0033/7359/337359v1-max-450x450.jpg"]],
    "attribution": null}],
 "external_links":
  [],
 "partners":
  []}
