{"name": "4-Tell",
 "permalink": "4-tell",
 "crunchbase_url": "http://www.crunchbase.com/company/4-tell",
 "homepage_url": "http://4-tell.com",
 "blog_url": "http://4-tell.com/blog",
 "blog_feed_url": "",
 "twitter_username": "4TellCorp",
 "category_code": "ecommerce",
 "number_of_employees": null,
 "founded_year": 2009,
 "founded_month": 4,
 "founded_day": null,
 "deadpooled_year": null,
 "deadpooled_month": null,
 "deadpooled_day": null,
 "deadpooled_url": null,
 "tag_list": "",
 "alias_list": null,
 "email_address": "info@4tell.com",
 "phone_number": "503-746-9070",
 "description": "eCommerce recommendation software",
 "created_at": "Mon Jan 16 03:19:34 UTC 2012",
 "updated_at": "Mon Sep 16 11:45:50 UTC 2013",
 "overview": "\u003Cp\u003E4-Tell is an ecommerce software company that increases conversion and sales for retailers with personalized product recommendations. It provides a more engaging shopping experience by automatically recommending products that online shoppers are likely to buy. \u003C/p\u003E\n\n\u003Cp\u003ETheir Boost\u00ae Recommendations Engine delivers the next generation technology for true cross-channel personalization, working seamlessly across web, e-mail, mobile and in-store. 4-Tell has helped existing clients increase sales by 25% and more. More than 150 merchants use 4-Tell\u2019s Boost\u00ae products, including Columbia Sportswear and exOfficio.\u003C/p\u003E",
 "image":
  {"available_sizes":
    [[[150,
       31],
      "http://api-images.crunchbase.com/assets/images/resized/0017/0251/170251v4-max-150x150.jpg"],
     [[250,
       51],
      "http://api-images.crunchbase.com/assets/images/resized/0017/0251/170251v4-max-250x250.jpg"],
     [[450,
       93],
      "http://api-images.crunchbase.com/assets/images/resized/0017/0251/170251v4-max-450x450.jpg"]],
   "attribution": null},
 "products":
  [],
 "relationships":
  [{"is_past": false,
    "title": "CEO \u0026 Co-founder",
    "person":
     {"first_name": "Ken",
      "last_name": "Levy",
      "permalink": "ken-levy-2"}},
   {"is_past": false,
    "title": "VP Engineering \u0026 Co-founder",
    "person":
     {"first_name": "Neil",
      "last_name": "Lofgren",
      "permalink": "neil-lofgren"}},
   {"is_past": false,
    "title": "VP Marketing",
    "person":
     {"first_name": "Tom",
      "last_name": "Byrnes",
      "permalink": "tom-byrnes"}},
   {"is_past": false,
    "title": "Director, Corporate Board",
    "person":
     {"first_name": "Jim",
      "last_name": "Huston",
      "permalink": "jim-huston"}},
   {"is_past": true,
    "title": "VP Operations",
    "person":
     {"first_name": "Jeff",
      "last_name": "Nicol",
      "permalink": "jeff-nicol"}}],
 "competitions":
  [],
 "providerships":
  [],
 "total_money_raised": "$2.23M",
 "funding_rounds":
  [{"id": 27555,
    "round_code": "seed",
    "source_url": "http://community.oen.org/blogs/oen_blog/2011/07/19/portland-seed-fund-announces-companies-for-inaugural-investment-class",
    "source_description": "Portland Seed Fund Announces Companies for Inaugural Investment Class",
    "raised_amount": 25000.0,
    "raised_currency_code": "USD",
    "funded_year": 2011,
    "funded_month": 7,
    "funded_day": 1,
    "investments":
     [{"company": null,
       "financial_org":
        {"name": "Portland Seed Fund",
         "permalink": "portland-seed-fund"},
       "person": null}]},
   {"id": 27556,
    "round_code": "a",
    "source_url": "http://siliconflorist.com/2012/01/11/foretold-portland-seed-fund-alum-4tell-snags-1-million/",
    "source_description": "Could have foretold this one: Portland Seed Fund alum 4-Tell snags $1 million round",
    "raised_amount": 1000000.0,
    "raised_currency_code": "USD",
    "funded_year": 2012,
    "funded_month": 1,
    "funded_day": 1,
    "investments":
     [{"company": null,
       "financial_org": null,
       "person":
        {"first_name": "Doug",
         "last_name": "Fieldhouse",
         "permalink": "doug-fieldhouse"}},
      {"company": null,
       "financial_org": null,
       "person":
        {"first_name": "Bruce",
         "last_name": "Davis",
         "permalink": "bruce-davis"}},
      {"company": null,
       "financial_org": null,
       "person":
        {"first_name": "Jon",
         "last_name": "Peterson",
         "permalink": "jon-peterson"}},
      {"company": null,
       "financial_org": null,
       "person":
        {"first_name": "Craig",
         "last_name": "Froude",
         "permalink": "craig-froude"}},
      {"company":
        {"name": "The Yoshida Group",
         "permalink": "the-yoshida-group"},
       "financial_org": null,
       "person": null},
      {"company": null,
       "financial_org":
        {"name": "Gorge Angel Investor Network",
         "permalink": "gorge-angel-investor-network"},
       "person": null},
      {"company": null,
       "financial_org":
        {"name": "Portland Seed Fund",
         "permalink": "portland-seed-fund"},
       "person": null}]},
   {"id": 43940,
    "round_code": "debt_round",
    "source_url": "http://www.sec.gov/Archives/edgar/data/1496979/000157672313000004/xslFormDX01/primary_doc.xml",
    "source_description": "SEC",
    "raised_amount": 250000.0,
    "raised_currency_code": "USD",
    "funded_year": 2013,
    "funded_month": 7,
    "funded_day": 26,
    "investments":
     []},
   {"id": 48777,
    "round_code": "partial",
    "source_url": "http://www.sec.gov/Archives/edgar/data/1496979/000149697911000003/xslFormDX01/primary_doc.xml",
    "source_description": "SEC",
    "raised_amount": 959979.0,
    "raised_currency_code": "USD",
    "funded_year": 2011,
    "funded_month": 12,
    "funded_day": 19,
    "investments":
     []}],
 "investments":
  [],
 "acquisition": null,
 "acquisitions":
  [],
 "offices":
  [{"description": "Headquarters",
    "address1": "",
    "address2": "",
    "zip_code": "",
    "city": "Portland",
    "state_code": "OR",
    "country_code": "USA",
    "latitude": null,
    "longitude": null}],
 "milestones":
  [],
 "ipo": null,
 "video_embeds":
  [{"embed_code": "\u003Ciframe width=\"430\" height=\"242\" src=\"http://www.youtube.com/embed/_t5VCYgV1Gg\" frameborder=\"0\" allowfullscreen\u003E\u003C/iframe\u003E",
    "description": "\u003Cp\u003EEnd Empty Cart Syndrome\u003C/p\u003E"}],
 "screenshots":
  [],
 "external_links":
  [{"external_url": "http://www.linkedin.com/company/4-tell",
    "title": "LinkedIn"},
   {"external_url": "http://www.facebook.com/4Tell",
    "title": "Facebook"},
   {"external_url": "http://twitter.com/4TellCorp",
    "title": "Twitter"},
   {"external_url": "http://pinterest.com/4TellCorp/",
    "title": "Pinterest"}],
 "partners":
  []}
