{"name": "42matters AG",
 "permalink": "42matters",
 "crunchbase_url": "http://www.crunchbase.com/company/42matters",
 "homepage_url": "http://42matters.com",
 "blog_url": "",
 "blog_feed_url": "",
 "twitter_username": "getplayboard",
 "category_code": "web",
 "number_of_employees": 12,
 "founded_year": 2011,
 "founded_month": null,
 "founded_day": null,
 "deadpooled_year": null,
 "deadpooled_month": null,
 "deadpooled_day": null,
 "deadpooled_url": null,
 "tag_list": "mobile-apps, app-sharing, app-discovery, android, promotion, advertising, android-apps, mobile-applications, android-market, google-play",
 "alias_list": "AppAware",
 "email_address": "info@42matters.com",
 "phone_number": "",
 "description": "Mobile App Discovery",
 "created_at": "Mon Sep 12 11:23:19 UTC 2011",
 "updated_at": "Wed Mar 26 12:53:04 UTC 2014",
 "overview": "\u003Cp\u003E42matters AG offers a full suite of products for App Discovery and Analytics. From the flagship product App Discovery Suite curating Google Play and the App Store to the App Market API, App Market Explorer, 42matters ADS and App Discovery Suite White-Label for businesses.\u003C/p\u003E\n\n\u003Cp\u003E42matters develops innovative and flexible solutions for the enterprise context and licenses its technology to leading mobile phone carriers and media companies.\u003C/p\u003E",
 "image":
  {"available_sizes":
    [[[139,
       50],
      "http://api-images.crunchbase.com/assets/images/resized/0018/4738/184738v4-max-150x150.png"],
     [[139,
       50],
      "http://api-images.crunchbase.com/assets/images/resized/0018/4738/184738v4-max-250x250.png"],
     [[139,
       50],
      "http://api-images.crunchbase.com/assets/images/resized/0018/4738/184738v4-max-450x450.png"]],
   "attribution": null},
 "products":
  [],
 "relationships":
  [{"is_past": false,
    "title": "Founder",
    "person":
     {"first_name": "Florian",
      "last_name": "Michahelles",
      "permalink": "florian-michahelles"}},
   {"is_past": false,
    "title": "CEO and Chairman",
    "person":
     {"first_name": "Andrea",
      "last_name": "Girardello",
      "permalink": "andrea-girardello"}},
   {"is_past": false,
    "title": "Board Member",
    "person":
     {"first_name": "Paul",
      "last_name": "Weinberger",
      "permalink": "paul-weinberger"}},
   {"is_past": false,
    "title": "Founder",
    "person":
     {"first_name": "Christophe F.",
      "last_name": "Maire",
      "permalink": "christophe-maire"}}],
 "competitions":
  [{"competitor":
     {"name": "Appolicious",
      "permalink": "appolicious"}}],
 "providerships":
  [],
 "total_money_raised": "$0",
 "funding_rounds":
  [{"id": 25307,
    "round_code": "seed",
    "source_url": "http://www.finsmes.com/2011/09/42matters-raises-seed-funding.html?utm_source=feedburner\u0026utm_medium=feed\u0026utm_campaign=Feed%3A+finsmes%2FcNHu+%28FinSMEs%29",
    "source_description": "42matters Raises Seed Funding",
    "raised_amount": null,
    "raised_currency_code": null,
    "funded_year": 2011,
    "funded_month": 9,
    "funded_day": 12,
    "investments":
     [{"company": null,
       "financial_org":
        {"name": "Gamma Capital Partners",
         "permalink": "gamma-capital-partners"},
       "person": null}]}],
 "investments":
  [],
 "acquisition": null,
 "acquisitions":
  [],
 "offices":
  [{"description": "",
    "address1": "Sumatrastrasse 3",
    "address2": "",
    "zip_code": "CH-8006",
    "city": "Zurich",
    "state_code": null,
    "country_code": "CHE",
    "latitude": null,
    "longitude": null}],
 "milestones":
  [],
 "ipo": null,
 "video_embeds":
  [],
 "screenshots":
  [],
 "external_links":
  [{"external_url": "http://www.facebook.com/appaware",
    "title": "Facebook"},
   {"external_url": "http://www.twitter.com/appaware",
    "title": "Twitter"}],
 "partners":
  []}
