{"name": "451 Research",
 "permalink": "451-research",
 "crunchbase_url": "http://www.crunchbase.com/company/451-research",
 "homepage_url": null,
 "blog_url": null,
 "blog_feed_url": null,
 "twitter_username": null,
 "category_code": null,
 "number_of_employees": null,
 "founded_year": null,
 "founded_month": null,
 "founded_day": null,
 "deadpooled_year": null,
 "deadpooled_month": null,
 "deadpooled_day": null,
 "deadpooled_url": null,
 "tag_list": null,
 "alias_list": null,
 "email_address": null,
 "phone_number": null,
 "description": null,
 "created_at": "Sat Nov 12 01:25:59 UTC 2011",
 "updated_at": "Sat Nov 12 05:47:19 UTC 2011",
 "overview": null,
 "image": null,
 "products":
  [],
 "relationships":
  [{"is_past": true,
    "title": "CTO",
    "person":
     {"first_name": "Eliot",
      "last_name": "Shepard",
      "permalink": "eliot-shepard"}},
   {"is_past": true,
    "title": "Research Manager, Enterprise Security Practice",
    "person":
     {"first_name": "Steve",
      "last_name": "Coplan",
      "permalink": "steve-coplan"}}],
 "competitions":
  [],
 "providerships":
  [],
 "total_money_raised": "$0",
 "funding_rounds":
  [],
 "investments":
  [],
 "acquisition": null,
 "acquisitions":
  [],
 "offices":
  [],
 "milestones":
  [],
 "ipo": null,
 "video_embeds":
  [],
 "screenshots":
  [],
 "external_links":
  [],
 "partners":
  []}
