{"name": "4Mads",
 "permalink": "4mads",
 "crunchbase_url": "http://www.crunchbase.com/company/4mads",
 "homepage_url": "http://4mads.com",
 "blog_url": "",
 "blog_feed_url": "",
 "twitter_username": "4mads",
 "category_code": "advertising",
 "number_of_employees": 9,
 "founded_year": 2011,
 "founded_month": null,
 "founded_day": null,
 "deadpooled_year": null,
 "deadpooled_month": null,
 "deadpooled_day": null,
 "deadpooled_url": null,
 "tag_list": "advertising, local-bussines, startups, mobile-advertising, sme-advertising",
 "alias_list": "",
 "email_address": "",
 "phone_number": "",
 "description": "",
 "created_at": "Thu Dec 22 22:05:24 UTC 2011",
 "updated_at": "Sat Mar 30 09:27:24 UTC 2013",
 "overview": "\u003Cp\u003E4Mads is an advertising platform \u0026#8211; the first self-service solution for advertising professionals to create rich media ads compatible for mobile and web platforms.\u003C/p\u003E\n\n\u003Cp\u003E4Mads makes it possible for small and medium-sized businesses to do sophisticated advertising. \u003C/p\u003E",
 "image":
  {"available_sizes":
    [[[150,
       150],
      "http://api-images.crunchbase.com/assets/images/resized/0016/7453/167453v2-max-150x150.jpg"],
     [[250,
       250],
      "http://api-images.crunchbase.com/assets/images/resized/0016/7453/167453v2-max-250x250.jpg"],
     [[450,
       450],
      "http://api-images.crunchbase.com/assets/images/resized/0016/7453/167453v2-max-450x450.jpg"]],
   "attribution": null},
 "products":
  [],
 "relationships":
  [{"is_past": false,
    "title": "co-Founder",
    "person":
     {"first_name": "Piers",
      "last_name": "Haken",
      "permalink": "piers-haken-2"}},
   {"is_past": true,
    "title": "co-founder CEO",
    "person":
     {"first_name": "Alfredo",
      "last_name": "Guilbert",
      "permalink": "alfredo-guilbert"}},
   {"is_past": true,
    "title": "Co - Founder (4delite)",
    "person":
     {"first_name": "Mary",
      "last_name": "Ray",
      "permalink": "mary-ray"}}],
 "competitions":
  [],
 "providerships":
  [],
 "total_money_raised": "$0",
 "funding_rounds":
  [],
 "investments":
  [],
 "acquisition":
  {"price_amount": null,
   "price_currency_code": "USD",
   "term_code": null,
   "source_url": "http://techcrunch.com/2012/11/09/4mads-an-adtech-startup-for-diy-web-and-mobile-ads-acquired-by-insequent/",
   "source_description": "4Mads, An Adtech Startup For DIY Web And Mobile Ads, Acquired By InSequent",
   "acquired_year": 2012,
   "acquired_month": 11,
   "acquired_day": 10,
   "acquiring_company":
    {"name": "InSequent",
     "permalink": "insequent"}},
 "acquisitions":
  [],
 "offices":
  [{"description": "",
    "address1": "",
    "address2": "",
    "zip_code": "94108",
    "city": "San francisco",
    "state_code": "CA",
    "country_code": "USA",
    "latitude": null,
    "longitude": null}],
 "milestones":
  [],
 "ipo": null,
 "video_embeds":
  [],
 "screenshots":
  [{"available_sizes":
     [[[150,
        77],
       "http://api-images.crunchbase.com/assets/images/resized/0017/6098/176098v2-max-150x150.jpg"],
      [[250,
        128],
       "http://api-images.crunchbase.com/assets/images/resized/0017/6098/176098v2-max-250x250.jpg"],
      [[450,
        231],
       "http://api-images.crunchbase.com/assets/images/resized/0017/6098/176098v2-max-450x450.jpg"]],
    "attribution": null}],
 "external_links":
  [],
 "partners":
  []}
