{"name": "58Phases",
 "permalink": "58phases",
 "crunchbase_url": "http://www.crunchbase.com/company/58phases",
 "homepage_url": "http://58phases.com",
 "blog_url": "",
 "blog_feed_url": "",
 "twitter_username": "58phases",
 "category_code": "advertising",
 "number_of_employees": 20,
 "founded_year": 2008,
 "founded_month": 2,
 "founded_day": 15,
 "deadpooled_year": null,
 "deadpooled_month": null,
 "deadpooled_day": null,
 "deadpooled_url": null,
 "tag_list": "coupons, deals",
 "alias_list": null,
 "email_address": "",
 "phone_number": "",
 "description": "",
 "created_at": "Wed Aug 10 20:10:54 UTC 2011",
 "updated_at": "Sun Aug 28 03:10:25 UTC 2011",
 "overview": "\u003Cp\u003EWe build tools that help people find the best deals online.\u003C/p\u003E\n\n\u003Cp\u003E58Phases\u0026#8217;s portfolio of websites includes CouponDudes.com, WantACode.com, Coupon-Gurus.com, and ShippingDudes.com.\u003C/p\u003E",
 "image":
  {"available_sizes":
    [[[150,
       41],
      "http://api-images.crunchbase.com/assets/images/resized/0014/8839/148839v2-max-150x150.png"],
     [[227,
       63],
      "http://api-images.crunchbase.com/assets/images/resized/0014/8839/148839v2-max-250x250.png"],
     [[227,
       63],
      "http://api-images.crunchbase.com/assets/images/resized/0014/8839/148839v2-max-450x450.png"]],
   "attribution": null},
 "products":
  [],
 "relationships":
  [{"is_past": false,
    "title": "Co-Founder",
    "person":
     {"first_name": "C.J.",
      "last_name": "Sanders",
      "permalink": "c-j-sanders"}},
   {"is_past": false,
    "title": "Co-Founder",
    "person":
     {"first_name": "Dylan",
      "last_name": "Ramsey",
      "permalink": "dylan-ramsey"}},
   {"is_past": false,
    "title": "Director of Operations \u0026 Business Development",
    "person":
     {"first_name": "Anna",
      "last_name": "Tummadottir",
      "permalink": "anna-tummadottir"}},
   {"is_past": true,
    "title": "Director of Marketing",
    "person":
     {"first_name": "Brandon",
      "last_name": "Hunt",
      "permalink": "brandon-hunt"}}],
 "competitions":
  [],
 "providerships":
  [],
 "total_money_raised": "$0",
 "funding_rounds":
  [],
 "investments":
  [],
 "acquisition": null,
 "acquisitions":
  [],
 "offices":
  [{"description": "",
    "address1": "1002 West Avenue",
    "address2": "Floor 2",
    "zip_code": "78701",
    "city": "Austin",
    "state_code": "TX",
    "country_code": "USA",
    "latitude": null,
    "longitude": null}],
 "milestones":
  [],
 "ipo": null,
 "video_embeds":
  [],
 "screenshots":
  [],
 "external_links":
  [],
 "partners":
  []}
