{"name": "5pm.co.uk",
 "permalink": "5pm-co-uk",
 "crunchbase_url": "http://www.crunchbase.com/company/5pm-co-uk",
 "homepage_url": "http://www.5pm.co.uk",
 "blog_url": "",
 "blog_feed_url": "",
 "twitter_username": "5pm",
 "category_code": "web",
 "number_of_employees": 40,
 "founded_year": 1999,
 "founded_month": null,
 "founded_day": null,
 "deadpooled_year": null,
 "deadpooled_month": null,
 "deadpooled_day": null,
 "deadpooled_url": null,
 "tag_list": "online-reservations, restaurant-reservations, health-and-beauty, takeaway, food-to-go, daily-deals",
 "alias_list": null,
 "email_address": "info@5pm.co.uk",
 "phone_number": "00 44 (0) 141 204 7841",
 "description": "Online restaurant reservations",
 "created_at": "Mon Jan 16 09:24:58 UTC 2012",
 "updated_at": "Thu Apr 10 12:50:17 UTC 2014",
 "overview": "\u003Cp\u003E5pm provides online reservations for restaurants, health \u0026amp; beauty providers, takeaways, (food to go).\u003C/p\u003E\n\n\u003Cp\u003E5pm has processed millions of reservations for restaurants, health and beauty venues.\u003C/p\u003E\n\n\u003Cp\u003E5pm\u0026#8217;s product provides a white label for businesses with consumer databases and for daily deal sites who wish to \u0026#8220;close the loop\u0026#8221; on reservations.\u003C/p\u003E\n\n\u003Cp\u003E5pm has a Electronic Reservation Book for restaurants, simpleERB.com, free for smaller restaurants.\u003C/p\u003E",
 "image":
  {"available_sizes":
    [[[137,
       78],
      "http://api-images.crunchbase.com/assets/images/resized/0030/7980/307980v1-max-150x150.png"],
     [[137,
       78],
      "http://api-images.crunchbase.com/assets/images/resized/0030/7980/307980v1-max-250x250.png"],
     [[137,
       78],
      "http://api-images.crunchbase.com/assets/images/resized/0030/7980/307980v1-max-450x450.png"]],
   "attribution": null},
 "products":
  [],
 "relationships":
  [],
 "competitions":
  [{"competitor":
     {"name": "OpenTable",
      "permalink": "opentable"}},
   {"competitor":
     {"name": "Bookatable (Livebookings)",
      "permalink": "livebookings"}},
   {"competitor":
     {"name": "OpenTable",
      "permalink": "opentable"}}],
 "providerships":
  [],
 "total_money_raised": "$0",
 "funding_rounds":
  [],
 "investments":
  [],
 "acquisition": null,
 "acquisitions":
  [],
 "offices":
  [{"description": "Head Office",
    "address1": "38 Queen Street",
    "address2": "",
    "zip_code": "G1 3DX",
    "city": "Glasgow",
    "state_code": null,
    "country_code": "GBR",
    "latitude": null,
    "longitude": null}],
 "milestones":
  [{"id": 50520,
    "description": "5pm.co.uk launches health and beauty service",
    "stoned_year": 2010,
    "stoned_month": 10,
    "stoned_day": null,
    "source_url": "",
    "source_text": null,
    "source_description": "",
    "stoneable_type": "Company",
    "stoned_value": null,
    "stoned_value_type": null,
    "stoned_acquirer": null,
    "stoneable":
     {"name": "5pm.co.uk",
      "permalink": "5pm-co-uk"}},
   {"id": 50521,
    "description": "5pm launches daily deals service",
    "stoned_year": 2011,
    "stoned_month": 9,
    "stoned_day": null,
    "source_url": "",
    "source_text": null,
    "source_description": "",
    "stoneable_type": "Company",
    "stoned_value": null,
    "stoned_value_type": null,
    "stoned_acquirer": null,
    "stoneable":
     {"name": "5pm.co.uk",
      "permalink": "5pm-co-uk"}},
   {"id": 50522,
    "description": "5pm launches Electronic Reservation Book for restaurants simpleERB.com",
    "stoned_year": 2012,
    "stoned_month": 12,
    "stoned_day": null,
    "source_url": "",
    "source_text": null,
    "source_description": "",
    "stoneable_type": "Company",
    "stoned_value": null,
    "stoned_value_type": null,
    "stoned_acquirer": null,
    "stoneable":
     {"name": "5pm.co.uk",
      "permalink": "5pm-co-uk"}}],
 "ipo": null,
 "video_embeds":
  [{"embed_code": "https://www.youtube.com/watch?v=AZq5tZLWV6w",
    "description": "\u003Cp\u003E5pm TV ad restaurants\u003C/p\u003E"}],
 "screenshots":
  [],
 "external_links":
  [],
 "partners":
  []}
