{"name": "6 Month Loans- No Credit Check Loans- Cash Loans",
 "permalink": "6-month-loans-no-credit-check-loans-cash-loans",
 "crunchbase_url": "http://www.crunchbase.com/company/6-month-loans-no-credit-check-loans-cash-loans",
 "homepage_url": "http://www.6monthloans.co.uk",
 "blog_url": "http://6monthloans.blogspot.com/",
 "blog_feed_url": "",
 "twitter_username": "adam0shaw",
 "category_code": "other",
 "number_of_employees": null,
 "founded_year": 1990,
 "founded_month": 8,
 "founded_day": 6,
 "deadpooled_year": null,
 "deadpooled_month": null,
 "deadpooled_day": null,
 "deadpooled_url": null,
 "tag_list": "6-month-loans, cash-loans, loans-over-6-month, 6-month-payday-loans, no-credit-check-loans, payday-loans-no-faxing, bad-credit6-month-loans, payday-loans-over-6-month",
 "alias_list": null,
 "email_address": "adam0shaw@gmail.com",
 "phone_number": "",
 "description": "6 Month Loans- No Credit Check Loans",
 "created_at": "Fri Sep 30 05:12:52 UTC 2011",
 "updated_at": "Tue Oct 25 17:45:58 UTC 2011",
 "overview": "\u003Cp\u003EAt 6 Month Loans you can enjoy extended repayment tenure of six month. You can also apply for any of these bad credit loans, loans over 6 months and short term loan deals to fix any urgent cash requirement before payday. Apply and enjoy the benefit of easy repayment today!\nVisit:- http://www.6monthloans.co.uk\u003C/p\u003E",
 "image": null,
 "products":
  [],
 "relationships":
  [],
 "competitions":
  [],
 "providerships":
  [],
 "total_money_raised": "$0",
 "funding_rounds":
  [],
 "investments":
  [],
 "acquisition": null,
 "acquisitions":
  [],
 "offices":
  [],
 "milestones":
  [],
 "ipo": null,
 "video_embeds":
  [],
 "screenshots":
  [],
 "external_links":
  [],
 "partners":
  []}
