{"name": "6dgree",
 "permalink": "6dgree",
 "crunchbase_url": "http://www.crunchbase.com/company/6dgree",
 "homepage_url": "http://www.6dgree.com",
 "blog_url": "http://6dgreenews.com/",
 "blog_feed_url": "",
 "twitter_username": "6dgree",
 "category_code": "ecommerce",
 "number_of_employees": 30,
 "founded_year": 2009,
 "founded_month": 6,
 "founded_day": 4,
 "deadpooled_year": null,
 "deadpooled_month": null,
 "deadpooled_day": null,
 "deadpooled_url": null,
 "tag_list": "digital-marketing, social-media",
 "alias_list": null,
 "email_address": "enquiry@6dgree.com",
 "phone_number": "+61 398199591",
 "description": "Social media marketing",
 "created_at": "Fri Dec 09 20:17:01 UTC 2011",
 "updated_at": "Sun Dec 18 05:14:59 UTC 2011",
 "overview": "\u003Cp\u003E6dgree is a social media monitoring and profiling service, designed for social commerce.\nThe service tracks users, their conversations and behaviour with your brand on social media.\nIt measures consumer buying sentiment, engagement rate of your content and offers, and provide brands with social media profile for digital marketing. \u003C/p\u003E",
 "image":
  {"available_sizes":
    [[[41,
       41],
      "http://api-images.crunchbase.com/assets/images/resized/0016/5935/165935v2-max-150x150.png"],
     [[41,
       41],
      "http://api-images.crunchbase.com/assets/images/resized/0016/5935/165935v2-max-250x250.png"],
     [[41,
       41],
      "http://api-images.crunchbase.com/assets/images/resized/0016/5935/165935v2-max-450x450.png"]],
   "attribution": null},
 "products":
  [],
 "relationships":
  [],
 "competitions":
  [{"competitor":
     {"name": "Salesforce Radian6",
      "permalink": "radian6"}},
   {"competitor":
     {"name": "Brandtology",
      "permalink": "brandtology"}},
   {"competitor":
     {"name": "Barilliance",
      "permalink": "barilliance"}},
   {"competitor":
     {"name": "Experian",
      "permalink": "experian"}}],
 "providerships":
  [],
 "total_money_raised": "$0",
 "funding_rounds":
  [],
 "investments":
  [],
 "acquisition": null,
 "acquisitions":
  [],
 "offices":
  [{"description": "",
    "address1": "",
    "address2": "",
    "zip_code": "",
    "city": "",
    "state_code": null,
    "country_code": "AUS",
    "latitude": null,
    "longitude": null}],
 "milestones":
  [],
 "ipo": null,
 "video_embeds":
  [],
 "screenshots":
  [],
 "external_links":
  [],
 "partners":
  []}
