{"name": "76",
 "permalink": "76",
 "crunchbase_url": "http://www.crunchbase.com/company/76",
 "homepage_url": null,
 "blog_url": null,
 "blog_feed_url": null,
 "twitter_username": null,
 "category_code": null,
 "number_of_employees": null,
 "founded_year": null,
 "founded_month": null,
 "founded_day": null,
 "deadpooled_year": null,
 "deadpooled_month": null,
 "deadpooled_day": null,
 "deadpooled_url": null,
 "tag_list": "web-apps, cloud, productivity, simple, collaborative, flexible, management, sales, email, marketing, contacts, aggregator",
 "alias_list": null,
 "email_address": null,
 "phone_number": null,
 "description": null,
 "created_at": "Tue Nov 01 09:37:30 UTC 2011",
 "updated_at": "Thu Jun 28 13:51:34 UTC 2012",
 "overview": null,
 "image":
  {"available_sizes":
    [[[150,
       55],
      "http://api-images.crunchbase.com/assets/images/resized/0019/7853/197853v2-max-150x150.jpg"],
     [[238,
       88],
      "http://api-images.crunchbase.com/assets/images/resized/0019/7853/197853v2-max-250x250.jpg"],
     [[238,
       88],
      "http://api-images.crunchbase.com/assets/images/resized/0019/7853/197853v2-max-450x450.jpg"]],
   "attribution": null},
 "products":
  [],
 "relationships":
  [{"is_past": false,
    "title": "",
    "person":
     {"first_name": "Dhugal",
      "last_name": "Dennison",
      "permalink": "dhugal-dennison"}}],
 "competitions":
  [],
 "providerships":
  [],
 "total_money_raised": "$0",
 "funding_rounds":
  [],
 "investments":
  [],
 "acquisition": null,
 "acquisitions":
  [],
 "offices":
  [{"description": "Head Office",
    "address1": "3-5 Wood Street",
    "address2": "Old Town",
    "zip_code": "SN1 4AN",
    "city": "Swindon",
    "state_code": null,
    "country_code": "GBR",
    "latitude": null,
    "longitude": null}],
 "milestones":
  [],
 "ipo": null,
 "video_embeds":
  [{"embed_code": "\u003Ciframe src=\"http://player.vimeo.com/video/31680269?title=0\u0026amp;byline=0\u0026amp;portrait=0\u0026amp;color=ffffff\" width=\"430\" height=\"242\" frameborder=\"0\" webkitAllowFullScreen mozallowfullscreen allowFullScreen\u003E\u003C/iframe\u003E",
    "description": "\u003Cp\u003EThe Alpha video\u003C/p\u003E"}],
 "screenshots":
  [],
 "external_links":
  [],
 "partners":
  []}
