{"name": "7Seas Connect",
 "permalink": "7seas-connect",
 "crunchbase_url": "http://www.crunchbase.com/company/7seas-connect",
 "homepage_url": "http://7seasconnect.com",
 "blog_url": "",
 "blog_feed_url": "",
 "twitter_username": "7SeasConnect",
 "category_code": "public_relations",
 "number_of_employees": null,
 "founded_year": null,
 "founded_month": null,
 "founded_day": null,
 "deadpooled_year": null,
 "deadpooled_month": null,
 "deadpooled_day": null,
 "deadpooled_url": null,
 "tag_list": "telecommunication, calling-service, international-calling, product",
 "alias_list": null,
 "email_address": "info@7seasconnect.com",
 "phone_number": "(877) 378-8349",
 "description": "Cheap International Calling Service",
 "created_at": "Fri Oct 14 05:38:28 UTC 2011",
 "updated_at": "Sun Oct 30 03:17:31 UTC 2011",
 "overview": "\u003Cp\u003E7Seas Connect is a phone company that offers cheap international calls from your mobile or landline to anywhere in the world\u003C/p\u003E",
 "image": null,
 "products":
  [],
 "relationships":
  [],
 "competitions":
  [],
 "providerships":
  [],
 "total_money_raised": "$0",
 "funding_rounds":
  [],
 "investments":
  [],
 "acquisition": null,
 "acquisitions":
  [],
 "offices":
  [],
 "milestones":
  [],
 "ipo": null,
 "video_embeds":
  [],
 "screenshots":
  [],
 "external_links":
  [],
 "partners":
  []}
