{"name": "8 Securities Limited",
 "permalink": "8-securities-limited",
 "crunchbase_url": "http://www.crunchbase.com/company/8-securities-limited",
 "homepage_url": "http://www.8securities.com",
 "blog_url": "http://www.blog.8securities.com",
 "blog_feed_url": "",
 "twitter_username": "8securities",
 "category_code": "web",
 "number_of_employees": 28,
 "founded_year": 2011,
 "founded_month": 1,
 "founded_day": 1,
 "deadpooled_year": null,
 "deadpooled_month": null,
 "deadpooled_day": null,
 "deadpooled_url": null,
 "tag_list": "finance, brokerage, trading, investing, online-trading, financial-technology, hk, hong-kong, china, asia, community, social, fintech, retail-brokerage",
 "alias_list": null,
 "email_address": "mikaal.abdulla@8securities.com",
 "phone_number": "+852 2693 8800",
 "description": "Online investing \u0026 community",
 "created_at": "Wed Aug 03 01:45:19 UTC 2011",
 "updated_at": "Tue Apr 01 05:24:01 UTC 2014",
 "overview": "\u003Cp\u003EThrough a personalized Trading Portal, 8 Securities gives its customers global trading, market data \u0026amp; research and a private social network on a single dashboard. A totally transparent and real-time peer to peer exchange of ideas and trading on one screen. \u003C/p\u003E\n\n\u003Cp\u003EOne World. One Broker.\u003C/p\u003E",
 "image":
  {"available_sizes":
    [[[150,
       73],
      "http://api-images.crunchbase.com/assets/images/resized/0014/7525/147525v2-max-150x150.png"],
     [[250,
       123],
      "http://api-images.crunchbase.com/assets/images/resized/0014/7525/147525v2-max-250x250.png"],
     [[450,
       221],
      "http://api-images.crunchbase.com/assets/images/resized/0014/7525/147525v2-max-450x450.png"]],
   "attribution": null},
 "products":
  [],
 "relationships":
  [{"is_past": false,
    "title": "CEO",
    "person":
     {"first_name": "Mikaal",
      "last_name": "Abdulla",
      "permalink": "mikaal-abdulla"}},
   {"is_past": false,
    "title": "Executive Chairman",
    "person":
     {"first_name": "Mathias",
      "last_name": "Helleu",
      "permalink": "mathias-helleu"}},
   {"is_past": false,
    "title": "CTO",
    "person":
     {"first_name": "Cedric",
      "last_name": "Roll",
      "permalink": "cedric-roll"}},
   {"is_past": false,
    "title": "COO",
    "person":
     {"first_name": "Syn",
      "last_name": "Yee Ooi",
      "permalink": "syn-yee-ooi"}},
   {"is_past": false,
    "title": "CFO",
    "person":
     {"first_name": "Annie",
      "last_name": "Lok",
      "permalink": "annie-lok"}},
   {"is_past": false,
    "title": "Technology Director",
    "person":
     {"first_name": "Francis",
      "last_name": "Otshudi",
      "permalink": "francis-otshudi"}}],
 "competitions":
  [],
 "providerships":
  [],
 "total_money_raised": "$11M",
 "funding_rounds":
  [{"id": 24567,
    "round_code": "a",
    "source_url": "",
    "source_description": "",
    "raised_amount": 8000000.0,
    "raised_currency_code": "USD",
    "funded_year": 2011,
    "funded_month": 6,
    "funded_day": 1,
    "investments":
     [{"company":
        {"name": "Velolicity Capital BV",
         "permalink": "velolicity-capital-bv"},
       "financial_org": null,
       "person": null},
      {"company":
        {"name": "Full Global Investments",
         "permalink": "full-global-investments"},
       "financial_org": null,
       "person": null}]},
   {"id": 34360,
    "round_code": "c",
    "source_url": "http://techcrunch.com/2012/12/13/techcrunch-disrupt-beijing-finalist-8-securities-raises-3m-set-to-launch-in-japan/",
    "source_description": "TechCrunch Disrupt Beijing Finalist 8 Securities Raises $3M, Set To Launch In Japan",
    "raised_amount": 3000000.0,
    "raised_currency_code": "USD",
    "funded_year": 2012,
    "funded_month": 12,
    "funded_day": 14,
    "investments":
     [{"company":
        {"name": "Velocity Capital BV",
         "permalink": "velocity-capital-bv"},
       "financial_org": null,
       "person": null},
      {"company":
        {"name": "Full Global Investments",
         "permalink": "full-global-investments"},
       "financial_org": null,
       "person": null}]}],
 "investments":
  [],
 "acquisition": null,
 "acquisitions":
  [],
 "offices":
  [{"description": "Headquarters",
    "address1": "17th Floor, The L Place",
    "address2": "139 Queen's Road Central",
    "zip_code": "",
    "city": "Hong Kong",
    "state_code": null,
    "country_code": "HKG",
    "latitude": null,
    "longitude": null}],
 "milestones":
  [{"id": 17601,
    "description": "Portal live on Amazon EC2",
    "stoned_year": 2011,
    "stoned_month": 8,
    "stoned_day": 30,
    "source_url": "",
    "source_text": null,
    "source_description": "",
    "stoneable_type": "Company",
    "stoned_value": null,
    "stoned_value_type": null,
    "stoned_acquirer": null,
    "stoneable":
     {"name": "8 Securities Limited",
      "permalink": "8-securities-limited"}},
   {"id": 18904,
    "description": "Finalist at TechCrunch Disrupt Beijing Startup Battlefield",
    "stoned_year": 2011,
    "stoned_month": 11,
    "stoned_day": 1,
    "source_url": "http://techcrunch.com/2011/10/31/8-securities-is-a-sleek-fully-customizable-financial-dashboard/",
    "source_text": null,
    "source_description": "Comment 2 inShare121 8 Securities Is A Sleek, Fully Customizable Financial Dashboard",
    "stoneable_type": "Company",
    "stoned_value": null,
    "stoned_value_type": null,
    "stoned_acquirer": null,
    "stoneable":
     {"name": "8 Securities Limited",
      "permalink": "8-securities-limited"}},
   {"id": 18992,
    "description": "8 Securities selected as a top 5 start-up in Asia by Amazon Web Services",
    "stoned_year": 2011,
    "stoned_month": 11,
    "stoned_day": 4,
    "source_url": "http://aws.typepad.com/aws/2011/11/aws-start-up-challenge-2011-finalists-semi-finalists.html",
    "source_text": null,
    "source_description": "AWS Start-Up Challenge 2011 Finalists and Semi-Finalists",
    "stoneable_type": "Company",
    "stoned_value": null,
    "stoned_value_type": null,
    "stoned_acquirer": null,
    "stoneable":
     {"name": "8 Securities Limited",
      "permalink": "8-securities-limited"}},
   {"id": 19983,
    "description": "Received securities license from the Securities \u0026 Futures Commission of Hong Kong",
    "stoned_year": 2011,
    "stoned_month": 12,
    "stoned_day": 22,
    "source_url": "",
    "source_text": null,
    "source_description": "",
    "stoneable_type": "Company",
    "stoned_value": null,
    "stoned_value_type": null,
    "stoned_acquirer": null,
    "stoneable":
     {"name": "8 Securities Limited",
      "permalink": "8-securities-limited"}},
   {"id": 21967,
    "description": "8 Securities launches to public",
    "stoned_year": 2012,
    "stoned_month": 3,
    "stoned_day": 20,
    "source_url": "http://www.8securities.com",
    "source_text": null,
    "source_description": "",
    "stoneable_type": "Company",
    "stoned_value": null,
    "stoned_value_type": null,
    "stoned_acquirer": null,
    "stoneable":
     {"name": "8 Securities Limited",
      "permalink": "8-securities-limited"}},
   {"id": 22546,
    "description": "Webby Awards 2012 honoree for product design",
    "stoned_year": 2012,
    "stoned_month": 4,
    "stoned_day": 10,
    "source_url": "http://www.awardentries.com.hk/2011/Webbys/8Securities/",
    "source_text": null,
    "source_description": "",
    "stoneable_type": "Company",
    "stoned_value": null,
    "stoned_value_type": null,
    "stoned_acquirer": null,
    "stoneable":
     {"name": "8 Securities Limited",
      "permalink": "8-securities-limited"}}],
 "ipo": null,
 "video_embeds":
  [{"embed_code": "\u003Cdiv id=\"wistia_4nssqmm5y5\" class=\"wistia_embed\" style=\"width:640px;height:360px;\" data-video-width=\"640\" data-video-height=\"360\"\u003E\u003Cobject id=\"wistia_4nssqmm5y5_seo\" classid=\"clsid:D27CDB6E-AE6D-11cf-96B8-444553540000\" style=\"display:block;height:360px;position:relative;width:640px;\"\u003E\u003Cparam name=\"movie\" value=\"https://wistia.sslcs.cdngc.net/flash/embed_player_v2.0.swf?2013-01-16\"\u003E\u003C/param\u003E\u003Cparam name=\"allowfullscreen\" value=\"true\"\u003E\u003C/param\u003E\u003Cparam name=\"allowscriptaccess\" value=\"always\"\u003E\u003C/param\u003E\u003Cparam name=\"bgcolor\" value=\"#000000\"\u003E\u003C/param\u003E\u003Cparam name=\"wmode\" value=\"opaque\"\u003E\u003C/param\u003E\u003Cparam name=\"flashvars\" value=\"autoPlay=true\u0026controlsVisibleOnLoad=true\u0026hdUrl%5Bext%5D=flv\u0026hdUrl%5Bheight%5D=720\u0026hdUrl%5Btype%5D=hdflv\u0026hdUrl%5Burl%5D=https%3A%2F%2Fwistia.sslcs.cdngc.net%2Fdeliveries%2F11cde90ab0ca229e8c61fb98133d20f9174fc3d4.bin\u0026hdUrl%5Bwidth%5D=1280\u0026mediaDuration=131.52\u0026showVolume=true\u0026stillUrl=https%3A%2F%2Fwistia.sslcs.cdngc.net%2Fdeliveries%2F202f80c3d39e5f9d273216cd4234d86bd05b23e1.jpg%3Fimage_crop_resized%3D640x360\u0026unbufferedSeek=false\u0026videoUrl=https%3A%2F%2Fwistia.sslcs.cdngc.net%2Fdeliveries%2F05290e2b2b198896308a9388c86083e0427639ac.bin\"\u003E\u003C/param\u003E\u003Cembed src=\"https://wistia.sslcs.cdngc.net/flash/embed_player_v2.0.swf?2013-01-16\" allowfullscreen=\"true\" allowscriptaccess=\"always\" bgcolor=#000000 flashvars=\"autoPlay=true\u0026controlsVisibleOnLoad=true\u0026hdUrl%5Bext%5D=flv\u0026hdUrl%5Bheight%5D=720\u0026hdUrl%5Btype%5D=hdflv\u0026hdUrl%5Burl%5D=https%3A%2F%2Fwistia.sslcs.cdngc.net%2Fdeliveries%2F11cde90ab0ca229e8c61fb98133d20f9174fc3d4.bin\u0026hdUrl%5Bwidth%5D=1280\u0026mediaDuration=131.52\u0026showVolume=true\u0026stillUrl=https%3A%2F%2Fwistia.sslcs.cdngc.net%2Fdeliveries%2F202f80c3d39e5f9d273216cd4234d86bd05b23e1.jpg%3Fimage_crop_resized%3D640x360\u0026unbufferedSeek=false\u0026videoUrl=https%3A%2F%2Fwistia.sslcs.cdngc.net%2Fdeliveries%2F05290e2b2b198896308a9388c86083e0427639ac.bin\" name=\"wistia_4nssqmm5y5_html\" style=\"display:block;height:100%;position:relative;width:100%;\" type=\"application/x-shockwave-flash\" wmode=\"opaque\"\u003E\u003C/embed\u003E\u003C/object\u003E\u003C/div\u003E\r\n\u003Cscript charset=\"ISO-8859-1\" src=\"https://fast.wistia.com/static/concat/E-v1%2CpostRoll-v1.js\"\u003E\u003C/script\u003E\r\n\u003Cscript\u003E\r\nwistiaEmbed = Wistia.embed(\"4nssqmm5y5\", {\r\n  version: \"v1\",\r\n  videoWidth: 640,\r\n  videoHeight: 360,\r\n  volumeControl: true,\r\n  controlsVisibleOnLoad: true,\r\n  autoPlay: true,\r\n  plugin: {\r\n    \"postRoll-v1\": {\r\n      text: \"Open an Account\",\r\n      link: \"http://www.8securities.com/en/page_open_account.php?new=1\",\r\n      style: {\r\n        backgroundColor: \"#616161\",\r\n        color: \"#ffffff\",\r\n        fontSize: \"36px\",\r\n        fontFamily: \"Gill Sans, Helvetica, Arial, sans-serif\"\r\n      }\r\n    }\r\n  }\r\n});\r\n\u003C/script\u003E\r\n\u003Cscript charset=\"ISO-8859-1\" src=\"https://fast.wistia.com/embed/medias/4nssqmm5y5/metadata.js\"\u003E\u003C/script\u003E",
    "description": "\u003Cp\u003EProduct Video\u003C/p\u003E"},
   {"embed_code": "\u003Cdiv id=\"wistia_xucgi85kmq\" class=\"wistia_embed\" style=\"width:640px;height:360px;\" data-video-width=\"640\" data-video-height=\"360\"\u003E\u003Cobject id=\"wistia_xucgi85kmq_seo\" classid=\"clsid:D27CDB6E-AE6D-11cf-96B8-444553540000\" style=\"display:block;height:360px;position:relative;width:640px;\"\u003E\u003Cparam name=\"movie\" value=\"https://wistia.sslcs.cdngc.net/flash/embed_player_v2.0.swf?2013-01-16\"\u003E\u003C/param\u003E\u003Cparam name=\"allowfullscreen\" value=\"true\"\u003E\u003C/param\u003E\u003Cparam name=\"allowscriptaccess\" value=\"always\"\u003E\u003C/param\u003E\u003Cparam name=\"bgcolor\" value=\"#000000\"\u003E\u003C/param\u003E\u003Cparam name=\"wmode\" value=\"opaque\"\u003E\u003C/param\u003E\u003Cparam name=\"flashvars\" value=\"autoPlay=true\u0026controlsVisibleOnLoad=true\u0026hdUrl%5Bext%5D=flv\u0026hdUrl%5Bheight%5D=720\u0026hdUrl%5Btype%5D=hdflv\u0026hdUrl%5Burl%5D=https%3A%2F%2Fwistia.sslcs.cdngc.net%2Fdeliveries%2F665a39e13b104751848f61ba3215bb5b03e6369b.bin\u0026hdUrl%5Bwidth%5D=1280\u0026mediaDuration=85.8\u0026showVolume=true\u0026stillUrl=https%3A%2F%2Fwistia.sslcs.cdngc.net%2Fdeliveries%2F9a654097457197e39cde78430700f1e6608e2c5e.jpg%3Fimage_crop_resized%3D640x360\u0026unbufferedSeek=true\u0026videoUrl=https%3A%2F%2Fwistia.sslcs.cdngc.net%2Fdeliveries%2F335da9916d3f7718f27f481e41f05c3426994e67.bin\"\u003E\u003C/param\u003E\u003Cembed src=\"https://wistia.sslcs.cdngc.net/flash/embed_player_v2.0.swf?2013-01-16\" allowfullscreen=\"true\" allowscriptaccess=\"always\" bgcolor=#000000 flashvars=\"autoPlay=true\u0026controlsVisibleOnLoad=true\u0026hdUrl%5Bext%5D=flv\u0026hdUrl%5Bheight%5D=720\u0026hdUrl%5Btype%5D=hdflv\u0026hdUrl%5Burl%5D=https%3A%2F%2Fwistia.sslcs.cdngc.net%2Fdeliveries%2F665a39e13b104751848f61ba3215bb5b03e6369b.bin\u0026hdUrl%5Bwidth%5D=1280\u0026mediaDuration=85.8\u0026showVolume=true\u0026stillUrl=https%3A%2F%2Fwistia.sslcs.cdngc.net%2Fdeliveries%2F9a654097457197e39cde78430700f1e6608e2c5e.jpg%3Fimage_crop_resized%3D640x360\u0026unbufferedSeek=true\u0026videoUrl=https%3A%2F%2Fwistia.sslcs.cdngc.net%2Fdeliveries%2F335da9916d3f7718f27f481e41f05c3426994e67.bin\" name=\"wistia_xucgi85kmq_html\" style=\"display:block;height:100%;position:relative;width:100%;\" type=\"application/x-shockwave-flash\" wmode=\"opaque\"\u003E\u003C/embed\u003E\u003C/object\u003E\u003C/div\u003E\r\n\u003Cscript charset=\"ISO-8859-1\" src=\"https://fast.wistia.com/static/concat/E-v1%2CpostRoll-v1.js\"\u003E\u003C/script\u003E\r\n\u003Cscript\u003E\r\nwistiaEmbed = Wistia.embed(\"xucgi85kmq\", {\r\n  version: \"v1\",\r\n  videoWidth: 640,\r\n  videoHeight: 360,\r\n  volumeControl: true,\r\n  controlsVisibleOnLoad: true,\r\n  autoPlay: true,\r\n  plugin: {\r\n    \"postRoll-v1\": {\r\n      text: \"Open an Account\",\r\n      link: \"http://www.8securities.com/en/page_open_account.php?new=1\",\r\n      style: {\r\n        backgroundColor: \"#616161\",\r\n        color: \"#ffffff\",\r\n        fontSize: \"36px\",\r\n        fontFamily: \"Gill Sans, Helvetica, Arial, sans-serif\"\r\n      }\r\n    }\r\n  }\r\n});\r\n\u003C/script\u003E\r\n\u003Cscript charset=\"ISO-8859-1\" src=\"https://fast.wistia.com/embed/medias/xucgi85kmq/metadata.js\"\u003E\u003C/script\u003E",
    "description": "\u003Cp\u003EAdvertisement\u003C/p\u003E"}],
 "screenshots":
  [{"available_sizes":
     [[[150,
        97],
       "http://api-images.crunchbase.com/assets/images/resized/0016/0610/160610v2-max-150x150.jpg"],
      [[250,
        162],
       "http://api-images.crunchbase.com/assets/images/resized/0016/0610/160610v2-max-250x250.jpg"],
      [[450,
        291],
       "http://api-images.crunchbase.com/assets/images/resized/0016/0610/160610v2-max-450x450.jpg"]],
    "attribution": null},
   {"available_sizes":
     [[[150,
        100],
       "http://api-images.crunchbase.com/assets/images/resized/0016/1002/161002v2-max-150x150.jpg"],
      [[250,
        166],
       "http://api-images.crunchbase.com/assets/images/resized/0016/1002/161002v2-max-250x250.jpg"],
      [[450,
        300],
       "http://api-images.crunchbase.com/assets/images/resized/0016/1002/161002v2-max-450x450.jpg"]],
    "attribution": null},
   {"available_sizes":
     [[[150,
        126],
       "http://api-images.crunchbase.com/assets/images/resized/0018/2762/182762v2-max-150x150.png"],
      [[250,
        210],
       "http://api-images.crunchbase.com/assets/images/resized/0018/2762/182762v2-max-250x250.png"],
      [[450,
        379],
       "http://api-images.crunchbase.com/assets/images/resized/0018/2762/182762v2-max-450x450.png"]],
    "attribution": null},
   {"available_sizes":
     [[[150,
        115],
       "http://api-images.crunchbase.com/assets/images/resized/0020/4046/204046v2-max-150x150.jpg"],
      [[250,
        193],
       "http://api-images.crunchbase.com/assets/images/resized/0020/4046/204046v2-max-250x250.jpg"],
      [[450,
        347],
       "http://api-images.crunchbase.com/assets/images/resized/0020/4046/204046v2-max-450x450.jpg"]],
    "attribution": null}],
 "external_links":
  [{"external_url": "http://www.bloomberg.com/news/2011-11-01/8securities-targets-china-traders-for-online-social-brokerage.html",
    "title": "Bloomberg: 8 Securities targets China traders for online, social brokerake"},
   {"external_url": "http://techcrunch.com/2011/10/31/8-securities-is-a-sleek-fully-customizable-financial-dashboard/",
    "title": "TechCrunch: 8 Securities Is a Sleek, Fully Customizable Financial Dashboard"},
   {"external_url": "http://www.inc.com/eric-markowitz/7-chinese-startups-to-put-on-your-radar-for-2012.html",
    "title": "Inc: 7 Chinese Start-ups to Put on Your Radar for 2012"},
   {"external_url": "http://www.bbc.co.uk/news/business-18014216",
    "title": "BBC: Asia Traders Shatter Tradition to Get Social"},
   {"external_url": "http://techcrunch.com/2012/05/18/want-facebook-shares-hks-8-securities-offers-200-of-them-if-you-join-its-trading-platform/#comments",
    "title": "TechCrunch: Want Facebook Shares?"},
   {"external_url": "http://www.techinasia.com/8securities-funding-global-expansion-japan-office/",
    "title": "8 Securities Raises More funds, Will Launch in Japan"},
   {"external_url": "http://news.yahoo.com/1-billion-usd-customer-assets-180511951.html",
    "title": "Yahoo News: With $1 Billion in  Customer Assets, 8 Securities Has its Sights on Global Expansion"}],
 "partners":
  []}
