{"name": "85 Broads",
 "permalink": "85-broads",
 "crunchbase_url": "http://www.crunchbase.com/company/85-broads",
 "homepage_url": "http://85broads.com",
 "blog_url": "",
 "blog_feed_url": "",
 "twitter_username": "85broads",
 "category_code": "web",
 "number_of_employees": null,
 "founded_year": 1997,
 "founded_month": null,
 "founded_day": null,
 "deadpooled_year": null,
 "deadpooled_month": null,
 "deadpooled_day": null,
 "deadpooled_url": null,
 "tag_list": null,
 "alias_list": "",
 "email_address": "",
 "phone_number": "",
 "description": "Womens Global Network",
 "created_at": "Thu Jan 12 22:52:28 UTC 2012",
 "updated_at": "Thu May 16 19:36:34 UTC 2013",
 "overview": "\u003Cp\u003ESallie Krawcheck has agreed to buy 85 Broads from founder, entrepreneur and former Goldman Sachs executive, Janet Hanson.\u003C/p\u003E\n\n\u003Cp\u003EFounded in 1997, 85 Broads is a global membership community of more than 30,000 women. The founding members of 85 Broads, led by Hanson, were women who worked for Goldman Sachs at 85 Broad Street, the investment banking firm\u0026#8217;s former NYC headquarters.   \u003C/p\u003E\n\n\u003Cp\u003EOver the past decade under Hanson\u0026#8217;s leadership, 85 Broads expanded its paid membership to include female entrepreneurs and executives from diverse industries and backgrounds, many of whom are trailblazers in their fields. Members also include alumnae and students of some of the world\u0026#8217;s leading colleges, universities, and graduate schools.  85 Broads\u0026#8217; members represent 130 countries in more than 40 regional chapters and campus clubs around the world.\u003C/p\u003E",
 "image":
  {"available_sizes":
    [[[150,
       45],
      "http://api-images.crunchbase.com/assets/images/resized/0026/3204/263204v1-max-150x150.png"],
     [[250,
       76],
      "http://api-images.crunchbase.com/assets/images/resized/0026/3204/263204v1-max-250x250.png"],
     [[252,
       77],
      "http://api-images.crunchbase.com/assets/images/resized/0026/3204/263204v1-max-450x450.png"]],
   "attribution": null},
 "products":
  [],
 "relationships":
  [{"is_past": false,
    "title": "CEO",
    "person":
     {"first_name": "Sallie",
      "last_name": "Krawcheck",
      "permalink": "sallie-krawcheck"}},
   {"is_past": false,
    "title": "Investor and Advisor",
    "person":
     {"first_name": "Lauren",
      "last_name": "Perkins",
      "permalink": "lauren-perkins"}},
   {"is_past": true,
    "title": "Marketing Director",
    "person":
     {"first_name": "Stacey",
      "last_name": "Borden",
      "permalink": "stacey-borden"}},
   {"is_past": true,
    "title": "Summer Associate",
    "person":
     {"first_name": "Shannon",
      "last_name": "Harrington",
      "permalink": "shannon-harrington"}}],
 "competitions":
  [],
 "providerships":
  [],
 "total_money_raised": "$0",
 "funding_rounds":
  [],
 "investments":
  [],
 "acquisition": null,
 "acquisitions":
  [],
 "offices":
  [],
 "milestones":
  [],
 "ipo": null,
 "video_embeds":
  [],
 "screenshots":
  [],
 "external_links":
  [],
 "partners":
  []}
