{"name": "89n",
 "permalink": "89n",
 "crunchbase_url": "http://www.crunchbase.com/company/89n",
 "homepage_url": "http://89n.com",
 "blog_url": "http://89n.com/blog",
 "blog_feed_url": "http://89n.com/blog/all/feed",
 "twitter_username": "89n",
 "category_code": "web",
 "number_of_employees": 9,
 "founded_year": 2011,
 "founded_month": 7,
 "founded_day": null,
 "deadpooled_year": null,
 "deadpooled_month": null,
 "deadpooled_day": null,
 "deadpooled_url": null,
 "tag_list": "consumer, twitter, spelling, products, manageflitter, checkdog, tourcow, selectevent, emailsociety",
 "alias_list": "",
 "email_address": "contactus@89n.com",
 "phone_number": "+61292323722",
 "description": "Products for People",
 "created_at": "Mon Sep 19 02:22:28 UTC 2011",
 "updated_at": "Tue Apr 15 09:22:39 UTC 2014",
 "overview": "\u003Cp\u003E89n is the parent company of several critically acclaimed web applications including ManageFlitter and CheckDog. Based in Sydney, Australia the company solves real problems with easy to use and intuitive web-based applications. They are focused on building apps that are intuitive, fast and, most of all, needed.\u003C/p\u003E",
 "image":
  {"available_sizes":
    [[[150,
       150],
      "http://api-images.crunchbase.com/assets/images/resized/0015/5017/155017v2-max-150x150.png"],
     [[250,
       250],
      "http://api-images.crunchbase.com/assets/images/resized/0015/5017/155017v2-max-250x250.png"],
     [[450,
       450],
      "http://api-images.crunchbase.com/assets/images/resized/0015/5017/155017v2-max-450x450.png"]],
   "attribution": null},
 "products":
  [],
 "relationships":
  [{"is_past": false,
    "title": "Co-Founder \u0026 CEO",
    "person":
     {"first_name": "Kevin",
      "last_name": "Garber",
      "permalink": "kevin-garber"}},
   {"is_past": false,
    "title": "Co-Founder \u0026 CTO",
    "person":
     {"first_name": "James",
      "last_name": "Peter",
      "permalink": "james-peter"}}],
 "competitions":
  [{"competitor":
     {"name": "37signals",
      "permalink": "37signals"}},
   {"competitor":
     {"name": "TwitterCounter",
      "permalink": "twittercounter"}}],
 "providerships":
  [{"title": "",
    "is_past": false,
    "provider":
     {"name": "Rackspace Cloud",
      "permalink": "rackspace-cloud"}}],
 "total_money_raised": "$0",
 "funding_rounds":
  [],
 "investments":
  [],
 "acquisition": null,
 "acquisitions":
  [],
 "offices":
  [{"description": "Sydney Office",
    "address1": "Level 4",
    "address2": "70 Pitt St",
    "zip_code": "2000",
    "city": "Sydney",
    "state_code": null,
    "country_code": "AUS",
    "latitude": null,
    "longitude": null}],
 "milestones":
  [],
 "ipo": null,
 "video_embeds":
  [],
 "screenshots":
  [{"available_sizes":
     [[[150,
        131],
       "http://api-images.crunchbase.com/assets/images/resized/0028/2798/282798v1-max-150x150.png"],
      [[250,
        218],
       "http://api-images.crunchbase.com/assets/images/resized/0028/2798/282798v1-max-250x250.png"],
      [[450,
        393],
       "http://api-images.crunchbase.com/assets/images/resized/0028/2798/282798v1-max-450x450.png"]],
    "attribution": null}],
 "external_links":
  [{"external_url": "http://techcrunch.com/2011/09/15/raise-your-hand-if-youre-still-using-google/",
    "title": "Raise Your Hand If You\u00e2\u20ac\u2122re Still Using Google+"}],
 "partners":
  [{"partner_name": "angel_list",
    "homepage_url": "",
    "link_1_url": "https://angel.co/89n",
    "link_2_url": null,
    "link_3_url": null,
    "link_1_name": "AngelList Page",
    "link_2_name": null,
    "link_3_name": null}]}
