{"name": "8byte8",
 "permalink": "8byte8",
 "crunchbase_url": "http://www.crunchbase.com/company/8byte8",
 "homepage_url": "http://8byte8.com",
 "blog_url": "http://8byte8.com/blog",
 "blog_feed_url": "http://8byte8.com/blog/feed/rss/",
 "twitter_username": "8byte8",
 "category_code": "games_video",
 "number_of_employees": 2,
 "founded_year": 2010,
 "founded_month": 12,
 "founded_day": null,
 "deadpooled_year": null,
 "deadpooled_month": null,
 "deadpooled_day": null,
 "deadpooled_url": null,
 "tag_list": "web, mobile, creative, fun, apps",
 "alias_list": null,
 "email_address": "8byte8@gmail.com",
 "phone_number": "3032176324",
 "description": "Fun simple web apps",
 "created_at": "Fri Nov 18 06:47:12 UTC 2011",
 "updated_at": "Thu Dec 06 08:20:55 UTC 2012",
 "overview": "\u003Cp\u003E8byte8 is a Las Vegas-based startup that creates fun and simple mobile \u0026amp; web apps that allow you to explore your creative side.\u003C/p\u003E\n\n\u003Cp\u003EOur first app, Lystee, allows you to create and share fun and interesting lists with your friends (www.lystee.com). Our second app, Lucidity, allows you to record and track your dreams to help induce lucid dreaming (www.lucidity.io).\u003C/p\u003E\n\n\u003Cp\u003EWe just launched a Twitter client called Winnow for iOS that allows you to manage the noise in your tweet stream by muting certain users and filtering out keywords and phrases (www.winnowapp.com).\u003C/p\u003E\n\n\u003Cp\u003EWe also just released Pomeranian Pennies, a free multi-line, multi-reel slot machine game. Pomeranian Pennies is available on iPad, Kindle, and Android tablets (www.8byte8.com/games/pomeranian-pennies).\u003C/p\u003E",
 "image":
  {"available_sizes":
    [[[150,
       105],
      "http://api-images.crunchbase.com/assets/images/resized/0016/2903/162903v4-max-150x150.png"],
     [[250,
       175],
      "http://api-images.crunchbase.com/assets/images/resized/0016/2903/162903v4-max-250x250.png"],
     [[450,
       315],
      "http://api-images.crunchbase.com/assets/images/resized/0016/2903/162903v4-max-450x450.png"]],
   "attribution": null},
 "products":
  [],
 "relationships":
  [{"is_past": false,
    "title": "Mobile and back-end developer",
    "person":
     {"first_name": "Jason",
      "last_name": "Hurt",
      "permalink": "jason-hurt"}},
   {"is_past": false,
    "title": "Designer and front-end developer",
    "person":
     {"first_name": "Jen",
      "last_name": "Wilhelm",
      "permalink": "jen-wilhelm"}}],
 "competitions":
  [],
 "providerships":
  [],
 "total_money_raised": "$0",
 "funding_rounds":
  [],
 "investments":
  [],
 "acquisition": null,
 "acquisitions":
  [],
 "offices":
  [],
 "milestones":
  [],
 "ipo": null,
 "video_embeds":
  [],
 "screenshots":
  [{"available_sizes":
     [[[150,
        81],
       "http://api-images.crunchbase.com/assets/images/resized/0016/2901/162901v2-max-150x150.png"],
      [[250,
        135],
       "http://api-images.crunchbase.com/assets/images/resized/0016/2901/162901v2-max-250x250.png"],
      [[450,
        243],
       "http://api-images.crunchbase.com/assets/images/resized/0016/2901/162901v2-max-450x450.png"]],
    "attribution": null},
   {"available_sizes":
     [[[150,
        81],
       "http://api-images.crunchbase.com/assets/images/resized/0016/2902/162902v2-max-150x150.png"],
      [[250,
        135],
       "http://api-images.crunchbase.com/assets/images/resized/0016/2902/162902v2-max-250x250.png"],
      [[450,
        243],
       "http://api-images.crunchbase.com/assets/images/resized/0016/2902/162902v2-max-450x450.png"]],
    "attribution": null},
   {"available_sizes":
     [[[76,
        150],
       "http://api-images.crunchbase.com/assets/images/resized/0022/4070/224070v2-max-150x150.png"],
      [[127,
        250],
       "http://api-images.crunchbase.com/assets/images/resized/0022/4070/224070v2-max-250x250.png"],
      [[230,
        450],
       "http://api-images.crunchbase.com/assets/images/resized/0022/4070/224070v2-max-450x450.png"]],
    "attribution": null},
   {"available_sizes":
     [[[76,
        150],
       "http://api-images.crunchbase.com/assets/images/resized/0022/4071/224071v2-max-150x150.png"],
      [[127,
        250],
       "http://api-images.crunchbase.com/assets/images/resized/0022/4071/224071v2-max-250x250.png"],
      [[230,
        450],
       "http://api-images.crunchbase.com/assets/images/resized/0022/4071/224071v2-max-450x450.png"]],
    "attribution": null},
   {"available_sizes":
     [[[100,
        150],
       "http://api-images.crunchbase.com/assets/images/resized/0022/4072/224072v2-max-150x150.png"],
      [[166,
        250],
       "http://api-images.crunchbase.com/assets/images/resized/0022/4072/224072v2-max-250x250.png"],
      [[300,
        450],
       "http://api-images.crunchbase.com/assets/images/resized/0022/4072/224072v2-max-450x450.png"]],
    "attribution": null},
   {"available_sizes":
     [[[150,
        112],
       "http://api-images.crunchbase.com/assets/images/resized/0022/4074/224074v2-max-150x150.png"],
      [[250,
        187],
       "http://api-images.crunchbase.com/assets/images/resized/0022/4074/224074v2-max-250x250.png"],
      [[450,
        337],
       "http://api-images.crunchbase.com/assets/images/resized/0022/4074/224074v2-max-450x450.png"]],
    "attribution": null}],
 "external_links":
  [],
 "partners":
  []}
