{"name": "90octane",
 "permalink": "90octane",
 "crunchbase_url": "http://www.crunchbase.com/company/90octane",
 "homepage_url": "http://www.90octane.com",
 "blog_url": "http://blog.90octane.com",
 "blog_feed_url": "",
 "twitter_username": "90octane",
 "category_code": "advertising",
 "number_of_employees": 38,
 "founded_year": 2000,
 "founded_month": null,
 "founded_day": null,
 "deadpooled_year": null,
 "deadpooled_month": null,
 "deadpooled_day": null,
 "deadpooled_url": null,
 "tag_list": "marketing, advertising, internet-marketing, interactive-marketing, digital-marketing, online-marketing, lead-generation, lead-nurturing, search-engine-marketing, sem",
 "alias_list": null,
 "email_address": "jimgrinney@90octane.com",
 "phone_number": "720.904.8169",
 "description": "conversion-driven marketing agency",
 "created_at": "Wed Aug 10 14:14:18 UTC 2011",
 "updated_at": "Wed Aug 10 21:06:02 UTC 2011",
 "overview": "\u003Cp\u003EBased in Denver, Colorado, 90octane offers strategic digital marketing services for B2B companies, B2C brands and international nonprofits.\u003C/p\u003E\n\n\u003Cp\u003EThe conversion-driven agency pioneered tactics such as search engine marketing, online advertising and microsite design. It integrates these with more traditional channels to deliver custom, optimized programs.\u003C/p\u003E\n\n\u003Cp\u003E90octane starts with each client\u0026#8217;s business goals and turns them into success metrics that drive SEM, lead generation and lead nurturing programs.\u003C/p\u003E",
 "image":
  {"available_sizes":
    [[[150,
       44],
      "http://api-images.crunchbase.com/assets/images/resized/0014/8781/148781v2-max-150x150.jpg"],
     [[250,
       74],
      "http://api-images.crunchbase.com/assets/images/resized/0014/8781/148781v2-max-250x250.jpg"],
     [[450,
       134],
      "http://api-images.crunchbase.com/assets/images/resized/0014/8781/148781v2-max-450x450.jpg"]],
   "attribution": null},
 "products":
  [],
 "relationships":
  [{"is_past": false,
    "title": "Partner",
    "person":
     {"first_name": "Sam",
      "last_name": "Eidson",
      "permalink": "sam-eidson"}},
   {"is_past": false,
    "title": "Partner",
    "person":
     {"first_name": "Jim",
      "last_name": "Grinney",
      "permalink": "jim-grinney"}}],
 "competitions":
  [],
 "providerships":
  [],
 "total_money_raised": "$0",
 "funding_rounds":
  [],
 "investments":
  [],
 "acquisition": null,
 "acquisitions":
  [],
 "offices":
  [{"description": "",
    "address1": "518 17th Street",
    "address2": "Suite 1400",
    "zip_code": "80202",
    "city": "Denver",
    "state_code": "CO",
    "country_code": "USA",
    "latitude": null,
    "longitude": null}],
 "milestones":
  [],
 "ipo": null,
 "video_embeds":
  [],
 "screenshots":
  [],
 "external_links":
  [],
 "partners":
  []}
