{"name": "99deals",
 "permalink": "99deals",
 "crunchbase_url": "http://www.crunchbase.com/company/99deals",
 "homepage_url": "http://99deals.com.au",
 "blog_url": "http://99deals.com.au/blog/",
 "blog_feed_url": "http://99deals.com.au/blog/feed/",
 "twitter_username": "99deals",
 "category_code": "web",
 "number_of_employees": 2,
 "founded_year": 2010,
 "founded_month": 12,
 "founded_day": null,
 "deadpooled_year": null,
 "deadpooled_month": null,
 "deadpooled_day": null,
 "deadpooled_url": null,
 "tag_list": "",
 "alias_list": null,
 "email_address": "admin@99deals.com.au",
 "phone_number": "+61403527195",
 "description": "Australian daily deals recommendations",
 "created_at": "Thu Sep 15 23:54:37 UTC 2011",
 "updated_at": "Sun Oct 09 07:48:55 UTC 2011",
 "overview": "\u003Cp\u003Ehttp://99deals.com.au is an Australian daily deals aggregator. It Aggregates and recommends the best daily deals based on users\u00e2\u20ac\u2122 locations and interests. 99deals draws its deals from more 40 active daily deal services including LivingSocial and Groupon. Map based display is one of the key features of 99deals.\u003C/p\u003E\n\n\u003Cp\u003E99deals is available across all Australian cities.\u003C/p\u003E",
 "image": null,
 "products":
  [],
 "relationships":
  [],
 "competitions":
  [],
 "providerships":
  [],
 "total_money_raised": "$0",
 "funding_rounds":
  [],
 "investments":
  [],
 "acquisition": null,
 "acquisitions":
  [],
 "offices":
  [],
 "milestones":
  [],
 "ipo": null,
 "video_embeds":
  [],
 "screenshots":
  [],
 "external_links":
  [],
 "partners":
  []}
