{"name": "99Launch.es",
 "permalink": "99launch-es",
 "crunchbase_url": "http://www.crunchbase.com/company/99launch-es",
 "homepage_url": "http://99Launch.es",
 "blog_url": "http://99launches.posterous.com/",
 "blog_feed_url": "",
 "twitter_username": "99Launches",
 "category_code": "other",
 "number_of_employees": 1,
 "founded_year": 2011,
 "founded_month": 8,
 "founded_day": 1,
 "deadpooled_year": null,
 "deadpooled_month": null,
 "deadpooled_day": null,
 "deadpooled_url": null,
 "tag_list": "media, curated-blog",
 "alias_list": null,
 "email_address": "eric@99Launch.es",
 "phone_number": "5126188482",
 "description": "Startup review meets gamification.",
 "created_at": "Sun Sep 18 07:15:19 UTC 2011",
 "updated_at": "Wed Nov 16 08:27:01 UTC 2011",
 "overview": "\u003Cp\u003E99Launch.es reviews killer startups and uses the BigDoor gaming platform to reward their users!  They connect you with the latest internet startups from around the world and provide you with a gaming tool that rewards you points just for checking in \u0026amp; social sharing your new discoveries. If you earn enough points to land a spot on the leaderboard, you will be eligible to grab one of the weekly free prizes all for visiting daily and sharing often.\u003C/p\u003E",
 "image":
  {"available_sizes":
    [[[150,
       21],
      "http://api-images.crunchbase.com/assets/images/resized/0015/4661/154661v2-max-150x150.png"],
     [[250,
       36],
      "http://api-images.crunchbase.com/assets/images/resized/0015/4661/154661v2-max-250x250.png"],
     [[418,
       61],
      "http://api-images.crunchbase.com/assets/images/resized/0015/4661/154661v2-max-450x450.png"]],
   "attribution": null},
 "products":
  [],
 "relationships":
  [],
 "competitions":
  [],
 "providerships":
  [],
 "total_money_raised": "$0",
 "funding_rounds":
  [],
 "investments":
  [],
 "acquisition": null,
 "acquisitions":
  [],
 "offices":
  [],
 "milestones":
  [],
 "ipo": null,
 "video_embeds":
  [],
 "screenshots":
  [{"available_sizes":
     [[[150,
        71],
       "http://api-images.crunchbase.com/assets/images/resized/0015/4660/154660v2-max-150x150.png"],
      [[250,
        118],
       "http://api-images.crunchbase.com/assets/images/resized/0015/4660/154660v2-max-250x250.png"],
      [[450,
        214],
       "http://api-images.crunchbase.com/assets/images/resized/0015/4660/154660v2-max-450x450.png"]],
    "attribution": null}],
 "external_links":
  [{"external_url": "http://bit.ly/nHmUmX",
    "title": "You Think You Know Startups? New Metastartup Turns Startup News Into a Game"}],
 "partners":
  []}
