{"name": "A\u0026T Enterprises",
 "permalink": "a-t-enterprises",
 "crunchbase_url": "http://www.crunchbase.com/company/a-t-enterprises",
 "homepage_url": "http://atenterprises.com",
 "blog_url": "",
 "blog_feed_url": "",
 "twitter_username": null,
 "category_code": "advertising",
 "number_of_employees": null,
 "founded_year": 1990,
 "founded_month": null,
 "founded_day": null,
 "deadpooled_year": null,
 "deadpooled_month": null,
 "deadpooled_day": null,
 "deadpooled_url": null,
 "tag_list": null,
 "alias_list": "",
 "email_address": "fredmacneil@yahoo.com",
 "phone_number": "951-264-3830",
 "description": "",
 "created_at": "Fri Dec 09 02:47:57 UTC 2011",
 "updated_at": "Fri Jun 14 07:16:08 UTC 2013",
 "overview": "\u003Cp\u003EWe started our business in 1990 making cases for sports memorabilia in Corona, Ca. Since then is has grown into manufacturing displays for all types of collectible with the same goals in mind. CUSTOMER SERVICE CUSTOMER SATISFACTION and QUALITY PRODUCTS.\u003C/p\u003E",
 "image":
  {"available_sizes":
    [[[150,
       22],
      "http://api-images.crunchbase.com/assets/images/resized/0027/5156/275156v1-max-150x150.png"],
     [[250,
       37],
      "http://api-images.crunchbase.com/assets/images/resized/0027/5156/275156v1-max-250x250.png"],
     [[330,
       49],
      "http://api-images.crunchbase.com/assets/images/resized/0027/5156/275156v1-max-450x450.png"]],
   "attribution": null},
 "products":
  [],
 "relationships":
  [{"is_past": false,
    "title": "Non-Executive Director",
    "person":
     {"first_name": "Robert",
      "last_name": "Pasco",
      "permalink": "robert-pasco"}}],
 "competitions":
  [],
 "providerships":
  [],
 "total_money_raised": "$0",
 "funding_rounds":
  [],
 "investments":
  [],
 "acquisition": null,
 "acquisitions":
  [],
 "offices":
  [],
 "milestones":
  [],
 "ipo": null,
 "video_embeds":
  [],
 "screenshots":
  [{"available_sizes":
     [[[150,
        150],
       "http://api-images.crunchbase.com/assets/images/resized/0027/5157/275157v1-max-150x150.png"],
      [[250,
        250],
       "http://api-images.crunchbase.com/assets/images/resized/0027/5157/275157v1-max-250x250.png"],
      [[450,
        450],
       "http://api-images.crunchbase.com/assets/images/resized/0027/5157/275157v1-max-450x450.png"]],
    "attribution": null}],
 "external_links":
  [],
 "partners":
  []}
