{"name": "A Thinking Ape",
 "permalink": "a-thinking-ape",
 "crunchbase_url": "http://www.crunchbase.com/company/a-thinking-ape",
 "homepage_url": "http://athinkingape.com",
 "blog_url": "",
 "blog_feed_url": "",
 "twitter_username": "athinkingape",
 "category_code": "software",
 "number_of_employees": null,
 "founded_year": 2008,
 "founded_month": null,
 "founded_day": null,
 "deadpooled_year": null,
 "deadpooled_month": null,
 "deadpooled_day": null,
 "deadpooled_url": null,
 "tag_list": null,
 "alias_list": "",
 "email_address": "jobs@athinkingape.com",
 "phone_number": "",
 "description": "",
 "created_at": "Sat Jan 28 08:59:54 UTC 2012",
 "updated_at": "Mon Mar 31 11:22:52 UTC 2014",
 "overview": "\u003Cp\u003EA Thinking Ape is a visionary tech company committed to engineering highly addictive social experiences. ATA was founded in 2008 by three ex-Amazon.com engineers and original Facebook platform pioneers committed to building a studio with a true hacker culture. As one of the top sellers in Apple\u2019s App Store, ATA\u2019s small yet driven team has built some of the strongest mobile game communities in the world.\u003C/p\u003E\n\n\u003Cp\u003EWe are looking for extremely smart and talented software engineers to join our team in Vancouver, BC. We\u0026#8217;re looking for technical generalists: scientists at heart, engineers at work. For more information, visit our jobs page: http://www.athinkingape.com/jobs/\u003C/p\u003E",
 "image":
  {"available_sizes":
    [[[150,
       33],
      "http://api-images.crunchbase.com/assets/images/resized/0027/5047/275047v1-max-150x150.png"],
     [[250,
       55],
      "http://api-images.crunchbase.com/assets/images/resized/0027/5047/275047v1-max-250x250.png"],
     [[395,
       87],
      "http://api-images.crunchbase.com/assets/images/resized/0027/5047/275047v1-max-450x450.png"]],
   "attribution": null},
 "products":
  [],
 "relationships":
  [{"is_past": false,
    "title": "Co-Founder",
    "person":
     {"first_name": "Eric",
      "last_name": "Diep",
      "permalink": "eric-diep"}}],
 "competitions":
  [],
 "providerships":
  [],
 "total_money_raised": "$0",
 "funding_rounds":
  [],
 "investments":
  [],
 "acquisition": null,
 "acquisitions":
  [],
 "offices":
  [{"description": "",
    "address1": "",
    "address2": "BC",
    "zip_code": "",
    "city": "Vancouver",
    "state_code": null,
    "country_code": "CAN",
    "latitude": null,
    "longitude": null}],
 "milestones":
  [{"id": 44475,
    "description": "Canadian Gaming Startups Raise $180K for Typhoon Haiyan Relief",
    "stoned_year": 2013,
    "stoned_month": 12,
    "stoned_day": 18,
    "source_url": "http://www.techvibes.com/blog/canadian-gaming-startups-raise-180k-for-typhoon-haiyan-relief-2013-12-18",
    "source_text": "",
    "source_description": "Canadian Gaming Startups Raise $180K for Typhoon Haiyan Relief",
    "stoneable_type": "Company",
    "stoned_value": null,
    "stoned_value_type": null,
    "stoned_acquirer": null,
    "stoneable":
     {"name": "A Thinking Ape",
      "permalink": "a-thinking-ape"}}],
 "ipo": null,
 "video_embeds":
  [],
 "screenshots":
  [{"available_sizes":
     [[[150,
        79],
       "http://api-images.crunchbase.com/assets/images/resized/0027/5048/275048v1-max-150x150.png"],
      [[250,
        132],
       "http://api-images.crunchbase.com/assets/images/resized/0027/5048/275048v1-max-250x250.png"],
      [[450,
        237],
       "http://api-images.crunchbase.com/assets/images/resized/0027/5048/275048v1-max-450x450.png"]],
    "attribution": null}],
 "external_links":
  [],
 "partners":
  []}
