{"name": "A2A Optima",
 "permalink": "a2a-optima",
 "crunchbase_url": "http://www.crunchbase.com/company/a2a-optima",
 "homepage_url": "http://www.a2aoptima.com",
 "blog_url": "http://a2aoptima.com/blog",
 "blog_feed_url": "",
 "twitter_username": "A2AOptima",
 "category_code": "software",
 "number_of_employees": 15,
 "founded_year": 2009,
 "founded_month": 1,
 "founded_day": 1,
 "deadpooled_year": null,
 "deadpooled_month": null,
 "deadpooled_day": null,
 "deadpooled_url": null,
 "tag_list": "search-engine-optimization, seo, pay-per-click-advertising, ppc, social-media-marketing, smm, online-marketing",
 "alias_list": "",
 "email_address": "contact@a2aoptima.com",
 "phone_number": "",
 "description": "No Rank = No Pay | Rank Based SEO",
 "created_at": "Mon Dec 26 14:27:00 UTC 2011",
 "updated_at": "Wed Apr 10 16:43:13 UTC 2013",
 "overview": "\u003Cp\u003EOur Mission - Provide effective and affordable Rank-based SEO Service to businesses of any vertical.\u003C/p\u003E\n\n\u003Cp\u003EOur Motto - No Rank = No Pay*\nWe follow this simple motto while delivering service to customers. Our clients should pay us only after we deliver results (*No Terms and Conditions)\u003C/p\u003E\n\n\u003Cp\u003EOur Company\u003C/p\u003E\n\n\u003Cp\u003EWe are a privately held company based out of India. Our team comprises of a bunch of Online Marketing professional with a passion to deliver consistent results and immense customer satisfaction.\u003C/p\u003E\n\n\u003Cp\u003ESpecialising in Search and Conversion strategies, we boost clients\u2019 website visibility to attract relevant visitors. Upon getting the traffic, we then convert these visitors to customers by delivering a compelling onsite experience, thus creating a holistic online marketing strategy from start to finish.\u003C/p\u003E",
 "image":
  {"available_sizes":
    [[[150,
       36],
      "http://api-images.crunchbase.com/assets/images/resized/0016/7865/167865v2-max-150x150.png"],
     [[250,
       60],
      "http://api-images.crunchbase.com/assets/images/resized/0016/7865/167865v2-max-250x250.png"],
     [[346,
       84],
      "http://api-images.crunchbase.com/assets/images/resized/0016/7865/167865v2-max-450x450.png"]],
   "attribution": null},
 "products":
  [],
 "relationships":
  [],
 "competitions":
  [],
 "providerships":
  [],
 "total_money_raised": "$0",
 "funding_rounds":
  [],
 "investments":
  [],
 "acquisition": null,
 "acquisitions":
  [],
 "offices":
  [{"description": "Head Office",
    "address1": "133/2, BTM Layout",
    "address2": "",
    "zip_code": "560068",
    "city": "Bangalore",
    "state_code": null,
    "country_code": "IND",
    "latitude": null,
    "longitude": null}],
 "milestones":
  [],
 "ipo": null,
 "video_embeds":
  [],
 "screenshots":
  [],
 "external_links":
  [],
 "partners":
  []}
