{"name": "A2Zapps.com",
 "permalink": "a2zapps-com",
 "crunchbase_url": "http://www.crunchbase.com/company/a2zapps-com",
 "homepage_url": "http://www.A2Zapps.com",
 "blog_url": "http://blogs.a2zapps.com/",
 "blog_feed_url": "",
 "twitter_username": "A2Zapps",
 "category_code": "software",
 "number_of_employees": null,
 "founded_year": 2007,
 "founded_month": 2,
 "founded_day": 26,
 "deadpooled_year": null,
 "deadpooled_month": null,
 "deadpooled_day": null,
 "deadpooled_url": null,
 "tag_list": "cloud-computing, cloud-based, software, web-based, online, saas, paas, crm, erp, project",
 "alias_list": null,
 "email_address": "sales@A2Zapps.com",
 "phone_number": "16503299900",
 "description": "",
 "created_at": "Fri Nov 11 11:37:14 UTC 2011",
 "updated_at": "Thu Aug 23 17:38:52 UTC 2012",
 "overview": "\u003Cp\u003EBusiness and growth is for all and\nwe make efforts to ensure\njust that!\u003C/p\u003E\n\n\u003Cp\u003EA2Zapps.com is the enterprise Cloud computing company that is revolutionizing the way companies use business software and enables its employees to collaborate and communicate with each other. A2Zapps.com offers the fastest path to business success through its state-of-the-art Cloud-based Work Platform which requires no installation of server or software and customers can get up and running instantly at an affordable monthly subscription fee. All apps are integrated, social and mobile in nature. \u003C/p\u003E\n\n\u003Cp\u003EA successful business is for all therefore we make sure that the cutting edge technology reaches every corner and enables all businesses, primarily micro, small and medium enterprises, achieve the desired success and growth. With an aim to reduce IT hassles that restrict micro and emerging enterprises from growing we have put into action SaaS (wherein Software is provided as a Service) and PaaS ( wherein custom-made applications are deployed to a Cloud). \u003C/p\u003E\n\n\u003Cp\u003EThe company\u00e2\u20ac\u2122s platform and services are primarily divided in three parts:\u003C/p\u003E\n\n\u003Cp\u003EWork Desktop\u003C/p\u003E\n\n\u003Cp\u003EIt is world\u00e2\u20ac\u2122s first-ever Windows-like Online Work Desktop for business employees and individuals to revamp the entire work culture by making it smarter, quicker, more efficient and economically viable. \nA2Z File Manager, a central place to manage, share \u0026amp; collaborate on documents\nA2Z Chitchat, a private social network for your enterprise\nA2Z Communicator, for scheduling and sending emails, SMSes\nA2Z Activity, for scheduling tasks, meetings\u003C/p\u003E\n\n\u003Cp\u003EApart from the basic apps, the Online Desktop enables the user to easily add any number of business/department specific work apps to the Desktop at an affordable monthly subscription fee. \u003C/p\u003E\n\n\u003Cp\u003EWork App Store\u003C/p\u003E\n\n\u003Cp\u003EA2Z Work App Store is a marketplace with ready-made business (Customer Relationship Management, Human Resources, Finance \u0026amp; administration etc.), productivity and social apps. We put forward business software as utility services to introduce to the World, a cost effective and rapidly growing business mantra that primarily revolves around emerging businesses \u003C/p\u003E\n\n\u003Cp\u003EWork App Builder\u003C/p\u003E\n\n\u003Cp\u003EA2Zapps allows companies and individuals to custom build their own apps in the Cloud using the innovative Developer toolkit available in the desktop itself; and no technical knowledge is required to build these apps. The application design, development and testing are done over the Internet, with strictly no hardware or Software installation. Even the ongoing maintenance falls on the vendor\u00e2\u20ac\u2122s account and the customer stays out of it \u003C/p\u003E\n\n\u003Cp\u003EThis cost-effective Cloud Platform is sure to bring long term benefits to various industries including: Education, Health Care, Non-Profit Organizations, Real Estate, Small Manufacturing Companies, and Professionals such as Chartered Accountants and Travel Agents. \u003C/p\u003E\n\n\u003Cp\u003EBuilt upon redundant hardware components A2Zapps.com\u00e2\u20ac\u2122s truly On-Demand Work Platform is hosted in Tier 3+ data center for a superior degree of fault tolerance and availability. We call it truly On-Demand because it can be accessed securely from any Internet-enabled device including PC, Laptop, Nettop, Tablet PC, Smart phones, etc. from anywhere across the world. No IT resources are needed to manage the platform and it can easily support any level of customization that an organization might need. Its intuitive and easy-to-navigate interfaces drive higher adoption of the system among users.\u003C/p\u003E",
 "image":
  {"available_sizes":
    [[[150,
       54],
      "http://api-images.crunchbase.com/assets/images/resized/0016/1905/161905v6-max-150x150.png"],
     [[205,
       75],
      "http://api-images.crunchbase.com/assets/images/resized/0016/1905/161905v6-max-250x250.png"],
     [[205,
       75],
      "http://api-images.crunchbase.com/assets/images/resized/0016/1905/161905v6-max-450x450.png"]],
   "attribution": null},
 "products":
  [],
 "relationships":
  [{"is_past": false,
    "title": "CEO, Chairman \u0026 Founder",
    "person":
     {"first_name": "Kantanu",
      "last_name": "Kundu",
      "permalink": "kantanu-kundu"}}],
 "competitions":
  [{"competitor":
     {"name": "Zoho",
      "permalink": "zoho"}},
   {"competitor":
     {"name": "Microsoft",
      "permalink": "microsoft"}},
   {"competitor":
     {"name": "Intuit",
      "permalink": "intuit"}}],
 "providerships":
  [],
 "total_money_raised": "$0",
 "funding_rounds":
  [],
 "investments":
  [],
 "acquisition": null,
 "acquisitions":
  [],
 "offices":
  [{"description": "",
    "address1": "",
    "address2": "",
    "zip_code": "",
    "city": "New Delhi",
    "state_code": null,
    "country_code": "IND",
    "latitude": null,
    "longitude": null}],
 "milestones":
  [],
 "ipo": null,
 "video_embeds":
  [],
 "screenshots":
  [{"available_sizes":
     [[[150,
        118],
       "http://api-images.crunchbase.com/assets/images/resized/0016/1904/161904v2-max-150x150.jpg"],
      [[250,
        197],
       "http://api-images.crunchbase.com/assets/images/resized/0016/1904/161904v2-max-250x250.jpg"],
      [[450,
        355],
       "http://api-images.crunchbase.com/assets/images/resized/0016/1904/161904v2-max-450x450.jpg"]],
    "attribution": null}],
 "external_links":
  [{"external_url": "http://facebook.a2zapps.com/",
    "title": "Facebook"},
   {"external_url": "http://www.a2zapps.com/corporate/media/a2z/common/icons_32_gray/a2z_twitter_32.png",
    "title": "Twitter"},
   {"external_url": "http://linkedin.a2zapps.com/",
    "title": "Linkedin"}],
 "partners":
  []}
