{"name": "AamigoO.com",
 "permalink": "aamigoo-com",
 "crunchbase_url": "http://www.crunchbase.com/company/aamigoo-com",
 "homepage_url": "http://aamigoo.com",
 "blog_url": "",
 "blog_feed_url": "",
 "twitter_username": "AamigoO",
 "category_code": null,
 "number_of_employees": null,
 "founded_year": null,
 "founded_month": null,
 "founded_day": null,
 "deadpooled_year": null,
 "deadpooled_month": null,
 "deadpooled_day": null,
 "deadpooled_url": null,
 "tag_list": null,
 "alias_list": "",
 "email_address": "",
 "phone_number": "",
 "description": "",
 "created_at": "Wed Nov 02 19:31:54 UTC 2011",
 "updated_at": "Fri Dec 23 05:13:45 UTC 2011",
 "overview": null,
 "image":
  {"available_sizes":
    [[[150,
       149],
      "http://api-images.crunchbase.com/assets/images/resized/0016/7485/167485v1-max-150x150.jpg"],
     [[199,
       198],
      "http://api-images.crunchbase.com/assets/images/resized/0016/7485/167485v1-max-250x250.jpg"],
     [[199,
       198],
      "http://api-images.crunchbase.com/assets/images/resized/0016/7485/167485v1-max-450x450.jpg"]],
   "attribution": null},
 "products":
  [],
 "relationships":
  [{"is_past": true,
    "title": "CCO",
    "person":
     {"first_name": "Dennis",
      "last_name": "Albinus",
      "permalink": "dennis-albinus"}}],
 "competitions":
  [],
 "providerships":
  [],
 "total_money_raised": "$0",
 "funding_rounds":
  [],
 "investments":
  [{"funding_round":
     {"round_code": "seed",
      "source_url": "",
      "source_description": "",
      "raised_amount": 100000.0,
      "raised_currency_code": "EUR",
      "funded_year": 2010,
      "funded_month": 1,
      "funded_day": 14,
      "company":
       {"name": "Peerz",
        "permalink": "peerz"}}}],
 "acquisition": null,
 "acquisitions":
  [],
 "offices":
  [],
 "milestones":
  [],
 "ipo": null,
 "video_embeds":
  [],
 "screenshots":
  [],
 "external_links":
  [],
 "partners":
  []}
