{"name": "AB Globaltech",
 "permalink": "ab-globaltech",
 "crunchbase_url": "http://www.crunchbase.com/company/ab-globaltech",
 "homepage_url": "http://www.ab-globaltech.com",
 "blog_url": "",
 "blog_feed_url": "",
 "twitter_username": null,
 "category_code": "software",
 "number_of_employees": 20,
 "founded_year": 2010,
 "founded_month": 6,
 "founded_day": 13,
 "deadpooled_year": null,
 "deadpooled_month": null,
 "deadpooled_day": null,
 "deadpooled_url": null,
 "tag_list": "php, magento, joomla, wordpress, mysql, html5, virtuemart, open-source-technologies, web-development, mobile-application-development",
 "alias_list": null,
 "email_address": "amit.bhatia@ab-globaltech.com",
 "phone_number": "8141820198",
 "description": "Web Development, Open source",
 "created_at": "Sat Oct 08 14:15:10 UTC 2011",
 "updated_at": "Sun Apr 07 05:33:02 UTC 2013",
 "overview": "\u003Cp\u003EAB Globaltech,a web development company is headquartered in Ahmedabad - INDIA. We provide customized web based solutions, web application development, online shopping stores, Software development, and Mobile app development services. Our main USP lies in our talent that we understand our client\u0026#8217;s requirements very well and deliver solutions according to clients need. We help organizations and individuals with solutions that are profitable to them in their business by seamlessly adopting Open Source Technologies.\u003C/p\u003E\n\n\u003Cp\u003EOur Technology Expertise:\nPHP, Magento, Joomla, WordPress, MySQL, HTML5, Virtuemart, Open Source Technologies.\nWe expertise in understanding clients need and provide appropriate cost cutting effective solution to the clients. \u003C/p\u003E\n\n\u003Cp\u003EServices we offer :\n\u00ef\u201a\u00b7 Website Design using HTML/CSS, photoshop, flash\n\u00ef\u201a\u00b7 Web Development using PHP, ASP .NET, JAVA, HTML 5\n\u00ef\u201a\u00b7 Open Source CMS Development using Joomla, WordPress, Drupal\n\u00ef\u201a\u00b7 Web Design using photoshop, flash, fireworks, illustrator\n\u00ef\u201a\u00b7 E-Commerce Development using Magento, OsCommerce, Zencart, Virtuemart, Ubercart\n\u00ef\u201a\u00b7 Online Shopping carts\n\u00ef\u201a\u00b7 Search Engine Marketing, search Engine Optimization\n\u00ef\u201a\u00b7 Web Marketing\n\u00ef\u201a\u00b7 Mobile Application Development for Iphone, Android, Blackberry\n\u00ef\u201a\u00b7 Custom Application Development using PHP, JAVA, ASP.NET etc..\n\u00ef\u201a\u00b7 Open Source CRM tools, ERP,etc.\n\u00ef\u201a\u00b7 Individual client based Solutions\u003C/p\u003E",
 "image":
  {"available_sizes":
    [[[150,
       150],
      "http://api-images.crunchbase.com/assets/images/resized/0024/9204/249204v1-max-150x150.jpg"],
     [[160,
       160],
      "http://api-images.crunchbase.com/assets/images/resized/0024/9204/249204v1-max-250x250.jpg"],
     [[160,
       160],
      "http://api-images.crunchbase.com/assets/images/resized/0024/9204/249204v1-max-450x450.jpg"]],
   "attribution": null},
 "products":
  [],
 "relationships":
  [],
 "competitions":
  [],
 "providerships":
  [],
 "total_money_raised": "$0",
 "funding_rounds":
  [],
 "investments":
  [],
 "acquisition": null,
 "acquisitions":
  [],
 "offices":
  [{"description": "Ahmedabad",
    "address1": "",
    "address2": "",
    "zip_code": "",
    "city": "",
    "state_code": null,
    "country_code": "IND",
    "latitude": null,
    "longitude": null}],
 "milestones":
  [],
 "ipo": null,
 "video_embeds":
  [],
 "screenshots":
  [],
 "external_links":
  [],
 "partners":
  []}
