{"name": "abi Innovation Hub",
 "permalink": "abi-innovation-hub",
 "crunchbase_url": "http://www.crunchbase.com/company/abi-innovation-hub",
 "homepage_url": "http://abihub.org",
 "blog_url": "",
 "blog_feed_url": "",
 "twitter_username": "abihub",
 "category_code": "other",
 "number_of_employees": 3,
 "founded_year": 1997,
 "founded_month": null,
 "founded_day": null,
 "deadpooled_year": null,
 "deadpooled_month": null,
 "deadpooled_day": null,
 "deadpooled_url": null,
 "tag_list": "innovation, ideas, impact, incubation, technology, startups",
 "alias_list": null,
 "email_address": "hello@abihub.org",
 "phone_number": "+1-603-629-9511",
 "description": "Ideas, Innovation, Impact",
 "created_at": "Mon Jan 02 22:14:18 UTC 2012",
 "updated_at": "Mon Feb 24 21:59:22 UTC 2014",
 "overview": "\u003Cp\u003EThe abi Innovation Hub is a non-profit 501(c)(3) organization that aims to attract, mentor and foster growth and success of technology start-ups and innovative companies. Providing affordable office space and shared administrative and technological services and resources, creating a supportive entrepreneurial environment that stimulates the growth of businesses, ensures economic vitality for the community and encourages job creation. \u003C/p\u003E",
 "image":
  {"available_sizes":
    [[[150,
       77],
      "http://api-images.crunchbase.com/assets/images/resized/0016/8504/168504v2-max-150x150.png"],
     [[250,
       129],
      "http://api-images.crunchbase.com/assets/images/resized/0016/8504/168504v2-max-250x250.png"],
     [[268,
       139],
      "http://api-images.crunchbase.com/assets/images/resized/0016/8504/168504v2-max-450x450.png"]],
   "attribution": null},
 "products":
  [],
 "relationships":
  [{"is_past": true,
    "title": "VP, Strategic Initiatives",
    "person":
     {"first_name": "Jamie",
      "last_name": "Coughlin",
      "permalink": "jamie-coughlin"}}],
 "competitions":
  [],
 "providerships":
  [],
 "total_money_raised": "$0",
 "funding_rounds":
  [],
 "investments":
  [],
 "acquisition": null,
 "acquisitions":
  [],
 "offices":
  [{"description": "",
    "address1": "53A Green St.",
    "address2": "",
    "zip_code": "03801",
    "city": "Portsmouth",
    "state_code": "NH",
    "country_code": "USA",
    "latitude": null,
    "longitude": null},
   {"description": "",
    "address1": "9 Madbury Road",
    "address2": "Fourth Floor",
    "zip_code": "03824",
    "city": "Durham",
    "state_code": "NH",
    "country_code": "USA",
    "latitude": null,
    "longitude": null},
   {"description": "",
    "address1": "844 Elm St.",
    "address2": "",
    "zip_code": "03101",
    "city": "Manchester",
    "state_code": "NH",
    "country_code": "USA",
    "latitude": null,
    "longitude": null}],
 "milestones":
  [],
 "ipo": null,
 "video_embeds":
  [],
 "screenshots":
  [],
 "external_links":
  [],
 "partners":
  []}
