{"name": "AboutYourStartup",
 "permalink": "aboutyourstartup",
 "crunchbase_url": "http://www.crunchbase.com/company/aboutyourstartup",
 "homepage_url": "http://aboutyourstartup.com",
 "blog_url": "",
 "blog_feed_url": "",
 "twitter_username": "AYStartup",
 "category_code": "web",
 "number_of_employees": 2,
 "founded_year": 2011,
 "founded_month": 8,
 "founded_day": null,
 "deadpooled_year": null,
 "deadpooled_month": null,
 "deadpooled_day": null,
 "deadpooled_url": null,
 "tag_list": "startups, startup, entrepreneurs, entrepreneur",
 "alias_list": null,
 "email_address": "tommy@aboutyourstartup.com",
 "phone_number": "+39 340 15 11 318",
 "description": "Showcase your startup ",
 "created_at": "Tue Dec 27 18:05:52 UTC 2011",
 "updated_at": "Fri Mar 28 02:44:58 UTC 2014",
 "overview": "\u003Cp\u003EAboutYourStartup.com is a unique platform where startuppers share and showcase their startup to potential investors, customers, partners or just followers.\u003C/p\u003E\n\n\u003Cp\u003EEntrepreneurs can create a profile for their startup on AboutYourStartup.com through the Submit Your Startup form.\u003C/p\u003E\n\n\u003Cp\u003EMoreover, we encourage startuppers to take advantage of the huge potential of cooperation and synergies amongst startups featured on the site.\u003C/p\u003E",
 "image":
  {"available_sizes":
    [[[150,
       97],
      "http://api-images.crunchbase.com/assets/images/resized/0016/7795/167795v4-max-150x150.png"],
     [[223,
       145],
      "http://api-images.crunchbase.com/assets/images/resized/0016/7795/167795v4-max-250x250.png"],
     [[223,
       145],
      "http://api-images.crunchbase.com/assets/images/resized/0016/7795/167795v4-max-450x450.png"]],
   "attribution": null},
 "products":
  [],
 "relationships":
  [{"is_past": false,
    "title": "CEO \u0026 Founder",
    "person":
     {"first_name": "Tommy",
      "last_name": "Grossi",
      "permalink": "tommy-grossi"}}],
 "competitions":
  [{"competitor":
     {"name": "KillerStartups",
      "permalink": "killerstartups"}},
   {"competitor":
     {"name": "Rate My Startup",
      "permalink": "rate-my-startup"}}],
 "providerships":
  [],
 "total_money_raised": "$0",
 "funding_rounds":
  [],
 "investments":
  [],
 "acquisition": null,
 "acquisitions":
  [],
 "offices":
  [],
 "milestones":
  [],
 "ipo": null,
 "video_embeds":
  [],
 "screenshots":
  [{"available_sizes":
     [[[150,
        77],
       "http://api-images.crunchbase.com/assets/images/resized/0016/7826/167826v2-max-150x150.jpg"],
      [[250,
        128],
       "http://api-images.crunchbase.com/assets/images/resized/0016/7826/167826v2-max-250x250.jpg"],
      [[450,
        232],
       "http://api-images.crunchbase.com/assets/images/resized/0016/7826/167826v2-max-450x450.jpg"]],
    "attribution": null},
   {"available_sizes":
     [[[150,
        125],
       "http://api-images.crunchbase.com/assets/images/resized/0016/7827/167827v2-max-150x150.jpg"],
      [[250,
        209],
       "http://api-images.crunchbase.com/assets/images/resized/0016/7827/167827v2-max-250x250.jpg"],
      [[450,
        376],
       "http://api-images.crunchbase.com/assets/images/resized/0016/7827/167827v2-max-450x450.jpg"]],
    "attribution": null},
   {"available_sizes":
     [[[150,
        107],
       "http://api-images.crunchbase.com/assets/images/resized/0016/7828/167828v2-max-150x150.jpg"],
      [[250,
        178],
       "http://api-images.crunchbase.com/assets/images/resized/0016/7828/167828v2-max-250x250.jpg"],
      [[252,
        180],
       "http://api-images.crunchbase.com/assets/images/resized/0016/7828/167828v2-max-450x450.jpg"]],
    "attribution": null}],
 "external_links":
  [],
 "partners":
  []}
