{"name": "ABR Petro Products Ltd.",
 "permalink": "abr-petro-products-ltd",
 "crunchbase_url": "http://www.crunchbase.com/company/abr-petro-products-ltd",
 "homepage_url": "http://www.abrpetro.com",
 "blog_url": "",
 "blog_feed_url": "",
 "twitter_username": null,
 "category_code": "other",
 "number_of_employees": 50,
 "founded_year": 1993,
 "founded_month": 3,
 "founded_day": null,
 "deadpooled_year": null,
 "deadpooled_month": null,
 "deadpooled_day": null,
 "deadpooled_url": null,
 "tag_list": "",
 "alias_list": null,
 "email_address": "info@abrpetro.com",
 "phone_number": "",
 "description": "",
 "created_at": "Wed Aug 17 21:24:31 UTC 2011",
 "updated_at": "Wed Dec 12 07:02:18 UTC 2012",
 "overview": null,
 "image": null,
 "products":
  [],
 "relationships":
  [{"is_past": false,
    "title": "Director",
    "person":
     {"first_name": "Siddharth",
      "last_name": "Jaiswal",
      "permalink": "siddharth-jaiswal"}}],
 "competitions":
  [],
 "providerships":
  [],
 "total_money_raised": "$0",
 "funding_rounds":
  [],
 "investments":
  [],
 "acquisition": null,
 "acquisitions":
  [],
 "offices":
  [{"description": "Head Office",
    "address1": "81, Ashu Bose Lane,",
    "address2": "Belilious Road,",
    "zip_code": "711101",
    "city": "Howrah",
    "state_code": null,
    "country_code": "IND",
    "latitude": 22.5942804,
    "longitude": 88.3311194}],
 "milestones":
  [],
 "ipo": null,
 "video_embeds":
  [],
 "screenshots":
  [],
 "external_links":
  [],
 "partners":
  []}
