{"name": "Absorb",
 "permalink": "absorb",
 "crunchbase_url": "http://www.crunchbase.com/company/absorb",
 "homepage_url": "http://www.absorb.com",
 "blog_url": "http://www.absorb.com/content.php",
 "blog_feed_url": "",
 "twitter_username": null,
 "category_code": "security",
 "number_of_employees": null,
 "founded_year": 1995,
 "founded_month": null,
 "founded_day": null,
 "deadpooled_year": null,
 "deadpooled_month": null,
 "deadpooled_day": null,
 "deadpooled_url": null,
 "tag_list": "remote-data-backup, online-data-backup, business-continuity-systems, offsite-data-storage",
 "alias_list": null,
 "email_address": "info@absorb.com",
 "phone_number": "504-212-3000",
 "description": "Remote Data Backup Company",
 "created_at": "Tue Jan 03 18:16:26 UTC 2012",
 "updated_at": "Wed Jan 04 06:48:20 UTC 2012",
 "overview": "\u003Cp\u003EAbsorb provides remote data backup, online data backup, offsite storage and business continuity systems to business.\u003C/p\u003E\n\n\u003Cp\u003EThere is a strong emphasis on disaster preparedness and a focus on using remote data backup products to increase survivability of disasters like Hurricane Katrina and eliminate data loss.\u003C/p\u003E",
 "image":
  {"available_sizes":
    [[[150,
       150],
      "http://api-images.crunchbase.com/assets/images/resized/0016/8623/168623v2-max-150x150.jpg"],
     [[189,
       189],
      "http://api-images.crunchbase.com/assets/images/resized/0016/8623/168623v2-max-250x250.jpg"],
     [[189,
       189],
      "http://api-images.crunchbase.com/assets/images/resized/0016/8623/168623v2-max-450x450.jpg"]],
   "attribution": null},
 "products":
  [],
 "relationships":
  [],
 "competitions":
  [],
 "providerships":
  [],
 "total_money_raised": "$0",
 "funding_rounds":
  [],
 "investments":
  [],
 "acquisition": null,
 "acquisitions":
  [],
 "offices":
  [],
 "milestones":
  [],
 "ipo": null,
 "video_embeds":
  [],
 "screenshots":
  [],
 "external_links":
  [],
 "partners":
  []}
