{"name": "AC Lion",
 "permalink": "ac-lion",
 "crunchbase_url": "http://www.crunchbase.com/company/ac-lion",
 "homepage_url": "http://www.aclion.com",
 "blog_url": "http://aclion.com/blog",
 "blog_feed_url": "",
 "twitter_username": "aclion",
 "category_code": "other",
 "number_of_employees": 45,
 "founded_year": 1996,
 "founded_month": 1,
 "founded_day": 5,
 "deadpooled_year": null,
 "deadpooled_month": null,
 "deadpooled_day": null,
 "deadpooled_url": null,
 "tag_list": "recruiting, digital-media, sales, marketing, recruiter, headhunter, headhunters, start-up-recruiter, ad-sales-recruiter, marketing-recruiter, marketing-headhunter, sales-recruiter, sales-headhunter",
 "alias_list": null,
 "email_address": "info@aclion.com",
 "phone_number": "212.268.7300",
 "description": "",
 "created_at": "Thu Sep 15 20:41:20 UTC 2011",
 "updated_at": "Wed Nov 06 12:57:42 UTC 2013",
 "overview": "\u003Cp\u003EAC Lion is building sales, marketing and ad operations teams for digital media, Internet advertising, marketing solutions and other high growth companies. Known for its deep industry knowledge, AC Lion combines subject matter expertise and strong research with the art of recruiting- that interpersonal touch. A mainstay of AC Lion\u2019s success has been creating strong, long-standing relationships.\u003C/p\u003E\n\n\u003Cp\u003EAs the digital marketplace continues its explosive growth, AC Lion has been at the forefront of these changes, working with thought leaders, innovators and entrepreneurs that move markets. Whether mobile or media, ecommerce or enterprise, agencies or analytics, AC Lion has developed a strong reputation in the marketplace by helping the industry\u2019s best companies maintain their competitive edge by sourcing great talent.\u003C/p\u003E\n\n\u003Cp\u003EQUICK FACTS: \nMore than 15 years deep domain experience in digital media and tech recruiting.\nOver $100 million in compensation negotiated.\nOver 150,000 relationships with digital media professionals. 77% of our candidates come through referrals, networking and our database.\nOver 600 clients ranging from Fortune 100 companies to emerging media start-ups.  Over 95% of our clients are repeat customers.\nNationwide staffing with a focus in key media markets.\u003Cbr/\u003E\nMid to \u201dC\u201d level suite and supporting teams.\u003C/p\u003E\n\n\u003Cp\u003EHere at AC Lion, our space is your space.   Our clients include:\u003C/p\u003E\n\n\u003Cp\u003EAd Exchanges\n  Ad Networks (including Mobile and Video)\n  Ad Ops/Yield\n  Ad-Serving Clients\n  Advertising Agencies\n  Affiliate Marketing\n  Agencies Analytics\n  App Development\n  Data Exchanges/Aggregators\n  Data Providers\n  Demand Side Platforms (DSP\u0026#8217;s)\n  Digital Ad Agencies\n  E-Commerce\n  Emerging Tech\n  Local Search (Geo-Targeting)\n  Media Buying Platforms\n  Media Firms\n  Mobile Advertising\n  Mobile Platforms\n  Performance Marketing Firms\n  Publishers\n  Research/Ratings Providers\n  Rich Media\n  SaaS (Software as a Service)\n  Search Platforms\n  SEM/SEO Agencies\n  Social Analytics\n  Social Gaming\n  Social Networks/Social Tools\n  Start Ups\n  Trafficking\n  Video Advertising Networks\n  Video Content \u0026amp; Syndication/Platforms\n  Web Analytics\n  Yield Optimization\u003C/p\u003E",
 "image":
  {"available_sizes":
    [[[150,
       85],
      "http://api-images.crunchbase.com/assets/images/resized/0015/9286/159286v2-max-150x150.jpg"],
     [[216,
       123],
      "http://api-images.crunchbase.com/assets/images/resized/0015/9286/159286v2-max-250x250.jpg"],
     [[216,
       123],
      "http://api-images.crunchbase.com/assets/images/resized/0015/9286/159286v2-max-450x450.jpg"]],
   "attribution": null},
 "products":
  [],
 "relationships":
  [{"is_past": false,
    "title": "CEO",
    "person":
     {"first_name": "Alan",
      "last_name": "Cutter",
      "permalink": "alan-cutter"}},
   {"is_past": false,
    "title": "COO",
    "person":
     {"first_name": "Bonnie",
      "last_name": "Zaben",
      "permalink": "bonnie-zaben"}},
   {"is_past": false,
    "title": "VP Interactive Recruiting",
    "person":
     {"first_name": "Josh",
      "last_name": "Marmer",
      "permalink": "josh-marmer"}},
   {"is_past": false,
    "title": "Managing Partner",
    "person":
     {"first_name": "Mike",
      "last_name": "Adler",
      "permalink": "mike-adler"}},
   {"is_past": false,
    "title": "Director, West Coast",
    "person":
     {"first_name": "Dana",
      "last_name": "Lupton",
      "permalink": "dana-lupton"}},
   {"is_past": false,
    "title": "Director",
    "person":
     {"first_name": "Giles",
      "last_name": "Van Praagh",
      "permalink": "giles-van-praagh"}},
   {"is_past": false,
    "title": "Director",
    "person":
     {"first_name": "Rick",
      "last_name": "Aronstein",
      "permalink": "rick-aronstein"}}],
 "competitions":
  [],
 "providerships":
  [],
 "total_money_raised": "$0",
 "funding_rounds":
  [],
 "investments":
  [],
 "acquisition": null,
 "acquisitions":
  [],
 "offices":
  [{"description": "NY Headquarters",
    "address1": "253 West 35th Street",
    "address2": "15th Floor",
    "zip_code": "10001",
    "city": "New York",
    "state_code": "NY",
    "country_code": "USA",
    "latitude": null,
    "longitude": null},
   {"description": "Bay Area Office",
    "address1": "2140 Shattuck Ave Ste 506a",
    "address2": "",
    "zip_code": "94704",
    "city": "Berkeley",
    "state_code": "CA",
    "country_code": "USA",
    "latitude": null,
    "longitude": null}],
 "milestones":
  [{"id": 35143,
    "description": "Growing and Moving!  AC Lion expands to a space double their former size in Manhaatn",
    "stoned_year": 2013,
    "stoned_month": 6,
    "stoned_day": 1,
    "source_url": "http://commercialobserver.com/2013/05/tech-consulting-firm-relocates-follows-clients-to-midtown-south/",
    "source_text": null,
    "source_description": "Tech Consulting Firm Relocates, Follows Clients to Midtown South",
    "stoneable_type": "Company",
    "stoned_value": null,
    "stoned_value_type": null,
    "stoned_acquirer": null,
    "stoneable":
     {"name": "AC Lion",
      "permalink": "ac-lion"}},
   {"id": 35144,
    "description": "AC Lion named of one of NY's Top 10 entrepreneurial places to work",
    "stoned_year": 2012,
    "stoned_month": 7,
    "stoned_day": null,
    "source_url": "http://www.nyreport.com/great_entrepreneurial_places_to_work/articles/83194/ac_lion",
    "source_text": null,
    "source_description": "10 Great Entrepreneurial Places to Work",
    "stoneable_type": "Company",
    "stoned_value": null,
    "stoned_value_type": null,
    "stoned_acquirer": null,
    "stoneable":
     {"name": "AC Lion",
      "permalink": "ac-lion"}},
   {"id": 35145,
    "description": "Networking, AC Lion Style.  The Wall Street Journal profiles our East Coast Surfers Network.",
    "stoned_year": 2012,
    "stoned_month": 10,
    "stoned_day": 10,
    "source_url": "http://online.wsj.com/article/SB10000872396390444223104578034713717683392.html",
    "source_text": null,
    "source_description": "Web Surfers Think It's a Swell Idea to Talk Business in Wetsuits ",
    "stoneable_type": "Company",
    "stoned_value": null,
    "stoned_value_type": null,
    "stoned_acquirer": null,
    "stoneable":
     {"name": "AC Lion",
      "permalink": "ac-lion"}}],
 "ipo": null,
 "video_embeds":
  [{"embed_code": "http://www.youtube.com/watch?v=nJKk_LPCcLk",
    "description": "\u003Cp\u003EAC Lion\u0026#8217;s Top 10 Reasons Santa Needs a New Job 2012\u003C/p\u003E"},
   {"embed_code": "http://www.youtube.com/watch?v=xHYlhCQNyxc",
    "description": "\u003Cp\u003EA Day in theLife of An AC Lion Intern\u003C/p\u003E"}],
 "screenshots":
  [{"available_sizes":
     [[[150,
        51],
       "http://api-images.crunchbase.com/assets/images/resized/0035/3609/353609v2-max-150x150.png"],
      [[250,
        85],
       "http://api-images.crunchbase.com/assets/images/resized/0035/3609/353609v2-max-250x250.png"],
      [[450,
        153],
       "http://api-images.crunchbase.com/assets/images/resized/0035/3609/353609v2-max-450x450.png"]],
    "attribution": null}],
 "external_links":
  [],
 "partners":
  []}
