{"name": "Access Health Inc. (acquired by McKesson)",
 "permalink": "access-health-inc-acquired-by-mckesson",
 "crunchbase_url": "http://www.crunchbase.com/company/access-health-inc-acquired-by-mckesson",
 "homepage_url": null,
 "blog_url": null,
 "blog_feed_url": null,
 "twitter_username": null,
 "category_code": null,
 "number_of_employees": null,
 "founded_year": null,
 "founded_month": null,
 "founded_day": null,
 "deadpooled_year": null,
 "deadpooled_month": null,
 "deadpooled_day": null,
 "deadpooled_url": null,
 "tag_list": null,
 "alias_list": null,
 "email_address": null,
 "phone_number": null,
 "description": null,
 "created_at": "Fri Oct 28 16:51:57 UTC 2011",
 "updated_at": "Fri Oct 28 23:51:20 UTC 2011",
 "overview": null,
 "image": null,
 "products":
  [],
 "relationships":
  [{"is_past": true,
    "title": "SVP Development and Technology",
    "person":
     {"first_name": "John",
      "last_name": "Barr",
      "permalink": "john-barr"}},
   {"is_past": true,
    "title": "Program Manager",
    "person":
     {"first_name": "David",
      "last_name": "Cherner",
      "permalink": "david-cherner"}},
   {"is_past": true,
    "title": "Director Corporate Development, Director Budgeting \u0026 Forecasting",
    "person":
     {"first_name": "Pat",
      "last_name": "Benner",
      "permalink": "pat-benner"}},
   {"is_past": true,
    "title": "Predecessor",
    "person":
     {"first_name": "Tim",
      "last_name": "Connors",
      "permalink": "tim-connors-2"}}],
 "competitions":
  [],
 "providerships":
  [],
 "total_money_raised": "$0",
 "funding_rounds":
  [],
 "investments":
  [],
 "acquisition": null,
 "acquisitions":
  [],
 "offices":
  [],
 "milestones":
  [],
 "ipo": null,
 "video_embeds":
  [],
 "screenshots":
  [],
 "external_links":
  [],
 "partners":
  []}
