{"name": "Accelerated Media",
 "permalink": "accelerated-media",
 "crunchbase_url": "http://www.crunchbase.com/company/accelerated-media",
 "homepage_url": "http://www.aimitv.com",
 "blog_url": "",
 "blog_feed_url": "",
 "twitter_username": "AIMITV",
 "category_code": "advertising",
 "number_of_employees": 7,
 "founded_year": 2007,
 "founded_month": 11,
 "founded_day": null,
 "deadpooled_year": null,
 "deadpooled_month": null,
 "deadpooled_day": null,
 "deadpooled_url": null,
 "tag_list": "itv, interactive, television, advanced, advertising, agency, sw-development, mobile-development, connected-tv-apps",
 "alias_list": null,
 "email_address": "info@aimitv.com",
 "phone_number": "720-733-9207",
 "description": "interactive television advertising",
 "created_at": "Mon Aug 15 20:41:59 UTC 2011",
 "updated_at": "Wed Sep 11 20:57:33 UTC 2013",
 "overview": "\u003Cp\u003EAccelerated Media is a collection of experienced emerging media specialists that provide strategy, development, implementation and analytic services for advertisers and programmers across multiple distribution platforms.\u003C/p\u003E\n\n\u003Cp\u003EWe navigate and aggregate the constantly evolving interactive television landscape, enabling our clients to interact with their customers and viewers in revolutionary and accountable ways. Our expertise has delivered unprecedented television ad ROI for multiple Fortune 500 advertisers, and accounts for some of the first, and most sophisticated iTV campaigns in the country.\u003C/p\u003E",
 "image": null,
 "products":
  [],
 "relationships":
  [{"is_past": false,
    "title": "CEO",
    "person":
     {"first_name": "Lesa",
      "last_name": "Bannon",
      "permalink": "lesa-bannon"}},
   {"is_past": false,
    "title": "President \u0026 CTO",
    "person":
     {"first_name": "Doug",
      "last_name": "McGary",
      "permalink": "doug-mcgary"}},
   {"is_past": false,
    "title": "",
    "person":
     {"first_name": "Chris",
      "last_name": "M. George",
      "permalink": "chris-m-george"}},
   {"is_past": true,
    "title": "President",
    "person":
     {"first_name": "Chris",
      "last_name": "Spain",
      "permalink": "chris-spain"}}],
 "competitions":
  [],
 "providerships":
  [],
 "total_money_raised": "$0",
 "funding_rounds":
  [],
 "investments":
  [],
 "acquisition": null,
 "acquisitions":
  [],
 "offices":
  [{"description": "Headquarters",
    "address1": "858 Happy Canyon Road",
    "address2": "Suite 235",
    "zip_code": "80108",
    "city": "Castle Rock",
    "state_code": "CO",
    "country_code": "USA",
    "latitude": null,
    "longitude": null}],
 "milestones":
  [],
 "ipo": null,
 "video_embeds":
  [],
 "screenshots":
  [],
 "external_links":
  [],
 "partners":
  []}
