{"name": "Acceller",
 "permalink": "acceller",
 "crunchbase_url": "http://www.crunchbase.com/company/acceller",
 "homepage_url": "http://www.acceller.com",
 "blog_url": "http://www.acceller.com/blog/",
 "blog_feed_url": "",
 "twitter_username": "AccellerHQ",
 "category_code": "other",
 "number_of_employees": null,
 "founded_year": 1999,
 "founded_month": null,
 "founded_day": null,
 "deadpooled_year": null,
 "deadpooled_month": null,
 "deadpooled_day": null,
 "deadpooled_url": null,
 "tag_list": "",
 "alias_list": "",
 "email_address": "contact@acceller.com",
 "phone_number": "",
 "description": "",
 "created_at": "Wed Oct 12 04:46:10 UTC 2011",
 "updated_at": "Tue Dec 10 19:17:25 UTC 2013",
 "overview": "\u003Cp\u003EAcceller is a leading aggregator of Internet, television, phone, and other home services to consumers. Acceller\u0026#8217;s innovative comparison shopping platform at DigitalLanding.com, enables customers to easily shop for digital services, compare offers, and place orders directly to leading providers; including Comcast, AT\u0026amp;T, Time Warner Cable, Cox Communications, Verizon, Dish Network, and Charter Communications.\u003C/p\u003E\n\n\u003Cp\u003EAcceller\u0026#8217;s innovative ecommerce platform powers consumer portals, including the Digital Landing resource for TV, Internet and related services, an XFINITY services locator, and an AT\u0026amp;T site for the latest U-Verse offers.\u003C/p\u003E",
 "image":
  {"available_sizes":
    [[[150,
       40],
      "http://api-images.crunchbase.com/assets/images/resized/0015/7761/157761v2-max-150x150.png"],
     [[151,
       41],
      "http://api-images.crunchbase.com/assets/images/resized/0015/7761/157761v2-max-250x250.png"],
     [[151,
       41],
      "http://api-images.crunchbase.com/assets/images/resized/0015/7761/157761v2-max-450x450.png"]],
   "attribution": null},
 "products":
  [],
 "relationships":
  [{"is_past": false,
    "title": "Founder \u0026 Chairman \u0026CEO",
    "person":
     {"first_name": "Steven",
      "last_name": "A. McKean",
      "permalink": "steven-a-mckean"}},
   {"is_past": false,
    "title": "CFO",
    "person":
     {"first_name": "Joe",
      "last_name": "Suarez",
      "permalink": "joe-suarez"}},
   {"is_past": false,
    "title": "Vice President ofTalent Development",
    "person":
     {"first_name": "Trista",
      "last_name": "Borrego",
      "permalink": "trista-borrego"}},
   {"is_past": false,
    "title": "Vice President ofContact Center Sales \u0026 Operations",
    "person":
     {"first_name": "Brian",
      "last_name": "Keaney",
      "permalink": "brian-keaney"}},
   {"is_past": false,
    "title": "Senior Vice President ofSales Operations",
    "person":
     {"first_name": "Jim",
      "last_name": "Leichtenschlag",
      "permalink": "jim-leichtenschlag"}},
   {"is_past": false,
    "title": "Senior Vice President of Consumer Marketing",
    "person":
     {"first_name": "Andrew",
      "last_name": "Monahan",
      "permalink": "andrew-monahan"}},
   {"is_past": false,
    "title": "VP ofLegal Affairs",
    "person":
     {"first_name": "Suzanne",
      "last_name": "C. Ferguson",
      "permalink": "suzanne-c-ferguson"}},
   {"is_past": false,
    "title": "President",
    "person":
     {"first_name": "Dan",
      "last_name": "Leichtenschlag",
      "permalink": "dan-leichtenschlag"}},
   {"is_past": false,
    "title": "Vice President of Client Services",
    "person":
     {"first_name": "Tim",
      "last_name": "Gwin",
      "permalink": "tim-gwin"}},
   {"is_past": false,
    "title": "Vice President of Business \u0026 Technical Operations",
    "person":
     {"first_name": "Frank",
      "last_name": "Billerio",
      "permalink": "frank-billerio"}},
   {"is_past": false,
    "title": "Chief Technology Officer",
    "person":
     {"first_name": "Miguel",
      "last_name": "Parra",
      "permalink": "miguel-parra"}},
   {"is_past": false,
    "title": "Vice President ofStrategic Development",
    "person":
     {"first_name": "Benjamin",
      "last_name": "Vides",
      "permalink": "benjamin-vides"}},
   {"is_past": false,
    "title": "Vice President, Marketing \u0026 Innovation",
    "person":
     {"first_name": "Romain",
      "last_name": "Rousseau",
      "permalink": "romain-rousseau"}}],
 "competitions":
  [],
 "providerships":
  [],
 "total_money_raised": "$0",
 "funding_rounds":
  [],
 "investments":
  [],
 "acquisition": null,
 "acquisitions":
  [],
 "offices":
  [{"description": "",
    "address1": "815 NW 57th Avenue",
    "address2": "Suite 400",
    "zip_code": "33126",
    "city": "Miami",
    "state_code": "FL",
    "country_code": "USA",
    "latitude": null,
    "longitude": null}],
 "milestones":
  [],
 "ipo": null,
 "video_embeds":
  [],
 "screenshots":
  [{"available_sizes":
     [[[150,
        124],
       "http://api-images.crunchbase.com/assets/images/resized/0017/6467/176467v1-max-150x150.png"],
      [[250,
        207],
       "http://api-images.crunchbase.com/assets/images/resized/0017/6467/176467v1-max-250x250.png"],
      [[450,
        374],
       "http://api-images.crunchbase.com/assets/images/resized/0017/6467/176467v1-max-450x450.png"]],
    "attribution": null}],
 "external_links":
  [],
 "partners":
  []}
