{"name": "Access Information Management",
 "permalink": "access-information-management",
 "crunchbase_url": "http://www.crunchbase.com/company/access-information-management",
 "homepage_url": "http://informationprotected.com",
 "blog_url": "",
 "blog_feed_url": "",
 "twitter_username": "InfoProtected",
 "category_code": "enterprise",
 "number_of_employees": null,
 "founded_year": null,
 "founded_month": null,
 "founded_day": null,
 "deadpooled_year": null,
 "deadpooled_month": null,
 "deadpooled_day": null,
 "deadpooled_url": null,
 "tag_list": "",
 "alias_list": "",
 "email_address": "",
 "phone_number": "(925) 461-5352",
 "description": "",
 "created_at": "Thu Sep 08 03:17:29 UTC 2011",
 "updated_at": "Thu Oct 24 18:51:30 UTC 2013",
 "overview": "\u003Cp\u003EAccess Information Management, a Livermore, CA-based provider of records management storage and destruction services for hardcopy and electronic records.\u003C/p\u003E\n\n\u003Cp\u003EFounded in 2004 by Dennis Barnedt and led by CEO Rob Alston and President John Chendo, Access provides end-to-end RIM lifecycle services including offsite records storage, secure document shredding, climate controlled media vaulting, digital imaging and electronic records hosting.\nThe company has more than 10,000 clients across many industries including healthcare, legal, financial services and manufacturing, which uses the services to mitigate the legal risks and financial penalties associated with records management and disposition.\u003C/p\u003E",
 "image":
  {"available_sizes":
    [[[150,
       85],
      "http://api-images.crunchbase.com/assets/images/resized/0015/3170/153170v2-max-150x150.png"],
     [[210,
       120],
      "http://api-images.crunchbase.com/assets/images/resized/0015/3170/153170v2-max-250x250.png"],
     [[210,
       120],
      "http://api-images.crunchbase.com/assets/images/resized/0015/3170/153170v2-max-450x450.png"]],
   "attribution": null},
 "products":
  [],
 "relationships":
  [{"is_past": false,
    "title": "Founder \u0026 Chairman",
    "person":
     {"first_name": "Dennis",
      "last_name": "E. Barnedt III",
      "permalink": "dennis-e-barnedt-iii"}},
   {"is_past": false,
    "title": "CEO",
    "person":
     {"first_name": "Rob",
      "last_name": "Alston",
      "permalink": "rob-alston"}},
   {"is_past": false,
    "title": "CFO",
    "person":
     {"first_name": "Ben",
      "last_name": "Netick",
      "permalink": "ben-netick"}},
   {"is_past": true,
    "title": "Board Director",
    "person":
     {"first_name": "Leonard",
      "last_name": "C. Ferrington",
      "permalink": "leonard-c-ferrington"}}],
 "competitions":
  [],
 "providerships":
  [],
 "total_money_raised": "$0",
 "funding_rounds":
  [{"id": 25223,
    "round_code": "unattributed",
    "source_url": "http://www.finsmes.com/2011/09/access-information-management-receives-growth-equity-investment-summit-partners.html?utm_source=feedburner\u0026utm_medium=feed\u0026utm_campaign=Feed%3A+finsmes%2FcNHu+%28FinSMEs%29",
    "source_description": "Access Information Management Receives Growth Equity Investment from Summit Partners",
    "raised_amount": null,
    "raised_currency_code": null,
    "funded_year": 2011,
    "funded_month": 9,
    "funded_day": 7,
    "investments":
     [{"company": null,
       "financial_org":
        {"name": "Summit Partners",
         "permalink": "summit-partners"},
       "person": null}]}],
 "investments":
  [],
 "acquisition": null,
 "acquisitions":
  [],
 "offices":
  [{"description": "",
    "address1": "6902 Patterson Pass Road",
    "address2": "Suite G",
    "zip_code": "94550",
    "city": "Livermore",
    "state_code": "CA",
    "country_code": "USA",
    "latitude": null,
    "longitude": null}],
 "milestones":
  [],
 "ipo": null,
 "video_embeds":
  [],
 "screenshots":
  [],
 "external_links":
  [],
 "partners":
  []}
