{"name": "Accel-X Pte Ltd",
 "permalink": "accel-x-pte-ltd",
 "crunchbase_url": "http://www.crunchbase.com/company/accel-x-pte-ltd",
 "homepage_url": null,
 "blog_url": null,
 "blog_feed_url": null,
 "twitter_username": null,
 "category_code": null,
 "number_of_employees": null,
 "founded_year": null,
 "founded_month": null,
 "founded_day": null,
 "deadpooled_year": null,
 "deadpooled_month": null,
 "deadpooled_day": null,
 "deadpooled_url": null,
 "tag_list": null,
 "alias_list": null,
 "email_address": null,
 "phone_number": null,
 "description": null,
 "created_at": "Tue Oct 04 15:14:49 UTC 2011",
 "updated_at": "Sat Nov 19 04:33:32 UTC 2011",
 "overview": null,
 "image": null,
 "products":
  [],
 "relationships":
  [],
 "competitions":
  [],
 "providerships":
  [],
 "total_money_raised": "$0",
 "funding_rounds":
  [],
 "investments":
  [{"funding_round":
     {"round_code": "a",
      "source_url": "http://www.bt.com.bn/business-national/2010/04/07/spore-vc-fund-accel-x-picks-it-firm-infindo",
      "source_description": "S'pore VC fund Accel-X picks IT firm Infindo",
      "raised_amount": 1100000.0,
      "raised_currency_code": "USD",
      "funded_year": 2011,
      "funded_month": 4,
      "funded_day": 1,
      "company":
       {"name": "Infindo Technology Sdn Bhd",
        "permalink": "infindo-technology-sdn-bhd"}}},
   {"funding_round":
     {"round_code": "a",
      "source_url": "http://www.bt.com.bn/news-national/2011/11/05/mesixty-gets-accel-x-funding",
      "source_description": "MeSixty gets Accel-X funding",
      "raised_amount": null,
      "raised_currency_code": null,
      "funded_year": 2011,
      "funded_month": 10,
      "funded_day": 1,
      "company":
       {"name": "MeSixty",
        "permalink": "mesixty"}}},
   {"funding_round":
     {"round_code": "a",
      "source_url": "http://techcrunch.com/2013/02/18/singapore-fashion-retailer-inverted-edge-takes-1-2m-funding/",
      "source_description": "Singapore Fashion Retailer Inverted Edge Takes $1.6M Funding",
      "raised_amount": 1600000.0,
      "raised_currency_code": "USD",
      "funded_year": 2013,
      "funded_month": 2,
      "funded_day": 18,
      "company":
       {"name": "Inverted Edge",
        "permalink": "inverted-edge"}}}],
 "acquisition": null,
 "acquisitions":
  [],
 "offices":
  [],
 "milestones":
  [],
 "ipo": null,
 "video_embeds":
  [],
 "screenshots":
  [],
 "external_links":
  [],
 "partners":
  []}
