{"name": "AccountsApp",
 "permalink": "accountsapp",
 "crunchbase_url": "http://www.crunchbase.com/company/accountsapp",
 "homepage_url": "http://www.accountsapp.com",
 "blog_url": "http://blog.accountsapp.com",
 "blog_feed_url": "http://blog.accountsapp.com/rss",
 "twitter_username": "accountsapp",
 "category_code": "software",
 "number_of_employees": 2,
 "founded_year": 2010,
 "founded_month": null,
 "founded_day": null,
 "deadpooled_year": null,
 "deadpooled_month": null,
 "deadpooled_day": null,
 "deadpooled_url": null,
 "tag_list": "invoicing, accounting, time-tracking, saas, software-as-a-service, billing",
 "alias_list": null,
 "email_address": "george@accountsapp.com",
 "phone_number": "07411834114",
 "description": "Online invoicing and accounting",
 "created_at": "Mon Sep 19 17:58:59 UTC 2011",
 "updated_at": "Mon Nov 14 01:25:24 UTC 2011",
 "overview": "\u003Cp\u003EAccountsApp lets you track time and invoice customers from one easy to use piece of software. Sign up today and in a few minutes you can start your 30 day free trial. After your trial plans start at $15 per month and you can cancel at any time, no commitment.\u003C/p\u003E",
 "image":
  {"available_sizes":
    [[[150,
       21],
      "http://api-images.crunchbase.com/assets/images/resized/0015/4823/154823v2-max-150x150.png"],
     [[250,
       36],
      "http://api-images.crunchbase.com/assets/images/resized/0015/4823/154823v2-max-250x250.png"],
     [[450,
       65],
      "http://api-images.crunchbase.com/assets/images/resized/0015/4823/154823v2-max-450x450.png"]],
   "attribution": null},
 "products":
  [],
 "relationships":
  [],
 "competitions":
  [{"competitor":
     {"name": "FreshBooks",
      "permalink": "freshbooks"}},
   {"competitor":
     {"name": "Xero",
      "permalink": "xero"}},
   {"competitor":
     {"name": "KashFlow",
      "permalink": "kashflow"}},
   {"competitor":
     {"name": "invoicemachine.com",
      "permalink": "invoicemachine-com"}},
   {"competitor":
     {"name": "FreeAgent",
      "permalink": "freeagent-central"}},
   {"competitor":
     {"name": "Freckle",
      "permalink": "freckle"}}],
 "providerships":
  [{"title": "",
    "is_past": false,
    "provider":
     {"name": "Heroku",
      "permalink": "heroku"}}],
 "total_money_raised": "$0",
 "funding_rounds":
  [],
 "investments":
  [],
 "acquisition": null,
 "acquisitions":
  [],
 "offices":
  [],
 "milestones":
  [],
 "ipo": null,
 "video_embeds":
  [],
 "screenshots":
  [{"available_sizes":
     [[[150,
        93],
       "http://api-images.crunchbase.com/assets/images/resized/0015/4822/154822v2-max-150x150.png"],
      [[250,
        156],
       "http://api-images.crunchbase.com/assets/images/resized/0015/4822/154822v2-max-250x250.png"],
      [[450,
        281],
       "http://api-images.crunchbase.com/assets/images/resized/0015/4822/154822v2-max-450x450.png"]],
    "attribution": null}],
 "external_links":
  [],
 "partners":
  []}
