{"name": "Aciex Therapeutics",
 "permalink": "aciex-therapeutics",
 "crunchbase_url": "http://www.crunchbase.com/company/aciex-therapeutics",
 "homepage_url": "http://www.aciexrx.com",
 "blog_url": "",
 "blog_feed_url": "",
 "twitter_username": null,
 "category_code": "biotech",
 "number_of_employees": null,
 "founded_year": null,
 "founded_month": null,
 "founded_day": null,
 "deadpooled_year": null,
 "deadpooled_month": null,
 "deadpooled_day": null,
 "deadpooled_url": null,
 "tag_list": "",
 "alias_list": "",
 "email_address": "info@aciexrx.com",
 "phone_number": "508-439-4946",
 "description": "",
 "created_at": "Wed Aug 03 03:14:24 UTC 2011",
 "updated_at": "Sat Aug 13 02:28:54 UTC 2011",
 "overview": "\u003Cp\u003EAciex is focused on developing first-in-class products to fill unmet needs for ophthalmic therapeutics\u00e2\u20ac\u201dproducts that will permit us to build a sustainable ophthalmic franchise. They believe their company is unique in both concept and products and timely in terms of the market, and they are pleased you have chosen to learn more about Aciex.\u003C/p\u003E",
 "image":
  {"available_sizes":
    [[[150,
       28],
      "http://api-images.crunchbase.com/assets/images/resized/0014/7540/147540v1-max-150x150.jpg"],
     [[250,
       46],
      "http://api-images.crunchbase.com/assets/images/resized/0014/7540/147540v1-max-250x250.jpg"],
     [[444,
       83],
      "http://api-images.crunchbase.com/assets/images/resized/0014/7540/147540v1-max-450x450.jpg"]],
   "attribution": null},
 "products":
  [],
 "relationships":
  [{"is_past": false,
    "title": "Board of Directors",
    "person":
     {"first_name": "Jake",
      "last_name": "Nunn",
      "permalink": "jake-nunn"}},
   {"is_past": true,
    "title": "Executive Chairman of the Board",
    "person":
     {"first_name": "Lester",
      "last_name": "Kaplan",
      "permalink": "lester-kaplan-2"}}],
 "competitions":
  [],
 "providerships":
  [],
 "total_money_raised": "$8M",
 "funding_rounds":
  [{"id": 24578,
    "round_code": "unattributed",
    "source_url": "http://www.masshightech.com/stories/2011/08/08/daily54-Aciex-Therapeutics-boosted-by-8M-investment.html",
    "source_description": "Aciex Therapeutics boosted by $8M investment",
    "raised_amount": 8000000.0,
    "raised_currency_code": "USD",
    "funded_year": 2011,
    "funded_month": 8,
    "funded_day": 12,
    "investments":
     []}],
 "investments":
  [],
 "acquisition": null,
 "acquisitions":
  [],
 "offices":
  [{"description": "",
    "address1": "82 Flanders Road, Suite 102",
    "address2": "",
    "zip_code": "01581",
    "city": "Westborough",
    "state_code": "MA",
    "country_code": "USA",
    "latitude": null,
    "longitude": null}],
 "milestones":
  [],
 "ipo": null,
 "video_embeds":
  [],
 "screenshots":
  [{"available_sizes":
     [[[150,
        141],
       "http://api-images.crunchbase.com/assets/images/resized/0014/7541/147541v1-max-150x150.jpg"],
      [[250,
        236],
       "http://api-images.crunchbase.com/assets/images/resized/0014/7541/147541v1-max-250x250.jpg"],
      [[450,
        425],
       "http://api-images.crunchbase.com/assets/images/resized/0014/7541/147541v1-max-450x450.jpg"]],
    "attribution": null}],
 "external_links":
  [],
 "partners":
  []}
