{"name": "Acoteor",
 "permalink": "acoteor",
 "crunchbase_url": "http://www.crunchbase.com/company/acoteor",
 "homepage_url": "http://www.bigindianwedding.com",
 "blog_url": "http://bigindianwedding.blogspot.com",
 "blog_feed_url": "http://www.bigindianwedding.com",
 "twitter_username": "excelmanish",
 "category_code": "software",
 "number_of_employees": 20,
 "founded_year": 1999,
 "founded_month": 1,
 "founded_day": 4,
 "deadpooled_year": null,
 "deadpooled_month": null,
 "deadpooled_day": null,
 "deadpooled_url": null,
 "tag_list": "indian-wedding, indian-wedding-planners, wedding-venus",
 "alias_list": null,
 "email_address": "excelmanish@gmail.com",
 "phone_number": "",
 "description": "SEO",
 "created_at": "Thu Nov 17 06:30:46 UTC 2011",
 "updated_at": "Wed Nov 30 17:13:54 UTC 2011",
 "overview": "\u003Cp\u003EBigIndianWedding.com aims to simplify the wedding planning process by researching and mapping out the best possible vendors from their thirty one listed categories. You can be your own wedding planner with the help of our own complete information on Indian wedding cards, venues, decorations, flowers, lehengas, sarees, and dresses, make up, jewellery, caterers, or wedding planners. Number one portal for wedding planning, BigIndianWedding.com has more than five thousand four hundred listed vendors.   \u003C/p\u003E",
 "image": null,
 "products":
  [],
 "relationships":
  [],
 "competitions":
  [],
 "providerships":
  [],
 "total_money_raised": "$0",
 "funding_rounds":
  [],
 "investments":
  [],
 "acquisition": null,
 "acquisitions":
  [],
 "offices":
  [],
 "milestones":
  [],
 "ipo": null,
 "video_embeds":
  [],
 "screenshots":
  [],
 "external_links":
  [],
 "partners":
  []}
