{"name": "ActiveBuilding",
 "permalink": "activebuilding",
 "crunchbase_url": "http://www.crunchbase.com/company/activebuilding",
 "homepage_url": "http://www.activebuilding.com",
 "blog_url": "http://activebuilding.com/blog/",
 "blog_feed_url": "",
 "twitter_username": "activebuilding",
 "category_code": "web",
 "number_of_employees": 20,
 "founded_year": 2008,
 "founded_month": 3,
 "founded_day": 1,
 "deadpooled_year": null,
 "deadpooled_month": null,
 "deadpooled_day": null,
 "deadpooled_url": null,
 "tag_list": "",
 "alias_list": null,
 "email_address": "info@activebuilding.com",
 "phone_number": "888-304-5220",
 "description": "",
 "created_at": "Thu Aug 25 04:11:07 UTC 2011",
 "updated_at": "Wed Oct 30 00:05:32 UTC 2013",
 "overview": "\u003Cp\u003EActiveBuilding makes everyday apartment life easy. For owners, managers and residents alike. And when a building\u2019s happy, that\u2019s good for relationships, retention and your building\u2019s reputation.\u003C/p\u003E",
 "image":
  {"available_sizes":
    [[[150,
       50],
      "http://api-images.crunchbase.com/assets/images/resized/0024/1678/241678v2-max-150x150.jpg"],
     [[250,
       83],
      "http://api-images.crunchbase.com/assets/images/resized/0024/1678/241678v2-max-250x250.jpg"],
     [[422,
       141],
      "http://api-images.crunchbase.com/assets/images/resized/0024/1678/241678v2-max-450x450.jpg"]],
   "attribution": null},
 "products":
  [],
 "relationships":
  [{"is_past": true,
    "title": "co-founder, COO",
    "person":
     {"first_name": "Saar",
      "last_name": "Safra",
      "permalink": "saar-safra"}}],
 "competitions":
  [],
 "providerships":
  [],
 "total_money_raised": "$0",
 "funding_rounds":
  [],
 "investments":
  [],
 "acquisition": null,
 "acquisitions":
  [],
 "offices":
  [{"description": "HQ",
    "address1": "615 2nd ave, Suite 700",
    "address2": "",
    "zip_code": "98104",
    "city": "Seattle",
    "state_code": "WA",
    "country_code": "USA",
    "latitude": null,
    "longitude": null}],
 "milestones":
  [{"id": 41808,
    "description": "Acquired by RealPage",
    "stoned_year": 2013,
    "stoned_month": 10,
    "stoned_day": 28,
    "source_url": "http://investor.realpage.com/releasedetail.cfm?ReleaseID=801258",
    "source_text": null,
    "source_description": "RealPage acquires ActiveBuilding",
    "stoneable_type": "Company",
    "stoned_value": null,
    "stoned_value_type": null,
    "stoned_acquirer": null,
    "stoneable":
     {"name": "ActiveBuilding",
      "permalink": "activebuilding"}}],
 "ipo": null,
 "video_embeds":
  [{"embed_code": "\u003Ciframe src=\"http://player.vimeo.com/video/40689075\" frameborder=\"0\" webkitAllowFullScreen mozallowfullscreen allowFullScreen\u003E\u003C/iframe\u003E\r\n",
    "description": ""}],
 "screenshots":
  [],
 "external_links":
  [{"external_url": "http://support.activebuilding.com/",
    "title": "Support Page"},
   {"external_url": "https://developer.activebuilding.com/",
    "title": "Developers/APIs"},
   {"external_url": "http://tutorials.activebuilding.com/",
    "title": "Tutorials"}],
 "partners":
  []}
