{"name": "Activeark",
 "permalink": "activeark",
 "crunchbase_url": "http://www.crunchbase.com/company/activeark",
 "homepage_url": "http://www.activeark.com",
 "blog_url": "http://www.activeark.com/ideas",
 "blog_feed_url": "",
 "twitter_username": "activeark",
 "category_code": "advertising",
 "number_of_employees": 75,
 "founded_year": 2003,
 "founded_month": 5,
 "founded_day": 5,
 "deadpooled_year": null,
 "deadpooled_month": null,
 "deadpooled_day": null,
 "deadpooled_url": null,
 "tag_list": "advertising, digital-media, media, marketing, service-design",
 "alias_list": null,
 "email_address": "robin.bade@activeark.com",
 "phone_number": "+358 9 424 126 00",
 "description": "Creative Digital Agency",
 "created_at": "Wed Aug 10 19:24:52 UTC 2011",
 "updated_at": "Wed Aug 10 21:30:05 UTC 2011",
 "overview": "\u003Cp\u003EActiveark is a full-service agency built for today\u0026#8217;s digital society. \u003C/p\u003E\n\n\u003Cp\u003EThey are 70 design-driven digital professionals located in three locations around the world Helsinki, London and Mumbai.\u003C/p\u003E",
 "image":
  {"available_sizes":
    [[[150,
       32],
      "http://api-images.crunchbase.com/assets/images/resized/0014/8835/148835v2-max-150x150.jpg"],
     [[250,
       54],
      "http://api-images.crunchbase.com/assets/images/resized/0014/8835/148835v2-max-250x250.jpg"],
     [[250,
       54],
      "http://api-images.crunchbase.com/assets/images/resized/0014/8835/148835v2-max-450x450.jpg"]],
   "attribution": null},
 "products":
  [],
 "relationships":
  [{"is_past": false,
    "title": "Founder",
    "person":
     {"first_name": "Robin",
      "last_name": "Bade",
      "permalink": "robin-bade"}}],
 "competitions":
  [{"competitor":
     {"name": "AKQA",
      "permalink": "akqa"}},
   {"competitor":
     {"name": "Big Spaceship",
      "permalink": "big-spaceship"}},
   {"competitor":
     {"name": "Fantasy Interactive",
      "permalink": "fantasy-interactive"}},
   {"competitor":
     {"name": "R/GA",
      "permalink": "r-ga"}}],
 "providerships":
  [],
 "total_money_raised": "$0",
 "funding_rounds":
  [],
 "investments":
  [],
 "acquisition": null,
 "acquisitions":
  [],
 "offices":
  [{"description": "Helsinki",
    "address1": "pursimiehenkatu 29-31",
    "address2": "",
    "zip_code": "00150",
    "city": "Helsinki",
    "state_code": null,
    "country_code": "FIN",
    "latitude": null,
    "longitude": null},
   {"description": "London",
    "address1": "14 Baltic Street East",
    "address2": "",
    "zip_code": "EC1Y 0UJ",
    "city": "London",
    "state_code": null,
    "country_code": "GBR",
    "latitude": null,
    "longitude": null},
   {"description": "Mumbai",
    "address1": "B-1, Krishnalaya CHS,",
    "address2": "14 Postal Colony Road,",
    "zip_code": "400071",
    "city": "Chembur, Mumbai",
    "state_code": null,
    "country_code": "IND",
    "latitude": null,
    "longitude": null}],
 "milestones":
  [],
 "ipo": null,
 "video_embeds":
  [],
 "screenshots":
  [],
 "external_links":
  [{"external_url": "http://vimeo.com/activeark",
    "title": "Vimeo profile"},
   {"external_url": "http://digitalthread.com/designcompanies/international_firms/activeark.php",
    "title": "Digitalthread.com"}],
 "partners":
  []}
