{"name": "Active Junky",
 "permalink": "active-junky",
 "crunchbase_url": "http://www.crunchbase.com/company/active-junky",
 "homepage_url": "http://www.activejunky.com",
 "blog_url": "",
 "blog_feed_url": "",
 "twitter_username": "activejunky",
 "category_code": null,
 "number_of_employees": 6,
 "founded_year": 2009,
 "founded_month": null,
 "founded_day": null,
 "deadpooled_year": null,
 "deadpooled_month": null,
 "deadpooled_day": null,
 "deadpooled_url": null,
 "tag_list": "",
 "alias_list": "",
 "email_address": "support@activejunky.com",
 "phone_number": "",
 "description": "Cash Back Shopping",
 "created_at": "Sat Aug 06 17:01:52 UTC 2011",
 "updated_at": "Wed Jul 17 09:48:31 UTC 2013",
 "overview": "\u003Cp\u003EActiveJunky.com is a community for outdoor gear and apparel shoppers offering cash back on all purchases, product price comparison tools and The Fix, a media component focusing on gear reviews and active lifestyle content.\u003C/p\u003E\n\n\u003Cp\u003EUsers can sign up for a free account or login through facebook to see their cash back accumulate in their account as they shop at over 100 outdoor gear and apparel retailers online and earn up to 20% on all of their purchases.  Some of AJ\u0026#8217;s top retailers are REI, Backcountry.com, Moosejaw, Patagonia and most other online outdoor sports focused retailers.  ActiveJunky.com pays user\u0026#8217;s cash back 4 times a year through paypal, sending a check or the user can donate their cash to one of Active Junky\u0026#8217;s non-profit partners.\u003C/p\u003E\n\n\u003Cp\u003EActive Junky\u0026#8217;s online media section focuses on gear reviews, action sports videos, user generated reviews and other content that compliments their shopping tools and community.   ActiveJunky.com is working to be a one stop shop for outdoor gear and apparel shopping bringing together all retailers, products, reviews and media to one website.\u003C/p\u003E",
 "image":
  {"available_sizes":
    [[[150,
       43],
      "http://api-images.crunchbase.com/assets/images/resized/0014/8167/148167v2-max-150x150.jpg"],
     [[250,
       72],
      "http://api-images.crunchbase.com/assets/images/resized/0014/8167/148167v2-max-250x250.jpg"],
     [[450,
       130],
      "http://api-images.crunchbase.com/assets/images/resized/0014/8167/148167v2-max-450x450.jpg"]],
   "attribution": null},
 "products":
  [],
 "relationships":
  [{"is_past": false,
    "title": "Founder and CEO",
    "person":
     {"first_name": "Kevin",
      "last_name": "McInerney",
      "permalink": "kevin-mcinerney"}},
   {"is_past": false,
    "title": "COO/Media Director and Co-Founder",
    "person":
     {"first_name": "Danny",
      "last_name": "Effron",
      "permalink": "danny-effron"}}],
 "competitions":
  [],
 "providerships":
  [],
 "total_money_raised": "$0",
 "funding_rounds":
  [],
 "investments":
  [],
 "acquisition": null,
 "acquisitions":
  [],
 "offices":
  [{"description": "Denver, USA",
    "address1": "1523 15th Street",
    "address2": "Suite 200",
    "zip_code": "80202",
    "city": "Denver",
    "state_code": "CO",
    "country_code": "USA",
    "latitude": null,
    "longitude": null}],
 "milestones":
  [],
 "ipo": null,
 "video_embeds":
  [{"embed_code": "\u003Ciframe width=\"430\" height=\"270\" src=\"http://www.youtube.com/embed/sTXwff11iTo\" frameborder=\"0\" allowfullscreen\u003E\u003C/iframe\u003E",
    "description": "\u003Cp\u003EActive Junky on NBC News\u003C/p\u003E"}],
 "screenshots":
  [{"available_sizes":
     [[[150,
        126],
       "http://api-images.crunchbase.com/assets/images/resized/0014/8317/148317v1-max-150x150.jpg"],
      [[250,
        210],
       "http://api-images.crunchbase.com/assets/images/resized/0014/8317/148317v1-max-250x250.jpg"],
      [[450,
        379],
       "http://api-images.crunchbase.com/assets/images/resized/0014/8317/148317v1-max-450x450.jpg"]],
    "attribution": null}],
 "external_links":
  [],
 "partners":
  []}
