{"name": "Actors Company of Tulsa, Inc.",
 "permalink": "actors-company-of-tulsa-inc",
 "crunchbase_url": "http://www.crunchbase.com/company/actors-company-of-tulsa-inc",
 "homepage_url": "http://actorsoftulsa.org",
 "blog_url": "http://www.actorsoftulsa.org",
 "blog_feed_url": "http://www.actorsoftulsa.org",
 "twitter_username": "actorsoftulsa",
 "category_code": "education",
 "number_of_employees": 10,
 "founded_year": 2008,
 "founded_month": 9,
 "founded_day": 15,
 "deadpooled_year": null,
 "deadpooled_month": null,
 "deadpooled_day": null,
 "deadpooled_url": null,
 "tag_list": "theatre, shows, plays, school, drama, art, tulsa",
 "alias_list": "",
 "email_address": "info@actorsoftulsa.org",
 "phone_number": "918-409-0582",
 "description": "Theatre Company",
 "created_at": "Sat Dec 10 02:47:13 UTC 2011",
 "updated_at": "Wed Apr 10 11:10:49 UTC 2013",
 "overview": "\u003Cp\u003EOur company educates the Tulsa theatrical artist, connects with local business and the community and produces quality theatre that entertains, informs and enlightens the city of Tulsa and the world. \u003C/p\u003E\n\n\u003Cp\u003EOur chief things that we do are:\n-Produce 5 shows a year that give 20% of their ticket revenue to worthwhile organizations.\n-Create process content and backstage video for a paralell service called All ACTsess which creates a conversation for the audience and the actor. \n-Produce special events and new works that will create products\n-Sell merchandise and products that are based around our brand, our ensemble and our shows.\n-Establish an educational program for the young adult artist that will provide training and technique for the Tulsa actor.\u003C/p\u003E",
 "image":
  {"available_sizes":
    [[[150,
       83],
      "http://api-images.crunchbase.com/assets/images/resized/0016/5975/165975v4-max-150x150.jpg"],
     [[250,
       139],
      "http://api-images.crunchbase.com/assets/images/resized/0016/5975/165975v4-max-250x250.jpg"],
     [[450,
       251],
      "http://api-images.crunchbase.com/assets/images/resized/0016/5975/165975v4-max-450x450.jpg"]],
   "attribution": null},
 "products":
  [],
 "relationships":
  [{"is_past": true,
    "title": "General Director",
    "person":
     {"first_name": "Starr",
      "last_name": "Hardgrove",
      "permalink": "starr-hardgrove"}}],
 "competitions":
  [],
 "providerships":
  [],
 "total_money_raised": "$0",
 "funding_rounds":
  [],
 "investments":
  [],
 "acquisition": null,
 "acquisitions":
  [],
 "offices":
  [],
 "milestones":
  [],
 "ipo": null,
 "video_embeds":
  [],
 "screenshots":
  [],
 "external_links":
  [{"external_url": "http://www.actorsoftulsa.org",
    "title": "Actors Company of Tulsa Homepage"}],
 "partners":
  []}
