{"name": "Acutus Medical",
 "permalink": "acutus-medical",
 "crunchbase_url": "http://www.crunchbase.com/company/acutus-medical",
 "homepage_url": "http://www.acutusmedical.com",
 "blog_url": "",
 "blog_feed_url": "",
 "twitter_username": "AcutusMedical",
 "category_code": "biotech",
 "number_of_employees": null,
 "founded_year": 2011,
 "founded_month": null,
 "founded_day": null,
 "deadpooled_year": null,
 "deadpooled_month": null,
 "deadpooled_day": null,
 "deadpooled_url": null,
 "tag_list": "",
 "alias_list": "",
 "email_address": "",
 "phone_number": "858-673-1621",
 "description": "",
 "created_at": "Mon Aug 08 11:08:38 UTC 2011",
 "updated_at": "Mon Nov 25 12:06:04 UTC 2013",
 "overview": "\u003Cp\u003EAcutus Medical is a team of dedicated medical scientists, biomedical engineers, and other professionals focused on the development of medical technologies that will revolutionize the treatment strategies of patients with complex\ncardiac arrhythmias.\u003C/p\u003E",
 "image":
  {"available_sizes":
    [[[150,
       40],
      "http://api-images.crunchbase.com/assets/images/resized/0014/8308/148308v1-max-150x150.jpg"],
     [[250,
       68],
      "http://api-images.crunchbase.com/assets/images/resized/0014/8308/148308v1-max-250x250.jpg"],
     [[301,
       82],
      "http://api-images.crunchbase.com/assets/images/resized/0014/8308/148308v1-max-450x450.jpg"]],
   "attribution": null},
 "products":
  [],
 "relationships":
  [{"is_past": false,
    "title": "Founder \u0026President \u0026 CEO",
    "person":
     {"first_name": "Randy",
      "last_name": "Werneth",
      "permalink": "randy-werneth"}},
   {"is_past": false,
    "title": "CTO",
    "person":
     {"first_name": "Grayadon",
      "last_name": "Beatty",
      "permalink": "grayadon-beatty"}},
   {"is_past": false,
    "title": "VP R\u0026D",
    "person":
     {"first_name": "Tim",
      "last_name": "Corvi",
      "permalink": "tim-corvi"}},
   {"is_past": false,
    "title": "Board Member",
    "person":
     {"first_name": "Kevin",
      "last_name": "Johnson",
      "permalink": "kevin-johnson-8"}},
   {"is_past": false,
    "title": "",
    "person":
     {"first_name": "Shahzad",
      "last_name": "Malik",
      "permalink": "shahzad-malik"}},
   {"is_past": false,
    "title": "Director",
    "person":
     {"first_name": "Vince",
      "last_name": "Burgess",
      "permalink": "vince-burgess"}},
   {"is_past": false,
    "title": "Board Member",
    "person":
     {"first_name": "Christoph",
      "last_name": "scharf",
      "permalink": "christoph-scharf"}},
   {"is_past": false,
    "title": "Board Observer",
    "person":
     {"first_name": "Noah",
      "last_name": "Lewis",
      "permalink": "noah-lewis"}}],
 "competitions":
  [],
 "providerships":
  [],
 "total_money_raised": "$37M",
 "funding_rounds":
  [{"id": 24667,
    "round_code": "unattributed",
    "source_url": "http://www.finsmes.com/2011/08/acutus-medical-raises-1m-initial-funding.html?utm_source=feedburner\u0026utm_medium=feed\u0026utm_campaign=Feed%3A+finsmes%2FcNHu+%28FinSMEs%29",
    "source_description": "Acutus Medical Raises $1M in Initial Funding",
    "raised_amount": 1000000.0,
    "raised_currency_code": "USD",
    "funded_year": 2011,
    "funded_month": 8,
    "funded_day": 8,
    "investments":
     [{"company": null,
       "financial_org":
        {"name": "Index Ventures",
         "permalink": "index-ventures"},
       "person": null}]},
   {"id": 40025,
    "round_code": "b",
    "source_url": "http://www.finsmes.com/2013/08/acutus-medical-completes-28m-series-funding.html",
    "source_description": " \tAcutus Medical Completes $28M Series B Funding",
    "raised_amount": 28000000.0,
    "raised_currency_code": "USD",
    "funded_year": 2013,
    "funded_month": 8,
    "funded_day": 20,
    "investments":
     [{"company": null,
       "financial_org":
        {"name": "OrbiMed Advisors",
         "permalink": "orbimed-advisors"},
       "person": null},
      {"company": null,
       "financial_org":
        {"name": "Index Ventures",
         "permalink": "index-ventures"},
       "person": null},
      {"company": null,
       "financial_org":
        {"name": "Advent Venture Partners",
         "permalink": "advent-venture-partners"},
       "person": null},
      {"company": null,
       "financial_org":
        {"name": "GE Ventures",
         "permalink": "ge-ventures"},
       "person": null}]},
   {"id": 44006,
    "round_code": "debt_round",
    "source_url": "http://www.sec.gov/Archives/edgar/data/1522860/000152286012000001/xslFormDX01/primary_doc.xml",
    "source_description": "SEC",
    "raised_amount": 2500000.0,
    "raised_currency_code": "USD",
    "funded_year": 2012,
    "funded_month": 8,
    "funded_day": 28,
    "investments":
     []},
   {"id": 48515,
    "round_code": "unattributed",
    "source_url": "http://www.sec.gov/Archives/edgar/data/1522860/000152286011000003/xslFormDX01/primary_doc.xml",
    "source_description": "SEC",
    "raised_amount": 5476464.0,
    "raised_currency_code": "USD",
    "funded_year": 2011,
    "funded_month": 9,
    "funded_day": 30,
    "investments":
     []}],
 "investments":
  [],
 "acquisition": null,
 "acquisitions":
  [],
 "offices":
  [{"description": "",
    "address1": "11225 West Bernardo Court",
    "address2": "Suite 102",
    "zip_code": "92127",
    "city": "San Diego",
    "state_code": "CA",
    "country_code": "USA",
    "latitude": null,
    "longitude": null}],
 "milestones":
  [],
 "ipo": null,
 "video_embeds":
  [],
 "screenshots":
  [{"available_sizes":
     [[[150,
        103],
       "http://api-images.crunchbase.com/assets/images/resized/0014/8309/148309v1-max-150x150.jpg"],
      [[250,
        172],
       "http://api-images.crunchbase.com/assets/images/resized/0014/8309/148309v1-max-250x250.jpg"],
      [[450,
        311],
       "http://api-images.crunchbase.com/assets/images/resized/0014/8309/148309v1-max-450x450.jpg"]],
    "attribution": null}],
 "external_links":
  [],
 "partners":
  []}
