{"name": "Ad-Dispatch",
 "permalink": "ad-dispatch",
 "crunchbase_url": "http://www.crunchbase.com/company/ad-dispatch",
 "homepage_url": "http://www.ad-dispatch.com",
 "blog_url": "http://www.ad-dispatch.com/index.php/projects/overview/",
 "blog_feed_url": "",
 "twitter_username": "addispatch",
 "category_code": "advertising",
 "number_of_employees": 12,
 "founded_year": 1999,
 "founded_month": null,
 "founded_day": null,
 "deadpooled_year": null,
 "deadpooled_month": null,
 "deadpooled_day": null,
 "deadpooled_url": null,
 "tag_list": "augmented-reality, ar, 3d, animation, total-visual-recognition, marketing, advertising",
 "alias_list": null,
 "email_address": "info@ad-dispatch.com",
 "phone_number": "1-902-455-2584",
 "description": "Augmented Reality ",
 "created_at": "Wed Sep 28 13:14:19 UTC 2011",
 "updated_at": "Mon Mar 31 09:35:17 UTC 2014",
 "overview": "\u003Cp\u003EFounded in 1999, Ad-Dispatch is a North-American leader in Augmented Reality (#AR). Always on the cutting-edge of technology, the company has evolved over the last 12 years into an interactive content creation powerhouse, recognized globally for their unique ability to integrate augmented reality technology into the marketing mainstream without sacrificing creative campaign objectives. \u003C/p\u003E\n\n\u003Cp\u003EAd-Dispatch has worked with North America\u00e2\u20ac\u2122s finest marketing agencies and big brands like Chevrolet, Mercedes and the Home Depot to create memorable and meaningful consumer experiences. Ad-Dispatch has been recognized by Profit Magazine as among Canada\u00e2\u20ac\u2122s fastest growing companies in 2008, 2009, and 2010. The company is headquartered in Dartmouth, Nova Scotia, Canada. \u003C/p\u003E\n\n\u003Cp\u003EFor more information , visit http://www.ad-dispatch.com or follow us on Twitter @addispatch \u003C/p\u003E",
 "image": null,
 "products":
  [],
 "relationships":
  [{"is_past": false,
    "title": "President \u0026 CEO",
    "person":
     {"first_name": "Nathan",
      "last_name": "Kroll",
      "permalink": "nathan-kroll"}},
   {"is_past": false,
    "title": "Director of Business Development",
    "person":
     {"first_name": "Jonathan",
      "last_name": "Burns",
      "permalink": "jonathan-burns"}}],
 "competitions":
  [],
 "providerships":
  [],
 "total_money_raised": "$0",
 "funding_rounds":
  [],
 "investments":
  [],
 "acquisition": null,
 "acquisitions":
  [],
 "offices":
  [{"description": "Canadian Headquarters",
    "address1": "3 Spectacle Lake Drive, Suite 300",
    "address2": "NS",
    "zip_code": "B3B1W8",
    "city": "Darrtmouth",
    "state_code": null,
    "country_code": "CAN",
    "latitude": null,
    "longitude": null}],
 "milestones":
  [],
 "ipo": null,
 "video_embeds":
  [],
 "screenshots":
  [],
 "external_links":
  [],
 "partners":
  []}
