{"name": "Ad \u0026 Web Agency",
 "permalink": "ad-web-agency",
 "crunchbase_url": "http://www.crunchbase.com/company/ad-web-agency",
 "homepage_url": "http://www.agencya.com",
 "blog_url": "",
 "blog_feed_url": "",
 "twitter_username": "adwebagency",
 "category_code": "other",
 "number_of_employees": 5,
 "founded_year": 2001,
 "founded_month": null,
 "founded_day": null,
 "deadpooled_year": null,
 "deadpooled_month": null,
 "deadpooled_day": null,
 "deadpooled_url": null,
 "tag_list": "webdesign, web-design, advertising, web-development",
 "alias_list": null,
 "email_address": "info@agencya.com",
 "phone_number": "+66 2642 3886",
 "description": "Advertising and Web Design Agency",
 "created_at": "Tue Sep 13 11:31:18 UTC 2011",
 "updated_at": "Sun Nov 13 22:19:51 UTC 2011",
 "overview": "\u003Cp\u003EMultilingual web development design, programming, available to clients worldwide.\u003C/p\u003E\n\n\u003Cp\u003EAd \u0026amp; Web Agency Co Ltd is a Bangkok based ad and website conception / design / development agency, specialized in professional web site creations and database design, with over a decade of experience in programming, corporate branding, advertising and graphic design including logo conception, brochure \u0026amp; flyer layout, posters, stickers, banners.\u003C/p\u003E",
 "image": null,
 "products":
  [],
 "relationships":
  [{"is_past": false,
    "title": "MD",
    "person":
     {"first_name": "Mike",
      "last_name": "Riemer",
      "permalink": "mike-riemer"}}],
 "competitions":
  [],
 "providerships":
  [],
 "total_money_raised": "$0",
 "funding_rounds":
  [],
 "investments":
  [],
 "acquisition": null,
 "acquisitions":
  [],
 "offices":
  [],
 "milestones":
  [],
 "ipo": null,
 "video_embeds":
  [],
 "screenshots":
  [{"available_sizes":
     [[[150,
        133],
       "http://api-images.crunchbase.com/assets/images/resized/0015/3934/153934v2-max-150x150.jpg"],
      [[250,
        222],
       "http://api-images.crunchbase.com/assets/images/resized/0015/3934/153934v2-max-250x250.jpg"],
      [[450,
        400],
       "http://api-images.crunchbase.com/assets/images/resized/0015/3934/153934v2-max-450x450.jpg"]],
    "attribution": null}],
 "external_links":
  [],
 "partners":
  []}
