{"name": "ADAPTIX",
 "permalink": "adaptix",
 "crunchbase_url": "http://www.crunchbase.com/company/adaptix",
 "homepage_url": "http://www.adaptix.com",
 "blog_url": "",
 "blog_feed_url": "",
 "twitter_username": null,
 "category_code": "public_relations",
 "number_of_employees": null,
 "founded_year": null,
 "founded_month": null,
 "founded_day": null,
 "deadpooled_year": null,
 "deadpooled_month": null,
 "deadpooled_day": null,
 "deadpooled_url": null,
 "tag_list": "",
 "alias_list": "",
 "email_address": "",
 "phone_number": "",
 "description": "",
 "created_at": "Mon Jan 16 03:36:40 UTC 2012",
 "updated_at": "Tue Mar 11 11:13:49 UTC 2014",
 "overview": "\u003Cp\u003EADAPTIX, Inc. is an award-winning technology company long recognized in the industry as one of the first developers of cutting edge OFDMA-based mobile wireless systems. With patents filed as early as 2000, ADAPTIX research and development efforts have resulted in one of the world\u2019s largest independent intellectual property portfolios focused exclusively on 4G technologies. With its rapidly growing portfolio of 230 issued and pending patents in 13 countries, ADAPTIX\u2019s innovations extend across a broad range of applications including 4G mobile cellular networks, 3G/4G interworking, Voice over 4G and multi-antenna technologies.\u003C/p\u003E",
 "image":
  {"available_sizes":
    [[[150,
       38],
      "http://api-images.crunchbase.com/assets/images/resized/0017/0253/170253v1-max-150x150.png"],
     [[250,
       63],
      "http://api-images.crunchbase.com/assets/images/resized/0017/0253/170253v1-max-250x250.png"],
     [[288,
       73],
      "http://api-images.crunchbase.com/assets/images/resized/0017/0253/170253v1-max-450x450.png"]],
   "attribution": null},
 "products":
  [],
 "relationships":
  [{"is_past": true,
    "title": "EVP, Operations (Startup)",
    "person":
     {"first_name": "Brad",
      "last_name": "Knight",
      "permalink": "brad-knight"}}],
 "competitions":
  [],
 "providerships":
  [],
 "total_money_raised": "$6.5M",
 "funding_rounds":
  [{"id": 49695,
    "round_code": "debt_round",
    "source_url": "http://www.sec.gov/Archives/edgar/data/1336179/000133617911000002/xslFormDX01/primary_doc.xml",
    "source_description": "SEC",
    "raised_amount": 1000000.0,
    "raised_currency_code": "USD",
    "funded_year": 2011,
    "funded_month": 10,
    "funded_day": 18,
    "investments":
     []},
   {"id": 68831,
    "round_code": "debt_round",
    "source_url": "http://www.sec.gov/Archives/edgar/data/1336179/000133617909000003/xslFormDX01/primary_doc.xml",
    "source_description": "SEC",
    "raised_amount": 5500000.0,
    "raised_currency_code": "USD",
    "funded_year": 2009,
    "funded_month": 10,
    "funded_day": 5,
    "investments":
     []}],
 "investments":
  [],
 "acquisition":
  {"price_amount": 160000000.0,
   "price_currency_code": "USD",
   "term_code": "cash_and_stock",
   "source_url": "http://techcrunch.com/2012/01/13/patent-troll-buys-adaptix-and-its-4g-technology-patents-for-160m/",
   "source_description": "Patent Troll Buys ADAPTIX (And Its 4G Technology Patents) For $160M",
   "acquired_year": 2012,
   "acquired_month": 1,
   "acquired_day": 13,
   "acquiring_company":
    {"name": "Acacia Research",
     "permalink": "acacia-research"}},
 "acquisitions":
  [],
 "offices":
  [{"description": "",
    "address1": "4100 Midway Road",
    "address2": "Suite 2010",
    "zip_code": "75007",
    "city": "Carrollton",
    "state_code": "TX",
    "country_code": "USA",
    "latitude": null,
    "longitude": null}],
 "milestones":
  [],
 "ipo": null,
 "video_embeds":
  [],
 "screenshots":
  [],
 "external_links":
  [],
 "partners":
  []}
