{"name": "Adara Media",
 "permalink": "adara-media",
 "crunchbase_url": "http://www.crunchbase.com/company/adara-media",
 "homepage_url": "http://www.adaramedia.com",
 "blog_url": "",
 "blog_feed_url": "",
 "twitter_username": "adaramedia",
 "category_code": "advertising",
 "number_of_employees": null,
 "founded_year": 2005,
 "founded_month": null,
 "founded_day": null,
 "deadpooled_year": null,
 "deadpooled_month": null,
 "deadpooled_day": null,
 "deadpooled_url": null,
 "tag_list": "",
 "alias_list": "",
 "email_address": "info@adaramedia.com",
 "phone_number": "408.876.6360",
 "description": "Loyalty audience platform",
 "created_at": "Wed Jan 25 04:03:23 UTC 2012",
 "updated_at": "Wed Mar 05 01:13:16 UTC 2014",
 "overview": "\u003Cp\u003EAdara Media offers a loyalty audience platform that enables top brands to monetize and nurture their loyalty program customers online and helps advertisers reach exclusive, qualified audiences. Using proprietary loyalty data, Adara Media enables advertisers to reach real individuals, ensuring authenticity while maintaining complete anonymity. Adara Media\u0026#8217;s brand partners then gain ancillary revenue streams and the ability to deepen their relationships with loyalty consumers through targeted offers and consistent communication. Adara Media was founded in 2005 and is headquartered in Mountain View, CA.\u003C/p\u003E",
 "image":
  {"available_sizes":
    [[[150,
       46],
      "http://api-images.crunchbase.com/assets/images/resized/0017/1601/171601v2-max-150x150.jpg"],
     [[250,
       77],
      "http://api-images.crunchbase.com/assets/images/resized/0017/1601/171601v2-max-250x250.jpg"],
     [[425,
       131],
      "http://api-images.crunchbase.com/assets/images/resized/0017/1601/171601v2-max-450x450.jpg"]],
   "attribution": null},
 "products":
  [],
 "relationships":
  [{"is_past": false,
    "title": "CEO",
    "person":
     {"first_name": "Layton",
      "last_name": "Han",
      "permalink": "layton-han"}},
   {"is_past": false,
    "title": "Co-Founder \u0026 CTO",
    "person":
     {"first_name": "Charles",
      "last_name": "Mi",
      "permalink": "charles-mi"}},
   {"is_past": false,
    "title": "Board Observer",
    "person":
     {"first_name": "Nick",
      "last_name": "Superina",
      "permalink": "nick-superina"}},
   {"is_past": false,
    "title": "Board Member",
    "person":
     {"first_name": "Shomit",
      "last_name": "Ghose",
      "permalink": "shomit-ghose"}},
   {"is_past": true,
    "title": "Board Member",
    "person":
     {"first_name": "Gary",
      "last_name": "Little",
      "permalink": "gary-little"}}],
 "competitions":
  [],
 "providerships":
  [{"title": "Public Relations",
    "is_past": false,
    "provider":
     {"name": "Blast",
      "permalink": "blast-pr"}}],
 "total_money_raised": "$44.1M",
 "funding_rounds":
  [{"id": 27768,
    "round_code": "unattributed",
    "source_url": "http://www.marketwired.com/press-release/update-adara-media-secures-124-m-in-financing-led-by-august-capital-1610593.htm",
    "source_description": "Adara Media Secures $12.4 M in Financing Led by August Capital",
    "raised_amount": 12400000.0,
    "raised_currency_code": "USD",
    "funded_year": 2012,
    "funded_month": 1,
    "funded_day": 24,
    "investments":
     [{"company": null,
       "financial_org":
        {"name": "August Capital",
         "permalink": "august-capital"},
       "person": null},
      {"company": null,
       "financial_org":
        {"name": "Morgenthaler Ventures",
         "permalink": "morgenthaler-ventures"},
       "person": null},
      {"company": null,
       "financial_org":
        {"name": "ONSET Ventures",
         "permalink": "onset-ventures"},
       "person": null},
      {"company": null,
       "financial_org":
        {"name": "Baseline Ventures",
         "permalink": "baseline-ventures"},
       "person": null}]},
   {"id": 35747,
    "round_code": "b",
    "source_url": "http://www.marketwired.com/press-release/-1759548.htm",
    "source_description": "Adara Secures $20 M in Financing Led by QuestMark Partners",
    "raised_amount": 20000000.0,
    "raised_currency_code": "USD",
    "funded_year": 2013,
    "funded_month": 2,
    "funded_day": 21,
    "investments":
     [{"company": null,
       "financial_org":
        {"name": "August Capital",
         "permalink": "august-capital"},
       "person": null},
      {"company": null,
       "financial_org":
        {"name": "Morgenthaler Ventures",
         "permalink": "morgenthaler-ventures"},
       "person": null},
      {"company": null,
       "financial_org":
        {"name": "ONSET Ventures",
         "permalink": "onset-ventures"},
       "person": null},
      {"company": null,
       "financial_org":
        {"name": "Thayer Ventures",
         "permalink": "thayer-ventures"},
       "person": null}]},
   {"id": 36374,
    "round_code": "seed",
    "source_url": "",
    "source_description": "EDGAR",
    "raised_amount": null,
    "raised_currency_code": "USD",
    "funded_year": 2006,
    "funded_month": 2,
    "funded_day": 20,
    "investments":
     [{"company": null,
       "financial_org":
        {"name": "SV Angel",
         "permalink": "sv-angel"},
       "person": null}]},
   {"id": 54545,
    "round_code": "a",
    "source_url": "http://www.xconomy.com/san-francisco/2011/04/12/adara-media-lands-11715160-series-a-financing/",
    "source_description": "Adara Media Lands $11,715,160 Series A Financing",
    "raised_amount": 11715160.0,
    "raised_currency_code": "USD",
    "funded_year": 2011,
    "funded_month": 4,
    "funded_day": 12,
    "investments":
     []}],
 "investments":
  [],
 "acquisition": null,
 "acquisitions":
  [],
 "offices":
  [{"description": "",
    "address1": "444 Castro Street",
    "address2": "Suite 130",
    "zip_code": "94041",
    "city": "Mountain View",
    "state_code": "CA",
    "country_code": "USA",
    "latitude": null,
    "longitude": null}],
 "milestones":
  [],
 "ipo": null,
 "video_embeds":
  [],
 "screenshots":
  [],
 "external_links":
  [],
 "partners":
  []}
