{"name": "AdCirrus",
 "permalink": "adcirrus",
 "crunchbase_url": "http://www.crunchbase.com/company/adcirrus",
 "homepage_url": "http://www.adcirrus.com",
 "blog_url": "",
 "blog_feed_url": "",
 "twitter_username": "adcirrus",
 "category_code": "public_relations",
 "number_of_employees": null,
 "founded_year": 2011,
 "founded_month": null,
 "founded_day": null,
 "deadpooled_year": null,
 "deadpooled_month": null,
 "deadpooled_day": null,
 "deadpooled_url": null,
 "tag_list": "",
 "alias_list": "",
 "email_address": "",
 "phone_number": "",
 "description": "Online Marketing Solutions",
 "created_at": "Wed Aug 03 17:48:30 UTC 2011",
 "updated_at": "Tue Mar 26 23:41:29 UTC 2013",
 "overview": "\u003Cp\u003EAdCirrus is a leading provider of online marketing solutions including: Cost Per Click (CPC), Cost Per Lead (CPL), Cost Per Thousand (CPM) and Cost Per Action/Acquisition (CPA) advertising for agencies and their clients. AdCirrus\u0026#8217; platforms are powered by cloud-based computing systems to provide scale, traffic quality, speed and accuracy.  \u003C/p\u003E",
 "image":
  {"available_sizes":
    [[[150,
       42],
      "http://api-images.crunchbase.com/assets/images/resized/0014/7666/147666v1-max-150x150.jpg"],
     [[250,
       71],
      "http://api-images.crunchbase.com/assets/images/resized/0014/7666/147666v1-max-250x250.jpg"],
     [[426,
       122],
      "http://api-images.crunchbase.com/assets/images/resized/0014/7666/147666v1-max-450x450.jpg"]],
   "attribution": null},
 "products":
  [],
 "relationships":
  [{"is_past": true,
    "title": "Head, Ad-ops Department \u0026 International Media Buying",
    "person":
     {"first_name": "Julio",
      "last_name": "Aguayo",
      "permalink": "julio-aguayo"}}],
 "competitions":
  [],
 "providerships":
  [],
 "total_money_raised": "$0",
 "funding_rounds":
  [],
 "investments":
  [],
 "acquisition": null,
 "acquisitions":
  [],
 "offices":
  [{"description": "HQ",
    "address1": "17 Battery Pl Ste 626",
    "address2": "",
    "zip_code": "10004-1139",
    "city": "New York",
    "state_code": "NY",
    "country_code": "USA",
    "latitude": null,
    "longitude": null}],
 "milestones":
  [],
 "ipo": null,
 "video_embeds":
  [],
 "screenshots":
  [],
 "external_links":
  [],
 "partners":
  []}
