{"name": "AdDynamics",
 "permalink": "addynamics",
 "crunchbase_url": "http://www.crunchbase.com/company/addynamics",
 "homepage_url": "http://www.addynamics.eu",
 "blog_url": "",
 "blog_feed_url": "",
 "twitter_username": "addynamics",
 "category_code": "advertising",
 "number_of_employees": 11,
 "founded_year": 2010,
 "founded_month": 7,
 "founded_day": 1,
 "deadpooled_year": null,
 "deadpooled_month": null,
 "deadpooled_day": null,
 "deadpooled_url": null,
 "tag_list": "online-adserving, realtime-bidding, rtb",
 "alias_list": null,
 "email_address": "l.p.mergen@addynamics.eu",
 "phone_number": "",
 "description": "Adserving technology platform",
 "created_at": "Tue Sep 13 10:44:32 UTC 2011",
 "updated_at": "Mon May 21 00:51:57 UTC 2012",
 "overview": "\u003Cp\u003EAdDynamics provides an online ad management service. It integrates ad delivery, audience-based targeting, yield management and a data exchange in one single platform.\u003C/p\u003E",
 "image":
  {"available_sizes":
    [[[150,
       52],
      "http://api-images.crunchbase.com/assets/images/resized/0018/9802/189802v2-max-150x150.png"],
     [[196,
       69],
      "http://api-images.crunchbase.com/assets/images/resized/0018/9802/189802v2-max-250x250.png"],
     [[196,
       69],
      "http://api-images.crunchbase.com/assets/images/resized/0018/9802/189802v2-max-450x450.png"]],
   "attribution": null},
 "products":
  [],
 "relationships":
  [],
 "competitions":
  [],
 "providerships":
  [],
 "total_money_raised": "$0",
 "funding_rounds":
  [],
 "investments":
  [],
 "acquisition": null,
 "acquisitions":
  [],
 "offices":
  [{"description": "",
    "address1": "De Binderij 8d",
    "address2": "",
    "zip_code": "1321 EH",
    "city": "Almere",
    "state_code": null,
    "country_code": "NLD",
    "latitude": null,
    "longitude": null}],
 "milestones":
  [],
 "ipo": null,
 "video_embeds":
  [],
 "screenshots":
  [],
 "external_links":
  [],
 "partners":
  []}
