{"name": "AdexLink",
 "permalink": "adexlink",
 "crunchbase_url": "http://www.crunchbase.com/company/adexlink",
 "homepage_url": "http://www.adexlink.com",
 "blog_url": "http://adexlink.com/core.php?_c=article\u0026_a=newslist\u0026_p=5",
 "blog_feed_url": "",
 "twitter_username": "Adexlink_com",
 "category_code": "advertising",
 "number_of_employees": 26,
 "founded_year": 2010,
 "founded_month": 8,
 "founded_day": 16,
 "deadpooled_year": 2012,
 "deadpooled_month": 8,
 "deadpooled_day": null,
 "deadpooled_url": "",
 "tag_list": "mobile-app-developers, android, ios, mediation, ad-network, cross-promotion, app-marketing, app-monetization",
 "alias_list": "",
 "email_address": "support@adexlink.com",
 "phone_number": "703-626-0510",
 "description": "Mobile Apps Platform",
 "created_at": "Wed Jan 11 16:22:14 UTC 2012",
 "updated_at": "Wed Sep 11 12:20:31 UTC 2013",
 "overview": "\u003Cp\u003EAdexLink is a leading mobile marketing platform of Ads mediation and app cross-promotion.\u003C/p\u003E\n\n\u003Cp\u003EWe provide developers with a great way to promote their paid or free apps to millions of users around the world. You can access our real-time reporting across all your Ad networks anytime to find out how many users have downloaded your app from which Ads network. You will be able to choose the best app version, traffic revenue and Ads network based on the data we provide.\u003C/p\u003E\n\n\u003Cp\u003EWe will also assist you to access thousands of promotion opportunities through other apps. Other developers can also choose to show their apps in yours.. This will lead to a chain reaction to increase downloads, which of course benefits all parties.\u003C/p\u003E\n\n\u003Cp\u003EAll above can be achieved by the following AdexLink offers: Ads Mediation: we support most main stream Ad networks. Cross-Promotion: Reach millions of users and make them your own. Reports: Accurate tracking reports assist you in observing the market. Contact us today to learn how you can drive more downloads of your app with AdexLink.\u003C/p\u003E",
 "image":
  {"available_sizes":
    [[[150,
       69],
      "http://api-images.crunchbase.com/assets/images/resized/0016/9694/169694v2-max-150x150.jpg"],
     [[250,
       115],
      "http://api-images.crunchbase.com/assets/images/resized/0016/9694/169694v2-max-250x250.jpg"],
     [[343,
       158],
      "http://api-images.crunchbase.com/assets/images/resized/0016/9694/169694v2-max-450x450.jpg"]],
   "attribution": null},
 "products":
  [],
 "relationships":
  [],
 "competitions":
  [{"competitor":
     {"name": "AdWhirl",
      "permalink": "adwhirl"}},
   {"competitor":
     {"name": "Applifier",
      "permalink": "applifier"}}],
 "providerships":
  [],
 "total_money_raised": "$2M",
 "funding_rounds":
  [{"id": 27497,
    "round_code": "seed",
    "source_url": "",
    "source_description": "",
    "raised_amount": 2000000.0,
    "raised_currency_code": "USD",
    "funded_year": 2011,
    "funded_month": 6,
    "funded_day": 10,
    "investments":
     [{"company": null,
       "financial_org": null,
       "person":
        {"first_name": "Joy",
         "last_name": "Chan",
         "permalink": "joy-chan"}}]}],
 "investments":
  [],
 "acquisition": null,
 "acquisitions":
  [],
 "offices":
  [{"description": "Silicon Valley Offices",
    "address1": "150 West Hamilton Ave#5",
    "address2": "",
    "zip_code": "95008",
    "city": "Campbell",
    "state_code": "CA",
    "country_code": "USA",
    "latitude": null,
    "longitude": null}],
 "milestones":
  [],
 "ipo": null,
 "video_embeds":
  [],
 "screenshots":
  [{"available_sizes":
     [[[135,
        150],
       "http://api-images.crunchbase.com/assets/images/resized/0017/0190/170190v2-max-150x150.png"],
      [[225,
        250],
       "http://api-images.crunchbase.com/assets/images/resized/0017/0190/170190v2-max-250x250.png"],
      [[405,
        450],
       "http://api-images.crunchbase.com/assets/images/resized/0017/0190/170190v2-max-450x450.png"]],
    "attribution": null}],
 "external_links":
  [],
 "partners":
  []}
