{"name": "Adfaces",
 "permalink": "adfaces",
 "crunchbase_url": "http://www.crunchbase.com/company/adfaces",
 "homepage_url": "http://www.adfaces.net",
 "blog_url": "",
 "blog_feed_url": "",
 "twitter_username": "adfaces",
 "category_code": "advertising",
 "number_of_employees": null,
 "founded_year": 2010,
 "founded_month": null,
 "founded_day": null,
 "deadpooled_year": null,
 "deadpooled_month": null,
 "deadpooled_day": null,
 "deadpooled_url": null,
 "tag_list": "out-of-home, outdoor, advertising, media",
 "alias_list": "",
 "email_address": "info@adfaces.net",
 "phone_number": "",
 "description": "eBay for Traditional Advertising",
 "created_at": "Fri Oct 07 15:35:48 UTC 2011",
 "updated_at": "Mon Mar 31 05:07:00 UTC 2014",
 "overview": "\u003Cp\u003EAdfaces is an online marketplace for advertisers, agencies and media owners that allows to buy and sell out-of-home (outdoor) media through the internet. Adfaces brings the simplicity of online advertising to traditional media, makes it accessible to millions of small and medium businesses. Within few clicks local businesses can now  place outdoor advertising in any location in the world. Outdoor advertising has never been so simple, accessible and affordable.\u003C/p\u003E",
 "image":
  {"available_sizes":
    [[[150,
       50],
      "http://api-images.crunchbase.com/assets/images/resized/0016/1652/161652v2-max-150x150.png"],
     [[249,
       83],
      "http://api-images.crunchbase.com/assets/images/resized/0016/1652/161652v2-max-250x250.png"],
     [[249,
       83],
      "http://api-images.crunchbase.com/assets/images/resized/0016/1652/161652v2-max-450x450.png"]],
   "attribution": null},
 "products":
  [],
 "relationships":
  [],
 "competitions":
  [],
 "providerships":
  [],
 "total_money_raised": "\u20ac15k",
 "funding_rounds":
  [{"id": 32324,
    "round_code": "seed",
    "source_url": "http://www.startupbootcamp.org/europeans-cities/dublin/2012-startups/",
    "source_description": "Startupbootcamp",
    "raised_amount": 15000.0,
    "raised_currency_code": "EUR",
    "funded_year": 2012,
    "funded_month": 2,
    "funded_day": 26,
    "investments":
     [{"company":
        {"name": "Startupbootcamp",
         "permalink": "startupbootcamp"},
       "financial_org": null,
       "person": null}]}],
 "investments":
  [],
 "acquisition": null,
 "acquisitions":
  [],
 "offices":
  [{"description": "Headquarters",
    "address1": "Ver House",
    "address2": "London Road, Hertfordshire",
    "zip_code": "AL3 8JP",
    "city": "Markyate",
    "state_code": null,
    "country_code": "GBR",
    "latitude": null,
    "longitude": null},
   {"description": "R\u0026D",
    "address1": "35 J\u00c3\u00b3zefa Dietla Street",
    "address2": "",
    "zip_code": "31-062",
    "city": "Krakow",
    "state_code": null,
    "country_code": "POL",
    "latitude": null,
    "longitude": null},
   {"description": "HQ Dublin",
    "address1": "35a",
    "address2": "Barrow Street",
    "zip_code": "",
    "city": "Dublin",
    "state_code": null,
    "country_code": "IRL",
    "latitude": null,
    "longitude": null}],
 "milestones":
  [],
 "ipo": null,
 "video_embeds":
  [],
 "screenshots":
  [{"available_sizes":
     [[[150,
        73],
       "http://api-images.crunchbase.com/assets/images/resized/0020/5933/205933v2-max-150x150.jpg"],
      [[250,
        122],
       "http://api-images.crunchbase.com/assets/images/resized/0020/5933/205933v2-max-250x250.jpg"],
      [[450,
        219],
       "http://api-images.crunchbase.com/assets/images/resized/0020/5933/205933v2-max-450x450.jpg"]],
    "attribution": null}],
 "external_links":
  [],
 "partners":
  []}
