{"name": "Adflair",
 "permalink": "adflair",
 "crunchbase_url": "http://www.crunchbase.com/company/adflair",
 "homepage_url": "http://adflair.com",
 "blog_url": "",
 "blog_feed_url": "",
 "twitter_username": null,
 "category_code": null,
 "number_of_employees": null,
 "founded_year": null,
 "founded_month": null,
 "founded_day": null,
 "deadpooled_year": null,
 "deadpooled_month": null,
 "deadpooled_day": null,
 "deadpooled_url": null,
 "tag_list": null,
 "alias_list": "",
 "email_address": "info@adflair.com",
 "phone_number": "888-872-4700",
 "description": "",
 "created_at": "Fri Jan 13 21:38:07 UTC 2012",
 "updated_at": "Wed Jun 27 03:51:29 UTC 2012",
 "overview": "\u003Cp\u003EAdflair connect their clients with consumers looking to purchase the products and services that they offer. Their constant ability to think outside out of the box in an ever changing business, has shown extraordinary results to their client\u0026#8217;s and their company. You can also expect an extremely high level of customer service that reminds you of the good old days.\u003C/p\u003E",
 "image":
  {"available_sizes":
    [[[150,
       67],
      "http://api-images.crunchbase.com/assets/images/resized/0019/7602/197602v1-max-150x150.jpg"],
     [[181,
       81],
      "http://api-images.crunchbase.com/assets/images/resized/0019/7602/197602v1-max-250x250.jpg"],
     [[181,
       81],
      "http://api-images.crunchbase.com/assets/images/resized/0019/7602/197602v1-max-450x450.jpg"]],
   "attribution": null},
 "products":
  [],
 "relationships":
  [],
 "competitions":
  [],
 "providerships":
  [],
 "total_money_raised": "$0",
 "funding_rounds":
  [],
 "investments":
  [],
 "acquisition": null,
 "acquisitions":
  [],
 "offices":
  [{"description": "",
    "address1": "1800 North Military Trail",
    "address2": "Suite 140",
    "zip_code": "33431",
    "city": "Boca Raton",
    "state_code": "FL",
    "country_code": "USA",
    "latitude": null,
    "longitude": null}],
 "milestones":
  [],
 "ipo": null,
 "video_embeds":
  [],
 "screenshots":
  [{"available_sizes":
     [[[150,
        110],
       "http://api-images.crunchbase.com/assets/images/resized/0019/7603/197603v1-max-150x150.jpg"],
      [[250,
        184],
       "http://api-images.crunchbase.com/assets/images/resized/0019/7603/197603v1-max-250x250.jpg"],
      [[450,
        332],
       "http://api-images.crunchbase.com/assets/images/resized/0019/7603/197603v1-max-450x450.jpg"]],
    "attribution": null}],
 "external_links":
  [],
 "partners":
  []}
