{"name": "Digilant",
 "permalink": "adnetik",
 "crunchbase_url": "http://www.crunchbase.com/company/adnetik",
 "homepage_url": "http://www.digilant.com",
 "blog_url": "",
 "blog_feed_url": "",
 "twitter_username": "Digilant_US",
 "category_code": "advertising",
 "number_of_employees": 100,
 "founded_year": 2009,
 "founded_month": 12,
 "founded_day": null,
 "deadpooled_year": null,
 "deadpooled_month": null,
 "deadpooled_day": null,
 "deadpooled_url": null,
 "tag_list": "digital-media, digital-advertising, real-time-bidding, advertising-technology, display, video, mobile",
 "alias_list": null,
 "email_address": "usinfo@digilant.com",
 "phone_number": "+1 617 849 6900",
 "description": "digital media targeting \u0026 trading",
 "created_at": "Tue Aug 02 18:38:38 UTC 2011",
 "updated_at": "Fri Sep 06 18:17:51 UTC 2013",
 "overview": "\u003Cp\u003EIn the battle for consumer attention it takes more than technology and data to deliver meaningful results. Digilant offers tools and services that uncover unique insights and deliver specific, relevant recommendations. Our approach produces actionable data about a marketers best customers and prospects. \u003C/p\u003E\n\n\u003Cp\u003EWe are the only programmatic media buying partner that offers a holistic view of the media planning process, encompassing service, insights and relevance. \u003C/p\u003E\n\n\u003Cp\u003EDigilant is a privately owned, independent company with multinational reach. The company is headquartered in Boston, with offices in Bogota, Chicago, Dallas, Denver, Los Angeles, New York, Madrid, Mexico City and Sao Paulo. \u003C/p\u003E",
 "image":
  {"available_sizes":
    [[[150,
       40],
      "http://api-images.crunchbase.com/assets/images/resized/0020/2801/202801v2-max-150x150.jpg"],
     [[250,
       67],
      "http://api-images.crunchbase.com/assets/images/resized/0020/2801/202801v2-max-250x250.jpg"],
     [[450,
       120],
      "http://api-images.crunchbase.com/assets/images/resized/0020/2801/202801v2-max-450x450.jpg"]],
   "attribution": null},
 "products":
  [],
 "relationships":
  [{"is_past": false,
    "title": "CEO",
    "person":
     {"first_name": "Edward",
      "last_name": "Montes",
      "permalink": "edward-montes"}},
   {"is_past": false,
    "title": "COO",
    "person":
     {"first_name": "Nathan",
      "last_name": "Woodman",
      "permalink": "nathan-woodman"}},
   {"is_past": false,
    "title": "VP of Product Management",
    "person":
     {"first_name": "Krishna",
      "last_name": "Boppana",
      "permalink": "krishna-boppana"}},
   {"is_past": false,
    "title": "Managing Director, United Kingdom",
    "person":
     {"first_name": "Timothy",
      "last_name": "Anderson Flink",
      "permalink": "timothy-anderson-flink"}},
   {"is_past": false,
    "title": "Managing Director, Brazil",
    "person":
     {"first_name": "Fabrizio",
      "last_name": "Bruzetti",
      "permalink": "fabrizio-bruzetti"}},
   {"is_past": false,
    "title": "Managing Director, Mexico",
    "person":
     {"first_name": "Mauricio",
      "last_name": "V\u00e1zquez",
      "permalink": "mauricio-vzquez"}},
   {"is_past": false,
    "title": "Managing Director, The Netherlands",
    "person":
     {"first_name": "Bj\u00f6rn",
      "last_name": "Brouwer",
      "permalink": "bjrn-brouwer"}}],
 "competitions":
  [],
 "providerships":
  [],
 "total_money_raised": "$0",
 "funding_rounds":
  [],
 "investments":
  [],
 "acquisition": null,
 "acquisitions":
  [],
 "offices":
  [{"description": "Boston",
    "address1": "100 North Washington Street, Suite 502",
    "address2": "",
    "zip_code": "02114",
    "city": "Boston",
    "state_code": "MA",
    "country_code": "USA",
    "latitude": null,
    "longitude": null},
   {"description": "London",
    "address1": "85 Tottenham Court Road",
    "address2": "",
    "zip_code": "W1T 4TQ",
    "city": "London",
    "state_code": null,
    "country_code": "GBR",
    "latitude": null,
    "longitude": null},
   {"description": "Mexico City",
    "address1": "Galileo No. 20, Suite 302. Col. Polanco Chapultepec Delegaci\u00c3\u00b3n Miguel Hidalgo, C.P.",
    "address2": "",
    "zip_code": "11560",
    "city": "Mexico City",
    "state_code": null,
    "country_code": "MEX",
    "latitude": null,
    "longitude": null},
   {"description": "Amsterdam",
    "address1": "Adnetik B.V.  Prinseneiland 57",
    "address2": "",
    "zip_code": "1013 LM",
    "city": "Amsterdam",
    "state_code": null,
    "country_code": "NLD",
    "latitude": null,
    "longitude": null},
   {"description": "Sao Paulo",
    "address1": "Av. Eng. Luis Carlos Berrini, 1461",
    "address2": "",
    "zip_code": "04571-011",
    "city": "S\u00c3\u00a3o Paulo",
    "state_code": null,
    "country_code": "BRA",
    "latitude": null,
    "longitude": null},
   {"description": "Madrid",
    "address1": "Avenida de Brasil 17, entreplanta A",
    "address2": "",
    "zip_code": "28020",
    "city": "Madrid",
    "state_code": null,
    "country_code": "ESP",
    "latitude": null,
    "longitude": null}],
 "milestones":
  [],
 "ipo": null,
 "video_embeds":
  [],
 "screenshots":
  [],
 "external_links":
  [],
 "partners":
  []}
