{"name": "Adomixx",
 "permalink": "adomixx",
 "crunchbase_url": "http://www.crunchbase.com/company/adomixx",
 "homepage_url": "http://adomixx.com",
 "blog_url": "",
 "blog_feed_url": "",
 "twitter_username": "adomixx",
 "category_code": "advertising",
 "number_of_employees": 11,
 "founded_year": 2011,
 "founded_month": 1,
 "founded_day": null,
 "deadpooled_year": 2014,
 "deadpooled_month": null,
 "deadpooled_day": null,
 "deadpooled_url": "",
 "tag_list": "",
 "alias_list": null,
 "email_address": "info@adomixx.com",
 "phone_number": "",
 "description": "Optimized Game Advertising",
 "created_at": "Tue Jan 03 05:03:13 UTC 2012",
 "updated_at": "Fri Mar 07 13:56:41 UTC 2014",
 "overview": "\u003Cp\u003EAdomixx is the leader in running Large-Scale Gaming campaigns on Facebook. Adomixx offers fully managed Advertising services to clients on a CPA/CPI pricing model. Adomixx\u0026#8217;s proprietary Ads API tool was built to identify and target high-ROI users in Real-time, automatically tweaking and testing thousands of ad variations, targeting and many other variables to deliver the best ROI for Gaming Marketers.\u003C/p\u003E",
 "image":
  {"available_sizes":
    [[[150,
       47],
      "http://api-images.crunchbase.com/assets/images/resized/0016/8856/168856v2-max-150x150.png"],
     [[206,
       65],
      "http://api-images.crunchbase.com/assets/images/resized/0016/8856/168856v2-max-250x250.png"],
     [[206,
       65],
      "http://api-images.crunchbase.com/assets/images/resized/0016/8856/168856v2-max-450x450.png"]],
   "attribution": null},
 "products":
  [],
 "relationships":
  [],
 "competitions":
  [],
 "providerships":
  [],
 "total_money_raised": "$0",
 "funding_rounds":
  [],
 "investments":
  [],
 "acquisition": null,
 "acquisitions":
  [],
 "offices":
  [{"description": "",
    "address1": "",
    "address2": "",
    "zip_code": "94612",
    "city": "Oakland",
    "state_code": "CA",
    "country_code": "USA",
    "latitude": null,
    "longitude": null}],
 "milestones":
  [],
 "ipo": null,
 "video_embeds":
  [],
 "screenshots":
  [],
 "external_links":
  [],
 "partners":
  []}
