{"name": "AdPlacers",
 "permalink": "adplacers",
 "crunchbase_url": "http://www.crunchbase.com/company/adplacers",
 "homepage_url": "http://www.adplacers.com",
 "blog_url": "http://blog.adplacers.com",
 "blog_feed_url": "",
 "twitter_username": "adplacers",
 "category_code": "advertising",
 "number_of_employees": 10,
 "founded_year": 2011,
 "founded_month": 8,
 "founded_day": null,
 "deadpooled_year": null,
 "deadpooled_month": null,
 "deadpooled_day": null,
 "deadpooled_url": null,
 "tag_list": "ad-network, nigeria, ghana, cameroun, advertising, digital-marketing, digital-marketing-in-nigeria, digital-marketing-in-africa, digital-marketing-in-ghana, ecommerce, africa, marketing",
 "alias_list": null,
 "email_address": "info@adplacers.com",
 "phone_number": "",
 "description": "Africa's Leading Ad Network",
 "created_at": "Tue Aug 09 15:14:14 UTC 2011",
 "updated_at": "Tue Aug 23 22:58:09 UTC 2011",
 "overview": "\u003Cp\u003EAdPlacers.com is a Convenient way to place and monitor your ads digitally ! A multi Ad platform and Africa\u0026#8217;s leading Ad Network.\u003C/p\u003E\n\n\u003Cp\u003EAdplacers is an Advertising Placement and Management platform that allows individuals, Agencies and Corporate brands to place and monitor their campaigns on leading websites like Google, Facebook, Yahoo, Twitter, BBC etc. instead of registering or login into different platforms, Adplacers simplifies all these by using a \u00e2\u20ac\u0153one platform for all\u00e2\u20ac\u009d approach which allows you to place and also monitor the progress on your campaigns.\u003C/p\u003E\n\n\u003Cp\u003EOur Ad network provides access to hundreds of Local websites that would give your business the online brand awareness that is needed \u00e2\u20ac\u201c thereby providing opportunities for Publishers to add their website to the increasing list of Adplacers\u00e2\u20ac\u2122 3rd party networks and earn transparently, while advertisers can select networks relevant to their business to promote campaigns.\u003C/p\u003E\n\n\u003Cp\u003EThe system is a simply-do-it-yourself approach that can be understood by any one that is not tech oriented. You have the option of uploading your campaign creatives or send us a mail to develop one for you. Digital Marketing in Nigeria and in Africa generally is getting wider, and it takes a platform that believes in simplicity of operations to carry people along.\u003C/p\u003E\n\n\u003Cp\u003EWhile we recognize the problem our solution is created to serve we also recognize the challenge of creating product uptake and so have the following strategy to ensure we have a relationship oriented service business that will appear irresistible to advertisers and publishers alike:\nWe will use a 3-way approach of INFORMING, DELIVERING \u0026amp; REWARDING\u003C/p\u003E\n\n\u003Cp\u003EInforming\nAdplacers have dedicated online presence (website, blog and social media presence) suited to provide case studies \u00e2\u20ac\u201c answers to the perennial questions around online advertising \u00e2\u20ac\u201c this is to give our brand a \u00e2\u20ac\u02dctouch\u00e2\u20ac\u2122 reputation. We also position as a thought leader in the field via Whitepapers and organizing and attending industry events.\u003C/p\u003E\n\n\u003Cp\u003EDelivering\nWe ensure the services we offer are as flawless as possible with back up options for worst case scenarios. Customer service will be key.\u003C/p\u003E\n\n\u003Cp\u003ERewards\nTaking a leaf from other sectors we will provide value in kind rewards to regular advertisers and publishers and also give them first offer options on new products within the company and the Group.\nAdplacers is a specialized product developed for the advertising industry by Flying Antlers Limited team with over 20 years combined experience in marketing and product development across advertising and other industries.\u003C/p\u003E",
 "image":
  {"available_sizes":
    [[[150,
       70],
      "http://api-images.crunchbase.com/assets/images/resized/0014/8632/148632v2-max-150x150.png"],
     [[186,
       88],
      "http://api-images.crunchbase.com/assets/images/resized/0014/8632/148632v2-max-250x250.png"],
     [[186,
       88],
      "http://api-images.crunchbase.com/assets/images/resized/0014/8632/148632v2-max-450x450.png"]],
   "attribution": null},
 "products":
  [],
 "relationships":
  [],
 "competitions":
  [],
 "providerships":
  [],
 "total_money_raised": "$0",
 "funding_rounds":
  [],
 "investments":
  [],
 "acquisition": null,
 "acquisitions":
  [],
 "offices":
  [],
 "milestones":
  [],
 "ipo": null,
 "video_embeds":
  [],
 "screenshots":
  [{"available_sizes":
     [[[150,
        84],
       "http://api-images.crunchbase.com/assets/images/resized/0014/8533/148533v2-max-150x150.png"],
      [[250,
        141],
       "http://api-images.crunchbase.com/assets/images/resized/0014/8533/148533v2-max-250x250.png"],
      [[450,
        254],
       "http://api-images.crunchbase.com/assets/images/resized/0014/8533/148533v2-max-450x450.png"]],
    "attribution": null}],
 "external_links":
  [{"external_url": "http://tekedia.com/16968/finally-nigeria-grown-online-advertising-company-adplacers-real-deal/",
    "title": "Finally, Nigeria Gets A Grown Up Online Advertising Company \u00e2\u20ac\u201c Adplacers May Be The Real Deal"},
   {"external_url": "http://webtrendsng.com/blog/nigerian-new-ad-network-gets-sweet-spot-on-nairaland-homepage-as-nairaland-make-millions/",
    "title": "Nigerian New Ad-network gets sweet spot on Nairaland Homepage as Nairaland make millions"}],
 "partners":
  []}
