{"name": "AdStars",
 "permalink": "adstars",
 "crunchbase_url": "http://www.crunchbase.com/company/adstars",
 "homepage_url": "http://www.adstars.co.id",
 "blog_url": "",
 "blog_feed_url": "",
 "twitter_username": "Adstars_ID",
 "category_code": "advertising",
 "number_of_employees": 40,
 "founded_year": 2009,
 "founded_month": null,
 "founded_day": null,
 "deadpooled_year": null,
 "deadpooled_month": null,
 "deadpooled_day": null,
 "deadpooled_url": null,
 "tag_list": "digital-advertising-indonesia, ad-network-indonesia, indonesian-ad-network, adnetwork-indonesia, ad-network",
 "alias_list": null,
 "email_address": "pr@adstars.co.id",
 "phone_number": "62-217192555",
 "description": "Indonesian Premium Ad Network",
 "created_at": "Mon Jan 16 08:11:45 UTC 2012",
 "updated_at": "Thu Mar 01 07:51:46 UTC 2012",
 "overview": "\u003Cp\u003EAdStars is Indonesian web and mobile ad network company that focuses on Indonesian Local Market, The company now has delivered 300M impressions with 20M unique users.\u003C/p\u003E\n\n\u003Cp\u003ESince incubation of this business in 2008, marked with the merger \u0026amp; acquisition action in 2010 with PT. Acquisition Digital, Adstars has been positioned as the leading Digital Advertising Media Network and has attained solid recognition in the Advertising Industry, as well as the very positive financial performance.\u003C/p\u003E\n\n\u003Cp\u003EAdStars is also appointed as UberSocial and Multiply reseller for Indonesia region.\u003C/p\u003E",
 "image":
  {"available_sizes":
    [[[46,
       39],
      "http://api-images.crunchbase.com/assets/images/resized/0017/0291/170291v2-max-150x150.jpg"],
     [[46,
       39],
      "http://api-images.crunchbase.com/assets/images/resized/0017/0291/170291v2-max-250x250.jpg"],
     [[46,
       39],
      "http://api-images.crunchbase.com/assets/images/resized/0017/0291/170291v2-max-450x450.jpg"]],
   "attribution": null},
 "products":
  [],
 "relationships":
  [],
 "competitions":
  [],
 "providerships":
  [],
 "total_money_raised": "$0",
 "funding_rounds":
  [],
 "investments":
  [],
 "acquisition": null,
 "acquisitions":
  [],
 "offices":
  [{"description": "Two Kemang Place",
    "address1": "Jl. Kemang Raya Selatan No.2 South Jakarta",
    "address2": "",
    "zip_code": "12730",
    "city": "Jakarta",
    "state_code": null,
    "country_code": "IDN",
    "latitude": null,
    "longitude": null}],
 "milestones":
  [{"id": 20410,
    "description": "AdStars Generates 500M Monthly Impressions",
    "stoned_year": 2011,
    "stoned_month": 7,
    "stoned_day": 11,
    "source_url": "http://adstars.co.id/adstarsweb/news_event_detail.php?id=14",
    "source_text": null,
    "source_description": "INDONESIAN AD NETWORK, ADSTARS, GENERATES 500 MILLION MONTHLY IMPRESSIONS",
    "stoneable_type": "Company",
    "stoned_value": null,
    "stoned_value_type": null,
    "stoned_acquirer": null,
    "stoneable":
     {"name": "AdStars",
      "permalink": "adstars"}},
   {"id": 20411,
    "description": "AdStars Generates 1 Billion monthly impressions",
    "stoned_year": 2011,
    "stoned_month": 9,
    "stoned_day": 29,
    "source_url": "http://adstars.co.id/adstarsweb/news_event_detail.php?id=11",
    "source_text": null,
    "source_description": "ADSTARS, INDONESIAN LOCAL AD NETWORK, REACHING 1 BILLION MONTHLY IMPRESSIONS",
    "stoneable_type": "Company",
    "stoned_value": null,
    "stoned_value_type": null,
    "stoned_acquirer": null,
    "stoneable":
     {"name": "AdStars",
      "permalink": "adstars"}},
   {"id": 20412,
    "description": "AdStars appointed as UberMedia Exclusive in-country Advertising Partner for Indonesia Region",
    "stoned_year": 2011,
    "stoned_month": 12,
    "stoned_day": 5,
    "source_url": "http://adstars.co.id/adstarsweb/news_event_detail.php?id=17",
    "source_text": null,
    "source_description": "ADSTARS APPOINTED AS UBER SOCIAL OFFICIAL RESELLER FOR INDONESIA REGION BY UBER MEDIA",
    "stoneable_type": "Company",
    "stoned_value": null,
    "stoned_value_type": null,
    "stoned_acquirer": null,
    "stoneable":
     {"name": "AdStars",
      "permalink": "adstars"}},
   {"id": 20413,
    "description": "Multiply.com, one of the most leading social networks in South East Asia has recently appointed AdStars as its exclusive reseller partner for Indonesia region. AdStars will now carry out the advertising sales in the region.",
    "stoned_year": 2011,
    "stoned_month": 12,
    "stoned_day": 15,
    "source_url": "http://adstars.co.id/adstarsweb/news_event_detail.php?id=21",
    "source_text": null,
    "source_description": "ADSTARS APPOINTED AS MULTIPLY'S EXCLUSIVE RESELLER FOR INDONESIA REGION",
    "stoneable_type": "Company",
    "stoned_value": null,
    "stoned_value_type": null,
    "stoned_acquirer": null,
    "stoneable":
     {"name": "AdStars",
      "permalink": "adstars"}}],
 "ipo": null,
 "video_embeds":
  [{"embed_code": "http://www.youtube.com/watch?v=1KpZpQEbzlU",
    "description": "\u003Cp\u003EAdStars Premium Ad Network\u003C/p\u003E"}],
 "screenshots":
  [],
 "external_links":
  [],
 "partners":
  []}
