{"name": "ADTECH Systems",
 "permalink": "adtech-systems",
 "crunchbase_url": "http://www.crunchbase.com/company/adtech-systems",
 "homepage_url": "http://www.adtechsystems.com",
 "blog_url": "",
 "blog_feed_url": "",
 "twitter_username": null,
 "category_code": null,
 "number_of_employees": null,
 "founded_year": null,
 "founded_month": null,
 "founded_day": null,
 "deadpooled_year": null,
 "deadpooled_month": null,
 "deadpooled_day": null,
 "deadpooled_url": null,
 "tag_list": "",
 "alias_list": "",
 "email_address": "",
 "phone_number": "800-359-0077",
 "description": "",
 "created_at": "Mon Oct 10 05:35:52 UTC 2011",
 "updated_at": "Mon Oct 10 05:40:26 UTC 2011",
 "overview": "\u003Cp\u003EADTECH Systems is New England\u0026#8217;s premier full-service AV integration company, with the ability and experience to tackle AV systems of any size or complexity.\u003C/p\u003E",
 "image":
  {"available_sizes":
    [[[150,
       52],
      "http://api-images.crunchbase.com/assets/images/resized/0015/7439/157439v1-max-150x150.jpg"],
     [[240,
       84],
      "http://api-images.crunchbase.com/assets/images/resized/0015/7439/157439v1-max-250x250.jpg"],
     [[240,
       84],
      "http://api-images.crunchbase.com/assets/images/resized/0015/7439/157439v1-max-450x450.jpg"]],
   "attribution": null},
 "products":
  [],
 "relationships":
  [{"is_past": false,
    "title": "Vice President of Sales and Marketing",
    "person":
     {"first_name": "Greg",
      "last_name": "Nank",
      "permalink": "greg-nank"}}],
 "competitions":
  [],
 "providerships":
  [],
 "total_money_raised": "$0",
 "funding_rounds":
  [],
 "investments":
  [],
 "acquisition": null,
 "acquisitions":
  [],
 "offices":
  [{"description": "",
    "address1": "490 Boston Post Rd",
    "address2": "",
    "zip_code": "01776",
    "city": "Sudbury",
    "state_code": "MA",
    "country_code": "USA",
    "latitude": null,
    "longitude": null}],
 "milestones":
  [],
 "ipo": null,
 "video_embeds":
  [],
 "screenshots":
  [{"available_sizes":
     [[[150,
        121],
       "http://api-images.crunchbase.com/assets/images/resized/0015/7440/157440v1-max-150x150.jpg"],
      [[250,
        202],
       "http://api-images.crunchbase.com/assets/images/resized/0015/7440/157440v1-max-250x250.jpg"],
      [[450,
        363],
       "http://api-images.crunchbase.com/assets/images/resized/0015/7440/157440v1-max-450x450.jpg"]],
    "attribution": null}],
 "external_links":
  [],
 "partners":
  []}
