{"name": "AdTotum",
 "permalink": "adtotum",
 "crunchbase_url": "http://www.crunchbase.com/company/adtotum",
 "homepage_url": "http://www.adtotum.com",
 "blog_url": "",
 "blog_feed_url": "",
 "twitter_username": "AdTotum",
 "category_code": "advertising",
 "number_of_employees": 15,
 "founded_year": 2009,
 "founded_month": null,
 "founded_day": null,
 "deadpooled_year": null,
 "deadpooled_month": null,
 "deadpooled_day": null,
 "deadpooled_url": null,
 "tag_list": "high-traffic-publishers, online-advertising, optimization, real-time, genetic-algorithm, monetizing",
 "alias_list": null,
 "email_address": "whole.team@adtotum.com",
 "phone_number": "02031707438",
 "description": "Monetizing High Traffic Sites",
 "created_at": "Fri Oct 07 14:22:40 UTC 2011",
 "updated_at": "Thu Oct 03 19:04:43 UTC 2013",
 "overview": "\u003Cp\u003EAdTotum is a revenue generation solution for high traffic websites, working across all page views by all visitors to provide a complete solution for publishers.\u003Cbr/\u003E\nThe systems and genetic algorithms used by AdTotum scale to and analyze the behaviour of millions of users to predict what they need next thereby producing a CPM (revenue per thousand impressions) that increases over time and traffic volume rather than burning out.  AdTotum out-performs standard banner ads and other smart ad systems with high click through rates across all impressions, effectively monetizing entire high traffic sites.\u003C/p\u003E",
 "image":
  {"available_sizes":
    [[[100,
       60],
      "http://api-images.crunchbase.com/assets/images/resized/0015/9890/159890v2-max-150x150.png"],
     [[100,
       60],
      "http://api-images.crunchbase.com/assets/images/resized/0015/9890/159890v2-max-250x250.png"],
     [[100,
       60],
      "http://api-images.crunchbase.com/assets/images/resized/0015/9890/159890v2-max-450x450.png"]],
   "attribution": null},
 "products":
  [{"name": "AdTotum Ad System",
    "permalink": "adtotum-ad-system"}],
 "relationships":
  [{"is_past": false,
    "title": "VP of Business Development",
    "person":
     {"first_name": "Sam",
      "last_name": "Hyatt-Twynam",
      "permalink": "sam-hyatt-twynam"}},
   {"is_past": false,
    "title": "Director",
    "person":
     {"first_name": "Beth",
      "last_name": "Hawthorne",
      "permalink": "beth-hawthorne"}}],
 "competitions":
  [],
 "providerships":
  [],
 "total_money_raised": "\u00a330k",
 "funding_rounds":
  [{"id": 25809,
    "round_code": "seed",
    "source_url": "",
    "source_description": " South East England Development Agency (SEEDA)",
    "raised_amount": 30000.0,
    "raised_currency_code": "GBP",
    "funded_year": 2011,
    "funded_month": 8,
    "funded_day": 1,
    "investments":
     []}],
 "investments":
  [],
 "acquisition": null,
 "acquisitions":
  [],
 "offices":
  [{"description": "London Office",
    "address1": "Trinity House",
    "address2": "78 Pall Mall",
    "zip_code": "SW1Y 5ES",
    "city": "London",
    "state_code": null,
    "country_code": "GBR",
    "latitude": null,
    "longitude": null},
   {"description": "American Office",
    "address1": "West El Camino Real",
    "address2": "",
    "zip_code": "94041",
    "city": "Mountain View",
    "state_code": "CA",
    "country_code": "USA",
    "latitude": null,
    "longitude": null}],
 "milestones":
  [],
 "ipo": null,
 "video_embeds":
  [{"embed_code": "\u003Ciframe width=\"560\" height=\"315\" src=\"http://www.youtube.com/embed/nQbqrKN1uWc\" frameborder=\"0\" allowfullscreen\u003E\u003C/iframe\u003E",
    "description": "\u003Cp\u003EAdTotum for Publishers\u003C/p\u003E"}],
 "screenshots":
  [],
 "external_links":
  [],
 "partners":
  [{"partner_name": "ct_quan",
    "homepage_url": "unknown",
    "link_1_url": null,
    "link_2_url": null,
    "link_3_url": null,
    "link_1_name": null,
    "link_2_name": null,
    "link_3_name": null}]}
