{"name": "Advance Auto Parts",
 "permalink": "advance-auto-parts",
 "crunchbase_url": "http://www.crunchbase.com/company/advance-auto-parts",
 "homepage_url": "http://corp.advanceautoparts.com",
 "blog_url": "",
 "blog_feed_url": "",
 "twitter_username": null,
 "category_code": "ecommerce",
 "number_of_employees": null,
 "founded_year": 1932,
 "founded_month": null,
 "founded_day": null,
 "deadpooled_year": null,
 "deadpooled_month": null,
 "deadpooled_day": null,
 "deadpooled_url": null,
 "tag_list": "",
 "alias_list": "",
 "email_address": "mediarelations@advanceautoparts.com",
 "phone_number": "(540) 561-8452",
 "description": "",
 "created_at": "Mon Aug 22 20:53:31 UTC 2011",
 "updated_at": "Wed Dec 11 00:21:34 UTC 2013",
 "overview": "\u003Cp\u003EHeadquartered in Roanoke, Va., Advance Auto Parts, Inc., a leading automotive aftermarket retailer of parts, accessories, batteries, and maintenance items, in the United States, serves both the do-it-yourself and professional installer markets.   The company operates over 3,900 stores in 39 states, Puerto Rico, and the Virgin Islands  and employs over  55,000 of the best Team Members in the business.\u003C/p\u003E\n\n\u003Cp\u003EAdvance Auto Parts works hard to create an environment of honesty, integrity, mutual trust and dedication. Since our founding by Arthur Taubman in 1932, the values haven\u2019t changed.\u003C/p\u003E",
 "image":
  {"available_sizes":
    [[[150,
       49],
      "http://api-images.crunchbase.com/assets/images/resized/0016/0573/160573v2-max-150x150.png"],
     [[250,
       83],
      "http://api-images.crunchbase.com/assets/images/resized/0016/0573/160573v2-max-250x250.png"],
     [[250,
       83],
      "http://api-images.crunchbase.com/assets/images/resized/0016/0573/160573v2-max-450x450.png"]],
   "attribution": null},
 "products":
  [],
 "relationships":
  [{"is_past": true,
    "title": "sales",
    "person":
     {"first_name": "Anthony",
      "last_name": "Henriquez",
      "permalink": "anthony-henriquez"}},
   {"is_past": true,
    "title": "Marketing and Advertising",
    "person":
     {"first_name": "Geoffrey",
      "last_name": "R. McCarty",
      "permalink": "geoffrey-r-mccarty"}},
   {"is_past": true,
    "title": "Web Application Developer",
    "person":
     {"first_name": "Matt",
      "last_name": "Harrington",
      "permalink": "matt-harrington"}}],
 "competitions":
  [{"competitor":
     {"name": "Partsgeek.com",
      "permalink": "partsgeek-com"}}],
 "providerships":
  [],
 "total_money_raised": "$0",
 "funding_rounds":
  [],
 "investments":
  [],
 "acquisition": null,
 "acquisitions":
  [{"price_amount": 2400000000.0,
    "price_currency_code": "USD",
    "term_code": "cash",
    "source_url": "http://dealbook.nytimes.com/2013/10/16/advance-auto-parts-to-buy-rival-for-2-billion/?smid=tw-dealbook\u0026seid=auto\u0026_r=0",
    "source_description": "Advance Auto Parts to Buy Rival for $2 Billion",
    "acquired_year": 2013,
    "acquired_month": 10,
    "acquired_day": 16,
    "company":
     {"name": "General Parts International",
      "permalink": "general-parts-international"}}],
 "offices":
  [{"description": "Store Support Center",
    "address1": "5008 Airport Road",
    "address2": "",
    "zip_code": "24012",
    "city": "Roanoke",
    "state_code": "VA",
    "country_code": "USA",
    "latitude": null,
    "longitude": null}],
 "milestones":
  [],
 "ipo": null,
 "video_embeds":
  [],
 "screenshots":
  [{"available_sizes":
     [[[150,
        128],
       "http://api-images.crunchbase.com/assets/images/resized/0022/8093/228093v2-max-150x150.png"],
      [[250,
        214],
       "http://api-images.crunchbase.com/assets/images/resized/0022/8093/228093v2-max-250x250.png"],
      [[280,
        240],
       "http://api-images.crunchbase.com/assets/images/resized/0022/8093/228093v2-max-450x450.png"]],
    "attribution": null}],
 "external_links":
  [{"external_url": "http://jobs.advanceautoparts.com/",
    "title": "Automotive Delivery Driver jobs"},
   {"external_url": "http://www.riocoupon.com/advanceautoparts/",
    "title": "Advance Auto Parts Reviews, Info \u0026 Coupons"},
   {"external_url": "http://www.riocoupon.com/articles/how-to-choose-auto-parts-online.html",
    "title": "How to Choose Auto Parts Online?"}],
 "partners":
  []}
