{"name": "Advanced Data Systems Corporation",
 "permalink": "advanced-data-systems-corporation",
 "crunchbase_url": "http://www.crunchbase.com/company/advanced-data-systems-corporation",
 "homepage_url": "http://www.adsc.com",
 "blog_url": "",
 "blog_feed_url": "",
 "twitter_username": "adscorp",
 "category_code": null,
 "number_of_employees": null,
 "founded_year": null,
 "founded_month": null,
 "founded_day": null,
 "deadpooled_year": null,
 "deadpooled_month": null,
 "deadpooled_day": null,
 "deadpooled_url": null,
 "tag_list": "",
 "alias_list": "",
 "email_address": "info@adsc.com",
 "phone_number": "1-800-899-4237",
 "description": "",
 "created_at": "Sat Aug 27 06:49:12 UTC 2011",
 "updated_at": "Mon Aug 29 13:08:51 UTC 2011",
 "overview": "\u003Cp\u003EAdvanced Data Systems Corporation (ADS) is a leading provider of Electronic Health Records (EHR/EMR), Practice Management and Radiology Information Systems (RIS/PACS) solutions, currently serving over 30,000 physicians and healthcare providers in every medical specialty and practice size.\u003C/p\u003E",
 "image":
  {"available_sizes":
    [[[150,
       23],
      "http://api-images.crunchbase.com/assets/images/resized/0015/1414/151414v1-max-150x150.jpg"],
     [[250,
       39],
      "http://api-images.crunchbase.com/assets/images/resized/0015/1414/151414v1-max-250x250.jpg"],
     [[450,
       71],
      "http://api-images.crunchbase.com/assets/images/resized/0015/1414/151414v1-max-450x450.jpg"]],
   "attribution": null},
 "products":
  [],
 "relationships":
  [{"is_past": true,
    "title": "Co-founder and President",
    "person":
     {"first_name": "Ran",
      "last_name": "Flam",
      "permalink": "ran-flam"}}],
 "competitions":
  [],
 "providerships":
  [],
 "total_money_raised": "$0",
 "funding_rounds":
  [],
 "investments":
  [],
 "acquisition": null,
 "acquisitions":
  [],
 "offices":
  [{"description": "",
    "address1": "15 Prospect Street",
    "address2": "",
    "zip_code": "07652",
    "city": "Paramus",
    "state_code": "NJ",
    "country_code": "USA",
    "latitude": null,
    "longitude": null}],
 "milestones":
  [],
 "ipo": null,
 "video_embeds":
  [],
 "screenshots":
  [{"available_sizes":
     [[[150,
        117],
       "http://api-images.crunchbase.com/assets/images/resized/0015/1415/151415v3-max-150x150.jpg"],
      [[250,
        195],
       "http://api-images.crunchbase.com/assets/images/resized/0015/1415/151415v3-max-250x250.jpg"],
      [[450,
        351],
       "http://api-images.crunchbase.com/assets/images/resized/0015/1415/151415v3-max-450x450.jpg"]],
    "attribution": null}],
 "external_links":
  [],
 "partners":
  []}
