{"name": "Advanced Search Laboratories",
 "permalink": "advanced-search-laboratories",
 "crunchbase_url": "http://www.crunchbase.com/company/advanced-search-laboratories",
 "homepage_url": "http://www.advancedsearchlabs.com",
 "blog_url": "",
 "blog_feed_url": "",
 "twitter_username": null,
 "category_code": "search",
 "number_of_employees": null,
 "founded_year": null,
 "founded_month": null,
 "founded_day": null,
 "deadpooled_year": null,
 "deadpooled_month": null,
 "deadpooled_day": null,
 "deadpooled_url": null,
 "tag_list": "",
 "alias_list": "",
 "email_address": "",
 "phone_number": "",
 "description": "",
 "created_at": "Fri Sep 09 01:11:51 UTC 2011",
 "updated_at": "Thu Oct 24 04:47:20 UTC 2013",
 "overview": "\u003Cp\u003EAdvanced Search Laboratories is creating a search engine solution that 1. provides the power of complex structured search even to novice users through a proprietary graphical user interface, while 2. maximizing advertiser dollars through a publisher-friendly backend toolset that eliminates the need for Search Engine Optimization (SEO).\u003C/p\u003E",
 "image":
  {"available_sizes":
    [[[150,
       29],
      "http://api-images.crunchbase.com/assets/images/resized/0024/9141/249141v2-max-150x150.png"],
     [[250,
       48],
      "http://api-images.crunchbase.com/assets/images/resized/0024/9141/249141v2-max-250x250.png"],
     [[267,
       52],
      "http://api-images.crunchbase.com/assets/images/resized/0024/9141/249141v2-max-450x450.png"]],
   "attribution": null},
 "products":
  [],
 "relationships":
  [{"is_past": false,
    "title": "CTO \u0026 Co-Founder",
    "person":
     {"first_name": "Jason",
      "last_name": "Coleman",
      "permalink": "jason-coleman-2"}},
   {"is_past": false,
    "title": "Executive Chairman, CEO \u0026 Co-Founder",
    "person":
     {"first_name": "Rod",
      "last_name": "D. Martin",
      "permalink": "rod-martin"}},
   {"is_past": false,
    "title": "COO \u0026 Co-Founder",
    "person":
     {"first_name": "Elvin",
      "last_name": "Smith",
      "permalink": "elvin-smith"}},
   {"is_past": false,
    "title": "Founder \u0026 Chief Strategy Officer",
    "person":
     {"first_name": "Steven",
      "last_name": "Thrasher",
      "permalink": "steven-thrasher"}},
   {"is_past": false,
    "title": "Board of Advisors",
    "person":
     {"first_name": "Brad",
      "last_name": "Taylor",
      "permalink": "brad-taylor-2"}},
   {"is_past": false,
    "title": "Board of Directors",
    "person":
     {"first_name": "Gilbert",
      "last_name": "F. Amelio",
      "permalink": "gilbert-f-amelio"}}],
 "competitions":
  [],
 "providerships":
  [],
 "total_money_raised": "$650k",
 "funding_rounds":
  [{"id": 44130,
    "round_code": "partial",
    "source_url": "http://www.sec.gov/Archives/edgar/data/1526971/000152697112000001/xslFormDX01/primary_doc.xml",
    "source_description": "SEC",
    "raised_amount": 150000.0,
    "raised_currency_code": "USD",
    "funded_year": 2012,
    "funded_month": 8,
    "funded_day": 9,
    "investments":
     []},
   {"id": 51295,
    "round_code": "unattributed",
    "source_url": "http://www.sec.gov/Archives/edgar/data/1526971/000152697111000001/xslFormDX01/primary_doc.xml",
    "source_description": "SEC",
    "raised_amount": 500000.0,
    "raised_currency_code": "USD",
    "funded_year": 2011,
    "funded_month": 7,
    "funded_day": 29,
    "investments":
     []}],
 "investments":
  [],
 "acquisition": null,
 "acquisitions":
  [],
 "offices":
  [{"description": "",
    "address1": "",
    "address2": "",
    "zip_code": "",
    "city": "Dallas",
    "state_code": "TX",
    "country_code": "USA",
    "latitude": null,
    "longitude": null},
   {"description": "",
    "address1": "",
    "address2": "",
    "zip_code": "92625",
    "city": "Newport Beach",
    "state_code": "CA",
    "country_code": "USA",
    "latitude": null,
    "longitude": null}],
 "milestones":
  [],
 "ipo": null,
 "video_embeds":
  [],
 "screenshots":
  [],
 "external_links":
  [],
 "partners":
  []}
