{"name": "Advertar",
 "permalink": "advertar",
 "crunchbase_url": "http://www.crunchbase.com/company/advertar",
 "homepage_url": "http://www.advertar.co.uk",
 "blog_url": "",
 "blog_feed_url": "",
 "twitter_username": "advertar",
 "category_code": "advertising",
 "number_of_employees": 30,
 "founded_year": 2011,
 "founded_month": 2,
 "founded_day": 14,
 "deadpooled_year": null,
 "deadpooled_month": null,
 "deadpooled_day": null,
 "deadpooled_url": null,
 "tag_list": "advertising, marketing, door-to-door, leaflet-distribution",
 "alias_list": null,
 "email_address": "info@advertar.co.uk",
 "phone_number": "+44 3333 441 443",
 "description": "Leaflet distribution",
 "created_at": "Wed Feb 15 00:22:01 UTC 2012",
 "updated_at": "Fri Mar 02 11:20:04 UTC 2012",
 "overview": "\u003Cp\u003EAdvertar brings technology to the problem of reliable leaflet distribution in Bristol and the south west of England.\nA web application developed in house allows customers to select and target areas to deliver marketing materials to. It uses demographics and mapping to make this easy for customers.\nAll leaflet delivery staff are tracked using GPS data loggers and the resultant data is also available via our web application for the customer\u0026#8217;s peace of mind. It shows the exact time and date each house was delivered to.\u003C/p\u003E",
 "image":
  {"available_sizes":
    [[[150,
       45],
      "http://api-images.crunchbase.com/assets/images/resized/0017/4286/174286v2-max-150x150.png"],
     [[250,
       75],
      "http://api-images.crunchbase.com/assets/images/resized/0017/4286/174286v2-max-250x250.png"],
     [[400,
       120],
      "http://api-images.crunchbase.com/assets/images/resized/0017/4286/174286v2-max-450x450.png"]],
   "attribution": null},
 "products":
  [],
 "relationships":
  [{"is_past": false,
    "title": "Managing Director",
    "person":
     {"first_name": "Lewis",
      "last_name": "Buckley",
      "permalink": "lewis-buckley"}}],
 "competitions":
  [],
 "providerships":
  [],
 "total_money_raised": "$0",
 "funding_rounds":
  [],
 "investments":
  [],
 "acquisition": null,
 "acquisitions":
  [],
 "offices":
  [{"description": "HQ",
    "address1": "22 St Johns Road",
    "address2": "",
    "zip_code": "BS21 7TG",
    "city": "Clevedon",
    "state_code": null,
    "country_code": "GBR",
    "latitude": null,
    "longitude": null}],
 "milestones":
  [],
 "ipo": null,
 "video_embeds":
  [],
 "screenshots":
  [],
 "external_links":
  [],
 "partners":
  []}
