{"name": "Advenio Software",
 "permalink": "advenio-software",
 "crunchbase_url": "http://www.crunchbase.com/company/advenio-software",
 "homepage_url": "http://www.advenio.com.ar",
 "blog_url": "http://www.advenio.com.ar/en/blog",
 "blog_feed_url": "",
 "twitter_username": "adveniosoftware",
 "category_code": "software",
 "number_of_employees": 10,
 "founded_year": 2007,
 "founded_month": 1,
 "founded_day": 6,
 "deadpooled_year": null,
 "deadpooled_month": null,
 "deadpooled_day": null,
 "deadpooled_url": null,
 "tag_list": "advenio-software, gmdss, software-simulator, cbt, computer-based-training, software-development, mobile-software, web-sites",
 "alias_list": null,
 "email_address": "info@advenio.com.ar",
 "phone_number": "",
 "description": "Quality solutions",
 "created_at": "Thu Nov 10 21:53:47 UTC 2011",
 "updated_at": "Sun Nov 20 06:49:30 UTC 2011",
 "overview": "\u003Cp\u003EAdvenio Software S.R.L. is a company integrated by computer science professionals with large experience in different fields of computer application\u0026#8217;s development. The company specializes in software engineering, developing high quality products as a result of the application of new technologies and ongoing research and training tasks.\u003C/p\u003E\n\n\u003Cp\u003EIn Advenio Software we specialize in software engineering, emphasizing on the product quality, implementation of new technologies, continuous research and training. We are aware of the importance that software has for our customers as an essential tool for achieving its objectives and we are committed to the success of projects jointly assumed.\u003C/p\u003E\n\n\u003Cp\u003EAs we stated in our quality policy, we strive to meet and exceed customer expectations, creating long-term relationships based on trust and mutual benefit.\u003C/p\u003E\n\n\u003Cp\u003EAdvenio is a Latin word which means to arrive. In our professional activity, we consider very important to achieve our goals working with firmness, enthusiasm and perseverance.\u003C/p\u003E",
 "image":
  {"available_sizes":
    [[[150,
       66],
      "http://api-images.crunchbase.com/assets/images/resized/0016/1830/161830v2-max-150x150.jpg"],
     [[250,
       109],
      "http://api-images.crunchbase.com/assets/images/resized/0016/1830/161830v2-max-250x250.jpg"],
     [[300,
       132],
      "http://api-images.crunchbase.com/assets/images/resized/0016/1830/161830v2-max-450x450.jpg"]],
   "attribution": null},
 "products":
  [],
 "relationships":
  [],
 "competitions":
  [],
 "providerships":
  [],
 "total_money_raised": "$0",
 "funding_rounds":
  [],
 "investments":
  [],
 "acquisition": null,
 "acquisitions":
  [],
 "offices":
  [{"description": "Headquarters",
    "address1": "San Martin 3391 9B",
    "address2": "",
    "zip_code": "7600",
    "city": "Mar del Plata",
    "state_code": null,
    "country_code": "ARG",
    "latitude": null,
    "longitude": null}],
 "milestones":
  [],
 "ipo": null,
 "video_embeds":
  [],
 "screenshots":
  [],
 "external_links":
  [],
 "partners":
  []}
