{"name": "Adventeer",
 "permalink": "adventeer",
 "crunchbase_url": "http://www.crunchbase.com/company/adventeer",
 "homepage_url": "http://www.adventeer.com",
 "blog_url": "http://www.adventeer.com/blog",
 "blog_feed_url": "http://www.adventeer.com/blog/?feed=rss2",
 "twitter_username": "adventeer",
 "category_code": "other",
 "number_of_employees": null,
 "founded_year": 2010,
 "founded_month": 12,
 "founded_day": 4,
 "deadpooled_year": null,
 "deadpooled_month": null,
 "deadpooled_day": null,
 "deadpooled_url": null,
 "tag_list": "travel, travel-blog, travel-journal, travel-maps, interactive-map, travel-news",
 "alias_list": null,
 "email_address": "contact@adventeer.com",
 "phone_number": "",
 "description": "travel, blog, map, journal ",
 "created_at": "Wed Sep 21 10:17:18 UTC 2011",
 "updated_at": "Mon Nov 14 21:50:08 UTC 2011",
 "overview": "\u003Cp\u003EAdventeer.com presents powerful ways of showing which countries, cities and places you have been and for creating beautiful travel journals for people on the go. The site also features news from the world of travel, adventure, exploration and more.\u003C/p\u003E\n\n\u003Cp\u003EOn Adventeer.com you can create your own interactive travel maps to show off the countries you have been and the cities and places you have visited. You also get travel statistics of where in the world you have been.\u003C/p\u003E\n\n\u003Cp\u003EYou can create powerful and great looking travel journals wherein you can blog about your travel experiences. You can easily add video, pictures and maps to your journals. Besides this you can off course share them with friends and family.\u003C/p\u003E\n\n\u003Cp\u003EAdventeer.com also features interesting news and interviews relating to travel, adventure and exploration.\u003C/p\u003E",
 "image": null,
 "products":
  [],
 "relationships":
  [{"is_past": false,
    "title": "Founder",
    "person":
     {"first_name": "Allan",
      "last_name": "Torp Jensen",
      "permalink": "allan-torp-jensen"}},
   {"is_past": false,
    "title": "Marketing Director",
    "person":
     {"first_name": "Pimjun",
      "last_name": "Senneam",
      "permalink": "pimjun-senneam"}}],
 "competitions":
  [],
 "providerships":
  [],
 "total_money_raised": "$0",
 "funding_rounds":
  [],
 "investments":
  [],
 "acquisition": null,
 "acquisitions":
  [],
 "offices":
  [],
 "milestones":
  [],
 "ipo": null,
 "video_embeds":
  [],
 "screenshots":
  [],
 "external_links":
  [],
 "partners":
  []}
