{"name": "Advia",
 "permalink": "advia",
 "crunchbase_url": "http://www.crunchbase.com/company/advia",
 "homepage_url": "http://www.advia.com.au",
 "blog_url": "http://www.advia.com.au/blog",
 "blog_feed_url": "http://www.advia.com.au/feed/rss",
 "twitter_username": "AdviaDigital",
 "category_code": "advertising",
 "number_of_employees": 5,
 "founded_year": 2011,
 "founded_month": 1,
 "founded_day": null,
 "deadpooled_year": null,
 "deadpooled_month": null,
 "deadpooled_day": null,
 "deadpooled_url": null,
 "tag_list": "seo, sem, ppc, adwords",
 "alias_list": null,
 "email_address": "info@advia.com.au",
 "phone_number": "(07) 3103 3660",
 "description": "Online Marketing Agency",
 "created_at": "Sun Sep 11 01:48:59 UTC 2011",
 "updated_at": "Fri Nov 11 20:39:16 UTC 2011",
 "overview": "\u003Cp\u003EAdvia is a digital marketing agency with a specialisation in Google AdWords account management and search engine optimisation.\u003C/p\u003E",
 "image": null,
 "products":
  [],
 "relationships":
  [{"is_past": false,
    "title": "Director",
    "person":
     {"first_name": "Joel",
      "last_name": "McAleer",
      "permalink": "joel-mcaleer"}}],
 "competitions":
  [],
 "providerships":
  [],
 "total_money_raised": "$0",
 "funding_rounds":
  [],
 "investments":
  [],
 "acquisition": null,
 "acquisitions":
  [],
 "offices":
  [],
 "milestones":
  [],
 "ipo": null,
 "video_embeds":
  [],
 "screenshots":
  [],
 "external_links":
  [],
 "partners":
  []}
