{"name": "Advisr",
 "permalink": "advisr",
 "crunchbase_url": "http://www.crunchbase.com/company/advisr",
 "homepage_url": "http://advisr.me",
 "blog_url": "",
 "blog_feed_url": "",
 "twitter_username": "myAdvisr",
 "category_code": "other",
 "number_of_employees": 2,
 "founded_year": 2011,
 "founded_month": 8,
 "founded_day": 31,
 "deadpooled_year": null,
 "deadpooled_month": null,
 "deadpooled_day": null,
 "deadpooled_url": null,
 "tag_list": "advice, tips, web-2-0, social, facebook, twitter, vk",
 "alias_list": null,
 "email_address": "advisr@usa.com",
 "phone_number": "+79265522684",
 "description": "Any 3 tips on anything",
 "created_at": "Thu Sep 01 10:48:52 UTC 2011",
 "updated_at": "Tue May 28 10:49:16 UTC 2013",
 "overview": "\u003Cp\u003EAdvisr allows you to get any 3 tips on just anything: appearance, personality, relationship, entertainment, etc.\u003C/p\u003E\n\n\u003Cp\u003EWhat\u00e2\u20ac\u2122s the point? There are at least three reasons to join Advisr:\u003C/p\u003E\n\n\u003Col\u003E\n\u003Cli\u003EIt\u00e2\u20ac\u2122s fun and interesting.\u003C/li\u003E\n\u003Cli\u003EFriends will never point you into the wrong direction.\u003C/li\u003E\n\u003Cli\u003ESome tips will improve your life for sure.\u003C/li\u003E\n\u003C/ol\u003E\n\n\u003Cp\u003EAdvisr is not only easy to use, it\u00e2\u20ac\u2122s also free!\u003C/p\u003E",
 "image":
  {"available_sizes":
    [[[150,
       47],
      "http://api-images.crunchbase.com/assets/images/resized/0026/7979/267979v1-max-150x150.jpg"],
     [[235,
       75],
      "http://api-images.crunchbase.com/assets/images/resized/0026/7979/267979v1-max-250x250.jpg"],
     [[235,
       75],
      "http://api-images.crunchbase.com/assets/images/resized/0026/7979/267979v1-max-450x450.jpg"]],
   "attribution": null},
 "products":
  [],
 "relationships":
  [{"is_past": false,
    "title": "Founder",
    "person":
     {"first_name": "George",
      "last_name": "Kozmava",
      "permalink": "george-kozmava"}},
   {"is_past": false,
    "title": "Designer",
    "person":
     {"first_name": "Mike",
      "last_name": "Dobrodeev",
      "permalink": "mike-dobrodeev"}}],
 "competitions":
  [],
 "providerships":
  [{"title": "Amazon Web Service",
    "is_past": false,
    "provider":
     {"name": "Amazon",
      "permalink": "amazon-2"}}],
 "total_money_raised": "$0",
 "funding_rounds":
  [],
 "investments":
  [],
 "acquisition": null,
 "acquisitions":
  [],
 "offices":
  [],
 "milestones":
  [],
 "ipo": null,
 "video_embeds":
  [],
 "screenshots":
  [{"available_sizes":
     [[[150,
        111],
       "http://api-images.crunchbase.com/assets/images/resized/0015/2180/152180v2-max-150x150.jpg"],
      [[250,
        185],
       "http://api-images.crunchbase.com/assets/images/resized/0015/2180/152180v2-max-250x250.jpg"],
      [[450,
        334],
       "http://api-images.crunchbase.com/assets/images/resized/0015/2180/152180v2-max-450x450.jpg"]],
    "attribution": null}],
 "external_links":
  [{"external_url": "http://ratemystartup.com/give-me-3-useful-tips-advisr-me/",
    "title": ""},
   {"external_url": "http://www.feedmyapp.com/p/a/advisr-me-3-tips-on-just-anything/24662",
    "title": ""},
   {"external_url": "http://www.killerstartups.com/Web20/advisr-me-ask-your-friends-for-help",
    "title": ""}],
 "partners":
  []}
