{"name": "Aegis Group",
 "permalink": "aegis-group",
 "crunchbase_url": "http://www.crunchbase.com/company/aegis-group",
 "homepage_url": "http://www.aegisplc.com",
 "blog_url": "",
 "blog_feed_url": "",
 "twitter_username": "AegisMedia",
 "category_code": "public_relations",
 "number_of_employees": null,
 "founded_year": 2003,
 "founded_month": null,
 "founded_day": null,
 "deadpooled_year": null,
 "deadpooled_month": null,
 "deadpooled_day": null,
 "deadpooled_url": null,
 "tag_list": "",
 "alias_list": "",
 "email_address": "contact@aegisplc.com",
 "phone_number": "+44 (0)20 7070 7700",
 "description": "",
 "created_at": "Thu Feb 23 05:15:23 UTC 2012",
 "updated_at": "Thu Apr 10 06:09:52 UTC 2014",
 "overview": "\u003Cp\u003EAegis Group plc is one of the world\u2019s leading media and digital marketing communications groups. Made up of two operating businesses, Aegis Media (Carat, Vizeum, Posterscope, Isobar and iProspect) and Aztec, the scan-based market and consumer insights company, Aegis Group helps clients build consumer relationships by communicating their products and brands effectively. Our services include communications strategy through digital creative execution, media planning and buying, brand tracking and marketing analytics. Aegis Group plc shares are listed on the London Stock Exchange (AEGS.L).\u003C/p\u003E",
 "image":
  {"available_sizes":
    [[[150,
       19],
      "http://api-images.crunchbase.com/assets/images/resized/0017/5524/175524v2-max-150x150.jpg"],
     [[250,
       33],
      "http://api-images.crunchbase.com/assets/images/resized/0017/5524/175524v2-max-250x250.jpg"],
     [[308,
       41],
      "http://api-images.crunchbase.com/assets/images/resized/0017/5524/175524v2-max-450x450.jpg"]],
   "attribution": null},
 "products":
  [],
 "relationships":
  [{"is_past": false,
    "title": "CEO, Posterscope",
    "person":
     {"first_name": "Annie",
      "last_name": "Rickard",
      "permalink": "annie-rickard"}},
   {"is_past": false,
    "title": "Global CEO of Isobar",
    "person":
     {"first_name": "Mark",
      "last_name": "Cranmer",
      "permalink": "mark-cranmer"}},
   {"is_past": false,
    "title": "CEO Aegis Media Americas and EMEA and Director of Dentsu Aegis Network",
    "person":
     {"first_name": "Nigel",
      "last_name": "Morris",
      "permalink": "nigel-morris-3"}},
   {"is_past": false,
    "title": "CEO",
    "person":
     {"first_name": "Jerry",
      "last_name": "Buhlmann",
      "permalink": "jerry-buhlmann"}},
   {"is_past": false,
    "title": "President, Americas as well as Global Chief Marketing Officer",
    "person":
     {"first_name": "Misty",
      "last_name": "Locke",
      "permalink": "misty-locke"}},
   {"is_past": false,
    "title": "Chief Information Officer",
    "person":
     {"first_name": "Mike",
      "last_name": "Young",
      "permalink": "mike-young"}},
   {"is_past": false,
    "title": "CEO Aegis Media Asia Pacific and Director of Dentsu Aegis Network",
    "person":
     {"first_name": "Nick",
      "last_name": "Waters",
      "permalink": "nick-waters"}},
   {"is_past": false,
    "title": "CFO",
    "person":
     {"first_name": "Nick",
      "last_name": "Priday",
      "permalink": "nick-priday"}},
   {"is_past": false,
    "title": "CEO, Aegis Media Global Brands",
    "person":
     {"first_name": "Nigel",
      "last_name": "Sharrocks",
      "permalink": "nigel-sharrocks"}},
   {"is_past": false,
    "title": "Global Director of Business Integration",
    "person":
     {"first_name": "Peter",
      "last_name": "Huijboom",
      "permalink": "peter-huijboom"}},
   {"is_past": false,
    "title": "president",
    "person":
     {"first_name": "James",
      "last_name": "E. Meyer",
      "permalink": "james-e-meyer"}},
   {"is_past": false,
    "title": "Board of Directors",
    "person":
     {"first_name": "John",
      "last_name": "Hassoun",
      "permalink": "john-hassoun"}},
   {"is_past": false,
    "title": "Group Human Resources Director, Aegis Media, and Director of Dentsu Aegis Network",
    "person":
     {"first_name": "Valerie",
      "last_name": "Scoular",
      "permalink": "valerie-scoular"}},
   {"is_past": false,
    "title": "Group General Counsel",
    "person":
     {"first_name": "Simon",
      "last_name": "Zinger",
      "permalink": "simon-zinger"}},
   {"is_past": false,
    "title": "Managing Director",
    "person":
     {"first_name": "Ben",
      "last_name": "Wood",
      "permalink": "ben-wood"}},
   {"is_past": true,
    "title": "Director",
    "person":
     {"first_name": "Adrian",
      "last_name": "Chedore",
      "permalink": "adrian-chedore"}}],
 "competitions":
  [],
 "providerships":
  [],
 "total_money_raised": "$0",
 "funding_rounds":
  [],
 "investments":
  [],
 "acquisition":
  {"price_amount": 5000000.0,
   "price_currency_code": "USD",
   "term_code": null,
   "source_url": "http://online.wsj.com/news/articles/SB10001424052702303740704577522103894109834",
   "source_description": "Dentsu Looks Beyond Home Market",
   "acquired_year": 2012,
   "acquired_month": 7,
   "acquired_day": 12,
   "acquiring_company":
    {"name": "Dentsu",
     "permalink": "dentsu"}},
 "acquisitions":
  [{"price_amount": 125000000.0,
    "price_currency_code": "USD",
    "term_code": null,
    "source_url": "http://www.aegisplc.com/media/grouppressreleases/2012/2012-02-22.aspx",
    "source_description": "Aegis acquires US digital agency, Roundarch, for initial consideration of $125m",
    "acquired_year": 2012,
    "acquired_month": 2,
    "acquired_day": 22,
    "company":
     {"name": "Roundarch",
      "permalink": "roundarch"}}],
 "offices":
  [{"description": "",
    "address1": "10 Triton Street",
    "address2": "Regents Place",
    "zip_code": "NW1 3BF",
    "city": "London",
    "state_code": null,
    "country_code": "GBR",
    "latitude": null,
    "longitude": null}],
 "milestones":
  [],
 "ipo": null,
 "video_embeds":
  [],
 "screenshots":
  [{"available_sizes":
     [[[150,
        104],
       "http://api-images.crunchbase.com/assets/images/resized/0017/5529/175529v1-max-150x150.png"],
      [[250,
        174],
       "http://api-images.crunchbase.com/assets/images/resized/0017/5529/175529v1-max-250x250.png"],
      [[450,
        314],
       "http://api-images.crunchbase.com/assets/images/resized/0017/5529/175529v1-max-450x450.png"]],
    "attribution": null}],
 "external_links":
  [],
 "partners":
  []}
