{"name": "Aegis Petroleum Technology",
 "permalink": "aegis-petroleum-technology",
 "crunchbase_url": "http://www.crunchbase.com/company/aegis-petroleum-technology",
 "homepage_url": null,
 "blog_url": "",
 "blog_feed_url": "",
 "twitter_username": null,
 "category_code": "cleantech",
 "number_of_employees": null,
 "founded_year": null,
 "founded_month": null,
 "founded_day": null,
 "deadpooled_year": null,
 "deadpooled_month": null,
 "deadpooled_day": null,
 "deadpooled_url": null,
 "tag_list": "",
 "alias_list": "",
 "email_address": "",
 "phone_number": "",
 "description": "",
 "created_at": "Sat Oct 15 06:08:31 UTC 2011",
 "updated_at": "Thu Jun 13 06:01:24 UTC 2013",
 "overview": "\u003Cp\u003EAEGIS Petroleum Technology (Shanghai) Co., Ltd. specializes in waster water treatment in petro oil field. The company is based in Shanghai, China.\u003C/p\u003E",
 "image": null,
 "products":
  [],
 "relationships":
  [],
 "competitions":
  [],
 "providerships":
  [],
 "total_money_raised": "$4.3M",
 "funding_rounds":
  [{"id": 25971,
    "round_code": "unattributed",
    "source_url": "",
    "source_description": "EDGAR",
    "raised_amount": 4300000.0,
    "raised_currency_code": "USD",
    "funded_year": 2011,
    "funded_month": 8,
    "funded_day": 18,
    "investments":
     []}],
 "investments":
  [],
 "acquisition": null,
 "acquisitions":
  [],
 "offices":
  [],
 "milestones":
  [],
 "ipo": null,
 "video_embeds":
  [],
 "screenshots":
  [],
 "external_links":
  [],
 "partners":
  []}
