{"name": "Aegis Health Group",
 "permalink": "aegis-health-group",
 "crunchbase_url": "http://www.crunchbase.com/company/aegis-health-group",
 "homepage_url": "http://www.aegisgroup.com",
 "blog_url": "http://www.aegishi4.com/",
 "blog_feed_url": "",
 "twitter_username": null,
 "category_code": "enterprise",
 "number_of_employees": null,
 "founded_year": null,
 "founded_month": null,
 "founded_day": null,
 "deadpooled_year": null,
 "deadpooled_month": null,
 "deadpooled_day": null,
 "deadpooled_url": null,
 "tag_list": "",
 "alias_list": "",
 "email_address": "",
 "phone_number": "615.665.4200",
 "description": "",
 "created_at": "Thu Oct 06 03:54:42 UTC 2011",
 "updated_at": "Sun Oct 23 20:55:03 UTC 2011",
 "overview": "\u003Cp\u003EAegis specializes in the execution of proven business development strategies that drive measurable top line revenue growth for your hospital.  Leveraging a data-driven hospital marketing approach with effective relationship management tactics, Aegis, as a partner and agent of your organization, targets the area employers and referring physicians who represent the bulk of your potential hospital consumers.  Through a unique combination of highly trained people, proprietary software, Internet applications, and focused educational initiatives, Aegis creates a dynamic relationship between your hospital and the physicians, employers and communities you serve.\u003C/p\u003E",
 "image":
  {"available_sizes":
    [[[150,
       54],
      "http://api-images.crunchbase.com/assets/images/resized/0015/6993/156993v3-max-150x150.jpg"],
     [[250,
       90],
      "http://api-images.crunchbase.com/assets/images/resized/0015/6993/156993v3-max-250x250.jpg"],
     [[450,
       162],
      "http://api-images.crunchbase.com/assets/images/resized/0015/6993/156993v3-max-450x450.jpg"]],
   "attribution": null},
 "products":
  [],
 "relationships":
  [{"is_past": false,
    "title": "CFO",
    "person":
     {"first_name": "Lori",
      "last_name": "Copeland",
      "permalink": "lori-copeland"}},
   {"is_past": false,
    "title": "Vice President Information Technology Services",
    "person":
     {"first_name": "Bill",
      "last_name": "Walker",
      "permalink": "bill-walker"}},
   {"is_past": false,
    "title": "President",
    "person":
     {"first_name": "Pearson",
      "last_name": "Talbert",
      "permalink": "pearson-talbert"}}],
 "competitions":
  [],
 "providerships":
  [],
 "total_money_raised": "$0",
 "funding_rounds":
  [],
 "investments":
  [],
 "acquisition": null,
 "acquisitions":
  [],
 "offices":
  [{"description": "",
    "address1": "8 Cadillac Drive",
    "address2": "Suite 450",
    "zip_code": "37027",
    "city": "Brentwood",
    "state_code": "TN",
    "country_code": "USA",
    "latitude": null,
    "longitude": null}],
 "milestones":
  [],
 "ipo": null,
 "video_embeds":
  [],
 "screenshots":
  [],
 "external_links":
  [],
 "partners":
  []}
