{"name": "AEL Financial",
 "permalink": "ael-financial",
 "crunchbase_url": "http://www.crunchbase.com/company/ael-financial",
 "homepage_url": "http://www.aelfinancial.com",
 "blog_url": "",
 "blog_feed_url": "",
 "twitter_username": null,
 "category_code": "other",
 "number_of_employees": null,
 "founded_year": null,
 "founded_month": null,
 "founded_day": null,
 "deadpooled_year": null,
 "deadpooled_month": null,
 "deadpooled_day": null,
 "deadpooled_url": null,
 "tag_list": "",
 "alias_list": "",
 "email_address": "BRagland@aelfinancial.com",
 "phone_number": "847-465-7207",
 "description": "",
 "created_at": "Wed Oct 12 05:58:59 UTC 2011",
 "updated_at": "Wed Oct 12 05:58:58 UTC 2011",
 "overview": "\u003Cp\u003EAEL Financial (http://www.aelfinancial.com/) is an independent Chicago leasing company that provides lease and equipment financing for end users of capital and technology equipment, vendors and financial institutions with clients that need leasing solutions. Since its inception in 2001, AEL has completed nearly $900 million in such transactions and has ranked among the fastest growing companies in the industry. AEL and KeyAssets are part of the Forsythe Group of companies. \u003C/p\u003E",
 "image":
  {"available_sizes":
    [[[150,
       76],
      "http://api-images.crunchbase.com/assets/images/resized/0015/7772/157772v1-max-150x150.jpg"],
     [[190,
       97],
      "http://api-images.crunchbase.com/assets/images/resized/0015/7772/157772v1-max-250x250.jpg"],
     [[190,
       97],
      "http://api-images.crunchbase.com/assets/images/resized/0015/7772/157772v1-max-450x450.jpg"]],
   "attribution": null},
 "products":
  [],
 "relationships":
  [{"is_past": false,
    "title": "President \u0026 CEO",
    "person":
     {"first_name": "Tom",
      "last_name": "Huber",
      "permalink": "tom-huber"}},
   {"is_past": false,
    "title": "CFO",
    "person":
     {"first_name": "Ed",
      "last_name": "Pacewicz",
      "permalink": "ed-pacewicz"}}],
 "competitions":
  [],
 "providerships":
  [],
 "total_money_raised": "$0",
 "funding_rounds":
  [],
 "investments":
  [],
 "acquisition": null,
 "acquisitions":
  [],
 "offices":
  [{"description": "",
    "address1": "600 N. Buffalo Grove Rd",
    "address2": "",
    "zip_code": "60089",
    "city": "Buffalo Grove",
    "state_code": "IL",
    "country_code": "USA",
    "latitude": null,
    "longitude": null}],
 "milestones":
  [],
 "ipo": null,
 "video_embeds":
  [],
 "screenshots":
  [],
 "external_links":
  [],
 "partners":
  []}
