{"name": "AffClicks",
 "permalink": "affclicks",
 "crunchbase_url": "http://www.crunchbase.com/company/affclicks",
 "homepage_url": "http://www.affclicks.com",
 "blog_url": "https://www.affclicks.com/blog",
 "blog_feed_url": "https://www.affclicks.com/blog/feed/rss/",
 "twitter_username": "affclicks",
 "category_code": "ecommerce",
 "number_of_employees": 2,
 "founded_year": 2010,
 "founded_month": 12,
 "founded_day": 1,
 "deadpooled_year": null,
 "deadpooled_month": null,
 "deadpooled_day": null,
 "deadpooled_url": null,
 "tag_list": "affiliate, analytics, ads, pay-per-click, adwords, affiliate-networks",
 "alias_list": null,
 "email_address": "info@affclicks.com",
 "phone_number": "0433170732",
 "description": "Analytics For Affiliate Marketers",
 "created_at": "Thu Nov 24 00:10:52 UTC 2011",
 "updated_at": "Mon Mar 31 10:18:20 UTC 2014",
 "overview": "\u003Cp\u003EAffiliate Marketing is when a business sales or customer acquisition to another business in return for a commission.\u003C/p\u003E\n\n\u003Cp\u003EThis is generally done through affiliate networks which provide a marketplace for merchants (those outsourcing) and publishers to enter into deals.\u003C/p\u003E\n\n\u003Cp\u003EAffClicks solves the problem of affiliates data being disjointed, locked up both of affiliate and PPC networks. Given better presentation of actionable data and recommendations affiliates can improve their profitability.\u003C/p\u003E",
 "image":
  {"available_sizes":
    [[[150,
       39],
      "http://api-images.crunchbase.com/assets/images/resized/0016/3825/163825v2-max-150x150.png"],
     [[225,
       59],
      "http://api-images.crunchbase.com/assets/images/resized/0016/3825/163825v2-max-250x250.png"],
     [[225,
       59],
      "http://api-images.crunchbase.com/assets/images/resized/0016/3825/163825v2-max-450x450.png"]],
   "attribution": null},
 "products":
  [],
 "relationships":
  [{"is_past": false,
    "title": "Co-Founder",
    "person":
     {"first_name": "Rob",
      "last_name": "Ryan",
      "permalink": "rob-ryan-2"}},
   {"is_past": false,
    "title": "Co-Founder",
    "person":
     {"first_name": "Murray",
      "last_name": "Kester",
      "permalink": "murray-kester"}}],
 "competitions":
  [],
 "providerships":
  [],
 "total_money_raised": "$0",
 "funding_rounds":
  [],
 "investments":
  [],
 "acquisition": null,
 "acquisitions":
  [],
 "offices":
  [{"description": "Inspire9",
    "address1": "Level 1 41 Stewart St",
    "address2": "Richmond, Victoria",
    "zip_code": "3121",
    "city": "Melbourne",
    "state_code": null,
    "country_code": "AUS",
    "latitude": null,
    "longitude": null}],
 "milestones":
  [],
 "ipo": null,
 "video_embeds":
  [],
 "screenshots":
  [{"available_sizes":
     [[[150,
        74],
       "http://api-images.crunchbase.com/assets/images/resized/0016/3821/163821v2-max-150x150.png"],
      [[250,
        124],
       "http://api-images.crunchbase.com/assets/images/resized/0016/3821/163821v2-max-250x250.png"],
      [[450,
        223],
       "http://api-images.crunchbase.com/assets/images/resized/0016/3821/163821v2-max-450x450.png"]],
    "attribution": null},
   {"available_sizes":
     [[[150,
        80],
       "http://api-images.crunchbase.com/assets/images/resized/0016/3822/163822v2-max-150x150.png"],
      [[250,
        133],
       "http://api-images.crunchbase.com/assets/images/resized/0016/3822/163822v2-max-250x250.png"],
      [[450,
        240],
       "http://api-images.crunchbase.com/assets/images/resized/0016/3822/163822v2-max-450x450.png"]],
    "attribution": null},
   {"available_sizes":
     [[[150,
        68],
       "http://api-images.crunchbase.com/assets/images/resized/0016/3823/163823v2-max-150x150.png"],
      [[250,
        114],
       "http://api-images.crunchbase.com/assets/images/resized/0016/3823/163823v2-max-250x250.png"],
      [[450,
        205],
       "http://api-images.crunchbase.com/assets/images/resized/0016/3823/163823v2-max-450x450.png"]],
    "attribution": null},
   {"available_sizes":
     [[[150,
        71],
       "http://api-images.crunchbase.com/assets/images/resized/0016/3824/163824v2-max-150x150.png"],
      [[250,
        118],
       "http://api-images.crunchbase.com/assets/images/resized/0016/3824/163824v2-max-250x250.png"],
      [[450,
        214],
       "http://api-images.crunchbase.com/assets/images/resized/0016/3824/163824v2-max-450x450.png"]],
    "attribution": null}],
 "external_links":
  [{"external_url": "http://angel.co/affclicks",
    "title": "AffClicks AngelList Profile"}],
 "partners":
  []}
