{"name": "AFFiRiS",
 "permalink": "affiris",
 "crunchbase_url": "http://www.crunchbase.com/company/affiris",
 "homepage_url": "http://www.affiris.com",
 "blog_url": "",
 "blog_feed_url": "",
 "twitter_username": null,
 "category_code": "biotech",
 "number_of_employees": null,
 "founded_year": null,
 "founded_month": null,
 "founded_day": null,
 "deadpooled_year": null,
 "deadpooled_month": null,
 "deadpooled_day": null,
 "deadpooled_url": null,
 "tag_list": "",
 "alias_list": "",
 "email_address": "office@affiris.com",
 "phone_number": "+43-(1)-7981575-300",
 "description": "",
 "created_at": "Thu Nov 10 04:05:30 UTC 2011",
 "updated_at": "Fri Mar 28 11:38:42 UTC 2014",
 "overview": "\u003Cp\u003EAFFiRiS AG, a Vienna, Austria-based developer of tailor-made peptide vaccines for Alzheimer\u00e2\u20ac\u2122s disease, Atherosclerosis, Parkinson\u00e2\u20ac\u2122s disease, hypertension and several other conditions.\u003C/p\u003E",
 "image":
  {"available_sizes":
    [[[110,
       43],
      "http://api-images.crunchbase.com/assets/images/resized/0016/1691/161691v1-max-150x150.jpg"],
     [[110,
       43],
      "http://api-images.crunchbase.com/assets/images/resized/0016/1691/161691v1-max-250x250.jpg"],
     [[110,
       43],
      "http://api-images.crunchbase.com/assets/images/resized/0016/1691/161691v1-max-450x450.jpg"]],
   "attribution": null},
 "products":
  [],
 "relationships":
  [{"is_past": false,
    "title": "CEO",
    "person":
     {"first_name": "Walter",
      "last_name": "Schmidt",
      "permalink": "walter-schmidt"}},
   {"is_past": false,
    "title": "CSO",
    "person":
     {"first_name": "Frank",
      "last_name": "Mattner",
      "permalink": "frank-mattner"}}],
 "competitions":
  [],
 "providerships":
  [],
 "total_money_raised": "\u20ac25M",
 "funding_rounds":
  [{"id": 26455,
    "round_code": "unattributed",
    "source_url": "http://www.finsmes.com/2011/11/affiris-raises-e25m-equity-funding.html?utm_source=feedburner\u0026utm_medium=feed\u0026utm_campaign=Feed%3A+finsmes%2FcNHu+%28FinSMEs%29",
    "source_description": "AFFiRiS Raises \u00e2\u201a\u00ac25M in Equity Funding",
    "raised_amount": 25000000.0,
    "raised_currency_code": "EUR",
    "funded_year": 2011,
    "funded_month": 11,
    "funded_day": 9,
    "investments":
     [{"company": null,
       "financial_org":
        {"name": "MIG Funds",
         "permalink": "mig-funds"},
       "person": null}]}],
 "investments":
  [],
 "acquisition": null,
 "acquisitions":
  [],
 "offices":
  [{"description": "",
    "address1": "Karl-Farkas-Gasse 22",
    "address2": "",
    "zip_code": "1030",
    "city": "Wien",
    "state_code": null,
    "country_code": "AUT",
    "latitude": null,
    "longitude": null}],
 "milestones":
  [],
 "ipo": null,
 "video_embeds":
  [],
 "screenshots":
  [],
 "external_links":
  [],
 "partners":
  []}
