{"name": "Affiliate Fury",
 "permalink": "affiliate-fury",
 "crunchbase_url": "http://www.crunchbase.com/company/affiliate-fury",
 "homepage_url": "http://affiliatefury.com",
 "blog_url": "http://affiliatefury.com/blog",
 "blog_feed_url": "http://feeds.feedburner.com/AffiliateFury",
 "twitter_username": "AffiliateFury",
 "category_code": "advertising",
 "number_of_employees": 10,
 "founded_year": 2007,
 "founded_month": null,
 "founded_day": null,
 "deadpooled_year": null,
 "deadpooled_month": null,
 "deadpooled_day": null,
 "deadpooled_url": null,
 "tag_list": "affiliate-marketing, affiliate-network, cpa-affiliate-network, online-marketing",
 "alias_list": null,
 "email_address": "info@affiliatefury.com",
 "phone_number": "561-800-FURY",
 "description": "CPA Affiliate Marketing Network",
 "created_at": "Thu Nov 10 17:28:33 UTC 2011",
 "updated_at": "Mon Nov 21 04:20:15 UTC 2011",
 "overview": "\u003Cp\u003EAffiliate Fury is South Florida\u0026#8217;s leading CPA Affiliate Marketing Network. \nWith over 50 years in combined experience in Online Marketing we have stepped out from being Affiliates to make a Network that understands the needs and problems facing Affiliate Marketers. Our Affiliates are given top notch customer service from day with an assigned Affiliate Manager who is familiar with your niche. \nWe are currently accepting NEW Affiliates! Go to http://affiliatefury.com to Sign Up. An Affiliate Manager will get in contact with you if it is within regular business hours or by the next business day (US Eastern Standard Time).\nAffiliate Fury knows that every Affiliate gets \u0026#8220;publishers block\u0026#8221;, and we have come up with a few solutions to help! One such is our newest program to launch the Volume All-Stars Program. The Volume All-Stars Program in a volume based incentive program that rewards Affiliates for basically doing their best! Meet or beat the weekly/monthly volume goals and you earn a bonus, it\u0026#8217;s that simple!\nCurrent Affiliates must contact their Affiliate Manager to sign-up for the Volume All-Star Program. \nNot an Affiliate with us yet? JOIN TODAY!\nAs always you can contact us at info@affiliatefury.com for more information. Or got to http://affiliatefury.com to see for yourself!\u003C/p\u003E",
 "image": null,
 "products":
  [],
 "relationships":
  [],
 "competitions":
  [],
 "providerships":
  [],
 "total_money_raised": "$0",
 "funding_rounds":
  [],
 "investments":
  [],
 "acquisition": null,
 "acquisitions":
  [],
 "offices":
  [{"description": "Affiliate Fury",
    "address1": "550 Business Park Way",
    "address2": "Suite 3",
    "zip_code": "33411",
    "city": "Royal Palm Beach",
    "state_code": "FL",
    "country_code": "USA",
    "latitude": null,
    "longitude": null}],
 "milestones":
  [],
 "ipo": null,
 "video_embeds":
  [],
 "screenshots":
  [],
 "external_links":
  [],
 "partners":
  []}
