{"name": "Affiliate Marketing",
 "permalink": "affiliate-marketing",
 "crunchbase_url": "http://www.crunchbase.com/company/affiliate-marketing",
 "homepage_url": "http://affiliatemarketingbussiness.wordpress.com/2011/12/14/have-a-six-figure-income-with-affiliate-marketing",
 "blog_url": null,
 "blog_feed_url": null,
 "twitter_username": null,
 "category_code": null,
 "number_of_employees": null,
 "founded_year": null,
 "founded_month": null,
 "founded_day": null,
 "deadpooled_year": null,
 "deadpooled_month": null,
 "deadpooled_day": null,
 "deadpooled_url": null,
 "tag_list": "affiliate-marketing, online-profit",
 "alias_list": null,
 "email_address": null,
 "phone_number": null,
 "description": "Affiliate Marketing",
 "created_at": "Wed Dec 14 13:52:52 UTC 2011",
 "updated_at": "Mon Dec 19 11:03:06 UTC 2011",
 "overview": "\u003Cp\u003Eaffiliate marketing campaign; therefore, it is very attractive to small businesses. You don\u2019t have to actually purchase the product, pay to ship it to the customers, or even touch any of it yourself! But, there are difficult jobs to govern and work to be completed, if your plan is providing sustainable earnings solely with affiliate marketing.\u003C/p\u003E",
 "image": null,
 "products":
  [],
 "relationships":
  [{"is_past": false,
    "title": "Marketing Coach",
    "person":
     {"first_name": "Makisha",
      "last_name": "Stiles",
      "permalink": "makisha-stiles"}}],
 "competitions":
  [],
 "providerships":
  [],
 "total_money_raised": "$0",
 "funding_rounds":
  [],
 "investments":
  [],
 "acquisition": null,
 "acquisitions":
  [],
 "offices":
  [],
 "milestones":
  [],
 "ipo": null,
 "video_embeds":
  [],
 "screenshots":
  [],
 "external_links":
  [],
 "partners":
  []}
