{"name": "Affordable Business Website",
 "permalink": "affordable-business-website",
 "crunchbase_url": "http://www.crunchbase.com/company/affordable-business-website",
 "homepage_url": "http://www.customwebexpress.com",
 "blog_url": null,
 "blog_feed_url": null,
 "twitter_username": "customwebex",
 "category_code": null,
 "number_of_employees": null,
 "founded_year": null,
 "founded_month": null,
 "founded_day": null,
 "deadpooled_year": null,
 "deadpooled_month": null,
 "deadpooled_day": null,
 "deadpooled_url": null,
 "tag_list": "affordable-business-website, small-business-website, design-business-website",
 "alias_list": null,
 "email_address": null,
 "phone_number": null,
 "description": "Affordable Business Website",
 "created_at": "Thu Oct 06 11:17:43 UTC 2011",
 "updated_at": "Sat Apr 21 07:55:30 UTC 2012",
 "overview": "\u003Cp\u003EBy starting off your internet site style from a template you get a expert web website design and style designed in fifty percent the time and thus half the price. Web site templates are inexpensive and can be edited by myself to turn into additional bespoke and better portray your organization. Why fork out for a smaller business web site style created from scratch when a template by now has the foundation of a very good site.\u003C/p\u003E",
 "image": null,
 "products":
  [],
 "relationships":
  [],
 "competitions":
  [],
 "providerships":
  [],
 "total_money_raised": "$0",
 "funding_rounds":
  [],
 "investments":
  [],
 "acquisition": null,
 "acquisitions":
  [],
 "offices":
  [],
 "milestones":
  [],
 "ipo": null,
 "video_embeds":
  [],
 "screenshots":
  [],
 "external_links":
  [],
 "partners":
  []}
