{"name": "Aftermarket.com",
 "permalink": "aftermarket-com",
 "crunchbase_url": "http://www.crunchbase.com/company/aftermarket-com",
 "homepage_url": "http://www.aftermarket.com",
 "blog_url": "http://www.aftermarket.com/blog",
 "blog_feed_url": "",
 "twitter_username": "aftermarketcom",
 "category_code": "web",
 "number_of_employees": null,
 "founded_year": 2010,
 "founded_month": null,
 "founded_day": null,
 "deadpooled_year": null,
 "deadpooled_month": null,
 "deadpooled_day": null,
 "deadpooled_url": null,
 "tag_list": "domains, marketplace, buy-domains, sell-domains",
 "alias_list": "",
 "email_address": "support@aftermarket.com",
 "phone_number": "310.909.7909",
 "description": "The Premier Domain Marketplace",
 "created_at": "Tue Aug 16 16:18:09 UTC 2011",
 "updated_at": "Wed Mar 19 00:04:16 UTC 2014",
 "overview": "\u003Cp\u003EAftermarket.com is the premier online marketplace for aftermarket domains. As an individual brand of Thought Convergence, Inc, Aftermarket.com is committed to offering the most advanced features in combination with a streamlined and intuitive user experience. With industry-leading tools, Aftermarket.com is the go-to solution for your domain needs.   \u003C/p\u003E\n\n\u003Cp\u003EFor more information, please visit www.Aftermarket.com.\u003C/p\u003E",
 "image":
  {"available_sizes":
    [[[150,
       27],
      "http://api-images.crunchbase.com/assets/images/resized/0014/9741/149741v2-max-150x150.png"],
     [[250,
       45],
      "http://api-images.crunchbase.com/assets/images/resized/0014/9741/149741v2-max-250x250.png"],
     [[300,
       54],
      "http://api-images.crunchbase.com/assets/images/resized/0014/9741/149741v2-max-450x450.png"]],
   "attribution": null},
 "products":
  [],
 "relationships":
  [{"is_past": false,
    "title": "CEO",
    "person":
     {"first_name": "Ammar",
      "last_name": "Kubba",
      "permalink": "ammar-kubba-2"}}],
 "competitions":
  [],
 "providerships":
  [],
 "total_money_raised": "$0",
 "funding_rounds":
  [],
 "investments":
  [],
 "acquisition": null,
 "acquisitions":
  [],
 "offices":
  [{"description": "Aftermarket",
    "address1": "11300 W Olympic Blvd.",
    "address2": "Suite 900",
    "zip_code": "90064",
    "city": "Los Angeles",
    "state_code": "CA",
    "country_code": "USA",
    "latitude": null,
    "longitude": null}],
 "milestones":
  [],
 "ipo": null,
 "video_embeds":
  [],
 "screenshots":
  [{"available_sizes":
     [[[150,
        64],
       "http://api-images.crunchbase.com/assets/images/resized/0034/0250/340250v1-max-150x150.jpg"],
      [[250,
        107],
       "http://api-images.crunchbase.com/assets/images/resized/0034/0250/340250v1-max-250x250.jpg"],
      [[450,
        193],
       "http://api-images.crunchbase.com/assets/images/resized/0034/0250/340250v1-max-450x450.jpg"]],
    "attribution": null}],
 "external_links":
  [],
 "partners":
  []}
