{"name": "AG Knowledgetech",
 "permalink": "ag-knowledgetech",
 "crunchbase_url": "http://www.crunchbase.com/company/ag-knowledgetech",
 "homepage_url": "http://www.agknowledgetech.com",
 "blog_url": "",
 "blog_feed_url": "",
 "twitter_username": "AGKT1",
 "category_code": "consulting",
 "number_of_employees": 50,
 "founded_year": 2010,
 "founded_month": null,
 "founded_day": null,
 "deadpooled_year": null,
 "deadpooled_month": null,
 "deadpooled_day": null,
 "deadpooled_url": null,
 "tag_list": "consultancy, management, small-business, strategy",
 "alias_list": null,
 "email_address": "rishi.raman@agknowledgetech.com",
 "phone_number": "+91-124-4222012",
 "description": "Management consultancy for SME's",
 "created_at": "Fri Sep 23 05:30:13 UTC 2011",
 "updated_at": "Mon Nov 14 05:33:22 UTC 2011",
 "overview": "\u003Cp\u003EManagement consulting- Strategic consulting for SME\u0026#8217;s(small and medium enterprises), Consulting in the form of both operational as well as financial. Services provided to SMEs in the form of consulting, product promotions, analytics and research. \nWe respect client\u00e2\u20ac\u2122s visionary approach and not its size of operation. Hence, our focus is always on small and medium enterprises who either have very limited or no internal resources and competencies to carry out time consuming elaborate business research for their growth or expansion. For those clients, who would like to maximize their operational processes, we provide very specific advisory services by panel of experts covering all aspects of focused industry sectors.\u003C/p\u003E\n\n\u003Cp\u003ESpecialties\nManagement Consulting, Strategic Consulting, Operational Consulting, Financial Consulting, Market Research, Business Research\u003C/p\u003E",
 "image":
  {"available_sizes":
    [[[150,
       60],
      "http://api-images.crunchbase.com/assets/images/resized/0015/5279/155279v2-max-150x150.jpg"],
     [[250,
       101],
      "http://api-images.crunchbase.com/assets/images/resized/0015/5279/155279v2-max-250x250.jpg"],
     [[396,
       161],
      "http://api-images.crunchbase.com/assets/images/resized/0015/5279/155279v2-max-450x450.jpg"]],
   "attribution": null},
 "products":
  [],
 "relationships":
  [{"is_past": true,
    "title": "CEO",
    "person":
     {"first_name": "Abhik",
      "last_name": "Ghosh",
      "permalink": "abhik-ghosh"}}],
 "competitions":
  [],
 "providerships":
  [],
 "total_money_raised": "$0",
 "funding_rounds":
  [],
 "investments":
  [],
 "acquisition": null,
 "acquisitions":
  [],
 "offices":
  [{"description": "India",
    "address1": "496, Udhyog Vihar",
    "address2": "Phase V",
    "zip_code": "122002",
    "city": "Gurgaon",
    "state_code": null,
    "country_code": "IND",
    "latitude": null,
    "longitude": null}],
 "milestones":
  [],
 "ipo": null,
 "video_embeds":
  [],
 "screenshots":
  [],
 "external_links":
  [],
 "partners":
  []}
