{"name": "AgendaCloud",
 "permalink": "agendacloud",
 "crunchbase_url": "http://www.crunchbase.com/company/agendacloud",
 "homepage_url": "http://www.agendacloud.com",
 "blog_url": "",
 "blog_feed_url": "",
 "twitter_username": "agendaCloud",
 "category_code": "software",
 "number_of_employees": 5,
 "founded_year": 2011,
 "founded_month": 10,
 "founded_day": 1,
 "deadpooled_year": null,
 "deadpooled_month": null,
 "deadpooled_day": null,
 "deadpooled_url": null,
 "tag_list": "board, board-meetings, paperless-agendas, agenda-management, meeting-management",
 "alias_list": null,
 "email_address": "dshumway@suiteonemedia.com",
 "phone_number": "312-637-9200",
 "description": "Agenda Management for Boards",
 "created_at": "Wed Dec 07 14:49:45 UTC 2011",
 "updated_at": "Thu Dec 15 20:00:56 UTC 2011",
 "overview": "\u003Cp\u003EAgendaCloud improves how information is organized, created, and delivered to the Board and is a complete agenda management solution designed for all boards, councils and committees. \u003C/p\u003E\n\n\u003Cp\u003EAgendaCloud eliminates this time consuming and laborious process by automating each step, including: organizing the materials, creating the packets and finally delivering it to the board members. In addition, printing and copying costs are eliminated with paperless agendas, potentially saving thousands of dollars every year.\u003C/p\u003E\n\n\u003Cp\u003EAgendaCloud is a 100% fully managed and full-featured system. Key features include: unlimited meetings, full customization, simple and intuitive interface, automated approvals, drag and drop setup, track changes, Dropbox and social media integration, and more.\u003C/p\u003E\n\n\u003Cp\u003EWith pricing starting at $18 per month, AgendaCloud offers a new alternative that significantly improves the entire agenda process with unprecedented pricing and features.\u003C/p\u003E",
 "image":
  {"available_sizes":
    [[[150,
       34],
      "http://api-images.crunchbase.com/assets/images/resized/0016/5566/165566v2-max-150x150.jpg"],
     [[250,
       58],
      "http://api-images.crunchbase.com/assets/images/resized/0016/5566/165566v2-max-250x250.jpg"],
     [[250,
       58],
      "http://api-images.crunchbase.com/assets/images/resized/0016/5566/165566v2-max-450x450.jpg"]],
   "attribution": null},
 "products":
  [],
 "relationships":
  [{"is_past": false,
    "title": "Founder",
    "person":
     {"first_name": "Doug",
      "last_name": "Shumway",
      "permalink": "doug-shumway"}},
   {"is_past": false,
    "title": "Founder",
    "person":
     {"first_name": "Gregory",
      "last_name": "Pengiel",
      "permalink": "gregory-pengiel"}}],
 "competitions":
  [],
 "providerships":
  [],
 "total_money_raised": "$0",
 "funding_rounds":
  [],
 "investments":
  [],
 "acquisition": null,
 "acquisitions":
  [],
 "offices":
  [],
 "milestones":
  [],
 "ipo": null,
 "video_embeds":
  [],
 "screenshots":
  [{"available_sizes":
     [[[150,
        107],
       "http://api-images.crunchbase.com/assets/images/resized/0016/5563/165563v2-max-150x150.png"],
      [[250,
        179],
       "http://api-images.crunchbase.com/assets/images/resized/0016/5563/165563v2-max-250x250.png"],
      [[450,
        323],
       "http://api-images.crunchbase.com/assets/images/resized/0016/5563/165563v2-max-450x450.png"]],
    "attribution": null},
   {"available_sizes":
     [[[150,
        98],
       "http://api-images.crunchbase.com/assets/images/resized/0016/5564/165564v2-max-150x150.png"],
      [[250,
        163],
       "http://api-images.crunchbase.com/assets/images/resized/0016/5564/165564v2-max-250x250.png"],
      [[450,
        294],
       "http://api-images.crunchbase.com/assets/images/resized/0016/5564/165564v2-max-450x450.png"]],
    "attribution": null},
   {"available_sizes":
     [[[150,
        105],
       "http://api-images.crunchbase.com/assets/images/resized/0016/5565/165565v2-max-150x150.png"],
      [[250,
        175],
       "http://api-images.crunchbase.com/assets/images/resized/0016/5565/165565v2-max-250x250.png"],
      [[450,
        315],
       "http://api-images.crunchbase.com/assets/images/resized/0016/5565/165565v2-max-450x450.png"]],
    "attribution": null}],
 "external_links":
  [],
 "partners":
  []}
