{"name": "Agility",
 "permalink": "agility",
 "crunchbase_url": "http://www.crunchbase.com/company/agility",
 "homepage_url": "http://www.agilitycms.com",
 "blog_url": "http://www.agilitycms.com/blog.aspx",
 "blog_feed_url": "",
 "twitter_username": "AgilityCMS",
 "category_code": "software",
 "number_of_employees": 20,
 "founded_year": 2002,
 "founded_month": 7,
 "founded_day": null,
 "deadpooled_year": null,
 "deadpooled_month": null,
 "deadpooled_day": null,
 "deadpooled_url": null,
 "tag_list": "cms, ugc, cloud, web-development, saas, digital-publishing",
 "alias_list": null,
 "email_address": "info@agilitycms.com",
 "phone_number": "4165912500",
 "description": "Content Management System",
 "created_at": "Thu Nov 10 16:25:12 UTC 2011",
 "updated_at": "Thu Feb 23 09:43:04 UTC 2012",
 "overview": "\u003Cp\u003EAgility specializes in implementing content management solutions for media, publishing and broadcasting companies. Their flagship product Agility CMS (www.agilitycms.com) provides the tools and systems for building and managing vibrant, feature rich, advertising websites for companies like Uncle Ben\u00e2\u20ac\u2122s and Campbells.\u003C/p\u003E",
 "image":
  {"available_sizes":
    [[[150,
       50],
      "http://api-images.crunchbase.com/assets/images/resized/0017/4869/174869v2-max-150x150.png"],
     [[150,
       50],
      "http://api-images.crunchbase.com/assets/images/resized/0017/4869/174869v2-max-250x250.png"],
     [[150,
       50],
      "http://api-images.crunchbase.com/assets/images/resized/0017/4869/174869v2-max-450x450.png"]],
   "attribution": null},
 "products":
  [{"name": "Agility Inc.",
    "permalink": "agility-inc"}],
 "relationships":
  [{"is_past": false,
    "title": "Co-founder, CEO",
    "person":
     {"first_name": "Michael",
      "last_name": "Assad",
      "permalink": "michael-assad"}},
   {"is_past": false,
    "title": "Co-founder, CTO",
    "person":
     {"first_name": "Jonathan",
      "last_name": "Voigt",
      "permalink": "jonathan-voigt"}},
   {"is_past": true,
    "title": "Chairman/CTO",
    "person":
     {"first_name": "John",
      "last_name": "Landry",
      "permalink": "john-landry"}},
   {"is_past": true,
    "title": "VP of Technology",
    "person":
     {"first_name": "Andy",
      "last_name": "Morgan",
      "permalink": "andy-morgan"}},
   {"is_past": true,
    "title": "Owner",
    "person":
     {"first_name": "Ryan",
      "last_name": "McGeary",
      "permalink": "ryan-mcgeary"}}],
 "competitions":
  [],
 "providerships":
  [],
 "total_money_raised": "$0",
 "funding_rounds":
  [],
 "investments":
  [],
 "acquisition": null,
 "acquisitions":
  [],
 "offices":
  [{"description": "Headquarters",
    "address1": "40 Spadina Ave., Suite 201",
    "address2": "",
    "zip_code": "M5V2H8",
    "city": "Toronto",
    "state_code": null,
    "country_code": "CAN",
    "latitude": null,
    "longitude": null}],
 "milestones":
  [],
 "ipo": null,
 "video_embeds":
  [],
 "screenshots":
  [],
 "external_links":
  [],
 "partners":
  []}
