{"name": "Aginova",
 "permalink": "aginova",
 "crunchbase_url": "http://www.crunchbase.com/company/aginova",
 "homepage_url": "http://www.aginova.com",
 "blog_url": "",
 "blog_feed_url": "",
 "twitter_username": "icelsius",
 "category_code": "hardware",
 "number_of_employees": 10,
 "founded_year": 2005,
 "founded_month": 9,
 "founded_day": 1,
 "deadpooled_year": null,
 "deadpooled_month": null,
 "deadpooled_day": null,
 "deadpooled_url": null,
 "tag_list": "temperature, wireless, wifi, iphone, ipad, ipod, icelsius, thermometer",
 "alias_list": null,
 "email_address": "info@aginova.com",
 "phone_number": "41216938691",
 "description": "Wireless Sensors",
 "created_at": "Mon Oct 10 15:39:27 UTC 2011",
 "updated_at": "Sat Oct 29 00:31:52 UTC 2011",
 "overview": "\u003Cp\u003EAginova provides affordable, low power Wi-Fi sensor solutions that make a ubiquitous sensing world come alive. \u003C/p\u003E\n\n\u003Cp\u003EOur products include:\u003C/p\u003E\n\n\u003Cul\u003E\n\u003Cli\u003EiCelsius: temperature \u0026amp; humidity sensors, both wired and wireless, that connects to the iPhone, iPad, iPod touch connector or through WiFi\u003C/li\u003E\n\u003Cli\u003ESentinel series: temperature \u0026amp; humidity sensors that connects using existing WiFi networks\u003C/li\u003E\n\u003Cli\u003ESentinel Power series: class 1 energy sub-meters that connects using existing WiFi networks\u003C/li\u003E\n\u003C/ul\u003E",
 "image":
  {"available_sizes":
    [[[150,
       59],
      "http://api-images.crunchbase.com/assets/images/resized/0015/7516/157516v2-max-150x150.jpg"],
     [[250,
       98],
      "http://api-images.crunchbase.com/assets/images/resized/0015/7516/157516v2-max-250x250.jpg"],
     [[450,
       177],
      "http://api-images.crunchbase.com/assets/images/resized/0015/7516/157516v2-max-450x450.jpg"]],
   "attribution": null},
 "products":
  [],
 "relationships":
  [{"is_past": true,
    "title": "CEO",
    "person":
     {"first_name": "Ashok",
      "last_name": "Sabata",
      "permalink": "ashok-sabata"}}],
 "competitions":
  [],
 "providerships":
  [],
 "total_money_raised": "$500k",
 "funding_rounds":
  [{"id": 25850,
    "round_code": "angel",
    "source_url": "",
    "source_description": "",
    "raised_amount": 500000.0,
    "raised_currency_code": "USD",
    "funded_year": 2010,
    "funded_month": 1,
    "funded_day": 1,
    "investments":
     []}],
 "investments":
  [],
 "acquisition": null,
 "acquisitions":
  [],
 "offices":
  [{"description": "R\u0026D",
    "address1": "PSE-D, EPFL",
    "address2": "",
    "zip_code": "1015",
    "city": "Lausanne",
    "state_code": null,
    "country_code": "CHE",
    "latitude": null,
    "longitude": null},
   {"description": "Main Office",
    "address1": "2226 Central Ave., Suite One",
    "address2": "",
    "zip_code": "45044",
    "city": "Middletown",
    "state_code": "OH",
    "country_code": "USA",
    "latitude": null,
    "longitude": null}],
 "milestones":
  [],
 "ipo": null,
 "video_embeds":
  [],
 "screenshots":
  [{"available_sizes":
     [[[150,
        100],
       "http://api-images.crunchbase.com/assets/images/resized/0015/7514/157514v2-max-150x150.jpg"],
      [[250,
        166],
       "http://api-images.crunchbase.com/assets/images/resized/0015/7514/157514v2-max-250x250.jpg"],
      [[450,
        300],
       "http://api-images.crunchbase.com/assets/images/resized/0015/7514/157514v2-max-450x450.jpg"]],
    "attribution": null},
   {"available_sizes":
     [[[150,
        100],
       "http://api-images.crunchbase.com/assets/images/resized/0015/7515/157515v2-max-150x150.jpg"],
      [[250,
        166],
       "http://api-images.crunchbase.com/assets/images/resized/0015/7515/157515v2-max-250x250.jpg"],
      [[450,
        300],
       "http://api-images.crunchbase.com/assets/images/resized/0015/7515/157515v2-max-450x450.jpg"]],
    "attribution": null}],
 "external_links":
  [{"external_url": "http://www.icelsius.com",
    "title": "iCelsius Product Line"}],
 "partners":
  []}
