{"name": "Agosto",
 "permalink": "agosto",
 "crunchbase_url": "http://www.crunchbase.com/company/agosto",
 "homepage_url": "http://www.agosto.com",
 "blog_url": "http://www.agosto.com/general/",
 "blog_feed_url": "",
 "twitter_username": "goagosto",
 "category_code": "consulting",
 "number_of_employees": 20,
 "founded_year": 2001,
 "founded_month": null,
 "founded_day": null,
 "deadpooled_year": null,
 "deadpooled_month": null,
 "deadpooled_day": null,
 "deadpooled_url": null,
 "tag_list": "google-apps-implementation-consulting, cloud-computing-services-consulting, managed-it-services",
 "alias_list": null,
 "email_address": "",
 "phone_number": "612-605-3500",
 "description": "Google Apps Consulting Services",
 "created_at": "Tue Sep 27 18:02:08 UTC 2011",
 "updated_at": "Tue Oct 18 23:01:31 UTC 2011",
 "overview": "\u003Cp\u003EAgosto is an IT services firm that provides managed IT services, cloud computing migration and implementation consulting, and Google Apps implementation and integration services. The company is one of 12 partners on Google\u0026#8217;s Partner Advisory Board.\u003C/p\u003E\n\n\u003Cp\u003EIn 2011, Agosto was named to CRN magazine\u00e2\u20ac\u2122s Inaugural Next\u00c2\u00adGen 250 List of Up\u00c2\u00ad and\u00c2\u00ad Coming Value \u00c2\u00adAdded\u00c2\u00ad Resellers in North America, and recognized among companies such as SugarCRM, RackSpace, Oracle, Cisco and Microsoft as a Top 200 Cloud Expert firm by Talkin\u0026#8217; Cloud / Nine Lives Media.\u003C/p\u003E\n\n\u003Cp\u003EAgosto was ranked in Inc. magazine\u00e2\u20ac\u2122s 5000 Fastest Growing Companies in both 2009 and 2010. Clients include 2nd Wind Exercise, Famous Dave\u00e2\u20ac\u2122s, Goodwill Easter Seals, Minnesota Wild and Jaguar Land Rover.\u003C/p\u003E",
 "image":
  {"available_sizes":
    [[[150,
       38],
      "http://api-images.crunchbase.com/assets/images/resized/0015/5829/155829v2-max-150x150.jpg"],
     [[250,
       63],
      "http://api-images.crunchbase.com/assets/images/resized/0015/5829/155829v2-max-250x250.jpg"],
     [[450,
       114],
      "http://api-images.crunchbase.com/assets/images/resized/0015/5829/155829v2-max-450x450.jpg"]],
   "attribution": null},
 "products":
  [],
 "relationships":
  [{"is_past": false,
    "title": "CEO",
    "person":
     {"first_name": "Aric",
      "last_name": "Bandy",
      "permalink": "aric-bandy"}},
   {"is_past": false,
    "title": "Director of Sales",
    "person":
     {"first_name": "Rick",
      "last_name": "Erickson",
      "permalink": "rick-erickson"}},
   {"is_past": false,
    "title": "Director of Cloud Services",
    "person":
     {"first_name": "Irfan",
      "last_name": "Khan",
      "permalink": "irfan-khan"}}],
 "competitions":
  [{"competitor":
     {"name": "Cloud Sherpas",
      "permalink": "cloud-sherpas"}},
   {"competitor":
     {"name": "G-Apps Masters",
      "permalink": "g-apps-masters"}}],
 "providerships":
  [{"title": "Marketing and PR",
    "is_past": false,
    "provider":
     {"name": "KC Associates",
      "permalink": "kc-associates"}}],
 "total_money_raised": "$0",
 "funding_rounds":
  [],
 "investments":
  [],
 "acquisition": null,
 "acquisitions":
  [],
 "offices":
  [{"description": "Headquarters",
    "address1": "901 N 3rd St.",
    "address2": "Suite 115",
    "zip_code": "55401",
    "city": "Minneapolis",
    "state_code": "MN",
    "country_code": "USA",
    "latitude": null,
    "longitude": null}],
 "milestones":
  [],
 "ipo": null,
 "video_embeds":
  [],
 "screenshots":
  [{"available_sizes":
     [[[150,
        121],
       "http://api-images.crunchbase.com/assets/images/resized/0015/5828/155828v2-max-150x150.jpg"],
      [[250,
        202],
       "http://api-images.crunchbase.com/assets/images/resized/0015/5828/155828v2-max-250x250.jpg"],
      [[450,
        363],
       "http://api-images.crunchbase.com/assets/images/resized/0015/5828/155828v2-max-450x450.jpg"]],
    "attribution": null}],
 "external_links":
  [{"external_url": "http://www.talkincloud.com/top-200-cloud-channel-partner-program-experts/",
    "title": "Top 200 Cloud Channel Partner Program Experts "},
   {"external_url": "http://www.agosto.com/storage/downloadable-pdf/Going%20Google%20-%20at%20work%20-%20TwinCities.pdf",
    "title": "Going Google - At Work"},
   {"external_url": "http://www.agosto.com/storage/downloadable-pdf/Twin%20Cities%20Business%20Magazine.pdf",
    "title": "Cloud Confidence"},
   {"external_url": "http://www.channelprosmb.com/article/2906/Cloud-Computing-Google-Apps-Makes-Inroads-in-the-SMB-Channel/",
    "title": "Cloud Computing: Google Apps Makes Inroads in the SMB Channel "}],
 "partners":
  []}
