{"name": "Agrfriends",
 "permalink": "agrfriends",
 "crunchbase_url": "http://www.crunchbase.com/company/agrfriends",
 "homepage_url": "http://www.agrfriends.com",
 "blog_url": "",
 "blog_feed_url": "",
 "twitter_username": null,
 "category_code": null,
 "number_of_employees": 5,
 "founded_year": 2007,
 "founded_month": 3,
 "founded_day": 2,
 "deadpooled_year": null,
 "deadpooled_month": null,
 "deadpooled_day": null,
 "deadpooled_url": null,
 "tag_list": "joomla, open-source, drupal, php, mysql",
 "alias_list": null,
 "email_address": "rajeev@agrfriends.com",
 "phone_number": "",
 "description": "",
 "created_at": "Wed Aug 31 06:11:02 UTC 2011",
 "updated_at": "Sun Sep 11 20:21:15 UTC 2011",
 "overview": "\u003Cp\u003EAgrfriends is a group of developers who love developing software and have set their sights on exploring the exciting opportunities in web and software development. For us, programming is a passion as well as an earnest pursuit.\u003C/p\u003E\n\n\u003Cp\u003ETo put it simply, we develop software.  It is something that we love to do and since we are quite good at it, be well rewarded for. Our current focus is developing software to enhance open source technologies. Right now we develop components for the open source Joomla CMS. Though we are quite agile in what we do, changing focus and technologies as we explore the constantly changing frontier of software development. \u003C/p\u003E\n\n\u003Cp\u003ECurrently we are focusing on Joomla customization services like conversion from photoshop design to Joomla template, Joomla custom component and module development. We test our templates on major browsers like Firefox, Internet Explorer and Safari.\u003C/p\u003E",
 "image":
  {"available_sizes":
    [[[121,
       150],
      "http://api-images.crunchbase.com/assets/images/resized/0015/1985/151985v2-max-150x150.jpg"],
     [[200,
       246],
      "http://api-images.crunchbase.com/assets/images/resized/0015/1985/151985v2-max-250x250.jpg"],
     [[200,
       246],
      "http://api-images.crunchbase.com/assets/images/resized/0015/1985/151985v2-max-450x450.jpg"]],
   "attribution": null},
 "products":
  [],
 "relationships":
  [],
 "competitions":
  [],
 "providerships":
  [],
 "total_money_raised": "$0",
 "funding_rounds":
  [],
 "investments":
  [],
 "acquisition": null,
 "acquisitions":
  [],
 "offices":
  [],
 "milestones":
  [],
 "ipo": null,
 "video_embeds":
  [],
 "screenshots":
  [],
 "external_links":
  [],
 "partners":
  []}
