{"name": "AGS Archives",
 "permalink": "ags-archives",
 "crunchbase_url": "http://www.crunchbase.com/company/ags-archives",
 "homepage_url": null,
 "blog_url": null,
 "blog_feed_url": null,
 "twitter_username": null,
 "category_code": null,
 "number_of_employees": null,
 "founded_year": null,
 "founded_month": null,
 "founded_day": null,
 "deadpooled_year": null,
 "deadpooled_month": null,
 "deadpooled_day": null,
 "deadpooled_url": null,
 "tag_list": null,
 "alias_list": null,
 "email_address": null,
 "phone_number": null,
 "description": null,
 "created_at": "Wed Dec 07 04:39:05 UTC 2011",
 "updated_at": "Sat Mar 17 20:42:19 UTC 2012",
 "overview": null,
 "image":
  {"available_sizes":
    [[[79,
       62],
      "http://api-images.crunchbase.com/assets/images/resized/0017/8284/178284v2-max-150x150.png"],
     [[79,
       62],
      "http://api-images.crunchbase.com/assets/images/resized/0017/8284/178284v2-max-250x250.png"],
     [[79,
       62],
      "http://api-images.crunchbase.com/assets/images/resized/0017/8284/178284v2-max-450x450.png"]],
   "attribution": null},
 "products":
  [],
 "relationships":
  [{"is_past": false,
    "title": "Founder",
    "person":
     {"first_name": "Peder",
      "last_name": "Johnsen",
      "permalink": "peder-johnsen"}}],
 "competitions":
  [],
 "providerships":
  [],
 "total_money_raised": "$0",
 "funding_rounds":
  [],
 "investments":
  [],
 "acquisition": null,
 "acquisitions":
  [],
 "offices":
  [],
 "milestones":
  [],
 "ipo": null,
 "video_embeds":
  [],
 "screenshots":
  [{"available_sizes":
     [[[116,
        150],
       "http://api-images.crunchbase.com/assets/images/resized/0017/8286/178286v2-max-150x150.png"],
      [[194,
        250],
       "http://api-images.crunchbase.com/assets/images/resized/0017/8286/178286v2-max-250x250.png"],
      [[349,
        450],
       "http://api-images.crunchbase.com/assets/images/resized/0017/8286/178286v2-max-450x450.png"]],
    "attribution": null}],
 "external_links":
  [{"external_url": "http://www.agsarchives.com/",
    "title": "www.agsarchives.com"}],
 "partners":
  []}
