{"name": "Aiaioo",
 "permalink": "aiaioo",
 "crunchbase_url": "http://www.crunchbase.com/company/aiaioo",
 "homepage_url": "http://www.aiaioo.com",
 "blog_url": "http://aiaioo.wordpress.com/",
 "blog_feed_url": "http://aiaioo.wordpress.com/feed/",
 "twitter_username": "aiaioolabs",
 "category_code": "software",
 "number_of_employees": 4,
 "founded_year": 2009,
 "founded_month": 9,
 "founded_day": 1,
 "deadpooled_year": null,
 "deadpooled_month": null,
 "deadpooled_day": null,
 "deadpooled_url": null,
 "tag_list": "nlp, ai, ml, text-analytics, natural-language-processing, machine-learning, artificial-intelligence, sentiment-analysis, intention-analysis, intention-discovery",
 "alias_list": null,
 "email_address": "cohan@aiaioo.com",
 "phone_number": "+917760580015",
 "description": "Enterprise Text Analytics Provider",
 "created_at": "Mon Oct 24 08:22:48 UTC 2011",
 "updated_at": "Mon Oct 31 02:34:26 UTC 2011",
 "overview": "\u003Cp\u003EAiaioo Labs develops text analytics products.  The products include APIs for intention analysis and fine-grained sentiment analysis.\u003C/p\u003E",
 "image":
  {"available_sizes":
    [[[148,
       150],
      "http://api-images.crunchbase.com/assets/images/resized/0015/9289/159289v2-max-150x150.jpg"],
     [[247,
       250],
      "http://api-images.crunchbase.com/assets/images/resized/0015/9289/159289v2-max-250x250.jpg"],
     [[444,
       450],
      "http://api-images.crunchbase.com/assets/images/resized/0015/9289/159289v2-max-450x450.jpg"]],
   "attribution": null},
 "products":
  [],
 "relationships":
  [{"is_past": false,
    "title": "CEO",
    "person":
     {"first_name": "Cohan",
      "last_name": "Sujay Carlos",
      "permalink": "cohan-sujay-carlos"}}],
 "competitions":
  [{"competitor":
     {"name": "OpenAmplify",
      "permalink": "openamplify"}},
   {"competitor":
     {"name": "OpenCalais",
      "permalink": "opencalais"}}],
 "providerships":
  [],
 "total_money_raised": "$0",
 "funding_rounds":
  [],
 "investments":
  [],
 "acquisition": null,
 "acquisitions":
  [],
 "offices":
  [],
 "milestones":
  [],
 "ipo": null,
 "video_embeds":
  [],
 "screenshots":
  [],
 "external_links":
  [],
 "partners":
  []}
