{"name": "AIB Seed Capital",
 "permalink": "aib-seed-capital",
 "crunchbase_url": "http://www.crunchbase.com/company/aib-seed-capital",
 "homepage_url": null,
 "blog_url": null,
 "blog_feed_url": null,
 "twitter_username": null,
 "category_code": null,
 "number_of_employees": null,
 "founded_year": null,
 "founded_month": null,
 "founded_day": null,
 "deadpooled_year": null,
 "deadpooled_month": null,
 "deadpooled_day": null,
 "deadpooled_url": null,
 "tag_list": null,
 "alias_list": null,
 "email_address": null,
 "phone_number": null,
 "description": null,
 "created_at": "Tue Dec 13 13:41:27 UTC 2011",
 "updated_at": "Wed Dec 14 20:33:36 UTC 2011",
 "overview": null,
 "image": null,
 "products":
  [],
 "relationships":
  [],
 "competitions":
  [],
 "providerships":
  [],
 "total_money_raised": "$0",
 "funding_rounds":
  [],
 "investments":
  [{"funding_round":
     {"round_code": "c",
      "source_url": "http://www.movidius.com/movidius-secures-9m-series-c-funding/",
      "source_description": "Movidius",
      "raised_amount": 9000000.0,
      "raised_currency_code": "USD",
      "funded_year": 2011,
      "funded_month": 11,
      "funded_day": 30,
      "company":
       {"name": "Movidius",
        "permalink": "movidius"}}}],
 "acquisition": null,
 "acquisitions":
  [],
 "offices":
  [],
 "milestones":
  [],
 "ipo": null,
 "video_embeds":
  [],
 "screenshots":
  [],
 "external_links":
  [],
 "partners":
  []}
