{"name": "AirCast Mobile",
 "permalink": "aircast-mobile",
 "crunchbase_url": "http://www.crunchbase.com/company/aircast-mobile",
 "homepage_url": "http://aircastmobile.com",
 "blog_url": "",
 "blog_feed_url": "",
 "twitter_username": "AirCastLive",
 "category_code": "mobile",
 "number_of_employees": 3,
 "founded_year": null,
 "founded_month": null,
 "founded_day": null,
 "deadpooled_year": null,
 "deadpooled_month": null,
 "deadpooled_day": null,
 "deadpooled_url": null,
 "tag_list": "mobile, mobile-video, aircastlive, youtube, parents, musicians, journalists",
 "alias_list": "",
 "email_address": "info@aircastmobile.com",
 "phone_number": "708-366-8609",
 "description": "Mobile Media Company",
 "created_at": "Mon Nov 21 21:31:54 UTC 2011",
 "updated_at": "Mon Feb 24 07:43:40 UTC 2014",
 "overview": "\u003Cp\u003EAirCast Mobile is an award-winning digital and consumer products company in Chicago, IL.   \u003C/p\u003E\n\n\u003Cp\u003EThey have created, developed and designed a variety of products focused on the mobile space.  Namely The AirClip and the AirCastLive platfrom. \u003C/p\u003E\n\n\u003Cp\u003EThe AirClip is a mobile steady-cam device for the iPhone, and  AirCastLive is a mobile video messaging service for Smart TV\u0026#8217;s.  \u003C/p\u003E",
 "image":
  {"available_sizes":
    [[[150,
       31],
      "http://api-images.crunchbase.com/assets/images/resized/0022/2351/222351v2-max-150x150.jpg"],
     [[250,
       53],
      "http://api-images.crunchbase.com/assets/images/resized/0022/2351/222351v2-max-250x250.jpg"],
     [[450,
       95],
      "http://api-images.crunchbase.com/assets/images/resized/0022/2351/222351v2-max-450x450.jpg"]],
   "attribution": null},
 "products":
  [],
 "relationships":
  [{"is_past": false,
    "title": "Founder",
    "person":
     {"first_name": "Tucker",
      "last_name": "Snedeker",
      "permalink": "tucker-snedeker"}},
   {"is_past": false,
    "title": "Founder \u0026 CEO",
    "person":
     {"first_name": "Michael",
      "last_name": "Linhardt",
      "permalink": "michael-l-linhardt"}},
   {"is_past": false,
    "title": "COO",
    "person":
     {"first_name": "Ryan",
      "last_name": "Nichols",
      "permalink": "ryan-nichols-2"}}],
 "competitions":
  [],
 "providerships":
  [],
 "total_money_raised": "$250k",
 "funding_rounds":
  [{"id": 26670,
    "round_code": "seed",
    "source_url": "",
    "source_description": "",
    "raised_amount": 150000.0,
    "raised_currency_code": "USD",
    "funded_year": 2011,
    "funded_month": 5,
    "funded_day": 1,
    "investments":
     []},
   {"id": 55360,
    "round_code": "seed",
    "source_url": "",
    "source_description": "",
    "raised_amount": 100000.0,
    "raised_currency_code": "USD",
    "funded_year": 2013,
    "funded_month": 11,
    "funded_day": 1,
    "investments":
     []}],
 "investments":
  [],
 "acquisition": null,
 "acquisitions":
  [],
 "offices":
  [{"description": "AirCast Mobile HQ",
    "address1": "",
    "address2": "",
    "zip_code": "",
    "city": "Chicago",
    "state_code": "IL",
    "country_code": "USA",
    "latitude": null,
    "longitude": null}],
 "milestones":
  [{"id": 19479,
    "description": "Launches AirCastLive iPhone app that lets users record and distribute mobile videos to multiple people with a single click.",
    "stoned_year": 2011,
    "stoned_month": 8,
    "stoned_day": 28,
    "source_url": "",
    "source_text": null,
    "source_description": "",
    "stoneable_type": "Company",
    "stoned_value": null,
    "stoned_value_type": null,
    "stoned_acquirer": null,
    "stoneable":
     {"name": "AirCast Mobile",
      "permalink": "aircast-mobile"}},
   {"id": 19481,
    "description": "Announced the creation of a mobile accessory called THE AIRCLIP that helps users hold their iPhone steady while recording mobile videos or taking pictures with their phone. ",
    "stoned_year": 2011,
    "stoned_month": 11,
    "stoned_day": 1,
    "source_url": "http://www.the-airclip.com",
    "source_text": null,
    "source_description": "",
    "stoneable_type": "Company",
    "stoned_value": null,
    "stoned_value_type": null,
    "stoned_acquirer": null,
    "stoneable":
     {"name": "AirCast Mobile",
      "permalink": "aircast-mobile"}}],
 "ipo": null,
 "video_embeds":
  [{"embed_code": "\u003Ciframe width=\"420\" height=\"270\" src=\"http://www.youtube.com/embed/d4X5BIFStdE\" frameborder=\"0\" allowfullscreen\u003E\u003C/iframe\u003E",
    "description": "\u003Cp\u003EThe AirClip Online Ad\u003C/p\u003E"}],
 "screenshots":
  [{"available_sizes":
     [[[150,
        85],
       "http://api-images.crunchbase.com/assets/images/resized/0016/3356/163356v2-max-150x150.png"],
      [[250,
        142],
       "http://api-images.crunchbase.com/assets/images/resized/0016/3356/163356v2-max-250x250.png"],
      [[450,
        256],
       "http://api-images.crunchbase.com/assets/images/resized/0016/3356/163356v2-max-450x450.png"]],
    "attribution": null},
   {"available_sizes":
     [[[150,
        86],
       "http://api-images.crunchbase.com/assets/images/resized/0016/3357/163357v2-max-150x150.png"],
      [[250,
        144],
       "http://api-images.crunchbase.com/assets/images/resized/0016/3357/163357v2-max-250x250.png"],
      [[450,
        260],
       "http://api-images.crunchbase.com/assets/images/resized/0016/3357/163357v2-max-450x450.png"]],
    "attribution": null}],
 "external_links":
  [],
 "partners":
  [{"partner_name": "angel_list",
    "homepage_url": "http://www.aircastmobile.com",
    "link_1_url": "https://angel.co/aircast-mobile-1",
    "link_2_url": "https://angel.co/aircast-mobile-1?utc_source=crunchbase\u0026amp;utm_campaign=crunchbase\u0026amp;utm_content=fundraising\u0026amp;utm_medium=link\u0026amp;utm_term=aircast-mobile-1",
    "link_3_url": null,
    "link_1_name": "AngelList Page",
    "link_2_name": "Raising: $1M",
    "link_3_name": null}]}
