{"name": "AirPay",
 "permalink": "airpay",
 "crunchbase_url": "http://www.crunchbase.com/company/airpay",
 "homepage_url": "http://airpay.com",
 "blog_url": "",
 "blog_feed_url": "",
 "twitter_username": "GetAirPay",
 "category_code": "mobile",
 "number_of_employees": 5,
 "founded_year": 2011,
 "founded_month": 7,
 "founded_day": 19,
 "deadpooled_year": null,
 "deadpooled_month": null,
 "deadpooled_day": null,
 "deadpooled_url": null,
 "tag_list": "mobile-wallet, payments",
 "alias_list": null,
 "email_address": "info@airpay.com",
 "phone_number": "",
 "description": "Mobile wallet app",
 "created_at": "Tue Sep 06 00:43:43 UTC 2011",
 "updated_at": "Sat Apr 13 22:46:25 UTC 2013",
 "overview": "\u003Cp\u003EAirPay enables consumers to pay with their phone at brick and mortar stores, and to share the experience with their friends and family on social networks.\u003C/p\u003E",
 "image":
  {"available_sizes":
    [[[114,
       114],
      "http://api-images.crunchbase.com/assets/images/resized/0015/2800/152800v4-max-150x150.png"],
     [[114,
       114],
      "http://api-images.crunchbase.com/assets/images/resized/0015/2800/152800v4-max-250x250.png"],
     [[114,
       114],
      "http://api-images.crunchbase.com/assets/images/resized/0015/2800/152800v4-max-450x450.png"]],
   "attribution": null},
 "products":
  [],
 "relationships":
  [{"is_past": false,
    "title": "Co-founder \u0026 CTO",
    "person":
     {"first_name": "Eric",
      "last_name": "Schultz",
      "permalink": "eric-schultz"}},
   {"is_past": false,
    "title": "CEO \u0026 Co-Founder",
    "person":
     {"first_name": "James",
      "last_name": "Adams",
      "permalink": "james-adams"}}],
 "competitions":
  [],
 "providerships":
  [],
 "total_money_raised": "$0",
 "funding_rounds":
  [],
 "investments":
  [],
 "acquisition": null,
 "acquisitions":
  [],
 "offices":
  [],
 "milestones":
  [],
 "ipo": null,
 "video_embeds":
  [],
 "screenshots":
  [],
 "external_links":
  [],
 "partners":
  []}
