{"name": "AirSense Wireless",
 "permalink": "airsense-wireless",
 "crunchbase_url": "http://www.crunchbase.com/company/airsense-wireless",
 "homepage_url": "http://www.airsensewireless.com",
 "blog_url": "",
 "blog_feed_url": "http://www.airsensewireless.com/feed/",
 "twitter_username": "AirSenseLondon",
 "category_code": "mobile",
 "number_of_employees": null,
 "founded_year": 2010,
 "founded_month": 6,
 "founded_day": 1,
 "deadpooled_year": null,
 "deadpooled_month": null,
 "deadpooled_day": null,
 "deadpooled_url": null,
 "tag_list": "hypernet, data-offload, wifi",
 "alias_list": "Halo Networks",
 "email_address": "",
 "phone_number": "+44 (0) 207 9938331",
 "description": "Building the Hypernet",
 "created_at": "Fri Sep 30 02:19:37 UTC 2011",
 "updated_at": "Tue Aug 27 17:40:39 UTC 2013",
 "overview": "\u003Cp\u003EAirSense Wireless is the European market leader in Wi-Fi/Cellular Network Interoperability.  We work with Mobile Network Operators and Wi-Fi networks to enable seamless switching between networks.   As demand for wireless services increases so does the need for AirSense Wireless\u2019 technology.\u003C/p\u003E\n\n\u003Cp\u003EAirSense Wireless\u2019 mission is to change mobile data forever.\u003C/p\u003E",
 "image":
  {"available_sizes":
    [[[150,
       60],
      "http://api-images.crunchbase.com/assets/images/resized/0015/6168/156168v5-max-150x150.jpg"],
     [[250,
       100],
      "http://api-images.crunchbase.com/assets/images/resized/0015/6168/156168v5-max-250x250.jpg"],
     [[250,
       100],
      "http://api-images.crunchbase.com/assets/images/resized/0015/6168/156168v5-max-450x450.jpg"]],
   "attribution": null},
 "products":
  [],
 "relationships":
  [{"is_past": false,
    "title": "CEO",
    "person":
     {"first_name": "James",
      "last_name": "King",
      "permalink": "james-king-4"}},
   {"is_past": false,
    "title": "Founder \u0026 CTO",
    "person":
     {"first_name": "David",
      "last_name": "Thompson",
      "permalink": "david-thompson-4"}},
   {"is_past": false,
    "title": "CFO",
    "person":
     {"first_name": "Graeme",
      "last_name": "Walker",
      "permalink": "graeme-walker"}},
   {"is_past": false,
    "title": "Board Member",
    "person":
     {"first_name": "Tom",
      "last_name": "Bradley",
      "permalink": "tom-bradley"}},
   {"is_past": false,
    "title": "",
    "person":
     {"first_name": "James",
      "last_name": "King",
      "permalink": "james-king-4"}}],
 "competitions":
  [],
 "providerships":
  [{"title": "PR",
    "is_past": false,
    "provider":
     {"name": "Whiteoaks",
      "permalink": "whiteoaks"}}],
 "total_money_raised": "\u00a31.6M",
 "funding_rounds":
  [{"id": 25679,
    "round_code": "a",
    "source_url": "http://paidcontent.org/article/419-halo-networks-gets-series-a-of-1.6-million-to-offload-mobile-data-to-wi/",
    "source_description": "Halo Networks Gets \u00c2\u00a31.6 Million First Round To Offload Mobile Data To WiFi ",
    "raised_amount": 1600000.0,
    "raised_currency_code": "GBP",
    "funded_year": 2011,
    "funded_month": 9,
    "funded_day": 29,
    "investments":
     [{"company": null,
       "financial_org":
        {"name": "DN Capital",
         "permalink": "dn-capital"},
       "person": null},
      {"company": null,
       "financial_org":
        {"name": "Nauta Capital",
         "permalink": "nauta-capital"},
       "person": null}]}],
 "investments":
  [],
 "acquisition": null,
 "acquisitions":
  [],
 "offices":
  [{"description": "London Headquarters",
    "address1": "91 Waterloo Road",
    "address2": "",
    "zip_code": "SE1 8RT",
    "city": "London",
    "state_code": null,
    "country_code": "GBR",
    "latitude": null,
    "longitude": null}],
 "milestones":
  [{"id": 24060,
    "description": "Halo Networks rebrands as AirSense Wireless",
    "stoned_year": 2012,
    "stoned_month": 1,
    "stoned_day": 25,
    "source_url": "http://www.totaltele.com/view.aspx?ID=470670",
    "source_text": null,
    "source_description": "Total Telecom",
    "stoneable_type": "Company",
    "stoned_value": null,
    "stoned_value_type": null,
    "stoned_acquirer": null,
    "stoneable":
     {"name": "AirSense Wireless",
      "permalink": "airsense-wireless"}},
   {"id": 24063,
    "description": "AirSense Wireless is a Finalist for the 2012 Red Herring Top 100 Europe Award",
    "stoned_year": 2012,
    "stoned_month": 4,
    "stoned_day": 5,
    "source_url": "http://news.yahoo.com/airsense-wireless-finalist-2012-red-herring-top-100-183221833.html",
    "source_text": null,
    "source_description": "Yahoo! News",
    "stoneable_type": "Company",
    "stoned_value": null,
    "stoned_value_type": null,
    "stoned_acquirer": null,
    "stoneable":
     {"name": "AirSense Wireless",
      "permalink": "airsense-wireless"}},
   {"id": 24064,
    "description": "Announced hire of new CFO",
    "stoned_year": 2012,
    "stoned_month": 4,
    "stoned_day": 23,
    "source_url": "http://www.totaltele.com/view.aspx?ID=472941",
    "source_text": null,
    "source_description": "Total Telecom",
    "stoneable_type": "Company",
    "stoned_value": null,
    "stoned_value_type": null,
    "stoned_acquirer": null,
    "stoneable":
     {"name": "AirSense Wireless",
      "permalink": "airsense-wireless"}},
   {"id": 24067,
    "description": "Announced hire of new CEO",
    "stoned_year": 2012,
    "stoned_month": 1,
    "stoned_day": 25,
    "source_url": "",
    "source_text": null,
    "source_description": "",
    "stoneable_type": "Company",
    "stoned_value": null,
    "stoned_value_type": null,
    "stoned_acquirer": null,
    "stoneable":
     {"name": "AirSense Wireless",
      "permalink": "airsense-wireless"}}],
 "ipo": null,
 "video_embeds":
  [],
 "screenshots":
  [],
 "external_links":
  [],
 "partners":
  []}
