{"name": "AisleFinder",
 "permalink": "aislefinder",
 "crunchbase_url": "http://www.crunchbase.com/company/aislefinder",
 "homepage_url": "http://www.aislefinder.com",
 "blog_url": "",
 "blog_feed_url": "",
 "twitter_username": "AisleFinder",
 "category_code": null,
 "number_of_employees": null,
 "founded_year": 2010,
 "founded_month": null,
 "founded_day": null,
 "deadpooled_year": null,
 "deadpooled_month": null,
 "deadpooled_day": null,
 "deadpooled_url": null,
 "tag_list": null,
 "alias_list": "",
 "email_address": "CPope@AisleFinder.com",
 "phone_number": "(415) 999-7117",
 "description": "",
 "created_at": "Fri Sep 09 18:22:33 UTC 2011",
 "updated_at": "Wed Mar 05 05:31:32 UTC 2014",
 "overview": "\u003Cp\u003EAisleFinder provides an Online and Mobile solution that gives customers the aisle numbers of where to find those items.\u003C/p\u003E",
 "image":
  {"available_sizes":
    [[[150,
       27],
      "http://api-images.crunchbase.com/assets/images/resized/0015/8018/158018v2-max-150x150.png"],
     [[238,
       43],
      "http://api-images.crunchbase.com/assets/images/resized/0015/8018/158018v2-max-250x250.png"],
     [[238,
       43],
      "http://api-images.crunchbase.com/assets/images/resized/0015/8018/158018v2-max-450x450.png"]],
   "attribution": null},
 "products":
  [],
 "relationships":
  [{"is_past": false,
    "title": "CEO",
    "person":
     {"first_name": "Curtiss",
      "last_name": "Pope",
      "permalink": "curtiss-pope"}}],
 "competitions":
  [],
 "providerships":
  [],
 "total_money_raised": "$0",
 "funding_rounds":
  [{"id": 67708,
    "round_code": "seed",
    "source_url": "http://techcrunch.com/2011/08/04/newme-accelerator-aiming-to-encourage-black-tech-entrepreneurs-has-its-first-demo-day/",
    "source_description": "NewMe Accelerator, Aiming To Encourage Black Tech Entrepreneurs, Has Its First Demo Day",
    "raised_amount": null,
    "raised_currency_code": "USD",
    "funded_year": 2011,
    "funded_month": 8,
    "funded_day": 4,
    "investments":
     [{"company":
        {"name": "NewMe Accelerator",
         "permalink": "newme-accelerator"},
       "financial_org": null,
       "person": null}]}],
 "investments":
  [],
 "acquisition": null,
 "acquisitions":
  [],
 "offices":
  [{"description": "",
    "address1": "",
    "address2": "",
    "zip_code": "",
    "city": "San Francisco",
    "state_code": "CA",
    "country_code": "USA",
    "latitude": null,
    "longitude": null}],
 "milestones":
  [],
 "ipo": null,
 "video_embeds":
  [],
 "screenshots":
  [{"available_sizes":
     [[[150,
        74],
       "http://api-images.crunchbase.com/assets/images/resized/0042/6743/426743v1-max-150x150.png"],
      [[250,
        123],
       "http://api-images.crunchbase.com/assets/images/resized/0042/6743/426743v1-max-250x250.png"],
      [[450,
        223],
       "http://api-images.crunchbase.com/assets/images/resized/0042/6743/426743v1-max-450x450.png"]],
    "attribution": null}],
 "external_links":
  [{"external_url": "https://www.facebook.com/pages/AisleFinder/181721211855772",
    "title": "facebook"}],
 "partners":
  []}
