{"name": "Aisle50",
 "permalink": "aisle50",
 "crunchbase_url": "http://www.crunchbase.com/company/aisle50",
 "homepage_url": "http://www.aisle50.com",
 "blog_url": "",
 "blog_feed_url": "",
 "twitter_username": "aisle50",
 "category_code": "advertising",
 "number_of_employees": 12,
 "founded_year": 2010,
 "founded_month": 11,
 "founded_day": 1,
 "deadpooled_year": null,
 "deadpooled_month": null,
 "deadpooled_day": null,
 "deadpooled_url": null,
 "tag_list": "aisle50, grocery, daily-deal, marketing, analytics",
 "alias_list": null,
 "email_address": "info@aisle50.com",
 "phone_number": "",
 "description": "Daily Grocery Deals",
 "created_at": "Mon Aug 29 22:56:12 UTC 2011",
 "updated_at": "Wed Nov 20 08:41:36 UTC 2013",
 "overview": "\u003Cp\u003EAisle50 sells offers grocery deals that are bought on the Web and redeemed at traditional grocery stores.  The Aisle50 program usually works with retailers\u0026#8217; loyalty card systems, although a loyalty card isn\u0026#8217;t necessary for a retailer to participate.  \u003C/p\u003E\n\n\u003Cp\u003EWhat Aisle50 does for different parties:\u003C/p\u003E\n\n\u003Cp\u003EFood Manufacturers: Get 40% lift, 50%+ incrementality and pay-for-performance marketing.\u003C/p\u003E\n\n\u003Cp\u003ERetailers: Get thousands of extra trips and 24% bigger baskets.\u003C/p\u003E\n\n\u003Cp\u003EConsumers: Get bigger grocery deals than can be found elsewhere\u003C/p\u003E",
 "image":
  {"available_sizes":
    [[[150,
       51],
      "http://api-images.crunchbase.com/assets/images/resized/0016/9048/169048v1-max-150x150.png"],
     [[250,
       85],
      "http://api-images.crunchbase.com/assets/images/resized/0016/9048/169048v1-max-250x250.png"],
     [[287,
       98],
      "http://api-images.crunchbase.com/assets/images/resized/0016/9048/169048v1-max-450x450.png"]],
   "attribution": null},
 "products":
  [],
 "relationships":
  [{"is_past": false,
    "title": "co-founder",
    "person":
     {"first_name": "Christopher",
      "last_name": "Steiner",
      "permalink": "christopher-steiner"}},
   {"is_past": false,
    "title": "co-founder",
    "person":
     {"first_name": "Riley",
      "last_name": "Scott",
      "permalink": "riley-scott"}},
   {"is_past": true,
    "title": "",
    "person":
     {"first_name": "George",
      "last_name": "Korsnick",
      "permalink": "george-korsnick"}},
   {"is_past": true,
    "title": "developer",
    "person":
     {"first_name": "Bill",
      "last_name": "Gloff",
      "permalink": "bill-gloff"}}],
 "competitions":
  [],
 "providerships":
  [],
 "total_money_raised": "$5.2M",
 "funding_rounds":
  [{"id": 27380,
    "round_code": "unattributed",
    "source_url": "http://techcrunch.com/2012/01/05/aisle50-lands-2-6m-to-save-you-50-on-organic-batter-blaster-and-other-fine-foods/",
    "source_description": "Aisle50 Lands $2.6M To Save You 50% On Organic Batter Blaster (And Other Fine Foods)",
    "raised_amount": 2600000.0,
    "raised_currency_code": "USD",
    "funded_year": 2012,
    "funded_month": 1,
    "funded_day": 5,
    "investments":
     [{"company": null,
       "financial_org":
        {"name": "August Capital",
         "permalink": "august-capital"},
       "person": null},
      {"company": null,
       "financial_org": null,
       "person":
        {"first_name": "Ron",
         "last_name": "Conway",
         "permalink": "ron-conway"}},
      {"company": null,
       "financial_org": null,
       "person":
        {"first_name": "Yuri",
         "last_name": "Milner",
         "permalink": "yuri-milner"}},
      {"company": null,
       "financial_org":
        {"name": "Pritzker Group Venture Capital",
         "permalink": "pritzker-group-venture-capital"},
       "person": null},
      {"company": null,
       "financial_org": null,
       "person":
        {"first_name": "Mark",
         "last_name": "Friedgan",
         "permalink": "mark-friedgan"}},
      {"company": null,
       "financial_org": null,
       "person":
        {"first_name": "Saeed",
         "last_name": "Amidi",
         "permalink": "saeed-amidi"}},
      {"company": null,
       "financial_org":
        {"name": "reinmkr capital",
         "permalink": "reinmkr-inc"},
       "person": null},
      {"company": null,
       "financial_org":
        {"name": "Plug \u0026 Play Ventures",
         "permalink": "plug-and-play-ventures"},
       "person": null},
      {"company": null,
       "financial_org": null,
       "person":
        {"first_name": "Christian",
         "last_name": "Dahlen",
         "permalink": "christian-dahlen"}},
      {"company":
        {"name": "Y Combinator",
         "permalink": "y-combinator"},
       "financial_org": null,
       "person": null}]},
   {"id": 44898,
    "round_code": "a",
    "source_url": "http://www.finsmes.com/2013/08/aisle50-raises-2-6m-series-financing.html",
    "source_description": "Aisle50 Raises $2.6 M In Series A Financing",
    "raised_amount": 2600000.0,
    "raised_currency_code": "USD",
    "funded_year": 2013,
    "funded_month": 8,
    "funded_day": 8,
    "investments":
     [{"company": null,
       "financial_org":
        {"name": "Origin Ventures",
         "permalink": "origin-ventures"},
       "person": null},
      {"company": null,
       "financial_org":
        {"name": "August Capital",
         "permalink": "august-capital"},
       "person": null},
      {"company": null,
       "financial_org":
        {"name": "Plug \u0026 Play Ventures",
         "permalink": "plug-and-play-ventures"},
       "person": null},
      {"company": null,
       "financial_org": null,
       "person":
        {"first_name": "Ron",
         "last_name": "Conway",
         "permalink": "ron-conway"}},
      {"company": null,
       "financial_org": null,
       "person":
        {"first_name": "Yuri",
         "last_name": "Milner",
         "permalink": "yuri-milner"}},
      {"company": null,
       "financial_org":
        {"name": "SV Angel",
         "permalink": "sv-angel"},
       "person": null}]}],
 "investments":
  [],
 "acquisition": null,
 "acquisitions":
  [],
 "offices":
  [{"description": "Aisle50",
    "address1": "648 West Randolph Street",
    "address2": "3rd Floor",
    "zip_code": "60661",
    "city": "Chicago",
    "state_code": "IL",
    "country_code": "USA",
    "latitude": null,
    "longitude": null}],
 "milestones":
  [],
 "ipo": null,
 "video_embeds":
  [],
 "screenshots":
  [{"available_sizes":
     [[[139,
        150],
       "http://api-images.crunchbase.com/assets/images/resized/0015/1732/151732v2-max-150x150.jpg"],
      [[233,
        250],
       "http://api-images.crunchbase.com/assets/images/resized/0015/1732/151732v2-max-250x250.jpg"],
      [[419,
        450],
       "http://api-images.crunchbase.com/assets/images/resized/0015/1732/151732v2-max-450x450.jpg"]],
    "attribution": null}],
 "external_links":
  [{"external_url": "http://www.aisle50.com",
    "title": "Aisle50"}],
 "partners":
  []}
