{"name": "AISS",
 "permalink": "aiss",
 "crunchbase_url": "http://www.crunchbase.com/company/aiss",
 "homepage_url": null,
 "blog_url": "",
 "blog_feed_url": "",
 "twitter_username": null,
 "category_code": null,
 "number_of_employees": null,
 "founded_year": null,
 "founded_month": null,
 "founded_day": null,
 "deadpooled_year": null,
 "deadpooled_month": null,
 "deadpooled_day": null,
 "deadpooled_url": null,
 "tag_list": "",
 "alias_list": "",
 "email_address": "",
 "phone_number": "",
 "description": "",
 "created_at": "Tue Dec 06 03:44:08 UTC 2011",
 "updated_at": "Tue Dec 06 03:44:59 UTC 2011",
 "overview": "",
 "image": null,
 "products":
  [],
 "relationships":
  [],
 "competitions":
  [],
 "providerships":
  [],
 "total_money_raised": "$0",
 "funding_rounds":
  [],
 "investments":
  [],
 "acquisition":
  {"price_amount": null,
   "price_currency_code": "USD",
   "term_code": null,
   "source_url": "http://www.prnewswire.com/news-releases/sterling-infosystems-acquires-key-competitor-aiss-from-acxiom-135021068.html",
   "source_description": "Sterling Infosystems Acquires Key Competitor AISS from Acxiom",
   "acquired_year": 2011,
   "acquired_month": 12,
   "acquired_day": 5,
   "acquiring_company":
    {"name": "Sterling InfoSystems",
     "permalink": "sterling-infosystems"}},
 "acquisitions":
  [],
 "offices":
  [],
 "milestones":
  [],
 "ipo": null,
 "video_embeds":
  [],
 "screenshots":
  [],
 "external_links":
  [],
 "partners":
  []}
