{"name": "Ajax Union",
 "permalink": "ajax-union",
 "crunchbase_url": "http://www.crunchbase.com/company/ajax-union",
 "homepage_url": "http://www.ajaxunion.com",
 "blog_url": "http://www.ajaxunion.com/blog",
 "blog_feed_url": "",
 "twitter_username": "ajaxunion",
 "category_code": "advertising",
 "number_of_employees": 50,
 "founded_year": 2008,
 "founded_month": 1,
 "founded_day": 7,
 "deadpooled_year": null,
 "deadpooled_month": null,
 "deadpooled_day": null,
 "deadpooled_url": null,
 "tag_list": "online-marketing, search-engine-marketing, business-marketing, seo-company, search-engine-agency, internet-advertising-services",
 "alias_list": null,
 "email_address": "info@ajaxunion.com",
 "phone_number": "(800) 594-0444 ",
 "description": "Online Marketing Agency",
 "created_at": "Thu Dec 01 19:32:33 UTC 2011",
 "updated_at": "Wed Apr 24 03:12:42 UTC 2013",
 "overview": "\u003Cp\u003EAjax Union is a more than just a marketing company, it\u0026#8217;s also a business development team.  The employees at Ajax Union know how to evaluate every aspect of a business including strengths and weaknesses and can develop a detailed action plan to help companies meet every single one of their business goals.\u003C/p\u003E\n\n\u003Cp\u003EAjax Union\u0026#8217;s services include:\u003C/p\u003E\n\n\u003Cul\u003E\n\u003Cli\u003E\u003Cstrong\u003ESearch Engine Optimization:\u003C/strong\u003E On- and off-site SEO strategies boost natural search rankings to improve visibility and boost inbound traffic.\u003C/li\u003E\n\u003C/ul\u003E",
 "image":
  {"available_sizes":
    [[[149,
       150],
      "http://api-images.crunchbase.com/assets/images/resized/0016/5225/165225v2-max-150x150.jpg"],
     [[248,
       250],
      "http://api-images.crunchbase.com/assets/images/resized/0016/5225/165225v2-max-250x250.jpg"],
     [[447,
       450],
      "http://api-images.crunchbase.com/assets/images/resized/0016/5225/165225v2-max-450x450.jpg"]],
   "attribution": null},
 "products":
  [],
 "relationships":
  [],
 "competitions":
  [],
 "providerships":
  [],
 "total_money_raised": "$0",
 "funding_rounds":
  [],
 "investments":
  [],
 "acquisition": null,
 "acquisitions":
  [],
 "offices":
  [{"description": "Headquarters",
    "address1": "2233 Nostrand Ave",
    "address2": "",
    "zip_code": "11210",
    "city": "Brooklyn",
    "state_code": "NY",
    "country_code": "USA",
    "latitude": null,
    "longitude": null}],
 "milestones":
  [],
 "ipo": null,
 "video_embeds":
  [{"embed_code": "\u003Ciframe width=\"450\" height=\"259\" src=\"http://www.youtube.com/embed/g94XOr70jyI\" frameborder=\"0\" allowfullscreen\u003E\u003C/iframe\u003E",
    "description": "\u003Cp\u003EAjax Union gives Google Seminars in NY to educate business owners about Google products and services. http://www.marketingtrainingny.com to learn more!\u003C/p\u003E"}],
 "screenshots":
  [],
 "external_links":
  [],
 "partners":
  []}
