{"name": "Alana HealthCare",
 "permalink": "alana-healthcare",
 "crunchbase_url": "http://www.crunchbase.com/company/alana-healthcare",
 "homepage_url": "http://alanahealthcare.com",
 "blog_url": "",
 "blog_feed_url": "",
 "twitter_username": "AlanaHealth",
 "category_code": "health",
 "number_of_employees": null,
 "founded_year": null,
 "founded_month": null,
 "founded_day": null,
 "deadpooled_year": null,
 "deadpooled_month": null,
 "deadpooled_day": null,
 "deadpooled_url": null,
 "tag_list": "",
 "alias_list": "",
 "email_address": "",
 "phone_number": "615-375-1094",
 "description": "",
 "created_at": "Fri Dec 09 12:42:20 UTC 2011",
 "updated_at": "Fri Dec 09 12:47:18 UTC 2011",
 "overview": "\u003Cp\u003EAlana HealthCare, LLC, headquartered in Nashville, Tennessee, is a health solutions company that provides services to individuals with chronic and complex life conditions. They understand the complexities of managing chronic conditions.\u003C/p\u003E",
 "image":
  {"available_sizes":
    [[[150,
       107],
      "http://api-images.crunchbase.com/assets/images/resized/0016/5878/165878v1-max-150x150.jpg"],
     [[176,
       126],
      "http://api-images.crunchbase.com/assets/images/resized/0016/5878/165878v1-max-250x250.jpg"],
     [[176,
       126],
      "http://api-images.crunchbase.com/assets/images/resized/0016/5878/165878v1-max-450x450.jpg"]],
   "attribution": null},
 "products":
  [],
 "relationships":
  [],
 "competitions":
  [],
 "providerships":
  [],
 "total_money_raised": "$10M",
 "funding_rounds":
  [{"id": 26974,
    "round_code": "debt_round",
    "source_url": "http://www.finsmes.com/2011/12/alana-healthcare-receive-10m-debt-facility-comvest-group.html?utm_source=feedburner\u0026utm_medium=feed\u0026utm_campaign=Feed%3A+finsmes%2FcNHu+%28FinSMEs%29",
    "source_description": "Alana Healthcare is to Receive $10M Debt Facility from Comvest Group",
    "raised_amount": 10000000.0,
    "raised_currency_code": "USD",
    "funded_year": 2011,
    "funded_month": 12,
    "funded_day": 9,
    "investments":
     [{"company": null,
       "financial_org":
        {"name": "Comvest Group",
         "permalink": "comvest-group"},
       "person": null}]}],
 "investments":
  [],
 "acquisition": null,
 "acquisitions":
  [],
 "offices":
  [{"description": "",
    "address1": "208 Dragon Drive",
    "address2": "",
    "zip_code": "37055",
    "city": "Dickson",
    "state_code": "TN",
    "country_code": "USA",
    "latitude": null,
    "longitude": null}],
 "milestones":
  [],
 "ipo": null,
 "video_embeds":
  [],
 "screenshots":
  [{"available_sizes":
     [[[150,
        113],
       "http://api-images.crunchbase.com/assets/images/resized/0016/5879/165879v1-max-150x150.jpg"],
      [[250,
        189],
       "http://api-images.crunchbase.com/assets/images/resized/0016/5879/165879v1-max-250x250.jpg"],
      [[450,
        340],
       "http://api-images.crunchbase.com/assets/images/resized/0016/5879/165879v1-max-450x450.jpg"]],
    "attribution": null}],
 "external_links":
  [],
 "partners":
  []}
