{"name": "Albatross Technologies Limited",
 "permalink": "albatross-technologies-limited",
 "crunchbase_url": "http://www.crunchbase.com/company/albatross-technologies-limited",
 "homepage_url": "http://www.albatrossbd.com",
 "blog_url": "",
 "blog_feed_url": "",
 "twitter_username": "albatrosstech",
 "category_code": "software",
 "number_of_employees": 25,
 "founded_year": 2007,
 "founded_month": 8,
 "founded_day": 1,
 "deadpooled_year": null,
 "deadpooled_month": null,
 "deadpooled_day": null,
 "deadpooled_url": null,
 "tag_list": "web-design-in-bangladesh, web-design-company-in-bangladesh, offshore-web-design, graphic-design-bangladesh, graphic-design, ecommerce-web-design, web-design-company, outsource, outsourcing, outsource-solution, offshore-outsourcing, outsource-web-solution,",
 "alias_list": null,
 "email_address": "info@albatrossbd.com",
 "phone_number": "+88027912178",
 "description": "Web \u0026 software development company",
 "created_at": "Sat Nov 12 17:59:36 UTC 2011",
 "updated_at": "Mon Jun 11 18:37:38 UTC 2012",
 "overview": "\u003Cp\u003EAlbatross Technologies Limited is a full service web design company providing web development solutions for companies or individuals interested in outsourcing their web design and website development needs. Based in Dhaka, Bangladesh. Albatross Technologies Limited specialized in web application development like php project development, php website development, and ecommerce web development, web based application development. \u003C/p\u003E",
 "image":
  {"available_sizes":
    [[[124,
       122],
      "http://api-images.crunchbase.com/assets/images/resized/0016/9491/169491v2-max-150x150.png"],
     [[124,
       122],
      "http://api-images.crunchbase.com/assets/images/resized/0016/9491/169491v2-max-250x250.png"],
     [[124,
       122],
      "http://api-images.crunchbase.com/assets/images/resized/0016/9491/169491v2-max-450x450.png"]],
   "attribution": null},
 "products":
  [],
 "relationships":
  [{"is_past": false,
    "title": "Chief Executive Officer",
    "person":
     {"first_name": "Ahmed",
      "last_name": "Nadir",
      "permalink": "ahmed-nadir"}}],
 "competitions":
  [],
 "providerships":
  [{"title": "",
    "is_past": false,
    "provider":
     {"name": "Worldwide Networks \u0026 Consultancy Limited",
      "permalink": "worldwide-networks-consultancy-limited"}}],
 "total_money_raised": "$0",
 "funding_rounds":
  [],
 "investments":
  [],
 "acquisition": null,
 "acquisitions":
  [],
 "offices":
  [{"description": "",
    "address1": "Uttara, Sector-11",
    "address2": "Road-14, House-08, Level-06",
    "zip_code": "1230",
    "city": "Dhaka",
    "state_code": null,
    "country_code": "BGD",
    "latitude": null,
    "longitude": null}],
 "milestones":
  [],
 "ipo": null,
 "video_embeds":
  [],
 "screenshots":
  [],
 "external_links":
  [],
 "partners":
  []}
