{"name": "Alchemy Solutions",
 "permalink": "alchemy-solutions",
 "crunchbase_url": "http://www.crunchbase.com/company/alchemy-solutions",
 "homepage_url": null,
 "blog_url": null,
 "blog_feed_url": null,
 "twitter_username": null,
 "category_code": null,
 "number_of_employees": null,
 "founded_year": null,
 "founded_month": null,
 "founded_day": null,
 "deadpooled_year": null,
 "deadpooled_month": null,
 "deadpooled_day": null,
 "deadpooled_url": null,
 "tag_list": null,
 "alias_list": null,
 "email_address": null,
 "phone_number": null,
 "description": null,
 "created_at": "Mon Nov 21 01:26:44 UTC 2011",
 "updated_at": "Fri Jun 14 06:20:33 UTC 2013",
 "overview": "\u003Cp\u003EAlchemy Solutions is a Corporate Training Services company initiated by a group of professionals. We provide Total Solutions using world class technologies to those who can envision, innovate and re-invent themselves every so often. Alchemy Solutions is known to impart training in an impressive range of technologies using the leading experts in the field.\u003C/p\u003E\n\n\u003Cp\u003EAlchemy Solutions has been in operation since the year 2000, catering to clients in India and Abroad. We have been a preferred training partner to numerous reputed companies for quite a few years now.\u003C/p\u003E",
 "image": null,
 "products":
  [],
 "relationships":
  [{"is_past": true,
    "title": "VP of Marketing",
    "person":
     {"first_name": "Kevin",
      "last_name": "Bauer",
      "permalink": "kevin-bauer"}}],
 "competitions":
  [],
 "providerships":
  [],
 "total_money_raised": "$0",
 "funding_rounds":
  [],
 "investments":
  [],
 "acquisition": null,
 "acquisitions":
  [],
 "offices":
  [],
 "milestones":
  [],
 "ipo": null,
 "video_embeds":
  [],
 "screenshots":
  [],
 "external_links":
  [],
 "partners":
  []}
