{"name": "Alconost Nitro",
 "permalink": "alconost-nitro",
 "crunchbase_url": "http://www.crunchbase.com/company/alconost-nitro",
 "homepage_url": "http://www.alconost.com/en/nitro",
 "blog_url": "",
 "blog_feed_url": "",
 "twitter_username": "alconost",
 "category_code": "public_relations",
 "number_of_employees": 30,
 "founded_year": 2010,
 "founded_month": null,
 "founded_day": null,
 "deadpooled_year": null,
 "deadpooled_month": null,
 "deadpooled_day": null,
 "deadpooled_url": null,
 "tag_list": "translation, online-translation, live-online-translation",
 "alias_list": null,
 "email_address": "nitro@alconost.com",
 "phone_number": "",
 "description": "Live online translation service",
 "created_at": "Fri Jan 20 09:03:11 UTC 2012",
 "updated_at": "Sat Feb 04 06:23:17 UTC 2012",
 "overview": "\u003Cp\u003E\u003Ca href=\"http://www.alconost.com/en/nitro\" title=\"Alconost Nitro\" rel=\"nofollow\"\u003EAlconost Nitro\u003C/a\u003E is a professional online translation service. Unlike automated online translation systems, all translations in Alconost Nitro are carried out by professional, native speaker translators working online.\u003C/p\u003E\n\n\u003Cp\u003EAlconost Nitro provides for the translation of small texts and business correspondence within a matter of minutes. Companies and individuals use Alconost Nitro for communicating with foreign clients and business partners nearly in real time, for providing multilingual technical support and for maintaining multilingual sites and blogs.\u003C/p\u003E",
 "image":
  {"available_sizes":
    [[[150,
       86],
      "http://api-images.crunchbase.com/assets/images/resized/0017/1006/171006v4-max-150x150.png"],
     [[198,
       114],
      "http://api-images.crunchbase.com/assets/images/resized/0017/1006/171006v4-max-250x250.png"],
     [[198,
       114],
      "http://api-images.crunchbase.com/assets/images/resized/0017/1006/171006v4-max-450x450.png"]],
   "attribution": null},
 "products":
  [],
 "relationships":
  [],
 "competitions":
  [],
 "providerships":
  [],
 "total_money_raised": "$0",
 "funding_rounds":
  [],
 "investments":
  [],
 "acquisition": null,
 "acquisitions":
  [],
 "offices":
  [],
 "milestones":
  [],
 "ipo": null,
 "video_embeds":
  [{"embed_code": "\u003Ciframe width=\"420\" height=\"315\" src=\"http://www.youtube.com/embed/wjdwNb_yYX4\" frameborder=\"0\" allowfullscreen\u003E\u003C/iframe\u003E",
    "description": "\u003Cp\u003EAlconost Nitro - your live online translation service\u003C/p\u003E"}],
 "screenshots":
  [],
 "external_links":
  [],
 "partners":
  []}
