{"name": "Aldiko Limited",
 "permalink": "aldiko-limited",
 "crunchbase_url": "http://www.crunchbase.com/company/aldiko-limited",
 "homepage_url": "http://www.aldiko.com",
 "blog_url": "http://www.aldiko.com/blog/",
 "blog_feed_url": "",
 "twitter_username": "Aldiko",
 "category_code": "software",
 "number_of_employees": null,
 "founded_year": 2009,
 "founded_month": 7,
 "founded_day": 17,
 "deadpooled_year": null,
 "deadpooled_month": null,
 "deadpooled_day": null,
 "deadpooled_url": null,
 "tag_list": "ebooks, ebook-reader, book, publishing",
 "alias_list": null,
 "email_address": "contact@aldiko.com",
 "phone_number": "",
 "description": "Shop, Read and Organize eBooks",
 "created_at": "Mon Oct 17 19:13:14 UTC 2011",
 "updated_at": "Wed May 29 11:50:30 UTC 2013",
 "overview": "\u003Cp\u003EFounded in 2009, Aldiko is dedicated to developing innovative technology for delivering and consuming digital content on mobile devices.\u003C/p\u003E\n\n\u003Cp\u003EThe company\u2019s goals are:\u003C/p\u003E\n\n\u003Cp\u003E(1) providing an open platform where publishers and booksellers can easily distribute digital content to readers around the world.\u003C/p\u003E\n\n\u003Cp\u003E(2) providing consumers the tools to access and read digital content from a wide range of sources instantly and seamlessly, and with the best-in-class eBook experience.\u003C/p\u003E\n\n\u003Cp\u003EThe company\u2019s flagship product is the Aldiko Book Reader, which allows consumers to shop eBooks from a mall of eBook stores, import their own eBooks, read and organize eBooks in one place.\u003C/p\u003E\n\n\u003Cp\u003EOver the last 3 years, the company has gained over 10 million users from over 200 countries and continues to experience a skyrocketing growth.\u003C/p\u003E\n\n\u003Cp\u003EThe company\u2019s product, the Aldiko Book Reader is one of the most popular eBook application on the Android platform. It\u2019s also pre-installed on a wide range of smartphones and tablets.\u003C/p\u003E",
 "image":
  {"available_sizes":
    [[[150,
       45],
      "http://api-images.crunchbase.com/assets/images/resized/0015/8439/158439v2-max-150x150.png"],
     [[250,
       75],
      "http://api-images.crunchbase.com/assets/images/resized/0015/8439/158439v2-max-250x250.png"],
     [[450,
       135],
      "http://api-images.crunchbase.com/assets/images/resized/0015/8439/158439v2-max-450x450.png"]],
   "attribution": null},
 "products":
  [],
 "relationships":
  [],
 "competitions":
  [],
 "providerships":
  [],
 "total_money_raised": "$0",
 "funding_rounds":
  [],
 "investments":
  [],
 "acquisition": null,
 "acquisitions":
  [],
 "offices":
  [{"description": "",
    "address1": "Times Tower, 391-407 Jaffe Road, Wanchai",
    "address2": "",
    "zip_code": "",
    "city": "Hong Kong",
    "state_code": null,
    "country_code": "HKG",
    "latitude": null,
    "longitude": null}],
 "milestones":
  [],
 "ipo": null,
 "video_embeds":
  [],
 "screenshots":
  [{"available_sizes":
     [[[90,
        150],
       "http://api-images.crunchbase.com/assets/images/resized/0015/8435/158435v2-max-150x150.png"],
      [[150,
        250],
       "http://api-images.crunchbase.com/assets/images/resized/0015/8435/158435v2-max-250x250.png"],
      [[270,
        450],
       "http://api-images.crunchbase.com/assets/images/resized/0015/8435/158435v2-max-450x450.png"]],
    "attribution": null},
   {"available_sizes":
     [[[90,
        150],
       "http://api-images.crunchbase.com/assets/images/resized/0015/8436/158436v2-max-150x150.png"],
      [[150,
        250],
       "http://api-images.crunchbase.com/assets/images/resized/0015/8436/158436v2-max-250x250.png"],
      [[270,
        450],
       "http://api-images.crunchbase.com/assets/images/resized/0015/8436/158436v2-max-450x450.png"]],
    "attribution": null},
   {"available_sizes":
     [[[90,
        150],
       "http://api-images.crunchbase.com/assets/images/resized/0015/8437/158437v2-max-150x150.png"],
      [[150,
        250],
       "http://api-images.crunchbase.com/assets/images/resized/0015/8437/158437v2-max-250x250.png"],
      [[270,
        450],
       "http://api-images.crunchbase.com/assets/images/resized/0015/8437/158437v2-max-450x450.png"]],
    "attribution": null},
   {"available_sizes":
     [[[90,
        150],
       "http://api-images.crunchbase.com/assets/images/resized/0015/8438/158438v2-max-150x150.png"],
      [[150,
        250],
       "http://api-images.crunchbase.com/assets/images/resized/0015/8438/158438v2-max-250x250.png"],
      [[270,
        450],
       "http://api-images.crunchbase.com/assets/images/resized/0015/8438/158438v2-max-450x450.png"]],
    "attribution": null}],
 "external_links":
  [],
 "partners":
  []}
