{"name": "AldoMedia",
 "permalink": "aldomedia",
 "crunchbase_url": "http://www.crunchbase.com/company/aldomedia",
 "homepage_url": "http://www.aldomedia.com",
 "blog_url": "http://www.aldomedia.com/blog",
 "blog_feed_url": "",
 "twitter_username": "aldomedia",
 "category_code": "advertising",
 "number_of_employees": 3,
 "founded_year": 1999,
 "founded_month": 1,
 "founded_day": 1,
 "deadpooled_year": null,
 "deadpooled_month": null,
 "deadpooled_day": null,
 "deadpooled_url": null,
 "tag_list": "buffalo-website-design, web-design-company-buffalo, buffalo-ny-web-design",
 "alias_list": null,
 "email_address": "aldo@aldomedia.com",
 "phone_number": "716-771-2536",
 "description": "Buffalo Website Design Company",
 "created_at": "Fri Nov 18 06:47:02 UTC 2011",
 "updated_at": "Sun Nov 20 05:57:09 UTC 2011",
 "overview": "\u003Cp\u003EAldoMedia provides customized website design for businesses seeking a professional web presence. They have been developing custom website design in Buffalo for their clients since 1999. Their highly skilled staff will create web solutions that will enable your business to meet its online goal.\u003C/p\u003E\n\n\u003Cp\u003EUnderstanding your needs and then implementing your ideas into an online presence is what they do best.\u003C/p\u003E",
 "image":
  {"available_sizes":
    [[[150,
       55],
      "http://api-images.crunchbase.com/assets/images/resized/0016/2900/162900v2-max-150x150.png"],
     [[236,
       87],
      "http://api-images.crunchbase.com/assets/images/resized/0016/2900/162900v2-max-250x250.png"],
     [[236,
       87],
      "http://api-images.crunchbase.com/assets/images/resized/0016/2900/162900v2-max-450x450.png"]],
   "attribution": null},
 "products":
  [],
 "relationships":
  [{"is_past": false,
    "title": "President",
    "person":
     {"first_name": "Aldo",
      "last_name": "Giammusso",
      "permalink": "aldo-giammusso"}}],
 "competitions":
  [],
 "providerships":
  [],
 "total_money_raised": "$0",
 "funding_rounds":
  [],
 "investments":
  [],
 "acquisition": null,
 "acquisitions":
  [],
 "offices":
  [{"description": "AldoMedia, LLC. HQ",
    "address1": "18 Limestone Dr",
    "address2": "Suite 1",
    "zip_code": "14221",
    "city": "Williamsville",
    "state_code": "NY",
    "country_code": "USA",
    "latitude": null,
    "longitude": null}],
 "milestones":
  [],
 "ipo": null,
 "video_embeds":
  [],
 "screenshots":
  [{"available_sizes":
     [[[150,
        69],
       "http://api-images.crunchbase.com/assets/images/resized/0016/2899/162899v2-max-150x150.jpg"],
      [[250,
        115],
       "http://api-images.crunchbase.com/assets/images/resized/0016/2899/162899v2-max-250x250.jpg"],
      [[450,
        207],
       "http://api-images.crunchbase.com/assets/images/resized/0016/2899/162899v2-max-450x450.jpg"]],
    "attribution": null}],
 "external_links":
  [],
 "partners":
  []}
