{"name": "Alertia",
 "permalink": "alertia",
 "crunchbase_url": "http://www.crunchbase.com/company/alertia",
 "homepage_url": "http://www.alertia.net",
 "blog_url": "",
 "blog_feed_url": "",
 "twitter_username": "Alertia_net",
 "category_code": "network_hosting",
 "number_of_employees": 4,
 "founded_year": 2011,
 "founded_month": null,
 "founded_day": null,
 "deadpooled_year": null,
 "deadpooled_month": null,
 "deadpooled_day": null,
 "deadpooled_url": null,
 "tag_list": "monitoring, cloud, datacenter, website",
 "alias_list": null,
 "email_address": "info@alertia.net",
 "phone_number": "+1 (408) 912-0992",
 "description": "Cloud server monitoring",
 "created_at": "Tue Feb 07 15:15:23 UTC 2012",
 "updated_at": "Thu Dec 12 08:37:28 UTC 2013",
 "overview": "\u003Cp\u003EAlertia provides up to the minute external monitoring and alerting services for servers, websites, and public cloud instances. Its distributed cloud-based network gives easy to understand data about server response and availability from different locations.\u003C/p\u003E\n\n\u003Cp\u003EAlertia performs multiple checks at the same second, which delivers trusted availability information called SyncCheck, a technology only available at Alertia. \u003C/p\u003E\n\n\u003Cp\u003EThe Alertia diagnostic module checks common points of failure and stores results for further forensic analysis. Alertia\u0026#8217;s unique reseller scheme and API interface open up new business opportunities for ISPs and cloud providers.\u003C/p\u003E",
 "image":
  {"available_sizes":
    [[[150,
       38],
      "http://api-images.crunchbase.com/assets/images/resized/0017/3313/173313v2-max-150x150.png"],
     [[230,
       59],
      "http://api-images.crunchbase.com/assets/images/resized/0017/3313/173313v2-max-250x250.png"],
     [[230,
       59],
      "http://api-images.crunchbase.com/assets/images/resized/0017/3313/173313v2-max-450x450.png"]],
   "attribution": null},
 "products":
  [],
 "relationships":
  [],
 "competitions":
  [],
 "providerships":
  [],
 "total_money_raised": "$0",
 "funding_rounds":
  [],
 "investments":
  [],
 "acquisition": null,
 "acquisitions":
  [],
 "offices":
  [{"description": "Main office in Spain",
    "address1": "Av. Cortes Valencianas, 43A",
    "address2": "office C1",
    "zip_code": "46015",
    "city": "Valencia",
    "state_code": null,
    "country_code": "ESP",
    "latitude": null,
    "longitude": null}],
 "milestones":
  [{"id": 21204,
    "description": "Alertia goes live",
    "stoned_year": 2012,
    "stoned_month": 2,
    "stoned_day": 7,
    "source_url": "",
    "source_text": null,
    "source_description": "",
    "stoneable_type": "Company",
    "stoned_value": null,
    "stoned_value_type": null,
    "stoned_acquirer": null,
    "stoneable":
     {"name": "Alertia",
      "permalink": "alertia"}}],
 "ipo": null,
 "video_embeds":
  [],
 "screenshots":
  [{"available_sizes":
     [[[150,
        83],
       "http://api-images.crunchbase.com/assets/images/resized/0017/3430/173430v2-max-150x150.png"],
      [[250,
        139],
       "http://api-images.crunchbase.com/assets/images/resized/0017/3430/173430v2-max-250x250.png"],
      [[450,
        250],
       "http://api-images.crunchbase.com/assets/images/resized/0017/3430/173430v2-max-450x450.png"]],
    "attribution": null},
   {"available_sizes":
     [[[100,
        150],
       "http://api-images.crunchbase.com/assets/images/resized/0017/3449/173449v2-max-150x150.png"],
      [[166,
        250],
       "http://api-images.crunchbase.com/assets/images/resized/0017/3449/173449v2-max-250x250.png"],
      [[300,
        450],
       "http://api-images.crunchbase.com/assets/images/resized/0017/3449/173449v2-max-450x450.png"]],
    "attribution": null}],
 "external_links":
  [],
 "partners":
  []}
