{"name": "alex \u0026 henry",
 "permalink": "alex-henry",
 "crunchbase_url": "http://www.crunchbase.com/company/alex-henry",
 "homepage_url": "http://www.alexhenry.mobi",
 "blog_url": "",
 "blog_feed_url": "",
 "twitter_username": null,
 "category_code": "mobile",
 "number_of_employees": 2,
 "founded_year": 2010,
 "founded_month": 12,
 "founded_day": null,
 "deadpooled_year": null,
 "deadpooled_month": null,
 "deadpooled_day": null,
 "deadpooled_url": null,
 "tag_list": "",
 "alias_list": null,
 "email_address": "info@alexhenry.mobi",
 "phone_number": "",
 "description": "Online \u0026 Mobile",
 "created_at": "Sun Dec 04 16:47:38 UTC 2011",
 "updated_at": "Thu Dec 08 17:20:56 UTC 2011",
 "overview": "",
 "image":
  {"available_sizes":
    [[[100,
       60],
      "http://api-images.crunchbase.com/assets/images/resized/0016/5082/165082v2-max-150x150.png"],
     [[100,
       60],
      "http://api-images.crunchbase.com/assets/images/resized/0016/5082/165082v2-max-250x250.png"],
     [[100,
       60],
      "http://api-images.crunchbase.com/assets/images/resized/0016/5082/165082v2-max-450x450.png"]],
   "attribution": null},
 "products":
  [],
 "relationships":
  [],
 "competitions":
  [],
 "providerships":
  [],
 "total_money_raised": "$0",
 "funding_rounds":
  [],
 "investments":
  [],
 "acquisition": null,
 "acquisitions":
  [],
 "offices":
  [],
 "milestones":
  [],
 "ipo": null,
 "video_embeds":
  [],
 "screenshots":
  [],
 "external_links":
  [],
 "partners":
  []}
