{"name": "Alexander Francis",
 "permalink": "alexander-francis",
 "crunchbase_url": "http://www.crunchbase.com/company/alexander-francis",
 "homepage_url": "http://www.alexander-francis.co.uk",
 "blog_url": "",
 "blog_feed_url": "",
 "twitter_username": "AF_Furniture",
 "category_code": "ecommerce",
 "number_of_employees": null,
 "founded_year": null,
 "founded_month": null,
 "founded_day": null,
 "deadpooled_year": null,
 "deadpooled_month": null,
 "deadpooled_day": null,
 "deadpooled_url": null,
 "tag_list": "",
 "alias_list": null,
 "email_address": "",
 "phone_number": "0117 325 5247",
 "description": "The Garden Furniture Company",
 "created_at": "Mon Oct 31 15:17:15 UTC 2011",
 "updated_at": "Thu Nov 03 20:46:17 UTC 2011",
 "overview": "\u003Cp\u003EWe are a garden furniture company that specializes in contemporary garden \u0026amp; conservatory garden furniture. We also offer rattan \u0026amp; wicker furniture at reasonable prices.\u003C/p\u003E",
 "image":
  {"available_sizes":
    [[[150,
       32],
      "http://api-images.crunchbase.com/assets/images/resized/0016/0213/160213v2-max-150x150.png"],
     [[250,
       53],
      "http://api-images.crunchbase.com/assets/images/resized/0016/0213/160213v2-max-250x250.png"],
     [[316,
       68],
      "http://api-images.crunchbase.com/assets/images/resized/0016/0213/160213v2-max-450x450.png"]],
   "attribution": null},
 "products":
  [],
 "relationships":
  [],
 "competitions":
  [],
 "providerships":
  [],
 "total_money_raised": "$0",
 "funding_rounds":
  [],
 "investments":
  [],
 "acquisition": null,
 "acquisitions":
  [],
 "offices":
  [],
 "milestones":
  [],
 "ipo": null,
 "video_embeds":
  [],
 "screenshots":
  [],
 "external_links":
  [],
 "partners":
  []}
