{"name": "AlfredNFC.com",
 "permalink": "alfrednfc-com",
 "crunchbase_url": "http://www.crunchbase.com/company/alfrednfc-com",
 "homepage_url": "http://AlfredNFC.com",
 "blog_url": "http://alfrednfc.com/blog/",
 "blog_feed_url": "",
 "twitter_username": null,
 "category_code": "mobile",
 "number_of_employees": 7,
 "founded_year": 2012,
 "founded_month": 1,
 "founded_day": 1,
 "deadpooled_year": null,
 "deadpooled_month": null,
 "deadpooled_day": null,
 "deadpooled_url": null,
 "tag_list": "nfc, cloud, location-aware",
 "alias_list": null,
 "email_address": "info@AlfredNFC.com",
 "phone_number": "9024424064",
 "description": "Universal NFC Cloud Connector",
 "created_at": "Tue Feb 07 20:48:47 UTC 2012",
 "updated_at": "Thu Aug 08 10:00:58 UTC 2013",
 "overview": "\u003Cp\u003EA simple and secure solution for having your mobile device talk to any location aware service in the cloud.\u003C/p\u003E\n\n\u003Cp\u003EAlfredNFC.com has invented a universal conduit of information that ties mobile devices to location-specific events via the Cloud and made it accessible to all developer partners.\u003C/p\u003E\n\n\u003Cp\u003EThe system enables users of modern smartphones to tie their identity to a specific location in a secure way. That data is then available to any authorized system that is connected to the Internet.\u003C/p\u003E\n\n\u003Cp\u003EThe unique patent-pending technology enables both NFC enabled phones as well as non-NFC enabled phones to communicate with our connector to the Cloud.\u003C/p\u003E\n\n\u003Cp\u003EKey Benefits:\u003C/p\u003E\n\n\u003Cul\u003E\n\u003Cli\u003EIncredibly simple installation, plug it in and you are done.\nNo need to integrate with any existing POS system/network (but we can if need be).\u003C/li\u003E\n\u003Cli\u003EWe can easily and securely exchange data with any authenticated system via our secure web accessible API.\u003C/li\u003E\n\u003Cli\u003EComplete end to end data encapsulation and encryption. You can encrypt your data within the mobile App and decrypt once it arrives at your destination in the Cloud.\u003C/li\u003E\n\u003Cli\u003EWe are carrier neutral so that any retailer may use our system and work with any number of other developers or systems to do as they wish with the data.\u003C/li\u003E\n\u003Cli\u003EDual mode of operation \u2013 in addition to transmitting via the new NFC chip set and emerging protocols we will have the ability to transmit data with non-NFC enabled mobile devices. This means that while NFC technology is emerging, devices commonly in use today such as iPhone and Android will be able to work with our system while NFC technology emerges in the marketplace.\u003C/li\u003E\n\u003C/ul\u003E",
 "image":
  {"available_sizes":
    [[[150,
       87],
      "http://api-images.crunchbase.com/assets/images/resized/0017/3351/173351v2-max-150x150.png"],
     [[165,
       96],
      "http://api-images.crunchbase.com/assets/images/resized/0017/3351/173351v2-max-250x250.png"],
     [[165,
       96],
      "http://api-images.crunchbase.com/assets/images/resized/0017/3351/173351v2-max-450x450.png"]],
   "attribution": null},
 "products":
  [],
 "relationships":
  [{"is_past": false,
    "title": "Co-founder",
    "person":
     {"first_name": "Musfiq",
      "last_name": "Rahman",
      "permalink": "musfiq-rahman"}},
   {"is_past": false,
    "title": "President",
    "person":
     {"first_name": "Brandon",
      "last_name": "Kolybaba",
      "permalink": "brandon-kolybaba"}},
   {"is_past": false,
    "title": "Software Developer",
    "person":
     {"first_name": "Alex",
      "last_name": "Hart",
      "permalink": "alex-hart"}}],
 "competitions":
  [],
 "providerships":
  [],
 "total_money_raised": "$0",
 "funding_rounds":
  [],
 "investments":
  [],
 "acquisition": null,
 "acquisitions":
  [],
 "offices":
  [{"description": "Main Office",
    "address1": "211 Horseshoe Lake Drive",
    "address2": "",
    "zip_code": "B3S 0B9",
    "city": "Halifax",
    "state_code": null,
    "country_code": "CAN",
    "latitude": null,
    "longitude": null}],
 "milestones":
  [],
 "ipo": null,
 "video_embeds":
  [],
 "screenshots":
  [{"available_sizes":
     [[[150,
        106],
       "http://api-images.crunchbase.com/assets/images/resized/0030/3846/303846v1-max-150x150.png"],
      [[250,
        178],
       "http://api-images.crunchbase.com/assets/images/resized/0030/3846/303846v1-max-250x250.png"],
      [[403,
        287],
       "http://api-images.crunchbase.com/assets/images/resized/0030/3846/303846v1-max-450x450.png"]],
    "attribution": null}],
 "external_links":
  [],
 "partners":
  [{"partner_name": "angel_list",
    "homepage_url": "http://AlfredNFC.com",
    "link_1_url": "https://angel.co/alfred-nfc",
    "link_2_url": null,
    "link_3_url": null,
    "link_1_name": "AngelList Page",
    "link_2_name": null,
    "link_3_name": null}]}
