{"name": "Algoritz Technologies",
 "permalink": "algoritz-technologies",
 "crunchbase_url": "http://www.crunchbase.com/company/algoritz-technologies",
 "homepage_url": "http://www.algoritz.com",
 "blog_url": "http://www.algoritz.com/blog/",
 "blog_feed_url": "",
 "twitter_username": "algoritz",
 "category_code": "advertising",
 "number_of_employees": 57,
 "founded_year": 2011,
 "founded_month": 2,
 "founded_day": 7,
 "deadpooled_year": null,
 "deadpooled_month": null,
 "deadpooled_day": null,
 "deadpooled_url": null,
 "tag_list": "seo, sem, smm, link-building",
 "alias_list": null,
 "email_address": "anand@algoritz.com",
 "phone_number": "9940240830",
 "description": "Enhance your Digital Presence",
 "created_at": "Thu Sep 22 17:28:10 UTC 2011",
 "updated_at": "Wed Dec 12 06:49:38 UTC 2012",
 "overview": "\u003Cp\u003EAlgoritz is the next generation Internet marketing company specialized in SEO and Link Building. We are also Specialized in Search engine Marketing and Pay per Click. In the last one year we have completed more than 600+ Seo projects and its still counting.\u003C/p\u003E",
 "image":
  {"available_sizes":
    [[[150,
       47],
      "http://api-images.crunchbase.com/assets/images/resized/0015/5175/155175v4-max-150x150.png"],
     [[250,
       78],
      "http://api-images.crunchbase.com/assets/images/resized/0015/5175/155175v4-max-250x250.png"],
     [[296,
       93],
      "http://api-images.crunchbase.com/assets/images/resized/0015/5175/155175v4-max-450x450.png"]],
   "attribution": null},
 "products":
  [],
 "relationships":
  [],
 "competitions":
  [],
 "providerships":
  [],
 "total_money_raised": "$0",
 "funding_rounds":
  [],
 "investments":
  [],
 "acquisition": null,
 "acquisitions":
  [],
 "offices":
  [{"description": "Algoritz Web Technologies",
    "address1": "New No.7/Old No.4, IInd Floor",
    "address2": "4th Avenue, Dr.Ambedkar Road, Kodambakkam",
    "zip_code": "600024",
    "city": "chennai",
    "state_code": null,
    "country_code": "IND",
    "latitude": 13.0857532,
    "longitude": 80.2044016}],
 "milestones":
  [],
 "ipo": null,
 "video_embeds":
  [],
 "screenshots":
  [],
 "external_links":
  [],
 "partners":
  []}
