{"name": "Alien Space Agency",
 "permalink": "alien-space-agency",
 "crunchbase_url": "http://www.crunchbase.com/company/alien-space-agency",
 "homepage_url": "http://alienspaceagency.com",
 "blog_url": "",
 "blog_feed_url": "",
 "twitter_username": "alienagency",
 "category_code": "games_video",
 "number_of_employees": 2,
 "founded_year": 2011,
 "founded_month": 9,
 "founded_day": 1,
 "deadpooled_year": null,
 "deadpooled_month": null,
 "deadpooled_day": null,
 "deadpooled_url": null,
 "tag_list": "",
 "alias_list": null,
 "email_address": "hi@alienspaceagency.com",
 "phone_number": "",
 "description": "We make fun apps",
 "created_at": "Tue Sep 20 07:15:02 UTC 2011",
 "updated_at": "Mon Nov 14 01:42:53 UTC 2011",
 "overview": "",
 "image":
  {"available_sizes":
    [[[132,
       132],
      "http://api-images.crunchbase.com/assets/images/resized/0015/4889/154889v2-max-150x150.png"],
     [[132,
       132],
      "http://api-images.crunchbase.com/assets/images/resized/0015/4889/154889v2-max-250x250.png"],
     [[132,
       132],
      "http://api-images.crunchbase.com/assets/images/resized/0015/4889/154889v2-max-450x450.png"]],
   "attribution": null},
 "products":
  [],
 "relationships":
  [],
 "competitions":
  [],
 "providerships":
  [],
 "total_money_raised": "$0",
 "funding_rounds":
  [],
 "investments":
  [],
 "acquisition": null,
 "acquisitions":
  [],
 "offices":
  [],
 "milestones":
  [],
 "ipo": null,
 "video_embeds":
  [],
 "screenshots":
  [],
 "external_links":
  [],
 "partners":
  []}
