{"name": "AliveCor",
 "permalink": "alivecor",
 "crunchbase_url": "http://www.crunchbase.com/company/alivecor",
 "homepage_url": "http://alivecor.com",
 "blog_url": "",
 "blog_feed_url": "",
 "twitter_username": "AliveCor",
 "category_code": "health",
 "number_of_employees": null,
 "founded_year": null,
 "founded_month": null,
 "founded_day": null,
 "deadpooled_year": null,
 "deadpooled_month": null,
 "deadpooled_day": null,
 "deadpooled_url": null,
 "tag_list": "",
 "alias_list": "",
 "email_address": "info@alivecor.com",
 "phone_number": "",
 "description": "",
 "created_at": "Fri Aug 12 04:58:06 UTC 2011",
 "updated_at": "Thu Feb 06 10:22:17 UTC 2014",
 "overview": "\u003Cp\u003EAliveCor has a device and application that will turn any smartphone into a clinical-quality electrocardiogram (ECG) recorder.\u003C/p\u003E",
 "image":
  {"available_sizes":
    [[[150,
       83],
      "http://api-images.crunchbase.com/assets/images/resized/0014/9115/149115v3-max-150x150.jpg"],
     [[250,
       138],
      "http://api-images.crunchbase.com/assets/images/resized/0014/9115/149115v3-max-250x250.jpg"],
     [[301,
       167],
      "http://api-images.crunchbase.com/assets/images/resized/0014/9115/149115v3-max-450x450.jpg"]],
   "attribution": null},
 "products":
  [],
 "relationships":
  [{"is_past": false,
    "title": "Chief Medical Officer, Co-founder",
    "person":
     {"first_name": "David",
      "last_name": "Albert",
      "permalink": "david-albert"}},
   {"is_past": false,
    "title": "CEO",
    "person":
     {"first_name": "Euan",
      "last_name": "Thomson",
      "permalink": "euan-thomson"}},
   {"is_past": false,
    "title": "Co-founder",
    "person":
     {"first_name": "Kim",
      "last_name": "Barnett",
      "permalink": "kim-barnett"}},
   {"is_past": false,
    "title": "Co-founder",
    "person":
     {"first_name": "Bruce",
      "last_name": "Satchwell",
      "permalink": "bruce-satchwell"}},
   {"is_past": false,
    "title": "Business Operations",
    "person":
     {"first_name": "Andrea",
      "last_name": "Cisternino",
      "permalink": "andrea-cisternino"}},
   {"is_past": false,
    "title": "Customer Service",
    "person":
     {"first_name": "Janice",
      "last_name": "Jones",
      "permalink": "janice-jones"}},
   {"is_past": false,
    "title": "Product Manager",
    "person":
     {"first_name": "Nupur",
      "last_name": "Srivastava",
      "permalink": "nupur-srivastava"}},
   {"is_past": false,
    "title": "Creative Director",
    "person":
     {"first_name": "Jane",
      "last_name": "Ha",
      "permalink": "jane-ha"}},
   {"is_past": false,
    "title": "Board Member",
    "person":
     {"first_name": "Mike",
      "last_name": "Kourey",
      "permalink": "mike-kourey"}},
   {"is_past": false,
    "title": "Product Manager",
    "person":
     {"first_name": "Iman",
      "last_name": "Abuzeid",
      "permalink": "iman-abuzeid"}},
   {"is_past": true,
    "title": "President \u0026 Chief Executive Officer (CEO)",
    "person":
     {"first_name": "Dan",
      "last_name": "Sullivan",
      "permalink": "dan-sullivan"}},
   {"is_past": true,
    "title": "VP, Business Development",
    "person":
     {"first_name": "Thomas",
      "last_name": "Schlumpberger",
      "permalink": "thomas-schlumpberger"}},
   {"is_past": true,
    "title": "Director of Information Technology",
    "person":
     {"first_name": "Alfonso",
      "last_name": "Hooker",
      "permalink": "alfonso-hooker"}},
   {"is_past": true,
    "title": "Director, Regulatory Affairs",
    "person":
     {"first_name": "Michael",
      "last_name": "Righter",
      "permalink": "michael-righter"}},
   {"is_past": true,
    "title": "Director, Marketing",
    "person":
     {"first_name": "David",
      "last_name": "McCaman",
      "permalink": "david-mccaman"}},
   {"is_past": true,
    "title": "Director, Manufacturing Operations",
    "person":
     {"first_name": "Silpesh",
      "last_name": "Patel",
      "permalink": "silpesh-patel"}}],
 "competitions":
  [],
 "providerships":
  [],
 "total_money_raised": "$13.5M",
 "funding_rounds":
  [{"id": 24775,
    "round_code": "a",
    "source_url": "http://techcrunch.com/2011/08/23/alivecor-turns-mobile-devices-into-low-cost-heart-monitors-raises-3-million/",
    "source_description": "AliveCor Turns Mobile Devices Into Low-Cost Heart Monitors, Raises $3 Million",
    "raised_amount": 3000000.0,
    "raised_currency_code": "USD",
    "funded_year": 2011,
    "funded_month": 8,
    "funded_day": 2,
    "investments":
     [{"company": null,
       "financial_org":
        {"name": "Burrill \u0026 Company",
         "permalink": "burrill-co"},
       "person": null},
      {"company": null,
       "financial_org":
        {"name": "Qualcomm Ventures",
         "permalink": "qualcomm-ventures"},
       "person": null},
      {"company": null,
       "financial_org":
        {"name": "Oklahoma Life Science Fund",
         "permalink": "oklahoma-life-science-fund"},
       "person": null}]},
   {"id": 30537,
    "round_code": "b",
    "source_url": "http://in.finance.yahoo.com/news/alivecor-raises-10-5m-series-120000432.html",
    "source_description": "AliveCor Raises $10.5M in Series B Financing",
    "raised_amount": 10500000.0,
    "raised_currency_code": "USD",
    "funded_year": 2012,
    "funded_month": 6,
    "funded_day": 10,
    "investments":
     [{"company": null,
       "financial_org":
        {"name": "Burrill \u0026 Company",
         "permalink": "burrill-co"},
       "person": null},
      {"company": null,
       "financial_org":
        {"name": "Khosla Ventures",
         "permalink": "khosla-ventures"},
       "person": null},
      {"company": null,
       "financial_org":
        {"name": "Qualcomm Ventures",
         "permalink": "qualcomm-ventures"},
       "person": null},
      {"company": null,
       "financial_org":
        {"name": "Oklahoma Life Science Fund",
         "permalink": "oklahoma-life-science-fund"},
       "person": null}]}],
 "investments":
  [],
 "acquisition": null,
 "acquisitions":
  [],
 "offices":
  [{"description": "",
    "address1": "30 Maiden Lane, 6th Floor",
    "address2": "",
    "zip_code": "94108",
    "city": "San Francisco",
    "state_code": "CA",
    "country_code": "USA",
    "latitude": null,
    "longitude": null}],
 "milestones":
  [],
 "ipo": null,
 "video_embeds":
  [],
 "screenshots":
  [{"available_sizes":
     [[[150,
        120],
       "http://api-images.crunchbase.com/assets/images/resized/0014/9116/149116v1-max-150x150.png"],
      [[250,
        200],
       "http://api-images.crunchbase.com/assets/images/resized/0014/9116/149116v1-max-250x250.png"],
      [[450,
        360],
       "http://api-images.crunchbase.com/assets/images/resized/0014/9116/149116v1-max-450x450.png"]],
    "attribution": null}],
 "external_links":
  [],
 "partners":
  []}
