{"name": "alive.cn",
 "permalink": "alive-cn",
 "crunchbase_url": "http://www.crunchbase.com/company/alive-cn",
 "homepage_url": "http://alive.cn",
 "blog_url": "http://weibo.com/aliveweibo",
 "blog_feed_url": "",
 "twitter_username": null,
 "category_code": "advertising",
 "number_of_employees": 5,
 "founded_year": 2011,
 "founded_month": 8,
 "founded_day": 3,
 "deadpooled_year": null,
 "deadpooled_month": null,
 "deadpooled_day": null,
 "deadpooled_url": null,
 "tag_list": "social-media, endorsements, celebrities, analytics, ads, advertising, china, beijing",
 "alias_list": null,
 "email_address": "info@alive.cn",
 "phone_number": "",
 "description": "Celebrity endorsements in social media",
 "created_at": "Mon Sep 05 11:46:05 UTC 2011",
 "updated_at": "Fri Mar 21 10:46:12 UTC 2014",
 "overview": "\u003Cp\u003Ealive.cn is an online marketplace for Greater China helping brands and agencies with celebrity endorsements in social media.\u003C/p\u003E\n\n\u003Cp\u003EBrands/agencies use alive.cn\u0026#8217;s celebrity analytics to find the best-matching celebrities to use for online video and social media campaigns. In conjunction with a network of celebrities, alive.cn manages and executes the online campaigns on various social media platforms and provides advertisers with detailed campaign reporting.\u003C/p\u003E",
 "image":
  {"available_sizes":
    [[[150,
       41],
      "http://api-images.crunchbase.com/assets/images/resized/0015/4303/154303v2-max-150x150.jpg"],
     [[180,
       50],
      "http://api-images.crunchbase.com/assets/images/resized/0015/4303/154303v2-max-250x250.jpg"],
     [[180,
       50],
      "http://api-images.crunchbase.com/assets/images/resized/0015/4303/154303v2-max-450x450.jpg"]],
   "attribution": null},
 "products":
  [],
 "relationships":
  [{"is_past": false,
    "title": "Co-Founder",
    "person":
     {"first_name": "Patrick",
      "last_name": "Lee",
      "permalink": "patrick-lee"}},
   {"is_past": false,
    "title": "CEO",
    "person":
     {"first_name": "Brian",
      "last_name": "Wong",
      "permalink": "brian-wong-4"}},
   {"is_past": false,
    "title": "CEO \u0026 Co-Founder",
    "person":
     {"first_name": "Brian",
      "last_name": "Wong",
      "permalink": "brian-wong-5"}},
   {"is_past": false,
    "title": "Chief Operating Officer",
    "person":
     {"first_name": "Raffi",
      "last_name": "Kamalian",
      "permalink": "raffi-kamalian"}},
   {"is_past": false,
    "title": "Product Designer and Engineer",
    "person":
     {"first_name": "Terry",
      "last_name": "Wang",
      "permalink": "terry-wang"}},
   {"is_past": true,
    "title": "Chief Technology Officer",
    "person":
     {"first_name": "Stephen",
      "last_name": "Wang",
      "permalink": "stephen-wang"}}],
 "competitions":
  [],
 "providerships":
  [],
 "total_money_raised": "$1.05M",
 "funding_rounds":
  [{"id": 25157,
    "round_code": "a",
    "source_url": "",
    "source_description": "",
    "raised_amount": 500000.0,
    "raised_currency_code": "USD",
    "funded_year": 2011,
    "funded_month": 9,
    "funded_day": 1,
    "investments":
     []},
   {"id": 35249,
    "round_code": "unattributed",
    "source_url": "",
    "source_description": "",
    "raised_amount": 550000.0,
    "raised_currency_code": "USD",
    "funded_year": 2013,
    "funded_month": 1,
    "funded_day": 11,
    "investments":
     []}],
 "investments":
  [],
 "acquisition": null,
 "acquisitions":
  [],
 "offices":
  [{"description": "",
    "address1": "Unit C5, 9/F, Manning Ind. Bldg.",
    "address2": "116-118 How Ming Street",
    "zip_code": "",
    "city": "Kwuntong",
    "state_code": null,
    "country_code": "HKG",
    "latitude": null,
    "longitude": null}],
 "milestones":
  [],
 "ipo": null,
 "video_embeds":
  [],
 "screenshots":
  [],
 "external_links":
  [{"external_url": "http://www.marketing-interactive.com/news/28110",
    "title": "Alivenotdead Ventures Into Agency Waters"}],
 "partners":
  []}
