{"name": "All Deals Asia",
 "permalink": "all-deals-asia",
 "crunchbase_url": "http://www.crunchbase.com/company/all-deals-asia",
 "homepage_url": "http://www.alldealsasia.com",
 "blog_url": "http://blog.alldealsasia.com/",
 "blog_feed_url": "",
 "twitter_username": "AllDealsAsia",
 "category_code": "ecommerce",
 "number_of_employees": 30,
 "founded_year": 2010,
 "founded_month": 8,
 "founded_day": null,
 "deadpooled_year": null,
 "deadpooled_month": null,
 "deadpooled_day": null,
 "deadpooled_url": null,
 "tag_list": "deals, deal, alldealsasia, coupons, discounts, singapore-deals, groupon, deal-com, group-buying",
 "alias_list": null,
 "email_address": "tech@alldealsasia.com",
 "phone_number": "",
 "description": "Deals Aggregator company",
 "created_at": "Thu Dec 01 08:21:05 UTC 2011",
 "updated_at": "Tue Mar 20 01:21:30 UTC 2012",
 "overview": "\u003Cp\u003EAllDealsAsia is Singapore and South East Asia\u0026#8217;s first and largest one stop deal aggregation portal with over 300,000 registered email subscribers, 40,000 Facebook group members, 1 million monthly page views and 300,000 unique monthly website visits. AllDealsAsia collaborates with merchants and deal partners to actively source for the best deals in town, ranging from lifestyle, entertainment, travel, food and beverages, beauty and fun activities. The AllDealsAsia portal is available to consumers from Singapore and across South East Asia, namely Malaysia, Philippines, Hong Kong, Thailand and Indonesia as well as Australia.\u003C/p\u003E\n\n\u003Cp\u003ETo download our AllDealsAsia iPhone App, please visit http://www.alldealsasia.com/mobile/iphone. For Android App, please visit http://www.alldealsasia.com/mobile/android\u003C/p\u003E",
 "image":
  {"available_sizes":
    [[[150,
       58],
      "http://api-images.crunchbase.com/assets/images/resized/0016/4925/164925v1-max-150x150.png"],
     [[250,
       97],
      "http://api-images.crunchbase.com/assets/images/resized/0016/4925/164925v1-max-250x250.png"],
     [[271,
       106],
      "http://api-images.crunchbase.com/assets/images/resized/0016/4925/164925v1-max-450x450.png"]],
   "attribution": null},
 "products":
  [],
 "relationships":
  [],
 "competitions":
  [],
 "providerships":
  [],
 "total_money_raised": "$0",
 "funding_rounds":
  [],
 "investments":
  [],
 "acquisition": null,
 "acquisitions":
  [],
 "offices":
  [{"description": "119A",
    "address1": "Jalan Sultan",
    "address2": "",
    "zip_code": "",
    "city": "Singapore",
    "state_code": null,
    "country_code": "SGP",
    "latitude": null,
    "longitude": null}],
 "milestones":
  [{"id": 21305,
    "description": "Launch of AllDealsAsia iPhone App Version 1.0",
    "stoned_year": 2012,
    "stoned_month": 1,
    "stoned_day": 4,
    "source_url": "http://blog.alldealsasia.com/2012/01/all-deals-asia-launches-deals-iphone-app/",
    "source_text": null,
    "source_description": "AllDealsAsia iPhone App is now launched!",
    "stoneable_type": "Company",
    "stoned_value": null,
    "stoned_value_type": null,
    "stoned_acquirer": null,
    "stoneable":
     {"name": "All Deals Asia",
      "permalink": "all-deals-asia"}},
   {"id": 21963,
    "description": "Launch of AllDealsAsia iPhone App Version 2.0",
    "stoned_year": 2012,
    "stoned_month": 3,
    "stoned_day": 17,
    "source_url": "",
    "source_text": null,
    "source_description": "",
    "stoneable_type": "Company",
    "stoned_value": null,
    "stoned_value_type": null,
    "stoned_acquirer": null,
    "stoneable":
     {"name": "All Deals Asia",
      "permalink": "all-deals-asia"}}],
 "ipo": null,
 "video_embeds":
  [],
 "screenshots":
  [],
 "external_links":
  [],
 "partners":
  []}
