{"name": "All Events in city",
 "permalink": "all-events-in-city",
 "crunchbase_url": "http://www.crunchbase.com/company/all-events-in-city",
 "homepage_url": "http://allevents.in",
 "blog_url": "http://allevents.in/blog/",
 "blog_feed_url": "http://allevents.in/blog/rss.xml",
 "twitter_username": "allevents_in",
 "category_code": "network_hosting",
 "number_of_employees": 8,
 "founded_year": 2011,
 "founded_month": 4,
 "founded_day": 5,
 "deadpooled_year": null,
 "deadpooled_month": null,
 "deadpooled_day": null,
 "deadpooled_url": null,
 "tag_list": "all-events-in-city, events, party, concert, music, dance, festival, birthday, celebration",
 "alias_list": "",
 "email_address": "contact@allevents.in",
 "phone_number": "+919909428196",
 "description": "Event Discover in Your Area and Cities",
 "created_at": "Tue Jan 10 18:53:35 UTC 2012",
 "updated_at": "Tue Aug 06 09:03:50 UTC 2013",
 "overview": "\u003Cp\u003EAllEvents.in helps you to find out all the events happening around you in your city/town.\u003C/p\u003E\n\n\u003Cp\u003EWith so much happening around the world as well as in your locality, it is hard to keep track of the stuff that matters to you. There are many events which come and go by in which you\u2019d have liked to participate. AllEvents is one such place which will tell you about all the important things happening in your area. All events all agglomerated at one place and you also have to an option to share your Facebook events with the added advantage of not having to register for the service.\u003C/p\u003E",
 "image":
  {"available_sizes":
    [[[150,
       37],
      "http://api-images.crunchbase.com/assets/images/resized/0016/9532/169532v2-max-150x150.png"],
     [[222,
       55],
      "http://api-images.crunchbase.com/assets/images/resized/0016/9532/169532v2-max-250x250.png"],
     [[222,
       55],
      "http://api-images.crunchbase.com/assets/images/resized/0016/9532/169532v2-max-450x450.png"]],
   "attribution": null},
 "products":
  [],
 "relationships":
  [{"is_past": false,
    "title": "Co-Founder",
    "person":
     {"first_name": "Amit",
      "last_name": "Panchal",
      "permalink": "amit-panchal"}},
   {"is_past": false,
    "title": "Co-Founder",
    "person":
     {"first_name": "Ruchit",
      "last_name": "Patel",
      "permalink": "ruchit-patel"}}],
 "competitions":
  [],
 "providerships":
  [],
 "total_money_raised": "$0",
 "funding_rounds":
  [],
 "investments":
  [],
 "acquisition": null,
 "acquisitions":
  [],
 "offices":
  [{"description": "",
    "address1": "Top Floor, Rangkrupa Building",
    "address2": "Near Parimal Garden, CG Road",
    "zip_code": "382350",
    "city": "Ahmedabad",
    "state_code": null,
    "country_code": "IND",
    "latitude": null,
    "longitude": null}],
 "milestones":
  [],
 "ipo": null,
 "video_embeds":
  [{"embed_code": "\u003Ciframe width=\"420\" height=\"287\" src=\"http://www.youtube.com/embed/6R5J7TSrLos\" frameborder=\"0\" allowfullscreen\u003E\u003C/iframe\u003E",
    "description": "\u003Cp\u003Eall events video\u003C/p\u003E"}],
 "screenshots":
  [{"available_sizes":
     [[[150,
        84],
       "http://api-images.crunchbase.com/assets/images/resized/0030/2427/302427v1-max-150x150.png"],
      [[250,
        140],
       "http://api-images.crunchbase.com/assets/images/resized/0030/2427/302427v1-max-250x250.png"],
      [[450,
        253],
       "http://api-images.crunchbase.com/assets/images/resized/0030/2427/302427v1-max-450x450.png"]],
    "attribution": null}],
 "external_links":
  [],
 "partners":
  [{"partner_name": "angel_list",
    "homepage_url": "http://allevents.in",
    "link_1_url": "https://angel.co/all-events-in-city",
    "link_2_url": null,
    "link_3_url": null,
    "link_1_name": "AngelList Page",
    "link_2_name": null,
    "link_3_name": null}]}
