{"name": "All Traffic Solutions",
 "permalink": "all-traffic-solutions",
 "crunchbase_url": "http://www.crunchbase.com/company/all-traffic-solutions",
 "homepage_url": "http://www.alltrafficsolutions.com",
 "blog_url": "",
 "blog_feed_url": "",
 "twitter_username": null,
 "category_code": null,
 "number_of_employees": null,
 "founded_year": null,
 "founded_month": null,
 "founded_day": null,
 "deadpooled_year": null,
 "deadpooled_month": null,
 "deadpooled_day": null,
 "deadpooled_url": null,
 "tag_list": "",
 "alias_list": "",
 "email_address": "sales@alltrafficsolutions.com",
 "phone_number": "866-366-6602",
 "description": "",
 "created_at": "Wed Dec 07 07:21:25 UTC 2011",
 "updated_at": "Wed Dec 07 07:25:55 UTC 2011",
 "overview": "\u003Cp\u003EAt All Traffic Solutions, their job is to make your job easier. They engineer web-based traffic calming signs \u2013 including radar speed display signs and variable message signs \u2013 that are incredibly smart, yet simple to use. Their signs let you do more than ever before with fewer resources, and their full-time technical support department will ensure that you maximize the utilization of your traffic control equipment. With thousands of signs in all 50 states and 15 countries, you can count on All Traffic Solutions to bring you truly innovative devices for the best traffic safety outcomes.\u003C/p\u003E",
 "image":
  {"available_sizes":
    [[[150,
       123],
      "http://api-images.crunchbase.com/assets/images/resized/0016/5514/165514v1-max-150x150.jpg"],
     [[152,
       125],
      "http://api-images.crunchbase.com/assets/images/resized/0016/5514/165514v1-max-250x250.jpg"],
     [[152,
       125],
      "http://api-images.crunchbase.com/assets/images/resized/0016/5514/165514v1-max-450x450.jpg"]],
   "attribution": null},
 "products":
  [],
 "relationships":
  [{"is_past": false,
    "title": "Chief Executive Officer",
    "person":
     {"first_name": "Scott",
      "last_name": "Johnson",
      "permalink": "scott-johnson-4"}}],
 "competitions":
  [],
 "providerships":
  [],
 "total_money_raised": "$0",
 "funding_rounds":
  [],
 "investments":
  [],
 "acquisition": null,
 "acquisitions":
  [],
 "offices":
  [{"description": "",
    "address1": "3100 Research Drive",
    "address2": "",
    "zip_code": "16801",
    "city": "State College",
    "state_code": "PA",
    "country_code": "USA",
    "latitude": null,
    "longitude": null}],
 "milestones":
  [],
 "ipo": null,
 "video_embeds":
  [],
 "screenshots":
  [{"available_sizes":
     [[[150,
        95],
       "http://api-images.crunchbase.com/assets/images/resized/0016/5515/165515v1-max-150x150.jpg"],
      [[250,
        159],
       "http://api-images.crunchbase.com/assets/images/resized/0016/5515/165515v1-max-250x250.jpg"],
      [[450,
        287],
       "http://api-images.crunchbase.com/assets/images/resized/0016/5515/165515v1-max-450x450.jpg"]],
    "attribution": null}],
 "external_links":
  [],
 "partners":
  []}
