{"name": "AllDealsOZ",
 "permalink": "alldealsoz",
 "crunchbase_url": "http://www.crunchbase.com/company/alldealsoz",
 "homepage_url": "http://www.alldealsoz.com.au",
 "blog_url": "http://blog.alldealsoz.com",
 "blog_feed_url": "http://blog.alldealsoz.com/feed",
 "twitter_username": "alldealsoz",
 "category_code": "web",
 "number_of_employees": 7,
 "founded_year": 2010,
 "founded_month": 8,
 "founded_day": 1,
 "deadpooled_year": null,
 "deadpooled_month": null,
 "deadpooled_day": null,
 "deadpooled_url": null,
 "tag_list": "daily-deals, daily-deals-tracker, group-buying, australia",
 "alias_list": null,
 "email_address": "media@alldealsoz.com",
 "phone_number": "",
 "description": "Australia Best Deals Tracker",
 "created_at": "Thu Aug 18 05:07:29 UTC 2011",
 "updated_at": "Thu Aug 15 21:02:31 UTC 2013",
 "overview": "\u003Cp\u003EAllDealsOZ \u2014 Australia\u0026#8217;s Best Daily Deals Tracker\u003C/p\u003E\n\n\u003Cp\u003EWe have a simple mission, save you tonnes of time and money, improve your daily deals hunting experience and make it easy and enjoyable! We collect all the best daily deals sites across Australia including Spreets, Cudo, Scoopon, JumpOnIt, Ouffer and so many more!  With all the daily deals on one site, you will never miss a deal again!\u003C/p\u003E\n\n\u003Cp\u003EYou can sign up and receive only ONE email everyday with the best and recommended deals in your city. We are available in 6 cities including Melbourne, Sydney, Brisbane, Perth, Adelaide, Gold Coast, Newcastle, Canberra and more are coming shortly. We customise the best local deals based on your preferences and location for you. \u003C/p\u003E",
 "image":
  {"available_sizes":
    [[[150,
       46],
      "http://api-images.crunchbase.com/assets/images/resized/0014/9982/149982v2-max-150x150.png"],
     [[250,
       78],
      "http://api-images.crunchbase.com/assets/images/resized/0014/9982/149982v2-max-250x250.png"],
     [[301,
       94],
      "http://api-images.crunchbase.com/assets/images/resized/0014/9982/149982v2-max-450x450.png"]],
   "attribution": null},
 "products":
  [],
 "relationships":
  [{"is_past": false,
    "title": "Co-founder",
    "person":
     {"first_name": "Kuffy",
      "last_name": "Fan",
      "permalink": "kuffy-fan"}},
   {"is_past": false,
    "title": "Co-founder",
    "person":
     {"first_name": "Rizbie",
      "last_name": "Yunus",
      "permalink": "rizbie-yunus"}}],
 "competitions":
  [],
 "providerships":
  [],
 "total_money_raised": "$0",
 "funding_rounds":
  [],
 "investments":
  [],
 "acquisition": null,
 "acquisitions":
  [],
 "offices":
  [],
 "milestones":
  [],
 "ipo": null,
 "video_embeds":
  [],
 "screenshots":
  [{"available_sizes":
     [[[150,
        87],
       "http://api-images.crunchbase.com/assets/images/resized/0014/9981/149981v2-max-150x150.png"],
      [[250,
        145],
       "http://api-images.crunchbase.com/assets/images/resized/0014/9981/149981v2-max-250x250.png"],
      [[450,
        261],
       "http://api-images.crunchbase.com/assets/images/resized/0014/9981/149981v2-max-450x450.png"]],
    "attribution": null}],
 "external_links":
  [{"external_url": "http://vimeo.com/26957906",
    "title": "Take a tour to see what AllDealsOZ can help you"}],
 "partners":
  []}
