{"name": "Allegis Group",
 "permalink": "allegis-group",
 "crunchbase_url": "http://www.crunchbase.com/company/allegis-group",
 "homepage_url": null,
 "blog_url": null,
 "blog_feed_url": null,
 "twitter_username": null,
 "category_code": null,
 "number_of_employees": null,
 "founded_year": null,
 "founded_month": null,
 "founded_day": null,
 "deadpooled_year": null,
 "deadpooled_month": null,
 "deadpooled_day": null,
 "deadpooled_url": null,
 "tag_list": null,
 "alias_list": null,
 "email_address": null,
 "phone_number": null,
 "description": null,
 "created_at": "Tue Feb 07 17:35:49 UTC 2012",
 "updated_at": "Wed Feb 08 23:53:58 UTC 2012",
 "overview": null,
 "image": null,
 "products":
  [],
 "relationships":
  [{"is_past": true,
    "title": "Chief Financial Officer",
    "person":
     {"first_name": "Stephen",
      "last_name": "Recht",
      "permalink": "stephen-recht"}},
   {"is_past": true,
    "title": "Employee Relations Manager",
    "person":
     {"first_name": "Kimberly",
      "last_name": "Prescott",
      "permalink": "kimberly-prescott"}},
   {"is_past": true,
    "title": "Systems / Network Consultant",
    "person":
     {"first_name": "Llewellyn",
      "last_name": "Powers",
      "permalink": "llewellyn-powers"}}],
 "competitions":
  [],
 "providerships":
  [{"title": "",
    "is_past": false,
    "provider":
     {"name": "Sovren",
      "permalink": "sovren"}}],
 "total_money_raised": "$0",
 "funding_rounds":
  [],
 "investments":
  [],
 "acquisition": null,
 "acquisitions":
  [],
 "offices":
  [],
 "milestones":
  [],
 "ipo": null,
 "video_embeds":
  [],
 "screenshots":
  [],
 "external_links":
  [],
 "partners":
  []}
