{"name": "Alligato Mobile",
 "permalink": "alligato-mobile",
 "crunchbase_url": "http://www.crunchbase.com/company/alligato-mobile",
 "homepage_url": "http://www.alligatomobile.com",
 "blog_url": "http://www.alligatomobile.com/news-events/",
 "blog_feed_url": "",
 "twitter_username": "alligatomobile",
 "category_code": "ecommerce",
 "number_of_employees": 10,
 "founded_year": null,
 "founded_month": null,
 "founded_day": null,
 "deadpooled_year": null,
 "deadpooled_month": null,
 "deadpooled_day": null,
 "deadpooled_url": null,
 "tag_list": "mobile-commerce, mobile-payments, mobile-marketing, ecommerce, mobile-payment-gateway",
 "alias_list": null,
 "email_address": "contact@alligatomobile.com",
 "phone_number": "18552420362",
 "description": "Mobile Payments",
 "created_at": "Fri Dec 02 20:11:59 UTC 2011",
 "updated_at": "Mon Mar 31 10:24:46 UTC 2014",
 "overview": "\u003Cp\u003EIntroducing the Mobetize\u2122 Platform\nThe Alligato solution is the only mobile platform and framework that enables companies to future-proof their mobile strategy from the fragmented device/ OS marketplace and integrates mobile marketing, e-commerce business transaction logic, complex carrier-grade billing, and multiple payment methods on all mobile devices.\u003C/p\u003E\n\n\u003Cp\u003EOur Product Suite includes:\nMobile SMS/QR code engagement tools\nMobile web application development\nMobile shopping cart and checkout\nMobile payment processing engine\nMobile My Account Management\nMobile Self Checkout\nMobile Virtual POS\nMobile Metrics\u003C/p\u003E\n\n\u003Cp\u003EWe market our solution to payment solutions providers and merchants to meet the growing demand and shift of tradional PC based ecommerce to mobile commerce.\u003C/p\u003E",
 "image": null,
 "products":
  [],
 "relationships":
  [],
 "competitions":
  [],
 "providerships":
  [],
 "total_money_raised": "$0",
 "funding_rounds":
  [],
 "investments":
  [],
 "acquisition": null,
 "acquisitions":
  [],
 "offices":
  [{"description": "Alligato, Inc.",
    "address1": "Guinness Tower",
    "address2": "1400-1055 West Hastings St., BC",
    "zip_code": "V6E 2E9",
    "city": "Vancouver",
    "state_code": null,
    "country_code": "CAN",
    "latitude": null,
    "longitude": null}],
 "milestones":
  [],
 "ipo": null,
 "video_embeds":
  [],
 "screenshots":
  [],
 "external_links":
  [],
 "partners":
  []}
