{"name": "Alloresto.fr",
 "permalink": "alloresto-fr",
 "crunchbase_url": "http://www.crunchbase.com/company/alloresto-fr",
 "homepage_url": "http://www.alloresto.fr",
 "blog_url": "http://blog.alloresto.fr",
 "blog_feed_url": "",
 "twitter_username": "Alloresto",
 "category_code": "ecommerce",
 "number_of_employees": null,
 "founded_year": 1998,
 "founded_month": null,
 "founded_day": null,
 "deadpooled_year": null,
 "deadpooled_month": null,
 "deadpooled_day": null,
 "deadpooled_url": null,
 "tag_list": "",
 "alias_list": "",
 "email_address": "",
 "phone_number": "",
 "description": "",
 "created_at": "Thu Jan 12 05:06:00 UTC 2012",
 "updated_at": "Wed Apr 10 16:54:15 UTC 2013",
 "overview": "\u003Cp\u003EAlloresto.fr, the online alloresto.fr est le premier site Internet de restauration \u00e0 domicile avec commande en ligne. En 14 ans, nous avons convaincu plus de 1 500 restaurateurs d\u0026#8217;\u00eatre pr\u00e9sents sur le site, gagn\u00e9 la confiance de plus de 250 000 clients et livr\u00e9 plus de 20 millions de repas. Son fondateur, S\u00e9bastien Forest, est aujourd\u0026#8217;hui entour\u00e9 de 33 collaborateurs et entend bien \u00e9tendre son activit\u00e9 \u00e0 toute la France.\nSpecialties\nCommande en ligne, Restauration \u00e0 domicile\nfood delivery leader in France.\u003C/p\u003E",
 "image":
  {"available_sizes":
    [[[150,
       71],
      "http://api-images.crunchbase.com/assets/images/resized/0016/9772/169772v1-max-150x150.png"],
     [[192,
       92],
      "http://api-images.crunchbase.com/assets/images/resized/0016/9772/169772v1-max-250x250.png"],
     [[192,
       92],
      "http://api-images.crunchbase.com/assets/images/resized/0016/9772/169772v1-max-450x450.png"]],
   "attribution": null},
 "products":
  [],
 "relationships":
  [],
 "competitions":
  [],
 "providerships":
  [],
 "total_money_raised": "$0",
 "funding_rounds":
  [],
 "investments":
  [],
 "acquisition":
  {"price_amount": null,
   "price_currency_code": "USD",
   "term_code": null,
   "source_url": "http://techcrunch.com/?p=481141",
   "source_description": "Just-Eat Moves To Conquer French Food Delivery Market, Acquires Alloresto",
   "acquired_year": 2012,
   "acquired_month": 1,
   "acquired_day": 11,
   "acquiring_company":
    {"name": "Just Eat",
     "permalink": "just-eat-com"}},
 "acquisitions":
  [],
 "offices":
  [{"description": "",
    "address1": "",
    "address2": "",
    "zip_code": "",
    "city": "",
    "state_code": null,
    "country_code": "FRA",
    "latitude": null,
    "longitude": null}],
 "milestones":
  [],
 "ipo": null,
 "video_embeds":
  [],
 "screenshots":
  [],
 "external_links":
  [],
 "partners":
  []}
