{"name": "allpago international",
 "permalink": "allpago",
 "crunchbase_url": "http://www.crunchbase.com/company/allpago",
 "homepage_url": "http://www.allpago.com",
 "blog_url": "",
 "blog_feed_url": "",
 "twitter_username": "allpagoInt",
 "category_code": "ecommerce",
 "number_of_employees": 16,
 "founded_year": 2008,
 "founded_month": null,
 "founded_day": null,
 "deadpooled_year": null,
 "deadpooled_month": null,
 "deadpooled_day": null,
 "deadpooled_url": null,
 "tag_list": "online-payment-methods-brazil, online-payment-processing-brazil, boleto-bancario, brazilian-credt-cards, money-remittance-brazil, incubation",
 "alias_list": "",
 "email_address": "media@allpago.com",
 "phone_number": "+49 (30) 6098 7982-0",
 "description": "Payment Service Provider LATAM ",
 "created_at": "Mon Jan 02 23:53:11 UTC 2012",
 "updated_at": "Fri Mar 14 16:33:10 UTC 2014",
 "overview": "\u003Cp\u003Eallpago international (www.allpago.com) provides a full-spectrum of payment services in the LATAM region. allpago works as a payment gateway, a white label payment service provider (PSP) or a product and service reseller for merchants and payment service providers interested in the LATAM markets.\u003C/p\u003E\n\n\u003Cp\u003Eallpago\u2019s features include one-click payments, recurring payments, instalments, dynamic descriptor and mobile payment solutions. The company\u2019s html 5.0 code allows multiscreen and is as easy to implement into the store through the \u201cplug and pay\u201d feature. Furthermore, the company offers a fully integrated Risk Management Solution with more than 70 checks. allpago has recently become the first LATAM payment solution provider of the Merchant Risk Council (MRC).\u003C/p\u003E\n\n\u003Cp\u003ECurrent clients include Art.com, Busuu.com, McAfee, Symantec, Teamviewer, Twoo.com and many other leading payment or digital companies from various sectors. \n\u00a0\nThe company was founded in 2008 by Philipp Bock and is headquartered in S\u00e3o Paulo (Brazil) with a regional office in Berlin (Germany).\u00a0\u003C/p\u003E",
 "image":
  {"available_sizes":
    [[[150,
       35],
      "http://api-images.crunchbase.com/assets/images/resized/0016/8510/168510v5-max-150x150.png"],
     [[250,
       59],
      "http://api-images.crunchbase.com/assets/images/resized/0016/8510/168510v5-max-250x250.png"],
     [[450,
       107],
      "http://api-images.crunchbase.com/assets/images/resized/0016/8510/168510v5-max-450x450.png"]],
   "attribution": null},
 "products":
  [],
 "relationships":
  [{"is_past": false,
    "title": "CEO Europe",
    "person":
     {"first_name": "Philipp",
      "last_name": "Bock",
      "permalink": "philipp-bock"}},
   {"is_past": false,
    "title": "CEO Brazil",
    "person":
     {"first_name": "Franz",
      "last_name": "Schoenborn",
      "permalink": "franz-schoenborn"}}],
 "competitions":
  [],
 "providerships":
  [],
 "total_money_raised": "$0",
 "funding_rounds":
  [],
 "investments":
  [],
 "acquisition": null,
 "acquisitions":
  [],
 "offices":
  [{"description": "Brazil HQ",
    "address1": "Rua Itapeva, 574, \u00b05 Andar",
    "address2": "",
    "zip_code": "01332-000",
    "city": "Sao Paulo",
    "state_code": null,
    "country_code": "BRA",
    "latitude": null,
    "longitude": null},
   {"description": "Europe HQ",
    "address1": "Invalidenstr. 34",
    "address2": "",
    "zip_code": "10115",
    "city": "Berlin",
    "state_code": null,
    "country_code": "DEU",
    "latitude": null,
    "longitude": null}],
 "milestones":
  [{"id": 37831,
    "description": "allpago becomes first MRC Payment Solutions Provider member in LATAM. \r\nThe MRC is the foremost global organization that fully supports and promotes operational\r\nexcellence for fraud, security, risk and payment professionals within ecommerce.\r\nMembership ",
    "stoned_year": 2013,
    "stoned_month": 8,
    "stoned_day": 7,
    "source_url": "http://www.allpago.com/wp-content/uploads/2013/08/allpago-becomes-first-MRC-Payment-Solutions-Provider-member-in-LATAM.pdf",
    "source_text": null,
    "source_description": "MRC Membership",
    "stoneable_type": "Company",
    "stoned_value": null,
    "stoned_value_type": null,
    "stoned_acquirer": null,
    "stoneable":
     {"name": "allpago international",
      "permalink": "allpago"}}],
 "ipo": null,
 "video_embeds":
  [],
 "screenshots":
  [],
 "external_links":
  [{"external_url": "http://economia.estadao.com.br/noticias/economia,eles-ja-aprenderam-para-que-serve-o-despachante,90284,0.htm",
    "title": "Incubator in Brazil"},
   {"external_url": "http://economia.estadao.com.br/noticias/economia,sotaque-alemao-na-internet-brasileira,90283,0.htm",
    "title": "Incubator in Brazil"}],
 "partners":
  []}
