{"name": "Allyance Communications",
 "permalink": "allyance-communications",
 "crunchbase_url": "http://www.crunchbase.com/company/allyance-communications",
 "homepage_url": "http://allyance.net",
 "blog_url": "",
 "blog_feed_url": "",
 "twitter_username": "allyance",
 "category_code": "public_relations",
 "number_of_employees": null,
 "founded_year": null,
 "founded_month": null,
 "founded_day": null,
 "deadpooled_year": null,
 "deadpooled_month": null,
 "deadpooled_day": null,
 "deadpooled_url": null,
 "tag_list": null,
 "alias_list": "",
 "email_address": "Info@allyance.net",
 "phone_number": "949-863-0025",
 "description": "",
 "created_at": "Wed Aug 10 17:18:37 UTC 2011",
 "updated_at": "Wed Aug 24 13:27:28 UTC 2011",
 "overview": "\u003Cp\u003EAllyance Communications a \u0026#8220;trusted carrier-neutral intermediary\u0026#8221; offers Data, Co-location, and Voice Solutions. Capitalizing on strategic partnerships with Tier 1 Carriers and experienced VARs, Allyance uniquely positions its customers with objective, comprehensive, and competitive intelligence tailored to meet the individual technology needs. Utilizing their combined years of industry experience, Allyance provides customers the flexibility to choose which carrier best fits their business needs. Allyance has simplified the daunting process of searching for superior carrier service.\u003C/p\u003E",
 "image":
  {"available_sizes":
    [[[150,
       28],
      "http://api-images.crunchbase.com/assets/images/resized/0015/0871/150871v1-max-150x150.jpg"],
     [[250,
       47],
      "http://api-images.crunchbase.com/assets/images/resized/0015/0871/150871v1-max-250x250.jpg"],
     [[316,
       60],
      "http://api-images.crunchbase.com/assets/images/resized/0015/0871/150871v1-max-450x450.jpg"]],
   "attribution": null},
 "products":
  [],
 "relationships":
  [{"is_past": false,
    "title": "CEO",
    "person":
     {"first_name": "Quy \"Q\"",
      "last_name": "Nguyen",
      "permalink": "quy-q-nguyen"}}],
 "competitions":
  [],
 "providerships":
  [],
 "total_money_raised": "$0",
 "funding_rounds":
  [],
 "investments":
  [],
 "acquisition": null,
 "acquisitions":
  [],
 "offices":
  [{"description": "",
    "address1": "230 Commerce, Suite 290",
    "address2": "",
    "zip_code": "92602",
    "city": "Irvine",
    "state_code": "CA",
    "country_code": "USA",
    "latitude": null,
    "longitude": null}],
 "milestones":
  [],
 "ipo": null,
 "video_embeds":
  [],
 "screenshots":
  [{"available_sizes":
     [[[150,
        120],
       "http://api-images.crunchbase.com/assets/images/resized/0015/0872/150872v1-max-150x150.jpg"],
      [[250,
        201],
       "http://api-images.crunchbase.com/assets/images/resized/0015/0872/150872v1-max-250x250.jpg"],
      [[450,
        362],
       "http://api-images.crunchbase.com/assets/images/resized/0015/0872/150872v1-max-450x450.jpg"]],
    "attribution": null}],
 "external_links":
  [],
 "partners":
  []}
