{"name": "Alpheus Communications",
 "permalink": "alpheus-communications",
 "crunchbase_url": "http://www.crunchbase.com/company/alpheus-communications",
 "homepage_url": "http://www.alpheus.net",
 "blog_url": "http://www.alpheus.net/category/blog/",
 "blog_feed_url": "",
 "twitter_username": "AlpheusComm",
 "category_code": "network_hosting",
 "number_of_employees": null,
 "founded_year": 2001,
 "founded_month": null,
 "founded_day": null,
 "deadpooled_year": null,
 "deadpooled_month": null,
 "deadpooled_day": null,
 "deadpooled_url": null,
 "tag_list": "",
 "alias_list": "",
 "email_address": "",
 "phone_number": "(877) 257-4387",
 "description": "",
 "created_at": "Sat Dec 10 04:23:17 UTC 2011",
 "updated_at": "Wed Mar 05 06:13:37 UTC 2014",
 "overview": "\u003Cp\u003EAlpheus provides telecommunications and data center services for enterprises and carriers. As the competitive fiber backbone for Metro Texas, Alpheus is in a unique position to supply resilient data center platforms and support services that help businesses focus on their operations-not their IT.\nWe serve enterprise customers in the healthcare, energy, banking, IT and legal fields.\nAs an optical network provider for backhaul, transport and outsourced fault management service, we are flexible, content-neutral and responsive to client needs. We deliver metro transport to the places our carrier clients need to go, including end-user building, cell sites, carrier hotels, microwave relay points, and Wi-Fi hotspots.\u003C/p\u003E",
 "image":
  {"available_sizes":
    [[[150,
       38],
      "http://api-images.crunchbase.com/assets/images/resized/0027/4259/274259v1-max-150x150.png"],
     [[250,
       63],
      "http://api-images.crunchbase.com/assets/images/resized/0027/4259/274259v1-max-250x250.png"],
     [[335,
       85],
      "http://api-images.crunchbase.com/assets/images/resized/0027/4259/274259v1-max-450x450.png"]],
   "attribution": null},
 "products":
  [],
 "relationships":
  [{"is_past": false,
    "title": "CEO",
    "person":
     {"first_name": "Scott",
      "last_name": "Widham",
      "permalink": "scott-widham"}},
   {"is_past": false,
    "title": "Chief Operating Officer",
    "person":
     {"first_name": "Francisco",
      "last_name": "Maella",
      "permalink": "francisco-maella"}},
   {"is_past": false,
    "title": "Vice President of Marketing",
    "person":
     {"first_name": "Jennifer",
      "last_name": "Mao",
      "permalink": "jennifer-mao"}},
   {"is_past": false,
    "title": "Senior Vice President of Carrier Sales",
    "person":
     {"first_name": "Chip",
      "last_name": "Robertson",
      "permalink": "chip-robertson"}},
   {"is_past": false,
    "title": "Chief Financial Officer",
    "person":
     {"first_name": "Rich",
      "last_name": "Martin",
      "permalink": "rich-martin-2"}},
   {"is_past": false,
    "title": "Senior Vice President of Enterprise \u0026 Channel Sales",
    "person":
     {"first_name": "Matt",
      "last_name": "Milliron",
      "permalink": "matt-milliron"}},
   {"is_past": true,
    "title": "Senior Vice President of Sales",
    "person":
     {"first_name": "Layne",
      "last_name": "Levine",
      "permalink": "layne-levine"}}],
 "competitions":
  [],
 "providerships":
  [],
 "total_money_raised": "$135M",
 "funding_rounds":
  [{"id": 39744,
    "round_code": "debt_round",
    "source_url": "http://www.fiercetelecom.com/story/alpheus-gets-135-million-new-funding/2013-06-11",
    "source_description": "Alpheus gets $135 million in new funding",
    "raised_amount": 135000000.0,
    "raised_currency_code": "USD",
    "funded_year": 2013,
    "funded_month": 6,
    "funded_day": 11,
    "investments":
     [{"company": null,
       "financial_org":
        {"name": "Bank Street Group",
         "permalink": "bank-street-group"},
       "person": null}]}],
 "investments":
  [],
 "acquisition": null,
 "acquisitions":
  [],
 "offices":
  [{"description": "",
    "address1": "1301 Fannin, 20th Floor",
    "address2": "",
    "zip_code": "77002",
    "city": "Houston",
    "state_code": "TX",
    "country_code": "USA",
    "latitude": null,
    "longitude": null}],
 "milestones":
  [],
 "ipo": null,
 "video_embeds":
  [],
 "screenshots":
  [{"available_sizes":
     [[[150,
        79],
       "http://api-images.crunchbase.com/assets/images/resized/0027/4260/274260v1-max-150x150.png"],
      [[250,
        132],
       "http://api-images.crunchbase.com/assets/images/resized/0027/4260/274260v1-max-250x250.png"],
      [[450,
        237],
       "http://api-images.crunchbase.com/assets/images/resized/0027/4260/274260v1-max-450x450.png"]],
    "attribution": null}],
 "external_links":
  [],
 "partners":
  []}
