{"name": "Alpha Software",
 "permalink": "alpha-software",
 "crunchbase_url": "http://www.crunchbase.com/company/alpha-software",
 "homepage_url": "http://alphasoftware.com",
 "blog_url": "http://blog.alphasoftware.com/",
 "blog_feed_url": "",
 "twitter_username": "AlphaSWCorp",
 "category_code": "software",
 "number_of_employees": null,
 "founded_year": 2000,
 "founded_month": null,
 "founded_day": null,
 "deadpooled_year": null,
 "deadpooled_month": null,
 "deadpooled_day": null,
 "deadpooled_url": null,
 "tag_list": "it, rad, database-application-development-tool, ide",
 "alias_list": null,
 "email_address": "richard@alphasoftware.com",
 "phone_number": "617 838 4488    ",
 "description": "database development platform ",
 "created_at": "Thu Sep 08 20:02:59 UTC 2011",
 "updated_at": "Tue Oct 04 23:54:56 UTC 2011",
 "overview": "\u003Cp\u003ESince 1982, Alpha Software has been providing developers with award-winning tools that make it easy to build business applications. Today over 1 million developers and tens of millions of users rely on Alpha Software\u00e2\u20ac\u2122s Alpha Five. The company is privately held, and based in Burlington, Mass.\u003C/p\u003E",
 "image": null,
 "products":
  [],
 "relationships":
  [{"is_past": false,
    "title": "Co Chairman",
    "person":
     {"first_name": "Richard",
      "last_name": "Rabins",
      "permalink": "richard-rabins"}},
   {"is_past": false,
    "title": "Co Chairman",
    "person":
     {"first_name": "Selwyn",
      "last_name": "Rabins",
      "permalink": "selwyn-rabins"}}],
 "competitions":
  [],
 "providerships":
  [],
 "total_money_raised": "$0",
 "funding_rounds":
  [],
 "investments":
  [],
 "acquisition": null,
 "acquisitions":
  [],
 "offices":
  [{"description": "United States",
    "address1": "70 Blanchard Road",
    "address2": "",
    "zip_code": "01803",
    "city": "Burlington",
    "state_code": "PA",
    "country_code": "USA",
    "latitude": null,
    "longitude": null},
   {"description": "Singapore",
    "address1": "54 Teban Gardens Road",
    "address2": "Unit 01-554",
    "zip_code": "600054",
    "city": "",
    "state_code": null,
    "country_code": "SGP",
    "latitude": null,
    "longitude": null},
   {"description": "South Africa",
    "address1": "Southdale Business Park",
    "address2": "",
    "zip_code": "",
    "city": "Cape Town",
    "state_code": null,
    "country_code": "ZAF",
    "latitude": null,
    "longitude": null},
   {"description": "Poland",
    "address1": "ul.25 Czerwca 35",
    "address2": "Radom 26-610",
    "zip_code": "",
    "city": "Mazowieckie",
    "state_code": null,
    "country_code": "POL",
    "latitude": null,
    "longitude": null}],
 "milestones":
  [],
 "ipo": null,
 "video_embeds":
  [],
 "screenshots":
  [],
 "external_links":
  [],
 "partners":
  []}
