{"name": "Alpha SEO Consultancy",
 "permalink": "alpha-seo-consultancy",
 "crunchbase_url": "http://www.crunchbase.com/company/alpha-seo-consultancy",
 "homepage_url": "http://alphaseoconsultancy.co.uk",
 "blog_url": "",
 "blog_feed_url": "http://alphaseoconsultancy.co.uk/feed",
 "twitter_username": null,
 "category_code": "consulting",
 "number_of_employees": 2,
 "founded_year": 2011,
 "founded_month": 8,
 "founded_day": null,
 "deadpooled_year": null,
 "deadpooled_month": null,
 "deadpooled_day": null,
 "deadpooled_url": null,
 "tag_list": "seo, local-business-seo, mobile-ready-sites, search-engine-optimisation",
 "alias_list": null,
 "email_address": "sales@alphaseoconsultancy.co.uk",
 "phone_number": "07790820010",
 "description": "SEO Consultancy",
 "created_at": "Sun Nov 13 16:26:22 UTC 2011",
 "updated_at": "Mon Oct 08 15:30:36 UTC 2012",
 "overview": "\u003Cp\u003EAs a small London based SEO Consultancy firm, we are primarily focused on helping local businesses to establish a viable online presence and to dominate their particular sector of the market. In order to achieve this, we offer a very individual seo consultancy service that analyses the specific requirements that you, the client, have and creates a bespoke package that will meet those needs and ultimately serve you best, in accordance with your budget. Alternatively, you can choose from our selection of fixed SEO Consultancy packages which have been designed to cater for both short and long-term seo campaigns or select from one of the additional services we have to offer.\nSpecialties\u003C/p\u003E\n\n\u003Cp\u003ESearch Engine Optimisation for Local Business, Social Media Marketing for Local Business, Mobile Ready Sites, Small Business SEO, LinkedIn Optimisation, Local SEO, Build a facebook fanpage, On-page SEO, Off-page SEO \u003C/p\u003E",
 "image":
  {"available_sizes":
    [[[150,
       41],
      "http://api-images.crunchbase.com/assets/images/resized/0016/2120/162120v2-max-150x150.png"],
     [[250,
       69],
      "http://api-images.crunchbase.com/assets/images/resized/0016/2120/162120v2-max-250x250.png"],
     [[450,
       125],
      "http://api-images.crunchbase.com/assets/images/resized/0016/2120/162120v2-max-450x450.png"]],
   "attribution": null},
 "products":
  [],
 "relationships":
  [{"is_past": false,
    "title": "CEO and SEO Consultant",
    "person":
     {"first_name": "Niki",
      "last_name": "Kinkaid",
      "permalink": "niki-kinkaid"}},
   {"is_past": false,
    "title": "CEO, SEO Consutlant and Web Designer",
    "person":
     {"first_name": "Julian",
      "last_name": "Kinkaid",
      "permalink": "julian-kinkaid"}}],
 "competitions":
  [],
 "providerships":
  [],
 "total_money_raised": "$0",
 "funding_rounds":
  [],
 "investments":
  [],
 "acquisition": null,
 "acquisitions":
  [],
 "offices":
  [],
 "milestones":
  [],
 "ipo": null,
 "video_embeds":
  [],
 "screenshots":
  [],
 "external_links":
  [{"external_url": "http://www.seoestudio.com",
    "title": "SEO Estudio"}],
 "partners":
  []}
