{"name": "Alpine Energy",
 "permalink": "alpine-energy",
 "crunchbase_url": "http://www.crunchbase.com/company/alpine-energy",
 "homepage_url": "http://www.alpineenergy.co.nz",
 "blog_url": "",
 "blog_feed_url": "",
 "twitter_username": "alpineenergy",
 "category_code": "cleantech",
 "number_of_employees": null,
 "founded_year": null,
 "founded_month": null,
 "founded_day": null,
 "deadpooled_year": null,
 "deadpooled_month": null,
 "deadpooled_day": null,
 "deadpooled_url": null,
 "tag_list": null,
 "alias_list": "",
 "email_address": "mailbox@alpineenergy.co.nz",
 "phone_number": "(03) 687 4300",
 "description": "",
 "created_at": "Thu Oct 27 02:10:22 UTC 2011",
 "updated_at": "Wed Jan 18 05:47:04 UTC 2012",
 "overview": "\u003Cp\u003EAlpine Energy Limited, along with its subsidiaries, owns and operates the electricity distribution network in South Canterbury, New Zealand. It provides services in the areas of new connection application, connecting to the network, distributed generation, and load management, as well as safety measures regarding overhead lines, lines down, electrical work at home, and tree requirements adjacent to electricity lines. The company also offers line construction, land development, asset management substation and distribution, technical and industrial electrical services, as well as design, construction, and maintenance of electrical management and supply. In addition, it provides overhead, underground, and earthing services to distribution lines companies, industries, and consumers. Alpine Energy Limited was incorporated in 1990 and is based in Timaru, New Zealand.\u003C/p\u003E",
 "image":
  {"available_sizes":
    [[[150,
       138],
      "http://api-images.crunchbase.com/assets/images/resized/0017/0656/170656v1-max-150x150.png"],
     [[195,
       180],
      "http://api-images.crunchbase.com/assets/images/resized/0017/0656/170656v1-max-250x250.png"],
     [[195,
       180],
      "http://api-images.crunchbase.com/assets/images/resized/0017/0656/170656v1-max-450x450.png"]],
   "attribution": null},
 "products":
  [],
 "relationships":
  [],
 "competitions":
  [],
 "providerships":
  [],
 "total_money_raised": "$0",
 "funding_rounds":
  [],
 "investments":
  [{"funding_round":
     {"round_code": "b",
      "source_url": "http://techcrunch.com/2011/10/26/brammo-grabs-28-million-from-polaris-industries-to-power-development-of-electric-vehicles/",
      "source_description": "Brammo Grabs $28 Million From Polaris And Others To Power Development Of Electric Vehicles",
      "raised_amount": 28000000.0,
      "raised_currency_code": "USD",
      "funded_year": 2011,
      "funded_month": 10,
      "funded_day": 26,
      "company":
       {"name": "Brammo",
        "permalink": "brammo"}}}],
 "acquisition": null,
 "acquisitions":
  [],
 "offices":
  [],
 "milestones":
  [],
 "ipo": null,
 "video_embeds":
  [],
 "screenshots":
  [],
 "external_links":
  [],
 "partners":
  []}
