{"name": "Alt-team",
 "permalink": "alt-team",
 "crunchbase_url": "http://www.crunchbase.com/company/alt-team",
 "homepage_url": "http://www.alt-team.com",
 "blog_url": "http://www.alt-team.com/e-commerce-blog.html",
 "blog_feed_url": "",
 "twitter_username": "altteam",
 "category_code": "software",
 "number_of_employees": null,
 "founded_year": null,
 "founded_month": null,
 "founded_day": null,
 "deadpooled_year": null,
 "deadpooled_month": null,
 "deadpooled_day": null,
 "deadpooled_url": null,
 "tag_list": "ecommerce-solutions, cs-cart-development, magento-development",
 "alias_list": null,
 "email_address": "manager@alt-team.com",
 "phone_number": "",
 "description": "CS-Cart and Magento development",
 "created_at": "Sun Feb 19 09:23:08 UTC 2012",
 "updated_at": "Sat Mar 03 07:34:58 UTC 2012",
 "overview": "\u003Cp\u003EAlt-team offers ecommerce solutions for sucessful online store business. The company specializes in building online stores from the ground up based on CS-Cart platform and offers CS-Cart and Magento development services including custom development, design, flash development and other services. Also, Alt-team offers functional CS-Cart addons.\u003C/p\u003E",
 "image":
  {"available_sizes":
    [[[83,
       74],
      "http://api-images.crunchbase.com/assets/images/resized/0017/4893/174893v2-max-150x150.png"],
     [[83,
       74],
      "http://api-images.crunchbase.com/assets/images/resized/0017/4893/174893v2-max-250x250.png"],
     [[83,
       74],
      "http://api-images.crunchbase.com/assets/images/resized/0017/4893/174893v2-max-450x450.png"]],
   "attribution": null},
 "products":
  [],
 "relationships":
  [],
 "competitions":
  [],
 "providerships":
  [],
 "total_money_raised": "$0",
 "funding_rounds":
  [],
 "investments":
  [],
 "acquisition": null,
 "acquisitions":
  [],
 "offices":
  [{"description": "",
    "address1": "Penzenskij Boulevard, 14",
    "address2": "",
    "zip_code": "432072",
    "city": "Ulyanovsk",
    "state_code": null,
    "country_code": "RUS",
    "latitude": null,
    "longitude": null}],
 "milestones":
  [],
 "ipo": null,
 "video_embeds":
  [],
 "screenshots":
  [],
 "external_links":
  [{"external_url": "http://www.alt-team.com/7-magic-steps-to-create-online-store.html",
    "title": "Magic steps to create your online store"},
   {"external_url": "http://www.alt-team.com/magento-vs-cs-cart.html",
    "title": "Magento vs CS-Cart"}],
 "partners":
  []}
