{"name": "Alternate Systems",
 "permalink": "alternate-systems",
 "crunchbase_url": "http://www.crunchbase.com/company/alternate-systems",
 "homepage_url": "http://www.alternatesystems.com",
 "blog_url": "",
 "blog_feed_url": "",
 "twitter_username": "AlternateSystms",
 "category_code": "other",
 "number_of_employees": 2,
 "founded_year": 1986,
 "founded_month": 11,
 "founded_day": 1,
 "deadpooled_year": null,
 "deadpooled_month": null,
 "deadpooled_day": null,
 "deadpooled_url": null,
 "tag_list": "calibration",
 "alias_list": null,
 "email_address": "admin@alternatesystems.com",
 "phone_number": "972.964.3124",
 "description": "Calibration, XRF, Cold Chain, Standards",
 "created_at": "Fri Sep 23 00:41:15 UTC 2011",
 "updated_at": "Thu Mar 20 12:25:47 UTC 2014",
 "overview": "\u003Cp\u003EAlternate Systems - The Art of Science\u00e2\u201e\u00a2\u003C/p\u003E\n\n\u003Cp\u003EAlternate Systems is a respected \u0026amp; skilled technical service firm specializing in measurement assurance \u0026amp; research. Our world class calibration standards are relied upon by a wide variety of industries including: aerospace, defense, electronics, oil, surface finishing, food, medical, pharmaceutical as well as government agencies \u0026amp; national laboratories.\u003C/p\u003E\n\n\u003Cp\u003EWe utilize advanced manufacturing techniques \u0026amp; apply innovation \u0026amp; analytical talents to production processes for a diverse range of products. If you are driven to produce the best possible product \u0026amp; if it has to be right, call Alternate Systems today! Alternate Systems is a registered ISO 9001:2008 \u0026amp; ISO/IEC 17025:2005 firm, QASI Certificate A3205US.\u003C/p\u003E\n\n\u003Cp\u003EWe offer our customers:\nCalibration\nCoating Thickness Standards\nCoating Thickness Measurement\nCold Chain Management\nSII Nanotechnology X-Ray Machines\nSystem Metrics\nX-Ray Fluorescence (XRF) Analysis \u0026amp; Measurement\nX-Ray Fluorescence (XRF) Coating Thickness Standards\nX-Ray Radiation Safety Training \u0026amp; Certification\nLaser Safety Training \u0026amp; Certification\u003C/p\u003E\n\n\u003Cp\u003EAll of our world class services and standards are NIST traceable in accordance with ANSI/NCSL Z540.3 ISO 10012, ISO 9001:2008 \u0026amp; ISO/IEC 17025:2005.\u003C/p\u003E",
 "image":
  {"available_sizes":
    [[[150,
       83],
      "http://api-images.crunchbase.com/assets/images/resized/0043/8655/438655v1-max-150x150.png"],
     [[250,
       139],
      "http://api-images.crunchbase.com/assets/images/resized/0043/8655/438655v1-max-250x250.png"],
     [[268,
       150],
      "http://api-images.crunchbase.com/assets/images/resized/0043/8655/438655v1-max-450x450.png"]],
   "attribution": null},
 "products":
  [],
 "relationships":
  [],
 "competitions":
  [],
 "providerships":
  [],
 "total_money_raised": "$0",
 "funding_rounds":
  [],
 "investments":
  [],
 "acquisition": null,
 "acquisitions":
  [],
 "offices":
  [{"description": "Global Headquarters",
    "address1": "2333 Claridge Circle",
    "address2": "",
    "zip_code": "75075",
    "city": "Plano",
    "state_code": "TX",
    "country_code": "USA",
    "latitude": null,
    "longitude": null},
   {"description": "Analysis Laboratory",
    "address1": "3330 Princeton Drive Northeast",
    "address2": "",
    "zip_code": "87107",
    "city": "Albuquerque",
    "state_code": "NM",
    "country_code": "USA",
    "latitude": null,
    "longitude": null}],
 "milestones":
  [],
 "ipo": null,
 "video_embeds":
  [],
 "screenshots":
  [{"available_sizes":
     [[[150,
        68],
       "http://api-images.crunchbase.com/assets/images/resized/0043/8656/438656v1-max-150x150.png"],
      [[250,
        113],
       "http://api-images.crunchbase.com/assets/images/resized/0043/8656/438656v1-max-250x250.png"],
      [[450,
        204],
       "http://api-images.crunchbase.com/assets/images/resized/0043/8656/438656v1-max-450x450.png"]],
    "attribution": null}],
 "external_links":
  [],
 "partners":
  []}
