{"name": "Alternative.to",
 "permalink": "alternative-to",
 "crunchbase_url": "http://www.crunchbase.com/company/alternative-to",
 "homepage_url": "http://www.alternative.to",
 "blog_url": "",
 "blog_feed_url": "",
 "twitter_username": "Alternative_to",
 "category_code": "search",
 "number_of_employees": null,
 "founded_year": null,
 "founded_month": null,
 "founded_day": null,
 "deadpooled_year": null,
 "deadpooled_month": null,
 "deadpooled_day": null,
 "deadpooled_url": null,
 "tag_list": "alternatives, alternative-to, alternative-search-engine",
 "alias_list": null,
 "email_address": "",
 "phone_number": "",
 "description": "A search engine for alternatives",
 "created_at": "Tue Sep 20 14:19:41 UTC 2011",
 "updated_at": "Fri Jun 01 09:11:59 UTC 2012",
 "overview": "\u003Cp\u003EAlternative.to is a serach engine allowing You to find alternative for everything. \nThe knowledge is created on an open basis by it\u0026#8217;s users, which creates a borderless experience and enables every user who visits the page to create content, categorize it and update. The content created is being monitored by a group of deisgnated experts whos task is to ensure a proper quality of the content.\nPortal is open to all Internet users regardless of their sex, age and nationality.\nWe operate globally: Alternative.to is meant to attract all those who have to make a choice and are not sure which option to choose or share their choice with others.\u003C/p\u003E\n\n\u003Cp\u003EPromo video:\nhttp://www.youtube.com/watch?v=XIPMNXZyn1k\u003C/p\u003E",
 "image": null,
 "products":
  [],
 "relationships":
  [],
 "competitions":
  [],
 "providerships":
  [],
 "total_money_raised": "$0",
 "funding_rounds":
  [],
 "investments":
  [],
 "acquisition": null,
 "acquisitions":
  [],
 "offices":
  [{"description": "",
    "address1": "",
    "address2": "",
    "zip_code": "",
    "city": "",
    "state_code": null,
    "country_code": "POL",
    "latitude": null,
    "longitude": null},
   {"description": "",
    "address1": "",
    "address2": "",
    "zip_code": "",
    "city": "",
    "state_code": null,
    "country_code": "POL",
    "latitude": null,
    "longitude": null}],
 "milestones":
  [],
 "ipo": null,
 "video_embeds":
  [],
 "screenshots":
  [],
 "external_links":
  [{"external_url": "http://www.alternative.to",
    "title": "Alternative.to"},
   {"external_url": "http://startuptunes.com/2011/09/25/alternative-to-aims-to-find-you-best-alternatives-for-almost-everything/",
    "title": ""}],
 "partners":
  []}
