{"name": "Altiria",
 "permalink": "altiria",
 "crunchbase_url": "http://www.crunchbase.com/company/altiria",
 "homepage_url": "http://www.altiria.com",
 "blog_url": "http://www.marketing-movil-sms.com",
 "blog_feed_url": "http://www.marketing-movil-sms.com/feed",
 "twitter_username": "MarketingMovil",
 "category_code": "mobile",
 "number_of_employees": null,
 "founded_year": 2002,
 "founded_month": null,
 "founded_day": null,
 "deadpooled_year": null,
 "deadpooled_month": null,
 "deadpooled_day": null,
 "deadpooled_url": null,
 "tag_list": "sms, mobile-marketing, mms, mobile-applications",
 "alias_list": null,
 "email_address": "info@altiria.com",
 "phone_number": "+34913311198",
 "description": "Mobile Marketing - SMS Platform ",
 "created_at": "Thu Sep 08 07:43:02 UTC 2011",
 "updated_at": "Thu Dec 12 08:53:56 UTC 2013",
 "overview": "\u003Cp\u003EAltiria is a SMS Aggregator and mobile marketing solution provider located in Spain.\nIt has been providing sms/mms and mobile marketing platform using its own developed platform since 2002.\u003C/p\u003E",
 "image":
  {"available_sizes":
    [[[150,
       150],
      "http://api-images.crunchbase.com/assets/images/resized/0015/3221/153221v2-max-150x150.png"],
     [[224,
       224],
      "http://api-images.crunchbase.com/assets/images/resized/0015/3221/153221v2-max-250x250.png"],
     [[224,
       224],
      "http://api-images.crunchbase.com/assets/images/resized/0015/3221/153221v2-max-450x450.png"]],
   "attribution": null},
 "products":
  [],
 "relationships":
  [{"is_past": false,
    "title": "Team Member",
    "person":
     {"first_name": "Juan",
      "last_name": "Jes\u00fas Rodr\u00edguez Yubero",
      "permalink": "juan-jess-rodrguez-yubero"}}],
 "competitions":
  [],
 "providerships":
  [],
 "total_money_raised": "$0",
 "funding_rounds":
  [],
 "investments":
  [],
 "acquisition": null,
 "acquisitions":
  [],
 "offices":
  [{"description": "Headquarters",
    "address1": "Av. General Peron, 6 - 4 B",
    "address2": "",
    "zip_code": "28020",
    "city": "Madrid",
    "state_code": null,
    "country_code": "ESP",
    "latitude": null,
    "longitude": null}],
 "milestones":
  [],
 "ipo": null,
 "video_embeds":
  [],
 "screenshots":
  [{"available_sizes":
     [[[150,
        124],
       "http://api-images.crunchbase.com/assets/images/resized/0037/4904/374904v1-max-150x150.png"],
      [[250,
        208],
       "http://api-images.crunchbase.com/assets/images/resized/0037/4904/374904v1-max-250x250.png"],
      [[450,
        374],
       "http://api-images.crunchbase.com/assets/images/resized/0037/4904/374904v1-max-450x450.png"]],
    "attribution": null}],
 "external_links":
  [],
 "partners":
  []}
