{"name": "Altpere Consulting",
 "permalink": "altpere-consulting",
 "crunchbase_url": "http://www.crunchbase.com/company/altpere-consulting",
 "homepage_url": "http://altpere.com",
 "blog_url": "http://altpereconsulting.blogspot.com/",
 "blog_feed_url": "",
 "twitter_username": "Altpere",
 "category_code": "consulting",
 "number_of_employees": 10,
 "founded_year": 2007,
 "founded_month": null,
 "founded_day": null,
 "deadpooled_year": null,
 "deadpooled_month": null,
 "deadpooled_day": null,
 "deadpooled_url": null,
 "tag_list": "",
 "alias_list": null,
 "email_address": "contact@altpere.com",
 "phone_number": "+237(22675735)",
 "description": "Understand Business Together",
 "created_at": "Mon Aug 29 13:01:56 UTC 2011",
 "updated_at": "Fri Jul 06 20:55:06 UTC 2012",
 "overview": "\u003Cp\u003EAltpere Consulting is Management consulting company focusing in: \u003C/p\u003E\n\n\u003Cul\u003E\n\u003Cli\u003E\u003Cp\u003EManagement Consulting - Business development and optimization\nFor more information visit:  www.altpere.com \u003C/p\u003E\u003C/li\u003E\n\u003Cli\u003E\u003Cp\u003ECorporate Trainings -in the fields of - Management  , Sales and People Management\nFor more information visit:  www.formation.cm \u003C/p\u003E\u003C/li\u003E\n\u003Cli\u003E\u003Cp\u003EHuman Capital Management - Recruitments, Organization development and HR audit\nFor more information visit:  www.hrfactory.cm \u003C/p\u003E\u003C/li\u003E\n\u003Cli\u003E\u003Cp\u003EWWW Development  \u2013 IT structure optimization, Cloud Computing implementations, Web applications and websites \nFor more information visit:  www.wwwfactory.cm\u003C/p\u003E\u003C/li\u003E\n\u003C/ul\u003E",
 "image":
  {"available_sizes":
    [[[150,
       138],
      "http://api-images.crunchbase.com/assets/images/resized/0015/1662/151662v2-max-150x150.jpg"],
     [[200,
       185],
      "http://api-images.crunchbase.com/assets/images/resized/0015/1662/151662v2-max-250x250.jpg"],
     [[200,
       185],
      "http://api-images.crunchbase.com/assets/images/resized/0015/1662/151662v2-max-450x450.jpg"]],
   "attribution": null},
 "products":
  [{"name": "People Management",
    "permalink": "people-management"}],
 "relationships":
  [],
 "competitions":
  [],
 "providerships":
  [],
 "total_money_raised": "$0",
 "funding_rounds":
  [],
 "investments":
  [],
 "acquisition": null,
 "acquisitions":
  [],
 "offices":
  [{"description": "",
    "address1": "Quartier Hippodrome",
    "address2": "",
    "zip_code": "",
    "city": "Yaounde",
    "state_code": null,
    "country_code": "CMR",
    "latitude": null,
    "longitude": null}],
 "milestones":
  [],
 "ipo": null,
 "video_embeds":
  [],
 "screenshots":
  [],
 "external_links":
  [{"external_url": "http://hrfactory.com",
    "title": "HR Factory"},
   {"external_url": "http://formation.cm",
    "title": "Formation"},
   {"external_url": "http://trainings.altpere.com",
    "title": "Trainings"}],
 "partners":
  []}
