{"name": "Alumn.us",
 "permalink": "alumn-us",
 "crunchbase_url": "http://www.crunchbase.com/company/alumn-us",
 "homepage_url": "http://alumn.us",
 "blog_url": "http://blog.alumn.us",
 "blog_feed_url": "",
 "twitter_username": "alumn_us",
 "category_code": "education",
 "number_of_employees": 3,
 "founded_year": 2011,
 "founded_month": 10,
 "founded_day": 25,
 "deadpooled_year": null,
 "deadpooled_month": null,
 "deadpooled_day": null,
 "deadpooled_url": null,
 "tag_list": "education, alumni-networks",
 "alias_list": null,
 "email_address": "info@alumn.us",
 "phone_number": "",
 "description": "Engagement platform for nonprofits.",
 "created_at": "Tue Oct 25 04:25:51 UTC 2011",
 "updated_at": "Mon Apr 01 07:24:21 UTC 2013",
 "overview": "\u003Cp\u003EKeeping in touch with people is really difficult. We\u2019re busy and distracted, and social networks fall short. \u003C/p\u003E\n\n\u003Cp\u003EIntroducing alumn.us: a mobile + web app that makes it easy for you to keep in touch with people around what you\u0026#8217;ve done (and plan to do) together. We integrate with your social sites so you don\u2019t have to. Forget likes, friending, and sharing - capture your life as you live it. \u003C/p\u003E\n\n\u003Cp\u003EWe are a team of developers, designers, and product visionaries with a passion for tech that makes life better. Our advisors include the co-founders of Reddit, Hipmunk, Identified, Tuenti, Seesmic, and UserVoice. \u003C/p\u003E\n\n\u003Cp\u003EMore at investors.alumn.us\nSpecialties\nOnline to Offline, Mobile, Social Media, Communities\u003C/p\u003E",
 "image":
  {"available_sizes":
    [[[150,
       44],
      "http://api-images.crunchbase.com/assets/images/resized/0018/5052/185052v2-max-150x150.png"],
     [[250,
       73],
      "http://api-images.crunchbase.com/assets/images/resized/0018/5052/185052v2-max-250x250.png"],
     [[373,
       110],
      "http://api-images.crunchbase.com/assets/images/resized/0018/5052/185052v2-max-450x450.png"]],
   "attribution": null},
 "products":
  [],
 "relationships":
  [],
 "competitions":
  [],
 "providerships":
  [],
 "total_money_raised": "$0",
 "funding_rounds":
  [],
 "investments":
  [],
 "acquisition": null,
 "acquisitions":
  [],
 "offices":
  [{"description": "",
    "address1": "2489 Mission Street #30",
    "address2": "San Francisco,",
    "zip_code": "94110",
    "city": "",
    "state_code": null,
    "country_code": "USA",
    "latitude": null,
    "longitude": null}],
 "milestones":
  [],
 "ipo": null,
 "video_embeds":
  [],
 "screenshots":
  [],
 "external_links":
  [],
 "partners":
  []}
