{"name": "Alvarion",
 "permalink": "alvarion",
 "crunchbase_url": "http://www.crunchbase.com/company/alvarion",
 "homepage_url": "http://www.alvarion.com",
 "blog_url": "",
 "blog_feed_url": "",
 "twitter_username": "Alvarion4G",
 "category_code": "mobile",
 "number_of_employees": null,
 "founded_year": null,
 "founded_month": null,
 "founded_day": null,
 "deadpooled_year": null,
 "deadpooled_month": null,
 "deadpooled_day": null,
 "deadpooled_url": null,
 "tag_list": "",
 "alias_list": "",
 "email_address": "",
 "phone_number": "650-314-2500",
 "description": "Wireless products",
 "created_at": "Thu Nov 03 04:16:01 UTC 2011",
 "updated_at": "Thu Apr 19 10:39:38 UTC 2012",
 "overview": "\u003Cp\u003EAlvarion Ltd. is engaged in the design, development, manufacturing and marketing of wireless products. The Company focuses on two line of business: the carriers line of business, which includes operators, broadband service providers, competitive local exchange carriers (CLECs) and regional carriers, and the enterprise line of business, which includes government authorities, municipalities, and wireless Internet service providers (WISPs) with integrated end-to-end networks and solutions based on the worldwide interoperability for microwave access (WiMAX) standard, as well as other wireless broadband solutions. Solutions for carriers include providing subscribers with home, office and personal broadband connectivity for Internet access, social networking, gaming, voice over Internet protocol (VoIP), video and other bandwidth-intensive applications. Its solutions also enable government and municipal office connectivity, security and surveillance services, and applications. \u003C/p\u003E",
 "image":
  {"available_sizes":
    [[[150,
       62],
      "http://api-images.crunchbase.com/assets/images/resized/0016/0625/160625v2-max-150x150.jpg"],
     [[184,
       77],
      "http://api-images.crunchbase.com/assets/images/resized/0016/0625/160625v2-max-250x250.jpg"],
     [[184,
       77],
      "http://api-images.crunchbase.com/assets/images/resized/0016/0625/160625v2-max-450x450.jpg"]],
   "attribution": null},
 "products":
  [],
 "relationships":
  [{"is_past": false,
    "title": "CEO",
    "person":
     {"first_name": "Hezi",
      "last_name": "Lapid",
      "permalink": "hezi-lapid"}},
   {"is_past": false,
    "title": "Board Member",
    "person":
     {"first_name": "Doron",
      "last_name": "Inbar",
      "permalink": "doron-inbar"}},
   {"is_past": true,
    "title": "President / COO (interWAVE Communications Int\u2019l Ltd.)",
    "person":
     {"first_name": "Ian",
      "last_name": "Sugarbroa",
      "permalink": "ian-sugarbroa"}},
   {"is_past": true,
    "title": "COO",
    "person":
     {"first_name": "Ronen",
      "last_name": "Regev",
      "permalink": "ronen-regev"}},
   {"is_past": true,
    "title": "President, Chief Executive Officer",
    "person":
     {"first_name": "Eran",
      "last_name": "Gorev",
      "permalink": "eran-gorev"}},
   {"is_past": true,
    "title": "VP R\u0026D",
    "person":
     {"first_name": "Ofir",
      "last_name": "Koren",
      "permalink": "ofir-koren"}},
   {"is_past": true,
    "title": "SVP North America Sales",
    "person":
     {"first_name": "Doug",
      "last_name": "Smidl",
      "permalink": "doug-smidl"}},
   {"is_past": true,
    "title": "VP Finance",
    "person":
     {"first_name": "Adi",
      "last_name": "Sfadia",
      "permalink": "adi-sfadia"}},
   {"is_past": true,
    "title": "Executive Strategic Consultant",
    "person":
     {"first_name": "Meir",
      "last_name": "Friedlander",
      "permalink": "meir-friedlander"}},
   {"is_past": true,
    "title": "Director, Strategic Marketing",
    "person":
     {"first_name": "Iris",
      "last_name": "Finkelstein-Sagi",
      "permalink": "iris-finkelstein-sagi"}},
   {"is_past": true,
    "title": "Director, Marketing \u0026 Market Development",
    "person":
     {"first_name": "Ronen",
      "last_name": "Vengosh",
      "permalink": "ronen-vengosh"}},
   {"is_past": true,
    "title": "Global HR Manager",
    "person":
     {"first_name": "Shir",
      "last_name": "Etgar-Greenberg",
      "permalink": "shir-etgar-greenberg"}},
   {"is_past": true,
    "title": "Director",
    "person":
     {"first_name": "Benny",
      "last_name": "Hanigal",
      "permalink": "benny-hanigal"}},
   {"is_past": true,
    "title": "Regional Business Manager",
    "person":
     {"first_name": "Amnon",
      "last_name": "Drori",
      "permalink": "amnon-drori"}},
   {"is_past": true,
    "title": "System Integration Engineer",
    "person":
     {"first_name": "Matan",
      "last_name": "Talmi",
      "permalink": "matan-talmi"}},
   {"is_past": true,
    "title": "Director of Planning and Control",
    "person":
     {"first_name": "Michal",
      "last_name": "Golan",
      "permalink": "michal-golan"}},
   {"is_past": true,
    "title": "Head, WiMAX Product Management \u0026 Development",
    "person":
     {"first_name": "Sumit",
      "last_name": "Garg",
      "permalink": "sumit-garg"}},
   {"is_past": true,
    "title": "Business Development",
    "person":
     {"first_name": "Udi",
      "last_name": "Solomon",
      "permalink": "udi-solomon"}}],
 "competitions":
  [],
 "providerships":
  [],
 "total_money_raised": "$0",
 "funding_rounds":
  [],
 "investments":
  [],
 "acquisition": null,
 "acquisitions":
  [],
 "offices":
  [{"description": "",
    "address1": "21A Habarzel Street",
    "address2": "P.O. Box 13139",
    "zip_code": "69710",
    "city": "Tel Aviv",
    "state_code": null,
    "country_code": "ISR",
    "latitude": null,
    "longitude": null}],
 "milestones":
  [{"id": 18929,
    "description": "Alvarion\u00c2\u00ae Signs Definitive Agreement to Acquire Wavion, a Leading Provider of Carrier-grade WiFi Solutions",
    "stoned_year": 2011,
    "stoned_month": 11,
    "stoned_day": 2,
    "source_url": "http://www.freshnews.com/news/570386/alvarion-signs-definitive-agreement-acquire-wavion-leading-provider-carrier-grade-wifi-",
    "source_text": "",
    "source_description": "Alvarion\u00c2\u00ae Signs Definitive Agreement to Acquire Wavion, a Leading Provider of Carrier-grade WiFi Solutions",
    "stoneable_type": "Company",
    "stoned_value": null,
    "stoned_value_type": null,
    "stoned_acquirer": null,
    "stoneable":
     {"name": "Alvarion",
      "permalink": "alvarion"}}],
 "ipo":
  {"valuation_amount": null,
   "valuation_currency_code": "USD",
   "pub_year": null,
   "pub_month": null,
   "pub_day": null,
   "stock_symbol": "NASDAQ:ALVR"},
 "video_embeds":
  [],
 "screenshots":
  [{"available_sizes":
     [[[150,
        93],
       "http://api-images.crunchbase.com/assets/images/resized/0018/4984/184984v1-max-150x150.jpg"],
      [[250,
        155],
       "http://api-images.crunchbase.com/assets/images/resized/0018/4984/184984v1-max-250x250.jpg"],
      [[450,
        280],
       "http://api-images.crunchbase.com/assets/images/resized/0018/4984/184984v1-max-450x450.jpg"]],
    "attribution": null}],
 "external_links":
  [],
 "partners":
  []}
