{"name": "Amazon Cloud Drive",
 "permalink": "amazon-cloud-drive",
 "crunchbase_url": "http://www.crunchbase.com/company/amazon-cloud-drive",
 "homepage_url": null,
 "blog_url": null,
 "blog_feed_url": null,
 "twitter_username": null,
 "category_code": null,
 "number_of_employees": null,
 "founded_year": null,
 "founded_month": null,
 "founded_day": null,
 "deadpooled_year": null,
 "deadpooled_month": null,
 "deadpooled_day": null,
 "deadpooled_url": null,
 "tag_list": "",
 "alias_list": null,
 "email_address": null,
 "phone_number": null,
 "description": null,
 "created_at": "Thu Jan 19 23:27:20 UTC 2012",
 "updated_at": "Sat Oct 12 20:13:49 UTC 2013",
 "overview": "\u003Cp\u003EA cloud storage service developed by Amazon, Incorporated.\u003C/p\u003E",
 "image": null,
 "products":
  [],
 "relationships":
  [],
 "competitions":
  [],
 "providerships":
  [],
 "total_money_raised": "$0",
 "funding_rounds":
  [],
 "investments":
  [],
 "acquisition": null,
 "acquisitions":
  [],
 "offices":
  [],
 "milestones":
  [],
 "ipo": null,
 "video_embeds":
  [],
 "screenshots":
  [{"available_sizes":
     [[[150,
        85],
       "http://api-images.crunchbase.com/assets/images/resized/0034/1203/341203v2-max-150x150.png"],
      [[250,
        142],
       "http://api-images.crunchbase.com/assets/images/resized/0034/1203/341203v2-max-250x250.png"],
      [[450,
        257],
       "http://api-images.crunchbase.com/assets/images/resized/0034/1203/341203v2-max-450x450.png"]],
    "attribution": null}],
 "external_links":
  [],
 "partners":
  []}
