{"name": "Amazon's Mechanical Turk",
 "permalink": "amazons-mechanical-turk",
 "crunchbase_url": "http://www.crunchbase.com/company/amazons-mechanical-turk",
 "homepage_url": null,
 "blog_url": null,
 "blog_feed_url": null,
 "twitter_username": null,
 "category_code": null,
 "number_of_employees": null,
 "founded_year": null,
 "founded_month": null,
 "founded_day": null,
 "deadpooled_year": null,
 "deadpooled_month": null,
 "deadpooled_day": null,
 "deadpooled_url": null,
 "tag_list": null,
 "alias_list": null,
 "email_address": null,
 "phone_number": null,
 "description": null,
 "created_at": "Wed Aug 10 22:11:12 UTC 2011",
 "updated_at": "Tue Feb 25 12:39:45 UTC 2014",
 "overview": null,
 "image":
  {"available_sizes":
    [[[150,
       24],
      "http://api-images.crunchbase.com/assets/images/resized/0042/1733/421733v2-max-150x150.png"],
     [[250,
       41],
      "http://api-images.crunchbase.com/assets/images/resized/0042/1733/421733v2-max-250x250.png"],
     [[250,
       41],
      "http://api-images.crunchbase.com/assets/images/resized/0042/1733/421733v2-max-450x450.png"]],
   "attribution": null},
 "products":
  [],
 "relationships":
  [],
 "competitions":
  [],
 "providerships":
  [],
 "total_money_raised": "$0",
 "funding_rounds":
  [],
 "investments":
  [],
 "acquisition": null,
 "acquisitions":
  [],
 "offices":
  [],
 "milestones":
  [],
 "ipo": null,
 "video_embeds":
  [],
 "screenshots":
  [],
 "external_links":
  [],
 "partners":
  []}
