{"name": "Amazing Voucher Codes",
 "permalink": "amazing-voucher-codes",
 "crunchbase_url": "http://www.crunchbase.com/company/amazing-voucher-codes",
 "homepage_url": "http://www.amazingvouchercodes.co.uk",
 "blog_url": "http://www.amazingvouchercodes.co.uk/blog",
 "blog_feed_url": "",
 "twitter_username": "amazingvoucherc",
 "category_code": "search",
 "number_of_employees": 10,
 "founded_year": 2011,
 "founded_month": 11,
 "founded_day": null,
 "deadpooled_year": 2012,
 "deadpooled_month": null,
 "deadpooled_day": null,
 "deadpooled_url": "",
 "tag_list": "daily-deals, daily-deals-in-glasgow, daily-deals-in-london, spa-breaks, restaurants-vouchers",
 "alias_list": null,
 "email_address": "admin@amazingvouchercodes.co.uk",
 "phone_number": "",
 "description": "Stop Searching, Start Saving",
 "created_at": "Tue Jan 03 14:37:10 UTC 2012",
 "updated_at": "Thu Aug 15 21:03:42 UTC 2013",
 "overview": "\u003Cp\u003EAmazing Voucher Codes is a new website providing our customers with the top daily deals in their city. Amazing Voucher Codes search the web and in particular daily deal websites and provide a daily newsletter of deals in the customers city.\u003C/p\u003E\n\n\u003Cp\u003EThe time is now, to stop searching for amazing deals. Sit back and enjoy saving as we deliver the best deals to you\u0026#8230;\u003C/p\u003E",
 "image":
  {"available_sizes":
    [[[150,
       67],
      "http://api-images.crunchbase.com/assets/images/resized/0016/8591/168591v2-max-150x150.png"],
     [[170,
       77],
      "http://api-images.crunchbase.com/assets/images/resized/0016/8591/168591v2-max-250x250.png"],
     [[170,
       77],
      "http://api-images.crunchbase.com/assets/images/resized/0016/8591/168591v2-max-450x450.png"]],
   "attribution": null},
 "products":
  [],
 "relationships":
  [],
 "competitions":
  [{"competitor":
     {"name": "DealSurf",
      "permalink": "dealsurf"}}],
 "providerships":
  [],
 "total_money_raised": "$0",
 "funding_rounds":
  [],
 "investments":
  [],
 "acquisition": null,
 "acquisitions":
  [],
 "offices":
  [],
 "milestones":
  [],
 "ipo": null,
 "video_embeds":
  [],
 "screenshots":
  [],
 "external_links":
  [],
 "partners":
  []}
