{"name": "011Now",
 "permalink": "011now",
 "crunchbase_url": "http://www.crunchbase.com/company/011now",
 "homepage_url": "http://011now.com",
 "blog_url": "http://blog.011now.com/",
 "blog_feed_url": "",
 "twitter_username": null,
 "category_code": "mobile",
 "number_of_employees": null,
 "founded_year": null,
 "founded_month": null,
 "founded_day": null,
 "deadpooled_year": null,
 "deadpooled_month": null,
 "deadpooled_day": null,
 "deadpooled_url": null,
 "tag_list": "mobile-app, calling-card-app, international",
 "alias_list": null,
 "email_address": "",
 "phone_number": "",
 "description": "International calls for less",
 "created_at": "Mon Nov 25 23:02:22 UTC 2013",
 "updated_at": "Tue Nov 26 22:06:36 UTC 2013",
 "overview": "\u003Cp\u003EWe provide services to facilitate international phone communications at a lower cost than typical calling cards or standard international rates.  011Now lets you call your friends, family and business partners anywhere in the world. It\u2019s quick, easy and inexpensive. Thousands of customers in the U.S. and Canada are benefitting from this great new service which provides quality calls at low, low rates. To make your calling experience even better, you can download the free 011Now iPhone or Android app.\u003C/p\u003E",
 "image":
  {"available_sizes":
    [[[150,
       49],
      "http://api-images.crunchbase.com/assets/images/resized/0036/5508/365508v2-max-150x150.jpg"],
     [[250,
       82],
      "http://api-images.crunchbase.com/assets/images/resized/0036/5508/365508v2-max-250x250.jpg"],
     [[317,
       105],
      "http://api-images.crunchbase.com/assets/images/resized/0036/5508/365508v2-max-450x450.jpg"]],
   "attribution": null},
 "products":
  [],
 "relationships":
  [],
 "competitions":
  [],
 "providerships":
  [],
 "total_money_raised": "$0",
 "funding_rounds":
  [],
 "investments":
  [],
 "acquisition": null,
 "acquisitions":
  [],
 "offices":
  [{"description": "011Now Technologies",
    "address1": "725 River Road",
    "address2": "Suite 32-280",
    "zip_code": "07020",
    "city": "Edgewater",
    "state_code": "NJ",
    "country_code": "USA",
    "latitude": null,
    "longitude": null}],
 "milestones":
  [],
 "ipo": null,
 "video_embeds":
  [],
 "screenshots":
  [],
 "external_links":
  [{"external_url": "https://play.google.com/store/apps/details?id=com.a011Now.a011Now",
    "title": "Get our app for android"},
   {"external_url": "https://itunes.apple.com/us/app/011now/id370907573?mt=8",
    "title": "Get our app for iphone"}],
 "partners":
  []}
