{"name": "1 Stop Driver Improvement Clinic, LLC",
 "permalink": "1-stop-driver-improvement-clinic-llc",
 "crunchbase_url": "http://www.crunchbase.com/company/1-stop-driver-improvement-clinic-llc",
 "homepage_url": null,
 "blog_url": "",
 "blog_feed_url": "",
 "twitter_username": null,
 "category_code": "automotive",
 "number_of_employees": null,
 "founded_year": null,
 "founded_month": null,
 "founded_day": null,
 "deadpooled_year": null,
 "deadpooled_month": null,
 "deadpooled_day": null,
 "deadpooled_url": null,
 "tag_list": "driving-school",
 "alias_list": null,
 "email_address": "onestopdic@verizon.net",
 "phone_number": "(757) 262-1446",
 "description": "Driving School Instrunction",
 "created_at": "Thu Dec 05 18:11:15 UTC 2013",
 "updated_at": "Fri Dec 06 20:15:59 UTC 2013",
 "overview": "\u003Cp\u003EAccidents, reckless mistakes and traffic tickets will be things of the past when you enroll at the 1-Stop Clinic. We offer updated and comprehensive courses to help you improve behind the wheel.\u003C/p\u003E",
 "image": null,
 "products":
  [],
 "relationships":
  [],
 "competitions":
  [],
 "providerships":
  [],
 "total_money_raised": "$0",
 "funding_rounds":
  [],
 "investments":
  [],
 "acquisition": null,
 "acquisitions":
  [],
 "offices":
  [],
 "milestones":
  [],
 "ipo": null,
 "video_embeds":
  [],
 "screenshots":
  [],
 "external_links":
  [],
 "partners":
  []}
