{"name": "10th Magnitude",
 "permalink": "10th-magnitude",
 "crunchbase_url": "http://www.crunchbase.com/company/10th-magnitude",
 "homepage_url": null,
 "blog_url": "",
 "blog_feed_url": "",
 "twitter_username": null,
 "category_code": null,
 "number_of_employees": null,
 "founded_year": null,
 "founded_month": null,
 "founded_day": null,
 "deadpooled_year": null,
 "deadpooled_month": null,
 "deadpooled_day": null,
 "deadpooled_url": null,
 "tag_list": "",
 "alias_list": "",
 "email_address": "",
 "phone_number": "",
 "description": "",
 "created_at": "Mon Oct 28 20:51:06 UTC 2013",
 "updated_at": "Mon Oct 28 22:17:45 UTC 2013",
 "overview": "\u003Cp\u003E10th Magnitude is a cloud software and services firm that specializes in custom applications, application management and cloud migration through Windows Azure. \u003C/p\u003E",
 "image":
  {"available_sizes":
    [[[150,
       76],
      "http://api-images.crunchbase.com/assets/images/resized/0034/9469/349469v3-max-150x150.jpg"],
     [[250,
       126],
      "http://api-images.crunchbase.com/assets/images/resized/0034/9469/349469v3-max-250x250.jpg"],
     [[450,
       228],
      "http://api-images.crunchbase.com/assets/images/resized/0034/9469/349469v3-max-450x450.jpg"]],
   "attribution": null},
 "products":
  [],
 "relationships":
  [],
 "competitions":
  [],
 "providerships":
  [],
 "total_money_raised": "$0",
 "funding_rounds":
  [],
 "investments":
  [],
 "acquisition": null,
 "acquisitions":
  [],
 "offices":
  [],
 "milestones":
  [],
 "ipo": null,
 "video_embeds":
  [],
 "screenshots":
  [{"available_sizes":
     [[[150,
        76],
       "http://api-images.crunchbase.com/assets/images/resized/0034/9489/349489v2-max-150x150.png"],
      [[250,
        127],
       "http://api-images.crunchbase.com/assets/images/resized/0034/9489/349489v2-max-250x250.png"],
      [[450,
        229],
       "http://api-images.crunchbase.com/assets/images/resized/0034/9489/349489v2-max-450x450.png"]],
    "attribution": null}],
 "external_links":
  [],
 "partners":
  []}
