{"name": "1Lay",
 "permalink": "1lay",
 "crunchbase_url": "http://www.crunchbase.com/company/1lay",
 "homepage_url": "http://1lay.com",
 "blog_url": "",
 "blog_feed_url": "",
 "twitter_username": "AndrewProffkin",
 "category_code": "security",
 "number_of_employees": null,
 "founded_year": 2013,
 "founded_month": 7,
 "founded_day": 18,
 "deadpooled_year": null,
 "deadpooled_month": null,
 "deadpooled_day": null,
 "deadpooled_url": null,
 "tag_list": "security-token, security, token, smartphone, tablet",
 "alias_list": null,
 "email_address": "andrew@1lay.com",
 "phone_number": "",
 "description": "Universal security token",
 "created_at": "Wed Dec 04 16:09:22 UTC 2013",
 "updated_at": "Fri Jan 31 19:27:45 UTC 2014",
 "overview": "\u003Cp\u003E1Lay startup has developed a new type security token for devices with capacitive touchscreens.\nNow 1Lay joins experienced specialists in electronics, cyber security, programming, and design.\u003C/p\u003E",
 "image":
  {"available_sizes":
    [[[150,
       78],
      "http://api-images.crunchbase.com/assets/images/resized/0037/0433/370433v2-max-150x150.png"],
     [[200,
       105],
      "http://api-images.crunchbase.com/assets/images/resized/0037/0433/370433v2-max-250x250.png"],
     [[200,
       105],
      "http://api-images.crunchbase.com/assets/images/resized/0037/0433/370433v2-max-450x450.png"]],
   "attribution": null},
 "products":
  [],
 "relationships":
  [],
 "competitions":
  [],
 "providerships":
  [],
 "total_money_raised": "$0",
 "funding_rounds":
  [],
 "investments":
  [],
 "acquisition": null,
 "acquisitions":
  [],
 "offices":
  [],
 "milestones":
  [],
 "ipo": null,
 "video_embeds":
  [{"embed_code": "http://www.youtube.com/watch?v=atf0i0eWZWw",
    "description": "\u003Cp\u003E1Lay Security Token\u003C/p\u003E"}],
 "screenshots":
  [{"available_sizes":
     [[[150,
        132],
       "http://api-images.crunchbase.com/assets/images/resized/0039/5242/395242v2-max-150x150.png"],
      [[250,
        220],
       "http://api-images.crunchbase.com/assets/images/resized/0039/5242/395242v2-max-250x250.png"],
      [[450,
        396],
       "http://api-images.crunchbase.com/assets/images/resized/0039/5242/395242v2-max-450x450.png"]],
    "attribution": null},
   {"available_sizes":
     [[[150,
        132],
       "http://api-images.crunchbase.com/assets/images/resized/0039/5247/395247v2-max-150x150.png"],
      [[250,
        220],
       "http://api-images.crunchbase.com/assets/images/resized/0039/5247/395247v2-max-250x250.png"],
      [[450,
        396],
       "http://api-images.crunchbase.com/assets/images/resized/0039/5247/395247v2-max-450x450.png"]],
    "attribution": null},
   {"available_sizes":
     [[[150,
        132],
       "http://api-images.crunchbase.com/assets/images/resized/0040/5543/405543v2-max-150x150.png"],
      [[250,
        220],
       "http://api-images.crunchbase.com/assets/images/resized/0040/5543/405543v2-max-250x250.png"],
      [[450,
        396],
       "http://api-images.crunchbase.com/assets/images/resized/0040/5543/405543v2-max-450x450.png"]],
    "attribution": null}],
 "external_links":
  [{"external_url": "http://igg.me/at/security-token",
    "title": ""}],
 "partners":
  []}
