{"name": "1stGig.com",
 "permalink": "1stgig-com",
 "crunchbase_url": "http://www.crunchbase.com/company/1stgig-com",
 "homepage_url": "http://www.1stgig.com",
 "blog_url": "",
 "blog_feed_url": "",
 "twitter_username": "1stgig",
 "category_code": "ecommerce",
 "number_of_employees": 3,
 "founded_year": 2009,
 "founded_month": 8,
 "founded_day": null,
 "deadpooled_year": null,
 "deadpooled_month": null,
 "deadpooled_day": null,
 "deadpooled_url": null,
 "tag_list": "college-recruiting, early-career-professionals, careers-for-grads, graduates, college-graduate-jobs, recruiting-college-graduates",
 "alias_list": null,
 "email_address": "al@1stgig.com",
 "phone_number": "608-620-7566",
 "description": "Online College Recruiting",
 "created_at": "Tue Oct 22 21:16:55 UTC 2013",
 "updated_at": "Fri Oct 25 21:18:31 UTC 2013",
 "overview": "\u003Cp\u003E1stgig.com is a unique recruitment service that matches early career talent with employer requirements. 1stgig is not a job board but a talent/career acquisition service.\u003C/p\u003E\n\n\u003Cp\u003EUsing customer developed career profiles 1stGiG.com\u2019s advanced technology provides 100% matches of early career professional\u2019s qualifications and interests with the career requirements of employer career opportunities and provides an introduction of the matching parties.\u003C/p\u003E\n\n\u003Cp\u003E\u2022 1stGiG.com provides pre-screened and pre-qualified career opportunities to early career professionals while at the same time providing pre-screened and pre-qualified talent to employers who value their skills and abilities.\u003C/p\u003E",
 "image":
  {"available_sizes":
    [[[150,
       150],
      "http://api-images.crunchbase.com/assets/images/resized/0034/6306/346306v2-max-150x150.png"],
     [[250,
       250],
      "http://api-images.crunchbase.com/assets/images/resized/0034/6306/346306v2-max-250x250.png"],
     [[360,
       360],
      "http://api-images.crunchbase.com/assets/images/resized/0034/6306/346306v2-max-450x450.png"]],
   "attribution": null},
 "products":
  [],
 "relationships":
  [{"is_past": false,
    "title": "CEO/President",
    "person":
     {"first_name": "Al",
      "last_name": "Marco",
      "permalink": "al-marco"}}],
 "competitions":
  [],
 "providerships":
  [{"title": "Marketing",
    "is_past": false,
    "provider":
     {"name": "Knupp \u0026 Watson \u0026 Wallman",
      "permalink": "knupp-watson-wallman"}},
   {"title": "IT",
    "is_past": false,
    "provider":
     {"name": "Ten Forward",
      "permalink": "ten-forward"}}],
 "total_money_raised": "$750k",
 "funding_rounds":
  [{"id": 52417,
    "round_code": "angel",
    "source_url": "",
    "source_description": "",
    "raised_amount": 750000.0,
    "raised_currency_code": "USD",
    "funded_year": 2012,
    "funded_month": 10,
    "funded_day": 1,
    "investments":
     [{"company":
        {"name": "First Fairfield Associates",
         "permalink": "first-fairfield-associates"},
       "financial_org": null,
       "person": null}]}],
 "investments":
  [],
 "acquisition": null,
 "acquisitions":
  [],
 "offices":
  [{"description": "Corporate Office",
    "address1": "48 Union Ave",
    "address2": "Suite 1A",
    "zip_code": "12866",
    "city": "Saratoga Springs",
    "state_code": "WI",
    "country_code": "USA",
    "latitude": null,
    "longitude": null},
   {"description": "Operations Office",
    "address1": "1309 Falcon Court",
    "address2": "",
    "zip_code": "53562",
    "city": "Middleton",
    "state_code": "WI",
    "country_code": "USA",
    "latitude": null,
    "longitude": null}],
 "milestones":
  [{"id": 41518,
    "description": "First revenue recieved",
    "stoned_year": 2014,
    "stoned_month": 10,
    "stoned_day": 5,
    "source_url": "",
    "source_text": null,
    "source_description": "",
    "stoneable_type": "Company",
    "stoned_value": null,
    "stoned_value_type": null,
    "stoned_acquirer": null,
    "stoneable":
     {"name": "1stGig.com",
      "permalink": "1stgig-com"}},
   {"id": 41519,
    "description": "Developed service partnership with Insight Assessment to offer formal attribute and skill assessment",
    "stoned_year": 2013,
    "stoned_month": 4,
    "stoned_day": null,
    "source_url": "",
    "source_text": null,
    "source_description": "Service Partner",
    "stoneable_type": "Company",
    "stoned_value": null,
    "stoned_value_type": null,
    "stoned_acquirer": null,
    "stoneable":
     {"name": "1stGig.com",
      "permalink": "1stgig-com"}},
   {"id": 41520,
    "description": "Developed service partnership with GreenJob Interview to video interviewing",
    "stoned_year": 2013,
    "stoned_month": 4,
    "stoned_day": null,
    "source_url": "",
    "source_text": null,
    "source_description": "Service Partnership",
    "stoneable_type": "Company",
    "stoned_value": null,
    "stoned_value_type": null,
    "stoned_acquirer": null,
    "stoneable":
     {"name": "1stGig.com",
      "permalink": "1stgig-com"}},
   {"id": 41521,
    "description": "Developed service partnership with Precise Hire to offer background screening",
    "stoned_year": 2013,
    "stoned_month": 9,
    "stoned_day": null,
    "source_url": "",
    "source_text": null,
    "source_description": "Service Partnership",
    "stoneable_type": "Company",
    "stoned_value": null,
    "stoned_value_type": null,
    "stoned_acquirer": null,
    "stoneable":
     {"name": "1stGig.com",
      "permalink": "1stgig-com"}}],
 "ipo": null,
 "video_embeds":
  [],
 "screenshots":
  [{"available_sizes":
     [[[150,
        93],
       "http://api-images.crunchbase.com/assets/images/resized/0034/6881/346881v2-max-150x150.jpg"],
      [[250,
        156],
       "http://api-images.crunchbase.com/assets/images/resized/0034/6881/346881v2-max-250x250.jpg"],
      [[450,
        281],
       "http://api-images.crunchbase.com/assets/images/resized/0034/6881/346881v2-max-450x450.jpg"]],
    "attribution": null},
   {"available_sizes":
     [[[150,
        93],
       "http://api-images.crunchbase.com/assets/images/resized/0034/6882/346882v4-max-150x150.jpg"],
      [[250,
        156],
       "http://api-images.crunchbase.com/assets/images/resized/0034/6882/346882v4-max-250x250.jpg"],
      [[450,
        281],
       "http://api-images.crunchbase.com/assets/images/resized/0034/6882/346882v4-max-450x450.jpg"]],
    "attribution": null},
   {"available_sizes":
     [[[150,
        93],
       "http://api-images.crunchbase.com/assets/images/resized/0034/6883/346883v4-max-150x150.jpg"],
      [[250,
        156],
       "http://api-images.crunchbase.com/assets/images/resized/0034/6883/346883v4-max-250x250.jpg"],
      [[450,
        281],
       "http://api-images.crunchbase.com/assets/images/resized/0034/6883/346883v4-max-450x450.jpg"]],
    "attribution": null}],
 "external_links":
  [],
 "partners":
  []}
