{"name": "200 Buck Sites.com",
 "permalink": "200-buck-sites-com",
 "crunchbase_url": "http://www.crunchbase.com/company/200-buck-sites-com",
 "homepage_url": "http://200bucksites.com",
 "blog_url": "http://200bucksites.com",
 "blog_feed_url": "http://200bucksites.com/feed",
 "twitter_username": null,
 "category_code": "ecommerce",
 "number_of_employees": 4,
 "founded_year": 2010,
 "founded_month": 8,
 "founded_day": 21,
 "deadpooled_year": null,
 "deadpooled_month": null,
 "deadpooled_day": null,
 "deadpooled_url": null,
 "tag_list": "adsense, niche-websites, affiliate-marketing, amazon-websites",
 "alias_list": null,
 "email_address": "admin@200bucksites.com",
 "phone_number": "6027172285",
 "description": "Highest Quality Niche Websites",
 "created_at": "Wed Nov 13 15:38:30 UTC 2013",
 "updated_at": "Sat Nov 16 06:06:54 UTC 2013",
 "overview": "\u003Cp\u003E200 Buck Sites provides high quality niche websites to internet marketers.\u003C/p\u003E\n\n\u003Cp\u003EFocusing on Adsense monetized sites, and affiliate marketing based websites, 200 buck sites is dedicated to only high quality content, and a sincere interest in customer service.\u003C/p\u003E",
 "image":
  {"available_sizes":
    [[[150,
       28],
      "http://api-images.crunchbase.com/assets/images/resized/0035/8478/358478v2-max-150x150.png"],
     [[250,
       46],
      "http://api-images.crunchbase.com/assets/images/resized/0035/8478/358478v2-max-250x250.png"],
     [[450,
       84],
      "http://api-images.crunchbase.com/assets/images/resized/0035/8478/358478v2-max-450x450.png"]],
   "attribution": null},
 "products":
  [],
 "relationships":
  [{"is_past": false,
    "title": "Owner",
    "person":
     {"first_name": "John",
      "last_name": "Hofmann",
      "permalink": "john-hofmann"}}],
 "competitions":
  [],
 "providerships":
  [],
 "total_money_raised": "$0",
 "funding_rounds":
  [],
 "investments":
  [],
 "acquisition": null,
 "acquisitions":
  [],
 "offices":
  [{"description": "Phoenix Headquarters",
    "address1": "4225 N 15th Drive",
    "address2": "",
    "zip_code": "85015",
    "city": "Phoenix",
    "state_code": "AZ",
    "country_code": "USA",
    "latitude": null,
    "longitude": null}],
 "milestones":
  [],
 "ipo": null,
 "video_embeds":
  [],
 "screenshots":
  [],
 "external_links":
  [],
 "partners":
  []}
