{"name": "225AM",
 "permalink": "225am",
 "crunchbase_url": "http://www.crunchbase.com/company/225am",
 "homepage_url": "http://225am.com",
 "blog_url": "",
 "blog_feed_url": "",
 "twitter_username": "225_am",
 "category_code": "social",
 "number_of_employees": null,
 "founded_year": null,
 "founded_month": null,
 "founded_day": null,
 "deadpooled_year": null,
 "deadpooled_month": null,
 "deadpooled_day": null,
 "deadpooled_url": null,
 "tag_list": "",
 "alias_list": "",
 "email_address": "",
 "phone_number": "",
 "description": "Job Acquisition Automation App",
 "created_at": "Wed Dec 04 21:00:23 UTC 2013",
 "updated_at": "Tue Dec 10 19:39:01 UTC 2013",
 "overview": "\u003Cp\u003E225AM is an online and mobile application that automates and manages the job acquisition process for college and graduate students as well as young professionals. \u003C/p\u003E",
 "image":
  {"available_sizes":
    [[[150,
       64],
      "http://api-images.crunchbase.com/assets/images/resized/0037/0536/370536v1-max-150x150.png"],
     [[250,
       106],
      "http://api-images.crunchbase.com/assets/images/resized/0037/0536/370536v1-max-250x250.png"],
     [[332,
       142],
      "http://api-images.crunchbase.com/assets/images/resized/0037/0536/370536v1-max-450x450.png"]],
   "attribution": null},
 "products":
  [],
 "relationships":
  [],
 "competitions":
  [],
 "providerships":
  [],
 "total_money_raised": "$0",
 "funding_rounds":
  [],
 "investments":
  [],
 "acquisition": null,
 "acquisitions":
  [],
 "offices":
  [{"description": "",
    "address1": "",
    "address2": "",
    "zip_code": "08540",
    "city": "Princeton",
    "state_code": "NJ",
    "country_code": "USA",
    "latitude": null,
    "longitude": null}],
 "milestones":
  [{"id": 43774,
    "description": "225AM has completed focus groups of its alpha version at 2 major universities",
    "stoned_year": 2013,
    "stoned_month": 11,
    "stoned_day": 8,
    "source_url": "",
    "source_text": null,
    "source_description": "",
    "stoneable_type": "Company",
    "stoned_value": null,
    "stoned_value_type": null,
    "stoned_acquirer": null,
    "stoneable":
     {"name": "225AM",
      "permalink": "225am"}}],
 "ipo": null,
 "video_embeds":
  [],
 "screenshots":
  [{"available_sizes":
     [[[150,
        91],
       "http://api-images.crunchbase.com/assets/images/resized/0037/3836/373836v1-max-150x150.png"],
      [[250,
        152],
       "http://api-images.crunchbase.com/assets/images/resized/0037/3836/373836v1-max-250x250.png"],
      [[450,
        274],
       "http://api-images.crunchbase.com/assets/images/resized/0037/3836/373836v1-max-450x450.png"]],
    "attribution": null}],
 "external_links":
  [],
 "partners":
  []}
