{"name": "2Event",
 "permalink": "2event",
 "crunchbase_url": "http://www.crunchbase.com/company/2event",
 "homepage_url": "http://2event.com",
 "blog_url": "",
 "blog_feed_url": "",
 "twitter_username": "wmf_channel",
 "category_code": null,
 "number_of_employees": null,
 "founded_year": null,
 "founded_month": null,
 "founded_day": null,
 "deadpooled_year": null,
 "deadpooled_month": null,
 "deadpooled_day": null,
 "deadpooled_url": null,
 "tag_list": "",
 "alias_list": "toeventwithfriends",
 "email_address": "",
 "phone_number": "+380322444499",
 "description": "",
 "created_at": "Fri Nov 15 06:41:52 UTC 2013",
 "updated_at": "Fri Apr 04 09:59:27 UTC 2014",
 "overview": "\u003Cp\u003E2EVENT - is a free mobile social network , through which you can buy tickets for any kind of transportation , buy a ticket to the event , hotel reservations , find travel companions and generally make new friends .\u003C/p\u003E\n\n\u003Cp\u003EBuy ticket for transportation or buy a ticket to the event as you can online free mobile social network 2EVENT, but simply using the free mobile app for iPhone or Android.\u003C/p\u003E\n\n\u003Cp\u003EPurchase tickets directly from the cafe , taxi? - Easy .\nUse the free mobile app 2EVENT for iPhone or Android for planning your life. Easily search for fellow travelers will help you find an interesting companion to your event and buy tickets cheaper , as many organizers do discounts when purchasing tickets for groups , as well as reduce the cost of travel and hotel reservations . In the future, your companions you can become good friends , which can be interesting to spend time on all sorts of events.\u003C/p\u003E\n\n\u003Cp\u003E2EVENT - universal mobile tool organizing your leisure activities that used concepts - buy a ticket , find a companion , search events where to go , hotel reservations , even organize your event - no longer a routine matter , as comfortable and interesting process because it helps you to be in this others , by the way , your potential companions , and help where mobile network is designed to free travel companions 2EVENT mobile social network for travel companions 2EVENT combines the functionality of such sites to organize events such as Eventbrite, Ticketforevent, Timepad, as well as mobile applications for the participants , such as Bizzabo, Attendefy, Omyconf. We have combined the best features of these sites and mobile applications (Eventbrite, Ticketforevent, Timepad, Bizzabo, Attendefy, Omyconf , etc.) to create a truly better product in its market segment and made it bessplatnym .\u003C/p\u003E",
 "image":
  {"available_sizes":
    [[[150,
       73],
      "http://api-images.crunchbase.com/assets/images/resized/0044/9343/449343v1-max-150x150.png"],
     [[170,
       83],
      "http://api-images.crunchbase.com/assets/images/resized/0044/9343/449343v1-max-250x250.png"],
     [[170,
       83],
      "http://api-images.crunchbase.com/assets/images/resized/0044/9343/449343v1-max-450x450.png"]],
   "attribution": null},
 "products":
  [],
 "relationships":
  [],
 "competitions":
  [],
 "providerships":
  [],
 "total_money_raised": "$0",
 "funding_rounds":
  [],
 "investments":
  [],
 "acquisition": null,
 "acquisitions":
  [],
 "offices":
  [],
 "milestones":
  [],
 "ipo": null,
 "video_embeds":
  [],
 "screenshots":
  [{"available_sizes":
     [[[150,
        73],
       "http://api-images.crunchbase.com/assets/images/resized/0044/9344/449344v1-max-150x150.png"],
      [[250,
        123],
       "http://api-images.crunchbase.com/assets/images/resized/0044/9344/449344v1-max-250x250.png"],
      [[450,
        221],
       "http://api-images.crunchbase.com/assets/images/resized/0044/9344/449344v1-max-450x450.png"]],
    "attribution": null}],
 "external_links":
  [],
 "partners":
  []}
