{"name": "2NDNATURE",
 "permalink": "2ndnature",
 "crunchbase_url": "http://www.crunchbase.com/company/2ndnature",
 "homepage_url": "http://www.2ndnaturellc.com",
 "blog_url": "",
 "blog_feed_url": "",
 "twitter_username": null,
 "category_code": null,
 "number_of_employees": null,
 "founded_year": 2004,
 "founded_month": null,
 "founded_day": null,
 "deadpooled_year": null,
 "deadpooled_month": null,
 "deadpooled_day": null,
 "deadpooled_url": null,
 "tag_list": "",
 "alias_list": "",
 "email_address": "info@2ndnaturellc.com",
 "phone_number": "831.426.9119",
 "description": "",
 "created_at": "Tue Oct 22 11:22:35 UTC 2013",
 "updated_at": "Fri Mar 14 07:15:08 UTC 2014",
 "overview": "\u003Cp\u003E2NDNATURE develops scientifically defensible \u0026amp; low-cost tools to rapidly evaluate the relative condition of a landscape feature (e.g., streams, forests, roads, agricultural fields). By implementing simple \u0026amp; targeted observations over a large spatial area, these tools allow for a more cost-effective application of the existing scientific knowledge of system function than can be calibrated and validated using more advanced and costly monitoring \u0026amp; evaluation techniques. \u003C/p\u003E",
 "image":
  {"available_sizes":
    [[[150,
       63],
      "http://api-images.crunchbase.com/assets/images/resized/0034/6050/346050v1-max-150x150.jpg"],
     [[250,
       106],
      "http://api-images.crunchbase.com/assets/images/resized/0034/6050/346050v1-max-250x250.jpg"],
     [[378,
       161],
      "http://api-images.crunchbase.com/assets/images/resized/0034/6050/346050v1-max-450x450.jpg"]],
   "attribution": null},
 "products":
  [],
 "relationships":
  [{"is_past": false,
    "title": "Co - Founder \u0026 Principal",
    "person":
     {"first_name": "Nicole",
      "last_name": "G. Beck",
      "permalink": "nicole-g-beck"}},
   {"is_past": false,
    "title": "Senior Scientist III",
    "person":
     {"first_name": "Maggie",
      "last_name": "Mathias",
      "permalink": "maggie-mathias"}},
   {"is_past": false,
    "title": "Senior Scientist II",
    "person":
     {"first_name": "Lisa",
      "last_name": "Kanner",
      "permalink": "lisa-kanner"}},
   {"is_past": false,
    "title": "Senior Scientist I - GIS Specialist",
    "person":
     {"first_name": "Brian",
      "last_name": "Spear",
      "permalink": "brian-spear"}},
   {"is_past": false,
    "title": "Senior Scientist II",
    "person":
     {"first_name": "Gary",
      "last_name": "Conley",
      "permalink": "gary-conley"}},
   {"is_past": false,
    "title": "Senior Scientist II",
    "person":
     {"first_name": "Shane",
      "last_name": "Egeland",
      "permalink": "shane-egeland"}}],
 "competitions":
  [],
 "providerships":
  [],
 "total_money_raised": "$20k",
 "funding_rounds":
  [{"id": 52383,
    "round_code": "unattributed",
    "source_url": "http://www.xconomy.com/san-francisco/2013/03/31/2ndnature-obtains-20000-new-round/",
    "source_description": "2NDNATURE Obtains $20,000 New Round",
    "raised_amount": 20000.0,
    "raised_currency_code": "USD",
    "funded_year": 2013,
    "funded_month": 3,
    "funded_day": 31,
    "investments":
     [{"company": null,
       "financial_org":
        {"name": "Better Ventures",
         "permalink": "better-ventures"},
       "person": null}]}],
 "investments":
  [],
 "acquisition": null,
 "acquisitions":
  [],
 "offices":
  [{"description": "",
    "address1": "500 Seabright Ave. #205",
    "address2": "",
    "zip_code": "95062",
    "city": "Santa Cruz",
    "state_code": "CA",
    "country_code": "USA",
    "latitude": null,
    "longitude": null}],
 "milestones":
  [],
 "ipo": null,
 "video_embeds":
  [],
 "screenshots":
  [{"available_sizes":
     [[[150,
        103],
       "http://api-images.crunchbase.com/assets/images/resized/0034/6049/346049v1-max-150x150.jpg"],
      [[250,
        173],
       "http://api-images.crunchbase.com/assets/images/resized/0034/6049/346049v1-max-250x250.jpg"],
      [[450,
        311],
       "http://api-images.crunchbase.com/assets/images/resized/0034/6049/346049v1-max-450x450.jpg"]],
    "attribution": null}],
 "external_links":
  [],
 "partners":
  []}
