{"name": "360 Campaigner",
 "permalink": "360-campaigner",
 "crunchbase_url": "http://www.crunchbase.com/company/360-campaigner",
 "homepage_url": "http://www.360campaigner.com/http://www.360campaigner.com/blog",
 "blog_url": "http://www.360campaigner.com/blog/",
 "blog_feed_url": "http://www.360campaigner.com/blog/",
 "twitter_username": "360campaigner",
 "category_code": "advertising",
 "number_of_employees": 250,
 "founded_year": 2008,
 "founded_month": 1,
 "founded_day": 20,
 "deadpooled_year": null,
 "deadpooled_month": null,
 "deadpooled_day": null,
 "deadpooled_url": null,
 "tag_list": "multi-channel-marketing, multi-channel-marketing-tool, email-marketing-software, email-marketing-solutions, email-marketing-services",
 "alias_list": "",
 "email_address": "info@360campaigner.com",
 "phone_number": "1-877-240-5169",
 "description": "",
 "created_at": "Thu Oct 17 10:43:47 UTC 2013",
 "updated_at": "Thu Oct 17 22:31:00 UTC 2013",
 "overview": "\u003Cp\u003EAcquire customers through every possible channel with 360 Campaigner, a sophisticated yet easy-to-use email marketing software. This multi-channel marketing tool is breaking new ground by producing great results and is the newest hit in the email marketing space. 360 Campaigner is a unique email campaign tool that allows business prospecting, making it easy for clients to reach their prospects. Reporting is an add-on to the end-to-end email marketing campaign tool. With clients across the globe, millions of emails can be delivered every single day through the tool. 360 Campaigner is trusted by many marketers, from small to international brands just like yours.\u003C/p\u003E",
 "image":
  {"available_sizes":
    [[[150,
       34],
      "http://api-images.crunchbase.com/assets/images/resized/0034/3570/343570v2-max-150x150.jpg"],
     [[222,
       51],
      "http://api-images.crunchbase.com/assets/images/resized/0034/3570/343570v2-max-250x250.jpg"],
     [[222,
       51],
      "http://api-images.crunchbase.com/assets/images/resized/0034/3570/343570v2-max-450x450.jpg"]],
   "attribution": null},
 "products":
  [],
 "relationships":
  [],
 "competitions":
  [],
 "providerships":
  [],
 "total_money_raised": "$0",
 "funding_rounds":
  [],
 "investments":
  [],
 "acquisition": null,
 "acquisitions":
  [],
 "offices":
  [],
 "milestones":
  [],
 "ipo": null,
 "video_embeds":
  [],
 "screenshots":
  [{"available_sizes":
     [[[150,
        120],
       "http://api-images.crunchbase.com/assets/images/resized/0034/3569/343569v2-max-150x150.jpg"],
      [[250,
        200],
       "http://api-images.crunchbase.com/assets/images/resized/0034/3569/343569v2-max-250x250.jpg"],
      [[450,
        360],
       "http://api-images.crunchbase.com/assets/images/resized/0034/3569/343569v2-max-450x450.jpg"]],
    "attribution": null}],
 "external_links":
  [{"external_url": "http://www.360campaigner.com/email-marketing-services/",
    "title": "Email Marketing Software"}],
 "partners":
  []}
