{"name": "360Alumni",
 "permalink": "360alumni",
 "crunchbase_url": "http://www.crunchbase.com/company/360alumni",
 "homepage_url": "http://www.360alumni.com",
 "blog_url": "http://alumniperspective.tumblr.com",
 "blog_feed_url": "",
 "twitter_username": "360Alumni",
 "category_code": "education",
 "number_of_employees": 10,
 "founded_year": 2012,
 "founded_month": null,
 "founded_day": null,
 "deadpooled_year": null,
 "deadpooled_month": null,
 "deadpooled_day": null,
 "deadpooled_url": null,
 "tag_list": "alumni-engagement, higher-education-advancement, alumni-management, social-crm, fundraising, global-alumni-mapping-tools, private-label-social-networks, alumni-directory, alumni-engagement-tools, alumni-networking, cloud-based-alumni-management, alumni-en",
 "alias_list": null,
 "email_address": "connect@360alumni.com",
 "phone_number": "(424) 888-0360",
 "description": "Alumni Networking/Fundraising Platform",
 "created_at": "Tue Nov 12 16:31:50 UTC 2013",
 "updated_at": "Wed Apr 02 19:58:05 UTC 2014",
 "overview": "\u003Cp\u003E360Alumni is an engagement and networking platform for higher education.  Our mission is to help universities exceed their advancement goals by helping alumni to secure more fulfilling careers. Through our private, branded engagement platform alumni can search for others in their area, view alumni directories, post and apply to jobs on the job board, create groups and events, and give to causes that matter to them. Universities benefit from the branding and fundraising opportunities, as well as positive sentiment. The platform is complete with integrated email marketing and analytic capabilities. 360Alumni is headquartered in Stamford, CT. \u003C/p\u003E",
 "image":
  {"available_sizes":
    [[[150,
       96],
      "http://api-images.crunchbase.com/assets/images/resized/0035/7606/357606v2-max-150x150.png"],
     [[250,
       161],
      "http://api-images.crunchbase.com/assets/images/resized/0035/7606/357606v2-max-250x250.png"],
     [[450,
       290],
      "http://api-images.crunchbase.com/assets/images/resized/0035/7606/357606v2-max-450x450.png"]],
   "attribution": null},
 "products":
  [{"name": "360Alumni Networking and Engagement Platform",
    "permalink": "360alumni-networking-and-engagement-platform"}],
 "relationships":
  [{"is_past": false,
    "title": "Founder and CEO",
    "person":
     {"first_name": "Christina",
      "last_name": "Balotescu",
      "permalink": "christina-balotescu"}},
   {"is_past": false,
    "title": "Chief Operating Officer",
    "person":
     {"first_name": "Chuck",
      "last_name": "Allen",
      "permalink": "chuck-allen"}},
   {"is_past": false,
    "title": "Marketing Manger",
    "person":
     {"first_name": "Megan",
      "last_name": "Reile",
      "permalink": "megan-reile"}},
   {"is_past": false,
    "title": "Senior Designer",
    "person":
     {"first_name": "Heather",
      "last_name": "Strycharz",
      "permalink": "heather-strycharz"}},
   {"is_past": false,
    "title": "Community Manager",
    "person":
     {"first_name": "Morgan",
      "last_name": "Cole",
      "permalink": "morgan-cole"}}],
 "competitions":
  [],
 "providerships":
  [],
 "total_money_raised": "$0",
 "funding_rounds":
  [],
 "investments":
  [],
 "acquisition": null,
 "acquisitions":
  [],
 "offices":
  [{"description": "Headquarters",
    "address1": "1234 Summer Street",
    "address2": "",
    "zip_code": "06905",
    "city": "Stamford",
    "state_code": "CT",
    "country_code": "USA",
    "latitude": null,
    "longitude": null},
   {"description": "",
    "address1": "21 Charles Street",
    "address2": "",
    "zip_code": "06880",
    "city": "Westport",
    "state_code": "CT",
    "country_code": "USA",
    "latitude": null,
    "longitude": null}],
 "milestones":
  [{"id": 46008,
    "description": "360Alumni launches first client, Pitt Community College in Winterville, NC with over 160,000 alumni",
    "stoned_year": 2013,
    "stoned_month": 3,
    "stoned_day": null,
    "source_url": "",
    "source_text": null,
    "source_description": "",
    "stoneable_type": "Company",
    "stoned_value": null,
    "stoned_value_type": null,
    "stoned_acquirer": null,
    "stoneable":
     {"name": "360Alumni",
      "permalink": "360alumni"}},
   {"id": 46009,
    "description": "360Alumni announces second client, Los Hermanos de Stanford, a student group at Stamford University.",
    "stoned_year": 2013,
    "stoned_month": 9,
    "stoned_day": null,
    "source_url": "",
    "source_text": null,
    "source_description": "",
    "stoneable_type": "Company",
    "stoned_value": null,
    "stoned_value_type": null,
    "stoned_acquirer": null,
    "stoneable":
     {"name": "360Alumni",
      "permalink": "360alumni"}},
   {"id": 46010,
    "description": "360Alumni announces third client, The Metropolitan PGA Jr. Golf Association",
    "stoned_year": 2013,
    "stoned_month": 11,
    "stoned_day": null,
    "source_url": "",
    "source_text": null,
    "source_description": "",
    "stoneable_type": "Company",
    "stoned_value": null,
    "stoned_value_type": null,
    "stoned_acquirer": null,
    "stoneable":
     {"name": "360Alumni",
      "permalink": "360alumni"}},
   {"id": 46011,
    "description": "360Alumni announces partnership with the University of Texas at Austin Cockrell School of Engineering Center for Lifelong Engineering Education",
    "stoned_year": 2014,
    "stoned_month": 1,
    "stoned_day": null,
    "source_url": "",
    "source_text": null,
    "source_description": "",
    "stoneable_type": "Company",
    "stoned_value": null,
    "stoned_value_type": null,
    "stoned_acquirer": null,
    "stoneable":
     {"name": "360Alumni",
      "permalink": "360alumni"}},
   {"id": 49766,
    "description": "360Alumni announces partnership with Hamilton Southeastern Schools Foundation in Fishers, Indiana",
    "stoned_year": 2014,
    "stoned_month": 2,
    "stoned_day": null,
    "source_url": "",
    "source_text": null,
    "source_description": "",
    "stoneable_type": "Company",
    "stoned_value": null,
    "stoned_value_type": null,
    "stoned_acquirer": null,
    "stoneable":
     {"name": "360Alumni",
      "permalink": "360alumni"}},
   {"id": 49767,
    "description": "360Alumni announces partnership with Zagreb School of Economics and Management in Croatia. ZSEM is 360Alumni's first international client.",
    "stoned_year": 2014,
    "stoned_month": 3,
    "stoned_day": null,
    "source_url": "",
    "source_text": null,
    "source_description": "",
    "stoneable_type": "Company",
    "stoned_value": null,
    "stoned_value_type": null,
    "stoned_acquirer": null,
    "stoneable":
     {"name": "360Alumni",
      "permalink": "360alumni"}},
   {"id": 49768,
    "description": "360Alumni partners with Maharishi University of Management in Iowa.",
    "stoned_year": 2014,
    "stoned_month": 3,
    "stoned_day": null,
    "source_url": "",
    "source_text": null,
    "source_description": "",
    "stoneable_type": "Company",
    "stoned_value": null,
    "stoned_value_type": null,
    "stoned_acquirer": null,
    "stoneable":
     {"name": "360Alumni",
      "permalink": "360alumni"}},
   {"id": 49783,
    "description": "CEO and Founder Christina Balotescu featured in US News and World report for her views on choosing a graduate school.",
    "stoned_year": 2014,
    "stoned_month": 3,
    "stoned_day": null,
    "source_url": "http://www.usnews.com/education/best-graduate-schools/paying/articles/2014/03/17/comparing-grad-schools-by-dollars-and-cents",
    "source_text": null,
    "source_description": "US News and World Report: Compare Graduate Schools by Dollars and Cents",
    "stoneable_type": "Company",
    "stoned_value": null,
    "stoned_value_type": null,
    "stoned_acquirer": null,
    "stoneable":
     {"name": "360Alumni",
      "permalink": "360alumni"}},
   {"id": 49878,
    "description": "360Alumni is chosen to present \"If You Build It Will They Come? The Case for Online Alumni Communities\" at the HighEdWeb Michigan conference May 22nd and 23rd. ",
    "stoned_year": 2014,
    "stoned_month": 3,
    "stoned_day": 28,
    "source_url": "",
    "source_text": null,
    "source_description": "",
    "stoneable_type": "Company",
    "stoned_value": null,
    "stoned_value_type": null,
    "stoned_acquirer": null,
    "stoneable":
     {"name": "360Alumni",
      "permalink": "360alumni"}}],
 "ipo": null,
 "video_embeds":
  [{"embed_code": "\u003Ciframe width=\"430\" height=\"242\" src=\"//www.youtube.com/embed/_OXh8ILeib4\" frameborder=\"0\" allowfullscreen\u003E\u003C/iframe\u003E",
    "description": "\u003Cp\u003E360Alumni and Pitt Community College;\u003C/p\u003E"},
   {"embed_code": "\u003Ciframe width=\"430\" height =\"242\" src=\"//www.youtube.com/embed/fVzAte03Wbc\" frameborder=\"0\" allowfullscreen\u003E\u003C/iframe\u003E\r\n\r\n",
    "description": "\u003Cp\u003E360Alumni Video\u003C/p\u003E"}],
 "screenshots":
  [],
 "external_links":
  [],
 "partners":
  []}
