{"name": "365 SEO Services",
 "permalink": "365-seo-services",
 "crunchbase_url": "http://www.crunchbase.com/company/365-seo-services",
 "homepage_url": "http://365seoservices.com",
 "blog_url": "http://365seoservices.com/blog/",
 "blog_feed_url": "",
 "twitter_username": "365seoservices",
 "category_code": "other",
 "number_of_employees": 15,
 "founded_year": 2012,
 "founded_month": 12,
 "founded_day": 12,
 "deadpooled_year": null,
 "deadpooled_month": null,
 "deadpooled_day": null,
 "deadpooled_url": null,
 "tag_list": "seo-services, seo-company, seo-services-company-india",
 "alias_list": null,
 "email_address": "info@365seoservices.com",
 "phone_number": "+918750138960",
 "description": "SEO Company in India",
 "created_at": "Tue Nov 12 07:15:43 UTC 2013",
 "updated_at": "Tue Nov 12 20:28:14 UTC 2013",
 "overview": "\u003Cp\u003E365 SEO Services is a conglomeration initiated by the team of highly driven and determined digital media professionals who have a vision to revolutionize the world of online promotions by providing the most intensive, focused and coming off age SEO Services. \u003C/p\u003E\n\n\u003Cp\u003EAfter serving the digital media optimization and internet marketing industry for almost half a decade now, some of the most experienced and gritty experts decided to form an autonomous body that would reform the industry and would spell excellence and greatness in terms of top notch client servicing and providing enduring online results. And hence, it marked the inception of 365 SEO Services. \u003C/p\u003E\n\n\u003Cp\u003EThe company is determined to become a one stop solution for all of the varying digital media requirements of the clients. The range of their service offerings holds a strong testimony to the same. Let us broadly understand the range of services offered by them below: \u003C/p\u003E\n\n\u003Col\u003E\n\u003Cli\u003ESEO Services \u2013 At quite competitive prices, the company proposes to increase your overall brand presence and search engine rankings in the internet domain. They endeavors to perform steady and enduring SEO solutions, directed at serving the company for a long duration of time. \u003C/li\u003E\n\u003Cli\u003EGuaranteed SEO Services \u2013 one of the very few companies providing guaranteed SEO Services, especially when marked with the ever changing Google Updates, 365 SEO Services synergizes smart work and deep rooted understanding of Google algorithms with their sincerity and innovation to provide assured Search engine rankings. Besides, they offer a completely proportionate money back guarantee. \u003C/li\u003E\n\u003Cli\u003ESMO Services \u2013 intended at improving the image of the company across different Social media channels, the seasoned brand builders and digital media professionals of the company provide efficient, niche specific and highly result oriented SMO Services. \u003C/li\u003E\n\u003Cli\u003EPPC Services \u2013 in the presence of exceedingly experienced and smart Google AdWords Certified SEO experts, trust 365 SEO Services to successfully strategize and execute PPC campaign for your website. The services focus at reducing the costs per click and drastically improving the returns on investment for the enterprise. \u003C/li\u003E\n\u003Cli\u003EContent Writing Services \u2013 The Company has an amazing talent pool of some of the most experienced and creative content writers. Get in touch for a wide range of SEO and LSI based content writing services, namely article writing, blog writing, press releases, eBooks, power points for training and development and other verticals. \u003C/li\u003E\n\u003Cli\u003EReputation Management \u2013 Have the seasoned and matured online media professionals of the company to work out and successfully implement a strong reputation management strategy for your business brand, dedicated at inviting favorable reviews and significantly downsizing the aftermaths of negative publicity and opinions about your business. \u003C/li\u003E\n\u003C/ol\u003E\n\n\u003Cp\u003EAfter successfully executing a wide multitude of different online promotions campaigns, 365 SEO Services now intend on to becoming the trustworthy and reliable SEO partners for a wide gamut of business brands. Get in touch with the company for a wide range of internet marketing and online promotions services. \u003C/p\u003E",
 "image":
  {"available_sizes":
    [[[150,
       72],
      "http://api-images.crunchbase.com/assets/images/resized/0035/7203/357203v2-max-150x150.png"],
     [[250,
       120],
      "http://api-images.crunchbase.com/assets/images/resized/0035/7203/357203v2-max-250x250.png"],
     [[422,
       204],
      "http://api-images.crunchbase.com/assets/images/resized/0035/7203/357203v2-max-450x450.png"]],
   "attribution": null},
 "products":
  [],
 "relationships":
  [],
 "competitions":
  [],
 "providerships":
  [],
 "total_money_raised": "$0",
 "funding_rounds":
  [],
 "investments":
  [],
 "acquisition": null,
 "acquisitions":
  [],
 "offices":
  [],
 "milestones":
  [],
 "ipo": null,
 "video_embeds":
  [],
 "screenshots":
  [{"available_sizes":
     [[[150,
        61],
       "http://api-images.crunchbase.com/assets/images/resized/0035/7202/357202v2-max-150x150.png"],
      [[250,
        102],
       "http://api-images.crunchbase.com/assets/images/resized/0035/7202/357202v2-max-250x250.png"],
      [[450,
        183],
       "http://api-images.crunchbase.com/assets/images/resized/0035/7202/357202v2-max-450x450.png"]],
    "attribution": null}],
 "external_links":
  [],
 "partners":
  []}
