{"name": "3Challenge",
 "permalink": "3challenge",
 "crunchbase_url": "http://www.crunchbase.com/company/3challenge",
 "homepage_url": "http://www.3challenge.com",
 "blog_url": "",
 "blog_feed_url": "",
 "twitter_username": null,
 "category_code": "finance",
 "number_of_employees": null,
 "founded_year": 2010,
 "founded_month": null,
 "founded_day": null,
 "deadpooled_year": null,
 "deadpooled_month": null,
 "deadpooled_day": null,
 "deadpooled_url": null,
 "tag_list": "",
 "alias_list": "",
 "email_address": "",
 "phone_number": "",
 "description": "Entrepreneurship Program",
 "created_at": "Wed Dec 04 07:41:09 UTC 2013",
 "updated_at": "Fri Dec 06 22:16:57 UTC 2013",
 "overview": "\u003Cp\u003E3Challege is a mentor-led entrepreneurship tournament for innovative business ideas, organized by the biggest entrepreneurship club in Bulgaria \u2013 Start It Smart. The purpose of the competition is to show how one idea can evolve within 6 months from just an idea to a sustainable and working business.\u003C/p\u003E",
 "image":
  {"available_sizes":
    [[[150,
       65],
      "http://api-images.crunchbase.com/assets/images/resized/0037/0091/370091v1-max-150x150.png"],
     [[240,
       104],
      "http://api-images.crunchbase.com/assets/images/resized/0037/0091/370091v1-max-250x250.png"],
     [[240,
       104],
      "http://api-images.crunchbase.com/assets/images/resized/0037/0091/370091v1-max-450x450.png"]],
   "attribution": null},
 "products":
  [],
 "relationships":
  [],
 "competitions":
  [],
 "providerships":
  [],
 "total_money_raised": "$0",
 "funding_rounds":
  [],
 "investments":
  [],
 "acquisition": null,
 "acquisitions":
  [],
 "offices":
  [{"description": "",
    "address1": "23A Dragan Tsankov Blvd.",
    "address2": "",
    "zip_code": "",
    "city": "Sofia",
    "state_code": null,
    "country_code": "BGR",
    "latitude": null,
    "longitude": null}],
 "milestones":
  [],
 "ipo": null,
 "video_embeds":
  [],
 "screenshots":
  [{"available_sizes":
     [[[150,
        83],
       "http://api-images.crunchbase.com/assets/images/resized/0037/0095/370095v1-max-150x150.png"],
      [[250,
        139],
       "http://api-images.crunchbase.com/assets/images/resized/0037/0095/370095v1-max-250x250.png"],
      [[450,
        251],
       "http://api-images.crunchbase.com/assets/images/resized/0037/0095/370095v1-max-450x450.png"]],
    "attribution": null}],
 "external_links":
  [],
 "partners":
  []}
