{"name": "3plet Publishing",
 "permalink": "3plet-publishing",
 "crunchbase_url": "http://www.crunchbase.com/company/3plet-publishing",
 "homepage_url": "http://3plet.com",
 "blog_url": "",
 "blog_feed_url": "",
 "twitter_username": "3pletpublishing",
 "category_code": "music",
 "number_of_employees": 10,
 "founded_year": 2012,
 "founded_month": null,
 "founded_day": null,
 "deadpooled_year": null,
 "deadpooled_month": null,
 "deadpooled_day": null,
 "deadpooled_url": null,
 "tag_list": "album, music, mobile",
 "alias_list": "",
 "email_address": "info@3plet.com",
 "phone_number": "",
 "description": "Interactive digital music container",
 "created_at": "Sat Nov 02 05:28:32 UTC 2013",
 "updated_at": "Wed Mar 26 09:02:02 UTC 2014",
 "overview": "\u003Cp\u003E3Plet can earn money for you or deliver music for free, it has built-in viral promotion mechanics, it collects all usage statistics and allows to analyze the behavior of your audience.\n3Plet clearly demonstrates the difference between the properly designed and well thought out music album and just an mp3 file.\u003C/p\u003E\n\n\u003Cp\u003EIt is a beautiful and convenient interactive digital container, full of music, lyrics, images and available worldwide on the major music platforms and stores, such as: ITunes, Android market, Windows market, OVI. It provides access to your creativity over 4 billion people in the world.\u003C/p\u003E",
 "image":
  {"available_sizes":
    [[[120,
       150],
      "http://api-images.crunchbase.com/assets/images/resized/0035/2230/352230v3-max-150x150.png"],
     [[201,
       250],
      "http://api-images.crunchbase.com/assets/images/resized/0035/2230/352230v3-max-250x250.png"],
     [[362,
       450],
      "http://api-images.crunchbase.com/assets/images/resized/0035/2230/352230v3-max-450x450.png"]],
   "attribution": null},
 "products":
  [],
 "relationships":
  [{"is_past": false,
    "title": "Founder",
    "person":
     {"first_name": "Vlad",
      "last_name": "Davydov",
      "permalink": "vlad-davydov"}},
   {"is_past": false,
    "title": "Founder",
    "person":
     {"first_name": "Valery",
      "last_name": "Mifodovsky",
      "permalink": "valery-mifodovsky"}},
   {"is_past": false,
    "title": "Platform Director",
    "person":
     {"first_name": "Andrew",
      "last_name": "Pantyukhin",
      "permalink": "andrew-pantyukhin"}}],
 "competitions":
  [],
 "providerships":
  [],
 "total_money_raised": "$0",
 "funding_rounds":
  [],
 "investments":
  [],
 "acquisition": null,
 "acquisitions":
  [],
 "offices":
  [{"description": "",
    "address1": "",
    "address2": "",
    "zip_code": "",
    "city": "",
    "state_code": null,
    "country_code": "EST",
    "latitude": null,
    "longitude": null}],
 "milestones":
  [],
 "ipo": null,
 "video_embeds":
  [{"embed_code": "\u003Ciframe width=\"430\" height=\"242\" src=\"//www.youtube.com/embed/LWmSnPgVds8\" frameborder=\"0\" allowfullscreen\u003E\u003C/iframe\u003E",
    "description": ""}],
 "screenshots":
  [{"available_sizes":
     [[[150,
        78],
       "http://api-images.crunchbase.com/assets/images/resized/0039/7830/397830v1-max-150x150.png"],
      [[250,
        131],
       "http://api-images.crunchbase.com/assets/images/resized/0039/7830/397830v1-max-250x250.png"],
      [[450,
        236],
       "http://api-images.crunchbase.com/assets/images/resized/0039/7830/397830v1-max-450x450.png"]],
    "attribution": null}],
 "external_links":
  [],
 "partners":
  [{"partner_name": "angel_list",
    "homepage_url": "http://3plet.com",
    "link_1_url": "https://angel.co/3plet",
    "link_2_url": null,
    "link_3_url": null,
    "link_1_name": "AngelList Page",
    "link_2_name": null,
    "link_3_name": null}]}
