{"name": "3qbic",
 "permalink": "3qbic",
 "crunchbase_url": "http://www.crunchbase.com/company/3qbic",
 "homepage_url": "http://www.3qbic.com",
 "blog_url": "",
 "blog_feed_url": "",
 "twitter_username": "3qbic",
 "category_code": "consulting",
 "number_of_employees": 4,
 "founded_year": 2010,
 "founded_month": 1,
 "founded_day": 7,
 "deadpooled_year": null,
 "deadpooled_month": null,
 "deadpooled_day": null,
 "deadpooled_url": null,
 "tag_list": "panama-marketing-seo-sem-security-technology",
 "alias_list": null,
 "email_address": "info@3qbic.com",
 "phone_number": "+507 3934548",
 "description": "Marketing and Technology Consultants",
 "created_at": "Wed Dec 04 14:38:35 UTC 2013",
 "updated_at": "Fri Dec 06 19:51:27 UTC 2013",
 "overview": "\u003Cp\u003EThis company is an emerging marketing and technology company, they have tons of experience and good knowledge but maintaining good prices which is good\u003C/p\u003E",
 "image":
  {"available_sizes":
    [[[150,
       103],
      "http://api-images.crunchbase.com/assets/images/resized/0037/0403/370403v2-max-150x150.png"],
     [[250,
       173],
      "http://api-images.crunchbase.com/assets/images/resized/0037/0403/370403v2-max-250x250.png"],
     [[315,
       218],
      "http://api-images.crunchbase.com/assets/images/resized/0037/0403/370403v2-max-450x450.png"]],
   "attribution": null},
 "products":
  [],
 "relationships":
  [],
 "competitions":
  [],
 "providerships":
  [],
 "total_money_raised": "$0",
 "funding_rounds":
  [],
 "investments":
  [],
 "acquisition": null,
 "acquisitions":
  [],
 "offices":
  [{"description": "Main Office",
    "address1": "Cerro Viento Calle Pedro Ameglio",
    "address2": "",
    "zip_code": "",
    "city": "Panama",
    "state_code": null,
    "country_code": "PAN",
    "latitude": null,
    "longitude": null}],
 "milestones":
  [],
 "ipo": null,
 "video_embeds":
  [],
 "screenshots":
  [{"available_sizes":
     [[[103,
        150],
       "http://api-images.crunchbase.com/assets/images/resized/0037/0402/370402v2-max-150x150.jpg"],
      [[172,
        250],
       "http://api-images.crunchbase.com/assets/images/resized/0037/0402/370402v2-max-250x250.jpg"],
      [[309,
        450],
       "http://api-images.crunchbase.com/assets/images/resized/0037/0402/370402v2-max-450x450.jpg"]],
    "attribution": null}],
 "external_links":
  [],
 "partners":
  []}
