{"name": "4 Vedas and 108 Upanishads Foundation",
 "permalink": "4-vedas-and-108-upanishads-foundation",
 "crunchbase_url": "http://www.crunchbase.com/company/4-vedas-and-108-upanishads-foundation",
 "homepage_url": "http://www.vedas.info",
 "blog_url": "http://4vedasand108upanishads.blogspot.in/",
 "blog_feed_url": "",
 "twitter_username": "vedas_4",
 "category_code": "local",
 "number_of_employees": null,
 "founded_year": null,
 "founded_month": null,
 "founded_day": null,
 "deadpooled_year": null,
 "deadpooled_month": null,
 "deadpooled_day": null,
 "deadpooled_url": null,
 "tag_list": "vedas, foundation, upnishads",
 "alias_list": "",
 "email_address": "",
 "phone_number": "",
 "description": "Happy way of living",
 "created_at": "Fri Oct 18 10:52:50 UTC 2013",
 "updated_at": "Tue Oct 22 04:27:38 UTC 2013",
 "overview": "\u003Cp\u003EThis sis a company which promotes Natural Healthy Happy way of living.\u003C/p\u003E",
 "image": null,
 "products":
  [],
 "relationships":
  [{"is_past": false,
    "title": "Founder",
    "person":
     {"first_name": "Sai",
      "last_name": "Kumar D L",
      "permalink": "sai-kumar-d-l"}}],
 "competitions":
  [],
 "providerships":
  [],
 "total_money_raised": "$0",
 "funding_rounds":
  [],
 "investments":
  [],
 "acquisition": null,
 "acquisitions":
  [],
 "offices":
  [],
 "milestones":
  [],
 "ipo": null,
 "video_embeds":
  [],
 "screenshots":
  [{"available_sizes":
     [[[150,
        87],
       "http://api-images.crunchbase.com/assets/images/resized/0034/4178/344178v1-max-150x150.png"],
      [[250,
        145],
       "http://api-images.crunchbase.com/assets/images/resized/0034/4178/344178v1-max-250x250.png"],
      [[450,
        262],
       "http://api-images.crunchbase.com/assets/images/resized/0034/4178/344178v1-max-450x450.png"]],
    "attribution": null}],
 "external_links":
  [],
 "partners":
  [{"partner_name": "angel_list",
    "homepage_url": "http://www.vedas.info",
    "link_1_url": "https://angel.co/4-vedas-and-108-upanishads-foundation",
    "link_2_url": "https://angel.co/4-vedas-and-108-upanishads-foundation/jobs?utc_source=crunchbase\u0026amp;utm_campaign=crunchbase\u0026amp;utm_content=jobs\u0026amp;utm_medium=link\u0026amp;utm_term=4-vedas-and-108-upanishads-foundation",
    "link_3_url": "https://angel.co/4-vedas-and-108-upanishads-foundation?utc_source=crunchbase\u0026amp;utm_campaign=crunchbase\u0026amp;utm_content=fundraising\u0026amp;utm_medium=link\u0026amp;utm_term=4-vedas-and-108-upanishads-foundation",
    "link_1_name": "AngelList Page",
    "link_2_name": "Hiring: CTO, Web Designer, Online Marketing",
    "link_3_name": "Raising: $100K"}]}
