{"name": "42reports",
 "permalink": "42reports",
 "crunchbase_url": "http://www.crunchbase.com/company/42reports",
 "homepage_url": "http://42reports.com",
 "blog_url": "",
 "blog_feed_url": "",
 "twitter_username": "42reports",
 "category_code": "analytics",
 "number_of_employees": null,
 "founded_year": 2012,
 "founded_month": 12,
 "founded_day": null,
 "deadpooled_year": null,
 "deadpooled_month": null,
 "deadpooled_day": null,
 "deadpooled_url": null,
 "tag_list": "retail-analytics, bridging-offline-to-online, saas",
 "alias_list": null,
 "email_address": "info@42reports.com",
 "phone_number": "",
 "description": "Retail Analytics 2.0",
 "created_at": "Sat Nov 09 03:19:59 UTC 2013",
 "updated_at": "Tue Nov 12 20:03:10 UTC 2013",
 "overview": "",
 "image": null,
 "products":
  [],
 "relationships":
  [],
 "competitions":
  [],
 "providerships":
  [],
 "total_money_raised": "$0",
 "funding_rounds":
  [],
 "investments":
  [],
 "acquisition": null,
 "acquisitions":
  [],
 "offices":
  [{"description": "Berlin HQ",
    "address1": "",
    "address2": "",
    "zip_code": "",
    "city": "Berlin",
    "state_code": null,
    "country_code": "DEU",
    "latitude": null,
    "longitude": null}],
 "milestones":
  [],
 "ipo": null,
 "video_embeds":
  [],
 "screenshots":
  [],
 "external_links":
  [],
 "partners":
  []}
