{"name": "48Bricks",
 "permalink": "48bricks",
 "crunchbase_url": "http://www.crunchbase.com/company/48bricks",
 "homepage_url": "http://www.48bricks.com/about",
 "blog_url": "",
 "blog_feed_url": "",
 "twitter_username": "48Bricks",
 "category_code": "local",
 "number_of_employees": null,
 "founded_year": null,
 "founded_month": null,
 "founded_day": null,
 "deadpooled_year": null,
 "deadpooled_month": null,
 "deadpooled_day": null,
 "deadpooled_url": null,
 "tag_list": "entertainment, charities, npo, gaming, viral-marketing, gamification",
 "alias_list": "",
 "email_address": "",
 "phone_number": "",
 "description": "48Bricks is a yield management and crowd",
 "created_at": "Tue Nov 19 08:37:02 UTC 2013",
 "updated_at": "Tue Feb 25 11:28:16 UTC 2014",
 "overview": "\u003Cp\u003E48Bricks\u2122 is a mobile, highly gamified, viral word-of-mouth platform for the entertainment and non-profit industry. It engages, amplifies and monetizes sales leads \u2013 while generating an ever-growing database of brand advocates that clients can retarget for future campaigns.\u003C/p\u003E",
 "image":
  {"available_sizes":
    [[[150,
       39],
      "http://api-images.crunchbase.com/assets/images/resized/0036/1771/361771v1-max-150x150.png"],
     [[200,
       52],
      "http://api-images.crunchbase.com/assets/images/resized/0036/1771/361771v1-max-250x250.png"],
     [[200,
       52],
      "http://api-images.crunchbase.com/assets/images/resized/0036/1771/361771v1-max-450x450.png"]],
   "attribution": null},
 "products":
  [],
 "relationships":
  [{"is_past": false,
    "title": "CEO",
    "person":
     {"first_name": "Michael",
      "last_name": "Jaschke",
      "permalink": "michael-jaschke"}},
   {"is_past": false,
    "title": "CTO",
    "person":
     {"first_name": "Jatin",
      "last_name": "Patel",
      "permalink": "jatin-patel"}}],
 "competitions":
  [],
 "providerships":
  [],
 "total_money_raised": "$0",
 "funding_rounds":
  [],
 "investments":
  [],
 "acquisition": null,
 "acquisitions":
  [],
 "offices":
  [{"description": "Office",
    "address1": "252 Nassau Princeton",
    "address2": "",
    "zip_code": "",
    "city": "New Jersey",
    "state_code": null,
    "country_code": "USA",
    "latitude": null,
    "longitude": null}],
 "milestones":
  [{"id": 47097,
    "description": "Caritas launched relief campaign with 48Bricks.",
    "stoned_year": 2014,
    "stoned_month": 1,
    "stoned_day": 10,
    "source_url": "http://www.prlog.org/12265711-caritas-uses-game-changing-technology-to-fight-poverty.html",
    "source_text": null,
    "source_description": "",
    "stoneable_type": "Company",
    "stoned_value": null,
    "stoned_value_type": null,
    "stoned_acquirer": null,
    "stoneable":
     {"name": "48Bricks",
      "permalink": "48bricks"}},
   {"id": 47098,
    "description": "Dr. Hossein Eslambolchi joins 48Bricks as executive advisor",
    "stoned_year": 2013,
    "stoned_month": 8,
    "stoned_day": 19,
    "source_url": "http://www.prlog.org/12194986-dr-hossein-eslambolchi-joins-tickets48-as-an-executive-advisor.html",
    "source_text": null,
    "source_description": "",
    "stoneable_type": "Company",
    "stoned_value": null,
    "stoned_value_type": null,
    "stoned_acquirer": null,
    "stoneable":
     {"name": "48Bricks",
      "permalink": "48bricks"}}],
 "ipo": null,
 "video_embeds":
  [{"embed_code": "\u003Ciframe width=\"420\" height=\"315\" src=\"//www.youtube.com/embed/H_tRLcFPgpc?feature=player_embedded\" frameborder=\"0\" allowfullscreen\u003E\u003C/iframe\u003E",
    "description": "\u003Cp\u003E48Bricks Entertainment\u003C/p\u003E"},
   {"embed_code": "\u003Ciframe width=\"420\" height=\"315\" src=\"//www.youtube.com/embed/kpMIYzl8eg0\" frameborder=\"0\" allowfullscreen\u003E\u003C/iframe\u003E",
    "description": "\u003Cp\u003E48 Bricks NPO\u003C/p\u003E"}],
 "screenshots":
  [{"available_sizes":
     [[[150,
        91],
       "http://api-images.crunchbase.com/assets/images/resized/0036/1770/361770v2-max-150x150.png"],
      [[250,
        152],
       "http://api-images.crunchbase.com/assets/images/resized/0036/1770/361770v2-max-250x250.png"],
      [[450,
        274],
       "http://api-images.crunchbase.com/assets/images/resized/0036/1770/361770v2-max-450x450.png"]],
    "attribution": null},
   {"available_sizes":
     [[[150,
        91],
       "http://api-images.crunchbase.com/assets/images/resized/0041/0457/410457v2-max-150x150.png"],
      [[250,
        152],
       "http://api-images.crunchbase.com/assets/images/resized/0041/0457/410457v2-max-250x250.png"],
      [[450,
        274],
       "http://api-images.crunchbase.com/assets/images/resized/0041/0457/410457v2-max-450x450.png"]],
    "attribution": null},
   {"available_sizes":
     [[[150,
        91],
       "http://api-images.crunchbase.com/assets/images/resized/0041/0459/410459v2-max-150x150.png"],
      [[250,
        152],
       "http://api-images.crunchbase.com/assets/images/resized/0041/0459/410459v2-max-250x250.png"],
      [[450,
        274],
       "http://api-images.crunchbase.com/assets/images/resized/0041/0459/410459v2-max-450x450.png"]],
    "attribution": null},
   {"available_sizes":
     [[[150,
        91],
       "http://api-images.crunchbase.com/assets/images/resized/0041/0460/410460v2-max-150x150.png"],
      [[250,
        152],
       "http://api-images.crunchbase.com/assets/images/resized/0041/0460/410460v2-max-250x250.png"],
      [[450,
        274],
       "http://api-images.crunchbase.com/assets/images/resized/0041/0460/410460v2-max-450x450.png"]],
    "attribution": null}],
 "external_links":
  [],
 "partners":
  [{"partner_name": "angel_list",
    "homepage_url": "http://www.48bricks.com",
    "link_1_url": "https://angel.co/48bricks",
    "link_2_url": "https://angel.co/48bricks/jobs?utc_source=crunchbase\u0026amp;utm_campaign=crunchbase\u0026amp;utm_content=jobs\u0026amp;utm_medium=link\u0026amp;utm_term=48bricks",
    "link_3_url": null,
    "link_1_name": "AngelList Page",
    "link_2_name": "Hiring: Junior Front-End HTML5 Engineer",
    "link_3_name": null}]}
