{"name": "50 Cubes",
 "permalink": "50-cubes",
 "crunchbase_url": "http://www.crunchbase.com/company/50-cubes",
 "homepage_url": "http://www.50cubes.com",
 "blog_url": "",
 "blog_feed_url": "",
 "twitter_username": "50cubes",
 "category_code": null,
 "number_of_employees": null,
 "founded_year": null,
 "founded_month": null,
 "founded_day": null,
 "deadpooled_year": null,
 "deadpooled_month": null,
 "deadpooled_day": null,
 "deadpooled_url": null,
 "tag_list": "",
 "alias_list": "",
 "email_address": "bd@50cubes.com",
 "phone_number": "",
 "description": "",
 "created_at": "Thu Dec 05 11:57:00 UTC 2013",
 "updated_at": "Fri Dec 06 18:47:50 UTC 2013",
 "overview": "\u003Cp\u003E50Cubes is a leading developer of social and mobile games exclusively targeted to women gamers. Its games have been played by over 50 million users on social and mobile platforms. Mall World, its first social game was rated as the best fashion game on Facebook.\u003C/p\u003E",
 "image":
  {"available_sizes":
    [[[148,
       143],
      "http://api-images.crunchbase.com/assets/images/resized/0037/1054/371054v1-max-150x150.png"],
     [[148,
       143],
      "http://api-images.crunchbase.com/assets/images/resized/0037/1054/371054v1-max-250x250.png"],
     [[148,
       143],
      "http://api-images.crunchbase.com/assets/images/resized/0037/1054/371054v1-max-450x450.png"]],
   "attribution": null},
 "products":
  [],
 "relationships":
  [],
 "competitions":
  [],
 "providerships":
  [],
 "total_money_raised": "$0",
 "funding_rounds":
  [{"id": 57254,
    "round_code": "secondary_market",
    "source_url": "",
    "source_description": "",
    "raised_amount": null,
    "raised_currency_code": "USD",
    "funded_year": 2012,
    "funded_month": null,
    "funded_day": null,
    "investments":
     [{"company": null,
       "financial_org":
        {"name": "137 Ventures",
         "permalink": "137-ventures"},
       "person": null}]}],
 "investments":
  [],
 "acquisition": null,
 "acquisitions":
  [],
 "offices":
  [{"description": "",
    "address1": "",
    "address2": "",
    "zip_code": "",
    "city": "San Francisco",
    "state_code": "CA",
    "country_code": "USA",
    "latitude": null,
    "longitude": null}],
 "milestones":
  [],
 "ipo": null,
 "video_embeds":
  [],
 "screenshots":
  [{"available_sizes":
     [[[150,
        94],
       "http://api-images.crunchbase.com/assets/images/resized/0037/1053/371053v1-max-150x150.png"],
      [[250,
        157],
       "http://api-images.crunchbase.com/assets/images/resized/0037/1053/371053v1-max-250x250.png"],
      [[450,
        284],
       "http://api-images.crunchbase.com/assets/images/resized/0037/1053/371053v1-max-450x450.png"]],
    "attribution": null}],
 "external_links":
  [],
 "partners":
  []}
