{"name": "50 Partners",
 "permalink": "50-partners",
 "crunchbase_url": "http://www.crunchbase.com/company/50-partners",
 "homepage_url": "http://www.50partners.fr",
 "blog_url": "",
 "blog_feed_url": "",
 "twitter_username": "50partners",
 "category_code": "finance",
 "number_of_employees": null,
 "founded_year": 2012,
 "founded_month": 7,
 "founded_day": null,
 "deadpooled_year": null,
 "deadpooled_month": null,
 "deadpooled_day": null,
 "deadpooled_url": null,
 "tag_list": "incubator, accelerator, venture, paris",
 "alias_list": null,
 "email_address": "contact@50partners.fr",
 "phone_number": "",
 "description": "Incubator funded by IT entrepreneurs",
 "created_at": "Thu Nov 21 09:09:21 UTC 2013",
 "updated_at": "Mon Feb 10 22:01:15 UTC 2014",
 "overview": "\u003Cp\u003E50 Partners is a French incubator funded by 50 successful IT entrepreneurs. \u003C/p\u003E\n\n\u003Cp\u003EWe provide startups with high-quality mentoring, financing, office space in central Paris, and special services from relevant companies in the ecosystem (VCs, Corporates, Media etc).\u003C/p\u003E\n\n\u003Cp\u003EEach year, only a few selected startups can benefit from one of the most comprehensive programs (18 months) with the best engaged mentors.\u003C/p\u003E",
 "image":
  {"available_sizes":
    [[[150,
       80],
      "http://api-images.crunchbase.com/assets/images/resized/0036/3155/363155v2-max-150x150.jpg"],
     [[250,
       133],
      "http://api-images.crunchbase.com/assets/images/resized/0036/3155/363155v2-max-250x250.jpg"],
     [[450,
       241],
      "http://api-images.crunchbase.com/assets/images/resized/0036/3155/363155v2-max-450x450.jpg"]],
   "attribution": null},
 "products":
  [],
 "relationships":
  [{"is_past": true,
    "title": "Manager",
    "person":
     {"first_name": "Jerome",
      "last_name": "Masurel",
      "permalink": "jerome-masurel"}},
   {"is_past": true,
    "title": "Manager",
    "person":
     {"first_name": "Kayla",
      "last_name": "Guiot-Bourg",
      "permalink": "kayla-guiot-bourg"}},
   {"is_past": true,
    "title": "Manager",
    "person":
     {"first_name": "Charles",
      "last_name": "Fourault",
      "permalink": "charles-fourault"}}],
 "competitions":
  [],
 "providerships":
  [],
 "total_money_raised": "$0",
 "funding_rounds":
  [{"id": 64186,
    "round_code": "seed",
    "source_url": "",
    "source_description": "",
    "raised_amount": null,
    "raised_currency_code": "USD",
    "funded_year": 2012,
    "funded_month": 2,
    "funded_day": null,
    "investments":
     [{"company": null,
       "financial_org":
        {"name": "White Star Capital",
         "permalink": "white-star-capital"},
       "person": null}]}],
 "investments":
  [],
 "acquisition": null,
 "acquisitions":
  [],
 "offices":
  [{"description": "Central Paris",
    "address1": "62 rue Jean Jacques Rousseau",
    "address2": "",
    "zip_code": "75001",
    "city": "Paris",
    "state_code": null,
    "country_code": "FRA",
    "latitude": null,
    "longitude": null}],
 "milestones":
  [],
 "ipo": null,
 "video_embeds":
  [{"embed_code": "\u003Ciframe width=\"430\" height=\"360\" src=\"//www.youtube.com/embed/IhuVr4GIXY0?feature=player_detailpage\" frameborder=\"0\" allowfullscreen\u003E\u003C/iframe\u003E",
    "description": "\u003Cp\u003E50 Partners - About \u003C/p\u003E"}],
 "screenshots":
  [],
 "external_links":
  [{"external_url": "http://business.lesechos.fr/entrepreneurs/aides-reseaux/10032536-50-partners-l-accelerateur-de-reseau-des-nouveaux-entrepreneurs-53771.php",
    "title": "Press sept 2013"},
   {"external_url": "http://www.youtube.com/watch?v=HdHlHN2IUUQ\u0026feature=youtu.be",
    "title": "Youtube Trailer"},
   {"external_url": "http://www.youtube.com/watch?v=Nq1HQGzbt8E",
    "title": "Conference sept 2013"},
   {"external_url": "http://viphttp.yacast.net/ateliernum/v5/an_493_191013/an_493_191013_05.mp3",
    "title": "Radio Podcast"}],
 "partners":
  []}
