{"name": "612 Checkout",
 "permalink": "612-checkout",
 "crunchbase_url": "http://www.crunchbase.com/company/612-checkout",
 "homepage_url": "http://www.612checkout.com",
 "blog_url": "",
 "blog_feed_url": "",
 "twitter_username": "612checkout",
 "category_code": "local",
 "number_of_employees": null,
 "founded_year": null,
 "founded_month": null,
 "founded_day": null,
 "deadpooled_year": null,
 "deadpooled_month": null,
 "deadpooled_day": null,
 "deadpooled_url": null,
 "tag_list": "retail, mobile, saas",
 "alias_list": "",
 "email_address": "",
 "phone_number": "",
 "description": "loyalty to local businesses",
 "created_at": "Thu Oct 24 10:06:59 UTC 2013",
 "updated_at": "Thu Oct 24 10:06:59 UTC 2013",
 "overview": "\u003Cp\u003E612 Checkout is a digital loyalty scheme. Lots of small businesses offer simple loyalty schemes to customers (e.g. collect 10 stamps and get a free cup of coffee). The problem is that customers often forget or lose their cards. Our solution is an app - as people always carry their phones. You can collect cards from all the businesses you frequent in one app and receive points each time you checkout. \u003C/p\u003E",
 "image":
  {"available_sizes":
    [[[150,
       150],
      "http://api-images.crunchbase.com/assets/images/resized/0034/7423/347423v1-max-150x150.png"],
     [[200,
       200],
      "http://api-images.crunchbase.com/assets/images/resized/0034/7423/347423v1-max-250x250.png"],
     [[200,
       200],
      "http://api-images.crunchbase.com/assets/images/resized/0034/7423/347423v1-max-450x450.png"]],
   "attribution": null},
 "products":
  [],
 "relationships":
  [{"is_past": false,
    "title": "Founder",
    "person":
     {"first_name": "Kieran",
      "last_name": "McGrady",
      "permalink": "kieran-mcgrady"}},
   {"is_past": false,
    "title": "Founder",
    "person":
     {"first_name": "Hugh",
      "last_name": "McGrady",
      "permalink": "hugh-mcgrady"}}],
 "competitions":
  [],
 "providerships":
  [],
 "total_money_raised": "$0",
 "funding_rounds":
  [],
 "investments":
  [],
 "acquisition": null,
 "acquisitions":
  [],
 "offices":
  [],
 "milestones":
  [],
 "ipo": null,
 "video_embeds":
  [],
 "screenshots":
  [{"available_sizes":
     [[[150,
        90],
       "http://api-images.crunchbase.com/assets/images/resized/0034/7422/347422v1-max-150x150.png"],
      [[250,
        150],
       "http://api-images.crunchbase.com/assets/images/resized/0034/7422/347422v1-max-250x250.png"],
      [[450,
        271],
       "http://api-images.crunchbase.com/assets/images/resized/0034/7422/347422v1-max-450x450.png"]],
    "attribution": null}],
 "external_links":
  [],
 "partners":
  [{"partner_name": "angel_list",
    "homepage_url": "http://www.612checkout.com",
    "link_1_url": "https://angel.co/612-checkout",
    "link_2_url": "https://angel.co/612-checkout?utc_source=crunchbase\u0026amp;utm_campaign=crunchbase\u0026amp;utm_content=fundraising\u0026amp;utm_medium=link\u0026amp;utm_term=612-checkout",
    "link_3_url": null,
    "link_1_name": "AngelList Page",
    "link_2_name": "Raising: $50K",
    "link_3_name": null}]}
