{"name": "7 Oaks Pharmaceutical",
 "permalink": "7-oaks-pharmaceutical",
 "crunchbase_url": "http://www.crunchbase.com/company/7-oaks-pharmaceutical",
 "homepage_url": "http://bensalhprx.com",
 "blog_url": "",
 "blog_feed_url": "",
 "twitter_username": null,
 "category_code": "biotech",
 "number_of_employees": null,
 "founded_year": 1997,
 "founded_month": null,
 "founded_day": null,
 "deadpooled_year": null,
 "deadpooled_month": null,
 "deadpooled_day": null,
 "deadpooled_url": null,
 "tag_list": "",
 "alias_list": "",
 "email_address": "info@7oakspharma.com",
 "phone_number": " (864) 850-1700",
 "description": "",
 "created_at": "Wed Oct 30 12:55:42 UTC 2013",
 "updated_at": "Wed Oct 30 12:55:41 UTC 2013",
 "overview": "\u003Cp\u003E7 Oaks Pharmaceutical Corp. manufactures and distributes diabetic wound care and bedsore ointments under brand name Bensal HP. The company was founded in 1997 and is based in Easley, South Carolina.\u003C/p\u003E",
 "image":
  {"available_sizes":
    [[[150,
       94],
      "http://api-images.crunchbase.com/assets/images/resized/0035/0811/350811v1-max-150x150.png"],
     [[250,
       158],
      "http://api-images.crunchbase.com/assets/images/resized/0035/0811/350811v1-max-250x250.png"],
     [[259,
       164],
      "http://api-images.crunchbase.com/assets/images/resized/0035/0811/350811v1-max-450x450.png"]],
   "attribution": null},
 "products":
  [],
 "relationships":
  [],
 "competitions":
  [],
 "providerships":
  [],
 "total_money_raised": "$1.61M",
 "funding_rounds":
  [{"id": 53245,
    "round_code": "partial",
    "source_url": "http://www.sec.gov/Archives/edgar/data/1521033/000152103311000001/xslFormDX01/primary_doc.xml",
    "source_description": "SEC",
    "raised_amount": 1613014.0,
    "raised_currency_code": "USD",
    "funded_year": 2011,
    "funded_month": 6,
    "funded_day": 6,
    "investments":
     []}],
 "investments":
  [],
 "acquisition": null,
 "acquisitions":
  [],
 "offices":
  [{"description": "",
    "address1": "161 Harry Stanley Dr",
    "address2": "",
    "zip_code": "29640",
    "city": "Easley",
    "state_code": "SC",
    "country_code": "USA",
    "latitude": null,
    "longitude": null}],
 "milestones":
  [],
 "ipo": null,
 "video_embeds":
  [],
 "screenshots":
  [{"available_sizes":
     [[[150,
        141],
       "http://api-images.crunchbase.com/assets/images/resized/0035/0810/350810v1-max-150x150.png"],
      [[250,
        235],
       "http://api-images.crunchbase.com/assets/images/resized/0035/0810/350810v1-max-250x250.png"],
      [[450,
        423],
       "http://api-images.crunchbase.com/assets/images/resized/0035/0810/350810v1-max-450x450.png"]],
    "attribution": null}],
 "external_links":
  [],
 "partners":
  []}
