{"name": "7mb Technologies",
 "permalink": "7mb-technologies",
 "crunchbase_url": "http://www.crunchbase.com/company/7mb-technologies",
 "homepage_url": null,
 "blog_url": "",
 "blog_feed_url": "",
 "twitter_username": null,
 "category_code": "software",
 "number_of_employees": null,
 "founded_year": 2013,
 "founded_month": null,
 "founded_day": null,
 "deadpooled_year": null,
 "deadpooled_month": null,
 "deadpooled_day": null,
 "deadpooled_url": null,
 "tag_list": "",
 "alias_list": "",
 "email_address": "",
 "phone_number": "612-834-8793",
 "description": "",
 "created_at": "Tue Oct 29 04:36:07 UTC 2013",
 "updated_at": "Mon Dec 23 09:53:51 UTC 2013",
 "overview": "\u003Cp\u003E7mb Technologies Corp operates in the technology industry. The company was incorporated in 2013 and is based in Stillwater, Minnesota.\u003C/p\u003E",
 "image": null,
 "products":
  [],
 "relationships":
  [{"is_past": false,
    "title": "President",
    "person":
     {"first_name": "David",
      "last_name": "L. Young",
      "permalink": "david-l-young"}}],
 "competitions":
  [],
 "providerships":
  [],
 "total_money_raised": "$350k",
 "funding_rounds":
  [{"id": 53051,
    "round_code": "partial",
    "source_url": "http://www.sec.gov/Archives/edgar/data/1590276/000159027613000002/xslFormDX01/primary_doc.xml",
    "source_description": "SEC",
    "raised_amount": 350075.0,
    "raised_currency_code": "USD",
    "funded_year": 2013,
    "funded_month": 10,
    "funded_day": 28,
    "investments":
     []}],
 "investments":
  [],
 "acquisition": null,
 "acquisitions":
  [{"price_amount": null,
    "price_currency_code": "USD",
    "term_code": "cash_and_stock",
    "source_url": "",
    "source_description": "",
    "acquired_year": 2013,
    "acquired_month": 10,
    "acquired_day": 14,
    "company":
     {"name": "THYME",
      "permalink": "thyme"}}],
 "offices":
  [{"description": "",
    "address1": "4111 Woodlawn Avenue N",
    "address2": "",
    "zip_code": "98103",
    "city": "Seattle",
    "state_code": "WA",
    "country_code": "USA",
    "latitude": null,
    "longitude": null}],
 "milestones":
  [],
 "ipo": null,
 "video_embeds":
  [],
 "screenshots":
  [],
 "external_links":
  [],
 "partners":
  []}
