{"name": "7TM Pharma",
 "permalink": "7tm-pharma",
 "crunchbase_url": "http://www.crunchbase.com/company/7tm-pharma",
 "homepage_url": null,
 "blog_url": null,
 "blog_feed_url": null,
 "twitter_username": null,
 "category_code": null,
 "number_of_employees": null,
 "founded_year": null,
 "founded_month": null,
 "founded_day": null,
 "deadpooled_year": null,
 "deadpooled_month": null,
 "deadpooled_day": null,
 "deadpooled_url": null,
 "tag_list": null,
 "alias_list": null,
 "email_address": null,
 "phone_number": null,
 "description": null,
 "created_at": "Sat Dec 07 01:31:45 UTC 2013",
 "updated_at": "Sat Dec 07 01:31:45 UTC 2013",
 "overview": null,
 "image": null,
 "products":
  [],
 "relationships":
  [{"is_past": false,
    "title": "Board of Directors",
    "person":
     {"first_name": "S\u00f8ren",
      "last_name": "Carlsen",
      "permalink": "sren-carlsen"}},
   {"is_past": false,
    "title": "Board Observer",
    "person":
     {"first_name": "Hans",
      "last_name": "Kupper",
      "permalink": "hans-kupper"}},
   {"is_past": true,
    "title": "Founder and CEO",
    "person":
     {"first_name": "Mette",
      "last_name": "Kirstine Agger",
      "permalink": "mette-kirstine-agger"}}],
 "competitions":
  [],
 "providerships":
  [],
 "total_money_raised": "$0",
 "funding_rounds":
  [],
 "investments":
  [],
 "acquisition": null,
 "acquisitions":
  [],
 "offices":
  [],
 "milestones":
  [],
 "ipo": null,
 "video_embeds":
  [],
 "screenshots":
  [],
 "external_links":
  [],
 "partners":
  []}
