{"name": "90sec Technologies",
 "permalink": "90sec-technologies",
 "crunchbase_url": "http://www.crunchbase.com/company/90sec-technologies",
 "homepage_url": "http://www.90sec.me",
 "blog_url": "http://90sec-app-blog.tumblr.com",
 "blog_feed_url": "",
 "twitter_username": "90sec_app",
 "category_code": "social",
 "number_of_employees": 5,
 "founded_year": 2013,
 "founded_month": 6,
 "founded_day": 30,
 "deadpooled_year": null,
 "deadpooled_month": null,
 "deadpooled_day": null,
 "deadpooled_url": null,
 "tag_list": "social, app, mobile, second-screen, engagement, questions, tv, live",
 "alias_list": null,
 "email_address": "meidadby@90sec.me",
 "phone_number": "97236484690",
 "description": "developing '90sec' mobile app",
 "created_at": "Thu Nov 21 14:58:10 UTC 2013",
 "updated_at": "Sat Feb 15 20:48:28 UTC 2014",
 "overview": "\u003Cp\u003E90sec Technologies is the company developing the \u0026#8217;90sec\u0026#8217; mobile app, launched in November 2013.\nThe basic idea behind 90sec is to enable users to ask their followers any \u0026#8217;90sec question\u0026#8217; and receive results in 90 seconds from posting the question.\u003C/p\u003E\n\n\u003Cp\u003EA \u0026#8217;90sec question\u0026#8217; is a multiple choice question, combined with text and image, and up to four choice options, which the follower receives by a push notification and needs just to tap on the \u0026#8220;my choice\u0026#8221; button of his favorite answer. After tapping their replies, all followers are waiting to view results together, once the 90 seconds timer is done.\u003C/p\u003E\n\n\u003Cp\u003E90sec is a social app born to assist the user in any daily task and decision making process, but holds benefits to professionals such as Brands (engagement with their clients / fans), TV Shows (second screen solution to involve viewers in the live show) and more.\u003C/p\u003E\n\n\u003Cp\u003EAlong with 90sec app comes a control platform to enable 90sec users to manage their app usage from the PC, to get statistical information regarding their questions and choice options, to send branded 90sec questions and more. \u003C/p\u003E",
 "image":
  {"available_sizes":
    [[[100,
       150],
      "http://api-images.crunchbase.com/assets/images/resized/0036/3473/363473v2-max-150x150.png"],
     [[166,
       250],
      "http://api-images.crunchbase.com/assets/images/resized/0036/3473/363473v2-max-250x250.png"],
     [[300,
       450],
      "http://api-images.crunchbase.com/assets/images/resized/0036/3473/363473v2-max-450x450.png"]],
   "attribution": null},
 "products":
  [],
 "relationships":
  [{"is_past": false,
    "title": "CEO",
    "person":
     {"first_name": "Meidad",
      "last_name": "Ben Yochanan",
      "permalink": "meidad-ben-yochanan"}},
   {"is_past": false,
    "title": "CTO",
    "person":
     {"first_name": "Herve",
      "last_name": "Bansay",
      "permalink": "herve-bansay"}},
   {"is_past": false,
    "title": "Creative Director",
    "person":
     {"first_name": "Amit",
      "last_name": "Eisen",
      "permalink": "amit-eisen"}}],
 "competitions":
  [],
 "providerships":
  [],
 "total_money_raised": "$100k",
 "funding_rounds":
  [{"id": 55596,
    "round_code": "angel",
    "source_url": "",
    "source_description": "",
    "raised_amount": 100000.0,
    "raised_currency_code": "USD",
    "funded_year": 2013,
    "funded_month": 9,
    "funded_day": null,
    "investments":
     []}],
 "investments":
  [],
 "acquisition": null,
 "acquisitions":
  [],
 "offices":
  [{"description": "",
    "address1": "6 Rotchild blvd",
    "address2": "",
    "zip_code": "",
    "city": "Tel Aviv",
    "state_code": null,
    "country_code": "ISR",
    "latitude": null,
    "longitude": null}],
 "milestones":
  [{"id": 44274,
    "description": "90sec mobile app has been launched to the google play store and apple app store",
    "stoned_year": 2013,
    "stoned_month": 11,
    "stoned_day": 20,
    "source_url": "https://play.google.com/store/apps/details?id=com.beatman.ninetysec\u0026hl=en",
    "source_text": null,
    "source_description": "google play store",
    "stoneable_type": "Company",
    "stoned_value": null,
    "stoned_value_type": null,
    "stoned_acquirer": null,
    "stoneable":
     {"name": "90sec Technologies",
      "permalink": "90sec-technologies"}}],
 "ipo": null,
 "video_embeds":
  [{"embed_code": "\u003Ciframe width=\"430\" height=\"280\" src=\"//www.youtube.com/embed/Cj8oOhbTYME\" frameborder=\"0\" allowfullscreen\u003E\u003C/iframe\u003E",
    "description": ""}],
 "screenshots":
  [{"available_sizes":
     [[[100,
        150],
       "http://api-images.crunchbase.com/assets/images/resized/0036/5867/365867v2-max-150x150.png"],
      [[166,
        250],
       "http://api-images.crunchbase.com/assets/images/resized/0036/5867/365867v2-max-250x250.png"],
      [[300,
        450],
       "http://api-images.crunchbase.com/assets/images/resized/0036/5867/365867v2-max-450x450.png"]],
    "attribution": null},
   {"available_sizes":
     [[[100,
        150],
       "http://api-images.crunchbase.com/assets/images/resized/0036/5868/365868v2-max-150x150.png"],
      [[166,
        250],
       "http://api-images.crunchbase.com/assets/images/resized/0036/5868/365868v2-max-250x250.png"],
      [[300,
        450],
       "http://api-images.crunchbase.com/assets/images/resized/0036/5868/365868v2-max-450x450.png"]],
    "attribution": null},
   {"available_sizes":
     [[[100,
        150],
       "http://api-images.crunchbase.com/assets/images/resized/0036/5869/365869v2-max-150x150.png"],
      [[166,
        250],
       "http://api-images.crunchbase.com/assets/images/resized/0036/5869/365869v2-max-250x250.png"],
      [[300,
        450],
       "http://api-images.crunchbase.com/assets/images/resized/0036/5869/365869v2-max-450x450.png"]],
    "attribution": null},
   {"available_sizes":
     [[[100,
        150],
       "http://api-images.crunchbase.com/assets/images/resized/0036/5870/365870v2-max-150x150.jpg"],
      [[166,
        250],
       "http://api-images.crunchbase.com/assets/images/resized/0036/5870/365870v2-max-250x250.jpg"],
      [[300,
        450],
       "http://api-images.crunchbase.com/assets/images/resized/0036/5870/365870v2-max-450x450.jpg"]],
    "attribution": null},
   {"available_sizes":
     [[[100,
        150],
       "http://api-images.crunchbase.com/assets/images/resized/0041/4428/414428v2-max-150x150.jpg"],
      [[166,
        250],
       "http://api-images.crunchbase.com/assets/images/resized/0041/4428/414428v2-max-250x250.jpg"],
      [[300,
        450],
       "http://api-images.crunchbase.com/assets/images/resized/0041/4428/414428v2-max-450x450.jpg"]],
    "attribution": null}],
 "external_links":
  [],
 "partners":
  []}
