{"name": "99Scholars",
 "permalink": "99scholars",
 "crunchbase_url": "http://www.crunchbase.com/company/99scholars",
 "homepage_url": "http://www.99scholars.net",
 "blog_url": "",
 "blog_feed_url": "",
 "twitter_username": "99scholars",
 "category_code": "education",
 "number_of_employees": 2,
 "founded_year": 2013,
 "founded_month": 9,
 "founded_day": null,
 "deadpooled_year": null,
 "deadpooled_month": null,
 "deadpooled_day": null,
 "deadpooled_url": null,
 "tag_list": "event, education, conferences, researchers",
 "alias_list": null,
 "email_address": "patrick@99scholars.net",
 "phone_number": "",
 "description": "Eventbrite for academic conferences",
 "created_at": "Sat Nov 23 01:25:09 UTC 2013",
 "updated_at": "Tue Nov 26 10:02:36 UTC 2013",
 "overview": "\u003Cp\u003E99Scholars is an event platform for academic researchers with social networking elements. Academic organizations always find it hard to promote their conferences and seminars to a wider audience.  Most of the time they do not have enough participants joining their events as speakers or audiences. At the same time, they spent a lot of time and human resources on handling the logistics, registration and financial matter. Our platform aims to foster academic collaboration and help conference organizers to spend less effort and have more participants attending their events. Moreover, we will provide a payment gateway for conference attendees to register through our platform. Presenters can post videos, photos and related files in their seminar page. Audience can save the events in their personalized calendar and they can post questions related to the presentation topic. There is also an attendee list where participants can see who else are going to the conference as well as their academic profile, so there are more motivations for them to attend those events if they know that some famous researchers are attending those events as well.\u003C/p\u003E",
 "image":
  {"available_sizes":
    [[[150,
       150],
      "http://api-images.crunchbase.com/assets/images/resized/0036/5556/365556v2-max-150x150.jpg"],
     [[180,
       180],
      "http://api-images.crunchbase.com/assets/images/resized/0036/5556/365556v2-max-250x250.jpg"],
     [[180,
       180],
      "http://api-images.crunchbase.com/assets/images/resized/0036/5556/365556v2-max-450x450.jpg"]],
   "attribution": null},
 "products":
  [],
 "relationships":
  [],
 "competitions":
  [{"competitor":
     {"name": "Eventbrite",
      "permalink": "eventbrite"}},
   {"competitor":
     {"name": "Academia.edu",
      "permalink": "academia-edu"}},
   {"competitor":
     {"name": "ResearchGate",
      "permalink": "researchgate"}},
   {"competitor":
     {"name": "Lanyrd",
      "permalink": "lanyrd"}},
   {"competitor":
     {"name": "ConferenceAlert",
      "permalink": "conferencealert"}}],
 "providerships":
  [],
 "total_money_raised": "$0",
 "funding_rounds":
  [],
 "investments":
  [],
 "acquisition": null,
 "acquisitions":
  [],
 "offices":
  [],
 "milestones":
  [],
 "ipo": null,
 "video_embeds":
  [],
 "screenshots":
  [],
 "external_links":
  [],
 "partners":
  []}
