{"name": "9BLISS",
 "permalink": "9bliss",
 "crunchbase_url": "http://www.crunchbase.com/company/9bliss",
 "homepage_url": null,
 "blog_url": null,
 "blog_feed_url": null,
 "twitter_username": null,
 "category_code": null,
 "number_of_employees": null,
 "founded_year": null,
 "founded_month": null,
 "founded_day": null,
 "deadpooled_year": null,
 "deadpooled_month": null,
 "deadpooled_day": null,
 "deadpooled_url": null,
 "tag_list": "",
 "alias_list": null,
 "email_address": null,
 "phone_number": null,
 "description": null,
 "created_at": "Thu Nov 07 16:16:23 UTC 2013",
 "updated_at": "Tue Nov 19 04:06:50 UTC 2013",
 "overview": "\u003Cp\u003E9BLISS is the daily newsletter for pregnant women, covering what\u0026#8217;s new, notable and necessary for nine months of bliss. \u003C/p\u003E\n\n\u003Cp\u003EFrom food to fashion to just plain fun, 9BLISS reports on everything pregnant women need to know now and delivers  coverage straight to their inboxes.\u003C/p\u003E",
 "image": null,
 "products":
  [],
 "relationships":
  [{"is_past": false,
    "title": "Founder",
    "person":
     {"first_name": "Abby",
      "last_name": "Vorobeychik",
      "permalink": "abby-vorobeychik"}}],
 "competitions":
  [],
 "providerships":
  [],
 "total_money_raised": "$0",
 "funding_rounds":
  [],
 "investments":
  [],
 "acquisition": null,
 "acquisitions":
  [],
 "offices":
  [],
 "milestones":
  [],
 "ipo": null,
 "video_embeds":
  [],
 "screenshots":
  [],
 "external_links":
  [],
 "partners":
  []}
