{"name": "9Mile Labs",
 "permalink": "9mile-labs",
 "crunchbase_url": "http://www.crunchbase.com/company/9mile-labs",
 "homepage_url": "http://9milelabs.com",
 "blog_url": "http://www.9milelabs.com/blog/",
 "blog_feed_url": "",
 "twitter_username": "9MileLabs",
 "category_code": "other",
 "number_of_employees": null,
 "founded_year": 2013,
 "founded_month": null,
 "founded_day": null,
 "deadpooled_year": null,
 "deadpooled_month": null,
 "deadpooled_day": null,
 "deadpooled_url": null,
 "tag_list": "",
 "alias_list": "",
 "email_address": "",
 "phone_number": "",
 "description": "",
 "created_at": "Tue Nov 05 05:54:10 UTC 2013",
 "updated_at": "Fri Feb 21 00:37:53 UTC 2014",
 "overview": "\u003Cp\u003E9Mile Labs is a B2B high-tech startup accelerator based in Seattle, WA. 9Mile Labs offers workspace, funding, and a group of mentors and advisors to help entrepreneurs make the right decisions and connections to take startup ideas to success. 9Mile Labs has recruited a brilliant set of mentors who are driven to help propel the startups in the program to the next level.\u003C/p\u003E",
 "image":
  {"available_sizes":
    [[[60,
       60],
      "http://api-images.crunchbase.com/assets/images/resized/0035/3216/353216v1-max-150x150.png"],
     [[60,
       60],
      "http://api-images.crunchbase.com/assets/images/resized/0035/3216/353216v1-max-250x250.png"],
     [[60,
       60],
      "http://api-images.crunchbase.com/assets/images/resized/0035/3216/353216v1-max-450x450.png"]],
   "attribution": null},
 "products":
  [],
 "relationships":
  [{"is_past": false,
    "title": "Partner",
    "person":
     {"first_name": "Kevin",
      "last_name": "Croy",
      "permalink": "kevin-croy"}},
   {"is_past": false,
    "title": "Partner",
    "person":
     {"first_name": "Sanjay",
      "last_name": "Puri",
      "permalink": "sanjay-puri"}},
   {"is_past": false,
    "title": "Partner",
    "person":
     {"first_name": "Tom",
      "last_name": "Casey",
      "permalink": "tom-casey-2"}},
   {"is_past": false,
    "title": "Partner",
    "person":
     {"first_name": "Sandy",
      "last_name": "Sharma",
      "permalink": "sandy-sharma"}},
   {"is_past": false,
    "title": "Partner",
    "person":
     {"first_name": "Enrique",
      "last_name": "Godreau III",
      "permalink": "enrique-godreau-iii"}}],
 "competitions":
  [],
 "providerships":
  [],
 "total_money_raised": "$900k",
 "funding_rounds":
  [{"id": 53808,
    "round_code": "seed",
    "source_url": "http://www.geekwire.com/2013/b2b-incubator-9mile-labs-raises-900000-boosts-individual-startup-investments-35000/?utm_source=feedburner\u0026utm_medium=twitter\u0026utm_campaign=Feed%3A+geekwire+%28GeekWire%29",
    "source_description": "B2B incubator 9Mile raises $900,000 to boost individual startup investments",
    "raised_amount": 900000.0,
    "raised_currency_code": "USD",
    "funded_year": 2013,
    "funded_month": 11,
    "funded_day": 4,
    "investments":
     [{"company": null,
       "financial_org": null,
       "person":
        {"first_name": "Rudy",
         "last_name": "Gadre",
         "permalink": "rudy-gadre"}}]}],
 "investments":
  [],
 "acquisition": null,
 "acquisitions":
  [],
 "offices":
  [{"description": "",
    "address1": "821 2nd Ave",
    "address2": "Suite 800",
    "zip_code": "98104",
    "city": "Seattle",
    "state_code": "WA",
    "country_code": "USA",
    "latitude": null,
    "longitude": null}],
 "milestones":
  [],
 "ipo": null,
 "video_embeds":
  [],
 "screenshots":
  [{"available_sizes":
     [[[150,
        84],
       "http://api-images.crunchbase.com/assets/images/resized/0035/3215/353215v1-max-150x150.png"],
      [[250,
        141],
       "http://api-images.crunchbase.com/assets/images/resized/0035/3215/353215v1-max-250x250.png"],
      [[450,
        253],
       "http://api-images.crunchbase.com/assets/images/resized/0035/3215/353215v1-max-450x450.png"]],
    "attribution": null}],
 "external_links":
  [],
 "partners":
  []}
