{"name": "A \u0026 B Siding \u0026 Roofing",
 "permalink": "a-b-siding-roofing",
 "crunchbase_url": "http://www.crunchbase.com/company/a-b-siding-roofing",
 "homepage_url": "http://ANBSR.com",
 "blog_url": "http://www.anbsr.com/category/blog/",
 "blog_feed_url": "",
 "twitter_username": null,
 "category_code": "local",
 "number_of_employees": null,
 "founded_year": 1979,
 "founded_month": null,
 "founded_day": null,
 "deadpooled_year": null,
 "deadpooled_month": null,
 "deadpooled_day": null,
 "deadpooled_url": null,
 "tag_list": "",
 "alias_list": "",
 "email_address": "clint@wowllc-nc.com",
 "phone_number": "877-446-0255",
 "description": "Roofing",
 "created_at": "Wed Nov 06 13:57:39 UTC 2013",
 "updated_at": "Thu Mar 20 12:56:29 UTC 2014",
 "overview": "\u003Cp\u003EFounded in 1979, A \u0026amp; B Siding \u0026amp; Roofing provides homeowners throughout North Carolina with a full range of home improvement services. We are a second-generation family business, and we work on our customers\u2019 homes as if they belonged to our own family. We strive to make our clients feel comfortable and stress-free when working on their homes, always keeping a courteous, professional attitude.\u003C/p\u003E",
 "image":
  {"available_sizes":
    [[[150,
       74],
      "http://api-images.crunchbase.com/assets/images/resized/0043/8687/438687v1-max-150x150.png"],
     [[250,
       124],
      "http://api-images.crunchbase.com/assets/images/resized/0043/8687/438687v1-max-250x250.png"],
     [[252,
       125],
      "http://api-images.crunchbase.com/assets/images/resized/0043/8687/438687v1-max-450x450.png"]],
   "attribution": null},
 "products":
  [],
 "relationships":
  [],
 "competitions":
  [],
 "providerships":
  [],
 "total_money_raised": "$0",
 "funding_rounds":
  [],
 "investments":
  [],
 "acquisition": null,
 "acquisitions":
  [],
 "offices":
  [{"description": "",
    "address1": "",
    "address2": "1713-C Malone Rd",
    "zip_code": "27215",
    "city": "Burlington",
    "state_code": "NC",
    "country_code": "USA",
    "latitude": null,
    "longitude": null}],
 "milestones":
  [],
 "ipo": null,
 "video_embeds":
  [],
 "screenshots":
  [{"available_sizes":
     [[[150,
        108],
       "http://api-images.crunchbase.com/assets/images/resized/0043/8688/438688v1-max-150x150.png"],
      [[250,
        180],
       "http://api-images.crunchbase.com/assets/images/resized/0043/8688/438688v1-max-250x250.png"],
      [[450,
        324],
       "http://api-images.crunchbase.com/assets/images/resized/0043/8688/438688v1-max-450x450.png"]],
    "attribution": null}],
 "external_links":
  [{"external_url": "http://chaitanyafoundations.com/current-karpagam.html",
    "title": "Flat Promoters Chennai"},
   {"external_url": "http://chaitanyafoundations.com/current-projects.html",
    "title": "Luxury Home Builders Chennai"},
   {"external_url": "http://chaitanyafoundations.com/current-windflower.html",
    "title": "Property Developers Chennai"},
   {"external_url": "http://chaitanyafoundations.com/floor-plan-excellence.html",
    "title": "Floor Plan Excellence Residential Apartments Chennai"},
   {"external_url": "http://www.talhunt.co.in/training/software-programming/java-j2ee-training-chennai.php",
    "title": "Best Java J2Ee Training Institutes in Chennai"},
   {"external_url": "http://www.talhunt.co.in/training/linux-training-chennai.php",
    "title": "Best Linux Training Institutes in Chennai"},
   {"external_url": "http://www.talhunt.co.in/training/web-designing/lamp-training-chennai.php",
    "title": "Best Lamp Training Institutes in Chennai"},
   {"external_url": "http://www.talhunt.co.in/services/corporate-training/corporate-training.php",
    "title": "Best Corporate Training Services in Chennai Tnagar Thiruvanmiyur"},
   {"external_url": "http://www.talhunt.co.in/training/web-designing/php-mysql-training-chennai.php",
    "title": "Best Php Mysql Training Institutes in Chennai"},
   {"external_url": "http://www.mydentalplanet.com/online-appointment",
    "title": "Dentists In Mysore"},
   {"external_url": "http://www.mydentalplanet.com/photo-gallery",
    "title": "Dental Gum Treatment"},
   {"external_url": "http://www.mydentalplanet.com/promotions",
    "title": "Root Canal Treatment In Mysore, Best Dental Clinic Mysore"},
   {"external_url": "http://www.mydentalplanet.com/queries",
    "title": "Dental Surgeons Doctors In Mysore"},
   {"external_url": "http://www.mydentalplanet.com/treatments-offered",
    "title": "Orthodontists In Mysore, Endodontists In Mysore, Implant Dentist In Mysore"},
   {"external_url": "http://chaitanyafoundations.com/future-projects.html",
    "title": "Construction Companies In Chennai"},
   {"external_url": "http://chaitanyafoundations.com/green-design.html",
    "title": "Green Design Residential Builders In Chennai"},
   {"external_url": "http://chaitanyafoundations.com/index.html",
    "title": "Builders And Developers In Chennai | Duplex Apartments In Chennai  | Chennai Property Developers "},
   {"external_url": "http://chaitanyafoundations.com/location-selection.html",
    "title": "Top Builders In Chennai  | Location Selection"},
   {"external_url": "http://www.talhunt.co.in/placement-training-centres-chennai.php",
    "title": "Best Placement Traning Services in Chennai Tnagar Thiruvanmiyur"},
   {"external_url": "http://www.talhunt.co.in/training/software-programming/python-training-chennai.php",
    "title": "Best Python Training Institutes in Chennai Tnagar Thiruvanmiyur"},
   {"external_url": "http://www.talhunt.co.in/training/database/sql-training-chennai.php",
    "title": "Best Sql Training Institutes in Chennai Tnagar Thiruvanmiyur"},
   {"external_url": "http://www.talhunt.co.in/training/software-testing-training-chennai.php",
    "title": "Best Software Testing Training Institutes in Chennai Tnagar Thiruvanmiyur"},
   {"external_url": "http://www.nitestay.com/featureDeal.php",
    "title": "Hotel Deals Nigeria"},
   {"external_url": "http://nitestay.com/",
    "title": "Hotels in Nigeria"},
   {"external_url": "http://nitestay.com/shopping-break",
    "title": "Shopping Malls in Nigeria"},
   {"external_url": "http://nitestay.com/hotellist/hotels-in-Enugu",
    "title": "Best Hotels in Enugu"},
   {"external_url": "http://nitestay.com/hotel/De-Renaissance-Hotel-Lagos",
    "title": "Hotels in Lagos"}],
 "partners":
  []}
