{"name": "A.R.Z Group Inc",
 "permalink": "a-r-z-group-inc",
 "crunchbase_url": "http://www.crunchbase.com/company/a-r-z-group-inc",
 "homepage_url": "http://www.arzshop.com",
 "blog_url": "http://blog.arzshop.com/",
 "blog_feed_url": "",
 "twitter_username": "arzshop",
 "category_code": "fashion",
 "number_of_employees": null,
 "founded_year": null,
 "founded_month": null,
 "founded_day": null,
 "deadpooled_year": null,
 "deadpooled_month": null,
 "deadpooled_day": null,
 "deadpooled_url": null,
 "tag_list": "silver-jewellery, sterling-silver-rings, 925-sterling-silver, fashion-jewellery, fashion-jewelry",
 "alias_list": null,
 "email_address": "directories@arzshop.com",
 "phone_number": "888-490-6290",
 "description": "A.R.Z Steel Bracelets \u2013 A.R.Z SHOP",
 "created_at": "Mon Nov 18 10:05:07 UTC 2013",
 "updated_at": "Tue Nov 19 01:06:28 UTC 2013",
 "overview": "\u003Cp\u003EBeautiful crystal jewelery for men and women. Get latest stainless steel rings, steel bracelet for men. Also find good variety of beautiful bracelets, necklaces, pendents and rings for women.\u003C/p\u003E",
 "image":
  {"available_sizes":
    [[[150,
       75],
      "http://api-images.crunchbase.com/assets/images/resized/0036/1003/361003v2-max-150x150.jpg"],
     [[250,
       125],
      "http://api-images.crunchbase.com/assets/images/resized/0036/1003/361003v2-max-250x250.jpg"],
     [[260,
       130],
      "http://api-images.crunchbase.com/assets/images/resized/0036/1003/361003v2-max-450x450.jpg"]],
   "attribution": null},
 "products":
  [],
 "relationships":
  [],
 "competitions":
  [],
 "providerships":
  [],
 "total_money_raised": "$0",
 "funding_rounds":
  [],
 "investments":
  [],
 "acquisition": null,
 "acquisitions":
  [],
 "offices":
  [{"description": "office in canada",
    "address1": "P.O BOX 39022 CP SAINT-ALEXANDRE",
    "address2": "",
    "zip_code": "H3B0B2",
    "city": "Quebec",
    "state_code": null,
    "country_code": "CAN",
    "latitude": null,
    "longitude": null}],
 "milestones":
  [],
 "ipo": null,
 "video_embeds":
  [],
 "screenshots":
  [],
 "external_links":
  [],
 "partners":
  []}
