{"name": "A-Vu Media",
 "permalink": "a-vu-media",
 "crunchbase_url": "http://www.crunchbase.com/company/a-vu-media",
 "homepage_url": "http://www.avumedia.com",
 "blog_url": "",
 "blog_feed_url": "",
 "twitter_username": null,
 "category_code": "health",
 "number_of_employees": null,
 "founded_year": null,
 "founded_month": null,
 "founded_day": null,
 "deadpooled_year": null,
 "deadpooled_month": null,
 "deadpooled_day": null,
 "deadpooled_url": null,
 "tag_list": "",
 "alias_list": "",
 "email_address": "info@avumedia.com",
 "phone_number": " 612-839-2329",
 "description": "",
 "created_at": "Mon Nov 25 11:06:29 UTC 2013",
 "updated_at": "Mon Nov 25 11:10:34 UTC 2013",
 "overview": "\u003Cp\u003EA-Vu Media is the brainchild of its founder and CEO, John Goodman.  His tireless pursuit of a way to enrich the lives of seniors by giving them access to all the possibilities of complex multimedia services while keeping the user interface simple, led to multiple opportunities to develop mutimedia technology not only for the home, but also for clinic based telemedicine services serving patients in nursing homes, assisted living facilities, public housing, public \u0026amp; private schools and rural satellite clinics. A-Vu Media continues to grow by partnering with healthcare providers and broadband service companies to serve the related access needs of seniors and disabled citizens.\u003C/p\u003E",
 "image":
  {"available_sizes":
    [[[150,
       38],
      "http://api-images.crunchbase.com/assets/images/resized/0036/5203/365203v1-max-150x150.jpg"],
     [[250,
       64],
      "http://api-images.crunchbase.com/assets/images/resized/0036/5203/365203v1-max-250x250.jpg"],
     [[367,
       94],
      "http://api-images.crunchbase.com/assets/images/resized/0036/5203/365203v1-max-450x450.jpg"]],
   "attribution": null},
 "products":
  [],
 "relationships":
  [{"is_past": false,
    "title": "CEO\u0026President",
    "person":
     {"first_name": "John",
      "last_name": "Goodman",
      "permalink": "john-goodman-3"}},
   {"is_past": false,
    "title": "Board Chairman",
    "person":
     {"first_name": "Steve",
      "last_name": "Coleman",
      "permalink": "steve-coleman"}},
   {"is_past": false,
    "title": "Director",
    "person":
     {"first_name": "John",
      "last_name": "Horty",
      "permalink": "john-horty"}}],
 "competitions":
  [],
 "providerships":
  [],
 "total_money_raised": "$250k",
 "funding_rounds":
  [{"id": 55893,
    "round_code": "unattributed",
    "source_url": "http://www.sec.gov/Archives/edgar/data/1513732/000151373211000001/xslFormDX01/primary_doc.xml",
    "source_description": "SEC",
    "raised_amount": 250000.0,
    "raised_currency_code": "USD",
    "funded_year": 2011,
    "funded_month": 3,
    "funded_day": 7,
    "investments":
     []}],
 "investments":
  [],
 "acquisition": null,
 "acquisitions":
  [],
 "offices":
  [{"description": "",
    "address1": "16841 Creek Ridge Trail",
    "address2": "",
    "zip_code": "55345",
    "city": "Minnetonka",
    "state_code": "MN",
    "country_code": "USA",
    "latitude": null,
    "longitude": null}],
 "milestones":
  [],
 "ipo": null,
 "video_embeds":
  [],
 "screenshots":
  [{"available_sizes":
     [[[150,
        75],
       "http://api-images.crunchbase.com/assets/images/resized/0036/5199/365199v1-max-150x150.jpg"],
      [[250,
        125],
       "http://api-images.crunchbase.com/assets/images/resized/0036/5199/365199v1-max-250x250.jpg"],
      [[450,
        226],
       "http://api-images.crunchbase.com/assets/images/resized/0036/5199/365199v1-max-450x450.jpg"]],
    "attribution": null}],
 "external_links":
  [],
 "partners":
  []}
