{"name": "A2e Technologies",
 "permalink": "a2e-technologies",
 "crunchbase_url": "http://www.crunchbase.com/company/a2e-technologies",
 "homepage_url": "http://a2etechnologies.com",
 "blog_url": "",
 "blog_feed_url": "",
 "twitter_username": null,
 "category_code": "consulting",
 "number_of_employees": 50,
 "founded_year": 2003,
 "founded_month": 12,
 "founded_day": 1,
 "deadpooled_year": null,
 "deadpooled_month": null,
 "deadpooled_day": null,
 "deadpooled_url": null,
 "tag_list": "embedded, technology, hardware, fpga, firmware, consultants, engineering",
 "alias_list": null,
 "email_address": "sales@a2etechnologies.com",
 "phone_number": "858-560-6600",
 "description": "Embedded Design Services",
 "created_at": "Thu Oct 17 22:27:45 UTC 2013",
 "updated_at": "Thu Oct 17 22:36:02 UTC 2013",
 "overview": "\u003Cp\u003EWe design custom electronic products.\u003C/p\u003E\n\n\u003Cp\u003EA2e Technologies is a Custom Electronics Design Services (EDS) firm. As one of the top Product Design Companies in the industry, we provide embedded systems and electronic product design consulting services as well as full turnkey product development through our multiple design centers. \u003C/p\u003E\n\n\u003Cp\u003EWe provide everything you need to develop your embedded technology based product or system.\u003C/p\u003E",
 "image":
  {"available_sizes":
    [[[144,
       150],
      "http://api-images.crunchbase.com/assets/images/resized/0034/3834/343834v2-max-150x150.jpg"],
     [[241,
       250],
      "http://api-images.crunchbase.com/assets/images/resized/0034/3834/343834v2-max-250x250.jpg"],
     [[432,
       447],
      "http://api-images.crunchbase.com/assets/images/resized/0034/3834/343834v2-max-450x450.jpg"]],
   "attribution": null},
 "products":
  [],
 "relationships":
  [],
 "competitions":
  [],
 "providerships":
  [],
 "total_money_raised": "$0",
 "funding_rounds":
  [],
 "investments":
  [],
 "acquisition": null,
 "acquisitions":
  [],
 "offices":
  [{"description": "Corporate",
    "address1": "7585 Ronson Rd",
    "address2": "Suite 102",
    "zip_code": "9211",
    "city": "San Diego",
    "state_code": "CA",
    "country_code": "USA",
    "latitude": null,
    "longitude": null},
   {"description": "Boston Design Center",
    "address1": "155 Middlesex Turnpike",
    "address2": "",
    "zip_code": "01803",
    "city": "Burlington",
    "state_code": "MA",
    "country_code": "USA",
    "latitude": null,
    "longitude": null},
   {"description": "Mexico Design Center",
    "address1": "",
    "address2": "",
    "zip_code": "",
    "city": "Guadalajara",
    "state_code": null,
    "country_code": "MEX",
    "latitude": null,
    "longitude": null}],
 "milestones":
  [],
 "ipo": null,
 "video_embeds":
  [],
 "screenshots":
  [],
 "external_links":
  [],
 "partners":
  []}
