{"name": "Aarden Pharmaceuticals",
 "permalink": "aarden-pharmaceuticals",
 "crunchbase_url": "http://www.crunchbase.com/company/aarden-pharmaceuticals",
 "homepage_url": "http://aardenpharma.com",
 "blog_url": "",
 "blog_feed_url": "",
 "twitter_username": null,
 "category_code": "biotech",
 "number_of_employees": null,
 "founded_year": 2008,
 "founded_month": null,
 "founded_day": null,
 "deadpooled_year": 2013,
 "deadpooled_month": 12,
 "deadpooled_day": null,
 "deadpooled_url": "",
 "tag_list": "",
 "alias_list": "",
 "email_address": "",
 "phone_number": "317-690-2453",
 "description": "",
 "created_at": "Thu Nov 28 06:15:36 UTC 2013",
 "updated_at": "Mon Feb 03 20:00:50 UTC 2014",
 "overview": "\u003Cp\u003EAarden Pharmaceuticals, Inc. operates as a small molecule drug discovery and development company. It develops drugs targeting the phosphatase family of proteins with emphasis on protein tyrosine phosphatases that catalyze the removal of phosphate groups from tyrosine residues of proteins and play key roles along with the tyrosine kinases in various signal transduction pathways. The company\u2019s drug programs focus on infectious diseases, cancer, metabolic, and autoimmune therapeutic areas. Aarden Pharmaceuticals, Inc. was founded in 2008 and is headquartered in Indianapolis, Indiana.\u003C/p\u003E",
 "image": null,
 "products":
  [],
 "relationships":
  [{"is_past": false,
    "title": "Co-Founder and Director",
    "person":
     {"first_name": "Zhong-Yin",
      "last_name": "Zhang",
      "permalink": "zhong-yin-zhang"}},
   {"is_past": false,
    "title": "Co-Founder and Director",
    "person":
     {"first_name": "Thomas",
      "last_name": "M. Estok",
      "permalink": "thomas-m-estok"}},
   {"is_past": false,
    "title": "Chief Scientific Officer",
    "person":
     {"first_name": "Francis",
      "last_name": "J. Burrows",
      "permalink": "francis-j-burrows"}},
   {"is_past": false,
    "title": "Chief Executive Officer",
    "person":
     {"first_name": "Gary",
      "last_name": "M. Noonan",
      "permalink": "gary-m-noonan"}},
   {"is_past": false,
    "title": "Co-Founder and Director",
    "person":
     {"first_name": "Christopher",
      "last_name": "C. LeMasters",
      "permalink": "christopher-c-lemasters"}}],
 "competitions":
  [],
 "providerships":
  [],
 "total_money_raised": "$500k",
 "funding_rounds":
  [{"id": 56375,
    "round_code": "debt_round",
    "source_url": "http://www.sec.gov/Archives/edgar/data/1507273/000150727311000001/xslFormDX01/primary_doc.xml",
    "source_description": "SEC",
    "raised_amount": 500000.0,
    "raised_currency_code": "USD",
    "funded_year": 2011,
    "funded_month": 1,
    "funded_day": 3,
    "investments":
     []}],
 "investments":
  [],
 "acquisition": null,
 "acquisitions":
  [],
 "offices":
  [{"description": "",
    "address1": "351 West 10th Street",
    "address2": "Suite 248",
    "zip_code": "46202",
    "city": "Indianapolis",
    "state_code": "IN",
    "country_code": "USA",
    "latitude": null,
    "longitude": null}],
 "milestones":
  [],
 "ipo": null,
 "video_embeds":
  [],
 "screenshots":
  [],
 "external_links":
  [],
 "partners":
  []}
