{"name": "AbleSky",
 "permalink": "ablesky",
 "crunchbase_url": "http://www.crunchbase.com/company/ablesky",
 "homepage_url": "http://ablesky.com",
 "blog_url": "",
 "blog_feed_url": "",
 "twitter_username": null,
 "category_code": "software",
 "number_of_employees": null,
 "founded_year": 2007,
 "founded_month": null,
 "founded_day": null,
 "deadpooled_year": null,
 "deadpooled_month": null,
 "deadpooled_day": null,
 "deadpooled_url": null,
 "tag_list": "",
 "alias_list": "",
 "email_address": "Support@ablesky.com",
 "phone_number": "(650) 694-7960 ",
 "description": "",
 "created_at": "Wed Nov 06 10:50:58 UTC 2013",
 "updated_at": "Wed Nov 06 10:50:57 UTC 2013",
 "overview": "\u003Cp\u003EAbleSky, Inc. operates knowledge trading platform. The company was incorporated in 2007 and is based in Mountain View, California.\u003C/p\u003E",
 "image":
  {"available_sizes":
    [[[112,
       40],
      "http://api-images.crunchbase.com/assets/images/resized/0035/4011/354011v1-max-150x150.png"],
     [[112,
       40],
      "http://api-images.crunchbase.com/assets/images/resized/0035/4011/354011v1-max-250x250.png"],
     [[112,
       40],
      "http://api-images.crunchbase.com/assets/images/resized/0035/4011/354011v1-max-450x450.png"]],
   "attribution": null},
 "products":
  [],
 "relationships":
  [{"is_past": false,
    "title": "Founder",
    "person":
     {"first_name": "Yingming",
      "last_name": "Lou",
      "permalink": "yingming-lou"}}],
 "competitions":
  [],
 "providerships":
  [],
 "total_money_raised": "$1.27M",
 "funding_rounds":
  [{"id": 53942,
    "round_code": "partial",
    "source_url": "http://www.sec.gov/Archives/edgar/data/1524159/000152415911000001/xslFormDX01/primary_doc.xml",
    "source_description": "SEC",
    "raised_amount": 1273000.0,
    "raised_currency_code": "USD",
    "funded_year": 2011,
    "funded_month": 6,
    "funded_day": 29,
    "investments":
     []}],
 "investments":
  [],
 "acquisition": null,
 "acquisitions":
  [],
 "offices":
  [{"description": "",
    "address1": "2235 Rock St,",
    "address2": "",
    "zip_code": "94043",
    "city": "Mountain View",
    "state_code": "CA",
    "country_code": "USA",
    "latitude": null,
    "longitude": null}],
 "milestones":
  [],
 "ipo": null,
 "video_embeds":
  [],
 "screenshots":
  [{"available_sizes":
     [[[150,
        102],
       "http://api-images.crunchbase.com/assets/images/resized/0035/4010/354010v1-max-150x150.png"],
      [[250,
        170],
       "http://api-images.crunchbase.com/assets/images/resized/0035/4010/354010v1-max-250x250.png"],
      [[450,
        306],
       "http://api-images.crunchbase.com/assets/images/resized/0035/4010/354010v1-max-450x450.png"]],
    "attribution": null}],
 "external_links":
  [],
 "partners":
  [{"partner_name": "ct_quan",
    "homepage_url": "unknown",
    "link_1_url": null,
    "link_2_url": null,
    "link_3_url": null,
    "link_1_name": null,
    "link_2_name": null,
    "link_3_name": null}]}
