{"name": "Able Imaging",
 "permalink": "able-imaging",
 "crunchbase_url": "http://www.crunchbase.com/company/able-imaging",
 "homepage_url": "http://www.ableimaging.com",
 "blog_url": "",
 "blog_feed_url": "",
 "twitter_username": null,
 "category_code": "health",
 "number_of_employees": null,
 "founded_year": null,
 "founded_month": null,
 "founded_day": null,
 "deadpooled_year": null,
 "deadpooled_month": null,
 "deadpooled_day": null,
 "deadpooled_url": null,
 "tag_list": "",
 "alias_list": "",
 "email_address": "",
 "phone_number": "856-424-2929",
 "description": "",
 "created_at": "Mon Nov 25 11:21:39 UTC 2013",
 "updated_at": "Mon Nov 25 11:28:44 UTC 2013",
 "overview": "\u003Cp\u003EAble Imaging LLC operates a network of multi-modality imaging centers in South Jersey. The company provides medical imaging services, such as diagnostic medical imaging and preventive imaging screening to patients and referring physicians. Its service portfolio includes magnetic resonance imaging (MRI), breast MRI, computerized axial tomography, virtual colonoscopy, body scan, cardiac scoring, bone density scan, ultrasound imaging, general X-ray, and digital mammography, as well as computerized axial tomography for computer guided implant dentistry. The company was founded in 1999 and is based in Cherry Hill, New Jersey.\u003C/p\u003E",
 "image":
  {"available_sizes":
    [[[150,
       48],
      "http://api-images.crunchbase.com/assets/images/resized/0036/5238/365238v1-max-150x150.jpg"],
     [[250,
       80],
      "http://api-images.crunchbase.com/assets/images/resized/0036/5238/365238v1-max-250x250.jpg"],
     [[333,
       107],
      "http://api-images.crunchbase.com/assets/images/resized/0036/5238/365238v1-max-450x450.jpg"]],
   "attribution": null},
 "products":
  [],
 "relationships":
  [],
 "competitions":
  [],
 "providerships":
  [],
 "total_money_raised": "$500k",
 "funding_rounds":
  [{"id": 55897,
    "round_code": "convertible",
    "source_url": "http://www.sec.gov/Archives/edgar/data/1514512/000114420411013066/xslFormDX01/primary_doc.xml",
    "source_description": "SEC",
    "raised_amount": 500000.0,
    "raised_currency_code": "USD",
    "funded_year": 2011,
    "funded_month": 3,
    "funded_day": 7,
    "investments":
     []}],
 "investments":
  [],
 "acquisition": null,
 "acquisitions":
  [],
 "offices":
  [{"description": "",
    "address1": "2051 Springdale Road",
    "address2": "",
    "zip_code": "08003",
    "city": "Cherry Hill",
    "state_code": "NJ",
    "country_code": "USA",
    "latitude": null,
    "longitude": null}],
 "milestones":
  [],
 "ipo": null,
 "video_embeds":
  [],
 "screenshots":
  [{"available_sizes":
     [[[150,
        74],
       "http://api-images.crunchbase.com/assets/images/resized/0036/5231/365231v1-max-150x150.jpg"],
      [[250,
        123],
       "http://api-images.crunchbase.com/assets/images/resized/0036/5231/365231v1-max-250x250.jpg"],
      [[450,
        222],
       "http://api-images.crunchbase.com/assets/images/resized/0036/5231/365231v1-max-450x450.jpg"]],
    "attribution": null}],
 "external_links":
  [],
 "partners":
  []}
