{"name": "About Flags, Inc.",
 "permalink": "about-flags-inc",
 "crunchbase_url": "http://www.crunchbase.com/company/about-flags-inc",
 "homepage_url": "http://www.aboutflags.com",
 "blog_url": "",
 "blog_feed_url": "",
 "twitter_username": "aboutflagsinc",
 "category_code": "advertising",
 "number_of_employees": 9,
 "founded_year": 1981,
 "founded_month": 1,
 "founded_day": 1,
 "deadpooled_year": null,
 "deadpooled_month": null,
 "deadpooled_day": null,
 "deadpooled_url": null,
 "tag_list": "advertising-banners--flags, flag-sets, flagpoles, state--territorial-flags, united-states-flags, sports-flags",
 "alias_list": null,
 "email_address": "mc@aboutflags.com",
 "phone_number": "215-513-2883",
 "description": "Advertising Banners \u0026 Flags",
 "created_at": "Mon Nov 18 05:27:18 UTC 2013",
 "updated_at": "Wed Mar 26 12:47:55 UTC 2014",
 "overview": "\u003Cp\u003EAbout Flags is a leading online retailer of advertising flags and banners, state flags, U.S. flags, sports flags, construction flags, bow flags, and more! We offer both standard and custom-made flags.\u003C/p\u003E\n\n\u003Cp\u003EAbout Flags offers a large array of flags for your business and the home. We carry the largest selection of advertising banners and flags, new home flags, open house flags, bow flags, and more to promote your business. We also provide flag accessories to display your flags and banners proudly. Visit our website to browse our inventory and learn about flag etiquette, determining flag size, and much more!\u003C/p\u003E",
 "image":
  {"available_sizes":
    [[[150,
       150],
      "http://api-images.crunchbase.com/assets/images/resized/0044/3383/443383v2-max-150x150.jpg"],
     [[250,
       250],
      "http://api-images.crunchbase.com/assets/images/resized/0044/3383/443383v2-max-250x250.jpg"],
     [[250,
       250],
      "http://api-images.crunchbase.com/assets/images/resized/0044/3383/443383v2-max-450x450.jpg"]],
   "attribution": null},
 "products":
  [],
 "relationships":
  [],
 "competitions":
  [],
 "providerships":
  [],
 "total_money_raised": "$0",
 "funding_rounds":
  [],
 "investments":
  [],
 "acquisition": null,
 "acquisitions":
  [],
 "offices":
  [{"description": "",
    "address1": "",
    "address2": "",
    "zip_code": "",
    "city": "",
    "state_code": null,
    "country_code": "USA",
    "latitude": null,
    "longitude": null},
   {"description": "",
    "address1": "",
    "address2": "",
    "zip_code": "",
    "city": "",
    "state_code": null,
    "country_code": "USA",
    "latitude": null,
    "longitude": null}],
 "milestones":
  [],
 "ipo": null,
 "video_embeds":
  [],
 "screenshots":
  [],
 "external_links":
  [],
 "partners":
  []}
