{"name": "Abovobo",
 "permalink": "abovobo",
 "crunchbase_url": "http://www.crunchbase.com/company/abovobo",
 "homepage_url": "http://abovobo.com",
 "blog_url": "",
 "blog_feed_url": "",
 "twitter_username": null,
 "category_code": "search",
 "number_of_employees": null,
 "founded_year": 2011,
 "founded_month": null,
 "founded_day": null,
 "deadpooled_year": null,
 "deadpooled_month": null,
 "deadpooled_day": null,
 "deadpooled_url": null,
 "tag_list": "",
 "alias_list": "",
 "email_address": "ask@abovobo.com",
 "phone_number": "380 67 572 5088",
 "description": "p2p search engine",
 "created_at": "Wed Nov 13 19:26:10 UTC 2013",
 "updated_at": "Wed Nov 13 19:26:10 UTC 2013",
 "overview": "\u003Cp\u003EAbovobo is a distributed search engine for p2p environments.\u003C/p\u003E\n\n\u003Cp\u003EIt provides peer-to-peer distributed storage with transparent item addressing and search capabilities, which works in mixed environments and allows to utilize existing resource efficiently. \u003C/p\u003E",
 "image":
  {"available_sizes":
    [[[150,
       58],
      "http://api-images.crunchbase.com/assets/images/resized/0035/8571/358571v1-max-150x150.png"],
     [[250,
       98],
      "http://api-images.crunchbase.com/assets/images/resized/0035/8571/358571v1-max-250x250.png"],
     [[265,
       104],
      "http://api-images.crunchbase.com/assets/images/resized/0035/8571/358571v1-max-450x450.png"]],
   "attribution": null},
 "products":
  [],
 "relationships":
  [],
 "competitions":
  [],
 "providerships":
  [],
 "total_money_raised": "$0",
 "funding_rounds":
  [],
 "investments":
  [],
 "acquisition": null,
 "acquisitions":
  [],
 "offices":
  [{"description": "",
    "address1": "",
    "address2": "",
    "zip_code": "",
    "city": "Kiev",
    "state_code": null,
    "country_code": "UKR",
    "latitude": null,
    "longitude": null}],
 "milestones":
  [],
 "ipo": null,
 "video_embeds":
  [],
 "screenshots":
  [{"available_sizes":
     [[[150,
        112],
       "http://api-images.crunchbase.com/assets/images/resized/0035/8570/358570v1-max-150x150.png"],
      [[250,
        187],
       "http://api-images.crunchbase.com/assets/images/resized/0035/8570/358570v1-max-250x250.png"],
      [[450,
        336],
       "http://api-images.crunchbase.com/assets/images/resized/0035/8570/358570v1-max-450x450.png"]],
    "attribution": null}],
 "external_links":
  [],
 "partners":
  []}
