{"name": "absolute-North",
 "permalink": "absolute-north",
 "crunchbase_url": "http://www.crunchbase.com/company/absolute-north",
 "homepage_url": "http://www.absolute-north.com",
 "blog_url": "",
 "blog_feed_url": "",
 "twitter_username": null,
 "category_code": null,
 "number_of_employees": null,
 "founded_year": null,
 "founded_month": null,
 "founded_day": null,
 "deadpooled_year": null,
 "deadpooled_month": null,
 "deadpooled_day": null,
 "deadpooled_url": null,
 "tag_list": "",
 "alias_list": "",
 "email_address": "info@absolute-north.com",
 "phone_number": "+358 (9) 2316 4009",
 "description": "",
 "created_at": "Sat Nov 02 05:33:36 UTC 2013",
 "updated_at": "Sat Nov 02 05:37:31 UTC 2013",
 "overview": "\u003Cp\u003EAt absolute-North we work directly with our clients\u0026#8217; HR department and executive management team to develop high quality training programs that make an impact on participants and on the bottom line of the company. We improve your business and create sustainable competitive advantage by strengthening leadership and management skills at the individual level.\u003C/p\u003E\n\n\u003Cp\u003EOur services include training and development programs, coaching, and team building. All of our programs are tailor made not only to the company but down to the individual participant (just as the Chinese artisans of the 3rd century BC crafted each of the terracotta soldiers, we craft an individual development plan for each participant)- something unique to absolute-North. We have processes and a skilled team that is able to customize and individualize our programs for better results. Our methods have proven to be highly effective across a wide variety of age groups and cultures, including India, China, Russia, the United States and most of Europe.\u003C/p\u003E\n\n\u003Cp\u003EFor those curious why we chose the name absolute-North for our company name, no, it is not because we are in Finland. absolute-North, or true-North, is the navigational direction that sailors needed to know how to find in order to successfully navigate the open seas. We chose it as a name because we believe for people to be successful in business, they must find their own absolute-North. That might mean developing a leadership or sales style that works best for them, or developing specific skills and abilities that will drive their success and the organization\u0026#8217;s. We believe our programs help people to do just that.\u003C/p\u003E",
 "image":
  {"available_sizes":
    [[[150,
       74],
      "http://api-images.crunchbase.com/assets/images/resized/0035/2231/352231v1-max-150x150.jpg"],
     [[183,
       91],
      "http://api-images.crunchbase.com/assets/images/resized/0035/2231/352231v1-max-250x250.jpg"],
     [[183,
       91],
      "http://api-images.crunchbase.com/assets/images/resized/0035/2231/352231v1-max-450x450.jpg"]],
   "attribution": null},
 "products":
  [],
 "relationships":
  [{"is_past": false,
    "title": "",
    "person":
     {"first_name": "David",
      "last_name": "Winegar",
      "permalink": "david-winegar"}},
   {"is_past": false,
    "title": "",
    "person":
     {"first_name": "Marjatta",
      "last_name": "Takala",
      "permalink": "marjatta-takala"}},
   {"is_past": false,
    "title": "",
    "person":
     {"first_name": "Ioulia",
      "last_name": "Torres",
      "permalink": "ioulia-torres"}}],
 "competitions":
  [],
 "providerships":
  [],
 "total_money_raised": "$0",
 "funding_rounds":
  [],
 "investments":
  [],
 "acquisition": null,
 "acquisitions":
  [],
 "offices":
  [{"description": "",
    "address1": "Riimukuja 6a",
    "address2": "",
    "zip_code": "00750",
    "city": "Helsinki",
    "state_code": null,
    "country_code": "FIN",
    "latitude": null,
    "longitude": null}],
 "milestones":
  [],
 "ipo": null,
 "video_embeds":
  [],
 "screenshots":
  [],
 "external_links":
  [],
 "partners":
  []}
