{"name": "accessplanit",
 "permalink": "accessplanit",
 "crunchbase_url": "http://www.crunchbase.com/company/accessplanit",
 "homepage_url": "http://www.accessplanit.com",
 "blog_url": "http://www.accessplanit.com/blog",
 "blog_feed_url": "",
 "twitter_username": "accessplanit",
 "category_code": "software",
 "number_of_employees": 20,
 "founded_year": 2001,
 "founded_month": null,
 "founded_day": null,
 "deadpooled_year": null,
 "deadpooled_month": null,
 "deadpooled_day": null,
 "deadpooled_url": null,
 "tag_list": "learning-management-system, lms, training-management-software, course-booking-system",
 "alias_list": null,
 "email_address": "enquiries@accessplanit.com",
 "phone_number": "447880198875",
 "description": "accessplanit",
 "created_at": "Mon Nov 04 12:39:58 UTC 2013",
 "updated_at": "Thu Nov 07 23:19:33 UTC 2013",
 "overview": "\u003Cp\u003Eaccessplanit is a software house dedicated to the development and support of learning and training management solutions. \u003C/p\u003E\n\n\u003Cp\u003EUsing web based technology, products are designed to streamline business resources, provide system integration, increase control and visibility and maximise ROI through measurable reductions in administration time and cost.  \u003C/p\u003E\n\n\u003Cp\u003EWorking with training companies and in-house learning and development teams across all market sectors, accessplanit put a huge emphasis on implementation, ongoing training and customer service to ensure that clients fully understand the system and maximise the benefits.\u003C/p\u003E\n\n\u003Cp\u003EUnlike many off the shelf system providers, accessplanit  provide on-going system development for a perfect fit solution.  \u003C/p\u003E\n\n\u003Cp\u003ESolutions include:-\u003C/p\u003E\n\n\u003Cp\u003ETraining management systems\nOn-line course booking and payment systems\nWeb integration\nCourse registration software\nLearning management systems\neLearning platforms\nAppraisal and performance management\nSkills and profiling\nCompliance management tools\u003C/p\u003E",
 "image":
  {"available_sizes":
    [[[150,
       59],
      "http://api-images.crunchbase.com/assets/images/resized/0035/2821/352821v2-max-150x150.png"],
     [[250,
       98],
      "http://api-images.crunchbase.com/assets/images/resized/0035/2821/352821v2-max-250x250.png"],
     [[450,
       177],
      "http://api-images.crunchbase.com/assets/images/resized/0035/2821/352821v2-max-450x450.png"]],
   "attribution": null},
 "products":
  [],
 "relationships":
  [],
 "competitions":
  [],
 "providerships":
  [],
 "total_money_raised": "$0",
 "funding_rounds":
  [],
 "investments":
  [],
 "acquisition": null,
 "acquisitions":
  [],
 "offices":
  [],
 "milestones":
  [],
 "ipo": null,
 "video_embeds":
  [],
 "screenshots":
  [],
 "external_links":
  [],
 "partners":
  []}
