{"name": "Acclaim Law Group",
 "permalink": "acclaim-law-group",
 "crunchbase_url": "http://www.crunchbase.com/company/acclaim-law-group",
 "homepage_url": "http://acclaimlaw.com",
 "blog_url": "",
 "blog_feed_url": "",
 "twitter_username": null,
 "category_code": "legal",
 "number_of_employees": null,
 "founded_year": 2008,
 "founded_month": null,
 "founded_day": null,
 "deadpooled_year": null,
 "deadpooled_month": null,
 "deadpooled_day": null,
 "deadpooled_url": null,
 "tag_list": "personal-injury, estate-planning",
 "alias_list": null,
 "email_address": "robert@acclaimlaw.com",
 "phone_number": "(619) 347-7226",
 "description": "Personal Injury Lawyers",
 "created_at": "Tue Nov 19 13:52:17 UTC 2013",
 "updated_at": "Wed Nov 20 22:34:46 UTC 2013",
 "overview": "\u003Cp\u003EAcclaim Law Group in San Diego, CA focuses on helping people who have suffered automobile and motorcycle injuries, dog attacks, wrongful death, roadside accidents and more. We are always ready to serve.\u003C/p\u003E",
 "image": null,
 "products":
  [],
 "relationships":
  [],
 "competitions":
  [],
 "providerships":
  [],
 "total_money_raised": "$0",
 "funding_rounds":
  [],
 "investments":
  [],
 "acquisition": null,
 "acquisitions":
  [],
 "offices":
  [],
 "milestones":
  [],
 "ipo": null,
 "video_embeds":
  [],
 "screenshots":
  [],
 "external_links":
  [],
 "partners":
  []}
