{"name": "Acess Wholesale",
 "permalink": "acess-wholesale",
 "crunchbase_url": "http://www.crunchbase.com/company/acess-wholesale",
 "homepage_url": "http://www.acess.co.uk",
 "blog_url": "",
 "blog_feed_url": "",
 "twitter_username": "acesscouk",
 "category_code": "fashion",
 "number_of_employees": null,
 "founded_year": null,
 "founded_month": null,
 "founded_day": null,
 "deadpooled_year": null,
 "deadpooled_month": null,
 "deadpooled_day": null,
 "deadpooled_url": null,
 "tag_list": "wholesale-bags, wholesale-handbags, wholesale-scraves",
 "alias_list": "",
 "email_address": "",
 "phone_number": "1213592387",
 "description": "Acess Wholesale is a UK wholesaler",
 "created_at": "Thu Oct 24 05:51:01 UTC 2013",
 "updated_at": "Fri Oct 25 00:17:41 UTC 2013",
 "overview": "\u003Cp\u003EAcess Wholesale is a UK wholesaler and manufacturer of fashion handbags, scarves and fashion accessories with key design feature in its core. Our head office is located in the Birmingham City Center with huge showroom \u0026amp; free on site parking. Acess wholesale handbags guarantee our traders the latest styles, best quality, best price and best selling bags and accessories in the market.\u003C/p\u003E\n\n\u003Cp\u003EOur Birmingham Showroom opens daily 9:30am-5:30pm (except Saturday), visit us today or buy online at www.Acess.co.uk. Customer Service Hotline: 0800 689 9686wholesale bags\u003C/p\u003E",
 "image": null,
 "products":
  [],
 "relationships":
  [],
 "competitions":
  [],
 "providerships":
  [],
 "total_money_raised": "$0",
 "funding_rounds":
  [],
 "investments":
  [],
 "acquisition": null,
 "acquisitions":
  [],
 "offices":
  [],
 "milestones":
  [],
 "ipo": null,
 "video_embeds":
  [],
 "screenshots":
  [],
 "external_links":
  [{"external_url": "http://www.acess.co.uk/",
    "title": "wholesale scraves"}],
 "partners":
  []}
