{"name": "Achieve Sports",
 "permalink": "achieve-sports",
 "crunchbase_url": "http://www.crunchbase.com/company/achieve-sports",
 "homepage_url": null,
 "blog_url": "",
 "blog_feed_url": "",
 "twitter_username": null,
 "category_code": "web",
 "number_of_employees": null,
 "founded_year": null,
 "founded_month": null,
 "founded_day": null,
 "deadpooled_year": null,
 "deadpooled_month": null,
 "deadpooled_day": null,
 "deadpooled_url": null,
 "tag_list": "ireland, sport, wristband, marathon",
 "alias_list": null,
 "email_address": "",
 "phone_number": "",
 "description": "Wrist Band achievements",
 "created_at": "Mon Oct 21 11:07:17 UTC 2013",
 "updated_at": "Fri Oct 25 12:21:54 UTC 2013",
 "overview": "\u003Cp\u003EAchieve Sports is headquartered in Ireland. The Achieve \nWrist Band is worn as a badge of honour and is designed to be worn at any time. The wrist band is a bracelet made of \nplastic and spring steel incorporating a logo and a colour code. Each colour represents the number of marathons completed.\u003C/p\u003E",
 "image": null,
 "products":
  [],
 "relationships":
  [{"is_past": false,
    "title": "MD",
    "person":
     {"first_name": "Marc",
      "last_name": "Butler",
      "permalink": "marc-butler-2"}}],
 "competitions":
  [],
 "providerships":
  [],
 "total_money_raised": "$0",
 "funding_rounds":
  [],
 "investments":
  [],
 "acquisition": null,
 "acquisitions":
  [],
 "offices":
  [{"description": "",
    "address1": "",
    "address2": "",
    "zip_code": "",
    "city": "",
    "state_code": null,
    "country_code": "IRL",
    "latitude": null,
    "longitude": null}],
 "milestones":
  [],
 "ipo": null,
 "video_embeds":
  [],
 "screenshots":
  [],
 "external_links":
  [],
 "partners":
  []}
