{"name": "Acist Medical Systems",
 "permalink": "acist-medical-systems",
 "crunchbase_url": "http://www.crunchbase.com/company/acist-medical-systems",
 "homepage_url": "http://acist.com",
 "blog_url": "",
 "blog_feed_url": "",
 "twitter_username": null,
 "category_code": "medical",
 "number_of_employees": null,
 "founded_year": null,
 "founded_month": null,
 "founded_day": null,
 "deadpooled_year": null,
 "deadpooled_month": null,
 "deadpooled_day": null,
 "deadpooled_url": null,
 "tag_list": null,
 "alias_list": "",
 "email_address": "",
 "phone_number": "952-995-9300",
 "description": "",
 "created_at": "Fri Oct 25 15:29:41 UTC 2013",
 "updated_at": "Mon Apr 21 10:30:22 UTC 2014",
 "overview": "\u003Cp\u003EACIST Medical Systems, a Bracco Group company, is a pioneer and market leader of advanced contrast imaging system technology for cardiology. Since 1998, ACIST has manufactured more than 4,500 advanced, variable-flow contrast delivery systems for cardiologists in more than 75 countries. In 2012, ACIST reached a milestone with more than 12 million patients benefitting from a cardiovascular angiography procedure using an ACIST Contrast Delivery System. Headquartered in Eden Prairie, Minnesota, with regional offices in Europe and Asia, ACIST employs more than 300 people worldwide.\u003C/p\u003E",
 "image":
  {"available_sizes":
    [[[150,
       52],
      "http://api-images.crunchbase.com/assets/images/resized/0045/7466/457466v1-max-150x150.png"],
     [[188,
       66],
      "http://api-images.crunchbase.com/assets/images/resized/0045/7466/457466v1-max-250x250.png"],
     [[188,
       66],
      "http://api-images.crunchbase.com/assets/images/resized/0045/7466/457466v1-max-450x450.png"]],
   "attribution": null},
 "products":
  [],
 "relationships":
  [{"is_past": false,
    "title": "Investor",
    "person":
     {"first_name": "Ranjan",
      "last_name": "Lal",
      "permalink": "ranjan-lal"}},
   {"is_past": true,
    "title": "Vice President of Finance \u0026 Chief Financial Officer",
    "person":
     {"first_name": "Scott",
      "last_name": "P. Youngstrom",
      "permalink": "scott-p-youngstrom"}},
   {"is_past": true,
    "title": "Vice President",
    "person":
     {"first_name": "Stephen",
      "last_name": "Zastrow",
      "permalink": "stephen-zastrow"}},
   {"is_past": true,
    "title": "Board Director",
    "person":
     {"first_name": "D.",
      "last_name": "Neal Morrison",
      "permalink": "d-neal-morrison"}},
   {"is_past": true,
    "title": "Held Senior Management Positions",
    "person":
     {"first_name": "Douglas",
      "last_name": "J. Duchon",
      "permalink": "douglas-j-duchon"}}],
 "competitions":
  [],
 "providerships":
  [],
 "total_money_raised": "$0",
 "funding_rounds":
  [],
 "investments":
  [],
 "acquisition": null,
 "acquisitions":
  [],
 "offices":
  [{"description": "",
    "address1": "",
    "address2": "7905 Fuller Road",
    "zip_code": "55344",
    "city": "Eden Prairie",
    "state_code": "MN",
    "country_code": "USA",
    "latitude": null,
    "longitude": null}],
 "milestones":
  [],
 "ipo": null,
 "video_embeds":
  [],
 "screenshots":
  [{"available_sizes":
     [[[150,
        68],
       "http://api-images.crunchbase.com/assets/images/resized/0045/7467/457467v1-max-150x150.png"],
      [[250,
        114],
       "http://api-images.crunchbase.com/assets/images/resized/0045/7467/457467v1-max-250x250.png"],
      [[450,
        206],
       "http://api-images.crunchbase.com/assets/images/resized/0045/7467/457467v1-max-450x450.png"]],
    "attribution": null}],
 "external_links":
  [],
 "partners":
  []}
