{"name": "Acmas Technologies PVT. Ltd",
 "permalink": "acmas-technologies-pvt-ltd",
 "crunchbase_url": "http://www.crunchbase.com/company/acmas-technologies-pvt-ltd",
 "homepage_url": "http://www.acmasglobal.com",
 "blog_url": "http://scientific-laboratory-equipment.blogspot.in/",
 "blog_feed_url": "",
 "twitter_username": "AcmasTechnocrac",
 "category_code": "manufacturing",
 "number_of_employees": 150,
 "founded_year": 1991,
 "founded_month": 3,
 "founded_day": 10,
 "deadpooled_year": null,
 "deadpooled_month": null,
 "deadpooled_day": null,
 "deadpooled_url": null,
 "tag_list": "science-instruments, laboratory-equipments, science-equipments-india, laboratory-instruments",
 "alias_list": null,
 "email_address": "info@acmasglobal.com",
 "phone_number": " +91-11-47619688",
 "description": "Laboratory \u0026 Medical Equipment Supplier",
 "created_at": "Thu Nov 28 11:57:15 UTC 2013",
 "updated_at": "Wed Dec 04 00:04:58 UTC 2013",
 "overview": "\u003Cp\u003ECompany Profile\u003C/p\u003E\n\n\u003Cp\u003EWith over a decade of industry experience in manufacturing Weiber range of scientific laboratory equipment\u0026#8217;s, we have established ourselves with the name of Acmas Technologies (P) Ltd. to provide highest quality equipment\u0026#8217;s for various applications. We represent latest and directive technologies and incorporate an up to date know how of modern techniques, through our partners worldwide. We have a technology transfer agreement with Weiber Consultancy GMBH Germany, a renowned technical consultancy company, to aid the product designing and development of our indigenous products and to help us provide International quality products at economical prices.\nWe have successfully catered the needs of above 600 institutions in India and exported our products to more than 42 countries, besides serving more than 1500 customers in corporate and private sector. The dedicated and cumulative efforts of ACMAS team members has produced and delivered the comprehensive range of scientific instruments and laboratory products.\u003C/p\u003E\n\n\u003Cp\u003ECompany\u0026#8217;s Outlook\u003C/p\u003E\n\n\u003Cp\u003EOur commitment to quality is unflinching, our hunger for growth is deep-rooted and our capacity for details is amazing. Over the decade, we have demonstrated a rare resilience and fortitude. We are determined to improve productivity and focus continuously on innovation and up-gradation of our products and people.\u003C/p\u003E\n\n\u003Cp\u003EWe are determined to serve our fraternity and achieve \u0026#8220;complete customer satisfaction through business ethics\u0026#8221;. We also believe in working very closely with our customers in research and development field and providing end to end customized solution besides providing high quality standard equipment\u0026#8217;s from our comprehensive product range.\u003C/p\u003E\n\n\u003Cp\u003ERange of Products\u003C/p\u003E\n\n\u003Cp\u003EOur wide array of products are categorized into Test Chambers, Laboratory Testing Equipment\u0026#8217;s, Sterilizers, Clean Room Equipment\u0026#8217;s and Chambers, Laboratory Water Solutions And Measuring Meters. All our  products ensures accuracy and conformity for significant experiments.\u003C/p\u003E\n\n\u003Cp\u003EForte\u003C/p\u003E\n\n\u003Cp\u003EWe strive hard to cater our clients with best product range and services while meeting international standards. Our aim is to meet the overwhelming demand of the scientific community and provide them the world class quality scientific instruments along with the best after sale support.\u003C/p\u003E",
 "image":
  {"available_sizes":
    [[[150,
       142],
      "http://api-images.crunchbase.com/assets/images/resized/0036/7570/367570v2-max-150x150.jpg"],
     [[160,
       152],
      "http://api-images.crunchbase.com/assets/images/resized/0036/7570/367570v2-max-250x250.jpg"],
     [[160,
       152],
      "http://api-images.crunchbase.com/assets/images/resized/0036/7570/367570v2-max-450x450.jpg"]],
   "attribution": null},
 "products":
  [{"name": "Test Chamber",
    "permalink": "test-chamber"},
   {"name": "Clean Room",
    "permalink": "clean-room"},
   {"name": "Bio Safety Cabineta",
    "permalink": "bio-safety-cabineta"},
   {"name": "Fume Hoods",
    "permalink": "fume-hoods"},
   {"name": "Laminar Air Flow",
    "permalink": "laminar-air-flow"}],
 "relationships":
  [],
 "competitions":
  [],
 "providerships":
  [],
 "total_money_raised": "$0",
 "funding_rounds":
  [],
 "investments":
  [],
 "acquisition": null,
 "acquisitions":
  [],
 "offices":
  [{"description": "",
    "address1": "Plot No. 352-353, Sector \u2013 57, Phase- IV, Kundli, Sonepat,",
    "address2": "",
    "zip_code": "131028",
    "city": "Sonipat",
    "state_code": null,
    "country_code": "IND",
    "latitude": null,
    "longitude": null}],
 "milestones":
  [],
 "ipo": null,
 "video_embeds":
  [],
 "screenshots":
  [],
 "external_links":
  [],
 "partners":
  []}
