{"name": "Acme Woodtech",
 "permalink": "acme-woodtech",
 "crunchbase_url": "http://www.crunchbase.com/company/acme-woodtech",
 "homepage_url": "http://www.acmewoodtech.com",
 "blog_url": "",
 "blog_feed_url": "",
 "twitter_username": null,
 "category_code": "manufacturing",
 "number_of_employees": null,
 "founded_year": 2011,
 "founded_month": null,
 "founded_day": null,
 "deadpooled_year": null,
 "deadpooled_month": null,
 "deadpooled_day": null,
 "deadpooled_url": null,
 "tag_list": "ultra-modern-furniture, modular-kitchen, kitchen-shutter, wardrobe, office-furniture, workstations",
 "alias_list": null,
 "email_address": "yrawal49@gmail.com",
 "phone_number": "09873423504",
 "description": "ultra modern furniture manufacture",
 "created_at": "Fri Oct 18 07:36:43 UTC 2013",
 "updated_at": "Mon Apr 21 12:00:38 UTC 2014",
 "overview": "\u003Cp\u003EAcme Woodtech is a leading manufacturer, supplier, and exporter of high quality ranges ultra modern furniture, Modular Kitchen, Kitchen Shutter, Wardrobe, Office Furniture and workstations in Faridabad Haryana India.\u003C/p\u003E\n\n\u003Cp\u003EAcme Woodtech  was established in year 2011, Acme Woodtech has been offering its furniture products to corporate offices and homes, schools, banks, institutions, \u0026amp; industries at reasonable prices.\u003C/p\u003E\n\n\u003Cp\u003EWe follow business ethics and offer valuable services in terms of customization and delivery. \u003C/p\u003E\n\n\u003Cp\u003EWe have a wide range of infrastructure, manufacturing facilities, machine and tools as well as a skilled team of designers to satisfied our clients.\u003C/p\u003E\n\n\u003Cp\u003EOur every products passed through dedicated quality checking systems, particularly designed for wooden items. \u003C/p\u003E\n\n\u003Cp\u003EOur special features are as follows: \u003C/p\u003E\n\n\u003Cp\u003EExclusive mind boggling designs \nTimely completion of projects \nAffordable prices \nWide choice \nCustomization \u003C/p\u003E\n\n\u003Cp\u003EFor more info Plz Contact  US:\u003C/p\u003E\n\n\u003Cp\u003EAddress: 2-H/136-B, N.I.T,\nFaridabad-121001 (Haryana)\u003C/p\u003E",
 "image":
  {"available_sizes":
    [[[150,
       35],
      "http://api-images.crunchbase.com/assets/images/resized/0034/4035/344035v2-max-150x150.jpg"],
     [[250,
       58],
      "http://api-images.crunchbase.com/assets/images/resized/0034/4035/344035v2-max-250x250.jpg"],
     [[450,
       106],
      "http://api-images.crunchbase.com/assets/images/resized/0034/4035/344035v2-max-450x450.jpg"]],
   "attribution": null},
 "products":
  [],
 "relationships":
  [],
 "competitions":
  [],
 "providerships":
  [],
 "total_money_raised": "$0",
 "funding_rounds":
  [],
 "investments":
  [],
 "acquisition": null,
 "acquisitions":
  [],
 "offices":
  [{"description": "",
    "address1": "",
    "address2": "2-H/136-B, N.I.T",
    "zip_code": "121001",
    "city": "Faridabad",
    "state_code": null,
    "country_code": "IND",
    "latitude": null,
    "longitude": null}],
 "milestones":
  [],
 "ipo": null,
 "video_embeds":
  [],
 "screenshots":
  [{"available_sizes":
     [[[150,
        69],
       "http://api-images.crunchbase.com/assets/images/resized/0045/7477/457477v1-max-150x150.png"],
      [[250,
        115],
       "http://api-images.crunchbase.com/assets/images/resized/0045/7477/457477v1-max-250x250.png"],
      [[450,
        207],
       "http://api-images.crunchbase.com/assets/images/resized/0045/7477/457477v1-max-450x450.png"]],
    "attribution": null}],
 "external_links":
  [],
 "partners":
  []}
