{"name": "ACME Enterprises",
 "permalink": "acme-enterprises",
 "crunchbase_url": "http://www.crunchbase.com/company/acme-enterprises",
 "homepage_url": "http://www.acmeenterprises.in",
 "blog_url": "",
 "blog_feed_url": "",
 "twitter_username": null,
 "category_code": "manufacturing",
 "number_of_employees": null,
 "founded_year": null,
 "founded_month": null,
 "founded_day": null,
 "deadpooled_year": null,
 "deadpooled_month": null,
 "deadpooled_day": null,
 "deadpooled_url": null,
 "tag_list": "hospital-beds-manufacturer, professional-hospital-furniture-manufacturers",
 "alias_list": null,
 "email_address": "acme_enterprises@indiatimes.com",
 "phone_number": "+91-11-28742683",
 "description": "Hospital Furniture manufacturers",
 "created_at": "Fri Oct 18 05:23:55 UTC 2013",
 "updated_at": "Fri Oct 18 23:09:38 UTC 2013",
 "overview": "\u003Cp\u003EACME Enterprises is known as Professional Hospital Furniture manufacturers, Hospital Beds Manufacturer in Delhi Jaipur India.\u003C/p\u003E\n\n\u003Cp\u003EACME Enterprises has ISO 9001:2008, ISO 14001:2004, ISO 13485:2003 \u0026amp; CE Certification in the field of Hospital Furniture. \u003C/p\u003E\n\n\u003Cp\u003EOur manufactured Furniture and Beds are tested, checked \u0026amp; evaluated at each stage of manufacturing process so as we produce a faultless \u0026amp; defect free items.\u003C/p\u003E\n\n\u003Cp\u003EWe have specialization in providing the finest finishes to items. Our manufactured items satisfy each customer according to his choice \u0026amp; affordable price.\u003C/p\u003E\n\n\u003Cp\u003EWe are a prominent Patient Furniture Manufacturer offering a wide range of Hospital Furniture are.\u003C/p\u003E\n\n\u003Cpre\u003E\u003Ccode\u003E   1: Hospital Beds\n   2: Delivery Beds/Tables\n   3: Patient Transfer Trolleys\n   4: Examination Tables\n   5: Ward Equipments\n   6: OT Equipments\n   7: Wheel Chairs\n   8: Other Equipments\n   9: OT Lights\n\u003C/code\u003E\u003C/pre\u003E\n\n\u003Cp\u003EFor More Info Contact US: \u003C/p\u003E\n\n\u003Cp\u003EAddress: E-5 \u0026amp; 6, UGF, Local Shopping Complex, \nD.D.A Market, New Rajinder Nagar,\nNew Delhi - 110060\u003C/p\u003E",
 "image":
  {"available_sizes":
    [[[150,
       50],
      "http://api-images.crunchbase.com/assets/images/resized/0034/3925/343925v2-max-150x150.png"],
     [[250,
       84],
      "http://api-images.crunchbase.com/assets/images/resized/0034/3925/343925v2-max-250x250.png"],
     [[450,
       152],
      "http://api-images.crunchbase.com/assets/images/resized/0034/3925/343925v2-max-450x450.png"]],
   "attribution": null},
 "products":
  [],
 "relationships":
  [],
 "competitions":
  [],
 "providerships":
  [],
 "total_money_raised": "$0",
 "funding_rounds":
  [],
 "investments":
  [],
 "acquisition": null,
 "acquisitions":
  [],
 "offices":
  [],
 "milestones":
  [],
 "ipo": null,
 "video_embeds":
  [],
 "screenshots":
  [],
 "external_links":
  [],
 "partners":
  []}
