{"name": "AcreWhite",
 "permalink": "acrewhite",
 "crunchbase_url": "http://www.crunchbase.com/company/acrewhite",
 "homepage_url": "http://www.acrewhite.com",
 "blog_url": "",
 "blog_feed_url": "",
 "twitter_username": "ibrlive",
 "category_code": "advertising",
 "number_of_employees": 15,
 "founded_year": 2012,
 "founded_month": 10,
 "founded_day": 1,
 "deadpooled_year": null,
 "deadpooled_month": null,
 "deadpooled_day": null,
 "deadpooled_url": null,
 "tag_list": "media, publishing, events",
 "alias_list": null,
 "email_address": "info@acrewhite.com",
 "phone_number": "",
 "description": "Publishing ",
 "created_at": "Mon Nov 04 18:13:26 UTC 2013",
 "updated_at": "Thu Nov 07 23:25:52 UTC 2013",
 "overview": "\u003Cp\u003EAcreWhite is a global media \u0026amp; events company and publishes the International Business Review.\u003C/p\u003E",
 "image": null,
 "products":
  [],
 "relationships":
  [{"is_past": false,
    "title": "CEO",
    "person":
     {"first_name": "Daniel",
      "last_name": "Seal",
      "permalink": "daniel-seal"}},
   {"is_past": false,
    "title": "COO",
    "person":
     {"first_name": "Anthony",
      "last_name": "Beilin",
      "permalink": "anthony-beilin"}}],
 "competitions":
  [],
 "providerships":
  [],
 "total_money_raised": "$0",
 "funding_rounds":
  [],
 "investments":
  [],
 "acquisition": null,
 "acquisitions":
  [],
 "offices":
  [{"description": "London Office",
    "address1": "Kings Cross",
    "address2": "",
    "zip_code": "N1",
    "city": "London",
    "state_code": null,
    "country_code": "GBR",
    "latitude": null,
    "longitude": null}],
 "milestones":
  [],
 "ipo": null,
 "video_embeds":
  [],
 "screenshots":
  [],
 "external_links":
  [],
 "partners":
  []}
