{"name": "ActionRun",
 "permalink": "actionrun",
 "crunchbase_url": "http://www.crunchbase.com/company/actionrun",
 "homepage_url": "http://actionrun.com",
 "blog_url": "http://actionrun.com/blog",
 "blog_feed_url": "",
 "twitter_username": "ActionRunInc",
 "category_code": "software",
 "number_of_employees": null,
 "founded_year": 2008,
 "founded_month": null,
 "founded_day": null,
 "deadpooled_year": null,
 "deadpooled_month": null,
 "deadpooled_day": null,
 "deadpooled_url": null,
 "tag_list": "",
 "alias_list": "",
 "email_address": "sales@actionrun.com",
 "phone_number": "877.890.0010",
 "description": "",
 "created_at": "Tue Nov 26 05:54:11 UTC 2013",
 "updated_at": "Tue Nov 26 05:54:11 UTC 2013",
 "overview": "\u003Cp\u003EActionrun Inc. develops software solutions for the healthcare sector. Its solutions include Practice Activator, a software service for dental practices that analyzes patients\u0026#8217; records in their practice management software database and selects a group of patients to receive recall letters, which are customized based on the dental profile and treatment history of the patient; and Practice Monitor, a service to monitor the performance of external and internal marketing efforts. The company produces and sends the letters to patients on behalf of users. Actionrun Inc. was incorporated in 2008 and is based in Mountain View, California.\u003C/p\u003E",
 "image":
  {"available_sizes":
    [[[150,
       93],
      "http://api-images.crunchbase.com/assets/images/resized/0036/5639/365639v1-max-150x150.jpg"],
     [[200,
       125],
      "http://api-images.crunchbase.com/assets/images/resized/0036/5639/365639v1-max-250x250.jpg"],
     [[200,
       125],
      "http://api-images.crunchbase.com/assets/images/resized/0036/5639/365639v1-max-450x450.jpg"]],
   "attribution": null},
 "products":
  [],
 "relationships":
  [{"is_past": false,
    "title": "CEO",
    "person":
     {"first_name": "Satya",
      "last_name": "Misra",
      "permalink": "satya-misra"}},
   {"is_past": false,
    "title": "President \u0026 CTO",
    "person":
     {"first_name": "Ali",
      "last_name": "S. Kazeroonian",
      "permalink": "ali-s-kazeroonian"}}],
 "competitions":
  [],
 "providerships":
  [],
 "total_money_raised": "$1.51M",
 "funding_rounds":
  [{"id": 55991,
    "round_code": "partial",
    "source_url": "http://www.sec.gov/Archives/edgar/data/1513343/000151334311000003/xslFormDX01/primary_doc.xml",
    "source_description": "SEC",
    "raised_amount": 1510005.0,
    "raised_currency_code": "USD",
    "funded_year": 2011,
    "funded_month": 2,
    "funded_day": 25,
    "investments":
     []}],
 "investments":
  [],
 "acquisition": null,
 "acquisitions":
  [],
 "offices":
  [{"description": "Action Run Inc.",
    "address1": "655 W Evelyn Avenue",
    "address2": "Suite 6",
    "zip_code": "94041",
    "city": "Mountain View",
    "state_code": "CA",
    "country_code": "USA",
    "latitude": null,
    "longitude": null}],
 "milestones":
  [],
 "ipo": null,
 "video_embeds":
  [],
 "screenshots":
  [{"available_sizes":
     [[[150,
        75],
       "http://api-images.crunchbase.com/assets/images/resized/0036/5638/365638v1-max-150x150.jpg"],
      [[250,
        125],
       "http://api-images.crunchbase.com/assets/images/resized/0036/5638/365638v1-max-250x250.jpg"],
      [[450,
        225],
       "http://api-images.crunchbase.com/assets/images/resized/0036/5638/365638v1-max-450x450.jpg"]],
    "attribution": null}],
 "external_links":
  [],
 "partners":
  []}
