{"name": "ActX",
 "permalink": "actx",
 "crunchbase_url": "http://www.crunchbase.com/company/actx",
 "homepage_url": "http://actx.com",
 "blog_url": "",
 "blog_feed_url": "",
 "twitter_username": null,
 "category_code": "biotech",
 "number_of_employees": null,
 "founded_year": 2012,
 "founded_month": null,
 "founded_day": null,
 "deadpooled_year": null,
 "deadpooled_month": null,
 "deadpooled_day": null,
 "deadpooled_url": null,
 "tag_list": "",
 "alias_list": "",
 "email_address": "",
 "phone_number": "206-274-1506",
 "description": "",
 "created_at": "Mon Nov 25 11:18:55 UTC 2013",
 "updated_at": "Mon Jan 13 04:15:02 UTC 2014",
 "overview": "\u003Cp\u003EActX, Inc. is a dynamic venture that is focused on making patient genomic information truly useful in everyday medical practice. We are currently seeking a Clinical Geneticist (Ph.D) and Clinical Pharmacist (Pharm.D) to work in a unique, small team environment where innovative new processes assist everyone\u0026#8217;s productivity. Join our team and help us make personalized medicine a reality rather than a dream!\u003C/p\u003E",
 "image":
  {"available_sizes":
    [[[150,
       74],
      "http://api-images.crunchbase.com/assets/images/resized/0036/5228/365228v1-max-150x150.jpg"],
     [[250,
       124],
      "http://api-images.crunchbase.com/assets/images/resized/0036/5228/365228v1-max-250x250.jpg"],
     [[450,
       223],
      "http://api-images.crunchbase.com/assets/images/resized/0036/5228/365228v1-max-450x450.jpg"]],
   "attribution": null},
 "products":
  [],
 "relationships":
  [{"is_past": false,
    "title": "Founder \u0026 CEO",
    "person":
     {"first_name": "Andrew",
      "last_name": "Ury",
      "permalink": "andrew-ury"}}],
 "competitions":
  [],
 "providerships":
  [],
 "total_money_raised": "$1.92M",
 "funding_rounds":
  [{"id": 55896,
    "round_code": "seed",
    "source_url": "http://www.finsmes.com/2014/01/actx-raises-1-9m-seed-funding.html",
    "source_description": "ActX Raises $1.9M in Seed Funding",
    "raised_amount": 1920391.0,
    "raised_currency_code": "USD",
    "funded_year": 2014,
    "funded_month": 1,
    "funded_day": 12,
    "investments":
     [{"company": null,
       "financial_org":
        {"name": "Alliance of Angels",
         "permalink": "alliance-of-angels"},
       "person": null}]}],
 "investments":
  [],
 "acquisition": null,
 "acquisitions":
  [],
 "offices":
  [{"description": "",
    "address1": "1100 DEXTER AVENUE NORTH",
    "address2": "SUITE 100",
    "zip_code": "98109",
    "city": "SEATTLE",
    "state_code": "WA",
    "country_code": "USA",
    "latitude": null,
    "longitude": null}],
 "milestones":
  [],
 "ipo": null,
 "video_embeds":
  [],
 "screenshots":
  [{"available_sizes":
     [[[150,
        77],
       "http://api-images.crunchbase.com/assets/images/resized/0036/5227/365227v1-max-150x150.jpg"],
      [[250,
        129],
       "http://api-images.crunchbase.com/assets/images/resized/0036/5227/365227v1-max-250x250.jpg"],
      [[450,
        232],
       "http://api-images.crunchbase.com/assets/images/resized/0036/5227/365227v1-max-450x450.jpg"]],
    "attribution": null}],
 "external_links":
  [],
 "partners":
  []}
