{"name": "Acustream",
 "permalink": "acustream",
 "crunchbase_url": "http://www.crunchbase.com/company/acustream",
 "homepage_url": "http://acustream.com",
 "blog_url": "",
 "blog_feed_url": "",
 "twitter_username": "acustream",
 "category_code": "medical",
 "number_of_employees": null,
 "founded_year": 2007,
 "founded_month": null,
 "founded_day": null,
 "deadpooled_year": null,
 "deadpooled_month": null,
 "deadpooled_day": null,
 "deadpooled_url": null,
 "tag_list": "",
 "alias_list": "",
 "email_address": "rrieger@acustream.com",
 "phone_number": "(866) 200-5187 ",
 "description": "",
 "created_at": "Thu Oct 17 05:34:03 UTC 2013",
 "updated_at": "Sat Dec 21 07:11:53 UTC 2013",
 "overview": "\u003Cp\u003EAcuStream\u0026#8217;s core patent was filed in 2009 and the comapny was formed in 2011 with a mission to help make its healthcare clients more efficient and profitable so they could focus on their primary goal of providing quality healthcare to their patients.\u003C/p\u003E",
 "image":
  {"available_sizes":
    [[[150,
       38],
      "http://api-images.crunchbase.com/assets/images/resized/0034/3282/343282v1-max-150x150.png"],
     [[217,
       56],
      "http://api-images.crunchbase.com/assets/images/resized/0034/3282/343282v1-max-250x250.png"],
     [[217,
       56],
      "http://api-images.crunchbase.com/assets/images/resized/0034/3282/343282v1-max-450x450.png"]],
   "attribution": null},
 "products":
  [],
 "relationships":
  [{"is_past": false,
    "title": "CEO",
    "person":
     {"first_name": "Jeff",
      "last_name": "Colvin",
      "permalink": "jeff-colvin"}},
   {"is_past": false,
    "title": "CFO",
    "person":
     {"first_name": "Tristram",
      "last_name": "E. Collins",
      "permalink": "tristram-e-collins"}},
   {"is_past": false,
    "title": "Founder",
    "person":
     {"first_name": "Russ",
      "last_name": "Curran",
      "permalink": "russ-curran"}}],
 "competitions":
  [],
 "providerships":
  [],
 "total_money_raised": "$2M",
 "funding_rounds":
  [{"id": 52071,
    "round_code": "seed",
    "source_url": "http://marketbrief.com/acustream-inc-form-d-sec-filng-000001?utm_source=twitterfeed\u0026utm_medium=twitter",
    "source_description": " Acustream, Inc raises $2M",
    "raised_amount": 2000000.0,
    "raised_currency_code": "USD",
    "funded_year": 2013,
    "funded_month": 10,
    "funded_day": 16,
    "investments":
     []}],
 "investments":
  [],
 "acquisition": null,
 "acquisitions":
  [],
 "offices":
  [{"description": "",
    "address1": "2590 Trailridge DR E",
    "address2": "Ste 202 Unit 202",
    "zip_code": "80026",
    "city": "Lafayette",
    "state_code": "CO",
    "country_code": "USA",
    "latitude": null,
    "longitude": null}],
 "milestones":
  [],
 "ipo": null,
 "video_embeds":
  [],
 "screenshots":
  [{"available_sizes":
     [[[150,
        83],
       "http://api-images.crunchbase.com/assets/images/resized/0034/3281/343281v1-max-150x150.png"],
      [[250,
        139],
       "http://api-images.crunchbase.com/assets/images/resized/0034/3281/343281v1-max-250x250.png"],
      [[450,
        251],
       "http://api-images.crunchbase.com/assets/images/resized/0034/3281/343281v1-max-450x450.png"]],
    "attribution": null}],
 "external_links":
  [],
 "partners":
  []}
