{"name": "AdAlta",
 "permalink": "adalta",
 "crunchbase_url": "http://www.crunchbase.com/company/adalta",
 "homepage_url": "http://www.adalta.com.au",
 "blog_url": "",
 "blog_feed_url": "",
 "twitter_username": null,
 "category_code": "biotech",
 "number_of_employees": null,
 "founded_year": 2010,
 "founded_month": null,
 "founded_day": null,
 "deadpooled_year": null,
 "deadpooled_month": null,
 "deadpooled_day": null,
 "deadpooled_url": null,
 "tag_list": "",
 "alias_list": "",
 "email_address": "enquiries@adalta.com.au",
 "phone_number": "61-3-9479-5159",
 "description": "Protein based therapeutics",
 "created_at": "Wed Oct 23 18:20:12 UTC 2013",
 "updated_at": "Mon Mar 31 05:01:45 UTC 2014",
 "overview": "\u003Cp\u003EAdAlta Pty Ltd (AdAlta) is a Melbourne based biotech company discovering and developing protein based therapeutics. AdAlta aims to provide an alternative approach to drug discovery by finding novel shark antibody or i-body drug candidate agents for various disease conditions. \u003C/p\u003E\n\n\u003Cp\u003EAdAlta  has significant expertise and proprietary libraries that will enable the discovery and identification of lead candidates. AdAlta can rapidly identify high quality binders from it\u0026#8217;s i-body or shark antibody libraries.\u003C/p\u003E\n\n\u003Cp\u003EA particular focus is given to the discovery of protein therapeutics against non-traditional antibody targets, such as complex membrane spanning proteins. AdAlta\u2019s proprietary discovery technology is particularly well suited to approach this class of drug-targets that formerly was inaccessible to most protein-binder platforms.\u003C/p\u003E\n\n\u003Cp\u003EAdAlta is focused on building a pipeline of therapeutics against clinically validated targets that demonstrate significant advantages over currently marketed protein products. \u003C/p\u003E\n\n\u003Cp\u003EAdAlta also conducts collaborative and contract research. Our approach allows us to leverage the diversity of the AdAlta libraries and apply it to collaborators targets. AdAlta has a number of collaborations with research organization, biotech and pharma companies.\u003C/p\u003E",
 "image":
  {"available_sizes":
    [[[150,
       34],
      "http://api-images.crunchbase.com/assets/images/resized/0034/6940/346940v1-max-150x150.png"],
     [[250,
       57],
      "http://api-images.crunchbase.com/assets/images/resized/0034/6940/346940v1-max-250x250.png"],
     [[450,
       102],
      "http://api-images.crunchbase.com/assets/images/resized/0034/6940/346940v1-max-450x450.png"]],
   "attribution": null},
 "products":
  [],
 "relationships":
  [{"is_past": false,
    "title": "CEO",
    "person":
     {"first_name": "Samantha",
      "last_name": "Cobb",
      "permalink": "samantha-cobb"}},
   {"is_past": false,
    "title": "Board Member",
    "person":
     {"first_name": "James",
      "last_name": "Williams",
      "permalink": "james-williams-5"}},
   {"is_past": false,
    "title": "Board Observer",
    "person":
     {"first_name": "Liddy",
      "last_name": "McCall",
      "permalink": "liddy-mccall"}}],
 "competitions":
  [],
 "providerships":
  [],
 "total_money_raised": null,
 "funding_rounds":
  [{"id": 52542,
    "round_code": "a",
    "source_url": "",
    "source_description": "Yuuwa",
    "raised_amount": 3000000.0,
    "raised_currency_code": "AUD",
    "funded_year": 2010,
    "funded_month": 12,
    "funded_day": 24,
    "investments":
     [{"company": null,
       "financial_org":
        {"name": "Yuuwa Capital",
         "permalink": "yuuwa-capital"},
       "person": null}]}],
 "investments":
  [],
 "acquisition": null,
 "acquisitions":
  [],
 "offices":
  [{"description": "",
    "address1": "15/2 Park Drive",
    "address2": "Victoria",
    "zip_code": "3083",
    "city": "Bundoora",
    "state_code": null,
    "country_code": "AUS",
    "latitude": null,
    "longitude": null}],
 "milestones":
  [],
 "ipo": null,
 "video_embeds":
  [],
 "screenshots":
  [{"available_sizes":
     [[[150,
        86],
       "http://api-images.crunchbase.com/assets/images/resized/0034/6941/346941v1-max-150x150.png"],
      [[250,
        144],
       "http://api-images.crunchbase.com/assets/images/resized/0034/6941/346941v1-max-250x250.png"],
      [[450,
        260],
       "http://api-images.crunchbase.com/assets/images/resized/0034/6941/346941v1-max-450x450.png"]],
    "attribution": null}],
 "external_links":
  [],
 "partners":
  []}
