{"name": "Adallom",
 "permalink": "adallom",
 "crunchbase_url": "http://www.crunchbase.com/company/adallom",
 "homepage_url": "http://adallom.com",
 "blog_url": "http://www.adallom.com/blog/",
 "blog_feed_url": "",
 "twitter_username": "Adallom",
 "category_code": "security",
 "number_of_employees": null,
 "founded_year": 2012,
 "founded_month": null,
 "founded_day": null,
 "deadpooled_year": null,
 "deadpooled_month": null,
 "deadpooled_day": null,
 "deadpooled_url": null,
 "tag_list": "cloud-computing, saas-security, enterprise, saas-applications",
 "alias_list": "",
 "email_address": "",
 "phone_number": "",
 "description": "Cloud Saas Security",
 "created_at": "Mon Nov 25 18:05:28 UTC 2013",
 "updated_at": "Thu Jan 30 03:38:41 UTC 2014",
 "overview": "\u003Cp\u003EFounded in 2012 by alumni of the Israeli Intelligence Corps, Adallom is a Software-as-a-Service (SaaS) security company. Adallom evolves the way that enterprises secure their SaaS applications by monitoring application usage, auditing user activity, and protecting users and information from threats in real time. \u003C/p\u003E\n\n\u003Cp\u003EAdallom is an abbreviation of the Hebrew saying \u201cAd Halom\u201d which literally means \u201cup to here\u201d or \u201cthe last line of defense.\u201d In the context of SaaS, Adallom\u2019s founders believe that pre-existing defense mechanisms are ineffective at protecting information in SaaS. So they created a solution that extends the boundaries of enterprise security into the cloud, moving control, visibility, and detection directly into SaaS, away from devices and perimeters. In the SaaS era, security can\u2019t be bounded. Adallom\u2019s charter is Security Without Boundaries.\u003C/p\u003E\n\n\u003Cp\u003EAdallom is available in a private cloud or a SaaS-based solution. Adallom is backed by top tier VC firms Sequoia Capital and Index Ventures.\u003C/p\u003E",
 "image":
  {"available_sizes":
    [[[150,
       56],
      "http://api-images.crunchbase.com/assets/images/resized/0036/5407/365407v1-max-150x150.png"],
     [[208,
       78],
      "http://api-images.crunchbase.com/assets/images/resized/0036/5407/365407v1-max-250x250.png"],
     [[208,
       78],
      "http://api-images.crunchbase.com/assets/images/resized/0036/5407/365407v1-max-450x450.png"]],
   "attribution": null},
 "products":
  [],
 "relationships":
  [{"is_past": false,
    "title": "Co-Founder \u0026 VP R\u0026D",
    "person":
     {"first_name": "Roy",
      "last_name": "Reznik",
      "permalink": "roy-reznik"}},
   {"is_past": false,
    "title": "Co-Founder \u0026 CEO",
    "person":
     {"first_name": "Assaf",
      "last_name": "Rappaport",
      "permalink": "assaf-rappaport"}},
   {"is_past": false,
    "title": "Co-Founder \u0026 CTO",
    "person":
     {"first_name": "Ami",
      "last_name": "Luttwak",
      "permalink": "ami-luttwak"}}],
 "competitions":
  [],
 "providerships":
  [],
 "total_money_raised": "$19.5M",
 "funding_rounds":
  [{"id": 55951,
    "round_code": "a",
    "source_url": "http://www.adallom.com/company/",
    "source_description": "Adallom ",
    "raised_amount": 4500000.0,
    "raised_currency_code": "USD",
    "funded_year": 2012,
    "funded_month": 12,
    "funded_day": null,
    "investments":
     [{"company": null,
       "financial_org":
        {"name": "Sequoia Capital",
         "permalink": "sequoia-capital"},
       "person": null}]},
   {"id": 61752,
    "round_code": "b",
    "source_url": "http://www.finsmes.com/2014/01/adallom-closes-15m-in-series-b-funding.html",
    "source_description": "Adallom Closes $15M in Series B Funding",
    "raised_amount": 15000000.0,
    "raised_currency_code": "USD",
    "funded_year": 2014,
    "funded_month": 1,
    "funded_day": 20,
    "investments":
     [{"company": null,
       "financial_org":
        {"name": "Index Ventures",
         "permalink": "index-ventures"},
       "person": null},
      {"company": null,
       "financial_org":
        {"name": "Sequoia Capital",
         "permalink": "sequoia-capital"},
       "person": null}]}],
 "investments":
  [],
 "acquisition": null,
 "acquisitions":
  [],
 "offices":
  [{"description": "HQ",
    "address1": "",
    "address2": "",
    "zip_code": "",
    "city": "Menlo Park",
    "state_code": "CA",
    "country_code": "USA",
    "latitude": null,
    "longitude": null},
   {"description": "R\u0026D",
    "address1": "",
    "address2": "",
    "zip_code": "",
    "city": "Tel Aviv",
    "state_code": null,
    "country_code": "ISR",
    "latitude": null,
    "longitude": null}],
 "milestones":
  [{"id": 44390,
    "description": "Announced General Availability",
    "stoned_year": 2013,
    "stoned_month": 11,
    "stoned_day": 12,
    "source_url": "http://www.crunchbase.com/company/adallom/edit_milestones",
    "source_text": null,
    "source_description": "The Next Israeli Success Story? - Adallom - Uber Control For Cloud Customers",
    "stoneable_type": "Company",
    "stoned_value": null,
    "stoned_value_type": null,
    "stoned_acquirer": null,
    "stoneable":
     {"name": "Adallom",
      "permalink": "adallom"}}],
 "ipo": null,
 "video_embeds":
  [{"embed_code": "\u003Ciframe width=\"430\" height=\"315\" src=\"//www.youtube.com/embed/GygAM7JIqxw\" frameborder=\"0\" allowfullscreen\u003E\u003C/iframe\u003E",
    "description": "\u003Cp\u003EHow Adallom Can Protect Your SaaS Usage\u003C/p\u003E"}],
 "screenshots":
  [{"available_sizes":
     [[[150,
        128],
       "http://api-images.crunchbase.com/assets/images/resized/0037/8129/378129v2-max-150x150.png"],
      [[250,
        214],
       "http://api-images.crunchbase.com/assets/images/resized/0037/8129/378129v2-max-250x250.png"],
      [[450,
        385],
       "http://api-images.crunchbase.com/assets/images/resized/0037/8129/378129v2-max-450x450.png"]],
    "attribution": null},
   {"available_sizes":
     [[[131,
        150],
       "http://api-images.crunchbase.com/assets/images/resized/0037/8131/378131v2-max-150x150.png"],
      [[218,
        250],
       "http://api-images.crunchbase.com/assets/images/resized/0037/8131/378131v2-max-250x250.png"],
      [[393,
        450],
       "http://api-images.crunchbase.com/assets/images/resized/0037/8131/378131v2-max-450x450.png"]],
    "attribution": null},
   {"available_sizes":
     [[[150,
        59],
       "http://api-images.crunchbase.com/assets/images/resized/0037/8135/378135v2-max-150x150.png"],
      [[250,
        99],
       "http://api-images.crunchbase.com/assets/images/resized/0037/8135/378135v2-max-250x250.png"],
      [[439,
        174],
       "http://api-images.crunchbase.com/assets/images/resized/0037/8135/378135v2-max-450x450.png"]],
    "attribution": null}],
 "external_links":
  [],
 "partners":
  []}
