{"name": "Adams Homes",
 "permalink": "adams-homes",
 "crunchbase_url": "http://www.crunchbase.com/company/adams-homes",
 "homepage_url": "http://www.adamshomes.com",
 "blog_url": "",
 "blog_feed_url": "",
 "twitter_username": null,
 "category_code": "real_estate",
 "number_of_employees": null,
 "founded_year": 1991,
 "founded_month": null,
 "founded_day": null,
 "deadpooled_year": null,
 "deadpooled_month": null,
 "deadpooled_day": null,
 "deadpooled_url": null,
 "tag_list": "luxury-home-builders, luxury-custom-home-builders, southern-home-builders, adams-homes",
 "alias_list": null,
 "email_address": "adamshomes2013@gmail.com",
 "phone_number": "850-934-0470",
 "description": "Luxury Home Builders",
 "created_at": "Thu Oct 17 04:44:02 UTC 2013",
 "updated_at": "Thu Oct 17 22:25:51 UTC 2013",
 "overview": "\u003Cp\u003ESince 1991, Adams Homes has been delivering unparalleled value to homeowners in the southeastern United States, including Florida, Alabama, Mississippi, Georgia, Tennessee, South Carolina, North Carolina. As one of the largest privately-held homebuilders in the country, we offer homebuyers both the benefit of purchasing from a local, owner-operated builder and the benefit of purchasing from a large, established builder. We invite you to learn more by visiting Why Adams Homes or by choosing an area from the map.\u003C/p\u003E",
 "image":
  {"available_sizes":
    [[[150,
       27],
      "http://api-images.crunchbase.com/assets/images/resized/0034/3241/343241v2-max-150x150.png"],
     [[250,
       46],
      "http://api-images.crunchbase.com/assets/images/resized/0034/3241/343241v2-max-250x250.png"],
     [[450,
       83],
      "http://api-images.crunchbase.com/assets/images/resized/0034/3241/343241v2-max-450x450.png"]],
   "attribution": null},
 "products":
  [],
 "relationships":
  [],
 "competitions":
  [],
 "providerships":
  [],
 "total_money_raised": "$0",
 "funding_rounds":
  [],
 "investments":
  [],
 "acquisition": null,
 "acquisitions":
  [],
 "offices":
  [],
 "milestones":
  [],
 "ipo": null,
 "video_embeds":
  [],
 "screenshots":
  [],
 "external_links":
  [],
 "partners":
  []}
