{"name": "Adaptify",
 "permalink": "adaptify",
 "crunchbase_url": "http://www.crunchbase.com/company/adaptify",
 "homepage_url": "http://adaptify.me",
 "blog_url": "",
 "blog_feed_url": "",
 "twitter_username": "adaptifyme",
 "category_code": "software",
 "number_of_employees": null,
 "founded_year": 2013,
 "founded_month": 10,
 "founded_day": 1,
 "deadpooled_year": null,
 "deadpooled_month": null,
 "deadpooled_day": null,
 "deadpooled_url": null,
 "tag_list": "web, development, startup, desgin, responsive, rwd, london",
 "alias_list": null,
 "email_address": "hello@adaptify.me",
 "phone_number": "02075370178",
 "description": "Web design and development service.",
 "created_at": "Fri Oct 18 12:33:02 UTC 2013",
 "updated_at": "Wed Nov 06 01:02:34 UTC 2013",
 "overview": null,
 "image":
  {"available_sizes":
    [[[150,
       150],
      "http://api-images.crunchbase.com/assets/images/resized/0034/7485/347485v2-max-150x150.png"],
     [[180,
       180],
      "http://api-images.crunchbase.com/assets/images/resized/0034/7485/347485v2-max-250x250.png"],
     [[180,
       180],
      "http://api-images.crunchbase.com/assets/images/resized/0034/7485/347485v2-max-450x450.png"]],
   "attribution": null},
 "products":
  [],
 "relationships":
  [{"is_past": false,
    "title": "CEO",
    "person":
     {"first_name": "Arek",
      "last_name": "Komarnicki",
      "permalink": "arek-komarnicki"}}],
 "competitions":
  [],
 "providerships":
  [],
 "total_money_raised": "$0",
 "funding_rounds":
  [],
 "investments":
  [],
 "acquisition": null,
 "acquisitions":
  [],
 "offices":
  [{"description": "London Office",
    "address1": "86-90 Paul Street",
    "address2": "",
    "zip_code": "EC2A 4NE",
    "city": "London",
    "state_code": null,
    "country_code": "GBR",
    "latitude": null,
    "longitude": null}],
 "milestones":
  [{"id": 41587,
    "description": "OPL Award",
    "stoned_year": 2013,
    "stoned_month": 10,
    "stoned_day": 22,
    "source_url": "http://onepagelove.com/adaptify",
    "source_text": null,
    "source_description": "One Page Love Awards - Adaptify",
    "stoneable_type": "Company",
    "stoned_value": null,
    "stoned_value_type": null,
    "stoned_acquirer": null,
    "stoneable":
     {"name": "Adaptify",
      "permalink": "adaptify"}},
   {"id": 41588,
    "description": "CSS Legends Site Of The Week Nominee",
    "stoned_year": 2013,
    "stoned_month": 10,
    "stoned_day": 23,
    "source_url": "http://www.csslegend.com/2013/10/24/adaptify/",
    "source_text": null,
    "source_description": "CSS Legend SOTW Nominee - Adaptify",
    "stoneable_type": "Company",
    "stoned_value": null,
    "stoned_value_type": null,
    "stoned_acquirer": null,
    "stoneable":
     {"name": "Adaptify",
      "permalink": "adaptify"}}],
 "ipo": null,
 "video_embeds":
  [],
 "screenshots":
  [],
 "external_links":
  [],
 "partners":
  []}
