{"name": "Adapta Medical",
 "permalink": "adapta-medical",
 "crunchbase_url": "http://www.crunchbase.com/company/adapta-medical",
 "homepage_url": "http://www.adapta-medical.com",
 "blog_url": "",
 "blog_feed_url": "",
 "twitter_username": "AdaptaMedical",
 "category_code": "medical",
 "number_of_employees": null,
 "founded_year": null,
 "founded_month": null,
 "founded_day": null,
 "deadpooled_year": null,
 "deadpooled_month": null,
 "deadpooled_day": null,
 "deadpooled_url": null,
 "tag_list": "",
 "alias_list": "",
 "email_address": "",
 "phone_number": "855-329-8355",
 "description": "",
 "created_at": "Mon Dec 02 07:12:49 UTC 2013",
 "updated_at": "Tue Feb 18 12:58:13 UTC 2014",
 "overview": "\u003Cp\u003EAdapta Medical, Inc. develops and manufactures urinary catheterization systems. It offers PerfIC Cath, a disposable intermittent urinary catheter for individuals with spinal cord injury, multiple sclerosis, diabetes, spina bifida, and other conditions. The company was formerly known as Colorado Catheter Company, Inc. and changed its name to Adapta Medical, Inc. on June 30, 2010. Adapta Medical, Inc. was incorporated in 2005 and is based in Colorado Springs, Colorado.\u003C/p\u003E",
 "image":
  {"available_sizes":
    [[[150,
       53],
      "http://api-images.crunchbase.com/assets/images/resized/0036/8631/368631v1-max-150x150.png"],
     [[250,
       88],
      "http://api-images.crunchbase.com/assets/images/resized/0036/8631/368631v1-max-250x250.png"],
     [[267,
       95],
      "http://api-images.crunchbase.com/assets/images/resized/0036/8631/368631v1-max-450x450.png"]],
   "attribution": null},
 "products":
  [],
 "relationships":
  [],
 "competitions":
  [],
 "providerships":
  [],
 "total_money_raised": "$225k",
 "funding_rounds":
  [{"id": 56719,
    "round_code": "partial",
    "source_url": "http://www.sec.gov/Archives/edgar/data/1365686/000150340411000001/xslFormDX01/primary_doc.xml",
    "source_description": "SEC",
    "raised_amount": 125000.0,
    "raised_currency_code": "USD",
    "funded_year": 2011,
    "funded_month": 1,
    "funded_day": 10,
    "investments":
     []},
   {"id": 65126,
    "round_code": "partial",
    "source_url": "http://www.sec.gov/Archives/edgar/data/1365686/000136568609000005/xslFormDX01/primary_doc.xml",
    "source_description": "SEC",
    "raised_amount": 100000.0,
    "raised_currency_code": "USD",
    "funded_year": 2009,
    "funded_month": 5,
    "funded_day": 29,
    "investments":
     []}],
 "investments":
  [],
 "acquisition": null,
 "acquisitions":
  [],
 "offices":
  [{"description": "",
    "address1": "",
    "address2": "142 Talamine Court",
    "zip_code": "80906",
    "city": "Colorado Springs",
    "state_code": "CO",
    "country_code": "USA",
    "latitude": null,
    "longitude": null}],
 "milestones":
  [],
 "ipo": null,
 "video_embeds":
  [],
 "screenshots":
  [{"available_sizes":
     [[[150,
        68],
       "http://api-images.crunchbase.com/assets/images/resized/0036/8630/368630v1-max-150x150.png"],
      [[250,
        113],
       "http://api-images.crunchbase.com/assets/images/resized/0036/8630/368630v1-max-250x250.png"],
      [[450,
        204],
       "http://api-images.crunchbase.com/assets/images/resized/0036/8630/368630v1-max-450x450.png"]],
    "attribution": null}],
 "external_links":
  [],
 "partners":
  []}
