{"name": "AdCamp",
 "permalink": "adcamp",
 "crunchbase_url": "http://www.crunchbase.com/company/adcamp",
 "homepage_url": null,
 "blog_url": null,
 "blog_feed_url": null,
 "twitter_username": null,
 "category_code": null,
 "number_of_employees": null,
 "founded_year": null,
 "founded_month": null,
 "founded_day": null,
 "deadpooled_year": null,
 "deadpooled_month": null,
 "deadpooled_day": null,
 "deadpooled_url": null,
 "tag_list": null,
 "alias_list": null,
 "email_address": null,
 "phone_number": null,
 "description": null,
 "created_at": "Fri Nov 29 18:16:21 UTC 2013",
 "updated_at": "Sat Nov 30 23:00:57 UTC 2013",
 "overview": null,
 "image": null,
 "products":
  [],
 "relationships":
  [],
 "competitions":
  [],
 "providerships":
  [],
 "total_money_raised": "$0",
 "funding_rounds":
  [],
 "investments":
  [],
 "acquisition":
  {"price_amount": null,
   "price_currency_code": "USD",
   "term_code": null,
   "source_url": "http://venturebeat.com/2013/11/11/russian-mobile-ad-investing/",
   "source_description": "VentureBeat",
   "acquired_year": 2013,
   "acquired_month": 10,
   "acquired_day": null,
   "acquiring_company":
    {"name": "Pult Group",
     "permalink": "pult-group"}},
 "acquisitions":
  [],
 "offices":
  [],
 "milestones":
  [],
 "ipo": null,
 "video_embeds":
  [],
 "screenshots":
  [],
 "external_links":
  [],
 "partners":
  []}
