{"name": "Addison Group",
 "permalink": "addison-group",
 "crunchbase_url": "http://www.crunchbase.com/company/addison-group",
 "homepage_url": "http://www.addisongroup.com",
 "blog_url": "",
 "blog_feed_url": "",
 "twitter_username": null,
 "category_code": null,
 "number_of_employees": null,
 "founded_year": null,
 "founded_month": null,
 "founded_day": null,
 "deadpooled_year": null,
 "deadpooled_month": null,
 "deadpooled_day": null,
 "deadpooled_url": null,
 "tag_list": "",
 "alias_list": "",
 "email_address": "",
 "phone_number": "(312) 424-0300",
 "description": "",
 "created_at": "Fri Oct 25 19:49:06 UTC 2013",
 "updated_at": "Fri Oct 25 19:49:32 UTC 2013",
 "overview": "\u003Cp\u003EWe specialize in filling your company\u2019s contract, contract-to-hire, or direct hire positions with professional candidates. Our connections\u2006\u2014\u2006and our candidates\u2006\u2014\u2006are second to none. We aim to make business personal again.\u003C/p\u003E\n\n\u003Cp\u003EAddison Group\u0026#8217;s exemplary leadership team has a transformative vision for the staffing industry that has led the organization from humble beginnings to nationwide success, repeatedly winning awards as one of the fastest growing private staffing firms. Addison Group also sets the bar for its workplace environment, and was recently identified as one of Chicago\u0026#8217;s Top 100 Workplaces (Chicago Tribune), in addition to various industry awards for its exceptional Client and Candidate service. Read more about our Executive Team and CEO, Thomas B. Moran.\u003C/p\u003E\n\n\u003Cp\u003EAddison Group has enjoyed rapid growth since its inception in 1999, when a group of visionary industry leaders in Chicago set out with the simple goal of recruiting the best candidates for the best companies. With the help of its strategic investment partner, Lake Capital, Addison Group has expanded its reach across the country through nine offices and seven core industry sectors, from Administrative to IT.\u003C/p\u003E",
 "image":
  {"available_sizes":
    [[[150,
       46],
      "http://api-images.crunchbase.com/assets/images/resized/0034/8289/348289v1-max-150x150.png"],
     [[250,
       78],
      "http://api-images.crunchbase.com/assets/images/resized/0034/8289/348289v1-max-250x250.png"],
     [[333,
       104],
      "http://api-images.crunchbase.com/assets/images/resized/0034/8289/348289v1-max-450x450.png"]],
   "attribution": null},
 "products":
  [],
 "relationships":
  [],
 "competitions":
  [],
 "providerships":
  [],
 "total_money_raised": "$0",
 "funding_rounds":
  [],
 "investments":
  [],
 "acquisition": null,
 "acquisitions":
  [],
 "offices":
  [{"description": "Chicago Headquarters",
    "address1": "125 S. Wacker Dr., 27th Floor",
    "address2": "",
    "zip_code": "60606",
    "city": "Chicago",
    "state_code": "IL",
    "country_code": "USA",
    "latitude": null,
    "longitude": null}],
 "milestones":
  [],
 "ipo": null,
 "video_embeds":
  [],
 "screenshots":
  [],
 "external_links":
  [],
 "partners":
  []}
