{"name": "AddLance.com",
 "permalink": "addlance-com",
 "crunchbase_url": "http://www.crunchbase.com/company/addlance-com",
 "homepage_url": "http://www.addlance.com",
 "blog_url": "",
 "blog_feed_url": "",
 "twitter_username": "AddLance",
 "category_code": "ecommerce",
 "number_of_employees": null,
 "founded_year": 2012,
 "founded_month": null,
 "founded_day": null,
 "deadpooled_year": null,
 "deadpooled_month": null,
 "deadpooled_day": null,
 "deadpooled_url": null,
 "tag_list": "",
 "alias_list": null,
 "email_address": "service@addlance.com",
 "phone_number": "",
 "description": "service online platform",
 "created_at": "Sun Dec 01 16:37:49 UTC 2013",
 "updated_at": "Wed Dec 04 01:04:57 UTC 2013",
 "overview": "\u003Cp\u003EAddLance is an online and mobile platform to facilitate the matching between demand and supply of services.\nAddlance users are Freelancers, Agencies, SMEs and Entrepreneurs. \u003C/p\u003E",
 "image":
  {"available_sizes":
    [[[150,
       19],
      "http://api-images.crunchbase.com/assets/images/resized/0036/8401/368401v2-max-150x150.png"],
     [[250,
       33],
      "http://api-images.crunchbase.com/assets/images/resized/0036/8401/368401v2-max-250x250.png"],
     [[450,
       59],
      "http://api-images.crunchbase.com/assets/images/resized/0036/8401/368401v2-max-450x450.png"]],
   "attribution": null},
 "products":
  [],
 "relationships":
  [],
 "competitions":
  [],
 "providerships":
  [],
 "total_money_raised": "$0",
 "funding_rounds":
  [],
 "investments":
  [],
 "acquisition": null,
 "acquisitions":
  [],
 "offices":
  [],
 "milestones":
  [{"id": 43689,
    "description": "online public beta",
    "stoned_year": 2013,
    "stoned_month": 12,
    "stoned_day": 1,
    "source_url": "http://www.addlance.com/",
    "source_text": null,
    "source_description": "http://www.addlance.com/",
    "stoneable_type": "Company",
    "stoned_value": null,
    "stoned_value_type": null,
    "stoned_acquirer": null,
    "stoneable":
     {"name": "AddLance.com",
      "permalink": "addlance-com"}}],
 "ipo": null,
 "video_embeds":
  [],
 "screenshots":
  [{"available_sizes":
     [[[109,
        150],
       "http://api-images.crunchbase.com/assets/images/resized/0036/8400/368400v2-max-150x150.png"],
      [[183,
        250],
       "http://api-images.crunchbase.com/assets/images/resized/0036/8400/368400v2-max-250x250.png"],
      [[329,
        450],
       "http://api-images.crunchbase.com/assets/images/resized/0036/8400/368400v2-max-450x450.png"]],
    "attribution": null}],
 "external_links":
  [],
 "partners":
  []}
