{"name": "addwish",
 "permalink": "addwish",
 "crunchbase_url": "http://www.crunchbase.com/company/addwish",
 "homepage_url": "http://addwish.com",
 "blog_url": "",
 "blog_feed_url": "",
 "twitter_username": "addwish",
 "category_code": "ecommerce",
 "number_of_employees": 10,
 "founded_year": 2013,
 "founded_month": 6,
 "founded_day": null,
 "deadpooled_year": null,
 "deadpooled_month": null,
 "deadpooled_day": null,
 "deadpooled_url": null,
 "tag_list": "wish-lists, gifts, e-commerce, online-shopping",
 "alias_list": null,
 "email_address": "",
 "phone_number": "+45 3131 9141",
 "description": "wish lists that connect to online shops",
 "created_at": "Wed Nov 27 13:44:18 UTC 2013",
 "updated_at": "Sat Nov 30 23:09:16 UTC 2013",
 "overview": "\u003Cp\u003Eaddwish is a provider of wish list services for both consumers and online shops. Consumers can easily create wishlists to share with their family and friends. The highly intuitive interface on both addwish.com and on its iOS and Android mobile apps makes gift giving easier than ever before. For online retailers, addwish supplies a webshop plugin that enables the addwish functionality directly on their websites. As added benefit for the merchants, addwish promotes and suggests the products from their webshops to its users, resulting in traffic and lead generation.\u003C/p\u003E",
 "image":
  {"available_sizes":
    [[[150,
       45],
      "http://api-images.crunchbase.com/assets/images/resized/0036/7720/367720v3-max-150x150.png"],
     [[250,
       75],
      "http://api-images.crunchbase.com/assets/images/resized/0036/7720/367720v3-max-250x250.png"],
     [[400,
       120],
      "http://api-images.crunchbase.com/assets/images/resized/0036/7720/367720v3-max-450x450.png"]],
   "attribution": null},
 "products":
  [],
 "relationships":
  [{"is_past": false,
    "title": "Co-founder",
    "person":
     {"first_name": "Brian",
      "last_name": "Petersen",
      "permalink": "brian-petersen"}},
   {"is_past": false,
    "title": "Co-founder",
    "person":
     {"first_name": "Kasper",
      "last_name": "Refskou Jensen",
      "permalink": "kasper-refskou-jensen"}}],
 "competitions":
  [],
 "providerships":
  [],
 "total_money_raised": "$1.8M",
 "funding_rounds":
  [{"id": 56497,
    "round_code": "seed",
    "source_url": "http://techcrunch.com/2013/11/28/wishlist-startup-addwish-nabs-1-8m-seed-from-sunstone-capital-to-grow-its-presence-in-the-u-s/",
    "source_description": "Wishlist Startup, Addwish, Nabs $1.8M Seed From Sunstone Capital To Grow Its Presence In The U.S.",
    "raised_amount": 1800000.0,
    "raised_currency_code": "USD",
    "funded_year": 2013,
    "funded_month": 11,
    "funded_day": 28,
    "investments":
     [{"company": null,
       "financial_org":
        {"name": "Sunstone Capital",
         "permalink": "sunstone-capital"},
       "person": null}]}],
 "investments":
  [],
 "acquisition": null,
 "acquisitions":
  [],
 "offices":
  [{"description": "Headquarters",
    "address1": "N\u00f8rregade 6",
    "address2": "",
    "zip_code": "DK-1165",
    "city": "Copenhagen",
    "state_code": null,
    "country_code": "DNK",
    "latitude": null,
    "longitude": null}],
 "milestones":
  [],
 "ipo": null,
 "video_embeds":
  [],
 "screenshots":
  [{"available_sizes":
     [[[150,
        83],
       "http://api-images.crunchbase.com/assets/images/resized/0036/7721/367721v1-max-150x150.png"],
      [[250,
        139],
       "http://api-images.crunchbase.com/assets/images/resized/0036/7721/367721v1-max-250x250.png"],
      [[450,
        251],
       "http://api-images.crunchbase.com/assets/images/resized/0036/7721/367721v1-max-450x450.png"]],
    "attribution": null}],
 "external_links":
  [],
 "partners":
  []}
