{"name": "Adfun",
 "permalink": "adfun",
 "crunchbase_url": "http://www.crunchbase.com/company/adfun",
 "homepage_url": "http://GoAdfun.com",
 "blog_url": "http://goadfun.tumblr.com/",
 "blog_feed_url": "",
 "twitter_username": "adfuninc",
 "category_code": "mobile",
 "number_of_employees": 6,
 "founded_year": 2013,
 "founded_month": 1,
 "founded_day": 1,
 "deadpooled_year": null,
 "deadpooled_month": null,
 "deadpooled_day": null,
 "deadpooled_url": null,
 "tag_list": "mobile, advertising, marketing, ads, ad-networks, mobile-app, google-play, ios, android, apple, fun, prizes, friends, social-networking, media, social-networks, social-media",
 "alias_list": null,
 "email_address": "Support@GoAdfun.com",
 "phone_number": "",
 "description": "Mobile Rewards App company",
 "created_at": "Fri Oct 25 22:31:04 UTC 2013",
 "updated_at": "Sun Oct 27 22:11:00 UTC 2013",
 "overview": "\u003Cp\u003EAdfun works to cultivate a community of friends who love to win prizes together. \u003C/p\u003E\n\n\u003Cp\u003EIn order to do so, Adfun provides a mobile platform where companies can build further brand exposure while users are rewarded some great prizes in the process. Through broadcasting ads and offering great rewards, Adfun hopes to bring people together for an overall fun and enjoyable ad watching experience.\u003C/p\u003E",
 "image":
  {"available_sizes":
    [[[150,
       150],
      "http://api-images.crunchbase.com/assets/images/resized/0034/8336/348336v2-max-150x150.png"],
     [[250,
       250],
      "http://api-images.crunchbase.com/assets/images/resized/0034/8336/348336v2-max-250x250.png"],
     [[256,
       256],
      "http://api-images.crunchbase.com/assets/images/resized/0034/8336/348336v2-max-450x450.png"]],
   "attribution": null},
 "products":
  [],
 "relationships":
  [{"is_past": false,
    "title": "Founder",
    "person":
     {"first_name": "Jimmy",
      "last_name": "Ban",
      "permalink": "jimmy-ban"}},
   {"is_past": false,
    "title": "President",
    "person":
     {"first_name": "Jin",
      "last_name": "Hyun",
      "permalink": "jin-hyun"}}],
 "competitions":
  [],
 "providerships":
  [],
 "total_money_raised": "$0",
 "funding_rounds":
  [],
 "investments":
  [],
 "acquisition": null,
 "acquisitions":
  [],
 "offices":
  [{"description": "Adfun HQ",
    "address1": "",
    "address2": "",
    "zip_code": "92841",
    "city": "Garden Grove",
    "state_code": "CA",
    "country_code": "USA",
    "latitude": null,
    "longitude": null}],
 "milestones":
  [],
 "ipo": null,
 "video_embeds":
  [],
 "screenshots":
  [{"available_sizes":
     [[[84,
        150],
       "http://api-images.crunchbase.com/assets/images/resized/0034/8331/348331v2-max-150x150.png"],
      [[140,
        250],
       "http://api-images.crunchbase.com/assets/images/resized/0034/8331/348331v2-max-250x250.png"],
      [[253,
        450],
       "http://api-images.crunchbase.com/assets/images/resized/0034/8331/348331v2-max-450x450.png"]],
    "attribution": null},
   {"available_sizes":
     [[[84,
        150],
       "http://api-images.crunchbase.com/assets/images/resized/0034/8332/348332v2-max-150x150.png"],
      [[140,
        250],
       "http://api-images.crunchbase.com/assets/images/resized/0034/8332/348332v2-max-250x250.png"],
      [[253,
        450],
       "http://api-images.crunchbase.com/assets/images/resized/0034/8332/348332v2-max-450x450.png"]],
    "attribution": null},
   {"available_sizes":
     [[[84,
        150],
       "http://api-images.crunchbase.com/assets/images/resized/0034/8333/348333v2-max-150x150.png"],
      [[140,
        250],
       "http://api-images.crunchbase.com/assets/images/resized/0034/8333/348333v2-max-250x250.png"],
      [[253,
        450],
       "http://api-images.crunchbase.com/assets/images/resized/0034/8333/348333v2-max-450x450.png"]],
    "attribution": null},
   {"available_sizes":
     [[[84,
        150],
       "http://api-images.crunchbase.com/assets/images/resized/0034/8334/348334v2-max-150x150.png"],
      [[140,
        250],
       "http://api-images.crunchbase.com/assets/images/resized/0034/8334/348334v2-max-250x250.png"],
      [[253,
        450],
       "http://api-images.crunchbase.com/assets/images/resized/0034/8334/348334v2-max-450x450.png"]],
    "attribution": null},
   {"available_sizes":
     [[[84,
        150],
       "http://api-images.crunchbase.com/assets/images/resized/0034/8335/348335v2-max-150x150.png"],
      [[140,
        250],
       "http://api-images.crunchbase.com/assets/images/resized/0034/8335/348335v2-max-250x250.png"],
      [[253,
        450],
       "http://api-images.crunchbase.com/assets/images/resized/0034/8335/348335v2-max-450x450.png"]],
    "attribution": null}],
 "external_links":
  [],
 "partners":
  []}
