{"name": "ADH Labs",
 "permalink": "adh-labs",
 "crunchbase_url": "http://www.crunchbase.com/company/adh-labs",
 "homepage_url": "http://www.adhlabs.com",
 "blog_url": "http://adhlabs.blogspot.in/",
 "blog_feed_url": "",
 "twitter_username": "ADHLabs",
 "category_code": "software",
 "number_of_employees": 20,
 "founded_year": null,
 "founded_month": null,
 "founded_day": null,
 "deadpooled_year": null,
 "deadpooled_month": null,
 "deadpooled_day": null,
 "deadpooled_url": null,
 "tag_list": "driving-simulator, simulators, car-simulators",
 "alias_list": null,
 "email_address": "info@adhlabs.com",
 "phone_number": "00918527962747",
 "description": "Automotive Simulations specialist",
 "created_at": "Wed Oct 23 11:38:56 UTC 2013",
 "updated_at": "Wed Oct 23 20:34:59 UTC 2013",
 "overview": "\u003Cp\u003EADH Labs is a fast growing agile company with focus on offering specialist simulations products and solutions. \u003C/p\u003E\n\n\u003Cp\u003EThe Company is formed by group of young \u0026amp; Vibrant technocrats and entrepreneurs with extensive experience in designing and delivering world class solutions.\u003C/p\u003E\n\n\u003Cp\u003EOur core competence and expertise in software,electrical systems \u0026amp; industrial automation helps us deliver state of the art, feature rich simulators with high level of customization to meet ever evolving requirements.\u003C/p\u003E",
 "image":
  {"available_sizes":
    [[[150,
       100],
      "http://api-images.crunchbase.com/assets/images/resized/0034/6774/346774v2-max-150x150.png"],
     [[250,
       166],
      "http://api-images.crunchbase.com/assets/images/resized/0034/6774/346774v2-max-250x250.png"],
     [[255,
       170],
      "http://api-images.crunchbase.com/assets/images/resized/0034/6774/346774v2-max-450x450.png"]],
   "attribution": null},
 "products":
  [],
 "relationships":
  [],
 "competitions":
  [],
 "providerships":
  [],
 "total_money_raised": "$0",
 "funding_rounds":
  [],
 "investments":
  [],
 "acquisition": null,
 "acquisitions":
  [],
 "offices":
  [],
 "milestones":
  [],
 "ipo": null,
 "video_embeds":
  [],
 "screenshots":
  [],
 "external_links":
  [],
 "partners":
  []}
