{"name": "Aditiv",
 "permalink": "aditiv",
 "crunchbase_url": "http://www.crunchbase.com/company/aditiv",
 "homepage_url": "http://aditiv.org",
 "blog_url": "",
 "blog_feed_url": "",
 "twitter_username": "AditivTech",
 "category_code": "consulting",
 "number_of_employees": 4,
 "founded_year": 2013,
 "founded_month": 4,
 "founded_day": 5,
 "deadpooled_year": null,
 "deadpooled_month": null,
 "deadpooled_day": null,
 "deadpooled_url": null,
 "tag_list": "3dprinting-manufacturing-consulting",
 "alias_list": null,
 "email_address": "info@aditiv.org",
 "phone_number": "6503157106",
 "description": "Reinventing Manufacturing",
 "created_at": "Sat Nov 30 05:03:55 UTC 2013",
 "updated_at": "Mon Dec 02 22:20:26 UTC 2013",
 "overview": "\u003Cp\u003EAditiv is a corporation dedicated to retooling the global manufacturing base with emerging technologies like 3D printing and robotics. \u003C/p\u003E\n\n\u003Cp\u003EBased in New York City, Aditiv has great access to manufacturers and 3D printing companies. Aditiv brings international resources to the table for clients to help them retool, rebrand, and prepare for the new technologies revolutionizing the industrial world. Aditiv handles everything from logistics to protecting intellectual property. Aditiv will explain both the limits of the technology and the capabilities. Working with its clients, Aditiv is helping transform the entire industrial base of the world with new technologies that cost less and produce a better product.\u003C/p\u003E\n\n\u003Cp\u003EAditiv is a consulting firm dedicated to the needs of manufacturing companies. Aditiv can help utilize intellectual property not currently being used while protecting intellectual property and allowing for more product customization, and also retool factories, warehouses, and other industrial facilities with 3D printing and robotics technologies to cut costs and increase margins.\u003C/p\u003E\n\n\u003Cp\u003ERetooling factories, warehouses, industrial property, and other assets to fully make use of the latest technologies will ensure corporate longevity in the 21st century and maximum use of corporate physical and intellectual property assets. The amount of stagnant intellectual and physical property is astounding. Aditiv works with clients to maximize intellectual and physical properties in order to utilize emerging technologies to the fullest extent. Product customization and new distribution and manufacturing methods mean that an entirely new user experience is possible for both vendors and consumers. Aditiv consults and makes full use of the potential in these new and emerging technologies such as additive manufacturing and robotics.\u003C/p\u003E",
 "image":
  {"available_sizes":
    [[[150,
       39],
      "http://api-images.crunchbase.com/assets/images/resized/0036/8203/368203v2-max-150x150.png"],
     [[250,
       66],
      "http://api-images.crunchbase.com/assets/images/resized/0036/8203/368203v2-max-250x250.png"],
     [[450,
       119],
      "http://api-images.crunchbase.com/assets/images/resized/0036/8203/368203v2-max-450x450.png"]],
   "attribution": null},
 "products":
  [],
 "relationships":
  [],
 "competitions":
  [],
 "providerships":
  [],
 "total_money_raised": "$0",
 "funding_rounds":
  [],
 "investments":
  [],
 "acquisition": null,
 "acquisitions":
  [],
 "offices":
  [{"description": "Headquarters",
    "address1": "1412 Broadway 22nd Floor",
    "address2": "",
    "zip_code": "10018",
    "city": "New York",
    "state_code": "NY",
    "country_code": "USA",
    "latitude": null,
    "longitude": null}],
 "milestones":
  [],
 "ipo": null,
 "video_embeds":
  [],
 "screenshots":
  [{"available_sizes":
     [[[150,
        80],
       "http://api-images.crunchbase.com/assets/images/resized/0036/8202/368202v2-max-150x150.png"],
      [[250,
        134],
       "http://api-images.crunchbase.com/assets/images/resized/0036/8202/368202v2-max-250x250.png"],
      [[450,
        242],
       "http://api-images.crunchbase.com/assets/images/resized/0036/8202/368202v2-max-450x450.png"]],
    "attribution": null}],
 "external_links":
  [],
 "partners":
  []}
