{"name": "ADLER INVEST d.o.o.",
 "permalink": "adler-invest-d-o-o",
 "crunchbase_url": "http://www.crunchbase.com/company/adler-invest-d-o-o",
 "homepage_url": "http://www.nedvizhimost-elite.ru",
 "blog_url": "http://adlerinvest.tumblr.com",
 "blog_feed_url": "http://twitter.com/AdlerInvest",
 "twitter_username": "AdlerInvest",
 "category_code": "real_estate",
 "number_of_employees": null,
 "founded_year": 2013,
 "founded_month": null,
 "founded_day": null,
 "deadpooled_year": null,
 "deadpooled_month": null,
 "deadpooled_day": null,
 "deadpooled_url": null,
 "tag_list": "real-estate-agency--------------------",
 "alias_list": null,
 "email_address": "alen.bernard@gmail.com",
 "phone_number": "0038631313959",
 "description": "Real Estate Agency",
 "created_at": "Mon Oct 28 21:01:17 UTC 2013",
 "updated_at": "Mon Oct 28 23:16:35 UTC 2013",
 "overview": "\u003Cp\u003EThe company Adler Invest provides customers with professional solutions at acquiring Real Estate in Central and Western Europe. Adler Invest employs Real Estate Agents, Lawyers and Translators to provide the best possible Service for its clients at any time and almost anywhere. The Company offers also fast solutions for foreign investors which have to fulfill some Legal obligations if they want to invest in certain countries in Europe. Mainly this means that Adler Invest laso provides the Service of setting up a Company, which is most of the times the precondition for the ownership of Real Estate for non-EU citizens. Adler Invest provides its clients also with thorough Service of preparing all the needed Legal Documents and Formularities which have to be provided for the Lawfull Ownership of Properties.\u003C/p\u003E",
 "image":
  {"available_sizes":
    [[[150,
       100],
      "http://api-images.crunchbase.com/assets/images/resized/0034/9476/349476v2-max-150x150.jpg"],
     [[250,
       168],
      "http://api-images.crunchbase.com/assets/images/resized/0034/9476/349476v2-max-250x250.jpg"],
     [[354,
       238],
      "http://api-images.crunchbase.com/assets/images/resized/0034/9476/349476v2-max-450x450.jpg"]],
   "attribution": null},
 "products":
  [],
 "relationships":
  [],
 "competitions":
  [],
 "providerships":
  [],
 "total_money_raised": "$0",
 "funding_rounds":
  [],
 "investments":
  [],
 "acquisition": null,
 "acquisitions":
  [],
 "offices":
  [],
 "milestones":
  [],
 "ipo": null,
 "video_embeds":
  [],
 "screenshots":
  [],
 "external_links":
  [],
 "partners":
  []}
