{"name": "Admaze Group",
 "permalink": "admaze-group",
 "crunchbase_url": "http://www.crunchbase.com/company/admaze-group",
 "homepage_url": "http://admazegroup.com",
 "blog_url": "",
 "blog_feed_url": "",
 "twitter_username": "BeAdMazed",
 "category_code": "consulting",
 "number_of_employees": 2,
 "founded_year": 2013,
 "founded_month": 4,
 "founded_day": null,
 "deadpooled_year": null,
 "deadpooled_month": null,
 "deadpooled_day": null,
 "deadpooled_url": null,
 "tag_list": "marketing, guerrilla-marketing, advertising, projection, wall-projection, geolocal, billboard, interactive",
 "alias_list": null,
 "email_address": "admazeadvertising@gmail.com",
 "phone_number": "9723398071",
 "description": "Boutique Marketing Firm",
 "created_at": "Tue Oct 29 23:41:47 UTC 2013",
 "updated_at": "Wed Nov 20 10:36:28 UTC 2013",
 "overview": "\u003Cp\u003EAdmaze Group leverages new and emerging technologies to provide small to medium businesses with low-cost high-efficacy marketing solutions.\u003C/p\u003E",
 "image":
  {"available_sizes":
    [[[150,
       150],
      "http://api-images.crunchbase.com/assets/images/resized/0035/0236/350236v6-max-150x150.png"],
     [[160,
       160],
      "http://api-images.crunchbase.com/assets/images/resized/0035/0236/350236v6-max-250x250.png"],
     [[160,
       160],
      "http://api-images.crunchbase.com/assets/images/resized/0035/0236/350236v6-max-450x450.png"]],
   "attribution": null},
 "products":
  [],
 "relationships":
  [{"is_past": false,
    "title": "Co-Founder, CEO",
    "person":
     {"first_name": "Anpu",
      "last_name": "Wang (Benjy)",
      "permalink": "anpu-wang-benjy"}},
   {"is_past": false,
    "title": "Co-Founder",
    "person":
     {"first_name": "Michael",
      "last_name": "McCormick (Chip)",
      "permalink": "michael-mccormick-chip"}}],
 "competitions":
  [],
 "providerships":
  [],
 "total_money_raised": "$0",
 "funding_rounds":
  [],
 "investments":
  [],
 "acquisition": null,
 "acquisitions":
  [],
 "offices":
  [],
 "milestones":
  [{"id": 43016,
    "description": "Accepted to Great Little Company (GLC) Network and received grant from ASU Entrepreneurship and Innovation Group",
    "stoned_year": 2013,
    "stoned_month": 9,
    "stoned_day": 6,
    "source_url": "http://techtransfercentral.com/2013/09/11/new-asu-program-extends-entrepreneurship-support-student-start-ups/",
    "source_text": null,
    "source_description": "New ASU program extends entrepreneurship support to more student start-ups",
    "stoneable_type": "Company",
    "stoned_value": null,
    "stoned_value_type": null,
    "stoned_acquirer": null,
    "stoneable":
     {"name": "Admaze Group",
      "permalink": "admaze-group"}}],
 "ipo": null,
 "video_embeds":
  [],
 "screenshots":
  [],
 "external_links":
  [],
 "partners":
  []}
