{"name": "Administrative Systems",
 "permalink": "administrative-systems",
 "crunchbase_url": "http://www.crunchbase.com/company/administrative-systems",
 "homepage_url": "http://asipay.com",
 "blog_url": "",
 "blog_feed_url": "",
 "twitter_username": null,
 "category_code": "finance",
 "number_of_employees": null,
 "founded_year": null,
 "founded_month": null,
 "founded_day": null,
 "deadpooled_year": null,
 "deadpooled_month": null,
 "deadpooled_day": null,
 "deadpooled_url": null,
 "tag_list": "",
 "alias_list": "",
 "email_address": "Solutions@asipay.com",
 "phone_number": "(916) 563-1120",
 "description": "",
 "created_at": "Tue Nov 26 03:56:47 UTC 2013",
 "updated_at": "Wed Feb 12 09:42:25 UTC 2014",
 "overview": "\u003Cp\u003EASI focuses on addressing the needs of various constituents in the benefits payment space through our comprehensive services and solutions. This focus on benefits payments for over 40 years means our customers can be assured of in-depth industry knowledge and expertise that ensure their business goals are always met.\u003C/p\u003E",
 "image":
  {"available_sizes":
    [[[150,
       69],
      "http://api-images.crunchbase.com/assets/images/resized/0036/5561/365561v1-max-150x150.png"],
     [[212,
       98],
      "http://api-images.crunchbase.com/assets/images/resized/0036/5561/365561v1-max-250x250.png"],
     [[212,
       98],
      "http://api-images.crunchbase.com/assets/images/resized/0036/5561/365561v1-max-450x450.png"]],
   "attribution": null},
 "products":
  [],
 "relationships":
  [{"is_past": false,
    "title": "President/CEO",
    "person":
     {"first_name": "Robert",
      "last_name": "Hickman",
      "permalink": "robert-hickman"}},
   {"is_past": false,
    "title": "CFO",
    "person":
     {"first_name": "Paul",
      "last_name": "Souza",
      "permalink": "paul-souza"}},
   {"is_past": false,
    "title": "COO",
    "person":
     {"first_name": "Michael",
      "last_name": "Panec",
      "permalink": "michael-panec"}}],
 "competitions":
  [],
 "providerships":
  [],
 "total_money_raised": "$0",
 "funding_rounds":
  [],
 "investments":
  [],
 "acquisition": null,
 "acquisitions":
  [],
 "offices":
  [{"description": "Administrative Systems",
    "address1": "P. O. Box 15437",
    "address2": "",
    "zip_code": "95851-0437",
    "city": "Sacramento",
    "state_code": "CA",
    "country_code": "USA",
    "latitude": null,
    "longitude": null}],
 "milestones":
  [],
 "ipo": null,
 "video_embeds":
  [],
 "screenshots":
  [{"available_sizes":
     [[[150,
        67],
       "http://api-images.crunchbase.com/assets/images/resized/0036/5560/365560v1-max-150x150.jpg"],
      [[250,
        112],
       "http://api-images.crunchbase.com/assets/images/resized/0036/5560/365560v1-max-250x250.jpg"],
      [[450,
        202],
       "http://api-images.crunchbase.com/assets/images/resized/0036/5560/365560v1-max-450x450.jpg"]],
    "attribution": null}],
 "external_links":
  [],
 "partners":
  []}
