{"name": "AdMoment",
 "permalink": "admoment",
 "crunchbase_url": "http://www.crunchbase.com/company/admoment",
 "homepage_url": "http://www.admoment.com",
 "blog_url": "http://blog.admoment.com/",
 "blog_feed_url": "",
 "twitter_username": "MobileAdMoment",
 "category_code": "advertising",
 "number_of_employees": 20,
 "founded_year": 2012,
 "founded_month": 8,
 "founded_day": 1,
 "deadpooled_year": null,
 "deadpooled_month": null,
 "deadpooled_day": null,
 "deadpooled_url": null,
 "tag_list": "mobile, ads, mobile-advertising, adtech",
 "alias_list": "",
 "email_address": "info@admoment.ru",
 "phone_number": "",
 "description": "Mobile advertising optimization",
 "created_at": "Fri Nov 01 14:31:42 UTC 2013",
 "updated_at": "Sat Apr 05 11:42:50 UTC 2014",
 "overview": "\u003Cp\u003EAdMoment is the only mobile ad platform that provides intelligent targeting at scale.\u003C/p\u003E\n\n\u003Cp\u003EWith the most extensive targeting technology, and industry-first partnerships with third-party data providers, AdMoment understands mobile audiences better than anyone in the industry. \u003C/p\u003E",
 "image":
  {"available_sizes":
    [[[150,
       150],
      "http://api-images.crunchbase.com/assets/images/resized/0038/9637/389637v2-max-150x150.png"],
     [[185,
       185],
      "http://api-images.crunchbase.com/assets/images/resized/0038/9637/389637v2-max-250x250.png"],
     [[185,
       185],
      "http://api-images.crunchbase.com/assets/images/resized/0038/9637/389637v2-max-450x450.png"]],
   "attribution": null},
 "products":
  [],
 "relationships":
  [{"is_past": false,
    "title": "Co-founder \u0026 CEO \u0026 Sales Director \u0026 Leading Sales \u0026 Business Operations",
    "person":
     {"first_name": "Constantin",
      "last_name": "Rosset",
      "permalink": "constantin-rosset"}},
   {"is_past": false,
    "title": "COO \u0026 Product Director \u0026 Leading Product \u0026 Business Strategy",
    "person":
     {"first_name": "Philipp",
      "last_name": "Puenjer",
      "permalink": "philipp-puenjer"}},
   {"is_past": false,
    "title": "CTO \u0026 Leading Technical Strategy \u0026 Product Development",
    "person":
     {"first_name": "Vlad",
      "last_name": "Vlaskin",
      "permalink": "vlad-vlaskin"}}],
 "competitions":
  [],
 "providerships":
  [],
 "total_money_raised": "$3M",
 "funding_rounds":
  [{"id": 53630,
    "round_code": "b",
    "source_url": "http://firrma.ru/data/news/2156/",
    "source_description": "",
    "raised_amount": 3000000.0,
    "raised_currency_code": "USD",
    "funded_year": 2013,
    "funded_month": 11,
    "funded_day": 6,
    "investments":
     [{"company": null,
       "financial_org":
        {"name": "e.ventures",
         "permalink": "e-ventures"},
       "person": null},
      {"company": null,
       "financial_org":
        {"name": "Prostor Capital",
         "permalink": "prostor-capital"},
       "person": null}]}],
 "investments":
  [],
 "acquisition": null,
 "acquisitions":
  [],
 "offices":
  [{"description": "",
    "address1": "",
    "address2": "",
    "zip_code": "",
    "city": "Moscow",
    "state_code": null,
    "country_code": "RUS",
    "latitude": null,
    "longitude": null}],
 "milestones":
  [],
 "ipo": null,
 "video_embeds":
  [],
 "screenshots":
  [],
 "external_links":
  [],
 "partners":
  []}
