{"name": "adMobix",
 "permalink": "admobix",
 "crunchbase_url": "http://www.crunchbase.com/company/admobix",
 "homepage_url": "http://admobix.com",
 "blog_url": "http://blog.admobix.com/",
 "blog_feed_url": "",
 "twitter_username": "adMobix",
 "category_code": "advertising",
 "number_of_employees": 35,
 "founded_year": 2009,
 "founded_month": 9,
 "founded_day": 1,
 "deadpooled_year": null,
 "deadpooled_month": null,
 "deadpooled_day": null,
 "deadpooled_url": null,
 "tag_list": "mobile, marketing, advertising, cpa, programmatic, rtb",
 "alias_list": null,
 "email_address": "info@admobix.com",
 "phone_number": "8665544237",
 "description": "Mobile Ad Network",
 "created_at": "Tue Nov 05 21:45:09 UTC 2013",
 "updated_at": "Fri Mar 28 03:47:35 UTC 2014",
 "overview": "\u003Cp\u003EadMobix is a provider of mobile marketing and advertising technology for brands, advertising agencies, mobile application developers, and media companies. \u003C/p\u003E\n\n\u003Cp\u003ESpecializing in Mobile-powered marketing from awareness to customer engagement, adMobix puts proven mobile acquisition tactics to work for your business. From mobile media and creative destination development to real-time tracking and optimization, we tailor ROI- focused campaigns to achieve optimal results. \u003C/p\u003E\n\n\u003Cp\u003EadMobix is a privately held Canadian Corporation with its Headquarters in Richmond Hill, Ontario, Canada. \u003C/p\u003E",
 "image":
  {"available_sizes":
    [[[150,
       125],
      "http://api-images.crunchbase.com/assets/images/resized/0035/3572/353572v5-max-150x150.png"],
     [[250,
       208],
      "http://api-images.crunchbase.com/assets/images/resized/0035/3572/353572v5-max-250x250.png"],
     [[450,
       375],
      "http://api-images.crunchbase.com/assets/images/resized/0035/3572/353572v5-max-450x450.png"]],
   "attribution": null},
 "products":
  [],
 "relationships":
  [],
 "competitions":
  [],
 "providerships":
  [],
 "total_money_raised": "$0",
 "funding_rounds":
  [],
 "investments":
  [],
 "acquisition": null,
 "acquisitions":
  [],
 "offices":
  [{"description": "Head Office",
    "address1": "12285 Yonge St.",
    "address2": "",
    "zip_code": "L4E 3M7",
    "city": "Richmond Hill",
    "state_code": null,
    "country_code": "CAN",
    "latitude": null,
    "longitude": null}],
 "milestones":
  [{"id": 49393,
    "description": "Kent Keilback named CEO of adMobix",
    "stoned_year": 2012,
    "stoned_month": 8,
    "stoned_day": 19,
    "source_url": "http://blog.admobix.com/?p=98",
    "source_text": null,
    "source_description": "admobix.com",
    "stoneable_type": "Company",
    "stoned_value": null,
    "stoned_value_type": null,
    "stoned_acquirer": null,
    "stoneable":
     {"name": "adMobix",
      "permalink": "admobix"}},
   {"id": 49394,
    "description": "Chad Lavallee brought on as Chief Product Officer at adMobix",
    "stoned_year": 2013,
    "stoned_month": 2,
    "stoned_day": 7,
    "source_url": "http://blog.admobix.com/?p=54",
    "source_text": null,
    "source_description": "",
    "stoneable_type": "Company",
    "stoned_value": null,
    "stoned_value_type": null,
    "stoned_acquirer": null,
    "stoneable":
     {"name": "adMobix",
      "permalink": "admobix"}},
   {"id": 49397,
    "description": "adMobix hires Matt Gostick as Chief Technical Officer",
    "stoned_year": 2013,
    "stoned_month": 3,
    "stoned_day": 18,
    "source_url": "http://blog.admobix.com/?p=71",
    "source_text": null,
    "source_description": "",
    "stoneable_type": "Company",
    "stoned_value": null,
    "stoned_value_type": null,
    "stoned_acquirer": null,
    "stoneable":
     {"name": "adMobix",
      "permalink": "admobix"}},
   {"id": 49398,
    "description": "Paul Cook is now Vice President of Sales and Distribution at adMobix",
    "stoned_year": 2013,
    "stoned_month": 10,
    "stoned_day": 18,
    "source_url": "http://blog.admobix.com/?p=65",
    "source_text": null,
    "source_description": "",
    "stoneable_type": "Company",
    "stoned_value": null,
    "stoned_value_type": null,
    "stoned_acquirer": null,
    "stoneable":
     {"name": "adMobix",
      "permalink": "admobix"}},
   {"id": 49399,
    "description": "adMobix Rolls Out \u201cYocto\u201d Programmatic Buying Platform at Mobile World Congress",
    "stoned_year": 2014,
    "stoned_month": 2,
    "stoned_day": 24,
    "source_url": "http://blog.admobix.com/?p=168",
    "source_text": null,
    "source_description": "",
    "stoneable_type": "Company",
    "stoned_value": null,
    "stoned_value_type": null,
    "stoned_acquirer": null,
    "stoneable":
     {"name": "adMobix",
      "permalink": "admobix"}}],
 "ipo": null,
 "video_embeds":
  [],
 "screenshots":
  [],
 "external_links":
  [{"external_url": "http://www.themail.com/2014/03/27/mobile-trends-for-2014-with-admobix/",
    "title": "Mobile Trends for 2014 with adMobix"}],
 "partners":
  []}
