{"name": "Adoption Network Law Center",
 "permalink": "adoption-network-law-center",
 "crunchbase_url": "http://www.crunchbase.com/company/adoption-network-law-center",
 "homepage_url": null,
 "blog_url": "",
 "blog_feed_url": "",
 "twitter_username": null,
 "category_code": "legal",
 "number_of_employees": null,
 "founded_year": null,
 "founded_month": null,
 "founded_day": null,
 "deadpooled_year": null,
 "deadpooled_month": null,
 "deadpooled_day": null,
 "deadpooled_url": null,
 "tag_list": "",
 "alias_list": null,
 "email_address": "Info@AdoptionNetwork.com",
 "phone_number": "800-367-2367",
 "description": "Adoption",
 "created_at": "Fri Oct 18 15:24:23 UTC 2013",
 "updated_at": "Sat Oct 19 16:30:12 UTC 2013",
 "overview": "\u003Cp\u003EThe Adoption Network Law Center is committed to helping couples and single parents with their adoption needs. Our open-minded staff is always ready and willing to assist in any way they can.\u003C/p\u003E",
 "image": null,
 "products":
  [],
 "relationships":
  [],
 "competitions":
  [],
 "providerships":
  [],
 "total_money_raised": "$0",
 "funding_rounds":
  [],
 "investments":
  [],
 "acquisition": null,
 "acquisitions":
  [],
 "offices":
  [],
 "milestones":
  [],
 "ipo": null,
 "video_embeds":
  [],
 "screenshots":
  [],
 "external_links":
  [],
 "partners":
  []}
