{"name": "Adpark",
 "permalink": "adpark",
 "crunchbase_url": "http://www.crunchbase.com/company/adpark",
 "homepage_url": "http://adpark.ie",
 "blog_url": "",
 "blog_feed_url": "",
 "twitter_username": "adparkie",
 "category_code": "advertising",
 "number_of_employees": null,
 "founded_year": null,
 "founded_month": null,
 "founded_day": null,
 "deadpooled_year": null,
 "deadpooled_month": null,
 "deadpooled_day": null,
 "deadpooled_url": null,
 "tag_list": "ireland, car-parking, advertising, software--qr-code",
 "alias_list": null,
 "email_address": "",
 "phone_number": "",
 "description": "Advertising and parking",
 "created_at": "Tue Nov 05 14:27:52 UTC 2013",
 "updated_at": "Thu Nov 07 23:41:07 UTC 2013",
 "overview": "\u003Cp\u003EAdpark is headquartered in Ireland and works with car park operators in shopping centres, airports, stadiums, conference centres and much more\u0026#8230; by installing new innovative interactive signs containing static QR Codes that when scanned with a smartphone will connect with adpark to display your parking location, but will have the added bonus of a sponsored advertisers message ideally offering a discount or promotional offer associated with the car park location. \u003C/p\u003E",
 "image": null,
 "products":
  [],
 "relationships":
  [{"is_past": false,
    "title": "MD",
    "person":
     {"first_name": "Alan",
      "last_name": "Barrett",
      "permalink": "alan-barrett"}}],
 "competitions":
  [],
 "providerships":
  [],
 "total_money_raised": "$0",
 "funding_rounds":
  [],
 "investments":
  [],
 "acquisition": null,
 "acquisitions":
  [],
 "offices":
  [{"description": "",
    "address1": "",
    "address2": "",
    "zip_code": "",
    "city": "",
    "state_code": null,
    "country_code": "IRL",
    "latitude": null,
    "longitude": null}],
 "milestones":
  [],
 "ipo": null,
 "video_embeds":
  [],
 "screenshots":
  [],
 "external_links":
  [],
 "partners":
  []}
