{"name": "Adquant",
 "permalink": "adquant",
 "crunchbase_url": "http://www.crunchbase.com/company/adquant",
 "homepage_url": "http://www.adquant.com",
 "blog_url": "http://www.adquant.com/blog/",
 "blog_feed_url": "",
 "twitter_username": "Adquant",
 "category_code": "advertising",
 "number_of_employees": 50,
 "founded_year": 2012,
 "founded_month": null,
 "founded_day": null,
 "deadpooled_year": null,
 "deadpooled_month": null,
 "deadpooled_day": null,
 "deadpooled_url": null,
 "tag_list": "facebook, social-ad-optimization, facebook-advertising, facebook-marketing",
 "alias_list": null,
 "email_address": "contact@adquant.com",
 "phone_number": "+972-03-791-5300",
 "description": "Social advertising software company",
 "created_at": "Wed Oct 23 12:43:47 UTC 2013",
 "updated_at": "Wed Oct 23 20:35:58 UTC 2013",
 "overview": "\u003Cp\u003ELaunched in 2012, Adquant is a social advertising software company focused on delivering the best-of-breed social advertising platform. The full-featured platform enables performance advertisers to build large scale and high quality social ad campaigns. Developed as the internal Facebook platform for the Adotomi agency in 2009, one of the first Facebook PMDs, the Adquant technology has been market-proven by the most demanding Facebook advertisers. To learn more, visit www.adquant.com.\u003C/p\u003E\n\n\u003Cp\u003EAdquant is an Official Facebook Preferred Marketing Developer (PMD)\u003C/p\u003E",
 "image":
  {"available_sizes":
    [[[150,
       60],
      "http://api-images.crunchbase.com/assets/images/resized/0034/6796/346796v2-max-150x150.jpg"],
     [[250,
       100],
      "http://api-images.crunchbase.com/assets/images/resized/0034/6796/346796v2-max-250x250.jpg"],
     [[450,
       180],
      "http://api-images.crunchbase.com/assets/images/resized/0034/6796/346796v2-max-450x450.jpg"]],
   "attribution": null},
 "products":
  [],
 "relationships":
  [{"is_past": false,
    "title": "Founder",
    "person":
     {"first_name": "Itamar",
      "last_name": "Maltz",
      "permalink": "itamar-maltz-2"}},
   {"is_past": false,
    "title": "Founder \u0026 CEO",
    "person":
     {"first_name": "Joe",
      "last_name": "McCormack",
      "permalink": "joe-mccormack-2"}},
   {"is_past": false,
    "title": "Founder \u0026 CPO",
    "person":
     {"first_name": "Elias",
      "last_name": "Sandler",
      "permalink": "elias-sandler-4"}}],
 "competitions":
  [],
 "providerships":
  [],
 "total_money_raised": "$0",
 "funding_rounds":
  [],
 "investments":
  [],
 "acquisition": null,
 "acquisitions":
  [],
 "offices":
  [{"description": "R\u0026D Headquarters",
    "address1": "12 Yad Harutzim",
    "address2": "4th Floor",
    "zip_code": "67700",
    "city": "Tel Aviv",
    "state_code": null,
    "country_code": "ISR",
    "latitude": null,
    "longitude": null},
   {"description": "San Francisco Office",
    "address1": "3450 Sacramento Street",
    "address2": "Suite 416",
    "zip_code": "94118",
    "city": "San Francisco",
    "state_code": "CA",
    "country_code": "USA",
    "latitude": null,
    "longitude": null},
   {"description": "London Office",
    "address1": "7 Marylebone Lane",
    "address2": "",
    "zip_code": "W1U1DF",
    "city": "London",
    "state_code": null,
    "country_code": "GBR",
    "latitude": null,
    "longitude": null},
   {"description": "Rio de Janeiro Office",
    "address1": "Avenida Atl\u00e2ntica 1260/502",
    "address2": "Copacabana",
    "zip_code": "",
    "city": "Rio de Janeiro",
    "state_code": null,
    "country_code": "BRA",
    "latitude": null,
    "longitude": null}],
 "milestones":
  [],
 "ipo": null,
 "video_embeds":
  [],
 "screenshots":
  [],
 "external_links":
  [{"external_url": "http://www.insidefacebook.com/2013/08/19/facebook-platform-news-pmd-adotomi-rebrands-becomes-adquant/",
    "title": "PMD Adotomi rebrands, becomes Adquant"},
   {"external_url": "http://cmo.com/content/cmo-com/home/articles/2013/10/18/5_reasons_why_cmos.html#!",
    "title": "Adquant: 5 Reasons Why CMOs Should 'Like' Facebook"},
   {"external_url": "http://www.adotas.com/2013/10/ceo-of-early-facebook-pmd-gives-thumbs-up-to-onavo-acquisition/",
    "title": "Adquant CEO Gives Thumbs-Up To Onavo Acquisition"}],
 "partners":
  []}
