{"name": "ADS Associates",
 "permalink": "ads-associates",
 "crunchbase_url": "http://www.crunchbase.com/company/ads-associates",
 "homepage_url": null,
 "blog_url": null,
 "blog_feed_url": null,
 "twitter_username": null,
 "category_code": null,
 "number_of_employees": null,
 "founded_year": null,
 "founded_month": null,
 "founded_day": null,
 "deadpooled_year": null,
 "deadpooled_month": null,
 "deadpooled_day": null,
 "deadpooled_url": null,
 "tag_list": null,
 "alias_list": null,
 "email_address": null,
 "phone_number": null,
 "description": null,
 "created_at": "Thu Oct 17 03:57:04 UTC 2013",
 "updated_at": "Thu Oct 17 03:57:04 UTC 2013",
 "overview": null,
 "image": null,
 "products":
  [],
 "relationships":
  [{"is_past": true,
    "title": "Senior Vice President of Operations",
    "person":
     {"first_name": "Barry",
      "last_name": "Witkow",
      "permalink": "barry-witkow"}},
   {"is_past": true,
    "title": "President",
    "person":
     {"first_name": "Douglas",
      "last_name": "Huntington",
      "permalink": "douglas-huntington"}}],
 "competitions":
  [],
 "providerships":
  [],
 "total_money_raised": "$0",
 "funding_rounds":
  [],
 "investments":
  [],
 "acquisition": null,
 "acquisitions":
  [],
 "offices":
  [],
 "milestones":
  [],
 "ipo": null,
 "video_embeds":
  [],
 "screenshots":
  [],
 "external_links":
  [],
 "partners":
  []}
