{"name": "Adsable",
 "permalink": "adsable",
 "crunchbase_url": "http://www.crunchbase.com/company/adsable",
 "homepage_url": "http://www.adsable.com",
 "blog_url": "http://www.adsable.com/blog",
 "blog_feed_url": "http://www.adsable.com/blog/feed/",
 "twitter_username": "adsable",
 "category_code": "advertising",
 "number_of_employees": 5,
 "founded_year": 2013,
 "founded_month": 10,
 "founded_day": 30,
 "deadpooled_year": null,
 "deadpooled_month": null,
 "deadpooled_day": null,
 "deadpooled_url": null,
 "tag_list": "social-media, advertising, online-marketing",
 "alias_list": null,
 "email_address": "support@adsable.com",
 "phone_number": "+40726364350",
 "description": "Monetize social media",
 "created_at": "Thu Nov 21 10:46:44 UTC 2013",
 "updated_at": "Thu Nov 21 22:51:12 UTC 2013",
 "overview": "\u003Cp\u003EAdsable is a platform that helps publishers monetize their social media accounts, and advertisers reach millions of users.\u003C/p\u003E\n\n\u003Cp\u003EWith Adsable, publishers can earn money by selling ads on: Facebook, Twitter, Google Plus, Pinterest, Tumblr, Youtube and their websites.  \u003C/p\u003E",
 "image":
  {"available_sizes":
    [[[150,
       150],
      "http://api-images.crunchbase.com/assets/images/resized/0036/3289/363289v2-max-150x150.png"],
     [[250,
       250],
      "http://api-images.crunchbase.com/assets/images/resized/0036/3289/363289v2-max-250x250.png"],
     [[300,
       300],
      "http://api-images.crunchbase.com/assets/images/resized/0036/3289/363289v2-max-450x450.png"]],
   "attribution": null},
 "products":
  [],
 "relationships":
  [{"is_past": true,
    "title": "Founder",
    "person":
     {"first_name": "Felix",
      "last_name": "Tarcomnicu",
      "permalink": "felix-tarcomnicu"}}],
 "competitions":
  [],
 "providerships":
  [],
 "total_money_raised": "$0",
 "funding_rounds":
  [],
 "investments":
  [],
 "acquisition": null,
 "acquisitions":
  [],
 "offices":
  [],
 "milestones":
  [],
 "ipo": null,
 "video_embeds":
  [],
 "screenshots":
  [{"available_sizes":
     [[[145,
        150],
       "http://api-images.crunchbase.com/assets/images/resized/0036/3288/363288v2-max-150x150.png"],
      [[242,
        250],
       "http://api-images.crunchbase.com/assets/images/resized/0036/3288/363288v2-max-250x250.png"],
      [[436,
        450],
       "http://api-images.crunchbase.com/assets/images/resized/0036/3288/363288v2-max-450x450.png"]],
    "attribution": null}],
 "external_links":
  [],
 "partners":
  []}
