{"name": "AdSkore",
 "permalink": "adskore",
 "crunchbase_url": "http://www.crunchbase.com/company/adskore",
 "homepage_url": "http://twitter.com/adskore",
 "blog_url": "",
 "blog_feed_url": "",
 "twitter_username": "adskore",
 "category_code": "advertising",
 "number_of_employees": null,
 "founded_year": null,
 "founded_month": null,
 "founded_day": null,
 "deadpooled_year": null,
 "deadpooled_month": null,
 "deadpooled_day": null,
 "deadpooled_url": null,
 "tag_list": "advertising, mobile-advertising, advertising-platforms, local-advertising",
 "alias_list": "",
 "email_address": "",
 "phone_number": "",
 "description": "RTB Advertising",
 "created_at": "Sat Nov 02 08:52:41 UTC 2013",
 "updated_at": "Tue Jan 28 05:43:25 UTC 2014",
 "overview": "\u003Cp\u003EAdSkore offer agencies a unique networking opportunity for cross-market and cross-publisher targeting campaigns. This enables their partners to deliver online advertising that is both target group-specific and highly-effective in measuring branding.\u003C/p\u003E",
 "image":
  {"available_sizes":
    [[[128,
       150],
      "http://api-images.crunchbase.com/assets/images/resized/0035/2308/352308v2-max-150x150.png"],
     [[171,
       200],
      "http://api-images.crunchbase.com/assets/images/resized/0035/2308/352308v2-max-250x250.png"],
     [[171,
       200],
      "http://api-images.crunchbase.com/assets/images/resized/0035/2308/352308v2-max-450x450.png"]],
   "attribution": null},
 "products":
  [],
 "relationships":
  [],
 "competitions":
  [],
 "providerships":
  [],
 "total_money_raised": "$0",
 "funding_rounds":
  [],
 "investments":
  [],
 "acquisition": null,
 "acquisitions":
  [],
 "offices":
  [{"description": "",
    "address1": "",
    "address2": "",
    "zip_code": "",
    "city": "",
    "state_code": null,
    "country_code": "SGP",
    "latitude": null,
    "longitude": null}],
 "milestones":
  [],
 "ipo": null,
 "video_embeds":
  [],
 "screenshots":
  [],
 "external_links":
  [],
 "partners":
  [{"partner_name": "angel_list",
    "homepage_url": "http://twitter.com/adskore",
    "link_1_url": "https://angel.co/adskore-1?utm_source=crunchbase\u0026utm_medium=link\u0026utm_content=profile\u0026utm_term=adskore\u0026utm_campaign=crunchbase",
    "link_2_url": null,
    "link_3_url": null,
    "link_1_name": "AngelList Page",
    "link_2_name": null,
    "link_3_name": null}]}
