{"name": "Adusso",
 "permalink": "adusso",
 "crunchbase_url": "http://www.crunchbase.com/company/adusso",
 "homepage_url": "http://www.adusso.com",
 "blog_url": "",
 "blog_feed_url": "",
 "twitter_username": null,
 "category_code": null,
 "number_of_employees": null,
 "founded_year": null,
 "founded_month": null,
 "founded_day": null,
 "deadpooled_year": null,
 "deadpooled_month": null,
 "deadpooled_day": null,
 "deadpooled_url": null,
 "tag_list": "",
 "alias_list": "",
 "email_address": "info@adusso.com",
 "phone_number": "+358 50 4014975",
 "description": "",
 "created_at": "Sat Nov 02 06:01:01 UTC 2013",
 "updated_at": "Sat Nov 02 06:02:30 UTC 2013",
 "overview": "",
 "image":
  {"available_sizes":
    [[[150,
       29],
      "http://api-images.crunchbase.com/assets/images/resized/0035/2254/352254v1-max-150x150.jpg"],
     [[250,
       49],
      "http://api-images.crunchbase.com/assets/images/resized/0035/2254/352254v1-max-250x250.jpg"],
     [[411,
       82],
      "http://api-images.crunchbase.com/assets/images/resized/0035/2254/352254v1-max-450x450.jpg"]],
   "attribution": null},
 "products":
  [],
 "relationships":
  [],
 "competitions":
  [],
 "providerships":
  [],
 "total_money_raised": "$0",
 "funding_rounds":
  [],
 "investments":
  [],
 "acquisition": null,
 "acquisitions":
  [],
 "offices":
  [{"description": "",
    "address1": "Etel\u00e4inen Asemakatu 2a",
    "address2": "",
    "zip_code": "FI-11130",
    "city": "Riihim\u00e4ki",
    "state_code": null,
    "country_code": "FIN",
    "latitude": null,
    "longitude": null}],
 "milestones":
  [],
 "ipo": null,
 "video_embeds":
  [],
 "screenshots":
  [],
 "external_links":
  [],
 "partners":
  []}
