{"name": "Advacam",
 "permalink": "advacam",
 "crunchbase_url": "http://www.crunchbase.com/company/advacam",
 "homepage_url": "http://www.advacam.com",
 "blog_url": "",
 "blog_feed_url": "",
 "twitter_username": "Advacam",
 "category_code": null,
 "number_of_employees": null,
 "founded_year": 2012,
 "founded_month": null,
 "founded_day": null,
 "deadpooled_year": null,
 "deadpooled_month": null,
 "deadpooled_day": null,
 "deadpooled_url": null,
 "tag_list": "",
 "alias_list": "",
 "email_address": "info@advacam.com",
 "phone_number": "+358 414 313 212",
 "description": "",
 "created_at": "Sat Nov 02 06:35:01 UTC 2013",
 "updated_at": "Sat Nov 02 06:39:27 UTC 2013",
 "overview": "\u003Cp\u003EAdvacam is a start-up company found at early May 2012 to commercialize radiation detector technologies developed at VTT Technical Research Centre of Finland.\u003C/p\u003E\n\n\u003Cp\u003EAdvacam commercializes a large area digital colour X-ray imaging camera for light-weight material inspection. The technology is based on hybrid pixel detector technology where a direct conversion of X-rays into charge takes place in silicon sensor, the charge is transferred to a readout ASIC via solder joints and it is immediately converted into a digital form and processed in the readout ASIC. This method allows us to obtain noise-free images and high contrast to visualize the tiny features in the light-weight materials. Advacam\u2019s unique expertise enables the digital imaging technology for science and industrial applications.\u003C/p\u003E",
 "image":
  {"available_sizes":
    [[[150,
       70],
      "http://api-images.crunchbase.com/assets/images/resized/0035/2265/352265v1-max-150x150.jpg"],
     [[238,
       112],
      "http://api-images.crunchbase.com/assets/images/resized/0035/2265/352265v1-max-250x250.jpg"],
     [[238,
       112],
      "http://api-images.crunchbase.com/assets/images/resized/0035/2265/352265v1-max-450x450.jpg"]],
   "attribution": null},
 "products":
  [],
 "relationships":
  [{"is_past": false,
    "title": "CEO",
    "person":
     {"first_name": "Juha",
      "last_name": "Kalliopuska",
      "permalink": "juha-kalliopuska"}},
   {"is_past": false,
    "title": "CTO",
    "person":
     {"first_name": "Sc.",
      "last_name": "Sami V\u00e4h\u00e4nen",
      "permalink": "sc-sami-vhnen"}}],
 "competitions":
  [],
 "providerships":
  [],
 "total_money_raised": "$0",
 "funding_rounds":
  [],
 "investments":
  [],
 "acquisition": null,
 "acquisitions":
  [],
 "offices":
  [{"description": "",
    "address1": "Tietotie 3",
    "address2": "",
    "zip_code": "02150",
    "city": "Espoo",
    "state_code": null,
    "country_code": "FIN",
    "latitude": null,
    "longitude": null}],
 "milestones":
  [],
 "ipo": null,
 "video_embeds":
  [],
 "screenshots":
  [],
 "external_links":
  [],
 "partners":
  []}
