{"name": "Advanced Cyclone Systems",
 "permalink": "advanced-cyclone-systems",
 "crunchbase_url": "http://www.crunchbase.com/company/advanced-cyclone-systems",
 "homepage_url": "http://acsystems.pt",
 "blog_url": "",
 "blog_feed_url": "",
 "twitter_username": "ACycloneSystems",
 "category_code": "manufacturing",
 "number_of_employees": null,
 "founded_year": 2008,
 "founded_month": 5,
 "founded_day": null,
 "deadpooled_year": null,
 "deadpooled_month": null,
 "deadpooled_day": null,
 "deadpooled_url": null,
 "tag_list": "",
 "alias_list": "",
 "email_address": "info@acsystems.pt",
 "phone_number": "+351 22 532 2097",
 "description": "Cyclone Technology \u0026 Products",
 "created_at": "Fri Nov 22 21:34:53 UTC 2013",
 "updated_at": "Fri Nov 22 21:37:16 UTC 2013",
 "overview": "\u003Cp\u003EAdvanced Cyclone Systems (ACS) is exclusively dedicated to the development, and international commercialization of the most efficient cyclone systems worldwide.\u003C/p\u003E",
 "image":
  {"available_sizes":
    [[[150,
       150],
      "http://api-images.crunchbase.com/assets/images/resized/0036/4344/364344v1-max-150x150.jpg"],
     [[250,
       250],
      "http://api-images.crunchbase.com/assets/images/resized/0036/4344/364344v1-max-250x250.jpg"],
     [[295,
       295],
      "http://api-images.crunchbase.com/assets/images/resized/0036/4344/364344v1-max-450x450.jpg"]],
   "attribution": null},
 "products":
  [],
 "relationships":
  [],
 "competitions":
  [],
 "providerships":
  [],
 "total_money_raised": "$1.5M",
 "funding_rounds":
  [{"id": 55697,
    "round_code": "unattributed",
    "source_url": "https://www.actbycotec.com/en/portfolio.78/startups.115/acs_-_advanced_cyclone_systems.a178.html",
    "source_description": "COTEC",
    "raised_amount": 1500000.0,
    "raised_currency_code": "USD",
    "funded_year": 2009,
    "funded_month": null,
    "funded_day": null,
    "investments":
     [{"company": null,
       "financial_org":
        {"name": "Esp\u00ed\u00adrito Santo Ventures",
         "permalink": "espirito-santo-ventures"},
       "person": null}]}],
 "investments":
  [],
 "acquisition": null,
 "acquisitions":
  [],
 "offices":
  [{"description": "",
    "address1": "C. E. NET \u2013 Ed. Promonet",
    "address2": "Rua de Salazares, 842",
    "zip_code": "4149-002",
    "city": "Porto",
    "state_code": null,
    "country_code": "PRT",
    "latitude": null,
    "longitude": null}],
 "milestones":
  [],
 "ipo": null,
 "video_embeds":
  [],
 "screenshots":
  [{"available_sizes":
     [[[113,
        150],
       "http://api-images.crunchbase.com/assets/images/resized/0036/4343/364343v1-max-150x150.png"],
      [[188,
        250],
       "http://api-images.crunchbase.com/assets/images/resized/0036/4343/364343v1-max-250x250.png"],
      [[339,
        450],
       "http://api-images.crunchbase.com/assets/images/resized/0036/4343/364343v1-max-450x450.png"]],
    "attribution": null}],
 "external_links":
  [],
 "partners":
  []}
