{"name": "Advanced BioNutrition",
 "permalink": "advanced-bionutrition",
 "crunchbase_url": "http://www.crunchbase.com/company/advanced-bionutrition",
 "homepage_url": "http://advancedbionutrition.com",
 "blog_url": "",
 "blog_feed_url": "",
 "twitter_username": null,
 "category_code": "biotech",
 "number_of_employees": null,
 "founded_year": null,
 "founded_month": null,
 "founded_day": null,
 "deadpooled_year": null,
 "deadpooled_month": null,
 "deadpooled_day": null,
 "deadpooled_url": null,
 "tag_list": "",
 "alias_list": "",
 "email_address": "",
 "phone_number": "410-730-8600 ",
 "description": "",
 "created_at": "Fri Nov 01 11:55:38 UTC 2013",
 "updated_at": "Wed Dec 18 03:39:26 UTC 2013",
 "overview": "\u003Cp\u003ESince the company\u2019s inception in 2001, ABN\u2019s visionary scientists and engineers have helped the company grow into a diversified provider of solutions that better stabilize, protect, and deliver bioactives to their targeted sites. \u003C/p\u003E",
 "image":
  {"available_sizes":
    [[[112,
       121],
      "http://api-images.crunchbase.com/assets/images/resized/0035/1961/351961v1-max-150x150.png"],
     [[112,
       121],
      "http://api-images.crunchbase.com/assets/images/resized/0035/1961/351961v1-max-250x250.png"],
     [[112,
       121],
      "http://api-images.crunchbase.com/assets/images/resized/0035/1961/351961v1-max-450x450.png"]],
   "attribution": null},
 "products":
  [],
 "relationships":
  [{"is_past": false,
    "title": "Chairman and CEO",
    "person":
     {"first_name": "William",
      "last_name": "F. Kirk,",
      "permalink": "william-f-kirk"}},
   {"is_past": false,
    "title": "Vice President of Technology and Chief Scientific Officer",
    "person":
     {"first_name": "Roger",
      "last_name": "Drewes,",
      "permalink": "roger-drewes"}}],
 "competitions":
  [],
 "providerships":
  [],
 "total_money_raised": "$1.81M",
 "funding_rounds":
  [{"id": 53607,
    "round_code": "partial",
    "source_url": "http://www.sec.gov/Archives/edgar/data/1165217/000116521711000002/xslFormDX01/primary_doc.xml",
    "source_description": "SEC",
    "raised_amount": 900000.0,
    "raised_currency_code": "USD",
    "funded_year": 2011,
    "funded_month": 5,
    "funded_day": 25,
    "investments":
     []},
   {"id": 58547,
    "round_code": "unattributed",
    "source_url": "http://www.sec.gov/Archives/edgar/data/1165217/000116521710000003/xslFormDX01/primary_doc.xml",
    "source_description": "SEC",
    "raised_amount": 910275.0,
    "raised_currency_code": "USD",
    "funded_year": 2010,
    "funded_month": 3,
    "funded_day": 11,
    "investments":
     []}],
 "investments":
  [],
 "acquisition": null,
 "acquisitions":
  [],
 "offices":
  [{"description": "",
    "address1": "7155 Columbia Gateway Drive",
    "address2": "Suite H",
    "zip_code": "21046",
    "city": "Columbia",
    "state_code": "MD",
    "country_code": "USA",
    "latitude": null,
    "longitude": null}],
 "milestones":
  [],
 "ipo": null,
 "video_embeds":
  [],
 "screenshots":
  [{"available_sizes":
     [[[150,
        69],
       "http://api-images.crunchbase.com/assets/images/resized/0035/1960/351960v1-max-150x150.png"],
      [[250,
        115],
       "http://api-images.crunchbase.com/assets/images/resized/0035/1960/351960v1-max-250x250.png"],
      [[450,
        207],
       "http://api-images.crunchbase.com/assets/images/resized/0035/1960/351960v1-max-450x450.png"]],
    "attribution": null}],
 "external_links":
  [],
 "partners":
  []}
