{"name": "ADVANCED CREDIT TECHNOLOGIES",
 "permalink": "advanced-credit-technologies",
 "crunchbase_url": "http://www.crunchbase.com/company/advanced-credit-technologies",
 "homepage_url": "http://advancedcredittechnologies.com",
 "blog_url": "",
 "blog_feed_url": "",
 "twitter_username": null,
 "category_code": "software",
 "number_of_employees": null,
 "founded_year": 2008,
 "founded_month": null,
 "founded_day": null,
 "deadpooled_year": null,
 "deadpooled_month": null,
 "deadpooled_day": null,
 "deadpooled_url": null,
 "tag_list": "",
 "alias_list": "",
 "email_address": "",
 "phone_number": "651.905.2932  ",
 "description": "",
 "created_at": "Mon Nov 25 12:01:56 UTC 2013",
 "updated_at": "Mon Nov 25 12:01:55 UTC 2013",
 "overview": "\u003Cp\u003EAdvanced Credit Technologies, Inc. has launched a new software platform that enables the average American to raise their personal credit scores from the privacy of their home or office.  Utilizing state of the art technology, we have developed TURNSCOR, a user friendly software, combined with a few basic steps, to educate the general public on how to easily remove negative, outdated, inaccurate, or incorrect items from their credit profiles.  Our clients are given access to a complete back office dashboard, a detailed video training library, a personalized e-book, and all of the technical support needed to use this simple platform. Our business model is designed to be simple, with easy to use steps, in order to assist as many people as possible, to get back on sound financial footing, and find their piece of the American Dream\u0026#8230;\u0026#8230;\u003C/p\u003E",
 "image":
  {"available_sizes":
    [[[150,
       37],
      "http://api-images.crunchbase.com/assets/images/resized/0036/5263/365263v1-max-150x150.png"],
     [[250,
       62],
      "http://api-images.crunchbase.com/assets/images/resized/0036/5263/365263v1-max-250x250.png"],
     [[445,
       111],
      "http://api-images.crunchbase.com/assets/images/resized/0036/5263/365263v1-max-450x450.png"]],
   "attribution": null},
 "products":
  [],
 "relationships":
  [{"is_past": false,
    "title": "Principal Executive Officer",
    "person":
     {"first_name": "Christopher",
      "last_name": "S. Jackson",
      "permalink": "christopher-s-jackson"}},
   {"is_past": false,
    "title": "Treasurer and Director",
    "person":
     {"first_name": ".",
      "last_name": "Enrico Giordano",
      "permalink": "enrico-giordano"}}],
 "competitions":
  [],
 "providerships":
  [],
 "total_money_raised": "$166k",
 "funding_rounds":
  [{"id": 55904,
    "round_code": "unattributed",
    "source_url": "http://www.sec.gov/Archives/edgar/data/1437517/000143751711000002/xslFormDX01/primary_doc.xml",
    "source_description": "SEC",
    "raised_amount": 166000.0,
    "raised_currency_code": "USD",
    "funded_year": 2011,
    "funded_month": 2,
    "funded_day": 21,
    "investments":
     []}],
 "investments":
  [],
 "acquisition": null,
 "acquisitions":
  [],
 "offices":
  [{"description": "",
    "address1": "1915 Plaza Drive",
    "address2": "Suite 201",
    "zip_code": "55122",
    "city": "Eagan",
    "state_code": "MN",
    "country_code": "USA",
    "latitude": null,
    "longitude": null}],
 "milestones":
  [],
 "ipo": null,
 "video_embeds":
  [],
 "screenshots":
  [{"available_sizes":
     [[[150,
        69],
       "http://api-images.crunchbase.com/assets/images/resized/0036/5262/365262v1-max-150x150.png"],
      [[250,
        115],
       "http://api-images.crunchbase.com/assets/images/resized/0036/5262/365262v1-max-250x250.png"],
      [[450,
        208],
       "http://api-images.crunchbase.com/assets/images/resized/0036/5262/365262v1-max-450x450.png"]],
    "attribution": null}],
 "external_links":
  [],
 "partners":
  []}
