{"name": "Advanced Pain Care",
 "permalink": "advanced-pain-care",
 "crunchbase_url": "http://www.crunchbase.com/company/advanced-pain-care",
 "homepage_url": "http://www.austinpaindoctor.com",
 "blog_url": "",
 "blog_feed_url": "",
 "twitter_username": null,
 "category_code": "local",
 "number_of_employees": null,
 "founded_year": 2002,
 "founded_month": null,
 "founded_day": null,
 "deadpooled_year": null,
 "deadpooled_month": null,
 "deadpooled_day": null,
 "deadpooled_url": null,
 "tag_list": "precision-nerve-injections, radiofrequency-ablation, idet, spinal-cord-stimulation, epidural-steroid-injection, implantable-morphine-pumps, physical-therapy, pain-medication, interventional-pain-management",
 "alias_list": "",
 "email_address": "austinpaindoctorroundrock@gmail.com",
 "phone_number": "(512) 244-4272",
 "description": "Physicians \u0026 Surgeon Pain Management",
 "created_at": "Thu Oct 24 15:53:43 UTC 2013",
 "updated_at": "Fri Oct 25 00:23:43 UTC 2013",
 "overview": "\u003Cp\u003EAdvanced Pain Care is a pain management clinic with locations throughout Central Texas, including Round Rock. You do not have to suffer from pain any longer. Call us today for expert care and assistance.\u003C/p\u003E",
 "image":
  {"available_sizes":
    [[[150,
       19],
      "http://api-images.crunchbase.com/assets/images/resized/0034/7620/347620v2-max-150x150.jpg"],
     [[250,
       32],
      "http://api-images.crunchbase.com/assets/images/resized/0034/7620/347620v2-max-250x250.jpg"],
     [[450,
       58],
      "http://api-images.crunchbase.com/assets/images/resized/0034/7620/347620v2-max-450x450.jpg"]],
   "attribution": null},
 "products":
  [],
 "relationships":
  [],
 "competitions":
  [],
 "providerships":
  [],
 "total_money_raised": "$0",
 "funding_rounds":
  [],
 "investments":
  [],
 "acquisition": null,
 "acquisitions":
  [],
 "offices":
  [{"description": "Round Rock Office",
    "address1": "2000 S Mays St, Ste 201",
    "address2": "",
    "zip_code": "78664",
    "city": "Round Rock",
    "state_code": "TX",
    "country_code": "USA",
    "latitude": null,
    "longitude": null}],
 "milestones":
  [],
 "ipo": null,
 "video_embeds":
  [],
 "screenshots":
  [],
 "external_links":
  [],
 "partners":
  []}
