{"name": "Adventure Connexion Pvt. Ltd",
 "permalink": "adventure-connexion-pvt-ltd",
 "crunchbase_url": "http://www.crunchbase.com/company/adventure-connexion-pvt-ltd",
 "homepage_url": "http://www.adventureconnexion.com",
 "blog_url": "http://www.nepaltour.info/blog/",
 "blog_feed_url": "http://www.nepaltour.info/blog/feed/",
 "twitter_username": "salestour",
 "category_code": "travel",
 "number_of_employees": 10,
 "founded_year": 2008,
 "founded_month": 5,
 "founded_day": 9,
 "deadpooled_year": null,
 "deadpooled_month": null,
 "deadpooled_day": null,
 "deadpooled_url": null,
 "tag_list": "nepal-trekking, trekking-in-nepal, everest-trek, annapurna-trek",
 "alias_list": null,
 "email_address": "info@adventureconnexion.com",
 "phone_number": "+97714002108",
 "description": "Nepal Trekking",
 "created_at": "Sun Oct 20 10:43:28 UTC 2013",
 "updated_at": "Mon Oct 21 01:55:19 UTC 2013",
 "overview": "\u003Cp\u003EIt gives us great pleasure to introduce our company \u201cADVENTURE CONNEXION (NEPAL) PVT. LTD.\u201d, Nepal one of the upcoming leading trekking company with 5 years of dedicated services to Nepalese tourism.\u003C/p\u003E\n\n\u003Cp\u003EOur main objective is to make family holiday tours more comfortable, more exciting, and most memorable. The passion is to CHANGE the entire scenario that exists on the Nepalese market. An array of NEW services is introduced. They are welcome by customers with open arms. We want to be different, this is our most outstanding quality. It is a trait which segregates us from the rest of the competition. We are aggressive, intense \u0026amp; passionate of our business of travel promotion. We provide a lending ear to understand the changing profile of today\u2019s traveler. We are going to pack a lot of things to do and see in a short holiday, for some it may be taxing, for most it is the best way to holiday. Our young and vibrant team is full of ideas and eager to provide the right, comfortable and memorable to our valuable guest services.\u003C/p\u003E\n\n\u003Cp\u003EWe offer the world\u2019s most enjoyable holidays within Tibet, Bhutan, to exotic destinations in Nepal and abroad where everything is taken, care of - from beginning to end. Our customers don\u2019t have to do a thing - except, of course, have a good time. Our strategic mergers and alliances with the world\u2019s leading leisure  travel agencies allows us to offer to the Indian traveler a choice of world-class international holidays. This tempting array of choices includes budget tours.\u003C/p\u003E\n\n\u003Cp\u003EFor those customers travelling in Nepal, we provide the entire gamut of services from customizing guided tours to arranging theme evenings. Our goal is to help travelers, both foreigner and domestics to rediscover the mystic of travel for travels sake. The backing of our global brand gives our customers the confidence and the freedom to enjoy a host of activities designed by us: safaris, adventure travels, fairs and festivals, interest holidays and incentive tours.\u003C/p\u003E\n\n\u003Cp\u003EWe also organize luxury tours, high pass adventures, short trekking, hiking, mountain expedition, peak climbing, which have ethical and historical values. We are also engaged in organizing packages for fun, siteseeing, adventure, group packages, meditation, shamanism tours, helicopter tours and Meetings, incentives, conferencing, exhibitions (Mice Tourism).\u003C/p\u003E\n\n\u003Cp\u003EWe feel proud and dignified to acquaint yourself with the potentiality and the cost effectiveness regarding the services, let it be any field, inculcating, enhancing and imparting the training package to the students, from the renowned schools, colleges, institutes, corporative offices, industries ( Govt., Semi-Govt., Undertakings, Pvt. Company, NGO\u2019s and various clubs etc.).\u003C/p\u003E\n\n\u003Cp\u003EIf you have any applicant for outbound tours for Nepal, Tibet and Bhutan, please let us know. We provide services as overseas insurance, hotel bookings, foreign exchange, air tickets and visa services. We hope and trust that you will give us a valuable chance. Please feel free to write/contact us by phone.\u003C/p\u003E\n\n\u003Cp\u003EAdventure Connexion is a adventure trekking company, organising treks in Nepal, Tibet, India \u0026amp; Bhutan. Adventure Connexion (P.) Ltd, organises enjoyable and successful holiday travel. Warm welcome to enjoy the hospitality of Himalaya People!.\u003C/p\u003E",
 "image":
  {"available_sizes":
    [[[150,
       80],
      "http://api-images.crunchbase.com/assets/images/resized/0034/4719/344719v2-max-150x150.jpg"],
     [[250,
       133],
      "http://api-images.crunchbase.com/assets/images/resized/0034/4719/344719v2-max-250x250.jpg"],
     [[315,
       168],
      "http://api-images.crunchbase.com/assets/images/resized/0034/4719/344719v2-max-450x450.jpg"]],
   "attribution": null},
 "products":
  [],
 "relationships":
  [],
 "competitions":
  [],
 "providerships":
  [],
 "total_money_raised": "$0",
 "funding_rounds":
  [],
 "investments":
  [],
 "acquisition": null,
 "acquisitions":
  [],
 "offices":
  [],
 "milestones":
  [],
 "ipo": null,
 "video_embeds":
  [],
 "screenshots":
  [],
 "external_links":
  [{"external_url": "http://www.adventureconnexion.com/23/Annapurna-Circuit-Trek.php",
    "title": "Annapurna Circuit Trek"}],
 "partners":
  []}
