{"name": "Adviator",
 "permalink": "adviator",
 "crunchbase_url": "http://www.crunchbase.com/company/adviator",
 "homepage_url": "http://www.adviator.com",
 "blog_url": "",
 "blog_feed_url": "",
 "twitter_username": null,
 "category_code": null,
 "number_of_employees": null,
 "founded_year": null,
 "founded_month": null,
 "founded_day": null,
 "deadpooled_year": null,
 "deadpooled_month": null,
 "deadpooled_day": null,
 "deadpooled_url": null,
 "tag_list": "",
 "alias_list": "",
 "email_address": "info@adviator.com",
 "phone_number": "+1 310 729 1111",
 "description": "",
 "created_at": "Sat Nov 02 06:55:01 UTC 2013",
 "updated_at": "Sat Nov 02 06:58:37 UTC 2013",
 "overview": "\u003Cp\u003EKnow your buyers through detailed performance metrics with advanced real time marketing reports.\u003C/p\u003E\n\n\u003Cp\u003EWith an easy to integrate SDK, the Adviator Ad serving platform allows app publishers and their developers to earn more ad revenue and focus on your core business.\u003C/p\u003E\n\n\u003Cp\u003ESupport in-house ads and cross promotional features for publishers\nCampaigns support broadest possible ad format spectrum\nCampaigns support broadest array of interaction options for ads with native calls on the mobile OS including click-to-call and click-to-SMS for push, banners and ad icons\u003C/p\u003E\n\n\u003Cp\u003EWith Headquarters in Los Angeles and handful of subsidiaries in Europe, Asia and Latin America, Adviator helps increase ad revenue for mobile developers and maximize advertiser campaigns across a dynamic mobile ad landscape. We support multiple platforms and offer the broadest spectrum of offerings for publishers and developers.\u003C/p\u003E\n\n\u003Cp\u003EDevelopers add the AdViator client SDK in their mobile apps using automated process. When executed once from the main activity of a mobile application, the Adviator client utilizes features of mobile OS framework to schedule ongoing server polling events a few times per day.\u003C/p\u003E\n\n\u003Cp\u003EClient SDK is designed based on \u201cplug-and-use\u201d paradigm. It is automatically generated for each registered Developer\u2019s application and does not require any manual configuration or extra coding for integration inside mobile application. Developer might follow instruction using copy/paste method for integration or use Adviator Eclipse plug-in tool for fully automated integration for Android applications.\u003C/p\u003E\n\n\u003Cp\u003EDeveloper may take full control on behavior of Adviator Client SDK by using Adviator Ad Service platform web interface. This might be done at any time after integration and distributing of Adviator Client SDK with mobile application was complete.\u003C/p\u003E",
 "image":
  {"available_sizes":
    [[[150,
       48],
      "http://api-images.crunchbase.com/assets/images/resized/0035/2269/352269v1-max-150x150.jpg"],
     [[206,
       66],
      "http://api-images.crunchbase.com/assets/images/resized/0035/2269/352269v1-max-250x250.jpg"],
     [[206,
       66],
      "http://api-images.crunchbase.com/assets/images/resized/0035/2269/352269v1-max-450x450.jpg"]],
   "attribution": null},
 "products":
  [],
 "relationships":
  [],
 "competitions":
  [],
 "providerships":
  [],
 "total_money_raised": "$0",
 "funding_rounds":
  [],
 "investments":
  [],
 "acquisition": null,
 "acquisitions":
  [],
 "offices":
  [{"description": "",
    "address1": "3111 Via Dolce",
    "address2": "office 601",
    "zip_code": "90292",
    "city": "Marina del Rey",
    "state_code": "CA",
    "country_code": "USA",
    "latitude": null,
    "longitude": null}],
 "milestones":
  [],
 "ipo": null,
 "video_embeds":
  [],
 "screenshots":
  [],
 "external_links":
  [],
 "partners":
  []}
