{"name": "AEL\u0026P",
 "permalink": "ael-p",
 "crunchbase_url": "http://www.crunchbase.com/company/ael-p",
 "homepage_url": "http://aelp.com",
 "blog_url": "",
 "blog_feed_url": "",
 "twitter_username": "AELPJUNEAU",
 "category_code": "cleantech",
 "number_of_employees": null,
 "founded_year": 1905,
 "founded_month": null,
 "founded_day": null,
 "deadpooled_year": null,
 "deadpooled_month": null,
 "deadpooled_day": null,
 "deadpooled_url": null,
 "tag_list": "",
 "alias_list": "",
 "email_address": "media@aelp.com",
 "phone_number": "(907) 780-2222",
 "description": "",
 "created_at": "Wed Nov 06 04:05:49 UTC 2013",
 "updated_at": "Wed Nov 06 04:18:06 UTC 2013",
 "overview": "\u003Cp\u003EAlaska Energy \u0026amp; Resources Company, through its subsidiary Alaska Electric Light and Power Company, provides electric services to the homeowners, renter/landlords, and the business owners in Alaska. The company was founded in 1905 and is based in Juneau, Alaska.\u003C/p\u003E",
 "image":
  {"available_sizes":
    [[[150,
       58],
      "http://api-images.crunchbase.com/assets/images/resized/0035/3669/353669v1-max-150x150.png"],
     [[250,
       96],
      "http://api-images.crunchbase.com/assets/images/resized/0035/3669/353669v1-max-250x250.png"],
     [[263,
       102],
      "http://api-images.crunchbase.com/assets/images/resized/0035/3669/353669v1-max-450x450.png"]],
   "attribution": null},
 "products":
  [],
 "relationships":
  [{"is_past": false,
    "title": "President",
    "person":
     {"first_name": "Timothy",
      "last_name": "McLeod",
      "permalink": "timothy-mcleod"}}],
 "competitions":
  [],
 "providerships":
  [],
 "total_money_raised": "$0",
 "funding_rounds":
  [],
 "investments":
  [],
 "acquisition":
  {"price_amount": 170000000.0,
   "price_currency_code": "USD",
   "term_code": "stock",
   "source_url": "http://www.benzinga.com/news/13/11/4049579/avista-corp-to-acquire-alaska-energy-and-resources-company-for-170m",
   "source_description": "Avista Corp. to Acquire Alaska Energy and Resources Company for $170M  Read more: http://www.benzinga.com/news/13/11/4049579/avista-corp-to-acquire-alaska-energy-and-resources-company-for-170m#ixzz2jpstWjag",
   "acquired_year": 2013,
   "acquired_month": 11,
   "acquired_day": 4,
   "acquiring_company":
    {"name": "Avista",
     "permalink": "avista"}},
 "acquisitions":
  [],
 "offices":
  [{"description": "",
    "address1": "5601 Tonsgard Court",
    "address2": "",
    "zip_code": "99801-7201",
    "city": "Juneau",
    "state_code": "AR",
    "country_code": "USA",
    "latitude": null,
    "longitude": null}],
 "milestones":
  [],
 "ipo": null,
 "video_embeds":
  [],
 "screenshots":
  [{"available_sizes":
     [[[150,
        107],
       "http://api-images.crunchbase.com/assets/images/resized/0035/3668/353668v1-max-150x150.png"],
      [[250,
        179],
       "http://api-images.crunchbase.com/assets/images/resized/0035/3668/353668v1-max-250x250.png"],
      [[450,
        322],
       "http://api-images.crunchbase.com/assets/images/resized/0035/3668/353668v1-max-450x450.png"]],
    "attribution": null}],
 "external_links":
  [],
 "partners":
  []}
