{"name": "AFCOM",
 "permalink": "afcom",
 "crunchbase_url": "http://www.crunchbase.com/company/afcom",
 "homepage_url": null,
 "blog_url": null,
 "blog_feed_url": null,
 "twitter_username": null,
 "category_code": null,
 "number_of_employees": null,
 "founded_year": null,
 "founded_month": null,
 "founded_day": null,
 "deadpooled_year": null,
 "deadpooled_month": null,
 "deadpooled_day": null,
 "deadpooled_url": null,
 "tag_list": null,
 "alias_list": null,
 "email_address": null,
 "phone_number": null,
 "description": null,
 "created_at": "Tue Nov 05 02:59:53 UTC 2013",
 "updated_at": "Tue Nov 05 02:59:53 UTC 2013",
 "overview": null,
 "image": null,
 "products":
  [],
 "relationships":
  [{"is_past": false,
    "title": "Active Member",
    "person":
     {"first_name": "Sean",
      "last_name": "Cotter",
      "permalink": "sean-cotter"}},
   {"is_past": false,
    "title": "Member",
    "person":
     {"first_name": "Mark",
      "last_name": "Johnson",
      "permalink": "mark-johnson-16"}}],
 "competitions":
  [],
 "providerships":
  [],
 "total_money_raised": "$0",
 "funding_rounds":
  [],
 "investments":
  [],
 "acquisition": null,
 "acquisitions":
  [],
 "offices":
  [],
 "milestones":
  [],
 "ipo": null,
 "video_embeds":
  [],
 "screenshots":
  [],
 "external_links":
  [],
 "partners":
  []}
