{"name": "Affordable Bail Bonds",
 "permalink": "affordable-bail-bonds",
 "crunchbase_url": "http://www.crunchbase.com/company/affordable-bail-bonds",
 "homepage_url": "http://www.bailbondsaffordable.com",
 "blog_url": "",
 "blog_feed_url": "",
 "twitter_username": null,
 "category_code": "legal",
 "number_of_employees": null,
 "founded_year": null,
 "founded_month": null,
 "founded_day": null,
 "deadpooled_year": null,
 "deadpooled_month": null,
 "deadpooled_day": null,
 "deadpooled_url": null,
 "tag_list": "bail-bond, affordable-bail-bonds",
 "alias_list": null,
 "email_address": "bailbondsaffordablefl@yahoo.com",
 "phone_number": "941-951-0508",
 "description": "We have the key for a fast release",
 "created_at": "Tue Nov 12 16:39:22 UTC 2013",
 "updated_at": "Tue Nov 12 20:38:36 UTC 2013",
 "overview": "\u003Cp\u003EAffordable bail bonds is a full service company over 25 years of professional discrete service. 5th generation family owned sarasota business.\u003C/p\u003E",
 "image":
  {"available_sizes":
    [[[150,
       34],
      "http://api-images.crunchbase.com/assets/images/resized/0035/7610/357610v2-max-150x150.jpg"],
     [[250,
       57],
      "http://api-images.crunchbase.com/assets/images/resized/0035/7610/357610v2-max-250x250.jpg"],
     [[374,
       86],
      "http://api-images.crunchbase.com/assets/images/resized/0035/7610/357610v2-max-450x450.jpg"]],
   "attribution": null},
 "products":
  [],
 "relationships":
  [],
 "competitions":
  [],
 "providerships":
  [],
 "total_money_raised": "$0",
 "funding_rounds":
  [],
 "investments":
  [],
 "acquisition": null,
 "acquisitions":
  [],
 "offices":
  [],
 "milestones":
  [],
 "ipo": null,
 "video_embeds":
  [],
 "screenshots":
  [],
 "external_links":
  [],
 "partners":
  []}
