{"name": "Affordable Storage Wilton",
 "permalink": "affordable-storage-wilton",
 "crunchbase_url": "http://www.crunchbase.com/company/affordable-storage-wilton",
 "homepage_url": null,
 "blog_url": "",
 "blog_feed_url": "",
 "twitter_username": null,
 "category_code": "other",
 "number_of_employees": 1,
 "founded_year": null,
 "founded_month": null,
 "founded_day": null,
 "deadpooled_year": null,
 "deadpooled_month": null,
 "deadpooled_day": null,
 "deadpooled_url": null,
 "tag_list": "",
 "alias_list": null,
 "email_address": "wilton.office@goprimegroup.com",
 "phone_number": "5185819123",
 "description": "Self Storage",
 "created_at": "Tue Oct 22 12:52:45 UTC 2013",
 "updated_at": "Wed Oct 23 00:41:02 UTC 2013",
 "overview": "\u003Cp\u003EAffordable Storage Wilton is a professionally managed and secure storage facility. Our facility offers convenient drive up storage solutions with 24 hour access. \nNo security deposit is required. A $25 admin fee and proof of insurance are required at the time of move-in.\u003C/p\u003E\n\n\u003Cp\u003EPlease note that this facility does not have an on-site office. Please make your reservation online then stop by our office at:\nAffordable Storage - Saratoga\n655 Route 9\nWilton, NY 12831. \u003C/p\u003E\n\n\u003Cp\u003EFor your convenience renters insurance is sold on-site at the above address.\u003C/p\u003E",
 "image": null,
 "products":
  [],
 "relationships":
  [],
 "competitions":
  [],
 "providerships":
  [],
 "total_money_raised": "$0",
 "funding_rounds":
  [],
 "investments":
  [],
 "acquisition": null,
 "acquisitions":
  [],
 "offices":
  [],
 "milestones":
  [],
 "ipo": null,
 "video_embeds":
  [],
 "screenshots":
  [],
 "external_links":
  [],
 "partners":
  []}
