{"name": "Affordable Storage-Malta",
 "permalink": "affordable-storage-malta",
 "crunchbase_url": "http://www.crunchbase.com/company/affordable-storage-malta",
 "homepage_url": null,
 "blog_url": "",
 "blog_feed_url": "",
 "twitter_username": null,
 "category_code": "local",
 "number_of_employees": 1,
 "founded_year": null,
 "founded_month": null,
 "founded_day": null,
 "deadpooled_year": null,
 "deadpooled_month": null,
 "deadpooled_day": null,
 "deadpooled_url": null,
 "tag_list": "",
 "alias_list": null,
 "email_address": "malta.office@goprimegroup.com",
 "phone_number": "5182895600",
 "description": "Self Storage Facilty",
 "created_at": "Tue Oct 22 20:38:06 UTC 2013",
 "updated_at": "Wed Oct 23 00:44:23 UTC 2013",
 "overview": "\u003Cp\u003EAffordable Storage is a professionally managed and secure storage facility. Our facility is all indoor with climate controlled units. Our facility is a well-lit and alarmed with electronic swipe access and 24 hour digital video surveillance. We also have professional pest control. For your convenience, we rent U-Haul trucks, offer renter\u2019s insurance, and also sell locks and moving supplies.\u003C/p\u003E\n\n\u003Cp\u003ENo security deposit is required. A $25 admin fee and proof of insurance is required at the time of move-in.\u003C/p\u003E",
 "image": null,
 "products":
  [],
 "relationships":
  [],
 "competitions":
  [],
 "providerships":
  [],
 "total_money_raised": "$0",
 "funding_rounds":
  [],
 "investments":
  [],
 "acquisition": null,
 "acquisitions":
  [],
 "offices":
  [],
 "milestones":
  [],
 "ipo": null,
 "video_embeds":
  [],
 "screenshots":
  [],
 "external_links":
  [],
 "partners":
  []}
