{"name": "Aftermath",
 "permalink": "aftermath",
 "crunchbase_url": "http://www.crunchbase.com/company/aftermath",
 "homepage_url": "http://www.getaftermath.com",
 "blog_url": "",
 "blog_feed_url": "",
 "twitter_username": "aftermathapp",
 "category_code": "education",
 "number_of_employees": null,
 "founded_year": null,
 "founded_month": null,
 "founded_day": null,
 "deadpooled_year": null,
 "deadpooled_month": null,
 "deadpooled_day": null,
 "deadpooled_url": null,
 "tag_list": "ireland, children, education, maths, teaching",
 "alias_list": null,
 "email_address": "",
 "phone_number": "",
 "description": "Education app for children",
 "created_at": "Thu Nov 07 09:56:55 UTC 2013",
 "updated_at": "Fri Nov 08 01:07:42 UTC 2013",
 "overview": "\u003Cp\u003EAftermath is headquartered in Ireland and is a unique learning platform for math that combines parental controls with educational content in a gaming environment.\nBy using Aftermath your child learns, by doing relevant age-related math problems, and earns time on their favourite web sites.\nIt is their decision how much time to earn. \u003C/p\u003E",
 "image": null,
 "products":
  [],
 "relationships":
  [{"is_past": false,
    "title": "MD",
    "person":
     {"first_name": "Ronan",
      "last_name": "Higgins",
      "permalink": "ronan-higgins"}}],
 "competitions":
  [],
 "providerships":
  [],
 "total_money_raised": "$0",
 "funding_rounds":
  [],
 "investments":
  [],
 "acquisition": null,
 "acquisitions":
  [],
 "offices":
  [{"description": "",
    "address1": "",
    "address2": "",
    "zip_code": "",
    "city": "",
    "state_code": null,
    "country_code": "IRL",
    "latitude": null,
    "longitude": null}],
 "milestones":
  [],
 "ipo": null,
 "video_embeds":
  [],
 "screenshots":
  [],
 "external_links":
  [],
 "partners":
  []}
