{"name": "Agilysys Inc.",
 "permalink": "agilysys-inc",
 "crunchbase_url": "http://www.crunchbase.com/company/agilysys-inc",
 "homepage_url": null,
 "blog_url": null,
 "blog_feed_url": null,
 "twitter_username": null,
 "category_code": null,
 "number_of_employees": null,
 "founded_year": null,
 "founded_month": null,
 "founded_day": null,
 "deadpooled_year": null,
 "deadpooled_month": null,
 "deadpooled_day": null,
 "deadpooled_url": null,
 "tag_list": null,
 "alias_list": null,
 "email_address": null,
 "phone_number": null,
 "description": null,
 "created_at": "Tue Nov 26 05:03:10 UTC 2013",
 "updated_at": "Tue Nov 26 05:03:10 UTC 2013",
 "overview": null,
 "image": null,
 "products":
  [],
 "relationships":
  [{"is_past": true,
    "title": "Senior Developer",
    "person":
     {"first_name": "Tatiana",
      "last_name": "Alperovitch",
      "permalink": "tatiana-alperovitch"}},
   {"is_past": true,
    "title": "Executive Technical Advisor, Lead Senior Systems Manager and Senior Sales Engineer",
    "person":
     {"first_name": "Tommy",
      "last_name": "Richardson",
      "permalink": "tommy-richardson"}},
   {"is_past": true,
    "title": "Manager of Training Services and Superviser",
    "person":
     {"first_name": "Drew",
      "last_name": "Wittig",
      "permalink": "drew-wittig"}},
   {"is_past": true,
    "title": "Lead Senior Systems Manager",
    "person":
     {"first_name": "Moses",
      "last_name": "Kusasira",
      "permalink": "moses-kusasira-2"}},
   {"is_past": true,
    "title": "Senior Account Executive",
    "person":
     {"first_name": "Michael",
      "last_name": "Nardi",
      "permalink": "michael-nardi"}}],
 "competitions":
  [],
 "providerships":
  [],
 "total_money_raised": "$0",
 "funding_rounds":
  [],
 "investments":
  [],
 "acquisition": null,
 "acquisitions":
  [],
 "offices":
  [],
 "milestones":
  [],
 "ipo": null,
 "video_embeds":
  [],
 "screenshots":
  [],
 "external_links":
  [],
 "partners":
  []}
