{"name": "Agile Office Systems",
 "permalink": "agile-office-systems",
 "crunchbase_url": "http://www.crunchbase.com/company/agile-office-systems",
 "homepage_url": "http://www.agileofficesystems.co.uk",
 "blog_url": "",
 "blog_feed_url": "",
 "twitter_username": "agileofficesys",
 "category_code": "local",
 "number_of_employees": null,
 "founded_year": 2012,
 "founded_month": null,
 "founded_day": null,
 "deadpooled_year": null,
 "deadpooled_month": null,
 "deadpooled_day": null,
 "deadpooled_url": null,
 "tag_list": "",
 "alias_list": null,
 "email_address": "info@agileofficesystems.co.uk",
 "phone_number": "448452577750",
 "description": "Managed Print Services Provider",
 "created_at": "Wed Oct 30 14:46:47 UTC 2013",
 "updated_at": "Thu Oct 31 17:10:28 UTC 2013",
 "overview": "\u003Cp\u003EUK Managed Print Services provider and office equipment dealer.\u003C/p\u003E",
 "image":
  {"available_sizes":
    [[[150,
       73],
      "http://api-images.crunchbase.com/assets/images/resized/0035/0855/350855v2-max-150x150.png"],
     [[250,
       122],
      "http://api-images.crunchbase.com/assets/images/resized/0035/0855/350855v2-max-250x250.png"],
     [[450,
       219],
      "http://api-images.crunchbase.com/assets/images/resized/0035/0855/350855v2-max-450x450.png"]],
   "attribution": null},
 "products":
  [],
 "relationships":
  [],
 "competitions":
  [],
 "providerships":
  [],
 "total_money_raised": "$0",
 "funding_rounds":
  [],
 "investments":
  [],
 "acquisition": null,
 "acquisitions":
  [],
 "offices":
  [],
 "milestones":
  [],
 "ipo": null,
 "video_embeds":
  [],
 "screenshots":
  [],
 "external_links":
  [],
 "partners":
  []}
