{"name": "Agonyapp",
 "permalink": "agonyapp",
 "crunchbase_url": "http://www.crunchbase.com/company/agonyapp",
 "homepage_url": "http://www.agonyapp.com",
 "blog_url": "",
 "blog_feed_url": "",
 "twitter_username": "agonyapp",
 "category_code": "social",
 "number_of_employees": 6,
 "founded_year": 2013,
 "founded_month": 10,
 "founded_day": 22,
 "deadpooled_year": null,
 "deadpooled_month": null,
 "deadpooled_day": null,
 "deadpooled_url": null,
 "tag_list": "social-media, qa, question, problem, advice, women, gossip, beauty, fashion, relationship, secret, agony, tip, meet, answers, love",
 "alias_list": null,
 "email_address": "info@agonyapp.com",
 "phone_number": "",
 "description": "Social lifestyle advice",
 "created_at": "Wed Nov 27 20:53:07 UTC 2013",
 "updated_at": "Fri Jan 17 09:46:30 UTC 2014",
 "overview": "\u003Cp\u003EAgonyapp - Relationship advice and more from the personal, social, lifestyle, advice app. Share Joy. Share Woes. Share Life! \u003C/p\u003E\n\n\u003Cp\u003EAgonyapp is your modern-day, personal, lifestyle companion; a social yet discrete way to ask questions, offer advice and get real answers from real people on everything that matters to you. \u003C/p\u003E\n\n\u003Cp\u003EWhether you need relationship advice, fashion tips, support through a tough time, some celebrity gossip or just a therapeutic rant, Agonyapp is just a few taps away. \u003C/p\u003E\n\n\u003Cp\u003EStart or join the conversation as yourself or your alter-ego across a range of areas including Beauty, Entertainment, Fashion, Friends \u0026amp; Family, Mummies, News \u0026amp; Gossip, Relationships, Wellbeing, Work and \u2018Life Changing\u2019.\u003C/p\u003E",
 "image":
  {"available_sizes":
    [[[150,
       150],
      "http://api-images.crunchbase.com/assets/images/resized/0036/6986/366986v2-max-150x150.png"],
     [[200,
       200],
      "http://api-images.crunchbase.com/assets/images/resized/0036/6986/366986v2-max-250x250.png"],
     [[200,
       200],
      "http://api-images.crunchbase.com/assets/images/resized/0036/6986/366986v2-max-450x450.png"]],
   "attribution": null},
 "products":
  [],
 "relationships":
  [{"is_past": false,
    "title": "Founder",
    "person":
     {"first_name": "Oyin",
      "last_name": "Solebo",
      "permalink": "oyin-solebo"}},
   {"is_past": false,
    "title": "Founder",
    "person":
     {"first_name": "Charles",
      "last_name": "Sekwalor",
      "permalink": "charles-sekwalor"}}],
 "competitions":
  [],
 "providerships":
  [],
 "total_money_raised": "$0",
 "funding_rounds":
  [],
 "investments":
  [],
 "acquisition": null,
 "acquisitions":
  [],
 "offices":
  [{"description": "London Office",
    "address1": "",
    "address2": "",
    "zip_code": "",
    "city": "",
    "state_code": null,
    "country_code": "GBR",
    "latitude": null,
    "longitude": null}],
 "milestones":
  [],
 "ipo": null,
 "video_embeds":
  [],
 "screenshots":
  [{"available_sizes":
     [[[75,
        150],
       "http://api-images.crunchbase.com/assets/images/resized/0036/8862/368862v2-max-150x150.png"],
      [[125,
        250],
       "http://api-images.crunchbase.com/assets/images/resized/0036/8862/368862v2-max-250x250.png"],
      [[225,
        450],
       "http://api-images.crunchbase.com/assets/images/resized/0036/8862/368862v2-max-450x450.png"]],
    "attribution": null},
   {"available_sizes":
     [[[75,
        150],
       "http://api-images.crunchbase.com/assets/images/resized/0036/8895/368895v2-max-150x150.png"],
      [[125,
        250],
       "http://api-images.crunchbase.com/assets/images/resized/0036/8895/368895v2-max-250x250.png"],
      [[225,
        450],
       "http://api-images.crunchbase.com/assets/images/resized/0036/8895/368895v2-max-450x450.png"]],
    "attribution": null},
   {"available_sizes":
     [[[75,
        150],
       "http://api-images.crunchbase.com/assets/images/resized/0036/8899/368899v2-max-150x150.png"],
      [[125,
        250],
       "http://api-images.crunchbase.com/assets/images/resized/0036/8899/368899v2-max-250x250.png"],
      [[225,
        450],
       "http://api-images.crunchbase.com/assets/images/resized/0036/8899/368899v2-max-450x450.png"]],
    "attribution": null},
   {"available_sizes":
     [[[75,
        150],
       "http://api-images.crunchbase.com/assets/images/resized/0036/8900/368900v2-max-150x150.png"],
      [[125,
        250],
       "http://api-images.crunchbase.com/assets/images/resized/0036/8900/368900v2-max-250x250.png"],
      [[225,
        450],
       "http://api-images.crunchbase.com/assets/images/resized/0036/8900/368900v2-max-450x450.png"]],
    "attribution": null}],
 "external_links":
  [{"external_url": "http://www.dailymail.co.uk/femail/article-2521377/Agonyapp-New-app-launches-answers-relationship-woes-supports-tough-times-gives-celebrity-gossip.html",
    "title": "Mail Online introduces Agonyapp"},
   {"external_url": "http://elitedaily.com/news/technology/new-app-can-help-solve-literally-everyones-problems-questions/?utm_source=rss\u0026utm_medium=rss\u0026utm_campaign=new-app-can-help-solve-literally-everyones-problems-questions",
    "title": "Elite daily dubs Agonyapp ' the support group for people'"}],
 "partners":
  []}
