{"name": "Ahmed, Alexander, \u0026 Molina L.L.P.",
 "permalink": "ahmed-alexander-molina-l-l-p",
 "crunchbase_url": "http://www.crunchbase.com/company/ahmed-alexander-molina-l-l-p",
 "homepage_url": null,
 "blog_url": "",
 "blog_feed_url": "",
 "twitter_username": null,
 "category_code": "legal",
 "number_of_employees": 3,
 "founded_year": 2012,
 "founded_month": 3,
 "founded_day": 5,
 "deadpooled_year": null,
 "deadpooled_month": null,
 "deadpooled_day": null,
 "deadpooled_url": null,
 "tag_list": "traffic-ticket, mcallen-traffic-ticket, mcallen-traffic-citation, traffic-citation, traffic-ticket-lawyer, negotiate-traffic-fine, municipal-court, dwi, d-w-i-, driving-while-intoxicated, speeding-ticket, traffic-warrant, scofflaw",
 "alias_list": null,
 "email_address": "info@aamlawyers.com",
 "phone_number": "956-391-2754",
 "description": "AAM Lawyers defends people who receive t",
 "created_at": "Sat Oct 26 05:57:33 UTC 2013",
 "updated_at": "Sun Oct 27 22:15:22 UTC 2013",
 "overview": "\u003Cp\u003EAAM Lawyers defends people who receive traffic tickets and citations. We defend people in traffic court and try to negotiate the best possible outcome for traffic related offense. We also defend people who receive D.W.I.s.\u003C/p\u003E",
 "image":
  {"available_sizes":
    [[[150,
       125],
      "http://api-images.crunchbase.com/assets/images/resized/0034/8443/348443v2-max-150x150.jpg"],
     [[250,
       209],
      "http://api-images.crunchbase.com/assets/images/resized/0034/8443/348443v2-max-250x250.jpg"],
     [[309,
       259],
      "http://api-images.crunchbase.com/assets/images/resized/0034/8443/348443v2-max-450x450.jpg"]],
   "attribution": null},
 "products":
  [],
 "relationships":
  [],
 "competitions":
  [],
 "providerships":
  [],
 "total_money_raised": "$0",
 "funding_rounds":
  [],
 "investments":
  [],
 "acquisition": null,
 "acquisitions":
  [],
 "offices":
  [],
 "milestones":
  [],
 "ipo": null,
 "video_embeds":
  [],
 "screenshots":
  [],
 "external_links":
  [],
 "partners":
  []}
