{"name": "Ahoban Technology",
 "permalink": "ahoban-technology",
 "crunchbase_url": "http://www.crunchbase.com/company/ahoban-technology",
 "homepage_url": "http://www.ahobantech.com",
 "blog_url": "http://www.ahobantech.com/blog/",
 "blog_feed_url": "",
 "twitter_username": "ahobantech",
 "category_code": "web",
 "number_of_employees": 10,
 "founded_year": 2012,
 "founded_month": null,
 "founded_day": null,
 "deadpooled_year": null,
 "deadpooled_month": null,
 "deadpooled_day": null,
 "deadpooled_url": null,
 "tag_list": "mobile, web-design, enterprise-software",
 "alias_list": "",
 "email_address": "",
 "phone_number": "",
 "description": "Mobile Application Development",
 "created_at": "Mon Nov 25 06:44:33 UTC 2013",
 "updated_at": "Mon Nov 25 06:44:32 UTC 2013",
 "overview": "",
 "image":
  {"available_sizes":
    [[[64,
       51],
      "http://api-images.crunchbase.com/assets/images/resized/0036/4941/364941v1-max-150x150.png"],
     [[64,
       51],
      "http://api-images.crunchbase.com/assets/images/resized/0036/4941/364941v1-max-250x250.png"],
     [[64,
       51],
      "http://api-images.crunchbase.com/assets/images/resized/0036/4941/364941v1-max-450x450.png"]],
   "attribution": null},
 "products":
  [],
 "relationships":
  [{"is_past": false,
    "title": "Founder",
    "person":
     {"first_name": "Sumon",
      "last_name": "Selim",
      "permalink": "sumon-selim"}},
   {"is_past": false,
    "title": "Founder",
    "person":
     {"first_name": "Md",
      "last_name": "Jillur Rahim",
      "permalink": "md-jillur-rahim"}}],
 "competitions":
  [],
 "providerships":
  [],
 "total_money_raised": "$0",
 "funding_rounds":
  [],
 "investments":
  [],
 "acquisition": null,
 "acquisitions":
  [],
 "offices":
  [],
 "milestones":
  [],
 "ipo": null,
 "video_embeds":
  [],
 "screenshots":
  [{"available_sizes":
     [[[150,
        68],
       "http://api-images.crunchbase.com/assets/images/resized/0036/4940/364940v1-max-150x150.png"],
      [[250,
        114],
       "http://api-images.crunchbase.com/assets/images/resized/0036/4940/364940v1-max-250x250.png"],
      [[450,
        205],
       "http://api-images.crunchbase.com/assets/images/resized/0036/4940/364940v1-max-450x450.png"]],
    "attribution": null}],
 "external_links":
  [],
 "partners":
  [{"partner_name": "angel_list",
    "homepage_url": "http://www.ahobantech.com",
    "link_1_url": "https://angel.co/ahoban-technology",
    "link_2_url": null,
    "link_3_url": null,
    "link_1_name": "AngelList Page",
    "link_2_name": null,
    "link_3_name": null}]}
