{"name": "Aim High Educational Services",
 "permalink": "aim-high-educational-services",
 "crunchbase_url": "http://www.crunchbase.com/company/aim-high-educational-services",
 "homepage_url": "http://www.aimhigh.in",
 "blog_url": "http://www.facebook.com/aimhighindia",
 "blog_feed_url": "",
 "twitter_username": null,
 "category_code": "education",
 "number_of_employees": null,
 "founded_year": 2013,
 "founded_month": 10,
 "founded_day": 1,
 "deadpooled_year": null,
 "deadpooled_month": null,
 "deadpooled_day": null,
 "deadpooled_url": null,
 "tag_list": "education-engineering-mba-ebooks",
 "alias_list": null,
 "email_address": "hi@aimhigh.in",
 "phone_number": "8861004306",
 "description": "FREE study material",
 "created_at": "Tue Dec 03 19:07:53 UTC 2013",
 "updated_at": "Fri Dec 06 19:31:15 UTC 2013",
 "overview": "\u003Cp\u003EAim High is a first-of-its-kind digital publishing firm in India, which provides free downloadable study material for PUC, Engineering and Management students in India. For this, Aim High has partnered with leading academicians and professors from prestigious institutions to develop high \u2013 quality and relevant material\u003C/p\u003E\n\n\u003Cp\u003EMission: To make higher education in India - Accessible and Fun-filled! \u003C/p\u003E\n\n\u003Cp\u003ECurrent portfolio: Portfolio consists of free solved papers for First Year Engineering students in Karnataka which has potential reach of over 90 thousand downloads per e-book\u003C/p\u003E\n\n\u003Cp\u003EVision:  To provide free study material (does not include text books) to Pre-University, Engineering and Management education across leading Indian universities in India by end of  year 2014\u003C/p\u003E",
 "image":
  {"available_sizes":
    [[[150,
       69],
      "http://api-images.crunchbase.com/assets/images/resized/0036/9762/369762v2-max-150x150.png"],
     [[250,
       115],
      "http://api-images.crunchbase.com/assets/images/resized/0036/9762/369762v2-max-250x250.png"],
     [[450,
       207],
      "http://api-images.crunchbase.com/assets/images/resized/0036/9762/369762v2-max-450x450.png"]],
   "attribution": null},
 "products":
  [],
 "relationships":
  [{"is_past": false,
    "title": "Founder",
    "person":
     {"first_name": "Khaleel",
      "last_name": "Khan",
      "permalink": "khaleel-khan"}}],
 "competitions":
  [],
 "providerships":
  [],
 "total_money_raised": "$0",
 "funding_rounds":
  [],
 "investments":
  [],
 "acquisition": null,
 "acquisitions":
  [],
 "offices":
  [{"description": "Headquarters",
    "address1": "811, 16th 'A' Cross, 9th Main",
    "address2": "3rd Block, Jayanagar",
    "zip_code": "560011",
    "city": "Bangalore",
    "state_code": null,
    "country_code": "IND",
    "latitude": null,
    "longitude": null}],
 "milestones":
  [],
 "ipo": null,
 "video_embeds":
  [],
 "screenshots":
  [{"available_sizes":
     [[[150,
        83],
       "http://api-images.crunchbase.com/assets/images/resized/0036/9761/369761v2-max-150x150.png"],
      [[250,
        139],
       "http://api-images.crunchbase.com/assets/images/resized/0036/9761/369761v2-max-250x250.png"],
      [[450,
        250],
       "http://api-images.crunchbase.com/assets/images/resized/0036/9761/369761v2-max-450x450.png"]],
    "attribution": null}],
 "external_links":
  [],
 "partners":
  []}
