{"name": "AimWith",
 "permalink": "aimwith",
 "crunchbase_url": "http://www.crunchbase.com/company/aimwith",
 "homepage_url": "http://aimwith.org",
 "blog_url": "",
 "blog_feed_url": "",
 "twitter_username": "aimwith_",
 "category_code": null,
 "number_of_employees": null,
 "founded_year": null,
 "founded_month": null,
 "founded_day": null,
 "deadpooled_year": null,
 "deadpooled_month": null,
 "deadpooled_day": null,
 "deadpooled_url": null,
 "tag_list": "",
 "alias_list": "",
 "email_address": "",
 "phone_number": "",
 "description": "",
 "created_at": "Tue Nov 26 07:54:19 UTC 2013",
 "updated_at": "Tue Jan 07 08:34:54 UTC 2014",
 "overview": "\u003Cp\u003EAimWith is a social equity marketplace where passionate crowdfunders, impact investors, and philanthropic organizations invest in change together by finding, funding, and following the most impact-driven and innovative nonprofits.\u003C/p\u003E\n\n\u003Cp\u003E\u2022Find out about the world\u2019s best-performing nonprofits and what they are doing to create lasting change.\u003C/p\u003E\n\n\u003Cp\u003E\u2022Connect with likeminded funders, investors and organizations to multiply the impact your social equity investment can have. \u003C/p\u003E\n\n\u003Cp\u003E\u2022Fund your choice of social enterprises/nonprofits and follow their progress against a set of transparent impact measures.\u003C/p\u003E",
 "image":
  {"available_sizes":
    [[[135,
       48],
      "http://api-images.crunchbase.com/assets/images/resized/0036/5774/365774v1-max-150x150.png"],
     [[135,
       48],
      "http://api-images.crunchbase.com/assets/images/resized/0036/5774/365774v1-max-250x250.png"],
     [[135,
       48],
      "http://api-images.crunchbase.com/assets/images/resized/0036/5774/365774v1-max-450x450.png"]],
   "attribution": null},
 "products":
  [],
 "relationships":
  [{"is_past": false,
    "title": "Founder",
    "person":
     {"first_name": "Steven",
      "last_name": "Cornish",
      "permalink": "steven-cornish"}},
   {"is_past": false,
    "title": "Advisor",
    "person":
     {"first_name": "Julius",
      "last_name": "E. Coles",
      "permalink": "julius-e-coles"}}],
 "competitions":
  [],
 "providerships":
  [],
 "total_money_raised": "$5k",
 "funding_rounds":
  [{"id": 56131,
    "round_code": "seed",
    "source_url": "",
    "source_description": "",
    "raised_amount": 5000.0,
    "raised_currency_code": "USD",
    "funded_year": 2013,
    "funded_month": 9,
    "funded_day": 4,
    "investments":
     [{"company": null,
       "financial_org":
        {"name": "DR\u00c6M VENTURES",
         "permalink": "draem-ventures"},
       "person": null}]}],
 "investments":
  [],
 "acquisition": null,
 "acquisitions":
  [],
 "offices":
  [{"description": "",
    "address1": "",
    "address2": "",
    "zip_code": "",
    "city": "San Francisco",
    "state_code": "CA",
    "country_code": "USA",
    "latitude": null,
    "longitude": null}],
 "milestones":
  [],
 "ipo": null,
 "video_embeds":
  [],
 "screenshots":
  [{"available_sizes":
     [[[150,
        68],
       "http://api-images.crunchbase.com/assets/images/resized/0036/5777/365777v1-max-150x150.png"],
      [[250,
        114],
       "http://api-images.crunchbase.com/assets/images/resized/0036/5777/365777v1-max-250x250.png"],
      [[450,
        206],
       "http://api-images.crunchbase.com/assets/images/resized/0036/5777/365777v1-max-450x450.png"]],
    "attribution": null}],
 "external_links":
  [],
 "partners":
  []}
