{"name": "Air Robotics",
 "permalink": "air-robotics",
 "crunchbase_url": "http://www.crunchbase.com/company/air-robotics",
 "homepage_url": "http://airrobotics.wordpress.com/contact-us",
 "blog_url": "",
 "blog_feed_url": "",
 "twitter_username": null,
 "category_code": "manufacturing",
 "number_of_employees": null,
 "founded_year": null,
 "founded_month": null,
 "founded_day": null,
 "deadpooled_year": null,
 "deadpooled_month": null,
 "deadpooled_day": null,
 "deadpooled_url": null,
 "tag_list": "",
 "alias_list": "",
 "email_address": "",
 "phone_number": "866.977.7796",
 "description": "",
 "created_at": "Wed Oct 30 12:35:57 UTC 2013",
 "updated_at": "Wed Oct 30 12:35:56 UTC 2013",
 "overview": "\u003Cp\u003EAir Robotics, LLC, an aerospace company, designs and manufactures wing body airborne vehicle systems. Its airborne vehicle system enables customers to swap payloads to perform multiple missions using a single airframe. The company\u2019s airborne vehicle systems are used in remote sensing, ISR, cyber/EW, SIGINT, lethal/non-lethal delivery, mapping, and airborne scientific applications. Air Robotics, LLC was incorporated in 2011 and is based in Charleston, West Virginia.\u003C/p\u003E",
 "image":
  {"available_sizes":
    [[[150,
       77],
      "http://api-images.crunchbase.com/assets/images/resized/0035/0802/350802v1-max-150x150.jpg"],
     [[250,
       128],
      "http://api-images.crunchbase.com/assets/images/resized/0035/0802/350802v1-max-250x250.jpg"],
     [[450,
       231],
      "http://api-images.crunchbase.com/assets/images/resized/0035/0802/350802v1-max-450x450.jpg"]],
   "attribution": null},
 "products":
  [],
 "relationships":
  [{"is_past": false,
    "title": "President",
    "person":
     {"first_name": "Jeffrey",
      "last_name": "Imel",
      "permalink": "jeffrey-imel"}}],
 "competitions":
  [],
 "providerships":
  [],
 "total_money_raised": "$125k",
 "funding_rounds":
  [{"id": 53239,
    "round_code": "partial",
    "source_url": "http://www.sec.gov/Archives/edgar/data/1521779/000152177911000001/xslFormDX01/primary_doc.xml",
    "source_description": "SEC",
    "raised_amount": 125000.0,
    "raised_currency_code": "USD",
    "funded_year": 2011,
    "funded_month": 6,
    "funded_day": 10,
    "investments":
     []}],
 "investments":
  [],
 "acquisition": null,
 "acquisitions":
  [],
 "offices":
  [{"description": "",
    "address1": "Air Robotics 1116 Smith Street",
    "address2": "",
    "zip_code": "25301",
    "city": "Charleston",
    "state_code": "WV",
    "country_code": "USA",
    "latitude": null,
    "longitude": null}],
 "milestones":
  [],
 "ipo": null,
 "video_embeds":
  [],
 "screenshots":
  [{"available_sizes":
     [[[150,
        77],
       "http://api-images.crunchbase.com/assets/images/resized/0035/0801/350801v1-max-150x150.jpg"],
      [[250,
        128],
       "http://api-images.crunchbase.com/assets/images/resized/0035/0801/350801v1-max-250x250.jpg"],
      [[450,
        231],
       "http://api-images.crunchbase.com/assets/images/resized/0035/0801/350801v1-max-450x450.jpg"]],
    "attribution": null}],
 "external_links":
  [],
 "partners":
  []}
