{"name": "Airbus Group",
 "permalink": "airbus-group",
 "crunchbase_url": "http://www.crunchbase.com/company/airbus-group",
 "homepage_url": "http://www.airbus-group.com/airbusgroup/int/en.html",
 "blog_url": "",
 "blog_feed_url": "http://www.airbus-group.com/airbusgroup/int/en/news/RSS-Feed.html",
 "twitter_username": "AirbusGroup",
 "category_code": "other",
 "number_of_employees": null,
 "founded_year": null,
 "founded_month": null,
 "founded_day": null,
 "deadpooled_year": null,
 "deadpooled_month": null,
 "deadpooled_day": null,
 "deadpooled_url": null,
 "tag_list": "aviation, defence, space, aeronautics",
 "alias_list": "",
 "email_address": "",
 "phone_number": "",
 "description": "Aerospace and defence corporation",
 "created_at": "Wed Oct 30 09:56:56 UTC 2013",
 "updated_at": "Fri Apr 11 09:12:22 UTC 2014",
 "overview": "\u003Cp\u003EThe Airbus Group is a global pioneer in aeronautics, space and defence related services, creating cutting-edge technology. Combining European heritage with global outreach, the diversity of our talent and technology drives innovation, integration and internationalisation. This shapes the company we are today and our vision for the future, helping the world cope with the incredible challenges it faces.\u003C/p\u003E\n\n\u003Cp\u003EThe company was originally formed as the European Aeronautic Defence and Space Company (EADS) on 10 July 2000 by the merger of A\u00e9rospatiale-Matra, DaimlerChrysler Aerospace AG (DASA), and Construcciones Aeron\u00e1uticas SA (CASA). The Airbus Group operates across the globe in more than 170 locations worldwide. Most of the company\u2019s order book and growing industrial footprint now lie beyond its European borders. Such examples can be seen in new final assembly lines in Tianjin (China) and Mobile, Alabama (US). We also produce helicopters in Brazil, maintain research centres in Singapore, India, the US, China and Russia, and we run Maintenance, Repair and Overhaul (MRO) hubs on five continents.\u003C/p\u003E",
 "image":
  {"available_sizes":
    [[[150,
       112],
      "http://api-images.crunchbase.com/assets/images/resized/0044/3051/443051v2-max-150x150.jpg"],
     [[250,
       187],
      "http://api-images.crunchbase.com/assets/images/resized/0044/3051/443051v2-max-250x250.jpg"],
     [[450,
       337],
      "http://api-images.crunchbase.com/assets/images/resized/0044/3051/443051v2-max-450x450.jpg"]],
   "attribution": null},
 "products":
  [],
 "relationships":
  [{"is_past": false,
    "title": "CEO",
    "person":
     {"first_name": "Thomas",
      "last_name": "Enders",
      "permalink": "thomas-enders"}},
   {"is_past": false,
    "title": "CTO",
    "person":
     {"first_name": "Jean",
      "last_name": "Botti",
      "permalink": "jean-botti"}},
   {"is_past": false,
    "title": "Senior Leadership Positions",
    "person":
     {"first_name": "Pierre",
      "last_name": "Steffen",
      "permalink": "pierre-steffen"}},
   {"is_past": false,
    "title": "Board of Directors",
    "person":
     {"first_name": "Manfred",
      "last_name": "Bischoff",
      "permalink": "manfred-bischoff"}},
   {"is_past": false,
    "title": "Board of Directors",
    "person":
     {"first_name": "Hans-Peter",
      "last_name": "Keitel",
      "permalink": "hans-peter-keitel"}},
   {"is_past": false,
    "title": "Board of Directors",
    "person":
     {"first_name": "Lakshmi",
      "last_name": "N. Mittal",
      "permalink": "lakshmi-n-mittal"}},
   {"is_past": false,
    "title": "Board of Directors",
    "person":
     {"first_name": "Michel",
      "last_name": "P\u00e9bereau",
      "permalink": "michel-pbereau"}},
   {"is_past": false,
    "title": "Board of Directors",
    "person":
     {"first_name": "Jean-Claude",
      "last_name": "Trichet",
      "permalink": "jean-claude-trichet"}},
   {"is_past": false,
    "title": "Board of Directors",
    "person":
     {"first_name": "Denis",
      "last_name": "Ranque",
      "permalink": "denis-ranque"}},
   {"is_past": false,
    "title": "Board of Directors",
    "person":
     {"first_name": "Ralph",
      "last_name": "Crosby",
      "permalink": "ralph-crosby"}},
   {"is_past": false,
    "title": "Board of Directors",
    "person":
     {"first_name": "Anne",
      "last_name": "Lauvergeon",
      "permalink": "anne-lauvergeon"}},
   {"is_past": false,
    "title": "Board of Directors",
    "person":
     {"first_name": "Sir",
      "last_name": "John Parker",
      "permalink": "sir-john-parker"}},
   {"is_past": false,
    "title": "Board of Directors",
    "person":
     {"first_name": "Josep",
      "last_name": "Piqu\u00e9 i Camps",
      "permalink": "josep-piqu-i-camps"}},
   {"is_past": true,
    "title": "General Secretary",
    "person":
     {"first_name": "Laurence",
      "last_name": "Dors",
      "permalink": "laurence-dors"}}],
 "competitions":
  [],
 "providerships":
  [],
 "total_money_raised": "$0",
 "funding_rounds":
  [],
 "investments":
  [],
 "acquisition": null,
 "acquisitions":
  [{"price_amount": null,
    "price_currency_code": "USD",
    "term_code": null,
    "source_url": "http://www.metronaviation.com/",
    "source_description": "Airbus Completes Acquisition of Metron Aviation",
    "acquired_year": 2011,
    "acquired_month": null,
    "acquired_day": null,
    "company":
     {"name": "Metron Aviation",
      "permalink": "metron-aviation"}}],
 "offices":
  [{"description": "Office",
    "address1": "4 rue du Groupe d'Or",
    "address2": "",
    "zip_code": "",
    "city": "Blagnac",
    "state_code": null,
    "country_code": "FRA",
    "latitude": null,
    "longitude": null}],
 "milestones":
  [],
 "ipo":
  {"valuation_amount": null,
   "valuation_currency_code": "USD",
   "pub_year": 1999,
   "pub_month": 6,
   "pub_day": 11,
   "stock_symbol": "EPA:AIR"},
 "video_embeds":
  [],
 "screenshots":
  [{"available_sizes":
     [[[150,
        80],
       "http://api-images.crunchbase.com/assets/images/resized/0044/3114/443114v1-max-150x150.png"],
      [[250,
        133],
       "http://api-images.crunchbase.com/assets/images/resized/0044/3114/443114v1-max-250x250.png"],
      [[450,
        240],
       "http://api-images.crunchbase.com/assets/images/resized/0044/3114/443114v1-max-450x450.png"]],
    "attribution": null}],
 "external_links":
  [],
 "partners":
  []}
