{"name": "Airstone Labs",
 "permalink": "airstone-labs",
 "crunchbase_url": "http://www.crunchbase.com/company/airstone-labs",
 "homepage_url": "http://airstonelabs.com",
 "blog_url": "",
 "blog_feed_url": "",
 "twitter_username": null,
 "category_code": null,
 "number_of_employees": null,
 "founded_year": null,
 "founded_month": null,
 "founded_day": null,
 "deadpooled_year": null,
 "deadpooled_month": null,
 "deadpooled_day": null,
 "deadpooled_url": null,
 "tag_list": "",
 "alias_list": "",
 "email_address": "team@airstonelabs.com",
 "phone_number": "",
 "description": "",
 "created_at": "Thu Oct 24 07:35:34 UTC 2013",
 "updated_at": "Sun Jan 19 03:55:24 UTC 2014",
 "overview": "\u003Cp\u003EAirstone Labs is a San Francisco-based startup developing a groundbreaking new simulation product aimed at the product design and engineering markets. The company is inviting early customers to contact us, to influence product direction and reserve their spot on the 2013 supercomputing-capacity roadmap.\u003C/p\u003E\n\n\u003Cp\u003EThe Airstone simulation environment turns batch simulation into a real-time environment where the user can interactively test different product designs. The tool is based on production-tested infrastructure, and is backed by a Series A investment from leading venture capital investors.\u003C/p\u003E\n\n\u003Cp\u003EAirstone is an integrated software and hardware service, built from the ground up to utilize massive high performance supercomputers with hundreds of thousands of CPU cores. This tight integration allows users to run complex multi-physics simulations in real-time, thereby disrupting their current product design and engineering processes by massively increasing their productivity.\u003C/p\u003E",
 "image": null,
 "products":
  [],
 "relationships":
  [],
 "competitions":
  [],
 "providerships":
  [],
 "total_money_raised": "$2.51M",
 "funding_rounds":
  [{"id": 52585,
    "round_code": "private_equity",
    "source_url": "",
    "source_description": "VC Funding-  Q1 2013 Source",
    "raised_amount": 2511000.0,
    "raised_currency_code": "USD",
    "funded_year": 2013,
    "funded_month": 1,
    "funded_day": 1,
    "investments":
     [{"company": null,
       "financial_org":
        {"name": "Borealis Ventures",
         "permalink": "borealis-ventures"},
       "person": null},
      {"company": null,
       "financial_org":
        {"name": "Lifeline Ventures",
         "permalink": "lifeline-ventures"},
       "person": null},
      {"company": null,
       "financial_org":
        {"name": "True Ventures",
         "permalink": "true-ventures"},
       "person": null}]}],
 "investments":
  [],
 "acquisition": null,
 "acquisitions":
  [],
 "offices":
  [{"description": "",
    "address1": "8 California Street",
    "address2": "Floor 5",
    "zip_code": "94111",
    "city": "San Francisco",
    "state_code": "CA",
    "country_code": "USA",
    "latitude": null,
    "longitude": null}],
 "milestones":
  [],
 "ipo": null,
 "video_embeds":
  [],
 "screenshots":
  [],
 "external_links":
  [],
 "partners":
  []}
