{"name": "Akila Media",
 "permalink": "akila-media",
 "crunchbase_url": "http://www.crunchbase.com/company/akila-media",
 "homepage_url": "http://akilamedia.com",
 "blog_url": "http://akilamedia.com/blog/",
 "blog_feed_url": "",
 "twitter_username": null,
 "category_code": "web",
 "number_of_employees": 10,
 "founded_year": 2013,
 "founded_month": null,
 "founded_day": null,
 "deadpooled_year": null,
 "deadpooled_month": null,
 "deadpooled_day": null,
 "deadpooled_url": null,
 "tag_list": "paas, digital-media, san-francisco",
 "alias_list": "",
 "email_address": "",
 "phone_number": "",
 "description": "Media Planning made Simple",
 "created_at": "Tue Oct 29 20:10:55 UTC 2013",
 "updated_at": "Thu Nov 07 05:33:18 UTC 2013",
 "overview": "\u003Cp\u003EWith our workflow management tool, you don\u0026#8217;t have to scan or fax contracts everyday anymore. You don\u0026#8217;t have to pile up contracts on the side of your CFO\u0026#8217;s deck.\u003C/p\u003E",
 "image":
  {"available_sizes":
    [[[150,
       29],
      "http://api-images.crunchbase.com/assets/images/resized/0035/2163/352163v2-max-150x150.jpg"],
     [[250,
       48],
      "http://api-images.crunchbase.com/assets/images/resized/0035/2163/352163v2-max-250x250.jpg"],
     [[450,
       88],
      "http://api-images.crunchbase.com/assets/images/resized/0035/2163/352163v2-max-450x450.jpg"]],
   "attribution": null},
 "products":
  [],
 "relationships":
  [{"is_past": false,
    "title": "CEO and Founder",
    "person":
     {"first_name": "Vincent",
      "last_name": "Guerrieri",
      "permalink": "vincent-guerrieri"}}],
 "competitions":
  [],
 "providerships":
  [],
 "total_money_raised": "$0",
 "funding_rounds":
  [],
 "investments":
  [],
 "acquisition": null,
 "acquisitions":
  [],
 "offices":
  [],
 "milestones":
  [],
 "ipo": null,
 "video_embeds":
  [],
 "screenshots":
  [{"available_sizes":
     [[[150,
        76],
       "http://api-images.crunchbase.com/assets/images/resized/0035/3793/353793v1-max-150x150.jpg"],
      [[250,
        126],
       "http://api-images.crunchbase.com/assets/images/resized/0035/3793/353793v1-max-250x250.jpg"],
      [[450,
        228],
       "http://api-images.crunchbase.com/assets/images/resized/0035/3793/353793v1-max-450x450.jpg"]],
    "attribution": null}],
 "external_links":
  [],
 "partners":
  [{"partner_name": "angel_list",
    "homepage_url": "http://www.akilamedia.com",
    "link_1_url": "https://angel.co/akila-media",
    "link_2_url": null,
    "link_3_url": null,
    "link_1_name": "AngelList Page",
    "link_2_name": null,
    "link_3_name": null}]}
