{"name": "Alan Spencer \u0026 Associates, P.C.",
 "permalink": "alan-spencer-associates-p-c",
 "crunchbase_url": "http://www.crunchbase.com/company/alan-spencer-associates-p-c",
 "homepage_url": "http://www.alanspencercpa.com",
 "blog_url": "http://www.americacountsoncpa.blogspot.com",
 "blog_feed_url": "http://alanspencercpa.wordpress.com",
 "twitter_username": "AlanSpencerCPA",
 "category_code": "consulting",
 "number_of_employees": null,
 "founded_year": 2006,
 "founded_month": null,
 "founded_day": null,
 "deadpooled_year": null,
 "deadpooled_month": null,
 "deadpooled_day": null,
 "deadpooled_url": null,
 "tag_list": "cpa-plano, estate-planning, irs-tax-issues, accounting-services, business-accounting-plano, quickbooks, tax-preparation",
 "alias_list": null,
 "email_address": "info@alanspencercpa.com",
 "phone_number": "972-943-0600",
 "description": "CPA \u0026 Tax Services",
 "created_at": "Wed Oct 16 21:58:28 UTC 2013",
 "updated_at": "Fri Oct 18 17:40:35 UTC 2013",
 "overview": "\u003Cp\u003EAlan Spencer \u0026amp; Associates, P.C. provides tax, accounting and financial services to individuals and small \u0026amp; medium size business entities.\nProfessional Licenses: CPA/PFS, CGMA, CFP\nSpecialties: Tax, Accounting, Bookkeeping, Financial services, Estate and Retirement Planning, Advanced QuickBooks Pro Advisor and etc.\u003C/p\u003E",
 "image":
  {"available_sizes":
    [[[150,
       67],
      "http://api-images.crunchbase.com/assets/images/resized/0034/4316/344316v2-max-150x150.jpg"],
     [[250,
       113],
      "http://api-images.crunchbase.com/assets/images/resized/0034/4316/344316v2-max-250x250.jpg"],
     [[450,
       203],
      "http://api-images.crunchbase.com/assets/images/resized/0034/4316/344316v2-max-450x450.jpg"]],
   "attribution": null},
 "products":
  [],
 "relationships":
  [],
 "competitions":
  [],
 "providerships":
  [],
 "total_money_raised": "$0",
 "funding_rounds":
  [],
 "investments":
  [],
 "acquisition": null,
 "acquisitions":
  [],
 "offices":
  [{"description": "",
    "address1": "1255 W 15th St, Suite 810",
    "address2": "",
    "zip_code": "75252",
    "city": "Plano",
    "state_code": "TX",
    "country_code": "USA",
    "latitude": null,
    "longitude": null}],
 "milestones":
  [],
 "ipo": null,
 "video_embeds":
  [],
 "screenshots":
  [],
 "external_links":
  [{"external_url": "http://www.alanspencercpa.com",
    "title": ""}],
 "partners":
  []}
