{"name": "Alsthom",
 "permalink": "alcatel-alsthom",
 "crunchbase_url": "http://www.crunchbase.com/company/alcatel-alsthom",
 "homepage_url": null,
 "blog_url": "",
 "blog_feed_url": "",
 "twitter_username": null,
 "category_code": null,
 "number_of_employees": null,
 "founded_year": null,
 "founded_month": null,
 "founded_day": null,
 "deadpooled_year": null,
 "deadpooled_month": null,
 "deadpooled_day": null,
 "deadpooled_url": null,
 "tag_list": null,
 "alias_list": "",
 "email_address": "",
 "phone_number": "",
 "description": "",
 "created_at": "Tue Nov 26 17:57:18 UTC 2013",
 "updated_at": "Thu Feb 20 04:01:12 UTC 2014",
 "overview": null,
 "image": null,
 "products":
  [],
 "relationships":
  [{"is_past": true,
    "title": "Director International Affairs",
    "person":
     {"first_name": "Albrecht",
      "last_name": "Graeve",
      "permalink": "albrecht-graeve"}}],
 "competitions":
  [],
 "providerships":
  [],
 "total_money_raised": "$0",
 "funding_rounds":
  [],
 "investments":
  [],
 "acquisition": null,
 "acquisitions":
  [],
 "offices":
  [],
 "milestones":
  [],
 "ipo": null,
 "video_embeds":
  [],
 "screenshots":
  [],
 "external_links":
  [],
 "partners":
  []}
