{"name": "Alcohol King",
 "permalink": "alcohol-king",
 "crunchbase_url": "http://www.crunchbase.com/company/alcohol-king",
 "homepage_url": "http://alcoholking.com",
 "blog_url": "",
 "blog_feed_url": "",
 "twitter_username": "alcoholking1",
 "category_code": "health",
 "number_of_employees": null,
 "founded_year": 2012,
 "founded_month": 4,
 "founded_day": 23,
 "deadpooled_year": null,
 "deadpooled_month": null,
 "deadpooled_day": null,
 "deadpooled_url": null,
 "tag_list": "",
 "alias_list": null,
 "email_address": "",
 "phone_number": "",
 "description": "",
 "created_at": "Thu Oct 31 06:27:58 UTC 2013",
 "updated_at": "Wed Dec 04 01:29:40 UTC 2013",
 "overview": "\u003Cp\u003EAlcohol Kings main purpose is to convey information that will encourage and empower responsible decision making concerning alcohol. Furthermore for those under the legal age, impart real facts and persuade you to make a responsible decision to NOT-consume alcohol.\u003C/p\u003E\n\n\u003Cp\u003ENot only do we cover the short-term and long-term effects of alcohol, but as well as the dangers of alcohol poisoning and alcohol withdrawal.\u003C/p\u003E",
 "image":
  {"available_sizes":
    [[[125,
       125],
      "http://api-images.crunchbase.com/assets/images/resized/0035/1596/351596v2-max-150x150.jpg"],
     [[125,
       125],
      "http://api-images.crunchbase.com/assets/images/resized/0035/1596/351596v2-max-250x250.jpg"],
     [[125,
       125],
      "http://api-images.crunchbase.com/assets/images/resized/0035/1596/351596v2-max-450x450.jpg"]],
   "attribution": null},
 "products":
  [],
 "relationships":
  [{"is_past": false,
    "title": "Owner",
    "person":
     {"first_name": "Jordan",
      "last_name": "Langford",
      "permalink": "jordan-langford"}}],
 "competitions":
  [],
 "providerships":
  [],
 "total_money_raised": "$0",
 "funding_rounds":
  [],
 "investments":
  [],
 "acquisition": null,
 "acquisitions":
  [],
 "offices":
  [],
 "milestones":
  [],
 "ipo": null,
 "video_embeds":
  [{"embed_code": "\u003Ciframe width=\"450\" height=\"315\" src=\"//www.youtube.com/embed/bcZO0BRDq04\" frameborder=\"0\" allowfullscreen\u003E\u003C/iframe\u003E",
    "description": "\u003Cp\u003EShort-term effects of alcohol\u003C/p\u003E"},
   {"embed_code": "\u003Ciframe width=\"450\" height=\"315\" src=\"//www.youtube.com/embed/yKqBIjmRAHs\" frameborder=\"0\" allowfullscreen\u003E\u003C/iframe\u003E",
    "description": "\u003Cp\u003ELong-term effects of alcohol\u003C/p\u003E"},
   {"embed_code": "\u003Ciframe width=\"450\" height=\"315\" src=\"//www.youtube.com/embed/Vp74HCIViD0\" frameborder=\"0\" allowfullscreen\u003E\u003C/iframe\u003E",
    "description": "\u003Cp\u003EAlcohol Withdrawal\u003C/p\u003E"},
   {"embed_code": "\u003Ciframe width=\"450\" height=\"315\" src=\"//www.youtube.com/embed/4uvf-cO7bBE\" frameborder=\"0\" allowfullscreen\u003E\u003C/iframe\u003E",
    "description": "\u003Cp\u003EAlcohol Poisoning\u003C/p\u003E"}],
 "screenshots":
  [],
 "external_links":
  [{"external_url": "https://twitter.com/alcoholking1",
    "title": "Alcoholking on Twitter"},
   {"external_url": "http://www.youtube.com/user/alcoholking",
    "title": "Alcoholking on Youtube"}],
 "partners":
  []}
