{"name": "Aldar Properties",
 "permalink": "aldar-properties",
 "crunchbase_url": "http://www.crunchbase.com/company/aldar-properties",
 "homepage_url": "http://aldar.com/en",
 "blog_url": "",
 "blog_feed_url": "",
 "twitter_username": null,
 "category_code": "real_estate",
 "number_of_employees": null,
 "founded_year": null,
 "founded_month": null,
 "founded_day": null,
 "deadpooled_year": null,
 "deadpooled_month": null,
 "deadpooled_day": null,
 "deadpooled_url": null,
 "tag_list": "",
 "alias_list": "",
 "email_address": "",
 "phone_number": "02 8105555",
 "description": "",
 "created_at": "Wed Nov 27 12:15:22 UTC 2013",
 "updated_at": "Wed Nov 27 12:24:18 UTC 2013",
 "overview": "\u003Cp\u003EThe company has developed some of Abu Dhabi\u2019s most iconic and complex projects, from the Formula 1 facilities on Yas Island to the thriving new Shams Abu Dhabi community on Reem Island. Its property portfolio is diversified and balanced, with residential communities accounting for around half of assets, retail property representing a third, and the remainder split between commercial and hospitality.\u003C/p\u003E",
 "image":
  {"available_sizes":
    [[[111,
       105],
      "http://api-images.crunchbase.com/assets/images/resized/0036/6782/366782v1-max-150x150.png"],
     [[111,
       105],
      "http://api-images.crunchbase.com/assets/images/resized/0036/6782/366782v1-max-250x250.png"],
     [[111,
       105],
      "http://api-images.crunchbase.com/assets/images/resized/0036/6782/366782v1-max-450x450.png"]],
   "attribution": null},
 "products":
  [],
 "relationships":
  [{"is_past": false,
    "title": "CEO",
    "person":
     {"first_name": "Mohamed",
      "last_name": "Al Mubarak",
      "permalink": "mohamed-al-mubarak"}},
   {"is_past": false,
    "title": "CFO",
    "person":
     {"first_name": "Greg",
      "last_name": "Fewer",
      "permalink": "greg-fewer"}},
   {"is_past": false,
    "title": "COO",
    "person":
     {"first_name": "Fahad",
      "last_name": "Al Ketbi",
      "permalink": "fahad-al-ketbi"}}],
 "competitions":
  [],
 "providerships":
  [],
 "total_money_raised": "$0",
 "funding_rounds":
  [],
 "investments":
  [],
 "acquisition": null,
 "acquisitions":
  [],
 "offices":
  [{"description": "",
    "address1": "Abu Dhabi",
    "address2": "Al Reem Island",
    "zip_code": "51133",
    "city": "",
    "state_code": null,
    "country_code": "ARE",
    "latitude": null,
    "longitude": null}],
 "milestones":
  [{"id": 43367,
    "description": "Abu Dhabi's Aldar raises $750m from sukuk\r\n",
    "stoned_year": 2013,
    "stoned_month": 11,
    "stoned_day": 27,
    "source_url": "http://www.arabianbusiness.com/abu-dhabi-s-aldar-raises-750m-from-sukuk-528352.html?utm_source=dlvr.it\u0026utm_medium=twitter#.UpXj5idEl9J",
    "source_text": "",
    "source_description": "Abu Dhabi's Aldar raises $750m from sukuk",
    "stoneable_type": "Company",
    "stoned_value": null,
    "stoned_value_type": null,
    "stoned_acquirer": null,
    "stoneable":
     {"name": "Aldar Properties",
      "permalink": "aldar-properties"}}],
 "ipo": null,
 "video_embeds":
  [],
 "screenshots":
  [{"available_sizes":
     [[[150,
        84],
       "http://api-images.crunchbase.com/assets/images/resized/0036/6783/366783v1-max-150x150.png"],
      [[250,
        140],
       "http://api-images.crunchbase.com/assets/images/resized/0036/6783/366783v1-max-250x250.png"],
      [[450,
        252],
       "http://api-images.crunchbase.com/assets/images/resized/0036/6783/366783v1-max-450x450.png"]],
    "attribution": null}],
 "external_links":
  [],
 "partners":
  []}
