{"name": "AlephD",
 "permalink": "alephd",
 "crunchbase_url": "http://www.crunchbase.com/company/alephd",
 "homepage_url": "http://www.alephd.com",
 "blog_url": "",
 "blog_feed_url": "",
 "twitter_username": "alephd_labs",
 "category_code": "advertising",
 "number_of_employees": 10,
 "founded_year": 2012,
 "founded_month": 9,
 "founded_day": 30,
 "deadpooled_year": null,
 "deadpooled_month": null,
 "deadpooled_day": null,
 "deadpooled_url": null,
 "tag_list": "rtb",
 "alias_list": null,
 "email_address": "contact@alephd.com",
 "phone_number": "",
 "description": "RTB Technology Publishers",
 "created_at": "Thu Oct 31 17:31:33 UTC 2013",
 "updated_at": "Tue Dec 31 00:05:36 UTC 2013",
 "overview": "\u003Cp\u003EAlephD provides real-time solutions to publishers selling inventory over RTB.\u003C/p\u003E\n\n\u003Cp\u003EFounded in 2012 by a former Criteo executive and two data scientists and serial entrepreneurs, AlephD provides real-time capabilities to online publishers. Its solutions instantly boost digital publishers RTB revenues (Real Time Bidding) by up to 30%. \u003C/p\u003E\n\n\u003Cp\u003EThe company developed real-time algorithms able to predict auction performance right before each impression is served. On behalf of its clients, AlephD chooses the best selling strategy to attract the most relevant buyers at the best price. The algorithms are fine tuned over billions of auction logs stored on a big data infrastructure. They are then applied thousands of times per second for every single impression delivered by AlephD\u2019s customers, offering instantaneous revenue boost. \u003C/p\u003E\n\n\u003Cp\u003EAlephD equips online publishers with the same level of technology as the most advanced advertisers or demand-side solutions. AlephD leverages all the publisher data to create a level playing field in the RTB market and unlocks new opportunities for buyers and sellers.\u003C/p\u003E",
 "image":
  {"available_sizes":
    [[[140,
       150],
      "http://api-images.crunchbase.com/assets/images/resized/0035/1524/351524v2-max-150x150.png"],
     [[234,
       250],
      "http://api-images.crunchbase.com/assets/images/resized/0035/1524/351524v2-max-250x250.png"],
     [[328,
       350],
      "http://api-images.crunchbase.com/assets/images/resized/0035/1524/351524v2-max-450x450.png"]],
   "attribution": null},
 "products":
  [],
 "relationships":
  [{"is_past": false,
    "title": "CEO",
    "person":
     {"first_name": "Maxime",
      "last_name": "Agostini",
      "permalink": "maxime-agostini"}},
   {"is_past": false,
    "title": "CTO",
    "person":
     {"first_name": "Vincent",
      "last_name": "Lepage",
      "permalink": "vincent-lepage"}},
   {"is_past": false,
    "title": "CSO",
    "person":
     {"first_name": "Nicolas",
      "last_name": "Grislain",
      "permalink": "nicolas-grislain"}}],
 "competitions":
  [],
 "providerships":
  [],
 "total_money_raised": "$2M",
 "funding_rounds":
  [{"id": 53678,
    "round_code": "a",
    "source_url": "http://pitchbook.com/Daily_Newsletter.html?nid=FKIWAFSB5S2IG",
    "source_description": "AlephD Raises $2M Series A",
    "raised_amount": 2000000.0,
    "raised_currency_code": "USD",
    "funded_year": 2013,
    "funded_month": 11,
    "funded_day": 3,
    "investments":
     [{"company": null,
       "financial_org":
        {"name": "Partech Ventures",
         "permalink": "partech-international"},
       "person": null},
      {"company": null,
       "financial_org":
        {"name": "A Plus Finance",
         "permalink": "a-plus-finance"},
       "person": null},
      {"company": null,
       "financial_org":
        {"name": "CapDecisif",
         "permalink": "capdecisif"},
       "person": null}]}],
 "investments":
  [],
 "acquisition": null,
 "acquisitions":
  [],
 "offices":
  [{"description": "",
    "address1": "117 rue de Charenton",
    "address2": "",
    "zip_code": "",
    "city": "Paris",
    "state_code": null,
    "country_code": "FRA",
    "latitude": null,
    "longitude": null}],
 "milestones":
  [],
 "ipo": null,
 "video_embeds":
  [],
 "screenshots":
  [],
 "external_links":
  [],
 "partners":
  []}
