{"name": "Alex and Ani",
 "permalink": "alex-and-ani",
 "crunchbase_url": "http://www.crunchbase.com/company/alex-and-ani",
 "homepage_url": "http://www.alexandani.com",
 "blog_url": "http://www.alexandani.com/blog/",
 "blog_feed_url": "http://www.alexandani.com/blog/feed/",
 "twitter_username": "alexandani",
 "category_code": "ecommerce",
 "number_of_employees": 874,
 "founded_year": 2004,
 "founded_month": null,
 "founded_day": null,
 "deadpooled_year": null,
 "deadpooled_month": null,
 "deadpooled_day": null,
 "deadpooled_url": null,
 "tag_list": "ecommerce, mult-channel, retail, fashion, lifestyle, bangles, giovanni-feroce, carolyn-rafaelian",
 "alias_list": null,
 "email_address": "web@alexandani.com",
 "phone_number": "(800) 725-7822",
 "description": "Lifestyle Brand",
 "created_at": "Sat Nov 02 01:03:54 UTC 2013",
 "updated_at": "Fri Nov 15 03:31:17 UTC 2013",
 "overview": "\u003Cp\u003EAlex and Ani is a lifestyle brand headquartered in Cranston, Rhode Island and known primarily for its production and sales of accessories through multiple retail channels, including over 40 of their own stores, thousands of authorized retailers and a popular e-commerce site.\u003C/p\u003E\n\n\u003Cp\u003EAlex and Ani was founded in 2004 by Carolyn Rafaelian. The name comes from a combination of the first names of Rafaelian\u0026#8217;s two daughters. The company originally stated that they wanted to produce \u0026#8220;bangle bracelets, necklaces, earrings and rings that adorn the body, enlighten the mind, and empower the spirit\u0026#8221;. The company first manufactured its jewelry in a factory that was founded by Rafaelian\u0026#8217;s father in 1966 and all materials are made in America. The first retail Alex and Ani store opened in 2009. In 2010 Giovanni Feroce joined the company as CEO and drove the company\u0026#8217;s expansion, increasing the sales total for the year by more than 20 times its previous annual total.\u003C/p\u003E\n\n\u003Cp\u003EIn 2011 Alex and Ani appeared in the Inc. 500 List, and number 16 on their retail sector. Between 2010 and 2012 the company increased its sales from $4.5 million to $80 million, with its labor force increase from just over 20 to more than 600. The company added new marketing components or expanded infrastructure in each quarter that year. It also increased its sales by over 300% between the two respective year\u0026#8217;s Christmas seasons. In 2012 Alex and Ani also opened its first European branded stores. That year JH Partners also acquired a large stake in Alex and Ani, adding it to its lifestyle companies portfolio. Towards the end of 2013 Alex and Ani was on pace to sell more than $200 million in merchandise that year.\u003C/p\u003E",
 "image":
  {"available_sizes":
    [[[150,
       19],
      "http://api-images.crunchbase.com/assets/images/resized/0035/2208/352208v2-max-150x150.png"],
     [[200,
       26],
      "http://api-images.crunchbase.com/assets/images/resized/0035/2208/352208v2-max-250x250.png"],
     [[200,
       26],
      "http://api-images.crunchbase.com/assets/images/resized/0035/2208/352208v2-max-450x450.png"]],
   "attribution": null},
 "products":
  [],
 "relationships":
  [{"is_past": false,
    "title": "CEO",
    "person":
     {"first_name": "Giovanni",
      "last_name": "Feroce",
      "permalink": "giovanni-feroce"}},
   {"is_past": false,
    "title": "VP, Retail Operations",
    "person":
     {"first_name": "Susan",
      "last_name": "Soares",
      "permalink": "susan-soares"}},
   {"is_past": false,
    "title": "VP, Transitional Operations",
    "person":
     {"first_name": "Margo",
      "last_name": "Madden",
      "permalink": "margo-madden"}},
   {"is_past": false,
    "title": "VP, Marketing",
    "person":
     {"first_name": "Iris",
      "last_name": "Carlomusto",
      "permalink": "iris-carlomusto"}},
   {"is_past": false,
    "title": "Founder and Creative Director",
    "person":
     {"first_name": "Carolyn",
      "last_name": "Rafaelian",
      "permalink": "carolyn-rafaelian"}},
   {"is_past": false,
    "title": "VP, Charity by Design",
    "person":
     {"first_name": "Nicki",
      "last_name": "Castonguay",
      "permalink": "nicki-castonguay"}},
   {"is_past": false,
    "title": "VP, Digital Strategy",
    "person":
     {"first_name": "Ryan",
      "last_name": "Bonifacino",
      "permalink": "ryan-bonifacino"}},
   {"is_past": false,
    "title": "Director, Human Resources",
    "person":
     {"first_name": "Madison",
      "last_name": "Malloy",
      "permalink": "madison-malloy"}}],
 "competitions":
  [{"competitor":
     {"name": "Lululemon",
      "permalink": "lululemon"}},
   {"competitor":
     {"name": "Tory Burch",
      "permalink": "tory-burch"}},
   {"competitor":
     {"name": "Kate Spade",
      "permalink": "kate-spade"}},
   {"competitor":
     {"name": "Coach Inc.",
      "permalink": "coach-inc"}}],
 "providerships":
  [{"title": "Ecommerce Platform",
    "is_past": false,
    "provider":
     {"name": "Magento Ecommerce",
      "permalink": "magento-ecommerce"}}],
 "total_money_raised": "$0",
 "funding_rounds":
  [{"id": 53655,
    "round_code": "private_equity",
    "source_url": "http://online.wsj.com/news/articles/SB10001424052970204425904578073432904909900",
    "source_description": "WSJ: Private Equity Firm JH Partners Buys Stake in Jeweler Alex \u0026 Ani",
    "raised_amount": null,
    "raised_currency_code": "USD",
    "funded_year": 2012,
    "funded_month": 10,
    "funded_day": 22,
    "investments":
     [{"company": null,
       "financial_org":
        {"name": "JH Partners",
         "permalink": "jh-partners"},
       "person": null}]}],
 "investments":
  [],
 "acquisition": null,
 "acquisitions":
  [{"price_amount": null,
    "price_currency_code": "USD",
    "term_code": null,
    "source_url": "http://www.pbn.com/Alex-and-Ani-buys-Mediapeel-candidate-for-reality-show-,65757",
    "source_description": "Alex and Ani Buys Mediapeel",
    "acquired_year": 2012,
    "acquired_month": 3,
    "acquired_day": 1,
    "company":
     {"name": "Mediapeel",
      "permalink": "mediapeel"}}],
 "offices":
  [{"description": "World Headquarters",
    "address1": "2000 Chapel View Blvd.",
    "address2": "Suite 360",
    "zip_code": "02920",
    "city": "Cranston",
    "state_code": "RI",
    "country_code": "USA",
    "latitude": null,
    "longitude": null},
   {"description": "New York Office",
    "address1": "155 Spring Street",
    "address2": "4th Floow",
    "zip_code": "10012",
    "city": "New York",
    "state_code": "NY",
    "country_code": "USA",
    "latitude": null,
    "longitude": null}],
 "milestones":
  [],
 "ipo": null,
 "video_embeds":
  [],
 "screenshots":
  [{"available_sizes":
     [[[150,
        71],
       "http://api-images.crunchbase.com/assets/images/resized/0035/2205/352205v2-max-150x150.png"],
      [[250,
        119],
       "http://api-images.crunchbase.com/assets/images/resized/0035/2205/352205v2-max-250x250.png"],
      [[450,
        214],
       "http://api-images.crunchbase.com/assets/images/resized/0035/2205/352205v2-max-450x450.png"]],
    "attribution": null},
   {"available_sizes":
     [[[150,
        71],
       "http://api-images.crunchbase.com/assets/images/resized/0035/2206/352206v2-max-150x150.png"],
      [[250,
        118],
       "http://api-images.crunchbase.com/assets/images/resized/0035/2206/352206v2-max-250x250.png"],
      [[450,
        214],
       "http://api-images.crunchbase.com/assets/images/resized/0035/2206/352206v2-max-450x450.png"]],
    "attribution": null},
   {"available_sizes":
     [[[150,
        71],
       "http://api-images.crunchbase.com/assets/images/resized/0035/2207/352207v2-max-150x150.png"],
      [[250,
        118],
       "http://api-images.crunchbase.com/assets/images/resized/0035/2207/352207v2-max-250x250.png"],
      [[450,
        214],
       "http://api-images.crunchbase.com/assets/images/resized/0035/2207/352207v2-max-450x450.png"]],
    "attribution": null}],
 "external_links":
  [{"external_url": "http://online.wsj.com/news/articles/SB10001424052970204425904578073432904909900",
    "title": "Wall Street Journal - Private Equity Firm JH Partners Buys Stake in Jeweler Alex \u0026 Ani"},
   {"external_url": "http://www.inc.com/leigh-buchanan/alex-and-ani-cult-status.html",
    "title": "Inc Magazine - How Alex and Ani Achieved Cult Status"},
   {"external_url": "http://www.inc.com/magazine/201304/leigh/the-disciplined-and-the-divine.html",
    "title": "Inc Magazine - The Disciplined and The Divine"},
   {"external_url": "http://www.whitehouse.gov/blog/2011/08/08/reclaiming-future-through-american-manufacturing",
    "title": "The White House - Reclaiming the Future Through American Manufacturing"},
   {"external_url": "http://www.nytimes.com/2013/09/19/garden/ghosts-be-gone.html?_r=0",
    "title": "New York Times - Belcourt Castle in Newport Gets a Face-Lift"},
   {"external_url": "http://finance.yahoo.com/news/alex-ani-infuses-red-sox-133402519.html",
    "title": "Yahoo Finance - Alex and Ani Infuses Red Sox Nation With Positive Energy"},
   {"external_url": "http://www.bostonglobe.com/lifestyle/names/2012/11/28/celtics-dancers-unveil-calendar/WKkRaJHZWyIwyzLfXWrAsN/story.html",
    "title": "Boston Globe - Celtics Dancers warm up for 2013"},
   {"external_url": "http://www.pbn.com/Alex-and-Ani-to-sponsor-Patriots-Cheerleaders,90500",
    "title": "Providence Business News - Alex and Ani to sponsor Patriots Cheerleaders"}],
 "partners":
  []}
