{"name": "AlignMed",
 "permalink": "alignmed",
 "crunchbase_url": "http://www.crunchbase.com/company/alignmed",
 "homepage_url": "http://alignmed.com",
 "blog_url": "http://alignmed.com/life/cat/blog/",
 "blog_feed_url": "",
 "twitter_username": "alignmed",
 "category_code": "ecommerce",
 "number_of_employees": null,
 "founded_year": 2006,
 "founded_month": null,
 "founded_day": null,
 "deadpooled_year": null,
 "deadpooled_month": null,
 "deadpooled_day": null,
 "deadpooled_url": null,
 "tag_list": "",
 "alias_list": "",
 "email_address": "customercare@alignmed.com",
 "phone_number": "(866) 987 (5433)",
 "description": "",
 "created_at": "Thu Oct 24 11:34:47 UTC 2013",
 "updated_at": "Thu Oct 24 11:34:46 UTC 2013",
 "overview": "\u003Cp\u003EAlignMed is the leading innovator in the evidence based apparel sector. Since 2006, AlignMed has been designing products that will revolutionize the way individuals \u0026amp; physicians view the issue of ailments and performance associated with poor posture. Every product is designed with the science of touch \u0026amp; tension and through extensive independent testing; the AlignMed range of products is proven to deliver improved mechanical, neurological and aesthetic function allowing the body to look and perform better.\u003C/p\u003E",
 "image":
  {"available_sizes":
    [[[150,
       150],
      "http://api-images.crunchbase.com/assets/images/resized/0034/7494/347494v1-max-150x150.png"],
     [[250,
       250],
      "http://api-images.crunchbase.com/assets/images/resized/0034/7494/347494v1-max-250x250.png"],
     [[450,
       450],
      "http://api-images.crunchbase.com/assets/images/resized/0034/7494/347494v1-max-450x450.png"]],
   "attribution": null},
 "products":
  [],
 "relationships":
  [{"is_past": false,
    "title": "President \u0026 Founder",
    "person":
     {"first_name": "Bill",
      "last_name": "Schultz",
      "permalink": "bill-schultz"}},
   {"is_past": false,
    "title": "CFO",
    "person":
     {"first_name": "Bill",
      "last_name": "Curran",
      "permalink": "bill-curran"}},
   {"is_past": false,
    "title": "CEO",
    "person":
     {"first_name": "Bob",
      "last_name": "Meers",
      "permalink": "bob-meers"}},
   {"is_past": false,
    "title": "Chief Marketing Officer",
    "person":
     {"first_name": "Debra",
      "last_name": "Buxton",
      "permalink": "debra-buxton"}}],
 "competitions":
  [],
 "providerships":
  [],
 "total_money_raised": "$450k",
 "funding_rounds":
  [{"id": 52620,
    "round_code": "partial",
    "source_url": "http://www.sec.gov/Archives/edgar/data/1575696/000114036113039328/xslFormDX01/primary_doc.xml",
    "source_description": "SEC",
    "raised_amount": 450000.0,
    "raised_currency_code": "USD",
    "funded_year": 2013,
    "funded_month": 10,
    "funded_day": 23,
    "investments":
     []}],
 "investments":
  [],
 "acquisition": null,
 "acquisitions":
  [],
 "offices":
  [{"description": "",
    "address1": "2909 Tech Center Dr.",
    "address2": "",
    "zip_code": "92705-5657",
    "city": "Santa Ana",
    "state_code": "CA",
    "country_code": "USA",
    "latitude": null,
    "longitude": null}],
 "milestones":
  [],
 "ipo": null,
 "video_embeds":
  [],
 "screenshots":
  [{"available_sizes":
     [[[150,
        126],
       "http://api-images.crunchbase.com/assets/images/resized/0034/7493/347493v1-max-150x150.png"],
      [[250,
        210],
       "http://api-images.crunchbase.com/assets/images/resized/0034/7493/347493v1-max-250x250.png"],
      [[450,
        379],
       "http://api-images.crunchbase.com/assets/images/resized/0034/7493/347493v1-max-450x450.png"]],
    "attribution": null}],
 "external_links":
  [],
 "partners":
  []}
