{"name": "ALIS",
 "permalink": "alis",
 "crunchbase_url": "http://www.crunchbase.com/company/alis",
 "homepage_url": null,
 "blog_url": null,
 "blog_feed_url": null,
 "twitter_username": null,
 "category_code": null,
 "number_of_employees": null,
 "founded_year": null,
 "founded_month": null,
 "founded_day": null,
 "deadpooled_year": null,
 "deadpooled_month": null,
 "deadpooled_day": null,
 "deadpooled_url": null,
 "tag_list": null,
 "alias_list": null,
 "email_address": null,
 "phone_number": null,
 "description": null,
 "created_at": "Mon Nov 04 06:20:46 UTC 2013",
 "updated_at": "Mon Nov 04 06:20:46 UTC 2013",
 "overview": null,
 "image": null,
 "products":
  [],
 "relationships":
  [{"is_past": true,
    "title": "Board Member",
    "person":
     {"first_name": "Rohit",
      "last_name": "Seth",
      "permalink": "rohit-seth"}},
   {"is_past": true,
    "title": "",
    "person":
     {"first_name": "Keith",
      "last_name": "L. Crandell",
      "permalink": "keith-l-crandell"}}],
 "competitions":
  [],
 "providerships":
  [],
 "total_money_raised": "$0",
 "funding_rounds":
  [],
 "investments":
  [],
 "acquisition": null,
 "acquisitions":
  [],
 "offices":
  [],
 "milestones":
  [],
 "ipo": null,
 "video_embeds":
  [],
 "screenshots":
  [],
 "external_links":
  [],
 "partners":
  []}
