{"name": "All Star Paving \u0026 Sealing",
 "permalink": "all-star-paving-sealing",
 "crunchbase_url": "http://www.crunchbase.com/company/all-star-paving-sealing",
 "homepage_url": "http://www.allstarpaving.com",
 "blog_url": "",
 "blog_feed_url": "",
 "twitter_username": "AllStarPavingCT",
 "category_code": "other",
 "number_of_employees": null,
 "founded_year": null,
 "founded_month": null,
 "founded_day": null,
 "deadpooled_year": null,
 "deadpooled_month": null,
 "deadpooled_day": null,
 "deadpooled_url": null,
 "tag_list": "asphalt-paving-sealcoating-crack-repair-asphalt-patching-concrete-curbing",
 "alias_list": null,
 "email_address": "",
 "phone_number": "(203) 327-7283",
 "description": "Highest quality Asphalt Paving services ",
 "created_at": "Fri Nov 01 06:25:22 UTC 2013",
 "updated_at": "Sat Nov 02 04:35:29 UTC 2013",
 "overview": "\u003Cp\u003EAll Star Paving is the best solution for all your residential and commercial driveway construction, paving, repair and seal coating in Connecticut. Asphalt paving contractors render the level of services right from Driveway Paving to Parking Lot repair and construction with a highest quality. \u003C/p\u003E\n\n\u003Cp\u003ESome of our services include:\u003C/p\u003E\n\n\u003Cul\u003E\n\u003Cli\u003EDriveway Paving\u003C/li\u003E\n\u003Cli\u003EAsphalt Patching\u003C/li\u003E\n\u003Cli\u003ESealcoating\u003C/li\u003E\n\u003Cli\u003EParking Lot Paving\u003C/li\u003E\n\u003Cli\u003EParking Lot Maintenance\u003C/li\u003E\n\u003Cli\u003EConcrete Curbing, etc\u003C/li\u003E\n\u003C/ul\u003E\n\n\u003Cp\u003EAll Star provides a complete range of construction services while specializing in asphalt paving and maintenance edging with a reliable solution for property owners, either residential or commercial.\u003C/p\u003E",
 "image":
  {"available_sizes":
    [[[119,
       150],
      "http://api-images.crunchbase.com/assets/images/resized/0035/1727/351727v2-max-150x150.png"],
     [[130,
       163],
      "http://api-images.crunchbase.com/assets/images/resized/0035/1727/351727v2-max-250x250.png"],
     [[130,
       163],
      "http://api-images.crunchbase.com/assets/images/resized/0035/1727/351727v2-max-450x450.png"]],
   "attribution": null},
 "products":
  [],
 "relationships":
  [{"is_past": false,
    "title": "Owner",
    "person":
     {"first_name": "Matthew",
      "last_name": "Forte",
      "permalink": "matthew-forte"}}],
 "competitions":
  [],
 "providerships":
  [],
 "total_money_raised": "$0",
 "funding_rounds":
  [],
 "investments":
  [],
 "acquisition": null,
 "acquisitions":
  [],
 "offices":
  [],
 "milestones":
  [],
 "ipo": null,
 "video_embeds":
  [],
 "screenshots":
  [{"available_sizes":
     [[[68,
        150],
       "http://api-images.crunchbase.com/assets/images/resized/0035/1726/351726v2-max-150x150.jpg"],
      [[113,
        250],
       "http://api-images.crunchbase.com/assets/images/resized/0035/1726/351726v2-max-250x250.jpg"],
      [[204,
        450],
       "http://api-images.crunchbase.com/assets/images/resized/0035/1726/351726v2-max-450x450.jpg"]],
    "attribution": null}],
 "external_links":
  [],
 "partners":
  []}
