{"name": "All About Dogs",
 "permalink": "all-about-dogs-walking-and-pet-care",
 "crunchbase_url": "http://www.crunchbase.com/company/all-about-dogs-walking-and-pet-care",
 "homepage_url": "http://allaboutdogswalkingandpetcare.com",
 "blog_url": "",
 "blog_feed_url": "",
 "twitter_username": null,
 "category_code": "pets",
 "number_of_employees": 5,
 "founded_year": 2007,
 "founded_month": 8,
 "founded_day": 26,
 "deadpooled_year": null,
 "deadpooled_month": null,
 "deadpooled_day": null,
 "deadpooled_url": null,
 "tag_list": "pets, pet-sitting-littleton, pet-sitters, pet-care, pet-sitting-services, cat-care, cat-sitters, dog-walking, dog-sitting, dog-care, animals",
 "alias_list": "",
 "email_address": "dogwalkerslittleton@gmail.com",
 "phone_number": "303-319-4242",
 "description": "Professional Pet Sitting",
 "created_at": "Sat Nov 09 18:06:54 UTC 2013",
 "updated_at": "Tue Nov 12 20:08:09 UTC 2013",
 "overview": "\u003Cp\u003EProviding Professional Pet Care for Dogs and Cats in Littleton, Colorado. We have the professional experience you are looking for when you can\u0026#8217;t be there due to business or vacationing. \nFully insured and bonded professional pet sitters come to your pets at home and provide much love attention and play including walks and brushing and treats.\nKeeping your pets at home is the best they are happy, healthy and safe. \nStress free pet care.\nGreat Pets Deserve Great Care and that\u0026#8217;s what we do at All About Dogs\u0026#8230; Walking a Pet Care\nVoted #1 Denver\u0026#8217;s Best Dog Walkers 2010, 2011 and 2012 by the Denver\u0026#8217;s A-List\u003C/p\u003E",
 "image":
  {"available_sizes":
    [[[150,
       104],
      "http://api-images.crunchbase.com/assets/images/resized/0035/6014/356014v2-max-150x150.jpg"],
     [[250,
       174],
      "http://api-images.crunchbase.com/assets/images/resized/0035/6014/356014v2-max-250x250.jpg"],
     [[450,
       314],
      "http://api-images.crunchbase.com/assets/images/resized/0035/6014/356014v2-max-450x450.jpg"]],
   "attribution": null},
 "products":
  [],
 "relationships":
  [{"is_past": false,
    "title": "Owner",
    "person":
     {"first_name": "Melissa",
      "last_name": "McGinty",
      "permalink": "melissa-mcginty"}}],
 "competitions":
  [],
 "providerships":
  [],
 "total_money_raised": "$0",
 "funding_rounds":
  [],
 "investments":
  [],
 "acquisition": null,
 "acquisitions":
  [],
 "offices":
  [{"description": "Service Area",
    "address1": "",
    "address2": "",
    "zip_code": "80128",
    "city": "Littleton",
    "state_code": "CO",
    "country_code": "USA",
    "latitude": null,
    "longitude": null},
   {"description": "Service Area",
    "address1": "",
    "address2": "",
    "zip_code": "80123",
    "city": "Littleton",
    "state_code": "CO",
    "country_code": "USA",
    "latitude": null,
    "longitude": null},
   {"description": "Service Area",
    "address1": "",
    "address2": "",
    "zip_code": "80127",
    "city": "Littleton",
    "state_code": "CO",
    "country_code": "USA",
    "latitude": null,
    "longitude": null},
   {"description": "Service Area  Highlands",
    "address1": "",
    "address2": "",
    "zip_code": "80129",
    "city": "Littleton",
    "state_code": "CO",
    "country_code": "USA",
    "latitude": null,
    "longitude": null}],
 "milestones":
  [],
 "ipo": null,
 "video_embeds":
  [],
 "screenshots":
  [],
 "external_links":
  [{"external_url": "http://denveralist.cityvoter.com/all-about-dogs-walking-and-pet-care/biz/135261",
    "title": "Denver's A List"}],
 "partners":
  []}
