{"name": "All Vinyl Home Improvement Co.",
 "permalink": "all-vinyl-home-improvement-co",
 "crunchbase_url": "http://www.crunchbase.com/company/all-vinyl-home-improvement-co",
 "homepage_url": "http://www.allvinyl.info",
 "blog_url": "",
 "blog_feed_url": "",
 "twitter_username": null,
 "category_code": "other",
 "number_of_employees": 15,
 "founded_year": 2002,
 "founded_month": null,
 "founded_day": null,
 "deadpooled_year": null,
 "deadpooled_month": null,
 "deadpooled_day": null,
 "deadpooled_url": null,
 "tag_list": "",
 "alias_list": null,
 "email_address": "allvinylinfocompany@gmail.com",
 "phone_number": "3367720044",
 "description": "Vinyl Siding Installation",
 "created_at": "Fri Nov 22 21:12:26 UTC 2013",
 "updated_at": "Sat Nov 23 01:40:40 UTC 2013",
 "overview": "\u003Cp\u003EAll Vinyl home improvement company is a family owned and operated business that has been serving North Carolina since 2002. We evaluate your home project needs, and help you decide whats best for you. Helping you save money and be satisfied in the process. \u003C/p\u003E",
 "image":
  {"available_sizes":
    [[[96,
       96],
      "http://api-images.crunchbase.com/assets/images/resized/0036/4337/364337v2-max-150x150.jpg"],
     [[96,
       96],
      "http://api-images.crunchbase.com/assets/images/resized/0036/4337/364337v2-max-250x250.jpg"],
     [[96,
       96],
      "http://api-images.crunchbase.com/assets/images/resized/0036/4337/364337v2-max-450x450.jpg"]],
   "attribution": null},
 "products":
  [],
 "relationships":
  [],
 "competitions":
  [],
 "providerships":
  [],
 "total_money_raised": "$0",
 "funding_rounds":
  [],
 "investments":
  [],
 "acquisition": null,
 "acquisitions":
  [],
 "offices":
  [],
 "milestones":
  [],
 "ipo": null,
 "video_embeds":
  [],
 "screenshots":
  [],
 "external_links":
  [],
 "partners":
  []}
