{"name": "All Vegas Auto Glass",
 "permalink": "all-vegas-auto-glass",
 "crunchbase_url": "http://www.crunchbase.com/company/all-vegas-auto-glass",
 "homepage_url": "http://www.allvegasautoglass.com",
 "blog_url": "",
 "blog_feed_url": "",
 "twitter_username": "VegasAutoGlass",
 "category_code": "automotive",
 "number_of_employees": 3,
 "founded_year": 2013,
 "founded_month": 1,
 "founded_day": 1,
 "deadpooled_year": null,
 "deadpooled_month": null,
 "deadpooled_day": null,
 "deadpooled_url": null,
 "tag_list": "auto-glass, auto-glass-replacement, auto-glass-repair, auto-glass-shop, mobile-auto-glass-replacement",
 "alias_list": null,
 "email_address": "",
 "phone_number": "702-473-1154",
 "description": "Auto Glass Solutions for Everyone",
 "created_at": "Wed Nov 27 10:37:45 UTC 2013",
 "updated_at": "Mon Dec 02 08:50:05 UTC 2013",
 "overview": "\u003Cp\u003EAll Auto Glass, Windshield Repair, Windshield Replacement, Car Door Glass, Chip Repair, Crack Repair, Broken Window Repair, Window Regulator Repair, Used Glass Replacement, New Glass Replacement, OEM Glass, Pilkington, Carlite.  We offer a mobile service throughout the entire Las Vegas Metro area.  We cover the following cities:  Summerlin, Boulder City, Henderson, Green Valley, Southern Highlands, North Las Vegas, Blue Diamond, Rhodes Ranch, Southwest Las Vegas.  We can typically offer same day emergency glass replacement service.  We work on all foreign and domestic vehicles.  We offer a full warranty on all of our work.\u003C/p\u003E",
 "image":
  {"available_sizes":
    [[[150,
       79],
      "http://api-images.crunchbase.com/assets/images/resized/0036/6687/366687v2-max-150x150.jpg"],
     [[250,
       132],
      "http://api-images.crunchbase.com/assets/images/resized/0036/6687/366687v2-max-250x250.jpg"],
     [[450,
       238],
      "http://api-images.crunchbase.com/assets/images/resized/0036/6687/366687v2-max-450x450.jpg"]],
   "attribution": null},
 "products":
  [],
 "relationships":
  [],
 "competitions":
  [],
 "providerships":
  [],
 "total_money_raised": "$0",
 "funding_rounds":
  [],
 "investments":
  [],
 "acquisition": null,
 "acquisitions":
  [],
 "offices":
  [{"description": "",
    "address1": "7600 S. Jones Blvd #1142",
    "address2": "",
    "zip_code": "89139",
    "city": "Las Vegas",
    "state_code": "NV",
    "country_code": "USA",
    "latitude": null,
    "longitude": null}],
 "milestones":
  [],
 "ipo": null,
 "video_embeds":
  [],
 "screenshots":
  [],
 "external_links":
  [],
 "partners":
  []}
