{"name": "All4Coaches",
 "permalink": "all4coaches",
 "crunchbase_url": "http://www.crunchbase.com/company/all4coaches",
 "homepage_url": "http://www.all4coaches.com",
 "blog_url": "",
 "blog_feed_url": "",
 "twitter_username": null,
 "category_code": "sports",
 "number_of_employees": null,
 "founded_year": 2013,
 "founded_month": null,
 "founded_day": null,
 "deadpooled_year": null,
 "deadpooled_month": null,
 "deadpooled_day": null,
 "deadpooled_url": null,
 "tag_list": "soccer, soccer-coaching-tool",
 "alias_list": null,
 "email_address": "",
 "phone_number": "",
 "description": "Soccer coaching the smart way",
 "created_at": "Fri Dec 06 13:08:34 UTC 2013",
 "updated_at": "Fri Dec 06 20:38:56 UTC 2013",
 "overview": "\u003Cp\u003EAll4Coaches is an easy to use and professional online tool for Football(Soccer) Coaches of any level.\u003C/p\u003E\n\n\u003Cp\u003EOur mission is to help Footbal(Soccer) Coaches plan training sessions in a fast and effective way, improve the communication with the players, manage all the team, games and training information and with that information generate detailed statistics.\u003C/p\u003E",
 "image":
  {"available_sizes":
    [[[144,
       150],
      "http://api-images.crunchbase.com/assets/images/resized/0037/1833/371833v2-max-150x150.jpg"],
     [[241,
       250],
      "http://api-images.crunchbase.com/assets/images/resized/0037/1833/371833v2-max-250x250.jpg"],
     [[434,
       450],
      "http://api-images.crunchbase.com/assets/images/resized/0037/1833/371833v2-max-450x450.jpg"]],
   "attribution": null},
 "products":
  [],
 "relationships":
  [],
 "competitions":
  [],
 "providerships":
  [],
 "total_money_raised": "$0",
 "funding_rounds":
  [],
 "investments":
  [],
 "acquisition": null,
 "acquisitions":
  [],
 "offices":
  [],
 "milestones":
  [],
 "ipo": null,
 "video_embeds":
  [],
 "screenshots":
  [],
 "external_links":
  [],
 "partners":
  []}
