{"name": "Allahabad Law Agency",
 "permalink": "allahabad-law-agency",
 "crunchbase_url": "http://www.crunchbase.com/company/allahabad-law-agency",
 "homepage_url": "http://www.allahabadlawagency.com",
 "blog_url": "",
 "blog_feed_url": "",
 "twitter_username": null,
 "category_code": "education",
 "number_of_employees": null,
 "founded_year": 1950,
 "founded_month": null,
 "founded_day": null,
 "deadpooled_year": null,
 "deadpooled_month": null,
 "deadpooled_day": null,
 "deadpooled_url": null,
 "tag_list": "law-books-publisher, law-books-seller, entrance--judicial-guides, legal-dictionaries",
 "alias_list": null,
 "email_address": "allahabadlawagency@gmail.com",
 "phone_number": "0129-2295768",
 "description": " Law Books Publisher India",
 "created_at": "Mon Oct 21 10:05:35 UTC 2013",
 "updated_at": "Tue Oct 22 23:17:18 UTC 2013",
 "overview": "\u003Cp\u003EAllahabad Law Agency is a leading publisher of law books in Haryana India, We are specialized in editions of law books for students at very affordable price.\u003C/p\u003E\n\n\u003Cp\u003EThe company was established in 1950, Our Books are written in easy language to make the readers understand in a better way. We used Unique content in our Books with Simple \u0026amp; Easy language.\u003C/p\u003E\n\n\u003Cp\u003EOur all Books written by some of the most highly qualified, talented and renowned authors of Indian academia. The catalogue of books covers almost every topic in law.\u003C/p\u003E\n\n\u003Cp\u003Ewe publish only quality books and make them available at affordable prices to our students. \u003C/p\u003E\n\n\u003Cp\u003EOur experts continuously updates the material and takes regular feedback of students and academicians for improvement. \u003C/p\u003E\n\n\u003Cp\u003ESome of Our Products are: \u003C/p\u003E\n\n\u003Cpre\u003E\u003Ccode\u003E1: New Arrival Law Books\n2: Top Sellers Law Books\n3: Pre-Law Books\n4: Entrance \u0026amp;amp; Judicial Guides\n5: Popular Titles Law Books\n6: Legal Dictionaries\n\u003C/code\u003E\u003C/pre\u003E\n\n\u003Cp\u003EContact US:\nPlot No. 33, 16/2, Phase 2,\nOpp: Delhi Public School,\nKarkhana Bagh, Mathura Road,\nFaridabad - 121002, Haryana, India\u003C/p\u003E",
 "image":
  {"available_sizes":
    [[[150,
       32],
      "http://api-images.crunchbase.com/assets/images/resized/0034/5128/345128v2-max-150x150.jpg"],
     [[250,
       53],
      "http://api-images.crunchbase.com/assets/images/resized/0034/5128/345128v2-max-250x250.jpg"],
     [[450,
       96],
      "http://api-images.crunchbase.com/assets/images/resized/0034/5128/345128v2-max-450x450.jpg"]],
   "attribution": null},
 "products":
  [],
 "relationships":
  [],
 "competitions":
  [],
 "providerships":
  [],
 "total_money_raised": "$0",
 "funding_rounds":
  [],
 "investments":
  [],
 "acquisition": null,
 "acquisitions":
  [],
 "offices":
  [],
 "milestones":
  [],
 "ipo": null,
 "video_embeds":
  [],
 "screenshots":
  [],
 "external_links":
  [],
 "partners":
  []}
