{"name": "Allied Market Research",
 "permalink": "allied-market-research",
 "crunchbase_url": "http://www.crunchbase.com/company/allied-market-research",
 "homepage_url": "http://www.alliedmarketresearch.com",
 "blog_url": "http://blog.alliedmarketresearch.com/",
 "blog_feed_url": "",
 "twitter_username": "marketresearcht",
 "category_code": "advertising",
 "number_of_employees": 30,
 "founded_year": 2013,
 "founded_month": null,
 "founded_day": null,
 "deadpooled_year": null,
 "deadpooled_month": null,
 "deadpooled_day": null,
 "deadpooled_url": null,
 "tag_list": "global-market-research-company, global-market-research-reports, trends, industry-analysis, size, share, forecast, allied-market-research",
 "alias_list": null,
 "email_address": "ashish@alliedmarketresearch.com",
 "phone_number": "6176744143",
 "description": "",
 "created_at": "Fri Oct 25 13:31:08 UTC 2013",
 "updated_at": "Wed Nov 06 12:43:35 UTC 2013",
 "overview": "\u003Cp\u003EAllied Market Research offers end-to-end market research and analysis of various markets to any small or big organizations per their specific needs. We offer consulting services aimed at tactical decisions for market entry and sustainable growth.\u003Cbr/\u003E\nWe analyze the market based on primary and secondary research which provide insights to our clients about their targeted industry. Our corporate communication expertise allow us to tap into high-level information that is difficult to tap into. \u003C/p\u003E",
 "image": null,
 "products":
  [],
 "relationships":
  [],
 "competitions":
  [],
 "providerships":
  [],
 "total_money_raised": "$0",
 "funding_rounds":
  [],
 "investments":
  [],
 "acquisition": null,
 "acquisitions":
  [],
 "offices":
  [{"description": "Portland Office Address",
    "address1": "5320 SW Macadam Avenue, Suite 100 Portland, OR 97239 United States",
    "address2": "5320 SW Macadam Avenue, Suite 100 Portland, OR 97239 United States",
    "zip_code": "97239",
    "city": "Portland",
    "state_code": "OR",
    "country_code": "USA",
    "latitude": null,
    "longitude": null}],
 "milestones":
  [],
 "ipo": null,
 "video_embeds":
  [],
 "screenshots":
  [],
 "external_links":
  [],
 "partners":
  []}
