{"name": "Allied Healthcare Group",
 "permalink": "allied-healthcare-group",
 "crunchbase_url": "http://www.crunchbase.com/company/allied-healthcare-group",
 "homepage_url": "http://alliedhealthcaregroup.com.au",
 "blog_url": "",
 "blog_feed_url": "",
 "twitter_username": null,
 "category_code": "health",
 "number_of_employees": null,
 "founded_year": null,
 "founded_month": null,
 "founded_day": null,
 "deadpooled_year": null,
 "deadpooled_month": null,
 "deadpooled_day": null,
 "deadpooled_url": null,
 "tag_list": "",
 "alias_list": "",
 "email_address": "",
 "phone_number": "",
 "description": "",
 "created_at": "Wed Oct 23 04:33:44 UTC 2013",
 "updated_at": "Wed Oct 23 04:34:19 UTC 2013",
 "overview": "\u003Cp\u003EAllied Healthcare Group Ltd was established in June 2011, through the merger of Allied Medical Ltd an unlisted public company and bioMD Ltd an ASX listed company (ASX: BOD).\u003C/p\u003E\n\n\u003Cp\u003EThe merger created a diversified healthcare group with assets in research \u0026amp; development, products in advanced clinical trials ready for commercialisation and a successful sales, marketing and medical device distribution business.\u003C/p\u003E",
 "image":
  {"available_sizes":
    [[[150,
       55],
      "http://api-images.crunchbase.com/assets/images/resized/0034/6388/346388v1-max-150x150.png"],
     [[250,
       92],
      "http://api-images.crunchbase.com/assets/images/resized/0034/6388/346388v1-max-250x250.png"],
     [[258,
       95],
      "http://api-images.crunchbase.com/assets/images/resized/0034/6388/346388v1-max-450x450.png"]],
   "attribution": null},
 "products":
  [],
 "relationships":
  [{"is_past": false,
    "title": "COO",
    "person":
     {"first_name": "Julian",
      "last_name": "Chick",
      "permalink": "julian-chick"}},
   {"is_past": false,
    "title": "CFO",
    "person":
     {"first_name": "Stephen",
      "last_name": "Mann",
      "permalink": "stephen-mann"}},
   {"is_past": true,
    "title": "Co-Founder and CEO",
    "person":
     {"first_name": "Lawrence",
      "last_name": "Schimmel",
      "permalink": "lawrence-schimmel"}}],
 "competitions":
  [],
 "providerships":
  [],
 "total_money_raised": "$0",
 "funding_rounds":
  [],
 "investments":
  [],
 "acquisition": null,
 "acquisitions":
  [],
 "offices":
  [{"description": "",
    "address1": "8400 Normandale Lake Blvd",
    "address2": "Suite 920",
    "zip_code": "55437",
    "city": "Minneapolis",
    "state_code": "MN",
    "country_code": "USA",
    "latitude": null,
    "longitude": null}],
 "milestones":
  [{"id": 41483,
    "description": "Allied Healthcare closes $10.4M rights offer, oversubscribed",
    "stoned_year": 2013,
    "stoned_month": 10,
    "stoned_day": 23,
    "source_url": "http://www.proactiveinvestors.com.au/companies/news/49387/allied-healthcare-closes-104m-rights-offer-oversubscribed-49387.html",
    "source_text": "",
    "source_description": "Allied Healthcare closes $10.4M rights offer, oversubscribed",
    "stoneable_type": "Company",
    "stoned_value": null,
    "stoned_value_type": null,
    "stoned_acquirer": null,
    "stoneable":
     {"name": "Allied Healthcare Group",
      "permalink": "allied-healthcare-group"}}],
 "ipo": null,
 "video_embeds":
  [],
 "screenshots":
  [{"available_sizes":
     [[[150,
        98],
       "http://api-images.crunchbase.com/assets/images/resized/0034/6387/346387v1-max-150x150.png"],
      [[250,
        164],
       "http://api-images.crunchbase.com/assets/images/resized/0034/6387/346387v1-max-250x250.png"],
      [[450,
        295],
       "http://api-images.crunchbase.com/assets/images/resized/0034/6387/346387v1-max-450x450.png"]],
    "attribution": null}],
 "external_links":
  [],
 "partners":
  []}
