{"name": "Allied Urological Services",
 "permalink": "allied-urological-services",
 "crunchbase_url": "http://www.crunchbase.com/company/allied-urological-services",
 "homepage_url": "http://alliedmetromedical.com",
 "blog_url": "",
 "blog_feed_url": "",
 "twitter_username": null,
 "category_code": "health",
 "number_of_employees": null,
 "founded_year": 1988,
 "founded_month": null,
 "founded_day": null,
 "deadpooled_year": null,
 "deadpooled_month": null,
 "deadpooled_day": null,
 "deadpooled_url": null,
 "tag_list": "",
 "alias_list": "",
 "email_address": "",
 "phone_number": "212-481-8118",
 "description": "",
 "created_at": "Thu Dec 05 06:37:42 UTC 2013",
 "updated_at": "Thu Dec 05 06:37:41 UTC 2013",
 "overview": "\u003Cp\u003EChoosing where you have a urological procedure is as important as choosing the physician who will perform the procedure. That\u2019s why choosing Metropolitan Lithotriptor Associates and its affiliated clinical entities will help you rest assured you have chosen the experts in genitourinary care.\u003C/p\u003E",
 "image":
  {"available_sizes":
    [[[150,
       30],
      "http://api-images.crunchbase.com/assets/images/resized/0037/0737/370737v1-max-150x150.jpg"],
     [[223,
       46],
      "http://api-images.crunchbase.com/assets/images/resized/0037/0737/370737v1-max-250x250.jpg"],
     [[223,
       46],
      "http://api-images.crunchbase.com/assets/images/resized/0037/0737/370737v1-max-450x450.jpg"]],
   "attribution": null},
 "products":
  [],
 "relationships":
  [{"is_past": false,
    "title": "CEO",
    "person":
     {"first_name": "Jon",
      "last_name": "Owen Marks",
      "permalink": "jon-owen-marks"}},
   {"is_past": false,
    "title": "CFO",
    "person":
     {"first_name": "Alice",
      "last_name": "C. Perkins",
      "permalink": "alice-c-perkins"}}],
 "competitions":
  [],
 "providerships":
  [],
 "total_money_raised": "$118k",
 "funding_rounds":
  [{"id": 57099,
    "round_code": "unattributed",
    "source_url": "http://www.sec.gov/Archives/edgar/data/1066761/000106676110000001/xslFormDX01/primary_doc.xml",
    "source_description": "SEC",
    "raised_amount": 118125.0,
    "raised_currency_code": "USD",
    "funded_year": 2010,
    "funded_month": 1,
    "funded_day": 5,
    "investments":
     []}],
 "investments":
  [],
 "acquisition": null,
 "acquisitions":
  [],
 "offices":
  [{"description": "",
    "address1": "450 Park Avenue South, 4th Floor",
    "address2": "",
    "zip_code": "10016-7320",
    "city": "New York",
    "state_code": "NY",
    "country_code": "USA",
    "latitude": null,
    "longitude": null}],
 "milestones":
  [],
 "ipo": null,
 "video_embeds":
  [],
 "screenshots":
  [{"available_sizes":
     [[[150,
        97],
       "http://api-images.crunchbase.com/assets/images/resized/0037/0736/370736v1-max-150x150.jpg"],
      [[250,
        162],
       "http://api-images.crunchbase.com/assets/images/resized/0037/0736/370736v1-max-250x250.jpg"],
      [[450,
        291],
       "http://api-images.crunchbase.com/assets/images/resized/0037/0736/370736v1-max-450x450.jpg"]],
    "attribution": null}],
 "external_links":
  [],
 "partners":
  []}
