{"name": "Allocate",
 "permalink": "allocate",
 "crunchbase_url": "http://www.crunchbase.com/company/allocate",
 "homepage_url": "http://www.allocatehq.com",
 "blog_url": "http://www.allocatehq.com/blog",
 "blog_feed_url": "",
 "twitter_username": "AllocateHQ",
 "category_code": "software",
 "number_of_employees": null,
 "founded_year": 2013,
 "founded_month": 4,
 "founded_day": 22,
 "deadpooled_year": null,
 "deadpooled_month": null,
 "deadpooled_day": null,
 "deadpooled_url": null,
 "tag_list": "human-resource-planning, resource-planning, project-planning, project-scheduling, resource-planning-software",
 "alias_list": null,
 "email_address": "allocate@allocatehq.com",
 "phone_number": "",
 "description": "Human resource planning software ",
 "created_at": "Wed Oct 23 19:37:59 UTC 2013",
 "updated_at": "Sat Oct 26 19:02:43 UTC 2013",
 "overview": "\u003Cp\u003EAllocate is a simple human resource planning software tool for agencies, studios and firms. It was created by MojoTech, an agency that was experiencing the limitations of planning projects and scheduling their team in a spreadsheet. \u003C/p\u003E\n\n\u003Cp\u003EThe web-based app is designed to help managers quickly see who\u0026#8217;s available to work on future projects. A simple user interface allows for quick edits and additions, and the information will update in real time for any other collaborators viewing the account.\u003C/p\u003E\n\n\u003Cp\u003EAllocate is currently free while in its Beta phase.\u003C/p\u003E",
 "image":
  {"available_sizes":
    [[[150,
       27],
      "http://api-images.crunchbase.com/assets/images/resized/0034/6974/346974v4-max-150x150.png"],
     [[239,
       44],
      "http://api-images.crunchbase.com/assets/images/resized/0034/6974/346974v4-max-250x250.png"],
     [[239,
       44],
      "http://api-images.crunchbase.com/assets/images/resized/0034/6974/346974v4-max-450x450.png"]],
   "attribution": null},
 "products":
  [],
 "relationships":
  [{"is_past": false,
    "title": "Founder",
    "person":
     {"first_name": "Nick",
      "last_name": "Kishfy",
      "permalink": "nick-kishfy"}},
   {"is_past": false,
    "title": "",
    "person":
     {"first_name": "N/a",
      "last_name": "none",
      "permalink": "n-a-none"}}],
 "competitions":
  [],
 "providerships":
  [],
 "total_money_raised": "$0",
 "funding_rounds":
  [],
 "investments":
  [],
 "acquisition": null,
 "acquisitions":
  [],
 "offices":
  [{"description": "New York",
    "address1": "175 Varick St",
    "address2": "",
    "zip_code": "10013",
    "city": "New York",
    "state_code": "NY",
    "country_code": "USA",
    "latitude": null,
    "longitude": null},
   {"description": "Providence",
    "address1": "127 Dorrance St",
    "address2": "",
    "zip_code": "02903",
    "city": "Providence",
    "state_code": "RI",
    "country_code": "USA",
    "latitude": null,
    "longitude": null}],
 "milestones":
  [],
 "ipo": null,
 "video_embeds":
  [],
 "screenshots":
  [{"available_sizes":
     [[[150,
        82],
       "http://api-images.crunchbase.com/assets/images/resized/0034/8288/348288v2-max-150x150.png"],
      [[250,
        137],
       "http://api-images.crunchbase.com/assets/images/resized/0034/8288/348288v2-max-250x250.png"],
      [[450,
        247],
       "http://api-images.crunchbase.com/assets/images/resized/0034/8288/348288v2-max-450x450.png"]],
    "attribution": null}],
 "external_links":
  [],
 "partners":
  []}
