{"name": "Almaviva Sant\u00e9",
 "permalink": "almaviva-sant",
 "crunchbase_url": "http://www.crunchbase.com/company/almaviva-sant",
 "homepage_url": "http://almaviva-sante.com",
 "blog_url": "",
 "blog_feed_url": "",
 "twitter_username": null,
 "category_code": "health",
 "number_of_employees": null,
 "founded_year": 2007,
 "founded_month": null,
 "founded_day": null,
 "deadpooled_year": null,
 "deadpooled_month": null,
 "deadpooled_day": null,
 "deadpooled_url": null,
 "tag_list": "",
 "alias_list": "",
 "email_address": "",
 "phone_number": "33 800 559 6580",
 "description": "",
 "created_at": "Fri Nov 29 04:02:07 UTC 2013",
 "updated_at": "Tue Jan 28 06:16:30 UTC 2014",
 "overview": "\u003Cp\u003EAlmaviva Sant\u00e9 owns and operates hospitals and health care clinics. The company was founded in 2007 and is headquartered in Marseille, France.\u003C/p\u003E",
 "image":
  {"available_sizes":
    [[[150,
       84],
      "http://api-images.crunchbase.com/assets/images/resized/0036/7726/367726v1-max-150x150.png"],
     [[250,
       140],
      "http://api-images.crunchbase.com/assets/images/resized/0036/7726/367726v1-max-250x250.png"],
     [[450,
       252],
      "http://api-images.crunchbase.com/assets/images/resized/0036/7726/367726v1-max-450x450.png"]],
   "attribution": null},
 "products":
  [],
 "relationships":
  [{"is_past": false,
    "title": "Chairman of the Supervisory Board",
    "person":
     {"first_name": "Arnaud",
      "last_name": "Leclercq",
      "permalink": "arnaud-leclercq"}},
   {"is_past": false,
    "title": "Board of Directors",
    "person":
     {"first_name": "Christophe",
      "last_name": "Van Vaeck",
      "permalink": "christophe-van-vaeck"}}],
 "competitions":
  [],
 "providerships":
  [],
 "total_money_raised": "\u20ac40M",
 "funding_rounds":
  [{"id": 56505,
    "round_code": "unattributed",
    "source_url": "http://www.reuters.com/article/2013/11/27/gimv-results-idUSWEB00EXX20131127",
    "source_description": "BRIEF-GIMV, GIMV Health and Care Fund invest 40 mln euros in Almaviva Sante",
    "raised_amount": 40000000.0,
    "raised_currency_code": "EUR",
    "funded_year": 2013,
    "funded_month": 11,
    "funded_day": 28,
    "investments":
     []}],
 "investments":
  [],
 "acquisition": null,
 "acquisitions":
  [],
 "offices":
  [{"description": "",
    "address1": "240 Avenue Des Poilus",
    "address2": "Marseille",
    "zip_code": "13012",
    "city": "",
    "state_code": null,
    "country_code": "FRA",
    "latitude": null,
    "longitude": null}],
 "milestones":
  [],
 "ipo": null,
 "video_embeds":
  [],
 "screenshots":
  [{"available_sizes":
     [[[150,
        81],
       "http://api-images.crunchbase.com/assets/images/resized/0036/7725/367725v1-max-150x150.png"],
      [[250,
        136],
       "http://api-images.crunchbase.com/assets/images/resized/0036/7725/367725v1-max-250x250.png"],
      [[450,
        245],
       "http://api-images.crunchbase.com/assets/images/resized/0036/7725/367725v1-max-450x450.png"]],
    "attribution": null}],
 "external_links":
  [],
 "partners":
  []}
