{"name": "Almondella",
 "permalink": "almondella",
 "crunchbase_url": "http://www.crunchbase.com/company/almondella",
 "homepage_url": "http://www.almondella.com",
 "blog_url": "http://blog.almondella.com/",
 "blog_feed_url": "",
 "twitter_username": "almondella",
 "category_code": null,
 "number_of_employees": null,
 "founded_year": null,
 "founded_month": null,
 "founded_day": null,
 "deadpooled_year": null,
 "deadpooled_month": null,
 "deadpooled_day": null,
 "deadpooled_url": null,
 "tag_list": "",
 "alias_list": "",
 "email_address": "info@almondella.com",
 "phone_number": "",
 "description": "",
 "created_at": "Fri Nov 08 05:50:11 UTC 2013",
 "updated_at": "Fri Nov 08 06:00:50 UTC 2013",
 "overview": "\u003Cp\u003EAlmondella\u0026#8217;s roots are in Finland where there\u0026#8217;s a decades old governmental tradition of giving new mums a \u0026#8220;starter pack\u0026#8221;. The fit of the selection is tested thoroughly with 50000 families yearly.\u003C/p\u003E\n\n\u003Cp\u003EAlmondella wants to put this experience to wider use, with product brands that are earth-friendly and inventive. Why shop mass-produced in the next supermarket when Almondella can bring gorgeous products from small creative brands directly to your home!\u003C/p\u003E",
 "image":
  {"available_sizes":
    [[[150,
       34],
      "http://api-images.crunchbase.com/assets/images/resized/0035/5068/355068v1-max-150x150.jpg"],
     [[250,
       57],
      "http://api-images.crunchbase.com/assets/images/resized/0035/5068/355068v1-max-250x250.jpg"],
     [[306,
       70],
      "http://api-images.crunchbase.com/assets/images/resized/0035/5068/355068v1-max-450x450.jpg"]],
   "attribution": null},
 "products":
  [],
 "relationships":
  [],
 "competitions":
  [],
 "providerships":
  [],
 "total_money_raised": "$0",
 "funding_rounds":
  [],
 "investments":
  [],
 "acquisition": null,
 "acquisitions":
  [],
 "offices":
  [],
 "milestones":
  [],
 "ipo": null,
 "video_embeds":
  [],
 "screenshots":
  [{"available_sizes":
     [[[150,
        85],
       "http://api-images.crunchbase.com/assets/images/resized/0035/5074/355074v1-max-150x150.jpg"],
      [[250,
        141],
       "http://api-images.crunchbase.com/assets/images/resized/0035/5074/355074v1-max-250x250.jpg"],
      [[450,
        255],
       "http://api-images.crunchbase.com/assets/images/resized/0035/5074/355074v1-max-450x450.jpg"]],
    "attribution": null}],
 "external_links":
  [],
 "partners":
  []}
