{"name": "Alo Networks",
 "permalink": "alo-networks",
 "crunchbase_url": "http://www.crunchbase.com/company/alo-networks",
 "homepage_url": "http://alonetworks.com",
 "blog_url": "",
 "blog_feed_url": "",
 "twitter_username": null,
 "category_code": "mobile",
 "number_of_employees": null,
 "founded_year": 2011,
 "founded_month": null,
 "founded_day": null,
 "deadpooled_year": 2013,
 "deadpooled_month": 9,
 "deadpooled_day": null,
 "deadpooled_url": "",
 "tag_list": "",
 "alias_list": "",
 "email_address": "",
 "phone_number": "240-256-1772",
 "description": "",
 "created_at": "Thu Nov 14 12:12:34 UTC 2013",
 "updated_at": "Mon Feb 03 17:25:07 UTC 2014",
 "overview": "\u003Cp\u003EAlo Networks, Inc. provides mobile content delivery services to the Hispanic consumers in the United States. The company\u2019s services include Hispanic and mobile marketing, mobile telco, phone calling card, social networking, dialing and SMS messaging, call center, and in-call and display advertising. It offers content through Olego, a mobile content distribution channel, as well as wirelessly over the AloMpais mobile network. The company was founded in 2009 and is based in Rockville, Maryland.\u003C/p\u003E",
 "image": null,
 "products":
  [],
 "relationships":
  [{"is_past": false,
    "title": "Founder",
    "person":
     {"first_name": "Hugh",
      "last_name": "Buitano",
      "permalink": "hugh-buitano"}}],
 "competitions":
  [],
 "providerships":
  [],
 "total_money_raised": "$445k",
 "funding_rounds":
  [{"id": 54770,
    "round_code": "unattributed",
    "source_url": "http://www.sec.gov/Archives/edgar/data/1518779/000151877911000001/xslFormDX01/primary_doc.xml",
    "source_description": "SEC",
    "raised_amount": 445000.0,
    "raised_currency_code": "USD",
    "funded_year": 2011,
    "funded_month": 4,
    "funded_day": 27,
    "investments":
     []}],
 "investments":
  [],
 "acquisition": null,
 "acquisitions":
  [],
 "offices":
  [{"description": "",
    "address1": "One Research Court, 450",
    "address2": "",
    "zip_code": "20850",
    "city": "Rockville",
    "state_code": "MD",
    "country_code": "USA",
    "latitude": null,
    "longitude": null}],
 "milestones":
  [],
 "ipo": null,
 "video_embeds":
  [],
 "screenshots":
  [],
 "external_links":
  [],
 "partners":
  []}
