{"name": "Alok Overseas",
 "permalink": "alok-overseas",
 "crunchbase_url": "http://www.crunchbase.com/company/alok-overseas",
 "homepage_url": "http://www.alokoverseas.in",
 "blog_url": "",
 "blog_feed_url": "",
 "twitter_username": null,
 "category_code": "design",
 "number_of_employees": null,
 "founded_year": 2003,
 "founded_month": null,
 "founded_day": null,
 "deadpooled_year": null,
 "deadpooled_month": null,
 "deadpooled_day": null,
 "deadpooled_url": null,
 "tag_list": "brass-candles, diyas, designer-diwali-diyas, jute-candles, metal-candles, pottery-candles, traditional-candle, designer-candles, glass-candles, marble-candles, oxidised-metal-candles, steel-candles, and-wooden-candles",
 "alias_list": null,
 "email_address": "alokoverseas@yahoo.com",
 "phone_number": "09891637734",
 "description": " Candle Stands And Diyas Manufacturers",
 "created_at": "Wed Oct 30 12:26:12 UTC 2013",
 "updated_at": "Thu Oct 31 17:08:43 UTC 2013",
 "overview": "\u003Cp\u003E\u201cAlok Overseas\u201d Founded in 2003, We are prominent manufacturer and trader of Candle Stands ans Diyas with traditional designs and are simultaneously cool and modern in look in Delhi India.\u003C/p\u003E\n\n\u003Cp\u003EAlok Overseas is offering cutting-edge Candle Stands that should have to be your first choice among all home decorative products.\u003C/p\u003E\n\n\u003Cp\u003EWe are offering candle stands made of brass, jute, metal, steel, wooden etc. Our candle stands brings perfect combination of traditional and modern designs and patterns.\u003C/p\u003E\n\n\u003Cp\u003EOur enormous collection of products are:  Brass Candles, Diyas, Designer Diwali Diyas,Jute Candles, Metal Candles, Pottery Candles, Traditional Candle, Designer Candles, Glass Candles, Marble Candles, Oxidised Metal Candles, Steel Candles, And Wooden Candles. \u003C/p\u003E\n\n\u003Cp\u003EFor More Detail Visit Here:\u003C/p\u003E\n\n\u003Cp\u003EAddress:-A-26,Sawan Park,AshokVihar,Phase III\nNew Delhi- 110052\u003C/p\u003E",
 "image":
  {"available_sizes":
    [[[150,
       53],
      "http://api-images.crunchbase.com/assets/images/resized/0035/0795/350795v2-max-150x150.png"],
     [[229,
       82],
      "http://api-images.crunchbase.com/assets/images/resized/0035/0795/350795v2-max-250x250.png"],
     [[229,
       82],
      "http://api-images.crunchbase.com/assets/images/resized/0035/0795/350795v2-max-450x450.png"]],
   "attribution": null},
 "products":
  [],
 "relationships":
  [],
 "competitions":
  [],
 "providerships":
  [],
 "total_money_raised": "$0",
 "funding_rounds":
  [],
 "investments":
  [],
 "acquisition": null,
 "acquisitions":
  [],
 "offices":
  [],
 "milestones":
  [],
 "ipo": null,
 "video_embeds":
  [],
 "screenshots":
  [],
 "external_links":
  [],
 "partners":
  []}
