{"name": "Alpakka Media",
 "permalink": "alpakka-media",
 "crunchbase_url": "http://www.crunchbase.com/company/alpakka-media",
 "homepage_url": "http://www.alpakkamedia.fi",
 "blog_url": "",
 "blog_feed_url": "",
 "twitter_username": null,
 "category_code": null,
 "number_of_employees": null,
 "founded_year": null,
 "founded_month": null,
 "founded_day": null,
 "deadpooled_year": null,
 "deadpooled_month": null,
 "deadpooled_day": null,
 "deadpooled_url": null,
 "tag_list": "",
 "alias_list": "",
 "email_address": "niina@alpakkamedia.fi",
 "phone_number": "+358 45 1330 443",
 "description": "",
 "created_at": "Fri Nov 08 06:16:46 UTC 2013",
 "updated_at": "Fri Nov 08 08:27:33 UTC 2013",
 "overview": "\u003Cp\u003EWe produce hiqhquality multichannel content for little children. Hertan maailma -concept includes 52 tv-animations, 2 mobile games, 22 online games, books, CD, DVD-collections and other merchandise.\u003C/p\u003E",
 "image":
  {"available_sizes":
    [[[150,
       37],
      "http://api-images.crunchbase.com/assets/images/resized/0035/5111/355111v1-max-150x150.jpg"],
     [[250,
       63],
      "http://api-images.crunchbase.com/assets/images/resized/0035/5111/355111v1-max-250x250.jpg"],
     [[450,
       113],
      "http://api-images.crunchbase.com/assets/images/resized/0035/5111/355111v1-max-450x450.jpg"]],
   "attribution": null},
 "products":
  [],
 "relationships":
  [],
 "competitions":
  [],
 "providerships":
  [],
 "total_money_raised": "$0",
 "funding_rounds":
  [],
 "investments":
  [],
 "acquisition": null,
 "acquisitions":
  [],
 "offices":
  [],
 "milestones":
  [],
 "ipo": null,
 "video_embeds":
  [],
 "screenshots":
  [],
 "external_links":
  [],
 "partners":
  []}
