{"name": "AlphaSmart",
 "permalink": "alphasmart",
 "crunchbase_url": "http://www.crunchbase.com/company/alphasmart",
 "homepage_url": null,
 "blog_url": "",
 "blog_feed_url": "",
 "twitter_username": null,
 "category_code": null,
 "number_of_employees": null,
 "founded_year": 1992,
 "founded_month": null,
 "founded_day": null,
 "deadpooled_year": null,
 "deadpooled_month": null,
 "deadpooled_day": null,
 "deadpooled_url": null,
 "tag_list": null,
 "alias_list": "",
 "email_address": "",
 "phone_number": "",
 "description": "",
 "created_at": "Fri Nov 29 07:07:42 UTC 2013",
 "updated_at": "Thu Mar 13 23:31:30 UTC 2014",
 "overview": "\u003Cp\u003EAlphaSmart provides portable computer companion products that complement PCs in the classroom and help teachers become more productive.\u003C/p\u003E",
 "image":
  {"available_sizes":
    [[[150,
       90],
      "http://api-images.crunchbase.com/assets/images/resized/0042/8654/428654v1-max-150x150.png"],
     [[200,
       120],
      "http://api-images.crunchbase.com/assets/images/resized/0042/8654/428654v1-max-250x250.png"],
     [[200,
       120],
      "http://api-images.crunchbase.com/assets/images/resized/0042/8654/428654v1-max-450x450.png"]],
   "attribution": null},
 "products":
  [],
 "relationships":
  [{"is_past": true,
    "title": "Corporate Controller",
    "person":
     {"first_name": "Gary",
      "last_name": "Lewis",
      "permalink": "gary-lewis"}}],
 "competitions":
  [],
 "providerships":
  [],
 "total_money_raised": "$0",
 "funding_rounds":
  [{"id": 68086,
    "round_code": "unattributed",
    "source_url": "",
    "source_description": "",
    "raised_amount": null,
    "raised_currency_code": "USD",
    "funded_year": 1999,
    "funded_month": 6,
    "funded_day": 4,
    "investments":
     [{"company": null,
       "financial_org":
        {"name": "Summit Partners",
         "permalink": "summit-partners"},
       "person": null}]}],
 "investments":
  [],
 "acquisition": null,
 "acquisitions":
  [],
 "offices":
  [{"description": "",
    "address1": "",
    "address2": "",
    "zip_code": "",
    "city": "Los Gatos",
    "state_code": "CA",
    "country_code": "USA",
    "latitude": null,
    "longitude": null}],
 "milestones":
  [],
 "ipo":
  {"valuation_amount": null,
   "valuation_currency_code": "USD",
   "pub_year": 2004,
   "pub_month": 2,
   "pub_day": 6,
   "stock_symbol": "ALSM"},
 "video_embeds":
  [],
 "screenshots":
  [],
 "external_links":
  [],
 "partners":
  []}
