{"name": "Altammune",
 "permalink": "altammune",
 "crunchbase_url": "http://www.crunchbase.com/company/altammune",
 "homepage_url": null,
 "blog_url": "",
 "blog_feed_url": "",
 "twitter_username": null,
 "category_code": "biotech",
 "number_of_employees": null,
 "founded_year": 2009,
 "founded_month": null,
 "founded_day": null,
 "deadpooled_year": null,
 "deadpooled_month": null,
 "deadpooled_day": null,
 "deadpooled_url": null,
 "tag_list": "",
 "alias_list": "",
 "email_address": "",
 "phone_number": "410-929-5544",
 "description": "",
 "created_at": "Fri Nov 29 07:16:26 UTC 2013",
 "updated_at": "Fri Nov 29 07:16:25 UTC 2013",
 "overview": "\u003Cp\u003EAltammune Inc. develops therapeutics and diagnostics for autoimmune disorders. The company was incorporated in 2009 and is based in Baltimore, Maryland.\u003C/p\u003E",
 "image": null,
 "products":
  [],
 "relationships":
  [{"is_past": false,
    "title": "CEO",
    "person":
     {"first_name": "Adam",
      "last_name": "Kaplin",
      "permalink": "adam-kaplin"}}],
 "competitions":
  [],
 "providerships":
  [],
 "total_money_raised": "$46k",
 "funding_rounds":
  [{"id": 56576,
    "round_code": "debt_round",
    "source_url": "http://www.sec.gov/Archives/edgar/data/1511092/000151109211000002/xslFormDX01/primary_doc.xml",
    "source_description": "SEC",
    "raised_amount": 46000.0,
    "raised_currency_code": "USD",
    "funded_year": 2011,
    "funded_month": 1,
    "funded_day": 15,
    "investments":
     []}],
 "investments":
  [],
 "acquisition": null,
 "acquisitions":
  [],
 "offices":
  [{"description": "",
    "address1": "",
    "address2": "639 Anneslie Road",
    "zip_code": "410-929-5544",
    "city": "Baltimore",
    "state_code": "MD",
    "country_code": "USA",
    "latitude": null,
    "longitude": null}],
 "milestones":
  [],
 "ipo": null,
 "video_embeds":
  [],
 "screenshots":
  [],
 "external_links":
  [],
 "partners":
  []}
