{"name": "Business Development",
 "permalink": "altamount-captial-management",
 "crunchbase_url": "http://www.crunchbase.com/company/altamount-captial-management",
 "homepage_url": "http://sachinkarpe.in",
 "blog_url": "http://sachinkarpe.blogspot.com",
 "blog_feed_url": "",
 "twitter_username": "Karpe_Sachin",
 "category_code": null,
 "number_of_employees": 500,
 "founded_year": null,
 "founded_month": null,
 "founded_day": null,
 "deadpooled_year": null,
 "deadpooled_month": null,
 "deadpooled_day": null,
 "deadpooled_url": null,
 "tag_list": "financial-advisor, wealth-management, legacy-planning, sachin-karpe, altamount",
 "alias_list": null,
 "email_address": "sachinkarpe20@gmail.com",
 "phone_number": "",
 "description": "Marketing, Management, and Accounting",
 "created_at": "Mon Dec 02 07:30:29 UTC 2013",
 "updated_at": "Wed Jan 15 09:54:03 UTC 2014",
 "overview": "\u003Cp\u003EAltamount Captial Management is a Multi Family Office provide you tips of legacy planning, Financial Advise, wealth management and investment tips. \u003C/p\u003E",
 "image": null,
 "products":
  [],
 "relationships":
  [],
 "competitions":
  [],
 "providerships":
  [],
 "total_money_raised": "$0",
 "funding_rounds":
  [],
 "investments":
  [],
 "acquisition": null,
 "acquisitions":
  [],
 "offices":
  [],
 "milestones":
  [],
 "ipo": null,
 "video_embeds":
  [],
 "screenshots":
  [],
 "external_links":
  [{"external_url": "http://sachinkarpeblog.blogspot.in/",
    "title": "Sachin Karpe | Investment Planner and Financial Advisor"},
   {"external_url": "http://sachin-karpe.blogspot.in/",
    "title": "Indian Economy News | Sachin Karpe"},
   {"external_url": "http://karpesachinn.wordpress.com/",
    "title": "Sachin Karpe's Blog on Current Market Trends"},
   {"external_url": "http://sachinnkarpe.wordpress.com/",
    "title": "Real Estate Investment | Sachin Karpe"},
   {"external_url": "http://sachinkarpeofficial.wordpress.com/",
    "title": "BSE Sensex |Live Stock Market Updates |Sachin Karpe"}],
 "partners":
  []}
