{"name": "Alter Eco",
 "permalink": "alter-eco",
 "crunchbase_url": "http://www.crunchbase.com/company/alter-eco",
 "homepage_url": "http://www.alterecofoods.com",
 "blog_url": "",
 "blog_feed_url": "",
 "twitter_username": null,
 "category_code": null,
 "number_of_employees": null,
 "founded_year": null,
 "founded_month": null,
 "founded_day": null,
 "deadpooled_year": null,
 "deadpooled_month": null,
 "deadpooled_day": null,
 "deadpooled_url": null,
 "tag_list": "",
 "alias_list": "",
 "email_address": "",
 "phone_number": "415-701-1212",
 "description": "",
 "created_at": "Sat Oct 26 12:21:52 UTC 2013",
 "updated_at": "Tue Mar 25 20:53:36 UTC 2014",
 "overview": "\u003Cp\u003EAlter Eco, Inc. imports and distributes a range of fair trade food products through mass retail chains in the United States. It provides coffee, tea, rice, quinoa, sugar, olive oil, and chocolate products. It serves supermarkets, grocery stores, convenience stores, and specialty food stores in the United States, Australia, Belgium, France, Switzerland, and internationally. The company was founded in 2004 and is based in San Francisco, California with office locations in San Francisco, California; Paris, France; Brazil; and Tamarama, Australia.\u003C/p\u003E",
 "image":
  {"available_sizes":
    [[[150,
       54],
      "http://api-images.crunchbase.com/assets/images/resized/0034/8553/348553v1-max-150x150.jpg"],
     [[194,
       70],
      "http://api-images.crunchbase.com/assets/images/resized/0034/8553/348553v1-max-250x250.jpg"],
     [[194,
       70],
      "http://api-images.crunchbase.com/assets/images/resized/0034/8553/348553v1-max-450x450.jpg"]],
   "attribution": null},
 "products":
  [],
 "relationships":
  [{"is_past": false,
    "title": "National Sales Director",
    "person":
     {"first_name": "Ms.",
      "last_name": "Kate Tierney",
      "permalink": "ms-kate-tierney"}}],
 "competitions":
  [],
 "providerships":
  [],
 "total_money_raised": "$3.05M",
 "funding_rounds":
  [{"id": 52874,
    "round_code": "unattributed",
    "source_url": "",
    "source_description": "VC Funding: Q3 2012",
    "raised_amount": 3050000.0,
    "raised_currency_code": "USD",
    "funded_year": 2012,
    "funded_month": 7,
    "funded_day": 1,
    "investments":
     [{"company": null,
       "financial_org":
        {"name": "Good Capital",
         "permalink": "good-capital"},
       "person": null},
      {"company": null,
       "financial_org":
        {"name": "Renewal Funds",
         "permalink": "renewal-funds"},
       "person": null}]},
   {"id": 70622,
    "round_code": "unattributed",
    "source_url": "",
    "source_description": "",
    "raised_amount": null,
    "raised_currency_code": "USD",
    "funded_year": 2010,
    "funded_month": 4,
    "funded_day": null,
    "investments":
     [{"company": null,
       "financial_org":
        {"name": "Renewal Funds",
         "permalink": "renewal-funds"},
       "person": null}]}],
 "investments":
  [],
 "acquisition": null,
 "acquisitions":
  [],
 "offices":
  [{"description": "",
    "address1": "2325 Third Street",
    "address2": "Suite 324",
    "zip_code": "94107",
    "city": "San Francisco",
    "state_code": "CA",
    "country_code": "USA",
    "latitude": null,
    "longitude": null}],
 "milestones":
  [],
 "ipo": null,
 "video_embeds":
  [],
 "screenshots":
  [{"available_sizes":
     [[[150,
        101],
       "http://api-images.crunchbase.com/assets/images/resized/0034/8560/348560v1-max-150x150.jpg"],
      [[250,
        168],
       "http://api-images.crunchbase.com/assets/images/resized/0034/8560/348560v1-max-250x250.jpg"],
      [[450,
        303],
       "http://api-images.crunchbase.com/assets/images/resized/0034/8560/348560v1-max-450x450.jpg"]],
    "attribution": null}],
 "external_links":
  [],
 "partners":
  []}
