{"name": "Always Best Care Cartersville",
 "permalink": "always-best-care-cartersville",
 "crunchbase_url": "http://www.crunchbase.com/company/always-best-care-cartersville",
 "homepage_url": "http://www.alwaysbestcare.com/us/ga/nw-georgia/cartersville.aspx",
 "blog_url": "",
 "blog_feed_url": "",
 "twitter_username": null,
 "category_code": "health",
 "number_of_employees": null,
 "founded_year": null,
 "founded_month": null,
 "founded_day": null,
 "deadpooled_year": null,
 "deadpooled_month": null,
 "deadpooled_day": null,
 "deadpooled_url": null,
 "tag_list": "always-best-care-services-in-nw-georgia, home-care-in-nw-georgia-with-always-best-care, home-care-in-canton, ga-from-always-best-care, always-best-care-rome, always-best-care-cartersville, always-best-care-dallas-ga, always-best-care-in-nw-georgia, senior",
 "alias_list": null,
 "email_address": "fgray@abc-seniors.com",
 "phone_number": "(770) 314-8754",
 "description": "",
 "created_at": "Sun Nov 17 10:39:31 UTC 2013",
 "updated_at": "Tue Nov 19 00:53:30 UTC 2013",
 "overview": "\u003Cp\u003ELet Always Best Care of NW Georgia take the stress off of your shoulders by finding an in home care assistant that can help your loved one remain in their home. To find out how we can help, stop by our office at 319 E Cherokee Ave Cartersville, Georgia 30120, call us at (770) 314-8754 or email any questions or comments to fgray@abc-seniors.com.\u003C/p\u003E",
 "image":
  {"available_sizes":
    [[[100,
       100],
      "http://api-images.crunchbase.com/assets/images/resized/0036/0547/360547v2-max-150x150.jpg"],
     [[100,
       100],
      "http://api-images.crunchbase.com/assets/images/resized/0036/0547/360547v2-max-250x250.jpg"],
     [[100,
       100],
      "http://api-images.crunchbase.com/assets/images/resized/0036/0547/360547v2-max-450x450.jpg"]],
   "attribution": null},
 "products":
  [],
 "relationships":
  [],
 "competitions":
  [],
 "providerships":
  [],
 "total_money_raised": "$0",
 "funding_rounds":
  [],
 "investments":
  [],
 "acquisition": null,
 "acquisitions":
  [],
 "offices":
  [],
 "milestones":
  [],
 "ipo": null,
 "video_embeds":
  [],
 "screenshots":
  [],
 "external_links":
  [],
 "partners":
  []}
