{"name": "Always CPR Training Center",
 "permalink": "always-cpr-training-center",
 "crunchbase_url": "http://www.crunchbase.com/company/always-cpr-training-center",
 "homepage_url": "http://www.alwayscpr.com",
 "blog_url": "",
 "blog_feed_url": "",
 "twitter_username": "IsaiahCaleb",
 "category_code": "education",
 "number_of_employees": null,
 "founded_year": 1984,
 "founded_month": 8,
 "founded_day": 15,
 "deadpooled_year": null,
 "deadpooled_month": null,
 "deadpooled_day": null,
 "deadpooled_url": null,
 "tag_list": "workplace-cpr-training, workplace-safety-training, onsite-cpr-training",
 "alias_list": null,
 "email_address": "",
 "phone_number": "(214) 919-0155",
 "description": "Always CPR is a Leading CPR Training Cen",
 "created_at": "Wed Oct 16 16:21:01 UTC 2013",
 "updated_at": "Thu Oct 17 22:20:57 UTC 2013",
 "overview": "",
 "image":
  {"available_sizes":
    [[[150,
       43],
      "http://api-images.crunchbase.com/assets/images/resized/0034/3079/343079v2-max-150x150.jpg"],
     [[228,
       66],
      "http://api-images.crunchbase.com/assets/images/resized/0034/3079/343079v2-max-250x250.jpg"],
     [[228,
       66],
      "http://api-images.crunchbase.com/assets/images/resized/0034/3079/343079v2-max-450x450.jpg"]],
   "attribution": null},
 "products":
  [],
 "relationships":
  [],
 "competitions":
  [],
 "providerships":
  [],
 "total_money_raised": "$0",
 "funding_rounds":
  [],
 "investments":
  [],
 "acquisition": null,
 "acquisitions":
  [],
 "offices":
  [],
 "milestones":
  [],
 "ipo": null,
 "video_embeds":
  [],
 "screenshots":
  [],
 "external_links":
  [{"external_url": "http://www.alwayscpr.com/onsite_cpr_training.php",
    "title": "Workplace Safety Training"}],
 "partners":
  []}
