{"name": "AM General LLC",
 "permalink": "am-general-llc",
 "crunchbase_url": "http://www.crunchbase.com/company/am-general-llc",
 "homepage_url": null,
 "blog_url": null,
 "blog_feed_url": null,
 "twitter_username": null,
 "category_code": null,
 "number_of_employees": null,
 "founded_year": null,
 "founded_month": null,
 "founded_day": null,
 "deadpooled_year": null,
 "deadpooled_month": null,
 "deadpooled_day": null,
 "deadpooled_url": null,
 "tag_list": null,
 "alias_list": null,
 "email_address": null,
 "phone_number": null,
 "description": null,
 "created_at": "Thu Nov 21 07:40:57 UTC 2013",
 "updated_at": "Thu Nov 21 07:40:57 UTC 2013",
 "overview": null,
 "image": null,
 "products":
  [],
 "relationships":
  [{"is_past": true,
    "title": "President and Chief Operating Officer",
    "person":
     {"first_name": "Paul",
      "last_name": "J. Kern",
      "permalink": "paul-j-kern"}},
   {"is_past": true,
    "title": "",
    "person":
     {"first_name": "Jeffrey",
      "last_name": "Kurtz",
      "permalink": "jeffrey-kurtz"}}],
 "competitions":
  [],
 "providerships":
  [],
 "total_money_raised": "$0",
 "funding_rounds":
  [],
 "investments":
  [],
 "acquisition": null,
 "acquisitions":
  [],
 "offices":
  [],
 "milestones":
  [],
 "ipo": null,
 "video_embeds":
  [],
 "screenshots":
  [],
 "external_links":
  [],
 "partners":
  []}
