{"name": "AmarYellowPages.com",
 "permalink": "amaryellowpages-com",
 "crunchbase_url": "http://www.crunchbase.com/company/amaryellowpages-com",
 "homepage_url": "http://www.amaryellowpages.com",
 "blog_url": "",
 "blog_feed_url": "",
 "twitter_username": "amaryellowpages",
 "category_code": "other",
 "number_of_employees": 15,
 "founded_year": null,
 "founded_month": null,
 "founded_day": null,
 "deadpooled_year": null,
 "deadpooled_month": null,
 "deadpooled_day": null,
 "deadpooled_url": null,
 "tag_list": "amar-yellow-pages, deshi-website, yellow-pages, bangladesh, amaryellowpages",
 "alias_list": null,
 "email_address": "asif@amarmarket.com",
 "phone_number": "",
 "description": "Business Listings Directory",
 "created_at": "Tue Oct 29 10:46:57 UTC 2013",
 "updated_at": "Tue Oct 29 22:50:00 UTC 2013",
 "overview": "\u003Cp\u003EAmarYellowPages.com is a Business Directory website that aims to provide a place that lists everything in Bangladesh. The website aims to provide comprehensive information on Businesses and places all over the country. \u003C/p\u003E",
 "image":
  {"available_sizes":
    [[[150,
       26],
      "http://api-images.crunchbase.com/assets/images/resized/0034/9920/349920v2-max-150x150.png"],
     [[250,
       43],
      "http://api-images.crunchbase.com/assets/images/resized/0034/9920/349920v2-max-250x250.png"],
     [[400,
       70],
      "http://api-images.crunchbase.com/assets/images/resized/0034/9920/349920v2-max-450x450.png"]],
   "attribution": null},
 "products":
  [],
 "relationships":
  [],
 "competitions":
  [],
 "providerships":
  [],
 "total_money_raised": "$0",
 "funding_rounds":
  [],
 "investments":
  [],
 "acquisition": null,
 "acquisitions":
  [],
 "offices":
  [],
 "milestones":
  [],
 "ipo": null,
 "video_embeds":
  [],
 "screenshots":
  [],
 "external_links":
  [],
 "partners":
  []}
