{"name": "Ambry",
 "permalink": "ambry",
 "crunchbase_url": "http://www.crunchbase.com/company/ambry",
 "homepage_url": "http://www.ambry.com",
 "blog_url": "http://www.ambry.com/blog/",
 "blog_feed_url": "",
 "twitter_username": "ambrycom",
 "category_code": "hardware",
 "number_of_employees": 50,
 "founded_year": 1991,
 "founded_month": 1,
 "founded_day": 1,
 "deadpooled_year": null,
 "deadpooled_month": null,
 "deadpooled_day": null,
 "deadpooled_url": null,
 "tag_list": "computer-parts, hp-computer-parts, computer-hardware, computer-service",
 "alias_list": null,
 "email_address": "sales@ambry.com",
 "phone_number": "214-357-5710",
 "description": "Ambry Computer Parts",
 "created_at": "Wed Oct 16 20:48:38 UTC 2013",
 "updated_at": "Thu Oct 17 22:23:12 UTC 2013",
 "overview": "\u003Cp\u003EAmbry supplies computer parts.\u003C/p\u003E\n\n\u003Cp\u003EWe have over 22 years of experience fulfilling the varied requirements of over 70,000 customers. Our years of experience and our track record of fulfilling the varied requirements of our customers ideally positions us to rapidly assist you in the support of any type of service contract or critical part replacements that you may have. We are committed to providing you the very best professional services. Anyone can sell you a part. We offer a complete solution.\u003C/p\u003E",
 "image": null,
 "products":
  [],
 "relationships":
  [],
 "competitions":
  [],
 "providerships":
  [],
 "total_money_raised": "$0",
 "funding_rounds":
  [],
 "investments":
  [],
 "acquisition": null,
 "acquisitions":
  [],
 "offices":
  [{"description": "Sales Headquarters",
    "address1": "5930 Royal Lane",
    "address2": "Ste E #103",
    "zip_code": "75230",
    "city": "Dallas",
    "state_code": "TX",
    "country_code": "USA",
    "latitude": null,
    "longitude": null}],
 "milestones":
  [],
 "ipo": null,
 "video_embeds":
  [],
 "screenshots":
  [],
 "external_links":
  [],
 "partners":
  []}
