{"name": "1 Stop Financial Service Centers of America",
 "permalink": "1-stop-financial-service-centers-of-america",
 "crunchbase_url": "http://www.crunchbase.com/company/1-stop-financial-service-centers-of-america",
 "homepage_url": "http://www.1stoptexas.com",
 "blog_url": "",
 "blog_feed_url": "",
 "twitter_username": "1_StopFinancial",
 "category_code": null,
 "number_of_employees": null,
 "founded_year": 1995,
 "founded_month": null,
 "founded_day": null,
 "deadpooled_year": null,
 "deadpooled_month": null,
 "deadpooled_day": null,
 "deadpooled_url": null,
 "tag_list": "",
 "alias_list": "",
 "email_address": "",
 "phone_number": "(512) 671-9100",
 "description": "",
 "created_at": "Tue Feb 04 08:52:49 UTC 2014",
 "updated_at": "Tue Feb 04 09:01:52 UTC 2014",
 "overview": "\u003Cp\u003ESince 1995, 1 Stop FSCA has been providing valuable, yet affordable insurance to Texans. Our 18 offices are open 6 days a week to serve our customers. \u003C/p\u003E\n\n\u003Cp\u003EHere\u0026#8217;s what we provide:\u003C/p\u003E\n\n\u003Cp\u003E1 STOP for auto insurance: we shop 15 different companies so you don\u0026#8217;t have to.\u003C/p\u003E\n\n\u003Cp\u003E1 STOP for insurance: we can insure your car, your home, your business, your motorcycle, and even your next trip to Mexico.\u003C/p\u003E\n\n\u003Cp\u003E1 STOP for financial services: we can prepare your taxes and loan you the cash you need to get that billed paid.\u003C/p\u003E",
 "image":
  {"available_sizes":
    [[[150,
       52],
      "http://api-images.crunchbase.com/assets/images/resized/0040/7463/407463v1-max-150x150.png"],
     [[250,
       87],
      "http://api-images.crunchbase.com/assets/images/resized/0040/7463/407463v1-max-250x250.png"],
     [[324,
       114],
      "http://api-images.crunchbase.com/assets/images/resized/0040/7463/407463v1-max-450x450.png"]],
   "attribution": null},
 "products":
  [],
 "relationships":
  [],
 "competitions":
  [],
 "providerships":
  [],
 "total_money_raised": "$0",
 "funding_rounds":
  [],
 "investments":
  [],
 "acquisition":
  {"price_amount": null,
   "price_currency_code": "USD",
   "term_code": null,
   "source_url": "http://www.prnewswire.com/news-releases/confie-seguros-acquires-1-stop-financial-service-centers-of-america-243310431.html",
   "source_description": "Confie Seguros Acquires 1 Stop Financial Service Centers of America",
   "acquired_year": 2014,
   "acquired_month": 2,
   "acquired_day": 3,
   "acquiring_company":
    {"name": "Confie Seguros",
     "permalink": "confie-seguros"}},
 "acquisitions":
  [],
 "offices":
  [{"description": "",
    "address1": "",
    "address2": "602 McNeil Rd #104",
    "zip_code": "",
    "city": "Round Rock",
    "state_code": "TX",
    "country_code": "USA",
    "latitude": null,
    "longitude": null}],
 "milestones":
  [],
 "ipo": null,
 "video_embeds":
  [],
 "screenshots":
  [{"available_sizes":
     [[[150,
        95],
       "http://api-images.crunchbase.com/assets/images/resized/0040/7464/407464v1-max-150x150.png"],
      [[250,
        158],
       "http://api-images.crunchbase.com/assets/images/resized/0040/7464/407464v1-max-250x250.png"],
      [[450,
        285],
       "http://api-images.crunchbase.com/assets/images/resized/0040/7464/407464v1-max-450x450.png"]],
    "attribution": null}],
 "external_links":
  [],
 "partners":
  []}
