{"name": "10 Best SEO",
 "permalink": "10-best-seo",
 "crunchbase_url": "http://www.crunchbase.com/company/10-best-seo",
 "homepage_url": "http://www.10bestseo.com",
 "blog_url": "http://www.10bestseo.com/blog/",
 "blog_feed_url": "",
 "twitter_username": "10BestSEO",
 "category_code": "web",
 "number_of_employees": 5,
 "founded_year": 2014,
 "founded_month": 1,
 "founded_day": 1,
 "deadpooled_year": null,
 "deadpooled_month": null,
 "deadpooled_day": null,
 "deadpooled_url": null,
 "tag_list": "seo, search-engine-optimization, online-marketing, marketing, advertising, sem, social-media-marketing",
 "alias_list": null,
 "email_address": "zachary.chen@10bestseo.com",
 "phone_number": "(866) 348-1996 Ext: 1",
 "description": "Best SEO Agency Awards",
 "created_at": "Tue Feb 18 17:44:07 UTC 2014",
 "updated_at": "Wed Feb 19 01:04:51 UTC 2014",
 "overview": "\u003Cp\u003E10 Best SEO is an web-based platform which identifies top performing search engine optimization and online marketing agencies.\u003C/p\u003E\n\n\u003Cp\u003E10 Best SEO was born in the success of sister organization, 10 Best Design (10BD). 10BD has grown to become one of the most visited destinations focused on awards for web design firms. With the launch of this site comes rankings of the Best SEO Agencies.\u003C/p\u003E\n\n\u003Cp\u003EThe 10 Best SEO team utilizes a proprietary ranking algorithm, known as the 10 Best SEO Analytic Review, to place firms which they believe to provide superior services. Each company on the website has gone through this process and has been reviewed across a number of qualitative and quantitative variables.\u003C/p\u003E",
 "image":
  {"available_sizes":
    [[[149,
       45],
      "http://api-images.crunchbase.com/assets/images/resized/0041/7374/417374v2-max-150x150.png"],
     [[149,
       45],
      "http://api-images.crunchbase.com/assets/images/resized/0041/7374/417374v2-max-250x250.png"],
     [[149,
       45],
      "http://api-images.crunchbase.com/assets/images/resized/0041/7374/417374v2-max-450x450.png"]],
   "attribution": null},
 "products":
  [],
 "relationships":
  [{"is_past": false,
    "title": "CEO/ Co-Founder",
    "person":
     {"first_name": "Zachary",
      "last_name": "Chen",
      "permalink": "zachary-chen"}}],
 "competitions":
  [{"competitor":
     {"name": "topseos.com",
      "permalink": "topseos-com"}}],
 "providerships":
  [],
 "total_money_raised": "$0",
 "funding_rounds":
  [],
 "investments":
  [],
 "acquisition": null,
 "acquisitions":
  [],
 "offices":
  [],
 "milestones":
  [],
 "ipo": null,
 "video_embeds":
  [],
 "screenshots":
  [],
 "external_links":
  [],
 "partners":
  []}
