{"name": "100health",
 "permalink": "100health",
 "crunchbase_url": "http://www.crunchbase.com/company/100health",
 "homepage_url": "http://www.100health.it",
 "blog_url": "http://blog.100health.it/",
 "blog_feed_url": "",
 "twitter_username": "100healthIT",
 "category_code": "health",
 "number_of_employees": 3,
 "founded_year": 2013,
 "founded_month": 2,
 "founded_day": 17,
 "deadpooled_year": null,
 "deadpooled_month": null,
 "deadpooled_day": null,
 "deadpooled_url": null,
 "tag_list": "",
 "alias_list": null,
 "email_address": "team@100health.it",
 "phone_number": "3145804747",
 "description": "Healthcare IT Incubator",
 "created_at": "Sat Mar 01 19:15:52 UTC 2014",
 "updated_at": "Wed Mar 05 00:56:54 UTC 2014",
 "overview": "\u003Cp\u003EOur vision is to create and grow scalable technology companies to improve healthcare. We bring entrepreneurs, healthcare leaders, mentors and investors together to identify and grow 100health companies.\u003C/p\u003E",
 "image":
  {"available_sizes":
    [[[150,
       150],
      "http://api-images.crunchbase.com/assets/images/resized/0042/5115/425115v2-max-150x150.png"],
     [[250,
       250],
      "http://api-images.crunchbase.com/assets/images/resized/0042/5115/425115v2-max-250x250.png"],
     [[300,
       300],
      "http://api-images.crunchbase.com/assets/images/resized/0042/5115/425115v2-max-450x450.png"]],
   "attribution": null},
 "products":
  [],
 "relationships":
  [{"is_past": false,
    "title": "Co-founder",
    "person":
     {"first_name": "Luke",
      "last_name": "Bonney",
      "permalink": "luke-bonney"}},
   {"is_past": false,
    "title": "Co-founder",
    "person":
     {"first_name": "James",
      "last_name": "Lloyd",
      "permalink": "james-lloyd"}},
   {"is_past": false,
    "title": "Co-founder",
    "person":
     {"first_name": "Niko",
      "last_name": "Skievaski",
      "permalink": "niko-skievaski"}}],
 "competitions":
  [],
 "providerships":
  [],
 "total_money_raised": "$0",
 "funding_rounds":
  [],
 "investments":
  [],
 "acquisition": null,
 "acquisitions":
  [],
 "offices":
  [{"description": "100state",
    "address1": "100 State St. 4th Floor",
    "address2": "",
    "zip_code": "53703",
    "city": "Madison",
    "state_code": "WI",
    "country_code": "USA",
    "latitude": null,
    "longitude": null}],
 "milestones":
  [],
 "ipo": null,
 "video_embeds":
  [],
 "screenshots":
  [],
 "external_links":
  [{"external_url": "http://www.100health.it",
    "title": ""}],
 "partners":
  []}
