{"name": "10gaugeoutfitters",
 "permalink": "10gaugeoutfitters",
 "crunchbase_url": "http://www.crunchbase.com/company/10gaugeoutfitters",
 "homepage_url": "http://www.10gaugeoutfitters.com",
 "blog_url": "http://10gaugeoutfitters.blogspot.in/",
 "blog_feed_url": "",
 "twitter_username": "10gaugeoutfitte",
 "category_code": "sports",
 "number_of_employees": 20,
 "founded_year": 1990,
 "founded_month": 11,
 "founded_day": 19,
 "deadpooled_year": null,
 "deadpooled_month": null,
 "deadpooled_day": null,
 "deadpooled_url": null,
 "tag_list": "prairie-dog-hunting, kansas-whitetail-hunts, kansas-deer-hunting-",
 "alias_list": null,
 "email_address": "janjonathan28@gmail.com",
 "phone_number": "316 6804274",
 "description": "Kansas contains a made.",
 "created_at": "Mon Feb 03 05:58:17 UTC 2014",
 "updated_at": "Wed Feb 05 15:07:24 UTC 2014",
 "overview": "\u003Cp\u003EKansas contains a made and various array of environs and game species. Kansas ruminant Hunts at its finest! ten Gauge Outfitters Service is found in Owner Tim Weddington Kinsley, Kansas right within the heart of the most effective Kansas hunting within the state.\u003C/p\u003E",
 "image": null,
 "products":
  [],
 "relationships":
  [],
 "competitions":
  [],
 "providerships":
  [],
 "total_money_raised": "$0",
 "funding_rounds":
  [],
 "investments":
  [],
 "acquisition": null,
 "acquisitions":
  [],
 "offices":
  [],
 "milestones":
  [],
 "ipo": null,
 "video_embeds":
  [],
 "screenshots":
  [],
 "external_links":
  [],
 "partners":
  []}
