{"name": "12 Month Payday Loans",
 "permalink": "12-month-payday-loans",
 "crunchbase_url": "http://www.crunchbase.com/company/12-month-payday-loans",
 "homepage_url": "http://12monthloans.directlendersuk.co.uk",
 "blog_url": "http://12monthloans.directlendersuk.co.uk",
 "blog_feed_url": "http://12monthloans.directlendersuk.co.uk",
 "twitter_username": "markdutch01",
 "category_code": "finance",
 "number_of_employees": 100000,
 "founded_year": 2015,
 "founded_month": 3,
 "founded_day": 3,
 "deadpooled_year": null,
 "deadpooled_month": null,
 "deadpooled_day": null,
 "deadpooled_url": null,
 "tag_list": "12-month-loans, 1-month-payday-loans, sunday-payday-loans, weekend-payday-loans",
 "alias_list": null,
 "email_address": "markdutch01@gmail.com",
 "phone_number": "99112",
 "description": "To cap it all, 12 month loans are a perf",
 "created_at": "Tue Feb 18 08:41:39 UTC 2014",
 "updated_at": "Wed Feb 19 18:22:00 UTC 2014",
 "overview": "\u003Cp\u003ETo cap it all, 12 month loans are a perfect way of getting cash for a long time period. These cash plans serve you with their best features that are full of \u003C/p\u003E\n\n\u003Cp\u003Eflexibilities and convenience.\u003C/p\u003E\n\n\u003Cp\u003Ehttp://12monthloans.directlendersuk.co.uk/\nhttp://1monthpaydayloans.directlendersuk.co.uk/\nhttp://sundaypaydayloans.directlendersuk.co.uk/\nhttp://weekendpaydayloans.directlendersuk.co.uk/\u003C/p\u003E",
 "image":
  {"available_sizes":
    [[[150,
       100],
      "http://api-images.crunchbase.com/assets/images/resized/0041/6988/416988v2-max-150x150.jpg"],
     [[250,
       167],
      "http://api-images.crunchbase.com/assets/images/resized/0041/6988/416988v2-max-250x250.jpg"],
     [[448,
       300],
      "http://api-images.crunchbase.com/assets/images/resized/0041/6988/416988v2-max-450x450.jpg"]],
   "attribution": null},
 "products":
  [],
 "relationships":
  [],
 "competitions":
  [],
 "providerships":
  [],
 "total_money_raised": "$0",
 "funding_rounds":
  [],
 "investments":
  [],
 "acquisition": null,
 "acquisitions":
  [],
 "offices":
  [],
 "milestones":
  [],
 "ipo": null,
 "video_embeds":
  [],
 "screenshots":
  [],
 "external_links":
  [],
 "partners":
  []}
