{"name": "17u.cn",
 "permalink": "17u-cn",
 "crunchbase_url": "http://www.crunchbase.com/company/17u-cn",
 "homepage_url": "http://www.17u.cn",
 "blog_url": "",
 "blog_feed_url": "",
 "twitter_username": null,
 "category_code": "travel",
 "number_of_employees": null,
 "founded_year": 2004,
 "founded_month": null,
 "founded_day": null,
 "deadpooled_year": null,
 "deadpooled_month": null,
 "deadpooled_day": null,
 "deadpooled_url": null,
 "tag_list": "",
 "alias_list": "",
 "email_address": "",
 "phone_number": "4007-777-777",
 "description": "",
 "created_at": "Mon Feb 17 07:36:24 UTC 2014",
 "updated_at": "Fri Mar 21 20:59:17 UTC 2014",
 "overview": "\u003Cp\u003E17u.cn was founded in 2004 and is headquartered in Suzhou, China.After years of successful operation in online travel market, 17u.cn has become one of the largest travel e-business platforms in China and the only travel e-business website that has both travel B2B and B2C platforms. \u003C/p\u003E\n\n\u003Cp\u003EIn December 2006, 17u.cn was honored one of the top five on CCTV Win In China.\u003C/p\u003E",
 "image":
  {"available_sizes":
    [[[150,
       34],
      "http://api-images.crunchbase.com/assets/images/resized/0041/6257/416257v1-max-150x150.png"],
     [[250,
       58],
      "http://api-images.crunchbase.com/assets/images/resized/0041/6257/416257v1-max-250x250.png"],
     [[284,
       66],
      "http://api-images.crunchbase.com/assets/images/resized/0041/6257/416257v1-max-450x450.png"]],
   "attribution": null},
 "products":
  [],
 "relationships":
  [{"is_past": false,
    "title": "CEO",
    "person":
     {"first_name": "Zhixiang",
      "last_name": "Wu",
      "permalink": "zhixiang-wu"}}],
 "competitions":
  [],
 "providerships":
  [],
 "total_money_raised": "$84.7M",
 "funding_rounds":
  [{"id": 64882,
    "round_code": "c",
    "source_url": "http://www.chinamoneynetwork.com/2014/02/17/tencent-leads-82-5m-series-c-round-for-travel-site-17u-cn",
    "source_description": "Tencent Leads $82.5M Series C Round For Travel Site 17u.cn",
    "raised_amount": 82500000.0,
    "raised_currency_code": "USD",
    "funded_year": 2014,
    "funded_month": 2,
    "funded_day": null,
    "investments":
     [{"company": null,
       "financial_org":
        {"name": "Tencent Industry Collaboration Fund",
         "permalink": "tencent-industry-collaboration-fund"},
       "person": null},
      {"company": null,
       "financial_org":
        {"name": "Boyu Capital",
         "permalink": "boyu-capital"},
       "person": null},
      {"company": null,
       "financial_org":
        {"name": "Oriza Holdings",
         "permalink": "oriza-holdings"},
       "person": null}]},
   {"id": 66630,
    "round_code": "c",
    "source_url": "",
    "source_description": "",
    "raised_amount": 1623640.0,
    "raised_currency_code": "USD",
    "funded_year": 2012,
    "funded_month": 5,
    "funded_day": null,
    "investments":
     [{"company": null,
       "financial_org":
        {"name": "Tencent Industry Win-Win Fund",
         "permalink": "tencent-industry-win-win-fund"},
       "person": null}]},
   {"id": 66631,
    "round_code": "a",
    "source_url": "",
    "source_description": "",
    "raised_amount": 568274.0,
    "raised_currency_code": "USD",
    "funded_year": 2008,
    "funded_month": 1,
    "funded_day": null,
    "investments":
     [{"company": null,
       "financial_org":
        {"name": "Oriza Holdings",
         "permalink": "oriza-holdings"},
       "person": null}]}],
 "investments":
  [],
 "acquisition": null,
 "acquisitions":
  [],
 "offices":
  [{"description": "",
    "address1": "",
    "address2": "",
    "zip_code": "",
    "city": "",
    "state_code": null,
    "country_code": "HKG",
    "latitude": null,
    "longitude": null},
   {"description": "",
    "address1": "",
    "address2": "",
    "zip_code": "",
    "city": "Suzhou",
    "state_code": null,
    "country_code": "CHN",
    "latitude": null,
    "longitude": null}],
 "milestones":
  [],
 "ipo": null,
 "video_embeds":
  [],
 "screenshots":
  [{"available_sizes":
     [[[150,
        114],
       "http://api-images.crunchbase.com/assets/images/resized/0042/3079/423079v1-max-150x150.png"],
      [[250,
        190],
       "http://api-images.crunchbase.com/assets/images/resized/0042/3079/423079v1-max-250x250.png"],
      [[450,
        342],
       "http://api-images.crunchbase.com/assets/images/resized/0042/3079/423079v1-max-450x450.png"]],
    "attribution": null}],
 "external_links":
  [],
 "partners":
  [{"partner_name": "ct_quan",
    "homepage_url": "unknown",
    "link_1_url": null,
    "link_2_url": null,
    "link_3_url": null,
    "link_1_name": null,
    "link_2_name": null,
    "link_3_name": null}]}
