{"name": "19pay",
 "permalink": "19pay",
 "crunchbase_url": "http://www.crunchbase.com/company/19pay",
 "homepage_url": "http://www.19pay.com.cn",
 "blog_url": "",
 "blog_feed_url": "",
 "twitter_username": null,
 "category_code": "finance",
 "number_of_employees": null,
 "founded_year": 2005,
 "founded_month": null,
 "founded_day": null,
 "deadpooled_year": null,
 "deadpooled_month": null,
 "deadpooled_day": null,
 "deadpooled_url": null,
 "tag_list": "finance",
 "alias_list": "",
 "email_address": "",
 "phone_number": "",
 "description": "",
 "created_at": "Thu Feb 20 07:38:53 UTC 2014",
 "updated_at": "Mon Mar 17 08:22:11 UTC 2014",
 "overview": "\u003Cp\u003EBeijing Gaoyang Jiexun Information Technology Co., Ltd. is a high-tech private enterprise in the fields of e-commerce and electronic payment, founded in 2005 by a number of seniors who have been working on telecommunication integration service for years in China. \u003C/p\u003E\n\n\u003Cp\u003EIts starting program is the recharge business system for telecom operators. It is covering 22 provinces of China Unicome, 5 provinces of China Telecom and 2 provinces of China Mobile, ranking first in this market segment in China. \u003C/p\u003E\n\n\u003Cp\u003EThe company gained investment from Sequoia Fund, a globally famous venture capitalist, in the second year after foundation. \u003C/p\u003E\n\n\u003Cp\u003EThen the company moved its business territory onto Internet payment services. \u003C/p\u003E\n\n\u003Cp\u003EIts subsidiary company, 19Pay acquired the third party payment license issued by The People\u0026#8217;s Bank of China in 2012.\u003C/p\u003E",
 "image":
  {"available_sizes":
    [[[116,
       51],
      "http://api-images.crunchbase.com/assets/images/resized/0041/8828/418828v1-max-150x150.png"],
     [[116,
       51],
      "http://api-images.crunchbase.com/assets/images/resized/0041/8828/418828v1-max-250x250.png"],
     [[116,
       51],
      "http://api-images.crunchbase.com/assets/images/resized/0041/8828/418828v1-max-450x450.png"]],
   "attribution": null},
 "products":
  [],
 "relationships":
  [],
 "competitions":
  [],
 "providerships":
  [],
 "total_money_raised": "$9.48M",
 "funding_rounds":
  [{"id": 65630,
    "round_code": "b",
    "source_url": "",
    "source_description": "",
    "raised_amount": 6230000.0,
    "raised_currency_code": "USD",
    "funded_year": 2010,
    "funded_month": 1,
    "funded_day": null,
    "investments":
     [{"company": null,
       "financial_org":
        {"name": "Sequoia Capital",
         "permalink": "sequoia-capital"},
       "person": null},
      {"company": null,
       "financial_org":
        {"name": "Zero2IPO Ventures",
         "permalink": "zero2ipo-ventures"},
       "person": null}]},
   {"id": 66677,
    "round_code": "unattributed",
    "source_url": "",
    "source_description": "",
    "raised_amount": 3247280.0,
    "raised_currency_code": "USD",
    "funded_year": 2013,
    "funded_month": 7,
    "funded_day": null,
    "investments":
     []},
   {"id": 66678,
    "round_code": "unattributed",
    "source_url": "",
    "source_description": "",
    "raised_amount": null,
    "raised_currency_code": "USD",
    "funded_year": 2006,
    "funded_month": 1,
    "funded_day": null,
    "investments":
     [{"company": null,
       "financial_org":
        {"name": "Sequoia Capital",
         "permalink": "sequoia-capital"},
       "person": null}]}],
 "investments":
  [],
 "acquisition": null,
 "acquisitions":
  [],
 "offices":
  [{"description": "",
    "address1": "",
    "address2": "",
    "zip_code": "",
    "city": "Beijing",
    "state_code": null,
    "country_code": "CHN",
    "latitude": null,
    "longitude": null}],
 "milestones":
  [],
 "ipo": null,
 "video_embeds":
  [],
 "screenshots":
  [{"available_sizes":
     [[[150,
        114],
       "http://api-images.crunchbase.com/assets/images/resized/0041/8833/418833v1-max-150x150.png"],
      [[250,
        190],
       "http://api-images.crunchbase.com/assets/images/resized/0041/8833/418833v1-max-250x250.png"],
      [[450,
        342],
       "http://api-images.crunchbase.com/assets/images/resized/0041/8833/418833v1-max-450x450.png"]],
    "attribution": null}],
 "external_links":
  [],
 "partners":
  [{"partner_name": "ct_quan",
    "homepage_url": "unknown",
    "link_1_url": null,
    "link_2_url": null,
    "link_3_url": null,
    "link_1_name": null,
    "link_2_name": null,
    "link_3_name": null}]}
