{"name": "1Baba1Anne.Com",
 "permalink": "1baba1anne-com",
 "crunchbase_url": "http://www.crunchbase.com/company/1baba1anne-com",
 "homepage_url": "http://www.1baba1anne.com",
 "blog_url": "http://www.1baba1anne.com/blog/",
 "blog_feed_url": "",
 "twitter_username": "1baba1anne",
 "category_code": "other",
 "number_of_employees": 3,
 "founded_year": 2012,
 "founded_month": 5,
 "founded_day": null,
 "deadpooled_year": null,
 "deadpooled_month": null,
 "deadpooled_day": null,
 "deadpooled_url": null,
 "tag_list": "",
 "alias_list": "",
 "email_address": "",
 "phone_number": "",
 "description": "",
 "created_at": "Sat Feb 22 11:34:49 UTC 2014",
 "updated_at": "Sat Feb 22 11:36:01 UTC 2014",
 "overview": "\u003Cp\u003E1Baba1Anne.Com, launched in May 2012, is an online parenting blog that enables parents to share birth stories, interact with each other, share vaccination information and read interviews with experts and other parents.\u003C/p\u003E",
 "image":
  {"available_sizes":
    [[[150,
       150],
      "http://api-images.crunchbase.com/assets/images/resized/0042/0283/420283v1-max-150x150.png"],
     [[250,
       250],
      "http://api-images.crunchbase.com/assets/images/resized/0042/0283/420283v1-max-250x250.png"],
     [[250,
       250],
      "http://api-images.crunchbase.com/assets/images/resized/0042/0283/420283v1-max-450x450.png"]],
   "attribution": null},
 "products":
  [],
 "relationships":
  [],
 "competitions":
  [],
 "providerships":
  [],
 "total_money_raised": "$0",
 "funding_rounds":
  [],
 "investments":
  [],
 "acquisition": null,
 "acquisitions":
  [],
 "offices":
  [{"description": "",
    "address1": "",
    "address2": "",
    "zip_code": "",
    "city": "Istanbul",
    "state_code": null,
    "country_code": "TUR",
    "latitude": null,
    "longitude": null}],
 "milestones":
  [],
 "ipo": null,
 "video_embeds":
  [],
 "screenshots":
  [{"available_sizes":
     [[[150,
        94],
       "http://api-images.crunchbase.com/assets/images/resized/0042/0284/420284v1-max-150x150.png"],
      [[250,
        157],
       "http://api-images.crunchbase.com/assets/images/resized/0042/0284/420284v1-max-250x250.png"],
      [[450,
        283],
       "http://api-images.crunchbase.com/assets/images/resized/0042/0284/420284v1-max-450x450.png"]],
    "attribution": null}],
 "external_links":
  [{"external_url": "https://www.facebook.com/1Baba1Anne",
    "title": "Facebook"}],
 "partners":
  [{"partner_name": "webrazzi",
    "homepage_url": "unknown",
    "link_1_url": "http://vt.webrazzi.com/sirket/1baba1anne-com",
    "link_2_url": null,
    "link_3_url": null,
    "link_1_name": "webrazzi Page",
    "link_2_name": null,
    "link_3_name": null}]}
