{"name": "1ine Messenger",
 "permalink": "1ine-messenger",
 "crunchbase_url": "http://www.crunchbase.com/company/1ine-messenger",
 "homepage_url": "http://www.1inemessenger.com",
 "blog_url": "http://www.1inemessenger.tumblr.com",
 "blog_feed_url": "feed://1inemessenger.tumblr.com/rss",
 "twitter_username": "1inemessenger",
 "category_code": "messaging",
 "number_of_employees": 7,
 "founded_year": 2013,
 "founded_month": 12,
 "founded_day": 12,
 "deadpooled_year": null,
 "deadpooled_month": null,
 "deadpooled_day": null,
 "deadpooled_url": null,
 "tag_list": "1ine, cryptochat, secure-messaging, new-messenger, messenger, ios-messenger, ios-app, app, message, app-store, apple, secure-messenger, kryptochat",
 "alias_list": null,
 "email_address": "support@1inemessenger.com",
 "phone_number": "",
 "description": "More Realistic \u0026 Secure Messaging...",
 "created_at": "Sun Mar 02 09:37:44 UTC 2014",
 "updated_at": "Mon Mar 03 21:58:53 UTC 2014",
 "overview": "\u003Cp\u003E1ine Messenger is an upcoming messaging platform for iOS which strives to change the way messaging works by building a revolutionary, more realistic way of messaging, done by only showing the last message sent. This not only makes the user\u0026#8217;s messages more secure but also makes your text based conversation feel like a real life conversation! Features of the app include a ranking system (e.g. Premium, Early Adopter etc.), a sticker store (making it easier to send high resolution emoticons to your friends). With 1ine Messenger\u0026#8217;s award winning server infrastructure your messages will be delivered speedily and  securely.\u003C/p\u003E\n\n\u003Cp\u003EThe estimated release date for 1ine Messenger is in late May 2014.\u003C/p\u003E",
 "image":
  {"available_sizes":
    [[[150,
       150],
      "http://api-images.crunchbase.com/assets/images/resized/0042/6090/426090v2-max-150x150.png"],
     [[250,
       250],
      "http://api-images.crunchbase.com/assets/images/resized/0042/6090/426090v2-max-250x250.png"],
     [[450,
       450],
      "http://api-images.crunchbase.com/assets/images/resized/0042/6090/426090v2-max-450x450.png"]],
   "attribution": null},
 "products":
  [{"name": "1ine Messenger",
    "permalink": "1ine-messenger"}],
 "relationships":
  [],
 "competitions":
  [{"competitor":
     {"name": "Heml.is",
      "permalink": "heml-is"}},
   {"competitor":
     {"name": "Threema",
      "permalink": "threema"}},
   {"competitor":
     {"name": "WhatsApp",
      "permalink": "whatsapp"}}],
 "providerships":
  [],
 "total_money_raised": "$0",
 "funding_rounds":
  [],
 "investments":
  [],
 "acquisition": null,
 "acquisitions":
  [],
 "offices":
  [],
 "milestones":
  [],
 "ipo": null,
 "video_embeds":
  [],
 "screenshots":
  [{"available_sizes":
     [[[84,
        150],
       "http://api-images.crunchbase.com/assets/images/resized/0042/5216/425216v2-max-150x150.png"],
      [[140,
        250],
       "http://api-images.crunchbase.com/assets/images/resized/0042/5216/425216v2-max-250x250.png"],
      [[253,
        450],
       "http://api-images.crunchbase.com/assets/images/resized/0042/5216/425216v2-max-450x450.png"]],
    "attribution": null},
   {"available_sizes":
     [[[150,
        92],
       "http://api-images.crunchbase.com/assets/images/resized/0042/5217/425217v2-max-150x150.tiff"],
      [[250,
        154],
       "http://api-images.crunchbase.com/assets/images/resized/0042/5217/425217v2-max-250x250.tiff"],
      [[450,
        278],
       "http://api-images.crunchbase.com/assets/images/resized/0042/5217/425217v2-max-450x450.tiff"]],
    "attribution": null}],
 "external_links":
  [{"external_url": "https://1ine.zendesk.com",
    "title": "1ine Support"},
   {"external_url": "http://www.1inemessenger.tumblr.com",
    "title": "1ine Blog"},
   {"external_url": "http://www.1inemessenger.legal.html",
    "title": "1ine Legal Documents"}],
 "partners":
  []}
