{"name": "228 BAIL",
 "permalink": "228-bail",
 "crunchbase_url": "http://www.crunchbase.com/company/228-bail",
 "homepage_url": "http://www.vegasbailbondagency.com",
 "blog_url": "http://www.vegasbailbondagency.com/category/articles/",
 "blog_feed_url": "http://www.vegasbailbondagency.com/category/articles/feed",
 "twitter_username": "228bail",
 "category_code": "local",
 "number_of_employees": 25,
 "founded_year": 2013,
 "founded_month": 1,
 "founded_day": 1,
 "deadpooled_year": null,
 "deadpooled_month": null,
 "deadpooled_day": null,
 "deadpooled_url": null,
 "tag_list": "228-bail, bail-bonds-las-vegas",
 "alias_list": null,
 "email_address": "info@vegasbailbondagency.com",
 "phone_number": "702-228-2245",
 "description": "Any Bond, Any Jail, Any Time",
 "created_at": "Sun Feb 23 22:49:33 UTC 2014",
 "updated_at": "Mon Feb 24 22:03:49 UTC 2014",
 "overview": "\u003Cp\u003E228 BAIL offers 24 hours emergency Bail Bonds Services in Las Vegas, North Las Vegas, Summerlin, Henderson, Spring valley, and Centennial. 228 BAIL do everything possible to get your loved one or friend or relative out of jail as quickly and hassle free as possible. 228 BAIL offers flexible payment plans, professional, confidential and courteous service. 228 BAIL have agents in EVERY COUNTY in Nevada! The easiest company to work with providing house calls, meeting clients at the jail, or wherever is convenient for you! No credit check is required, and offers flexible payment plans!\u003C/p\u003E",
 "image":
  {"available_sizes":
    [[[150,
       150],
      "http://api-images.crunchbase.com/assets/images/resized/0042/0594/420594v2-max-150x150.jpg"],
     [[180,
       180],
      "http://api-images.crunchbase.com/assets/images/resized/0042/0594/420594v2-max-250x250.jpg"],
     [[180,
       180],
      "http://api-images.crunchbase.com/assets/images/resized/0042/0594/420594v2-max-450x450.jpg"]],
   "attribution": null},
 "products":
  [],
 "relationships":
  [],
 "competitions":
  [],
 "providerships":
  [],
 "total_money_raised": "$0",
 "funding_rounds":
  [],
 "investments":
  [],
 "acquisition": null,
 "acquisitions":
  [],
 "offices":
  [{"description": "Main Office",
    "address1": "4615 Swenson St. Suite 210-A",
    "address2": "",
    "zip_code": "89119",
    "city": "Las vegas",
    "state_code": "NV",
    "country_code": "USA",
    "latitude": null,
    "longitude": null}],
 "milestones":
  [],
 "ipo": null,
 "video_embeds":
  [],
 "screenshots":
  [],
 "external_links":
  [{"external_url": "https://www.facebook.com/228bail",
    "title": "Facebook"},
   {"external_url": "https://twitter.com/228Bail",
    "title": "Twitter"},
   {"external_url": "http://www.linkedin.com/company/228-bail-las-vegas-bail-bonds",
    "title": "Linkedin"},
   {"external_url": "http://www.pinterest.com/228bail/",
    "title": "Pinterest"},
   {"external_url": "http://about.me/bailbondslasvegas",
    "title": "About"},
   {"external_url": "https://plus.google.com/116586989743272053823/",
    "title": "Google+"},
   {"external_url": "http://www.youtube.com/watch?v=gU8elLDN0tc",
    "title": "YouTube"},
   {"external_url": "http://www.vegasbailbondagency.com/north-las-vegas/",
    "title": "North Las Vegas Bail Bonds"}],
 "partners":
  []}
