{"name": "24x7 Tech-Support",
 "permalink": "24x7-tech-support",
 "crunchbase_url": "http://www.crunchbase.com/company/24x7-tech-support",
 "homepage_url": "http://www.24x7tech-support.com",
 "blog_url": "",
 "blog_feed_url": "",
 "twitter_username": null,
 "category_code": "software",
 "number_of_employees": null,
 "founded_year": null,
 "founded_month": null,
 "founded_day": null,
 "deadpooled_year": null,
 "deadpooled_month": null,
 "deadpooled_day": null,
 "deadpooled_url": null,
 "tag_list": "technical-support, computer-support, best-technical-support-services",
 "alias_list": null,
 "email_address": "info@24x7tech-support.com",
 "phone_number": "1-855-569-5945",
 "description": "Independent Technical Support Company",
 "created_at": "Fri Feb 07 05:39:39 UTC 2014",
 "updated_at": "Wed Feb 12 00:17:06 UTC 2014",
 "overview": "\u003Cp\u003EWith years of experience, 24x7 Tech Support  has been providing expert  tech support for users in USA and Canada. They have an expert team of experienced technicians who are available 24x7 at your service.\u003C/p\u003E",
 "image":
  {"available_sizes":
    [[[150,
       43],
      "http://api-images.crunchbase.com/assets/images/resized/0041/0006/410006v2-max-150x150.png"],
     [[244,
       70],
      "http://api-images.crunchbase.com/assets/images/resized/0041/0006/410006v2-max-250x250.png"],
     [[244,
       70],
      "http://api-images.crunchbase.com/assets/images/resized/0041/0006/410006v2-max-450x450.png"]],
   "attribution": null},
 "products":
  [],
 "relationships":
  [],
 "competitions":
  [],
 "providerships":
  [],
 "total_money_raised": "$0",
 "funding_rounds":
  [],
 "investments":
  [],
 "acquisition": null,
 "acquisitions":
  [],
 "offices":
  [],
 "milestones":
  [],
 "ipo": null,
 "video_embeds":
  [],
 "screenshots":
  [],
 "external_links":
  [],
 "partners":
  []}
