{"name": "29th Street Publishing",
 "permalink": "29th-street-publishing",
 "crunchbase_url": "http://www.crunchbase.com/company/29th-street-publishing",
 "homepage_url": "http://29.io",
 "blog_url": "http://29.io/#blog",
 "blog_feed_url": "",
 "twitter_username": "29pco",
 "category_code": "mobile",
 "number_of_employees": null,
 "founded_year": null,
 "founded_month": null,
 "founded_day": null,
 "deadpooled_year": null,
 "deadpooled_month": null,
 "deadpooled_day": null,
 "deadpooled_url": null,
 "tag_list": "ios, web, android-platforms",
 "alias_list": "",
 "email_address": "",
 "phone_number": "",
 "description": "Publishing for a mobile audience",
 "created_at": "Wed Mar 05 06:12:26 UTC 2014",
 "updated_at": "Wed Mar 05 06:14:05 UTC 2014",
 "overview": "\u003Cp\u003E29th Street Publishing is a partner with existing and emerging magazines, websites, and publishers (Folks like Harper\u0026#8217;s Magazine, The Awl and Serious Eats) to build better mobile magazine apps (web, iOS and Android).\nTheir platform works with publishers\u0026#8217; existing CMS, incorporating their existing workflow and content. Their apps incorporate their existing design and identity. All of their apps feature subscriptions and single-issue purchase, back issue catalogue and optional native advertising units. Their back-end platform enables publishers to send new issues at the push of a button, handles receipt management, issue fulfillment, and notifications, and features our custom analytics offering.\nThey offer their platform for $1,000 (Starter Licensing) or $10,000 (Enterprise) up front, and additional customization is available. Annual support contracts follow on for $1 per user per year across web, iOS and Android platforms\u003C/p\u003E",
 "image":
  {"available_sizes":
    [[[150,
       150],
      "http://api-images.crunchbase.com/assets/images/resized/0042/7284/427284v1-max-150x150.png"],
     [[200,
       200],
      "http://api-images.crunchbase.com/assets/images/resized/0042/7284/427284v1-max-250x250.png"],
     [[200,
       200],
      "http://api-images.crunchbase.com/assets/images/resized/0042/7284/427284v1-max-450x450.png"]],
   "attribution": null},
 "products":
  [],
 "relationships":
  [{"is_past": false,
    "title": "Founder",
    "person":
     {"first_name": "David",
      "last_name": "Jacobs",
      "permalink": "david-jacobs-5"}},
   {"is_past": false,
    "title": "Founder",
    "person":
     {"first_name": "Alaina",
      "last_name": "Browne",
      "permalink": "alaina-browne"}}],
 "competitions":
  [],
 "providerships":
  [],
 "total_money_raised": "$0",
 "funding_rounds":
  [],
 "investments":
  [],
 "acquisition": null,
 "acquisitions":
  [],
 "offices":
  [],
 "milestones":
  [],
 "ipo": null,
 "video_embeds":
  [],
 "screenshots":
  [{"available_sizes":
     [[[99,
        150],
       "http://api-images.crunchbase.com/assets/images/resized/0042/7283/427283v1-max-150x150.jpg"],
      [[166,
        250],
       "http://api-images.crunchbase.com/assets/images/resized/0042/7283/427283v1-max-250x250.jpg"],
      [[191,
        287],
       "http://api-images.crunchbase.com/assets/images/resized/0042/7283/427283v1-max-450x450.jpg"]],
    "attribution": null}],
 "external_links":
  [],
 "partners":
  [{"partner_name": "angel_list",
    "homepage_url": "http://29.io",
    "link_1_url": "https://angel.co/29th-street-publishing",
    "link_2_url": null,
    "link_3_url": null,
    "link_1_name": "AngelList Page",
    "link_2_name": null,
    "link_3_name": null}]}
