{"name": "2FA",
 "permalink": "2fa",
 "crunchbase_url": "http://www.crunchbase.com/company/2fa",
 "homepage_url": "http://2fa.com",
 "blog_url": "",
 "blog_feed_url": "",
 "twitter_username": null,
 "category_code": "software",
 "number_of_employees": null,
 "founded_year": null,
 "founded_month": null,
 "founded_day": null,
 "deadpooled_year": null,
 "deadpooled_month": null,
 "deadpooled_day": null,
 "deadpooled_url": null,
 "tag_list": "",
 "alias_list": "",
 "email_address": "sales@2FA.com",
 "phone_number": "512.918.3200",
 "description": "",
 "created_at": "Wed Feb 05 03:47:47 UTC 2014",
 "updated_at": "Wed Feb 05 03:49:54 UTC 2014",
 "overview": "\u003Cp\u003E2FA Inc. is an Austin, Texas based, veteran-owned, software company founded by entrepreneurs Greg Salyards and Shaun Cuttill with the single vision of simplifying strong authentication.\u003C/p\u003E",
 "image":
  {"available_sizes":
    [[[150,
       61],
      "http://api-images.crunchbase.com/assets/images/resized/0040/8020/408020v1-max-150x150.png"],
     [[250,
       102],
      "http://api-images.crunchbase.com/assets/images/resized/0040/8020/408020v1-max-250x250.png"],
     [[313,
       128],
      "http://api-images.crunchbase.com/assets/images/resized/0040/8020/408020v1-max-450x450.png"]],
   "attribution": null},
 "products":
  [],
 "relationships":
  [{"is_past": false,
    "title": "President, CEO \u0026 Co-Founder",
    "person":
     {"first_name": "Gregory",
      "last_name": "Salyards",
      "permalink": "gregory-salyards"}},
   {"is_past": false,
    "title": "Co-Founder \u0026 CTO",
    "person":
     {"first_name": "Shaun",
      "last_name": "Cuttill",
      "permalink": "shaun-cuttill"}}],
 "competitions":
  [],
 "providerships":
  [],
 "total_money_raised": "$0",
 "funding_rounds":
  [],
 "investments":
  [],
 "acquisition": null,
 "acquisitions":
  [],
 "offices":
  [{"description": "",
    "address1": "10713 N. FM 620",
    "address2": "Suite 201",
    "zip_code": "78726",
    "city": "Austin",
    "state_code": "TX",
    "country_code": "USA",
    "latitude": null,
    "longitude": null}],
 "milestones":
  [{"id": 46923,
    "description": "2FA Technology, will purchase ProtectDrive from SafeNet Inc.",
    "stoned_year": 2014,
    "stoned_month": 2,
    "stoned_day": 4,
    "source_url": "http://mna.im/segmentview.aspx?ViewModes=6\u0026AcquisitionID=39353",
    "source_text": "",
    "source_description": "2FA Technology, will purchase ProtectDrive from SafeNet Inc.",
    "stoneable_type": "Company",
    "stoned_value": null,
    "stoned_value_type": null,
    "stoned_acquirer": null,
    "stoneable":
     {"name": "2FA",
      "permalink": "2fa"}}],
 "ipo": null,
 "video_embeds":
  [],
 "screenshots":
  [{"available_sizes":
     [[[150,
        115],
       "http://api-images.crunchbase.com/assets/images/resized/0040/8019/408019v1-max-150x150.jpg"],
      [[250,
        192],
       "http://api-images.crunchbase.com/assets/images/resized/0040/8019/408019v1-max-250x250.jpg"],
      [[450,
        347],
       "http://api-images.crunchbase.com/assets/images/resized/0040/8019/408019v1-max-450x450.jpg"]],
    "attribution": null}],
 "external_links":
  [],
 "partners":
  [{"partner_name": "ct_quan",
    "homepage_url": "unknown",
    "link_1_url": null,
    "link_2_url": null,
    "link_3_url": null,
    "link_1_name": null,
    "link_2_name": null,
    "link_3_name": null}]}
