{"name": "2ShipICE",
 "permalink": "2shipice",
 "crunchbase_url": "http://www.crunchbase.com/company/2shipice",
 "homepage_url": "http://www.2ShipICE.com/home",
 "blog_url": "http://www.2ShipICE.com/blog",
 "blog_feed_url": "http://www.2ShipICE.com/blog/feed",
 "twitter_username": "icelogistics1",
 "category_code": "transportation",
 "number_of_employees": 8,
 "founded_year": 2012,
 "founded_month": 6,
 "founded_day": null,
 "deadpooled_year": null,
 "deadpooled_month": null,
 "deadpooled_day": null,
 "deadpooled_url": null,
 "tag_list": "one-website, one-login, save-money-shipping, save-time-shipping, free-30-day-trial",
 "alias_list": null,
 "email_address": "CSR@2shipICE.com",
 "phone_number": "1-888-201-6666",
 "description": "Logistics Shipping Platform",
 "created_at": "Mon Jan 27 22:31:05 UTC 2014",
 "updated_at": "Sat Feb 01 01:37:14 UTC 2014",
 "overview": "\u003Cp\u003E2ShipICE makes shipping easy.  Their shipping platform consolidates all of your shipping information and accounts in one website, so you only need to log in once to access everything.\u003Cbr/\u003E\nIt allows you to rate shop and choose the best shipping solution to save time and money.\nPerfect for any size company.\nAnd you can try it free!\u003C/p\u003E",
 "image": null,
 "products":
  [],
 "relationships":
  [],
 "competitions":
  [],
 "providerships":
  [],
 "total_money_raised": "$0",
 "funding_rounds":
  [],
 "investments":
  [],
 "acquisition": null,
 "acquisitions":
  [],
 "offices":
  [{"description": "2ShipICE",
    "address1": "Box 525",
    "address2": "3 - 35 Crawford Crescent",
    "zip_code": "L0P 1B0",
    "city": "Campbellville ON",
    "state_code": null,
    "country_code": "CAN",
    "latitude": null,
    "longitude": null}],
 "milestones":
  [],
 "ipo": null,
 "video_embeds":
  [],
 "screenshots":
  [],
 "external_links":
  [],
 "partners":
  []}
