{"name": "312Plus Sosyal Medya Ajans\u0131",
 "permalink": "312plus-sosyal-medya-ajans",
 "crunchbase_url": "http://www.crunchbase.com/company/312plus-sosyal-medya-ajans",
 "homepage_url": "http://www.312plus.com",
 "blog_url": "http://www.oxsi.net",
 "blog_feed_url": "",
 "twitter_username": "312plus",
 "category_code": "social",
 "number_of_employees": 30,
 "founded_year": 2011,
 "founded_month": 5,
 "founded_day": 7,
 "deadpooled_year": null,
 "deadpooled_month": null,
 "deadpooled_day": null,
 "deadpooled_url": null,
 "tag_list": "",
 "alias_list": "",
 "email_address": "fatih@312plus.com",
 "phone_number": "0312 349 09 60",
 "description": "",
 "created_at": "Tue Feb 11 12:08:04 UTC 2014",
 "updated_at": "Tue Feb 11 12:13:18 UTC 2014",
 "overview": "\u003Cp\u003E312Plus Sosyal Medya Ajansi is a social media agency that aims to increase its customers\u0026#8217; brand value through social media solutions. Its services include blog event management, social monitoring, social commerce, online reputation management, and community management.\u003C/p\u003E\n\n\u003Cp\u003E312Plus Sosyal Medya Ajansi was established on May 7, 2011, and is based in Ankara, Turkey.\u003C/p\u003E",
 "image":
  {"available_sizes":
    [[[150,
       103],
      "http://api-images.crunchbase.com/assets/images/resized/0041/2507/412507v1-max-150x150.jpg"],
     [[250,
       171],
      "http://api-images.crunchbase.com/assets/images/resized/0041/2507/412507v1-max-250x250.jpg"],
     [[450,
       309],
      "http://api-images.crunchbase.com/assets/images/resized/0041/2507/412507v1-max-450x450.jpg"]],
   "attribution": null},
 "products":
  [],
 "relationships":
  [],
 "competitions":
  [],
 "providerships":
  [],
 "total_money_raised": "$0",
 "funding_rounds":
  [],
 "investments":
  [],
 "acquisition": null,
 "acquisitions":
  [],
 "offices":
  [{"description": "",
    "address1": "3. Cad. 35.sok no: 6/4",
    "address2": "(Starbucks\u2019\u0131n yan\u0131) Bah\u00e7elievler",
    "zip_code": "",
    "city": "Ankara",
    "state_code": null,
    "country_code": "TUR",
    "latitude": null,
    "longitude": null}],
 "milestones":
  [],
 "ipo": null,
 "video_embeds":
  [],
 "screenshots":
  [{"available_sizes":
     [[[150,
        84],
       "http://api-images.crunchbase.com/assets/images/resized/0041/2506/412506v1-max-150x150.png"],
      [[250,
        141],
       "http://api-images.crunchbase.com/assets/images/resized/0041/2506/412506v1-max-250x250.png"],
      [[450,
        254],
       "http://api-images.crunchbase.com/assets/images/resized/0041/2506/412506v1-max-450x450.png"]],
    "attribution": null}],
 "external_links":
  [{"external_url": "https://www.facebook.com/312sosyalmedya",
    "title": "Facebook"}],
 "partners":
  [{"partner_name": "webrazzi",
    "homepage_url": "unknown",
    "link_1_url": "http://vt.webrazzi.com/sirket/312plus-sosyal-medya-ajansi",
    "link_2_url": null,
    "link_3_url": null,
    "link_1_name": "webrazzi Page",
    "link_2_name": null,
    "link_3_name": null}]}
