{"name": "315 Studio",
 "permalink": "315-studio",
 "crunchbase_url": "http://www.crunchbase.com/company/315-studio",
 "homepage_url": "http://www.315studio.biz",
 "blog_url": "",
 "blog_feed_url": "",
 "twitter_username": "feridattar",
 "category_code": "games_video",
 "number_of_employees": null,
 "founded_year": null,
 "founded_month": null,
 "founded_day": null,
 "deadpooled_year": null,
 "deadpooled_month": null,
 "deadpooled_day": null,
 "deadpooled_url": null,
 "tag_list": "mobile, advertising, mobile-games",
 "alias_list": "",
 "email_address": "yenerduran@315studio.biz",
 "phone_number": "",
 "description": "Gamified Location Based Mobile Solutions",
 "created_at": "Thu Jan 30 12:05:31 UTC 2014",
 "updated_at": "Wed Apr 02 08:29:44 UTC 2014",
 "overview": "\u003Cp\u003E315 Studio search for solution to the question of \u201chow online brand advertiser persuade potential customers who have seen the ad to enter the physical shop?\u201d just as Where, ThinkNear, Placeable, SCVNGR.\u003C/p\u003E",
 "image":
  {"available_sizes":
    [[[84,
       60],
      "http://api-images.crunchbase.com/assets/images/resized/0040/4510/404510v1-max-150x150.png"],
     [[84,
       60],
      "http://api-images.crunchbase.com/assets/images/resized/0040/4510/404510v1-max-250x250.png"],
     [[84,
       60],
      "http://api-images.crunchbase.com/assets/images/resized/0040/4510/404510v1-max-450x450.png"]],
   "attribution": null},
 "products":
  [],
 "relationships":
  [{"is_past": false,
    "title": "Founder",
    "person":
     {"first_name": "Yener",
      "last_name": "Duran",
      "permalink": "yener-duran"}},
   {"is_past": false,
    "title": "Founder",
    "person":
     {"first_name": "Mehmet",
      "last_name": "Edebali \u015eener",
      "permalink": "mehmet-edebali-ener"}}],
 "competitions":
  [],
 "providerships":
  [],
 "total_money_raised": "$0",
 "funding_rounds":
  [],
 "investments":
  [],
 "acquisition": null,
 "acquisitions":
  [],
 "offices":
  [{"description": "HQ",
    "address1": "METU Technopolis Galyum Building",
    "address2": "No:15",
    "zip_code": "",
    "city": "Ankara",
    "state_code": null,
    "country_code": "TUR",
    "latitude": null,
    "longitude": null}],
 "milestones":
  [],
 "ipo": null,
 "video_embeds":
  [{"embed_code": "\u003Cobject type=\"application/x-shockwave-flash\" width=\"420\" height=\"310\" data=\"http://getembedplus.com/embedplus.swf\" id=\"ep8996\"\u003E \u003Cparam value=\"http://getembedplus.com/embedplus.swf\" name=\"movie\" /\u003E \u003Cparam value=\"high\" name=\"quality\" /\u003E \u003Cparam value=\"transparent\" name=\"wmode\" /\u003E \u003Cparam value=\"always\" name=\"allowscriptaccess\" /\u003E \u003Cparam value=\"true\" name=\"allowFullScreen\" /\u003E \u003Cparam name=\"flashvars\" value=\"ytid=NXe1TLAeJa4\u0026width=551\u0026height=278\u0026start=\u0026stop=\u0026hd=0\u0026autoplay=0\u0026react=1\u0026chapters=\u0026notes=\" /\u003E \u003Ciframe class=\"cantembedplus\" title=\"YouTube video player\" width=\"551\" height=\"278\" src=\"http://www.youtube.com/embed/NXe1TLAeJa4?fs=1\" frameborder=\"0\" allowfullscreen\u003E\u003C/iframe\u003E \u003C/object\u003E \u003C!--[if lte IE 6]\u003E \u003Cstyle type=\"text/css\"\u003E.cantembedplus{display:none;}\u003C/style\u003E\u003C![endif]--\u003E",
    "description": ""}],
 "screenshots":
  [{"available_sizes":
     [[[150,
        59],
       "http://api-images.crunchbase.com/assets/images/resized/0040/4509/404509v1-max-150x150.png"],
      [[250,
        98],
       "http://api-images.crunchbase.com/assets/images/resized/0040/4509/404509v1-max-250x250.png"],
      [[450,
        177],
       "http://api-images.crunchbase.com/assets/images/resized/0040/4509/404509v1-max-450x450.png"]],
    "attribution": null}],
 "external_links":
  [],
 "partners":
  [{"partner_name": "angel_list",
    "homepage_url": "http://www.315studio.biz",
    "link_1_url": "https://angel.co/315-studio",
    "link_2_url": null,
    "link_3_url": null,
    "link_1_name": "AngelList Page",
    "link_2_name": null,
    "link_3_name": null}]}
