{"name": "360PMO Project Management Consulting Inc.",
 "permalink": "360pmo-project-management-consulting-inc",
 "crunchbase_url": "http://www.crunchbase.com/company/360pmo-project-management-consulting-inc",
 "homepage_url": "http://www.360pmo.com",
 "blog_url": "http://www.360pmo.com/blog",
 "blog_feed_url": "",
 "twitter_username": "360pmo",
 "category_code": "education",
 "number_of_employees": 10,
 "founded_year": null,
 "founded_month": null,
 "founded_day": null,
 "deadpooled_year": null,
 "deadpooled_month": null,
 "deadpooled_day": null,
 "deadpooled_url": null,
 "tag_list": "agile, pmi-acp, agile-training, agile-courseware, pmi-acp-course-material",
 "alias_list": null,
 "email_address": "contactus@360pmo.com",
 "phone_number": "",
 "description": "Agile Training and Consulting",
 "created_at": "Thu Feb 06 22:25:34 UTC 2014",
 "updated_at": "Wed Feb 12 00:12:18 UTC 2014",
 "overview": "\u003Cp\u003E360PMO Project Management Consulting Inc. is a leading provider of worldwide project management training and consulting.  Our mission is to enhance practices in the industry, and help professionals and organizations to achieve their goals through our comprehensive offerings. Our services include:\nAgile adoption consulting\nMethodology development\nProject and program strategy consulting\nOnsite \u0026amp; online training\nOur business is built on long-standing partnership with our clients. We are committed to efficiency, reliability, and providing the highest quality of service to our partners.\u003C/p\u003E",
 "image":
  {"available_sizes":
    [[[150,
       106],
      "http://api-images.crunchbase.com/assets/images/resized/0040/9826/409826v2-max-150x150.png"],
     [[160,
       114],
      "http://api-images.crunchbase.com/assets/images/resized/0040/9826/409826v2-max-250x250.png"],
     [[160,
       114],
      "http://api-images.crunchbase.com/assets/images/resized/0040/9826/409826v2-max-450x450.png"]],
   "attribution": null},
 "products":
  [],
 "relationships":
  [],
 "competitions":
  [{"competitor":
     {"name": "Simplilearn",
      "permalink": "simplilearn"}},
   {"competitor":
     {"name": "CollabNet",
      "permalink": "collabnet"}},
   {"competitor":
     {"name": "Rally Software",
      "permalink": "rally-software"}}],
 "providerships":
  [],
 "total_money_raised": "$0",
 "funding_rounds":
  [],
 "investments":
  [],
 "acquisition": null,
 "acquisitions":
  [],
 "offices":
  [],
 "milestones":
  [],
 "ipo": null,
 "video_embeds":
  [],
 "screenshots":
  [],
 "external_links":
  [],
 "partners":
  []}
