{"name": "3Alpha Outsourcing Services",
 "permalink": "3alpha-outsourcing-services",
 "crunchbase_url": "http://www.crunchbase.com/company/3alpha-outsourcing-services",
 "homepage_url": "http://www.3alphadataentry.com",
 "blog_url": "http://www.3alphadataentry.com/blog/",
 "blog_feed_url": "",
 "twitter_username": "3AlphaIndia",
 "category_code": "consulting",
 "number_of_employees": 50,
 "founded_year": 2008,
 "founded_month": null,
 "founded_day": null,
 "deadpooled_year": null,
 "deadpooled_month": null,
 "deadpooled_day": null,
 "deadpooled_url": null,
 "tag_list": "data-entry-services, data-entry-india, outsource-data-entry-services, data-conversion-services, data-mining-services, xml-conversion, ebook-conversion",
 "alias_list": null,
 "email_address": "info@3alphadataentry.com",
 "phone_number": "",
 "description": "Data Entry Services",
 "created_at": "Thu Jan 30 07:09:09 UTC 2014",
 "updated_at": "Wed Feb 05 00:58:07 UTC 2014",
 "overview": "\u003Cp\u003E3Alpha is one of the leading data entry service provider in India.\u003C/p\u003E\n\n\u003Cp\u003E3Alpha provides various services like data entry, data conversion, data mining, XML Conversion, eBook conversion at a very low cost and in quick turn around time with best quality.\u003C/p\u003E",
 "image":
  {"available_sizes":
    [[[150,
       19],
      "http://api-images.crunchbase.com/assets/images/resized/0040/4126/404126v2-max-150x150.png"],
     [[250,
       33],
      "http://api-images.crunchbase.com/assets/images/resized/0040/4126/404126v2-max-250x250.png"],
     [[368,
       49],
      "http://api-images.crunchbase.com/assets/images/resized/0040/4126/404126v2-max-450x450.png"]],
   "attribution": null},
 "products":
  [],
 "relationships":
  [{"is_past": false,
    "title": "CEO",
    "person":
     {"first_name": "Herat",
      "last_name": "Patel",
      "permalink": "herat-patel"}}],
 "competitions":
  [],
 "providerships":
  [],
 "total_money_raised": "$0",
 "funding_rounds":
  [],
 "investments":
  [],
 "acquisition": null,
 "acquisitions":
  [],
 "offices":
  [{"description": "India Location",
    "address1": "204 Atlantis Enclave, Opp Maruti Row House",
    "address2": "Nr. Subhash Chowk, Memnagar",
    "zip_code": "380015",
    "city": "AHMEDABAD",
    "state_code": null,
    "country_code": "IND",
    "latitude": null,
    "longitude": null}],
 "milestones":
  [],
 "ipo": null,
 "video_embeds":
  [],
 "screenshots":
  [],
 "external_links":
  [],
 "partners":
  []}
