{"name": "3D Sound Labs",
 "permalink": "3d-sound-labs",
 "crunchbase_url": "http://www.crunchbase.com/company/3d-sound-labs",
 "homepage_url": "http://www.3dsoundlabs.com",
 "blog_url": "",
 "blog_feed_url": "",
 "twitter_username": null,
 "category_code": "hardware",
 "number_of_employees": 5,
 "founded_year": 2014,
 "founded_month": 1,
 "founded_day": null,
 "deadpooled_year": null,
 "deadpooled_month": null,
 "deadpooled_day": null,
 "deadpooled_url": null,
 "tag_list": "",
 "alias_list": null,
 "email_address": "",
 "phone_number": "",
 "description": "",
 "created_at": "Wed Feb 19 13:41:35 UTC 2014",
 "updated_at": "Mon Mar 03 21:42:40 UTC 2014",
 "overview": "\u003Cp\u003E3D Sound Labs offers a 3D sound experience over headphones similar to the one of movie theaters equipped with the latest generation audio systems.\u003C/p\u003E",
 "image":
  {"available_sizes":
    [[[150,
       42],
      "http://api-images.crunchbase.com/assets/images/resized/0041/8876/418876v2-max-150x150.png"],
     [[250,
       70],
      "http://api-images.crunchbase.com/assets/images/resized/0041/8876/418876v2-max-250x250.png"],
     [[450,
       126],
      "http://api-images.crunchbase.com/assets/images/resized/0041/8876/418876v2-max-450x450.png"]],
   "attribution": null},
 "products":
  [],
 "relationships":
  [{"is_past": false,
    "title": "co-founder, VP Product \u0026 Operations",
    "person":
     {"first_name": "Dimitri",
      "last_name": "Singer",
      "permalink": "dimitri-singer"}},
   {"is_past": false,
    "title": "co-founder, CEO",
    "person":
     {"first_name": "Xavier",
      "last_name": "Bonjour",
      "permalink": "xavier-bonjour"}}],
 "competitions":
  [],
 "providerships":
  [],
 "total_money_raised": "$0",
 "funding_rounds":
  [],
 "investments":
  [],
 "acquisition": null,
 "acquisitions":
  [],
 "offices":
  [{"description": "",
    "address1": "",
    "address2": "",
    "zip_code": "",
    "city": "",
    "state_code": null,
    "country_code": "FRA",
    "latitude": null,
    "longitude": null}],
 "milestones":
  [],
 "ipo": null,
 "video_embeds":
  [],
 "screenshots":
  [],
 "external_links":
  [],
 "partners":
  []}
