{"name": "3DPrintWise",
 "permalink": "3dprintwise",
 "crunchbase_url": "http://www.crunchbase.com/company/3dprintwise",
 "homepage_url": "http://www.3dprintwise.com",
 "blog_url": "http://www.3dprintwise.com/blogs",
 "blog_feed_url": "",
 "twitter_username": "3DPrintWise",
 "category_code": "manufacturing",
 "number_of_employees": 4,
 "founded_year": 2013,
 "founded_month": 10,
 "founded_day": 16,
 "deadpooled_year": null,
 "deadpooled_month": null,
 "deadpooled_day": null,
 "deadpooled_url": null,
 "tag_list": "3d-printing, d-models, 3d-prints",
 "alias_list": null,
 "email_address": "admin@3dprintwise.com",
 "phone_number": "0033556255156",
 "description": "A 3D Printing Marketplace",
 "created_at": "Mon Feb 24 09:31:10 UTC 2014",
 "updated_at": "Mon Feb 24 23:47:04 UTC 2014",
 "overview": "\u003Cp\u003EA marketplace for buying, selling and sharing models for 3D Printing. \u003C/p\u003E\n\n\u003Cp\u003EThe goal of the site is to provide a space where designers can trade their work with those looking to undertake 3D printing. The main use of the site is for consumers, prosumers and small businesses.\u003C/p\u003E\n\n\u003Cp\u003EIn addition, the site offers news snippet and some original thought on 3D printing via a blog about current and future trends. \u003C/p\u003E\n\n\u003Cp\u003EUnique points about 3DPrintWise are that it is by definition a proper market place as opposed to a proprietory site, free repository (thingiverse) or shop selling 3D printed items (Shapeways)\u003C/p\u003E",
 "image":
  {"available_sizes":
    [[[150,
       150],
      "http://api-images.crunchbase.com/assets/images/resized/0042/1045/421045v2-max-150x150.png"],
     [[250,
       250],
      "http://api-images.crunchbase.com/assets/images/resized/0042/1045/421045v2-max-250x250.png"],
     [[250,
       250],
      "http://api-images.crunchbase.com/assets/images/resized/0042/1045/421045v2-max-450x450.png"]],
   "attribution": null},
 "products":
  [],
 "relationships":
  [{"is_past": true,
    "title": "Proprietor",
    "person":
     {"first_name": "David",
      "last_name": "Seymour",
      "permalink": "david-seymour"}}],
 "competitions":
  [{"competitor":
     {"name": "Thingiverse.com",
      "permalink": "thingiverse-com"}},
   {"competitor":
     {"name": "Sculpteo",
      "permalink": "sculpteo"}}],
 "providerships":
  [],
 "total_money_raised": "$0",
 "funding_rounds":
  [],
 "investments":
  [],
 "acquisition": null,
 "acquisitions":
  [],
 "offices":
  [{"description": "Office",
    "address1": "2 Lacoste",
    "address2": "",
    "zip_code": "33210",
    "city": "Coimeres",
    "state_code": null,
    "country_code": "FRA",
    "latitude": null,
    "longitude": null}],
 "milestones":
  [],
 "ipo": null,
 "video_embeds":
  [],
 "screenshots":
  [{"available_sizes":
     [[[150,
        145],
       "http://api-images.crunchbase.com/assets/images/resized/0042/1044/421044v2-max-150x150.png"],
      [[250,
        242],
       "http://api-images.crunchbase.com/assets/images/resized/0042/1044/421044v2-max-250x250.png"],
      [[450,
        436],
       "http://api-images.crunchbase.com/assets/images/resized/0042/1044/421044v2-max-450x450.png"]],
    "attribution": null}],
 "external_links":
  [],
 "partners":
  []}
