{"name": "3nder",
 "permalink": "3nder",
 "crunchbase_url": "http://www.crunchbase.com/company/3nder",
 "homepage_url": "http://www.3nderapp.com",
 "blog_url": "",
 "blog_feed_url": "",
 "twitter_username": "3nderapp",
 "category_code": "social",
 "number_of_employees": 1,
 "founded_year": 2014,
 "founded_month": 2,
 "founded_day": 18,
 "deadpooled_year": null,
 "deadpooled_month": null,
 "deadpooled_day": null,
 "deadpooled_url": null,
 "tag_list": "location, mobile, people-discovery, dating, online-dating, location-based, match-making, threesome, ios",
 "alias_list": null,
 "email_address": "us@3nderapp.com",
 "phone_number": "",
 "description": "Threesomes made easy.",
 "created_at": "Wed Mar 05 00:49:45 UTC 2014",
 "updated_at": "Wed Mar 05 21:22:12 UTC 2014",
 "overview": "\u003Cp\u003EIt\u0026#8217;s the easiest way to satisfy your desires. 2+1 1+1+1\nWhat is it? \n\u2014 It gets people together. \n\u2014 A couple friendly dating app. \n\u2014 A gay friendly dating app. \n\u2014 Matching people with similar desires and interests. \n\u2014 Carefully selecting your sex partners = Less worrying about your sexual health. \n\u2014 Makes the world more open about people\u0026#8217;s sexual desires.\u003C/p\u003E",
 "image":
  {"available_sizes":
    [[[150,
       150],
      "http://api-images.crunchbase.com/assets/images/resized/0042/7078/427078v2-max-150x150.jpg"],
     [[250,
       250],
      "http://api-images.crunchbase.com/assets/images/resized/0042/7078/427078v2-max-250x250.jpg"],
     [[450,
       450],
      "http://api-images.crunchbase.com/assets/images/resized/0042/7078/427078v2-max-450x450.jpg"]],
   "attribution": null},
 "products":
  [],
 "relationships":
  [],
 "competitions":
  [{"competitor":
     {"name": "Tinder",
      "permalink": "tinder"}},
   {"competitor":
     {"name": "Grindr",
      "permalink": "grindr"}},
   {"competitor":
     {"name": "AdultFriendFinder",
      "permalink": "adultfriendfinder"}}],
 "providerships":
  [],
 "total_money_raised": "$0",
 "funding_rounds":
  [],
 "investments":
  [],
 "acquisition": null,
 "acquisitions":
  [],
 "offices":
  [],
 "milestones":
  [],
 "ipo": null,
 "video_embeds":
  [],
 "screenshots":
  [{"available_sizes":
     [[[150,
        62],
       "http://api-images.crunchbase.com/assets/images/resized/0042/7077/427077v2-max-150x150.jpg"],
      [[250,
        104],
       "http://api-images.crunchbase.com/assets/images/resized/0042/7077/427077v2-max-250x250.jpg"],
      [[450,
        188],
       "http://api-images.crunchbase.com/assets/images/resized/0042/7077/427077v2-max-450x450.jpg"]],
    "attribution": null}],
 "external_links":
  [{"external_url": "http://www.dailymail.co.uk/femail/article-2566866/Is-Tinder-threesomes-New-dating-app-matches-singles-couples-partner.html",
    "title": "The Tinder for threesomes: New dating app matches couples with a third partner  Read more: http://www.dailymail.co.uk/femail/article-2566866/Is-Tinder-threesomes-New-dating-app-matches-singles-couples-partner.html#ixzz2v2qHhvF6  Follow us: @MailOnline on "},
   {"external_url": "http://www.dailydot.com/lifestyle/3nder-hookup-app-threesome/",
    "title": "Latest hookup app promises 'threesomes made easy'"},
   {"external_url": "http://www.independent.co.uk/life-style/gadgets-and-tech/news/3nder-tinder-and-grindr-offshoot-app-promises-threesomes-made-easy-9149419.html",
    "title": "3nder: Tinder and Grindr offshoot app promises 'threesomes made easy'"},
   {"external_url": "http://newsfeed.time.com/2014/02/24/3nder-hookup-app-for-threesomes/",
    "title": "There\u2019s Now a Hookup App to Facilitate Threesomes"}],
 "partners":
  []}
