{"name": "3PointData",
 "permalink": "3pointdata",
 "crunchbase_url": "http://www.crunchbase.com/company/3pointdata",
 "homepage_url": "http://3pointdata.com",
 "blog_url": "",
 "blog_feed_url": "",
 "twitter_username": null,
 "category_code": null,
 "number_of_employees": null,
 "founded_year": 2008,
 "founded_month": null,
 "founded_day": null,
 "deadpooled_year": null,
 "deadpooled_month": null,
 "deadpooled_day": null,
 "deadpooled_url": null,
 "tag_list": "",
 "alias_list": "",
 "email_address": "",
 "phone_number": "",
 "description": "",
 "created_at": "Sat Mar 01 06:44:33 UTC 2014",
 "updated_at": "Tue Apr 08 22:21:46 UTC 2014",
 "overview": "\u003Cp\u003E3PointData is in stealth mode, but we can tell you that we help decision makers act quickly and confidently. \u003C/p\u003E",
 "image":
  {"available_sizes":
    [[[150,
       40],
      "http://api-images.crunchbase.com/assets/images/resized/0042/4945/424945v1-max-150x150.png"],
     [[250,
       66],
      "http://api-images.crunchbase.com/assets/images/resized/0042/4945/424945v1-max-250x250.png"],
     [[280,
       75],
      "http://api-images.crunchbase.com/assets/images/resized/0042/4945/424945v1-max-450x450.png"]],
   "attribution": null},
 "products":
  [],
 "relationships":
  [{"is_past": false,
    "title": "Founder",
    "person":
     {"first_name": "Kevin",
      "last_name": "Herrmann",
      "permalink": "kevin-herrmann"}}],
 "competitions":
  [],
 "providerships":
  [],
 "total_money_raised": "$0",
 "funding_rounds":
  [{"id": 67220,
    "round_code": "seed",
    "source_url": "http://alltopstartups.com/2010/09/03/top-10-utah-startups-to-pitch-on-boomstartup-demo-day/",
    "source_description": "Top 10 Utah Startups to Pitch On Boomstartup Demo Day",
    "raised_amount": null,
    "raised_currency_code": "USD",
    "funded_year": 2010,
    "funded_month": 9,
    "funded_day": 3,
    "investments":
     [{"company":
        {"name": "BoomStartup",
         "permalink": "boomstartup"},
       "financial_org": null,
       "person": null}]}],
 "investments":
  [],
 "acquisition": null,
 "acquisitions":
  [],
 "offices":
  [],
 "milestones":
  [],
 "ipo": null,
 "video_embeds":
  [],
 "screenshots":
  [{"available_sizes":
     [[[150,
        71],
       "http://api-images.crunchbase.com/assets/images/resized/0042/4944/424944v1-max-150x150.png"],
      [[250,
        118],
       "http://api-images.crunchbase.com/assets/images/resized/0042/4944/424944v1-max-250x250.png"],
      [[450,
        213],
       "http://api-images.crunchbase.com/assets/images/resized/0042/4944/424944v1-max-450x450.png"]],
    "attribution": null}],
 "external_links":
  [],
 "partners":
  []}
