{"name": "3Q Digital",
 "permalink": "3q-digital",
 "crunchbase_url": "http://www.crunchbase.com/company/3q-digital",
 "homepage_url": "http://www.3qdigital.com",
 "blog_url": "http://3qdigital.com/blog/",
 "blog_feed_url": "",
 "twitter_username": "3QDigital",
 "category_code": "advertising",
 "number_of_employees": 120,
 "founded_year": 2008,
 "founded_month": null,
 "founded_day": null,
 "deadpooled_year": null,
 "deadpooled_month": null,
 "deadpooled_day": null,
 "deadpooled_url": null,
 "tag_list": "digital-marketing, sem, social-media, social-advertising, display-advertising",
 "alias_list": null,
 "email_address": "info@3qdigital.com",
 "phone_number": "650-539-4124",
 "description": "Digital Marketing Agency",
 "created_at": "Thu Feb 27 19:35:43 UTC 2014",
 "updated_at": "Tue Apr 01 12:29:59 UTC 2014",
 "overview": null,
 "image":
  {"available_sizes":
    [[[150,
       58],
      "http://api-images.crunchbase.com/assets/images/resized/0042/9115/429115v2-max-150x150.png"],
     [[250,
       97],
      "http://api-images.crunchbase.com/assets/images/resized/0042/9115/429115v2-max-250x250.png"],
     [[450,
       175],
      "http://api-images.crunchbase.com/assets/images/resized/0042/9115/429115v2-max-450x450.png"]],
   "attribution": null},
 "products":
  [],
 "relationships":
  [{"is_past": false,
    "title": "Founder and CEO",
    "person":
     {"first_name": "David",
      "last_name": "Rodnitzky",
      "permalink": "david-rodnitzky-2"}},
   {"is_past": false,
    "title": "Chief Financial Officer",
    "person":
     {"first_name": "Maury",
      "last_name": "Domengeaux",
      "permalink": "maury-domengeaux"}},
   {"is_past": false,
    "title": "Chief Operating Officer",
    "person":
     {"first_name": "Dave",
      "last_name": "Yoo",
      "permalink": "dave-yoo"}},
   {"is_past": false,
    "title": "Advisor",
    "person":
     {"first_name": "Frank",
      "last_name": "Lee",
      "permalink": "frank-lee"}},
   {"is_past": false,
    "title": "Chief Revenue Officer",
    "person":
     {"first_name": "Scott",
      "last_name": "Rayden",
      "permalink": "scott-rayden"}},
   {"is_past": false,
    "title": "Co-Founder",
    "person":
     {"first_name": "Will",
      "last_name": "Lin",
      "permalink": "will-lin-2"}},
   {"is_past": false,
    "title": "Chief Technology Officer",
    "person":
     {"first_name": "Charles",
      "last_name": "Hentrich",
      "permalink": "charles-hentrich"}}],
 "competitions":
  [],
 "providerships":
  [],
 "total_money_raised": "$0",
 "funding_rounds":
  [],
 "investments":
  [],
 "acquisition": null,
 "acquisitions":
  [],
 "offices":
  [{"description": "Silicon Valley",
    "address1": "1710 S Amphlett Blvd",
    "address2": "Suite 320",
    "zip_code": "94402",
    "city": "San Mateo",
    "state_code": "CA",
    "country_code": "USA",
    "latitude": null,
    "longitude": null},
   {"description": "San Francisco",
    "address1": "303 2nd St.",
    "address2": "Suite 650",
    "zip_code": "94107",
    "city": "San Francisco",
    "state_code": "CA",
    "country_code": "USA",
    "latitude": null,
    "longitude": null},
   {"description": "Chicago",
    "address1": "223 W. Jackson Blvd.",
    "address2": "",
    "zip_code": "60606",
    "city": "Chicago",
    "state_code": "IL",
    "country_code": "USA",
    "latitude": null,
    "longitude": null},
   {"description": "San Diego",
    "address1": "624 Broadway",
    "address2": "Suite 504",
    "zip_code": "92101",
    "city": "San Diego",
    "state_code": "CA",
    "country_code": "USA",
    "latitude": null,
    "longitude": null}],
 "milestones":
  [{"id": 48709,
    "description": "Acquired iSearch Media, Inc.",
    "stoned_year": 2014,
    "stoned_month": 3,
    "stoned_day": null,
    "source_url": "http://finance.yahoo.com/news/3q-digital-acquire-isearch-media-140000942.html;_ylt=AwrTWf2CXxlTjFYAEoCTmYlQ;_ylu=X3oDMTBmMnFmanUyBHNlYwNzYwRjb2xvA2dxMQ--",
    "source_text": null,
    "source_description": "3Q Digital to Acquire iSearch Media; Combination to Create Largest Independent Digital Marketing Agency in the San Francisco Bay Area",
    "stoneable_type": "Company",
    "stoned_value": null,
    "stoned_value_type": null,
    "stoned_acquirer": null,
    "stoneable":
     {"name": "3Q Digital",
      "permalink": "3q-digital"}},
   {"id": 48735,
    "description": "Rebranded from PPC Associates",
    "stoned_year": 2013,
    "stoned_month": 9,
    "stoned_day": 12,
    "source_url": "http://3qdigital.com/uncategorized/ppc-associates-now-3q-digital-heres-journey/",
    "source_text": null,
    "source_description": "PPC Associates is now 3Q Digital - ",
    "stoneable_type": "Company",
    "stoned_value": null,
    "stoned_value_type": null,
    "stoned_acquirer": null,
    "stoneable":
     {"name": "3Q Digital",
      "permalink": "3q-digital"}},
   {"id": 48736,
    "description": "Rebranded from PPC Associates",
    "stoned_year": 2013,
    "stoned_month": 9,
    "stoned_day": 12,
    "source_url": "http://3qdigital.com/uncategorized/ppc-associates-now-3q-digital-heres-journey/",
    "source_text": null,
    "source_description": "PPC Associates is now 3Q Digital - ",
    "stoneable_type": "Company",
    "stoned_value": null,
    "stoned_value_type": null,
    "stoned_acquirer": null,
    "stoneable":
     {"name": "3Q Digital",
      "permalink": "3q-digital"}}],
 "ipo": null,
 "video_embeds":
  [{"embed_code": "\u003Ciframe width=\"560\" height=\"315\" src=\"//www.youtube.com/embed/wnZYPHETXkk\" frameborder=\"0\" allowfullscreen\u003E\u003C/iframe\u003E",
    "description": "\u003Cp\u003ECompany video\u003C/p\u003E"},
   {"embed_code": "\u003Ciframe width=\"560\" height=\"315\" src=\"//www.youtube.com/embed/wnZYPHETXkk\" frameborder=\"0\" allowfullscreen\u003E\u003C/iframe\u003E",
    "description": ""}],
 "screenshots":
  [],
 "external_links":
  [],
 "partners":
  []}
