{"name": "3sun",
 "permalink": "3sun",
 "crunchbase_url": "http://www.crunchbase.com/company/3sun",
 "homepage_url": "http://3sungroup.com",
 "blog_url": "",
 "blog_feed_url": "",
 "twitter_username": "3sunGroup",
 "category_code": "cleantech",
 "number_of_employees": null,
 "founded_year": 2007,
 "founded_month": null,
 "founded_day": null,
 "deadpooled_year": null,
 "deadpooled_month": null,
 "deadpooled_day": null,
 "deadpooled_url": null,
 "tag_list": "",
 "alias_list": "",
 "email_address": "",
 "phone_number": "(01493) 666266",
 "description": "",
 "created_at": "Mon Mar 03 11:06:32 UTC 2014",
 "updated_at": "Tue Mar 04 03:32:23 UTC 2014",
 "overview": "\u003Cp\u003E3sun Limited, through its subsidiaries, provides hydraulic, control, and instrumentation products and services to the oil and gas sector worldwide. Furthermore, it offers skilled technicians for the installation and servicing of wind turbines on and offshore applications; onsite testing and inspection services for oil and gas, and renewable assets; and technical and vocational training services in United Kingdom and Europe. 3sun Limited was founded in 2006 and is based in Great Yarmouth, United Kingdom.\u003C/p\u003E",
 "image":
  {"available_sizes":
    [[[150,
       72],
      "http://api-images.crunchbase.com/assets/images/resized/0042/5832/425832v1-max-150x150.png"],
     [[185,
       89],
      "http://api-images.crunchbase.com/assets/images/resized/0042/5832/425832v1-max-250x250.png"],
     [[185,
       89],
      "http://api-images.crunchbase.com/assets/images/resized/0042/5832/425832v1-max-450x450.png"]],
   "attribution": null},
 "products":
  [],
 "relationships":
  [{"is_past": false,
    "title": "Founder",
    "person":
     {"first_name": "Willie",
      "last_name": "Dawson",
      "permalink": "willie-dawson"}},
   {"is_past": false,
    "title": "Managing Director and Director",
    "person":
     {"first_name": "Graham",
      "last_name": "Hacon",
      "permalink": "graham-hacon"}}],
 "competitions":
  [],
 "providerships":
  [],
 "total_money_raised": "\u00a310M",
 "funding_rounds":
  [{"id": 67354,
    "round_code": "unattributed",
    "source_url": "http://www.finsmes.com/2014/03/3sun-group-receives-10m-investment.html",
    "source_description": "3sun Group Receives \u00a310M Investment",
    "raised_amount": 10000000.0,
    "raised_currency_code": "GBP",
    "funded_year": 2014,
    "funded_month": 3,
    "funded_day": 3,
    "investments":
     [{"company": null,
       "financial_org":
        {"name": "Business Growth Fund",
         "permalink": "business-growth-fund"},
       "person": null}]}],
 "investments":
  [],
 "acquisition": null,
 "acquisitions":
  [],
 "offices":
  [{"description": "",
    "address1": "Boundary Road",
    "address2": "Southtown,Great Yarmouth",
    "zip_code": "NR31 0FB",
    "city": "Norfolk",
    "state_code": null,
    "country_code": "GBR",
    "latitude": null,
    "longitude": null}],
 "milestones":
  [],
 "ipo": null,
 "video_embeds":
  [],
 "screenshots":
  [{"available_sizes":
     [[[150,
        104],
       "http://api-images.crunchbase.com/assets/images/resized/0042/5831/425831v1-max-150x150.png"],
      [[250,
        173],
       "http://api-images.crunchbase.com/assets/images/resized/0042/5831/425831v1-max-250x250.png"],
      [[450,
        312],
       "http://api-images.crunchbase.com/assets/images/resized/0042/5831/425831v1-max-450x450.png"]],
    "attribution": null}],
 "external_links":
  [],
 "partners":
  []}
