{"name": "4 Circles LLC",
 "permalink": "4-circles-llc",
 "crunchbase_url": "http://www.crunchbase.com/company/4-circles-llc",
 "homepage_url": null,
 "blog_url": null,
 "blog_feed_url": null,
 "twitter_username": null,
 "category_code": null,
 "number_of_employees": null,
 "founded_year": null,
 "founded_month": null,
 "founded_day": null,
 "deadpooled_year": null,
 "deadpooled_month": null,
 "deadpooled_day": null,
 "deadpooled_url": null,
 "tag_list": null,
 "alias_list": null,
 "email_address": null,
 "phone_number": null,
 "description": null,
 "created_at": "Wed Feb 19 20:19:09 UTC 2014",
 "updated_at": "Fri Mar 21 03:04:54 UTC 2014",
 "overview": null,
 "image": null,
 "products":
  [],
 "relationships":
  [{"is_past": false,
    "title": "Principal Consultant",
    "person":
     {"first_name": "Rajeev",
      "last_name": "Kuruganti",
      "permalink": "rajeev-kuruganti"}}],
 "competitions":
  [],
 "providerships":
  [],
 "total_money_raised": "$0",
 "funding_rounds":
  [],
 "investments":
  [],
 "acquisition": null,
 "acquisitions":
  [],
 "offices":
  [{"description": "4 Circles LLC",
    "address1": "426 Main Street # 284",
    "address2": "",
    "zip_code": "08884",
    "city": "Spotswood",
    "state_code": "NJ",
    "country_code": "USA",
    "latitude": null,
    "longitude": null},
   {"description": "4 Circles LLC",
    "address1": "7784 South Harlan Way",
    "address2": "",
    "zip_code": "80128",
    "city": "Littleton,",
    "state_code": "CO",
    "country_code": "USA",
    "latitude": null,
    "longitude": null}],
 "milestones":
  [],
 "ipo": null,
 "video_embeds":
  [],
 "screenshots":
  [],
 "external_links":
  [],
 "partners":
  []}
