{"name": "444 Patent \u0026 Trademark",
 "permalink": "444-patent-trademark",
 "crunchbase_url": "http://www.crunchbase.com/company/444-patent-trademark",
 "homepage_url": "http://www.444patent.com.tr",
 "blog_url": "",
 "blog_feed_url": "",
 "twitter_username": "444patent",
 "category_code": "legal",
 "number_of_employees": null,
 "founded_year": null,
 "founded_month": null,
 "founded_day": null,
 "deadpooled_year": null,
 "deadpooled_month": null,
 "deadpooled_day": null,
 "deadpooled_url": null,
 "tag_list": "",
 "alias_list": "",
 "email_address": "info@444patent.com.tr",
 "phone_number": "+90 212 211 78 88",
 "description": "",
 "created_at": "Tue Feb 11 11:07:08 UTC 2014",
 "updated_at": "Tue Feb 11 11:08:24 UTC 2014",
 "overview": "\u003Cp\u003E444 Patent Trademark provides services in the fields of trademark registration, patent and utility models, industrial designs, geographical indications and copyright issues. It is based in Istanbul, Turkey.\u003C/p\u003E",
 "image":
  {"available_sizes":
    [[[150,
       20],
      "http://api-images.crunchbase.com/assets/images/resized/0041/2449/412449v1-max-150x150.jpg"],
     [[250,
       33],
      "http://api-images.crunchbase.com/assets/images/resized/0041/2449/412449v1-max-250x250.jpg"],
     [[295,
       40],
      "http://api-images.crunchbase.com/assets/images/resized/0041/2449/412449v1-max-450x450.jpg"]],
   "attribution": null},
 "products":
  [],
 "relationships":
  [],
 "competitions":
  [],
 "providerships":
  [],
 "total_money_raised": "$0",
 "funding_rounds":
  [],
 "investments":
  [],
 "acquisition": null,
 "acquisitions":
  [],
 "offices":
  [{"description": "",
    "address1": "Fulya Cad.",
    "address2": "No:27 D:25 \u015ei\u015fli",
    "zip_code": "34360",
    "city": "Istanbul",
    "state_code": null,
    "country_code": "TUR",
    "latitude": null,
    "longitude": null}],
 "milestones":
  [],
 "ipo": null,
 "video_embeds":
  [],
 "screenshots":
  [{"available_sizes":
     [[[150,
        101],
       "http://api-images.crunchbase.com/assets/images/resized/0041/2453/412453v1-max-150x150.png"],
      [[250,
        168],
       "http://api-images.crunchbase.com/assets/images/resized/0041/2453/412453v1-max-250x250.png"],
      [[450,
        303],
       "http://api-images.crunchbase.com/assets/images/resized/0041/2453/412453v1-max-450x450.png"]],
    "attribution": null}],
 "external_links":
  [{"external_url": "https://www.facebook.com/pages/444-Patent-Trademark/141067339325037",
    "title": "Facebook"}],
 "partners":
  [{"partner_name": "webrazzi",
    "homepage_url": "unknown",
    "link_1_url": "http://vt.webrazzi.com/sirket/444-marka-patent",
    "link_2_url": null,
    "link_3_url": null,
    "link_1_name": "webrazzi Page",
    "link_2_name": null,
    "link_3_name": null}]}
