{"name": "4FRONT PARTNERS",
 "permalink": "4front-partners",
 "crunchbase_url": "http://www.crunchbase.com/company/4front-partners",
 "homepage_url": null,
 "blog_url": "",
 "blog_feed_url": "",
 "twitter_username": null,
 "category_code": null,
 "number_of_employees": null,
 "founded_year": null,
 "founded_month": null,
 "founded_day": null,
 "deadpooled_year": null,
 "deadpooled_month": null,
 "deadpooled_day": null,
 "deadpooled_url": null,
 "tag_list": "",
 "alias_list": "",
 "email_address": "",
 "phone_number": " \t631 258 6113",
 "description": "",
 "created_at": "Wed Feb 12 06:26:54 UTC 2014",
 "updated_at": "Wed Feb 12 06:26:53 UTC 2014",
 "overview": "",
 "image": null,
 "products":
  [],
 "relationships":
  [{"is_past": false,
    "title": "CEO",
    "person":
     {"first_name": "Nicholas",
      "last_name": "Behrens",
      "permalink": "nicholas-behrens"}}],
 "competitions":
  [],
 "providerships":
  [],
 "total_money_raised": "$22k",
 "funding_rounds":
  [{"id": 64352,
    "round_code": "partial",
    "source_url": "http://marketbrief.com/4front-partners-inc-form-d-sec-filng-2014-2-11?utm_source=twitterfeed\u0026utm_medium=twitter",
    "source_description": "4front Partners Inc raises $22K",
    "raised_amount": 22000.0,
    "raised_currency_code": "USD",
    "funded_year": 2014,
    "funded_month": 2,
    "funded_day": 11,
    "investments":
     []}],
 "investments":
  [],
 "acquisition": null,
 "acquisitions":
  [],
 "offices":
  [{"description": "",
    "address1": "",
    "address2": "4419 FERRIS LANE",
    "zip_code": "34232",
    "city": "SARASOTA",
    "state_code": "FL",
    "country_code": "USA",
    "latitude": null,
    "longitude": null}],
 "milestones":
  [],
 "ipo": null,
 "video_embeds":
  [],
 "screenshots":
  [],
 "external_links":
  [],
 "partners":
  []}
