{"name": "4Quant",
 "permalink": "4quant",
 "crunchbase_url": "http://www.crunchbase.com/company/4quant",
 "homepage_url": "http://4quant.com",
 "blog_url": "",
 "blog_feed_url": "",
 "twitter_username": null,
 "category_code": "analytics",
 "number_of_employees": 1,
 "founded_year": null,
 "founded_month": null,
 "founded_day": null,
 "deadpooled_year": null,
 "deadpooled_month": null,
 "deadpooled_day": null,
 "deadpooled_url": null,
 "tag_list": "image-processing, big-data, analytics, 3d, 4d, real-time, in-situ",
 "alias_list": null,
 "email_address": "contact@4quant.com",
 "phone_number": "",
 "description": "Transforming Images to Information",
 "created_at": "Tue Feb 18 20:30:49 UTC 2014",
 "updated_at": "Wed Feb 19 01:07:04 UTC 2014",
 "overview": "\u003Cp\u003EOur vision is to offer customized stand-alone analysis to every microscopy user from cell biologists to petroleum engineers turning pictures into information in one click. \u003C/p\u003E\n\n\u003Cp\u003EWe offer customized solutions for the analysis of complicated 3 and 4 dimensional image sets.  Our solutions scale from a few samples to terabytes of measurements and are compatible with every major cloud-computing distributor.\u003C/p\u003E",
 "image": null,
 "products":
  [],
 "relationships":
  [{"is_past": false,
    "title": "CEO",
    "person":
     {"first_name": "Kevin",
      "last_name": "Mader",
      "permalink": "kevin-mader"}}],
 "competitions":
  [],
 "providerships":
  [],
 "total_money_raised": "$0",
 "funding_rounds":
  [],
 "investments":
  [],
 "acquisition": null,
 "acquisitions":
  [],
 "offices":
  [{"description": "Headquarters",
    "address1": "",
    "address2": "",
    "zip_code": "8092",
    "city": "Zurich",
    "state_code": null,
    "country_code": "CHE",
    "latitude": null,
    "longitude": null}],
 "milestones":
  [],
 "ipo": null,
 "video_embeds":
  [],
 "screenshots":
  [],
 "external_links":
  [],
 "partners":
  []}
