{"name": "4S Information Technologies",
 "permalink": "4s-information-technologies",
 "crunchbase_url": "http://www.crunchbase.com/company/4s-information-technologies",
 "homepage_url": "http://www.4s.com.tr",
 "blog_url": "",
 "blog_feed_url": "",
 "twitter_username": "4S_BT",
 "category_code": null,
 "number_of_employees": null,
 "founded_year": 1996,
 "founded_month": null,
 "founded_day": null,
 "deadpooled_year": null,
 "deadpooled_month": null,
 "deadpooled_day": null,
 "deadpooled_url": null,
 "tag_list": "",
 "alias_list": "",
 "email_address": "info@4s.com.tr",
 "phone_number": "+90 (312) 472 90 00  ",
 "description": "",
 "created_at": "Tue Feb 04 10:16:06 UTC 2014",
 "updated_at": "Tue Feb 04 10:16:47 UTC 2014",
 "overview": "",
 "image":
  {"available_sizes":
    [[[147,
       68],
      "http://api-images.crunchbase.com/assets/images/resized/0040/7567/407567v1-max-150x150.png"],
     [[147,
       68],
      "http://api-images.crunchbase.com/assets/images/resized/0040/7567/407567v1-max-250x250.png"],
     [[147,
       68],
      "http://api-images.crunchbase.com/assets/images/resized/0040/7567/407567v1-max-450x450.png"]],
   "attribution": null},
 "products":
  [],
 "relationships":
  [{"is_past": false,
    "title": "Senior Support Specialist",
    "person":
     {"first_name": "M Fatih",
      "last_name": "Yuksektepe",
      "permalink": "m-fatih-yuksektepe"}}],
 "competitions":
  [],
 "providerships":
  [],
 "total_money_raised": "$0",
 "funding_rounds":
  [],
 "investments":
  [],
 "acquisition": null,
 "acquisitions":
  [],
 "offices":
  [{"description": "",
    "address1": "1314. Cadde No:40",
    "address2": "\u00d6ve\u00e7ler",
    "zip_code": "06460",
    "city": "Ankara",
    "state_code": null,
    "country_code": "TUR",
    "latitude": null,
    "longitude": null}],
 "milestones":
  [],
 "ipo": null,
 "video_embeds":
  [],
 "screenshots":
  [{"available_sizes":
     [[[150,
        95],
       "http://api-images.crunchbase.com/assets/images/resized/0040/7566/407566v1-max-150x150.png"],
      [[250,
        159],
       "http://api-images.crunchbase.com/assets/images/resized/0040/7566/407566v1-max-250x250.png"],
      [[450,
        287],
       "http://api-images.crunchbase.com/assets/images/resized/0040/7566/407566v1-max-450x450.png"]],
    "attribution": null}],
 "external_links":
  [],
 "partners":
  []}
