{"name": "51edj",
 "permalink": "51edj",
 "crunchbase_url": "http://www.crunchbase.com/company/51edj",
 "homepage_url": "http://www.51edj.com",
 "blog_url": "",
 "blog_feed_url": "",
 "twitter_username": null,
 "category_code": "ecommerce",
 "number_of_employees": null,
 "founded_year": null,
 "founded_month": null,
 "founded_day": null,
 "deadpooled_year": null,
 "deadpooled_month": null,
 "deadpooled_day": null,
 "deadpooled_url": null,
 "tag_list": "ecommerce",
 "alias_list": "",
 "email_address": "",
 "phone_number": "",
 "description": "",
 "created_at": "Mon Jan 27 05:06:56 UTC 2014",
 "updated_at": "Mon Mar 17 06:54:31 UTC 2014",
 "overview": "\u003Cp\u003EWith the explosion of creative ideas , the designated driving service proposed by Beijing Yixin Yixing Automobile Technology Development Service Co., Ltd. can not only reform the usage of designated driving service but also reduce cost and time at utmost. \u003C/p\u003E\n\n\u003Cp\u003EThis company focuses on searching the valuable free time of people or assets, namely Time Fragment Service, in order to integrate fragmentary time with more humanization and form an economic and practical e-designated driving operation system.\u003C/p\u003E",
 "image":
  {"available_sizes":
    [[[150,
       21],
      "http://api-images.crunchbase.com/assets/images/resized/0040/8629/408629v1-max-150x150.png"],
     [[250,
       35],
      "http://api-images.crunchbase.com/assets/images/resized/0040/8629/408629v1-max-250x250.png"],
     [[320,
       45],
      "http://api-images.crunchbase.com/assets/images/resized/0040/8629/408629v1-max-450x450.png"]],
   "attribution": null},
 "products":
  [],
 "relationships":
  [{"is_past": false,
    "title": "Founder and CEO",
    "person":
     {"first_name": "Bin",
      "last_name": "Huang",
      "permalink": "bin-huang"}}],
 "competitions":
  [],
 "providerships":
  [],
 "total_money_raised": "$1.16M",
 "funding_rounds":
  [{"id": 62563,
    "round_code": "unattributed",
    "source_url": "",
    "source_description": "",
    "raised_amount": 1000000.0,
    "raised_currency_code": "USD",
    "funded_year": 2012,
    "funded_month": 12,
    "funded_day": null,
    "investments":
     [{"company":
        {"name": "Matrix Partners China",
         "permalink": "matrix-partners-china"},
       "financial_org": null,
       "person": null}]},
   {"id": 62564,
    "round_code": "unattributed",
    "source_url": "",
    "source_description": "",
    "raised_amount": 162364.0,
    "raised_currency_code": "USD",
    "funded_year": 2012,
    "funded_month": 3,
    "funded_day": null,
    "investments":
     [{"company":
        {"name": "Matrix Partners China",
         "permalink": "matrix-partners-china"},
       "financial_org": null,
       "person": null}]}],
 "investments":
  [],
 "acquisition": null,
 "acquisitions":
  [],
 "offices":
  [{"description": "",
    "address1": "",
    "address2": "",
    "zip_code": "",
    "city": "Beijing",
    "state_code": null,
    "country_code": "CHN",
    "latitude": null,
    "longitude": null}],
 "milestones":
  [],
 "ipo": null,
 "video_embeds":
  [],
 "screenshots":
  [{"available_sizes":
     [[[150,
        114],
       "http://api-images.crunchbase.com/assets/images/resized/0041/4077/414077v1-max-150x150.png"],
      [[250,
        190],
       "http://api-images.crunchbase.com/assets/images/resized/0041/4077/414077v1-max-250x250.png"],
      [[450,
        342],
       "http://api-images.crunchbase.com/assets/images/resized/0041/4077/414077v1-max-450x450.png"]],
    "attribution": null}],
 "external_links":
  [],
 "partners":
  [{"partner_name": "ct_quan",
    "homepage_url": "unknown",
    "link_1_url": null,
    "link_2_url": null,
    "link_3_url": null,
    "link_1_name": null,
    "link_2_name": null,
    "link_3_name": null}]}
