{"name": "6noran Interactive",
 "permalink": "6noran-interactive",
 "crunchbase_url": "http://www.crunchbase.com/company/6noran-interactive",
 "homepage_url": "http://www.6noran.com",
 "blog_url": "http://www.6noran.com/blog.php",
 "blog_feed_url": "",
 "twitter_username": "6noran",
 "category_code": "software",
 "number_of_employees": 9,
 "founded_year": 2004,
 "founded_month": null,
 "founded_day": null,
 "deadpooled_year": null,
 "deadpooled_month": null,
 "deadpooled_day": null,
 "deadpooled_url": null,
 "tag_list": "",
 "alias_list": "",
 "email_address": "info@6noran.com",
 "phone_number": "+90 312 362 4175",
 "description": "",
 "created_at": "Tue Mar 04 07:56:49 UTC 2014",
 "updated_at": "Tue Mar 04 08:03:54 UTC 2014",
 "overview": "\u003Cp\u003E6noran Interactive is a web service provider involved in search engine optimization (SEO), web design, web and mobile interface design, graphic design, logo design, touchscreen kiosk interface design, project management, content management system (CMS), application development, and software development.\u003C/p\u003E\n\n\u003Cp\u003E6noran Interactive\u2019s clients include Etv, BMC, Avraysa Turk, Yorukler, Gulec, Sarteks and more.\u003C/p\u003E",
 "image":
  {"available_sizes":
    [[[142,
       150],
      "http://api-images.crunchbase.com/assets/images/resized/0042/6483/426483v1-max-150x150.jpg"],
     [[238,
       250],
      "http://api-images.crunchbase.com/assets/images/resized/0042/6483/426483v1-max-250x250.jpg"],
     [[428,
       450],
      "http://api-images.crunchbase.com/assets/images/resized/0042/6483/426483v1-max-450x450.jpg"]],
   "attribution": null},
 "products":
  [],
 "relationships":
  [],
 "competitions":
  [],
 "providerships":
  [],
 "total_money_raised": "$0",
 "funding_rounds":
  [],
 "investments":
  [],
 "acquisition": null,
 "acquisitions":
  [],
 "offices":
  [{"description": "",
    "address1": "Fak\u00fclteler Mah. Yazgan Sok",
    "address2": "Ayg\u00fcn Apt.:14/1 Cebeci",
    "zip_code": "",
    "city": "Ankara",
    "state_code": null,
    "country_code": "TUR",
    "latitude": null,
    "longitude": null}],
 "milestones":
  [],
 "ipo": null,
 "video_embeds":
  [],
 "screenshots":
  [{"available_sizes":
     [[[150,
        90],
       "http://api-images.crunchbase.com/assets/images/resized/0042/6482/426482v1-max-150x150.png"],
      [[250,
        151],
       "http://api-images.crunchbase.com/assets/images/resized/0042/6482/426482v1-max-250x250.png"],
      [[450,
        272],
       "http://api-images.crunchbase.com/assets/images/resized/0042/6482/426482v1-max-450x450.png"]],
    "attribution": null}],
 "external_links":
  [{"external_url": "https://www.facebook.com/6noran.interactive",
    "title": "Facebook"}],
 "partners":
  [{"partner_name": "webrazzi",
    "homepage_url": "unknown",
    "link_1_url": "http://vt.webrazzi.com/sirket/6noran-interactive",
    "link_2_url": null,
    "link_3_url": null,
    "link_1_name": "webrazzi Page",
    "link_2_name": null,
    "link_3_name": null}]}
