{"name": "7fgame",
 "permalink": "7fgame",
 "crunchbase_url": "http://www.crunchbase.com/company/7fgame",
 "homepage_url": "http://www.7fgame.com",
 "blog_url": "",
 "blog_feed_url": "",
 "twitter_username": null,
 "category_code": "games_video",
 "number_of_employees": null,
 "founded_year": 2006,
 "founded_month": null,
 "founded_day": null,
 "deadpooled_year": null,
 "deadpooled_month": null,
 "deadpooled_day": null,
 "deadpooled_url": null,
 "tag_list": "games-video",
 "alias_list": "",
 "email_address": "",
 "phone_number": "",
 "description": "",
 "created_at": "Thu Feb 13 17:08:43 UTC 2014",
 "updated_at": "Sat Feb 22 05:22:34 UTC 2014",
 "overview": "\u003Cp\u003EQi Fan Games, founded in Shanghai in 2006, is a service provider of online games platform which integrates research and development, operation and service. \u003C/p\u003E\n\n\u003Cp\u003EQi Fan Games takes self-dependent innovation as the motivation, designs for user experience and devotes to building the original online game platform. The company has more than five hundred employees, attentively persisting in building a popular, sustainable and healthy online game enterprise. \u003C/p\u003E\n\n\u003Cp\u003EAs the leading developer and operator of China\u0026#8217;s leisure games platform, it has launched products such as 7F Game Platform, 11 PK Platform, Powers Fighting for the Throne and Conquest of the Three Kingdoms, all of which are widely accepted and favoured by the players.\u003C/p\u003E",
 "image":
  {"available_sizes":
    [[[150,
       50],
      "http://api-images.crunchbase.com/assets/images/resized/0041/4565/414565v1-max-150x150.png"],
     [[173,
       58],
      "http://api-images.crunchbase.com/assets/images/resized/0041/4565/414565v1-max-250x250.png"],
     [[173,
       58],
      "http://api-images.crunchbase.com/assets/images/resized/0041/4565/414565v1-max-450x450.png"]],
   "attribution": null},
 "products":
  [],
 "relationships":
  [{"is_past": false,
    "title": "Founder and CEO",
    "person":
     {"first_name": "Xin",
      "last_name": "Xu",
      "permalink": "xin-xu"}}],
 "competitions":
  [],
 "providerships":
  [],
 "total_money_raised": "$0",
 "funding_rounds":
  [{"id": 64709,
    "round_code": "a",
    "source_url": "",
    "source_description": "",
    "raised_amount": null,
    "raised_currency_code": "USD",
    "funded_year": 2009,
    "funded_month": 12,
    "funded_day": null,
    "investments":
     [{"company": null,
       "financial_org":
        {"name": "Sequoia Capital",
         "permalink": "sequoia-capital"},
       "person": null}]}],
 "investments":
  [],
 "acquisition": null,
 "acquisitions":
  [],
 "offices":
  [{"description": "",
    "address1": "",
    "address2": "",
    "zip_code": "",
    "city": "Shanghai",
    "state_code": null,
    "country_code": "CHN",
    "latitude": null,
    "longitude": null}],
 "milestones":
  [],
 "ipo": null,
 "video_embeds":
  [],
 "screenshots":
  [{"available_sizes":
     [[[150,
        114],
       "http://api-images.crunchbase.com/assets/images/resized/0041/4566/414566v1-max-150x150.png"],
      [[250,
        190],
       "http://api-images.crunchbase.com/assets/images/resized/0041/4566/414566v1-max-250x250.png"],
      [[450,
        342],
       "http://api-images.crunchbase.com/assets/images/resized/0041/4566/414566v1-max-450x450.png"]],
    "attribution": null}],
 "external_links":
  [],
 "partners":
  [{"partner_name": "ct_quan",
    "homepage_url": "unknown",
    "link_1_url": null,
    "link_2_url": null,
    "link_3_url": null,
    "link_1_name": null,
    "link_2_name": null,
    "link_3_name": null}]}
