{"name": "8020select",
 "permalink": "8020select",
 "crunchbase_url": "http://www.crunchbase.com/company/8020select",
 "homepage_url": "http://8020select.com",
 "blog_url": "",
 "blog_feed_url": "",
 "twitter_username": "8020select",
 "category_code": null,
 "number_of_employees": null,
 "founded_year": null,
 "founded_month": null,
 "founded_day": null,
 "deadpooled_year": null,
 "deadpooled_month": null,
 "deadpooled_day": null,
 "deadpooled_url": null,
 "tag_list": "",
 "alias_list": "",
 "email_address": "nathan@8020select.com",
 "phone_number": "845.664.3959",
 "description": "",
 "created_at": "Fri Feb 28 10:06:52 UTC 2014",
 "updated_at": "Thu Apr 03 06:28:46 UTC 2014",
 "overview": "\u003Cp\u003E8020select.com is a private online design community providing small businesses with affordable graphic design services. They are disrupting the $7 billion graphic design industry by making quality graphic design services accessible to everyone.\u003C/p\u003E\n\n\u003Cp\u003ESmall businesses that are looking for graphic design services on a budget have limited options. They can painstakingly search for freelancers (that vary greatly in price and skill level) or they can use existing crowdsourcing platforms that provide low-quality work, zero guidance, and ultimately harm the design community.\u003C/p\u003E\n\n\u003Cp\u003E8020select.com is a graphic design platform specifically tailored to small businesses. They have built proprietary tools to make the time-tested design processes scalable for the web. On top of this, they are growing an engaging invite-only community of designers to provide their clients with high-quality work enabling the design process to be accomplished at a fraction of the cost, and in a fraction of the time, of a traditional agency.\u003C/p\u003E",
 "image":
  {"available_sizes":
    [[[150,
       28],
      "http://api-images.crunchbase.com/assets/images/resized/0042/4454/424454v1-max-150x150.png"],
     [[250,
       47],
      "http://api-images.crunchbase.com/assets/images/resized/0042/4454/424454v1-max-250x250.png"],
     [[450,
       85],
      "http://api-images.crunchbase.com/assets/images/resized/0042/4454/424454v1-max-450x450.png"]],
   "attribution": null},
 "products":
  [],
 "relationships":
  [{"is_past": false,
    "title": "Founder \u0026 CEO",
    "person":
     {"first_name": "Nathan",
      "last_name": "Speller",
      "permalink": "nathan-speller"}}],
 "competitions":
  [],
 "providerships":
  [],
 "total_money_raised": "$0",
 "funding_rounds":
  [{"id": 67029,
    "round_code": "seed",
    "source_url": "http://tech.co/six-pittsburgh-startups-alphalab-2011-10",
    "source_description": "AlphaLab Launches 6 More Startups in Pittsburgh",
    "raised_amount": null,
    "raised_currency_code": "USD",
    "funded_year": 2011,
    "funded_month": 10,
    "funded_day": 26,
    "investments":
     [{"company": null,
       "financial_org":
        {"name": "AlphaLab",
         "permalink": "alphalab"},
       "person": null}]}],
 "investments":
  [],
 "acquisition": null,
 "acquisitions":
  [],
 "offices":
  [{"description": "",
    "address1": "",
    "address2": "",
    "zip_code": "",
    "city": "Pittsburgh",
    "state_code": "PA",
    "country_code": "USA",
    "latitude": null,
    "longitude": null}],
 "milestones":
  [],
 "ipo": null,
 "video_embeds":
  [],
 "screenshots":
  [],
 "external_links":
  [],
 "partners":
  []}
