{"name": "8218 West Third",
 "permalink": "8218-west-third",
 "crunchbase_url": "http://www.crunchbase.com/company/8218-west-third",
 "homepage_url": null,
 "blog_url": "",
 "blog_feed_url": "",
 "twitter_username": null,
 "category_code": null,
 "number_of_employees": null,
 "founded_year": null,
 "founded_month": null,
 "founded_day": null,
 "deadpooled_year": null,
 "deadpooled_month": null,
 "deadpooled_day": null,
 "deadpooled_url": null,
 "tag_list": "",
 "alias_list": "",
 "email_address": "",
 "phone_number": "",
 "description": "",
 "created_at": "Tue Feb 11 06:37:58 UTC 2014",
 "updated_at": "Tue Feb 11 06:37:57 UTC 2014",
 "overview": "",
 "image": null,
 "products":
  [],
 "relationships":
  [{"is_past": false,
    "title": "Managing Member",
    "person":
     {"first_name": "Lonnie",
      "last_name": "Moore",
      "permalink": "lonnie-moore"}}],
 "competitions":
  [],
 "providerships":
  [],
 "total_money_raised": "$400k",
 "funding_rounds":
  [{"id": 64225,
    "round_code": "partial",
    "source_url": "http://www.sec.gov/Archives/edgar/data/1446412/000144641208000001/xslFormDX01/primary_doc.xml",
    "source_description": "SEC",
    "raised_amount": 400000.0,
    "raised_currency_code": "USD",
    "funded_year": 2006,
    "funded_month": 2,
    "funded_day": 20,
    "investments":
     []}],
 "investments":
  [],
 "acquisition": null,
 "acquisitions":
  [],
 "offices":
  [{"description": "",
    "address1": "",
    "address2": "8218 W. 3RD STREET",
    "zip_code": "90048",
    "city": "LOS ANGELES",
    "state_code": "CA",
    "country_code": "USA",
    "latitude": null,
    "longitude": null}],
 "milestones":
  [],
 "ipo": null,
 "video_embeds":
  [],
 "screenshots":
  [],
 "external_links":
  [],
 "partners":
  []}
