{"name": "88 Bitcoin Dice",
 "permalink": "88-bitcoin-dice",
 "crunchbase_url": "http://www.crunchbase.com/company/88-bitcoin-dice",
 "homepage_url": "http://www.88bitcoindice.com",
 "blog_url": "",
 "blog_feed_url": "",
 "twitter_username": null,
 "category_code": "games_video",
 "number_of_employees": 50,
 "founded_year": 2013,
 "founded_month": 12,
 "founded_day": null,
 "deadpooled_year": null,
 "deadpooled_month": null,
 "deadpooled_day": null,
 "deadpooled_url": null,
 "tag_list": "bitcoin-dice, dice-casino-game, bitcoin-casino, bitcoin-dice-review",
 "alias_list": null,
 "email_address": "dimitri.rutherford@gmail.com",
 "phone_number": "",
 "description": "Enjoy playing 88 Bitcoin Dice",
 "created_at": "Mon Feb 10 05:43:08 UTC 2014",
 "updated_at": "Thu Apr 03 09:46:47 UTC 2014",
 "overview": "\u003Cp\u003EEnjoy playing Bitcoin Dice, the most popular Bitcoin powered casino game, and marvel at the easy game mechanics that will give you quick ways to win big payouts.\u003C/p\u003E\n\n\u003Cp\u003EWhen you play \u003Ca href=\"https://88bitcoindice.com/bitcoin-dice/bitcoin-dice-games/\" title=\"bitcoin dice game\" rel=\"nofollow\"\u003Ebitcoin dice game\u003C/a\u003E, you are guaranteed to have instant Bitcoin Dice transactions, be it deposit or withdrawal. Simply send payments to the wallet address provided and your winnings will be sent back to your Bitcoin wallet. 88 Bitcoin Dice players will no doubt love the fact that they can also withdraw money quickly. Thanks to the seamless nature of Bitcoin. Just make a withdrawal request and have it instantly credited to your Bitcoin wallet!\u003C/p\u003E\n\n\u003Cp\u003EProvably fair at 88 Bitcoin Dice is one feature that many players watch out for. Bitcoin Dice players can be confident that there will be no cheating in any possible way. \u003C/p\u003E",
 "image":
  {"available_sizes":
    [[[150,
       129],
      "http://api-images.crunchbase.com/assets/images/resized/0041/1214/411214v2-max-150x150.jpg"],
     [[250,
       215],
      "http://api-images.crunchbase.com/assets/images/resized/0041/1214/411214v2-max-250x250.jpg"],
     [[322,
       278],
      "http://api-images.crunchbase.com/assets/images/resized/0041/1214/411214v2-max-450x450.jpg"]],
   "attribution": null},
 "products":
  [],
 "relationships":
  [],
 "competitions":
  [],
 "providerships":
  [],
 "total_money_raised": "$0",
 "funding_rounds":
  [],
 "investments":
  [],
 "acquisition": null,
 "acquisitions":
  [],
 "offices":
  [{"description": "Bitcoin Dice",
    "address1": "New York",
    "address2": "",
    "zip_code": "10021",
    "city": "New York",
    "state_code": "NY",
    "country_code": "USA",
    "latitude": null,
    "longitude": null}],
 "milestones":
  [],
 "ipo": null,
 "video_embeds":
  [],
 "screenshots":
  [{"available_sizes":
     [[[150,
        37],
       "http://api-images.crunchbase.com/assets/images/resized/0041/1213/411213v2-max-150x150.jpg"],
      [[250,
        63],
       "http://api-images.crunchbase.com/assets/images/resized/0041/1213/411213v2-max-250x250.jpg"],
      [[450,
        113],
       "http://api-images.crunchbase.com/assets/images/resized/0041/1213/411213v2-max-450x450.jpg"]],
    "attribution": null}],
 "external_links":
  [{"external_url": "https://88bitcoindice.com/bitcoin-dice/bitcoin-dice-rules/",
    "title": "Bitcoin Dice Rule"},
   {"external_url": "https://88bitcoindice.com/bitcoin-dice/bitcoin-dice-review/",
    "title": "Bitcoin Dice Review"}],
 "partners":
  []}
