{"name": "88 Bitcoin Roulette",
 "permalink": "88-bitcoin-roulette",
 "crunchbase_url": "http://www.crunchbase.com/company/88-bitcoin-roulette",
 "homepage_url": "http://www.88bitcoinroulette.com",
 "blog_url": "",
 "blog_feed_url": "",
 "twitter_username": null,
 "category_code": null,
 "number_of_employees": 50,
 "founded_year": 2013,
 "founded_month": 12,
 "founded_day": null,
 "deadpooled_year": null,
 "deadpooled_month": null,
 "deadpooled_day": null,
 "deadpooled_url": null,
 "tag_list": "bitcoin-roulette, bitcoin, roulette",
 "alias_list": null,
 "email_address": "andrew.swift.dolan@gmail.com",
 "phone_number": "8004357042",
 "description": "88 Bitcoin Roulette",
 "created_at": "Thu Feb 06 06:27:21 UTC 2014",
 "updated_at": "Thu Apr 03 09:46:40 UTC 2014",
 "overview": "\u003Cp\u003E88 Bitcoin Roulette offers players a fun and thrilling gambling experience that is hard to match. With its exciting gameplay made even more attractive by the excellent features brought about by the use of Bitcoin. 88 \u003Ca href=\"https://88bitcoinroulette.com\" title=\"Bitcoin Roulette\" rel=\"nofollow\"\u003EBitcoin Roulette\u003C/a\u003E promotes provably fair gambling, you are assured to have a reliable and honest bitcoin roulette experience.\u003C/p\u003E\n\n\u003Cp\u003E88 Bitcoin Roulette offers players a fun and thrilling gambling experience that is hard to match. With its exciting gameplay made even more attractive by the excellent features brought about by the use of Bitcoin. 88BitcoinRoulette promotes provably fair gambling, you are assured to have a reliable and honest bitcoin roulette experience.\u003C/p\u003E\n\n\u003Cp\u003EPlaying 88 Bitcoin Roulette sure is a fun and exciting way to play bitcoin casino games online. Infused with captivating features, 88BitcoinRoulette will definitely fulfill any gaming appetite. Play 88 Bitcoin Roulette now and prepare yourself for the big thing.\u003C/p\u003E",
 "image":
  {"available_sizes":
    [[[150,
       139],
      "http://api-images.crunchbase.com/assets/images/resized/0040/9202/409202v2-max-150x150.png"],
     [[250,
       232],
      "http://api-images.crunchbase.com/assets/images/resized/0040/9202/409202v2-max-250x250.png"],
     [[444,
       413],
      "http://api-images.crunchbase.com/assets/images/resized/0040/9202/409202v2-max-450x450.png"]],
   "attribution": null},
 "products":
  [],
 "relationships":
  [],
 "competitions":
  [],
 "providerships":
  [],
 "total_money_raised": "$0",
 "funding_rounds":
  [],
 "investments":
  [],
 "acquisition": null,
 "acquisitions":
  [],
 "offices":
  [],
 "milestones":
  [],
 "ipo": null,
 "video_embeds":
  [],
 "screenshots":
  [{"available_sizes":
     [[[150,
        61],
       "http://api-images.crunchbase.com/assets/images/resized/0040/9201/409201v2-max-150x150.jpg"],
      [[250,
        103],
       "http://api-images.crunchbase.com/assets/images/resized/0040/9201/409201v2-max-250x250.jpg"],
      [[450,
        185],
       "http://api-images.crunchbase.com/assets/images/resized/0040/9201/409201v2-max-450x450.jpg"]],
    "attribution": null}],
 "external_links":
  [{"external_url": "https://88bitcoinroulette.com/bitcoin-roulette/anonymous-roulette/",
    "title": "Anonymous Roulette"},
   {"external_url": "https://88bitcoinroulette.com/bitcoin-roulette/free-bitcoin-roulette/",
    "title": "Free Bitcoin Roulette"},
   {"external_url": "https://88bitcoinroulette.com/bitcoin-roulette/instant-bitcoin-roulette/",
    "title": "Instant Bitcoin Roulette"}],
 "partners":
  []}
