{"name": "8868",
 "permalink": "8868",
 "crunchbase_url": "http://www.crunchbase.com/company/8868",
 "homepage_url": "http://www.8868.cn",
 "blog_url": "",
 "blog_feed_url": "",
 "twitter_username": null,
 "category_code": "games_video",
 "number_of_employees": null,
 "founded_year": 2012,
 "founded_month": null,
 "founded_day": null,
 "deadpooled_year": null,
 "deadpooled_month": null,
 "deadpooled_day": null,
 "deadpooled_url": null,
 "tag_list": "ecommerce",
 "alias_list": "",
 "email_address": "",
 "phone_number": "",
 "description": "",
 "created_at": "Mon Jan 27 04:55:30 UTC 2014",
 "updated_at": "Mon Mar 17 21:07:39 UTC 2014",
 "overview": "\u003Cp\u003E8868 Transaction Platform is an e-commerce platform specially designed to provide transaction services for cell phone games, including the comprehensive businesses such as online game account transaction, game currency transaction and consignment guarantee. \u003C/p\u003E\n\n\u003Cp\u003E8868 Transaction Platform meets player\u0026#8217;s need of offline transaction, guarantees that cheaters stay away from players, and combats account thieves\u2019 disposal of stolen accounts. On 8868, each transaction of players individually corresponds with its own game data, and therefore the proofs of all transactions truly exist rather than being merely screenshot or chatting records. \u003C/p\u003E\n\n\u003Cp\u003EIn addition, the whole process of transaction is monitored by the system, which completely ensures its safety.\u003C/p\u003E",
 "image":
  {"available_sizes":
    [[[150,
       75],
      "http://api-images.crunchbase.com/assets/images/resized/0040/8643/408643v1-max-150x150.png"],
     [[180,
       90],
      "http://api-images.crunchbase.com/assets/images/resized/0040/8643/408643v1-max-250x250.png"],
     [[180,
       90],
      "http://api-images.crunchbase.com/assets/images/resized/0040/8643/408643v1-max-450x450.png"]],
   "attribution": null},
 "products":
  [],
 "relationships":
  [{"is_past": false,
    "title": "Founder and CEO",
    "person":
     {"first_name": "Shang",
      "last_name": "Ji",
      "permalink": "shang-ji"}}],
 "competitions":
  [],
 "providerships":
  [],
 "total_money_raised": "$0",
 "funding_rounds":
  [{"id": 62553,
    "round_code": "a",
    "source_url": "",
    "source_description": "",
    "raised_amount": null,
    "raised_currency_code": "USD",
    "funded_year": 2013,
    "funded_month": 12,
    "funded_day": null,
    "investments":
     [{"company":
        {"name": "Matrix Partners China",
         "permalink": "matrix-partners-china"},
       "financial_org": null,
       "person": null}]}],
 "investments":
  [],
 "acquisition": null,
 "acquisitions":
  [],
 "offices":
  [{"description": "",
    "address1": "",
    "address2": "",
    "zip_code": "",
    "city": "",
    "state_code": null,
    "country_code": "CHN",
    "latitude": null,
    "longitude": null}],
 "milestones":
  [],
 "ipo": null,
 "video_embeds":
  [],
 "screenshots":
  [{"available_sizes":
     [[[150,
        111],
       "http://api-images.crunchbase.com/assets/images/resized/0041/4065/414065v1-max-150x150.png"],
      [[250,
        186],
       "http://api-images.crunchbase.com/assets/images/resized/0041/4065/414065v1-max-250x250.png"],
      [[450,
        335],
       "http://api-images.crunchbase.com/assets/images/resized/0041/4065/414065v1-max-450x450.png"]],
    "attribution": null}],
 "external_links":
  [],
 "partners":
  [{"partner_name": "ct_quan",
    "homepage_url": "unknown",
    "link_1_url": null,
    "link_2_url": null,
    "link_3_url": null,
    "link_1_name": null,
    "link_2_name": null,
    "link_3_name": null}]}
