{"name": "A-1 Sewer \u0026 Drain Plumbing \u0026 Heating",
 "permalink": "a-1-sewer-drain-plumbing-heating",
 "crunchbase_url": "http://www.crunchbase.com/company/a-1-sewer-drain-plumbing-heating",
 "homepage_url": "http://a1plumbers.com",
 "blog_url": "",
 "blog_feed_url": "",
 "twitter_username": "a1plumbers",
 "category_code": "local",
 "number_of_employees": null,
 "founded_year": null,
 "founded_month": null,
 "founded_day": null,
 "deadpooled_year": null,
 "deadpooled_month": null,
 "deadpooled_day": null,
 "deadpooled_url": null,
 "tag_list": "leak-detection, tankless-water-heaters, high-pressure-water-jetting, gas, water-heater-replacement, plumbing-repairs, sewer-and-drain-cleaning",
 "alias_list": null,
 "email_address": "customerservice@a1plumbers.com",
 "phone_number": "(757) 467-0000",
 "description": "Plumbing",
 "created_at": "Mon Feb 03 20:27:32 UTC 2014",
 "updated_at": "Thu Feb 06 23:26:03 UTC 2014",
 "overview": "\u003Cp\u003EA-1 Sewer \u0026amp; Drain Plumbing \u0026amp; is a full-service plumbing company in Virginia Beach, Norfolk, Chesapeake and Newport News. We are a class A contract with an A+ rating with the BBB.\u003C/p\u003E",
 "image": null,
 "products":
  [],
 "relationships":
  [],
 "competitions":
  [],
 "providerships":
  [],
 "total_money_raised": "$0",
 "funding_rounds":
  [],
 "investments":
  [],
 "acquisition": null,
 "acquisitions":
  [],
 "offices":
  [],
 "milestones":
  [],
 "ipo": null,
 "video_embeds":
  [],
 "screenshots":
  [],
 "external_links":
  [],
 "partners":
  []}
