{"name": "A \u0026 A GenPro",
 "permalink": "a-a-genpro",
 "crunchbase_url": "http://www.crunchbase.com/company/a-a-genpro",
 "homepage_url": "http://www.aagenproo.com",
 "blog_url": "http://www.aagenpro.com/blog/",
 "blog_feed_url": "",
 "twitter_username": "aagenpro",
 "category_code": "local",
 "number_of_employees": null,
 "founded_year": 2010,
 "founded_month": null,
 "founded_day": null,
 "deadpooled_year": null,
 "deadpooled_month": null,
 "deadpooled_day": null,
 "deadpooled_url": null,
 "tag_list": "electric-generators, residential-generators, commercial-generators, generator-dealers, generator-repairs, backup-generator, generator-installation",
 "alias_list": "",
 "email_address": "sales@aagenpro.com",
 "phone_number": "713-830-3280",
 "description": "Houston Generator Installation",
 "created_at": "Wed Feb 05 18:55:13 UTC 2014",
 "updated_at": "Tue Apr 15 23:55:46 UTC 2014",
 "overview": "\u003Cp\u003EA \u0026amp; A GenPro, Inc are Houston based generator dealers \u0026amp; certified Cummins Onan, Kohler, \u0026amp; Generac sellers, installers, repair, and service technicians. Providing 24 hour emergency generator repairs, installations, and service for backup power needs.\u003C/p\u003E\n\n\u003Cp\u003EA \u0026amp; A GenPro sells and services residential, commercial, and industrial generators for backup power \u0026amp; electricity needs in the greater Houston, Texas area.\u003C/p\u003E",
 "image":
  {"available_sizes":
    [[[104,
       43],
      "http://api-images.crunchbase.com/assets/images/resized/0043/8680/438680v1-max-150x150.png"],
     [[104,
       43],
      "http://api-images.crunchbase.com/assets/images/resized/0043/8680/438680v1-max-250x250.png"],
     [[104,
       43],
      "http://api-images.crunchbase.com/assets/images/resized/0043/8680/438680v1-max-450x450.png"]],
   "attribution": null},
 "products":
  [],
 "relationships":
  [],
 "competitions":
  [],
 "providerships":
  [],
 "total_money_raised": "$0",
 "funding_rounds":
  [],
 "investments":
  [],
 "acquisition": null,
 "acquisitions":
  [],
 "offices":
  [{"description": "",
    "address1": "",
    "address2": "4303 Dacoma Street",
    "zip_code": "77092",
    "city": "Houston",
    "state_code": "TX",
    "country_code": "USA",
    "latitude": null,
    "longitude": null}],
 "milestones":
  [],
 "ipo": null,
 "video_embeds":
  [{"embed_code": "\u003Ciframe width=\"430\" height=\"315\" src=\"//www.youtube.com/embed/wGjCLHaI2UI\" frameborder=\"0\" allowfullscreen\u003E\u003C/iframe\u003E",
    "description": ""}],
 "screenshots":
  [{"available_sizes":
     [[[150,
        110],
       "http://api-images.crunchbase.com/assets/images/resized/0043/8681/438681v1-max-150x150.png"],
      [[250,
        184],
       "http://api-images.crunchbase.com/assets/images/resized/0043/8681/438681v1-max-250x250.png"],
      [[450,
        331],
       "http://api-images.crunchbase.com/assets/images/resized/0043/8681/438681v1-max-450x450.png"]],
    "attribution": null}],
 "external_links":
  [],
 "partners":
  []}
