{"name": "A Better Interview",
 "permalink": "a-better-interview",
 "crunchbase_url": "http://www.crunchbase.com/company/a-better-interview",
 "homepage_url": "http://www.abetterinterview.com",
 "blog_url": "http://www.abetterinterview.com/articles",
 "blog_feed_url": "http://www.abetterinterview.com/feed",
 "twitter_username": "betterinterview",
 "category_code": "consulting",
 "number_of_employees": null,
 "founded_year": 2011,
 "founded_month": null,
 "founded_day": null,
 "deadpooled_year": null,
 "deadpooled_month": null,
 "deadpooled_day": null,
 "deadpooled_url": null,
 "tag_list": "job-search, resume, interview, mock-interview, career, find-job, job, new-job, resume-help",
 "alias_list": null,
 "email_address": "marc@abetterinterview.com",
 "phone_number": "",
 "description": "Resume, Mock Interview, Job Search",
 "created_at": "Thu Feb 27 15:17:09 UTC 2014",
 "updated_at": "Thu Feb 27 19:47:24 UTC 2014",
 "overview": "\u003Cp\u003EA Better Interview, LLC was founded in 2012 by Marc DeBoer who believes that everyone deserves the chance to interview for their dream job. He has discovered a gap in the services provided by the major job searching websites and interview help sites and from that, A Better Interview was born.\u003C/p\u003E\n\n\u003Cp\u003EThere is no reason why you should not have your dream job; it simply takes a better interview to get there.\u003C/p\u003E\n\n\u003Cp\u003EA Better Interview, LLC rises above our competitors that just sell you a DVD or a couple of self-help documents that leave you to figure out how to interview on your own. Marc has interviewed thousands of job seekers and helped them achieve their dreams.\u003C/p\u003E\n\n\u003Cp\u003EHere at A Better Interview LLC, you have the opportunity to speak live to a trained HR professional about your interview skills and get help preparing for the hardest interview questions you might encounter. All interviewing information is covered from job searching, social media, the actual interview, salary negotiation, all the way to background checks.\u003C/p\u003E",
 "image":
  {"available_sizes":
    [[[150,
       64],
      "http://api-images.crunchbase.com/assets/images/resized/0042/3789/423789v2-max-150x150.png"],
     [[175,
       75],
      "http://api-images.crunchbase.com/assets/images/resized/0042/3789/423789v2-max-250x250.png"],
     [[175,
       75],
      "http://api-images.crunchbase.com/assets/images/resized/0042/3789/423789v2-max-450x450.png"]],
   "attribution": null},
 "products":
  [],
 "relationships":
  [],
 "competitions":
  [],
 "providerships":
  [],
 "total_money_raised": "$0",
 "funding_rounds":
  [],
 "investments":
  [],
 "acquisition": null,
 "acquisitions":
  [],
 "offices":
  [],
 "milestones":
  [],
 "ipo": null,
 "video_embeds":
  [],
 "screenshots":
  [],
 "external_links":
  [],
 "partners":
  []}
