{"name": "A.C.R Contracting \u0026 Handyman Services",
 "permalink": "a-c-r-contracting-handyman-services",
 "crunchbase_url": "http://www.crunchbase.com/company/a-c-r-contracting-handyman-services",
 "homepage_url": "http://acrconstructioninc.com",
 "blog_url": "",
 "blog_feed_url": "",
 "twitter_username": null,
 "category_code": "local",
 "number_of_employees": null,
 "founded_year": null,
 "founded_month": null,
 "founded_day": null,
 "deadpooled_year": null,
 "deadpooled_month": null,
 "deadpooled_day": null,
 "deadpooled_url": null,
 "tag_list": "bathroom-remodeling, kitchen-remodeling, home-remodeling, tile-install, tile-repair, shower-install, shower-remodel",
 "alias_list": null,
 "email_address": "acrconstructioninc@gmail.com",
 "phone_number": "7145291997",
 "description": "Contracting \u0026 Handyman Services",
 "created_at": "Mon Mar 03 20:13:05 UTC 2014",
 "updated_at": "Mon Mar 03 21:26:08 UTC 2014",
 "overview": "\u003Cp\u003EOperating out of Orange County, California we are focused in Brea and have actually been family owned and run for over 20 years. Our customers understand, that when it involves client contentment, we deliver! Shoot us a telephone call today for a cost-free price check!\u003C/p\u003E",
 "image": null,
 "products":
  [],
 "relationships":
  [],
 "competitions":
  [],
 "providerships":
  [],
 "total_money_raised": "$0",
 "funding_rounds":
  [],
 "investments":
  [],
 "acquisition": null,
 "acquisitions":
  [],
 "offices":
  [{"description": "A.C.R Contracting",
    "address1": "968 Orangewood Dr",
    "address2": "",
    "zip_code": "92821",
    "city": "Brea",
    "state_code": "CA",
    "country_code": "USA",
    "latitude": null,
    "longitude": null}],
 "milestones":
  [],
 "ipo": null,
 "video_embeds":
  [],
 "screenshots":
  [],
 "external_links":
  [{"external_url": "http://acrconstructioninc.com",
    "title": "http://acrconstructioninc.com"}],
 "partners":
  []}
