{"name": "A.D.R. Associates",
 "permalink": "a-d-r-associates",
 "crunchbase_url": "http://www.crunchbase.com/company/a-d-r-associates",
 "homepage_url": null,
 "blog_url": null,
 "blog_feed_url": null,
 "twitter_username": null,
 "category_code": null,
 "number_of_employees": null,
 "founded_year": null,
 "founded_month": null,
 "founded_day": null,
 "deadpooled_year": null,
 "deadpooled_month": null,
 "deadpooled_day": null,
 "deadpooled_url": null,
 "tag_list": null,
 "alias_list": null,
 "email_address": null,
 "phone_number": null,
 "description": null,
 "created_at": "Tue Feb 18 14:41:32 UTC 2014",
 "updated_at": "Tue Feb 18 14:41:32 UTC 2014",
 "overview": null,
 "image": null,
 "products":
  [],
 "relationships":
  [{"is_past": true,
    "title": "Vice President \u0026 General Manager",
    "person":
     {"first_name": "Robert",
      "last_name": "Charles DeGour",
      "permalink": "robert-charles-degour"}},
   {"is_past": true,
    "title": "Merger \u0026 Acquisition Associate",
    "person":
     {"first_name": "Olaf",
      "last_name": "F. Walter",
      "permalink": "olaf-f-walter"}}],
 "competitions":
  [],
 "providerships":
  [],
 "total_money_raised": "$0",
 "funding_rounds":
  [],
 "investments":
  [],
 "acquisition": null,
 "acquisitions":
  [],
 "offices":
  [],
 "milestones":
  [],
 "ipo": null,
 "video_embeds":
  [],
 "screenshots":
  [],
 "external_links":
  [],
 "partners":
  []}
