{"name": "A\u0026E Queens Roofers",
 "permalink": "a-e-queens-roofers",
 "crunchbase_url": "http://www.crunchbase.com/company/a-e-queens-roofers",
 "homepage_url": "http://aequeensroofing.com",
 "blog_url": "",
 "blog_feed_url": "",
 "twitter_username": "yourhandle",
 "category_code": "local",
 "number_of_employees": null,
 "founded_year": null,
 "founded_month": null,
 "founded_day": null,
 "deadpooled_year": null,
 "deadpooled_month": null,
 "deadpooled_day": null,
 "deadpooled_url": null,
 "tag_list": "roofing-contractor, home-improvement, contractoing, roofer",
 "alias_list": null,
 "email_address": "elvisfernandez900@gmail.com",
 "phone_number": "646-681-3979",
 "description": "",
 "created_at": "Fri Feb 14 10:13:51 UTC 2014",
 "updated_at": "Wed Feb 19 00:22:37 UTC 2014",
 "overview": "\u003Cp\u003EWe specialize in residential and commercial roofing. We can take care of Roof replacement and repair, Leakage repairs,Re-tiling,Cement flashing,Insulation. We welcome you to give us a ring, I\u0026#8217;m sure we can help!\u003C/p\u003E\n\n\u003Cp\u003Esupport@aequeensroofing.com\n71-25 166th St\nFresh Meadows, NY 11365\u003C/p\u003E",
 "image": null,
 "products":
  [],
 "relationships":
  [],
 "competitions":
  [],
 "providerships":
  [],
 "total_money_raised": "$0",
 "funding_rounds":
  [],
 "investments":
  [],
 "acquisition": null,
 "acquisitions":
  [],
 "offices":
  [],
 "milestones":
  [],
 "ipo": null,
 "video_embeds":
  [],
 "screenshots":
  [],
 "external_links":
  [],
 "partners":
  []}
