{"name": "A.G.A. Construction, Inc",
 "permalink": "a-g-a-construction-inc",
 "crunchbase_url": "http://www.crunchbase.com/company/a-g-a-construction-inc",
 "homepage_url": "http://agaconstructioninc.com",
 "blog_url": "",
 "blog_feed_url": "",
 "twitter_username": null,
 "category_code": "local",
 "number_of_employees": 50,
 "founded_year": 1998,
 "founded_month": 3,
 "founded_day": 4,
 "deadpooled_year": null,
 "deadpooled_month": null,
 "deadpooled_day": null,
 "deadpooled_url": null,
 "tag_list": "bath-remodeling-orange-county, bathroom-remodel-beverly-hills",
 "alias_list": null,
 "email_address": "admin@agaconstructioninc.com",
 "phone_number": "818.996.7575",
 "description": "A.G.A Construction, Inc. is a licensed, ",
 "created_at": "Mon Jan 27 06:38:07 UTC 2014",
 "updated_at": "Thu Jan 30 16:43:25 UTC 2014",
 "overview": "\u003Cp\u003EA.G.A Construction, Inc. is a licensed, bonded and insured, full service construction company servicing the Los Angeles, Ventura and Orange County areas. We offer services in both residential and commercial remodeling including new construction, room additions, kitchen and bathroom remodeling. Our mission at A.G.A Construction is to provide excellent customer satisfaction and top quality work. We work hard to maintain high standards of exceptional customer service and superiority that has become expected of us over the years.\u003C/p\u003E",
 "image":
  {"available_sizes":
    [[[150,
       60],
      "http://api-images.crunchbase.com/assets/images/resized/0040/1706/401706v2-max-150x150.jpg"],
     [[200,
       81],
      "http://api-images.crunchbase.com/assets/images/resized/0040/1706/401706v2-max-250x250.jpg"],
     [[200,
       81],
      "http://api-images.crunchbase.com/assets/images/resized/0040/1706/401706v2-max-450x450.jpg"]],
   "attribution": null},
 "products":
  [],
 "relationships":
  [],
 "competitions":
  [],
 "providerships":
  [],
 "total_money_raised": "$0",
 "funding_rounds":
  [],
 "investments":
  [],
 "acquisition": null,
 "acquisitions":
  [],
 "offices":
  [],
 "milestones":
  [],
 "ipo": null,
 "video_embeds":
  [],
 "screenshots":
  [],
 "external_links":
  [],
 "partners":
  []}
