{"name": "A Safe Place For Nana",
 "permalink": "a-safe-place-for-nana",
 "crunchbase_url": "http://www.crunchbase.com/company/a-safe-place-for-nana",
 "homepage_url": "http://www.asafeplacefornana.com",
 "blog_url": "",
 "blog_feed_url": "",
 "twitter_username": "asafeplaceforna",
 "category_code": "health",
 "number_of_employees": 15,
 "founded_year": 2013,
 "founded_month": 11,
 "founded_day": 11,
 "deadpooled_year": null,
 "deadpooled_month": null,
 "deadpooled_day": null,
 "deadpooled_url": null,
 "tag_list": "senior-care-referral-service-assisted-living",
 "alias_list": null,
 "email_address": "help@asafeplacefornana.com",
 "phone_number": "7707373400",
 "description": "Senior Care Referral Service",
 "created_at": "Sat Feb 01 15:15:54 UTC 2014",
 "updated_at": "Wed Feb 05 14:56:21 UTC 2014",
 "overview": "\u003Cp\u003EA Safe Place for Nana is a Christ centered referral resource company. Our Mission is to provide information, encouragement and support for families searching for senior care services. Our team of professional care advisors helps families rest with confidence in the difficult decisions that must be made for their loved ones health care.\u003C/p\u003E",
 "image": null,
 "products":
  [],
 "relationships":
  [],
 "competitions":
  [],
 "providerships":
  [],
 "total_money_raised": "$0",
 "funding_rounds":
  [],
 "investments":
  [],
 "acquisition": null,
 "acquisitions":
  [],
 "offices":
  [{"description": "World Headquarters",
    "address1": "4817 Georgia Highway 53",
    "address2": "",
    "zip_code": "30177",
    "city": "Tate",
    "state_code": "GA",
    "country_code": "USA",
    "latitude": null,
    "longitude": null}],
 "milestones":
  [],
 "ipo": null,
 "video_embeds":
  [],
 "screenshots":
  [],
 "external_links":
  [],
 "partners":
  []}
