{"name": "A SHOWCASE FOR UNSIGNED TALENT",
 "permalink": "a-showcase-for-unsigned-talent",
 "crunchbase_url": "http://www.crunchbase.com/company/a-showcase-for-unsigned-talent",
 "homepage_url": "http://WWW.ASFUT.COM",
 "blog_url": "http://www.blog.com/footwright",
 "blog_feed_url": "",
 "twitter_username": "FOOTWRIGHT",
 "category_code": "social",
 "number_of_employees": 3,
 "founded_year": 2010,
 "founded_month": 1,
 "founded_day": 10,
 "deadpooled_year": null,
 "deadpooled_month": null,
 "deadpooled_day": null,
 "deadpooled_url": null,
 "tag_list": "atlanta, newnew, india, uk, ca-",
 "alias_list": null,
 "email_address": "footzillamedia@yahoo.com",
 "phone_number": "770-664-3930",
 "description": "TALENT HUB",
 "created_at": "Sat Feb 15 07:32:53 UTC 2014",
 "updated_at": "Wed Feb 19 00:55:01 UTC 2014",
 "overview": "\u003Cp\u003EWe\u0026#8217;re building a global ent. network family friendly. A one-stop shop to browse singers dancers actors rappers comedians musicians poets models and athletes. We have a database of 15 million and growing by shooting videos of local acts and upload them to youtube twitter fb and others freebies. We are members of 850 fb groups and over 1000 groups and sites globally. \u003C/p\u003E",
 "image": null,
 "products":
  [],
 "relationships":
  [],
 "competitions":
  [],
 "providerships":
  [],
 "total_money_raised": "$0",
 "funding_rounds":
  [],
 "investments":
  [],
 "acquisition": null,
 "acquisitions":
  [],
 "offices":
  [{"description": "",
    "address1": "",
    "address2": "",
    "zip_code": "",
    "city": "",
    "state_code": null,
    "country_code": "USA",
    "latitude": null,
    "longitude": null}],
 "milestones":
  [],
 "ipo": null,
 "video_embeds":
  [],
 "screenshots":
  [],
 "external_links":
  [],
 "partners":
  []}
