{"name": "A Turning Point",
 "permalink": "a-turning-point",
 "crunchbase_url": "http://www.crunchbase.com/company/a-turning-point",
 "homepage_url": "http://www.aturningpoint.org",
 "blog_url": "",
 "blog_feed_url": "",
 "twitter_username": null,
 "category_code": "health",
 "number_of_employees": null,
 "founded_year": 1992,
 "founded_month": null,
 "founded_day": null,
 "deadpooled_year": null,
 "deadpooled_month": null,
 "deadpooled_day": null,
 "deadpooled_url": null,
 "tag_list": "counseling, online-counseling, marriage-counseling, substance-abuse-counseling, outpatient-drug-rehab, hypnotherapy",
 "alias_list": null,
 "email_address": "ron.deage@aturningpoint.org",
 "phone_number": "(210) 764-3700",
 "description": "Marriage and family counseling",
 "created_at": "Mon Feb 17 00:28:53 UTC 2014",
 "updated_at": "Wed Feb 19 17:43:54 UTC 2014",
 "overview": "\u003Cp\u003EA Turning Point offers marriage counseling, family counseling, hypnotherapy for trauma resolution, and outpatient drug/alcohol recovery rehab for adults in the San Antonio, TX area.\u003C/p\u003E\n\n\u003Cp\u003EWhether you feel as though you are lost or like you have nowhere you can turn, A Turning Point can help. You may have been trying to cope with the difficult situations in your life alone for some time now. However you don\u0026#8217;t have to go on this journey alone. The counselors at A Turning Point will help you explore the concerns in your life so that you can take actions to make them more manageable. Maybe you\u0026#8217;re trying to stop using alcohol or another drug. Maybe you are trying to regain trust and intimacy in your marriage. Or maybe you\u0026#8217;re trying to manage your own stress and depressed feelings. Whatever your current issue is, A Turning Point can help. A Turning Point specializes in providing small group outpatient rehab in San Antonio for drug abuse or alcoholism. These programs are comprehensive and individualized according to your need. A Turning Points consider the needs of the family as integral to the process. Drug or alcohol rehab treatment is most successful when all family members are involved in the process. An outpatient program of treatment gives people a chance to continue to work and live their lives while doing something intensive to address her alcoholism or addiction.\u003C/p\u003E",
 "image":
  {"available_sizes":
    [[[150,
       144],
      "http://api-images.crunchbase.com/assets/images/resized/0041/6003/416003v2-max-150x150.jpg"],
     [[189,
       182],
      "http://api-images.crunchbase.com/assets/images/resized/0041/6003/416003v2-max-250x250.jpg"],
     [[189,
       182],
      "http://api-images.crunchbase.com/assets/images/resized/0041/6003/416003v2-max-450x450.jpg"]],
   "attribution": null},
 "products":
  [],
 "relationships":
  [{"is_past": false,
    "title": "Owner/Clinical Director",
    "person":
     {"first_name": "Ron",
      "last_name": "Deage",
      "permalink": "ron-deage"}}],
 "competitions":
  [],
 "providerships":
  [],
 "total_money_raised": "$0",
 "funding_rounds":
  [],
 "investments":
  [],
 "acquisition": null,
 "acquisitions":
  [],
 "offices":
  [{"description": "San Antonio Location",
    "address1": "3201 Cherry Ridge",
    "address2": "Ste. B206-1",
    "zip_code": "78230",
    "city": "San Antonio",
    "state_code": "TX",
    "country_code": "USA",
    "latitude": null,
    "longitude": null},
   {"description": "Boerne Location",
    "address1": "37131 Interstate 10 W.",
    "address2": "#101",
    "zip_code": "78006",
    "city": "Boerne",
    "state_code": "TX",
    "country_code": "USA",
    "latitude": null,
    "longitude": null}],
 "milestones":
  [],
 "ipo": null,
 "video_embeds":
  [],
 "screenshots":
  [],
 "external_links":
  [],
 "partners":
  []}
