{"name": "Aaron Mani",
 "permalink": "aaron-mani",
 "crunchbase_url": "http://www.crunchbase.com/company/aaron-mani",
 "homepage_url": null,
 "blog_url": "",
 "blog_feed_url": "",
 "twitter_username": null,
 "category_code": "real_estate",
 "number_of_employees": null,
 "founded_year": null,
 "founded_month": null,
 "founded_day": null,
 "deadpooled_year": null,
 "deadpooled_month": null,
 "deadpooled_day": null,
 "deadpooled_url": null,
 "tag_list": "",
 "alias_list": null,
 "email_address": "",
 "phone_number": "",
 "description": "Global Asset Management",
 "created_at": "Tue Feb 18 09:30:49 UTC 2014",
 "updated_at": "Wed Feb 19 18:22:33 UTC 2014",
 "overview": "",
 "image": null,
 "products":
  [],
 "relationships":
  [{"is_past": false,
    "title": "Partner",
    "person":
     {"first_name": "Bharat",
      "last_name": "Lad",
      "permalink": "bharat-lad"}},
   {"is_past": false,
    "title": "",
    "person":
     {"first_name": "Dev",
      "last_name": "Patel",
      "permalink": "dev-patel"}},
   {"is_past": false,
    "title": "Consultant",
    "person":
     {"first_name": "Scott",
      "last_name": "Haverley",
      "permalink": "scott-haverley"}},
   {"is_past": false,
    "title": "Partner",
    "person":
     {"first_name": "Mani",
      "last_name": "Lad",
      "permalink": "mani-lad"}},
   {"is_past": false,
    "title": "Partner",
    "person":
     {"first_name": "Aaron",
      "last_name": "Patel",
      "permalink": "aaron-patel"}},
   {"is_past": false,
    "title": "Associate",
    "person":
     {"first_name": "James",
      "last_name": "Roman",
      "permalink": "james-roman"}}],
 "competitions":
  [],
 "providerships":
  [],
 "total_money_raised": "$0",
 "funding_rounds":
  [],
 "investments":
  [],
 "acquisition": null,
 "acquisitions":
  [],
 "offices":
  [],
 "milestones":
  [],
 "ipo": null,
 "video_embeds":
  [],
 "screenshots":
  [],
 "external_links":
  [],
 "partners":
  []}
