{"name": "Aarogya Sadan",
 "permalink": "aarogya-sadan",
 "crunchbase_url": "http://www.crunchbase.com/company/aarogya-sadan",
 "homepage_url": "http://www.aarogyasadan.com",
 "blog_url": "",
 "blog_feed_url": "",
 "twitter_username": "Aarogya_Sadan",
 "category_code": null,
 "number_of_employees": null,
 "founded_year": null,
 "founded_month": null,
 "founded_day": null,
 "deadpooled_year": null,
 "deadpooled_month": null,
 "deadpooled_day": null,
 "deadpooled_url": null,
 "tag_list": "",
 "alias_list": null,
 "email_address": "info@aarogyasadan.com",
 "phone_number": "9888338575",
 "description": "",
 "created_at": "Tue Mar 04 12:47:55 UTC 2014",
 "updated_at": "Tue Mar 04 18:21:37 UTC 2014",
 "overview": "",
 "image":
  {"available_sizes":
    [[[150,
       87],
      "http://api-images.crunchbase.com/assets/images/resized/0042/6813/426813v2-max-150x150.jpg"],
     [[203,
       119],
      "http://api-images.crunchbase.com/assets/images/resized/0042/6813/426813v2-max-250x250.jpg"],
     [[203,
       119],
      "http://api-images.crunchbase.com/assets/images/resized/0042/6813/426813v2-max-450x450.jpg"]],
   "attribution": null},
 "products":
  [],
 "relationships":
  [],
 "competitions":
  [],
 "providerships":
  [],
 "total_money_raised": "$0",
 "funding_rounds":
  [],
 "investments":
  [],
 "acquisition": null,
 "acquisitions":
  [],
 "offices":
  [],
 "milestones":
  [],
 "ipo": null,
 "video_embeds":
  [],
 "screenshots":
  [],
 "external_links":
  [],
 "partners":
  []}
