{"name": "Aasaanjobs.com",
 "permalink": "aasaanjobs-com",
 "crunchbase_url": "http://www.crunchbase.com/company/aasaanjobs-com",
 "homepage_url": "http://www.aasaanjobs.com",
 "blog_url": "http://blog.aasaanjobs.com/",
 "blog_feed_url": "http://blog.aasaanjobs.com/feed/",
 "twitter_username": "aasaanjobs",
 "category_code": "consulting",
 "number_of_employees": 10,
 "founded_year": 2013,
 "founded_month": 11,
 "founded_day": 1,
 "deadpooled_year": null,
 "deadpooled_month": null,
 "deadpooled_day": null,
 "deadpooled_url": null,
 "tag_list": "recruitment, drivers, maids, receptionists, data-entry-operators, dtp-operators, sales-executive, marketing-executive, back-office-administrators",
 "alias_list": null,
 "email_address": "dinesh.a.goel@gmail.com",
 "phone_number": "022-69995888",
 "description": "",
 "created_at": "Tue Feb 25 04:54:02 UTC 2014",
 "updated_at": "Mon Mar 31 03:54:56 UTC 2014",
 "overview": "\u003Cp\u003EAasaanjobs is a recruitment company for entry level jobs in India. It aims to create a digital identity for millions who play such a crucial role in the ever expanding service industry of the country.\u003C/p\u003E\n\n\u003Cp\u003EIt envisages to provide a better connected platform for the unorganized job sector in the country which are largely two: freelancing and blue-collared (drivers, maids, cooks, tutors, back-office staff, etc). Aasaanjob\u0026#8217;s vision is to counter the huge mismatch between employee skillset and industry expectation helping people get better prepared for the industry while solving hiring problems of start-ups and SMEs.\u003C/p\u003E",
 "image":
  {"available_sizes":
    [[[150,
       146],
      "http://api-images.crunchbase.com/assets/images/resized/0042/5045/425045v2-max-150x150.png"],
     [[250,
       244],
      "http://api-images.crunchbase.com/assets/images/resized/0042/5045/425045v2-max-250x250.png"],
     [[256,
       250],
      "http://api-images.crunchbase.com/assets/images/resized/0042/5045/425045v2-max-450x450.png"]],
   "attribution": null},
 "products":
  [],
 "relationships":
  [{"is_past": false,
    "title": "Executive Officer",
    "person":
     {"first_name": "Dinesh",
      "last_name": "Goel",
      "permalink": "dinesh-goel"}},
   {"is_past": false,
    "title": "Marketing \u0026 Sales",
    "person":
     {"first_name": "Ayush",
      "last_name": "Garg",
      "permalink": "ayush-garg"}},
   {"is_past": false,
    "title": "Operations Officer",
    "person":
     {"first_name": "Aditya",
      "last_name": "Gupta",
      "permalink": "aaditya-gupta"}},
   {"is_past": false,
    "title": "Technology Officer",
    "person":
     {"first_name": "Sakshi",
      "last_name": "Jain",
      "permalink": "sakshi-jain-3"}}],
 "competitions":
  [],
 "providerships":
  [],
 "total_money_raised": "$0",
 "funding_rounds":
  [],
 "investments":
  [],
 "acquisition": null,
 "acquisitions":
  [],
 "offices":
  [{"description": "Aasaanjobs",
    "address1": "105, Powai Plaza, Hiranandani Gardens Powai",
    "address2": "Hiranandani",
    "zip_code": "400076",
    "city": "Mumbai",
    "state_code": null,
    "country_code": "IND",
    "latitude": null,
    "longitude": null}],
 "milestones":
  [],
 "ipo": null,
 "video_embeds":
  [],
 "screenshots":
  [],
 "external_links":
  [],
 "partners":
  []}
