{"name": "AB Microfinance Bank Nigeria",
 "permalink": "ab-microfinance-bank-nigeria",
 "crunchbase_url": "http://www.crunchbase.com/company/ab-microfinance-bank-nigeria",
 "homepage_url": "http://ab-mfbnigeria.com",
 "blog_url": "",
 "blog_feed_url": "",
 "twitter_username": null,
 "category_code": "finance",
 "number_of_employees": null,
 "founded_year": null,
 "founded_month": null,
 "founded_day": null,
 "deadpooled_year": null,
 "deadpooled_month": null,
 "deadpooled_day": null,
 "deadpooled_url": null,
 "tag_list": "",
 "alias_list": "",
 "email_address": "info@ab-mfbnigeria.com",
 "phone_number": "+234-01-4482155",
 "description": "",
 "created_at": "Wed Feb 19 13:55:56 UTC 2014",
 "updated_at": "Wed Feb 19 13:55:55 UTC 2014",
 "overview": "\u003Cp\u003EAB Microfinance Bank Nigeria is a foreign-owned financial institution, based in Lagos state, which offers a broad range of financial services to micro, small and medium-sized enterprises (MSMEs) and other clients in the lower income strata.\u003C/p\u003E",
 "image":
  {"available_sizes":
    [[[150,
       29],
      "http://api-images.crunchbase.com/assets/images/resized/0041/8289/418289v1-max-150x150.png"],
     [[250,
       49],
      "http://api-images.crunchbase.com/assets/images/resized/0041/8289/418289v1-max-250x250.png"],
     [[315,
       62],
      "http://api-images.crunchbase.com/assets/images/resized/0041/8289/418289v1-max-450x450.png"]],
   "attribution": null},
 "products":
  [],
 "relationships":
  [],
 "competitions":
  [],
 "providerships":
  [],
 "total_money_raised": "$4.9M",
 "funding_rounds":
  [{"id": 65375,
    "round_code": "debt_round",
    "source_url": "http://www.ventures-africa.com/2014/02/nigerias-ab-microfinance-bank-gets-5m-loan-for-sme-funding/?utm_campaign=economic-development-policies\u0026utm_medium=twitter\u0026utm_source=twitter",
    "source_description": "Nigeria\u2019s AB Microfinance Bank Gets $5m Loan For SME Funding",
    "raised_amount": 4900000.0,
    "raised_currency_code": "USD",
    "funded_year": 2014,
    "funded_month": 2,
    "funded_day": 19,
    "investments":
     [{"company": null,
       "financial_org":
        {"name": "International Finance Corporation",
         "permalink": "international-finance-corporation"},
       "person": null}]}],
 "investments":
  [],
 "acquisition": null,
 "acquisitions":
  [],
 "offices":
  [{"description": "",
    "address1": "11, Oba Akran Avenue",
    "address2": "Ikeja",
    "zip_code": "",
    "city": "Lagos",
    "state_code": null,
    "country_code": "NGA",
    "latitude": null,
    "longitude": null}],
 "milestones":
  [],
 "ipo": null,
 "video_embeds":
  [],
 "screenshots":
  [{"available_sizes":
     [[[150,
        108],
       "http://api-images.crunchbase.com/assets/images/resized/0041/8288/418288v1-max-150x150.png"],
      [[250,
        180],
       "http://api-images.crunchbase.com/assets/images/resized/0041/8288/418288v1-max-250x250.png"],
      [[450,
        324],
       "http://api-images.crunchbase.com/assets/images/resized/0041/8288/418288v1-max-450x450.png"]],
    "attribution": null}],
 "external_links":
  [],
 "partners":
  []}
