{"name": "AB Tasty",
 "permalink": "ab-tasty",
 "crunchbase_url": "http://www.crunchbase.com/company/ab-tasty",
 "homepage_url": "http://en.abtasty.com",
 "blog_url": "http://blog.abtasty.com/en/",
 "blog_feed_url": "",
 "twitter_username": "ABTasty",
 "category_code": "analytics",
 "number_of_employees": 14,
 "founded_year": 2011,
 "founded_month": null,
 "founded_day": null,
 "deadpooled_year": null,
 "deadpooled_month": null,
 "deadpooled_day": null,
 "deadpooled_url": null,
 "tag_list": "split-testing, ab-testing, conversion, testing, analytics, optimization, ab-tests",
 "alias_list": null,
 "email_address": "welcome@abtasty.com",
 "phone_number": "+33 (0)9 53 13 75 35",
 "description": "AB Tasty",
 "created_at": "Fri Jan 24 11:16:57 UTC 2014",
 "updated_at": "Tue Apr 08 09:46:39 UTC 2014",
 "overview": "\u003Cp\u003EAB Tasty is an easy to use SAAS application that enables e-marketers to optimize their website and conversion rate without technical knowledges by running A/B tests and personalising their customer experience.\u003C/p\u003E\n\n\u003Cp\u003EThanks to a WYSIWYG editor, they can easily create several versions of their pages and test them in real-life to identify which one has the biggest impact on their business goals (user engagement metrics, average order value, conversion rate\u0026#8230;).\u003C/p\u003E\n\n\u003Cp\u003EOur solution helps to meet the need for a high degree of autonomy and agility in an increasingly technical and dynamic sector, where decisions must be backed up by data. It also helps in achieving profitability objectives: traffic generation is not enough, conversion is what really matters.\u003C/p\u003E\n\n\u003Cp\u003EAB Tasty is intended for e-commerce, services and media websites. Created 3 years ago by Liwio, a French web analytics consulting agency, AB Tasty has already convinced many companies such as Photobox, Bouygues Telecom, Axa, Microsoft\u0026#8230;\u003C/p\u003E",
 "image":
  {"available_sizes":
    [[[150,
       32],
      "http://api-images.crunchbase.com/assets/images/resized/0040/0898/400898v4-max-150x150.png"],
     [[184,
       40],
      "http://api-images.crunchbase.com/assets/images/resized/0040/0898/400898v4-max-250x250.png"],
     [[184,
       40],
      "http://api-images.crunchbase.com/assets/images/resized/0040/0898/400898v4-max-450x450.png"]],
   "attribution": null},
 "products":
  [],
 "relationships":
  [],
 "competitions":
  [{"competitor":
     {"name": "Optimizely",
      "permalink": "optimizely"}},
   {"competitor":
     {"name": "Visual Website Optimizer",
      "permalink": "visual-website-optimizer"}}],
 "providerships":
  [],
 "total_money_raised": "$0",
 "funding_rounds":
  [],
 "investments":
  [],
 "acquisition": null,
 "acquisitions":
  [],
 "offices":
  [{"description": "AB Tasty Headquarters",
    "address1": "12-16 Villa saint michel",
    "address2": "",
    "zip_code": "75018",
    "city": "Paris",
    "state_code": null,
    "country_code": "FRA",
    "latitude": null,
    "longitude": null}],
 "milestones":
  [],
 "ipo": null,
 "video_embeds":
  [{"embed_code": "\u003Ciframe width=\"430\" height=\"280\" src=\"//www.youtube.com/embed/H5tdjycEwYg\" frameborder=\"0\" allowfullscreen\u003E\u003C/iframe\u003E",
    "description": "\u003Cp\u003EYoutube\u003C/p\u003E"}],
 "screenshots":
  [{"available_sizes":
     [[[150,
        75],
       "http://api-images.crunchbase.com/assets/images/resized/0040/0896/400896v2-max-150x150.png"],
      [[250,
        126],
       "http://api-images.crunchbase.com/assets/images/resized/0040/0896/400896v2-max-250x250.png"],
      [[450,
        227],
       "http://api-images.crunchbase.com/assets/images/resized/0040/0896/400896v2-max-450x450.png"]],
    "attribution": null},
   {"available_sizes":
     [[[150,
        83],
       "http://api-images.crunchbase.com/assets/images/resized/0040/0897/400897v2-max-150x150.png"],
      [[250,
        139],
       "http://api-images.crunchbase.com/assets/images/resized/0040/0897/400897v2-max-250x250.png"],
      [[450,
        250],
       "http://api-images.crunchbase.com/assets/images/resized/0040/0897/400897v2-max-450x450.png"]],
    "attribution": null},
   {"available_sizes":
     [[[150,
        125],
       "http://api-images.crunchbase.com/assets/images/resized/0045/1283/451283v2-max-150x150.jpg"],
      [[250,
        208],
       "http://api-images.crunchbase.com/assets/images/resized/0045/1283/451283v2-max-250x250.jpg"],
      [[450,
        375],
       "http://api-images.crunchbase.com/assets/images/resized/0045/1283/451283v2-max-450x450.jpg"]],
    "attribution": null},
   {"available_sizes":
     [[[150,
        125],
       "http://api-images.crunchbase.com/assets/images/resized/0045/1291/451291v2-max-150x150.jpg"],
      [[250,
        208],
       "http://api-images.crunchbase.com/assets/images/resized/0045/1291/451291v2-max-250x250.jpg"],
      [[450,
        375],
       "http://api-images.crunchbase.com/assets/images/resized/0045/1291/451291v2-max-450x450.jpg"]],
    "attribution": null},
   {"available_sizes":
     [[[150,
        93],
       "http://api-images.crunchbase.com/assets/images/resized/0045/1295/451295v2-max-150x150.jpg"],
      [[250,
        155],
       "http://api-images.crunchbase.com/assets/images/resized/0045/1295/451295v2-max-250x250.jpg"],
      [[450,
        279],
       "http://api-images.crunchbase.com/assets/images/resized/0045/1295/451295v2-max-450x450.jpg"]],
    "attribution": null},
   {"available_sizes":
     [[[150,
        105],
       "http://api-images.crunchbase.com/assets/images/resized/0045/1297/451297v2-max-150x150.jpg"],
      [[250,
        175],
       "http://api-images.crunchbase.com/assets/images/resized/0045/1297/451297v2-max-250x250.jpg"],
      [[450,
        315],
       "http://api-images.crunchbase.com/assets/images/resized/0045/1297/451297v2-max-450x450.jpg"]],
    "attribution": null},
   {"available_sizes":
     [[[150,
        93],
       "http://api-images.crunchbase.com/assets/images/resized/0045/1298/451298v2-max-150x150.jpg"],
      [[250,
        155],
       "http://api-images.crunchbase.com/assets/images/resized/0045/1298/451298v2-max-250x250.jpg"],
      [[450,
        279],
       "http://api-images.crunchbase.com/assets/images/resized/0045/1298/451298v2-max-450x450.jpg"]],
    "attribution": null},
   {"available_sizes":
     [[[150,
        125],
       "http://api-images.crunchbase.com/assets/images/resized/0045/1299/451299v2-max-150x150.jpg"],
      [[250,
        208],
       "http://api-images.crunchbase.com/assets/images/resized/0045/1299/451299v2-max-250x250.jpg"],
      [[450,
        375],
       "http://api-images.crunchbase.com/assets/images/resized/0045/1299/451299v2-max-450x450.jpg"]],
    "attribution": null}],
 "external_links":
  [{"external_url": "http://www.rudebaguette.com/2013/08/22/founder-interview-ab-tasty-founders-alix-de-sagazan-and-remi-aubert-discuss-european-expansion-and-going-mobile/",
    "title": "Interview"},
   {"external_url": "http://www.abtasty.com",
    "title": "Our website"}],
 "partners":
  []}
