{"name": "Abbey House Media",
 "permalink": "abbey-house-media",
 "crunchbase_url": "http://www.crunchbase.com/company/abbey-house-media",
 "homepage_url": null,
 "blog_url": "",
 "blog_feed_url": "",
 "twitter_username": null,
 "category_code": null,
 "number_of_employees": null,
 "founded_year": 2006,
 "founded_month": null,
 "founded_day": null,
 "deadpooled_year": null,
 "deadpooled_month": null,
 "deadpooled_day": null,
 "deadpooled_url": null,
 "tag_list": "",
 "alias_list": "",
 "email_address": "",
 "phone_number": " \t(512) 828-6444",
 "description": "",
 "created_at": "Tue Feb 18 12:10:32 UTC 2014",
 "updated_at": "Tue Feb 18 12:10:31 UTC 2014",
 "overview": "\u003Cp\u003EAbbey House Media Inc., doing business as BooksOnBoard, Inc., operates as an online retailer of eBooks and audio books. The company offers eBooks on mysteries, romance, horror, adventures, fantasy, science fiction, non-fiction, sports, spiritual, self-help, history, and health and fitness. Abbey House Media, Inc. was founded in 2006 and is based in Austin, Texas.\u003C/p\u003E",
 "image": null,
 "products":
  [],
 "relationships":
  [{"is_past": false,
    "title": "CEO",
    "person":
     {"first_name": "Bob",
      "last_name": "LiVolsi",
      "permalink": "bob-livolsi"}}],
 "competitions":
  [],
 "providerships":
  [],
 "total_money_raised": "$600k",
 "funding_rounds":
  [{"id": 65110,
    "round_code": "partial",
    "source_url": "http://www.sec.gov/Archives/edgar/data/1469953/000146995309000001/xslFormDX01/primary_doc.xml",
    "source_description": "SEC",
    "raised_amount": 600000.0,
    "raised_currency_code": "USD",
    "funded_year": 2009,
    "funded_month": 6,
    "funded_day": 17,
    "investments":
     []}],
 "investments":
  [],
 "acquisition": null,
 "acquisitions":
  [],
 "offices":
  [{"description": "",
    "address1": "",
    "address2": "1515 S. CAPITAL OF TEXAS HWY, STE 221",
    "zip_code": "78746",
    "city": "AUSTIN",
    "state_code": "TX",
    "country_code": "USA",
    "latitude": null,
    "longitude": null}],
 "milestones":
  [],
 "ipo": null,
 "video_embeds":
  [],
 "screenshots":
  [],
 "external_links":
  [],
 "partners":
  []}
