{"name": "Ablestik Laboratories",
 "permalink": "ablestik-laboratories",
 "crunchbase_url": "http://www.crunchbase.com/company/ablestik-laboratories",
 "homepage_url": null,
 "blog_url": null,
 "blog_feed_url": null,
 "twitter_username": null,
 "category_code": null,
 "number_of_employees": null,
 "founded_year": null,
 "founded_month": null,
 "founded_day": null,
 "deadpooled_year": null,
 "deadpooled_month": null,
 "deadpooled_day": null,
 "deadpooled_url": null,
 "tag_list": null,
 "alias_list": null,
 "email_address": null,
 "phone_number": null,
 "description": null,
 "created_at": "Mon Feb 03 09:03:33 UTC 2014",
 "updated_at": "Mon Feb 03 09:03:33 UTC 2014",
 "overview": null,
 "image": null,
 "products":
  [],
 "relationships":
  [{"is_past": true,
    "title": "Global Business Development",
    "person":
     {"first_name": "Michael",
      "last_name": "Matthews",
      "permalink": "michael-matthews"}},
   {"is_past": true,
    "title": "European Operations Manager",
    "person":
     {"first_name": "Peter",
      "last_name": "Matturri",
      "permalink": "peter-matturri"}},
   {"is_past": true,
    "title": "Senior Process Engineer",
    "person":
     {"first_name": "Peter",
      "last_name": "Matturri",
      "permalink": "peter-matturri"}}],
 "competitions":
  [],
 "providerships":
  [],
 "total_money_raised": "$0",
 "funding_rounds":
  [],
 "investments":
  [],
 "acquisition": null,
 "acquisitions":
  [],
 "offices":
  [],
 "milestones":
  [],
 "ipo": null,
 "video_embeds":
  [],
 "screenshots":
  [],
 "external_links":
  [],
 "partners":
  []}
