{"name": "Absolute Home Care",
 "permalink": "absolute-home-care",
 "crunchbase_url": "http://www.crunchbase.com/company/absolute-home-care",
 "homepage_url": "http://www.absolutehomecareinc.com",
 "blog_url": "",
 "blog_feed_url": "",
 "twitter_username": null,
 "category_code": "health",
 "number_of_employees": null,
 "founded_year": 1993,
 "founded_month": null,
 "founded_day": null,
 "deadpooled_year": null,
 "deadpooled_month": null,
 "deadpooled_day": null,
 "deadpooled_url": null,
 "tag_list": "absolute-home-care, absolute-home-health-care, home-health-care-miami",
 "alias_list": null,
 "email_address": "Info@absolutehomecareinc.com",
 "phone_number": "(954) 726 6556",
 "description": "Absolute Home Care is health care agency",
 "created_at": "Thu Feb 27 09:36:01 UTC 2014",
 "updated_at": "Mon Apr 07 03:58:39 UTC 2014",
 "overview": "\u003Cp\u003EAbsolute Home Care INC is a professional home health care agency with RNs, CNAs, home health aides, and physical, occupational and speech therapists on staff. Working in the greater Miami and Fort Lauderdale areas, their goal is to deliver the highest grade services for all residents in need.\u003C/p\u003E",
 "image":
  {"available_sizes":
    [[[150,
       80],
      "http://api-images.crunchbase.com/assets/images/resized/0044/9708/449708v2-max-150x150.jpg"],
     [[221,
       118],
      "http://api-images.crunchbase.com/assets/images/resized/0044/9708/449708v2-max-250x250.jpg"],
     [[221,
       118],
      "http://api-images.crunchbase.com/assets/images/resized/0044/9708/449708v2-max-450x450.jpg"]],
   "attribution": null},
 "products":
  [],
 "relationships":
  [],
 "competitions":
  [],
 "providerships":
  [{"title": "home care miami",
    "is_past": false,
    "provider":
     {"name": "Absolute Home Care",
      "permalink": "absolute-home-care"}}],
 "total_money_raised": "$0",
 "funding_rounds":
  [],
 "investments":
  [],
 "acquisition": null,
 "acquisitions":
  [],
 "offices":
  [{"description": "Absolute Home Care",
    "address1": "\"8000 North University Drive Tamarac, Florida 33321\"",
    "address2": "",
    "zip_code": "33321",
    "city": "Tamarac",
    "state_code": "FL",
    "country_code": "USA",
    "latitude": null,
    "longitude": null}],
 "milestones":
  [],
 "ipo": null,
 "video_embeds":
  [],
 "screenshots":
  [],
 "external_links":
  [{"external_url": "http://www.absolutehomecareinc.com/",
    "title": "absolute home care"}],
 "partners":
  []}
