{"name": "Abstrakt Marketing Group",
 "permalink": "abstrakt-marketing-group",
 "crunchbase_url": "http://www.crunchbase.com/company/abstrakt-marketing-group",
 "homepage_url": null,
 "blog_url": null,
 "blog_feed_url": null,
 "twitter_username": null,
 "category_code": null,
 "number_of_employees": null,
 "founded_year": null,
 "founded_month": null,
 "founded_day": null,
 "deadpooled_year": null,
 "deadpooled_month": null,
 "deadpooled_day": null,
 "deadpooled_url": null,
 "tag_list": null,
 "alias_list": null,
 "email_address": null,
 "phone_number": null,
 "description": null,
 "created_at": "Mon Feb 03 04:50:16 UTC 2014",
 "updated_at": "Mon Feb 03 04:50:16 UTC 2014",
 "overview": null,
 "image": null,
 "products":
  [],
 "relationships":
  [{"is_past": true,
    "title": "Business Growth Manager, and a Regional Automotive Marketing Manager",
    "person":
     {"first_name": "John",
      "last_name": "Dunlap",
      "permalink": "john-dunlap"}}],
 "competitions":
  [],
 "providerships":
  [],
 "total_money_raised": "$0",
 "funding_rounds":
  [],
 "investments":
  [],
 "acquisition": null,
 "acquisitions":
  [],
 "offices":
  [],
 "milestones":
  [],
 "ipo": null,
 "video_embeds":
  [],
 "screenshots":
  [],
 "external_links":
  [],
 "partners":
  []}
