{"name": "AC Holdco",
 "permalink": "ac-holdco",
 "crunchbase_url": "http://www.crunchbase.com/company/ac-holdco",
 "homepage_url": null,
 "blog_url": "",
 "blog_feed_url": "",
 "twitter_username": null,
 "category_code": null,
 "number_of_employees": null,
 "founded_year": null,
 "founded_month": null,
 "founded_day": null,
 "deadpooled_year": null,
 "deadpooled_month": null,
 "deadpooled_day": null,
 "deadpooled_url": null,
 "tag_list": "",
 "alias_list": "",
 "email_address": "",
 "phone_number": "603-647-1400",
 "description": "",
 "created_at": "Wed Feb 05 10:27:59 UTC 2014",
 "updated_at": "Fri Mar 07 10:47:52 UTC 2014",
 "overview": "",
 "image": null,
 "products":
  [],
 "relationships":
  [{"is_past": false,
    "title": "Vice President",
    "person":
     {"first_name": "Marguerite",
      "last_name": "Elias",
      "permalink": "marguerite-elias"}}],
 "competitions":
  [],
 "providerships":
  [],
 "total_money_raised": "$253M",
 "funding_rounds":
  [{"id": 63577,
    "round_code": "debt_round",
    "source_url": "http://www.sec.gov/Archives/edgar/data/1426930/000094787109000330/xslFormDX01/primary_doc.xml",
    "source_description": "SEC",
    "raised_amount": 122794435.0,
    "raised_currency_code": "USD",
    "funded_year": 2009,
    "funded_month": 4,
    "funded_day": 15,
    "investments":
     []},
   {"id": 65545,
    "round_code": "debt_round",
    "source_url": "http://www.sec.gov/Archives/edgar/data/1426930/000094787109000551/xslFormDX01/primary_doc.xml",
    "source_description": "SEC",
    "raised_amount": 15000000.0,
    "raised_currency_code": "USD",
    "funded_year": 2009,
    "funded_month": 9,
    "funded_day": 1,
    "investments":
     []},
   {"id": 68260,
    "round_code": "debt_round",
    "source_url": "http://www.sec.gov/Archives/edgar/data/1426930/000094787109000771/xslFormDX01/primary_doc.xml",
    "source_description": "SEC",
    "raised_amount": 115000000.0,
    "raised_currency_code": "USD",
    "funded_year": 2009,
    "funded_month": 12,
    "funded_day": 8,
    "investments":
     []}],
 "investments":
  [],
 "acquisition": null,
 "acquisitions":
  [],
 "offices":
  [{"description": "",
    "address1": "1250 North Arlington Heights Road",
    "address2": "",
    "zip_code": "60143",
    "city": "Itasca",
    "state_code": "IL",
    "country_code": "USA",
    "latitude": null,
    "longitude": null}],
 "milestones":
  [],
 "ipo": null,
 "video_embeds":
  [],
 "screenshots":
  [],
 "external_links":
  [],
 "partners":
  []}
