{"name": "AcasCentreville",
 "permalink": "acascentreville",
 "crunchbase_url": "http://www.crunchbase.com/company/acascentreville",
 "homepage_url": "http://www.acascentreville.com",
 "blog_url": "",
 "blog_feed_url": "",
 "twitter_username": null,
 "category_code": "other",
 "number_of_employees": null,
 "founded_year": null,
 "founded_month": null,
 "founded_day": null,
 "deadpooled_year": null,
 "deadpooled_month": null,
 "deadpooled_day": null,
 "deadpooled_url": null,
 "tag_list": "plumbing, heating, cooling, appliance-repair, plumbing-service, refrigeration",
 "alias_list": null,
 "email_address": "info@acascentreville.com",
 "phone_number": "571-215-1177 ",
 "description": "Virginia Appliance Repair Service",
 "created_at": "Mon Mar 03 11:58:17 UTC 2014",
 "updated_at": "Mon Mar 03 21:17:30 UTC 2014",
 "overview": "\u003Cp\u003EAcasCentreville provides residential and commercial air conditioning, heating, plumbing, appliance repair and service. We are one of the best appliance repair companies in USA covering areas including, Virginia, Washington D.C and Maryland. Call us for immediate service (571)-229-5328.\u003C/p\u003E",
 "image":
  {"available_sizes":
    [[[150,
       96],
      "http://api-images.crunchbase.com/assets/images/resized/0042/5919/425919v2-max-150x150.jpg"],
     [[250,
       160],
      "http://api-images.crunchbase.com/assets/images/resized/0042/5919/425919v2-max-250x250.jpg"],
     [[261,
       168],
      "http://api-images.crunchbase.com/assets/images/resized/0042/5919/425919v2-max-450x450.jpg"]],
   "attribution": null},
 "products":
  [],
 "relationships":
  [],
 "competitions":
  [],
 "providerships":
  [],
 "total_money_raised": "$0",
 "funding_rounds":
  [],
 "investments":
  [],
 "acquisition": null,
 "acquisitions":
  [],
 "offices":
  [{"description": "A/C Appliance Service",
    "address1": "9207 Enterprise Ct, Manassas Park, VA 20111",
    "address2": "",
    "zip_code": "VA 20111",
    "city": "Manassas Park",
    "state_code": "VA",
    "country_code": "USA",
    "latitude": null,
    "longitude": null}],
 "milestones":
  [],
 "ipo": null,
 "video_embeds":
  [],
 "screenshots":
  [],
 "external_links":
  [{"external_url": "https://www.facebook.com/AcasCentreville",
    "title": "Virginia Manassas Heating and Cooling Repair Service"}],
 "partners":
  []}
