{"name": "Access Nepal Tour and Trekking",
 "permalink": "access-nepal-tour-and-trekking",
 "crunchbase_url": "http://www.crunchbase.com/company/access-nepal-tour-and-trekking",
 "homepage_url": "http://www.accessnepaltour.com",
 "blog_url": "http://www.accessnepaltour.com/blog",
 "blog_feed_url": "http://www.accessnepaltour.com/blog/feed",
 "twitter_username": "accessnepaltour",
 "category_code": "travel",
 "number_of_employees": 50,
 "founded_year": 2013,
 "founded_month": 1,
 "founded_day": null,
 "deadpooled_year": null,
 "deadpooled_month": null,
 "deadpooled_day": null,
 "deadpooled_url": null,
 "tag_list": "trekking-company-in-nepal",
 "alias_list": null,
 "email_address": "info@accessnepaltour.com",
 "phone_number": "04444152",
 "description": "Leading Adventure Travel Operator in nea",
 "created_at": "Tue Jan 28 04:42:47 UTC 2014",
 "updated_at": "Sat Feb 01 01:35:49 UTC 2014",
 "overview": "\u003Cp\u003E\u200bAccess Nepal Tour \u0026amp; Trekking is registered with and certified by the Department of Tourism, Government of Nepal (GoN). We are also recognized by Foreign Exchange Department of Nepal, Nepal Tourism Board (NTB) and the Tax Office of GoN. We are affiliated to organizations like Trekking Agency Association of Nepal (TAAN), Nepal Tour Agency (NTA), and Nepal Mountaineering Association (NMA). Thanks to our dedicated staff and the faith of our valued customers, we are a trusted trekking company in Nepal constantly looking to do better.\u003C/p\u003E",
 "image": null,
 "products":
  [],
 "relationships":
  [],
 "competitions":
  [],
 "providerships":
  [],
 "total_money_raised": "$0",
 "funding_rounds":
  [],
 "investments":
  [],
 "acquisition": null,
 "acquisitions":
  [],
 "offices":
  [],
 "milestones":
  [],
 "ipo": null,
 "video_embeds":
  [],
 "screenshots":
  [],
 "external_links":
  [],
 "partners":
  []}
