{"name": "AcheiConsulta",
 "permalink": "acheiconsulta",
 "crunchbase_url": "http://www.crunchbase.com/company/acheiconsulta",
 "homepage_url": "http://www.acheiconsulta.com.br",
 "blog_url": "http://www.acheiconsulta.com.br/blog",
 "blog_feed_url": "",
 "twitter_username": null,
 "category_code": "health",
 "number_of_employees": 3,
 "founded_year": 2013,
 "founded_month": 3,
 "founded_day": 1,
 "deadpooled_year": null,
 "deadpooled_month": null,
 "deadpooled_day": null,
 "deadpooled_url": null,
 "tag_list": "healthcare, health-2-0, health-communities, social-media, e-health",
 "alias_list": null,
 "email_address": "rhuan@acheiconsulta.com.br",
 "phone_number": "",
 "description": "",
 "created_at": "Mon Feb 03 15:52:47 UTC 2014",
 "updated_at": "Fri Feb 07 01:24:53 UTC 2014",
 "overview": "\u003Cp\u003EO Achei Consulta foi lan\u00e7ado em mar\u00e7o de 2013, na cidade de Brusque-SC. De l\u00e1 pra c\u00e1, o projeto foi selecionado para o programa de capacita\u00e7\u00e3o do Sebrae e Governo do Estado (Startup SC), e aumentou sua visibilidade com a entrada de novos s\u00f3cios com experi\u00eancia na \u00e1rea da sa\u00fade.\nA premissa da startup \u00e9 ajudar cada vez mais pacientes \u00e0 encontrarem profissionais rapidamente, de acordo com suas necessidades, e auxiliar profissionais de sa\u00fade a organizarem a sua agenda com menos desist\u00eancia e ociosidade.\u003C/p\u003E",
 "image":
  {"available_sizes":
    [[[150,
       149],
      "http://api-images.crunchbase.com/assets/images/resized/0040/6829/406829v2-max-150x150.png"],
     [[250,
       249],
      "http://api-images.crunchbase.com/assets/images/resized/0040/6829/406829v2-max-250x250.png"],
     [[450,
       449],
      "http://api-images.crunchbase.com/assets/images/resized/0040/6829/406829v2-max-450x450.png"]],
   "attribution": null},
 "products":
  [],
 "relationships":
  [{"is_past": false,
    "title": "Co-founder",
    "person":
     {"first_name": "Nicolas",
      "last_name": "Tamanini Marchewsky",
      "permalink": "nicolas-tamanini-marchewsky"}}],
 "competitions":
  [],
 "providerships":
  [],
 "total_money_raised": "$0",
 "funding_rounds":
  [],
 "investments":
  [],
 "acquisition": null,
 "acquisitions":
  [],
 "offices":
  [{"description": "",
    "address1": "Av. Otto Renaux, 384",
    "address2": "S\u00e3o Luiz",
    "zip_code": "",
    "city": "Brusque",
    "state_code": null,
    "country_code": "BRA",
    "latitude": null,
    "longitude": null}],
 "milestones":
  [],
 "ipo": null,
 "video_embeds":
  [],
 "screenshots":
  [],
 "external_links":
  [{"external_url": "http://www.acheiconsulta.com.br",
    "title": ""}],
 "partners":
  []}
