{"name": "Actimax",
 "permalink": "actimax",
 "crunchbase_url": "http://www.crunchbase.com/company/actimax",
 "homepage_url": "http://actimax.co.uk",
 "blog_url": "",
 "blog_feed_url": "",
 "twitter_username": "cloud_xl",
 "category_code": "software",
 "number_of_employees": null,
 "founded_year": null,
 "founded_month": null,
 "founded_day": null,
 "deadpooled_year": null,
 "deadpooled_month": null,
 "deadpooled_day": null,
 "deadpooled_url": null,
 "tag_list": "",
 "alias_list": "",
 "email_address": "",
 "phone_number": "020 7096 8900",
 "description": "",
 "created_at": "Wed Feb 12 13:21:00 UTC 2014",
 "updated_at": "Wed Feb 12 13:22:09 UTC 2014",
 "overview": "\u003Cp\u003ECloudXL is the culmination of 15 years of cloud, collaboration and networking experience. We have over 800 clients in financial, professional, public and housing sectors.\u003C/p\u003E",
 "image":
  {"available_sizes":
    [[[122,
       112],
      "http://api-images.crunchbase.com/assets/images/resized/0041/3468/413468v1-max-150x150.png"],
     [[122,
       112],
      "http://api-images.crunchbase.com/assets/images/resized/0041/3468/413468v1-max-250x250.png"],
     [[122,
       112],
      "http://api-images.crunchbase.com/assets/images/resized/0041/3468/413468v1-max-450x450.png"]],
   "attribution": null},
 "products":
  [],
 "relationships":
  [],
 "competitions":
  [],
 "providerships":
  [],
 "total_money_raised": "$0",
 "funding_rounds":
  [],
 "investments":
  [],
 "acquisition": null,
 "acquisitions":
  [],
 "offices":
  [{"description": "",
    "address1": "",
    "address2": "",
    "zip_code": "",
    "city": "Basildon",
    "state_code": null,
    "country_code": "GBR",
    "latitude": null,
    "longitude": null}],
 "milestones":
  [{"id": 47374,
    "description": "AIM-listed Coms hoovers up Actimax for \u00a33.4m",
    "stoned_year": 2014,
    "stoned_month": 2,
    "stoned_day": 12,
    "source_url": "http://www.channelregister.co.uk/2014/02/12/coms_buyts_actimax/",
    "source_text": "",
    "source_description": "AIM-listed Coms hoovers up Actimax for \u00a33.4m",
    "stoneable_type": "Company",
    "stoned_value": null,
    "stoned_value_type": null,
    "stoned_acquirer": null,
    "stoneable":
     {"name": "Actimax",
      "permalink": "actimax"}}],
 "ipo": null,
 "video_embeds":
  [],
 "screenshots":
  [{"available_sizes":
     [[[150,
        81],
       "http://api-images.crunchbase.com/assets/images/resized/0041/3467/413467v1-max-150x150.png"],
      [[250,
        135],
       "http://api-images.crunchbase.com/assets/images/resized/0041/3467/413467v1-max-250x250.png"],
      [[450,
        244],
       "http://api-images.crunchbase.com/assets/images/resized/0041/3467/413467v1-max-450x450.png"]],
    "attribution": null}],
 "external_links":
  [],
 "partners":
  []}
