{"name": "ActionPlanner",
 "permalink": "actionplanner",
 "crunchbase_url": "http://www.crunchbase.com/company/actionplanner",
 "homepage_url": "http://actionplanner.com",
 "blog_url": "",
 "blog_feed_url": "",
 "twitter_username": null,
 "category_code": "software",
 "number_of_employees": null,
 "founded_year": 2013,
 "founded_month": 1,
 "founded_day": 1,
 "deadpooled_year": null,
 "deadpooled_month": null,
 "deadpooled_day": null,
 "deadpooled_url": null,
 "tag_list": "execution, action, plans, strategy, implementation, align, empower, progress, feedback, milestones",
 "alias_list": null,
 "email_address": "",
 "phone_number": "",
 "description": "Execution Software",
 "created_at": "Sat Feb 15 18:04:19 UTC 2014",
 "updated_at": "Wed Feb 19 01:06:09 UTC 2014",
 "overview": "\u003Cp\u003EActionPlanner is web-based Enterprise Software for teams in search of a more efficient way to execute and follow-up Strategies, Goals, Milestones and Actions.\u003C/p\u003E\n\n\u003Cp\u003EWe provide real-time overview \u0026amp; visibility into Strategy Execution, Change Management \u0026amp; Performance Management \u2013 on all levels and across the organization. \u003C/p\u003E\n\n\u003Cp\u003EUnlike other applications we combine a Top-Down cascading of goals, milestones and actions with an automated Button-Up aggregation. We facilitate real-time consolidated reports with management information that is focused on Execution. This enables teams to ALIGN. EMPOWER. PROGRESS.\u003C/p\u003E\n\n\u003Cp\u003EWe call it Next Level Execution Software.\u003C/p\u003E",
 "image": null,
 "products":
  [],
 "relationships":
  [{"is_past": false,
    "title": "CEO \u0026 Founder",
    "person":
     {"first_name": "Victor",
      "last_name": "Veloso",
      "permalink": "victor-veloso"}}],
 "competitions":
  [],
 "providerships":
  [],
 "total_money_raised": "$500k",
 "funding_rounds":
  [{"id": 64841,
    "round_code": "angel",
    "source_url": "",
    "source_description": "",
    "raised_amount": 500000.0,
    "raised_currency_code": "USD",
    "funded_year": 2014,
    "funded_month": 1,
    "funded_day": 9,
    "investments":
     [{"company":
        {"name": "CBS Holding",
         "permalink": "cbs-holding"},
       "financial_org": null,
       "person": null}]}],
 "investments":
  [],
 "acquisition": null,
 "acquisitions":
  [],
 "offices":
  [{"description": "Copenhagen",
    "address1": "",
    "address2": "",
    "zip_code": "",
    "city": "",
    "state_code": null,
    "country_code": "DNK",
    "latitude": null,
    "longitude": null}],
 "milestones":
  [],
 "ipo": null,
 "video_embeds":
  [],
 "screenshots":
  [],
 "external_links":
  [],
 "partners":
  []}
