{"name": "ActiveReplay",
 "permalink": "activereplay",
 "crunchbase_url": "http://www.crunchbase.com/company/activereplay",
 "homepage_url": "http://www.alpinereplay.com",
 "blog_url": "",
 "blog_feed_url": "",
 "twitter_username": "ActiveReplay",
 "category_code": "sports",
 "number_of_employees": null,
 "founded_year": null,
 "founded_month": null,
 "founded_day": null,
 "deadpooled_year": null,
 "deadpooled_month": null,
 "deadpooled_day": null,
 "deadpooled_url": null,
 "tag_list": "",
 "alias_list": "",
 "email_address": "",
 "phone_number": "",
 "description": "",
 "created_at": "Tue Mar 04 06:22:16 UTC 2014",
 "updated_at": "Tue Mar 04 06:27:25 UTC 2014",
 "overview": "\u003Cp\u003EActiveReplay is on a mission to make the action sports we love measurable, shareable, and comparable. Our flagship product AlpineReplay, has become the largest social network of skiers and snowboarders in the world \u2014 measuring things like speed, distance, vertical, airtime, etc.\u003C/p\u003E\n\n\u003Cp\u003EActiveReplay has just launched a Kickstarter campaign for Trace \u2014 a device that will allow any acton sport to be measured, shared, and compared.\u003C/p\u003E",
 "image":
  {"available_sizes":
    [[[57,
       56],
      "http://api-images.crunchbase.com/assets/images/resized/0042/6372/426372v1-max-150x150.png"],
     [[57,
       56],
      "http://api-images.crunchbase.com/assets/images/resized/0042/6372/426372v1-max-250x250.png"],
     [[57,
       56],
      "http://api-images.crunchbase.com/assets/images/resized/0042/6372/426372v1-max-450x450.png"]],
   "attribution": null},
 "products":
  [],
 "relationships":
  [{"is_past": false,
    "title": "CEO",
    "person":
     {"first_name": "Anatole",
      "last_name": "Lokshin",
      "permalink": "anatole-lokshin"}}],
 "competitions":
  [],
 "providerships":
  [],
 "total_money_raised": "$2.1M",
 "funding_rounds":
  [{"id": 67501,
    "round_code": "seed",
    "source_url": "http://www.socaltech.com/activereplay_gets____m_for_action_sports_tracker/s-0053839.html",
    "source_description": "ActiveReplay Gets $2.1M For Action Sports Tracker",
    "raised_amount": 2100000.0,
    "raised_currency_code": "USD",
    "funded_year": 2014,
    "funded_month": 3,
    "funded_day": 3,
    "investments":
     [{"company": null,
       "financial_org":
        {"name": "Allegro Venture Partners",
         "permalink": "allegro-venture-partners"},
       "person": null}]}],
 "investments":
  [],
 "acquisition": null,
 "acquisitions":
  [],
 "offices":
  [{"description": "",
    "address1": "",
    "address2": "",
    "zip_code": "",
    "city": "Los Angeles",
    "state_code": "CA",
    "country_code": "USA",
    "latitude": null,
    "longitude": null}],
 "milestones":
  [],
 "ipo": null,
 "video_embeds":
  [],
 "screenshots":
  [{"available_sizes":
     [[[150,
        68],
       "http://api-images.crunchbase.com/assets/images/resized/0042/6371/426371v1-max-150x150.png"],
      [[250,
        113],
       "http://api-images.crunchbase.com/assets/images/resized/0042/6371/426371v1-max-250x250.png"],
      [[450,
        204],
       "http://api-images.crunchbase.com/assets/images/resized/0042/6371/426371v1-max-450x450.png"]],
    "attribution": null}],
 "external_links":
  [],
 "partners":
  []}
