{"name": "ACTION SPORTS",
 "permalink": "action-sports",
 "crunchbase_url": "http://www.crunchbase.com/company/action-sports",
 "homepage_url": null,
 "blog_url": "",
 "blog_feed_url": "",
 "twitter_username": null,
 "category_code": null,
 "number_of_employees": null,
 "founded_year": null,
 "founded_month": null,
 "founded_day": null,
 "deadpooled_year": null,
 "deadpooled_month": null,
 "deadpooled_day": null,
 "deadpooled_url": null,
 "tag_list": "",
 "alias_list": "",
 "email_address": "",
 "phone_number": " \t781-878-5544",
 "description": "",
 "created_at": "Mon Feb 10 11:24:44 UTC 2014",
 "updated_at": "Mon Feb 10 11:25:23 UTC 2014",
 "overview": "",
 "image": null,
 "products":
  [],
 "relationships":
  [{"is_past": false,
    "title": "President",
    "person":
     {"first_name": "Sean",
      "last_name": "M. Aruda",
      "permalink": "sean-m-aruda"}}],
 "competitions":
  [],
 "providerships":
  [],
 "total_money_raised": "$265k",
 "funding_rounds":
  [{"id": 64118,
    "round_code": "debt_round",
    "source_url": "http://www.sec.gov/Archives/edgar/data/1388916/000138891609000003/xslFormDX01/primary_doc.xml",
    "source_description": "SEC",
    "raised_amount": 265000.0,
    "raised_currency_code": "USD",
    "funded_year": 2009,
    "funded_month": 3,
    "funded_day": 11,
    "investments":
     []}],
 "investments":
  [],
 "acquisition": null,
 "acquisitions":
  [],
 "offices":
  [{"description": "",
    "address1": "",
    "address2": "800 Hingham Street",
    "zip_code": "02370",
    "city": "Rockland",
    "state_code": "MA",
    "country_code": "USA",
    "latitude": null,
    "longitude": null}],
 "milestones":
  [],
 "ipo": null,
 "video_embeds":
  [],
 "screenshots":
  [],
 "external_links":
  [],
 "partners":
  []}
