{"name": "Actionsoft",
 "permalink": "actionsoft",
 "crunchbase_url": "http://www.crunchbase.com/company/actionsoft",
 "homepage_url": "http://www.actionsoft.com.cn",
 "blog_url": "",
 "blog_feed_url": "",
 "twitter_username": null,
 "category_code": "enterprise",
 "number_of_employees": null,
 "founded_year": null,
 "founded_month": null,
 "founded_day": null,
 "deadpooled_year": null,
 "deadpooled_month": null,
 "deadpooled_day": null,
 "deadpooled_url": null,
 "tag_list": "",
 "alias_list": "",
 "email_address": "",
 "phone_number": "",
 "description": "",
 "created_at": "Wed Feb 26 17:41:06 UTC 2014",
 "updated_at": "Mon Mar 17 08:27:14 UTC 2014",
 "overview": "\u003Cp\u003EBeijing ActionSoft Science and Technology Development Co., Ltd. Is China\u0026#8217;s first BPM software and services provider, providing enterprises with independent intellectual property rights and the industry leading business process management suite product. \u003C/p\u003E\n\n\u003Cp\u003EIt is focusing on the product research and development and innovation in the field of BPM. Based on its understanding of the BPM market in China as well as its innovative technologies, pleasant services, and practical products, it provides advanced BPM solutions and basic business intermediate software for industry partners and users. \u003C/p\u003E\n\n\u003Cp\u003EMeanwhile, ActionSoft provides technique support, training, and implementation and consultation service relevant to software products for its cooperative partners and end users.\u003C/p\u003E",
 "image":
  {"available_sizes":
    [[[150,
       53],
      "http://api-images.crunchbase.com/assets/images/resized/0042/3196/423196v1-max-150x150.png"],
     [[161,
       57],
      "http://api-images.crunchbase.com/assets/images/resized/0042/3196/423196v1-max-250x250.png"],
     [[161,
       57],
      "http://api-images.crunchbase.com/assets/images/resized/0042/3196/423196v1-max-450x450.png"]],
   "attribution": null},
 "products":
  [],
 "relationships":
  [{"is_past": false,
    "title": "Founder and CEO",
    "person":
     {"first_name": "Jinzhu",
      "last_name": "Liu",
      "permalink": "jinzhu-liu"}}],
 "competitions":
  [],
 "providerships":
  [],
 "total_money_raised": "$1.62M",
 "funding_rounds":
  [{"id": 66692,
    "round_code": "a",
    "source_url": "",
    "source_description": "",
    "raised_amount": 1623640.0,
    "raised_currency_code": "USD",
    "funded_year": 2012,
    "funded_month": 12,
    "funded_day": null,
    "investments":
     [{"company": null,
       "financial_org":
        {"name": "Vertex Venture Holdings",
         "permalink": "vertex-venture-holdings"},
       "person": null}]}],
 "investments":
  [],
 "acquisition": null,
 "acquisitions":
  [],
 "offices":
  [{"description": "",
    "address1": "",
    "address2": "",
    "zip_code": "",
    "city": "Beijing",
    "state_code": null,
    "country_code": "CHN",
    "latitude": null,
    "longitude": null}],
 "milestones":
  [],
 "ipo": null,
 "video_embeds":
  [],
 "screenshots":
  [{"available_sizes":
     [[[150,
        112],
       "http://api-images.crunchbase.com/assets/images/resized/0042/3197/423197v1-max-150x150.png"],
      [[250,
        187],
       "http://api-images.crunchbase.com/assets/images/resized/0042/3197/423197v1-max-250x250.png"],
      [[450,
        337],
       "http://api-images.crunchbase.com/assets/images/resized/0042/3197/423197v1-max-450x450.png"]],
    "attribution": null}],
 "external_links":
  [],
 "partners":
  [{"partner_name": "ct_quan",
    "homepage_url": "unknown",
    "link_1_url": null,
    "link_2_url": null,
    "link_3_url": null,
    "link_1_name": null,
    "link_2_name": null,
    "link_3_name": null}]}
