{"name": "Acufenicura.com",
 "permalink": "acufenicura-com",
 "crunchbase_url": "http://www.crunchbase.com/company/acufenicura-com",
 "homepage_url": "http://www.acufenicura.com",
 "blog_url": "",
 "blog_feed_url": "",
 "twitter_username": null,
 "category_code": "health",
 "number_of_employees": 3,
 "founded_year": null,
 "founded_month": null,
 "founded_day": null,
 "deadpooled_year": null,
 "deadpooled_month": null,
 "deadpooled_day": null,
 "deadpooled_url": null,
 "tag_list": "acufene, acufeni, acufenicura-com",
 "alias_list": null,
 "email_address": "",
 "phone_number": "",
 "description": "",
 "created_at": "Fri Feb 21 11:12:34 UTC 2014",
 "updated_at": "Fri Feb 21 19:16:27 UTC 2014",
 "overview": "\u003Cp\u003EAcufenicura.com porta naturale soluzione di ronzio o squilli che causano irritazione per molti. Esso permette alle persone di evitare alta dose medicine per curare il tinnito perch\u00e9 non si tratta di una malattia. Il tinnito \u00e8 un sintomo di varie patologie della mascella, orecchie e collo.Acufenicura.com fornisce alcune precauzioni per i pazienti con il supporto di libri e di risolvere i loro quesiti online.\u003C/p\u003E",
 "image":
  {"available_sizes":
    [[[150,
       89],
      "http://api-images.crunchbase.com/assets/images/resized/0041/9695/419695v2-max-150x150.jpg"],
     [[250,
       149],
      "http://api-images.crunchbase.com/assets/images/resized/0041/9695/419695v2-max-250x250.jpg"],
     [[387,
       232],
      "http://api-images.crunchbase.com/assets/images/resized/0041/9695/419695v2-max-450x450.jpg"]],
   "attribution": null},
 "products":
  [],
 "relationships":
  [],
 "competitions":
  [],
 "providerships":
  [],
 "total_money_raised": "$0",
 "funding_rounds":
  [],
 "investments":
  [],
 "acquisition": null,
 "acquisitions":
  [],
 "offices":
  [],
 "milestones":
  [],
 "ipo": null,
 "video_embeds":
  [],
 "screenshots":
  [],
 "external_links":
  [],
 "partners":
  []}
