{"name": "Acuity Medical International",
 "permalink": "acuity-medical-international",
 "crunchbase_url": "http://www.crunchbase.com/company/acuity-medical-international",
 "homepage_url": "http://acuitymedicalinternational.com",
 "blog_url": "",
 "blog_feed_url": "",
 "twitter_username": null,
 "category_code": "medical",
 "number_of_employees": null,
 "founded_year": 1998,
 "founded_month": null,
 "founded_day": null,
 "deadpooled_year": null,
 "deadpooled_month": null,
 "deadpooled_day": null,
 "deadpooled_url": null,
 "tag_list": "",
 "alias_list": "",
 "email_address": "",
 "phone_number": "612-238-8350",
 "description": "",
 "created_at": "Fri Jan 31 13:09:50 UTC 2014",
 "updated_at": "Fri Jan 31 13:09:49 UTC 2014",
 "overview": "\u003Cp\u003EAcuity Medical International, Inc. develops therapeutic devices and protocols for age related macular degeneration to treat adults experiencing vision problems and enabling them to regain or maintain their sight. It offers home and clinical systems. Acuity Medical International, Inc. was formerly known as Acuity Medical, Inc. and changed its name in September 2010. The company was founded in 1998 and is based in Minneapolis, Minnesota.\u003C/p\u003E",
 "image":
  {"available_sizes":
    [[[139,
       143],
      "http://api-images.crunchbase.com/assets/images/resized/0040/5493/405493v1-max-150x150.png"],
     [[139,
       143],
      "http://api-images.crunchbase.com/assets/images/resized/0040/5493/405493v1-max-250x250.png"],
     [[139,
       143],
      "http://api-images.crunchbase.com/assets/images/resized/0040/5493/405493v1-max-450x450.png"]],
   "attribution": null},
 "products":
  [],
 "relationships":
  [{"is_past": false,
    "title": "CEO",
    "person":
     {"first_name": "Blair",
      "last_name": "Mowery",
      "permalink": "blair-mowery"}},
   {"is_past": false,
    "title": "CFO",
    "person":
     {"first_name": "Peter",
      "last_name": "Barsness",
      "permalink": "peter-barsness"}},
   {"is_past": false,
    "title": "Co-Founder",
    "person":
     {"first_name": "John",
      "last_name": "B. Jarding",
      "permalink": "john-b-jarding"}}],
 "competitions":
  [],
 "providerships":
  [],
 "total_money_raised": "$1.5M",
 "funding_rounds":
  [{"id": 63141,
    "round_code": "partial",
    "source_url": "http://www.sec.gov/Archives/edgar/data/1502309/000150230910000003/xslFormDX01/primary_doc.xml",
    "source_description": "SEC",
    "raised_amount": 1500321.0,
    "raised_currency_code": "USD",
    "funded_year": 2010,
    "funded_month": 9,
    "funded_day": 30,
    "investments":
     []}],
 "investments":
  [],
 "acquisition": null,
 "acquisitions":
  [],
 "offices":
  [{"description": "",
    "address1": "3565 IDS Center",
    "address2": "80 South 8th Street",
    "zip_code": "55402",
    "city": "Minneapolis",
    "state_code": "MN",
    "country_code": "USA",
    "latitude": null,
    "longitude": null}],
 "milestones":
  [],
 "ipo": null,
 "video_embeds":
  [],
 "screenshots":
  [{"available_sizes":
     [[[150,
        90],
       "http://api-images.crunchbase.com/assets/images/resized/0040/5492/405492v1-max-150x150.png"],
      [[250,
        150],
       "http://api-images.crunchbase.com/assets/images/resized/0040/5492/405492v1-max-250x250.png"],
      [[450,
        271],
       "http://api-images.crunchbase.com/assets/images/resized/0040/5492/405492v1-max-450x450.png"]],
    "attribution": null}],
 "external_links":
  [],
 "partners":
  []}
