{"name": "Acustom Apparel",
 "permalink": "acustom-apparel",
 "crunchbase_url": "http://www.crunchbase.com/company/acustom-apparel",
 "homepage_url": "http://acustom.com",
 "blog_url": "",
 "blog_feed_url": "",
 "twitter_username": "Acustom",
 "category_code": null,
 "number_of_employees": null,
 "founded_year": 2011,
 "founded_month": null,
 "founded_day": null,
 "deadpooled_year": null,
 "deadpooled_month": null,
 "deadpooled_day": null,
 "deadpooled_url": null,
 "tag_list": "",
 "alias_list": "Fitted Fashion",
 "email_address": "info@acustom.com",
 "phone_number": "+1 212-219-8620",
 "description": "",
 "created_at": "Mon Feb 17 06:25:42 UTC 2014",
 "updated_at": "Thu Feb 20 12:25:54 UTC 2014",
 "overview": "\u003Cp\u003EAcustom Apparel uses innovative digital technologies to craft custom clothing\u2014 intelligent fit for your style and your body. A quick, yet cutting-edge body scan allows Acustom to create high quality garments as unique as you. Even better, clients choose from custom cuts and a variety of washes, so we keep your ass(ets) covered in premium combinations of your choice. Acustom currently offers custom-fit denim for women and specialized suiting for men. Men\u2019s denim and women\u2019s suiting are in the making, so keep an eye out. We look smart, but you\u2019ll look\u2026 brilliant.\u003C/p\u003E",
 "image":
  {"available_sizes":
    [[[150,
       150],
      "http://api-images.crunchbase.com/assets/images/resized/0041/6195/416195v1-max-150x150.png"],
     [[250,
       250],
      "http://api-images.crunchbase.com/assets/images/resized/0041/6195/416195v1-max-250x250.png"],
     [[450,
       450],
      "http://api-images.crunchbase.com/assets/images/resized/0041/6195/416195v1-max-450x450.png"]],
   "attribution": null},
 "products":
  [],
 "relationships":
  [{"is_past": false,
    "title": "Co-Founder and CEO",
    "person":
     {"first_name": "Jamal",
      "last_name": "Motlagh",
      "permalink": "jamal-motlagh"}},
   {"is_past": false,
    "title": "Co-Founder and COO",
    "person":
     {"first_name": "Charles",
      "last_name": "Tse",
      "permalink": "charles-tse"}}],
 "competitions":
  [],
 "providerships":
  [],
 "total_money_raised": "$0",
 "funding_rounds":
  [{"id": 65502,
    "round_code": "seed",
    "source_url": "http://tech.co/betaspring-launches-11-startups-2011-09",
    "source_description": "Betaspring Launches Summer Class of 11 Startups From Rhode Island",
    "raised_amount": null,
    "raised_currency_code": "USD",
    "funded_year": 2011,
    "funded_month": 9,
    "funded_day": 12,
    "investments":
     [{"company":
        {"name": "Betaspring",
         "permalink": "betaspring"},
       "financial_org": null,
       "person": null}]}],
 "investments":
  [],
 "acquisition": null,
 "acquisitions":
  [],
 "offices":
  [{"description": "",
    "address1": "",
    "address2": "330 West Broadway",
    "zip_code": "",
    "city": "New York",
    "state_code": "NY",
    "country_code": "USA",
    "latitude": null,
    "longitude": null}],
 "milestones":
  [],
 "ipo": null,
 "video_embeds":
  [],
 "screenshots":
  [{"available_sizes":
     [[[150,
        90],
       "http://api-images.crunchbase.com/assets/images/resized/0041/6194/416194v1-max-150x150.png"],
      [[250,
        150],
       "http://api-images.crunchbase.com/assets/images/resized/0041/6194/416194v1-max-250x250.png"],
      [[450,
        270],
       "http://api-images.crunchbase.com/assets/images/resized/0041/6194/416194v1-max-450x450.png"]],
    "attribution": null}],
 "external_links":
  [{"external_url": "https://www.facebook.com/acustomapparel",
    "title": "Facebook"}],
 "partners":
  []}
