{"name": "AdAdapted",
 "permalink": "adadapted",
 "crunchbase_url": "http://www.crunchbase.com/company/adadapted",
 "homepage_url": "http://adadapted.com",
 "blog_url": "http://adadapted.com/blog/",
 "blog_feed_url": "",
 "twitter_username": null,
 "category_code": "news",
 "number_of_employees": null,
 "founded_year": 2012,
 "founded_month": null,
 "founded_day": null,
 "deadpooled_year": null,
 "deadpooled_month": null,
 "deadpooled_day": null,
 "deadpooled_url": null,
 "tag_list": "",
 "alias_list": "",
 "email_address": "info@adadapted.com",
 "phone_number": "734-780-5001",
 "description": "",
 "created_at": "Fri Jan 31 05:15:42 UTC 2014",
 "updated_at": "Sat Mar 29 10:35:37 UTC 2014",
 "overview": "\u003Cp\u003EAdAdapted, LLC provides mobile advertising services through non-disruptive integrated and native ads in mobile games and apps. The company offers native ad spots, which are served within the context of consumers\u2019 mobile apps. It serves advertisers, publishers, and users. The company was founded in 2012 and is based in Ann Arbor, Michigan.\u003C/p\u003E",
 "image":
  {"available_sizes":
    [[[150,
       49],
      "http://api-images.crunchbase.com/assets/images/resized/0040/5006/405006v1-max-150x150.png"],
     [[182,
       60],
      "http://api-images.crunchbase.com/assets/images/resized/0040/5006/405006v1-max-250x250.png"],
     [[182,
       60],
      "http://api-images.crunchbase.com/assets/images/resized/0040/5006/405006v1-max-450x450.png"]],
   "attribution": null},
 "products":
  [],
 "relationships":
  [],
 "competitions":
  [],
 "providerships":
  [],
 "total_money_raised": "$325k",
 "funding_rounds":
  [{"id": 63042,
    "round_code": "partial",
    "source_url": "http://www.sec.gov/Archives/edgar/data/1596535/000159653514000001/xslFormDX01/primary_doc.xml",
    "source_description": "SEC",
    "raised_amount": 325000.0,
    "raised_currency_code": "USD",
    "funded_year": 2014,
    "funded_month": 1,
    "funded_day": 29,
    "investments":
     []}],
 "investments":
  [],
 "acquisition": null,
 "acquisitions":
  [],
 "offices":
  [{"description": "",
    "address1": "1327 Jones Dr.",
    "address2": "",
    "zip_code": "40105",
    "city": "Ann Arbor",
    "state_code": "MI",
    "country_code": "USA",
    "latitude": null,
    "longitude": null}],
 "milestones":
  [],
 "ipo": null,
 "video_embeds":
  [],
 "screenshots":
  [{"available_sizes":
     [[[150,
        92],
       "http://api-images.crunchbase.com/assets/images/resized/0040/5005/405005v1-max-150x150.jpg"],
      [[250,
        154],
       "http://api-images.crunchbase.com/assets/images/resized/0040/5005/405005v1-max-250x250.jpg"],
      [[450,
        277],
       "http://api-images.crunchbase.com/assets/images/resized/0040/5005/405005v1-max-450x450.jpg"]],
    "attribution": null}],
 "external_links":
  [],
 "partners":
  []}
