{"name": "Adar IT",
 "permalink": "adar-it",
 "crunchbase_url": "http://www.crunchbase.com/company/adar-it",
 "homepage_url": "http://adarit.com",
 "blog_url": "http://adarit.com/blog/",
 "blog_feed_url": "",
 "twitter_username": "Adar_IT",
 "category_code": "software",
 "number_of_employees": null,
 "founded_year": 1998,
 "founded_month": null,
 "founded_day": null,
 "deadpooled_year": null,
 "deadpooled_month": null,
 "deadpooled_day": null,
 "deadpooled_url": null,
 "tag_list": "",
 "alias_list": "",
 "email_address": "info@adarIT.com",
 "phone_number": "877-860-0700",
 "description": "",
 "created_at": "Wed Feb 05 05:39:35 UTC 2014",
 "updated_at": "Thu Feb 06 04:03:49 UTC 2014",
 "overview": "\u003Cp\u003EAdar IT is a pioneer in bringing a cloud-based IT environment to small and midsize organizations. Their depth of knowledge and experience gives you a seamless, reliable, secure and cost-effective IT solution.\u003C/p\u003E",
 "image":
  {"available_sizes":
    [[[150,
       69],
      "http://api-images.crunchbase.com/assets/images/resized/0040/8113/408113v1-max-150x150.jpg"],
     [[238,
       110],
      "http://api-images.crunchbase.com/assets/images/resized/0040/8113/408113v1-max-250x250.jpg"],
     [[238,
       110],
      "http://api-images.crunchbase.com/assets/images/resized/0040/8113/408113v1-max-450x450.jpg"]],
   "attribution": null},
 "products":
  [],
 "relationships":
  [{"is_past": false,
    "title": "Co-Founder",
    "person":
     {"first_name": "Stuart",
      "last_name": "Gabel",
      "permalink": "stuart-gabel"}},
   {"is_past": false,
    "title": "President \u0026 CEO",
    "person":
     {"first_name": "Vadim",
      "last_name": "Vladimirskiy",
      "permalink": "vadim-vladimirskiy"}},
   {"is_past": false,
    "title": "CSO/COO",
    "person":
     {"first_name": "Charlie",
      "last_name": "McClary",
      "permalink": "charlie-mcclary"}},
   {"is_past": false,
    "title": "CMO",
    "person":
     {"first_name": "Joe",
      "last_name": "Abrahams",
      "permalink": "joe-abrahams"}},
   {"is_past": false,
    "title": "Co-Founder",
    "person":
     {"first_name": "Niall",
      "last_name": "Keegan",
      "permalink": "niall-keegan"}}],
 "competitions":
  [],
 "providerships":
  [],
 "total_money_raised": "$2.4M",
 "funding_rounds":
  [{"id": 63519,
    "round_code": "a",
    "source_url": "http://www.finsmes.com/2014/02/adar-it-secures-2-4m-in-series-a-funding.html",
    "source_description": "ADAR IT Secures $2.4M in Series A Funding",
    "raised_amount": 2400000.0,
    "raised_currency_code": "USD",
    "funded_year": 2014,
    "funded_month": 2,
    "funded_day": 4,
    "investments":
     [{"company": null,
       "financial_org":
        {"name": "MK Capital",
         "permalink": "mk-capital"},
       "person": null}]}],
 "investments":
  [],
 "acquisition": null,
 "acquisitions":
  [],
 "offices":
  [{"description": "",
    "address1": "7370 N. Lincoln Ave.",
    "address2": "Suite 200",
    "zip_code": "60712",
    "city": "Lincolnwood",
    "state_code": "IL",
    "country_code": "USA",
    "latitude": null,
    "longitude": null}],
 "milestones":
  [],
 "ipo": null,
 "video_embeds":
  [],
 "screenshots":
  [{"available_sizes":
     [[[150,
        103],
       "http://api-images.crunchbase.com/assets/images/resized/0040/8112/408112v1-max-150x150.jpg"],
      [[250,
        172],
       "http://api-images.crunchbase.com/assets/images/resized/0040/8112/408112v1-max-250x250.jpg"],
      [[450,
        309],
       "http://api-images.crunchbase.com/assets/images/resized/0040/8112/408112v1-max-450x450.jpg"]],
    "attribution": null}],
 "external_links":
  [],
 "partners":
  []}
