{"name": "ADDACT",
 "permalink": "addact",
 "crunchbase_url": "http://www.crunchbase.com/company/addact",
 "homepage_url": "http://www.addact.de",
 "blog_url": "",
 "blog_feed_url": "",
 "twitter_username": "addactconcerts",
 "category_code": "music",
 "number_of_employees": null,
 "founded_year": null,
 "founded_month": null,
 "founded_day": null,
 "deadpooled_year": null,
 "deadpooled_month": null,
 "deadpooled_day": null,
 "deadpooled_url": null,
 "tag_list": "",
 "alias_list": null,
 "email_address": "info@addact.de",
 "phone_number": "",
 "description": "",
 "created_at": "Sun Feb 23 10:53:11 UTC 2014",
 "updated_at": "Mon Feb 24 21:48:12 UTC 2014",
 "overview": "",
 "image":
  {"available_sizes":
    [[[150,
       112],
      "http://api-images.crunchbase.com/assets/images/resized/0042/0489/420489v2-max-150x150.jpg"],
     [[250,
       187],
      "http://api-images.crunchbase.com/assets/images/resized/0042/0489/420489v2-max-250x250.jpg"],
     [[450,
       337],
      "http://api-images.crunchbase.com/assets/images/resized/0042/0489/420489v2-max-450x450.jpg"]],
   "attribution": null},
 "products":
  [],
 "relationships":
  [],
 "competitions":
  [],
 "providerships":
  [],
 "total_money_raised": "$0",
 "funding_rounds":
  [],
 "investments":
  [],
 "acquisition": null,
 "acquisitions":
  [],
 "offices":
  [],
 "milestones":
  [],
 "ipo": null,
 "video_embeds":
  [],
 "screenshots":
  [],
 "external_links":
  [],
 "partners":
  []}
