{"name": "AddMeIn",
 "permalink": "addmein",
 "crunchbase_url": "http://www.crunchbase.com/company/addmein",
 "homepage_url": "http://www.addmeinapp.com",
 "blog_url": "",
 "blog_feed_url": "",
 "twitter_username": "addmeinapp",
 "category_code": "other",
 "number_of_employees": null,
 "founded_year": null,
 "founded_month": null,
 "founded_day": null,
 "deadpooled_year": null,
 "deadpooled_month": null,
 "deadpooled_day": null,
 "deadpooled_url": null,
 "tag_list": "mobile, photo-editing, photo-sharing",
 "alias_list": "",
 "email_address": "",
 "phone_number": "",
 "description": " easiest way to add to a fun picture",
 "created_at": "Fri Feb 28 11:22:38 UTC 2014",
 "updated_at": "Mon Mar 24 03:53:13 UTC 2014",
 "overview": "\u003Cp\u003ELike create a fun picture of you at your parents wedding for Throwback thursday or a picture with your favorite superbowl team . \nIn a boxing ring with Mike tyson , very possible. \nMadame Tussauds, never have to go there for pictures. \nAll upto your imagination.\nMission \nEverytime someone wants a funny picture , they open AddMeIn and in 2 sec their funny picture is at their fingertips to share. That\u0026#8217;s us AddMeIn !\u003C/p\u003E",
 "image":
  {"available_sizes":
    [[[150,
       45],
      "http://api-images.crunchbase.com/assets/images/resized/0042/4554/424554v1-max-150x150.jpg"],
     [[200,
       61],
      "http://api-images.crunchbase.com/assets/images/resized/0042/4554/424554v1-max-250x250.jpg"],
     [[200,
       61],
      "http://api-images.crunchbase.com/assets/images/resized/0042/4554/424554v1-max-450x450.jpg"]],
   "attribution": null},
 "products":
  [],
 "relationships":
  [{"is_past": false,
    "title": "Co-Founder",
    "person":
     {"first_name": "Shunsuke",
      "last_name": "Saito",
      "permalink": "shunsuke-saito"}},
   {"is_past": false,
    "title": "Co-Founder",
    "person":
     {"first_name": "Nino",
      "last_name": "Masaki Tokuda",
      "permalink": "nino-masaki-tokuda"}},
   {"is_past": false,
    "title": "Co-Founder",
    "person":
     {"first_name": "Stewart",
      "last_name": "Huang",
      "permalink": "stewart-huang-2"}},
   {"is_past": true,
    "title": "Co-Founder",
    "person":
     {"first_name": "Rohit",
      "last_name": "Sethi",
      "permalink": "rohit-sethi-2"}}],
 "competitions":
  [],
 "providerships":
  [],
 "total_money_raised": "$0",
 "funding_rounds":
  [],
 "investments":
  [],
 "acquisition": null,
 "acquisitions":
  [],
 "offices":
  [],
 "milestones":
  [],
 "ipo": null,
 "video_embeds":
  [{"embed_code": "\u003Ciframe width=\"420\" height=\"315\" src=\"//www.youtube.com/embed/DvdlYlfEDwU?feature=player_embedded\" frameborder=\"0\" allowfullscreen\u003E\u003C/iframe\u003E",
    "description": ""}],
 "screenshots":
  [{"available_sizes":
     [[[150,
        81],
       "http://api-images.crunchbase.com/assets/images/resized/0042/4553/424553v1-max-150x150.png"],
      [[250,
        135],
       "http://api-images.crunchbase.com/assets/images/resized/0042/4553/424553v1-max-250x250.png"],
      [[450,
        243],
       "http://api-images.crunchbase.com/assets/images/resized/0042/4553/424553v1-max-450x450.png"]],
    "attribution": null}],
 "external_links":
  [],
 "partners":
  [{"partner_name": "angel_list",
    "homepage_url": "http://www.addme-in.com",
    "link_1_url": "https://angel.co/addmein",
    "link_2_url": null,
    "link_3_url": null,
    "link_1_name": "AngelList Page",
    "link_2_name": null,
    "link_3_name": null}]}
