{"name": "Adept Ecommerce",
 "permalink": "adept-ecommerce",
 "crunchbase_url": "http://www.crunchbase.com/company/adept-ecommerce",
 "homepage_url": "http://adeptecommerce.com",
 "blog_url": "",
 "blog_feed_url": "",
 "twitter_username": null,
 "category_code": "web",
 "number_of_employees": 10,
 "founded_year": 2009,
 "founded_month": 11,
 "founded_day": 3,
 "deadpooled_year": null,
 "deadpooled_month": null,
 "deadpooled_day": null,
 "deadpooled_url": null,
 "tag_list": "responsive-web-development, wordpress, shopify, inbound-marketing, seo, sem, user-experience",
 "alias_list": null,
 "email_address": "info@adeptecommerce.com",
 "phone_number": "",
 "description": "Web Development and Inbound Marketing ",
 "created_at": "Thu Feb 20 11:36:22 UTC 2014",
 "updated_at": "Thu Feb 20 18:28:29 UTC 2014",
 "overview": "\u003Cp\u003EAdept eCommerce provides website development, SEO, Inbound Marketing \u0026amp; Content Creation services to small and mid-size companies. The Adept team stays on top of the most recent changes in Google algorithms as well they focus on user experience and lead conversion techniques for each project. \u003C/p\u003E",
 "image":
  {"available_sizes":
    [[[150,
       58],
      "http://api-images.crunchbase.com/assets/images/resized/0041/9036/419036v2-max-150x150.png"],
     [[233,
       91],
      "http://api-images.crunchbase.com/assets/images/resized/0041/9036/419036v2-max-250x250.png"],
     [[233,
       91],
      "http://api-images.crunchbase.com/assets/images/resized/0041/9036/419036v2-max-450x450.png"]],
   "attribution": null},
 "products":
  [],
 "relationships":
  [{"is_past": true,
    "title": "Digital Project Management / Account Management",
    "person":
     {"first_name": "Alex",
      "last_name": "Montoya",
      "permalink": "alex-montoya"}}],
 "competitions":
  [],
 "providerships":
  [],
 "total_money_raised": "$0",
 "funding_rounds":
  [],
 "investments":
  [],
 "acquisition": null,
 "acquisitions":
  [],
 "offices":
  [{"description": "Headquarters",
    "address1": "937 11th Street",
    "address2": "",
    "zip_code": "90266",
    "city": "Manhattan Beach",
    "state_code": "CA",
    "country_code": "USA",
    "latitude": null,
    "longitude": null}],
 "milestones":
  [],
 "ipo": null,
 "video_embeds":
  [],
 "screenshots":
  [],
 "external_links":
  [],
 "partners":
  []}
