{"name": "ADK Dijital",
 "permalink": "adk-dijital",
 "crunchbase_url": "http://www.crunchbase.com/company/adk-dijital",
 "homepage_url": "http://adkdijital.com",
 "blog_url": "http://adkdijital.com/blog/",
 "blog_feed_url": "",
 "twitter_username": "ADKDijital",
 "category_code": "software",
 "number_of_employees": 5,
 "founded_year": 2012,
 "founded_month": 4,
 "founded_day": null,
 "deadpooled_year": null,
 "deadpooled_month": null,
 "deadpooled_day": null,
 "deadpooled_url": null,
 "tag_list": "",
 "alias_list": "",
 "email_address": "bilgi@adkdijital.com",
 "phone_number": "+90 212 603 0910",
 "description": "",
 "created_at": "Wed Mar 05 05:12:42 UTC 2014",
 "updated_at": "Wed Mar 05 05:21:03 UTC 2014",
 "overview": "\u003Cp\u003EADK Dijital is a technology company providing digital marketing, custom software, social media management, and mobile application solutions and services. It offers an alternative distribution and digital sales channel for brands through its service portfolio that includes mobile application development, digital consulting and marketing, custom software services, digital media purchasing management, web site design, e-commerce, search engine optimization (SEO), and email and SMS marketing.\u003C/p\u003E\n\n\u003Cp\u003EADK Dijital was founded in April 2012 by Yusuf \u00c7etin.\u003C/p\u003E",
 "image":
  {"available_sizes":
    [[[150,
       150],
      "http://api-images.crunchbase.com/assets/images/resized/0042/7184/427184v1-max-150x150.png"],
     [[250,
       250],
      "http://api-images.crunchbase.com/assets/images/resized/0042/7184/427184v1-max-250x250.png"],
     [[250,
       250],
      "http://api-images.crunchbase.com/assets/images/resized/0042/7184/427184v1-max-450x450.png"]],
   "attribution": null},
 "products":
  [],
 "relationships":
  [],
 "competitions":
  [],
 "providerships":
  [],
 "total_money_raised": "$0",
 "funding_rounds":
  [],
 "investments":
  [],
 "acquisition": null,
 "acquisitions":
  [],
 "offices":
  [{"description": "",
    "address1": "\u0130stanbul Vizyon Park",
    "address2": "Plaza 5, No:121",
    "zip_code": "",
    "city": "\u0130stanbul",
    "state_code": null,
    "country_code": "TUR",
    "latitude": null,
    "longitude": null}],
 "milestones":
  [],
 "ipo": null,
 "video_embeds":
  [],
 "screenshots":
  [{"available_sizes":
     [[[150,
        99],
       "http://api-images.crunchbase.com/assets/images/resized/0042/7183/427183v1-max-150x150.png"],
      [[250,
        165],
       "http://api-images.crunchbase.com/assets/images/resized/0042/7183/427183v1-max-250x250.png"],
      [[450,
        298],
       "http://api-images.crunchbase.com/assets/images/resized/0042/7183/427183v1-max-450x450.png"]],
    "attribution": null}],
 "external_links":
  [{"external_url": "https://www.facebook.com/ADKDijital",
    "title": "Facebook"}],
 "partners":
  [{"partner_name": "webrazzi",
    "homepage_url": "unknown",
    "link_1_url": "http://vt.webrazzi.com/sirket/adk-dijital",
    "link_2_url": null,
    "link_3_url": null,
    "link_1_name": "webrazzi Page",
    "link_2_name": null,
    "link_3_name": null}]}
