{"name": "Administrare Cazare Cantine - Cazare muncitori \u0026 Studenti Bucuresti",
 "permalink": "administrare-cazare-cantine-cazare-muncitori-studenti-bucuresti",
 "crunchbase_url": "http://www.crunchbase.com/company/administrare-cazare-cantine-cazare-muncitori-studenti-bucuresti",
 "homepage_url": "http://administrare-cantine.ro",
 "blog_url": "http://administrare-cantine.ro/cazare-bucuresti/",
 "blog_feed_url": "http://administrare-cantine.ro/cazare-bucuresti/feed/",
 "twitter_username": null,
 "category_code": "local",
 "number_of_employees": 30,
 "founded_year": 1959,
 "founded_month": 12,
 "founded_day": null,
 "deadpooled_year": null,
 "deadpooled_month": null,
 "deadpooled_day": null,
 "deadpooled_url": null,
 "tag_list": "cazare-muncitori, cazare-studenti, cazare-muncitori-bucuresti, cazare-studenti-bucuresti",
 "alias_list": null,
 "email_address": "contact@administrare-cantine.ro",
 "phone_number": "0314059267",
 "description": "cazare muncitori si studenti Bucuresti",
 "created_at": "Thu Feb 13 13:37:53 UTC 2014",
 "updated_at": "Tue Feb 18 23:40:53 UTC 2014",
 "overview": "\u003Cp\u003EAdministrare Cazare Cantine - Cazare muncitori \u0026amp; Studenti Bucuresti is a business local company that activates in Bucharest, Romania, providing accommodation services forworkers/teams of workers and students and renting spaces to.\u003C/p\u003E",
 "image":
  {"available_sizes":
    [[[150,
       150],
      "http://api-images.crunchbase.com/assets/images/resized/0041/4433/414433v2-max-150x150.jpg"],
     [[180,
       180],
      "http://api-images.crunchbase.com/assets/images/resized/0041/4433/414433v2-max-250x250.jpg"],
     [[180,
       180],
      "http://api-images.crunchbase.com/assets/images/resized/0041/4433/414433v2-max-450x450.jpg"]],
   "attribution": null},
 "products":
  [],
 "relationships":
  [],
 "competitions":
  [],
 "providerships":
  [],
 "total_money_raised": "$0",
 "funding_rounds":
  [],
 "investments":
  [],
 "acquisition": null,
 "acquisitions":
  [],
 "offices":
  [{"description": "Headquarter",
    "address1": "Aleea Buchetului 5, bl. C3, sector 3",
    "address2": "",
    "zip_code": "030463",
    "city": "Bucharest",
    "state_code": null,
    "country_code": "ROM",
    "latitude": null,
    "longitude": null},
   {"description": "Cazare muncitori Pajura",
    "address1": "Pajurei 6, sector 1",
    "address2": "",
    "zip_code": "013155",
    "city": "Bucharest",
    "state_code": null,
    "country_code": "ROM",
    "latitude": null,
    "longitude": null},
   {"description": "Cazare muncitori Vitan",
    "address1": "Bd. Energeticienilor 9-11, sector 3",
    "address2": "",
    "zip_code": "032092",
    "city": "Bucharest",
    "state_code": null,
    "country_code": "ROM",
    "latitude": null,
    "longitude": null},
   {"description": "Cazare muncitori Berceni",
    "address1": "Tudor Gociu, 24A/B",
    "address2": "Tudor Gociu, 26A",
    "zip_code": "041044",
    "city": "Bucharest",
    "state_code": null,
    "country_code": "ROM",
    "latitude": null,
    "longitude": null}],
 "milestones":
  [],
 "ipo": null,
 "video_embeds":
  [],
 "screenshots":
  [],
 "external_links":
  [{"external_url": "http://ro.wikipedia.org/wiki/Administrare_Cazare_Cantine_SA",
    "title": "Wikipedia - Romania"},
   {"external_url": "http://www.aboutus.org/Administrare-Cantine.ro",
    "title": "Aboutus.org"},
   {"external_url": "http://www.webutations.net/go/review/administrare-cantine.ro",
    "title": "Webutations.net"},
   {"external_url": "http://4sq.com/1cM9Mfr/5203561e8bbd4b1406243337",
    "title": "Foursquare.com"},
   {"external_url": "http://www.bvb.ro/ListedCompanies/InformariEmit.aspx?enc=mhbZCGArczro6kiNerRNJA==",
    "title": "Bucharest Stock Exchange"}],
 "partners":
  []}
