{"name": "aDollarOne.com",
 "permalink": "adollarone-com",
 "crunchbase_url": "http://www.crunchbase.com/company/adollarone-com",
 "homepage_url": "http://www.adollarone.com",
 "blog_url": "",
 "blog_feed_url": "",
 "twitter_username": "adollaronela",
 "category_code": "ecommerce",
 "number_of_employees": 0,
 "founded_year": 2010,
 "founded_month": 2,
 "founded_day": 12,
 "deadpooled_year": null,
 "deadpooled_month": null,
 "deadpooled_day": null,
 "deadpooled_url": null,
 "tag_list": "",
 "alias_list": null,
 "email_address": "venturinopiccolo@gmail.com",
 "phone_number": "3107285597",
 "description": "Website",
 "created_at": "Fri Feb 28 06:05:29 UTC 2014",
 "updated_at": "Fri Feb 28 19:05:19 UTC 2014",
 "overview": "\u003Cp\u003EaDollarOne.com is a website where local businesses are selling their products and services for $1.01. Businesses are also offering an extra percentage off if the client decides to buy something else once he/she visit the store. (Ex. appetizer for $1.01+ 30% off entire food bill). Businesses are self-listing those deals therefore they can decide the number of deals, the day/s of the week when they can be redeemed, down to the specific time-frame (ex 3x manicure services Sunday and Tuesday between 10am and 8 pm). \nhttp://www.adollarone.com/products/detail/127/classic-spa-manicure/ (link to the actual live deal).\u003C/p\u003E\n\n\u003Cp\u003EWhy would businesses want to offer products and services for $1.01 on our website? \nJust some of the key reasons:\n\u2022 To offset slow business on specific days/hours\n\u2022 To convert excess/perishable inventory into regular customers\n\u2022 To have an opportunity to up-sell these consumers once in the door\n\u2022 To introduce new products and services \n\u2022 To provide consumers with a strong incentive to visit their businesses\nWhy would consumers want to use this website?\n\u2022 Because of the extraordinary savings\n\u2022 Because of the low cost/low risk commitment\n\u2022 Because they can try/test products/services for just $1.01\n\u2022 Because we have yet to find someone who wouldn\u2019t!\nWe will be generating revenue from multiple sources, including $5 per month from businesses (they can list unlimited number of deals), the retention of the $1.01 paid by consumers, the $1.01 one-time business verification fee, various marketing and promotional programs.\nMarket conditions are favorable and offer significant opportunity for growth. More than 75MM consumers browse the internet for savings each month while businesses have increasingly taken advantage of online promotional programs reaching nearly $12B.\nADOLLARONE.com delivers a unique, innovative web-based service \u2013 a fully integrated, all-encompassing web portal that connects businesses with customers offering products and services through a whole new format.\u003C/p\u003E\n\n\u003Cp\u003EADOLLARONE.com was launched on February 1, 2010 in the greater Los Angeles market.\nVenturino Piccolo and Nadine Curias own and operate the Company. \nTo achieve the Company\u2019s objectives, Golden Piccolo, LLC is seeking $ 450,000 in total funding through outside investment.  \u003C/p\u003E\n\n\u003Cp\u003EBenefits of this revolutionary sales channel include: \u003C/p\u003E\n\n\u003Cp\u003E\u2022 Great way to introduce new products on the market\n\u2022 Businesses can list offers for certain days or certain hours to offset slow business\n\u2022 Businesses will pay per customer and not per click or per traditional advertising space. \n\u2022 Consumers are given the chance to try/test new stuff for as little as $1.01 \n\u2022 Members will have to register before they buy, giving the Company demographic information\n\u2022 Businesses will not be charged pay-per-print fees\n\u2022 Dramatically reduce the waste associated with unused products and services\n\u2022 Businesses could encourage repeat patronage through offering another coupon once the client has walked through their door\n\u2022 With the Company handling all of the monetary transactions, it can accommodate small businesses that do not have an online payment system of their own \u003C/p\u003E\n\n\u003Cp\u003EPay-Per-Click versus Pay-Per-Customer Model\u003C/p\u003E\n\n\u003Cp\u003EADOLLARONE.com enables pay per customer, as opposed to pay per click, marketing.  Businesses pay nothing to post coupons on the Company\u2019s website, and lose only the revenue that would have been gained from selling the product or service at full price.  In many situations, this revenue was already lost as the product would have expired or the service slot would not have been filled.  Instead of complete waste, the business has gained a customer that will potentially return to the business for future products and services at full price.  In the Company\u2019s pay per customer model, each business only \u201cpays\u201d for the customers that redeem the coupons, as opposed to pay per click models where advertisers are charged for every person that clicks an online advertisement, regardless of whether that person then buys anything from the business or is converted into a patron.  This pay per customer model is a huge advance in online advertising and a revolutionary method of combining web models to unite consumers and businesses.    \u003C/p\u003E",
 "image": null,
 "products":
  [],
 "relationships":
  [],
 "competitions":
  [{"competitor":
     {"name": "Groupon",
      "permalink": "groupon"}}],
 "providerships":
  [],
 "total_money_raised": "$0",
 "funding_rounds":
  [],
 "investments":
  [],
 "acquisition": null,
 "acquisitions":
  [],
 "offices":
  [],
 "milestones":
  [],
 "ipo": null,
 "video_embeds":
  [],
 "screenshots":
  [],
 "external_links":
  [],
 "partners":
  []}
