{"name": "adoleta",
 "permalink": "adoleta",
 "crunchbase_url": "http://www.crunchbase.com/company/adoleta",
 "homepage_url": "http://www.adoleta.org",
 "blog_url": "",
 "blog_feed_url": "",
 "twitter_username": "adoleta_app",
 "category_code": "health",
 "number_of_employees": 5,
 "founded_year": 2013,
 "founded_month": 10,
 "founded_day": 12,
 "deadpooled_year": null,
 "deadpooled_month": null,
 "deadpooled_day": null,
 "deadpooled_url": null,
 "tag_list": "health, mobile",
 "alias_list": null,
 "email_address": "info@adoleta.org",
 "phone_number": "+5511994335394",
 "description": "mobile health care for children",
 "created_at": "Wed Jan 29 21:41:05 UTC 2014",
 "updated_at": "Wed Feb 05 00:50:39 UTC 2014",
 "overview": "\u003Cp\u003Eadoleta is a platform for smartphones, tablets and web, developed with the goal to perform integrated health monitoring of children 0-5 years old, allowing pediatricians and families to perform child care through the introduction of relevant data quickly and intuitively, integrating the tripod patient, physician and health system.\u003C/p\u003E",
 "image":
  {"available_sizes":
    [[[150,
       39],
      "http://api-images.crunchbase.com/assets/images/resized/0040/3841/403841v2-max-150x150.png"],
     [[250,
       65],
      "http://api-images.crunchbase.com/assets/images/resized/0040/3841/403841v2-max-250x250.png"],
     [[450,
       118],
      "http://api-images.crunchbase.com/assets/images/resized/0040/3841/403841v2-max-450x450.png"]],
   "attribution": null},
 "products":
  [],
 "relationships":
  [],
 "competitions":
  [],
 "providerships":
  [],
 "total_money_raised": "$0",
 "funding_rounds":
  [],
 "investments":
  [],
 "acquisition": null,
 "acquisitions":
  [],
 "offices":
  [],
 "milestones":
  [],
 "ipo": null,
 "video_embeds":
  [],
 "screenshots":
  [],
 "external_links":
  [],
 "partners":
  []}
