{"name": "Adolpha",
 "permalink": "adolpha",
 "crunchbase_url": "http://www.crunchbase.com/company/adolpha",
 "homepage_url": "http://www.adolpha.com",
 "blog_url": "",
 "blog_feed_url": "",
 "twitter_username": "adolphaturbo",
 "category_code": "consulting",
 "number_of_employees": 10,
 "founded_year": 2010,
 "founded_month": 12,
 "founded_day": 10,
 "deadpooled_year": null,
 "deadpooled_month": null,
 "deadpooled_day": null,
 "deadpooled_url": null,
 "tag_list": "information-technology, consulting, technology, big-data, hadoop, microsoft, java",
 "alias_list": null,
 "email_address": "stream@adolpha.com",
 "phone_number": "716-575-5626",
 "description": "Technology Consulting",
 "created_at": "Thu Feb 27 20:27:00 UTC 2014",
 "updated_at": "Fri Feb 28 18:56:13 UTC 2014",
 "overview": "\u003Cp\u003EAdolpha provides Technology consulting and solutions in multiple business areas and technology stacks.\u003C/p\u003E\n\n\u003Cp\u003EAdolpha has repeatedly delivered proven techniques and solutions in areas such as Big Data, Hadoop, SOA, Security, Inventory Fullfillment, Healthcare and virtual currencies.\u003C/p\u003E\n\n\u003Cp\u003EAdolpha\u0026#8217;s culture defines it\u0026#8217;s success by aligning to what success means to her clients.\u003C/p\u003E",
 "image":
  {"available_sizes":
    [[[143,
       59],
      "http://api-images.crunchbase.com/assets/images/resized/0042/4002/424002v2-max-150x150.png"],
     [[143,
       59],
      "http://api-images.crunchbase.com/assets/images/resized/0042/4002/424002v2-max-250x250.png"],
     [[143,
       59],
      "http://api-images.crunchbase.com/assets/images/resized/0042/4002/424002v2-max-450x450.png"]],
   "attribution": null},
 "products":
  [],
 "relationships":
  [{"is_past": false,
    "title": "Founder",
    "person":
     {"first_name": "Jason",
      "last_name": "Lobo",
      "permalink": "jason-lobo-2"}}],
 "competitions":
  [{"competitor":
     {"name": "Accenture",
      "permalink": "accenture"}},
   {"competitor":
     {"name": "Deloitte Consulting",
      "permalink": "deloitte-consulting"}}],
 "providerships":
  [],
 "total_money_raised": "$0",
 "funding_rounds":
  [],
 "investments":
  [],
 "acquisition": null,
 "acquisitions":
  [],
 "offices":
  [{"description": "USA",
    "address1": "991 US 22, Suite 200",
    "address2": "",
    "zip_code": "08807",
    "city": "Bridgewater",
    "state_code": "NJ",
    "country_code": "USA",
    "latitude": null,
    "longitude": null}],
 "milestones":
  [],
 "ipo": null,
 "video_embeds":
  [],
 "screenshots":
  [],
 "external_links":
  [],
 "partners":
  []}
