{"name": "Adonit",
 "permalink": "adonit",
 "crunchbase_url": "http://www.crunchbase.com/company/adonit",
 "homepage_url": "http://adonit.net",
 "blog_url": "",
 "blog_feed_url": "",
 "twitter_username": "adonitnews",
 "category_code": "hardware",
 "number_of_employees": 175,
 "founded_year": 2011,
 "founded_month": 2,
 "founded_day": 3,
 "deadpooled_year": null,
 "deadpooled_month": null,
 "deadpooled_day": null,
 "deadpooled_url": null,
 "tag_list": "",
 "alias_list": null,
 "email_address": "",
 "phone_number": "",
 "description": "Tools for the Digital Studio",
 "created_at": "Tue Mar 04 23:38:24 UTC 2014",
 "updated_at": "Wed Mar 05 09:59:30 UTC 2014",
 "overview": "\u003Cp\u003EStarted by a handful of craftsman, Adonit set out to build tools that enable a new digital studio. Tools that breakdown the digital barrier between thought and creation. The company that began with a $25,000 funding round on Kickstarter has since grown to sell over 2 million of the most natural styluses on the market, Jot.\u003C/p\u003E",
 "image":
  {"available_sizes":
    [[[150,
       150],
      "http://api-images.crunchbase.com/assets/images/resized/0042/7062/427062v2-max-150x150.png"],
     [[250,
       250],
      "http://api-images.crunchbase.com/assets/images/resized/0042/7062/427062v2-max-250x250.png"],
     [[450,
       450],
      "http://api-images.crunchbase.com/assets/images/resized/0042/7062/427062v2-max-450x450.png"]],
   "attribution": null},
 "products":
  [],
 "relationships":
  [{"is_past": false,
    "title": "VP of Engineering \u0026 Co-founder",
    "person":
     {"first_name": "Jasper",
      "last_name": "Li",
      "permalink": "jasper-li"}},
   {"is_past": false,
    "title": "CTO \u0026 Co-founder",
    "person":
     {"first_name": "Zach",
      "last_name": "Zeliff",
      "permalink": "zach-zeliff"}},
   {"is_past": false,
    "title": "CEO \u0026 Co-founder",
    "person":
     {"first_name": "Ian",
      "last_name": "Kung",
      "permalink": "ian-kung"}},
   {"is_past": false,
    "title": "CDO",
    "person":
     {"first_name": "Peiter",
      "last_name": "Buick",
      "permalink": "peiter-buick"}},
   {"is_past": false,
    "title": "CXO \u0026 Co-founder",
    "person":
     {"first_name": "Kris",
      "last_name": "Perpich",
      "permalink": "kris-perpich"}},
   {"is_past": false,
    "title": "VP of Software",
    "person":
     {"first_name": "Mac",
      "last_name": "Fowler",
      "permalink": "mac-fowler"}},
   {"is_past": false,
    "title": "CMO \u0026 Co-founder",
    "person":
     {"first_name": "David",
      "last_name": "Sperry",
      "permalink": "david-sperry"}}],
 "competitions":
  [],
 "providerships":
  [],
 "total_money_raised": "$2.2M",
 "funding_rounds":
  [{"id": 67682,
    "round_code": "a",
    "source_url": "",
    "source_description": "",
    "raised_amount": 2000000.0,
    "raised_currency_code": "USD",
    "funded_year": 2013,
    "funded_month": 4,
    "funded_day": null,
    "investments":
     [{"company":
        {"name": "MediaTek",
         "permalink": "mediatek"},
       "financial_org": null,
       "person": null}]},
   {"id": 67683,
    "round_code": "seed",
    "source_url": "https://www.kickstarter.com/projects/531383637/jot-capacitive-touch-stylus",
    "source_description": "Kickstarter",
    "raised_amount": 168532.0,
    "raised_currency_code": "USD",
    "funded_year": 2011,
    "funded_month": 8,
    "funded_day": 13,
    "investments":
     []},
   {"id": 67687,
    "round_code": "seed",
    "source_url": "https://www.kickstarter.com/projects/531383637/adonit-writer-ipad-case-keyboard/posts",
    "source_description": "Kickstarter",
    "raised_amount": 26823.0,
    "raised_currency_code": "USD",
    "funded_year": 2011,
    "funded_month": 2,
    "funded_day": 3,
    "investments":
     [{"company":
        {"name": "Kickstarter",
         "permalink": "kickstarter"},
       "financial_org": null,
       "person": null}]}],
 "investments":
  [],
 "acquisition": null,
 "acquisitions":
  [],
 "offices":
  [{"description": "",
    "address1": "",
    "address2": "",
    "zip_code": "",
    "city": "Taipei",
    "state_code": null,
    "country_code": "TWN",
    "latitude": null,
    "longitude": null},
   {"description": "",
    "address1": "",
    "address2": "",
    "zip_code": "",
    "city": "Austin",
    "state_code": "TX",
    "country_code": "USA",
    "latitude": null,
    "longitude": null},
   {"description": "",
    "address1": "",
    "address2": "",
    "zip_code": "",
    "city": "Grand Rapids",
    "state_code": "MI",
    "country_code": "USA",
    "latitude": null,
    "longitude": null}],
 "milestones":
  [{"id": 48568,
    "description": "2 Million Jots Sold",
    "stoned_year": 2013,
    "stoned_month": 12,
    "stoned_day": null,
    "source_url": "",
    "source_text": null,
    "source_description": "",
    "stoneable_type": "Company",
    "stoned_value": null,
    "stoned_value_type": null,
    "stoned_acquirer": null,
    "stoneable":
     {"name": "Adonit",
      "permalink": "adonit"}}],
 "ipo": null,
 "video_embeds":
  [],
 "screenshots":
  [],
 "external_links":
  [],
 "partners":
  []}
