{"name": "AdsSouq",
 "permalink": "adssouq",
 "crunchbase_url": "http://www.crunchbase.com/company/adssouq",
 "homepage_url": "http://www.adssouq.com",
 "blog_url": "http://www.adssouq.com/blog",
 "blog_feed_url": "",
 "twitter_username": "adssouq",
 "category_code": "advertising",
 "number_of_employees": 6,
 "founded_year": 2013,
 "founded_month": 12,
 "founded_day": 1,
 "deadpooled_year": null,
 "deadpooled_month": null,
 "deadpooled_day": null,
 "deadpooled_url": null,
 "tag_list": "",
 "alias_list": null,
 "email_address": "badwisoft@gmail.com",
 "phone_number": "966503415343",
 "description": "Social Media Ads Portal",
 "created_at": "Tue Jan 28 09:11:20 UTC 2014",
 "updated_at": "Thu Feb 06 10:23:46 UTC 2014",
 "overview": "\u003Cp\u003Eadvertising industry has changed ,Companies have lost control over content creation,Advertising budgets social media are huge ,marketing follows eyeballs , Advertisers can do much better\u003C/p\u003E\n\n\u003Cp\u003ESocial media all about peoples,marketing and advertising are about influence and trust\n. Win trust, Win the market , \u003C/p\u003E\n\n\u003Cp\u003EAdsSouq took it to the extreme and built a platform to empower publishers, And optimize advertisers ROI\u003C/p\u003E",
 "image":
  {"available_sizes":
    [[[110,
       52],
      "http://api-images.crunchbase.com/assets/images/resized/0040/2525/402525v2-max-150x150.png"],
     [[110,
       52],
      "http://api-images.crunchbase.com/assets/images/resized/0040/2525/402525v2-max-250x250.png"],
     [[110,
       52],
      "http://api-images.crunchbase.com/assets/images/resized/0040/2525/402525v2-max-450x450.png"]],
   "attribution": null},
 "products":
  [],
 "relationships":
  [{"is_past": false,
    "title": "Founder , CEO , CTO",
    "person":
     {"first_name": "Mohammed",
      "last_name": "Badwi",
      "permalink": "mohammed-badwi"}},
   {"is_past": false,
    "title": "co-founder",
    "person":
     {"first_name": "Aziz",
      "last_name": "Shalhoub",
      "permalink": "aziz-shalhoub"}}],
 "competitions":
  [{"competitor":
     {"name": "BuySellAds",
      "permalink": "buysellads-com"}}],
 "providerships":
  [{"title": "advisory",
    "is_past": false,
    "provider":
     {"name": "booz and company",
      "permalink": "booz-and-company"}}],
 "total_money_raised": "$0",
 "funding_rounds":
  [],
 "investments":
  [],
 "acquisition": null,
 "acquisitions":
  [],
 "offices":
  [{"description": "Head office",
    "address1": "Saudi Arabia",
    "address2": "Riyadh",
    "zip_code": "11312",
    "city": "Riyadh",
    "state_code": null,
    "country_code": "SAU",
    "latitude": null,
    "longitude": null}],
 "milestones":
  [],
 "ipo": null,
 "video_embeds":
  [],
 "screenshots":
  [{"available_sizes":
     [[[146,
        150],
       "http://api-images.crunchbase.com/assets/images/resized/0040/2524/402524v2-max-150x150.png"],
      [[244,
        250],
       "http://api-images.crunchbase.com/assets/images/resized/0040/2524/402524v2-max-250x250.png"],
      [[440,
        450],
       "http://api-images.crunchbase.com/assets/images/resized/0040/2524/402524v2-max-450x450.png"]],
    "attribution": null}],
 "external_links":
  [],
 "partners":
  []}
