{"name": "Adugbo",
 "permalink": "adugbo",
 "crunchbase_url": "http://www.crunchbase.com/company/adugbo",
 "homepage_url": "http://adugbo.com",
 "blog_url": "",
 "blog_feed_url": "",
 "twitter_username": "myAdugbo",
 "category_code": "mobile",
 "number_of_employees": null,
 "founded_year": 2013,
 "founded_month": null,
 "founded_day": null,
 "deadpooled_year": null,
 "deadpooled_month": null,
 "deadpooled_day": null,
 "deadpooled_url": null,
 "tag_list": "",
 "alias_list": "",
 "email_address": "support@adugbo.com",
 "phone_number": "",
 "description": "Location-based discovery platform",
 "created_at": "Fri Feb 14 22:30:48 UTC 2014",
 "updated_at": "Mon Mar 10 04:08:24 UTC 2014",
 "overview": "\u003Cp\u003EAdugbo is a platform for the contextually relevant discovery of local information and services.\u003C/p\u003E\n\n\u003Cp\u003EAdugbo also provides self-service tools for local merchants and service providers to showcase and effectively promote their offerings to customers within geographical regions they serve.\u003C/p\u003E",
 "image":
  {"available_sizes":
    [[[150,
       89],
      "http://api-images.crunchbase.com/assets/images/resized/0041/5509/415509v1-max-150x150.png"],
     [[233,
       139],
      "http://api-images.crunchbase.com/assets/images/resized/0041/5509/415509v1-max-250x250.png"],
     [[233,
       139],
      "http://api-images.crunchbase.com/assets/images/resized/0041/5509/415509v1-max-450x450.png"]],
   "attribution": null},
 "products":
  [],
 "relationships":
  [{"is_past": false,
    "title": "",
    "person":
     {"first_name": "Ayodele",
      "last_name": "Marcus",
      "permalink": "ayodele-marcus"}},
   {"is_past": false,
    "title": "",
    "person":
     {"first_name": "Deji",
      "last_name": "Akin Abiri",
      "permalink": "deji-akin-abiri"}}],
 "competitions":
  [],
 "providerships":
  [],
 "total_money_raised": "$0",
 "funding_rounds":
  [],
 "investments":
  [],
 "acquisition": null,
 "acquisitions":
  [],
 "offices":
  [{"description": "",
    "address1": "",
    "address2": "",
    "zip_code": "",
    "city": "Lagos",
    "state_code": null,
    "country_code": "NGA",
    "latitude": null,
    "longitude": null}],
 "milestones":
  [],
 "ipo": null,
 "video_embeds":
  [],
 "screenshots":
  [{"available_sizes":
     [[[126,
        150],
       "http://api-images.crunchbase.com/assets/images/resized/0041/5886/415886v2-max-150x150.jpg"],
      [[210,
        250],
       "http://api-images.crunchbase.com/assets/images/resized/0041/5886/415886v2-max-250x250.jpg"],
      [[378,
        450],
       "http://api-images.crunchbase.com/assets/images/resized/0041/5886/415886v2-max-450x450.jpg"]],
    "attribution": null}],
 "external_links":
  [],
 "partners":
  []}
