{"name": "Aduro LMS",
 "permalink": "aduro-lms",
 "crunchbase_url": "http://www.crunchbase.com/company/aduro-lms",
 "homepage_url": "http://adurolms.com",
 "blog_url": "",
 "blog_feed_url": "",
 "twitter_username": "AduroLMS",
 "category_code": "education",
 "number_of_employees": 8,
 "founded_year": 2013,
 "founded_month": null,
 "founded_day": null,
 "deadpooled_year": null,
 "deadpooled_month": null,
 "deadpooled_day": null,
 "deadpooled_url": null,
 "tag_list": "elearning, lms, learning-management-system, e-learning",
 "alias_list": null,
 "email_address": "info@adurolms.com",
 "phone_number": "",
 "description": "SaaS Learning Management System",
 "created_at": "Sun Jan 26 07:53:12 UTC 2014",
 "updated_at": "Thu Jan 30 15:56:59 UTC 2014",
 "overview": "\u003Cp\u003EYou should not need to learn how to learn.\u003C/p\u003E\n\n\u003Cp\u003EAduro LMS makes it easy to learn and educate for both end users and administrators. The SaaS Learning Management System provides an effective learning and training platform which works across all devices.\u003C/p\u003E",
 "image":
  {"available_sizes":
    [[[150,
       106],
      "http://api-images.crunchbase.com/assets/images/resized/0040/1494/401494v2-max-150x150.png"],
     [[250,
       176],
      "http://api-images.crunchbase.com/assets/images/resized/0040/1494/401494v2-max-250x250.png"],
     [[450,
       318],
      "http://api-images.crunchbase.com/assets/images/resized/0040/1494/401494v2-max-450x450.png"]],
   "attribution": null},
 "products":
  [],
 "relationships":
  [],
 "competitions":
  [],
 "providerships":
  [],
 "total_money_raised": "$0",
 "funding_rounds":
  [],
 "investments":
  [],
 "acquisition": null,
 "acquisitions":
  [],
 "offices":
  [{"description": "Head Office",
    "address1": "4/2908 Logan Rd",
    "address2": "",
    "zip_code": "4119",
    "city": "Underwood",
    "state_code": null,
    "country_code": "AUS",
    "latitude": null,
    "longitude": null}],
 "milestones":
  [],
 "ipo": null,
 "video_embeds":
  [],
 "screenshots":
  [],
 "external_links":
  [],
 "partners":
  []}
