{"name": "ADVANCE DISPLAY TECHNOLOGIES",
 "permalink": "advance-display-technologies",
 "crunchbase_url": "http://www.crunchbase.com/company/advance-display-technologies",
 "homepage_url": null,
 "blog_url": "",
 "blog_feed_url": "",
 "twitter_username": null,
 "category_code": null,
 "number_of_employees": null,
 "founded_year": null,
 "founded_month": null,
 "founded_day": null,
 "deadpooled_year": null,
 "deadpooled_month": null,
 "deadpooled_day": null,
 "deadpooled_url": null,
 "tag_list": "",
 "alias_list": "",
 "email_address": "",
 "phone_number": " \t3032670111",
 "description": "",
 "created_at": "Tue Feb 11 06:46:38 UTC 2014",
 "updated_at": "Tue Mar 04 11:25:39 UTC 2014",
 "overview": "\u003Cp\u003EAs of June 28, 2010 Advance Display Technologies, Inc. was acquired by GSLD Holdings, Inc. Advance Display Technologies, Inc. develops and manufactures light emitting diode (LED) display screen systems primarily to the outdoor advertising companies. The company manufactures \u2018SkyNet\u2019 video display screen, a mesh LED screen, with a plurality of LED modules distributed in a grid matrix. It also involves in the development of \u2018FiberVision\u2019 fiber screen, which is a large format high-resolution, optically passive, and image transfer and magnification device that exhibits a high contrast ratio and enhanced image display characteristics. The company offers its products to larger roadside video billboards, retrofit video building wraps, engineered video panels for architectural media facades, mass transit hubs, and the rental-staging markets. Advance Display Technologies, Inc. was founded in 1983 and is based in Centennial, Colorado.\u003C/p\u003E",
 "image": null,
 "products":
  [],
 "relationships":
  [{"is_past": false,
    "title": "CEO",
    "person":
     {"first_name": "Matthew",
      "last_name": "W. Shankle",
      "permalink": "matthew-w-shankle"}}],
 "competitions":
  [],
 "providerships":
  [],
 "total_money_raised": "$11.5M",
 "funding_rounds":
  [{"id": 64226,
    "round_code": "unattributed",
    "source_url": "http://www.sec.gov/Archives/edgar/data/770034/000077003408000032/xslFormDX01/primary_doc.xml",
    "source_description": "SEC",
    "raised_amount": 3344362.0,
    "raised_currency_code": "USD",
    "funded_year": 2008,
    "funded_month": 11,
    "funded_day": 6,
    "investments":
     []},
   {"id": 67598,
    "round_code": "unattributed",
    "source_url": "http://www.sec.gov/Archives/edgar/data/770034/000077003409000024/xslFormDX01/primary_doc.xml",
    "source_description": "SEC",
    "raised_amount": 8105638.0,
    "raised_currency_code": "USD",
    "funded_year": 2009,
    "funded_month": 6,
    "funded_day": 15,
    "investments":
     []}],
 "investments":
  [],
 "acquisition": null,
 "acquisitions":
  [],
 "offices":
  [{"description": "",
    "address1": "7334 S. ALTON WAY",
    "address2": "BUILDING 14, SUITE F",
    "zip_code": "80112",
    "city": "CENTENNIAL",
    "state_code": "CO",
    "country_code": "USA",
    "latitude": null,
    "longitude": null}],
 "milestones":
  [],
 "ipo": null,
 "video_embeds":
  [],
 "screenshots":
  [],
 "external_links":
  [],
 "partners":
  []}
