{"name": "Advisity",
 "permalink": "advisity",
 "crunchbase_url": "http://www.crunchbase.com/company/advisity",
 "homepage_url": "http://www.advisity.com",
 "blog_url": "",
 "blog_feed_url": "",
 "twitter_username": null,
 "category_code": "consulting",
 "number_of_employees": 4,
 "founded_year": 2014,
 "founded_month": 1,
 "founded_day": 15,
 "deadpooled_year": null,
 "deadpooled_month": null,
 "deadpooled_day": null,
 "deadpooled_url": null,
 "tag_list": "consulting, expert, advice, blog, videoconferencing, professional, advisor",
 "alias_list": null,
 "email_address": "carol.bruck@advisity.com",
 "phone_number": "5629554297",
 "description": "Professional Expert Advice Network",
 "created_at": "Thu Feb 13 01:53:56 UTC 2014",
 "updated_at": "Mon Mar 03 00:14:14 UTC 2014",
 "overview": "\u003Cp\u003EAdvisity is a specialize platform for professional advice and consulting topics. Advisty offer to people and professionals the capability to find articles and value content in different business areas and also expert professionals who can give advice and consulting in real time in our Advisity virtual meeting room. Advisity allow connection person to person maintaining the benefits of face to face meeting through a virtual space, breaking the geographic barriers.\u003C/p\u003E",
 "image":
  {"available_sizes":
    [[[150,
       65],
      "http://api-images.crunchbase.com/assets/images/resized/0041/3712/413712v2-max-150x150.png"],
     [[250,
       108],
      "http://api-images.crunchbase.com/assets/images/resized/0041/3712/413712v2-max-250x250.png"],
     [[450,
       195],
      "http://api-images.crunchbase.com/assets/images/resized/0041/3712/413712v2-max-450x450.png"]],
   "attribution": null},
 "products":
  [],
 "relationships":
  [{"is_past": false,
    "title": "Co-Founder \u0026 CTO",
    "person":
     {"first_name": "Eduardo",
      "last_name": "Vackflores",
      "permalink": "eduardo-vackflores"}},
   {"is_past": false,
    "title": "Co-Founder \u0026 CEO",
    "person":
     {"first_name": "Carol",
      "last_name": "Bruck",
      "permalink": "carol-bruck"}}],
 "competitions":
  [{"competitor":
     {"name": "LiveNinja",
      "permalink": "liveninja"}},
   {"competitor":
     {"name": "Pearl.com",
      "permalink": "pearl-com"}},
   {"competitor":
     {"name": "Clarity",
      "permalink": "clarity-2"}},
   {"competitor":
     {"name": "LivePerson",
      "permalink": "liveperson"}},
   {"competitor":
     {"name": "Wengo",
      "permalink": "wengo"}}],
 "providerships":
  [],
 "total_money_raised": "$100k",
 "funding_rounds":
  [{"id": 64457,
    "round_code": "seed",
    "source_url": "",
    "source_description": "",
    "raised_amount": 100000.0,
    "raised_currency_code": "USD",
    "funded_year": 2013,
    "funded_month": 5,
    "funded_day": 1,
    "investments":
     []}],
 "investments":
  [],
 "acquisition": null,
 "acquisitions":
  [],
 "offices":
  [{"description": "Main Office",
    "address1": "basel",
    "address2": "4723",
    "zip_code": "5335",
    "city": "santiago",
    "state_code": null,
    "country_code": "CHL",
    "latitude": null,
    "longitude": null}],
 "milestones":
  [{"id": 48371,
    "description": "Lunch beta version",
    "stoned_year": 2014,
    "stoned_month": 1,
    "stoned_day": 15,
    "source_url": "",
    "source_text": null,
    "source_description": "",
    "stoneable_type": "Company",
    "stoned_value": null,
    "stoned_value_type": null,
    "stoned_acquirer": null,
    "stoneable":
     {"name": "Advisity",
      "permalink": "advisity"}}],
 "ipo": null,
 "video_embeds":
  [{"embed_code": "\u003Ciframe src=\"//player.vimeo.com/video/78370775\" width=\"430\" height=\"281\" frameborder=\"0\" webkitallowfullscreen mozallowfullscreen allowfullscreen\u003E\u003C/iframe\u003E \u003Cp\u003E\u003Ca href=\"http://vimeo.com/78370775\"\u003EAdvisity, Red de Expertos Profesionales\u003C/a\u003E from \u003Ca href=\"http://vimeo.com/user11087131\"\u003EEduardo Vackflores\u003C/a\u003E on \u003Ca href=\"https://vimeo.com\"\u003EVimeo\u003C/a\u003E.\u003C/p\u003E",
    "description": "\u003Cp\u003EAdvisity\u003C/p\u003E"}],
 "screenshots":
  [{"available_sizes":
     [[[150,
        84],
       "http://api-images.crunchbase.com/assets/images/resized/0041/3709/413709v2-max-150x150.png"],
      [[250,
        140],
       "http://api-images.crunchbase.com/assets/images/resized/0041/3709/413709v2-max-250x250.png"],
      [[450,
        253],
       "http://api-images.crunchbase.com/assets/images/resized/0041/3709/413709v2-max-450x450.png"]],
    "attribution": null},
   {"available_sizes":
     [[[150,
        84],
       "http://api-images.crunchbase.com/assets/images/resized/0041/3710/413710v2-max-150x150.png"],
      [[250,
        140],
       "http://api-images.crunchbase.com/assets/images/resized/0041/3710/413710v2-max-250x250.png"],
      [[450,
        253],
       "http://api-images.crunchbase.com/assets/images/resized/0041/3710/413710v2-max-450x450.png"]],
    "attribution": null},
   {"available_sizes":
     [[[150,
        84],
       "http://api-images.crunchbase.com/assets/images/resized/0041/3711/413711v2-max-150x150.png"],
      [[250,
        140],
       "http://api-images.crunchbase.com/assets/images/resized/0041/3711/413711v2-max-250x250.png"],
      [[450,
        253],
       "http://api-images.crunchbase.com/assets/images/resized/0041/3711/413711v2-max-450x450.png"]],
    "attribution": null}],
 "external_links":
  [],
 "partners":
  []}
