{"name": "Adzoomer CPA Network",
 "permalink": "adzoomer-cpa-network",
 "crunchbase_url": "http://www.crunchbase.com/company/adzoomer-cpa-network",
 "homepage_url": "http://www.adzoomer.com",
 "blog_url": "http://www.adzoomer.com",
 "blog_feed_url": "http://www.adzoomer.com",
 "twitter_username": "adzoomer",
 "category_code": "advertising",
 "number_of_employees": 5,
 "founded_year": 2010,
 "founded_month": null,
 "founded_day": null,
 "deadpooled_year": null,
 "deadpooled_month": null,
 "deadpooled_day": null,
 "deadpooled_url": null,
 "tag_list": "affiliate-networks, cost-per-action, email-marketing, online-lead-generation, ppc, ppv, seo",
 "alias_list": null,
 "email_address": "tyler@adzoomer.com",
 "phone_number": "323-800-4470",
 "description": "The Maximized Network",
 "created_at": "Mon Feb 10 21:27:30 UTC 2014",
 "updated_at": "Thu Feb 13 23:33:07 UTC 2014",
 "overview": "\u003Cp\u003EAdzoomer, The Maximized Affiliate Network, is a leading global affiliate network that has successfully helped affiliates and advertisers alike grow their online business.\u003C/p\u003E\n\n\u003Cp\u003EThey have a strong emphasis on online marketing ethics and a drive to constantly provide the best optimization technology. With all of their experience establishing proven media avenues they practically guarantee their affiliates the widest reach and the quickest growing Return On Investment in the industry.\u003C/p\u003E\n\n\u003Cp\u003EAdzoomer sets the Gold Standard as the Maximized Affiliate Network. As an affiliate, you will enjoy resources that other networks simply can\u2019t provide\u2014like ironclad privacy protection, exclusive technology solutions, the best advertiser lineup in the industry, and the highest level of personal service. That means we can include what every affiliate wants: More opportunities and higher earnings. We are successful affiliates ourselves and we understand that we grow as a network when our affiliates succeed, so we license our technology to affiliates directly. We carefully vet our affiliates because to be the best network, we can only work with the BEST of the BEST affiliates. We consider our affiliates to be our family, and work as a team.\u003C/p\u003E\n\n\u003Cp\u003EPublishers\u003C/p\u003E\n\n\u003Cp\u003EAs a network, we prefer direct relationships with our advertisers in most cases. However, we understand the power and benefits of publishers who wish to broker offers\u2014and Adzoomer can help you find and push the best offers in the business. That\u2019s because Adzoomer develops and cultivates lucrative relationships with the biggest and best advertisers in the industry. As a publisher working with Adzoomer, you will realize the full power of those relationships through us.\nOffers: We work around the clock to make sure we only have the best converting offers live and make sure they are the top in the vertical.\nAccounting: We always pay on time. Our dedicated Payments team will work with you to ensure your satisfaction. We default to weekly payments for $300 or more, and if you\u2019re a top publisher, we\u2019ll pay on demand\u2014even daily. And because we\u2019re so confident in our advertiser relationships, we float all payments.\nConsultative attitude: We think outside the box, and we\u2019ll share our ideas with you. That\u2019s part of our relationship-building mindset\u2014we all want to make money together.\u003C/p\u003E\n\n\u003Cp\u003EAdvertisers\u003C/p\u003E\n\n\u003Cp\u003EAs a network, we believe in the power of relationships with our advertisers. In almost all cases, we prefer to work directly with our advertisers rather than broker offers through other networks\u2014even though it\u2019s more work for us. Why? Because building relationships pays dividends down the road. Because we cut our teeth as affiliates ourselves, we know the details of this business\u2014the secrets to high-quality traffic, the ways to motivate affiliates to work around the clock, and the technical expertise to launch our relationship quickly and effectively.\u003C/p\u003E\n\n\u003Cp\u003EQuality traffic: Because we only work with the best affiliates, our traffic is always of the highest quality. That means better leads and more conversions for your offers\u2014and higher profits.\nCompliance: This is our number 1 priority, we make sure our affiliates are always aware of all the guidelines needed to run a successful campaign.\nReal Time Reporting: We are extremely excited to announce we are using LinkTrust, one of the most trusted real time reporting tracking platforms on the market.\u003C/p\u003E",
 "image":
  {"available_sizes":
    [[[150,
       51],
      "http://api-images.crunchbase.com/assets/images/resized/0041/1811/411811v2-max-150x150.png"],
     [[250,
       85],
      "http://api-images.crunchbase.com/assets/images/resized/0041/1811/411811v2-max-250x250.png"],
     [[288,
       98],
      "http://api-images.crunchbase.com/assets/images/resized/0041/1811/411811v2-max-450x450.png"]],
   "attribution": null},
 "products":
  [],
 "relationships":
  [],
 "competitions":
  [],
 "providerships":
  [],
 "total_money_raised": "$0",
 "funding_rounds":
  [],
 "investments":
  [],
 "acquisition": null,
 "acquisitions":
  [],
 "offices":
  [],
 "milestones":
  [],
 "ipo": null,
 "video_embeds":
  [],
 "screenshots":
  [],
 "external_links":
  [],
 "partners":
  []}
