{"name": "Aerona Beauty-Manufacturers Of Beauty Supplies",
 "permalink": "aerona-beauty-manufacturers-of-beauty-supplies",
 "crunchbase_url": "http://www.crunchbase.com/company/aerona-beauty-manufacturers-of-beauty-supplies",
 "homepage_url": "http://www.aeronabeauty.com",
 "blog_url": "http://aeronabeauty.wordpress.com/",
 "blog_feed_url": "http://aeronabeauty.wordpress.com/feed/",
 "twitter_username": "aeronabeauty",
 "category_code": "manufacturing",
 "number_of_employees": 74,
 "founded_year": 2001,
 "founded_month": 1,
 "founded_day": 24,
 "deadpooled_year": null,
 "deadpooled_month": null,
 "deadpooled_day": null,
 "deadpooled_url": null,
 "tag_list": "hair-cutting-scissors, nail-nippers, arrow-point-nail-cutters, cuticle-nippers, hair-thinning-shears, cuticle-scissors, embroidery-scissors, cuticle-pushers, blackhead-removers, eyebrow-tweezers, plastic-handle-scissors, nail-files, callus-removers, acryl",
 "alias_list": null,
 "email_address": "info@aeronabeauty.com",
 "phone_number": "3217106500",
 "description": "Manufacturers Of Beauty Supplies",
 "created_at": "Fri Feb 07 01:53:26 UTC 2014",
 "updated_at": "Wed Feb 12 00:16:04 UTC 2014",
 "overview": "\u003Cp\u003EAerona Beauty is a Manufacturing \u0026amp; Export company,selling professional Beauty Care Instruments and Salon Supplies to the customers all over the globe.\nOur company ensures that each and every instrument being produced here is crafted to its perfection. Based in Sialkot - Pakistan and Founded in 2001, Aerona Beauty is providing quality products and the best value prices.We design and manufacture quality stainless steel Instruments to the requirements of our customers for the use in industries.\u003C/p\u003E",
 "image":
  {"available_sizes":
    [[[150,
       133],
      "http://api-images.crunchbase.com/assets/images/resized/0040/9880/409880v2-max-150x150.jpg"],
     [[250,
       222],
      "http://api-images.crunchbase.com/assets/images/resized/0040/9880/409880v2-max-250x250.jpg"],
     [[450,
       400],
      "http://api-images.crunchbase.com/assets/images/resized/0040/9880/409880v2-max-450x450.jpg"]],
   "attribution": null},
 "products":
  [],
 "relationships":
  [{"is_past": false,
    "title": "CEO",
    "person":
     {"first_name": "Bilal",
      "last_name": "Malik",
      "permalink": "bilal-malik"}},
   {"is_past": true,
    "title": "Director",
    "person":
     {"first_name": "Ali",
      "last_name": "Ehsan",
      "permalink": "ali-ehsan"}}],
 "competitions":
  [],
 "providerships":
  [],
 "total_money_raised": "$0",
 "funding_rounds":
  [],
 "investments":
  [],
 "acquisition": null,
 "acquisitions":
  [],
 "offices":
  [{"description": "Main Office",
    "address1": "Plot No:1770,Malik Colony",
    "address2": "",
    "zip_code": "51310",
    "city": "Sialkot",
    "state_code": null,
    "country_code": "PAK",
    "latitude": null,
    "longitude": null}],
 "milestones":
  [],
 "ipo": null,
 "video_embeds":
  [],
 "screenshots":
  [{"available_sizes":
     [[[150,
        80],
       "http://api-images.crunchbase.com/assets/images/resized/0040/9879/409879v2-max-150x150.png"],
      [[250,
        134],
       "http://api-images.crunchbase.com/assets/images/resized/0040/9879/409879v2-max-250x250.png"],
      [[450,
        242],
       "http://api-images.crunchbase.com/assets/images/resized/0040/9879/409879v2-max-450x450.png"]],
    "attribution": null}],
 "external_links":
  [{"external_url": "http://www.aeronabeauty.blogspot.com/",
    "title": "Aerona Beauty"}],
 "partners":
  []}
