{"name": "Aether",
 "permalink": "aether",
 "crunchbase_url": "http://www.crunchbase.com/company/aether",
 "homepage_url": null,
 "blog_url": "",
 "blog_feed_url": "",
 "twitter_username": null,
 "category_code": null,
 "number_of_employees": null,
 "founded_year": null,
 "founded_month": null,
 "founded_day": null,
 "deadpooled_year": null,
 "deadpooled_month": null,
 "deadpooled_day": null,
 "deadpooled_url": null,
 "tag_list": "",
 "alias_list": "The Morse Project",
 "email_address": "contact@aether.com",
 "phone_number": "",
 "description": "hardware",
 "created_at": "Tue Mar 04 18:11:03 UTC 2014",
 "updated_at": "Tue Mar 04 18:21:21 UTC 2014",
 "overview": "\u003Cp\u003EAether (formerly known as The Morse Project) is a hardware start-up company based in San Francisco, California. \u003C/p\u003E\n\n\u003Cp\u003EThey are the makers behind the product, Cone, which is a wireless music player that you can operate with you hand using a dial, your voice and an app. \u003C/p\u003E",
 "image":
  {"available_sizes":
    [[[108,
       90],
      "http://api-images.crunchbase.com/assets/images/resized/0042/6951/426951v1-max-150x150.png"],
     [[108,
       90],
      "http://api-images.crunchbase.com/assets/images/resized/0042/6951/426951v1-max-250x250.png"],
     [[108,
       90],
      "http://api-images.crunchbase.com/assets/images/resized/0042/6951/426951v1-max-450x450.png"]],
   "attribution": null},
 "products":
  [{"name": "Cone",
    "permalink": "cone"}],
 "relationships":
  [{"is_past": false,
    "title": "Founder",
    "person":
     {"first_name": "Janus",
      "last_name": "Friis",
      "permalink": "janus-friis"}}],
 "competitions":
  [],
 "providerships":
  [],
 "total_money_raised": "$0",
 "funding_rounds":
  [],
 "investments":
  [],
 "acquisition": null,
 "acquisitions":
  [],
 "offices":
  [{"description": "",
    "address1": "149 Montgomery St.",
    "address2": "",
    "zip_code": "94105",
    "city": "San Francisco",
    "state_code": "CA",
    "country_code": "USA",
    "latitude": null,
    "longitude": null}],
 "milestones":
  [],
 "ipo": null,
 "video_embeds":
  [],
 "screenshots":
  [{"available_sizes":
     [[[150,
        73],
       "http://api-images.crunchbase.com/assets/images/resized/0042/6949/426949v1-max-150x150.png"],
      [[250,
        122],
       "http://api-images.crunchbase.com/assets/images/resized/0042/6949/426949v1-max-250x250.png"],
      [[450,
        221],
       "http://api-images.crunchbase.com/assets/images/resized/0042/6949/426949v1-max-450x450.png"]],
    "attribution": null},
   {"available_sizes":
     [[[150,
        90],
       "http://api-images.crunchbase.com/assets/images/resized/0042/6950/426950v1-max-150x150.png"],
      [[250,
        151],
       "http://api-images.crunchbase.com/assets/images/resized/0042/6950/426950v1-max-250x250.png"],
      [[450,
        272],
       "http://api-images.crunchbase.com/assets/images/resized/0042/6950/426950v1-max-450x450.png"]],
    "attribution": null}],
 "external_links":
  [],
 "partners":
  []}
