{"name": "AFAB Lab Resources",
 "permalink": "afab-lab-resources",
 "crunchbase_url": "http://www.crunchbase.com/company/afab-lab-resources",
 "homepage_url": "http://www.afab-lab.com",
 "blog_url": "",
 "blog_feed_url": "",
 "twitter_username": null,
 "category_code": "local",
 "number_of_employees": 20,
 "founded_year": null,
 "founded_month": null,
 "founded_day": null,
 "deadpooled_year": null,
 "deadpooled_month": null,
 "deadpooled_day": null,
 "deadpooled_url": null,
 "tag_list": "",
 "alias_list": null,
 "email_address": "webmaster@afab-lab.com",
 "phone_number": "855-777-2322",
 "description": "Lab Equipment",
 "created_at": "Tue Jan 28 15:09:26 UTC 2014",
 "updated_at": "Tue Feb 04 23:06:50 UTC 2014",
 "overview": "\u003Cp\u003EAFAB Lab provides the global scientific community with laboratory equipment, supplies and services of superior quality and value.\u003C/p\u003E",
 "image":
  {"available_sizes":
    [[[150,
       52],
      "http://api-images.crunchbase.com/assets/images/resized/0040/2854/402854v2-max-150x150.png"],
     [[250,
       87],
      "http://api-images.crunchbase.com/assets/images/resized/0040/2854/402854v2-max-250x250.png"],
     [[450,
       157],
      "http://api-images.crunchbase.com/assets/images/resized/0040/2854/402854v2-max-450x450.png"]],
   "attribution": null},
 "products":
  [],
 "relationships":
  [],
 "competitions":
  [],
 "providerships":
  [],
 "total_money_raised": "$0",
 "funding_rounds":
  [],
 "investments":
  [],
 "acquisition": null,
 "acquisitions":
  [],
 "offices":
  [],
 "milestones":
  [],
 "ipo": null,
 "video_embeds":
  [],
 "screenshots":
  [],
 "external_links":
  [],
 "partners":
  []}
