{"name": "Affinity Networks",
 "permalink": "affinity-networks",
 "crunchbase_url": "http://www.crunchbase.com/company/affinity-networks",
 "homepage_url": "http://afty.co",
 "blog_url": "",
 "blog_feed_url": "",
 "twitter_username": null,
 "category_code": "social",
 "number_of_employees": 5,
 "founded_year": 2013,
 "founded_month": 8,
 "founded_day": 12,
 "deadpooled_year": null,
 "deadpooled_month": null,
 "deadpooled_day": null,
 "deadpooled_url": null,
 "tag_list": "",
 "alias_list": "",
 "email_address": "",
 "phone_number": "",
 "description": "Community engagement platforms",
 "created_at": "Tue Feb 25 17:55:50 UTC 2014",
 "updated_at": "Fri Apr 04 18:25:57 UTC 2014",
 "overview": "\u003Cp\u003EWe build engagement platforms for communities.\u003C/p\u003E",
 "image":
  {"available_sizes":
    [[[150,
       28],
      "http://api-images.crunchbase.com/assets/images/resized/0042/2292/422292v1-max-150x150.png"],
     [[250,
       47],
      "http://api-images.crunchbase.com/assets/images/resized/0042/2292/422292v1-max-250x250.png"],
     [[391,
       75],
      "http://api-images.crunchbase.com/assets/images/resized/0042/2292/422292v1-max-450x450.png"]],
   "attribution": null},
 "products":
  [],
 "relationships":
  [],
 "competitions":
  [],
 "providerships":
  [],
 "total_money_raised": "$200k",
 "funding_rounds":
  [{"id": 67946,
    "round_code": "seed",
    "source_url": "http://techcrunch.com/2014/02/25/affinity-networks-wants-to-create-a-network-of-social-mobile-apps-around-niche-topics/",
    "source_description": "Affinity Networks Wants To Create A Network Of Social, Mobile Apps Around Niche Topics",
    "raised_amount": 200000.0,
    "raised_currency_code": "USD",
    "funded_year": 2014,
    "funded_month": 1,
    "funded_day": 6,
    "investments":
     [{"company":
        {"name": "Amplify.LA",
         "permalink": "amplify-la"},
       "financial_org": null,
       "person": null}]}],
 "investments":
  [],
 "acquisition": null,
 "acquisitions":
  [],
 "offices":
  [{"description": "",
    "address1": "1600 Main St.",
    "address2": "",
    "zip_code": "90291",
    "city": "Venice",
    "state_code": "CA",
    "country_code": "USA",
    "latitude": null,
    "longitude": null}],
 "milestones":
  [],
 "ipo": null,
 "video_embeds":
  [],
 "screenshots":
  [{"available_sizes":
     [[[112,
        150],
       "http://api-images.crunchbase.com/assets/images/resized/0042/6992/426992v2-max-150x150.png"],
      [[187,
        250],
       "http://api-images.crunchbase.com/assets/images/resized/0042/6992/426992v2-max-250x250.png"],
      [[338,
        450],
       "http://api-images.crunchbase.com/assets/images/resized/0042/6992/426992v2-max-450x450.png"]],
    "attribution": null},
   {"available_sizes":
     [[[112,
        150],
       "http://api-images.crunchbase.com/assets/images/resized/0042/6993/426993v2-max-150x150.png"],
      [[187,
        250],
       "http://api-images.crunchbase.com/assets/images/resized/0042/6993/426993v2-max-250x250.png"],
      [[338,
        450],
       "http://api-images.crunchbase.com/assets/images/resized/0042/6993/426993v2-max-450x450.png"]],
    "attribution": null},
   {"available_sizes":
     [[[75,
        150],
       "http://api-images.crunchbase.com/assets/images/resized/0042/6994/426994v2-max-150x150.png"],
      [[125,
        250],
       "http://api-images.crunchbase.com/assets/images/resized/0042/6994/426994v2-max-250x250.png"],
      [[225,
        450],
       "http://api-images.crunchbase.com/assets/images/resized/0042/6994/426994v2-max-450x450.png"]],
    "attribution": null},
   {"available_sizes":
     [[[112,
        150],
       "http://api-images.crunchbase.com/assets/images/resized/0042/6995/426995v2-max-150x150.png"],
      [[187,
        250],
       "http://api-images.crunchbase.com/assets/images/resized/0042/6995/426995v2-max-250x250.png"],
      [[338,
        450],
       "http://api-images.crunchbase.com/assets/images/resized/0042/6995/426995v2-max-450x450.png"]],
    "attribution": null}],
 "external_links":
  [],
 "partners":
  []}
