{"name": "Affordable Choice",
 "permalink": "affordable-choice",
 "crunchbase_url": "http://www.crunchbase.com/company/affordable-choice",
 "homepage_url": "http://affordablechoice.co.za/product-category/tablet-pc",
 "blog_url": "",
 "blog_feed_url": "",
 "twitter_username": null,
 "category_code": "other",
 "number_of_employees": null,
 "founded_year": null,
 "founded_month": null,
 "founded_day": null,
 "deadpooled_year": null,
 "deadpooled_month": null,
 "deadpooled_day": null,
 "deadpooled_url": null,
 "tag_list": "tablet-pc, android-tablet-pc, buy-android-tablet-pc, buy-cheap-android-pc",
 "alias_list": null,
 "email_address": "atablet@outlook.com",
 "phone_number": "",
 "description": "Android Tablet PC",
 "created_at": "Sat Feb 08 04:41:15 UTC 2014",
 "updated_at": "Thu Feb 13 18:47:02 UTC 2014",
 "overview": "\u003Cp\u003EWith Affordable Choice, you can purchase electronic products such as Android Tablet PCs and more according to your budget. We have a vast range of affordable, top quality products sold online and we deliver worldwide.\u003C/p\u003E",
 "image": null,
 "products":
  [],
 "relationships":
  [],
 "competitions":
  [],
 "providerships":
  [],
 "total_money_raised": "$0",
 "funding_rounds":
  [],
 "investments":
  [],
 "acquisition": null,
 "acquisitions":
  [],
 "offices":
  [],
 "milestones":
  [],
 "ipo": null,
 "video_embeds":
  [],
 "screenshots":
  [],
 "external_links":
  [],
 "partners":
  []}
