{"name": "AggroStudios",
 "permalink": "aggrostudios",
 "crunchbase_url": "http://www.crunchbase.com/company/aggrostudios",
 "homepage_url": "http://aggrostudios.com",
 "blog_url": "",
 "blog_feed_url": "",
 "twitter_username": "aggrostudios",
 "category_code": "games_video",
 "number_of_employees": 30,
 "founded_year": 2009,
 "founded_month": null,
 "founded_day": null,
 "deadpooled_year": null,
 "deadpooled_month": null,
 "deadpooled_day": null,
 "deadpooled_url": null,
 "tag_list": "gamedev, frontend, backend, development, art, animation",
 "alias_list": null,
 "email_address": "contact@aggrostudios.com",
 "phone_number": "+1(408)622-0072",
 "description": "a leading European game development and ",
 "created_at": "Mon Mar 03 08:29:53 UTC 2014",
 "updated_at": "Mon Mar 03 21:13:57 UTC 2014",
 "overview": "\u003Cp\u003EAggroStudios is a leading European game development and outsourcing studio with over half a decade of experience developing titles for Mobile, PC and Web.\u003C/p\u003E\n\n\u003Cp\u003EAggroStudios specializes in end-to-end game development across multiple platforms utilizing the most up to date technology and art resources.  \u003C/p\u003E",
 "image":
  {"available_sizes":
    [[[139,
       150],
      "http://api-images.crunchbase.com/assets/images/resized/0042/5646/425646v2-max-150x150.png"],
     [[232,
       250],
      "http://api-images.crunchbase.com/assets/images/resized/0042/5646/425646v2-max-250x250.png"],
     [[254,
       273],
      "http://api-images.crunchbase.com/assets/images/resized/0042/5646/425646v2-max-450x450.png"]],
   "attribution": null},
 "products":
  [],
 "relationships":
  [{"is_past": false,
    "title": "CTO",
    "person":
     {"first_name": "Egor",
      "last_name": "Lukomsky",
      "permalink": "egor-lukomsky"}},
   {"is_past": false,
    "title": "VP of Business Development",
    "person":
     {"first_name": "Cameron",
      "last_name": "Madani",
      "permalink": "cameron-madani"}}],
 "competitions":
  [],
 "providerships":
  [],
 "total_money_raised": "$0",
 "funding_rounds":
  [],
 "investments":
  [],
 "acquisition": null,
 "acquisitions":
  [],
 "offices":
  [{"description": "California",
    "address1": "1250 Oakmead, Suite 210",
    "address2": "",
    "zip_code": "94085",
    "city": "Sunnyvale",
    "state_code": "CA",
    "country_code": "USA",
    "latitude": null,
    "longitude": null},
   {"description": "Moscow",
    "address1": "Business Center \u201cDIGITAL OCTOBER\u201d",
    "address2": "6/3, Beresnevskaya Embankment",
    "zip_code": "119072",
    "city": "Moscow",
    "state_code": null,
    "country_code": "RUS",
    "latitude": null,
    "longitude": null},
   {"description": "St.Petersburg",
    "address1": "49 Nepokorennyh ave, #519",
    "address2": "",
    "zip_code": "195220",
    "city": "Saint Petersburg",
    "state_code": null,
    "country_code": "RUS",
    "latitude": null,
    "longitude": null}],
 "milestones":
  [],
 "ipo": null,
 "video_embeds":
  [],
 "screenshots":
  [],
 "external_links":
  [],
 "partners":
  []}
