{"name": "AgisMedya",
 "permalink": "agismedya",
 "crunchbase_url": "http://www.crunchbase.com/company/agismedya",
 "homepage_url": "http://www.agismedya.com",
 "blog_url": "",
 "blog_feed_url": "",
 "twitter_username": "agismedya",
 "category_code": "social",
 "number_of_employees": 5,
 "founded_year": 2010,
 "founded_month": 5,
 "founded_day": 1,
 "deadpooled_year": null,
 "deadpooled_month": null,
 "deadpooled_day": null,
 "deadpooled_url": null,
 "tag_list": "",
 "alias_list": "",
 "email_address": "",
 "phone_number": "",
 "description": "",
 "created_at": "Thu Feb 13 11:15:38 UTC 2014",
 "updated_at": "Thu Feb 13 11:16:51 UTC 2014",
 "overview": "\u003Cp\u003EAgisMedya is the first social media agency established in Gaziantep, Turkey. It offers Facebook, Twitter and other social media community management services to businesses.\u003C/p\u003E\n\n\u003Cp\u003EAgisMedya was founded on May 1, 2010.\u003C/p\u003E",
 "image":
  {"available_sizes":
    [[[150,
       37],
      "http://api-images.crunchbase.com/assets/images/resized/0041/4306/414306v1-max-150x150.png"],
     [[250,
       62],
      "http://api-images.crunchbase.com/assets/images/resized/0041/4306/414306v1-max-250x250.png"],
     [[255,
       64],
      "http://api-images.crunchbase.com/assets/images/resized/0041/4306/414306v1-max-450x450.png"]],
   "attribution": null},
 "products":
  [],
 "relationships":
  [],
 "competitions":
  [],
 "providerships":
  [],
 "total_money_raised": "$0",
 "funding_rounds":
  [],
 "investments":
  [],
 "acquisition": null,
 "acquisitions":
  [],
 "offices":
  [{"description": "",
    "address1": "",
    "address2": "",
    "zip_code": "",
    "city": "",
    "state_code": null,
    "country_code": "TUR",
    "latitude": null,
    "longitude": null}],
 "milestones":
  [],
 "ipo": null,
 "video_embeds":
  [],
 "screenshots":
  [],
 "external_links":
  [],
 "partners":
  [{"partner_name": "webrazzi",
    "homepage_url": "unknown",
    "link_1_url": "http://vt.webrazzi.com/sirket/agismedya",
    "link_2_url": null,
    "link_3_url": null,
    "link_1_name": "webrazzi Page",
    "link_2_name": null,
    "link_3_name": null}]}
