{"name": "AGL Energy",
 "permalink": "agl-energy",
 "crunchbase_url": "http://www.crunchbase.com/company/agl-energy",
 "homepage_url": "http://agl.com.au",
 "blog_url": "http://aglblog.com.au/",
 "blog_feed_url": "http://aglblog.com.au/feed/",
 "twitter_username": "aglenergy",
 "category_code": "cleantech",
 "number_of_employees": null,
 "founded_year": 1841,
 "founded_month": null,
 "founded_day": null,
 "deadpooled_year": null,
 "deadpooled_month": null,
 "deadpooled_day": null,
 "deadpooled_url": null,
 "tag_list": "",
 "alias_list": "",
 "email_address": "",
 "phone_number": " (02) 9921 2999 ",
 "description": "",
 "created_at": "Wed Feb 12 06:21:23 UTC 2014",
 "updated_at": "Wed Feb 12 06:30:01 UTC 2014",
 "overview": "\u003Cp\u003EAGL is one of Australia\u0026#8217;s leading renewable energy companies and is Australia\u0026#8217;s largest private owner, operator and developer of renewable generation assets.\u003C/p\u003E",
 "image":
  {"available_sizes":
    [[[150,
       77],
      "http://api-images.crunchbase.com/assets/images/resized/0041/3010/413010v1-max-150x150.png"],
     [[181,
       94],
      "http://api-images.crunchbase.com/assets/images/resized/0041/3010/413010v1-max-250x250.png"],
     [[181,
       94],
      "http://api-images.crunchbase.com/assets/images/resized/0041/3010/413010v1-max-450x450.png"]],
   "attribution": null},
 "products":
  [],
 "relationships":
  [{"is_past": false,
    "title": "MD \u0026 CEO",
    "person":
     {"first_name": "Michael",
      "last_name": "Fraser",
      "permalink": "michael-fraser"}},
   {"is_past": false,
    "title": "CFO",
    "person":
     {"first_name": "Brett",
      "last_name": "Redman",
      "permalink": "brett-redman"}},
   {"is_past": false,
    "title": "CIO",
    "person":
     {"first_name": "Owen",
      "last_name": "Coppage",
      "permalink": "owen-coppage"}}],
 "competitions":
  [],
 "providerships":
  [],
 "total_money_raised": "$0",
 "funding_rounds":
  [],
 "investments":
  [],
 "acquisition": null,
 "acquisitions":
  [{"price_amount": 1360000000.0,
    "price_currency_code": "USD",
    "term_code": null,
    "source_url": "http://uk.reuters.com/article/2014/02/12/us-australia-macquarie-agl-idUKBREA1A26Y20140212",
    "source_description": "AGL Energy agrees to buy Macquarie Generation for A$1.5 billion",
    "acquired_year": 2014,
    "acquired_month": 2,
    "acquired_day": 12,
    "company":
     {"name": "Macquarie Generation",
      "permalink": "macquarie-generation"}}],
 "offices":
  [{"description": "",
    "address1": "Level 22",
    "address2": "101 Miller St",
    "zip_code": "",
    "city": "North Sydney NSW 2060",
    "state_code": null,
    "country_code": "AUS",
    "latitude": null,
    "longitude": null}],
 "milestones":
  [],
 "ipo": null,
 "video_embeds":
  [],
 "screenshots":
  [{"available_sizes":
     [[[150,
        109],
       "http://api-images.crunchbase.com/assets/images/resized/0041/3009/413009v1-max-150x150.png"],
      [[250,
        182],
       "http://api-images.crunchbase.com/assets/images/resized/0041/3009/413009v1-max-250x250.png"],
      [[450,
        328],
       "http://api-images.crunchbase.com/assets/images/resized/0041/3009/413009v1-max-450x450.png"]],
    "attribution": null}],
 "external_links":
  [],
 "partners":
  []}
