{"name": "Agnico-Eagle Mines Limited",
 "permalink": "agnico-eagle-mines-limited",
 "crunchbase_url": "http://www.crunchbase.com/company/agnico-eagle-mines-limited",
 "homepage_url": null,
 "blog_url": null,
 "blog_feed_url": null,
 "twitter_username": null,
 "category_code": null,
 "number_of_employees": null,
 "founded_year": null,
 "founded_month": null,
 "founded_day": null,
 "deadpooled_year": null,
 "deadpooled_month": null,
 "deadpooled_day": null,
 "deadpooled_url": null,
 "tag_list": null,
 "alias_list": null,
 "email_address": null,
 "phone_number": null,
 "description": null,
 "created_at": "Thu Feb 20 09:04:57 UTC 2014",
 "updated_at": "Thu Feb 20 09:04:57 UTC 2014",
 "overview": null,
 "image": null,
 "products":
  [],
 "relationships":
  [{"is_past": true,
    "title": "Vice-President Operations Manager",
    "person":
     {"first_name": "Daniel",
      "last_name": "Racine",
      "permalink": "daniel-racine"}},
   {"is_past": true,
    "title": "Senior Vice President",
    "person":
     {"first_name": "Daniel",
      "last_name": "Racine",
      "permalink": "daniel-racine"}},
   {"is_past": true,
    "title": "Junior Mining Engineer",
    "person":
     {"first_name": "Daniel",
      "last_name": "Racine",
      "permalink": "daniel-racine"}},
   {"is_past": true,
    "title": "LaRonde Mine Manager",
    "person":
     {"first_name": "Daniel",
      "last_name": "Racine",
      "permalink": "daniel-racine"}}],
 "competitions":
  [],
 "providerships":
  [],
 "total_money_raised": "$0",
 "funding_rounds":
  [],
 "investments":
  [],
 "acquisition": null,
 "acquisitions":
  [],
 "offices":
  [],
 "milestones":
  [],
 "ipo": null,
 "video_embeds":
  [],
 "screenshots":
  [],
 "external_links":
  [],
 "partners":
  []}
