{"name": "AGTA Group",
 "permalink": "agta-group",
 "crunchbase_url": "http://www.crunchbase.com/company/agta-group",
 "homepage_url": "http://www.agtagroup.com",
 "blog_url": "",
 "blog_feed_url": "",
 "twitter_username": "agtagroupcpa",
 "category_code": "consulting",
 "number_of_employees": 4,
 "founded_year": 2006,
 "founded_month": 6,
 "founded_day": 1,
 "deadpooled_year": null,
 "deadpooled_month": null,
 "deadpooled_day": null,
 "deadpooled_url": null,
 "tag_list": "cpa, it, consulting",
 "alias_list": null,
 "email_address": "info@agtacpa.com",
 "phone_number": "7036874287",
 "description": "Management Consulting, Accounting, IT",
 "created_at": "Fri Feb 21 05:18:51 UTC 2014",
 "updated_at": "Fri Feb 21 19:10:20 UTC 2014",
 "overview": "\u003Cp\u003EAGTA Group was founded in 2006 initially as a CPA firm but has metamorphosed over the years into a full service premier professional services firm providing a broad range of in-depth professional business consulting services that are typically associated with larger firms, but with specialized attention to detail that is the hallmark of smaller firms.\u003C/p\u003E",
 "image":
  {"available_sizes":
    [[[150,
       64],
      "http://api-images.crunchbase.com/assets/images/resized/0041/9405/419405v2-max-150x150.png"],
     [[250,
       107],
      "http://api-images.crunchbase.com/assets/images/resized/0041/9405/419405v2-max-250x250.png"],
     [[450,
       194],
      "http://api-images.crunchbase.com/assets/images/resized/0041/9405/419405v2-max-450x450.png"]],
   "attribution": null},
 "products":
  [],
 "relationships":
  [{"is_past": false,
    "title": "Principal",
    "person":
     {"first_name": "Sohaib",
      "last_name": "Tayyab",
      "permalink": "sohaib-tayyab"}},
   {"is_past": false,
    "title": "Principal",
    "person":
     {"first_name": "Clancy",
      "last_name": "Agbenyo",
      "permalink": "clancy-agbenyo"}}],
 "competitions":
  [],
 "providerships":
  [],
 "total_money_raised": "$0",
 "funding_rounds":
  [],
 "investments":
  [],
 "acquisition": null,
 "acquisitions":
  [],
 "offices":
  [{"description": "Leesburg, VA",
    "address1": "1 East Market Street",
    "address2": "Suite 201",
    "zip_code": "20176",
    "city": "Leesburg",
    "state_code": "VA",
    "country_code": "USA",
    "latitude": null,
    "longitude": null}],
 "milestones":
  [],
 "ipo": null,
 "video_embeds":
  [],
 "screenshots":
  [],
 "external_links":
  [],
 "partners":
  []}
