{"name": "Agua Del Sol, LLC",
 "permalink": "agua-del-sol-llc",
 "crunchbase_url": "http://www.crunchbase.com/company/agua-del-sol-llc",
 "homepage_url": "http://aguadelsolsolar.com",
 "blog_url": "",
 "blog_feed_url": "",
 "twitter_username": null,
 "category_code": "other",
 "number_of_employees": null,
 "founded_year": null,
 "founded_month": null,
 "founded_day": null,
 "deadpooled_year": null,
 "deadpooled_month": null,
 "deadpooled_day": null,
 "deadpooled_url": null,
 "tag_list": "water-heater, solar-hot-water",
 "alias_list": null,
 "email_address": "aguadelsolsolar@gmail.com",
 "phone_number": "(480) 275-4221",
 "description": "Solar Hot Water",
 "created_at": "Mon Feb 03 04:48:38 UTC 2014",
 "updated_at": "Wed Feb 05 15:06:05 UTC 2014",
 "overview": "\u003Cp\u003EAgua Del Sol\u2019s solar hot water systems have the one of the highest ratings in the industry due to our products superior efficiency. Our solar hot water panels perform at peak efficiency in any climate conditions giving our customers larger rebates and lower utility bills.\u003C/p\u003E",
 "image": null,
 "products":
  [],
 "relationships":
  [],
 "competitions":
  [],
 "providerships":
  [],
 "total_money_raised": "$0",
 "funding_rounds":
  [],
 "investments":
  [],
 "acquisition": null,
 "acquisitions":
  [],
 "offices":
  [{"description": "Agua Del Sol, LLC",
    "address1": "602 West 22nd Street",
    "address2": "",
    "zip_code": "85282",
    "city": "Tempe",
    "state_code": "AZ",
    "country_code": "USA",
    "latitude": null,
    "longitude": null}],
 "milestones":
  [],
 "ipo": null,
 "video_embeds":
  [],
 "screenshots":
  [],
 "external_links":
  [],
 "partners":
  []}
