{"name": "Aimersoft Studio",
 "permalink": "aimersoft-studio",
 "crunchbase_url": "http://www.crunchbase.com/company/aimersoft-studio",
 "homepage_url": "http://www.aimersoft.com",
 "blog_url": "",
 "blog_feed_url": "",
 "twitter_username": "AimerSoftware",
 "category_code": "software",
 "number_of_employees": 100,
 "founded_year": 2007,
 "founded_month": 4,
 "founded_day": 10,
 "deadpooled_year": null,
 "deadpooled_month": null,
 "deadpooled_day": null,
 "deadpooled_url": null,
 "tag_list": "software, dvd-tool, video-tool, tech",
 "alias_list": null,
 "email_address": "mariewhite@aimersoft.com",
 "phone_number": "",
 "description": "",
 "created_at": "Fri Feb 14 05:37:00 UTC 2014",
 "updated_at": "Wed Feb 19 00:14:42 UTC 2014",
 "overview": "",
 "image":
  {"available_sizes":
    [[[150,
       39],
      "http://api-images.crunchbase.com/assets/images/resized/0041/4898/414898v2-max-150x150.jpg"],
     [[237,
       63],
      "http://api-images.crunchbase.com/assets/images/resized/0041/4898/414898v2-max-250x250.jpg"],
     [[237,
       63],
      "http://api-images.crunchbase.com/assets/images/resized/0041/4898/414898v2-max-450x450.jpg"]],
   "attribution": null},
 "products":
  [],
 "relationships":
  [],
 "competitions":
  [],
 "providerships":
  [],
 "total_money_raised": "$0",
 "funding_rounds":
  [],
 "investments":
  [],
 "acquisition": null,
 "acquisitions":
  [],
 "offices":
  [],
 "milestones":
  [],
 "ipo": null,
 "video_embeds":
  [],
 "screenshots":
  [],
 "external_links":
  [],
 "partners":
  []}
