{"name": "AirBooks",
 "permalink": "airbooks",
 "crunchbase_url": "http://www.crunchbase.com/company/airbooks",
 "homepage_url": "http://airbooksapp.com",
 "blog_url": "",
 "blog_feed_url": "",
 "twitter_username": "airbooksapp",
 "category_code": "web",
 "number_of_employees": 2,
 "founded_year": 2014,
 "founded_month": 1,
 "founded_day": 1,
 "deadpooled_year": null,
 "deadpooled_month": null,
 "deadpooled_day": null,
 "deadpooled_url": null,
 "tag_list": "invoicing, cloud-invoicing, billing, automated-invoicing, saas, accounting, payment, b2b, business-transactions",
 "alias_list": null,
 "email_address": "florian.menevis@airbooksapp.com",
 "phone_number": "",
 "description": "Simple cloud invoicing for everyone.",
 "created_at": "Sun Feb 02 00:30:27 UTC 2014",
 "updated_at": "Tue Feb 04 22:59:43 UTC 2014",
 "overview": "\u003Cp\u003EAirBooks provides a cloud application to create and send invoices, and receive business payments. \u003C/p\u003E\n\n\u003Cp\u003EInvoices can be shared online and payments can be made directly through AirBook\u0026#8217;s payment gateway which is focused specifically on business-to-business transactions. Further, AirBooks features automated reminders and actions for invoices that are overdue.\u003C/p\u003E",
 "image": null,
 "products":
  [],
 "relationships":
  [{"is_past": false,
    "title": "CEO",
    "person":
     {"first_name": "Florian",
      "last_name": "Menevis",
      "permalink": "florian-menevis"}},
   {"is_past": false,
    "title": "CTO",
    "person":
     {"first_name": "Rudolf",
      "last_name": "Schmidt",
      "permalink": "rudolf-schmidt"}}],
 "competitions":
  [{"competitor":
     {"name": "FreshBooks",
      "permalink": "freshbooks"}},
   {"competitor":
     {"name": "getharvest.com",
      "permalink": "getharvest-com"}}],
 "providerships":
  [],
 "total_money_raised": "$0",
 "funding_rounds":
  [],
 "investments":
  [],
 "acquisition": null,
 "acquisitions":
  [],
 "offices":
  [{"description": "",
    "address1": "Dorfstra\u00dfe 30",
    "address2": "",
    "zip_code": "13597",
    "city": "Berlin",
    "state_code": null,
    "country_code": "DEU",
    "latitude": null,
    "longitude": null}],
 "milestones":
  [],
 "ipo": null,
 "video_embeds":
  [],
 "screenshots":
  [],
 "external_links":
  [],
 "partners":
  []}
