{"name": "Airborne",
 "permalink": "airborne",
 "crunchbase_url": "http://www.crunchbase.com/company/airborne",
 "homepage_url": "http://www.airborne.io",
 "blog_url": "",
 "blog_feed_url": "",
 "twitter_username": null,
 "category_code": "transportation",
 "number_of_employees": null,
 "founded_year": null,
 "founded_month": null,
 "founded_day": null,
 "deadpooled_year": null,
 "deadpooled_month": null,
 "deadpooled_day": null,
 "deadpooled_url": null,
 "tag_list": "travel--apps--mobile",
 "alias_list": "",
 "email_address": "info@airborne.io",
 "phone_number": "",
 "description": "Curated dreams to the right people",
 "created_at": "Fri Jan 31 04:54:02 UTC 2014",
 "updated_at": "Fri Jan 31 04:54:01 UTC 2014",
 "overview": "\u003Cp\u003EBuilding a simpler, better, funner way to travel.\u003C/p\u003E",
 "image":
  {"available_sizes":
    [[[84,
       150],
      "http://api-images.crunchbase.com/assets/images/resized/0040/4984/404984v1-max-150x150.jpg"],
     [[113,
       200],
      "http://api-images.crunchbase.com/assets/images/resized/0040/4984/404984v1-max-250x250.jpg"],
     [[113,
       200],
      "http://api-images.crunchbase.com/assets/images/resized/0040/4984/404984v1-max-450x450.jpg"]],
   "attribution": null},
 "products":
  [],
 "relationships":
  [{"is_past": false,
    "title": "Co-Founder",
    "person":
     {"first_name": "Cristian",
      "last_name": "Asenjo",
      "permalink": "cristian-asenjo"}},
   {"is_past": false,
    "title": "Co-Founder",
    "person":
     {"first_name": "Mikhail",
      "last_name": "Levkovsky",
      "permalink": "mikhail-levkovsky"}},
   {"is_past": false,
    "title": "Co-Founder",
    "person":
     {"first_name": "Charles-Eric",
      "last_name": "Gascon",
      "permalink": "charles-eric-gascon"}}],
 "competitions":
  [],
 "providerships":
  [],
 "total_money_raised": "$0",
 "funding_rounds":
  [],
 "investments":
  [],
 "acquisition": null,
 "acquisitions":
  [],
 "offices":
  [],
 "milestones":
  [],
 "ipo": null,
 "video_embeds":
  [],
 "screenshots":
  [{"available_sizes":
     [[[150,
        88],
       "http://api-images.crunchbase.com/assets/images/resized/0040/4983/404983v1-max-150x150.png"],
      [[250,
        147],
       "http://api-images.crunchbase.com/assets/images/resized/0040/4983/404983v1-max-250x250.png"],
      [[450,
        265],
       "http://api-images.crunchbase.com/assets/images/resized/0040/4983/404983v1-max-450x450.png"]],
    "attribution": null}],
 "external_links":
  [],
 "partners":
  [{"partner_name": "angel_list",
    "homepage_url": "http://www.airborne.io",
    "link_1_url": "https://angel.co/airborne-1",
    "link_2_url": null,
    "link_3_url": null,
    "link_1_name": "AngelList Page",
    "link_2_name": null,
    "link_3_name": null}]}
