{"name": "AirClenz LLC",
 "permalink": "airclenz-llc",
 "crunchbase_url": "http://www.crunchbase.com/company/airclenz-llc",
 "homepage_url": "http://airclenz.com",
 "blog_url": "",
 "blog_feed_url": "",
 "twitter_username": "airclenzllc",
 "category_code": "automotive",
 "number_of_employees": 20,
 "founded_year": 2012,
 "founded_month": null,
 "founded_day": null,
 "deadpooled_year": null,
 "deadpooled_month": null,
 "deadpooled_day": null,
 "deadpooled_url": null,
 "tag_list": "odor-eliminator, air-freshener, vehicle-cleaner, tough-odor-remover, ionizer, deodorizer",
 "alias_list": null,
 "email_address": "info@airclenz.com",
 "phone_number": "855-211-4806",
 "description": "AirClenz eliminate odors from vehicles",
 "created_at": "Tue Feb 25 21:44:31 UTC 2014",
 "updated_at": "Wed Feb 26 09:45:23 UTC 2014",
 "overview": "\u003Cp\u003EAirClenz is the automotive industry leader in eliminating odors from vehicles! AirClenz protects our industry customer\u2019s pocketbooks by eliminating the reality that every vehicle with odor loses value. AirClenz takes a vehicle you can\u0026#8217;t sell to a vehicle you can sell. The AirClenz proprietary formula and process was specifically created to eliminate stubborn odors that impact the value of vehicles. AirClenz attacks odors at their source by releasing AirClenz vapors that penetrate the difficult places ionizers and other deficient masking products in the marketplace cannot reach. \u003C/p\u003E\n\n\u003Cp\u003EAirClenz is so successful at killing unwanted odors and smells, that you will feel your vehicle has a new lease on life. AirClenz also has an industry-first GUARANTEE. If AirClenz is unsuccessful at eliminating the unwanted odors in your vehicle, we\u2019ll buy the vehicle. Rest assured in the safety of our GUARANTEE and its terms on the AirClenz website. However, our SCIENCE gives us the #1 Competitive edge in the marketplace! Don\u0026#8217;t just \u0026#8220;mask\u0026#8221; the odor, eliminate it \u0026#8220;permanently\u0026#8221; by treating the source of the odor, not just the smell. \u003C/p\u003E\n\n\u003Cp\u003EIt\u0026#8217;s not just a guarantee, it\u0026#8217;s Science.\u003C/p\u003E",
 "image":
  {"available_sizes":
    [[[150,
       94],
      "http://api-images.crunchbase.com/assets/images/resized/0042/2426/422426v2-max-150x150.png"],
     [[250,
       156],
      "http://api-images.crunchbase.com/assets/images/resized/0042/2426/422426v2-max-250x250.png"],
     [[319,
       200],
      "http://api-images.crunchbase.com/assets/images/resized/0042/2426/422426v2-max-450x450.png"]],
   "attribution": null},
 "products":
  [],
 "relationships":
  [{"is_past": false,
    "title": "Vice President Sales and Marketing",
    "person":
     {"first_name": "Kyle",
      "last_name": "Baily",
      "permalink": "kyle-baily"}}],
 "competitions":
  [],
 "providerships":
  [],
 "total_money_raised": "$0",
 "funding_rounds":
  [],
 "investments":
  [],
 "acquisition": null,
 "acquisitions":
  [],
 "offices":
  [{"description": "Corporate Office",
    "address1": "2570 Justin Road",
    "address2": "Suite 240",
    "zip_code": "75077",
    "city": "Highland Villag",
    "state_code": "TX",
    "country_code": "USA",
    "latitude": null,
    "longitude": null}],
 "milestones":
  [],
 "ipo": null,
 "video_embeds":
  [{"embed_code": "\u003Ciframe width=\"560\" height=\"315\" src=\"//www.youtube.com/embed/r8oiKQEJZHg\" frameborder=\"0\" allowfullscreen\u003E\u003C/iframe\u003E",
    "description": "\u003Cp\u003EAirClenz | The Odor Eliminator \u003C/p\u003E"}],
 "screenshots":
  [],
 "external_links":
  [],
 "partners":
  []}
