{"name": "Aire",
 "permalink": "aire",
 "crunchbase_url": "http://www.crunchbase.com/company/aire",
 "homepage_url": "http://Aire.io",
 "blog_url": "",
 "blog_feed_url": "",
 "twitter_username": "AireScore",
 "category_code": "analytics",
 "number_of_employees": 5,
 "founded_year": 2014,
 "founded_month": 1,
 "founded_day": 14,
 "deadpooled_year": null,
 "deadpooled_month": null,
 "deadpooled_day": null,
 "deadpooled_url": null,
 "tag_list": "credit, consumer, credit-scoring, algorithm, machine-learning, fintech",
 "alias_list": null,
 "email_address": "ask@aire.io",
 "phone_number": "",
 "description": "Reinventing credit scoring",
 "created_at": "Tue Jan 28 21:50:28 UTC 2014",
 "updated_at": "Tue Feb 04 23:15:08 UTC 2014",
 "overview": "\u003Cp\u003EAire\u00a0is a London-based FinTech startup that is reinventing credit scoring of individuals via machine-learning algorithms.\u003C/p\u003E\n\n\u003Cp\u003EWe are an extremely consumer-centric company, always guided by our vision of helping consumers get the true credit score that they really deserve. Improving financial inclusion is core to our mission and we passionately advocate reform.\u003C/p\u003E\n\n\u003Cp\u003ERather than using the traditional backward-looking models for credit scoring, we look at deeper data-driven analysis to generate a score based on the customer\u0026#8217;s character and personality. We feel this fresh approach will allow us to serve unbanked citizens across multiple markets.\u003C/p\u003E\n\n\u003Cp\u003EBetter credit scoring via Aire\u2122\u003C/p\u003E",
 "image":
  {"available_sizes":
    [[[150,
       90],
      "http://api-images.crunchbase.com/assets/images/resized/0040/3034/403034v2-max-150x150.jpg"],
     [[250,
       150],
      "http://api-images.crunchbase.com/assets/images/resized/0040/3034/403034v2-max-250x250.jpg"],
     [[300,
       180],
      "http://api-images.crunchbase.com/assets/images/resized/0040/3034/403034v2-max-450x450.jpg"]],
   "attribution": null},
 "products":
  [],
 "relationships":
  [],
 "competitions":
  [],
 "providerships":
  [],
 "total_money_raised": "$0",
 "funding_rounds":
  [],
 "investments":
  [],
 "acquisition": null,
 "acquisitions":
  [],
 "offices":
  [],
 "milestones":
  [],
 "ipo": null,
 "video_embeds":
  [],
 "screenshots":
  [],
 "external_links":
  [],
 "partners":
  []}
