{"name": "Airport Parking Shop",
 "permalink": "airport-parking-shop",
 "crunchbase_url": "http://www.crunchbase.com/company/airport-parking-shop",
 "homepage_url": "http://www.airport-parking-shop.co.uk",
 "blog_url": "http://www.airport-parking-shop.co.uk/blog/",
 "blog_feed_url": "http://www.airport-parking-shop.co.uk/blog/feed/",
 "twitter_username": "airportparkshop",
 "category_code": "travel",
 "number_of_employees": 12,
 "founded_year": 2003,
 "founded_month": 9,
 "founded_day": null,
 "deadpooled_year": null,
 "deadpooled_month": null,
 "deadpooled_day": null,
 "deadpooled_url": null,
 "tag_list": "airport-parking, parking-comparison, airport-car-parks, parking-deals, price-engine, travel-comparison, money-saving",
 "alias_list": null,
 "email_address": "booking@airport-parking-shop.co.uk",
 "phone_number": "",
 "description": "UK Airport car parking price comparison",
 "created_at": "Fri Jan 24 15:33:58 UTC 2014",
 "updated_at": "Thu Jan 30 18:56:03 UTC 2014",
 "overview": "\u003Cp\u003EAirport Parking Shop is a price comparison engine comparing airport parking prices and facilities at UK\u0026#8217;s airports.\u003C/p\u003E\n\n\u003Cp\u003ELaunched in 2003, it has been in operation for over a decade and compares prices from 7 leading car parking providers.\u003C/p\u003E",
 "image":
  {"available_sizes":
    [[[150,
       81],
      "http://api-images.crunchbase.com/assets/images/resized/0040/1018/401018v2-max-150x150.png"],
     [[200,
       108],
      "http://api-images.crunchbase.com/assets/images/resized/0040/1018/401018v2-max-250x250.png"],
     [[200,
       108],
      "http://api-images.crunchbase.com/assets/images/resized/0040/1018/401018v2-max-450x450.png"]],
   "attribution": null},
 "products":
  [],
 "relationships":
  [],
 "competitions":
  [],
 "providerships":
  [],
 "total_money_raised": "$0",
 "funding_rounds":
  [],
 "investments":
  [],
 "acquisition": null,
 "acquisitions":
  [],
 "offices":
  [{"description": "Fubra Limited",
    "address1": "Manor Coach House",
    "address2": "Church Hill",
    "zip_code": "GU12 4RQ",
    "city": "Aldershot",
    "state_code": null,
    "country_code": "GBR",
    "latitude": null,
    "longitude": null}],
 "milestones":
  [{"id": 46593,
    "description": "The Airport Parking Shop Blog launches as the comparison site celebrates 10th anniversary",
    "stoned_year": 2013,
    "stoned_month": 9,
    "stoned_day": 27,
    "source_url": "http://www.airport-parking-shop.co.uk/blog/airport-parking-shop-celebrates-10th-anniversary/",
    "source_text": null,
    "source_description": "Airport Parking Shop celebrates 10th Anniversary",
    "stoneable_type": "Company",
    "stoned_value": null,
    "stoned_value_type": null,
    "stoned_acquirer": null,
    "stoneable":
     {"name": "Airport Parking Shop",
      "permalink": "airport-parking-shop"}}],
 "ipo": null,
 "video_embeds":
  [],
 "screenshots":
  [],
 "external_links":
  [{"external_url": "http://www.theguardian.com/money/2009/feb/28/saving-money-travel-holidays-budget",
    "title": " Twenty ways to cut the cost of your summer holiday"},
   {"external_url": "http://www.dailymail.co.uk/travel/article-1205320/The-Crafty-Traveller-Getting-best-airport-parking.html",
    "title": "The Crafty Traveller"}],
 "partners":
  []}
