{"name": "AirSure",
 "permalink": "airsure",
 "crunchbase_url": "http://www.crunchbase.com/company/airsure",
 "homepage_url": "http://www.airsure.com",
 "blog_url": "",
 "blog_feed_url": "",
 "twitter_username": null,
 "category_code": null,
 "number_of_employees": null,
 "founded_year": null,
 "founded_month": null,
 "founded_day": null,
 "deadpooled_year": null,
 "deadpooled_month": null,
 "deadpooled_day": null,
 "deadpooled_url": null,
 "tag_list": "",
 "alias_list": "",
 "email_address": "",
 "phone_number": "(303) 526-5300",
 "description": "",
 "created_at": "Fri Feb 07 04:13:31 UTC 2014",
 "updated_at": "Fri Feb 07 04:15:45 UTC 2014",
 "overview": "\u003Cp\u003EAirSure has been focused on the aviation industry since its inception more than 20 years ago.\u003C/p\u003E\n\n\u003Cp\u003EUnder the combined leadership of CEO Bill Behan and President Larry Mattiello, we have built a reputation for service, integrity, and commitment. We serve customers worldwide, in virtually all types of operations and working conditions. From the Alaska wilderness to the growing demand of the Pacific Rim, our staff provides expert guidance and counsel on insurance and risk management based upon real world aviation experience and expertise. \u003C/p\u003E\n\n\u003Cp\u003EWhile our competition has continued to divide its attention among a variety of industries and disciplines, AirSure has remained dedicated to offering a level of capability and service unmatched in the aviation industry.\u003C/p\u003E\n\n\u003Cp\u003EFrom our offices in Golden, Colorado and Dallas, Texas, our worldwide clout gives us the kind of negotiating strength it takes to provide customers with the most comprehensive and cost-effective coverage possible \u2013 and provides an even higher level of capability and assurance to every customer we serve.\u003C/p\u003E",
 "image":
  {"available_sizes":
    [[[150,
       69],
      "http://api-images.crunchbase.com/assets/images/resized/0040/9910/409910v1-max-150x150.png"],
     [[173,
       80],
      "http://api-images.crunchbase.com/assets/images/resized/0040/9910/409910v1-max-250x250.png"],
     [[173,
       80],
      "http://api-images.crunchbase.com/assets/images/resized/0040/9910/409910v1-max-450x450.png"]],
   "attribution": null},
 "products":
  [],
 "relationships":
  [],
 "competitions":
  [],
 "providerships":
  [],
 "total_money_raised": "$0",
 "funding_rounds":
  [],
 "investments":
  [],
 "acquisition":
  {"price_amount": null,
   "price_currency_code": "USD",
   "term_code": null,
   "source_url": "http://www.prweb.com/releases/2014/02/prweb11543738.htm",
   "source_description": "AssuredPartners Acquires AirSure Limited",
   "acquired_year": 2014,
   "acquired_month": 2,
   "acquired_day": 5,
   "acquiring_company":
    {"name": "AssuredPartners",
     "permalink": "assuredpartners"}},
 "acquisitions":
  [],
 "offices":
  [{"description": "",
    "address1": "",
    "address2": "25548 Genesee Trail Road",
    "zip_code": "",
    "city": "Golden",
    "state_code": "CO",
    "country_code": "USA",
    "latitude": null,
    "longitude": null}],
 "milestones":
  [],
 "ipo": null,
 "video_embeds":
  [],
 "screenshots":
  [{"available_sizes":
     [[[150,
        95],
       "http://api-images.crunchbase.com/assets/images/resized/0040/9909/409909v1-max-150x150.png"],
      [[250,
        158],
       "http://api-images.crunchbase.com/assets/images/resized/0040/9909/409909v1-max-250x250.png"],
      [[450,
        286],
       "http://api-images.crunchbase.com/assets/images/resized/0040/9909/409909v1-max-450x450.png"]],
    "attribution": null}],
 "external_links":
  [],
 "partners":
  []}
