{"name": "Airsynergy",
 "permalink": "airsynergy",
 "crunchbase_url": "http://www.crunchbase.com/company/airsynergy",
 "homepage_url": "http://airsynergy.ie",
 "blog_url": "",
 "blog_feed_url": "",
 "twitter_username": null,
 "category_code": "cleantech",
 "number_of_employees": null,
 "founded_year": null,
 "founded_month": null,
 "founded_day": null,
 "deadpooled_year": null,
 "deadpooled_month": null,
 "deadpooled_day": null,
 "deadpooled_url": null,
 "tag_list": "",
 "alias_list": "",
 "email_address": "info@airsynergy.ie",
 "phone_number": "353 43 666 0855",
 "description": "",
 "created_at": "Fri Feb 28 03:23:08 UTC 2014",
 "updated_at": "Fri Feb 28 03:27:20 UTC 2014",
 "overview": "\u003Cp\u003EOver the last four years Airsynergy has developed and patented ground breaking renewable energy solutions.This includes a fully scalable wind turbine with 100% greater power output than conventional wind turbines. These products, for the first time, make wind energy cheaper than fossil fuels.Airsynergy is now actively seeking licensing partners throughout the globe to manufacture products based on Airsynergy\u2019s cutting edge designs.\u003C/p\u003E",
 "image":
  {"available_sizes":
    [[[127,
       77],
      "http://api-images.crunchbase.com/assets/images/resized/0042/4109/424109v1-max-150x150.png"],
     [[127,
       77],
      "http://api-images.crunchbase.com/assets/images/resized/0042/4109/424109v1-max-250x250.png"],
     [[127,
       77],
      "http://api-images.crunchbase.com/assets/images/resized/0042/4109/424109v1-max-450x450.png"]],
   "attribution": null},
 "products":
  [],
 "relationships":
  [{"is_past": false,
    "title": "CEO",
    "person":
     {"first_name": "Jim",
      "last_name": "Smyth",
      "permalink": "jim-smyth"}},
   {"is_past": false,
    "title": "CFO",
    "person":
     {"first_name": "Gerard",
      "last_name": "Smyth",
      "permalink": "gerard-smyth"}},
   {"is_past": false,
    "title": "CTO",
    "person":
     {"first_name": "David",
      "last_name": "Smyth",
      "permalink": "david-smyth-2"}},
   {"is_past": false,
    "title": "COO",
    "person":
     {"first_name": "Colin",
      "last_name": "Morgan",
      "permalink": "colin-morgan"}}],
 "competitions":
  [],
 "providerships":
  [],
 "total_money_raised": "\u20ac2M",
 "funding_rounds":
  [{"id": 66887,
    "round_code": "unattributed",
    "source_url": "http://www.cleantechinvestor.com/portal/mainmenucomp/companiesa/3239-airsynergy/11655-shrouded-wind-turbine-developer-airsynergy-raises-2-million.html",
    "source_description": "Shrouded wind turbine developer AirSynergy raises \u20ac2 million",
    "raised_amount": 2000000.0,
    "raised_currency_code": "EUR",
    "funded_year": 2014,
    "funded_month": 2,
    "funded_day": 27,
    "investments":
     [{"company": null,
       "financial_org": null,
       "person":
        {"first_name": "Gerry",
         "last_name": "Ryan",
         "permalink": "gerry-ryan"}},
      {"company": null,
       "financial_org": null,
       "person":
        {"first_name": "Daniel",
         "last_name": "Ahern",
         "permalink": "daniel-ahern"}}]}],
 "investments":
  [],
 "acquisition": null,
 "acquisitions":
  [],
 "offices":
  [{"description": "",
    "address1": "",
    "address2": "Granard",
    "zip_code": "",
    "city": "Co. Longford",
    "state_code": null,
    "country_code": "IRL",
    "latitude": null,
    "longitude": null}],
 "milestones":
  [],
 "ipo": null,
 "video_embeds":
  [],
 "screenshots":
  [{"available_sizes":
     [[[150,
        83],
       "http://api-images.crunchbase.com/assets/images/resized/0042/4108/424108v1-max-150x150.png"],
      [[250,
        139],
       "http://api-images.crunchbase.com/assets/images/resized/0042/4108/424108v1-max-250x250.png"],
      [[450,
        251],
       "http://api-images.crunchbase.com/assets/images/resized/0042/4108/424108v1-max-450x450.png"]],
    "attribution": null}],
 "external_links":
  [],
 "partners":
  []}
