{"name": "Airtecnics",
 "permalink": "airtecnics",
 "crunchbase_url": "http://www.crunchbase.com/company/airtecnics",
 "homepage_url": "http://www.airtecnics.com",
 "blog_url": "",
 "blog_feed_url": "",
 "twitter_username": "airtecnics",
 "category_code": "manufacturing",
 "number_of_employees": 30,
 "founded_year": 1986,
 "founded_month": 1,
 "founded_day": 1,
 "deadpooled_year": null,
 "deadpooled_month": null,
 "deadpooled_day": null,
 "deadpooled_url": null,
 "tag_list": "cold-chamber-doors, industrial-air-curtains, air-curtains, air-curtain, air-door, air-doors, design-air-curtains, revolving-doors-air-curtains, insect-control, fly-fans, clean-rooms, commercial-air-curtains",
 "alias_list": null,
 "email_address": "airtecnics@airtecnics.com",
 "phone_number": "+34937159988",
 "description": "Air Curtains International Manufacturer ",
 "created_at": "Mon Feb 24 16:31:24 UTC 2014",
 "updated_at": "Tue Feb 25 13:00:57 UTC 2014",
 "overview": "\u003Cp\u003EAirt\u00e8cnics is a leading manufacturer of HVAC equipment. His main business are the air curtains. They produce a full range of air curtains. They have the product and the solution for any air curtains application.\u003C/p\u003E\n\n\u003Cul\u003E\n\u003Cli\u003ECold chamber doors - Cold Storage\u003C/li\u003E\n\u003Cli\u003EIndustrial doors\u003C/li\u003E\n\u003Cli\u003EInsect \u0026amp; Pest Control - Fly fans\u003C/li\u003E\n\u003Cli\u003EDoor climate protection\u003C/li\u003E\n\u003Cli\u003EDust, pollution and airborne control - Clean Rooms\u003C/li\u003E\n\u003Cli\u003EDrive-thru windows\u003C/li\u003E\n\u003Cli\u003EDesign \u0026amp; Decoration air curtains\u003C/li\u003E\n\u003Cli\u003ECommercial premises\u003C/li\u003E\n\u003Cli\u003ELandmark buildings\u003C/li\u003E\n\u003Cli\u003EAir curtains for revolving doors\u003C/li\u003E\n\u003Cli\u003EHeat Pump Air curtains\u003C/li\u003E\n\u003C/ul\u003E\n\n\u003Cp\u003EA highly professional team will help you to choose the correct equipment in each application.\u003C/p\u003E",
 "image":
  {"available_sizes":
    [[[150,
       29],
      "http://api-images.crunchbase.com/assets/images/resized/0042/2197/422197v2-max-150x150.jpg"],
     [[160,
       31],
      "http://api-images.crunchbase.com/assets/images/resized/0042/2197/422197v2-max-250x250.jpg"],
     [[160,
       31],
      "http://api-images.crunchbase.com/assets/images/resized/0042/2197/422197v2-max-450x450.jpg"]],
   "attribution": null},
 "products":
  [],
 "relationships":
  [{"is_past": true,
    "title": "Marketing Manager",
    "person":
     {"first_name": "Jordi",
      "last_name": "Oltra",
      "permalink": "jordi-oltra"}},
   {"is_past": true,
    "title": "Technical Department Manager",
    "person":
     {"first_name": "Jordi",
      "last_name": "Hierro",
      "permalink": "jordi-hierro"}}],
 "competitions":
  [],
 "providerships":
  [],
 "total_money_raised": "$0",
 "funding_rounds":
  [],
 "investments":
  [],
 "acquisition": null,
 "acquisitions":
  [],
 "offices":
  [{"description": "Headquarters",
    "address1": "Conca de Barber\u00e0 n\u00ba6",
    "address2": "Pol.Ind Pla de la Bruguera",
    "zip_code": "08211",
    "city": "Castellar del Vall\u00e8s",
    "state_code": null,
    "country_code": "ESP",
    "latitude": null,
    "longitude": null}],
 "milestones":
  [],
 "ipo": null,
 "video_embeds":
  [{"embed_code": "\u003Ciframe width=\"560\" height=\"315\" src=\"//www.youtube.com/embed/QnAu71biS2A\" frameborder=\"0\" allowfullscreen\u003E\u003C/iframe\u003E",
    "description": "\u003Cp\u003EAir Curtains Overview\u003C/p\u003E"}],
 "screenshots":
  [],
 "external_links":
  [{"external_url": "http://www.facebook.com/aircurtains.manufacturer",
    "title": "Facebook"},
   {"external_url": "http://www.linkedin.com/company/airt-cnics---motors-i-ventiladors-sl",
    "title": "LinkedIn"},
   {"external_url": "http://www.twitter.com/airtecnics",
    "title": "Twitter"},
   {"external_url": "http://www.pinterest.com/aircurtains/",
    "title": "Pinterest"},
   {"external_url": "http://www.flickr.com/photos/aircurtains/",
    "title": "Flickr"},
   {"external_url": "http://plus.google.com/+Airtecnics/about",
    "title": "Google+"},
   {"external_url": "http://www.youtube.com/TheAirCurtains",
    "title": "YouTube"}],
 "partners":
  []}
