{"name": "Akatus Payments",
 "permalink": "akatus-payments",
 "crunchbase_url": "http://www.crunchbase.com/company/akatus-payments",
 "homepage_url": "http://www.akatus.com",
 "blog_url": "",
 "blog_feed_url": "",
 "twitter_username": "Akatus_br",
 "category_code": "mobile",
 "number_of_employees": null,
 "founded_year": null,
 "founded_month": null,
 "founded_day": null,
 "deadpooled_year": null,
 "deadpooled_month": null,
 "deadpooled_day": null,
 "deadpooled_url": null,
 "tag_list": "",
 "alias_list": null,
 "email_address": "",
 "phone_number": "",
 "description": "Mobile Brazil Payments. For real. ",
 "created_at": "Tue Jan 28 20:22:40 UTC 2014",
 "updated_at": "Mon Mar 10 07:37:46 UTC 2014",
 "overview": "\u003Cp\u003EYou need payments in your business? We\u0026#8217;re here. Brazilian Payments made easy. Akatus Payment Services (APS) has everything you need about payments in Brazil - specially mobile.\u003C/p\u003E",
 "image":
  {"available_sizes":
    [[[73,
       73],
      "http://api-images.crunchbase.com/assets/images/resized/0040/3016/403016v2-max-150x150.jpg"],
     [[73,
       73],
      "http://api-images.crunchbase.com/assets/images/resized/0040/3016/403016v2-max-250x250.jpg"],
     [[73,
       73],
      "http://api-images.crunchbase.com/assets/images/resized/0040/3016/403016v2-max-450x450.jpg"]],
   "attribution": null},
 "products":
  [],
 "relationships":
  [{"is_past": false,
    "title": "CEO",
    "person":
     {"first_name": "Rene",
      "last_name": "Abe",
      "permalink": "rene-abe"}}],
 "competitions":
  [],
 "providerships":
  [],
 "total_money_raised": "$0",
 "funding_rounds":
  [],
 "investments":
  [],
 "acquisition": null,
 "acquisitions":
  [],
 "offices":
  [],
 "milestones":
  [],
 "ipo": null,
 "video_embeds":
  [],
 "screenshots":
  [],
 "external_links":
  [{"external_url": "http://exame.abril.com.br/negocios/noticias/o-novo-negocio-de-carlos-martins-ex-grupo-multi",
    "title": "[pt-BR] New Akatus CEO"}],
 "partners":
  []}
