{"name": "Akita",
 "permalink": "akita",
 "crunchbase_url": "http://www.crunchbase.com/company/akita",
 "homepage_url": "http://www.getakita.com",
 "blog_url": "http://www.getakita.com/blog",
 "blog_feed_url": "",
 "twitter_username": "AkitaApp",
 "category_code": "software",
 "number_of_employees": 3,
 "founded_year": 2014,
 "founded_month": 1,
 "founded_day": null,
 "deadpooled_year": null,
 "deadpooled_month": null,
 "deadpooled_day": null,
 "deadpooled_url": null,
 "tag_list": "crm, sales, business-intelligence, saas",
 "alias_list": null,
 "email_address": "clay@getakita.com",
 "phone_number": "",
 "description": "Integrating Your Business Data",
 "created_at": "Sun Feb 23 11:24:34 UTC 2014",
 "updated_at": "Mon Feb 24 21:48:40 UTC 2014",
 "overview": "\u003Cp\u003EAkita is a sales tool that brings together all of the data a company knows about its customers and uses that data to create an automated, data-driven sales process.\u003C/p\u003E\n\n\u003Cp\u003ESales people often work in a bubble\u0026#8211;armed only with the their historical interactions with customers (in the form of old emails). They often do not have access to other valuable interactions between their customers and their business, such as:\u003C/p\u003E\n\n\u003Cul\u003E\n\u003Cli\u003EWhen invoices were created and paid,\u003C/li\u003E\n\u003Cli\u003EWhether or not their customers\u0026#8217; service requests have been dealt with,\u003C/li\u003E\n\u003Cli\u003EHow they are interacting with marketing material such as email blasts.\u003C/li\u003E\n\u003C/ul\u003E\n\n\u003Cp\u003EThis lack of information results in inefficiencies in the sales process and lower sales. Akita delivers this data to salespeople and allow them to use it to create a more efficient sales process.\u003C/p\u003E",
 "image":
  {"available_sizes":
    [[[150,
       33],
      "http://api-images.crunchbase.com/assets/images/resized/0042/0492/420492v2-max-150x150.png"],
     [[250,
       55],
      "http://api-images.crunchbase.com/assets/images/resized/0042/0492/420492v2-max-250x250.png"],
     [[450,
       99],
      "http://api-images.crunchbase.com/assets/images/resized/0042/0492/420492v2-max-450x450.png"]],
   "attribution": null},
 "products":
  [],
 "relationships":
  [{"is_past": false,
    "title": "Founder",
    "person":
     {"first_name": "David",
      "last_name": "Clay Smith",
      "permalink": "david-clay-smith"}}],
 "competitions":
  [],
 "providerships":
  [],
 "total_money_raised": "\u20ac20k",
 "funding_rounds":
  [{"id": 65899,
    "round_code": "seed",
    "source_url": "http://ndrc.ie/launchpad/",
    "source_description": "NDRC Launchpad",
    "raised_amount": 20000.0,
    "raised_currency_code": "EUR",
    "funded_year": 2014,
    "funded_month": 2,
    "funded_day": 23,
    "investments":
     [{"company":
        {"name": "NDRC Launchpad",
         "permalink": "ndrc-launchpad-deleted"},
       "financial_org": null,
       "person": null}]}],
 "investments":
  [],
 "acquisition": null,
 "acquisitions":
  [],
 "offices":
  [{"description": "Akita",
    "address1": "Launchpad",
    "address2": "NDRC",
    "zip_code": "",
    "city": "Dublin 8",
    "state_code": null,
    "country_code": "IRL",
    "latitude": null,
    "longitude": null}],
 "milestones":
  [],
 "ipo": null,
 "video_embeds":
  [],
 "screenshots":
  [],
 "external_links":
  [],
 "partners":
  []}
