{"name": "Aklero Risk Analytics",
 "permalink": "aklero-risk-analytics",
 "crunchbase_url": "http://www.crunchbase.com/company/aklero-risk-analytics",
 "homepage_url": null,
 "blog_url": null,
 "blog_feed_url": null,
 "twitter_username": null,
 "category_code": null,
 "number_of_employees": null,
 "founded_year": null,
 "founded_month": null,
 "founded_day": null,
 "deadpooled_year": null,
 "deadpooled_month": null,
 "deadpooled_day": null,
 "deadpooled_url": null,
 "tag_list": null,
 "alias_list": null,
 "email_address": null,
 "phone_number": null,
 "description": null,
 "created_at": "Sat Jan 25 13:20:41 UTC 2014",
 "updated_at": "Sat Jan 25 13:20:41 UTC 2014",
 "overview": null,
 "image": null,
 "products":
  [],
 "relationships":
  [{"is_past": false,
    "title": "CEO",
    "person":
     {"first_name": "Brian",
      "last_name": "K. Fitzpatrick",
      "permalink": "brian-k-fitzpatrick"}},
   {"is_past": true,
    "title": "SVP of Client Solutions",
    "person":
     {"first_name": "Craig",
      "last_name": "Riddell",
      "permalink": "craig-riddell"}},
   {"is_past": true,
    "title": "Vice President of Credit Operations",
    "person":
     {"first_name": "Griff",
      "last_name": "Durham",
      "permalink": "griff-durham"}}],
 "competitions":
  [],
 "providerships":
  [],
 "total_money_raised": "$0",
 "funding_rounds":
  [],
 "investments":
  [],
 "acquisition": null,
 "acquisitions":
  [],
 "offices":
  [],
 "milestones":
  [],
 "ipo": null,
 "video_embeds":
  [],
 "screenshots":
  [],
 "external_links":
  [],
 "partners":
  []}
