{"name": "AktifData",
 "permalink": "aktifdata",
 "crunchbase_url": "http://www.crunchbase.com/company/aktifdata",
 "homepage_url": "http://www.aktifdata.com",
 "blog_url": "",
 "blog_feed_url": "",
 "twitter_username": "aktif_data",
 "category_code": null,
 "number_of_employees": null,
 "founded_year": 2011,
 "founded_month": null,
 "founded_day": null,
 "deadpooled_year": null,
 "deadpooled_month": null,
 "deadpooled_day": null,
 "deadpooled_url": null,
 "tag_list": null,
 "alias_list": "",
 "email_address": "info@aktifdata.com",
 "phone_number": "(0232) 445 6261",
 "description": "",
 "created_at": "Wed Feb 05 10:41:23 UTC 2014",
 "updated_at": "Wed Feb 05 10:44:46 UTC 2014",
 "overview": null,
 "image":
  {"available_sizes":
    [[[150,
       37],
      "http://api-images.crunchbase.com/assets/images/resized/0040/8474/408474v1-max-150x150.png"],
     [[211,
       53],
      "http://api-images.crunchbase.com/assets/images/resized/0040/8474/408474v1-max-250x250.png"],
     [[211,
       53],
      "http://api-images.crunchbase.com/assets/images/resized/0040/8474/408474v1-max-450x450.png"]],
   "attribution": null},
 "products":
  [],
 "relationships":
  [{"is_past": false,
    "title": "Software developer and founder",
    "person":
     {"first_name": "Serkan",
      "last_name": "Icer",
      "permalink": "serkan-icer"}}],
 "competitions":
  [],
 "providerships":
  [],
 "total_money_raised": "$0",
 "funding_rounds":
  [],
 "investments":
  [],
 "acquisition": null,
 "acquisitions":
  [],
 "offices":
  [{"description": "",
    "address1": "846 Sok. No: 51/112",
    "address2": "Konak",
    "zip_code": "",
    "city": "IZMIR",
    "state_code": null,
    "country_code": "TUR",
    "latitude": null,
    "longitude": null}],
 "milestones":
  [],
 "ipo": null,
 "video_embeds":
  [],
 "screenshots":
  [{"available_sizes":
     [[[150,
        89],
       "http://api-images.crunchbase.com/assets/images/resized/0040/8476/408476v1-max-150x150.png"],
      [[250,
        149],
       "http://api-images.crunchbase.com/assets/images/resized/0040/8476/408476v1-max-250x250.png"],
      [[450,
        268],
       "http://api-images.crunchbase.com/assets/images/resized/0040/8476/408476v1-max-450x450.png"]],
    "attribution": null}],
 "external_links":
  [],
 "partners":
  []}
