{"name": "Aktiv Kapital",
 "permalink": "aktiv-kapital",
 "crunchbase_url": "http://www.crunchbase.com/company/aktiv-kapital",
 "homepage_url": "http://www.aktivkapital.com",
 "blog_url": "",
 "blog_feed_url": "",
 "twitter_username": null,
 "category_code": "finance",
 "number_of_employees": null,
 "founded_year": null,
 "founded_month": null,
 "founded_day": null,
 "deadpooled_year": null,
 "deadpooled_month": null,
 "deadpooled_day": null,
 "deadpooled_url": null,
 "tag_list": "",
 "alias_list": "",
 "email_address": "info@aktivkapital.com",
 "phone_number": " +47 24 10 31 00",
 "description": "",
 "created_at": "Fri Feb 21 03:55:11 UTC 2014",
 "updated_at": "Wed Apr 16 23:22:52 UTC 2014",
 "overview": "\u003Cp\u003EAktiv Kapital is an investment company specialized in the acquisition and servicing of non-performing consumer loans. We have more than 7m customers in 15 markets. Aktiv Kapital employs more than 400 people.\u003C/p\u003E",
 "image":
  {"available_sizes":
    [[[98,
       73],
      "http://api-images.crunchbase.com/assets/images/resized/0041/9367/419367v1-max-150x150.jpg"],
     [[98,
       73],
      "http://api-images.crunchbase.com/assets/images/resized/0041/9367/419367v1-max-250x250.jpg"],
     [[98,
       73],
      "http://api-images.crunchbase.com/assets/images/resized/0041/9367/419367v1-max-450x450.jpg"]],
   "attribution": null},
 "products":
  [],
 "relationships":
  [],
 "competitions":
  [],
 "providerships":
  [],
 "total_money_raised": "$0",
 "funding_rounds":
  [],
 "investments":
  [],
 "acquisition":
  {"price_amount": 1300000000.0,
   "price_currency_code": "USD",
   "term_code": "cash_and_stock",
   "source_url": "http://www.thestreet.com/story/12425885/1/portfolio-recovery-collects-aktiv-kapital-in-13b-deal.html",
   "source_description": "Portfolio Recovery Collects Aktiv Kapital in $1.3B Deal",
   "acquired_year": 2014,
   "acquired_month": 2,
   "acquired_day": 20,
   "acquiring_company":
    {"name": "Portfolio Recovery Associates",
     "permalink": "portfolio-recovery-associates"}},
 "acquisitions":
  [],
 "offices":
  [{"description": "",
    "address1": "Christian Krohgs Gate 16",
    "address2": "NO-0186 Oslo",
    "zip_code": "NO-0133 Oslo",
    "city": "P.O. Box 9106 Gr\u00f8nland",
    "state_code": null,
    "country_code": "NOR",
    "latitude": null,
    "longitude": null}],
 "milestones":
  [],
 "ipo": null,
 "video_embeds":
  [],
 "screenshots":
  [{"available_sizes":
     [[[150,
        94],
       "http://api-images.crunchbase.com/assets/images/resized/0041/9366/419366v1-max-150x150.png"],
      [[250,
        157],
       "http://api-images.crunchbase.com/assets/images/resized/0041/9366/419366v1-max-250x250.png"],
      [[450,
        284],
       "http://api-images.crunchbase.com/assets/images/resized/0041/9366/419366v1-max-450x450.png"]],
    "attribution": null}],
 "external_links":
  [],
 "partners":
  []}
