{"name": "Aktive Bay",
 "permalink": "aktive-bay",
 "crunchbase_url": "http://www.crunchbase.com/company/aktive-bay",
 "homepage_url": "http://www.aktivebay.com",
 "blog_url": "",
 "blog_feed_url": "",
 "twitter_username": null,
 "category_code": "health",
 "number_of_employees": 4,
 "founded_year": 2013,
 "founded_month": null,
 "founded_day": null,
 "deadpooled_year": null,
 "deadpooled_month": null,
 "deadpooled_day": null,
 "deadpooled_url": null,
 "tag_list": "",
 "alias_list": null,
 "email_address": "info@aktivebay.com",
 "phone_number": "",
 "description": "Social Kayak for Sports",
 "created_at": "Thu Jan 30 04:11:48 UTC 2014",
 "updated_at": "Wed Apr 09 09:31:55 UTC 2014",
 "overview": "\u003Cp\u003EA social site that provides information on local fitness and recreational sports offerings.\u003C/p\u003E",
 "image":
  {"available_sizes":
    [[[150,
       45],
      "http://api-images.crunchbase.com/assets/images/resized/0040/8907/408907v2-max-150x150.png"],
     [[250,
       76],
      "http://api-images.crunchbase.com/assets/images/resized/0040/8907/408907v2-max-250x250.png"],
     [[450,
       136],
      "http://api-images.crunchbase.com/assets/images/resized/0040/8907/408907v2-max-450x450.png"]],
   "attribution": null},
 "products":
  [],
 "relationships":
  [],
 "competitions":
  [],
 "providerships":
  [],
 "total_money_raised": "$100k",
 "funding_rounds":
  [{"id": 62872,
    "round_code": "seed",
    "source_url": "http://startupbrasil.mcti.gov.br/en/here-are-the-startups-selected-in-the-second-call/",
    "source_description": "Startup Brazil",
    "raised_amount": 100000.0,
    "raised_currency_code": "USD",
    "funded_year": 2014,
    "funded_month": 2,
    "funded_day": null,
    "investments":
     []}],
 "investments":
  [],
 "acquisition": null,
 "acquisitions":
  [],
 "offices":
  [],
 "milestones":
  [],
 "ipo": null,
 "video_embeds":
  [{"embed_code": "\u003Ciframe width=\"400\" height=\"235\" src=\"//www.youtube.com/embed/CnjOg_UUnd0\" frameborder=\"0\" allowfullscreen\u003E\u003C/iframe\u003E",
    "description": "\u003Cp\u003EAktive Bay explainer\u003C/p\u003E"}],
 "screenshots":
  [],
 "external_links":
  [],
 "partners":
  []}
