{"name": "Albany NY",
 "permalink": "albany-ny",
 "crunchbase_url": "http://www.crunchbase.com/company/albany-ny",
 "homepage_url": null,
 "blog_url": null,
 "blog_feed_url": null,
 "twitter_username": null,
 "category_code": null,
 "number_of_employees": null,
 "founded_year": null,
 "founded_month": null,
 "founded_day": null,
 "deadpooled_year": null,
 "deadpooled_month": null,
 "deadpooled_day": null,
 "deadpooled_url": null,
 "tag_list": null,
 "alias_list": null,
 "email_address": null,
 "phone_number": null,
 "description": null,
 "created_at": "Tue Feb 04 20:59:20 UTC 2014",
 "updated_at": "Tue Feb 04 20:59:20 UTC 2014",
 "overview": null,
 "image": null,
 "products":
  [],
 "relationships":
  [{"is_past": true,
    "title": "Vice President and Chief Operating Officer of NanoTech Resources",
    "person":
     {"first_name": "Douglas",
      "last_name": "Grose",
      "permalink": "douglas-grose"}},
   {"is_past": true,
    "title": "Administrative Assistant",
    "person":
     {"first_name": "Jordan",
      "last_name": "Levy",
      "permalink": "jordan-levy"}}],
 "competitions":
  [],
 "providerships":
  [],
 "total_money_raised": "$0",
 "funding_rounds":
  [],
 "investments":
  [],
 "acquisition": null,
 "acquisitions":
  [],
 "offices":
  [],
 "milestones":
  [],
 "ipo": null,
 "video_embeds":
  [],
 "screenshots":
  [],
 "external_links":
  [],
 "partners":
  []}
