{"name": "Albany Ga Injury Law Firm",
 "permalink": "albany-ga-injury-law-firm",
 "crunchbase_url": "http://www.crunchbase.com/company/albany-ga-injury-law-firm",
 "homepage_url": "http://albanygainjurylawfirm.com",
 "blog_url": "",
 "blog_feed_url": "",
 "twitter_username": null,
 "category_code": "legal",
 "number_of_employees": null,
 "founded_year": null,
 "founded_month": null,
 "founded_day": null,
 "deadpooled_year": null,
 "deadpooled_month": null,
 "deadpooled_day": null,
 "deadpooled_url": null,
 "tag_list": "accident-attorney",
 "alias_list": null,
 "email_address": "attorney01@outlook.com",
 "phone_number": "229 8837463",
 "description": "Accident Attorney",
 "created_at": "Thu Feb 13 12:25:49 UTC 2014",
 "updated_at": "Tue Feb 18 23:39:03 UTC 2014",
 "overview": "\u003Cp\u003EAt the law firm of Attorny William H. Hedrick, we represent your best interest. We give you legal guidance face to face and our goal is to see that you are fairly compensated.\u003C/p\u003E",
 "image":
  {"available_sizes":
    [[[150,
       112],
      "http://api-images.crunchbase.com/assets/images/resized/0041/4395/414395v2-max-150x150.jpg"],
     [[250,
       187],
      "http://api-images.crunchbase.com/assets/images/resized/0041/4395/414395v2-max-250x250.jpg"],
     [[259,
       194],
      "http://api-images.crunchbase.com/assets/images/resized/0041/4395/414395v2-max-450x450.jpg"]],
   "attribution": null},
 "products":
  [],
 "relationships":
  [],
 "competitions":
  [],
 "providerships":
  [],
 "total_money_raised": "$0",
 "funding_rounds":
  [],
 "investments":
  [],
 "acquisition": null,
 "acquisitions":
  [],
 "offices":
  [],
 "milestones":
  [],
 "ipo": null,
 "video_embeds":
  [],
 "screenshots":
  [],
 "external_links":
  [{"external_url": "http://albanygainjurylawfirm.com",
    "title": "http://albanygainjurylawfirm.com"}],
 "partners":
  []}
