{"name": "Alberto Medrano, Keller Williams St Pete Realty",
 "permalink": "alberto-medrano-keller-williams-st-pete-realty",
 "crunchbase_url": "http://www.crunchbase.com/company/alberto-medrano-keller-williams-st-pete-realty",
 "homepage_url": "http://stpetersburghomes4sale.net",
 "blog_url": "",
 "blog_feed_url": "",
 "twitter_username": "albertodmedrano",
 "category_code": "real_estate",
 "number_of_employees": 500,
 "founded_year": null,
 "founded_month": null,
 "founded_day": null,
 "deadpooled_year": null,
 "deadpooled_month": null,
 "deadpooled_day": null,
 "deadpooled_url": null,
 "tag_list": "real-estate-in-st-petersburg-fl, condos-for-sale-in-st-petersburg",
 "alias_list": null,
 "email_address": "AlbertoDMedrano@gmail.com",
 "phone_number": "727-851-6488",
 "description": "Alberto Medrano, Keller Williams St Pete",
 "created_at": "Fri Feb 07 05:30:49 UTC 2014",
 "updated_at": "Tue Apr 15 09:59:37 UTC 2014",
 "overview": "\u003Cp\u003EAlberto Medrano, a full time real estate agent in Saint Petersburg, Florida. He helps homebuyers and home sellers with their residential properties in Pinellas County Florida and the neighboring areas.\u003C/p\u003E",
 "image": null,
 "products":
  [],
 "relationships":
  [],
 "competitions":
  [],
 "providerships":
  [],
 "total_money_raised": "$0",
 "funding_rounds":
  [],
 "investments":
  [],
 "acquisition": null,
 "acquisitions":
  [],
 "offices":
  [],
 "milestones":
  [],
 "ipo": null,
 "video_embeds":
  [],
 "screenshots":
  [],
 "external_links":
  [],
 "partners":
  []}
