{"name": "Albion Second Facility",
 "permalink": "albion-second-facility",
 "crunchbase_url": "http://www.crunchbase.com/company/albion-second-facility",
 "homepage_url": null,
 "blog_url": "",
 "blog_feed_url": "",
 "twitter_username": null,
 "category_code": null,
 "number_of_employees": null,
 "founded_year": null,
 "founded_month": null,
 "founded_day": null,
 "deadpooled_year": null,
 "deadpooled_month": null,
 "deadpooled_day": null,
 "deadpooled_url": null,
 "tag_list": "",
 "alias_list": "",
 "email_address": "",
 "phone_number": "401)254-0601",
 "description": "",
 "created_at": "Mon Feb 03 12:13:53 UTC 2014",
 "updated_at": "Mon Feb 03 12:13:52 UTC 2014",
 "overview": "",
 "image": null,
 "products":
  [],
 "relationships":
  [],
 "competitions":
  [],
 "providerships":
  [],
 "total_money_raised": "$575k",
 "funding_rounds":
  [{"id": 63282,
    "round_code": "partial",
    "source_url": "http://www.sec.gov/Archives/edgar/data/1453246/000145324609000003/xslFormDX01/primary_doc.xml",
    "source_description": "SEC",
    "raised_amount": 575000.0,
    "raised_currency_code": "USD",
    "funded_year": 2009,
    "funded_month": 1,
    "funded_day": 6,
    "investments":
     []}],
 "investments":
  [],
 "acquisition": null,
 "acquisitions":
  [],
 "offices":
  [{"description": "",
    "address1": "191 Social Street",
    "address2": "",
    "zip_code": "02895",
    "city": "Woonsocket",
    "state_code": "RI",
    "country_code": "USA",
    "latitude": null,
    "longitude": null}],
 "milestones":
  [],
 "ipo": null,
 "video_embeds":
  [],
 "screenshots":
  [],
 "external_links":
  [],
 "partners":
  []}
