{"name": "Alchip",
 "permalink": "alchip-technologies-inc",
 "crunchbase_url": "http://www.crunchbase.com/company/alchip-technologies-inc",
 "homepage_url": "http://www.alchip.com",
 "blog_url": "",
 "blog_feed_url": "",
 "twitter_username": null,
 "category_code": "manufacturing",
 "number_of_employees": null,
 "founded_year": null,
 "founded_month": null,
 "founded_day": null,
 "deadpooled_year": null,
 "deadpooled_month": null,
 "deadpooled_day": null,
 "deadpooled_url": null,
 "tag_list": "",
 "alias_list": "",
 "email_address": "",
 "phone_number": "",
 "description": "",
 "created_at": "Thu Feb 27 17:26:46 UTC 2014",
 "updated_at": "Tue Mar 18 17:56:36 UTC 2014",
 "overview": "\u003Cp\u003EAlchip Technologies, Inc. is devoted to the supply of silicone design and manufacturing services for complex and high-volume system-on-chip (SoC) designs. \u003C/p\u003E\n\n\u003Cp\u003EWith the increase of the complexity of IC design technology and the demand of pushing products into the market, Alchip is dedicated to providing resolution schemes with the highest cost-benefit ratio for clients, making sure that clients can tape out successfully once and push their products into the market quickly, and it is committed to transcending clients\u0026#8217; expectation of product quality, reliable service and timely production in large numbers, becoming the best silicon design service partner of clients.\u003C/p\u003E",
 "image":
  {"available_sizes":
    [[[150,
       68],
      "http://api-images.crunchbase.com/assets/images/resized/0042/3884/423884v1-max-150x150.png"],
     [[187,
       85],
      "http://api-images.crunchbase.com/assets/images/resized/0042/3884/423884v1-max-250x250.png"],
     [[187,
       85],
      "http://api-images.crunchbase.com/assets/images/resized/0042/3884/423884v1-max-450x450.png"]],
   "attribution": null},
 "products":
  [],
 "relationships":
  [],
 "competitions":
  [],
 "providerships":
  [],
 "total_money_raised": "$3M",
 "funding_rounds":
  [{"id": 67154,
    "round_code": "unattributed",
    "source_url": "",
    "source_description": "",
    "raised_amount": null,
    "raised_currency_code": "USD",
    "funded_year": 2004,
    "funded_month": 10,
    "funded_day": null,
    "investments":
     [{"company": null,
       "financial_org":
        {"name": "iD TechVentures",
         "permalink": "id-techventures"},
       "person": null},
      {"company": null,
       "financial_org":
        {"name": "SAIF Partners",
         "permalink": "saif-partners"},
       "person": null}]},
   {"id": 67155,
    "round_code": "unattributed",
    "source_url": "",
    "source_description": "",
    "raised_amount": 3000000.0,
    "raised_currency_code": "USD",
    "funded_year": 2003,
    "funded_month": 5,
    "funded_day": null,
    "investments":
     [{"company": null,
       "financial_org":
        {"name": "iD TechVentures",
         "permalink": "id-techventures"},
       "person": null}]}],
 "investments":
  [],
 "acquisition": null,
 "acquisitions":
  [],
 "offices":
  [{"description": "",
    "address1": "9F., No.12, Wenhu St",
    "address2": "Neihu District",
    "zip_code": "",
    "city": "Taipei",
    "state_code": null,
    "country_code": "TWN",
    "latitude": null,
    "longitude": null}],
 "milestones":
  [],
 "ipo": null,
 "video_embeds":
  [],
 "screenshots":
  [{"available_sizes":
     [[[150,
        114],
       "http://api-images.crunchbase.com/assets/images/resized/0042/3878/423878v1-max-150x150.png"],
      [[250,
        190],
       "http://api-images.crunchbase.com/assets/images/resized/0042/3878/423878v1-max-250x250.png"],
      [[450,
        342],
       "http://api-images.crunchbase.com/assets/images/resized/0042/3878/423878v1-max-450x450.png"]],
    "attribution": null}],
 "external_links":
  [],
 "partners":
  [{"partner_name": "ct_quan",
    "homepage_url": "unknown",
    "link_1_url": null,
    "link_2_url": null,
    "link_3_url": null,
    "link_1_name": null,
    "link_2_name": null,
    "link_3_name": null}]}
