{"name": "Alchemist Technologies",
 "permalink": "alchemist-technologies",
 "crunchbase_url": "http://www.crunchbase.com/company/alchemist-technologies",
 "homepage_url": "http://www.alchemist.mn",
 "blog_url": "http://alchemistmn.blogspot.in/",
 "blog_feed_url": "",
 "twitter_username": "alchemistmn",
 "category_code": "other",
 "number_of_employees": null,
 "founded_year": null,
 "founded_month": null,
 "founded_day": null,
 "deadpooled_year": null,
 "deadpooled_month": null,
 "deadpooled_day": null,
 "deadpooled_url": null,
 "tag_list": "warehouse, supply-chain, call-centre, fitness-gym-organisation",
 "alias_list": "",
 "email_address": "info@alchemist.mn",
 "phone_number": "",
 "description": "Let services come to you",
 "created_at": "Wed Jan 29 04:22:28 UTC 2014",
 "updated_at": "Tue Feb 04 10:47:43 UTC 2014",
 "overview": "\u003Cp\u003EAlchemist Platform is our first and crazy idea that built. Platform is self constructing dynamic records and combined with user role and permission. They designed way people wanted to have their system.\u003C/p\u003E\n\n\u003Cp\u003ESo simply people know their business and what should be recorded and who should be using the system. If they know about LEGO the game that has small pieces and with these small pieces children can build houses, robots and many other things. Their platforms is just like that, they coded the small parts and know they build systems with it.\u003C/p\u003E\n\n\u003Cp\u003ESo far they built Warehouse, Supply chain, Call centre, Fitness Gym organisation, Human Resource Management and many other systems with their platform.\u003C/p\u003E",
 "image":
  {"available_sizes":
    [[[150,
       40],
      "http://api-images.crunchbase.com/assets/images/resized/0040/3112/403112v1-max-150x150.jpg"],
     [[200,
       54],
      "http://api-images.crunchbase.com/assets/images/resized/0040/3112/403112v1-max-250x250.jpg"],
     [[200,
       54],
      "http://api-images.crunchbase.com/assets/images/resized/0040/3112/403112v1-max-450x450.jpg"]],
   "attribution": null},
 "products":
  [],
 "relationships":
  [{"is_past": false,
    "title": "Founder",
    "person":
     {"first_name": "Khangai",
      "last_name": "Khurelbaatar",
      "permalink": "khangai-khurelbaatar-2"}},
   {"is_past": false,
    "title": "Founder",
    "person":
     {"first_name": "Bayarsaikhan",
      "last_name": "Volodya",
      "permalink": "bayarsaikhan-volodya"}}],
 "competitions":
  [],
 "providerships":
  [],
 "total_money_raised": "$0",
 "funding_rounds":
  [],
 "investments":
  [],
 "acquisition": null,
 "acquisitions":
  [],
 "offices":
  [{"description": "",
    "address1": "Chonon Burt Center, Seoul Street, Room 209",
    "address2": "",
    "zip_code": "",
    "city": "Ulaanbaatar",
    "state_code": null,
    "country_code": "CHN",
    "latitude": null,
    "longitude": null}],
 "milestones":
  [],
 "ipo": null,
 "video_embeds":
  [],
 "screenshots":
  [],
 "external_links":
  [],
 "partners":
  [{"partner_name": "angel_list",
    "homepage_url": "http://www.alchemist.mn",
    "link_1_url": "https://angel.co/alchemist-technologies-llc",
    "link_2_url": null,
    "link_3_url": null,
    "link_1_name": "AngelList Page",
    "link_2_name": null,
    "link_3_name": null}]}
