{"name": "Alfaro Energy",
 "permalink": "alfaro-energy",
 "crunchbase_url": "http://www.crunchbase.com/company/alfaro-energy",
 "homepage_url": null,
 "blog_url": "http://alfaroenergy.blogspot.com/",
 "blog_feed_url": "",
 "twitter_username": null,
 "category_code": "local",
 "number_of_employees": null,
 "founded_year": null,
 "founded_month": null,
 "founded_day": null,
 "deadpooled_year": null,
 "deadpooled_month": null,
 "deadpooled_day": null,
 "deadpooled_url": null,
 "tag_list": "alfaro-energy, energy, oil, natural-gas, fracking, hydraulic-fracturing",
 "alias_list": null,
 "email_address": "",
 "phone_number": "(210)-545-9600",
 "description": "Oil and Natural Gas",
 "created_at": "Tue Feb 04 22:12:21 UTC 2014",
 "updated_at": "Fri Feb 07 00:53:01 UTC 2014",
 "overview": "\u003Cp\u003EAlfaro Energy is involved in oil and natural gas prospects in the Eagle Ford and Barnett Shale in Texas. We offer the best prospects by drilling in proven fields.\u003C/p\u003E",
 "image":
  {"available_sizes":
    [[[150,
       150],
      "http://api-images.crunchbase.com/assets/images/resized/0040/7941/407941v2-max-150x150.jpg"],
     [[250,
       250],
      "http://api-images.crunchbase.com/assets/images/resized/0040/7941/407941v2-max-250x250.jpg"],
     [[450,
       450],
      "http://api-images.crunchbase.com/assets/images/resized/0040/7941/407941v2-max-450x450.jpg"]],
   "attribution": null},
 "products":
  [],
 "relationships":
  [],
 "competitions":
  [],
 "providerships":
  [],
 "total_money_raised": "$0",
 "funding_rounds":
  [],
 "investments":
  [],
 "acquisition": null,
 "acquisitions":
  [],
 "offices":
  [{"description": "Alfaro Energy",
    "address1": "21022 Gathering Oak",
    "address2": "",
    "zip_code": "78260",
    "city": "San Antonio",
    "state_code": "TX",
    "country_code": "USA",
    "latitude": null,
    "longitude": null}],
 "milestones":
  [],
 "ipo": null,
 "video_embeds":
  [],
 "screenshots":
  [],
 "external_links":
  [],
 "partners":
  []}
