{"name": "Alfred Lane",
 "permalink": "alfred-lane",
 "crunchbase_url": "http://www.crunchbase.com/company/alfred-lane",
 "homepage_url": "http://www.alfredlane.com",
 "blog_url": "http://alfred.tumblr.com",
 "blog_feed_url": "",
 "twitter_username": "AlfredLn",
 "category_code": "other",
 "number_of_employees": 2,
 "founded_year": 2013,
 "founded_month": 1,
 "founded_day": 1,
 "deadpooled_year": null,
 "deadpooled_month": null,
 "deadpooled_day": null,
 "deadpooled_url": null,
 "tag_list": "grooming, accessories, products",
 "alias_list": null,
 "email_address": "rafael@alfredlane.com",
 "phone_number": "312.870.0233",
 "description": "Men's grooming products",
 "created_at": "Sat Feb 01 16:55:43 UTC 2014",
 "updated_at": "Wed Feb 05 14:57:35 UTC 2014",
 "overview": "\u003Cp\u003EAlfred Lane is a line of long-lasting, solid colognes that fit in your pocket or bag.\u003C/p\u003E",
 "image": null,
 "products":
  [],
 "relationships":
  [],
 "competitions":
  [],
 "providerships":
  [],
 "total_money_raised": "$0",
 "funding_rounds":
  [],
 "investments":
  [],
 "acquisition": null,
 "acquisitions":
  [],
 "offices":
  [{"description": "Alfred Lane HQ",
    "address1": "",
    "address2": "",
    "zip_code": "",
    "city": "Chicago",
    "state_code": "IL",
    "country_code": "USA",
    "latitude": null,
    "longitude": null}],
 "milestones":
  [],
 "ipo": null,
 "video_embeds":
  [],
 "screenshots":
  [{"available_sizes":
     [[[150,
        85],
       "http://api-images.crunchbase.com/assets/images/resized/0040/5924/405924v2-max-150x150.jpg"],
      [[250,
        142],
       "http://api-images.crunchbase.com/assets/images/resized/0040/5924/405924v2-max-250x250.jpg"],
      [[450,
        256],
       "http://api-images.crunchbase.com/assets/images/resized/0040/5924/405924v2-max-450x450.jpg"]],
    "attribution": null}],
 "external_links":
  [{"external_url": "https://www.bespokepost.com/the-post/how-its-made-alfred-lane-solid-cologne",
    "title": "How it's made: Alfred Lane solid colognes"},
   {"external_url": "http://haberdashmen.com/2014/01/09/made-in-chicago/",
    "title": "Made in Chicago"}],
 "partners":
  []}
