{"name": "Algoworks Technologies",
 "permalink": "algoworks-technologies",
 "crunchbase_url": "http://www.crunchbase.com/company/algoworks-technologies",
 "homepage_url": "http://www.algoworks.com",
 "blog_url": "http://www.algoworks.com/blog",
 "blog_feed_url": "",
 "twitter_username": "algoworks",
 "category_code": "software",
 "number_of_employees": 200,
 "founded_year": 2006,
 "founded_month": null,
 "founded_day": null,
 "deadpooled_year": null,
 "deadpooled_month": null,
 "deadpooled_day": null,
 "deadpooled_url": null,
 "tag_list": "mobile-app-development, mobile-app-customization, crm-solutions, ecm-solutions",
 "alias_list": null,
 "email_address": "sales@algoworks.com",
 "phone_number": "+1-877-284-1028",
 "description": "Carving Thoughts into Solutions",
 "created_at": "Tue Mar 04 05:29:03 UTC 2014",
 "updated_at": "Tue Apr 01 12:24:24 UTC 2014",
 "overview": "\u003Cp\u003EAlgoworks is a trusted global IT Services company that offers services in the area of software product engineering, enterprise mobility solutions, enterprise content management solutions and customer relationship management solutions.\u003C/p\u003E",
 "image":
  {"available_sizes":
    [[[150,
       42],
      "http://api-images.crunchbase.com/assets/images/resized/0042/6286/426286v2-max-150x150.png"],
     [[250,
       71],
      "http://api-images.crunchbase.com/assets/images/resized/0042/6286/426286v2-max-250x250.png"],
     [[450,
       128],
      "http://api-images.crunchbase.com/assets/images/resized/0042/6286/426286v2-max-450x450.png"]],
   "attribution": null},
 "products":
  [{"name": "Review42",
    "permalink": "review42"}],
 "relationships":
  [{"is_past": false,
    "title": "Director, Sales",
    "person":
     {"first_name": "Ajeet",
      "last_name": "Singh",
      "permalink": "ajeet-singh-3"}},
   {"is_past": false,
    "title": "Director, Microsoft Technologies",
    "person":
     {"first_name": "Rachit",
      "last_name": "Agarwal",
      "permalink": "rachit-agarwal"}},
   {"is_past": false,
    "title": "Director, Marketing",
    "person":
     {"first_name": "Ambuj",
      "last_name": "Tayal",
      "permalink": "ambuj-tayal"}},
   {"is_past": false,
    "title": "Director, Mobility",
    "person":
     {"first_name": "Snehesh",
      "last_name": "Mitra",
      "permalink": "snehesh-mitra"}},
   {"is_past": false,
    "title": "Director, Java and Salesforce",
    "person":
     {"first_name": "Pratyush",
      "last_name": "Kumar",
      "permalink": "pratyush-kumar"}}],
 "competitions":
  [],
 "providerships":
  [],
 "total_money_raised": "$0",
 "funding_rounds":
  [],
 "investments":
  [],
 "acquisition": null,
 "acquisitions":
  [],
 "offices":
  [{"description": "Algoworks Inc.",
    "address1": "874",
    "address2": "Walker Rd Ste C",
    "zip_code": "19904",
    "city": "Dover",
    "state_code": "DE",
    "country_code": "USA",
    "latitude": null,
    "longitude": null},
   {"description": "Algoworks Technologies",
    "address1": "A 61/B 4, Spring Meadows Business Park",
    "address2": "Sector 63",
    "zip_code": "201307",
    "city": "Noida",
    "state_code": null,
    "country_code": "IND",
    "latitude": null,
    "longitude": null}],
 "milestones":
  [],
 "ipo": null,
 "video_embeds":
  [],
 "screenshots":
  [],
 "external_links":
  [{"external_url": "http://www.algoworks.com/mobility-services/",
    "title": "Mobile App Development and Customization"},
   {"external_url": "http://www.algoworks.com/crm",
    "title": "Customized CRM Solutions"},
   {"external_url": "http://www.algoworks.com/ecm",
    "title": "ECM Solutions"},
   {"external_url": "http://www.algoworks.com/technologies",
    "title": "Technology Solutions"},
   {"external_url": "http://www.algoworks.com/cloud-computing.html",
    "title": "Cloud Computing Services"}],
 "partners":
  []}
