{"name": "Algorich",
 "permalink": "algorich",
 "crunchbase_url": "http://www.crunchbase.com/company/algorich",
 "homepage_url": "http://algorich.com.br",
 "blog_url": "http://blog.algorich.com.br/",
 "blog_feed_url": "",
 "twitter_username": "algorich",
 "category_code": null,
 "number_of_employees": null,
 "founded_year": null,
 "founded_month": null,
 "founded_day": null,
 "deadpooled_year": null,
 "deadpooled_month": null,
 "deadpooled_day": null,
 "deadpooled_url": null,
 "tag_list": "",
 "alias_list": "",
 "email_address": "",
 "phone_number": "(22) 2724-0503",
 "description": "",
 "created_at": "Fri Jan 31 09:55:40 UTC 2014",
 "updated_at": "Fri Jan 31 09:56:33 UTC 2014",
 "overview": "",
 "image":
  {"available_sizes":
    [[[150,
       47],
      "http://api-images.crunchbase.com/assets/images/resized/0040/5299/405299v1-max-150x150.png"],
     [[250,
       79],
      "http://api-images.crunchbase.com/assets/images/resized/0040/5299/405299v1-max-250x250.png"],
     [[255,
       81],
      "http://api-images.crunchbase.com/assets/images/resized/0040/5299/405299v1-max-450x450.png"]],
   "attribution": null},
 "products":
  [],
 "relationships":
  [],
 "competitions":
  [],
 "providerships":
  [],
 "total_money_raised": "$0",
 "funding_rounds":
  [],
 "investments":
  [],
 "acquisition": null,
 "acquisitions":
  [],
 "offices":
  [{"description": "",
    "address1": "Dr. Aquino Herculano Street, 119 - Flamboyant Garden",
    "address2": "Goytacazes Campos",
    "zip_code": "28015-200",
    "city": "Rio de Janeiro",
    "state_code": null,
    "country_code": "BRA",
    "latitude": null,
    "longitude": null}],
 "milestones":
  [],
 "ipo": null,
 "video_embeds":
  [],
 "screenshots":
  [{"available_sizes":
     [[[150,
        72],
       "http://api-images.crunchbase.com/assets/images/resized/0040/5301/405301v1-max-150x150.png"],
      [[250,
        121],
       "http://api-images.crunchbase.com/assets/images/resized/0040/5301/405301v1-max-250x250.png"],
      [[450,
        218],
       "http://api-images.crunchbase.com/assets/images/resized/0040/5301/405301v1-max-450x450.png"]],
    "attribution": null}],
 "external_links":
  [],
 "partners":
  []}
