{"name": "Alias Solutions",
 "permalink": "alias-solutions",
 "crunchbase_url": "http://www.crunchbase.com/company/alias-solutions",
 "homepage_url": "http://www.alias-solutions.com",
 "blog_url": "",
 "blog_feed_url": "",
 "twitter_username": null,
 "category_code": "design",
 "number_of_employees": 2,
 "founded_year": 2002,
 "founded_month": 12,
 "founded_day": 31,
 "deadpooled_year": null,
 "deadpooled_month": null,
 "deadpooled_day": null,
 "deadpooled_url": null,
 "tag_list": "web-design, graphic-design, full-color-printing",
 "alias_list": null,
 "email_address": "paul@alias-solutions.com",
 "phone_number": "(413) 364-6147",
 "description": "Web Design Graphic Design",
 "created_at": "Sat Feb 15 18:56:42 UTC 2014",
 "updated_at": "Wed Feb 19 01:06:25 UTC 2014",
 "overview": "\u003Cp\u003EAlias Solutions is a premier web design and graphic design provider.  We provide clients in the Western Massachusetts area with amazing web design, graphic design, and beautiful full color printing.\u003C/p\u003E\n\n\u003Cp\u003EIf you need a Western Massachusetts web design company please call us today.\u003C/p\u003E",
 "image":
  {"available_sizes":
    [[[143,
       59],
      "http://api-images.crunchbase.com/assets/images/resized/0041/5814/415814v2-max-150x150.png"],
     [[143,
       59],
      "http://api-images.crunchbase.com/assets/images/resized/0041/5814/415814v2-max-250x250.png"],
     [[143,
       59],
      "http://api-images.crunchbase.com/assets/images/resized/0041/5814/415814v2-max-450x450.png"]],
   "attribution": null},
 "products":
  [],
 "relationships":
  [{"is_past": true,
    "title": "Web Guru",
    "person":
     {"first_name": "Paul",
      "last_name": "Stallman",
      "permalink": "paul-stallman"}}],
 "competitions":
  [],
 "providerships":
  [],
 "total_money_raised": "$0",
 "funding_rounds":
  [],
 "investments":
  [],
 "acquisition": null,
 "acquisitions":
  [],
 "offices":
  [{"description": "Western Massachusetts",
    "address1": "819 Worcester Street",
    "address2": "",
    "zip_code": "01151",
    "city": "Springfield",
    "state_code": "MA",
    "country_code": "USA",
    "latitude": null,
    "longitude": null}],
 "milestones":
  [],
 "ipo": null,
 "video_embeds":
  [],
 "screenshots":
  [],
 "external_links":
  [],
 "partners":
  []}
