{"name": "Align",
 "permalink": "align",
 "crunchbase_url": "http://www.crunchbase.com/company/align",
 "homepage_url": "http://www.letsalign.com",
 "blog_url": "",
 "blog_feed_url": "",
 "twitter_username": "letsalign",
 "category_code": "software",
 "number_of_employees": null,
 "founded_year": null,
 "founded_month": null,
 "founded_day": null,
 "deadpooled_year": null,
 "deadpooled_month": null,
 "deadpooled_day": null,
 "deadpooled_url": null,
 "tag_list": "app-design, app-development, application-design, mobile-app-development, mobile-application-development, web-app-development, web-application-development",
 "alias_list": "LetsAlign",
 "email_address": "contact@letsalign.com",
 "phone_number": "+17244664728",
 "description": "Design driven mobile \u0026 web development",
 "created_at": "Thu Jan 30 06:00:08 UTC 2014",
 "updated_at": "Mon Apr 14 03:42:08 UTC 2014",
 "overview": "\u003Cp\u003EAlign is a design driven development company that builds mobile, cloud \u0026amp; web applications. \u003C/p\u003E\n\n\u003Cp\u003EAlign works with technologies \u0026amp; platforms like Ruby on Rails, Javascript, CSS, HTML5, Android, iPhone \u0026amp; iPad, Github, Amazon Web Services (AWS) and Heroku.\u003C/p\u003E",
 "image":
  {"available_sizes":
    [[[150,
       150],
      "http://api-images.crunchbase.com/assets/images/resized/0040/4010/404010v2-max-150x150.jpg"],
     [[200,
       200],
      "http://api-images.crunchbase.com/assets/images/resized/0040/4010/404010v2-max-250x250.jpg"],
     [[200,
       200],
      "http://api-images.crunchbase.com/assets/images/resized/0040/4010/404010v2-max-450x450.jpg"]],
   "attribution": null},
 "products":
  [],
 "relationships":
  [],
 "competitions":
  [],
 "providerships":
  [],
 "total_money_raised": "$0",
 "funding_rounds":
  [],
 "investments":
  [],
 "acquisition": null,
 "acquisitions":
  [],
 "offices":
  [],
 "milestones":
  [],
 "ipo": null,
 "video_embeds":
  [],
 "screenshots":
  [],
 "external_links":
  [],
 "partners":
  []}
