{"name": "Aligned TeleHealth",
 "permalink": "aligned-telehealth",
 "crunchbase_url": "http://www.crunchbase.com/company/aligned-telehealth",
 "homepage_url": "http://www.alignedth.com",
 "blog_url": "",
 "blog_feed_url": "",
 "twitter_username": null,
 "category_code": "health",
 "number_of_employees": null,
 "founded_year": null,
 "founded_month": null,
 "founded_day": null,
 "deadpooled_year": null,
 "deadpooled_month": null,
 "deadpooled_day": null,
 "deadpooled_url": null,
 "tag_list": "",
 "alias_list": "",
 "email_address": "sales@alignedth.com",
 "phone_number": "888-212-7545",
 "description": "",
 "created_at": "Fri Jan 31 13:37:22 UTC 2014",
 "updated_at": "Mon Apr 14 04:23:03 UTC 2014",
 "overview": "\u003Cp\u003EwhoAligned Telehealth is a telemedicine and healthcare management company for Asana Integrated Medical Group (AIMG), serving about 12 hospitals nationwide. AIMG has been delivering quality and efficient health care in various healthcare care settings. \u003C/p\u003E",
 "image":
  {"available_sizes":
    [[[129,
       70],
      "http://api-images.crunchbase.com/assets/images/resized/0040/5501/405501v1-max-150x150.png"],
     [[129,
       70],
      "http://api-images.crunchbase.com/assets/images/resized/0040/5501/405501v1-max-250x250.png"],
     [[129,
       70],
      "http://api-images.crunchbase.com/assets/images/resized/0040/5501/405501v1-max-450x450.png"]],
   "attribution": null},
 "products":
  [],
 "relationships":
  [{"is_past": false,
    "title": "CEO \u0026 CMO",
    "person":
     {"first_name": "Nitin",
      "last_name": "Nanda",
      "permalink": "nitin-nanda"}},
   {"is_past": false,
    "title": "President \u0026 CTO",
    "person":
     {"first_name": "Vikram",
      "last_name": "Marla",
      "permalink": "vikram-marla"}}],
 "competitions":
  [],
 "providerships":
  [],
 "total_money_raised": "$1k",
 "funding_rounds":
  [{"id": 63144,
    "round_code": "unattributed",
    "source_url": "http://www.sec.gov/Archives/edgar/data/1586137/000158613714000001/xslFormDX01/primary_doc.xml",
    "source_description": "SEC",
    "raised_amount": 499500.0,
    "raised_currency_code": "USD",
    "funded_year": 2014,
    "funded_month": 1,
    "funded_day": 30,
    "investments":
     []},
   {"id": 72238,
    "round_code": "unattributed",
    "source_url": "http://www.sec.gov/Archives/edgar/data/1586137/000158613714000002/xslFormDX01/primary_doc.xml",
    "source_description": "SEC",
    "raised_amount": 500000.0,
    "raised_currency_code": "USD",
    "funded_year": 2014,
    "funded_month": 4,
    "funded_day": 13,
    "investments":
     []}],
 "investments":
  [],
 "acquisition": null,
 "acquisitions":
  [],
 "offices":
  [{"description": "",
    "address1": "5016 Chesebro Road",
    "address2": "Ste 200",
    "zip_code": "91301-2277",
    "city": "Agoura Hills",
    "state_code": "CA",
    "country_code": "USA",
    "latitude": null,
    "longitude": null}],
 "milestones":
  [],
 "ipo": null,
 "video_embeds":
  [],
 "screenshots":
  [{"available_sizes":
     [[[150,
        106],
       "http://api-images.crunchbase.com/assets/images/resized/0040/5500/405500v1-max-150x150.jpg"],
      [[250,
        177],
       "http://api-images.crunchbase.com/assets/images/resized/0040/5500/405500v1-max-250x250.jpg"],
      [[450,
        319],
       "http://api-images.crunchbase.com/assets/images/resized/0040/5500/405500v1-max-450x450.jpg"]],
    "attribution": null}],
 "external_links":
  [],
 "partners":
  []}
