{"name": "Alion Energy",
 "permalink": "alion-energy",
 "crunchbase_url": "http://www.crunchbase.com/company/alion-energy",
 "homepage_url": "http://www.alionenergy.com",
 "blog_url": "",
 "blog_feed_url": "",
 "twitter_username": null,
 "category_code": "enterprise",
 "number_of_employees": null,
 "founded_year": 2008,
 "founded_month": null,
 "founded_day": null,
 "deadpooled_year": null,
 "deadpooled_month": null,
 "deadpooled_day": null,
 "deadpooled_url": null,
 "tag_list": "",
 "alias_list": "",
 "email_address": "",
 "phone_number": "(510) 965-0868.",
 "description": "Maintain utility scale solar",
 "created_at": "Fri Jan 24 11:02:22 UTC 2014",
 "updated_at": "Tue Apr 08 22:46:55 UTC 2014",
 "overview": "\u003Cp\u003EFounded in 2008, Alion Energy has fundamentally redesigned the way we build and maintain utility scale solar.\u003C/p\u003E\n\n\u003Cp\u003EAs an innovative EPC and O\u0026amp;M solutions provider, Alion Energy combines robotic installation technology with established construction practices to build local, utility scale projects faster and up to 25% less, while producing more energy than standard fixed-tilt projects.\u003C/p\u003E\n\n\u003Cp\u003EAt Alion Energy, we have one mission \u2013 rapidly lower solar\u2019s LCOE to $0.05/kwh in the U.S. by 2016.\u003C/p\u003E\n\n\u003Cp\u003EThis mission required rethinking the entire installation process and not simply making incremental improvements to existing rack systems, which initially copied and retained many of the same materials used for small, residential roof systems.\u003C/p\u003E\n\n\u003Cp\u003EAlion specifically designed a more efficient construction process for utility scale solar plants by using robotic installation technology and established construction industry practices.\u003C/p\u003E\n\n\u003Cp\u003ENow, Alion Energy builds utility scale systems twice as fast and with less than half the labor.\u003C/p\u003E\n\n\u003Cp\u003EAt Alion Energy, we go beyond simply building the most cost-effective utility scale solar systems; we build solar plants with LCOEs that can compete with any generation source. \u003C/p\u003E",
 "image":
  {"available_sizes":
    [[[150,
       35],
      "http://api-images.crunchbase.com/assets/images/resized/0040/0887/400887v1-max-150x150.png"],
     [[250,
       58],
      "http://api-images.crunchbase.com/assets/images/resized/0040/0887/400887v1-max-250x250.png"],
     [[359,
       84],
      "http://api-images.crunchbase.com/assets/images/resized/0040/0887/400887v1-max-450x450.png"]],
   "attribution": null},
 "products":
  [],
 "relationships":
  [{"is_past": false,
    "title": "President \u0026 CEO",
    "person":
     {"first_name": "Mark",
      "last_name": "Kingsley",
      "permalink": "mark-kingsley"}},
   {"is_past": false,
    "title": "CFO",
    "person":
     {"first_name": "Tom",
      "last_name": "Caldwell",
      "permalink": "tom-caldwell-2"}}],
 "competitions":
  [],
 "providerships":
  [],
 "total_money_raised": "$0",
 "funding_rounds":
  [{"id": 71856,
    "round_code": "unattributed",
    "source_url": "",
    "source_description": "",
    "raised_amount": null,
    "raised_currency_code": "USD",
    "funded_year": 2010,
    "funded_month": 12,
    "funded_day": null,
    "investments":
     [{"company": null,
       "financial_org":
        {"name": "Bright Capital",
         "permalink": "bright-capital"},
       "person": null}]}],
 "investments":
  [],
 "acquisition": null,
 "acquisitions":
  [],
 "offices":
  [{"description": "",
    "address1": "",
    "address2": "870 Harbour Way South",
    "zip_code": "",
    "city": "Richmond",
    "state_code": "CA",
    "country_code": "USA",
    "latitude": null,
    "longitude": null}],
 "milestones":
  [],
 "ipo": null,
 "video_embeds":
  [],
 "screenshots":
  [{"available_sizes":
     [[[150,
        84],
       "http://api-images.crunchbase.com/assets/images/resized/0040/0892/400892v1-max-150x150.png"],
      [[250,
        140],
       "http://api-images.crunchbase.com/assets/images/resized/0040/0892/400892v1-max-250x250.png"],
      [[450,
        252],
       "http://api-images.crunchbase.com/assets/images/resized/0040/0892/400892v1-max-450x450.png"]],
    "attribution": null}],
 "external_links":
  [],
 "partners":
  []}
