{"name": "alisveriskeyfim.com",
 "permalink": "alisveriskeyfim-com",
 "crunchbase_url": "http://www.crunchbase.com/company/alisveriskeyfim-com",
 "homepage_url": "http://www.alisveriskeyfim.com",
 "blog_url": "",
 "blog_feed_url": "",
 "twitter_username": "alisveriskeyfim",
 "category_code": "ecommerce",
 "number_of_employees": 3,
 "founded_year": 2009,
 "founded_month": 12,
 "founded_day": 28,
 "deadpooled_year": null,
 "deadpooled_month": null,
 "deadpooled_day": null,
 "deadpooled_url": null,
 "tag_list": "",
 "alias_list": "",
 "email_address": "bilgi@alisveriskeyfim.com",
 "phone_number": "",
 "description": "",
 "created_at": "Thu Feb 20 04:44:07 UTC 2014",
 "updated_at": "Thu Feb 20 04:44:07 UTC 2014",
 "overview": "\u003Cp\u003Ealisveriskeyfim.com is an online shopping site. It offers a portfolio of products including home and corporate furniture, PCs, peripherals and parts (processors, motherboards, keyboards, RAM, Bluetooth devices, printers), security products (cameras, access control systems, sensors), institutional products (workstations, server cabinets, networking), licensed computer software and operating systems, stationery, electronics, mobile phones, consumer goods, sanitary products, and more.\u003C/p\u003E\n\n\u003Cp\u003Ealisveriskeyfim.com was launched on December 28, 2009.\u003C/p\u003E",
 "image":
  {"available_sizes":
    [[[150,
       91],
      "http://api-images.crunchbase.com/assets/images/resized/0041/8603/418603v1-max-150x150.png"],
     [[188,
       115],
      "http://api-images.crunchbase.com/assets/images/resized/0041/8603/418603v1-max-250x250.png"],
     [[188,
       115],
      "http://api-images.crunchbase.com/assets/images/resized/0041/8603/418603v1-max-450x450.png"]],
   "attribution": null},
 "products":
  [],
 "relationships":
  [],
 "competitions":
  [],
 "providerships":
  [],
 "total_money_raised": "$0",
 "funding_rounds":
  [],
 "investments":
  [],
 "acquisition": null,
 "acquisitions":
  [],
 "offices":
  [{"description": "",
    "address1": "Y\u0131ld\u0131z Teknik \u00dcniversitesi Teknoloji",
    "address2": "Geli\u015ftirme Merkezi R Blok No:1837 Be\u015fikta\u015f",
    "zip_code": "34349",
    "city": "Istanbul",
    "state_code": null,
    "country_code": "TUR",
    "latitude": null,
    "longitude": null}],
 "milestones":
  [],
 "ipo": null,
 "video_embeds":
  [],
 "screenshots":
  [],
 "external_links":
  [{"external_url": "https://www.facebook.com/alisveriskeyfim",
    "title": "Facebook"}],
 "partners":
  [{"partner_name": "webrazzi",
    "homepage_url": "unknown",
    "link_1_url": "http://vt.webrazzi.com/sirket/alisveriskeyfim-com",
    "link_2_url": null,
    "link_3_url": null,
    "link_1_name": "webrazzi Page",
    "link_2_name": null,
    "link_3_name": null}]}
