{"name": "All About Trees AZ",
 "permalink": "all-about-trees-az",
 "crunchbase_url": "http://www.crunchbase.com/company/all-about-trees-az",
 "homepage_url": "http://www.allabouttreesaz.com",
 "blog_url": "",
 "blog_feed_url": "",
 "twitter_username": null,
 "category_code": "local",
 "number_of_employees": null,
 "founded_year": null,
 "founded_month": null,
 "founded_day": null,
 "deadpooled_year": null,
 "deadpooled_month": null,
 "deadpooled_day": null,
 "deadpooled_url": null,
 "tag_list": "tree-service, tree-trimming, tree-removal",
 "alias_list": null,
 "email_address": "aztreeman@yahoo.com",
 "phone_number": "480-343-3572",
 "description": "Tree Service Company",
 "created_at": "Mon Feb 24 18:40:48 UTC 2014",
 "updated_at": "Mon Feb 24 22:15:07 UTC 2014",
 "overview": "\u003Cp\u003EA tree service company that has been providing tree trimming and tree removal for over 20 years in the Phoenix metropolitan area.\u003C/p\u003E",
 "image":
  {"available_sizes":
    [[[150,
       125],
      "http://api-images.crunchbase.com/assets/images/resized/0042/1362/421362v2-max-150x150.jpg"],
     [[181,
       152],
      "http://api-images.crunchbase.com/assets/images/resized/0042/1362/421362v2-max-250x250.jpg"],
     [[181,
       152],
      "http://api-images.crunchbase.com/assets/images/resized/0042/1362/421362v2-max-450x450.jpg"]],
   "attribution": null},
 "products":
  [],
 "relationships":
  [],
 "competitions":
  [],
 "providerships":
  [],
 "total_money_raised": "$0",
 "funding_rounds":
  [],
 "investments":
  [],
 "acquisition": null,
 "acquisitions":
  [],
 "offices":
  [],
 "milestones":
  [],
 "ipo": null,
 "video_embeds":
  [],
 "screenshots":
  [],
 "external_links":
  [],
 "partners":
  []}
