{"name": "All Fur Love Pet Care",
 "permalink": "all-fur-love-pet-care",
 "crunchbase_url": "http://www.crunchbase.com/company/all-fur-love-pet-care",
 "homepage_url": "http://www.allfurlovepetcare.com",
 "blog_url": "",
 "blog_feed_url": "",
 "twitter_username": "allfurlove1",
 "category_code": "pets",
 "number_of_employees": null,
 "founded_year": null,
 "founded_month": null,
 "founded_day": null,
 "deadpooled_year": null,
 "deadpooled_month": null,
 "deadpooled_day": null,
 "deadpooled_url": null,
 "tag_list": "pet-sitting-walnut-creek",
 "alias_list": null,
 "email_address": "petcarea01@gmail.com",
 "phone_number": "925-212-7422",
 "description": "All fur love pet care is an organization",
 "created_at": "Sat Feb 22 05:13:05 UTC 2014",
 "updated_at": "Mon Feb 24 21:34:41 UTC 2014",
 "overview": "\u003Cp\u003EAll fur love pet care is an organization that offers services of pet sitting in Moraga when the clients are out for work. \u003C/p\u003E",
 "image": null,
 "products":
  [],
 "relationships":
  [],
 "competitions":
  [],
 "providerships":
  [],
 "total_money_raised": "$0",
 "funding_rounds":
  [],
 "investments":
  [],
 "acquisition": null,
 "acquisitions":
  [],
 "offices":
  [],
 "milestones":
  [],
 "ipo": null,
 "video_embeds":
  [],
 "screenshots":
  [],
 "external_links":
  [],
 "partners":
  []}
