{"name": "All GSM Tips",
 "permalink": "all-gsm-tips",
 "crunchbase_url": "http://www.crunchbase.com/company/all-gsm-tips",
 "homepage_url": "http://www.allgsmtips.com",
 "blog_url": "http://www.allgsmtips.com",
 "blog_feed_url": "",
 "twitter_username": "AllGsmTips",
 "category_code": "mobile",
 "number_of_employees": 2,
 "founded_year": 2013,
 "founded_month": 11,
 "founded_day": 22,
 "deadpooled_year": null,
 "deadpooled_month": null,
 "deadpooled_day": null,
 "deadpooled_url": null,
 "tag_list": "cell-phone-repair, mobile-phone-fixing, smartphone-repair-guides, handset-repair-tips",
 "alias_list": null,
 "email_address": "allgsmtips@gmail.com",
 "phone_number": "9664794686",
 "description": "All GSM cell phone repair tips.",
 "created_at": "Tue Feb 25 10:25:52 UTC 2014",
 "updated_at": "Tue Feb 25 20:31:26 UTC 2014",
 "overview": "\u003Cp\u003EAt All GSM Tips, you will get all the latest GSM cell phone repair tips and tricks. Here you will also find all the jumper diagrams, circuit diagrams, solutions, ways, repair methods for repair and fixing of various hardware as well as software faults and problems of mobile phones and tablets.\u003C/p\u003E\n\n\u003Cp\u003EThis is a site where you can get all the tips, reset codes, hard reset methods and all other secrets for technicians as well as DIY (do-it-yourself) type of people.\u003C/p\u003E\n\n\u003Cp\u003EAll mobile phones of Samsung, Apple, Nokia, LG, Sony, etc are covered. Chinese mobile phones and tablets are also covered on this website.\u003C/p\u003E",
 "image":
  {"available_sizes":
    [[[150,
       74],
      "http://api-images.crunchbase.com/assets/images/resized/0042/1994/421994v2-max-150x150.jpg"],
     [[214,
       106],
      "http://api-images.crunchbase.com/assets/images/resized/0042/1994/421994v2-max-250x250.jpg"],
     [[214,
       106],
      "http://api-images.crunchbase.com/assets/images/resized/0042/1994/421994v2-max-450x450.jpg"]],
   "attribution": null},
 "products":
  [],
 "relationships":
  [],
 "competitions":
  [],
 "providerships":
  [],
 "total_money_raised": "$0",
 "funding_rounds":
  [],
 "investments":
  [],
 "acquisition": null,
 "acquisitions":
  [],
 "offices":
  [{"description": "",
    "address1": "001, Modi Street, Bazar Gate",
    "address2": "Fort,",
    "zip_code": "400001",
    "city": "Mumbai",
    "state_code": null,
    "country_code": "IND",
    "latitude": null,
    "longitude": null}],
 "milestones":
  [],
 "ipo": null,
 "video_embeds":
  [],
 "screenshots":
  [],
 "external_links":
  [],
 "partners":
  []}
