{"name": "Allegheny Technologies",
 "permalink": "allegheny-technologies",
 "crunchbase_url": "http://www.crunchbase.com/company/allegheny-technologies",
 "homepage_url": null,
 "blog_url": null,
 "blog_feed_url": null,
 "twitter_username": null,
 "category_code": null,
 "number_of_employees": null,
 "founded_year": null,
 "founded_month": null,
 "founded_day": null,
 "deadpooled_year": null,
 "deadpooled_month": null,
 "deadpooled_day": null,
 "deadpooled_url": null,
 "tag_list": null,
 "alias_list": null,
 "email_address": null,
 "phone_number": null,
 "description": null,
 "created_at": "Sat Feb 08 02:28:41 UTC 2014",
 "updated_at": "Sat Feb 08 02:28:41 UTC 2014",
 "overview": null,
 "image": null,
 "products":
  [],
 "relationships":
  [{"is_past": false,
    "title": "Boards of Directors",
    "person":
     {"first_name": "James",
      "last_name": "E. Rohr",
      "permalink": "james-e-rohr"}},
   {"is_past": true,
    "title": "Executive Vice President",
    "person":
     {"first_name": "Arthur",
      "last_name": "H. Aronson",
      "permalink": "arthur-h-aronson"}}],
 "competitions":
  [],
 "providerships":
  [],
 "total_money_raised": "$0",
 "funding_rounds":
  [],
 "investments":
  [],
 "acquisition": null,
 "acquisitions":
  [],
 "offices":
  [],
 "milestones":
  [],
 "ipo": null,
 "video_embeds":
  [],
 "screenshots":
  [],
 "external_links":
  [],
 "partners":
  []}
