{"name": "Allen Learning Technologies",
 "permalink": "allen-learning-technologies",
 "crunchbase_url": "http://www.crunchbase.com/company/allen-learning-technologies",
 "homepage_url": "http://zebrabeta.com",
 "blog_url": "http://blog.zebrazapps.com/",
 "blog_feed_url": "",
 "twitter_username": "zebrazapps",
 "category_code": "software",
 "number_of_employees": null,
 "founded_year": 2009,
 "founded_month": null,
 "founded_day": null,
 "deadpooled_year": null,
 "deadpooled_month": null,
 "deadpooled_day": null,
 "deadpooled_url": null,
 "tag_list": "",
 "alias_list": "",
 "email_address": "sales@zebrazapps.com",
 "phone_number": "800-799-6280",
 "description": "",
 "created_at": "Fri Feb 07 11:40:54 UTC 2014",
 "updated_at": "Fri Feb 07 11:40:54 UTC 2014",
 "overview": "\u003Cp\u003EAllen Learning Technologies LLC offers software development tool. The company was incorporated in 2009 and is based in Mendota Heights, Minnesota.\u003C/p\u003E",
 "image":
  {"available_sizes":
    [[[150,
       140],
      "http://api-images.crunchbase.com/assets/images/resized/0041/0350/410350v1-max-150x150.png"],
     [[250,
       234],
      "http://api-images.crunchbase.com/assets/images/resized/0041/0350/410350v1-max-250x250.png"],
     [[272,
       255],
      "http://api-images.crunchbase.com/assets/images/resized/0041/0350/410350v1-max-450x450.png"]],
   "attribution": null},
 "products":
  [],
 "relationships":
  [{"is_past": false,
    "title": "President \u0026 Director",
    "person":
     {"first_name": "Martin",
      "last_name": "Lipshutz",
      "permalink": "martin-lipshutz"}}],
 "competitions":
  [],
 "providerships":
  [],
 "total_money_raised": "$1.2M",
 "funding_rounds":
  [{"id": 63911,
    "round_code": "unattributed",
    "source_url": "http://www.sec.gov/Archives/edgar/data/1462579/000146257909000001/xslFormDX01/primary_doc.xml",
    "source_description": "SEC",
    "raised_amount": 1200000.0,
    "raised_currency_code": "USD",
    "funded_year": 2009,
    "funded_month": 4,
    "funded_day": 27,
    "investments":
     []}],
 "investments":
  [],
 "acquisition": null,
 "acquisitions":
  [],
 "offices":
  [{"description": "",
    "address1": "1120 Centre Pointe Drive",
    "address2": "Suite 800",
    "zip_code": "55120-1277",
    "city": "St. Paul",
    "state_code": "MN",
    "country_code": "USA",
    "latitude": null,
    "longitude": null}],
 "milestones":
  [],
 "ipo": null,
 "video_embeds":
  [],
 "screenshots":
  [{"available_sizes":
     [[[150,
        107],
       "http://api-images.crunchbase.com/assets/images/resized/0041/0349/410349v1-max-150x150.png"],
      [[250,
        179],
       "http://api-images.crunchbase.com/assets/images/resized/0041/0349/410349v1-max-250x250.png"],
      [[450,
        322],
       "http://api-images.crunchbase.com/assets/images/resized/0041/0349/410349v1-max-450x450.png"]],
    "attribution": null}],
 "external_links":
  [],
 "partners":
  []}
