{"name": "Alligator Capital",
 "permalink": "alligator-capital",
 "crunchbase_url": "http://www.crunchbase.com/company/alligator-capital",
 "homepage_url": "http://www.alligatorcapital.com",
 "blog_url": "",
 "blog_feed_url": "",
 "twitter_username": null,
 "category_code": "other",
 "number_of_employees": null,
 "founded_year": null,
 "founded_month": null,
 "founded_day": null,
 "deadpooled_year": null,
 "deadpooled_month": null,
 "deadpooled_day": null,
 "deadpooled_url": null,
 "tag_list": "investment, consulting, capital, new-york, partnerships, expansion, holdings, united-states, japan, dubai",
 "alias_list": null,
 "email_address": "",
 "phone_number": "212-939-7243",
 "description": "Consulting, Investment, Operations",
 "created_at": "Sun Jan 26 23:37:14 UTC 2014",
 "updated_at": "Fri Jan 31 00:08:28 UTC 2014",
 "overview": "\u003Cp\u003EWe advise, assist, build and fund companies that make life better. Every business we\u0026#8217;re involved in must have a compelling mission, capable of being articulated\u00a0in a single sentence.\u003C/p\u003E",
 "image":
  {"available_sizes":
    [[[150,
       35],
      "http://api-images.crunchbase.com/assets/images/resized/0040/1589/401589v2-max-150x150.png"],
     [[250,
       58],
      "http://api-images.crunchbase.com/assets/images/resized/0040/1589/401589v2-max-250x250.png"],
     [[450,
       105],
      "http://api-images.crunchbase.com/assets/images/resized/0040/1589/401589v2-max-450x450.png"]],
   "attribution": null},
 "products":
  [],
 "relationships":
  [],
 "competitions":
  [],
 "providerships":
  [],
 "total_money_raised": "$0",
 "funding_rounds":
  [],
 "investments":
  [],
 "acquisition": null,
 "acquisitions":
  [],
 "offices":
  [{"description": "Headquarters",
    "address1": "30 Wall Street",
    "address2": "Eighth Floor",
    "zip_code": "10005",
    "city": "New York",
    "state_code": "NY",
    "country_code": "USA",
    "latitude": null,
    "longitude": null}],
 "milestones":
  [],
 "ipo": null,
 "video_embeds":
  [],
 "screenshots":
  [],
 "external_links":
  [],
 "partners":
  []}
