{"name": "Allostatix",
 "permalink": "allostatix",
 "crunchbase_url": "http://www.crunchbase.com/company/allostatix",
 "homepage_url": "http://allostatix.com",
 "blog_url": "",
 "blog_feed_url": "",
 "twitter_username": null,
 "category_code": "health",
 "number_of_employees": null,
 "founded_year": 2005,
 "founded_month": null,
 "founded_day": null,
 "deadpooled_year": null,
 "deadpooled_month": null,
 "deadpooled_day": null,
 "deadpooled_url": null,
 "tag_list": "",
 "alias_list": "",
 "email_address": "getanswers@allostatix.com",
 "phone_number": "513) 351-0368",
 "description": "",
 "created_at": "Mon Mar 03 13:15:05 UTC 2014",
 "updated_at": "Mon Mar 03 13:42:04 UTC 2014",
 "overview": "\u003Cp\u003EAllostatix is an innovative, science-based company providing a breakthrough health risk assessment to help determine how life\u2019s daily stresses are affecting overall wellness today. Our test predicts with scientific accuracy how an individual\u2019s wellness is today and will be in 3 to 5 years. \u003C/p\u003E",
 "image":
  {"available_sizes":
    [[[150,
       91],
      "http://api-images.crunchbase.com/assets/images/resized/0042/5976/425976v1-max-150x150.png"],
     [[162,
       99],
      "http://api-images.crunchbase.com/assets/images/resized/0042/5976/425976v1-max-250x250.png"],
     [[162,
       99],
      "http://api-images.crunchbase.com/assets/images/resized/0042/5976/425976v1-max-450x450.png"]],
   "attribution": null},
 "products":
  [],
 "relationships":
  [{"is_past": false,
    "title": "CEO",
    "person":
     {"first_name": "Gordon",
      "last_name": "Horwitz",
      "permalink": "gordon-horwitz"}},
   {"is_past": false,
    "title": "Chief Science Officer",
    "person":
     {"first_name": "Robert",
      "last_name": "Ludke",
      "permalink": "robert-ludke"}}],
 "competitions":
  [],
 "providerships":
  [],
 "total_money_raised": "$200k",
 "funding_rounds":
  [{"id": 67423,
    "round_code": "unattributed",
    "source_url": "http://www.sec.gov/Archives/edgar/data/1412429/000141242909000006/xslFormDX01/primary_doc.xml",
    "source_description": "SEC",
    "raised_amount": 200000.0,
    "raised_currency_code": "USD",
    "funded_year": 2009,
    "funded_month": 7,
    "funded_day": 14,
    "investments":
     []}],
 "investments":
  [],
 "acquisition": null,
 "acquisitions":
  [],
 "offices":
  [{"description": "",
    "address1": "1776 Mentor Avenue",
    "address2": "Suite 361",
    "zip_code": "45212",
    "city": "Cincinnati",
    "state_code": "OH",
    "country_code": "USA",
    "latitude": null,
    "longitude": null}],
 "milestones":
  [],
 "ipo": null,
 "video_embeds":
  [],
 "screenshots":
  [{"available_sizes":
     [[[150,
        69],
       "http://api-images.crunchbase.com/assets/images/resized/0042/5984/425984v1-max-150x150.png"],
      [[250,
        115],
       "http://api-images.crunchbase.com/assets/images/resized/0042/5984/425984v1-max-250x250.png"],
      [[450,
        208],
       "http://api-images.crunchbase.com/assets/images/resized/0042/5984/425984v1-max-450x450.png"]],
    "attribution": null}],
 "external_links":
  [],
 "partners":
  []}
