{"name": "AlphaPixel.iN",
 "permalink": "alphapixel-in",
 "crunchbase_url": "http://www.crunchbase.com/company/alphapixel-in",
 "homepage_url": "http://www.alphapixel.in",
 "blog_url": "",
 "blog_feed_url": "",
 "twitter_username": "AlphaPixelDelhi",
 "category_code": "web",
 "number_of_employees": 12,
 "founded_year": 2011,
 "founded_month": 1,
 "founded_day": 1,
 "deadpooled_year": null,
 "deadpooled_month": null,
 "deadpooled_day": null,
 "deadpooled_url": null,
 "tag_list": "web-development-company-in-delhi, web-designing-company-in-delhi, software-development-company-in-delhi",
 "alias_list": null,
 "email_address": "seo.alphapixel@gmail.com",
 "phone_number": "+91 9810519323",
 "description": "AlphaPixel.iN is a Patparganj Industrial",
 "created_at": "Tue Jan 28 09:37:44 UTC 2014",
 "updated_at": "Wed Feb 05 00:38:39 UTC 2014",
 "overview": "\u003Cp\u003EAlphaPixel Technologies is a New Delhi; India based web development and Designing Company, work on Dot.Net frame work provide services in mobile application, mobile web, custom software, Search engine optimization, social media optimization, link building, Domain registration and hosting.\nOur goal to provide reliable services to the client that helps to grow their business. We built up good relationship with client so that they will get take advantage of our services in near future. We increase your brand popularity via world wide web . for more\ndetails.\nContact Us\nAlphaPixel Technologies\nPatparganj Industrial Area \nNew Delhi-110092\u003C/p\u003E",
 "image": null,
 "products":
  [],
 "relationships":
  [],
 "competitions":
  [],
 "providerships":
  [],
 "total_money_raised": "$0",
 "funding_rounds":
  [],
 "investments":
  [],
 "acquisition": null,
 "acquisitions":
  [],
 "offices":
  [],
 "milestones":
  [],
 "ipo": null,
 "video_embeds":
  [],
 "screenshots":
  [],
 "external_links":
  [],
 "partners":
  []}
