{"name": "Alternative Energy Group",
 "permalink": "alternative-energy-group",
 "crunchbase_url": "http://www.crunchbase.com/company/alternative-energy-group",
 "homepage_url": null,
 "blog_url": null,
 "blog_feed_url": null,
 "twitter_username": null,
 "category_code": null,
 "number_of_employees": null,
 "founded_year": null,
 "founded_month": null,
 "founded_day": null,
 "deadpooled_year": null,
 "deadpooled_month": null,
 "deadpooled_day": null,
 "deadpooled_url": null,
 "tag_list": null,
 "alias_list": null,
 "email_address": null,
 "phone_number": null,
 "description": null,
 "created_at": "Fri Feb 07 11:41:14 UTC 2014",
 "updated_at": "Fri Feb 07 11:41:14 UTC 2014",
 "overview": null,
 "image": null,
 "products":
  [],
 "relationships":
  [{"is_past": false,
    "title": "Member of Advisory Board",
    "person":
     {"first_name": "James",
      "last_name": "(Jim) T. Healy",
      "permalink": "james-jim-t-healy"}},
   {"is_past": true,
    "title": "Co-Head",
    "person":
     {"first_name": "Bryce",
      "last_name": "Lee",
      "permalink": "bryce-lee"}}],
 "competitions":
  [],
 "providerships":
  [],
 "total_money_raised": "$0",
 "funding_rounds":
  [],
 "investments":
  [],
 "acquisition": null,
 "acquisitions":
  [],
 "offices":
  [],
 "milestones":
  [],
 "ipo": null,
 "video_embeds":
  [],
 "screenshots":
  [],
 "external_links":
  [],
 "partners":
  []}
