{"name": "Altin.net.tr",
 "permalink": "altin-net-tr",
 "crunchbase_url": "http://www.crunchbase.com/company/altin-net-tr",
 "homepage_url": "http://www.altin.net.tr",
 "blog_url": "",
 "blog_feed_url": "",
 "twitter_username": "altin_net_tr",
 "category_code": "finance",
 "number_of_employees": null,
 "founded_year": 2009,
 "founded_month": 2,
 "founded_day": 2,
 "deadpooled_year": null,
 "deadpooled_month": null,
 "deadpooled_day": null,
 "deadpooled_url": null,
 "tag_list": "",
 "alias_list": "",
 "email_address": "",
 "phone_number": "+90 212 123 4567",
 "description": "",
 "created_at": "Fri Feb 21 10:27:05 UTC 2014",
 "updated_at": "Fri Feb 21 10:36:01 UTC 2014",
 "overview": "\u003Cp\u003EAltin.net.tr is a web platform that operates as a meeting point for international gold investors. It publishes current gold prices in the gold industry on a daily basis.\u003C/p\u003E\n\n\u003Cp\u003EFounded on February 2nd, 2009, Altin.net.tr provides users with the latest updates related to the international gold industry. In addition to gold price rates, Altin.net.tr offers a currency converter, currency exchange rates, gold market reviews, detailed analysis, data and other related information.\u003C/p\u003E",
 "image":
  {"available_sizes":
    [[[150,
       62],
      "http://api-images.crunchbase.com/assets/images/resized/0041/9640/419640v1-max-150x150.png"],
     [[227,
       95],
      "http://api-images.crunchbase.com/assets/images/resized/0041/9640/419640v1-max-250x250.png"],
     [[227,
       95],
      "http://api-images.crunchbase.com/assets/images/resized/0041/9640/419640v1-max-450x450.png"]],
   "attribution": null},
 "products":
  [],
 "relationships":
  [],
 "competitions":
  [],
 "providerships":
  [],
 "total_money_raised": "$0",
 "funding_rounds":
  [],
 "investments":
  [],
 "acquisition": null,
 "acquisitions":
  [],
 "offices":
  [{"description": "",
    "address1": "",
    "address2": "",
    "zip_code": "",
    "city": "\u0130stanbul",
    "state_code": null,
    "country_code": "TUR",
    "latitude": null,
    "longitude": null}],
 "milestones":
  [],
 "ipo": null,
 "video_embeds":
  [],
 "screenshots":
  [{"available_sizes":
     [[[150,
        98],
       "http://api-images.crunchbase.com/assets/images/resized/0041/9639/419639v1-max-150x150.png"],
      [[250,
        164],
       "http://api-images.crunchbase.com/assets/images/resized/0041/9639/419639v1-max-250x250.png"],
      [[450,
        296],
       "http://api-images.crunchbase.com/assets/images/resized/0041/9639/419639v1-max-450x450.png"]],
    "attribution": null}],
 "external_links":
  [{"external_url": "https://www.facebook.com/guncel.altin.fiyatlari",
    "title": "Facebook"}],
 "partners":
  [{"partner_name": "webrazzi",
    "homepage_url": "unknown",
    "link_1_url": "http://vt.webrazzi.com/sirket/altin-net-tr",
    "link_2_url": null,
    "link_3_url": null,
    "link_1_name": "webrazzi Page",
    "link_2_name": null,
    "link_3_name": null}]}
