{"name": "1SDK",
 "permalink": "1sdk",
 "crunchbase_url": "http://www.crunchbase.com/company/1sdk",
 "homepage_url": "http://www.1sdk.com",
 "blog_url": "",
 "blog_feed_url": "",
 "twitter_username": "_1sdk",
 "category_code": "mobile",
 "number_of_employees": 5,
 "founded_year": 2012,
 "founded_month": 9,
 "founded_day": 1,
 "deadpooled_year": null,
 "deadpooled_month": null,
 "deadpooled_day": null,
 "deadpooled_url": null,
 "tag_list": "monetization, mobile-payments, in-app-billing, behavioral-pricing",
 "alias_list": "",
 "email_address": "team@1sdk.com",
 "phone_number": "+49-15166848938",
 "description": "1SDK for In-App Payments \u0026 Monetization",
 "created_at": "Wed Jul 31 23:09:07 UTC 2013",
 "updated_at": "Wed Nov 27 04:38:40 UTC 2013",
 "overview": "\u003Cp\u003E1SDK provides Software-as-a-Service for mobile App developers for integrating with multiple payment solutions and enabling dynamic behavior-specific pricing via a single SDK.\u003C/p\u003E\n\n\u003Cp\u003EEssentially, the company helps reduce the cost of integration with multiple In-App payment solutions by offering a single SDK. Further, it enables a unique capability to do behavior based pricing of goods sold inside the App.\u003C/p\u003E",
 "image":
  {"available_sizes":
    [[[150,
       150],
      "http://api-images.crunchbase.com/assets/images/resized/0029/9814/299814v4-max-150x150.png"],
     [[164,
       164],
      "http://api-images.crunchbase.com/assets/images/resized/0029/9814/299814v4-max-250x250.png"],
     [[164,
       164],
      "http://api-images.crunchbase.com/assets/images/resized/0029/9814/299814v4-max-450x450.png"]],
   "attribution": null},
 "products":
  [],
 "relationships":
  [{"is_past": false,
    "title": "Co-founder",
    "person":
     {"first_name": "Anil",
      "last_name": "Kutty",
      "permalink": "anil-kutty"}},
   {"is_past": true,
    "title": "Co-founder",
    "person":
     {"first_name": "Anil",
      "last_name": "V",
      "permalink": "anil-v"}}],
 "competitions":
  [{"competitor":
     {"name": "PlayHaven",
      "permalink": "playhaven"}},
   {"competitor":
     {"name": "Applicasa",
      "permalink": "applicasa"}},
   {"competitor":
     {"name": "Chartboost",
      "permalink": "chartboost"}},
   {"competitor":
     {"name": "Swrve",
      "permalink": "swrve-new-media"}}],
 "providerships":
  [],
 "total_money_raised": "\u20ac15k",
 "funding_rounds":
  [{"id": 55763,
    "round_code": "seed",
    "source_url": "",
    "source_description": "",
    "raised_amount": 15000.0,
    "raised_currency_code": "EUR",
    "funded_year": 2013,
    "funded_month": 8,
    "funded_day": 5,
    "investments":
     [{"company":
        {"name": "Startupbootcamp",
         "permalink": "startupbootcamp"},
       "financial_org": null,
       "person": null}]}],
 "investments":
  [],
 "acquisition": null,
 "acquisitions":
  [],
 "offices":
  [{"description": "Headquaters",
    "address1": "Charlottenstrasse 2",
    "address2": "",
    "zip_code": "10969",
    "city": "Berlin",
    "state_code": null,
    "country_code": "DEU",
    "latitude": null,
    "longitude": null}],
 "milestones":
  [],
 "ipo": null,
 "video_embeds":
  [],
 "screenshots":
  [{"available_sizes":
     [[[150,
        97],
       "http://api-images.crunchbase.com/assets/images/resized/0036/3104/363104v1-max-150x150.jpg"],
      [[250,
        162],
       "http://api-images.crunchbase.com/assets/images/resized/0036/3104/363104v1-max-250x250.jpg"],
      [[450,
        293],
       "http://api-images.crunchbase.com/assets/images/resized/0036/3104/363104v1-max-450x450.jpg"]],
    "attribution": null}],
 "external_links":
  [{"external_url": "http://venturevillage.eu/startupbootcamp-berlin-2013",
    "title": "Startupbootcamp Selection"},
   {"external_url": "http://siliconallee.com/silicon-allee/berlin/2013/07/08/from-baby-monitors-to-im-translation-sbc-13-participants-chosen",
    "title": "Startupbootcamp Selection"}],
 "partners":
  []}
