{"name": "21st Century Fox",
 "permalink": "21st-century-fox",
 "crunchbase_url": "http://www.crunchbase.com/company/21st-century-fox",
 "homepage_url": "http://www.21cf.com",
 "blog_url": "",
 "blog_feed_url": "",
 "twitter_username": null,
 "category_code": "news",
 "number_of_employees": null,
 "founded_year": 2013,
 "founded_month": 6,
 "founded_day": 28,
 "deadpooled_year": null,
 "deadpooled_month": null,
 "deadpooled_day": null,
 "deadpooled_url": null,
 "tag_list": "entertainment, media, production, pictures",
 "alias_list": "",
 "email_address": "",
 "phone_number": "212-852-7000",
 "description": "Mass Media Production",
 "created_at": "Mon Jul 15 04:27:58 UTC 2013",
 "updated_at": "Fri Apr 11 08:58:07 UTC 2014",
 "overview": "\u003Cp\u003E21st Century Fox is an American multinational mass media corporation. It is one of two companies created from the 2013 split of News Corporation (as founded by Rupert Murdoch in 1979); 21st Century Fox retains the previous News Corporation\u0026#8217;s broadcasting and film assets and serves as its legal successor, while its publishing assets were spun off to form News Corp at the same time. The split was designed to ensure that both companies are operated under more \u0026#8220;focused\u0026#8221; management, which Murdoch claimed would \u0026#8220;unlock\u0026#8221; their true value.\nAmong its holdings are Fox Entertainment Group\u2014owners of the 20th Century Fox film studio and Fox television network among other assets, pan-Asian pay channel operator STAR TV, Italian television provider Sky Italia, and stakes in the television providers BSkyB and Sky Deutschland.\u003C/p\u003E",
 "image":
  {"available_sizes":
    [[[150,
       73],
      "http://api-images.crunchbase.com/assets/images/resized/0044/2648/442648v1-max-150x150.png"],
     [[208,
       102],
      "http://api-images.crunchbase.com/assets/images/resized/0044/2648/442648v1-max-250x250.png"],
     [[208,
       102],
      "http://api-images.crunchbase.com/assets/images/resized/0044/2648/442648v1-max-450x450.png"]],
   "attribution": null},
 "products":
  [],
 "relationships":
  [{"is_past": false,
    "title": "CEO",
    "person":
     {"first_name": "Roger",
      "last_name": "Ailes",
      "permalink": "roger-ailes"}},
   {"is_past": false,
    "title": "Chairman and CEO",
    "person":
     {"first_name": "Rupert",
      "last_name": "Murdoch",
      "permalink": "rupert-murdoch"}},
   {"is_past": false,
    "title": "Chief Compliance Officer",
    "person":
     {"first_name": "Gerson",
      "last_name": "Zweifach",
      "permalink": "gerson-zweifach"}},
   {"is_past": false,
    "title": "Deputy COO",
    "person":
     {"first_name": "James",
      "last_name": "Murdoch",
      "permalink": "james-murdoch"}},
   {"is_past": false,
    "title": "COO",
    "person":
     {"first_name": "Chase",
      "last_name": "Carey",
      "permalink": "chase-carey"}},
   {"is_past": true,
    "title": "Asst. to Head Recruiter",
    "person":
     {"first_name": "Michael",
      "last_name": "Matousek",
      "permalink": "michael-matousek"}}],
 "competitions":
  [],
 "providerships":
  [],
 "total_money_raised": "$0",
 "funding_rounds":
  [],
 "investments":
  [{"funding_round":
     {"round_code": "private_equity",
      "source_url": "http://techcrunch.com/2013/08/16/vice-fox/",
      "source_description": "TechCrunch",
      "raised_amount": 70000000.0,
      "raised_currency_code": "USD",
      "funded_year": 2013,
      "funded_month": 8,
      "funded_day": null,
      "company":
       {"name": "Vice Media",
        "permalink": "vice"}}}],
 "acquisition": null,
 "acquisitions":
  [],
 "offices":
  [{"description": "HQ",
    "address1": "1211",
    "address2": "Avenue Of The Americas",
    "zip_code": "10036-8701",
    "city": "NY",
    "state_code": "NY",
    "country_code": "USA",
    "latitude": null,
    "longitude": null}],
 "milestones":
  [],
 "ipo":
  {"valuation_amount": null,
   "valuation_currency_code": "USD",
   "pub_year": 1986,
   "pub_month": 5,
   "pub_day": 30,
   "stock_symbol": "NASDAQ:FOXA"},
 "video_embeds":
  [],
 "screenshots":
  [{"available_sizes":
     [[[150,
        88],
       "http://api-images.crunchbase.com/assets/images/resized/0044/2653/442653v1-max-150x150.png"],
      [[250,
        147],
       "http://api-images.crunchbase.com/assets/images/resized/0044/2653/442653v1-max-250x250.png"],
      [[450,
        265],
       "http://api-images.crunchbase.com/assets/images/resized/0044/2653/442653v1-max-450x450.png"]],
    "attribution": null}],
 "external_links":
  [],
 "partners":
  []}
