{"name": "24Sessions",
 "permalink": "24sessions",
 "crunchbase_url": "http://www.crunchbase.com/company/24sessions",
 "homepage_url": "http://24sessions.com",
 "blog_url": "http://24sessions.com",
 "blog_feed_url": "http://24sessions.com",
 "twitter_username": "24sessions",
 "category_code": "social",
 "number_of_employees": 10,
 "founded_year": 2013,
 "founded_month": 7,
 "founded_day": 1,
 "deadpooled_year": null,
 "deadpooled_month": null,
 "deadpooled_day": null,
 "deadpooled_url": null,
 "tag_list": "startup, beta, invite-only, marketplace, b2b, social-network, share-economy, advice, consultancy, video, chat",
 "alias_list": "",
 "email_address": "info@24sessions.com",
 "phone_number": "",
 "description": "Marketplace for live video advice",
 "created_at": "Wed Aug 07 17:15:48 UTC 2013",
 "updated_at": "Tue Dec 31 07:40:50 UTC 2013",
 "overview": "\u003Cp\u003E24Sessions connects people that need advice with experts who can give advice over live video. Our trusted platform allows you to search and book the right expert and receive valuable help over live video. Anytime, anywhere.\u003C/p\u003E\n\n\u003Cp\u003EWhether you\u2019re an aspiring entrepreneur, a top-level manager or just someone who wants to learn about a new topic, with 24Sessions you can talk to the right expert for the job. \u003C/p\u003E\n\n\u003Cp\u003EFor experts around the world, 24Sessions is a platform to help businesses, earn money and build reputation in a fun and efficient way. Experts in any field of business can benefit from our platform. Whether you\u2019re an accountant, country expert, entrepreneur, marketer, personal coach or lawyer.\u003C/p\u003E",
 "image":
  {"available_sizes":
    [[[150,
       129],
      "http://api-images.crunchbase.com/assets/images/resized/0030/3404/303404v7-max-150x150.png"],
     [[250,
       216],
      "http://api-images.crunchbase.com/assets/images/resized/0030/3404/303404v7-max-250x250.png"],
     [[450,
       389],
      "http://api-images.crunchbase.com/assets/images/resized/0030/3404/303404v7-max-450x450.png"]],
   "attribution": null},
 "products":
  [],
 "relationships":
  [{"is_past": false,
    "title": "Founder",
    "person":
     {"first_name": "Rutger",
      "last_name": "Teunissen",
      "permalink": "rutger-teunissen"}},
   {"is_past": false,
    "title": "CTO",
    "person":
     {"first_name": "Kevin",
      "last_name": "Levie",
      "permalink": "kevin-levie"}},
   {"is_past": false,
    "title": "Co-Founder",
    "person":
     {"first_name": "Lucas",
      "last_name": "Huizinga",
      "permalink": "lucas-huizinga"}}],
 "competitions":
  [],
 "providerships":
  [],
 "total_money_raised": "$0",
 "funding_rounds":
  [],
 "investments":
  [],
 "acquisition": null,
 "acquisitions":
  [],
 "offices":
  [{"description": "World Headquarters",
    "address1": "",
    "address2": "",
    "zip_code": "",
    "city": "Utrecht",
    "state_code": null,
    "country_code": "NLD",
    "latitude": null,
    "longitude": null}],
 "milestones":
  [{"id": 39738,
    "description": "Invitation to WebSummit",
    "stoned_year": 2013,
    "stoned_month": 7,
    "stoned_day": 1,
    "source_url": "http://blog.websummit.net/2013/08/23/startups-netherlands-1/",
    "source_text": null,
    "source_description": "28 Startups from The Netherlands",
    "stoneable_type": "Company",
    "stoned_value": null,
    "stoned_value_type": null,
    "stoned_acquirer": null,
    "stoneable":
     {"name": "24Sessions",
      "permalink": "24sessions"}},
   {"id": 40741,
    "description": "Live in Beta",
    "stoned_year": 2013,
    "stoned_month": 10,
    "stoned_day": 7,
    "source_url": "http://24sessions.com",
    "source_text": null,
    "source_description": "",
    "stoneable_type": "Company",
    "stoned_value": null,
    "stoned_value_type": null,
    "stoned_acquirer": null,
    "stoneable":
     {"name": "24Sessions",
      "permalink": "24sessions"}}],
 "ipo": null,
 "video_embeds":
  [],
 "screenshots":
  [{"available_sizes":
     [[[150,
        96],
       "http://api-images.crunchbase.com/assets/images/resized/0032/7292/327292v2-max-150x150.png"],
      [[250,
        160],
       "http://api-images.crunchbase.com/assets/images/resized/0032/7292/327292v2-max-250x250.png"],
      [[450,
        289],
       "http://api-images.crunchbase.com/assets/images/resized/0032/7292/327292v2-max-450x450.png"]],
    "attribution": null},
   {"available_sizes":
     [[[150,
        105],
       "http://api-images.crunchbase.com/assets/images/resized/0032/7296/327296v2-max-150x150.png"],
      [[250,
        176],
       "http://api-images.crunchbase.com/assets/images/resized/0032/7296/327296v2-max-250x250.png"],
      [[450,
        316],
       "http://api-images.crunchbase.com/assets/images/resized/0032/7296/327296v2-max-450x450.png"]],
    "attribution": null},
   {"available_sizes":
     [[[150,
        105],
       "http://api-images.crunchbase.com/assets/images/resized/0032/7298/327298v2-max-150x150.png"],
      [[250,
        175],
       "http://api-images.crunchbase.com/assets/images/resized/0032/7298/327298v2-max-250x250.png"],
      [[450,
        316],
       "http://api-images.crunchbase.com/assets/images/resized/0032/7298/327298v2-max-450x450.png"]],
    "attribution": null},
   {"available_sizes":
     [[[150,
        91],
       "http://api-images.crunchbase.com/assets/images/resized/0032/7299/327299v2-max-150x150.png"],
      [[250,
        152],
       "http://api-images.crunchbase.com/assets/images/resized/0032/7299/327299v2-max-250x250.png"],
      [[450,
        273],
       "http://api-images.crunchbase.com/assets/images/resized/0032/7299/327299v2-max-450x450.png"]],
    "attribution": null},
   {"available_sizes":
     [[[150,
        90],
       "http://api-images.crunchbase.com/assets/images/resized/0033/8341/338341v2-max-150x150.png"],
      [[250,
        150],
       "http://api-images.crunchbase.com/assets/images/resized/0033/8341/338341v2-max-250x250.png"],
      [[450,
        270],
       "http://api-images.crunchbase.com/assets/images/resized/0033/8341/338341v2-max-450x450.png"]],
    "attribution": null},
   {"available_sizes":
     [[[150,
        131],
       "http://api-images.crunchbase.com/assets/images/resized/0033/8344/338344v2-max-150x150.png"],
      [[250,
        218],
       "http://api-images.crunchbase.com/assets/images/resized/0033/8344/338344v2-max-250x250.png"],
      [[450,
        393],
       "http://api-images.crunchbase.com/assets/images/resized/0033/8344/338344v2-max-450x450.png"]],
    "attribution": null},
   {"available_sizes":
     [[[150,
        80],
       "http://api-images.crunchbase.com/assets/images/resized/0033/8345/338345v2-max-150x150.png"],
      [[250,
        134],
       "http://api-images.crunchbase.com/assets/images/resized/0033/8345/338345v2-max-250x250.png"],
      [[450,
        241],
       "http://api-images.crunchbase.com/assets/images/resized/0033/8345/338345v2-max-450x450.png"]],
    "attribution": null}],
 "external_links":
  [],
 "partners":
  [{"partner_name": "angel_list",
    "homepage_url": "http://24sessions.com",
    "link_1_url": "https://angel.co/24sessions",
    "link_2_url": null,
    "link_3_url": null,
    "link_1_name": "AngelList Page",
    "link_2_name": null,
    "link_3_name": null}]}
