{"name": "25 Realty",
 "permalink": "25-realty",
 "crunchbase_url": "http://www.crunchbase.com/company/25-realty",
 "homepage_url": "http://www.25realty.com",
 "blog_url": "",
 "blog_feed_url": "",
 "twitter_username": "25realty",
 "category_code": "real_estate",
 "number_of_employees": 24,
 "founded_year": 2012,
 "founded_month": 10,
 "founded_day": null,
 "deadpooled_year": null,
 "deadpooled_month": null,
 "deadpooled_day": null,
 "deadpooled_url": null,
 "tag_list": "",
 "alias_list": null,
 "email_address": "info@25realty.com",
 "phone_number": "718.333.5499",
 "description": "",
 "created_at": "Sun Jul 14 07:01:33 UTC 2013",
 "updated_at": "Mon Jul 15 23:13:15 UTC 2013",
 "overview": "",
 "image":
  {"available_sizes":
    [[[150,
       43],
      "http://api-images.crunchbase.com/assets/images/resized/0028/8532/288532v2-max-150x150.png"],
     [[200,
       58],
      "http://api-images.crunchbase.com/assets/images/resized/0028/8532/288532v2-max-250x250.png"],
     [[200,
       58],
      "http://api-images.crunchbase.com/assets/images/resized/0028/8532/288532v2-max-450x450.png"]],
   "attribution": null},
 "products":
  [],
 "relationships":
  [{"is_past": false,
    "title": "CEO \u0026 Co-Founder",
    "person":
     {"first_name": "Moe",
      "last_name": "Sayed",
      "permalink": "moe-sayed"}}],
 "competitions":
  [],
 "providerships":
  [],
 "total_money_raised": "$0",
 "funding_rounds":
  [],
 "investments":
  [],
 "acquisition": null,
 "acquisitions":
  [],
 "offices":
  [],
 "milestones":
  [],
 "ipo": null,
 "video_embeds":
  [],
 "screenshots":
  [],
 "external_links":
  [],
 "partners":
  []}
