{"name": "2C2P",
 "permalink": "2c2p",
 "crunchbase_url": "http://www.crunchbase.com/company/2c2p",
 "homepage_url": "http://www.2c2p.com",
 "blog_url": "",
 "blog_feed_url": "",
 "twitter_username": "2c2p",
 "category_code": "software",
 "number_of_employees": 60,
 "founded_year": 2003,
 "founded_month": null,
 "founded_day": null,
 "deadpooled_year": null,
 "deadpooled_month": null,
 "deadpooled_day": null,
 "deadpooled_url": null,
 "tag_list": "payment-processing, e-commerce, 3dsecure, payment-security, fraud-control, mcommerce, alternative-form-of-payment, fintech, payments",
 "alias_list": "",
 "email_address": "contact@2c2p.com",
 "phone_number": "+662-2645-2520",
 "description": "Provider of innovative payment solutions",
 "created_at": "Fri Jul 12 07:43:31 UTC 2013",
 "updated_at": "Tue Apr 01 07:18:34 UTC 2014",
 "overview": "\u003Cp\u003E2C2P (short for Card \u0026amp; Cash Payment Processor) is an e-commerce payment provider offering innovative payment processing solutions for businesses in Asia-Pacific. \u003C/p\u003E\n\n\u003Cp\u003ELaunched in 2008 as a spin-off of leading payment technology provider SinaptIQ, 2C2P has since established itself as one of the leading e-commerce payment providers in Asia-Pacific. \u003C/p\u003E\n\n\u003Cp\u003E2C2P is backed by Expara IDM Ventures under the i.JAM Microfunding Scheme, an initiative of the Government of Singapore, Digital Media Partners, a VC fund from Singapore, and GMO Ventures from Japan\u003C/p\u003E",
 "image":
  {"available_sizes":
    [[[150,
       99],
      "http://api-images.crunchbase.com/assets/images/resized/0028/7842/287842v2-max-150x150.jpg"],
     [[250,
       166],
      "http://api-images.crunchbase.com/assets/images/resized/0028/7842/287842v2-max-250x250.jpg"],
     [[450,
       299],
      "http://api-images.crunchbase.com/assets/images/resized/0028/7842/287842v2-max-450x450.jpg"]],
   "attribution": null},
 "products":
  [],
 "relationships":
  [{"is_past": false,
    "title": "Founder, Group CEO",
    "person":
     {"first_name": "Aung",
      "last_name": "Kyaw Moe",
      "permalink": "aung-kyaw-moe"}},
   {"is_past": false,
    "title": "CEO",
    "person":
     {"first_name": "Piyachart",
      "last_name": "Ratanaprasartporn",
      "permalink": "piyachart-ratanaprasartporn"}}],
 "competitions":
  [],
 "providerships":
  [],
 "total_money_raised": "$3M",
 "funding_rounds":
  [{"id": 42330,
    "round_code": "a",
    "source_url": "",
    "source_description": "",
    "raised_amount": 1000000.0,
    "raised_currency_code": "USD",
    "funded_year": 2011,
    "funded_month": null,
    "funded_day": null,
    "investments":
     [{"company":
        {"name": "Digital Media Partners",
         "permalink": "digital-media-partners"},
       "financial_org": null,
       "person": null}]},
   {"id": 42331,
    "round_code": "b",
    "source_url": "http://www.techinasia.com/southeast-asiaborn-paypal-competitor-2c2p-secures-2-million-funding/?utm_source=twitterfeed\u0026utm_medium=twitter\u0026utm_campaign=aakarpost",
    "source_description": "Southeast Asia-born Paypal competitor 2C2P secures $2 million funding",
    "raised_amount": 2000000.0,
    "raised_currency_code": "USD",
    "funded_year": 2014,
    "funded_month": 1,
    "funded_day": 28,
    "investments":
     [{"company":
        {"name": "GMO VenturePartners, Inc.",
         "permalink": "gmo-venturepartners-inc"},
       "financial_org": null,
       "person": null}]}],
 "investments":
  [],
 "acquisition": null,
 "acquisitions":
  [],
 "offices":
  [{"description": "2C2P Pte Ltd",
    "address1": "71 Ayer Rajah Crescent #05-22/23",
    "address2": "",
    "zip_code": "139951",
    "city": "Singapore",
    "state_code": null,
    "country_code": "SGP",
    "latitude": null,
    "longitude": null},
   {"description": "2C2P (Thailand) Co Ltd",
    "address1": "184/2 Forum Tower 3rd Floor",
    "address2": "Ratchadapisek Road, Huaykwang",
    "zip_code": "10310",
    "city": "Bangkok",
    "state_code": null,
    "country_code": "THA",
    "latitude": null,
    "longitude": null}],
 "milestones":
  [],
 "ipo": null,
 "video_embeds":
  [],
 "screenshots":
  [{"available_sizes":
     [[[150,
        85],
       "http://api-images.crunchbase.com/assets/images/resized/0028/7841/287841v2-max-150x150.png"],
      [[250,
        142],
       "http://api-images.crunchbase.com/assets/images/resized/0028/7841/287841v2-max-250x250.png"],
      [[450,
        256],
       "http://api-images.crunchbase.com/assets/images/resized/0028/7841/287841v2-max-450x450.png"]],
    "attribution": null}],
 "external_links":
  [{"external_url": "http://www.thailand4.com/.gen/2012-08-24/7d872dbb09406a333b457f3d349ec909/",
    "title": "2C2P launches 123 Service to diversify online payment options"},
   {"external_url": "http://sgentrepreneurs.com/2010/05/31/2c2p-wins-gmic-2010-innovation-show-in-beijing/",
    "title": "2C2P Wins GMIC 2010 Innovation Show In Beijing"},
   {"external_url": "http://sgentrepreneurs.com/2010/01/20/2c2p-wins-red-herring-top-100-global-companies-award/",
    "title": "2C2P Wins Red Herring Top 100 Global Companies Award"},
   {"external_url": "http://e27.co/2010/01/11/2c2p-trying-to-break-the-online-payment-gateway-hegemony/",
    "title": "2C2P \u2013 Breaking the Online Payment Gateway Hegemony?"},
   {"external_url": "http://www.techinasia.com/thailand-unbanked-thailand-online-payments/",
    "title": "Platform to Allow Millions of \u2018Unbanked\u2019 Thais Purchase Online"},
   {"external_url": "https://angel.co/2c2p",
    "title": "2C2P on AngelList"},
   {"external_url": "http://www.linkedin.com/company/817617?trk=tyah",
    "title": "2C2P on LinkedIn"},
   {"external_url": "https://www.facebook.com/pages/2C2P/127245330649530?fref=ts",
    "title": "2C2P Facebook page"}],
 "partners":
  []}
