{"name": "2K Games",
 "permalink": "2k-games",
 "crunchbase_url": "http://www.crunchbase.com/company/2k-games",
 "homepage_url": null,
 "blog_url": null,
 "blog_feed_url": null,
 "twitter_username": null,
 "category_code": null,
 "number_of_employees": null,
 "founded_year": null,
 "founded_month": null,
 "founded_day": null,
 "deadpooled_year": null,
 "deadpooled_month": null,
 "deadpooled_day": null,
 "deadpooled_url": null,
 "tag_list": null,
 "alias_list": null,
 "email_address": null,
 "phone_number": null,
 "description": null,
 "created_at": "Tue Aug 13 10:49:58 UTC 2013",
 "updated_at": "Tue Aug 13 10:49:58 UTC 2013",
 "overview": null,
 "image": null,
 "products":
  [],
 "relationships":
  [{"is_past": false,
    "title": "Design Consultant",
    "person":
     {"first_name": "Julien",
      "last_name": "Bourbonnais",
      "permalink": "julien-bourbonnais"}},
   {"is_past": true,
    "title": "Producer",
    "person":
     {"first_name": "Seth",
      "last_name": "Olshfski",
      "permalink": "seth-olshfski"}}],
 "competitions":
  [],
 "providerships":
  [],
 "total_money_raised": "$0",
 "funding_rounds":
  [],
 "investments":
  [],
 "acquisition": null,
 "acquisitions":
  [],
 "offices":
  [],
 "milestones":
  [],
 "ipo": null,
 "video_embeds":
  [],
 "screenshots":
  [],
 "external_links":
  [],
 "partners":
  []}
