{"name": "30 Second Showcase",
 "permalink": "30-second-showcase",
 "crunchbase_url": "http://www.crunchbase.com/company/30-second-showcase",
 "homepage_url": "http://www.30secondshowcase.com",
 "blog_url": "http://www.30secondshowcase.com/wordpress",
 "blog_feed_url": "",
 "twitter_username": "30SecShow",
 "category_code": "software",
 "number_of_employees": 4,
 "founded_year": 2013,
 "founded_month": 4,
 "founded_day": null,
 "deadpooled_year": null,
 "deadpooled_month": null,
 "deadpooled_day": null,
 "deadpooled_url": null,
 "tag_list": "creative, portfolio, photo, photography, design, graphic-design, mobile, app, showcase, one-page, techlaunch, launchpad-2",
 "alias_list": "",
 "email_address": "info@30secondshowcase.com",
 "phone_number": "9739310813",
 "description": "Visual Introductions for Every Situation",
 "created_at": "Fri Jul 05 17:38:40 UTC 2013",
 "updated_at": "Sat Aug 24 05:44:32 UTC 2013",
 "overview": "\u003Cp\u003E30 Second Showcase is a tool for creating beautiful one page portfolios on the go. By taking a mobile first approach, creating targeted portfolios of your best work has never been easier. With a few clicks your creative work is ready to be shared with the world.\u003C/p\u003E",
 "image":
  {"available_sizes":
    [[[150,
       64],
      "http://api-images.crunchbase.com/assets/images/resized/0028/4934/284934v2-max-150x150.jpg"],
     [[200,
       86],
      "http://api-images.crunchbase.com/assets/images/resized/0028/4934/284934v2-max-250x250.jpg"],
     [[200,
       86],
      "http://api-images.crunchbase.com/assets/images/resized/0028/4934/284934v2-max-450x450.jpg"]],
   "attribution": null},
 "products":
  [{"name": "30 Second Showcase",
    "permalink": "30-second-showcase"}],
 "relationships":
  [{"is_past": false,
    "title": "CEO",
    "person":
     {"first_name": "James",
      "last_name": "Kaiser",
      "permalink": "james-kaiser"}},
   {"is_past": false,
    "title": "CTO",
    "person":
     {"first_name": "Chris",
      "last_name": "Zega",
      "permalink": "chris-zega"}},
   {"is_past": false,
    "title": "Creative In Chief",
    "person":
     {"first_name": "Kristenelle",
      "last_name": "Coronado",
      "permalink": "kristenelle-coronado"}},
   {"is_past": false,
    "title": "COO",
    "person":
     {"first_name": "Clarence",
      "last_name": "Stone",
      "permalink": "clarence-stone"}}],
 "competitions":
  [],
 "providerships":
  [],
 "total_money_raised": "$25k",
 "funding_rounds":
  [{"id": 46084,
    "round_code": "seed",
    "source_url": "http://www.northjersey.com/news/207595651_NJ_s_TechLaunch_announces_second_class_of_start-up_companies.html",
    "source_description": "NJ\u2019s TechLaunch announces second class of start-up companies",
    "raised_amount": 25000.0,
    "raised_currency_code": "USD",
    "funded_year": 2013,
    "funded_month": 5,
    "funded_day": 20,
    "investments":
     [{"company":
        {"name": "TechLaunch",
         "permalink": "techlaunch"},
       "financial_org": null,
       "person": null}]}],
 "investments":
  [],
 "acquisition": null,
 "acquisitions":
  [],
 "offices":
  [{"description": "HQ",
    "address1": "855 Valley Road",
    "address2": "Suite 204",
    "zip_code": "07013",
    "city": "Clifton",
    "state_code": "NJ",
    "country_code": "USA",
    "latitude": 40.9386104,
    "longitude": -74.0923946}],
 "milestones":
  [{"id": 36373,
    "description": "Accepted into NJ TechLaunch - New Jersey's premiere accelerator",
    "stoned_year": 2013,
    "stoned_month": 5,
    "stoned_day": 16,
    "source_url": "http://www.njtechweekly.com/art/1914-techlaunch-accelerator-unveils-second-class-of-startups/",
    "source_text": null,
    "source_description": "TechLaunch Accelerator Unveils Second Class of Startups",
    "stoneable_type": "Company",
    "stoned_value": null,
    "stoned_value_type": null,
    "stoned_acquirer": null,
    "stoneable":
     {"name": "30 Second Showcase",
      "permalink": "30-second-showcase"}}],
 "ipo": null,
 "video_embeds":
  [],
 "screenshots":
  [{"available_sizes":
     [[[84,
        150],
       "http://api-images.crunchbase.com/assets/images/resized/0028/7011/287011v4-max-150x150.jpg"],
      [[140,
        250],
       "http://api-images.crunchbase.com/assets/images/resized/0028/7011/287011v4-max-250x250.jpg"],
      [[253,
        450],
       "http://api-images.crunchbase.com/assets/images/resized/0028/7011/287011v4-max-450x450.jpg"]],
    "attribution": null},
   {"available_sizes":
     [[[150,
        119],
       "http://api-images.crunchbase.com/assets/images/resized/0031/2952/312952v3-max-150x150.png"],
      [[250,
        199],
       "http://api-images.crunchbase.com/assets/images/resized/0031/2952/312952v3-max-250x250.png"],
      [[450,
        359],
       "http://api-images.crunchbase.com/assets/images/resized/0031/2952/312952v3-max-450x450.png"]],
    "attribution": null},
   {"available_sizes":
     [[[150,
        117],
       "http://api-images.crunchbase.com/assets/images/resized/0031/2953/312953v3-max-150x150.png"],
      [[250,
        195],
       "http://api-images.crunchbase.com/assets/images/resized/0031/2953/312953v3-max-250x250.png"],
      [[450,
        351],
       "http://api-images.crunchbase.com/assets/images/resized/0031/2953/312953v3-max-450x450.png"]],
    "attribution": null}],
 "external_links":
  [],
 "partners":
  [{"partner_name": "angel_list",
    "homepage_url": "http://www.30secondshowcase.com",
    "link_1_url": "https://angel.co/30-second-showcase",
    "link_2_url": "https://angel.co/30-second-showcase?utc_source=crunchbase\u0026amp;utm_campaign=crunchbase\u0026amp;utm_content=fundraising\u0026amp;utm_medium=link\u0026amp;utm_term=30-second-showcase",
    "link_3_url": null,
    "link_1_name": "AngelList Page",
    "link_2_name": "Raising: $300K",
    "link_3_name": null}]}
