{"name": "303 Magazine",
 "permalink": "303-magazine",
 "crunchbase_url": "http://www.crunchbase.com/company/303-magazine",
 "homepage_url": null,
 "blog_url": null,
 "blog_feed_url": null,
 "twitter_username": null,
 "category_code": null,
 "number_of_employees": null,
 "founded_year": null,
 "founded_month": null,
 "founded_day": null,
 "deadpooled_year": null,
 "deadpooled_month": null,
 "deadpooled_day": null,
 "deadpooled_url": null,
 "tag_list": null,
 "alias_list": null,
 "email_address": null,
 "phone_number": null,
 "description": null,
 "created_at": "Tue Jul 30 17:01:49 UTC 2013",
 "updated_at": "Tue Jul 30 17:01:49 UTC 2013",
 "overview": null,
 "image": null,
 "products":
  [],
 "relationships":
  [{"is_past": true,
    "title": "Founder and Managing Editor",
    "person":
     {"first_name": "Corey",
      "last_name": "Epstein",
      "permalink": "corey-epstein"}},
   {"is_past": true,
    "title": "Fashion Assistant / Blogger",
    "person":
     {"first_name": "Allegra",
      "last_name": "Scarano",
      "permalink": "allegra-scarano"}}],
 "competitions":
  [],
 "providerships":
  [],
 "total_money_raised": "$0",
 "funding_rounds":
  [],
 "investments":
  [],
 "acquisition": null,
 "acquisitions":
  [],
 "offices":
  [],
 "milestones":
  [],
 "ipo": null,
 "video_embeds":
  [],
 "screenshots":
  [],
 "external_links":
  [],
 "partners":
  []}
