{"name": "33entrepreneurs",
 "permalink": "33entrepreneurs",
 "crunchbase_url": "http://www.crunchbase.com/company/33entrepreneurs",
 "homepage_url": "http://www.33entrepreneurs.fr",
 "blog_url": "",
 "blog_feed_url": "",
 "twitter_username": "33entrepreneurs",
 "category_code": "finance",
 "number_of_employees": null,
 "founded_year": 2013,
 "founded_month": 8,
 "founded_day": 1,
 "deadpooled_year": null,
 "deadpooled_month": null,
 "deadpooled_day": null,
 "deadpooled_url": null,
 "tag_list": "accelerator, france, wine-startups",
 "alias_list": "",
 "email_address": "vincent@33entrepreneurs.co",
 "phone_number": "",
 "description": "Accelerator",
 "created_at": "Mon Jul 15 09:02:46 UTC 2013",
 "updated_at": "Fri Apr 04 10:34:55 UTC 2014",
 "overview": "\u003Cp\u003EGreat StartUps Grow in Bordeaux\u003C/p\u003E",
 "image":
  {"available_sizes":
    [[[100,
       100],
      "http://api-images.crunchbase.com/assets/images/resized/0044/9383/449383v1-max-150x150.png"],
     [[100,
       100],
      "http://api-images.crunchbase.com/assets/images/resized/0044/9383/449383v1-max-250x250.png"],
     [[100,
       100],
      "http://api-images.crunchbase.com/assets/images/resized/0044/9383/449383v1-max-450x450.png"]],
   "attribution": null},
 "products":
  [],
 "relationships":
  [{"is_past": false,
    "title": "CEO \u0026 Founder",
    "person":
     {"first_name": "Vincent",
      "last_name": "Pretet",
      "permalink": "vincent-pretet"}}],
 "competitions":
  [],
 "providerships":
  [],
 "total_money_raised": "$0",
 "funding_rounds":
  [],
 "investments":
  [],
 "acquisition": null,
 "acquisitions":
  [],
 "offices":
  [{"description": "Bordeaux, France",
    "address1": "9 rue Andr\u00e9 Darbon",
    "address2": "",
    "zip_code": "33000",
    "city": "Bordeaux",
    "state_code": null,
    "country_code": "FRA",
    "latitude": 44.8548254,
    "longitude": -0.5681065}],
 "milestones":
  [],
 "ipo": null,
 "video_embeds":
  [],
 "screenshots":
  [{"available_sizes":
     [[[150,
        71],
       "http://api-images.crunchbase.com/assets/images/resized/0044/9384/449384v1-max-150x150.png"],
      [[250,
        118],
       "http://api-images.crunchbase.com/assets/images/resized/0044/9384/449384v1-max-250x250.png"],
      [[450,
        213],
       "http://api-images.crunchbase.com/assets/images/resized/0044/9384/449384v1-max-450x450.png"]],
    "attribution": null}],
 "external_links":
  [{"external_url": "https://angel.co/33entrepreneurs",
    "title": ""}],
 "partners":
  []}
