{"name": "3C Plus",
 "permalink": "3c-plus",
 "crunchbase_url": "http://www.crunchbase.com/company/3c-plus",
 "homepage_url": "http://www.3cplusnow.com",
 "blog_url": "",
 "blog_feed_url": "",
 "twitter_username": "3cplusnow",
 "category_code": "software",
 "number_of_employees": 10,
 "founded_year": 2013,
 "founded_month": 1,
 "founded_day": 10,
 "deadpooled_year": null,
 "deadpooled_month": null,
 "deadpooled_day": null,
 "deadpooled_url": null,
 "tag_list": "communication, call-center, cloud, contact-center, voip, html5, webrtc, ip, pbx, dialer, predictive",
 "alias_list": "",
 "email_address": "atendimento@3cplusnow.com",
 "phone_number": "+55 41 4063 9200",
 "description": "Cloud Unified Communications",
 "created_at": "Thu Jul 18 12:15:31 UTC 2013",
 "updated_at": "Wed Feb 12 10:53:15 UTC 2014",
 "overview": "\u003Cp\u003E3C Plus provides a cloud-based solution for small and medium-sized contact centers, giving them a chance to access top-notch technology for cheap. Their solution, which is completely in the cloud, has no setup and implementation fees, thus enabling smaller clients to play a larger role in their respective markets. These facts allow for agents to work from home, since no physical hardware is necessary other than a computer, an internet connection and a headset. Their team is very objective-focused, and this is proven by the fact that the software, which is currently in the final tests for its MVP phase, is already being used by clients satisfactorily.\u003C/p\u003E",
 "image":
  {"available_sizes":
    [[[100,
       100],
      "http://api-images.crunchbase.com/assets/images/resized/0029/3611/293611v1-max-150x150.jpg"],
     [[100,
       100],
      "http://api-images.crunchbase.com/assets/images/resized/0029/3611/293611v1-max-250x250.jpg"],
     [[100,
       100],
      "http://api-images.crunchbase.com/assets/images/resized/0029/3611/293611v1-max-450x450.jpg"]],
   "attribution": null},
 "products":
  [{"name": "3C Plus - IP PBX",
    "permalink": "3c-plus-ip-pbx"},
   {"name": "Cloud Call Center",
    "permalink": "cloud-call-center"},
   {"name": "Voice Messages",
    "permalink": "voice-messages"},
   {"name": "3C Plus - IVR",
    "permalink": "3cplus-ivr"},
   {"name": "Inbound and Outbound VOIP",
    "permalink": "inbound-and-outbound-voip"}],
 "relationships":
  [{"is_past": false,
    "title": "CEO",
    "person":
     {"first_name": "Luiz",
      "last_name": "Bettega",
      "permalink": "luiz-bettega"}},
   {"is_past": false,
    "title": "Development Manager",
    "person":
     {"first_name": "Diogo",
      "last_name": "Hartmann",
      "permalink": "diogo-hartmann"}},
   {"is_past": false,
    "title": "Development Manager",
    "person":
     {"first_name": "Aroldo",
      "last_name": "Bettega Netto",
      "permalink": "aroldo-bettega-netto"}}],
 "competitions":
  [{"competitor":
     {"name": "RingCentral",
      "permalink": "ringcentral"}},
   {"competitor":
     {"name": "3CLogic",
      "permalink": "3clogic"}},
   {"competitor":
     {"name": "Vocalcom",
      "permalink": "vocalcom"}},
   {"competitor":
     {"name": "Call-Em-All",
      "permalink": "call-em-all"}},
   {"competitor":
     {"name": "CallFire",
      "permalink": "callfire"}}],
 "providerships":
  [],
 "total_money_raised": "$75k",
 "funding_rounds":
  [{"id": 49678,
    "round_code": "seed",
    "source_url": "",
    "source_description": "",
    "raised_amount": 75000.0,
    "raised_currency_code": "USD",
    "funded_year": 2013,
    "funded_month": 1,
    "funded_day": 10,
    "investments":
     [{"company":
        {"name": "FluxoTi",
         "permalink": "fluxoti"},
       "financial_org": null,
       "person": null}]}],
 "investments":
  [],
 "acquisition": null,
 "acquisitions":
  [],
 "offices":
  [{"description": "3c Plus Office",
    "address1": "Galeria Ritz - Conjunto 905 B",
    "address2": "Centro",
    "zip_code": "80020-905",
    "city": "Curitiba",
    "state_code": null,
    "country_code": "BRA",
    "latitude": null,
    "longitude": null}],
 "milestones":
  [],
 "ipo": null,
 "video_embeds":
  [{"embed_code": "\u003Ciframe src=\"http://player.vimeo.com/video/71367372?title=0\u0026amp;byline=0\u0026amp;portrait=0\" width=\"420\" height=\"300\" frameborder=\"0\" webkitAllowFullScreen mozallowfullscreen allowFullScreen\u003E\u003C/iframe\u003E",
    "description": "\u003Cp\u003E3C plus video\u003C/p\u003E"}],
 "screenshots":
  [{"available_sizes":
     [[[150,
        102],
       "http://api-images.crunchbase.com/assets/images/resized/0029/3617/293617v2-max-150x150.jpg"],
      [[250,
        171],
       "http://api-images.crunchbase.com/assets/images/resized/0029/3617/293617v2-max-250x250.jpg"],
      [[418,
        287],
       "http://api-images.crunchbase.com/assets/images/resized/0029/3617/293617v2-max-450x450.jpg"]],
    "attribution": null},
   {"available_sizes":
     [[[150,
        103],
       "http://api-images.crunchbase.com/assets/images/resized/0029/3618/293618v2-max-150x150.png"],
      [[250,
        173],
       "http://api-images.crunchbase.com/assets/images/resized/0029/3618/293618v2-max-250x250.png"],
      [[450,
        311],
       "http://api-images.crunchbase.com/assets/images/resized/0029/3618/293618v2-max-450x450.png"]],
    "attribution": null},
   {"available_sizes":
     [[[150,
        104],
       "http://api-images.crunchbase.com/assets/images/resized/0030/3651/303651v1-max-150x150.png"],
      [[250,
        173],
       "http://api-images.crunchbase.com/assets/images/resized/0030/3651/303651v1-max-250x250.png"],
      [[413,
        287],
       "http://api-images.crunchbase.com/assets/images/resized/0030/3651/303651v1-max-450x450.png"]],
    "attribution": null}],
 "external_links":
  [],
 "partners":
  [{"partner_name": "angel_list",
    "homepage_url": "http://www.3cplusnow.com",
    "link_1_url": "https://angel.co/3c-plus-1",
    "link_2_url": null,
    "link_3_url": null,
    "link_1_name": "AngelList Page",
    "link_2_name": null,
    "link_3_name": null}]}
