{"name": "3Dtouch.de",
 "permalink": "3dtouch-de",
 "crunchbase_url": "http://www.crunchbase.com/company/3dtouch-de",
 "homepage_url": "http://www.3dtouch.de",
 "blog_url": "",
 "blog_feed_url": "",
 "twitter_username": "3Dtouchde",
 "category_code": "hardware",
 "number_of_employees": 1,
 "founded_year": 2009,
 "founded_month": 10,
 "founded_day": 10,
 "deadpooled_year": null,
 "deadpooled_month": null,
 "deadpooled_day": null,
 "deadpooled_url": null,
 "tag_list": "3d, glasses, 3d-viewing",
 "alias_list": null,
 "email_address": "info@3dtouch.de",
 "phone_number": "+493040574530",
 "description": "Onlineshop for 3D-related products",
 "created_at": "Wed Jul 24 09:39:27 UTC 2013",
 "updated_at": "Wed Jul 24 18:32:04 UTC 2013",
 "overview": "\u003Cp\u003E3Dtouch.de was founded to bring some Design-3D-glasses to the European market. Finally it got one of the leading sellers of 3D glasses in Germany delivering 3D experience to consumers and companies who want to have 3D glasses with their own logo.\u003C/p\u003E",
 "image":
  {"available_sizes":
    [[[150,
       42],
      "http://api-images.crunchbase.com/assets/images/resized/0029/5400/295400v2-max-150x150.png"],
     [[250,
       70],
      "http://api-images.crunchbase.com/assets/images/resized/0029/5400/295400v2-max-250x250.png"],
     [[350,
       99],
      "http://api-images.crunchbase.com/assets/images/resized/0029/5400/295400v2-max-450x450.png"]],
   "attribution": null},
 "products":
  [],
 "relationships":
  [],
 "competitions":
  [],
 "providerships":
  [],
 "total_money_raised": "$0",
 "funding_rounds":
  [],
 "investments":
  [],
 "acquisition": null,
 "acquisitions":
  [],
 "offices":
  [{"description": "Headquarter",
    "address1": "Erich-Weinert-Str. 22",
    "address2": "",
    "zip_code": "10439",
    "city": "Berlin",
    "state_code": null,
    "country_code": "DEU",
    "latitude": 52.5514081,
    "longitude": 13.4173765}],
 "milestones":
  [],
 "ipo": null,
 "video_embeds":
  [],
 "screenshots":
  [{"available_sizes":
     [[[150,
        83],
       "http://api-images.crunchbase.com/assets/images/resized/0029/5399/295399v2-max-150x150.jpg"],
      [[250,
        139],
       "http://api-images.crunchbase.com/assets/images/resized/0029/5399/295399v2-max-250x250.jpg"],
      [[450,
        251],
       "http://api-images.crunchbase.com/assets/images/resized/0029/5399/295399v2-max-450x450.jpg"]],
    "attribution": null}],
 "external_links":
  [],
 "partners":
  []}
