{"name": "5by",
 "permalink": "5by",
 "crunchbase_url": "http://www.crunchbase.com/company/5by",
 "homepage_url": "http://www.5by.com",
 "blog_url": "",
 "blog_feed_url": "",
 "twitter_username": "5byrocks",
 "category_code": "photo_video",
 "number_of_employees": null,
 "founded_year": 2012,
 "founded_month": null,
 "founded_day": null,
 "deadpooled_year": null,
 "deadpooled_month": null,
 "deadpooled_day": null,
 "deadpooled_url": null,
 "tag_list": "",
 "alias_list": "",
 "email_address": "",
 "phone_number": "",
 "description": "",
 "created_at": "Mon Jul 22 23:54:43 UTC 2013",
 "updated_at": "Tue Sep 24 20:39:42 UTC 2013",
 "overview": "\u003Cp\u003E5by scours the internet for the best videos, and hand-delivers\nthe ones you want to watch. It\u0026#8217;s curated, free, and awesome.\u003C/p\u003E",
 "image":
  {"available_sizes":
    [[[96,
       79],
      "http://api-images.crunchbase.com/assets/images/resized/0029/4833/294833v1-max-150x150.png"],
     [[96,
       79],
      "http://api-images.crunchbase.com/assets/images/resized/0029/4833/294833v1-max-250x250.png"],
     [[96,
       79],
      "http://api-images.crunchbase.com/assets/images/resized/0029/4833/294833v1-max-450x450.png"]],
   "attribution": null},
 "products":
  [],
 "relationships":
  [{"is_past": true,
    "title": "Founder/CEO",
    "person":
     {"first_name": "Greg",
      "last_name": "Isenberg",
      "permalink": "greg-isenberg"}}],
 "competitions":
  [],
 "providerships":
  [],
 "total_money_raised": "$0",
 "funding_rounds":
  [],
 "investments":
  [],
 "acquisition":
  {"price_amount": null,
   "price_currency_code": "USD",
   "term_code": null,
   "source_url": "http://techcrunch.com/2013/09/24/stumbleupon-acquires-5by/",
   "source_description": "In Its First Acquisition, StumbleUpon Buys Video Recommendation Startup 5by",
   "acquired_year": 2013,
   "acquired_month": 9,
   "acquired_day": 24,
   "acquiring_company":
    {"name": "StumbleUpon",
     "permalink": "stumbleupon"}},
 "acquisitions":
  [],
 "offices":
  [],
 "milestones":
  [],
 "ipo": null,
 "video_embeds":
  [],
 "screenshots":
  [{"available_sizes":
     [[[150,
        98],
       "http://api-images.crunchbase.com/assets/images/resized/0029/4834/294834v1-max-150x150.png"],
      [[250,
        164],
       "http://api-images.crunchbase.com/assets/images/resized/0029/4834/294834v1-max-250x250.png"],
      [[450,
        296],
       "http://api-images.crunchbase.com/assets/images/resized/0029/4834/294834v1-max-450x450.png"]],
    "attribution": null},
   {"available_sizes":
     [[[150,
        84],
       "http://api-images.crunchbase.com/assets/images/resized/0029/4835/294835v1-max-150x150.jpg"],
      [[250,
        141],
       "http://api-images.crunchbase.com/assets/images/resized/0029/4835/294835v1-max-250x250.jpg"],
      [[450,
        254],
       "http://api-images.crunchbase.com/assets/images/resized/0029/4835/294835v1-max-450x450.jpg"]],
    "attribution": null},
   {"available_sizes":
     [[[150,
        126],
       "http://api-images.crunchbase.com/assets/images/resized/0029/4837/294837v1-max-150x150.png"],
      [[250,
        211],
       "http://api-images.crunchbase.com/assets/images/resized/0029/4837/294837v1-max-250x250.png"],
      [[450,
        380],
       "http://api-images.crunchbase.com/assets/images/resized/0029/4837/294837v1-max-450x450.png"]],
    "attribution": null}],
 "external_links":
  [{"external_url": "http://techcrunch.com/2013/07/22/5by-wants-to-be-your-web-video-concierge-and-its-taking-aim-at-phones-and-tvs-too/",
    "title": "5by Wants To Be Your Web Video Concierge, And It\u2019s Taking Aim At Phones And TVs, Too"}],
 "partners":
  []}
