{"name": "7 Star Dreams",
 "permalink": "7-star-dreams",
 "crunchbase_url": "http://www.crunchbase.com/company/7-star-dreams",
 "homepage_url": null,
 "blog_url": null,
 "blog_feed_url": null,
 "twitter_username": null,
 "category_code": null,
 "number_of_employees": null,
 "founded_year": null,
 "founded_month": null,
 "founded_day": null,
 "deadpooled_year": null,
 "deadpooled_month": null,
 "deadpooled_day": null,
 "deadpooled_url": null,
 "tag_list": "saas, web-platform, music-tech, entrepreneurship",
 "alias_list": null,
 "email_address": null,
 "phone_number": null,
 "description": null,
 "created_at": "Sat Jul 06 20:50:11 UTC 2013",
 "updated_at": "Thu Apr 17 09:39:04 UTC 2014",
 "overview": "\u003Cp\u003E7 Star Dreams (www.7stardreams.com) is a first-of-kind, web platform that helps aspiring artists BREAK records in the Music Industry in 7 steps (or less). \u003C/p\u003E\n\n\u003Cp\u003EOur vision is to become the world\u2019s leading resource that connects artists directly to the Music Industry. Our mission is to help bring artists one step closer to their dream. \u003C/p\u003E",
 "image":
  {"available_sizes":
    [[[150,
       115],
      "http://api-images.crunchbase.com/assets/images/resized/0028/6435/286435v2-max-150x150.jpg"],
     [[250,
       193],
      "http://api-images.crunchbase.com/assets/images/resized/0028/6435/286435v2-max-250x250.jpg"],
     [[450,
       347],
      "http://api-images.crunchbase.com/assets/images/resized/0028/6435/286435v2-max-450x450.jpg"]],
   "attribution": null},
 "products":
  [{"name": "Web Platform",
    "permalink": "web-platform"}],
 "relationships":
  [{"is_past": false,
    "title": "Founder",
    "person":
     {"first_name": "Naheem",
      "last_name": "Houston",
      "permalink": "naheem-houston"}},
   {"is_past": false,
    "title": "Assistant / Investor",
    "person":
     {"first_name": "Jimmy",
      "last_name": "Moton",
      "permalink": "jimmy-moton"}}],
 "competitions":
  [],
 "providerships":
  [],
 "total_money_raised": "$0",
 "funding_rounds":
  [],
 "investments":
  [],
 "acquisition": null,
 "acquisitions":
  [],
 "offices":
  [{"description": "",
    "address1": "4875 Farlin Avenue",
    "address2": "",
    "zip_code": "63115",
    "city": "St. Louis",
    "state_code": "MO",
    "country_code": "USA",
    "latitude": 38.678036,
    "longitude": -90.245673}],
 "milestones":
  [{"id": 36300,
    "description": "7 Star Dreams achieved the semi-finals in the 2012 St. Louis Regional Business Plan Competition",
    "stoned_year": 2012,
    "stoned_month": 7,
    "stoned_day": 2,
    "source_url": "http://www.facebook.com/7stardreams314",
    "source_text": null,
    "source_description": "2012 Semi-Finalists",
    "stoneable_type": "Company",
    "stoned_value": null,
    "stoned_value_type": null,
    "stoned_acquirer": null,
    "stoneable":
     {"name": "7 Star Dreams",
      "permalink": "7-star-dreams"}},
   {"id": 37738,
    "description": "7 Star Dreams was accepted into the ITEN Mock Angel Program",
    "stoned_year": 2013,
    "stoned_month": 7,
    "stoned_day": 25,
    "source_url": "https://www.itenstl.org/programs/for-it-start-ups/services-available/mock-angel-program",
    "source_text": null,
    "source_description": "ITEN Mock Angel Program",
    "stoneable_type": "Company",
    "stoned_value": null,
    "stoned_value_type": null,
    "stoned_acquirer": null,
    "stoneable":
     {"name": "7 Star Dreams",
      "permalink": "7-star-dreams"}},
   {"id": 37739,
    "description": "Added Cassiopea Williams as an Investor",
    "stoned_year": 2012,
    "stoned_month": 11,
    "stoned_day": 12,
    "source_url": "",
    "source_text": null,
    "source_description": "",
    "stoneable_type": "Company",
    "stoned_value": null,
    "stoned_value_type": null,
    "stoned_acquirer": null,
    "stoneable":
     {"name": "7 Star Dreams",
      "permalink": "7-star-dreams"}}],
 "ipo": null,
 "video_embeds":
  [],
 "screenshots":
  [],
 "external_links":
  [],
 "partners":
  []}
