{"name": "84kids",
 "permalink": "84kids",
 "crunchbase_url": "http://www.crunchbase.com/company/84kids",
 "homepage_url": "http://www.dobambam.com",
 "blog_url": "http://www.84kids.com",
 "blog_feed_url": "",
 "twitter_username": "springloops",
 "category_code": "software",
 "number_of_employees": 15,
 "founded_year": 2006,
 "founded_month": null,
 "founded_day": null,
 "deadpooled_year": null,
 "deadpooled_month": null,
 "deadpooled_day": null,
 "deadpooled_url": null,
 "tag_list": "collaboration, task, project-management, version-control, time-tracking, wiki, workflow, deployment, source",
 "alias_list": null,
 "email_address": "alexander@springloops.com",
 "phone_number": "",
 "description": "Collaboration tools for pros",
 "created_at": "Tue Aug 13 11:21:47 UTC 2013",
 "updated_at": "Wed Aug 14 10:19:14 UTC 2013",
 "overview": "\u003Cp\u003EWe make powerful collaboration software for people of different occupations and work styles.\u003C/p\u003E\n\n\u003Cp\u003EFounded in 2006, 84kids are the creators of Springloops, the first source \u0026amp; deploy SaaS available online. Since then we have expanded our system into a full-scale project management software with tasks, time tracking, wiki and discussion boards.\u003C/p\u003E\n\n\u003Cp\u003ECurrently the suite consists of 5 products fully integrated on one platform (please mind that some pages are due to launch):\u003C/p\u003E\n\n\u003Cp\u003ECommercial apps:\nBamBam! - Task Management for Pros: www.dobambam.com\nSpringloops - Source \u0026amp; Deploy: www.springloops.io\u003C/p\u003E\n\n\u003Cp\u003EFree apps:\nChime - Time Tracking: www.getchime.com\nAnchor - Wiki Module: www.pullanchor.com\nTurbine - Messages and Notes: www.spinturbine.com\u003C/p\u003E\n\n\u003Cp\u003EThe trademark of our software is flexibility and power that allow it to be used both by freelancers, small companies and serious business ventures.\u003C/p\u003E",
 "image":
  {"available_sizes":
    [[[150,
       95],
      "http://api-images.crunchbase.com/assets/images/resized/0030/7002/307002v2-max-150x150.png"],
     [[250,
       159],
      "http://api-images.crunchbase.com/assets/images/resized/0030/7002/307002v2-max-250x250.png"],
     [[450,
       287],
      "http://api-images.crunchbase.com/assets/images/resized/0030/7002/307002v2-max-450x450.png"]],
   "attribution": null},
 "products":
  [],
 "relationships":
  [],
 "competitions":
  [],
 "providerships":
  [],
 "total_money_raised": "$0",
 "funding_rounds":
  [],
 "investments":
  [],
 "acquisition": null,
 "acquisitions":
  [],
 "offices":
  [{"description": "Bielsko-Bia\u0142a",
    "address1": "Podwale 33",
    "address2": "",
    "zip_code": "43-300",
    "city": "",
    "state_code": null,
    "country_code": "POL",
    "latitude": 50.3175875,
    "longitude": 20.9497408}],
 "milestones":
  [],
 "ipo": null,
 "video_embeds":
  [],
 "screenshots":
  [{"available_sizes":
     [[[150,
        112],
       "http://api-images.crunchbase.com/assets/images/resized/0030/6414/306414v2-max-150x150.png"],
      [[250,
        187],
       "http://api-images.crunchbase.com/assets/images/resized/0030/6414/306414v2-max-250x250.png"],
      [[450,
        337],
       "http://api-images.crunchbase.com/assets/images/resized/0030/6414/306414v2-max-450x450.png"]],
    "attribution": null},
   {"available_sizes":
     [[[150,
        105],
       "http://api-images.crunchbase.com/assets/images/resized/0030/6415/306415v2-max-150x150.png"],
      [[250,
        176],
       "http://api-images.crunchbase.com/assets/images/resized/0030/6415/306415v2-max-250x250.png"],
      [[450,
        317],
       "http://api-images.crunchbase.com/assets/images/resized/0030/6415/306415v2-max-450x450.png"]],
    "attribution": null},
   {"available_sizes":
     [[[150,
        101],
       "http://api-images.crunchbase.com/assets/images/resized/0030/6416/306416v2-max-150x150.png"],
      [[250,
        169],
       "http://api-images.crunchbase.com/assets/images/resized/0030/6416/306416v2-max-250x250.png"],
      [[450,
        305],
       "http://api-images.crunchbase.com/assets/images/resized/0030/6416/306416v2-max-450x450.png"]],
    "attribution": null},
   {"available_sizes":
     [[[150,
        112],
       "http://api-images.crunchbase.com/assets/images/resized/0030/6417/306417v2-max-150x150.png"],
      [[250,
        187],
       "http://api-images.crunchbase.com/assets/images/resized/0030/6417/306417v2-max-250x250.png"],
      [[450,
        337],
       "http://api-images.crunchbase.com/assets/images/resized/0030/6417/306417v2-max-450x450.png"]],
    "attribution": null}],
 "external_links":
  [],
 "partners":
  []}
