{"name": "Studio 9+",
 "permalink": "9-plus-studio",
 "crunchbase_url": "http://www.crunchbase.com/company/9-plus-studio",
 "homepage_url": "http://studio9plus.com",
 "blog_url": "",
 "blog_feed_url": "",
 "twitter_username": "Studio9Plus",
 "category_code": "consulting",
 "number_of_employees": null,
 "founded_year": 2013,
 "founded_month": null,
 "founded_day": null,
 "deadpooled_year": null,
 "deadpooled_month": null,
 "deadpooled_day": null,
 "deadpooled_url": null,
 "tag_list": "",
 "alias_list": "",
 "email_address": "contact@studio9plus.com",
 "phone_number": "",
 "description": "An accelerator founded by Peter Relan",
 "created_at": "Thu Jul 11 16:24:46 UTC 2013",
 "updated_at": "Tue Feb 18 11:20:12 UTC 2014",
 "overview": "\u003Cp\u003E9+ Studio is the embodiment of successful investments in talented entrepreneurs. Peter Relan, Silicon Valley, has created over $120 million value with his last 3-4 ventures in successful large, small and secondary exits. With his talent for identifying ideas developing people - he has now hand selected a team of builders to become 9+.  Together they dedicate themselves to launching classes of top entrepreneurs with incredible talent and ideas and bring meaningful products and solutions to market.\u003C/p\u003E",
 "image":
  {"available_sizes":
    [[[150,
       150],
      "http://api-images.crunchbase.com/assets/images/resized/0028/7533/287533v3-max-150x150.jpg"],
     [[240,
       240],
      "http://api-images.crunchbase.com/assets/images/resized/0028/7533/287533v3-max-250x250.jpg"],
     [[240,
       240],
      "http://api-images.crunchbase.com/assets/images/resized/0028/7533/287533v3-max-450x450.jpg"]],
   "attribution": null},
 "products":
  [],
 "relationships":
  [{"is_past": false,
    "title": "Chief Mentor",
    "person":
     {"first_name": "Peter",
      "last_name": "Relan",
      "permalink": "peter-relan"}},
   {"is_past": false,
    "title": "Mentor",
    "person":
     {"first_name": "Gerald",
      "last_name": "Held",
      "permalink": "gerald-held"}},
   {"is_past": false,
    "title": "Mentor",
    "person":
     {"first_name": "Les",
      "last_name": "Wright",
      "permalink": "les-wright"}}],
 "competitions":
  [],
 "providerships":
  [],
 "total_money_raised": "$4.5M",
 "funding_rounds":
  [{"id": 42291,
    "round_code": "angel",
    "source_url": "http://techcrunch.com/2013/07/11/youweb-founder-peter-relan-debuts-new-company-building-studio-and-accelerator-9-raises-2m-in-funding/",
    "source_description": "YouWeb Founder Peter Relan Debuts New Company Building Studio And Accelerator, 9+; Raises $2M In Funding",
    "raised_amount": 2000000.0,
    "raised_currency_code": "USD",
    "funded_year": 2013,
    "funded_month": 7,
    "funded_day": 11,
    "investments":
     []},
   {"id": 47670,
    "round_code": "angel",
    "source_url": "http://techcrunch.com/2013/09/03/studio-9-accelerator-2-5-million/",
    "source_description": "Studio 9+ Accelerator Raises $2.5 Million To Fund Its First Class of Entrepreneurs",
    "raised_amount": 2500000.0,
    "raised_currency_code": "USD",
    "funded_year": 2013,
    "funded_month": 9,
    "funded_day": 3,
    "investments":
     []}],
 "investments":
  [{"funding_round":
     {"round_code": "seed",
      "source_url": "http://www.finsmes.com/2014/02/onefold-closes-400k-seed-funding.html",
      "source_description": " \tOneFold Closes $400K Seed Funding",
      "raised_amount": 400000.0,
      "raised_currency_code": "USD",
      "funded_year": 2014,
      "funded_month": 2,
      "funded_day": 5,
      "company":
       {"name": "OneFold",
        "permalink": "onefold"}}}],
 "acquisition": null,
 "acquisitions":
  [],
 "offices":
  [{"description": "MENLO PARK CAMPUS",
    "address1": "934 Santa Cruz Avenue,",
    "address2": "",
    "zip_code": "94025",
    "city": "Menlo Park",
    "state_code": "CA",
    "country_code": "USA",
    "latitude": 37.449753,
    "longitude": -122.187276},
   {"description": "BURLINGAME CAMPUS",
    "address1": "330 Primrose Rd.,",
    "address2": "",
    "zip_code": "94010",
    "city": "Burlingame",
    "state_code": "CA",
    "country_code": "USA",
    "latitude": 37.5783263,
    "longitude": -122.3485679}],
 "milestones":
  [{"id": 39056,
    "description": "YouWeb Founder Peter Relan Expands Beyond Gaming to Include Wearable Tech, Big Data, Mobile Social Networks, PaaS, P2P Sharing Economy, and Kids Education Companies",
    "stoned_year": 2013,
    "stoned_month": 10,
    "stoned_day": 15,
    "source_url": "hhttp://www.marketwired.com/press-release/YouWeb-Founder-Peter-Relan-Expands-Beyond-Gaming-Include-Wearable-Tech-Big-Data-1840911.htm",
    "source_text": null,
    "source_description": "Marketwire",
    "stoneable_type": "Company",
    "stoned_value": null,
    "stoned_value_type": null,
    "stoned_acquirer": null,
    "stoneable":
     {"name": "Studio 9+",
      "permalink": "9-plus-studio"}}],
 "ipo": null,
 "video_embeds":
  [{"embed_code": "\u003Ciframe width=\"430\" height=\"315\" src=\"//www.youtube.com/embed/hjou9XWppQI\" frameborder=\"0\" allowfullscreen\u003E\u003C/iframe\u003E",
    "description": ""}],
 "screenshots":
  [],
 "external_links":
  [],
 "partners":
  []}
