{"name": "99Composers",
 "permalink": "99composers",
 "crunchbase_url": "http://www.crunchbase.com/company/99composers",
 "homepage_url": "http://www.99Composers.com",
 "blog_url": "",
 "blog_feed_url": "",
 "twitter_username": "99Composers",
 "category_code": "music",
 "number_of_employees": 5,
 "founded_year": 2013,
 "founded_month": null,
 "founded_day": null,
 "deadpooled_year": null,
 "deadpooled_month": null,
 "deadpooled_day": null,
 "deadpooled_url": null,
 "tag_list": "music, composers, lyrics, singing, music-competition, music-promotion",
 "alias_list": null,
 "email_address": "info@99Composers.com",
 "phone_number": "",
 "description": "Online music competition platform",
 "created_at": "Mon Jul 15 05:18:42 UTC 2013",
 "updated_at": "Fri Jul 26 16:31:46 UTC 2013",
 "overview": "\u003Cp\u003E99Composers is an online platform where composers can launch online music competitions and invite musicians to perform their music. There are lyrics writing and singing competitions as well! \u003C/p\u003E",
 "image":
  {"available_sizes":
    [[[100,
       27],
      "http://api-images.crunchbase.com/assets/images/resized/0028/8664/288664v2-max-150x150.png"],
     [[100,
       27],
      "http://api-images.crunchbase.com/assets/images/resized/0028/8664/288664v2-max-250x250.png"],
     [[100,
       27],
      "http://api-images.crunchbase.com/assets/images/resized/0028/8664/288664v2-max-450x450.png"]],
   "attribution": null},
 "products":
  [],
 "relationships":
  [{"is_past": false,
    "title": "Founder",
    "person":
     {"first_name": "Patrick",
      "last_name": "Chu",
      "permalink": "patrick-chu"}}],
 "competitions":
  [],
 "providerships":
  [],
 "total_money_raised": "$0",
 "funding_rounds":
  [],
 "investments":
  [],
 "acquisition": null,
 "acquisitions":
  [],
 "offices":
  [{"description": "CoCoon",
    "address1": "3/F, Citicorp Centre, 18 Whitfield Road,",
    "address2": "Tin Hau",
    "zip_code": "852",
    "city": "Hong Kong",
    "state_code": null,
    "country_code": "HKG",
    "latitude": null,
    "longitude": null}],
 "milestones":
  [{"id": 36761,
    "description": "99Composers became the winner of the Entrepreneur Arena co-organized by the Hong Kong Trade Development Council and Youth Business Hong Kong (article in Chinese)",
    "stoned_year": 2013,
    "stoned_month": 6,
    "stoned_day": 1,
    "source_url": "http://ybhk.hkfyg.org.hk/page.aspx?corpname=ybhk\u0026i=5686",
    "source_text": null,
    "source_description": "Hong Kong Youth Business Newsletter",
    "stoneable_type": "Company",
    "stoned_value": null,
    "stoned_value_type": null,
    "stoned_acquirer": null,
    "stoneable":
     {"name": "99Composers",
      "permalink": "99composers"}},
   {"id": 36762,
    "description": "99Composers came third in the Elance's Bold Idea Pitch Competition!",
    "stoned_year": 2013,
    "stoned_month": 6,
    "stoned_day": 27,
    "source_url": "https://www.elance.com/q/blog/congratulations-next-glass-winner-elance%E2%80%99s-bold-idea-pitch-competition",
    "source_text": null,
    "source_description": "99Composers came third in the Elance's Bold Idea Pitch Competition!",
    "stoneable_type": "Company",
    "stoned_value": null,
    "stoned_value_type": null,
    "stoned_acquirer": null,
    "stoneable":
     {"name": "99Composers",
      "permalink": "99composers"}}],
 "ipo": null,
 "video_embeds":
  [],
 "screenshots":
  [],
 "external_links":
  [],
 "partners":
  []}
