{"name": "A\u0026A Mold and Allergy Investigations",
 "permalink": "a-a-mold-and-allergy-investigations",
 "crunchbase_url": "http://www.crunchbase.com/company/a-a-mold-and-allergy-investigations",
 "homepage_url": "http://www.aamoldandallergy.com",
 "blog_url": "",
 "blog_feed_url": "",
 "twitter_username": null,
 "category_code": "local",
 "number_of_employees": null,
 "founded_year": 1992,
 "founded_month": null,
 "founded_day": null,
 "deadpooled_year": null,
 "deadpooled_month": null,
 "deadpooled_day": null,
 "deadpooled_url": null,
 "tag_list": "mold-inspection, mold-testing, indoor-allergen-testing, home-inspection",
 "alias_list": null,
 "email_address": "info@aamoldandallergy.com",
 "phone_number": "(858) 613-1042",
 "description": "San Diego Mold Inspections",
 "created_at": "Mon Jul 29 19:59:56 UTC 2013",
 "updated_at": "Tue Jul 30 23:23:14 UTC 2013",
 "overview": "\u003Cp\u003EMold inspection and mold testing company located in San Diego, CA.\u003C/p\u003E\n\n\u003Cp\u003EA\u0026amp;A Mold and Allergy Investigations specializes in home and mold inspections. The company also offers indoor air quality services including mold testing and allergen testing. Clients include: real estate agents, property managers, homeowners (buyers and sellers), and tenants. The company is located in San Diego, California and serves San Diego County.\u003C/p\u003E",
 "image":
  {"available_sizes":
    [[[150,
       46],
      "http://api-images.crunchbase.com/assets/images/resized/0029/8206/298206v2-max-150x150.png"],
     [[232,
       72],
      "http://api-images.crunchbase.com/assets/images/resized/0029/8206/298206v2-max-250x250.png"],
     [[232,
       72],
      "http://api-images.crunchbase.com/assets/images/resized/0029/8206/298206v2-max-450x450.png"]],
   "attribution": null},
 "products":
  [],
 "relationships":
  [{"is_past": false,
    "title": "Owner and Mold Inspector",
    "person":
     {"first_name": "Robert",
      "last_name": "Armstrong",
      "permalink": "robert-armstrong-3"}}],
 "competitions":
  [],
 "providerships":
  [],
 "total_money_raised": "$0",
 "funding_rounds":
  [],
 "investments":
  [],
 "acquisition": null,
 "acquisitions":
  [],
 "offices":
  [],
 "milestones":
  [],
 "ipo": null,
 "video_embeds":
  [],
 "screenshots":
  [],
 "external_links":
  [],
 "partners":
  []}
