{"name": "A Door For limited",
 "permalink": "a-door-for-limited",
 "crunchbase_url": "http://www.crunchbase.com/company/a-door-for-limited",
 "homepage_url": "http://www.adoorfor.com",
 "blog_url": "",
 "blog_feed_url": "",
 "twitter_username": "adoorfor",
 "category_code": "other",
 "number_of_employees": 6,
 "founded_year": null,
 "founded_month": null,
 "founded_day": null,
 "deadpooled_year": null,
 "deadpooled_month": null,
 "deadpooled_day": null,
 "deadpooled_url": null,
 "tag_list": "",
 "alias_list": null,
 "email_address": "contact@adoorfor.com",
 "phone_number": "020 7175 0082",
 "description": "Creative location finding service",
 "created_at": "Tue Jul 30 09:26:14 UTC 2013",
 "updated_at": "Thu Aug 15 10:02:33 UTC 2013",
 "overview": "\u003Cp\u003ELondon\u0026#8217;s community for finding and hiring locations and venues. Spaces to hire, projects to inspire, a community to discover. It all starts with a door for\u0026#8230;\u003C/p\u003E\n\n\u003Cp\u003E@ADoorFor | www.adoorfor.com\u003C/p\u003E\n\n\u003Cp\u003EMission\nShare amazing spaces, venues and locations with London! We believe the best spaces are the ones we share\u0026#8230;\u003C/p\u003E\n\n\u003Cp\u003ECompany Overview\nHelping you to connect locations and venues across London\u0026#8230; Our network contains everything you need for your event, photoshoot, filmshoot, pop up or meet up\u0026#8230;. From stage hire to photographers, lighting to catering it\u0026#8217;s all here at A Door For\u0026#8230;\u003C/p\u003E",
 "image":
  {"available_sizes":
    [[[59,
       60],
      "http://api-images.crunchbase.com/assets/images/resized/0029/8631/298631v2-max-150x150.png"],
     [[59,
       60],
      "http://api-images.crunchbase.com/assets/images/resized/0029/8631/298631v2-max-250x250.png"],
     [[59,
       60],
      "http://api-images.crunchbase.com/assets/images/resized/0029/8631/298631v2-max-450x450.png"]],
   "attribution": null},
 "products":
  [],
 "relationships":
  [{"is_past": false,
    "title": "Co founder",
    "person":
     {"first_name": "Zoheb",
      "last_name": "Z Iqbal",
      "permalink": "zoheb-z-iqbal"}},
   {"is_past": true,
    "title": "Co founder",
    "person":
     {"first_name": "Fred",
      "last_name": "Vincent",
      "permalink": "fred-vincent"}}],
 "competitions":
  [],
 "providerships":
  [],
 "total_money_raised": "$0",
 "funding_rounds":
  [],
 "investments":
  [],
 "acquisition": null,
 "acquisitions":
  [],
 "offices":
  [{"description": "HQ",
    "address1": "A Door For",
    "address2": "Google Campus 4-5 Bonhill Street",
    "zip_code": "EC2A 4BX",
    "city": "London",
    "state_code": null,
    "country_code": "GBR",
    "latitude": 51.5225702,
    "longitude": -0.0855003}],
 "milestones":
  [],
 "ipo": null,
 "video_embeds":
  [],
 "screenshots":
  [],
 "external_links":
  [],
 "partners":
  []}
