{"name": "A.L. Burruss Institute of Public Service, Kennesaw State University",
 "permalink": "a-l-burruss-institute-of-public-service-kennesaw-state-university",
 "crunchbase_url": "http://www.crunchbase.com/company/a-l-burruss-institute-of-public-service-kennesaw-state-university",
 "homepage_url": null,
 "blog_url": null,
 "blog_feed_url": null,
 "twitter_username": null,
 "category_code": null,
 "number_of_employees": null,
 "founded_year": null,
 "founded_month": null,
 "founded_day": null,
 "deadpooled_year": null,
 "deadpooled_month": null,
 "deadpooled_day": null,
 "deadpooled_url": null,
 "tag_list": null,
 "alias_list": null,
 "email_address": null,
 "phone_number": null,
 "description": null,
 "created_at": "Mon Aug 05 10:13:17 UTC 2013",
 "updated_at": "Mon Aug 05 10:13:17 UTC 2013",
 "overview": null,
 "image": null,
 "products":
  [],
 "relationships":
  [{"is_past": true,
    "title": "Research Associate",
    "person":
     {"first_name": "Patrick",
      "last_name": "Burns",
      "permalink": "patrick-burns"}}],
 "competitions":
  [],
 "providerships":
  [],
 "total_money_raised": "$0",
 "funding_rounds":
  [],
 "investments":
  [],
 "acquisition": null,
 "acquisitions":
  [],
 "offices":
  [],
 "milestones":
  [],
 "ipo": null,
 "video_embeds":
  [],
 "screenshots":
  [],
 "external_links":
  [],
 "partners":
  []}
