{"name": "AAJO",
 "permalink": "aajo",
 "crunchbase_url": "http://www.crunchbase.com/company/aajo",
 "homepage_url": "http://www.aajo.ca",
 "blog_url": "",
 "blog_feed_url": "",
 "twitter_username": "lets_aajo",
 "category_code": "mobile",
 "number_of_employees": 10,
 "founded_year": 2011,
 "founded_month": null,
 "founded_day": null,
 "deadpooled_year": null,
 "deadpooled_month": null,
 "deadpooled_day": null,
 "deadpooled_url": null,
 "tag_list": "advertising, mobile, phone-application",
 "alias_list": "",
 "email_address": "",
 "phone_number": "",
 "description": "homescreen for everyone",
 "created_at": "Thu Jul 18 07:35:45 UTC 2013",
 "updated_at": "Thu Apr 03 11:51:32 UTC 2014",
 "overview": "\u003Cp\u003EAajo provides the mobile industry with an un-obtrusive ad-support mobile phone platform. They are the only On the Go Social Marketing system. They help carriers increase ARPU, end-users reduce costs and allow advertisers to have direct access to customers.\u003C/p\u003E",
 "image":
  {"available_sizes":
    [[[100,
       53],
      "http://api-images.crunchbase.com/assets/images/resized/0029/1225/291225v1-max-150x150.png"],
     [[100,
       53],
      "http://api-images.crunchbase.com/assets/images/resized/0029/1225/291225v1-max-250x250.png"],
     [[100,
       53],
      "http://api-images.crunchbase.com/assets/images/resized/0029/1225/291225v1-max-450x450.png"]],
   "attribution": null},
 "products":
  [],
 "relationships":
  [{"is_past": false,
    "title": "Co-founder and Chief Platform Officer",
    "person":
     {"first_name": "Scott",
      "last_name": "Sansom",
      "permalink": "scott-sansom"}},
   {"is_past": false,
    "title": "Founder \u0026 CEO",
    "person":
     {"first_name": "Raj",
      "last_name": "Verma",
      "permalink": "raj-verma"}}],
 "competitions":
  [],
 "providerships":
  [],
 "total_money_raised": "$0",
 "funding_rounds":
  [],
 "investments":
  [],
 "acquisition": null,
 "acquisitions":
  [],
 "offices":
  [{"description": "Headquarters",
    "address1": "MaRS Centre - Heritage Building, 101 College St",
    "address2": "Ontario",
    "zip_code": "M5G1L7",
    "city": "Toronto",
    "state_code": null,
    "country_code": "CAN",
    "latitude": null,
    "longitude": null}],
 "milestones":
  [],
 "ipo": null,
 "video_embeds":
  [{"embed_code": "\u003Ciframe width=\"420\" height=\"315\" src=\"https://www.youtube.com/embed/hAQ_xnZromo?feature=player_embedded\" frameborder=\"0\" allowfullscreen\u003E\u003C/iframe\u003E",
    "description": "\u003Cp\u003EAAJO VIDEO\u003C/p\u003E"},
   {"embed_code": "\u003Ciframe width=\"420\" height=\"315\" src=\"https://www.youtube.com/embed/2ELecSdf-5Q?feature=player_embedded\" frameborder=\"0\" allowfullscreen\u003E\u003C/iframe\u003E",
    "description": "\u003Cp\u003EAAJO VIDEO\u003C/p\u003E"}],
 "screenshots":
  [{"available_sizes":
     [[[150,
        78],
       "http://api-images.crunchbase.com/assets/images/resized/0029/1224/291224v2-max-150x150.png"],
      [[250,
        131],
       "http://api-images.crunchbase.com/assets/images/resized/0029/1224/291224v2-max-250x250.png"],
      [[450,
        236],
       "http://api-images.crunchbase.com/assets/images/resized/0029/1224/291224v2-max-450x450.png"]],
    "attribution": null}],
 "external_links":
  [],
 "partners":
  [{"partner_name": "angel_list",
    "homepage_url": "http://www.aajo.ca/letsaajo",
    "link_1_url": "https://angel.co/aajo",
    "link_2_url": null,
    "link_3_url": null,
    "link_1_name": "AngelList Page",
    "link_2_name": null,
    "link_3_name": null}]}
