{"name": "Aasweb Solutions",
 "permalink": "aas-web-solutions",
 "crunchbase_url": "http://www.crunchbase.com/company/aas-web-solutions",
 "homepage_url": "http://www.aaswebsolutions.com",
 "blog_url": "http://www.aaswebsolutions.com/blog",
 "blog_feed_url": "",
 "twitter_username": "aaswebsolutions",
 "category_code": "education",
 "number_of_employees": 10,
 "founded_year": 2010,
 "founded_month": 1,
 "founded_day": null,
 "deadpooled_year": null,
 "deadpooled_month": null,
 "deadpooled_day": null,
 "deadpooled_url": null,
 "tag_list": "online-assignment-help, online-test-help, online-coursework-help, homework-help-services, help-with-assignments, help-with-online-test, online-exam-help, help-with-online-coursework",
 "alias_list": null,
 "email_address": "support@aaswebsolutions.com",
 "phone_number": "",
 "description": "Assignment Help, online coursework help",
 "created_at": "Sat Aug 10 17:04:54 UTC 2013",
 "updated_at": "Fri Nov 22 23:53:20 UTC 2013",
 "overview": "\u003Cp\u003EThe company provides various services like Assignment Help, Online Test Help, Online Coursework Help, Case-Study Help and lots more services which can help you in scoring good grades.\u003C/p\u003E\n\n\u003Cp\u003EIt offers help to students and business professionals in every field related to studies be it assignments, online test or exam, projects dissertations etc.\u003C/p\u003E\n\n\u003Cp\u003EIt is often seen that students look out for experts who can guide them to complete assignments and coursework without any hurdle but students hardly find such experts resulting in bad grades in their exams. So here is the solution for those students. The company hires professional experts only who can guide students in an easy manner.\u003C/p\u003E",
 "image": null,
 "products":
  [],
 "relationships":
  [],
 "competitions":
  [],
 "providerships":
  [],
 "total_money_raised": "$0",
 "funding_rounds":
  [],
 "investments":
  [],
 "acquisition": null,
 "acquisitions":
  [],
 "offices":
  [],
 "milestones":
  [],
 "ipo": null,
 "video_embeds":
  [],
 "screenshots":
  [],
 "external_links":
  [],
 "partners":
  []}
