{"name": "AayaamLabs",
 "permalink": "aayaamlabs",
 "crunchbase_url": "http://www.crunchbase.com/company/aayaamlabs",
 "homepage_url": "http://www.aayaamlabs.com",
 "blog_url": "",
 "blog_feed_url": "",
 "twitter_username": "aayaamlabs",
 "category_code": "software",
 "number_of_employees": null,
 "founded_year": 2013,
 "founded_month": 6,
 "founded_day": 7,
 "deadpooled_year": null,
 "deadpooled_month": null,
 "deadpooled_day": null,
 "deadpooled_url": null,
 "tag_list": "web-design, web-development, branding, game-development, game-design, app-development",
 "alias_list": null,
 "email_address": "amit@aayaamlabs.com",
 "phone_number": "8010514761",
 "description": "Web, Game, Design",
 "created_at": "Fri Jul 19 07:50:52 UTC 2013",
 "updated_at": "Fri Jul 19 19:05:13 UTC 2013",
 "overview": "",
 "image":
  {"available_sizes":
    [[[150,
       79],
      "http://api-images.crunchbase.com/assets/images/resized/0029/2486/292486v2-max-150x150.png"],
     [[157,
       83],
      "http://api-images.crunchbase.com/assets/images/resized/0029/2486/292486v2-max-250x250.png"],
     [[157,
       83],
      "http://api-images.crunchbase.com/assets/images/resized/0029/2486/292486v2-max-450x450.png"]],
   "attribution": null},
 "products":
  [],
 "relationships":
  [{"is_past": false,
    "title": "Creator",
    "person":
     {"first_name": "Amit",
      "last_name": "Varshney",
      "permalink": "amit-varshney"}},
   {"is_past": false,
    "title": "Co-Creator",
    "person":
     {"first_name": "Priyanshu",
      "last_name": "Sharma",
      "permalink": "priyanshu-sharma"}}],
 "competitions":
  [],
 "providerships":
  [],
 "total_money_raised": "$0",
 "funding_rounds":
  [],
 "investments":
  [],
 "acquisition": null,
 "acquisitions":
  [],
 "offices":
  [],
 "milestones":
  [],
 "ipo": null,
 "video_embeds":
  [],
 "screenshots":
  [],
 "external_links":
  [],
 "partners":
  []}
