{"name": "Abdul Ghaffar \u0026 Sons Overseas Employment",
 "permalink": "abdul-ghaffar-sons-overseas-employment",
 "crunchbase_url": "http://www.crunchbase.com/company/abdul-ghaffar-sons-overseas-employment",
 "homepage_url": "http://www.ghaffarsons.com",
 "blog_url": "",
 "blog_feed_url": "",
 "twitter_username": "ghaffarson",
 "category_code": "other",
 "number_of_employees": 300,
 "founded_year": 1986,
 "founded_month": 3,
 "founded_day": 5,
 "deadpooled_year": null,
 "deadpooled_month": null,
 "deadpooled_day": null,
 "deadpooled_url": null,
 "tag_list": "overseas-employment, recruitment-agencies, manpower-provider",
 "alias_list": null,
 "email_address": "info@ghaffarsons.com",
 "phone_number": "02134320700",
 "description": "Recruitment Agencies, Manpower Agencies",
 "created_at": "Tue Jul 16 10:52:34 UTC 2013",
 "updated_at": "Tue Jul 16 18:13:43 UTC 2013",
 "overview": "\u003Cp\u003EAbdul Ghaffar and Sons Manpower Recruitment Agency / Company is an eminent provider of Manpower Recruitment, Staffing and Employment Solutions worldwide. From single placements to total Recruitment, Abdul Ghaffar and Sons Manpower Recruitment Agency helps clients achieve greater organizational performance by Assessing, Recruiting, developing and engaging the best and brightest people for their businesses.\nAbdul Ghaffar and Sons Manpower Recruitment Agency / Company is a specialized Manpower Recruitment Employment / Outsourcing Labour Supply Agency based in Karachi Pakistan, not only seek and Recruit appropriate Pakistani Manpower for international clients, but also well-connected and Associated withManpower Recruitment Agencies in India, Nepal, Sri-Lanka, Thailand and Philippine and many others to provide Asian manpower in international markets.\u003C/p\u003E\n\n\u003Cp\u003EAbdul Ghaffar and Sons Manpower Recruitment Agency / Company was established in  1986 with vision to serve as a most reliable overseas employment service provider. and has secured much expertise and repute as an Overseas Manpower Employment Agency over the last three decades. Our Overseas Employment Agency has been providing excellent Manpower Staffing services and Manpower Recruitment Services to a large number of satisfied clients all over the world. Abdul Ghaffar and Sons Manpower Recruitment Agency has subsidiaries (Manpower Recruitment Offices / Agency) in India, Middle East and different provinces in Pakistan.\nAbdul Ghaffar and Sons Manpower Recruitment Agency / Company is managed by highly qualified professional Manpower specialist consultants with several years of training and experience both in Pakistan and abroad. Through a unique combination of Manpower Recruitment Skills, Competencies, Knowledge and favorable experience, Our Agency is able to offer Manpower Recruitment Services ranging from consultancy to turn-key project implementation and operation. The Agency recognizes and caters for the special personnel needs of clients in the various industries worldwide.\u003C/p\u003E\n\n\u003Cp\u003EOur Manpower Recruitment Agency / Company has created professional niche in the Recruitment industry. We have continued to provide qualified and experienced Manpower worldwide. Our Agency clients enjoy the benefits of our practical knowledge of staff building and Manpower Recruiting together with reduced lead times for processing of documents.\nAbdul Ghaffar and Sons Manpower Recruitment Agency / Company due to its time-honored history, Pakistan is rich in various kinds of skilled workers. In the past thirty years, a large number of multinational foreign-funded companies have flooded into Pakistan, and the Pakistan Government has also injected large amount of fund into education and vocational training to establish a higher education system in the country. Millions of graduates with high qualification Professional training backgrounds, Manpower join the work force market, providing abundant Manpower resources for our Agency to Recruit Pakistani Manpower to all over the world.\u003C/p\u003E\n\n\u003Cp\u003EOur Manpower Recruitment Agency / Company Services in Pakistan and in the International Market\u2019s success is not a secret; our Agency guaranteed results are based on listening, an in-depth understanding of client needs and environment, and implementing professional, tailor-made solutions. Our Manpower Recruitment Agency provides reliable, long term outcomes, whose quality is second to none.\nAbdul Ghaffar and Sons Manpower Recruitment Agency / Company is specialized, strict, diligent, honestly and responsible working attitude, as well as high effective teamwork spirit, past experience, reputation, and the network throughout Asia and other region, we are confident to provide supreme quality Manpower Recruitment services and satisfactory co-operation to our clients.\nPlease visit our Global website: http://www.ghaffarsons.com\u003C/p\u003E\n\n\u003Cp\u003ESuite # 303, 3rd Floor Al-Rehman Centre A-31 K.E.C.H.S Union, Baloach Colony Shahrah-e-faisal, Karachi Pakistan. \nhttp://www.ghaffarsons.com\nEmail: info@ghaffarsons.com\u003C/p\u003E",
 "image":
  {"available_sizes":
    [[[150,
       109],
      "http://api-images.crunchbase.com/assets/images/resized/0028/9719/289719v2-max-150x150.png"],
     [[154,
       112],
      "http://api-images.crunchbase.com/assets/images/resized/0028/9719/289719v2-max-250x250.png"],
     [[154,
       112],
      "http://api-images.crunchbase.com/assets/images/resized/0028/9719/289719v2-max-450x450.png"]],
   "attribution": null},
 "products":
  [],
 "relationships":
  [{"is_past": false,
    "title": "CEO",
    "person":
     {"first_name": "Ajab",
      "last_name": "Khan",
      "permalink": "ajab-khan"}},
   {"is_past": false,
    "title": "Managing Director",
    "person":
     {"first_name": "Irfanullah",
      "last_name": "Khan",
      "permalink": "irfanullah-khan"}},
   {"is_past": false,
    "title": "S. Manager Recruitment \u0026 Marketing",
    "person":
     {"first_name": "Waqas",
      "last_name": "Mehmood",
      "permalink": "waqas-mehmood"}},
   {"is_past": false,
    "title": "Director Marketing Overseas",
    "person":
     {"first_name": "Adam",
      "last_name": "Khan",
      "permalink": "adam-khan"}}],
 "competitions":
  [],
 "providerships":
  [],
 "total_money_raised": "$0",
 "funding_rounds":
  [],
 "investments":
  [],
 "acquisition": null,
 "acquisitions":
  [],
 "offices":
  [],
 "milestones":
  [],
 "ipo": null,
 "video_embeds":
  [],
 "screenshots":
  [],
 "external_links":
  [],
 "partners":
  []}
