{"name": "About Fertility",
 "permalink": "about-fertility",
 "crunchbase_url": "http://www.crunchbase.com/company/about-fertility",
 "homepage_url": "http://www.aboutfertility.org",
 "blog_url": "",
 "blog_feed_url": "",
 "twitter_username": "about_fertility",
 "category_code": "web",
 "number_of_employees": 5,
 "founded_year": null,
 "founded_month": null,
 "founded_day": null,
 "deadpooled_year": null,
 "deadpooled_month": null,
 "deadpooled_day": null,
 "deadpooled_url": null,
 "tag_list": "consumer-web, health-tech",
 "alias_list": null,
 "email_address": "webmaster@aboutfertility.org",
 "phone_number": "",
 "description": "Online community about fertility. Ask qu",
 "created_at": "Sat Jul 27 19:25:47 UTC 2013",
 "updated_at": "Fri Nov 01 23:19:52 UTC 2013",
 "overview": "\u003Cp\u003EAboutFertility is a patient-powered research network that allows any woman to contribute towards finding a cure for infertility. We anonymize and aggregate data from you and others worldwide. We then share, for the benefit of the community, which treatments are working and which are not. Through partnerships with top non-profits, this data goes anonymously and securely to infertility research. \u003C/p\u003E\n\n\u003Cp\u003EHow it works \u003C/p\u003E\n\n\u003Col\u003E\n\u003Cli\u003E\u003Cp\u003EYou build a time line \u0026amp; track your body\u0026#8217;s daily fertility signs \u0026amp; the treatments you\u0026#8217;ve done. \u003C/p\u003E\u003C/li\u003E\n\u003Cli\u003E\u003Cp\u003EYou contribute to the collective knowledge by answering research questions or participating in studies. \u003C/p\u003E\u003C/li\u003E\n\u003Cli\u003E\u003Cp\u003EWe share the knowledge back with everyone.\u003C/p\u003E\u003C/li\u003E\n\u003C/ol\u003E",
 "image": null,
 "products":
  [],
 "relationships":
  [{"is_past": false,
    "title": "CEO",
    "person":
     {"first_name": "Michael",
      "last_name": "Ruggles",
      "permalink": "michael-ruggles"}}],
 "competitions":
  [],
 "providerships":
  [],
 "total_money_raised": "$0",
 "funding_rounds":
  [],
 "investments":
  [],
 "acquisition": null,
 "acquisitions":
  [],
 "offices":
  [{"description": "Singapore",
    "address1": "",
    "address2": "",
    "zip_code": "",
    "city": "",
    "state_code": null,
    "country_code": "SGP",
    "latitude": null,
    "longitude": null}],
 "milestones":
  [],
 "ipo": null,
 "video_embeds":
  [],
 "screenshots":
  [],
 "external_links":
  [],
 "partners":
  []}
