{"name": "Absynth Biologics",
 "permalink": "absynth-biologics",
 "crunchbase_url": "http://www.crunchbase.com/company/absynth-biologics",
 "homepage_url": "http://absynthbiologics.co.uk",
 "blog_url": "",
 "blog_feed_url": "",
 "twitter_username": null,
 "category_code": "biotech",
 "number_of_employees": null,
 "founded_year": 2007,
 "founded_month": null,
 "founded_day": null,
 "deadpooled_year": null,
 "deadpooled_month": null,
 "deadpooled_day": null,
 "deadpooled_url": null,
 "tag_list": "",
 "alias_list": "",
 "email_address": "fionamarston@absynthbiologics.co.uk",
 "phone_number": "114 275 5563",
 "description": "Vaccines and Antibodies Production",
 "created_at": "Thu Jul 18 09:34:17 UTC 2013",
 "updated_at": "Fri Dec 13 10:41:29 UTC 2013",
 "overview": "\u003Cp\u003EAbsynth Biologics has been created with the initial goal of developing immunological prophylaxis and therapy to combat bacterial infections.  Absynth\u2019s strategy is to exploit the characterisation of carefully selected novel proteins Staphylococcus aureus (S. aureus)in bacteria as immunological targets.\u003C/p\u003E",
 "image":
  {"available_sizes":
    [[[150,
       33],
      "http://api-images.crunchbase.com/assets/images/resized/0029/1380/291380v1-max-150x150.jpg"],
     [[250,
       55],
      "http://api-images.crunchbase.com/assets/images/resized/0029/1380/291380v1-max-250x250.jpg"],
     [[450,
       99],
      "http://api-images.crunchbase.com/assets/images/resized/0029/1380/291380v1-max-450x450.jpg"]],
   "attribution": null},
 "products":
  [],
 "relationships":
  [{"is_past": false,
    "title": "CEO",
    "person":
     {"first_name": "Fiona",
      "last_name": "Marston",
      "permalink": "fiona-marston"}},
   {"is_past": false,
    "title": "Chief Technical Officer",
    "person":
     {"first_name": "Jorge",
      "last_name": "Garcia-Lara",
      "permalink": "jorge-garcia-lara"}},
   {"is_past": true,
    "title": "Chief Medical Officer",
    "person":
     {"first_name": "James",
      "last_name": "Mond",
      "permalink": "james-mond"}}],
 "competitions":
  [],
 "providerships":
  [],
 "total_money_raised": "\u00a3850k",
 "funding_rounds":
  [{"id": 43016,
    "round_code": "seed",
    "source_url": "http://www.insidermedia.com/insider/north-west/94584-sheffield-spin-out-raises-850000",
    "source_description": "University spin-out raises \u00a3850,000",
    "raised_amount": 850000.0,
    "raised_currency_code": "GBP",
    "funded_year": 2013,
    "funded_month": 7,
    "funded_day": 18,
    "investments":
     [{"company": null,
       "financial_org":
        {"name": "The North West Fund",
         "permalink": "north-west-fund"},
       "person": null},
      {"company": null,
       "financial_org":
        {"name": "Fusion IP",
         "permalink": "fusion-ip"},
       "person": null}]}],
 "investments":
  [],
 "acquisition": null,
 "acquisitions":
  [],
 "offices":
  [{"description": "",
    "address1": "The Bioincubator",
    "address2": "40 Leavygreave Road",
    "zip_code": "S3 7RD",
    "city": "Sheffield",
    "state_code": null,
    "country_code": "GBR",
    "latitude": null,
    "longitude": null}],
 "milestones":
  [],
 "ipo": null,
 "video_embeds":
  [],
 "screenshots":
  [{"available_sizes":
     [[[150,
        98],
       "http://api-images.crunchbase.com/assets/images/resized/0029/1379/291379v1-max-150x150.png"],
      [[250,
        163],
       "http://api-images.crunchbase.com/assets/images/resized/0029/1379/291379v1-max-250x250.png"],
      [[450,
        294],
       "http://api-images.crunchbase.com/assets/images/resized/0029/1379/291379v1-max-450x450.png"]],
    "attribution": null}],
 "external_links":
  [],
 "partners":
  []}
