{"name": "Abu Dhabi Airports Company",
 "permalink": "abu-dhabi-airports-company",
 "crunchbase_url": "http://www.crunchbase.com/company/abu-dhabi-airports-company",
 "homepage_url": null,
 "blog_url": null,
 "blog_feed_url": null,
 "twitter_username": null,
 "category_code": null,
 "number_of_employees": null,
 "founded_year": null,
 "founded_month": null,
 "founded_day": null,
 "deadpooled_year": null,
 "deadpooled_month": null,
 "deadpooled_day": null,
 "deadpooled_url": null,
 "tag_list": null,
 "alias_list": null,
 "email_address": null,
 "phone_number": null,
 "description": null,
 "created_at": "Sun Jul 07 18:27:48 UTC 2013",
 "updated_at": "Sun Jul 07 18:27:48 UTC 2013",
 "overview": null,
 "image": null,
 "products":
  [],
 "relationships":
  [{"is_past": true,
    "title": "VP \u0026 GM, Regional Field Service Business",
    "person":
     {"first_name": "Josh",
      "last_name": "Silverman",
      "permalink": "josh-silverman"}},
   {"is_past": true,
    "title": "Assistant Controller",
    "person":
     {"first_name": "Steve",
      "last_name": "Lance",
      "permalink": "steve-lance"}}],
 "competitions":
  [],
 "providerships":
  [],
 "total_money_raised": "$0",
 "funding_rounds":
  [],
 "investments":
  [],
 "acquisition": null,
 "acquisitions":
  [],
 "offices":
  [],
 "milestones":
  [],
 "ipo": null,
 "video_embeds":
  [],
 "screenshots":
  [],
 "external_links":
  [],
 "partners":
  []}
