{"name": "Academy of Art University",
 "permalink": "academy-of-art-university",
 "crunchbase_url": "http://www.crunchbase.com/company/academy-of-art-university",
 "homepage_url": null,
 "blog_url": null,
 "blog_feed_url": null,
 "twitter_username": null,
 "category_code": null,
 "number_of_employees": null,
 "founded_year": null,
 "founded_month": null,
 "founded_day": null,
 "deadpooled_year": null,
 "deadpooled_month": null,
 "deadpooled_day": null,
 "deadpooled_url": null,
 "tag_list": null,
 "alias_list": null,
 "email_address": null,
 "phone_number": null,
 "description": null,
 "created_at": "Wed Aug 07 12:01:41 UTC 2013",
 "updated_at": "Wed Aug 07 12:01:41 UTC 2013",
 "overview": null,
 "image": null,
 "products":
  [],
 "relationships":
  [{"is_past": true,
    "title": "Undergraduate Admissions Representative",
    "person":
     {"first_name": "Jen",
      "last_name": "Schmitz",
      "permalink": "jen-schmitz"}},
   {"is_past": true,
    "title": "Interactive Media Specialist",
    "person":
     {"first_name": "Henson",
      "last_name": "Gawliu",
      "permalink": "henson-gawliu"}},
   {"is_past": true,
    "title": "Teacher, TV Production. Social Media",
    "person":
     {"first_name": "Danny",
      "last_name": "Skarka",
      "permalink": "danny-skarka"}}],
 "competitions":
  [],
 "providerships":
  [],
 "total_money_raised": "$0",
 "funding_rounds":
  [],
 "investments":
  [],
 "acquisition": null,
 "acquisitions":
  [],
 "offices":
  [],
 "milestones":
  [],
 "ipo": null,
 "video_embeds":
  [],
 "screenshots":
  [],
 "external_links":
  [],
 "partners":
  []}
