{"name": "Access Pharmaceuticals",
 "permalink": "access-pharmaceuticals",
 "crunchbase_url": "http://www.crunchbase.com/company/access-pharmaceuticals",
 "homepage_url": "http://accesspharma.com",
 "blog_url": "",
 "blog_feed_url": "",
 "twitter_username": "accesspharma",
 "category_code": "biotech",
 "number_of_employees": null,
 "founded_year": null,
 "founded_month": null,
 "founded_day": null,
 "deadpooled_year": null,
 "deadpooled_month": null,
 "deadpooled_day": null,
 "deadpooled_url": null,
 "tag_list": "",
 "alias_list": "",
 "email_address": "info@accesspharma.com",
 "phone_number": "(214) 905-5100",
 "description": "",
 "created_at": "Thu Jul 11 11:09:42 UTC 2013",
 "updated_at": "Tue Mar 25 09:33:26 UTC 2014",
 "overview": "\u003Cp\u003EAccess Pharmaceuticals (ACCP.ob) is an emerging pharmaceuticals company with a focus on oncology and diabetes.\u003C/p\u003E\n\n\u003Cp\u003EAccess has one FDA approved treatment for oral mucositis (MuGard) which has been launched commercially in Europe and will be launched elsewhere in 2009.\u003C/p\u003E\n\n\u003Cp\u003EProLindac, a novel DACH platinum chemotherapy, recently completed a Phase 2a trial in recurrent ovarian cancer and will enter combination trials shortly; ProLindac is partnered in the Far East and ACCP is actively seeking North American and European co-development partners.\u003C/p\u003E\n\n\u003Cp\u003EAdditionally, ACCP has a novel nucleoside analogue, Thiarabine, which will enter Phase 2 leukemia trials this year, a preclinical stage monoclonal antibody (Angiolix) and additional preclinical oncology programs.\u003C/p\u003E\n\n\u003Cp\u003EAlso, ACCP has an oral insulin and oral human growth hormone program which is being developed in a sponsored research agreement with a major pharmaceutical company (and for which ACCP is seeking additional development partnerships).\u003C/p\u003E",
 "image":
  {"available_sizes":
    [[[100,
       43],
      "http://api-images.crunchbase.com/assets/images/resized/0028/7340/287340v1-max-150x150.png"],
     [[100,
       43],
      "http://api-images.crunchbase.com/assets/images/resized/0028/7340/287340v1-max-250x250.png"],
     [[100,
       43],
      "http://api-images.crunchbase.com/assets/images/resized/0028/7340/287340v1-max-450x450.png"]],
   "attribution": null},
 "products":
  [],
 "relationships":
  [{"is_past": false,
    "title": "President,Director \u0026 CEO",
    "person":
     {"first_name": "Kerry",
      "last_name": "P. Gray",
      "permalink": "kerry-p-gray"}},
   {"is_past": false,
    "title": "Vice President and CFO",
    "person":
     {"first_name": "Stephen",
      "last_name": "B. Thompson",
      "permalink": "stephen-b-thompson"}},
   {"is_past": false,
    "title": "President and Chief Executive Officer",
    "person":
     {"first_name": "Jeffrey",
      "last_name": "B. Davis",
      "permalink": "jeffrey-b-davis"}},
   {"is_past": false,
    "title": "Senior Vice President Research and Development",
    "person":
     {"first_name": "David",
      "last_name": "P. Nowotnik",
      "permalink": "david-p-nowotnik"}}],
 "competitions":
  [],
 "providerships":
  [],
 "total_money_raised": "$15.6M",
 "funding_rounds":
  [{"id": 42237,
    "round_code": "b",
    "source_url": "http://www.sec.gov/Archives/edgar/data/318306/000114036112045375/xslFormDX01/primary_doc.xml",
    "source_description": "SEC",
    "raised_amount": 10000000.0,
    "raised_currency_code": "USD",
    "funded_year": 2012,
    "funded_month": 11,
    "funded_day": 6,
    "investments":
     []},
   {"id": 49281,
    "round_code": "unattributed",
    "source_url": "http://www.sec.gov/Archives/edgar/data/318306/000114036111053152/xslFormDX01/primary_doc.xml",
    "source_description": "SEC",
    "raised_amount": 5581502.0,
    "raised_currency_code": "USD",
    "funded_year": 2011,
    "funded_month": 11,
    "funded_day": 14,
    "investments":
     []}],
 "investments":
  [],
 "acquisition": null,
 "acquisitions":
  [],
 "offices":
  [{"description": "",
    "address1": "2600 Stemmons Freeway, Suite 176",
    "address2": "",
    "zip_code": "75207",
    "city": "Dallas",
    "state_code": "TX",
    "country_code": "USA",
    "latitude": null,
    "longitude": null}],
 "milestones":
  [],
 "ipo":
  {"valuation_amount": null,
   "valuation_currency_code": "USD",
   "pub_year": 2003,
   "pub_month": 1,
   "pub_day": 10,
   "stock_symbol": "OTCMKTS:ACCP"},
 "video_embeds":
  [],
 "screenshots":
  [{"available_sizes":
     [[[150,
        69],
       "http://api-images.crunchbase.com/assets/images/resized/0028/7339/287339v1-max-150x150.png"],
      [[250,
        115],
       "http://api-images.crunchbase.com/assets/images/resized/0028/7339/287339v1-max-250x250.png"],
      [[450,
        207],
       "http://api-images.crunchbase.com/assets/images/resized/0028/7339/287339v1-max-450x450.png"]],
    "attribution": null}],
 "external_links":
  [],
 "partners":
  []}
