{"name": "Access Trips",
 "permalink": "access-trips",
 "crunchbase_url": "http://www.crunchbase.com/company/access-trips",
 "homepage_url": "http://www.accesstrips.com",
 "blog_url": "http://www.accesstrips.com/blog/",
 "blog_feed_url": "http://accesstrips.com/blog/feed/",
 "twitter_username": "accesstrips",
 "category_code": "travel",
 "number_of_employees": 20,
 "founded_year": 2001,
 "founded_month": 8,
 "founded_day": 1,
 "deadpooled_year": null,
 "deadpooled_month": null,
 "deadpooled_day": null,
 "deadpooled_url": null,
 "tag_list": "alain-chuard, victoria-ransom, tamar-lowell",
 "alias_list": null,
 "email_address": "info@accesstrips.com",
 "phone_number": "+1 650 492-4778",
 "description": "Adventures for Skill Seekers",
 "created_at": "Wed Aug 14 06:29:54 UTC 2013",
 "updated_at": "Mon Feb 17 09:59:16 UTC 2014",
 "overview": "\u003Cp\u003EAccess Trips specializes in instructional adventure tours, i.e. tours that are the perfect mix of a high quality instructional course and an exciting adventure vacation. The company offers trips in all continents except Antarctica and currently specializes in snowboarding, skiing, surfing, mountain biking, culinary and multisport tours.\u003C/p\u003E",
 "image":
  {"available_sizes":
    [[[150,
       61],
      "http://api-images.crunchbase.com/assets/images/resized/0041/5543/415543v2-max-150x150.png"],
     [[175,
       72],
      "http://api-images.crunchbase.com/assets/images/resized/0041/5543/415543v2-max-250x250.png"],
     [[175,
       72],
      "http://api-images.crunchbase.com/assets/images/resized/0041/5543/415543v2-max-450x450.png"]],
   "attribution": null},
 "products":
  [],
 "relationships":
  [{"is_past": true,
    "title": "Founder \u0026 Managing Director",
    "person":
     {"first_name": "Alain",
      "last_name": "Chuard",
      "permalink": "alain-chuard"}},
   {"is_past": true,
    "title": "Owner",
    "person":
     {"first_name": "Victoria",
      "last_name": "Ransom",
      "permalink": "victoria-ransom"}}],
 "competitions":
  [],
 "providerships":
  [],
 "total_money_raised": "$0",
 "funding_rounds":
  [],
 "investments":
  [],
 "acquisition": null,
 "acquisitions":
  [],
 "offices":
  [{"description": "World Headquarters",
    "address1": "4200 Park Boulevard",
    "address2": "Suite 523",
    "zip_code": "94602",
    "city": "Oakland",
    "state_code": "CA",
    "country_code": "USA",
    "latitude": null,
    "longitude": null}],
 "milestones":
  [{"id": 47616,
    "description": "Access Trips wins 4th National Geographic award",
    "stoned_year": 2014,
    "stoned_month": 1,
    "stoned_day": 1,
    "source_url": "http://travel.nationalgeographic.com/travel/tours/africa-tours-2013/",
    "source_text": null,
    "source_description": "National Geographic Adventure Magazine",
    "stoneable_type": "Company",
    "stoned_value": null,
    "stoned_value_type": null,
    "stoned_acquirer": null,
    "stoneable":
     {"name": "Access Trips",
      "permalink": "access-trips"}}],
 "ipo": null,
 "video_embeds":
  [],
 "screenshots":
  [],
 "external_links":
  [],
 "partners":
  []}
