{"name": "Access Network Solutions",
 "permalink": "access-network-solutions",
 "crunchbase_url": "http://www.crunchbase.com/company/access-network-solutions",
 "homepage_url": null,
 "blog_url": "http://access-solutions.com/",
 "blog_feed_url": "",
 "twitter_username": null,
 "category_code": "local",
 "number_of_employees": null,
 "founded_year": null,
 "founded_month": null,
 "founded_day": null,
 "deadpooled_year": null,
 "deadpooled_month": null,
 "deadpooled_day": null,
 "deadpooled_url": null,
 "tag_list": "",
 "alias_list": null,
 "email_address": "info@access-solutions.com",
 "phone_number": "303-731-6857",
 "description": "Access Network Solutions",
 "created_at": "Mon Aug 05 09:37:35 UTC 2013",
 "updated_at": "Mon Aug 05 22:34:32 UTC 2013",
 "overview": "\u003Cp\u003EEstablished in 1996, Access Network Solutions was created to provide Information Technology solutions to businesses and corporations helping them manage the ever-increasing flow of data and information in today\u2019s business environment. We work closely with you ensuring Results Oriented Solutions.\u003C/p\u003E\n\n\u003Cp\u003EOur staff has extensive experience in network infrastructure design, engineering and implementation, and the ability to provide technical solutions for your current business needs and helping you plan for tomorrow.\u003C/p\u003E\n\n\u003Cp\u003EWe have worked on projects for a wide variety of clients, ranging from government agencies and organizations, to commercial corporations and companies, such as Internal Revenue Service, Arizona Department of Transportation, Lockheed Martin, Raytheon and United Water, to name a few.\u003C/p\u003E",
 "image": null,
 "products":
  [],
 "relationships":
  [],
 "competitions":
  [],
 "providerships":
  [],
 "total_money_raised": "$0",
 "funding_rounds":
  [],
 "investments":
  [],
 "acquisition": null,
 "acquisitions":
  [],
 "offices":
  [],
 "milestones":
  [],
 "ipo": null,
 "video_embeds":
  [],
 "screenshots":
  [],
 "external_links":
  [],
 "partners":
  []}
