{"name": "Accord Construction Inc",
 "permalink": "accord-construction-inc",
 "crunchbase_url": "http://www.crunchbase.com/company/accord-construction-inc",
 "homepage_url": "http://www.accordroofs.com",
 "blog_url": "",
 "blog_feed_url": "",
 "twitter_username": null,
 "category_code": "consulting",
 "number_of_employees": null,
 "founded_year": null,
 "founded_month": null,
 "founded_day": null,
 "deadpooled_year": null,
 "deadpooled_month": null,
 "deadpooled_day": null,
 "deadpooled_url": null,
 "tag_list": "oklahoma-roofing-company, oklahoma-construction-company, oklahoma-roofing-contractors, oklahoma-tile-roofing, oklahoma-roofers, oklahoma-roofing",
 "alias_list": null,
 "email_address": "info@accordconstructioninc.com",
 "phone_number": "(405) 302-5520",
 "description": "Oklahoma Roofing Company",
 "created_at": "Sat Jul 13 12:21:28 UTC 2013",
 "updated_at": "Mon Jul 15 23:05:48 UTC 2013",
 "overview": "\u003Cp\u003EAccord Construction is a certified Oklahoma City roofing contractor. We provide roof construction and repair services for both residential and commercial clients in central Oklahoma. As an A+-rated Better Business Bureau member, we can guarantee that the work we do for you will be fast, high-quality, and to your satisfaction.\u003C/p\u003E",
 "image":
  {"available_sizes":
    [[[150,
       150],
      "http://api-images.crunchbase.com/assets/images/resized/0028/8421/288421v2-max-150x150.png"],
     [[190,
       190],
      "http://api-images.crunchbase.com/assets/images/resized/0028/8421/288421v2-max-250x250.png"],
     [[190,
       190],
      "http://api-images.crunchbase.com/assets/images/resized/0028/8421/288421v2-max-450x450.png"]],
   "attribution": null},
 "products":
  [],
 "relationships":
  [],
 "competitions":
  [],
 "providerships":
  [],
 "total_money_raised": "$0",
 "funding_rounds":
  [],
 "investments":
  [],
 "acquisition": null,
 "acquisitions":
  [],
 "offices":
  [],
 "milestones":
  [],
 "ipo": null,
 "video_embeds":
  [],
 "screenshots":
  [],
 "external_links":
  [],
 "partners":
  []}
