{"name": "Accordant Media",
 "permalink": "accordant-media",
 "crunchbase_url": "http://www.crunchbase.com/company/accordant-media",
 "homepage_url": "http://www.accordantmedia.com",
 "blog_url": "",
 "blog_feed_url": "",
 "twitter_username": "Accordant",
 "category_code": "advertising",
 "number_of_employees": 50,
 "founded_year": 2010,
 "founded_month": 4,
 "founded_day": null,
 "deadpooled_year": null,
 "deadpooled_month": null,
 "deadpooled_day": null,
 "deadpooled_url": null,
 "tag_list": "",
 "alias_list": null,
 "email_address": "info@accordantmedia.com",
 "phone_number": "",
 "description": "Programmatic media buying specialist",
 "created_at": "Tue Jul 30 08:33:30 UTC 2013",
 "updated_at": "Sun Mar 09 05:16:30 UTC 2014",
 "overview": "\u003Cp\u003EAccordant Media is an independent, programmatic media-buying and optimization company that makes audience targeting and biddable media simpler and more effective for leading agencies and brand marketers. \u003C/p\u003E\n\n\u003Cp\u003EAccordant\u0026#8217;s innovative system plus customized solutions help digital advertisers achieve targeted, efficient and scalable campaigns across paid display, video, mobile, social, email, in-stream audio and out-of-home channels. In addition, Accordant\u2019s powerful custom audience segmentation engine, Audience Optics\u2122, drives integrated data, finely sculpted audience insights and dynamic inventory management to produce greater customer engagement and response rates. Accordant\u2019s scale, precision, 100% transparency and a cross-screen, cross-channel approach allow advertisers to unlock the full potential of programmatic media. \u003C/p\u003E\n\n\u003Cp\u003ECo-founded by digital agency execs Art Muldoon and Matt Greitzer, Accordant Media is based in New York City with offices in San Francisco and Dallas. \u003C/p\u003E",
 "image": null,
 "products":
  [{"name": "Audience Optics (data management platform - DMP)",
    "permalink": "audience-optics-data-management-platform-dmp"}],
 "relationships":
  [{"is_past": false,
    "title": "Investor",
    "person":
     {"first_name": "Bant",
      "last_name": "Breen",
      "permalink": "bant-breen"}},
   {"is_past": true,
    "title": "VP Sales, West",
    "person":
     {"first_name": "Chris",
      "last_name": "Verzello",
      "permalink": "chris-verzello"}}],
 "competitions":
  [],
 "providerships":
  [],
 "total_money_raised": "$0",
 "funding_rounds":
  [],
 "investments":
  [],
 "acquisition": null,
 "acquisitions":
  [],
 "offices":
  [{"description": "New York City",
    "address1": "920 Broadway",
    "address2": "",
    "zip_code": "10010",
    "city": "New York",
    "state_code": "NY",
    "country_code": "USA",
    "latitude": null,
    "longitude": null},
   {"description": "San Francisco",
    "address1": "380 California Street",
    "address2": "",
    "zip_code": "",
    "city": "San Francisco",
    "state_code": "CA",
    "country_code": "USA",
    "latitude": null,
    "longitude": null}],
 "milestones":
  [],
 "ipo": null,
 "video_embeds":
  [],
 "screenshots":
  [],
 "external_links":
  [],
 "partners":
  []}
