{"name": "Accolade Prep",
 "permalink": "accolade-prep",
 "crunchbase_url": "http://www.crunchbase.com/company/accolade-prep",
 "homepage_url": "http://www.accoladeprep.com",
 "blog_url": "",
 "blog_feed_url": "",
 "twitter_username": null,
 "category_code": "education",
 "number_of_employees": null,
 "founded_year": 2004,
 "founded_month": 5,
 "founded_day": null,
 "deadpooled_year": 2008,
 "deadpooled_month": null,
 "deadpooled_day": null,
 "deadpooled_url": "",
 "tag_list": "sat, sat-prep",
 "alias_list": "",
 "email_address": "",
 "phone_number": "",
 "description": "",
 "created_at": "Fri Jul 05 21:32:01 UTC 2013",
 "updated_at": "Fri Jul 05 21:49:57 UTC 2013",
 "overview": "\u003Cp\u003EAccolade was an online SAT prep company co-founded by Drew Houston, founder of Dropbox, and Houston\u0026#8217;s former teacher, Andrew Crick. The company was bootstrapped and profitable, but after Houston\u0026#8217;s graduation he left the company to work for Bit9 and eventually to found \u003Ca href=\"/company/dropbox\" title=\"Dropbox\" rel=\"nofollow\"\u003EDropbox\u003C/a\u003E.\u003C/p\u003E",
 "image":
  {"available_sizes":
    [[[150,
       37],
      "http://api-images.crunchbase.com/assets/images/resized/0028/4969/284969v1-max-150x150.png"],
     [[250,
       61],
      "http://api-images.crunchbase.com/assets/images/resized/0028/4969/284969v1-max-250x250.png"],
     [[364,
       90],
      "http://api-images.crunchbase.com/assets/images/resized/0028/4969/284969v1-max-450x450.png"]],
   "attribution": null},
 "products":
  [],
 "relationships":
  [{"is_past": true,
    "title": "Co-Founder, Co-CEO",
    "person":
     {"first_name": "Drew",
      "last_name": "Houston",
      "permalink": "drew-houston"}},
   {"is_past": true,
    "title": "Co-Founder, Co-CEO",
    "person":
     {"first_name": "Andrew",
      "last_name": "Crick",
      "permalink": "andrew-crick"}}],
 "competitions":
  [],
 "providerships":
  [],
 "total_money_raised": "$0",
 "funding_rounds":
  [],
 "investments":
  [],
 "acquisition": null,
 "acquisitions":
  [],
 "offices":
  [],
 "milestones":
  [],
 "ipo": null,
 "video_embeds":
  [{"embed_code": "\u003Ciframe src=\"http://blip.tv/play/AYX7TgI.html?p=1\" width=\"430\" height=\"345\" frameborder=\"0\" allowfullscreen\u003E\u003C/iframe\u003E\u003Cembed type=\"application/x-shockwave-flash\" src=\"http://a.blip.tv/api.swf#AYX7TgI\" style=\"display:none\"\u003E\u003C/embed\u003E",
    "description": ""}],
 "screenshots":
  [{"available_sizes":
     [[[150,
        101],
       "http://api-images.crunchbase.com/assets/images/resized/0028/4970/284970v1-max-150x150.png"],
      [[250,
        169],
       "http://api-images.crunchbase.com/assets/images/resized/0028/4970/284970v1-max-250x250.png"],
      [[450,
        304],
       "http://api-images.crunchbase.com/assets/images/resized/0028/4970/284970v1-max-450x450.png"]],
    "attribution": null},
   {"available_sizes":
     [[[150,
        101],
       "http://api-images.crunchbase.com/assets/images/resized/0028/4971/284971v1-max-150x150.png"],
      [[250,
        169],
       "http://api-images.crunchbase.com/assets/images/resized/0028/4971/284971v1-max-250x250.png"],
      [[450,
        304],
       "http://api-images.crunchbase.com/assets/images/resized/0028/4971/284971v1-max-450x450.png"]],
    "attribution": null},
   {"available_sizes":
     [[[150,
        101],
       "http://api-images.crunchbase.com/assets/images/resized/0028/4972/284972v1-max-150x150.png"],
      [[250,
        169],
       "http://api-images.crunchbase.com/assets/images/resized/0028/4972/284972v1-max-250x250.png"],
      [[450,
        304],
       "http://api-images.crunchbase.com/assets/images/resized/0028/4972/284972v1-max-450x450.png"]],
    "attribution": null},
   {"available_sizes":
     [[[150,
        101],
       "http://api-images.crunchbase.com/assets/images/resized/0028/4973/284973v1-max-150x150.png"],
      [[250,
        169],
       "http://api-images.crunchbase.com/assets/images/resized/0028/4973/284973v1-max-250x250.png"],
      [[450,
        304],
       "http://api-images.crunchbase.com/assets/images/resized/0028/4973/284973v1-max-450x450.png"]],
    "attribution": null},
   {"available_sizes":
     [[[150,
        101],
       "http://api-images.crunchbase.com/assets/images/resized/0028/4974/284974v1-max-150x150.png"],
      [[250,
        169],
       "http://api-images.crunchbase.com/assets/images/resized/0028/4974/284974v1-max-250x250.png"],
      [[450,
        304],
       "http://api-images.crunchbase.com/assets/images/resized/0028/4974/284974v1-max-450x450.png"]],
    "attribution": null}],
 "external_links":
  [],
 "partners":
  []}
