{"name": "Accredited Investor Solutions",
 "permalink": "accredited-investor-solutions",
 "crunchbase_url": "http://www.crunchbase.com/company/accredited-investor-solutions",
 "homepage_url": null,
 "blog_url": null,
 "blog_feed_url": null,
 "twitter_username": null,
 "category_code": null,
 "number_of_employees": null,
 "founded_year": null,
 "founded_month": null,
 "founded_day": null,
 "deadpooled_year": null,
 "deadpooled_month": null,
 "deadpooled_day": null,
 "deadpooled_url": null,
 "tag_list": "third-party-verification, accredited-investor-certification, accredited-investor-verification",
 "alias_list": null,
 "email_address": null,
 "phone_number": null,
 "description": null,
 "created_at": "Mon Jul 29 18:28:26 UTC 2013",
 "updated_at": "Mon Jan 27 00:25:34 UTC 2014",
 "overview": "\u003Cp\u003EAIS provides third-party certification of accredited investor status to angel investors and others that want to invest in private placements of equity securities by startups and other privately held companies.\u003C/p\u003E\n\n\u003Cp\u003ESEC rules promulgated under the JOBS Act require issuers to take affirmative steps to verify the financial status of their accredited investors, particularly when the offering involves a general solicitation.  AIS is a trusted third-party provider to investors that keeps the investor\u0026#8217;s financial information secure and private while only providing a high-level certification of accredited investor status to issuers at the investor\u0026#8217;s request.\u003C/p\u003E\n\n\u003Cp\u003EAIS also works directly with issuers and crowdfunding portals as an out-sourced verification provider for their offerings.  AIS engages a licensed attorney to provide its certifications so the issuer gets the benefit of bright-line, safe-harbor protection under the SEC rules.\u003C/p\u003E",
 "image": null,
 "products":
  [],
 "relationships":
  [],
 "competitions":
  [],
 "providerships":
  [],
 "total_money_raised": "$0",
 "funding_rounds":
  [],
 "investments":
  [],
 "acquisition": null,
 "acquisitions":
  [],
 "offices":
  [{"description": "",
    "address1": "P.O. Box 7180",
    "address2": "",
    "zip_code": "94026",
    "city": "Menlo Park",
    "state_code": "CA",
    "country_code": "USA",
    "latitude": null,
    "longitude": null}],
 "milestones":
  [],
 "ipo": null,
 "video_embeds":
  [],
 "screenshots":
  [],
 "external_links":
  [],
 "partners":
  []}
