{"name": "Accurate Mailing Services",
 "permalink": "accurate-mailing-services",
 "crunchbase_url": "http://www.crunchbase.com/company/accurate-mailing-services",
 "homepage_url": "http://accurateaz.com",
 "blog_url": "http://accurateaz.com/blog/",
 "blog_feed_url": "",
 "twitter_username": null,
 "category_code": "advertising",
 "number_of_employees": 50,
 "founded_year": null,
 "founded_month": null,
 "founded_day": null,
 "deadpooled_year": null,
 "deadpooled_month": null,
 "deadpooled_day": null,
 "deadpooled_url": null,
 "tag_list": "business-mailing-list, consumer-mailing-list, direct-mailing-services, postcard-marketing",
 "alias_list": null,
 "email_address": "info@accurateaz.com",
 "phone_number": "6024339101",
 "description": "Direct Mailing Services ",
 "created_at": "Wed Jul 24 09:27:52 UTC 2013",
 "updated_at": "Mon Aug 26 02:51:43 UTC 2013",
 "overview": "\u003Cp\u003EAccurate Mailing Service provides Direct Mailing Services for postcards, letters, flyers and get Business \u2013 Consumer Mailing list . Direct Mailing Company in Phoenix provides bulk mail campaigning and marketing at low rate. Get free mailing list and report from Accurate Mailing Service AZ.  15$ for 1000 address.\u003C/p\u003E",
 "image":
  {"available_sizes":
    [[[140,
       35],
      "http://api-images.crunchbase.com/assets/images/resized/0029/5394/295394v2-max-150x150.jpg"],
     [[140,
       35],
      "http://api-images.crunchbase.com/assets/images/resized/0029/5394/295394v2-max-250x250.jpg"],
     [[140,
       35],
      "http://api-images.crunchbase.com/assets/images/resized/0029/5394/295394v2-max-450x450.jpg"]],
   "attribution": null},
 "products":
  [],
 "relationships":
  [],
 "competitions":
  [],
 "providerships":
  [],
 "total_money_raised": "$0",
 "funding_rounds":
  [],
 "investments":
  [],
 "acquisition": null,
 "acquisitions":
  [],
 "offices":
  [{"description": "Accurateaz.Inc",
    "address1": "P.O. Box 12068",
    "address2": "16099 N 82nd Street Suite B1",
    "zip_code": "85260",
    "city": "Scottsdale",
    "state_code": "AZ",
    "country_code": "USA",
    "latitude": 33.6160293,
    "longitude": -111.8926303}],
 "milestones":
  [],
 "ipo": null,
 "video_embeds":
  [{"embed_code": "\u003Ciframe width=\"260\" height=\"245\" src=\"http://www.youtube.com/embed/8r1zSBqmfTs\" frameborder=\"0\" allowfullscreen\u003E\u003C/iframe\u003E",
    "description": ""}],
 "screenshots":
  [],
 "external_links":
  [],
 "partners":
  []}
