{"name": "AceExhibits",
 "permalink": "aceexhibits",
 "crunchbase_url": "http://www.crunchbase.com/company/aceexhibits",
 "homepage_url": "http://www.aceexhibits.com",
 "blog_url": "",
 "blog_feed_url": "",
 "twitter_username": null,
 "category_code": "other",
 "number_of_employees": null,
 "founded_year": 2006,
 "founded_month": null,
 "founded_day": null,
 "deadpooled_year": null,
 "deadpooled_month": null,
 "deadpooled_day": null,
 "deadpooled_url": null,
 "tag_list": "hanging-signs, banner-stands, trade-show-displays, trade-show-exhibits, trade-show-exhibit-displays, trade-show-exhibit-booths",
 "alias_list": null,
 "email_address": "marketing@aceexhibits.com",
 "phone_number": "888-777-0223",
 "description": "trade show exhibits",
 "created_at": "Thu Aug 01 06:08:37 UTC 2013",
 "updated_at": "Thu Aug 01 23:35:40 UTC 2013",
 "overview": "\u003Cp\u003EAce Exhibits is a leading provider in the event and trade show display field. When seeking quality business identity signage to promote a company at events, Ace Exhibits can offer the necessary products. It offers an assortment of product types to create an attractive display, whether a customer is looking for a banner stand, pop up display, or trade show hanging signs. Ace Exhibits is committed to customer satisfaction and help business owners and marketing professionals search from a wide selection of products suitable for their needs.\u003C/p\u003E",
 "image":
  {"available_sizes":
    [[[150,
       126],
      "http://api-images.crunchbase.com/assets/images/resized/0029/9944/299944v2-max-150x150.png"],
     [[250,
       211],
      "http://api-images.crunchbase.com/assets/images/resized/0029/9944/299944v2-max-250x250.png"],
     [[443,
       374],
      "http://api-images.crunchbase.com/assets/images/resized/0029/9944/299944v2-max-450x450.png"]],
   "attribution": null},
 "products":
  [],
 "relationships":
  [],
 "competitions":
  [],
 "providerships":
  [],
 "total_money_raised": "$0",
 "funding_rounds":
  [],
 "investments":
  [],
 "acquisition": null,
 "acquisitions":
  [],
 "offices":
  [],
 "milestones":
  [],
 "ipo": null,
 "video_embeds":
  [],
 "screenshots":
  [],
 "external_links":
  [],
 "partners":
  []}
