{"name": "Acenonyx",
 "permalink": "acenonyx",
 "crunchbase_url": "http://www.crunchbase.com/company/acenonyx",
 "homepage_url": "http://acenonyx.com",
 "blog_url": "",
 "blog_feed_url": "",
 "twitter_username": "acenonyx",
 "category_code": "software",
 "number_of_employees": 10,
 "founded_year": 2012,
 "founded_month": 1,
 "founded_day": 14,
 "deadpooled_year": null,
 "deadpooled_month": null,
 "deadpooled_day": null,
 "deadpooled_url": null,
 "tag_list": "mobile-apps, hospitality-mobile-apps, self-service-apps, restaurant-mobile-apps",
 "alias_list": null,
 "email_address": "info@acenonyx.com",
 "phone_number": "888-434-1119",
 "description": "Software development",
 "created_at": "Thu Jul 11 15:22:13 UTC 2013",
 "updated_at": "Thu Jul 11 23:31:33 UTC 2013",
 "overview": "\u003Cp\u003EAcenonyx is a software company with focus on mobile business applications. \u003C/p\u003E\n\n\u003Cp\u003EOur industry mobile applications cover hospitality, healthcare, retail, finance, banking, insurance, and government. We are innovating the way mobile applications are delivered by combining both cloud and mobile capabilities together to deliver unique customer experience for better business outcome.\u003C/p\u003E",
 "image":
  {"available_sizes":
    [[[150,
       150],
      "http://api-images.crunchbase.com/assets/images/resized/0028/7504/287504v2-max-150x150.jpg"],
     [[250,
       250],
      "http://api-images.crunchbase.com/assets/images/resized/0028/7504/287504v2-max-250x250.jpg"],
     [[400,
       400],
      "http://api-images.crunchbase.com/assets/images/resized/0028/7504/287504v2-max-450x450.jpg"]],
   "attribution": null},
 "products":
  [],
 "relationships":
  [{"is_past": false,
    "title": "Founder, CEO",
    "person":
     {"first_name": "Bisi",
      "last_name": "Adedokun",
      "permalink": "bisi-adedokun"}}],
 "competitions":
  [{"competitor":
     {"name": "Intelity",
      "permalink": "intelity"}}],
 "providerships":
  [],
 "total_money_raised": "$0",
 "funding_rounds":
  [],
 "investments":
  [],
 "acquisition": null,
 "acquisitions":
  [],
 "offices":
  [{"description": "North America",
    "address1": "56 Wellington Road",
    "address2": "",
    "zip_code": "08816",
    "city": "East Brunswick",
    "state_code": "NJ",
    "country_code": "USA",
    "latitude": 40.4550696,
    "longitude": -74.4167408}],
 "milestones":
  [],
 "ipo": null,
 "video_embeds":
  [],
 "screenshots":
  [{"available_sizes":
     [[[92,
        150],
       "http://api-images.crunchbase.com/assets/images/resized/0028/7501/287501v2-max-150x150.jpg"],
      [[154,
        250],
       "http://api-images.crunchbase.com/assets/images/resized/0028/7501/287501v2-max-250x250.jpg"],
      [[277,
        450],
       "http://api-images.crunchbase.com/assets/images/resized/0028/7501/287501v2-max-450x450.jpg"]],
    "attribution": null},
   {"available_sizes":
     [[[150,
        146],
       "http://api-images.crunchbase.com/assets/images/resized/0028/7502/287502v2-max-150x150.jpg"],
      [[250,
        244],
       "http://api-images.crunchbase.com/assets/images/resized/0028/7502/287502v2-max-250x250.jpg"],
      [[450,
        439],
       "http://api-images.crunchbase.com/assets/images/resized/0028/7502/287502v2-max-450x450.jpg"]],
    "attribution": null},
   {"available_sizes":
     [[[101,
        150],
       "http://api-images.crunchbase.com/assets/images/resized/0028/7503/287503v2-max-150x150.jpg"],
      [[168,
        250],
       "http://api-images.crunchbase.com/assets/images/resized/0028/7503/287503v2-max-250x250.jpg"],
      [[304,
        450],
       "http://api-images.crunchbase.com/assets/images/resized/0028/7503/287503v2-max-450x450.jpg"]],
    "attribution": null}],
 "external_links":
  [],
 "partners":
  []}
