{"name": "Acertis Cloud",
 "permalink": "acertis-cloud",
 "crunchbase_url": "http://www.crunchbase.com/company/acertis-cloud",
 "homepage_url": "http://www.weinvoiceit.com",
 "blog_url": "",
 "blog_feed_url": "",
 "twitter_username": "acertiscloud",
 "category_code": "software",
 "number_of_employees": 25,
 "founded_year": 2011,
 "founded_month": 10,
 "founded_day": 10,
 "deadpooled_year": null,
 "deadpooled_month": null,
 "deadpooled_day": null,
 "deadpooled_url": null,
 "tag_list": "invoice-it, salesforce-com, cpq, invoices, subscriptions, billing, payments, force-com, appexchange",
 "alias_list": null,
 "email_address": "sales@acertiscloud.com",
 "phone_number": "+441344578003",
 "description": "Billing for Salesforce",
 "created_at": "Mon Aug 05 14:59:25 UTC 2013",
 "updated_at": "Tue Feb 18 17:41:29 UTC 2014",
 "overview": "\u003Cp\u003EAcertis Cloud is an award winning application development company based in the United Kingdom. We develop and market innovative cloud-based applications on the Force.com platform. We are passionate about the application of technology to drive permanent positive business change. Our in-house team of consultants, developers, designers, project managers and testers are constantly striving to innovate, developing new business applications and delivering the next generation of enterprise software on the Force.com platform.\u003C/p\u003E\n\n\u003Cp\u003EIf you are interested in finding out more about who we are and what we do, please get in touch, we\u2019d be delighted to hear from you.\u003C/p\u003E",
 "image":
  {"available_sizes":
    [[[150,
       21],
      "http://api-images.crunchbase.com/assets/images/resized/0030/1991/301991v2-max-150x150.jpg"],
     [[250,
       35],
      "http://api-images.crunchbase.com/assets/images/resized/0030/1991/301991v2-max-250x250.jpg"],
     [[450,
       63],
      "http://api-images.crunchbase.com/assets/images/resized/0030/1991/301991v2-max-450x450.jpg"]],
   "attribution": null},
 "products":
  [],
 "relationships":
  [{"is_past": false,
    "title": "CEO",
    "person":
     {"first_name": "Richard",
      "last_name": "Goodall",
      "permalink": "richard-goodall"}},
   {"is_past": false,
    "title": "CTO",
    "person":
     {"first_name": "Manoj",
      "last_name": "Ganapathy",
      "permalink": "manoj-ganapathy"}}],
 "competitions":
  [{"competitor":
     {"name": "Zuora",
      "permalink": "zuora"}},
   {"competitor":
     {"name": "Aria Systems",
      "permalink": "aria-systems"}},
   {"competitor":
     {"name": "Vindicia",
      "permalink": "vindicia"}}],
 "providerships":
  [{"title": "Partner",
    "is_past": false,
    "provider":
     {"name": "Salesforce.com",
      "permalink": "salesforce-com-2"}}],
 "total_money_raised": "$0",
 "funding_rounds":
  [],
 "investments":
  [],
 "acquisition": null,
 "acquisitions":
  [],
 "offices":
  [{"description": "UK Offices",
    "address1": "10 Bracknell Beeches",
    "address2": "",
    "zip_code": "RG12 7BW",
    "city": "Bracknell",
    "state_code": null,
    "country_code": "GBR",
    "latitude": 51.4125078,
    "longitude": -0.7535888}],
 "milestones":
  [],
 "ipo": null,
 "video_embeds":
  [],
 "screenshots":
  [],
 "external_links":
  [{"external_url": "http://www.acertiscloud.com",
    "title": "Acertis Cloud"}],
 "partners":
  []}
