{"name": "ActivePhoto",
 "permalink": "activephoto",
 "crunchbase_url": "http://www.crunchbase.com/company/activephoto",
 "homepage_url": null,
 "blog_url": null,
 "blog_feed_url": null,
 "twitter_username": null,
 "category_code": null,
 "number_of_employees": null,
 "founded_year": null,
 "founded_month": null,
 "founded_day": null,
 "deadpooled_year": null,
 "deadpooled_month": null,
 "deadpooled_day": null,
 "deadpooled_url": null,
 "tag_list": null,
 "alias_list": null,
 "email_address": null,
 "phone_number": null,
 "description": null,
 "created_at": "Tue Aug 06 08:40:44 UTC 2013",
 "updated_at": "Tue Aug 06 08:40:44 UTC 2013",
 "overview": null,
 "image": null,
 "products":
  [],
 "relationships":
  [{"is_past": true,
    "title": "CEO",
    "person":
     {"first_name": "Shane",
      "last_name": "Dyer",
      "permalink": "shane-dyer"}},
   {"is_past": true,
    "title": "Director, Strategy and Marketing",
    "person":
     {"first_name": "Scott",
      "last_name": "Ellis",
      "permalink": "scott-ellis"}}],
 "competitions":
  [],
 "providerships":
  [],
 "total_money_raised": "$0",
 "funding_rounds":
  [],
 "investments":
  [],
 "acquisition": null,
 "acquisitions":
  [],
 "offices":
  [],
 "milestones":
  [],
 "ipo": null,
 "video_embeds":
  [],
 "screenshots":
  [],
 "external_links":
  [],
 "partners":
  []}
