{"name": "Action Factory",
 "permalink": "action-factory",
 "crunchbase_url": "http://www.crunchbase.com/company/action-factory",
 "homepage_url": "http://actionfactory.com",
 "blog_url": "",
 "blog_feed_url": "",
 "twitter_username": "ActionFactoryCo",
 "category_code": "news",
 "number_of_employees": 2,
 "founded_year": 2012,
 "founded_month": 7,
 "founded_day": 3,
 "deadpooled_year": null,
 "deadpooled_month": null,
 "deadpooled_day": null,
 "deadpooled_url": null,
 "tag_list": "media",
 "alias_list": null,
 "email_address": "hello@actionfactory.com",
 "phone_number": "",
 "description": "Digital Publishing",
 "created_at": "Wed Jul 17 00:24:03 UTC 2013",
 "updated_at": "Thu Jul 25 02:47:56 UTC 2013",
 "overview": "\u003Cp\u003EAction Factory is a next generation digital publishing company focusing on premium reference and lifestyle brands.\u003C/p\u003E",
 "image":
  {"available_sizes":
    [[[150,
       35],
      "http://api-images.crunchbase.com/assets/images/resized/0029/0104/290104v4-max-150x150.png"],
     [[250,
       58],
      "http://api-images.crunchbase.com/assets/images/resized/0029/0104/290104v4-max-250x250.png"],
     [[278,
       65],
      "http://api-images.crunchbase.com/assets/images/resized/0029/0104/290104v4-max-450x450.png"]],
   "attribution": null},
 "products":
  [],
 "relationships":
  [{"is_past": false,
    "title": "Founder \u0026 CEO",
    "person":
     {"first_name": "Tammy",
      "last_name": "Camp",
      "permalink": "tammy-camp"}}],
 "competitions":
  [],
 "providerships":
  [],
 "total_money_raised": "$0",
 "funding_rounds":
  [],
 "investments":
  [],
 "acquisition": null,
 "acquisitions":
  [],
 "offices":
  [{"description": "Action Factory HQ",
    "address1": "1355 Market Street",
    "address2": "Suite 488",
    "zip_code": "94103",
    "city": "San Francisco",
    "state_code": "CA",
    "country_code": "USA",
    "latitude": null,
    "longitude": null}],
 "milestones":
  [],
 "ipo": null,
 "video_embeds":
  [],
 "screenshots":
  [],
 "external_links":
  [],
 "partners":
  []}
