{"name": "Actional Corporation",
 "permalink": "actional-corporation",
 "crunchbase_url": "http://www.crunchbase.com/company/actional-corporation",
 "homepage_url": null,
 "blog_url": null,
 "blog_feed_url": null,
 "twitter_username": null,
 "category_code": null,
 "number_of_employees": null,
 "founded_year": null,
 "founded_month": null,
 "founded_day": null,
 "deadpooled_year": null,
 "deadpooled_month": null,
 "deadpooled_day": null,
 "deadpooled_url": null,
 "tag_list": null,
 "alias_list": null,
 "email_address": null,
 "phone_number": null,
 "description": null,
 "created_at": "Tue Jul 23 07:15:58 UTC 2013",
 "updated_at": "Tue Jul 23 07:15:58 UTC 2013",
 "overview": null,
 "image": null,
 "products":
  [],
 "relationships":
  [{"is_past": false,
    "title": "",
    "person":
     {"first_name": "Tom",
      "last_name": "Ryan",
      "permalink": "tom-ryan"}},
   {"is_past": true,
    "title": "CTO",
    "person":
     {"first_name": "Dan",
      "last_name": "Foody",
      "permalink": "dan-foody"}},
   {"is_past": true,
    "title": "Variety of Roles",
    "person":
     {"first_name": "John",
      "last_name": "Spencer",
      "permalink": "john-spencer"}},
   {"is_past": true,
    "title": "XML Web Services, SOA (marketing, product strategy)",
    "person":
     {"first_name": "Prathap",
      "last_name": "Dendi",
      "permalink": "prathap-dendi"}}],
 "competitions":
  [],
 "providerships":
  [],
 "total_money_raised": "$0",
 "funding_rounds":
  [],
 "investments":
  [],
 "acquisition": null,
 "acquisitions":
  [],
 "offices":
  [],
 "milestones":
  [],
 "ipo": null,
 "video_embeds":
  [],
 "screenshots":
  [],
 "external_links":
  [],
 "partners":
  []}
