{"name": "Acumen Interactive",
 "permalink": "acumen-interactive",
 "crunchbase_url": "http://www.crunchbase.com/company/acumen-interactive",
 "homepage_url": "http://www.acumeninteractive.ae",
 "blog_url": "",
 "blog_feed_url": "",
 "twitter_username": null,
 "category_code": "advertising",
 "number_of_employees": 15,
 "founded_year": 1995,
 "founded_month": null,
 "founded_day": null,
 "deadpooled_year": null,
 "deadpooled_month": null,
 "deadpooled_day": null,
 "deadpooled_url": null,
 "tag_list": "",
 "alias_list": null,
 "email_address": "peter@acumenadagency.com",
 "phone_number": "+971 04 421 6365",
 "description": "Acumen Interactive ",
 "created_at": "Sun Aug 04 08:12:44 UTC 2013",
 "updated_at": "Tue Aug 06 09:54:27 UTC 2013",
 "overview": "\u003Cp\u003EAcumen Interactive is a marketing focussed online interactive agency.\u003C/p\u003E\n\n\u003Cp\u003ESpecialising in hi-end website design Acumen offers quality programming, secure hosting, content managed websites and digital media throughout the MENA region. \u003C/p\u003E\n\n\u003Cp\u003EAcumen Interactive is the digital arm of Acumen Advertising JLT - based in Dubai - and has a 16 year history of trading in a wide range of \u201cthru-the-line\u201d advertising, marketing and promotional disciplines. \u003C/p\u003E\n\n\u003Cp\u003EThe client base is predominantly drinks, retail and tourism related - disciplines that Acumen Interactive, director, Peter Riches, can easily relate to with more than 16 years as MD to a full service ad agency in the UK.\u003C/p\u003E\n\n\u003Cp\u003EApart from \u0026#8220;brain-in-gear\u0026#8221; web strategy, Acumen Interactive offers hi-end search engine optimisation (SEO) and social media strategy (SNS). Core mission statements are marketing focussed and David Tobias, a veteran of the UAE for more than 20 years and Managing Director of Acumen Advertising JLT says he is delighted to now offer an integrated digital strategy.\u003C/p\u003E\n\n\u003Cp\u003E\u201cThe advertising market in the UAE, as throughout the world, has taken a few knocks to say the least over the past 3 years. Our traditional above and below the line advertising decline has now stabilised - in fact, thankfully we are 20% up on last year\u201d. \u201cWe can see clients\u2019 budgets increasing and more being allocated into interactive, mobile, digital and web. Our interactive team allows our clients to have a single point of briefing and means Acumen Advertising can now offer a fully integrated \u201cthru-the-line\u201d service to our Middle East clients with our in-house digital team\u201d. \u003C/p\u003E\n\n\u003Cp\u003EAcumen Advertising JLT recently moved to new office accommodation in Jumeirah Lakes Towers to accommodate a larger team. Further comment is available from David or Peter on david@acumenadagency.com or peter@acumenadagency.com\u003C/p\u003E",
 "image":
  {"available_sizes":
    [[[150,
       41],
      "http://api-images.crunchbase.com/assets/images/resized/0030/2266/302266v2-max-150x150.jpg"],
     [[250,
       68],
      "http://api-images.crunchbase.com/assets/images/resized/0030/2266/302266v2-max-250x250.jpg"],
     [[450,
       123],
      "http://api-images.crunchbase.com/assets/images/resized/0030/2266/302266v2-max-450x450.jpg"]],
   "attribution": null},
 "products":
  [],
 "relationships":
  [],
 "competitions":
  [],
 "providerships":
  [],
 "total_money_raised": "$0",
 "funding_rounds":
  [],
 "investments":
  [],
 "acquisition": null,
 "acquisitions":
  [],
 "offices":
  [{"description": "Dubai",
    "address1": "Gold Crest Executive Tower , Office 602",
    "address2": "",
    "zip_code": "PO Box 50700",
    "city": "Dubai",
    "state_code": null,
    "country_code": "ARE",
    "latitude": null,
    "longitude": null}],
 "milestones":
  [],
 "ipo": null,
 "video_embeds":
  [],
 "screenshots":
  [{"available_sizes":
     [[[150,
        87],
       "http://api-images.crunchbase.com/assets/images/resized/0030/1408/301408v2-max-150x150.png"],
      [[250,
        145],
       "http://api-images.crunchbase.com/assets/images/resized/0030/1408/301408v2-max-250x250.png"],
      [[450,
        262],
       "http://api-images.crunchbase.com/assets/images/resized/0030/1408/301408v2-max-450x450.png"]],
    "attribution": null}],
 "external_links":
  [{"external_url": "https://www.facebook.com/AcumenInteractive?fref=ts",
    "title": "Facebook "},
   {"external_url": "http://www.linkedin.com/company/3192278?trk=prof-exp-company-name",
    "title": "LinkedIn"}],
 "partners":
  []}
