{"name": "Ad Capry",
 "permalink": "ad-capry",
 "crunchbase_url": "http://www.crunchbase.com/company/ad-capry",
 "homepage_url": "http://www.adcapry.com.au",
 "blog_url": "",
 "blog_feed_url": "",
 "twitter_username": null,
 "category_code": "local",
 "number_of_employees": null,
 "founded_year": 2001,
 "founded_month": null,
 "founded_day": null,
 "deadpooled_year": null,
 "deadpooled_month": null,
 "deadpooled_day": null,
 "deadpooled_url": null,
 "tag_list": "frameless-shower-screens, semi-frameless-shower-screens, splashbacks, mirrors, glass-balustrades, glass-pool-fencing-",
 "alias_list": null,
 "email_address": "sales@adcapry.com.au",
 "phone_number": "1300 501 487",
 "description": "Shower Screens Sydney",
 "created_at": "Tue Jul 23 08:30:32 UTC 2013",
 "updated_at": "Tue Jul 23 20:29:15 UTC 2013",
 "overview": "\u003Cp\u003EAD CAPRY is a business specializing in the installation and maintenance of Showers Screens within the Sydney region.\u003C/p\u003E\n\n\u003Cp\u003EAD CAPRY specializes in Frameless Shower Screens , Semi-frameless Shower Screens, Splashbacks ,Mirrors, Glass balustrades and Glass pool fencing.\u003C/p\u003E",
 "image":
  {"available_sizes":
    [[[150,
       43],
      "http://api-images.crunchbase.com/assets/images/resized/0029/4521/294521v2-max-150x150.jpg"],
     [[250,
       73],
      "http://api-images.crunchbase.com/assets/images/resized/0029/4521/294521v2-max-250x250.jpg"],
     [[450,
       131],
      "http://api-images.crunchbase.com/assets/images/resized/0029/4521/294521v2-max-450x450.jpg"]],
   "attribution": null},
 "products":
  [],
 "relationships":
  [],
 "competitions":
  [],
 "providerships":
  [],
 "total_money_raised": "$0",
 "funding_rounds":
  [],
 "investments":
  [],
 "acquisition": null,
 "acquisitions":
  [],
 "offices":
  [],
 "milestones":
  [],
 "ipo": null,
 "video_embeds":
  [],
 "screenshots":
  [],
 "external_links":
  [],
 "partners":
  []}
