{"name": "Ad Republic",
 "permalink": "ad-republic",
 "crunchbase_url": "http://www.crunchbase.com/company/ad-republic",
 "homepage_url": "http://www.adrepublic.co.uk",
 "blog_url": "http://adrepublic.co.uk/blog",
 "blog_feed_url": "",
 "twitter_username": "AdRepublicLtd",
 "category_code": "advertising",
 "number_of_employees": 6,
 "founded_year": 2013,
 "founded_month": 2,
 "founded_day": 1,
 "deadpooled_year": null,
 "deadpooled_month": null,
 "deadpooled_day": null,
 "deadpooled_url": null,
 "tag_list": "ppc-agency, ppc-management, sem-agency, seo-agency",
 "alias_list": null,
 "email_address": "clive@adrepublic.co.uk",
 "phone_number": "02036409245",
 "description": "Search Marketing Agency",
 "created_at": "Tue Jul 16 15:44:16 UTC 2013",
 "updated_at": "Tue Jul 16 18:32:38 UTC 2013",
 "overview": "\u003Cp\u003EAd Republic is a search marketing agency based in Farringdon, London. We specialise in PPC, SEO, display and creative advertising. \u003C/p\u003E\n\n\u003Cp\u003EWe\u0026#8217;re an Adwords Certified Partner, Bing Ads Professional and cater for all size businesses in a variety of sectors including; retail, technology, education, legal, finance, gambling, health and automotive.\u003C/p\u003E",
 "image":
  {"available_sizes":
    [[[150,
       56],
      "http://api-images.crunchbase.com/assets/images/resized/0028/9909/289909v2-max-150x150.png"],
     [[250,
       95],
      "http://api-images.crunchbase.com/assets/images/resized/0028/9909/289909v2-max-250x250.png"],
     [[450,
       171],
      "http://api-images.crunchbase.com/assets/images/resized/0028/9909/289909v2-max-450x450.png"]],
   "attribution": null},
 "products":
  [],
 "relationships":
  [{"is_past": false,
    "title": "Director",
    "person":
     {"first_name": "Clive",
      "last_name": "Harris",
      "permalink": "clive-harris"}}],
 "competitions":
  [],
 "providerships":
  [],
 "total_money_raised": "$0",
 "funding_rounds":
  [],
 "investments":
  [],
 "acquisition": null,
 "acquisitions":
  [],
 "offices":
  [{"description": "",
    "address1": "74 Clerkenwell Road",
    "address2": "Farringdon",
    "zip_code": "EC1M 5QA",
    "city": "London",
    "state_code": null,
    "country_code": "GBR",
    "latitude": 51.522767,
    "longitude": -0.1014784}],
 "milestones":
  [],
 "ipo": null,
 "video_embeds":
  [],
 "screenshots":
  [],
 "external_links":
  [],
 "partners":
  []}
