{"name": "Ada India",
 "permalink": "ada-india",
 "crunchbase_url": "http://www.crunchbase.com/company/ada-india",
 "homepage_url": "http://www.adaindia.net",
 "blog_url": "http://adaindiaservices.blogspot.com",
 "blog_feed_url": "",
 "twitter_username": "adaindia",
 "category_code": "software",
 "number_of_employees": 15,
 "founded_year": 2000,
 "founded_month": 6,
 "founded_day": 2,
 "deadpooled_year": null,
 "deadpooled_month": null,
 "deadpooled_day": null,
 "deadpooled_url": null,
 "tag_list": "android-app-development, web-development, app-developers",
 "alias_list": null,
 "email_address": "contact@adaindia.net",
 "phone_number": "+9144 6515 6446",
 "description": "Web \u0026 android development, Web ERP",
 "created_at": "Sat Jul 27 02:13:43 UTC 2013",
 "updated_at": "Tue Jul 30 22:27:00 UTC 2013",
 "overview": "\u003Cp\u003EDa caters tailor made solutions and services that right fit our client\u0026#8217;s needs worldwide. aDa is fully equipped with state-of-the-art workstations, servers, cutting edge technology and software. Our efficient communications infrastructure enables clients to monitor and manage offshore projects effectively. Our team will satisfy and have satisfied the IT needs and requirement of the clients. All our services are granted to clients at a genuine costing model.\u003C/p\u003E\n\n\u003Cp\u003EDomain Expertise\u003C/p\u003E\n\n\u003Cp\u003EWe Specialize in providing web based Internet \u0026amp; Intranet business solutions.\nWeb and mobile based ERP tools for small \u0026amp; medium biz as SaaS model.\nAndroid application development.\nWeb and mobile based E-Commerce solutions. \nRFID \u0026amp; Barcode based POS and inventory system.\nGPS based applications.\u003C/p\u003E",
 "image":
  {"available_sizes":
    [[[150,
       101],
      "http://api-images.crunchbase.com/assets/images/resized/0029/7295/297295v2-max-150x150.png"],
     [[200,
       135],
      "http://api-images.crunchbase.com/assets/images/resized/0029/7295/297295v2-max-250x250.png"],
     [[200,
       135],
      "http://api-images.crunchbase.com/assets/images/resized/0029/7295/297295v2-max-450x450.png"]],
   "attribution": null},
 "products":
  [],
 "relationships":
  [],
 "competitions":
  [],
 "providerships":
  [],
 "total_money_raised": "$0",
 "funding_rounds":
  [],
 "investments":
  [],
 "acquisition": null,
 "acquisitions":
  [],
 "offices":
  [],
 "milestones":
  [],
 "ipo": null,
 "video_embeds":
  [],
 "screenshots":
  [],
 "external_links":
  [],
 "partners":
  []}
