{"name": "Adaptive Biotechnologies",
 "permalink": "adaptive-biotechnologies",
 "crunchbase_url": "http://www.crunchbase.com/company/adaptive-biotechnologies",
 "homepage_url": "http://adaptivebiotech.com",
 "blog_url": "",
 "blog_feed_url": "",
 "twitter_username": "Adaptivebiotech",
 "category_code": "biotech",
 "number_of_employees": null,
 "founded_year": 2009,
 "founded_month": null,
 "founded_day": null,
 "deadpooled_year": null,
 "deadpooled_month": null,
 "deadpooled_day": null,
 "deadpooled_url": null,
 "tag_list": "",
 "alias_list": "",
 "email_address": "info@adaptivebiotech.com",
 "phone_number": "+1 206-659-0067",
 "description": "",
 "created_at": "Mon Jul 15 11:12:18 UTC 2013",
 "updated_at": "Wed Apr 16 12:26:28 UTC 2014",
 "overview": "\u003Cp\u003EAdaptive Biotechnologies Corporation (http://www.adaptivebiotech.com), headquartered in Seattle, WA, is pioneering the field of genomic immunology. The company\u2019s core competency is developing next generation sequencing assays that characterize the adaptive immune system, serving as a platform technology to the research community and the biopharmaceutical industry. Its flagship commercial product, immunoSEQ (http://www.immunoSEQ.com), uses a proprietary immune profiling assay to analyze T cells and B cells \u2013 critical components of the adaptive immune system\u2019s defense against disease \u2013 with unprecedented depth and specificity. Sequencing the variable region of these immune cells allows researchers to characterize the complete immune repertoire of a patient or group of patients in search of immunologic biomarkers. Fueled by discoveries from immunoSEQ, the company is currently developing a pipeline of clinical assays that are specific to cancer diagnosis and prognosis. All of Adaptive Biotechnologies\u2019 assays are coupled with a cloud-computing infrastructure that simplifies the interpretation of massive quantities of data in a user-friendly interface. immunoSEQ was launched in September 2010 and has a worldwide customer base.\u003C/p\u003E",
 "image":
  {"available_sizes":
    [[[150,
       46],
      "http://api-images.crunchbase.com/assets/images/resized/0028/8883/288883v1-max-150x150.png"],
     [[250,
       78],
      "http://api-images.crunchbase.com/assets/images/resized/0028/8883/288883v1-max-250x250.png"],
     [[278,
       87],
      "http://api-images.crunchbase.com/assets/images/resized/0028/8883/288883v1-max-450x450.png"]],
   "attribution": null},
 "products":
  [],
 "relationships":
  [{"is_past": false,
    "title": "Founder",
    "person":
     {"first_name": "Chad",
      "last_name": "Robins",
      "permalink": "chad-robins-2"}},
   {"is_past": false,
    "title": "Founder",
    "person":
     {"first_name": "Harlan",
      "last_name": "Robins",
      "permalink": "harlan-robins"}},
   {"is_past": false,
    "title": "Founder",
    "person":
     {"first_name": "Christopher",
      "last_name": "Carlson",
      "permalink": "christopher-carlson"}}],
 "competitions":
  [],
 "providerships":
  [],
 "total_money_raised": "$112M",
 "funding_rounds":
  [{"id": 42543,
    "round_code": "c",
    "source_url": "http://www.finsmes.com/2014/04/adaptive-biotechnologies-raises-105m-in-series-c-and-d-rounds.html",
    "source_description": "Adaptive Biotechnologies Raises $105M in Series C and D Rounds",
    "raised_amount": 5000000.0,
    "raised_currency_code": "USD",
    "funded_year": 2014,
    "funded_month": 4,
    "funded_day": 7,
    "investments":
     []},
   {"id": 48704,
    "round_code": "grant",
    "source_url": "http://www.genomeweb.com/sequencing/adaptive-biotechnologies-gets-25m-sbir-grant?utm_source=twitterfeed\u0026utm_medium=twitter\u0026utm_campaign=Feed%3A+genomeweb%2Fgenomeweb-daily-news+%28GenomeWeb+Daily+News%29",
    "source_description": "Adaptive Biotechnologies Gets $2.5M SBIR Grant",
    "raised_amount": 2500000.0,
    "raised_currency_code": "USD",
    "funded_year": 2013,
    "funded_month": 9,
    "funded_day": 13,
    "investments":
     []},
   {"id": 71764,
    "round_code": "d",
    "source_url": "http://www.sec.gov/Archives/edgar/data/1478320/000147832014000001/xslFormDX01/primary_doc.xml",
    "source_description": "SEC",
    "raised_amount": 104999480.0,
    "raised_currency_code": "USD",
    "funded_year": 2014,
    "funded_month": 4,
    "funded_day": 15,
    "investments":
     [{"company": null,
       "financial_org":
        {"name": "Viking Global Investors",
         "permalink": "viking-global-investors"},
       "person": null}]}],
 "investments":
  [],
 "acquisition": null,
 "acquisitions":
  [],
 "offices":
  [{"description": "",
    "address1": "1551 Eastlake Ave E",
    "address2": "Suite 200",
    "zip_code": "98102",
    "city": "Seattle",
    "state_code": "WA",
    "country_code": "USA",
    "latitude": 47.633399,
    "longitude": -122.326322}],
 "milestones":
  [],
 "ipo": null,
 "video_embeds":
  [],
 "screenshots":
  [{"available_sizes":
     [[[150,
        79],
       "http://api-images.crunchbase.com/assets/images/resized/0028/8882/288882v1-max-150x150.png"],
      [[250,
        132],
       "http://api-images.crunchbase.com/assets/images/resized/0028/8882/288882v1-max-250x250.png"],
      [[450,
        239],
       "http://api-images.crunchbase.com/assets/images/resized/0028/8882/288882v1-max-450x450.png"]],
    "attribution": null}],
 "external_links":
  [],
 "partners":
  []}
