{"name": "Admovate",
 "permalink": "admovate",
 "crunchbase_url": "http://www.crunchbase.com/company/admovate",
 "homepage_url": "http://admovate.com",
 "blog_url": "",
 "blog_feed_url": "",
 "twitter_username": null,
 "category_code": null,
 "number_of_employees": null,
 "founded_year": 2012,
 "founded_month": null,
 "founded_day": null,
 "deadpooled_year": null,
 "deadpooled_month": null,
 "deadpooled_day": null,
 "deadpooled_url": null,
 "tag_list": "",
 "alias_list": "",
 "email_address": "",
 "phone_number": "",
 "description": "",
 "created_at": "Wed Jul 17 17:40:54 UTC 2013",
 "updated_at": "Wed Jul 17 17:44:49 UTC 2013",
 "overview": "\u003Cp\u003EAdmovate, founded in 2012, built a product enabling advertisers to create and deliver personalized, hyper-local targeted offers through the mobile channel. The company was acquired by \u003Ca href=\"/company/yahoo\" title=\"Yahoo!\" rel=\"nofollow\"\u003EYahoo!\u003C/a\u003E in 2013.\u003C/p\u003E",
 "image":
  {"available_sizes":
    [[[150,
       30],
      "http://api-images.crunchbase.com/assets/images/resized/0029/0726/290726v1-max-150x150.png"],
     [[250,
       51],
      "http://api-images.crunchbase.com/assets/images/resized/0029/0726/290726v1-max-250x250.png"],
     [[254,
       52],
      "http://api-images.crunchbase.com/assets/images/resized/0029/0726/290726v1-max-450x450.png"]],
   "attribution": null},
 "products":
  [],
 "relationships":
  [],
 "competitions":
  [],
 "providerships":
  [],
 "total_money_raised": "$0",
 "funding_rounds":
  [],
 "investments":
  [],
 "acquisition":
  {"price_amount": null,
   "price_currency_code": "USD",
   "term_code": null,
   "source_url": "http://techcrunch.com/2013/07/17/yahoo-acquires-admovate/",
   "source_description": "Yahoo Acquires Neophyte Startup AdMovate To Improve Mobile Ads",
   "acquired_year": 2013,
   "acquired_month": 7,
   "acquired_day": 17,
   "acquiring_company":
    {"name": "Yahoo!",
     "permalink": "yahoo"}},
 "acquisitions":
  [],
 "offices":
  [{"description": "",
    "address1": "",
    "address2": "",
    "zip_code": "94043",
    "city": "Mountain View",
    "state_code": "CA",
    "country_code": "USA",
    "latitude": null,
    "longitude": null}],
 "milestones":
  [],
 "ipo": null,
 "video_embeds":
  [],
 "screenshots":
  [],
 "external_links":
  [],
 "partners":
  []}
