{"name": "ADPS - Automated Dynamic Pricing System",
 "permalink": "adps-automated-dynamic-pricing-system",
 "crunchbase_url": "http://www.crunchbase.com/company/adps-automated-dynamic-pricing-system",
 "homepage_url": "http://adps.nl",
 "blog_url": "",
 "blog_feed_url": "",
 "twitter_username": null,
 "category_code": "analytics",
 "number_of_employees": 6,
 "founded_year": 2010,
 "founded_month": null,
 "founded_day": null,
 "deadpooled_year": null,
 "deadpooled_month": null,
 "deadpooled_day": null,
 "deadpooled_url": null,
 "tag_list": "dynamic-pricing, price-monitoring, cse, saas, software-as-a-service, retail, ecommerce, big-data",
 "alias_list": null,
 "email_address": "info@adps.nl",
 "phone_number": "+31 (0)35 699 0220",
 "description": "Dynamic Pricing \u0026 Price Monitoring",
 "created_at": "Mon Jul 15 18:04:34 UTC 2013",
 "updated_at": "Fri Aug 23 18:39:26 UTC 2013",
 "overview": "\u003Cp\u003EADPS provides both price monitoring services and an automated pricing system. The pricing data is obtained via direct (and often exclusive) partnerships with comparison shopping websites. ADPS currently has coverage in 13 countries. \u003C/p\u003E\n\n\u003Cp\u003EThe automated pricing system contains advanced and proprietary algorithms that calculate optimal price points for a retailer based on the price elasticity of its products. It also allows retailers to visualize and directly balance the trade-off between sales and profit. \u003C/p\u003E\n\n\u003Cp\u003EADPS was founded in 2010 and its management team combines many years of experience in entrepreneurship and at corporates as Google and Procter \u0026amp; Gamble. \u003C/p\u003E",
 "image":
  {"available_sizes":
    [[[150,
       71],
      "http://api-images.crunchbase.com/assets/images/resized/0028/9098/289098v2-max-150x150.png"],
     [[250,
       119],
      "http://api-images.crunchbase.com/assets/images/resized/0028/9098/289098v2-max-250x250.png"],
     [[300,
       143],
      "http://api-images.crunchbase.com/assets/images/resized/0028/9098/289098v2-max-450x450.png"]],
   "attribution": null},
 "products":
  [],
 "relationships":
  [{"is_past": false,
    "title": "General Manager, Head of Technology",
    "person":
     {"first_name": "Herman",
      "last_name": "de Jager",
      "permalink": "herman-de-jager"}},
   {"is_past": false,
    "title": "Head of Product \u0026 Consulting",
    "person":
     {"first_name": "Sander",
      "last_name": "Roose",
      "permalink": "sander-roose"}},
   {"is_past": true,
    "title": "Head of Sales",
    "person":
     {"first_name": "Marc",
      "last_name": "Duijndam",
      "permalink": "marc-duijndam-2"}}],
 "competitions":
  [],
 "providerships":
  [],
 "total_money_raised": "$0",
 "funding_rounds":
  [],
 "investments":
  [],
 "acquisition": null,
 "acquisitions":
  [],
 "offices":
  [{"description": "",
    "address1": "Bronsstraat 8",
    "address2": "",
    "zip_code": "1411 AV",
    "city": "Naarden",
    "state_code": null,
    "country_code": "NLD",
    "latitude": null,
    "longitude": null}],
 "milestones":
  [{"id": 36606,
    "description": "ADPS announces exclusive partnership with leading Dutch comparison sites kieskeurig.nl, tweakers.net and vergelijk.nl ",
    "stoned_year": 2012,
    "stoned_month": 5,
    "stoned_day": null,
    "source_url": "http://www.emerce.nl/nieuws/nieuwe-dienst-optimalisatie-prijsstrategie-webshops",
    "source_text": null,
    "source_description": "Emerce article",
    "stoneable_type": "Company",
    "stoned_value": null,
    "stoned_value_type": null,
    "stoned_acquirer": null,
    "stoneable":
     {"name": "ADPS - Automated Dynamic Pricing System",
      "permalink": "adps-automated-dynamic-pricing-system"}},
   {"id": 36608,
    "description": "ADPS expands coverage to 8 new countries behind a deal with comparison site Kelkoo",
    "stoned_year": 2012,
    "stoned_month": 11,
    "stoned_day": null,
    "source_url": "",
    "source_text": null,
    "source_description": "",
    "stoneable_type": "Company",
    "stoned_value": null,
    "stoned_value_type": null,
    "stoned_acquirer": null,
    "stoneable":
     {"name": "ADPS - Automated Dynamic Pricing System",
      "permalink": "adps-automated-dynamic-pricing-system"}},
   {"id": 36610,
    "description": "ADPS also adds the last major Dutch comparison site, beslist.nl, to its pricing data network",
    "stoned_year": 2013,
    "stoned_month": 3,
    "stoned_day": null,
    "source_url": "",
    "source_text": null,
    "source_description": "",
    "stoneable_type": "Company",
    "stoned_value": null,
    "stoned_value_type": null,
    "stoned_acquirer": null,
    "stoneable":
     {"name": "ADPS - Automated Dynamic Pricing System",
      "permalink": "adps-automated-dynamic-pricing-system"}}],
 "ipo": null,
 "video_embeds":
  [],
 "screenshots":
  [{"available_sizes":
     [[[150,
        73],
       "http://api-images.crunchbase.com/assets/images/resized/0028/9097/289097v2-max-150x150.png"],
      [[250,
        121],
       "http://api-images.crunchbase.com/assets/images/resized/0028/9097/289097v2-max-250x250.png"],
      [[450,
        219],
       "http://api-images.crunchbase.com/assets/images/resized/0028/9097/289097v2-max-450x450.png"]],
    "attribution": null}],
 "external_links":
  [],
 "partners":
  []}
