{"name": "adsheat.com",
 "permalink": "adsheat-com",
 "crunchbase_url": "http://www.crunchbase.com/company/adsheat-com",
 "homepage_url": "http://adsheat.com",
 "blog_url": "",
 "blog_feed_url": "",
 "twitter_username": "adsheat",
 "category_code": null,
 "number_of_employees": null,
 "founded_year": 2010,
 "founded_month": null,
 "founded_day": null,
 "deadpooled_year": null,
 "deadpooled_month": null,
 "deadpooled_day": null,
 "deadpooled_url": null,
 "tag_list": null,
 "alias_list": "",
 "email_address": "",
 "phone_number": "",
 "description": "",
 "created_at": "Tue Jul 16 04:30:14 UTC 2013",
 "updated_at": "Wed Jan 08 05:29:49 UTC 2014",
 "overview": "\u003Cp\u003Epost free unlimited free featured and highlighted ads free and easy.promote your business free and easy \npakistan largest online free classified site.\nIndia largest online shopping portal \npromote you products selling free in one minute \nwww.adsheat.com\u003C/p\u003E",
 "image":
  {"available_sizes":
    [[[150,
       47],
      "http://api-images.crunchbase.com/assets/images/resized/0039/0157/390157v1-max-150x150.png"],
     [[250,
       79],
      "http://api-images.crunchbase.com/assets/images/resized/0039/0157/390157v1-max-250x250.png"],
     [[296,
       94],
      "http://api-images.crunchbase.com/assets/images/resized/0039/0157/390157v1-max-450x450.png"]],
   "attribution": null},
 "products":
  [],
 "relationships":
  [{"is_past": true,
    "title": "http://www.adsheat.com",
    "person":
     {"first_name": "Tanvir",
      "last_name": "Zafar",
      "permalink": "tanvir-zafar"}}],
 "competitions":
  [],
 "providerships":
  [],
 "total_money_raised": "$0",
 "funding_rounds":
  [],
 "investments":
  [],
 "acquisition": null,
 "acquisitions":
  [],
 "offices":
  [],
 "milestones":
  [],
 "ipo": null,
 "video_embeds":
  [],
 "screenshots":
  [{"available_sizes":
     [[[150,
        97],
       "http://api-images.crunchbase.com/assets/images/resized/0039/0160/390160v1-max-150x150.png"],
      [[250,
        163],
       "http://api-images.crunchbase.com/assets/images/resized/0039/0160/390160v1-max-250x250.png"],
      [[450,
        293],
       "http://api-images.crunchbase.com/assets/images/resized/0039/0160/390160v1-max-450x450.png"]],
    "attribution": null}],
 "external_links":
  [],
 "partners":
  []}
