{"name": "AdsLive Media",
 "permalink": "adslive-media",
 "crunchbase_url": "http://www.crunchbase.com/company/adslive-media",
 "homepage_url": "http://www.adslivemedia.com",
 "blog_url": "",
 "blog_feed_url": "",
 "twitter_username": "AdsLive_Media",
 "category_code": "advertising",
 "number_of_employees": 25,
 "founded_year": 2011,
 "founded_month": null,
 "founded_day": null,
 "deadpooled_year": null,
 "deadpooled_month": null,
 "deadpooled_day": null,
 "deadpooled_url": null,
 "tag_list": "advertising, advertising-technology, adnetwork, ad-network, publishers, adexchange, ad-echange, hispanics, retargeting, ssp",
 "alias_list": null,
 "email_address": "info@adslivemedia.com",
 "phone_number": "(502) 2263.0281",
 "description": "Ad Network and Advertising Technology",
 "created_at": "Tue Jul 30 16:47:14 UTC 2013",
 "updated_at": "Fri Jan 24 03:46:48 UTC 2014",
 "overview": "\u003Cp\u003EAdsLive Media is an Advertising company with Headquarters in Guatemala C.A. \nThey are comScore\u0026#8217;s representatives for Central america and caribean region, that position allow them to have a better understanding about what is happening in the actual market and collect large amounts of data to optimize their advertising platforms.\nTheir services includes Media plans, Programmatic media buying, Advertising optimization (for publishers), research, Advertising technology development, between others.\nRight now AdsLive Media have more then 1 billion impressions per month, working with more than 1200 top websites in United States, Latin America and Europe.\u003C/p\u003E",
 "image":
  {"available_sizes":
    [[[150,
       104],
      "http://api-images.crunchbase.com/assets/images/resized/0029/8916/298916v2-max-150x150.png"],
     [[204,
       142],
      "http://api-images.crunchbase.com/assets/images/resized/0029/8916/298916v2-max-250x250.png"],
     [[204,
       142],
      "http://api-images.crunchbase.com/assets/images/resized/0029/8916/298916v2-max-450x450.png"]],
   "attribution": null},
 "products":
  [],
 "relationships":
  [],
 "competitions":
  [],
 "providerships":
  [],
 "total_money_raised": "$0",
 "funding_rounds":
  [],
 "investments":
  [],
 "acquisition": null,
 "acquisitions":
  [],
 "offices":
  [{"description": "",
    "address1": "",
    "address2": "",
    "zip_code": "",
    "city": "",
    "state_code": null,
    "country_code": "GTM",
    "latitude": null,
    "longitude": null}],
 "milestones":
  [],
 "ipo": null,
 "video_embeds":
  [],
 "screenshots":
  [],
 "external_links":
  [],
 "partners":
  []}
