{"name": "AdSysNet Solutions",
 "permalink": "adsysnet-solutions",
 "crunchbase_url": "http://www.crunchbase.com/company/adsysnet-solutions",
 "homepage_url": "http://www.adsysnet.com",
 "blog_url": "",
 "blog_feed_url": "",
 "twitter_username": "adsysnet",
 "category_code": "software",
 "number_of_employees": 10,
 "founded_year": null,
 "founded_month": null,
 "founded_day": null,
 "deadpooled_year": null,
 "deadpooled_month": null,
 "deadpooled_day": null,
 "deadpooled_url": null,
 "tag_list": "active-directory, active-directory-management-tool, active-directory-reporting, active-directory-network-management",
 "alias_list": null,
 "email_address": "support@adsysnet.com",
 "phone_number": "",
 "description": "Active Directory Management \u0026Reporting",
 "created_at": "Thu Aug 08 10:32:35 UTC 2013",
 "updated_at": "Wed Sep 18 13:14:49 UTC 2013",
 "overview": "\u003Cp\u003EAdSysNet Solutions offering enhanced software solutions for Windows Active Directory based IT organizations. The company was founded in 2013. Our goal is to deliver quality products to the IT organizations and we are working hard to achieve our goal. We offer solutions for the customers over 30 countries around the world. It is our main job to satisfy  the customers needs and queries and we provide the dedicated support for the customer queries.\u003C/p\u003E",
 "image":
  {"available_sizes":
    [[[134,
       32],
      "http://api-images.crunchbase.com/assets/images/resized/0032/8891/328891v2-max-150x150.png"],
     [[134,
       32],
      "http://api-images.crunchbase.com/assets/images/resized/0032/8891/328891v2-max-250x250.png"],
     [[134,
       32],
      "http://api-images.crunchbase.com/assets/images/resized/0032/8891/328891v2-max-450x450.png"]],
   "attribution": null},
 "products":
  [],
 "relationships":
  [{"is_past": false,
    "title": "Mr",
    "person":
     {"first_name": "Albert",
      "last_name": "Prior",
      "permalink": "albert-prior"}},
   {"is_past": false,
    "title": "Mr",
    "person":
     {"first_name": "James",
      "last_name": "Franklin",
      "permalink": "james-franklin"}}],
 "competitions":
  [],
 "providerships":
  [],
 "total_money_raised": "$0",
 "funding_rounds":
  [],
 "investments":
  [],
 "acquisition": null,
 "acquisitions":
  [],
 "offices":
  [{"description": "",
    "address1": "2345,TNHB,",
    "address2": "Ayapakkam",
    "zip_code": "600077",
    "city": "Chennai",
    "state_code": null,
    "country_code": "IND",
    "latitude": 12.8852596,
    "longitude": 80.2384048}],
 "milestones":
  [],
 "ipo": null,
 "video_embeds":
  [{"embed_code": "\u003Ciframe width=\"640\" height=\"360\" src=\"//www.youtube.com/embed/BEU3Jn2M5Is?feature=player_embedded\" frameborder=\"0\" allowfullscreen\u003E\u003C/iframe\u003E",
    "description": "\u003Cp\u003EDeleted Objects Restore | Active Directory Manager\u003C/p\u003E"},
   {"embed_code": "\u003Ciframe width=\"640\" height=\"360\" src=\"//www.youtube.com/embed/Ih-BREMsOHY?feature=player_embedded\" frameborder=\"0\" allowfullscreen\u003E\u003C/iframe\u003E",
    "description": "\u003Cp\u003EBulk Objects Creation\u003C/p\u003E"},
   {"embed_code": "\u003Ciframe width=\"640\" height=\"360\" src=\"//www.youtube.com/embed/hDE2Q4k2IL8?feature=player_embedded\" frameborder=\"0\" allowfullscreen\u003E\u003C/iframe\u003E",
    "description": "\u003Cp\u003EConfigure Multiple Domains\u003C/p\u003E"}],
 "screenshots":
  [{"available_sizes":
     [[[150,
        68],
       "http://api-images.crunchbase.com/assets/images/resized/0032/8889/328889v2-max-150x150.png"],
      [[250,
        114],
       "http://api-images.crunchbase.com/assets/images/resized/0032/8889/328889v2-max-250x250.png"],
      [[450,
        206],
       "http://api-images.crunchbase.com/assets/images/resized/0032/8889/328889v2-max-450x450.png"]],
    "attribution": null},
   {"available_sizes":
     [[[150,
        64],
       "http://api-images.crunchbase.com/assets/images/resized/0032/8890/328890v2-max-150x150.png"],
      [[250,
        107],
       "http://api-images.crunchbase.com/assets/images/resized/0032/8890/328890v2-max-250x250.png"],
      [[450,
        192],
       "http://api-images.crunchbase.com/assets/images/resized/0032/8890/328890v2-max-450x450.png"]],
    "attribution": null}],
 "external_links":
  [{"external_url": "http://www.adsysnet.com",
    "title": "AdSysNet Solutions"}],
 "partners":
  []}
