{"name": "AdTangerine",
 "permalink": "adtangerine",
 "crunchbase_url": "http://www.crunchbase.com/company/adtangerine",
 "homepage_url": "http://www.adtangerine.com",
 "blog_url": "",
 "blog_feed_url": "",
 "twitter_username": "ad_tangerine",
 "category_code": "advertising",
 "number_of_employees": 7,
 "founded_year": 2013,
 "founded_month": 3,
 "founded_day": 4,
 "deadpooled_year": null,
 "deadpooled_month": null,
 "deadpooled_day": null,
 "deadpooled_url": null,
 "tag_list": "social-media, advertising, media, facebook, twitter, share",
 "alias_list": null,
 "email_address": "sayhello@adtangerine.com",
 "phone_number": "+27844324505",
 "description": "An innovative way to advertise",
 "created_at": "Sun Jul 07 20:08:55 UTC 2013",
 "updated_at": "Mon Jul 22 23:03:04 UTC 2013",
 "overview": "\u003Cp\u003EAdTangerine is an innovative way to advertise on social media.\u003C/p\u003E\n\n\u003Cp\u003EAdTangerine provides free social media advertising that helps you reach your target market in a revolutionary way. Tangerines are used as an abstract currency to pay others to post your ad on their social network profiles. On the other hand, if you publish others adverts, you can earn tangerines and exchange them for cash payments made directly to your PayPal account or use the tangerines to get your advert published.\u003C/p\u003E",
 "image":
  {"available_sizes":
    [[[150,
       85],
      "http://api-images.crunchbase.com/assets/images/resized/0028/6424/286424v2-max-150x150.png"],
     [[250,
       142],
      "http://api-images.crunchbase.com/assets/images/resized/0028/6424/286424v2-max-250x250.png"],
     [[393,
       224],
      "http://api-images.crunchbase.com/assets/images/resized/0028/6424/286424v2-max-450x450.png"]],
   "attribution": null},
 "products":
  [],
 "relationships":
  [{"is_past": false,
    "title": "Co-Founder",
    "person":
     {"first_name": "Jonatas",
      "last_name": "de Paula",
      "permalink": "jonatas-de-paula"}},
   {"is_past": false,
    "title": "Co-Founder \u0026 CEO",
    "person":
     {"first_name": "Raphael",
      "last_name": "Costa",
      "permalink": "raphael-costa"}},
   {"is_past": false,
    "title": "Co-Founder",
    "person":
     {"first_name": "Tiago",
      "last_name": "Guedes",
      "permalink": "tiago-guedes"}}],
 "competitions":
  [],
 "providerships":
  [],
 "total_money_raised": "$0",
 "funding_rounds":
  [],
 "investments":
  [],
 "acquisition": null,
 "acquisitions":
  [],
 "offices":
  [{"description": "HQ",
    "address1": "196, Johannes Street",
    "address2": "Fairland",
    "zip_code": "2195",
    "city": "Johannesburg",
    "state_code": null,
    "country_code": "ZAF",
    "latitude": null,
    "longitude": null}],
 "milestones":
  [],
 "ipo": null,
 "video_embeds":
  [],
 "screenshots":
  [],
 "external_links":
  [],
 "partners":
  []}
