{"name": "Adtegrity",
 "permalink": "adtegrity",
 "crunchbase_url": "http://www.crunchbase.com/company/adtegrity",
 "homepage_url": "http://adtegrity.com",
 "blog_url": "",
 "blog_feed_url": "",
 "twitter_username": "adtegrity",
 "category_code": "advertising",
 "number_of_employees": null,
 "founded_year": 1999,
 "founded_month": null,
 "founded_day": null,
 "deadpooled_year": null,
 "deadpooled_month": null,
 "deadpooled_day": null,
 "deadpooled_url": null,
 "tag_list": "",
 "alias_list": "",
 "email_address": "support@adtegrity.com",
 "phone_number": "(616) 285-5429",
 "description": "",
 "created_at": "Mon Jul 15 23:30:00 UTC 2013",
 "updated_at": "Mon Jul 15 23:32:53 UTC 2013",
 "overview": "\u003Cp\u003EAdtegrity delivers online advertising solutions through the use of display, mobile and video ads. Our strategic relationships with top tier properties and all major inventory sources provide us with an extensive global reach.\u003C/p\u003E",
 "image":
  {"available_sizes":
    [[[150,
       42],
      "http://api-images.crunchbase.com/assets/images/resized/0028/9263/289263v1-max-150x150.jpg"],
     [[250,
       71],
      "http://api-images.crunchbase.com/assets/images/resized/0028/9263/289263v1-max-250x250.jpg"],
     [[450,
       127],
      "http://api-images.crunchbase.com/assets/images/resized/0028/9263/289263v1-max-450x450.jpg"]],
   "attribution": null},
 "products":
  [],
 "relationships":
  [],
 "competitions":
  [],
 "providerships":
  [],
 "total_money_raised": "$0",
 "funding_rounds":
  [],
 "investments":
  [],
 "acquisition": null,
 "acquisitions":
  [],
 "offices":
  [{"description": "",
    "address1": "38 Commerce SW",
    "address2": "Suite 200",
    "zip_code": "49503",
    "city": "Grand Rapids",
    "state_code": "MI",
    "country_code": "USA",
    "latitude": 42.961997,
    "longitude": -85.668855}],
 "milestones":
  [],
 "ipo": null,
 "video_embeds":
  [],
 "screenshots":
  [{"available_sizes":
     [[[150,
        95],
       "http://api-images.crunchbase.com/assets/images/resized/0028/9264/289264v1-max-150x150.png"],
      [[250,
        158],
       "http://api-images.crunchbase.com/assets/images/resized/0028/9264/289264v1-max-250x250.png"],
      [[450,
        285],
       "http://api-images.crunchbase.com/assets/images/resized/0028/9264/289264v1-max-450x450.png"]],
    "attribution": null}],
 "external_links":
  [],
 "partners":
  []}
