{"name": "AdTonik",
 "permalink": "adtonik",
 "crunchbase_url": "http://www.crunchbase.com/company/adtonik",
 "homepage_url": null,
 "blog_url": null,
 "blog_feed_url": null,
 "twitter_username": null,
 "category_code": null,
 "number_of_employees": null,
 "founded_year": null,
 "founded_month": null,
 "founded_day": null,
 "deadpooled_year": null,
 "deadpooled_month": null,
 "deadpooled_day": null,
 "deadpooled_url": null,
 "tag_list": "",
 "alias_list": null,
 "email_address": null,
 "phone_number": null,
 "description": null,
 "created_at": "Wed Jul 24 04:46:09 UTC 2013",
 "updated_at": "Fri Jan 10 10:00:22 UTC 2014",
 "overview": "\u003Cp\u003EAdTonik is a TV Audience Platform for Mobile. Advertisers \u0026amp; TV Networks deliver targeted mobile ads to TV viewers in conjunction with TV. \u003C/p\u003E",
 "image":
  {"available_sizes":
    [[[150,
       36],
      "http://api-images.crunchbase.com/assets/images/resized/0039/1036/391036v4-max-150x150.png"],
     [[250,
       61],
      "http://api-images.crunchbase.com/assets/images/resized/0039/1036/391036v4-max-250x250.png"],
     [[311,
       76],
      "http://api-images.crunchbase.com/assets/images/resized/0039/1036/391036v4-max-450x450.png"]],
   "attribution": null},
 "products":
  [],
 "relationships":
  [{"is_past": false,
    "title": "Co-Founder \u0026 CTO",
    "person":
     {"first_name": "Marshall",
      "last_name": "Beddoe",
      "permalink": "marshall-beddoe"}},
   {"is_past": false,
    "title": "Founder \u0026 CEO",
    "person":
     {"first_name": "Michael",
      "last_name": "Masters",
      "permalink": "michael-masters"}},
   {"is_past": false,
    "title": "Chief Data Scientist",
    "person":
     {"first_name": "Peter",
      "last_name": "Hauck",
      "permalink": "peter-hauck"}},
   {"is_past": false,
    "title": "Advisor",
    "person":
     {"first_name": "Taz",
      "last_name": "Patel",
      "permalink": "taz-patel"}}],
 "competitions":
  [],
 "providerships":
  [],
 "total_money_raised": "$500k",
 "funding_rounds":
  [{"id": 60583,
    "round_code": "angel",
    "source_url": "",
    "source_description": "",
    "raised_amount": 500000.0,
    "raised_currency_code": "USD",
    "funded_year": 2011,
    "funded_month": 10,
    "funded_day": null,
    "investments":
     []}],
 "investments":
  [],
 "acquisition": null,
 "acquisitions":
  [],
 "offices":
  [{"description": "Headquarters",
    "address1": "1355 Market Street",
    "address2": "#488",
    "zip_code": "94103",
    "city": "San Francisco",
    "state_code": "CA",
    "country_code": "USA",
    "latitude": null,
    "longitude": null},
   {"description": "New York Sales Office",
    "address1": "259 Elizabeth Street",
    "address2": "4C",
    "zip_code": "10012",
    "city": "New York",
    "state_code": "NY",
    "country_code": "USA",
    "latitude": null,
    "longitude": null}],
 "milestones":
  [{"id": 45351,
    "description": "Partnered with Airwave OMD on Alpha campaigns for HTC, VISA, and Hilton",
    "stoned_year": 2013,
    "stoned_month": 5,
    "stoned_day": null,
    "source_url": "",
    "source_text": null,
    "source_description": "",
    "stoneable_type": "Company",
    "stoned_value": null,
    "stoned_value_type": null,
    "stoned_acquirer": null,
    "stoneable":
     {"name": "AdTonik",
      "permalink": "adtonik"}},
   {"id": 45352,
    "description": "Announced partnership with Time Warner Cable ",
    "stoned_year": 2013,
    "stoned_month": 11,
    "stoned_day": null,
    "source_url": "http://www.beet.tv/tag/adtonik",
    "source_text": null,
    "source_description": "Beet.TV: Mobile Platform AdTonik to Work with Time Warner on Cross-Screen",
    "stoneable_type": "Company",
    "stoned_value": null,
    "stoned_value_type": null,
    "stoned_acquirer": null,
    "stoneable":
     {"name": "AdTonik",
      "permalink": "adtonik"}}],
 "ipo": null,
 "video_embeds":
  [],
 "screenshots":
  [{"available_sizes":
     [[[150,
        75],
       "http://api-images.crunchbase.com/assets/images/resized/0039/1632/391632v2-max-150x150.png"],
      [[250,
        125],
       "http://api-images.crunchbase.com/assets/images/resized/0039/1632/391632v2-max-250x250.png"],
      [[450,
        225],
       "http://api-images.crunchbase.com/assets/images/resized/0039/1632/391632v2-max-450x450.png"]],
    "attribution": null},
   {"available_sizes":
     [[[150,
        77],
       "http://api-images.crunchbase.com/assets/images/resized/0039/1633/391633v2-max-150x150.png"],
      [[250,
        128],
       "http://api-images.crunchbase.com/assets/images/resized/0039/1633/391633v2-max-250x250.png"],
      [[450,
        231],
       "http://api-images.crunchbase.com/assets/images/resized/0039/1633/391633v2-max-450x450.png"]],
    "attribution": null},
   {"available_sizes":
     [[[150,
        76],
       "http://api-images.crunchbase.com/assets/images/resized/0039/1634/391634v2-max-150x150.png"],
      [[250,
        127],
       "http://api-images.crunchbase.com/assets/images/resized/0039/1634/391634v2-max-250x250.png"],
      [[450,
        230],
       "http://api-images.crunchbase.com/assets/images/resized/0039/1634/391634v2-max-450x450.png"]],
    "attribution": null}],
 "external_links":
  [],
 "partners":
  []}
