{"name": "Advanced Tactile Imaging, Inc.",
 "permalink": "advanced-tactile-imaging-inc",
 "crunchbase_url": "http://www.crunchbase.com/company/advanced-tactile-imaging-inc",
 "homepage_url": null,
 "blog_url": null,
 "blog_feed_url": null,
 "twitter_username": null,
 "category_code": null,
 "number_of_employees": null,
 "founded_year": null,
 "founded_month": null,
 "founded_day": null,
 "deadpooled_year": null,
 "deadpooled_month": null,
 "deadpooled_day": null,
 "deadpooled_url": null,
 "tag_list": "tactile-imaging-vaginal",
 "alias_list": null,
 "email_address": null,
 "phone_number": null,
 "description": null,
 "created_at": "Sun Jul 14 18:32:15 UTC 2013",
 "updated_at": "Thu Sep 19 23:41:52 UTC 2013",
 "overview": "\u003Cp\u003EAdvanced Tactile Imaging is engaged in the business of developing and marketing innovative products for imaging of tissue elasticity which is highly sensitive to changes of physiological and pathological conditions.\u003C/p\u003E\n\n\u003Cp\u003EOur initial patented product, Vaginal Tactile Imager, enables imaging and delivers essential information about the vagina and pelvic floor support structures. \u003C/p\u003E\n\n\u003Cp\u003EWe target product launch in 82 countries in 2013-14.\u003C/p\u003E\n\n\u003Cp\u003EDetails at: http://www.tactile-imaging.com\u003C/p\u003E",
 "image":
  {"available_sizes":
    [[[150,
       69],
      "http://api-images.crunchbase.com/assets/images/resized/0029/3397/293397v2-max-150x150.png"],
     [[200,
       93],
      "http://api-images.crunchbase.com/assets/images/resized/0029/3397/293397v2-max-250x250.png"],
     [[200,
       93],
      "http://api-images.crunchbase.com/assets/images/resized/0029/3397/293397v2-max-450x450.png"]],
   "attribution": null},
 "products":
  [],
 "relationships":
  [{"is_past": false,
    "title": "CEO",
    "person":
     {"first_name": "Vladimir",
      "last_name": "Egorov",
      "permalink": "vladimir-egorov"}}],
 "competitions":
  [],
 "providerships":
  [],
 "total_money_raised": "$0",
 "funding_rounds":
  [],
 "investments":
  [],
 "acquisition": null,
 "acquisitions":
  [],
 "offices":
  [{"description": "",
    "address1": "1459 Lower Ferry Rd",
    "address2": "",
    "zip_code": "08618",
    "city": "Trenton",
    "state_code": "NJ",
    "country_code": "USA",
    "latitude": null,
    "longitude": null}],
 "milestones":
  [],
 "ipo": null,
 "video_embeds":
  [{"embed_code": "\u003Ciframe src=\"http://player.vimeo.com/video/65019056\" width=\"430\" height=\"242\" frameborder=\"0\" webkitAllowFullScreen mozallowfullscreen allowFullScreen\u003E\u003C/iframe\u003E \u003Cp\u003E\u003Ca href=\"http://vimeo.com/65019056\"\u003EVTI\u003C/a\u003E from \u003Ca href=\"http://vimeo.com/user7626608\"\u003ETactile Imaging\u003C/a\u003E on \u003Ca href=\"https://vimeo.com\"\u003EVimeo\u003C/a\u003E.\u003C/p\u003E",
    "description": "\u003Cp\u003EProduct Introduction\u003C/p\u003E"}],
 "screenshots":
  [],
 "external_links":
  [],
 "partners":
  []}
