{"name": "Advanced Life Wellness Institute",
 "permalink": "advanced-life-wellness-institute",
 "crunchbase_url": "http://www.crunchbase.com/company/advanced-life-wellness-institute",
 "homepage_url": "http://alwii.org",
 "blog_url": "",
 "blog_feed_url": "",
 "twitter_username": null,
 "category_code": "health",
 "number_of_employees": null,
 "founded_year": 2011,
 "founded_month": null,
 "founded_day": null,
 "deadpooled_year": null,
 "deadpooled_month": null,
 "deadpooled_day": null,
 "deadpooled_url": null,
 "tag_list": "",
 "alias_list": "",
 "email_address": "info@alwii.org",
 "phone_number": "+1 713-802-2883",
 "description": "",
 "created_at": "Mon Aug 12 13:34:14 UTC 2013",
 "updated_at": "Mon Aug 12 13:34:13 UTC 2013",
 "overview": "\u003Cp\u003EAdvanced Life Wellness Institute Inc., hereby referred to as ALWII, was founded in 2011 by Dr. Chi C. Mao. With the belief that the importance of preventive medicine has largely been neglected, Dr. Mao created ALWII to provide comprehensive wellness evaluations that are thoughtful, proactive, and visionary in addressing the physical, mental, and spiritual aspects of health.\u003C/p\u003E",
 "image":
  {"available_sizes":
    [[[150,
       150],
      "http://api-images.crunchbase.com/assets/images/resized/0030/5622/305622v1-max-150x150.jpg"],
     [[160,
       160],
      "http://api-images.crunchbase.com/assets/images/resized/0030/5622/305622v1-max-250x250.jpg"],
     [[160,
       160],
      "http://api-images.crunchbase.com/assets/images/resized/0030/5622/305622v1-max-450x450.jpg"]],
   "attribution": null},
 "products":
  [],
 "relationships":
  [{"is_past": false,
    "title": "President and CEO",
    "person":
     {"first_name": "Donald",
      "last_name": "J Henderson",
      "permalink": "donald-j-henderson"}},
   {"is_past": false,
    "title": "CAO",
    "person":
     {"first_name": "Connie",
      "last_name": "Li",
      "permalink": "connie-li"}},
   {"is_past": false,
    "title": "CFO",
    "person":
     {"first_name": "Jan",
      "last_name": "Mao",
      "permalink": "jan-mao"}}],
 "competitions":
  [],
 "providerships":
  [],
 "total_money_raised": "$167k",
 "funding_rounds":
  [{"id": 45282,
    "round_code": "seed",
    "source_url": "http://www.sec.gov/Archives/edgar/data/1552452/000155245212000001/xslFormDX01/primary_doc.xml",
    "source_description": "SEC",
    "raised_amount": 167000.0,
    "raised_currency_code": "USD",
    "funded_year": 2012,
    "funded_month": 6,
    "funded_day": 19,
    "investments":
     []}],
 "investments":
  [],
 "acquisition": null,
 "acquisitions":
  [],
 "offices":
  [{"description": "",
    "address1": "1917 Ashland Street",
    "address2": "Suite #2888",
    "zip_code": "77008",
    "city": "Houston",
    "state_code": "TX",
    "country_code": "USA",
    "latitude": null,
    "longitude": null}],
 "milestones":
  [],
 "ipo": null,
 "video_embeds":
  [],
 "screenshots":
  [{"available_sizes":
     [[[150,
        69],
       "http://api-images.crunchbase.com/assets/images/resized/0030/5621/305621v1-max-150x150.png"],
      [[250,
        115],
       "http://api-images.crunchbase.com/assets/images/resized/0030/5621/305621v1-max-250x250.png"],
      [[450,
        208],
       "http://api-images.crunchbase.com/assets/images/resized/0030/5621/305621v1-max-450x450.png"]],
    "attribution": null}],
 "external_links":
  [],
 "partners":
  []}
