{"name": "Advanced Circulatory",
 "permalink": "advanced-circulatory",
 "crunchbase_url": "http://www.crunchbase.com/company/advanced-circulatory",
 "homepage_url": "http://www.advancedcirculatory.com",
 "blog_url": "",
 "blog_feed_url": "",
 "twitter_username": null,
 "category_code": "hardware",
 "number_of_employees": null,
 "founded_year": 1997,
 "founded_month": null,
 "founded_day": null,
 "deadpooled_year": null,
 "deadpooled_month": null,
 "deadpooled_day": null,
 "deadpooled_url": null,
 "tag_list": "",
 "alias_list": "",
 "email_address": "info@AdvancedCirculatory.com",
 "phone_number": "877-737-7763",
 "description": "",
 "created_at": "Thu Aug 01 04:55:18 UTC 2013",
 "updated_at": "Thu Feb 27 10:19:56 UTC 2014",
 "overview": "\u003Cp\u003EAdvanced Circulatory was originally founded in 1997 as CPRx LLC. Rooted in years of clinical experience with patients in cardiac arrest and at high risk for cardiac arrest, the founders were frustrated by the lack of effective and readily accessible resuscitation treatment options. With over 95 percent of US patients experiencing out-of-hospital cardiac arrest never surviving to hospital discharge, the founders were committed to improving those odds.\u003C/p\u003E\n\n\u003Cp\u003EWith funding from its founders and a small group of angel investors, Advanced Circulatory began developing and marketing innovative therapies for use in increasing circulation in patient populations with states of low blood flow or perfusion, such as those suffering from sudden cardiac arrest, shock and other hypotensive conditions.\u003C/p\u003E\n\n\u003Cp\u003EIn 2002, the company\u2019s name changed to ResQSystems, and in 2003 the company incorporated and assumed the current name, Advanced Circulatory. \u003C/p\u003E",
 "image":
  {"available_sizes":
    [[[150,
       37],
      "http://api-images.crunchbase.com/assets/images/resized/0029/9899/299899v1-max-150x150.png"],
     [[250,
       62],
      "http://api-images.crunchbase.com/assets/images/resized/0029/9899/299899v1-max-250x250.png"],
     [[306,
       76],
      "http://api-images.crunchbase.com/assets/images/resized/0029/9899/299899v1-max-450x450.png"]],
   "attribution": null},
 "products":
  [],
 "relationships":
  [{"is_past": false,
    "title": "Vice-President of Sales",
    "person":
     {"first_name": "Nathan",
      "last_name": "Harris",
      "permalink": "nathan-harris"}},
   {"is_past": false,
    "title": "Vice-President of Marketing",
    "person":
     {"first_name": "Liz",
      "last_name": "Groover",
      "permalink": "liz-groover"}},
   {"is_past": false,
    "title": "Director of Clinical Marketing",
    "person":
     {"first_name": "Terry",
      "last_name": "Provo",
      "permalink": "terry-provo"}},
   {"is_past": true,
    "title": "Senior Management",
    "person":
     {"first_name": "Cindy",
      "last_name": "M. Setum",
      "permalink": "cindy-m-setum"}}],
 "competitions":
  [],
 "providerships":
  [],
 "total_money_raised": "$2.81M",
 "funding_rounds":
  [{"id": 44348,
    "round_code": "seed",
    "source_url": "http://www.bizjournals.com/twincities/blog/in_private/2013/07/med-tech-firm-lands-2m-in-financing.html",
    "source_description": "Med-tech firm lands $2M in financing for cardiac arrest device",
    "raised_amount": 2000000.0,
    "raised_currency_code": "USD",
    "funded_year": 2013,
    "funded_month": 7,
    "funded_day": 31,
    "investments":
     []},
   {"id": 66711,
    "round_code": "unattributed",
    "source_url": "http://www.sec.gov/Archives/edgar/data/1274513/000127451309000003/xslFormDX01/primary_doc.xml",
    "source_description": "SEC",
    "raised_amount": 807000.0,
    "raised_currency_code": "USD",
    "funded_year": 2009,
    "funded_month": 8,
    "funded_day": 12,
    "investments":
     []}],
 "investments":
  [],
 "acquisition": null,
 "acquisitions":
  [],
 "offices":
  [{"description": "",
    "address1": "1905 County Road C West",
    "address2": "",
    "zip_code": "55113",
    "city": "Roseville",
    "state_code": "MN",
    "country_code": "USA",
    "latitude": null,
    "longitude": null}],
 "milestones":
  [],
 "ipo": null,
 "video_embeds":
  [],
 "screenshots":
  [{"available_sizes":
     [[[150,
        91],
       "http://api-images.crunchbase.com/assets/images/resized/0029/9898/299898v1-max-150x150.png"],
      [[250,
        152],
       "http://api-images.crunchbase.com/assets/images/resized/0029/9898/299898v1-max-250x250.png"],
      [[450,
        274],
       "http://api-images.crunchbase.com/assets/images/resized/0029/9898/299898v1-max-450x450.png"]],
    "attribution": null}],
 "external_links":
  [],
 "partners":
  []}
