{"name": "Advanced Seismic Technologies",
 "permalink": "advanced-seismic-technologies",
 "crunchbase_url": "http://www.crunchbase.com/company/advanced-seismic-technologies",
 "homepage_url": "http://advancedseismic.com",
 "blog_url": "",
 "blog_feed_url": "",
 "twitter_username": "advancedseismic",
 "category_code": "software",
 "number_of_employees": null,
 "founded_year": 2012,
 "founded_month": null,
 "founded_day": null,
 "deadpooled_year": null,
 "deadpooled_month": null,
 "deadpooled_day": null,
 "deadpooled_url": null,
 "tag_list": "",
 "alias_list": "",
 "email_address": "John@advancedseismic.com",
 "phone_number": " 832.544.7305 ",
 "description": "",
 "created_at": "Thu Jul 18 13:36:16 UTC 2013",
 "updated_at": "Wed Mar 05 12:13:11 UTC 2014",
 "overview": "\u003Cp\u003EAdvanced Seismic Technologies, Inc. develops seismic processing and imaging software. Additionally, it owns and operates an online platform for cloud software integration. The company was incorporated in 2012 and is based in Stafford, Texas.\u003C/p\u003E",
 "image":
  {"available_sizes":
    [[[150,
       30],
      "http://api-images.crunchbase.com/assets/images/resized/0029/1701/291701v1-max-150x150.png"],
     [[220,
       44],
      "http://api-images.crunchbase.com/assets/images/resized/0029/1701/291701v1-max-250x250.png"],
     [[220,
       44],
      "http://api-images.crunchbase.com/assets/images/resized/0029/1701/291701v1-max-450x450.png"]],
   "attribution": null},
 "products":
  [],
 "relationships":
  [{"is_past": false,
    "title": "Chief Executive Officer and Secretary",
    "person":
     {"first_name": "John",
      "last_name": "D. Almon",
      "permalink": "john-d-almon"}}],
 "competitions":
  [],
 "providerships":
  [],
 "total_money_raised": "$425k",
 "funding_rounds":
  [{"id": 43064,
    "round_code": "debt_round",
    "source_url": "http://www.sec.gov/Archives/edgar/data/1559285/000155928512000001/xslFormDX01/primary_doc.xml",
    "source_description": "SEC",
    "raised_amount": 424999.0,
    "raised_currency_code": "USD",
    "funded_year": 2012,
    "funded_month": 10,
    "funded_day": 2,
    "investments":
     []},
   {"id": 67862,
    "round_code": "seed",
    "source_url": "http://tech.co/demo-day-surge-accelerator-houston-launches-energy-startups-2012-05",
    "source_description": "Demo Day: Surge Accelerator in Houston Launches 10 Energy Startups",
    "raised_amount": null,
    "raised_currency_code": "USD",
    "funded_year": 2012,
    "funded_month": 5,
    "funded_day": 24,
    "investments":
     [{"company": null,
       "financial_org":
        {"name": "SURGE",
         "permalink": "surge-accelerator"},
       "person": null}]}],
 "investments":
  [],
 "acquisition": null,
 "acquisitions":
  [],
 "offices":
  [{"description": "",
    "address1": "12603 Southwest Freeway",
    "address2": "",
    "zip_code": "77477",
    "city": "Stafford",
    "state_code": "TX",
    "country_code": "USA",
    "latitude": null,
    "longitude": null}],
 "milestones":
  [],
 "ipo": null,
 "video_embeds":
  [],
 "screenshots":
  [{"available_sizes":
     [[[150,
        69],
       "http://api-images.crunchbase.com/assets/images/resized/0029/1700/291700v1-max-150x150.png"],
      [[250,
        115],
       "http://api-images.crunchbase.com/assets/images/resized/0029/1700/291700v1-max-250x250.png"],
      [[450,
        208],
       "http://api-images.crunchbase.com/assets/images/resized/0029/1700/291700v1-max-450x450.png"]],
    "attribution": null}],
 "external_links":
  [],
 "partners":
  []}
