{"name": "Advantage Business Media",
 "permalink": "advantage-business-media",
 "crunchbase_url": "http://www.crunchbase.com/company/advantage-business-media",
 "homepage_url": null,
 "blog_url": null,
 "blog_feed_url": null,
 "twitter_username": null,
 "category_code": null,
 "number_of_employees": null,
 "founded_year": null,
 "founded_month": null,
 "founded_day": null,
 "deadpooled_year": null,
 "deadpooled_month": null,
 "deadpooled_day": null,
 "deadpooled_url": null,
 "tag_list": "video, lead-generation, b2b, advertising, email",
 "alias_list": null,
 "email_address": null,
 "phone_number": null,
 "description": null,
 "created_at": "Fri Aug 02 23:54:26 UTC 2013",
 "updated_at": "Fri Nov 22 03:18:20 UTC 2013",
 "overview": "\u003Cp\u003EAdvantage Business Media helps more than one million innovators at science, design engineering, and manufacturing companies discover and procure new technologies that give them a competitive advantage. Our marketing solutions introduce products from more than 2,000 customers to our loyal readership through our digital media offerings, magazines, and conferences. At Advantage, our passion is technology, and we love introducing new products to buyers. \u003C/p\u003E\n\n\u003Cp\u003EAdvantage Business Media (ABM) was formed in 2006 when the current management team partnered with Catalyst Investors to acquire Reed Business Information\u0026#8217;s New Product Division, based in Rockaway, NJ. The company is led by Theresa Freeburg, who has a 29-year career in business-to-business media.\u003C/p\u003E",
 "image": null,
 "products":
  [],
 "relationships":
  [{"is_past": false,
    "title": "CMO / CDO",
    "person":
     {"first_name": "Prescott",
      "last_name": "Shibles",
      "permalink": "prescott-shibles"}},
   {"is_past": true,
    "title": "Board Director \u0026 Board Chairman",
    "person":
     {"first_name": "Ryan",
      "last_name": "McNally",
      "permalink": "ryan-mcnally"}},
   {"is_past": true,
    "title": "Board Member",
    "person":
     {"first_name": "Jonathan",
      "last_name": "Ewert",
      "permalink": "jonathan-ewert"}}],
 "competitions":
  [],
 "providerships":
  [],
 "total_money_raised": "$0",
 "funding_rounds":
  [],
 "investments":
  [],
 "acquisition": null,
 "acquisitions":
  [],
 "offices":
  [{"description": "Headquarters",
    "address1": "100 Enterprise Dr.",
    "address2": "Suite 600",
    "zip_code": "07930",
    "city": "Rockaway",
    "state_code": "NJ",
    "country_code": "USA",
    "latitude": null,
    "longitude": null}],
 "milestones":
  [],
 "ipo": null,
 "video_embeds":
  [{"embed_code": "\u003Cobject id=\"flashObj\" width=\"460\" height=\"260\" classid=\"clsid:D27CDB6E-AE6D-11cf-96B8-444553540000\" codebase=\"http://download.macromedia.com/pub/shockwave/cabs/flash/swflash.cab#version=9,0,47,0\"\u003E\u003Cparam name=\"movie\" value=\"http://c.brightcove.com/services/viewer/federated_f9?isVid=1\u0026isUI=1\" /\u003E\u003Cparam name=\"bgcolor\" value=\"#FFFFFF\" /\u003E\u003Cparam name=\"flashVars\" value=\"videoId=2396214220001\u0026playerID=621696060001\u0026playerKey=AQ~~,AAAAkAlg2qk~,4Dy7ur007yAYAvF1DWMNvr711IA7eL4V\u0026domain=embed\u0026dynamicStreaming=true\" /\u003E\u003Cparam name=\"base\" value=\"http://admin.brightcove.com\" /\u003E\u003Cparam name=\"seamlesstabbing\" value=\"false\" /\u003E\u003Cparam name=\"allowFullScreen\" value=\"true\" /\u003E\u003Cparam name=\"swLiveConnect\" value=\"true\" /\u003E\u003Cparam name=\"allowScriptAccess\" value=\"always\" /\u003E\u003Cembed src=\"http://c.brightcove.com/services/viewer/federated_f9?isVid=1\u0026isUI=1\" bgcolor=\"#FFFFFF\" flashVars=\"videoId=2396214220001\u0026playerID=621696060001\u0026playerKey=AQ~~,AAAAkAlg2qk~,4Dy7ur007yAYAvF1DWMNvr711IA7eL4V\u0026domain=embed\u0026dynamicStreaming=true\" base=\"http://admin.brightcove.com\" name=\"flashObj\" width=\"480\" height=\"270\" seamlesstabbing=\"false\" type=\"application/x-shockwave-flash\" allowFullScreen=\"true\" allowScriptAccess=\"always\" swLiveConnect=\"true\" pluginspage=\"http://www.macromedia.com/shockwave/download/index.cgi?P1_Prod_Version=ShockwaveFlash\"\u003E\u003C/embed\u003E\u003C/object\u003E",
    "description": "\u003Cp\u003EVideo Creation Services\u003C/p\u003E"}],
 "screenshots":
  [],
 "external_links":
  [],
 "partners":
  []}
