{"name": "Advartis Tenerife Properties",
 "permalink": "advartis-tenerife-properties",
 "crunchbase_url": "http://www.crunchbase.com/company/advartis-tenerife-properties",
 "homepage_url": "http://www.advartis.com",
 "blog_url": "http://advartis-com.blogspot.com/",
 "blog_feed_url": "http://www.advartis.com/tenerife-property-en.rss",
 "twitter_username": "advartis_com",
 "category_code": "real_estate",
 "number_of_employees": 5,
 "founded_year": 2002,
 "founded_month": 2,
 "founded_day": 1,
 "deadpooled_year": null,
 "deadpooled_month": null,
 "deadpooled_day": null,
 "deadpooled_url": null,
 "tag_list": "advartis-tenerife-properties, tenerife, real-estate, canarias, spain, villa, apartment, sale, advartis",
 "alias_list": null,
 "email_address": "fb@advartis.com",
 "phone_number": "+7 929 970 7470",
 "description": "Homes and properties in Tenerife",
 "created_at": "Wed Jul 24 20:49:31 UTC 2013",
 "updated_at": "Wed Jul 24 21:09:17 UTC 2013",
 "overview": "\u003Cp\u003EAdvartis Tenerife Properties offers vast range of properties in Tenerife, from small apartments, to penthouse apartments on upmarket complexes to luxury spanish villas. Our team are experienced and have the local knowledge and expertise to assist you with the sale or purchase of your next Tenerife property.\u003C/p\u003E",
 "image":
  {"available_sizes":
    [[[150,
       50],
      "http://api-images.crunchbase.com/assets/images/resized/0029/5831/295831v2-max-150x150.jpg"],
     [[198,
       67],
      "http://api-images.crunchbase.com/assets/images/resized/0029/5831/295831v2-max-250x250.jpg"],
     [[198,
       67],
      "http://api-images.crunchbase.com/assets/images/resized/0029/5831/295831v2-max-450x450.jpg"]],
   "attribution": null},
 "products":
  [],
 "relationships":
  [],
 "competitions":
  [],
 "providerships":
  [],
 "total_money_raised": "$0",
 "funding_rounds":
  [],
 "investments":
  [],
 "acquisition": null,
 "acquisitions":
  [],
 "offices":
  [{"description": "Tenerife Office",
    "address1": "Av. Juan Carlos I, Edif. Valdes Center",
    "address2": "",
    "zip_code": "38650",
    "city": "Arona",
    "state_code": null,
    "country_code": "ESP",
    "latitude": null,
    "longitude": null}],
 "milestones":
  [],
 "ipo": null,
 "video_embeds":
  [],
 "screenshots":
  [{"available_sizes":
     [[[150,
        132],
       "http://api-images.crunchbase.com/assets/images/resized/0029/5839/295839v2-max-150x150.jpg"],
      [[250,
        220],
       "http://api-images.crunchbase.com/assets/images/resized/0029/5839/295839v2-max-250x250.jpg"],
      [[450,
        396],
       "http://api-images.crunchbase.com/assets/images/resized/0029/5839/295839v2-max-450x450.jpg"]],
    "attribution": null}],
 "external_links":
  [{"external_url": "http://www.facebook.com/pages/Advartis-Tenerife-Property/496594320380836",
    "title": "Advartis Tenerife Properties page in Facebook"},
   {"external_url": "https://plus.google.com/108371404201042685381?prsrc=3",
    "title": "Advartis Tenerife Properties page in Google+"},
   {"external_url": "https://twitter.com/advartis_com",
    "title": "Advartis Tenerife Properties page in Twitter"},
   {"external_url": "http://www.linkedin.com/company/advartis-tenerife-properties",
    "title": "Advartis Tenerife Properties page in LinkedIn"},
   {"external_url": "http://www.europages.co.uk/ADVARTIS-TENERIFE-PROPERTY/00000003878387-173198001.html",
    "title": "Advartis Tenerife Properties page in Europages"}],
 "partners":
  []}
