{"name": "Advanced Decision Systems",
 "permalink": "advanced-decision-systems",
 "crunchbase_url": "http://www.crunchbase.com/company/advanced-decision-systems",
 "homepage_url": null,
 "blog_url": null,
 "blog_feed_url": null,
 "twitter_username": null,
 "category_code": null,
 "number_of_employees": null,
 "founded_year": null,
 "founded_month": null,
 "founded_day": null,
 "deadpooled_year": null,
 "deadpooled_month": null,
 "deadpooled_day": null,
 "deadpooled_url": null,
 "tag_list": null,
 "alias_list": null,
 "email_address": null,
 "phone_number": null,
 "description": null,
 "created_at": "Tue Jul 30 00:15:29 UTC 2013",
 "updated_at": "Tue Jul 30 00:15:29 UTC 2013",
 "overview": null,
 "image": null,
 "products":
  [],
 "relationships":
  [{"is_past": true,
    "title": "Development \u0026 Business Manager",
    "person":
     {"first_name": "Tom",
      "last_name": "Miltonberger",
      "permalink": "tom-miltonberger"}},
   {"is_past": true,
    "title": "Computer Scientist",
    "person":
     {"first_name": "Andrew",
      "last_name": "Neuschatz",
      "permalink": "andy-neuschatz"}}],
 "competitions":
  [],
 "providerships":
  [],
 "total_money_raised": "$0",
 "funding_rounds":
  [],
 "investments":
  [],
 "acquisition": null,
 "acquisitions":
  [],
 "offices":
  [],
 "milestones":
  [],
 "ipo": null,
 "video_embeds":
  [],
 "screenshots":
  [],
 "external_links":
  [],
 "partners":
  []}
