{"name": "Adventador",
 "permalink": "adventador",
 "crunchbase_url": "http://www.crunchbase.com/company/adventador",
 "homepage_url": "http://adventador.com",
 "blog_url": "",
 "blog_feed_url": "",
 "twitter_username": null,
 "category_code": "advertising",
 "number_of_employees": 7,
 "founded_year": 2013,
 "founded_month": 2,
 "founded_day": 10,
 "deadpooled_year": null,
 "deadpooled_month": null,
 "deadpooled_day": null,
 "deadpooled_url": null,
 "tag_list": "online, revenue, money, advertising, publishing, developers, monetization",
 "alias_list": null,
 "email_address": "john.demian@adventador.com",
 "phone_number": "40748488291",
 "description": "Online revenue solutions",
 "created_at": "Tue Jul 30 10:39:48 UTC 2013",
 "updated_at": "Tue Jul 30 23:33:18 UTC 2013",
 "overview": "\u003Cp\u003EAdventador is a online revenue solutions provider. It develops state of the art means of displaying ads without alienating the audience by over saturation, a phenomenon that has left online users immune to ads.\u003C/p\u003E",
 "image":
  {"available_sizes":
    [[[150,
       124],
      "http://api-images.crunchbase.com/assets/images/resized/0029/8707/298707v2-max-150x150.jpg"],
     [[250,
       207],
      "http://api-images.crunchbase.com/assets/images/resized/0029/8707/298707v2-max-250x250.jpg"],
     [[450,
       374],
      "http://api-images.crunchbase.com/assets/images/resized/0029/8707/298707v2-max-450x450.jpg"]],
   "attribution": null},
 "products":
  [],
 "relationships":
  [{"is_past": false,
    "title": "Founder",
    "person":
     {"first_name": "John",
      "last_name": "Demian",
      "permalink": "john-demian"}}],
 "competitions":
  [],
 "providerships":
  [],
 "total_money_raised": "$0",
 "funding_rounds":
  [],
 "investments":
  [],
 "acquisition": null,
 "acquisitions":
  [],
 "offices":
  [{"description": "Development HQ",
    "address1": "Stefan Sweig nr4",
    "address2": "",
    "zip_code": "",
    "city": "Oradea",
    "state_code": null,
    "country_code": "ROM",
    "latitude": 47.0438195,
    "longitude": 21.9460219}],
 "milestones":
  [],
 "ipo": null,
 "video_embeds":
  [],
 "screenshots":
  [],
 "external_links":
  [],
 "partners":
  []}
