{"name": "Adverway",
 "permalink": "adverway",
 "crunchbase_url": "http://www.crunchbase.com/company/adverway",
 "homepage_url": "http://www.adverway.com",
 "blog_url": "http://www.adverway.com/blog",
 "blog_feed_url": "",
 "twitter_username": "adverway",
 "category_code": "advertising",
 "number_of_employees": 3,
 "founded_year": 2012,
 "founded_month": 11,
 "founded_day": null,
 "deadpooled_year": null,
 "deadpooled_month": null,
 "deadpooled_day": null,
 "deadpooled_url": null,
 "tag_list": "advergame, advergaming, gamification, social-games, engagement, viral, marketing-online",
 "alias_list": "",
 "email_address": "info@adverway.com",
 "phone_number": "+34 673 994 690",
 "description": "Suite of  customized advergaming apps",
 "created_at": "Tue Jul 23 11:20:27 UTC 2013",
 "updated_at": "Thu Dec 12 08:21:27 UTC 2013",
 "overview": "\u003Cp\u003EAdverway it\u2019s a platform where brands can find pre-built advergames that take advantage of the huge power of Facebook\u2019s Open Graph. Each brand can fully customize its own game, setting all the details and functionality of the game and, of course, modifying all the copies and designs. The tool is super-easy to use and any community manager would be able to adapt and run a wide set of advergaming campaigns. All the advergames are designed to be used inside Facebook and this \ngrants high adoption rates and makes terrible easy to share them with friends. \u003C/p\u003E\n\n\u003Cp\u003EThe result is a branded advergame that can be used for promotions or for general branding purposes, decreasing x10 the amount of money invested by the advertisers in this kind of actions.\u003C/p\u003E",
 "image":
  {"available_sizes":
    [[[150,
       100],
      "http://api-images.crunchbase.com/assets/images/resized/0029/4633/294633v2-max-150x150.png"],
     [[250,
       166],
      "http://api-images.crunchbase.com/assets/images/resized/0029/4633/294633v2-max-250x250.png"],
     [[450,
       300],
      "http://api-images.crunchbase.com/assets/images/resized/0029/4633/294633v2-max-450x450.png"]],
   "attribution": null},
 "products":
  [],
 "relationships":
  [],
 "competitions":
  [],
 "providerships":
  [],
 "total_money_raised": "$0",
 "funding_rounds":
  [],
 "investments":
  [],
 "acquisition": null,
 "acquisitions":
  [],
 "offices":
  [{"description": "World Headquarters",
    "address1": "Carrer \u00c0laba 61, 5-2",
    "address2": "",
    "zip_code": "08005",
    "city": "BARCELONA",
    "state_code": null,
    "country_code": "ESP",
    "latitude": null,
    "longitude": null}],
 "milestones":
  [],
 "ipo": null,
 "video_embeds":
  [],
 "screenshots":
  [{"available_sizes":
     [[[150,
        124],
       "http://api-images.crunchbase.com/assets/images/resized/0029/6396/296396v2-max-150x150.png"],
      [[250,
        206],
       "http://api-images.crunchbase.com/assets/images/resized/0029/6396/296396v2-max-250x250.png"],
      [[450,
        372],
       "http://api-images.crunchbase.com/assets/images/resized/0029/6396/296396v2-max-450x450.png"]],
    "attribution": null}],
 "external_links":
  [],
 "partners":
  []}
