{"name": "Adviqo",
 "permalink": "adviqo",
 "crunchbase_url": "http://www.crunchbase.com/company/adviqo",
 "homepage_url": "http://www.adviqo.com",
 "blog_url": "",
 "blog_feed_url": "",
 "twitter_username": null,
 "category_code": "web",
 "number_of_employees": 350,
 "founded_year": 2000,
 "founded_month": 4,
 "founded_day": 14,
 "deadpooled_year": null,
 "deadpooled_month": null,
 "deadpooled_day": null,
 "deadpooled_url": null,
 "tag_list": "",
 "alias_list": null,
 "email_address": "",
 "phone_number": "",
 "description": "international media holding",
 "created_at": "Fri Jul 12 14:57:13 UTC 2013",
 "updated_at": "Mon Jan 13 01:24:36 UTC 2014",
 "overview": "\u003Cp\u003EADVQ, founded in 2000 and headquartered in Berlin/Germany, is a diversified media group with multiple online and offline properties directed towards female audiences.\nIt is the world market leader in live counseling services in the areas of life advice, therapeutic counseling and coaching advice. With over 350 employees and offices in 5 countries (Germany, UK, France, Spain, Poland) the company is operating TV channels,\nonline marketplaces and eCommerce sites as well as mobile applications. The company is an exclusive advice content partner for leading women magazines such as\nBild, Bild der Frau, IN Star\u0026amp;Style but also large online portals such  as GMX, T-Online and Freenet.\nWith a top management team with backgrounds from BigPoint, HomeAway.com, BWin.com, Axel Springer, T-Online and backed by renowned investors like \nWellington Partners, AGF and the European Founders Fund \u2013 the company has enjoyed high double digit $M revenues and high profitability.\u003C/p\u003E",
 "image":
  {"available_sizes":
    [[[150,
       18],
      "http://api-images.crunchbase.com/assets/images/resized/0038/1720/381720v2-max-150x150.png"],
     [[250,
       31],
      "http://api-images.crunchbase.com/assets/images/resized/0038/1720/381720v2-max-250x250.png"],
     [[450,
       56],
      "http://api-images.crunchbase.com/assets/images/resized/0038/1720/381720v2-max-450x450.png"]],
   "attribution": null},
 "products":
  [],
 "relationships":
  [{"is_past": false,
    "title": "CEO",
    "person":
     {"first_name": "Miro",
      "last_name": "Morczinek",
      "permalink": "miro-morczinek"}},
   {"is_past": false,
    "title": "CTO",
    "person":
     {"first_name": "Tim",
      "last_name": "Weickert",
      "permalink": "tim-weickert"}},
   {"is_past": false,
    "title": "CFO",
    "person":
     {"first_name": "Klaus",
      "last_name": "Lechner",
      "permalink": "klaus-lechner"}},
   {"is_past": true,
    "title": "Head of Supervisory Board",
    "person":
     {"first_name": "Sylvius",
      "last_name": "Bardt",
      "permalink": "sylvius-bardt"}}],
 "competitions":
  [{"competitor":
     {"name": "auFeminin.com",
      "permalink": "aufeminin-com"}},
   {"competitor":
     {"name": "iVillage",
      "permalink": "ivillage"}},
   {"competitor":
     {"name": "Udemy",
      "permalink": "udemy"}}],
 "providerships":
  [],
 "total_money_raised": "$0",
 "funding_rounds":
  [{"id": 59036,
    "round_code": "d",
    "source_url": "http://www.wellington-partners.com",
    "source_description": "",
    "raised_amount": null,
    "raised_currency_code": "USD",
    "funded_year": 2007,
    "funded_month": 6,
    "funded_day": 1,
    "investments":
     [{"company": null,
       "financial_org":
        {"name": "Wellington Partners",
         "permalink": "wellington-partners"},
       "person": null},
      {"company": null,
       "financial_org":
        {"name": "AGF Investments",
         "permalink": "agf-investments"},
       "person": null},
      {"company": null,
       "financial_org":
        {"name": "EXTOREL Management",
         "permalink": "extorel-management"},
       "person": null}]}],
 "investments":
  [],
 "acquisition": null,
 "acquisitions":
  [{"price_amount": null,
    "price_currency_code": "USD",
    "term_code": "cash_and_stock",
    "source_url": "",
    "source_description": "company",
    "acquired_year": 2010,
    "acquired_month": 10,
    "acquired_day": 1,
    "company":
     {"name": "Viversum",
      "permalink": "viversum"}},
   {"price_amount": null,
    "price_currency_code": "USD",
    "term_code": "cash_and_stock",
    "source_url": "",
    "source_description": "company",
    "acquired_year": 2008,
    "acquired_month": 1,
    "acquired_day": 1,
    "company":
     {"name": "Livestream",
      "permalink": "livestream"}},
   {"price_amount": null,
    "price_currency_code": "USD",
    "term_code": "cash_and_stock",
    "source_url": "",
    "source_description": "",
    "acquired_year": 2011,
    "acquired_month": 7,
    "acquired_day": 1,
    "company":
     {"name": "Telelinea",
      "permalink": "telelinea"}}],
 "offices":
  [{"description": "International Headquarter",
    "address1": "Adviqo AG",
    "address2": "Zimmerstr. 68",
    "zip_code": "10117",
    "city": "Berlin",
    "state_code": null,
    "country_code": "DEU",
    "latitude": null,
    "longitude": null},
   {"description": "Adviqo UK",
    "address1": "",
    "address2": "",
    "zip_code": "",
    "city": "London",
    "state_code": null,
    "country_code": "GBR",
    "latitude": null,
    "longitude": null},
   {"description": "Adviqo France",
    "address1": "",
    "address2": "",
    "zip_code": "",
    "city": "Paris",
    "state_code": null,
    "country_code": "FRA",
    "latitude": null,
    "longitude": null},
   {"description": "Adviqo Spain",
    "address1": "",
    "address2": "",
    "zip_code": "",
    "city": "Madrid",
    "state_code": null,
    "country_code": "ESP",
    "latitude": null,
    "longitude": null},
   {"description": "Adviqo Viversum",
    "address1": "",
    "address2": "",
    "zip_code": "",
    "city": "Nuremberg",
    "state_code": null,
    "country_code": "DEU",
    "latitude": null,
    "longitude": null},
   {"description": "Adviqo Poland",
    "address1": "",
    "address2": "",
    "zip_code": "",
    "city": "Stettin",
    "state_code": null,
    "country_code": "POL",
    "latitude": null,
    "longitude": null}],
 "milestones":
  [],
 "ipo": null,
 "video_embeds":
  [],
 "screenshots":
  [],
 "external_links":
  [],
 "partners":
  []}
