{"name": "Aentos",
 "permalink": "aentos",
 "crunchbase_url": "http://www.crunchbase.com/company/aentos",
 "homepage_url": null,
 "blog_url": null,
 "blog_feed_url": null,
 "twitter_username": null,
 "category_code": null,
 "number_of_employees": null,
 "founded_year": null,
 "founded_month": null,
 "founded_day": null,
 "deadpooled_year": null,
 "deadpooled_month": null,
 "deadpooled_day": null,
 "deadpooled_url": null,
 "tag_list": "apps, mobile, web",
 "alias_list": null,
 "email_address": null,
 "phone_number": null,
 "description": null,
 "created_at": "Tue Jul 30 17:29:44 UTC 2013",
 "updated_at": "Fri Jan 10 09:35:01 UTC 2014",
 "overview": "\u003Cp\u003EAentos is an agile web consultancy based in the sunny Canary Islands that makes clients from all over the world happy. They build web and mobile products by leveraging the most essential features and focusing on providing the best user experience possible. They also offer training to individuals and organizations who want to acquire such technical skills.\u003C/p\u003E",
 "image":
  {"available_sizes":
    [[[150,
       150],
      "http://api-images.crunchbase.com/assets/images/resized/0039/2028/392028v1-max-150x150.jpg"],
     [[225,
       225],
      "http://api-images.crunchbase.com/assets/images/resized/0039/2028/392028v1-max-250x250.jpg"],
     [[225,
       225],
      "http://api-images.crunchbase.com/assets/images/resized/0039/2028/392028v1-max-450x450.jpg"]],
   "attribution": null},
 "products":
  [],
 "relationships":
  [{"is_past": false,
    "title": "Co-founder",
    "person":
     {"first_name": "Alberto",
      "last_name": "Perdomo",
      "permalink": "alberto-perdomo"}},
   {"is_past": false,
    "title": "Co-founder",
    "person":
     {"first_name": "Juanjo",
      "last_name": "Andres",
      "permalink": "juanjo-andres"}}],
 "competitions":
  [],
 "providerships":
  [],
 "total_money_raised": "$0",
 "funding_rounds":
  [],
 "investments":
  [],
 "acquisition": null,
 "acquisitions":
  [],
 "offices":
  [{"description": "",
    "address1": "Canarias",
    "address2": "",
    "zip_code": "35017",
    "city": "",
    "state_code": null,
    "country_code": "ESP",
    "latitude": null,
    "longitude": null}],
 "milestones":
  [],
 "ipo": null,
 "video_embeds":
  [],
 "screenshots":
  [{"available_sizes":
     [[[150,
        96],
       "http://api-images.crunchbase.com/assets/images/resized/0039/2031/392031v1-max-150x150.png"],
      [[250,
        160],
       "http://api-images.crunchbase.com/assets/images/resized/0039/2031/392031v1-max-250x250.png"],
      [[450,
        289],
       "http://api-images.crunchbase.com/assets/images/resized/0039/2031/392031v1-max-450x450.png"]],
    "attribution": null}],
 "external_links":
  [],
 "partners":
  []}
