{"name": "Aerin Medical",
 "permalink": "aerin-medical",
 "crunchbase_url": "http://www.crunchbase.com/company/aerin-medical",
 "homepage_url": null,
 "blog_url": "",
 "blog_feed_url": "",
 "twitter_username": null,
 "category_code": "biotech",
 "number_of_employees": null,
 "founded_year": 2011,
 "founded_month": null,
 "founded_day": null,
 "deadpooled_year": null,
 "deadpooled_month": null,
 "deadpooled_day": null,
 "deadpooled_url": null,
 "tag_list": "",
 "alias_list": "",
 "email_address": "",
 "phone_number": "650-605-3579",
 "description": "",
 "created_at": "Tue Jul 16 10:52:57 UTC 2013",
 "updated_at": "Tue Feb 18 10:07:31 UTC 2014",
 "overview": "\u003Cp\u003EAerin Medical, Inc. develops devices and procedures to improve nasal breathing. The company was incorporated in 2011 and is based in Santa Clara, California.\u003C/p\u003E",
 "image": null,
 "products":
  [],
 "relationships":
  [{"is_past": false,
    "title": "Founder",
    "person":
     {"first_name": "Scott",
      "last_name": "J. Wolf",
      "permalink": "scott-j-wolf"}}],
 "competitions":
  [],
 "providerships":
  [],
 "total_money_raised": "$775k",
 "funding_rounds":
  [{"id": 42679,
    "round_code": "partial",
    "source_url": "http://www.sec.gov/Archives/edgar/data/1536647/000153664712000001/xslFormDX01/primary_doc.xml",
    "source_description": "SEC",
    "raised_amount": 125000.0,
    "raised_currency_code": "USD",
    "funded_year": 2012,
    "funded_month": 10,
    "funded_day": 12,
    "investments":
     []},
   {"id": 48753,
    "round_code": "partial",
    "source_url": "http://www.sec.gov/Archives/edgar/data/1536647/000153664711000002/xslFormDX01/primary_doc.xml",
    "source_description": "SEC",
    "raised_amount": 125000.0,
    "raised_currency_code": "USD",
    "funded_year": 2011,
    "funded_month": 12,
    "funded_day": 12,
    "investments":
     []},
   {"id": 65061,
    "round_code": "partial",
    "source_url": "http://www.sec.gov/Archives/edgar/data/1536647/000153664714000001/xslFormDX01/primary_doc.xml",
    "source_description": "SEC",
    "raised_amount": 524998.0,
    "raised_currency_code": "USD",
    "funded_year": 2014,
    "funded_month": 2,
    "funded_day": 14,
    "investments":
     []}],
 "investments":
  [],
 "acquisition": null,
 "acquisitions":
  [],
 "offices":
  [{"description": "",
    "address1": "2953 Bunker Hill Lane  Suite 400",
    "address2": "",
    "zip_code": "95054",
    "city": "Santa Clara",
    "state_code": "CA",
    "country_code": "USA",
    "latitude": null,
    "longitude": null}],
 "milestones":
  [],
 "ipo": null,
 "video_embeds":
  [],
 "screenshots":
  [],
 "external_links":
  [],
 "partners":
  []}
