{"name": "Aesthetic \u0026 Dermatology Specialty Centre",
 "permalink": "aesthetic-dermatology-specialty-centre",
 "crunchbase_url": "http://www.crunchbase.com/company/aesthetic-dermatology-specialty-centre",
 "homepage_url": null,
 "blog_url": null,
 "blog_feed_url": null,
 "twitter_username": null,
 "category_code": null,
 "number_of_employees": null,
 "founded_year": null,
 "founded_month": null,
 "founded_day": null,
 "deadpooled_year": null,
 "deadpooled_month": null,
 "deadpooled_day": null,
 "deadpooled_url": null,
 "tag_list": null,
 "alias_list": null,
 "email_address": null,
 "phone_number": null,
 "description": null,
 "created_at": "Mon Jul 22 15:30:00 UTC 2013",
 "updated_at": "Mon Jul 22 23:21:08 UTC 2013",
 "overview": null,
 "image": null,
 "products":
  [],
 "relationships":
  [{"is_past": false,
    "title": "Owner and Founder",
    "person":
     {"first_name": "Marc E.",
      "last_name": "Yune, M.D.",
      "permalink": "marc-e-yune-m-d"}}],
 "competitions":
  [],
 "providerships":
  [],
 "total_money_raised": "$0",
 "funding_rounds":
  [],
 "investments":
  [],
 "acquisition": null,
 "acquisitions":
  [],
 "offices":
  [],
 "milestones":
  [],
 "ipo": null,
 "video_embeds":
  [],
 "screenshots":
  [],
 "external_links":
  [],
 "partners":
  []}
