{"name": "Aesthetic Facial Plastic Surgery Center",
 "permalink": "aesthetic-facial-plastic-surgery-center",
 "crunchbase_url": "http://www.crunchbase.com/company/aesthetic-facial-plastic-surgery-center",
 "homepage_url": null,
 "blog_url": null,
 "blog_feed_url": null,
 "twitter_username": null,
 "category_code": null,
 "number_of_employees": null,
 "founded_year": null,
 "founded_month": null,
 "founded_day": null,
 "deadpooled_year": null,
 "deadpooled_month": null,
 "deadpooled_day": null,
 "deadpooled_url": null,
 "tag_list": null,
 "alias_list": null,
 "email_address": null,
 "phone_number": null,
 "description": null,
 "created_at": "Mon Jul 22 19:46:29 UTC 2013",
 "updated_at": "Mon Jul 22 23:23:12 UTC 2013",
 "overview": null,
 "image": null,
 "products":
  [],
 "relationships":
  [{"is_past": false,
    "title": "Founder",
    "person":
     {"first_name": "Jonathan",
      "last_name": "Pontell, M.D., F.A.C.S.",
      "permalink": "jonathan-pontell-m-d-f-a-c-s"}}],
 "competitions":
  [],
 "providerships":
  [],
 "total_money_raised": "$0",
 "funding_rounds":
  [],
 "investments":
  [],
 "acquisition": null,
 "acquisitions":
  [],
 "offices":
  [],
 "milestones":
  [],
 "ipo": null,
 "video_embeds":
  [],
 "screenshots":
  [],
 "external_links":
  [],
 "partners":
  []}
