{"name": "Affinity.is",
 "permalink": "affinity-is",
 "crunchbase_url": "http://www.crunchbase.com/company/affinity-is",
 "homepage_url": "http://affinity.is",
 "blog_url": "",
 "blog_feed_url": "",
 "twitter_username": null,
 "category_code": "advertising",
 "number_of_employees": null,
 "founded_year": 2012,
 "founded_month": null,
 "founded_day": null,
 "deadpooled_year": null,
 "deadpooled_month": null,
 "deadpooled_day": null,
 "deadpooled_url": null,
 "tag_list": "",
 "alias_list": "",
 "email_address": "",
 "phone_number": "",
 "description": "",
 "created_at": "Fri Jul 12 04:35:31 UTC 2013",
 "updated_at": "Fri Jul 12 04:44:21 UTC 2013",
 "overview": "\u003Cp\u003EAffinity Influencing Systems: Sleek new technology that helps retailers attract more customers, by having celebrities reward those same customers for shopping there. It\u0026#8217;s like a game.\u003C/p\u003E",
 "image":
  {"available_sizes":
    [[[150,
       54],
      "http://api-images.crunchbase.com/assets/images/resized/0028/7740/287740v1-max-150x150.jpg"],
     [[175,
       64],
      "http://api-images.crunchbase.com/assets/images/resized/0028/7740/287740v1-max-250x250.jpg"],
     [[175,
       64],
      "http://api-images.crunchbase.com/assets/images/resized/0028/7740/287740v1-max-450x450.jpg"]],
   "attribution": null},
 "products":
  [],
 "relationships":
  [],
 "competitions":
  [],
 "providerships":
  [],
 "total_money_raised": "$0",
 "funding_rounds":
  [{"id": 42318,
    "round_code": "unattributed",
    "source_url": "",
    "source_description": "Founders Co-op Source",
    "raised_amount": null,
    "raised_currency_code": "USD",
    "funded_year": 2012,
    "funded_month": 8,
    "funded_day": null,
    "investments":
     [{"company": null,
       "financial_org":
        {"name": "Founder's Co-op",
         "permalink": "founders-co-op"},
       "person": null}]}],
 "investments":
  [],
 "acquisition": null,
 "acquisitions":
  [],
 "offices":
  [{"description": "",
    "address1": "",
    "address2": "",
    "zip_code": "98034",
    "city": "Kirkland",
    "state_code": "WA",
    "country_code": "USA",
    "latitude": null,
    "longitude": null}],
 "milestones":
  [],
 "ipo": null,
 "video_embeds":
  [],
 "screenshots":
  [{"available_sizes":
     [[[150,
        129],
       "http://api-images.crunchbase.com/assets/images/resized/0028/7741/287741v1-max-150x150.jpg"],
      [[250,
        216],
       "http://api-images.crunchbase.com/assets/images/resized/0028/7741/287741v1-max-250x250.jpg"],
      [[450,
        389],
       "http://api-images.crunchbase.com/assets/images/resized/0028/7741/287741v1-max-450x450.jpg"]],
    "attribution": null}],
 "external_links":
  [],
 "partners":
  []}
