{"name": "Ag9 Software",
 "permalink": "ag9-software",
 "crunchbase_url": "http://www.crunchbase.com/company/ag9-software",
 "homepage_url": "http://ag9software.com",
 "blog_url": "",
 "blog_feed_url": "",
 "twitter_username": "ag9software",
 "category_code": "software",
 "number_of_employees": null,
 "founded_year": null,
 "founded_month": null,
 "founded_day": null,
 "deadpooled_year": null,
 "deadpooled_month": null,
 "deadpooled_day": null,
 "deadpooled_url": null,
 "tag_list": "",
 "alias_list": null,
 "email_address": "sales@ag9software.com",
 "phone_number": "",
 "description": "Software Development and Consulting",
 "created_at": "Fri Aug 02 16:40:07 UTC 2013",
 "updated_at": "Fri Aug 02 22:30:58 UTC 2013",
 "overview": "",
 "image": null,
 "products":
  [],
 "relationships":
  [],
 "competitions":
  [],
 "providerships":
  [],
 "total_money_raised": "$0",
 "funding_rounds":
  [],
 "investments":
  [],
 "acquisition": null,
 "acquisitions":
  [],
 "offices":
  [{"description": "",
    "address1": "",
    "address2": "",
    "zip_code": "",
    "city": "",
    "state_code": "IL",
    "country_code": "USA",
    "latitude": null,
    "longitude": null}],
 "milestones":
  [],
 "ipo": null,
 "video_embeds":
  [],
 "screenshots":
  [],
 "external_links":
  [],
 "partners":
  []}
