{"name": "AGB Holdings",
 "permalink": "agb-holdings",
 "crunchbase_url": "http://www.crunchbase.com/company/agb-holdings",
 "homepage_url": null,
 "blog_url": null,
 "blog_feed_url": null,
 "twitter_username": null,
 "category_code": null,
 "number_of_employees": null,
 "founded_year": null,
 "founded_month": null,
 "founded_day": null,
 "deadpooled_year": null,
 "deadpooled_month": null,
 "deadpooled_day": null,
 "deadpooled_url": null,
 "tag_list": null,
 "alias_list": null,
 "email_address": null,
 "phone_number": null,
 "description": null,
 "created_at": "Wed Jul 31 16:26:20 UTC 2013",
 "updated_at": "Thu Aug 01 23:31:07 UTC 2013",
 "overview": null,
 "image": null,
 "products":
  [],
 "relationships":
  [],
 "competitions":
  [],
 "providerships":
  [],
 "total_money_raised": "$0",
 "funding_rounds":
  [],
 "investments":
  [{"funding_round":
     {"round_code": "seed",
      "source_url": "",
      "source_description": "",
      "raised_amount": 750000.0,
      "raised_currency_code": "USD",
      "funded_year": 2012,
      "funded_month": 1,
      "funded_day": 3,
      "company":
       {"name": "Bolster",
        "permalink": "bolster"}}}],
 "acquisition": null,
 "acquisitions":
  [],
 "offices":
  [],
 "milestones":
  [],
 "ipo": null,
 "video_embeds":
  [],
 "screenshots":
  [],
 "external_links":
  [],
 "partners":
  []}
