{"name": "Agero",
 "permalink": "agero",
 "crunchbase_url": "http://www.crunchbase.com/company/agero",
 "homepage_url": "http://agero.com",
 "blog_url": "",
 "blog_feed_url": "",
 "twitter_username": null,
 "category_code": "ecommerce",
 "number_of_employees": null,
 "founded_year": 1972,
 "founded_month": null,
 "founded_day": null,
 "deadpooled_year": null,
 "deadpooled_month": null,
 "deadpooled_day": null,
 "deadpooled_url": null,
 "tag_list": null,
 "alias_list": "",
 "email_address": "",
 "phone_number": "781-395-6706",
 "description": "",
 "created_at": "Sun Jul 07 13:59:59 UTC 2013",
 "updated_at": "Fri Aug 16 03:31:37 UTC 2013",
 "overview": "\u003Cp\u003EAgero is the innovative industry leader in the combined roadside assistance, connected vehicle services, and claims management market. For almost 40 years, we\u2019ve provided vehicle manufacturers and insurance carriers with privately labeled state-of-the-art roadside assistance plans, turn-key connected vehicle services, and efficient claims management solutions. Our award-winning service helps\nmotorists in their time of need while building customer loyalty for our clients, which include 100 corporate entities and their 75 million customers.\u003C/p\u003E",
 "image":
  {"available_sizes":
    [[[150,
       60],
      "http://api-images.crunchbase.com/assets/images/resized/0030/8078/308078v1-max-150x150.jpg"],
     [[250,
       101],
      "http://api-images.crunchbase.com/assets/images/resized/0030/8078/308078v1-max-250x250.jpg"],
     [[291,
       118],
      "http://api-images.crunchbase.com/assets/images/resized/0030/8078/308078v1-max-450x450.jpg"]],
   "attribution": null},
 "products":
  [],
 "relationships":
  [{"is_past": false,
    "title": "CEO",
    "person":
     {"first_name": "Dave",
      "last_name": "Ferrick",
      "permalink": "dave-ferrick"}},
   {"is_past": false,
    "title": "Senior Vice President \u0026 CIO",
    "person":
     {"first_name": "Mark",
      "last_name": "Carbrey",
      "permalink": "mark-carbrey"}},
   {"is_past": false,
    "title": "Executive Vice President and Chief Financial and Administrative Officer",
    "person":
     {"first_name": "Peggy",
      "last_name": "Ward",
      "permalink": "peggy-ward"}},
   {"is_past": false,
    "title": "Senior Vice President of Strategy",
    "person":
     {"first_name": "Jeffrey",
      "last_name": "Blecher",
      "permalink": "jeffrey-blecher"}},
   {"is_past": false,
    "title": "Senior Advisor",
    "person":
     {"first_name": "Michael",
      "last_name": "A. Saxton",
      "permalink": "michael-a-saxton"}},
   {"is_past": true,
    "title": "EVP, Marketing, Strategy and Product Innovation",
    "person":
     {"first_name": "Amy",
      "last_name": "Villeneuve",
      "permalink": "amy-villeneuve"}},
   {"is_past": true,
    "title": "Sr. Eng",
    "person":
     {"first_name": "Farshid",
      "last_name": "Alizadeh",
      "permalink": "farshid-alizadeh"}},
   {"is_past": true,
    "title": "Director of Operations",
    "person":
     {"first_name": "Domenic",
      "last_name": "Galdo",
      "permalink": "domenic-galdo"}}],
 "competitions":
  [],
 "providerships":
  [],
 "total_money_raised": "$0",
 "funding_rounds":
  [],
 "investments":
  [],
 "acquisition":
  {"price_amount": 530000000.0,
   "price_currency_code": "USD",
   "term_code": null,
   "source_url": "http://www.boston.com/business/innovation/blogs/inside-the-hive/2013/08/15/siriusxm-agrees-buy-medford-agero-for/DrqyXaefE8JlL9tdqUK2GO/blog.html",
   "source_description": "SiriusXM agrees to buy the connected vehicle unit of Medford\u2019s Agero for $530m",
   "acquired_year": 2013,
   "acquired_month": 8,
   "acquired_day": 15,
   "acquiring_company":
    {"name": "Sirius XM Radio, Inc.",
     "permalink": "sirius"}},
 "acquisitions":
  [],
 "offices":
  [{"description": "",
    "address1": "One Cabot Road",
    "address2": "",
    "zip_code": "02155",
    "city": "Medford",
    "state_code": "MA",
    "country_code": "USA",
    "latitude": 42.40649,
    "longitude": -71.075138}],
 "milestones":
  [],
 "ipo": null,
 "video_embeds":
  [],
 "screenshots":
  [{"available_sizes":
     [[[150,
        70],
       "http://api-images.crunchbase.com/assets/images/resized/0030/8079/308079v1-max-150x150.jpg"],
      [[250,
        116],
       "http://api-images.crunchbase.com/assets/images/resized/0030/8079/308079v1-max-250x250.jpg"],
      [[450,
        210],
       "http://api-images.crunchbase.com/assets/images/resized/0030/8079/308079v1-max-450x450.jpg"]],
    "attribution": null}],
 "external_links":
  [],
 "partners":
  []}
