{"name": "Air Works India Engineering",
 "permalink": "air-works-india-engineering",
 "crunchbase_url": "http://www.crunchbase.com/company/air-works-india-engineering",
 "homepage_url": null,
 "blog_url": null,
 "blog_feed_url": null,
 "twitter_username": null,
 "category_code": null,
 "number_of_employees": null,
 "founded_year": null,
 "founded_month": null,
 "founded_day": null,
 "deadpooled_year": null,
 "deadpooled_month": null,
 "deadpooled_day": null,
 "deadpooled_url": null,
 "tag_list": null,
 "alias_list": null,
 "email_address": null,
 "phone_number": null,
 "description": null,
 "created_at": "Thu Jul 18 15:21:31 UTC 2013",
 "updated_at": "Thu Jul 18 15:21:31 UTC 2013",
 "overview": null,
 "image": null,
 "products":
  [],
 "relationships":
  [{"is_past": false,
    "title": "Managing Director \u0026 CEO",
    "person":
     {"first_name": "Vivek",
      "last_name": "N. Gour",
      "permalink": "vivek-n-gour"}},
   {"is_past": false,
    "title": "Board Member",
    "person":
     {"first_name": "Jonathan",
      "last_name": "Schulhof",
      "permalink": "jonathan-schulhof"}}],
 "competitions":
  [],
 "providerships":
  [],
 "total_money_raised": "$0",
 "funding_rounds":
  [],
 "investments":
  [],
 "acquisition": null,
 "acquisitions":
  [],
 "offices":
  [],
 "milestones":
  [],
 "ipo": null,
 "video_embeds":
  [],
 "screenshots":
  [],
 "external_links":
  [],
 "partners":
  []}
