{"name": "Aircraft Wheel Chocks",
 "permalink": "aircraft-wheel-chocks",
 "crunchbase_url": "http://www.crunchbase.com/company/aircraft-wheel-chocks",
 "homepage_url": "http://www.aircraftwheelchocks.co.uk",
 "blog_url": "http://ronfellgroup.blogspot.co.uk/",
 "blog_feed_url": "",
 "twitter_username": "RonfellGroup",
 "category_code": "manufacturing",
 "number_of_employees": 15,
 "founded_year": null,
 "founded_month": null,
 "founded_day": null,
 "deadpooled_year": null,
 "deadpooled_month": null,
 "deadpooled_day": null,
 "deadpooled_url": null,
 "tag_list": "aircraft-wheel-chocks, wheel-chocks, airport-traffic-control, site-safety, fire-hose-ramps, hose-ramps",
 "alias_list": null,
 "email_address": "rubber@ronfell.com",
 "phone_number": "01942 492200",
 "description": "Wheel Chocks for Aircraft",
 "created_at": "Mon Jul 29 09:28:04 UTC 2013",
 "updated_at": "Tue Jul 30 23:02:26 UTC 2013",
 "overview": "\u003Cp\u003EA range of aircraft wheel chocks, dock bumpers, hose ramps and traffic control for a variety of aircraft applications. Also available is site safety equipment from barriers to quick deploy speed bumps. \u003C/p\u003E",
 "image": null,
 "products":
  [],
 "relationships":
  [],
 "competitions":
  [],
 "providerships":
  [],
 "total_money_raised": "$0",
 "funding_rounds":
  [],
 "investments":
  [],
 "acquisition": null,
 "acquisitions":
  [],
 "offices":
  [],
 "milestones":
  [],
 "ipo": null,
 "video_embeds":
  [],
 "screenshots":
  [],
 "external_links":
  [],
 "partners":
  []}
