{"name": "airfy",
 "permalink": "airfy",
 "crunchbase_url": "http://www.crunchbase.com/company/airfy",
 "homepage_url": "http://www.airfy.com",
 "blog_url": "http://blog.airfy.com",
 "blog_feed_url": "",
 "twitter_username": "airfy",
 "category_code": "mobile",
 "number_of_employees": 5,
 "founded_year": 2013,
 "founded_month": 10,
 "founded_day": 30,
 "deadpooled_year": null,
 "deadpooled_month": null,
 "deadpooled_day": null,
 "deadpooled_url": null,
 "tag_list": "wifi, mobile-payment, ads",
 "alias_list": null,
 "email_address": "hello@airfy.com",
 "phone_number": "0049-89-25557-5502",
 "description": "easy secure wifi for free",
 "created_at": "Mon Aug 05 12:31:53 UTC 2013",
 "updated_at": "Thu Mar 13 09:50:32 UTC 2014",
 "overview": "\u003Cp\u003E### Airfy IndieGoGo campaign\nhttp://www.indiegogo.com/projects/airfy-world-s-first-smart-wifi-hotspot\u003C/p\u003E\n\n\u003Cp\u003E### Airfy on AngelList\nwww.angel.co/airfy\u003C/p\u003E\n\n\u003Cp\u003EPublic WiFi has always been a pain. Complicated to use, not secure, expensive. airfy solves this problem and offers you easy \u0026amp; secure WiFi for free. Use the HotSpot in your home or business. \u003C/p\u003E",
 "image":
  {"available_sizes":
    [[[150,
       150],
      "http://api-images.crunchbase.com/assets/images/resized/0030/1914/301914v2-max-150x150.jpg"],
     [[250,
       250],
      "http://api-images.crunchbase.com/assets/images/resized/0030/1914/301914v2-max-250x250.jpg"],
     [[450,
       450],
      "http://api-images.crunchbase.com/assets/images/resized/0030/1914/301914v2-max-450x450.jpg"]],
   "attribution": null},
 "products":
  [{"name": "airfy HotSpot N",
    "permalink": "airfy-hotspot-n"}],
 "relationships":
  [{"is_past": false,
    "title": "Founder",
    "person":
     {"first_name": "Steffen",
      "last_name": "Siewert",
      "permalink": "steffen-siewert"}},
   {"is_past": false,
    "title": "Co-Founder",
    "person":
     {"first_name": "Mona",
      "last_name": "Siewert",
      "permalink": "mona-siewert"}}],
 "competitions":
  [{"competitor":
     {"name": "Fon",
      "permalink": "fon"}}],
 "providerships":
  [],
 "total_money_raised": "$0",
 "funding_rounds":
  [],
 "investments":
  [],
 "acquisition": null,
 "acquisitions":
  [],
 "offices":
  [{"description": "",
    "address1": "",
    "address2": "",
    "zip_code": "",
    "city": "Berlin",
    "state_code": null,
    "country_code": "DEU",
    "latitude": null,
    "longitude": null}],
 "milestones":
  [],
 "ipo": null,
 "video_embeds":
  [],
 "screenshots":
  [{"available_sizes":
     [[[106,
        150],
       "http://api-images.crunchbase.com/assets/images/resized/0030/2152/302152v2-max-150x150.jpg"],
      [[176,
        250],
       "http://api-images.crunchbase.com/assets/images/resized/0030/2152/302152v2-max-250x250.jpg"],
      [[318,
        450],
       "http://api-images.crunchbase.com/assets/images/resized/0030/2152/302152v2-max-450x450.jpg"]],
    "attribution": null},
   {"available_sizes":
     [[[150,
        134],
       "http://api-images.crunchbase.com/assets/images/resized/0038/7607/387607v2-max-150x150.jpg"],
      [[250,
        223],
       "http://api-images.crunchbase.com/assets/images/resized/0038/7607/387607v2-max-250x250.jpg"],
      [[450,
        402],
       "http://api-images.crunchbase.com/assets/images/resized/0038/7607/387607v2-max-450x450.jpg"]],
    "attribution": null}],
 "external_links":
  [{"external_url": "http://www.angel.co/airfy",
    "title": "Airfy on AngelList"}],
 "partners":
  []}
