{"name": "Airgo Networks",
 "permalink": "airgo-networks",
 "crunchbase_url": "http://www.crunchbase.com/company/airgo-networks",
 "homepage_url": null,
 "blog_url": null,
 "blog_feed_url": null,
 "twitter_username": null,
 "category_code": null,
 "number_of_employees": null,
 "founded_year": null,
 "founded_month": null,
 "founded_day": null,
 "deadpooled_year": null,
 "deadpooled_month": null,
 "deadpooled_day": null,
 "deadpooled_url": null,
 "tag_list": null,
 "alias_list": null,
 "email_address": null,
 "phone_number": null,
 "description": null,
 "created_at": "Fri Aug 02 05:09:55 UTC 2013",
 "updated_at": "Fri Aug 02 05:09:55 UTC 2013",
 "overview": null,
 "image": null,
 "products":
  [],
 "relationships":
  [{"is_past": true,
    "title": "VP Systems \u0026 SW Engineering",
    "person":
     {"first_name": "Ramesh",
      "last_name": "Radhakrishnan",
      "permalink": "ramesh-radhakrishnan"}},
   {"is_past": true,
    "title": "investments",
    "person":
     {"first_name": "Peter",
      "last_name": "Wagner",
      "permalink": "peter-wagner"}},
   {"is_past": true,
    "title": "Senior Director of RF IC Development",
    "person":
     {"first_name": "Steffen",
      "last_name": "Hahn",
      "permalink": "steffen-hahn"}},
   {"is_past": true,
    "title": "Board of Directors",
    "person":
     {"first_name": "Bandel",
      "last_name": "L. Carano",
      "permalink": "bandel-l-carano"}},
   {"is_past": true,
    "title": "",
    "person":
     {"first_name": "Yalin",
      "last_name": "Ren",
      "permalink": "yalin-ren"}}],
 "competitions":
  [],
 "providerships":
  [],
 "total_money_raised": "$0",
 "funding_rounds":
  [],
 "investments":
  [],
 "acquisition": null,
 "acquisitions":
  [],
 "offices":
  [],
 "milestones":
  [],
 "ipo": null,
 "video_embeds":
  [],
 "screenshots":
  [],
 "external_links":
  [],
 "partners":
  []}
