{"name": "AirWare Lab",
 "permalink": "airware-lab",
 "crunchbase_url": "http://www.crunchbase.com/company/airware-lab",
 "homepage_url": "http://www.airwarelabscorp.com",
 "blog_url": "",
 "blog_feed_url": "",
 "twitter_username": "AirWareLabs",
 "category_code": "biotech",
 "number_of_employees": null,
 "founded_year": 2010,
 "founded_month": null,
 "founded_day": null,
 "deadpooled_year": null,
 "deadpooled_month": null,
 "deadpooled_day": null,
 "deadpooled_url": null,
 "tag_list": "",
 "alias_list": "",
 "email_address": "",
 "phone_number": "480-463-4246",
 "description": "",
 "created_at": "Fri Jul 26 13:26:01 UTC 2013",
 "updated_at": "Thu Dec 12 05:04:49 UTC 2013",
 "overview": "\u003Cp\u003EAirWare Labs is an innovator in breathing devices that enhance life, health and promote good breathing. Our AIR\u2122 advanced nasal breathing products address a wide range of issues, including congestion, allergies, snoring, and travel-related illnesses. Utilizing a comfortable and discreet design that is soft, pliable and latex-free, AIR\u2122 sits nearly invisibly inside the nose, gently lifting and supporting nasal passages \u2013 resulting in up to 38% increased airflow and better breathing. Air Essentials incorporate the powerful therapeutic properties of essential oils, and Air Filters feature filtration media from 3M, engineered to trap unhealthful particles before they enter the system. AIR\u2122 is strategically poised to enter the Health and Wellness sector during a period of tremendous growth and expansion. Although breathing is the most basic of human functions, the expansive health benefits associated with improved breathing have thus far been greatly overlooked. Not only does AIR\u2122 dramatically improve airflow, its innovative, cutting-edge design has no competition.\u003C/p\u003E",
 "image":
  {"available_sizes":
    [[[150,
       60],
      "http://api-images.crunchbase.com/assets/images/resized/0029/7107/297107v1-max-150x150.png"],
     [[200,
       81],
      "http://api-images.crunchbase.com/assets/images/resized/0029/7107/297107v1-max-250x250.png"],
     [[200,
       81],
      "http://api-images.crunchbase.com/assets/images/resized/0029/7107/297107v1-max-450x450.png"]],
   "attribution": null},
 "products":
  [],
 "relationships":
  [{"is_past": false,
    "title": "CEO/President",
    "person":
     {"first_name": "Jeffrey",
      "last_name": "I. Rass\u00e1s",
      "permalink": "jeffrey-i-rasss"}},
   {"is_past": false,
    "title": "CFO",
    "person":
     {"first_name": "Jessica",
      "last_name": "Smith",
      "permalink": "jessica-smith-3"}}],
 "competitions":
  [],
 "providerships":
  [],
 "total_money_raised": "$65k",
 "funding_rounds":
  [{"id": 43879,
    "round_code": "partial",
    "source_url": "http://www.sec.gov/Archives/edgar/data/1500123/000155479513000409/xslFormDX01/primary_doc.xml",
    "source_description": "SEC",
    "raised_amount": 65000.0,
    "raised_currency_code": "USD",
    "funded_year": 2013,
    "funded_month": 7,
    "funded_day": 25,
    "investments":
     []}],
 "investments":
  [],
 "acquisition": null,
 "acquisitions":
  [],
 "offices":
  [{"description": "",
    "address1": "8399 East Indian School Road",
    "address2": "Suite 202",
    "zip_code": "85251",
    "city": "Scottsdale",
    "state_code": "AZ",
    "country_code": "USA",
    "latitude": 33.494446,
    "longitude": -111.900732}],
 "milestones":
  [],
 "ipo": null,
 "video_embeds":
  [],
 "screenshots":
  [{"available_sizes":
     [[[150,
        88],
       "http://api-images.crunchbase.com/assets/images/resized/0029/7106/297106v1-max-150x150.png"],
      [[250,
        148],
       "http://api-images.crunchbase.com/assets/images/resized/0029/7106/297106v1-max-250x250.png"],
      [[450,
        266],
       "http://api-images.crunchbase.com/assets/images/resized/0029/7106/297106v1-max-450x450.png"]],
    "attribution": null}],
 "external_links":
  [],
 "partners":
  []}
