{"name": "AJKTours",
 "permalink": "ajktours",
 "crunchbase_url": "http://www.crunchbase.com/company/ajktours",
 "homepage_url": "http://www.ajktours.com",
 "blog_url": "http://www.ajktours.com",
 "blog_feed_url": "",
 "twitter_username": "ajktours",
 "category_code": "travel",
 "number_of_employees": 10,
 "founded_year": 2010,
 "founded_month": 6,
 "founded_day": 1,
 "deadpooled_year": null,
 "deadpooled_month": null,
 "deadpooled_day": null,
 "deadpooled_url": null,
 "tag_list": "neelum-valley, tour-operator, kashmir",
 "alias_list": null,
 "email_address": "info@ajktours.com",
 "phone_number": "*92-345-5889945",
 "description": "Tour operaors in Neelum Valley",
 "created_at": "Sat Jul 27 15:29:45 UTC 2013",
 "updated_at": "Tue Jul 30 22:34:24 UTC 2013",
 "overview": "\u003Cp\u003EAJKTours has the honour to be premier Tour Operator of the region in culture and adventurous traveling having its base in Muzaffarabad,we are the gateway to the Throne Room of Mountain gods.\u003C/p\u003E\n\n\u003Cp\u003EAJKTours offers a wide range of programs to suit all tastes and pockets including Treks, Trekking Peaks, Mountaineering Expeditions, Mountain Biking, Rafting, Hunting, Jeep Safaris, Culture tours,Archaeological Tours and Holiday packages for students, old citizen and families, with in Azad Kashmir.\u003C/p\u003E",
 "image":
  {"available_sizes":
    [[[150,
       150],
      "http://api-images.crunchbase.com/assets/images/resized/0029/7438/297438v2-max-150x150.png"],
     [[250,
       250],
      "http://api-images.crunchbase.com/assets/images/resized/0029/7438/297438v2-max-250x250.png"],
     [[450,
       450],
      "http://api-images.crunchbase.com/assets/images/resized/0029/7438/297438v2-max-450x450.png"]],
   "attribution": null},
 "products":
  [],
 "relationships":
  [],
 "competitions":
  [],
 "providerships":
  [],
 "total_money_raised": "$0",
 "funding_rounds":
  [],
 "investments":
  [],
 "acquisition": null,
 "acquisitions":
  [],
 "offices":
  [],
 "milestones":
  [],
 "ipo": null,
 "video_embeds":
  [],
 "screenshots":
  [],
 "external_links":
  [],
 "partners":
  []}
