{"name": "Ajubatus Foundation",
 "permalink": "ajubatus-foundation",
 "crunchbase_url": "http://www.crunchbase.com/company/ajubatus-foundation",
 "homepage_url": "http://www.ajubatus.org",
 "blog_url": "",
 "blog_feed_url": "",
 "twitter_username": "AjubatusSA",
 "category_code": "nonprofit",
 "number_of_employees": null,
 "founded_year": null,
 "founded_month": null,
 "founded_day": null,
 "deadpooled_year": null,
 "deadpooled_month": null,
 "deadpooled_day": null,
 "deadpooled_url": null,
 "tag_list": "",
 "alias_list": null,
 "email_address": "info@ajubatus.com",
 "phone_number": "+27 79 525 9956",
 "description": "Animal Welfare Foundation",
 "created_at": "Mon Aug 05 11:25:08 UTC 2013",
 "updated_at": "Mon Aug 05 22:36:00 UTC 2013",
 "overview": "\u003Cp\u003EThe Ajubatus concept of providing specialist research into endangered species was first mooted in the mid 1990\u2032s with initial emphasis being placed on the cheetah-Acinonyx jubatus, from which the name Ajubatus has been taken. The fastest land mammal on earth and heralded for its grace and elegance, there is a growing concern that this animal might, in time face extinction both through loss of habitat and predator competition. As will be noted from the projects listed below, we have placed great emphasis on monitoring of the species within a controlled environment and this will assist with multi-national research being undertaken.\u003C/p\u003E",
 "image": null,
 "products":
  [],
 "relationships":
  [],
 "competitions":
  [],
 "providerships":
  [],
 "total_money_raised": "$0",
 "funding_rounds":
  [],
 "investments":
  [],
 "acquisition": null,
 "acquisitions":
  [],
 "offices":
  [],
 "milestones":
  [],
 "ipo": null,
 "video_embeds":
  [],
 "screenshots":
  [],
 "external_links":
  [],
 "partners":
  []}
