{"name": "Alantec Corp",
 "permalink": "alantec-corp",
 "crunchbase_url": "http://www.crunchbase.com/company/alantec-corp",
 "homepage_url": null,
 "blog_url": null,
 "blog_feed_url": null,
 "twitter_username": null,
 "category_code": null,
 "number_of_employees": null,
 "founded_year": null,
 "founded_month": null,
 "founded_day": null,
 "deadpooled_year": null,
 "deadpooled_month": null,
 "deadpooled_day": null,
 "deadpooled_url": null,
 "tag_list": null,
 "alias_list": null,
 "email_address": null,
 "phone_number": null,
 "description": null,
 "created_at": "Wed Jul 24 06:02:17 UTC 2013",
 "updated_at": "Wed Jul 24 06:02:17 UTC 2013",
 "overview": null,
 "image": null,
 "products":
  [],
 "relationships":
  [{"is_past": true,
    "title": "Vice President of Operations",
    "person":
     {"first_name": "Al",
      "last_name": "Sadler",
      "permalink": "al-sadler"}},
   {"is_past": true,
    "title": "IT Manager",
    "person":
     {"first_name": "Rich",
      "last_name": "Weber",
      "permalink": "rich-weber"}},
   {"is_past": true,
    "title": "strategic and investment advice",
    "person":
     {"first_name": "Paul",
      "last_name": "Weinstein",
      "permalink": "paul-weinstein"}}],
 "competitions":
  [],
 "providerships":
  [],
 "total_money_raised": "$0",
 "funding_rounds":
  [],
 "investments":
  [],
 "acquisition": null,
 "acquisitions":
  [],
 "offices":
  [],
 "milestones":
  [],
 "ipo": null,
 "video_embeds":
  [],
 "screenshots":
  [],
 "external_links":
  [],
 "partners":
  []}
