{"name": "Alaris Royalty",
 "permalink": "alaris-royalty",
 "crunchbase_url": "http://www.crunchbase.com/company/alaris-royalty",
 "homepage_url": "http://alarisroyalty.com",
 "blog_url": "",
 "blog_feed_url": "",
 "twitter_username": null,
 "category_code": "finance",
 "number_of_employees": null,
 "founded_year": null,
 "founded_month": null,
 "founded_day": null,
 "deadpooled_year": null,
 "deadpooled_month": null,
 "deadpooled_day": null,
 "deadpooled_url": null,
 "tag_list": "",
 "alias_list": "",
 "email_address": "",
 "phone_number": "403.221.7304",
 "description": "",
 "created_at": "Wed Jul 17 04:02:31 UTC 2013",
 "updated_at": "Fri Mar 28 09:32:22 UTC 2014",
 "overview": "\u003Cp\u003EAlaris is a Canadian company that provides alternative financing to a diversified range of profitable, well-managed private businesses in North America. We offer long-term equity capital to companies for whom traditional debt or private equity is not typically available or attractive, including privately-held companies whose owners want to retain long-term control of their business.\u003C/p\u003E\n\n\u003Cp\u003EAt Alaris, our mission is two-part: (i) using an innovative financing structure, we provide capital to private companies (our \u0026#8220;Private Company Partners\u0026#8221;) in a manner that maximizes valuations, is tax effective and allows existing owners of the private companies to retain full control of their businesses, (ii) in providing such capital, we generate predictable cash flows from our Private Company Partners which allows us to provide an attractive, stable yield and liquidity to our investors.\u003C/p\u003E",
 "image":
  {"available_sizes":
    [[[150,
       117],
      "http://api-images.crunchbase.com/assets/images/resized/0029/0154/290154v1-max-150x150.png"],
     [[250,
       196],
      "http://api-images.crunchbase.com/assets/images/resized/0029/0154/290154v1-max-250x250.png"],
     [[255,
       200],
      "http://api-images.crunchbase.com/assets/images/resized/0029/0154/290154v1-max-450x450.png"]],
   "attribution": null},
 "products":
  [],
 "relationships":
  [{"is_past": false,
    "title": "President and Chief Executive Officer",
    "person":
     {"first_name": "Stephen",
      "last_name": "King",
      "permalink": "stephen-king-4"}},
   {"is_past": false,
    "title": "Vice President Investments",
    "person":
     {"first_name": "Amanda",
      "last_name": "Frazer",
      "permalink": "amanda-frazer"}},
   {"is_past": false,
    "title": "VP Investments \u0026 Investor Relations",
    "person":
     {"first_name": "Curtis",
      "last_name": "Krawetz",
      "permalink": "curtis-krawetz-bcomm"}},
   {"is_past": false,
    "title": "Vice President",
    "person":
     {"first_name": "Stephen",
      "last_name": "Reid",
      "permalink": "stephen-reid"}},
   {"is_past": false,
    "title": "Chief Financial Officer",
    "person":
     {"first_name": "Darren",
      "last_name": "Driscoll",
      "permalink": "darren-driscoll-ca"}},
   {"is_past": false,
    "title": "General Counsel \u0026 Corporate Secretary",
    "person":
     {"first_name": "Rachel",
      "last_name": "Colabella",
      "permalink": "rachel-colabella-bcomm-llb"}},
   {"is_past": false,
    "title": "Associate",
    "person":
     {"first_name": "Kylie",
      "last_name": "Pollard",
      "permalink": "kylie-pollard-bcomm"}},
   {"is_past": false,
    "title": "Vice President",
    "person":
     {"first_name": "Sherri",
      "last_name": "Neldner",
      "permalink": "sherri-neldner-mba"}},
   {"is_past": false,
    "title": "Vice President Legal",
    "person":
     {"first_name": "Mike",
      "last_name": "Ervin",
      "permalink": "mike-ervin"}},
   {"is_past": false,
    "title": "Administrator",
    "person":
     {"first_name": "Denice",
      "last_name": "Vandale-Rayburn",
      "permalink": "denice-vandale-rayburn"}},
   {"is_past": true,
    "title": "Senior Vice President , Investments",
    "person":
     {"first_name": "Stephen",
      "last_name": "Reid",
      "permalink": "stephen-reid"}},
   {"is_past": true,
    "title": "Manager of Investor Relations \u0026 Business Analyst",
    "person":
     {"first_name": "Curtis",
      "last_name": "Krawetz",
      "permalink": "curtis-krawetz-bcomm"}}],
 "competitions":
  [],
 "providerships":
  [],
 "total_money_raised": "$106M",
 "funding_rounds":
  [{"id": 42832,
    "round_code": "post_ipo_equity",
    "source_url": "http://www.alarisroyalty.com/News/Press-Releases/Press-Release/2013/Alaris-Royalty-Corp-Announces-Completion-of-105894300-Equity-Financing/default.aspx",
    "source_description": "Alaris Royalty Corp. Announces Completion of $105,894,300 Equity Financing",
    "raised_amount": 105900000.0,
    "raised_currency_code": "USD",
    "funded_year": 2013,
    "funded_month": 7,
    "funded_day": 16,
    "investments":
     [{"company": null,
       "financial_org":
        {"name": "Acumen Capital Finance Partners",
         "permalink": "acumen-capital-finance-partners"},
       "person": null},
      {"company": null,
       "financial_org":
        {"name": "Cormark Securities Inc.",
         "permalink": "cormark"},
       "person": null},
      {"company": null,
       "financial_org":
        {"name": "RBC Capital Markets",
         "permalink": "rbc-capital-markets"},
       "person": null},
      {"company": null,
       "financial_org":
        {"name": "Canaccord Genuity Corp",
         "permalink": "canaccord-genuity-corp"},
       "person": null},
      {"company": null,
       "financial_org":
        {"name": "National Bank Financial",
         "permalink": "national-bank-financial"},
       "person": null},
      {"company":
        {"name": "Raymond James Consulting",
         "permalink": "raymond-james-consulting"},
       "financial_org": null,
       "person": null}]}],
 "investments":
  [],
 "acquisition": null,
 "acquisitions":
  [],
 "offices":
  [{"description": "Kylie Pollard, Associate",
    "address1": "Suite 232 - 2031",
    "address2": "33rd Avenue S.W, Alberta",
    "zip_code": "T2T 1Z5",
    "city": "Calgary",
    "state_code": null,
    "country_code": "CAN",
    "latitude": null,
    "longitude": null}],
 "milestones":
  [],
 "ipo":
  {"valuation_amount": null,
   "valuation_currency_code": "USD",
   "pub_year": 2008,
   "pub_month": 11,
   "pub_day": 28,
   "stock_symbol": "TSE:AD"},
 "video_embeds":
  [],
 "screenshots":
  [{"available_sizes":
     [[[150,
        98],
       "http://api-images.crunchbase.com/assets/images/resized/0029/0153/290153v1-max-150x150.png"],
      [[250,
        163],
       "http://api-images.crunchbase.com/assets/images/resized/0029/0153/290153v1-max-250x250.png"],
      [[450,
        294],
       "http://api-images.crunchbase.com/assets/images/resized/0029/0153/290153v1-max-450x450.png"]],
    "attribution": null}],
 "external_links":
  [],
 "partners":
  []}
