{"name": "Alberta Winestein",
 "permalink": "alberta-winestein",
 "crunchbase_url": "http://www.crunchbase.com/company/alberta-winestein",
 "homepage_url": "http://albertawinestein.com",
 "blog_url": "",
 "blog_feed_url": "",
 "twitter_username": null,
 "category_code": "hospitality",
 "number_of_employees": null,
 "founded_year": null,
 "founded_month": null,
 "founded_day": null,
 "deadpooled_year": null,
 "deadpooled_month": null,
 "deadpooled_day": null,
 "deadpooled_url": null,
 "tag_list": "",
 "alias_list": "",
 "email_address": "",
 "phone_number": "",
 "description": "Online Wine Store",
 "created_at": "Mon Aug 12 18:38:47 UTC 2013",
 "updated_at": "Mon Aug 19 20:32:32 UTC 2013",
 "overview": "\u003Cp\u003EAlberta Winestein is a smart way to shop online, for fantastic wine, cheese and unique products from our smart boutique partners.\u003C/p\u003E\n\n\u003Cp\u003ETheir partners assemble creative offers to help you discover brilliant wines and cheeses from around the world. In just a few clicks, you can indulge in wine and cheese for your next dinner, your neighbour\u2019s house warming party, to thank a business associate, or that special person (you).\u003C/p\u003E",
 "image":
  {"available_sizes":
    [[[150,
       73],
      "http://api-images.crunchbase.com/assets/images/resized/0030/5810/305810v1-max-150x150.png"],
     [[250,
       122],
      "http://api-images.crunchbase.com/assets/images/resized/0030/5810/305810v1-max-250x250.png"],
     [[343,
       168],
      "http://api-images.crunchbase.com/assets/images/resized/0030/5810/305810v1-max-450x450.png"]],
   "attribution": null},
 "products":
  [],
 "relationships":
  [],
 "competitions":
  [],
 "providerships":
  [],
 "total_money_raised": "$0",
 "funding_rounds":
  [],
 "investments":
  [],
 "acquisition": null,
 "acquisitions":
  [],
 "offices":
  [{"description": "",
    "address1": "",
    "address2": "",
    "zip_code": "",
    "city": "Calgary",
    "state_code": null,
    "country_code": "CAN",
    "latitude": null,
    "longitude": null}],
 "milestones":
  [],
 "ipo": null,
 "video_embeds":
  [],
 "screenshots":
  [{"available_sizes":
     [[[150,
        136],
       "http://api-images.crunchbase.com/assets/images/resized/0030/9969/309969v1-max-150x150.png"],
      [[250,
        227],
       "http://api-images.crunchbase.com/assets/images/resized/0030/9969/309969v1-max-250x250.png"],
      [[450,
        410],
       "http://api-images.crunchbase.com/assets/images/resized/0030/9969/309969v1-max-450x450.png"]],
    "attribution": null}],
 "external_links":
  [],
 "partners":
  []}
