{"name": "Alfabit",
 "permalink": "alfabit",
 "crunchbase_url": "http://www.crunchbase.com/company/alfabit",
 "homepage_url": "http://www.alfabit.cl",
 "blog_url": "",
 "blog_feed_url": "",
 "twitter_username": "AlfabitSpA",
 "category_code": "software",
 "number_of_employees": null,
 "founded_year": 2013,
 "founded_month": 2,
 "founded_day": 1,
 "deadpooled_year": null,
 "deadpooled_month": null,
 "deadpooled_day": null,
 "deadpooled_url": null,
 "tag_list": "",
 "alias_list": null,
 "email_address": "contacto@alfabit.cl",
 "phone_number": "",
 "description": "Servicios Integrales de Inform\u00e1tica",
 "created_at": "Thu Jul 11 19:39:16 UTC 2013",
 "updated_at": "Thu Jul 11 23:12:11 UTC 2013",
 "overview": "",
 "image":
  {"available_sizes":
    [[[150,
       51],
      "http://api-images.crunchbase.com/assets/images/resized/0028/7626/287626v2-max-150x150.png"],
     [[250,
       85],
      "http://api-images.crunchbase.com/assets/images/resized/0028/7626/287626v2-max-250x250.png"],
     [[450,
       154],
      "http://api-images.crunchbase.com/assets/images/resized/0028/7626/287626v2-max-450x450.png"]],
   "attribution": null},
 "products":
  [],
 "relationships":
  [],
 "competitions":
  [],
 "providerships":
  [],
 "total_money_raised": "$0",
 "funding_rounds":
  [],
 "investments":
  [],
 "acquisition": null,
 "acquisitions":
  [],
 "offices":
  [],
 "milestones":
  [],
 "ipo": null,
 "video_embeds":
  [],
 "screenshots":
  [],
 "external_links":
  [],
 "partners":
  []}
