{"name": "Algae International Group",
 "permalink": "algae-international-group",
 "crunchbase_url": "http://www.crunchbase.com/company/algae-international-group",
 "homepage_url": "http://algaeplanet.com",
 "blog_url": "",
 "blog_feed_url": "",
 "twitter_username": "ALGAplanet",
 "category_code": "cleantech",
 "number_of_employees": null,
 "founded_year": 2008,
 "founded_month": null,
 "founded_day": null,
 "deadpooled_year": null,
 "deadpooled_month": null,
 "deadpooled_day": null,
 "deadpooled_url": null,
 "tag_list": "",
 "alias_list": "",
 "email_address": "info@campusreg.com",
 "phone_number": " 469.718.5503 ",
 "description": "",
 "created_at": "Tue Jul 23 12:25:36 UTC 2013",
 "updated_at": "Tue Jul 23 12:31:22 UTC 2013",
 "overview": "\u003Cp\u003EAbout Algae International Group Inc. \u2028Algae International Group Inc. (ALGA) is a development stage renewable energy company that is seeking to develop Biofuel from Algae utilizing a Trademark process of \u201cInSym\u201d that combines; methane, CO2, fuel cells, nitrates, phosphates, sunlight and a specialized press to remove biomass and create HRD and HRJ fuel\u003C/p\u003E",
 "image":
  {"available_sizes":
    [[[61,
       58],
      "http://api-images.crunchbase.com/assets/images/resized/0029/4689/294689v1-max-150x150.png"],
     [[61,
       58],
      "http://api-images.crunchbase.com/assets/images/resized/0029/4689/294689v1-max-250x250.png"],
     [[61,
       58],
      "http://api-images.crunchbase.com/assets/images/resized/0029/4689/294689v1-max-450x450.png"]],
   "attribution": null},
 "products":
  [],
 "relationships":
  [],
 "competitions":
  [],
 "providerships":
  [],
 "total_money_raised": "$5M",
 "funding_rounds":
  [{"id": 43424,
    "round_code": "private_equity",
    "source_url": "http://www.pehub.com/2013/07/23/algae-international-raises-5-mln/?utm_source=dlvr.it\u0026utm_medium=twitter",
    "source_description": "Algae International Raises $5 Mln",
    "raised_amount": 5000000.0,
    "raised_currency_code": "USD",
    "funded_year": 2013,
    "funded_month": 7,
    "funded_day": 23,
    "investments":
     []}],
 "investments":
  [],
 "acquisition": null,
 "acquisitions":
  [],
 "offices":
  [{"description": "",
    "address1": "5057 Keller Springs Road",
    "address2": "Suite 300",
    "zip_code": "75001",
    "city": "Addison",
    "state_code": "TX",
    "country_code": "USA",
    "latitude": 32.970114,
    "longitude": -96.8237539}],
 "milestones":
  [],
 "ipo": null,
 "video_embeds":
  [],
 "screenshots":
  [{"available_sizes":
     [[[150,
        69],
       "http://api-images.crunchbase.com/assets/images/resized/0029/4688/294688v1-max-150x150.png"],
      [[250,
        115],
       "http://api-images.crunchbase.com/assets/images/resized/0029/4688/294688v1-max-250x250.png"],
      [[450,
        207],
       "http://api-images.crunchbase.com/assets/images/resized/0029/4688/294688v1-max-450x450.png"]],
    "attribution": null}],
 "external_links":
  [],
 "partners":
  []}
