{"name": "Alias Research Inc.",
 "permalink": "alias-research-inc",
 "crunchbase_url": "http://www.crunchbase.com/company/alias-research-inc",
 "homepage_url": null,
 "blog_url": null,
 "blog_feed_url": null,
 "twitter_username": null,
 "category_code": null,
 "number_of_employees": null,
 "founded_year": null,
 "founded_month": null,
 "founded_day": null,
 "deadpooled_year": null,
 "deadpooled_month": null,
 "deadpooled_day": null,
 "deadpooled_url": null,
 "tag_list": null,
 "alias_list": null,
 "email_address": null,
 "phone_number": null,
 "description": null,
 "created_at": "Fri Jul 12 13:28:54 UTC 2013",
 "updated_at": "Fri Jul 12 13:28:54 UTC 2013",
 "overview": null,
 "image": null,
 "products":
  [],
 "relationships":
  [{"is_past": true,
    "title": "Chairman",
    "person":
     {"first_name": "James",
      "last_name": "Fleck",
      "permalink": "james-fleck"}},
   {"is_past": true,
    "title": "Chief Executive Officer and a Board Member",
    "person":
     {"first_name": "Rob",
      "last_name": "Burgess",
      "permalink": "rob-burgess"}},
   {"is_past": true,
    "title": "Senior HR Executive",
    "person":
     {"first_name": "Michele",
      "last_name": "Murgel",
      "permalink": "michele-murgel"}},
   {"is_past": true,
    "title": "Research Engineer",
    "person":
     {"first_name": "Max",
      "last_name": "Stevens-Guille",
      "permalink": "max-stevens-guille"}},
   {"is_past": true,
    "title": "Board Member",
    "person":
     {"first_name": "Brian",
      "last_name": "J. Conway",
      "permalink": "brian-j-conway"}},
   {"is_past": true,
    "title": "Senior Management Positions",
    "person":
     {"first_name": "Rich",
      "last_name": "Moore",
      "permalink": "rich-more"}}],
 "competitions":
  [],
 "providerships":
  [],
 "total_money_raised": "$0",
 "funding_rounds":
  [],
 "investments":
  [],
 "acquisition": null,
 "acquisitions":
  [],
 "offices":
  [],
 "milestones":
  [],
 "ipo": null,
 "video_embeds":
  [],
 "screenshots":
  [],
 "external_links":
  [],
 "partners":
  []}
