{"name": "ALIF IT SOLUTIONS PVT. LTD.",
 "permalink": "alif-it-solutions-pvt-ltd",
 "crunchbase_url": "http://www.crunchbase.com/company/alif-it-solutions-pvt-ltd",
 "homepage_url": "http://www.alifitsolutions.com",
 "blog_url": "http://www.alifitsolutions.com",
 "blog_feed_url": "http://www.alifitsolutions.com",
 "twitter_username": "alifitsolutions",
 "category_code": "software",
 "number_of_employees": 15,
 "founded_year": null,
 "founded_month": null,
 "founded_day": null,
 "deadpooled_year": null,
 "deadpooled_month": null,
 "deadpooled_day": null,
 "deadpooled_url": null,
 "tag_list": "",
 "alias_list": null,
 "email_address": "alifitsolution@gmail.com",
 "phone_number": "7507231555",
 "description": "web designing company in nagpur",
 "created_at": "Tue Jul 23 09:37:34 UTC 2013",
 "updated_at": "Tue Jul 23 20:29:40 UTC 2013",
 "overview": "\u003Cp\u003EALIF IT Solution Pvt. Ltd. quality web solution provider for corporate, Institution, Individual \u0026amp; professional etc . We provide creative website design with your Internet presence that reflect your idea in your website. The task associated with the website to represent company, attract more visitors, generates more business leads, promote more sale of your products and services. And yes, ultimately it help to gain your internet goals also.\nThe web designing strategies followed by ALIF IT Solutions.\nEasy to load, user friendly websites\nUse of Javascript frameworks and libraries like Prototype, Jquery, etc.\nUse of CSS file to describe overall color themes and styles\nWith Browser Support for Google Chrome, Internet Explorer, Opera, Mozilla Firefox, and others\nProper use of Flash if needed in the website\nWeb 2.0 design implementation, in line with contemporary design trend and business standards.\nAcquiescence with W3C standards: XHTML 1.0 or HTML 4.01., CSS 2.1 standards.\nYou can select packages as per your business?\nStatic Website designing.\nCorporate web designing\nDynamic Website design.\nOutsource Website Design.\nRedesign Website.\nE-commerce web designs\nPSD to HTML Conversion\nEducational Website\u003C/p\u003E",
 "image":
  {"available_sizes":
    [[[150,
       120],
      "http://api-images.crunchbase.com/assets/images/resized/0029/4557/294557v2-max-150x150.png"],
     [[250,
       200],
      "http://api-images.crunchbase.com/assets/images/resized/0029/4557/294557v2-max-250x250.png"],
     [[250,
       200],
      "http://api-images.crunchbase.com/assets/images/resized/0029/4557/294557v2-max-450x450.png"]],
   "attribution": null},
 "products":
  [],
 "relationships":
  [],
 "competitions":
  [],
 "providerships":
  [],
 "total_money_raised": "$0",
 "funding_rounds":
  [],
 "investments":
  [],
 "acquisition": null,
 "acquisitions":
  [],
 "offices":
  [],
 "milestones":
  [],
 "ipo": null,
 "video_embeds":
  [],
 "screenshots":
  [],
 "external_links":
  [],
 "partners":
  []}
