{"name": "All Free Bets",
 "permalink": "all-free-bets",
 "crunchbase_url": "http://www.crunchbase.com/company/all-free-bets",
 "homepage_url": "http://allfreebets.com.au",
 "blog_url": "",
 "blog_feed_url": "",
 "twitter_username": "allfreebets",
 "category_code": "games_video",
 "number_of_employees": 1,
 "founded_year": 2012,
 "founded_month": null,
 "founded_day": null,
 "deadpooled_year": null,
 "deadpooled_month": null,
 "deadpooled_day": null,
 "deadpooled_url": null,
 "tag_list": "sports-betting, gambling, betting, online-betting, online-sports-betting",
 "alias_list": null,
 "email_address": "david@allfreebets.com.au",
 "phone_number": "",
 "description": "Free betting offers",
 "created_at": "Fri Aug 09 03:20:41 UTC 2013",
 "updated_at": "Fri Aug 09 22:23:37 UTC 2013",
 "overview": "\u003Cp\u003EAll Free Bets provide Australian sports betting enthusiasts with the latest free betting offers available from Australia\u0026#8217;s leading bookmakers.\u003C/p\u003E\n\n\u003Cp\u003EAll Free Bets also provide punters with expert betting tips so they can maximise their betting wallets.\u003C/p\u003E",
 "image": null,
 "products":
  [],
 "relationships":
  [{"is_past": false,
    "title": "Founder",
    "person":
     {"first_name": "David",
      "last_name": "Butler",
      "permalink": "david-butler-3"}}],
 "competitions":
  [],
 "providerships":
  [],
 "total_money_raised": "$0",
 "funding_rounds":
  [],
 "investments":
  [],
 "acquisition": null,
 "acquisitions":
  [],
 "offices":
  [],
 "milestones":
  [],
 "ipo": null,
 "video_embeds":
  [],
 "screenshots":
  [],
 "external_links":
  [],
 "partners":
  []}
