{"name": "Allianz Digital Accelerator",
 "permalink": "allianz-digital-accelerator",
 "crunchbase_url": "http://www.crunchbase.com/company/allianz-digital-accelerator",
 "homepage_url": "http://digital-accelerator.com",
 "blog_url": "",
 "blog_feed_url": "",
 "twitter_username": "DigiAccelerator",
 "category_code": "finance",
 "number_of_employees": 10,
 "founded_year": 2013,
 "founded_month": 7,
 "founded_day": 1,
 "deadpooled_year": null,
 "deadpooled_month": null,
 "deadpooled_day": null,
 "deadpooled_url": null,
 "tag_list": "internet-of-things, wearable-tech, mobility, big-data",
 "alias_list": null,
 "email_address": "",
 "phone_number": "",
 "description": "New business models for Allianz",
 "created_at": "Tue Aug 06 12:55:38 UTC 2013",
 "updated_at": "Sat Nov 30 23:32:11 UTC 2013",
 "overview": "\u003Cp\u003EThe Allianz Digital Accelerator builds new business models for Allianz and accelerates their execution and implementation within Allianz. Company is currently headquartered in Munich. The team works to identify, explore, and implement opportunities and projects that impact core business of Allianz.\u003C/p\u003E",
 "image":
  {"available_sizes":
    [[[150,
       66],
      "http://api-images.crunchbase.com/assets/images/resized/0030/2619/302619v2-max-150x150.jpg"],
     [[250,
       110],
      "http://api-images.crunchbase.com/assets/images/resized/0030/2619/302619v2-max-250x250.jpg"],
     [[300,
       133],
      "http://api-images.crunchbase.com/assets/images/resized/0030/2619/302619v2-max-450x450.jpg"]],
   "attribution": null},
 "products":
  [],
 "relationships":
  [],
 "competitions":
  [],
 "providerships":
  [],
 "total_money_raised": "$0",
 "funding_rounds":
  [],
 "investments":
  [],
 "acquisition": null,
 "acquisitions":
  [],
 "offices":
  [{"description": "HQ",
    "address1": "Ganghoferstrasse",
    "address2": "68b",
    "zip_code": "80339",
    "city": "Munich",
    "state_code": null,
    "country_code": "DEU",
    "latitude": 48.1330273,
    "longitude": 11.5397091}],
 "milestones":
  [{"id": 37826,
    "description": "Launch Event \u0026 Party",
    "stoned_year": 2013,
    "stoned_month": 7,
    "stoned_day": 11,
    "source_url": "http://digital-accelerator.com/",
    "source_text": null,
    "source_description": "org website story",
    "stoneable_type": "Company",
    "stoned_value": null,
    "stoned_value_type": null,
    "stoned_acquirer": null,
    "stoneable":
     {"name": "Allianz Digital Accelerator",
      "permalink": "allianz-digital-accelerator"}},
   {"id": 38718,
    "description": "Allianz Digital Accelerator introduces the Evolve Insurance Award\r\n\r\nAccelerator partners with the Wearable Technology World Cup to stimulate development of technology that will impact safe living. With the 'Evolve Insurance Award' the company is looking ",
    "stoned_year": 2013,
    "stoned_month": 8,
    "stoned_day": 13,
    "source_url": "http://innovationworldcup.com/2013/08/wt-innovation-world-cup-pleased-to-announce-allianz-digital-accelerator-as-new-partner/",
    "source_text": null,
    "source_description": "Press Release: Evolve Insurance Award",
    "stoneable_type": "Company",
    "stoned_value": null,
    "stoned_value_type": null,
    "stoned_acquirer": null,
    "stoneable":
     {"name": "Allianz Digital Accelerator",
      "permalink": "allianz-digital-accelerator"}}],
 "ipo": null,
 "video_embeds":
  [],
 "screenshots":
  [{"available_sizes":
     [[[150,
        90],
       "http://api-images.crunchbase.com/assets/images/resized/0032/9221/329221v1-max-150x150.png"],
      [[250,
        151],
       "http://api-images.crunchbase.com/assets/images/resized/0032/9221/329221v1-max-250x250.png"],
      [[450,
        272],
       "http://api-images.crunchbase.com/assets/images/resized/0032/9221/329221v1-max-450x450.png"]],
    "attribution": null},
   {"available_sizes":
     [[[150,
        59],
       "http://api-images.crunchbase.com/assets/images/resized/0036/8113/368113v2-max-150x150.png"],
      [[250,
        99],
       "http://api-images.crunchbase.com/assets/images/resized/0036/8113/368113v2-max-250x250.png"],
      [[450,
        179],
       "http://api-images.crunchbase.com/assets/images/resized/0036/8113/368113v2-max-450x450.png"]],
    "attribution": null}],
 "external_links":
  [{"external_url": "http://www.deutsche-startups.de/2013/08/07/allianz-digital-accelerator-startet/",
    "title": "Allianz Digital Accelerator geht an den Start"}],
 "partners":
  [{"partner_name": "angel_list",
    "homepage_url": "http://digital-accelerator.com",
    "link_1_url": "https://angel.co/allianz-digital-accelerator",
    "link_2_url": null,
    "link_3_url": null,
    "link_1_name": "AngelList Page",
    "link_2_name": null,
    "link_3_name": null}]}
