{"name": "Allpro",
 "permalink": "allpro",
 "crunchbase_url": "http://www.crunchbase.com/company/allpro",
 "homepage_url": "http://www.allpro.eu",
 "blog_url": "",
 "blog_feed_url": "",
 "twitter_username": "sarahjames486",
 "category_code": "games_video",
 "number_of_employees": 4,
 "founded_year": null,
 "founded_month": null,
 "founded_day": null,
 "deadpooled_year": null,
 "deadpooled_month": null,
 "deadpooled_day": null,
 "deadpooled_url": null,
 "tag_list": "",
 "alias_list": null,
 "email_address": "sarahjames486@gmail.com",
 "phone_number": "",
 "description": "Online Gambling",
 "created_at": "Tue Aug 13 10:53:03 UTC 2013",
 "updated_at": "Tue Aug 13 20:31:44 UTC 2013",
 "overview": "\u003Cp\u003EAllpro are an online gambling company which is basically an online marketing company.\u003C/p\u003E\n\n\u003Cp\u003EThe company is looking for further acquisitions in this or related areas.\u003C/p\u003E",
 "image": null,
 "products":
  [],
 "relationships":
  [{"is_past": true,
    "title": "Marketing",
    "person":
     {"first_name": "Leslie",
      "last_name": "Gilmour",
      "permalink": "leslie-gilmour"}},
   {"is_past": true,
    "title": "Marketing",
    "person":
     {"first_name": "Sarah",
      "last_name": "James",
      "permalink": "sarah-james-2"}}],
 "competitions":
  [],
 "providerships":
  [],
 "total_money_raised": "$0",
 "funding_rounds":
  [],
 "investments":
  [],
 "acquisition": null,
 "acquisitions":
  [],
 "offices":
  [{"description": "HQ",
    "address1": "64 Lower Mount Street",
    "address2": "Dublin 2",
    "zip_code": "D2",
    "city": "Dublin",
    "state_code": null,
    "country_code": "IRL",
    "latitude": 53.3393755,
    "longitude": -6.245569}],
 "milestones":
  [],
 "ipo": null,
 "video_embeds":
  [],
 "screenshots":
  [],
 "external_links":
  [],
 "partners":
  []}
