{"name": "Almost Family",
 "permalink": "almost-family",
 "crunchbase_url": "http://www.crunchbase.com/company/almost-family",
 "homepage_url": "http://almostfamily.com",
 "blog_url": "",
 "blog_feed_url": "",
 "twitter_username": null,
 "category_code": "medical",
 "number_of_employees": null,
 "founded_year": 1976,
 "founded_month": null,
 "founded_day": null,
 "deadpooled_year": null,
 "deadpooled_month": null,
 "deadpooled_day": null,
 "deadpooled_url": null,
 "tag_list": "",
 "alias_list": "",
 "email_address": "",
 "phone_number": "502.891.1000",
 "description": "",
 "created_at": "Thu Aug 01 09:43:26 UTC 2013",
 "updated_at": "Thu Feb 13 06:15:48 UTC 2014",
 "overview": "\u003Cp\u003EAlmost Family is a leading provider of home health nursing, rehabilitation and personal care services. We are a family of companies with names you can trust. For over thirty years, we have been providing skilled compassionate home health care in our local communities. We bring our expertise into the home - the ideal setting to promote healing, comfort and support to those facing the challenges of aging. Our Senior Advocacy philosophy addresses these challenges in a revolutionary new way. Our clinical team looks beyond the obvious needs of the patient to become advocates in all dimensions of physical, mental and emotional well-being. Our goal is to promote independence, allowing seniors to age in place for as long as possible.\u003C/p\u003E",
 "image":
  {"available_sizes":
    [[[150,
       64],
      "http://api-images.crunchbase.com/assets/images/resized/0030/0115/300115v1-max-150x150.jpg"],
     [[232,
       100],
      "http://api-images.crunchbase.com/assets/images/resized/0030/0115/300115v1-max-250x250.jpg"],
     [[232,
       100],
      "http://api-images.crunchbase.com/assets/images/resized/0030/0115/300115v1-max-450x450.jpg"]],
   "attribution": null},
 "products":
  [],
 "relationships":
  [{"is_past": false,
    "title": "Chairman \u0026 CEO",
    "person":
     {"first_name": "William",
      "last_name": "B. Yarmuth",
      "permalink": "william-b-yarmuth"}},
   {"is_past": false,
    "title": "Senior Vice President \u0026 Chief Clinical Officer",
    "person":
     {"first_name": "Raj",
      "last_name": "Kaushal",
      "permalink": "raj-kaushal"}}],
 "competitions":
  [],
 "providerships":
  [],
 "total_money_raised": "$0",
 "funding_rounds":
  [],
 "investments":
  [],
 "acquisition": null,
 "acquisitions":
  [],
 "offices":
  [{"description": "",
    "address1": "9510 Ormsby Station Road",
    "address2": "Suite 300",
    "zip_code": "40223",
    "city": "Louisville",
    "state_code": "KY",
    "country_code": "USA",
    "latitude": null,
    "longitude": null}],
 "milestones":
  [],
 "ipo": null,
 "video_embeds":
  [],
 "screenshots":
  [{"available_sizes":
     [[[150,
        89],
       "http://api-images.crunchbase.com/assets/images/resized/0030/0114/300114v1-max-150x150.jpg"],
      [[250,
        148],
       "http://api-images.crunchbase.com/assets/images/resized/0030/0114/300114v1-max-250x250.jpg"],
      [[450,
        267],
       "http://api-images.crunchbase.com/assets/images/resized/0030/0114/300114v1-max-450x450.jpg"]],
    "attribution": null}],
 "external_links":
  [],
 "partners":
  []}
