{"name": "ALOSKO",
 "permalink": "alosko",
 "crunchbase_url": "http://www.crunchbase.com/company/alosko",
 "homepage_url": "http://www.alosko.com",
 "blog_url": "https://www.alosko.com/blog",
 "blog_feed_url": "",
 "twitter_username": "ALOSKOapp",
 "category_code": "education",
 "number_of_employees": 5,
 "founded_year": 2013,
 "founded_month": 5,
 "founded_day": 9,
 "deadpooled_year": null,
 "deadpooled_month": null,
 "deadpooled_day": null,
 "deadpooled_url": null,
 "tag_list": "",
 "alias_list": "",
 "email_address": "dp@alosko.com",
 "phone_number": "+79214431090",
 "description": "Student attendance management system",
 "created_at": "Sun Jul 28 19:15:08 UTC 2013",
 "updated_at": "Mon Jan 13 05:41:21 UTC 2014",
 "overview": "\u003Cp\u003EStudent Attendance Management System\u003C/p\u003E",
 "image":
  {"available_sizes":
    [[[150,
       150],
      "http://api-images.crunchbase.com/assets/images/resized/0030/4629/304629v2-max-150x150.png"],
     [[250,
       250],
      "http://api-images.crunchbase.com/assets/images/resized/0030/4629/304629v2-max-250x250.png"],
     [[340,
       340],
      "http://api-images.crunchbase.com/assets/images/resized/0030/4629/304629v2-max-450x450.png"]],
   "attribution": null},
 "products":
  [],
 "relationships":
  [{"is_past": false,
    "title": "CEO",
    "person":
     {"first_name": "Grigorii",
      "last_name": "Liubachev",
      "permalink": "grigorii-liubachev"}},
   {"is_past": false,
    "title": "CTO",
    "person":
     {"first_name": "Dmitry",
      "last_name": "Platonov",
      "permalink": "dmitry-platonov"}}],
 "competitions":
  [],
 "providerships":
  [],
 "total_money_raised": "$50k",
 "funding_rounds":
  [{"id": 43918,
    "round_code": "seed",
    "source_url": "",
    "source_description": "",
    "raised_amount": 50000.0,
    "raised_currency_code": "USD",
    "funded_year": 2013,
    "funded_month": 6,
    "funded_day": 12,
    "investments":
     [{"company": null,
       "financial_org": null,
       "person":
        {"first_name": "Dmitry",
         "last_name": "Platonov",
         "permalink": "dmitry-platonov"}},
      {"company": null,
       "financial_org": null,
       "person":
        {"first_name": "Grigorii",
         "last_name": "Liubachev",
         "permalink": "grigorii-liubachev"}}]}],
 "investments":
  [],
 "acquisition": null,
 "acquisitions":
  [],
 "offices":
  [{"description": "Alosko HQ",
    "address1": "9",
    "address2": "Gjuterigatan",
    "zip_code": "553 18",
    "city": "J\u00f6nk\u00f6ping",
    "state_code": null,
    "country_code": "SWE",
    "latitude": null,
    "longitude": null}],
 "milestones":
  [],
 "ipo": null,
 "video_embeds":
  [],
 "screenshots":
  [{"available_sizes":
     [[[84,
        150],
       "http://api-images.crunchbase.com/assets/images/resized/0031/9288/319288v2-max-150x150.png"],
      [[140,
        250],
       "http://api-images.crunchbase.com/assets/images/resized/0031/9288/319288v2-max-250x250.png"],
      [[253,
        450],
       "http://api-images.crunchbase.com/assets/images/resized/0031/9288/319288v2-max-450x450.png"]],
    "attribution": null},
   {"available_sizes":
     [[[84,
        150],
       "http://api-images.crunchbase.com/assets/images/resized/0031/9293/319293v2-max-150x150.png"],
      [[140,
        250],
       "http://api-images.crunchbase.com/assets/images/resized/0031/9293/319293v2-max-250x250.png"],
      [[253,
        450],
       "http://api-images.crunchbase.com/assets/images/resized/0031/9293/319293v2-max-450x450.png"]],
    "attribution": null},
   {"available_sizes":
     [[[84,
        150],
       "http://api-images.crunchbase.com/assets/images/resized/0031/9294/319294v2-max-150x150.png"],
      [[140,
        250],
       "http://api-images.crunchbase.com/assets/images/resized/0031/9294/319294v2-max-250x250.png"],
      [[253,
        450],
       "http://api-images.crunchbase.com/assets/images/resized/0031/9294/319294v2-max-450x450.png"]],
    "attribution": null},
   {"available_sizes":
     [[[84,
        150],
       "http://api-images.crunchbase.com/assets/images/resized/0031/9295/319295v2-max-150x150.png"],
      [[140,
        250],
       "http://api-images.crunchbase.com/assets/images/resized/0031/9295/319295v2-max-250x250.png"],
      [[253,
        450],
       "http://api-images.crunchbase.com/assets/images/resized/0031/9295/319295v2-max-450x450.png"]],
    "attribution": null},
   {"available_sizes":
     [[[84,
        150],
       "http://api-images.crunchbase.com/assets/images/resized/0031/9296/319296v2-max-150x150.png"],
      [[140,
        250],
       "http://api-images.crunchbase.com/assets/images/resized/0031/9296/319296v2-max-250x250.png"],
      [[253,
        450],
       "http://api-images.crunchbase.com/assets/images/resized/0031/9296/319296v2-max-450x450.png"]],
    "attribution": null},
   {"available_sizes":
     [[[84,
        150],
       "http://api-images.crunchbase.com/assets/images/resized/0031/9297/319297v2-max-150x150.png"],
      [[140,
        250],
       "http://api-images.crunchbase.com/assets/images/resized/0031/9297/319297v2-max-250x250.png"],
      [[253,
        450],
       "http://api-images.crunchbase.com/assets/images/resized/0031/9297/319297v2-max-450x450.png"]],
    "attribution": null},
   {"available_sizes":
     [[[150,
        103],
       "http://api-images.crunchbase.com/assets/images/resized/0031/9298/319298v2-max-150x150.png"],
      [[250,
        172],
       "http://api-images.crunchbase.com/assets/images/resized/0031/9298/319298v2-max-250x250.png"],
      [[450,
        310],
       "http://api-images.crunchbase.com/assets/images/resized/0031/9298/319298v2-max-450x450.png"]],
    "attribution": null},
   {"available_sizes":
     [[[150,
        109],
       "http://api-images.crunchbase.com/assets/images/resized/0032/0207/320207v2-max-150x150.png"],
      [[250,
        182],
       "http://api-images.crunchbase.com/assets/images/resized/0032/0207/320207v2-max-250x250.png"],
      [[450,
        328],
       "http://api-images.crunchbase.com/assets/images/resized/0032/0207/320207v2-max-450x450.png"]],
    "attribution": null}],
 "external_links":
  [],
 "partners":
  []}
