{"name": "Alpari (UK)",
 "permalink": "alpari-uk",
 "crunchbase_url": "http://www.crunchbase.com/company/alpari-uk",
 "homepage_url": "http://www.alpari.co.uk",
 "blog_url": "http://www.alpari.co.uk/newsroom/",
 "blog_feed_url": "http://www.alpari.co.uk/newsroom/feed/",
 "twitter_username": "AlpariUKForex",
 "category_code": "finance",
 "number_of_employees": 630,
 "founded_year": 2004,
 "founded_month": 11,
 "founded_day": 11,
 "deadpooled_year": null,
 "deadpooled_month": null,
 "deadpooled_day": null,
 "deadpooled_url": null,
 "tag_list": "forex, forex-trading, commodities-broker",
 "alias_list": null,
 "email_address": "support@alpari.com",
 "phone_number": "+44 20 7426 2800",
 "description": "Commodities brokers",
 "created_at": "Fri Aug 02 09:31:45 UTC 2013",
 "updated_at": "Fri Aug 02 22:31:47 UTC 2013",
 "overview": "\u003Cp\u003EAlpari (UK) are commodities brokers founded by Andrey Vedikhin, CEO and regulated by the FCA, the company brokers foreign exchange (FX, forex), precious metals and CFDs\u003C/p\u003E",
 "image":
  {"available_sizes":
    [[[150,
       150],
      "http://api-images.crunchbase.com/assets/images/resized/0030/0825/300825v2-max-150x150.png"],
     [[250,
       250],
      "http://api-images.crunchbase.com/assets/images/resized/0030/0825/300825v2-max-250x250.png"],
     [[283,
       283],
      "http://api-images.crunchbase.com/assets/images/resized/0030/0825/300825v2-max-450x450.png"]],
   "attribution": null},
 "products":
  [],
 "relationships":
  [],
 "competitions":
  [],
 "providerships":
  [],
 "total_money_raised": "$0",
 "funding_rounds":
  [],
 "investments":
  [],
 "acquisition": null,
 "acquisitions":
  [],
 "offices":
  [{"description": "Alpari (UK) Headquarters",
    "address1": "5th Floor, 201 Bishopsgate",
    "address2": "City of London",
    "zip_code": "EC2M 3AB",
    "city": "London",
    "state_code": null,
    "country_code": "GBR",
    "latitude": 51.5205469,
    "longitude": -0.0795865}],
 "milestones":
  [],
 "ipo": null,
 "video_embeds":
  [],
 "screenshots":
  [],
 "external_links":
  [{"external_url": "http://www.ibtimes.com/alpari-uk-be-headline-sponsor-london-investor-show-forex-265089",
    "title": "Alpari UK to be headline sponsor of the London Investor Show FOREX"},
   {"external_url": "http://www.fsa.gov.uk/register/firmBasicDetails.do?sid=167495",
    "title": "FSA - Registration Details"},
   {"external_url": "http://www.fca.org.uk/static/pubs/other/cf10a_firm.pdf",
    "title": "FCA - Individuals currently approved for CF10a - CASS Operational Oversight Sorted by firm"},
   {"external_url": "http://www.bbc.co.uk/news/business-14503862",
    "title": "Alpari's James Hughes interviewed on the BBC"}],
 "partners":
  []}
