{"name": "AlphaEMS Corp",
 "permalink": "alphaems-corp",
 "crunchbase_url": "http://www.crunchbase.com/company/alphaems-corp",
 "homepage_url": "http://www.alphaemscorp.com",
 "blog_url": "",
 "blog_feed_url": "",
 "twitter_username": null,
 "category_code": "manufacturing",
 "number_of_employees": null,
 "founded_year": 2003,
 "founded_month": null,
 "founded_day": null,
 "deadpooled_year": null,
 "deadpooled_month": null,
 "deadpooled_day": null,
 "deadpooled_url": null,
 "tag_list": "printed-circuit-board-assembly, pcb-manufacturing, pcb-assembly, pcb-prototypes, flexible-pcb-assembly, bga-assembly-and-inspection, circuit-board-test",
 "alias_list": null,
 "email_address": "ericchang@alphaemscorp.com",
 "phone_number": "510-498-8788",
 "description": "PCB design and assembly",
 "created_at": "Tue Aug 06 20:59:19 UTC 2013",
 "updated_at": "Wed Mar 12 03:16:45 UTC 2014",
 "overview": "\u003Cp\u003EAlphaEMS Corporation is a printed circuit board assembly company that was founded in 2003 by a group of former Solectron and A-Plus key executives. \u003C/p\u003E\n\n\u003Cp\u003EWe provide printed circuit board prototyping and ongoing PCB assembly production services of any quantity. Our printed circuit board assembly services include PCB design layout, material purchasing, assembly, warehousing, order management and full testing and quality assurance.\u003C/p\u003E\n\n\u003Cp\u003EInnovative design engineers have come to trust AlphaEMS for our PCB quality and fast turnaround times. AlphaEMS serves a broad range of printed circuit board design engineers throughout Silicon Valley across a broad range of electronic industries, including Medical, High-End Industrial, Industrial PC, Military, Mobile/Wireless, Networking and Semi Equipment.\u003C/p\u003E",
 "image":
  {"available_sizes":
    [[[150,
       98],
      "http://api-images.crunchbase.com/assets/images/resized/0030/2806/302806v2-max-150x150.jpg"],
     [[229,
       151],
      "http://api-images.crunchbase.com/assets/images/resized/0030/2806/302806v2-max-250x250.jpg"],
     [[229,
       151],
      "http://api-images.crunchbase.com/assets/images/resized/0030/2806/302806v2-max-450x450.jpg"]],
   "attribution": null},
 "products":
  [],
 "relationships":
  [{"is_past": false,
    "title": "Co-Founder, Vice President of Material",
    "person":
     {"first_name": "Shulin",
      "last_name": "Chen",
      "permalink": "shulin-chen"}},
   {"is_past": false,
    "title": "Co-Founder, President and Chief Executive Officer",
    "person":
     {"first_name": "Eric",
      "last_name": "Chang",
      "permalink": "eric-chang-2"}},
   {"is_past": false,
    "title": "Chief Financial Officer",
    "person":
     {"first_name": "Eric",
      "last_name": "Liaw",
      "permalink": "eric-liaw-3"}},
   {"is_past": false,
    "title": "Vice President of Operations",
    "person":
     {"first_name": "Bill",
      "last_name": "Yee",
      "permalink": "bill-yee"}}],
 "competitions":
  [],
 "providerships":
  [],
 "total_money_raised": "$0",
 "funding_rounds":
  [],
 "investments":
  [],
 "acquisition": null,
 "acquisitions":
  [],
 "offices":
  [{"description": "Opened 2008",
    "address1": "44193 S. Grimmer Blvd",
    "address2": "",
    "zip_code": "94539",
    "city": "Fremont",
    "state_code": "CA",
    "country_code": "USA",
    "latitude": 37.5029803,
    "longitude": -121.9559685},
   {"description": "Open 2012",
    "address1": "44181 S. Grimmer Blvd.",
    "address2": "",
    "zip_code": "94538",
    "city": "Fremont",
    "state_code": "CA",
    "country_code": "USA",
    "latitude": 37.5031206,
    "longitude": -121.9561683}],
 "milestones":
  [],
 "ipo": null,
 "video_embeds":
  [],
 "screenshots":
  [{"available_sizes":
     [[[150,
        97],
       "http://api-images.crunchbase.com/assets/images/resized/0030/2804/302804v2-max-150x150.png"],
      [[250,
        163],
       "http://api-images.crunchbase.com/assets/images/resized/0030/2804/302804v2-max-250x250.png"],
      [[450,
        293],
       "http://api-images.crunchbase.com/assets/images/resized/0030/2804/302804v2-max-450x450.png"]],
    "attribution": null},
   {"available_sizes":
     [[[150,
        97],
       "http://api-images.crunchbase.com/assets/images/resized/0030/2805/302805v2-max-150x150.png"],
      [[250,
        163],
       "http://api-images.crunchbase.com/assets/images/resized/0030/2805/302805v2-max-250x250.png"],
      [[450,
        293],
       "http://api-images.crunchbase.com/assets/images/resized/0030/2805/302805v2-max-450x450.png"]],
    "attribution": null},
   {"available_sizes":
     [[[150,
        52],
       "http://api-images.crunchbase.com/assets/images/resized/0043/2326/432326v2-max-150x150.jpg"],
      [[250,
        86],
       "http://api-images.crunchbase.com/assets/images/resized/0043/2326/432326v2-max-250x250.jpg"],
      [[450,
        156],
       "http://api-images.crunchbase.com/assets/images/resized/0043/2326/432326v2-max-450x450.jpg"]],
    "attribution": null}],
 "external_links":
  [{"external_url": "http://www.prweb.com/releases/2013/10/prweb11228638.htm",
    "title": "City of Fremont Presents Appreciation Award to Printed Circuit Board Assembler, AlphaEMS"}],
 "partners":
  []}
