{"name": "Alpha Wolf Investments",
 "permalink": "alpha-wolf-investments",
 "crunchbase_url": "http://www.crunchbase.com/company/alpha-wolf-investments",
 "homepage_url": null,
 "blog_url": null,
 "blog_feed_url": null,
 "twitter_username": null,
 "category_code": null,
 "number_of_employees": null,
 "founded_year": null,
 "founded_month": null,
 "founded_day": null,
 "deadpooled_year": null,
 "deadpooled_month": null,
 "deadpooled_day": null,
 "deadpooled_url": null,
 "tag_list": null,
 "alias_list": null,
 "email_address": null,
 "phone_number": null,
 "description": null,
 "created_at": "Wed Jul 10 22:56:00 UTC 2013",
 "updated_at": "Thu Jul 11 04:26:03 UTC 2013",
 "overview": null,
 "image": null,
 "products":
  [],
 "relationships":
  [],
 "competitions":
  [],
 "providerships":
  [],
 "total_money_raised": "$0",
 "funding_rounds":
  [],
 "investments":
  [{"funding_round":
     {"round_code": "seed",
      "source_url": "",
      "source_description": "",
      "raised_amount": null,
      "raised_currency_code": "USD",
      "funded_year": 2013,
      "funded_month": 7,
      "funded_day": 8,
      "company":
       {"name": "My Dog Bowl",
        "permalink": "petlist"}}}],
 "acquisition": null,
 "acquisitions":
  [],
 "offices":
  [],
 "milestones":
  [],
 "ipo": null,
 "video_embeds":
  [],
 "screenshots":
  [],
 "external_links":
  [],
 "partners":
  []}
