{"name": "Alumni Spaces",
 "permalink": "alumni-spaces",
 "crunchbase_url": "http://www.crunchbase.com/company/alumni-spaces",
 "homepage_url": "http://alumnispaces.com",
 "blog_url": "",
 "blog_feed_url": "",
 "twitter_username": "alumnispaces",
 "category_code": "other",
 "number_of_employees": 3,
 "founded_year": 2011,
 "founded_month": 11,
 "founded_day": null,
 "deadpooled_year": null,
 "deadpooled_month": null,
 "deadpooled_day": null,
 "deadpooled_url": null,
 "tag_list": "alumni-associations, social-broadcaster, news-update",
 "alias_list": null,
 "email_address": "contact@alumnispaces.com",
 "phone_number": "917-520-3794",
 "description": "Helping alumni associations communicate.",
 "created_at": "Wed Jul 24 23:06:14 UTC 2013",
 "updated_at": "Tue Oct 29 06:39:45 UTC 2013",
 "overview": "\u003Cp\u003EAlumni Spaces offers tools used by alumni associations and their local groups that help them communicate online and better serve their fellow alumni. On the local level, chapters have a stronger web presence with our easy to use website platform and custom designed template. On the national level, administrators have a better understanding of their member base with easy to understand reports that we generate from the data entered into their local chapters website. \u003C/p\u003E",
 "image":
  {"available_sizes":
    [[[150,
       128],
      "http://api-images.crunchbase.com/assets/images/resized/0029/5863/295863v2-max-150x150.png"],
     [[250,
       214],
      "http://api-images.crunchbase.com/assets/images/resized/0029/5863/295863v2-max-250x250.png"],
     [[450,
       385],
      "http://api-images.crunchbase.com/assets/images/resized/0029/5863/295863v2-max-450x450.png"]],
   "attribution": null},
 "products":
  [],
 "relationships":
  [{"is_past": false,
    "title": "Founder",
    "person":
     {"first_name": "Rachel",
      "last_name": "Anderson",
      "permalink": "rachel-anderson"}},
   {"is_past": false,
    "title": "Founder",
    "person":
     {"first_name": "Andrew",
      "last_name": "Cafourek",
      "permalink": "andrew-cafourek"}},
   {"is_past": false,
    "title": "Co-Founder",
    "person":
     {"first_name": "Nick",
      "last_name": "Trusty",
      "permalink": "nick-trusty"}}],
 "competitions":
  [],
 "providerships":
  [],
 "total_money_raised": "$0",
 "funding_rounds":
  [],
 "investments":
  [],
 "acquisition": null,
 "acquisitions":
  [],
 "offices":
  [{"description": "Office",
    "address1": "181 York St",
    "address2": "5B Brooklyn",
    "zip_code": "11201",
    "city": "New York City",
    "state_code": "NY",
    "country_code": "USA",
    "latitude": null,
    "longitude": null}],
 "milestones":
  [],
 "ipo": null,
 "video_embeds":
  [{"embed_code": "\u003Ciframe src=\"//player.vimeo.com/video/76466044\" width=\"420\" height=\"281\" webkitallowfullscreen mozallowfullscreen allowfullscreen\u003E\u003C/iframe\u003E",
    "description": "\u003Cp\u003EVideo\u003C/p\u003E"}],
 "screenshots":
  [{"available_sizes":
     [[[150,
        115],
       "http://api-images.crunchbase.com/assets/images/resized/0034/9742/349742v1-max-150x150.jpg"],
      [[250,
        192],
       "http://api-images.crunchbase.com/assets/images/resized/0034/9742/349742v1-max-250x250.jpg"],
      [[373,
        287],
       "http://api-images.crunchbase.com/assets/images/resized/0034/9742/349742v1-max-450x450.jpg"]],
    "attribution": null},
   {"available_sizes":
     [[[130,
        150],
       "http://api-images.crunchbase.com/assets/images/resized/0034/9743/349743v1-max-150x150.jpg"],
      [[216,
        250],
       "http://api-images.crunchbase.com/assets/images/resized/0034/9743/349743v1-max-250x250.jpg"],
      [[249,
        287],
       "http://api-images.crunchbase.com/assets/images/resized/0034/9743/349743v1-max-450x450.jpg"]],
    "attribution": null}],
 "external_links":
  [],
 "partners":
  [{"partner_name": "angel_list",
    "homepage_url": "http://alumnispaces.com",
    "link_1_url": "https://angel.co/alumni-spaces",
    "link_2_url": null,
    "link_3_url": null,
    "link_1_name": "AngelList Page",
    "link_2_name": null,
    "link_3_name": null}]}
