{"name": "Amanda Donis Therapeutic Massage",
 "permalink": "amanda-donis-therapeutic-massage",
 "crunchbase_url": "http://www.crunchbase.com/company/amanda-donis-therapeutic-massage",
 "homepage_url": "http://www.amandadonismassage.com",
 "blog_url": "http://www.amandadonismassage.com/blog/",
 "blog_feed_url": "http://www.amandadonismassage.com/feed/",
 "twitter_username": null,
 "category_code": "health",
 "number_of_employees": 1,
 "founded_year": 2002,
 "founded_month": 4,
 "founded_day": null,
 "deadpooled_year": null,
 "deadpooled_month": null,
 "deadpooled_day": null,
 "deadpooled_url": null,
 "tag_list": "massage-therapy, therapeutic-massage, orthopedic-massage, myofascial-release, pregnancy-massage, pre-natal-massage-post-partum-massage",
 "alias_list": null,
 "email_address": "staff@amandadonismassage.com",
 "phone_number": "9176882435",
 "description": "Amanda Donis Therapeutic Massage",
 "created_at": "Thu Jul 25 22:31:01 UTC 2013",
 "updated_at": "Fri Jul 26 14:14:31 UTC 2013",
 "overview": "\u003Cp\u003ELicensed massage therapist services in NYC, midtown Chelsea  providing therapeutic massage. \u003C/p\u003E\n\n\u003Cp\u003ESpecialized massage to resolve pain, increase mobility, or improve overall sense of well-being. Amanda Donis cooperates other healthcare providers such as acupuncturists, chiropractors, or personal trainers to ensure you receive the best overall care. Each massage session is tailored to address immediate and ongoing needs. She reviews medical history with each client and performs other assessments of health before starting therapeutic services.\u003C/p\u003E\n\n\u003Cp\u003EShe uses Myofascial release with other specialized massage techniques to assist patients with a wide variety of musculo-skeletal problems. She helps people overcome stresses from office work, improve athletic performance, and increase overall health. She also uses her broad knowledge of massage and women\u0026#8217;s health to practice pre-natal and post-partum massage. She is certified in pre-natal massage to ensure her clients\u0026#8217; safety and comfort. \u003C/p\u003E\n\n\u003Cp\u003EShe endeavors to help clients continue their healing outsider her office by recommending exercise, stretching, and modifications to habits and environment to prevent re-occurrence of painful or uncomfortable symptoms. \u003C/p\u003E",
 "image":
  {"available_sizes":
    [[[150,
       96],
      "http://api-images.crunchbase.com/assets/images/resized/0029/7083/297083v2-max-150x150.jpg"],
     [[250,
       160],
      "http://api-images.crunchbase.com/assets/images/resized/0029/7083/297083v2-max-250x250.jpg"],
     [[450,
       289],
      "http://api-images.crunchbase.com/assets/images/resized/0029/7083/297083v2-max-450x450.jpg"]],
   "attribution": null},
 "products":
  [],
 "relationships":
  [],
 "competitions":
  [],
 "providerships":
  [],
 "total_money_raised": "$0",
 "funding_rounds":
  [],
 "investments":
  [],
 "acquisition": null,
 "acquisitions":
  [],
 "offices":
  [{"description": "NYC Midtown Chelsea",
    "address1": "250 W 26th St, 4th floor",
    "address2": "",
    "zip_code": "10001",
    "city": "New York",
    "state_code": "NY",
    "country_code": "USA",
    "latitude": 40.746717,
    "longitude": -73.9962418}],
 "milestones":
  [],
 "ipo": null,
 "video_embeds":
  [],
 "screenshots":
  [],
 "external_links":
  [],
 "partners":
  []}
