{"name": "American BioCare",
 "permalink": "american-biocare",
 "crunchbase_url": "http://www.crunchbase.com/company/american-biocare",
 "homepage_url": "http://ambiocare.com",
 "blog_url": "",
 "blog_feed_url": "",
 "twitter_username": null,
 "category_code": "biotech",
 "number_of_employees": 160,
 "founded_year": 1997,
 "founded_month": null,
 "founded_day": null,
 "deadpooled_year": null,
 "deadpooled_month": null,
 "deadpooled_day": null,
 "deadpooled_url": null,
 "tag_list": "",
 "alias_list": "",
 "email_address": "pdonelan@ambiocare.com",
 "phone_number": " 248-275-1440",
 "description": "",
 "created_at": "Wed Jul 31 12:15:11 UTC 2013",
 "updated_at": "Tue Jan 14 13:04:16 UTC 2014",
 "overview": "\u003Cp\u003EAmerican BioCare is a holding companu focused on distinctive health care services providers converging on the treatment of patients in the home.  Our goal is to provide world-class medical, skilled, therapy and personal care services in the most comfortable and cost-effective settings to a broad customer base in the United States.   Our operating success is driven by superior patient outcomes and service quality, prudent labor and cost management and developments in back office systems technologies.\u003C/p\u003E",
 "image":
  {"available_sizes":
    [[[124,
       150],
      "http://api-images.crunchbase.com/assets/images/resized/0029/9596/299596v1-max-150x150.png"],
     [[207,
       250],
      "http://api-images.crunchbase.com/assets/images/resized/0029/9596/299596v1-max-250x250.png"],
     [[254,
       306],
      "http://api-images.crunchbase.com/assets/images/resized/0029/9596/299596v1-max-450x450.png"]],
   "attribution": null},
 "products":
  [],
 "relationships":
  [{"is_past": false,
    "title": "Chairman, President \u0026 CEO",
    "person":
     {"first_name": "GARY",
      "last_name": "D. LEWIS",
      "permalink": "gary-d-lewis"}},
   {"is_past": false,
    "title": "CFO",
    "person":
     {"first_name": "JOHN",
      "last_name": "F. CLARKE",
      "permalink": "john-f-clarke"}},
   {"is_past": false,
    "title": "Chief Compliance Officer",
    "person":
     {"first_name": "JULIE",
      "last_name": "G. COMBS",
      "permalink": "julie-g-combs"}}],
 "competitions":
  [],
 "providerships":
  [],
 "total_money_raised": "$1.81M",
 "funding_rounds":
  [{"id": 44303,
    "round_code": "partial",
    "source_url": "http://www.sec.gov/Archives/edgar/data/1096935/000109693512000002/xslFormDX01/primary_doc.xml",
    "source_description": "SEC",
    "raised_amount": 1001500.0,
    "raised_currency_code": "USD",
    "funded_year": 2012,
    "funded_month": 7,
    "funded_day": 25,
    "investments":
     []},
   {"id": 47773,
    "round_code": "unattributed",
    "source_url": "http://www.sec.gov/Archives/edgar/data/1096935/000109693512000001/xslFormDX01/primary_doc.xml",
    "source_description": "SEC",
    "raised_amount": 553731.0,
    "raised_currency_code": "USD",
    "funded_year": 2012,
    "funded_month": 1,
    "funded_day": 20,
    "investments":
     []},
   {"id": 61062,
    "round_code": "partial",
    "source_url": "http://www.sec.gov/Archives/edgar/data/1096935/000109693510000014/xslFormDX01/primary_doc.xml",
    "source_description": "SEC",
    "raised_amount": 249999.0,
    "raised_currency_code": "USD",
    "funded_year": 2010,
    "funded_month": 12,
    "funded_day": 22,
    "investments":
     []}],
 "investments":
  [],
 "acquisition": null,
 "acquisitions":
  [],
 "offices":
  [{"description": "",
    "address1": "101 West Big Beaver Road",
    "address2": "Suite 1400",
    "zip_code": "48084",
    "city": "Troy",
    "state_code": "MI",
    "country_code": "USA",
    "latitude": 42.5607798,
    "longitude": -83.1497556}],
 "milestones":
  [],
 "ipo": null,
 "video_embeds":
  [],
 "screenshots":
  [{"available_sizes":
     [[[150,
        69],
       "http://api-images.crunchbase.com/assets/images/resized/0029/9595/299595v1-max-150x150.png"],
      [[250,
        115],
       "http://api-images.crunchbase.com/assets/images/resized/0029/9595/299595v1-max-250x250.png"],
      [[450,
        208],
       "http://api-images.crunchbase.com/assets/images/resized/0029/9595/299595v1-max-450x450.png"]],
    "attribution": null}],
 "external_links":
  [],
 "partners":
  []}
