{"name": "American International Gemologists",
 "permalink": "american-international-gemologists",
 "crunchbase_url": "http://www.crunchbase.com/company/american-international-gemologists",
 "homepage_url": "http://www.aiglabs.com",
 "blog_url": "http://americaninternationalgemologists.blogspot.com/",
 "blog_feed_url": "",
 "twitter_username": "aiglabs",
 "category_code": "local",
 "number_of_employees": 6,
 "founded_year": 1993,
 "founded_month": 8,
 "founded_day": 1,
 "deadpooled_year": null,
 "deadpooled_month": null,
 "deadpooled_day": null,
 "deadpooled_url": null,
 "tag_list": "jewelry-appraisers, jewelry-appraiser, westlake-village-jewelry-appraiser, calabasas-jewelry-appraiser, gemologist, gemologists, los-angeles-jewelry-appraiser, watch-appraiser",
 "alias_list": null,
 "email_address": "norman@aiglabs.com",
 "phone_number": "805-499-3012",
 "description": "Jewelry Appraisers ",
 "created_at": "Tue Aug 13 18:15:34 UTC 2013",
 "updated_at": "Mon Sep 09 05:35:27 UTC 2013",
 "overview": "\u003Cp\u003EWhile You Watch; While You Wait, Gem \u0026amp; Jewelry Appraisals!\u003C/p\u003E\n\n\u003Cp\u003EAmerican International Gemologists: AIG Labs; is a leading Gemological Laboratory \u0026amp; Jewelry Appraisal Center based in the Newbury Park area of Thousand Oaks California, near the Thousand Oaks Mall. \u003C/p\u003E\n\n\u003Cp\u003EAs The Center for Gem  \u0026amp; Jewelry EvaluationsTM. AIG Labs has offered the jewelry industry, insurance companies \u0026amp; the consumer; clear, concise, consistent, and expert diamond grading, gemstone identification, and jewelry appraisals for over twenty years.\u003C/p\u003E",
 "image": null,
 "products":
  [],
 "relationships":
  [{"is_past": true,
    "title": "Appraisal Photography",
    "person":
     {"first_name": "Evan",
      "last_name": "Cardilino",
      "permalink": "evan-cardilino"}}],
 "competitions":
  [],
 "providerships":
  [],
 "total_money_raised": "$0",
 "funding_rounds":
  [],
 "investments":
  [],
 "acquisition": null,
 "acquisitions":
  [],
 "offices":
  [{"description": "Thousand Oaks Ofice",
    "address1": "2715 Edgeview Ct.",
    "address2": "",
    "zip_code": "91320",
    "city": "Newbury Park",
    "state_code": "CA",
    "country_code": "USA",
    "latitude": null,
    "longitude": null}],
 "milestones":
  [],
 "ipo": null,
 "video_embeds":
  [],
 "screenshots":
  [],
 "external_links":
  [],
 "partners":
  []}
