{"name": "American Association of Inside Sales Professionals",
 "permalink": "american-association-of-inside-sales-professionals",
 "crunchbase_url": "http://www.crunchbase.com/company/american-association-of-inside-sales-professionals",
 "homepage_url": null,
 "blog_url": null,
 "blog_feed_url": null,
 "twitter_username": null,
 "category_code": null,
 "number_of_employees": null,
 "founded_year": null,
 "founded_month": null,
 "founded_day": null,
 "deadpooled_year": null,
 "deadpooled_month": null,
 "deadpooled_day": null,
 "deadpooled_url": null,
 "tag_list": null,
 "alias_list": null,
 "email_address": null,
 "phone_number": null,
 "description": null,
 "created_at": "Tue Jul 23 14:30:04 UTC 2013",
 "updated_at": "Tue Jul 23 14:30:04 UTC 2013",
 "overview": null,
 "image": null,
 "products":
  [],
 "relationships":
  [{"is_past": false,
    "title": "President",
    "person":
     {"first_name": "Michael",
      "last_name": "Critchfield",
      "permalink": "michael-critchfield"}},
   {"is_past": true,
    "title": "Advisory Board Member",
    "person":
     {"first_name": "David",
      "last_name": "Elkington",
      "permalink": "david-elkington"}},
   {"is_past": true,
    "title": "President of the Salt Lake City, Utah Chapter",
    "person":
     {"first_name": "Ken",
      "last_name": "Krogue",
      "permalink": "ken-krogue"}}],
 "competitions":
  [],
 "providerships":
  [],
 "total_money_raised": "$0",
 "funding_rounds":
  [],
 "investments":
  [],
 "acquisition": null,
 "acquisitions":
  [],
 "offices":
  [],
 "milestones":
  [],
 "ipo": null,
 "video_embeds":
  [],
 "screenshots":
  [],
 "external_links":
  [],
 "partners":
  []}
