{"name": "Amphivena Therapeutics",
 "permalink": "amphivena-therapeutics",
 "crunchbase_url": "http://www.crunchbase.com/company/amphivena-therapeutics",
 "homepage_url": null,
 "blog_url": "",
 "blog_feed_url": "",
 "twitter_username": null,
 "category_code": "biotech",
 "number_of_employees": null,
 "founded_year": 2012,
 "founded_month": null,
 "founded_day": null,
 "deadpooled_year": null,
 "deadpooled_month": null,
 "deadpooled_day": null,
 "deadpooled_url": null,
 "tag_list": "",
 "alias_list": "",
 "email_address": "",
 "phone_number": "(415) 994-6455",
 "description": "",
 "created_at": "Thu Jul 18 04:09:48 UTC 2013",
 "updated_at": "Mon Jul 29 05:31:11 UTC 2013",
 "overview": "\u003Cp\u003EAmphivena Therapeutics Inc., a newly created subsidiary of venture-backed Affimed Therapeutics AG , has raised $14 million in Series A financing and has granted Janssen Biotech an exclusive option to acquire the company.\u003C/p\u003E\n\n\u003Cp\u003EAffimed has used its TandAb technology to develop a pipeline of treatments for diseases such as Hodgkin lymphoma and non-Hodgkin lymphoma. Its new subsidiary, Amphivena, will use this technology to address hematologic malignancies, but specifics about its drug program and the indications it will pursue haven\u0026#8217;t been disclosed\u0026#8230;.\u003C/p\u003E",
 "image": null,
 "products":
  [],
 "relationships":
  [],
 "competitions":
  [],
 "providerships":
  [],
 "total_money_raised": "$14M",
 "funding_rounds":
  [{"id": 42974,
    "round_code": "a",
    "source_url": "http://pevc.dowjones.com/article?an=DJFVW00020130715e97fqwax2\u0026from=alert\u0026pid=32\u0026ReturnUrl=http%3a%2f%2fpevc.dowjones.com%2farticle%3fan%3dDJFVW00020130715e97fqwax2%26from%3dalert%26pid%3d32",
    "source_description": "Affimed Subsidiary Amphivena Raises $14M, Signs Deal With Janssen Biotech ",
    "raised_amount": 14000000.0,
    "raised_currency_code": "USD",
    "funded_year": 2013,
    "funded_month": 7,
    "funded_day": 15,
    "investments":
     []}],
 "investments":
  [],
 "acquisition": null,
 "acquisitions":
  [],
 "offices":
  [{"description": "",
    "address1": "45 JUNIPER STREET",
    "address2": "",
    "zip_code": "94103",
    "city": "SAN FRANCISCO",
    "state_code": "CA",
    "country_code": "USA",
    "latitude": 37.7716354,
    "longitude": -122.4124342}],
 "milestones":
  [],
 "ipo": null,
 "video_embeds":
  [],
 "screenshots":
  [],
 "external_links":
  [],
 "partners":
  []}
