{"name": "1000MIKES",
 "permalink": "1000mikes",
 "crunchbase_url": "http://www.crunchbase.com/company/1000mikes",
 "homepage_url": "http://www.1000mikes.com",
 "blog_url": "http://blog.1000mikes.com",
 "blog_feed_url": "http://blog.1000mikes.com/de/index.rdf",
 "twitter_username": null,
 "category_code": "web",
 "number_of_employees": 5,
 "founded_year": 2007,
 "founded_month": 11,
 "founded_day": 1,
 "deadpooled_year": null,
 "deadpooled_month": null,
 "deadpooled_day": null,
 "deadpooled_url": null,
 "tag_list": "audio-radio-live",
 "alias_list": null,
 "email_address": "info@1000mikes.com",
 "phone_number": "+49 40 8797691-0",
 "description": null,
 "created_at": "Sun Dec 07 21:26:02 UTC 2008",
 "updated_at": "Sun Dec 14 18:25:49 UTC 2008",
 "overview": "\u003Cp\u003E1000MIKES is Radio 2.0. Its users run their own live and interactive radio channels. They broadcast directly via their phone, or via the Internet using the 1000MIKES web phone that allows to stream with high audio quality. Past broadcasts can be put under a Creative Commons license and are available via RSS as a podcast or in the 1000MIKES archive. \u003C/p\u003E\n\n\u003Cp\u003E1000MIKES started April 2008 with its German version. It is very popular in Germany for live Sport coverage where fans broadcast themselves from soccer, ice hockey and basketball games. Also very popular are talk shows, where guests call in to the show, or event radios. \u003C/p\u003E\n\n\u003Cp\u003ESince autumn 2008, an English version is available. \u003C/p\u003E",
 "image":
  {"available_sizes":
    [[[149,
       150],
      "http://api-images.crunchbase.com/assets/images/resized/0003/1233/31233v2-max-150x150.jpg"],
     [[169,
       170],
      "http://api-images.crunchbase.com/assets/images/resized/0003/1233/31233v2-max-250x250.jpg"],
     [[169,
       170],
      "http://api-images.crunchbase.com/assets/images/resized/0003/1233/31233v2-max-450x450.jpg"]],
   "attribution": null},
 "products":
  [],
 "relationships":
  [{"is_past": false,
    "title": "CEO",
    "person":
     {"first_name": "Frank Felix",
      "last_name": "Debatin",
      "permalink": "frank-felix-debatin"}},
   {"is_past": false,
    "title": "CFO",
    "person":
     {"first_name": "Peter",
      "last_name": "Schweyer",
      "permalink": "peter-schweyer"}}],
 "competitions":
  [{"competitor":
     {"name": "Blog Talk Radio",
      "permalink": "blog-talk-radio"}},
   {"competitor":
     {"name": "TalkShoe",
      "permalink": "talkshoe"}}],
 "providerships":
  [],
 "total_money_raised": "$0",
 "funding_rounds":
  [],
 "investments":
  [],
 "acquisition": null,
 "acquisitions":
  [],
 "offices":
  [{"description": "Headquarters",
    "address1": "Bernstorffstra\u00c3\u0178e 99",
    "address2": "",
    "zip_code": "22765",
    "city": "Hamburg",
    "state_code": null,
    "country_code": "DEU",
    "latitude": 53.5571845,
    "longitude": 9.9584473}],
 "milestones":
  [],
 "ipo": null,
 "video_embeds":
  [],
 "screenshots":
  [{"available_sizes":
     [[[150,
        112],
       "http://api-images.crunchbase.com/assets/images/resized/0003/1232/31232v2-max-150x150.jpg"],
      [[250,
        187],
       "http://api-images.crunchbase.com/assets/images/resized/0003/1232/31232v2-max-250x250.jpg"],
      [[450,
        337],
       "http://api-images.crunchbase.com/assets/images/resized/0003/1232/31232v2-max-450x450.jpg"]],
    "attribution": null}],
 "external_links":
  [],
 "partners":
  []}
