{"name": "10East",
 "permalink": "10east",
 "crunchbase_url": "http://www.crunchbase.com/company/10east",
 "homepage_url": "http://www.10east.com",
 "blog_url": "",
 "blog_feed_url": "",
 "twitter_username": null,
 "category_code": "network_hosting",
 "number_of_employees": null,
 "founded_year": 2002,
 "founded_month": null,
 "founded_day": null,
 "deadpooled_year": null,
 "deadpooled_month": null,
 "deadpooled_day": null,
 "deadpooled_url": null,
 "tag_list": null,
 "alias_list": "",
 "email_address": "",
 "phone_number": "904-220-3627",
 "description": "builds and hosts business intelligence",
 "created_at": "Tue Jul 07 23:27:55 UTC 2009",
 "updated_at": "Tue Nov 03 15:23:53 UTC 2009",
 "overview": "\u003Cp\u003E10East Corp. builds and hosts business intelligence and business process management solutions to manage signal and communications infrastructure of railroad industry in North America. The company\u00e2\u20ac\u2122s business intelligence solutions include business process outsourcing, applications outsourcing, and business process transformation services, as well as application service provider services. It also provides RailDOCS, a mobile business platform, which provides companies with tools that enable the management of business intelligence, business processes, personnel, projects, and tasks. In addition, the company offers document management and logistics services. It provides systems and services to manage various aspects of the design, build, operate, and maintain processes on a railroad\u0026#8217;s fixed infrastructure. The company was founded in 2002 and is based in Jacksonville, Florida. As of April 14, 2009, 10East Corp. operates as a subsidiary of Railcar Management, LLC.\u003C/p\u003E",
 "image": null,
 "products":
  [],
 "relationships":
  [],
 "competitions":
  [],
 "providerships":
  [],
 "total_money_raised": "$0",
 "funding_rounds":
  [],
 "investments":
  [],
 "acquisition":
  {"price_amount": null,
   "price_currency_code": "USD",
   "term_code": null,
   "source_url": "",
   "source_description": "Capital Report Index",
   "acquired_year": 2009,
   "acquired_month": 4,
   "acquired_day": 14,
   "acquiring_company":
    {"name": "Railcar Management",
     "permalink": "railcar-management"}},
 "acquisitions":
  [],
 "offices":
  [{"description": "HQ",
    "address1": "1387 Cassat Avenue",
    "address2": "",
    "zip_code": "32205",
    "city": "Jacksonville",
    "state_code": "FL",
    "country_code": "USA",
    "latitude": null,
    "longitude": null}],
 "milestones":
  [],
 "ipo": null,
 "video_embeds":
  [],
 "screenshots":
  [],
 "external_links":
  [],
 "partners":
  []}
