{"name": "11870.com",
 "permalink": "11870-com",
 "crunchbase_url": "http://www.crunchbase.com/company/11870-com",
 "homepage_url": "http://11870.com",
 "blog_url": "http://11870.com/blog",
 "blog_feed_url": "http://11870.com/blog/feed/",
 "twitter_username": "11870",
 "category_code": "ecommerce",
 "number_of_employees": 22,
 "founded_year": 2006,
 "founded_month": 1,
 "founded_day": 1,
 "deadpooled_year": null,
 "deadpooled_month": null,
 "deadpooled_day": null,
 "deadpooled_url": null,
 "tag_list": "restaurants, hotels, shopping, daytime, nightlife, health-and-beauty, home-services-and-contractors",
 "alias_list": null,
 "email_address": "info@11870.com",
 "phone_number": "+34902550870",
 "description": "",
 "created_at": "Wed Dec 10 09:35:47 UTC 2008",
 "updated_at": "Wed Dec 11 03:15:53 UTC 2013",
 "overview": "\u003Cp\u003E11870.com way to save and share reviews, pictures and video of your favorite places and services and have them all close-at-hand.\u003C/p\u003E",
 "image":
  {"available_sizes":
    [[[150,
       30],
      "http://api-images.crunchbase.com/assets/images/resized/0003/1436/31436v2-max-150x150.png"],
     [[250,
       51],
      "http://api-images.crunchbase.com/assets/images/resized/0003/1436/31436v2-max-250x250.png"],
     [[450,
       92],
      "http://api-images.crunchbase.com/assets/images/resized/0003/1436/31436v2-max-450x450.png"]],
   "attribution": null},
 "products":
  [],
 "relationships":
  [{"is_past": false,
    "title": "Founder and board member",
    "person":
     {"first_name": "Fernando",
      "last_name": "Encinar",
      "permalink": "fernando-encinar"}},
   {"is_past": false,
    "title": "Founder and president",
    "person":
     {"first_name": "Jes\u00c3\u00bas",
      "last_name": "Encinar",
      "permalink": "jesus-encinar"}},
   {"is_past": false,
    "title": "CEO and co-founder",
    "person":
     {"first_name": "Nacho",
      "last_name": "Puell",
      "permalink": "nacho-puell"}},
   {"is_past": false,
    "title": "Partner and Board-Member",
    "person":
     {"first_name": "Fran\u00e7ois",
      "last_name": "Derbaix",
      "permalink": "francois-derbaix"}},
   {"is_past": false,
    "title": "Co-founder",
    "person":
     {"first_name": "Roberto",
      "last_name": "Heredia",
      "permalink": "roberto-heredia"}},
   {"is_past": true,
    "title": "Account executive",
    "person":
     {"first_name": "Gisela",
      "last_name": "Prince",
      "permalink": "gisela-prince"}}],
 "competitions":
  [{"competitor":
     {"name": "Yelp",
      "permalink": "yelp"}},
   {"competitor":
     {"name": "Qype",
      "permalink": "qype"}}],
 "providerships":
  [],
 "total_money_raised": "$0",
 "funding_rounds":
  [],
 "investments":
  [],
 "acquisition": null,
 "acquisitions":
  [],
 "offices":
  [{"description": "Madrid Office",
    "address1": "Carrera de San Jer\u00f3nimo 17, 3\u00baB",
    "address2": "",
    "zip_code": "28014",
    "city": "Madrid",
    "state_code": null,
    "country_code": "ESP",
    "latitude": 40.4182365,
    "longitude": -3.6994888}],
 "milestones":
  [],
 "ipo": null,
 "video_embeds":
  [],
 "screenshots":
  [{"available_sizes":
     [[[91,
        150],
       "http://api-images.crunchbase.com/assets/images/resized/0003/1435/31435v2-max-150x150.png"],
      [[153,
        250],
       "http://api-images.crunchbase.com/assets/images/resized/0003/1435/31435v2-max-250x250.png"],
      [[275,
        450],
       "http://api-images.crunchbase.com/assets/images/resized/0003/1435/31435v2-max-450x450.png"]],
    "attribution": null},
   {"available_sizes":
     [[[79,
        150],
       "http://api-images.crunchbase.com/assets/images/resized/0003/3386/33386v2-max-150x150.png"],
      [[132,
        250],
       "http://api-images.crunchbase.com/assets/images/resized/0003/3386/33386v2-max-250x250.png"],
      [[238,
        450],
       "http://api-images.crunchbase.com/assets/images/resized/0003/3386/33386v2-max-450x450.png"]],
    "attribution": null},
   {"available_sizes":
     [[[127,
        150],
       "http://api-images.crunchbase.com/assets/images/resized/0007/3818/73818v2-max-150x150.png"],
      [[212,
        250],
       "http://api-images.crunchbase.com/assets/images/resized/0007/3818/73818v2-max-250x250.png"],
      [[383,
        450],
       "http://api-images.crunchbase.com/assets/images/resized/0007/3818/73818v2-max-450x450.png"]],
    "attribution": null}],
 "external_links":
  [{"external_url": "http://techcrunch.com/2010/01/18/11870-launches-their-sought-after-iphone-app/",
    "title": "11870 launches their sought after iPhone app"},
   {"external_url": "http://techcrunch.com/2011/10/11/qdq-media-and-11870-com-get-married-sort-of/",
    "title": "QDQ Media and 11870.com get married"}],
 "partners":
  []}
