{"name": "123people",
 "permalink": "123people",
 "crunchbase_url": "http://www.crunchbase.com/company/123people",
 "homepage_url": "http://123people.com",
 "blog_url": "http://www.123people.com/blog/",
 "blog_feed_url": "http://www.123people.com/blog/feed/",
 "twitter_username": "123people",
 "category_code": "search",
 "number_of_employees": null,
 "founded_year": 2007,
 "founded_month": null,
 "founded_day": null,
 "deadpooled_year": null,
 "deadpooled_month": null,
 "deadpooled_day": null,
 "deadpooled_url": null,
 "tag_list": "people-search, meta, aggregator",
 "alias_list": "",
 "email_address": "",
 "phone_number": "",
 "description": "",
 "created_at": "Wed Dec 03 10:16:10 UTC 2008",
 "updated_at": "Thu Mar 14 03:31:11 UTC 2013",
 "overview": "\u003Cp\u003E123people is a real time people search tool that looks into nearly every corner of the Web. Using their proprietary search algorithm, you can find comprehensive and centralized people related information consisting of images, videos, phone numbers, email addresses, social networking and Wikipedia profiles and much more. All of this rich media profile content is pulled from an extensive list of international as well a regional relevant sources.\u003C/p\u003E\n\n\u003Cp\u003E123people launched in Europe by European-based IT and telecom incubator, i5invest. The service is provided by yelster digital gmbh. Since March 2010, the Austrian company, is part of the French PagesJaunes Group. \u003C/p\u003E\n\n\u003Cp\u003EMore on data privacy and how to manage your digital footprint at www.123people.com/page/reputation\nFurther information and pictures at www.123people.com/blog/press\nTwitter: www.twitter.com/123people\u003C/p\u003E",
 "image":
  {"available_sizes":
    [[[150,
       112],
      "http://api-images.crunchbase.com/assets/images/resized/0003/1135/31135v3-max-150x150.jpg"],
     [[250,
       187],
      "http://api-images.crunchbase.com/assets/images/resized/0003/1135/31135v3-max-250x250.jpg"],
     [[450,
       337],
      "http://api-images.crunchbase.com/assets/images/resized/0003/1135/31135v3-max-450x450.jpg"]],
   "attribution": null},
 "products":
  [],
 "relationships":
  [{"is_past": false,
    "title": "Founder",
    "person":
     {"first_name": "Martin",
      "last_name": "Stemeseder",
      "permalink": "martin-stemeseder"}},
   {"is_past": false,
    "title": "Business Development",
    "person":
     {"first_name": "Lukas",
      "last_name": "Zinnagl",
      "permalink": "lukas-zinnagl"}},
   {"is_past": true,
    "title": "Chairman of the board",
    "person":
     {"first_name": "Paul",
      "last_name": "Weinberger",
      "permalink": "paul-weinberger"}},
   {"is_past": true,
    "title": "CEO",
    "person":
     {"first_name": "Stefan",
      "last_name": "Kalteis",
      "permalink": "stefan-kalteis"}},
   {"is_past": true,
    "title": "CEO",
    "person":
     {"first_name": "Russell",
      "last_name": "Perry",
      "permalink": "russell-perry"}},
   {"is_past": true,
    "title": "CMO",
    "person":
     {"first_name": "Bernhard",
      "last_name": "Hoetzl",
      "permalink": "bernhard-hoetzl"}},
   {"is_past": true,
    "title": "Advisory Board",
    "person":
     {"first_name": "Markus",
      "last_name": "Wagner",
      "permalink": "markus-wagner"}},
   {"is_past": true,
    "title": "Director of Business Development",
    "person":
     {"first_name": "Iris",
      "last_name": "Pittl",
      "permalink": "iris-pittl"}},
   {"is_past": true,
    "title": "Teamleader, Social Media and Internet Marketing",
    "person":
     {"first_name": "Luca",
      "last_name": "Sartoni",
      "permalink": "luca-sartoni"}},
   {"is_past": true,
    "title": "Co-Founder",
    "person":
     {"first_name": "Eric",
      "last_name": "Pfarl",
      "permalink": "eric-pfarl"}},
   {"is_past": true,
    "title": "Business Development",
    "person":
     {"first_name": "Rainer",
      "last_name": "Maerkle",
      "permalink": "rainer-maerkle"}}],
 "competitions":
  [{"competitor":
     {"name": "Yasni",
      "permalink": "yasni"}}],
 "providerships":
  [],
 "total_money_raised": "$0",
 "funding_rounds":
  [{"id": 9123,
    "round_code": "seed",
    "source_url": "http://www.i5invest.com",
    "source_description": "",
    "raised_amount": null,
    "raised_currency_code": null,
    "funded_year": 2008,
    "funded_month": 1,
    "funded_day": 1,
    "investments":
     [{"company": null,
       "financial_org":
        {"name": "i5invest",
         "permalink": "i5invest"},
       "person": null}]}],
 "investments":
  [],
 "acquisition":
  {"price_amount": null,
   "price_currency_code": "USD",
   "term_code": null,
   "source_url": "http://techcrunch.com/2010/03/19/looks-like-123people-has-been-acquired-by-frances-yellow-pages/",
   "source_description": "Looks Like 123people Has Been Acquired By France\u00e2\u20ac\u2122s Yellow Pages",
   "acquired_year": 2010,
   "acquired_month": 3,
   "acquired_day": 19,
   "acquiring_company":
    {"name": "PagesJaunes",
     "permalink": "pagesjaunes"}},
 "acquisitions":
  [],
 "offices":
  [{"description": "Vienna",
    "address1": "Linke Wienzeile 8/29",
    "address2": "",
    "zip_code": "1060",
    "city": "Vienna",
    "state_code": null,
    "country_code": "AUT",
    "latitude": 48.1992677,
    "longitude": 16.3639993}],
 "milestones":
  [{"id": 18927,
    "description": "Gilles Clou\u00c3\u00abt-des-Pesruches is the new CEO of 123people",
    "stoned_year": 2011,
    "stoned_month": 4,
    "stoned_day": 4,
    "source_url": "http://www.businesswire.com/news/home/20110726005767/en/123people-Apps-Enhance-Mobile-People-Search",
    "source_text": null,
    "source_description": "Businesswire,com",
    "stoneable_type": "Company",
    "stoned_value": null,
    "stoned_value_type": null,
    "stoned_acquirer": null,
    "stoneable":
     {"name": "123people",
      "permalink": "123people"}}],
 "ipo": null,
 "video_embeds":
  [],
 "screenshots":
  [{"available_sizes":
     [[[150,
        89],
       "http://api-images.crunchbase.com/assets/images/resized/0008/1061/81061v1-max-150x150.jpg"],
      [[250,
        148],
       "http://api-images.crunchbase.com/assets/images/resized/0008/1061/81061v1-max-250x250.jpg"],
      [[450,
        267],
       "http://api-images.crunchbase.com/assets/images/resized/0008/1061/81061v1-max-450x450.jpg"]],
    "attribution": null}],
 "external_links":
  [],
 "partners":
  []}
