{"name": "1366 Technologies",
 "permalink": "1366-technologies",
 "crunchbase_url": "http://www.crunchbase.com/company/1366-technologies",
 "homepage_url": "http://www.1366tech.com",
 "blog_url": "",
 "blog_feed_url": "",
 "twitter_username": null,
 "category_code": "manufacturing",
 "number_of_employees": null,
 "founded_year": 2007,
 "founded_month": null,
 "founded_day": null,
 "deadpooled_year": null,
 "deadpooled_month": null,
 "deadpooled_day": null,
 "deadpooled_url": null,
 "tag_list": null,
 "alias_list": "",
 "email_address": "",
 "phone_number": "781-861-1611",
 "description": "multi-crystalline silicon solar cells",
 "created_at": "Wed Jun 17 08:56:42 UTC 2009",
 "updated_at": "Mon Jan 06 02:20:24 UTC 2014",
 "overview": "\u003Cp\u003E1366 Technologies, Inc. engages in the development and manufacture of multi-crystalline silicon solar cells and light-capturing ribbons in the United States. Its products offer solar cell architecture and manufacturing processes enable record efficiencies for multi-crystalline cell manufacturers. The company was founded in 2007 and is based in Lexington, Massachusetts.\u003C/p\u003E",
 "image":
  {"available_sizes":
    [[[150,
       89],
      "http://api-images.crunchbase.com/assets/images/resized/0006/4742/64742v3-max-150x150.png"],
     [[186,
       111],
      "http://api-images.crunchbase.com/assets/images/resized/0006/4742/64742v3-max-250x250.png"],
     [[186,
       111],
      "http://api-images.crunchbase.com/assets/images/resized/0006/4742/64742v3-max-450x450.png"]],
   "attribution": null},
 "products":
  [],
 "relationships":
  [{"is_past": false,
    "title": "Founder, CTO \u0026 Board Director",
    "person":
     {"first_name": "Emanuel",
      "last_name": "M. Sachs",
      "permalink": "emanuel-m-sachs"}},
   {"is_past": false,
    "title": "Board Chairman",
    "person":
     {"first_name": "Carmichael",
      "last_name": "Roberts",
      "permalink": "carmichael-roberts"}},
   {"is_past": false,
    "title": "Founder, CEO \u0026 Board Director",
    "person":
     {"first_name": "Frank",
      "last_name": "van Mierlo",
      "permalink": "frank-van-mierlo"}},
   {"is_past": false,
    "title": "Board Director",
    "person":
     {"first_name": "Bob",
      "last_name": "Metcalfe",
      "permalink": "bob-metcalfe"}},
   {"is_past": false,
    "title": "Board Director",
    "person":
     {"first_name": "Reidar",
      "last_name": "Langmo",
      "permalink": "reidar-langmo"}},
   {"is_past": false,
    "title": "Board Director",
    "person":
     {"first_name": "Yasheng",
      "last_name": "Huang",
      "permalink": "yasheng-huang"}},
   {"is_past": false,
    "title": "Boards of Directors",
    "person":
     {"first_name": "Dr.",
      "last_name": "Robert Metcalfe",
      "permalink": "dr-robert-metcalfe"}}],
 "competitions":
  [{"competitor":
     {"name": "Suniva",
      "permalink": "suniva"}}],
 "providerships":
  [],
 "total_money_raised": "$66.5M",
 "funding_rounds":
  [{"id": 11808,
    "round_code": "unattributed",
    "source_url": "http://earth2tech.com/2010/02/04/solar-startup-1366-closes-5-2m-signs-new-customers/",
    "source_description": "Solar Startup 1366 Closes $5.2M, Signs New Customers",
    "raised_amount": 5150000.0,
    "raised_currency_code": "USD",
    "funded_year": 2010,
    "funded_month": 2,
    "funded_day": 3,
    "investments":
     [{"company": null,
       "financial_org":
        {"name": "North Bridge Venture Partners",
         "permalink": "north-bridge-venture-partners"},
       "person": null},
      {"company": null,
       "financial_org":
        {"name": "Polaris Partners",
         "permalink": "polaris-partners"},
       "person": null}]},
   {"id": 19318,
    "round_code": "b",
    "source_url": "http://www.masshightech.com/stories/2010/10/18/daily18-1366-attracts-20M-financing-for-solar-power.html",
    "source_description": "1366 attracts $20M financing for solar power",
    "raised_amount": 20000000.0,
    "raised_currency_code": "USD",
    "funded_year": 2010,
    "funded_month": 10,
    "funded_day": 19,
    "investments":
     [{"company": null,
       "financial_org":
        {"name": "North Bridge Venture Partners",
         "permalink": "north-bridge-venture-partners"},
       "person": null},
      {"company": null,
       "financial_org":
        {"name": "Polaris Partners",
         "permalink": "polaris-partners"},
       "person": null},
      {"company":
        {"name": "Hanwha Chemical Corporation",
         "permalink": "hanwa-chemical-corporation"},
       "financial_org": null,
       "person": null},
      {"company": null,
       "financial_org":
        {"name": "VENTIZZ Capital Partners",
         "permalink": "ventizz-capital-partners"},
       "person": null}]},
   {"id": 19319,
    "round_code": "a",
    "source_url": "http://www.masshightech.com/stories/2008/03/24/daily42-Solar-startup-1366-Technologies-lands-12M-in-its-first-round.html",
    "source_description": "Solar startup 1366 Technologies lands $12M in its first round",
    "raised_amount": 12400000.0,
    "raised_currency_code": "USD",
    "funded_year": 2008,
    "funded_month": 3,
    "funded_day": 27,
    "investments":
     [{"company": null,
       "financial_org":
        {"name": "Polaris Partners",
         "permalink": "polaris-partners"},
       "person": null},
      {"company": null,
       "financial_org":
        {"name": "North Bridge Venture Partners",
         "permalink": "north-bridge-venture-partners"},
       "person": null}]},
   {"id": 20643,
    "round_code": "b",
    "source_url": "http://www.masshightech.com/stories/2010/12/13/daily43-1366-increases-Series-B-VC-funding-to-26M.html",
    "source_description": "1366 increases Series B VC funding to $26M",
    "raised_amount": 6000000.0,
    "raised_currency_code": "USD",
    "funded_year": 2010,
    "funded_month": 12,
    "funded_day": 16,
    "investments":
     [{"company": null,
       "financial_org":
        {"name": "North Bridge Venture Partners",
         "permalink": "north-bridge-venture-partners"},
       "person": null},
      {"company": null,
       "financial_org":
        {"name": "Polaris Partners",
         "permalink": "polaris-partners"},
       "person": null},
      {"company": null,
       "financial_org":
        {"name": "VENTIZZ Capital Partners",
         "permalink": "ventizz-capital-partners"},
       "person": null}]},
   {"id": 21015,
    "round_code": "b",
    "source_url": "http://www.masshightech.com/stories/2011/01/10/daily60-1366-again-increases-funding-round-to-28M.html",
    "source_description": "1366 again increases funding round, to $28M",
    "raised_amount": 2400000.0,
    "raised_currency_code": "USD",
    "funded_year": 2011,
    "funded_month": 1,
    "funded_day": 14,
    "investments":
     []},
   {"id": 21327,
    "round_code": "grant",
    "source_url": "http://www.masshightech.com/stories/2011/02/07/daily3-Three-Mass-solar-tech-firms-net-126M-from-DOE.html",
    "source_description": "Three Mass. solar tech firms net $12.6M from DOE",
    "raised_amount": 3000000.0,
    "raised_currency_code": "USD",
    "funded_year": 2011,
    "funded_month": 2,
    "funded_day": 7,
    "investments":
     [{"company": null,
       "financial_org":
        {"name": "U.S. Department of Energy",
         "permalink": "u-s-department-of-energy"},
       "person": null}]},
   {"id": 51939,
    "round_code": "c",
    "source_url": "http://www.finsmes.com/2013/10/1366-technologies-raises-15m-series-funding.html",
    "source_description": "1366 Technologies Raises $15M in Series C Funding",
    "raised_amount": 15000000.0,
    "raised_currency_code": "USD",
    "funded_year": 2013,
    "funded_month": 10,
    "funded_day": 15,
    "investments":
     [{"company":
        {"name": "Tokuyama",
         "permalink": "tokuyama"},
       "financial_org": null,
       "person": null},
      {"company": null,
       "financial_org":
        {"name": "North Bridge Venture Partners",
         "permalink": "north-bridge-venture-partners"},
       "person": null},
      {"company": null,
       "financial_org":
        {"name": "Polaris Partners",
         "permalink": "polaris-partners"},
       "person": null},
      {"company": null,
       "financial_org":
        {"name": "VantagePoint Capital Partners",
         "permalink": "vantagepoint-capital-partners"},
       "person": null},
      {"company": null,
       "financial_org":
        {"name": "Energy Technology Ventures",
         "permalink": "energy-technology-ventures"},
       "person": null}]},
   {"id": 57999,
    "round_code": "c",
    "source_url": "http://www.bizjournals.com/boston/blog/techflash/2013/12/1366-adds-25m-for-solar-wafer-factory.html",
    "source_description": "1366 adds $2.5M for solar wafer factory",
    "raised_amount": 2500000.0,
    "raised_currency_code": "USD",
    "funded_year": 2013,
    "funded_month": 12,
    "funded_day": 12,
    "investments":
     [{"company": null,
       "financial_org":
        {"name": "VENTIZZ Capital Partners",
         "permalink": "ventizz-capital-partners"},
       "person": null}]}],
 "investments":
  [],
 "acquisition": null,
 "acquisitions":
  [],
 "offices":
  [{"description": "HQ",
    "address1": "6-8 Preston Court",
    "address2": "",
    "zip_code": "01730",
    "city": "Bedford",
    "state_code": "MA",
    "country_code": "USA",
    "latitude": null,
    "longitude": null}],
 "milestones":
  [{"id": 10479,
    "description": "The nation\u00e2\u20ac\u2122s top energy official will visit the headquarters of 1366 Technologies Inc. on Wednesday to take a tour of what the Obama Administration called a \u00e2\u20ac\u0153shining star\u00e2\u20ac\u009d in the Massachusetts clean technology sector.",
    "stoned_year": 2010,
    "stoned_month": 12,
    "stoned_day": 1,
    "source_url": "http://www.masshightech.com/stories/2010/11/29/daily42-1366-Technologies-to-host-US-Energy-Sec-Chu.html",
    "source_text": null,
    "source_description": "1366 Technologies to host U.S. Energy Sec. Chu",
    "stoneable_type": "Company",
    "stoned_value": null,
    "stoned_value_type": null,
    "stoned_acquirer": null,
    "stoneable":
     {"name": "1366 Technologies",
      "permalink": "1366-technologies"}},
   {"id": 11526,
    "description": "has added another $2.4 million to the round, bringing it to $28.4 million",
    "stoned_year": 2011,
    "stoned_month": 1,
    "stoned_day": 14,
    "source_url": "http://www.masshightech.com/stories/2011/01/10/daily60-1366-again-increases-funding-round-to-28M.html",
    "source_text": null,
    "source_description": "1366 again increases funding round, to $28M",
    "stoneable_type": "Company",
    "stoned_value": null,
    "stoned_value_type": null,
    "stoned_acquirer": null,
    "stoneable":
     {"name": "1366 Technologies",
      "permalink": "1366-technologies"}},
   {"id": 12248,
    "description": "The U.S. Department of Energy chose three Massachusetts solar power technologies companies to receive $12.6 million of funding, the lion\u00e2\u20ac\u2122s share of a new $20 million initiative to accelerate the development of innovative photovoltaic technologies",
    "stoned_year": 2011,
    "stoned_month": 2,
    "stoned_day": 7,
    "source_url": "http://www.masshightech.com/stories/2011/02/07/daily3-Three-Mass-solar-tech-firms-net-126M-from-DOE.html",
    "source_text": null,
    "source_description": "Three Mass. solar tech firms net $12.6M from DOE",
    "stoneable_type": "Company",
    "stoned_value": null,
    "stoned_value_type": null,
    "stoned_acquirer": null,
    "stoneable":
     {"name": "1366 Technologies",
      "permalink": "1366-technologies"}},
   {"id": 13007,
    "description": "GE Energy Financial Services is among the two newest investors in solar-power technology developer 1366 Technologies Inc.",
    "stoned_year": 2011,
    "stoned_month": 3,
    "stoned_day": 2,
    "source_url": "http://www.masshightech.com/stories/2011/02/28/daily47-GE-Energy-Financial-VantagePoint-makes-up-1366s-new-investors.html",
    "source_text": null,
    "source_description": "GE Energy Financial, VantagePoint makes up 1366's new investors",
    "stoneable_type": "Company",
    "stoned_value": null,
    "stoned_value_type": null,
    "stoned_acquirer": null,
    "stoneable":
     {"name": "1366 Technologies",
      "permalink": "1366-technologies"}},
   {"id": 13008,
    "description": "GE Energy Financial Services is among the two newest investors in solar-power technology developer 1366 Technologies Inc.",
    "stoned_year": 2011,
    "stoned_month": 3,
    "stoned_day": 2,
    "source_url": "http://www.masshightech.com/stories/2011/02/28/daily47-GE-Energy-Financial-VantagePoint-makes-up-1366s-new-investors.html",
    "source_text": null,
    "source_description": "GE Energy Financial, VantagePoint makes up 1366's new investors",
    "stoneable_type": "Company",
    "stoned_value": null,
    "stoned_value_type": null,
    "stoned_acquirer": null,
    "stoneable":
     {"name": "1366 Technologies",
      "permalink": "1366-technologies"}},
   {"id": 15699,
    "description": "1366 scores $150M DOE loan for solar tech plant",
    "stoned_year": 2011,
    "stoned_month": 6,
    "stoned_day": 17,
    "source_url": "http://www.masshightech.com/stories/2011/06/13/daily54-1366-scores-150M-DOE-loan-for-solar-tech-plant.html",
    "source_text": "",
    "source_description": "1366 scores $150M DOE loan for solar tech plant",
    "stoneable_type": "Company",
    "stoned_value": null,
    "stoned_value_type": null,
    "stoned_acquirer": null,
    "stoneable":
     {"name": "1366 Technologies",
      "permalink": "1366-technologies"}}],
 "ipo": null,
 "video_embeds":
  [],
 "screenshots":
  [{"available_sizes":
     [[[150,
        125],
       "http://api-images.crunchbase.com/assets/images/resized/0006/4744/64744v1-max-150x150.jpg"],
      [[250,
        209],
       "http://api-images.crunchbase.com/assets/images/resized/0006/4744/64744v1-max-250x250.jpg"],
      [[450,
        377],
       "http://api-images.crunchbase.com/assets/images/resized/0006/4744/64744v1-max-450x450.jpg"]],
    "attribution": null}],
 "external_links":
  [],
 "partners":
  []}
