{"name": "140it",
 "permalink": "140it",
 "crunchbase_url": "http://www.crunchbase.com/company/140it",
 "homepage_url": "http://www.140it.com",
 "blog_url": "",
 "blog_feed_url": "",
 "twitter_username": null,
 "category_code": null,
 "number_of_employees": null,
 "founded_year": null,
 "founded_month": null,
 "founded_day": null,
 "deadpooled_year": null,
 "deadpooled_month": null,
 "deadpooled_day": null,
 "deadpooled_url": null,
 "tag_list": "",
 "alias_list": null,
 "email_address": "",
 "phone_number": "",
 "description": null,
 "created_at": "Mon Jan 26 23:54:04 UTC 2009",
 "updated_at": "Tue Mar 10 20:21:19 UTC 2009",
 "overview": "\u003Cp\u003E140it will condense your text to fit into Twitter\u0026#8217;s 140 character limit.\u003C/p\u003E",
 "image":
  {"available_sizes":
    [[[150,
       73],
      "http://api-images.crunchbase.com/assets/images/resized/0003/4867/34867v1-max-150x150.png"],
     [[200,
       98],
      "http://api-images.crunchbase.com/assets/images/resized/0003/4867/34867v1-max-250x250.png"],
     [[200,
       98],
      "http://api-images.crunchbase.com/assets/images/resized/0003/4867/34867v1-max-450x450.png"]],
   "attribution": null},
 "products":
  [],
 "relationships":
  [{"is_past": false,
    "title": "Co-Founder",
    "person":
     {"first_name": "Vinicius",
      "last_name": "Vacanti",
      "permalink": "vin-vacanti"}},
   {"is_past": false,
    "title": "Co-Founder",
    "person":
     {"first_name": "Jim",
      "last_name": "Moran",
      "permalink": "jim-moran"}}],
 "competitions":
  [],
 "providerships":
  [],
 "total_money_raised": "$0",
 "funding_rounds":
  [],
 "investments":
  [],
 "acquisition": null,
 "acquisitions":
  [],
 "offices":
  [],
 "milestones":
  [],
 "ipo": null,
 "video_embeds":
  [{"embed_code": "\u003Cobject width=\"400\" height=\"295\"\u003E\u003Cparam name=\"allowfullscreen\" value=\"true\" /\u003E\u003Cparam name=\"allowscriptaccess\" value=\"always\" /\u003E\u003Cparam name=\"movie\" value=\"http://vimeo.com/moogaloop.swf?clip_id=2967732\u0026amp;server=vimeo.com\u0026amp;show_title=1\u0026amp;show_byline=1\u0026amp;show_portrait=0\u0026amp;color=\u0026amp;fullscreen=1\" /\u003E\u003Cembed src=\"http://vimeo.com/moogaloop.swf?clip_id=2967732\u0026amp;server=vimeo.com\u0026amp;show_title=1\u0026amp;show_byline=1\u0026amp;show_portrait=0\u0026amp;color=\u0026amp;fullscreen=1\" type=\"application/x-shockwave-flash\" allowfullscreen=\"true\" allowscriptaccess=\"always\" width=\"400\" height=\"295\"\u003E\u003C/embed\u003E\u003C/object\u003E\u003Cbr /\u003E\u003Ca href=\"http://vimeo.com/2967732\"\u003E140it Demo\u003C/a\u003E from \u003Ca href=\"http://vimeo.com/user1211317\"\u003EVinicius Vacanti\u003C/a\u003E on \u003Ca href=\"http://vimeo.com\"\u003EVimeo\u003C/a\u003E",
    "description": ""}],
 "screenshots":
  [],
 "external_links":
  [],
 "partners":
  []}
