{"name": "15secondTV",
 "permalink": "15secondtv",
 "crunchbase_url": "http://www.crunchbase.com/company/15secondtv",
 "homepage_url": "http://www.15secondtv.com",
 "blog_url": "",
 "blog_feed_url": "",
 "twitter_username": null,
 "category_code": "games_video",
 "number_of_employees": 4,
 "founded_year": 2007,
 "founded_month": 4,
 "founded_day": 29,
 "deadpooled_year": null,
 "deadpooled_month": null,
 "deadpooled_day": null,
 "deadpooled_url": null,
 "tag_list": "viral-marketing, viral-videos, mobile",
 "alias_list": null,
 "email_address": "info@15secondtv.com",
 "phone_number": "+44 (0) 1524 510556",
 "description": null,
 "created_at": "Thu Feb 12 15:24:36 UTC 2009",
 "updated_at": "Fri Apr 10 23:40:21 UTC 2009",
 "overview": "\u003Cp\u003E15secondTV turns advertisers brand messages into viral marketing campaigns by enabling users to star in video clips that are shared across social networks, viral emails and mobile phones.\u003C/p\u003E",
 "image":
  {"available_sizes":
    [[[150,
       31],
      "http://api-images.crunchbase.com/assets/images/resized/0004/0856/40856v1-max-150x150.jpg"],
     [[250,
       53],
      "http://api-images.crunchbase.com/assets/images/resized/0004/0856/40856v1-max-250x250.jpg"],
     [[250,
       53],
      "http://api-images.crunchbase.com/assets/images/resized/0004/0856/40856v1-max-450x450.jpg"]],
   "attribution": null},
 "products":
  [{"name": "15secondTV viral video personalization",
    "permalink": "15secondtv-viral-video-personalization"}],
 "relationships":
  [],
 "competitions":
  [{"competitor":
     {"name": "Oddcast",
      "permalink": "oddcast"}},
   {"competitor":
     {"name": "Gizmoz",
      "permalink": "gizmoz"}}],
 "providerships":
  [],
 "total_money_raised": "$0",
 "funding_rounds":
  [],
 "investments":
  [],
 "acquisition": null,
 "acquisitions":
  [],
 "offices":
  [{"description": "",
    "address1": "Infolab21",
    "address2": "Lancaster University",
    "zip_code": "LA1 4WA",
    "city": "Lancaster",
    "state_code": null,
    "country_code": "GBR",
    "latitude": null,
    "longitude": null}],
 "milestones":
  [],
 "ipo": null,
 "video_embeds":
  [],
 "screenshots":
  [{"available_sizes":
     [[[150,
        81],
       "http://api-images.crunchbase.com/assets/images/resized/0003/6253/36253v1-max-150x150.png"],
      [[250,
        136],
       "http://api-images.crunchbase.com/assets/images/resized/0003/6253/36253v1-max-250x250.png"],
      [[450,
        245],
       "http://api-images.crunchbase.com/assets/images/resized/0003/6253/36253v1-max-450x450.png"]],
    "attribution": null}],
 "external_links":
  [],
 "partners":
  []}
