{"name": "1calendar",
 "permalink": "1calendar",
 "crunchbase_url": "http://www.crunchbase.com/company/1calendar",
 "homepage_url": "http://1calendar.com",
 "blog_url": "http://blog.1calendar.com/",
 "blog_feed_url": "",
 "twitter_username": "1calendar",
 "category_code": "education",
 "number_of_employees": 8,
 "founded_year": 2009,
 "founded_month": 1,
 "founded_day": 19,
 "deadpooled_year": null,
 "deadpooled_month": null,
 "deadpooled_day": null,
 "deadpooled_url": null,
 "tag_list": "online-calendars, education, internet, mobile-applications, advertisement, event-provider-catalouge",
 "alias_list": "",
 "email_address": "info@1calendar.com",
 "phone_number": "+45 29478146",
 "description": "Personalized autoupdated calendar system",
 "created_at": "Sun Apr 26 09:47:11 UTC 2009",
 "updated_at": "Tue Dec 03 10:50:34 UTC 2013",
 "overview": "\u003Cp\u003E1calendar combines private activities, tasks, facebook and your school timetable in a web and mobile calendar application.\u003C/p\u003E",
 "image":
  {"available_sizes":
    [[[150,
       76],
      "http://api-images.crunchbase.com/assets/images/resized/0023/6632/236632v2-max-150x150.png"],
     [[224,
       114],
      "http://api-images.crunchbase.com/assets/images/resized/0023/6632/236632v2-max-250x250.png"],
     [[224,
       114],
      "http://api-images.crunchbase.com/assets/images/resized/0023/6632/236632v2-max-450x450.png"]],
   "attribution": null},
 "products":
  [],
 "relationships":
  [{"is_past": true,
    "title": "Co - Founder / Development Coordinator",
    "person":
     {"first_name": "Anselm",
      "last_name": "Christophersen",
      "permalink": "anselm-christophersen"}},
   {"is_past": true,
    "title": "Co - Founder / Business Developmnet Manager",
    "person":
     {"first_name": "Daniel",
      "last_name": "Gewecke Daugaard",
      "permalink": "daniel-gewecke-daugaard"}},
   {"is_past": true,
    "title": "Co - Founder / CTO",
    "person":
     {"first_name": "Lars",
      "last_name": "Sch\u00c3\u00b6ning",
      "permalink": "lars-schning"}},
   {"is_past": true,
    "title": "Co - Founder / Strategy Manager",
    "person":
     {"first_name": "Steffen",
      "last_name": "Thilsted",
      "permalink": "steffen-thilsted"}}],
 "competitions":
  [],
 "providerships":
  [],
 "total_money_raised": "$40k",
 "funding_rounds":
  [{"id": 5767,
    "round_code": "angel",
    "source_url": "",
    "source_description": "",
    "raised_amount": 40000.0,
    "raised_currency_code": "USD",
    "funded_year": 2008,
    "funded_month": 4,
    "funded_day": 4,
    "investments":
     []}],
 "investments":
  [],
 "acquisition": null,
 "acquisitions":
  [],
 "offices":
  [{"description": "Headquarter",
    "address1": "Kompagnistr\u00e6de 20B, 1 th.",
    "address2": "",
    "zip_code": "1208",
    "city": "Copenhagen",
    "state_code": null,
    "country_code": "DNK",
    "latitude": 55.6770321,
    "longitude": 12.5751278},
   {"description": "Research Office",
    "address1": "Howitzvej 60, 5. sal",
    "address2": "",
    "zip_code": "2000",
    "city": "Copenhagen",
    "state_code": null,
    "country_code": "DNK",
    "latitude": 55.6802318,
    "longitude": 12.524884}],
 "milestones":
  [],
 "ipo": null,
 "video_embeds":
  [],
 "screenshots":
  [{"available_sizes":
     [[[150,
        82],
       "http://api-images.crunchbase.com/assets/images/resized/0004/2615/42615v2-max-150x150.jpg"],
      [[250,
        137],
       "http://api-images.crunchbase.com/assets/images/resized/0004/2615/42615v2-max-250x250.jpg"],
      [[450,
        246],
       "http://api-images.crunchbase.com/assets/images/resized/0004/2615/42615v2-max-450x450.jpg"]],
    "attribution": null}],
 "external_links":
  [],
 "partners":
  []}
