{"name": "1ShoppingCart.com",
 "permalink": "1shoppingcart",
 "crunchbase_url": "http://www.crunchbase.com/company/1shoppingcart",
 "homepage_url": "http://www.1shoppingcart.com",
 "blog_url": "",
 "blog_feed_url": "",
 "twitter_username": null,
 "category_code": "ecommerce",
 "number_of_employees": null,
 "founded_year": 2000,
 "founded_month": null,
 "founded_day": null,
 "deadpooled_year": null,
 "deadpooled_month": null,
 "deadpooled_day": null,
 "deadpooled_url": null,
 "tag_list": null,
 "alias_list": "",
 "email_address": "",
 "phone_number": "888-255-6230",
 "description": "application service provider",
 "created_at": "Thu Aug 06 09:51:36 UTC 2009",
 "updated_at": "Fri Jan 28 23:45:02 UTC 2011",
 "overview": "\u003Cp\u003E1ShoppingCart.com Corporation operates as an application service provider. The company offers shopping cart, Internet marketing, and e-commerce/e-business solutions for small, medium, and enterprise organizations to promote, sell, and grow their businesses online over the Internet. It also provides a series of add-on components with its shopping cart, such as unlimited autoresponders, list server, affiliate tracking, ad tracking, electronic coupon system, digital delivery system, Web forms, and other marketing tools. The company was founded in 2000 and is based in Barrie, Canada with an additional office in Eugene, Oregon. As of September 30, 2006, 1ShoppingCart.com Corporation operates as a subsidiary of Website Pros, Inc.\u003C/p\u003E",
 "image":
  {"available_sizes":
    [[[150,
       37],
      "http://api-images.crunchbase.com/assets/images/resized/0006/4738/64738v1-max-150x150.jpg"],
     [[249,
       62],
      "http://api-images.crunchbase.com/assets/images/resized/0006/4738/64738v1-max-250x250.jpg"],
     [[249,
       62],
      "http://api-images.crunchbase.com/assets/images/resized/0006/4738/64738v1-max-450x450.jpg"]],
   "attribution": null},
 "products":
  [],
 "relationships":
  [],
 "competitions":
  [{"competitor":
     {"name": "Bigcommerce",
      "permalink": "bigcommerce"}}],
 "providerships":
  [],
 "total_money_raised": "$0",
 "funding_rounds":
  [],
 "investments":
  [],
 "acquisition": null,
 "acquisitions":
  [],
 "offices":
  [{"description": "HQ",
    "address1": "128 Wellington Street West",
    "address2": "Suite 304",
    "zip_code": "L4N 8J6",
    "city": "Barrie",
    "state_code": null,
    "country_code": "CAN",
    "latitude": null,
    "longitude": null}],
 "milestones":
  [],
 "ipo": null,
 "video_embeds":
  [],
 "screenshots":
  [{"available_sizes":
     [[[147,
        150],
       "http://api-images.crunchbase.com/assets/images/resized/0006/4739/64739v1-max-150x150.jpg"],
      [[245,
        250],
       "http://api-images.crunchbase.com/assets/images/resized/0006/4739/64739v1-max-250x250.jpg"],
      [[441,
        450],
       "http://api-images.crunchbase.com/assets/images/resized/0006/4739/64739v1-max-450x450.jpg"]],
    "attribution": null},
   {"available_sizes":
     [[[150,
        110],
       "http://api-images.crunchbase.com/assets/images/resized/0007/5960/75960v2-max-150x150.jpg"],
      [[250,
        183],
       "http://api-images.crunchbase.com/assets/images/resized/0007/5960/75960v2-max-250x250.jpg"],
      [[450,
        330],
       "http://api-images.crunchbase.com/assets/images/resized/0007/5960/75960v2-max-450x450.jpg"]],
    "attribution": null}],
 "external_links":
  [],
 "partners":
  []}
