{"name": "20:20 Mobile",
 "permalink": "20-20-mobile",
 "crunchbase_url": "http://www.crunchbase.com/company/20-20-mobile",
 "homepage_url": "http://www.2020mobile.com",
 "blog_url": "",
 "blog_feed_url": "",
 "twitter_username": null,
 "category_code": "mobile",
 "number_of_employees": null,
 "founded_year": 2006,
 "founded_month": 9,
 "founded_day": null,
 "deadpooled_year": null,
 "deadpooled_month": null,
 "deadpooled_day": null,
 "deadpooled_url": null,
 "tag_list": "mobile",
 "alias_list": "",
 "email_address": "marketing@2020mobile.com",
 "phone_number": "+ 44 (0)1270 412020 ",
 "description": "The new shape of distribution",
 "created_at": "Thu Jun 25 03:43:38 UTC 2009",
 "updated_at": "Fri Mar 28 12:02:52 UTC 2014",
 "overview": "\u003Cp\u003EThe Group was created in September 2006 following the sale by the Caudwell Group of its distribution and logistics businesses to Doughty Hanson, one of the foremost private equity firms in Europe.\u003C/p\u003E\n\n\u003Cp\u003E20:20 Mobile Group is now Europe\u0026#8217;s leading mobile handset distributor and in the top three, globally. We are also the world\u0026#8217;s largest distributor of mobile phone accessories.\u003C/p\u003E",
 "image":
  {"available_sizes":
    [[[150,
       47],
      "http://api-images.crunchbase.com/assets/images/resized/0005/0636/50636v1-max-150x150.png"],
     [[250,
       78],
      "http://api-images.crunchbase.com/assets/images/resized/0005/0636/50636v1-max-250x250.png"],
     [[296,
       93],
      "http://api-images.crunchbase.com/assets/images/resized/0005/0636/50636v1-max-450x450.png"]],
   "attribution": null},
 "products":
  [],
 "relationships":
  [{"is_past": false,
    "title": "CEO",
    "person":
     {"first_name": "Meinie",
      "last_name": "Oldersma",
      "permalink": "meinie-oldersma"}}],
 "competitions":
  [],
 "providerships":
  [],
 "total_money_raised": "$29.8M",
 "funding_rounds":
  [{"id": 6913,
    "round_code": "unattributed",
    "source_url": "",
    "source_description": "EDGAR",
    "raised_amount": 29750000.0,
    "raised_currency_code": "USD",
    "funded_year": 2008,
    "funded_month": 7,
    "funded_day": 4,
    "investments":
     [{"company": null,
       "financial_org":
        {"name": "Doughty Hanson Technology Ventures",
         "permalink": "doughty-hanson-technology-ventures"},
       "person": null}]}],
 "investments":
  [],
 "acquisition": null,
 "acquisitions":
  [],
 "offices":
  [{"description": "",
    "address1": "Weston Road",
    "address2": "Cheshire",
    "zip_code": "CW1 6BU",
    "city": "Crewe",
    "state_code": null,
    "country_code": "ARE",
    "latitude": 53.0842802,
    "longitude": -2.423658}],
 "milestones":
  [],
 "ipo": null,
 "video_embeds":
  [],
 "screenshots":
  [{"available_sizes":
     [[[150,
        79],
       "http://api-images.crunchbase.com/assets/images/resized/0005/0635/50635v1-max-150x150.jpg"],
      [[250,
        133],
       "http://api-images.crunchbase.com/assets/images/resized/0005/0635/50635v1-max-250x250.jpg"],
      [[450,
        239],
       "http://api-images.crunchbase.com/assets/images/resized/0005/0635/50635v1-max-450x450.jpg"]],
    "attribution": null}],
 "external_links":
  [],
 "partners":
  []}
