{"name": "[212]Media",
 "permalink": "212-media",
 "crunchbase_url": "http://www.crunchbase.com/company/212-media",
 "homepage_url": "http://www.212media.com",
 "blog_url": "http://www.212media.com/blog",
 "blog_feed_url": "feed://www.212media.com/feed",
 "twitter_username": "212media",
 "category_code": "games_video",
 "number_of_employees": 75,
 "founded_year": 2004,
 "founded_month": null,
 "founded_day": null,
 "deadpooled_year": null,
 "deadpooled_month": null,
 "deadpooled_day": null,
 "deadpooled_url": null,
 "tag_list": "",
 "alias_list": null,
 "email_address": "us@212media.com",
 "phone_number": "212 710 308",
 "description": "Venture Development Firm",
 "created_at": "Thu May 21 16:42:07 UTC 2009",
 "updated_at": "Tue Aug 27 20:39:34 UTC 2013",
 "overview": "\u003Cp\u003E212]MEDIA is a digital media firm that owns and operates a portfolio of companies, which create unique content and communities in partnership with major media companies. [212]MEDIA owns and operates the businesses in its portfolio and ensures the success of each of them by recruiting the best talent in the industry, developing innovative digital products and services, marketing to audiences, building revenues, and investing its own capital.\u003C/p\u003E\n\n\u003Cp\u003EThe [212]MEDIA portfolio is comprised of Saavn (South Asian content distribution), Sportsvite (online recreational sports communities), Speakaboos (children\u0026#8217;s publishing online) and SnakBlox (advertising supported casual game syndication).\u003C/p\u003E",
 "image":
  {"available_sizes":
    [[[150,
       42],
      "http://api-images.crunchbase.com/assets/images/resized/0031/5272/315272v1-max-150x150.png"],
     [[250,
       71],
      "http://api-images.crunchbase.com/assets/images/resized/0031/5272/315272v1-max-250x250.png"],
     [[292,
       83],
      "http://api-images.crunchbase.com/assets/images/resized/0031/5272/315272v1-max-450x450.png"]],
   "attribution": null},
 "products":
  [{"name": "Sportsvite",
    "permalink": "sportsvite"},
   {"name": "Saavn",
    "permalink": "saavn"}],
 "relationships":
  [{"is_past": false,
    "title": "co-founder \u0026 principal",
    "person":
     {"first_name": "Neal",
      "last_name": "Shenoy",
      "permalink": "neal-shenoy"}},
   {"is_past": false,
    "title": "co-founder \u0026 principal",
    "person":
     {"first_name": "Paramdeep",
      "last_name": "Singh",
      "permalink": "paramdeep-singh"}},
   {"is_past": false,
    "title": "partner",
    "person":
     {"first_name": "Rishi",
      "last_name": "Malhotra",
      "permalink": "rishi-malhotra"}}],
 "competitions":
  [],
 "providerships":
  [],
 "total_money_raised": "$0",
 "funding_rounds":
  [],
 "investments":
  [{"funding_round":
     {"round_code": "a",
      "source_url": "http://techcrunch.com/2013/08/27/subscription-based-interactive-storybooks-service-speakaboos-raises-6-2m-in-seed-series-a-funding/",
      "source_description": "Subscription-Based Interactive Storybooks Service Speakaboos Raises $6.2M In Seed \u0026 Series A Funding",
      "raised_amount": 6200000.0,
      "raised_currency_code": "USD",
      "funded_year": 2013,
      "funded_month": 8,
      "funded_day": 27,
      "company":
       {"name": "Speakaboos",
        "permalink": "speakaboos"}}},
   {"funding_round":
     {"round_code": "unattributed",
      "source_url": "",
      "source_description": "",
      "raised_amount": 2000000.0,
      "raised_currency_code": "USD",
      "funded_year": 2013,
      "funded_month": null,
      "funded_day": null,
      "company":
       {"name": "Snakblox",
        "permalink": "snakblox"}}}],
 "acquisition": null,
 "acquisitions":
  [],
 "offices":
  [{"description": "",
    "address1": "72 Madison Avenue",
    "address2": "",
    "zip_code": "",
    "city": "New York",
    "state_code": "NY",
    "country_code": "USA",
    "latitude": 40.743877,
    "longitude": -73.98618}],
 "milestones":
  [],
 "ipo": null,
 "video_embeds":
  [],
 "screenshots":
  [],
 "external_links":
  [],
 "partners":
  []}
