{"name": "236.com",
 "permalink": "236-com",
 "crunchbase_url": "http://www.crunchbase.com/company/236-com",
 "homepage_url": null,
 "blog_url": "",
 "blog_feed_url": "",
 "twitter_username": null,
 "category_code": "web",
 "number_of_employees": null,
 "founded_year": null,
 "founded_month": null,
 "founded_day": null,
 "deadpooled_year": null,
 "deadpooled_month": null,
 "deadpooled_day": null,
 "deadpooled_url": null,
 "tag_list": null,
 "alias_list": "",
 "email_address": "",
 "phone_number": "",
 "description": "Comedy Site",
 "created_at": "Wed Jan 14 19:45:58 UTC 2009",
 "updated_at": "Mon Mar 23 18:07:53 UTC 2009",
 "overview": "\u003Cp\u003EA comedy site that the Huffington Post acquired in Jan 2009.\u003C/p\u003E\n\n\u003Cp\u003EThe standalone site launched in November 2007 was a joint venture between Huffingtonpost and Barry Diller\u00e2\u20ac\u2122s IAC/InterActiveCorp. Now 23/6,  is going to be integrated into a new comedy section.\u003C/p\u003E",
 "image":
  {"available_sizes":
    [[[150,
       85],
      "http://api-images.crunchbase.com/assets/images/resized/0003/8708/38708v1-max-150x150.png"],
     [[193,
       110],
      "http://api-images.crunchbase.com/assets/images/resized/0003/8708/38708v1-max-250x250.png"],
     [[193,
       110],
      "http://api-images.crunchbase.com/assets/images/resized/0003/8708/38708v1-max-450x450.png"]],
   "attribution": null},
 "products":
  [],
 "relationships":
  [],
 "competitions":
  [],
 "providerships":
  [],
 "total_money_raised": "$0",
 "funding_rounds":
  [],
 "investments":
  [],
 "acquisition":
  {"price_amount": null,
   "price_currency_code": "USD",
   "term_code": null,
   "source_url": "http://www.washingtonpost.com/wp-dyn/content/article/2009/01/13/AR2009011302235.html",
   "source_description": "paidContent.org - Huffington Post Acquires Comedy News Site 236.com From IAC",
   "acquired_year": 2009,
   "acquired_month": 1,
   "acquired_day": 14,
   "acquiring_company":
    {"name": "The Huffington Post",
     "permalink": "huffingtonpost"}},
 "acquisitions":
  [],
 "offices":
  [],
 "milestones":
  [],
 "ipo": null,
 "video_embeds":
  [],
 "screenshots":
  [],
 "external_links":
  [],
 "partners":
  []}
