{"name": "25 Pixels Media",
 "permalink": "25-pixels-media",
 "crunchbase_url": "http://www.crunchbase.com/company/25-pixels-media",
 "homepage_url": "http://www.25pixels.com",
 "blog_url": "",
 "blog_feed_url": "",
 "twitter_username": null,
 "category_code": "other",
 "number_of_employees": 5,
 "founded_year": 2001,
 "founded_month": 6,
 "founded_day": 2,
 "deadpooled_year": null,
 "deadpooled_month": null,
 "deadpooled_day": null,
 "deadpooled_url": null,
 "tag_list": "web-design, costa-rica, blogs, network, spanish, espaol, social-media",
 "alias_list": null,
 "email_address": "info@25pixels.com",
 "phone_number": "(506)22490024",
 "description": "Web Design Marketing Costa Rica",
 "created_at": "Sun Mar 22 22:00:47 UTC 2009",
 "updated_at": "Thu Jan 19 00:41:04 UTC 2012",
 "overview": "\u003Cp\u003EFounded by Jacobo Villegas in June 2nd, 2004, 25 Pixels Media is a web design and marketing company in Costa Rica that owns several blogs and websites in spanish and english, promoting Tech News, Travel guides and social media marketing.\u003C/p\u003E",
 "image":
  {"available_sizes":
    [[[150,
       30],
      "http://api-images.crunchbase.com/assets/images/resized/0003/8909/38909v4-max-150x150.jpg"],
     [[250,
       50],
      "http://api-images.crunchbase.com/assets/images/resized/0003/8909/38909v4-max-250x250.jpg"],
     [[295,
       60],
      "http://api-images.crunchbase.com/assets/images/resized/0003/8909/38909v4-max-450x450.jpg"]],
   "attribution": null},
 "products":
  [{"name": "Hotels Costa Rica",
    "permalink": "hotelscostarica-net"},
   {"name": "Jacovox.com",
    "permalink": "jacovox-com"}],
 "relationships":
  [{"is_past": false,
    "title": "Founder - Manager",
    "person":
     {"first_name": "Jacobo",
      "last_name": "Villegas",
      "permalink": "jacobo-villegas"}}],
 "competitions":
  [],
 "providerships":
  [{"title": "Legal services",
    "is_past": false,
    "provider":
     {"name": "Asesores Alfa",
      "permalink": "asesores-alfa"}},
   {"title": "Domain services",
    "is_past": false,
    "provider":
     {"name": "Misk",
      "permalink": "misk"}}],
 "total_money_raised": "$0",
 "funding_rounds":
  [],
 "investments":
  [],
 "acquisition": null,
 "acquisitions":
  [],
 "offices":
  [{"description": "Costa Rica headquarters",
    "address1": "Country day school, 100 mts north",
    "address2": "",
    "zip_code": "",
    "city": "san jose",
    "state_code": null,
    "country_code": "CRI",
    "latitude": null,
    "longitude": null}],
 "milestones":
  [],
 "ipo": null,
 "video_embeds":
  [],
 "screenshots":
  [{"available_sizes":
     [[[150,
        135],
       "http://api-images.crunchbase.com/assets/images/resized/0003/8907/38907v2-max-150x150.jpg"],
      [[250,
        225],
       "http://api-images.crunchbase.com/assets/images/resized/0003/8907/38907v2-max-250x250.jpg"],
      [[450,
        406],
       "http://api-images.crunchbase.com/assets/images/resized/0003/8907/38907v2-max-450x450.jpg"]],
    "attribution": null},
   {"available_sizes":
     [[[150,
        135],
       "http://api-images.crunchbase.com/assets/images/resized/0003/8908/38908v2-max-150x150.jpg"],
      [[250,
        225],
       "http://api-images.crunchbase.com/assets/images/resized/0003/8908/38908v2-max-250x250.jpg"],
      [[450,
        406],
       "http://api-images.crunchbase.com/assets/images/resized/0003/8908/38908v2-max-450x450.jpg"]],
    "attribution": null}],
 "external_links":
  [],
 "partners":
  []}
