{"name": "2Wire",
 "permalink": "2wire",
 "crunchbase_url": "http://www.crunchbase.com/company/2wire",
 "homepage_url": "http://www.2wire.com",
 "blog_url": "",
 "blog_feed_url": "",
 "twitter_username": null,
 "category_code": "web",
 "number_of_employees": null,
 "founded_year": null,
 "founded_month": null,
 "founded_day": null,
 "deadpooled_year": null,
 "deadpooled_month": null,
 "deadpooled_day": null,
 "deadpooled_url": null,
 "tag_list": "",
 "alias_list": null,
 "email_address": "",
 "phone_number": "+1 408-428-9500",
 "description": null,
 "created_at": "Sat Jan 31 21:12:09 UTC 2009",
 "updated_at": "Mon Aug 22 03:31:08 UTC 2011",
 "overview": "\u003Cp\u003E2Wire is a San Jose, Calif. provider of broadband service products for companies serving consumers. \u003C/p\u003E",
 "image":
  {"available_sizes":
    [[[150,
       48],
      "http://api-images.crunchbase.com/assets/images/resized/0003/5398/35398v1-max-150x150.png"],
     [[168,
       54],
      "http://api-images.crunchbase.com/assets/images/resized/0003/5398/35398v1-max-250x250.png"],
     [[168,
       54],
      "http://api-images.crunchbase.com/assets/images/resized/0003/5398/35398v1-max-450x450.png"]],
   "attribution": null},
 "products":
  [],
 "relationships":
  [{"is_past": false,
    "title": "Board of Directors",
    "person":
     {"first_name": "Will",
      "last_name": "Griffith",
      "permalink": "will-griffith"}},
   {"is_past": false,
    "title": "Board Member",
    "person":
     {"first_name": "Basil",
      "last_name": "Alwan",
      "permalink": "basil-alwan"}},
   {"is_past": true,
    "title": "President and CEO (Founder)",
    "person":
     {"first_name": "Pasquale",
      "last_name": "Romano",
      "permalink": "pasquale-romano"}},
   {"is_past": true,
    "title": "President / CEO / Co - Funder",
    "person":
     {"first_name": "Brian",
      "last_name": "L. Hinman",
      "permalink": "brian-l-hinman"}},
   {"is_past": true,
    "title": "Executive Vice President \u0026 Chief Financial Officer",
    "person":
     {"first_name": "Roop",
      "last_name": "Lakkaraju",
      "permalink": "roop-lakkaraju"}},
   {"is_past": true,
    "title": "Vice President of Operations and Project Manager",
    "person":
     {"first_name": "Thom",
      "last_name": "Stalcup",
      "permalink": "thom-stalcup"}},
   {"is_past": true,
    "title": "Vice President \u0026 General Counsel",
    "person":
     {"first_name": "Jeff",
      "last_name": "True",
      "permalink": "jeff-true"}},
   {"is_past": true,
    "title": "VP Strategic Sales",
    "person":
     {"first_name": "Todd",
      "last_name": "Clayton",
      "permalink": "todd-clayton"}},
   {"is_past": true,
    "title": "Executive VP of Worldwide Sales",
    "person":
     {"first_name": "Dale",
      "last_name": "Bastian",
      "permalink": "dale-bastian"}},
   {"is_past": true,
    "title": "Vice President \u0026 General Manager, Business Development",
    "person":
     {"first_name": "Brian",
      "last_name": "Sugar",
      "permalink": "brian-sugar"}},
   {"is_past": true,
    "title": "Vice President of Engineering",
    "person":
     {"first_name": "Steve",
      "last_name": "Maher",
      "permalink": "steve-maher"}},
   {"is_past": true,
    "title": "Software Engineer",
    "person":
     {"first_name": "Brian",
      "last_name": "C. Dilley",
      "permalink": "brian-c-dilley"}},
   {"is_past": true,
    "title": "VP HW Engineering",
    "person":
     {"first_name": "Scott",
      "last_name": "de Haas",
      "permalink": "scott-de-haas"}},
   {"is_past": true,
    "title": "Director Product Marketing \u0026 Management",
    "person":
     {"first_name": "Arthur",
      "last_name": "Cinader",
      "permalink": "arthur-cinader"}},
   {"is_past": true,
    "title": "Product Marketing / Product Management",
    "person":
     {"first_name": "Patty",
      "last_name": "Solberg",
      "permalink": "patty-solberg"}},
   {"is_past": true,
    "title": "Various Senior Positions",
    "person":
     {"first_name": "Rhett",
      "last_name": "Ohlson",
      "permalink": "rhett-ohlson"}},
   {"is_past": true,
    "title": "Sr. Manager, Finance Operations",
    "person":
     {"first_name": "Eran",
      "last_name": "Ziv",
      "permalink": "eran-ziv"}},
   {"is_past": true,
    "title": "Director of Corporate Communications",
    "person":
     {"first_name": "Paul",
      "last_name": "Brunato",
      "permalink": "paul-brunato"}},
   {"is_past": true,
    "title": "Product Marketing Manager",
    "person":
     {"first_name": "Jason",
      "last_name": "Rhee",
      "permalink": "jason-rhee"}},
   {"is_past": true,
    "title": "Director of Operations Strategic Planning",
    "person":
     {"first_name": "Deborah",
      "last_name": "Donohue",
      "permalink": "deborah-donohue"}},
   {"is_past": true,
    "title": "Executive Director of Sales",
    "person":
     {"first_name": "Randy",
      "last_name": "Barber",
      "permalink": "randy-barber"}},
   {"is_past": true,
    "title": "Board of Directors",
    "person":
     {"first_name": "Rubin",
      "last_name": "Gruber",
      "permalink": "rubin-gruber"}}],
 "competitions":
  [],
 "providerships":
  [],
 "total_money_raised": "$0",
 "funding_rounds":
  [],
 "investments":
  [],
 "acquisition":
  {"price_amount": 475000000.0,
   "price_currency_code": "USD",
   "term_code": "cash",
   "source_url": "http://paidcontent.org/article/419-pace-acquiring-home-media-delivery-firm-2wire-to-buy-in-to-u.s/",
   "source_description": "Pace Acquiring Home Media Delivery Firm 2wire To Buy In To U.S.",
   "acquired_year": 2010,
   "acquired_month": 7,
   "acquired_day": 26,
   "acquiring_company":
    {"name": "Pace",
     "permalink": "pace"}},
 "acquisitions":
  [{"price_amount": null,
    "price_currency_code": "USD",
    "term_code": null,
    "source_url": "http://venturebeat.com/2007/10/17/2wire-buys-kenati-to-extend-broadband-service-platform/",
    "source_description": "2Wire buys Kenati, to extend broadband service platform",
    "acquired_year": 2007,
    "acquired_month": 10,
    "acquired_day": 17,
    "company":
     {"name": "Kenati Technologies",
      "permalink": "kenati-technologies"}}],
 "offices":
  [{"description": "",
    "address1": "1704 Automation Parkway",
    "address2": "",
    "zip_code": "95131",
    "city": "San Jose",
    "state_code": "CA",
    "country_code": "USA",
    "latitude": 37.389862,
    "longitude": -121.882673}],
 "milestones":
  [],
 "ipo": null,
 "video_embeds":
  [],
 "screenshots":
  [],
 "external_links":
  [],
 "partners":
  []}
