{"name": "3 Unlem Tasarim",
 "permalink": "3-unlem-tasarim",
 "crunchbase_url": "http://www.crunchbase.com/company/3-unlem-tasarim",
 "homepage_url": "http://www.3unlem.com",
 "blog_url": "",
 "blog_feed_url": "",
 "twitter_username": null,
 "category_code": "web",
 "number_of_employees": 3,
 "founded_year": 2008,
 "founded_month": 2,
 "founded_day": 1,
 "deadpooled_year": null,
 "deadpooled_month": null,
 "deadpooled_day": null,
 "deadpooled_url": null,
 "tag_list": "web-design, design, programming, optimization, web-programming, css, xhtml, php",
 "alias_list": null,
 "email_address": "oerdogan@3unlem.com",
 "phone_number": "+905447299143",
 "description": "Web Design, Programming",
 "created_at": "Wed Mar 18 21:09:34 UTC 2009",
 "updated_at": "Thu Apr 02 05:03:44 UTC 2009",
 "overview": "",
 "image":
  {"available_sizes":
    [[[150,
       52],
      "http://api-images.crunchbase.com/assets/images/resized/0004/0023/40023v1-max-150x150.png"],
     [[200,
       70],
      "http://api-images.crunchbase.com/assets/images/resized/0004/0023/40023v1-max-250x250.png"],
     [[200,
       70],
      "http://api-images.crunchbase.com/assets/images/resized/0004/0023/40023v1-max-450x450.png"]],
   "attribution": null},
 "products":
  [],
 "relationships":
  [{"is_past": false,
    "title": "",
    "person":
     {"first_name": "Osman",
      "last_name": "Erdogan",
      "permalink": "osman-erdogan"}}],
 "competitions":
  [],
 "providerships":
  [],
 "total_money_raised": "$0",
 "funding_rounds":
  [],
 "investments":
  [],
 "acquisition": null,
 "acquisitions":
  [],
 "offices":
  [],
 "milestones":
  [],
 "ipo": null,
 "video_embeds":
  [],
 "screenshots":
  [{"available_sizes":
     [[[150,
        150],
       "http://api-images.crunchbase.com/assets/images/resized/0003/8532/38532v2-max-150x150.jpg"],
      [[191,
        191],
       "http://api-images.crunchbase.com/assets/images/resized/0003/8532/38532v2-max-250x250.jpg"],
      [[191,
        191],
       "http://api-images.crunchbase.com/assets/images/resized/0003/8532/38532v2-max-450x450.jpg"]],
    "attribution": null}],
 "external_links":
  [],
 "partners":
  []}
