{"name": "32nd Degree",
 "permalink": "32nd-degree",
 "crunchbase_url": "http://www.crunchbase.com/company/32nd-degree",
 "homepage_url": "http://www.32nddegree.com",
 "blog_url": "",
 "blog_feed_url": "",
 "twitter_username": null,
 "category_code": "web",
 "number_of_employees": 1,
 "founded_year": 2006,
 "founded_month": 4,
 "founded_day": 3,
 "deadpooled_year": null,
 "deadpooled_month": null,
 "deadpooled_day": null,
 "deadpooled_url": null,
 "tag_list": "web, internet",
 "alias_list": null,
 "email_address": "admin@32nd-degree.com",
 "phone_number": "",
 "description": "Website commodity developer",
 "created_at": "Tue Mar 17 03:13:14 UTC 2009",
 "updated_at": "Sat Mar 21 14:04:43 UTC 2009",
 "overview": "\u003Cp\u003E32nd Degree develops and operates websites in various markets. 32nd Degree has several web commodities that appeal to the public and service the community and businesses alike.\u003C/p\u003E",
 "image":
  {"available_sizes":
    [[[150,
       75],
      "http://api-images.crunchbase.com/assets/images/resized/0003/8302/38302v2-max-150x150.jpg"],
     [[250,
       125],
      "http://api-images.crunchbase.com/assets/images/resized/0003/8302/38302v2-max-250x250.jpg"],
     [[300,
       151],
      "http://api-images.crunchbase.com/assets/images/resized/0003/8302/38302v2-max-450x450.jpg"]],
   "attribution": null},
 "products":
  [{"name": "FidoFinder.com",
    "permalink": "fidofinder-com"},
   {"name": "TabbyTracker.com",
    "permalink": "tabbytracker-com"},
   {"name": "Tagomatic.com",
    "permalink": "tagomatic-com"},
   {"name": "NamingForce.com",
    "permalink": "namingforce-com"},
   {"name": "LeagueAce.com",
    "permalink": "leagueace-com"},
   {"name": "KiddieMenu.com",
    "permalink": "kiddiemenu-com"}],
 "relationships":
  [{"is_past": false,
    "title": "CEO",
    "person":
     {"first_name": "Wes",
      "last_name": "Cutshall",
      "permalink": "wes-cutshall"}}],
 "competitions":
  [],
 "providerships":
  [],
 "total_money_raised": "$0",
 "funding_rounds":
  [],
 "investments":
  [],
 "acquisition": null,
 "acquisitions":
  [],
 "offices":
  [{"description": "Houston",
    "address1": "",
    "address2": "",
    "zip_code": "",
    "city": "",
    "state_code": "TX",
    "country_code": "USA",
    "latitude": null,
    "longitude": null}],
 "milestones":
  [],
 "ipo": null,
 "video_embeds":
  [],
 "screenshots":
  [{"available_sizes":
     [[[150,
        93],
       "http://api-images.crunchbase.com/assets/images/resized/0003/8298/38298v2-max-150x150.jpg"],
      [[250,
        156],
       "http://api-images.crunchbase.com/assets/images/resized/0003/8298/38298v2-max-250x250.jpg"],
      [[450,
        281],
       "http://api-images.crunchbase.com/assets/images/resized/0003/8298/38298v2-max-450x450.jpg"]],
    "attribution": null},
   {"available_sizes":
     [[[150,
        93],
       "http://api-images.crunchbase.com/assets/images/resized/0003/8299/38299v2-max-150x150.jpg"],
      [[250,
        156],
       "http://api-images.crunchbase.com/assets/images/resized/0003/8299/38299v2-max-250x250.jpg"],
      [[450,
        281],
       "http://api-images.crunchbase.com/assets/images/resized/0003/8299/38299v2-max-450x450.jpg"]],
    "attribution": null},
   {"available_sizes":
     [[[150,
        93],
       "http://api-images.crunchbase.com/assets/images/resized/0003/8300/38300v2-max-150x150.jpg"],
      [[250,
        156],
       "http://api-images.crunchbase.com/assets/images/resized/0003/8300/38300v2-max-250x250.jpg"],
      [[450,
        281],
       "http://api-images.crunchbase.com/assets/images/resized/0003/8300/38300v2-max-450x450.jpg"]],
    "attribution": null},
   {"available_sizes":
     [[[150,
        93],
       "http://api-images.crunchbase.com/assets/images/resized/0003/8301/38301v2-max-150x150.jpg"],
      [[250,
        156],
       "http://api-images.crunchbase.com/assets/images/resized/0003/8301/38301v2-max-250x250.jpg"],
      [[450,
        281],
       "http://api-images.crunchbase.com/assets/images/resized/0003/8301/38301v2-max-450x450.jpg"]],
    "attribution": null}],
 "external_links":
  [],
 "partners":
  []}
