{"name": "33Across",
 "permalink": "33across",
 "crunchbase_url": "http://www.crunchbase.com/company/33across",
 "homepage_url": "http://www.33across.com",
 "blog_url": "",
 "blog_feed_url": "",
 "twitter_username": "33Across",
 "category_code": "advertising",
 "number_of_employees": null,
 "founded_year": 2007,
 "founded_month": 9,
 "founded_day": null,
 "deadpooled_year": null,
 "deadpooled_month": null,
 "deadpooled_day": null,
 "deadpooled_url": null,
 "tag_list": "ad-targeting, online-advertising, social-web",
 "alias_list": "",
 "email_address": "",
 "phone_number": "",
 "description": "Social Targeting Network",
 "created_at": "Sat Mar 14 18:00:27 UTC 2009",
 "updated_at": "Mon Mar 10 21:04:17 UTC 2014",
 "overview": "\u003Cp\u003E33Across is a leading advertising technology company, recently named the 70th Fastest Growing Company in America by Inc. Magazine. 33Across harnesses intent from billions of consumer search and sharing activities on more than 1 million publishers to deliver breakthrough advertising experiences and enhanced modeled audience solutions. The company works with one half of Fortune\u2019s 1,000 top companies, and has offices in New York, San Francisco, Los Angeles, Chicago, Sunnyvale and Boston. Learn more at www.33Across.com.\u003C/p\u003E",
 "image":
  {"available_sizes":
    [[[150,
       20],
      "http://api-images.crunchbase.com/assets/images/resized/0003/8050/38050v5-max-150x150.png"],
     [[250,
       33],
      "http://api-images.crunchbase.com/assets/images/resized/0003/8050/38050v5-max-250x250.png"],
     [[450,
       60],
      "http://api-images.crunchbase.com/assets/images/resized/0003/8050/38050v5-max-450x450.png"]],
   "attribution": null},
 "products":
  [],
 "relationships":
  [{"is_past": false,
    "title": "CEO \u0026 Co-Founder",
    "person":
     {"first_name": "Eric",
      "last_name": "Wheeler",
      "permalink": "eric-wheeler"}},
   {"is_past": false,
    "title": "CMO",
    "person":
     {"first_name": "John",
      "last_name": "Haskin",
      "permalink": "john-haskin"}},
   {"is_past": false,
    "title": "Chief Revenue Officer",
    "person":
     {"first_name": "Brett",
      "last_name": "Lofgren",
      "permalink": "brett-lofgren"}},
   {"is_past": false,
    "title": "CFO",
    "person":
     {"first_name": "P",
      "last_name": "Eric Krauss",
      "permalink": "p-eric-krauss"}},
   {"is_past": false,
    "title": "VP Engineering",
    "person":
     {"first_name": "Shyam",
      "last_name": "Kuttikkad",
      "permalink": "shyam-kuttikkad"}},
   {"is_past": false,
    "title": "VP Product Management",
    "person":
     {"first_name": "Chung",
      "last_name": "Cheong",
      "permalink": "chung-cheong"}},
   {"is_past": false,
    "title": "VP Media Operations",
    "person":
     {"first_name": "Orchid",
      "last_name": "Burnside",
      "permalink": "orchid-burnside"}},
   {"is_past": false,
    "title": "Boards of Directors",
    "person":
     {"first_name": "Jon",
      "last_name": "Karlen",
      "permalink": "jon-karlen"}},
   {"is_past": false,
    "title": "VP Sales West Coast and Midwest",
    "person":
     {"first_name": "Steven",
      "last_name": "Stein",
      "permalink": "steven-stein"}},
   {"is_past": true,
    "title": "GM Publisher Solutions \u0026 Co-Founder",
    "person":
     {"first_name": "Greg",
      "last_name": "Levitt",
      "permalink": "greg-levitt"}},
   {"is_past": true,
    "title": "CTO",
    "person":
     {"first_name": "Michael",
      "last_name": "Agostino",
      "permalink": "michael-agostino"}},
   {"is_past": true,
    "title": "CMO",
    "person":
     {"first_name": "Allie",
      "last_name": "Savarino Kline",
      "permalink": "allie-savarino-kline"}},
   {"is_past": true,
    "title": "VP Sales East Coast",
    "person":
     {"first_name": "Ryan",
      "last_name": "Ricci",
      "permalink": "ryan-ricci"}},
   {"is_past": true,
    "title": "VP Business Development",
    "person":
     {"first_name": "Neil",
      "last_name": "Fried",
      "permalink": "neil-fried"}},
   {"is_past": true,
    "title": "VP Sales",
    "person":
     {"first_name": "Sky",
      "last_name": "Holden",
      "permalink": "sky-holden"}},
   {"is_past": true,
    "title": "VP of Product",
    "person":
     {"first_name": "Sachin",
      "last_name": "Devand",
      "permalink": "sachin-devand"}},
   {"is_past": true,
    "title": "VP Engineering",
    "person":
     {"first_name": "Anand",
      "last_name": "Venkataraman",
      "permalink": "anand-venkataraman"}},
   {"is_past": true,
    "title": "Advisor",
    "person":
     {"first_name": "Brandon",
      "last_name": "Berger",
      "permalink": "brandon-berger"}},
   {"is_past": true,
    "title": "Business Development",
    "person":
     {"first_name": "Shadab",
      "last_name": "Farooqui",
      "permalink": "shadab-farooqui"}},
   {"is_past": true,
    "title": "VP Finance",
    "person":
     {"first_name": "Pedro",
      "last_name": "Mejia",
      "permalink": "pedro-mejia"}},
   {"is_past": true,
    "title": "VP of Publisher Development",
    "person":
     {"first_name": "Yael",
      "last_name": "Yekutiel",
      "permalink": "yael-yekutiel"}},
   {"is_past": true,
    "title": "Director of Operations",
    "person":
     {"first_name": "Jeremy",
      "last_name": "Welch",
      "permalink": "jeremy-welch"}},
   {"is_past": true,
    "title": "VP Operations",
    "person":
     {"first_name": "Carine",
      "last_name": "Roman",
      "permalink": "carine-roman"}},
   {"is_past": true,
    "title": "President",
    "person":
     {"first_name": "Matt",
      "last_name": "Arkin",
      "permalink": "matt-arkin"}},
   {"is_past": true,
    "title": "Product Mgmt, Business Dev Intern",
    "person":
     {"first_name": "Corey",
      "last_name": "Pierson",
      "permalink": "corey-pierson"}}],
 "competitions":
  [],
 "providerships":
  [],
 "total_money_raised": "$25.7M",
 "funding_rounds":
  [{"id": 5326,
    "round_code": "seed",
    "source_url": "http://www.dmwmedia.com/news/2009/03/13/33across-gets-$1.5-million-id-online-influencers",
    "source_description": "33Across Gets $1.5 Million to ID Online Influencers",
    "raised_amount": 750000.0,
    "raised_currency_code": "USD",
    "funded_year": 2009,
    "funded_month": 3,
    "funded_day": 13,
    "investments":
     [{"company": null,
       "financial_org":
        {"name": "First Round Capital",
         "permalink": "first-round-capital"},
       "person": null},
      {"company": null,
       "financial_org":
        {"name": "Rose Tech Ventures",
         "permalink": "rose-tech-ventures"},
       "person": null},
      {"company": null,
       "financial_org":
        {"name": "Neu Venture Capital",
         "permalink": "neu-venture-capital"},
       "person": null},
      {"company": null,
       "financial_org":
        {"name": "QED Investors",
         "permalink": "qed-investors"},
       "person": null}]},
   {"id": 14665,
    "round_code": "a",
    "source_url": "http://www.sec.gov/Archives/edgar/data/1436345/000143634510000001/xslFormDX01/primary_doc.xml",
    "source_description": "SEC D",
    "raised_amount": 1284560.0,
    "raised_currency_code": "USD",
    "funded_year": 2010,
    "funded_month": 4,
    "funded_day": 22,
    "investments":
     [{"company": null,
       "financial_org":
        {"name": "QED Investors",
         "permalink": "qed-investors"},
       "person": null}]},
   {"id": 20771,
    "round_code": "b",
    "source_url": "http://techcrunch.com/2011/01/05/33across-raises-9-million-for-social-ad-targeting-platform/",
    "source_description": "TechCrunch",
    "raised_amount": 9000000.0,
    "raised_currency_code": "USD",
    "funded_year": 2011,
    "funded_month": 1,
    "funded_day": 5,
    "investments":
     [{"company": null,
       "financial_org":
        {"name": "Flybridge Capital Partners",
         "permalink": "flybridge-capital"},
       "person": null},
      {"company": null,
       "financial_org":
        {"name": "First Round Capital",
         "permalink": "first-round-capital"},
       "person": null},
      {"company": null,
       "financial_org":
        {"name": "QED Investors",
         "permalink": "qed-investors"},
       "person": null}]},
   {"id": 31392,
    "round_code": "c",
    "source_url": "http://www.marketwire.com/press-release/33across-secures-131-million-in-funding-to-accelerate-growth-1681728.htm",
    "source_description": "33Across Secures $13.1 Million in Funding to Accelerate Growth",
    "raised_amount": 13100000.0,
    "raised_currency_code": "USD",
    "funded_year": 2012,
    "funded_month": 7,
    "funded_day": 19,
    "investments":
     [{"company": null,
       "financial_org":
        {"name": "Pelion Venture Partners",
         "permalink": "pelion-venture-partners"},
       "person": null},
      {"company": null,
       "financial_org":
        {"name": "Flybridge Capital Partners",
         "permalink": "flybridge-capital"},
       "person": null},
      {"company": null,
       "financial_org":
        {"name": "Greycroft Partners",
         "permalink": "greycroft-partners"},
       "person": null},
      {"company": null,
       "financial_org":
        {"name": "First Round Capital",
         "permalink": "first-round-capital"},
       "person": null},
      {"company": null,
       "financial_org":
        {"name": "iNovia Capital",
         "permalink": "inovia-capital"},
       "person": null},
      {"company": null,
       "financial_org":
        {"name": "Panorama Capital",
         "permalink": "panorama-capital"},
       "person": null},
      {"company": null,
       "financial_org":
        {"name": "QED Investors",
         "permalink": "qed-investors"},
       "person": null},
      {"company": null,
       "financial_org":
        {"name": "Metamorphic Ventures",
         "permalink": "metamorphic-ventures-llc"},
       "person": null},
      {"company": null,
       "financial_org":
        {"name": "Great Oaks Venture Capital",
         "permalink": "great-oaks-venture-capital"},
       "person": null}]},
   {"id": 66535,
    "round_code": "partial",
    "source_url": "http://www.sec.gov/Archives/edgar/data/1436345/000143634509000002/xslFormDX01/primary_doc.xml",
    "source_description": "SEC",
    "raised_amount": 1520000.0,
    "raised_currency_code": "USD",
    "funded_year": 2009,
    "funded_month": 2,
    "funded_day": 6,
    "investments":
     []}],
 "investments":
  [],
 "acquisition": null,
 "acquisitions":
  [{"price_amount": null,
    "price_currency_code": "USD",
    "term_code": null,
    "source_url": "http://www.33across.com/pressrelease-012512.php",
    "source_description": "33Across Acquires Social Publishing Giant Tynt",
    "acquired_year": 2012,
    "acquired_month": 1,
    "acquired_day": 25,
    "company":
     {"name": "Tynt",
      "permalink": "tynt"}}],
 "offices":
  [{"description": "",
    "address1": "229 W 28th St.",
    "address2": "12th Fl.",
    "zip_code": "10001",
    "city": "New York",
    "state_code": "NY",
    "country_code": "USA",
    "latitude": 40.75406,
    "longitude": -73.999003}],
 "milestones":
  [{"id": 40329,
    "description": "33Across honored at AlwaysOn's 11th annual Innovation Summit at the Computer History Museum on July 23th, 2013 as one of the AlwaysOn Global 250 winners!",
    "stoned_year": 2013,
    "stoned_month": 7,
    "stoned_day": 23,
    "source_url": "http://www.marketwire.com/press-release/33across-selected-by-alwayson-as-an-alwayson-global-250-winner-1811033.htm",
    "source_text": null,
    "source_description": "33Across Selected by AlwaysOn as an AlwaysOn Global 250 Winner",
    "stoneable_type": "Company",
    "stoned_value": null,
    "stoned_value_type": null,
    "stoned_acquirer": null,
    "stoneable":
     {"name": "33Across",
      "permalink": "33across"}},
   {"id": 40330,
    "description": "Brett Lofgren announced as new Chief Revenue Officer at 33Across.",
    "stoned_year": 2013,
    "stoned_month": 8,
    "stoned_day": 5,
    "source_url": "http://www.marketwatch.com/story/33across-taps-brett-lofgren-as-chief-revenue-officer-2013-08-05",
    "source_text": null,
    "source_description": "33Across Taps Brett Lofgren as Chief Revenue Officer",
    "stoneable_type": "Company",
    "stoned_value": null,
    "stoned_value_type": null,
    "stoned_acquirer": null,
    "stoneable":
     {"name": "33Across",
      "permalink": "33across"}},
   {"id": 40331,
    "description": "33Across earns the rank of #70 on the 2013 Inc. 500 list of America's Fastest Growing Privately Held Companies!",
    "stoned_year": 2013,
    "stoned_month": 8,
    "stoned_day": 20,
    "source_url": "http://www.inc.com/profile/33across",
    "source_text": null,
    "source_description": "33Across Inc. 5000 Company Profile",
    "stoneable_type": "Company",
    "stoned_value": null,
    "stoned_value_type": null,
    "stoned_acquirer": null,
    "stoneable":
     {"name": "33Across",
      "permalink": "33across"}},
   {"id": 40332,
    "description": "33Across earned the #17 spot on Inc. 5000's Top 100 Advertising and Marketing Companies!",
    "stoned_year": 2013,
    "stoned_month": 8,
    "stoned_day": 20,
    "source_url": "http://www.inc.com/inc5000/list/industry/advertising-marketing",
    "source_text": null,
    "source_description": "Top Advertising \u0026 Marketing Companies on the 2013 Inc. 5000",
    "stoneable_type": "Company",
    "stoned_value": null,
    "stoned_value_type": null,
    "stoned_acquirer": null,
    "stoneable":
     {"name": "33Across",
      "permalink": "33across"}},
   {"id": 40399,
    "description": "33Across ranked #6 for Top Companies in New York on the 2013 Inc. 5000! ",
    "stoned_year": 2013,
    "stoned_month": 8,
    "stoned_day": 20,
    "source_url": "http://www.inc.com/inc5000/list/state/ny",
    "source_text": null,
    "source_description": "Top Companies in New York on the 2013 Inc. 5000",
    "stoneable_type": "Company",
    "stoned_value": null,
    "stoned_value_type": null,
    "stoned_acquirer": null,
    "stoneable":
     {"name": "33Across",
      "permalink": "33across"}},
   {"id": 40400,
    "description": "33Across awarded the #7 spot for Top Companies in the NYC Metro Area on the 2013 Inc. 5000",
    "stoned_year": 2013,
    "stoned_month": 8,
    "stoned_day": 20,
    "source_url": "http://www.inc.com/inc5000/list/metro/new-york-city",
    "source_text": null,
    "source_description": "Top Companies in the New York City Metro Area on the 2013 Inc. 5000",
    "stoneable_type": "Company",
    "stoned_value": null,
    "stoned_value_type": null,
    "stoned_acquirer": null,
    "stoneable":
     {"name": "33Across",
      "permalink": "33across"}},
   {"id": 40401,
    "description": "33Across featured in DMNews for our successful partnership with SpotCo and ONCE on Broadway!",
    "stoned_year": 2013,
    "stoned_month": 9,
    "stoned_day": 3,
    "source_url": "http://www.dmnews.com/smart-social-targeting-once-and-for-all/article/307483/#",
    "source_text": null,
    "source_description": "Smart Social Targeting 'Once' and For All",
    "stoneable_type": "Company",
    "stoned_value": null,
    "stoned_value_type": null,
    "stoned_acquirer": null,
    "stoneable":
     {"name": "33Across",
      "permalink": "33across"}},
   {"id": 48844,
    "description": "Digital Ad Agency Execs Rank 33Across One of the Top Two Companies Providing \"Value for the Investment\"",
    "stoned_year": 2013,
    "stoned_month": 10,
    "stoned_day": 14,
    "source_url": "http://www.marketwired.com/press-release/33across-scores-top-marks-among-digital-ad-execs-according-newest-myersbiznet-survey-1840663.htm",
    "source_text": null,
    "source_description": "33Across Scores Top Marks Among Digital Ad Execs According to Newest MyersBizNet Survey",
    "stoneable_type": "Company",
    "stoned_value": null,
    "stoned_value_type": null,
    "stoned_acquirer": null,
    "stoneable":
     {"name": "33Across",
      "permalink": "33across"}},
   {"id": 48845,
    "description": "Intent Signal Platform harnesses proprietary search and sharing signals from embedded code on more than 625,000 publishers to create new \u201cIn-View\u201d ad units and enhanced audience performance",
    "stoned_year": 2014,
    "stoned_month": 2,
    "stoned_day": 20,
    "source_url": "http://www.businesswire.com/news/home/20140220006444/en/33Across-Launches-Intent-Signal-Platform-Introduces-Class#.Ux3aseddUXl",
    "source_text": null,
    "source_description": "33Across Launches the Intent Signal Platform, Introduces a New Class of Advertising",
    "stoneable_type": "Company",
    "stoned_value": null,
    "stoned_value_type": null,
    "stoned_acquirer": null,
    "stoneable":
     {"name": "33Across",
      "permalink": "33across"}},
   {"id": 48847,
    "description": "The Intent Signal Platform Delivers Incremental Revenue for Publishers by Enabling Advertising Triggered From Native Consumer Search and Share Actions",
    "stoned_year": 2014,
    "stoned_month": 3,
    "stoned_day": 4,
    "source_url": "http://www.businesswire.com/news/home/20140304006427/en#.Ux3fA-ddUXm",
    "source_text": null,
    "source_description": "33Across Signs Project Nursery as 1 Millionth Publisher, Expands Reach and Scale of its Intent Signal Platform",
    "stoneable_type": "Company",
    "stoned_value": null,
    "stoned_value_type": null,
    "stoned_acquirer": null,
    "stoneable":
     {"name": "33Across",
      "permalink": "33across"}}],
 "ipo": null,
 "video_embeds":
  [],
 "screenshots":
  [{"available_sizes":
     [[[150,
        113],
       "http://api-images.crunchbase.com/assets/images/resized/0003/8049/38049v1-max-150x150.png"],
      [[250,
        189],
       "http://api-images.crunchbase.com/assets/images/resized/0003/8049/38049v1-max-250x250.png"],
      [[450,
        340],
       "http://api-images.crunchbase.com/assets/images/resized/0003/8049/38049v1-max-450x450.png"]],
    "attribution": null},
   {"available_sizes":
     [[[150,
        81],
       "http://api-images.crunchbase.com/assets/images/resized/0011/4219/114219v2-max-150x150.jpg"],
      [[250,
        136],
       "http://api-images.crunchbase.com/assets/images/resized/0011/4219/114219v2-max-250x250.jpg"],
      [[450,
        245],
       "http://api-images.crunchbase.com/assets/images/resized/0011/4219/114219v2-max-450x450.jpg"]],
    "attribution": null}],
 "external_links":
  [],
 "partners":
  []}
