{"name": "360innovate",
 "permalink": "360innovate",
 "crunchbase_url": "http://www.crunchbase.com/company/360innovate",
 "homepage_url": "http://www.360innovate.co.uk",
 "blog_url": "http://www.360innovate.co.uk/blog/",
 "blog_feed_url": "http://www.360innovate.co.uk/blog/wp-feed.php",
 "twitter_username": "360innovate",
 "category_code": "search",
 "number_of_employees": 15,
 "founded_year": 2005,
 "founded_month": null,
 "founded_day": null,
 "deadpooled_year": null,
 "deadpooled_month": null,
 "deadpooled_day": null,
 "deadpooled_url": null,
 "tag_list": "seo-glasgow, online-marketing-glasgow, web-design-glasgow",
 "alias_list": null,
 "email_address": "info@360innovate.co.uk",
 "phone_number": "0141 880 2940",
 "description": "Web design and online marketin company b",
 "created_at": "Wed May 27 15:23:51 UTC 2009",
 "updated_at": "Wed Jul 13 17:40:20 UTC 2011",
 "overview": "\u003Cp\u003E360innovate is a young, fresh and creative web design and online marketing company based in Glasgow, Scotland. \u003C/p\u003E\n\n\u003Cp\u003EWith hundreds of clients from all over the U.K, 360innovate can supply efficient and effective design solutions focusing on creating beautiful websites and producing real results. 360innovate has a wide skill set with website design and SEO at its core but they also provide ecommerce and bespoke web development aiming to give you the best return on investment.\u003C/p\u003E\n\n\u003Cp\u003E360innovate have the skills to provide you with a measurable digital marketing campaign that will see greater website visitors and increased sales.\u003C/p\u003E\n\n\u003Cp\u003E\u0026lt;a href=\u0026quot;http://www.360innovate.co.uk/service/social-media-management/\u0026quot;\u0026gt;Social Media Marketing Glasgow\u0026lt;/a\u0026gt;\u003C/p\u003E",
 "image":
  {"available_sizes":
    [[[98,
       98],
      "http://api-images.crunchbase.com/assets/images/resized/0014/3933/143933v2-max-150x150.jpg"],
     [[98,
       98],
      "http://api-images.crunchbase.com/assets/images/resized/0014/3933/143933v2-max-250x250.jpg"],
     [[98,
       98],
      "http://api-images.crunchbase.com/assets/images/resized/0014/3933/143933v2-max-450x450.jpg"]],
   "attribution": null},
 "products":
  [],
 "relationships":
  [],
 "competitions":
  [],
 "providerships":
  [],
 "total_money_raised": "$0",
 "funding_rounds":
  [],
 "investments":
  [],
 "acquisition": null,
 "acquisitions":
  [],
 "offices":
  [],
 "milestones":
  [],
 "ipo": null,
 "video_embeds":
  [],
 "screenshots":
  [],
 "external_links":
  [{"external_url": "http://www.360innovate.co.uk/service/social-media-management/",
    "title": "Social Media Marketing Glasgow "}],
 "partners":
  []}
