{"name": "3Degrees",
 "permalink": "3degrees",
 "crunchbase_url": "http://www.crunchbase.com/company/3degrees",
 "homepage_url": "http://www.3degreesinc.com",
 "blog_url": "http://www.3degreesinc.com/news/list",
 "blog_feed_url": "",
 "twitter_username": "3Degrees_Inc",
 "category_code": "cleantech",
 "number_of_employees": 52,
 "founded_year": 2007,
 "founded_month": 1,
 "founded_day": 1,
 "deadpooled_year": null,
 "deadpooled_month": null,
 "deadpooled_day": null,
 "deadpooled_url": null,
 "tag_list": "renewable-energy-certificates, recs, carbon-offsets, renewable-energy-credits, environmental-markets, green-power-program, carbon-balancing-programs",
 "alias_list": null,
 "email_address": "info@3degreesinc.com",
 "phone_number": "866.476.9378",
 "description": "Environmental Commodities Firm",
 "created_at": "Sat Feb 21 04:54:37 UTC 2009",
 "updated_at": "Thu May 05 02:20:01 UTC 2011",
 "overview": "\u003Cp\u003E3Degrees Group, Inc. is an environmental commodities sales, trading and marketing firm. Its mission is to mitigate the effects of climate change by accelerating the low-carbon, renewable energy economy. \u003C/p\u003E\n\n\u003Cp\u003E3Degrees realizes this mission by helping its utility, business, LEED green building and other partners utilize environmental commodities to build stakeholder value. Through these partnerships, 3Degrees increases demand for Renewable Energy Certificates (RECs) and carbon offsets, channels capital to renewable energy and carbon reduction projects and improves the efficiency of environmental markets.\u003C/p\u003E\n\n\u003Cp\u003EWinner of the U.S. Department of Energy\u0026#8217;s Green Power Leadership Award four straight years, 3Degrees is headquartered in San Francisco and operates regional offices in Portland, St. Louis and Seattle. To learn more, visit http://www.3degreesinc.com. \u003C/p\u003E",
 "image":
  {"available_sizes":
    [[[150,
       39],
      "http://api-images.crunchbase.com/assets/images/resized/0003/6668/36668v4-max-150x150.png"],
     [[184,
       49],
      "http://api-images.crunchbase.com/assets/images/resized/0003/6668/36668v4-max-250x250.png"],
     [[184,
       49],
      "http://api-images.crunchbase.com/assets/images/resized/0003/6668/36668v4-max-450x450.png"]],
   "attribution": null},
 "products":
  [],
 "relationships":
  [{"is_past": false,
    "title": "Executive Vice-President",
    "person":
     {"first_name": "Steve",
      "last_name": "McDougal",
      "permalink": "steve-mcdougal"}},
   {"is_past": false,
    "title": "President",
    "person":
     {"first_name": "Dan",
      "last_name": "Kalafatas",
      "permalink": "dan-kalafatas"}},
   {"is_past": false,
    "title": "Advisory Board",
    "person":
     {"first_name": "Rami",
      "last_name": "Elghandour",
      "permalink": "rami-elghandour"}}],
 "competitions":
  [],
 "providerships":
  [],
 "total_money_raised": "$0",
 "funding_rounds":
  [],
 "investments":
  [{"funding_round":
     {"round_code": "a",
      "source_url": "http://www.finsmes.com/2014/03/faraday-closes-880k-series-a-financing.html",
      "source_description": " \tFaraday Closes $880K Series A Financing",
      "raised_amount": 880000.0,
      "raised_currency_code": "USD",
      "funded_year": 2014,
      "funded_month": 3,
      "funded_day": 20,
      "company":
       {"name": "Faraday",
        "permalink": "faraday"}}}],
 "acquisition": null,
 "acquisitions":
  [],
 "offices":
  [{"description": "Headquarters",
    "address1": "38 Keyes Avenue",
    "address2": "Suite 300",
    "zip_code": "94129",
    "city": "San Francisco",
    "state_code": "CA",
    "country_code": "USA",
    "latitude": 37.7968492,
    "longitude": -122.457623}],
 "milestones":
  [],
 "ipo": null,
 "video_embeds":
  [],
 "screenshots":
  [{"available_sizes":
     [[[150,
        93],
       "http://api-images.crunchbase.com/assets/images/resized/0013/2286/132286v2-max-150x150.png"],
      [[250,
        156],
       "http://api-images.crunchbase.com/assets/images/resized/0013/2286/132286v2-max-250x250.png"],
      [[450,
        281],
       "http://api-images.crunchbase.com/assets/images/resized/0013/2286/132286v2-max-450x450.png"]],
    "attribution": null},
   {"available_sizes":
     [[[150,
        93],
       "http://api-images.crunchbase.com/assets/images/resized/0013/2667/132667v2-max-150x150.png"],
      [[250,
        156],
       "http://api-images.crunchbase.com/assets/images/resized/0013/2667/132667v2-max-250x250.png"],
      [[450,
        281],
       "http://api-images.crunchbase.com/assets/images/resized/0013/2667/132667v2-max-450x450.png"]],
    "attribution": null}],
 "external_links":
  [{"external_url": "http://www.triplepundit.com/2010/03/renewable-energy-certificate-rec-market/",
    "title": "Triple Pundit Guest Post"},
   {"external_url": "http://www.greenbiz.com/blog/2009/12/17/why-we-need-performance-benchmark-standard-offsets",
    "title": "Climate Biz Guest Post"}],
 "partners":
  []}
