{"name": "3SI Technologies",
 "permalink": "3si-technologies",
 "crunchbase_url": "http://www.crunchbase.com/company/3si-technologies",
 "homepage_url": "http://www.3sitech.ie",
 "blog_url": "",
 "blog_feed_url": "",
 "twitter_username": null,
 "category_code": "enterprise",
 "number_of_employees": null,
 "founded_year": 2006,
 "founded_month": null,
 "founded_day": null,
 "deadpooled_year": null,
 "deadpooled_month": null,
 "deadpooled_day": null,
 "deadpooled_url": null,
 "tag_list": "",
 "alias_list": null,
 "email_address": "info@3sitech.ie",
 "phone_number": "+353 97 29054",
 "description": "Business Technology Specialists",
 "created_at": "Fri Jul 10 10:35:30 UTC 2009",
 "updated_at": "Mon Jul 13 20:41:44 UTC 2009",
 "overview": "\u003Cp\u003EProvide IT Software development and licensing, hardware sales and support; CCTV and access control solutions; Point of sales systems; analogue and VOIP telephony infrastructure; as well as in-house developments including BioClock (biometric time and attendance product) and BizBox (single server or clustered product including all of the above)\u003C/p\u003E",
 "image": null,
 "products":
  [],
 "relationships":
  [],
 "competitions":
  [],
 "providerships":
  [],
 "total_money_raised": "$0",
 "funding_rounds":
  [],
 "investments":
  [],
 "acquisition": null,
 "acquisitions":
  [],
 "offices":
  [],
 "milestones":
  [],
 "ipo": null,
 "video_embeds":
  [],
 "screenshots":
  [],
 "external_links":
  [],
 "partners":
  []}
