{"name": "3x3Links",
 "permalink": "3x3links",
 "crunchbase_url": "http://www.crunchbase.com/company/3x3links",
 "homepage_url": "http://www.3x3links.com",
 "blog_url": "http://3x3links.blogspot.com/",
 "blog_feed_url": "http://feeds2.feedburner.com/3x3linksBlog",
 "twitter_username": "3x3Links",
 "category_code": null,
 "number_of_employees": null,
 "founded_year": 2008,
 "founded_month": 11,
 "founded_day": 1,
 "deadpooled_year": null,
 "deadpooled_month": null,
 "deadpooled_day": null,
 "deadpooled_url": null,
 "tag_list": "browser, speed-dial, start-page, android",
 "alias_list": null,
 "email_address": "info@3x3links.com",
 "phone_number": "+491794040229",
 "description": "",
 "created_at": "Sat Jun 06 16:38:16 UTC 2009",
 "updated_at": "Tue Mar 02 23:31:39 UTC 2010",
 "overview": "\u003Cp\u003E3x3Links is a Speed-Dial webservice.\u003C/p\u003E\n\n\u003Cp\u003EIt has website logos instead of thumbnails, a very clean interface and the user can reach websites with their keyboard number pad. For example a user can setup 5-4 for GMail, 3-7-9 for TechCrunch or 9-1-1 for their favorite search engine. \u003C/p\u003E",
 "image":
  {"available_sizes":
    [[[150,
       38],
      "http://api-images.crunchbase.com/assets/images/resized/0004/7138/47138v2-max-150x150.png"],
     [[250,
       63],
      "http://api-images.crunchbase.com/assets/images/resized/0004/7138/47138v2-max-250x250.png"],
     [[280,
       71],
      "http://api-images.crunchbase.com/assets/images/resized/0004/7138/47138v2-max-450x450.png"]],
   "attribution": null},
 "products":
  [{"name": "Speed Dial Folder",
    "permalink": "speed-dial-folder"}],
 "relationships":
  [{"is_past": false,
    "title": "Creator",
    "person":
     {"first_name": "Federico",
      "last_name": "Elles",
      "permalink": "federico-elles"}}],
 "competitions":
  [],
 "providerships":
  [],
 "total_money_raised": "$0",
 "funding_rounds":
  [],
 "investments":
  [],
 "acquisition": null,
 "acquisitions":
  [],
 "offices":
  [],
 "milestones":
  [{"id": 2373,
    "description": "First Birthday! New feature added: 3x3Pages. Each user can have multiple 3x3Pages with one Google Account.",
    "stoned_year": 2009,
    "stoned_month": 11,
    "stoned_day": 1,
    "source_url": "http://3x3links.blogspot.com/2009/10/happy-birthsday-3x3links-users-may-have.html",
    "source_text": null,
    "source_description": "Happy Birthday 3x3Links: Users may have multiple 3x3Pages now",
    "stoneable_type": "Company",
    "stoned_value": null,
    "stoned_value_type": null,
    "stoned_acquirer": null,
    "stoneable":
     {"name": "3x3Links",
      "permalink": "3x3links"}},
   {"id": 4100,
    "description": "3x3Links releases free Android App: The website speed-dial concept is now also available for your Android apps.",
    "stoned_year": 2010,
    "stoned_month": 3,
    "stoned_day": 2,
    "source_url": "http://3x3links.blogspot.com/2010/03/3x3links-for-android-speed-dial-folder.html",
    "source_text": null,
    "source_description": "3x3Links for Android: Speed Dial Folder",
    "stoneable_type": "Company",
    "stoned_value": null,
    "stoned_value_type": null,
    "stoned_acquirer": null,
    "stoneable":
     {"name": "3x3Links",
      "permalink": "3x3links"}}],
 "ipo": null,
 "video_embeds":
  [],
 "screenshots":
  [{"available_sizes":
     [[[150,
        112],
       "http://api-images.crunchbase.com/assets/images/resized/0004/7134/47134v2-max-150x150.jpg"],
      [[250,
        187],
       "http://api-images.crunchbase.com/assets/images/resized/0004/7134/47134v2-max-250x250.jpg"],
      [[450,
        337],
       "http://api-images.crunchbase.com/assets/images/resized/0004/7134/47134v2-max-450x450.jpg"]],
    "attribution": null},
   {"available_sizes":
     [[[150,
        112],
       "http://api-images.crunchbase.com/assets/images/resized/0004/7135/47135v2-max-150x150.jpg"],
      [[250,
        187],
       "http://api-images.crunchbase.com/assets/images/resized/0004/7135/47135v2-max-250x250.jpg"],
      [[450,
        337],
       "http://api-images.crunchbase.com/assets/images/resized/0004/7135/47135v2-max-450x450.jpg"]],
    "attribution": null},
   {"available_sizes":
     [[[150,
        112],
       "http://api-images.crunchbase.com/assets/images/resized/0004/7136/47136v2-max-150x150.jpg"],
      [[250,
        187],
       "http://api-images.crunchbase.com/assets/images/resized/0004/7136/47136v2-max-250x250.jpg"],
      [[450,
        337],
       "http://api-images.crunchbase.com/assets/images/resized/0004/7136/47136v2-max-450x450.jpg"]],
    "attribution": null},
   {"available_sizes":
     [[[150,
        112],
       "http://api-images.crunchbase.com/assets/images/resized/0004/7137/47137v2-max-150x150.jpg"],
      [[250,
        187],
       "http://api-images.crunchbase.com/assets/images/resized/0004/7137/47137v2-max-250x250.jpg"],
      [[450,
        337],
       "http://api-images.crunchbase.com/assets/images/resized/0004/7137/47137v2-max-450x450.jpg"]],
    "attribution": null}],
 "external_links":
  [{"external_url": "http://lifehacker.com/5074982/3x3links-is-a-speed+dial+style-start-page",
    "title": "3x3links is a Speed-Dial-Style Start Page"},
   {"external_url": "http://www.labnol.org/internet/get-opera-like-speed-dial-homepage/5182/",
    "title": "Get Opera like Speed Dial Homepage for any Web Browser"}],
 "partners":
  []}
