{"name": "40A",
 "permalink": "40a",
 "crunchbase_url": "http://www.crunchbase.com/company/40a",
 "homepage_url": "http://www.blackbirdhome.com/about.html",
 "blog_url": "",
 "blog_feed_url": "",
 "twitter_username": null,
 "category_code": "software",
 "number_of_employees": 10,
 "founded_year": null,
 "founded_month": null,
 "founded_day": null,
 "deadpooled_year": null,
 "deadpooled_month": null,
 "deadpooled_day": null,
 "deadpooled_url": null,
 "tag_list": "blackbird, blackbird-browser, browser, alternative-browser, african-american, african-american-browser",
 "alias_list": "",
 "email_address": "",
 "phone_number": "",
 "description": "",
 "created_at": "Mon Dec 08 14:21:55 UTC 2008",
 "updated_at": "Thu Jul 29 03:47:03 UTC 2010",
 "overview": "\u003Cp\u003EBlackbird is operated by 40A, Inc., a company founded by three African American entrepreneurs, Arnold Brown II, Frank Washington, and H. Edward Young, Jr.\u003C/p\u003E",
 "image":
  {"available_sizes":
    [[[150,
       46],
      "http://api-images.crunchbase.com/assets/images/resized/0003/1607/31607v1-max-150x150.png"],
     [[250,
       77],
      "http://api-images.crunchbase.com/assets/images/resized/0003/1607/31607v1-max-250x250.png"],
     [[300,
       93],
      "http://api-images.crunchbase.com/assets/images/resized/0003/1607/31607v1-max-450x450.png"]],
   "attribution": null},
 "products":
  [{"name": "Blackbird (Browser)",
    "permalink": "blackbird"}],
 "relationships":
  [],
 "competitions":
  [],
 "providerships":
  [],
 "total_money_raised": "$0",
 "funding_rounds":
  [],
 "investments":
  [],
 "acquisition": null,
 "acquisitions":
  [],
 "offices":
  [{"description": "",
    "address1": "1754 Technology Drive",
    "address2": "Suite 135",
    "zip_code": "95110",
    "city": "San Jose",
    "state_code": "CA",
    "country_code": "USA",
    "latitude": 37.369302,
    "longitude": -121.91896}],
 "milestones":
  [],
 "ipo": null,
 "video_embeds":
  [],
 "screenshots":
  [],
 "external_links":
  [],
 "partners":
  []}
