{"name": "415 Ventures",
 "permalink": "415-ventures",
 "crunchbase_url": "http://www.crunchbase.com/company/415-ventures",
 "homepage_url": "http://415ventures.com",
 "blog_url": "",
 "blog_feed_url": "",
 "twitter_username": null,
 "category_code": "web",
 "number_of_employees": 10,
 "founded_year": 2007,
 "founded_month": null,
 "founded_day": null,
 "deadpooled_year": null,
 "deadpooled_month": null,
 "deadpooled_day": null,
 "deadpooled_url": null,
 "tag_list": "social-media, free-streaming, video-sharing, photo-sharing, networking, leisure, blogs, blogging",
 "alias_list": null,
 "email_address": "badepoju@415ventures.com",
 "phone_number": "301-455-6821",
 "description": "Holding company",
 "created_at": "Wed Jul 15 18:28:08 UTC 2009",
 "updated_at": "Thu Aug 13 18:20:49 UTC 2009",
 "overview": "\u003Cp\u003E415 Ventures is a holding company that owns and operates (as well as provides venture funding, a future endeavor) subsidiaries on and off the web.\u003C/p\u003E\n\n\u003Cp\u003EOur  first investment is a social media-networking site called ViewersRepublic.com, which uses user-generated contents, i.e. videos, photos, blogs, and music to introduce and connect one member to another. \u003C/p\u003E\n\n\u003Cp\u003EViewersRepublic.com also serves as an alternative to iTunes and Amazon as a place to sell music. What we have over the other guys is that we do not take commissions out of the revenue the artists/bands make selling through us. We charge a one-time fee for setting up the album, and $20 a month for selling through us. In addition, we take the a lot of the stress out of out trying to get their music heard for indies because we provide a radio function that they can automatically add their music to, which is available for free streaming by ALL visitors. We also provide this service to major labels worldwide.\u003C/p\u003E",
 "image":
  {"available_sizes":
    [[[150,
       38],
      "http://api-images.crunchbase.com/assets/images/resized/0005/3041/53041v2-max-150x150.png"],
     [[250,
       63],
      "http://api-images.crunchbase.com/assets/images/resized/0005/3041/53041v2-max-250x250.png"],
     [[450,
       114],
      "http://api-images.crunchbase.com/assets/images/resized/0005/3041/53041v2-max-450x450.png"]],
   "attribution": null},
 "products":
  [],
 "relationships":
  [{"is_past": false,
    "title": "Founder/President",
    "person":
     {"first_name": "Babatunde",
      "last_name": "Adepoju",
      "permalink": "babatunde-adepoju"}}],
 "competitions":
  [{"competitor":
     {"name": "Facebook",
      "permalink": "facebook"}},
   {"competitor":
     {"name": "MySpace",
      "permalink": "myspace"}},
   {"competitor":
     {"name": "YouTube",
      "permalink": "youtube"}},
   {"competitor":
     {"name": "imeem",
      "permalink": "imeem"}},
   {"competitor":
     {"name": "Bebo",
      "permalink": "bebo"}}],
 "providerships":
  [],
 "total_money_raised": "$0",
 "funding_rounds":
  [],
 "investments":
  [],
 "acquisition": null,
 "acquisitions":
  [],
 "offices":
  [{"description": "",
    "address1": "7415 Wilhelm Drive",
    "address2": "",
    "zip_code": "20706",
    "city": "Lanham",
    "state_code": "MD",
    "country_code": "USA",
    "latitude": 38.9787174,
    "longitude": -76.8835456}],
 "milestones":
  [],
 "ipo": null,
 "video_embeds":
  [],
 "screenshots":
  [],
 "external_links":
  [],
 "partners":
  []}
