{"name": "4AdNetworks",
 "permalink": "4adnetworks",
 "crunchbase_url": "http://www.crunchbase.com/company/4adnetworks",
 "homepage_url": null,
 "blog_url": "",
 "blog_feed_url": "",
 "twitter_username": null,
 "category_code": "software",
 "number_of_employees": null,
 "founded_year": null,
 "founded_month": null,
 "founded_day": null,
 "deadpooled_year": null,
 "deadpooled_month": null,
 "deadpooled_day": null,
 "deadpooled_url": null,
 "tag_list": "semantic-technology, semantic-targeting, ad-networks, online-advertising, semantic-targeting-technology",
 "alias_list": null,
 "email_address": "info@4adnetworks.com",
 "phone_number": "+44(0)2071933864",
 "description": null,
 "created_at": "Tue Dec 09 12:48:31 UTC 2008",
 "updated_at": "Mon May 25 16:29:40 UTC 2009",
 "overview": "\u003Cp\u003E4AdNetworks offers ad networks its semantic targeting technology -Apricot which is based on their semantic analyzing technology.\u003C/p\u003E\n\n\u003Cp\u003EApricot crawls and processes publisher\u0026#8217;s and advertiser\u0026#8217;s web pages\u0026#8217; content, analyzes them, finds keywords and identifies their functions and relationships in the sentence, i.e. recognizes the action in the sentence, its doer, the things/persons affected by this action, the time and place of its occurrence, etc. Based on the analyzed texts on the page it understands the meaning of the webpage and matches corresponding URLs as semantically related pages.\u003C/p\u003E",
 "image":
  {"available_sizes":
    [[[150,
       139],
      "http://api-images.crunchbase.com/assets/images/resized/0003/1342/31342v2-max-150x150.jpg"],
     [[203,
       189],
      "http://api-images.crunchbase.com/assets/images/resized/0003/1342/31342v2-max-250x250.jpg"],
     [[203,
       189],
      "http://api-images.crunchbase.com/assets/images/resized/0003/1342/31342v2-max-450x450.jpg"]],
   "attribution": null},
 "products":
  [{"name": "Apricot",
    "permalink": "apricot"}],
 "relationships":
  [],
 "competitions":
  [{"competitor":
     {"name": "Peer39 by Sizmek",
      "permalink": "peer39"}}],
 "providerships":
  [],
 "total_money_raised": "$0",
 "funding_rounds":
  [],
 "investments":
  [],
 "acquisition": null,
 "acquisitions":
  [],
 "offices":
  [{"description": "",
    "address1": "OFFICE 11, 14 TOTTENHAM COURT ROAD",
    "address2": "",
    "zip_code": "W1T 1JY",
    "city": "London",
    "state_code": null,
    "country_code": "GBR",
    "latitude": 51.5201597,
    "longitude": -0.1338595}],
 "milestones":
  [],
 "ipo": null,
 "video_embeds":
  [],
 "screenshots":
  [],
 "external_links":
  [],
 "partners":
  []}
