{"name": "4D Media",
 "permalink": "4d-media",
 "crunchbase_url": "http://www.crunchbase.com/company/4d-media",
 "homepage_url": null,
 "blog_url": "",
 "blog_feed_url": "",
 "twitter_username": null,
 "category_code": "public_relations",
 "number_of_employees": null,
 "founded_year": null,
 "founded_month": null,
 "founded_day": null,
 "deadpooled_year": null,
 "deadpooled_month": null,
 "deadpooled_day": null,
 "deadpooled_url": null,
 "tag_list": "",
 "alias_list": "",
 "email_address": "",
 "phone_number": "",
 "description": "Social Media Marketing Company",
 "created_at": "Tue Jul 07 21:14:33 UTC 2009",
 "updated_at": "Tue Jul 07 21:14:33 UTC 2009",
 "overview": "",
 "image": null,
 "products":
  [],
 "relationships":
  [],
 "competitions":
  [],
 "providerships":
  [],
 "total_money_raised": "$0",
 "funding_rounds":
  [],
 "investments":
  [],
 "acquisition": null,
 "acquisitions":
  [{"price_amount": null,
    "price_currency_code": "USD",
    "term_code": null,
    "source_url": "",
    "source_description": "Cap Index Report",
    "acquired_year": 2009,
    "acquired_month": 4,
    "acquired_day": 7,
    "company":
     {"name": "GetSeats.com",
      "permalink": "getseats-com"}}],
 "offices":
  [],
 "milestones":
  [],
 "ipo": null,
 "video_embeds":
  [],
 "screenshots":
  [],
 "external_links":
  [],
 "partners":
  []}
