{"name": "4Point",
 "permalink": "4point",
 "crunchbase_url": "http://www.crunchbase.com/company/4point",
 "homepage_url": "http://www.4point.com",
 "blog_url": "",
 "blog_feed_url": "",
 "twitter_username": null,
 "category_code": "consulting",
 "number_of_employees": null,
 "founded_year": null,
 "founded_month": null,
 "founded_day": null,
 "deadpooled_year": null,
 "deadpooled_month": null,
 "deadpooled_day": null,
 "deadpooled_url": null,
 "tag_list": null,
 "alias_list": "",
 "email_address": "",
 "phone_number": "",
 "description": "Adobe consultancy",
 "created_at": "Thu Jun 25 19:34:08 UTC 2009",
 "updated_at": "Thu Jun 25 19:36:43 UTC 2009",
 "overview": "\u003Cp\u003EAdobe consultancy.\u003C/p\u003E",
 "image":
  {"available_sizes":
    [[[150,
       55],
      "http://api-images.crunchbase.com/assets/images/resized/0005/0704/50704v1-max-150x150.png"],
     [[222,
       82],
      "http://api-images.crunchbase.com/assets/images/resized/0005/0704/50704v1-max-250x250.png"],
     [[222,
       82],
      "http://api-images.crunchbase.com/assets/images/resized/0005/0704/50704v1-max-450x450.png"]],
   "attribution": null},
 "products":
  [],
 "relationships":
  [],
 "competitions":
  [],
 "providerships":
  [],
 "total_money_raised": "$0",
 "funding_rounds":
  [],
 "investments":
  [],
 "acquisition": null,
 "acquisitions":
  [{"price_amount": null,
    "price_currency_code": "USD",
    "term_code": null,
    "source_url": "http://www.4point.com/formdriven-pr.html",
    "source_description": "",
    "acquired_year": 2009,
    "acquired_month": 6,
    "acquired_day": 1,
    "company":
     {"name": "FromDriven",
      "permalink": "fromdriven"}}],
 "offices":
  [],
 "milestones":
  [],
 "ipo": null,
 "video_embeds":
  [],
 "screenshots":
  [],
 "external_links":
  [],
 "partners":
  []}
