{"name": "4shared",
 "permalink": "4shared",
 "crunchbase_url": "http://www.crunchbase.com/company/4shared",
 "homepage_url": "http://www.4shared.com",
 "blog_url": "http://blog.4shared.com",
 "blog_feed_url": "",
 "twitter_username": "4shared",
 "category_code": "network_hosting",
 "number_of_employees": 666,
 "founded_year": 2011,
 "founded_month": 6,
 "founded_day": 6,
 "deadpooled_year": null,
 "deadpooled_month": null,
 "deadpooled_day": null,
 "deadpooled_url": null,
 "tag_list": "file-sharing, file-storage, file-hosting, online-storage, web-storage, instant-sharing, backup, online-backup, storage, share, upload, download",
 "alias_list": "",
 "email_address": "support@4shared.com",
 "phone_number": "+60128600431",
 "description": "Online File Storage",
 "created_at": "Sat Mar 07 19:57:51 UTC 2009",
 "updated_at": "Wed Mar 20 11:13:07 UTC 2013",
 "overview": "\u003Cp\u003E4shared is an online storage and file hosting Web service owned by New IT Solutions Ltd. 4shared allows users to store their text, audio, video, photo, and other files and share them, if they wish, with other people. \u003C/p\u003E\n\n\u003Cp\u003EIt is known for Search Service which gives anyone, including unregistered visitors, opportunity to browse through files shared by other 4shared members.  4shared is the official trademark of pmstation.com\u003C/p\u003E",
 "image":
  {"available_sizes":
    [[[150,
       33],
      "http://api-images.crunchbase.com/assets/images/resized/0004/5189/45189v3-max-150x150.jpg"],
     [[250,
       54],
      "http://api-images.crunchbase.com/assets/images/resized/0004/5189/45189v3-max-250x250.jpg"],
     [[400,
       88],
      "http://api-images.crunchbase.com/assets/images/resized/0004/5189/45189v3-max-450x450.jpg"]],
   "attribution": null},
 "products":
  [{"name": "4shared Sync",
    "permalink": "4shared-sync"}],
 "relationships":
  [{"is_past": false,
    "title": "Co-owner",
    "person":
     {"first_name": "Alex",
      "last_name": "Lunkov",
      "permalink": "alex-lunkov"}},
   {"is_past": false,
    "title": "Free file-sharing and storage",
    "person":
     {"first_name": "Dmitriy",
      "last_name": "Linchevskiy",
      "permalink": "dmitriy-linchevskiy"}},
   {"is_past": false,
    "title": "President of Products",
    "person":
     {"first_name": "Sergiy",
      "last_name": "Chudnovkyy",
      "permalink": "sergiy-chudnovkyy"}},
   {"is_past": false,
    "title": "President of technology",
    "person":
     {"first_name": "Alex",
      "last_name": "Lunkov",
      "permalink": "alex-lunkov"}}],
 "competitions":
  [{"competitor":
     {"name": "Box",
      "permalink": "box"}},
   {"competitor":
     {"name": "Omnidrive",
      "permalink": "omnidrive"}},
   {"competitor":
     {"name": "Xdrive",
      "permalink": "xdrive"}},
   {"competitor":
     {"name": "Dropbox",
      "permalink": "dropbox"}},
   {"competitor":
     {"name": "drop.io",
      "permalink": "drop-io"}},
   {"competitor":
     {"name": "Dropsend",
      "permalink": "dropsend"}},
   {"competitor":
     {"name": "Hightail",
      "permalink": "hightail"}},
   {"competitor":
     {"name": "Badongo.com",
      "permalink": "badongo-com"}}],
 "providerships":
  [{"title": "",
    "is_past": false,
    "provider":
     {"name": "WEBZILLA",
      "permalink": "webzilla"}}],
 "total_money_raised": "$0",
 "funding_rounds":
  [],
 "investments":
  [],
 "acquisition": null,
 "acquisitions":
  [],
 "offices":
  [{"description": "",
    "address1": "Graigmuir Chambers, Road Town",
    "address2": "",
    "zip_code": "",
    "city": "Tortola",
    "state_code": null,
    "country_code": "VGB",
    "latitude": null,
    "longitude": null}],
 "milestones":
  [],
 "ipo": null,
 "video_embeds":
  [],
 "screenshots":
  [{"available_sizes":
     [[[150,
        98],
       "http://api-images.crunchbase.com/assets/images/resized/0004/5191/45191v2-max-150x150.jpg"],
      [[250,
        164],
       "http://api-images.crunchbase.com/assets/images/resized/0004/5191/45191v2-max-250x250.jpg"],
      [[450,
        296],
       "http://api-images.crunchbase.com/assets/images/resized/0004/5191/45191v2-max-450x450.jpg"]],
    "attribution": null}],
 "external_links":
  [{"external_url": "http://www.pmstation.com",
    "title": "PM Station about 4shared"},
   {"external_url": "http://siteanalytics.compete.com/4shared.com/?metric=uv",
    "title": "Analytics by Compete"},
   {"external_url": "http://www.quantcast.com/4shared.com",
    "title": "Analytics by Quantcast"},
   {"external_url": "http://www.alexa.com/data/details/main/4shared.com",
    "title": "4shared in Alexa"},
   {"external_url": "http://www.aboutus.org/4Shared.com",
    "title": "4shared at AboutUs"}],
 "partners":
  []}
