{"name": "5ones",
 "permalink": "5ones",
 "crunchbase_url": "http://www.crunchbase.com/company/5ones",
 "homepage_url": "http://5ones.com",
 "blog_url": "http://5ones.com/category/blog/",
 "blog_feed_url": "http://feeds.feedburner.com/5ones",
 "twitter_username": "5ones",
 "category_code": "web",
 "number_of_employees": 8,
 "founded_year": 2007,
 "founded_month": 8,
 "founded_day": 1,
 "deadpooled_year": null,
 "deadpooled_month": null,
 "deadpooled_day": null,
 "deadpooled_url": null,
 "tag_list": "5ones, action-sports, surfing, snowboarding, skateboarding",
 "alias_list": null,
 "email_address": "info@5ones.com",
 "phone_number": "",
 "description": "Action Sports Destination",
 "created_at": "Tue May 05 16:55:42 UTC 2009",
 "updated_at": "Fri May 08 18:43:04 UTC 2009",
 "overview": "\u003Cp\u003E5ones is an online action sports destination featuring news, commentary and web applications for core sports such as surfing, skateboarding, and snowboarding. \u003C/p\u003E",
 "image": null,
 "products":
  [],
 "relationships":
  [{"is_past": false,
    "title": "Co-Founder \u0026 CMO",
    "person":
     {"first_name": "Chris",
      "last_name": "Bennett",
      "permalink": "chris-bennett-2"}},
   {"is_past": false,
    "title": "Co-Founder \u0026 CTO",
    "person":
     {"first_name": "Patrick",
      "last_name": "Bennett",
      "permalink": "patrick-bennett"}},
   {"is_past": true,
    "title": "Co-Founder \u0026 Editor in Chief",
    "person":
     {"first_name": "Cameron",
      "last_name": "Olthuis",
      "permalink": "cameron-olthuis"}}],
 "competitions":
  [],
 "providerships":
  [],
 "total_money_raised": "$0",
 "funding_rounds":
  [],
 "investments":
  [],
 "acquisition": null,
 "acquisitions":
  [],
 "offices":
  [],
 "milestones":
  [],
 "ipo": null,
 "video_embeds":
  [],
 "screenshots":
  [{"available_sizes":
     [[[150,
        87],
       "http://api-images.crunchbase.com/assets/images/resized/0004/3225/43225v2-max-150x150.jpg"],
      [[250,
        146],
       "http://api-images.crunchbase.com/assets/images/resized/0004/3225/43225v2-max-250x250.jpg"],
      [[450,
        263],
       "http://api-images.crunchbase.com/assets/images/resized/0004/3225/43225v2-max-450x450.jpg"]],
    "attribution": null},
   {"available_sizes":
     [[[150,
        86],
       "http://api-images.crunchbase.com/assets/images/resized/0004/3226/43226v2-max-150x150.jpg"],
      [[250,
        144],
       "http://api-images.crunchbase.com/assets/images/resized/0004/3226/43226v2-max-250x250.jpg"],
      [[450,
        259],
       "http://api-images.crunchbase.com/assets/images/resized/0004/3226/43226v2-max-450x450.jpg"]],
    "attribution": null},
   {"available_sizes":
     [[[150,
        92],
       "http://api-images.crunchbase.com/assets/images/resized/0004/3227/43227v2-max-150x150.jpg"],
      [[250,
        153],
       "http://api-images.crunchbase.com/assets/images/resized/0004/3227/43227v2-max-250x250.jpg"],
      [[450,
        276],
       "http://api-images.crunchbase.com/assets/images/resized/0004/3227/43227v2-max-450x450.jpg"]],
    "attribution": null}],
 "external_links":
  [],
 "partners":
  []}
