{"name": "5Square.com",
 "permalink": "5square-com",
 "crunchbase_url": "http://www.crunchbase.com/company/5square-com",
 "homepage_url": "http://www.5square.com",
 "blog_url": "",
 "blog_feed_url": "",
 "twitter_username": null,
 "category_code": "software",
 "number_of_employees": null,
 "founded_year": null,
 "founded_month": null,
 "founded_day": null,
 "deadpooled_year": null,
 "deadpooled_month": null,
 "deadpooled_day": null,
 "deadpooled_url": null,
 "tag_list": "",
 "alias_list": "",
 "email_address": "",
 "phone_number": "818-575-9888",
 "description": "process automation software",
 "created_at": "Tue Aug 04 07:24:43 UTC 2009",
 "updated_at": "Wed Aug 19 22:36:59 UTC 2009",
 "overview": "\u003Cp\u003E5Square Systems Corporation provides sales process automation software to automotive dealerships. Its software includes ILM, customer relation management, desking, and service analytics. \u003C/p\u003E\n\n\u003Cp\u003EThe company was founded in 2001 and is headquartered in Westlake Village, California.  As of July 9, 2008, 5Square Systems Corporation operates as a subsidiary of iMagicLab.\u003C/p\u003E",
 "image": null,
 "products":
  [],
 "relationships":
  [{"is_past": false,
    "title": "Board Director",
    "person":
     {"first_name": "Yuri",
      "last_name": "Pikover",
      "permalink": "yuri-pikover"}},
   {"is_past": true,
    "title": "VP of Product Management",
    "person":
     {"first_name": "Cheryl",
      "last_name": "Slinkard",
      "permalink": "cheryl-valencia"}},
   {"is_past": true,
    "title": "VP, Software Development",
    "person":
     {"first_name": "Shuki",
      "last_name": "Lehavi",
      "permalink": "shuki-lehavi"}},
   {"is_past": true,
    "title": "Project Manager",
    "person":
     {"first_name": "Jim",
      "last_name": "Justinich",
      "permalink": "jim-justinich"}}],
 "competitions":
  [],
 "providerships":
  [],
 "total_money_raised": "$0",
 "funding_rounds":
  [],
 "investments":
  [],
 "acquisition":
  {"price_amount": null,
   "price_currency_code": "USD",
   "term_code": null,
   "source_url": "http://www.imagiclab.com/Press/Press%20Releases/iMagicLab++Acquires+Assets+of+5Square.com+to+Expand+Automobile+Industry+CRM+Product+Suite",
   "source_description": "iMagicLab Acquires Assets of 5Square.com to Expand Automobile Industry CRM Product Suite",
   "acquired_year": 2008,
   "acquired_month": 7,
   "acquired_day": 9,
   "acquiring_company":
    {"name": "iMagicLab",
     "permalink": "imagiclab"}},
 "acquisitions":
  [],
 "offices":
  [{"description": "HQ",
    "address1": "4360 Park Terrace Drive",
    "address2": "Suite 100",
    "zip_code": "91361",
    "city": "Westlake Village",
    "state_code": "CA",
    "country_code": "USA",
    "latitude": 34.144646,
    "longitude": -118.800056}],
 "milestones":
  [],
 "ipo": null,
 "video_embeds":
  [],
 "screenshots":
  [],
 "external_links":
  [],
 "partners":
  []}
