{"name": "6th Sense Analytics",
 "permalink": "6th-sense-analytics",
 "crunchbase_url": "http://www.crunchbase.com/company/6th-sense-analytics",
 "homepage_url": "http://www.sixthsenseanalytics.com",
 "blog_url": "",
 "blog_feed_url": "",
 "twitter_username": null,
 "category_code": "software",
 "number_of_employees": null,
 "founded_year": 2004,
 "founded_month": null,
 "founded_day": null,
 "deadpooled_year": null,
 "deadpooled_month": null,
 "deadpooled_day": null,
 "deadpooled_url": null,
 "tag_list": null,
 "alias_list": "",
 "email_address": "",
 "phone_number": "919-439-4740",
 "description": "Software Analytics",
 "created_at": "Wed Jan 14 19:22:10 UTC 2009",
 "updated_at": "Mon Jul 26 02:52:24 UTC 2010",
 "overview": "\u003Cp\u003E6th Sense Analytics provides software solutions for automated collection and analysis of software engineering process and product data. The company was founded in 2004 and is based in Morrisville, North Carolina. \u003C/p\u003E\n\n\u003Cp\u003EAs of January 12, 2009, 6th Sense Analytics operates as a subsidiary of Rally Software Development Corp.\u003C/p\u003E",
 "image":
  {"available_sizes":
    [[[150,
       51],
      "http://api-images.crunchbase.com/assets/images/resized/0004/0138/40138v1-max-150x150.png"],
     [[208,
       72],
      "http://api-images.crunchbase.com/assets/images/resized/0004/0138/40138v1-max-250x250.png"],
     [[208,
       72],
      "http://api-images.crunchbase.com/assets/images/resized/0004/0138/40138v1-max-450x450.png"]],
   "attribution": null},
 "products":
  [],
 "relationships":
  [],
 "competitions":
  [],
 "providerships":
  [],
 "total_money_raised": "$6.7M",
 "funding_rounds":
  [{"id": 13392,
    "round_code": "a",
    "source_url": "http://www.thefreelibrary.com/6th+Sense+Analytics+Raises+$5+Million+in+Series+A+Venture+Funding-a0158612337",
    "source_description": "6th Sense Analytics Raises $5 Million in Series A Venture Funding.",
    "raised_amount": 5000000.0,
    "raised_currency_code": "USD",
    "funded_year": 2007,
    "funded_month": 1,
    "funded_day": 31,
    "investments":
     [{"company": null,
       "financial_org":
        {"name": "Intersouth Partners",
         "permalink": "intersouth-partners"},
       "person": null},
      {"company": null,
       "financial_org":
        {"name": "Core Capital Partners",
         "permalink": "core-capital-partners"},
       "person": null}]},
   {"id": 17281,
    "round_code": "unattributed",
    "source_url": "",
    "source_description": "EDGAR",
    "raised_amount": 1700000.0,
    "raised_currency_code": "USD",
    "funded_year": 2005,
    "funded_month": 11,
    "funded_day": 11,
    "investments":
     [{"company": null,
       "financial_org":
        {"name": "Intersouth Partners",
         "permalink": "intersouth-partners"},
       "person": null}]}],
 "investments":
  [],
 "acquisition":
  {"price_amount": null,
   "price_currency_code": "USD",
   "term_code": null,
   "source_url": "http://www.techjournalsouth.com/news/article.html?item_id=6735",
   "source_description": "Rally Software buys NC-based 6th Sense Analytics",
   "acquired_year": 2009,
   "acquired_month": 1,
   "acquired_day": 14,
   "acquiring_company":
    {"name": "Rally Software",
     "permalink": "rally-software"}},
 "acquisitions":
  [],
 "offices":
  [{"description": "HQ",
    "address1": "One Copley Parkway",
    "address2": "Suite 560",
    "zip_code": "27560",
    "city": "Morrisville",
    "state_code": "NC",
    "country_code": "USA",
    "latitude": 35.864045,
    "longitude": -78.820816}],
 "milestones":
  [],
 "ipo": null,
 "video_embeds":
  [],
 "screenshots":
  [],
 "external_links":
  [],
 "partners":
  []}
