{"name": "78s",
 "permalink": "78s",
 "crunchbase_url": "http://www.crunchbase.com/company/78s",
 "homepage_url": "http://www.78s.ch",
 "blog_url": "",
 "blog_feed_url": "http://www.78s.ch/feed",
 "twitter_username": "78s",
 "category_code": "games_video",
 "number_of_employees": null,
 "founded_year": 2005,
 "founded_month": 12,
 "founded_day": null,
 "deadpooled_year": null,
 "deadpooled_month": null,
 "deadpooled_day": null,
 "deadpooled_url": null,
 "tag_list": "music, music-blog, blog, indie-music",
 "alias_list": null,
 "email_address": "",
 "phone_number": "",
 "description": "Music blog",
 "created_at": "Fri Aug 07 18:59:18 UTC 2009",
 "updated_at": "Mon Aug 10 17:40:56 UTC 2009",
 "overview": "\u003Cp\u003E78s is all about good music. In fact, better music. 78s is an indie music blog that provides news, reviews, analysis and the latest mp3 and videos. 78s is based in Switzerland.\u003C/p\u003E",
 "image":
  {"available_sizes":
    [[[150,
       91],
      "http://api-images.crunchbase.com/assets/images/resized/0005/5663/55663v2-max-150x150.jpg"],
     [[250,
       151],
      "http://api-images.crunchbase.com/assets/images/resized/0005/5663/55663v2-max-250x250.jpg"],
     [[280,
       170],
      "http://api-images.crunchbase.com/assets/images/resized/0005/5663/55663v2-max-450x450.jpg"]],
   "attribution": null},
 "products":
  [],
 "relationships":
  [{"is_past": false,
    "title": "Founder",
    "person":
     {"first_name": "Ralph",
      "last_name": "Hofbauer",
      "permalink": "ralph-hofbauer"}},
   {"is_past": false,
    "title": "Founder, CEO",
    "person":
     {"first_name": "David",
      "last_name": "Bauer",
      "permalink": "david-bauer"}},
   {"is_past": false,
    "title": "Founder",
    "person":
     {"first_name": "Mathias",
      "last_name": "Menzl",
      "permalink": "mathias-menzl"}}],
 "competitions":
  [{"competitor":
     {"name": "Stereogum",
      "permalink": "stereogum"}},
   {"competitor":
     {"name": "Pitchfork Media",
      "permalink": "pitchfork-media"}}],
 "providerships":
  [],
 "total_money_raised": "$0",
 "funding_rounds":
  [],
 "investments":
  [],
 "acquisition": null,
 "acquisitions":
  [],
 "offices":
  [],
 "milestones":
  [],
 "ipo": null,
 "video_embeds":
  [],
 "screenshots":
  [{"available_sizes":
     [[[123,
        150],
       "http://api-images.crunchbase.com/assets/images/resized/0005/5662/55662v2-max-150x150.jpg"],
      [[205,
        250],
       "http://api-images.crunchbase.com/assets/images/resized/0005/5662/55662v2-max-250x250.jpg"],
      [[369,
        450],
       "http://api-images.crunchbase.com/assets/images/resized/0005/5662/55662v2-max-450x450.jpg"]],
    "attribution": null}],
 "external_links":
  [{"external_url": "http://www.facebook.com",
    "title": "78s @ Facebook"}],
 "partners":
  []}
