{"name": "8 Points",
 "permalink": "8-points",
 "crunchbase_url": "http://www.crunchbase.com/company/8-points",
 "homepage_url": "http://www.8points.com",
 "blog_url": "http://www.8points.com/category/blog/",
 "blog_feed_url": "http://www.8points.com/feed/",
 "twitter_username": "gr",
 "category_code": "consulting",
 "number_of_employees": 4,
 "founded_year": 2006,
 "founded_month": 9,
 "founded_day": null,
 "deadpooled_year": null,
 "deadpooled_month": null,
 "deadpooled_day": null,
 "deadpooled_url": null,
 "tag_list": "usability, user-experience, gui, branding, workflow, freelance, project-management, web-application, paris, france",
 "alias_list": null,
 "email_address": "projects@8points.com",
 "phone_number": "+33 6 23 14 42 22",
 "description": "Holistic Design Agency for Web\\Mac\\Win",
 "created_at": "Tue Jan 06 13:29:10 UTC 2009",
 "updated_at": "Wed Jul 29 23:33:33 UTC 2009",
 "overview": "\u003Cp\u003E8 Points is a user experience consultancy firm in Paris, France. They work with customers in France, China, USA and other locations. \u003C/p\u003E\n\n\u003Cp\u003EThe company specializes in Usability Consulting, Desktop \u0026amp; Web Application Design and Identity \u0026amp; Branding. They are also currently developing their first web application for SMEs.\u003C/p\u003E\n\n\u003Cp\u003EThe company was founded by Gabriel Radic in 2006 and is self-funded.\u003C/p\u003E",
 "image":
  {"available_sizes":
    [[[150,
       150],
      "http://api-images.crunchbase.com/assets/images/resized/0003/3145/33145v2-max-150x150.png"],
     [[250,
       250],
      "http://api-images.crunchbase.com/assets/images/resized/0003/3145/33145v2-max-250x250.png"],
     [[316,
       316],
      "http://api-images.crunchbase.com/assets/images/resized/0003/3145/33145v2-max-450x450.png"]],
   "attribution": null},
 "products":
  [],
 "relationships":
  [{"is_past": false,
    "title": "Founder, User Experience Specialist",
    "person":
     {"first_name": "Gabriel",
      "last_name": "Radic",
      "permalink": "gabriel-radic"}},
   {"is_past": true,
    "title": "Founder",
    "person":
     {"first_name": "Gabriel",
      "last_name": "Radic",
      "permalink": "gabriel-radic-2"}}],
 "competitions":
  [],
 "providerships":
  [],
 "total_money_raised": "$0",
 "funding_rounds":
  [],
 "investments":
  [],
 "acquisition": null,
 "acquisitions":
  [],
 "offices":
  [{"description": "Headquarters",
    "address1": "",
    "address2": "",
    "zip_code": "",
    "city": "Paris",
    "state_code": null,
    "country_code": "FRA",
    "latitude": 48.8566667,
    "longitude": 2.3509871}],
 "milestones":
  [],
 "ipo": null,
 "video_embeds":
  [],
 "screenshots":
  [],
 "external_links":
  [],
 "partners":
  []}
