{"name": "800APP",
 "permalink": "800app",
 "crunchbase_url": "http://www.crunchbase.com/company/800app",
 "homepage_url": "http://www.800app.com",
 "blog_url": "",
 "blog_feed_url": "",
 "twitter_username": "800APP",
 "category_code": "software",
 "number_of_employees": 200,
 "founded_year": 2004,
 "founded_month": 6,
 "founded_day": 23,
 "deadpooled_year": null,
 "deadpooled_month": null,
 "deadpooled_day": null,
 "deadpooled_url": null,
 "tag_list": "",
 "alias_list": "",
 "email_address": "msg@800app.com",
 "phone_number": "+86 10 - 8248 3033/3063/6260/6503",
 "description": "CRM provider in China",
 "created_at": "Mon Jul 06 22:22:41 UTC 2009",
 "updated_at": "Sun Apr 07 07:37:17 UTC 2013",
 "overview": "\u003Cp\u003E800APPs is a leading software developer and application service provider mainly for customer relationship management (CRM) solutions. We deliver end-to-end CRM solutions that are affordable, practical, and easy to deploy. Apart from CRM, 800APPs.com also provides OA, SCM, DRP, HR, Call Center, POS service and other BIS consulting services. \u003C/p\u003E",
 "image":
  {"available_sizes":
    [[[150,
       27],
      "http://api-images.crunchbase.com/assets/images/resized/0005/2032/52032v2-max-150x150.png"],
     [[173,
       32],
      "http://api-images.crunchbase.com/assets/images/resized/0005/2032/52032v2-max-250x250.png"],
     [[173,
       32],
      "http://api-images.crunchbase.com/assets/images/resized/0005/2032/52032v2-max-450x450.png"]],
   "attribution": null},
 "products":
  [],
 "relationships":
  [],
 "competitions":
  [],
 "providerships":
  [],
 "total_money_raised": "$17M",
 "funding_rounds":
  [{"id": 7168,
    "round_code": "unattributed",
    "source_url": "http://findarticles.com/p/articles/mi_hb5562/is_200905/ai_n31662238/",
    "source_description": "FLUSH WITH CASH, 800APP.COM SEEKING MORE PAYING USERS",
    "raised_amount": 17000000.0,
    "raised_currency_code": "USD",
    "funded_year": 2009,
    "funded_month": 5,
    "funded_day": 11,
    "investments":
     [{"company": null,
       "financial_org":
        {"name": "Sierra Ventures",
         "permalink": "sierra-ventures"},
       "person": null},
      {"company": null,
       "financial_org":
        {"name": "Ivy Capital",
         "permalink": "ivy-capital"},
       "person": null}]},
   {"id": 25531,
    "round_code": "b",
    "source_url": "http://www.finsmes.com/2011/09/800app-closes-series-funding.html?utm_source=feedburner\u0026utm_medium=feed\u0026utm_campaign=Feed%3A+finsmes%2FcNHu+%28FinSMEs%29",
    "source_description": "800App Closes Series B Round of Funding",
    "raised_amount": null,
    "raised_currency_code": null,
    "funded_year": 2011,
    "funded_month": 9,
    "funded_day": 21,
    "investments":
     [{"company":
        {"name": "Salesforce",
         "permalink": "salesforce"},
       "financial_org": null,
       "person": null},
      {"company": null,
       "financial_org":
        {"name": "Sierra Ventures",
         "permalink": "sierra-ventures"},
       "person": null}]}],
 "investments":
  [],
 "acquisition": null,
 "acquisitions":
  [],
 "offices":
  [{"description": "",
    "address1": "Suite 1308,Tian-Chuang Plaza",
    "address2": "8 Cai-He-Fang Rd.",
    "zip_code": "100080",
    "city": "Beijing",
    "state_code": null,
    "country_code": "CHN",
    "latitude": null,
    "longitude": null}],
 "milestones":
  [],
 "ipo": null,
 "video_embeds":
  [],
 "screenshots":
  [{"available_sizes":
     [[[150,
        85],
       "http://api-images.crunchbase.com/assets/images/resized/0008/0187/80187v1-max-150x150.jpg"],
      [[250,
        141],
       "http://api-images.crunchbase.com/assets/images/resized/0008/0187/80187v1-max-250x250.jpg"],
      [[450,
        255],
       "http://api-images.crunchbase.com/assets/images/resized/0008/0187/80187v1-max-450x450.jpg"]],
    "attribution": null}],
 "external_links":
  [],
 "partners":
  []}
