{"name": "80108 Media",
 "permalink": "80108-media",
 "crunchbase_url": "http://www.crunchbase.com/company/80108-media",
 "homepage_url": null,
 "blog_url": null,
 "blog_feed_url": null,
 "twitter_username": null,
 "category_code": null,
 "number_of_employees": null,
 "founded_year": null,
 "founded_month": null,
 "founded_day": null,
 "deadpooled_year": null,
 "deadpooled_month": null,
 "deadpooled_day": null,
 "deadpooled_url": null,
 "tag_list": null,
 "alias_list": null,
 "email_address": null,
 "phone_number": null,
 "description": null,
 "created_at": "Fri Jan 16 20:53:32 UTC 2009",
 "updated_at": "Fri Jan 16 20:53:32 UTC 2009",
 "overview": null,
 "image": null,
 "products":
  [],
 "relationships":
  [{"is_past": true,
    "title": "Founder \u0026 Vice President, Marketing",
    "person":
     {"first_name": "Matt",
      "last_name": "Cutler",
      "permalink": "matt-cutler"}}],
 "competitions":
  [],
 "providerships":
  [],
 "total_money_raised": "$0",
 "funding_rounds":
  [],
 "investments":
  [],
 "acquisition":
  {"price_amount": null,
   "price_currency_code": "USD",
   "term_code": null,
   "source_url": "http://venturebeat.com/2007/10/25/80108-and-go2-merge-to-focus-on-personal-mobile-content/",
   "source_description": "80108 and Go2 merge to focus on personal mobile content",
   "acquired_year": 2007,
   "acquired_month": 10,
   "acquired_day": 25,
   "acquiring_company":
    {"name": "Go2",
     "permalink": "http-www-go2-com"}},
 "acquisitions":
  [],
 "offices":
  [],
 "milestones":
  [],
 "ipo": null,
 "video_embeds":
  [],
 "screenshots":
  [],
 "external_links":
  [],
 "partners":
  []}
