{"name": "80legs",
 "permalink": "80legs",
 "crunchbase_url": "http://www.crunchbase.com/company/80legs",
 "homepage_url": "http://www.80legs.com",
 "blog_url": "http://80legs.posterous.com/",
 "blog_feed_url": "http://80legs.posterous.com/rss.xml",
 "twitter_username": "80legs",
 "category_code": null,
 "number_of_employees": 6,
 "founded_year": 2008,
 "founded_month": 2,
 "founded_day": null,
 "deadpooled_year": null,
 "deadpooled_month": null,
 "deadpooled_day": null,
 "deadpooled_url": null,
 "tag_list": "web-crawling, web-crawler, data",
 "alias_list": "",
 "email_address": "support@80legs.com",
 "phone_number": "",
 "description": "Web Crawling Service",
 "created_at": "Thu Apr 02 21:26:21 UTC 2009",
 "updated_at": "Tue Sep 27 08:14:03 UTC 2011",
 "overview": "\u003Cp\u003E80legs is a web-crawling service that delivers exceptional crawling performance at incredibly low costs.\u003C/p\u003E\n\n\u003Cp\u003E80legs is powered by a grid computing architecture consisting of over 50,000 computers.  This unique architecture allows 80legs to provide the fastest crawling possible while maintaining affordable pricing for its users.\u003C/p\u003E\n\n\u003Cp\u003EThe service provides a variety of tools for users to completely customize their web crawls.  Users can use a web form, an API or an application framework to design their own crawling and processing logic.  80legs automatically handles link parsing, de-duplication, redirects, throttling and other crawling challenges so that users can focus on generating results.\u003C/p\u003E\n\n\u003Cp\u003EThe company offers a variety of pre-built 80apps that can be used for pattern matching, content gathering, or site-specific analysis.  Data feeds for information from various sites are offered as well, as well as consulting services to meet specific needs.\u003C/p\u003E",
 "image":
  {"available_sizes":
    [[[120,
       54],
      "http://api-images.crunchbase.com/assets/images/resized/0004/0121/40121v1-max-150x150.png"],
     [[120,
       54],
      "http://api-images.crunchbase.com/assets/images/resized/0004/0121/40121v1-max-250x250.png"],
     [[120,
       54],
      "http://api-images.crunchbase.com/assets/images/resized/0004/0121/40121v1-max-450x450.png"]],
   "attribution": null},
 "products":
  [{"name": "Web Crawling Service",
    "permalink": "web-crawling-service"},
   {"name": "Crawl Packages",
    "permalink": "crawl-packages"}],
 "relationships":
  [{"is_past": false,
    "title": "CTO",
    "person":
     {"first_name": "Toan",
      "last_name": "Duong",
      "permalink": "toan-duong"}},
   {"is_past": false,
    "title": "Advisor",
    "person":
     {"first_name": "Brad",
      "last_name": "Wilson",
      "permalink": "brad-wilson"}},
   {"is_past": false,
    "title": "Sr. Software Engineer",
    "person":
     {"first_name": "Aliya",
      "last_name": "Virani",
      "permalink": "aliya-virani"}},
   {"is_past": false,
    "title": "",
    "person":
     {"first_name": "I",
      "last_name": "C",
      "permalink": "imran-charania"}},
   {"is_past": false,
    "title": "Plura Integration",
    "person":
     {"first_name": "Jennifer",
      "last_name": "Wilson",
      "permalink": "jennifer-wilson"}},
   {"is_past": true,
    "title": "CEO",
    "person":
     {"first_name": "Shion",
      "last_name": "Deysarkar",
      "permalink": "shion-deysarkar"}}],
 "competitions":
  [],
 "providerships":
  [],
 "total_money_raised": "$0",
 "funding_rounds":
  [],
 "investments":
  [],
 "acquisition": null,
 "acquisitions":
  [],
 "offices":
  [{"description": "Headquarters",
    "address1": "1250 Wood Branch Park Dr #405",
    "address2": "",
    "zip_code": "77079",
    "city": "Houston",
    "state_code": "TX",
    "country_code": "USA",
    "latitude": 29.787991,
    "longitude": -95.598441}],
 "milestones":
  [{"id": 1354,
    "description": "80legs launches private beta at Web 2.0 Expo 2009",
    "stoned_year": 2009,
    "stoned_month": 4,
    "stoned_day": 2,
    "source_url": "http://www.techcrunch.com/2009/04/02/5-startups-take-flight-at-web-20-launchpad/",
    "source_text": "",
    "source_description": "TechCrunch",
    "stoneable_type": "Company",
    "stoned_value": null,
    "stoned_value_type": null,
    "stoned_acquirer": null,
    "stoneable":
     {"name": "80legs",
      "permalink": "80legs"}}],
 "ipo": null,
 "video_embeds":
  [{"embed_code": "\u003Cobject width=\"400\" height=\"300\"\u003E\u003Cparam name=\"allowfullscreen\" value=\"true\" /\u003E\u003Cparam name=\"allowscriptaccess\" value=\"always\" /\u003E\u003Cparam name=\"movie\" value=\"http://vimeo.com/moogaloop.swf?clip_id=6866409\u0026amp;server=vimeo.com\u0026amp;show_title=0\u0026amp;show_byline=0\u0026amp;show_portrait=0\u0026amp;color=00ADEF\u0026amp;fullscreen=1\" /\u003E\u003Cembed src=\"http://vimeo.com/moogaloop.swf?clip_id=6866409\u0026amp;server=vimeo.com\u0026amp;show_title=0\u0026amp;show_byline=0\u0026amp;show_portrait=0\u0026amp;color=00ADEF\u0026amp;fullscreen=1\" type=\"application/x-shockwave-flash\" allowfullscreen=\"true\" allowscriptaccess=\"always\" width=\"400\" height=\"300\"\u003E\u003C/embed\u003E\u003C/object\u003E",
    "description": "\u003Cp\u003EDEMO launch\u003C/p\u003E"},
   {"embed_code": "\u003Cobject width=\"400\" height=\"210\"\u003E\u003Cparam name=\"allowfullscreen\" value=\"true\" /\u003E\u003Cparam name=\"allowscriptaccess\" value=\"always\" /\u003E\u003Cparam name=\"movie\" value=\"http://vimeo.com/moogaloop.swf?clip_id=11067070\u0026amp;server=vimeo.com\u0026amp;show_title=0\u0026amp;show_byline=0\u0026amp;show_portrait=0\u0026amp;color=00ADEF\u0026amp;fullscreen=1\" /\u003E\u003Cembed src=\"http://vimeo.com/moogaloop.swf?clip_id=11067070\u0026amp;server=vimeo.com\u0026amp;show_title=0\u0026amp;show_byline=0\u0026amp;show_portrait=0\u0026amp;color=00ADEF\u0026amp;fullscreen=1\" type=\"application/x-shockwave-flash\" allowfullscreen=\"true\" allowscriptaccess=\"always\" width=\"400\" height=\"210\"\u003E\u003C/embed\u003E\u003C/object\u003E",
    "description": "\u003Cp\u003E80legs Crawl Packages Introduction\u003C/p\u003E"}],
 "screenshots":
  [],
 "external_links":
  [],
 "partners":
  []}
