{"name": "8ninths",
 "permalink": "8ninths",
 "crunchbase_url": "http://www.crunchbase.com/company/8ninths",
 "homepage_url": "http://8ninths.com",
 "blog_url": "http://8ninths.com/blog",
 "blog_feed_url": "",
 "twitter_username": "8ninths",
 "category_code": "software",
 "number_of_employees": 10,
 "founded_year": 2008,
 "founded_month": 8,
 "founded_day": 9,
 "deadpooled_year": null,
 "deadpooled_month": null,
 "deadpooled_day": null,
 "deadpooled_url": null,
 "tag_list": "",
 "alias_list": null,
 "email_address": "info@8ninths.com",
 "phone_number": "",
 "description": "Creative Technologists",
 "created_at": "Fri Jul 31 07:33:53 UTC 2009",
 "updated_at": "Thu Dec 13 05:20:51 UTC 2012",
 "overview": null,
 "image": null,
 "products":
  [],
 "relationships":
  [{"is_past": false,
    "title": "Co-founder \u0026 CEO",
    "person":
     {"first_name": "Adam",
      "last_name": "Sheppard",
      "permalink": "adam-sheppard"}}],
 "competitions":
  [],
 "providerships":
  [],
 "total_money_raised": "$0",
 "funding_rounds":
  [],
 "investments":
  [],
 "acquisition": null,
 "acquisitions":
  [],
 "offices":
  [],
 "milestones":
  [],
 "ipo": null,
 "video_embeds":
  [],
 "screenshots":
  [],
 "external_links":
  [],
 "partners":
  []}
