{"name": "8th Light",
 "permalink": "8th-light",
 "crunchbase_url": "http://www.crunchbase.com/company/8th-light",
 "homepage_url": "http://8thlight.com",
 "blog_url": "http://blog.8thlight.com",
 "blog_feed_url": "http://blog.8thlight.com/feed/atom.xml",
 "twitter_username": "softwarecraft",
 "category_code": "software",
 "number_of_employees": 10,
 "founded_year": 2006,
 "founded_month": 8,
 "founded_day": 15,
 "deadpooled_year": null,
 "deadpooled_month": null,
 "deadpooled_day": null,
 "deadpooled_url": null,
 "tag_list": "software-craftsmanship, craftsmen, custom-software, web-applications, rails",
 "alias_list": null,
 "email_address": "paul@8thlight.com",
 "phone_number": "877-407-4154",
 "description": "Software project contracting company",
 "created_at": "Fri Jun 26 20:13:55 UTC 2009",
 "updated_at": "Fri Jun 26 22:30:30 UTC 2009",
 "overview": "\u003Cp\u003E8th Light offers software development services for a wide range software systems.  The company\u0026#8217;s development style is characterized by close collaborative work with the customer, and an emphasis on quality and timely results. \u003C/p\u003E",
 "image":
  {"available_sizes":
    [[[150,
       150],
      "http://api-images.crunchbase.com/assets/images/resized/0005/1002/51002v2-max-150x150.png"],
     [[200,
       200],
      "http://api-images.crunchbase.com/assets/images/resized/0005/1002/51002v2-max-250x250.png"],
     [[200,
       200],
      "http://api-images.crunchbase.com/assets/images/resized/0005/1002/51002v2-max-450x450.png"]],
   "attribution": null},
 "products":
  [{"name": "Jump-start the vision workshop",
    "permalink": "jump-start-the-vision-workshop"},
   {"name": "Software opus workshop",
    "permalink": "software-opus-workshop"},
   {"name": "Enrichment workshop",
    "permalink": "enrichment-workshop"}],
 "relationships":
  [{"is_past": false,
    "title": "President, Founder",
    "person":
     {"first_name": "Micah",
      "last_name": "Martin",
      "permalink": "micah-martin"}},
   {"is_past": false,
    "title": "Vice President, Founder",
    "person":
     {"first_name": "Paul",
      "last_name": "Pagel",
      "permalink": "paul-pagel"}}],
 "competitions":
  [],
 "providerships":
  [],
 "total_money_raised": "$0",
 "funding_rounds":
  [],
 "investments":
  [],
 "acquisition": null,
 "acquisitions":
  [],
 "offices":
  [{"description": "8th Light Office",
    "address1": "1232 American Way",
    "address2": "",
    "zip_code": "60647",
    "city": "Libertyville",
    "state_code": "IL",
    "country_code": "USA",
    "latitude": 42.300188,
    "longitude": -88.002035}],
 "milestones":
  [],
 "ipo": null,
 "video_embeds":
  [],
 "screenshots":
  [],
 "external_links":
  [],
 "partners":
  []}
