{"name": "A2B Office Technology",
 "permalink": "a2b-office-technology",
 "crunchbase_url": "http://www.crunchbase.com/company/a2b-office-technology",
 "homepage_url": "http://www.a2boffice.co.uk",
 "blog_url": "http://www.a2boffice.co.uk/blog/",
 "blog_feed_url": "http://www.a2boffice.co.uk/blog/feed/",
 "twitter_username": "a2boffice",
 "category_code": "hardware",
 "number_of_employees": 15,
 "founded_year": 1991,
 "founded_month": null,
 "founded_day": null,
 "deadpooled_year": null,
 "deadpooled_month": null,
 "deadpooled_day": null,
 "deadpooled_url": null,
 "tag_list": "office, equipment, products, uk, bury, manchester",
 "alias_list": null,
 "email_address": "info@a2boffice.co.uk",
 "phone_number": "+44(0)161 796 0555",
 "description": "Office equipment",
 "created_at": "Thu Apr 30 11:27:14 UTC 2009",
 "updated_at": "Sun Sep 16 02:06:37 UTC 2012",
 "overview": "\u003Cp\u003EA Bury, Manchester based business  offering office equipment products for sale online.\u003C/p\u003E\n\n\u003Cp\u003EThey sell binding machines, cash counters and registers, dictation equipment, fax machines, franking machine ink cartridges and labels, paper trimmers, laminators, printers, paper folders and shredders, photocopiers, postal scales, scanners, ink cartridges and toner.\u003C/p\u003E",
 "image":
  {"available_sizes":
    [[[140,
       60],
      "http://api-images.crunchbase.com/assets/images/resized/0004/2949/42949v2-max-150x150.png"],
     [[140,
       60],
      "http://api-images.crunchbase.com/assets/images/resized/0004/2949/42949v2-max-250x250.png"],
     [[140,
       60],
      "http://api-images.crunchbase.com/assets/images/resized/0004/2949/42949v2-max-450x450.png"]],
   "attribution": null},
 "products":
  [],
 "relationships":
  [{"is_past": false,
    "title": "Owner",
    "person":
     {"first_name": "Barry",
      "last_name": "Fish",
      "permalink": "barry-fish"}}],
 "competitions":
  [],
 "providerships":
  [],
 "total_money_raised": "$0",
 "funding_rounds":
  [],
 "investments":
  [],
 "acquisition": null,
 "acquisitions":
  [],
 "offices":
  [{"description": "A2B Office Technology",
    "address1": "PO Box 444",
    "address2": "",
    "zip_code": "BL8 9AP",
    "city": "Bury",
    "state_code": null,
    "country_code": "GBR",
    "latitude": 53.5870714,
    "longitude": -2.3230453}],
 "milestones":
  [],
 "ipo": null,
 "video_embeds":
  [],
 "screenshots":
  [],
 "external_links":
  [{"external_url": "http://www.a2boffice.co.uk/cash-registers/",
    "title": "Tills"},
   {"external_url": "http://www.a2boffice.co.uk/fax-machines/",
    "title": "Fax Machines"},
   {"external_url": "http://www.a2boffice.co.uk/photocopiers/",
    "title": "Photocopiers"},
   {"external_url": "http://www.a2boffice.co.uk/franking-machine-ink-lables/",
    "title": "Franking Machine Labels"}],
 "partners":
  []}
