{"name": "A2zdesignwork",
 "permalink": "a2zdesignwork",
 "crunchbase_url": "http://www.crunchbase.com/company/a2zdesignwork",
 "homepage_url": "http://www.a2zdesignwork.com",
 "blog_url": "http://www.a2zdesignwork.com/Blog",
 "blog_feed_url": "",
 "twitter_username": "A2zdesignwork",
 "category_code": "software",
 "number_of_employees": 25,
 "founded_year": 2005,
 "founded_month": 2,
 "founded_day": 7,
 "deadpooled_year": null,
 "deadpooled_month": null,
 "deadpooled_day": null,
 "deadpooled_url": null,
 "tag_list": "website-design-company, web-design-bangalore, content-management-system, seo, cms, web-page-design, search-engine-optimization, web-designers",
 "alias_list": "",
 "email_address": "dhirajprasadg@gmail.com",
 "phone_number": "9980846460",
 "description": "Website Design Company",
 "created_at": "Thu Dec 18 14:55:04 UTC 2008",
 "updated_at": "Thu Apr 04 02:52:32 UTC 2013",
 "overview": "\u003Cp\u003EA2zdesignwork is a Professional Web Design Company based in Bangalore, India. We specialize in website design and web application development which satisfies the diverse needs of end users, senior management and IT professionals. Our teams are working with clients for Internet Marketing strategy development which gives substantial online result. A2zdesignwork can help mid size enterprises to build Internet strategy by delivering industry-specific online business solutions developed through years of working with companies of all sizes.\u003C/p\u003E\n\n\u003Cp\u003EOur services range from basic Website Design to complete e-commerce website development. We serve website design need of small scale companies to large scale Business organization.  \u003C/p\u003E",
 "image":
  {"available_sizes":
    [[[150,
       36],
      "http://api-images.crunchbase.com/assets/images/resized/0004/1018/41018v1-max-150x150.png"],
     [[250,
       60],
      "http://api-images.crunchbase.com/assets/images/resized/0004/1018/41018v1-max-250x250.png"],
     [[273,
       66],
      "http://api-images.crunchbase.com/assets/images/resized/0004/1018/41018v1-max-450x450.png"]],
   "attribution": null},
 "products":
  [{"name": "a2zdesignwork",
    "permalink": "a2zdesignwork"},
   {"name": "asdasd",
    "permalink": "asdasd"}],
 "relationships":
  [],
 "competitions":
  [],
 "providerships":
  [],
 "total_money_raised": "$0",
 "funding_rounds":
  [],
 "investments":
  [],
 "acquisition": null,
 "acquisitions":
  [],
 "offices":
  [{"description": "80 Ft Road",
    "address1": "8th Blok",
    "address2": "Koramangala",
    "zip_code": "560095",
    "city": "Bangalore",
    "state_code": null,
    "country_code": "IND",
    "latitude": null,
    "longitude": null}],
 "milestones":
  [],
 "ipo": null,
 "video_embeds":
  [],
 "screenshots":
  [{"available_sizes":
     [[[150,
        93],
       "http://api-images.crunchbase.com/assets/images/resized/0004/1019/41019v1-max-150x150.png"],
      [[250,
        156],
       "http://api-images.crunchbase.com/assets/images/resized/0004/1019/41019v1-max-250x250.png"],
      [[450,
        281],
       "http://api-images.crunchbase.com/assets/images/resized/0004/1019/41019v1-max-450x450.png"]],
    "attribution": null}],
 "external_links":
  [{"external_url": "http://www.a2zdesignwork.com",
    "title": "website design company"}],
 "partners":
  []}
