{"name": "AAA",
 "permalink": "aaa",
 "crunchbase_url": "http://www.crunchbase.com/company/aaa",
 "homepage_url": "http://www.aaa.com",
 "blog_url": "",
 "blog_feed_url": "",
 "twitter_username": null,
 "category_code": "nonprofit",
 "number_of_employees": null,
 "founded_year": 1902,
 "founded_month": null,
 "founded_day": null,
 "deadpooled_year": null,
 "deadpooled_month": null,
 "deadpooled_day": null,
 "deadpooled_url": null,
 "tag_list": null,
 "alias_list": "",
 "email_address": "",
 "phone_number": "",
 "description": "",
 "created_at": "Sat Jul 18 03:12:58 UTC 2009",
 "updated_at": "Thu Jan 02 12:04:59 UTC 2014",
 "overview": "\u003Cp\u003EAAA (the American Automobile Association, Inc.) is a federation of affiliated automobile clubs. Each AAA club is an independent, not-for-profit organization, chartered and incorporated in its own state and controlled by its own Board of Directors. In order to be affiliated with AAA, each club agrees to provide certain standard services to its own members, as well as members of other AAA clubs. The individual club owns the territory in which it resides, and membership is based on residence. Exact dues and services will vary slightly between clubs.\u003C/p\u003E",
 "image":
  {"available_sizes":
    [[[150,
       31],
      "http://api-images.crunchbase.com/assets/images/resized/0038/7047/387047v1-max-150x150.png"],
     [[250,
       52],
      "http://api-images.crunchbase.com/assets/images/resized/0038/7047/387047v1-max-250x250.png"],
     [[450,
       94],
      "http://api-images.crunchbase.com/assets/images/resized/0038/7047/387047v1-max-450x450.png"]],
   "attribution": null},
 "products":
  [],
 "relationships":
  [{"is_past": true,
    "title": "Vice President, Innovation and New Solution Development",
    "person":
     {"first_name": "Ajit",
      "last_name": "Bhatia",
      "permalink": "ajit-bhatia"}},
   {"is_past": true,
    "title": "",
    "person":
     {"first_name": "Ernie",
      "last_name": "Bray",
      "permalink": "ernie-bray"}},
   {"is_past": true,
    "title": "",
    "person":
     {"first_name": "Rochelle",
      "last_name": "Thompson",
      "permalink": "rochelle-thompson"}},
   {"is_past": true,
    "title": "Web Developer IV",
    "person":
     {"first_name": "Domenic",
      "last_name": "Santangelo",
      "permalink": "domenic-santangelo"}},
   {"is_past": true,
    "title": "Business Development and Marketing",
    "person":
     {"first_name": "Tuyen",
      "last_name": "Vo",
      "permalink": "tuyen-vo"}}],
 "competitions":
  [],
 "providerships":
  [],
 "total_money_raised": "$0",
 "funding_rounds":
  [],
 "investments":
  [],
 "acquisition": null,
 "acquisitions":
  [],
 "offices":
  [{"description": "",
    "address1": "",
    "address2": "",
    "zip_code": "",
    "city": "Heathrow",
    "state_code": "FL",
    "country_code": "USA",
    "latitude": null,
    "longitude": null}],
 "milestones":
  [],
 "ipo": null,
 "video_embeds":
  [],
 "screenshots":
  [{"available_sizes":
     [[[150,
        106],
       "http://api-images.crunchbase.com/assets/images/resized/0038/7048/387048v1-max-150x150.png"],
      [[250,
        178],
       "http://api-images.crunchbase.com/assets/images/resized/0038/7048/387048v1-max-250x250.png"],
      [[450,
        320],
       "http://api-images.crunchbase.com/assets/images/resized/0038/7048/387048v1-max-450x450.png"]],
    "attribution": null}],
 "external_links":
  [],
 "partners":
  []}
