{"name": "Aava Mobile",
 "permalink": "aava-mobile",
 "crunchbase_url": "http://www.crunchbase.com/company/aava-mobile",
 "homepage_url": "http://www.aavamobile.com",
 "blog_url": "",
 "blog_feed_url": "",
 "twitter_username": null,
 "category_code": "mobile",
 "number_of_employees": null,
 "founded_year": 2009,
 "founded_month": null,
 "founded_day": null,
 "deadpooled_year": null,
 "deadpooled_month": null,
 "deadpooled_day": null,
 "deadpooled_url": null,
 "tag_list": "",
 "alias_list": "",
 "email_address": "info@aavamobile.com",
 "phone_number": "358-8-373-800",
 "description": "Mobile Platform Developer",
 "created_at": "Tue Jul 07 22:37:24 UTC 2009",
 "updated_at": "Wed Mar 27 12:12:54 UTC 2013",
 "overview": "\u003Cp\u003EAava Mobile was founded in the spring of 2009 by a team of industry experts with a strong background in the mobile platform development for original design and equipment manufacturers. \u003C/p\u003E\n\n\u003Cp\u003EAava Mobile open platforms provide the flexibility to OEM\u0026#8217;s and mobile operators to incorporate their own ID, user interface, content and services. They let OEM\u0026#8217;s and operators customize their devices easily and differentiate from their competitors. \u003C/p\u003E",
 "image":
  {"available_sizes":
    [[[150,
       112],
      "http://api-images.crunchbase.com/assets/images/resized/0006/3842/63842v2-max-150x150.png"],
     [[150,
       112],
      "http://api-images.crunchbase.com/assets/images/resized/0006/3842/63842v2-max-250x250.png"],
     [[150,
       112],
      "http://api-images.crunchbase.com/assets/images/resized/0006/3842/63842v2-max-450x450.png"]],
   "attribution": null},
 "products":
  [],
 "relationships":
  [],
 "competitions":
  [],
 "providerships":
  [],
 "total_money_raised": "$4.26M",
 "funding_rounds":
  [{"id": 7308,
    "round_code": "unattributed",
    "source_url": "",
    "source_description": "Cap Report Index",
    "raised_amount": 4260000.0,
    "raised_currency_code": "USD",
    "funded_year": 2009,
    "funded_month": 6,
    "funded_day": 3,
    "investments":
     [{"company": null,
       "financial_org":
        {"name": "Nexit Ventures",
         "permalink": "nexit-ventures"},
       "person": null}]}],
 "investments":
  [],
 "acquisition": null,
 "acquisitions":
  [],
 "offices":
  [{"description": "",
    "address1": "Nahkatehtaankatu 2",
    "address2": "FI-90100 Oulu",
    "zip_code": "",
    "city": "",
    "state_code": null,
    "country_code": "FIN",
    "latitude": null,
    "longitude": null}],
 "milestones":
  [],
 "ipo": null,
 "video_embeds":
  [],
 "screenshots":
  [{"available_sizes":
     [[[150,
        85],
       "http://api-images.crunchbase.com/assets/images/resized/0006/3843/63843v1-max-150x150.jpg"],
      [[250,
        143],
       "http://api-images.crunchbase.com/assets/images/resized/0006/3843/63843v1-max-250x250.jpg"],
      [[450,
        257],
       "http://api-images.crunchbase.com/assets/images/resized/0006/3843/63843v1-max-450x450.jpg"]],
    "attribution": null}],
 "external_links":
  [],
 "partners":
  []}
