{"name": "Ab Initio",
 "permalink": "ab-initio",
 "crunchbase_url": "http://www.crunchbase.com/company/ab-initio",
 "homepage_url": "http://www.abinitio.com",
 "blog_url": "",
 "blog_feed_url": "",
 "twitter_username": null,
 "category_code": "software",
 "number_of_employees": null,
 "founded_year": 1990,
 "founded_month": null,
 "founded_day": null,
 "deadpooled_year": null,
 "deadpooled_month": null,
 "deadpooled_day": null,
 "deadpooled_url": null,
 "tag_list": null,
 "alias_list": "",
 "email_address": "",
 "phone_number": "",
 "description": "",
 "created_at": "Sun Dec 07 23:01:54 UTC 2008",
 "updated_at": "Fri Sep 27 20:07:11 UTC 2013",
 "overview": "\u003Cp\u003EAb Inito has created a new class of software for building, powering, and managing mission-critical information processing systems.\u003C/p\u003E\n\n\u003Cp\u003ENamed the co-operating system for the way it bring together disconnected part of a business - different types of data, disparate hardware paltforms, dissonant technologies - Ab Inito Software solves the hardest problems in corporate computing.\u003C/p\u003E\n\n\u003Cp\u003EThe Co-Operating System collects and process massive amounts of data from the widest array of source using any and all hardware resource availabe.\u003C/p\u003E\n\n\u003Cp\u003EThe co-operating System makes it possible to scale applications infinitely as data volumes grow.\u003C/p\u003E\n\n\u003Cp\u003EThe world\u0026#8217;s leading companies are using Ab Inito\u0026#8217;s Co\u0026gt;Operating System.\u003C/p\u003E",
 "image":
  {"available_sizes":
    [[[150,
       26],
      "http://api-images.crunchbase.com/assets/images/resized/0004/0894/40894v1-max-150x150.png"],
     [[250,
       44],
      "http://api-images.crunchbase.com/assets/images/resized/0004/0894/40894v1-max-250x250.png"],
     [[450,
       80],
      "http://api-images.crunchbase.com/assets/images/resized/0004/0894/40894v1-max-450x450.png"]],
   "attribution": null},
 "products":
  [],
 "relationships":
  [{"is_past": false,
    "title": "CEO",
    "person":
     {"first_name": "Sheryl",
      "last_name": "Handler",
      "permalink": "sheryl-handler"}}],
 "competitions":
  [],
 "providerships":
  [],
 "total_money_raised": "$0",
 "funding_rounds":
  [],
 "investments":
  [],
 "acquisition": null,
 "acquisitions":
  [],
 "offices":
  [{"description": "",
    "address1": "201 Spring Street",
    "address2": "",
    "zip_code": "02421",
    "city": "Lexington",
    "state_code": "MA",
    "country_code": "USA",
    "latitude": 42.421832,
    "longitude": -71.255679}],
 "milestones":
  [],
 "ipo": null,
 "video_embeds":
  [],
 "screenshots":
  [{"available_sizes":
     [[[150,
        92],
       "http://api-images.crunchbase.com/assets/images/resized/0004/0895/40895v1-max-150x150.png"],
      [[250,
        154],
       "http://api-images.crunchbase.com/assets/images/resized/0004/0895/40895v1-max-250x250.png"],
      [[450,
        277],
       "http://api-images.crunchbase.com/assets/images/resized/0004/0895/40895v1-max-450x450.png"]],
    "attribution": null}],
 "external_links":
  [],
 "partners":
  []}
