{"name": "Abadoo",
 "permalink": "abadoo",
 "crunchbase_url": "http://www.crunchbase.com/company/abadoo",
 "homepage_url": "http://www.abadoo.eu",
 "blog_url": "",
 "blog_feed_url": "",
 "twitter_username": "AbadooAds",
 "category_code": "advertising",
 "number_of_employees": 1,
 "founded_year": 2009,
 "founded_month": 5,
 "founded_day": 1,
 "deadpooled_year": null,
 "deadpooled_month": null,
 "deadpooled_day": null,
 "deadpooled_url": null,
 "tag_list": "free-ads, dating, jobs, local-events",
 "alias_list": "",
 "email_address": "",
 "phone_number": "",
 "description": "A Local Free Ads site",
 "created_at": "Tue Jul 07 16:43:40 UTC 2009",
 "updated_at": "Mon Apr 01 10:56:31 UTC 2013",
 "overview": "\u003Cp\u003EAbadoo is a UK based Free Ad site based in the UK. The site covers most of the usual categories such as dating, jobs, local events, services etc. Abadoo is totally FREE but has a feature to upgrade a listing so that it appears hightlighted and at the top of the specified category.\u003C/p\u003E",
 "image":
  {"available_sizes":
    [[[150,
       125],
      "http://api-images.crunchbase.com/assets/images/resized/0024/6895/246895v1-max-150x150.jpg"],
     [[160,
       134],
      "http://api-images.crunchbase.com/assets/images/resized/0024/6895/246895v1-max-250x250.jpg"],
     [[160,
       134],
      "http://api-images.crunchbase.com/assets/images/resized/0024/6895/246895v1-max-450x450.jpg"]],
   "attribution": null},
 "products":
  [],
 "relationships":
  [],
 "competitions":
  [],
 "providerships":
  [],
 "total_money_raised": "$0",
 "funding_rounds":
  [],
 "investments":
  [],
 "acquisition": null,
 "acquisitions":
  [],
 "offices":
  [],
 "milestones":
  [],
 "ipo": null,
 "video_embeds":
  [],
 "screenshots":
  [],
 "external_links":
  [],
 "partners":
  []}
