{"name": "Tunepresto",
 "permalink": "abaltat",
 "crunchbase_url": "http://www.crunchbase.com/company/abaltat",
 "homepage_url": "http://www.tunepresto.com",
 "blog_url": "",
 "blog_feed_url": "",
 "twitter_username": "tunepresto",
 "category_code": "music",
 "number_of_employees": 5,
 "founded_year": 2008,
 "founded_month": null,
 "founded_day": null,
 "deadpooled_year": 2012,
 "deadpooled_month": 10,
 "deadpooled_day": 20,
 "deadpooled_url": "",
 "tag_list": "web2ireland, music, royalty-free-music, music-composer, compose, soundtrack, video-driven, audio-composer, audio-software, video-editing",
 "alias_list": null,
 "email_address": "info@tunepresto.com",
 "phone_number": "+353 91 5777 00",
 "description": "music maker",
 "created_at": "Mon Dec 29 11:21:05 UTC 2008",
 "updated_at": "Fri Oct 04 12:00:40 UTC 2013",
 "overview": "\u003Cp\u003ETunepresto makes background music for your video or slideshow. Tunepresto\u0026#8217;s web based music maker analyzes your video content, you choose a musical style and music is composed instantly.\u003C/p\u003E\n\n\u003Cp\u003EFrom \u003Ca href=\"/company/youtube\" title=\"YouTube\" rel=\"nofollow\"\u003EYouTube\u003C/a\u003E to the big screen, no matter what visual content you are creating, chances are it will need some music to go with it. Up to now, technology development has focused on the tools to shoot and edit the pictures and when it comes to music, well, unless you are a gifted musician and can compose your own music, you will probably go to \u003Ca href=\"/product/itunes\" title=\"iTunes\" rel=\"nofollow\"\u003EiTunes\u003C/a\u003E or your CD collection to trawl through what might be suitable. You then have your pictures with your favorite music tracks, simple! Perhaps so, but if you want to share your video with the rest of the world, you may find that you are liable for royalty payments. \u003C/p\u003E\n\n\u003Cp\u003ETunepresto is simple to use, upload your video (or just enter a YouTube or Vimeo url), choose a music style, pay and download your combined music and video.\u003C/p\u003E",
 "image":
  {"available_sizes":
    [[[150,
       112],
      "http://api-images.crunchbase.com/assets/images/resized/0003/2650/32650v5-max-150x150.jpg"],
     [[250,
       187],
      "http://api-images.crunchbase.com/assets/images/resized/0003/2650/32650v5-max-250x250.jpg"],
     [[450,
       337],
      "http://api-images.crunchbase.com/assets/images/resized/0003/2650/32650v5-max-450x450.jpg"]],
   "attribution": null},
 "products":
  [{"name": "Tunepresto music maker",
    "permalink": "tunepresto-music-maker"}],
 "relationships":
  [{"is_past": false,
    "title": "CEO",
    "person":
     {"first_name": "Siun",
      "last_name": "Ni Raghallaigh",
      "permalink": "siun-ni-raghallaigh"}},
   {"is_past": false,
    "title": "CTO",
    "person":
     {"first_name": "Mick",
      "last_name": "O'Doherty",
      "permalink": "mick-odoherty"}},
   {"is_past": false,
    "title": "Sales \u0026 Marketing",
    "person":
     {"first_name": "Eoin",
      "last_name": "Tonge",
      "permalink": "eoin-tonge"}},
   {"is_past": true,
    "title": "Marketing Director",
    "person":
     {"first_name": "Mark",
      "last_name": "Altekruse",
      "permalink": "mark-altekruse"}}],
 "competitions":
  [],
 "providerships":
  [],
 "total_money_raised": "\u20ac200k",
 "funding_rounds":
  [{"id": 7487,
    "round_code": "a",
    "source_url": "",
    "source_description": "",
    "raised_amount": 200000.0,
    "raised_currency_code": "EUR",
    "funded_year": 2007,
    "funded_month": 1,
    "funded_day": 1,
    "investments":
     [{"company": null,
       "financial_org":
        {"name": "Enterprise Ireland",
         "permalink": "enterprise-ireland"},
       "person": null},
      {"company": null,
       "financial_org":
        {"name": "WDC",
         "permalink": "wdc"},
       "person": null}]}],
 "investments":
  [],
 "acquisition": null,
 "acquisitions":
  [],
 "offices":
  [{"description": "",
    "address1": "Furbo",
    "address2": "",
    "zip_code": "",
    "city": "Galway",
    "state_code": null,
    "country_code": "IRL",
    "latitude": 53.2474474,
    "longitude": -9.2846196}],
 "milestones":
  [{"id": 9416,
    "description": "Tunepresto, formerly known as Abaltat, goes live",
    "stoned_year": 2010,
    "stoned_month": 9,
    "stoned_day": 16,
    "source_url": "http://www.tunepresto.com/press-releases/calling-all-music-lovers/",
    "source_text": null,
    "source_description": "Calling all music lovers",
    "stoneable_type": "Company",
    "stoned_value": null,
    "stoned_value_type": null,
    "stoned_acquirer": null,
    "stoneable":
     {"name": "Tunepresto",
      "permalink": "abaltat"}}],
 "ipo": null,
 "video_embeds":
  [{"embed_code": "http://youtu.be/x2dmcldVxwk",
    "description": "\u003Cp\u003ETunepresto Ambient Style\u003C/p\u003E"},
   {"embed_code": "http://youtu.be/huVKTusJS5Y",
    "description": "\u003Cp\u003ETunepresto Animated Logo\u003C/p\u003E"}],
 "screenshots":
  [{"available_sizes":
     [[[150,
        108],
       "http://api-images.crunchbase.com/assets/images/resized/0003/2671/32671v2-max-150x150.png"],
      [[250,
        181],
       "http://api-images.crunchbase.com/assets/images/resized/0003/2671/32671v2-max-250x250.png"],
      [[450,
        326],
       "http://api-images.crunchbase.com/assets/images/resized/0003/2671/32671v2-max-450x450.png"]],
    "attribution": null},
   {"available_sizes":
     [[[150,
        77],
       "http://api-images.crunchbase.com/assets/images/resized/0013/4955/134955v2-max-150x150.png"],
      [[250,
        129],
       "http://api-images.crunchbase.com/assets/images/resized/0013/4955/134955v2-max-250x250.png"],
      [[450,
        232],
       "http://api-images.crunchbase.com/assets/images/resized/0013/4955/134955v2-max-450x450.png"]],
    "attribution": null}],
 "external_links":
  [],
 "partners":
  []}
