{"name": "Abaq.us",
 "permalink": "abaq-us",
 "crunchbase_url": "http://www.crunchbase.com/company/abaq-us",
 "homepage_url": "http://www.abaq.us",
 "blog_url": "http://abaqus.typepad.com",
 "blog_feed_url": "feed://abaqus.typepad.com/abaqus/atom.xml",
 "twitter_username": "Abaqus",
 "category_code": "software",
 "number_of_employees": 10,
 "founded_year": 2007,
 "founded_month": 11,
 "founded_day": null,
 "deadpooled_year": null,
 "deadpooled_month": null,
 "deadpooled_day": null,
 "deadpooled_url": null,
 "tag_list": "geoweb, geotag, location-based-social-services, gps",
 "alias_list": "",
 "email_address": "sjain@abaq.us",
 "phone_number": "801-231-9076",
 "description": "GeoWeb Services for consumers \u0026 business",
 "created_at": "Thu Apr 16 18:25:37 UTC 2009",
 "updated_at": "Mon Jul 15 03:21:26 UTC 2013",
 "overview": "\u003Cp\u003EAbaqus provides a network-assisted location \u0026amp; messaging platform (www.myGeoTracking.com) for business applications such as mobile workforce management, mobile fleet tracking \u0026amp; mobile campaign management etc.    The applications are sold as a SaaS service and work on all devices on most major carrier networks in the US such as ATT, T-Mobile, Sprint, Verizon, Boost and Cricket.     \u003C/p\u003E\n\n\u003Cp\u003Ewww.myGeoTracking.com is a platform for 100% cloud-based business applications targeted towards SMB and Enterprise Customers with a simple pitch:    \u0026#8216;Easily deploy location-enhanced messaging solutions with NO Special Devices; NO Apps; NO Data.\u0026#8217;   The platform provides features such as network-assisted location, fine grained privacy controls, geo-tagged SMS \u0026amp; IVR commands, location based Rules Engine, USPS certification and Reporting.  The platform also provides a rich set of Web Services APIs to enable custom business solutions.\u003C/p\u003E",
 "image":
  {"available_sizes":
    [[[111,
       24],
      "http://api-images.crunchbase.com/assets/images/resized/0004/1588/41588v4-max-150x150.png"],
     [[111,
       24],
      "http://api-images.crunchbase.com/assets/images/resized/0004/1588/41588v4-max-250x250.png"],
     [[111,
       24],
      "http://api-images.crunchbase.com/assets/images/resized/0004/1588/41588v4-max-450x450.png"]],
   "attribution": null},
 "products":
  [{"name": "myGeoTracking",
    "permalink": "abaq-us-geoweb-services"}],
 "relationships":
  [{"is_past": false,
    "title": "CEO/Founder",
    "person":
     {"first_name": "Shailendra",
      "last_name": "Jain",
      "permalink": "shailendra-jain"}},
   {"is_past": false,
    "title": "Acting CTO / Architect",
    "person":
     {"first_name": "Scott",
      "last_name": "McCarty",
      "permalink": "scott-mccarty"}},
   {"is_past": false,
    "title": "ADVISOR",
    "person":
     {"first_name": "MIKE",
      "last_name": "VAN THIEL",
      "permalink": "mike-van-thiel"}},
   {"is_past": true,
    "title": "",
    "person":
     {"first_name": "John",
      "last_name": "Schneider",
      "permalink": "john-schneider"}},
   {"is_past": true,
    "title": "Business Development",
    "person":
     {"first_name": "Malcolm",
      "last_name": "Panthaki",
      "permalink": "malcolm-panthaki"}},
   {"is_past": true,
    "title": "",
    "person":
     {"first_name": "Rishi",
      "last_name": "Bhalerao",
      "permalink": "rishi-bhalerao"}}],
 "competitions":
  [],
 "providerships":
  [],
 "total_money_raised": "$0",
 "funding_rounds":
  [],
 "investments":
  [],
 "acquisition": null,
 "acquisitions":
  [],
 "offices":
  [{"description": "Abaqus Inc.",
    "address1": "530 University Avenue",
    "address2": "",
    "zip_code": "94301",
    "city": "Palo Alto",
    "state_code": "CA",
    "country_code": "USA",
    "latitude": 37.384239,
    "longitude": -122.012475}],
 "milestones":
  [],
 "ipo": null,
 "video_embeds":
  [],
 "screenshots":
  [{"available_sizes":
     [[[150,
        118],
       "http://api-images.crunchbase.com/assets/images/resized/0028/7129/287129v2-max-150x150.png"],
      [[250,
        198],
       "http://api-images.crunchbase.com/assets/images/resized/0028/7129/287129v2-max-250x250.png"],
      [[250,
        198],
       "http://api-images.crunchbase.com/assets/images/resized/0028/7129/287129v2-max-450x450.png"]],
    "attribution": null}],
 "external_links":
  [],
 "partners":
  []}
