{"name": "abcphp.com",
 "permalink": "abcphp",
 "crunchbase_url": "http://www.crunchbase.com/company/abcphp",
 "homepage_url": "http://www.abcphp.com",
 "blog_url": "http://twitter.com/abcphp",
 "blog_feed_url": "http://www.abcphp.com/feed/",
 "twitter_username": "abcphp",
 "category_code": "software",
 "number_of_employees": 2,
 "founded_year": 2008,
 "founded_month": 10,
 "founded_day": 2,
 "deadpooled_year": null,
 "deadpooled_month": null,
 "deadpooled_day": null,
 "deadpooled_url": null,
 "tag_list": "php, social, news, submit, stories, vote, comment",
 "alias_list": "",
 "email_address": "mail@abcphp.com",
 "phone_number": "",
 "description": "PHP articles and resources",
 "created_at": "Mon Jan 19 16:41:25 UTC 2009",
 "updated_at": "Fri Jan 15 00:50:49 UTC 2010",
 "overview": "\u003Cp\u003Eabcphp.com is a social news website made for people to discover and share PHP related content from anywhere on the Internet, by submitting links and stories, and voting and commenting on submitted links and stories.\u003C/p\u003E",
 "image":
  {"available_sizes":
    [[[150,
       35],
      "http://api-images.crunchbase.com/assets/images/resized/0003/4562/34562v8-max-150x150.png"],
     [[250,
       59],
      "http://api-images.crunchbase.com/assets/images/resized/0003/4562/34562v8-max-250x250.png"],
     [[279,
       66],
      "http://api-images.crunchbase.com/assets/images/resized/0003/4562/34562v8-max-450x450.png"]],
   "attribution": null},
 "products":
  [],
 "relationships":
  [],
 "competitions":
  [],
 "providerships":
  [],
 "total_money_raised": "$0",
 "funding_rounds":
  [],
 "investments":
  [],
 "acquisition": null,
 "acquisitions":
  [],
 "offices":
  [],
 "milestones":
  [],
 "ipo": null,
 "video_embeds":
  [],
 "screenshots":
  [{"available_sizes":
     [[[150,
        129],
       "http://api-images.crunchbase.com/assets/images/resized/0007/2322/72322v2-max-150x150.png"],
      [[250,
        215],
       "http://api-images.crunchbase.com/assets/images/resized/0007/2322/72322v2-max-250x250.png"],
      [[450,
        387],
       "http://api-images.crunchbase.com/assets/images/resized/0007/2322/72322v2-max-450x450.png"]],
    "attribution": null}],
 "external_links":
  [],
 "partners":
  []}
