{"name": "aBetterOffice",
 "permalink": "abetteroffice",
 "crunchbase_url": "http://www.crunchbase.com/company/abetteroffice",
 "homepage_url": "http://www.abetteroffice.com",
 "blog_url": "http://www.abetteroffice.com",
 "blog_feed_url": "http://www.abetteroffice.com/feed",
 "twitter_username": null,
 "category_code": "other",
 "number_of_employees": 1,
 "founded_year": 2008,
 "founded_month": 10,
 "founded_day": 20,
 "deadpooled_year": null,
 "deadpooled_month": null,
 "deadpooled_day": null,
 "deadpooled_url": null,
 "tag_list": "office-space, office-rental, office-suites, executive-suites, executive-office-suites, coworking, shared-office, shared-office-space, virtual-office, virtual-offices, commercial-real-estate",
 "alias_list": null,
 "email_address": "info@abetteroffice.com",
 "phone_number": "859 492 1346",
 "description": null,
 "created_at": "Mon Dec 22 02:50:05 UTC 2008",
 "updated_at": "Mon Apr 13 19:11:39 UTC 2009",
 "overview": "\u003Cp\u003EABetterOffice provides advice and information to mobile professionals, telecommuters and seekers of alternatives to traditional forms of office space. \u003C/p\u003E\n\n\u003Cp\u003EABetterOffice focuses on virtual offices, executive office suites, shared office space and the technology behind them. \u003C/p\u003E",
 "image":
  {"available_sizes":
    [[[150,
       30],
      "http://api-images.crunchbase.com/assets/images/resized/0003/2218/32218v4-max-150x150.jpg"],
     [[250,
       50],
      "http://api-images.crunchbase.com/assets/images/resized/0003/2218/32218v4-max-250x250.jpg"],
     [[450,
       90],
      "http://api-images.crunchbase.com/assets/images/resized/0003/2218/32218v4-max-450x450.jpg"]],
   "attribution": null},
 "products":
  [],
 "relationships":
  [],
 "competitions":
  [],
 "providerships":
  [],
 "total_money_raised": "$0",
 "funding_rounds":
  [],
 "investments":
  [],
 "acquisition": null,
 "acquisitions":
  [],
 "offices":
  [{"description": "HQ",
    "address1": "348 E Main Street",
    "address2": "",
    "zip_code": "40507",
    "city": "Lexington",
    "state_code": "KY",
    "country_code": "USA",
    "latitude": 38.0421,
    "longitude": -84.4921985}],
 "milestones":
  [],
 "ipo": null,
 "video_embeds":
  [{"embed_code": "\u003Cobject width=\"348\" height=\"216\"\u003E\u003Cparam name=\"movie\" value=\"http://www.youtube.com/v/ZipZQtkWzy4\u0026hl=en\u0026fs=1\u0026rel=0\u0026color1=0x2b405b\u0026color2=0x6b8ab6\u0026border=1\"\u003E\u003C/param\u003E\u003Cparam name=\"allowFullScreen\" value=\"true\"\u003E\u003C/param\u003E\u003Cparam name=\"allowscriptaccess\" value=\"always\"\u003E\u003C/param\u003E\u003Cembed src=\"http://www.youtube.com/v/ZipZQtkWzy4\u0026hl=en\u0026fs=1\u0026rel=0\u0026color1=0x2b405b\u0026color2=0x6b8ab6\u0026border=1\" type=\"application/x-shockwave-flash\" allowscriptaccess=\"always\" allowfullscreen=\"true\" width=\"348\" height=\"216\"\u003E\u003C/embed\u003E\u003C/object\u003E\r\n",
    "description": ""}],
 "screenshots":
  [],
 "external_links":
  [],
 "partners":
  []}
