{"name": "able2know",
 "permalink": "able2know",
 "crunchbase_url": "http://www.crunchbase.com/company/able2know",
 "homepage_url": "http://able2know.org",
 "blog_url": "http://blog.able2know.org/",
 "blog_feed_url": "http://blog.able2know.org/feed/",
 "twitter_username": "able2know",
 "category_code": "web",
 "number_of_employees": 5,
 "founded_year": 2008,
 "founded_month": 1,
 "founded_day": 1,
 "deadpooled_year": null,
 "deadpooled_month": null,
 "deadpooled_day": null,
 "deadpooled_url": null,
 "tag_list": "ask-an-expert, forums, social-networking, qa",
 "alias_list": "",
 "email_address": "",
 "phone_number": "",
 "description": "Question and Answer Community",
 "created_at": "Mon Dec 08 20:52:26 UTC 2008",
 "updated_at": "Tue Apr 02 10:31:06 UTC 2013",
 "overview": "\u003Cp\u003EFounded by Robert Gentel as an ask an expert community, able2know became a startup in 2008 in order to develop custom software to expand the knowledge sharing and social features of the community. In August of 2008, an alpha version of the site was released bringing folksonomy to the community and providing a basis for the knowledge sharing social network.\u003C/p\u003E\n\n\u003Cp\u003EFeaturing questions and discussions on a variety of topics, the community demographics feature educated adults who engage in discussion, debate, and Q\u0026amp;A.\u003C/p\u003E",
 "image":
  {"available_sizes":
    [[[150,
       50],
      "http://api-images.crunchbase.com/assets/images/resized/0003/1281/31281v2-max-150x150.png"],
     [[150,
       50],
      "http://api-images.crunchbase.com/assets/images/resized/0003/1281/31281v2-max-250x250.png"],
     [[150,
       50],
      "http://api-images.crunchbase.com/assets/images/resized/0003/1281/31281v2-max-450x450.png"]],
   "attribution": null},
 "products":
  [{"name": "able2know.org",
    "permalink": "able2know-org"}],
 "relationships":
  [{"is_past": false,
    "title": "Founder",
    "person":
     {"first_name": "Robert",
      "last_name": "Gentel",
      "permalink": "robert-gentel"}},
   {"is_past": false,
    "title": "Lead Developer",
    "person":
     {"first_name": "Nick",
      "last_name": "Ashley",
      "permalink": "nick-ashley"}},
   {"is_past": false,
    "title": "Managing Partner",
    "person":
     {"first_name": "Peter",
      "last_name": "Frouman",
      "permalink": "peter-frouman"}},
   {"is_past": false,
    "title": "Managing Partner",
    "person":
     {"first_name": "Brian",
      "last_name": "Messerschmidt",
      "permalink": "brian-messerschmidt"}},
   {"is_past": false,
    "title": "Managing Partner",
    "person":
     {"first_name": "Steve",
      "last_name": "Levithan",
      "permalink": "steve-levithan"}}],
 "competitions":
  [],
 "providerships":
  [],
 "total_money_raised": "$0",
 "funding_rounds":
  [],
 "investments":
  [],
 "acquisition": null,
 "acquisitions":
  [],
 "offices":
  [{"description": "C/O MAD LAB",
    "address1": "93 S. Jackson St.",
    "address2": "#26760",
    "zip_code": "98104",
    "city": "Seattle",
    "state_code": "WA",
    "country_code": "USA",
    "latitude": 47.5990906,
    "longitude": -122.335109}],
 "milestones":
  [],
 "ipo": null,
 "video_embeds":
  [],
 "screenshots":
  [],
 "external_links":
  [],
 "partners":
  []}
