{"name": "About Me!",
 "permalink": "about-me",
 "crunchbase_url": "http://www.crunchbase.com/company/about-me",
 "homepage_url": "http://about.me",
 "blog_url": "http://blog.about.me/",
 "blog_feed_url": "",
 "twitter_username": "aboutdotme",
 "category_code": null,
 "number_of_employees": null,
 "founded_year": 2009,
 "founded_month": 10,
 "founded_day": null,
 "deadpooled_year": null,
 "deadpooled_month": null,
 "deadpooled_day": null,
 "deadpooled_url": null,
 "tag_list": null,
 "alias_list": "",
 "email_address": "",
 "phone_number": "",
 "description": "",
 "created_at": "Tue Jan 20 06:29:30 UTC 2009",
 "updated_at": "Thu Jun 06 04:26:14 UTC 2013",
 "overview": "\u003Cp\u003EWe believe that you should own your own identity. That your identity should be both projected and protected. It should encompass the different facets of your life. It should be portable and universally accessible. And most importantly, it should be easy to create and manage.\u003C/p\u003E",
 "image":
  {"available_sizes":
    [[[79,
       79],
      "http://api-images.crunchbase.com/assets/images/resized/0025/0432/250432v1-max-150x150.jpg"],
     [[79,
       79],
      "http://api-images.crunchbase.com/assets/images/resized/0025/0432/250432v1-max-250x250.jpg"],
     [[79,
       79],
      "http://api-images.crunchbase.com/assets/images/resized/0025/0432/250432v1-max-450x450.jpg"]],
   "attribution": null},
 "products":
  [],
 "relationships":
  [],
 "competitions":
  [],
 "providerships":
  [],
 "total_money_raised": "$0",
 "funding_rounds":
  [],
 "investments":
  [],
 "acquisition":
  {"price_amount": null,
   "price_currency_code": "USD",
   "term_code": null,
   "source_url": "http://www.thealarmclock.com/mt/archives/2007/06/shutterfly_buys.html",
   "source_description": "Shutterfly Buys Custom Children's Book Publisher Make It About Me!",
   "acquired_year": 2007,
   "acquired_month": 6,
   "acquired_day": 27,
   "acquiring_company":
    {"name": "Shutterfly",
     "permalink": "shutterfly"}},
 "acquisitions":
  [],
 "offices":
  [{"description": "HQ",
    "address1": "2601 Mission St,",
    "address2": "#900,",
    "zip_code": "94110",
    "city": "",
    "state_code": "CA",
    "country_code": "USA",
    "latitude": 37.755068,
    "longitude": -122.418026}],
 "milestones":
  [],
 "ipo": null,
 "video_embeds":
  [],
 "screenshots":
  [],
 "external_links":
  [],
 "partners":
  []}
