{"name": "Above the Fold",
 "permalink": "above-the-fold",
 "crunchbase_url": "http://www.crunchbase.com/company/above-the-fold",
 "homepage_url": "http://www.abovethefolddesign.com",
 "blog_url": "http://www.atfd.us",
 "blog_feed_url": "http://feeds.feedburner.com/uxdesign-abovethefold",
 "twitter_username": "abovethefold",
 "category_code": "other",
 "number_of_employees": 9,
 "founded_year": 2004,
 "founded_month": 8,
 "founded_day": 26,
 "deadpooled_year": null,
 "deadpooled_month": null,
 "deadpooled_day": null,
 "deadpooled_url": null,
 "tag_list": "user-experience-design, usability, web-design, web-strategy, web-designs, site-redesign, web-presence, information-architecture, ia, user-experience, ui-design, ui-consulting, user-interface-design, user-interface-consulting, gui-design, graphical-user-in",
 "alias_list": null,
 "email_address": "hello@abovethefolddesign.com",
 "phone_number": "617-532-1003",
 "description": "user experience design",
 "created_at": "Sun Jun 14 17:54:16 UTC 2009",
 "updated_at": "Thu Mar 06 18:04:13 UTC 2014",
 "overview": "\u003Cp\u003EAbove the Fold is a user experience design agency that provides UX consulting, user interface design, information architecture and usability testing services. \u003C/p\u003E\n\n\u003Cp\u003EAbove the Fold builds long-lasting relationships with web and mobile application companies to create a user experience that is both effortless and delightful.\u003C/p\u003E\n\n\u003Cp\u003EThe company was founded by Joe Baz in 2004 and is headquartered in the heart of innovation in MA: Central Sq.\u003C/p\u003E",
 "image":
  {"available_sizes":
    [[[150,
       62],
      "http://api-images.crunchbase.com/assets/images/resized/0004/8487/48487v6-max-150x150.png"],
     [[250,
       104],
      "http://api-images.crunchbase.com/assets/images/resized/0004/8487/48487v6-max-250x250.png"],
     [[450,
       187],
      "http://api-images.crunchbase.com/assets/images/resized/0004/8487/48487v6-max-450x450.png"]],
   "attribution": null},
 "products":
  [],
 "relationships":
  [{"is_past": false,
    "title": "CEO \u0026 Founder",
    "person":
     {"first_name": "Joe",
      "last_name": "Baz",
      "permalink": "joe-baz"}},
   {"is_past": false,
    "title": "President \u0026 COO/CFO",
    "person":
     {"first_name": "Heather",
      "last_name": "O'Neill",
      "permalink": "heather-oneill"}}],
 "competitions":
  [],
 "providerships":
  [],
 "total_money_raised": "$0",
 "funding_rounds":
  [],
 "investments":
  [],
 "acquisition": null,
 "acquisitions":
  [],
 "offices":
  [{"description": "Headquarters",
    "address1": "678 Massachusetts Ave",
    "address2": "Suite 1001",
    "zip_code": "02139",
    "city": "Cambridge",
    "state_code": "MA",
    "country_code": "USA",
    "latitude": 42.357489,
    "longitude": -71.055591}],
 "milestones":
  [{"id": 46282,
    "description": "Heather O'Neill becomes a managing partner of Above the Fold",
    "stoned_year": 2013,
    "stoned_month": 10,
    "stoned_day": 18,
    "source_url": "http://blog.abovethefolddesign.com/2013/10/18/heather-oneill-becomes-a-managing-partner-at-above-the-fold/",
    "source_text": null,
    "source_description": "Heather O\u2019Neill Becomes a Managing Partner at Above the Fold",
    "stoneable_type": "Company",
    "stoned_value": null,
    "stoned_value_type": null,
    "stoned_acquirer": null,
    "stoneable":
     {"name": "Above the Fold",
      "permalink": "above-the-fold"}}],
 "ipo": null,
 "video_embeds":
  [{"embed_code": "\u003Ciframe width=\"430\" height=\"315\" src=\"http://www.youtube.com/embed/OY8n81q8PyI\" frameborder=\"0\" allowfullscreen\u003E\u003C/iframe\u003E",
    "description": "\u003Cp\u003EWelcome to a fresh experience\u003C/p\u003E"}],
 "screenshots":
  [{"available_sizes":
     [[[150,
        83],
       "http://api-images.crunchbase.com/assets/images/resized/0019/6478/196478v2-max-150x150.jpg"],
      [[250,
        139],
       "http://api-images.crunchbase.com/assets/images/resized/0019/6478/196478v2-max-250x250.jpg"],
      [[450,
        250],
       "http://api-images.crunchbase.com/assets/images/resized/0019/6478/196478v2-max-450x450.jpg"]],
    "attribution": null},
   {"available_sizes":
     [[[150,
        83],
       "http://api-images.crunchbase.com/assets/images/resized/0019/6479/196479v2-max-150x150.png"],
      [[250,
        139],
       "http://api-images.crunchbase.com/assets/images/resized/0019/6479/196479v2-max-250x250.png"],
      [[450,
        250],
       "http://api-images.crunchbase.com/assets/images/resized/0019/6479/196479v2-max-450x450.png"]],
    "attribution": null},
   {"available_sizes":
     [[[150,
        83],
       "http://api-images.crunchbase.com/assets/images/resized/0019/6480/196480v3-max-150x150.png"],
      [[250,
        139],
       "http://api-images.crunchbase.com/assets/images/resized/0019/6480/196480v3-max-250x250.png"],
      [[450,
        250],
       "http://api-images.crunchbase.com/assets/images/resized/0019/6480/196480v3-max-450x450.png"]],
    "attribution": null},
   {"available_sizes":
     [[[150,
        83],
       "http://api-images.crunchbase.com/assets/images/resized/0019/6481/196481v3-max-150x150.jpg"],
      [[250,
        139],
       "http://api-images.crunchbase.com/assets/images/resized/0019/6481/196481v3-max-250x250.jpg"],
      [[450,
        250],
       "http://api-images.crunchbase.com/assets/images/resized/0019/6481/196481v3-max-450x450.jpg"]],
    "attribution": null},
   {"available_sizes":
     [[[150,
        83],
       "http://api-images.crunchbase.com/assets/images/resized/0019/6482/196482v2-max-150x150.jpg"],
      [[250,
        139],
       "http://api-images.crunchbase.com/assets/images/resized/0019/6482/196482v2-max-250x250.jpg"],
      [[450,
        250],
       "http://api-images.crunchbase.com/assets/images/resized/0019/6482/196482v2-max-450x450.jpg"]],
    "attribution": null},
   {"available_sizes":
     [[[150,
        83],
       "http://api-images.crunchbase.com/assets/images/resized/0019/6483/196483v2-max-150x150.jpg"],
      [[250,
        139],
       "http://api-images.crunchbase.com/assets/images/resized/0019/6483/196483v2-max-250x250.jpg"],
      [[450,
        250],
       "http://api-images.crunchbase.com/assets/images/resized/0019/6483/196483v2-max-450x450.jpg"]],
    "attribution": null},
   {"available_sizes":
     [[[150,
        83],
       "http://api-images.crunchbase.com/assets/images/resized/0019/6484/196484v4-max-150x150.jpg"],
      [[250,
        139],
       "http://api-images.crunchbase.com/assets/images/resized/0019/6484/196484v4-max-250x250.jpg"],
      [[450,
        250],
       "http://api-images.crunchbase.com/assets/images/resized/0019/6484/196484v4-max-450x450.jpg"]],
    "attribution": null},
   {"available_sizes":
     [[[150,
        83],
       "http://api-images.crunchbase.com/assets/images/resized/0019/6486/196486v2-max-150x150.jpg"],
      [[250,
        139],
       "http://api-images.crunchbase.com/assets/images/resized/0019/6486/196486v2-max-250x250.jpg"],
      [[450,
        250],
       "http://api-images.crunchbase.com/assets/images/resized/0019/6486/196486v2-max-450x450.jpg"]],
    "attribution": null},
   {"available_sizes":
     [[[150,
        139],
       "http://api-images.crunchbase.com/assets/images/resized/0019/6489/196489v2-max-150x150.jpg"],
      [[250,
        231],
       "http://api-images.crunchbase.com/assets/images/resized/0019/6489/196489v2-max-250x250.jpg"],
      [[450,
        417],
       "http://api-images.crunchbase.com/assets/images/resized/0019/6489/196489v2-max-450x450.jpg"]],
    "attribution": null},
   {"available_sizes":
     [[[150,
        92],
       "http://api-images.crunchbase.com/assets/images/resized/0030/9784/309784v2-max-150x150.png"],
      [[250,
        153],
       "http://api-images.crunchbase.com/assets/images/resized/0030/9784/309784v2-max-250x250.png"],
      [[450,
        276],
       "http://api-images.crunchbase.com/assets/images/resized/0030/9784/309784v2-max-450x450.png"]],
    "attribution": null}],
 "external_links":
  [],
 "partners":
  []}
