{"name": "Abraxas",
 "permalink": "abraxas",
 "crunchbase_url": "http://www.crunchbase.com/company/abraxas",
 "homepage_url": "http://www.abraxascorp.com",
 "blog_url": "",
 "blog_feed_url": "",
 "twitter_username": null,
 "category_code": "enterprise",
 "number_of_employees": null,
 "founded_year": 2001,
 "founded_month": null,
 "founded_day": null,
 "deadpooled_year": null,
 "deadpooled_month": null,
 "deadpooled_day": null,
 "deadpooled_url": null,
 "tag_list": "",
 "alias_list": "Abraxas Corporation",
 "email_address": "",
 "phone_number": "703-821-8930",
 "description": "national security specialists",
 "created_at": "Thu Jul 09 00:01:06 UTC 2009",
 "updated_at": "Wed Aug 19 07:27:21 UTC 2009",
 "overview": "\u003Cp\u003EAbraxas Corporation designs, develops, and delivers risk mitigation technology solutions for public and private sector clients in the United States. The company\u00e2\u20ac\u2122s services include system design and development, data warehousing and management, content management, and information assurance and security. It provides design and testing services for application specific integrated circuits in defense applications, including functional verification, firmware, and physical design and verification services; and components on-shore fabrication, testing, and assembly services. The company\u00e2\u20ac\u2122s services also include logistics and training, safety issues, pilots and airspace management, and aviation engineering; risk identification and resolution, application hardening, and information systems security; and online privacy and identity protection solutions. It serves corporations, hedge funds, and private equity firms, as well as aviation, government, and military clients. The company was founded in 2001 and is based in McLean, Virginia.\u003C/p\u003E",
 "image":
  {"available_sizes":
    [[[150,
       31],
      "http://api-images.crunchbase.com/assets/images/resized/0005/6246/56246v1-max-150x150.jpg"],
     [[250,
       52],
      "http://api-images.crunchbase.com/assets/images/resized/0005/6246/56246v1-max-250x250.jpg"],
     [[450,
       95],
      "http://api-images.crunchbase.com/assets/images/resized/0005/6246/56246v1-max-450x450.jpg"]],
   "attribution": null},
 "products":
  [],
 "relationships":
  [{"is_past": false,
    "title": "CEO",
    "person":
     {"first_name": "Richard",
      "last_name": "Helms",
      "permalink": "richard-helms"}},
   {"is_past": false,
    "title": "CFO",
    "person":
     {"first_name": "Wesley",
      "last_name": "R. Husted",
      "permalink": "wesley-r-husted"}},
   {"is_past": false,
    "title": "President",
    "person":
     {"first_name": "Rodney",
      "last_name": "G. Smith",
      "permalink": "rodney-g-smith"}},
   {"is_past": true,
    "title": "Market Strategist",
    "person":
     {"first_name": "Nithi",
      "last_name": "Vivatrat",
      "permalink": "nithi-vivatrat"}},
   {"is_past": true,
    "title": "Head of Technical Services",
    "person":
     {"first_name": "Taylor",
      "last_name": "Amarel",
      "permalink": "taylor-amarel"}}],
 "competitions":
  [],
 "providerships":
  [],
 "total_money_raised": "$0",
 "funding_rounds":
  [],
 "investments":
  [],
 "acquisition": null,
 "acquisitions":
  [{"price_amount": null,
    "price_currency_code": "USD",
    "term_code": null,
    "source_url": "",
    "source_description": "Capital Report Index",
    "acquired_year": 2008,
    "acquired_month": 5,
    "acquired_day": null,
    "company":
     {"name": "Anonymizer",
      "permalink": "anonymizer"}},
   {"price_amount": null,
    "price_currency_code": "USD",
    "term_code": null,
    "source_url": "http://www.abraxascorp.com/news_details.php?id=3",
    "source_description": "Abraxas Corporation agrees to Acquire Edge Intelligence",
    "acquired_year": 2008,
    "acquired_month": 9,
    "acquired_day": 23,
    "company":
     {"name": "Edge Research and Development",
      "permalink": "edge-research-and-development"}}],
 "offices":
  [{"description": "",
    "address1": "6845 Elm Street",
    "address2": "Suite 310",
    "zip_code": "22101",
    "city": "McLean",
    "state_code": "VA",
    "country_code": "USA",
    "latitude": 38.9361827,
    "longitude": -77.1802226}],
 "milestones":
  [],
 "ipo": null,
 "video_embeds":
  [],
 "screenshots":
  [{"available_sizes":
     [[[150,
        121],
       "http://api-images.crunchbase.com/assets/images/resized/0005/6989/56989v1-max-150x150.jpg"],
      [[250,
        202],
       "http://api-images.crunchbase.com/assets/images/resized/0005/6989/56989v1-max-250x250.jpg"],
      [[450,
        365],
       "http://api-images.crunchbase.com/assets/images/resized/0005/6989/56989v1-max-450x450.jpg"]],
    "attribution": null}],
 "external_links":
  [],
 "partners":
  []}
