{"name": "Abraxor",
 "permalink": "abraxor",
 "crunchbase_url": "http://www.crunchbase.com/company/abraxor",
 "homepage_url": "http://www.abraxor.com",
 "blog_url": "http://www.abraxor.com/blog",
 "blog_feed_url": "",
 "twitter_username": "abraxor",
 "category_code": "consulting",
 "number_of_employees": 5,
 "founded_year": 2006,
 "founded_month": 3,
 "founded_day": 20,
 "deadpooled_year": null,
 "deadpooled_month": null,
 "deadpooled_day": null,
 "deadpooled_url": null,
 "tag_list": "",
 "alias_list": null,
 "email_address": "info@abraxor.com",
 "phone_number": "+44 845 658 8358",
 "description": "Web Technology Consultancy",
 "created_at": "Thu Jun 25 17:06:03 UTC 2009",
 "updated_at": "Fri Jun 26 17:56:58 UTC 2009",
 "overview": "\u003Cp\u003EAbraxor is a full service digital agency with over 15 years experience delivering effective online solutions. \u003C/p\u003E\n\n\u003Cp\u003EAbraxor help clients create revenue opportunities, enhance and support web and business processes, and increase industry awareness.\u003C/p\u003E",
 "image":
  {"available_sizes":
    [[[150,
       35],
      "http://api-images.crunchbase.com/assets/images/resized/0005/0689/50689v6-max-150x150.png"],
     [[226,
       53],
      "http://api-images.crunchbase.com/assets/images/resized/0005/0689/50689v6-max-250x250.png"],
     [[226,
       53],
      "http://api-images.crunchbase.com/assets/images/resized/0005/0689/50689v6-max-450x450.png"]],
   "attribution": null},
 "products":
  [],
 "relationships":
  [],
 "competitions":
  [],
 "providerships":
  [],
 "total_money_raised": "$0",
 "funding_rounds":
  [],
 "investments":
  [],
 "acquisition": null,
 "acquisitions":
  [],
 "offices":
  [],
 "milestones":
  [],
 "ipo": null,
 "video_embeds":
  [],
 "screenshots":
  [],
 "external_links":
  [],
 "partners":
  []}
