{"name": "Absolutebyte",
 "permalink": "absolutebyte",
 "crunchbase_url": "http://www.crunchbase.com/company/absolutebyte",
 "homepage_url": "http://www.absolutebyte.com",
 "blog_url": "",
 "blog_feed_url": "",
 "twitter_username": null,
 "category_code": "other",
 "number_of_employees": null,
 "founded_year": null,
 "founded_month": null,
 "founded_day": null,
 "deadpooled_year": null,
 "deadpooled_month": null,
 "deadpooled_day": null,
 "deadpooled_url": null,
 "tag_list": null,
 "alias_list": "",
 "email_address": "info@absolutebyte.com",
 "phone_number": "92-42-575 3136",
 "description": null,
 "created_at": "Wed Dec 24 12:49:55 UTC 2008",
 "updated_at": "Sat Feb 14 14:32:15 UTC 2009",
 "overview": "\u003Cp\u003EAbsolute Byte is a full service design house that offers complete solutions to all the media needs of a customer.They help companies revamp an old image or create a new one. Absolute Byte follows the unified software development process to accomplish goals of all their projects.They focus on what the client has termed important, the process they use changes form project to project, they adapt to the customers needs, while making sure that they don\u0026#8217;t lose focus on whats is important.\u003C/p\u003E",
 "image":
  {"available_sizes":
    [[[150,
       38],
      "http://api-images.crunchbase.com/assets/images/resized/0003/5970/35970v1-max-150x150.jpg"],
     [[181,
       47],
      "http://api-images.crunchbase.com/assets/images/resized/0003/5970/35970v1-max-250x250.jpg"],
     [[181,
       47],
      "http://api-images.crunchbase.com/assets/images/resized/0003/5970/35970v1-max-450x450.jpg"]],
   "attribution": null},
 "products":
  [],
 "relationships":
  [{"is_past": true,
    "title": "Senior Software Engineer to Project Manager",
    "person":
     {"first_name": "Kashif",
      "last_name": "Altaf",
      "permalink": "kashif-altaf"}}],
 "competitions":
  [],
 "providerships":
  [],
 "total_money_raised": "$0",
 "funding_rounds":
  [],
 "investments":
  [],
 "acquisition": null,
 "acquisitions":
  [],
 "offices":
  [{"description": "",
    "address1": "57-C/1 Gulburg 3",
    "address2": "",
    "zip_code": "54660",
    "city": "Lahore",
    "state_code": null,
    "country_code": "PAK",
    "latitude": null,
    "longitude": null}],
 "milestones":
  [],
 "ipo": null,
 "video_embeds":
  [],
 "screenshots":
  [],
 "external_links":
  [],
 "partners":
  []}
