{"name": "Acanthus Infotech",
 "permalink": "acanthus-infotech",
 "crunchbase_url": "http://www.crunchbase.com/company/acanthus-infotech",
 "homepage_url": "http://www.acanthusinfotech.com",
 "blog_url": "",
 "blog_feed_url": "",
 "twitter_username": "muthusamy",
 "category_code": "web",
 "number_of_employees": 10,
 "founded_year": null,
 "founded_month": null,
 "founded_day": null,
 "deadpooled_year": null,
 "deadpooled_month": null,
 "deadpooled_day": null,
 "deadpooled_url": null,
 "tag_list": "web-design, web-development, web-services, web-maintenance, web-hosting, outsourcing",
 "alias_list": null,
 "email_address": "contact@acanthusinfotech.com",
 "phone_number": "+919894860670",
 "description": "Web Design  \u0026 Development Company",
 "created_at": "Wed Jun 03 13:04:39 UTC 2009",
 "updated_at": "Mon Jun 08 00:26:13 UTC 2009",
 "overview": "\u003Cp\u003EAcanthus Infotech is a Website Design and Website Development Services firm based in Chennai, India offering professional web services.\u003C/p\u003E\n\n\u003Cp\u003EWe are committed to providing Creative, Innovative, Quick and Quality Website Design Solutions, Web Development, Web Development Services, E-Commerce Web Applications, Contract Web Designers, Website Maintenance etc. to offshore companies at affordable prices.\u003C/p\u003E\n\n\u003Cp\u003EAcanthus Website Design Company and Website Development Company Chennai, constantly upgrades their skills to build web sites with the latest trends and technologies.\u003C/p\u003E",
 "image":
  {"available_sizes":
    [[[150,
       150],
      "http://api-images.crunchbase.com/assets/images/resized/0004/6493/46493v2-max-150x150.jpg"],
     [[250,
       250],
      "http://api-images.crunchbase.com/assets/images/resized/0004/6493/46493v2-max-250x250.jpg"],
     [[300,
       300],
      "http://api-images.crunchbase.com/assets/images/resized/0004/6493/46493v2-max-450x450.jpg"]],
   "attribution": null},
 "products":
  [],
 "relationships":
  [],
 "competitions":
  [],
 "providerships":
  [],
 "total_money_raised": "$0",
 "funding_rounds":
  [],
 "investments":
  [],
 "acquisition": null,
 "acquisitions":
  [],
 "offices":
  [{"description": "",
    "address1": "",
    "address2": "",
    "zip_code": "600044",
    "city": "Chennai",
    "state_code": null,
    "country_code": "IND",
    "latitude": null,
    "longitude": null}],
 "milestones":
  [],
 "ipo": null,
 "video_embeds":
  [],
 "screenshots":
  [{"available_sizes":
     [[[150,
        98],
       "http://api-images.crunchbase.com/assets/images/resized/0004/6492/46492v2-max-150x150.jpg"],
      [[250,
        164],
       "http://api-images.crunchbase.com/assets/images/resized/0004/6492/46492v2-max-250x250.jpg"],
      [[450,
        296],
       "http://api-images.crunchbase.com/assets/images/resized/0004/6492/46492v2-max-450x450.jpg"]],
    "attribution": null}],
 "external_links":
  [],
 "partners":
  []}
