{"name": "Accent Food Services",
 "permalink": "accent-food-services",
 "crunchbase_url": "http://www.crunchbase.com/company/accent-food-services",
 "homepage_url": "http://www.accentfoods.com",
 "blog_url": "",
 "blog_feed_url": "",
 "twitter_username": null,
 "category_code": null,
 "number_of_employees": null,
 "founded_year": 1986,
 "founded_month": null,
 "founded_day": null,
 "deadpooled_year": null,
 "deadpooled_month": null,
 "deadpooled_day": null,
 "deadpooled_url": null,
 "tag_list": null,
 "alias_list": "",
 "email_address": "",
 "phone_number": "512-251-9500 ",
 "description": "supplies food products",
 "created_at": "Wed Jun 17 03:29:07 UTC 2009",
 "updated_at": "Fri Oct 22 20:59:54 UTC 2010",
 "overview": "\u003Cp\u003EAccent Food Services, LLC distributes and supplies food products and beverages. The company offers breads, pastries, waffles, patties, popcorns, crackers, candies, cookies, and meat snacks. Additionally, it offers coffee, tea, juices, sodas, milk, and water. The company also provides bowls and plates, utensils, straws, batteries, towels and tissues, medicines, and trash bags. It offers water coolers and purification systems and vending machines. Accent Food Services was founded in 1986 and is based in Austin, Texas.\u003C/p\u003E",
 "image":
  {"available_sizes":
    [[[150,
       61],
      "http://api-images.crunchbase.com/assets/images/resized/0010/6836/106836v1-max-150x150.jpg"],
     [[244,
       100],
      "http://api-images.crunchbase.com/assets/images/resized/0010/6836/106836v1-max-250x250.jpg"],
     [[244,
       100],
      "http://api-images.crunchbase.com/assets/images/resized/0010/6836/106836v1-max-450x450.jpg"]],
   "attribution": null},
 "products":
  [],
 "relationships":
  [],
 "competitions":
  [],
 "providerships":
  [],
 "total_money_raised": "$0",
 "funding_rounds":
  [],
 "investments":
  [],
 "acquisition":
  {"price_amount": null,
   "price_currency_code": "USD",
   "term_code": null,
   "source_url": "http://www.silveroaksp.com/news/Accent%20News%20Release%2012.1.08.pdf",
   "source_description": "SILVER OAK SERVICES PARTNERS ACQUIRES THE ASSETS OF ACCENT FOOD SERVICES",
   "acquired_year": 2008,
   "acquired_month": 12,
   "acquired_day": 1,
   "acquiring_company":
    {"name": "Silver Oak Services Partners",
     "permalink": "silver-oak-services-partners"}},
 "acquisitions":
  [],
 "offices":
  [{"description": "HQ",
    "address1": "P.O. Box 80175",
    "address2": "",
    "zip_code": "78708",
    "city": "Austin",
    "state_code": "TX",
    "country_code": "USA",
    "latitude": null,
    "longitude": null}],
 "milestones":
  [],
 "ipo": null,
 "video_embeds":
  [],
 "screenshots":
  [{"available_sizes":
     [[[150,
        137],
       "http://api-images.crunchbase.com/assets/images/resized/0010/6838/106838v1-max-150x150.jpg"],
      [[250,
        228],
       "http://api-images.crunchbase.com/assets/images/resized/0010/6838/106838v1-max-250x250.jpg"],
      [[450,
        412],
       "http://api-images.crunchbase.com/assets/images/resized/0010/6838/106838v1-max-450x450.jpg"]],
    "attribution": null}],
 "external_links":
  [],
 "partners":
  []}
