{"name": "Access Forensics",
 "permalink": "access-forensics",
 "crunchbase_url": "http://www.crunchbase.com/company/access-forensics",
 "homepage_url": "http://access-forensics.com",
 "blog_url": "",
 "blog_feed_url": "",
 "twitter_username": null,
 "category_code": "security",
 "number_of_employees": null,
 "founded_year": null,
 "founded_month": null,
 "founded_day": null,
 "deadpooled_year": null,
 "deadpooled_month": null,
 "deadpooled_day": null,
 "deadpooled_url": null,
 "tag_list": "forensics, data-recovery, e-discovery, litigation-support",
 "alias_list": null,
 "email_address": "",
 "phone_number": "314-783-8930",
 "description": "Computer Forensics and Data Security",
 "created_at": "Thu Feb 26 19:44:54 UTC 2009",
 "updated_at": "Sun Apr 12 22:54:23 UTC 2009",
 "overview": "\u003Cp\u003EAccess Forensics provides innovative data solutions including computer forensics, e-Discovery and data recovery solutions. The company has innovated new procedures in document retrieval, including Data Access Plus, it\u0026#8217;s patent pending data analysis procedure.\u003C/p\u003E",
 "image":
  {"available_sizes":
    [[[150,
       59],
      "http://api-images.crunchbase.com/assets/images/resized/0003/7001/37001v2-max-150x150.jpg"],
     [[250,
       98],
      "http://api-images.crunchbase.com/assets/images/resized/0003/7001/37001v2-max-250x250.jpg"],
     [[259,
       102],
      "http://api-images.crunchbase.com/assets/images/resized/0003/7001/37001v2-max-450x450.jpg"]],
   "attribution": null},
 "products":
  [{"name": "Data Access Plus",
    "permalink": "data-access-plus"}],
 "relationships":
  [],
 "competitions":
  [],
 "providerships":
  [],
 "total_money_raised": "$0",
 "funding_rounds":
  [],
 "investments":
  [],
 "acquisition": null,
 "acquisitions":
  [],
 "offices":
  [{"description": "Headquarters",
    "address1": "911 Washington Ave.",
    "address2": "Suite 620",
    "zip_code": "63101",
    "city": "St. Louis",
    "state_code": "MO",
    "country_code": "USA",
    "latitude": 38.6310381,
    "longitude": -90.1932013}],
 "milestones":
  [],
 "ipo": null,
 "video_embeds":
  [],
 "screenshots":
  [],
 "external_links":
  [{"external_url": "http://www.prunderground.com/001296/access-forensics-introduces-data-access-plus/",
    "title": "Data Access Plus"}],
 "partners":
  []}
