{"name": "Inherited Health",
 "permalink": "accessdna",
 "crunchbase_url": "http://www.crunchbase.com/company/accessdna",
 "homepage_url": "http://www.InheritedHealth.com",
 "blog_url": "",
 "blog_feed_url": "",
 "twitter_username": "InheritedHealth",
 "category_code": "health",
 "number_of_employees": 3,
 "founded_year": 2007,
 "founded_month": 11,
 "founded_day": null,
 "deadpooled_year": null,
 "deadpooled_month": null,
 "deadpooled_day": null,
 "deadpooled_url": null,
 "tag_list": "genetics, genetic-testing, consumer-genetics, genomics, dna",
 "alias_list": "",
 "email_address": "",
 "phone_number": "310.251.7754",
 "description": "Online Family Health Resource",
 "created_at": "Tue Jun 30 00:06:42 UTC 2009",
 "updated_at": "Tue Oct 15 06:55:59 UTC 2013",
 "overview": "\u003Cp\u003EInherited Health is an online health resource combining family health history and professional guidance to identify disease risk.  The company makes it easy for consumers to safely and securely gather and store family health information and to get a personalized view of their hereditary disease risks.  By providing individuals, their families, and their doctors, with the ability to access and share this critical information, Inherited Health helps everyone in the family take a proactive step in managing their health.\u003C/p\u003E",
 "image":
  {"available_sizes":
    [[[150,
       19],
      "http://api-images.crunchbase.com/assets/images/resized/0005/1304/51304v6-max-150x150.png"],
     [[250,
       32],
      "http://api-images.crunchbase.com/assets/images/resized/0005/1304/51304v6-max-250x250.png"],
     [[427,
       55],
      "http://api-images.crunchbase.com/assets/images/resized/0005/1304/51304v6-max-450x450.png"]],
   "attribution": null},
 "products":
  [],
 "relationships":
  [{"is_past": true,
    "title": "Founder / CEO",
    "person":
     {"first_name": "Lee",
      "last_name": "Essner",
      "permalink": "lee-essner"}},
   {"is_past": true,
    "title": "Co - Founder / Director of Genetics",
    "person":
     {"first_name": "Jordanna",
      "last_name": "Joaquina",
      "permalink": "jordanna-joaquina"}}],
 "competitions":
  [],
 "providerships":
  [],
 "total_money_raised": "$1.16M",
 "funding_rounds":
  [{"id": 7027,
    "round_code": "angel",
    "source_url": "http://www.prweb.com/releases/2009/08/prweb2769574.htm",
    "source_description": "AccessDNA.com Reports New Round of Funding",
    "raised_amount": 670000.0,
    "raised_currency_code": "USD",
    "funded_year": 2009,
    "funded_month": 8,
    "funded_day": null,
    "investments":
     []},
   {"id": 9732,
    "round_code": "seed",
    "source_url": "",
    "source_description": "",
    "raised_amount": 485000.0,
    "raised_currency_code": "USD",
    "funded_year": 2008,
    "funded_month": 1,
    "funded_day": null,
    "investments":
     []}],
 "investments":
  [],
 "acquisition":
  {"price_amount": null,
   "price_currency_code": "USD",
   "term_code": null,
   "source_url": "http://www.businesswire.com/news/home/20110428006310/en/Informed-Medical-Decisions-Acquires-Inherited-Health",
   "source_description": "Informed Medical Decisions Acquires Inherited Health",
   "acquired_year": 2011,
   "acquired_month": 4,
   "acquired_day": 28,
   "acquiring_company":
    {"name": "InformedDNA",
     "permalink": "informeddna"}},
 "acquisitions":
  [],
 "offices":
  [{"description": "",
    "address1": "",
    "address2": "",
    "zip_code": "",
    "city": "Los Angeles",
    "state_code": "CA",
    "country_code": "USA",
    "latitude": null,
    "longitude": null}],
 "milestones":
  [{"id": 9023,
    "description": "AccessDNA becomes Inherited Health and launches new website",
    "stoned_year": 2010,
    "stoned_month": 9,
    "stoned_day": 30,
    "source_url": "http://socaltech.com/accessdna_becomes_inherited_health/s-0031361.html",
    "source_text": null,
    "source_description": "AccessDNA Becomes Inherited Health",
    "stoneable_type": "Company",
    "stoned_value": null,
    "stoned_value_type": null,
    "stoned_acquirer": null,
    "stoneable":
     {"name": "Inherited Health",
      "permalink": "accessdna"}}],
 "ipo": null,
 "video_embeds":
  [],
 "screenshots":
  [{"available_sizes":
     [[[150,
        120],
       "http://api-images.crunchbase.com/assets/images/resized/0010/5156/105156v2-max-150x150.jpg"],
      [[250,
        201],
       "http://api-images.crunchbase.com/assets/images/resized/0010/5156/105156v2-max-250x250.jpg"],
      [[450,
        362],
       "http://api-images.crunchbase.com/assets/images/resized/0010/5156/105156v2-max-450x450.jpg"]],
    "attribution": null}],
 "external_links":
  [],
 "partners":
  []}
