{"name": "ACCESS Litigation Support Services",
 "permalink": "access-litigation-support-services",
 "crunchbase_url": "http://www.crunchbase.com/company/access-litigation-support-services",
 "homepage_url": "http://www.accesslitigation.com",
 "blog_url": "",
 "blog_feed_url": "",
 "twitter_username": null,
 "category_code": "software",
 "number_of_employees": null,
 "founded_year": 2002,
 "founded_month": null,
 "founded_day": null,
 "deadpooled_year": null,
 "deadpooled_month": null,
 "deadpooled_day": null,
 "deadpooled_url": null,
 "tag_list": "",
 "alias_list": "",
 "email_address": "info@accesslitigation.com",
 "phone_number": "202-682-0601",
 "description": "",
 "created_at": "Mon Aug 10 01:36:23 UTC 2009",
 "updated_at": "Thu Aug 13 15:14:34 UTC 2009",
 "overview": "\u003Cp\u003EACCESS Litigation Support Services, LLC provides electronic discovery and technology solutions for the legal industry in the United States. The company offers EZ ACCESS Discovery and NatiVIEW Analytics that provide electronic discovery, paper discovery, and hosting services. It also provides litigation support services, including scanning, coding, and copying. The company was founded in 2002 and is based in Washington, District of Columbia with additional offices in Philadelphia and New York. As of August 25, 2008, ACCESS Litigation Support Services, LLC operates as a subsidiary of Edmond Scientific Co. On December 30, 2008, Access Litigation Support Services LLC filed a voluntary petition for reorganization under Chapter 11 in the US Bankruptcy Court for the Eastern District of Virginia.\u003C/p\u003E",
 "image":
  {"available_sizes":
    [[[150,
       42],
      "http://api-images.crunchbase.com/assets/images/resized/0005/5739/55739v1-max-150x150.jpg"],
     [[250,
       71],
      "http://api-images.crunchbase.com/assets/images/resized/0005/5739/55739v1-max-250x250.jpg"],
     [[350,
       100],
      "http://api-images.crunchbase.com/assets/images/resized/0005/5739/55739v1-max-450x450.jpg"]],
   "attribution": null},
 "products":
  [],
 "relationships":
  [{"is_past": false,
    "title": "CEO",
    "person":
     {"first_name": "Daniel",
      "last_name": "Waldschmidt",
      "permalink": "daniel-waldschmidt"}}],
 "competitions":
  [],
 "providerships":
  [],
 "total_money_raised": "$0",
 "funding_rounds":
  [],
 "investments":
  [],
 "acquisition":
  {"price_amount": null,
   "price_currency_code": "USD",
   "term_code": null,
   "source_url": "http://www.istockanalyst.com/article/viewiStockNews/articleid/2558979",
   "source_description": "Edmond Scientific Company Acquires E-Discovery Vanguard: Access Litigation",
   "acquired_year": 2008,
   "acquired_month": 8,
   "acquired_day": 25,
   "acquiring_company":
    {"name": "Edmond Scientific",
     "permalink": "edmond-scientific"}},
 "acquisitions":
  [],
 "offices":
  [{"description": "",
    "address1": "1101 Vermont Avenue",
    "address2": "Suite C1",
    "zip_code": "20005",
    "city": "Washington",
    "state_code": "DC",
    "country_code": "USA",
    "latitude": 38.903992,
    "longitude": -77.032734}],
 "milestones":
  [],
 "ipo": null,
 "video_embeds":
  [],
 "screenshots":
  [{"available_sizes":
     [[[150,
        147],
       "http://api-images.crunchbase.com/assets/images/resized/0005/6364/56364v1-max-150x150.jpg"],
      [[250,
        245],
       "http://api-images.crunchbase.com/assets/images/resized/0005/6364/56364v1-max-250x250.jpg"],
      [[450,
        442],
       "http://api-images.crunchbase.com/assets/images/resized/0005/6364/56364v1-max-450x450.jpg"]],
    "attribution": null}],
 "external_links":
  [],
 "partners":
  []}
