{"name": "AccessFlow",
 "permalink": "accessflow",
 "crunchbase_url": "http://www.crunchbase.com/company/accessflow",
 "homepage_url": "http://www.accessflow.com",
 "blog_url": "",
 "blog_feed_url": "",
 "twitter_username": null,
 "category_code": "consulting",
 "number_of_employees": null,
 "founded_year": null,
 "founded_month": null,
 "founded_day": null,
 "deadpooled_year": null,
 "deadpooled_month": null,
 "deadpooled_day": null,
 "deadpooled_url": null,
 "tag_list": null,
 "alias_list": "",
 "email_address": "sales@accessflow.com",
 "phone_number": "916-436-1500",
 "description": "Virtualization Consultancy",
 "created_at": "Wed Jul 08 21:24:11 UTC 2009",
 "updated_at": "Tue Jul 27 17:17:35 UTC 2010",
 "overview": "\u003Cp\u003EAccessFlow, Inc. is singularly focused on designing and deploying enterprise virtualization. Headquartered in Sacramento, California, the company enhances IT reliability, performance, and security while reducing both complexity and cost for its clients. AccessFlow reaches these goals by enabling a holistic virtualization encompassing not just servers, but also storage, backup, network, clients and replication / disaster recovery.  AccessFlow partners with strategic industry manufacturers who produce products that enhance the performance, security and management of a virtual infrastructure.\u003C/p\u003E",
 "image":
  {"available_sizes":
    [[[150,
       64],
      "http://api-images.crunchbase.com/assets/images/resized/0005/2693/52693v1-max-150x150.png"],
     [[209,
       90],
      "http://api-images.crunchbase.com/assets/images/resized/0005/2693/52693v1-max-250x250.png"],
     [[209,
       90],
      "http://api-images.crunchbase.com/assets/images/resized/0005/2693/52693v1-max-450x450.png"]],
   "attribution": null},
 "products":
  [],
 "relationships":
  [],
 "competitions":
  [],
 "providerships":
  [],
 "total_money_raised": "$0",
 "funding_rounds":
  [],
 "investments":
  [],
 "acquisition":
  {"price_amount": 7350000.0,
   "price_currency_code": "USD",
   "term_code": null,
   "source_url": "http://findarticles.com/p/articles/mi_m0EIN/is_2008_June_9/ai_n25490146/",
   "source_description": "INX Acquires AccessFlow, Inc., a Leading VMware Virtualization Consulting Organization",
   "acquired_year": 2008,
   "acquired_month": 6,
   "acquired_day": 9,
   "acquiring_company":
    {"name": "INX",
     "permalink": "inx"}},
 "acquisitions":
  [],
 "offices":
  [{"description": "",
    "address1": "1100 N. Market Blvd",
    "address2": "Suite 204",
    "zip_code": "95834",
    "city": "Sacramento",
    "state_code": "CA",
    "country_code": "USA",
    "latitude": 38.646489,
    "longitude": -121.486366}],
 "milestones":
  [],
 "ipo": null,
 "video_embeds":
  [],
 "screenshots":
  [],
 "external_links":
  [],
 "partners":
  []}
