{"name": "Accendra",
 "permalink": "accendra",
 "crunchbase_url": "http://www.crunchbase.com/company/accendra",
 "homepage_url": "http://www.accendra.com",
 "blog_url": "",
 "blog_feed_url": "",
 "twitter_username": null,
 "category_code": "software",
 "number_of_employees": null,
 "founded_year": null,
 "founded_month": null,
 "founded_day": null,
 "deadpooled_year": null,
 "deadpooled_month": null,
 "deadpooled_day": null,
 "deadpooled_url": null,
 "tag_list": null,
 "alias_list": "",
 "email_address": "info@accendra.com",
 "phone_number": "54-11-52369855",
 "description": "Software Product Development",
 "created_at": "Thu Mar 26 21:19:52 UTC 2009",
 "updated_at": "Fri Jan 21 10:07:00 UTC 2011",
 "overview": "\u003Cp\u003EArgentinian company with offices in Chile and Peru. They provide software research, creation, promotion and sales. Included in its main products are the TickerCast communication plattform, and document management plattform KM Work Space. Accendra is part of the Globant Group\u003C/p\u003E",
 "image": null,
 "products":
  [],
 "relationships":
  [],
 "competitions":
  [],
 "providerships":
  [],
 "total_money_raised": "$0",
 "funding_rounds":
  [],
 "investments":
  [],
 "acquisition":
  {"price_amount": null,
   "price_currency_code": "USD",
   "term_code": null,
   "source_url": "http://www.reuters.com/article/pressRelease/idUS133648+24-Jun-2008+MW20080624",
   "source_description": "Globant Acquires Software Company Accendra",
   "acquired_year": 2008,
   "acquired_month": 6,
   "acquired_day": null,
   "acquiring_company":
    {"name": "Globant",
     "permalink": "globant"}},
 "acquisitions":
  [],
 "offices":
  [],
 "milestones":
  [],
 "ipo": null,
 "video_embeds":
  [],
 "screenshots":
  [],
 "external_links":
  [],
 "partners":
  []}
