{"name": "Accellos",
 "permalink": "accellos",
 "crunchbase_url": "http://www.crunchbase.com/company/accellos",
 "homepage_url": "http://www.accellos.com",
 "blog_url": "http://accellos.com/blog/",
 "blog_feed_url": "",
 "twitter_username": "AccellosInc",
 "category_code": "software",
 "number_of_employees": null,
 "founded_year": 2006,
 "founded_month": null,
 "founded_day": null,
 "deadpooled_year": null,
 "deadpooled_month": null,
 "deadpooled_day": null,
 "deadpooled_url": null,
 "tag_list": "logistics, transportation, warehouse, fleet, supply-chain, inventory, software, 3pl",
 "alias_list": "",
 "email_address": "",
 "phone_number": "719-433-7000",
 "description": "Supply Chain Execution Solutions",
 "created_at": "Tue Jun 23 12:45:37 UTC 2009",
 "updated_at": "Tue Feb 11 10:27:01 UTC 2014",
 "overview": "\u003Cp\u003EAccellos was founded on a simple idea: supply chain companies deserve robust technology solutions that are easy and inexpensive to implement and maintain. Accellos provides powerful supply-chain execution solutions that are easy to customize and implement, allowing our customers to enjoy more innovation for less investment. Our aim is to strike the perfect balance among customer satisfaction, employee fulfillment and stakeholder value.\u003C/p\u003E\n\n\u003Cp\u003EThrough a combination of strategic acquisitions, carefully-crafted partnerships and industry-leading investments in research, development and customer care, Accellos aims to become the clear choice for supply chain companies worldwide.\u003C/p\u003E",
 "image":
  {"available_sizes":
    [[[150,
       71],
      "http://api-images.crunchbase.com/assets/images/resized/0005/0321/50321v1-max-150x150.jpg"],
     [[169,
       81],
      "http://api-images.crunchbase.com/assets/images/resized/0005/0321/50321v1-max-250x250.jpg"],
     [[169,
       81],
      "http://api-images.crunchbase.com/assets/images/resized/0005/0321/50321v1-max-450x450.jpg"]],
   "attribution": null},
 "products":
  [{"name": "Accellos One Transport",
    "permalink": "accellos-one-transport"}],
 "relationships":
  [{"is_past": false,
    "title": "Chairman and CEO",
    "person":
     {"first_name": "Michael",
      "last_name": "Cornell",
      "permalink": "michael-cornell"}},
   {"is_past": false,
    "title": "CFO",
    "person":
     {"first_name": "Flint",
      "last_name": "Seaton",
      "permalink": "flint-seaton"}},
   {"is_past": false,
    "title": "COO",
    "person":
     {"first_name": "Joel",
      "last_name": "Kremke",
      "permalink": "joel-kremke"}},
   {"is_past": false,
    "title": "Senior Vice President and General Manager",
    "person":
     {"first_name": "Joe",
      "last_name": "Couto",
      "permalink": "joe-couto"}},
   {"is_past": false,
    "title": "Executive Vice President and CTO",
    "person":
     {"first_name": "Ross",
      "last_name": "Elliott",
      "permalink": "ross-elliott"}},
   {"is_past": false,
    "title": "General Manager and Chief Marketing Officer",
    "person":
     {"first_name": "Chad",
      "last_name": "Collins",
      "permalink": "chad-collins"}},
   {"is_past": false,
    "title": "Board Member",
    "person":
     {"first_name": "Joe",
      "last_name": "Savig",
      "permalink": "joe-savig"}},
   {"is_past": false,
    "title": "Senior Vice President and General Manager",
    "person":
     {"first_name": "Bill",
      "last_name": "Ashburn",
      "permalink": "bill-ashburn"}}],
 "competitions":
  [{"competitor":
     {"name": "PINC Solutions",
      "permalink": "pinc-solutions"}},
   {"competitor":
     {"name": "SmartTurn",
      "permalink": "smartturn"}}],
 "providerships":
  [],
 "total_money_raised": "$28.5M",
 "funding_rounds":
  [{"id": 6846,
    "round_code": "b",
    "source_url": "http://www.accellos.com/page.asp?id=129\u0026name=Accellos%20Closes%20$28.5%20Million%20in%20Series%20B%20Financing%20to%20Fund%20Future%20Growth%20and%20Acquisitions",
    "source_description": "Accellos Closes $28.5 Million in Series B Financing to Fund Future Growth and Acquisitions",
    "raised_amount": 28500000.0,
    "raised_currency_code": "USD",
    "funded_year": 2008,
    "funded_month": 9,
    "funded_day": 30,
    "investments":
     [{"company": null,
       "financial_org":
        {"name": "Monitor Clipper Funds",
         "permalink": "monitor-clipper-funds"},
       "person": null},
      {"company": null,
       "financial_org":
        {"name": "Centennial Ventures",
         "permalink": "centennial-ventures"},
       "person": null}]},
   {"id": 33228,
    "round_code": "unattributed",
    "source_url": "http://www.finsmes.com/2012/10/accellos-receives-majority-investment-accel-kkr.html?utm_source=feedburner\u0026utm_medium=feed\u0026utm_campaign=Feed%3A+finsmes%2FcNHu+%28FinSMEs%29",
    "source_description": "Accellos Receives Majority Investment from Accel-KKR",
    "raised_amount": null,
    "raised_currency_code": "USD",
    "funded_year": 2012,
    "funded_month": 10,
    "funded_day": 16,
    "investments":
     [{"company": null,
       "financial_org":
        {"name": "Accel-KKR",
         "permalink": "accel-kkr"},
       "person": null}]}],
 "investments":
  [],
 "acquisition": null,
 "acquisitions":
  [{"price_amount": null,
    "price_currency_code": "USD",
    "term_code": null,
    "source_url": "http://www.accellos.com/page.asp?id=131\u0026name=Accellos%20Acquires%20Prophesy%20Transportation%20Software,%20Inc.%20a%20Leading%20Provider%20of%20Software%20Solutions%20for%20the%20Trucking%20Industry",
    "source_description": "Accellos Acquires Prophesy Transportation Software, Inc. a Leading Provider of Software Solutions for the Trucking Industry",
    "acquired_year": 2008,
    "acquired_month": 9,
    "acquired_day": 30,
    "company":
     {"name": "Prophesy Transportation Solutions",
      "permalink": "prophesy-transportation-solutions"}}],
 "offices":
  [{"description": "",
    "address1": "90 South Cascade Avenue",
    "address2": "Suite 1200",
    "zip_code": "80903",
    "city": "Colorado Springs",
    "state_code": "CO",
    "country_code": "USA",
    "latitude": 38.833716,
    "longitude": -104.826256}],
 "milestones":
  [{"id": 7754,
    "description": "Accellos named in Lead411's Hottest Colorado Companies list",
    "stoned_year": 2010,
    "stoned_month": 8,
    "stoned_day": 17,
    "source_url": "http://www.lead411.com/colorado-companies.html",
    "source_text": null,
    "source_description": "Lead411 launches \"Hottest Colorado Companies\" list",
    "stoneable_type": "Company",
    "stoned_value": null,
    "stoned_value_type": null,
    "stoned_acquirer": null,
    "stoneable":
     {"name": "Accellos",
      "permalink": "accellos"}}],
 "ipo": null,
 "video_embeds":
  [],
 "screenshots":
  [{"available_sizes":
     [[[150,
        79],
       "http://api-images.crunchbase.com/assets/images/resized/0005/0320/50320v1-max-150x150.jpg"],
      [[250,
        133],
       "http://api-images.crunchbase.com/assets/images/resized/0005/0320/50320v1-max-250x250.jpg"],
      [[450,
        239],
       "http://api-images.crunchbase.com/assets/images/resized/0005/0320/50320v1-max-450x450.jpg"]],
    "attribution": null}],
 "external_links":
  [],
 "partners":
  []}
