{"name": "Accuity",
 "permalink": "accuity",
 "crunchbase_url": "http://www.crunchbase.com/company/accuity",
 "homepage_url": "http://www.accuity.com",
 "blog_url": "",
 "blog_feed_url": "",
 "twitter_username": "accuitytweets",
 "category_code": "enterprise",
 "number_of_employees": 66,
 "founded_year": 1836,
 "founded_month": null,
 "founded_day": null,
 "deadpooled_year": null,
 "deadpooled_month": null,
 "deadpooled_day": null,
 "deadpooled_url": null,
 "tag_list": "",
 "alias_list": "",
 "email_address": "custserv@accuity.com",
 "phone_number": "+1 847 676 9600",
 "description": "IT Software Provider",
 "created_at": "Wed Jul 01 18:39:48 UTC 2009",
 "updated_at": "Sat Apr 05 07:50:21 UTC 2014",
 "overview": "\u003Cp\u003EAccuity is a data and software vendor that works with banks and corporations to help them with payment processing and entity screening globally.\u003C/p\u003E\n\n\u003Cp\u003EAccuity is uniquely positioned to deliver several kinds of solutions, powered by comprehensive data, in any format. From online look-up tools to Web-based services to hosted solutions, to expert professional services.\u003C/p\u003E\n\n\u003Cp\u003EAccuity also facilitates regulatory compliance and enhanced due diligence requirements for financial transactions. Their products offer a variety of customer filtering, account screening and transaction monitoring options to meet processing requirements and help reduce the risk of violating domestic and international regulations.\u003C/p\u003E",
 "image":
  {"available_sizes":
    [[[150,
       23],
      "http://api-images.crunchbase.com/assets/images/resized/0005/3164/53164v1-max-150x150.png"],
     [[250,
       38],
      "http://api-images.crunchbase.com/assets/images/resized/0005/3164/53164v1-max-250x250.png"],
     [[389,
       60],
      "http://api-images.crunchbase.com/assets/images/resized/0005/3164/53164v1-max-450x450.png"]],
   "attribution": null},
 "products":
  [],
 "relationships":
  [{"is_past": false,
    "title": "President",
    "person":
     {"first_name": "Hugh",
      "last_name": "M. Jones IV",
      "permalink": "hugh-m-jones-iv"}},
   {"is_past": false,
    "title": "Managing Director",
    "person":
     {"first_name": "Malcolm",
      "last_name": "Taylor",
      "permalink": "malcolm-taylor"}}],
 "competitions":
  [],
 "providerships":
  [],
 "total_money_raised": "$0",
 "funding_rounds":
  [],
 "investments":
  [],
 "acquisition": null,
 "acquisitions":
  [{"price_amount": null,
    "price_currency_code": "USD",
    "term_code": null,
    "source_url": "http://www.reuters.com/article/pressRelease/idUS99707+04-Feb-2009+PRN20090204",
    "source_description": "Accuity Acquires CB.Net",
    "acquired_year": 2009,
    "acquired_month": 2,
    "acquired_day": 4,
    "company":
     {"name": "CB.Net",
      "permalink": "cb-net"}}],
 "offices":
  [{"description": "",
    "address1": "4709 West Golf Road",
    "address2": "Suite 600",
    "zip_code": "60076",
    "city": "Skokie",
    "state_code": "IL",
    "country_code": "USA",
    "latitude": 42.0551424,
    "longitude": -87.7435278}],
 "milestones":
  [],
 "ipo": null,
 "video_embeds":
  [],
 "screenshots":
  [{"available_sizes":
     [[[150,
        148],
       "http://api-images.crunchbase.com/assets/images/resized/0005/4191/54191v1-max-150x150.jpg"],
      [[250,
        247],
       "http://api-images.crunchbase.com/assets/images/resized/0005/4191/54191v1-max-250x250.jpg"],
      [[450,
        445],
       "http://api-images.crunchbase.com/assets/images/resized/0005/4191/54191v1-max-450x450.jpg"]],
    "attribution": null}],
 "external_links":
  [],
 "partners":
  []}
