{"name": "Achievo(R) Corporation",
 "permalink": "achievo-r-corporation",
 "crunchbase_url": "http://www.crunchbase.com/company/achievo-r-corporation",
 "homepage_url": "http://www.achievo.org",
 "blog_url": "http://www.achievo.org/blog/",
 "blog_feed_url": "http://feeds.feedburner.com/AchievoBlog",
 "twitter_username": null,
 "category_code": "enterprise",
 "number_of_employees": null,
 "founded_year": null,
 "founded_month": null,
 "founded_day": null,
 "deadpooled_year": null,
 "deadpooled_month": null,
 "deadpooled_day": null,
 "deadpooled_url": null,
 "tag_list": "",
 "alias_list": null,
 "email_address": "",
 "phone_number": "925-828-5990",
 "description": null,
 "created_at": "Sat Jan 03 04:57:40 UTC 2009",
 "updated_at": "Sun Jan 04 19:23:03 UTC 2009",
 "overview": "\u003Cp\u003EAchievo is a flexible web-based resource management tool for business environments.\u003C/p\u003E\n\n\u003Cp\u003EAchievo\u0026#8217;s resource management capabilities will enable organisations to support their business processes in a simple, but effective manner.\u003C/p\u003E\n\n\u003Cp\u003EA solution that fits seamlessly to the wishes of every organisation and offers the possibility and freedom to adapt the functionality to the needs of the organisation. It will fit into every organisation because Achievo is extremly easy to change to your specific situation.\u003C/p\u003E\n\n\u003Cp\u003ESome important concepts of Achievo:\nTotally web-based system\nBased on system independent cutting edge technology\nCompletely adaptable to your own organisation\nNo licensefees or other limitations on use of the software\nAll source-code of the software is available\nMakes use of open standards and protocols.\u003C/p\u003E\n\n\u003Cp\u003EAchievo is build out of several modules and a central database. \nTogether these modules ensure an optimal combination of intranet applications for business environments.\u003C/p\u003E",
 "image":
  {"available_sizes":
    [[[150,
       45],
      "http://api-images.crunchbase.com/assets/images/resized/0003/2909/32909v1-max-150x150.png"],
     [[220,
       67],
      "http://api-images.crunchbase.com/assets/images/resized/0003/2909/32909v1-max-250x250.png"],
     [[220,
       67],
      "http://api-images.crunchbase.com/assets/images/resized/0003/2909/32909v1-max-450x450.png"]],
   "attribution": null},
 "products":
  [{"name": "Achievo",
    "permalink": "achievo"}],
 "relationships":
  [],
 "competitions":
  [],
 "providerships":
  [],
 "total_money_raised": "$24M",
 "funding_rounds":
  [{"id": 4383,
    "round_code": "b",
    "source_url": "http://venturebeat.com/2007/02/26/software-outsourcing-company-achievo-raises-24m/",
    "source_description": "Software outsourcing company, Achievo, raises $24M",
    "raised_amount": 24000000.0,
    "raised_currency_code": "USD",
    "funded_year": 2007,
    "funded_month": 2,
    "funded_day": 26,
    "investments":
     []}],
 "investments":
  [],
 "acquisition": null,
 "acquisitions":
  [],
 "offices":
  [{"description": "",
    "address1": "2633 Camino Ramon Ste 100",
    "address2": "",
    "zip_code": "94583-2539",
    "city": "San Ramon",
    "state_code": "CA",
    "country_code": "USA",
    "latitude": 37.7662,
    "longitude": -121.95812}],
 "milestones":
  [],
 "ipo": null,
 "video_embeds":
  [],
 "screenshots":
  [],
 "external_links":
  [],
 "partners":
  []}
