{"name": "Achill Online Internet Solutions",
 "permalink": "achill-online-internet-services",
 "crunchbase_url": "http://www.crunchbase.com/company/achill-online-internet-services",
 "homepage_url": "http://www.achill-online.net",
 "blog_url": "",
 "blog_feed_url": "",
 "twitter_username": null,
 "category_code": "public_relations",
 "number_of_employees": null,
 "founded_year": 1998,
 "founded_month": 11,
 "founded_day": 1,
 "deadpooled_year": null,
 "deadpooled_month": null,
 "deadpooled_day": null,
 "deadpooled_url": null,
 "tag_list": "webdesign, design, webdevelopement, webdev, seo, sem, accessibility",
 "alias_list": null,
 "email_address": "info@achill-online.net",
 "phone_number": "+353 86 368 5355",
 "description": "",
 "created_at": "Mon Dec 15 22:57:09 UTC 2008",
 "updated_at": "Thu Apr 23 14:56:27 UTC 2009",
 "overview": "\u003Cp\u003EAchill Online Internet Solutions is a company focussed on up-to-date Webdesign combined with technical excellence. They also provide all kind of internet related services, such as SEO, SEM, Accessibility, Design and Webdevelopement.\u003C/p\u003E",
 "image":
  {"available_sizes":
    [[[150,
       24],
      "http://api-images.crunchbase.com/assets/images/resized/0003/1789/31789v6-max-150x150.jpg"],
     [[250,
       41],
      "http://api-images.crunchbase.com/assets/images/resized/0003/1789/31789v6-max-250x250.jpg"],
     [[448,
       74],
      "http://api-images.crunchbase.com/assets/images/resized/0003/1789/31789v6-max-450x450.jpg"]],
   "attribution": null},
 "products":
  [],
 "relationships":
  [{"is_past": false,
    "title": "",
    "person":
     {"first_name": "Chris",
      "last_name": "B. Kerndter",
      "permalink": "chris-b-kerndter"}}],
 "competitions":
  [{"competitor":
     {"name": "Avenir Medical",
      "permalink": "avenir-medical"}},
   {"competitor":
     {"name": "Agtek Web Design",
      "permalink": "agtek-web-design"}}],
 "providerships":
  [],
 "total_money_raised": "$0",
 "funding_rounds":
  [],
 "investments":
  [],
 "acquisition": null,
 "acquisitions":
  [],
 "offices":
  [{"description": "Headoffice",
    "address1": "Bridgann House",
    "address2": "Achill Sound",
    "zip_code": "",
    "city": "Achill Island",
    "state_code": null,
    "country_code": "IRL",
    "latitude": null,
    "longitude": null}],
 "milestones":
  [],
 "ipo": null,
 "video_embeds":
  [],
 "screenshots":
  [],
 "external_links":
  [],
 "partners":
  []}
