{"name": "Achronix Semiconductor",
 "permalink": "achronix-semiconductor",
 "crunchbase_url": "http://www.crunchbase.com/company/achronix-semiconductor",
 "homepage_url": "http://www.achronix.com",
 "blog_url": "",
 "blog_feed_url": "",
 "twitter_username": null,
 "category_code": "semiconductor",
 "number_of_employees": null,
 "founded_year": 2004,
 "founded_month": null,
 "founded_day": null,
 "deadpooled_year": null,
 "deadpooled_month": null,
 "deadpooled_day": null,
 "deadpooled_url": null,
 "tag_list": "",
 "alias_list": "",
 "email_address": "info@achronix.com",
 "phone_number": "408-889-4100",
 "description": "semiconductor company",
 "created_at": "Sat Jan 03 15:59:33 UTC 2009",
 "updated_at": "Fri Mar 28 09:09:54 UTC 2014",
 "overview": "\u003Cp\u003EAchronix Semiconductor Corporation manufactures field programmable gate arrays. It offers Speedster, a field programmable gate array; Speedster Development Kit, a path to create applications; and Achronix CAD Environment (ACE), which enables users to map designs into Achronix FPGA devices. The company\u00e2\u20ac\u2122s products are used in internal processing bandwidth, input/output bandwidth, and external memory bandwidth applications. It serves networking, telecommunications, encryption, high-performance computing, video and imaging, digital signal processing, industrial, test and measurement, and military and aerospace markets. \u003C/p\u003E\n\n\u003Cp\u003EAchronix Semiconductor Corporation was founded in 2004 and is headquartered in San Jose, California with sales offices in the United States, Europe, China, Japan, and Korea. It has research and development facilities in San Jose, California; Ithaca, New York; and Bangalore, India.\u003C/p\u003E",
 "image":
  {"available_sizes":
    [[[150,
       41],
      "http://api-images.crunchbase.com/assets/images/resized/0003/2946/32946v1-max-150x150.png"],
     [[199,
       55],
      "http://api-images.crunchbase.com/assets/images/resized/0003/2946/32946v1-max-250x250.png"],
     [[199,
       55],
      "http://api-images.crunchbase.com/assets/images/resized/0003/2946/32946v1-max-450x450.png"]],
   "attribution": null},
 "products":
  [],
 "relationships":
  [{"is_past": false,
    "title": "Founder \u0026 VP, Core Technology",
    "person":
     {"first_name": "Clinton",
      "last_name": "W. Kelly",
      "permalink": "clinton-w-kelly"}},
   {"is_past": false,
    "title": "Founder \u0026 CTO",
    "person":
     {"first_name": "Virantha",
      "last_name": "N. Ekanayake",
      "permalink": "virantha-n-ekanayake"}},
   {"is_past": false,
    "title": "President \u0026 CEO",
    "person":
     {"first_name": "Robert",
      "last_name": "Blake",
      "permalink": "robert-blake"}},
   {"is_past": false,
    "title": "VP, Business Operations \u0026 CFO",
    "person":
     {"first_name": "Howard",
      "last_name": "S. Brodsky",
      "permalink": "howard-s-brodsky"}},
   {"is_past": false,
    "title": "VP, Software Engineering",
    "person":
     {"first_name": "Kamal",
      "last_name": "Chaudhary",
      "permalink": "kamal-chaudhary"}},
   {"is_past": false,
    "title": "VP, Marketing",
    "person":
     {"first_name": "Steve",
      "last_name": "Mensor",
      "permalink": "steve-mensor"}},
   {"is_past": false,
    "title": "Founder \u0026 Board Chairman",
    "person":
     {"first_name": "John",
      "last_name": "Lofton Holt",
      "permalink": "john-lofton-holt"}},
   {"is_past": false,
    "title": "VP, Worldwide Sales",
    "person":
     {"first_name": "Edward",
      "last_name": "Archer",
      "permalink": "edward-archer"}},
   {"is_past": false,
    "title": "Board of Directors",
    "person":
     {"first_name": "Somu",
      "last_name": "Subramaniam",
      "permalink": "somu-subramaniam"}},
   {"is_past": false,
    "title": "Veteran of Multiple Technology",
    "person":
     {"first_name": "Mitchell",
      "last_name": "Kotler",
      "permalink": "mitchell-kotler"}},
   {"is_past": false,
    "title": "Board of Director",
    "person":
     {"first_name": "Alex",
      "last_name": "Benik",
      "permalink": "alex-benik"}},
   {"is_past": false,
    "title": "VP, Hardware Engineering",
    "person":
     {"first_name": "Rahul",
      "last_name": "Nimaiyar",
      "permalink": "rahul-nimaiyar"}},
   {"is_past": false,
    "title": "Board Observer",
    "person":
     {"first_name": "Amit",
      "last_name": "Srivastava",
      "permalink": "amit-srivastava-5"}},
   {"is_past": true,
    "title": "Chairman / CEO",
    "person":
     {"first_name": "John",
      "last_name": "Lofton Holt",
      "permalink": "john-lofton-holt"}},
   {"is_past": true,
    "title": "VP, Marketing \u0026 Sales",
    "person":
     {"first_name": "Yousef",
      "last_name": "Khalilollahi",
      "permalink": "yousef-khalilollahi"}}],
 "competitions":
  [],
 "providerships":
  [],
 "total_money_raised": "$136M",
 "funding_rounds":
  [{"id": 4400,
    "round_code": "a",
    "source_url": "http://www.prnewswire.com/news-releases/achronix-completes-254-million-series-a-preferred-stock-financing-53688342.html",
    "source_description": "Achronix Completes $25.4 Million Series A Preferred Stock Financing",
    "raised_amount": 25400000.0,
    "raised_currency_code": "USD",
    "funded_year": 2007,
    "funded_month": 1,
    "funded_day": 23,
    "investments":
     [{"company": null,
       "financial_org":
        {"name": "New Science Ventures",
         "permalink": "new-science-ventures"},
       "person": null},
      {"company": null,
       "financial_org":
        {"name": "Battery Ventures",
         "permalink": "battery-ventures"},
       "person": null},
      {"company": null,
       "financial_org":
        {"name": "Entrepia Ventures",
         "permalink": "entrepia-ventures"},
       "person": null},
      {"company": null,
       "financial_org":
        {"name": "Easton Capital",
         "permalink": "easton-capital"},
       "person": null}]},
   {"id": 5569,
    "round_code": "b",
    "source_url": "http://www.achronix.com/",
    "source_description": "Achronix Completes First Close of $52 Million Series B Preferred Stock Financing",
    "raised_amount": 52000000.0,
    "raised_currency_code": "USD",
    "funded_year": 2008,
    "funded_month": 10,
    "funded_day": 15,
    "investments":
     [{"company": null,
       "financial_org":
        {"name": "Battery Ventures",
         "permalink": "battery-ventures"},
       "person": null},
      {"company": null,
       "financial_org":
        {"name": "New Science Ventures",
         "permalink": "new-science-ventures"},
       "person": null},
      {"company": null,
       "financial_org":
        {"name": "Entrepia Ventures",
         "permalink": "entrepia-ventures"},
       "person": null},
      {"company": null,
       "financial_org":
        {"name": "Easton Capital",
         "permalink": "easton-capital"},
       "person": null},
      {"company": null,
       "financial_org":
        {"name": "Argonaut Partners",
         "permalink": "argonaut-partners"},
       "person": null}]},
   {"id": 21716,
    "round_code": "c",
    "source_url": "http://www.achronix.com/component/content/article/51-news/155-series-c-funding.html",
    "source_description": "ACHRONIX COMPLETES FIRST CLOSE OF OVERSUBSCRIBED $45 MILLION SERIES C MEZZANINE FINANCING",
    "raised_amount": 45000000.0,
    "raised_currency_code": "USD",
    "funded_year": 2011,
    "funded_month": 3,
    "funded_day": 1,
    "investments":
     []},
   {"id": 38982,
    "round_code": "debt_round",
    "source_url": "http://www.sec.gov/Archives/edgar/data/1388951/000138895113000001/xslFormDX01/primary_doc.xml",
    "source_description": "SEC",
    "raised_amount": 3533827.0,
    "raised_currency_code": "USD",
    "funded_year": 2013,
    "funded_month": 4,
    "funded_day": 9,
    "investments":
     []},
   {"id": 44271,
    "round_code": "partial",
    "source_url": "http://www.gslb.cleanrooms.com/index/display/semi-wire-news-display/1717812687.html",
    "source_description": "Achronix Semiconductor raises $9.84 million in private offering",
    "raised_amount": 9842436.0,
    "raised_currency_code": "USD",
    "funded_year": 2012,
    "funded_month": 8,
    "funded_day": 1,
    "investments":
     [{"company": null,
       "financial_org":
        {"name": "Argonaut Partners",
         "permalink": "argonaut-partners"},
       "person": null},
      {"company": null,
       "financial_org":
        {"name": "Easton Capital",
         "permalink": "easton-capital"},
       "person": null},
      {"company": null,
       "financial_org":
        {"name": "New Science Ventures",
         "permalink": "new-science-ventures"},
       "person": null}]}],
 "investments":
  [],
 "acquisition": null,
 "acquisitions":
  [],
 "offices":
  [{"description": "HQ",
    "address1": "2953",
    "address2": "Bunker Hill Lane",
    "zip_code": "95054",
    "city": "Santa Clara",
    "state_code": "CA",
    "country_code": "USA",
    "latitude": 37.328686,
    "longitude": -121.89426}],
 "milestones":
  [],
 "ipo": null,
 "video_embeds":
  [],
 "screenshots":
  [{"available_sizes":
     [[[150,
        147],
       "http://api-images.crunchbase.com/assets/images/resized/0007/6608/76608v1-max-150x150.jpg"],
      [[250,
        246],
       "http://api-images.crunchbase.com/assets/images/resized/0007/6608/76608v1-max-250x250.jpg"],
      [[450,
        442],
       "http://api-images.crunchbase.com/assets/images/resized/0007/6608/76608v1-max-450x450.jpg"]],
    "attribution": null}],
 "external_links":
  [],
 "partners":
  []}
