{"name": "Acme Scale Systems",
 "permalink": "acme-scale-systems",
 "crunchbase_url": "http://www.crunchbase.com/company/acme-scale-systems",
 "homepage_url": "http://www.acmescalesystems.com",
 "blog_url": "",
 "blog_feed_url": "",
 "twitter_username": null,
 "category_code": "enterprise",
 "number_of_employees": 100,
 "founded_year": 1909,
 "founded_month": 1,
 "founded_day": 1,
 "deadpooled_year": null,
 "deadpooled_month": null,
 "deadpooled_day": null,
 "deadpooled_url": null,
 "tag_list": "acme-scale, bench-scale, scale-systems, crane-scale, baggage-scale, floor-scale, industry-scale",
 "alias_list": null,
 "email_address": "acmescalesystems@gmail.com",
 "phone_number": "8474219821",
 "description": "Acme Scale",
 "created_at": "Tue May 19 09:32:12 UTC 2009",
 "updated_at": "Mon Apr 21 11:55:28 UTC 2014",
 "overview": "\u003Cp\u003EAcme Scale Systems builds all types of weighing systems, realizing new ways to meet evolving challenges. With the transition from mechanical to electronic devices, Acme grew as a supplier of in-stock industrial scales and balances.\u003C/p\u003E",
 "image":
  {"available_sizes":
    [[[150,
       45],
      "http://api-images.crunchbase.com/assets/images/resized/0004/4593/44593v2-max-150x150.jpg"],
     [[250,
       76],
      "http://api-images.crunchbase.com/assets/images/resized/0004/4593/44593v2-max-250x250.jpg"],
     [[350,
       107],
      "http://api-images.crunchbase.com/assets/images/resized/0004/4593/44593v2-max-450x450.jpg"]],
   "attribution": null},
 "products":
  [],
 "relationships":
  [],
 "competitions":
  [],
 "providerships":
  [],
 "total_money_raised": "$0",
 "funding_rounds":
  [],
 "investments":
  [],
 "acquisition": null,
 "acquisitions":
  [],
 "offices":
  [{"description": "",
    "address1": "",
    "address2": "1100 N. Villa Ave",
    "zip_code": "60181",
    "city": "Villa Park",
    "state_code": "IL",
    "country_code": "USA",
    "latitude": null,
    "longitude": null}],
 "milestones":
  [],
 "ipo": null,
 "video_embeds":
  [],
 "screenshots":
  [{"available_sizes":
     [[[150,
        69],
       "http://api-images.crunchbase.com/assets/images/resized/0045/7476/457476v1-max-150x150.png"],
      [[250,
        115],
       "http://api-images.crunchbase.com/assets/images/resized/0045/7476/457476v1-max-250x250.png"],
      [[450,
        207],
       "http://api-images.crunchbase.com/assets/images/resized/0045/7476/457476v1-max-450x450.png"]],
    "attribution": null}],
 "external_links":
  [],
 "partners":
  []}
