{"name": "ACOM Solutions",
 "permalink": "acom-solutions",
 "crunchbase_url": "http://www.crunchbase.com/company/acom-solutions",
 "homepage_url": "http://www.acom.com",
 "blog_url": "http://www.acom.com/blog/",
 "blog_feed_url": "",
 "twitter_username": "ACOMDocMgmt",
 "category_code": "software",
 "number_of_employees": null,
 "founded_year": 1983,
 "founded_month": null,
 "founded_day": null,
 "deadpooled_year": null,
 "deadpooled_month": null,
 "deadpooled_day": null,
 "deadpooled_url": null,
 "tag_list": "",
 "alias_list": "",
 "email_address": "",
 "phone_number": "562-424-7899",
 "description": "Document Management software systems",
 "created_at": "Wed Jun 10 10:50:10 UTC 2009",
 "updated_at": "Fri Nov 29 10:01:34 UTC 2013",
 "overview": "\u003Cp\u003EACOM Solutions, Inc. develops, implements, and markets modular software systems that provide document output and management, corporate payments, and B2B EDI/XML e-commerce for accounting/financial markets. It offers EZContentManager, an electronic document management system that provides Web-based storage, management, and distribution of organization\u00e2\u20ac\u2122s documents/content/records; and EZeDocs, a document output management solution that enables organizations to automate the exchange of business documents between customers, business partners, and suppliers by formatting, routing, and archiving. The company also offers payment solutions, including corporate automation payment software; EDI/XML software solutions for B2B eCommerce; enterprise report management tools; MICR check printing solutions; and folder/sealer post-processing equipment. It has a strategic partnership with Xerox, IBM, and Microsoft. \u003C/p\u003E\n\n\u003Cp\u003EThe company was founded in 1983 and is headquartered in Long Beach, California with a software division in Duluth, Georgia. bla bla\u003C/p\u003E",
 "image":
  {"available_sizes":
    [[[91,
       39],
      "http://api-images.crunchbase.com/assets/images/resized/0006/4457/64457v1-max-150x150.jpg"],
     [[91,
       39],
      "http://api-images.crunchbase.com/assets/images/resized/0006/4457/64457v1-max-250x250.jpg"],
     [[91,
       39],
      "http://api-images.crunchbase.com/assets/images/resized/0006/4457/64457v1-max-450x450.jpg"]],
   "attribution": null},
 "products":
  [],
 "relationships":
  [{"is_past": false,
    "title": "Founder and Chairman",
    "person":
     {"first_name": "Edward",
      "last_name": "J. Kennedy",
      "permalink": "edward-j-kennedy"}},
   {"is_past": false,
    "title": "President and Chief Executive Officer",
    "person":
     {"first_name": "Patrick",
      "last_name": "McMahon",
      "permalink": "patrick-mcmahon"}},
   {"is_past": false,
    "title": "Senior Vice President General Manager, Core Business Division",
    "person":
     {"first_name": "James",
      "last_name": "R. Scott",
      "permalink": "james-r-scott"}}],
 "competitions":
  [],
 "providerships":
  [],
 "total_money_raised": "$0",
 "funding_rounds":
  [],
 "investments":
  [],
 "acquisition": null,
 "acquisitions":
  [],
 "offices":
  [{"description": "HQ",
    "address1": "2850 East 29th Street",
    "address2": "",
    "zip_code": "90806-2313",
    "city": "Long Beach",
    "state_code": "CA",
    "country_code": "USA",
    "latitude": null,
    "longitude": null}],
 "milestones":
  [{"id": 43473,
    "description": "ACOM Health RAPID ranked #9 for medical practice management software.",
    "stoned_year": 2013,
    "stoned_month": 11,
    "stoned_day": 26,
    "source_url": "http://www.medicalassistantonlineprograms.org/best-medical-practice-management-software/",
    "source_text": null,
    "source_description": "Top 25 Medical Practice Management Software 2013",
    "stoneable_type": "Company",
    "stoned_value": null,
    "stoned_value_type": null,
    "stoned_acquirer": null,
    "stoneable":
     {"name": "ACOM Solutions",
      "permalink": "acom-solutions"}}],
 "ipo": null,
 "video_embeds":
  [],
 "screenshots":
  [{"available_sizes":
     [[[150,
        127],
       "http://api-images.crunchbase.com/assets/images/resized/0006/8572/68572v2-max-150x150.png"],
      [[250,
        212],
       "http://api-images.crunchbase.com/assets/images/resized/0006/8572/68572v2-max-250x250.png"],
      [[450,
        382],
       "http://api-images.crunchbase.com/assets/images/resized/0006/8572/68572v2-max-450x450.png"]],
    "attribution": null}],
 "external_links":
  [],
 "partners":
  []}
