{"name": "aCon",
 "permalink": "acon",
 "crunchbase_url": "http://www.crunchbase.com/company/acon",
 "homepage_url": "http://www.acon.dk",
 "blog_url": "",
 "blog_feed_url": "",
 "twitter_username": null,
 "category_code": "hardware",
 "number_of_employees": null,
 "founded_year": 2003,
 "founded_month": null,
 "founded_day": null,
 "deadpooled_year": null,
 "deadpooled_month": null,
 "deadpooled_day": null,
 "deadpooled_url": null,
 "tag_list": "",
 "alias_list": "",
 "email_address": "adm@acon.dk",
 "phone_number": "45-7343-6500",
 "description": "kiosk terminals for retail businesses",
 "created_at": "Thu Jul 02 03:29:00 UTC 2009",
 "updated_at": "Mon Sep 13 18:20:02 UTC 2010",
 "overview": "\u003Cp\u003EaCon was founded in 2003 by Allan Kaczmarek. The idea was to develop kiosk terminals for retail businesses. Production and development started in his father\u00e2\u20ac\u2122s garage but within long the business was moved to better facilities at Danfoss A/S in Nordborg, Denmark. In 2004, the company bid on an assignment for PostDanmark. PostDanmark wanted a self-service solution by means of a self-service mini post office.\u003C/p\u003E",
 "image":
  {"available_sizes":
    [[[150,
       65],
      "http://api-images.crunchbase.com/assets/images/resized/0005/1605/51605v1-max-150x150.jpg"],
     [[151,
       66],
      "http://api-images.crunchbase.com/assets/images/resized/0005/1605/51605v1-max-250x250.jpg"],
     [[151,
       66],
      "http://api-images.crunchbase.com/assets/images/resized/0005/1605/51605v1-max-450x450.jpg"]],
   "attribution": null},
 "products":
  [],
 "relationships":
  [],
 "competitions":
  [],
 "providerships":
  [],
 "total_money_raised": "$2M",
 "funding_rounds":
  [{"id": 7117,
    "round_code": "unattributed",
    "source_url": "http://www.inventurecapital.dk/nyhedsvisning.asp?AjrNws=58",
    "source_description": "IT Firm aCon that started in a basement with the entrepreneur behind, succeed to get 6 million DKK ",
    "raised_amount": 1050000.0,
    "raised_currency_code": "USD",
    "funded_year": 2009,
    "funded_month": 3,
    "funded_day": 2,
    "investments":
     [{"company": null,
       "financial_org":
        {"name": "Inventure Capital",
         "permalink": "inventure-capital"},
       "person": null}]},
   {"id": 15362,
    "round_code": "unattributed",
    "source_url": "",
    "source_description": "EDGAR",
    "raised_amount": 550000.0,
    "raised_currency_code": "USD",
    "funded_year": 2007,
    "funded_month": 4,
    "funded_day": 25,
    "investments":
     [{"company": null,
       "financial_org":
        {"name": "Syddansk Venture",
         "permalink": "syddansk-venture"},
       "person": null}]},
   {"id": 18274,
    "round_code": "unattributed",
    "source_url": "",
    "source_description": "EDGAR",
    "raised_amount": 398000.0,
    "raised_currency_code": "USD",
    "funded_year": 2005,
    "funded_month": 12,
    "funded_day": 28,
    "investments":
     [{"company": null,
       "financial_org":
        {"name": "Syddansk Venture",
         "permalink": "syddansk-venture"},
       "person": null}]}],
 "investments":
  [],
 "acquisition": null,
 "acquisitions":
  [],
 "offices":
  [{"description": "HQ",
    "address1": "Augustenborg Landevej 7",
    "address2": "",
    "zip_code": "DK - 6400",
    "city": "Soenderborg",
    "state_code": null,
    "country_code": "DNK",
    "latitude": 54.9201429,
    "longitude": 9.8114974}],
 "milestones":
  [],
 "ipo": null,
 "video_embeds":
  [],
 "screenshots":
  [{"available_sizes":
     [[[150,
        103],
       "http://api-images.crunchbase.com/assets/images/resized/0005/1606/51606v1-max-150x150.jpg"],
      [[250,
        172],
       "http://api-images.crunchbase.com/assets/images/resized/0005/1606/51606v1-max-250x250.jpg"],
      [[450,
        310],
       "http://api-images.crunchbase.com/assets/images/resized/0005/1606/51606v1-max-450x450.jpg"]],
    "attribution": null}],
 "external_links":
  [],
 "partners":
  []}
