{"name": "Acopia Networks",
 "permalink": "acopia-networks",
 "crunchbase_url": "http://www.crunchbase.com/company/acopia-networks",
 "homepage_url": null,
 "blog_url": "",
 "blog_feed_url": "",
 "twitter_username": null,
 "category_code": "software",
 "number_of_employees": null,
 "founded_year": 2002,
 "founded_month": null,
 "founded_day": null,
 "deadpooled_year": null,
 "deadpooled_month": null,
 "deadpooled_day": null,
 "deadpooled_url": null,
 "tag_list": null,
 "alias_list": "",
 "email_address": "",
 "phone_number": "978-513-2900",
 "description": "",
 "created_at": "Tue Jan 27 21:11:36 UTC 2009",
 "updated_at": "Tue May 11 11:41:45 UTC 2010",
 "overview": "\u003Cp\u003EAcopia Networks provides intelligent file virtualization solutions. It offers Acopia ARX series intelligent file virtualization devices that automate data management tasks and eliminates the disruption associated with storage management operations; and FreedomFabric network operating system software, which allows enterprises to manage unstructured file data by automating various storage management tasks and eliminating the disruptions associated with those tasks.\u003C/p\u003E",
 "image":
  {"available_sizes":
    [[[150,
       44],
      "http://api-images.crunchbase.com/assets/images/resized/0003/4943/34943v1-max-150x150.png"],
     [[163,
       48],
      "http://api-images.crunchbase.com/assets/images/resized/0003/4943/34943v1-max-250x250.png"],
     [[163,
       48],
      "http://api-images.crunchbase.com/assets/images/resized/0003/4943/34943v1-max-450x450.png"]],
   "attribution": null},
 "products":
  [],
 "relationships":
  [{"is_past": true,
    "title": "Chairman",
    "person":
     {"first_name": "Cheng",
      "last_name": "Wu",
      "permalink": "cheng-wu"}},
   {"is_past": true,
    "title": "President \u0026 CEO",
    "person":
     {"first_name": "Christopher",
      "last_name": "Lynch",
      "permalink": "christopher-lynch"}},
   {"is_past": true,
    "title": "Board Member",
    "person":
     {"first_name": "Bruce",
      "last_name": "Sachs",
      "permalink": "bruce-sachs"}},
   {"is_past": true,
    "title": "investments",
    "person":
     {"first_name": "Peter",
      "last_name": "Wagner",
      "permalink": "peter-wagner"}}],
 "competitions":
  [],
 "providerships":
  [],
 "total_money_raised": "$20M",
 "funding_rounds":
  [{"id": 15500,
    "round_code": "unattributed",
    "source_url": "http://www.thefreelibrary.com/Acopia+Networks+Closes+Record+Quarter;+Secures+Additional+$20+Million...-a0147199556",
    "source_description": "Acopia Networks Closes Record Quarter; Secures Additional $20 Million in Venture Funding.",
    "raised_amount": 20000000.0,
    "raised_currency_code": "USD",
    "funded_year": 2006,
    "funded_month": 6,
    "funded_day": 19,
    "investments":
     [{"company": null,
       "financial_org":
        {"name": "Meritech Capital Partners",
         "permalink": "meritech-capital-partners"},
       "person": null},
      {"company": null,
       "financial_org":
        {"name": "Accel Partners",
         "permalink": "accel-partners"},
       "person": null},
      {"company": null,
       "financial_org":
        {"name": "Charles River Ventures",
         "permalink": "charles-river-ventures"},
       "person": null},
      {"company": null,
       "financial_org":
        {"name": "Goldman Sachs",
         "permalink": "goldman-sachs"},
       "person": null},
      {"company": null,
       "financial_org":
        {"name": "Star Ventures",
         "permalink": "star-ventures"},
       "person": null},
      {"company": null,
       "financial_org":
        {"name": "Vesbridge Partners",
         "permalink": "vesbridge-partners"},
       "person": null}]}],
 "investments":
  [],
 "acquisition":
  {"price_amount": 210000000.0,
   "price_currency_code": "USD",
   "term_code": "cash",
   "source_url": "http://www.thealarmclock.com/mt/archives/2007/08/f5_to_pay_210m.html",
   "source_description": "F5 To Pay $210M For File Virtualization's Acopia",
   "acquired_year": 2007,
   "acquired_month": 8,
   "acquired_day": 6,
   "acquiring_company":
    {"name": "F5 Networks",
     "permalink": "f5-networks"}},
 "acquisitions":
  [],
 "offices":
  [{"description": "",
    "address1": "41 Wellman Street",
    "address2": "",
    "zip_code": "01851",
    "city": "Lowell",
    "state_code": "MA",
    "country_code": "USA",
    "latitude": null,
    "longitude": null}],
 "milestones":
  [],
 "ipo": null,
 "video_embeds":
  [],
 "screenshots":
  [],
 "external_links":
  [],
 "partners":
  []}
