{"name": "Acorn Energy",
 "permalink": "acorn-energy",
 "crunchbase_url": "http://www.crunchbase.com/company/acorn-energy",
 "homepage_url": "http://www.acornenergy.com",
 "blog_url": "",
 "blog_feed_url": "",
 "twitter_username": null,
 "category_code": "cleantech",
 "number_of_employees": null,
 "founded_year": null,
 "founded_month": null,
 "founded_day": null,
 "deadpooled_year": null,
 "deadpooled_month": null,
 "deadpooled_day": null,
 "deadpooled_url": null,
 "tag_list": null,
 "alias_list": "",
 "email_address": "",
 "phone_number": "",
 "description": "",
 "created_at": "Mon Jun 15 21:15:51 UTC 2009",
 "updated_at": "Tue Aug 02 06:06:27 UTC 2011",
 "overview": "\u003Cp\u003EAcorn Energy is a publicly traded holding company with equity interests in CoaLogix, Comverge, Coreworx, DSIT and Gridsense. These companies leverage advanced technologies to transform and upgrade the energy infrastructure around the world. Acorn companies are focused on three problems in the energy sector: improving the efficiency of the energy grid, reducing the risk for owners of large energy assets, and reducing the environmental impact of the energy sector. Acorn\u0026#8217;s strategy is to take primarily controlling positions in companies led by great entrepreneurs.\u003C/p\u003E",
 "image":
  {"available_sizes":
    [[[150,
       36],
      "http://api-images.crunchbase.com/assets/images/resized/0007/4555/74555v1-max-150x150.jpg"],
     [[250,
       60],
      "http://api-images.crunchbase.com/assets/images/resized/0007/4555/74555v1-max-250x250.jpg"],
     [[338,
       82],
      "http://api-images.crunchbase.com/assets/images/resized/0007/4555/74555v1-max-450x450.jpg"]],
   "attribution": null},
 "products":
  [],
 "relationships":
  [{"is_past": true,
    "title": "Board of Directors",
    "person":
     {"first_name": "Mannie",
      "last_name": "Jackson",
      "permalink": "mannie-jackson"}}],
 "competitions":
  [],
 "providerships":
  [],
 "total_money_raised": "$0",
 "funding_rounds":
  [],
 "investments":
  [{"funding_round":
     {"round_code": "unattributed",
      "source_url": "http://green.venturebeat.com/2009/04/14/coalogix-fires-up-clean-coal-efforts-with-new-115m/",
      "source_description": "CoaLogix fires up clean coal efforts with new $11.5M",
      "raised_amount": 11500000.0,
      "raised_currency_code": "USD",
      "funded_year": 2009,
      "funded_month": 4,
      "funded_day": 14,
      "company":
       {"name": "CoaLogix",
        "permalink": "coalogix"}}}],
 "acquisition": null,
 "acquisitions":
  [],
 "offices":
  [],
 "milestones":
  [{"id": 3547,
    "description": "Acorn Energy, Inc. (NasdaqGM: ACFN) entered into a binding letter of intent to acquire remaining 69% stake in Viridis Energy Inc. ",
    "stoned_year": 2009,
    "stoned_month": 11,
    "stoned_day": 4,
    "source_url": "http://investing.businessweek.com/research/stocks/transactions/transactions.asp?symbol=DS1:GR",
    "source_text": "",
    "source_description": "Acorn Energy, Inc. (NasdaqGM: ACFN) entered into a binding letter of intent to acquire remaining 69% stake in Viridis Energy Inc.",
    "stoneable_type": "Company",
    "stoned_value": null,
    "stoned_value_type": null,
    "stoned_acquirer": null,
    "stoneable":
     {"name": "Acorn Energy",
      "permalink": "acorn-energy"}},
   {"id": 16894,
    "description": "Acorn Energy To Sell CoaLogix For $101M To Energy Capital ",
    "stoned_year": 2011,
    "stoned_month": 8,
    "stoned_day": 1,
    "source_url": "https://www.fis.dowjones.com/article.aspx?ProductIDFromApplication=32\u0026aid=DJFVW00020110801e782000dx\u0026r=Rss\u0026s=DJFVW",
    "source_text": "",
    "source_description": "Acorn Energy To Sell CoaLogix For $101M To Energy Capital ",
    "stoneable_type": "Company",
    "stoned_value": null,
    "stoned_value_type": null,
    "stoned_acquirer": null,
    "stoneable":
     {"name": "Acorn Energy",
      "permalink": "acorn-energy"}}],
 "ipo":
  {"valuation_amount": null,
   "valuation_currency_code": "USD",
   "pub_year": null,
   "pub_month": null,
   "pub_day": null,
   "stock_symbol": "NASDAQ:ACFN"},
 "video_embeds":
  [],
 "screenshots":
  [],
 "external_links":
  [],
 "partners":
  []}
