{"name": "acrossair",
 "permalink": "acrossair",
 "crunchbase_url": "http://www.crunchbase.com/company/acrossair",
 "homepage_url": "http://www.acrossair.com",
 "blog_url": "",
 "blog_feed_url": "",
 "twitter_username": "acrossair",
 "category_code": "mobile",
 "number_of_employees": 6,
 "founded_year": 2009,
 "founded_month": 1,
 "founded_day": null,
 "deadpooled_year": null,
 "deadpooled_month": null,
 "deadpooled_day": null,
 "deadpooled_url": null,
 "tag_list": "iphone, games, augmented-reality",
 "alias_list": null,
 "email_address": "contactus@acrossair.com",
 "phone_number": "+442076326930",
 "description": "iPhone app house",
 "created_at": "Sat Jul 11 01:56:22 UTC 2009",
 "updated_at": "Sat Apr 21 10:25:33 UTC 2012",
 "overview": "\u003Cp\u003EiPhone development house that launched the most used iPhone app in the UK, TVGuide.co.uk and augmented reality apps for finding the nearest subway/tube station for major cities around the world.\u003C/p\u003E",
 "image":
  {"available_sizes":
    [[[150,
       36],
      "http://api-images.crunchbase.com/assets/images/resized/0005/2574/52574v2-max-150x150.jpg"],
     [[223,
       55],
      "http://api-images.crunchbase.com/assets/images/resized/0005/2574/52574v2-max-250x250.jpg"],
     [[223,
       55],
      "http://api-images.crunchbase.com/assets/images/resized/0005/2574/52574v2-max-450x450.jpg"]],
   "attribution": null},
 "products":
  [{"name": "Nearest Tube",
    "permalink": "nearest-tube"},
   {"name": "NY Nearest Subway",
    "permalink": "ny-nearest-subway"},
   {"name": "Fruit Loons",
    "permalink": "fruit-loons"}],
 "relationships":
  [{"is_past": false,
    "title": "Co-founder",
    "person":
     {"first_name": "Ravi",
      "last_name": "Damani",
      "permalink": "ravi-damani"}},
   {"is_past": false,
    "title": "Co-founder",
    "person":
     {"first_name": "Chetan",
      "last_name": "Damani",
      "permalink": "chetan-damani"}},
   {"is_past": false,
    "title": "US New Business",
    "person":
     {"first_name": "Adam",
      "last_name": "Carey",
      "permalink": "adam-carey"}}],
 "competitions":
  [],
 "providerships":
  [],
 "total_money_raised": "$0",
 "funding_rounds":
  [],
 "investments":
  [],
 "acquisition": null,
 "acquisitions":
  [],
 "offices":
  [{"description": "198 High Holborn",
    "address1": "",
    "address2": "",
    "zip_code": "WC1V 7BD",
    "city": "London",
    "state_code": null,
    "country_code": "GBR",
    "latitude": 51.5177425,
    "longitude": -0.1165365}],
 "milestones":
  [],
 "ipo": null,
 "video_embeds":
  [],
 "screenshots":
  [{"available_sizes":
     [[[150,
        112],
       "http://api-images.crunchbase.com/assets/images/resized/0005/2573/52573v2-max-150x150.jpg"],
      [[250,
        187],
       "http://api-images.crunchbase.com/assets/images/resized/0005/2573/52573v2-max-250x250.jpg"],
      [[450,
        337],
       "http://api-images.crunchbase.com/assets/images/resized/0005/2573/52573v2-max-450x450.jpg"]],
    "attribution": null}],
 "external_links":
  [{"external_url": "http://digital.venturebeat.com/2009/07/10/augmented-reality-subway-finding-app-comes-to-ny-sf/",
    "title": "Augmented Reality App Comes to NY"},
   {"external_url": "http://crave.cnet.co.uk/mobiles/0,39029453,49302880,00.htm",
    "title": "Nearest Tube app makes iPhone reality better than real reality"},
   {"external_url": "http://www.thisislondon.co.uk/standard/article-23717390-details/iPhone+that+shows+you+the+closest+Tube/article.do",
    "title": "iPhone that shows you the closest Tube"},
   {"external_url": "http://gizmodo.com/5308705/nearest-tube-iphone-app-adds-digital-directions-to-your-surroundings",
    "title": "Nearest Tube iPhone App Adds Digital Directions to Your Surroundings"}],
 "partners":
  []}
