{"name": "Across Systems",
 "permalink": "across-systems",
 "crunchbase_url": "http://www.crunchbase.com/company/across-systems",
 "homepage_url": "http://www.across.net",
 "blog_url": "",
 "blog_feed_url": "",
 "twitter_username": "Across_Systems",
 "category_code": "software",
 "number_of_employees": 60,
 "founded_year": 2005,
 "founded_month": null,
 "founded_day": null,
 "deadpooled_year": null,
 "deadpooled_month": null,
 "deadpooled_day": null,
 "deadpooled_url": null,
 "tag_list": "business-intelligence, translation, translation-workflow, translation-memory, terminology-management, content-management-systems, document-management, linguistic-supply-chain, language-resources, multilingual-content, knowledge-management",
 "alias_list": "",
 "email_address": "international@across.net",
 "phone_number": "+1-877-922-7677; intl. +49-7248-925-469",
 "description": "Translation mgmt software developer ",
 "created_at": "Wed Mar 04 22:34:09 UTC 2009",
 "updated_at": "Sat May 25 14:40:09 UTC 2013",
 "overview": "\u003Cp\u003EAcross Systems is the developer of translation management software technology that assists companies to manage all corporate language resources and efficiently provide multilingual versions of company, product and marketing documentation.\u003C/p\u003E\n\n\u003Cp\u003EThe core Across product is the Across Language Server, which serves as a central platform for language resources and translation processes within a company. It provides a singular work environment where all project management functionality, knowledge resources, and personnel, both internal and outsourced, are integrated seamlessly in a continuous, linguistic supply chain.   \u003C/p\u003E\n\n\u003Cp\u003ECommunicating diverse content in a variety of languages is a daily challenge for industry and trade enterprises, as well as for the localization service providers who support translation for the international marketplace. Across Language Server creates efficiencies, improves accuracy and increases productivity for this critical function. \u003C/p\u003E\n\n\u003Cp\u003EIn just a few years, Across Systems has become one of the leading corporate translation management software providers, having granted more than 500 server licenses and 10,000 client licenses worldwide. Clients include Volkswagen, Wilcox Metrology, Siemens and SMA Solar Technology, among others. Functionally, Across is well equipped to capitalize on the growing trend of Web-based applications and to anticipate the convergence of editorial and translation systems. \u003C/p\u003E",
 "image":
  {"available_sizes":
    [[[150,
       57],
      "http://api-images.crunchbase.com/assets/images/resized/0003/7369/37369v3-max-150x150.png"],
     [[177,
       68],
      "http://api-images.crunchbase.com/assets/images/resized/0003/7369/37369v3-max-250x250.png"],
     [[177,
       68],
      "http://api-images.crunchbase.com/assets/images/resized/0003/7369/37369v3-max-450x450.png"]],
   "attribution": null},
 "products":
  [],
 "relationships":
  [{"is_past": false,
    "title": "CEO",
    "person":
     {"first_name": "Niko",
      "last_name": "Henschen",
      "permalink": "niko-henschen"}},
   {"is_past": false,
    "title": "CTO",
    "person":
     {"first_name": "Stefan",
      "last_name": "Kreckwitz",
      "permalink": "stefan-kreckwitz"}},
   {"is_past": false,
    "title": "Chief Sales Officer",
    "person":
     {"first_name": "Christian",
      "last_name": "Weih",
      "permalink": "christian-weih"}},
   {"is_past": false,
    "title": "President, Across Systems, Inc.",
    "person":
     {"first_name": "Daniel",
      "last_name": "Nackovski",
      "permalink": "daniel-nackovski"}},
   {"is_past": true,
    "title": "Regional Sales Manager Scandinavia",
    "person":
     {"first_name": "Daniel",
      "last_name": "Nackovski",
      "permalink": "daniel-nackovski"}}],
 "competitions":
  [{"competitor":
     {"name": "SDL International",
      "permalink": "sdl-international"}}],
 "providerships":
  [],
 "total_money_raised": "$0",
 "funding_rounds":
  [],
 "investments":
  [],
 "acquisition": null,
 "acquisitions":
  [],
 "offices":
  [{"description": "Across Systems, Inc.",
    "address1": "431 N. Brand Blvd., Suite 308",
    "address2": "",
    "zip_code": "91203",
    "city": "Glendale",
    "state_code": "CA",
    "country_code": "USA",
    "latitude": 34.1527593,
    "longitude": -118.2551},
   {"description": "Regional Sales Office",
    "address1": "2263 Spencerport Rd",
    "address2": "",
    "zip_code": "14606",
    "city": "Rochester",
    "state_code": "NY",
    "country_code": "USA",
    "latitude": 43.17742,
    "longitude": -77.7514},
   {"description": "Across Systems GmbH",
    "address1": "Im St\u00c3\u00b6ckmaedle 13-15",
    "address2": "",
    "zip_code": "76307",
    "city": "Karlsbad",
    "state_code": null,
    "country_code": "DEU",
    "latitude": 48.8838843,
    "longitude": 8.5093142}],
 "milestones":
  [],
 "ipo": null,
 "video_embeds":
  [],
 "screenshots":
  [{"available_sizes":
     [[[150,
        112],
       "http://api-images.crunchbase.com/assets/images/resized/0003/7366/37366v2-max-150x150.jpg"],
      [[250,
        187],
       "http://api-images.crunchbase.com/assets/images/resized/0003/7366/37366v2-max-250x250.jpg"],
      [[450,
        337],
       "http://api-images.crunchbase.com/assets/images/resized/0003/7366/37366v2-max-450x450.jpg"]],
    "attribution": null},
   {"available_sizes":
     [[[150,
        110],
       "http://api-images.crunchbase.com/assets/images/resized/0003/7367/37367v2-max-150x150.jpg"],
      [[250,
        183],
       "http://api-images.crunchbase.com/assets/images/resized/0003/7367/37367v2-max-250x250.jpg"],
      [[450,
        330],
       "http://api-images.crunchbase.com/assets/images/resized/0003/7367/37367v2-max-450x450.jpg"]],
    "attribution": null},
   {"available_sizes":
     [[[150,
        112],
       "http://api-images.crunchbase.com/assets/images/resized/0003/7368/37368v2-max-150x150.jpg"],
      [[250,
        187],
       "http://api-images.crunchbase.com/assets/images/resized/0003/7368/37368v2-max-250x250.jpg"],
      [[450,
        337],
       "http://api-images.crunchbase.com/assets/images/resized/0003/7368/37368v2-max-450x450.jpg"]],
    "attribution": null}],
 "external_links":
  [{"external_url": "http://en.wikipedia.org/wiki/Across_Systems",
    "title": "Wikipedia- Across Systems"},
   {"external_url": "http://www.itexaminer.com/across-and-iai-launch-integrated-translation-software.aspx",
    "title": "Across and IAI launch integrated translation software"}],
 "partners":
  []}
