{"name": "ACT Biotech",
 "permalink": "act-biotech",
 "crunchbase_url": "http://www.crunchbase.com/company/act-biotech",
 "homepage_url": "http://www.actbiotech.com",
 "blog_url": "",
 "blog_feed_url": "",
 "twitter_username": null,
 "category_code": "biotech",
 "number_of_employees": null,
 "founded_year": 2008,
 "founded_month": null,
 "founded_day": null,
 "deadpooled_year": null,
 "deadpooled_month": null,
 "deadpooled_day": null,
 "deadpooled_url": null,
 "tag_list": "biotech, development, cancer, drugs, medical, stealth, bayer, treatment, act-biotech, oral, pharmaceuticals",
 "alias_list": "",
 "email_address": "administrator@actbiotech.com",
 "phone_number": "415-230-3900",
 "description": "Cancer management",
 "created_at": "Sat Jun 06 14:27:12 UTC 2009",
 "updated_at": "Mon Dec 30 11:45:13 UTC 2013",
 "overview": "\u003Cp\u003EACT Biotech is uniquely positioned to bring innovative therapies to bear in managing cancer, especially in underserved disease sectors where patient need is acute. The Company\u00e2\u20ac\u2122s advantages include a seasoned, international leadership team, unmatched expertise in clinical development and commercialization, and an exceptional portfolio of pre-clinical drug candidates. ACT has launched an aggressive, focused development strategy designed to accelerate delivery of therapeutic tools to respond to the needs of cancer patients. The Company\u00e2\u20ac\u2122s strength and stability provide unique opportunities for corporate partnerships to help advance its portfolio of promising, validated drug compounds.\u003C/p\u003E",
 "image":
  {"available_sizes":
    [[[100,
       25],
      "http://api-images.crunchbase.com/assets/images/resized/0004/7119/47119v1-max-150x150.png"],
     [[100,
       25],
      "http://api-images.crunchbase.com/assets/images/resized/0004/7119/47119v1-max-250x250.png"],
     [[100,
       25],
      "http://api-images.crunchbase.com/assets/images/resized/0004/7119/47119v1-max-450x450.png"]],
   "attribution": null},
 "products":
  [],
 "relationships":
  [{"is_past": false,
    "title": "CEO",
    "person":
     {"first_name": "Wolf",
      "last_name": "D. Busse",
      "permalink": "wolf-d-busse"}},
   {"is_past": false,
    "title": "President and CEO",
    "person":
     {"first_name": "Bernard",
      "last_name": "Peperstraete",
      "permalink": "bernard-peperstraete"}},
   {"is_past": false,
    "title": "Board of Directors",
    "person":
     {"first_name": "Nils",
      "last_name": "Behnke",
      "permalink": "nils-behnke"}},
   {"is_past": false,
    "title": "Board of Directors",
    "person":
     {"first_name": "John",
      "last_name": "R. Costantino",
      "permalink": "john-r-costantino"}},
   {"is_past": true,
    "title": "Chief Operating and Scientific Officer",
    "person":
     {"first_name": "Ali",
      "last_name": "Fattaey",
      "permalink": "ali-fattaey"}}],
 "competitions":
  [],
 "providerships":
  [],
 "total_money_raised": "$27M",
 "funding_rounds":
  [{"id": 6363,
    "round_code": "a",
    "source_url": "http://sec.gov/Archives/edgar/vprr/08/9999999997-08-023635",
    "source_description": "SEC D",
    "raised_amount": 6567000.0,
    "raised_currency_code": "USD",
    "funded_year": 2008,
    "funded_month": 5,
    "funded_day": 6,
    "investments":
     [{"company": null,
       "financial_org":
        {"name": "NGN Capital",
         "permalink": "ngn-capital"},
       "person": null}]},
   {"id": 11106,
    "round_code": "unattributed",
    "source_url": "http://sec.gov/Archives/edgar/data/1434913/000143491309000003/0001434913-09-000003-index.htm",
    "source_description": "SEC D",
    "raised_amount": 500000.0,
    "raised_currency_code": "USD",
    "funded_year": 2009,
    "funded_month": 10,
    "funded_day": 14,
    "investments":
     []},
   {"id": 11107,
    "round_code": "a",
    "source_url": "http://sec.gov/Archives/edgar/data/1434913/999999999708039469/9999999997-08-039469-index.htm",
    "source_description": "SEC D Amended",
    "raised_amount": 6242000.0,
    "raised_currency_code": "USD",
    "funded_year": 2008,
    "funded_month": 9,
    "funded_day": 8,
    "investments":
     []},
   {"id": 11108,
    "round_code": "a",
    "source_url": "http://sec.gov/Archives/edgar/data/1434913/999999999709007419/9999999997-09-007419-index.htm",
    "source_description": "SEC D Amended",
    "raised_amount": 11671000.0,
    "raised_currency_code": "USD",
    "funded_year": 2009,
    "funded_month": 3,
    "funded_day": null,
    "investments":
     []},
   {"id": 57584,
    "round_code": "debt_round",
    "source_url": "http://www.sec.gov/Archives/edgar/data/1434913/000143491310000001/xslFormDX01/primary_doc.xml",
    "source_description": "SEC",
    "raised_amount": 1000000.0,
    "raised_currency_code": "USD",
    "funded_year": 2010,
    "funded_month": 5,
    "funded_day": 3,
    "investments":
     []},
   {"id": 59508,
    "round_code": "debt_round",
    "source_url": "http://www.sec.gov/Archives/edgar/data/1434913/000143491310000002/xslFormDX01/primary_doc.xml",
    "source_description": "SEC",
    "raised_amount": 1000000.0,
    "raised_currency_code": "USD",
    "funded_year": 2010,
    "funded_month": 6,
    "funded_day": 11,
    "investments":
     []}],
 "investments":
  [],
 "acquisition": null,
 "acquisitions":
  [],
 "offices":
  [{"description": "",
    "address1": "717 Market Street",
    "address2": "Suite 650",
    "zip_code": "94103-2103",
    "city": "San Francisco",
    "state_code": "CA",
    "country_code": "USA",
    "latitude": 37.7871306,
    "longitude": -122.4041075}],
 "milestones":
  [],
 "ipo": null,
 "video_embeds":
  [],
 "screenshots":
  [{"available_sizes":
     [[[150,
        79],
       "http://api-images.crunchbase.com/assets/images/resized/0004/7118/47118v1-max-150x150.jpg"],
      [[250,
        133],
       "http://api-images.crunchbase.com/assets/images/resized/0004/7118/47118v1-max-250x250.jpg"],
      [[450,
        239],
       "http://api-images.crunchbase.com/assets/images/resized/0004/7118/47118v1-max-450x450.jpg"]],
    "attribution": null}],
 "external_links":
  [],
 "partners":
  []}
