{"name": "Actelis Networks",
 "permalink": "actelis-networks",
 "crunchbase_url": "http://www.crunchbase.com/company/actelis-networks",
 "homepage_url": "http://www.actelis.com",
 "blog_url": "",
 "blog_feed_url": "",
 "twitter_username": "Actelis",
 "category_code": "network_hosting",
 "number_of_employees": null,
 "founded_year": 1998,
 "founded_month": null,
 "founded_day": null,
 "deadpooled_year": null,
 "deadpooled_month": null,
 "deadpooled_day": null,
 "deadpooled_url": null,
 "tag_list": "ethernet, copper, eoc, backhaul, access, broadband",
 "alias_list": "",
 "email_address": "",
 "phone_number": "",
 "description": "Ethernet provider",
 "created_at": "Sat Jan 03 16:10:18 UTC 2009",
 "updated_at": "Thu Aug 29 10:52:31 UTC 2013",
 "overview": "\u003Cp\u003EActelis Networks provides Ethernet carrier by transforming multiple copper-pairs into high-speed broadband links.\u003C/p\u003E\n\n\u003Cp\u003ETheir Carrier Ethernet over Copper\u00e2\u201e\u00a2 solutions are field-proven and time-tested, offering carrier-class, scalable services at bandwidth previously limited to only fiber, while complying with established international spectral compatibility standards. Leveraging a full array of Ethernet features, as well as copper performance optimization, Actelis\u00e2\u20ac\u2122 Carrier Ethernet over Copper solutions enable a service provider to create a ubiquitous service offering that mimics and complements a service provider\u00e2\u20ac\u2122s fiber-based offerings. With a low Bit Error Rate (BER), minimal delay and high-noise immunity, Actelis\u00e2\u20ac\u2122 products can easily meet all QoS requirements and have the highest available packet throughput efficiency.\u003C/p\u003E",
 "image":
  {"available_sizes":
    [[[150,
       53],
      "http://api-images.crunchbase.com/assets/images/resized/0003/2948/32948v1-max-150x150.png"],
     [[195,
       69],
      "http://api-images.crunchbase.com/assets/images/resized/0003/2948/32948v1-max-250x250.png"],
     [[195,
       69],
      "http://api-images.crunchbase.com/assets/images/resized/0003/2948/32948v1-max-450x450.png"]],
   "attribution": null},
 "products":
  [],
 "relationships":
  [{"is_past": false,
    "title": "Founder and Executive Chairman",
    "person":
     {"first_name": "Tuvia",
      "last_name": "Barlev",
      "permalink": "tuvia-barlev"}},
   {"is_past": false,
    "title": "Vice President, R\u0026D",
    "person":
     {"first_name": "Nir",
      "last_name": "Maor",
      "permalink": "nir-maor"}},
   {"is_past": false,
    "title": "Vice President, Marketing",
    "person":
     {"first_name": "David",
      "last_name": "Dunphy",
      "permalink": "david-dunphy"}},
   {"is_past": false,
    "title": "Vice President, Finance \u0026 Accounting, Corporate",
    "person":
     {"first_name": "Danit",
      "last_name": "Neeman",
      "permalink": "danit-neeman"}},
   {"is_past": false,
    "title": "Vice President, Technology",
    "person":
     {"first_name": "Amit",
      "last_name": "Priebatch",
      "permalink": "amit-priebatch"}},
   {"is_past": false,
    "title": "Senior Vice President, Worldwide Sales and Customer Service",
    "person":
     {"first_name": "Matt",
      "last_name": "Giuliano",
      "permalink": "matt-giuliano"}},
   {"is_past": false,
    "title": "General Manager of Enterprise and Vice President of Global Business Development",
    "person":
     {"first_name": "Jeff",
      "last_name": "Zindel",
      "permalink": "jeff-zindel"}},
   {"is_past": false,
    "title": "Director",
    "person":
     {"first_name": "Robin",
      "last_name": "Murray",
      "permalink": "robin-murray"}},
   {"is_past": false,
    "title": "Vice President, Business Operations",
    "person":
     {"first_name": "Georgine",
      "last_name": "Nordin",
      "permalink": "georgine-nordin"}},
   {"is_past": false,
    "title": "Vice President, Finance \u0026 Administration, Site Manager, Israel",
    "person":
     {"first_name": "Ze\u2019ev",
      "last_name": "Rom",
      "permalink": "zeev-rom"}},
   {"is_past": false,
    "title": "Director",
    "person":
     {"first_name": "Marty",
      "last_name": "Kaplan",
      "permalink": "marty-kaplan"}},
   {"is_past": false,
    "title": "Director",
    "person":
     {"first_name": "Ghia",
      "last_name": "Griarte",
      "permalink": "ghia-griarte"}},
   {"is_past": false,
    "title": "Business Development",
    "person":
     {"first_name": "Etienne",
      "last_name": "Coulon",
      "permalink": "etienne-coulon"}},
   {"is_past": false,
    "title": "Board Member",
    "person":
     {"first_name": "Hatch",
      "last_name": "Graham",
      "permalink": "hatch-graham"}},
   {"is_past": false,
    "title": "Vice President, Operations",
    "person":
     {"first_name": "Shimon",
      "last_name": "Kringel",
      "permalink": "shimon-kringel"}},
   {"is_past": false,
    "title": "Vice President, Product Management",
    "person":
     {"first_name": "Gal",
      "last_name": "Septon",
      "permalink": "gal-septon"}},
   {"is_past": false,
    "title": "Director",
    "person":
     {"first_name": "Jere",
      "last_name": "Drummond",
      "permalink": "jere-drummond"}},
   {"is_past": false,
    "title": "Board member",
    "person":
     {"first_name": "Frederic",
      "last_name": "Veyssiere",
      "permalink": "frederic-veyssiere"}},
   {"is_past": true,
    "title": "Co-Founder \u0026 Chairman",
    "person":
     {"first_name": "Kamran",
      "last_name": "Elahian",
      "permalink": "kamran-elahian"}},
   {"is_past": true,
    "title": "Sr. Manager Marketing Communications reporting to CEO",
    "person":
     {"first_name": "Tracy",
      "last_name": "Oliver",
      "permalink": "tracy-oliver"}},
   {"is_past": true,
    "title": "President / CEO",
    "person":
     {"first_name": "Vivek",
      "last_name": "Ragavan",
      "permalink": "vivek-ragavan"}},
   {"is_past": true,
    "title": "Vice President ofSales",
    "person":
     {"first_name": "Eric",
      "last_name": "Grubel",
      "permalink": "eric-grubel"}},
   {"is_past": true,
    "title": "VP R\u0026D",
    "person":
     {"first_name": "Leonid",
      "last_name": "Itkin",
      "permalink": "leonid-itkin"}},
   {"is_past": true,
    "title": "Executive Director, EMEA Sales",
    "person":
     {"first_name": "Meir",
      "last_name": "Amarin",
      "permalink": "meir-amarin"}},
   {"is_past": true,
    "title": "VP Sales",
    "person":
     {"first_name": "Ronen",
      "last_name": "Peleg",
      "permalink": "ronen-peleg"}},
   {"is_past": true,
    "title": "Investor",
    "person":
     {"first_name": "Thorsten",
      "last_name": "Claus",
      "permalink": "thorsten-claus"}},
   {"is_past": true,
    "title": "",
    "person":
     {"first_name": "Martin",
      "last_name": "A. Kaplan",
      "permalink": "martin-a-kaplan"}}],
 "competitions":
  [{"competitor":
     {"name": "ADTRAN",
      "permalink": "adtran"}},
   {"competitor":
     {"name": "Nortel Networks",
      "permalink": "nortel-networks"}},
   {"competitor":
     {"name": "Occam Networks",
      "permalink": "occam-networks"}},
   {"competitor":
     {"name": "Calix",
      "permalink": "calix"}},
   {"competitor":
     {"name": "Force10 Networks",
      "permalink": "force10-networks"}},
   {"competitor":
     {"name": "Turin Networks",
      "permalink": "turin-networks"}},
   {"competitor":
     {"name": "Hatteras Networks",
      "permalink": "hatteras-networks"}},
   {"competitor":
     {"name": "Ciena",
      "permalink": "ciena"}}],
 "providerships":
  [],
 "total_money_raised": "$57.6M",
 "funding_rounds":
  [{"id": 4403,
    "round_code": "e",
    "source_url": "http://venturebeat.com/2007/01/22/actelis-an-ethernet-over-copper-co-raises-22m-more/",
    "source_description": "Venture Beat",
    "raised_amount": 22000000.0,
    "raised_currency_code": "USD",
    "funded_year": 2007,
    "funded_month": 1,
    "funded_day": 1,
    "investments":
     [{"company": null,
       "financial_org":
        {"name": "Adams Street Partners",
         "permalink": "adams-street-partners"},
       "person": null},
      {"company": null,
       "financial_org":
        {"name": "ATA Ventures",
         "permalink": "ata-ventures"},
       "person": null},
      {"company": null,
       "financial_org":
        {"name": "Global Catalyst Partners",
         "permalink": "global-catalyst-partners"},
       "person": null},
      {"company": null,
       "financial_org":
        {"name": "DuPont Capital Management",
         "permalink": "dupont-capital-management"},
       "person": null},
      {"company": null,
       "financial_org":
        {"name": "Carlyle Group",
         "permalink": "carlyle-group"},
       "person": null},
      {"company": null,
       "financial_org":
        {"name": "Innovacom",
         "permalink": "innovacom"},
       "person": null},
      {"company": null,
       "financial_org":
        {"name": "Vertex Venture Capital",
         "permalink": "vertex-venture-capital"},
       "person": null},
      {"company": null,
       "financial_org":
        {"name": "Walden International",
         "permalink": "walden-international"},
       "person": null},
      {"company": null,
       "financial_org":
        {"name": "New Enterprise Associates",
         "permalink": "new-enterprise-associates"},
       "person": null},
      {"company": null,
       "financial_org":
        {"name": "Independent Venture Fund",
         "permalink": "independent-venture-fund"},
       "person": null}]},
   {"id": 5519,
    "round_code": "unattributed",
    "source_url": "http://venturebeat.com/2009/04/03/actelis-scores-47m-for-copper-wire-ethernet/",
    "source_description": "Actelis scores $4.7M for copper-wire ethernet",
    "raised_amount": 4700000.0,
    "raised_currency_code": "USD",
    "funded_year": 2009,
    "funded_month": 4,
    "funded_day": 3,
    "investments":
     [{"company": null,
       "financial_org":
        {"name": "Global Catalyst Partners",
         "permalink": "global-catalyst-partners"},
       "person": null},
      {"company": null,
       "financial_org":
        {"name": "DuPont Capital Management",
         "permalink": "dupont-capital-management"},
       "person": null},
      {"company": null,
       "financial_org":
        {"name": "Carlyle Group",
         "permalink": "carlyle-group"},
       "person": null},
      {"company": null,
       "financial_org":
        {"name": "ATA Ventures",
         "permalink": "ata-ventures"},
       "person": null}]},
   {"id": 6058,
    "round_code": "f",
    "source_url": "http://venturebeat.com/2008/05/28/actelis-adds-on-15m-for-copper-based-broadband-service/",
    "source_description": " Actelis adds on $15M for copper-based broadband service",
    "raised_amount": 15000000.0,
    "raised_currency_code": "USD",
    "funded_year": 2008,
    "funded_month": 4,
    "funded_day": 2,
    "investments":
     [{"company": null,
       "financial_org":
        {"name": "ATA Ventures",
         "permalink": "ata-ventures"},
       "person": null},
      {"company": null,
       "financial_org":
        {"name": "Carlyle Group",
         "permalink": "carlyle-group"},
       "person": null},
      {"company": null,
       "financial_org":
        {"name": "DuPont Capital Management",
         "permalink": "dupont-capital-management"},
       "person": null},
      {"company": null,
       "financial_org":
        {"name": "Global Catalyst Partners",
         "permalink": "global-catalyst-partners"},
       "person": null}]},
   {"id": 8979,
    "round_code": "unattributed",
    "source_url": "http://archive.globes.co.il/searchgl/Ethernet%20co%20Actelis%20raises%20$10m_h_hd_2L34nDZKvCLmnC30mD3asDJWnBcXqRMm0.html",
    "source_description": "Ethernet co Actelis raises $10m",
    "raised_amount": 10000000.0,
    "raised_currency_code": "USD",
    "funded_year": 2009,
    "funded_month": 9,
    "funded_day": 9,
    "investments":
     [{"company": null,
       "financial_org":
        {"name": "Adams Street Partners",
         "permalink": "adams-street-partners"},
       "person": null},
      {"company": null,
       "financial_org":
        {"name": "ATA Ventures",
         "permalink": "ata-ventures"},
       "person": null},
      {"company": null,
       "financial_org":
        {"name": "Argonaut Ventures",
         "permalink": "argonaut-ventures"},
       "person": null},
      {"company": null,
       "financial_org":
        {"name": "Carlyle Group",
         "permalink": "carlyle-group"},
       "person": null},
      {"company": null,
       "financial_org":
        {"name": "DuPont Capital Management",
         "permalink": "dupont-capital-management"},
       "person": null},
      {"company": null,
       "financial_org":
        {"name": "Global Catalyst Partners",
         "permalink": "global-catalyst-partners"},
       "person": null},
      {"company": null,
       "financial_org":
        {"name": "Saints Capital",
         "permalink": "saints-capital"},
       "person": null},
      {"company": null,
       "financial_org":
        {"name": "Smac Partners",
         "permalink": "smac-partners"},
       "person": null},
      {"company": null,
       "financial_org":
        {"name": "T-Venture",
         "permalink": "t-venture"},
       "person": null},
      {"company": null,
       "financial_org":
        {"name": "Walden International",
         "permalink": "walden-international"},
       "person": null}]},
   {"id": 21743,
    "round_code": "unattributed",
    "source_url": "http://venturebeat.com/2011/03/02/deals-more-supyo-additional-funding/?utm_source=feedburner\u0026utm_medium=feed\u0026utm_campaign=Feed%3A+Venturebeat_deals+%28VentureBeat+%C2%BB+Deals+%26+More%29",
    "source_description": "Actelis Networks lands $4.5M for ethernet solutions:",
    "raised_amount": 4500000.0,
    "raised_currency_code": "USD",
    "funded_year": 2011,
    "funded_month": 3,
    "funded_day": 2,
    "investments":
     []},
   {"id": 40995,
    "round_code": "partial",
    "source_url": "http://www.sec.gov/Archives/edgar/data/1141284/000114128413000002/xslFormDX01/primary_doc.xml",
    "source_description": "SEC",
    "raised_amount": 1416859.0,
    "raised_currency_code": "USD",
    "funded_year": 2013,
    "funded_month": 6,
    "funded_day": 24,
    "investments":
     []}],
 "investments":
  [],
 "acquisition": null,
 "acquisitions":
  [],
 "offices":
  [{"description": "",
    "address1": "6150 Stevenson Blvd.",
    "address2": "",
    "zip_code": "94538",
    "city": "Fremont",
    "state_code": "CA",
    "country_code": "USA",
    "latitude": 37.517078,
    "longitude": -121.9920281}],
 "milestones":
  [],
 "ipo": null,
 "video_embeds":
  [],
 "screenshots":
  [],
 "external_links":
  [],
 "partners":
  []}
