{"name": "ActiveVideo Networks",
 "permalink": "activevideo",
 "crunchbase_url": "http://www.crunchbase.com/company/activevideo",
 "homepage_url": "http://activevideo.com",
 "blog_url": "http://www.activevideo.com/blog/",
 "blog_feed_url": "http://feeds2.feedburner.com/ActiveVideo",
 "twitter_username": "activevideo",
 "category_code": "web",
 "number_of_employees": null,
 "founded_year": 1988,
 "founded_month": null,
 "founded_day": null,
 "deadpooled_year": null,
 "deadpooled_month": null,
 "deadpooled_day": null,
 "deadpooled_url": null,
 "tag_list": "interactive-tv, web-media",
 "alias_list": "avinity",
 "email_address": "info@avnetworks.com",
 "phone_number": "1-800-926-8398",
 "description": "Web-media experience to TV",
 "created_at": "Mon Jun 01 00:29:53 UTC 2009",
 "updated_at": "Mon Apr 07 15:24:03 UTC 2014",
 "overview": "\u003Cp\u003EBrings the full Web-media experience to TV, using Internet and On-demand infrastructure. With 24 issued patents, ActiveVideo provides a platform with extensive programming possibilities.\u003C/p\u003E",
 "image":
  {"available_sizes":
    [[[150,
       40],
      "http://api-images.crunchbase.com/assets/images/resized/0004/6107/46107v3-max-150x150.png"],
     [[250,
       67],
      "http://api-images.crunchbase.com/assets/images/resized/0004/6107/46107v3-max-250x250.png"],
     [[450,
       121],
      "http://api-images.crunchbase.com/assets/images/resized/0004/6107/46107v3-max-450x450.png"]],
   "attribution": null},
 "products":
  [{"name": "CloudTV",
    "permalink": "cloudtv"}],
 "relationships":
  [{"is_past": false,
    "title": "CEO and President",
    "person":
     {"first_name": "Jeff",
      "last_name": "Miller",
      "permalink": "jeff-miller"}},
   {"is_past": false,
    "title": "Chief Architect \u0026 SVP",
    "person":
     {"first_name": "Cliff",
      "last_name": "Mercer",
      "permalink": "cliff-mercer"}},
   {"is_past": false,
    "title": "CFO",
    "person":
     {"first_name": "Brian",
      "last_name": "Sereda",
      "permalink": "brian-sereda"}},
   {"is_past": false,
    "title": "CTO",
    "person":
     {"first_name": "John",
      "last_name": "Callahan",
      "permalink": "john-callahan"}},
   {"is_past": false,
    "title": "SVP studio \u0026 services",
    "person":
     {"first_name": "David",
      "last_name": "McElhatten",
      "permalink": "david-mcelhatten"}},
   {"is_past": false,
    "title": "SVP, Business Development",
    "person":
     {"first_name": "Michael",
      "last_name": "Taylor",
      "permalink": "michael-taylor"}},
   {"is_past": false,
    "title": "CMO",
    "person":
     {"first_name": "Murali",
      "last_name": "Nemani",
      "permalink": "murali-nemani"}},
   {"is_past": false,
    "title": "",
    "person":
     {"first_name": "Marc",
      "last_name": "Chung",
      "permalink": "steve-swedler"}},
   {"is_past": true,
    "title": "CFO",
    "person":
     {"first_name": "Christine",
      "last_name": "Munson",
      "permalink": "christine-munson"}},
   {"is_past": true,
    "title": "SVP Worldwide sales",
    "person":
     {"first_name": "Ray",
      "last_name": "Fitzgerald",
      "permalink": "ray-fitzgerald"}},
   {"is_past": true,
    "title": "VP Business Development",
    "person":
     {"first_name": "Henry",
      "last_name": "Choy",
      "permalink": "henry-choy"}},
   {"is_past": true,
    "title": "SVP, Marketing",
    "person":
     {"first_name": "Edgar",
      "last_name": "Villalpando",
      "permalink": "edgar-villalpando"}},
   {"is_past": true,
    "title": "Manager of Solutions Engineering",
    "person":
     {"first_name": "Jean-Marc",
      "last_name": "Parmentier",
      "permalink": "jean-marc-parmentier"}},
   {"is_past": true,
    "title": "Manager of Software Development",
    "person":
     {"first_name": "Robert Carlton",
      "last_name": "Johnson",
      "permalink": "robert-carlton-johnson"}},
   {"is_past": true,
    "title": "",
    "person":
     {"first_name": "Rochelle",
      "last_name": "Thompson",
      "permalink": "rochelle-thompson"}}],
 "competitions":
  [],
 "providerships":
  [],
 "total_money_raised": "$0",
 "funding_rounds":
  [],
 "investments":
  [],
 "acquisition": null,
 "acquisitions":
  [{"price_amount": null,
    "price_currency_code": "USD",
    "term_code": null,
    "source_url": "http://paidcontent.org/article/419-activevideo-acquires-game-platform-tag-networks/",
    "source_description": "ActiveVideo Acquires Game Platform Tag Networks",
    "acquired_year": 2010,
    "acquired_month": 5,
    "acquired_day": 5,
    "company":
     {"name": "Tag Networks",
      "permalink": "tag-networks"}}],
 "offices":
  [{"description": "",
    "address1": "333 W. San Carlos St.",
    "address2": "Suite 300",
    "zip_code": "95110",
    "city": "San Jose",
    "state_code": "CA",
    "country_code": "USA",
    "latitude": 37.328686,
    "longitude": -121.89426}],
 "milestones":
  [],
 "ipo": null,
 "video_embeds":
  [],
 "screenshots":
  [{"available_sizes":
     [[[150,
        93],
       "http://api-images.crunchbase.com/assets/images/resized/0004/6106/46106v1-max-150x150.jpg"],
      [[250,
        155],
       "http://api-images.crunchbase.com/assets/images/resized/0004/6106/46106v1-max-250x250.jpg"],
      [[450,
        280],
       "http://api-images.crunchbase.com/assets/images/resized/0004/6106/46106v1-max-450x450.jpg"]],
    "attribution": null},
   {"available_sizes":
     [[[150,
        103],
       "http://api-images.crunchbase.com/assets/images/resized/0006/3820/63820v2-max-150x150.jpg"],
      [[250,
        172],
       "http://api-images.crunchbase.com/assets/images/resized/0006/3820/63820v2-max-250x250.jpg"],
      [[450,
        310],
       "http://api-images.crunchbase.com/assets/images/resized/0006/3820/63820v2-max-450x450.jpg"]],
    "attribution": null}],
 "external_links":
  [],
 "partners":
  []}
