{"name": "Actinobac Biomed",
 "permalink": "actinobac-biomed",
 "crunchbase_url": "http://www.crunchbase.com/company/actinobac-biomed",
 "homepage_url": "http://www.actinobac.com",
 "blog_url": "",
 "blog_feed_url": "",
 "twitter_username": null,
 "category_code": "biotech",
 "number_of_employees": null,
 "founded_year": 2009,
 "founded_month": null,
 "founded_day": null,
 "deadpooled_year": null,
 "deadpooled_month": null,
 "deadpooled_day": null,
 "deadpooled_url": null,
 "tag_list": "",
 "alias_list": "",
 "email_address": "info@actinobac.com",
 "phone_number": "732-371-2694",
 "description": "pharmaceutical technologies",
 "created_at": "Tue Jun 23 07:28:29 UTC 2009",
 "updated_at": "Sun Mar 31 11:22:10 UTC 2013",
 "overview": "\u003Cp\u003EActinobac Biomed focuses on the development of pharmaceutical technologies derived from agents that target Leukocyte Function Antigen-1 (LFA-1). \u003C/p\u003E\n\n\u003Cp\u003EThe company\u0026#8217;s lead product, Leukotoxin, is a bacterial toxin that specifically targets white blood cells. In addition to its use as an effective targeted therapy agent for the treatment of hematologic malignancies, abundant evidence in literature suggests that Leukotoxin, or a derived product, can effectively be used to treat infectious diseases such as HIV/AIDS and tuberculosis, as well as many autoimmune diseases including rheumatoid arthritis, multiple sclerosis, Crohn\u00e2\u20ac\u2122s disease, type 1 diabetes, Lupus and psoriasis. \u003C/p\u003E\n\n\u003Cp\u003ETherefore, the company will direct its efforts in three strategic areas. The first, and highest priority, is the development of Leukotoxin as a protein therapeutic for the treatment of hematologic malignancies. The second will focus on the use of Leukotoxin and derived therapeutic peptides or mimetics for the treatment of significant diseases other than hematologic malignancies, including infections and autoimmune diseases. The third area represents an early-stage drug discovery program with Magellan BioScience that will maintain a healthy pipeline of novel therapeutic agents. \u003C/p\u003E",
 "image":
  {"available_sizes":
    [[[150,
       72],
      "http://api-images.crunchbase.com/assets/images/resized/0005/0275/50275v1-max-150x150.jpg"],
     [[250,
       121],
      "http://api-images.crunchbase.com/assets/images/resized/0005/0275/50275v1-max-250x250.jpg"],
     [[450,
       217],
      "http://api-images.crunchbase.com/assets/images/resized/0005/0275/50275v1-max-450x450.jpg"]],
   "attribution": null},
 "products":
  [],
 "relationships":
  [{"is_past": false,
    "title": "Founder \u0026 Chair of the Scientific Advisory Committee",
    "person":
     {"first_name": "Scott",
      "last_name": "C. Kachlany",
      "permalink": "scott-c-kachlany"}},
   {"is_past": false,
    "title": "President \u0026 CEO",
    "person":
     {"first_name": "Benjamin",
      "last_name": "Belinka",
      "permalink": "benjamin-belinka"}}],
 "competitions":
  [],
 "providerships":
  [],
 "total_money_raised": "$600k",
 "funding_rounds":
  [{"id": 6839,
    "round_code": "unattributed",
    "source_url": "http://www.venturedeal.com/News/2009/3/24/Actinobac-Biomed-Receives-Venture-Capital-Commitment",
    "source_description": "Actinobac Biomed Receives Venture Capital Commitment",
    "raised_amount": 500000.0,
    "raised_currency_code": "USD",
    "funded_year": 2009,
    "funded_month": 3,
    "funded_day": 20,
    "investments":
     [{"company": null,
       "financial_org":
        {"name": "Foundation Venture Capital Group",
         "permalink": "foundation-venture-capital-group"},
       "person": null}]},
   {"id": 35755,
    "round_code": "b",
    "source_url": "http://www.prnewswire.com/news-releases/foundation-venture-capital-group-commits-second-round-of-funding-to-actinobac-biomed-192296301.html",
    "source_description": "Foundation Venture Capital Group Commits Second Round of Funding to Actinobac Biomed",
    "raised_amount": 100000.0,
    "raised_currency_code": "USD",
    "funded_year": 2013,
    "funded_month": 2,
    "funded_day": 21,
    "investments":
     [{"company": null,
       "financial_org":
        {"name": "Foundation Venture Capital Group",
         "permalink": "foundation-venture-capital-group"},
       "person": null}]}],
 "investments":
  [],
 "acquisition": null,
 "acquisitions":
  [],
 "offices":
  [{"description": "Actinobac Biomed, Inc.",
    "address1": "675 US Highway 1",
    "address2": "",
    "zip_code": "08902",
    "city": "North Brunswick",
    "state_code": "NJ",
    "country_code": "USA",
    "latitude": 40.455501,
    "longitude": -74.478931}],
 "milestones":
  [],
 "ipo": null,
 "video_embeds":
  [],
 "screenshots":
  [{"available_sizes":
     [[[150,
        136],
       "http://api-images.crunchbase.com/assets/images/resized/0005/0276/50276v1-max-150x150.jpg"],
      [[250,
        228],
       "http://api-images.crunchbase.com/assets/images/resized/0005/0276/50276v1-max-250x250.jpg"],
      [[450,
        410],
       "http://api-images.crunchbase.com/assets/images/resized/0005/0276/50276v1-max-450x450.jpg"]],
    "attribution": null}],
 "external_links":
  [],
 "partners":
  []}
