{"name": "Ad Giants",
 "permalink": "ad-giants",
 "crunchbase_url": "http://www.crunchbase.com/company/ad-giants",
 "homepage_url": "http://www.adgiants.com",
 "blog_url": "http://www.beanstalktalk.com",
 "blog_feed_url": "http://beanstalktalk.com/beanblog/feed/",
 "twitter_username": "AdGiants",
 "category_code": "advertising",
 "number_of_employees": 26,
 "founded_year": 2001,
 "founded_month": 1,
 "founded_day": 1,
 "deadpooled_year": null,
 "deadpooled_month": null,
 "deadpooled_day": null,
 "deadpooled_url": null,
 "tag_list": "marketing-management, brand-management, automated-marketing, ad-customization, ad-localization, brand-control, marketing-efficiency, marketing-system, local-advertising, ad-builder, ad-maker, ad-templates, ad-repository",
 "alias_list": "",
 "email_address": "sales@adgiants.com",
 "phone_number": "1-866-ADGIANTS",
 "description": "Brand Management Systems",
 "created_at": "Thu Dec 04 18:03:13 UTC 2008",
 "updated_at": "Wed Dec 04 14:30:40 UTC 2013",
 "overview": "\u003Cp\u003EAd Giants, LLC, a next-generation marketing services company based in Dallas, Texas, is a premier developer of web-based marketing-process management systems designed to help large franchised or decentralized businesses improve workflow, reduce costs and better manage corporate brand standards. \u003C/p\u003E\n\n\u003Cp\u003EConceived by marketing professionals for marketing professionals, and built by a talented team of developers, the Ad Giants ONE System\u00e2\u201e\u00a2 for marketing brand management is intuitive, robust and refreshingly user friendly.  With this Web-based system, users can cut production costs and boost their marketing ROI by quickly and easily navigating the process of customizing, ordering and tracking local marketing materials.  Corporate marketing maintains the control it needs, while the field gets the flexibility it requires to adapt pre-approved materials for local-market use.  \u003C/p\u003E",
 "image":
  {"available_sizes":
    [[[150,
       51],
      "http://api-images.crunchbase.com/assets/images/resized/0003/1045/31045v5-max-150x150.jpg"],
     [[250,
       86],
      "http://api-images.crunchbase.com/assets/images/resized/0003/1045/31045v5-max-250x250.jpg"],
     [[450,
       155],
      "http://api-images.crunchbase.com/assets/images/resized/0003/1045/31045v5-max-450x450.jpg"]],
   "attribution": null},
 "products":
  [{"name": "ONE System V6",
    "permalink": "one-system"},
   {"name": "PitchRocket",
    "permalink": "pitchrocket"},
   {"name": "MODsocket",
    "permalink": "modsocket"}],
 "relationships":
  [{"is_past": false,
    "title": "Founder, CEO",
    "person":
     {"first_name": "David",
      "last_name": "Farmer",
      "permalink": "david-farmer"}},
   {"is_past": false,
    "title": "CFO\ufeff",
    "person":
     {"first_name": "James",
      "last_name": "Jenkins",
      "permalink": "james-jenkins-2"}},
   {"is_past": false,
    "title": "VP of Marketing",
    "person":
     {"first_name": "Robert",
      "last_name": "Cox",
      "permalink": "robert-cox-2"}},
   {"is_past": false,
    "title": "President",
    "person":
     {"first_name": "Donovan",
      "last_name": "Dillon",
      "permalink": "donovan-dillon"}},
   {"is_past": false,
    "title": "Director of Client Services",
    "person":
     {"first_name": "Heather",
      "last_name": "Newman",
      "permalink": "heather-newman"}},
   {"is_past": false,
    "title": "VP of Professional Services",
    "person":
     {"first_name": "Susan",
      "last_name": "Burciaga",
      "permalink": "susan-burciaga"}},
   {"is_past": true,
    "title": "COO",
    "person":
     {"first_name": "Steve",
      "last_name": "Perkins",
      "permalink": "steve-perkins"}}],
 "competitions":
  [],
 "providerships":
  [],
 "total_money_raised": "$0",
 "funding_rounds":
  [],
 "investments":
  [],
 "acquisition": null,
 "acquisitions":
  [],
 "offices":
  [{"description": "Headquarters",
    "address1": "8117 Preston Rd.",
    "address2": "Suite 260",
    "zip_code": "75225",
    "city": "Dallas",
    "state_code": "TX",
    "country_code": "USA",
    "latitude": 32.861501,
    "longitude": -96.805099}],
 "milestones":
  [],
 "ipo": null,
 "video_embeds":
  [{"embed_code": "\u003Cobject width=\"430\" height=\"242\"\u003E\u003Cparam name=\"movie\" value=\"http://www.youtube.com/v/_duPNyjO-wk?fs=1\u0026amp;hl=en_US\"\u003E\u003C/param\u003E\u003Cparam name=\"allowFullScreen\" value=\"true\"\u003E\u003C/param\u003E\u003Cparam name=\"allowscriptaccess\" value=\"always\"\u003E\u003C/param\u003E\u003Cembed src=\"http://www.youtube.com/v/_duPNyjO-wk?fs=1\u0026amp;hl=en_US\" type=\"application/x-shockwave-flash\" allowscriptaccess=\"always\" allowfullscreen=\"true\" width=\"430\" height=\"242\"\u003E\u003C/embed\u003E\u003C/object\u003E",
    "description": "\u003Cp\u003EAd Giants Overview Video\u003C/p\u003E"},
   {"embed_code": "\u003Cobject width=\"430\" height=\"242\"\u003E\u003Cparam name=\"movie\" value=\"http://www.youtube.com/v/2GumyY8Xqco?fs=1\u0026amp;hl=en_US\"\u003E\u003C/param\u003E\u003Cparam name=\"allowFullScreen\" value=\"true\"\u003E\u003C/param\u003E\u003Cparam name=\"allowscriptaccess\" value=\"always\"\u003E\u003C/param\u003E\u003Cembed src=\"http://www.youtube.com/v/2GumyY8Xqco?fs=1\u0026amp;hl=en_US\" type=\"application/x-shockwave-flash\" allowscriptaccess=\"always\" allowfullscreen=\"true\" width=\"430\" height=\"242\"\u003E\u003C/embed\u003E\u003C/object\u003E",
    "description": "\u003Cp\u003EAd Giants PURL Video\u003C/p\u003E"}],
 "screenshots":
  [{"available_sizes":
     [[[108,
        150],
       "http://api-images.crunchbase.com/assets/images/resized/0003/1043/31043v2-max-150x150.png"],
      [[180,
        250],
       "http://api-images.crunchbase.com/assets/images/resized/0003/1043/31043v2-max-250x250.png"],
      [[325,
        450],
       "http://api-images.crunchbase.com/assets/images/resized/0003/1043/31043v2-max-450x450.png"]],
    "attribution": null},
   {"available_sizes":
     [[[108,
        150],
       "http://api-images.crunchbase.com/assets/images/resized/0003/1044/31044v2-max-150x150.png"],
      [[180,
        250],
       "http://api-images.crunchbase.com/assets/images/resized/0003/1044/31044v2-max-250x250.png"],
      [[324,
        450],
       "http://api-images.crunchbase.com/assets/images/resized/0003/1044/31044v2-max-450x450.png"]],
    "attribution": null},
   {"available_sizes":
     [[[150,
        147],
       "http://api-images.crunchbase.com/assets/images/resized/0008/7122/87122v2-max-150x150.png"],
      [[250,
        245],
       "http://api-images.crunchbase.com/assets/images/resized/0008/7122/87122v2-max-250x250.png"],
      [[450,
        441],
       "http://api-images.crunchbase.com/assets/images/resized/0008/7122/87122v2-max-450x450.png"]],
    "attribution": null}],
 "external_links":
  [{"external_url": "http://www.pitchrocket.com",
    "title": "Pitch Rocket"},
   {"external_url": "http://www.modsocket.com",
    "title": "MODsocket"},
   {"external_url": "http://www.adgiantsonesystem.com",
    "title": "The One System"}],
 "partners":
  []}
