{"name": "Ad Server Beans",
 "permalink": "ad-server-beans",
 "crunchbase_url": "http://www.crunchbase.com/company/ad-server-beans",
 "homepage_url": "http://www.adserverbeans.com",
 "blog_url": "http://adserverbeans.blogspot.com/",
 "blog_feed_url": "",
 "twitter_username": "geniot",
 "category_code": "advertising",
 "number_of_employees": 2,
 "founded_year": 2008,
 "founded_month": 3,
 "founded_day": 1,
 "deadpooled_year": null,
 "deadpooled_month": null,
 "deadpooled_day": null,
 "deadpooled_url": null,
 "tag_list": "ad-agency-software, ad-management-software, ad-server-software, ad-server, ad-targeting",
 "alias_list": null,
 "email_address": "contact@adserverbeans.com",
 "phone_number": "+375 29 776 2757",
 "description": "Open Source Ad Serving Solutions",
 "created_at": "Wed Jul 08 19:19:42 UTC 2009",
 "updated_at": "Thu Oct 20 02:39:22 UTC 2011",
 "overview": "\u003Cp\u003EAd Server Beans provides open source ad serving solutions for ad networks, advertising agencies, ad serving companies and web publishers who need their own ad management software. \u003C/p\u003E",
 "image":
  {"available_sizes":
    [[[100,
       118],
      "http://api-images.crunchbase.com/assets/images/resized/0005/2276/52276v2-max-150x150.png"],
     [[100,
       118],
      "http://api-images.crunchbase.com/assets/images/resized/0005/2276/52276v2-max-250x250.png"],
     [[100,
       118],
      "http://api-images.crunchbase.com/assets/images/resized/0005/2276/52276v2-max-450x450.png"]],
   "attribution": null},
 "products":
  [{"name": "Ad Server Beans",
    "permalink": "ad-server-beans"}],
 "relationships":
  [{"is_past": false,
    "title": "founder",
    "person":
     {"first_name": "Vitaly",
      "last_name": "Sazanovich",
      "permalink": "vitaly-sazanovich"}}],
 "competitions":
  [{"competitor":
     {"name": "Smart AdServer",
      "permalink": "smart-adserver"}}],
 "providerships":
  [],
 "total_money_raised": "$0",
 "funding_rounds":
  [],
 "investments":
  [],
 "acquisition": null,
 "acquisitions":
  [],
 "offices":
  [{"description": "HQ",
    "address1": "Gorodetskaya",
    "address2": "58-221",
    "zip_code": "220125",
    "city": "Minsk",
    "state_code": null,
    "country_code": "BLR",
    "latitude": null,
    "longitude": null}],
 "milestones":
  [],
 "ipo": null,
 "video_embeds":
  [],
 "screenshots":
  [{"available_sizes":
     [[[150,
        89],
       "http://api-images.crunchbase.com/assets/images/resized/0005/2272/52272v2-max-150x150.png"],
      [[250,
        148],
       "http://api-images.crunchbase.com/assets/images/resized/0005/2272/52272v2-max-250x250.png"],
      [[450,
        267],
       "http://api-images.crunchbase.com/assets/images/resized/0005/2272/52272v2-max-450x450.png"]],
    "attribution": null},
   {"available_sizes":
     [[[150,
        89],
       "http://api-images.crunchbase.com/assets/images/resized/0005/2273/52273v2-max-150x150.png"],
      [[250,
        148],
       "http://api-images.crunchbase.com/assets/images/resized/0005/2273/52273v2-max-250x250.png"],
      [[450,
        267],
       "http://api-images.crunchbase.com/assets/images/resized/0005/2273/52273v2-max-450x450.png"]],
    "attribution": null},
   {"available_sizes":
     [[[150,
        88],
       "http://api-images.crunchbase.com/assets/images/resized/0005/2274/52274v2-max-150x150.png"],
      [[250,
        147],
       "http://api-images.crunchbase.com/assets/images/resized/0005/2274/52274v2-max-250x250.png"],
      [[450,
        265],
       "http://api-images.crunchbase.com/assets/images/resized/0005/2274/52274v2-max-450x450.png"]],
    "attribution": null},
   {"available_sizes":
     [[[150,
        93],
       "http://api-images.crunchbase.com/assets/images/resized/0005/2275/52275v2-max-150x150.png"],
      [[250,
        155],
       "http://api-images.crunchbase.com/assets/images/resized/0005/2275/52275v2-max-250x250.png"],
      [[450,
        279],
       "http://api-images.crunchbase.com/assets/images/resized/0005/2275/52275v2-max-450x450.png"]],
    "attribution": null}],
 "external_links":
  [],
 "partners":
  []}
