{"name": "AD-Village",
 "permalink": "ad-village",
 "crunchbase_url": "http://www.crunchbase.com/company/ad-village",
 "homepage_url": "http://ad-village.com",
 "blog_url": "",
 "blog_feed_url": "",
 "twitter_username": "advillage",
 "category_code": "enterprise",
 "number_of_employees": 16,
 "founded_year": 2008,
 "founded_month": 8,
 "founded_day": null,
 "deadpooled_year": null,
 "deadpooled_month": null,
 "deadpooled_day": null,
 "deadpooled_url": null,
 "tag_list": "advertising, self-serve-ads, ad-plugin, saas, software-as-a-service, ad-village, advillage, marissa-louie",
 "alias_list": null,
 "email_address": "marissa@ad-village.com",
 "phone_number": "(510) 375-1941",
 "description": "",
 "created_at": "Fri Dec 05 06:22:51 UTC 2008",
 "updated_at": "Fri Oct 02 17:36:04 UTC 2009",
 "overview": "\u003Cp\u003EAD-Village.com recommends ads from multiple ad networks to publishers. Users are given recommendations on which text, display, flash, and video ads to place on their websites.\u003C/p\u003E\n\n\u003Cp\u003EIts goal is to help publishers make more money when hosting online ads. Its premise is simple: Access to more ad networks provides a potential for earning more ad revenue.\u003C/p\u003E\n\n\u003Cp\u003ECurrent ad network partners include: Adbrite, AdoTube, Chitika, Hydra Network, Miva, TradeDoubler, Yahoo Publisher Network, and more.\u003C/p\u003E\n\n\u003Cp\u003EAfter publishers are approved by AD-Village, they get instant access to ads through AD Recommendations and AD Search.\u003C/p\u003E\n\n\u003Cp\u003EIts AD Dashboard enables publishers to manage and place the ads they choose onto their websites and blogs. Real-time analytics and revenue tracking provide publishers with insight into their online ad strategies.\u003C/p\u003E\n\n\u003Cp\u003E\u0026#8212;\u0026#8212;\u0026#8212;\u0026#8212;\u0026#8212;\u0026#8212;\u0026#8212;\u0026#8212;\u0026#8212;\u0026#8212;\u0026#8212;\u0026#8212;\u0026#8212;\u0026#8212;\u0026#8211;\nContact CEO Marissa Louie:\nmarissa@ad-village.com\n(510) 375-1941\nhttp://marissalouie.com\nSchedule a live demo or reach out for press inquiries.\u003C/p\u003E",
 "image":
  {"available_sizes":
    [[[150,
       68],
      "http://api-images.crunchbase.com/assets/images/resized/0003/1091/31091v2-max-150x150.jpg"],
     [[250,
       113],
      "http://api-images.crunchbase.com/assets/images/resized/0003/1091/31091v2-max-250x250.jpg"],
     [[450,
       204],
      "http://api-images.crunchbase.com/assets/images/resized/0003/1091/31091v2-max-450x450.jpg"]],
   "attribution": null},
 "products":
  [{"name": "AD Management",
    "permalink": "ad-management-saas-software-as-a-service"}],
 "relationships":
  [{"is_past": false,
    "title": "CEO",
    "person":
     {"first_name": "Marissa",
      "last_name": "Louie",
      "permalink": "marissa-louie"}},
   {"is_past": false,
    "title": "COO",
    "person":
     {"first_name": "Esso",
      "last_name": "Suntonagh",
      "permalink": "esso-suntonagh"}},
   {"is_past": false,
    "title": "VP of Product Development",
    "person":
     {"first_name": "Oswald",
      "last_name": "Campesato",
      "permalink": "oswald-campesato"}},
   {"is_past": false,
    "title": "Director of Sales",
    "person":
     {"first_name": "Bill",
      "last_name": "Cody",
      "permalink": "bill-cody"}}],
 "competitions":
  [],
 "providerships":
  [],
 "total_money_raised": "$0",
 "funding_rounds":
  [],
 "investments":
  [],
 "acquisition": null,
 "acquisitions":
  [],
 "offices":
  [{"description": "Silicon Valley",
    "address1": "1619 S. Main St. Suite 103",
    "address2": "",
    "zip_code": "95035",
    "city": "Milpitas",
    "state_code": "CA",
    "country_code": "USA",
    "latitude": 37.4068549,
    "longitude": -121.9029035}],
 "milestones":
  [],
 "ipo": null,
 "video_embeds":
  [],
 "screenshots":
  [{"available_sizes":
     [[[150,
        86],
       "http://api-images.crunchbase.com/assets/images/resized/0003/1090/31090v2-max-150x150.png"],
      [[250,
        144],
       "http://api-images.crunchbase.com/assets/images/resized/0003/1090/31090v2-max-250x250.png"],
      [[450,
        259],
       "http://api-images.crunchbase.com/assets/images/resized/0003/1090/31090v2-max-450x450.png"]],
    "attribution": null}],
 "external_links":
  [{"external_url": "http://www.blogtalkradio.com/blogworldexpo2008/2008/09/21/Sep-21-2008-1213PM",
    "title": "AD-Village on Blog Talk Radio"}],
 "partners":
  []}
