{"name": "Adamans",
 "permalink": "adamans",
 "crunchbase_url": "http://www.crunchbase.com/company/adamans",
 "homepage_url": "http://www.adamans.com",
 "blog_url": "",
 "blog_feed_url": "",
 "twitter_username": "adamans",
 "category_code": "advertising",
 "number_of_employees": null,
 "founded_year": null,
 "founded_month": null,
 "founded_day": null,
 "deadpooled_year": null,
 "deadpooled_month": null,
 "deadpooled_day": null,
 "deadpooled_url": null,
 "tag_list": "search-engine-marketing, search-engine-optimization",
 "alias_list": null,
 "email_address": "",
 "phone_number": "",
 "description": "Online Marketing",
 "created_at": "Wed Jul 01 13:33:53 UTC 2009",
 "updated_at": "Wed Nov 25 19:48:14 UTC 2009",
 "overview": "\u003Cp\u003EAdamans is an online analysis and marketing company based in Dublin, Ireland.\u003C/p\u003E",
 "image":
  {"available_sizes":
    [[[150,
       150],
      "http://api-images.crunchbase.com/assets/images/resized/0005/1523/51523v2-max-150x150.jpg"],
     [[200,
       200],
      "http://api-images.crunchbase.com/assets/images/resized/0005/1523/51523v2-max-250x250.jpg"],
     [[200,
       200],
      "http://api-images.crunchbase.com/assets/images/resized/0005/1523/51523v2-max-450x450.jpg"]],
   "attribution": null},
 "products":
  [],
 "relationships":
  [],
 "competitions":
  [],
 "providerships":
  [],
 "total_money_raised": "$0",
 "funding_rounds":
  [],
 "investments":
  [],
 "acquisition": null,
 "acquisitions":
  [],
 "offices":
  [{"description": "",
    "address1": "",
    "address2": "",
    "zip_code": "",
    "city": "Dublin",
    "state_code": null,
    "country_code": "IRL",
    "latitude": 53.344104,
    "longitude": -6.2674937}],
 "milestones":
  [],
 "ipo": null,
 "video_embeds":
  [],
 "screenshots":
  [{"available_sizes":
     [[[150,
        112],
       "http://api-images.crunchbase.com/assets/images/resized/0006/7558/67558v2-max-150x150.png"],
      [[250,
        187],
       "http://api-images.crunchbase.com/assets/images/resized/0006/7558/67558v2-max-250x250.png"],
      [[450,
        337],
       "http://api-images.crunchbase.com/assets/images/resized/0006/7558/67558v2-max-450x450.png"]],
    "attribution": null}],
 "external_links":
  [],
 "partners":
  []}
