{"name": "Adena Studios",
 "permalink": "adena-studios",
 "crunchbase_url": "http://www.crunchbase.com/company/adena-studios",
 "homepage_url": "http://adenastudios.com",
 "blog_url": "",
 "blog_feed_url": "",
 "twitter_username": "adenastudios",
 "category_code": "games_video",
 "number_of_employees": null,
 "founded_year": 2006,
 "founded_month": null,
 "founded_day": null,
 "deadpooled_year": null,
 "deadpooled_month": null,
 "deadpooled_day": null,
 "deadpooled_url": null,
 "tag_list": "",
 "alias_list": "",
 "email_address": "jason@adenastudios.com",
 "phone_number": "919.647.9653 ",
 "description": "design and animation",
 "created_at": "Mon Jun 08 20:56:18 UTC 2009",
 "updated_at": "Sat Feb 18 06:26:06 UTC 2012",
 "overview": "\u003Cp\u003EAdena is a creative design and animation studio that was started in 2006 in Raleigh, North Carolina. We focus on motion design for broadcast, commercial, film, and video games as well as interactive design for mobile apps and web.\u003C/p\u003E",
 "image":
  {"available_sizes":
    [[[150,
       93],
      "http://api-images.crunchbase.com/assets/images/resized/0007/3287/73287v2-max-150x150.jpg"],
     [[250,
       156],
      "http://api-images.crunchbase.com/assets/images/resized/0007/3287/73287v2-max-250x250.jpg"],
     [[450,
       281],
      "http://api-images.crunchbase.com/assets/images/resized/0007/3287/73287v2-max-450x450.jpg"]],
   "attribution": null},
 "products":
  [],
 "relationships":
  [{"is_past": false,
    "title": "Founder, President, Executive Producer",
    "person":
     {"first_name": "Jason",
      "last_name": "Bradicich",
      "permalink": "jason-bradicich"}}],
 "competitions":
  [],
 "providerships":
  [],
 "total_money_raised": "$0",
 "funding_rounds":
  [],
 "investments":
  [],
 "acquisition": null,
 "acquisitions":
  [],
 "offices":
  [{"description": "HQ",
    "address1": "",
    "address2": "",
    "zip_code": "",
    "city": "Raleigh-Durham",
    "state_code": "NC",
    "country_code": "USA",
    "latitude": null,
    "longitude": null}],
 "milestones":
  [],
 "ipo": null,
 "video_embeds":
  [],
 "screenshots":
  [],
 "external_links":
  [],
 "partners":
  []}
