{"name": "Adherence Technologies",
 "permalink": "adherence-technologies",
 "crunchbase_url": "http://www.crunchbase.com/company/adherence-technologies",
 "homepage_url": null,
 "blog_url": null,
 "blog_feed_url": null,
 "twitter_username": null,
 "category_code": null,
 "number_of_employees": null,
 "founded_year": null,
 "founded_month": null,
 "founded_day": null,
 "deadpooled_year": null,
 "deadpooled_month": null,
 "deadpooled_day": null,
 "deadpooled_url": null,
 "tag_list": null,
 "alias_list": null,
 "email_address": null,
 "phone_number": null,
 "description": null,
 "created_at": "Fri Dec 05 01:34:10 UTC 2008",
 "updated_at": "Sat Apr 11 19:36:18 UTC 2009",
 "overview": "\u003Cp\u003EAdherence Technologies Corporation is a leading provider of innovative healthcare solutions that combine advanced telephony, web and speech technologies with a focus on clinical value and ease of use. Its products and services improve the quality of care, reduce costs and reduce errors. All Adherence Technologies products and services have a strong applied research foundation based on support from National Institutes of Health research grants. Adherence Technologies assembles, installs and fully supports all of its solutions\u003C/p\u003E",
 "image":
  {"available_sizes":
    [[[150,
       71],
      "http://api-images.crunchbase.com/assets/images/resized/0004/0887/40887v1-max-150x150.png"],
     [[201,
       96],
      "http://api-images.crunchbase.com/assets/images/resized/0004/0887/40887v1-max-250x250.png"],
     [[201,
       96],
      "http://api-images.crunchbase.com/assets/images/resized/0004/0887/40887v1-max-450x450.png"]],
   "attribution": null},
 "products":
  [],
 "relationships":
  [],
 "competitions":
  [],
 "providerships":
  [],
 "total_money_raised": "$0",
 "funding_rounds":
  [],
 "investments":
  [],
 "acquisition":
  {"price_amount": null,
   "price_currency_code": "USD",
   "term_code": "cash",
   "source_url": "http://vocollect.com/global/web.php/en/pr/vocollect_to_acquire_adherence_technologies_corporation1",
   "source_description": "VOCOLLECT TO ACQUIRE ADHERENCE TECHNOLOGIES CORPORATION",
   "acquired_year": 2006,
   "acquired_month": null,
   "acquired_day": null,
   "acquiring_company":
    {"name": "Vocollect",
     "permalink": "vocollect"}},
 "acquisitions":
  [],
 "offices":
  [],
 "milestones":
  [],
 "ipo": null,
 "video_embeds":
  [],
 "screenshots":
  [{"available_sizes":
     [[[150,
        93],
       "http://api-images.crunchbase.com/assets/images/resized/0004/0888/40888v1-max-150x150.png"],
      [[250,
        156],
       "http://api-images.crunchbase.com/assets/images/resized/0004/0888/40888v1-max-250x250.png"],
      [[450,
        281],
       "http://api-images.crunchbase.com/assets/images/resized/0004/0888/40888v1-max-450x450.png"]],
    "attribution": null}],
 "external_links":
  [],
 "partners":
  []}
