{"name": "Adidas",
 "permalink": "adidas",
 "crunchbase_url": "http://www.crunchbase.com/company/adidas",
 "homepage_url": "http://www.adidas.com",
 "blog_url": "http://blog.adidas-group.com/",
 "blog_feed_url": "",
 "twitter_username": "adidas",
 "category_code": "fashion",
 "number_of_employees": 46206,
 "founded_year": 1920,
 "founded_month": null,
 "founded_day": null,
 "deadpooled_year": null,
 "deadpooled_month": null,
 "deadpooled_day": null,
 "deadpooled_url": null,
 "tag_list": "shoes, sports, corporation",
 "alias_list": "",
 "email_address": "",
 "phone_number": "+49 9132 84 0",
 "description": "leading sports brand",
 "created_at": "Tue Mar 17 05:09:53 UTC 2009",
 "updated_at": "Mon Apr 14 04:58:46 UTC 2014",
 "overview": "\u003Cp\u003EAdidas strives to be the leading sports brand in the world an ambitious yet realistic goal. One major lever to achieve this is the brand broad and unique product portfolio spanning from apparel and footwear for professional athletes to premium fashion. It allows adidas to address multiple consumer needs, tackle market opportunities from various angles as well as be less affected by one-dimensional market risks. This product portfolio as well as adidas commitment to excel in all relevant segments differentiates the brand from competitors and ensures solid market growth, while staying true to the brand values. Currently, the brand focuses on five global priorities: Football, Running, Training, Basketball and Originals.\u003C/p\u003E",
 "image":
  {"available_sizes":
    [[[121,
       58],
      "http://api-images.crunchbase.com/assets/images/resized/0006/4217/64217v3-max-150x150.png"],
     [[121,
       58],
      "http://api-images.crunchbase.com/assets/images/resized/0006/4217/64217v3-max-250x250.png"],
     [[121,
       58],
      "http://api-images.crunchbase.com/assets/images/resized/0006/4217/64217v3-max-450x450.png"]],
   "attribution": null},
 "products":
  [],
 "relationships":
  [{"is_past": false,
    "title": "Board Member",
    "person":
     {"first_name": "Herbert",
      "last_name": "Hainer",
      "permalink": "herbert-hainer"}},
   {"is_past": false,
    "title": "Board Member",
    "person":
     {"first_name": "Eric",
      "last_name": "Liedtke",
      "permalink": "eric-liedtke"}},
   {"is_past": false,
    "title": "Board Member",
    "person":
     {"first_name": "Roland",
      "last_name": "Auschel",
      "permalink": "roland-auschel"}},
   {"is_past": false,
    "title": "Board Member",
    "person":
     {"first_name": "Robin J.",
      "last_name": "Stalker",
      "permalink": "robin-j-stalker"}},
   {"is_past": true,
    "title": "CEO - America",
    "person":
     {"first_name": "Steven",
      "last_name": "E. Wynne",
      "permalink": "steven-e-wynne"}},
   {"is_past": true,
    "title": "Recruiter",
    "person":
     {"first_name": "Aimee",
      "last_name": "(Fahey) Levens",
      "permalink": "aimee-fahey"}},
   {"is_past": true,
    "title": "Consultant",
    "person":
     {"first_name": "Jack",
      "last_name": "McCauley",
      "permalink": "jack-mccauley"}},
   {"is_past": true,
    "title": "Developer - Canada",
    "person":
     {"first_name": "Victor",
      "last_name": "Wong",
      "permalink": "victor-wong-2"}},
   {"is_past": true,
    "title": "Head of Apparel",
    "person":
     {"first_name": "Kenneth",
      "last_name": "C. Barker",
      "permalink": "kenneth-c-barker"}},
   {"is_past": true,
    "title": "eMarketing Manager",
    "person":
     {"first_name": "Martin",
      "last_name": "Diessner",
      "permalink": "martin-diessner"}},
   {"is_past": true,
    "title": "Brand Design Intern",
    "person":
     {"first_name": "Willem",
      "last_name": "Van Lancker",
      "permalink": "willem-van-lancker"}},
   {"is_past": true,
    "title": "Director",
    "person":
     {"first_name": "Thomas",
      "last_name": "J. Russell",
      "permalink": "thomas-j-russell"}}],
 "competitions":
  [],
 "providerships":
  [{"title": "Commercial Video Advertising Production",
    "is_past": true,
    "provider":
     {"name": "Mercury Digital Agency",
      "permalink": "mercury-digital-agency"}}],
 "total_money_raised": "$0",
 "funding_rounds":
  [],
 "investments":
  [],
 "acquisition": null,
 "acquisitions":
  [{"price_amount": 70000000.0,
    "price_currency_code": "USD",
    "term_code": null,
    "source_url": "",
    "source_description": "",
    "acquired_year": 2012,
    "acquired_month": 6,
    "acquired_day": null,
    "company":
     {"name": "Adams Golf",
      "permalink": "adams-golf"}}],
 "offices":
  [{"description": "HQ",
    "address1": "Adi-Dassler-Strasse 1",
    "address2": "",
    "zip_code": "97014",
    "city": "Herzogenaurach",
    "state_code": null,
    "country_code": "DEU",
    "latitude": null,
    "longitude": null}],
 "milestones":
  [],
 "ipo":
  {"valuation_amount": null,
   "valuation_currency_code": "USD",
   "pub_year": 2009,
   "pub_month": 4,
   "pub_day": 24,
   "stock_symbol": "ETR:ADS"},
 "video_embeds":
  [],
 "screenshots":
  [{"available_sizes":
     [[[150,
        80],
       "http://api-images.crunchbase.com/assets/images/resized/0045/2108/452108v1-max-150x150.png"],
      [[250,
        134],
       "http://api-images.crunchbase.com/assets/images/resized/0045/2108/452108v1-max-250x250.png"],
      [[450,
        241],
       "http://api-images.crunchbase.com/assets/images/resized/0045/2108/452108v1-max-450x450.png"]],
    "attribution": null}],
 "external_links":
  [{"external_url": "http://www.adidas.co.uk",
    "title": "Adidas UK"},
   {"external_url": "http://en.wikipedia.org/wiki/Adidas",
    "title": "Adidas Wiki"},
   {"external_url": "http://www.riocodes.com/adidas-coupons.html",
    "title": "Adidas Coupons"},
   {"external_url": "http://www.youtube.com/user/adidas",
    "title": "Adidas Videos"},
   {"external_url": "http://instagram.com/adidas",
    "title": "Adidas Instagram"},
   {"external_url": "http://adidasoriginals.tumblr.com/",
    "title": "Adidas Tumblr"}],
 "partners":
  []}
