{"name": "AdJuggler",
 "permalink": "adjuggler",
 "crunchbase_url": "http://www.crunchbase.com/company/adjuggler",
 "homepage_url": "http://www.adjuggler.com",
 "blog_url": "",
 "blog_feed_url": "",
 "twitter_username": "adjuggler",
 "category_code": "software",
 "number_of_employees": 27,
 "founded_year": 2008,
 "founded_month": 6,
 "founded_day": null,
 "deadpooled_year": null,
 "deadpooled_month": null,
 "deadpooled_day": null,
 "deadpooled_url": null,
 "tag_list": "",
 "alias_list": "",
 "email_address": "sales@adjuggler.com",
 "phone_number": "+1.703.914.9700",
 "description": "Digital advertising platform",
 "created_at": "Mon Jan 19 12:52:51 UTC 2009",
 "updated_at": "Fri Aug 31 20:05:57 UTC 2012",
 "overview": "\u003Cp\u003EAn independent company since 2008, AdJuggler is a global leader in on-demand digital ad serving and ad management. The company\u0026#8217;s highly scalable SaaS platform today serves as the digital backbone for more than 200 publishers, ad networks, agencies, and marketers worldwide. We deliver:\u003C/p\u003E\n\n\u003Cp\u003E\u0026gt; AWARD WINNING CUSTOMER SERVICE. AdJuggler offers 24/7/365 genuine local online and telephone support. Yes, we answer the phone when you call. Issues get resolved ASAP. \u003C/p\u003E\n\n\u003Cp\u003E\u0026gt;  The AdJuggler\u00ae platform, an enterprise-grade application for fast-growing publishers, ad networks, and digital marketers\u003C/p\u003E\n\n\u003Cp\u003E\u0026gt;  The Exchange Media Program (EMP), optimized access to more than 30 real-time-bidding (RTB) and quality network advertising sources.\u003C/p\u003E\n\n\u003Cp\u003E\u0026gt;  Outsourced Ad Operations for customers seeking additional campaign and traffic management, so they can focus on new advertiser relationships\u003C/p\u003E\n\n\u003Cp\u003E\u0026gt;  A culture of tailored customer service: a rich API, Custom Development services, and 24/7 telephone support\u003C/p\u003E\n\n\u003Cp\u003EOur customers represent every major content category, including news and local media, sports, gaming, health, men\u0026#8217;s interest, women\u0026#8217;s interest, B2B, technology, social media, and international communities based in every major global geography. AdJuggler, Inc. is a privately held company headquartered in Alexandria, VA with sales locations in Washington, DC, Los Angeles, London, and Singapore\u003C/p\u003E",
 "image":
  {"available_sizes":
    [[[150,
       43],
      "http://api-images.crunchbase.com/assets/images/resized/0003/6098/36098v1-max-150x150.png"],
     [[250,
       72],
      "http://api-images.crunchbase.com/assets/images/resized/0003/6098/36098v1-max-250x250.png"],
     [[288,
       84],
      "http://api-images.crunchbase.com/assets/images/resized/0003/6098/36098v1-max-450x450.png"]],
   "attribution": null},
 "products":
  [],
 "relationships":
  [{"is_past": false,
    "title": "CEO",
    "person":
     {"first_name": "John",
      "last_name": "Shomaker",
      "permalink": "john-shomaker"}},
   {"is_past": false,
    "title": "VP, Product Management",
    "person":
     {"first_name": "Chris",
      "last_name": "Weiss",
      "permalink": "chris-weiss"}},
   {"is_past": false,
    "title": "VP Sales",
    "person":
     {"first_name": "David",
      "last_name": "Waldack",
      "permalink": "david-waldack"}},
   {"is_past": false,
    "title": "VP, Technology",
    "person":
     {"first_name": "Ben",
      "last_name": "Lindquist",
      "permalink": "ben-lindquist"}},
   {"is_past": true,
    "title": "Sales Consultant",
    "person":
     {"first_name": "Sal",
      "last_name": "Leone",
      "permalink": "sal-leone"}}],
 "competitions":
  [],
 "providerships":
  [],
 "total_money_raised": "$0",
 "funding_rounds":
  [],
 "investments":
  [],
 "acquisition": null,
 "acquisitions":
  [],
 "offices":
  [{"description": "",
    "address1": "5440 Cherokee Avenue, Suite 100",
    "address2": "",
    "zip_code": "22312-2374",
    "city": "Alexandria",
    "state_code": "VA",
    "country_code": "USA",
    "latitude": 38.804559,
    "longitude": -77.164776}],
 "milestones":
  [{"id": 26063,
    "description": "Advertising veteran Christopher Weiss named vice president of product marketing. Mr. Weiss joins AdJuggler from LucidMedia, a leading demand-side platform (DSP), enabling numerous advertisers, trading desks, and agencies to leverage real-time bidding (RTB",
    "stoned_year": 2011,
    "stoned_month": 10,
    "stoned_day": 4,
    "source_url": "http://www.adjuggler.com/news/2011-10-03-adjuggler-names-chris-weiss-vp-product-management.php",
    "source_text": null,
    "source_description": "AdJuggler, Inc., Names Chris Weiss VP, Product Management To Expand RTB-Enabled Ad Platform",
    "stoneable_type": "Company",
    "stoned_value": null,
    "stoned_value_type": null,
    "stoned_acquirer": null,
    "stoneable":
     {"name": "AdJuggler",
      "permalink": "adjuggler"}},
   {"id": 26064,
    "description": "AdJuggler announced today that, since the launch of its Exchange Media Program (EMP) in April, it has successfully bid and delivered more than 1 billion real-time bid (RTB) ads on behalf of the company\u2019s ad network and publisher customers.",
    "stoned_year": 2012,
    "stoned_month": 1,
    "stoned_day": 31,
    "source_url": "http://www.adjuggler.com/news/2012-1-31-adjuggler-surpasses-a-billion-rtb-ads.php",
    "source_text": null,
    "source_description": "AdJuggler Surpasses 1 Billion Real-Time Bid Ads And Announces Record Growth",
    "stoneable_type": "Company",
    "stoned_value": null,
    "stoned_value_type": null,
    "stoned_acquirer": null,
    "stoneable":
     {"name": "AdJuggler",
      "permalink": "adjuggler"}},
   {"id": 26065,
    "description": "PubMatic\u2019s platform services are now available to several ad servers such as AdJuggler, Adzerk and Zedo. These companies can now extend PubMatic\u2019s real-time bidding technology to the ad servers\u2019 publisher clients.",
    "stoned_year": 2012,
    "stoned_month": 4,
    "stoned_day": 18,
    "source_url": "http://www.businesswire.com/news/home/20120418005817/en/PubMatic-Adds-Ad-Servers-PubLink-Enterprise-App",
    "source_text": null,
    "source_description": "PubMatic Adds Ad Servers to PubLink Enterprise App Marketplace",
    "stoneable_type": "Company",
    "stoned_value": null,
    "stoned_value_type": null,
    "stoned_acquirer": null,
    "stoneable":
     {"name": "AdJuggler",
      "permalink": "adjuggler"}},
   {"id": 26066,
    "description": "AdJuggler announced today the expansion of its Exchange Media Program (EMP) to include direct bidding into PubMatic\u2019s Sell Side Platform (SSP) and its more than 40 premium demand sources. ",
    "stoned_year": 2012,
    "stoned_month": 7,
    "stoned_day": 17,
    "source_url": "http://www.adjuggler.com/news/2012-7-17-adjuggler-expands-emp-with-pubmatic.php",
    "source_text": null,
    "source_description": "AdJuggler Expands Exchange Media Program with Direct Link to PubMatic",
    "stoneable_type": "Company",
    "stoned_value": null,
    "stoned_value_type": null,
    "stoned_acquirer": null,
    "stoneable":
     {"name": "AdJuggler",
      "permalink": "adjuggler"}}],
 "ipo": null,
 "video_embeds":
  [],
 "screenshots":
  [{"available_sizes":
     [[[150,
        86],
       "http://api-images.crunchbase.com/assets/images/resized/0020/8741/208741v2-max-150x150.png"],
      [[250,
        144],
       "http://api-images.crunchbase.com/assets/images/resized/0020/8741/208741v2-max-250x250.png"],
      [[450,
        260],
       "http://api-images.crunchbase.com/assets/images/resized/0020/8741/208741v2-max-450x450.png"]],
    "attribution": null}],
 "external_links":
  [],
 "partners":
  []}
