{"name": "Adlogix",
 "permalink": "adlogix",
 "crunchbase_url": "http://www.crunchbase.com/company/adlogix",
 "homepage_url": "http://www.Adlogix.eu",
 "blog_url": "",
 "blog_feed_url": "",
 "twitter_username": null,
 "category_code": "advertising",
 "number_of_employees": 7,
 "founded_year": 2007,
 "founded_month": 9,
 "founded_day": 1,
 "deadpooled_year": null,
 "deadpooled_month": null,
 "deadpooled_day": null,
 "deadpooled_url": null,
 "tag_list": "online-advertising, inventory-management, erp, sales-order-processing",
 "alias_list": null,
 "email_address": "info@adlogix.eu",
 "phone_number": "+ 32 2 400 75 00",
 "description": null,
 "created_at": "Wed Dec 03 10:26:30 UTC 2008",
 "updated_at": "Thu Feb 24 04:59:28 UTC 2011",
 "overview": "\u003Cp\u003EAdLogix is an online advertising resource management tool.\u003C/p\u003E\n\n\u003Cp\u003EOur web based solution optimizes the sales process, manages the inventory, streamlines the workflow and generates reporting and analysis for media companies selling online advertising space.\u003C/p\u003E\n\n\u003Cp\u003EAdLogix fundamentals :\u003C/p\u003E\n\n\u003Cul\u003E\n\u003Cli\u003Esales optimization and order management\u003C/li\u003E\n\u003Cli\u003EInventory management\u003C/li\u003E\n\u003Cli\u003EWork Flow management\u003C/li\u003E\n\u003Cli\u003EBusiness reporting \u0026amp; analysis\u003C/li\u003E\n\u003C/ul\u003E\n\n\u003Cp\u003EOur clients spend less time selling their online advertising inventory, while substantially improving their financial bottom line.\u003C/p\u003E",
 "image":
  {"available_sizes":
    [[[150,
       54],
      "http://api-images.crunchbase.com/assets/images/resized/0003/0854/30854v2-max-150x150.png"],
     [[250,
       90],
      "http://api-images.crunchbase.com/assets/images/resized/0003/0854/30854v2-max-250x250.png"],
     [[450,
       163],
      "http://api-images.crunchbase.com/assets/images/resized/0003/0854/30854v2-max-450x450.png"]],
   "attribution": null},
 "products":
  [{"name": "AdLogix",
    "permalink": "adlogix"}],
 "relationships":
  [{"is_past": false,
    "title": "Managing Partner",
    "person":
     {"first_name": "Allan",
      "last_name": "Segebarth",
      "permalink": "allan-segebarth"}}],
 "competitions":
  [{"competitor":
     {"name": "Rapt",
      "permalink": "rapt"}},
   {"competitor":
     {"name": "Operative Media",
      "permalink": "operative"}},
   {"competitor":
     {"name": "Solbright",
      "permalink": "solbright"}},
   {"competitor":
     {"name": "Fivia Adfront",
      "permalink": "fivia-adfront"}}],
 "providerships":
  [],
 "total_money_raised": "$0",
 "funding_rounds":
  [{"id": 4040,
    "round_code": "angel",
    "source_url": "",
    "source_description": "",
    "raised_amount": null,
    "raised_currency_code": null,
    "funded_year": 2007,
    "funded_month": null,
    "funded_day": null,
    "investments":
     []}],
 "investments":
  [],
 "acquisition": null,
 "acquisitions":
  [],
 "offices":
  [{"description": "",
    "address1": "rue Bara 173-177",
    "address2": "",
    "zip_code": "1070",
    "city": "Brussels",
    "state_code": null,
    "country_code": "BEL",
    "latitude": 50.8197063,
    "longitude": 4.325488}],
 "milestones":
  [],
 "ipo": null,
 "video_embeds":
  [],
 "screenshots":
  [],
 "external_links":
  [],
 "partners":
  []}
