{"name": "Administrative Partners",
 "permalink": "administrative-partners",
 "crunchbase_url": "http://www.crunchbase.com/company/administrative-partners",
 "homepage_url": "http://www.api.net",
 "blog_url": "",
 "blog_feed_url": "",
 "twitter_username": null,
 "category_code": null,
 "number_of_employees": null,
 "founded_year": null,
 "founded_month": null,
 "founded_day": null,
 "deadpooled_year": null,
 "deadpooled_month": null,
 "deadpooled_day": null,
 "deadpooled_url": null,
 "tag_list": "",
 "alias_list": "",
 "email_address": "info@api.net",
 "phone_number": "813-221-0376",
 "description": "",
 "created_at": "Tue Aug 11 04:48:49 UTC 2009",
 "updated_at": "Tue Aug 11 04:58:02 UTC 2009",
 "overview": "\u003Cp\u003EAPI has built a solid reputation as a premier technology services provider in the Southeastern United States since 1998. \u003C/p\u003E\n\n\u003Cp\u003EAPI\u0026#8217;s philosophy is to hire telented engineers with excellent people skills; to leverage vendor relationships that benefit their clients; and to develop long term relationships with clients who recognize the benefits technology brings to an organization.\u003C/p\u003E",
 "image":
  {"available_sizes":
    [[[93,
       75],
      "http://api-images.crunchbase.com/assets/images/resized/0005/5902/55902v1-max-150x150.jpg"],
     [[93,
       75],
      "http://api-images.crunchbase.com/assets/images/resized/0005/5902/55902v1-max-250x250.jpg"],
     [[93,
       75],
      "http://api-images.crunchbase.com/assets/images/resized/0005/5902/55902v1-max-450x450.jpg"]],
   "attribution": null},
 "products":
  [],
 "relationships":
  [],
 "competitions":
  [],
 "providerships":
  [],
 "total_money_raised": "$0",
 "funding_rounds":
  [],
 "investments":
  [],
 "acquisition":
  {"price_amount": null,
   "price_currency_code": "USD",
   "term_code": null,
   "source_url": "http://www.tribridge.com/tribridge-news/08-07-04/Tech_Deal_Couples_Homegrown_Firms_with_Acquisition_Tribridge_Grows_to_200_Employees.aspx",
   "source_description": "Tribridge Inc. has bought Administrative Partners Inc.",
   "acquired_year": 2008,
   "acquired_month": 7,
   "acquired_day": 4,
   "acquiring_company":
    {"name": "Tribridge",
     "permalink": "tribridge"}},
 "acquisitions":
  [],
 "offices":
  [{"description": "",
    "address1": "201 E. Kennedy Blvd., Suite 850",
    "address2": "",
    "zip_code": "33602",
    "city": "Tampa",
    "state_code": "FL",
    "country_code": "USA",
    "latitude": 27.947165,
    "longitude": -82.458211}],
 "milestones":
  [],
 "ipo": null,
 "video_embeds":
  [],
 "screenshots":
  [{"available_sizes":
     [[[150,
        104],
       "http://api-images.crunchbase.com/assets/images/resized/0005/5903/55903v1-max-150x150.jpg"],
      [[250,
        174],
       "http://api-images.crunchbase.com/assets/images/resized/0005/5903/55903v1-max-250x250.jpg"],
      [[450,
        313],
       "http://api-images.crunchbase.com/assets/images/resized/0005/5903/55903v1-max-450x450.jpg"]],
    "attribution": null}],
 "external_links":
  [],
 "partners":
  []}
