{"name": "AdNovum",
 "permalink": "adnovum",
 "crunchbase_url": "http://www.crunchbase.com/company/adnovum",
 "homepage_url": "http://www.adnovum.ch",
 "blog_url": "",
 "blog_feed_url": "",
 "twitter_username": "adnovum",
 "category_code": "software",
 "number_of_employees": null,
 "founded_year": 1988,
 "founded_month": null,
 "founded_day": null,
 "deadpooled_year": null,
 "deadpooled_month": null,
 "deadpooled_day": null,
 "deadpooled_url": null,
 "tag_list": null,
 "alias_list": "",
 "email_address": "info@adnovum.ch",
 "phone_number": "41 44 272 61 11",
 "description": "Security Software",
 "created_at": "Thu Jun 04 12:10:14 UTC 2009",
 "updated_at": "Mon Nov 02 09:39:55 UTC 2009",
 "overview": "\u003Cp\u003EdNovum Informatik AG engages in the development, implementation, and integration of customized business applications and security software. It offers application development services in the areas of business and government applications, E-banking, ERP, supply chain management, and enterprise content management; and security engineering services, such as identity and access management, IT Security infrastructure, and single sign-on. The company provides IT consulting services, such as architecture, security, and software engineering. It offers application management services, including application out-tasking, software maintenance, and incident management and support. The company\u00e2\u20ac\u2122s solutions include security products, healthcare, enterprise content management, and facility management. It serves various industries, such as finance, government, insurance, logistics, and telecommunications. \u003C/p\u003E\n\n\u003Cp\u003EThe company was founded in 1988 and is based in Zurich, Switzerland. It has locations in Bern, Switzerland; and Budapest, Hungary. As of March 29, 2007, AdNovum Informatik AG operates as a subsidiary of IHAG Holding Corp.\u003C/p\u003E",
 "image":
  {"available_sizes":
    [[[150,
       33],
      "http://api-images.crunchbase.com/assets/images/resized/0006/4471/64471v1-max-150x150.jpg"],
     [[165,
       37],
      "http://api-images.crunchbase.com/assets/images/resized/0006/4471/64471v1-max-250x250.jpg"],
     [[165,
       37],
      "http://api-images.crunchbase.com/assets/images/resized/0006/4471/64471v1-max-450x450.jpg"]],
   "attribution": null},
 "products":
  [],
 "relationships":
  [],
 "competitions":
  [],
 "providerships":
  [],
 "total_money_raised": "$0",
 "funding_rounds":
  [],
 "investments":
  [],
 "acquisition": null,
 "acquisitions":
  [],
 "offices":
  [{"description": "HQ",
    "address1": "R\u00d1\u2020ntgenstrasse 22",
    "address2": "",
    "zip_code": "8005",
    "city": "Zurich",
    "state_code": null,
    "country_code": "CHE",
    "latitude": null,
    "longitude": null}],
 "milestones":
  [],
 "ipo": null,
 "video_embeds":
  [],
 "screenshots":
  [{"available_sizes":
     [[[150,
        86],
       "http://api-images.crunchbase.com/assets/images/resized/0006/4472/64472v1-max-150x150.jpg"],
      [[250,
        144],
       "http://api-images.crunchbase.com/assets/images/resized/0006/4472/64472v1-max-250x250.jpg"],
      [[450,
        260],
       "http://api-images.crunchbase.com/assets/images/resized/0006/4472/64472v1-max-450x450.jpg"]],
    "attribution": null}],
 "external_links":
  [],
 "partners":
  []}
