{"name": "Adomo",
 "permalink": "adomo",
 "crunchbase_url": "http://www.crunchbase.com/company/adomo",
 "homepage_url": "http://www.adomo.com",
 "blog_url": "",
 "blog_feed_url": "",
 "twitter_username": null,
 "category_code": "messaging",
 "number_of_employees": 40,
 "founded_year": 1999,
 "founded_month": 8,
 "founded_day": null,
 "deadpooled_year": null,
 "deadpooled_month": null,
 "deadpooled_day": null,
 "deadpooled_url": null,
 "tag_list": "",
 "alias_list": null,
 "email_address": "info@adomo.com",
 "phone_number": "(408) 996-7086",
 "description": "Voice and Unified Communication Products",
 "created_at": "Tue Jul 07 00:07:10 UTC 2009",
 "updated_at": "Tue Mar 18 19:44:52 UTC 2014",
 "overview": "\u003Cp\u003EAdomo, Inc. provides messaging solutions that integrate into telephony and data networks of enterprises. It offers pre-installation project management, implementation, and custom speech tuning and voice applications services. The company serves financial, legal, healthcare, and manufacturing industries. \u003C/p\u003E\n\n\u003Cp\u003EAdomo, Inc. was founded in 1999 and is based in Cupertino, California. As of July 24, 2009, Adomo, Inc. operates as a subsidiary of Avaya Inc.\u003C/p\u003E",
 "image":
  {"available_sizes":
    [[[77,
       66],
      "http://api-images.crunchbase.com/assets/images/resized/0005/2036/52036v2-max-150x150.png"],
     [[77,
       66],
      "http://api-images.crunchbase.com/assets/images/resized/0005/2036/52036v2-max-250x250.png"],
     [[77,
       66],
      "http://api-images.crunchbase.com/assets/images/resized/0005/2036/52036v2-max-450x450.png"]],
   "attribution": null},
 "products":
  [{"name": "Adomo Mobile Unified Communications",
    "permalink": "adomo-mobile-unified-communications"}],
 "relationships":
  [{"is_past": false,
    "title": "Chairman",
    "person":
     {"first_name": "Bob",
      "last_name": "Cohn",
      "permalink": "bob-cohn"}},
   {"is_past": false,
    "title": "Board Director",
    "person":
     {"first_name": "Doug",
      "last_name": "Carlisle",
      "permalink": "doug-carlisle"}},
   {"is_past": false,
    "title": "Board of Directors",
    "person":
     {"first_name": "John",
      "last_name": "Arrillaga, Jr.",
      "permalink": "john-arrillaga-jr"}},
   {"is_past": true,
    "title": "VP of Worldwide Sales and Customer Support",
    "person":
     {"first_name": "Rob",
      "last_name": "Farris",
      "permalink": "rob-farris"}},
   {"is_past": true,
    "title": "Director",
    "person":
     {"first_name": "Steve",
      "last_name": "Douty",
      "permalink": "steve-douty"}},
   {"is_past": true,
    "title": "Corporate Controller",
    "person":
     {"first_name": "Sam",
      "last_name": "Hageman",
      "permalink": "sam-hageman"}}],
 "competitions":
  [],
 "providerships":
  [],
 "total_money_raised": "$22M",
 "funding_rounds":
  [{"id": 7174,
    "round_code": "a",
    "source_url": "https://www.venturesource.com/query/coDet.cfm?eid=129439",
    "source_description": "Venture Source",
    "raised_amount": 7000000.0,
    "raised_currency_code": "USD",
    "funded_year": 1999,
    "funded_month": 11,
    "funded_day": 1,
    "investments":
     []},
   {"id": 12124,
    "round_code": "unattributed",
    "source_url": "",
    "source_description": "EDGAR",
    "raised_amount": 15000000.0,
    "raised_currency_code": "USD",
    "funded_year": 2007,
    "funded_month": 6,
    "funded_day": 28,
    "investments":
     [{"company": null,
       "financial_org":
        {"name": "Menlo Ventures",
         "permalink": "menlo-ventures"},
       "person": null},
      {"company": null,
       "financial_org":
        {"name": "Storm Ventures",
         "permalink": "storm-ventures"},
       "person": null}]}],
 "investments":
  [],
 "acquisition":
  {"price_amount": null,
   "price_currency_code": "USD",
   "term_code": null,
   "source_url": "",
   "source_description": "",
   "acquired_year": 2009,
   "acquired_month": 7,
   "acquired_day": 24,
   "acquiring_company":
    {"name": "Avaya",
     "permalink": "avaya"}},
 "acquisitions":
  [],
 "offices":
  [{"description": "HQ",
    "address1": "20401 Stevens Creek Blvd.",
    "address2": "",
    "zip_code": "95014",
    "city": "Cupertino",
    "state_code": "CA",
    "country_code": "USA",
    "latitude": 37.323345,
    "longitude": -122.029954}],
 "milestones":
  [],
 "ipo": null,
 "video_embeds":
  [],
 "screenshots":
  [],
 "external_links":
  [],
 "partners":
  []}
