{"name": "Adpera.com",
 "permalink": "adpera-com",
 "crunchbase_url": "http://www.crunchbase.com/company/adpera-com",
 "homepage_url": "http://www.adpera.com",
 "blog_url": "",
 "blog_feed_url": "",
 "twitter_username": null,
 "category_code": "ecommerce",
 "number_of_employees": 2,
 "founded_year": 2007,
 "founded_month": 11,
 "founded_day": 1,
 "deadpooled_year": null,
 "deadpooled_month": null,
 "deadpooled_day": null,
 "deadpooled_url": null,
 "tag_list": "adpera-deals-online-shopping-coupons-promotion-codes",
 "alias_list": null,
 "email_address": "press@adpera.com",
 "phone_number": "502-851-1038",
 "description": null,
 "created_at": "Wed Dec 31 02:40:36 UTC 2008",
 "updated_at": "Sat Jan 03 14:52:16 UTC 2009",
 "overview": "\u003Cp\u003EAdpera.com\u0026#8217;s inbox has the best e-mails from the over 300 retailers on the internet. Whether you are looking for women\u0026#8217;s dresses, shoes, baby \u0026amp; kid\u0026#8217;s clothing, plus size fashion or plain old t-shirts, our retailers will keep you up to date on the coupons and promotions codes that save you time and money. \u003C/p\u003E",
 "image":
  {"available_sizes":
    [[[150,
       28],
      "http://api-images.crunchbase.com/assets/images/resized/0003/2754/32754v2-max-150x150.png"],
     [[250,
       47],
      "http://api-images.crunchbase.com/assets/images/resized/0003/2754/32754v2-max-250x250.png"],
     [[302,
       57],
      "http://api-images.crunchbase.com/assets/images/resized/0003/2754/32754v2-max-450x450.png"]],
   "attribution": null},
 "products":
  [{"name": "Web Marketing Emails",
    "permalink": "web-marketing-emails"}],
 "relationships":
  [{"is_past": false,
    "title": "Owner",
    "person":
     {"first_name": "Jon",
      "last_name": "Grant",
      "permalink": "jon-grant"}}],
 "competitions":
  [],
 "providerships":
  [],
 "total_money_raised": "$0",
 "funding_rounds":
  [],
 "investments":
  [],
 "acquisition": null,
 "acquisitions":
  [],
 "offices":
  [],
 "milestones":
  [],
 "ipo": null,
 "video_embeds":
  [],
 "screenshots":
  [{"available_sizes":
     [[[150,
        90],
       "http://api-images.crunchbase.com/assets/images/resized/0003/2751/32751v2-max-150x150.png"],
      [[250,
        151],
       "http://api-images.crunchbase.com/assets/images/resized/0003/2751/32751v2-max-250x250.png"],
      [[450,
        272],
       "http://api-images.crunchbase.com/assets/images/resized/0003/2751/32751v2-max-450x450.png"]],
    "attribution": null},
   {"available_sizes":
     [[[150,
        94],
       "http://api-images.crunchbase.com/assets/images/resized/0003/2752/32752v2-max-150x150.png"],
      [[250,
        157],
       "http://api-images.crunchbase.com/assets/images/resized/0003/2752/32752v2-max-250x250.png"],
      [[450,
        283],
       "http://api-images.crunchbase.com/assets/images/resized/0003/2752/32752v2-max-450x450.png"]],
    "attribution": null},
   {"available_sizes":
     [[[150,
        94],
       "http://api-images.crunchbase.com/assets/images/resized/0003/2753/32753v2-max-150x150.png"],
      [[250,
        158],
       "http://api-images.crunchbase.com/assets/images/resized/0003/2753/32753v2-max-250x250.png"],
      [[450,
        284],
       "http://api-images.crunchbase.com/assets/images/resized/0003/2753/32753v2-max-450x450.png"]],
    "attribution": null}],
 "external_links":
  [],
 "partners":
  []}
