{"name": "ADrive",
 "permalink": "adrive",
 "crunchbase_url": "http://www.crunchbase.com/company/adrive",
 "homepage_url": "http://www.adrive.com",
 "blog_url": "http://www.adrive.com/blog",
 "blog_feed_url": "",
 "twitter_username": null,
 "category_code": "web",
 "number_of_employees": null,
 "founded_year": 2007,
 "founded_month": null,
 "founded_day": null,
 "deadpooled_year": null,
 "deadpooled_month": null,
 "deadpooled_day": null,
 "deadpooled_url": null,
 "tag_list": null,
 "alias_list": "",
 "email_address": "support@adrive.com",
 "phone_number": "",
 "description": "",
 "created_at": "Mon Jan 12 20:28:41 UTC 2009",
 "updated_at": "Mon Mar 25 11:29:09 UTC 2013",
 "overview": "\u003Cp\u003EADrive\u00e2\u201e\u00a2 (ADrive.com) leads the online data storage and backup industry by offering the largest amount of free storage and backup on the Internet. We also offer a suite of enhanced service features including increased storage capacity for our premium users, and have extended our services to enterprise customers to help protect their business\u0026#8217; valuable data.\u003C/p\u003E\n\n\u003Cp\u003EADrive offers complete and secure solutions to store, backup, share, access, and edit files from virtually anywhere, at any time. ADrive serves as an online, centralized vault for all important file types including: music, videos, photos, documents, and more.\u003C/p\u003E\n\n\u003Cp\u003EFounded in 2007 by veterans of the storage and networking industry, ADrive was created to meet the demands of our data-intensive world. We understand how fast local hard drives, external hard drives, and other storage devices can be quickly filled with data. We also understand the inconvenience involved in trying to transfer, backup, share, edit, or remotely access such files. Data management can be challenging for most enterprises, and we have custom, enterprise solutions to assist with each company\u0026#8217;s data storage and backup procedures.\u003C/p\u003E",
 "image":
  {"available_sizes":
    [[[150,
       50],
      "http://api-images.crunchbase.com/assets/images/resized/0003/6105/36105v2-max-150x150.jpg"],
     [[200,
       68],
      "http://api-images.crunchbase.com/assets/images/resized/0003/6105/36105v2-max-250x250.jpg"],
     [[200,
       68],
      "http://api-images.crunchbase.com/assets/images/resized/0003/6105/36105v2-max-450x450.jpg"]],
   "attribution": null},
 "products":
  [],
 "relationships":
  [],
 "competitions":
  [],
 "providerships":
  [],
 "total_money_raised": "$0",
 "funding_rounds":
  [],
 "investments":
  [],
 "acquisition": null,
 "acquisitions":
  [],
 "offices":
  [{"description": "",
    "address1": "PO Box 99530",
    "address2": "",
    "zip_code": "94662",
    "city": "Emeryville",
    "state_code": "CA",
    "country_code": "USA",
    "latitude": 37.8317,
    "longitude": -122.2845}],
 "milestones":
  [],
 "ipo": null,
 "video_embeds":
  [],
 "screenshots":
  [],
 "external_links":
  [],
 "partners":
  []}
