{"name": "AdsTamil",
 "permalink": "adstamil",
 "crunchbase_url": "http://www.crunchbase.com/company/adstamil",
 "homepage_url": "http://adstamil.com",
 "blog_url": "",
 "blog_feed_url": "",
 "twitter_username": null,
 "category_code": "advertising",
 "number_of_employees": 10,
 "founded_year": 2005,
 "founded_month": 4,
 "founded_day": 4,
 "deadpooled_year": null,
 "deadpooled_month": null,
 "deadpooled_day": null,
 "deadpooled_url": null,
 "tag_list": "",
 "alias_list": "",
 "email_address": "contact@adstamil.com",
 "phone_number": "416-568-0855",
 "description": "Ad Targeting Consultancy",
 "created_at": "Wed Jan 28 00:35:48 UTC 2009",
 "updated_at": "Mon May 31 23:38:06 UTC 2010",
 "overview": "\u003Cp\u003EOnline Tamil business directory helps clients directly target a specific audience base. They have displays of pictures, maps, and latest promotions about a client\u0026#8217;s business will help to bring customers. \u003C/p\u003E",
 "image":
  {"available_sizes":
    [[[143,
       150],
      "http://api-images.crunchbase.com/assets/images/resized/0003/4962/34962v4-max-150x150.jpg"],
     [[239,
       250],
      "http://api-images.crunchbase.com/assets/images/resized/0003/4962/34962v4-max-250x250.jpg"],
     [[270,
       282],
      "http://api-images.crunchbase.com/assets/images/resized/0003/4962/34962v4-max-450x450.jpg"]],
   "attribution": null},
 "products":
  [],
 "relationships":
  [],
 "competitions":
  [],
 "providerships":
  [],
 "total_money_raised": "$0",
 "funding_rounds":
  [],
 "investments":
  [],
 "acquisition": null,
 "acquisitions":
  [],
 "offices":
  [{"description": "",
    "address1": "",
    "address2": "",
    "zip_code": "",
    "city": "Toronto",
    "state_code": null,
    "country_code": "CAN",
    "latitude": 43.670233,
    "longitude": -79.386755}],
 "milestones":
  [],
 "ipo": null,
 "video_embeds":
  [],
 "screenshots":
  [{"available_sizes":
     [[[150,
        84],
       "http://api-images.crunchbase.com/assets/images/resized/0003/4961/34961v2-max-150x150.jpg"],
      [[250,
        140],
       "http://api-images.crunchbase.com/assets/images/resized/0003/4961/34961v2-max-250x250.jpg"],
      [[450,
        253],
       "http://api-images.crunchbase.com/assets/images/resized/0003/4961/34961v2-max-450x450.jpg"]],
    "attribution": null}],
 "external_links":
  [],
 "partners":
  []}
