{"name": "AdStar",
 "permalink": "adstar",
 "crunchbase_url": "http://www.crunchbase.com/company/adstar",
 "homepage_url": "http://www.adstar.com",
 "blog_url": "",
 "blog_feed_url": "",
 "twitter_username": null,
 "category_code": null,
 "number_of_employees": null,
 "founded_year": 1986,
 "founded_month": null,
 "founded_day": null,
 "deadpooled_year": null,
 "deadpooled_month": null,
 "deadpooled_day": null,
 "deadpooled_url": null,
 "tag_list": "",
 "alias_list": "",
 "email_address": "info@adstar.com",
 "phone_number": "310-577-8255",
 "description": "",
 "created_at": "Tue Jul 07 12:36:26 UTC 2009",
 "updated_at": "Tue Jul 07 12:42:25 UTC 2009",
 "overview": "\u003Cp\u003EAdStar, Inc. has been helping publishers electronically manage ad transactions since 1986. Today, AdStar\u00e2\u20ac\u2122s Web Based Ad Sales applications are used by over 70 major publishers. They are the leading provider of technology and business processes for electronic ad submission from professional advertisers to major metropolitan newspapers. Their Edgil subsidiary is the leading provider of payment processing products to the publishing industry. \u003C/p\u003E",
 "image":
  {"available_sizes":
    [[[150,
       76],
      "http://api-images.crunchbase.com/assets/images/resized/0005/2098/52098v1-max-150x150.png"],
     [[201,
       103],
      "http://api-images.crunchbase.com/assets/images/resized/0005/2098/52098v1-max-250x250.png"],
     [[201,
       103],
      "http://api-images.crunchbase.com/assets/images/resized/0005/2098/52098v1-max-450x450.png"]],
   "attribution": null},
 "products":
  [],
 "relationships":
  [],
 "competitions":
  [],
 "providerships":
  [],
 "total_money_raised": "$0",
 "funding_rounds":
  [],
 "investments":
  [],
 "acquisition": null,
 "acquisitions":
  [{"price_amount": null,
    "price_currency_code": "USD",
    "term_code": null,
    "source_url": "http://www.adstar.com/pr/04-01-08.pdf",
    "source_description": "AdStar Announces Agreement in Principle to Acquire Relevantis",
    "acquired_year": 2008,
    "acquired_month": 4,
    "acquired_day": 1,
    "company":
     {"name": "Relevantis",
      "permalink": "relevantis"}}],
 "offices":
  [{"description": "",
    "address1": "4553 Glencoe Avenue, Suite 300",
    "address2": "",
    "zip_code": "90292",
    "city": "Marina del Rey",
    "state_code": "CA",
    "country_code": "USA",
    "latitude": 33.983543,
    "longitude": -118.432526}],
 "milestones":
  [],
 "ipo": null,
 "video_embeds":
  [],
 "screenshots":
  [],
 "external_links":
  [],
 "partners":
  []}
