{"name": "Adtuitive",
 "permalink": "adtuition",
 "crunchbase_url": "http://www.crunchbase.com/company/adtuition",
 "homepage_url": "http://adtuitive.com",
 "blog_url": "",
 "blog_feed_url": "",
 "twitter_username": null,
 "category_code": "advertising",
 "number_of_employees": 5,
 "founded_year": 2008,
 "founded_month": 7,
 "founded_day": null,
 "deadpooled_year": null,
 "deadpooled_month": null,
 "deadpooled_day": null,
 "deadpooled_url": null,
 "tag_list": "",
 "alias_list": null,
 "email_address": "contact@adtuitive.com",
 "phone_number": "(212) 537-5812",
 "description": "",
 "created_at": "Tue Feb 03 02:07:11 UTC 2009",
 "updated_at": "Wed Jan 06 23:54:52 UTC 2010",
 "overview": "\u003Cp\u003EAdtuitive is a contextually-driven retail product ad platform. Adtuitive works with premier publishers to provide advertising solutions designed to satisfy branding and direct response needs of retail advertisers.  Its matching technology is built on the premise that the greatest variety of ads drives the best product matches to content.\u003C/p\u003E",
 "image":
  {"available_sizes":
    [[[150,
       45],
      "http://api-images.crunchbase.com/assets/images/resized/0003/5512/35512v6-max-150x150.png"],
     [[233,
       71],
      "http://api-images.crunchbase.com/assets/images/resized/0003/5512/35512v6-max-250x250.png"],
     [[233,
       71],
      "http://api-images.crunchbase.com/assets/images/resized/0003/5512/35512v6-max-450x450.png"]],
   "attribution": null},
 "products":
  [],
 "relationships":
  [{"is_past": false,
    "title": "Co-Founder \u0026 CTO",
    "person":
     {"first_name": "Greg",
      "last_name": "Fodor",
      "permalink": "greg-fodor"}},
   {"is_past": false,
    "title": "Co-Founder \u0026 COO",
    "person":
     {"first_name": "Isaac",
      "last_name": "Oates",
      "permalink": "isaac-oates"}},
   {"is_past": false,
    "title": "Advisor",
    "person":
     {"first_name": "Nancy",
      "last_name": "Joyce",
      "permalink": "nancy-joyce"}},
   {"is_past": false,
    "title": "Advisor",
    "person":
     {"first_name": "Matt",
      "last_name": "Cohen",
      "permalink": "matt-cohen"}},
   {"is_past": false,
    "title": "Advisor",
    "person":
     {"first_name": "Joe",
      "last_name": "Meyer",
      "permalink": "joe-meyer"}},
   {"is_past": true,
    "title": "Founder / CEO",
    "person":
     {"first_name": "Jason",
      "last_name": "Davis",
      "permalink": "jason-davis"}},
   {"is_past": true,
    "title": "Advisor",
    "person":
     {"first_name": "Jeff",
      "last_name": "Bennett",
      "permalink": "jeff-bennett"}},
   {"is_past": true,
    "title": "Advisor",
    "person":
     {"first_name": "Jeffrey",
      "last_name": "S. Bennett",
      "permalink": "jeffrey-s-bennett"}},
   {"is_past": true,
    "title": "Advisor",
    "person":
     {"first_name": "Larry",
      "last_name": "Allen",
      "permalink": "larry-allen"}},
   {"is_past": true,
    "title": "",
    "person":
     {"first_name": "Matt",
      "last_name": "Walker",
      "permalink": "matt-walker-4"}}],
 "competitions":
  [],
 "providerships":
  [],
 "total_money_raised": "$1.3M",
 "funding_rounds":
  [{"id": 10477,
    "round_code": "a",
    "source_url": "",
    "source_description": "",
    "raised_amount": 1300000.0,
    "raised_currency_code": "USD",
    "funded_year": 2009,
    "funded_month": 2,
    "funded_day": null,
    "investments":
     []}],
 "investments":
  [],
 "acquisition":
  {"price_amount": null,
   "price_currency_code": "USD",
   "term_code": null,
   "source_url": "http://paidcontent.org/article/419-crafts-site-etsy-buys-ad-platform-adtuitive/",
   "source_description": "Crafts Site Etsy Buys Ad Platform Adtuitive",
   "acquired_year": 2009,
   "acquired_month": 12,
   "acquired_day": 18,
   "acquiring_company":
    {"name": "Etsy",
     "permalink": "etsy"}},
 "acquisitions":
  [],
 "offices":
  [{"description": "",
    "address1": "14 E 33rd St",
    "address2": "8th Floor",
    "zip_code": "10016",
    "city": "New York",
    "state_code": "NY",
    "country_code": "USA",
    "latitude": 40.747219,
    "longitude": -73.98432}],
 "milestones":
  [],
 "ipo": null,
 "video_embeds":
  [],
 "screenshots":
  [],
 "external_links":
  [],
 "partners":
  []}
