{"name": "AdultSpace",
 "permalink": "adultspace",
 "crunchbase_url": "http://www.crunchbase.com/company/adultspace",
 "homepage_url": "http://adultspace.com",
 "blog_url": "",
 "blog_feed_url": "",
 "twitter_username": "adultspacecom",
 "category_code": "social",
 "number_of_employees": null,
 "founded_year": 2006,
 "founded_month": null,
 "founded_day": null,
 "deadpooled_year": null,
 "deadpooled_month": null,
 "deadpooled_day": null,
 "deadpooled_url": null,
 "tag_list": "",
 "alias_list": "",
 "email_address": "",
 "phone_number": "",
 "description": "adult targeted social network",
 "created_at": "Wed Mar 11 18:19:08 UTC 2009",
 "updated_at": "Mon Mar 24 22:28:50 UTC 2014",
 "overview": "\u003Cp\u003EAdultSpace operates as an adult social networking Website Adultspace.com. It offers forums, communication platforms, and entertainment for sexually liberated adults. The company was founded in 2006 and is based in Lilburn, Georgia.\u003C/p\u003E",
 "image":
  {"available_sizes":
    [[[150,
       100],
      "http://api-images.crunchbase.com/assets/images/resized/0003/7783/37783v1-max-150x150.png"],
     [[208,
       139],
      "http://api-images.crunchbase.com/assets/images/resized/0003/7783/37783v1-max-250x250.png"],
     [[208,
       139],
      "http://api-images.crunchbase.com/assets/images/resized/0003/7783/37783v1-max-450x450.png"]],
   "attribution": null},
 "products":
  [{"name": "Adultspace.com",
    "permalink": "adultspace-com"}],
 "relationships":
  [],
 "competitions":
  [],
 "providerships":
  [],
 "total_money_raised": "$2.3M",
 "funding_rounds":
  [{"id": 5266,
    "round_code": "b",
    "source_url": "http://www.techcrunch.com/2009/03/10/adultspace-gets-a-13-million-boost-for-its-adult-social-network/",
    "source_description": "AdultSpace Gets A $1.3 Million Boost For Its Adult Social Network",
    "raised_amount": 1300000.0,
    "raised_currency_code": "USD",
    "funded_year": 2009,
    "funded_month": 3,
    "funded_day": 10,
    "investments":
     []},
   {"id": 5267,
    "round_code": "a",
    "source_url": "http://www.techcrunch.com/2009/03/10/adultspace-gets-a-13-million-boost-for-its-adult-social-network/",
    "source_description": "AdultSpace Gets A $1.3 Million Boost For Its Adult Social Network",
    "raised_amount": 1000000.0,
    "raised_currency_code": "USD",
    "funded_year": 2007,
    "funded_month": 1,
    "funded_day": 1,
    "investments":
     []}],
 "investments":
  [],
 "acquisition": null,
 "acquisitions":
  [{"price_amount": 1000000.0,
    "price_currency_code": "USD",
    "term_code": null,
    "source_url": "",
    "source_description": "",
    "acquired_year": 2009,
    "acquired_month": 4,
    "acquired_day": 22,
    "company":
     {"name": "Affair Match",
      "permalink": "affair-match"}}],
 "offices":
  [{"description": "",
    "address1": "3050 Five Forks Trikum Road",
    "address2": "Suite 247",
    "zip_code": "",
    "city": "Liburn",
    "state_code": "GA",
    "country_code": "USA",
    "latitude": null,
    "longitude": null}],
 "milestones":
  [{"id": 15497,
    "description": "AdultSpace offline as of Friday, June 10, 2011",
    "stoned_year": 2011,
    "stoned_month": 6,
    "stoned_day": 11,
    "source_url": "http://adultspace.com",
    "source_text": null,
    "source_description": "AdultSpace down",
    "stoneable_type": "Company",
    "stoned_value": null,
    "stoned_value_type": null,
    "stoned_acquirer": null,
    "stoneable":
     {"name": "AdultSpace",
      "permalink": "adultspace"}}],
 "ipo": null,
 "video_embeds":
  [],
 "screenshots":
  [],
 "external_links":
  [],
 "partners":
  []}
