{"name": "Advanced Design Utah - Utah Web Design Firm",
 "permalink": "advanced-design-utah-utah-web-design-firm",
 "crunchbase_url": "http://www.crunchbase.com/company/advanced-design-utah-utah-web-design-firm",
 "homepage_url": "http://adutah.com",
 "blog_url": "http://adutah.com/blog",
 "blog_feed_url": "http://adutah.com/feed",
 "twitter_username": "webdesignguyz",
 "category_code": "web",
 "number_of_employees": null,
 "founded_year": 2007,
 "founded_month": 8,
 "founded_day": null,
 "deadpooled_year": null,
 "deadpooled_month": null,
 "deadpooled_day": null,
 "deadpooled_url": null,
 "tag_list": "web-design, website-design, web-development, website-development",
 "alias_list": "",
 "email_address": "support@thewebdesignguyz.com",
 "phone_number": "1.801.709.0526",
 "description": "Website Design",
 "created_at": "Sat Aug 08 23:10:00 UTC 2009",
 "updated_at": "Mon Aug 10 22:14:23 UTC 2009",
 "overview": "\u003Cp\u003EAdvanced Design Utah is a Utah based web design firm that offers web design. Their mission is to help those businesses or individuals on an extremely limited budget have access to the best web design services.\u003C/p\u003E",
 "image":
  {"available_sizes":
    [[[150,
       106],
      "http://api-images.crunchbase.com/assets/images/resized/0005/5706/55706v2-max-150x150.png"],
     [[250,
       177],
      "http://api-images.crunchbase.com/assets/images/resized/0005/5706/55706v2-max-250x250.png"],
     [[256,
       182],
      "http://api-images.crunchbase.com/assets/images/resized/0005/5706/55706v2-max-450x450.png"]],
   "attribution": null},
 "products":
  [],
 "relationships":
  [],
 "competitions":
  [],
 "providerships":
  [],
 "total_money_raised": "$0",
 "funding_rounds":
  [],
 "investments":
  [],
 "acquisition": null,
 "acquisitions":
  [],
 "offices":
  [],
 "milestones":
  [],
 "ipo": null,
 "video_embeds":
  [],
 "screenshots":
  [],
 "external_links":
  [],
 "partners":
  []}
