{"name": "advancedMethod",
 "permalink": "advancedmethod",
 "crunchbase_url": "http://www.crunchbase.com/company/advancedmethod",
 "homepage_url": "http://www.advancedmethod.com",
 "blog_url": "",
 "blog_feed_url": "",
 "twitter_username": null,
 "category_code": "advertising",
 "number_of_employees": null,
 "founded_year": 2002,
 "founded_month": null,
 "founded_day": null,
 "deadpooled_year": null,
 "deadpooled_month": null,
 "deadpooled_day": null,
 "deadpooled_url": null,
 "tag_list": "",
 "alias_list": "",
 "email_address": "info@advancedmethod.com",
 "phone_number": "206-957-2626",
 "description": "Multi media Advertising",
 "created_at": "Tue Aug 11 05:22:46 UTC 2009",
 "updated_at": "Wed Aug 12 22:30:45 UTC 2009",
 "overview": "\u003Cp\u003EadvancedMethod is a full service creative agency specializing in everything from branding and internet advertising, to web design, video production and large scale digital signage rollouts. .AM was founded in 2002. \u003C/p\u003E",
 "image":
  {"available_sizes":
    [[[150,
       39],
      "http://api-images.crunchbase.com/assets/images/resized/0005/5910/55910v1-max-150x150.jpg"],
     [[200,
       52],
      "http://api-images.crunchbase.com/assets/images/resized/0005/5910/55910v1-max-250x250.jpg"],
     [[200,
       52],
      "http://api-images.crunchbase.com/assets/images/resized/0005/5910/55910v1-max-450x450.jpg"]],
   "attribution": null},
 "products":
  [],
 "relationships":
  [],
 "competitions":
  [],
 "providerships":
  [],
 "total_money_raised": "$0",
 "funding_rounds":
  [],
 "investments":
  [],
 "acquisition":
  {"price_amount": null,
   "price_currency_code": "USD",
   "term_code": null,
   "source_url": "http://www.eiki.com/News/Release.aspx?ID=9bbbcf5c-a715-4f4b-ba7a-e4268d4718cf",
   "source_description": "Eiki Digital Systems, Inc. Acquires advancedMethod LLC",
   "acquired_year": 2008,
   "acquired_month": 8,
   "acquired_day": 1,
   "acquiring_company":
    {"name": "Eiki International",
     "permalink": "eiki-international"}},
 "acquisitions":
  [],
 "offices":
  [{"description": "",
    "address1": "5701 6th ave S. suite 463",
    "address2": "",
    "zip_code": "98108",
    "city": "Seattle",
    "state_code": "WA",
    "country_code": "USA",
    "latitude": 47.5518076,
    "longitude": -122.3269301}],
 "milestones":
  [],
 "ipo": null,
 "video_embeds":
  [],
 "screenshots":
  [{"available_sizes":
     [[[150,
        93],
       "http://api-images.crunchbase.com/assets/images/resized/0005/5911/55911v1-max-150x150.jpg"],
      [[250,
        155],
       "http://api-images.crunchbase.com/assets/images/resized/0005/5911/55911v1-max-250x250.jpg"],
      [[450,
        280],
       "http://api-images.crunchbase.com/assets/images/resized/0005/5911/55911v1-max-450x450.jpg"]],
    "attribution": null}],
 "external_links":
  [],
 "partners":
  []}
