{"name": "Advanced Reconnaissance Corporation",
 "permalink": "advanced-reconnaissance-corporation",
 "crunchbase_url": "http://www.crunchbase.com/company/advanced-reconnaissance-corporation",
 "homepage_url": "http://www.advrecon.com",
 "blog_url": "",
 "blog_feed_url": "",
 "twitter_username": null,
 "category_code": null,
 "number_of_employees": null,
 "founded_year": null,
 "founded_month": null,
 "founded_day": null,
 "deadpooled_year": null,
 "deadpooled_month": null,
 "deadpooled_day": null,
 "deadpooled_url": null,
 "tag_list": null,
 "alias_list": "",
 "email_address": "info@advrecon.com",
 "phone_number": "(845)896-0880",
 "description": "engineering technologies",
 "created_at": "Thu Aug 06 06:41:32 UTC 2009",
 "updated_at": "Sun Oct 24 15:23:45 UTC 2010",
 "overview": "\u003Cp\u003EARC has developed unique engineering technologies, yielding sensors which are smaller, smarter, more accurate, more reliable, more durable, and more cost-effective than existing solutions. These sensors are easily integrated with any airborne (including UAV\u0026#8217;s) or ground based platforms and are fully capable of exploiting the potential of tomorrow\u0026#8217;s integration needs. ARC provides a complete turnkey system \u00e2\u20ac\u201c from sensor hardware to data exploitation using proprietary system technology and algorithms not found anywhere else.\u003C/p\u003E",
 "image":
  {"available_sizes":
    [[[150,
       135],
      "http://api-images.crunchbase.com/assets/images/resized/0010/7046/107046v1-max-150x150.png"],
     [[159,
       144],
      "http://api-images.crunchbase.com/assets/images/resized/0010/7046/107046v1-max-250x250.png"],
     [[159,
       144],
      "http://api-images.crunchbase.com/assets/images/resized/0010/7046/107046v1-max-450x450.png"]],
   "attribution": null},
 "products":
  [],
 "relationships":
  [],
 "competitions":
  [],
 "providerships":
  [{"title": "",
    "is_past": false,
    "provider":
     {"name": "Donitza PR - DMC",
      "permalink": "donitza-pr-dmc"}}],
 "total_money_raised": "$0",
 "funding_rounds":
  [],
 "investments":
  [],
 "acquisition": null,
 "acquisitions":
  [],
 "offices":
  [{"description": "HQ",
    "address1": "1401 Route 52",
    "address2": "Suite 101",
    "zip_code": "12524",
    "city": "Fishkill",
    "state_code": "NY",
    "country_code": "USA",
    "latitude": null,
    "longitude": null}],
 "milestones":
  [],
 "ipo": null,
 "video_embeds":
  [],
 "screenshots":
  [{"available_sizes":
     [[[150,
        120],
       "http://api-images.crunchbase.com/assets/images/resized/0010/7048/107048v1-max-150x150.jpg"],
      [[250,
        200],
       "http://api-images.crunchbase.com/assets/images/resized/0010/7048/107048v1-max-250x250.jpg"],
      [[450,
        360],
       "http://api-images.crunchbase.com/assets/images/resized/0010/7048/107048v1-max-450x450.jpg"]],
    "attribution": null}],
 "external_links":
  [],
 "partners":
  []}
