{"name": "Advanced Electron Beams",
 "permalink": "advanced-electron-beams",
 "crunchbase_url": "http://www.crunchbase.com/company/advanced-electron-beams",
 "homepage_url": "http://www.aeb.com",
 "blog_url": "",
 "blog_feed_url": "",
 "twitter_username": "AdvElectrnBeams",
 "category_code": "cleantech",
 "number_of_employees": null,
 "founded_year": 2005,
 "founded_month": null,
 "founded_day": null,
 "deadpooled_year": null,
 "deadpooled_month": null,
 "deadpooled_day": null,
 "deadpooled_url": null,
 "tag_list": "",
 "alias_list": "AEB",
 "email_address": "inquiries@aeb.com",
 "phone_number": "978.658.8600",
 "description": "electron beam technology",
 "created_at": "Tue Aug 04 18:58:30 UTC 2009",
 "updated_at": "Fri Jun 28 09:11:51 UTC 2013",
 "overview": "\u003Cp\u003EAEB\u0026#8217;s compact electron beam emitters replace thermal and chemical processes for cleaner, more efficient, lower-cost manufacturing. For industries such as pharmaceutical, medical devices, food and beverage, printing, and plastics manufacturing, AEB emitters sterilize products and packaging, improve the performance of plastics and other materials, cure inks and coatings and eliminate pollution.\u003C/p\u003E",
 "image":
  {"available_sizes":
    [[[150,
       51],
      "http://api-images.crunchbase.com/assets/images/resized/0005/5243/55243v2-max-150x150.jpg"],
     [[159,
       55],
      "http://api-images.crunchbase.com/assets/images/resized/0005/5243/55243v2-max-250x250.jpg"],
     [[159,
       55],
      "http://api-images.crunchbase.com/assets/images/resized/0005/5243/55243v2-max-450x450.jpg"]],
   "attribution": null},
 "products":
  [],
 "relationships":
  [{"is_past": false,
    "title": "Managing Director",
    "person":
     {"first_name": "Peter",
      "last_name": "Michael Belz",
      "permalink": "peter-michael-belz"}},
   {"is_past": false,
    "title": "Board of Directors",
    "person":
     {"first_name": "Charles",
      "last_name": "McDermott",
      "permalink": "charles-mcdermott"}},
   {"is_past": false,
    "title": "Managing Director",
    "person":
     {"first_name": "Jochen",
      "last_name": "Gunzel",
      "permalink": "jochen-gunzel"}},
   {"is_past": false,
    "title": "Board Member",
    "person":
     {"first_name": "James",
      "last_name": "V. Matheson",
      "permalink": "james-v-matheson"}},
   {"is_past": true,
    "title": "CEO",
    "person":
     {"first_name": "Richard",
      "last_name": "M. Feldt",
      "permalink": "richard-m-feldt"}},
   {"is_past": true,
    "title": "CEO \u0026Chairman",
    "person":
     {"first_name": "Mitch",
      "last_name": "Tyson",
      "permalink": "mitch-tyson"}},
   {"is_past": true,
    "title": "CEO \u0026 President",
    "person":
     {"first_name": "Rick",
      "last_name": "Feldt",
      "permalink": "rick-feldt"}},
   {"is_past": true,
    "title": "Chief Financial Officer",
    "person":
     {"first_name": "Larry",
      "last_name": "Mihalchik",
      "permalink": "larry-mihalchik"}},
   {"is_past": true,
    "title": "Board Member",
    "person":
     {"first_name": "Jeff",
      "last_name": "Fagnan",
      "permalink": "jeff-fagnan"}},
   {"is_past": true,
    "title": "Director of Engineering",
    "person":
     {"first_name": "Mike",
      "last_name": "Bufano",
      "permalink": "mike-bufano"}}],
 "competitions":
  [],
 "providerships":
  [],
 "total_money_raised": "$14.2M",
 "funding_rounds":
  [{"id": 7865,
    "round_code": "c",
    "source_url": "http://earth2tech.com/2009/08/04/ge-beams-more-cash-into-advanced-electron-tech/",
    "source_description": "http://earth2tech.com/2009/08/04/ge-beams-more-cash-into-advanced-electron-tech/",
    "raised_amount": 14200000.0,
    "raised_currency_code": "USD",
    "funded_year": 2009,
    "funded_month": 8,
    "funded_day": 4,
    "investments":
     [{"company":
        {"name": "General Electric",
         "permalink": "general-electric"},
       "financial_org": null,
       "person": null},
      {"company": null,
       "financial_org":
        {"name": "Flagship Ventures",
         "permalink": "flagship-ventures"},
       "person": null},
      {"company": null,
       "financial_org":
        {"name": "Atlas Venture",
         "permalink": "atlas-venture"},
       "person": null},
      {"company": null,
       "financial_org":
        {"name": "General Catalyst Partners",
         "permalink": "general-catalyst-partners"},
       "person": null},
      {"company": null,
       "financial_org":
        {"name": "RockPort Capital Partners",
         "permalink": "rockport-capital-partners"},
       "person": null},
      {"company": null,
       "financial_org":
        {"name": "Agman Partners",
         "permalink": "agman-partners"},
       "person": null}]}],
 "investments":
  [],
 "acquisition": null,
 "acquisitions":
  [],
 "offices":
  [{"description": "Headquarters",
    "address1": "301 Ballardvale Street",
    "address2": "",
    "zip_code": "01887",
    "city": "Wilmington",
    "state_code": "MA",
    "country_code": "USA",
    "latitude": 42.5905997,
    "longitude": -71.1594929}],
 "milestones":
  [{"id": 13678,
    "description": "entered a strategic agreement with a \u00e2\u20ac\u0153leading\u00e2\u20ac\u009d Japanese original equipment manufacturer, made possible by the introduction of a new electron beam emitter for sterilizing bottles",
    "stoned_year": 2011,
    "stoned_month": 3,
    "stoned_day": 24,
    "source_url": "http://www.masshightech.com/stories/2011/03/21/daily46-Advanced-Electron-Beams-forms-deal-with-Japanese-manufacturer.html",
    "source_text": null,
    "source_description": "Advanced Electron Beams forms deal with Japanese manufacturer",
    "stoneable_type": "Company",
    "stoned_value": null,
    "stoned_value_type": null,
    "stoned_acquirer": null,
    "stoneable":
     {"name": "Advanced Electron Beams",
      "permalink": "advanced-electron-beams"}}],
 "ipo": null,
 "video_embeds":
  [],
 "screenshots":
  [],
 "external_links":
  [],
 "partners":
  []}
