{"name": "Advanced Power Projects",
 "permalink": "advanced-power-projects",
 "crunchbase_url": "http://www.crunchbase.com/company/advanced-power-projects",
 "homepage_url": "http://www.advancedpowerprojects.com",
 "blog_url": "",
 "blog_feed_url": "",
 "twitter_username": null,
 "category_code": "cleantech",
 "number_of_employees": null,
 "founded_year": 2009,
 "founded_month": 1,
 "founded_day": 1,
 "deadpooled_year": 2011,
 "deadpooled_month": 7,
 "deadpooled_day": 14,
 "deadpooled_url": "",
 "tag_list": "",
 "alias_list": "",
 "email_address": "info@powerpi.com",
 "phone_number": "510-651-7500",
 "description": "",
 "created_at": "Fri Jul 10 11:00:42 UTC 2009",
 "updated_at": "Fri Oct 04 11:15:36 UTC 2013",
 "overview": "\u003Cp\u003EAdvanced Power Projects, Inc. (POWER) is dedicated to improving existing power plants by increasing plant output and efficiency, while reducing NOx and greenhouse gas emissions, and developing clean, efficient new power plants. POWER was formed in 2006 by Pete Cartwright and Tom Mason.\u003C/p\u003E",
 "image":
  {"available_sizes":
    [[[150,
       78],
      "http://api-images.crunchbase.com/assets/images/resized/0005/2508/52508v1-max-150x150.png"],
     [[205,
       107],
      "http://api-images.crunchbase.com/assets/images/resized/0005/2508/52508v1-max-250x250.png"],
     [[205,
       107],
      "http://api-images.crunchbase.com/assets/images/resized/0005/2508/52508v1-max-450x450.png"]],
   "attribution": null},
 "products":
  [],
 "relationships":
  [],
 "competitions":
  [],
 "providerships":
  [],
 "total_money_raised": "$13M",
 "funding_rounds":
  [{"id": 7358,
    "round_code": "a",
    "source_url": "http://venturebeat.com/2008/03/18/advanced-power-projects-for-power-plant-efficiency-takes-first-funding/",
    "source_description": "Advanced Power Projects, for power plant efficiency, takes first funding",
    "raised_amount": 13000000.0,
    "raised_currency_code": "USD",
    "funded_year": 2008,
    "funded_month": 3,
    "funded_day": 18,
    "investments":
     [{"company": null,
       "financial_org":
        {"name": "Bay Partners",
         "permalink": "bay-partners"},
       "person": null},
      {"company": null,
       "financial_org":
        {"name": "Sequoia Capital",
         "permalink": "sequoia-capital"},
       "person": null},
      {"company": null,
       "financial_org":
        {"name": "Redpoint Ventures",
         "permalink": "redpoint-ventures"},
       "person": null}]}],
 "investments":
  [],
 "acquisition": null,
 "acquisitions":
  [],
 "offices":
  [{"description": "",
    "address1": "43801 Mission Blvd, Suite 103",
    "address2": "",
    "zip_code": "94539",
    "city": "Fremont",
    "state_code": "CA",
    "country_code": "USA",
    "latitude": 37.5252461,
    "longitude": -121.9178417}],
 "milestones":
  [],
 "ipo": null,
 "video_embeds":
  [],
 "screenshots":
  [{"available_sizes":
     [[[150,
        66],
       "http://api-images.crunchbase.com/assets/images/resized/0005/2509/52509v1-max-150x150.jpg"],
      [[250,
        111],
       "http://api-images.crunchbase.com/assets/images/resized/0005/2509/52509v1-max-250x250.jpg"],
      [[450,
        200],
       "http://api-images.crunchbase.com/assets/images/resized/0005/2509/52509v1-max-450x450.jpg"]],
    "attribution": null}],
 "external_links":
  [],
 "partners":
  []}
