{"name": "Adventi",
 "permalink": "adventi",
 "crunchbase_url": "http://www.crunchbase.com/company/adventi",
 "homepage_url": "http://www.adventi.com",
 "blog_url": "",
 "blog_feed_url": "",
 "twitter_username": null,
 "category_code": "consulting",
 "number_of_employees": null,
 "founded_year": null,
 "founded_month": null,
 "founded_day": null,
 "deadpooled_year": 2010,
 "deadpooled_month": 6,
 "deadpooled_day": 12,
 "deadpooled_url": "",
 "tag_list": "",
 "alias_list": "",
 "email_address": "info@adventi.com",
 "phone_number": "0845 606 2641",
 "description": "",
 "created_at": "Sat Jul 04 01:43:53 UTC 2009",
 "updated_at": "Thu Oct 03 11:24:30 UTC 2013",
 "overview": "\u003Cp\u003EAdventi was formed in 2002 by Graham Bucknall, the aim of the business was to provide IT support to small businesses that did not have their own IT support function. The target in the \u00ef\u00ac\u0081rst year was sign up 60 clients. In 2003, the company acquired the IT support division of CVG, this was the \u00ef\u00ac\u0081rst acquisition and expanded the business resulting in the company having operational bases in Edinburgh and Glasgow. It doubled the client base and by now was employing circa 30 people. \u003C/p\u003E\n\n\u003Cp\u003EIn 2005, Adventi acquired Scotsys creating a business with a turnover of \u00c2\u00a316M. Adventi, already an accredited Microsoft Partner moved into new territory with Scotsys, a company providing Apple products through two retail outlets and supplying over 80% of Apple Mac computers into schools in Scotland. Scotsys also had a training business\u003C/p\u003E\n\n\u003Cp\u003EIn 2007, the business now known as The Adventi Group acquires Integral Arm, a managed services business with circa 400 clients.\u003C/p\u003E\n\n\u003Cp\u003EToday, Adventi is a full service IT business providing a range of IT products, services and solutions to a client base in excess of 600 and growing. Our partnerships with some of the world\u00e2\u20ac\u2122s leading IT business, such as Microsoft, Cisco, Apple, Steljes and HP results in a innovatively unique set of propositions unmatched in the UK.. \u003C/p\u003E",
 "image":
  {"available_sizes":
    [[[150,
       60],
      "http://api-images.crunchbase.com/assets/images/resized/0005/1804/51804v1-max-150x150.jpg"],
     [[205,
       82],
      "http://api-images.crunchbase.com/assets/images/resized/0005/1804/51804v1-max-250x250.jpg"],
     [[205,
       82],
      "http://api-images.crunchbase.com/assets/images/resized/0005/1804/51804v1-max-450x450.jpg"]],
   "attribution": null},
 "products":
  [],
 "relationships":
  [],
 "competitions":
  [],
 "providerships":
  [],
 "total_money_raised": "$2.93M",
 "funding_rounds":
  [{"id": 7134,
    "round_code": "unattributed",
    "source_url": "http://www.adventi.com/index.php?option=com_content\u0026task=view\u0026id=95\u0026Itemid=193",
    "source_description": "Adventi secures funding for growth",
    "raised_amount": 840000.0,
    "raised_currency_code": "USD",
    "funded_year": 2009,
    "funded_month": 3,
    "funded_day": 3,
    "investments":
     [{"company": null,
       "financial_org":
        {"name": "Scottish Investment Bank",
         "permalink": "scottish-investment-bank"},
       "person": null},
      {"company": null,
       "financial_org":
        {"name": "Archangel Informal Investments",
         "permalink": "archangel-informal-investments-limited"},
       "person": null}]},
   {"id": 18236,
    "round_code": "unattributed",
    "source_url": "http://www.highbeam.com/doc/1P2-10010296.html",
    "source_description": "Cash bolsters Adventi's IT ambitions",
    "raised_amount": 2090000.0,
    "raised_currency_code": "USD",
    "funded_year": 2005,
    "funded_month": 7,
    "funded_day": 24,
    "investments":
     [{"company": null,
       "financial_org":
        {"name": "Scottish Investment Bank",
         "permalink": "scottish-investment-bank"},
       "person": null},
      {"company": null,
       "financial_org":
        {"name": "Archangel Informal Investments",
         "permalink": "archangel-informal-investments-limited"},
       "person": null}]}],
 "investments":
  [],
 "acquisition": null,
 "acquisitions":
  [],
 "offices":
  [{"description": "",
    "address1": "10 James Street  Righead Industrial Park",
    "address2": "",
    "zip_code": "ML4 3LU",
    "city": "Bellshill",
    "state_code": null,
    "country_code": "GBR",
    "latitude": 55.8258935,
    "longitude": -4.0397147}],
 "milestones":
  [],
 "ipo": null,
 "video_embeds":
  [],
 "screenshots":
  [{"available_sizes":
     [[[150,
        94],
       "http://api-images.crunchbase.com/assets/images/resized/0005/1803/51803v1-max-150x150.jpg"],
      [[250,
        158],
       "http://api-images.crunchbase.com/assets/images/resized/0005/1803/51803v1-max-250x250.jpg"],
      [[450,
        284],
       "http://api-images.crunchbase.com/assets/images/resized/0005/1803/51803v1-max-450x450.jpg"]],
    "attribution": null}],
 "external_links":
  [],
 "partners":
  []}
