{"name": "Advent Solar",
 "permalink": "advent-solar",
 "crunchbase_url": "http://www.crunchbase.com/company/advent-solar",
 "homepage_url": "http://www.adventsolar.com",
 "blog_url": "",
 "blog_feed_url": "",
 "twitter_username": null,
 "category_code": "cleantech",
 "number_of_employees": null,
 "founded_year": null,
 "founded_month": null,
 "founded_day": null,
 "deadpooled_year": null,
 "deadpooled_month": null,
 "deadpooled_day": null,
 "deadpooled_url": null,
 "tag_list": "solar, solar-panels, photovoltaics, pv",
 "alias_list": "",
 "email_address": "",
 "phone_number": "",
 "description": "Silicon PV modules",
 "created_at": "Tue Jun 30 23:38:38 UTC 2009",
 "updated_at": "Wed Jul 01 00:05:33 UTC 2009",
 "overview": "\u003Cp\u003EAdvent Solar produces silicon photovoltaic cell-to-module technology.\nBased in Albuquerque, New Mexico, U.S.A., the company focuses on delivering intellectual property (IP) for intelligent, high-energy silicon photovoltaic (PV) solutions. With patented, advanced technologies, Advent Solar enables higher value products that are Beautiful by Design\u00e2\u201e\u00a2, changing the rules for smart grid economics.\u003C/p\u003E\n\n\u003Cp\u003EAdvent Solar provides its industry-leading Ventura\u00e2\u201e\u00a2 Technology through a licensing model. Ventura Solar Technology is a comprehensive cell-to-module architecture for high-performance solar modules that deliver the industry\u00e2\u20ac\u2122s best value for silicon PV modules. \u003C/p\u003E",
 "image":
  {"available_sizes":
    [[[150,
       30],
      "http://api-images.crunchbase.com/assets/images/resized/0005/1445/51445v1-max-150x150.png"],
     [[250,
       50],
      "http://api-images.crunchbase.com/assets/images/resized/0005/1445/51445v1-max-250x250.png"],
     [[450,
       90],
      "http://api-images.crunchbase.com/assets/images/resized/0005/1445/51445v1-max-450x450.png"]],
   "attribution": null},
 "products":
  [],
 "relationships":
  [{"is_past": false,
    "title": "Board of Directors",
    "person":
     {"first_name": "Tucker",
      "last_name": "Twitmyer",
      "permalink": "tucker-twitmyer"}},
   {"is_past": true,
    "title": "Director, Engineering",
    "person":
     {"first_name": "Tu",
      "last_name": "Du",
      "permalink": "tu-du"}},
   {"is_past": true,
    "title": "Board Member",
    "person":
     {"first_name": "Bill",
      "last_name": "Kingsley",
      "permalink": "bill-kingsley"}}],
 "competitions":
  [],
 "providerships":
  [],
 "total_money_raised": "$0",
 "funding_rounds":
  [{"id": 7068,
    "round_code": "angel",
    "source_url": "",
    "source_description": "",
    "raised_amount": null,
    "raised_currency_code": null,
    "funded_year": 2003,
    "funded_month": 1,
    "funded_day": 1,
    "investments":
     [{"company": null,
       "financial_org": null,
       "person":
        {"first_name": "Sunil",
         "last_name": "Paul",
         "permalink": "sunil-paul"}},
      {"company": null,
       "financial_org": null,
       "person":
        {"first_name": "Reid",
         "last_name": "Hoffman",
         "permalink": "reid-hoffman"}},
      {"company": null,
       "financial_org":
        {"name": "Angels with Attitude",
         "permalink": "angels-with-attitude"},
       "person": null}]}],
 "investments":
  [],
 "acquisition":
  {"price_amount": null,
   "price_currency_code": "USD",
   "term_code": null,
   "source_url": "http://green.venturebeat.com/2009/11/09/applied-materials-grows-solar-business-buys-advent-solar/",
   "source_description": "Applied Materials grows solar business, buys Advent Solar",
   "acquired_year": 2009,
   "acquired_month": 11,
   "acquired_day": null,
   "acquiring_company":
    {"name": "Scout Labs",
     "permalink": "scoutlabs"}},
 "acquisitions":
  [],
 "offices":
  [],
 "milestones":
  [],
 "ipo": null,
 "video_embeds":
  [],
 "screenshots":
  [{"available_sizes":
     [[[150,
        76],
       "http://api-images.crunchbase.com/assets/images/resized/0005/1446/51446v1-max-150x150.jpg"],
      [[250,
        126],
       "http://api-images.crunchbase.com/assets/images/resized/0005/1446/51446v1-max-250x250.jpg"],
      [[450,
        228],
       "http://api-images.crunchbase.com/assets/images/resized/0005/1446/51446v1-max-450x450.jpg"]],
    "attribution": null}],
 "external_links":
  [],
 "partners":
  []}
