{"name": "Adventure Central",
 "permalink": "adventure-central",
 "crunchbase_url": "http://www.crunchbase.com/company/adventure-central",
 "homepage_url": "http://www.adventurecentral.com",
 "blog_url": "",
 "blog_feed_url": "",
 "twitter_username": "CentralNL",
 "category_code": "ecommerce",
 "number_of_employees": null,
 "founded_year": 2003,
 "founded_month": 1,
 "founded_day": 1,
 "deadpooled_year": null,
 "deadpooled_month": null,
 "deadpooled_day": null,
 "deadpooled_url": null,
 "tag_list": "travel, marketplace, saas, global-distribution-system",
 "alias_list": "",
 "email_address": "",
 "phone_number": "",
 "description": "Adventure Travel",
 "created_at": "Sat Mar 21 19:03:31 UTC 2009",
 "updated_at": "Sun Apr 07 07:48:52 UTC 2013",
 "overview": "\u003Cp\u003EAdventure Central is the leading provider of innovative online booking and distribution services for the adventure and experiential travel industry. \u003C/p\u003E\n\n\u003Cp\u003EThe web-based company facilitates the booking process for individuals looking for adventure travel activities. Customers are able to begin their search and securely book a trip on our site from start to finish.\u003C/p\u003E",
 "image":
  {"available_sizes":
    [[[150,
       28],
      "http://api-images.crunchbase.com/assets/images/resized/0004/0140/40140v1-max-150x150.png"],
     [[250,
       47],
      "http://api-images.crunchbase.com/assets/images/resized/0004/0140/40140v1-max-250x250.png"],
     [[309,
       59],
      "http://api-images.crunchbase.com/assets/images/resized/0004/0140/40140v1-max-450x450.png"]],
   "attribution": null},
 "products":
  [],
 "relationships":
  [{"is_past": false,
    "title": "Board Member",
    "person":
     {"first_name": "Richard",
      "last_name": "Bangs",
      "permalink": "richard-bangs"}},
   {"is_past": true,
    "title": "V.P.-Operations, Co-Founder",
    "person":
     {"first_name": "Jamie",
      "last_name": "Adler",
      "permalink": "jamie-adler"}}],
 "competitions":
  [],
 "providerships":
  [],
 "total_money_raised": "$0",
 "funding_rounds":
  [],
 "investments":
  [],
 "acquisition":
  {"price_amount": null,
   "price_currency_code": "USD",
   "term_code": "stock",
   "source_url": "http://newsblaze.com/story/2009031903145600003.mwir/topstory.html",
   "source_description": "AdventureLink Acquires Key Competitor, Adventure Central",
   "acquired_year": 2009,
   "acquired_month": 3,
   "acquired_day": 20,
   "acquiring_company":
    {"name": "AdventureLink Travel Inc.",
     "permalink": "adventurelink"}},
 "acquisitions":
  [],
 "offices":
  [{"description": "",
    "address1": "1517 BLAKE ST",
    "address2": "#200, Denver,",
    "zip_code": "80202",
    "city": "Colorado",
    "state_code": null,
    "country_code": "USA",
    "latitude": null,
    "longitude": null}],
 "milestones":
  [],
 "ipo": null,
 "video_embeds":
  [],
 "screenshots":
  [{"available_sizes":
     [[[150,
        123],
       "http://api-images.crunchbase.com/assets/images/resized/0004/0143/40143v1-max-150x150.png"],
      [[250,
        206],
       "http://api-images.crunchbase.com/assets/images/resized/0004/0143/40143v1-max-250x250.png"],
      [[450,
        371],
       "http://api-images.crunchbase.com/assets/images/resized/0004/0143/40143v1-max-450x450.png"]],
    "attribution": null}],
 "external_links":
  [],
 "partners":
  []}
