{"name": "AdventureDrop",
 "permalink": "adventuredrop",
 "crunchbase_url": "http://www.crunchbase.com/company/adventuredrop",
 "homepage_url": "http://www.adventuredrop.com",
 "blog_url": "http://www.adventuredrop.com/Blog/",
 "blog_feed_url": "",
 "twitter_username": null,
 "category_code": "web",
 "number_of_employees": 6,
 "founded_year": 2008,
 "founded_month": null,
 "founded_day": null,
 "deadpooled_year": null,
 "deadpooled_month": null,
 "deadpooled_day": null,
 "deadpooled_url": null,
 "tag_list": "travel, adventure, adventure-travel, outdoor, activities",
 "alias_list": "",
 "email_address": "staff@adventuredrop.com",
 "phone_number": "408-832-8536",
 "description": "Outdoor Adventure Site",
 "created_at": "Mon Feb 02 20:21:53 UTC 2009",
 "updated_at": "Mon Apr 06 19:03:51 UTC 2009",
 "overview": "\u003Cp\u003EAdventrureDrop is the go to destination to research, review, post, and edit adventures. AdventureDrop is an adventure community based on the fundamental values of the true trailblazer and designed to promote outdoor adventuring, exploration and knowledge.  It is a community based knowledge center, as they believe that in order to get a true understanding of any adventure we need the community to contribute their knowledge and first hand experiences. The platform is written in a wiki technology so that users can edit and add to the adventure database. \u003C/p\u003E",
 "image":
  {"available_sizes":
    [[[150,
       51],
      "http://api-images.crunchbase.com/assets/images/resized/0003/6064/36064v2-max-150x150.jpg"],
     [[250,
       85],
      "http://api-images.crunchbase.com/assets/images/resized/0003/6064/36064v2-max-250x250.jpg"],
     [[272,
       93],
      "http://api-images.crunchbase.com/assets/images/resized/0003/6064/36064v2-max-450x450.jpg"]],
   "attribution": null},
 "products":
  [{"name": "Adventure Travel Wiki",
    "permalink": "adventure-travel-wiki"}],
 "relationships":
  [{"is_past": false,
    "title": "CEO",
    "person":
     {"first_name": "Jonathan",
      "last_name": "McNulty",
      "permalink": "jonathan-mcnulty"}}],
 "competitions":
  [{"competitor":
     {"name": "TripAdvisor",
      "permalink": "tripadvisor"}},
   {"competitor":
     {"name": "Tripwolf",
      "permalink": "tripwolf"}},
   {"competitor":
     {"name": "Uptake",
      "permalink": "uptake"}},
   {"competitor":
     {"name": "GeckoGo",
      "permalink": "geckogo"}}],
 "providerships":
  [],
 "total_money_raised": "$100k",
 "funding_rounds":
  [{"id": 4999,
    "round_code": "seed",
    "source_url": "",
    "source_description": "",
    "raised_amount": 100000.0,
    "raised_currency_code": "USD",
    "funded_year": 2008,
    "funded_month": 5,
    "funded_day": 1,
    "investments":
     []}],
 "investments":
  [],
 "acquisition": null,
 "acquisitions":
  [],
 "offices":
  [{"description": "Silicon Valley Office",
    "address1": "334 Santana Row",
    "address2": "Suite #330",
    "zip_code": "95128",
    "city": "San Jose",
    "state_code": "CA",
    "country_code": "USA",
    "latitude": 37.3218356,
    "longitude": -121.9478049}],
 "milestones":
  [],
 "ipo": null,
 "video_embeds":
  [],
 "screenshots":
  [{"available_sizes":
     [[[150,
        112],
       "http://api-images.crunchbase.com/assets/images/resized/0003/5480/35480v2-max-150x150.jpg"],
      [[250,
        187],
       "http://api-images.crunchbase.com/assets/images/resized/0003/5480/35480v2-max-250x250.jpg"],
      [[450,
        336],
       "http://api-images.crunchbase.com/assets/images/resized/0003/5480/35480v2-max-450x450.jpg"]],
    "attribution": null}],
 "external_links":
  [{"external_url": "http://www.lightecho.com/index.php/internet-technology/new-site-review-adventuredropcom",
    "title": ""},
   {"external_url": "http://startupmeme.com/adventuredrop-the-wikipedia-to-be-of-travel/",
    "title": ""}],
 "partners":
  []}
