{"name": "Adventure Areas",
 "permalink": "adventure-areas",
 "crunchbase_url": "http://www.crunchbase.com/company/adventure-areas",
 "homepage_url": "http://www.adventureareas.com",
 "blog_url": "",
 "blog_feed_url": "",
 "twitter_username": null,
 "category_code": "web",
 "number_of_employees": 10,
 "founded_year": 2008,
 "founded_month": 10,
 "founded_day": 1,
 "deadpooled_year": null,
 "deadpooled_month": null,
 "deadpooled_day": null,
 "deadpooled_url": null,
 "tag_list": "travel, blog, geotag, gps, map, adventure, activity, sport, athlete",
 "alias_list": null,
 "email_address": "support@adventureareas.com",
 "phone_number": "",
 "description": "Adventure Sports and Travel",
 "created_at": "Fri Apr 03 12:01:56 UTC 2009",
 "updated_at": "Tue Apr 07 15:41:36 UTC 2009",
 "overview": "\u003Cp\u003EAdventure Areas is a worldwide online community allowing adventure sports and travel fans to connect and share their passion.  The site facilitates trip and adventure research and communication with others around the world.\u003C/p\u003E",
 "image":
  {"available_sizes":
    [[[128,
       119],
      "http://api-images.crunchbase.com/assets/images/resized/0004/0133/40133v2-max-150x150.png"],
     [[128,
       119],
      "http://api-images.crunchbase.com/assets/images/resized/0004/0133/40133v2-max-250x250.png"],
     [[128,
       119],
      "http://api-images.crunchbase.com/assets/images/resized/0004/0133/40133v2-max-450x450.png"]],
   "attribution": null},
 "products":
  [],
 "relationships":
  [{"is_past": true,
    "title": "Founder",
    "person":
     {"first_name": "Craig",
      "last_name": "Tadlock",
      "permalink": "craig-tadlock"}}],
 "competitions":
  [],
 "providerships":
  [],
 "total_money_raised": "$0",
 "funding_rounds":
  [],
 "investments":
  [],
 "acquisition": null,
 "acquisitions":
  [],
 "offices":
  [],
 "milestones":
  [],
 "ipo": null,
 "video_embeds":
  [],
 "screenshots":
  [],
 "external_links":
  [],
 "partners":
  []}
