{"name": "Advice Ready",
 "permalink": "advice-ready",
 "crunchbase_url": "http://www.crunchbase.com/company/advice-ready",
 "homepage_url": "http://adviceready.com",
 "blog_url": "",
 "blog_feed_url": "",
 "twitter_username": "advicereadycom",
 "category_code": "web",
 "number_of_employees": null,
 "founded_year": null,
 "founded_month": null,
 "founded_day": null,
 "deadpooled_year": null,
 "deadpooled_month": null,
 "deadpooled_day": null,
 "deadpooled_url": null,
 "tag_list": "expert-advice, career-advice, relationship-advice, astology-advice, job-advice, sports-advice, paid-for-advice, industrial-advice, courses, learn-from-courses, e-learning, e-advice, private-advice, personal-advice, education-advice, math-tutor, college-ad",
 "alias_list": null,
 "email_address": "",
 "phone_number": "",
 "description": "Consult Experts -- Learn from Courses",
 "created_at": "Mon Jun 15 16:41:19 UTC 2009",
 "updated_at": "Tue Jun 16 05:20:25 UTC 2009",
 "overview": "\u003Cp\u003EAdviceReady is a company where you can get advice live or by email for almost anything including career, money, relationship, education and IT. In AdviceReady, you can get expert opinion, courses or forums that could help you in achieving your goal. \u003C/p\u003E\n\n\u003Cp\u003EAdviceReady allows you to outsource your task to experts and receive competitive bids, some are even free. All the offerings are flexible: you can ask, outsource or learn small or big \u0026#8212; anytime anywhere live or offline.\u003C/p\u003E\n\n\u003Cp\u003EAdviceReady is a place to learn from courses or get advice from other members of the network.\u003C/p\u003E\n\n\u003Cp\u003EIf you are an expert, help others and get paid.\u003C/p\u003E",
 "image":
  {"available_sizes":
    [[[150,
       65],
      "http://api-images.crunchbase.com/assets/images/resized/0004/8607/48607v2-max-150x150.jpg"],
     [[250,
       108],
      "http://api-images.crunchbase.com/assets/images/resized/0004/8607/48607v2-max-250x250.jpg"],
     [[300,
       130],
      "http://api-images.crunchbase.com/assets/images/resized/0004/8607/48607v2-max-450x450.jpg"]],
   "attribution": null},
 "products":
  [{"name": "Live advice",
    "permalink": "live-advice"},
   {"name": "Offline advice",
    "permalink": "offline-advice"},
   {"name": "Courses",
    "permalink": "courses"}],
 "relationships":
  [],
 "competitions":
  [],
 "providerships":
  [],
 "total_money_raised": "$0",
 "funding_rounds":
  [],
 "investments":
  [],
 "acquisition": null,
 "acquisitions":
  [],
 "offices":
  [],
 "milestones":
  [],
 "ipo": null,
 "video_embeds":
  [],
 "screenshots":
  [{"available_sizes":
     [[[120,
        150],
       "http://api-images.crunchbase.com/assets/images/resized/0004/8770/48770v2-max-150x150.jpg"],
      [[200,
        250],
       "http://api-images.crunchbase.com/assets/images/resized/0004/8770/48770v2-max-250x250.jpg"],
      [[250,
        312],
       "http://api-images.crunchbase.com/assets/images/resized/0004/8770/48770v2-max-450x450.jpg"]],
    "attribution": null}],
 "external_links":
  [],
 "partners":
  []}
