{"name": "Adword Success",
 "permalink": "adword-success",
 "crunchbase_url": "http://www.crunchbase.com/company/adword-success",
 "homepage_url": "http://adword-success.com",
 "blog_url": "",
 "blog_feed_url": "",
 "twitter_username": null,
 "category_code": "advertising",
 "number_of_employees": null,
 "founded_year": null,
 "founded_month": null,
 "founded_day": null,
 "deadpooled_year": null,
 "deadpooled_month": null,
 "deadpooled_day": null,
 "deadpooled_url": null,
 "tag_list": "website-development, website-design, ppc, seo, hosting",
 "alias_list": "",
 "email_address": "info@adword-success.com",
 "phone_number": "07866381891",
 "description": "",
 "created_at": "Sat Jun 13 03:07:26 UTC 2009",
 "updated_at": "Sat Jun 13 03:13:00 UTC 2009",
 "overview": "\u003Cp\u003Eadword-success.com started ppc management service in 2005 and had extended services to include website development, website design, flexible cms, seo, hosting. The strength of the company from the focus on functional platform building aimed at results from project start to finish. All projects are designed cost effectively to meet increasing demand from large number of SMEs across sectors.\u003C/p\u003E",
 "image":
  {"available_sizes":
    [[[150,
       89],
      "http://api-images.crunchbase.com/assets/images/resized/0004/8328/48328v1-max-150x150.jpg"],
     [[250,
       149],
      "http://api-images.crunchbase.com/assets/images/resized/0004/8328/48328v1-max-250x250.jpg"],
     [[250,
       149],
      "http://api-images.crunchbase.com/assets/images/resized/0004/8328/48328v1-max-450x450.jpg"]],
   "attribution": null},
 "products":
  [],
 "relationships":
  [],
 "competitions":
  [],
 "providerships":
  [],
 "total_money_raised": "$0",
 "funding_rounds":
  [],
 "investments":
  [],
 "acquisition": null,
 "acquisitions":
  [],
 "offices":
  [{"description": "office",
    "address1": "Ilford",
    "address2": "Redbridge",
    "zip_code": "IG4 5DY",
    "city": "Greater London",
    "state_code": null,
    "country_code": "GBR",
    "latitude": 51.5807353,
    "longitude": 0.0499962}],
 "milestones":
  [],
 "ipo": null,
 "video_embeds":
  [],
 "screenshots":
  [],
 "external_links":
  [],
 "partners":
  []}
