{"name": "AeroScout",
 "permalink": "aeroscout",
 "crunchbase_url": "http://www.crunchbase.com/company/aeroscout",
 "homepage_url": "http://www.aeroscout.com",
 "blog_url": "",
 "blog_feed_url": "",
 "twitter_username": null,
 "category_code": "mobile",
 "number_of_employees": 200,
 "founded_year": 1999,
 "founded_month": null,
 "founded_day": null,
 "deadpooled_year": null,
 "deadpooled_month": null,
 "deadpooled_day": null,
 "deadpooled_url": null,
 "tag_list": "rtls, rfid, wifi",
 "alias_list": "",
 "email_address": "info@aeroscout.com",
 "phone_number": "+1 650-596-2994",
 "description": "Real-Time Location System (RTLS)",
 "created_at": "Wed May 13 17:06:30 UTC 2009",
 "updated_at": "Fri Mar 15 03:41:31 UTC 2013",
 "overview": "\u003Cp\u003EAeroScout provides Wi-Fi-based RFID tags, exciters, and location receivers.  The company offers two main integrated products: Engine, a software component, enabling location-based applications in a wireless LAN environment, and MobileView, an application for enterprise visibility solutions. The company also provides professional services, which include site planning and pre-installation.\u003C/p\u003E",
 "image":
  {"available_sizes":
    [[[150,
       34],
      "http://api-images.crunchbase.com/assets/images/resized/0004/3955/43955v2-max-150x150.jpg"],
     [[211,
       48],
      "http://api-images.crunchbase.com/assets/images/resized/0004/3955/43955v2-max-250x250.jpg"],
     [[211,
       48],
      "http://api-images.crunchbase.com/assets/images/resized/0004/3955/43955v2-max-450x450.jpg"]],
   "attribution": null},
 "products":
  [],
 "relationships":
  [{"is_past": false,
    "title": "Executive Chairman of Board",
    "person":
     {"first_name": "Avery",
      "last_name": "More",
      "permalink": "avery-more"}},
   {"is_past": false,
    "title": "Board of Directors",
    "person":
     {"first_name": "Isaac",
      "last_name": "Hillel",
      "permalink": "isaac-hillel"}},
   {"is_past": true,
    "title": "CEO",
    "person":
     {"first_name": "Yuval",
      "last_name": "Bargil",
      "permalink": "yuval-bargil"}},
   {"is_past": true,
    "title": "Vice President of World Wide Global Channel Sales",
    "person":
     {"first_name": "Chuck",
      "last_name": "Pledger",
      "permalink": "chuck-pledger"}},
   {"is_past": true,
    "title": "VP \u0026 Managing Director EMEA",
    "person":
     {"first_name": "Andris K.",
      "last_name": "Berzins",
      "permalink": "andris-berzins"}},
   {"is_past": true,
    "title": "Financial Controller",
    "person":
     {"first_name": "Yoav",
      "last_name": "Persky",
      "permalink": "yoav-persky"}},
   {"is_past": true,
    "title": "Product Line Manager",
    "person":
     {"first_name": "Adi",
      "last_name": "Shamir",
      "permalink": "adi-shamir"}},
   {"is_past": true,
    "title": "Investor",
    "person":
     {"first_name": "Douglas",
      "last_name": "Carlisle",
      "permalink": "douglas-carlisle"}},
   {"is_past": true,
    "title": "Product Manager",
    "person":
     {"first_name": "Roee",
      "last_name": "Adler",
      "permalink": "roee-adler"}}],
 "competitions":
  [{"competitor":
     {"name": "Ekahau",
      "permalink": "ekahau"}}],
 "providerships":
  [],
 "total_money_raised": "$28M",
 "funding_rounds":
  [{"id": 5940,
    "round_code": "d",
    "source_url": "",
    "source_description": "EDGAR",
    "raised_amount": 12000000.0,
    "raised_currency_code": "USD",
    "funded_year": 2008,
    "funded_month": 4,
    "funded_day": 15,
    "investments":
     [{"company": null,
       "financial_org":
        {"name": "Star Ventures",
         "permalink": "star-ventures"},
       "person": null},
      {"company": null,
       "financial_org":
        {"name": "Menlo Ventures",
         "permalink": "menlo-ventures"},
       "person": null},
      {"company": null,
       "financial_org":
        {"name": "Pitango Venture Capital",
         "permalink": "pitango-venture-capital"},
       "person": null}]},
   {"id": 19873,
    "round_code": "e",
    "source_url": "http://www.techcrunchit.com/2010/11/04/aeroscout-raises-16-million-for-real-time-location-technology/",
    "source_description": "AeroScout Raises $16 Million For Real-Time Location Technology",
    "raised_amount": 16000000.0,
    "raised_currency_code": "USD",
    "funded_year": 2010,
    "funded_month": 11,
    "funded_day": 4,
    "investments":
     [{"company": null,
       "financial_org":
        {"name": "Evergreen Venture Partners",
         "permalink": "evergreen-venture-partners"},
       "person": null},
      {"company":
        {"name": "Cisco",
         "permalink": "cisco"},
       "financial_org": null,
       "person": null},
      {"company": null,
       "financial_org":
        {"name": "Greylock Partners",
         "permalink": "greylock"},
       "person": null},
      {"company": null,
       "financial_org":
        {"name": "Intel Capital",
         "permalink": "intel-capital"},
       "person": null},
      {"company": null,
       "financial_org":
        {"name": "Menlo Ventures",
         "permalink": "menlo-ventures"},
       "person": null},
      {"company": null,
       "financial_org":
        {"name": "Pitango Venture Capital",
         "permalink": "pitango-venture-capital"},
       "person": null},
      {"company": null,
       "financial_org":
        {"name": "Star Ventures",
         "permalink": "star-ventures"},
       "person": null}]}],
 "investments":
  [],
 "acquisition":
  {"price_amount": 238800000.0,
   "price_currency_code": "USD",
   "term_code": "cash_and_stock",
   "source_url": "http://services.corporate-ir.net/SEC.Enhanced/SecCapsule.aspx?c=114416\u0026fid=8298863",
   "source_description": "Stanley 10Q SEC Filing",
   "acquired_year": 2012,
   "acquired_month": 6,
   "acquired_day": 5,
   "acquiring_company":
    {"name": "Stanley Black \u0026 Decker",
     "permalink": "stanley-black-decker"}},
 "acquisitions":
  [],
 "offices":
  [{"description": "Corporate Headquarters",
    "address1": "1300 Island Drive",
    "address2": "Suite 202",
    "zip_code": "94065",
    "city": "Redwood City",
    "state_code": "CA",
    "country_code": "USA",
    "latitude": 37.5353434,
    "longitude": -122.2558368},
   {"description": "Israel Office",
    "address1": "3 Pekeris St.",
    "address2": "Einstein Entrance, 4th Floor",
    "zip_code": "76702",
    "city": "Rehovot",
    "state_code": null,
    "country_code": "ISR",
    "latitude": null,
    "longitude": null}],
 "milestones":
  [{"id": 26828,
    "description": "Acquired by Stanley Healthcare Solutions for $238.8M",
    "stoned_year": 2012,
    "stoned_month": 7,
    "stoned_day": 30,
    "source_url": "http://services.corporate-ir.net/SEC.Enhanced/SecCapsule.aspx?c=114416\u0026fid=8298863",
    "source_text": null,
    "source_description": "Stanley 10Q",
    "stoneable_type": "Company",
    "stoned_value": null,
    "stoned_value_type": null,
    "stoned_acquirer": null,
    "stoneable":
     {"name": "AeroScout",
      "permalink": "aeroscout"}}],
 "ipo": null,
 "video_embeds":
  [],
 "screenshots":
  [{"available_sizes":
     [[[150,
        121],
       "http://api-images.crunchbase.com/assets/images/resized/0004/3956/43956v1-max-150x150.jpg"],
      [[250,
        203],
       "http://api-images.crunchbase.com/assets/images/resized/0004/3956/43956v1-max-250x250.jpg"],
      [[450,
        365],
       "http://api-images.crunchbase.com/assets/images/resized/0004/3956/43956v1-max-450x450.jpg"]],
    "attribution": null}],
 "external_links":
  [],
 "partners":
  []}
