{"name": "Aerovance",
 "permalink": "aerovance",
 "crunchbase_url": "http://www.crunchbase.com/company/aerovance",
 "homepage_url": "http://www.aerovance.com",
 "blog_url": "",
 "blog_feed_url": "",
 "twitter_username": null,
 "category_code": "biotech",
 "number_of_employees": null,
 "founded_year": 2004,
 "founded_month": null,
 "founded_day": null,
 "deadpooled_year": 2011,
 "deadpooled_month": 11,
 "deadpooled_day": 17,
 "deadpooled_url": "",
 "tag_list": "",
 "alias_list": "",
 "email_address": "",
 "phone_number": "",
 "description": "respiratory, allergic medicines",
 "created_at": "Fri Apr 10 16:36:08 UTC 2009",
 "updated_at": "Thu Jan 30 11:45:38 UTC 2014",
 "overview": "\u003Cp\u003EAerovance is a privately held biopharmaceutical company exclusively focused on developing and commercializing breakthrough medicines for respiratory and allergic diseases.\nThe company maintains a solid intellectual property position with its strong portfolio of novel therapeutic candidates now in clinical development and several pre-clinical programs. The two lead products are human recombinant proteins: Aerovant\u00e2\u201e\u00a2, an IL-4 and -13 receptor antagonist which is in Phase IIa studies for asthma and Aeroderm\u00e2\u201e\u00a2, a PEGylated IL-4 and IL-13 receptor antagonist in pre-clinical studies for eczema.\u003C/p\u003E",
 "image":
  {"available_sizes":
    [[[150,
       75],
      "http://api-images.crunchbase.com/assets/images/resized/0004/0827/40827v1-max-150x150.png"],
     [[218,
       109],
      "http://api-images.crunchbase.com/assets/images/resized/0004/0827/40827v1-max-250x250.png"],
     [[218,
       109],
      "http://api-images.crunchbase.com/assets/images/resized/0004/0827/40827v1-max-450x450.png"]],
   "attribution": null},
 "products":
  [],
 "relationships":
  [{"is_past": false,
    "title": "Investor",
    "person":
     {"first_name": "Amos",
      "last_name": "Goren",
      "permalink": "amos-goren"}},
   {"is_past": true,
    "title": "President and CEO",
    "person":
     {"first_name": "Mark",
      "last_name": "L. Perry",
      "permalink": "mark-l-perry"}},
   {"is_past": true,
    "title": "Founder and CEO",
    "person":
     {"first_name": "Wolf",
      "last_name": "D. Busse",
      "permalink": "wolf-d-busse"}},
   {"is_past": true,
    "title": "",
    "person":
     {"first_name": "Lori",
      "last_name": "Rafield",
      "permalink": "lori-rafield"}}],
 "competitions":
  [],
 "providerships":
  [],
 "total_money_raised": "$121M",
 "funding_rounds":
  [{"id": 5555,
    "round_code": "unattributed",
    "source_url": "http://venturebeat.com/2009/04/08/aerovance-inhales-38m-for-asthma-drugs/",
    "source_description": "Aerovance inhales $38M for asthma drugs",
    "raised_amount": 38000000.0,
    "raised_currency_code": "USD",
    "funded_year": 2009,
    "funded_month": 4,
    "funded_day": 7,
    "investments":
     [{"company": null,
       "financial_org":
        {"name": "ProQuest Investments",
         "permalink": "proquest-investments"},
       "person": null},
      {"company": null,
       "financial_org":
        {"name": "BB Biotech Ventures",
         "permalink": "bb-biotech-ventures"},
       "person": null},
      {"company": null,
       "financial_org":
        {"name": "Alta Partners",
         "permalink": "alta-partners"},
       "person": null},
      {"company": null,
       "financial_org":
        {"name": "Apax Partners",
         "permalink": "apax-partners"},
       "person": null},
      {"company": null,
       "financial_org":
        {"name": "Burrill \u0026 Company",
         "permalink": "burrill-co"},
       "person": null},
      {"company": null,
       "financial_org":
        {"name": "Clarus Ventures",
         "permalink": "clarus-ventures"},
       "person": null},
      {"company": null,
       "financial_org":
        {"name": "NGN Capital",
         "permalink": "ngn-capital"},
       "person": null},
      {"company": null,
       "financial_org":
        {"name": "Lehman Brothers",
         "permalink": "lehman-brothers"},
       "person": null}]},
   {"id": 6701,
    "round_code": "debt_round",
    "source_url": "http://www.prnewswire.com/cgi-bin/stories.pl?ACCT=104\u0026STORY=/www/story/03-28-2008/0004781832\u0026EDATE=",
    "source_description": "Aerovance Secures $20 Million in Debt Financing",
    "raised_amount": 20000000.0,
    "raised_currency_code": "USD",
    "funded_year": 2008,
    "funded_month": 3,
    "funded_day": 28,
    "investments":
     [{"company": null,
       "financial_org":
        {"name": "Comerica Bank",
         "permalink": "comerica-bank"},
       "person": null},
      {"company": null,
       "financial_org":
        {"name": "Silicon Valley Bank",
         "permalink": "silicon-valley-bank"},
       "person": null}]},
   {"id": 6747,
    "round_code": "c",
    "source_url": "http://venturebeat.com/2007/03/28/aerovance-asthma-treatment-company-finishes-raising-60m/",
    "source_description": "Aerovance, asthma treatment company, finishes raising $60M",
    "raised_amount": 60000000.0,
    "raised_currency_code": "USD",
    "funded_year": 2007,
    "funded_month": 3,
    "funded_day": 28,
    "investments":
     [{"company": null,
       "financial_org":
        {"name": "Clarus Ventures",
         "permalink": "clarus-ventures"},
       "person": null},
      {"company": null,
       "financial_org":
        {"name": "Lehman Brothers",
         "permalink": "lehman-brothers"},
       "person": null},
      {"company": null,
       "financial_org":
        {"name": "Alta Partners",
         "permalink": "alta-partners"},
       "person": null},
      {"company": null,
       "financial_org":
        {"name": "Apax Partners",
         "permalink": "apax-partners"},
       "person": null},
      {"company": null,
       "financial_org":
        {"name": "NGN Capital",
         "permalink": "ngn-capital"},
       "person": null},
      {"company": null,
       "financial_org":
        {"name": "Burrill \u0026 Company",
         "permalink": "burrill-co"},
       "person": null}]},
   {"id": 55259,
    "round_code": "partial",
    "source_url": "http://www.sec.gov/Archives/edgar/data/1301697/000130169711000001/xslFormDX01/primary_doc.xml",
    "source_description": "SEC",
    "raised_amount": 500000.0,
    "raised_currency_code": "USD",
    "funded_year": 2011,
    "funded_month": 3,
    "funded_day": 21,
    "investments":
     []},
   {"id": 62954,
    "round_code": "debt_round",
    "source_url": "http://www.sec.gov/Archives/edgar/data/1301697/000130169710000001/xslFormDX01/primary_doc.xml",
    "source_description": "SEC",
    "raised_amount": 2000000.0,
    "raised_currency_code": "USD",
    "funded_year": 2010,
    "funded_month": 9,
    "funded_day": 16,
    "investments":
     []}],
 "investments":
  [],
 "acquisition": null,
 "acquisitions":
  [],
 "offices":
  [{"description": "",
    "address1": "Berkeley,",
    "address2": "San Francisco Bay Area",
    "zip_code": "",
    "city": "",
    "state_code": "CA",
    "country_code": "USA",
    "latitude": 37.8715926,
    "longitude": -122.272747}],
 "milestones":
  [],
 "ipo": null,
 "video_embeds":
  [],
 "screenshots":
  [],
 "external_links":
  [],
 "partners":
  []}
