{"name": "Aeryon Labs",
 "permalink": "aeryon-labs",
 "crunchbase_url": "http://www.crunchbase.com/company/aeryon-labs",
 "homepage_url": "http://www.aeryon.com",
 "blog_url": "",
 "blog_feed_url": "",
 "twitter_username": "aeryonlabs",
 "category_code": "other",
 "number_of_employees": null,
 "founded_year": 2007,
 "founded_month": null,
 "founded_day": null,
 "deadpooled_year": null,
 "deadpooled_month": null,
 "deadpooled_day": null,
 "deadpooled_url": null,
 "tag_list": "military, scout, hover-craft, photography, uav, small",
 "alias_list": "",
 "email_address": "",
 "phone_number": "519 489 6726",
 "description": "Hovering Vehicles for Photography",
 "created_at": "Thu Jul 30 22:40:57 UTC 2009",
 "updated_at": "Mon Mar 31 05:47:07 UTC 2014",
 "overview": "\u003Cp\u003EAeryon labs designs human-packable, autonomous hovering aerial systems that allow unskilled operators to capture high resolution imagery.  Weighing 2 pounds, the Aeryon Scout is targeted for soldiers and police cars.  The scout features a touch-screen interface. \u003C/p\u003E",
 "image":
  {"available_sizes":
    [[[150,
       70],
      "http://api-images.crunchbase.com/assets/images/resized/0005/4807/54807v1-max-150x150.jpg"],
     [[205,
       96],
      "http://api-images.crunchbase.com/assets/images/resized/0005/4807/54807v1-max-250x250.jpg"],
     [[205,
       96],
      "http://api-images.crunchbase.com/assets/images/resized/0005/4807/54807v1-max-450x450.jpg"]],
   "attribution": null},
 "products":
  [{"name": "Aeryon Scout",
    "permalink": "aeryon-scout"}],
 "relationships":
  [{"is_past": true,
    "title": "",
    "person":
     {"first_name": "Joseph",
      "last_name": "Huang",
      "permalink": "joseph-huang"}}],
 "competitions":
  [],
 "providerships":
  [],
 "total_money_raised": "$0",
 "funding_rounds":
  [{"id": 51664,
    "round_code": "unattributed",
    "source_url": "",
    "source_description": "Mars Investment Accelerator Fund source",
    "raised_amount": null,
    "raised_currency_code": "USD",
    "funded_year": 2009,
    "funded_month": 7,
    "funded_day": 15,
    "investments":
     [{"company": null,
       "financial_org":
        {"name": "MaRS Investment Accelerator Fund",
         "permalink": "mars-investment-accelerator-fund"},
       "person": null}]}],
 "investments":
  [],
 "acquisition": null,
 "acquisitions":
  [],
 "offices":
  [{"description": "Aeryon Labs",
    "address1": "1-548 Colby Dr.",
    "address2": "ONT",
    "zip_code": "N2V1A2",
    "city": "Waterloo",
    "state_code": null,
    "country_code": "CAN",
    "latitude": 43.5004756,
    "longitude": -80.5378951}],
 "milestones":
  [],
 "ipo": null,
 "video_embeds":
  [],
 "screenshots":
  [{"available_sizes":
     [[[150,
        131],
       "http://api-images.crunchbase.com/assets/images/resized/0005/4809/54809v1-max-150x150.jpg"],
      [[250,
        219],
       "http://api-images.crunchbase.com/assets/images/resized/0005/4809/54809v1-max-250x250.jpg"],
      [[250,
        219],
       "http://api-images.crunchbase.com/assets/images/resized/0005/4809/54809v1-max-450x450.jpg"]],
    "attribution": null},
   {"available_sizes":
     [[[150,
        85],
       "http://api-images.crunchbase.com/assets/images/resized/0008/4320/84320v2-max-150x150.jpg"],
      [[250,
        142],
       "http://api-images.crunchbase.com/assets/images/resized/0008/4320/84320v2-max-250x250.jpg"],
      [[351,
        200],
       "http://api-images.crunchbase.com/assets/images/resized/0008/4320/84320v2-max-450x450.jpg"]],
    "attribution": null}],
 "external_links":
  [],
 "partners":
  []}
