{"name": "AffiliatesDrive",
 "permalink": "affiliatesdrive",
 "crunchbase_url": "http://www.crunchbase.com/company/affiliatesdrive",
 "homepage_url": "http://www.affiliatesdrive.com",
 "blog_url": "http://affiliatesdrive.blogspot.comaffiliatesdrive.blogspot.com",
 "blog_feed_url": "",
 "twitter_username": null,
 "category_code": "advertising",
 "number_of_employees": 25,
 "founded_year": 2008,
 "founded_month": 1,
 "founded_day": null,
 "deadpooled_year": null,
 "deadpooled_month": null,
 "deadpooled_day": null,
 "deadpooled_url": null,
 "tag_list": "affiliate-tools, affiliate-network-optimization, make-money-online, affiliate-data-feeds, monetize-on-affiliate-tool-kit",
 "alias_list": "",
 "email_address": "support@affiliatesdrive.com",
 "phone_number": "918026713349",
 "description": "Meta Affiliate Feed Server",
 "created_at": "Wed Jan 07 06:14:45 UTC 2009",
 "updated_at": "Fri Apr 03 19:31:28 UTC 2009",
 "overview": "\u003Cp\u003EAffiliatesDrive is a Meta Affiliate feed server that sits between online publishers and discrete merchants. Their service helps small- and medium-sized publishers manage and maximize their ad inventory, it is one of the leading affiliate tool every publisher would want to use.\u003C/p\u003E\n\n\u003Cp\u003EMost publishers just insert AdSense code into their site layout and hope that they bring in some decent ad revenue. AffiliatesDrive wants to eliminate the complexity of finding the best affiliate network by providing an easy-to-use intermediary service that takes care of all. This is significant since there are over 200 ad networks in operation today.\u003C/p\u003E\n\n\u003Cp\u003EAll users have to do is create an account, specify ad tags, like ads colors, location, ad units, etc, and AffiliatesDrive will start going to work to finding the optimal affiliate network for your site. Publishers use Affiliates Drive ad tags for their web sites. Using the Affiliates Drive management interface, publishers can specify which merchants they want to consider when a particular ad is served. Adding an additional affiliate network does not require the publisher to change their server-side ad tags. They can simply update their ad tag parameters via the Affiliates Drive management interface and changes are reflected immediately.\u003C/p\u003E\n\n\u003Cp\u003EHow to Get Started?\nIt\u00e2\u20ac\u2122s easy for merchants to get started with Affiliates Drive. We simply need a business development contact and an engineering contact. Once you have identified those, we can typically create integration between Affiliates Drive and your merchants in a week\u00e2\u20ac\u2122s time. At the end of the week, you\u00e2\u20ac\u2122ll have instant access to all of Affiliates Drive\u00e2\u20ac\u2122s publishers, who can help increase the reach of your online sales.\u003C/p\u003E",
 "image":
  {"available_sizes":
    [[[150,
       28],
      "http://api-images.crunchbase.com/assets/images/resized/0003/3356/33356v1-max-150x150.jpg"],
     [[235,
       45],
      "http://api-images.crunchbase.com/assets/images/resized/0003/3356/33356v1-max-250x250.jpg"],
     [[235,
       45],
      "http://api-images.crunchbase.com/assets/images/resized/0003/3356/33356v1-max-450x450.jpg"]],
   "attribution": null},
 "products":
  [],
 "relationships":
  [],
 "competitions":
  [],
 "providerships":
  [],
 "total_money_raised": "$0",
 "funding_rounds":
  [],
 "investments":
  [],
 "acquisition": null,
 "acquisitions":
  [],
 "offices":
  [],
 "milestones":
  [],
 "ipo": null,
 "video_embeds":
  [],
 "screenshots":
  [{"available_sizes":
     [[[150,
        95],
       "http://api-images.crunchbase.com/assets/images/resized/0003/3257/33257v2-max-150x150.jpg"],
      [[250,
        158],
       "http://api-images.crunchbase.com/assets/images/resized/0003/3257/33257v2-max-250x250.jpg"],
      [[450,
        285],
       "http://api-images.crunchbase.com/assets/images/resized/0003/3257/33257v2-max-450x450.jpg"]],
    "attribution": null}],
 "external_links":
  [],
 "partners":
  []}
