{"name": "AfterCollege",
 "permalink": "aftercollege-com",
 "crunchbase_url": "http://www.crunchbase.com/company/aftercollege-com",
 "homepage_url": "http://www.aftercollege.com",
 "blog_url": "http://www.aftercollege.com/blog",
 "blog_feed_url": "",
 "twitter_username": "aftercollege",
 "category_code": "education",
 "number_of_employees": null,
 "founded_year": 1999,
 "founded_month": 10,
 "founded_day": 25,
 "deadpooled_year": null,
 "deadpooled_month": null,
 "deadpooled_day": null,
 "deadpooled_url": null,
 "tag_list": "jobs, entry-level, internships, professional-networking",
 "alias_list": null,
 "email_address": "info@aftercollege.com",
 "phone_number": "877-725-7721",
 "description": "Career networking for college students",
 "created_at": "Wed Apr 01 18:16:07 UTC 2009",
 "updated_at": "Sun Oct 28 01:52:14 UTC 2012",
 "overview": "\u003Cp\u003EAfterCollege is the largest career network for college students and recent graduates, connecting college students, alumni and employers throughtalent networks at colleges and professional organizations across the country.\u003C/p\u003E\n\n\u003Cp\u003EAfterCollege\u0026#8217;s mission is to help college students and entry-level job seekers find their first job or internship.\u003C/p\u003E",
 "image":
  {"available_sizes":
    [[[150,
       66],
      "http://api-images.crunchbase.com/assets/images/resized/0004/0537/40537v2-max-150x150.jpg"],
     [[150,
       66],
      "http://api-images.crunchbase.com/assets/images/resized/0004/0537/40537v2-max-250x250.jpg"],
     [[150,
       66],
      "http://api-images.crunchbase.com/assets/images/resized/0004/0537/40537v2-max-450x450.jpg"]],
   "attribution": null},
 "products":
  [],
 "relationships":
  [{"is_past": false,
    "title": "CEO",
    "person":
     {"first_name": "Roberto",
      "last_name": "Angulo",
      "permalink": "roberto-angulo"}},
   {"is_past": false,
    "title": "VP of Products",
    "person":
     {"first_name": "Teresa",
      "last_name": "Torres",
      "permalink": "teresa-torres"}},
   {"is_past": false,
    "title": "VP Business Development and Sales",
    "person":
     {"first_name": "Michael",
      "last_name": "Dawes",
      "permalink": "michael-dawes"}},
   {"is_past": false,
    "title": "Co-Founder",
    "person":
     {"first_name": "Brian",
      "last_name": "Heifferon",
      "permalink": "brian-heifferon"}},
   {"is_past": false,
    "title": "Board of Directors",
    "person":
     {"first_name": "Marcel",
      "last_name": "Legrand",
      "permalink": "marcel-legrand"}},
   {"is_past": false,
    "title": "Board of Directors",
    "person":
     {"first_name": "Mario",
      "last_name": "Rosati",
      "permalink": "mario-rosati"}},
   {"is_past": false,
    "title": "Sr. Director, University Relations",
    "person":
     {"first_name": "Jennifer",
      "last_name": "Rutt",
      "permalink": "jennifer-rutt"}},
   {"is_past": false,
    "title": "",
    "person":
     {"first_name": "David",
      "last_name": "Raffauf",
      "permalink": "david-raffauf"}},
   {"is_past": false,
    "title": "VP Engineering",
    "person":
     {"first_name": "Steve",
      "last_name": "Girolami",
      "permalink": "steve-girolami"}},
   {"is_past": false,
    "title": "Board of Directors",
    "person":
     {"first_name": "Trevor",
      "last_name": "Loy",
      "permalink": "trevor-loy"}},
   {"is_past": false,
    "title": "Board of Directors",
    "person":
     {"first_name": "Ira",
      "last_name": "Dorf",
      "permalink": "ira-dorf"}},
   {"is_past": false,
    "title": "Board of Advisors",
    "person":
     {"first_name": "Dr.",
      "last_name": "Larry Penley",
      "permalink": "dr-larry-penley"}}],
 "competitions":
  [],
 "providerships":
  [],
 "total_money_raised": "$0",
 "funding_rounds":
  [{"id": 26290,
    "round_code": "unattributed",
    "source_url": "http://www.finsmes.com/2011/11/aftercollege-raises-funding-flywheel-ventures.html?utm_source=feedburner\u0026utm_medium=feed\u0026utm_campaign=Feed%3A+finsmes%2FcNHu+%28FinSMEs%29",
    "source_description": "AfterCollege Raises Funding from Flywheel Ventures",
    "raised_amount": null,
    "raised_currency_code": null,
    "funded_year": 2011,
    "funded_month": 11,
    "funded_day": 1,
    "investments":
     [{"company": null,
       "financial_org":
        {"name": "Flywheel Ventures",
         "permalink": "flywheel-ventures"},
       "person": null}]}],
 "investments":
  [],
 "acquisition": null,
 "acquisitions":
  [],
 "offices":
  [{"description": "Headquarters",
    "address1": "98 Battery Street",
    "address2": "5th Floor",
    "zip_code": "94111",
    "city": "Sn Francisco",
    "state_code": "CA",
    "country_code": "USA",
    "latitude": 37.792085,
    "longitude": -122.399368}],
 "milestones":
  [],
 "ipo": null,
 "video_embeds":
  [{"embed_code": "\u003Ciframe width=\"430\" height=\"242\" src=\"http://www.youtube.com/embed/U2Oj6FkbpV8\" frameborder=\"0\" allowfullscreen\u003E\u003C/iframe\u003E ",
    "description": ""}],
 "screenshots":
  [],
 "external_links":
  [{"external_url": "http://www.twitter.com/AfterCollege",
    "title": "Twitter"},
   {"external_url": "http://www.aftercollege.com/content/about_aftercollege/press_releases/e/aftercollege_offers_employers_low_cost_branding_through_featured_announceme/",
    "title": "April, 09, 2009 Press Release"},
   {"external_url": "http://www.aftercollege.com/content/about_aftercollege/press_releases/e/effective_search_methods_for_entry-level_job_seekers/",
    "title": "April, 28, 2009 Press Release"},
   {"external_url": "http://www.aftercollege.com/content/blog/",
    "title": "AfterCollege Blog"},
   {"external_url": "http://www.aftercollege.com/content/about_aftercollege/press_releases/e/aftercollege_helps_pay_for_college/",
    "title": "May 11th, 2009 Press Release"},
   {"external_url": "http://www.aftercollege.com/content/about_aftercollege/press_releases/e/top_20_cities_for_entry-level_job_seekers/",
    "title": "May 26th, 2009 Press Release"},
   {"external_url": "http://images.businessweek.com/ss/09/06/0616_best_cities_college_grads/",
    "title": "July 13, 2009 Press Release Top 30 cities for New Grads, by BusinessWeek"},
   {"external_url": "http://www.aftercollege.com/content/about_aftercollege/press_releases/e/aftercollege_now_tweets_entry-level_jobs_and_internships_with_twitterjobsea/",
    "title": "July 13, 2009 Press Release"},
   {"external_url": "http://www.aftercollege.com/content/about_aftercollege/press_releases/e/justjobs_and_aftercollege_partner_to_distribute_entry-level_jobs_and_intern/",
    "title": "July 22, 2009 Press Release"},
   {"external_url": "http://tinyurl.com/l8cb9w",
    "title": "August 10, 2009 Press Release"},
   {"external_url": "http://www.aftercollege.com/content/blog/top_10_metro_areas_for_entry-level_electrical_engineers/",
    "title": "Top 10 Metro Areas for Entry-Level Electrical Engineers"},
   {"external_url": "http://www.aftercollege.com/content/about_aftercollege/press_releases/e/aftercollege_launches_answers_service_to_connect_students_and_employers/",
    "title": "October 29, 2009 Press Release"},
   {"external_url": "http://www.marketwire.com/press-release/AfterCollege-Donates-5-of-Ecommerce-Revenue-to-Haiti-Earthquake-Relief-1102124.htm",
    "title": "AfterCollege donates 5% of ecomm revenue to Haiti quake relief"},
   {"external_url": "http://www.aftercollege.com/content/about_aftercollege/press_releases/e/aftercollege_wins_weddles_users_choice_award_for_best_employment_site/",
    "title": "AfterCollege Wins WEDDLE's User's Choice Award for Best Employment Site"},
   {"external_url": "http://www.marketwire.com/press-release/aftercollege-partners-with-bookrenter-to-save-students-money-on-textbooks-1508663.htm",
    "title": "AfterCollege partners with BookRenter to Save Students Money on Textbooks"}],
 "partners":
  []}
