{"name": "AfterLogic",
 "permalink": "afterlogic",
 "crunchbase_url": "http://www.crunchbase.com/company/afterlogic",
 "homepage_url": "http://www.afterlogic.com",
 "blog_url": "",
 "blog_feed_url": "",
 "twitter_username": "afterlogic",
 "category_code": "software",
 "number_of_employees": null,
 "founded_year": 2002,
 "founded_month": null,
 "founded_day": null,
 "deadpooled_year": null,
 "deadpooled_month": null,
 "deadpooled_day": null,
 "deadpooled_url": null,
 "tag_list": "",
 "alias_list": "",
 "email_address": "support@afterlogic.com",
 "phone_number": "+1-973-784-1100",
 "description": ".NET Email Components and Webmail",
 "created_at": "Sun Jul 12 13:05:23 UTC 2009",
 "updated_at": "Wed Jul 24 16:16:50 UTC 2013",
 "overview": "\u003Cp\u003EAfterLogic Corporation is a Livingston, New Jersey based technology corporation founded in 2002. The company\u0026#8217;s areas of specialization are COM/ActiveX and .NET email components development, email software development and software consulting. \u003C/p\u003E",
 "image":
  {"available_sizes":
    [[[150,
       147],
      "http://api-images.crunchbase.com/assets/images/resized/0025/0177/250177v1-max-150x150.jpg"],
     [[210,
       206],
      "http://api-images.crunchbase.com/assets/images/resized/0025/0177/250177v1-max-250x250.jpg"],
     [[210,
       206],
      "http://api-images.crunchbase.com/assets/images/resized/0025/0177/250177v1-max-450x450.jpg"]],
   "attribution": null},
 "products":
  [{"name": "AfterLogic  WebMail Pro",
    "permalink": "afterlogic-webmail-pro"},
   {"name": "MailBee.NET  Objects",
    "permalink": "mailbee-net-objects"},
   {"name": "MailBee  Objects",
    "permalink": "mailbee-objects"},
   {"name": "MailBee  Message Queue",
    "permalink": "mailbee-message-queue"}],
 "relationships":
  [{"is_past": true,
    "title": "Technical Writer",
    "person":
     {"first_name": "Sergey",
      "last_name": "Gerasimenko",
      "permalink": "sergey-gerasimenko"}}],
 "competitions":
  [],
 "providerships":
  [],
 "total_money_raised": "$0",
 "funding_rounds":
  [],
 "investments":
  [],
 "acquisition": null,
 "acquisitions":
  [],
 "offices":
  [{"description": "Livingston",
    "address1": "P.O. Box 2096",
    "address2": "",
    "zip_code": "07039",
    "city": "Livingston",
    "state_code": "NJ",
    "country_code": "USA",
    "latitude": 40.7930239,
    "longitude": -74.3235539}],
 "milestones":
  [],
 "ipo": null,
 "video_embeds":
  [],
 "screenshots":
  [{"available_sizes":
     [[[150,
        137],
       "http://api-images.crunchbase.com/assets/images/resized/0027/1251/271251v2-max-150x150.png"],
      [[250,
        229],
       "http://api-images.crunchbase.com/assets/images/resized/0027/1251/271251v2-max-250x250.png"],
      [[450,
        412],
       "http://api-images.crunchbase.com/assets/images/resized/0027/1251/271251v2-max-450x450.png"]],
    "attribution": null}],
 "external_links":
  [],
 "partners":
  []}
