{"name": "Agency Zebra",
 "permalink": "agency-zebra",
 "crunchbase_url": "http://www.crunchbase.com/company/agency-zebra",
 "homepage_url": "http://AgencyZebra.com",
 "blog_url": "http://agencyzebra.com/site/zebra/blog/",
 "blog_feed_url": "feed://agencyzebra.com/site/feed/",
 "twitter_username": "zbra",
 "category_code": "consulting",
 "number_of_employees": null,
 "founded_year": 2005,
 "founded_month": null,
 "founded_day": null,
 "deadpooled_year": null,
 "deadpooled_month": null,
 "deadpooled_day": null,
 "deadpooled_url": null,
 "tag_list": "",
 "alias_list": "",
 "email_address": "contact@AgencyZebra.com",
 "phone_number": "",
 "description": "Web design Studio",
 "created_at": "Sat Jun 27 02:44:30 UTC 2009",
 "updated_at": "Wed Jul 15 18:20:43 UTC 2009",
 "overview": "\u003Cp\u003EAgency Zebra is a web design studio located in Cape Town, South Africa.\u003C/p\u003E",
 "image":
  {"available_sizes":
    [[[133,
       133],
      "http://api-images.crunchbase.com/assets/images/resized/0005/1168/51168v2-max-150x150.png"],
     [[133,
       133],
      "http://api-images.crunchbase.com/assets/images/resized/0005/1168/51168v2-max-250x250.png"],
     [[133,
       133],
      "http://api-images.crunchbase.com/assets/images/resized/0005/1168/51168v2-max-450x450.png"]],
   "attribution": null},
 "products":
  [],
 "relationships":
  [{"is_past": false,
    "title": "owner / designer",
    "person":
     {"first_name": "Max",
      "last_name": "Guedy",
      "permalink": "max-guedy"}}],
 "competitions":
  [],
 "providerships":
  [],
 "total_money_raised": "$0",
 "funding_rounds":
  [],
 "investments":
  [],
 "acquisition": null,
 "acquisitions":
  [],
 "offices":
  [],
 "milestones":
  [],
 "ipo": null,
 "video_embeds":
  [],
 "screenshots":
  [],
 "external_links":
  [],
 "partners":
  []}
