{"name": "AggreGame",
 "permalink": "aggregame",
 "crunchbase_url": "http://www.crunchbase.com/company/aggregame",
 "homepage_url": "http://www.aggregame.com",
 "blog_url": "http://blog.aggregame.com",
 "blog_feed_url": "",
 "twitter_username": "Aggregame",
 "category_code": "games_video",
 "number_of_employees": null,
 "founded_year": 2008,
 "founded_month": 9,
 "founded_day": null,
 "deadpooled_year": null,
 "deadpooled_month": null,
 "deadpooled_day": null,
 "deadpooled_url": null,
 "tag_list": "video-games, gaming, ag-labs, campaign-advantage, analytics, news, gaming-news, feeds, aggregate, reviews, previews, gaming-forums, chat, podcasts, twitter, gaming-tweets, gaming-buzz, gaming-conversations",
 "alias_list": "",
 "email_address": "agbusiness@aggregame.com",
 "phone_number": "",
 "description": "Social media for Gamers",
 "created_at": "Sun Apr 12 11:14:41 UTC 2009",
 "updated_at": "Sun Feb 05 20:43:20 UTC 2012",
 "overview": "\u003Cp\u003EAggreGame is both a technology company, and electronic entertaiment media outlet. With a heavy focus on the video game industry, AggreGame is at face value a website and community geared towards gaming.\u003C/p\u003E\n\n\u003Cp\u003EUnder-the-hood and behind-the-scenes is AG Labs - the R\u0026amp;D arm of AggreGame. AG Labs has turned out a number of innovations in the social, real-time, and analytics space, most notably AggreTweet and Campaign Advantage.\u003C/p\u003E\n\n\u003Cp\u003EAG Labs\u0026#8217; Campaign Advantage, launched in January 2012, is a product and service offering providing companies with better market intelligence with easy navigation. Instead of just getting access to Twitter data, Campaign Advantage provides more meaningful, processed data that shines a light on user engagement with a given brand.\u003C/p\u003E\n\n\u003Cp\u003EYou can preview Campaign Advantage at the following URL. Bear in mind, while we\u2019ve chosen two gaming Goliaths of 2011 in this sample site, our process can be applied horizontally across many industries.\u003C/p\u003E\n\n\u003Cp\u003Ehttp://aggregame.com/direct/AGLabs/app/AGLabsMain.html\u003C/p\u003E\n\n\u003Cp\u003ELaunched late Summer of 2009 is AggreTweet, a Twitter app which captures all the gaming buzz / conversations as it happens on Twitter. All feeds are real-time streams based on the Twitter Streaming API, and all the hottest games are tracked. Simple graphs and trending charts are then generated based entirely off Twitter traffic, which offers an easy visualization of which games are leading others in terms of volume of tweets. Publishers \u0026amp; gaming enthusiasts alike can use these metrics for business or fun.\u003C/p\u003E\n\n\u003Cp\u003ESince its launch, AggreTweet has proven to be a valuable resource in both historical analytics, but more importantly - trend prediction. Christmas 2009, AggreTweet successfully predicted NPD sales figures based purely on social media chatter. In 2010, Aggregame (leveraging AggreTweet\u0026#8217;s technologies) forecasted record-setting numbers of tweets around the Electronic Entertainment Expo (E3 2010), predicting over 500,000 tweets during the week of E3. As it turns out, the Tweets rounded out just over 600,000. Read all about it at http://blog.aggregame.com.\u003C/p\u003E\n\n\u003Cp\u003EAggreTweet has since exited public BETA, and is now closed off. All future inquiries, such as to request access to AggreTweet, should be directed to agbusiness@aggregame.com.\u003C/p\u003E",
 "image":
  {"available_sizes":
    [[[150,
       24],
      "http://api-images.crunchbase.com/assets/images/resized/0004/0923/40923v2-max-150x150.png"],
     [[250,
       40],
      "http://api-images.crunchbase.com/assets/images/resized/0004/0923/40923v2-max-250x250.png"],
     [[450,
       72],
      "http://api-images.crunchbase.com/assets/images/resized/0004/0923/40923v2-max-450x450.png"]],
   "attribution": null},
 "products":
  [{"name": "Aggregame.com",
    "permalink": "aggregame-com"},
   {"name": "AggreTweet.com",
    "permalink": "aggretweet-com"},
   {"name": "Campaign Advantage",
    "permalink": "campaign-advantage"}],
 "relationships":
  [{"is_past": false,
    "title": "Co-Founder",
    "person":
     {"first_name": "Josh",
      "last_name": "Olin",
      "permalink": "josh-olin"}},
   {"is_past": false,
    "title": "Co-Founder",
    "person":
     {"first_name": "Gregg",
      "last_name": "Olin",
      "permalink": "gregg-olin"}},
   {"is_past": true,
    "title": "Co-Founder",
    "person":
     {"first_name": "Ian",
      "last_name": "Paterson",
      "permalink": "ian-paterson"}}],
 "competitions":
  [{"competitor":
     {"name": "N4G.com",
      "permalink": "n4g-com"}},
   {"competitor":
     {"name": "Digg",
      "permalink": "digg"}},
   {"competitor":
     {"name": "Gnip",
      "permalink": "gnip"}},
   {"competitor":
     {"name": "DataSift",
      "permalink": "datasift"}}],
 "providerships":
  [],
 "total_money_raised": "$0",
 "funding_rounds":
  [],
 "investments":
  [],
 "acquisition": null,
 "acquisitions":
  [],
 "offices":
  [],
 "milestones":
  [],
 "ipo": null,
 "video_embeds":
  [{"embed_code": "\u003Ciframe width=\"450\" height=\"259\" src=\"http://www.youtube.com/embed/Jrye5CTzZbw\" frameborder=\"0\" allowfullscreen\u003E\u003C/iframe\u003E",
    "description": "\u003Cp\u003E2010 - A Gaming Year In Review\u003C/p\u003E"}],
 "screenshots":
  [{"available_sizes":
     [[[150,
        115],
       "http://api-images.crunchbase.com/assets/images/resized/0004/0919/40919v2-max-150x150.jpg"],
      [[250,
        192],
       "http://api-images.crunchbase.com/assets/images/resized/0004/0919/40919v2-max-250x250.jpg"],
      [[450,
        346],
       "http://api-images.crunchbase.com/assets/images/resized/0004/0919/40919v2-max-450x450.jpg"]],
    "attribution": null},
   {"available_sizes":
     [[[150,
        115],
       "http://api-images.crunchbase.com/assets/images/resized/0004/0920/40920v2-max-150x150.jpg"],
      [[250,
        192],
       "http://api-images.crunchbase.com/assets/images/resized/0004/0920/40920v2-max-250x250.jpg"],
      [[450,
        346],
       "http://api-images.crunchbase.com/assets/images/resized/0004/0920/40920v2-max-450x450.jpg"]],
    "attribution": null},
   {"available_sizes":
     [[[150,
        115],
       "http://api-images.crunchbase.com/assets/images/resized/0004/0921/40921v2-max-150x150.jpg"],
      [[250,
        192],
       "http://api-images.crunchbase.com/assets/images/resized/0004/0921/40921v2-max-250x250.jpg"],
      [[450,
        346],
       "http://api-images.crunchbase.com/assets/images/resized/0004/0921/40921v2-max-450x450.jpg"]],
    "attribution": null},
   {"available_sizes":
     [[[150,
        115],
       "http://api-images.crunchbase.com/assets/images/resized/0004/0922/40922v2-max-150x150.jpg"],
      [[250,
        192],
       "http://api-images.crunchbase.com/assets/images/resized/0004/0922/40922v2-max-250x250.jpg"],
      [[450,
        346],
       "http://api-images.crunchbase.com/assets/images/resized/0004/0922/40922v2-max-450x450.jpg"]],
    "attribution": null},
   {"available_sizes":
     [[[150,
        100],
       "http://api-images.crunchbase.com/assets/images/resized/0009/4863/94863v2-max-150x150.jpg"],
      [[250,
        166],
       "http://api-images.crunchbase.com/assets/images/resized/0009/4863/94863v2-max-250x250.jpg"],
      [[450,
        300],
       "http://api-images.crunchbase.com/assets/images/resized/0009/4863/94863v2-max-450x450.jpg"]],
    "attribution": null},
   {"available_sizes":
     [[[150,
        99],
       "http://api-images.crunchbase.com/assets/images/resized/0017/2253/172253v2-max-150x150.png"],
      [[250,
        165],
       "http://api-images.crunchbase.com/assets/images/resized/0017/2253/172253v2-max-250x250.png"],
      [[450,
        297],
       "http://api-images.crunchbase.com/assets/images/resized/0017/2253/172253v2-max-450x450.png"]],
    "attribution": null},
   {"available_sizes":
     [[[150,
        102],
       "http://api-images.crunchbase.com/assets/images/resized/0017/2254/172254v2-max-150x150.png"],
      [[250,
        171],
       "http://api-images.crunchbase.com/assets/images/resized/0017/2254/172254v2-max-250x250.png"],
      [[450,
        308],
       "http://api-images.crunchbase.com/assets/images/resized/0017/2254/172254v2-max-450x450.png"]],
    "attribution": null}],
 "external_links":
  [{"external_url": "http://www.totalgamingnetwork.com/main/showthread.php?t=180975",
    "title": "Article"},
   {"external_url": "http://www.prlog.org/10143079-gamers-rule-on-aggregamecom.html",
    "title": "Press Release"},
   {"external_url": "http://www.youtube.com/watch?v=F0-YjcYYsfM",
    "title": "Podcast - Introducing AggreTweet"}],
 "partners":
  []}
