{"name": "Agilent Technologies",
 "permalink": "agilent",
 "crunchbase_url": "http://www.crunchbase.com/company/agilent",
 "homepage_url": "http://www.agilent.com",
 "blog_url": "",
 "blog_feed_url": "feed://www.agilent.com/about/newsroom/rss/agilent_news.xml",
 "twitter_username": "agilent",
 "category_code": "biotech",
 "number_of_employees": 20500,
 "founded_year": 1939,
 "founded_month": null,
 "founded_day": null,
 "deadpooled_year": null,
 "deadpooled_month": null,
 "deadpooled_day": null,
 "deadpooled_url": null,
 "tag_list": "pc, hewlett-packard, hardware, technology-instruments",
 "alias_list": "",
 "email_address": "contact_us@agilent.com",
 "phone_number": "+1 877-424-4536",
 "description": "Technology Instruments and Parts",
 "created_at": "Tue Jul 28 20:33:48 UTC 2009",
 "updated_at": "Fri Jan 10 09:53:44 UTC 2014",
 "overview": "\u003Cp\u003EAgilent Technologies Inc. (NYSE: A) is a measurement company and a technology leader in chemical analysis, life sciences, diagnostics, electronics and communications. The company was spunoff from \u003Ca href=\"http://www.crunchbase.com/company/hewlett-packard\" title=\"Hewlett-Packard\"\u003EHewlett-Packard\u003C/a\u003E in 1999. The company\u0026#8217;s 20,500 employees serve customers in more than 100 countries. Agilent had revenues of $6.9 billion in fiscal 2012.\u003C/p\u003E",
 "image":
  {"available_sizes":
    [[[150,
       35],
      "http://api-images.crunchbase.com/assets/images/resized/0005/4522/54522v1-max-150x150.png"],
     [[227,
       54],
      "http://api-images.crunchbase.com/assets/images/resized/0005/4522/54522v1-max-250x250.png"],
     [[227,
       54],
      "http://api-images.crunchbase.com/assets/images/resized/0005/4522/54522v1-max-450x450.png"]],
   "attribution": null},
 "products":
  [],
 "relationships":
  [{"is_past": false,
    "title": "CEO",
    "person":
     {"first_name": "William",
      "last_name": "P. Sullivan",
      "permalink": "william-p-sullivan"}},
   {"is_past": false,
    "title": "Non-Executive Chairman of the Board",
    "person":
     {"first_name": "James",
      "last_name": "G. Cullen",
      "permalink": "james-g-cullen"}},
   {"is_past": false,
    "title": "Board of Director",
    "person":
     {"first_name": "David",
      "last_name": "M. Lawrence",
      "permalink": "david-m-lawrence"}},
   {"is_past": false,
    "title": "Financial Analyst Intern",
    "person":
     {"first_name": "Ravi",
      "last_name": "Anaparti",
      "permalink": "ravi-anaparti"}},
   {"is_past": false,
    "title": "(via Xpedion Design Systems)",
    "person":
     {"first_name": "Rick",
      "last_name": "Lazansky",
      "permalink": "rick-lazansky"}},
   {"is_past": true,
    "title": "Chairman, President \u0026 CEO",
    "person":
     {"first_name": "Edward",
      "last_name": "W. Barnholt",
      "permalink": "edward-w-barnholt"}},
   {"is_past": true,
    "title": "EVP \u0026 COO",
    "person":
     {"first_name": "William",
      "last_name": "P. Sullivan",
      "permalink": "william-p-sullivan"}},
   {"is_past": true,
    "title": "Division CFO",
    "person":
     {"first_name": "John",
      "last_name": "Page",
      "permalink": "john-page"}},
   {"is_past": true,
    "title": "Vice President of Marketing and Sales",
    "person":
     {"first_name": "Gayn",
      "last_name": "Erickson",
      "permalink": "gayn-erickson"}},
   {"is_past": true,
    "title": "Vice President and General Manager of North American Field Operations",
    "person":
     {"first_name": "Kenneth",
      "last_name": "M. Ferry",
      "permalink": "kenneth-m-ferry"}},
   {"is_past": true,
    "title": "Vice President and General Manager",
    "person":
     {"first_name": "Robert",
      "last_name": "A. Schueren",
      "permalink": "robert-a-schueren"}},
   {"is_past": true,
    "title": "VP Manufacturing",
    "person":
     {"first_name": "Art",
      "last_name": "Stein",
      "permalink": "art-stein"}},
   {"is_past": true,
    "title": "VP \u0026 General Manager",
    "person":
     {"first_name": "Jason",
      "last_name": "Hartlove",
      "permalink": "jason-hartlove"}},
   {"is_past": true,
    "title": "Research Intern",
    "person":
     {"first_name": "Pedram",
      "last_name": "Keyani",
      "permalink": "pedram-keyani"}},
   {"is_past": true,
    "title": "MD Kalabie",
    "person":
     {"first_name": "Alain",
      "last_name": "Meller",
      "permalink": "alain-meller"}},
   {"is_past": true,
    "title": "Process Engineer",
    "person":
     {"first_name": "Jamey",
      "last_name": "Miller",
      "permalink": "jamey-miller"}},
   {"is_past": true,
    "title": "Director, Corporate Development",
    "person":
     {"first_name": "Tamara",
      "last_name": "Gordon",
      "permalink": "tamara-gordon"}},
   {"is_past": true,
    "title": "Senior Marketing Director, Genomics",
    "person":
     {"first_name": "Chris",
      "last_name": "Grimley",
      "permalink": "chris-grimley"}},
   {"is_past": true,
    "title": "President",
    "person":
     {"first_name": "Mr.",
      "last_name": "Chris van Ingen",
      "permalink": "mr-chris-van-ingen"}},
   {"is_past": true,
    "title": "e-HR Portal Manager",
    "person":
     {"first_name": "Manuel",
      "last_name": "Guerzoni",
      "permalink": "manuel-guerzoni-2"}},
   {"is_past": true,
    "title": "Software Reliability Engineer",
    "person":
     {"first_name": "Juan-Pablo",
      "last_name": "Mas",
      "permalink": "juan-pablo-mas"}},
   {"is_past": true,
    "title": "Product Line Manager - Wireless Comms - Asia Pacific",
    "person":
     {"first_name": "Yann",
      "last_name": "de Vries",
      "permalink": "yann-de-vries"}},
   {"is_past": true,
    "title": "Customer Intelligence Analyst",
    "person":
     {"first_name": "Christian",
      "last_name": "Mladenov",
      "permalink": "christian-mladenov"}},
   {"is_past": true,
    "title": "ASIC Design Engineer",
    "person":
     {"first_name": "Matthew",
      "last_name": "Randall",
      "permalink": "matthew-randall"}},
   {"is_past": true,
    "title": "Development Engineering Positions",
    "person":
     {"first_name": "Bob",
      "last_name": "Koupal",
      "permalink": "bob-koupal"}},
   {"is_past": true,
    "title": "Country Sales Manager",
    "person":
     {"first_name": "Anindya",
      "last_name": "Chatterjee",
      "permalink": "anindya-chatterjee"}},
   {"is_past": true,
    "title": "Sr. Manager, Strategic Marketing",
    "person":
     {"first_name": "David",
      "last_name": "B. Karlin",
      "permalink": "david-b-karlin"}},
   {"is_past": true,
    "title": "Director, New Ventures",
    "person":
     {"first_name": "David",
      "last_name": "B. Karlin",
      "permalink": "david-b-karlin"}},
   {"is_past": true,
    "title": "President",
    "person":
     {"first_name": "Young",
      "last_name": "Sohn",
      "permalink": "young-sohn"}},
   {"is_past": true,
    "title": "Research \u0026 Business roles",
    "person":
     {"first_name": "John",
      "last_name": "K. Celebi",
      "permalink": "john-k-celebi"}},
   {"is_past": true,
    "title": "",
    "person":
     {"first_name": "Nasreen",
      "last_name": "Chopra",
      "permalink": "nasreen-chopra"}},
   {"is_past": true,
    "title": "Intern / Software Engineer",
    "person":
     {"first_name": "Brandon",
      "last_name": "Jackson",
      "permalink": "brandon-jackson"}},
   {"is_past": true,
    "title": "President of the Electronic Measurement Groupositions.",
    "person":
     {"first_name": "Patrick",
      "last_name": "J. Byrne",
      "permalink": "patrick-j-byrne"}},
   {"is_past": true,
    "title": "Operational Positions",
    "person":
     {"first_name": "Rob",
      "last_name": "Parry",
      "permalink": "rob-parry"}},
   {"is_past": true,
    "title": "Senior Management Positions",
    "person":
     {"first_name": "Mark",
      "last_name": "Elo",
      "permalink": "mark-elo"}},
   {"is_past": true,
    "title": "Project Manager",
    "person":
     {"first_name": "Craig",
      "last_name": "Taverner",
      "permalink": "craig-taverner"}},
   {"is_past": true,
    "title": "Image sensor manager",
    "person":
     {"first_name": "Dr.",
      "last_name": "Homayoon Haddad",
      "permalink": "dr-homayoon-haddad"}},
   {"is_past": true,
    "title": "General Manager",
    "person":
     {"first_name": "Hamish",
      "last_name": "Butler",
      "permalink": "hamish-butler"}},
   {"is_past": true,
    "title": "Program Manager / Division Manufacturing Manager",
    "person":
     {"first_name": "Sean",
      "last_name": "Farrelly",
      "permalink": "sean-farrelly"}},
   {"is_past": true,
    "title": "General Manager",
    "person":
     {"first_name": "Barney",
      "last_name": "Saunders",
      "permalink": "barney-saunders"}},
   {"is_past": true,
    "title": "HR Positions",
    "person":
     {"first_name": "Tina",
      "last_name": "Beaudry",
      "permalink": "tina-beaudry"}},
   {"is_past": true,
    "title": "Program Manager",
    "person":
     {"first_name": "Robb",
      "last_name": "Myer",
      "permalink": "robb-myer"}},
   {"is_past": true,
    "title": "Director, Agilent Strategy \u0026 New Business Development",
    "person":
     {"first_name": "Maximilian",
      "last_name": "Schroeck",
      "permalink": "maximilian-schroeck"}},
   {"is_past": true,
    "title": "Account Manager, Wireless Business",
    "person":
     {"first_name": "Dean",
      "last_name": "Martin",
      "permalink": "dean-martin"}},
   {"is_past": true,
    "title": "Director of Sales",
    "person":
     {"first_name": "Jake",
      "last_name": "Bell",
      "permalink": "jake-bell"}},
   {"is_past": true,
    "title": "Life Sciences Order Fulfillment Mgr.",
    "person":
     {"first_name": "John",
      "last_name": "Reed",
      "permalink": "john-reed-2"}},
   {"is_past": true,
    "title": "Sales and Sales Operations",
    "person":
     {"first_name": "Alan",
      "last_name": "Grahame",
      "permalink": "alan-grahame"}},
   {"is_past": true,
    "title": "Sr. Executive positions",
    "person":
     {"first_name": "Biju",
      "last_name": "Nair",
      "permalink": "biju-nair"}},
   {"is_past": true,
    "title": "Sr. Manager, Product Planning",
    "person":
     {"first_name": "David",
      "last_name": "B. Karlin",
      "permalink": "david-b-karlin"}},
   {"is_past": true,
    "title": "Senior Marketing Positions",
    "person":
     {"first_name": "Tim",
      "last_name": "Messegee",
      "permalink": "tim-messegee"}},
   {"is_past": true,
    "title": "Marketing Manager",
    "person":
     {"first_name": "Jeffrey",
      "last_name": "Lee",
      "permalink": "jeffrey-lee"}},
   {"is_past": true,
    "title": "Sales, Business Development \u0026 Leadership roles",
    "person":
     {"first_name": "Randy",
      "last_name": "Weber",
      "permalink": "randy-weber-2"}},
   {"is_past": true,
    "title": "Consultant",
    "person":
     {"first_name": "Arthur",
      "last_name": "Combs",
      "permalink": "arthur-combs"}},
   {"is_past": true,
    "title": "Process Engineering Manager",
    "person":
     {"first_name": "Maria",
      "last_name": "Huffman",
      "permalink": "maria-huffman"}},
   {"is_past": true,
    "title": "Senior Leadership Positions",
    "person":
     {"first_name": "Vernon",
      "last_name": "Laverty",
      "permalink": "vernon-laverty"}},
   {"is_past": true,
    "title": "Senior Engineering Manager",
    "person":
     {"first_name": "John",
      "last_name": "Regazzi",
      "permalink": "dr-john-regazzi"}}],
 "competitions":
  [{"competitor":
     {"name": "Bruker",
      "permalink": "bruker"}},
   {"competitor":
     {"name": "Life Technologies",
      "permalink": "life-technologies"}},
   {"competitor":
     {"name": "PerkinElmer",
      "permalink": "perkinelmer"}},
   {"competitor":
     {"name": "Thermo Fisher Scientific",
      "permalink": "thermo-fisher-scientific"}}],
 "providerships":
  [{"title": "Data Center Search",
    "is_past": true,
    "provider":
     {"name": "Wired Real Estate Group",
      "permalink": "wired-real-estate-group"}}],
 "total_money_raised": "$0",
 "funding_rounds":
  [],
 "investments":
  [{"funding_round":
     {"round_code": "private_equity",
      "source_url": "http://www.finsmes.com/2013/04/gen9-closes-21m-strategic-investment-agilent-technologies.html",
      "source_description": "Gen9 Closes $21M Strategic Investment with Agilent Technologies",
      "raised_amount": 21000000.0,
      "raised_currency_code": "USD",
      "funded_year": 2013,
      "funded_month": 4,
      "funded_day": 24,
      "company":
       {"name": "Gen9",
        "permalink": "gen9"}}}],
 "acquisition": null,
 "acquisitions":
  [{"price_amount": 1500000000.0,
    "price_currency_code": "USD",
    "term_code": "cash_and_stock",
    "source_url": "http://www.agilent.com/about/newsroom/presrel/2009/27jul-gp09016.html",
    "source_description": "Agilent Technologies to Acquire Varian, Inc. for $1.5 Billion",
    "acquired_year": 2009,
    "acquired_month": 7,
    "acquired_day": 27,
    "company":
     {"name": "Varian",
      "permalink": "varian"}},
   {"price_amount": 11900000.0,
    "price_currency_code": "USD",
    "term_code": null,
    "source_url": "",
    "source_description": "",
    "acquired_year": 2008,
    "acquired_month": 12,
    "acquired_day": 5,
    "company":
     {"name": "MTS Nano Instruments",
      "permalink": "mts-nano-instruments"}},
   {"price_amount": null,
    "price_currency_code": "USD",
    "term_code": null,
    "source_url": "http://www.agilent.com/about/newsroom/presrel/2011/01mar-gp11007.html",
    "source_description": "Agilent Technologies Acquires BIOCIUS Life Sciences",
    "acquired_year": 2011,
    "acquired_month": 3,
    "acquired_day": 1,
    "company":
     {"name": "BIOCIUS Life Sciences",
      "permalink": "biocius-life-sciences"}},
   {"price_amount": null,
    "price_currency_code": "USD",
    "term_code": null,
    "source_url": "http://www.agilent.com/about/newsroom/presrel/2011/01dec-em11127.html",
    "source_description": "Agilent Technologies Signs Acquisition Agreement with Accelicon Technologies, a Leading Provider of Semiconductor Device-Modeling Software",
    "acquired_year": 2011,
    "acquired_month": 12,
    "acquired_day": 1,
    "company":
     {"name": "Accelicon Technologies",
      "permalink": "accelicon-technologies"}},
   {"price_amount": null,
    "price_currency_code": "USD",
    "term_code": null,
    "source_url": "http://www.agilent.com/about/newsroom/presrel/2011/01dec-ca11081.html",
    "source_description": "Agilent Technologies Grows Life Sciences Business with Strategic Acquisitions in Next-Generation Sequencing and Automated Analytical Solutions for Pharma",
    "acquired_year": 2011,
    "acquired_month": 12,
    "acquired_day": 1,
    "company":
     {"name": "Halo Genomics",
      "permalink": "halo-genomics"}},
   {"price_amount": null,
    "price_currency_code": "USD",
    "term_code": null,
    "source_url": "http://www.agilent.com/about/newsroom/presrel/2011/01dec-ca11081.html",
    "source_description": "Agilent Technologies Grows Life Sciences Business with Strategic Acquisitions in Next-Generation Sequencing and Automated Analytical Solutions for Pharma",
    "acquired_year": 2011,
    "acquired_month": 12,
    "acquired_day": 1,
    "company":
     {"name": "Biosystem Development",
      "permalink": "biosystem-development"}},
   {"price_amount": 2200000000.0,
    "price_currency_code": "USD",
    "term_code": "cash",
    "source_url": "http://www.agilent.com/about/newsroom/presrel/2012/21jun-gp12012.html",
    "source_description": "Agilent Technologies Completes Acquisition of Dako",
    "acquired_year": 2012,
    "acquired_month": 6,
    "acquired_day": 21,
    "company":
     {"name": "Dako Denmark",
      "permalink": "dako-denmark"}}],
 "offices":
  [{"description": "Global HQ",
    "address1": "5301 Stevens Creek Blvd",
    "address2": "",
    "zip_code": "95051",
    "city": "Santa Clara",
    "state_code": "CA",
    "country_code": "USA",
    "latitude": 37.323195,
    "longitude": -121.997681},
   {"description": "Chemical Analysis HQ",
    "address1": "2850 Centerville Road",
    "address2": "",
    "zip_code": "19808-1610",
    "city": "Wilmington",
    "state_code": "DE",
    "country_code": "USA",
    "latitude": null,
    "longitude": null}],
 "milestones":
  [{"id": 3452,
    "description": "Agilent Technologies Announces Completed Acquisition of Keithley Instruments' RF Product Line",
    "stoned_year": 2009,
    "stoned_month": 11,
    "stoned_day": 30,
    "source_url": "http://www.agilent.com/about/newsroom/presrel/2009/30nov-em09190.html",
    "source_text": "",
    "source_description": "Agilent Technologies Announces Completed Acquisition of Keithley Instruments' RF Product Line",
    "stoneable_type": "Company",
    "stoned_value": null,
    "stoned_value_type": null,
    "stoned_acquirer": null,
    "stoneable":
     {"name": "Agilent Technologies",
      "permalink": "agilent"}},
   {"id": 11648,
    "description": "AGILENT TECHNOLOGIES SIGNS AGREEMENT TO ACQUIRE ASSETS OF A2 TECHNOLOGIES; DEAL TO EXPAND AGILENT\u00e2\u20ac\u2122S SPECTROSCOPY PORTFOLIO",
    "stoned_year": 2011,
    "stoned_month": 1,
    "stoned_day": 19,
    "source_url": "http://www.freshnews.com/news/439785/agilent-technologies-signs-agreement-acquire-assets-a2-technologies-deal-expand-agilent",
    "source_text": "",
    "source_description": "AGILENT TECHNOLOGIES SIGNS AGREEMENT TO ACQUIRE ASSETS OF A2 TECHNOLOGIES; DEAL TO EXPAND AGILENT\u00e2\u20ac\u2122S SPECTROSCOPY PORTFOLIO",
    "stoneable_type": "Company",
    "stoned_value": null,
    "stoned_value_type": null,
    "stoned_acquirer": null,
    "stoneable":
     {"name": "Agilent Technologies",
      "permalink": "agilent"}},
   {"id": 22902,
    "description": "Agilent Technologies, Centellax Announce Agilent Will Acquire Centellax\u2019s Test and Measurement Business",
    "stoned_year": 2012,
    "stoned_month": 4,
    "stoned_day": 27,
    "source_url": "http://www.freshnews.com/news/643340/agilent-technologies-centellax-announce-agilent-will-acquire-centellax-s-test-and-measu",
    "source_text": "",
    "source_description": "Agilent Technologies, Centellax Announce Agilent Will Acquire Centellax\u2019s Test and Measurement Business",
    "stoneable_type": "Company",
    "stoned_value": null,
    "stoned_value_type": null,
    "stoned_acquirer": null,
    "stoneable":
     {"name": "Agilent Technologies",
      "permalink": "agilent"}},
   {"id": 24969,
    "description": "Agilent Technologies Signs Agreement to Acquire AT4 wireless\u2019 Test Systems Business",
    "stoned_year": 2012,
    "stoned_month": 7,
    "stoned_day": 16,
    "source_url": "http://www.freshnews.com/news/675986/agilent-technologies-signs-agreement-acquire-at4-wireless-test-systems-business",
    "source_text": "",
    "source_description": "Agilent Technologies Signs Agreement to Acquire AT4 wireless\u2019 Test Systems Business",
    "stoneable_type": "Company",
    "stoned_value": null,
    "stoned_value_type": null,
    "stoned_acquirer": null,
    "stoneable":
     {"name": "Agilent Technologies",
      "permalink": "agilent"}}],
 "ipo":
  {"valuation_amount": null,
   "valuation_currency_code": "USD",
   "pub_year": 1999,
   "pub_month": 11,
   "pub_day": 26,
   "stock_symbol": "NYSE:A"},
 "video_embeds":
  [],
 "screenshots":
  [{"available_sizes":
     [[[150,
        101],
       "http://api-images.crunchbase.com/assets/images/resized/0005/7947/57947v2-max-150x150.jpg"],
      [[250,
        169],
       "http://api-images.crunchbase.com/assets/images/resized/0005/7947/57947v2-max-250x250.jpg"],
      [[450,
        305],
       "http://api-images.crunchbase.com/assets/images/resized/0005/7947/57947v2-max-450x450.jpg"]],
    "attribution": null}],
 "external_links":
  [],
 "partners":
  []}
