{"name": "AgileJ Limited",
 "permalink": "agilej-limited",
 "crunchbase_url": "http://www.crunchbase.com/company/agilej-limited",
 "homepage_url": "http://www.agilej.com",
 "blog_url": "",
 "blog_feed_url": "",
 "twitter_username": null,
 "category_code": "software",
 "number_of_employees": 3,
 "founded_year": 2006,
 "founded_month": 6,
 "founded_day": null,
 "deadpooled_year": null,
 "deadpooled_month": null,
 "deadpooled_day": null,
 "deadpooled_url": null,
 "tag_list": "java, software, visualisation, code, tools, eclipse",
 "alias_list": null,
 "email_address": "paul.wells@agilej.com",
 "phone_number": "",
 "description": "Java Visualization Software ",
 "created_at": "Tue Jul 07 17:05:50 UTC 2009",
 "updated_at": "Sat Jul 11 03:19:32 UTC 2009",
 "overview": "\u003Cp\u003EAgileJ StructureViews provides insight and visualization of Java code.\u003C/p\u003E\n\n\u003Cp\u003EAgileJ StructureViews code visualizer for Eclipse is:\u003C/p\u003E\n\n\u003Cp\u003E1   Specialized for Reverse Engineered Diagrams - more akin to an extension to the Eclipse Java browsing perspective than a drawing tool.\u003C/p\u003E\n\n\u003Cp\u003E2   Dedicated to Java - exceptions, inner classes and Javadoc all influence the diagrams.\u003C/p\u003E\n\n\u003Cp\u003E3   Focused on Class Diagrams - because they can be made self-populating and self-updating, playing a long-term role in an Agile/XP project.\u003C/p\u003E\n\n\u003Cp\u003E4   Tightly Integrated into Eclipse - the diagram nomenclature follows that of Eclipse, resulting in the lowest switching overhead between looking at diagrams and looking at Eclipse.\u003C/p\u003E\n\n\u003Cp\u003E5   Filtered by Customized Rules - diagrams are tuned to highlight one aspect, dimension, concern or technology at a time.\u003C/p\u003E",
 "image":
  {"available_sizes":
    [[[150,
       142],
      "http://api-images.crunchbase.com/assets/images/resized/0005/2131/52131v2-max-150x150.jpg"],
     [[250,
       236],
      "http://api-images.crunchbase.com/assets/images/resized/0005/2131/52131v2-max-250x250.jpg"],
     [[450,
       426],
      "http://api-images.crunchbase.com/assets/images/resized/0005/2131/52131v2-max-450x450.jpg"]],
   "attribution": null},
 "products":
  [{"name": "AgileJ StructureViews",
    "permalink": "agilej-structureviews"}],
 "relationships":
  [{"is_past": false,
    "title": "CEO",
    "person":
     {"first_name": "Paul",
      "last_name": "Wells",
      "permalink": "paul-wells"}}],
 "competitions":
  [],
 "providerships":
  [],
 "total_money_raised": "$100k",
 "funding_rounds":
  [{"id": 7211,
    "round_code": "angel",
    "source_url": "",
    "source_description": "",
    "raised_amount": 100000.0,
    "raised_currency_code": "USD",
    "funded_year": 2006,
    "funded_month": 6,
    "funded_day": null,
    "investments":
     [{"company": null,
       "financial_org":
        {"name": "Aspiration Capital",
         "permalink": "aspiration-capital"},
       "person": null}]}],
 "investments":
  [],
 "acquisition": null,
 "acquisitions":
  [],
 "offices":
  [{"description": "Head Office",
    "address1": "2nd Floor St James House",
    "address2": "9-15 St James Road",
    "zip_code": "KT6 4QH",
    "city": "Surbiton",
    "state_code": null,
    "country_code": "GBR",
    "latitude": 51.393654,
    "longitude": -0.3062632}],
 "milestones":
  [],
 "ipo": null,
 "video_embeds":
  [],
 "screenshots":
  [{"available_sizes":
     [[[150,
        142],
       "http://api-images.crunchbase.com/assets/images/resized/0005/2130/52130v2-max-150x150.jpg"],
      [[250,
        236],
       "http://api-images.crunchbase.com/assets/images/resized/0005/2130/52130v2-max-250x250.jpg"],
      [[450,
        426],
       "http://api-images.crunchbase.com/assets/images/resized/0005/2130/52130v2-max-450x450.jpg"]],
    "attribution": null}],
 "external_links":
  [],
 "partners":
  []}
