{"name": "Agile Technosys",
 "permalink": "agile-technosys",
 "crunchbase_url": "http://www.crunchbase.com/company/agile-technosys",
 "homepage_url": "http://www.agiletechnosys.com",
 "blog_url": "http://agiletechnosys.wordpress.com",
 "blog_feed_url": "http://agiletechnosys.wordpress.com",
 "twitter_username": "agiletechnosys",
 "category_code": "software",
 "number_of_employees": 135,
 "founded_year": 2006,
 "founded_month": 6,
 "founded_day": null,
 "deadpooled_year": null,
 "deadpooled_month": null,
 "deadpooled_day": null,
 "deadpooled_url": null,
 "tag_list": "agile-technosys, web-development, web-design, web-development-india, offshore-software-development",
 "alias_list": null,
 "email_address": "sales@agiletechnosys.com",
 "phone_number": "+91-20-65007905",
 "description": "Web Development Company",
 "created_at": "Wed Jul 15 11:08:37 UTC 2009",
 "updated_at": "Wed Jul 15 21:08:48 UTC 2009",
 "overview": "\u003Cp\u003EAgile Technosys is a web and software development and services company providing premium services to its clientelle across the globe based in India. Agile Technosys is quite a young company (about 3 years old now) and has been providing sofware development, web development, web design, custom application development, product development, Rich internet applications and design / multimedia services. Within a short span of 2 years, Agile Technosys has grown to a team size of 175 from a mere 4 at inception. With an excellent blend of solid business domain understanding, technical expertise multiplied by deep knowledge of latest industry trends and technical innovations - Agile Technosys provides a quality driven approach towards software development and provides end-to-end customized solutions catering to the requirements.\u003C/p\u003E",
 "image":
  {"available_sizes":
    [[[150,
       75],
      "http://api-images.crunchbase.com/assets/images/resized/0005/3005/53005v2-max-150x150.png"],
     [[174,
       87],
      "http://api-images.crunchbase.com/assets/images/resized/0005/3005/53005v2-max-250x250.png"],
     [[174,
       87],
      "http://api-images.crunchbase.com/assets/images/resized/0005/3005/53005v2-max-450x450.png"]],
   "attribution": null},
 "products":
  [],
 "relationships":
  [{"is_past": true,
    "title": "CEO",
    "person":
     {"first_name": "Chetan",
      "last_name": "Kelkar",
      "permalink": "chetan-kelkar-2"}}],
 "competitions":
  [],
 "providerships":
  [],
 "total_money_raised": "$0",
 "funding_rounds":
  [],
 "investments":
  [],
 "acquisition": null,
 "acquisitions":
  [],
 "offices":
  [],
 "milestones":
  [],
 "ipo": null,
 "video_embeds":
  [],
 "screenshots":
  [],
 "external_links":
  [],
 "partners":
  []}
