{"name": "AgreeYourFee",
 "permalink": "agreeyourfee",
 "crunchbase_url": "http://www.crunchbase.com/company/agreeyourfee",
 "homepage_url": "http://www.agreeyourfee.com",
 "blog_url": "",
 "blog_feed_url": "",
 "twitter_username": "agreeyourfee",
 "category_code": "advertising",
 "number_of_employees": 4,
 "founded_year": 2009,
 "founded_month": 6,
 "founded_day": 1,
 "deadpooled_year": null,
 "deadpooled_month": null,
 "deadpooled_day": null,
 "deadpooled_url": null,
 "tag_list": "recruitment, free-advertising, fee-agreed-recruitment, cost-control",
 "alias_list": null,
 "email_address": "networking@agreeyourfee.com",
 "phone_number": "02079932842",
 "description": "Recruitment where employers set the fee",
 "created_at": "Tue Jun 16 16:45:05 UTC 2009",
 "updated_at": "Tue Jun 16 18:01:08 UTC 2009",
 "overview": "\u003Cp\u003EAgreeYourFee is a recruitment marketplace based around free advertising.\u003C/p\u003E\n\n\u003Cp\u003EEmployers post vacancies and in addition publish the total fee they will pay a recruiter to fill the role.\u003C/p\u003E\n\n\u003Cp\u003ERecruiters then decide if they want to work for the fee on offer. It\u0026#8217;s simple, quick and controlled recruitment, which eliminates many of the usual inconveniences associated with this sector. \u003C/p\u003E\n\n\u003Cp\u003EThe great thing is that employers aren\u0026#8217;t charged for posting vacancies, so if they don\u0026#8217;t find a suitable candidate, it\u0026#8217;s cost nothing at all!  \u003C/p\u003E",
 "image":
  {"available_sizes":
    [[[150,
       18],
      "http://api-images.crunchbase.com/assets/images/resized/0004/8856/48856v2-max-150x150.jpg"],
     [[250,
       30],
      "http://api-images.crunchbase.com/assets/images/resized/0004/8856/48856v2-max-250x250.jpg"],
     [[450,
       54],
      "http://api-images.crunchbase.com/assets/images/resized/0004/8856/48856v2-max-450x450.jpg"]],
   "attribution": null},
 "products":
  [{"name": "Free recruitment job boards",
    "permalink": "free-recruitment-job-boards"}],
 "relationships":
  [{"is_past": false,
    "title": "Founder / Director",
    "person":
     {"first_name": "Criag",
      "last_name": "Kinnersley",
      "permalink": "criag-kinnersley"}}],
 "competitions":
  [],
 "providerships":
  [],
 "total_money_raised": "$0",
 "funding_rounds":
  [],
 "investments":
  [],
 "acquisition": null,
 "acquisitions":
  [],
 "offices":
  [{"description": "",
    "address1": "",
    "address2": "",
    "zip_code": "",
    "city": "London",
    "state_code": null,
    "country_code": "GBR",
    "latitude": 51.5001524,
    "longitude": -0.1262362}],
 "milestones":
  [],
 "ipo": null,
 "video_embeds":
  [],
 "screenshots":
  [{"available_sizes":
     [[[150,
        103],
       "http://api-images.crunchbase.com/assets/images/resized/0004/8869/48869v1-max-150x150.png"],
      [[250,
        171],
       "http://api-images.crunchbase.com/assets/images/resized/0004/8869/48869v1-max-250x250.png"],
      [[450,
        309],
       "http://api-images.crunchbase.com/assets/images/resized/0004/8869/48869v1-max-450x450.png"]],
    "attribution": null}],
 "external_links":
  [],
 "partners":
  []}
