{"name": "Agtel",
 "permalink": "agtel",
 "crunchbase_url": "http://www.crunchbase.com/company/agtel",
 "homepage_url": "http://www.agtel.ie",
 "blog_url": "http://agtel.wordpress.com/",
 "blog_feed_url": "http://agtel.wordpress.com/feed/",
 "twitter_username": "agtel",
 "category_code": "public_relations",
 "number_of_employees": 35,
 "founded_year": 1979,
 "founded_month": null,
 "founded_day": null,
 "deadpooled_year": null,
 "deadpooled_month": null,
 "deadpooled_day": null,
 "deadpooled_url": null,
 "tag_list": "video, video-production, corporate-video, ireland, multimedia, web-tv, television, film, commercial, museum, exhibition",
 "alias_list": null,
 "email_address": "info@agtel.ie",
 "phone_number": "+353-(0)1-708-8153",
 "description": "",
 "created_at": "Fri Dec 05 10:15:44 UTC 2008",
 "updated_at": "Sat Mar 17 09:31:39 UTC 2012",
 "overview": "\u003Cp\u003EWe create stunning video content that delivers results. Working for leading businesses and organisations, we build online audiences for those videos through social media. If you want web videos that deliver measurable, cost effective outcomes, we would love to hear from you.\u003C/p\u003E",
 "image":
  {"available_sizes":
    [[[150,
       61],
      "http://api-images.crunchbase.com/assets/images/resized/0003/1097/31097v2-max-150x150.jpg"],
     [[250,
       102],
      "http://api-images.crunchbase.com/assets/images/resized/0003/1097/31097v2-max-250x250.jpg"],
     [[416,
       171],
      "http://api-images.crunchbase.com/assets/images/resized/0003/1097/31097v2-max-450x450.jpg"]],
   "attribution": null},
 "products":
  [{"name": "ESA - International Space Station DVD",
    "permalink": "esa-international-space-station-dvd"},
   {"name": "European Parliament Interactive multilingual DVD",
    "permalink": "european-parliament-interactive-multilingual-dvd"},
   {"name": "Creative Labs Conference DVD",
    "permalink": "creative-labs-conference-dvd"},
   {"name": "Ear to the Ground (TV programme)",
    "permalink": "ear-to-the-ground-tv-programme"},
   {"name": "Northern Star (Documentary)",
    "permalink": "northern-star-documentary"},
   {"name": "Battle of the Boyne",
    "permalink": "battle-of-the-boyne"},
   {"name": "Science Week Lectures",
    "permalink": "science-week-lectures"},
   {"name": "HSA Farm Safety (Online Video Campaign)",
    "permalink": "hsa-farm-safety-online-video-campaign"}],
 "relationships":
  [{"is_past": true,
    "title": "",
    "person":
     {"first_name": "Ian",
      "last_name": "Brunswick",
      "permalink": "ian-brunswick"}}],
 "competitions":
  [],
 "providerships":
  [],
 "total_money_raised": "$0",
 "funding_rounds":
  [],
 "investments":
  [],
 "acquisition": null,
 "acquisitions":
  [],
 "offices":
  [{"description": "Dublin Office",
    "address1": "Agtel",
    "address2": "22 Upper Fitzwilliam Street",
    "zip_code": "Dublin 2",
    "city": "Dublin",
    "state_code": null,
    "country_code": "IRL",
    "latitude": 53.3632377,
    "longitude": -6.3122021}],
 "milestones":
  [],
 "ipo": null,
 "video_embeds":
  [],
 "screenshots":
  [],
 "external_links":
  [{"external_url": "http://www.agtel.ie/blog/article/just_launched_online_video_campaign_for_farm_safety/",
    "title": "Blog post - Online Video Campaign Launches"},
   {"external_url": "http://www.agtel.ie/blog/article/measurement.ie_social_media_conference1/",
    "title": "Measurement.ie Social Media Conference"}],
 "partners":
  []}
