{"name": "AH Design",
 "permalink": "ah-design",
 "crunchbase_url": "http://www.crunchbase.com/company/ah-design",
 "homepage_url": "http://www.ipaf.com/?q=generic+cialis\u0026aid=36\u0026said=24",
 "blog_url": "http://www.ipaf.com/",
 "blog_feed_url": "http://www.ipaf.com/",
 "twitter_username": null,
 "category_code": "biotech",
 "number_of_employees": null,
 "founded_year": null,
 "founded_month": null,
 "founded_day": null,
 "deadpooled_year": null,
 "deadpooled_month": null,
 "deadpooled_day": null,
 "deadpooled_url": null,
 "tag_list": "",
 "alias_list": null,
 "email_address": "",
 "phone_number": "",
 "description": null,
 "created_at": "Tue Dec 30 23:57:23 UTC 2008",
 "updated_at": "Sat Feb 07 14:43:55 UTC 2009",
 "overview": null,
 "image": null,
 "products":
  [],
 "relationships":
  [{"is_past": true,
    "title": "Web Designer, Developer and Search Engine Marketing",
    "person":
     {"first_name": "Vincent",
      "last_name": "Tobiaz",
      "permalink": "vincent-tobiaz"}}],
 "competitions":
  [],
 "providerships":
  [],
 "total_money_raised": "$0",
 "funding_rounds":
  [],
 "investments":
  [],
 "acquisition": null,
 "acquisitions":
  [],
 "offices":
  [],
 "milestones":
  [],
 "ipo": null,
 "video_embeds":
  [],
 "screenshots":
  [],
 "external_links":
  [],
 "partners":
  []}
