{"name": "Aha Mobile",
 "permalink": "aha-mobile",
 "crunchbase_url": "http://www.crunchbase.com/company/aha-mobile",
 "homepage_url": "http://ahamobile.com",
 "blog_url": "http://ahamobile.com/blog/",
 "blog_feed_url": "",
 "twitter_username": "AhaMobile",
 "category_code": "mobile",
 "number_of_employees": 8,
 "founded_year": null,
 "founded_month": null,
 "founded_day": null,
 "deadpooled_year": null,
 "deadpooled_month": null,
 "deadpooled_day": null,
 "deadpooled_url": null,
 "tag_list": "",
 "alias_list": "",
 "email_address": "",
 "phone_number": "415-309-5061",
 "description": "driver enhancement",
 "created_at": "Thu May 14 06:37:51 UTC 2009",
 "updated_at": "Tue Mar 27 12:42:45 UTC 2012",
 "overview": "\u003Cp\u003EAha Mobile makes drivers smarter by keeping them informed about the world around them.  Founded in 2008, Aha has developed a connected back-end platform that is  designed to power a wide array of consumer devices. \u003C/p\u003E",
 "image":
  {"available_sizes":
    [[[150,
       69],
      "http://api-images.crunchbase.com/assets/images/resized/0004/4023/44023v1-max-150x150.jpg"],
     [[229,
       106],
      "http://api-images.crunchbase.com/assets/images/resized/0004/4023/44023v1-max-250x250.jpg"],
     [[229,
       106],
      "http://api-images.crunchbase.com/assets/images/resized/0004/4023/44023v1-max-450x450.jpg"]],
   "attribution": null},
 "products":
  [],
 "relationships":
  [{"is_past": false,
    "title": "CEO",
    "person":
     {"first_name": "Robert",
      "last_name": "Acker",
      "permalink": "robert-acker"}},
   {"is_past": true,
    "title": "Founder/CEO",
    "person":
     {"first_name": "Rama",
      "last_name": "Aysola",
      "permalink": "rama-aysola"}},
   {"is_past": true,
    "title": "Board Member",
    "person":
     {"first_name": "Dev",
      "last_name": "Khare",
      "permalink": "dev-khare"}},
   {"is_past": true,
    "title": "Director, Product Marketing",
    "person":
     {"first_name": "Dan",
      "last_name": "Marchese",
      "permalink": "dan-marchese"}}],
 "competitions":
  [],
 "providerships":
  [],
 "total_money_raised": "$3M",
 "funding_rounds":
  [{"id": 5956,
    "round_code": "a",
    "source_url": "http://www.techcrunch.com/2009/05/14/aha-mobile-scores-3-million-for-driver-friendly-iphone-app/",
    "source_description": "Aha Mobile Scores $3 Million For Driver-Friendly iPhone App",
    "raised_amount": 3000000.0,
    "raised_currency_code": "USD",
    "funded_year": 2008,
    "funded_month": 6,
    "funded_day": 9,
    "investments":
     [{"company": null,
       "financial_org":
        {"name": "Venrock",
         "permalink": "venrock"},
       "person": null}]}],
 "investments":
  [],
 "acquisition":
  {"price_amount": null,
   "price_currency_code": "USD",
   "term_code": null,
   "source_url": "http://techcrunch.com/2010/09/15/harman-aha-mobile/",
   "source_description": "HARMAN Buys Aha Mobile To Keep You Informed AND Safe While On The Road",
   "acquired_year": 2010,
   "acquired_month": 9,
   "acquired_day": 15,
   "acquiring_company":
    {"name": "Harman International Industries",
     "permalink": "harman-international"}},
 "acquisitions":
  [],
 "offices":
  [{"description": "",
    "address1": "3340 Hillview Avenue",
    "address2": "",
    "zip_code": "94304",
    "city": "Palo Alto",
    "state_code": "CA",
    "country_code": "USA",
    "latitude": null,
    "longitude": null}],
 "milestones":
  [],
 "ipo": null,
 "video_embeds":
  [{"embed_code": "\u003Cdiv style=\"width:320px;\"\u003E\u003Cdiv style=\"background-color:#dedede;width:320px;text-align:center;font-family:Arial,sans-serif;font-size:10pt;padding-top:4px;padding-bottom:5px;margin:0;\"\u003E\u003Ca href=\"http://vator.tv/news/show/2009-09-30-share-road-rage-on-twitter-with-aha-mobile\" target=\"_blank\"\u003ESee this video on \u003Cspan style=\"color:#38538e;font-weight: bold;\"\u003EVator\u003C/span\u003E\u003Cspan style=\"color:#50a756;font-weight: bold;\"\u003E.tv\u003C/span\u003E\u0026nbsp;\u0026raquo;\u003C/a\u003E\u003C/div\u003E\u003Cembed src=\"http://vator.tv/embed/vpembed.swf\" FlashVars=\"v=7202_AHA_INTV_01.flv\u0026b=2\u0026i=7202\u0026o=embed\u0026vp=1\u0026l=http://vator.tv/news/show/2009-09-30-share-road-rage-on-twitter-with-aha-mobile\" allowScriptAccess=\"always\" allowFullScreen=\"true\" bgcolor=\"#ffffff\" width=\"320\" height=\"265\" pluginspage=\"http://www.macromedia.com/go/getflashplayer\" type=\"application/x-shockwave-flash\"\u003E\u003C/embed\u003E\u003C/div\u003E",
    "description": ""}],
 "screenshots":
  [],
 "external_links":
  [],
 "partners":
  []}
