{"name": "Aicent",
 "permalink": "aicent",
 "crunchbase_url": "http://www.crunchbase.com/company/aicent",
 "homepage_url": "http://www.aicent.com",
 "blog_url": "http://aicent.com/blog/",
 "blog_feed_url": "",
 "twitter_username": "aicentinc",
 "category_code": "mobile",
 "number_of_employees": null,
 "founded_year": 2000,
 "founded_month": null,
 "founded_day": null,
 "deadpooled_year": null,
 "deadpooled_month": null,
 "deadpooled_day": null,
 "deadpooled_url": null,
 "tag_list": "",
 "alias_list": "",
 "email_address": "sales@aicent.com",
 "phone_number": "408-324-1830",
 "description": "data network, messaging",
 "created_at": "Sat Jan 03 18:45:07 UTC 2009",
 "updated_at": "Wed Feb 12 00:26:39 UTC 2014",
 "overview": "\u003Cp\u003EFounded in 2000, Aicent, Inc., is the world\u2019s largest multi-service IPX provider of data network services and solutions connecting to over 200  global mobile operators, including ten of the worlds\u2019 largest. \u003C/p\u003E\n\n\u003Cp\u003EThrough extensive partnerships and peering arrangements, Aicent\u2019s network reaches all 2G, 3G and 4G LTE operators around the world allowing mobile subscribers to roam seamlessly between international operator networks. The company\u0026#8217;s roaming hub supports integrated mobile messaging solutions and value added data roaming and global reach infrastructure services designed to help carriers maximize revenue opportunities. For more information, visit www.aicent.com.\u003C/p\u003E",
 "image":
  {"available_sizes":
    [[[150,
       44],
      "http://api-images.crunchbase.com/assets/images/resized/0003/2960/32960v3-max-150x150.png"],
     [[250,
       74],
      "http://api-images.crunchbase.com/assets/images/resized/0003/2960/32960v3-max-250x250.png"],
     [[450,
       133],
      "http://api-images.crunchbase.com/assets/images/resized/0003/2960/32960v3-max-450x450.png"]],
   "attribution": null},
 "products":
  [],
 "relationships":
  [{"is_past": false,
    "title": "President \u0026 CEO",
    "person":
     {"first_name": "Marc",
      "last_name": "Zionts",
      "permalink": "marc-zionts"}},
   {"is_past": false,
    "title": "CTO \u0026 EVP of Engineering",
    "person":
     {"first_name": "David",
      "last_name": "Zhang",
      "permalink": "david-zhang-5"}},
   {"is_past": false,
    "title": "CFO \u0026 VP of Finance",
    "person":
     {"first_name": "Kallen",
      "last_name": "Chan",
      "permalink": "kallen-chan"}},
   {"is_past": false,
    "title": "Vice President, Operations",
    "person":
     {"first_name": "Vivian",
      "last_name": "Ding",
      "permalink": "vivian-ding"}},
   {"is_past": false,
    "title": "Executive Vice President, Product Marketing",
    "person":
     {"first_name": "Mun-Kein",
      "last_name": "Chang",
      "permalink": "mun-kein-chang"}},
   {"is_past": false,
    "title": "Executive Vice President, Strategic Business Development and General Manager, Americas",
    "person":
     {"first_name": "Shu",
      "last_name": "Gan",
      "permalink": "shu-gan"}},
   {"is_past": false,
    "title": "Director, Technical Support Operations",
    "person":
     {"first_name": "Ping",
      "last_name": "Chen",
      "permalink": "ping-chen"}},
   {"is_past": false,
    "title": "Senior Director of Product Management",
    "person":
     {"first_name": "Zidan",
      "last_name": "Lian",
      "permalink": "zidan-lian"}},
   {"is_past": true,
    "title": "VP Marketing",
    "person":
     {"first_name": "Shu",
      "last_name": "Gan",
      "permalink": "shu-gan"}},
   {"is_past": true,
    "title": "Director, Technical Support",
    "person":
     {"first_name": "Vivian",
      "last_name": "Ding",
      "permalink": "vivian-ding"}},
   {"is_past": true,
    "title": "Technical Director, Software Engineering",
    "person":
     {"first_name": "Jesse",
      "last_name": "Duan",
      "permalink": "jesse-duan"}},
   {"is_past": true,
    "title": "Board of Directors",
    "person":
     {"first_name": "Jackie",
      "last_name": "Yang",
      "permalink": "jackie-yang"}},
   {"is_past": true,
    "title": "Project Manager and Technical Support Engineer",
    "person":
     {"first_name": "Vivian",
      "last_name": "Ding",
      "permalink": "vivian-ding"}},
   {"is_past": true,
    "title": "Application Development Manager,Software Engineering",
    "person":
     {"first_name": "Jesse",
      "last_name": "Duan",
      "permalink": "jesse-duan"}}],
 "competitions":
  [],
 "providerships":
  [{"title": "",
    "is_past": true,
    "provider":
     {"name": "Mobility Public Relations",
      "permalink": "mobility-public-relations"}}],
 "total_money_raised": "$145M",
 "funding_rounds":
  [{"id": 4407,
    "round_code": "c",
    "source_url": "http://venturebeat.com/2007/03/14/aicent-a-mobile-data-network-service-co-raises-143m/",
    "source_description": "Aicent, a mobile data network service co., raises $14.3M",
    "raised_amount": 14300000.0,
    "raised_currency_code": "USD",
    "funded_year": 2007,
    "funded_month": 3,
    "funded_day": 14,
    "investments":
     [{"company": null,
       "financial_org":
        {"name": "Warburg Pincus",
         "permalink": "warburg-pincus"},
       "person": null},
      {"company": null,
       "financial_org":
        {"name": "Qualcomm Ventures",
         "permalink": "qualcomm-ventures"},
       "person": null}]},
   {"id": 7510,
    "round_code": "d",
    "source_url": "",
    "source_description": "EDGAR",
    "raised_amount": 3000000.0,
    "raised_currency_code": "USD",
    "funded_year": 2008,
    "funded_month": 9,
    "funded_day": 3,
    "investments":
     [{"company": null,
       "financial_org":
        {"name": "Intel Capital",
         "permalink": "intel-capital"},
       "person": null}]},
   {"id": 25889,
    "round_code": "private_equity",
    "source_url": "http://www.sec.gov/Archives/edgar/data/1532555/000153255511000001/xslFormDX01/primary_doc.xml",
    "source_description": "SEC",
    "raised_amount": 127200000.0,
    "raised_currency_code": "USD",
    "funded_year": 2011,
    "funded_month": 10,
    "funded_day": 11,
    "investments":
     [{"company": null,
       "financial_org":
        {"name": "TA Associates",
         "permalink": "ta-associates"},
       "person": null}]}],
 "investments":
  [],
 "acquisition": null,
 "acquisitions":
  [],
 "offices":
  [{"description": "HQ",
    "address1": "181 Metro Drive",
    "address2": "Suite 450",
    "zip_code": "95110",
    "city": "San Jose",
    "state_code": "CA",
    "country_code": "USA",
    "latitude": 37.384211,
    "longitude": -121.924797},
   {"description": "Beijing Office",
    "address1": "15th Floor, Jinyu Mansion, No.129",
    "address2": "Xuanwumen Xidajie, Xicheng District",
    "zip_code": "100031",
    "city": "Beijing",
    "state_code": null,
    "country_code": "CHN",
    "latitude": null,
    "longitude": null}],
 "milestones":
  [{"id": 12471,
    "description": "Aicent Joins the Cisco Developer Network as Solution Developer and Completes Cisco Interoperability Verification Testing\r\n",
    "stoned_year": 2011,
    "stoned_month": 2,
    "stoned_day": 14,
    "source_url": "http://www.tmcnet.com/usubmit/-aicent-joins-cisco-developer-network-as-solution-developer-/2011/02/14/5309279.htm",
    "source_text": "",
    "source_description": "Aicent Joins the Cisco Developer Network as Solution Developer and Completes Cisco Interoperability Verification Testing ",
    "stoneable_type": "Company",
    "stoned_value": null,
    "stoned_value_type": null,
    "stoned_acquirer": null,
    "stoneable":
     {"name": "Aicent",
      "permalink": "aicent"}}],
 "ipo": null,
 "video_embeds":
  [],
 "screenshots":
  [{"available_sizes":
     [[[150,
        147],
       "http://api-images.crunchbase.com/assets/images/resized/0039/0026/390026v2-max-150x150.png"],
      [[250,
        246],
       "http://api-images.crunchbase.com/assets/images/resized/0039/0026/390026v2-max-250x250.png"],
      [[450,
        442],
       "http://api-images.crunchbase.com/assets/images/resized/0039/0026/390026v2-max-450x450.png"]],
    "attribution": null}],
 "external_links":
  [],
 "partners":
  []}
