{"name": "AIMM Therapeutics",
 "permalink": "aimm-therapeutics",
 "crunchbase_url": "http://www.crunchbase.com/company/aimm-therapeutics",
 "homepage_url": "http://www.aimmtherapeutics.com",
 "blog_url": "",
 "blog_feed_url": "",
 "twitter_username": null,
 "category_code": "biotech",
 "number_of_employees": null,
 "founded_year": null,
 "founded_month": null,
 "founded_day": null,
 "deadpooled_year": null,
 "deadpooled_month": null,
 "deadpooled_day": null,
 "deadpooled_url": null,
 "tag_list": "",
 "alias_list": "",
 "email_address": "info@aimmtherapeutics.com",
 "phone_number": "31-(0)20-566-21-45",
 "description": "production of monoclonal antibodies",
 "created_at": "Tue Jul 07 19:41:17 UTC 2009",
 "updated_at": "Tue May 01 04:31:05 UTC 2012",
 "overview": "\u003Cp\u003EAIMM Therapeutics objectives are to make monoclonal antibodies by exploiting the potential of B cells from peripheral blood of individuals who successfully resolved a pathogenic infectious disease. \u003C/p\u003E",
 "image":
  {"available_sizes":
    [[[136,
       92],
      "http://api-images.crunchbase.com/assets/images/resized/0006/3744/63744v1-max-150x150.jpg"],
     [[136,
       92],
      "http://api-images.crunchbase.com/assets/images/resized/0006/3744/63744v1-max-250x250.jpg"],
     [[136,
       92],
      "http://api-images.crunchbase.com/assets/images/resized/0006/3744/63744v1-max-450x450.jpg"]],
   "attribution": null},
 "products":
  [{"name": "saf",
    "permalink": "saf"}],
 "relationships":
  [],
 "competitions":
  [],
 "providerships":
  [],
 "total_money_raised": "$0",
 "funding_rounds":
  [{"id": 7247,
    "round_code": "unattributed",
    "source_url": "",
    "source_description": "Capital Report Index",
    "raised_amount": null,
    "raised_currency_code": null,
    "funded_year": 2009,
    "funded_month": 6,
    "funded_day": 3,
    "investments":
     [{"company": null,
       "financial_org":
        {"name": "Life Sciences Fund Amsterdam",
         "permalink": "life-sciences-fund-amsterdam"},
       "person": null}]}],
 "investments":
  [],
 "acquisition": null,
 "acquisitions":
  [],
 "offices":
  [{"description": "",
    "address1": "Meibergdreef 59",
    "address2": "",
    "zip_code": "1105 BA",
    "city": "Amsterdam",
    "state_code": null,
    "country_code": "NLD",
    "latitude": null,
    "longitude": null}],
 "milestones":
  [],
 "ipo": null,
 "video_embeds":
  [],
 "screenshots":
  [{"available_sizes":
     [[[150,
        87],
       "http://api-images.crunchbase.com/assets/images/resized/0006/3745/63745v1-max-150x150.jpg"],
      [[250,
        146],
       "http://api-images.crunchbase.com/assets/images/resized/0006/3745/63745v1-max-250x250.jpg"],
      [[450,
        263],
       "http://api-images.crunchbase.com/assets/images/resized/0006/3745/63745v1-max-450x450.jpg"]],
    "attribution": null}],
 "external_links":
  [],
 "partners":
  []}
