{"name": "Airband Communications Holdings",
 "permalink": "airband-communications-holdings",
 "crunchbase_url": "http://www.crunchbase.com/company/airband-communications-holdings",
 "homepage_url": "http://www.airband.com",
 "blog_url": "http://airband.com/blog/",
 "blog_feed_url": "",
 "twitter_username": "Airband_ISP",
 "category_code": "mobile",
 "number_of_employees": null,
 "founded_year": 2000,
 "founded_month": null,
 "founded_day": null,
 "deadpooled_year": null,
 "deadpooled_month": null,
 "deadpooled_day": null,
 "deadpooled_url": null,
 "tag_list": "",
 "alias_list": "",
 "email_address": "info@airband.com",
 "phone_number": "469-791-0000",
 "description": "WiMAX fixed-wireless provider",
 "created_at": "Sun Jan 18 16:59:40 UTC 2009",
 "updated_at": "Mon Feb 17 14:32:26 UTC 2014",
 "overview": "\u003Cp\u003EAirband Communications is the largest WiMAX fixed-wireless provider serving businesses in the United States. They deliver a comprehensive portfolio of high-bandwidth and managed solutions over one of the industry\u0026#8217;s most scalable last-mile networks.\u003C/p\u003E\n\n\u003Cp\u003EFounded in 2000, Airband built its wholly-owned network to bypass the local phone and cable companies, providing customers with faster install times, unmatched scalability and complete path redundancy from the traditional wireline infrastructure. Today, Airband provides service in 14 markets and is expanding quickly.\u003C/p\u003E\n\n\u003Cp\u003EAirband is managed by a senior leadership team that is focused on providing an exceptional customer experience for every single customer. Their employees are passionate about delivering the results businesses are looking for. Airband are known and respected for their local support staff, exemplary service and customer responsiveness and serve more than 3,500 businesses nationwide.\u003C/p\u003E",
 "image":
  {"available_sizes":
    [[[150,
       76],
      "http://api-images.crunchbase.com/assets/images/resized/0003/4152/34152v2-max-150x150.png"],
     [[197,
       100],
      "http://api-images.crunchbase.com/assets/images/resized/0003/4152/34152v2-max-250x250.png"],
     [[197,
       100],
      "http://api-images.crunchbase.com/assets/images/resized/0003/4152/34152v2-max-450x450.png"]],
   "attribution": null},
 "products":
  [],
 "relationships":
  [{"is_past": false,
    "title": "CEO",
    "person":
     {"first_name": "Michael",
      "last_name": "Ruley",
      "permalink": "michael-ruley"}},
   {"is_past": false,
    "title": "CFO",
    "person":
     {"first_name": "Tim",
      "last_name": "Kinnear",
      "permalink": "tim-kinnear"}},
   {"is_past": false,
    "title": "Executive Vice President of Sales",
    "person":
     {"first_name": "James",
      "last_name": "DaBramo",
      "permalink": "james-dabramo"}},
   {"is_past": true,
    "title": "CEO",
    "person":
     {"first_name": "Rick",
      "last_name": "Pontin",
      "permalink": "rick-pontin"}},
   {"is_past": true,
    "title": "President and CEO",
    "person":
     {"first_name": "Mark",
      "last_name": "Spagnolo",
      "permalink": "mark-spagnolo"}},
   {"is_past": true,
    "title": "Chief Operating Officer",
    "person":
     {"first_name": "Layne",
      "last_name": "Levine",
      "permalink": "layne-levine"}},
   {"is_past": true,
    "title": "Chief Administrative Officer",
    "person":
     {"first_name": "Jack",
      "last_name": "Brooks",
      "permalink": "jack-brooks"}},
   {"is_past": true,
    "title": "Vice President of Sales",
    "person":
     {"first_name": "Matt",
      "last_name": "Milliron",
      "permalink": "matt-milliron"}},
   {"is_past": true,
    "title": "Executive Vice President",
    "person":
     {"first_name": "Brent",
      "last_name": "Moore",
      "permalink": "brent-moore"}},
   {"is_past": true,
    "title": "Financial Analyst",
    "person":
     {"first_name": "Kathleen",
      "last_name": "Pedersen",
      "permalink": "kathleen-pedersen"}},
   {"is_past": true,
    "title": "Sales and Leadership Roles",
    "person":
     {"first_name": "David",
      "last_name": "Searcy",
      "permalink": "david-searcy"}},
   {"is_past": true,
    "title": "CFO",
    "person":
     {"first_name": "Jim",
      "last_name": "Timmer",
      "permalink": "jim-timmer"}},
   {"is_past": true,
    "title": "Vice President",
    "person":
     {"first_name": "Jennifer",
      "last_name": "Mao",
      "permalink": "jennifer-mao"}}],
 "competitions":
  [],
 "providerships":
  [],
 "total_money_raised": "$39.9M",
 "funding_rounds":
  [{"id": 4644,
    "round_code": "unattributed",
    "source_url": "http://venturebeat.com/2008/06/27/airband-communications-holdings-raises-25-million-for-fixed-wireless-services/",
    "source_description": "Airband Communications Holdings raises $2.5 million for fixed-wireless services",
    "raised_amount": 2500000.0,
    "raised_currency_code": "USD",
    "funded_year": 2008,
    "funded_month": 6,
    "funded_day": 1,
    "investments":
     [{"company": null,
       "financial_org":
        {"name": "Key Venture Partners",
         "permalink": "key-venture-partners"},
       "person": null},
      {"company": null,
       "financial_org":
        {"name": "M/C Partners",
         "permalink": "m-c-partners"},
       "person": null},
      {"company": null,
       "financial_org":
        {"name": "Crescendo Ventures",
         "permalink": "crescendo-ventures"},
       "person": null},
      {"company": null,
       "financial_org":
        {"name": "Dolphin Equity Partners",
         "permalink": "dolphin-equity-partners"},
       "person": null},
      {"company": null,
       "financial_org":
        {"name": "Sevin Rosen Funds",
         "permalink": "sevin-rosen-funds"},
       "person": null}]},
   {"id": 5129,
    "round_code": "f",
    "source_url": "http://venturebeat.com/2009/02/18/airband-books-3m-for-its-fixed-wireless-network/",
    "source_description": "Airband books $3M for its fixed-wireless network",
    "raised_amount": 3000000.0,
    "raised_currency_code": "USD",
    "funded_year": 2009,
    "funded_month": 2,
    "funded_day": 19,
    "investments":
     []},
   {"id": 10007,
    "round_code": "debt_round",
    "source_url": "http://www.sec.gov/Archives/edgar/data/1112314/000111231409000005/xslFormDX01/primary_doc.xml",
    "source_description": "SEC D",
    "raised_amount": 2540800.0,
    "raised_currency_code": "USD",
    "funded_year": 2009,
    "funded_month": 10,
    "funded_day": 23,
    "investments":
     []},
   {"id": 24756,
    "round_code": "unattributed",
    "source_url": "http://techcrunch.com/2011/08/11/airband-raises-20-million-announces-plans-for-mergers-and-acquisitions/",
    "source_description": "Airband Raises $20 Million, Announces Plans For Mergers And Acquisitions",
    "raised_amount": 20000000.0,
    "raised_currency_code": "USD",
    "funded_year": 2011,
    "funded_month": 8,
    "funded_day": 11,
    "investments":
     [{"company":
        {"name": "ABRY Partners",
         "permalink": "abry-partners"},
       "financial_org": null,
       "person": null}]},
   {"id": 41631,
    "round_code": "debt_round",
    "source_url": "http://www.sec.gov/Archives/edgar/data/1112314/000111231412000003/xslFormDX01/primary_doc.xml",
    "source_description": "SEC",
    "raised_amount": 1579000.0,
    "raised_currency_code": "USD",
    "funded_year": 2012,
    "funded_month": 12,
    "funded_day": 19,
    "investments":
     []},
   {"id": 46605,
    "round_code": "partial",
    "source_url": "http://www.sec.gov/Archives/edgar/data/1112314/000111231412000002/xslFormDX01/primary_doc.xml",
    "source_description": "SEC",
    "raised_amount": 1000000.0,
    "raised_currency_code": "USD",
    "funded_year": 2012,
    "funded_month": 4,
    "funded_day": 17,
    "investments":
     []},
   {"id": 57885,
    "round_code": "partial",
    "source_url": "http://www.sec.gov/Archives/edgar/data/1112314/000111231410000001/xslFormDX01/primary_doc.xml",
    "source_description": "SEC",
    "raised_amount": 3678786.0,
    "raised_currency_code": "USD",
    "funded_year": 2010,
    "funded_month": 4,
    "funded_day": 8,
    "investments":
     []},
   {"id": 58874,
    "round_code": "partial",
    "source_url": "http://www.sec.gov/Archives/edgar/data/1112314/000111231410000002/xslFormDX01/primary_doc.xml",
    "source_description": "SEC",
    "raised_amount": 5649944.0,
    "raised_currency_code": "USD",
    "funded_year": 2010,
    "funded_month": 8,
    "funded_day": 27,
    "investments":
     []}],
 "investments":
  [],
 "acquisition":
  {"price_amount": null,
   "price_currency_code": "USD",
   "term_code": null,
   "source_url": "http://www.bizjournals.com/pittsburgh/blog/innovation/2013/05/unsi-acquires-airband-communications.html",
   "source_description": "UNSi acquires Dallas-based Airband Communications",
   "acquired_year": 2013,
   "acquired_month": 5,
   "acquired_day": null,
   "acquiring_company":
    {"name": "United Network Services Inc. (UNSi)",
     "permalink": "united-network-services-inc-unsi-deleted"}},
 "acquisitions":
  [],
 "offices":
  [{"description": "Headquarters",
    "address1": "14800 Landmark Blvd, Ste 500",
    "address2": "",
    "zip_code": "75254",
    "city": "Dallas",
    "state_code": "TX",
    "country_code": "USA",
    "latitude": 32.948733,
    "longitude": -96.827495},
   {"description": "",
    "address1": "3220 Keller Springs Rd",
    "address2": "Ste 108",
    "zip_code": "75006",
    "city": "Carrollton",
    "state_code": "TX",
    "country_code": "USA",
    "latitude": null,
    "longitude": null}],
 "milestones":
  [],
 "ipo": null,
 "video_embeds":
  [],
 "screenshots":
  [{"available_sizes":
     [[[140,
        150],
       "http://api-images.crunchbase.com/assets/images/resized/0014/9111/149111v1-max-150x150.png"],
      [[234,
        250],
       "http://api-images.crunchbase.com/assets/images/resized/0014/9111/149111v1-max-250x250.png"],
      [[422,
        450],
       "http://api-images.crunchbase.com/assets/images/resized/0014/9111/149111v1-max-450x450.png"]],
    "attribution": null}],
 "external_links":
  [],
 "partners":
  []}
