{"name": "AirDefense",
 "permalink": "airdefense",
 "crunchbase_url": "http://www.crunchbase.com/company/airdefense",
 "homepage_url": "http://www.airdefense.net",
 "blog_url": "http://communities.motorola.com/community/wireless-insights?view=overview",
 "blog_feed_url": "",
 "twitter_username": "MotWireless",
 "category_code": "mobile",
 "number_of_employees": null,
 "founded_year": 2001,
 "founded_month": null,
 "founded_day": null,
 "deadpooled_year": null,
 "deadpooled_month": null,
 "deadpooled_day": null,
 "deadpooled_url": null,
 "tag_list": "",
 "alias_list": "",
 "email_address": "",
 "phone_number": "",
 "description": "Mobile Security Software",
 "created_at": "Mon Aug 10 06:40:06 UTC 2009",
 "updated_at": "Tue Apr 09 12:59:22 UTC 2013",
 "overview": "\u003Cp\u003EMotorola AirDefense Enterprise is a wireless intrusion prevention system that monitors the airwaves 24x7 and provides the most advanced solution for rogue detection and mitigation, intrusion detection, policy monitoring and compliance, automated protection, forensic and incident analysis and remote troubleshooting. Motorola AirDefense uses collaborative intelligence with secure sensors that work in tandem with a hardened purpose-built server appliance to monitor all 802.11 (a/b/g/n) wireless traffic in real time. \u003C/p\u003E",
 "image":
  {"available_sizes":
    [[[150,
       42],
      "http://api-images.crunchbase.com/assets/images/resized/0005/5758/55758v3-max-150x150.jpg"],
     [[250,
       70],
      "http://api-images.crunchbase.com/assets/images/resized/0005/5758/55758v3-max-250x250.jpg"],
     [[250,
       70],
      "http://api-images.crunchbase.com/assets/images/resized/0005/5758/55758v3-max-450x450.jpg"]],
   "attribution": null},
 "products":
  [],
 "relationships":
  [{"is_past": false,
    "title": "President / CEO",
    "person":
     {"first_name": "Mike",
      "last_name": "Potts",
      "permalink": "mike-potts"}},
   {"is_past": true,
    "title": "CEO",
    "person":
     {"first_name": "Anil",
      "last_name": "Khatod",
      "permalink": "anil-khatod"}}],
 "competitions":
  [],
 "providerships":
  [],
 "total_money_raised": "$0",
 "funding_rounds":
  [],
 "investments":
  [],
 "acquisition":
  {"price_amount": null,
   "price_currency_code": "USD",
   "term_code": null,
   "source_url": "http://www.wi-fiplanet.com/news/article.php/3774896",
   "source_description": " Motorola's AirDefense Acquisition Complete",
   "acquired_year": 2008,
   "acquired_month": 9,
   "acquired_day": 30,
   "acquiring_company":
    {"name": "Motorola Solutions",
     "permalink": "motorola-solutions"}},
 "acquisitions":
  [],
 "offices":
  [{"description": "",
    "address1": "1225 Sanctuary Road",
    "address2": "",
    "zip_code": "30009",
    "city": "Alpharetta",
    "state_code": "GA",
    "country_code": "USA",
    "latitude": 34.046906,
    "longitude": -84.311176}],
 "milestones":
  [],
 "ipo": null,
 "video_embeds":
  [],
 "screenshots":
  [{"available_sizes":
     [[[150,
        98],
       "http://api-images.crunchbase.com/assets/images/resized/0005/5759/55759v1-max-150x150.jpg"],
      [[250,
        164],
       "http://api-images.crunchbase.com/assets/images/resized/0005/5759/55759v1-max-250x250.jpg"],
      [[450,
        296],
       "http://api-images.crunchbase.com/assets/images/resized/0005/5759/55759v1-max-450x450.jpg"]],
    "attribution": null}],
 "external_links":
  [],
 "partners":
  []}
