{"name": "AirportHotels.com",
 "permalink": "airport-hotels",
 "crunchbase_url": "http://www.crunchbase.com/company/airport-hotels",
 "homepage_url": "http://www.airporthotels.com",
 "blog_url": "http://www.airporthotels.com/blog/",
 "blog_feed_url": "",
 "twitter_username": null,
 "category_code": "ecommerce",
 "number_of_employees": 3,
 "founded_year": null,
 "founded_month": null,
 "founded_day": null,
 "deadpooled_year": null,
 "deadpooled_month": null,
 "deadpooled_day": null,
 "deadpooled_url": null,
 "tag_list": "airport-hotels, airport-accommodation, hotels-near-airports, uk-airport-hotels, bbs-near-airports, accommodation-near-airports, uk-airports",
 "alias_list": "",
 "email_address": "team@airporthotels.com",
 "phone_number": "02077494878",
 "description": "Hotels near UK airports",
 "created_at": "Mon Jul 27 10:31:32 UTC 2009",
 "updated_at": "Tue Apr 16 20:19:17 UTC 2013",
 "overview": "\u003Cp\u003EAirporthotels.com searches 10 different hotel booking sites, including hotels.com, superbreak and laterooms and helps travelers find and book the best hotel, B\u0026amp;B, guesthouse or apartment deals near UK airports. The results are displayed in a list and on a map.\u003C/p\u003E",
 "image":
  {"available_sizes":
    [[[150,
       44],
      "http://api-images.crunchbase.com/assets/images/resized/0005/4376/54376v2-max-150x150.png"],
     [[250,
       74],
      "http://api-images.crunchbase.com/assets/images/resized/0005/4376/54376v2-max-250x250.png"],
     [[255,
       76],
      "http://api-images.crunchbase.com/assets/images/resized/0005/4376/54376v2-max-450x450.png"]],
   "attribution": null},
 "products":
  [],
 "relationships":
  [{"is_past": false,
    "title": "Managing Director",
    "person":
     {"first_name": "Ben",
      "last_name": "Jackson",
      "permalink": "ben-jackson"}}],
 "competitions":
  [],
 "providerships":
  [],
 "total_money_raised": "$0",
 "funding_rounds":
  [],
 "investments":
  [],
 "acquisition": null,
 "acquisitions":
  [],
 "offices":
  [{"description": "Head Office",
    "address1": "35 Kingsland Road",
    "address2": "",
    "zip_code": "E2 8AA",
    "city": "London",
    "state_code": null,
    "country_code": "GBR",
    "latitude": 51.529155,
    "longitude": -0.0777215}],
 "milestones":
  [],
 "ipo": null,
 "video_embeds":
  [],
 "screenshots":
  [],
 "external_links":
  [],
 "partners":
  []}
