{"name": "Airship Ventures",
 "permalink": "airship-ventures",
 "crunchbase_url": "http://www.crunchbase.com/company/airship-ventures",
 "homepage_url": "http://www.airshipventures.com",
 "blog_url": "http://blog.airshipventures.blogspot.com",
 "blog_feed_url": "",
 "twitter_username": "airshipventures",
 "category_code": "transportation",
 "number_of_employees": null,
 "founded_year": 2007,
 "founded_month": null,
 "founded_day": null,
 "deadpooled_year": 2012,
 "deadpooled_month": 11,
 "deadpooled_day": 14,
 "deadpooled_url": "http://www.airshipventures.com/",
 "tag_list": "",
 "alias_list": "",
 "email_address": "",
 "phone_number": "",
 "description": "Passenger airships",
 "created_at": "Tue Apr 14 11:43:33 UTC 2009",
 "updated_at": "Wed Nov 27 00:57:39 UTC 2013",
 "overview": "\u003Cp\u003EThe initial concept for Airship Ventures was the vision of an entrepreneurial husband/wife team, who brought their love of aviation, aerospace and airships to life to create a unique, upstart company designed to bring Zeppelin airships to the skies over America for the first time in over 70 years.\u003C/p\u003E",
 "image":
  {"available_sizes":
    [[[144,
       145],
      "http://api-images.crunchbase.com/assets/images/resized/0004/1128/41128v2-max-150x150.png"],
     [[144,
       145],
      "http://api-images.crunchbase.com/assets/images/resized/0004/1128/41128v2-max-250x250.png"],
     [[144,
       145],
      "http://api-images.crunchbase.com/assets/images/resized/0004/1128/41128v2-max-450x450.png"]],
   "attribution": null},
 "products":
  [],
 "relationships":
  [{"is_past": false,
    "title": "Founder",
    "person":
     {"first_name": "Brian",
      "last_name": "Hall",
      "permalink": "brian-hall-2"}},
   {"is_past": false,
    "title": "CEO/Co-Founder",
    "person":
     {"first_name": "Alexandra",
      "last_name": "Hall",
      "permalink": "alexandra-hall"}},
   {"is_past": false,
    "title": "CFO",
    "person":
     {"first_name": "Patrick",
      "last_name": "Finnigan",
      "permalink": "patrick-finnigan"}}],
 "competitions":
  [],
 "providerships":
  [],
 "total_money_raised": "$10.5M",
 "funding_rounds":
  [{"id": 5625,
    "round_code": "b",
    "source_url": "http://venturebeat.com/2009/02/26/airship-ventures-raises-25m-to-bring-zeppelins-to-the-bay-area/",
    "source_description": "Airship Ventures raises $2.5M to bring zeppelins to the Bay Area",
    "raised_amount": 2500000.0,
    "raised_currency_code": "USD",
    "funded_year": 2009,
    "funded_month": 3,
    "funded_day": 1,
    "investments":
     [{"company": null,
       "financial_org": null,
       "person":
        {"first_name": "Esther",
         "last_name": "Dyson",
         "permalink": "esther-dyson"}},
      {"company": null,
       "financial_org": null,
       "person":
        {"first_name": "Alexandra",
         "last_name": "Hall",
         "permalink": "alexandra-hall"}},
      {"company": null,
       "financial_org": null,
       "person":
        {"first_name": "Brian",
         "last_name": "Hall",
         "permalink": "brian-hall-2"}}]},
   {"id": 5626,
    "round_code": "a",
    "source_url": "http://venturebeat.com/2008/05/09/look-up-in-the-sky-zeppelin-company-airship-ventures-raises-8m/",
    "source_description": "Look, up in the sky: Zeppelin company Airship Ventures raises $8M",
    "raised_amount": 8000000.0,
    "raised_currency_code": "USD",
    "funded_year": 2008,
    "funded_month": 5,
    "funded_day": 9,
    "investments":
     [{"company": null,
       "financial_org": null,
       "person":
        {"first_name": "Esther",
         "last_name": "Dyson",
         "permalink": "esther-dyson"}}]}],
 "investments":
  [],
 "acquisition": null,
 "acquisitions":
  [],
 "offices":
  [{"description": "HQ",
    "address1": "Building 20 (PO Box 345)",
    "address2": "NASA Research Park",
    "zip_code": "94035",
    "city": "Moffett Field",
    "state_code": "CA",
    "country_code": "USA",
    "latitude": null,
    "longitude": null}],
 "milestones":
  [],
 "ipo": null,
 "video_embeds":
  [],
 "screenshots":
  [{"available_sizes":
     [[[150,
        80],
       "http://api-images.crunchbase.com/assets/images/resized/0014/8278/148278v1-max-150x150.png"],
      [[250,
        133],
       "http://api-images.crunchbase.com/assets/images/resized/0014/8278/148278v1-max-250x250.png"],
      [[450,
        240],
       "http://api-images.crunchbase.com/assets/images/resized/0014/8278/148278v1-max-450x450.png"]],
    "attribution": null}],
 "external_links":
  [],
 "partners":
  []}
