{"name": "aiScaler.com",
 "permalink": "aiscaler-com",
 "crunchbase_url": "http://www.crunchbase.com/company/aiscaler-com",
 "homepage_url": "http://aiscaler.com",
 "blog_url": "http://aiscaler.com/blog/",
 "blog_feed_url": "",
 "twitter_username": "aiscaler",
 "category_code": "public_relations",
 "number_of_employees": 25,
 "founded_year": 2007,
 "founded_month": 7,
 "founded_day": 16,
 "deadpooled_year": null,
 "deadpooled_month": null,
 "deadpooled_day": null,
 "deadpooled_url": null,
 "tag_list": "web-acceleration, caching, proxy-server, internet, web-servers",
 "alias_list": "aicache-com",
 "email_address": "support@aiscaler.com",
 "phone_number": "1-212-537-6427",
 "description": "Web Application Acceleration",
 "created_at": "Fri Feb 06 16:02:50 UTC 2009",
 "updated_at": "Mon Nov 04 02:09:37 UTC 2013",
 "overview": "\u003Cp\u003ETop-tier websites use aiScaler software to accelerate the delivery of their content while reducing cost. aiScaler offers desktop and mobile solutions for portal, media, ecommerce and other sites.\u003C/p\u003E\n\n\u003Cp\u003EaiScaler can be implemented at the customers datacenter, in a hosted environment, or through a content distribution network (CDN).\naiScaler maintains offices in the United States, Europe and China.\u003C/p\u003E\n\n\u003Cp\u003EWe are a team of dedicated individuals with a straight-forward mission: making web sites on the Internet faster, more stable and secure. Our goal is to make the lives of the operations teams easier by providing them with reliability and control of their environments and operations.\u003C/p\u003E\n\n\u003Cp\u003EWe are guided in our quest for ultimate performance, availability and protection by many years designing and operating the Internet\u0026#8217;s busier sites. We have deep understanding of the inner workings of website infrastructures and years of hands-on experience designing, building and maintaining sites.\nIt is from this experience and understanding that aiScaler, our flagship product was developed. Over time we have added feature to meet customer demand. The development of our solutions is driven by feedback from our customers.\nWe are passionate about our software and will gladly spend time answering your questions and working with you on improving your site. From no-load friendly chat to consultations to complete turn key installations and 7x24 support, we\u0026#8217;re there for your site, every step of the way.\u003C/p\u003E\n\n\u003Cp\u003EThe company formerly operated under the name of WBS with a primary product called JXEL. WBS has provided internet caching technology since 1999. In July of 2008 aiScaler Ltd acquired all assets and technology of WBS.\u003C/p\u003E\n\n\u003Cp\u003EaiScaler operates from regional locations in England, China and the United States.\u003C/p\u003E",
 "image":
  {"available_sizes":
    [[[150,
       48],
      "http://api-images.crunchbase.com/assets/images/resized/0003/5966/35966v6-max-150x150.png"],
     [[202,
       65],
      "http://api-images.crunchbase.com/assets/images/resized/0003/5966/35966v6-max-250x250.png"],
     [[202,
       65],
      "http://api-images.crunchbase.com/assets/images/resized/0003/5966/35966v6-max-450x450.png"]],
   "attribution": null},
 "products":
  [{"name": "aiCache",
    "permalink": "aicache"}],
 "relationships":
  [{"is_past": false,
    "title": "President",
    "person":
     {"first_name": "Max",
      "last_name": "Robbins",
      "permalink": "max-robbins"}}],
 "competitions":
  [],
 "providerships":
  [],
 "total_money_raised": "$0",
 "funding_rounds":
  [],
 "investments":
  [],
 "acquisition": null,
 "acquisitions":
  [{"price_amount": 3800000.0,
    "price_currency_code": "USD",
    "term_code": "cash",
    "source_url": "",
    "source_description": "",
    "acquired_year": 2008,
    "acquired_month": 3,
    "acquired_day": 12,
    "company":
     {"name": "WBS",
      "permalink": "wbs"}}],
 "offices":
  [{"description": "HeadQuarters",
    "address1": "29 Hamstead Road",
    "address2": "",
    "zip_code": "",
    "city": "London",
    "state_code": null,
    "country_code": "GBR",
    "latitude": 51.5301746,
    "longitude": -0.1386913}],
 "milestones":
  [],
 "ipo": null,
 "video_embeds":
  [],
 "screenshots":
  [],
 "external_links":
  [{"external_url": "http://pressroom.prlog.org/Aicache/",
    "title": "Press Releases"}],
 "partners":
  []}
