{"name": "Akibot",
 "permalink": "akibot",
 "crunchbase_url": "http://www.crunchbase.com/company/akibot",
 "homepage_url": "http://www.akibot.com",
 "blog_url": "http://www.akibot.com/blog",
 "blog_feed_url": "",
 "twitter_username": null,
 "category_code": "mobile",
 "number_of_employees": 4,
 "founded_year": 2009,
 "founded_month": 10,
 "founded_day": 10,
 "deadpooled_year": null,
 "deadpooled_month": null,
 "deadpooled_day": null,
 "deadpooled_url": null,
 "tag_list": "mobile, virtual-assistant, personal-assistant, personal-productivity, social-media",
 "alias_list": null,
 "email_address": "contact@akibot.com",
 "phone_number": "(650) 336-8778",
 "description": "Twitter Assistant ",
 "created_at": "Tue Aug 04 14:08:11 UTC 2009",
 "updated_at": "Wed Mar 14 07:41:50 UTC 2012",
 "overview": "\u003Cp\u003EAkibot is a social assistant that lets you use voice to control your social networks\u003C/p\u003E",
 "image":
  {"available_sizes":
    [[[150,
       48],
      "http://api-images.crunchbase.com/assets/images/resized/0005/5212/55212v8-max-150x150.png"],
     [[200,
       64],
      "http://api-images.crunchbase.com/assets/images/resized/0005/5212/55212v8-max-250x250.png"],
     [[200,
       64],
      "http://api-images.crunchbase.com/assets/images/resized/0005/5212/55212v8-max-450x450.png"]],
   "attribution": null},
 "products":
  [],
 "relationships":
  [{"is_past": false,
    "title": "Founder/CEO",
    "person":
     {"first_name": "Marcelo",
      "last_name": "Pham",
      "permalink": "marcelo-pham"}},
   {"is_past": false,
    "title": "Co-founder",
    "person":
     {"first_name": "Jon",
      "last_name": "Samuel",
      "permalink": "jon-samuel"}}],
 "competitions":
  [],
 "providerships":
  [],
 "total_money_raised": "$0",
 "funding_rounds":
  [],
 "investments":
  [],
 "acquisition": null,
 "acquisitions":
  [],
 "offices":
  [{"description": "Headquarters",
    "address1": "",
    "address2": "",
    "zip_code": "94043",
    "city": "Mountain View",
    "state_code": "CA",
    "country_code": "USA",
    "latitude": null,
    "longitude": null}],
 "milestones":
  [],
 "ipo": null,
 "video_embeds":
  [{"embed_code": "\u003Ciframe width=\"560\" height=\"349\" src=\"http://www.youtube.com/embed/1o8lS4tSLMc\" frameborder=\"0\" allowfullscreen\u003E\u003C/iframe\u003E",
    "description": "\u003Cp\u003EThumb Story\u003C/p\u003E"}],
 "screenshots":
  [],
 "external_links":
  [],
 "partners":
  []}
