{"name": "Alachisoft",
 "permalink": "alachisoft",
 "crunchbase_url": "http://www.crunchbase.com/company/alachisoft",
 "homepage_url": "http://www.alachisoft.com",
 "blog_url": "http://blogs.alachisoft.com/",
 "blog_feed_url": "http://blogs.alachisoft.com/ncache/comments/feed/",
 "twitter_username": "alachisoft",
 "category_code": "software",
 "number_of_employees": 50,
 "founded_year": 2004,
 "founded_month": null,
 "founded_day": null,
 "deadpooled_year": null,
 "deadpooled_month": null,
 "deadpooled_day": null,
 "deadpooled_url": null,
 "tag_list": "distributed-caching, in-memory-data-grid, run-time-data-sharing, asp-net-session-storage",
 "alias_list": null,
 "email_address": "sales@alachisoft.com",
 "phone_number": "+1 925 236 3830",
 "description": "Distributed Caching for .NET \u0026 Java",
 "created_at": "Tue Jan 06 14:35:21 UTC 2009",
 "updated_at": "Thu Oct 31 10:03:12 UTC 2013",
 "overview": "\u003Cp\u003EAlachisoft is a privately held company with its headquarters in San Ramon, California, USA (San Francisco Bay Area). Alachisoft is a leading provider of in-memory distributed caching and data grid solutions. Alachisoft provides companies powerful yet simple ways to improve the performance of their .NET and Java applications.\nIts flagship product, NCache is a native .NET in-memory distributed cache that caches application data and also stores ASP.NET Session State in web farms. It removes performance bottlenecks related to data storage and databases and scales .NET applications to extreme transaction processing (XTP).\nAlachisoft also provides JvCache, which is a 100% native Java implementation of NCache. JvCache is an extremely fast and scalable in-memory data grid and distributed cache for mission critical Java applications with real-time data access needs.\nAmong its other products, StorageEdge is a SharePoint storage optimization solution. It reduces the database size to manageable levels and significantly improves SharePoint performance by caching its BLOBs and lists. TierDeveloper, is industry\u0026#8217;s leading free object to relational mapping (O/R Mapping) code generator focused on helping .NET developers cut down their development time and improve their code quality.\u003C/p\u003E",
 "image":
  {"available_sizes":
    [[[147,
       28],
      "http://api-images.crunchbase.com/assets/images/resized/0003/3153/33153v2-max-150x150.jpg"],
     [[147,
       28],
      "http://api-images.crunchbase.com/assets/images/resized/0003/3153/33153v2-max-250x250.jpg"],
     [[147,
       28],
      "http://api-images.crunchbase.com/assets/images/resized/0003/3153/33153v2-max-450x450.jpg"]],
   "attribution": null},
 "products":
  [{"name": "NCache Express (Free)",
    "permalink": "ncache-express-free"},
   {"name": "TierDeveloper (Free)",
    "permalink": "tierdeveloper-free"},
   {"name": "NCache 4.1 SP3",
    "permalink": "ncache"},
   {"name": "StorageEdge 3.4",
    "permalink": "storageedge"},
   {"name": "JvCache 4.1 SP2",
    "permalink": "jvcache-4-1-sp2"},
   {"name": "JvCache Express (Free)",
    "permalink": "jvcache-express-free"}],
 "relationships":
  [{"is_past": false,
    "title": "President \u0026 Technology Evangelist",
    "person":
     {"first_name": "Iqbal",
      "last_name": "Khan",
      "permalink": "iqbal-khan"}},
   {"is_past": false,
    "title": "Director Marketing",
    "person":
     {"first_name": "Josh",
      "last_name": "Hamid",
      "permalink": "josh-hamid"}},
   {"is_past": false,
    "title": "Director Sales",
    "person":
     {"first_name": "Sam",
      "last_name": "Awan",
      "permalink": "sam-awan"}},
   {"is_past": false,
    "title": "Director Operations \u0026 Finance",
    "person":
     {"first_name": "Kamran",
      "last_name": "Malik",
      "permalink": "kamran-malik"}},
   {"is_past": true,
    "title": "Sr.Executive Digital Marketing",
    "person":
     {"first_name": "Muhammad Imran",
      "last_name": "Khan",
      "permalink": "muhammad-imran-khan"}}],
 "competitions":
  [],
 "providerships":
  [],
 "total_money_raised": "$0",
 "funding_rounds":
  [],
 "investments":
  [],
 "acquisition": null,
 "acquisitions":
  [],
 "offices":
  [{"description": "Alachisoft",
    "address1": "2410 Camino Ramon, Suite 175",
    "address2": "",
    "zip_code": "94583",
    "city": "San Ramon",
    "state_code": "CA",
    "country_code": "USA",
    "latitude": 37.770657,
    "longitude": -121.963321}],
 "milestones":
  [],
 "ipo": null,
 "video_embeds":
  [],
 "screenshots":
  [{"available_sizes":
     [[[150,
        75],
       "http://api-images.crunchbase.com/assets/images/resized/0024/2635/242635v2-max-150x150.png"],
      [[250,
        125],
       "http://api-images.crunchbase.com/assets/images/resized/0024/2635/242635v2-max-250x250.png"],
      [[450,
        226],
       "http://api-images.crunchbase.com/assets/images/resized/0024/2635/242635v2-max-450x450.png"]],
    "attribution": null},
   {"available_sizes":
     [[[150,
        75],
       "http://api-images.crunchbase.com/assets/images/resized/0024/2636/242636v2-max-150x150.png"],
      [[250,
        126],
       "http://api-images.crunchbase.com/assets/images/resized/0024/2636/242636v2-max-250x250.png"],
      [[450,
        227],
       "http://api-images.crunchbase.com/assets/images/resized/0024/2636/242636v2-max-450x450.png"]],
    "attribution": null},
   {"available_sizes":
     [[[150,
        75],
       "http://api-images.crunchbase.com/assets/images/resized/0024/2637/242637v2-max-150x150.png"],
      [[250,
        125],
       "http://api-images.crunchbase.com/assets/images/resized/0024/2637/242637v2-max-250x250.png"],
      [[450,
        226],
       "http://api-images.crunchbase.com/assets/images/resized/0024/2637/242637v2-max-450x450.png"]],
    "attribution": null},
   {"available_sizes":
     [[[150,
        74],
       "http://api-images.crunchbase.com/assets/images/resized/0035/1154/351154v2-max-150x150.png"],
      [[250,
        124],
       "http://api-images.crunchbase.com/assets/images/resized/0035/1154/351154v2-max-250x250.png"],
      [[450,
        223],
       "http://api-images.crunchbase.com/assets/images/resized/0035/1154/351154v2-max-450x450.png"]],
    "attribution": null},
   {"available_sizes":
     [[[150,
        75],
       "http://api-images.crunchbase.com/assets/images/resized/0035/1155/351155v2-max-150x150.png"],
      [[250,
        125],
       "http://api-images.crunchbase.com/assets/images/resized/0035/1155/351155v2-max-250x250.png"],
      [[450,
        225],
       "http://api-images.crunchbase.com/assets/images/resized/0035/1155/351155v2-max-450x450.png"]],
    "attribution": null},
   {"available_sizes":
     [[[150,
        72],
       "http://api-images.crunchbase.com/assets/images/resized/0035/1156/351156v2-max-150x150.png"],
      [[250,
        121],
       "http://api-images.crunchbase.com/assets/images/resized/0035/1156/351156v2-max-250x250.png"],
      [[450,
        218],
       "http://api-images.crunchbase.com/assets/images/resized/0035/1156/351156v2-max-450x450.png"]],
    "attribution": null}],
 "external_links":
  [{"external_url": "http://www.alachisoft.com",
    "title": ".NET Distributed Caching at its best"},
   {"external_url": "http://technet.microsoft.com/en-us/magazine/gg475844.aspx",
    "title": "Optimize SharePoint with External Storage"},
   {"external_url": "http://msdn.microsoft.com/en-us/magazine/gg232763.aspx",
    "title": "Runtime Data Sharing Through an Enterprise Distributed Cache"}],
 "partners":
  []}
