{"name": "Albedrio Partners",
 "permalink": "albedrio-partners",
 "crunchbase_url": "http://www.crunchbase.com/company/albedrio-partners",
 "homepage_url": "http://www.clearshore.us",
 "blog_url": "http://www.clearshore.us/blog",
 "blog_feed_url": "http://feeds.feedburner.com/clearshore",
 "twitter_username": "clearshore",
 "category_code": "consulting",
 "number_of_employees": 2,
 "founded_year": 2005,
 "founded_month": 6,
 "founded_day": 24,
 "deadpooled_year": null,
 "deadpooled_month": null,
 "deadpooled_day": null,
 "deadpooled_url": null,
 "tag_list": "nearshore, onshore, offshore, clearable, clearance, aerospace, federal",
 "alias_list": null,
 "email_address": "marcos@albedrio.com",
 "phone_number": "202-683-7356",
 "description": "Nearshore Product Research \u0026 Development",
 "created_at": "Sun Jul 12 23:01:56 UTC 2009",
 "updated_at": "Wed Jul 14 16:32:32 UTC 2010",
 "overview": "\u003Cp\u003EAlbedrio Partners provides nearshore technology management services to provide access to Puerto Rico\u0026#8217;s US citizen technology talent pool.\u003C/p\u003E",
 "image":
  {"available_sizes":
    [[[150,
       130],
      "http://api-images.crunchbase.com/assets/images/resized/0005/2679/52679v2-max-150x150.png"],
     [[250,
       218],
      "http://api-images.crunchbase.com/assets/images/resized/0005/2679/52679v2-max-250x250.png"],
     [[355,
       310],
      "http://api-images.crunchbase.com/assets/images/resized/0005/2679/52679v2-max-450x450.png"]],
   "attribution": null},
 "products":
  [],
 "relationships":
  [{"is_past": false,
    "title": "Managing Principal",
    "person":
     {"first_name": "Marcos",
      "last_name": "Polanco",
      "permalink": "marcos-polanco"}}],
 "competitions":
  [],
 "providerships":
  [],
 "total_money_raised": "$0",
 "funding_rounds":
  [],
 "investments":
  [],
 "acquisition": null,
 "acquisitions":
  [],
 "offices":
  [{"description": "Headquarters",
    "address1": "",
    "address2": "",
    "zip_code": "00911",
    "city": "San Juan",
    "state_code": null,
    "country_code": "PRI",
    "latitude": 18.4513162,
    "longitude": -66.0567621}],
 "milestones":
  [],
 "ipo": null,
 "video_embeds":
  [],
 "screenshots":
  [{"available_sizes":
     [[[150,
        113],
       "http://api-images.crunchbase.com/assets/images/resized/0005/6949/56949v2-max-150x150.jpg"],
      [[250,
        188],
       "http://api-images.crunchbase.com/assets/images/resized/0005/6949/56949v2-max-250x250.jpg"],
      [[450,
        339],
       "http://api-images.crunchbase.com/assets/images/resized/0005/6949/56949v2-max-450x450.jpg"]],
    "attribution": null}],
 "external_links":
  [],
 "partners":
  []}
