{"name": "AlertFlyers.com",
 "permalink": "alertflyers-com",
 "crunchbase_url": "http://www.crunchbase.com/company/alertflyers-com",
 "homepage_url": "http://www.alertflyers.com",
 "blog_url": "",
 "blog_feed_url": "",
 "twitter_username": null,
 "category_code": "advertising",
 "number_of_employees": null,
 "founded_year": 2008,
 "founded_month": 1,
 "founded_day": 10,
 "deadpooled_year": null,
 "deadpooled_month": null,
 "deadpooled_day": null,
 "deadpooled_url": null,
 "tag_list": "advertising-emails, affordable-email-marketing, affordable-email-service, affordable-mass-emailing, automatic-email-service, brochures, bulk-email, bulk-email-sending, bulk-email-software, bulk-emailing, cheap-email-marketing, commercial-email, commercial",
 "alias_list": null,
 "email_address": "",
 "phone_number": "5617447500",
 "description": "Email Marketing Solution Provider",
 "created_at": "Mon Apr 27 21:58:53 UTC 2009",
 "updated_at": "Sun Aug 28 03:08:23 UTC 2011",
 "overview": "\u003Cp\u003EAlertFlyers is a new email blast solution that provides a total online email marketing solution unlike most others. AlertFlyers is a complete online system that offers a huge array of inclusive features, extremely competitive pricing, and simplified user tools, all bundled in a super easy to use online solution.  \u003C/p\u003E\n\n\u003Cp\u003EBesides being easy and affordable, and while not ignoring those users wanting the traditional softer sell newsletter formats (which most email marketing providers exclusively offer), AlertFlyers has smartly designed their system for users primarily wanting a more hard hitting promotional format.  \u003C/p\u003E\n\n\u003Cp\u003EWhat\u0026#8217;s great about AlertFlyers, is unlike it\u00e2\u20ac\u2122s more popular competitors, there are no monthly fees or minimum charges; membership is free (although they have an annual preferred membership option for only $99.95 that provides 25% off all purchases); and what they include are sure to make email marketers take notice.\u003C/p\u003E\n\n\u003Cp\u003EAlertFlyers charges as little as $9.95 per campaign and their pricing per thousand costs are noticeably less than other email marketing providers. However, if that\u00e2\u20ac\u2122s not reason enough to try them out, they include an amazing array of complimenting features that are sure to boost anyone\u00e2\u20ac\u2122s email marketing efforts. \u003C/p\u003E\n\n\u003Cp\u003EAlertFlyers includes with every email campaign it\u00e2\u20ac\u2122s own web site and unique URL you can post anywhere on the internet. They include a 12-image slide show (a great feature that can be used for not only product images, but for creating online presentations). For increasing reader click-through performance, they include icon and link choices you can customize. Once you\u00e2\u20ac\u2122ve done so, they are automatically placed along the base of each flyer sent. AlertFlyers also includes a very comprehensive tracking and reporting system, an email list index and list management suite that even includes a tool to create personalized opt-in lists, not bad for less than ten bucks.\u003C/p\u003E\n\n\u003Cp\u003Ecomming soon.!!\u003C/p\u003E",
 "image":
  {"available_sizes":
    [[[150,
       33],
      "http://api-images.crunchbase.com/assets/images/resized/0004/2713/42713v2-max-150x150.jpg"],
     [[250,
       56],
      "http://api-images.crunchbase.com/assets/images/resized/0004/2713/42713v2-max-250x250.jpg"],
     [[450,
       101],
      "http://api-images.crunchbase.com/assets/images/resized/0004/2713/42713v2-max-450x450.jpg"]],
   "attribution": null},
 "products":
  [{"name": "Online Email Marketing Solutions",
    "permalink": "online-email-marketing-solutions"}],
 "relationships":
  [],
 "competitions":
  [],
 "providerships":
  [],
 "total_money_raised": "$0",
 "funding_rounds":
  [],
 "investments":
  [],
 "acquisition": null,
 "acquisitions":
  [],
 "offices":
  [{"description": "Main Offices",
    "address1": "PO Box 8464",
    "address2": "",
    "zip_code": "33468",
    "city": "Jupiter",
    "state_code": "FL",
    "country_code": "USA",
    "latitude": 26.9338,
    "longitude": -80.0944}],
 "milestones":
  [],
 "ipo": null,
 "video_embeds":
  [],
 "screenshots":
  [],
 "external_links":
  [],
 "partners":
  []}
