{"name": "Alert Logic",
 "permalink": "alert-logic",
 "crunchbase_url": "http://www.crunchbase.com/company/alert-logic",
 "homepage_url": "http://www.alertlogic.com",
 "blog_url": "http://alertlogic.com/resources/blog/",
 "blog_feed_url": "http://blog.alertlogic.com/?feed=rss2",
 "twitter_username": "alertlogic",
 "category_code": "security",
 "number_of_employees": 217,
 "founded_year": 2002,
 "founded_month": null,
 "founded_day": null,
 "deadpooled_year": null,
 "deadpooled_month": null,
 "deadpooled_day": null,
 "deadpooled_url": null,
 "tag_list": "network-security, network-compliance, cloud-security, security-as-a-service",
 "alias_list": "",
 "email_address": "info@alertlogic.com",
 "phone_number": "877.484.8383",
 "description": "Network security compliance",
 "created_at": "Sun Apr 12 23:23:48 UTC 2009",
 "updated_at": "Tue Mar 11 10:43:21 UTC 2014",
 "overview": "\u003Cp\u003EAlert Logic, the leading provider of Security-as-a-Service solutions for the cloud provides solutions to secure the application and infrastructure stack. By integrating advanced security tools with 24\u00d77 Security Operations Center expertise customers can defend against security threats and address compliance mandates. By leveraging an \u201cas-a-Service\u201d delivery model, Alert Logic solutions include day-to-day management of security infrastructure, security experts translating complex data into actionable insight, and flexible deployment options to address customer security needs in any computing environment. Built from the ground up to address the unique challenges of public and private cloud environments, Alert Logic partners with over half of the largest cloud and hosting service providers to provide Security-as-a-Service solutions for business application deployments for over 1,900 enterprises.\u003C/p\u003E\n\n\u003Cp\u003EThe company\u2019s products and services include:\no   SaaS Solutions\n    -Threat Manager \u2013 Intrusion Detection\n    -Log Manager \u2013 Log Management \u0026amp; SIEM\n    -Web Security Manager \u2013 Web Application Firewall\n    -ScanWatch \u2013 Vulnerability Assessment\n    -Amazon Web Services Cloud Security  -  Intrusion Detection for AWS\no   Managed Security Services\n    -ActiveWatch \u0026amp; ActiveWatch Premier\n    -LogReview \u003C/p\u003E\n\n\u003Cp\u003EAlert Logic was founded in 2002. For more information, please visit http://www.alertlogic.com\u003C/p\u003E",
 "image":
  {"available_sizes":
    [[[150,
       41],
      "http://api-images.crunchbase.com/assets/images/resized/0004/0964/40964v8-max-150x150.png"],
     [[250,
       69],
      "http://api-images.crunchbase.com/assets/images/resized/0004/0964/40964v8-max-250x250.png"],
     [[289,
       80],
      "http://api-images.crunchbase.com/assets/images/resized/0004/0964/40964v8-max-450x450.png"]],
   "attribution": null},
 "products":
  [],
 "relationships":
  [{"is_past": false,
    "title": "Chairman, President \u0026 CEO",
    "person":
     {"first_name": "Gray",
      "last_name": "Hall",
      "permalink": "gray-hall"}},
   {"is_past": false,
    "title": "CFO",
    "person":
     {"first_name": "Paul",
      "last_name": "Marvin",
      "permalink": "paul-marvin"}},
   {"is_past": false,
    "title": "Senior Vice President of Product development and CTO",
    "person":
     {"first_name": "Dave",
      "last_name": "Colesante",
      "permalink": "dave-colesante"}},
   {"is_past": false,
    "title": "VP, Strategy \u0026 Emerging Products",
    "person":
     {"first_name": "Misha",
      "last_name": "Govshteyn",
      "permalink": "misha-govshteyn"}},
   {"is_past": false,
    "title": "Vice President of Marketing",
    "person":
     {"first_name": "Urvish",
      "last_name": "Vashi",
      "permalink": "urvish-vashi"}},
   {"is_past": false,
    "title": "Vice President of Business Development",
    "person":
     {"first_name": "Rohit",
      "last_name": "Gupta",
      "permalink": "rohit-gupta-7"}},
   {"is_past": false,
    "title": "VP, Emerging Products",
    "person":
     {"first_name": "Misha",
      "last_name": "Govshteyn",
      "permalink": "misha-govshteyn"}},
   {"is_past": false,
    "title": "Senior Vice President, Sales",
    "person":
     {"first_name": "Greg",
      "last_name": "Davis",
      "permalink": "greg-davis"}},
   {"is_past": false,
    "title": "Board Of Directors",
    "person":
     {"first_name": "Carter",
      "last_name": "Griffin",
      "permalink": "carter-griffin"}},
   {"is_past": false,
    "title": "Board of Directors",
    "person":
     {"first_name": "Vince",
      "last_name": "Rossi",
      "permalink": "vince-rossi"}},
   {"is_past": false,
    "title": "Senior Vice President of Operations",
    "person":
     {"first_name": "Marty",
      "last_name": "McGuffin",
      "permalink": "marty-mcguffin"}},
   {"is_past": false,
    "title": "Venture Investor \u0026 Board Member",
    "person":
     {"first_name": "Blair",
      "last_name": "Garrou",
      "permalink": "blair-garou"}},
   {"is_past": false,
    "title": "Board of Directors",
    "person":
     {"first_name": "Jon",
      "last_name": "Seeber",
      "permalink": "jon-seeber"}},
   {"is_past": true,
    "title": "CEO",
    "person":
     {"first_name": "Michael",
      "last_name": "Turner",
      "permalink": "michael-turner"}},
   {"is_past": true,
    "title": "CTO",
    "person":
     {"first_name": "Misha",
      "last_name": "Govshteyn",
      "permalink": "misha-govshteyn"}},
   {"is_past": true,
    "title": "CFO",
    "person":
     {"first_name": "Christopher",
      "last_name": "Granberry",
      "permalink": "christopher-granberry"}},
   {"is_past": true,
    "title": "Chief Financial Officer",
    "person":
     {"first_name": "Johnny",
      "last_name": "Vincent",
      "permalink": "johnny-vincent"}}],
 "competitions":
  [],
 "providerships":
  [],
 "total_money_raised": "$51.3M",
 "funding_rounds":
  [{"id": 5581,
    "round_code": "b",
    "source_url": "http://houston.bizjournals.com/houston/stories/2006/07/24/story8.html",
    "source_description": "Security technology firms lock in fresh rounds of funding",
    "raised_amount": 5000000.0,
    "raised_currency_code": "USD",
    "funded_year": 2006,
    "funded_month": 8,
    "funded_day": 1,
    "investments":
     [{"company": null,
       "financial_org":
        {"name": "Covera Ventures",
         "permalink": "covera-ventures"},
       "person": null},
      {"company": null,
       "financial_org":
        {"name": "Mercury Fund",
         "permalink": "mercury-fund"},
       "person": null},
      {"company": null,
       "financial_org":
        {"name": "OCA Ventures",
         "permalink": "oca-ventures"},
       "person": null},
      {"company": null,
       "financial_org":
        {"name": "Access Venture Partners",
         "permalink": "access-venture-partners"},
       "person": null}]},
   {"id": 7907,
    "round_code": "c",
    "source_url": "http://www.updatapartners.com/interior_partners_news.asp?newsID=256",
    "source_description": " Alert Logic Closes $8.25 Million in Series C Financing",
    "raised_amount": 8250000.0,
    "raised_currency_code": "USD",
    "funded_year": 2008,
    "funded_month": 3,
    "funded_day": 4,
    "investments":
     [{"company": null,
       "financial_org":
        {"name": "Covera Ventures",
         "permalink": "covera-ventures"},
       "person": null},
      {"company": null,
       "financial_org":
        {"name": "OCA Ventures",
         "permalink": "oca-ventures"},
       "person": null},
      {"company": null,
       "financial_org":
        {"name": "Mercury Fund",
         "permalink": "mercury-fund"},
       "person": null},
      {"company": null,
       "financial_org":
        {"name": "Access Venture Partners",
         "permalink": "access-venture-partners"},
       "person": null}]},
   {"id": 17031,
    "round_code": "a",
    "source_url": "http://www.encyclopedia.com/doc/1G1-136336769.html",
    "source_description": "Alert Logic Secures $2.3M for Internal Network Defense Product.",
    "raised_amount": 2300000.0,
    "raised_currency_code": "USD",
    "funded_year": 2005,
    "funded_month": 9,
    "funded_day": 19,
    "investments":
     [{"company": null,
       "financial_org":
        {"name": "Draper Fisher Jurvetson (DFJ)",
         "permalink": "draper-fisher-jurvetson"},
       "person": null},
      {"company": null,
       "financial_org":
        {"name": "Access Venture Partners",
         "permalink": "access-venture-partners"},
       "person": null},
      {"company": null,
       "financial_org":
        {"name": "OCA Ventures",
         "permalink": "oca-ventures"},
       "person": null},
      {"company": null,
       "financial_org":
        {"name": "Mercury Fund",
         "permalink": "mercury-fund"},
       "person": null}]},
   {"id": 22409,
    "round_code": "e",
    "source_url": "http://www.alertlogic.com/alert-logic-closes-$12.6-million-funding-round",
    "source_description": "Alert Logic Closes $12.6 Million Funding Round",
    "raised_amount": 12600000.0,
    "raised_currency_code": "USD",
    "funded_year": 2011,
    "funded_month": 4,
    "funded_day": 11,
    "investments":
     [{"company": null,
       "financial_org":
        {"name": "Updata Partners",
         "permalink": "updata-partners"},
       "person": null},
      {"company": null,
       "financial_org":
        {"name": "Covera Ventures",
         "permalink": "covera-ventures"},
       "person": null},
      {"company": null,
       "financial_org":
        {"name": "Mercury Fund",
         "permalink": "mercury-fund"},
       "person": null},
      {"company": null,
       "financial_org":
        {"name": "Access Venture Partners",
         "permalink": "access-venture-partners"},
       "person": null}]},
   {"id": 30419,
    "round_code": "f",
    "source_url": "http://pevc.dowjones.com/article?an=DJFVW00020120605e865ap8zi\u0026from=alert\u0026pid=32\u0026ReturnUrl=http%3a%2f%2fpevc.dowjones.com%3a80%2farticle%3fan%3dDJFVW00020120605e865ap8zi%26from%3dalert%26pid%3d32",
    "source_description": "Alert Logic Rings Up $12.2M for Cloud Security",
    "raised_amount": 12200000.0,
    "raised_currency_code": "USD",
    "funded_year": 2012,
    "funded_month": 6,
    "funded_day": 5,
    "investments":
     [{"company": null,
       "financial_org":
        {"name": "Access Venture Partners",
         "permalink": "access-venture-partners"},
       "person": null},
      {"company": null,
       "financial_org":
        {"name": "Covera Ventures",
         "permalink": "covera-ventures"},
       "person": null},
      {"company": null,
       "financial_org":
        {"name": "Mercury Fund",
         "permalink": "mercury-fund"},
       "person": null},
      {"company": null,
       "financial_org":
        {"name": "OCA Ventures",
         "permalink": "oca-ventures"},
       "person": null},
      {"company": null,
       "financial_org":
        {"name": "Updata Partners",
         "permalink": "updata-partners"},
       "person": null}]},
   {"id": 45927,
    "round_code": "partial",
    "source_url": "http://www.sec.gov/Archives/edgar/data/1337857/000133785712000002/xslFormDX01/primary_doc.xml",
    "source_description": "SEC",
    "raised_amount": 7446855.0,
    "raised_currency_code": "USD",
    "funded_year": 2012,
    "funded_month": 6,
    "funded_day": 6,
    "investments":
     [{"company":
        {"name": "Welsh, Carson, Anderson \u0026 Stowe",
         "permalink": "welsh-carson-anderson-stowe"},
       "financial_org": null,
       "person": null}]},
   {"id": 47809,
    "round_code": "private_equity",
    "source_url": "http://talkincloud.com/cloud-computing-mergers-and-acquisitions/alert-logic-deal-capital-infusion-expand-vcs-sell-private-e",
    "source_description": "Alert Logic Deal: Capital Infusion to Expand as VCs Sell to Private Equity",
    "raised_amount": null,
    "raised_currency_code": "USD",
    "funded_year": 2013,
    "funded_month": 8,
    "funded_day": 20,
    "investments":
     [{"company":
        {"name": "Welsh, Carson, Anderson \u0026 Stowe",
         "permalink": "welsh-carson-anderson-stowe"},
       "financial_org": null,
       "person": null}]},
   {"id": 68817,
    "round_code": "d",
    "source_url": "http://www.sec.gov/Archives/edgar/data/1337857/000133785709000004/xslFormDX01/primary_doc.xml",
    "source_description": "SEC",
    "raised_amount": 3514990.0,
    "raised_currency_code": "USD",
    "funded_year": 2009,
    "funded_month": 10,
    "funded_day": 5,
    "investments":
     []}],
 "investments":
  [],
 "acquisition": null,
 "acquisitions":
  [],
 "offices":
  [{"description": "Houston Office",
    "address1": "1776 Yorktown",
    "address2": "7th Floor",
    "zip_code": "77056",
    "city": "Houston",
    "state_code": "TX",
    "country_code": "USA",
    "latitude": 29.747497,
    "longitude": -95.471515}],
 "milestones":
  [{"id": 20788,
    "description": "Announced it reached $25 million in annualized recurring revenue.",
    "stoned_year": 2012,
    "stoned_month": 1,
    "stoned_day": 18,
    "source_url": "http://www.alertlogic.com/alert-logic-drives-accelerated-revenue-growth-in-2011/",
    "source_text": null,
    "source_description": "Alert Logic Drives Accelerated Revenue Growth in 2011",
    "stoneable_type": "Company",
    "stoned_value": null,
    "stoned_value_type": null,
    "stoned_acquirer": null,
    "stoneable":
     {"name": "Alert Logic",
      "permalink": "alert-logic"}}],
 "ipo": null,
 "video_embeds":
  [],
 "screenshots":
  [{"available_sizes":
     [[[150,
        104],
       "http://api-images.crunchbase.com/assets/images/resized/0004/0963/40963v1-max-150x150.png"],
      [[250,
        174],
       "http://api-images.crunchbase.com/assets/images/resized/0004/0963/40963v1-max-250x250.png"],
      [[450,
        313],
       "http://api-images.crunchbase.com/assets/images/resized/0004/0963/40963v1-max-450x450.png"]],
    "attribution": null},
   {"available_sizes":
     [[[150,
        112],
       "http://api-images.crunchbase.com/assets/images/resized/0017/2408/172408v2-max-150x150.jpg"],
      [[250,
        186],
       "http://api-images.crunchbase.com/assets/images/resized/0017/2408/172408v2-max-250x250.jpg"],
      [[450,
        336],
       "http://api-images.crunchbase.com/assets/images/resized/0017/2408/172408v2-max-450x450.jpg"]],
    "attribution": null}],
 "external_links":
  [],
 "partners":
  []}
