{"name": "Alexander Gallo Holdings",
 "permalink": "alexander-gallo-holdings",
 "crunchbase_url": "http://www.crunchbase.com/company/alexander-gallo-holdings",
 "homepage_url": "http://www.alexandergalloholdings.com",
 "blog_url": "",
 "blog_feed_url": "",
 "twitter_username": null,
 "category_code": "software",
 "number_of_employees": null,
 "founded_year": null,
 "founded_month": null,
 "founded_day": null,
 "deadpooled_year": null,
 "deadpooled_month": null,
 "deadpooled_day": null,
 "deadpooled_url": null,
 "tag_list": "",
 "alias_list": "",
 "email_address": "info@alexandergalloholdings.com",
 "phone_number": "866-342-2012",
 "description": "Litigation Support Service Provider",
 "created_at": "Wed Jul 01 00:10:56 UTC 2009",
 "updated_at": "Sat Jul 04 03:47:59 UTC 2009",
 "overview": "\u003Cp\u003EBased in Atlanta, Alexander Gallo Holdings LLC is the leading privately-owned court reporting and litigation support services company in the United States. Alexander Gallo Holdings LLC has more experience in the court reporting and litigation support services industry than any other company, offering court reporting, legal video, trial presentation and staffing services from coast to coast. This expertise, coupled with the company\u00e2\u20ac\u2122s entrepreneurial spirit and focus on superior client service, has helped the company provide quality litigation support services to clients since 1999.\u003C/p\u003E",
 "image":
  {"available_sizes":
    [[[150,
       55],
      "http://api-images.crunchbase.com/assets/images/resized/0005/1813/51813v1-max-150x150.jpg"],
     [[196,
       72],
      "http://api-images.crunchbase.com/assets/images/resized/0005/1813/51813v1-max-250x250.jpg"],
     [[196,
       72],
      "http://api-images.crunchbase.com/assets/images/resized/0005/1813/51813v1-max-450x450.jpg"]],
   "attribution": null},
 "products":
  [],
 "relationships":
  [],
 "competitions":
  [],
 "providerships":
  [],
 "total_money_raised": "$0",
 "funding_rounds":
  [],
 "investments":
  [],
 "acquisition":
  {"price_amount": null,
   "price_currency_code": "USD",
   "term_code": null,
   "source_url": "http://www.finsmes.com/2011/12/bayside-capital-acquires-alexander-gallo-holdings.html?utm_source=feedburner\u0026utm_medium=feed\u0026utm_campaign=Feed%3A+finsmes%2FcNHu+%28FinSMEs%29",
   "source_description": "Bayside Capital Acquires Alexander Gallo Holdings",
   "acquired_year": 2011,
   "acquired_month": 12,
   "acquired_day": 7,
   "acquiring_company":
    {"name": "Bayside Capital",
     "permalink": "bayside-capital"}},
 "acquisitions":
  [{"price_amount": null,
    "price_currency_code": "USD",
    "term_code": null,
    "source_url": "http://ncraonline.org/forum/blogs/clvs/archive/2009/01/08/alexander-gallo-holdings-llc-acquires-verdict-systems-llc.aspx",
    "source_description": " Alexander Gallo Holdings LLC Acquires Verdict Systems LLC",
    "acquired_year": 2009,
    "acquired_month": 1,
    "acquired_day": 7,
    "company":
     {"name": "Verdict Systems",
      "permalink": "verdict-systems"}}],
 "offices":
  [{"description": "",
    "address1": "2700 Centennial Tower",
    "address2": "101 Marietta Street",
    "zip_code": "30303",
    "city": "Atlanta",
    "state_code": "GA",
    "country_code": "USA",
    "latitude": null,
    "longitude": null}],
 "milestones":
  [],
 "ipo": null,
 "video_embeds":
  [],
 "screenshots":
  [],
 "external_links":
  [],
 "partners":
  []}
