{"name": "Alimera Sciences",
 "permalink": "alimera-sciences",
 "crunchbase_url": "http://www.crunchbase.com/company/alimera-sciences",
 "homepage_url": "http://www.alimerasciences.com",
 "blog_url": "",
 "blog_feed_url": "",
 "twitter_username": "AlimeraSciences",
 "category_code": "biotech",
 "number_of_employees": null,
 "founded_year": 2003,
 "founded_month": null,
 "founded_day": null,
 "deadpooled_year": null,
 "deadpooled_month": null,
 "deadpooled_day": null,
 "deadpooled_url": null,
 "tag_list": "biotech, alimera, pharmaceuticals, medical, biopharmaceuticals, sciences, healthcare",
 "alias_list": "",
 "email_address": "",
 "phone_number": "678.990.5740",
 "description": "Biopharmaceutical",
 "created_at": "Fri Jun 19 12:59:04 UTC 2009",
 "updated_at": "Tue Feb 18 18:39:14 UTC 2014",
 "overview": "\u003Cp\u003EAlimera Sciences, Inc., a privately held biopharmaceutical company that specializes in the research, development and commercialization of prescription ophthalmic pharmaceuticals.\u003C/p\u003E",
 "image":
  {"available_sizes":
    [[[73,
       40],
      "http://api-images.crunchbase.com/assets/images/resized/0004/9636/49636v1-max-150x150.png"],
     [[73,
       40],
      "http://api-images.crunchbase.com/assets/images/resized/0004/9636/49636v1-max-250x250.png"],
     [[73,
       40],
      "http://api-images.crunchbase.com/assets/images/resized/0004/9636/49636v1-max-450x450.png"]],
   "attribution": null},
 "products":
  [{"name": "Iluvien",
    "permalink": "iluvien"}],
 "relationships":
  [{"is_past": false,
    "title": "President and CEO",
    "person":
     {"first_name": "Dan",
      "last_name": "Myers",
      "permalink": "dan-myers"}},
   {"is_past": false,
    "title": "COO",
    "person":
     {"first_name": "Richard",
      "last_name": "Eiswirth, Jr",
      "permalink": "richard-eiswirth-jr"}},
   {"is_past": false,
    "title": "CFO",
    "person":
     {"first_name": "Rick",
      "last_name": "Eiswirth",
      "permalink": "rick-eiswirth"}},
   {"is_past": false,
    "title": "senior VP of sales and marketing",
    "person":
     {"first_name": "Dave",
      "last_name": "Holland",
      "permalink": "dave-holland"}},
   {"is_past": false,
    "title": "Sr. Vice President, Regulatory \u0026 Medical Affairs",
    "person":
     {"first_name": "Susan",
      "last_name": "Caballa",
      "permalink": "susan-caballa"}},
   {"is_past": false,
    "title": "Sr. Vice President \u0026 CSO",
    "person":
     {"first_name": "Ken",
      "last_name": "Greene",
      "permalink": "ken-greene"}},
   {"is_past": false,
    "title": "Board of Directors",
    "person":
     {"first_name": "Brian",
      "last_name": "K. Halak",
      "permalink": "brian-k-halak"}},
   {"is_past": false,
    "title": "Board of Directors",
    "person":
     {"first_name": "Garheng",
      "last_name": "Kong",
      "permalink": "garheng-kong-m-d-ph-d"}},
   {"is_past": false,
    "title": "Investor",
    "person":
     {"first_name": "Frank",
      "last_name": "Torti",
      "permalink": "frank-torti"}},
   {"is_past": false,
    "title": "Senior Vice President and European Managing Director",
    "person":
     {"first_name": "Philip",
      "last_name": "Ashman",
      "permalink": "philip-ashman"}},
   {"is_past": false,
    "title": "Director",
    "person":
     {"first_name": "Bryce",
      "last_name": "Youngren",
      "permalink": "bryce-youngren"}},
   {"is_past": false,
    "title": "Board of Directors \u0026 Chair, Audit Committee",
    "person":
     {"first_name": "Peter",
      "last_name": "J. Pizzo",
      "permalink": "peter-j-pizzo"}},
   {"is_past": true,
    "title": "VP of Finance and Corporate Development and Instrumental",
    "person":
     {"first_name": "Daniel",
      "last_name": "White",
      "permalink": "daniel-white-3"}},
   {"is_past": true,
    "title": "Senior Director, Finance \u0026 Controller",
    "person":
     {"first_name": "Christian",
      "last_name": "Nelson",
      "permalink": "christian-nelson"}},
   {"is_past": true,
    "title": "Founding Member",
    "person":
     {"first_name": "Daniel",
      "last_name": "White",
      "permalink": "daniel-white-3"}}],
 "competitions":
  [],
 "providerships":
  [],
 "total_money_raised": "$144M",
 "funding_rounds":
  [{"id": 6720,
    "round_code": "c",
    "source_url": "http://www.alimerasciences.com/News/2008PressReleases/tabid/58/ItemID/16/Default.aspx",
    "source_description": "Alimera Sciences Closes $30 Million In Series C Financing, Increasing Stake In Medidur\u2122 FA",
    "raised_amount": 30000000.0,
    "raised_currency_code": "USD",
    "funded_year": 2008,
    "funded_month": 3,
    "funded_day": 1,
    "investments":
     []},
   {"id": 9239,
    "round_code": "c",
    "source_url": "http://onbiovc.com/alimera-sciences-inc-series-c-5m/",
    "source_description": "Alimera Sciences, Inc.: Series C $5M",
    "raised_amount": 5000000.0,
    "raised_currency_code": "USD",
    "funded_year": 2009,
    "funded_month": 10,
    "funded_day": 1,
    "investments":
     [{"company": null,
       "financial_org":
        {"name": "Polaris Partners",
         "permalink": "polaris-partners"},
       "person": null},
      {"company": null,
       "financial_org":
        {"name": "Intersouth Partners",
         "permalink": "intersouth-partners"},
       "person": null},
      {"company": null,
       "financial_org":
        {"name": "Venrock",
         "permalink": "venrock"},
       "person": null},
      {"company": null,
       "financial_org":
        {"name": "Domain Associates",
         "permalink": "domain-associates"},
       "person": null},
      {"company": null,
       "financial_org":
        {"name": "Scale Venture Partners",
         "permalink": "scale-venture-partners"},
       "person": null}]},
   {"id": 16559,
    "round_code": "b",
    "source_url": "http://www.gabio.org/pr_details.aspx?subid=28\u0026refid=13",
    "source_description": "Alimera Sciences Secures $31.8 Million in Series B Financing",
    "raised_amount": 31800000.0,
    "raised_currency_code": "USD",
    "funded_year": 2005,
    "funded_month": 11,
    "funded_day": 30,
    "investments":
     [{"company": null,
       "financial_org":
        {"name": "Venrock",
         "permalink": "venrock"},
       "person": null},
      {"company": null,
       "financial_org":
        {"name": "Scale Venture Partners",
         "permalink": "scale-venture-partners"},
       "person": null},
      {"company": null,
       "financial_org":
        {"name": "Domain Associates",
         "permalink": "domain-associates"},
       "person": null},
      {"company": null,
       "financial_org":
        {"name": "Intersouth Partners",
         "permalink": "intersouth-partners"},
       "person": null},
      {"company": null,
       "financial_org":
        {"name": "Polaris Partners",
         "permalink": "polaris-partners"},
       "person": null}]},
   {"id": 32982,
    "round_code": "post_ipo_equity",
    "source_url": "http://pevc.dowjones.com/article?an=DJFVW00020121003e8a3qu6ia\u0026from=alert\u0026pid=32\u0026ReturnUrl=http%3a%2f%2fpevc.dowjones.com%3a80%2farticle%3fan%3dDJFVW00020121003e8a3qu6ia%26from%3dalert%26pid%3d32",
    "source_description": " Publicly Traded Alimera Sciences Raises $40M From New and Returning VCs ",
    "raised_amount": 40000000.0,
    "raised_currency_code": "USD",
    "funded_year": 2012,
    "funded_month": 10,
    "funded_day": 3,
    "investments":
     []},
   {"id": 62757,
    "round_code": "post_ipo_equity",
    "source_url": "http://www.biospace.com/news_story.aspx?StoryID=321996\u0026full=1",
    "source_description": "Alimera Sciences (ALIM) Snags $37.5 Million Private Placement",
    "raised_amount": 37500000.0,
    "raised_currency_code": "USD",
    "funded_year": 2014,
    "funded_month": 1,
    "funded_day": 28,
    "investments":
     []}],
 "investments":
  [],
 "acquisition": null,
 "acquisitions":
  [],
 "offices":
  [{"description": "",
    "address1": "6120 Windward Parkway",
    "address2": "Suite 290",
    "zip_code": "30005",
    "city": "Alpharetta",
    "state_code": "GA",
    "country_code": "USA",
    "latitude": 34.093625,
    "longitude": -84.242809}],
 "milestones":
  [],
 "ipo":
  {"valuation_amount": null,
   "valuation_currency_code": "USD",
   "pub_year": 2010,
   "pub_month": 4,
   "pub_day": 21,
   "stock_symbol": "NASDAQ:ALIM"},
 "video_embeds":
  [],
 "screenshots":
  [],
 "external_links":
  [],
 "partners":
  []}
