{"name": "allbookstores.com",
 "permalink": "allbookstores-com",
 "crunchbase_url": "http://www.crunchbase.com/company/allbookstores-com",
 "homepage_url": "http://www.allbookstores.com",
 "blog_url": "",
 "blog_feed_url": "",
 "twitter_username": "AllBookstores",
 "category_code": "ecommerce",
 "number_of_employees": null,
 "founded_year": null,
 "founded_month": null,
 "founded_day": null,
 "deadpooled_year": null,
 "deadpooled_month": null,
 "deadpooled_day": null,
 "deadpooled_url": null,
 "tag_list": "",
 "alias_list": "",
 "email_address": "",
 "phone_number": "",
 "description": "best place to purchase books on the web",
 "created_at": "Mon Jun 01 14:45:34 UTC 2009",
 "updated_at": "Fri Mar 29 02:37:40 UTC 2013",
 "overview": "\u003Cp\u003EAllbookstores is an online book market. \u003C/p\u003E\n\n\u003Cp\u003EAllbookstores offer the most complete listing of places to purchase books on the web. From the most well known stores like Amazon.com \u0026amp; Barnes \u0026amp; Noble to some of the lesser known stores like Powell\u0026#8217;s Books. \u003C/p\u003E\n\n\u003Cp\u003EAllBookstores.com is not a bookstore though, just simply the best place to find the lowest book prices on the web! Our price comparison engine searches more than 30 online bookstores with one click, saving you time and money. \u003C/p\u003E\n\n\u003Cp\u003EWe also offer a free locating service! If you can\u0026#8217;t find a particular book by Title, Author, or ISBN, we can try to find it for you. You are never under any obligation to buy, but when you do, we hope you\u0026#8217;ll think of us first. \u003C/p\u003E",
 "image":
  {"available_sizes":
    [[[150,
       36],
      "http://api-images.crunchbase.com/assets/images/resized/0004/6155/46155v2-max-150x150.png"],
     [[226,
       55],
      "http://api-images.crunchbase.com/assets/images/resized/0004/6155/46155v2-max-250x250.png"],
     [[226,
       55],
      "http://api-images.crunchbase.com/assets/images/resized/0004/6155/46155v2-max-450x450.png"]],
   "attribution": null},
 "products":
  [],
 "relationships":
  [],
 "competitions":
  [],
 "providerships":
  [],
 "total_money_raised": "$0",
 "funding_rounds":
  [],
 "investments":
  [],
 "acquisition": null,
 "acquisitions":
  [],
 "offices":
  [{"description": "",
    "address1": "1832 East Votaw Road",
    "address2": "",
    "zip_code": "32703",
    "city": "Apopka",
    "state_code": "FL",
    "country_code": "USA",
    "latitude": null,
    "longitude": null}],
 "milestones":
  [],
 "ipo": null,
 "video_embeds":
  [],
 "screenshots":
  [],
 "external_links":
  [],
 "partners":
  []}
