{"name": "AllClear ID",
 "permalink": "allclear-id",
 "crunchbase_url": "http://www.crunchbase.com/company/allclear-id",
 "homepage_url": "http://www.allclearid.com",
 "blog_url": "https://www.allclearid.com/blog",
 "blog_feed_url": "https://www.allclearid.com/blog/feed/rss",
 "twitter_username": "AllClearID",
 "category_code": "security",
 "number_of_employees": null,
 "founded_year": 2004,
 "founded_month": null,
 "founded_day": null,
 "deadpooled_year": null,
 "deadpooled_month": null,
 "deadpooled_day": null,
 "deadpooled_url": null,
 "tag_list": "",
 "alias_list": "Debix",
 "email_address": "press@allclearid.com",
 "phone_number": "888-332-4963",
 "description": "Alert Network",
 "created_at": "Thu May 14 03:25:53 UTC 2009",
 "updated_at": "Wed Oct 16 00:43:04 UTC 2013",
 "overview": "\u003Cp\u003EAllClear ID, formerly Debix, operates the Alert Network dedicated to protecting consumers and the organizations that serve them from identity theft.\u003C/p\u003E",
 "image":
  {"available_sizes":
    [[[150,
       35],
      "http://api-images.crunchbase.com/assets/images/resized/0004/4021/44021v3-max-150x150.png"],
     [[250,
       58],
      "http://api-images.crunchbase.com/assets/images/resized/0004/4021/44021v3-max-250x250.png"],
     [[300,
       70],
      "http://api-images.crunchbase.com/assets/images/resized/0004/4021/44021v3-max-450x450.png"]],
   "attribution": null},
 "products":
  [],
 "relationships":
  [{"is_past": false,
    "title": "CEO",
    "person":
     {"first_name": "Bo",
      "last_name": "Holland",
      "permalink": "bo-holland"}},
   {"is_past": false,
    "title": "CTO",
    "person":
     {"first_name": "Richard",
      "last_name": "Brown",
      "permalink": "richard-brown-3"}},
   {"is_past": false,
    "title": "VP of Customer Support/Chief Investigator",
    "person":
     {"first_name": "Jamie",
      "last_name": "May",
      "permalink": "jamie-may"}},
   {"is_past": false,
    "title": "Director",
    "person":
     {"first_name": "Sean",
      "last_name": "Dempsey",
      "permalink": "sean-dempsey"}},
   {"is_past": false,
    "title": "Dir, Marketing",
    "person":
     {"first_name": "Kirsten",
      "last_name": "Matetich",
      "permalink": "kirsten-matetich"}},
   {"is_past": false,
    "title": "Dir, Product Management",
    "person":
     {"first_name": "Sean",
      "last_name": "Ramsey",
      "permalink": "sean-ramsey-2"}},
   {"is_past": false,
    "title": "Dir, Operations",
    "person":
     {"first_name": "Sarah",
      "last_name": "Harden",
      "permalink": "sarah-harden"}}],
 "competitions":
  [],
 "providerships":
  [],
 "total_money_raised": "$9.3M",
 "funding_rounds":
  [{"id": 5954,
    "round_code": "unattributed",
    "source_url": "http://www.austinstartup.com/2008/05/debix-raises-93m/",
    "source_description": "Debix Raises $9.3M",
    "raised_amount": 9300000.0,
    "raised_currency_code": "USD",
    "funded_year": 2008,
    "funded_month": 4,
    "funded_day": 29,
    "investments":
     [{"company": null,
       "financial_org":
        {"name": "Merus Capital",
         "permalink": "merus-capital"},
       "person": null},
      {"company": null,
       "financial_org":
        {"name": "Trellis Partners",
         "permalink": "trellis-partners"},
       "person": null}]}],
 "investments":
  [],
 "acquisition": null,
 "acquisitions":
  [],
 "offices":
  [{"description": "Corporate Headquarters",
    "address1": "823 Congress Avenue",
    "address2": "Suite 300",
    "zip_code": "78701",
    "city": "Austin",
    "state_code": "TX",
    "country_code": "USA",
    "latitude": 30.2708829,
    "longitude": -97.7418001}],
 "milestones":
  [],
 "ipo": null,
 "video_embeds":
  [],
 "screenshots":
  [],
 "external_links":
  [],
 "partners":
  []}
