{"name": "Allfreecoupons.com",
 "permalink": "allfreecoupons-com",
 "crunchbase_url": "http://www.crunchbase.com/company/allfreecoupons-com",
 "homepage_url": "http://www.allfreecoupons.com",
 "blog_url": "http://www.allfreecoupons.com",
 "blog_feed_url": "http://www.allfreecoupons.com/index.php?option=com_compare\u0026task=rss2",
 "twitter_username": "allfreecoupons",
 "category_code": "web",
 "number_of_employees": null,
 "founded_year": null,
 "founded_month": null,
 "founded_day": null,
 "deadpooled_year": null,
 "deadpooled_month": null,
 "deadpooled_day": null,
 "deadpooled_url": null,
 "tag_list": "",
 "alias_list": null,
 "email_address": "web@allfreecoupons.com",
 "phone_number": "",
 "description": "All free coupons.com",
 "created_at": "Wed Jul 08 09:31:48 UTC 2009",
 "updated_at": "Sat Jul 11 02:59:21 UTC 2009",
 "overview": "\u003Cp\u003EAllfreecoupons.com is a consumer portal that publishes coupon and promotional codes for major online retailers such as Old Navy, Newegg, Dell. \u003C/p\u003E",
 "image": null,
 "products":
  [],
 "relationships":
  [],
 "competitions":
  [],
 "providerships":
  [],
 "total_money_raised": "$0",
 "funding_rounds":
  [],
 "investments":
  [],
 "acquisition": null,
 "acquisitions":
  [],
 "offices":
  [],
 "milestones":
  [],
 "ipo": null,
 "video_embeds":
  [],
 "screenshots":
  [],
 "external_links":
  [],
 "partners":
  []}
