{"name": "Alliance of Action Sports",
 "permalink": "alliance-of-action-sports",
 "crunchbase_url": "http://www.crunchbase.com/company/alliance-of-action-sports",
 "homepage_url": "http://www.allisports.com",
 "blog_url": "",
 "blog_feed_url": "",
 "twitter_username": "AlliSports",
 "category_code": null,
 "number_of_employees": null,
 "founded_year": 2004,
 "founded_month": null,
 "founded_day": null,
 "deadpooled_year": null,
 "deadpooled_month": null,
 "deadpooled_day": null,
 "deadpooled_url": null,
 "tag_list": null,
 "alias_list": "",
 "email_address": "info@allisports.com",
 "phone_number": "630-908-6300",
 "description": "",
 "created_at": "Thu Feb 12 06:44:21 UTC 2009",
 "updated_at": "Thu Jun 06 04:44:54 UTC 2013",
 "overview": "\u003Cp\u003EAlli, Alliance of Action Sports, LLC operates as an online portal and provides information about action sports content and news. The company was formerly known as Action Sports Tour, LLC and changed its name to Alli, Alliance of Action Sports, LLC in 2008. The company was incorporated in 2004 and is based in Burr Ridge, Illinois. As per the transaction announced on December 19, 2011, Alli, Alliance of Action Sports, LLC operates as a subsidiary of NBC Sports, Inc.\u003C/p\u003E",
 "image":
  {"available_sizes":
    [[[150,
       114],
      "http://api-images.crunchbase.com/assets/images/resized/0009/1745/91745v1-max-150x150.png"],
     [[155,
       118],
      "http://api-images.crunchbase.com/assets/images/resized/0009/1745/91745v1-max-250x250.png"],
     [[155,
       118],
      "http://api-images.crunchbase.com/assets/images/resized/0009/1745/91745v1-max-450x450.png"]],
   "attribution": null},
 "products":
  [],
 "relationships":
  [{"is_past": false,
    "title": "President",
    "person":
     {"first_name": "Eric",
      "last_name": "J. Grilly",
      "permalink": "eric-j-grilly"}},
   {"is_past": false,
    "title": "Director of Finance",
    "person":
     {"first_name": "Matt",
      "last_name": "Fumagalli",
      "permalink": "matt-fumagalli"}}],
 "competitions":
  [],
 "providerships":
  [{"title": "",
    "is_past": false,
    "provider":
     {"name": "Work at Play",
      "permalink": "work-at-play"}}],
 "total_money_raised": "$0",
 "funding_rounds":
  [],
 "investments":
  [],
 "acquisition": null,
 "acquisitions":
  [],
 "offices":
  [{"description": "",
    "address1": "150 Harvester Drive",
    "address2": "Suite 140",
    "zip_code": "60527-5968",
    "city": "Burr Ridge",
    "state_code": "IL",
    "country_code": "USA",
    "latitude": null,
    "longitude": null}],
 "milestones":
  [],
 "ipo": null,
 "video_embeds":
  [],
 "screenshots":
  [{"available_sizes":
     [[[150,
        104],
       "http://api-images.crunchbase.com/assets/images/resized/0010/8173/108173v1-max-150x150.jpg"],
      [[250,
        173],
       "http://api-images.crunchbase.com/assets/images/resized/0010/8173/108173v1-max-250x250.jpg"],
      [[450,
        312],
       "http://api-images.crunchbase.com/assets/images/resized/0010/8173/108173v1-max-450x450.jpg"]],
    "attribution": null}],
 "external_links":
  [],
 "partners":
  []}
