{"name": "AllStarWeek",
 "permalink": "allstarweek",
 "crunchbase_url": "http://www.crunchbase.com/company/allstarweek",
 "homepage_url": "http://www.allstarweek.com",
 "blog_url": "http://buzz.allstarweek.com",
 "blog_feed_url": "http://buzz.allstarweek.com/?feed=rss2",
 "twitter_username": null,
 "category_code": "mobile",
 "number_of_employees": null,
 "founded_year": 2003,
 "founded_month": 1,
 "founded_day": null,
 "deadpooled_year": null,
 "deadpooled_month": null,
 "deadpooled_day": null,
 "deadpooled_url": null,
 "tag_list": "nba, all-star, mobile, events, listing",
 "alias_list": "",
 "email_address": "noreply@allstarweek.com",
 "phone_number": "",
 "description": null,
 "created_at": "Wed Dec 31 02:33:15 UTC 2008",
 "updated_at": "Sun Jan 04 19:22:18 UTC 2009",
 "overview": "\u003Cp\u003EAllStarWeek lists the events surrounding NBA All-Star Week.\u003C/p\u003E",
 "image":
  {"available_sizes":
    [[[150,
       37],
      "http://api-images.crunchbase.com/assets/images/resized/0003/2749/32749v2-max-150x150.jpg"],
     [[250,
       62],
      "http://api-images.crunchbase.com/assets/images/resized/0003/2749/32749v2-max-250x250.jpg"],
     [[342,
       86],
      "http://api-images.crunchbase.com/assets/images/resized/0003/2749/32749v2-max-450x450.jpg"]],
   "attribution": null},
 "products":
  [],
 "relationships":
  [],
 "competitions":
  [],
 "providerships":
  [],
 "total_money_raised": "$0",
 "funding_rounds":
  [],
 "investments":
  [],
 "acquisition": null,
 "acquisitions":
  [],
 "offices":
  [],
 "milestones":
  [],
 "ipo": null,
 "video_embeds":
  [],
 "screenshots":
  [],
 "external_links":
  [],
 "partners":
  []}
