{"name": "AllTheRides.com",
 "permalink": "alltherides-com",
 "crunchbase_url": "http://www.crunchbase.com/company/alltherides-com",
 "homepage_url": "http://alltherides.com",
 "blog_url": "http://alltherides.com/news/",
 "blog_feed_url": "http://feeds.feedburner.com/AlltheridescomLatestNews",
 "twitter_username": null,
 "category_code": "other",
 "number_of_employees": null,
 "founded_year": 2008,
 "founded_month": null,
 "founded_day": null,
 "deadpooled_year": null,
 "deadpooled_month": null,
 "deadpooled_day": null,
 "deadpooled_url": null,
 "tag_list": "free-auto-classifieds, free-automotive-classifieds, free-classifieds, used-cars, cars-for-sale, automotive, dealers, dealerships, automotive-community, car-community, best-automotive-classifieds, used-vehicles",
 "alias_list": null,
 "email_address": "info@alltherides.com",
 "phone_number": "1-800-259-2828",
 "description": null,
 "created_at": "Thu Feb 12 06:53:02 UTC 2009",
 "updated_at": "Sat Feb 14 14:40:16 UTC 2009",
 "overview": "\u003Cp\u003EAllTheRides.com is based out of Dallas TX and has a company slogan of \u0026#8220;AllTheRides.com is 100 % FREE automotive classifieds\u0026#8221;. The company has excelled in making it easy even for the most non tech savvy person to list their automotive for sale in a fast effective manner.\u003C/p\u003E\n\n\u003Cp\u003EUsers can buy, sell, review, comment, communicate, elaborate in a truly interactive environment absolutely FREE with other members that share the same interests.\u003C/p\u003E\n\n\u003Cul\u003E\n\u003Cli\u003E100 % Free Automotive Classifieds\u003C/li\u003E\n\u003Cli\u003EList Until Sold! \u0026#8211; User\u0026#8217;s approved Ad displays until the ride is sold!\u003C/li\u003E\n\u003Cli\u003EMultiple Images! \u0026#8211; up to 32 images for display with users\u0026#8217; ride for vehicle ad!\u003C/li\u003E\n\u003Cli\u003EMultiple Websites! \u0026#8211; Users\u0026#8217; vehicle ad appears on over 35 partner sites at no additional charge!\u003C/li\u003E\n\u003Cli\u003EBold text and easy to read classified ad layouts!\u003C/li\u003E\n\u003Cli\u003EAd counter and advanced statistics\u003C/li\u003E\n\u003Cli\u003EAround the clock editing ability.\u003C/li\u003E\n\u003Cli\u003ESecurity and privacy.\u003C/li\u003E\n\u003Cli\u003EControl over the display of user\u0026#8217;s phone number.\u003C/li\u003E\n\u003Cli\u003EAn email link without displaying your full email address.\n*Additional Exposure! \u0026#8211; Hundreds of other sites link to this network!\u003C/li\u003E\n\u003Cli\u003EPower and connected automotive community\u003C/li\u003E\n\u003Cli\u003EAvailable reviews and statistics on almost every vehicle\u003C/li\u003E\n\u003Cli\u003EMake and Model information almost every vehicle\u003C/li\u003E\n\u003Cli\u003EForums, blogs, pictures, slide shows\u003C/li\u003E\n\u003C/ul\u003E",
 "image":
  {"available_sizes":
    [[[150,
       28],
      "http://api-images.crunchbase.com/assets/images/resized/0003/6078/36078v2-max-150x150.jpg"],
     [[250,
       47],
      "http://api-images.crunchbase.com/assets/images/resized/0003/6078/36078v2-max-250x250.jpg"],
     [[450,
       85],
      "http://api-images.crunchbase.com/assets/images/resized/0003/6078/36078v2-max-450x450.jpg"]],
   "attribution": null},
 "products":
  [],
 "relationships":
  [],
 "competitions":
  [],
 "providerships":
  [],
 "total_money_raised": "$0",
 "funding_rounds":
  [],
 "investments":
  [],
 "acquisition": null,
 "acquisitions":
  [],
 "offices":
  [],
 "milestones":
  [],
 "ipo": null,
 "video_embeds":
  [],
 "screenshots":
  [],
 "external_links":
  [{"external_url": "http://www.i-newswire.com/pr244195.html",
    "title": ""}],
 "partners":
  []}
