{"name": "AllTrails",
 "permalink": "alltrails-com",
 "crunchbase_url": "http://www.crunchbase.com/company/alltrails-com",
 "homepage_url": "http://alltrails.com",
 "blog_url": "http://journal.alltrails.com/",
 "blog_feed_url": "",
 "twitter_username": "AllTrails",
 "category_code": "sports",
 "number_of_employees": 10,
 "founded_year": 2010,
 "founded_month": 1,
 "founded_day": 1,
 "deadpooled_year": null,
 "deadpooled_month": null,
 "deadpooled_day": null,
 "deadpooled_url": null,
 "tag_list": "outdoor-activities, trails, hiking, mountain-biking, camping",
 "alias_list": "",
 "email_address": "",
 "phone_number": "",
 "description": "Yelp for the outdoors",
 "created_at": "Tue Dec 09 03:51:48 UTC 2008",
 "updated_at": "Sat Apr 05 10:25:55 UTC 2014",
 "overview": "\u003Cp\u003EAllTrails is the leading digital network focused on outdoor enthusiasts, providing 1 million outdoor enthusiasts each month with the information and tools to discover the best destinations near them. The company was founded by Russell Cook in 2010 and incubated in the inaugural class of AngelPad.\u003C/p\u003E",
 "image":
  {"available_sizes":
    [[[150,
       23],
      "http://api-images.crunchbase.com/assets/images/resized/0003/1329/31329v6-max-150x150.png"],
     [[250,
       39],
      "http://api-images.crunchbase.com/assets/images/resized/0003/1329/31329v6-max-250x250.png"],
     [[265,
       42],
      "http://api-images.crunchbase.com/assets/images/resized/0003/1329/31329v6-max-450x450.png"]],
   "attribution": null},
 "products":
  [],
 "relationships":
  [{"is_past": false,
    "title": "Founder \u0026 CEO",
    "person":
     {"first_name": "Russell",
      "last_name": "Cook",
      "permalink": "russell-cook"}},
   {"is_past": false,
    "title": "CTO",
    "person":
     {"first_name": "Jonathan",
      "last_name": "Simon",
      "permalink": "jonathan-simon"}},
   {"is_past": false,
    "title": "Head, Product \u0026 Engineering",
    "person":
     {"first_name": "Justin",
      "last_name": "Ip",
      "permalink": "justin-ip"}},
   {"is_past": false,
    "title": "Head, Geodata",
    "person":
     {"first_name": "Marcus",
      "last_name": "Needham",
      "permalink": "marcus-needham"}},
   {"is_past": false,
    "title": "iOS Developer \u0026 Hokie",
    "person":
     {"first_name": "Josh",
      "last_name": "Avant",
      "permalink": "josh-avant"}},
   {"is_past": false,
    "title": "Software Engineer",
    "person":
     {"first_name": "Bill",
      "last_name": "Chaney",
      "permalink": "bill-chaney"}},
   {"is_past": true,
    "title": "VP, Sales Business Development",
    "person":
     {"first_name": "Jeremy",
      "last_name": "Cotter",
      "permalink": "jeremy-cotter"}}],
 "competitions":
  [{"competitor":
     {"name": "Trails.com",
      "permalink": "trails-com"}}],
 "providerships":
  [],
 "total_money_raised": "$2.88M",
 "funding_rounds":
  [{"id": 20210,
    "round_code": "seed",
    "source_url": "http://techcrunch.com/2010/11/10/angelpad-demo-day/",
    "source_description": "AngelPad Seed Funding",
    "raised_amount": null,
    "raised_currency_code": "USD",
    "funded_year": 2010,
    "funded_month": 9,
    "funded_day": 1,
    "investments":
     [{"company":
        {"name": "AngelPad",
         "permalink": "angelpad"},
       "financial_org": null,
       "person": null}]},
   {"id": 26516,
    "round_code": "seed",
    "source_url": "http://techcrunch.com/2011/11/13/alltrails-pockets-400k-from-500-startups-and-more/",
    "source_description": "AllTrails Pockets $400K From 500 Startups And More",
    "raised_amount": 400000.0,
    "raised_currency_code": "USD",
    "funded_year": 2011,
    "funded_month": 11,
    "funded_day": 13,
    "investments":
     [{"company": null,
       "financial_org":
        {"name": "500 Startups",
         "permalink": "500-startups"},
       "person": null},
      {"company": null,
       "financial_org":
        {"name": "2020 Ventures",
         "permalink": "2020-ventures"},
       "person": null}]},
   {"id": 40703,
    "round_code": "seed",
    "source_url": "http://www.sec.gov/Archives/edgar/data/1539088/000153908813000002/xslFormDX01/primary_doc.xml",
    "source_description": "SEC",
    "raised_amount": 1239987.0,
    "raised_currency_code": "USD",
    "funded_year": 2013,
    "funded_month": 2,
    "funded_day": 6,
    "investments":
     []},
   {"id": 52453,
    "round_code": "unattributed",
    "source_url": "",
    "source_description": "VC Funding: Q2 2013 source",
    "raised_amount": 250000.0,
    "raised_currency_code": "USD",
    "funded_year": 2013,
    "funded_month": 4,
    "funded_day": 1,
    "investments":
     [{"company": null,
       "financial_org":
        {"name": "CampVentures",
         "permalink": "campventures"},
       "person": null}]},
   {"id": 54002,
    "round_code": "unattributed",
    "source_url": "http://marketbrief.com/alltrails-inc-form-d-sec-filng-000001",
    "source_description": "New $990K round raised by Alltrails, Inc",
    "raised_amount": 990000.0,
    "raised_currency_code": "USD",
    "funded_year": 2012,
    "funded_month": 1,
    "funded_day": 11,
    "investments":
     [{"company": null,
       "financial_org":
        {"name": "CampVentures",
         "permalink": "campventures"},
       "person": null}]}],
 "investments":
  [],
 "acquisition": null,
 "acquisitions":
  [],
 "offices":
  [{"description": "",
    "address1": "",
    "address2": "",
    "zip_code": "94103",
    "city": "San Francisco",
    "state_code": "CA",
    "country_code": "USA",
    "latitude": null,
    "longitude": null}],
 "milestones":
  [{"id": 2819,
    "description": "Beta Site Launch",
    "stoned_year": 2010,
    "stoned_month": 1,
    "stoned_day": null,
    "source_url": "http://alltrails.com/blog/2009/12/03/alltrails-beta-launch/",
    "source_text": null,
    "source_description": "AllTrails Beta Launch",
    "stoneable_type": "Company",
    "stoned_value": null,
    "stoned_value_type": null,
    "stoned_acquirer": null,
    "stoneable":
     {"name": "AllTrails",
      "permalink": "alltrails-com"}},
   {"id": 9095,
    "description": "Acquired LocalHikes.com",
    "stoned_year": 2010,
    "stoned_month": 8,
    "stoned_day": 20,
    "source_url": "",
    "source_text": null,
    "source_description": "",
    "stoneable_type": "Company",
    "stoned_value": null,
    "stoned_value_type": null,
    "stoned_acquirer": null,
    "stoneable":
     {"name": "AllTrails",
      "permalink": "alltrails-com"}}],
 "ipo": null,
 "video_embeds":
  [{"embed_code": "\u003Ciframe width=\"430\" height=\"242\" src=\"http://www.youtube.com/embed/hWwjz4eaBnE\" frameborder=\"0\" allowfullscreen\u003E\u003C/iframe\u003E",
    "description": "\u003Cp\u003EAre you looking for a trail to go hiking, backpacking, cycling, or want to take your horse or dog out on? AllTrails is your answer and here the founders show me their latest.\u003C/p\u003E"}],
 "screenshots":
  [{"available_sizes":
     [[[150,
        97],
       "http://api-images.crunchbase.com/assets/images/resized/0010/5522/105522v2-max-150x150.png"],
      [[250,
        162],
       "http://api-images.crunchbase.com/assets/images/resized/0010/5522/105522v2-max-250x250.png"],
      [[450,
        292],
       "http://api-images.crunchbase.com/assets/images/resized/0010/5522/105522v2-max-450x450.png"]],
    "attribution": null}],
 "external_links":
  [{"external_url": "http://www.marketwatch.com/story/alltrailscom-announces-funding-now-reaching-1m-outdoor-enthusiasts-2011-11-15",
    "title": "CBS Market Watch"},
   {"external_url": "http://online.wsj.com/article/SB10001424052748703421204576327341887791826.html?mod=googlenews_wsj",
    "title": "Wall Street Journal"},
   {"external_url": "https://plus.google.com/u/0/111091089527727420853/posts/2ixZdnwukmU",
    "title": "Scobleizer"},
   {"external_url": "http://lifehacker.com/5634715/alltrails-dishes-the-dirt-on-the-best-places-to-hike-climb-snowboard-and-more",
    "title": "Lifehacker"}],
 "partners":
  []}
