{"name": "AllYearbooks",
 "permalink": "allyearbooks",
 "crunchbase_url": "http://www.crunchbase.com/company/allyearbooks",
 "homepage_url": "http://www.allyearbooks.co.uk",
 "blog_url": "http://blog.allyearbooks.co.uk",
 "blog_feed_url": "http://blog.allyearbooks.co.uk/feed/",
 "twitter_username": "AllYearbooks",
 "category_code": "web",
 "number_of_employees": 7,
 "founded_year": 2004,
 "founded_month": 5,
 "founded_day": 25,
 "deadpooled_year": null,
 "deadpooled_month": null,
 "deadpooled_day": null,
 "deadpooled_url": null,
 "tag_list": "yearbook, yearbooks, year-book, year-books",
 "alias_list": null,
 "email_address": "",
 "phone_number": "0845 226 1446",
 "description": "yearbooks for schools and other groups",
 "created_at": "Sun Mar 01 21:23:57 UTC 2009",
 "updated_at": "Thu Apr 09 17:45:14 UTC 2009",
 "overview": "\u003Cp\u003EProvides yearbooks for schools, universities, colleges and other groups using a web-based system.\u003C/p\u003E",
 "image":
  {"available_sizes":
    [[[150,
       116],
      "http://api-images.crunchbase.com/assets/images/resized/0004/0130/40130v2-max-150x150.jpg"],
     [[250,
       194],
      "http://api-images.crunchbase.com/assets/images/resized/0004/0130/40130v2-max-250x250.jpg"],
     [[450,
       350],
      "http://api-images.crunchbase.com/assets/images/resized/0004/0130/40130v2-max-450x450.jpg"]],
   "attribution": null},
 "products":
  [],
 "relationships":
  [{"is_past": false,
    "title": "Managing Director",
    "person":
     {"first_name": "Jake",
      "last_name": "Gordon",
      "permalink": "jake-gordon"}}],
 "competitions":
  [],
 "providerships":
  [],
 "total_money_raised": "$0",
 "funding_rounds":
  [],
 "investments":
  [],
 "acquisition": null,
 "acquisitions":
  [],
 "offices":
  [{"description": "Office",
    "address1": "86 St Barnabas Road",
    "address2": "",
    "zip_code": "CB1 2BY",
    "city": "Cambridge",
    "state_code": null,
    "country_code": "GBR",
    "latitude": 52.1992891,
    "longitude": 0.1380852}],
 "milestones":
  [],
 "ipo": null,
 "video_embeds":
  [],
 "screenshots":
  [{"available_sizes":
     [[[150,
        119],
       "http://api-images.crunchbase.com/assets/images/resized/0003/7149/37149v2-max-150x150.jpg"],
      [[250,
        199],
       "http://api-images.crunchbase.com/assets/images/resized/0003/7149/37149v2-max-250x250.jpg"],
      [[450,
        359],
       "http://api-images.crunchbase.com/assets/images/resized/0003/7149/37149v2-max-450x450.jpg"]],
    "attribution": null}],
 "external_links":
  [],
 "partners":
  []}
