{"name": "ALM Works",
 "permalink": "alm-works",
 "crunchbase_url": "http://www.crunchbase.com/company/alm-works",
 "homepage_url": "http://www.almworks.com",
 "blog_url": "http://www.almworks.com/news.html",
 "blog_feed_url": "http://www.almworks.com/rss.xml",
 "twitter_username": "almworks",
 "category_code": "software",
 "number_of_employees": null,
 "founded_year": null,
 "founded_month": null,
 "founded_day": null,
 "deadpooled_year": null,
 "deadpooled_month": null,
 "deadpooled_day": null,
 "deadpooled_url": null,
 "tag_list": "software, application-lifecycle-management, bugzilla, jira",
 "alias_list": null,
 "email_address": "info@almworks.com",
 "phone_number": "(773) 598-5805",
 "description": "Application Lifecycle Management",
 "created_at": "Thu Apr 16 15:57:22 UTC 2009",
 "updated_at": "Mon Oct 19 16:55:09 UTC 2009",
 "overview": "\u003Cp\u003EALM Works is a software development company that focuses on application lifecycle management and software development process.\u003C/p\u003E\n\n\u003Cp\u003EOur goal is to make it easy for everyone involved in a project to follow, maintain and improve processes that exist in an organization.\u003C/p\u003E\n\n\u003Cp\u003EWe work towards this goal by doing two things. First, we are creating a software platform for supporting any process where \u0026#8220;tracking\u0026#8221;, \u0026#8220;workflow\u0026#8221;, \u0026#8220;change control\u0026#8221; are relevant words. This includes issue tracking, requirements management, task \u0026amp; time management, testing process management and other processes.\u003C/p\u003E\n\n\u003Cp\u003EAt the same time, using this platform, we are building concrete applications that are targeted at specific processes or that integrate with specific products.\u003C/p\u003E",
 "image":
  {"available_sizes":
    [[[150,
       32],
      "http://api-images.crunchbase.com/assets/images/resized/0004/1571/41571v2-max-150x150.png"],
     [[178,
       38],
      "http://api-images.crunchbase.com/assets/images/resized/0004/1571/41571v2-max-250x250.png"],
     [[178,
       38],
      "http://api-images.crunchbase.com/assets/images/resized/0004/1571/41571v2-max-450x450.png"]],
   "attribution": null},
 "products":
  [{"name": "Deskzilla",
    "permalink": "deskzilla"},
   {"name": "JIRA Client",
    "permalink": "jira-client"},
   {"name": "Virtual Bugzilla Server",
    "permalink": "virtual-bugzilla-server"},
   {"name": "TrackLink",
    "permalink": "tracklink"},
   {"name": "JIRA Client Lite",
    "permalink": "jira-client-lite"}],
 "relationships":
  [],
 "competitions":
  [],
 "providerships":
  [],
 "total_money_raised": "$0",
 "funding_rounds":
  [],
 "investments":
  [],
 "acquisition": null,
 "acquisitions":
  [],
 "offices":
  [],
 "milestones":
  [],
 "ipo": null,
 "video_embeds":
  [],
 "screenshots":
  [],
 "external_links":
  [],
 "partners":
  []}
