{"name": "ALOT",
 "permalink": "alot",
 "crunchbase_url": "http://www.crunchbase.com/company/alot",
 "homepage_url": "http://www.alot.com",
 "blog_url": "",
 "blog_feed_url": "",
 "twitter_username": null,
 "category_code": "software",
 "number_of_employees": 50,
 "founded_year": 2007,
 "founded_month": null,
 "founded_day": null,
 "deadpooled_year": null,
 "deadpooled_month": null,
 "deadpooled_day": null,
 "deadpooled_url": null,
 "tag_list": "toolbar, homepage, desktop, software",
 "alias_list": null,
 "email_address": "info@alot.com",
 "phone_number": "2122312000",
 "description": "Software and technology company",
 "created_at": "Thu Jul 09 15:56:26 UTC 2009",
 "updated_at": "Tue Jun 25 19:21:11 UTC 2013",
 "overview": "\u003Cp\u003EalOt is a company dedicated to developing and marketing apps for PCs. Through our in-house team and our collaborative work with globally-recognized developers and publishers, our focus is delivering apps that improve consumers\u0026#8217; online lives.\u003C/p\u003E\n\n\u003Cp\u003EWe\u0026#8217;ve generated an international following of people who have integrated alOt apps directly into their daily web-browsing experience. Our apps can be found at alOt.com and can be displayed through two primary products:\u003C/p\u003E\n\n\u003Cp\u003EalOt Appbar\nThe alOt Appbar sits directly in a web browser so it\u0026#8217;s accessible no matter what website users are on. Users add apps to their alOt Appbar to match their local or global interests, including weather and sports, the latest celebrity gossip, social networking accounts and much more.\u003C/p\u003E\n\n\u003Cp\u003EalOt Home\nalOt Home is the first page users see when they open up their web browser. As with the alOt Appbar, alOt Home is fully customizable so users can create a personalized page that matches their specific interests.\u003C/p\u003E\n\n\u003Cp\u003Ethe alOt product portfolio is owned and operated by Inuvo, Inc. alOt was previously owned by Vertro and was acquired with Vertro by Inuvo in 2012. alOt was previously known as MIVA Direct, a division of MIVA, which was rebranded to Vertro after MIVA\u0026#8217;s sale of its MIVA Media division.\u003C/p\u003E",
 "image":
  {"available_sizes":
    [[[128,
       69],
      "http://api-images.crunchbase.com/assets/images/resized/0005/2398/52398v2-max-150x150.jpg"],
     [[128,
       69],
      "http://api-images.crunchbase.com/assets/images/resized/0005/2398/52398v2-max-250x250.jpg"],
     [[128,
       69],
      "http://api-images.crunchbase.com/assets/images/resized/0005/2398/52398v2-max-450x450.jpg"]],
   "attribution": null},
 "products":
  [],
 "relationships":
  [{"is_past": false,
    "title": "GM \u0026 SVP",
    "person":
     {"first_name": "Rob",
      "last_name": "Roe",
      "permalink": "rob-roe"}},
   {"is_past": false,
    "title": "VP, Engineering",
    "person":
     {"first_name": "Sean",
      "last_name": "Conrad",
      "permalink": "sean-conrad"}},
   {"is_past": false,
    "title": "Public Relations and Social Media Manager",
    "person":
     {"first_name": "Joe",
      "last_name": "McGurk",
      "permalink": "joe-mcgurk"}},
   {"is_past": true,
    "title": "VP, Sales \u0026 Marketing",
    "person":
     {"first_name": "Mark",
      "last_name": "Ribaudo",
      "permalink": "mark-ribaudo"}},
   {"is_past": true,
    "title": "SVP \u0026 General Manager",
    "person":
     {"first_name": "Rob",
      "last_name": "Roe",
      "permalink": "rob-roe"}}],
 "competitions":
  [],
 "providerships":
  [],
 "total_money_raised": "$0",
 "funding_rounds":
  [],
 "investments":
  [],
 "acquisition":
  {"price_amount": null,
   "price_currency_code": "USD",
   "term_code": "stock",
   "source_url": "http://techcrunch.com/2011/10/17/digital-media-companies-inuvo-and-vertro-to-merge/",
   "source_description": "Digital Media Companies Inuvo And Vertro To Merge",
   "acquired_year": 2012,
   "acquired_month": 3,
   "acquired_day": 1,
   "acquiring_company":
    {"name": "Inuvo",
     "permalink": "inuvo"}},
 "acquisitions":
  [],
 "offices":
  [{"description": "",
    "address1": "143 Varick Street",
    "address2": "",
    "zip_code": "10013",
    "city": "New York",
    "state_code": "NY",
    "country_code": "USA",
    "latitude": 40.72616,
    "longitude": -74.006023}],
 "milestones":
  [],
 "ipo": null,
 "video_embeds":
  [],
 "screenshots":
  [{"available_sizes":
     [[[150,
        47],
       "http://api-images.crunchbase.com/assets/images/resized/0012/2361/122361v2-max-150x150.jpg"],
      [[250,
        78],
       "http://api-images.crunchbase.com/assets/images/resized/0012/2361/122361v2-max-250x250.jpg"],
      [[261,
        82],
       "http://api-images.crunchbase.com/assets/images/resized/0012/2361/122361v2-max-450x450.jpg"]],
    "attribution": null}],
 "external_links":
  [],
 "partners":
  []}
