{"name": "AlterPoint",
 "permalink": "alterpoint",
 "crunchbase_url": "http://www.crunchbase.com/company/alterpoint",
 "homepage_url": "http://www.alterpoint.com",
 "blog_url": "",
 "blog_feed_url": "",
 "twitter_username": null,
 "category_code": "software",
 "number_of_employees": 35,
 "founded_year": 2001,
 "founded_month": null,
 "founded_day": null,
 "deadpooled_year": null,
 "deadpooled_month": null,
 "deadpooled_day": null,
 "deadpooled_url": null,
 "tag_list": null,
 "alias_list": "",
 "email_address": "info@alterpoint.com",
 "phone_number": "888.999.2397",
 "description": "Network Governance Software",
 "created_at": "Wed Jul 01 00:14:21 UTC 2009",
 "updated_at": "Sat Jun 26 05:56:21 UTC 2010",
 "overview": "\u003Cp\u003EAlterPoint provides network governance software. It offers NetworkAuthority CMDB that stores inventory of various network assets, configurations, and changes in a vendor-independent database; NetworkAuthority Analytics that includes portals for network security, compliance, and asset lifecycle management; and NetworkAuthority Vulnerability Defense and Compliance Service that offers vulnerability assessment and recommended remediation. The company also provides support, consulting, and education services. It serves banking/finance, education, government, healthcare/pharmaceutical, hospitality/entertainment/recreation, insurance/real estate/legal, manufacturing, retail/distribution, service providers, technology manufacturers, and media sectors. \u003C/p\u003E",
 "image":
  {"available_sizes":
    [[[150,
       31],
      "http://api-images.crunchbase.com/assets/images/resized/0005/4010/54010v1-max-150x150.jpg"],
     [[202,
       42],
      "http://api-images.crunchbase.com/assets/images/resized/0005/4010/54010v1-max-250x250.jpg"],
     [[202,
       42],
      "http://api-images.crunchbase.com/assets/images/resized/0005/4010/54010v1-max-450x450.jpg"]],
   "attribution": null},
 "products":
  [],
 "relationships":
  [{"is_past": true,
    "title": "President and CEO",
    "person":
     {"first_name": "Scott",
      "last_name": "Harmon",
      "permalink": "scott-harmon"}},
   {"is_past": true,
    "title": "CFO",
    "person":
     {"first_name": "April",
      "last_name": "Downing",
      "permalink": "april-downing"}},
   {"is_past": true,
    "title": "Director of Business Development",
    "person":
     {"first_name": "Paul",
      "last_name": "May",
      "permalink": "paul-may-3"}},
   {"is_past": true,
    "title": "Team Member",
    "person":
     {"first_name": "Ravi",
      "last_name": "Kotichintala",
      "permalink": "ravi-kotichintala"}},
   {"is_past": true,
    "title": "Sr. Director of Product Management",
    "person":
     {"first_name": "Andy",
      "last_name": "Land",
      "permalink": "andy-land"}}],
 "competitions":
  [],
 "providerships":
  [],
 "total_money_raised": "$26.8M",
 "funding_rounds":
  [{"id": 16438,
    "round_code": "a",
    "source_url": "http://www.alterpoint.com/index.php?id=71",
    "source_description": "Press Release",
    "raised_amount": 8800000.0,
    "raised_currency_code": "USD",
    "funded_year": 2003,
    "funded_month": 1,
    "funded_day": null,
    "investments":
     []},
   {"id": 16439,
    "round_code": "b",
    "source_url": "http://www.alterpoint.com/index.php?id=71",
    "source_description": "Press Release",
    "raised_amount": 6000000.0,
    "raised_currency_code": "USD",
    "funded_year": 2004,
    "funded_month": 1,
    "funded_day": null,
    "investments":
     []},
   {"id": 16440,
    "round_code": "c",
    "source_url": "http://www.alterpoint.com/index.php?id=71",
    "source_description": "AlterPoint Raises Additional $12 Million; Expands To European and Asia Pacific Markets",
    "raised_amount": 12000000.0,
    "raised_currency_code": "USD",
    "funded_year": 2005,
    "funded_month": 1,
    "funded_day": 17,
    "investments":
     [{"company": null,
       "financial_org":
        {"name": "Palomar Ventures",
         "permalink": "palomar-ventures"},
       "person": null},
      {"company": null,
       "financial_org":
        {"name": "Austin Ventures",
         "permalink": "austin-ventures"},
       "person": null},
      {"company": null,
       "financial_org":
        {"name": "JK\u0026B Capital",
         "permalink": "jk-b-capital"},
       "person": null}]}],
 "investments":
  [],
 "acquisition":
  {"price_amount": null,
   "price_currency_code": "USD",
   "term_code": null,
   "source_url": "http://www.networkworld.com/news/2009/022509-versata-alterpoint.html",
   "source_description": "Versata Enterprises acquires AlterPoint ",
   "acquired_year": 2009,
   "acquired_month": 2,
   "acquired_day": 25,
   "acquiring_company":
    {"name": "Versata Enterprises",
     "permalink": "versata"}},
 "acquisitions":
  [],
 "offices":
  [{"description": "HQ",
    "address1": "6011 W. Courtyard Drive, Suite 300",
    "address2": "",
    "zip_code": "78730",
    "city": "Austin",
    "state_code": "TX",
    "country_code": "USA",
    "latitude": 30.354768,
    "longitude": -97.798152}],
 "milestones":
  [],
 "ipo": null,
 "video_embeds":
  [],
 "screenshots":
  [{"available_sizes":
     [[[150,
        144],
       "http://api-images.crunchbase.com/assets/images/resized/0005/4011/54011v1-max-150x150.jpg"],
      [[250,
        241],
       "http://api-images.crunchbase.com/assets/images/resized/0005/4011/54011v1-max-250x250.jpg"],
      [[450,
        434],
       "http://api-images.crunchbase.com/assets/images/resized/0005/4011/54011v1-max-450x450.jpg"]],
    "attribution": null}],
 "external_links":
  [],
 "partners":
  []}
