{"name": "Altiris",
 "permalink": "altiris",
 "crunchbase_url": "http://www.crunchbase.com/company/altiris",
 "homepage_url": "http://www.altiris.com",
 "blog_url": "",
 "blog_feed_url": "",
 "twitter_username": null,
 "category_code": "software",
 "number_of_employees": null,
 "founded_year": 1996,
 "founded_month": null,
 "founded_day": null,
 "deadpooled_year": null,
 "deadpooled_month": null,
 "deadpooled_day": null,
 "deadpooled_url": null,
 "tag_list": null,
 "alias_list": "",
 "email_address": "",
 "phone_number": "801-805-2400",
 "description": "software products",
 "created_at": "Thu Apr 16 18:46:46 UTC 2009",
 "updated_at": "Thu Oct 29 10:40:44 UTC 2009",
 "overview": "\u003Cp\u003EAltiris, Inc. provides service-oriented management software products and services. It offers various solutions to deploy, migrate, patch, restore, and audit security settings; manage servers; track performance and diagnostic metrics for hardware and software; take inventory of information technology assets; access security compliance; remediate vulnerabilities; protect sensitive data; and automate service support processes. The company\u00e2\u20ac\u2122s products include Total Management suite, which helps information technology (IT) organizations manage, secure, and support the IT assets; Client Management suite that integrates lifecycle management deployment and configuration management for client and mobile devices; Server Management suite, which offers integrated and heterogeneous deployment, management, and monitoring functions from a centralized console; Service and Asset Management suite that automates operations and enterprise asset and service management based on a Web-based architecture, repository, and console; Client Security Management suite, which offers configuration assurance, data protection, and threat prevention; License Compliance suite that automates the management of software licenses through software inventory, application metering, and license agreement management; Migration suite, which is a migration solution; and Handheld Management suite that manages and secures handheld assets. It serves communications, energy, financial/consulting services, healthcare/pharmaceuticals, information technology, insurance, and manufacturing/retail industries. It has strategic relationships with Intel, Microsoft, Fujitsu Siemens, Cisco, CSC, Dell Consulting Services, EDS, Getronics, HP, IBM Global Services, Northrop Grumman, and Unisys. \u003C/p\u003E\n\n\u003Cp\u003EThe company was founded in 1996 and is headquartered in Lindon, Utah. As of April 6, 2007, Altiris Inc. is a subsidiary of Symantec Corp.\u003C/p\u003E",
 "image":
  {"available_sizes":
    [[[150,
       52],
      "http://api-images.crunchbase.com/assets/images/resized/0006/4100/64100v1-max-150x150.jpg"],
     [[250,
       87],
      "http://api-images.crunchbase.com/assets/images/resized/0006/4100/64100v1-max-250x250.jpg"],
     [[450,
       156],
      "http://api-images.crunchbase.com/assets/images/resized/0006/4100/64100v1-max-450x450.jpg"]],
   "attribution": null},
 "products":
  [],
 "relationships":
  [{"is_past": true,
    "title": "Chairman, President \u0026 CEO",
    "person":
     {"first_name": "Greg",
      "last_name": "Butterfield",
      "permalink": "greg-butterfield"}},
   {"is_past": true,
    "title": "VP Product Management and Marketing",
    "person":
     {"first_name": "Steve",
      "last_name": "Morton",
      "permalink": "steve-morton"}},
   {"is_past": true,
    "title": "VP of Sales, The Americas",
    "person":
     {"first_name": "Brian",
      "last_name": "Doheny",
      "permalink": "brian-doheny"}},
   {"is_past": true,
    "title": "VP Marketing/Product Strategy/Corp Dev",
    "person":
     {"first_name": "Poul",
      "last_name": "Nielsen",
      "permalink": "poul-nielsen"}},
   {"is_past": true,
    "title": "Director Global Channel Sales \u0026 Strategy",
    "person":
     {"first_name": "Kirsten",
      "last_name": "Ward",
      "permalink": "kirsten-ward"}},
   {"is_past": true,
    "title": "Software Director / Architect / Developer",
    "person":
     {"first_name": "Scott",
      "last_name": "Mewett",
      "permalink": "scott-mewett"}},
   {"is_past": true,
    "title": "executive team",
    "person":
     {"first_name": "Volker",
      "last_name": "Wiora",
      "permalink": "volker-wiora"}},
   {"is_past": true,
    "title": "Investor",
    "person":
     {"first_name": "Stephen",
      "last_name": "Bailey",
      "permalink": "stephen-bailey"}},
   {"is_past": true,
    "title": "Director of Product Management",
    "person":
     {"first_name": "Dave",
      "last_name": "Wilby",
      "permalink": "dave-wilby"}},
   {"is_past": true,
    "title": "Director, Product Management",
    "person":
     {"first_name": "James",
      "last_name": "H. Strayer",
      "permalink": "james-h-strayer"}},
   {"is_past": true,
    "title": "Software Development Manager",
    "person":
     {"first_name": "Eric",
      "last_name": "Schank",
      "permalink": "eric-schank"}},
   {"is_past": true,
    "title": "",
    "person":
     {"first_name": "Ron",
      "last_name": "E. Porter",
      "permalink": "ron-e-porter"}}],
 "competitions":
  [],
 "providerships":
  [],
 "total_money_raised": "$0",
 "funding_rounds":
  [],
 "investments":
  [],
 "acquisition": null,
 "acquisitions":
  [],
 "offices":
  [{"description": "HQ",
    "address1": "588 West 400",
    "address2": "",
    "zip_code": "84042",
    "city": "South Lindon",
    "state_code": "UT",
    "country_code": "USA",
    "latitude": null,
    "longitude": null}],
 "milestones":
  [],
 "ipo": null,
 "video_embeds":
  [],
 "screenshots":
  [{"available_sizes":
     [[[150,
        127],
       "http://api-images.crunchbase.com/assets/images/resized/0006/4101/64101v1-max-150x150.jpg"],
      [[250,
        211],
       "http://api-images.crunchbase.com/assets/images/resized/0006/4101/64101v1-max-250x250.jpg"],
      [[450,
        381],
       "http://api-images.crunchbase.com/assets/images/resized/0006/4101/64101v1-max-450x450.jpg"]],
    "attribution": null}],
 "external_links":
  [],
 "partners":
  []}
