{"name": "Altus Alliance",
 "permalink": "altus-alliance",
 "crunchbase_url": "http://www.crunchbase.com/company/altus-alliance",
 "homepage_url": "http://www.altusalliance.com",
 "blog_url": "http://www.altusalliance.com/blog/",
 "blog_feed_url": "",
 "twitter_username": null,
 "category_code": "consulting",
 "number_of_employees": 10,
 "founded_year": 1999,
 "founded_month": 9,
 "founded_day": null,
 "deadpooled_year": null,
 "deadpooled_month": null,
 "deadpooled_day": null,
 "deadpooled_url": null,
 "tag_list": "",
 "alias_list": null,
 "email_address": "info@altusalliance.com",
 "phone_number": "206-438-1890",
 "description": "Revenue Traction Consulting",
 "created_at": "Thu Apr 23 01:04:21 UTC 2009",
 "updated_at": "Fri Jan 03 07:49:25 UTC 2014",
 "overview": "\u003Cp\u003EAltus Alliance has created and refined a methodology that accelerates revenue and ensures healthy growth for new ventures. The combination of a proven track record, Fortune 100 experience and deep knowledge of the challenges faced by early stage companies enables Altus to help clients identify and execute against the best growth opportunities and optimize the sales process to maximize revenue traction. Altus goes beyond \u0026#8220;white board\u0026#8221;\u009d strategic consulting and rolls up their sleeves to deliver measurable immediate and enduring results. \u003C/p\u003E",
 "image":
  {"available_sizes":
    [[[150,
       18],
      "http://api-images.crunchbase.com/assets/images/resized/0004/2355/42355v6-max-150x150.jpg"],
     [[250,
       30],
      "http://api-images.crunchbase.com/assets/images/resized/0004/2355/42355v6-max-250x250.jpg"],
     [[450,
       55],
      "http://api-images.crunchbase.com/assets/images/resized/0004/2355/42355v6-max-450x450.jpg"]],
   "attribution": null},
 "products":
  [],
 "relationships":
  [{"is_past": false,
    "title": "Managing Partner",
    "person":
     {"first_name": "David",
      "last_name": "C. Jones",
      "permalink": "david-c-jones"}},
   {"is_past": false,
    "title": "Partner",
    "person":
     {"first_name": "Kathi",
      "last_name": "Jones",
      "permalink": "kathi-jones"}},
   {"is_past": false,
    "title": "Partner",
    "person":
     {"first_name": "Michael",
      "last_name": "Ricks",
      "permalink": "michael-ricks"}},
   {"is_past": false,
    "title": "Partner",
    "person":
     {"first_name": "Carrie",
      "last_name": "George",
      "permalink": "carrie-george"}},
   {"is_past": false,
    "title": "Venture Partner",
    "person":
     {"first_name": "Ward",
      "last_name": "Sparacio",
      "permalink": "ward-sparacio"}},
   {"is_past": false,
    "title": "Managing Partner",
    "person":
     {"first_name": "Doug",
      "last_name": "Schulze",
      "permalink": "doug-schulze"}},
   {"is_past": false,
    "title": "Partner",
    "person":
     {"first_name": "Steve",
      "last_name": "Dearden",
      "permalink": "steve-dearden"}},
   {"is_past": false,
    "title": "Partner",
    "person":
     {"first_name": "Tom",
      "last_name": "Crawford",
      "permalink": "tom-crawford"}},
   {"is_past": false,
    "title": "Partner",
    "person":
     {"first_name": "Sean",
      "last_name": "Sigmon",
      "permalink": "sean-sigmon"}},
   {"is_past": false,
    "title": "Partner",
    "person":
     {"first_name": "Steve",
      "last_name": "Litzow",
      "permalink": "steve-litzow"}},
   {"is_past": true,
    "title": "Sr. Partner",
    "person":
     {"first_name": "Bill",
      "last_name": "Lawler",
      "permalink": "bill-lawler"}},
   {"is_past": true,
    "title": "Sr. Partner",
    "person":
     {"first_name": "Dave",
      "last_name": "Chase",
      "permalink": "dave-chase"}}],
 "competitions":
  [],
 "providerships":
  [],
 "total_money_raised": "$0",
 "funding_rounds":
  [],
 "investments":
  [],
 "acquisition": null,
 "acquisitions":
  [],
 "offices":
  [{"description": "Headquarters",
    "address1": "719 2nd Avenue",
    "address2": "14th Floor",
    "zip_code": "98104",
    "city": "Seattle",
    "state_code": "WA",
    "country_code": "USA",
    "latitude": 47.603176,
    "longitude": -122.3333044}],
 "milestones":
  [{"id": 6001,
    "description": "Altus Alliance Hits $100 Million Milestone in First Decade of Operation",
    "stoned_year": 2010,
    "stoned_month": 6,
    "stoned_day": 15,
    "source_url": "http://prlog.org/10738371",
    "source_text": null,
    "source_description": "Altus Aliance Press Release",
    "stoneable_type": "Company",
    "stoned_value": null,
    "stoned_value_type": null,
    "stoned_acquirer": null,
    "stoneable":
     {"name": "Altus Alliance",
      "permalink": "altus-alliance"}},
   {"id": 6852,
    "description": "Portland Business Executive Kermit Yensen Joins Altus Alliance to Provide Sales and Business Development Traction Services to Oregon Companies",
    "stoned_year": 2010,
    "stoned_month": 7,
    "stoned_day": 15,
    "source_url": "http://www.altusalliance.com/blog/2010/07/portland-business-executive-kermit-yensen-joins-altus-alliance/",
    "source_text": null,
    "source_description": "Altus Aliance Press Release",
    "stoneable_type": "Company",
    "stoned_value": null,
    "stoned_value_type": null,
    "stoned_acquirer": null,
    "stoneable":
     {"name": "Altus Alliance",
      "permalink": "altus-alliance"}}],
 "ipo": null,
 "video_embeds":
  [],
 "screenshots":
  [],
 "external_links":
  [],
 "partners":
  []}
