{"name": "Alverix",
 "permalink": "alverix",
 "crunchbase_url": "http://www.crunchbase.com/company/alverix",
 "homepage_url": "http://www.alverix.com",
 "blog_url": "",
 "blog_feed_url": "",
 "twitter_username": null,
 "category_code": "finance",
 "number_of_employees": null,
 "founded_year": null,
 "founded_month": null,
 "founded_day": null,
 "deadpooled_year": null,
 "deadpooled_month": null,
 "deadpooled_day": null,
 "deadpooled_url": null,
 "tag_list": "",
 "alias_list": "",
 "email_address": "",
 "phone_number": "",
 "description": "Handheld reader devices",
 "created_at": "Tue Jan 20 05:57:05 UTC 2009",
 "updated_at": "Wed May 05 00:55:54 UTC 2010",
 "overview": "\u003Cp\u003EAlverix focuses on producing low cost, handheld reader devices with the accuracy and precision of laboratory instrumentation.  The company partners with diagnostic and OEM manufacturers seeking to increase current test accuracy, improve the portability of existing tests, or develop new assays for use in physician offices, laboratory outreach locations, retail clinics, and patient homes.  With strength in product design, product development, and high volume manufacturing, Alverix is leading the transition of diagnostic testing from the laboratory to all locations where immediate results are critical to patient care.\u003C/p\u003E",
 "image":
  {"available_sizes":
    [[[150,
       47],
      "http://api-images.crunchbase.com/assets/images/resized/0003/4306/34306v2-max-150x150.png"],
     [[194,
       61],
      "http://api-images.crunchbase.com/assets/images/resized/0003/4306/34306v2-max-250x250.png"],
     [[194,
       61],
      "http://api-images.crunchbase.com/assets/images/resized/0003/4306/34306v2-max-450x450.png"]],
   "attribution": null},
 "products":
  [],
 "relationships":
  [{"is_past": false,
    "title": "Board Member",
    "person":
     {"first_name": "Gary",
      "last_name": "Kurtzman",
      "permalink": "gary-kurtzman-md"}}],
 "competitions":
  [],
 "providerships":
  [],
 "total_money_raised": "$7.7M",
 "funding_rounds":
  [{"id": 4684,
    "round_code": "a",
    "source_url": "http://venturebeat.com/2008/02/06/h-p-great-grandchild-alverix-raises-77m-for-portable-diagnostic-devices/",
    "source_description": "VentureBeat",
    "raised_amount": 7700000.0,
    "raised_currency_code": "USD",
    "funded_year": 2008,
    "funded_month": 2,
    "funded_day": 6,
    "investments":
     [{"company": null,
       "financial_org":
        {"name": "New Venture Partners",
         "permalink": "new-venture-partners"},
       "person": null},
      {"company":
        {"name": "Safeguard Scientifics",
         "permalink": "safeguard-scientifics"},
       "financial_org": null,
       "person": null}]}],
 "investments":
  [],
 "acquisition":
  {"price_amount": 40000000.0,
   "price_currency_code": "USD",
   "term_code": "cash",
   "source_url": "http://ir.safeguard.com/investor-relations/press-releases/press-release-details/2014/Safeguard-Scientifics-Partner-Company-Alverix-Acquired-by-BD/default.aspx",
   "source_description": "Safeguard Scientifics Partner Company Alverix Acquired by BD",
   "acquired_year": 2014,
   "acquired_month": 1,
   "acquired_day": 7,
   "acquiring_company":
    {"name": "Becton Dickinson",
     "permalink": "becton-dickinson"}},
 "acquisitions":
  [],
 "offices":
  [{"description": "",
    "address1": "2590 North First St,",
    "address2": "Suite 100",
    "zip_code": "95131",
    "city": "San Jose",
    "state_code": "CA",
    "country_code": "USA",
    "latitude": 37.385776,
    "longitude": -121.926113}],
 "milestones":
  [],
 "ipo": null,
 "video_embeds":
  [],
 "screenshots":
  [],
 "external_links":
  [],
 "partners":
  []}
