{"name": "AlwaysOnVacation",
 "permalink": "alwaysonvacation-com",
 "crunchbase_url": "http://www.crunchbase.com/company/alwaysonvacation-com",
 "homepage_url": "http://www.alwaysonvacation.com",
 "blog_url": "http://www.alwaysonvacation.com/blog/",
 "blog_feed_url": "",
 "twitter_username": "AOVInc",
 "category_code": "travel",
 "number_of_employees": 200,
 "founded_year": 2006,
 "founded_month": null,
 "founded_day": null,
 "deadpooled_year": null,
 "deadpooled_month": null,
 "deadpooled_day": null,
 "deadpooled_url": null,
 "tag_list": "travel, vacation-rental, hotels, vacations, holiday-homes, guest-houses, cabins, beach-houses",
 "alias_list": null,
 "email_address": "info@alwaysonvacation.com",
 "phone_number": "(925) 965-2621",
 "description": "Global Vacation Rental Marketplace",
 "created_at": "Wed Dec 10 12:42:06 UTC 2008",
 "updated_at": "Fri Aug 09 09:33:01 UTC 2013",
 "overview": "\u003Cp\u003EAlwaysOnVacation strives to be the best place on earth to find the perfect vacation rental and hosted rental properties. We operate our AlwaysOnVacation brand in 16 languages and global markets with over 65,000 vacation rentals across 120 countries! Our exclusive matching technology searches hundreds of amenities to find you a rental property that meets your every need. AlwaysOnVacation also provides you the advantage of booking direct with the property owner. \u003C/p\u003E\n\n\u003Cp\u003EIf you own a vacation rental or hosted rental, we want to make the process of renting your vacation property as seamless as possible. We\u2019ve created the most extensive owner section on the web with everything you need to professionally manage your rental. And our listing service is designed to take you through the process of creating a detailed description of your property that rivals all other listing service descriptions. We know the importance of a good description. It is your most important selling tool and when done to perfection, it will help you meet the expectations of your guests and create lifelong relationships.\u003C/p\u003E",
 "image":
  {"available_sizes":
    [[[150,
       142],
      "http://api-images.crunchbase.com/assets/images/resized/0005/7133/57133v10-max-150x150.jpg"],
     [[250,
       236],
      "http://api-images.crunchbase.com/assets/images/resized/0005/7133/57133v10-max-250x250.jpg"],
     [[269,
       255],
      "http://api-images.crunchbase.com/assets/images/resized/0005/7133/57133v10-max-450x450.jpg"]],
   "attribution": null},
 "products":
  [],
 "relationships":
  [{"is_past": false,
    "title": "President \u0026 CEO, Founder",
    "person":
     {"first_name": "Jeffrey",
      "last_name": "Isdo",
      "permalink": "jeffrey-isdo"}},
   {"is_past": false,
    "title": "Vice President of Engineering",
    "person":
     {"first_name": "David",
      "last_name": "Chen",
      "permalink": "david-chen-8"}},
   {"is_past": false,
    "title": "Architect \u0026 Lead - User Interface",
    "person":
     {"first_name": "Sauravh",
      "last_name": "Singh",
      "permalink": "sauravh-singh"}},
   {"is_past": true,
    "title": "Vice President of Sales",
    "person":
     {"first_name": "Tyler",
      "last_name": "Jensen",
      "permalink": "tyler-jensen"}}],
 "competitions":
  [{"competitor":
     {"name": "9flats",
      "permalink": "9flats"}},
   {"competitor":
     {"name": "HomeAway",
      "permalink": "homeaway"}},
   {"competitor":
     {"name": "Airbnb",
      "permalink": "airbnb"}},
   {"competitor":
     {"name": "FlipKey",
      "permalink": "flipkey"}},
   {"competitor":
     {"name": "Second Porch",
      "permalink": "second-porch"}},
   {"competitor":
     {"name": "VRBO",
      "permalink": "vrbo"}},
   {"competitor":
     {"name": "Wimdu",
      "permalink": "wimdu"}}],
 "providerships":
  [],
 "total_money_raised": "$0",
 "funding_rounds":
  [],
 "investments":
  [],
 "acquisition": null,
 "acquisitions":
  [],
 "offices":
  [{"description": "World Headquarters",
    "address1": "",
    "address2": "",
    "zip_code": "94583",
    "city": "San Ramon",
    "state_code": "CA",
    "country_code": "USA",
    "latitude": null,
    "longitude": null}],
 "milestones":
  [],
 "ipo": null,
 "video_embeds":
  [],
 "screenshots":
  [],
 "external_links":
  [{"external_url": "http://www.facebook.com/AlwaysOnVacation",
    "title": "AlwaysOnVacation Facebook"},
   {"external_url": "http://www.linkedin.com/company/alwaysonvacation-inc",
    "title": "AlwaysOnVacation LinkedIn"},
   {"external_url": "https://twitter.com/AOVInc",
    "title": "AlwaysOnVacation Twitter"},
   {"external_url": "https://plus.google.com/u/0/108139331218764502129/posts",
    "title": "AlwaysOnVacation Google+"},
   {"external_url": "http://alwaysonvacationus.tumblr.com/",
    "title": "AlwaysOnVacation Tumblr"},
   {"external_url": "http://www.youtube.com/channel/UCIEwrU2xlObg05Lf-spt_3g",
    "title": "AlwaysOnVacation Youtube"}],
 "partners":
  []}
