{"name": "Amandustechnologies",
 "permalink": "amandustechnologies",
 "crunchbase_url": "http://www.crunchbase.com/company/amandustechnologies",
 "homepage_url": "http://www.amandustechnologies.com",
 "blog_url": "http://www.amandustechnologies.com/blogs",
 "blog_feed_url": "",
 "twitter_username": null,
 "category_code": "consulting",
 "number_of_employees": 10,
 "founded_year": 2008,
 "founded_month": 10,
 "founded_day": 1,
 "deadpooled_year": null,
 "deadpooled_month": null,
 "deadpooled_day": null,
 "deadpooled_url": null,
 "tag_list": "software-testing, independent-software-testing, it-contractor, process-consulting",
 "alias_list": null,
 "email_address": "soni@amandustechnologies.com",
 "phone_number": "1(415)-944-1435",
 "description": "software-testing service consultant ",
 "created_at": "Fri Jun 12 13:48:38 UTC 2009",
 "updated_at": "Sat Jun 13 02:56:54 UTC 2009",
 "overview": "\u003Cp\u003EWe are professional software testing engineers with Avg. 10+ years of software testing experience in managing release of world class products. List of common reasons why Testing and Release projects to be granted to us:\n# Lower costs due to economies of scale.\n# Ability to concentrate on core functions.\n# Higher quality service due to focus on software testing by Testing Associates.\n# Improved internal management disciplines resulting from the exercise itself.\n# Less dependency upon internal resources.\n# Control of budget.\n# Faster setup of the function or service.\n# Lower ongoing investment required in internal infrastructure.\n# Increase flexibility to meet changing business conditions.\n# Purchase of industry best practice.\u003C/p\u003E",
 "image": null,
 "products":
  [],
 "relationships":
  [],
 "competitions":
  [],
 "providerships":
  [],
 "total_money_raised": "$0",
 "funding_rounds":
  [],
 "investments":
  [],
 "acquisition": null,
 "acquisitions":
  [],
 "offices":
  [],
 "milestones":
  [],
 "ipo": null,
 "video_embeds":
  [],
 "screenshots":
  [],
 "external_links":
  [],
 "partners":
  []}
