{"name": "10-20 Media",
 "permalink": "10-20-media",
 "crunchbase_url": "http://www.crunchbase.com/company/10-20-media",
 "homepage_url": "http://www.10-20media.com",
 "blog_url": "",
 "blog_feed_url": "",
 "twitter_username": null,
 "category_code": "ecommerce",
 "number_of_employees": null,
 "founded_year": 2001,
 "founded_month": null,
 "founded_day": null,
 "deadpooled_year": null,
 "deadpooled_month": null,
 "deadpooled_day": null,
 "deadpooled_url": null,
 "tag_list": "",
 "alias_list": "",
 "email_address": "",
 "phone_number": "410-916-6194",
 "description": "Home and Garden Technology",
 "created_at": "Tue Mar 30 22:23:42 UTC 2010",
 "updated_at": "Thu Feb 27 13:59:05 UTC 2014",
 "overview": "\u003Cp\u003E10-20 Media, Inc. operates online marketplaces for publishers, businesses, and brands. It provides a vertical marketplace platform that provides search solutions for local products and services, relevant content, and local business listings in the categories of home furnishings, home improvement services, and lawn and garden products and services. The company also offers a local advertising platform that enables businesses to place advertising messages in front of online home and garden audiences in the research mode. In addition, it provides a platform for brands to deliver product information to researching consumers with virtual product tags and product collections. Further, the company offers vertical search solutions for the Websites of newspapers, magazines, and television stations, as well as for specialty Websites. Furthermore, it provides Web design services for developing new Websites, refreshing existing Websites, campaign pages, online videos, and logo designs. 10-20 Media, Inc. was founded in 2001 and is based in Woodbine, Maryland.\u003C/p\u003E",
 "image":
  {"available_sizes":
    [[[150,
       50],
      "http://api-images.crunchbase.com/assets/images/resized/0008/2479/82479v1-max-150x150.png"],
     [[250,
       83],
      "http://api-images.crunchbase.com/assets/images/resized/0008/2479/82479v1-max-250x250.png"],
     [[272,
       91],
      "http://api-images.crunchbase.com/assets/images/resized/0008/2479/82479v1-max-450x450.png"]],
   "attribution": null},
 "products":
  [],
 "relationships":
  [],
 "competitions":
  [],
 "providerships":
  [],
 "total_money_raised": "$2.05M",
 "funding_rounds":
  [{"id": 13618,
    "round_code": "debt_round",
    "source_url": "http://www.sec.gov/Archives/edgar/data/1460764/000146076410000001/xslFormDX01/primary_doc.xml",
    "source_description": "SEC D",
    "raised_amount": 250000.0,
    "raised_currency_code": "USD",
    "funded_year": 2010,
    "funded_month": 3,
    "funded_day": 30,
    "investments":
     []},
   {"id": 48586,
    "round_code": "debt_round",
    "source_url": "http://www.sec.gov/Archives/edgar/data/1460764/000146076411000003/xslFormDX01/primary_doc.xml",
    "source_description": "SEC",
    "raised_amount": 500000.0,
    "raised_currency_code": "USD",
    "funded_year": 2011,
    "funded_month": 12,
    "funded_day": 28,
    "investments":
     []},
   {"id": 56473,
    "round_code": "debt_round",
    "source_url": "http://www.sec.gov/Archives/edgar/data/1460764/000146076411000001/xslFormDX01/primary_doc.xml",
    "source_description": "SEC",
    "raised_amount": 800000.0,
    "raised_currency_code": "USD",
    "funded_year": 2011,
    "funded_month": 1,
    "funded_day": 11,
    "investments":
     []},
   {"id": 66821,
    "round_code": "debt_round",
    "source_url": "http://www.sec.gov/Archives/edgar/data/1460764/000146076409000003/xslFormDX01/primary_doc.xml",
    "source_description": "SEC",
    "raised_amount": 500000.0,
    "raised_currency_code": "USD",
    "funded_year": 2009,
    "funded_month": 6,
    "funded_day": 18,
    "investments":
     []}],
 "investments":
  [],
 "acquisition": null,
 "acquisitions":
  [],
 "offices":
  [{"description": "",
    "address1": "16005 Frederick Road",
    "address2": "",
    "zip_code": "21797",
    "city": "Woodbine",
    "state_code": "MD",
    "country_code": "USA",
    "latitude": null,
    "longitude": null}],
 "milestones":
  [],
 "ipo": null,
 "video_embeds":
  [],
 "screenshots":
  [],
 "external_links":
  [],
 "partners":
  []}
