{"name": "100e.com",
 "permalink": "100e-com",
 "crunchbase_url": "http://www.crunchbase.com/company/100e-com",
 "homepage_url": "http://www.100e.com",
 "blog_url": "",
 "blog_feed_url": "",
 "twitter_username": null,
 "category_code": "education",
 "number_of_employees": null,
 "founded_year": null,
 "founded_month": null,
 "founded_day": null,
 "deadpooled_year": null,
 "deadpooled_month": null,
 "deadpooled_day": null,
 "deadpooled_url": null,
 "tag_list": "",
 "alias_list": "",
 "email_address": "info@100e.com",
 "phone_number": "010-68457998",
 "description": "",
 "created_at": "Tue Apr 06 13:29:02 UTC 2010",
 "updated_at": "Tue Apr 06 13:42:49 UTC 2010",
 "overview": "\u003Cp\u003E100e.com owns and operates an online language learning and communication platform. The company is based in Beijing, China.\u003C/p\u003E",
 "image":
  {"available_sizes":
    [[[150,
       38],
      "http://api-images.crunchbase.com/assets/images/resized/0008/2985/82985v1-max-150x150.jpg"],
     [[217,
       56],
      "http://api-images.crunchbase.com/assets/images/resized/0008/2985/82985v1-max-250x250.jpg"],
     [[217,
       56],
      "http://api-images.crunchbase.com/assets/images/resized/0008/2985/82985v1-max-450x450.jpg"]],
   "attribution": null},
 "products":
  [],
 "relationships":
  [],
 "competitions":
  [],
 "providerships":
  [],
 "total_money_raised": "$3M",
 "funding_rounds":
  [{"id": 13790,
    "round_code": "unattributed",
    "source_url": "",
    "source_description": "EDGAR",
    "raised_amount": 3000000.0,
    "raised_currency_code": "USD",
    "funded_year": 2006,
    "funded_month": null,
    "funded_day": null,
    "investments":
     [{"company": null,
       "financial_org":
        {"name": "iD TechVentures",
         "permalink": "id-techventures"},
       "person": null}]}],
 "investments":
  [],
 "acquisition": null,
 "acquisitions":
  [],
 "offices":
  [{"description": "",
    "address1": "South Road, Haidian District",
    "address2": "Beijing, No. 15, Block B North Fat Building",
    "zip_code": "100088",
    "city": "Beijing",
    "state_code": null,
    "country_code": "CHN",
    "latitude": null,
    "longitude": null}],
 "milestones":
  [],
 "ipo": null,
 "video_embeds":
  [],
 "screenshots":
  [{"available_sizes":
     [[[150,
        98],
       "http://api-images.crunchbase.com/assets/images/resized/0008/2986/82986v1-max-150x150.jpg"],
      [[250,
        163],
       "http://api-images.crunchbase.com/assets/images/resized/0008/2986/82986v1-max-250x250.jpg"],
      [[450,
        294],
       "http://api-images.crunchbase.com/assets/images/resized/0008/2986/82986v1-max-450x450.jpg"]],
    "attribution": null}],
 "external_links":
  [],
 "partners":
  []}
