{"name": "123LinkIt.com",
 "permalink": "123linkit-com",
 "crunchbase_url": "http://www.crunchbase.com/company/123linkit-com",
 "homepage_url": null,
 "blog_url": null,
 "blog_feed_url": null,
 "twitter_username": null,
 "category_code": null,
 "number_of_employees": null,
 "founded_year": null,
 "founded_month": null,
 "founded_day": null,
 "deadpooled_year": null,
 "deadpooled_month": null,
 "deadpooled_day": null,
 "deadpooled_url": null,
 "tag_list": "technology, affiliate-marketing",
 "alias_list": null,
 "email_address": null,
 "phone_number": null,
 "description": null,
 "created_at": "Fri Mar 26 18:37:32 UTC 2010",
 "updated_at": "Tue Dec 06 13:13:02 UTC 2011",
 "overview": "\u003Cp\u003E123LinkIt\u0026#8217;s mission is to help bloggers make more money effortlessly. We allow any blogger to become an affiliate and build a passive income stream without having to know the ins and outs of affiliate marketing. With less than a minute of installation time required, our free software enables bloggers to focus on writing their content and building their communities while we take care of all the technical, operational and financial tasks. Each time a visitor purchases an item from a 123LinkIt affiliate link, the blogger gets paid. The more sales the blogger receives, the more revenue they earn.\u003C/p\u003E\n\n\u003Cp\u003E123LinkIt is a small, self-funded startup based out of the suburbs of Pennsylvania. Our first plugin is for the WordPress.org platform. Upcoming releases include Blogger and TypePad.\u003C/p\u003E",
 "image":
  {"available_sizes":
    [[[150,
       31],
      "http://api-images.crunchbase.com/assets/images/resized/0008/1973/81973v2-max-150x150.png"],
     [[250,
       52],
      "http://api-images.crunchbase.com/assets/images/resized/0008/1973/81973v2-max-250x250.png"],
     [[450,
       93],
      "http://api-images.crunchbase.com/assets/images/resized/0008/1973/81973v2-max-450x450.png"]],
   "attribution": null},
 "products":
  [],
 "relationships":
  [{"is_past": false,
    "title": "Founder and CEO",
    "person":
     {"first_name": "Yasmine",
      "last_name": "Mustafa",
      "permalink": "yasmine-mustafa"}},
   {"is_past": true,
    "title": "CTO",
    "person":
     {"first_name": "Alex",
      "last_name": "Tandrau",
      "permalink": "alex-tandrau"}},
   {"is_past": true,
    "title": "",
    "person":
     {"first_name": "Anant",
      "last_name": "Singh",
      "permalink": "anant-singh"}}],
 "competitions":
  [],
 "providerships":
  [],
 "total_money_raised": "$0",
 "funding_rounds":
  [],
 "investments":
  [],
 "acquisition":
  {"price_amount": null,
   "price_currency_code": "USD",
   "term_code": null,
   "source_url": "http://www.prnewswire.com/news-releases/b2b-content-syndication-network-netline-corporation-acquires-123linkitcom-135082518.html",
   "source_description": "B2B Content Syndication Network NetLine Corporation Acquires 123LinkIt.com",
   "acquired_year": 2011,
   "acquired_month": 12,
   "acquired_day": 6,
   "acquiring_company":
    {"name": "NetLine",
     "permalink": "netline"}},
 "acquisitions":
  [],
 "offices":
  [],
 "milestones":
  [],
 "ipo": null,
 "video_embeds":
  [],
 "screenshots":
  [],
 "external_links":
  [],
 "partners":
  []}
