{"name": "123sonography",
 "permalink": "123sonography",
 "crunchbase_url": "http://www.crunchbase.com/company/123sonography",
 "homepage_url": "http://www.123sonography.com",
 "blog_url": "http://www.123sonography.com",
 "blog_feed_url": "http://www.123sonography.com/echocardiography/blog/feed/",
 "twitter_username": "123sonography",
 "category_code": "other",
 "number_of_employees": 2,
 "founded_year": 2010,
 "founded_month": 1,
 "founded_day": 14,
 "deadpooled_year": null,
 "deadpooled_month": null,
 "deadpooled_day": null,
 "deadpooled_url": null,
 "tag_list": "e-learning, teaching, university, cardiology, echocardiography, ultrasound, medical-doctors, medicine, health",
 "alias_list": null,
 "email_address": "franz.wiesbauer@meduniwien.ac.at",
 "phone_number": "+436767485533",
 "description": "ultrasound e-learning company",
 "created_at": "Sat Jun 12 13:13:30 UTC 2010",
 "updated_at": "Tue Jun 15 00:06:37 UTC 2010",
 "overview": "\u003Cp\u003E123sonography provides interactive teaching content to medical doctors, students and sonographers who want to learn echocardiography (ultrasound of the heart) or other ultrasound techniques. The content is produced in cooperation with the Medical University of Vienna. The company was founded by two Austrian cardiologists, namely, Thomas Binder and Franz Wiesbauer. The offered e-learning courses will be accredited by international cardiology societies. Doctors have a tight schedule, e-learning offers a flexible opportunity for self study. 123sonography strives to make learning fun and interactive.\u003C/p\u003E",
 "image":
  {"available_sizes":
    [[[150,
       46],
      "http://api-images.crunchbase.com/assets/images/resized/0009/0362/90362v2-max-150x150.jpg"],
     [[250,
       78],
      "http://api-images.crunchbase.com/assets/images/resized/0009/0362/90362v2-max-250x250.jpg"],
     [[450,
       140],
      "http://api-images.crunchbase.com/assets/images/resized/0009/0362/90362v2-max-450x450.jpg"]],
   "attribution": null},
 "products":
  [],
 "relationships":
  [{"is_past": false,
    "title": "MD",
    "person":
     {"first_name": "Thomas",
      "last_name": "Binder",
      "permalink": "thomas-binder"}},
   {"is_past": false,
    "title": "MD, MPH",
    "person":
     {"first_name": "Frnaz",
      "last_name": "Wiesbauer",
      "permalink": "frnaz-wiesbauer"}}],
 "competitions":
  [],
 "providerships":
  [],
 "total_money_raised": "$0",
 "funding_rounds":
  [],
 "investments":
  [],
 "acquisition": null,
 "acquisitions":
  [],
 "offices":
  [{"description": "",
    "address1": "Tuchlauben 7",
    "address2": "",
    "zip_code": "1010",
    "city": "Vienna",
    "state_code": null,
    "country_code": "AUT",
    "latitude": null,
    "longitude": null}],
 "milestones":
  [],
 "ipo": null,
 "video_embeds":
  [],
 "screenshots":
  [{"available_sizes":
     [[[150,
        84],
       "http://api-images.crunchbase.com/assets/images/resized/0009/0361/90361v2-max-150x150.png"],
      [[250,
        140],
       "http://api-images.crunchbase.com/assets/images/resized/0009/0361/90361v2-max-250x250.png"],
      [[450,
        253],
       "http://api-images.crunchbase.com/assets/images/resized/0009/0361/90361v2-max-450x450.png"]],
    "attribution": null}],
 "external_links":
  [{"external_url": "http://lifeinthefastlane.com/2010/05/123sonography/",
    "title": ""},
   {"external_url": "http://www.turnusarzt.com/-der-woche/34160_unsere-empfehlung-der-woche-123sonographycom",
    "title": ""}],
 "partners":
  []}
