{"name": "12designer",
 "permalink": "12designer",
 "crunchbase_url": "http://www.crunchbase.com/company/12designer",
 "homepage_url": "http://www.12designer.com",
 "blog_url": "http://www.12designer.com/en/blog/",
 "blog_feed_url": "http://www.12designer.com/en/blog/rss.xml/",
 "twitter_username": "12designer_en",
 "category_code": "public_relations",
 "number_of_employees": null,
 "founded_year": 2009,
 "founded_month": null,
 "founded_day": null,
 "deadpooled_year": null,
 "deadpooled_month": null,
 "deadpooled_day": null,
 "deadpooled_url": null,
 "tag_list": "design, creative, prize, contests, start-up, small-business, entrepreneur, logo, flyer, web-design",
 "alias_list": null,
 "email_address": "team@12designer.com",
 "phone_number": "",
 "description": "12designer - Design your day!",
 "created_at": "Tue May 18 09:43:55 UTC 2010",
 "updated_at": "Wed Apr 03 18:43:56 UTC 2013",
 "overview": "\u003Cp\u003E12designer.com is a crowdsourcing portal for creative tasks: naming, slogans, logos, flyers, websites, audio and video clips, among other possibilities.\u003C/p\u003E\n\n\u003Cp\u003EBased in Berlin, it is the European alternative to more popular websites like 99designs, where entrepreneurs, start-ups and small companies find creative solutions to which they decide how much to pay.\u003C/p\u003E\n\n\u003Cp\u003EThe whole process tends to be quite simple and can be described in 3 steps: 1. creation of a project with fixed prize, 2. quality monitoring with feedback rounds, 3. choice of winner and payment.\u003C/p\u003E\n\n\u003Cp\u003E12designer.com also offers money back guarantee. By claiming to trust their community, they will return fees charged for premium projects to dissatisfied clients. A project can also be created free of charges, but with some limitations.\u003C/p\u003E\n\n\u003Cp\u003EDesigners have it not only as a competition platform, but also as a networking alternative, with near to 50% of winning ideas resulting in further contracts, according to their community feedback.\u003C/p\u003E",
 "image":
  {"available_sizes":
    [[[109,
       150],
      "http://api-images.crunchbase.com/assets/images/resized/0008/7546/87546v2-max-150x150.jpg"],
     [[182,
       250],
      "http://api-images.crunchbase.com/assets/images/resized/0008/7546/87546v2-max-250x250.jpg"],
     [[329,
       450],
      "http://api-images.crunchbase.com/assets/images/resized/0008/7546/87546v2-max-450x450.jpg"]],
   "attribution": null},
 "products":
  [],
 "relationships":
  [{"is_past": false,
    "title": "Founder and CEO",
    "person":
     {"first_name": "Eva",
      "last_name": "Missling",
      "permalink": "eva-missling"}}],
 "competitions":
  [{"competitor":
     {"name": "99designs",
      "permalink": "99designs"}},
   {"competitor":
     {"name": "crowdSPRING",
      "permalink": "crowdspring"}},
   {"competitor":
     {"name": "TemplateCloud",
      "permalink": "templatecloud"}}],
 "providerships":
  [],
 "total_money_raised": "$0",
 "funding_rounds":
  [],
 "investments":
  [],
 "acquisition":
  {"price_amount": null,
   "price_currency_code": "USD",
   "term_code": null,
   "source_url": "http://venturebeat.com/2012/08/06/99designs-acquires-12designer/?utm_source=feedburner\u0026utm_medium=feed\u0026utm_campaign=Feed%3A+Venturebeat_deals+%28VentureBeat+%C2%BB+Deals%29",
   "source_description": "99designs acquires its Euro-clone, 12designer",
   "acquired_year": 2012,
   "acquired_month": 8,
   "acquired_day": 6,
   "acquiring_company":
    {"name": "99designs",
     "permalink": "99designs"}},
 "acquisitions":
  [],
 "offices":
  [{"description": "12designer GmbH",
    "address1": "Schlesische Stra\u00c3\u0178e 29-30",
    "address2": "",
    "zip_code": "10997",
    "city": "Berlin",
    "state_code": null,
    "country_code": "DEU",
    "latitude": null,
    "longitude": null}],
 "milestones":
  [],
 "ipo": null,
 "video_embeds":
  [],
 "screenshots":
  [{"available_sizes":
     [[[150,
        104],
       "http://api-images.crunchbase.com/assets/images/resized/0008/7545/87545v2-max-150x150.jpg"],
      [[250,
        174],
       "http://api-images.crunchbase.com/assets/images/resized/0008/7545/87545v2-max-250x250.jpg"],
      [[450,
        313],
       "http://api-images.crunchbase.com/assets/images/resized/0008/7545/87545v2-max-450x450.jpg"]],
    "attribution": null}],
 "external_links":
  [],
 "partners":
  []}
