{"name": "1882QPR",
 "permalink": "1882qpr",
 "crunchbase_url": "http://www.crunchbase.com/company/1882qpr",
 "homepage_url": "http://www.1882qpr.com",
 "blog_url": "",
 "blog_feed_url": "",
 "twitter_username": "1882qpr",
 "category_code": "public_relations",
 "number_of_employees": 6,
 "founded_year": 2010,
 "founded_month": 3,
 "founded_day": 20,
 "deadpooled_year": null,
 "deadpooled_month": null,
 "deadpooled_day": null,
 "deadpooled_url": null,
 "tag_list": "",
 "alias_list": null,
 "email_address": "",
 "phone_number": "",
 "description": "Football Fans Social Networks",
 "created_at": "Tue Mar 30 19:27:14 UTC 2010",
 "updated_at": "Tue Mar 30 19:33:20 UTC 2010",
 "overview": "",
 "image":
  {"available_sizes":
    [[[150,
       115],
      "http://api-images.crunchbase.com/assets/images/resized/0008/2442/82442v2-max-150x150.png"],
     [[250,
       192],
      "http://api-images.crunchbase.com/assets/images/resized/0008/2442/82442v2-max-250x250.png"],
     [[440,
       339],
      "http://api-images.crunchbase.com/assets/images/resized/0008/2442/82442v2-max-450x450.png"]],
   "attribution": null},
 "products":
  [],
 "relationships":
  [],
 "competitions":
  [],
 "providerships":
  [],
 "total_money_raised": "$0",
 "funding_rounds":
  [],
 "investments":
  [],
 "acquisition": null,
 "acquisitions":
  [],
 "offices":
  [],
 "milestones":
  [],
 "ipo": null,
 "video_embeds":
  [],
 "screenshots":
  [],
 "external_links":
  [],
 "partners":
  []}
