{"name": "1977 Mopeds",
 "permalink": "1977-mopeds",
 "crunchbase_url": "http://www.crunchbase.com/company/1977-mopeds",
 "homepage_url": "http://www.1977mopeds.com",
 "blog_url": "http://www.1977mopeds.com/blog",
 "blog_feed_url": "",
 "twitter_username": "1977mopeds",
 "category_code": "other",
 "number_of_employees": 3,
 "founded_year": 2003,
 "founded_month": null,
 "founded_day": null,
 "deadpooled_year": null,
 "deadpooled_month": null,
 "deadpooled_day": null,
 "deadpooled_url": null,
 "tag_list": "moped, powersports, mofa, transportation",
 "alias_list": null,
 "email_address": "info@1977mopeds.com",
 "phone_number": "800.965.1977",
 "description": "North America's Moped Experts",
 "created_at": "Sat May 22 22:34:23 UTC 2010",
 "updated_at": "Tue Nov 16 15:32:52 UTC 2010",
 "overview": "\u003Cp\u003E1977 Mopeds was founded to supply parts to a growing moped cultural movement called Moped Army.  It was founded in Kalamazoo Michigan, the then hotbed of mopeds in the United States.\u003C/p\u003E\n\n\u003Cp\u003EIt has since grown to be the largest retailer of mopeds and moped parts for the North American market.  \u003C/p\u003E\n\n\u003Cp\u003ERecently closing it\u0026#8217;s brick and mortar retail store in San Francisco, 1977 Mopeds is focusing on expanding its online presence, and supporting the national market it has grown.\u003C/p\u003E",
 "image":
  {"available_sizes":
    [[[150,
       59],
      "http://api-images.crunchbase.com/assets/images/resized/0008/8506/88506v2-max-150x150.png"],
     [[176,
       70],
      "http://api-images.crunchbase.com/assets/images/resized/0008/8506/88506v2-max-250x250.png"],
     [[176,
       70],
      "http://api-images.crunchbase.com/assets/images/resized/0008/8506/88506v2-max-450x450.png"]],
   "attribution": null},
 "products":
  [],
 "relationships":
  [{"is_past": false,
    "title": "CEO, Founder",
    "person":
     {"first_name": "Daniel",
      "last_name": "Kastner",
      "permalink": "daniel-kastner"}},
   {"is_past": false,
    "title": "Technical Lead",
    "person":
     {"first_name": "Caleb",
      "last_name": "Larsen",
      "permalink": "caleb-larsen"}},
   {"is_past": true,
    "title": "Co-owner, President",
    "person":
     {"first_name": "Patrick",
      "last_name": "Tuner",
      "permalink": "patrick-tuner"}}],
 "competitions":
  [],
 "providerships":
  [],
 "total_money_raised": "$0",
 "funding_rounds":
  [],
 "investments":
  [],
 "acquisition": null,
 "acquisitions":
  [],
 "offices":
  [{"description": "HQ",
    "address1": "2973 16th St.",
    "address2": "",
    "zip_code": "94103",
    "city": "San Francisco",
    "state_code": "CA",
    "country_code": "USA",
    "latitude": null,
    "longitude": null},
   {"description": "Distribution Center",
    "address1": "6759 Oak Ridge Commerce Way SW",
    "address2": "",
    "zip_code": "30168",
    "city": "Austell",
    "state_code": "GA",
    "country_code": "USA",
    "latitude": null,
    "longitude": null}],
 "milestones":
  [{"id": 5545,
    "description": "Opened a retail store in Kalamazoo Michigan.",
    "stoned_year": 2003,
    "stoned_month": null,
    "stoned_day": null,
    "source_url": "",
    "source_text": null,
    "source_description": "",
    "stoneable_type": "Company",
    "stoned_value": null,
    "stoned_value_type": null,
    "stoned_acquirer": null,
    "stoneable":
     {"name": "1977 Mopeds",
      "permalink": "1977-mopeds"}},
   {"id": 5546,
    "description": "Moved to a new downtown location on the Kalamazoo walking mall.",
    "stoned_year": 2005,
    "stoned_month": null,
    "stoned_day": null,
    "source_url": "",
    "source_text": null,
    "source_description": "",
    "stoneable_type": "Company",
    "stoned_value": null,
    "stoned_value_type": null,
    "stoned_acquirer": null,
    "stoneable":
     {"name": "1977 Mopeds",
      "permalink": "1977-mopeds"}},
   {"id": 5547,
    "description": "Opened a Chicago Location called Warbux Mopeds",
    "stoned_year": 2006,
    "stoned_month": null,
    "stoned_day": null,
    "source_url": "",
    "source_text": null,
    "source_description": "",
    "stoneable_type": "Company",
    "stoned_value": null,
    "stoned_value_type": null,
    "stoned_acquirer": null,
    "stoneable":
     {"name": "1977 Mopeds",
      "permalink": "1977-mopeds"}},
   {"id": 5548,
    "description": "Redesigned and relaunched the website as the premier online source for moped parts.",
    "stoned_year": 2006,
    "stoned_month": null,
    "stoned_day": null,
    "source_url": "",
    "source_text": null,
    "source_description": "",
    "stoneable_type": "Company",
    "stoned_value": null,
    "stoned_value_type": null,
    "stoned_acquirer": null,
    "stoneable":
     {"name": "1977 Mopeds",
      "permalink": "1977-mopeds"}},
   {"id": 5549,
    "description": "Expansion to the West Coast.  Opens a San Francisco warehouse.",
    "stoned_year": 2007,
    "stoned_month": null,
    "stoned_day": null,
    "source_url": "",
    "source_text": null,
    "source_description": "",
    "stoneable_type": "Company",
    "stoned_value": null,
    "stoned_value_type": null,
    "stoned_acquirer": null,
    "stoneable":
     {"name": "1977 Mopeds",
      "permalink": "1977-mopeds"}},
   {"id": 5550,
    "description": "Acquires Seattle Mopeds.  The largest retailer for the Pacific Northwest.",
    "stoned_year": 2008,
    "stoned_month": null,
    "stoned_day": null,
    "source_url": "",
    "source_text": null,
    "source_description": "",
    "stoneable_type": "Company",
    "stoned_value": null,
    "stoned_value_type": null,
    "stoned_acquirer": null,
    "stoneable":
     {"name": "1977 Mopeds",
      "permalink": "1977-mopeds"}}],
 "ipo": null,
 "video_embeds":
  [],
 "screenshots":
  [{"available_sizes":
     [[[150,
        114],
       "http://api-images.crunchbase.com/assets/images/resized/0008/8507/88507v2-max-150x150.tiff"],
      [[250,
        190],
       "http://api-images.crunchbase.com/assets/images/resized/0008/8507/88507v2-max-250x250.tiff"],
      [[450,
        342],
       "http://api-images.crunchbase.com/assets/images/resized/0008/8507/88507v2-max-450x450.tiff"]],
    "attribution": null}],
 "external_links":
  [{"external_url": "http://hphotos-snc3.fbcdn.net/hs063.snc3/13070_190228874650_8822024650_2758069_1217442_n.jpg",
    "title": "Wired Magazine -2009"},
   {"external_url": "http://www.vaporsmagazine.com/2008/07/peddy-cash-chicagos-ruling-class/",
    "title": "Vapors Magazine -2008"},
   {"external_url": "http://jalopnik.com/5481416/dont-bury-kevin-roses-custom-moped",
    "title": "Kevin Rose's Moped -2010"}],
 "partners":
  []}
