{"name": "1Ago",
 "permalink": "1ago",
 "crunchbase_url": "http://www.crunchbase.com/company/1ago",
 "homepage_url": "http://www.1ago.be",
 "blog_url": "",
 "blog_feed_url": "",
 "twitter_username": "1Ago",
 "category_code": "network_hosting",
 "number_of_employees": 1,
 "founded_year": 2009,
 "founded_month": 11,
 "founded_day": 9,
 "deadpooled_year": null,
 "deadpooled_month": null,
 "deadpooled_day": null,
 "deadpooled_url": null,
 "tag_list": "webhosting, hosting, e-services, vps, dedicated, servers",
 "alias_list": null,
 "email_address": "mail@1ago.be",
 "phone_number": "+32 475 81 79 75",
 "description": "Webhosting \u0026 E-Services",
 "created_at": "Sun Mar 14 21:17:39 UTC 2010",
 "updated_at": "Sat Aug 06 12:40:31 UTC 2011",
 "overview": "\u003Cp\u003E1Ago is a young company. Founded in 2009 and offering e-services. Specialised in managed hosting, virtual servers and dedicated servers. \u003C/p\u003E\n\n\u003Cp\u003ETheir solutions are maintained with a careful approach. That way they can maintain a perfect uptime and offer you a perfect Internet experience. \u003C/p\u003E",
 "image":
  {"available_sizes":
    [[[150,
       85],
      "http://api-images.crunchbase.com/assets/images/resized/0008/0285/80285v2-max-150x150.jpg"],
     [[250,
       143],
      "http://api-images.crunchbase.com/assets/images/resized/0008/0285/80285v2-max-250x250.jpg"],
     [[450,
       257],
      "http://api-images.crunchbase.com/assets/images/resized/0008/0285/80285v2-max-450x450.jpg"]],
   "attribution": null},
 "products":
  [],
 "relationships":
  [],
 "competitions":
  [],
 "providerships":
  [],
 "total_money_raised": "$0",
 "funding_rounds":
  [],
 "investments":
  [],
 "acquisition": null,
 "acquisitions":
  [],
 "offices":
  [{"description": "",
    "address1": "Rijckelstraat 23",
    "address2": "",
    "zip_code": "B-9200",
    "city": "Appels",
    "state_code": null,
    "country_code": "BEL",
    "latitude": null,
    "longitude": null}],
 "milestones":
  [],
 "ipo": null,
 "video_embeds":
  [],
 "screenshots":
  [{"available_sizes":
     [[[150,
        109],
       "http://api-images.crunchbase.com/assets/images/resized/0014/8149/148149v1-max-150x150.jpg"],
      [[250,
        182],
       "http://api-images.crunchbase.com/assets/images/resized/0014/8149/148149v1-max-250x250.jpg"],
      [[450,
        329],
       "http://api-images.crunchbase.com/assets/images/resized/0014/8149/148149v1-max-450x450.jpg"]],
    "attribution": null}],
 "external_links":
  [],
 "partners":
  []}
