{"name": "1Pointe",
 "permalink": "1pointe",
 "crunchbase_url": "http://www.crunchbase.com/company/1pointe",
 "homepage_url": "http://www.1pointe.com",
 "blog_url": "",
 "blog_feed_url": "",
 "twitter_username": null,
 "category_code": "consulting",
 "number_of_employees": 10,
 "founded_year": 2008,
 "founded_month": 5,
 "founded_day": 4,
 "deadpooled_year": null,
 "deadpooled_month": null,
 "deadpooled_day": null,
 "deadpooled_url": null,
 "tag_list": "cloud-computing, it-managed-services, server-management, procurement-services",
 "alias_list": null,
 "email_address": "info@1pointe.com",
 "phone_number": "503-595-5400",
 "description": "1Pointe provides U.S-based outsourced IT",
 "created_at": "Mon Jul 12 12:15:44 UTC 2010",
 "updated_at": "Thu Jul 15 23:46:57 UTC 2010",
 "overview": "\u003Cp\u003E1Pointe provides U.S-based outsourced IT and managed services. 1Pointe sits on your side of the table, help define requirements and responsibilities and work for you to ensure vendor and engineering commitments are realized.\u003C/p\u003E\n\n\u003Cp\u003E1Pointe was founded in May of 2005 by John Robb.  John graduated from the University of Oregon in 1996 with degrees in Political Science and Business Administration, and holds several industry accreditations including a CISA (Certified Information Systems Auditor) certification from the ISACA (ISACA.org).\u003C/p\u003E",
 "image":
  {"available_sizes":
    [[[150,
       51],
      "http://api-images.crunchbase.com/assets/images/resized/0009/3013/93013v2-max-150x150.jpg"],
     [[250,
       85],
      "http://api-images.crunchbase.com/assets/images/resized/0009/3013/93013v2-max-250x250.jpg"],
     [[332,
       114],
      "http://api-images.crunchbase.com/assets/images/resized/0009/3013/93013v2-max-450x450.jpg"]],
   "attribution": null},
 "products":
  [],
 "relationships":
  [],
 "competitions":
  [{"competitor":
     {"name": "DirectPointe",
      "permalink": "directpointe"}}],
 "providerships":
  [],
 "total_money_raised": "$0",
 "funding_rounds":
  [],
 "investments":
  [],
 "acquisition": null,
 "acquisitions":
  [],
 "offices":
  [{"description": "1Pointe, Inc.",
    "address1": "4850 SW Scholls Ferry Rd.",
    "address2": "Suite 302",
    "zip_code": "97225",
    "city": "Portland",
    "state_code": "OR",
    "country_code": "USA",
    "latitude": null,
    "longitude": null}],
 "milestones":
  [],
 "ipo": null,
 "video_embeds":
  [],
 "screenshots":
  [{"available_sizes":
     [[[150,
        77],
       "http://api-images.crunchbase.com/assets/images/resized/0009/3012/93012v2-max-150x150.jpg"],
      [[250,
        129],
       "http://api-images.crunchbase.com/assets/images/resized/0009/3012/93012v2-max-250x250.jpg"],
      [[450,
        232],
       "http://api-images.crunchbase.com/assets/images/resized/0009/3012/93012v2-max-450x450.jpg"]],
    "attribution": null}],
 "external_links":
  [],
 "partners":
  []}
