{"name": "1Ring",
 "permalink": "1ring",
 "crunchbase_url": "http://www.crunchbase.com/company/1ring",
 "homepage_url": "http://www.1ring.com",
 "blog_url": "",
 "blog_feed_url": "",
 "twitter_username": "1ringcom",
 "category_code": "web",
 "number_of_employees": 6,
 "founded_year": 2009,
 "founded_month": 5,
 "founded_day": null,
 "deadpooled_year": null,
 "deadpooled_month": null,
 "deadpooled_day": null,
 "deadpooled_url": null,
 "tag_list": "mobile, mobile-advertising, radio, newspaper, magazine, outdoor-advertising, marketing, h-farm, start-up, television, contest, gaming",
 "alias_list": null,
 "email_address": "askme@1ring.com",
 "phone_number": "",
 "description": "Your databank on the go",
 "created_at": "Thu Apr 29 11:22:00 UTC 2010",
 "updated_at": "Thu Aug 04 20:11:10 UTC 2011",
 "overview": "\u003Cp\u003EBased on an already existing technology, 1ring is a platform for saving and delivering information in a fast, free and easy way. 1ring is the meeting point between the real and the digital world, a simple tool that allows everyone to store their real-life discoveries online even when they are offline.\u003C/p\u003E\n\n\u003Cp\u003E1ring was founded in December 2009 and at the end of 2010 it received investments from H-Farm, the technology incubator. \u003C/p\u003E\n\n\u003Cp\u003E1ring is a new media, born to deliver structured information anytime, anywhere and in any language, therefore giving new life to print, radio, television and outdoor content distribution. \u003C/p\u003E\n\n\u003Cp\u003E1ring creates a virtual space to collect and store everything that catches our attention. \u003C/p\u003E\n\n\u003Cp\u003EOn the one hand, 1ring allows the consumer to obtain and store only on demand information, on the other hand it provides companies the certainty of having communicated effectively.\u003C/p\u003E\n\n\u003Cp\u003EMany contents can be delivered via 1ring numbers: hyperlinks, texts, images, business cards and much more.\u003C/p\u003E\n\n\u003Cp\u003E1ring numbers have several possible application fields: TV gaming and contest, bus tracking, print magazines, tourism, real estate, event organization and so on.\u003C/p\u003E",
 "image":
  {"available_sizes":
    [[[150,
       57],
      "http://api-images.crunchbase.com/assets/images/resized/0008/5324/85324v5-max-150x150.jpg"],
     [[178,
       68],
      "http://api-images.crunchbase.com/assets/images/resized/0008/5324/85324v5-max-250x250.jpg"],
     [[178,
       68],
      "http://api-images.crunchbase.com/assets/images/resized/0008/5324/85324v5-max-450x450.jpg"]],
   "attribution": null},
 "products":
  [],
 "relationships":
  [],
 "competitions":
  [],
 "providerships":
  [],
 "total_money_raised": "$0",
 "funding_rounds":
  [{"id": 23642,
    "round_code": "unattributed",
    "source_url": "http://www.finsmes.com/2011/02/1ring-receives-investment-from-h-farm.html",
    "source_description": "1ring Receives Investment from H-Farm",
    "raised_amount": null,
    "raised_currency_code": null,
    "funded_year": 2011,
    "funded_month": 2,
    "funded_day": 21,
    "investments":
     [{"company":
        {"name": "H-FARM Ventures",
         "permalink": "h-farm"},
       "financial_org": null,
       "person": null}]}],
 "investments":
  [],
 "acquisition": null,
 "acquisitions":
  [],
 "offices":
  [],
 "milestones":
  [],
 "ipo": null,
 "video_embeds":
  [{"embed_code": "\u003Ciframe src=\"http://player.vimeo.com/video/10358801?title=0\u0026amp;byline=0\u0026amp;portrait=0\" width=\"400\" height=\"225\" frameborder=\"0\"\u003E\u003C/iframe\u003E",
    "description": ""}],
 "screenshots":
  [{"available_sizes":
     [[[150,
        94],
       "http://api-images.crunchbase.com/assets/images/resized/0012/3184/123184v1-max-150x150.jpg"],
      [[250,
        157],
       "http://api-images.crunchbase.com/assets/images/resized/0012/3184/123184v1-max-250x250.jpg"],
      [[450,
        283],
       "http://api-images.crunchbase.com/assets/images/resized/0012/3184/123184v1-max-450x450.jpg"]],
    "attribution": null}],
 "external_links":
  [],
 "partners":
  []}
