{"name": "20 QBE Solutions",
 "permalink": "20-qbe-solutions",
 "crunchbase_url": "http://www.crunchbase.com/company/20-qbe-solutions",
 "homepage_url": "http://www.20qbe.com",
 "blog_url": "http://20qbe.com/blog",
 "blog_feed_url": "http://20qbe.com/blog/feed",
 "twitter_username": "20QBE",
 "category_code": "network_hosting",
 "number_of_employees": 10,
 "founded_year": 2009,
 "founded_month": 8,
 "founded_day": 18,
 "deadpooled_year": null,
 "deadpooled_month": null,
 "deadpooled_day": null,
 "deadpooled_url": null,
 "tag_list": "web-design, iphone-application-development, social-media-marketing, online-marketing",
 "alias_list": null,
 "email_address": "contact@20qbe.com",
 "phone_number": "9894154455",
 "description": "A Multi-Service provider Company ",
 "created_at": "Wed May 26 13:03:36 UTC 2010",
 "updated_at": "Sat May 29 00:52:09 UTC 2010",
 "overview": "\u003Cp\u003E20 QBE provides an A-Z solution for all your internet marketing needs, making yout search for internet marketers easy. \u003C/p\u003E\n\n\u003Cp\u003EWe, at  20 QBE are a passionate group of young individuals who desire to create a niche for ourselves in the domain we regard to be are expertise in. That tends to be in the overly crowded World Wide Web and the Internet domain. We help you to be at comfort and ease while your website is artistically designed and care is taken to track every critical detail needed by your client to be made available to them!!\u003C/p\u003E\n\n\u003Cp\u003EMarketing, as all of us are aware of, is one of the critical factor in pursuing your business traditions. Of late, it has mere become a trend to go in for a Search engines than the other conventional knowledge source. As the saying goes \u00e2\u20ac\u02dcThe first impression serves to be the best one\u00e2\u20ac\u2122, your client should be really impressed with the presentability of your products and values. You have to sell your best inputs. We help you realize that your  business website will be one of the potential factors in helping them decide whether to choose you or otherwise your competitor. \u003C/p\u003E",
 "image": null,
 "products":
  [],
 "relationships":
  [{"is_past": false,
    "title": "Founder \u0026 CEO",
    "person":
     {"first_name": "Karthik",
      "last_name": "K",
      "permalink": "karthik-k"}}],
 "competitions":
  [],
 "providerships":
  [],
 "total_money_raised": "$0",
 "funding_rounds":
  [],
 "investments":
  [],
 "acquisition": null,
 "acquisitions":
  [],
 "offices":
  [{"description": "Head Office",
    "address1": "No.6, 4th Floor, Sindur Plaza, 41, Montieth Road, Egmore",
    "address2": "",
    "zip_code": "600008",
    "city": "Chennai",
    "state_code": null,
    "country_code": "IND",
    "latitude": null,
    "longitude": null}],
 "milestones":
  [],
 "ipo": null,
 "video_embeds":
  [],
 "screenshots":
  [],
 "external_links":
  [{"external_url": "http://live.20qbe.com",
    "title": "20 QBE's Live blog"}],
 "partners":
  []}
