{"name": "2020 Social",
 "permalink": "2020-social",
 "crunchbase_url": "http://www.crunchbase.com/company/2020-social",
 "homepage_url": "http://2020social.com",
 "blog_url": "http://2020social.com/category/Blog",
 "blog_feed_url": "http://feeds.feedburner.com/2020Social",
 "twitter_username": "2020social",
 "category_code": "consulting",
 "number_of_employees": 14,
 "founded_year": 2009,
 "founded_month": 6,
 "founded_day": 1,
 "deadpooled_year": null,
 "deadpooled_month": null,
 "deadpooled_day": null,
 "deadpooled_url": null,
 "tag_list": "social-business-consulting, online-communities, advisory, building, engaging",
 "alias_list": null,
 "email_address": "contact@2020social.com",
 "phone_number": "9873141236",
 "description": "Social Business Strategy Advisors",
 "created_at": "Wed Mar 17 10:55:08 UTC 2010",
 "updated_at": "Thu Nov 17 09:40:03 UTC 2011",
 "overview": "\u003Cp\u003E2020 Social is a social business firm that helps clients plan, build and manage online communities.\u003C/p\u003E\n\n\u003Cp\u003EBased in India, 2020 Social has worked with clients including Intel, Dell, Royal Challengers Bangalore, United Spirits Ltd., iJanaagraha\u003C/p\u003E",
 "image":
  {"available_sizes":
    [[[150,
       39],
      "http://api-images.crunchbase.com/assets/images/resized/0008/0666/80666v4-max-150x150.jpg"],
     [[250,
       66],
      "http://api-images.crunchbase.com/assets/images/resized/0008/0666/80666v4-max-250x250.jpg"],
     [[314,
       83],
      "http://api-images.crunchbase.com/assets/images/resized/0008/0666/80666v4-max-450x450.jpg"]],
   "attribution": null},
 "products":
  [],
 "relationships":
  [{"is_past": false,
    "title": "Analyst",
    "person":
     {"first_name": "Ankur",
      "last_name": "Suri",
      "permalink": "ankur-suri"}},
   {"is_past": false,
    "title": "General Manager",
    "person":
     {"first_name": "Narendra",
      "last_name": "Nag",
      "permalink": "narendra-nag"}},
   {"is_past": true,
    "title": "Consulting Director",
    "person":
     {"first_name": "Dave",
      "last_name": "Evans",
      "permalink": "dave-evans"}},
   {"is_past": true,
    "title": "Consultant",
    "person":
     {"first_name": "Kaushal",
      "last_name": "Sarda",
      "permalink": "kaushal-sarda-2"}},
   {"is_past": true,
    "title": "Associate Consultant",
    "person":
     {"first_name": "Karthick",
      "last_name": "Gopal",
      "permalink": "karthick-gopal"}},
   {"is_past": true,
    "title": "Consultant",
    "person":
     {"first_name": "Gautam",
      "last_name": "Ghosh",
      "permalink": "gautam-ghosh"}},
   {"is_past": true,
    "title": "Consultant",
    "person":
     {"first_name": "Upasana",
      "last_name": "Taku",
      "permalink": "upasana-taku"}},
   {"is_past": true,
    "title": "Project Manager",
    "person":
     {"first_name": "Neeraj",
      "last_name": "Kumar",
      "permalink": "neeraj-kumar-3"}}],
 "competitions":
  [],
 "providerships":
  [],
 "total_money_raised": "$0",
 "funding_rounds":
  [],
 "investments":
  [],
 "acquisition":
  {"price_amount": null,
   "price_currency_code": "USD",
   "term_code": null,
   "source_url": "http://www.prnewswire.com/news-releases/publicis-groupe-to-acquire-2020-media-2020social-in-india-and-establish-mslgroup-india---indias-leader-in-pr-social-media-and-specialty-communications-services-104134578.html",
   "source_description": "Publicis Groupe to Acquire 20:20 Media, 2020Social in India and Establish MS\u0026LGROUP India - India's Leader in PR, Social Media and Specialty Communications Services ",
   "acquired_year": 2010,
   "acquired_month": 10,
   "acquired_day": 1,
   "acquiring_company":
    {"name": "Publicis Groupe",
     "permalink": "publicis-groupe"}},
 "acquisitions":
  [],
 "offices":
  [{"description": "HQ",
    "address1": "AB1, First Floor",
    "address2": "Safdarjung Enclave",
    "zip_code": "110029",
    "city": "New Delhi",
    "state_code": null,
    "country_code": "IND",
    "latitude": null,
    "longitude": null}],
 "milestones":
  [],
 "ipo": null,
 "video_embeds":
  [],
 "screenshots":
  [{"available_sizes":
     [[[150,
        91],
       "http://api-images.crunchbase.com/assets/images/resized/0011/5611/115611v1-max-150x150.jpg"],
      [[250,
        151],
       "http://api-images.crunchbase.com/assets/images/resized/0011/5611/115611v1-max-250x250.jpg"],
      [[450,
        273],
       "http://api-images.crunchbase.com/assets/images/resized/0011/5611/115611v1-max-450x450.jpg"]],
    "attribution": null}],
 "external_links":
  [],
 "partners":
  []}
