{"name": "21GRAMS",
 "permalink": "21grams",
 "crunchbase_url": "http://www.crunchbase.com/company/21grams",
 "homepage_url": "http://www.21grams.se",
 "blog_url": "",
 "blog_feed_url": "",
 "twitter_username": null,
 "category_code": "software",
 "number_of_employees": null,
 "founded_year": null,
 "founded_month": null,
 "founded_day": null,
 "deadpooled_year": null,
 "deadpooled_month": null,
 "deadpooled_day": null,
 "deadpooled_url": null,
 "tag_list": "",
 "alias_list": "",
 "email_address": "info@21grams.com",
 "phone_number": "46-(8)-600-37-21",
 "description": "",
 "created_at": "Tue Jun 08 08:34:01 UTC 2010",
 "updated_at": "Tue Jun 08 08:43:53 UTC 2010",
 "overview": "\u003Cp\u003E21 Grams offers postal management to corporate customers by leveraging its technology leadership in postage optimisation, in combination with its unique set of knowledge and experience of post, print and document management software. The Company\u00e2\u20ac\u2122s offering allows customers to outsource their non-core production of bulk mailings, simplify their communication processes and to significantly reduce postage expenses by exploiting savings opportunities on deregulated postage markets.\u003C/p\u003E",
 "image":
  {"available_sizes":
    [[[136,
       134],
      "http://api-images.crunchbase.com/assets/images/resized/0008/9877/89877v1-max-150x150.jpg"],
     [[136,
       134],
      "http://api-images.crunchbase.com/assets/images/resized/0008/9877/89877v1-max-250x250.jpg"],
     [[136,
       134],
      "http://api-images.crunchbase.com/assets/images/resized/0008/9877/89877v1-max-450x450.jpg"]],
   "attribution": null},
 "products":
  [],
 "relationships":
  [{"is_past": true,
    "title": "Vice Precident \u0026 Chief Operating Officer",
    "person":
     {"first_name": "Torbjorn",
      "last_name": "Moller",
      "permalink": "torbjorn-moller"}}],
 "competitions":
  [],
 "providerships":
  [],
 "total_money_raised": "$2.58M",
 "funding_rounds":
  [{"id": 16114,
    "round_code": "unattributed",
    "source_url": "",
    "source_description": "EDGAR",
    "raised_amount": 2580000.0,
    "raised_currency_code": "USD",
    "funded_year": 2006,
    "funded_month": 4,
    "funded_day": 3,
    "investments":
     [{"company": null,
       "financial_org":
        {"name": "Innovations Kapital",
         "permalink": "innovations-kapital"},
       "person": null}]}],
 "investments":
  [],
 "acquisition": null,
 "acquisitions":
  [],
 "offices":
  [{"description": "",
    "address1": "Arenav\u00c3\u00a4gen 41",
    "address2": "BOX 43",
    "zip_code": "121 25",
    "city": "STOCKHOLM",
    "state_code": null,
    "country_code": "SWE",
    "latitude": null,
    "longitude": null}],
 "milestones":
  [],
 "ipo": null,
 "video_embeds":
  [],
 "screenshots":
  [{"available_sizes":
     [[[150,
        98],
       "http://api-images.crunchbase.com/assets/images/resized/0008/9878/89878v1-max-150x150.jpg"],
      [[250,
        163],
       "http://api-images.crunchbase.com/assets/images/resized/0008/9878/89878v1-max-250x250.jpg"],
      [[450,
        294],
       "http://api-images.crunchbase.com/assets/images/resized/0008/9878/89878v1-max-450x450.jpg"]],
    "attribution": null}],
 "external_links":
  [],
 "partners":
  []}
