{"name": "24 Media Network",
 "permalink": "24-media-network",
 "crunchbase_url": "http://www.crunchbase.com/company/24-media-network",
 "homepage_url": "http://nyheter24.se",
 "blog_url": "",
 "blog_feed_url": "",
 "twitter_username": "nyheter24",
 "category_code": "news",
 "number_of_employees": null,
 "founded_year": null,
 "founded_month": null,
 "founded_day": null,
 "deadpooled_year": null,
 "deadpooled_month": null,
 "deadpooled_day": null,
 "deadpooled_url": null,
 "tag_list": "",
 "alias_list": "",
 "email_address": "",
 "phone_number": "46 7 02 62 80 47",
 "description": "web portal",
 "created_at": "Mon Jul 12 11:30:01 UTC 2010",
 "updated_at": "Fri Oct 29 17:53:16 UTC 2010",
 "overview": "\u003Cp\u003E24 Media Network AB owns and operates a web portal. \u003C/p\u003E\n\n\u003Cp\u003EThe company is based in Stockholm, Sweden.\u003C/p\u003E",
 "image":
  {"available_sizes":
    [[[150,
       38],
      "http://api-images.crunchbase.com/assets/images/resized/0009/3157/93157v1-max-150x150.jpg"],
     [[250,
       63],
      "http://api-images.crunchbase.com/assets/images/resized/0009/3157/93157v1-max-250x250.jpg"],
     [[377,
       96],
      "http://api-images.crunchbase.com/assets/images/resized/0009/3157/93157v1-max-450x450.jpg"]],
   "attribution": null},
 "products":
  [],
 "relationships":
  [],
 "competitions":
  [],
 "providerships":
  [],
 "total_money_raised": "kr9.2M",
 "funding_rounds":
  [{"id": 16890,
    "round_code": "unattributed",
    "source_url": "http://www.dagensmedia.se/nyheter/article18235.ece",
    "source_description": "Dagens Media",
    "raised_amount": 1200000.0,
    "raised_currency_code": "SEK",
    "funded_year": 2008,
    "funded_month": 9,
    "funded_day": 1,
    "investments":
     [{"company": null,
       "financial_org":
        {"name": "KL Ventures",
         "permalink": "kl-ventures"},
       "person": null},
      {"company": null,
       "financial_org":
        {"name": "Rite Ventures",
         "permalink": "rite-internet-ventures"},
       "person": null}]},
   {"id": 19636,
    "round_code": "unattributed",
    "source_url": "http://www.dagensmedia.se/nyheter/article18235.ece",
    "source_description": "Dagens Media",
    "raised_amount": 8000000.0,
    "raised_currency_code": "SEK",
    "funded_year": 2009,
    "funded_month": 1,
    "funded_day": 1,
    "investments":
     []}],
 "investments":
  [],
 "acquisition": null,
 "acquisitions":
  [],
 "offices":
  [{"description": "HQ",
    "address1": "Stureplan 4A",
    "address2": "",
    "zip_code": "114 35",
    "city": "Stockholm",
    "state_code": null,
    "country_code": "SWE",
    "latitude": null,
    "longitude": null}],
 "milestones":
  [],
 "ipo": null,
 "video_embeds":
  [],
 "screenshots":
  [{"available_sizes":
     [[[150,
        92],
       "http://api-images.crunchbase.com/assets/images/resized/0009/3158/93158v1-max-150x150.jpg"],
      [[250,
        153],
       "http://api-images.crunchbase.com/assets/images/resized/0009/3158/93158v1-max-250x250.jpg"],
      [[450,
        276],
       "http://api-images.crunchbase.com/assets/images/resized/0009/3158/93158v1-max-450x450.jpg"]],
    "attribution": null}],
 "external_links":
  [],
 "partners":
  []}
