{"name": "24x7 Learning",
 "permalink": "247-learning-private",
 "crunchbase_url": "http://www.crunchbase.com/company/247-learning-private",
 "homepage_url": "http://www.24x7learning.com",
 "blog_url": "http://blog.24x7learning.com/",
 "blog_feed_url": "",
 "twitter_username": "24x7Learning",
 "category_code": "education",
 "number_of_employees": 100,
 "founded_year": 2001,
 "founded_month": null,
 "founded_day": null,
 "deadpooled_year": null,
 "deadpooled_month": null,
 "deadpooled_day": null,
 "deadpooled_url": null,
 "tag_list": "elearning, learning-solutions, end-to-end-learning, leadership-development, learning-management-system, custom-content-creation",
 "alias_list": "24\u00c3\u20147 Learning Solutions Private",
 "email_address": "contactus@24x7learning.com",
 "phone_number": "91 80 4069 9100",
 "description": "e-learning organisation",
 "created_at": "Mon Mar 29 09:45:06 UTC 2010",
 "updated_at": "Thu Dec 26 09:44:00 UTC 2013",
 "overview": "\u003Cp\u003EEstablished in 2001, 24x7 Learning today is one of India\u0026#8217;s Premier Talent Lifecycle Management companies.\u003C/p\u003E\n\n\u003Cp\u003EWith a yearly growth rate of 30%, India is amongst the Top 10 markets in the world for eLearning and 24x7 Learning is India\u0026#8217;s largest eLearning consulting, technology and implementation company with over 225 of India\u0026#8217;s Top companies and MNCs in its clientele list.\u003C/p\u003E\n\n\u003Cp\u003EThe worldwide market for e-learning was US$35.6 billion in 2011 and is expected to reach US$51.5 billion by 2016. While the eLearning market in India continues to grow exponentially, 24x7 Learning has made early in-roads and over the last decade has helped many organizations setup their Virtual Corporate Campuses through its learning management system enabling their geographically dispersed workforce get trained via the Internet.\u003C/p\u003E\n\n\u003Cp\u003E24x7 Learning\u0026#8217;s flagship product 24x7 LearnTrakTM LMS has enabled many high performing organizations to achieve positive business impact through its online training solutions.\u003C/p\u003E\n\n\u003Cp\u003EIn the last decade, 24x7 Learning has touched over 2 million learners dispersed in more than 35 countries through its learning solutions and has partnered successfully with over 225 corporates like Vodafone, Aditya Birla Group, Samsung, JP Morgan, Fidelity, Tata Motors, Infosys, Barclays, Dell and Astra Zeneca to help them meet their talent enhancement needs.\u003C/p\u003E\n\n\u003Cp\u003E24x7 Learning is a CNBC TV18 funded company, is headquartered in Bangalore and has offices in New Jersey, Mumbai, Delhi, Chennai, Dubai and Ghana.\u003C/p\u003E",
 "image":
  {"available_sizes":
    [[[75,
       57],
      "http://api-images.crunchbase.com/assets/images/resized/0008/2214/82214v1-max-150x150.jpg"],
     [[75,
       57],
      "http://api-images.crunchbase.com/assets/images/resized/0008/2214/82214v1-max-250x250.jpg"],
     [[75,
       57],
      "http://api-images.crunchbase.com/assets/images/resized/0008/2214/82214v1-max-450x450.jpg"]],
   "attribution": null},
 "products":
  [],
 "relationships":
  [{"is_past": false,
    "title": "CEO",
    "person":
     {"first_name": "Karthik",
      "last_name": "K S",
      "permalink": "karthik-k-s"}},
   {"is_past": false,
    "title": "Vice President - Higher Education",
    "person":
     {"first_name": "Vivek",
      "last_name": "Bhattacharya",
      "permalink": "vivek-bhattacharya"}},
   {"is_past": false,
    "title": "Director",
    "person":
     {"first_name": "Anil",
      "last_name": "Chhikara",
      "permalink": "anil-chhikara"}},
   {"is_past": false,
    "title": "Director",
    "person":
     {"first_name": "Srinivas",
      "last_name": "Rao",
      "permalink": "srinivas-rao"}},
   {"is_past": false,
    "title": "Head of Enterprise Sales",
    "person":
     {"first_name": "Manish",
      "last_name": "Sharma",
      "permalink": "manish-sharma-2"}},
   {"is_past": false,
    "title": "Director",
    "person":
     {"first_name": "Sarbvir",
      "last_name": "Singh",
      "permalink": "sarbvir-singh"}},
   {"is_past": false,
    "title": "Director",
    "person":
     {"first_name": "N",
      "last_name": "Raghunandan",
      "permalink": "n-raghunandan"}},
   {"is_past": false,
    "title": "National Head \u2013 Corporate Advisory \u2013 AVAGMAH",
    "person":
     {"first_name": "Suresh",
      "last_name": "Rangadurai",
      "permalink": "suresh-rangadurai"}},
   {"is_past": true,
    "title": "VP, Human Resources",
    "person":
     {"first_name": "Pauline",
      "last_name": "Hu",
      "permalink": "pauline-hu"}}],
 "competitions":
  [],
 "providerships":
  [],
 "total_money_raised": "$4M",
 "funding_rounds":
  [{"id": 13538,
    "round_code": "unattributed",
    "source_url": "http://www.24x7learning.com/PDF/Capital18247.pdf",
    "source_description": "24x7 Learning secures strategic investment from Capital18 ",
    "raised_amount": 4000000.0,
    "raised_currency_code": "USD",
    "funded_year": 2007,
    "funded_month": 11,
    "funded_day": 6,
    "investments":
     [{"company": null,
       "financial_org":
        {"name": "Capital18",
         "permalink": "capital18"},
       "person": null}]}],
 "investments":
  [],
 "acquisition": null,
 "acquisitions":
  [],
 "offices":
  [{"description": "24x7 Learning",
    "address1": "No 20 Annaswamy Mudaliar Road",
    "address2": "Ulsoor Lake",
    "zip_code": "560 042",
    "city": "Bangalore",
    "state_code": null,
    "country_code": "IND",
    "latitude": null,
    "longitude": null}],
 "milestones":
  [],
 "ipo": null,
 "video_embeds":
  [],
 "screenshots":
  [{"available_sizes":
     [[[150,
        114],
       "http://api-images.crunchbase.com/assets/images/resized/0008/2216/82216v1-max-150x150.jpg"],
      [[250,
        191],
       "http://api-images.crunchbase.com/assets/images/resized/0008/2216/82216v1-max-250x250.jpg"],
      [[450,
        344],
       "http://api-images.crunchbase.com/assets/images/resized/0008/2216/82216v1-max-450x450.jpg"]],
    "attribution": null}],
 "external_links":
  [],
 "partners":
  []}
