{"name": "24M Technologies",
 "permalink": "24m-technologies",
 "crunchbase_url": "http://www.crunchbase.com/company/24m-technologies",
 "homepage_url": "http://24-m.com",
 "blog_url": "",
 "blog_feed_url": "",
 "twitter_username": null,
 "category_code": "cleantech",
 "number_of_employees": null,
 "founded_year": 2010,
 "founded_month": null,
 "founded_day": null,
 "deadpooled_year": null,
 "deadpooled_month": null,
 "deadpooled_day": null,
 "deadpooled_url": null,
 "tag_list": "",
 "alias_list": "",
 "email_address": "info@24-m.com",
 "phone_number": "",
 "description": "",
 "created_at": "Wed Aug 18 01:27:50 UTC 2010",
 "updated_at": "Fri Apr 04 08:53:33 UTC 2014",
 "overview": "\u003Cp\u003E24M Technologies, Inc. builds energy storage systems for grid and transportation applications. The company was founded in 2010 and is based in Cambridge, Massachusetts.\u003C/p\u003E",
 "image":
  {"available_sizes":
    [[[120,
       61],
      "http://api-images.crunchbase.com/assets/images/resized/0025/0467/250467v2-max-150x150.png"],
     [[120,
       61],
      "http://api-images.crunchbase.com/assets/images/resized/0025/0467/250467v2-max-250x250.png"],
     [[120,
       61],
      "http://api-images.crunchbase.com/assets/images/resized/0025/0467/250467v2-max-450x450.png"]],
   "attribution": null},
 "products":
  [],
 "relationships":
  [{"is_past": false,
    "title": "Board Director",
    "person":
     {"first_name": "Izhar",
      "last_name": "Armony",
      "permalink": "izhar-armony"}}],
 "competitions":
  [],
 "providerships":
  [],
 "total_money_raised": "$16M",
 "funding_rounds":
  [{"id": 17764,
    "round_code": "a",
    "source_url": "http://techcrunch.com/2010/08/16/a123-systems-spinoff-24m-technologies-raises-16-million/",
    "source_description": "A123 Systems Spinoff 24M Technologies Raises $16 Million",
    "raised_amount": 16000000.0,
    "raised_currency_code": "USD",
    "funded_year": 2010,
    "funded_month": 8,
    "funded_day": 16,
    "investments":
     [{"company": null,
       "financial_org":
        {"name": "Charles River Ventures",
         "permalink": "charles-river-ventures"},
       "person": null},
      {"company": null,
       "financial_org":
        {"name": "North Bridge Venture Partners",
         "permalink": "north-bridge-venture-partners"},
       "person": null},
      {"company": null,
       "financial_org":
        {"name": "U.S. Department of Energy",
         "permalink": "u-s-department-of-energy"},
       "person": null}]}],
 "investments":
  [],
 "acquisition": null,
 "acquisitions":
  [],
 "offices":
  [{"description": "",
    "address1": "One Kendall Square",
    "address2": "Suite B6103",
    "zip_code": ", MA 02139",
    "city": "Cambridge",
    "state_code": null,
    "country_code": "USA",
    "latitude": null,
    "longitude": null}],
 "milestones":
  [],
 "ipo": null,
 "video_embeds":
  [],
 "screenshots":
  [{"available_sizes":
     [[[150,
        69],
       "http://api-images.crunchbase.com/assets/images/resized/0038/1724/381724v1-max-150x150.png"],
      [[250,
        116],
       "http://api-images.crunchbase.com/assets/images/resized/0038/1724/381724v1-max-250x250.png"],
      [[450,
        209],
       "http://api-images.crunchbase.com/assets/images/resized/0038/1724/381724v1-max-450x450.png"]],
    "attribution": null}],
 "external_links":
  [],
 "partners":
  []}
