{"name": "263.com",
 "permalink": "263-com",
 "crunchbase_url": "http://www.crunchbase.com/company/263-com",
 "homepage_url": null,
 "blog_url": "",
 "blog_feed_url": "",
 "twitter_username": null,
 "category_code": null,
 "number_of_employees": null,
 "founded_year": null,
 "founded_month": null,
 "founded_day": null,
 "deadpooled_year": null,
 "deadpooled_month": null,
 "deadpooled_day": null,
 "deadpooled_url": null,
 "tag_list": "",
 "alias_list": "",
 "email_address": "",
 "phone_number": "",
 "description": "",
 "created_at": "Thu Jul 29 14:10:57 UTC 2010",
 "updated_at": "Thu Jul 29 14:12:15 UTC 2010",
 "overview": "",
 "image": null,
 "products":
  [],
 "relationships":
  [],
 "competitions":
  [],
 "providerships":
  [],
 "total_money_raised": "$0",
 "funding_rounds":
  [],
 "investments":
  [],
 "acquisition":
  {"price_amount": null,
   "price_currency_code": "USD",
   "term_code": null,
   "source_url": "http://www.chinatechnews.com/2010/01/08/11353-chinas-ganji-com-will-acquire-263-com",
   "source_description": "China's Ganji.com Will Acquire 263.com",
   "acquired_year": 2010,
   "acquired_month": 1,
   "acquired_day": 8,
   "acquiring_company":
    {"name": "Beijing Feixiangren Information Technology",
     "permalink": "beijing-feixiangren-information-technology"}},
 "acquisitions":
  [],
 "offices":
  [],
 "milestones":
  [],
 "ipo": null,
 "video_embeds":
  [],
 "screenshots":
  [],
 "external_links":
  [],
 "partners":
  []}
