{"name": "2e2",
 "permalink": "2e2",
 "crunchbase_url": "http://www.crunchbase.com/company/2e2",
 "homepage_url": "http://www.2e2.com",
 "blog_url": "",
 "blog_feed_url": "",
 "twitter_username": "2e2uk",
 "category_code": null,
 "number_of_employees": null,
 "founded_year": null,
 "founded_month": null,
 "founded_day": null,
 "deadpooled_year": null,
 "deadpooled_month": null,
 "deadpooled_day": null,
 "deadpooled_url": null,
 "tag_list": "",
 "alias_list": "",
 "email_address": "info@2e2.com",
 "phone_number": "44-(0)1635-568000",
 "description": "",
 "created_at": "Tue Jul 06 08:46:18 UTC 2010",
 "updated_at": "Tue Jul 13 11:59:17 UTC 2010",
 "overview": "\u003Cp\u003E2e2 is a systems innovator; an agile, customer-focused provider of end-to-end next generation IT services.  The company creates innovative solutions that transform business processes, reduce infrastructure costs and enhance performance \u00e2\u20ac\u201c \u00e2\u20ac\u02dccreating business advantage\u0026#8217; for its customers. 2e2 focuses on solutions and managed services for medium and large private and public sector organisations, delivered on premises, in the cloud or as a hybrid. 2e2 has worked with many companies within the telecommunications, media, healthcare, retail, transport, public, financial services and professional services sectors. \u003C/p\u003E",
 "image":
  {"available_sizes":
    [[[150,
       60],
      "http://api-images.crunchbase.com/assets/images/resized/0009/3222/93222v1-max-150x150.jpg"],
     [[207,
       83],
      "http://api-images.crunchbase.com/assets/images/resized/0009/3222/93222v1-max-250x250.jpg"],
     [[207,
       83],
      "http://api-images.crunchbase.com/assets/images/resized/0009/3222/93222v1-max-450x450.jpg"]],
   "attribution": null},
 "products":
  [],
 "relationships":
  [{"is_past": true,
    "title": "Operations Director",
    "person":
     {"first_name": "Andrew",
      "last_name": "Norris",
      "permalink": "andrew-norris-2"}}],
 "competitions":
  [],
 "providerships":
  [],
 "total_money_raised": "$0",
 "funding_rounds":
  [],
 "investments":
  [],
 "acquisition": null,
 "acquisitions":
  [{"price_amount": 69800000.0,
    "price_currency_code": "GBP",
    "term_code": null,
    "source_url": "http://www.2e2.com/news-story?newsID=166",
    "source_description": "2e2 announces completion of Morse acquisition",
    "acquired_year": 2010,
    "acquired_month": 6,
    "acquired_day": 21,
    "company":
     {"name": "Morse",
      "permalink": "morse"}}],
 "offices":
  [{"description": "",
    "address1": "The Mansion House, Benham Valence",
    "address2": "Speen, Newbury",
    "zip_code": "RG20 8LU",
    "city": "Berks",
    "state_code": null,
    "country_code": "GBR",
    "latitude": null,
    "longitude": null}],
 "milestones":
  [],
 "ipo": null,
 "video_embeds":
  [],
 "screenshots":
  [{"available_sizes":
     [[[150,
        99],
       "http://api-images.crunchbase.com/assets/images/resized/0009/3223/93223v1-max-150x150.jpg"],
      [[250,
        165],
       "http://api-images.crunchbase.com/assets/images/resized/0009/3223/93223v1-max-250x250.jpg"],
      [[450,
        297],
       "http://api-images.crunchbase.com/assets/images/resized/0009/3223/93223v1-max-450x450.jpg"]],
    "attribution": null}],
 "external_links":
  [],
 "partners":
  []}
