{"name": "360fusion",
 "permalink": "360fusion",
 "crunchbase_url": "http://www.crunchbase.com/company/360fusion",
 "homepage_url": "http://www.360fusion.co.uk",
 "blog_url": "http://www.360fusion.co.uk/blog.html",
 "blog_feed_url": "http://www.360fusion.co.uk/360fusion-all-feeds.xml",
 "twitter_username": "360fusion",
 "category_code": "web",
 "number_of_employees": 3,
 "founded_year": 2005,
 "founded_month": 10,
 "founded_day": 1,
 "deadpooled_year": null,
 "deadpooled_month": null,
 "deadpooled_day": null,
 "deadpooled_url": null,
 "tag_list": "virtual-tours, web-design, 360, panoramas",
 "alias_list": null,
 "email_address": "info@360fusion.co.uk",
 "phone_number": "+44 (0)1642 688 032",
 "description": "Virtual tours and web design",
 "created_at": "Mon Mar 29 15:00:32 UTC 2010",
 "updated_at": "Mon Jul 25 19:23:10 UTC 2011",
 "overview": "\u003Cp\u003E360fusion create digital content for the web. We design and develop websites to give clients an online presence and we are specialists in interactive 360\u00c2\u00b0 virtual tours.\u003C/p\u003E",
 "image":
  {"available_sizes":
    [[[143,
       143],
      "http://api-images.crunchbase.com/assets/images/resized/0008/2249/82249v2-max-150x150.jpg"],
     [[143,
       143],
      "http://api-images.crunchbase.com/assets/images/resized/0008/2249/82249v2-max-250x250.jpg"],
     [[143,
       143],
      "http://api-images.crunchbase.com/assets/images/resized/0008/2249/82249v2-max-450x450.jpg"]],
   "attribution": null},
 "products":
  [],
 "relationships":
  [{"is_past": false,
    "title": "Director",
    "person":
     {"first_name": "Ben",
      "last_name": "Kenyon",
      "permalink": "ben-kenyon"}}],
 "competitions":
  [],
 "providerships":
  [],
 "total_money_raised": "$0",
 "funding_rounds":
  [],
 "investments":
  [],
 "acquisition": null,
 "acquisitions":
  [],
 "offices":
  [{"description": "Head office",
    "address1": "Boho One",
    "address2": "Bridge Street West",
    "zip_code": "TS2 1AE",
    "city": "Middlesbrough",
    "state_code": null,
    "country_code": "GBR",
    "latitude": null,
    "longitude": null}],
 "milestones":
  [],
 "ipo": null,
 "video_embeds":
  [],
 "screenshots":
  [],
 "external_links":
  [],
 "partners":
  []}
