{"name": "360i",
 "permalink": "360i",
 "crunchbase_url": "http://www.crunchbase.com/company/360i",
 "homepage_url": "http://www.360i.com",
 "blog_url": "http://blog.360i.com",
 "blog_feed_url": "http://blog.360i.com/feed",
 "twitter_username": "360i",
 "category_code": "advertising",
 "number_of_employees": 425,
 "founded_year": 1998,
 "founded_month": 5,
 "founded_day": 20,
 "deadpooled_year": null,
 "deadpooled_month": null,
 "deadpooled_day": null,
 "deadpooled_url": null,
 "tag_list": "digital-marketing, online-advertising, social-media, mobile-marketing, website-design",
 "alias_list": null,
 "email_address": "editor@360i.com",
 "phone_number": "212 703-7219",
 "description": "digital marketing agency",
 "created_at": "Wed May 19 22:56:46 UTC 2010",
 "updated_at": "Wed Feb 22 05:26:08 UTC 2012",
 "overview": "\u003Cp\u003E360i is an award-winning digital marketing agency that drives results for Fortune 500 marketers through insights, ideas and technologies. 360i helps its clients think differently about their online presence and evolve their strategies to take advantage of the new world of marketing communications \u2013 one where brands and consumers engage in interactive and multi-directional conversations. In 2010, Ad Age named 360i to its prestigious Agency A-List. Current clients include Kraft Foods, JCPenney, Coca-Cola, NBC Universal and Diageo, among others. For more information, please visit 360i.com or follow us on Twitter @360i. \u003C/p\u003E",
 "image":
  {"available_sizes":
    [[[143,
       150],
      "http://api-images.crunchbase.com/assets/images/resized/0008/8343/88343v2-max-150x150.png"],
     [[238,
       250],
      "http://api-images.crunchbase.com/assets/images/resized/0008/8343/88343v2-max-250x250.png"],
     [[429,
       450],
      "http://api-images.crunchbase.com/assets/images/resized/0008/8343/88343v2-max-450x450.png"]],
   "attribution": null},
 "products":
  [],
 "relationships":
  [{"is_past": true,
    "title": "Vice President of Emerging Media",
    "person":
     {"first_name": "David",
      "last_name": "Berkowitz",
      "permalink": "david-berkowitz-3"}},
   {"is_past": true,
    "title": "Media Manager",
    "person":
     {"first_name": "Joel",
      "last_name": "Lunenfeld",
      "permalink": "joel-lunenfeld"}},
   {"is_past": true,
    "title": "Director, Strategic Accounts",
    "person":
     {"first_name": "Michael",
      "last_name": "Hegarty",
      "permalink": "michael-hegarty"}},
   {"is_past": true,
    "title": "Interactive Designer, Front-end Developer",
    "person":
     {"first_name": "Nick",
      "last_name": "Kaye",
      "permalink": "nick-kaye"}},
   {"is_past": true,
    "title": "User Interface Engineer",
    "person":
     {"first_name": "Philip John",
      "last_name": "Basile",
      "permalink": "philip-john-basile"}},
   {"is_past": true,
    "title": "Media Director",
    "person":
     {"first_name": "Erik",
      "last_name": "Harbison",
      "permalink": "erik-harbison"}},
   {"is_past": true,
    "title": "Strategist",
    "person":
     {"first_name": "David",
      "last_name": "Pessah",
      "permalink": "david-pessah"}}],
 "competitions":
  [],
 "providerships":
  [],
 "total_money_raised": "$0",
 "funding_rounds":
  [],
 "investments":
  [],
 "acquisition": null,
 "acquisitions":
  [],
 "offices":
  [{"description": "New York Office",
    "address1": "32 Avenue of the Americas",
    "address2": "6th Floor",
    "zip_code": "10013",
    "city": "New York",
    "state_code": "NY",
    "country_code": "USA",
    "latitude": null,
    "longitude": null},
   {"description": "Atlanta Office",
    "address1": "One Peachtree Pointe",
    "address2": "1545 Peachtree, Suite 450",
    "zip_code": "30309",
    "city": "Atlanta",
    "state_code": "GA",
    "country_code": "USA",
    "latitude": null,
    "longitude": null},
   {"description": "San Francisco Office",
    "address1": "One Market Street, Spear Tower",
    "address2": "Suite 3640",
    "zip_code": "94105",
    "city": "San Francisco",
    "state_code": "CA",
    "country_code": "USA",
    "latitude": null,
    "longitude": null},
   {"description": "Chicago Office",
    "address1": "515 North State St",
    "address2": "23rd Floor",
    "zip_code": "60654",
    "city": "Chicago",
    "state_code": "IL",
    "country_code": "USA",
    "latitude": null,
    "longitude": null},
   {"description": "Detroit Office",
    "address1": "3011 West Grand Blvd",
    "address2": "Suite 2200",
    "zip_code": "48202",
    "city": "Detroit",
    "state_code": "MI",
    "country_code": "USA",
    "latitude": null,
    "longitude": null}],
 "milestones":
  [],
 "ipo": null,
 "video_embeds":
  [{"embed_code": "\u003Ciframe width=\"420\" height=\"236.25\" src=\"http://www.youtube.com/embed/_uI4bA0Hvug\" frameborder=\"0\" allowfullscreen\u003E\u003C/iframe\u003E ",
    "description": ""}],
 "screenshots":
  [],
 "external_links":
  [],
 "partners":
  []}
