{"name": "3d laser gifts",
 "permalink": "3d-laser-gifts",
 "crunchbase_url": "http://www.crunchbase.com/company/3d-laser-gifts",
 "homepage_url": "http://www.3dlasergifts.com",
 "blog_url": "",
 "blog_feed_url": "",
 "twitter_username": "3dlaserart",
 "category_code": "ecommerce",
 "number_of_employees": null,
 "founded_year": null,
 "founded_month": null,
 "founded_day": null,
 "deadpooled_year": null,
 "deadpooled_month": null,
 "deadpooled_day": null,
 "deadpooled_url": null,
 "tag_list": "glass-photo, 3d-laser-etched-crystal-photo",
 "alias_list": null,
 "email_address": "3dlaser.Gifts.com@gmail.com",
 "phone_number": "1-877-443-8654",
 "description": "Personalized Photo Crystal Gifts",
 "created_at": "Thu Jul 15 13:35:52 UTC 2010",
 "updated_at": "Fri Jul 16 20:29:36 UTC 2010",
 "overview": "",
 "image":
  {"available_sizes":
    [[[150,
       50],
      "http://api-images.crunchbase.com/assets/images/resized/0009/3868/93868v1-max-150x150.png"],
     [[250,
       84],
      "http://api-images.crunchbase.com/assets/images/resized/0009/3868/93868v1-max-250x250.png"],
     [[311,
       105],
      "http://api-images.crunchbase.com/assets/images/resized/0009/3868/93868v1-max-450x450.png"]],
   "attribution": null},
 "products":
  [],
 "relationships":
  [],
 "competitions":
  [],
 "providerships":
  [],
 "total_money_raised": "$0",
 "funding_rounds":
  [],
 "investments":
  [],
 "acquisition": null,
 "acquisitions":
  [],
 "offices":
  [],
 "milestones":
  [],
 "ipo": null,
 "video_embeds":
  [],
 "screenshots":
  [],
 "external_links":
  [],
 "partners":
  []}
