{"name": "3Guppies",
 "permalink": "3guppies",
 "crunchbase_url": "http://www.crunchbase.com/company/3guppies",
 "homepage_url": null,
 "blog_url": "",
 "blog_feed_url": "",
 "twitter_username": null,
 "category_code": "music",
 "number_of_employees": null,
 "founded_year": 2003,
 "founded_month": null,
 "founded_day": null,
 "deadpooled_year": null,
 "deadpooled_month": null,
 "deadpooled_day": null,
 "deadpooled_url": null,
 "tag_list": "",
 "alias_list": "",
 "email_address": "",
 "phone_number": "949-608-0276",
 "description": "",
 "created_at": "Fri Mar 26 05:50:30 UTC 2010",
 "updated_at": "Fri Mar 26 06:42:41 UTC 2010",
 "overview": "\u003Cp\u003E3Guppies offers online music and games download services. The company\u00e2\u20ac\u2122s suite enables music tones, polyphonic ring tones, voice tones, sound effects, screensavers, wallpaper, and mobile games downloading services. Additionally, it provides mobile advertising and marketing services. 3Guppies, Inc., formerly known as Mixxer, Inc., was founded in 2003 and is headquartered in Seattle, Washington.\u003C/p\u003E",
 "image": null,
 "products":
  [],
 "relationships":
  [{"is_past": true,
    "title": "CEO",
    "person":
     {"first_name": "John",
      "last_name": "Dearborn",
      "permalink": "john-dearborn"}}],
 "competitions":
  [],
 "providerships":
  [],
 "total_money_raised": "$20M",
 "funding_rounds":
  [{"id": 13447,
    "round_code": "a",
    "source_url": "",
    "source_description": "EDGAR",
    "raised_amount": 20000000.0,
    "raised_currency_code": "USD",
    "funded_year": 2006,
    "funded_month": 4,
    "funded_day": 5,
    "investments":
     [{"company": null,
       "financial_org":
        {"name": "VantagePoint Capital Partners",
         "permalink": "vantagepoint-capital-partners"},
       "person": null}]}],
 "investments":
  [],
 "acquisition": null,
 "acquisitions":
  [],
 "offices":
  [{"description": "",
    "address1": "100 South King Street",
    "address2": "Suite 320",
    "zip_code": "98104",
    "city": "Seattle",
    "state_code": "WA",
    "country_code": "USA",
    "latitude": null,
    "longitude": null}],
 "milestones":
  [],
 "ipo": null,
 "video_embeds":
  [],
 "screenshots":
  [],
 "external_links":
  [],
 "partners":
  []}
