{"name": "3Pillar Global",
 "permalink": "3pillar-global",
 "crunchbase_url": "http://www.crunchbase.com/company/3pillar-global",
 "homepage_url": "http://www.3pillarglobal.com",
 "blog_url": "http://www.3pillarglobal.com/blog",
 "blog_feed_url": "http://www.3pillarglobal.com/blog/feed",
 "twitter_username": "3pillarglobal",
 "category_code": "software",
 "number_of_employees": 500,
 "founded_year": 2006,
 "founded_month": 8,
 "founded_day": null,
 "deadpooled_year": null,
 "deadpooled_month": null,
 "deadpooled_day": null,
 "deadpooled_url": null,
 "tag_list": "",
 "alias_list": "",
 "email_address": "info@3pillarglobal.com",
 "phone_number": "703.896.7680",
 "description": "Outsourced Product Development",
 "created_at": "Wed Apr 21 21:30:18 UTC 2010",
 "updated_at": "Tue Mar 11 21:56:23 UTC 2014",
 "overview": "\u003Cp\u003EFounded in 2006, 3 Pillar Global is a trusted, high-growth software product development company providing solutions for today\u0026#8217;s expanding mobile environment. Today, with rampant growth in mobile-based applications, organizations can no longer afford to develop product without a deep understanding of rapid data access and portability issues that can block scalability. Offering solutions expertise in the areas of mobile, SaaS enablement and product, 3Pillar Global offers a unique and flexible approach for clients through its innovative Virtual Development Centers that deliver transformative levels of productivity. The company has respected and leading customers in media, healthcare, education and financial services.  Headquartered in Fairfax, VA, 3Pillar Global has been recognized for its rapid growth by Inc. magazine (#44) and Virginia Business (#6).\u003C/p\u003E",
 "image":
  {"available_sizes":
    [[[128,
       43],
      "http://api-images.crunchbase.com/assets/images/resized/0008/4509/84509v7-max-150x150.png"],
     [[128,
       43],
      "http://api-images.crunchbase.com/assets/images/resized/0008/4509/84509v7-max-250x250.png"],
     [[128,
       43],
      "http://api-images.crunchbase.com/assets/images/resized/0008/4509/84509v7-max-450x450.png"]],
   "attribution": null},
 "products":
  [],
 "relationships":
  [{"is_past": false,
    "title": "CEO/President",
    "person":
     {"first_name": "David",
      "last_name": "H. DeWolf",
      "permalink": "david-h-dewolf"}},
   {"is_past": false,
    "title": "COO",
    "person":
     {"first_name": "Ken",
      "last_name": "Quaglio",
      "permalink": "ken-quaglio"}},
   {"is_past": false,
    "title": "EVP, Sales and Marketing",
    "person":
     {"first_name": "Tony",
      "last_name": "Orlando",
      "permalink": "tony-orlando"}},
   {"is_past": false,
    "title": "CFO",
    "person":
     {"first_name": "Maria",
      "last_name": "Izurieta",
      "permalink": "maria-izurieta"}},
   {"is_past": false,
    "title": "Board of Directors",
    "person":
     {"first_name": "Michael",
      "last_name": "Dering",
      "permalink": "michael-dering"}},
   {"is_past": false,
    "title": "Board of Directors",
    "person":
     {"first_name": "Marc",
      "last_name": "R. Lederman",
      "permalink": "marc-r-lederman"}},
   {"is_past": true,
    "title": "COO",
    "person":
     {"first_name": "Blaine",
      "last_name": "Hall",
      "permalink": "blaine-hall"}},
   {"is_past": true,
    "title": "SVP, Finance",
    "person":
     {"first_name": "Ann",
      "last_name": "Thompson",
      "permalink": "ann-thompson"}},
   {"is_past": true,
    "title": "President",
    "person":
     {"first_name": "Todd",
      "last_name": "Bramblett",
      "permalink": "todd-bramblett"}},
   {"is_past": true,
    "title": "CGO",
    "person":
     {"first_name": "Bobby",
      "last_name": "Christian",
      "permalink": "bobby-christian"}}],
 "competitions":
  [],
 "providerships":
  [],
 "total_money_raised": "$25.9M",
 "funding_rounds":
  [{"id": 14579,
    "round_code": "unattributed",
    "source_url": "http://www.sec.gov/Archives/edgar/data/1482576/000148257610000002/xslFormDX01/primary_doc.xml",
    "source_description": "SEC D",
    "raised_amount": 520000.0,
    "raised_currency_code": "USD",
    "funded_year": 2010,
    "funded_month": 4,
    "funded_day": 21,
    "investments":
     []},
   {"id": 23503,
    "round_code": "unattributed",
    "source_url": "http://blog.3pillarglobal.com/news/three-pillar-global-announces-10-million-investment-continued-expansion",
    "source_description": "Three Pillar Global Announces $10 Million Investment for Continued Expansion",
    "raised_amount": 10000000.0,
    "raised_currency_code": "USD",
    "funded_year": 2011,
    "funded_month": 6,
    "funded_day": 9,
    "investments":
     [{"company": null,
       "financial_org":
        {"name": "Nestors Financial",
         "permalink": "nestors-financial"},
       "person": null}]},
   {"id": 39527,
    "round_code": "a",
    "source_url": "http://www.pehub.com/2013/06/3pillar-global-raises-12-mln-series-a-funding/",
    "source_description": "3Pillar Global Raises $12 Mln in Series A Funding",
    "raised_amount": 12000000.0,
    "raised_currency_code": "USD",
    "funded_year": 2013,
    "funded_month": 6,
    "funded_day": 6,
    "investments":
     [{"company": null,
       "financial_org":
        {"name": "NewSpring Capital",
         "permalink": "newspring-capital"},
       "person": null}]},
   {"id": 56759,
    "round_code": "debt_round",
    "source_url": "http://www.sec.gov/Archives/edgar/data/1482576/000148257610000001/xslFormDX01/primary_doc.xml",
    "source_description": "SEC",
    "raised_amount": 3400000.0,
    "raised_currency_code": "USD",
    "funded_year": 2010,
    "funded_month": 1,
    "funded_day": 29,
    "investments":
     []}],
 "investments":
  [],
 "acquisition": null,
 "acquisitions":
  [{"price_amount": null,
    "price_currency_code": "USD",
    "term_code": null,
    "source_url": "http://www.threepillarglobal.com/news/three-pillar-global-acquires-professional-services-division-pointabout-inc",
    "source_description": "Three Pillar Global Acquires Professional Services Division of PointAbout, Inc.",
    "acquired_year": 2011,
    "acquired_month": 5,
    "acquired_day": 10,
    "company":
     {"name": "PointAbout Professional Services",
      "permalink": "pointabout-professional-services"}},
   {"price_amount": null,
    "price_currency_code": "USD",
    "term_code": null,
    "source_url": "http://www.threepillarglobal.com/news/three-pillar-service-expansion-continues-with-leverpoint-merger",
    "source_description": "Three Pillar Service Expansion Continues with LeverPoint Merger",
    "acquired_year": 2009,
    "acquired_month": 12,
    "acquired_day": 1,
    "company":
     {"name": "LeverPoint",
      "permalink": "leverpoint"}},
   {"price_amount": null,
    "price_currency_code": "USD",
    "term_code": null,
    "source_url": "https://www.3pillarglobal.com/news/merger-between-us-based-three-pillar-global-and-india-based-brickred-creates-new-force-mobile-software-product-development",
    "source_description": "",
    "acquired_year": 2011,
    "acquired_month": 8,
    "acquired_day": 1,
    "company":
     {"name": "BrickRed Tecnologies",
      "permalink": "brickred-tecnologies"}}],
 "offices":
  [{"description": "Headquarters",
    "address1": "4000 Legato Road",
    "address2": "Suite 1100",
    "zip_code": "22033",
    "city": "Fairfax",
    "state_code": "VA",
    "country_code": "USA",
    "latitude": null,
    "longitude": null},
   {"description": "",
    "address1": "",
    "address2": "",
    "zip_code": "",
    "city": "Cluj-Napoca",
    "state_code": null,
    "country_code": "ROM",
    "latitude": null,
    "longitude": null},
   {"description": "",
    "address1": "",
    "address2": "",
    "zip_code": "",
    "city": "Buenos Aires",
    "state_code": null,
    "country_code": "ARG",
    "latitude": null,
    "longitude": null},
   {"description": "",
    "address1": "",
    "address2": "",
    "zip_code": "",
    "city": "Noida",
    "state_code": null,
    "country_code": "IND",
    "latitude": null,
    "longitude": null}],
 "milestones":
  [{"id": 14955,
    "description": "Three Pillar Global Acquires Professional Services Division of PointAbout, Inc.",
    "stoned_year": 2011,
    "stoned_month": 5,
    "stoned_day": 18,
    "source_url": "http://www.threepillarglobal.com/news/three-pillar-global-acquires-professional-services-division-pointabout-inc",
    "source_text": "",
    "source_description": "Three Pillar Global Acquires Professional Services Division of PointAbout, Inc.",
    "stoneable_type": "Company",
    "stoned_value": null,
    "stoned_value_type": null,
    "stoned_acquirer": null,
    "stoneable":
     {"name": "3Pillar Global",
      "permalink": "3pillar-global"}}],
 "ipo": null,
 "video_embeds":
  [{"embed_code": "\u003Ciframe width=\"450\" height=\"253\" src=\"http://www.youtube.com/embed/Dlbs5RCVshA?rel=0\" frameborder=\"0\" allowfullscreen\u003E\u003C/iframe\u003E",
    "description": "\u003Cp\u003E3Pillar - \u0026#8220;All Companies Are Now Information Companies\u0026#8221; Video\u003C/p\u003E"}],
 "screenshots":
  [{"available_sizes":
     [[[150,
        115],
       "http://api-images.crunchbase.com/assets/images/resized/0022/1112/221112v2-max-150x150.png"],
      [[250,
        193],
       "http://api-images.crunchbase.com/assets/images/resized/0022/1112/221112v2-max-250x250.png"],
      [[450,
        347],
       "http://api-images.crunchbase.com/assets/images/resized/0022/1112/221112v2-max-450x450.png"]],
    "attribution": null}],
 "external_links":
  [],
 "partners":
  []}
