{"name": "49 Research",
 "permalink": "49-research",
 "crunchbase_url": "http://www.crunchbase.com/company/49-research",
 "homepage_url": "http://49research.com",
 "blog_url": "http://49research.com/insights/",
 "blog_feed_url": "http://49research.com/insights/feed",
 "twitter_username": "49research",
 "category_code": "software",
 "number_of_employees": 8,
 "founded_year": 2008,
 "founded_month": 7,
 "founded_day": 1,
 "deadpooled_year": null,
 "deadpooled_month": null,
 "deadpooled_day": null,
 "deadpooled_url": null,
 "tag_list": "vancouver, software-development, game-development, mobile-development, web-development, social-game-development, online-advertising, online-games, social-games, online-gambling, games, facebook, twitter, mobile, saas, social-gaming, social-networks",
 "alias_list": null,
 "email_address": "info@49research.com",
 "phone_number": "604-568-3048",
 "description": "Software Development House",
 "created_at": "Sun Aug 15 21:49:47 UTC 2010",
 "updated_at": "Thu May 02 11:35:08 UTC 2013",
 "overview": "\u003Cp\u003E49 Research is a software development house with over a decade of experience with specialties in creating online advertising technology \u0026amp; ad networks, creating social and mobile apps \u0026amp; games, creating online casino software, and creating industry specific software.\u003C/p\u003E",
 "image":
  {"available_sizes":
    [[[120,
       150],
      "http://api-images.crunchbase.com/assets/images/resized/0009/7797/97797v2-max-150x150.png"],
     [[200,
       250],
      "http://api-images.crunchbase.com/assets/images/resized/0009/7797/97797v2-max-250x250.png"],
     [[361,
       450],
      "http://api-images.crunchbase.com/assets/images/resized/0009/7797/97797v2-max-450x450.png"]],
   "attribution": null},
 "products":
  [],
 "relationships":
  [{"is_past": false,
    "title": "Co - Founder",
    "person":
     {"first_name": "Radoslav",
      "last_name": "Gazo",
      "permalink": "radoslav-gazo"}},
   {"is_past": false,
    "title": "Senior Director, Engineering",
    "person":
     {"first_name": "Charles",
      "last_name": "Iliya Krempeaux",
      "permalink": "charles-iliya-krempeaux"}},
   {"is_past": true,
    "title": "Co - Founder / Director of Engineering \u0026 Product Development",
    "person":
     {"first_name": "Charles",
      "last_name": "Iliya Krempeaux",
      "permalink": "charles-iliya-krempeaux"}}],
 "competitions":
  [],
 "providerships":
  [],
 "total_money_raised": "$0",
 "funding_rounds":
  [],
 "investments":
  [],
 "acquisition": null,
 "acquisitions":
  [],
 "offices":
  [{"description": "",
    "address1": "200-973 Beatty Street",
    "address2": "",
    "zip_code": "BC V6B 2M6",
    "city": "Vancouver",
    "state_code": null,
    "country_code": "CAN",
    "latitude": 49.2766072,
    "longitude": -123.1154714}],
 "milestones":
  [],
 "ipo": null,
 "video_embeds":
  [],
 "screenshots":
  [],
 "external_links":
  [],
 "partners":
  []}
