{"name": "4HOME Furniture",
 "permalink": "4home-furniture",
 "crunchbase_url": "http://www.crunchbase.com/company/4home-furniture",
 "homepage_url": "http://4home.ee/?___store=en",
 "blog_url": "",
 "blog_feed_url": "",
 "twitter_username": null,
 "category_code": "ecommerce",
 "number_of_employees": 8,
 "founded_year": 2006,
 "founded_month": 2,
 "founded_day": 1,
 "deadpooled_year": null,
 "deadpooled_month": null,
 "deadpooled_day": null,
 "deadpooled_url": null,
 "tag_list": "furniture, furnishigs, online-shop, ecommerce, 4home, living-room, kitchen, diningroom, bedroom, kids-room, office, hall, garden, bathroom",
 "alias_list": null,
 "email_address": "info@4home.ee",
 "phone_number": "+372 6 096 848",
 "description": "Online furnishing shop",
 "created_at": "Mon Jun 21 10:03:07 UTC 2010",
 "updated_at": "Mon Mar 31 11:30:12 UTC 2014",
 "overview": "\u003Cp\u003EMISSION\nThe mission of 4Home O\u00c3\u0153 is to offer a wide selection of interior decoration products to retail customers across Europe with the best possible user experience and cost-effective logistics. Manufacturers of interior decoration products in Estonia and elsewhere are offered an alternative channel for sales to customers, also enabling the manufacturers to enter new markets.\u003C/p\u003E\n\n\u003Cp\u003EWHAT WE OFFER?\u003C/p\u003E\n\n\u003Col\u003E\n\u003Cli\u003Ebest possible user experience\n1.1 high-quality product presentation and specifications\n1.2 excellent usability\n1.3 wide selection of products\u003C/li\u003E\n\u003Cli\u003Eproducts sold and delivered to any location in Europe (EU)\u003C/li\u003E\n\u003Cli\u003Estraightforward and equal product pricing for customers in all countries\u003C/li\u003E\n\u003Cli\u003Eproduct information and customer support in their native language (in accordance with the launched markets)\u003C/li\u003E\n\u003Cli\u003Ea customer residing in several countries can purchase all from one place\u003C/li\u003E\n\u003Cli\u003Efine-tuned logistics (Estonia, Latvia, Lithuania and Finland)\n6.1 delivery pricing with maximum customer advantage\n6.2 we do not hide delivery costs in the product price\u003C/li\u003E\n\u003Cli\u003Ewide range of payment options\u003C/li\u003E\n\u003Cli\u003E14-day refund guarantee\u003C/li\u003E\n\u003Cli\u003Eproduct installation if the customer is located in Estonia\u003C/li\u003E\n\u003C/ol\u003E\n\n\u003Cp\u003EHISTORY\nThe 4Home O\u00c3\u0153 company was founded in early 2006 with the aim of offering interior decoration products online. \nThe company is based in Estonia. The latter company operates a logistical centre where a considerable part of our goods sold online is stored. The people behind 4Home O\u00c3\u0153 possess 25 years of experience in the furniture sector, including 15 years of active furniture sales in Estonia and abroad.\u003C/p\u003E",
 "image": null,
 "products":
  [],
 "relationships":
  [],
 "competitions":
  [],
 "providerships":
  [],
 "total_money_raised": "$0",
 "funding_rounds":
  [],
 "investments":
  [],
 "acquisition": null,
 "acquisitions":
  [],
 "offices":
  [{"description": "Warehouse",
    "address1": "Tammi road, Vatsla k\u00c3\u00bcla",
    "address2": "Harjumaa",
    "zip_code": "76915",
    "city": "Saue vald",
    "state_code": null,
    "country_code": "EST",
    "latitude": null,
    "longitude": null}],
 "milestones":
  [],
 "ipo": null,
 "video_embeds":
  [],
 "screenshots":
  [{"available_sizes":
     [[[150,
        93],
       "http://api-images.crunchbase.com/assets/images/resized/0009/1234/91234v4-max-150x150.png"],
      [[250,
        156],
       "http://api-images.crunchbase.com/assets/images/resized/0009/1234/91234v4-max-250x250.png"],
      [[450,
        281],
       "http://api-images.crunchbase.com/assets/images/resized/0009/1234/91234v4-max-450x450.png"]],
    "attribution": null}],
 "external_links":
  [],
 "partners":
  []}
