{"name": "4Projects",
 "permalink": "4projects",
 "crunchbase_url": "http://www.crunchbase.com/company/4projects",
 "homepage_url": "http://www.4projects.com",
 "blog_url": "http://www.thesaashandbook.com",
 "blog_feed_url": "http://www.thesaashandbook.com/?feed=rss",
 "twitter_username": "TheSaasHandbook",
 "category_code": "software",
 "number_of_employees": 60,
 "founded_year": 2000,
 "founded_month": null,
 "founded_day": null,
 "deadpooled_year": null,
 "deadpooled_month": null,
 "deadpooled_day": null,
 "deadpooled_url": null,
 "tag_list": "saas, document-management, project-collaboration, project-extranet, information-management, information-collaboration, information-control, document-control-system, document-workflow, knowledge-management, project-procurement, tender-control, compliance-m",
 "alias_list": null,
 "email_address": "info@4projects.com",
 "phone_number": "0845 330 9007",
 "description": "SaaS integrated collaboration software",
 "created_at": "Tue Aug 10 10:38:05 UTC 2010",
 "updated_at": "Fri Oct 08 06:01:28 UTC 2010",
 "overview": "\u003Cp\u003E4Projects\u00e2\u20ac\u2122 core offering is the provision of on-demand collaboration software. The solution is a means of improving the project management process, providing a comprehensive toolset for online collaboration, document control, information management - and much more. \u003C/p\u003E\n\n\u003Cp\u003E4Projects collaboration software enables individuals and teams to share information, documentation, and communication from anywhere in the world, at any time. \u003C/p\u003E\n\n\u003Cp\u003EAll projects involve a range of different organisations, often geographically dispersed, who need to operate from the same set of information. Individuals need to be able to access the information at any time, and be certain that it is current and accurate. \u003C/p\u003E\n\n\u003Cp\u003EFrom its inception, 4Projects has been focused on delivering its solution utilising the Software as a Service business model. The only requirement to use the solution is access to an Internet Browser. Users have no need for complex software to be installed onto their machines, or to purchase expensive hardware.\u003C/p\u003E\n\n\u003Cp\u003EAt the heart of 4Projects is a relational database, where all information is centrally held. Clients upload information that they wish to share to the extranet, and can automatically inform appropriate collaboration partners that the data is there. In turn, these partners can download the data, amend as appropriate, and then resubmit to the 4Projects solution. \u003C/p\u003E\n\n\u003Cp\u003EAll data is fully version controlled and comprehensively auditable. All clients access the latest version of the information \u00e2\u20ac\u201c be that drawings, photographs or any other electronic or scanned document \u00e2\u20ac\u201c and the audit trail is recorded for future reference.\u003C/p\u003E\n\n\u003Cp\u003EAvailable in many languages, 4Projects support clients\u00e2\u20ac\u2122 projects spanning across several continents. Users select their local time zone and language, from a range including French, German, Spanish, Russian and Simplified Chinese. As the name suggests, 4Projects has been specifically developed to support the full lifecycle of a project, from feasibility to planning and design, through the various bid, execute and build phases, and into operation and ongoing monitoring and facilities management.\u003C/p\u003E",
 "image":
  {"available_sizes":
    [[[150,
       144],
      "http://api-images.crunchbase.com/assets/images/resized/0009/6853/96853v2-max-150x150.jpg"],
     [[250,
       240],
      "http://api-images.crunchbase.com/assets/images/resized/0009/6853/96853v2-max-250x250.jpg"],
     [[450,
       432],
      "http://api-images.crunchbase.com/assets/images/resized/0009/6853/96853v2-max-450x450.jpg"]],
   "attribution": null},
 "products":
  [],
 "relationships":
  [{"is_past": false,
    "title": "CEO",
    "person":
     {"first_name": "Richard",
      "last_name": "Vertigan",
      "permalink": "richard-vertigan"}},
   {"is_past": false,
    "title": "CFO",
    "person":
     {"first_name": "Steve",
      "last_name": "Nelson",
      "permalink": "steve-nelson"}},
   {"is_past": false,
    "title": "VP Infrastructure",
    "person":
     {"first_name": "Mike",
      "last_name": "Metcalf",
      "permalink": "mike-metcalf"}},
   {"is_past": false,
    "title": "VP Sales UK and Europe",
    "person":
     {"first_name": "Steve",
      "last_name": "Spark",
      "permalink": "steve-spark"}},
   {"is_past": false,
    "title": "SVP Technology",
    "person":
     {"first_name": "Nick",
      "last_name": "Graham",
      "permalink": "nick-graham"}},
   {"is_past": false,
    "title": "SVP Global Sales",
    "person":
     {"first_name": "Jason",
      "last_name": "Warde",
      "permalink": "jason-warde"}},
   {"is_past": false,
    "title": "VP Marketing",
    "person":
     {"first_name": "Clare",
      "last_name": "Watson",
      "permalink": "clare-watson"}},
   {"is_past": true,
    "title": "Head of Customer Services",
    "person":
     {"first_name": "Lisa",
      "last_name": "Robertson",
      "permalink": "lisa-robertson"}}],
 "competitions":
  [],
 "providerships":
  [],
 "total_money_raised": "$0",
 "funding_rounds":
  [],
 "investments":
  [],
 "acquisition": null,
 "acquisitions":
  [],
 "offices":
  [{"description": "Headquarters",
    "address1": "The Teleport",
    "address2": "Doxford International Business Park",
    "zip_code": "SR3 3XD",
    "city": "Sunderland",
    "state_code": null,
    "country_code": "GBR",
    "latitude": null,
    "longitude": null}],
 "milestones":
  [],
 "ipo": null,
 "video_embeds":
  [],
 "screenshots":
  [{"available_sizes":
     [[[150,
        119],
       "http://api-images.crunchbase.com/assets/images/resized/0009/6852/96852v2-max-150x150.jpg"],
      [[250,
        198],
       "http://api-images.crunchbase.com/assets/images/resized/0009/6852/96852v2-max-250x250.jpg"],
      [[450,
        357],
       "http://api-images.crunchbase.com/assets/images/resized/0009/6852/96852v2-max-450x450.jpg"]],
    "attribution": null}],
 "external_links":
  [{"external_url": "http://www.extranetevolution.com/extranet_evolution/2010/07/websites-overhauled-at-biw-and-4projects.html",
    "title": "Websites overhauled at BIW and 4Projects"},
   {"external_url": "http://www.extranetevolution.com/extranet_evolution/2010/05/4projects-team-expanding.html",
    "title": "4Projects team expanding"},
   {"external_url": "http://www.extranetevolution.com/extranet_evolution/2008/07/4projects-turnover-up-a-third.html",
    "title": "4Projects turnover up a third"},
   {"external_url": "http://www.extranetevolution.com/extranet_evolution/2009/12/4projects-and-profitability.html",
    "title": "4Projects and profitability"},
   {"external_url": "http://www.extranetevolution.com/extranet_evolution/2010/02/collabor8online-talking-low-cost-collaboration.html",
    "title": "Collabor8online: talking low-cost collaboration"},
   {"external_url": "http://www.oilvoice.com/n/Centrica_Contracts_Further_With_4Projects_as_it_Expands_Its_Activities/80e92da0e.aspx",
    "title": "Centrica Contracts Further With 4Projects as it Expands Its Activities"},
   {"external_url": "http://www.findingpetroleum.com/n/Centrica_Energy_Upstream_extends_contract_with_4Projects/de5f6be2.aspx",
    "title": "Centrica Energy Upstream extends contract with 4Projects"},
   {"external_url": "http://www.nebusiness.co.uk/business-news/science-and-technology/2010/08/05/getting-tuned-in-with-young-talent-51140-26997325/",
    "title": "Getting tuned in with young talent "},
   {"external_url": "http://www.document-manager.com/news.asp",
    "title": "4Projects launches Milestone Manager to keep teams on track"},
   {"external_url": "http://www.sunderland.ac.uk/newsevents/news/news/index.php?nid=966",
    "title": "Young journalist hopes to carry on inspirational campaigner's legacy"}],
 "partners":
  []}
