{"name": "541Live",
 "permalink": "541live",
 "crunchbase_url": "http://www.crunchbase.com/company/541live",
 "homepage_url": "http://www.541live.com",
 "blog_url": "",
 "blog_feed_url": "feed://www.541live.com/feed/",
 "twitter_username": "541live",
 "category_code": "advertising",
 "number_of_employees": 4,
 "founded_year": 2009,
 "founded_month": 3,
 "founded_day": null,
 "deadpooled_year": null,
 "deadpooled_month": null,
 "deadpooled_day": null,
 "deadpooled_url": null,
 "tag_list": "hyperlocal, online-marketing, online-magazine, local-advertising, travel, tourism",
 "alias_list": null,
 "email_address": "jason@541live.com",
 "phone_number": "541-414-4010",
 "description": "Bend Hyperlocal Site",
 "created_at": "Mon Jul 05 22:37:10 UTC 2010",
 "updated_at": "Sat Mar 03 20:50:19 UTC 2012",
 "overview": "\u003Cp\u003E541Live is a growing hyperlocal site currently serving Bend Oregon, Medford, Ashland and Grants Pass.  Our readers can find reviews on restaurants, entertainment venues, shopping, current movie times and outdoor activities. Readers can also leave their own reviews and comments.\u003C/p\u003E\n\n\u003Cp\u003E541Live provides online advertising partnerships for businesses. Businesses have the opportunity to showcase themselves to a growing audience of locals and tourists.\u003C/p\u003E\n\n\u003Cp\u003E541Live currently serves Central Oregon and Southern Oregon. Future plans to include Eugene and Portland Oregon.\u003C/p\u003E",
 "image":
  {"available_sizes":
    [[[150,
       50],
      "http://api-images.crunchbase.com/assets/images/resized/0009/2489/92489v2-max-150x150.jpg"],
     [[250,
       83],
      "http://api-images.crunchbase.com/assets/images/resized/0009/2489/92489v2-max-250x250.jpg"],
     [[450,
       150],
      "http://api-images.crunchbase.com/assets/images/resized/0009/2489/92489v2-max-450x450.jpg"]],
   "attribution": null},
 "products":
  [],
 "relationships":
  [{"is_past": false,
    "title": "Founder",
    "person":
     {"first_name": "Jason",
      "last_name": "Nab",
      "permalink": "jason-nab"}},
   {"is_past": true,
    "title": "Co-Founder",
    "person":
     {"first_name": "Amanda",
      "last_name": "Misa",
      "permalink": "amanda-misa"}}],
 "competitions":
  [],
 "providerships":
  [],
 "total_money_raised": "$0",
 "funding_rounds":
  [],
 "investments":
  [],
 "acquisition": null,
 "acquisitions":
  [],
 "offices":
  [{"description": "541Live",
    "address1": "Southwest Powerhouse Drive",
    "address2": "",
    "zip_code": "97702",
    "city": "Bend",
    "state_code": "OR",
    "country_code": "USA",
    "latitude": null,
    "longitude": null}],
 "milestones":
  [],
 "ipo": null,
 "video_embeds":
  [],
 "screenshots":
  [{"available_sizes":
     [[[82,
        150],
       "http://api-images.crunchbase.com/assets/images/resized/0017/5094/175094v2-max-150x150.jpg"],
      [[137,
        250],
       "http://api-images.crunchbase.com/assets/images/resized/0017/5094/175094v2-max-250x250.jpg"],
      [[248,
        450],
       "http://api-images.crunchbase.com/assets/images/resized/0017/5094/175094v2-max-450x450.jpg"]],
    "attribution": null}],
 "external_links":
  [{"external_url": "http://www.ktvl.com/video/?videoId=70851448001",
    "title": "KTVL Interview"}],
 "partners":
  []}
