{"name": "72interactive",
 "permalink": "72interactive",
 "crunchbase_url": "http://www.crunchbase.com/company/72interactive",
 "homepage_url": "http://www.72interactive.com",
 "blog_url": "http://blog.72interactive.com",
 "blog_feed_url": "",
 "twitter_username": "72interactive",
 "category_code": "ecommerce",
 "number_of_employees": 15,
 "founded_year": 2009,
 "founded_month": 1,
 "founded_day": 1,
 "deadpooled_year": null,
 "deadpooled_month": null,
 "deadpooled_day": null,
 "deadpooled_url": null,
 "tag_list": "website-designing-company, website-development-company, creative-website-designing-company, digital-marketing-agency, ecommerce-website-development-company, search-engine-optimization-company, pay-per-click-services, social-media-optimization-company, dig",
 "alias_list": null,
 "email_address": "sales@72interactive.com",
 "phone_number": "+919811122212",
 "description": "Website, Search, SMO, Mobile Application",
 "created_at": "Fri Jun 04 03:58:10 UTC 2010",
 "updated_at": "Fri Mar 18 06:45:44 UTC 2011",
 "overview": "\u003Cp\u003E72interactive is a website design, development and marketing firm located in New Delhi India. Our deep understanding of business and internet technology coupled with a prolific eye for creation allow us to provide each client an optimal return. The company also understands that when a client teams up with 72interactive, they are putting their trust in our hands. We strive to build a long-lasting relationship and consider clients as our partners and embrace an interest in their growth and profitability. They learn about their business, their customers, and what is important to them and their clientele. With a better understanding of our customers, the company leverages the power of technology and employ creative strategies to deliver effective solutions that provide our clients with significant value.\u003C/p\u003E\n\n\u003Cp\u003EIts staff of professional Web designers, programmers, graphic designers, Internet marketing campaign managers, and web consultants constitutes an amazing team.\u003C/p\u003E",
 "image":
  {"available_sizes":
    [[[150,
       32],
      "http://api-images.crunchbase.com/assets/images/resized/0008/9497/89497v2-max-150x150.jpg"],
     [[250,
       53],
      "http://api-images.crunchbase.com/assets/images/resized/0008/9497/89497v2-max-250x250.jpg"],
     [[329,
       71],
      "http://api-images.crunchbase.com/assets/images/resized/0008/9497/89497v2-max-450x450.jpg"]],
   "attribution": null},
 "products":
  [],
 "relationships":
  [{"is_past": false,
    "title": "Business Head",
    "person":
     {"first_name": "Amit",
      "last_name": "Shroff",
      "permalink": "amit-shroff"}}],
 "competitions":
  [],
 "providerships":
  [],
 "total_money_raised": "$0",
 "funding_rounds":
  [],
 "investments":
  [],
 "acquisition": null,
 "acquisitions":
  [],
 "offices":
  [{"description": "72interactive",
    "address1": "B61 Sector 2, UP",
    "address2": "",
    "zip_code": "201301",
    "city": "Noida",
    "state_code": null,
    "country_code": "IND",
    "latitude": null,
    "longitude": null}],
 "milestones":
  [],
 "ipo": null,
 "video_embeds":
  [],
 "screenshots":
  [],
 "external_links":
  [{"external_url": "http://eepurl.com/erv7",
    "title": "Newsletter Subscription"}],
 "partners":
  []}
