{"name": "770 SportShop",
 "permalink": "770-sportshop",
 "crunchbase_url": "http://www.crunchbase.com/company/770-sportshop",
 "homepage_url": "http://www.770sportshop.com",
 "blog_url": "",
 "blog_feed_url": "",
 "twitter_username": "770sportshop",
 "category_code": "ecommerce",
 "number_of_employees": 9,
 "founded_year": 2010,
 "founded_month": 1,
 "founded_day": 18,
 "deadpooled_year": null,
 "deadpooled_month": null,
 "deadpooled_day": null,
 "deadpooled_url": null,
 "tag_list": "sporting-goods, deals, group-buying, fitness, ecommerce",
 "alias_list": null,
 "email_address": "team@770sportshop.com",
 "phone_number": "514-626-6610",
 "description": "Sporting Goods Group Shopping",
 "created_at": "Fri Aug 13 15:49:10 UTC 2010",
 "updated_at": "Wed Dec 01 17:53:47 UTC 2010",
 "overview": "\u003Cp\u003E770 Sport Shop (www.770sportshop.com) is the internet\u00e2\u20ac\u2122s only group buying website dedicated to sports and fitness.\u003C/p\u003E\n\n\u003Cp\u003E770 Sports Shop allows people who share similar fitness and sports interest to align together and purchase collectively. This platform is designed for its members to request deals and get involved.\u003C/p\u003E\n\n\u003Cp\u003EThe idea behind it is simple: by purchasing as a group, they can get unbeatable discounts. The 770 Sport Shop team negotiates directly with merchants to get amazing city deals when a minimum number of buyers is guaranteed.\u003C/p\u003E\n\n\u003Cp\u003EThey work collectively to offer sports and fitness enthusiasts incredible deals, and business reliable and new customers. Based in Montreal, Quebec, 770 Sport Shop is looking for new ways to provide a positive collective buying experience to the sports and fitness community.\u003C/p\u003E\n\n\u003Cp\u003Eteam@770sportshop.com\u003C/p\u003E",
 "image":
  {"available_sizes":
    [[[150,
       134],
      "http://api-images.crunchbase.com/assets/images/resized/0009/7560/97560v5-max-150x150.jpg"],
     [[182,
       163],
      "http://api-images.crunchbase.com/assets/images/resized/0009/7560/97560v5-max-250x250.jpg"],
     [[182,
       163],
      "http://api-images.crunchbase.com/assets/images/resized/0009/7560/97560v5-max-450x450.jpg"]],
   "attribution": null},
 "products":
  [{"name": "sporting goods",
    "permalink": "sporting-goods"},
   {"name": "sport and fitness deals",
    "permalink": "sport-and-fitness-deals"}],
 "relationships":
  [],
 "competitions":
  [],
 "providerships":
  [{"title": "",
    "is_past": false,
    "provider":
     {"name": "Starmedia Communications",
      "permalink": "starmedia-communications"}}],
 "total_money_raised": "$0",
 "funding_rounds":
  [],
 "investments":
  [],
 "acquisition": null,
 "acquisitions":
  [],
 "offices":
  [],
 "milestones":
  [],
 "ipo": null,
 "video_embeds":
  [],
 "screenshots":
  [{"available_sizes":
     [[[150,
        114],
       "http://api-images.crunchbase.com/assets/images/resized/0009/7559/97559v2-max-150x150.jpg"],
      [[250,
        191],
       "http://api-images.crunchbase.com/assets/images/resized/0009/7559/97559v2-max-250x250.jpg"],
      [[450,
        344],
       "http://api-images.crunchbase.com/assets/images/resized/0009/7559/97559v2-max-450x450.jpg"]],
    "attribution": null}],
 "external_links":
  [],
 "partners":
  []}
