{"name": "9b+",
 "permalink": "9b",
 "crunchbase_url": "http://www.crunchbase.com/company/9b",
 "homepage_url": "http://www.9bplus.com",
 "blog_url": "",
 "blog_feed_url": "",
 "twitter_username": "9bplus",
 "category_code": "security",
 "number_of_employees": 1,
 "founded_year": 2010,
 "founded_month": null,
 "founded_day": null,
 "deadpooled_year": null,
 "deadpooled_month": null,
 "deadpooled_day": null,
 "deadpooled_url": null,
 "tag_list": "idea-funding, xml-firewalls, rapid-prototyping",
 "alias_list": null,
 "email_address": "info@9bplus.com",
 "phone_number": "",
 "description": "Security consulting and prototyping",
 "created_at": "Fri Aug 13 19:46:24 UTC 2010",
 "updated_at": "Mon Dec 06 19:12:06 UTC 2010",
 "overview": "\u003Cp\u003E9b+ offers XML gateway firewall consulting and sponsors a plethora of opensource and startup ideas.\u003C/p\u003E",
 "image":
  {"available_sizes":
    [[[150,
       75],
      "http://api-images.crunchbase.com/assets/images/resized/0009/7605/97605v2-max-150x150.jpg"],
     [[250,
       125],
      "http://api-images.crunchbase.com/assets/images/resized/0009/7605/97605v2-max-250x250.jpg"],
     [[400,
       201],
      "http://api-images.crunchbase.com/assets/images/resized/0009/7605/97605v2-max-450x450.jpg"]],
   "attribution": null},
 "products":
  [],
 "relationships":
  [{"is_past": false,
    "title": "Founder and CEO",
    "person":
     {"first_name": "Brandon",
      "last_name": "Dixon",
      "permalink": "brandon-dixon"}}],
 "competitions":
  [],
 "providerships":
  [],
 "total_money_raised": "$0",
 "funding_rounds":
  [],
 "investments":
  [],
 "acquisition": null,
 "acquisitions":
  [],
 "offices":
  [],
 "milestones":
  [],
 "ipo": null,
 "video_embeds":
  [],
 "screenshots":
  [{"available_sizes":
     [[[150,
        89],
       "http://api-images.crunchbase.com/assets/images/resized/0011/2708/112708v2-max-150x150.png"],
      [[250,
        148],
       "http://api-images.crunchbase.com/assets/images/resized/0011/2708/112708v2-max-250x250.png"],
      [[450,
        267],
       "http://api-images.crunchbase.com/assets/images/resized/0011/2708/112708v2-max-450x450.png"]],
    "attribution": null}],
 "external_links":
  [],
 "partners":
  []}
