{"name": "9panels",
 "permalink": "9panels",
 "crunchbase_url": "http://www.crunchbase.com/company/9panels",
 "homepage_url": "http://www.9panels.com",
 "blog_url": "http://blog.9panels.com/",
 "blog_feed_url": "http://blog.9panels.com/?feed=rss2",
 "twitter_username": "9panels",
 "category_code": "games_video",
 "number_of_employees": null,
 "founded_year": null,
 "founded_month": null,
 "founded_day": null,
 "deadpooled_year": null,
 "deadpooled_month": null,
 "deadpooled_day": null,
 "deadpooled_url": null,
 "tag_list": "",
 "alias_list": "",
 "email_address": "",
 "phone_number": "",
 "description": "Online Manga",
 "created_at": "Thu May 06 23:15:19 UTC 2010",
 "updated_at": "Fri May 07 22:24:57 UTC 2010",
 "overview": "",
 "image":
  {"available_sizes":
    [[[115,
       35],
      "http://api-images.crunchbase.com/assets/images/resized/0008/6408/86408v1-max-150x150.png"],
     [[115,
       35],
      "http://api-images.crunchbase.com/assets/images/resized/0008/6408/86408v1-max-250x250.png"],
     [[115,
       35],
      "http://api-images.crunchbase.com/assets/images/resized/0008/6408/86408v1-max-450x450.png"]],
   "attribution": null},
 "products":
  [],
 "relationships":
  [],
 "competitions":
  [],
 "providerships":
  [],
 "total_money_raised": "$0",
 "funding_rounds":
  [],
 "investments":
  [],
 "acquisition": null,
 "acquisitions":
  [],
 "offices":
  [],
 "milestones":
  [],
 "ipo": null,
 "video_embeds":
  [],
 "screenshots":
  [],
 "external_links":
  [{"external_url": "http://twitter.com/9panels",
    "title": "Twitter"}],
 "partners":
  []}
