{"name": "A Bit Lucky",
 "permalink": "a-bit-lucky",
 "crunchbase_url": "http://www.crunchbase.com/company/a-bit-lucky",
 "homepage_url": "http://www.abitlucky.com",
 "blog_url": "",
 "blog_feed_url": "",
 "twitter_username": "abitlucky",
 "category_code": "games_video",
 "number_of_employees": null,
 "founded_year": 2009,
 "founded_month": 10,
 "founded_day": null,
 "deadpooled_year": null,
 "deadpooled_month": null,
 "deadpooled_day": null,
 "deadpooled_url": null,
 "tag_list": "social-gaming",
 "alias_list": "",
 "email_address": "",
 "phone_number": "",
 "description": "New generation of social gaming",
 "created_at": "Mon Mar 15 19:13:56 UTC 2010",
 "updated_at": "Wed Dec 18 04:46:46 UTC 2013",
 "overview": "\u003Cp\u003EA Bit Lucky, Inc. is the new generation of transplatform online social gaming. Our passion is to make great games.\u003C/p\u003E",
 "image":
  {"available_sizes":
    [[[150,
       79],
      "http://api-images.crunchbase.com/assets/images/resized/0009/9061/99061v2-max-150x150.png"],
     [[250,
       133],
      "http://api-images.crunchbase.com/assets/images/resized/0009/9061/99061v2-max-250x250.png"],
     [[450,
       239],
      "http://api-images.crunchbase.com/assets/images/resized/0009/9061/99061v2-max-450x450.png"]],
   "attribution": null},
 "products":
  [{"name": "Lucky Train",
    "permalink": "lucky-train"}],
 "relationships":
  [{"is_past": false,
    "title": "Lead Backend Engineer",
    "person":
     {"first_name": "Leigh",
      "last_name": "Smith",
      "permalink": "leigh-estes"}},
   {"is_past": true,
    "title": "CEO",
    "person":
     {"first_name": "Frederic",
      "last_name": "Descamps",
      "permalink": "frederic-descamps"}},
   {"is_past": true,
    "title": "CFO, VP of Ops",
    "person":
     {"first_name": "Ed",
      "last_name": "Lu",
      "permalink": "ed-lu"}},
   {"is_past": true,
    "title": "Co-Founder \u0026 Chief Creative Officer",
    "person":
     {"first_name": "Jordan",
      "last_name": "Maynard",
      "permalink": "jordan-maynard"}},
   {"is_past": true,
    "title": "Lead Frontend Engineer",
    "person":
     {"first_name": "Baris",
      "last_name": "Yaman",
      "permalink": "baris-yaman"}},
   {"is_past": true,
    "title": "Senior Game Engineer",
    "person":
     {"first_name": "Gabriel",
      "last_name": "Santos",
      "permalink": "gabriel-santos"}}],
 "competitions":
  [],
 "providerships":
  [],
 "total_money_raised": "$10.3M",
 "funding_rounds":
  [{"id": 13036,
    "round_code": "convertible",
    "source_url": "http://www.sec.gov/Archives/edgar/data/1484967/000148496710000005/xslFormDX01/primary_doc.xml",
    "source_description": "SEC D",
    "raised_amount": 2600000.0,
    "raised_currency_code": "USD",
    "funded_year": 2010,
    "funded_month": 3,
    "funded_day": 15,
    "investments":
     [{"company": null,
       "financial_org":
        {"name": "Lerer Ventures",
         "permalink": "lerer-ventures"},
       "person": null},
      {"company": null,
       "financial_org": null,
       "person":
        {"first_name": "David",
         "last_name": "Lawee",
         "permalink": "david-lawee"}},
      {"company": null,
       "financial_org":
        {"name": "SV Angel",
         "permalink": "sv-angel"},
       "person": null},
      {"company": null,
       "financial_org":
        {"name": "XG Ventures",
         "permalink": "xg-ventures"},
       "person": null},
      {"company": null,
       "financial_org":
        {"name": "Founder Collective",
         "permalink": "founder-collective"},
       "person": null},
      {"company": null,
       "financial_org":
        {"name": "Felicis Ventures",
         "permalink": "felicis-ventures"},
       "person": null}]},
   {"id": 22035,
    "round_code": "unattributed",
    "source_url": "http://www.sec.gov/Archives/edgar/data/1484967/000148496711000001/xslFormDX01/primary_doc.xml",
    "source_description": "SEC",
    "raised_amount": 7712103.0,
    "raised_currency_code": "USD",
    "funded_year": 2011,
    "funded_month": 3,
    "funded_day": 25,
    "investments":
     [{"company":
        {"name": "Nexon",
         "permalink": "nexon"},
       "financial_org": null,
       "person": null},
      {"company": null,
       "financial_org":
        {"name": "SV Angel",
         "permalink": "sv-angel"},
       "person": null},
      {"company": null,
       "financial_org":
        {"name": "Founder Collective",
         "permalink": "founder-collective"},
       "person": null},
      {"company": null,
       "financial_org":
        {"name": "Felicis Ventures",
         "permalink": "felicis-ventures"},
       "person": null},
      {"company": null,
       "financial_org":
        {"name": "Lerer Ventures",
         "permalink": "lerer-ventures"},
       "person": null},
      {"company": null,
       "financial_org": null,
       "person":
        {"first_name": "Kevin",
         "last_name": "Tung",
         "permalink": "kevin-tung"}}]}],
 "investments":
  [],
 "acquisition":
  {"price_amount": null,
   "price_currency_code": "USD",
   "term_code": null,
   "source_url": "http://techcrunch.com/2012/09/17/zynga-acquisition-a-bit-lucky/",
   "source_description": "Zynga Buys A Bit Lucky To Break Into Mid-Core Gaming",
   "acquired_year": 2012,
   "acquired_month": 9,
   "acquired_day": 17,
   "acquiring_company":
    {"name": "Zynga",
     "permalink": "zynga"}},
 "acquisitions":
  [],
 "offices":
  [{"description": "",
    "address1": "1720 S. Amphlett Blvd.",
    "address2": "SUITE 210",
    "zip_code": "94402",
    "city": "San Mateo",
    "state_code": "CA",
    "country_code": "USA",
    "latitude": null,
    "longitude": null}],
 "milestones":
  [],
 "ipo": null,
 "video_embeds":
  [],
 "screenshots":
  [],
 "external_links":
  [],
 "partners":
  []}
