{"name": "A\u0026G Pharmaceutical",
 "permalink": "a-g-pharmaceutical",
 "crunchbase_url": "http://www.crunchbase.com/company/a-g-pharmaceutical",
 "homepage_url": "http://www.agpharma.com",
 "blog_url": "",
 "blog_feed_url": "",
 "twitter_username": null,
 "category_code": "biotech",
 "number_of_employees": null,
 "founded_year": null,
 "founded_month": null,
 "founded_day": null,
 "deadpooled_year": null,
 "deadpooled_month": null,
 "deadpooled_day": null,
 "deadpooled_url": null,
 "tag_list": "",
 "alias_list": "",
 "email_address": "agpharma@agpharma.com",
 "phone_number": "410 884 4100",
 "description": "",
 "created_at": "Wed Sep 01 12:23:59 UTC 2010",
 "updated_at": "Wed Dec 11 06:46:56 UTC 2013",
 "overview": "\u003Cp\u003EA\u0026amp;G Pharmaceutical is a theranostics company creating and developing monoclonal antibodies to cancer-specific targets as a basis for novel therapeutic and diagnostic products. The company is currently advancing a near-term opportunity to develop and commercialize a line of diagnostic test kits that will improve early detection, diagnosis, and treatment of breast cancer based on GP88, a patented and proprietary growth factor discovered by A\u0026amp;G researchers. Concurrently, A\u0026amp;G\u00e2\u20ac\u2122s therapeutic division is pursuing development of anti-GP88 monoclonal antibody therapeutics for cancer. A\u0026amp;G\u00e2\u20ac\u2122s customized antibody service generates revenue to fund the drug development effort by accelerating the generation of novel, functional antibody therapeutics for leading pharmaceutical and biotechnology companies as well as federal laboratories. A\u0026amp;G has raised $3.5 million of equity capital and is located in Columbia, Md.\u003C/p\u003E",
 "image":
  {"available_sizes":
    [[[144,
       78],
      "http://api-images.crunchbase.com/assets/images/resized/0010/0200/100200v1-max-150x150.jpg"],
     [[144,
       78],
      "http://api-images.crunchbase.com/assets/images/resized/0010/0200/100200v1-max-250x250.jpg"],
     [[144,
       78],
      "http://api-images.crunchbase.com/assets/images/resized/0010/0200/100200v1-max-450x450.jpg"]],
   "attribution": null},
 "products":
  [],
 "relationships":
  [{"is_past": false,
    "title": "Co - Founder \u0026 Board Chairman",
    "person":
     {"first_name": "Gordon",
      "last_name": "Sato",
      "permalink": "gordon-sato"}},
   {"is_past": false,
    "title": "Co - Founder \u0026 VP, R\u0026D",
    "person":
     {"first_name": "Jun",
      "last_name": "Hayashi",
      "permalink": "jun-hayashi"}},
   {"is_past": false,
    "title": "Co - Founder \u0026 CEO \u0026 Board Director",
    "person":
     {"first_name": "Ginette",
      "last_name": "Serrero",
      "permalink": "ginette-serrero"}},
   {"is_past": false,
    "title": "COO",
    "person":
     {"first_name": "Michael",
      "last_name": "Keefe",
      "permalink": "michael-keefe"}},
   {"is_past": false,
    "title": "VP, Drug Discovery",
    "person":
     {"first_name": "Randy",
      "last_name": "Barton",
      "permalink": "randy-barton"}},
   {"is_past": false,
    "title": "Board Director",
    "person":
     {"first_name": "Lars",
      "last_name": "Hanan",
      "permalink": "lars-hanan"}},
   {"is_past": false,
    "title": "Board Director",
    "person":
     {"first_name": "SeungSuh",
      "last_name": "Hong",
      "permalink": "seungsuh-hong"}},
   {"is_past": false,
    "title": "Board Director",
    "person":
     {"first_name": "Seung",
      "last_name": "Il Shin",
      "permalink": "seung-il-shin"}},
   {"is_past": false,
    "title": "Board Director",
    "person":
     {"first_name": "Thomas",
      "last_name": "Hancock",
      "permalink": "thomas-hancock"}},
   {"is_past": false,
    "title": "Board Director",
    "person":
     {"first_name": "Jennie",
      "last_name": "P. Mather",
      "permalink": "jennie-p-mather"}},
   {"is_past": true,
    "title": "Vice-President of Drug Discovery",
    "person":
     {"first_name": "Randall",
      "last_name": "W. Barton",
      "permalink": "randall-w-barton"}}],
 "competitions":
  [],
 "providerships":
  [],
 "total_money_raised": "$2.1M",
 "funding_rounds":
  [{"id": 18018,
    "round_code": "a",
    "source_url": "http://www.agpharma.com/news/releases/news09.08.05.html",
    "source_description": "A\u0026G Pharmaceutical Completes Series A Financing",
    "raised_amount": 2000000.0,
    "raised_currency_code": "USD",
    "funded_year": 2005,
    "funded_month": 9,
    "funded_day": 8,
    "investments":
     [{"company": null,
       "financial_org":
        {"name": "New England Partners",
         "permalink": "new-england-partners"},
       "person": null},
      {"company": null,
       "financial_org":
        {"name": "Maryland Venture Fund",
         "permalink": "maryland-venture-fund"},
       "person": null},
      {"company": null,
       "financial_org":
        {"name": "Crocker Capital",
         "permalink": "crocker-capital"},
       "person": null}]},
   {"id": 57648,
    "round_code": "partial",
    "source_url": "http://www.sec.gov/Archives/edgar/data/1173155/000117315510000003/xslFormDX01/primary_doc.xml",
    "source_description": "SEC",
    "raised_amount": 100002.0,
    "raised_currency_code": "USD",
    "funded_year": 2010,
    "funded_month": 4,
    "funded_day": 27,
    "investments":
     []}],
 "investments":
  [],
 "acquisition": null,
 "acquisitions":
  [],
 "offices":
  [{"description": "",
    "address1": "9130 Red Branch Road, Suite U",
    "address2": "",
    "zip_code": "21045",
    "city": "Columbia",
    "state_code": "MD",
    "country_code": "USA",
    "latitude": null,
    "longitude": null}],
 "milestones":
  [],
 "ipo": null,
 "video_embeds":
  [],
 "screenshots":
  [{"available_sizes":
     [[[150,
        125],
       "http://api-images.crunchbase.com/assets/images/resized/0010/0201/100201v1-max-150x150.jpg"],
      [[250,
        209],
       "http://api-images.crunchbase.com/assets/images/resized/0010/0201/100201v1-max-250x250.jpg"],
      [[450,
        377],
       "http://api-images.crunchbase.com/assets/images/resized/0010/0201/100201v1-max-450x450.jpg"]],
    "attribution": null}],
 "external_links":
  [],
 "partners":
  []}
