{"name": "Aaromba Technologies",
 "permalink": "aaromba-technologies",
 "crunchbase_url": "http://www.crunchbase.com/company/aaromba-technologies",
 "homepage_url": "http://www.aaromba.com",
 "blog_url": "",
 "blog_feed_url": "",
 "twitter_username": null,
 "category_code": "software",
 "number_of_employees": null,
 "founded_year": null,
 "founded_month": null,
 "founded_day": null,
 "deadpooled_year": null,
 "deadpooled_month": null,
 "deadpooled_day": null,
 "deadpooled_url": null,
 "tag_list": "",
 "alias_list": "",
 "email_address": "sales@aaromba.com",
 "phone_number": "1300-558-101",
 "description": "",
 "created_at": "Sat Jul 10 12:33:07 UTC 2010",
 "updated_at": "Fri Aug 27 11:20:04 UTC 2010",
 "overview": "\u003Cp\u003EAt Aaromba they\u0026#8217;ve been delivering world class CRM Software, Service Desk Software, and Business Process Automation (xRM) solutions to more than 700 clients over 9 years.\u003C/p\u003E\n\n\u003Cp\u003EAaromba is a pioneer in the Australian CRM Market with over 500 successful CRM projects (web based CRM software and on-premise) for organisations of all sizes.\u003C/p\u003E",
 "image":
  {"available_sizes":
    [[[150,
       53],
      "http://api-images.crunchbase.com/assets/images/resized/0009/9635/99635v1-max-150x150.jpg"],
     [[200,
       71],
      "http://api-images.crunchbase.com/assets/images/resized/0009/9635/99635v1-max-250x250.jpg"],
     [[200,
       71],
      "http://api-images.crunchbase.com/assets/images/resized/0009/9635/99635v1-max-450x450.jpg"]],
   "attribution": null},
 "products":
  [],
 "relationships":
  [],
 "competitions":
  [],
 "providerships":
  [],
 "total_money_raised": "$0",
 "funding_rounds":
  [],
 "investments":
  [],
 "acquisition":
  {"price_amount": null,
   "price_currency_code": "USD",
   "term_code": null,
   "source_url": "http://www.pressreleasepoint.com/aaromba-technologies-acquired-csg-limited-and-becomes-largest-microsoft-dynamics-crm-software-partne",
   "source_description": "Aaromba Technologies Acquired by CSG Limited and Becomes The Largest Microsoft Dynamics CRM Software Partner in Asia-Pacific",
   "acquired_year": 2010,
   "acquired_month": 6,
   "acquired_day": 2,
   "acquiring_company":
    {"name": "CSG Limited",
     "permalink": "csg-limited"}},
 "acquisitions":
  [],
 "offices":
  [{"description": "Aaromba - A CSG Company",
    "address1": "Level 6, 122 Walker Street,",
    "address2": "",
    "zip_code": "NSW 2060",
    "city": "North Sydney",
    "state_code": null,
    "country_code": "AUS",
    "latitude": null,
    "longitude": null},
   {"description": "",
    "address1": "Level 8 Jacana House",
    "address2": "39 Woods St",
    "zip_code": "NT 0800",
    "city": "Darwin",
    "state_code": null,
    "country_code": "AUS",
    "latitude": null,
    "longitude": null}],
 "milestones":
  [],
 "ipo": null,
 "video_embeds":
  [],
 "screenshots":
  [{"available_sizes":
     [[[150,
        103],
       "http://api-images.crunchbase.com/assets/images/resized/0009/9636/99636v1-max-150x150.jpg"],
      [[250,
        172],
       "http://api-images.crunchbase.com/assets/images/resized/0009/9636/99636v1-max-250x250.jpg"],
      [[450,
        310],
       "http://api-images.crunchbase.com/assets/images/resized/0009/9636/99636v1-max-450x450.jpg"]],
    "attribution": null}],
 "external_links":
  [{"external_url": "http://www.pressreleasepoint.com/aaromba-technologies-acquired-csg-limited-and-becomes-largest-microsoft-dynamics-crm-software-partne",
    "title": "Aaromba Technologies Acquired by CSG Limited and Becomes The Largest Microsoft Dynamics CRM Software Partner in Asia-Pacific"}],
 "partners":
  []}
