{"name": "Aash Cube Lighting",
 "permalink": "aash-cube-lighting",
 "crunchbase_url": "http://www.crunchbase.com/company/aash-cube-lighting",
 "homepage_url": "http://www.aashcube.com",
 "blog_url": "",
 "blog_feed_url": "",
 "twitter_username": null,
 "category_code": "other",
 "number_of_employees": 12,
 "founded_year": 2010,
 "founded_month": 3,
 "founded_day": null,
 "deadpooled_year": null,
 "deadpooled_month": null,
 "deadpooled_day": null,
 "deadpooled_url": null,
 "tag_list": "led, led-stree-light, solar-light, traffic-signal, street-light-pole, outdoor-light, indoor-light",
 "alias_list": null,
 "email_address": "info@aashcube.com",
 "phone_number": "",
 "description": "Manufacturer of LED lighting",
 "created_at": "Sun Jun 20 19:42:35 UTC 2010",
 "updated_at": "Mon Jun 21 14:44:49 UTC 2010",
 "overview": "\u003Cp\u003EManufacturer of High Power LED Street lights, Industrial Lights, Indoor/Outdoor LED Lights, Solar LED Lights, LED Traffic Signals, Street Light Poles, GI Poles, Swadge Poles and Tabular Poles. \u003C/p\u003E\n\n\u003Cp\u003ECompany has in house Design and R\u0026amp;D department and manufacturing facility in India. Our products are design for Indian Market as well as for export/ OEM market.\u003C/p\u003E",
 "image":
  {"available_sizes":
    [[[150,
       147],
      "http://api-images.crunchbase.com/assets/images/resized/0009/1203/91203v2-max-150x150.png"],
     [[250,
       246],
      "http://api-images.crunchbase.com/assets/images/resized/0009/1203/91203v2-max-250x250.png"],
     [[450,
       443],
      "http://api-images.crunchbase.com/assets/images/resized/0009/1203/91203v2-max-450x450.png"]],
   "attribution": null},
 "products":
  [],
 "relationships":
  [],
 "competitions":
  [],
 "providerships":
  [],
 "total_money_raised": "$0",
 "funding_rounds":
  [],
 "investments":
  [],
 "acquisition": null,
 "acquisitions":
  [],
 "offices":
  [],
 "milestones":
  [],
 "ipo": null,
 "video_embeds":
  [],
 "screenshots":
  [],
 "external_links":
  [],
 "partners":
  []}
