{"name": "ABBYY",
 "permalink": "abbyy",
 "crunchbase_url": "http://www.crunchbase.com/company/abbyy",
 "homepage_url": "http://www.abbyy.com",
 "blog_url": "",
 "blog_feed_url": "",
 "twitter_username": "ABBYY_Software",
 "category_code": null,
 "number_of_employees": null,
 "founded_year": 1989,
 "founded_month": null,
 "founded_day": null,
 "deadpooled_year": null,
 "deadpooled_month": null,
 "deadpooled_day": null,
 "deadpooled_url": null,
 "tag_list": "ocr, ocr-software, data-capture, icr, dictionary, linguistic-software, linguistic-services",
 "alias_list": "",
 "email_address": "office@abbyy.com",
 "phone_number": "+7 (495) 783 3700",
 "description": "linguistic software and services",
 "created_at": "Wed Aug 11 09:16:16 UTC 2010",
 "updated_at": "Wed Oct 09 20:52:59 UTC 2013",
 "overview": "\u003Cp\u003EABBYY is a leading provider of document conversion, data capture, and linguistic software and services. The key areas of ABBYY\u0026#8217;s research and development include document recognition and linguistic technologies.\u003C/p\u003E\n\n\u003Cp\u003EABBYY\u0026#8217;s recognition technologies and products help people manage the increasing amount of information delivering powerful instruments which enable them to: unlock information from paper and images, automatically acquire data, and process and store valuable information. Using recognition and data capture products, people save money and effort typically spent on data entry, and benefit from the ability to access information in new, more efficient ways. Our linguistic products help break down language barriers, facilitating easier and clearer communication.\u003C/p\u003E",
 "image":
  {"available_sizes":
    [[[107,
       31],
      "http://api-images.crunchbase.com/assets/images/resized/0010/6778/106778v1-max-150x150.png"],
     [[107,
       31],
      "http://api-images.crunchbase.com/assets/images/resized/0010/6778/106778v1-max-250x250.png"],
     [[107,
       31],
      "http://api-images.crunchbase.com/assets/images/resized/0010/6778/106778v1-max-450x450.png"]],
   "attribution": null},
 "products":
  [{"name": "ABBYY FineReader Online",
    "permalink": "finereader-online"},
   {"name": "ABBYY FineReader 10",
    "permalink": "abbyy-finereader-10"},
   {"name": "ABBYY FlexiCapture",
    "permalink": "abbyy-flexicapture"},
   {"name": "ABBYY Recognition Server",
    "permalink": "abbyy-recognition-server"},
   {"name": "ABBYY FineReader Engine",
    "permalink": "abbyy-finereader-engine"},
   {"name": "ABBYY Lingvo Dictionary",
    "permalink": "abbyy-lingvo-dictionary"}],
 "relationships":
  [],
 "competitions":
  [],
 "providerships":
  [],
 "total_money_raised": "$0",
 "funding_rounds":
  [],
 "investments":
  [],
 "acquisition": null,
 "acquisitions":
  [{"price_amount": null,
    "price_currency_code": "USD",
    "term_code": null,
    "source_url": "http://www.prnewswire.com/news-releases/abbyy-usa-acquires-digital-documents-169432956.html",
    "source_description": "ABBYY USA Acquires Digital Documents",
    "acquired_year": 2012,
    "acquired_month": 9,
    "acquired_day": 12,
    "company":
     {"name": "Digital Documents",
      "permalink": "digital-documents"}}],
 "offices":
  [{"description": "HQ",
    "address1": "Otradnaya str. 2b/6",
    "address2": "",
    "zip_code": "127273",
    "city": "Moscow",
    "state_code": null,
    "country_code": "RUS",
    "latitude": null,
    "longitude": null},
   {"description": "ABBYY USA",
    "address1": "880 North McCarthy Boulevard, Suite 220",
    "address2": "",
    "zip_code": "95035",
    "city": "Milpitas",
    "state_code": "CA",
    "country_code": "USA",
    "latitude": null,
    "longitude": null},
   {"description": "ABBYY Europe GmbH",
    "address1": "Elsenheimerstrasse 49",
    "address2": "",
    "zip_code": "80687",
    "city": "Munich",
    "state_code": null,
    "country_code": "DEU",
    "latitude": null,
    "longitude": null},
   {"description": "ABBYY Canada",
    "address1": "555 Legget Drive, Suite #304",
    "address2": "",
    "zip_code": "K2K 2X3",
    "city": "Kanata",
    "state_code": null,
    "country_code": "CAN",
    "latitude": null,
    "longitude": null},
   {"description": "ABBYY UK Ltd.",
    "address1": "1210 Parkview, Arlington Business Park",
    "address2": "",
    "zip_code": "RG7 4TY",
    "city": "Theale",
    "state_code": null,
    "country_code": "GBR",
    "latitude": null,
    "longitude": null},
   {"description": "ABBYY Australia",
    "address1": "Citigroup Building, level 39, 2 Park Street",
    "address2": "",
    "zip_code": "2000",
    "city": "Sydney",
    "state_code": null,
    "country_code": "AUS",
    "latitude": null,
    "longitude": null},
   {"description": "ABBYY Ukraine",
    "address1": "Moscovsky av. 13-B",
    "address2": "",
    "zip_code": "04073",
    "city": "Kyiv",
    "state_code": null,
    "country_code": "UKR",
    "latitude": null,
    "longitude": null}],
 "milestones":
  [],
 "ipo": null,
 "video_embeds":
  [{"embed_code": "\u003Ciframe width=\"430\" height=\"315\" src=\"//www.youtube.com/embed/v12lo3evabk\" frameborder=\"0\" allowfullscreen\u003E\u003C/iframe\u003E",
    "description": "\u003Cp\u003EABBYY: Leading technology Innovation \u003C/p\u003E"},
   {"embed_code": "\u003Cobject width=\"420\" height=\"315\"\u003E\u003Cparam name=\"movie\" value=\"//www.youtube.com/v/xHgjsQSX_lQ?version=3\u0026amp;hl=ru_RU\"\u003E\u003C/param\u003E\u003Cparam name=\"allowFullScreen\" value=\"true\"\u003E\u003C/param\u003E\u003Cparam name=\"allowscriptaccess\" value=\"always\"\u003E\u003C/param\u003E\u003Cembed src=\"//www.youtube.com/v/xHgjsQSX_lQ?version=3\u0026amp;hl=ru_RU\" type=\"application/x-shockwave-flash\" width=\"420\" height=\"315\" allowscriptaccess=\"always\" allowfullscreen=\"true\"\u003E\u003C/embed\u003E\u003C/object\u003E",
    "description": "\u003Cp\u003EGoing Paperless with ABBYY FineReader\u003C/p\u003E"}],
 "screenshots":
  [{"available_sizes":
     [[[150,
        103],
       "http://api-images.crunchbase.com/assets/images/resized/0010/6779/106779v1-max-150x150.jpg"],
      [[250,
        173],
       "http://api-images.crunchbase.com/assets/images/resized/0010/6779/106779v1-max-250x250.jpg"],
      [[450,
        311],
       "http://api-images.crunchbase.com/assets/images/resized/0010/6779/106779v1-max-450x450.jpg"]],
    "attribution": null}],
 "external_links":
  [{"external_url": "http://news.google.ru/news/url?sa=t\u0026ct2=us%2F0_0_s_1_0_t\u0026usg=AFQjCNHTwxPG1OpbYO2zptx8cTyDZf4c6A\u0026did=cd46c7513eb8de7d\u0026cid=17593913010960\u0026ei=21MMTpjgB8yCtQanqpXsAQ\u0026rt=MORE_COVERAGE\u0026vm=STANDARD\u0026url=http%3A%2F%2Fwww.prnewswire.com%2Fnews-releases%2Fabbyy-anno",
    "title": "ABBYY Announces End-to-End Mobile Data Capture Solution for Enterprises"}],
 "partners":
  []}
