{"name": "ABC Television",
 "permalink": "abc-television",
 "crunchbase_url": "http://www.crunchbase.com/company/abc-television",
 "homepage_url": null,
 "blog_url": "",
 "blog_feed_url": "",
 "twitter_username": null,
 "category_code": null,
 "number_of_employees": null,
 "founded_year": 1956,
 "founded_month": null,
 "founded_day": null,
 "deadpooled_year": null,
 "deadpooled_month": null,
 "deadpooled_day": null,
 "deadpooled_url": null,
 "tag_list": null,
 "alias_list": "",
 "email_address": "",
 "phone_number": "",
 "description": "",
 "created_at": "Mon Apr 26 15:47:05 UTC 2010",
 "updated_at": "Thu Jul 29 00:27:02 UTC 2010",
 "overview": "\u003Cp\u003EABC Television is a service of the Australian Broadcasting Corporation launched in 1956. As a public broadcaster, the ABC provides four non-commercial channels within Australia, and a partially advertising-funded satellite channel overseas.\u003C/p\u003E",
 "image": null,
 "products":
  [],
 "relationships":
  [{"is_past": true,
    "title": "Vice President of Telecommunications \u0026 Affiliate Support",
    "person":
     {"first_name": "Richard",
      "last_name": "Wolf",
      "permalink": "richard-wolf"}},
   {"is_past": true,
    "title": "Vice President, Digital Media Sales, Account Executive - News, Senior Account Executive, Digital",
    "person":
     {"first_name": "Brian",
      "last_name": "Fisher",
      "permalink": "brian-fisher"}},
   {"is_past": true,
    "title": "VP, ABC.com",
    "person":
     {"first_name": "Harry",
      "last_name": "Lin",
      "permalink": "harry-lin"}},
   {"is_past": true,
    "title": "Casting",
    "person":
     {"first_name": "Patrick",
      "last_name": "Hearron",
      "permalink": "patrick-hearron"}},
   {"is_past": true,
    "title": "President",
    "person":
     {"first_name": "Barry",
      "last_name": "Diller",
      "permalink": "barry-diller"}},
   {"is_past": true,
    "title": "Director, Research",
    "person":
     {"first_name": "Jane",
      "last_name": "Collins",
      "permalink": "jane-collins"}},
   {"is_past": true,
    "title": "Senior Producer",
    "person":
     {"first_name": "Jeff",
      "last_name": "King",
      "permalink": "jeff-king"}},
   {"is_past": true,
    "title": "General Sales Manager",
    "person":
     {"first_name": "Bruce",
      "last_name": "Roberts",
      "permalink": "bruce-roberts"}},
   {"is_past": true,
    "title": "Vice President for Data Center Operations and Telecommunications",
    "person":
     {"first_name": "Frank",
      "last_name": "Graff",
      "permalink": "frank-graff"}}],
 "competitions":
  [],
 "providerships":
  [],
 "total_money_raised": "$0",
 "funding_rounds":
  [],
 "investments":
  [],
 "acquisition": null,
 "acquisitions":
  [],
 "offices":
  [],
 "milestones":
  [],
 "ipo": null,
 "video_embeds":
  [],
 "screenshots":
  [],
 "external_links":
  [],
 "partners":
  []}
