{"name": "IDlect Patent",
 "permalink": "abcpatent",
 "crunchbase_url": "http://www.crunchbase.com/company/abcpatent",
 "homepage_url": "http://patent.idlect.com",
 "blog_url": "",
 "blog_feed_url": "",
 "twitter_username": "idlect",
 "category_code": "software",
 "number_of_employees": 3,
 "founded_year": 2011,
 "founded_month": 4,
 "founded_day": 1,
 "deadpooled_year": null,
 "deadpooled_month": null,
 "deadpooled_day": null,
 "deadpooled_url": null,
 "tag_list": "patent, intellectual-property, utility-patent-application",
 "alias_list": null,
 "email_address": "post@idlect.com",
 "phone_number": "+79265788066",
 "description": "Reduce cost of IP services",
 "created_at": "Sun May 30 16:34:16 UTC 2010",
 "updated_at": "Mon Aug 15 21:46:26 UTC 2011",
 "overview": "\u003Cp\u003ENowadays, cost of patent attorney services for patent application filling begins from 5000$. Typically invention description, which was created by inventor is not suitable for patent application filling, so patent attorney need from 3 to 10 hours (500$/hour) to modify invention description. IDlect Patent is a software, which help user to prepare a patent-styled invention description and reduce cost of IP services by up to 30%. With IDlect Patent, inventor can prepare an invention description, which contains all necessary information for patent application filling. So, patent attorney will not need to modify invention and he can start patent application filling right after first consultation.  \u003C/p\u003E\n\n\u003Cp\u003EFeatures of IDlect Patent \u003C/p\u003E\n\n\u003Cp\u003EEasy-to-use. Software contains step-by-step guide for creation a patent-styled invention description. User needn\u0026#8217;t to know patent law, all he need is to know his invention.\nEconomy. Typically patent attorney create a patent-styled invention description. But, when user come with ready patent-styled invention description, patent attorney will need less hours for patent application drafting.\nAffordable. Cost of use is only 49,99 USD. If user will choose IDlect Patent Agency for patent drafting services, then he will use IDlect Patent for free.\u003C/p\u003E",
 "image": null,
 "products":
  [{"name": "IDlect Patent",
    "permalink": "idlect-patent"}],
 "relationships":
  [{"is_past": false,
    "title": "Patent Attorney",
    "person":
     {"first_name": "Sergey",
      "last_name": "Platonov",
      "permalink": "sergey-platonov"}},
   {"is_past": false,
    "title": "Lawyer",
    "person":
     {"first_name": "Tsirkunova",
      "last_name": "Ekaterina",
      "permalink": "tsirkunova-ekaterina"}},
   {"is_past": true,
    "title": "CEO",
    "person":
     {"first_name": "Dmitry",
      "last_name": "Platonov",
      "permalink": "dmitry-platonov"}}],
 "competitions":
  [],
 "providerships":
  [],
 "total_money_raised": "$0",
 "funding_rounds":
  [],
 "investments":
  [],
 "acquisition": null,
 "acquisitions":
  [],
 "offices":
  [],
 "milestones":
  [],
 "ipo": null,
 "video_embeds":
  [],
 "screenshots":
  [{"available_sizes":
     [[[150,
        83],
       "http://api-images.crunchbase.com/assets/images/resized/0014/9167/149167v2-max-150x150.png"],
      [[250,
        139],
       "http://api-images.crunchbase.com/assets/images/resized/0014/9167/149167v2-max-250x250.png"],
      [[450,
        250],
       "http://api-images.crunchbase.com/assets/images/resized/0014/9167/149167v2-max-450x450.png"]],
    "attribution": null}],
 "external_links":
  [],
 "partners":
  []}
