{"name": "Ablexis",
 "permalink": "ablexis",
 "crunchbase_url": "http://www.crunchbase.com/company/ablexis",
 "homepage_url": "http://www.ablexis.com",
 "blog_url": "",
 "blog_feed_url": "",
 "twitter_username": "ablexis",
 "category_code": "biotech",
 "number_of_employees": null,
 "founded_year": 2009,
 "founded_month": null,
 "founded_day": null,
 "deadpooled_year": null,
 "deadpooled_month": null,
 "deadpooled_day": null,
 "deadpooled_url": null,
 "tag_list": "",
 "alias_list": "",
 "email_address": "info@ablexis.com",
 "phone_number": "(415) 978-2177",
 "description": "",
 "created_at": "Tue Jun 08 01:14:05 UTC 2010",
 "updated_at": "Tue Nov 26 02:25:36 UTC 2013",
 "overview": "\u003Cp\u003EAblexis, LLC, a biotechnology company dedicated to developing an innovative, next-generation platform for antibody drug discovery, was founded in December 2009, based on technology principles established by its subsidiary, Aliva Biopharmaceuticals, Inc.\u003C/p\u003E",
 "image":
  {"available_sizes":
    [[[150,
       30],
      "http://api-images.crunchbase.com/assets/images/resized/0008/9828/89828v1-max-150x150.jpg"],
     [[223,
       46],
      "http://api-images.crunchbase.com/assets/images/resized/0008/9828/89828v1-max-250x250.jpg"],
     [[223,
       46],
      "http://api-images.crunchbase.com/assets/images/resized/0008/9828/89828v1-max-450x450.jpg"]],
   "attribution": null},
 "products":
  [],
 "relationships":
  [{"is_past": false,
    "title": "CEO",
    "person":
     {"first_name": "Larry",
      "last_name": "Green",
      "permalink": "larry-green"}},
   {"is_past": false,
    "title": "Board Member",
    "person":
     {"first_name": "Cary",
      "last_name": "Pfeffer",
      "permalink": "cary-pfeffer"}},
   {"is_past": false,
    "title": "Board Observer",
    "person":
     {"first_name": "Barbara",
      "last_name": "Dalton",
      "permalink": "barbara-dalton"}},
   {"is_past": false,
    "title": "Board of Directors",
    "person":
     {"first_name": "Lou",
      "last_name": "Tartaglia",
      "permalink": "lou-tartaglia"}},
   {"is_past": false,
    "title": "Board Observer",
    "person":
     {"first_name": "Alex",
      "last_name": "Suh",
      "permalink": "alex-suh"}},
   {"is_past": true,
    "title": "Board of Directors",
    "person":
     {"first_name": "R.",
      "last_name": "Scott Greer",
      "permalink": "r-scott-greer"}}],
 "competitions":
  [],
 "providerships":
  [],
 "total_money_raised": "$12M",
 "funding_rounds":
  [{"id": 16097,
    "round_code": "a",
    "source_url": "http://onbiovc.com/ablexis-llc-series-a-12m/",
    "source_description": "Ablexis, LLC: Series A $12M",
    "raised_amount": 12000000.0,
    "raised_currency_code": "USD",
    "funded_year": 2010,
    "funded_month": 6,
    "funded_day": 4,
    "investments":
     [{"company": null,
       "financial_org":
        {"name": "Third Rock Ventures",
         "permalink": "third-rock-ventures"},
       "person": null},
      {"company": null,
       "financial_org":
        {"name": "Pfizer Venture Investments",
         "permalink": "pfizer-venture-investments"},
       "person": null}]}],
 "investments":
  [],
 "acquisition": null,
 "acquisitions":
  [],
 "offices":
  [],
 "milestones":
  [],
 "ipo": null,
 "video_embeds":
  [],
 "screenshots":
  [{"available_sizes":
     [[[150,
        79],
       "http://api-images.crunchbase.com/assets/images/resized/0008/9829/89829v1-max-150x150.jpg"],
      [[250,
        132],
       "http://api-images.crunchbase.com/assets/images/resized/0008/9829/89829v1-max-250x250.jpg"],
      [[450,
        238],
       "http://api-images.crunchbase.com/assets/images/resized/0008/9829/89829v1-max-450x450.jpg"]],
    "attribution": null}],
 "external_links":
  [],
 "partners":
  []}
