{"name": "About55",
 "permalink": "about55",
 "crunchbase_url": "http://www.crunchbase.com/company/about55",
 "homepage_url": "http://www.about55.com",
 "blog_url": "http://www.about55.com/blogs",
 "blog_feed_url": "",
 "twitter_username": "about55",
 "category_code": "web",
 "number_of_employees": 3,
 "founded_year": 2010,
 "founded_month": 3,
 "founded_day": null,
 "deadpooled_year": null,
 "deadpooled_month": null,
 "deadpooled_day": null,
 "deadpooled_url": null,
 "tag_list": "",
 "alias_list": null,
 "email_address": "dennis@about55.com",
 "phone_number": "714-280-6964",
 "description": "About55 is a social networking community",
 "created_at": "Tue Aug 31 13:31:11 UTC 2010",
 "updated_at": "Wed Nov 20 01:51:50 UTC 2013",
 "overview": "\u003Cp\u003EAbout55, \u0026#8220;Moving forward. Making a difference.\u0026#8221;\u003C/p\u003E\n\n\u003Cp\u003EAbout55 has over 1,200 members who are discovering the resources they need for mid-life self-renewal, and we are just getting started!\u003C/p\u003E\n\n\u003Cp\u003EOur model has several revenue channels, is inherently social, solves a big and recurring consumer need, and is aimed at dominating a mid-life self-renewal market which is dramatically under-served by the competition.\u003C/p\u003E\n\n\u003Cp\u003EWhere We Came From\u003C/p\u003E\n\n\u003Cp\u003EAbout55 was created from the observation of two colliding trends. the rise in economic stress among those in mid-life and the rapid adoption of social media among those in this same group.\u003C/p\u003E\n\n\u003Cp\u003EMany of the current problems being experienced by those in mid-life are clearly visible, such as foreclosure and unemployment. But many of the real symptoms brought on by these events are often hidden and not discussed because those involved are often embarrassed and are caught off-guard by their current situation.\u003C/p\u003E\n\n\u003Cp\u003ETo add to their stress, many have also lost much of their peer support because their circle of friends were broken due to these same circumstances. This loss of support and the resulting loneliness has added additional stress to their lives.\u003C/p\u003E\n\n\u003Cp\u003ESo, how are these problems brought to the forefront of discussion and resolved?\u003C/p\u003E\n\n\u003Cp\u003EAbout55 provides a community of peers, expert support and the tools needed to unlock the talents and skills possessed by our membership. A place for our members to grow, explore, renew and celebrate their accomplishments.\u003C/p\u003E\n\n\u003Cp\u003EThe formula for self-renewal is proven. The Well-known psychological theorist, Carl Jung, suggest that \u0026#8220;the successful resolution of mid-life problems either comes from an increase in self-growth, a new vocation, or often both\u0026#8221;.\u003C/p\u003E\n\n\u003Cp\u003EOur business niche is to facilitate the delivery of the products and services needed for self-renewal via social marketplace and knowledge sharing platform.  \u003C/p\u003E\n\n\u003Cp\u003EWhy We Will Succeed\u003C/p\u003E\n\n\u003Cp\u003EAbout55 has the right focus at exactly the right time.\u003C/p\u003E\n\n\u003Cp\u003EWe bring together and match the needs of our members who are seeking self-renewal resources with experts who can deliver career, life, and relationship coaching. Our solution is a social marketplace that fulfills both the needs of the buyer and the targeted audience sought by the sellers. \u003C/p\u003E",
 "image":
  {"available_sizes":
    [[[150,
       43],
      "http://api-images.crunchbase.com/assets/images/resized/0010/0083/100083v4-max-150x150.png"],
     [[250,
       72],
      "http://api-images.crunchbase.com/assets/images/resized/0010/0083/100083v4-max-250x250.png"],
     [[251,
       73],
      "http://api-images.crunchbase.com/assets/images/resized/0010/0083/100083v4-max-450x450.png"]],
   "attribution": null},
 "products":
  [],
 "relationships":
  [{"is_past": false,
    "title": "Founder \u0026 CEO",
    "person":
     {"first_name": "Dennis",
      "last_name": "Carpenter",
      "permalink": "dennis-carpenter"}},
   {"is_past": false,
    "title": "",
    "person":
     {"first_name": "Amir",
      "last_name": "Banifatemi",
      "permalink": "amir-banifatemi"}}],
 "competitions":
  [],
 "providerships":
  [],
 "total_money_raised": "$0",
 "funding_rounds":
  [],
 "investments":
  [],
 "acquisition": null,
 "acquisitions":
  [],
 "offices":
  [],
 "milestones":
  [],
 "ipo": null,
 "video_embeds":
  [],
 "screenshots":
  [{"available_sizes":
     [[[150,
        144],
       "http://api-images.crunchbase.com/assets/images/resized/0010/1808/101808v2-max-150x150.png"],
      [[250,
        240],
       "http://api-images.crunchbase.com/assets/images/resized/0010/1808/101808v2-max-250x250.png"],
      [[450,
        432],
       "http://api-images.crunchbase.com/assets/images/resized/0010/1808/101808v2-max-450x450.png"]],
    "attribution": null}],
 "external_links":
  [{"external_url": "http://www.about55.com",
    "title": ""},
   {"external_url": "http://about55.com/blogs",
    "title": "Blog"}],
 "partners":
  []}
