{"name": "AboveNet",
 "permalink": "abovenet",
 "crunchbase_url": "http://www.crunchbase.com/company/abovenet",
 "homepage_url": "http://www.above.net",
 "blog_url": "",
 "blog_feed_url": "",
 "twitter_username": "above_net",
 "category_code": "network_hosting",
 "number_of_employees": 600,
 "founded_year": 2003,
 "founded_month": 9,
 "founded_day": null,
 "deadpooled_year": null,
 "deadpooled_month": null,
 "deadpooled_day": null,
 "deadpooled_url": null,
 "tag_list": "fiber-optic, fiber-optics, data-communications, carrier, metro-provider, bandwidth, fiber, lit-services, managed-services, metro-ip, metro-ethernet, dia, service-provider, internet, infrastructure-technology, it",
 "alias_list": "",
 "email_address": "",
 "phone_number": "914-421-6700",
 "description": "High bandwidth connectivity solutions.",
 "created_at": "Tue Apr 27 22:32:54 UTC 2010",
 "updated_at": "Thu Feb 03 07:37:40 UTC 2011",
 "overview": "\u003Cp\u003EAboveNet, Inc. provides high bandwidth connectivity solutions for business and carriers. Its private optical network delivers key network and IP services in and among top U.S. metro markets and globally. AboveNet\u0026#8217;s network is widely used in demanding markets such as financial services, media, health care, retail and government.\u003C/p\u003E",
 "image":
  {"available_sizes":
    [[[150,
       73],
      "http://api-images.crunchbase.com/assets/images/resized/0008/5125/85125v3-max-150x150.png"],
     [[191,
       94],
      "http://api-images.crunchbase.com/assets/images/resized/0008/5125/85125v3-max-250x250.png"],
     [[191,
       94],
      "http://api-images.crunchbase.com/assets/images/resized/0008/5125/85125v3-max-450x450.png"]],
   "attribution": null},
 "products":
  [],
 "relationships":
  [{"is_past": false,
    "title": "CFO",
    "person":
     {"first_name": "Joseph",
      "last_name": "P. Ciavarella",
      "permalink": "joseph-p-ciavarella"}},
   {"is_past": true,
    "title": "Chief Executive Officer, President and Director",
    "person":
     {"first_name": "William",
      "last_name": "LaPerch",
      "permalink": "william-laperch"}},
   {"is_past": true,
    "title": "VP Global Datacenter Operations",
    "person":
     {"first_name": "Phil",
      "last_name": "Steffora",
      "permalink": "phil-steffora"}},
   {"is_past": true,
    "title": "Board of Advisors",
    "person":
     {"first_name": "Robert",
      "last_name": "J. Berger",
      "permalink": "robert-j-berger"}},
   {"is_past": true,
    "title": "Vice President Engineering",
    "person":
     {"first_name": "Philip",
      "last_name": "Olivero",
      "permalink": "philip-olivero"}},
   {"is_past": true,
    "title": "Executive Positions",
    "person":
     {"first_name": "Frank",
      "last_name": "Fu",
      "permalink": "frank-fu"}},
   {"is_past": true,
    "title": "Board of Directors",
    "person":
     {"first_name": "Rich",
      "last_name": "Shorten",
      "permalink": "rich-shorten"}},
   {"is_past": true,
    "title": "Sr. Director, Global Data Center Operations",
    "person":
     {"first_name": "Scott",
      "last_name": "Noteboom",
      "permalink": "scott-noteboom"}},
   {"is_past": true,
    "title": "Management Positions",
    "person":
     {"first_name": "Tesh",
      "last_name": "Durvasula",
      "permalink": "tesh-durvasula"}}],
 "competitions":
  [],
 "providerships":
  [],
 "total_money_raised": "$0",
 "funding_rounds":
  [],
 "investments":
  [],
 "acquisition":
  {"price_amount": null,
   "price_currency_code": "USD",
   "term_code": null,
   "source_url": "http://www.bizjournals.com/denver/news/2012/07/02/zayo-group-closes-on-23b-buy-of.html",
   "source_description": "Zayo Group Closes on $2.3B Buy of AboveNet",
   "acquired_year": 2012,
   "acquired_month": 7,
   "acquired_day": 2,
   "acquiring_company":
    {"name": "Zayo Group",
     "permalink": "zayo-group"}},
 "acquisitions":
  [],
 "offices":
  [{"description": "",
    "address1": "360 Hamilton Avenue",
    "address2": "",
    "zip_code": "10601",
    "city": "White Plains",
    "state_code": "NY",
    "country_code": "USA",
    "latitude": null,
    "longitude": null}],
 "milestones":
  [{"id": 11571,
    "description": "TA Associates Makes Investment in AboveNet Communications, Inc.",
    "stoned_year": 2011,
    "stoned_month": 1,
    "stoned_day": 13,
    "source_url": "http://www.freshnews.com/news/437399/ta-associates-makes-investment-abovenet-communications-inc-",
    "source_text": "",
    "source_description": "TA Associates Makes Investment in AboveNet Communications, Inc.",
    "stoneable_type": "Company",
    "stoned_value": null,
    "stoned_value_type": null,
    "stoned_acquirer": null,
    "stoneable":
     {"name": "AboveNet",
      "permalink": "abovenet"}},
   {"id": 12093,
    "description": "AboveNet Closes New $250 Million Revolving Credit Facility ",
    "stoned_year": 2011,
    "stoned_month": 2,
    "stoned_day": 2,
    "source_url": "http://www.freshnews.com/news/446131/abovenet-closes-new-250-million-revolving-credit-facility-",
    "source_text": "",
    "source_description": "AboveNet Closes New $250 Million Revolving Credit Facility ",
    "stoneable_type": "Company",
    "stoned_value": null,
    "stoned_value_type": null,
    "stoned_acquirer": null,
    "stoneable":
     {"name": "AboveNet",
      "permalink": "abovenet"}}],
 "ipo": null,
 "video_embeds":
  [],
 "screenshots":
  [],
 "external_links":
  [],
 "partners":
  []}
