{"name": "Absolute Web Services",
 "permalink": "absolute-web-services-inc",
 "crunchbase_url": "http://www.crunchbase.com/company/absolute-web-services-inc",
 "homepage_url": "http://www.absolutewebservices.com",
 "blog_url": "",
 "blog_feed_url": "",
 "twitter_username": "miamiwebsites",
 "category_code": "ecommerce",
 "number_of_employees": 10,
 "founded_year": 1999,
 "founded_month": 2,
 "founded_day": 19,
 "deadpooled_year": null,
 "deadpooled_month": null,
 "deadpooled_day": null,
 "deadpooled_url": null,
 "tag_list": "miami-web-design, custom-website-design, logo-creating, south-florida-web-development-firm",
 "alias_list": null,
 "email_address": "info@aws3.com",
 "phone_number": "(305) 937-2526",
 "description": "Miami Web Design Company",
 "created_at": "Mon Apr 19 00:47:10 UTC 2010",
 "updated_at": "Tue Nov 06 02:03:53 UTC 2012",
 "overview": "\u003Cp\u003EMiami web design-Absolute web services is a Miami based web design company that offers custom professional web design services and search engine optimization.\u003C/p\u003E\n\n\u003Cp\u003EThe Miami web design company was established in 1999 and offers over ten years of experience in website design services. Our company is based in the South Florida area so it is easy for clients to meet at our local offices for friendly informal discussions on any of their web related needs.\u003C/p\u003E\n\n\u003Cp\u003EOne of the main objectives of Miami web design is to build clean, well optimized websites that can be easily navigated by the customer providing a pleasant end user experience. Some of the services that are offered by Miami web design are:\u003C/p\u003E\n\n\u003Cul\u003E\n\u003Cli\u003ECustom websites with full search engine optimization\u003C/li\u003E\n\u003Cli\u003EiPhone and mobile applications\u003C/li\u003E\n\u003Cli\u003ECustom Programming\u003C/li\u003E\n\u003Cli\u003ELogo \u0026amp; Business Card Design\u003C/li\u003E\n\u003Cli\u003EContent Management Systems\u003C/li\u003E\n\u003Cli\u003EE-Commerce Solutions\u003C/li\u003E\n\u003Cli\u003EDomain Name Registration \u0026amp; Web Hosting\u003C/li\u003E\n\u003C/ul\u003E",
 "image":
  {"available_sizes":
    [[[150,
       47],
      "http://api-images.crunchbase.com/assets/images/resized/0008/4084/84084v2-max-150x150.png"],
     [[205,
       65],
      "http://api-images.crunchbase.com/assets/images/resized/0008/4084/84084v2-max-250x250.png"],
     [[205,
       65],
      "http://api-images.crunchbase.com/assets/images/resized/0008/4084/84084v2-max-450x450.png"]],
   "attribution": null},
 "products":
  [],
 "relationships":
  [],
 "competitions":
  [],
 "providerships":
  [],
 "total_money_raised": "$0",
 "funding_rounds":
  [],
 "investments":
  [],
 "acquisition": null,
 "acquisitions":
  [],
 "offices":
  [{"description": "Miami Office",
    "address1": "18851 NE 29th Avenue",
    "address2": "Suite 727",
    "zip_code": "33180",
    "city": "Miami",
    "state_code": "FL",
    "country_code": "USA",
    "latitude": null,
    "longitude": null}],
 "milestones":
  [],
 "ipo": null,
 "video_embeds":
  [],
 "screenshots":
  [{"available_sizes":
     [[[150,
        138],
       "http://api-images.crunchbase.com/assets/images/resized/0011/4634/114634v2-max-150x150.jpg"],
      [[178,
        164],
       "http://api-images.crunchbase.com/assets/images/resized/0011/4634/114634v2-max-250x250.jpg"],
      [[178,
        164],
       "http://api-images.crunchbase.com/assets/images/resized/0011/4634/114634v2-max-450x450.jpg"]],
    "attribution": null}],
 "external_links":
  [],
 "partners":
  []}
