{"name": "Abzoo.Com",
 "permalink": "abzoo-com",
 "crunchbase_url": "http://www.crunchbase.com/company/abzoo-com",
 "homepage_url": "http://www.abzoo.com",
 "blog_url": "",
 "blog_feed_url": "",
 "twitter_username": "ShopAbzoo",
 "category_code": "ecommerce",
 "number_of_employees": 2,
 "founded_year": 2008,
 "founded_month": 3,
 "founded_day": 10,
 "deadpooled_year": null,
 "deadpooled_month": null,
 "deadpooled_day": null,
 "deadpooled_url": null,
 "tag_list": "",
 "alias_list": "",
 "email_address": "info@abzoo.com",
 "phone_number": "",
 "description": "Online etailer of lifestyle products",
 "created_at": "Mon Jun 28 20:08:53 UTC 2010",
 "updated_at": "Wed Mar 27 09:58:37 UTC 2013",
 "overview": "\u003Cp\u003EAbzoo is a very interesting company. They sell lifestyle products and gadgets. They also are focused primarily on selling health and beauty products.\u003C/p\u003E",
 "image":
  {"available_sizes":
    [[[150,
       55],
      "http://api-images.crunchbase.com/assets/images/resized/0010/2153/102153v2-max-150x150.jpg"],
     [[250,
       92],
      "http://api-images.crunchbase.com/assets/images/resized/0010/2153/102153v2-max-250x250.jpg"],
     [[270,
       100],
      "http://api-images.crunchbase.com/assets/images/resized/0010/2153/102153v2-max-450x450.jpg"]],
   "attribution": null},
 "products":
  [],
 "relationships":
  [],
 "competitions":
  [],
 "providerships":
  [],
 "total_money_raised": "$0",
 "funding_rounds":
  [],
 "investments":
  [],
 "acquisition": null,
 "acquisitions":
  [],
 "offices":
  [],
 "milestones":
  [],
 "ipo": null,
 "video_embeds":
  [],
 "screenshots":
  [],
 "external_links":
  [],
 "partners":
  []}
