{"name": "AC Tickets",
 "permalink": "ac-tickets",
 "crunchbase_url": "http://www.crunchbase.com/company/ac-tickets",
 "homepage_url": "http://www.actickets.com",
 "blog_url": "",
 "blog_feed_url": "",
 "twitter_username": null,
 "category_code": "games_video",
 "number_of_employees": null,
 "founded_year": null,
 "founded_month": null,
 "founded_day": null,
 "deadpooled_year": null,
 "deadpooled_month": null,
 "deadpooled_day": null,
 "deadpooled_url": null,
 "tag_list": "atlantic-city-shows, atlantic-city-concerts, atlantic-city-entertainment, atlantic-city-tickets, atlantic-city-events, borgata-shows",
 "alias_list": null,
 "email_address": "",
 "phone_number": "",
 "description": "Atlantic City Tickets",
 "created_at": "Tue Aug 24 17:10:49 UTC 2010",
 "updated_at": "Wed Aug 25 17:37:32 UTC 2010",
 "overview": "\u003Cp\u003EAC Tickets is a premier ticket retailer in Atlantic City, NJ. For over 30 years, we have been a household name in the area, providing concert tickets, sports tickets and events tickets to Atlantic City and surrounding areas in the states of NJ and NY.  We have a large Atlantic City tickets inventory, and we also provide nationwide tickets at the best prices in the market. \u003C/p\u003E\n\n\u003Cp\u003EWe have a commitment to our customers to offer them the best Atlantic City tickets at unmatchable prices. We have pledged to beat any competitor\u00e2\u20ac\u2122s prices, and even offer same-day delivery to any ticket in Atlantic City. Our honest approach has earned us loyal customers over the years, and we expect to earn your business as well. \u003C/p\u003E\n\n\u003Cp\u003EAtlantic City event tickets are on sale now for upcoming shows. Check dates and times above for next shows and available tickets. For questions about available tickets or already made purchases, feel free to call AC Tickets at 877-ACTIX-01. Here at AC tickets we know how to help you find the entertainment you need. Nothing comes close to an Atlantic City show!\u003C/p\u003E\n\n\u003Cp\u003EMake sure to visit our website http://actickets.com for more information on how to purchase Atlantic City tickets from us. \u003C/p\u003E",
 "image": null,
 "products":
  [],
 "relationships":
  [],
 "competitions":
  [],
 "providerships":
  [],
 "total_money_raised": "$0",
 "funding_rounds":
  [],
 "investments":
  [],
 "acquisition": null,
 "acquisitions":
  [],
 "offices":
  [],
 "milestones":
  [],
 "ipo": null,
 "video_embeds":
  [],
 "screenshots":
  [],
 "external_links":
  [],
 "partners":
  []}
