{"name": "AcceptU",
 "permalink": "acceptu",
 "crunchbase_url": "http://www.crunchbase.com/company/acceptu",
 "homepage_url": "http://acceptu.com",
 "blog_url": "http://acceptu.com/blog/",
 "blog_feed_url": "",
 "twitter_username": "Accept_U",
 "category_code": "education",
 "number_of_employees": null,
 "founded_year": 2009,
 "founded_month": 4,
 "founded_day": null,
 "deadpooled_year": null,
 "deadpooled_month": null,
 "deadpooled_day": null,
 "deadpooled_url": null,
 "tag_list": "higher-education, college-admissions, educational-services",
 "alias_list": "EqualApp",
 "email_address": "info@acceptu.com",
 "phone_number": "855-437-8252",
 "description": "Virtual college counselor",
 "created_at": "Wed Aug 04 12:20:32 UTC 2010",
 "updated_at": "Sat Apr 05 07:14:25 UTC 2014",
 "overview": "\u003Cp\u003EAcceptU (previously EqualApp) was developed by a team of former Ivy League admissions officers with a mission to leverage technology to improve applicants\u2019 chances of getting admitted into the schools of their choice.\u003C/p\u003E\n\n\u003Cp\u003EAcceptU connects applicants with former admissions officers at schools they are interested in attending. These counselors provide 1-on-1 virtual counseling \u2014 by phone, Skype and email \u2014 that empowers applicants with the inside knowledge, actionable advice and support needed for a competitive advantage in the admissions process.\u003C/p\u003E\n\n\u003Cp\u003ESince its founding in 2009, AcceptU has helped hundreds of students get admitted to 135 U.S. colleges and universities, including all Ivy League and nearly all of the top 50 in various rankings. The company\u2019s co-founders, Marc Zawel and Stephen Friedfeld, met in the admissions office at Cornell University.\u003C/p\u003E",
 "image":
  {"available_sizes":
    [[[150,
       57],
      "http://api-images.crunchbase.com/assets/images/resized/0009/6026/96026v3-max-150x150.png"],
     [[192,
       74],
      "http://api-images.crunchbase.com/assets/images/resized/0009/6026/96026v3-max-250x250.png"],
     [[192,
       74],
      "http://api-images.crunchbase.com/assets/images/resized/0009/6026/96026v3-max-450x450.png"]],
   "attribution": null},
 "products":
  [],
 "relationships":
  [{"is_past": false,
    "title": "Co-founder, CEO",
    "person":
     {"first_name": "Marc",
      "last_name": "Zawel",
      "permalink": "marc-zawel"}},
   {"is_past": false,
    "title": "Co-founder, COO",
    "person":
     {"first_name": "Stephen",
      "last_name": "Friedfeld",
      "permalink": "stephen-friedfeld"}}],
 "competitions":
  [],
 "providerships":
  [],
 "total_money_raised": "$0",
 "funding_rounds":
  [],
 "investments":
  [],
 "acquisition": null,
 "acquisitions":
  [],
 "offices":
  [{"description": "",
    "address1": "229 Berkeley Street,",
    "address2": "5th Floor",
    "zip_code": "02116",
    "city": "Boston",
    "state_code": "MA",
    "country_code": "USA",
    "latitude": null,
    "longitude": null}],
 "milestones":
  [],
 "ipo": null,
 "video_embeds":
  [{"embed_code": "\u003Cobject width=\"480\" height=\"288\"\u003E\u003Cparam name=\"movie\" value=\"http://www.youtube.com/v/2n8vYp_af4I?fs=1\u0026amp;hl=en_US\"\u003E\u003C/param\u003E\u003Cparam name=\"allowFullScreen\" value=\"true\"\u003E\u003C/param\u003E\u003Cparam name=\"allowscriptaccess\" value=\"always\"\u003E\u003C/param\u003E\u003Cembed src=\"http://www.youtube.com/v/2n8vYp_af4I?fs=1\u0026amp;hl=en_US\" type=\"application/x-shockwave-flash\" allowscriptaccess=\"always\" allowfullscreen=\"true\" width=\"480\" height=\"288\"\u003E\u003C/embed\u003E\u003C/object\u003E",
    "description": ""}],
 "screenshots":
  [{"available_sizes":
     [[[150,
        99],
       "http://api-images.crunchbase.com/assets/images/resized/0044/9753/449753v1-max-150x150.png"],
      [[250,
        166],
       "http://api-images.crunchbase.com/assets/images/resized/0044/9753/449753v1-max-250x250.png"],
      [[450,
        299],
       "http://api-images.crunchbase.com/assets/images/resized/0044/9753/449753v1-max-450x450.png"]],
    "attribution": null}],
 "external_links":
  [{"external_url": "https://www.facebook.com/pages/AcceptU/286972674671946",
    "title": "Facebook"}],
 "partners":
  []}
