{"name": "AcceptEmail",
 "permalink": "acceptemail",
 "crunchbase_url": "http://www.crunchbase.com/company/acceptemail",
 "homepage_url": "http://www.acceptemail.com",
 "blog_url": "",
 "blog_feed_url": "",
 "twitter_username": "AcceptEmail",
 "category_code": "ecommerce",
 "number_of_employees": 10,
 "founded_year": 2006,
 "founded_month": 10,
 "founded_day": 1,
 "deadpooled_year": null,
 "deadpooled_month": null,
 "deadpooled_day": null,
 "deadpooled_url": null,
 "tag_list": "billing, invoicing, e-billing, e-invoicing, ebpp, e-bill, e-invoice",
 "alias_list": "",
 "email_address": "info@acceptemail.com",
 "phone_number": "+31204625341",
 "description": "billing \u0026 payment via e-mail",
 "created_at": "Mon May 03 09:07:11 UTC 2010",
 "updated_at": "Wed Dec 11 16:28:10 UTC 2013",
 "overview": "\u003Cp\u003EAcceptEmail is an innovative, simple and secure electronic billing and payment solution utilising the power and reach of e-mail. \u003C/p\u003E\n\n\u003Cp\u003EUsing real-time generated images conveying the current invoice status, a comprehensive EBPP experience is created in the customers\u00e2\u20ac\u2122 inbox. In a 3-click process bills are paid straight from the e-mail without manual data entry, resulting in full process transparency \u0026amp; control for the payer and substantially lower DSO and collection costs for the biller. \u003C/p\u003E\n\n\u003Cp\u003EAcceptEmail can be used with any online payment or cards method. It also supports direct marketing, credit management and smart SEPA Direct Debit notifications. \u003C/p\u003E\n\n\u003Cp\u003EThe service is cross-industry for B2C/B2SB in various stages of the invoice-to-cash process. Utility companies substitute paper-based invoice and payment methods with AcceptEmail. Telecom operators and Internet Service Providers send AcceptEmails to customers where for instance direct debit transactions failed in the first place. AcceptEmail encourages these customers to pay their outstanding invoices by e-mail. Publishers and charities use AcceptEmail for fund raising and acquisition of new subscribers. Web shops increase their revenue by offering (loyal) customers AcceptEmail as a payment method after goods have been delivered. Collector agencies help debtors to pay quickly in a friendly, safe and easy way. Travel agents and ticketing companies can arrange partial or rush-payments when talking to their customers on the phone by generating AcceptEmails on the fly. This is especially effective for last-minute arrangements. In the B2B sector, AcceptEmail is an attractive method for rush-orders and rush-payments. \u003C/p\u003E\n\n\u003Cp\u003ELow implementation requirements make the service easy to deploy for any company. The web-based Software As A Service of AcceptEmail is applying the latest principles of Cloud computing.\u003C/p\u003E",
 "image":
  {"available_sizes":
    [[[150,
       111],
      "http://api-images.crunchbase.com/assets/images/resized/0008/5746/85746v2-max-150x150.png"],
     [[213,
       159],
      "http://api-images.crunchbase.com/assets/images/resized/0008/5746/85746v2-max-250x250.png"],
     [[213,
       159],
      "http://api-images.crunchbase.com/assets/images/resized/0008/5746/85746v2-max-450x450.png"]],
   "attribution": null},
 "products":
  [],
 "relationships":
  [{"is_past": false,
    "title": "Chief Executive Officer",
    "person":
     {"first_name": "Peter",
      "last_name": "Kwakernaak",
      "permalink": "peter-kwakernaak"}},
   {"is_past": false,
    "title": "Chief Operating Officer",
    "person":
     {"first_name": "Geerten",
      "last_name": "Oelering",
      "permalink": "geerten-oelering"}}],
 "competitions":
  [],
 "providerships":
  [],
 "total_money_raised": "$0",
 "funding_rounds":
  [],
 "investments":
  [],
 "acquisition": null,
 "acquisitions":
  [],
 "offices":
  [{"description": "World Headquarters",
    "address1": "Joop Geesinkweg 125",
    "address2": "",
    "zip_code": "1096 AT",
    "city": "Amsterdam",
    "state_code": null,
    "country_code": "NLD",
    "latitude": null,
    "longitude": null}],
 "milestones":
  [],
 "ipo": null,
 "video_embeds":
  [{"embed_code": "\u003Cscript type=\"text/javascript\" src=\"http://finovate.com/player/?width=930\u0026height=569\u0026video=%2Feurope11vid%2Fvideos%2FAcceptEmail.mov\"\u003E\u003C/script\u003E\u003Cnoscript\u003EThe video cannot be loaded as your browser does not support JavaScript. Please use the download links below.\u003C/noscript\u003E",
    "description": "\u003Cp\u003EAccept Email demoing at \u003Ca href=\"http://www.finovate.com/europe11vid/accept.html\" title=\"FinovateEurope 2011\" rel=\"nofollow\"\u003EFinovateEurope 2011\u003C/a\u003E\u003C/p\u003E"},
   {"embed_code": "\u003Cscript type=\"text/javascript\" src=\"http://finovate.com/player/?width=930\u0026height=569\u0026video=%2Feurope12vid%2Fvideos%2FAcceptEmail.mov\"\u003E\u003C/script\u003E\u003Cnoscript\u003EThe video cannot be loaded as your browser does not support JavaScript. Please use the download links below.\u003C/noscript\u003E",
    "description": "\u003Cp\u003EAcceptEmail demoing at \u003Ca href=\"http://www.finovate.com/europe12vid/acceptemail.html\" title=\"FinovateEurope 2012\" rel=\"nofollow\"\u003EFinovateEurope 2012\u003C/a\u003E\u003C/p\u003E"}],
 "screenshots":
  [],
 "external_links":
  [],
 "partners":
  []}
