{"name": "Accedo",
 "permalink": "accedo-broadband",
 "crunchbase_url": "http://www.crunchbase.com/company/accedo-broadband",
 "homepage_url": "http://www.accedo.tv",
 "blog_url": "",
 "blog_feed_url": "",
 "twitter_username": "accedotv",
 "category_code": "hardware",
 "number_of_employees": 200,
 "founded_year": 2004,
 "founded_month": null,
 "founded_day": null,
 "deadpooled_year": null,
 "deadpooled_month": null,
 "deadpooled_day": null,
 "deadpooled_url": null,
 "tag_list": "iptv, tve, tv-apps",
 "alias_list": "",
 "email_address": "emea@accedo.tv",
 "phone_number": "+46 8 752 65 40",
 "description": "Provider of TV Application Solutions",
 "created_at": "Mon Apr 26 06:48:51 UTC 2010",
 "updated_at": "Thu Feb 20 10:44:55 UTC 2014",
 "overview": "\u003Cp\u003EAccedo is a global market leader in TV application solutions. Accedo provides applications, tools and services to media companies, consumer electronics and TV operators globally, to help them deliver the next-generation TV experience. Accedo\u0026#8217;s cloud-based platform solutions enable customers to cost-efficiently roll out and manage application offerings and stores for multiple devices and markets.\nAccedo is a privately held company founded in 2004 by telecom and media entrepreneurs Michael Lantz and Fredrik Andersson. Accedo is headquartered in Stockholm, Sweden with branch offices in London, Madrid, Cologne, Palo Alto, Los Angeles, New York, Santiago, Hong Kong and Sydney.\nAccedo shows significant growth over the last years with approximately break-even results. \u003C/p\u003E",
 "image":
  {"available_sizes":
    [[[100,
       18],
      "http://api-images.crunchbase.com/assets/images/resized/0008/4909/84909v5-max-150x150.png"],
     [[100,
       18],
      "http://api-images.crunchbase.com/assets/images/resized/0008/4909/84909v5-max-250x250.png"],
     [[100,
       18],
      "http://api-images.crunchbase.com/assets/images/resized/0008/4909/84909v5-max-450x450.png"]],
   "attribution": null},
 "products":
  [{"name": "Accedo AppGrid",
    "permalink": "accedo-appgrid"},
   {"name": "Accedo Application Sphere",
    "permalink": "accedo-application-sphere"},
   {"name": "Accedo Connect",
    "permalink": "accedo-connect"},
   {"name": "Accedo AdMediate",
    "permalink": "accedo-admediate"},
   {"name": "Accedo XDK",
    "permalink": "accedo-xdk"}],
 "relationships":
  [{"is_past": false,
    "title": "Chairman of the Board",
    "person":
     {"first_name": "Mats",
      "last_name": "Kraitsik Kalvik",
      "permalink": "mats-kraitsik-kalvik"}},
   {"is_past": false,
    "title": "CEO and founder",
    "person":
     {"first_name": "Michael",
      "last_name": "lantz",
      "permalink": "michael-lantz"}},
   {"is_past": false,
    "title": "VP Business Development and founder",
    "person":
     {"first_name": "Fredrik",
      "last_name": "Andersson",
      "permalink": "fredrik-andersson"}},
   {"is_past": false,
    "title": "Board member",
    "person":
     {"first_name": "Dan",
      "last_name": "Ekelund",
      "permalink": "dan-ekelund"}},
   {"is_past": false,
    "title": "Owner",
    "person":
     {"first_name": "Fredrik",
      "last_name": "Andersson",
      "permalink": "fredrik-andersson"}},
   {"is_past": false,
    "title": "Board member",
    "person":
     {"first_name": "Lars",
      "last_name": "Bengtsson",
      "permalink": "lars-bengtsson-2"}}],
 "competitions":
  [],
 "providerships":
  [],
 "total_money_raised": "$1.27M",
 "funding_rounds":
  [{"id": 14827,
    "round_code": "a",
    "source_url": "",
    "source_description": "EDGAR",
    "raised_amount": 1270000.0,
    "raised_currency_code": "USD",
    "funded_year": 2007,
    "funded_month": 6,
    "funded_day": 19,
    "investments":
     [{"company": null,
       "financial_org":
        {"name": "Industrifonden",
         "permalink": "industrifonden"},
       "person": null}]}],
 "investments":
  [],
 "acquisition": null,
 "acquisitions":
  [],
 "offices":
  [{"description": "Stockholm HQ Office",
    "address1": "Heliosgatan 26",
    "address2": "",
    "zip_code": "12030",
    "city": "Stockholm",
    "state_code": null,
    "country_code": "SWE",
    "latitude": 59.3033933,
    "longitude": 18.094465},
   {"description": "Palo Alto Office",
    "address1": "3600 W Bayshore Road Suite 204",
    "address2": "",
    "zip_code": "94303",
    "city": "Palo Alto",
    "state_code": "CA",
    "country_code": "USA",
    "latitude": null,
    "longitude": null},
   {"description": "Madrid Office",
    "address1": "c/Seminario de Nobles, 4-4\u00aa centro",
    "address2": "",
    "zip_code": "28015",
    "city": "Madrid",
    "state_code": null,
    "country_code": "ESP",
    "latitude": 40.4281263,
    "longitude": -3.7136403},
   {"description": "London Office",
    "address1": "1 Lyric Square",
    "address2": "",
    "zip_code": "W6 0NB",
    "city": "London",
    "state_code": null,
    "country_code": "GBR",
    "latitude": 51.493301,
    "longitude": -0.226378},
   {"description": "Hong Kong Office",
    "address1": "3310 Skyline Tower 39 Wang Kwong Road Kowloon Bay",
    "address2": "",
    "zip_code": "3310",
    "city": "Hong Kong",
    "state_code": null,
    "country_code": "HKG",
    "latitude": null,
    "longitude": null},
   {"description": "Sydney Office",
    "address1": "Level 3, 18 Bulletin Place Sydney",
    "address2": "",
    "zip_code": "NSW 2000",
    "city": "Sydney",
    "state_code": null,
    "country_code": "AUS",
    "latitude": null,
    "longitude": null},
   {"description": "New York Office",
    "address1": "New York 20 Jay Street, Suite 213 Brooklyn",
    "address2": "",
    "zip_code": "11201",
    "city": "",
    "state_code": "NY",
    "country_code": "USA",
    "latitude": null,
    "longitude": null},
   {"description": "Los Angeles Office",
    "address1": "604 Arizona Avenue",
    "address2": "Suite 225",
    "zip_code": "90401",
    "city": "Santa Monica",
    "state_code": "CA",
    "country_code": "USA",
    "latitude": null,
    "longitude": null},
   {"description": "Santiago Office",
    "address1": "Edificio Mistral",
    "address2": "Rosario Norte 615, Oficina 1101, Las Condes",
    "zip_code": "",
    "city": "Santiago",
    "state_code": null,
    "country_code": "CHL",
    "latitude": null,
    "longitude": null}],
 "milestones":
  [],
 "ipo": null,
 "video_embeds":
  [{"embed_code": "\u003Ciframe src=\"http://blip.tv/play/goRrg4ztMQI.x?p=1\" width=\"370\" height=\"240\" frameborder=\"0\" allowfullscreen\u003E\u003C/iframe\u003E\u003Cembed type=\"application/x-shockwave-flash\" src=\"http://a.blip.tv/api.swf#goRrg4ztMQI\" style=\"display:none\"\u003E\u003C/embed\u003E",
    "description": "\u003Cp\u003EThis video was originally published on \u003Ca href=\"http://www.beet.tv/2013/01/david-adams-ces.html\" title=\"Beet.TV\" rel=\"nofollow\"\u003EBeet.TV\u003C/a\u003E\u003C/p\u003E"},
   {"embed_code": "\u003Ciframe src=\"http://blip.tv/play/goRrg4ztPwI.x?p=1\" width=\"370\" height=\"240\" frameborder=\"0\" allowfullscreen\u003E\u003C/iframe\u003E\u003Cembed type=\"application/x-shockwave-flash\" src=\"http://a.blip.tv/api.swf#goRrg4ztPwI\" style=\"display:none\"\u003E\u003C/embed\u003E",
    "description": "\u003Cp\u003EThis video was originally published on \u003Ca href=\"http://www.beet.tv/2013/01/accedo-at-ces.html\" title=\"Beet.TV\" rel=\"nofollow\"\u003EBeet.TV\u003C/a\u003E\u003C/p\u003E"}],
 "screenshots":
  [{"available_sizes":
     [[[150,
        93],
       "http://api-images.crunchbase.com/assets/images/resized/0026/3037/263037v2-max-150x150.png"],
      [[250,
        156],
       "http://api-images.crunchbase.com/assets/images/resized/0026/3037/263037v2-max-250x250.png"],
      [[450,
        281],
       "http://api-images.crunchbase.com/assets/images/resized/0026/3037/263037v2-max-450x450.png"]],
    "attribution": null},
   {"available_sizes":
     [[[150,
        93],
       "http://api-images.crunchbase.com/assets/images/resized/0026/3038/263038v2-max-150x150.png"],
      [[250,
        156],
       "http://api-images.crunchbase.com/assets/images/resized/0026/3038/263038v2-max-250x250.png"],
      [[450,
        281],
       "http://api-images.crunchbase.com/assets/images/resized/0026/3038/263038v2-max-450x450.png"]],
    "attribution": null},
   {"available_sizes":
     [[[150,
        93],
       "http://api-images.crunchbase.com/assets/images/resized/0026/3039/263039v2-max-150x150.png"],
      [[250,
        156],
       "http://api-images.crunchbase.com/assets/images/resized/0026/3039/263039v2-max-250x250.png"],
      [[450,
        281],
       "http://api-images.crunchbase.com/assets/images/resized/0026/3039/263039v2-max-450x450.png"]],
    "attribution": null},
   {"available_sizes":
     [[[150,
        93],
       "http://api-images.crunchbase.com/assets/images/resized/0026/3040/263040v2-max-150x150.png"],
      [[250,
        156],
       "http://api-images.crunchbase.com/assets/images/resized/0026/3040/263040v2-max-250x250.png"],
      [[450,
        281],
       "http://api-images.crunchbase.com/assets/images/resized/0026/3040/263040v2-max-450x450.png"]],
    "attribution": null},
   {"available_sizes":
     [[[150,
        93],
       "http://api-images.crunchbase.com/assets/images/resized/0026/3041/263041v2-max-150x150.png"],
      [[250,
        156],
       "http://api-images.crunchbase.com/assets/images/resized/0026/3041/263041v2-max-250x250.png"],
      [[450,
        281],
       "http://api-images.crunchbase.com/assets/images/resized/0026/3041/263041v2-max-450x450.png"]],
    "attribution": null}],
 "external_links":
  [{"external_url": "http://www.v-net.tv/accedo-predicts-new-approaches-to-connected-tv-and-tve/?utm_source=twitterfeed\u0026utm_medium=twitter",
    "title": "Accedo predicts new approaches to Connected TV and TVE"},
   {"external_url": "http://www.telecomstechnews.com/news/2012/aug/31/who-wins-and-who-loses-video-demand-wars/",
    "title": "Who wins and who loses in the video on-demand wars?"}],
 "partners":
  []}
