{"name": "Accelerize New Media",
 "permalink": "accelerize-new-media",
 "crunchbase_url": "http://www.crunchbase.com/company/accelerize-new-media",
 "homepage_url": "http://www.accelerizenewmedia.com",
 "blog_url": "",
 "blog_feed_url": "",
 "twitter_username": null,
 "category_code": "enterprise",
 "number_of_employees": null,
 "founded_year": 2005,
 "founded_month": null,
 "founded_day": null,
 "deadpooled_year": null,
 "deadpooled_month": null,
 "deadpooled_day": null,
 "deadpooled_url": null,
 "tag_list": "",
 "alias_list": "",
 "email_address": "",
 "phone_number": "800.810.8815",
 "description": "Advertising and Marketing",
 "created_at": "Mon May 10 19:39:34 UTC 2010",
 "updated_at": "Fri Apr 18 05:38:57 UTC 2014",
 "overview": "\u003Cp\u003EAccelerize New Media, Inc. offers online based media and customer acquisition solutions. It offers its lead generation and performance based customer acquisition solutions through its network of financial, news, and business networking portals, as well as through blogs, targeted emails, banners, search engine optimization, and co-registration opportunities. The company\u00e2\u20ac\u2122s financial data portals include secfilings.com, a financial business networking portal that delivers SEC data and user-generated content; executivedisclosure.com, a financial and business networking blog, which offers news and information about salaries, bonuses, option grants, and stock award data; investerms.com that provides investors with real-time news and education; otcroadshow.com, which generates investor awareness for public and private companies; theotcinvestor.com, a provider of OTC-BB and Pinksheet news, research, and insights; form10-k.com, which offers customers and users select functionality from main portals, including the ability to search financial information and drive targeted leads for customers; chinesepubliccompanies.com, a source of information on Chinese stocks and the United States listed Chinese ADR securities listed on central exchanges and OTC. The company also provides lead generation solutions, which include a technology platform to generate, validate, and deliver lead generation programs; and software-as-a-service-based lead generation, validation, and distribution platform for performance based marketing companies, online publishers, advertising agencies, and corporations. As of March 31, 2010, Accelerize New Media owned and operated a portfolio of approximately 6,000 domain names to build consumer-based financial portals, microsites, blogs, and landing pages for lead generation initiatives. The company was founded in 2001 and is based in Los Angeles, California.\u003C/p\u003E",
 "image":
  {"available_sizes":
    [[[150,
       43],
      "http://api-images.crunchbase.com/assets/images/resized/0011/6691/116691v1-max-150x150.jpg"],
     [[250,
       72],
      "http://api-images.crunchbase.com/assets/images/resized/0011/6691/116691v1-max-250x250.jpg"],
     [[312,
       90],
      "http://api-images.crunchbase.com/assets/images/resized/0011/6691/116691v1-max-450x450.jpg"]],
   "attribution": null},
 "products":
  [],
 "relationships":
  [{"is_past": false,
    "title": "Chief Operating Officer",
    "person":
     {"first_name": "Thomas",
      "last_name": "Gabriele",
      "permalink": "thomas-gabriele"}}],
 "competitions":
  [],
 "providerships":
  [],
 "total_money_raised": "$4.05M",
 "funding_rounds":
  [{"id": 15449,
    "round_code": "partial",
    "source_url": "http://www.sec.gov/Archives/edgar/data/1352952/000143774910001400/xslFormDX01/primary_doc.xml",
    "source_description": "SEC D",
    "raised_amount": 745500.0,
    "raised_currency_code": "USD",
    "funded_year": 2010,
    "funded_month": 5,
    "funded_day": 10,
    "investments":
     []},
   {"id": 57500,
    "round_code": "partial",
    "source_url": "http://www.sec.gov/Archives/edgar/data/1352952/000143774910003517/xslFormDX01/primary_doc.xml",
    "source_description": "SEC",
    "raised_amount": 300000.0,
    "raised_currency_code": "USD",
    "funded_year": 2010,
    "funded_month": 10,
    "funded_day": 26,
    "investments":
     []},
   {"id": 72525,
    "round_code": "debt_round",
    "source_url": "http://www.finsmes.com/2014/04/accelerize-new-media-receives-3m-credit-facility.html",
    "source_description": "Accelerize New Media Receives $3M Credit Facility",
    "raised_amount": 3000000.0,
    "raised_currency_code": "USD",
    "funded_year": 2014,
    "funded_month": 4,
    "funded_day": 16,
    "investments":
     [{"company": null,
       "financial_org":
        {"name": "Square 1 Bank",
         "permalink": "square-1-bank"},
       "person": null}]}],
 "investments":
  [],
 "acquisition": null,
 "acquisitions":
  [],
 "offices":
  [{"description": "HQ",
    "address1": "12121 Wilshire Blvd",
    "address2": "Suite 322",
    "zip_code": "90025",
    "city": "Los Angeles",
    "state_code": "CA",
    "country_code": "USA",
    "latitude": null,
    "longitude": null}],
 "milestones":
  [],
 "ipo":
  {"valuation_amount": null,
   "valuation_currency_code": "USD",
   "pub_year": 2008,
   "pub_month": 1,
   "pub_day": 9,
   "stock_symbol": "OTC:ACLZ"},
 "video_embeds":
  [],
 "screenshots":
  [],
 "external_links":
  [],
 "partners":
  []}
