{"name": "Accelerated Ideas",
 "permalink": "accelerated-ideas",
 "crunchbase_url": "http://www.crunchbase.com/company/accelerated-ideas",
 "homepage_url": "http://www.accelerated-ideas.com",
 "blog_url": "http://www.accelerated-ideas.com/news/",
 "blog_feed_url": "http://www.accelerated-ideas.com/news/getrss.aspx",
 "twitter_username": null,
 "category_code": "software",
 "number_of_employees": 15,
 "founded_year": 2004,
 "founded_month": 4,
 "founded_day": 6,
 "deadpooled_year": null,
 "deadpooled_month": null,
 "deadpooled_day": null,
 "deadpooled_url": null,
 "tag_list": "software, education, exams, tutorial, consultancy",
 "alias_list": null,
 "email_address": "",
 "phone_number": "",
 "description": "Software Solutions",
 "created_at": "Mon May 24 10:31:52 UTC 2010",
 "updated_at": "Wed May 26 17:24:01 UTC 2010",
 "overview": "\u003Cp\u003EProvides software solutions in various forms. A high focus on free content and material such as educational practice exams, software listings, developer components and tutorials.\u003C/p\u003E",
 "image": null,
 "products":
  [],
 "relationships":
  [],
 "competitions":
  [],
 "providerships":
  [],
 "total_money_raised": "$0",
 "funding_rounds":
  [],
 "investments":
  [],
 "acquisition": null,
 "acquisitions":
  [],
 "offices":
  [],
 "milestones":
  [],
 "ipo": null,
 "video_embeds":
  [],
 "screenshots":
  [],
 "external_links":
  [],
 "partners":
  []}
