{"name": "Accountancy Age",
 "permalink": "accountancy-age",
 "crunchbase_url": "http://www.crunchbase.com/company/accountancy-age",
 "homepage_url": "http://www.accountancyage.com",
 "blog_url": "http://insider.accountancyage.com/2010/04/46bn-savings-on.html",
 "blog_feed_url": "http://insider.accountancyage.com/rss.xml",
 "twitter_username": "accountancyage",
 "category_code": "web",
 "number_of_employees": null,
 "founded_year": null,
 "founded_month": null,
 "founded_day": null,
 "deadpooled_year": null,
 "deadpooled_month": null,
 "deadpooled_day": null,
 "deadpooled_url": null,
 "tag_list": "finance, business-news, accountancy-news, acca, cima, business, practice, tax, audit, corporate-finance, business-recovery, consultancy, accountancy-jobs, green-accounting, accounting-technology-news, the-budget",
 "alias_list": null,
 "email_address": "Louise.burry@incisivemedia.com",
 "phone_number": "020 7316 9173",
 "description": "UK Business \u0026 Finance news",
 "created_at": "Fri Apr 30 16:19:03 UTC 2010",
 "updated_at": "Fri Apr 30 19:17:08 UTC 2010",
 "overview": "\u003Cp\u003EAccountancy Age is the leading news and information brand for accounting and finance professionals.\u003C/p\u003E\n\n\u003Cp\u003EAccountancy Age products and services are available on many different media platforms.\u003C/p\u003E",
 "image":
  {"available_sizes":
    [[[150,
       17],
      "http://api-images.crunchbase.com/assets/images/resized/0008/5502/85502v2-max-150x150.jpg"],
     [[250,
       29],
      "http://api-images.crunchbase.com/assets/images/resized/0008/5502/85502v2-max-250x250.jpg"],
     [[450,
       53],
      "http://api-images.crunchbase.com/assets/images/resized/0008/5502/85502v2-max-450x450.jpg"]],
   "attribution": null},
 "products":
  [],
 "relationships":
  [],
 "competitions":
  [],
 "providerships":
  [],
 "total_money_raised": "$0",
 "funding_rounds":
  [],
 "investments":
  [],
 "acquisition": null,
 "acquisitions":
  [],
 "offices":
  [{"description": "Head Office",
    "address1": "32-34 Broadwick Street",
    "address2": "",
    "zip_code": "W1A 2HG",
    "city": "London",
    "state_code": null,
    "country_code": "GBR",
    "latitude": null,
    "longitude": null}],
 "milestones":
  [],
 "ipo": null,
 "video_embeds":
  [],
 "screenshots":
  [],
 "external_links":
  [],
 "partners":
  []}
