{"name": "Accrue Performance Marketing",
 "permalink": "accrue-performance-marketing-inc",
 "crunchbase_url": "http://www.crunchbase.com/company/accrue-performance-marketing-inc",
 "homepage_url": "http://www.AccrueMarketing.com",
 "blog_url": "http://accruemarketing.blogspot.com/",
 "blog_feed_url": "http://accruemarketing.blogspot.com/feeds/posts/default",
 "twitter_username": "Accruing",
 "category_code": "consulting",
 "number_of_employees": 4,
 "founded_year": 2002,
 "founded_month": 6,
 "founded_day": 26,
 "deadpooled_year": null,
 "deadpooled_month": null,
 "deadpooled_day": null,
 "deadpooled_url": null,
 "tag_list": "intenet-marketing-companies, internet-marketing-consultants, calgary, canada, startup-consultants, small-business-consultants",
 "alias_list": "",
 "email_address": "john@accruemarketing.com",
 "phone_number": "800.860.0026 ",
 "description": "Internet Marketing and Business Coaching",
 "created_at": "Thu Aug 26 16:05:03 UTC 2010",
 "updated_at": "Tue Apr 12 05:23:14 UTC 2011",
 "overview": "\u003Cp\u003EAccrue Marketing is a strategic sales and internet marketing consulting company based in Calgary. \u003C/p\u003E\n\n\u003Cp\u003EThey get companies started, get them on-line, connected, make them easy to find, relevant, compelling and easy to buy from.\u003C/p\u003E\n\n\u003Cp\u003EThey are internet marketing consultants and small business coaches who contribute to how you and your business grow and generate profitable new sales.\u003C/p\u003E",
 "image":
  {"available_sizes":
    [[[150,
       54],
      "http://api-images.crunchbase.com/assets/images/resized/0009/9486/99486v2-max-150x150.jpg"],
     [[250,
       90],
      "http://api-images.crunchbase.com/assets/images/resized/0009/9486/99486v2-max-250x250.jpg"],
     [[450,
       163],
      "http://api-images.crunchbase.com/assets/images/resized/0009/9486/99486v2-max-450x450.jpg"]],
   "attribution": null},
 "products":
  [],
 "relationships":
  [{"is_past": false,
    "title": "President",
    "person":
     {"first_name": "John",
      "last_name": "Watson",
      "permalink": "john-watson"}}],
 "competitions":
  [],
 "providerships":
  [],
 "total_money_raised": "$0",
 "funding_rounds":
  [],
 "investments":
  [],
 "acquisition": null,
 "acquisitions":
  [],
 "offices":
  [],
 "milestones":
  [],
 "ipo": null,
 "video_embeds":
  [],
 "screenshots":
  [],
 "external_links":
  [],
 "partners":
  []}
