{"name": "AccuDraft",
 "permalink": "accudraft",
 "crunchbase_url": "http://www.crunchbase.com/company/accudraft",
 "homepage_url": "http://www.accudraft.com",
 "blog_url": "",
 "blog_feed_url": "",
 "twitter_username": null,
 "category_code": "software",
 "number_of_employees": null,
 "founded_year": 1992,
 "founded_month": null,
 "founded_day": null,
 "deadpooled_year": null,
 "deadpooled_month": null,
 "deadpooled_day": null,
 "deadpooled_url": null,
 "tag_list": "",
 "alias_list": "",
 "email_address": "info@accudraft.com",
 "phone_number": "407-774-8321",
 "description": "",
 "created_at": "Sat May 01 05:04:25 UTC 2010",
 "updated_at": "Mon Oct 14 18:55:39 UTC 2013",
 "overview": "\u003Cp\u003EAccuDraft, Inc. provides business document automation services and online document production software. It offers DocsEngine Portal, a contract lifecycle management system that transforms contracts into a set of business rules and publishes them to an online portal where various authorized users can create contracts by answering a series of questions. The company also provides DocsEngine for Pensions, a Web-based solution that enables users to draft, collaborate on, manage, and maintain pension-related documents. In addition, it offers DocsEngine for Clinical Evaluations that captures and centralizes medical knowledge and expertise, as well as publishes it to an online portal. Further, the company provides document automation, training and support, integration programming, consulting, and needs assessment services. It serves consultants, law firms, accounting firms, financial services firms, and banks. The company was founded in 1992 and is based in Lake Mary, Florida.\u003C/p\u003E",
 "image":
  {"available_sizes":
    [[[150,
       16],
      "http://api-images.crunchbase.com/assets/images/resized/0008/5574/85574v1-max-150x150.jpg"],
     [[250,
       27],
      "http://api-images.crunchbase.com/assets/images/resized/0008/5574/85574v1-max-250x250.jpg"],
     [[450,
       49],
      "http://api-images.crunchbase.com/assets/images/resized/0008/5574/85574v1-max-450x450.jpg"]],
   "attribution": null},
 "products":
  [],
 "relationships":
  [{"is_past": false,
    "title": "CEO",
    "person":
     {"first_name": "Ron",
      "last_name": "MacInnis",
      "permalink": "ron-macinnis"}}],
 "competitions":
  [],
 "providerships":
  [],
 "total_money_raised": "$650k",
 "funding_rounds":
  [{"id": 15111,
    "round_code": "a",
    "source_url": "",
    "source_description": "EDGAR",
    "raised_amount": 650000.0,
    "raised_currency_code": "USD",
    "funded_year": 2006,
    "funded_month": 12,
    "funded_day": 6,
    "investments":
     []}],
 "investments":
  [],
 "acquisition": null,
 "acquisitions":
  [],
 "offices":
  [{"description": "",
    "address1": "801 International Pkwy",
    "address2": "Suite 500",
    "zip_code": "32746",
    "city": "Lake Mary",
    "state_code": "FL",
    "country_code": "USA",
    "latitude": null,
    "longitude": null}],
 "milestones":
  [],
 "ipo": null,
 "video_embeds":
  [],
 "screenshots":
  [],
 "external_links":
  [],
 "partners":
  []}
