{"name": "ACD DIRECT",
 "permalink": "acd-direct",
 "crunchbase_url": "http://www.crunchbase.com/company/acd-direct",
 "homepage_url": "http://www.acddirect.com",
 "blog_url": "",
 "blog_feed_url": "",
 "twitter_username": null,
 "category_code": "other",
 "number_of_employees": 700,
 "founded_year": 2003,
 "founded_month": 5,
 "founded_day": null,
 "deadpooled_year": null,
 "deadpooled_month": null,
 "deadpooled_day": null,
 "deadpooled_url": null,
 "tag_list": "telecommute, work-at-home, homebased-agent, customer-service, csr, telephone-representative, virtual-call-center, call-center, inbound-call-center, vcc, work-from-home, phone-jobs, calls-from-home",
 "alias_list": null,
 "email_address": "hiring@acddirect.com",
 "phone_number": "",
 "description": "Inbound Virtual Call Center",
 "created_at": "Tue Aug 17 22:20:35 UTC 2010",
 "updated_at": "Tue Aug 17 23:18:25 UTC 2010",
 "overview": "\u003Cp\u003EWelcome to ACD Direct where we believe the sky is the limit. \u003C/p\u003E\n\n\u003Cp\u003EWe pride ourselves in being a forward-thinking company. By eliminating walls we have created boundless opportunities. Not just for ourselves, but for other progressive companies looking for more than just a tool. \u003C/p\u003E\n\n\u003Cp\u003ESound complicated? It\u0026#8217;s actually simple. \u003C/p\u003E\n\n\u003Cp\u003EACD Direct offers contact center solutions specific to your business needs. Whether your contacts are inbound, outbound or both, we can deliver with exceptional agility, flexibility and simplicity. We leveraged the virtual contact center model to quickly respond to changing dynamic market conditions, take advantage of highly skilled agents in many cities, lower your operating costs and improve your bottom line. We have a proven track record working as a proactive partner with our clients, and we are committed to deliver all the benefits a virtual contact center provides. \u003C/p\u003E\n\n\u003Cp\u003EWe are here for one purpose: Connecting you with the world. \u003C/p\u003E\n\n\u003Cp\u003ENOW HIRING!\u003C/p\u003E\n\n\u003Cp\u003EACD Direct has an immediate need for English and Bilingual (Spanish) individuals to process our inbound call volume in our virtual call center. Our independent contractors find our non for profit based call volume to be a refreshing break from traditional call volume they may be accustomed to. Sales, WAH, call center experience always a plus!\nContractor Responsibilities\n\u00e2\u20ac\u00a2Professionally handle incoming call requests from customers to ensure programming, equipment, and account needs are met/exceeded.\n\u00e2\u20ac\u00a2Deliver world class customer service by communicating with energy and personal confidence.\n\u00e2\u20ac\u00a2Project enthusiasm, warmth, smile and a \u00e2\u20ac\u0153ready to assist\u00e2\u20ac\u009d attitude with each call processed.\n\u00e2\u20ac\u00a2Utilize tools and resources we provide to information and assist any caller you may encounter.\n\u00e2\u20ac\u00a2Follow our secure web-based scripting to process each call.\n\u00e2\u20ac\u00a2Verify callers information as it is provided to ensure accuracy.\n\u00e2\u20ac\u00a2Accurately enter information you collect into our secure web-based scripts.\n\u00e2\u20ac\u00a2Process calls routed to you efficiently and accurately.\n\u00e2\u20ac\u00a2Stay up to date on procedural changes and information provided for each client and apply changes where necessary.\n\u00e2\u20ac\u00a2Ability to multitask.\n\u00e2\u20ac\u00a2Communicate effectively in verbal and written correspondence.\u003C/p\u003E\n\n\u003Cp\u003EMinimum Skills and Qualifications:\n\u00e2\u20ac\u00a2Minimum 6+ months of recent customer service, retail, or call center experience required.\n\u00e2\u20ac\u00a2Moderate level of PC knowledge .\n\u00e2\u20ac\u00a2Excellent interpersonal, organizational and communication skills (both verbal and written) required.\n\u00e2\u20ac\u00a2Strong listening skills, professional telephone manner and ability to deal tactfully and effectively with customers in a fast paced customer focused call center.\n\u00e2\u20ac\u00a2Ability to get along with others, accept constructive feedback and exhibit a positive attitude.\n\u00e2\u20ac\u00a2Demonstrated passion for excellence with respect to treating and caring for customers.\n\u00e2\u20ac\u00a2Ability to work effectively in a team environment.\n\u00e2\u20ac\u00a2Strong decision making and analytical abilities.\n\u00e2\u20ac\u00a2Ability to work in a fast paced, production environment.\n\u00e2\u20ac\u00a2High school diploma or GED required.\n\u00e2\u20ac\u00a2Must be able to type a minimum of 30 wpm.\n\u00e2\u20ac\u00a2Must be flexible to work shifts as required (evenings, weekends, and holidays).\n\u00e2\u20ac\u00a2Must be able to pass a background check.\n\u00e2\u20ac\u00a2Must be able to attend all scheduled training classes and pass required exams during a 20 day time period.\n\u00e2\u20ac\u00a2Must be able to provide a distraction free home office environment\n\u00e2\u20ac\u00a2Must be able to meet all the work at home equipment and connectivity requirements\u003C/p\u003E\n\n\u003Cp\u003EWork Station Requirements: \n\u00e2\u20ac\u00a2Basic Analog residential telephone service\n\u00e2\u20ac\u00a2Corded Telephone\n\u00e2\u20ac\u00a2Digital phone service is permitted as long as the phone line can be used even if your computer is turned off.\n\u00e2\u20ac\u00a2\u00e2\u20ac\u0153Soft Phones\u00e2\u20ac\u009d like Skype, Magicjack, etc. are not permitted\n\u00e2\u20ac\u00a2NO Cell phones\n\u00e2\u20ac\u00a2Phone must be in the same location as the computer to allow for being on the Internet and telephone at the same time\n\u00e2\u20ac\u00a2Long distance is not required\n\u00e2\u20ac\u00a2Your phone line must be free of ALL additional features such as:\n\u00e2\u20ac\u00a2Telephone Headset\n*A noise cancelling telephone headset with mute feature.\n\u00e2\u20ac\u00a2Computer Headset\n*A VOIP headset with microphone for voice communication over the computer  OR Standalone Microphone and Speaker Combination for voice communication over the computer.\n\u00e2\u20ac\u00a2PC with Windows 2000, Windows XP, Windows Vista, or Windows 7\nMAC and Apple systems are not compatible with our call routing system.\n\u00e2\u20ac\u00a2Minimum PIII 800mhz and 512 MB RAM (Windows 2000 or XP operating systems)2GB (Windows)\n\u00e2\u20ac\u00a2Internet Explorer (version 6.0 or later)\n\u00e2\u20ac\u00a2Adobe Flash Player version 9.0 or later\n\u00e2\u20ac\u00a2Virus Protection Software and Anti-Spyware software that is regularly updated\n\u00e2\u20ac\u00a2Cable , DSL or FIOS internet Connection\n\u00e2\u20ac\u00a2Satellite and WIFI are not accepted.\u003C/p\u003E\n\n\u003Cp\u003EAPPLY ONLINE AT\nhttp://www.acddirect.com/becomeanagent.html\u003C/p\u003E",
 "image": null,
 "products":
  [],
 "relationships":
  [{"is_past": false,
    "title": "Hiring Manager",
    "person":
     {"first_name": "Melissa",
      "last_name": "Terrell",
      "permalink": "melissa-terrell"}}],
 "competitions":
  [],
 "providerships":
  [],
 "total_money_raised": "$0",
 "funding_rounds":
  [],
 "investments":
  [],
 "acquisition": null,
 "acquisitions":
  [],
 "offices":
  [],
 "milestones":
  [],
 "ipo": null,
 "video_embeds":
  [],
 "screenshots":
  [],
 "external_links":
  [{"external_url": "http://www.acddirect.com/becomeanagent.html",
    "title": "WORK FROM HOME!"}],
 "partners":
  []}
