{"name": "Ace \u0026 Partners",
 "permalink": "ace-partners",
 "crunchbase_url": "http://www.crunchbase.com/company/ace-partners",
 "homepage_url": "http://www.acenpartners.com",
 "blog_url": "",
 "blog_feed_url": "",
 "twitter_username": null,
 "category_code": "web",
 "number_of_employees": null,
 "founded_year": 1980,
 "founded_month": null,
 "founded_day": null,
 "deadpooled_year": null,
 "deadpooled_month": null,
 "deadpooled_day": null,
 "deadpooled_url": null,
 "tag_list": "fashion, usa, womens, clothing, online, shopping, designers, apperel",
 "alias_list": "",
 "email_address": "",
 "phone_number": "82-32-458-1050",
 "description": "",
 "created_at": "Tue Jul 06 14:43:27 UTC 2010",
 "updated_at": "Wed Jul 14 07:52:51 UTC 2010",
 "overview": "\u003Cp\u003EFounded in 1980, ACE is wireless communication antenna and RF component-specialized company leading global material and components industry. ACE spilt up its operations to form a separate holding company, Ace \u0026amp; Partners Corp., and its core business company, Ace Technology Corp. on Mar. 1st, 2010. \u003C/p\u003E",
 "image":
  {"available_sizes":
    [[[150,
       45],
      "http://api-images.crunchbase.com/assets/images/resized/0009/3360/93360v1-max-150x150.jpg"],
     [[173,
       53],
      "http://api-images.crunchbase.com/assets/images/resized/0009/3360/93360v1-max-250x250.jpg"],
     [[173,
       53],
      "http://api-images.crunchbase.com/assets/images/resized/0009/3360/93360v1-max-450x450.jpg"]],
   "attribution": null},
 "products":
  [],
 "relationships":
  [],
 "competitions":
  [],
 "providerships":
  [],
 "total_money_raised": "$0",
 "funding_rounds":
  [],
 "investments":
  [],
 "acquisition": null,
 "acquisitions":
  [{"price_amount": 35000000.0,
    "price_currency_code": "USD",
    "term_code": null,
    "source_url": "http://www.marketwire.com/press-release/Ace-Technologies-Corp-and-Ace-Partners-Acquire-Axis-Network-Technology-1259724.htm",
    "source_description": "Ace Technologies Corp. and Ace \u0026 Partners Acquire Axis Network Technology",
    "acquired_year": 2010,
    "acquired_month": 5,
    "acquired_day": 13,
    "company":
     {"name": "Axis Network Technology",
      "permalink": "axis-network-technology"}}],
 "offices":
  [{"description": "",
    "address1": "451-3, Nonhyeon-dong",
    "address2": "Namdong-gu, Incheon",
    "zip_code": "405-849",
    "city": "",
    "state_code": null,
    "country_code": "KOR",
    "latitude": null,
    "longitude": null}],
 "milestones":
  [],
 "ipo": null,
 "video_embeds":
  [],
 "screenshots":
  [{"available_sizes":
     [[[150,
        99],
       "http://api-images.crunchbase.com/assets/images/resized/0009/3361/93361v1-max-150x150.jpg"],
      [[250,
        166],
       "http://api-images.crunchbase.com/assets/images/resized/0009/3361/93361v1-max-250x250.jpg"],
      [[450,
        299],
       "http://api-images.crunchbase.com/assets/images/resized/0009/3361/93361v1-max-450x450.jpg"]],
    "attribution": null}],
 "external_links":
  [],
 "partners":
  []}
