{"name": "ACE*COMM",
 "permalink": "ace-comm",
 "crunchbase_url": "http://www.crunchbase.com/company/ace-comm",
 "homepage_url": "http://www.acecomm.com",
 "blog_url": "",
 "blog_feed_url": "",
 "twitter_username": "ventraq",
 "category_code": "public_relations",
 "number_of_employees": null,
 "founded_year": 1983,
 "founded_month": null,
 "founded_day": null,
 "deadpooled_year": null,
 "deadpooled_month": null,
 "deadpooled_day": null,
 "deadpooled_url": null,
 "tag_list": "",
 "alias_list": "",
 "email_address": "",
 "phone_number": "301-721-3000",
 "description": "",
 "created_at": "Thu Aug 12 01:55:16 UTC 2010",
 "updated_at": "Wed Jan 22 22:38:14 UTC 2014",
 "overview": "\u003Cp\u003EAs of 2009, ACE*COMM was acquired by Ventraq, Inc. for $19.5 million in cash.\u003C/p\u003E\n\n\u003Cp\u003EACE*COMM Corporation provided operations support systems (OSS) and mobile applications for telecommunications service providers and enterprises. \u003C/p\u003E\n\n\u003Cp\u003EIts OSS solutions were applicable to various networks that include wired, wireless, voice, data, multimedia, and Internet communications networks. \u003C/p\u003E\n\n\u003Cp\u003EACE*COMM marketed and sold its solutions in the United States, Canada, Latin America, Europe, the Middle East, Africa, and the Asia Pacific. \u003C/p\u003E\n\n\u003Cp\u003EIt had strategic alliances with telecommunication and Internet equipment manufacturers, computer equipment manufacturers, and telecom systems integrators. \u003C/p\u003E\n\n\u003Cp\u003EThe company was founded in 1983 and was headquartered in Gaithersburg, Maryland. \u003C/p\u003E",
 "image": null,
 "products":
  [],
 "relationships":
  [{"is_past": false,
    "title": "CEO",
    "person":
     {"first_name": "Grant",
      "last_name": "Evans",
      "permalink": "grant-evans"}},
   {"is_past": false,
    "title": "COO",
    "person":
     {"first_name": "Kevin",
      "last_name": "Dickens",
      "permalink": "kevin-dickens"}},
   {"is_past": false,
    "title": "VP, Finance",
    "person":
     {"first_name": "Piper",
      "last_name": "Leonard",
      "permalink": "piper-leonard"}},
   {"is_past": false,
    "title": "VP, Product Management \u0026 Product Marketing",
    "person":
     {"first_name": "Iain",
      "last_name": "Wilson",
      "permalink": "iain-wilson"}},
   {"is_past": true,
    "title": "Vice President Sales",
    "person":
     {"first_name": "John",
      "last_name": "Stabb",
      "permalink": "john-stabb"}},
   {"is_past": true,
    "title": "SVP, Head of Sales, and GM OSS/BSS and IN",
    "person":
     {"first_name": "Per",
      "last_name": "Jacobsen",
      "permalink": "per-jacobsen"}},
   {"is_past": true,
    "title": "",
    "person":
     {"first_name": "Kimberly",
      "last_name": "Schulze",
      "permalink": "kimberly-schulze"}}],
 "competitions":
  [],
 "providerships":
  [],
 "total_money_raised": "$5M",
 "funding_rounds":
  [{"id": 17667,
    "round_code": "private_equity",
    "source_url": "",
    "source_description": "",
    "raised_amount": 5000000.0,
    "raised_currency_code": "USD",
    "funded_year": 2007,
    "funded_month": null,
    "funded_day": null,
    "investments":
     [{"company": null,
       "financial_org":
        {"name": "Highbridge Capital Management",
         "permalink": "highbridge-capital-management"},
       "person": null},
      {"company": null,
       "financial_org":
        {"name": "Enable Capital Management",
         "permalink": "enable-capital-management"},
       "person": null},
      {"company": null,
       "financial_org":
        {"name": "Iroquois Capital",
         "permalink": "iroquois-capital"},
       "person": null},
      {"company": null,
       "financial_org":
        {"name": "DKR Capital",
         "permalink": "dkr-capital"},
       "person": null},
      {"company": null,
       "financial_org":
        {"name": "Bluegrass Growth Fund Partners",
         "permalink": "bluegrass-growth-fund-partners"},
       "person": null},
      {"company": null,
       "financial_org":
        {"name": "Nite Capital Management",
         "permalink": "nite-capital-management"},
       "person": null},
      {"company": null,
       "financial_org":
        {"name": "Harborview Advisors",
         "permalink": "harborview-advisors"},
       "person": null},
      {"company": null,
       "financial_org":
        {"name": "Omicron Capital",
         "permalink": "omicron-capital"},
       "person": null}]}],
 "investments":
  [],
 "acquisition":
  {"price_amount": null,
   "price_currency_code": "USD",
   "term_code": null,
   "source_url": "http://rutbergco.com/2008/09/ariston-global-acquires-acecomm-merges-acecomm-with-telesciences/",
   "source_description": "Ariston Global Acquires ACE*COMM; Merges ACE*COMM with Telesciences",
   "acquired_year": 2008,
   "acquired_month": 9,
   "acquired_day": 24,
   "acquiring_company":
    {"name": "Ariston Global",
     "permalink": "ariston-global-deleted"}},
 "acquisitions":
  [],
 "offices":
  [{"description": "",
    "address1": "704 Quince Orchard Road",
    "address2": "Suite 100",
    "zip_code": "20878",
    "city": "Gaithersburg",
    "state_code": "MD",
    "country_code": "USA",
    "latitude": null,
    "longitude": null}],
 "milestones":
  [{"id": 38233,
    "description": "ACE*COMM closes PIPE financing with Hale Fund Management for $5 million.\r\n\r\n",
    "stoned_year": 2007,
    "stoned_month": null,
    "stoned_day": null,
    "source_url": "",
    "source_text": null,
    "source_description": "",
    "stoneable_type": "Company",
    "stoned_value": null,
    "stoned_value_type": null,
    "stoned_acquirer": null,
    "stoneable":
     {"name": "ACE*COMM",
      "permalink": "ace-comm"}},
   {"id": 38234,
    "description": "ACECOMM acquired by Ventraq, Inc. in privatization transaction ",
    "stoned_year": 2009,
    "stoned_month": null,
    "stoned_day": null,
    "source_url": "",
    "source_text": null,
    "source_description": "",
    "stoneable_type": "Company",
    "stoned_value": null,
    "stoned_value_type": null,
    "stoned_acquirer": null,
    "stoneable":
     {"name": "ACE*COMM",
      "permalink": "ace-comm"}}],
 "ipo": null,
 "video_embeds":
  [],
 "screenshots":
  [],
 "external_links":
  [],
 "partners":
  []}
