{"name": "Aceris 3D Inspection",
 "permalink": "aceris-3d-inspection",
 "crunchbase_url": "http://www.crunchbase.com/company/aceris-3d-inspection",
 "homepage_url": "http://www.aceris-3d.ca",
 "blog_url": "",
 "blog_feed_url": "",
 "twitter_username": null,
 "category_code": "semiconductor",
 "number_of_employees": null,
 "founded_year": 2000,
 "founded_month": null,
 "founded_day": null,
 "deadpooled_year": 2010,
 "deadpooled_month": 3,
 "deadpooled_day": 24,
 "deadpooled_url": "",
 "tag_list": "",
 "alias_list": "Abante Inspection",
 "email_address": "",
 "phone_number": "514-695-0112",
 "description": "flip chip and wafer inspection equipment",
 "created_at": "Thu Mar 25 15:59:47 UTC 2010",
 "updated_at": "Mon Oct 07 10:14:39 UTC 2013",
 "overview": "\u003Cp\u003EAceris 3D Inspection Inc. designs and manufactures flip chip and wafer inspection equipment for detecting measurements and defects. Its equipment is used to detect solder paste, singulated dies, warpage, epoxy, and bump height, as well as coined, round, and wafer level bumps. Aceris 3D Inspection Inc. was formerly known as Abante Inspection Inc. and changed its name to Aceris 3D Inspection Inc. in 2001. \u003C/p\u003E\n\n\u003Cp\u003EThe company was founded in 2000 and is based in Montreal, Canada.\u003C/p\u003E",
 "image":
  {"available_sizes":
    [[[150,
       42],
      "http://api-images.crunchbase.com/assets/images/resized/0008/1757/81757v1-max-150x150.png"],
     [[233,
       66],
      "http://api-images.crunchbase.com/assets/images/resized/0008/1757/81757v1-max-250x250.png"],
     [[233,
       66],
      "http://api-images.crunchbase.com/assets/images/resized/0008/1757/81757v1-max-450x450.png"]],
   "attribution": null},
 "products":
  [],
 "relationships":
  [],
 "competitions":
  [],
 "providerships":
  [],
 "total_money_raised": "$4.88M",
 "funding_rounds":
  [{"id": 13402,
    "round_code": "unattributed",
    "source_url": "",
    "source_description": "EDGAR",
    "raised_amount": 4880000.0,
    "raised_currency_code": "USD",
    "funded_year": 2007,
    "funded_month": 5,
    "funded_day": 30,
    "investments":
     [{"company": null,
       "financial_org":
        {"name": "Fondaction",
         "permalink": "fondaction"},
       "person": null},
      {"company": null,
       "financial_org":
        {"name": "Capimont",
         "permalink": "capimont"},
       "person": null}]}],
 "investments":
  [],
 "acquisition": null,
 "acquisitions":
  [],
 "offices":
  [{"description": "HQ",
    "address1": "19501 Clark Graham",
    "address2": "Suite 300",
    "zip_code": "H9X 3T1",
    "city": "Montreal",
    "state_code": null,
    "country_code": "CAN",
    "latitude": null,
    "longitude": null}],
 "milestones":
  [],
 "ipo": null,
 "video_embeds":
  [],
 "screenshots":
  [{"available_sizes":
     [[[150,
        116],
       "http://api-images.crunchbase.com/assets/images/resized/0008/1758/81758v1-max-150x150.jpg"],
      [[250,
        194],
       "http://api-images.crunchbase.com/assets/images/resized/0008/1758/81758v1-max-250x250.jpg"],
      [[450,
        350],
       "http://api-images.crunchbase.com/assets/images/resized/0008/1758/81758v1-max-450x450.jpg"]],
    "attribution": null}],
 "external_links":
  [],
 "partners":
  []}
