{"name": "Acexlogics - AXL",
 "permalink": "acexlogics-axl",
 "crunchbase_url": "http://www.crunchbase.com/company/acexlogics-axl",
 "homepage_url": "http://www.acexlogics.com",
 "blog_url": "",
 "blog_feed_url": "",
 "twitter_username": null,
 "category_code": "software",
 "number_of_employees": 12,
 "founded_year": 2002,
 "founded_month": 11,
 "founded_day": 5,
 "deadpooled_year": null,
 "deadpooled_month": null,
 "deadpooled_day": null,
 "deadpooled_url": null,
 "tag_list": "web-design, web-development, seo, sem, iphone-app-developers, outsource-web-design",
 "alias_list": null,
 "email_address": "info@acexlogics.com",
 "phone_number": "92 51 8245797",
 "description": "Web Development company",
 "created_at": "Tue Jul 13 23:33:25 UTC 2010",
 "updated_at": "Fri Jul 16 21:51:52 UTC 2010",
 "overview": "\u003Cp\u003EACEXLOGICS managed by ethical management team with result driven web professionals adhering to clients\u00e2\u20ac\u2122 requirements and fulfilling it in the best and most economical way.\u003C/p\u003E\n\n\u003Cp\u003EWe aim to become a ONE STOP SHOP for all the web outsourcing requirements.\u003C/p\u003E\n\n\u003Cp\u003EAt AXL, we give individual attention and have same degree of work commitment for our clients whether it is a small project or a large scale project. Our ultimate aim is to get success in every venture we take into our hands and give full satisfaction to our clients.\u003C/p\u003E\n\n\u003Cp\u003EThe majority of clientele includes companies from US, UK, Canada, Australia, Italy, Ireland, Iceland, Sweden, Germany, etc.. almost from all over the globe hence capturing international market.\u003C/p\u003E\n\n\u003Cp\u003EWe have highly skilled and professional team of dedicated web professionals to take care of your projects. Apart from creating mesmerizing and artistic web designs for new websites, we even give a pre-existing site a facelift in terms of any of our web services applicable.\u003C/p\u003E\n\n\u003Cp\u003EOur rates are very cost effective and reasonable in comparison to other outsourcing companies in India. After sales service is one of the strongest offering at AXL, which includes regular follow-ups and continuing online support to our clients.\u003C/p\u003E\n\n\u003Cp\u003EHere we also help you fulfill the dream of ranking your website high in major search engines like Google, MSN, Yahoo and so on. Give us the opportunity to work with your company and allow us to deliver world class services to you.\u003C/p\u003E",
 "image":
  {"available_sizes":
    [[[150,
       75],
      "http://api-images.crunchbase.com/assets/images/resized/0009/3308/93308v2-max-150x150.jpg"],
     [[250,
       126],
      "http://api-images.crunchbase.com/assets/images/resized/0009/3308/93308v2-max-250x250.jpg"],
     [[271,
       137],
      "http://api-images.crunchbase.com/assets/images/resized/0009/3308/93308v2-max-450x450.jpg"]],
   "attribution": null},
 "products":
  [],
 "relationships":
  [],
 "competitions":
  [],
 "providerships":
  [],
 "total_money_raised": "$0",
 "funding_rounds":
  [],
 "investments":
  [],
 "acquisition": null,
 "acquisitions":
  [],
 "offices":
  [],
 "milestones":
  [],
 "ipo": null,
 "video_embeds":
  [],
 "screenshots":
  [{"available_sizes":
     [[[141,
        150],
       "http://api-images.crunchbase.com/assets/images/resized/0009/3307/93307v2-max-150x150.png"],
      [[236,
        250],
       "http://api-images.crunchbase.com/assets/images/resized/0009/3307/93307v2-max-250x250.png"],
      [[424,
        450],
       "http://api-images.crunchbase.com/assets/images/resized/0009/3307/93307v2-max-450x450.png"]],
    "attribution": null}],
 "external_links":
  [{"external_url": "http://www.acexlogics.com",
    "title": ""}],
 "partners":
  []}
