{"name": "Achenproperties",
 "permalink": "achenproperties",
 "crunchbase_url": "http://www.crunchbase.com/company/achenproperties",
 "homepage_url": "http://achenproperties.com",
 "blog_url": "",
 "blog_feed_url": "",
 "twitter_username": null,
 "category_code": "web",
 "number_of_employees": 2,
 "founded_year": null,
 "founded_month": null,
 "founded_day": null,
 "deadpooled_year": null,
 "deadpooled_month": null,
 "deadpooled_day": null,
 "deadpooled_url": null,
 "tag_list": "",
 "alias_list": null,
 "email_address": "machenbach@achenproperties.com",
 "phone_number": "",
 "description": "Rental Property Listings",
 "created_at": "Thu May 20 15:58:25 UTC 2010",
 "updated_at": "Mon Jul 05 22:11:01 UTC 2010",
 "overview": "\u003Cp\u003EAchenproperties is a rental property listing website. Searching and listing properties is free and easy. Achenproperties also sells moving supplies at discount prices.\u003C/p\u003E",
 "image": null,
 "products":
  [],
 "relationships":
  [],
 "competitions":
  [],
 "providerships":
  [],
 "total_money_raised": "$0",
 "funding_rounds":
  [],
 "investments":
  [],
 "acquisition": null,
 "acquisitions":
  [],
 "offices":
  [],
 "milestones":
  [],
 "ipo": null,
 "video_embeds":
  [],
 "screenshots":
  [],
 "external_links":
  [],
 "partners":
  []}
