{"name": "achtQuark",
 "permalink": "achtquark",
 "crunchbase_url": "http://www.crunchbase.com/company/achtquark",
 "homepage_url": "http://www.achtquark.com",
 "blog_url": "",
 "blog_feed_url": "http://www.achtquark.com/feed",
 "twitter_username": "achtquark",
 "category_code": "ecommerce",
 "number_of_employees": 5,
 "founded_year": 2004,
 "founded_month": 7,
 "founded_day": 1,
 "deadpooled_year": null,
 "deadpooled_month": null,
 "deadpooled_day": null,
 "deadpooled_url": null,
 "tag_list": "online-business, online-communications, online-optimisation, market-research",
 "alias_list": null,
 "email_address": "info@achtquark.com",
 "phone_number": "+49 89 28806315",
 "description": "Internet Consulting Company",
 "created_at": "Mon Jul 12 17:29:19 UTC 2010",
 "updated_at": "Thu Jul 15 23:55:15 UTC 2010",
 "overview": "\u003Cp\u003EachtQuark provides advice: from the idea to the planning of the strategy; from the concept to its implementation. Furthermore, we monitor the success of your online activities and give you precise advice for any further optimisation.\u003C/p\u003E\n\n\u003Cp\u003EWe provide professional and versatile support for any and all questions concerning your internet presentation. With comprehensive know how we manage your project, your product and your message online as well as offline.\u003C/p\u003E\n\n\u003Cp\u003EachtQuark was founded in 2004 and is based in Munich, Germany.\u003C/p\u003E",
 "image":
  {"available_sizes":
    [[[150,
       38],
      "http://api-images.crunchbase.com/assets/images/resized/0009/3047/93047v2-max-150x150.jpg"],
     [[150,
       38],
      "http://api-images.crunchbase.com/assets/images/resized/0009/3047/93047v2-max-250x250.jpg"],
     [[150,
       38],
      "http://api-images.crunchbase.com/assets/images/resized/0009/3047/93047v2-max-450x450.jpg"]],
   "attribution": null},
 "products":
  [],
 "relationships":
  [{"is_past": false,
    "title": "co-founder",
    "person":
     {"first_name": "Alexander",
      "last_name": "Fallier",
      "permalink": "alexander-fallier"}},
   {"is_past": false,
    "title": "president",
    "person":
     {"first_name": "Ines",
      "last_name": "Eiban",
      "permalink": "ines-eiban"}}],
 "competitions":
  [],
 "providerships":
  [],
 "total_money_raised": "$0",
 "funding_rounds":
  [],
 "investments":
  [],
 "acquisition": null,
 "acquisitions":
  [],
 "offices":
  [{"description": "Headquarter",
    "address1": "Hessstr. 36",
    "address2": "",
    "zip_code": "80798",
    "city": "Munich",
    "state_code": null,
    "country_code": "DEU",
    "latitude": null,
    "longitude": null}],
 "milestones":
  [],
 "ipo": null,
 "video_embeds":
  [],
 "screenshots":
  [],
 "external_links":
  [],
 "partners":
  []}
