{"name": "Aconite Technology",
 "permalink": "aconite-technology",
 "crunchbase_url": "http://www.crunchbase.com/company/aconite-technology",
 "homepage_url": "http://www.aconite.net",
 "blog_url": "",
 "blog_feed_url": "",
 "twitter_username": "AconiteOnline",
 "category_code": "software",
 "number_of_employees": null,
 "founded_year": 2000,
 "founded_month": null,
 "founded_day": null,
 "deadpooled_year": null,
 "deadpooled_month": null,
 "deadpooled_day": null,
 "deadpooled_url": null,
 "tag_list": "",
 "alias_list": "",
 "email_address": "",
 "phone_number": "+44 (0)20 7713 4800",
 "description": "",
 "created_at": "Mon May 03 01:09:25 UTC 2010",
 "updated_at": "Mon May 03 01:11:45 UTC 2010",
 "overview": "\u003Cp\u003EAconite Technology Ltd. provides software and consulting services for managing business applications on chips in smart cards, tokens, or mobiles. Its products include EMV Transaction Enabler, which provides a solution for EMV authorization processing for smart cards, tokens, and mobile payments; EMV Script Processor, which enables clients to react to changes in an individual customer\u00e2\u20ac\u2122s behavior and credit standing by changing how their smart card\u00e2\u20ac\u2122s, token\u00e2\u20ac\u2122s, or mobile\u00e2\u20ac\u2122s EMV application will respond when next used; Risk Status Translator, which helps issuers to exploit the risk management benefits of EMV migration by empowering them to take control of the post issuance behavior of the smart card, token, or mobile based payment application; and PrePaid Value Manager, which provides issuers with a entry into prepaid market with secure smart card, token, or mobile based products. The company\u00e2\u20ac\u2122s consulting services comprise strategy and planning, delivery, and implementation services. It serves banking and finance, corporate, education, government, healthcare, mobile payments, retail, and transit sectors. Aconite Technology Ltd. has strategic partnership with Datacard Group, Fidelity National Information Services, FairIsaac, First Data, Master Card, Visa, and tieto. The company was founded in 2000 and is based in London, the United Kingdom.\u003C/p\u003E",
 "image":
  {"available_sizes":
    [[[150,
       48],
      "http://api-images.crunchbase.com/assets/images/resized/0008/5690/85690v1-max-150x150.jpg"],
     [[226,
       73],
      "http://api-images.crunchbase.com/assets/images/resized/0008/5690/85690v1-max-250x250.jpg"],
     [[226,
       73],
      "http://api-images.crunchbase.com/assets/images/resized/0008/5690/85690v1-max-450x450.jpg"]],
   "attribution": null},
 "products":
  [],
 "relationships":
  [{"is_past": false,
    "title": "CEO, Founder",
    "person":
     {"first_name": "Mike",
      "last_name": "Woods",
      "permalink": "mike-woods"}},
   {"is_past": false,
    "title": "Finance Director",
    "person":
     {"first_name": "David",
      "last_name": "Jacks",
      "permalink": "david-jacks"}}],
 "competitions":
  [],
 "providerships":
  [],
 "total_money_raised": "$592k",
 "funding_rounds":
  [{"id": 15136,
    "round_code": "unattributed",
    "source_url": "",
    "source_description": "EDGAR",
    "raised_amount": 592000.0,
    "raised_currency_code": "USD",
    "funded_year": 2006,
    "funded_month": 1,
    "funded_day": 17,
    "investments":
     [{"company": null,
       "financial_org":
        {"name": "YFM Venture Finance",
         "permalink": "yfm-venture-finance"},
       "person": null}]}],
 "investments":
  [],
 "acquisition": null,
 "acquisitions":
  [],
 "offices":
  [{"description": "",
    "address1": "8\u00e2\u20ac\u201c14 Vine Hill",
    "address2": "",
    "zip_code": "EC1R 5DX",
    "city": "London",
    "state_code": null,
    "country_code": "GBR",
    "latitude": null,
    "longitude": null}],
 "milestones":
  [],
 "ipo": null,
 "video_embeds":
  [],
 "screenshots":
  [{"available_sizes":
     [[[150,
        86],
       "http://api-images.crunchbase.com/assets/images/resized/0008/5689/85689v1-max-150x150.jpg"],
      [[250,
        143],
       "http://api-images.crunchbase.com/assets/images/resized/0008/5689/85689v1-max-250x250.jpg"],
      [[450,
        259],
       "http://api-images.crunchbase.com/assets/images/resized/0008/5689/85689v1-max-450x450.jpg"]],
    "attribution": null}],
 "external_links":
  [],
 "partners":
  []}
