{"name": "Acquisio",
 "permalink": "acquisio",
 "crunchbase_url": "http://www.crunchbase.com/company/acquisio",
 "homepage_url": "http://www.acquisio.com",
 "blog_url": "",
 "blog_feed_url": "",
 "twitter_username": "acquisio",
 "category_code": "software",
 "number_of_employees": null,
 "founded_year": 2003,
 "founded_month": null,
 "founded_day": null,
 "deadpooled_year": null,
 "deadpooled_month": null,
 "deadpooled_day": null,
 "deadpooled_url": null,
 "tag_list": null,
 "alias_list": "",
 "email_address": "",
 "phone_number": "+1.450.465.2631",
 "description": "designed for SEM agencies",
 "created_at": "Thu Jul 22 15:01:57 UTC 2010",
 "updated_at": "Fri Jan 31 05:57:44 UTC 2014",
 "overview": "\u003Cp\u003EAcquisio is a productivity platform designed for SEM agencies. It helps agencies launch, manage, automate and optimize PPC campaigns across all search engines. The platform helps marketers save time on redundant tasks so they can spend more of it on strategy and intelligent campaign refinement. Some of Acquisio\u0026#8217;s highlights include the industry\u0026#8217;s most sophisticated white label reporting engine, a powerful and intuitive multi-engine bulk editor, the most flexible and easy-to-use rule-based campaign automation engine, advanced budget and KPI tracking capabilities, automatic currency conversion, external data feeds, seamless DART integration, and much more.\u003C/p\u003E",
 "image":
  {"available_sizes":
    [[[150,
       43],
      "http://api-images.crunchbase.com/assets/images/resized/0010/6940/106940v1-max-150x150.jpg"],
     [[160,
       46],
      "http://api-images.crunchbase.com/assets/images/resized/0010/6940/106940v1-max-250x250.jpg"],
     [[160,
       46],
      "http://api-images.crunchbase.com/assets/images/resized/0010/6940/106940v1-max-450x450.jpg"]],
   "attribution": null},
 "products":
  [],
 "relationships":
  [{"is_past": false,
    "title": "President \u0026 CEO \u0026 Board Director",
    "person":
     {"first_name": "Martin",
      "last_name": "LeSauteur",
      "permalink": "martin-lesauteur"}},
   {"is_past": false,
    "title": "Co - Founder \u0026 EVP, Business Development \u0026 Board Member",
    "person":
     {"first_name": "Marc",
      "last_name": "Poirier",
      "permalink": "marc-poirier-2"}},
   {"is_past": false,
    "title": "Co - Founder \u0026 VP, Product Management",
    "person":
     {"first_name": "Richard",
      "last_name": "Couture",
      "permalink": "richard-couture"}},
   {"is_past": false,
    "title": "VP, Technology",
    "person":
     {"first_name": "Martin",
      "last_name": "Mailloux",
      "permalink": "martin-mailloux"}},
   {"is_past": false,
    "title": "Board Director",
    "person":
     {"first_name": "Patrick",
      "last_name": "Lauzon",
      "permalink": "patrick-lauzon"}},
   {"is_past": false,
    "title": "Board Director",
    "person":
     {"first_name": "Andre",
      "last_name": "Gauthier",
      "permalink": "andre-gauthier"}},
   {"is_past": false,
    "title": "Board Director",
    "person":
     {"first_name": "Luc",
      "last_name": "Filiatreault",
      "permalink": "luc-filiatreault"}}],
 "competitions":
  [],
 "providerships":
  [],
 "total_money_raised": "$12.1M",
 "funding_rounds":
  [{"id": 24854,
    "round_code": "b",
    "source_url": "http://www.acquisio.com/news/leading-performance-marketing-platform-for-agencies-acquisio-secures-12-1-million-in-series-b-funding/",
    "source_description": "Leading Performance Marketing Platform for Agencies, Acquisio, Secures $12.1 Million in Series B Funding",
    "raised_amount": 12100000.0,
    "raised_currency_code": "USD",
    "funded_year": 2011,
    "funded_month": 8,
    "funded_day": 16,
    "investments":
     [{"company": null,
       "financial_org":
        {"name": "Tandem Expansion",
         "permalink": "tandem-expansion"},
       "person": null}]},
   {"id": 31785,
    "round_code": "unattributed",
    "source_url": "http://www.finsmes.com/2012/08/acquisio-secures-funding.html?utm_source=feedburner\u0026utm_medium=feed\u0026utm_campaign=Feed%3A+finsmes%2FcNHu+%28FinSMEs%29",
    "source_description": "Acquisio Secures Funding",
    "raised_amount": null,
    "raised_currency_code": "USD",
    "funded_year": 2012,
    "funded_month": 8,
    "funded_day": 7,
    "investments":
     [{"company": null,
       "financial_org":
        {"name": "Tandem Expansion",
         "permalink": "tandem-expansion"},
       "person": null},
      {"company": null,
       "financial_org":
        {"name": "Fonds de solidarit\u00e9 FTQ",
         "permalink": "fonds-de-solidarit-ftq"},
       "person": null}]}],
 "investments":
  [],
 "acquisition": null,
 "acquisitions":
  [{"price_amount": null,
    "price_currency_code": "USD",
    "term_code": null,
    "source_url": "http://www.prnewswire.com/news-releases/acquisio-acquires-scienceops-and-secures-new-funding-165250566.html",
    "source_description": "Acquisio Acquires ScienceOps",
    "acquired_year": 2012,
    "acquired_month": 8,
    "acquired_day": 7,
    "company":
     {"name": "ScienceOps",
      "permalink": "scienceops"}}],
 "offices":
  [{"description": "HQ",
    "address1": "465 Victoria",
    "address2": "Suite 300",
    "zip_code": "J4P 2J2",
    "city": "Saint Lambert",
    "state_code": null,
    "country_code": "CAN",
    "latitude": null,
    "longitude": null},
   {"description": "Acquisio West (USA)",
    "address1": "416 Main Street",
    "address2": "",
    "zip_code": "98273",
    "city": "Mount Vernon",
    "state_code": "WA",
    "country_code": "USA",
    "latitude": null,
    "longitude": null},
   {"description": "Acquisio East (USA)",
    "address1": "122 East 42nd Street",
    "address2": "Suite 2005",
    "zip_code": "10168",
    "city": "New York City",
    "state_code": "NY",
    "country_code": "USA",
    "latitude": null,
    "longitude": null},
   {"description": "Acquisio EUROPE",
    "address1": "Unit 101, Clerkenwell Workshops",
    "address2": "31 Clerkenwell Close",
    "zip_code": "EC1R 0AT",
    "city": "London",
    "state_code": null,
    "country_code": "GBR",
    "latitude": null,
    "longitude": null}],
 "milestones":
  [{"id": 17298,
    "description": "Raised $12.1M Series B",
    "stoned_year": 2011,
    "stoned_month": 8,
    "stoned_day": 16,
    "source_url": "http://www.acquisio.com/news/leading-performance-marketing-platform-for-agencies-acquisio-secures-12-1-million-in-series-b-funding/",
    "source_text": null,
    "source_description": "Leading Performance Marketing Platform for Agencies, Acquisio, Secures $12.1 Million in Series B Funding",
    "stoneable_type": "Company",
    "stoned_value": null,
    "stoned_value_type": null,
    "stoned_acquirer": null,
    "stoneable":
     {"name": "Acquisio",
      "permalink": "acquisio"}},
   {"id": 46659,
    "description": "Acquisio Secures Expansion Round from Canadian VC Emerillon Capital",
    "stoned_year": 2014,
    "stoned_month": 1,
    "stoned_day": 30,
    "source_url": "http://www.vcaonline.com/news/news.asp?ID=2014013009",
    "source_text": "",
    "source_description": "Acquisio Secures Expansion Round from Canadian VC Emerillon Capital",
    "stoneable_type": "Company",
    "stoned_value": null,
    "stoned_value_type": null,
    "stoned_acquirer": null,
    "stoneable":
     {"name": "Acquisio",
      "permalink": "acquisio"}}],
 "ipo": null,
 "video_embeds":
  [],
 "screenshots":
  [{"available_sizes":
     [[[150,
        108],
       "http://api-images.crunchbase.com/assets/images/resized/0010/6941/106941v1-max-150x150.jpg"],
      [[250,
        181],
       "http://api-images.crunchbase.com/assets/images/resized/0010/6941/106941v1-max-250x250.jpg"],
      [[450,
        326],
       "http://api-images.crunchbase.com/assets/images/resized/0010/6941/106941v1-max-450x450.jpg"]],
    "attribution": null}],
 "external_links":
  [],
 "partners":
  []}
