{"name": "Acro Energy Technologies",
 "permalink": "acro-energy-technologies",
 "crunchbase_url": "http://www.crunchbase.com/company/acro-energy-technologies",
 "homepage_url": "http://acroenergy.com",
 "blog_url": "",
 "blog_feed_url": "",
 "twitter_username": "acroenergy",
 "category_code": "cleantech",
 "number_of_employees": 120,
 "founded_year": 2007,
 "founded_month": 9,
 "founded_day": null,
 "deadpooled_year": null,
 "deadpooled_month": null,
 "deadpooled_day": null,
 "deadpooled_url": null,
 "tag_list": "solar, integrator, california",
 "alias_list": null,
 "email_address": "info@acroenergy.com",
 "phone_number": "713-715-1000",
 "description": "Renewable Energy",
 "created_at": "Fri Aug 06 18:31:53 UTC 2010",
 "updated_at": "Tue May 22 06:18:31 UTC 2012",
 "overview": "\u003Cp\u003EAcro Energy Technologies Corp. (TSX Venture: ART) is focused on the consolidation and growth of renewable energy companies, initially in the United States solar market. Acro Energy Technologies initiated its acquisition campaign in the solar integrator market through its addition of Acro Electric, Inc., the 8th largest residential solar integrator in California, and Energy Efficiency Solar in Los Angeles. Acro continues to actively evaluate suitable acquisition candidates across North America and Canada as well as grow organically to new markets. \u003C/p\u003E",
 "image":
  {"available_sizes":
    [[[143,
       59],
      "http://api-images.crunchbase.com/assets/images/resized/0009/6370/96370v2-max-150x150.png"],
     [[143,
       59],
      "http://api-images.crunchbase.com/assets/images/resized/0009/6370/96370v2-max-250x250.png"],
     [[143,
       59],
      "http://api-images.crunchbase.com/assets/images/resized/0009/6370/96370v2-max-450x450.png"]],
   "attribution": null},
 "products":
  [],
 "relationships":
  [{"is_past": false,
    "title": "CEO",
    "person":
     {"first_name": "Harry",
      "last_name": "Fleming",
      "permalink": "harry-fleming"}},
   {"is_past": false,
    "title": "CFO",
    "person":
     {"first_name": "Marty",
      "last_name": "Spake",
      "permalink": "marty-spake"}},
   {"is_past": false,
    "title": "President",
    "person":
     {"first_name": "Nat",
      "last_name": "Kreamer",
      "permalink": "nat-kreamer"}}],
 "competitions":
  [{"competitor":
     {"name": "Real Goods Solar",
      "permalink": "real-goods-solar"}},
   {"competitor":
     {"name": "Akeena Solar",
      "permalink": "akeena-solar"}}],
 "providerships":
  [],
 "total_money_raised": "$0",
 "funding_rounds":
  [],
 "investments":
  [],
 "acquisition": null,
 "acquisitions":
  [],
 "offices":
  [{"description": "Corporate",
    "address1": "10700 Richmond Ave",
    "address2": "Suite 275",
    "zip_code": "77042",
    "city": "Houston",
    "state_code": "TX",
    "country_code": "USA",
    "latitude": null,
    "longitude": null},
   {"description": "Central California",
    "address1": "4213 Technology Dr. Suite A",
    "address2": "",
    "zip_code": "95356",
    "city": "Modesto",
    "state_code": "CA",
    "country_code": "USA",
    "latitude": null,
    "longitude": null},
   {"description": "Southern California",
    "address1": "308 W. Monterey Ave.",
    "address2": "",
    "zip_code": "",
    "city": "Pomona",
    "state_code": "CA",
    "country_code": "USA",
    "latitude": null,
    "longitude": null},
   {"description": "Los Angeles",
    "address1": "6300 Wilshire Blvd.",
    "address2": "Suite 1810",
    "zip_code": "90048",
    "city": "Los Angeles",
    "state_code": "CA",
    "country_code": "USA",
    "latitude": null,
    "longitude": null}],
 "milestones":
  [],
 "ipo": null,
 "video_embeds":
  [],
 "screenshots":
  [],
 "external_links":
  [],
 "partners":
  []}
