{"name": "ACT Conferencing",
 "permalink": "act-conferencing",
 "crunchbase_url": "http://www.crunchbase.com/company/act-conferencing",
 "homepage_url": "http://www.actconferencing.com",
 "blog_url": "http://blog.actconferencing.com",
 "blog_feed_url": "",
 "twitter_username": "actconferencing",
 "category_code": "other",
 "number_of_employees": 350,
 "founded_year": 1989,
 "founded_month": null,
 "founded_day": null,
 "deadpooled_year": null,
 "deadpooled_month": null,
 "deadpooled_day": null,
 "deadpooled_url": null,
 "tag_list": "conferencing, video-conferencing, audio-conferencing, web-conferencing, conference-calls",
 "alias_list": null,
 "email_address": "internalsales@acttel.com",
 "phone_number": "800-228-2554",
 "description": "Global Conferencing Service ",
 "created_at": "Mon Jul 19 17:19:01 UTC 2010",
 "updated_at": "Wed Jul 21 01:53:03 UTC 2010",
 "overview": "\u003Cp\u003EACT Conferencing is a global provider of audio conferencing, video conferencing, and web conferencing solutions.  \u003C/p\u003E",
 "image":
  {"available_sizes":
    [[[150,
       116],
      "http://api-images.crunchbase.com/assets/images/resized/0009/4143/94143v2-max-150x150.tiff"],
     [[250,
       194],
      "http://api-images.crunchbase.com/assets/images/resized/0009/4143/94143v2-max-250x250.tiff"],
     [[324,
       252],
      "http://api-images.crunchbase.com/assets/images/resized/0009/4143/94143v2-max-450x450.tiff"]],
   "attribution": null},
 "products":
  [],
 "relationships":
  [{"is_past": true,
    "title": "Video Solutions Engineer",
    "person":
     {"first_name": "John",
      "last_name": "Shur",
      "permalink": "john-shur"}}],
 "competitions":
  [],
 "providerships":
  [],
 "total_money_raised": "$0",
 "funding_rounds":
  [],
 "investments":
  [],
 "acquisition": null,
 "acquisitions":
  [],
 "offices":
  [{"description": "World Headquarters",
    "address1": "1526 Cole Boulevard",
    "address2": "",
    "zip_code": "80401",
    "city": "Lakewood",
    "state_code": "CO",
    "country_code": "USA",
    "latitude": null,
    "longitude": null}],
 "milestones":
  [],
 "ipo": null,
 "video_embeds":
  [],
 "screenshots":
  [],
 "external_links":
  [],
 "partners":
  []}
