{"name": "Actelion Pharmaceuticals",
 "permalink": "actelion-pharmaceuticals",
 "crunchbase_url": "http://www.crunchbase.com/company/actelion-pharmaceuticals",
 "homepage_url": "http://www.actelion.com",
 "blog_url": "",
 "blog_feed_url": "",
 "twitter_username": "actelion_com",
 "category_code": "biotech",
 "number_of_employees": null,
 "founded_year": 1997,
 "founded_month": null,
 "founded_day": null,
 "deadpooled_year": null,
 "deadpooled_month": null,
 "deadpooled_day": null,
 "deadpooled_url": null,
 "tag_list": "",
 "alias_list": "",
 "email_address": "",
 "phone_number": "+41 61 565 65 65",
 "description": "",
 "created_at": "Thu Jul 22 01:27:00 UTC 2010",
 "updated_at": "Mon Aug 12 07:12:58 UTC 2013",
 "overview": "\u003Cp\u003EActelion Ltd, a biopharmaceutical company, engages in the discovery, development, and commercialization of low molecular weight drugs for various medical needs. Its principal products include Tracleer, an orally available dual endothelin receptor antagonist, approved as a therapy for pulmonary arterial hypertension (PAH), a chronic, life-threatening disorder that severely compromises the functions of the lungs and heart; and Zavesca, in-licensed from Oxford GlycoSciences, an oral medication indicated for the oral treatment of adult patients with mild to moderate type 1 Gaucher disease. The company also offers Ventavis, an inhaled synthetic analogue of prostacyclin that produces potent pulmonary vasodilation and inhibits platelet aggregation. In addition, Actelion evaluates various compounds in various phases of clinical development for treating cardiovascular, cardiopulmonary, immunological, and infectious diseases, as well as metabolic and central nervous system disorders. In addition, it has an exclusive worldwide alliance with Merck \u0026amp; Co, Inc. to discover, develop, and market new classes of renin inhibitors for patients suffering from cardio-renal diseases. Actelion markets Tracleer in the United States, the European Union, Japan, Canada, Australia, and Switzerland. The company was founded in 1997 and is headquartered in Allschwil, Switzerland.\u003C/p\u003E",
 "image":
  {"available_sizes":
    [[[134,
       56],
      "http://api-images.crunchbase.com/assets/images/resized/0009/4514/94514v3-max-150x150.jpg"],
     [[134,
       56],
      "http://api-images.crunchbase.com/assets/images/resized/0009/4514/94514v3-max-250x250.jpg"],
     [[134,
       56],
      "http://api-images.crunchbase.com/assets/images/resized/0009/4514/94514v3-max-450x450.jpg"]],
   "attribution": null},
 "products":
  [],
 "relationships":
  [{"is_past": false,
    "title": "Founder",
    "person":
     {"first_name": "Thomas",
      "last_name": "Widmann",
      "permalink": "thomas-widmann-2"}},
   {"is_past": false,
    "title": "Senior Vice President, Academia Relations, Founder",
    "person":
     {"first_name": "Walter",
      "last_name": "Fischli",
      "permalink": "walter-fischli"}},
   {"is_past": false,
    "title": "CEO, Founder, Member of the Board",
    "person":
     {"first_name": "Jean-Paul",
      "last_name": "Clozel",
      "permalink": "jean-paul-clozel"}},
   {"is_past": false,
    "title": "Executive Vice-President, Chief Operating Officer, Member of the Actelion Executive Committee",
    "person":
     {"first_name": "Otto",
      "last_name": "Schwarz",
      "permalink": "otto-schwarz"}},
   {"is_past": false,
    "title": "Senior Vice President, Head of Drug Discovery Pharmacology and Preclinical Development, Chief Scientific Officer, Founder",
    "person":
     {"first_name": "Martine",
      "last_name": "Clozel",
      "permalink": "martine-clozel"}},
   {"is_past": false,
    "title": "Executive Vice-President, Head of Global Clinical Development, Member of the Actelion Executive Committee",
    "person":
     {"first_name": "Guy",
      "last_name": "Braunstein",
      "permalink": "guy-braunstein"}},
   {"is_past": false,
    "title": "Founder",
    "person":
     {"first_name": "Andr\u00e9",
      "last_name": "J. Mueller",
      "permalink": "andr-j-mueller"}},
   {"is_past": false,
    "title": "Board Member",
    "person":
     {"first_name": "Jean-Pierre",
      "last_name": "Garnier",
      "permalink": "jean-pierre-garnier"}},
   {"is_past": false,
    "title": "Member of the Board",
    "person":
     {"first_name": "Carl",
      "last_name": "Feldbaum",
      "permalink": "carl-feldbaum"}},
   {"is_past": false,
    "title": "Member of the Board",
    "person":
     {"first_name": "Peter",
      "last_name": "Gruss",
      "permalink": "peter-gruss"}},
   {"is_past": false,
    "title": "Member of the Board",
    "person":
     {"first_name": "Armin",
      "last_name": "Kessler",
      "permalink": "armin-kessler"}},
   {"is_past": false,
    "title": "Member of the Board",
    "person":
     {"first_name": "Jean",
      "last_name": "Malo",
      "permalink": "jean-malo"}},
   {"is_past": false,
    "title": "Board of Directors",
    "person":
     {"first_name": "Antoine",
      "last_name": "Papiernik",
      "permalink": "antoine-papiernik"}},
   {"is_past": false,
    "title": "Board Member",
    "person":
     {"first_name": "Juhani",
      "last_name": "Anttila",
      "permalink": "juhani-anttila"}},
   {"is_past": false,
    "title": "Member of the Board",
    "person":
     {"first_name": "Robert",
      "last_name": "J. Bertolini",
      "permalink": "robert-j-bertolini"}},
   {"is_past": false,
    "title": "Member of the Board",
    "person":
     {"first_name": "John",
      "last_name": "J. Greisch",
      "permalink": "john-j-greisch"}},
   {"is_past": false,
    "title": "Member of the Board",
    "person":
     {"first_name": "Werner",
      "last_name": "Henrich",
      "permalink": "werner-henrich"}},
   {"is_past": false,
    "title": "Member of the Board",
    "person":
     {"first_name": "Michael",
      "last_name": "Jacobi",
      "permalink": "michael-jacobi"}},
   {"is_past": false,
    "title": "Investor",
    "person":
     {"first_name": "Michael",
      "last_name": "Powell",
      "permalink": "michael-powell"}},
   {"is_past": true,
    "title": "Executive Assistant",
    "person":
     {"first_name": "Sandy",
      "last_name": "Barksdale",
      "permalink": "sandy-barksdale"}},
   {"is_past": true,
    "title": "Senior Counsel",
    "person":
     {"first_name": "Robert",
      "last_name": "McKague",
      "permalink": "robert-mckague"}},
   {"is_past": true,
    "title": "General manager",
    "person":
     {"first_name": "Thomas",
      "last_name": "Gerlach",
      "permalink": "thomas-gerlach"}},
   {"is_past": true,
    "title": "Senior Management Positions in the Regulatory Affairs Departments",
    "person":
     {"first_name": "Carol",
      "last_name": "Zoltowski",
      "permalink": "carol-zoltowski"}}],
 "competitions":
  [],
 "providerships":
  [],
 "total_money_raised": "$0",
 "funding_rounds":
  [],
 "investments":
  [],
 "acquisition": null,
 "acquisitions":
  [{"price_amount": 250000000.0,
    "price_currency_code": "USD",
    "term_code": null,
    "source_url": "http://www.firstwordpharma.com/node/1127729?tsid=28\u0026region_id=6#axzz2agVunKCa",
    "source_description": "Actelion to acquire Ceptaris Therapeutics for potentially upwards of $250 million",
    "acquired_year": 2013,
    "acquired_month": 7,
    "acquired_day": 31,
    "company":
     {"name": "Ceptaris Therapeutics",
      "permalink": "ceptaris-therapeutics"}}],
 "offices":
  [{"description": "HQ",
    "address1": "Gewerbestrasse 16",
    "address2": "",
    "zip_code": "CH-4123",
    "city": "Allschwil",
    "state_code": null,
    "country_code": "CHE",
    "latitude": 47.5578413,
    "longitude": 7.5448901}],
 "milestones":
  [{"id": 6926,
    "description": "Actelion obtains option to acquire privately-held Trophos",
    "stoned_year": 2010,
    "stoned_month": 7,
    "stoned_day": 20,
    "source_url": "http://www.actelion.com/en/our-company/news-and-events/index.page?newsId=1432469",
    "source_text": "",
    "source_description": "Actelion obtains option to acquire privately-held Trophos",
    "stoneable_type": "Company",
    "stoned_value": null,
    "stoned_value_type": null,
    "stoned_acquirer": null,
    "stoneable":
     {"name": "Actelion Pharmaceuticals",
      "permalink": "actelion-pharmaceuticals"}},
   {"id": 38040,
    "description": "Actelion Pharmaceuticals Ltd: Actelion completes share repurchase program of CHF 800 million",
    "stoned_year": 2013,
    "stoned_month": 8,
    "stoned_day": 12,
    "source_url": "http://www.bioportfolio.com/news/article/1596349/Actelion-Pharmaceuticals-Ltd-Actelion-completes-share-repurchase-program-of-CHF-800-million.html?utm_source=dlvr.it\u0026utm_medium=twitter",
    "source_text": "",
    "source_description": "Actelion Pharmaceuticals Ltd: Actelion completes share repurchase program of CHF 800 million",
    "stoneable_type": "Company",
    "stoned_value": null,
    "stoned_value_type": null,
    "stoned_acquirer": null,
    "stoneable":
     {"name": "Actelion Pharmaceuticals",
      "permalink": "actelion-pharmaceuticals"}}],
 "ipo": null,
 "video_embeds":
  [],
 "screenshots":
  [{"available_sizes":
     [[[150,
        79],
       "http://api-images.crunchbase.com/assets/images/resized/0030/0642/300642v1-max-150x150.jpg"],
      [[250,
        132],
       "http://api-images.crunchbase.com/assets/images/resized/0030/0642/300642v1-max-250x250.jpg"],
      [[450,
        239],
       "http://api-images.crunchbase.com/assets/images/resized/0030/0642/300642v1-max-450x450.jpg"]],
    "attribution": null}],
 "external_links":
  [],
 "partners":
  []}
