{"name": "Actix",
 "permalink": "actix",
 "crunchbase_url": "http://www.crunchbase.com/company/actix",
 "homepage_url": "http://www.actix.com",
 "blog_url": "http://actix.com/blog",
 "blog_feed_url": "",
 "twitter_username": "Actix1",
 "category_code": "mobile",
 "number_of_employees": null,
 "founded_year": 1981,
 "founded_month": null,
 "founded_day": null,
 "deadpooled_year": null,
 "deadpooled_month": null,
 "deadpooled_day": null,
 "deadpooled_url": null,
 "tag_list": null,
 "alias_list": "",
 "email_address": "info@actix.com",
 "phone_number": "+44 (0)20 8735 6300",
 "description": "mobile network operators",
 "created_at": "Tue May 25 09:23:32 UTC 2010",
 "updated_at": "Fri Mar 07 10:34:58 UTC 2014",
 "overview": "\u003Cp\u003EActix helps the world\u00e2\u20ac\u2122s leading mobile network operators optimize their customer experience and dramatically reduce the cost of network ownership. Over a billion people in 106 countries benefit from our technology.\nYear on year, mobile operators are faced with increasingly fierce competition and sky-high customer expectations. They need to extract the maximum value and performance from one of the biggest communication assets - the radio access network (RAN).\nAll over the world, Actix delivers intelligent, automated network performance engineering and network status management systems. Creating measurably higher performance at lower cost, we help leading wireless carriers increase their revenue and improve operating margins.\u003C/p\u003E",
 "image":
  {"available_sizes":
    [[[150,
       83],
      "http://api-images.crunchbase.com/assets/images/resized/0010/6952/106952v1-max-150x150.jpg"],
     [[225,
       125],
      "http://api-images.crunchbase.com/assets/images/resized/0010/6952/106952v1-max-250x250.jpg"],
     [[225,
       125],
      "http://api-images.crunchbase.com/assets/images/resized/0010/6952/106952v1-max-450x450.jpg"]],
   "attribution": null},
 "products":
  [],
 "relationships":
  [{"is_past": false,
    "title": "CEO",
    "person":
     {"first_name": "Bill",
      "last_name": "McHale",
      "permalink": "bill-mchale"}},
   {"is_past": false,
    "title": "CFO",
    "person":
     {"first_name": "Tim",
      "last_name": "Newbegin",
      "permalink": "tim-newbegin"}},
   {"is_past": false,
    "title": "SVP, Global Customer Operations",
    "person":
     {"first_name": "Chris",
      "last_name": "Beukers",
      "permalink": "chris-beukers"}},
   {"is_past": false,
    "title": "CTO",
    "person":
     {"first_name": "Richard",
      "last_name": "Kateley",
      "permalink": "richard-kateley"}},
   {"is_past": false,
    "title": "Director, Professional Services",
    "person":
     {"first_name": "Rene",
      "last_name": "Pritchard",
      "permalink": "rene-pritchard"}},
   {"is_past": false,
    "title": "Director, Wireless Consulting",
    "person":
     {"first_name": "Jason",
      "last_name": "Ramsden",
      "permalink": "jason-ramsden"}},
   {"is_past": false,
    "title": "Director, Global Marketing",
    "person":
     {"first_name": "Neil",
      "last_name": "Coleman",
      "permalink": "neil-coleman"}},
   {"is_past": false,
    "title": "Director, Global Solutions Centre",
    "person":
     {"first_name": "Gene",
      "last_name": "Ong",
      "permalink": "gene-ong"}},
   {"is_past": true,
    "title": "CFO",
    "person":
     {"first_name": "Euan",
      "last_name": "Menzies",
      "permalink": "euan-menzies"}},
   {"is_past": true,
    "title": "Senior Software Architect",
    "person":
     {"first_name": "Craig",
      "last_name": "Taverner",
      "permalink": "craig-taverner"}},
   {"is_past": true,
    "title": "Worked on a wide range of Projects",
    "person":
     {"first_name": "Rene",
      "last_name": "Pritchard",
      "permalink": "rene-pritchard"}},
   {"is_past": true,
    "title": "Group Financial Controller",
    "person":
     {"first_name": "Tim",
      "last_name": "Newbegin",
      "permalink": "tim-newbegin"}}],
 "competitions":
  [],
 "providerships":
  [],
 "total_money_raised": "$0",
 "funding_rounds":
  [{"id": 68074,
    "round_code": "unattributed",
    "source_url": "http://www.businesswire.com/news/home/20050302005046/en/Summit-Partners-Invest-Actix-Limited#.UxhcpxpJOqc",
    "source_description": "Summit Partners to Invest in Actix Limited",
    "raised_amount": null,
    "raised_currency_code": "USD",
    "funded_year": 2005,
    "funded_month": 3,
    "funded_day": 2,
    "investments":
     [{"company": null,
       "financial_org":
        {"name": "Summit Partners",
         "permalink": "summit-partners"},
       "person": null}]}],
 "investments":
  [],
 "acquisition":
  {"price_amount": 120000000.0,
   "price_currency_code": "USD",
   "term_code": null,
   "source_url": "http://www.cellular-news.com/story/61827.php?s=tw",
   "source_description": "Amdocs Pays $120 Million to Buy Network Optimization Software Vendor",
   "acquired_year": 2013,
   "acquired_month": 9,
   "acquired_day": 3,
   "acquiring_company":
    {"name": "Amdocs",
     "permalink": "amdocs"}},
 "acquisitions":
  [{"price_amount": null,
    "price_currency_code": "USD",
    "term_code": null,
    "source_url": "http://connectedplanetonline.com/backoffice/web/telecom_actix_acquires_comopt/",
    "source_description": "Actix acquires ComOpt",
    "acquired_year": 2004,
    "acquired_month": 2,
    "acquired_day": null,
    "company":
     {"name": "ComOpt",
      "permalink": "comopt"}}],
 "offices":
  [{"description": "HQ",
    "address1": "200 Hammersmith Road",
    "address2": "",
    "zip_code": "W6 7DL",
    "city": "London",
    "state_code": null,
    "country_code": "GBR",
    "latitude": null,
    "longitude": null}],
 "milestones":
  [],
 "ipo": null,
 "video_embeds":
  [],
 "screenshots":
  [{"available_sizes":
     [[[150,
        92],
       "http://api-images.crunchbase.com/assets/images/resized/0010/6953/106953v1-max-150x150.jpg"],
      [[250,
        153],
       "http://api-images.crunchbase.com/assets/images/resized/0010/6953/106953v1-max-250x250.jpg"],
      [[450,
        277],
       "http://api-images.crunchbase.com/assets/images/resized/0010/6953/106953v1-max-450x450.jpg"]],
    "attribution": null}],
 "external_links":
  [],
 "partners":
  []}
