{"name": "Active Interview",
 "permalink": "active-interview",
 "crunchbase_url": "http://www.crunchbase.com/company/active-interview",
 "homepage_url": "http://activeinterview.com",
 "blog_url": "http://activeinterview.com/blog",
 "blog_feed_url": "http://activeinterview.com/blog/feed/",
 "twitter_username": "activeinterview",
 "category_code": "software",
 "number_of_employees": 4,
 "founded_year": 2009,
 "founded_month": 9,
 "founded_day": null,
 "deadpooled_year": null,
 "deadpooled_month": null,
 "deadpooled_day": null,
 "deadpooled_url": null,
 "tag_list": "video-interviewing, video-interviews, online-recruiting, phone-screening",
 "alias_list": null,
 "email_address": "info@activeinterview.com",
 "phone_number": "1-888-228-0162",
 "description": "Video interviewing",
 "created_at": "Sat May 15 18:27:36 UTC 2010",
 "updated_at": "Sat Mar 23 11:31:21 UTC 2013",
 "overview": "\u003Cp\u003EActive Interview is a video interviewing \u0026amp; candidate screening web-application. \u003C/p\u003E\n\n\u003Cp\u003EThe product allows users to create custom questionnaires and then invite candidates to participate in a video enabled screening process.  Using nothing more than a browser and a web-cam, candidates answer interview questions online and the videos are then available for scoring by hiring managers.\u003C/p\u003E\n\n\u003Cp\u003EActive interview is web-based, and new users can sign up without going through an enterprise sales process, and be up and running immediately.\u003C/p\u003E\n\n\u003Cp\u003EThe target market includes organizations like universities, corporations, and small businesses who want to improve their hiring process by efficiently screening candidates, saving on travel expense, and gaining a better insight on candidates than a resum\u00c3\u00a9 provides. \u003C/p\u003E\n\n\u003Cp\u003EWith web cams become a more prevalent commodity, and as an entirely new generation of workers grow up with web video technology, video-enhanced recruiting is likely to become more common in the hiring \u0026amp; admissions process.\u003C/p\u003E",
 "image":
  {"available_sizes":
    [[[73,
       73],
      "http://api-images.crunchbase.com/assets/images/resized/0008/9496/89496v2-max-150x150.png"],
     [[73,
       73],
      "http://api-images.crunchbase.com/assets/images/resized/0008/9496/89496v2-max-250x250.png"],
     [[73,
       73],
      "http://api-images.crunchbase.com/assets/images/resized/0008/9496/89496v2-max-450x450.png"]],
   "attribution": null},
 "products":
  [],
 "relationships":
  [{"is_past": false,
    "title": "Co-founder",
    "person":
     {"first_name": "Sandeep",
      "last_name": "Ghael",
      "permalink": "sandeep-ghael"}}],
 "competitions":
  [],
 "providerships":
  [],
 "total_money_raised": "$0",
 "funding_rounds":
  [],
 "investments":
  [],
 "acquisition": null,
 "acquisitions":
  [],
 "offices":
  [{"description": "HQ",
    "address1": "1 Leighton Street",
    "address2": "",
    "zip_code": "02141",
    "city": "Cambridge",
    "state_code": "MA",
    "country_code": "USA",
    "latitude": 42.3701802,
    "longitude": -71.0735807}],
 "milestones":
  [],
 "ipo": null,
 "video_embeds":
  [{"embed_code": "\u003Cobject width=\"425\" height=\"344\"\u003E\u003Cparam name=\"movie\" value=\"http://www.youtube.com/v/9ZnKm2z141w?hl=en\u0026fs=1\"\u003E\u003C/param\u003E\u003Cparam name=\"allowFullScreen\" value=\"true\"\u003E\u003C/param\u003E\u003Cparam name=\"allowscriptaccess\" value=\"always\"\u003E\u003C/param\u003E\u003Cembed src=\"http://www.youtube.com/v/9ZnKm2z141w?hl=en\u0026fs=1\" type=\"application/x-shockwave-flash\" allowscriptaccess=\"always\" allowfullscreen=\"true\" width=\"425\" height=\"344\"\u003E\u003C/embed\u003E\u003C/object\u003E",
    "description": "\u003Cp\u003EActive Interview - video testimonial\u003C/p\u003E"}],
 "screenshots":
  [{"available_sizes":
     [[[145,
        150],
       "http://api-images.crunchbase.com/assets/images/resized/0009/0964/90964v2-max-150x150.png"],
      [[242,
        250],
       "http://api-images.crunchbase.com/assets/images/resized/0009/0964/90964v2-max-250x250.png"],
      [[437,
        450],
       "http://api-images.crunchbase.com/assets/images/resized/0009/0964/90964v2-max-450x450.png"]],
    "attribution": null}],
 "external_links":
  [{"external_url": "http://www.chron.com/disp/story.mpl/tech/news/6786584.html",
    "title": "Tech startups: Helping you get working"},
   {"external_url": "http://aws.amazon.com/solutions/case-studies/active-interview/",
    "title": "AWS Case Study: Interviewing the World with Active Interview"},
   {"external_url": "http://www.theglobeandmail.com/life/work/the-video-job-interview-when-your-face-precedes-the-face-to-face/article1706160/",
    "title": "The video job interview: When your face precedes the face-to-face"},
   {"external_url": "http://www.linkedin.com/company/active-interview",
    "title": "Company page on LinkedIn"}],
 "partners":
  []}
