{"name": "Wipolo",
 "permalink": "actimos",
 "crunchbase_url": "http://www.crunchbase.com/company/actimos",
 "homepage_url": "http://www.wipolo.com",
 "blog_url": "",
 "blog_feed_url": "",
 "twitter_username": "wipolo",
 "category_code": "web",
 "number_of_employees": 10,
 "founded_year": 2008,
 "founded_month": null,
 "founded_day": null,
 "deadpooled_year": null,
 "deadpooled_month": null,
 "deadpooled_day": null,
 "deadpooled_url": null,
 "tag_list": "travel, facebook, social, mobile",
 "alias_list": null,
 "email_address": "matthieu@actimos.com",
 "phone_number": "+33155257470",
 "description": "Connect your travels",
 "created_at": "Mon Jun 07 16:45:59 UTC 2010",
 "updated_at": "Thu Aug 09 20:09:52 UTC 2012",
 "overview": "\u003Cp\u003EBaseline:\nWipolo is a social and mobile application to organize and share trips and weekends with friends\u003C/p\u003E\n\n\u003Cp\u003EDescription\nWipolo is the travel social network, partner of Facebook and 100% mobile.\nWipolo want to become the \u201cSpotify\u201d of travel to centralize, organize and share trips with friends. Wipolo technology enables travelers to add their trips to the platform just by forwarding any kind of booking confirmation emails. \u003C/p\u003E",
 "image":
  {"available_sizes":
    [[[150,
       55],
      "http://api-images.crunchbase.com/assets/images/resized/0008/9775/89775v6-max-150x150.png"],
     [[250,
       93],
      "http://api-images.crunchbase.com/assets/images/resized/0008/9775/89775v6-max-250x250.png"],
     [[250,
       93],
      "http://api-images.crunchbase.com/assets/images/resized/0008/9775/89775v6-max-450x450.png"]],
   "attribution": null},
 "products":
  [],
 "relationships":
  [{"is_past": false,
    "title": "CEO",
    "person":
     {"first_name": "Matthieu",
      "last_name": "Heslouin",
      "permalink": "matthieu-heslouin"}},
   {"is_past": false,
    "title": "CTO",
    "person":
     {"first_name": "Raphael",
      "last_name": "Guillet",
      "permalink": "raphael-guillet"}},
   {"is_past": true,
    "title": "Co-Founder \u0026 CEO",
    "person":
     {"first_name": "Matthieu",
      "last_name": "Heslouin",
      "permalink": "matthieu-heslouin"}},
   {"is_past": true,
    "title": "CMO",
    "person":
     {"first_name": "Thomas",
      "last_name": "Girard",
      "permalink": "thomas-girard"}},
   {"is_past": true,
    "title": "iOS Lead Dev / UX Design",
    "person":
     {"first_name": "Jason",
      "last_name": "Lapierre",
      "permalink": "jason-lapierre"}}],
 "competitions":
  [{"competitor":
     {"name": "TripIt",
      "permalink": "tripit"}},
   {"competitor":
     {"name": "WorldMate",
      "permalink": "worldmate"}},
   {"competitor":
     {"name": "TripCase",
      "permalink": "tripcase"}}],
 "providerships":
  [],
 "total_money_raised": "$0",
 "funding_rounds":
  [],
 "investments":
  [],
 "acquisition": null,
 "acquisitions":
  [],
 "offices":
  [{"description": "",
    "address1": "80 rue des Haies",
    "address2": "",
    "zip_code": "75020",
    "city": "Paris",
    "state_code": null,
    "country_code": "FRA",
    "latitude": null,
    "longitude": null}],
 "milestones":
  [{"id": 25547,
    "description": "Raphael Guillet joined team as CTO",
    "stoned_year": 2009,
    "stoned_month": 9,
    "stoned_day": 5,
    "source_url": "",
    "source_text": null,
    "source_description": "",
    "stoneable_type": "Company",
    "stoned_value": null,
    "stoned_value_type": null,
    "stoned_acquirer": null,
    "stoneable":
     {"name": "Wipolo",
      "permalink": "actimos"}},
   {"id": 25548,
    "description": "Thomas Girard joined as CMO",
    "stoned_year": 2011,
    "stoned_month": 3,
    "stoned_day": 20,
    "source_url": "",
    "source_text": null,
    "source_description": "",
    "stoneable_type": "Company",
    "stoned_value": null,
    "stoned_value_type": null,
    "stoned_acquirer": null,
    "stoneable":
     {"name": "Wipolo",
      "permalink": "actimos"}}],
 "ipo": null,
 "video_embeds":
  [],
 "screenshots":
  [{"available_sizes":
     [[[100,
        150],
       "http://api-images.crunchbase.com/assets/images/resized/0020/5320/205320v2-max-150x150.png"],
      [[166,
        250],
       "http://api-images.crunchbase.com/assets/images/resized/0020/5320/205320v2-max-250x250.png"],
      [[300,
        450],
       "http://api-images.crunchbase.com/assets/images/resized/0020/5320/205320v2-max-450x450.png"]],
    "attribution": null},
   {"available_sizes":
     [[[100,
        150],
       "http://api-images.crunchbase.com/assets/images/resized/0020/5321/205321v2-max-150x150.png"],
      [[166,
        250],
       "http://api-images.crunchbase.com/assets/images/resized/0020/5321/205321v2-max-250x250.png"],
      [[300,
        450],
       "http://api-images.crunchbase.com/assets/images/resized/0020/5321/205321v2-max-450x450.png"]],
    "attribution": null}],
 "external_links":
  [{"external_url": "http://www.wipolo.com",
    "title": ""}],
 "partners":
  []}
