{"name": "Active Networks",
 "permalink": "active-networks",
 "crunchbase_url": "http://www.crunchbase.com/company/active-networks",
 "homepage_url": "http://www.activenetworks.com",
 "blog_url": "http://www.activenetworks.com/news.html",
 "blog_feed_url": "",
 "twitter_username": "activenetworks1",
 "category_code": "public_relations",
 "number_of_employees": 8,
 "founded_year": 2006,
 "founded_month": null,
 "founded_day": null,
 "deadpooled_year": null,
 "deadpooled_month": null,
 "deadpooled_day": null,
 "deadpooled_url": null,
 "tag_list": "high-speed-internet, cctv, music, pbx, structural-cable, call-center-support-and-commercial-directv-distributors-and-it-consulting-services",
 "alias_list": null,
 "email_address": "activenetworks1@gmail.com",
 "phone_number": "717-540-5673 ",
 "description": "wireless, internet, access, high speed",
 "created_at": "Wed Mar 17 19:04:45 UTC 2010",
 "updated_at": "Thu Feb 10 13:30:05 UTC 2011",
 "overview": "\u003Cp\u003EActive Networks provides wired and wireless high-speed internet connectivity, guest support services, music, structural cable, surveillance systems and telecommunications services for your property.\u003C/p\u003E\n\n\u003Cp\u003EWhether for a single location or across an entire enterprise, Active Networks is recognized as a company of choice for delivering cost effective and reliable  Information Technology (IT) solutions.\u003C/p\u003E",
 "image":
  {"available_sizes":
    [[[150,
       123],
      "http://api-images.crunchbase.com/assets/images/resized/0008/0724/80724v2-max-150x150.jpg"],
     [[250,
       205],
      "http://api-images.crunchbase.com/assets/images/resized/0008/0724/80724v2-max-250x250.jpg"],
     [[400,
       329],
      "http://api-images.crunchbase.com/assets/images/resized/0008/0724/80724v2-max-450x450.jpg"]],
   "attribution": null},
 "products":
  [],
 "relationships":
  [{"is_past": false,
    "title": "Board of Directors",
    "person":
     {"first_name": "Michael",
      "last_name": "K. Lee",
      "permalink": "michael-k-lee"}}],
 "competitions":
  [],
 "providerships":
  [],
 "total_money_raised": "$0",
 "funding_rounds":
  [],
 "investments":
  [],
 "acquisition": null,
 "acquisitions":
  [],
 "offices":
  [{"description": "HQ",
    "address1": "6385 Flank Drive",
    "address2": "Suite 300",
    "zip_code": "17112",
    "city": "Harrisburg",
    "state_code": "PA",
    "country_code": "USA",
    "latitude": null,
    "longitude": null}],
 "milestones":
  [],
 "ipo": null,
 "video_embeds":
  [],
 "screenshots":
  [{"available_sizes":
     [[[150,
        106],
       "http://api-images.crunchbase.com/assets/images/resized/0012/1399/121399v1-max-150x150.jpg"],
      [[250,
        178],
       "http://api-images.crunchbase.com/assets/images/resized/0012/1399/121399v1-max-250x250.jpg"],
      [[450,
        320],
       "http://api-images.crunchbase.com/assets/images/resized/0012/1399/121399v1-max-450x450.jpg"]],
    "attribution": null}],
 "external_links":
  [],
 "partners":
  []}
