{"name": "ActivNetworks",
 "permalink": "activnetworks",
 "crunchbase_url": "http://www.crunchbase.com/company/activnetworks",
 "homepage_url": "http://www.activnetworks.com",
 "blog_url": "",
 "blog_feed_url": "",
 "twitter_username": null,
 "category_code": "enterprise",
 "number_of_employees": null,
 "founded_year": 1989,
 "founded_month": null,
 "founded_day": null,
 "deadpooled_year": null,
 "deadpooled_month": null,
 "deadpooled_day": null,
 "deadpooled_url": null,
 "tag_list": "",
 "alias_list": "BoostWorks",
 "email_address": "",
 "phone_number": "33 1 64 86 44 44",
 "description": "performance and security of HTML and XML",
 "created_at": "Wed Jul 21 19:46:23 UTC 2010",
 "updated_at": "Thu Jun 09 14:47:36 UTC 2011",
 "overview": "\u003Cp\u003EActivNetworks provides solutions to the performance and security of HTML and XML flows, Web services, and enterprise Web applications. It offers BoostEdge, an appliance that accelerates and secures Web applications; SpiderOne, a multi-protocol acceleration platform, which compresses and accelerates applications based on various TCP/IP protocols; i-Boost, a solution for business critical applications and services; and DataPower, a security solution for XML and Web Services flows. The company serves banking and insurance, distribution and e-commerce, industry and service, telecoms and network operators, construction and public works, luxury goods, public administration, agribusiness, transportation, oil, professional services, administration and public services, and small and medium businesses, as well as health, chemicals, and pharmaceuticals sectors in Europe, North America, and Asia. \u003C/p\u003E\n\n\u003Cp\u003EActivNetworks was formerly known as BoostWorks and changed its name to ActivNetworks in October 2005. The company was founded in 1989 and is headquartered in Courtaboeuf, France.\u003C/p\u003E",
 "image": null,
 "products":
  [],
 "relationships":
  [],
 "competitions":
  [],
 "providerships":
  [],
 "total_money_raised": "$3.47M",
 "funding_rounds":
  [{"id": 17130,
    "round_code": "unattributed",
    "source_url": "",
    "source_description": "EDGAR",
    "raised_amount": 3470000.0,
    "raised_currency_code": "USD",
    "funded_year": 2010,
    "funded_month": 1,
    "funded_day": 31,
    "investments":
     [{"company": null,
       "financial_org":
        {"name": "Bouygues Telecom Initiatives",
         "permalink": "bouygues-telecom-initiatives"},
       "person": null},
      {"company": null,
       "financial_org":
        {"name": "Oddo Asset Management",
         "permalink": "oddo-asset-management"},
       "person": null}]}],
 "investments":
  [],
 "acquisition": null,
 "acquisitions":
  [],
 "offices":
  [{"description": "HQ",
    "address1": "B\u00c3\u00a2timent L - 1 rue de Terre Neuve",
    "address2": "BP 127 Cedex",
    "zip_code": "91944",
    "city": "Courtaboeuf",
    "state_code": null,
    "country_code": "FRA",
    "latitude": null,
    "longitude": null}],
 "milestones":
  [],
 "ipo": null,
 "video_embeds":
  [],
 "screenshots":
  [{"available_sizes":
     [[[150,
        112],
       "http://api-images.crunchbase.com/assets/images/resized/0009/6546/96546v1-max-150x150.jpg"],
      [[250,
        186],
       "http://api-images.crunchbase.com/assets/images/resized/0009/6546/96546v1-max-250x250.jpg"],
      [[450,
        336],
       "http://api-images.crunchbase.com/assets/images/resized/0009/6546/96546v1-max-450x450.jpg"]],
    "attribution": null}],
 "external_links":
  [],
 "partners":
  []}
