{"name": "Activate",
 "permalink": "activate-2",
 "crunchbase_url": "http://www.crunchbase.com/company/activate-2",
 "homepage_url": "http://www.activate.com",
 "blog_url": "",
 "blog_feed_url": "",
 "twitter_username": "activateinc",
 "category_code": "consulting",
 "number_of_employees": null,
 "founded_year": 2010,
 "founded_month": 2,
 "founded_day": null,
 "deadpooled_year": null,
 "deadpooled_month": null,
 "deadpooled_day": null,
 "deadpooled_url": null,
 "tag_list": "",
 "alias_list": "",
 "email_address": "activate@activate.com",
 "phone_number": "(212) 316-4444",
 "description": "",
 "created_at": "Mon Mar 15 09:02:45 UTC 2010",
 "updated_at": "Thu Apr 04 10:12:14 UTC 2013",
 "overview": "\u003Cp\u003EActivate launched in February 2010 and is a new kind of consulting firm that is native to the digital world, creative, nimble, experienced, passionate, practical, fast \u2013 and with the ability to instill the power of a start-up culture into established companies. Activate focuses on the growth, development and strategy of both large and small companies within the media, technology and entertainment sectors. Activate is led by Michael Wolf, the founder, and Anil Dash and is headquartered in New York. \u003C/p\u003E",
 "image":
  {"available_sizes":
    [[[150,
       113],
      "http://api-images.crunchbase.com/assets/images/resized/0010/7644/107644v3-max-150x150.png"],
     [[250,
       188],
      "http://api-images.crunchbase.com/assets/images/resized/0010/7644/107644v3-max-250x250.png"],
     [[337,
       254],
      "http://api-images.crunchbase.com/assets/images/resized/0010/7644/107644v3-max-450x450.png"]],
   "attribution": null},
 "products":
  [],
 "relationships":
  [{"is_past": false,
    "title": "Co-founder, Managing Partner",
    "person":
     {"first_name": "Anil",
      "last_name": "Dash",
      "permalink": "anil-dash"}},
   {"is_past": false,
    "title": "Founder, Managing Director",
    "person":
     {"first_name": "Michael",
      "last_name": "Wolf",
      "permalink": "michael-wolf"}},
   {"is_past": false,
    "title": "Managing Director",
    "person":
     {"first_name": "Michele",
      "last_name": "Anderson",
      "permalink": "michele-anderson"}},
   {"is_past": true,
    "title": "Market Develop Manager",
    "person":
     {"first_name": "Jack",
      "last_name": "Fraser",
      "permalink": "jack-fraser"}},
   {"is_past": true,
    "title": "Marketing Director",
    "person":
     {"first_name": "Mark",
      "last_name": "D'Agostino",
      "permalink": "mark-dagostino"}},
   {"is_past": true,
    "title": "Product Manager",
    "person":
     {"first_name": "Chris",
      "last_name": "McCall",
      "permalink": "chris-mccall"}}],
 "competitions":
  [],
 "providerships":
  [{"title": "Public Relations",
    "is_past": true,
    "provider":
     {"name": "Brew Media Relations",
      "permalink": "brew-media-relations"}}],
 "total_money_raised": "$0",
 "funding_rounds":
  [],
 "investments":
  [],
 "acquisition": null,
 "acquisitions":
  [],
 "offices":
  [{"description": "",
    "address1": "156 Fifth Avenue, Penthouse 1",
    "address2": "",
    "zip_code": "10010",
    "city": "New York",
    "state_code": "NY",
    "country_code": "USA",
    "latitude": null,
    "longitude": null},
   {"description": "",
    "address1": "8383 Wilshire Blvd. #240",
    "address2": "",
    "zip_code": "90211",
    "city": "Beverly Hills",
    "state_code": "CA",
    "country_code": "USA",
    "latitude": null,
    "longitude": null}],
 "milestones":
  [],
 "ipo": null,
 "video_embeds":
  [],
 "screenshots":
  [],
 "external_links":
  [],
 "partners":
  []}
