{"name": "Actimagine",
 "permalink": "actimagine",
 "crunchbase_url": "http://www.crunchbase.com/company/actimagine",
 "homepage_url": "http://www.actimagine.com",
 "blog_url": "",
 "blog_feed_url": "",
 "twitter_username": null,
 "category_code": "software",
 "number_of_employees": null,
 "founded_year": 2003,
 "founded_month": null,
 "founded_day": null,
 "deadpooled_year": null,
 "deadpooled_month": null,
 "deadpooled_day": null,
 "deadpooled_url": null,
 "tag_list": "",
 "alias_list": "",
 "email_address": "contact@mobiclip.com",
 "phone_number": "+33 1 53 30 03 65",
 "description": "",
 "created_at": "Thu Apr 22 05:31:26 UTC 2010",
 "updated_at": "Thu Sep 19 23:52:23 UTC 2013",
 "overview": "\u003Cp\u003EActimagine SAS develops and sells video codec software for mobile platforms. It offers Mobiclip, a software video codec for mobile platforms that enables customers to watch high quality video on mobile phones; Mobiclip.com, which provides customized end-to-end turnkey solutions that enable users to select and manage various type of video content via a Web portal and access it directly in high definition on a mobile phone; and software development kits for manufacturers and developers. The company also provides movies on memory cards for mobile phones, the Mobiclip Sideloading solution, which enables users to rent or buy a movie on the Web, Mobiclip Storeload that allows retail stores to deliver various video content from the personal computers to mobile phones, and the Mobiclip video codec is suited for system-on-chips with a video controller. Actimagine SAS was founded in 2003 and is headquartered in Paris, France with additional offices in Tokyo, Japan; San Diego, California; and Singapore.\u003C/p\u003E",
 "image":
  {"available_sizes":
    [[[150,
       56],
      "http://api-images.crunchbase.com/assets/images/resized/0008/4555/84555v1-max-150x150.png"],
     [[216,
       81],
      "http://api-images.crunchbase.com/assets/images/resized/0008/4555/84555v1-max-250x250.png"],
     [[216,
       81],
      "http://api-images.crunchbase.com/assets/images/resized/0008/4555/84555v1-max-450x450.png"]],
   "attribution": null},
 "products":
  [],
 "relationships":
  [{"is_past": false,
    "title": "CEO",
    "person":
     {"first_name": "Andr\u00c3\u00a9",
      "last_name": "Pagnac",
      "permalink": "andr-pagnac"}}],
 "competitions":
  [],
 "providerships":
  [],
 "total_money_raised": "\u20ac3M",
 "funding_rounds":
  [{"id": 14625,
    "round_code": "a",
    "source_url": "http://www.mobiclip.com/press_release/2006_07_pr_actimagine_grp.pdf",
    "source_description": "Video on Mobile: Actimagine raises 3M Euro from GRP Partners",
    "raised_amount": 3000000.0,
    "raised_currency_code": "EUR",
    "funded_year": 2006,
    "funded_month": 7,
    "funded_day": 18,
    "investments":
     [{"company": null,
       "financial_org":
        {"name": "Upfront Ventures",
         "permalink": "upfront-ventures"},
       "person": null}]}],
 "investments":
  [],
 "acquisition": null,
 "acquisitions":
  [],
 "offices":
  [{"description": "",
    "address1": "128 rue de Rivoli",
    "address2": "",
    "zip_code": "75001",
    "city": "Paris",
    "state_code": null,
    "country_code": "FRA",
    "latitude": null,
    "longitude": null}],
 "milestones":
  [],
 "ipo": null,
 "video_embeds":
  [],
 "screenshots":
  [],
 "external_links":
  [],
 "partners":
  []}
