{"name": "Actionality",
 "permalink": "actionality",
 "crunchbase_url": "http://www.crunchbase.com/company/actionality",
 "homepage_url": null,
 "blog_url": "",
 "blog_feed_url": "",
 "twitter_username": null,
 "category_code": "advertising",
 "number_of_employees": null,
 "founded_year": 2005,
 "founded_month": null,
 "founded_day": null,
 "deadpooled_year": null,
 "deadpooled_month": null,
 "deadpooled_day": null,
 "deadpooled_url": null,
 "tag_list": "",
 "alias_list": "",
 "email_address": "",
 "phone_number": "49 89 189 081 108",
 "description": "",
 "created_at": "Fri Apr 30 04:34:40 UTC 2010",
 "updated_at": "Fri Apr 30 04:34:39 UTC 2010",
 "overview": "\u003Cp\u003EActionality, Inc. offers mobile marketing technologies and solutions. The company\u00e2\u20ac\u2122s AdFlexTM Platform enables its users develop mobile commercials in a standardized format and with campaign logic, supporting updates, rotation, modification, interaction, and reporting. It serves advertisers, mobile operators, and content providers in Asia and Europe. The company was founded in 2005 and is based in Munich, Germany with sales offices in Berlin, Germany; and Hong Kong, Hong Kong. As of July 17, 2007, Actionality, Inc. is a subsidiary of Yahoo!, Inc.\u003C/p\u003E",
 "image": null,
 "products":
  [],
 "relationships":
  [{"is_past": true,
    "title": "Board Member",
    "person":
     {"first_name": "Stefan",
      "last_name": "Tirtey",
      "permalink": "stefan-tirtey"}}],
 "competitions":
  [],
 "providerships":
  [],
 "total_money_raised": "$1M",
 "funding_rounds":
  [{"id": 15040,
    "round_code": "unattributed",
    "source_url": "",
    "source_description": "EDGAR",
    "raised_amount": 1000000.0,
    "raised_currency_code": "USD",
    "funded_year": 2006,
    "funded_month": 2,
    "funded_day": 6,
    "investments":
     [{"company": null,
       "financial_org":
        {"name": "Doughty Hanson Technology Ventures",
         "permalink": "doughty-hanson-technology-ventures"},
       "person": null}]}],
 "investments":
  [],
 "acquisition": null,
 "acquisitions":
  [],
 "offices":
  [{"description": "",
    "address1": "Schellingstrasse 45",
    "address2": "",
    "zip_code": "80799",
    "city": "Munich",
    "state_code": null,
    "country_code": "DEU",
    "latitude": null,
    "longitude": null}],
 "milestones":
  [],
 "ipo": null,
 "video_embeds":
  [],
 "screenshots":
  [],
 "external_links":
  [],
 "partners":
  []}
