{"name": "Actual Print",
 "permalink": "actualprint",
 "crunchbase_url": "http://www.crunchbase.com/company/actualprint",
 "homepage_url": "http://www.actualprint.com",
 "blog_url": "http://www.actualprint.com",
 "blog_feed_url": "",
 "twitter_username": "actualprint",
 "category_code": "other",
 "number_of_employees": null,
 "founded_year": null,
 "founded_month": null,
 "founded_day": null,
 "deadpooled_year": null,
 "deadpooled_month": null,
 "deadpooled_day": null,
 "deadpooled_url": null,
 "tag_list": "actual-print, actualprint, actualprint-com, actual-printing, actualprint-sizes, actualprint-packaging, actualprintgift-boxes, actualprint-cardboard-boxes",
 "alias_list": null,
 "email_address": "info@actualprint.com",
 "phone_number": "",
 "description": "Actual Print Designs, ActualPrint",
 "created_at": "Thu Aug 19 06:37:05 UTC 2010",
 "updated_at": "Wed Dec 08 19:03:09 UTC 2010",
 "overview": "\u003Cp\u003EActual Print is a reliable color printing company. Actual Print make custom boxes on both card and corrugated stock. Actual Print offers custom boxes in all sizes. Folding cartons are made of paperboard, and is cut, folded, laminated and printed for transport to manufacturers. The classic example of such a carton is a cereal box. ActualPrint.com does full color printing on custom boxes. \u003C/p\u003E\n\n\u003Cp\u003EActual Print make custom boxes on both card and corrugated stock. Actual Print offers custom boxes in all sizes. We are the Manufacturer of retail product packaging, custom paperboard folding cartons for consumer products. We manufacture folding cartons with the customer\u00e2\u20ac\u2122s desired specifications. Our company develops and produces innovative folding cartons, custom product packaging.\u003Cbr/\u003E\nWe supply folding cartons mainly for cosmetics, Pharmaceutical, food and home. Folding cartons designed to meet your needs. We are manufacturer of Multi color folding cartons. Actual Print does full color printing on custom boxes. Actual Print make custom boxes on both card and corrugated stock. \u003C/p\u003E\n\n\u003Cp\u003EA Story About Success,\u003C/p\u003E\n\n\u003Cp\u003EIt is not easy to define success except by saying that it means the fulfillment of ones aim in life. Every conscious boy or girl conscious of the purposes of life has some ambition, some goal to attain. If that ambition is realized, the person concerned may be said to have achieved success in life.\u003C/p\u003E\n\n\u003Cp\u003EOne of the most common instincts of man is to attain success in life. But few can achieve it. Some gain it in part while others strive for it all their life without any result. Success, in fact, is a most elusive goal and only those who can master the condition that make for success gain it, sooner or later. It is, therefore, essential to know what those conditions are.\u003C/p\u003E\n\n\u003Cp\u003EIt is said and widely believed that the inheritance of favorable circumstances is the first and most important qualification for success. It is true but not wholly so. It is our common experience that successors to handsome fortune do not always make much headway in their life. Hundreds of persons born in affluence and brought up under the most favorable circumstances and given a good start in life have failed no less miserably than those who were denied them all, All these lad us to conclude that good start in life alone does not suffice for success and that other conditions are necessary.\u003C/p\u003E\n\n\u003Cp\u003EAs we can gather from the lives of great men-men who live immortal in the pages of history\u0026#8211;, one bidding for success must have, above all, a high ambition,. For, ambition spurs a man on to endeavor and brings him to exercise all his powers and faculties for finding out a way in the face of all handicaps. Without ambition a burning, lofty imbibitions-man lacks that essential urges, that driving force which is necessary to batter down all oppositions that may come his way. But ambition is no better then idle fanciful dream unless it is backed up by industry\u00e2\u20ac\u201dthe wholehearted application of the body and the mind to gain the objective. And in course of endeavor, however sincere and well\u00e2\u20ac\u201dplanned, occasional failures are bound to happen which are apt to frustrate us and make us give up further effort. Here comes the necessity of perseverance\u00e2\u20ac\u201dthe quality of repeated attempt. It should not matter if a man has failed once, twice or even thrice in the same enterprise. Let him undertake a fourth attempt and also a fifth. Unless of course, his plan is based on wrong assumptions, he shall succeed, sooner or later. We need not go far back into history to cite the example of Robert Bruce who succeeded to regain the throne of Scotland at the seventh attempt. In our day \u00e2\u20ac\u201cto \u00e2\u20ac\u201cday life we come across many instances when the jealous mistress of success has yielded only as a result of persistent endeavor. \u003C/p\u003E\n\n\u003Cp\u003ESuccess in life also requires two other qualities which condition and determine the attainment of life\u00e2\u20ac\u2122s goal as largely as the sun conditions life on earth. They are character and self- confidence. One may have immense riches. One may be as industrious as the bee and as perseverant as the spider. But if one bas no character, failure in any big enterprise is foredoomed. A man without character is swept off by every gust of emotion. He tends to deceive others and lose his reputation in the long run. Nobody believes him. And one who has lost the trust of others will never attain success in anything\u00e2\u20ac\u201dbusiness, polities or service. As to self- confidence, it precedes success almost cause precedes effect. The path of glory is strewn with chances and hazards which must be faced with courage and determination. He who is timid and nervous hesitates often at the threshold of success. Opportunities slip through his fingers when he is wavering between to do or not to do\u0026#8221; self-trust \u0026#8221; said Emerson, \u0026#8221; is the first secret of success. \u0026#8221; And self- confidence comes from and is strengthened by the conviction the\u0026#8221; what man has done, man can do. \u0026#8221; Once hesitancy is conquered, a decision to go ahead is taken and a determined beginning is made, half the battle is won then and there.\u003C/p\u003E\n\n\u003Cp\u003EIt is not sufficient for success to ensure the conditions that make for it. It is equally essential to provide against those factors which may frustrate all sincere and earnest efforts and thus bring about failure in life.\u003C/p\u003E\n\n\u003Cp\u003EActual Print offers custom boxes in all sizes. Along with our many folding cartons, we provide countertop displays, point of purchase displays, and many other display styles created to your specifications to give you the stunning visual presentation you deserve about your Folding Cartons. Food packaging Boxes are used to pack the boxes of food. While packing the food boxes it requires protection, tampering resistance, and special physical, chemical, or biological needs. \nIt also shows the product that is labeled to show any nutrition information on the food being consumed. ActualPrint.com does full color printing on custom boxes. Actual Print make custom boxes on both card and corrugated stock. Actual Print offers custom boxes in all sizes. \u003C/p\u003E\n\n\u003Cp\u003EThese food packaging boxes are a complete range of catering disposables which are available for the food service industry. Whatever the occasion or business we can provide the disposable food packaging or food wrapping solution. Actual Print does full color printing on custom boxes. Actual Print make custom boxes on both card and corrugated stock. \u003C/p\u003E\n\n\u003Cp\u003EActual Print offers custom boxes in all sizes. Our range includes sandwich packaging, salad containers, fast food packaging, deli packaging, bakery boxes, doughnut boxes, muffin boxes, chicken wings boxes and general food boxes and packaging. We offer you a wide range of Food Packaging, food packaging box, paper box for your choice. Various shapes, sizes and designs available. \nOur company owns professional experience in all kinds of packaging boxes. Actual Print does full color printing on custom boxes. \u003C/p\u003E\n\n\u003Cp\u003EActual Print make custom boxes on both card and corrugated stock. Actual Print offers custom boxes in all sizes. Food packaging is not just a means to storing the food you are selling; it\u0026#8217;s a marketing tool as well. A well designed food package will influence buyers to purchase a product and increase product recognition through image. Actual Print does full color printing on custom boxes. Actual Print make custom boxes on both card and corrugated stock. Actual Print offers custom boxes in all sizes.\u003C/p\u003E\n\n\u003Cp\u003EFirst of course, we have the standard white. Almost everybody uses white business cards. If you are just starting out in business card printing then white is probably the safest choice. A white business card is of course universally accepted, and all kinds of designs and images work with white. It is basically a blank canvass to work on really. Of course, be aware that since white is the standard color; it tends to be the most boring and mundane. Almost everybody has a white business card, how will you stand out?\u003C/p\u003E\n\n\u003Cp\u003EBlack is well, interesting. As the saying goes, you can pair any color with black. Since it contrasts almost any kind of color, a black business card definitely stands out in the sea of white and colored business cards. Black is a nice solid color to use and a lot of business card printing companies are equipped to print them. Add that with contrasting silver or gold lettering and you have a nice and elegant color business card. \u003C/p\u003E\n\n\u003Cp\u003EActual Print Subdued colors\nOn the general side of color business cards, subdued and light colors are the best way to use color business cards without straying too much from a safe white business card. The subtle hint of color adds some personality to a business card and it doesn\u0026#8217;t risk an intense reaction like a red or black business card. Of course, subdued and light colors still have a few qualities that are like standard white business cards. Unfortunately they can also run\nActualPrint.com does full color printing on custom boxes. \u003C/p\u003E\n\n\u003Cp\u003EActualPrint make custom boxes on both card and corrugated stock. Actual Print offers custom boxes in all sizes. Frosted Boxes are the special boxes to make your product eye catching. These clear Frosted Boxes can easily be used in gift items, wedding gifts and any other special occasion to make your time of joy everlasting. \u003C/p\u003E\n\n\u003Cp\u003EThese cute and clear frosted cube boxes are ideal for any occasion and can be used for presenting your guests with a large truffle, Jordan almonds, candy, mini soaps, candles, trinkets, etc. Frosted Hanging Pillow Boxes feature a proprietary resin formulation that makes them the premium packaging choice when you want your product to Be Seen! We can provide the best quality plastic frosted box for you to pack your products. Actual Print does full color printing on custom boxes. \u003C/p\u003E\n\n\u003Cp\u003EActual Print make custom boxes on both card and corrugated stock. Actual Print offers custom boxes in all sizes. \nYour customers can see your beautiful products clearly by using our Plastic Paper frosted box to pack your products. Besides pleasing your guests, wedding favors have a way of beautifying your reception tables, and these beautiful Frosted Boxes can do it with perfection. ActualPrint.com does full color printing on custom boxes. ActualPrint make custom boxes on both card and corrugated stock. Actual Print offers custom boxes in all sizes.\nActualPrint.com does full color printing on custom boxes. \u003C/p\u003E\n\n\u003Cp\u003EActualPrint make custom boxes on both card and corrugated stock. Actual Print offers custom boxes in all sizes. Gable boxes feature a unique shape with a handy handle. Whatever your needs, we offer the right products for your packaging needs. We have the perfect product for your unique situation. Actual Print does full color printing on custom boxes. Actual Print make custom boxes on both card and corrugated stock. \u003C/p\u003E\n\n\u003Cp\u003EActual Print offers custom boxes in all sizes. A number of products are available. Your total satisfaction is our honorable priority. Gable boxes work well for party favors, food carriers and gift boxes. \u003C/p\u003E\n\n\u003Cp\u003EGable boxes come in a wide variety of patterns. Check out Nashville Wraps for an impressive selection of gable boxes at great prices. Gable Gift Boxes are also called Barn Boxes due to its pitched roof style. Gable Boxes are typically used as take out lunch boxes, gift boxes, pastry boxes, deli boxes, catering boxes or cupcake boxes and are quite often used as a catered box lunch container for meetings, events, bus trips or golf outings. Actual Printdoes full color printing on custom boxes. \u003C/p\u003E\n\n\u003Cp\u003EActualPrint make custom boxes on both card and corrugated stock. Actual Print offers custom boxes in all sizes. Gable boxes have a built in die-cut handle making the perfect to go boxes, take out containers, carry out boxes or cardboard lunch boxes for caterers. Small mini gable boxes are used as wedding favor boxes and are now available in many colors. \u003C/p\u003E\n\n\u003Cp\u003EWe carry large gable boxes or medium box lunch boxes, and we can provide printed gable boxes. Mini Gable boxes make nice wedding favor or party favor gift packaging. Gable boxes feature a unique shape with a handy handle. All boxes are one piece with a semi-automatic bottom and a gable handle top and are in differ colors from inside. ActualPrint.com does full color printing on custom boxes. ActualPrint make custom boxes on both card and corrugated stock. Actual Print offers custom boxes in all sizes.\nThe Red Card\nThe red business card is of course something eye catching. If a woman in a red dress speaks of a subtle beauty and passion, then that is how a red business card operates. Of course not everyone can pull off a red business card. It depends on your personality and of course your industry. But there is no question of the impact of a red business card. It turns eyes and roller decks.\nActualPrint.com does full color printing on custom boxes. \u003C/p\u003E\n\n\u003Cp\u003EActualPrint make custom boxes on both card and corrugated stock. Actual Print offers custom boxes in all sizes. We offer a wide range of the gift boxes that are impressive \u0026amp; artistically designed into elegant shapes and sizes. These boxes are very beautiful and light weight as well. \u003C/p\u003E\n\n\u003Cp\u003EActualPrint.com does full color printing on custom boxes. ActualPrint make custom boxes on both card and corrugated stock. Actual Print offers custom boxes in all sizes. We are an expert in making medium to high-class gift boxes and a wide range of paper packaging. with rich experience and advanced technology to provide quality and image-promoting packaging for some famous brands. \u003C/p\u003E\n\n\u003Cp\u003EWe know what paper board to choose for a specific printing job, and will also make some professional recommendations necessary on the design to the clients and offer the clients a modern, attractive and industry-adaptable packaging at a reasonable cost. \u003C/p\u003E\n\n\u003Cp\u003EActualPrint.com does full color printing on custom boxes. ActualPrint make custom boxes on both card and corrugated stock. Actual Print offers custom boxes in all sizes. Gifts doesn\u00e2\u20ac\u2122t require  reasons like it\u0026#8217;s someone\u0026#8217;s Birthday, Christmas, Valentine\u0026#8217;s Day, a Holiday or an Anniversary, but because it shows that you care and think about them. It\u0026#8217;s the feeling and emotions of love and caring that are best shown on one of these special holidays to say that SOMEONE LOVES you by heart. \u003C/p\u003E\n\n\u003Cp\u003EWe want your business because that is also beneficial for us. We are here for the long run and we will prove it. You will get better quality for your money with perfect Boxes. ActualPrint.com does full color printing on custom boxes. ActualPrint make custom boxes on both card and corrugated stock. Actual Print offers custom boxes in all sizes.\u003C/p\u003E\n\n\u003Cp\u003EKnow you(consumer)r commercial enterprise packaging print and impressing needs and packaging print and impress budget before you(consumer) start shopping around for a packaging print and impresser.\u003C/p\u003E\n\n\u003Cp\u003EKnowing how to work with commercial enterprise packaging print and impressing services can save you(consumer) a lot of time, money and frustration. Keep in mind the following:\u003C/p\u003E\n\n\u003Cp\u003ELearn how to choose the right packaging print and impresser for you(consumer)r job at Locate a packaging print and impresser that specializes in the category of packaging print and impressing you(consumer) need with Packaging print and national directory. If you(consumer) need guideline patterning you(consumer)r materials, search Packaging print and impress Access for packaging print and impressers that offer graphic pattern services or check out to find a patterned for you(consumer)r project.\u003C/p\u003E\n\n\u003Cp\u003ELook at how successful national and international companies have packaged their items, analyze why it works and why it doesn\u0026#8217;t, and apply the best elements to you(consumer)r product\u003C/p\u003E\n\n\u003Cp\u003ELook for a supplier who meets you(consumer)r packaging needs. Things to consider are volume discounts, the ability to meet deadlines and high impact of the packaging.\u003C/p\u003E\n\n\u003Cp\u003EMany commercial enterprises purchase items in bulk to save money. These items must go into storage when not in use. Stacked cardboard boxes often bend, crush, and mash items. Use plastic packaging boxes for more secure storage. Plastic does not easily give in to weight pressure. You(consumer)\u0026#8217;ll find plastic boxes are also good for storing small items to sell in the store. Use clear plastic tubs to hold small toys, trinkets, and candies.\u003C/p\u003E\n\n\u003Cp\u003EOnline commercial enterprise copying services can be useful to packaging print and impress and bind presentations, or for large quantity packaging print and impress jobs that you(consumer) don\u0026#8217;t have the manpower to do in-office. Copying firms can packaging print and impress signs, banners and posters that may be difficult to create on you(consumer)r office packaging print and impresser.\u003C/p\u003E\n\n\u003Cp\u003EPet stores and fish hatcheries greatly benefit from plastic bags. One must sell live fish and other aquatic animals in water, and clear plastic bags allow clients to keep an eye on their items while keeping them in water. Plastic bags are the cheapest option for selling items in water.\u003C/p\u003E\n\n\u003Cp\u003EPlastic packaging material is useful for food and non-food items. Plastic packaging material protects items. Manufacturers make a variety of plastic packing materials.\u003C/p\u003E\n\n\u003Cp\u003EPlastic packaging materials have become almost indispensable to commercial enterprises today. Plastic packing materials come in a variety of styles, shapes, and sizes. Companies use them for packaging food and non-food items because plastic packaging materials provide a secure and airtight storing option.\u003C/p\u003E\n\n\u003Cp\u003ESelect packaging based on the kinds of items you(consumer) are shipping. For example, hazardous materials will need a different container than pencils or cookies.\u003C/p\u003E\n\n\u003Cp\u003EThe best contacts and resources to guideline you(consumer) get it done. From commercial enterprise cards to you(consumer)r company letterhead, it is important to know what you(consumer)r packaging print and impressing needs are before you(consumer) start searching for a packaging print and impresser. Start by comparing price quotes on the same work from multiple providers.\u003C/p\u003E\n\n\u003Cp\u003EThe best contacts and resources to guideline you(consumer) get it done. If a packaging print and impress job is really small, say a few media kits to send out for a public relations effort, you(consumer) may be able to handle it in-house.\u003C/p\u003E\n\n\u003Cp\u003EThe next step up from packaging print and impressing you(consumer)r materials you(consumer)rself is to use a quick-packaging print and impress/copy shop. This option is best if you(consumer) have to have materials packaging print and impressed in large volumes at the last minute and the materials are limited to black and white.\u003C/p\u003E\n\n\u003Cp\u003EThe professionals at Actual Print offer an assortment of plastic flexible packaging items to meet you(consumer)r item specifications. From bubble wrap bendable packaging materials to special packaging paper, Paper Mart offers a variety of flexible packaging at competitive prices. Use Actual Print for a wide selection of flexible plastic packaging at affordable savings.\u003C/p\u003E\n\n\u003Cp\u003EThe various types of plastic packaging lead to many uses. Restaurants, toy stores, grocery stores, and pet stores all use plastic packing material. When considering the type of plastic packaging that is right for you(consumer)r company, think about the following:\u003C/p\u003E\n\n\u003Cp\u003ETightly close plastic packing materials for maximum freshness. Store flour, sugar, cereals, bread, and other non-refrigerated items in plastic packing items to protect them from pests and getting stale.\u003C/p\u003E\n\n\u003Cp\u003ETo make in-house packaging print and impress jobs look professional, upgrade to a color packaging print and impresser that\u0026#8217;s speedy and efficient. And don\u0026#8217;t forget to use high-high impact paper.\u003C/p\u003E\n\n\u003Cp\u003EUnderstand what commercial enterprise packaging print and impressing service providers need in order to complete you(consumer)r packaging print and impress job.\u003C/p\u003E\n\n\u003Cp\u003EUnderstanding what the packaging print and impresser needs to complete you(consumer)r job is essential. Most commercial enterprise packaging print and impressers ask for a file in a certain format, or have specific guidelines for each pattern program. Be sure to ask for the guidelines before you(consumer) create you(consumer)r document for packaging print and impress.\u003C/p\u003E\n\n\u003Cp\u003EUse a zippered bag or a bag with a tie. Also, use these bags when selling aquatic plants for aquariums or garden ponds. Wrap the bag around the roots of the plant.\u003C/p\u003E\n\n\u003Cp\u003EUse commercial enterprise copying services for difficult and oversize packaging print and impress jobs.\u003C/p\u003E\n\n\u003Cp\u003EWhen ordering a packaging print and impress-job from a professional packaging print and impresser, ask for a pre-press proof to have a final edit before the job goes to press and a press-proof before the job is packaging print and impressed.\u003C/p\u003E\n\n\u003Cp\u003EWhen packaging print and impressed successfully, they can: Enhance you(consumer)r company\u0026#8217;s brand and identity. Guideline you(consumer) market to new clients. Enable you(consumer) to communicate with existing clients.\u003C/p\u003E\n\n\u003Cp\u003EWhether you(consumer) have a small, medium or large commercial enterprise, at some point, you(consumer) will be likely to need the assistance of packaging print and impressing companies. Perhaps you(consumer) lack the manpower to get large commercial enterprise packaging print and impressing jobs done, or you(consumer) don\u00e2\u20ac\u2122t have the technology to complete you(consumer)r commercial enterprise packaging print and impressing. Whatever the reason, there are some basic things to know before you(consumer) hire a commercial enterprise packaging print and impressing service.\u003C/p\u003E\n\n\u003Cp\u003EWhether you(consumer)\u0026#8217;re sending a packaging print and impress-job to an on-demand packaging print and impresser or a professional press, make sure all fonts and artwork are included.\u003C/p\u003E\n\n\u003Cp\u003EWholesale flexible packaging material is the cost-effective solution to you(consumer)r flexible packaging needs when you(consumer) want to purchase large quantities. Distributors often offer volume discounts on large bendable packaging material orders.\u003C/p\u003E\n\n\u003Cp\u003EYou(consumer)r packaging will depend on how the item will get to the clients, if it will need protection during shipping and handling and how it\u0026#8217;s likely to be displayed in a retail environment \u00e2\u20ac\u201d sitting on a shelf or hanging on a rack, for example.\u003C/p\u003E",
 "image":
  {"available_sizes":
    [[[100,
       100],
      "http://api-images.crunchbase.com/assets/images/resized/0011/3059/113059v2-max-150x150.jpg"],
     [[100,
       100],
      "http://api-images.crunchbase.com/assets/images/resized/0011/3059/113059v2-max-250x250.jpg"],
     [[100,
       100],
      "http://api-images.crunchbase.com/assets/images/resized/0011/3059/113059v2-max-450x450.jpg"]],
   "attribution": null},
 "products":
  [{"name": "Actual Print Custom Boxes",
    "permalink": "actual-print-custom-boxes"},
   {"name": "Actual Print Brochures",
    "permalink": "actual-print-brochures"},
   {"name": "Actual Print Vinyl Color Stickers",
    "permalink": "actual-print-vinyl-color-stickers"},
   {"name": "Actual Print Paper Brochure Creations",
    "permalink": "actual-print-paper-brochure-creations"},
   {"name": "Actual Print Card Door Hanger Marketing",
    "permalink": "actual-print-card-door-hanger-marketing"},
   {"name": "Actual Print Kraft Color Screens",
    "permalink": "actual-print-kraft-color-screens"},
   {"name": "Actual Print Online Printing Bids",
    "permalink": "actual-print-online-printing-bids"},
   {"name": "ActualPrint and Decals",
    "permalink": "actualprint-and-decals"},
   {"name": "ActualPrint to Design",
    "permalink": "actualprint-to-design"},
   {"name": "ActualPrint Free Templates",
    "permalink": "actualprint-free-templates"}],
 "relationships":
  [],
 "competitions":
  [],
 "providerships":
  [],
 "total_money_raised": "$0",
 "funding_rounds":
  [],
 "investments":
  [],
 "acquisition": null,
 "acquisitions":
  [],
 "offices":
  [],
 "milestones":
  [{"id": 7920,
    "description": "Actual Print can manufacture and print any style, shape and pattern of Suitcase Business Cards at any material like chipboard and corrugated stock that fits your individual product's requirement. Actual Print manufactures custom suitcase Business Cards, c",
    "stoned_year": 2010,
    "stoned_month": 8,
    "stoned_day": 31,
    "source_url": "http://www.actualprint.com",
    "source_text": null,
    "source_description": "Actual Print",
    "stoneable_type": "Company",
    "stoned_value": null,
    "stoned_value_type": null,
    "stoned_acquirer": null,
    "stoneable":
     {"name": "Actual Print",
      "permalink": "actualprint"}}],
 "ipo": null,
 "video_embeds":
  [],
 "screenshots":
  [],
 "external_links":
  [{"external_url": "http://www.linkedin.com/companies/actualprint",
    "title": "Actual Print Profile on "},
   {"external_url": "http://www.hotfrog.com/Companies/ActualPrint",
    "title": "Actual Print Profile on  HotFrog"},
   {"external_url": "http://www.a1articles.com/article_792375_15.html",
    "title": "Actual Print Profile on  A1Articles"},
   {"external_url": "http://www.crunchbase.com/company/actualprint",
    "title": "Actual Print Profile on  Crunchbase"},
   {"external_url": "http://www.folkd.com/on/actualprint.com",
    "title": "Actual Print Profile on  FolkD"},
   {"external_url": "http://www.kaboodle.com/businesscards2/actual-print-printing-low-cost.html",
    "title": "Actual Print Profile on  Kaboodle"},
   {"external_url": "http://www.humsurfer.com/actual-print-product-reviews",
    "title": "Actual Print Profile on  Humsufer"},
   {"external_url": "http://www.aboutus.org/ActualPrint.com",
    "title": " Actual Print Profile on  AboutUS"},
   {"external_url": "http://twitter.com/ActualPrint",
    "title": "Actual Print Profile on  Twitter"},
   {"external_url": "http://www.ibizbook.com/live/blogs/tags/actualprint-usa",
    "title": "Actual Print Profile on  IbizBook"},
   {"external_url": "http://www.tradekey.com/profile_view/uid/1607107/ActualPrint-Inc.htm",
    "title": "Actual Print Profile on  TradeKey"}],
 "partners":
  []}
