{"name": "Actualize Group",
 "permalink": "actualize-group",
 "crunchbase_url": "http://www.crunchbase.com/company/actualize-group",
 "homepage_url": null,
 "blog_url": null,
 "blog_feed_url": null,
 "twitter_username": null,
 "category_code": null,
 "number_of_employees": null,
 "founded_year": null,
 "founded_month": null,
 "founded_day": null,
 "deadpooled_year": null,
 "deadpooled_month": null,
 "deadpooled_day": null,
 "deadpooled_url": null,
 "tag_list": "",
 "alias_list": null,
 "email_address": null,
 "phone_number": null,
 "description": null,
 "created_at": "Tue May 25 19:06:27 UTC 2010",
 "updated_at": "Mon May 31 23:41:23 UTC 2010",
 "overview": "\u003Cp\u003EActualize Group provides variety of end to end IT solution services to insurance, banking, telecom and premium customers in other sectors. Working with customers like Santander, Zurich, Orange, BT, Telefonica and Mapfre.\u003C/p\u003E\n\n\u003Cp\u003EOver 10 million users around the world place their trust in the Actualize teams to solve daily problems with their technological equipment. This makes Actualize a recognized leader in serving customers.\u003C/p\u003E",
 "image":
  {"available_sizes":
    [[[142,
       85],
      "http://api-images.crunchbase.com/assets/images/resized/0008/9041/89041v2-max-150x150.png"],
     [[142,
       85],
      "http://api-images.crunchbase.com/assets/images/resized/0008/9041/89041v2-max-250x250.png"],
     [[142,
       85],
      "http://api-images.crunchbase.com/assets/images/resized/0008/9041/89041v2-max-450x450.png"]],
   "attribution": null},
 "products":
  [],
 "relationships":
  [{"is_past": true,
    "title": "CEO / Global Innovation Director",
    "person":
     {"first_name": "Raj",
      "last_name": "Anand",
      "permalink": "raj-anand"}}],
 "competitions":
  [],
 "providerships":
  [],
 "total_money_raised": "$0",
 "funding_rounds":
  [],
 "investments":
  [],
 "acquisition": null,
 "acquisitions":
  [],
 "offices":
  [],
 "milestones":
  [],
 "ipo": null,
 "video_embeds":
  [],
 "screenshots":
  [],
 "external_links":
  [],
 "partners":
  []}
