{"name": "Ad Avengers",
 "permalink": "ad-avengers",
 "crunchbase_url": "http://www.crunchbase.com/company/ad-avengers",
 "homepage_url": "http://www.adavengers.com",
 "blog_url": "http://www.adavengers.com/blog",
 "blog_feed_url": "http://adavengers.com/blog/feed/",
 "twitter_username": "adavengers",
 "category_code": "advertising",
 "number_of_employees": 3,
 "founded_year": 2009,
 "founded_month": 4,
 "founded_day": 30,
 "deadpooled_year": null,
 "deadpooled_month": null,
 "deadpooled_day": null,
 "deadpooled_url": null,
 "tag_list": "",
 "alias_list": null,
 "email_address": "info@adavengers.com",
 "phone_number": "",
 "description": "Simplifying Digital Advertising",
 "created_at": "Mon Jul 12 12:45:22 UTC 2010",
 "updated_at": "Thu Nov 03 02:25:07 UTC 2011",
 "overview": "\u003Cp\u003EAd Avengers is a platform that makes media buying and reporting simpler.  The platform enables advertisers and agencies to connect with ad networks and publishers in a simplified and more transparent manner.\u003C/p\u003E\n\n\u003Cp\u003EFor advertisers and agencies managing a digital marketing campaign can be a difficult and time-consuming process.  With media planning and media buying a large portion of marketing budgets are spent before an ad is served.  Advertisers and agencies are then spending significant time consolidating and making sense of multiple reports from different channels, networks and publishers.  Ad Avengers makes this process simple.\u003C/p\u003E\n\n\u003Cp\u003EPublishers and networks benefit from having better and more advertisers on their sites.  Publishers and networks are ultra competitive and don\u00e2\u20ac\u2122t have a simple platform to attract and manage campaigns for advertisers.  Ad Avengers will enable networks and publishers to distribute their inventory in a consistent manner.\u003C/p\u003E\n\n\u003Cp\u003EAd Avengers removes a great deal of the physical, manual process behind digital advertising and makes digital advertising simpler for advertisers, agencies, networks and publishers.\u003C/p\u003E",
 "image":
  {"available_sizes":
    [[[143,
       59],
      "http://api-images.crunchbase.com/assets/images/resized/0009/3802/93802v5-max-150x150.png"],
     [[143,
       59],
      "http://api-images.crunchbase.com/assets/images/resized/0009/3802/93802v5-max-250x250.png"],
     [[143,
       59],
      "http://api-images.crunchbase.com/assets/images/resized/0009/3802/93802v5-max-450x450.png"]],
   "attribution": null},
 "products":
  [],
 "relationships":
  [{"is_past": true,
    "title": "Founder, Managing Director",
    "person":
     {"first_name": "Farhan",
      "last_name": "Lalji",
      "permalink": "farhan-lalji"}}],
 "competitions":
  [],
 "providerships":
  [],
 "total_money_raised": "$0",
 "funding_rounds":
  [],
 "investments":
  [],
 "acquisition": null,
 "acquisitions":
  [],
 "offices":
  [{"description": "London Headquarters",
    "address1": "2ND Floor",
    "address2": "145-157 St John Street",
    "zip_code": "EC1V 4PY",
    "city": "London",
    "state_code": null,
    "country_code": "GBR",
    "latitude": null,
    "longitude": null}],
 "milestones":
  [],
 "ipo": null,
 "video_embeds":
  [{"embed_code": "\u003Ciframe src=\"http://player.vimeo.com/video/28832295?title=0\u0026amp;byline=0\u0026amp;portrait=0\" width=\"400\" height=\"225\" frameborder=\"0\" webkitAllowFullScreen allowFullScreen\u003E\u003C/iframe\u003E\u003Cp\u003E\u003Ca href=\"http://vimeo.com/28832295\"\u003EAdAvenger Video Draft\u003C/a\u003E from \u003Ca href=\"http://vimeo.com/decipherlabs\"\u003EDecipher Labs\u003C/a\u003E on \u003Ca href=\"http://vimeo.com\"\u003EVimeo\u003C/a\u003E.\u003C/p\u003E",
    "description": "\u003Cp\u003EAd Avengers video\u003C/p\u003E"}],
 "screenshots":
  [{"available_sizes":
     [[[146,
        150],
       "http://api-images.crunchbase.com/assets/images/resized/0015/6864/156864v2-max-150x150.png"],
      [[244,
        250],
       "http://api-images.crunchbase.com/assets/images/resized/0015/6864/156864v2-max-250x250.png"],
      [[440,
        450],
       "http://api-images.crunchbase.com/assets/images/resized/0015/6864/156864v2-max-450x450.png"]],
    "attribution": null},
   {"available_sizes":
     [[[146,
        150],
       "http://api-images.crunchbase.com/assets/images/resized/0015/6865/156865v2-max-150x150.png"],
      [[244,
        250],
       "http://api-images.crunchbase.com/assets/images/resized/0015/6865/156865v2-max-250x250.png"],
      [[440,
        450],
       "http://api-images.crunchbase.com/assets/images/resized/0015/6865/156865v2-max-450x450.png"]],
    "attribution": null},
   {"available_sizes":
     [[[150,
        105],
       "http://api-images.crunchbase.com/assets/images/resized/0015/6866/156866v2-max-150x150.png"],
      [[250,
        175],
       "http://api-images.crunchbase.com/assets/images/resized/0015/6866/156866v2-max-250x250.png"],
      [[450,
        315],
       "http://api-images.crunchbase.com/assets/images/resized/0015/6866/156866v2-max-450x450.png"]],
    "attribution": null},
   {"available_sizes":
     [[[150,
        149],
       "http://api-images.crunchbase.com/assets/images/resized/0015/6867/156867v2-max-150x150.png"],
      [[250,
        249],
       "http://api-images.crunchbase.com/assets/images/resized/0015/6867/156867v2-max-250x250.png"],
      [[450,
        448],
       "http://api-images.crunchbase.com/assets/images/resized/0015/6867/156867v2-max-450x450.png"]],
    "attribution": null}],
 "external_links":
  [{"external_url": "http://eu.techcrunch.com/2011/01/22/seedcamp-reveals-the-18-companies-selected-for-london/",
    "title": "Seedcamp reveals the 18 companies selected for London"}],
 "partners":
  []}
