{"name": "Ad Factory",
 "permalink": "ad-factory",
 "crunchbase_url": "http://www.crunchbase.com/company/ad-factory",
 "homepage_url": "http://www.adfactory.com",
 "blog_url": "http://blog.adfactory.com",
 "blog_feed_url": "http://blog.adfactory.com/feed/",
 "twitter_username": "adfactoryppc",
 "category_code": "advertising",
 "number_of_employees": 4,
 "founded_year": 2010,
 "founded_month": 3,
 "founded_day": 1,
 "deadpooled_year": null,
 "deadpooled_month": null,
 "deadpooled_day": null,
 "deadpooled_url": null,
 "tag_list": "crowdsourcing, banners, landing-pages, email, advertising, production, outsourcing",
 "alias_list": null,
 "email_address": "lance@adfactory.com",
 "phone_number": "888 470 1771 ",
 "description": "Creative Services on Demand",
 "created_at": "Wed Sep 01 19:01:06 UTC 2010",
 "updated_at": "Thu Jan 12 03:35:27 UTC 2012",
 "overview": "\u003Cp\u003EAd Factory is for sale.\u003C/p\u003E",
 "image": null,
 "products":
  [],
 "relationships":
  [],
 "competitions":
  [],
 "providerships":
  [],
 "total_money_raised": "$0",
 "funding_rounds":
  [],
 "investments":
  [],
 "acquisition": null,
 "acquisitions":
  [],
 "offices":
  [],
 "milestones":
  [],
 "ipo": null,
 "video_embeds":
  [],
 "screenshots":
  [],
 "external_links":
  [],
 "partners":
  []}
