{"name": "Ad Summos",
 "permalink": "ad-summos",
 "crunchbase_url": "http://www.crunchbase.com/company/ad-summos",
 "homepage_url": "http://www.adsummos.com",
 "blog_url": "",
 "blog_feed_url": "",
 "twitter_username": "AdSummos",
 "category_code": "advertising",
 "number_of_employees": null,
 "founded_year": 2010,
 "founded_month": null,
 "founded_day": null,
 "deadpooled_year": 2012,
 "deadpooled_month": 3,
 "deadpooled_day": null,
 "deadpooled_url": "",
 "tag_list": "",
 "alias_list": "",
 "email_address": "",
 "phone_number": "",
 "description": "",
 "created_at": "Thu Mar 25 20:05:51 UTC 2010",
 "updated_at": "Mon Nov 04 12:05:47 UTC 2013",
 "overview": "\u003Cp\u003EUPDATE: ad summos is now Korrelate. \u003C/p\u003E\n\n\u003Cp\u003Ead summos helps publishers realize the full fair value of their inventory by aggregating precision audiences at scale in premium environments with Real ROI TM for advertisers. \u003C/p\u003E\n\n\u003Cp\u003EReal ROI TM closes the O2O TM (offline to online) attribution loop on a census basis for the 90% of transactions that occur offline while guaranteeing consumer privacy and anonymity. By integrating real-time media and audience intelligence directly into the publisher\u0026#8217;s ad server, we turn the centralized RTB exchange model inside-out: we empower publishers and enable online marketing campaigns that are not possible with exchange-transacted media. \u003C/p\u003E\n\n\u003Cp\u003EAd summos has headquarters based in New York City with engineering offices in Orlando, FL. \u003C/p\u003E\n\n\u003Cp\u003ECheck back for the latest updates and information on ad summos.\u003C/p\u003E",
 "image":
  {"available_sizes":
    [[[100,
       42],
      "http://api-images.crunchbase.com/assets/images/resized/0024/6431/246431v1-max-150x150.jpg"],
     [[100,
       42],
      "http://api-images.crunchbase.com/assets/images/resized/0024/6431/246431v1-max-250x250.jpg"],
     [[100,
       42],
      "http://api-images.crunchbase.com/assets/images/resized/0024/6431/246431v1-max-450x450.jpg"]],
   "attribution": null},
 "products":
  [],
 "relationships":
  [],
 "competitions":
  [],
 "providerships":
  [],
 "total_money_raised": "$4.55M",
 "funding_rounds":
  [{"id": 13411,
    "round_code": "unattributed",
    "source_url": "http://www.sec.gov/Archives/edgar/data/1485244/000148524410000001/xslFormDX01/primary_doc.xml",
    "source_description": "SEC D",
    "raised_amount": 3049999.0,
    "raised_currency_code": "USD",
    "funded_year": 2010,
    "funded_month": 3,
    "funded_day": 25,
    "investments":
     []},
   {"id": 53737,
    "round_code": "debt_round",
    "source_url": "http://www.sec.gov/Archives/edgar/data/1485244/000148524411000001/xslFormDX01/primary_doc.xml",
    "source_description": "SEC",
    "raised_amount": 1500000.0,
    "raised_currency_code": "USD",
    "funded_year": 2011,
    "funded_month": 6,
    "funded_day": 1,
    "investments":
     []}],
 "investments":
  [],
 "acquisition": null,
 "acquisitions":
  [],
 "offices":
  [{"description": "",
    "address1": "55 Liberty Street",
    "address2": "Suite 6C",
    "zip_code": "",
    "city": "New York",
    "state_code": "NY",
    "country_code": "USA",
    "latitude": null,
    "longitude": null}],
 "milestones":
  [],
 "ipo": null,
 "video_embeds":
  [],
 "screenshots":
  [],
 "external_links":
  [],
 "partners":
  []}
