{"name": "Adcast",
 "permalink": "adcast",
 "crunchbase_url": "http://www.crunchbase.com/company/adcast",
 "homepage_url": "http://adca.st",
 "blog_url": "",
 "blog_feed_url": "",
 "twitter_username": "adcast_ads",
 "category_code": "advertising",
 "number_of_employees": 2,
 "founded_year": 2009,
 "founded_month": 3,
 "founded_day": 28,
 "deadpooled_year": 2012,
 "deadpooled_month": 8,
 "deadpooled_day": 22,
 "deadpooled_url": "",
 "tag_list": "twitter, facebook, advertising, advertisement, social-media",
 "alias_list": null,
 "email_address": "elias@adca.st",
 "phone_number": "",
 "description": "Social Media Advertising",
 "created_at": "Fri Apr 09 18:46:45 UTC 2010",
 "updated_at": "Thu Oct 03 10:56:39 UTC 2013",
 "overview": "\u003Cp\u003EAdcast is an in-stream advertising platform that allows people to advertise using popular social media networks.\u003C/p\u003E\n\n\u003Cp\u003EAdcast For Advertisers: Adcast is an in-stream advertising platform that allows publishers to make sponsored posts to \u003Ca href=\"/company/twitter\" title=\"Twitter\" rel=\"nofollow\"\u003ETwitter\u003C/a\u003E or \u003Ca href=\"/company/facebook\" title=\"Facebook\" rel=\"nofollow\"\u003EFacebook\u003C/a\u003E. Advertisers can use Adcast to reach the highly sought after Twitter and Facebook audience by connecting brands with the people who matter, the users.\u003C/p\u003E\n\n\u003Cp\u003EFor Publishers: Ad.ly enables publishers to make money by posting sponsored messages to Twitter or Facebook.  The publisher always has the option to choose to accept or deny any post and has a set time to decide before the offer expires. The publishers are able to set the price they want advertisers to pay and when to receive payment.\u003C/p\u003E",
 "image":
  {"available_sizes":
    [[[150,
       59],
      "http://api-images.crunchbase.com/assets/images/resized/0008/3359/83359v1-max-150x150.png"],
     [[250,
       99],
      "http://api-images.crunchbase.com/assets/images/resized/0008/3359/83359v1-max-250x250.png"],
     [[409,
       163],
      "http://api-images.crunchbase.com/assets/images/resized/0008/3359/83359v1-max-450x450.png"]],
   "attribution": null},
 "products":
  [],
 "relationships":
  [{"is_past": false,
    "title": "Co-Founder",
    "person":
     {"first_name": "Kevin",
      "last_name": "Wild",
      "permalink": "kevin-wild"}},
   {"is_past": true,
    "title": "Co-Founder",
    "person":
     {"first_name": "Elias",
      "last_name": "Ghosn",
      "permalink": "elias-ghosn"}}],
 "competitions":
  [],
 "providerships":
  [],
 "total_money_raised": "$3.5k",
 "funding_rounds":
  [{"id": 13973,
    "round_code": "seed",
    "source_url": "",
    "source_description": "",
    "raised_amount": 3500.0,
    "raised_currency_code": "USD",
    "funded_year": 2009,
    "funded_month": 3,
    "funded_day": 28,
    "investments":
     []}],
 "investments":
  [],
 "acquisition": null,
 "acquisitions":
  [],
 "offices":
  [],
 "milestones":
  [],
 "ipo": null,
 "video_embeds":
  [],
 "screenshots":
  [],
 "external_links":
  [],
 "partners":
  []}
