{"name": "Additech",
 "permalink": "additech",
 "crunchbase_url": "http://www.crunchbase.com/company/additech",
 "homepage_url": "http://www.additech.com",
 "blog_url": "",
 "blog_feed_url": "",
 "twitter_username": "additech",
 "category_code": "automotive",
 "number_of_employees": null,
 "founded_year": 1995,
 "founded_month": null,
 "founded_day": null,
 "deadpooled_year": null,
 "deadpooled_month": null,
 "deadpooled_day": null,
 "deadpooled_url": null,
 "tag_list": "",
 "alias_list": "",
 "email_address": "",
 "phone_number": "281-498-5954",
 "description": "",
 "created_at": "Tue Apr 20 04:48:18 UTC 2010",
 "updated_at": "Sat Aug 14 02:01:42 UTC 2010",
 "overview": "\u003Cp\u003EAdditech, Inc. builds and operates at-the-pump automotive care system that enables consumers to perform auto maintenance while refueling in the United States. It offers engine cleaners, fuel system cleaners, and engine treatment products. The company also offers gas pump advertising and fuel pump remote monitoring services. It serves gasoline retailers. The company is based in Houston, Texas.\u003C/p\u003E",
 "image":
  {"available_sizes":
    [[[150,
       51],
      "http://api-images.crunchbase.com/assets/images/resized/0008/4231/84231v1-max-150x150.png"],
     [[250,
       86],
      "http://api-images.crunchbase.com/assets/images/resized/0008/4231/84231v1-max-250x250.png"],
     [[263,
       91],
      "http://api-images.crunchbase.com/assets/images/resized/0008/4231/84231v1-max-450x450.png"]],
   "attribution": null},
 "products":
  [],
 "relationships":
  [{"is_past": false,
    "title": "President \u0026 CEO",
    "person":
     {"first_name": "Andrew",
      "last_name": "Austin",
      "permalink": "andrew-austin"}},
   {"is_past": false,
    "title": "Board of Directors",
    "person":
     {"first_name": "Martin",
      "last_name": "Neath",
      "permalink": "martin-neath"}}],
 "competitions":
  [],
 "providerships":
  [],
 "total_money_raised": "$10.6M",
 "funding_rounds":
  [{"id": 14407,
    "round_code": "unattributed",
    "source_url": "",
    "source_description": "EDGAR",
    "raised_amount": 6000000.0,
    "raised_currency_code": "USD",
    "funded_year": 2006,
    "funded_month": 8,
    "funded_day": 9,
    "investments":
     [{"company": null,
       "financial_org":
        {"name": "BEV Capital",
         "permalink": "bev-capital"},
       "person": null},
      {"company": null,
       "financial_org":
        {"name": "Adams Capital Management",
         "permalink": "adams-capital-management"},
       "person": null}]},
   {"id": 17727,
    "round_code": "unattributed",
    "source_url": "http://techcrunch.com/2010/08/13/additech-tranche-adams-capital/",
    "source_description": "Additech\u00e2\u20ac\u2122s $4.6 Million Additive Funding",
    "raised_amount": 4600000.0,
    "raised_currency_code": "USD",
    "funded_year": 2010,
    "funded_month": 8,
    "funded_day": 13,
    "investments":
     [{"company": null,
       "financial_org":
        {"name": "Adams Capital Management",
         "permalink": "adams-capital-management"},
       "person": null},
      {"company": null,
       "financial_org":
        {"name": "BEV Capital",
         "permalink": "bev-capital"},
       "person": null}]}],
 "investments":
  [],
 "acquisition": null,
 "acquisitions":
  [],
 "offices":
  [{"description": "",
    "address1": "10925 Kinghurst",
    "address2": "Suite 500",
    "zip_code": "77099",
    "city": "Houston",
    "state_code": "TX",
    "country_code": "USA",
    "latitude": null,
    "longitude": null}],
 "milestones":
  [],
 "ipo": null,
 "video_embeds":
  [],
 "screenshots":
  [],
 "external_links":
  [],
 "partners":
  []}
