{"name": "Addison Technologies, Inc.",
 "permalink": "addison-technologies-inc",
 "crunchbase_url": "http://www.crunchbase.com/company/addison-technologies-inc",
 "homepage_url": "http://www.addisontech.com",
 "blog_url": "http://addisontechnologies.blogspot.com/",
 "blog_feed_url": "",
 "twitter_username": "AddisonTech",
 "category_code": "web",
 "number_of_employees": 7,
 "founded_year": null,
 "founded_month": null,
 "founded_day": null,
 "deadpooled_year": null,
 "deadpooled_month": null,
 "deadpooled_day": null,
 "deadpooled_url": null,
 "tag_list": "online-marketing, website-development, email-hosting, website-hosting, business-consulting",
 "alias_list": null,
 "email_address": "marketing@addisontech.com",
 "phone_number": "866 760 4364",
 "description": "Web Development and Marketing",
 "created_at": "Thu Mar 11 20:48:29 UTC 2010",
 "updated_at": "Thu Mar 11 22:40:51 UTC 2010",
 "overview": "\u003Cp\u003EAddison Technologies, Inc is a web development company that provides website hosting, website design, internet marketing, email hosting and business consulting services. We have two offices. Our home office is in Pottstown, PA and our satellite office is in Florence, Alabama. \u003C/p\u003E",
 "image":
  {"available_sizes":
    [[[150,
       69],
      "http://api-images.crunchbase.com/assets/images/resized/0007/9992/79992v2-max-150x150.png"],
     [[250,
       116],
      "http://api-images.crunchbase.com/assets/images/resized/0007/9992/79992v2-max-250x250.png"],
     [[450,
       209],
      "http://api-images.crunchbase.com/assets/images/resized/0007/9992/79992v2-max-450x450.png"]],
   "attribution": null},
 "products":
  [],
 "relationships":
  [{"is_past": true,
    "title": "Audit Committee",
    "person":
     {"first_name": "Mark",
      "last_name": "Plastino",
      "permalink": "mark-plastino"}}],
 "competitions":
  [],
 "providerships":
  [],
 "total_money_raised": "$0",
 "funding_rounds":
  [],
 "investments":
  [],
 "acquisition": null,
 "acquisitions":
  [],
 "offices":
  [],
 "milestones":
  [],
 "ipo": null,
 "video_embeds":
  [],
 "screenshots":
  [],
 "external_links":
  [{"external_url": "http://pottstownherald.com/addison-technologies-to-host-6th-annual-golf-invitational/2241/",
    "title": "Addison Technologies to Host 6th Annual Golf Invitational"}],
 "partners":
  []}
