{"name": "Adeptra",
 "permalink": "adeptra",
 "crunchbase_url": "http://www.crunchbase.com/company/adeptra",
 "homepage_url": "http://www.adeptra.com",
 "blog_url": "",
 "blog_feed_url": "",
 "twitter_username": null,
 "category_code": "public_relations",
 "number_of_employees": null,
 "founded_year": 1996,
 "founded_month": null,
 "founded_day": null,
 "deadpooled_year": null,
 "deadpooled_month": null,
 "deadpooled_day": null,
 "deadpooled_url": null,
 "tag_list": null,
 "alias_list": "",
 "email_address": "sales@adeptra.com",
 "phone_number": "203 956 2600",
 "description": "",
 "created_at": "Wed Jul 07 15:40:29 UTC 2010",
 "updated_at": "Fri Aug 17 02:34:40 UTC 2012",
 "overview": "\u003Cp\u003EAdeptra Ltd. provides automated contact and resolution services to consumer credit and risk management companies. It offers Auto-resolution Services, which are two-way voice and alerting solutions to reach out and deliver customer communication through voice, fax, pagers, text messaging, and email; and Adeptra Analytics, an analytics platform that enables financial organizations to build consumer credit and risk management strategies. The company also provides industry-specific solutions for business processes, such as fraud detection, collections, and marketing. It serves financial institutions, card issuers, and banks, as well as mortgage lending, loan, and utility markets. The company has a strategic alliance with Fair Isaac Corporation. Adeptra Ltd. was formerly known as RealCall Ltd. The company was founded in 1996 and is headquartered in Reading, the United Kingdom. It has additional offices in Norwalk, Connecticut; and London, the United Kingdom, as well as in Sydney, Singapore, and Hong Kong.\u003C/p\u003E",
 "image":
  {"available_sizes":
    [[[150,
       47],
      "http://api-images.crunchbase.com/assets/images/resized/0010/7025/107025v2-max-150x150.jpg"],
     [[188,
       59],
      "http://api-images.crunchbase.com/assets/images/resized/0010/7025/107025v2-max-250x250.jpg"],
     [[188,
       59],
      "http://api-images.crunchbase.com/assets/images/resized/0010/7025/107025v2-max-450x450.jpg"]],
   "attribution": null},
 "products":
  [],
 "relationships":
  [{"is_past": false,
    "title": "Board Director",
    "person":
     {"first_name": "Stephan",
      "last_name": "Gueorguiev",
      "permalink": "stephan-gueorguiev"}},
   {"is_past": false,
    "title": "Board Member",
    "person":
     {"first_name": "John",
      "last_name": "O'Sullivan",
      "permalink": "john-osullivan-2"}},
   {"is_past": true,
    "title": "Board Member",
    "person":
     {"first_name": "Bill",
      "last_name": "Burgess",
      "permalink": "bill-burgess"}},
   {"is_past": true,
    "title": "Senior Sales Positions",
    "person":
     {"first_name": "Brent",
      "last_name": "Godfrey",
      "permalink": "brent-godfrey"}},
   {"is_past": true,
    "title": "Board Member",
    "person":
     {"first_name": "R.",
      "last_name": "William Burgess",
      "permalink": "r-william-burgess"}}],
 "competitions":
  [],
 "providerships":
  [],
 "total_money_raised": "$0",
 "funding_rounds":
  [],
 "investments":
  [],
 "acquisition":
  {"price_amount": 115000000.0,
   "price_currency_code": "USD",
   "term_code": null,
   "source_url": "http://www.bizjournals.com/twincities/news/2012/08/16/fico-buys-adeptra.html",
   "source_description": " FICO buys Adeptra for $115 million to boost mobile offerings ",
   "acquired_year": 2012,
   "acquired_month": 8,
   "acquired_day": 16,
   "acquiring_company":
    {"name": "FICO (Fair Isaac Corporation)",
     "permalink": "fair-isaac-corporation"}},
 "acquisitions":
  [],
 "offices":
  [{"description": "HQ",
    "address1": "101 Merritt 7",
    "address2": "2nd Floor",
    "zip_code": "06851",
    "city": "Norwalk",
    "state_code": "CT",
    "country_code": "USA",
    "latitude": null,
    "longitude": null}],
 "milestones":
  [],
 "ipo": null,
 "video_embeds":
  [],
 "screenshots":
  [{"available_sizes":
     [[[150,
        105],
       "http://api-images.crunchbase.com/assets/images/resized/0010/7026/107026v1-max-150x150.jpg"],
      [[250,
        175],
       "http://api-images.crunchbase.com/assets/images/resized/0010/7026/107026v1-max-250x250.jpg"],
      [[450,
        315],
       "http://api-images.crunchbase.com/assets/images/resized/0010/7026/107026v1-max-450x450.jpg"]],
    "attribution": null}],
 "external_links":
  [],
 "partners":
  []}
