{"name": "Adesso Solutions",
 "permalink": "adesso-solutions",
 "crunchbase_url": "http://www.crunchbase.com/company/adesso-solutions",
 "homepage_url": "http://www.adessosolutions.com",
 "blog_url": "http://www.adessosolutions.com/index.php?option=com_easyblog\u0026view=latest\u0026Itemid=201",
 "blog_feed_url": "",
 "twitter_username": "TPEffectiveness",
 "category_code": "software",
 "number_of_employees": null,
 "founded_year": 2002,
 "founded_month": null,
 "founded_day": null,
 "deadpooled_year": null,
 "deadpooled_month": null,
 "deadpooled_day": null,
 "deadpooled_url": null,
 "tag_list": "",
 "alias_list": "",
 "email_address": "info@adessosolutions.com",
 "phone_number": "847-342-1095",
 "description": "",
 "created_at": "Thu Jun 17 01:34:09 UTC 2010",
 "updated_at": "Wed Apr 17 11:56:43 UTC 2013",
 "overview": "\u003Cp\u003EAdesso Solutions is a leading integrated technology solutions provider\nprimarily serving the Consumer Goods industry. Their solution suite is the best\nof the Adesso Solutions TradeAdvantage and Gelco TMG product offerings\ndelivered on a secure, state-of-the-art Microsoft\u00c2\u00ae platform. They serve\n120+ customers managing over 300,000 trade promotions annually across all\nverticals of Consumer Goods. It offers TradeAdvantage, an integrated technology solution for executing and analyzing account planning and forecasting, trade promotion spending, deduction resolution, and customer profitability. The company\u00e2\u20ac\u2122s products include sales reporting on actual and forecasted sales, and estimated/actual spends by customers and products; Alert Module, an independent application that is used to notify regional managers, brokers, and sales agents, as well as users of sales, pending deals, deductions, per case spending limits, and key performance indicators; and Deduction Resolution Management that enables manufacturers to resolve deductions and reduce the time and effort associated with the management of deductions. It also offers Excel Reporting tool that is used to perform planning and reporting functions; EDI 889 link, which eliminates errors caused by changes to promotions that occur between retailer acceptance and the time of the order received; Historical Backup Utility that provides historical planning and performance data; Planning Calendar that provides scheduled promotions in a graphical timeline format to visualize current campaigns and assess future programs by brokers and manufacturers; and Rebate, Growth, and Income Reporting that provides growth and income program tracking and reporting services. In addition, the company provides data hosting and data recovery services, as well as administrative services, including annual budget setup and maintenance, volume quota setup and maintenance, promotion and deal maintenance, security setup and maintenance, and training. Adesso Solutions, LLC was incorporated in 2002 and is based in Rolling Meadows, Illinois.\u003C/p\u003E",
 "image":
  {"available_sizes":
    [[[150,
       51],
      "http://api-images.crunchbase.com/assets/images/resized/0009/0884/90884v8-max-150x150.jpg"],
     [[200,
       69],
      "http://api-images.crunchbase.com/assets/images/resized/0009/0884/90884v8-max-250x250.jpg"],
     [[200,
       69],
      "http://api-images.crunchbase.com/assets/images/resized/0009/0884/90884v8-max-450x450.jpg"]],
   "attribution": null},
 "products":
  [],
 "relationships":
  [{"is_past": false,
    "title": "EVP",
    "person":
     {"first_name": "Richard",
      "last_name": "Jones",
      "permalink": "richard-jones-13"}},
   {"is_past": false,
    "title": "President",
    "person":
     {"first_name": "Fred",
      "last_name": "Schroeder",
      "permalink": "fred-schroeder"}},
   {"is_past": true,
    "title": "VP Sales",
    "person":
     {"first_name": "Walter",
      "last_name": "Lowes",
      "permalink": "walter-lowes"}},
   {"is_past": true,
    "title": "",
    "person":
     {"first_name": "Tony",
      "last_name": "Poidomani",
      "permalink": "tony-poidomani"}}],
 "competitions":
  [],
 "providerships":
  [],
 "total_money_raised": "$6M",
 "funding_rounds":
  [{"id": 19581,
    "round_code": "unattributed",
    "source_url": "http://www.finsmes.com/2010/10/adesso-solutions-recieves-6m-investment.html",
    "source_description": "Adesso Solutions Recieves $6M Investment",
    "raised_amount": 6000000.0,
    "raised_currency_code": "USD",
    "funded_year": 2010,
    "funded_month": 10,
    "funded_day": 25,
    "investments":
     [{"company": null,
       "financial_org":
        {"name": "Seneca Partners",
         "permalink": "seneca-partners"},
       "person": null}]}],
 "investments":
  [],
 "acquisition": null,
 "acquisitions":
  [],
 "offices":
  [{"description": "",
    "address1": "3701 Algonquin Road",
    "address2": "",
    "zip_code": "60008",
    "city": "Rolling Meadows",
    "state_code": "IL",
    "country_code": "USA",
    "latitude": null,
    "longitude": null}],
 "milestones":
  [{"id": 6054,
    "description": "Tim Vollman Steps Down as CEO of Adesso Solutions",
    "stoned_year": 2010,
    "stoned_month": 6,
    "stoned_day": 16,
    "source_url": "http://www.freshnews.com/news/343849/tim-vollman-steps-down-ceo-adesso-solutions",
    "source_text": "",
    "source_description": "Tim Vollman Steps Down as CEO of Adesso Solutions",
    "stoneable_type": "Company",
    "stoned_value": null,
    "stoned_value_type": null,
    "stoned_acquirer": null,
    "stoneable":
     {"name": "Adesso Solutions",
      "permalink": "adesso-solutions"}}],
 "ipo": null,
 "video_embeds":
  [],
 "screenshots":
  [],
 "external_links":
  [],
 "partners":
  []}
