{"name": "Adjacency",
 "permalink": "adjacency",
 "crunchbase_url": "http://www.crunchbase.com/company/adjacency",
 "homepage_url": null,
 "blog_url": null,
 "blog_feed_url": null,
 "twitter_username": null,
 "category_code": null,
 "number_of_employees": null,
 "founded_year": null,
 "founded_month": null,
 "founded_day": null,
 "deadpooled_year": null,
 "deadpooled_month": null,
 "deadpooled_day": null,
 "deadpooled_url": null,
 "tag_list": null,
 "alias_list": null,
 "email_address": null,
 "phone_number": null,
 "description": null,
 "created_at": "Sat Jul 31 18:16:27 UTC 2010",
 "updated_at": "Fri Oct 01 00:14:03 UTC 2010",
 "overview": null,
 "image":
  {"available_sizes":
    [[[81,
       22],
      "http://api-images.crunchbase.com/assets/images/resized/0010/3665/103665v2-max-150x150.png"],
     [[81,
       22],
      "http://api-images.crunchbase.com/assets/images/resized/0010/3665/103665v2-max-250x250.png"],
     [[81,
       22],
      "http://api-images.crunchbase.com/assets/images/resized/0010/3665/103665v2-max-450x450.png"]],
   "attribution": null},
 "products":
  [],
 "relationships":
  [{"is_past": true,
    "title": "Founder, Chairman \u0026 CEO",
    "person":
     {"first_name": "Andrew",
      "last_name": "Sather",
      "permalink": "andrew-sather"}},
   {"is_past": true,
    "title": "EVP \u0026 COO",
    "person":
     {"first_name": "Andy",
      "last_name": "Patrick",
      "permalink": "andy-patrick"}}],
 "competitions":
  [],
 "providerships":
  [],
 "total_money_raised": "$0",
 "funding_rounds":
  [],
 "investments":
  [],
 "acquisition":
  {"price_amount": null,
   "price_currency_code": "USD",
   "term_code": null,
   "source_url": "",
   "source_description": "",
   "acquired_year": 1999,
   "acquired_month": null,
   "acquired_day": null,
   "acquiring_company":
    {"name": "Sapient",
     "permalink": "sapient"}},
 "acquisitions":
  [],
 "offices":
  [],
 "milestones":
  [],
 "ipo": null,
 "video_embeds":
  [],
 "screenshots":
  [],
 "external_links":
  [],
 "partners":
  []}
