{"name": "AdLocal",
 "permalink": "adlocal",
 "crunchbase_url": "http://www.crunchbase.com/company/adlocal",
 "homepage_url": "http://adlocal.biz",
 "blog_url": "",
 "blog_feed_url": "",
 "twitter_username": "AdLocal",
 "category_code": null,
 "number_of_employees": null,
 "founded_year": null,
 "founded_month": null,
 "founded_day": null,
 "deadpooled_year": null,
 "deadpooled_month": null,
 "deadpooled_day": null,
 "deadpooled_url": null,
 "tag_list": "",
 "alias_list": "",
 "email_address": "",
 "phone_number": "",
 "description": "",
 "created_at": "Mon Aug 09 02:58:02 UTC 2010",
 "updated_at": "Thu Feb 20 18:20:22 UTC 2014",
 "overview": "\u003Cp\u003EAdLocal allows brands and agencies to run location mobile advertising and sponsorships.  The platform allows consumers with mobile devices to receive ads by taking into account their physical location via GPS, Cell-IDs, and other mobile data.  The platform also allows a self-service model where local merchants can sign up and run mobile ad campaigns.  AdLocal\u00e2\u20ac\u2122s mobile advertising solutions allow brands and local advertisers to deliver their marketing communication more efficiently by pin-pointing a selected geographic region or market area (e.g. target neighborhood of retail store). \u003C/p\u003E\n\n\u003Cp\u003EAdLocal raised a total of 3 rounds of funding from Soft Bank, Jafco Ventures, and Edge Capital. \u003C/p\u003E\n\n\u003Cp\u003EAdLocal has been successfully operating its ad network globally for years, serving more than seven billion ads for premium brands like Subway, Denny\u0026#8217;s, Nissan, Nike and providing targeting/analytics tools for ad agencies to reach audience by location, distance, time of day, demographics \u0026amp; more. \u003C/p\u003E",
 "image":
  {"available_sizes":
    [[[150,
       60],
      "http://api-images.crunchbase.com/assets/images/resized/0024/5572/245572v1-max-150x150.jpg"],
     [[250,
       100],
      "http://api-images.crunchbase.com/assets/images/resized/0024/5572/245572v1-max-250x250.jpg"],
     [[280,
       112],
      "http://api-images.crunchbase.com/assets/images/resized/0024/5572/245572v1-max-450x450.jpg"]],
   "attribution": null},
 "products":
  [],
 "relationships":
  [{"is_past": false,
    "title": "CEO",
    "person":
     {"first_name": "Gen",
      "last_name": "Miyazawa",
      "permalink": "gen-miyazawa"}},
   {"is_past": true,
    "title": "CEO Americas",
    "person":
     {"first_name": "Saji",
      "last_name": "Johnson",
      "permalink": "saji-johnson"}},
   {"is_past": true,
    "title": "COO",
    "person":
     {"first_name": "Kazuhiko",
      "last_name": "Sugiura",
      "permalink": "kazuhiko-sugiura"}},
   {"is_past": true,
    "title": "",
    "person":
     {"first_name": "Hiroshi",
      "last_name": "Ogawa",
      "permalink": "hiroshi-ogawa"}}],
 "competitions":
  [],
 "providerships":
  [],
 "total_money_raised": "$0",
 "funding_rounds":
  [],
 "investments":
  [],
 "acquisition": null,
 "acquisitions":
  [],
 "offices":
  [{"description": "Yahoo Japan",
    "address1": "Midtown Tower, 9-7-1",
    "address2": "Asakusa, Minato-ku",
    "zip_code": "",
    "city": "Tokyo",
    "state_code": null,
    "country_code": "JPN",
    "latitude": null,
    "longitude": null}],
 "milestones":
  [{"id": 8220,
    "description": "AdLocal Acquired by Yahoo JP!",
    "stoned_year": 2010,
    "stoned_month": 8,
    "stoned_day": 27,
    "source_url": "http://venturebeat.com/2010/08/15/yahoo-japan-scoops-up-location-based-mobile-ad-firm-cirius/",
    "source_text": null,
    "source_description": "AdLocal / Cirius Acquired by Yahoo JP!",
    "stoneable_type": "Company",
    "stoned_value": null,
    "stoned_value_type": null,
    "stoned_acquirer": null,
    "stoneable":
     {"name": "AdLocal",
      "permalink": "adlocal"}}],
 "ipo": null,
 "video_embeds":
  [],
 "screenshots":
  [],
 "external_links":
  [],
 "partners":
  []}
