{"name": "Adnexus",
 "permalink": "adnexus",
 "crunchbase_url": "http://www.crunchbase.com/company/adnexus",
 "homepage_url": "http://www.adnexustx.com",
 "blog_url": "",
 "blog_feed_url": "",
 "twitter_username": "BMSNEWS",
 "category_code": "biotech",
 "number_of_employees": null,
 "founded_year": 2002,
 "founded_month": null,
 "founded_day": null,
 "deadpooled_year": null,
 "deadpooled_month": null,
 "deadpooled_day": null,
 "deadpooled_url": null,
 "tag_list": "",
 "alias_list": "",
 "email_address": "info@adnexustx.com",
 "phone_number": "781-891-3745",
 "description": "",
 "created_at": "Sat Mar 13 08:46:57 UTC 2010",
 "updated_at": "Sun Dec 08 06:00:57 UTC 2013",
 "overview": "\u003Cp\u003EAdnexus, a Bristol-Myers Squibb R\u0026amp;D Company, is leading the discovery and development of Adnectins\u00e2\u201e\u00a2, a novel, proprietary class of targeted biologics. Adnectins are proteins designed to either block or stimulate therapeutic targets of interest to fight diseases across a broad range of therapeutic areas. Their proprietary technology for engineering these versatile proteins creates an opportunity to rapidly generate highly differentiated medicines.\u003C/p\u003E\n\n\u003Cp\u003EAdnexus, a Bristol-Myers Squibb R\u0026amp;D Company, is a leader in the discovery and development of Adnectins, a proprietary type of targeted biologic. Adnectins are proteins designed to either block or stimulate therapeutic targets of interest to help fight diseases across a broad range of therapeutic areas. Our proprietary technology for engineering these proteins creates an opportunity to rapidly generate compounds for study as potential treatment options for patients.\u003C/p\u003E\n\n\u003Cp\u003ETargeted biologics are one of the most medically important and fastest growing areas in the biopharmaceutical industry. These drugs are specifically designed to attack targets of disease. Despite the success of the first generation targeted therapeutic products, such as antibodies, additional innovations are sought by the medical community to help meet unmet needs for improved safety, and efficacy. We believe the study of Adnectins can help to address these demands.\u003C/p\u003E\n\n\u003Cp\u003EAdnectins are derived from human fibronectin, an abundant extracellular protein that binds naturally to a number of different proteins. We create Adnectins using our proprietary protein engineering system called PROfusion\u2122. Our scientists can rapidly create PROfusion libraries of more than 10 trillion different Adnectins. We then screen these libraries to identify Adnectins with the desired drug properties against therapeutic targets of interest. PROfusion enables discovery productivity by minimizing the timeframe for identifying high-quality candidates.\u003C/p\u003E\n\n\u003Cp\u003EIn October 2007, Adnexus was acquired by Bristol-Myers Squibb Company. This acquisition has further accelerated our growth as an industry leader in the discovery and early development of proprietary targeted biologics. Together with Bristol-Myers Squibb, we are developing multiple Adnectin programs for use in the study of potential treatments in a broad range of disease types, including oncology, immunology, and cardiovascular disease.\u003C/p\u003E",
 "image":
  {"available_sizes":
    [[[150,
       61],
      "http://api-images.crunchbase.com/assets/images/resized/0008/0201/80201v1-max-150x150.jpg"],
     [[236,
       96],
      "http://api-images.crunchbase.com/assets/images/resized/0008/0201/80201v1-max-250x250.jpg"],
     [[236,
       96],
      "http://api-images.crunchbase.com/assets/images/resized/0008/0201/80201v1-max-450x450.jpg"]],
   "attribution": null},
 "products":
  [],
 "relationships":
  [{"is_past": true,
    "title": "Founder and CSO",
    "person":
     {"first_name": "Gordon",
      "last_name": "Wong",
      "permalink": "gordon-wong"}},
   {"is_past": true,
    "title": "SVP, Research \u0026 Preclinical Development",
    "person":
     {"first_name": "Eric",
      "last_name": "Furfine",
      "permalink": "eric-furfine"}},
   {"is_past": true,
    "title": "Board of Directors",
    "person":
     {"first_name": "Alan",
      "last_name": "Crane",
      "permalink": "alan-crane"}}],
 "competitions":
  [],
 "providerships":
  [],
 "total_money_raised": "$42.5M",
 "funding_rounds":
  [{"id": 12978,
    "round_code": "c",
    "source_url": "http://www.adnexustx.com/pdf/news/20070809.pdf",
    "source_description": "Adnexus Therapeutics Raises $15.5 Million in Series C Funding",
    "raised_amount": 15500000.0,
    "raised_currency_code": "USD",
    "funded_year": 2007,
    "funded_month": 8,
    "funded_day": 7,
    "investments":
     [{"company": null,
       "financial_org":
        {"name": "HBM BioVentures",
         "permalink": "hbm-bioventures"},
       "person": null},
      {"company": null,
       "financial_org":
        {"name": "Atlas Venture",
         "permalink": "atlas-venture"},
       "person": null},
      {"company": null,
       "financial_org":
        {"name": "Flagship Ventures",
         "permalink": "flagship-ventures"},
       "person": null},
      {"company": null,
       "financial_org":
        {"name": "Polaris Partners",
         "permalink": "polaris-partners"},
       "person": null},
      {"company": null,
       "financial_org":
        {"name": "Venrock",
         "permalink": "venrock"},
       "person": null}]},
   {"id": 14551,
    "round_code": "b",
    "source_url": "http://adnexustx.com/pdf/news/20060626.pdf",
    "source_description": "ADNEXUS THERAPEUTICS CLOSES $27M SERIES B FUNDING",
    "raised_amount": 27000000.0,
    "raised_currency_code": "USD",
    "funded_year": 2006,
    "funded_month": 6,
    "funded_day": 26,
    "investments":
     [{"company": null,
       "financial_org":
        {"name": "Venrock",
         "permalink": "venrock"},
       "person": null},
      {"company": null,
       "financial_org":
        {"name": "Atlas Venture",
         "permalink": "atlas-venture"},
       "person": null},
      {"company": null,
       "financial_org":
        {"name": "Flagship Ventures",
         "permalink": "flagship-ventures"},
       "person": null},
      {"company": null,
       "financial_org":
        {"name": "Polaris Partners",
         "permalink": "polaris-partners"},
       "person": null}]}],
 "investments":
  [],
 "acquisition": null,
 "acquisitions":
  [],
 "offices":
  [{"description": "",
    "address1": "100 Beaver Street",
    "address2": "",
    "zip_code": "02453",
    "city": "Waltham",
    "state_code": "MA",
    "country_code": "USA",
    "latitude": null,
    "longitude": null}],
 "milestones":
  [{"id": 7196,
    "description": "Acquired by Bristol-Myers Squibb.",
    "stoned_year": 2007,
    "stoned_month": 9,
    "stoned_day": 24,
    "source_url": "http://www.adnexustx.com/pdf/news/20070924_Adnexus-BMS_acquisition.pdf",
    "source_text": null,
    "source_description": "BRISTOL-MYERS SQUIBB TO ACQUIRE ADNEXUS THERAPEUTICS",
    "stoneable_type": "Company",
    "stoned_value": null,
    "stoned_value_type": null,
    "stoned_acquirer": null,
    "stoneable":
     {"name": "Adnexus",
      "permalink": "adnexus"}}],
 "ipo": null,
 "video_embeds":
  [],
 "screenshots":
  [{"available_sizes":
     [[[150,
        104],
       "http://api-images.crunchbase.com/assets/images/resized/0008/0202/80202v1-max-150x150.jpg"],
      [[250,
        173],
       "http://api-images.crunchbase.com/assets/images/resized/0008/0202/80202v1-max-250x250.jpg"],
      [[450,
        312],
       "http://api-images.crunchbase.com/assets/images/resized/0008/0202/80202v1-max-450x450.jpg"]],
    "attribution": null}],
 "external_links":
  [],
 "partners":
  []}
