{"name": "ADOR",
 "permalink": "ador",
 "crunchbase_url": "http://www.crunchbase.com/company/ador",
 "homepage_url": "http://ador.com",
 "blog_url": "",
 "blog_feed_url": "",
 "twitter_username": "AdorStyle",
 "category_code": "news",
 "number_of_employees": null,
 "founded_year": 2009,
 "founded_month": 2,
 "founded_day": null,
 "deadpooled_year": null,
 "deadpooled_month": null,
 "deadpooled_day": null,
 "deadpooled_url": null,
 "tag_list": "",
 "alias_list": "lockerz",
 "email_address": "",
 "phone_number": "",
 "description": "",
 "created_at": "Mon Aug 02 21:05:16 UTC 2010",
 "updated_at": "Fri Jan 17 06:44:55 UTC 2014",
 "overview": "\u003Cp\u003ELockerz has rebranded its corporate name to Ador - Based in Seattle, Ador is the leader in rewarded social expression, striving to revolutionize the way the world discovers and consumes product and content. With a membership community of millions in 195 countries, Ador rewards its members with PTZ\u00ae (points) for engagement and following, including collecting, sharing, shopping and influencing their friends. Members use PTZ to drive down the prices of fashion, beauty, home decor, electronics and entertainment in the Ador Store. Ador was founded by former technology and retail executive Kathy Savitt, and is backed by Liberty Media Corporation, Kleiner Perkins Caufield \u0026amp; Byers, DAG Ventures and Live Nation Entertainment. \u003C/p\u003E",
 "image":
  {"available_sizes":
    [[[73,
       73],
      "http://api-images.crunchbase.com/assets/images/resized/0010/7848/107848v12-max-150x150.png"],
     [[73,
       73],
      "http://api-images.crunchbase.com/assets/images/resized/0010/7848/107848v12-max-250x250.png"],
     [[73,
       73],
      "http://api-images.crunchbase.com/assets/images/resized/0010/7848/107848v12-max-450x450.png"]],
   "attribution": null},
 "products":
  [],
 "relationships":
  [{"is_past": false,
    "title": "CEO",
    "person":
     {"first_name": "Mark",
      "last_name": "Stabingas",
      "permalink": "mark-stabingas"}},
   {"is_past": false,
    "title": "Chief, Legal and Business Affairs, and Corporate Secretary",
    "person":
     {"first_name": "Bruce",
      "last_name": "Brooks",
      "permalink": "bruce-brooks"}},
   {"is_past": false,
    "title": "VP Engineering",
    "person":
     {"first_name": "Q",
      "last_name": "Shay",
      "permalink": "q-shay"}},
   {"is_past": false,
    "title": "Board Director",
    "person":
     {"first_name": "Bing",
      "last_name": "Gordon",
      "permalink": "bing-gordon"}},
   {"is_past": false,
    "title": "Director",
    "person":
     {"first_name": "Richard",
      "last_name": "Dalzell",
      "permalink": "richard-dalzell"}},
   {"is_past": false,
    "title": "Integrated Marketing Manager",
    "person":
     {"first_name": "Hanna",
      "last_name": "Chang",
      "permalink": "hanna-chang"}},
   {"is_past": true,
    "title": "Founder and CEO",
    "person":
     {"first_name": "Kathy",
      "last_name": "Savitt",
      "permalink": "kathy-savitt"}},
   {"is_past": true,
    "title": "Chief Marketing Officer",
    "person":
     {"first_name": "Leilani",
      "last_name": "Augustine",
      "permalink": "leilani-augustine"}},
   {"is_past": true,
    "title": "Chief Product Officer",
    "person":
     {"first_name": "Michael",
      "last_name": "Walton",
      "permalink": "michael-walton"}},
   {"is_past": true,
    "title": "Chief Operating Officer",
    "person":
     {"first_name": "Mark",
      "last_name": "Stabingas",
      "permalink": "mark-stabingas"}},
   {"is_past": true,
    "title": "Director, Lockerz Photos",
    "person":
     {"first_name": "Daniel",
      "last_name": "Marashlian",
      "permalink": "daniel-marashlian"}},
   {"is_past": true,
    "title": "Sr. Product Manager",
    "person":
     {"first_name": "Mehmet Ali",
      "last_name": "Elicin",
      "permalink": "mehmet-ali-elicin"}},
   {"is_past": true,
    "title": "CTO",
    "person":
     {"first_name": "Peter",
      "last_name": "Meulbroek",
      "permalink": "peter-meulbroek"}},
   {"is_past": true,
    "title": "Product Manager",
    "person":
     {"first_name": "Rodney",
      "last_name": "Rumford",
      "permalink": "rodney-rumford"}},
   {"is_past": true,
    "title": "Lead the Initial Product Vision",
    "person":
     {"first_name": "Tara",
      "last_name": "Ronel",
      "permalink": "tara-ronel"}},
   {"is_past": true,
    "title": "Sr. Product Manager",
    "person":
     {"first_name": "Sean",
      "last_name": "Callahan",
      "permalink": "sean-callahan"}},
   {"is_past": true,
    "title": "Chief Marketing Officer",
    "person":
     {"first_name": "Doug",
      "last_name": "Aley",
      "permalink": "doug-aley"}},
   {"is_past": true,
    "title": "Writer, Director",
    "person":
     {"first_name": "John",
      "last_name": "Cabrera",
      "permalink": "john-cabrera"}},
   {"is_past": true,
    "title": "Senior Engineer",
    "person":
     {"first_name": "Chris",
      "last_name": "Latko",
      "permalink": "chris-latko"}}],
 "competitions":
  [],
 "providerships":
  [],
 "total_money_raised": "$56.5M",
 "funding_rounds":
  [{"id": 19656,
    "round_code": "b",
    "source_url": "http://www.xconomy.com/seattle/2010/07/06/lockerz-com-raises-cash-from-kleiner-perkins-for-social-commerce-site/",
    "source_description": "Lockerz.com Raises Cash From Kleiner Perkins for Social Commerce Site",
    "raised_amount": null,
    "raised_currency_code": "USD",
    "funded_year": 2010,
    "funded_month": 7,
    "funded_day": 6,
    "investments":
     [{"company": null,
       "financial_org":
        {"name": "Kleiner Perkins Caufield \u0026 Byers",
         "permalink": "kleiner-perkins-caufield-byers"},
       "person": null}]},
   {"id": 22434,
    "round_code": "c",
    "source_url": "http://www.finsmes.com/2011/08/lockerz-raises-36m-series-funding.html?utm_source=feedburner\u0026utm_medium=feed\u0026utm_campaign=Feed%3A+finsmes%2FcNHu+%28FinSMEs%29",
    "source_description": "Lockerz Raises $36M in Series C Funding",
    "raised_amount": 36000000.0,
    "raised_currency_code": "USD",
    "funded_year": 2011,
    "funded_month": 8,
    "funded_day": 3,
    "investments":
     [{"company": null,
       "financial_org":
        {"name": "DAG Ventures",
         "permalink": "dag-ventures"},
       "person": null},
      {"company":
        {"name": "Liberty Media",
         "permalink": "libertymedia"},
       "financial_org": null,
       "person": null},
      {"company": null,
       "financial_org": null,
       "person":
        {"first_name": "Greg",
         "last_name": "Maffei",
         "permalink": "greg-maffei"}},
      {"company": null,
       "financial_org":
        {"name": "Kleiner Perkins Caufield \u0026 Byers",
         "permalink": "kleiner-perkins-caufield-byers"},
       "person": null}]},
   {"id": 33065,
    "round_code": "unattributed",
    "source_url": "http://techcrunch.com/2012/10/08/social-commerce-network-lockerz-raises-another-7-5-million/",
    "source_description": "Social Commerce Network Lockerz Raises Another $7.5 Million",
    "raised_amount": 7500000.0,
    "raised_currency_code": "USD",
    "funded_year": 2012,
    "funded_month": 10,
    "funded_day": 8,
    "investments":
     [{"company": null,
       "financial_org":
        {"name": "Kleiner Perkins Caufield \u0026 Byers",
         "permalink": "kleiner-perkins-caufield-byers"},
       "person": null},
      {"company":
        {"name": "Liberty Media",
         "permalink": "libertymedia"},
       "financial_org": null,
       "person": null},
      {"company": null,
       "financial_org":
        {"name": "DAG Ventures",
         "permalink": "dag-ventures"},
       "person": null},
      {"company":
        {"name": "Live Nation Entertainment",
         "permalink": "live-nation-entertainment"},
       "financial_org": null,
       "person": null}]},
   {"id": 48883,
    "round_code": "unattributed",
    "source_url": "http://www.sec.gov/Archives/edgar/data/1494006/000149400611000005/xslFormDX01/primary_doc.xml",
    "source_description": "SEC",
    "raised_amount": 3999998.0,
    "raised_currency_code": "USD",
    "funded_year": 2011,
    "funded_month": 12,
    "funded_day": 6,
    "investments":
     []},
   {"id": 53455,
    "round_code": "partial",
    "source_url": "http://allthingsd.com/20131031/lockerz-though-not-quite-dead-raises-9-million-to-shift-focus-to-new-shopping-site-ador/",
    "source_description": " Lockerz, Though Not Quite Dead, Raises $9 Million to Shift Focus to New Shopping Site Ador",
    "raised_amount": 8964871.0,
    "raised_currency_code": "USD",
    "funded_year": 2013,
    "funded_month": 10,
    "funded_day": 31,
    "investments":
     []}],
 "investments":
  [],
 "acquisition":
  {"price_amount": null,
   "price_currency_code": "USD",
   "term_code": null,
   "source_url": "http://ir.lightinthebox.com/phoenix.zhtml?c=251137\u0026p=irol-newsArticle\u0026ID=1887990\u0026highlight=",
   "source_description": " LightInTheBox Holding Co., Ltd. Acquires Ador, Inc.",
   "acquired_year": 2014,
   "acquired_month": 1,
   "acquired_day": 6,
   "acquiring_company":
    {"name": "LightInTheBox.com",
     "permalink": "lightinthebox-com"}},
 "acquisitions":
  [{"price_amount": 10000000.0,
    "price_currency_code": "USD",
    "term_code": null,
    "source_url": "https://www.fis.dowjones.com/article.aspx?ProductIDFromApplication=32\u0026aid=DJFVW00020110128e71s0002t\u0026r=Rss\u0026s=DJFVW",
    "source_description": "Lockerz Buys Photo Sharing Site Plixi For More Than $10M ",
    "acquired_year": 2011,
    "acquired_month": 1,
    "acquired_day": 27,
    "company":
     {"name": "Plixi",
      "permalink": "plixi"}},
   {"price_amount": null,
    "price_currency_code": "USD",
    "term_code": null,
    "source_url": "http://techcrunch.com/2011/07/12/kleiner-backed-lockerz-acquires-social-sharing-platform-addtoany/",
    "source_description": "Kleiner-Backed Lockerz Acquires Social Sharing Platform AddToAny",
    "acquired_year": 2011,
    "acquired_month": 7,
    "acquired_day": 12,
    "company":
     {"name": "AddToAny",
      "permalink": "add-to-any"}},
   {"price_amount": 5000000.0,
    "price_currency_code": "USD",
    "term_code": null,
    "source_url": "http://www.geekwire.com/2011/lockerz-buys-seattle-travel-deal-site/",
    "source_description": "Lockerz continues acquisition spree, buys travel site Off \u0026 Away",
    "acquired_year": 2011,
    "acquired_month": 12,
    "acquired_day": null,
    "company":
     {"name": "Off \u0026 Away",
      "permalink": "off-away"}},
   {"price_amount": null,
    "price_currency_code": "USD",
    "term_code": null,
    "source_url": "http://www.freshnews.com/news/656635/lockerz-acquires-fashion-sharing-site-chick-approved",
    "source_description": "Lockerz Acquires Fashion Sharing Site Chick Approved",
    "acquired_year": 2012,
    "acquired_month": 5,
    "acquired_day": 25,
    "company":
     {"name": "Chick Approved",
      "permalink": "chick-approved"}},
   {"price_amount": null,
    "price_currency_code": "USD",
    "term_code": null,
    "source_url": "http://foxmos.com/web/adnectar.com",
    "source_description": "FOXMOS",
    "acquired_year": 2011,
    "acquired_month": 6,
    "acquired_day": null,
    "company":
     {"name": "AdNectar",
      "permalink": "adnectar"}},
   {"price_amount": null,
    "price_currency_code": "USD",
    "term_code": null,
    "source_url": "http://www.h-farmventures.com/en/news/wishpot_becomes_the_sixth_exit",
    "source_description": "Wishpot becomes the Sixth Exit",
    "acquired_year": 2012,
    "acquired_month": 9,
    "acquired_day": 6,
    "company":
     {"name": "Wishpot",
      "permalink": "wishpot"}},
   {"price_amount": null,
    "price_currency_code": "USD",
    "term_code": null,
    "source_url": "http://www.wnd.com/markets/news/read/16834536/exclusive",
    "source_description": "Exclusive: Lockerz Acquires Social Photo Sharing App Plixi (Formerly TweetPhoto)",
    "acquired_year": 2011,
    "acquired_month": 1,
    "acquired_day": 27,
    "company":
     {"name": "TweetPhoto",
      "permalink": "tweetphoto"}}],
 "offices":
  [{"description": "Seattle Office",
    "address1": "808 HOWELL STREET",
    "address2": "THIRD FLOOR",
    "zip_code": "98101",
    "city": "Seattle",
    "state_code": "WA",
    "country_code": "USA",
    "latitude": null,
    "longitude": null}],
 "milestones":
  [],
 "ipo": null,
 "video_embeds":
  [],
 "screenshots":
  [],
 "external_links":
  [],
 "partners":
  []}
