{"name": "Adotomi",
 "permalink": "adotomi",
 "crunchbase_url": "http://www.crunchbase.com/company/adotomi",
 "homepage_url": "http://www.adotomi.com",
 "blog_url": "",
 "blog_feed_url": "",
 "twitter_username": "Adotomi",
 "category_code": "advertising",
 "number_of_employees": 20,
 "founded_year": 2007,
 "founded_month": null,
 "founded_day": null,
 "deadpooled_year": null,
 "deadpooled_month": null,
 "deadpooled_day": null,
 "deadpooled_url": null,
 "tag_list": "facebook, marketing, advertising",
 "alias_list": null,
 "email_address": "hello@adotomi.com",
 "phone_number": "+972 3 791 5300",
 "description": "Performance Marketing Specialist",
 "created_at": "Sun May 16 14:45:36 UTC 2010",
 "updated_at": "Wed Oct 23 12:37:57 UTC 2013",
 "overview": "\u003Cp\u003EAdotomi was rebranded in 2013 and now lives on as the technology company Adquant. The agency side of the business was sold to Matomy Media Group in October 2013.\u003C/p\u003E\n\n\u003Cp\u003EEstablished in 2007, Adotomi is the leading performance marketing company for Social Media. Using our patented technology we are able to deliver the most relevant users for your service or product in a scalable and cost effective way. Using patented technology that we have created from our deep understanding of the Facebook eco-system mixed with years of optimization and targeting experience \u2013 we have created technology that allows us to deliver ROI focused results that are optimized well past the point of generating a lead or user and more importantly are scalable. \u003C/p\u003E\n\n\u003Cp\u003EAdotomi is a Facebook Preferred Marketing Developer.\u003C/p\u003E",
 "image":
  {"available_sizes":
    [[[130,
       96],
      "http://api-images.crunchbase.com/assets/images/resized/0012/4500/124500v2-max-150x150.png"],
     [[130,
       96],
      "http://api-images.crunchbase.com/assets/images/resized/0012/4500/124500v2-max-250x250.png"],
     [[130,
       96],
      "http://api-images.crunchbase.com/assets/images/resized/0012/4500/124500v2-max-450x450.png"]],
   "attribution": null},
 "products":
  [{"name": "Managed Media",
    "permalink": "managed-media"}],
 "relationships":
  [{"is_past": false,
    "title": "Founder and CTO",
    "person":
     {"first_name": "Itamar",
      "last_name": "Maltz",
      "permalink": "itamar-maltz"}},
   {"is_past": false,
    "title": "Founder \u0026 CEO",
    "person":
     {"first_name": "Joe",
      "last_name": "McCormack",
      "permalink": "joe-mccormack"}},
   {"is_past": false,
    "title": "Founder and COO",
    "person":
     {"first_name": "Elias",
      "last_name": "Sandler",
      "permalink": "elias-sandler"}},
   {"is_past": true,
    "title": "Director Partner Development",
    "person":
     {"first_name": "Stephen",
      "last_name": "Caffery",
      "permalink": "stephen-caffery"}},
   {"is_past": true,
    "title": "Partner Development Manager",
    "person":
     {"first_name": "Karla",
      "last_name": "Resnik",
      "permalink": "karla-resnik"}},
   {"is_past": true,
    "title": "Marketing Manager",
    "person":
     {"first_name": "Joanna",
      "last_name": "Waitzman",
      "permalink": "joanna-waitzman"}}],
 "competitions":
  [],
 "providerships":
  [],
 "total_money_raised": "$0",
 "funding_rounds":
  [],
 "investments":
  [],
 "acquisition":
  {"price_amount": null,
   "price_currency_code": "USD",
   "term_code": null,
   "source_url": "http://uk.reuters.com/article/2013/10/24/uk-matomy-adquant-idUKBRE99N03D20131024",
   "source_description": "Israel's Matomy buys Adquant's social media ad agency",
   "acquired_year": 2013,
   "acquired_month": 10,
   "acquired_day": null,
   "acquiring_company":
    {"name": "Matomy Media Group",
     "permalink": "matomy-media-group"}},
 "acquisitions":
  [],
 "offices":
  [{"description": "HQ",
    "address1": "Menachem Begin 90",
    "address2": "",
    "zip_code": "",
    "city": "Tel Aviv",
    "state_code": null,
    "country_code": "ISR",
    "latitude": null,
    "longitude": null}],
 "milestones":
  [],
 "ipo": null,
 "video_embeds":
  [],
 "screenshots":
  [{"available_sizes":
     [[[150,
        70],
       "http://api-images.crunchbase.com/assets/images/resized/0025/6782/256782v2-max-150x150.png"],
      [[250,
        116],
       "http://api-images.crunchbase.com/assets/images/resized/0025/6782/256782v2-max-250x250.png"],
      [[450,
        210],
       "http://api-images.crunchbase.com/assets/images/resized/0025/6782/256782v2-max-450x450.png"]],
    "attribution": null},
   {"available_sizes":
     [[[150,
        74],
       "http://api-images.crunchbase.com/assets/images/resized/0025/6783/256783v2-max-150x150.png"],
      [[250,
        124],
       "http://api-images.crunchbase.com/assets/images/resized/0025/6783/256783v2-max-250x250.png"],
      [[450,
        224],
       "http://api-images.crunchbase.com/assets/images/resized/0025/6783/256783v2-max-450x450.png"]],
    "attribution": null}],
 "external_links":
  [{"external_url": "http://www.adotomi.com/public/pdf/fb_whitepaper.pdf",
    "title": "Facebook Media White Paper"}],
 "partners":
  []}
