{"name": "AdPortal",
 "permalink": "adportal",
 "crunchbase_url": "http://www.crunchbase.com/company/adportal",
 "homepage_url": "http://www.adportal.net",
 "blog_url": "",
 "blog_feed_url": "",
 "twitter_username": null,
 "category_code": "web",
 "number_of_employees": null,
 "founded_year": null,
 "founded_month": null,
 "founded_day": null,
 "deadpooled_year": null,
 "deadpooled_month": null,
 "deadpooled_day": null,
 "deadpooled_url": null,
 "tag_list": "",
 "alias_list": "",
 "email_address": "",
 "phone_number": "(415) 983-2300",
 "description": "",
 "created_at": "Sat Jul 24 04:10:50 UTC 2010",
 "updated_at": "Sat Jul 24 04:11:08 UTC 2010",
 "overview": "\u003Cp\u003EAdPortal is a company dedicated to helping media publishers efficiently grow advertising revenue to win in today\u00e2\u20ac\u2122s marketplace. There easy to use advertising portal allows publishers to attract larger advertising budgets, higher CPMs and cost-effectively sell to fast-growing, long-tail advertisers.\u003C/p\u003E\n\n\u003Cp\u003EAdPortal allows publishers to package all types of media inventory into compelling, targeted offers across a large audience of internal media properties, publications and network partners and measure campaign effectiveness. Whether deployed to a sales force or configured for low-cost self-service sales, publishers utilizing AdPortal can offer advertisers access to a large scale, targeted and relevant audience that delivers a demonstrable advertising ROI.\u003C/p\u003E",
 "image":
  {"available_sizes":
    [[[150,
       41],
      "http://api-images.crunchbase.com/assets/images/resized/0009/4762/94762v1-max-150x150.jpg"],
     [[250,
       68],
      "http://api-images.crunchbase.com/assets/images/resized/0009/4762/94762v1-max-250x250.jpg"],
     [[278,
       76],
      "http://api-images.crunchbase.com/assets/images/resized/0009/4762/94762v1-max-450x450.jpg"]],
   "attribution": null},
 "products":
  [],
 "relationships":
  [{"is_past": false,
    "title": "COO",
    "person":
     {"first_name": "Peter",
      "last_name": "Bassett",
      "permalink": "peter-bassett"}}],
 "competitions":
  [],
 "providerships":
  [],
 "total_money_raised": "$0",
 "funding_rounds":
  [],
 "investments":
  [],
 "acquisition":
  {"price_amount": null,
   "price_currency_code": "USD",
   "term_code": null,
   "source_url": "http://paidcontent.org/article/419-glam-media-buys-ad-tech-startup-adportal/",
   "source_description": " Glam Media Buys Ad Tech Startup AdPortal ",
   "acquired_year": 2010,
   "acquired_month": 7,
   "acquired_day": 23,
   "acquiring_company":
    {"name": "Glam Media",
     "permalink": "glammedia"}},
 "acquisitions":
  [],
 "offices":
  [{"description": "",
    "address1": "580 Market Street",
    "address2": "Suite 300",
    "zip_code": "94104",
    "city": "San Francisco",
    "state_code": "CA",
    "country_code": "USA",
    "latitude": null,
    "longitude": null}],
 "milestones":
  [],
 "ipo": null,
 "video_embeds":
  [],
 "screenshots":
  [{"available_sizes":
     [[[150,
        91],
       "http://api-images.crunchbase.com/assets/images/resized/0009/4763/94763v1-max-150x150.jpg"],
      [[250,
        152],
       "http://api-images.crunchbase.com/assets/images/resized/0009/4763/94763v1-max-250x250.jpg"],
      [[450,
        274],
       "http://api-images.crunchbase.com/assets/images/resized/0009/4763/94763v1-max-450x450.jpg"]],
    "attribution": null}],
 "external_links":
  [],
 "partners":
  []}
