{"name": "ADR Sales \u0026 Concepts",
 "permalink": "adr-sales-concepts",
 "crunchbase_url": "http://www.crunchbase.com/company/adr-sales-concepts",
 "homepage_url": "http://www.adrsalesandconcepts.com",
 "blog_url": "",
 "blog_feed_url": "",
 "twitter_username": "ajderaaf",
 "category_code": "search",
 "number_of_employees": 1,
 "founded_year": 2008,
 "founded_month": 1,
 "founded_day": null,
 "deadpooled_year": null,
 "deadpooled_month": null,
 "deadpooled_day": null,
 "deadpooled_url": null,
 "tag_list": "",
 "alias_list": null,
 "email_address": "contact@adrsalesandconcepts.com",
 "phone_number": "310-405-0716",
 "description": "",
 "created_at": "Thu Mar 11 02:07:20 UTC 2010",
 "updated_at": "Tue Jul 02 22:55:19 UTC 2013",
 "overview": "",
 "image":
  {"available_sizes":
    [[[150,
       74],
      "http://api-images.crunchbase.com/assets/images/resized/0010/6649/106649v3-max-150x150.png"],
     [[154,
       76],
      "http://api-images.crunchbase.com/assets/images/resized/0010/6649/106649v3-max-250x250.png"],
     [[154,
       76],
      "http://api-images.crunchbase.com/assets/images/resized/0010/6649/106649v3-max-450x450.png"]],
   "attribution": null},
 "products":
  [{"name": "InfographicList",
    "permalink": "infographiclist"}],
 "relationships":
  [{"is_past": false,
    "title": "Shareholder",
    "person":
     {"first_name": "Arjan",
      "last_name": "de Raaf",
      "permalink": "arjan-de-raaf"}},
   {"is_past": false,
    "title": "Investor",
    "person":
     {"first_name": "Cezary",
      "last_name": "Wlodarczyk",
      "permalink": "cezary-wlodarczyk"}}],
 "competitions":
  [],
 "providerships":
  [],
 "total_money_raised": "$100k",
 "funding_rounds":
  [{"id": 41390,
    "round_code": "seed",
    "source_url": "",
    "source_description": "",
    "raised_amount": 50000.0,
    "raised_currency_code": "USD",
    "funded_year": 2010,
    "funded_month": 11,
    "funded_day": null,
    "investments":
     []},
   {"id": 41391,
    "round_code": "seed",
    "source_url": "",
    "source_description": "",
    "raised_amount": 50000.0,
    "raised_currency_code": "USD",
    "funded_year": 2012,
    "funded_month": 5,
    "funded_day": null,
    "investments":
     []}],
 "investments":
  [],
 "acquisition": null,
 "acquisitions":
  [],
 "offices":
  [{"description": "ADR Sales \u0026 Concepts",
    "address1": "1450 2nd Street #231",
    "address2": "",
    "zip_code": "90401",
    "city": "Santa Monica",
    "state_code": "CA",
    "country_code": "USA",
    "latitude": null,
    "longitude": null}],
 "milestones":
  [],
 "ipo": null,
 "video_embeds":
  [],
 "screenshots":
  [],
 "external_links":
  [],
 "partners":
  []}
