{"name": "Adsvark",
 "permalink": "adsvark",
 "crunchbase_url": "http://www.crunchbase.com/company/adsvark",
 "homepage_url": "http://www.adsvark.com",
 "blog_url": "",
 "blog_feed_url": "",
 "twitter_username": "frenchweb",
 "category_code": "news",
 "number_of_employees": 10,
 "founded_year": null,
 "founded_month": null,
 "founded_day": null,
 "deadpooled_year": null,
 "deadpooled_month": null,
 "deadpooled_day": null,
 "deadpooled_url": null,
 "tag_list": "",
 "alias_list": "",
 "email_address": "redaction@frenchweb.fr",
 "phone_number": "",
 "description": "",
 "created_at": "Sun Jun 20 19:45:11 UTC 2010",
 "updated_at": "Mon Mar 10 04:12:22 UTC 2014",
 "overview": "\u003Cp\u003EAdsvark is editing Frenchweb.fr the source for e-business, Internet news, startups, and tech trends in France.\u003C/p\u003E\n\n\u003Cp\u003EAdsVark is a french company, specialized in digital publishing.\u003C/p\u003E",
 "image":
  {"available_sizes":
    [[[150,
       64],
      "http://api-images.crunchbase.com/assets/images/resized/0010/7035/107035v1-max-150x150.png"],
     [[250,
       107],
      "http://api-images.crunchbase.com/assets/images/resized/0010/7035/107035v1-max-250x250.png"],
     [[450,
       192],
      "http://api-images.crunchbase.com/assets/images/resized/0010/7035/107035v1-max-450x450.png"]],
   "attribution": null},
 "products":
  [],
 "relationships":
  [{"is_past": false,
    "title": "Ceo and founder",
    "person":
     {"first_name": "Richard",
      "last_name": "Menneveux",
      "permalink": "richard-menneveux"}},
   {"is_past": false,
    "title": "Editor in chief / Chief Content Officer",
    "person":
     {"first_name": "Marion",
      "last_name": "Moreau",
      "permalink": "marion-moreau"}},
   {"is_past": false,
    "title": "CMO",
    "person":
     {"first_name": "Stephanie",
      "last_name": "Jansen Havreng",
      "permalink": "stephanie-vitale-havreng"}},
   {"is_past": false,
    "title": "Senior Editor",
    "person":
     {"first_name": "Marion",
      "last_name": "Moreau",
      "permalink": "marion-moreau"}},
   {"is_past": false,
    "title": "Video editor",
    "person":
     {"first_name": "Guillaume",
      "last_name": "Le Moal",
      "permalink": "guillaume-le-moal"}},
   {"is_past": true,
    "title": "Editor in chief",
    "person":
     {"first_name": "Bertrand",
      "last_name": "Lenotre",
      "permalink": "betrand-lenotre"}},
   {"is_past": true,
    "title": "Editor",
    "person":
     {"first_name": "Juliette",
      "last_name": "Raynal",
      "permalink": "juliette-raynal"}}],
 "competitions":
  [],
 "providerships":
  [],
 "total_money_raised": "\u20ac575k",
 "funding_rounds":
  [{"id": 24217,
    "round_code": "seed",
    "source_url": "http://www.journaldunet.com/ebusiness/le-net/levee-de-fonds-frenchweb-1210.shtml",
    "source_description": "Le Journal du net: M. C. Levet et Roland Coutas sont entr\u00c3\u00a9s au capital de Frenchweb.fr",
    "raised_amount": 50000.0,
    "raised_currency_code": "EUR",
    "funded_year": 2010,
    "funded_month": 6,
    "funded_day": 1,
    "investments":
     []},
   {"id": 30828,
    "round_code": "angel",
    "source_url": "http://articles.businessinsider.com/2011-09-05/tech/30128845_1_venture-fund-media-empire",
    "source_description": "French Startup Media Company FrenchWeb Raises Almost $1 Million From French Entrepreneurs",
    "raised_amount": 525000.0,
    "raised_currency_code": "EUR",
    "funded_year": 2011,
    "funded_month": 7,
    "funded_day": 29,
    "investments":
     []}],
 "investments":
  [],
 "acquisition": null,
 "acquisitions":
  [],
 "offices":
  [{"description": "Office",
    "address1": "55 rue de Bretagne",
    "address2": "",
    "zip_code": "75003",
    "city": "Paris",
    "state_code": null,
    "country_code": "FRA",
    "latitude": null,
    "longitude": null}],
 "milestones":
  [],
 "ipo": null,
 "video_embeds":
  [],
 "screenshots":
  [{"available_sizes":
     [[[150,
        106],
       "http://api-images.crunchbase.com/assets/images/resized/0010/7034/107034v1-max-150x150.jpg"],
      [[250,
        178],
       "http://api-images.crunchbase.com/assets/images/resized/0010/7034/107034v1-max-250x250.jpg"],
      [[450,
        320],
       "http://api-images.crunchbase.com/assets/images/resized/0010/7034/107034v1-max-450x450.jpg"]],
    "attribution": null}],
 "external_links":
  [],
 "partners":
  []}
