{"name": "Adult Link Market",
 "permalink": "adult-link-market",
 "crunchbase_url": "http://www.crunchbase.com/company/adult-link-market",
 "homepage_url": "http://adultlinkmarket.com",
 "blog_url": "",
 "blog_feed_url": "",
 "twitter_username": "adultlinkmarket",
 "category_code": "advertising",
 "number_of_employees": 15,
 "founded_year": 2009,
 "founded_month": 9,
 "founded_day": 1,
 "deadpooled_year": null,
 "deadpooled_month": null,
 "deadpooled_day": null,
 "deadpooled_url": null,
 "tag_list": "search-engine-optimization, link-building, text-ads, adult-seo, seo, search-engine, text-links, text-link-ads, adult-advertising",
 "alias_list": "",
 "email_address": "info@adultlinkmarket.com",
 "phone_number": "888-969-4567",
 "description": "Link Building Services",
 "created_at": "Tue Jul 13 17:45:13 UTC 2010",
 "updated_at": "Mon Apr 08 13:46:01 UTC 2013",
 "overview": "\u003Cp\u003EAdult Link Market provides text link ad solutions to adult companies looking to improve traffic and search engine visibility. \u003C/p\u003E",
 "image":
  {"available_sizes":
    [[[150,
       19],
      "http://api-images.crunchbase.com/assets/images/resized/0009/4158/94158v4-max-150x150.jpg"],
     [[250,
       32],
      "http://api-images.crunchbase.com/assets/images/resized/0009/4158/94158v4-max-250x250.jpg"],
     [[450,
       57],
      "http://api-images.crunchbase.com/assets/images/resized/0009/4158/94158v4-max-450x450.jpg"]],
   "attribution": null},
 "products":
  [],
 "relationships":
  [{"is_past": true,
    "title": "Chief Executive Officer",
    "person":
     {"first_name": "Anthony",
      "last_name": "Newton",
      "permalink": "anthony-newton"}},
   {"is_past": true,
    "title": "Managing Director",
    "person":
     {"first_name": "Chris",
      "last_name": "McGillin",
      "permalink": "chris-mcgillin"}},
   {"is_past": true,
    "title": "Chief Technology Officer",
    "person":
     {"first_name": "Jeremy",
      "last_name": "Ethan Bohr",
      "permalink": "jeremy-ethan-bohr"}}],
 "competitions":
  [],
 "providerships":
  [],
 "total_money_raised": "$0",
 "funding_rounds":
  [],
 "investments":
  [],
 "acquisition": null,
 "acquisitions":
  [],
 "offices":
  [],
 "milestones":
  [],
 "ipo": null,
 "video_embeds":
  [],
 "screenshots":
  [],
 "external_links":
  [{"external_url": "http://Chandra901.mywibes.com",
    "title": ""},
   {"external_url": "http://Chandra901.mywibes.com",
    "title": ""}],
 "partners":
  []}
