{"name": "Advalidation",
 "permalink": "advalidation",
 "crunchbase_url": "http://www.crunchbase.com/company/advalidation",
 "homepage_url": "http://advalidation.com",
 "blog_url": "http://blog.advalidation.com",
 "blog_feed_url": "http://feeds.feedburner.com/advalidation",
 "twitter_username": "advalidation",
 "category_code": "advertising",
 "number_of_employees": 2,
 "founded_year": 2009,
 "founded_month": null,
 "founded_day": null,
 "deadpooled_year": null,
 "deadpooled_month": null,
 "deadpooled_day": null,
 "deadpooled_url": null,
 "tag_list": "display-advertising, advertising, ads",
 "alias_list": null,
 "email_address": "info@advalidation.com",
 "phone_number": "",
 "description": "Quality assurance of display ads",
 "created_at": "Wed Jun 16 21:55:25 UTC 2010",
 "updated_at": "Thu Jun 17 18:37:43 UTC 2010",
 "overview": "\u003Cp\u003EQuality assurance of display advertising is a time consuming task. We believe that it\u0026#8217;s something a computer could do. Letting people do what they really should be doing. \u003C/p\u003E",
 "image":
  {"available_sizes":
    [[[150,
       19],
      "http://api-images.crunchbase.com/assets/images/resized/0009/0902/90902v2-max-150x150.png"],
     [[250,
       32],
      "http://api-images.crunchbase.com/assets/images/resized/0009/0902/90902v2-max-250x250.png"],
     [[420,
       55],
      "http://api-images.crunchbase.com/assets/images/resized/0009/0902/90902v2-max-450x450.png"]],
   "attribution": null},
 "products":
  [],
 "relationships":
  [{"is_past": false,
    "title": "Co-founder",
    "person":
     {"first_name": "Jesper",
      "last_name": "Pops",
      "permalink": "jesper-pops"}},
   {"is_past": false,
    "title": "Co-founder",
    "person":
     {"first_name": "Joakim",
      "last_name": "Mared",
      "permalink": "joakim-mared"}}],
 "competitions":
  [],
 "providerships":
  [],
 "total_money_raised": "$0",
 "funding_rounds":
  [],
 "investments":
  [],
 "acquisition": null,
 "acquisitions":
  [],
 "offices":
  [],
 "milestones":
  [],
 "ipo": null,
 "video_embeds":
  [],
 "screenshots":
  [],
 "external_links":
  [],
 "partners":
  []}
