{"name": "Advantech",
 "permalink": "advantech",
 "crunchbase_url": "http://www.crunchbase.com/company/advantech",
 "homepage_url": "http://www.advantech.com",
 "blog_url": "",
 "blog_feed_url": "",
 "twitter_username": null,
 "category_code": "public_relations",
 "number_of_employees": null,
 "founded_year": 1983,
 "founded_month": null,
 "founded_day": null,
 "deadpooled_year": null,
 "deadpooled_month": null,
 "deadpooled_day": null,
 "deadpooled_url": null,
 "tag_list": "",
 "alias_list": "",
 "email_address": "",
 "phone_number": "1-888-576-9668",
 "description": "",
 "created_at": "Sat Jul 24 03:30:37 UTC 2010",
 "updated_at": "Wed Aug 11 13:55:59 UTC 2010",
 "overview": "\u003Cp\u003EFounded in 1983, Advantech has provided leadership for innovative ePlatform products and services for over 25 years. With comprehensive product ranges, customer-centric design services, and an extensive global network, Advantech is your most trustworthy partner to empower numerous innovations in the connected eWorld.\u003C/p\u003E",
 "image":
  {"available_sizes":
    [[[150,
       40],
      "http://api-images.crunchbase.com/assets/images/resized/0009/7083/97083v1-max-150x150.jpg"],
     [[199,
       54],
      "http://api-images.crunchbase.com/assets/images/resized/0009/7083/97083v1-max-250x250.jpg"],
     [[199,
       54],
      "http://api-images.crunchbase.com/assets/images/resized/0009/7083/97083v1-max-450x450.jpg"]],
   "attribution": null},
 "products":
  [],
 "relationships":
  [{"is_past": true,
    "title": "Business Development Manager",
    "person":
     {"first_name": "Shahar",
      "last_name": "Nechmad",
      "permalink": "shahar-nechmad"}},
   {"is_past": true,
    "title": "",
    "person":
     {"first_name": "Yuval",
      "last_name": "Rapaport-Rom",
      "permalink": "yuval-rapaport-rom"}}],
 "competitions":
  [],
 "providerships":
  [],
 "total_money_raised": "$0",
 "funding_rounds":
  [],
 "investments":
  [],
 "acquisition": null,
 "acquisitions":
  [{"price_amount": 12850000.0,
    "price_currency_code": "EUR",
    "term_code": null,
    "source_url": "http://www.advantech.com/pressroom/corporate_news.aspx?doc_id={CE4193B3-DAF8-4776-B2C1-29566D15997",
    "source_description": "Advantech Announces Acquisition of DLoG GmbH for \u00e2\u201a\u00ac12.85 Million",
    "acquired_year": 2010,
    "acquired_month": 3,
    "acquired_day": 9,
    "company":
     {"name": "DLoG",
      "permalink": "dlog"}}],
 "offices":
  [{"description": "",
    "address1": "380 Fairview Way",
    "address2": "",
    "zip_code": "95035",
    "city": "Milpitas",
    "state_code": "CA",
    "country_code": "USA",
    "latitude": null,
    "longitude": null}],
 "milestones":
  [],
 "ipo": null,
 "video_embeds":
  [],
 "screenshots":
  [{"available_sizes":
     [[[150,
        108],
       "http://api-images.crunchbase.com/assets/images/resized/0009/7084/97084v1-max-150x150.jpg"],
      [[250,
        180],
       "http://api-images.crunchbase.com/assets/images/resized/0009/7084/97084v1-max-250x250.jpg"],
      [[450,
        324],
       "http://api-images.crunchbase.com/assets/images/resized/0009/7084/97084v1-max-450x450.jpg"]],
    "attribution": null}],
 "external_links":
  [],
 "partners":
  []}
