{"name": "Advanced Web Builder",
 "permalink": "advanced-web-builder",
 "crunchbase_url": "http://www.crunchbase.com/company/advanced-web-builder",
 "homepage_url": "http://www.advancedwebbuilder.com",
 "blog_url": "http://oranicseo.blogspot.com/",
 "blog_feed_url": "",
 "twitter_username": null,
 "category_code": "advertising",
 "number_of_employees": null,
 "founded_year": null,
 "founded_month": null,
 "founded_day": null,
 "deadpooled_year": null,
 "deadpooled_month": null,
 "deadpooled_day": null,
 "deadpooled_url": null,
 "tag_list": "",
 "alias_list": null,
 "email_address": "",
 "phone_number": "",
 "description": "SEO, SEM PPC Company",
 "created_at": "Fri Jul 16 05:11:53 UTC 2010",
 "updated_at": "Mon Jul 19 19:36:26 UTC 2010",
 "overview": "\u003Cp\u003EAre you looking for outsourcing partner who can help you to boost your image online? There are many companies that provide SEO and internet marketing servicing for leveraging your business to a new level. Get in touch with us to get the best solutions to divert the traffic towards your site.\u003C/p\u003E\n\n\u003Cp\u003ESEO no introduction these days. This internet marketing service is well established and known among online entrepreneurs and businesses. This particular service refers to optimizing the website on few meaningful yet relevant keywords so that readers can find the website in top listings of the search engine\u00e2\u20ac\u2122s top listings. Find a credible SEO company and get yourself an efficient plan that works for your needs!\u003C/p\u003E",
 "image":
  {"available_sizes":
    [[[150,
       93],
      "http://api-images.crunchbase.com/assets/images/resized/0009/3750/93750v2-max-150x150.png"],
     [[211,
       131],
      "http://api-images.crunchbase.com/assets/images/resized/0009/3750/93750v2-max-250x250.png"],
     [[211,
       131],
      "http://api-images.crunchbase.com/assets/images/resized/0009/3750/93750v2-max-450x450.png"]],
   "attribution": null},
 "products":
  [],
 "relationships":
  [],
 "competitions":
  [],
 "providerships":
  [],
 "total_money_raised": "$0",
 "funding_rounds":
  [],
 "investments":
  [],
 "acquisition": null,
 "acquisitions":
  [],
 "offices":
  [{"description": "Chicago Office",
    "address1": "1225 Summersweet Lane",
    "address2": "",
    "zip_code": "60103",
    "city": "Bartlett",
    "state_code": "IL",
    "country_code": "USA",
    "latitude": null,
    "longitude": null}],
 "milestones":
  [],
 "ipo": null,
 "video_embeds":
  [],
 "screenshots":
  [{"available_sizes":
     [[[150,
        76],
       "http://api-images.crunchbase.com/assets/images/resized/0009/3749/93749v2-max-150x150.png"],
      [[250,
        128],
       "http://api-images.crunchbase.com/assets/images/resized/0009/3749/93749v2-max-250x250.png"],
      [[450,
        230],
       "http://api-images.crunchbase.com/assets/images/resized/0009/3749/93749v2-max-450x450.png"]],
    "attribution": null}],
 "external_links":
  [],
 "partners":
  []}
