{"name": "Advanstar",
 "permalink": "advanstar",
 "crunchbase_url": "http://www.crunchbase.com/company/advanstar",
 "homepage_url": "http://www.advanstar.com",
 "blog_url": "",
 "blog_feed_url": "",
 "twitter_username": null,
 "category_code": null,
 "number_of_employees": 1000,
 "founded_year": null,
 "founded_month": null,
 "founded_day": null,
 "deadpooled_year": null,
 "deadpooled_month": null,
 "deadpooled_day": null,
 "deadpooled_url": null,
 "tag_list": null,
 "alias_list": "",
 "email_address": "info@advanstar.com",
 "phone_number": "818 593 5000",
 "description": "worldwide media company",
 "created_at": "Tue Jun 29 18:21:25 UTC 2010",
 "updated_at": "Sun Oct 24 15:35:26 UTC 2010",
 "overview": "\u003Cp\u003EAdvanstar Communications Inc. (www.advanstar.com) is a leading worldwide media company providing integrated marketing solutions for the Fashion, Life Sciences and Powersports industries.  Advanstar serves business professionals and consumers in these industries with its portfolio of 147 events, 68 publications and directories, 267 electronic products and Web sites, as well as educational and direct marketing products and services. Market leading brands and a commitment to delivering innovative, quality products and services enables Advanstar to \u00e2\u20ac\u0153Connect Our Customers With Theirs.\u00e2\u20ac\u009d Advanstar has approximately 1,000 employees and currently operates from multiple offices in North America and Europe.\u003C/p\u003E",
 "image":
  {"available_sizes":
    [[[150,
       89],
      "http://api-images.crunchbase.com/assets/images/resized/0010/7050/107050v1-max-150x150.jpg"],
     [[189,
       113],
      "http://api-images.crunchbase.com/assets/images/resized/0010/7050/107050v1-max-250x250.jpg"],
     [[189,
       113],
      "http://api-images.crunchbase.com/assets/images/resized/0010/7050/107050v1-max-450x450.jpg"]],
   "attribution": null},
 "products":
  [],
 "relationships":
  [{"is_past": false,
    "title": "Chief Technology Officer",
    "person":
     {"first_name": "Rick",
      "last_name": "Treese",
      "permalink": "rick-treese"}}],
 "competitions":
  [],
 "providerships":
  [],
 "total_money_raised": "$0",
 "funding_rounds":
  [],
 "investments":
  [],
 "acquisition": null,
 "acquisitions":
  [{"price_amount": null,
    "price_currency_code": "USD",
    "term_code": null,
    "source_url": "http://www.prnewswire.com/news-releases/advanstar-global-llc-to-acquire-enk-fashion-tradeshows-179699001.html",
    "source_description": "Advanstar Global LLC to Acquire ENK Fashion Tradeshows",
    "acquired_year": 2012,
    "acquired_month": 11,
    "acquired_day": 16,
    "company":
     {"name": "ENK INTERNATIONAL",
      "permalink": "enk-international"}}],
 "offices":
  [{"description": "HQ",
    "address1": "6200 Canoga Avenue, 2nd Floor",
    "address2": "",
    "zip_code": "91367",
    "city": "Woodland Hills",
    "state_code": "CA",
    "country_code": "USA",
    "latitude": null,
    "longitude": null}],
 "milestones":
  [],
 "ipo": null,
 "video_embeds":
  [],
 "screenshots":
  [{"available_sizes":
     [[[150,
        106],
       "http://api-images.crunchbase.com/assets/images/resized/0010/7049/107049v1-max-150x150.jpg"],
      [[250,
        177],
       "http://api-images.crunchbase.com/assets/images/resized/0010/7049/107049v1-max-250x250.jpg"],
      [[450,
        319],
       "http://api-images.crunchbase.com/assets/images/resized/0010/7049/107049v1-max-450x450.jpg"]],
    "attribution": null}],
 "external_links":
  [],
 "partners":
  []}
