{"name": "AdVantage SEO",
 "permalink": "advantage-seo",
 "crunchbase_url": "http://www.crunchbase.com/company/advantage-seo",
 "homepage_url": null,
 "blog_url": null,
 "blog_feed_url": null,
 "twitter_username": null,
 "category_code": null,
 "number_of_employees": null,
 "founded_year": null,
 "founded_month": null,
 "founded_day": null,
 "deadpooled_year": null,
 "deadpooled_month": null,
 "deadpooled_day": null,
 "deadpooled_url": null,
 "tag_list": "seo, sem, ppc, search-marketing, search-engine-marketing, online-marketing, online-advertising, digital-marketing",
 "alias_list": null,
 "email_address": null,
 "phone_number": null,
 "description": null,
 "created_at": "Sat Jul 31 06:50:33 UTC 2010",
 "updated_at": "Tue Aug 03 15:46:53 UTC 2010",
 "overview": "\u003Cp\u003EAdVantage is a web design, development, and marketing company based in Singapore.\u003C/p\u003E",
 "image":
  {"available_sizes":
    [[[150,
       39],
      "http://api-images.crunchbase.com/assets/images/resized/0009/5780/95780v2-max-150x150.jpg"],
     [[158,
       42],
      "http://api-images.crunchbase.com/assets/images/resized/0009/5780/95780v2-max-250x250.jpg"],
     [[158,
       42],
      "http://api-images.crunchbase.com/assets/images/resized/0009/5780/95780v2-max-450x450.jpg"]],
   "attribution": null},
 "products":
  [],
 "relationships":
  [{"is_past": false,
    "title": "Founder/Business Director",
    "person":
     {"first_name": "Adrian",
      "last_name": "Ang",
      "permalink": "adrian-ang"}}],
 "competitions":
  [],
 "providerships":
  [],
 "total_money_raised": "$0",
 "funding_rounds":
  [],
 "investments":
  [],
 "acquisition": null,
 "acquisitions":
  [],
 "offices":
  [{"description": "SEO Singapore",
    "address1": "1 Kaki Bukit Road 1",
    "address2": "#02-47, Enterprise One",
    "zip_code": "415934",
    "city": "Singapore",
    "state_code": null,
    "country_code": "SGP",
    "latitude": null,
    "longitude": null}],
 "milestones":
  [],
 "ipo": null,
 "video_embeds":
  [],
 "screenshots":
  [],
 "external_links":
  [],
 "partners":
  []}
