{"name": "Advanced Ophthalmic Pharma",
 "permalink": "advanced-ophthalmic-pharma",
 "crunchbase_url": "http://www.crunchbase.com/company/advanced-ophthalmic-pharma",
 "homepage_url": "http://www.aopharma.com",
 "blog_url": "",
 "blog_feed_url": "",
 "twitter_username": null,
 "category_code": "biotech",
 "number_of_employees": null,
 "founded_year": 2007,
 "founded_month": null,
 "founded_day": null,
 "deadpooled_year": 2013,
 "deadpooled_month": 11,
 "deadpooled_day": null,
 "deadpooled_url": "",
 "tag_list": "",
 "alias_list": "",
 "email_address": "",
 "phone_number": "972 3 7684936",
 "description": "",
 "created_at": "Wed Jul 07 03:59:06 UTC 2010",
 "updated_at": "Sat Jan 25 17:15:38 UTC 2014",
 "overview": "\u003Cp\u003EAdvanced Ophthalmic Pharma Ltd., a biomedical company, develops technologies in ophthalmology. It offers Eye AdMister, a drug delivery device, enables the mist application of preservative-free ophthalmic drug formulations for eye care. The company was founded in 2007 and is based in Tel Aviv, Israel.\u003C/p\u003E",
 "image":
  {"available_sizes":
    [[[150,
       112],
      "http://api-images.crunchbase.com/assets/images/resized/0009/2608/92608v1-max-150x150.jpg"],
     [[200,
       150],
      "http://api-images.crunchbase.com/assets/images/resized/0009/2608/92608v1-max-250x250.jpg"],
     [[200,
       150],
      "http://api-images.crunchbase.com/assets/images/resized/0009/2608/92608v1-max-450x450.jpg"]],
   "attribution": null},
 "products":
  [],
 "relationships":
  [{"is_past": false,
    "title": "CEO",
    "person":
     {"first_name": "Eran",
      "last_name": "Eilat",
      "permalink": "eran-eilat"}}],
 "competitions":
  [],
 "providerships":
  [],
 "total_money_raised": "$2M",
 "funding_rounds":
  [{"id": 16706,
    "round_code": "unattributed",
    "source_url": "http://www.coronis-partners.com/?CategoryID=161\u0026ArticleID=360",
    "source_description": "AOPharma completed an investment round of $2 million led by Coronis Partners Care Medical Services and the Rad BioMed incubator ",
    "raised_amount": 2000000.0,
    "raised_currency_code": "USD",
    "funded_year": 2010,
    "funded_month": 5,
    "funded_day": 2,
    "investments":
     [{"company": null,
       "financial_org":
        {"name": "RAD BioMed Accelerator",
         "permalink": "rad-biomed-accelerator"},
       "person": null},
      {"company": null,
       "financial_org":
        {"name": "Coronis Medical Ventures",
         "permalink": "coronis-medical-ventures"},
       "person": null}]}],
 "investments":
  [],
 "acquisition": null,
 "acquisitions":
  [],
 "offices":
  [{"description": "",
    "address1": "27 Habarzel Street",
    "address2": "",
    "zip_code": "69710",
    "city": "Tel Aviv",
    "state_code": null,
    "country_code": "ISR",
    "latitude": null,
    "longitude": null}],
 "milestones":
  [],
 "ipo": null,
 "video_embeds":
  [],
 "screenshots":
  [],
 "external_links":
  [],
 "partners":
  []}
