{"name": "Advantor Systems",
 "permalink": "advantor-systems",
 "crunchbase_url": "http://www.crunchbase.com/company/advantor-systems",
 "homepage_url": "http://www.advantor.com",
 "blog_url": "",
 "blog_feed_url": "",
 "twitter_username": null,
 "category_code": "hardware",
 "number_of_employees": null,
 "founded_year": null,
 "founded_month": null,
 "founded_day": null,
 "deadpooled_year": null,
 "deadpooled_month": null,
 "deadpooled_day": null,
 "deadpooled_url": null,
 "tag_list": "",
 "alias_list": "",
 "email_address": "info@advantor.com",
 "phone_number": "407-859-3350",
 "description": "",
 "created_at": "Tue Sep 07 05:14:22 UTC 2010",
 "updated_at": "Tue Sep 07 05:14:52 UTC 2010",
 "overview": "\u003Cp\u003EAdvantor Systems Corporation manufactures and integrates security technology solutions for organizations. It offers hardware design, software development, system manufacturing, pre-deployment integration and assembly, systems installation, and logistical support. The company provides integrated monitoring systems, badging systems, access control systems, intrusion detection systems, visitor management systems, automated gate entry systems, security cameras and video surveillance CCTV systems, flight line security, government systems, GSA schedule, USAF-certified systems, and support solutions. It serves department of defense, department of energy, department of homeland security, domestic agencies, state and local government agencies, schools and universities, healthcare sector, and companies. The company was formerly known as Advantor Products Corporation and changed its name to Advantor Systems Corporation in October 1997. Advantor Systems Corporation was founded in 1965 and is based in Orlando, Florida.\u003C/p\u003E",
 "image":
  {"available_sizes":
    [[[150,
       38],
      "http://api-images.crunchbase.com/assets/images/resized/0010/0811/100811v1-max-150x150.png"],
     [[243,
       62],
      "http://api-images.crunchbase.com/assets/images/resized/0010/0811/100811v1-max-250x250.png"],
     [[243,
       62],
      "http://api-images.crunchbase.com/assets/images/resized/0010/0811/100811v1-max-450x450.png"]],
   "attribution": null},
 "products":
  [],
 "relationships":
  [{"is_past": false,
    "title": "CEO",
    "person":
     {"first_name": "Todd",
      "last_name": "Flemming",
      "permalink": "todd-flemming"}},
   {"is_past": false,
    "title": "COO",
    "person":
     {"first_name": "Richard",
      "last_name": "Clifton",
      "permalink": "richard-clifton"}}],
 "competitions":
  [],
 "providerships":
  [],
 "total_money_raised": "$0",
 "funding_rounds":
  [],
 "investments":
  [],
 "acquisition": null,
 "acquisitions":
  [],
 "offices":
  [{"description": "",
    "address1": "12612 Challenger Parkway",
    "address2": "Suite 300",
    "zip_code": "32826",
    "city": "Orlando",
    "state_code": "FL",
    "country_code": "USA",
    "latitude": null,
    "longitude": null}],
 "milestones":
  [{"id": 8071,
    "description": "McCarthy Capital Invests in Advantor Systems",
    "stoned_year": 2010,
    "stoned_month": 9,
    "stoned_day": 1,
    "source_url": "http://www.freshnews.com/news/376218/mccarthy-capital-invests-advantor-systems",
    "source_text": "",
    "source_description": "McCarthy Capital Invests in Advantor Systems",
    "stoneable_type": "Company",
    "stoned_value": null,
    "stoned_value_type": null,
    "stoned_acquirer": null,
    "stoneable":
     {"name": "Advantor Systems",
      "permalink": "advantor-systems"}}],
 "ipo": null,
 "video_embeds":
  [],
 "screenshots":
  [],
 "external_links":
  [],
 "partners":
  []}
