{"name": "Advanced BioHealing",
 "permalink": "advanced-biohealing",
 "crunchbase_url": "http://www.crunchbase.com/company/advanced-biohealing",
 "homepage_url": "http://abh.com",
 "blog_url": "",
 "blog_feed_url": "",
 "twitter_username": null,
 "category_code": "biotech",
 "number_of_employees": null,
 "founded_year": 2003,
 "founded_month": null,
 "founded_day": null,
 "deadpooled_year": null,
 "deadpooled_month": null,
 "deadpooled_day": null,
 "deadpooled_url": null,
 "tag_list": "",
 "alias_list": "ABH",
 "email_address": "",
 "phone_number": "1-877-422-4463",
 "description": "",
 "created_at": "Fri Mar 12 06:54:36 UTC 2010",
 "updated_at": "Wed May 01 14:05:31 UTC 2013",
 "overview": "\u003Cp\u003EAdvanced BioHealing is an industry leader in the science of regenerative medicine. The Company is focused on the commercialization of cell-based and tissue-engineered products. It currently markets the FDA-approved product Dermagraft\u00c2\u00ae, for diabetic foot ulcers. Additionally, the Company\u00e2\u20ac\u2122s development pipeline includes a next-generation bioengineered tissue product which is in clinical trials. ABH is a privately held company with research \u0026amp; development offices in New York, NY and manufacturing operations in La Jolla, CA. \u003C/p\u003E",
 "image":
  {"available_sizes":
    [[[150,
       62],
      "http://api-images.crunchbase.com/assets/images/resized/0008/0074/80074v1-max-150x150.jpg"],
     [[238,
       99],
      "http://api-images.crunchbase.com/assets/images/resized/0008/0074/80074v1-max-250x250.jpg"],
     [[238,
       99],
      "http://api-images.crunchbase.com/assets/images/resized/0008/0074/80074v1-max-450x450.jpg"]],
   "attribution": null},
 "products":
  [],
 "relationships":
  [{"is_past": true,
    "title": "Founder",
    "person":
     {"first_name": "David",
      "last_name": "E. Eisenbud",
      "permalink": "david-e-eisenbud"}},
   {"is_past": true,
    "title": "Vice President and Chief Scientific Officer",
    "person":
     {"first_name": "Charles",
      "last_name": "Hart",
      "permalink": "charles-hart"}},
   {"is_past": true,
    "title": "Senior Vice President and Chief Financial Officer",
    "person":
     {"first_name": "Kevin",
      "last_name": "C. O\u2019Boyle",
      "permalink": "kevin-c-oboyle"}},
   {"is_past": true,
    "title": "Board Member",
    "person":
     {"first_name": "Gary",
      "last_name": "Kurtzman",
      "permalink": "gary-kurtzman-md"}},
   {"is_past": true,
    "title": "Executive Director, Senior Counsel \u0026 Secretary",
    "person":
     {"first_name": "Luke",
      "last_name": "Albrecht",
      "permalink": "luke-albrecht"}}],
 "competitions":
  [],
 "providerships":
  [],
 "total_money_raised": "$33.5M",
 "funding_rounds":
  [{"id": 12926,
    "round_code": "c",
    "source_url": "http://abh.com/press_releases/pr_022707.html",
    "source_description": "Advanced BioHealing Raises $25.5 Million in Series C Financing",
    "raised_amount": 25500000.0,
    "raised_currency_code": "USD",
    "funded_year": 2007,
    "funded_month": 2,
    "funded_day": 27,
    "investments":
     [{"company": null,
       "financial_org":
        {"name": "Red Abbey Venture Partners",
         "permalink": "red-abbey-venture-partners"},
       "person": null},
      {"company": null,
       "financial_org":
        {"name": "Canaan Partners",
         "permalink": "canaan-partners"},
       "person": null},
      {"company": null,
       "financial_org":
        {"name": "Wheatley Partners",
         "permalink": "wheatley-partners"},
       "person": null},
      {"company":
        {"name": "Safeguard Scientifics",
         "permalink": "safeguard-scientifics"},
       "financial_org": null,
       "person": null},
      {"company": null,
       "financial_org":
        {"name": "Channel Medical Partners",
         "permalink": "channel-medical-partners"},
       "person": null}]},
   {"id": 16631,
    "round_code": "b",
    "source_url": "http://abh.com/press_releases/pr_112105.html",
    "source_description": "Advanced BioHealing, Inc. Closes $8 Million in First Institutional Financing",
    "raised_amount": 8000000.0,
    "raised_currency_code": "USD",
    "funded_year": 2005,
    "funded_month": 11,
    "funded_day": 21,
    "investments":
     [{"company": null,
       "financial_org":
        {"name": "Canaan Partners",
         "permalink": "canaan-partners"},
       "person": null},
      {"company": null,
       "financial_org":
        {"name": "Wheatley Partners",
         "permalink": "wheatley-partners"},
       "person": null}]}],
 "investments":
  [],
 "acquisition":
  {"price_amount": null,
   "price_currency_code": "USD",
   "term_code": null,
   "source_url": "http://finance.yahoo.com/news/Shire-to-buy-Advanced-apf-4251922182.html?x=0\u0026.v=2",
   "source_description": "Shire to buy Advanced BioHealing for $750 million",
   "acquired_year": 2011,
   "acquired_month": 5,
   "acquired_day": 17,
   "acquiring_company":
    {"name": "Shire",
     "permalink": "shire"}},
 "acquisitions":
  [],
 "offices":
  [{"description": "",
    "address1": "36 Church Lane",
    "address2": "",
    "zip_code": "06880",
    "city": "Westport",
    "state_code": "CT",
    "country_code": "USA",
    "latitude": null,
    "longitude": null}],
 "milestones":
  [{"id": 14603,
    "description": "Advanced BioHealing plans $200M IPO",
    "stoned_year": 2011,
    "stoned_month": 5,
    "stoned_day": 5,
    "source_url": "http://www.masshightech.com/stories/2011/05/02/daily55-Advanced-BioHealing-plans-200M-IPO.html",
    "source_text": "",
    "source_description": "Advanced BioHealing plans $200M IPO",
    "stoneable_type": "Company",
    "stoned_value": null,
    "stoned_value_type": null,
    "stoned_acquirer": null,
    "stoneable":
     {"name": "Advanced BioHealing",
      "permalink": "advanced-biohealing"}}],
 "ipo": null,
 "video_embeds":
  [],
 "screenshots":
  [{"available_sizes":
     [[[150,
        104],
       "http://api-images.crunchbase.com/assets/images/resized/0008/0075/80075v1-max-150x150.jpg"],
      [[250,
        173],
       "http://api-images.crunchbase.com/assets/images/resized/0008/0075/80075v1-max-250x250.jpg"],
      [[450,
        312],
       "http://api-images.crunchbase.com/assets/images/resized/0008/0075/80075v1-max-450x450.jpg"]],
    "attribution": null}],
 "external_links":
  [],
 "partners":
  []}
