{"name": "Aegis Media",
 "permalink": "aegis-media",
 "crunchbase_url": "http://www.crunchbase.com/company/aegis-media",
 "homepage_url": "http://www.dentsuaegisnetwork.com",
 "blog_url": "",
 "blog_feed_url": "",
 "twitter_username": "AegisMedia",
 "category_code": "advertising",
 "number_of_employees": null,
 "founded_year": 1968,
 "founded_month": null,
 "founded_day": null,
 "deadpooled_year": null,
 "deadpooled_month": null,
 "deadpooled_day": null,
 "deadpooled_url": null,
 "tag_list": null,
 "alias_list": "isobar",
 "email_address": "",
 "phone_number": "44-(0)-207-070-7700",
 "description": "Digital Communication Group",
 "created_at": "Thu Aug 05 22:14:42 UTC 2010",
 "updated_at": "Thu Apr 10 06:13:50 UTC 2014",
 "overview": "\u003Cp\u003EAegis Media is a focused media and digital communications group that helps clients build consumer relationships by communicating their products and brands effectively. Its services include communications strategy through digital creative execution, media planning and buying, mobile applications, SEO, brand tracking and marketing analytics. From identifying who the consumers are, to how they make their decisions, Aegis Media and its brand businesses of Carat, Isobar, iProspect, Posterscope and Vizeum make use of today\u0026#8217;s media mix to execute the most effective communication strategy and deliver the best results for clients.\u003C/p\u003E\n\n\u003Cp\u003EWith headquarters in London, UK, Aegis Media has key offices in 110 countries around the world. \u003C/p\u003E",
 "image":
  {"available_sizes":
    [[[150,
       19],
      "http://api-images.crunchbase.com/assets/images/resized/0024/8777/248777v1-max-150x150.jpg"],
     [[250,
       33],
      "http://api-images.crunchbase.com/assets/images/resized/0024/8777/248777v1-max-250x250.jpg"],
     [[308,
       41],
      "http://api-images.crunchbase.com/assets/images/resized/0024/8777/248777v1-max-450x450.jpg"]],
   "attribution": null},
 "products":
  [],
 "relationships":
  [{"is_past": false,
    "title": "CEO, Aegis Media Global Brands",
    "person":
     {"first_name": "Nigel",
      "last_name": "Sharrocks",
      "permalink": "nigel-sharrocks-2"}},
   {"is_past": false,
    "title": "Chief Information Officer, Aegis Media",
    "person":
     {"first_name": "Mike",
      "last_name": "Young",
      "permalink": "mike-young-2"}},
   {"is_past": false,
    "title": "CEO Aegis Media Asia Pacific and Director of Dentsu Aegis Network",
    "person":
     {"first_name": "Nick",
      "last_name": "Waters",
      "permalink": "nick-waters-2"}},
   {"is_past": false,
    "title": "EVP, Content and Convergence",
    "person":
     {"first_name": "Angela",
      "last_name": "Courtin",
      "permalink": "angela-courtin"}},
   {"is_past": false,
    "title": "Group Human Resources Director, Aegis Media, and Director of Dentsu Aegis Network",
    "person":
     {"first_name": "Valerie",
      "last_name": "Scoular",
      "permalink": "valerie-scoular"}},
   {"is_past": false,
    "title": "EVP Strategy, Digital and Insight",
    "person":
     {"first_name": "Sasha",
      "last_name": "Grujicic",
      "permalink": "sasha-grujicic"}},
   {"is_past": false,
    "title": "Group General Counsel, Aegis Media",
    "person":
     {"first_name": "Simon",
      "last_name": "Zinger",
      "permalink": "simon-zinger-2"}},
   {"is_past": true,
    "title": "CEO - North America",
    "person":
     {"first_name": "Sarah",
      "last_name": "Fay",
      "permalink": "sarah-fay"}},
   {"is_past": true,
    "title": "EVP, Managing Director",
    "person":
     {"first_name": "Daren",
      "last_name": "Trousdell",
      "permalink": "daren-trousdell"}},
   {"is_past": true,
    "title": "Director",
    "person":
     {"first_name": "Mark",
      "last_name": "Cranmer",
      "permalink": "mark-cranmer"}},
   {"is_past": true,
    "title": "President",
    "person":
     {"first_name": "Scott",
      "last_name": "Sorokin",
      "permalink": "scott-sorokin"}},
   {"is_past": true,
    "title": "Various Designation",
    "person":
     {"first_name": "Jeremy",
      "last_name": "Cornfeldt",
      "permalink": "jeremy-cornfeldt"}}],
 "competitions":
  [],
 "providerships":
  [],
 "total_money_raised": "$0",
 "funding_rounds":
  [],
 "investments":
  [{"funding_round":
     {"round_code": "unattributed",
      "source_url": "http://techcrunch.com/2011/07/18/aegis-invests-11-million-in-mobile-media-services-company-tigerspike/",
      "source_description": "Aegis Invests $11 Million In Mobile Media Services Company TigerSpike",
      "raised_amount": 11000000.0,
      "raised_currency_code": "USD",
      "funded_year": 2011,
      "funded_month": 7,
      "funded_day": 18,
      "company":
       {"name": "Tigerspike",
        "permalink": "tigerspike"}}}],
 "acquisition": null,
 "acquisitions":
  [{"price_amount": null,
    "price_currency_code": "USD",
    "term_code": null,
    "source_url": "http://www.theguardian.com/business/2005/aug/12/aegisgroupbusiness.advertising",
    "source_description": "Aegis buys Glue London for \u00a314m",
    "acquired_year": 2005,
    "acquired_month": 8,
    "acquired_day": 12,
    "company":
     {"name": "Glue London",
      "permalink": "glue-london"}},
   {"price_amount": null,
    "price_currency_code": "USD",
    "term_code": null,
    "source_url": "http://www.designweek.co.uk/news/aegis-group-absorbs-de-construct/1121890.article",
    "source_description": "Aegis Group absorbs De-construct",
    "acquired_year": 2005,
    "acquired_month": 1,
    "acquired_day": 27,
    "company":
     {"name": "De-construct",
      "permalink": "de-construct"}}],
 "offices":
  [{"description": "",
    "address1": "Regent\u2019s Place",
    "address2": "10 Triton Street",
    "zip_code": "NW1 3BF",
    "city": "London",
    "state_code": null,
    "country_code": "GBR",
    "latitude": null,
    "longitude": null}],
 "milestones":
  [],
 "ipo": null,
 "video_embeds":
  [],
 "screenshots":
  [{"available_sizes":
     [[[150,
        113],
       "http://api-images.crunchbase.com/assets/images/resized/0041/2467/412467v1-max-150x150.png"],
      [[250,
        189],
       "http://api-images.crunchbase.com/assets/images/resized/0041/2467/412467v1-max-250x250.png"],
      [[450,
        341],
       "http://api-images.crunchbase.com/assets/images/resized/0041/2467/412467v1-max-450x450.png"]],
    "attribution": null}],
 "external_links":
  [],
 "partners":
  [{"partner_name": "webrazzi",
    "homepage_url": "unknown",
    "link_1_url": "http://vt.webrazzi.com/sirket/aegis-media-isobar",
    "link_2_url": null,
    "link_3_url": null,
    "link_1_name": "webrazzi Page",
    "link_2_name": null,
    "link_3_name": null}]}
