{"name": "Aeluros",
 "permalink": "aeluros",
 "crunchbase_url": "http://www.crunchbase.com/company/aeluros",
 "homepage_url": "http://www.aeluros.com",
 "blog_url": "",
 "blog_feed_url": "",
 "twitter_username": null,
 "category_code": "semiconductor",
 "number_of_employees": 40,
 "founded_year": 2001,
 "founded_month": 6,
 "founded_day": null,
 "deadpooled_year": null,
 "deadpooled_month": null,
 "deadpooled_day": null,
 "deadpooled_url": null,
 "tag_list": "",
 "alias_list": "",
 "email_address": "info@Aeluros.com",
 "phone_number": "650-917-7051",
 "description": "",
 "created_at": "Fri May 28 09:41:22 UTC 2010",
 "updated_at": "Wed Oct 16 05:23:41 UTC 2013",
 "overview": "\u003Cp\u003EAeluros was founded in June 2001, and as of October 2007 operates as the Physical Layer Products Group of Netlogic Microsystem\u0026#8217;s . Aeluros\u2122 focus is on developing a portfolio of high speed PHY/SerDes products that leads the industry in price/performance. Aeluros\u0026#8217; design expertise has resulted in the development of 10GbE PHY devices with the industry\u0026#8217;s lowest power consumption and SONET-caliber jitter performance in generic, high volume CMOS technology.\u003C/p\u003E",
 "image":
  {"available_sizes":
    [[[150,
       50],
      "http://api-images.crunchbase.com/assets/images/resized/0008/8869/88869v1-max-150x150.jpg"],
     [[156,
       53],
      "http://api-images.crunchbase.com/assets/images/resized/0008/8869/88869v1-max-250x250.jpg"],
     [[156,
       53],
      "http://api-images.crunchbase.com/assets/images/resized/0008/8869/88869v1-max-450x450.jpg"]],
   "attribution": null},
 "products":
  [],
 "relationships":
  [{"is_past": true,
    "title": "Member of Technical Staff",
    "person":
     {"first_name": "Katelijn",
      "last_name": "Vleugels",
      "permalink": "katelijn-vleugels"}}],
 "competitions":
  [],
 "providerships":
  [],
 "total_money_raised": "$7.97M",
 "funding_rounds":
  [{"id": 15853,
    "round_code": "unattributed",
    "source_url": "",
    "source_description": "EDGAR",
    "raised_amount": 7970000.0,
    "raised_currency_code": "USD",
    "funded_year": 2006,
    "funded_month": 7,
    "funded_day": 1,
    "investments":
     [{"company": null,
       "financial_org":
        {"name": "New Enterprise Associates",
         "permalink": "new-enterprise-associates"},
       "person": null},
      {"company": null,
       "financial_org":
        {"name": "Worldview Technology Partners",
         "permalink": "worldview-technology-partners"},
       "person": null},
      {"company": null,
       "financial_org":
        {"name": "Hermes Private Equity",
         "permalink": "hermes-private-equity"},
       "person": null},
      {"company": null,
       "financial_org":
        {"name": "Mitsui Ventures",
         "permalink": "mitsui-ventures"},
       "person": null}]}],
 "investments":
  [],
 "acquisition":
  {"price_amount": 3700000000.0,
   "price_currency_code": "USD",
   "term_code": null,
   "source_url": "http://www.broadcom.com/press/release.php?id=s649597",
   "source_description": "Broadcom Completes Acquisition of NetLogic Microsystems, Inc.",
   "acquired_year": 2012,
   "acquired_month": 2,
   "acquired_day": 17,
   "acquiring_company":
    {"name": "Broadcom",
     "permalink": "broadcom"}},
 "acquisitions":
  [],
 "offices":
  [{"description": "",
    "address1": "1875 Charleston Rd",
    "address2": "",
    "zip_code": "94043",
    "city": "Mountain View",
    "state_code": "CA",
    "country_code": "USA",
    "latitude": null,
    "longitude": null}],
 "milestones":
  [{"id": 40830,
    "description": "Aeluros acquired by Netlogic Microsystems",
    "stoned_year": 2007,
    "stoned_month": 10,
    "stoned_day": 24,
    "source_url": "http://www.wikinvest.com/stock/NetLogic_Microsystems_%28NETL%29/Acquisition_Aeluros_Inc",
    "source_text": null,
    "source_description": "Wikinvest",
    "stoneable_type": "Company",
    "stoned_value": null,
    "stoned_value_type": null,
    "stoned_acquirer": null,
    "stoneable":
     {"name": "Aeluros",
      "permalink": "aeluros"}}],
 "ipo": null,
 "video_embeds":
  [],
 "screenshots":
  [{"available_sizes":
     [[[150,
        88],
       "http://api-images.crunchbase.com/assets/images/resized/0008/8870/88870v1-max-150x150.jpg"],
      [[250,
        148],
       "http://api-images.crunchbase.com/assets/images/resized/0008/8870/88870v1-max-250x250.jpg"],
      [[450,
        266],
       "http://api-images.crunchbase.com/assets/images/resized/0008/8870/88870v1-max-450x450.jpg"]],
    "attribution": null}],
 "external_links":
  [],
 "partners":
  []}
