{"name": "Aethur Interactive",
 "permalink": "aethur-interactive",
 "crunchbase_url": "http://www.crunchbase.com/company/aethur-interactive",
 "homepage_url": "http://www.aethur.com",
 "blog_url": "",
 "blog_feed_url": "",
 "twitter_username": "aethur",
 "category_code": "advertising",
 "number_of_employees": null,
 "founded_year": 2009,
 "founded_month": 12,
 "founded_day": 3,
 "deadpooled_year": null,
 "deadpooled_month": null,
 "deadpooled_day": null,
 "deadpooled_url": null,
 "tag_list": "marketing-communication-strategy-planning, brand-identity-development, web-design--development, search-engine-optimization, email-marketing, corporate-presentations, newsletters, advertising-banners, online-reputation-management",
 "alias_list": null,
 "email_address": "info@aethur.com",
 "phone_number": "04844050778",
 "description": "effective online marketing solutions",
 "created_at": "Tue Jun 22 20:24:56 UTC 2010",
 "updated_at": "Fri Sep 03 23:03:52 UTC 2010",
 "overview": "\u003Cp\u003EWe are a small and friendly  creative interactive agency specializing in internet marketing strategies and custom design for businesses of all sizes, as well as agencies or communications firms that want to provide their clients with an interactive capability. \u003C/p\u003E\n\n\u003Cp\u003EOur Services include:\u003C/p\u003E\n\n\u003Cp\u003EMarketing Communication Strategy Planning\nBrand Identity Development \nWeb Design \u0026amp; Development\nSearch Engine Optimization\nEmail marketing\nCorporate presentations\nNewsletters\nAdvertising banners\u003C/p\u003E",
 "image":
  {"available_sizes":
    [[[150,
       150],
      "http://api-images.crunchbase.com/assets/images/resized/0009/1404/91404v2-max-150x150.jpg"],
     [[200,
       200],
      "http://api-images.crunchbase.com/assets/images/resized/0009/1404/91404v2-max-250x250.jpg"],
     [[200,
       200],
      "http://api-images.crunchbase.com/assets/images/resized/0009/1404/91404v2-max-450x450.jpg"]],
   "attribution": null},
 "products":
  [],
 "relationships":
  [],
 "competitions":
  [],
 "providerships":
  [],
 "total_money_raised": "$0",
 "funding_rounds":
  [],
 "investments":
  [],
 "acquisition": null,
 "acquisitions":
  [],
 "offices":
  [{"description": "",
    "address1": "#15-C, Olive Heights",
    "address2": "Kadavanthara",
    "zip_code": "682020",
    "city": "Cochin",
    "state_code": null,
    "country_code": "IND",
    "latitude": null,
    "longitude": null}],
 "milestones":
  [],
 "ipo": null,
 "video_embeds":
  [],
 "screenshots":
  [],
 "external_links":
  [],
 "partners":
  []}
