{"name": "Affirmed Networks",
 "permalink": "affirmed-networks",
 "crunchbase_url": "http://www.crunchbase.com/company/affirmed-networks",
 "homepage_url": "http://www.affirmednetworks.com",
 "blog_url": "",
 "blog_feed_url": "",
 "twitter_username": "AffirmedNetwork",
 "category_code": "mobile",
 "number_of_employees": null,
 "founded_year": 2010,
 "founded_month": null,
 "founded_day": null,
 "deadpooled_year": null,
 "deadpooled_month": null,
 "deadpooled_day": null,
 "deadpooled_url": null,
 "tag_list": "",
 "alias_list": "",
 "email_address": "info@affirmednetworks.com",
 "phone_number": "978.268.0800",
 "description": "",
 "created_at": "Tue Jun 22 01:56:48 UTC 2010",
 "updated_at": "Wed Jan 29 17:57:11 UTC 2014",
 "overview": "\u003Cp\u003EAffirmed Networks is transforming and advancing intelligence in the mobile data networks. The company\u2019s solution bundles gateway functionality with rich application and content delivery services into an industry-leading, virtualized solution.\u003C/p\u003E",
 "image":
  {"available_sizes":
    [[[127,
       42],
      "http://api-images.crunchbase.com/assets/images/resized/0014/9077/149077v1-max-150x150.png"],
     [[127,
       42],
      "http://api-images.crunchbase.com/assets/images/resized/0014/9077/149077v1-max-250x250.png"],
     [[127,
       42],
      "http://api-images.crunchbase.com/assets/images/resized/0014/9077/149077v1-max-450x450.png"]],
   "attribution": null},
 "products":
  [],
 "relationships":
  [{"is_past": false,
    "title": "Chairman and CEO",
    "person":
     {"first_name": "Hassan",
      "last_name": "Ahmed",
      "permalink": "hassan-ahmed"}},
   {"is_past": false,
    "title": "Vice President of Carrier Relations and Business Development",
    "person":
     {"first_name": "Terry",
      "last_name": "Durand",
      "permalink": "terry-durand"}},
   {"is_past": false,
    "title": "Board of Directors",
    "person":
     {"first_name": "Tim",
      "last_name": "Barrows",
      "permalink": "tim-barrows"}},
   {"is_past": false,
    "title": "Board Member",
    "person":
     {"first_name": "Jon",
      "last_name": "Auerbach",
      "permalink": "jon-auerbach"}},
   {"is_past": false,
    "title": "Director",
    "person":
     {"first_name": "Bob",
      "last_name": "Goodman",
      "permalink": "bob-goodman-2"}},
   {"is_past": true,
    "title": "Investor",
    "person":
     {"first_name": "Thorsten",
      "last_name": "Claus",
      "permalink": "thorsten-claus"}}],
 "competitions":
  [],
 "providerships":
  [],
 "total_money_raised": "$117M",
 "funding_rounds":
  [{"id": 16370,
    "round_code": "a",
    "source_url": "http://venturebeat.com/2010/06/18/funding-roundup-affirmed-networks-ace-metrix-hisoft-and-motricity-ipos/",
    "source_description": "Funding Roundup: Affirmed Networks, Ace Metrix raise VC while HiSoft and Motricity IPO",
    "raised_amount": 10890000.0,
    "raised_currency_code": "USD",
    "funded_year": 2010,
    "funded_month": 6,
    "funded_day": 18,
    "investments":
     [{"company": null,
       "financial_org":
        {"name": "Charles River Ventures",
         "permalink": "charles-river-ventures"},
       "person": null},
      {"company": null,
       "financial_org":
        {"name": "Matrix Partners",
         "permalink": "matrix-partners"},
       "person": null}]},
   {"id": 20971,
    "round_code": "unattributed",
    "source_url": "http://www.masshightech.com/stories/2011/01/03/daily21-Stealthy-Affirmed-Networks-raises-17M.html",
    "source_description": "Stealthy Affirmed Networks raises $1.7M",
    "raised_amount": 1700000.0,
    "raised_currency_code": "USD",
    "funded_year": 2011,
    "funded_month": 1,
    "funded_day": 4,
    "investments":
     []},
   {"id": 24765,
    "round_code": "unattributed",
    "source_url": "http://www.masshightech.com/stories/2011/08/08/daily46-Affirmed-Networks-lands-14M-stays-stealthy.html",
    "source_description": "Affirmed Networks lands $1.4M, stays stealthy",
    "raised_amount": 1400000.0,
    "raised_currency_code": "USD",
    "funded_year": 2011,
    "funded_month": 8,
    "funded_day": 11,
    "investments":
     []},
   {"id": 35631,
    "round_code": "b",
    "source_url": "http://pandodaily.com/news/affirmed-networks-launches-with-52-million-in-venture-backing/",
    "source_description": "Affirmed Networks launches with $52 million in venture backing",
    "raised_amount": 52000000.0,
    "raised_currency_code": "USD",
    "funded_year": 2012,
    "funded_month": 11,
    "funded_day": 12,
    "investments":
     [{"company": null,
       "financial_org":
        {"name": "Charles River Ventures",
         "permalink": "charles-river-ventures"},
       "person": null},
      {"company": null,
       "financial_org":
        {"name": "Matrix Partners",
         "permalink": "matrix-partners"},
       "person": null},
      {"company": null,
       "financial_org":
        {"name": "Lightspeed Venture Partners",
         "permalink": "lightspeed-venture-partners"},
       "person": null},
      {"company": null,
       "financial_org":
        {"name": "T-Venture",
         "permalink": "t-venture"},
       "person": null},
      {"company": null,
       "financial_org":
        {"name": "Vodafone Ventures",
         "permalink": "vodafone-ventures"},
       "person": null}]},
   {"id": 39353,
    "round_code": "c",
    "source_url": "http://www.finsmes.com/2013/06/affirmed-networks-raises-51m-series-c-funding.html",
    "source_description": "Affirmed Networks Raises $51M in Series C Funding",
    "raised_amount": 51000000.0,
    "raised_currency_code": "USD",
    "funded_year": 2013,
    "funded_month": 6,
    "funded_day": 5,
    "investments":
     [{"company": null,
       "financial_org":
        {"name": "Bessemer Venture Partners",
         "permalink": "bessemer-venture-partners"},
       "person": null},
      {"company":
        {"name": "KCK Group",
         "permalink": "kck-group"},
       "financial_org": null,
       "person": null},
      {"company": null,
       "financial_org":
        {"name": "Charles River Ventures",
         "permalink": "charles-river-ventures"},
       "person": null},
      {"company": null,
       "financial_org":
        {"name": "Matrix Partners",
         "permalink": "matrix-partners"},
       "person": null},
      {"company": null,
       "financial_org":
        {"name": "Lightspeed Venture Partners",
         "permalink": "lightspeed-venture-partners"},
       "person": null},
      {"company": null,
       "financial_org":
        {"name": "T-Venture",
         "permalink": "t-venture"},
       "person": null},
      {"company": null,
       "financial_org":
        {"name": "Vodafone Ventures",
         "permalink": "vodafone-ventures"},
       "person": null}]}],
 "investments":
  [],
 "acquisition": null,
 "acquisitions":
  [],
 "offices":
  [{"description": "",
    "address1": "35 Nagog Park",
    "address2": "",
    "zip_code": "01720",
    "city": "Acton",
    "state_code": "MA",
    "country_code": "USA",
    "latitude": null,
    "longitude": null}],
 "milestones":
  [],
 "ipo": null,
 "video_embeds":
  [],
 "screenshots":
  [{"available_sizes":
     [[[150,
        102],
       "http://api-images.crunchbase.com/assets/images/resized/0023/6595/236595v1-max-150x150.jpg"],
      [[250,
        170],
       "http://api-images.crunchbase.com/assets/images/resized/0023/6595/236595v1-max-250x250.jpg"],
      [[450,
        307],
       "http://api-images.crunchbase.com/assets/images/resized/0023/6595/236595v1-max-450x450.jpg"]],
    "attribution": null}],
 "external_links":
  [],
 "partners":
  []}
