{"name": "Affinergy",
 "permalink": "affinergy",
 "crunchbase_url": "http://www.crunchbase.com/company/affinergy",
 "homepage_url": "http://www.affinergy.com",
 "blog_url": "",
 "blog_feed_url": "",
 "twitter_username": null,
 "category_code": "biotech",
 "number_of_employees": null,
 "founded_year": null,
 "founded_month": null,
 "founded_day": null,
 "deadpooled_year": null,
 "deadpooled_month": null,
 "deadpooled_day": null,
 "deadpooled_url": null,
 "tag_list": "",
 "alias_list": "",
 "email_address": "contact1@affinergy.com",
 "phone_number": "919-433-2200",
 "description": "",
 "created_at": "Wed Apr 28 11:26:01 UTC 2010",
 "updated_at": "Wed Apr 28 11:38:56 UTC 2010",
 "overview": "\u003Cp\u003EAffinergy develops site-specific biological systems using biofriendly linkers that selectively adhere to proteins, drugs, cells, and biomaterial surfaces in order to kickstart biology toward an intended outcome. Affinergy is focused on developing coatings and medical devices for the orthopedic and cardiovascular markets. Affinergy\u0026#8217;s technology was patented at Duke University and the company has been incubated at Becton Dickinson\u0026#8217;s research center in Research Triangle Park. Affinergy was awarded 2005 Innovation of the Year by Frost \u0026amp; Sullivan in the category of Medical Device Coatings. \u003C/p\u003E",
 "image":
  {"available_sizes":
    [[[150,
       44],
      "http://api-images.crunchbase.com/assets/images/resized/0008/5187/85187v1-max-150x150.jpg"],
     [[202,
       60],
      "http://api-images.crunchbase.com/assets/images/resized/0008/5187/85187v1-max-250x250.jpg"],
     [[202,
       60],
      "http://api-images.crunchbase.com/assets/images/resized/0008/5187/85187v1-max-450x450.jpg"]],
   "attribution": null},
 "products":
  [],
 "relationships":
  [{"is_past": true,
    "title": "Board Positions",
    "person":
     {"first_name": "Daniel",
      "last_name": "Pelak",
      "permalink": "daniel-pelak"}},
   {"is_past": true,
    "title": "Business Development Consultant",
    "person":
     {"first_name": "John",
      "last_name": "Miles",
      "permalink": "john-miles"}}],
 "competitions":
  [],
 "providerships":
  [],
 "total_money_raised": "$3M",
 "funding_rounds":
  [{"id": 14947,
    "round_code": "b",
    "source_url": "http://www.affinergy.com/news/060308_funding.html",
    "source_description": "NC IDEA \u0026 WIN Lead $3 Million Funding for Affinergy's Medical Device Coatings",
    "raised_amount": 3000000.0,
    "raised_currency_code": "USD",
    "funded_year": 2006,
    "funded_month": 3,
    "funded_day": 8,
    "investments":
     [{"company": null,
       "financial_org":
        {"name": "Wilmington Investor Network",
         "permalink": "wilmington-investor-network"},
       "person": null},
      {"company": null,
       "financial_org":
        {"name": "NC IDEA",
         "permalink": "nc-idea"},
       "person": null},
      {"company": null,
       "financial_org":
        {"name": "Charleston Angel Partners",
         "permalink": "charleston-angel-partners"},
       "person": null},
      {"company": null,
       "financial_org":
        {"name": "Trinity Healthcare Development",
         "permalink": "trinity-healthcare-development"},
       "person": null}]}],
 "investments":
  [],
 "acquisition": null,
 "acquisitions":
  [],
 "offices":
  [{"description": "",
    "address1": "617 Davis Drive",
    "address2": "Suite 100",
    "zip_code": "27713",
    "city": "Durham",
    "state_code": "NC",
    "country_code": "USA",
    "latitude": null,
    "longitude": null}],
 "milestones":
  [],
 "ipo": null,
 "video_embeds":
  [],
 "screenshots":
  [{"available_sizes":
     [[[150,
        96],
       "http://api-images.crunchbase.com/assets/images/resized/0008/5188/85188v1-max-150x150.jpg"],
      [[250,
        160],
       "http://api-images.crunchbase.com/assets/images/resized/0008/5188/85188v1-max-250x250.jpg"],
      [[450,
        288],
       "http://api-images.crunchbase.com/assets/images/resized/0008/5188/85188v1-max-450x450.jpg"]],
    "attribution": null}],
 "external_links":
  [],
 "partners":
  []}
