{"name": "Affibody",
 "permalink": "affibody",
 "crunchbase_url": "http://www.crunchbase.com/company/affibody",
 "homepage_url": "http://www.affibody.com",
 "blog_url": "",
 "blog_feed_url": "",
 "twitter_username": null,
 "category_code": "biotech",
 "number_of_employees": null,
 "founded_year": null,
 "founded_month": null,
 "founded_day": null,
 "deadpooled_year": null,
 "deadpooled_month": null,
 "deadpooled_day": null,
 "deadpooled_url": null,
 "tag_list": "",
 "alias_list": "",
 "email_address": "reception@affibody.com",
 "phone_number": "46-(0)8-59-88-38-00",
 "description": "",
 "created_at": "Sat Mar 13 09:02:56 UTC 2010",
 "updated_at": "Tue Feb 21 21:24:38 UTC 2012",
 "overview": "\u003Cp\u003EAffibody is a Swedish biotech company focused on developing next generation products for therapy, diagnostic imaging, and other applications based on its unique proprietary technology platforms: Affibody\u00ae molecules and Albumod\u2122.\u003C/p\u003E\n\n\u003Cp\u003EAffibody\u00ae molecules, which are small, robust and easily produced, can be designed to bind specifically to a large number of target proteins. They have a broad range of applications including protein purification, enzyme inhibition, research reagents for protein capture and detection, diagnostics, including molecular imaging, and targeted therapeutics.\u003C/p\u003E",
 "image":
  {"available_sizes":
    [[[150,
       44],
      "http://api-images.crunchbase.com/assets/images/resized/0008/0204/80204v1-max-150x150.jpg"],
     [[203,
       60],
      "http://api-images.crunchbase.com/assets/images/resized/0008/0204/80204v1-max-250x250.jpg"],
     [[203,
       60],
      "http://api-images.crunchbase.com/assets/images/resized/0008/0204/80204v1-max-450x450.jpg"]],
   "attribution": null},
 "products":
  [],
 "relationships":
  [{"is_past": false,
    "title": "CEO",
    "person":
     {"first_name": "Eugen",
      "last_name": "Steiner",
      "permalink": "eugen-steiner"}}],
 "competitions":
  [],
 "providerships":
  [],
 "total_money_raised": "kr200M",
 "funding_rounds":
  [{"id": 12979,
    "round_code": "unattributed",
    "source_url": "http://www.affibody.com/en/News/News/Archive/Affibody_issues_new_shares_of_SEK_200_million/",
    "source_description": "Affibody issues new shares of SEK 200 million",
    "raised_amount": 200000000.0,
    "raised_currency_code": "SEK",
    "funded_year": 2007,
    "funded_month": 3,
    "funded_day": 30,
    "investments":
     [{"company": null,
       "financial_org":
        {"name": "Kaupthing Bank",
         "permalink": "kaupthing-bank"},
       "person": null}]}],
 "investments":
  [],
 "acquisition": null,
 "acquisitions":
  [],
 "offices":
  [{"description": "",
    "address1": "Lindhagensgatan 133",
    "address2": "",
    "zip_code": "112 51",
    "city": "Stockholm",
    "state_code": null,
    "country_code": "SWE",
    "latitude": null,
    "longitude": null}],
 "milestones":
  [],
 "ipo": null,
 "video_embeds":
  [],
 "screenshots":
  [{"available_sizes":
     [[[150,
        92],
       "http://api-images.crunchbase.com/assets/images/resized/0008/0205/80205v1-max-150x150.jpg"],
      [[250,
        153],
       "http://api-images.crunchbase.com/assets/images/resized/0008/0205/80205v1-max-250x250.jpg"],
      [[450,
        276],
       "http://api-images.crunchbase.com/assets/images/resized/0008/0205/80205v1-max-450x450.jpg"]],
    "attribution": null}],
 "external_links":
  [],
 "partners":
  []}
