{"name": "Agensys",
 "permalink": "agensys",
 "crunchbase_url": "http://www.crunchbase.com/company/agensys",
 "homepage_url": "http://www.agensys.com",
 "blog_url": "",
 "blog_feed_url": "",
 "twitter_username": "agensys",
 "category_code": "biotech",
 "number_of_employees": null,
 "founded_year": 1997,
 "founded_month": null,
 "founded_day": null,
 "deadpooled_year": null,
 "deadpooled_month": null,
 "deadpooled_day": null,
 "deadpooled_url": null,
 "tag_list": "",
 "alias_list": "",
 "email_address": "",
 "phone_number": "310-820-8029",
 "description": "",
 "created_at": "Thu Mar 11 07:32:52 UTC 2010",
 "updated_at": "Wed Apr 03 11:27:40 UTC 2013",
 "overview": "\u003Cp\u003EAgensys a biotechnology company, engages in the research and development of therapeutic human monoclonal antibodies and antibody drug conjugates for the treatment of cancer. It offers products to treat various tumors, as well as prostate, pancreatic, and bladder cancers. The company, formerly known as UroGenesys, was founded in 1997 and is based in Santa Monica, California. As of December 18, 2007, Agensys, Inc. operates as a subsidiary of Astellas Pharma US, Inc.\u003C/p\u003E",
 "image":
  {"available_sizes":
    [[[149,
       65],
      "http://api-images.crunchbase.com/assets/images/resized/0007/9921/79921v1-max-150x150.jpg"],
     [[149,
       65],
      "http://api-images.crunchbase.com/assets/images/resized/0007/9921/79921v1-max-250x250.jpg"],
     [[149,
       65],
      "http://api-images.crunchbase.com/assets/images/resized/0007/9921/79921v1-max-450x450.jpg"]],
   "attribution": null},
 "products":
  [],
 "relationships":
  [{"is_past": true,
    "title": "Vice President of Business Development",
    "person":
     {"first_name": "Christopher",
      "last_name": "J. Morl",
      "permalink": "christopher-j-morl"}},
   {"is_past": true,
    "title": "Senior Director of Preclinical Development",
    "person":
     {"first_name": "Jean",
      "last_name": "Gudas",
      "permalink": "jean-gudas"}}],
 "competitions":
  [],
 "providerships":
  [],
 "total_money_raised": "$41.3M",
 "funding_rounds":
  [{"id": 12887,
    "round_code": "d",
    "source_url": "http://www.agensys.com/pressrelease_071207.html",
    "source_description": "Agensys Raises $41 Million",
    "raised_amount": 41300000.0,
    "raised_currency_code": "USD",
    "funded_year": 2007,
    "funded_month": 7,
    "funded_day": 12,
    "investments":
     [{"company": null,
       "financial_org":
        {"name": "Duquesne",
         "permalink": "duquesne"},
       "person": null},
      {"company": null,
       "financial_org":
        {"name": "Jafco Ventures",
         "permalink": "jafco-ventures"},
       "person": null},
      {"company": null,
       "financial_org":
        {"name": "Innovis Investments",
         "permalink": "innovis-investments"},
       "person": null},
      {"company": null,
       "financial_org":
        {"name": "Nextech Venture",
         "permalink": "nextech-venture"},
       "person": null},
      {"company": null,
       "financial_org":
        {"name": "Bear Stearns",
         "permalink": "bear-stearns"},
       "person": null},
      {"company": null,
       "financial_org":
        {"name": "Alta Partners",
         "permalink": "alta-partners"},
       "person": null},
      {"company": null,
       "financial_org":
        {"name": "HBM BioVentures",
         "permalink": "hbm-bioventures"},
       "person": null},
      {"company": null,
       "financial_org":
        {"name": "OrbiMed Advisors",
         "permalink": "orbimed-advisors"},
       "person": null}]}],
 "investments":
  [],
 "acquisition": null,
 "acquisitions":
  [],
 "offices":
  [{"description": "",
    "address1": "1545 17th Street",
    "address2": "",
    "zip_code": "90404",
    "city": "Santa Monica",
    "state_code": "CA",
    "country_code": "USA",
    "latitude": null,
    "longitude": null}],
 "milestones":
  [],
 "ipo": null,
 "video_embeds":
  [],
 "screenshots":
  [],
 "external_links":
  [],
 "partners":
  []}
