{"name": "Agilewaves",
 "permalink": "agilewaves",
 "crunchbase_url": "http://www.crunchbase.com/company/agilewaves",
 "homepage_url": "http://www.agilewaves.com",
 "blog_url": "",
 "blog_feed_url": "",
 "twitter_username": null,
 "category_code": "cleantech",
 "number_of_employees": 10,
 "founded_year": 2006,
 "founded_month": null,
 "founded_day": null,
 "deadpooled_year": null,
 "deadpooled_month": null,
 "deadpooled_day": null,
 "deadpooled_url": null,
 "tag_list": "energy-management, energy-automation",
 "alias_list": null,
 "email_address": "",
 "phone_number": "650.839.0170",
 "description": "Energy monitoring management systems",
 "created_at": "Thu Aug 12 10:22:20 UTC 2010",
 "updated_at": "Thu Aug 12 18:08:05 UTC 2010",
 "overview": "\u003Cp\u003EAgilewaves is an energy monitoring, automation and management system firm formed by a team of former NASA scientists, with offices in Menlo Park, California.\u003C/p\u003E\n\n\u003Cp\u003EThe firm\u00e2\u20ac\u2122s Building Optimization System\u00e2\u201e\u00a2 provides facility managers and building owners with real-time, rigorous metrics needed to increase energy efficiency, reduce energy costs and meet the persistent monitoring requirements for green retrofits, monitoring-based commissioning (MBCx), LEED and Net-Zero Energy Building projects. Clients typically achieve energy use reductions of 20-40% through the use of a  patent pending solution. \u003C/p\u003E",
 "image": null,
 "products":
  [],
 "relationships":
  [],
 "competitions":
  [{"competitor":
     {"name": "Greenbox",
      "permalink": "greenbox"}},
   {"competitor":
     {"name": "Tendril",
      "permalink": "tendril"}}],
 "providerships":
  [],
 "total_money_raised": "$0",
 "funding_rounds":
  [],
 "investments":
  [],
 "acquisition": null,
 "acquisitions":
  [],
 "offices":
  [{"description": "HQ",
    "address1": "Agilewaves,Inc.",
    "address2": "3499 Edison Way",
    "zip_code": "94025",
    "city": "Menlo Park",
    "state_code": "CA",
    "country_code": "USA",
    "latitude": null,
    "longitude": null}],
 "milestones":
  [],
 "ipo": null,
 "video_embeds":
  [],
 "screenshots":
  [],
 "external_links":
  [],
 "partners":
  []}
