{"name": "AgileSoup",
 "permalink": "agilesoup",
 "crunchbase_url": "http://www.crunchbase.com/company/agilesoup",
 "homepage_url": "http://www.agilesoup.com",
 "blog_url": "http://www.agilesoup.com/blog",
 "blog_feed_url": "",
 "twitter_username": "agilesoup",
 "category_code": "software",
 "number_of_employees": 4,
 "founded_year": 2007,
 "founded_month": 10,
 "founded_day": 10,
 "deadpooled_year": null,
 "deadpooled_month": null,
 "deadpooled_day": null,
 "deadpooled_url": null,
 "tag_list": "agile-project-management-software",
 "alias_list": null,
 "email_address": "michael.mcaleer@agilesoup.com",
 "phone_number": "",
 "description": "Agile Project Management Software",
 "created_at": "Wed Mar 17 03:32:19 UTC 2010",
 "updated_at": "Wed Mar 17 08:06:39 UTC 2010",
 "overview": "\u003Cp\u003EFounded in 2007 by a small group of seasoned developers and graphic designers, AgileSoup, based in Melbourne, Australia, is the creator of popular web-based business solutions, such as AgileSoup.com.\u003C/p\u003E\n\n\u003Cp\u003EOften working with project managers in the implementation of our other solutions, we recognized the need for an easy to learn and intuitive agile project management software that project managers and users would actually use. AgileSoup was born from our collective experience with managing our own projects and from our collaboration with leading project management professionals.\u003C/p\u003E\n\n\u003Cp\u003EA young and dynamic organization, we value our customer relationships, responding quickly to their input and thus focusing on customer-driven innovation.\u003C/p\u003E",
 "image":
  {"available_sizes":
    [[[150,
       150],
      "http://api-images.crunchbase.com/assets/images/resized/0008/0626/80626v2-max-150x150.png"],
     [[200,
       200],
      "http://api-images.crunchbase.com/assets/images/resized/0008/0626/80626v2-max-250x250.png"],
     [[200,
       200],
      "http://api-images.crunchbase.com/assets/images/resized/0008/0626/80626v2-max-450x450.png"]],
   "attribution": null},
 "products":
  [],
 "relationships":
  [{"is_past": true,
    "title": "Co Founder",
    "person":
     {"first_name": "Michael",
      "last_name": "McAleer",
      "permalink": "michael-mcaleer-2"}},
   {"is_past": true,
    "title": "Co Founder",
    "person":
     {"first_name": "Mikhail",
      "last_name": "Balshunou",
      "permalink": "mikhail-balshunou"}}],
 "competitions":
  [],
 "providerships":
  [],
 "total_money_raised": "$0",
 "funding_rounds":
  [],
 "investments":
  [],
 "acquisition": null,
 "acquisitions":
  [],
 "offices":
  [],
 "milestones":
  [],
 "ipo": null,
 "video_embeds":
  [],
 "screenshots":
  [{"available_sizes":
     [[[150,
        77],
       "http://api-images.crunchbase.com/assets/images/resized/0008/0623/80623v2-max-150x150.jpg"],
      [[250,
        129],
       "http://api-images.crunchbase.com/assets/images/resized/0008/0623/80623v2-max-250x250.jpg"],
      [[450,
        232],
       "http://api-images.crunchbase.com/assets/images/resized/0008/0623/80623v2-max-450x450.jpg"]],
    "attribution": null},
   {"available_sizes":
     [[[150,
        103],
       "http://api-images.crunchbase.com/assets/images/resized/0008/0624/80624v2-max-150x150.png"],
      [[250,
        173],
       "http://api-images.crunchbase.com/assets/images/resized/0008/0624/80624v2-max-250x250.png"],
      [[400,
        277],
       "http://api-images.crunchbase.com/assets/images/resized/0008/0624/80624v2-max-450x450.png"]],
    "attribution": null},
   {"available_sizes":
     [[[150,
        103],
       "http://api-images.crunchbase.com/assets/images/resized/0008/0625/80625v2-max-150x150.png"],
      [[250,
        173],
       "http://api-images.crunchbase.com/assets/images/resized/0008/0625/80625v2-max-250x250.png"],
      [[400,
        277],
       "http://api-images.crunchbase.com/assets/images/resized/0008/0625/80625v2-max-450x450.png"]],
    "attribution": null}],
 "external_links":
  [],
 "partners":
  []}
