{"name": "AgileHead",
 "permalink": "agilehead",
 "crunchbase_url": "http://www.crunchbase.com/company/agilehead",
 "homepage_url": "http://www.agilehead.com",
 "blog_url": "http://blog.agilehead.com",
 "blog_feed_url": "http://blog.agilehead.com/feed/",
 "twitter_username": "agilehead",
 "category_code": "software",
 "number_of_employees": 6,
 "founded_year": 2010,
 "founded_month": 5,
 "founded_day": 31,
 "deadpooled_year": null,
 "deadpooled_month": null,
 "deadpooled_day": null,
 "deadpooled_url": null,
 "tag_list": "agile, services, startups",
 "alias_list": null,
 "email_address": "services@agilehead.com",
 "phone_number": "+1 631 615 4209 ",
 "description": "Building software before Christmas",
 "created_at": "Tue Jun 15 05:33:39 UTC 2010",
 "updated_at": "Thu Jun 17 23:37:02 UTC 2010",
 "overview": "\u003Cp\u003EFounded in 2009, AgileHead is a Software Services company targeting Startups. With a startup-friendly work culture and informal processes, AgileHead focuses on getting applications out of the door quickly. \u003C/p\u003E\n\n\u003Cp\u003EThe lightweight methodology AgileHead applies is evolved from its own experience as a web startup. Apart from providing Software Development Services, AgileHead has some products too; Jobhunt (www.jobhunt.in) and Social Ray (www.socialray.org).\u003C/p\u003E\n\n\u003Cp\u003EAgileHead has a policy of open sourcing most of its applications. Three popular projects are:\u003C/p\u003E\n\n\u003Col\u003E\n\u003Cli\u003EAgileFx - O/R Mapper for .Net (http://www.agilefx.org)\u003C/li\u003E\n\u003Cli\u003EJobhunt - Really simple Job Portal (http://www.jobhunt.in)\u003C/li\u003E\n\u003Cli\u003ESocial Ray - Professional Networking (http://www.socialray.org)\u003C/li\u003E\n\u003C/ol\u003E",
 "image":
  {"available_sizes":
    [[[140,
       56],
      "http://api-images.crunchbase.com/assets/images/resized/0009/0643/90643v2-max-150x150.png"],
     [[140,
       56],
      "http://api-images.crunchbase.com/assets/images/resized/0009/0643/90643v2-max-250x250.png"],
     [[140,
       56],
      "http://api-images.crunchbase.com/assets/images/resized/0009/0643/90643v2-max-450x450.png"]],
   "attribution": null},
 "products":
  [],
 "relationships":
  [],
 "competitions":
  [],
 "providerships":
  [],
 "total_money_raised": "$0",
 "funding_rounds":
  [],
 "investments":
  [],
 "acquisition": null,
 "acquisitions":
  [],
 "offices":
  [],
 "milestones":
  [],
 "ipo": null,
 "video_embeds":
  [],
 "screenshots":
  [],
 "external_links":
  [],
 "partners":
  []}
