{"name": "Agraj Fresh",
 "permalink": "agraj-overseas",
 "crunchbase_url": "http://www.crunchbase.com/company/agraj-overseas",
 "homepage_url": "http://www.agrajfresh.in",
 "blog_url": "",
 "blog_feed_url": "",
 "twitter_username": null,
 "category_code": "other",
 "number_of_employees": 10,
 "founded_year": 2011,
 "founded_month": 12,
 "founded_day": 25,
 "deadpooled_year": null,
 "deadpooled_month": null,
 "deadpooled_day": null,
 "deadpooled_url": null,
 "tag_list": "",
 "alias_list": null,
 "email_address": "info@agrajfresh.in",
 "phone_number": "07554004888",
 "description": "Fresh Vegitables",
 "created_at": "Tue Jun 29 07:29:30 UTC 2010",
 "updated_at": "Mon Feb 06 20:01:23 UTC 2012",
 "overview": "\u003Cp\u003EShopping with us not only means you are buying quality food for you and your family! It also means you are supporting local area businesses and families like yours. Something you can be proud of! \u003C/p\u003E",
 "image": null,
 "products":
  [],
 "relationships":
  [{"is_past": true,
    "title": "Founder \u0026 CEO",
    "person":
     {"first_name": "Chetan",
      "last_name": "Patel",
      "permalink": "chetan-patel"}}],
 "competitions":
  [],
 "providerships":
  [],
 "total_money_raised": "$0",
 "funding_rounds":
  [],
 "investments":
  [],
 "acquisition": null,
 "acquisitions":
  [],
 "offices":
  [{"description": "Agraj Overseas",
    "address1": "311, 14-A",
    "address2": "Asawa Chambers Sneh Nagar Main Road Indore",
    "zip_code": "452001",
    "city": "Indore",
    "state_code": null,
    "country_code": "IND",
    "latitude": null,
    "longitude": null}],
 "milestones":
  [],
 "ipo": null,
 "video_embeds":
  [],
 "screenshots":
  [],
 "external_links":
  [{"external_url": "http://www.agraj.co.uk/",
    "title": "Link Building"}],
 "partners":
  []}
