{"name": "AHIKU Corp.",
 "permalink": "ahiku-corp",
 "crunchbase_url": "http://www.crunchbase.com/company/ahiku-corp",
 "homepage_url": "http://ahiku.com",
 "blog_url": "",
 "blog_feed_url": "",
 "twitter_username": "ahikucorp",
 "category_code": "software",
 "number_of_employees": 14,
 "founded_year": 2009,
 "founded_month": 7,
 "founded_day": 16,
 "deadpooled_year": null,
 "deadpooled_month": null,
 "deadpooled_day": null,
 "deadpooled_url": null,
 "tag_list": "ahiku, twitonair, video, live, livestream, broadcast, ollehonair, repl-me, tere-be, wetoku",
 "alias_list": "\uc544\uc774\ucfe0",
 "email_address": "ahiku@ahiku.com",
 "phone_number": "+82 (0)2 337 5615",
 "description": "Social life stream services",
 "created_at": "Thu May 06 08:24:47 UTC 2010",
 "updated_at": "Sat Mar 15 11:35:06 UTC 2014",
 "overview": "\u003Cp\u003EAHIKU (\uc544\uc774\ucfe0) is a Korean software and service provider company specializing in video services that enable people to communicate more efficiently.\u003C/p\u003E\n\n\u003Cp\u003EIt is the developer of Recood, an iPhone video recording application that allows users to instantly and easily record and share their experiences directly from their smartphone at any time and from any location. Recood has been characterized as \u0026#8220;\u0026#8221;the Instagram for videos\u0026#8221;\u0026#8221; as it offers a convenient way to share personalized videos enhanced with sophisticated and unique video filter effects. It also offers a user-friendly and intuitive interface design.\u003C/p\u003E\n\n\u003Cp\u003EAhiku was established in July 2009 and is based in Seoul, Korea.\u003C/p\u003E",
 "image":
  {"available_sizes":
    [[[150,
       35],
      "http://api-images.crunchbase.com/assets/images/resized/0008/6317/86317v31-max-150x150.png"],
     [[201,
       47],
      "http://api-images.crunchbase.com/assets/images/resized/0008/6317/86317v31-max-250x250.png"],
     [[201,
       47],
      "http://api-images.crunchbase.com/assets/images/resized/0008/6317/86317v31-max-450x450.png"]],
   "attribution": null},
 "products":
  [],
 "relationships":
  [{"is_past": false,
    "title": "CEO",
    "person":
     {"first_name": "Naruter,",
      "last_name": "Kim",
      "permalink": "naruter-kim"}},
   {"is_past": false,
    "title": "CTO",
    "person":
     {"first_name": "Jins,",
      "last_name": "Kim",
      "permalink": "jins-kim"}},
   {"is_past": false,
    "title": "CCO",
    "person":
     {"first_name": "Is,",
      "last_name": "Koo",
      "permalink": "is-koo"}}],
 "competitions":
  [],
 "providerships":
  [],
 "total_money_raised": "$0",
 "funding_rounds":
  [],
 "investments":
  [],
 "acquisition": null,
 "acquisitions":
  [],
 "offices":
  [{"description": "",
    "address1": "Members Bldg 401-3",
    "address2": "Mapo-gu Seogyo-dong",
    "zip_code": "121210",
    "city": "Seoul",
    "state_code": null,
    "country_code": "KOR",
    "latitude": null,
    "longitude": null}],
 "milestones":
  [{"id": 8146,
    "description": "Ahiku Corp. received Venture Enterprise Certification from the government of Korea",
    "stoned_year": 2009,
    "stoned_month": 6,
    "stoned_day": null,
    "source_url": "http://news.naver.com/main/read.nhn?mode=LSD\u0026mid=sec\u0026sid1=101\u0026oid=003\u0026aid=0002926002",
    "source_text": null,
    "source_description": "",
    "stoneable_type": "Company",
    "stoned_value": null,
    "stoned_value_type": null,
    "stoned_acquirer": null,
    "stoneable":
     {"name": "AHIKU Corp.",
      "permalink": "ahiku-corp"}},
   {"id": 8147,
    "description": "Accepted into the Neoply Incubation Program, operated by Neowiz",
    "stoned_year": 2008,
    "stoned_month": 9,
    "stoned_day": null,
    "source_url": "",
    "source_text": null,
    "source_description": "",
    "stoneable_type": "Company",
    "stoned_value": null,
    "stoned_value_type": null,
    "stoned_acquirer": null,
    "stoneable":
     {"name": "AHIKU Corp.",
      "permalink": "ahiku-corp"}},
   {"id": 8148,
    "description": "Grand Prize winner in the OZ Mobile Content Competition",
    "stoned_year": 2008,
    "stoned_month": 6,
    "stoned_day": null,
    "source_url": "",
    "source_text": null,
    "source_description": "",
    "stoneable_type": "Company",
    "stoned_value": null,
    "stoned_value_type": null,
    "stoned_acquirer": null,
    "stoneable":
     {"name": "AHIKU Corp.",
      "permalink": "ahiku-corp"}},
   {"id": 8149,
    "description": "Joint Venture Agreement with Gangwon Technology Holdings",
    "stoned_year": 2009,
    "stoned_month": 6,
    "stoned_day": null,
    "source_url": "",
    "source_text": null,
    "source_description": "",
    "stoneable_type": "Company",
    "stoned_value": null,
    "stoned_value_type": null,
    "stoned_acquirer": null,
    "stoneable":
     {"name": "AHIKU Corp.",
      "permalink": "ahiku-corp"}},
   {"id": 8150,
    "description": "Member of Microsoft BizSpark Project",
    "stoned_year": 2009,
    "stoned_month": 6,
    "stoned_day": null,
    "source_url": "",
    "source_text": null,
    "source_description": "",
    "stoneable_type": "Company",
    "stoned_value": null,
    "stoned_value_type": null,
    "stoned_acquirer": null,
    "stoneable":
     {"name": "AHIKU Corp.",
      "permalink": "ahiku-corp"}},
   {"id": 8151,
    "description": "Ahiku Corp. is established",
    "stoned_year": 2009,
    "stoned_month": 7,
    "stoned_day": 16,
    "source_url": "",
    "source_text": null,
    "source_description": "",
    "stoneable_type": "Company",
    "stoned_value": null,
    "stoned_value_type": null,
    "stoned_acquirer": null,
    "stoneable":
     {"name": "AHIKU Corp.",
      "permalink": "ahiku-corp"}},
   {"id": 8152,
    "description": "Finalist in the Mobile Contents 2009 Awards",
    "stoned_year": 2009,
    "stoned_month": 8,
    "stoned_day": null,
    "source_url": "",
    "source_text": null,
    "source_description": "",
    "stoneable_type": "Company",
    "stoned_value": null,
    "stoned_value_type": null,
    "stoned_acquirer": null,
    "stoneable":
     {"name": "AHIKU Corp.",
      "permalink": "ahiku-corp"}},
   {"id": 8153,
    "description": "Ahiku Corp. receives Venture Enterprise Certification from the government of Korea",
    "stoned_year": 2009,
    "stoned_month": 10,
    "stoned_day": null,
    "source_url": "",
    "source_text": null,
    "source_description": "",
    "stoneable_type": "Company",
    "stoned_value": null,
    "stoned_value_type": null,
    "stoned_acquirer": null,
    "stoneable":
     {"name": "AHIKU Corp.",
      "permalink": "ahiku-corp"}},
   {"id": 8910,
    "description": "SBS \u00e2\u20ac\u02dcHahamong Show\u00e2\u20ac\u2122 Applied the first real-time Social-Interactive TV Application",
    "stoned_year": 2010,
    "stoned_month": 3,
    "stoned_day": null,
    "source_url": "http://www.newsen.com/news_view.php?uid=201003302306241001",
    "source_text": null,
    "source_description": "",
    "stoneable_type": "Company",
    "stoned_value": null,
    "stoned_value_type": null,
    "stoned_acquirer": null,
    "stoneable":
     {"name": "AHIKU Corp.",
      "permalink": "ahiku-corp"}},
   {"id": 8915,
    "description": "Mnet \u00e2\u20ac\u02dcKimJaeDong Show\u00e2\u20ac\u2122 Applied the real-time Social-Interactive TV Application",
    "stoned_year": 2010,
    "stoned_month": 4,
    "stoned_day": null,
    "source_url": "http://www.sportsseoul.com/news2/entertain/broad/2010/0422/20100422101040200000000_8234546185.html",
    "source_text": null,
    "source_description": "",
    "stoneable_type": "Company",
    "stoned_value": null,
    "stoned_value_type": null,
    "stoned_acquirer": null,
    "stoneable":
     {"name": "AHIKU Corp.",
      "permalink": "ahiku-corp"}},
   {"id": 8916,
    "description": "Opened official twitonair service",
    "stoned_year": 2010,
    "stoned_month": 6,
    "stoned_day": null,
    "source_url": "http://www.edaily.co.kr/news/NewsRead.edy?SCD=DC13\u0026newsid=02476406593006640\u0026DCD=A00202\u0026OutLnkChk=Y",
    "source_text": null,
    "source_description": "",
    "stoneable_type": "Company",
    "stoned_value": null,
    "stoned_value_type": null,
    "stoned_acquirer": null,
    "stoneable":
     {"name": "AHIKU Corp.",
      "permalink": "ahiku-corp"}},
   {"id": 8917,
    "description": "Released iPhone Application for twitonair",
    "stoned_year": 2010,
    "stoned_month": 6,
    "stoned_day": null,
    "source_url": "",
    "source_text": null,
    "source_description": "",
    "stoneable_type": "Company",
    "stoned_value": null,
    "stoned_value_type": null,
    "stoned_acquirer": null,
    "stoneable":
     {"name": "AHIKU Corp.",
      "permalink": "ahiku-corp"}},
   {"id": 8918,
    "description": "Broadcasting - MBC Drama \u00e2\u20ac\u02dcNaughty kiss\u00e2\u20ac\u2122 press conference live.",
    "stoned_year": 2010,
    "stoned_month": 8,
    "stoned_day": 26,
    "source_url": "http://article.joins.com/article/article.asp?total_id=4386407\u0026ctg=15",
    "source_text": null,
    "source_description": "",
    "stoneable_type": "Company",
    "stoned_value": null,
    "stoned_value_type": null,
    "stoned_acquirer": null,
    "stoneable":
     {"name": "AHIKU Corp.",
      "permalink": "ahiku-corp"}},
   {"id": 8919,
    "description": "Broadcasting- SK corporation\u00e2\u20ac\u2122s Android Application Development Conference live.",
    "stoned_year": 2010,
    "stoned_month": 8,
    "stoned_day": 27,
    "source_url": "",
    "source_text": null,
    "source_description": "",
    "stoneable_type": "Company",
    "stoned_value": null,
    "stoned_value_type": null,
    "stoned_acquirer": null,
    "stoneable":
     {"name": "AHIKU Corp.",
      "permalink": "ahiku-corp"}},
   {"id": 8920,
    "description": "Broadcasting- Primer Demo Day live.",
    "stoned_year": 2010,
    "stoned_month": 8,
    "stoned_day": 31,
    "source_url": "",
    "source_text": null,
    "source_description": "",
    "stoneable_type": "Company",
    "stoned_value": null,
    "stoned_value_type": null,
    "stoned_acquirer": null,
    "stoneable":
     {"name": "AHIKU Corp.",
      "permalink": "ahiku-corp"}},
   {"id": 8921,
    "description": "Broadcasting- GM DAEWOO Alpheon launching show live.",
    "stoned_year": 2010,
    "stoned_month": 8,
    "stoned_day": 31,
    "source_url": "http://blog.gmdaewoo.co.kr/1019",
    "source_text": null,
    "source_description": "",
    "stoneable_type": "Company",
    "stoned_value": null,
    "stoned_value_type": null,
    "stoned_acquirer": null,
    "stoneable":
     {"name": "AHIKU Corp.",
      "permalink": "ahiku-corp"}},
   {"id": 8922,
    "description": "Hired new interns for PR/Operation Team and Camera Team. Also hired Story Teller",
    "stoned_year": 2010,
    "stoned_month": 9,
    "stoned_day": 1,
    "source_url": "",
    "source_text": null,
    "source_description": "",
    "stoneable_type": "Company",
    "stoned_value": null,
    "stoned_value_type": null,
    "stoned_acquirer": null,
    "stoneable":
     {"name": "AHIKU Corp.",
      "permalink": "ahiku-corp"}},
   {"id": 8923,
    "description": "KIA Forte GDI Social Launching Show live.",
    "stoned_year": 2010,
    "stoned_month": 9,
    "stoned_day": 2,
    "source_url": "http://cizion.tistory.com/122",
    "source_text": null,
    "source_description": "",
    "stoneable_type": "Company",
    "stoned_value": null,
    "stoned_value_type": null,
    "stoned_acquirer": null,
    "stoneable":
     {"name": "AHIKU Corp.",
      "permalink": "ahiku-corp"}},
   {"id": 8924,
    "description": "KT corporation\u00e2\u20ac\u2122s recruitment briefing session live.",
    "stoned_year": 2010,
    "stoned_month": 9,
    "stoned_day": 7,
    "source_url": "",
    "source_text": null,
    "source_description": "",
    "stoneable_type": "Company",
    "stoned_value": null,
    "stoned_value_type": null,
    "stoned_acquirer": null,
    "stoneable":
     {"name": "AHIKU Corp.",
      "permalink": "ahiku-corp"}},
   {"id": 8925,
    "description": "Broadcasting- KT iPhone 4 launching show live.",
    "stoned_year": 2010,
    "stoned_month": 9,
    "stoned_day": 10,
    "source_url": "",
    "source_text": null,
    "source_description": "",
    "stoneable_type": "Company",
    "stoned_value": null,
    "stoned_value_type": null,
    "stoned_acquirer": null,
    "stoneable":
     {"name": "AHIKU Corp.",
      "permalink": "ahiku-corp"}},
   {"id": 8926,
    "description": "Broadcasting- KT\u0026G SangSang Madang 3rd anniversary live.",
    "stoned_year": 2010,
    "stoned_month": 9,
    "stoned_day": 11,
    "source_url": "",
    "source_text": null,
    "source_description": "",
    "stoneable_type": "Company",
    "stoned_value": null,
    "stoned_value_type": null,
    "stoned_acquirer": null,
    "stoneable":
     {"name": "AHIKU Corp.",
      "permalink": "ahiku-corp"}},
   {"id": 15408,
    "description": "Opened official Ollehonair service",
    "stoned_year": 2011,
    "stoned_month": 1,
    "stoned_day": null,
    "source_url": "",
    "source_text": null,
    "source_description": "",
    "stoneable_type": "Company",
    "stoned_value": null,
    "stoned_value_type": null,
    "stoned_acquirer": null,
    "stoneable":
     {"name": "AHIKU Corp.",
      "permalink": "ahiku-corp"}},
   {"id": 15410,
    "description": "Released the iPhone Viewing Application(ver. 1.0.0)   ",
    "stoned_year": 2011,
    "stoned_month": 3,
    "stoned_day": null,
    "source_url": "",
    "source_text": null,
    "source_description": "",
    "stoneable_type": "Company",
    "stoned_value": null,
    "stoned_value_type": null,
    "stoned_acquirer": null,
    "stoneable":
     {"name": "AHIKU Corp.",
      "permalink": "ahiku-corp"}},
   {"id": 15411,
    "description": "Broadcasting - The comedian, Mr. Choi started a Social Nationwide Tour, '24-hour Smartphone Live'    ",
    "stoned_year": 2011,
    "stoned_month": 3,
    "stoned_day": null,
    "source_url": "",
    "source_text": null,
    "source_description": "",
    "stoneable_type": "Company",
    "stoned_value": null,
    "stoned_value_type": null,
    "stoned_acquirer": null,
    "stoneable":
     {"name": "AHIKU Corp.",
      "permalink": "ahiku-corp"}},
   {"id": 15412,
    "description": "Broadcasting - [KBS \u00e2\u20ac\u2122Hello' Show] The first Broadcasting on-air through Ollehonair    ",
    "stoned_year": 2011,
    "stoned_month": 3,
    "stoned_day": null,
    "source_url": "",
    "source_text": null,
    "source_description": "",
    "stoneable_type": "Company",
    "stoned_value": null,
    "stoned_value_type": null,
    "stoned_acquirer": null,
    "stoneable":
     {"name": "AHIKU Corp.",
      "permalink": "ahiku-corp"}},
   {"id": 17403,
    "description": "Supported the Live Broadcasting about 'Plans about fair taxation and extermination of chronic tax dodgers' from the Office of the Prime Minister's Press Secretary",
    "stoned_year": 2011,
    "stoned_month": 4,
    "stoned_day": null,
    "source_url": "",
    "source_text": null,
    "source_description": "",
    "stoneable_type": "Company",
    "stoned_value": null,
    "stoned_value_type": null,
    "stoned_acquirer": null,
    "stoneable":
     {"name": "AHIKU Corp.",
      "permalink": "ahiku-corp"}},
   {"id": 17404,
    "description": "Supported the Enterprise Social Communication Summit 2011",
    "stoned_year": 2011,
    "stoned_month": 4,
    "stoned_day": null,
    "source_url": "",
    "source_text": null,
    "source_description": "",
    "stoneable_type": "Company",
    "stoned_value": null,
    "stoned_value_type": null,
    "stoned_acquirer": null,
    "stoneable":
     {"name": "AHIKU Corp.",
      "permalink": "ahiku-corp"}},
   {"id": 17406,
    "description": "Participated and Support Live Broadcasting of WORLD IT SHOW 2011",
    "stoned_year": 2011,
    "stoned_month": 5,
    "stoned_day": null,
    "source_url": "",
    "source_text": null,
    "source_description": "",
    "stoneable_type": "Company",
    "stoned_value": null,
    "stoned_value_type": null,
    "stoned_acquirer": null,
    "stoneable":
     {"name": "AHIKU Corp.",
      "permalink": "ahiku-corp"}},
   {"id": 17407,
    "description": "Supported Duo's Social Meeting",
    "stoned_year": 2011,
    "stoned_month": 5,
    "stoned_day": null,
    "source_url": "",
    "source_text": null,
    "source_description": "",
    "stoneable_type": "Company",
    "stoned_value": null,
    "stoned_value_type": null,
    "stoned_acquirer": null,
    "stoneable":
     {"name": "AHIKU Corp.",
      "permalink": "ahiku-corp"}}],
 "ipo": null,
 "video_embeds":
  [],
 "screenshots":
  [{"available_sizes":
     [[[150,
        84],
       "http://api-images.crunchbase.com/assets/images/resized/0013/8578/138578v2-max-150x150.png"],
      [[250,
        140],
       "http://api-images.crunchbase.com/assets/images/resized/0013/8578/138578v2-max-250x250.png"],
      [[450,
        253],
       "http://api-images.crunchbase.com/assets/images/resized/0013/8578/138578v2-max-450x450.png"]],
    "attribution": null},
   {"available_sizes":
     [[[150,
        89],
       "http://api-images.crunchbase.com/assets/images/resized/0014/9992/149992v4-max-150x150.png"],
      [[250,
        148],
       "http://api-images.crunchbase.com/assets/images/resized/0014/9992/149992v4-max-250x250.png"],
      [[450,
        267],
       "http://api-images.crunchbase.com/assets/images/resized/0014/9992/149992v4-max-450x450.png"]],
    "attribution": null},
   {"available_sizes":
     [[[150,
        99],
       "http://api-images.crunchbase.com/assets/images/resized/0015/1170/151170v2-max-150x150.jpg"],
      [[250,
        166],
       "http://api-images.crunchbase.com/assets/images/resized/0015/1170/151170v2-max-250x250.jpg"],
      [[450,
        299],
       "http://api-images.crunchbase.com/assets/images/resized/0015/1170/151170v2-max-450x450.jpg"]],
    "attribution": null},
   {"available_sizes":
     [[[100,
        150],
       "http://api-images.crunchbase.com/assets/images/resized/0015/1171/151171v2-max-150x150.jpg"],
      [[166,
        250],
       "http://api-images.crunchbase.com/assets/images/resized/0015/1171/151171v2-max-250x250.jpg"],
      [[300,
        450],
       "http://api-images.crunchbase.com/assets/images/resized/0015/1171/151171v2-max-450x450.jpg"]],
    "attribution": null},
   {"available_sizes":
     [[[150,
        59],
       "http://api-images.crunchbase.com/assets/images/resized/0015/1223/151223v2-max-150x150.png"],
      [[250,
        98],
       "http://api-images.crunchbase.com/assets/images/resized/0015/1223/151223v2-max-250x250.png"],
      [[450,
        177],
       "http://api-images.crunchbase.com/assets/images/resized/0015/1223/151223v2-max-450x450.png"]],
    "attribution": null},
   {"available_sizes":
     [[[150,
        57],
       "http://api-images.crunchbase.com/assets/images/resized/0015/1224/151224v2-max-150x150.png"],
      [[250,
        95],
       "http://api-images.crunchbase.com/assets/images/resized/0015/1224/151224v2-max-250x250.png"],
      [[450,
        172],
       "http://api-images.crunchbase.com/assets/images/resized/0015/1224/151224v2-max-450x450.png"]],
    "attribution": null},
   {"available_sizes":
     [[[150,
        53],
       "http://api-images.crunchbase.com/assets/images/resized/0015/1225/151225v2-max-150x150.png"],
      [[250,
        88],
       "http://api-images.crunchbase.com/assets/images/resized/0015/1225/151225v2-max-250x250.png"],
      [[450,
        159],
       "http://api-images.crunchbase.com/assets/images/resized/0015/1225/151225v2-max-450x450.png"]],
    "attribution": null},
   {"available_sizes":
     [[[150,
        91],
       "http://api-images.crunchbase.com/assets/images/resized/0015/1226/151226v2-max-150x150.png"],
      [[250,
        151],
       "http://api-images.crunchbase.com/assets/images/resized/0015/1226/151226v2-max-250x250.png"],
      [[450,
        273],
       "http://api-images.crunchbase.com/assets/images/resized/0015/1226/151226v2-max-450x450.png"]],
    "attribution": null},
   {"available_sizes":
     [[[150,
        66],
       "http://api-images.crunchbase.com/assets/images/resized/0015/1234/151234v2-max-150x150.png"],
      [[250,
        111],
       "http://api-images.crunchbase.com/assets/images/resized/0015/1234/151234v2-max-250x250.png"],
      [[450,
        200],
       "http://api-images.crunchbase.com/assets/images/resized/0015/1234/151234v2-max-450x450.png"]],
    "attribution": null},
   {"available_sizes":
     [[[150,
        66],
       "http://api-images.crunchbase.com/assets/images/resized/0015/1235/151235v2-max-150x150.png"],
      [[250,
        111],
       "http://api-images.crunchbase.com/assets/images/resized/0015/1235/151235v2-max-250x250.png"],
      [[450,
        200],
       "http://api-images.crunchbase.com/assets/images/resized/0015/1235/151235v2-max-450x450.png"]],
    "attribution": null},
   {"available_sizes":
     [[[150,
        66],
       "http://api-images.crunchbase.com/assets/images/resized/0015/1784/151784v2-max-150x150.png"],
      [[250,
        111],
       "http://api-images.crunchbase.com/assets/images/resized/0015/1784/151784v2-max-250x250.png"],
      [[450,
        200],
       "http://api-images.crunchbase.com/assets/images/resized/0015/1784/151784v2-max-450x450.png"]],
    "attribution": null},
   {"available_sizes":
     [[[128,
        150],
       "http://api-images.crunchbase.com/assets/images/resized/0015/1785/151785v2-max-150x150.jpg"],
      [[214,
        250],
       "http://api-images.crunchbase.com/assets/images/resized/0015/1785/151785v2-max-250x250.jpg"],
      [[386,
        450],
       "http://api-images.crunchbase.com/assets/images/resized/0015/1785/151785v2-max-450x450.jpg"]],
    "attribution": null},
   {"available_sizes":
     [[[150,
        66],
       "http://api-images.crunchbase.com/assets/images/resized/0015/1786/151786v2-max-150x150.png"],
      [[250,
        111],
       "http://api-images.crunchbase.com/assets/images/resized/0015/1786/151786v2-max-250x250.png"],
      [[450,
        200],
       "http://api-images.crunchbase.com/assets/images/resized/0015/1786/151786v2-max-450x450.png"]],
    "attribution": null},
   {"available_sizes":
     [[[150,
        66],
       "http://api-images.crunchbase.com/assets/images/resized/0015/1787/151787v2-max-150x150.png"],
      [[250,
        111],
       "http://api-images.crunchbase.com/assets/images/resized/0015/1787/151787v2-max-250x250.png"],
      [[450,
        200],
       "http://api-images.crunchbase.com/assets/images/resized/0015/1787/151787v2-max-450x450.png"]],
    "attribution": null},
   {"available_sizes":
     [[[150,
        84],
       "http://api-images.crunchbase.com/assets/images/resized/0015/1788/151788v2-max-150x150.jpg"],
      [[250,
        140],
       "http://api-images.crunchbase.com/assets/images/resized/0015/1788/151788v2-max-250x250.jpg"],
      [[450,
        253],
       "http://api-images.crunchbase.com/assets/images/resized/0015/1788/151788v2-max-450x450.jpg"]],
    "attribution": null},
   {"available_sizes":
     [[[100,
        150],
       "http://api-images.crunchbase.com/assets/images/resized/0015/1789/151789v2-max-150x150.jpg"],
      [[166,
        250],
       "http://api-images.crunchbase.com/assets/images/resized/0015/1789/151789v2-max-250x250.jpg"],
      [[300,
        450],
       "http://api-images.crunchbase.com/assets/images/resized/0015/1789/151789v2-max-450x450.jpg"]],
    "attribution": null},
   {"available_sizes":
     [[[150,
        57],
       "http://api-images.crunchbase.com/assets/images/resized/0015/1790/151790v2-max-150x150.png"],
      [[250,
        95],
       "http://api-images.crunchbase.com/assets/images/resized/0015/1790/151790v2-max-250x250.png"],
      [[450,
        172],
       "http://api-images.crunchbase.com/assets/images/resized/0015/1790/151790v2-max-450x450.png"]],
    "attribution": null},
   {"available_sizes":
     [[[150,
        59],
       "http://api-images.crunchbase.com/assets/images/resized/0015/1791/151791v2-max-150x150.png"],
      [[250,
        98],
       "http://api-images.crunchbase.com/assets/images/resized/0015/1791/151791v2-max-250x250.png"],
      [[450,
        177],
       "http://api-images.crunchbase.com/assets/images/resized/0015/1791/151791v2-max-450x450.png"]],
    "attribution": null},
   {"available_sizes":
     [[[100,
        150],
       "http://api-images.crunchbase.com/assets/images/resized/0019/9810/199810v2-max-150x150.png"],
      [[166,
        250],
       "http://api-images.crunchbase.com/assets/images/resized/0019/9810/199810v2-max-250x250.png"],
      [[300,
        450],
       "http://api-images.crunchbase.com/assets/images/resized/0019/9810/199810v2-max-450x450.png"]],
    "attribution": null},
   {"available_sizes":
     [[[150,
        99],
       "http://api-images.crunchbase.com/assets/images/resized/0043/5482/435482v1-max-150x150.png"],
      [[250,
        166],
       "http://api-images.crunchbase.com/assets/images/resized/0043/5482/435482v1-max-250x250.png"],
      [[397,
        264],
       "http://api-images.crunchbase.com/assets/images/resized/0043/5482/435482v1-max-450x450.png"]],
    "attribution": null}],
 "external_links":
  [{"external_url": "http://www.venturesquare.net/1162",
    "title": "[\uae30\uc5c5 \ubb38\ud654\uac00 \ubcc0\ud558\uace0 \uc788\ub2e4! (3)] On-Air Your Life, \uc544\uc774\ucfe0"},
   {"external_url": "http://www.etnews.com/201208090367",
    "title": "\uc544\uc774\ucfe0, \ub098\ub9cc\uc758 \ub3d9\uc601\uc0c1 \uc0c9\uae54 \uc785\ud788\uc138\uc694"}],
 "partners":
  [{"partner_name": "rocket_punch",
    "homepage_url": "unknown",
    "link_1_url": "http://rocketpun.ch/company/ahiku",
    "link_2_url": null,
    "link_3_url": null,
    "link_1_name": "rocket_punch Page",
    "link_2_name": null,
    "link_3_name": null}]}
