{"name": "Aida",
 "permalink": "aida",
 "crunchbase_url": "http://www.crunchbase.com/company/aida",
 "homepage_url": null,
 "blog_url": null,
 "blog_feed_url": null,
 "twitter_username": null,
 "category_code": null,
 "number_of_employees": null,
 "founded_year": null,
 "founded_month": null,
 "founded_day": null,
 "deadpooled_year": null,
 "deadpooled_month": null,
 "deadpooled_day": null,
 "deadpooled_url": null,
 "tag_list": null,
 "alias_list": null,
 "email_address": null,
 "phone_number": null,
 "description": null,
 "created_at": "Wed Mar 10 13:39:57 UTC 2010",
 "updated_at": "Wed Oct 13 01:56:46 UTC 2010",
 "overview": null,
 "image":
  {"available_sizes":
    [[[104,
       150],
      "http://api-images.crunchbase.com/assets/images/resized/0010/5106/105106v2-max-150x150.jpg"],
     [[173,
       250],
      "http://api-images.crunchbase.com/assets/images/resized/0010/5106/105106v2-max-250x250.jpg"],
     [[312,
       450],
      "http://api-images.crunchbase.com/assets/images/resized/0010/5106/105106v2-max-450x450.jpg"]],
   "attribution": null},
 "products":
  [],
 "relationships":
  [{"is_past": true,
    "title": "Mgr Tech Support",
    "person":
     {"first_name": "Steve",
      "last_name": "Yankovich",
      "permalink": "steve-yankovich"}}],
 "competitions":
  [],
 "providerships":
  [],
 "total_money_raised": "$0",
 "funding_rounds":
  [],
 "investments":
  [],
 "acquisition": null,
 "acquisitions":
  [],
 "offices":
  [],
 "milestones":
  [],
 "ipo": null,
 "video_embeds":
  [],
 "screenshots":
  [],
 "external_links":
  [],
 "partners":
  []}
