{"name": "aiMatch",
 "permalink": "aimatch",
 "crunchbase_url": "http://www.crunchbase.com/company/aimatch",
 "homepage_url": "http://www.aimatch.com",
 "blog_url": "",
 "blog_feed_url": "",
 "twitter_username": "aimatch",
 "category_code": "advertising",
 "number_of_employees": 21,
 "founded_year": 2009,
 "founded_month": null,
 "founded_day": null,
 "deadpooled_year": null,
 "deadpooled_month": null,
 "deadpooled_day": null,
 "deadpooled_url": null,
 "tag_list": "online-ad-serving, online-advertising, online-publishers, premium-display-inventory, premium-online--display-inventory, ad-serving-technology, ad-server-website, serve-banner-ads",
 "alias_list": "",
 "email_address": "sales@aimatch.com",
 "phone_number": "919.926.1775",
 "description": "Online advertising technology",
 "created_at": "Mon Mar 15 15:08:31 UTC 2010",
 "updated_at": "Sun Aug 28 02:19:57 UTC 2011",
 "overview": "\u003Cp\u003EaiMatch is an intelligent ad serving platform that aggregates all of your data sets and includes smart forecasting and fulfillment tools, along with accurate business intelligence in one easy-to-use solution. Our advanced comprehensive web-based platform delivers the breakthrough data management, workflow, forecasting, fulfillment and analysis capabilities that today\u00e2\u20ac\u2122s publishers require to manage yield across video, mobile, display and all digital media.\u003C/p\u003E\n\n\u003Cp\u003EFast-paced technological changes and the rapid introduction of new media channels are changing the face of digital advertising \u00e2\u20ac\u201c and so is aiMatch. Much more than a traditional ad server, aiMatch delivers Advertising Intelligence that raises the bar accurately determining the amount of inventory available in each and every placement. It proactively identifies where the most availability exists by product, placement and/or revenue, including insight into who has purchased the inventory before. aiMatch makes it easy to monitor sales performance, test decisions before you make them and maximize the value of your audience and content.\u003C/p\u003E\n\n\u003Cp\u003EaiMatch is committed to rapid development and continuous deployment by releasing enhancements and features that are inspired by customer needs.  We\u00e2\u20ac\u2122re innovating as fast as you are.\u003C/p\u003E\n\n\u003Cp\u003EFor more information, go to www.aimatch.com\u003C/p\u003E",
 "image":
  {"available_sizes":
    [[[150,
       55],
      "http://api-images.crunchbase.com/assets/images/resized/0008/0392/80392v1-max-150x150.png"],
     [[199,
       73],
      "http://api-images.crunchbase.com/assets/images/resized/0008/0392/80392v1-max-250x250.png"],
     [[199,
       73],
      "http://api-images.crunchbase.com/assets/images/resized/0008/0392/80392v1-max-450x450.png"]],
   "attribution": null},
 "products":
  [],
 "relationships":
  [{"is_past": false,
    "title": "CTO",
    "person":
     {"first_name": "Guy",
      "last_name": "Taylor",
      "permalink": "guy-taylor"}},
   {"is_past": false,
    "title": "VP of Sales",
    "person":
     {"first_name": "Chris",
      "last_name": "Hanburger",
      "permalink": "chris-hanburger"}},
   {"is_past": false,
    "title": "CVO",
    "person":
     {"first_name": "Ryan",
      "last_name": "Treichler",
      "permalink": "ryan-treichler"}},
   {"is_past": true,
    "title": "CEO",
    "person":
     {"first_name": "Jeff",
      "last_name": "Wood",
      "permalink": "jeff-wood"}},
   {"is_past": true,
    "title": "General Manager, EMEA",
    "person":
     {"first_name": "Steve",
      "last_name": "Perks",
      "permalink": "steve-perks"}}],
 "competitions":
  [],
 "providerships":
  [],
 "total_money_raised": "$0",
 "funding_rounds":
  [],
 "investments":
  [],
 "acquisition": null,
 "acquisitions":
  [],
 "offices":
  [{"description": "Headquarters",
    "address1": "4601 Six Forks Road",
    "address2": "S",
    "zip_code": "27609",
    "city": "Raleigh",
    "state_code": "NC",
    "country_code": "USA",
    "latitude": null,
    "longitude": null},
   {"description": "London Office",
    "address1": "85 Tottenham Court Road",
    "address2": "",
    "zip_code": "W1T 4TQ",
    "city": "London",
    "state_code": null,
    "country_code": "GBR",
    "latitude": null,
    "longitude": null}],
 "milestones":
  [],
 "ipo": null,
 "video_embeds":
  [],
 "screenshots":
  [],
 "external_links":
  [],
 "partners":
  []}
