{"name": "AIP UniPHY",
 "permalink": "aip-uniphy",
 "crunchbase_url": "http://www.crunchbase.com/company/aip-uniphy",
 "homepage_url": "http://www.aipuniphy.org",
 "blog_url": "http://www.aipuniphy.org/BloggingPlugin/Pages/BlogPage.aspx",
 "blog_feed_url": "",
 "twitter_username": null,
 "category_code": "other",
 "number_of_employees": null,
 "founded_year": 2009,
 "founded_month": 9,
 "founded_day": 9,
 "deadpooled_year": null,
 "deadpooled_month": null,
 "deadpooled_day": null,
 "deadpooled_url": null,
 "tag_list": "social-networking, scientific-social-networking, researcher, scientific, networking",
 "alias_list": null,
 "email_address": "uniphyinfo@aipuniphy.org",
 "phone_number": "516-576-2200",
 "description": "Scientific Social Networking",
 "created_at": "Mon Jul 12 18:34:10 UTC 2010",
 "updated_at": "Tue Jul 20 20:25:45 UTC 2010",
 "overview": "\u003Cp\u003EAIP UniPHY is a scientific social and professional network designed to enhance and accelerate the collaborative process among physical science researchers.\u003C/p\u003E\n\n\u003Cp\u003EAIP UniPHY is the world\u0026#8217;s first literature-based professional social networking site for physical scientists.  The site allows physicists, engineers, and other scientists to directly connect with and explore their professional contacts and to identify researchers with the expertise needed for future collaborations.\u003C/p\u003E\n\n\u003Cp\u003EAIP UniPHY includes publications in the SPIN (Searchable Physics Information Notices) database (click here for the publications list), and is powered by Collexis\u00e2\u20ac\u2122 proprietary Fingerprinting semantic technology, which enables fast and accurate knowledge retrieval and discovery, empowering individuals to search for and identify documents, researchers, trends, and new discoveries more quickly, precisely, and thoroughly than ever before. UniPHY provides intuitive interfaces for researchers to network and share data - all with the goal of advancing physics research worldwide.\u003C/p\u003E",
 "image": null,
 "products":
  [],
 "relationships":
  [{"is_past": true,
    "title": "Information Specialist",
    "person":
     {"first_name": "Ellen",
      "last_name": "Gerstein",
      "permalink": "ellen-gerstein"}}],
 "competitions":
  [],
 "providerships":
  [],
 "total_money_raised": "$0",
 "funding_rounds":
  [],
 "investments":
  [],
 "acquisition": null,
 "acquisitions":
  [],
 "offices":
  [],
 "milestones":
  [],
 "ipo": null,
 "video_embeds":
  [],
 "screenshots":
  [],
 "external_links":
  [{"external_url": "http://www.aipuniphy.org",
    "title": ""}],
 "partners":
  []}
