{"name": "AirInSpace",
 "permalink": "airinspace",
 "crunchbase_url": "http://www.crunchbase.com/company/airinspace",
 "homepage_url": "http://www.airinspace.com",
 "blog_url": "",
 "blog_feed_url": "",
 "twitter_username": null,
 "category_code": "manufacturing",
 "number_of_employees": null,
 "founded_year": null,
 "founded_month": null,
 "founded_day": null,
 "deadpooled_year": null,
 "deadpooled_month": null,
 "deadpooled_day": null,
 "deadpooled_url": null,
 "tag_list": "air-safety, air-purifier, biotech",
 "alias_list": "",
 "email_address": "",
 "phone_number": "31-15-2600-930",
 "description": "",
 "created_at": "Tue Mar 16 04:28:27 UTC 2010",
 "updated_at": "Fri Jun 03 18:11:54 UTC 2011",
 "overview": "\u003Cp\u003EAirInSpace develops, manufactures and distributes mobile and in-duct air purifier / recirculating air cleaner devices for the healthcare market, aerospace aviation and industry. The HEPA-MD\u00e2\u201e\u00a2 reactor system used in plasmair T2006 and immunair\u00e2\u201e\u00a2 are effective in filtering out and inactivating a wide range of airborne biological particles. Since 2005, over 350 devices have been in use worldwide at over 100 hospitals. This identical technology is currently used on the International Space Station (ISS) to protect astronauts and equipment. AirInSpace is a ISO 9001 certified manufacturing facility.\u003C/p\u003E",
 "image":
  {"available_sizes":
    [[[150,
       92],
      "http://api-images.crunchbase.com/assets/images/resized/0008/0476/80476v1-max-150x150.jpg"],
     [[179,
       110],
      "http://api-images.crunchbase.com/assets/images/resized/0008/0476/80476v1-max-250x250.jpg"],
     [[179,
       110],
      "http://api-images.crunchbase.com/assets/images/resized/0008/0476/80476v1-max-450x450.jpg"]],
   "attribution": null},
 "products":
  [],
 "relationships":
  [],
 "competitions":
  [],
 "providerships":
  [],
 "total_money_raised": "$8.5M",
 "funding_rounds":
  [{"id": 13066,
    "round_code": "b",
    "source_url": "http://www.matinvest.com/content/view/103/59/lang,fr/",
    "source_description": "AirInSpace raises $8.5 million",
    "raised_amount": 8500000.0,
    "raised_currency_code": "USD",
    "funded_year": 2007,
    "funded_month": 10,
    "funded_day": 8,
    "investments":
     [{"company": null,
       "financial_org":
        {"name": "Matignon Investissement \u0026 Gestion",
         "permalink": "matignon-investissement-gestion"},
       "person": null},
      {"company": null,
       "financial_org":
        {"name": "Oddo Asset Management",
         "permalink": "oddo-asset-management"},
       "person": null}]}],
 "investments":
  [],
 "acquisition": null,
 "acquisitions":
  [],
 "offices":
  [{"description": "",
    "address1": "Delftech Park 26",
    "address2": "2628 XH Delft",
    "zip_code": "",
    "city": "",
    "state_code": null,
    "country_code": "NLD",
    "latitude": null,
    "longitude": null}],
 "milestones":
  [],
 "ipo": null,
 "video_embeds":
  [],
 "screenshots":
  [{"available_sizes":
     [[[150,
        109],
       "http://api-images.crunchbase.com/assets/images/resized/0008/0477/80477v1-max-150x150.jpg"],
      [[250,
        182],
       "http://api-images.crunchbase.com/assets/images/resized/0008/0477/80477v1-max-250x250.jpg"],
      [[450,
        328],
       "http://api-images.crunchbase.com/assets/images/resized/0008/0477/80477v1-max-450x450.jpg"]],
    "attribution": null}],
 "external_links":
  [],
 "partners":
  []}
