{"name": "Airstrip Technologies",
 "permalink": "airstrip-technologies",
 "crunchbase_url": "http://www.crunchbase.com/company/airstrip-technologies",
 "homepage_url": "http://www.airstriptech.com",
 "blog_url": "",
 "blog_feed_url": "",
 "twitter_username": "AirStripmHealth",
 "category_code": "medical",
 "number_of_employees": null,
 "founded_year": 2004,
 "founded_month": null,
 "founded_day": null,
 "deadpooled_year": null,
 "deadpooled_month": null,
 "deadpooled_day": null,
 "deadpooled_url": null,
 "tag_list": "",
 "alias_list": "",
 "email_address": "info@airstriptech.com",
 "phone_number": "(210) 805-0444",
 "description": "Med Tech",
 "created_at": "Tue Aug 17 19:41:47 UTC 2010",
 "updated_at": "Thu Aug 08 11:47:24 UTC 2013",
 "overview": "\u003Cp\u003EThe AirStrip Technologies platform securely delivers critical patient information, including virtual real-time waveform data, directly from hospital monitoring systems to a doctor or nurse\u00e2\u20ac\u2122s smart phone, laptop or desktop. The platform is completely reusable, scalable and data independent, and can be employed throughout the healthcare enterprise. \u003C/p\u003E",
 "image":
  {"available_sizes":
    [[[150,
       36],
      "http://api-images.crunchbase.com/assets/images/resized/0009/8198/98198v1-max-150x150.jpg"],
     [[228,
       55],
      "http://api-images.crunchbase.com/assets/images/resized/0009/8198/98198v1-max-250x250.jpg"],
     [[228,
       55],
      "http://api-images.crunchbase.com/assets/images/resized/0009/8198/98198v1-max-450x450.jpg"]],
   "attribution": null},
 "products":
  [],
 "relationships":
  [{"is_past": false,
    "title": "Chairman",
    "person":
     {"first_name": "Todd",
      "last_name": "Cozzens",
      "permalink": "todd-cozzens"}},
   {"is_past": false,
    "title": "President, CMO and Co-Founder",
    "person":
     {"first_name": "William",
      "last_name": "Cameron Powell",
      "permalink": "william-cameron-powell"}},
   {"is_past": false,
    "title": "CEO and Board Member",
    "person":
     {"first_name": "Alan",
      "last_name": "Portela",
      "permalink": "alan-portela"}},
   {"is_past": false,
    "title": "Chief Client Operations Officer",
    "person":
     {"first_name": "Donna",
      "last_name": "Morrow",
      "permalink": "donna-morrow"}},
   {"is_past": false,
    "title": "Chief Commercialization Officer",
    "person":
     {"first_name": "Lori",
      "last_name": "M.Jones",
      "permalink": "lori-m-jones"}},
   {"is_past": false,
    "title": "CFO",
    "person":
     {"first_name": "Angela",
      "last_name": "Pierce",
      "permalink": "angela-pierce"}},
   {"is_past": false,
    "title": "Senior VP, Platform and Technical Strategy",
    "person":
     {"first_name": "Dan",
      "last_name": "Blake",
      "permalink": "dan-blake"}},
   {"is_past": false,
    "title": "Senior Vice President, Analytics",
    "person":
     {"first_name": "Nancy",
      "last_name": "Hudecek",
      "permalink": "nancy-hudecek"}},
   {"is_past": false,
    "title": "Board Member",
    "person":
     {"first_name": "Scott",
      "last_name": "Carter",
      "permalink": "scott-carter"}},
   {"is_past": false,
    "title": "Board Member",
    "person":
     {"first_name": "Michael",
      "last_name": "Dixon",
      "permalink": "michael-dixon"}},
   {"is_past": false,
    "title": "Board of Advisors",
    "person":
     {"first_name": "Bruce",
      "last_name": "Brandes",
      "permalink": "bruce-brandes"}},
   {"is_past": false,
    "title": "Advisor",
    "person":
     {"first_name": "Gene",
      "last_name": "Powell",
      "permalink": "gene-powell"}},
   {"is_past": false,
    "title": "Board of Director",
    "person":
     {"first_name": "Bill",
      "last_name": "Miller",
      "permalink": "bill-miller"}},
   {"is_past": false,
    "title": "CTO, Co-Founder",
    "person":
     {"first_name": "Stephen",
      "last_name": "(Trey) Moore",
      "permalink": "stephen-trey-moore"}},
   {"is_past": false,
    "title": "Chief Transformation Officer",
    "person":
     {"first_name": "Matt",
      "last_name": "Patterson",
      "permalink": "matt-patterson"}},
   {"is_past": false,
    "title": "SVP Business Development",
    "person":
     {"first_name": "Rudy",
      "last_name": "Watkins",
      "permalink": "rudy-watkins"}},
   {"is_past": false,
    "title": "Board of Director",
    "person":
     {"first_name": "Keith",
      "last_name": "Pitts",
      "permalink": "keith-pitts"}},
   {"is_past": false,
    "title": "Board Director",
    "person":
     {"first_name": "Keith",
      "last_name": "B. Pitts",
      "permalink": "keith-b-pitts"}},
   {"is_past": true,
    "title": "Chief Strategy Officer",
    "person":
     {"first_name": "Bruce",
      "last_name": "Brandes",
      "permalink": "bruce-brandes"}},
   {"is_past": true,
    "title": "Area Vice President",
    "person":
     {"first_name": "Bruce",
      "last_name": "Diamond",
      "permalink": "bruce-diamond"}}],
 "competitions":
  [],
 "providerships":
  [],
 "total_money_raised": "$40M",
 "funding_rounds":
  [{"id": 17761,
    "round_code": "unattributed",
    "source_url": "https://www.fis.dowjones.com/article.aspx?ProductIDFromApplication=32\u0026aid=DJFVW00020100823e68o0012x\u0026r=Rss\u0026s=DJFVW",
    "source_description": "Medical Software Maker AirStrip Banks $30M",
    "raised_amount": 30000000.0,
    "raised_currency_code": "USD",
    "funded_year": 2010,
    "funded_month": 8,
    "funded_day": 24,
    "investments":
     [{"company": null,
       "financial_org":
        {"name": "Sequoia Capital",
         "permalink": "sequoia-capital"},
       "person": null}]},
   {"id": 28092,
    "round_code": "unattributed",
    "source_url": "http://www.freshnews.com/news/609124/airstrip-technologies-announces-investment-qualcomm",
    "source_description": "AirStrip Technologies Announces Investment from Qualcomm",
    "raised_amount": null,
    "raised_currency_code": null,
    "funded_year": 2012,
    "funded_month": 2,
    "funded_day": 9,
    "investments":
     [{"company":
        {"name": "Qualcomm",
         "permalink": "qualcomm"},
       "financial_org": null,
       "person": null}]},
   {"id": 33239,
    "round_code": "unattributed",
    "source_url": "http://pevc.dowjones.com/article?an=DJFVW00020121016e8ags0xpj\u0026from=alert\u0026pid=32\u0026ReturnUrl=http%3a%2f%2fpevc.dowjones.com%3a80%2farticle%3fan%3dDJFVW00020121016e8ags0xpj%26from%3dalert%26pid%3d32",
    "source_description": "AirStrip Technologies Secures More Than $10M From Wellcome Trust",
    "raised_amount": 10000000.0,
    "raised_currency_code": "USD",
    "funded_year": 2012,
    "funded_month": 10,
    "funded_day": 16,
    "investments":
     [{"company": null,
       "financial_org":
        {"name": "Wellcome Trust",
         "permalink": "wellcome-trust"},
       "person": null}]}],
 "investments":
  [],
 "acquisition": null,
 "acquisitions":
  [],
 "offices":
  [{"description": "",
    "address1": "3303 Oakwell Court, Suite 120",
    "address2": "",
    "zip_code": "78218",
    "city": "San Antonio",
    "state_code": "TX",
    "country_code": "USA",
    "latitude": null,
    "longitude": null}],
 "milestones":
  [],
 "ipo": null,
 "video_embeds":
  [],
 "screenshots":
  [{"available_sizes":
     [[[80,
        150],
       "http://api-images.crunchbase.com/assets/images/resized/0009/8200/98200v1-max-150x150.png"],
      [[133,
        250],
       "http://api-images.crunchbase.com/assets/images/resized/0009/8200/98200v1-max-250x250.png"],
      [[240,
        450],
       "http://api-images.crunchbase.com/assets/images/resized/0009/8200/98200v1-max-450x450.png"]],
    "attribution": null}],
 "external_links":
  [],
 "partners":
  []}
