{"name": "AirTurn",
 "permalink": "airturn",
 "crunchbase_url": "http://www.crunchbase.com/company/airturn",
 "homepage_url": "http://airturn.com",
 "blog_url": "http://airturn.com/news/blog",
 "blog_feed_url": "http://feeds2.feedburner.com/AirturnAirs",
 "twitter_username": "airturn",
 "category_code": "hardware",
 "number_of_employees": 3,
 "founded_year": 2008,
 "founded_month": 12,
 "founded_day": 1,
 "deadpooled_year": null,
 "deadpooled_month": null,
 "deadpooled_day": null,
 "deadpooled_url": null,
 "tag_list": "page-turner, hands-free-page-turner, page-turning-footswitch, page-turning-pedal, digital-sheet-music, digital-music-reader, digital-sheet-music-reader, sheet-music",
 "alias_list": null,
 "email_address": "info@airturn.com",
 "phone_number": "720-381-1706",
 "description": "Music Reading Technologies",
 "created_at": "Wed Jul 21 11:51:38 UTC 2010",
 "updated_at": "Wed Jul 21 21:10:51 UTC 2010",
 "overview": "\u003Cp\u003EAirTurn, Inc., a Boulder, Colorado based company, creates and markets technologies to enhance the study, practice and performance of music. Airturn was formed in 2008. Its co-founder and VP of Communications, Hugh Sung, is also a professional pianist on the faculty of the world-renowned Curtis Institute of Music and one of the most sought-after collaborative pianists in the classical music field.\u003C/p\u003E\n\n\u003Cp\u003ECo-Founder and CEO Lester Karplus has had 35 years experience in product development and building companies around those products. He is also an amateur musician playing keyboard and clarinet.\nLester sees digital music reading as an important evolution, moving away from paper. When coupled with the benefit of a simple page turning device, it is technology that will profoundly improve the lives of every musician.\u003C/p\u003E",
 "image": null,
 "products":
  [],
 "relationships":
  [{"is_past": false,
    "title": "CEO",
    "person":
     {"first_name": "Lester",
      "last_name": "Karplus",
      "permalink": "lester-karplus"}},
   {"is_past": false,
    "title": "VP of Communications",
    "person":
     {"first_name": "Hugh",
      "last_name": "Sung",
      "permalink": "hugh-sung"}}],
 "competitions":
  [],
 "providerships":
  [],
 "total_money_raised": "$0",
 "funding_rounds":
  [],
 "investments":
  [],
 "acquisition": null,
 "acquisitions":
  [],
 "offices":
  [{"description": "AirTurn, Inc.",
    "address1": "2525 Arapahoe Ave. E4-451",
    "address2": "",
    "zip_code": "80302",
    "city": "Boulder",
    "state_code": "CO",
    "country_code": "USA",
    "latitude": null,
    "longitude": null}],
 "milestones":
  [],
 "ipo": null,
 "video_embeds":
  [],
 "screenshots":
  [{"available_sizes":
     [[[150,
        146],
       "http://api-images.crunchbase.com/assets/images/resized/0009/4433/94433v2-max-150x150.jpg"],
      [[250,
        244],
       "http://api-images.crunchbase.com/assets/images/resized/0009/4433/94433v2-max-250x250.jpg"],
      [[450,
        439],
       "http://api-images.crunchbase.com/assets/images/resized/0009/4433/94433v2-max-450x450.jpg"]],
    "attribution": null}],
 "external_links":
  [{"external_url": "http://www.engadget.com/2010/07/19/airturns-bt-105-footpedal-is-a-real-page-turner-video/",
    "title": "AirTurn's BT-105 footpedal is a real page turner"},
   {"external_url": "http://claviercompanion.com/sept-oct-09/technology",
    "title": "Technology Review: AirTurn AT-104 Wireless Page-Turner"}],
 "partners":
  []}
