{"name": "AirWatch",
 "permalink": "airwatch",
 "crunchbase_url": "http://www.crunchbase.com/company/airwatch",
 "homepage_url": "http://www.air-watch.com",
 "blog_url": "",
 "blog_feed_url": "",
 "twitter_username": "AirWatch",
 "category_code": "mobile",
 "number_of_employees": 1500,
 "founded_year": 2003,
 "founded_month": null,
 "founded_day": null,
 "deadpooled_year": null,
 "deadpooled_month": null,
 "deadpooled_day": null,
 "deadpooled_url": null,
 "tag_list": "mdm, mobile-device-management, mobile-content-management, mobile-email-management, airwatch",
 "alias_list": "",
 "email_address": "sales@air-watch.com",
 "phone_number": "866.501.7705",
 "description": "Enterprise Mobility Management",
 "created_at": "Fri Jun 04 17:11:51 UTC 2010",
 "updated_at": "Wed Apr 02 19:45:00 UTC 2014",
 "overview": "\u003Cp\u003EAirWatch is the leader in enterprise-grade Mobile Device Management, Mobile Application Management and Mobile Content Management solutions designed to simplify mobility. More than 8,000 customers across the world trust AirWatch to manage their most valuable assets: their mobile devices, including the apps and content on those devices. AirWatch solutions are comprehensive, built on a powerful yet easy to use platform by leaders in the mobile space.\u003C/p\u003E\n\n\u003Cp\u003EAirWatch was founded in 2003 by John Marshall. He believed mobile technology would completely revolutionize the way companies do business. His mission is to develop solutions that empower companies to focus on innovative uses of mobile technology rather than the complexities of managing mobility. Based in Atlanta with offices worldwide, AirWatch is privately held and financially backed by its executive team.\u003C/p\u003E\n\n\u003Cp\u003EAlan Dabbiere is the chairman of AirWatch, driving the company\u2019s vision, direction and growth plans. He joined Air-Watch in 2006. Mr. Dabbiere is also the president of AJD, LLC, a privately held investment company, and he serves on the Board of Directors of the Technology Association of Georgia (TAG). Prior to AirWatch, Dabbiere founded Manhattan Associates (NASDAQ:MANH), the world\u2019s leading supply-chain execution software company, where he served as president and chief executive officer from 1990 through the end of 1999. Following the company\u2019s successful initial public offering in 1998, he served as Manhattan Associates\u2019 chairman of the board of directors through 2003.\u003C/p\u003E",
 "image":
  {"available_sizes":
    [[[150,
       31],
      "http://api-images.crunchbase.com/assets/images/resized/0010/2684/102684v2-max-150x150.jpg"],
     [[250,
       52],
      "http://api-images.crunchbase.com/assets/images/resized/0010/2684/102684v2-max-250x250.jpg"],
     [[450,
       94],
      "http://api-images.crunchbase.com/assets/images/resized/0010/2684/102684v2-max-450x450.jpg"]],
   "attribution": null},
 "products":
  [],
 "relationships":
  [{"is_past": false,
    "title": "Chairman",
    "person":
     {"first_name": "Alan",
      "last_name": "Dabbiere",
      "permalink": "alan-dabbiere"}},
   {"is_past": false,
    "title": "Chief Executive Officer",
    "person":
     {"first_name": "John",
      "last_name": "Marshall",
      "permalink": "john-marshall-3"}},
   {"is_past": false,
    "title": "Chief Operating Officer",
    "person":
     {"first_name": "David",
      "last_name": "Dabbiere",
      "permalink": "david-dabbiere"}},
   {"is_past": false,
    "title": "Board Observer",
    "person":
     {"first_name": "Richard",
      "last_name": "Wells",
      "permalink": "richard-wells"}},
   {"is_past": false,
    "title": "Managing Director, EMEA",
    "person":
     {"first_name": "Ian",
      "last_name": "Evans",
      "permalink": "ian-evans"}},
   {"is_past": false,
    "title": "Board Member",
    "person":
     {"first_name": "Jeff",
      "last_name": "Horing",
      "permalink": "jeff-horing"}}],
 "competitions":
  [],
 "providerships":
  [],
 "total_money_raised": "$225M",
 "funding_rounds":
  [{"id": 35782,
    "round_code": "a",
    "source_url": "http://venturebeat.com/2013/02/24/airwatch-raises-200-million/",
    "source_description": "AirWatch raises $200M to help IT managers counter BYOD",
    "raised_amount": 200000000.0,
    "raised_currency_code": "USD",
    "funded_year": 2013,
    "funded_month": 2,
    "funded_day": 24,
    "investments":
     [{"company": null,
       "financial_org":
        {"name": "Insight Venture Partners",
         "permalink": "insight-venture-partners"},
       "person": null}]},
   {"id": 37935,
    "round_code": "a",
    "source_url": "http://techcrunch.com/2013/05/16/enterprise-mobility-upstart-airwatch-adds-25m-from-accel-to-take-its-series-a-total-to-225m-as-it-preps-for-acquisitions/",
    "source_description": "Enterprise Mobility, BYOD Startup AirWatch Adds $25M From Accel To Take Its Series A Total To $225M, As It Preps For Acquisitions",
    "raised_amount": 25000000.0,
    "raised_currency_code": "USD",
    "funded_year": 2013,
    "funded_month": 5,
    "funded_day": 16,
    "investments":
     [{"company": null,
       "financial_org":
        {"name": "Accel Partners",
         "permalink": "accel-partners"},
       "person": null}]}],
 "investments":
  [],
 "acquisition":
  {"price_amount": 1540000000.0,
   "price_currency_code": "USD",
   "term_code": "cash",
   "source_url": "http://www.reuters.com/article/2014/01/22/us-vmware-acquisition-idUSBREA0L0WY20140122",
   "source_description": "VMWare to buy mobile security firm AirWatch in $1.54 billion deal",
   "acquired_year": 2014,
   "acquired_month": 1,
   "acquired_day": 22,
   "acquiring_company":
    {"name": "VMware",
     "permalink": "vmware"}},
 "acquisitions":
  [],
 "offices":
  [{"description": "Atlanta Office",
    "address1": "1155 Perimeter Center West",
    "address2": "Suite 100",
    "zip_code": "30338",
    "city": "Atlanta",
    "state_code": "GA",
    "country_code": "USA",
    "latitude": null,
    "longitude": null}],
 "milestones":
  [],
 "ipo": null,
 "video_embeds":
  [],
 "screenshots":
  [{"available_sizes":
     [[[150,
        119],
       "http://api-images.crunchbase.com/assets/images/resized/0023/8021/238021v1-max-150x150.jpg"],
      [[250,
        199],
       "http://api-images.crunchbase.com/assets/images/resized/0023/8021/238021v1-max-250x250.jpg"],
      [[450,
        358],
       "http://api-images.crunchbase.com/assets/images/resized/0023/8021/238021v1-max-450x450.jpg"]],
    "attribution": null}],
 "external_links":
  [],
 "partners":
  []}
