{"name": "Airwide Solutions",
 "permalink": "airwide-solutions",
 "crunchbase_url": "http://www.crunchbase.com/company/airwide-solutions",
 "homepage_url": "http://www.airwidesolutions.com",
 "blog_url": "",
 "blog_feed_url": "",
 "twitter_username": null,
 "category_code": "software",
 "number_of_employees": null,
 "founded_year": 2004,
 "founded_month": null,
 "founded_day": null,
 "deadpooled_year": null,
 "deadpooled_month": null,
 "deadpooled_day": null,
 "deadpooled_url": null,
 "tag_list": "",
 "alias_list": "",
 "email_address": "info@airwidesolutions.com",
 "phone_number": "1-781-229-2406",
 "description": "",
 "created_at": "Mon May 10 08:42:13 UTC 2010",
 "updated_at": "Thu Feb 13 12:13:20 UTC 2014",
 "overview": "\u003Cp\u003EAirwide Solutions is a global leader in providing mobile infrastructure software to enable, enhance and ensure mobile communications for over 70 wireless operators worldwide. Airwide Solutions was founded in 2004 following the merger of Schlumberger Messaging Solutions (MSG) and Taral Networks. Airwide Solutions has a rich tradition of innovation; it sent the first commercial SMS (short message service) in 1992 and deployed the first A2P (application-to-person) MMS push gateway in 2004. Airwide Solutions has regional offices in England, Canada, India, Australia, Singapore and the United States.\u003C/p\u003E",
 "image":
  {"available_sizes":
    [[[150,
       71],
      "http://api-images.crunchbase.com/assets/images/resized/0008/6553/86553v1-max-150x150.jpg"],
     [[150,
       71],
      "http://api-images.crunchbase.com/assets/images/resized/0008/6553/86553v1-max-250x250.jpg"],
     [[150,
       71],
      "http://api-images.crunchbase.com/assets/images/resized/0008/6553/86553v1-max-450x450.jpg"]],
   "attribution": null},
 "products":
  [],
 "relationships":
  [{"is_past": false,
    "title": "Board Member",
    "person":
     {"first_name": "Louis",
      "last_name": "J. Volpe",
      "permalink": "louis-j-volpe"}},
   {"is_past": true,
    "title": "Board Member",
    "person":
     {"first_name": "Vinit",
      "last_name": "Nijhawan",
      "permalink": "vinit-nijhawan"}},
   {"is_past": true,
    "title": "Senior Positions",
    "person":
     {"first_name": "Steve",
      "last_name": "Summers",
      "permalink": "steve-summers"}}],
 "competitions":
  [],
 "providerships":
  [],
 "total_money_raised": "$32.6M",
 "funding_rounds":
  [{"id": 15419,
    "round_code": "d",
    "source_url": "http://www.airwidesolutions.com/press2006/jan2506.html",
    "source_description": "Airwide Solutions Secures $25 Million in Financing - To Address Emerging Opportunities in Mobile Communications",
    "raised_amount": 25000000.0,
    "raised_currency_code": "USD",
    "funded_year": 2006,
    "funded_month": 1,
    "funded_day": 25,
    "investments":
     [{"company": null,
       "financial_org":
        {"name": "Advent International",
         "permalink": "advent-international"},
       "person": null},
      {"company": null,
       "financial_org":
        {"name": "Artiman Ventures",
         "permalink": "artiman-ventures"},
       "person": null},
      {"company": null,
       "financial_org":
        {"name": "Axiom Ventures",
         "permalink": "axiom-ventures"},
       "person": null},
      {"company": null,
       "financial_org":
        {"name": "Key Venture Partners",
         "permalink": "key-venture-partners"},
       "person": null},
      {"company": null,
       "financial_org":
        {"name": "Kodiak Venture Partners",
         "permalink": "kodiak-venture-partners"},
       "person": null}]},
   {"id": 64570,
    "round_code": "e",
    "source_url": "http://www.sec.gov/Archives/edgar/data/1130529/000113052909000003/xslFormDX01/primary_doc.xml",
    "source_description": "SEC",
    "raised_amount": 7559918.0,
    "raised_currency_code": "USD",
    "funded_year": 2009,
    "funded_month": 4,
    "funded_day": 23,
    "investments":
     []}],
 "investments":
  [],
 "acquisition":
  {"price_amount": null,
   "price_currency_code": "USD",
   "term_code": null,
   "source_url": "http://www.freshnews.com/news/502050/mavenir-systems-announces-agreement-acquire-airwide-solutions",
   "source_description": "Mavenir Systems Announces Agreement to Acquire Airwide Solutions",
   "acquired_year": 2011,
   "acquired_month": 5,
   "acquired_day": 30,
   "acquiring_company":
    {"name": "Mavenir Systems",
     "permalink": "mavenir-systems"}},
 "acquisitions":
  [],
 "offices":
  [{"description": "",
    "address1": "20 Burlington Mall Road",
    "address2": "Suite 420",
    "zip_code": "01803",
    "city": "Burlington",
    "state_code": "MA",
    "country_code": "USA",
    "latitude": null,
    "longitude": null}],
 "milestones":
  [],
 "ipo": null,
 "video_embeds":
  [],
 "screenshots":
  [{"available_sizes":
     [[[150,
        93],
       "http://api-images.crunchbase.com/assets/images/resized/0008/6554/86554v1-max-150x150.jpg"],
      [[250,
        155],
       "http://api-images.crunchbase.com/assets/images/resized/0008/6554/86554v1-max-250x250.jpg"],
      [[450,
        279],
       "http://api-images.crunchbase.com/assets/images/resized/0008/6554/86554v1-max-450x450.jpg"]],
    "attribution": null}],
 "external_links":
  [],
 "partners":
  []}
