{"name": "Akeena Solar",
 "permalink": "akeena-solar",
 "crunchbase_url": "http://www.crunchbase.com/company/akeena-solar",
 "homepage_url": "http://www.akeena.com",
 "blog_url": "",
 "blog_feed_url": "",
 "twitter_username": "AdvAnalytical",
 "category_code": "cleantech",
 "number_of_employees": null,
 "founded_year": 2001,
 "founded_month": null,
 "founded_day": null,
 "deadpooled_year": null,
 "deadpooled_month": null,
 "deadpooled_day": null,
 "deadpooled_url": null,
 "tag_list": null,
 "alias_list": "",
 "email_address": "sales@akeena.com",
 "phone_number": "408-402-9400",
 "description": "",
 "created_at": "Fri Aug 06 18:31:52 UTC 2010",
 "updated_at": "Thu Aug 19 04:16:28 UTC 2010",
 "overview": "\u003Cp\u003EAkeena Solar, Inc. engages in the design, integration, installation, marketing, and sale of solar power systems. The company involves in the design and integration of grid-tied solar power systems, which are electrically connected to the utility grid so that excess energy produced during the day flows backwards through the utility\u00e2\u20ac\u2122s electric meter. It also offers AC solar panels. The company sells its solar power systems to residential customers that comprise high-income professionals, as well as to commercial customers, including owner occupied businesses consisting of wineries and small commercial offices in the United States; and AC solar panels to solar installers, trade workers, and do-it-yourself customers in the United States and Canada, through distribution partnerships, dealer network, and retail outlets. It has a strategic partnership with Enphase Energy to develop and market Andalay solar panel systems with ordinary AC house current output instead of high voltage DC output. The company was founded in 2001 and is headquartered in Los Gatos, California with additional offices in Palm Springs and San Diego, California.\u003C/p\u003E",
 "image":
  {"available_sizes":
    [[[150,
       69],
      "http://api-images.crunchbase.com/assets/images/resized/0009/8425/98425v1-max-150x150.jpg"],
     [[205,
       95],
      "http://api-images.crunchbase.com/assets/images/resized/0009/8425/98425v1-max-250x250.jpg"],
     [[205,
       95],
      "http://api-images.crunchbase.com/assets/images/resized/0009/8425/98425v1-max-450x450.jpg"]],
   "attribution": null},
 "products":
  [],
 "relationships":
  [{"is_past": false,
    "title": "CEO",
    "person":
     {"first_name": "Barry",
      "last_name": "Cinnamon",
      "permalink": "barry-cinnamon"}},
   {"is_past": false,
    "title": "CFO",
    "person":
     {"first_name": "Margaret",
      "last_name": "Randazzo",
      "permalink": "margaret-randazzo"}},
   {"is_past": false,
    "title": "CTO",
    "person":
     {"first_name": "Wilson",
      "last_name": "Leong",
      "permalink": "wilson-leong"}}],
 "competitions":
  [],
 "providerships":
  [],
 "total_money_raised": "$0",
 "funding_rounds":
  [],
 "investments":
  [],
 "acquisition": null,
 "acquisitions":
  [],
 "offices":
  [{"description": "",
    "address1": "16005 Los Gatos Blvd.",
    "address2": "",
    "zip_code": "95032",
    "city": "Los Gatos",
    "state_code": "CA",
    "country_code": "USA",
    "latitude": null,
    "longitude": null}],
 "milestones":
  [],
 "ipo":
  {"valuation_amount": null,
   "valuation_currency_code": "USD",
   "pub_year": null,
   "pub_month": null,
   "pub_day": null,
   "stock_symbol": "NASDAQ:WEST"},
 "video_embeds":
  [],
 "screenshots":
  [],
 "external_links":
  [],
 "partners":
  []}
