{"name": "AKF Partners",
 "permalink": "akf-partners",
 "crunchbase_url": "http://www.crunchbase.com/company/akf-partners",
 "homepage_url": "http://akfpartners.com",
 "blog_url": "",
 "blog_feed_url": "",
 "twitter_username": "AKF_Partners",
 "category_code": "consulting",
 "number_of_employees": null,
 "founded_year": null,
 "founded_month": null,
 "founded_day": null,
 "deadpooled_year": null,
 "deadpooled_month": null,
 "deadpooled_day": null,
 "deadpooled_url": null,
 "tag_list": null,
 "alias_list": "",
 "email_address": "info@akfpartners.com",
 "phone_number": "602.324.3956",
 "description": "",
 "created_at": "Fri Jun 18 18:08:47 UTC 2010",
 "updated_at": "Tue Jun 21 04:27:07 UTC 2011",
 "overview": "\u003Cp\u003EAKF Partners is an advisory services firm specializing in helping companies grow and scale their technology services, processes and organizations. \u003C/p\u003E",
 "image":
  {"available_sizes":
    [[[144,
       56],
      "http://api-images.crunchbase.com/assets/images/resized/0009/8426/98426v4-max-150x150.png"],
     [[144,
       56],
      "http://api-images.crunchbase.com/assets/images/resized/0009/8426/98426v4-max-250x250.png"],
     [[144,
       56],
      "http://api-images.crunchbase.com/assets/images/resized/0009/8426/98426v4-max-450x450.png"]],
   "attribution": null},
 "products":
  [],
 "relationships":
  [{"is_past": false,
    "title": "Managing Partner",
    "person":
     {"first_name": "Michael",
      "last_name": "Fisher",
      "permalink": "michael-fisher"}},
   {"is_past": false,
    "title": "Partner",
    "person":
     {"first_name": "Kevin",
      "last_name": "Fortuna",
      "permalink": "kevin-fortuna"}}],
 "competitions":
  [],
 "providerships":
  [],
 "total_money_raised": "$0",
 "funding_rounds":
  [],
 "investments":
  [],
 "acquisition": null,
 "acquisitions":
  [],
 "offices":
  [],
 "milestones":
  [],
 "ipo": null,
 "video_embeds":
  [],
 "screenshots":
  [],
 "external_links":
  [],
 "partners":
  []}
