{"name": "\u00c4KTA",
 "permalink": "akta-web-studio",
 "crunchbase_url": "http://www.crunchbase.com/company/akta-web-studio",
 "homepage_url": "http://akta.com",
 "blog_url": "",
 "blog_feed_url": "",
 "twitter_username": "akta",
 "category_code": "consulting",
 "number_of_employees": 40,
 "founded_year": 2010,
 "founded_month": 2,
 "founded_day": 15,
 "deadpooled_year": null,
 "deadpooled_month": null,
 "deadpooled_day": null,
 "deadpooled_url": null,
 "tag_list": "ux, user-experience, ui, user-interface, mobile, mobile-development, ux-design",
 "alias_list": "",
 "email_address": "hello@akta.com",
 "phone_number": "312-361-3555",
 "description": "UI/UX ",
 "created_at": "Wed Aug 11 14:58:40 UTC 2010",
 "updated_at": "Sun Mar 30 04:09:29 UTC 2014",
 "overview": "\u003Cp\u003E\u00c4KTA is a digital experience and engagement consultancy that works with leading global brands and emerging growth companies to discover new opportunities, define intelligent user experiences, design innovative digital services and bring successful products and applications to market.\u003C/p\u003E",
 "image":
  {"available_sizes":
    [[[150,
       112],
      "http://api-images.crunchbase.com/assets/images/resized/0044/5426/445426v2-max-150x150.png"],
     [[250,
       187],
      "http://api-images.crunchbase.com/assets/images/resized/0044/5426/445426v2-max-250x250.png"],
     [[450,
       337],
      "http://api-images.crunchbase.com/assets/images/resized/0044/5426/445426v2-max-450x450.png"]],
   "attribution": null},
 "products":
  [],
 "relationships":
  [{"is_past": false,
    "title": "Founder",
    "person":
     {"first_name": "John",
      "last_name": "Roa",
      "permalink": "john-roa"}}],
 "competitions":
  [],
 "providerships":
  [],
 "total_money_raised": "$0",
 "funding_rounds":
  [],
 "investments":
  [],
 "acquisition": null,
 "acquisitions":
  [],
 "offices":
  [{"description": "Chicago Headquarters",
    "address1": "223 W Erie St.",
    "address2": "Suite 4E",
    "zip_code": "60654",
    "city": "Chicago",
    "state_code": "IL",
    "country_code": "USA",
    "latitude": null,
    "longitude": null}],
 "milestones":
  [{"id": 49685,
    "description": "\u00c4KTA announces appointment of new Executive Chairman",
    "stoned_year": 2013,
    "stoned_month": 5,
    "stoned_day": 15,
    "source_url": "http://akta.com/news/dean-debiase-named-aktas-executive-chairman/",
    "source_text": null,
    "source_description": "Dean DeBiase Named \u00c4KTA's Executive Chairman",
    "stoneable_type": "Company",
    "stoned_value": null,
    "stoned_value_type": null,
    "stoned_acquirer": null,
    "stoneable":
     {"name": "\u00c4KTA",
      "permalink": "akta-web-studio"}},
   {"id": 49686,
    "description": "\u00c4KTA announces acquisition of mobile application development firm, Fueled Chicago.",
    "stoned_year": 2014,
    "stoned_month": 2,
    "stoned_day": 26,
    "source_url": "http://akta.com/news/akta-announces-acquisition-fueled-chicago/",
    "source_text": null,
    "source_description": "\u00c4KTA Announces Acquisition of Fueled Chicago",
    "stoneable_type": "Company",
    "stoned_value": null,
    "stoned_value_type": null,
    "stoned_acquirer": null,
    "stoneable":
     {"name": "\u00c4KTA",
      "permalink": "akta-web-studio"}}],
 "ipo": null,
 "video_embeds":
  [],
 "screenshots":
  [{"available_sizes":
     [[[150,
        72],
       "http://api-images.crunchbase.com/assets/images/resized/0044/2455/442455v2-max-150x150.png"],
      [[250,
        120],
       "http://api-images.crunchbase.com/assets/images/resized/0044/2455/442455v2-max-250x250.png"],
      [[450,
        217],
       "http://api-images.crunchbase.com/assets/images/resized/0044/2455/442455v2-max-450x450.png"]],
    "attribution": null}],
 "external_links":
  [{"external_url": "http://akta.com/",
    "title": "\u00c4KTA.com"},
   {"external_url": "https://www.facebook.com/weareakta",
    "title": "Facebook"},
   {"external_url": "https://twitter.com/akta",
    "title": "Twitter"},
   {"external_url": "http://instagram.com/aktachicago",
    "title": "Instagram"},
   {"external_url": "https://plus.google.com/u/1/b/106149730976092097113/106149730976092097113/posts",
    "title": "Google+"}],
 "partners":
  []}
