{"name": "Alan Solutions",
 "permalink": "alan-solutions",
 "crunchbase_url": "http://www.crunchbase.com/company/alan-solutions",
 "homepage_url": "http://www.alansolutions.com",
 "blog_url": "",
 "blog_feed_url": "",
 "twitter_username": "alansolutions",
 "category_code": "ecommerce",
 "number_of_employees": 15,
 "founded_year": 2008,
 "founded_month": 12,
 "founded_day": 15,
 "deadpooled_year": null,
 "deadpooled_month": null,
 "deadpooled_day": null,
 "deadpooled_url": null,
 "tag_list": "php-cms-drupal-joomla-magento-wordpress-zencart-ubercart-virtuemart-designing-flash-payment-integration-website-development-ecommerce-stores-hourly-php-developers",
 "alias_list": null,
 "email_address": "venns.ganesh@gmail.com",
 "phone_number": "9344053506",
 "description": "Web Development Company, India",
 "created_at": "Sat Jun 05 12:42:31 UTC 2010",
 "updated_at": "Wed Jul 21 18:12:21 UTC 2010",
 "overview": "\u003Cp\u003EAlan solutions, an internet based web solution providers started with a team of aspiring web technocrats. Aimed at providing web service consulting and solutions, Alan solutions is providing innovative and affordable Web solutions that enable organizations of all sizes to achieve their online objectives.\u003C/p\u003E\n\n\u003Cp\u003EAlan solutions is an offshore professional internet strategy and web development company focusing on quality Web Design \u0026amp; Software Development Services. We specialize in high quality Website design, Web promotion, Flash, Animation, Multimedia, Corporate Identity and Print Graphics at reasonable cost and serving a variety of clients across the world\u003C/p\u003E\n\n\u003Cp\u003EWe understand your needs and with our technical team we are able to utilize the creative and technological know-how to build a bespoke solution that will support your business for the current trend and also for the future.\u003C/p\u003E\n\n\u003Cp\u003EWe Design and Develop all kinds of Websites and Applications with the below mentioned Technologies.\u003C/p\u003E\n\n\u003Cp\u003EPHP 4,5/MySQL,\nCMS like Drupal, Joomla, Magento, Word Press, Zencart, Ubercart, Typo3, Moodle, OS Commerce.\nHTML/CSS, DHTML, SHTML, XHTML.\nAjax, Javascript, Mootools, Jquery\nUI Integration for all the above mentioned CMS.\nPayment integration.\nAPI integrations.\nSymfony and Codeignitor frameworks.\nFlash Development and\nGraphic Designing. \u003C/p\u003E",
 "image":
  {"available_sizes":
    [[[150,
       102],
      "http://api-images.crunchbase.com/assets/images/resized/0008/9613/89613v2-max-150x150.jpg"],
     [[250,
       170],
      "http://api-images.crunchbase.com/assets/images/resized/0008/9613/89613v2-max-250x250.jpg"],
     [[292,
       199],
      "http://api-images.crunchbase.com/assets/images/resized/0008/9613/89613v2-max-450x450.jpg"]],
   "attribution": null},
 "products":
  [],
 "relationships":
  [],
 "competitions":
  [],
 "providerships":
  [],
 "total_money_raised": "$0",
 "funding_rounds":
  [],
 "investments":
  [],
 "acquisition": null,
 "acquisitions":
  [],
 "offices":
  [{"description": "Development Center",
    "address1": "54, SRP Mills Stop",
    "address2": "SivanandhaPuram",
    "zip_code": "641014",
    "city": "Coimbatore",
    "state_code": null,
    "country_code": "IND",
    "latitude": null,
    "longitude": null}],
 "milestones":
  [],
 "ipo": null,
 "video_embeds":
  [],
 "screenshots":
  [],
 "external_links":
  [],
 "partners":
  []}
