{"name": "Alcomi",
 "permalink": "alcomi",
 "crunchbase_url": "http://www.crunchbase.com/company/alcomi",
 "homepage_url": "http://www.alcomi.com",
 "blog_url": "",
 "blog_feed_url": "",
 "twitter_username": "alcomi",
 "category_code": "games_video",
 "number_of_employees": 12,
 "founded_year": 2008,
 "founded_month": 11,
 "founded_day": 7,
 "deadpooled_year": null,
 "deadpooled_month": null,
 "deadpooled_day": null,
 "deadpooled_url": null,
 "tag_list": "game-development, iphone-game-development, psp-game-development",
 "alias_list": null,
 "email_address": "pavel@alcomi.com",
 "phone_number": "+380506589144",
 "description": "Game development",
 "created_at": "Mon Apr 05 14:19:17 UTC 2010",
 "updated_at": "Mon Apr 05 18:34:04 UTC 2010",
 "overview": "\u003Cp\u003EAlcomi is an independent \u003Ca href=\"/product/iphone\" title=\"iPhone\" rel=\"nofollow\"\u003EiPhone\u003C/a\u003E and PSP game development company located in Ukraine\u003C/p\u003E",
 "image":
  {"available_sizes":
    [[[150,
       41],
      "http://api-images.crunchbase.com/assets/images/resized/0008/2907/82907v2-max-150x150.jpg"],
     [[236,
       65],
      "http://api-images.crunchbase.com/assets/images/resized/0008/2907/82907v2-max-250x250.jpg"],
     [[236,
       65],
      "http://api-images.crunchbase.com/assets/images/resized/0008/2907/82907v2-max-450x450.jpg"]],
   "attribution": null},
 "products":
  [],
 "relationships":
  [{"is_past": true,
    "title": "Founder",
    "person":
     {"first_name": "Pavel",
      "last_name": "Klinkov",
      "permalink": "pavel-klinkov"}}],
 "competitions":
  [],
 "providerships":
  [],
 "total_money_raised": "$0",
 "funding_rounds":
  [],
 "investments":
  [],
 "acquisition": null,
 "acquisitions":
  [],
 "offices":
  [{"description": "Alcomi",
    "address1": "Balaklavskaya St. 68, office 103",
    "address2": "",
    "zip_code": "95000",
    "city": "Simferopol",
    "state_code": null,
    "country_code": "UKR",
    "latitude": null,
    "longitude": null}],
 "milestones":
  [],
 "ipo": null,
 "video_embeds":
  [],
 "screenshots":
  [{"available_sizes":
     [[[150,
        93],
       "http://api-images.crunchbase.com/assets/images/resized/0008/2906/82906v2-max-150x150.jpg"],
      [[250,
        156],
       "http://api-images.crunchbase.com/assets/images/resized/0008/2906/82906v2-max-250x250.jpg"],
      [[450,
        281],
       "http://api-images.crunchbase.com/assets/images/resized/0008/2906/82906v2-max-450x450.jpg"]],
    "attribution": null}],
 "external_links":
  [],
 "partners":
  []}
