{"name": "AlgEvolve",
 "permalink": "algevolve",
 "crunchbase_url": "http://www.crunchbase.com/company/algevolve",
 "homepage_url": "http://algevolve.com",
 "blog_url": "",
 "blog_feed_url": "",
 "twitter_username": null,
 "category_code": "cleantech",
 "number_of_employees": null,
 "founded_year": 2007,
 "founded_month": null,
 "founded_day": null,
 "deadpooled_year": null,
 "deadpooled_month": null,
 "deadpooled_day": null,
 "deadpooled_url": null,
 "tag_list": "water-treatment",
 "alias_list": "",
 "email_address": "info@algevolve.com",
 "phone_number": "406.363.4139",
 "description": "",
 "created_at": "Wed Apr 21 19:59:27 UTC 2010",
 "updated_at": "Sat Mar 08 08:43:37 UTC 2014",
 "overview": "\u003Cp\u003EAlgEvolve was founded in 2007 and is privately held. They provide algae-based water treatment technologies / facilities for industrial waste streams and muncipal wastewater.\u003C/p\u003E\n\n\u003Cp\u003EAlgEvolve also operates a commercial algae production environment for clients pursuing sustainable product development.\u003C/p\u003E",
 "image":
  {"available_sizes":
    [[[150,
       43],
      "http://api-images.crunchbase.com/assets/images/resized/0008/4493/84493v1-max-150x150.png"],
     [[250,
       72],
      "http://api-images.crunchbase.com/assets/images/resized/0008/4493/84493v1-max-250x250.png"],
     [[267,
       77],
      "http://api-images.crunchbase.com/assets/images/resized/0008/4493/84493v1-max-450x450.png"]],
   "attribution": null},
 "products":
  [],
 "relationships":
  [{"is_past": true,
    "title": "Chairman of the Board",
    "person":
     {"first_name": "Craig",
      "last_name": "Hurlbert",
      "permalink": "craig-hurlbert"}},
   {"is_past": true,
    "title": "COO",
    "person":
     {"first_name": "Jordan",
      "last_name": "Lind",
      "permalink": "jordan-lind"}}],
 "competitions":
  [],
 "providerships":
  [],
 "total_money_raised": "$1.15M",
 "funding_rounds":
  [{"id": 14568,
    "round_code": "unattributed",
    "source_url": "http://www.sec.gov/Archives/edgar/data/1459488/000089387710000208/xslFormDX01/primary_doc.xml",
    "source_description": "SEC D",
    "raised_amount": 375900.0,
    "raised_currency_code": "USD",
    "funded_year": 2010,
    "funded_month": 4,
    "funded_day": 21,
    "investments":
     []},
   {"id": 38815,
    "round_code": "unattributed",
    "source_url": "http://www.sec.gov/Archives/edgar/data/1459488/000114036113022591/xslFormDX01/primary_doc.xml",
    "source_description": "SEC",
    "raised_amount": 771496.0,
    "raised_currency_code": "USD",
    "funded_year": 2013,
    "funded_month": 5,
    "funded_day": 24,
    "investments":
     []}],
 "investments":
  [],
 "acquisition": null,
 "acquisitions":
  [],
 "offices":
  [{"description": "",
    "address1": "445 Quast Lane",
    "address2": "",
    "zip_code": "59828",
    "city": "Corvallis",
    "state_code": "MT",
    "country_code": "USA",
    "latitude": null,
    "longitude": null}],
 "milestones":
  [],
 "ipo": null,
 "video_embeds":
  [],
 "screenshots":
  [{"available_sizes":
     [[[139,
        150],
       "http://api-images.crunchbase.com/assets/images/resized/0008/4869/84869v1-max-150x150.png"],
      [[231,
        250],
       "http://api-images.crunchbase.com/assets/images/resized/0008/4869/84869v1-max-250x250.png"],
      [[417,
        450],
       "http://api-images.crunchbase.com/assets/images/resized/0008/4869/84869v1-max-450x450.png"]],
    "attribution": null}],
 "external_links":
  [],
 "partners":
  []}
