{"name": "Aligo",
 "permalink": "aligo",
 "crunchbase_url": "http://www.crunchbase.com/company/aligo",
 "homepage_url": null,
 "blog_url": "",
 "blog_feed_url": "",
 "twitter_username": null,
 "category_code": "mobile",
 "number_of_employees": null,
 "founded_year": 1999,
 "founded_month": null,
 "founded_day": null,
 "deadpooled_year": null,
 "deadpooled_month": null,
 "deadpooled_day": null,
 "deadpooled_url": null,
 "tag_list": "",
 "alias_list": "",
 "email_address": "",
 "phone_number": "415.593.8200",
 "description": "",
 "created_at": "Thu Apr 15 14:35:47 UTC 2010",
 "updated_at": "Fri Apr 16 01:58:41 UTC 2010",
 "overview": "\u003Cp\u003EAligo, Inc. provides mobile application servers for medium and large enterprises. The company offers a suite of mobile business solutions designed to provide mobile workers with access to applications and data from any location and from any device. Its applications solutions range from mobile email to highly complex field force automation solutions. The company offers Aligo M-1 Mobile Application Server, which integrates with existing infrastructure and supports rapid development of J2EE mobile applications. The Aligo M-1 Mobile Application Server also provides a platform to deploy enterprises\u0026#8217; existing applications and data, design customized applications, and/or run any pre-built mobile business solutions. It also provides Aligo M-1 Mobile Sales, a system that enables sales force to close more business; and Aligo M-1 Mobile Field Services, a system to allow enterprises to extend any critical field engineering resources to the field, guaranteeing a continuously engaged, always-connected mobile field force. In addition, the company offers Aligo M-1 Mobile Access for Microsoft Exchange Aligo M-1 Mobile Access for Lotus Domino to deliver instant wireless access to Exchange or Domino, ensuring security, speed, universal device support, and integration with business application and data infrastructure. It has engineering operations in Phoenix. Aligo, Inc. was incorporated in 1999 and is headquartered in San Francisco, California. As of January 9, 2007, Aligo, Inc. is a subsidiary of Corrigo, Inc.\u003C/p\u003E",
 "image": null,
 "products":
  [],
 "relationships":
  [{"is_past": true,
    "title": "Co - Founder / CTO",
    "person":
     {"first_name": "Jeff",
      "last_name": "Capone",
      "permalink": "jeff-capone"}},
   {"is_past": true,
    "title": "President / CEO",
    "person":
     {"first_name": "Emerick",
      "last_name": "Woods",
      "permalink": "emerick-woods-3"}},
   {"is_past": true,
    "title": "President, CEO and COO",
    "person":
     {"first_name": "Robert",
      "last_name": "Smith",
      "permalink": "robert-smith-8"}}],
 "competitions":
  [],
 "providerships":
  [],
 "total_money_raised": "$7.92M",
 "funding_rounds":
  [{"id": 14282,
    "round_code": "unattributed",
    "source_url": "",
    "source_description": "EDGAR",
    "raised_amount": 7920000.0,
    "raised_currency_code": "USD",
    "funded_year": 2006,
    "funded_month": 6,
    "funded_day": 22,
    "investments":
     [{"company": null,
       "financial_org":
        {"name": "RBC Venture Partners",
         "permalink": "rbc-venture-partners"},
       "person": null},
      {"company": null,
       "financial_org":
        {"name": "Dolphin Equity Partners",
         "permalink": "dolphin-equity-partners"},
       "person": null},
      {"company": null,
       "financial_org":
        {"name": "Thomas Weisel Venture Partners",
         "permalink": "thomas-weisel-venture-partners"},
       "person": null},
      {"company": null,
       "financial_org":
        {"name": "Motorola Solutions Venture Capital",
         "permalink": "motorola-solutions-venture-capital"},
       "person": null}]}],
 "investments":
  [],
 "acquisition": null,
 "acquisitions":
  [],
 "offices":
  [{"description": "",
    "address1": "444 De Haro Street",
    "address2": "Suite 211",
    "zip_code": "94107",
    "city": "San Francisco",
    "state_code": "CA",
    "country_code": "USA",
    "latitude": null,
    "longitude": null}],
 "milestones":
  [],
 "ipo": null,
 "video_embeds":
  [],
 "screenshots":
  [],
 "external_links":
  [],
 "partners":
  []}
