{"name": "Alikewise",
 "permalink": "alikewise",
 "crunchbase_url": "http://www.crunchbase.com/company/alikewise",
 "homepage_url": "http://alikewise.com",
 "blog_url": "http://alikewise.com/Blog",
 "blog_feed_url": "",
 "twitter_username": "alikewise",
 "category_code": "web",
 "number_of_employees": 2,
 "founded_year": 2010,
 "founded_month": 1,
 "founded_day": null,
 "deadpooled_year": null,
 "deadpooled_month": null,
 "deadpooled_day": null,
 "deadpooled_url": null,
 "tag_list": "dating, social-networking, books",
 "alias_list": null,
 "email_address": "matt.sherman@alikewise.com",
 "phone_number": "",
 "description": "Dating based on books",
 "created_at": "Tue Apr 13 06:09:01 UTC 2010",
 "updated_at": "Tue Apr 13 17:24:49 UTC 2010",
 "overview": "\u003Cp\u003EAlikewise is a dating web sites that allows you to find and converse with people based on books tastes.\u003C/p\u003E",
 "image":
  {"available_sizes":
    [[[150,
       37],
      "http://api-images.crunchbase.com/assets/images/resized/0008/3573/83573v2-max-150x150.png"],
     [[250,
       62],
      "http://api-images.crunchbase.com/assets/images/resized/0008/3573/83573v2-max-250x250.png"],
     [[399,
       99],
      "http://api-images.crunchbase.com/assets/images/resized/0008/3573/83573v2-max-450x450.png"]],
   "attribution": null},
 "products":
  [],
 "relationships":
  [{"is_past": false,
    "title": "Founder \u0026 CTO",
    "person":
     {"first_name": "Matt",
      "last_name": "Sherman",
      "permalink": "matt-sherman"}}],
 "competitions":
  [],
 "providerships":
  [],
 "total_money_raised": "$0",
 "funding_rounds":
  [],
 "investments":
  [],
 "acquisition": null,
 "acquisitions":
  [],
 "offices":
  [{"description": "New York",
    "address1": "",
    "address2": "",
    "zip_code": "12580",
    "city": "Staatsburg",
    "state_code": "NY",
    "country_code": "USA",
    "latitude": null,
    "longitude": null}],
 "milestones":
  [],
 "ipo": null,
 "video_embeds":
  [],
 "screenshots":
  [],
 "external_links":
  [],
 "partners":
  []}
