{"name": "ALISON",
 "permalink": "alison",
 "crunchbase_url": "http://www.crunchbase.com/company/alison",
 "homepage_url": "http://www.alison.com",
 "blog_url": "",
 "blog_feed_url": "http://alison.com/rss.php",
 "twitter_username": "ALISONCourses",
 "category_code": "education",
 "number_of_employees": 19,
 "founded_year": 2007,
 "founded_month": 4,
 "founded_day": null,
 "deadpooled_year": null,
 "deadpooled_month": null,
 "deadpooled_day": null,
 "deadpooled_url": null,
 "tag_list": "elearning, free-online-courses, free-education, training, learning-management-system",
 "alias_list": null,
 "email_address": "mfeerick@alison.com",
 "phone_number": "+353-91-680-103",
 "description": "Free online elearning courses ",
 "created_at": "Tue Aug 10 19:40:50 UTC 2010",
 "updated_at": "Thu Jul 12 21:28:26 UTC 2012",
 "overview": "\u003Cp\u003EALISON is an online social enterprise.  It provides high-quality, interactive, certified learning course free to the individual learner. Via the website, ALISON provides courses for subjects as diverse as IT Literacy, English Language, Financial Literacy, Math, Business Skills and Health \u0026amp; Safety for Schools. \u003C/p\u003E\n\n\u003Cp\u003ESince its launch in April 2007, ALISON has developed relationships with some of the largest and most prestigious institutions involved in promoting education and learning including Microsoft and the British Council. The website has over one million registered users in virtually every country worldwide.\u003C/p\u003E\n\n\u003Cp\u003EALISON stands for Advance Learning Interactive Systems Online.\u003C/p\u003E",
 "image":
  {"available_sizes":
    [[[150,
       25],
      "http://api-images.crunchbase.com/assets/images/resized/0009/6941/96941v2-max-150x150.jpg"],
     [[191,
       32],
      "http://api-images.crunchbase.com/assets/images/resized/0009/6941/96941v2-max-250x250.jpg"],
     [[191,
       32],
      "http://api-images.crunchbase.com/assets/images/resized/0009/6941/96941v2-max-450x450.jpg"]],
   "attribution": null},
 "products":
  [],
 "relationships":
  [{"is_past": false,
    "title": "CEO",
    "person":
     {"first_name": "Mike",
      "last_name": "Feerick",
      "permalink": "mike-feerick"}}],
 "competitions":
  [],
 "providerships":
  [],
 "total_money_raised": "$0",
 "funding_rounds":
  [],
 "investments":
  [],
 "acquisition": null,
 "acquisitions":
  [],
 "offices":
  [{"description": "Headquarters",
    "address1": "Galway Technology Park,",
    "address2": "Parkmore",
    "zip_code": "",
    "city": "Galway",
    "state_code": null,
    "country_code": "IRL",
    "latitude": null,
    "longitude": null}],
 "milestones":
  [],
 "ipo": null,
 "video_embeds":
  [],
 "screenshots":
  [],
 "external_links":
  [],
 "partners":
  []}
