{"name": "Alive world",
 "permalink": "alive-world",
 "crunchbase_url": "http://www.crunchbase.com/company/alive-world",
 "homepage_url": "http://alivenetwork.exofire.net",
 "blog_url": "",
 "blog_feed_url": "",
 "twitter_username": "x10hosting",
 "category_code": "games_video",
 "number_of_employees": 10,
 "founded_year": 2010,
 "founded_month": 2,
 "founded_day": 18,
 "deadpooled_year": null,
 "deadpooled_month": null,
 "deadpooled_day": null,
 "deadpooled_url": null,
 "tag_list": "",
 "alias_list": null,
 "email_address": "matthewleetheakston@hotmail.co.uk",
 "phone_number": "",
 "description": "our virual world",
 "created_at": "Thu Mar 11 18:23:54 UTC 2010",
 "updated_at": "Wed Mar 16 20:42:39 UTC 2011",
 "overview": "\u003Cp\u003EAlive world is a virtual world where you can trade have pets and meet new people.\u003C/p\u003E",
 "image": null,
 "products":
  [],
 "relationships":
  [{"is_past": false,
    "title": "Admin",
    "person":
     {"first_name": "Matthew",
      "last_name": "theakston",
      "permalink": "matthew-theakston"}},
   {"is_past": true,
    "title": "Support",
    "person":
     {"first_name": "Ben",
      "last_name": "Hoods",
      "permalink": "ben-hoods"}},
   {"is_past": true,
    "title": "Events Team",
    "person":
     {"first_name": "Amy",
      "last_name": "read",
      "permalink": "amy-read"}}],
 "competitions":
  [{"competitor":
     {"name": "Habbo",
      "permalink": "habbo-hotel"}},
   {"competitor":
     {"name": "Gaia Interactive",
      "permalink": "gaia"}},
   {"competitor":
     {"name": "Faketown",
      "permalink": "faketown"}}],
 "providerships":
  [],
 "total_money_raised": "$0",
 "funding_rounds":
  [],
 "investments":
  [],
 "acquisition": null,
 "acquisitions":
  [],
 "offices":
  [],
 "milestones":
  [],
 "ipo": null,
 "video_embeds":
  [],
 "screenshots":
  [],
 "external_links":
  [],
 "partners":
  []}
