{"name": "All Sports Dog House",
 "permalink": "all-sports-dog-house",
 "crunchbase_url": "http://www.crunchbase.com/company/all-sports-dog-house",
 "homepage_url": "http://www.allsportsdoghouse.com",
 "blog_url": "http://www.fifadoghouse.com",
 "blog_feed_url": "",
 "twitter_username": "SportsDogHouse",
 "category_code": "ecommerce",
 "number_of_employees": null,
 "founded_year": null,
 "founded_month": null,
 "founded_day": null,
 "deadpooled_year": null,
 "deadpooled_month": null,
 "deadpooled_day": null,
 "deadpooled_url": null,
 "tag_list": "sports-dog-house, dog, sports",
 "alias_list": null,
 "email_address": "sales@allsportsdoghouse.com",
 "phone_number": "(877) 822-DOGS",
 "description": "Sports Dog House Retailer",
 "created_at": "Thu Apr 29 19:24:27 UTC 2010",
 "updated_at": "Tue May 25 04:43:19 UTC 2010",
 "overview": "",
 "image":
  {"available_sizes":
    [[[150,
       132],
      "http://api-images.crunchbase.com/assets/images/resized/0008/5372/85372v2-max-150x150.jpg"],
     [[250,
       221],
      "http://api-images.crunchbase.com/assets/images/resized/0008/5372/85372v2-max-250x250.jpg"],
     [[450,
       398],
      "http://api-images.crunchbase.com/assets/images/resized/0008/5372/85372v2-max-450x450.jpg"]],
   "attribution": null},
 "products":
  [],
 "relationships":
  [],
 "competitions":
  [],
 "providerships":
  [],
 "total_money_raised": "$0",
 "funding_rounds":
  [],
 "investments":
  [],
 "acquisition": null,
 "acquisitions":
  [],
 "offices":
  [{"description": "Headquarters",
    "address1": "",
    "address2": "",
    "zip_code": "",
    "city": "Chandler",
    "state_code": "AZ",
    "country_code": "USA",
    "latitude": null,
    "longitude": null}],
 "milestones":
  [{"id": 5441,
    "description": "All Sports Dog House Launches Their Official Website",
    "stoned_year": 2010,
    "stoned_month": 5,
    "stoned_day": 19,
    "source_url": "http://www.allsportsdoghouse.com",
    "source_text": null,
    "source_description": "",
    "stoneable_type": "Company",
    "stoned_value": null,
    "stoned_value_type": null,
    "stoned_acquirer": null,
    "stoneable":
     {"name": "All Sports Dog House",
      "permalink": "all-sports-dog-house"}}],
 "ipo": null,
 "video_embeds":
  [],
 "screenshots":
  [],
 "external_links":
  [{"external_url": "http://www.worldupdoghouse.com",
    "title": "FIFA World Cup Blog"}],
 "partners":
  []}
