{"name": "AllAnonymity",
 "permalink": "allanonymity",
 "crunchbase_url": "http://www.crunchbase.com/company/allanonymity",
 "homepage_url": "http://www.allanonymity.com",
 "blog_url": "http://www.allanonymtiy.com/blog",
 "blog_feed_url": "http://feeds.feedburner.com/Allanonymity",
 "twitter_username": "AllAnonymity",
 "category_code": "software",
 "number_of_employees": 11,
 "founded_year": null,
 "founded_month": null,
 "founded_day": null,
 "deadpooled_year": null,
 "deadpooled_month": null,
 "deadpooled_day": null,
 "deadpooled_url": null,
 "tag_list": "hide-ip-address, ip-hider, online-privacy, proxy",
 "alias_list": null,
 "email_address": "info@allanonymity.com",
 "phone_number": "",
 "description": "Hide ip software",
 "created_at": "Fri Mar 26 14:28:36 UTC 2010",
 "updated_at": "Fri Mar 26 18:39:24 UTC 2010",
 "overview": "\u003Cp\u003EAllAnonymity team is a gifted collaboration of professionals in software development, striving to offer state-of-the-art online privacy solutions. In this technology driven society, we feel we can play a significant role in offering solutions for helping customers have their privacy and anonymity while surfing the Internet.\u003C/p\u003E",
 "image":
  {"available_sizes":
    [[[150,
       48],
      "http://api-images.crunchbase.com/assets/images/resized/0008/1935/81935v2-max-150x150.jpg"],
     [[245,
       80],
      "http://api-images.crunchbase.com/assets/images/resized/0008/1935/81935v2-max-250x250.jpg"],
     [[245,
       80],
      "http://api-images.crunchbase.com/assets/images/resized/0008/1935/81935v2-max-450x450.jpg"]],
   "attribution": null},
 "products":
  [],
 "relationships":
  [],
 "competitions":
  [],
 "providerships":
  [],
 "total_money_raised": "$0",
 "funding_rounds":
  [],
 "investments":
  [],
 "acquisition": null,
 "acquisitions":
  [],
 "offices":
  [],
 "milestones":
  [],
 "ipo": null,
 "video_embeds":
  [],
 "screenshots":
  [{"available_sizes":
     [[[150,
        98],
       "http://api-images.crunchbase.com/assets/images/resized/0008/1934/81934v2-max-150x150.jpg"],
      [[250,
        164],
       "http://api-images.crunchbase.com/assets/images/resized/0008/1934/81934v2-max-250x250.jpg"],
      [[351,
        231],
       "http://api-images.crunchbase.com/assets/images/resized/0008/1934/81934v2-max-450x450.jpg"]],
    "attribution": null}],
 "external_links":
  [],
 "partners":
  []}
