{"name": "AllAdvantage",
 "permalink": "alladvantage",
 "crunchbase_url": "http://www.crunchbase.com/company/alladvantage",
 "homepage_url": null,
 "blog_url": "",
 "blog_feed_url": "",
 "twitter_username": null,
 "category_code": null,
 "number_of_employees": null,
 "founded_year": 1999,
 "founded_month": null,
 "founded_day": null,
 "deadpooled_year": null,
 "deadpooled_month": null,
 "deadpooled_day": null,
 "deadpooled_url": null,
 "tag_list": null,
 "alias_list": "",
 "email_address": "",
 "phone_number": "510-888-3898",
 "description": "",
 "created_at": "Wed Jul 14 01:22:30 UTC 2010",
 "updated_at": "Tue Oct 26 16:55:21 UTC 2010",
 "overview": "\u003Cp\u003EAs of January 2001, AllAdvantage Inc. went out of business. AllAdvantage.com, Inc. operates as an Internet advertising company. It pays its users/members a portion of the advertising revenue generated by their online viewing habits. The company also allows members to receive membership benefits that include sponsor discounts and rebates for surfing the Web. In addition, it provides incentives for advertisers to build one-on-one relationships with its members. The company was founded in 1999 and is based in Hayward, California with additional offices in Atlanta, Boston, Chicago, Dallas, Detroit, Hayward, London, Los Angeles, New York, Paris, Seattle, Sydney, and Washington DC.\u003C/p\u003E",
 "image": null,
 "products":
  [],
 "relationships":
  [{"is_past": true,
    "title": "Vice President of Development",
    "person":
     {"first_name": "Jon",
      "last_name": "Ziglar",
      "permalink": "jon-ziglar"}},
   {"is_past": true,
    "title": "VP Business Development",
    "person":
     {"first_name": "Scott",
      "last_name": "Hilleboe",
      "permalink": "scott-hilleboe"}},
   {"is_past": true,
    "title": "Vice President, Engineering",
    "person":
     {"first_name": "Bruce",
      "last_name": "Lacey",
      "permalink": "bruce-lacey"}},
   {"is_past": true,
    "title": "Security Consultant",
    "person":
     {"first_name": "Wayne",
      "last_name": "Chang",
      "permalink": "wayne-chang"}},
   {"is_past": true,
    "title": "Online Acquisition Manager",
    "person":
     {"first_name": "Natalie",
      "last_name": "Cann",
      "permalink": "natalie-cann"}},
   {"is_past": true,
    "title": "Acting Managing Director Germany",
    "person":
     {"first_name": "Andreas",
      "last_name": "Schlenker",
      "permalink": "andreas-schlenker"}},
   {"is_past": true,
    "title": "Director, Marketing",
    "person":
     {"first_name": "Heather",
      "last_name": "Forsythe",
      "permalink": "heather-forsythe"}},
   {"is_past": true,
    "title": "Regional Sales Manager",
    "person":
     {"first_name": "David",
      "last_name": "Oliveira",
      "permalink": "david-oliveira"}},
   {"is_past": true,
    "title": "Executive Positions",
    "person":
     {"first_name": "Walker",
      "last_name": "Colston",
      "permalink": "walker-colston"}}],
 "competitions":
  [],
 "providerships":
  [],
 "total_money_raised": "$0",
 "funding_rounds":
  [],
 "investments":
  [],
 "acquisition": null,
 "acquisitions":
  [],
 "offices":
  [{"description": "HQ",
    "address1": "4010 Point Eden Way",
    "address2": "",
    "zip_code": "94545",
    "city": "Hayward",
    "state_code": "CA",
    "country_code": "USA",
    "latitude": null,
    "longitude": null}],
 "milestones":
  [],
 "ipo": null,
 "video_embeds":
  [],
 "screenshots":
  [],
 "external_links":
  [],
 "partners":
  []}
