{"name": "Allens of Mayfair",
 "permalink": "allens-of-mayfair",
 "crunchbase_url": "http://www.crunchbase.com/company/allens-of-mayfair",
 "homepage_url": "http://www.allensofmayfair.co.uk",
 "blog_url": "",
 "blog_feed_url": "",
 "twitter_username": "allensofmayfair",
 "category_code": "ecommerce",
 "number_of_employees": 50,
 "founded_year": 1887,
 "founded_month": null,
 "founded_day": null,
 "deadpooled_year": null,
 "deadpooled_month": null,
 "deadpooled_day": null,
 "deadpooled_url": null,
 "tag_list": "quality, beef, meat, fresh, scottish-beef, online-butcher",
 "alias_list": null,
 "email_address": "customerservices@allensofmayfair.co.uk",
 "phone_number": "0844 880 2460",
 "description": "Quality Online Butcher",
 "created_at": "Tue Mar 16 14:37:11 UTC 2010",
 "updated_at": "Sat Mar 26 01:57:06 UTC 2011",
 "overview": "\u003Cp\u003EAllens of Mayfair is London\u0026#8217;s oldest butchers shop, and supplies many Michelin starred kitchens in the capital.\nWith their website, they are now able to deliver their Scottish Beef and other top quality fresh meat across the UK\u003C/p\u003E",
 "image":
  {"available_sizes":
    [[[150,
       91],
      "http://api-images.crunchbase.com/assets/images/resized/0008/0525/80525v7-max-150x150.jpg"],
     [[250,
       153],
      "http://api-images.crunchbase.com/assets/images/resized/0008/0525/80525v7-max-250x250.jpg"],
     [[250,
       153],
      "http://api-images.crunchbase.com/assets/images/resized/0008/0525/80525v7-max-450x450.jpg"]],
   "attribution": null},
 "products":
  [],
 "relationships":
  [],
 "competitions":
  [],
 "providerships":
  [],
 "total_money_raised": "$0",
 "funding_rounds":
  [],
 "investments":
  [],
 "acquisition": null,
 "acquisitions":
  [],
 "offices":
  [{"description": "",
    "address1": "117 Mount Street",
    "address2": "Mayfair",
    "zip_code": "W1K 3LA",
    "city": "London",
    "state_code": null,
    "country_code": "GBR",
    "latitude": null,
    "longitude": null}],
 "milestones":
  [],
 "ipo": null,
 "video_embeds":
  [],
 "screenshots":
  [],
 "external_links":
  [],
 "partners":
  []}
