{"name": "ALLGOOB",
 "permalink": "allgoob",
 "crunchbase_url": "http://www.crunchbase.com/company/allgoob",
 "homepage_url": "http://allgoob.com",
 "blog_url": "",
 "blog_feed_url": "",
 "twitter_username": null,
 "category_code": "search",
 "number_of_employees": null,
 "founded_year": null,
 "founded_month": null,
 "founded_day": null,
 "deadpooled_year": null,
 "deadpooled_month": null,
 "deadpooled_day": null,
 "deadpooled_url": null,
 "tag_list": "",
 "alias_list": "",
 "email_address": "",
 "phone_number": "",
 "description": "Vertical Search Engine Publisher",
 "created_at": "Tue Mar 30 18:35:59 UTC 2010",
 "updated_at": "Tue Mar 12 14:58:45 UTC 2013",
 "overview": "\u003Cp\u003EAllGoob designs and develops vertical search engines, such as JobiJoba for new jobs, to deliver qualified web audiences.\u003C/p\u003E",
 "image":
  {"available_sizes":
    [[[150,
       50],
      "http://api-images.crunchbase.com/assets/images/resized/0008/2428/82428v1-max-150x150.png"],
     [[250,
       83],
      "http://api-images.crunchbase.com/assets/images/resized/0008/2428/82428v1-max-250x250.png"],
     [[360,
       120],
      "http://api-images.crunchbase.com/assets/images/resized/0008/2428/82428v1-max-450x450.png"]],
   "attribution": null},
 "products":
  [{"name": "Pikadom",
    "permalink": "pikadom"},
   {"name": "Jobijoba",
    "permalink": "jobijoba"}],
 "relationships":
  [{"is_past": false,
    "title": "Founder",
    "person":
     {"first_name": "Francois",
      "last_name": "Goube",
      "permalink": "francois-goube"}}],
 "competitions":
  [],
 "providerships":
  [],
 "total_money_raised": "\u20ac1M",
 "funding_rounds":
  [{"id": 13604,
    "round_code": "a",
    "source_url": "http://techcrunch.com/2010/03/30/french-search-rngine-publisher-allgoob-scores-e1-million/",
    "source_description": "French Search Engine Publisher AllGoob Scores \u00e2\u201a\u00ac1 Million",
    "raised_amount": 1000000.0,
    "raised_currency_code": "EUR",
    "funded_year": 2010,
    "funded_month": 3,
    "funded_day": 30,
    "investments":
     [{"company": null,
       "financial_org":
        {"name": "Newfund Management",
         "permalink": "newfund-management"},
       "person": null}]}],
 "investments":
  [],
 "acquisition": null,
 "acquisitions":
  [],
 "offices":
  [{"description": "HQ",
    "address1": "1-2 all\u00c3\u00a9e du Doyen Georges Brus",
    "address2": "",
    "zip_code": "33600",
    "city": "Pessac",
    "state_code": null,
    "country_code": "FRA",
    "latitude": null,
    "longitude": null}],
 "milestones":
  [],
 "ipo": null,
 "video_embeds":
  [],
 "screenshots":
  [{"available_sizes":
     [[[150,
        76],
       "http://api-images.crunchbase.com/assets/images/resized/0008/2912/82912v1-max-150x150.jpg"],
      [[250,
        127],
       "http://api-images.crunchbase.com/assets/images/resized/0008/2912/82912v1-max-250x250.jpg"],
      [[450,
        228],
       "http://api-images.crunchbase.com/assets/images/resized/0008/2912/82912v1-max-450x450.jpg"]],
    "attribution": null}],
 "external_links":
  [],
 "partners":
  []}
