{"name": "Allianex",
 "permalink": "allianex",
 "crunchbase_url": "http://www.crunchbase.com/company/allianex",
 "homepage_url": "http://www.allianex.com",
 "blog_url": "",
 "blog_feed_url": "",
 "twitter_username": null,
 "category_code": "hardware",
 "number_of_employees": null,
 "founded_year": null,
 "founded_month": null,
 "founded_day": null,
 "deadpooled_year": null,
 "deadpooled_month": null,
 "deadpooled_day": null,
 "deadpooled_url": null,
 "tag_list": "",
 "alias_list": "",
 "email_address": "info@allianex.com",
 "phone_number": "",
 "description": "",
 "created_at": "Thu Jun 10 01:28:05 UTC 2010",
 "updated_at": "Tue Aug 03 15:42:54 UTC 2010",
 "overview": "\u003Cp\u003EAllianex is among the industry leaders in private label product development, support, and implementation. Allianex offers customized solutions that maximize sales and provides excellent profit opportunities and increasing retention rates.\u003C/p\u003E\n\n\u003Cp\u003EOur clients include a roster of the top direct selling companies, national insurance companies, affinity groups, national associations, as well as marketing and sales organizations. Allianex\u0026#8217;s team of experienced industry leaders is devoted to increasing your company\u00e2\u20ac\u2122s profit margin while working closely with all aspects of marketing and support.\u003C/p\u003E\n\n\u003Cp\u003EAllianex provides its global distribution sales channels the ability to effectively market a turnkey package of computer and digital support services and software, including live expert PC or Mac assistance, and a suite of security and optimization products. Allianex clients can offer consumers the right access to these essential computer protection services.\u003C/p\u003E",
 "image":
  {"available_sizes":
    [[[150,
       61],
      "http://api-images.crunchbase.com/assets/images/resized/0009/0069/90069v1-max-150x150.jpg"],
     [[220,
       90],
      "http://api-images.crunchbase.com/assets/images/resized/0009/0069/90069v1-max-250x250.jpg"],
     [[220,
       90],
      "http://api-images.crunchbase.com/assets/images/resized/0009/0069/90069v1-max-450x450.jpg"]],
   "attribution": null},
 "products":
  [],
 "relationships":
  [{"is_past": false,
    "title": "President",
    "person":
     {"first_name": "Kenneth",
      "last_name": "Rotman",
      "permalink": "kenneth-rotman"}}],
 "competitions":
  [],
 "providerships":
  [],
 "total_money_raised": "$0",
 "funding_rounds":
  [],
 "investments":
  [],
 "acquisition":
  {"price_amount": null,
   "price_currency_code": "USD",
   "term_code": null,
   "source_url": "http://www.freshnews.com/news/339739/kensington-leasing-acquires-allianex-llc",
   "source_description": "Kensington Leasing Acquires Allianex, LLC",
   "acquired_year": 2010,
   "acquired_month": 6,
   "acquired_day": 8,
   "acquiring_company":
    {"name": "Kensington Leasing",
     "permalink": "kensington-leasing"}},
 "acquisitions":
  [],
 "offices":
  [],
 "milestones":
  [],
 "ipo": null,
 "video_embeds":
  [],
 "screenshots":
  [],
 "external_links":
  [],
 "partners":
  []}
