{"name": "Allied Schools",
 "permalink": "allied-schools",
 "crunchbase_url": "http://www.crunchbase.com/company/allied-schools",
 "homepage_url": "http://www.AlliedSchools.com",
 "blog_url": "http://www.alliedschools.com/reblog/default.html",
 "blog_feed_url": "http://www.alliedschools.com/reblog/rss.xml",
 "twitter_username": "AlliedSchools",
 "category_code": "other",
 "number_of_employees": null,
 "founded_year": 1992,
 "founded_month": null,
 "founded_day": null,
 "deadpooled_year": null,
 "deadpooled_month": null,
 "deadpooled_day": null,
 "deadpooled_url": null,
 "tag_list": "online-schools, education, training, learning, online-courses",
 "alias_list": null,
 "email_address": "allied@alliedschools.com",
 "phone_number": "888-501-7686",
 "description": "Nationally Accredited Online Schools",
 "created_at": "Wed May 05 17:03:12 UTC 2010",
 "updated_at": "Wed May 05 18:55:15 UTC 2010",
 "overview": "\u003Cp\u003EAllied has a long-standing history providing quality real estate, medical and business education. We have helped over 825,000 students nationwide, with more than 18 years experience successfully preparing students for successful, long-term careers in the real estate, medical, business and new emerging green technologies fields.\u003C/p\u003E\n\n\u003Cp\u003EAllied has over 350 employees dedicated to the success of all of our students in every Allied course. We pride ourselves on our personalized, one-on-one live student support.\u003C/p\u003E",
 "image":
  {"available_sizes":
    [[[150,
       45],
      "http://api-images.crunchbase.com/assets/images/resized/0008/6070/86070v2-max-150x150.jpg"],
     [[210,
       64],
      "http://api-images.crunchbase.com/assets/images/resized/0008/6070/86070v2-max-250x250.jpg"],
     [[210,
       64],
      "http://api-images.crunchbase.com/assets/images/resized/0008/6070/86070v2-max-450x450.jpg"]],
   "attribution": null},
 "products":
  [],
 "relationships":
  [{"is_past": false,
    "title": "Chairman of the Board Directors",
    "person":
     {"first_name": "Jay",
      "last_name": "Achenbach",
      "permalink": "jay-achenbach"}},
   {"is_past": false,
    "title": "CEO/President",
    "person":
     {"first_name": "George",
      "last_name": "Achenbach",
      "permalink": "george-achenbach"}},
   {"is_past": false,
    "title": "Vice President",
    "person":
     {"first_name": "Beth",
      "last_name": "Wang",
      "permalink": "beth-wang"}},
   {"is_past": false,
    "title": "Corporate Development Officer",
    "person":
     {"first_name": "Charli",
      "last_name": "Hislop",
      "permalink": "charli-hislop"}},
   {"is_past": false,
    "title": "Director of Education",
    "person":
     {"first_name": "Karen",
      "last_name": "Wenzel",
      "permalink": "karen-wenzel"}},
   {"is_past": false,
    "title": "Director of Information Technology",
    "person":
     {"first_name": "Brian",
      "last_name": "Tripodi",
      "permalink": "brian-tripodi"}}],
 "competitions":
  [],
 "providerships":
  [],
 "total_money_raised": "$0",
 "funding_rounds":
  [],
 "investments":
  [],
 "acquisition": null,
 "acquisitions":
  [],
 "offices":
  [{"description": "Headquarters",
    "address1": "22952 Alcalde Dr.",
    "address2": "",
    "zip_code": "92653",
    "city": "Laguna Hills",
    "state_code": "CA",
    "country_code": "USA",
    "latitude": null,
    "longitude": null}],
 "milestones":
  [],
 "ipo": null,
 "video_embeds":
  [],
 "screenshots":
  [{"available_sizes":
     [[[114,
        150],
       "http://api-images.crunchbase.com/assets/images/resized/0008/6069/86069v2-max-150x150.jpg"],
      [[190,
        250],
       "http://api-images.crunchbase.com/assets/images/resized/0008/6069/86069v2-max-250x250.jpg"],
      [[342,
        450],
       "http://api-images.crunchbase.com/assets/images/resized/0008/6069/86069v2-max-450x450.jpg"]],
    "attribution": null}],
 "external_links":
  [],
 "partners":
  []}
