{"name": "AlloCure",
 "permalink": "allocure",
 "crunchbase_url": "http://www.crunchbase.com/company/allocure",
 "homepage_url": "http://www.allocure.com",
 "blog_url": "",
 "blog_feed_url": "",
 "twitter_username": null,
 "category_code": "biotech",
 "number_of_employees": null,
 "founded_year": 2008,
 "founded_month": null,
 "founded_day": null,
 "deadpooled_year": null,
 "deadpooled_month": null,
 "deadpooled_day": null,
 "deadpooled_url": null,
 "tag_list": "",
 "alias_list": "",
 "email_address": "allocure@allocure.com",
 "phone_number": "801-583-8450",
 "description": "",
 "created_at": "Thu Jul 08 03:55:20 UTC 2010",
 "updated_at": "Thu Mar 20 08:49:56 UTC 2014",
 "overview": "\u003Cp\u003EAlloCure, Inc., a biotechnology company, develops cell therapies for the treatment of various kidney diseases, organ transplants, and multi-organ injuries. It offers biological therapeutics for acute kidney injuries. AlloCure is based in Burlington, Massachusetts. It has operations in Salt Lake City, Utah and Hamburg, Germany.\nAlloCure is dedicated to the development of off-the-shelf biological therapies to treat serious and debilitating diseases that afflict millions of people around the world. AlloCure\u0026#8217;s unique technology uses processed cells derived from human bone marrow to treat a wide variety of diseases. AlloCure was founded on the unique and proprietary technology developed by Dr. Christof Westenfelder and Dr. Axel Zander. Westenfelder and Zander are world renowned scientists who have dedicated their careers to developing effective therapies for kidney disease. AlloCure has operations in Salt lake City Utah and Hamburg Germany. \u003C/p\u003E",
 "image":
  {"available_sizes":
    [[[150,
       59],
      "http://api-images.crunchbase.com/assets/images/resized/0009/2698/92698v1-max-150x150.png"],
     [[250,
       98],
      "http://api-images.crunchbase.com/assets/images/resized/0009/2698/92698v1-max-250x250.png"],
     [[273,
       108],
      "http://api-images.crunchbase.com/assets/images/resized/0009/2698/92698v1-max-450x450.png"]],
   "attribution": null},
 "products":
  [],
 "relationships":
  [{"is_past": false,
    "title": "President and CEO",
    "person":
     {"first_name": "Robert",
      "last_name": "M. Brenner",
      "permalink": "robert-m-brenner"}},
   {"is_past": false,
    "title": "COO",
    "person":
     {"first_name": "John",
      "last_name": "B. Wirthlin",
      "permalink": "john-b-wirthlin"}},
   {"is_past": false,
    "title": "Vice President, Translational Research",
    "person":
     {"first_name": "Dena",
      "last_name": "M. Minning",
      "permalink": "dena-m-minning"}},
   {"is_past": false,
    "title": "Vice President, Clinical Development",
    "person":
     {"first_name": "Viken",
      "last_name": "Paragamian",
      "permalink": "viken-paragamian"}},
   {"is_past": false,
    "title": "Board of Directors",
    "person":
     {"first_name": "Scott",
      "last_name": "A. Canute",
      "permalink": "scott-a-canute"}},
   {"is_past": false,
    "title": "Board of Directors",
    "person":
     {"first_name": "David",
      "last_name": "Guyer",
      "permalink": "david-guyer"}},
   {"is_past": false,
    "title": "Board of Directors",
    "person":
     {"first_name": "Mette",
      "last_name": "Kirstine Agger",
      "permalink": "mette-kirstine-agger"}},
   {"is_past": false,
    "title": "Board of Directors",
    "person":
     {"first_name": "Thomas",
      "last_name": "Dyrberg",
      "permalink": "thomas-dyrberg"}},
   {"is_past": true,
    "title": "Founding CEO",
    "person":
     {"first_name": "John",
      "last_name": "B. Wirthlin",
      "permalink": "john-b-wirthlin"}}],
 "competitions":
  [],
 "providerships":
  [],
 "total_money_raised": "$32.5M",
 "funding_rounds":
  [{"id": 25936,
    "round_code": "debt_round",
    "source_url": "http://www.masshightech.com/stories/2011/10/10/daily53-AlloCure-gathers-15M-in-debt-financing.html",
    "source_description": "AlloCure gathers $1.5M in debt financing",
    "raised_amount": 1500000.0,
    "raised_currency_code": "USD",
    "funded_year": 2011,
    "funded_month": 10,
    "funded_day": 13,
    "investments":
     []},
   {"id": 29050,
    "round_code": "b",
    "source_url": "http://www.masshightech.com/stories/2012/04/02/daily4-AlloCure-raises-25M-round-for-kidney-disease-trial-.html",
    "source_description": "AlloCure raises $25M round for kidney disease trial ",
    "raised_amount": 25000000.0,
    "raised_currency_code": "USD",
    "funded_year": 2012,
    "funded_month": 4,
    "funded_day": 2,
    "investments":
     [{"company": null,
       "financial_org":
        {"name": "Lundbeckfond Ventures",
         "permalink": "lundbeckfond-ventures"},
       "person": null},
      {"company": null,
       "financial_org":
        {"name": "SV Life Sciences",
         "permalink": "sv-life-sciences"},
       "person": null},
      {"company": null,
       "financial_org":
        {"name": "Novo A/S",
         "permalink": "novo-a-s"},
       "person": null}]},
   {"id": 67350,
    "round_code": "debt_round",
    "source_url": "http://www.sec.gov/Archives/edgar/data/1439955/000143995509000002/xslFormDX01/primary_doc.xml",
    "source_description": "SEC",
    "raised_amount": 400080.0,
    "raised_currency_code": "USD",
    "funded_year": 2009,
    "funded_month": 7,
    "funded_day": 8,
    "investments":
     []},
   {"id": 69991,
    "round_code": "unattributed",
    "source_url": "http://www.sec.gov/Archives/edgar/data/1439955/000143995509000003/xslFormDX01/primary_doc.xml",
    "source_description": "SEC",
    "raised_amount": 5588179.0,
    "raised_currency_code": "USD",
    "funded_year": 2009,
    "funded_month": 11,
    "funded_day": 18,
    "investments":
     []}],
 "investments":
  [],
 "acquisition": null,
 "acquisitions":
  [],
 "offices":
  [{"description": "",
    "address1": "25 Corporate Dr",
    "address2": "STE 360",
    "zip_code": "01803",
    "city": "Burlington",
    "state_code": "MA",
    "country_code": "USA",
    "latitude": null,
    "longitude": null}],
 "milestones":
  [],
 "ipo": null,
 "video_embeds":
  [],
 "screenshots":
  [],
 "external_links":
  [],
 "partners":
  []}
