{"name": "Allux Medical",
 "permalink": "allux-medical",
 "crunchbase_url": "http://www.crunchbase.com/company/allux-medical",
 "homepage_url": null,
 "blog_url": "",
 "blog_feed_url": "",
 "twitter_username": null,
 "category_code": "medical",
 "number_of_employees": null,
 "founded_year": null,
 "founded_month": null,
 "founded_day": null,
 "deadpooled_year": null,
 "deadpooled_month": null,
 "deadpooled_day": null,
 "deadpooled_url": null,
 "tag_list": "",
 "alias_list": "",
 "email_address": "",
 "phone_number": "650-473-9407",
 "description": "",
 "created_at": "Fri Aug 27 12:34:54 UTC 2010",
 "updated_at": "Fri Aug 27 12:39:01 UTC 2010",
 "overview": "\u003Cp\u003EAllux Medical develops medical devices for the treatment of hyper-reactive airway mucosa. The company, formerly known as MedInvent, Inc., is based in Menlo Park, California.\u003C/p\u003E",
 "image": null,
 "products":
  [],
 "relationships":
  [{"is_past": true,
    "title": "VP, Quality Assurance",
    "person":
     {"first_name": "Lloyd",
      "last_name": "Griese",
      "permalink": "lloyd-griese"}},
   {"is_past": true,
    "title": "quality assurance",
    "person":
     {"first_name": "Kathy",
      "last_name": "O\u2019Shaughnessy",
      "permalink": "kathy-oshaughnessy"}},
   {"is_past": true,
    "title": "Founding Team",
    "person":
     {"first_name": "Jed",
      "last_name": "Crowe",
      "permalink": "jed-crowe"}},
   {"is_past": true,
    "title": "Senior R\u0026D Manager",
    "person":
     {"first_name": "Jonathan",
      "last_name": "Podmore",
      "permalink": "jonathan-podmore"}}],
 "competitions":
  [],
 "providerships":
  [],
 "total_money_raised": "$6.4M",
 "funding_rounds":
  [{"id": 17893,
    "round_code": "unattributed",
    "source_url": "",
    "source_description": "EDGAR",
    "raised_amount": 6400000.0,
    "raised_currency_code": "USD",
    "funded_year": 2005,
    "funded_month": 8,
    "funded_day": 29,
    "investments":
     [{"company": null,
       "financial_org":
        {"name": "Prospect Venture Partners",
         "permalink": "prospect-venture-partners"},
       "person": null},
      {"company": null,
       "financial_org":
        {"name": "Three Arch Partners",
         "permalink": "three-arch-partners"},
       "person": null},
      {"company": null,
       "financial_org":
        {"name": "Venrock",
         "permalink": "venrock"},
       "person": null}]}],
 "investments":
  [],
 "acquisition": null,
 "acquisitions":
  [],
 "offices":
  [{"description": "",
    "address1": "1430 O'Brien Drive",
    "address2": "Suite F",
    "zip_code": "94025",
    "city": "Menlo Park",
    "state_code": "CA",
    "country_code": "USA",
    "latitude": null,
    "longitude": null}],
 "milestones":
  [],
 "ipo": null,
 "video_embeds":
  [],
 "screenshots":
  [],
 "external_links":
  [],
 "partners":
  []}
