{"name": "Allweddingcompanies.com",
 "permalink": "allweddingcompanies-com",
 "crunchbase_url": "http://www.crunchbase.com/company/allweddingcompanies-com",
 "homepage_url": "http://www.allweddingcompanies.com",
 "blog_url": "",
 "blog_feed_url": "",
 "twitter_username": "allwedding",
 "category_code": "search",
 "number_of_employees": 3,
 "founded_year": 2005,
 "founded_month": 7,
 "founded_day": 5,
 "deadpooled_year": null,
 "deadpooled_month": null,
 "deadpooled_day": null,
 "deadpooled_url": null,
 "tag_list": "",
 "alias_list": "allwedding.com",
 "email_address": "",
 "phone_number": "888.807.3202",
 "description": "",
 "created_at": "Tue Jul 13 05:51:32 UTC 2010",
 "updated_at": "Sat Apr 05 07:27:00 UTC 2014",
 "overview": "\u003Cp\u003EAllWedding is a planning guide that connects engaged couples with local weeding professionals \u003C/p\u003E",
 "image":
  {"available_sizes":
    [[[150,
       65],
      "http://api-images.crunchbase.com/assets/images/resized/0044/9776/449776v1-max-150x150.png"],
     [[193,
       84],
      "http://api-images.crunchbase.com/assets/images/resized/0044/9776/449776v1-max-250x250.png"],
     [[193,
       84],
      "http://api-images.crunchbase.com/assets/images/resized/0044/9776/449776v1-max-450x450.png"]],
   "attribution": null},
 "products":
  [],
 "relationships":
  [],
 "competitions":
  [],
 "providerships":
  [],
 "total_money_raised": "$0",
 "funding_rounds":
  [],
 "investments":
  [],
 "acquisition": null,
 "acquisitions":
  [],
 "offices":
  [],
 "milestones":
  [],
 "ipo": null,
 "video_embeds":
  [],
 "screenshots":
  [{"available_sizes":
     [[[150,
        103],
       "http://api-images.crunchbase.com/assets/images/resized/0044/9777/449777v1-max-150x150.png"],
      [[250,
        172],
       "http://api-images.crunchbase.com/assets/images/resized/0044/9777/449777v1-max-250x250.png"],
      [[450,
        310],
       "http://api-images.crunchbase.com/assets/images/resized/0044/9777/449777v1-max-450x450.png"]],
    "attribution": null}],
 "external_links":
  [],
 "partners":
  []}
