{"name": "Alphabet Energy",
 "permalink": "alphabet-energy",
 "crunchbase_url": "http://www.crunchbase.com/company/alphabet-energy",
 "homepage_url": "http://www.alphabetenergy.com",
 "blog_url": "",
 "blog_feed_url": "",
 "twitter_username": "alphabetenergy",
 "category_code": "cleantech",
 "number_of_employees": null,
 "founded_year": 2009,
 "founded_month": null,
 "founded_day": null,
 "deadpooled_year": null,
 "deadpooled_month": null,
 "deadpooled_day": null,
 "deadpooled_url": null,
 "tag_list": "heat-recovery",
 "alias_list": "",
 "email_address": "",
 "phone_number": "",
 "description": "Developer of Heat Recovery Technology ",
 "created_at": "Wed May 05 02:43:14 UTC 2010",
 "updated_at": "Sun Aug 25 06:17:45 UTC 2013",
 "overview": "\u003Cp\u003EAlphabet Energy, Inc. is commercializing a breakthrough, inexpensive waste heat recovery technology developed at the Lawrence Berkeley National Laboratory. Our revolutionary thermoelectric approach and materials platform is the only of its kind that lends itself to massive scale at low cost. With our products, made entirely from sustainable materials, customers may use their waste heat to generate electrical power in the range of microwatts to megawatts.\u003C/p\u003E",
 "image":
  {"available_sizes":
    [[[150,
       57],
      "http://api-images.crunchbase.com/assets/images/resized/0008/5974/85974v1-max-150x150.png"],
     [[203,
       78],
      "http://api-images.crunchbase.com/assets/images/resized/0008/5974/85974v1-max-250x250.png"],
     [[203,
       78],
      "http://api-images.crunchbase.com/assets/images/resized/0008/5974/85974v1-max-450x450.png"]],
   "attribution": null},
 "products":
  [],
 "relationships":
  [{"is_past": false,
    "title": "Co-Founder",
    "person":
     {"first_name": "Peidong",
      "last_name": "Yang",
      "permalink": "peidong-yang"}},
   {"is_past": false,
    "title": "Founder/CEO",
    "person":
     {"first_name": "Matthew",
      "last_name": "L. Scullin",
      "permalink": "matthew-l-scullin"}},
   {"is_past": false,
    "title": "VP of Engineering",
    "person":
     {"first_name": "Adam",
      "last_name": "Lorimer",
      "permalink": "adam-lorimer"}},
   {"is_past": false,
    "title": "Board Member",
    "person":
     {"first_name": "Paul",
      "last_name": "Straub",
      "permalink": "paul-straub"}},
   {"is_past": false,
    "title": "Advisor",
    "person":
     {"first_name": "Christopher",
      "last_name": "E. Griffin",
      "permalink": "christopher-e-griffin"}},
   {"is_past": false,
    "title": "Director of Thermoelectric Engineering",
    "person":
     {"first_name": "Douglas",
      "last_name": "Crane",
      "permalink": "douglas-crane"}},
   {"is_past": false,
    "title": "Director of Finance",
    "person":
     {"first_name": "Andrea",
      "last_name": "Spangrud",
      "permalink": "andrea-spangrud"}},
   {"is_past": false,
    "title": "Board Member",
    "person":
     {"first_name": "Susan",
      "last_name": "Preston",
      "permalink": "susan-preston"}},
   {"is_past": false,
    "title": "Director",
    "person":
     {"first_name": "Michael",
      "last_name": "Fawkes",
      "permalink": "michael-fawkes"}},
   {"is_past": false,
    "title": "Board Member",
    "person":
     {"first_name": "Mark",
      "last_name": "Gudiksen",
      "permalink": "mark-gudiksen"}},
   {"is_past": false,
    "title": "VP of Marketing",
    "person":
     {"first_name": "Mothusi",
      "last_name": "Pahl",
      "permalink": "mothusi-pahl"}},
   {"is_past": false,
    "title": "Director of Product Engineering",
    "person":
     {"first_name": "Ad",
      "last_name": "de Pijper",
      "permalink": "ad-de-pijper"}},
   {"is_past": false,
    "title": "Board Member",
    "person":
     {"first_name": "Mike",
      "last_name": "Fawkes",
      "permalink": "mike-fawkes"}},
   {"is_past": false,
    "title": "Board Member",
    "person":
     {"first_name": "Vince",
      "last_name": "Elenko",
      "permalink": "vince-elenko"}},
   {"is_past": true,
    "title": "Board Observer",
    "person":
     {"first_name": "Micah",
      "last_name": "Myers",
      "permalink": "micah-myers"}}],
 "competitions":
  [],
 "providerships":
  [],
 "total_money_raised": "$31M",
 "funding_rounds":
  [{"id": 15249,
    "round_code": "seed",
    "source_url": "http://www.marketwire.com/press-release/Alphabet-Energy-Attracts-1-Million-From-Claremont-Creek-Ventures-California-Clean-Energy-1157452.htm",
    "source_description": "Alphabet Energy Attracts $1 Million From Claremont Creek Ventures and the California Clean Energy Fund",
    "raised_amount": 1000000.0,
    "raised_currency_code": "USD",
    "funded_year": 2010,
    "funded_month": 5,
    "funded_day": 3,
    "investments":
     [{"company": null,
       "financial_org":
        {"name": "Claremont Creek Ventures",
         "permalink": "claremont-creek-ventures"},
       "person": null},
      {"company": null,
       "financial_org":
        {"name": "CalCEF Clean Energy Angel Fund",
         "permalink": "calcef-clean-energy-angel-fund"},
       "person": null}]},
   {"id": 25415,
    "round_code": "a",
    "source_url": "http://www.finsmes.com/2011/09/alphabet-energy-raises-12m-series-financing.html?utm_source=feedburner\u0026utm_medium=feed\u0026utm_campaign=Feed%3A+finsmes%2FcNHu+%28FinSMEs%29",
    "source_description": "Alphabet Energy Raises $12M in Series A Financing",
    "raised_amount": 12000000.0,
    "raised_currency_code": "USD",
    "funded_year": 2011,
    "funded_month": 9,
    "funded_day": 15,
    "investments":
     [{"company": null,
       "financial_org":
        {"name": "TPG Biotech",
         "permalink": "tpg-biotech"},
       "person": null},
      {"company": null,
       "financial_org":
        {"name": "Claremont Creek Ventures",
         "permalink": "claremont-creek-ventures"},
       "person": null},
      {"company": null,
       "financial_org":
        {"name": "CalCEF Clean Energy Angel Fund",
         "permalink": "calcef-clean-energy-angel-fund"},
       "person": null}]},
   {"id": 28650,
    "round_code": "debt_round",
    "source_url": "http://www.finsmes.com/2012/03/alphabet-energy-secures-2m-debt-financing.html?utm_source=feedburner\u0026utm_medium=feed\u0026utm_campaign=Feed%3A+finsmes%2FcNHu+%28FinSMEs%29",
    "source_description": "Alphabet Energy Secures $2M in Debt Financing",
    "raised_amount": 2000000.0,
    "raised_currency_code": "USD",
    "funded_year": 2012,
    "funded_month": 3,
    "funded_day": 8,
    "investments":
     [{"company": null,
       "financial_org":
        {"name": "Hercules Technology Growth Capital",
         "permalink": "hercules-technology-growth"},
       "person": null}]},
   {"id": 36134,
    "round_code": "b",
    "source_url": "http://www.finsmes.com/2013/03/alphabet-energy-raises-16m-series-financing.html",
    "source_description": "Alphabet Energy Raises $16M in Series B Financing",
    "raised_amount": 16000000.0,
    "raised_currency_code": "USD",
    "funded_year": 2013,
    "funded_month": 3,
    "funded_day": 11,
    "investments":
     [{"company": null,
       "financial_org":
        {"name": "Claremont Creek Ventures",
         "permalink": "claremont-creek-ventures"},
       "person": null},
      {"company": null,
       "financial_org":
        {"name": "TPG Biotech",
         "permalink": "tpg-biotech"},
       "person": null},
      {"company": null,
       "financial_org":
        {"name": "CalCEF Clean Energy Angel Fund",
         "permalink": "calcef-clean-energy-angel-fund"},
       "person": null},
      {"company":
        {"name": "EnCana",
         "permalink": "encana"},
       "financial_org": null,
       "person": null}]}],
 "investments":
  [],
 "acquisition": null,
 "acquisitions":
  [],
 "offices":
  [{"description": "Headquarters",
    "address1": "239 8th street",
    "address2": "suite 12",
    "zip_code": "94103",
    "city": "San Francisco",
    "state_code": "CA",
    "country_code": "USA",
    "latitude": null,
    "longitude": null}],
 "milestones":
  [{"id": 12849,
    "description": "Alphabet Energy Awarded Government Grants Totaling $320,000",
    "stoned_year": 2010,
    "stoned_month": 2,
    "stoned_day": 24,
    "source_url": "http://www.pitchengine.com/pitch/44311/",
    "source_text": "Alphabet Energy, a startup whose patented thermoelectric technology from the Lawrence Berkeley National Laboratory converts waste heat into electricity, has secured both a government grant from the Department of Energy's Small Business Innovation Research (SBIR) program as well as separate grants from the U.S. Army and Air Force. The funds, totaling $320K, enable Alphabet Energy to advance development of its low-cost thermoelectric waste-heat recovery technology, which will be used to recapture energy wasted in countless scenarios, ranging from automobile exhaust to metal and plastic production plants. The grant money from the DoE, Army, and Air Force complements private funding previously raised by the company. ",
    "source_description": "Alphabet Energy Awarded Government Grants Totaling $320,000",
    "stoneable_type": "Company",
    "stoned_value": null,
    "stoned_value_type": null,
    "stoned_acquirer": null,
    "stoneable":
     {"name": "Alphabet Energy",
      "permalink": "alphabet-energy"}}],
 "ipo": null,
 "video_embeds":
  [],
 "screenshots":
  [{"available_sizes":
     [[[150,
        115],
       "http://api-images.crunchbase.com/assets/images/resized/0017/7700/177700v1-max-150x150.png"],
      [[250,
        192],
       "http://api-images.crunchbase.com/assets/images/resized/0017/7700/177700v1-max-250x250.png"],
      [[450,
        346],
       "http://api-images.crunchbase.com/assets/images/resized/0017/7700/177700v1-max-450x450.png"]],
    "attribution": null}],
 "external_links":
  [],
 "partners":
  []}
