{"name": "Alphacet",
 "permalink": "alphacet",
 "crunchbase_url": "http://www.crunchbase.com/company/alphacet",
 "homepage_url": "http://www.alphacet.com",
 "blog_url": "",
 "blog_feed_url": "",
 "twitter_username": null,
 "category_code": "other",
 "number_of_employees": null,
 "founded_year": null,
 "founded_month": null,
 "founded_day": null,
 "deadpooled_year": null,
 "deadpooled_month": null,
 "deadpooled_day": null,
 "deadpooled_url": null,
 "tag_list": "",
 "alias_list": null,
 "email_address": "info@alphacet.com",
 "phone_number": "203-352-6990",
 "description": "Quantitative trading strategy platform",
 "created_at": "Tue May 04 16:23:15 UTC 2010",
 "updated_at": "Mon Sep 13 18:12:29 UTC 2010",
 "overview": "\u003Cp\u003EAlphacet, Inc. develops innovative software tools that help quantitative analysts, traders and portfolio managers create consistent alpha, or absolute, returns.\u003C/p\u003E\n\n\u003Cp\u003EThe company\u0026#8217;s flagship product - Alphacet Discovery - is the culmination of more than four years of intensive development. Alphacet Discovery is the only complete Straight Through Processing platform for advanced quantitative strategy development and deployment. Alphacet Discovery seamlessly connects to leading market data vendors and market database partners, and provides advanced codeless financial modeling tools that allow \u0026#8220;on the fly\u0026#8221; programming, back testing, walk forward and capability to push live - all through a revolutionary drag and drop interface.\u003C/p\u003E\n\n\u003Cp\u003EAlphacet\u0026#8217;s management team combines experience in the development and marketing of advanced trading technologies with practical trading expertise and extensive academic and research talent.\u003C/p\u003E\n\n\u003Cp\u003EAlphacet, Inc. was founded in 2007, building on efforts that began in 2003, based on pioneering work by researchers at the University of California. Alphacet is headquartered in Stamford, Connecticut, with development facilities in Petaluma, California.\u003C/p\u003E",
 "image":
  {"available_sizes":
    [[[150,
       109],
      "http://api-images.crunchbase.com/assets/images/resized/0008/5941/85941v2-max-150x150.jpg"],
     [[173,
       126],
      "http://api-images.crunchbase.com/assets/images/resized/0008/5941/85941v2-max-250x250.jpg"],
     [[173,
       126],
      "http://api-images.crunchbase.com/assets/images/resized/0008/5941/85941v2-max-450x450.jpg"]],
   "attribution": null},
 "products":
  [],
 "relationships":
  [{"is_past": false,
    "title": "CEO",
    "person":
     {"first_name": "Peter",
      "last_name": "Sibirzeff",
      "permalink": "peter-sibirzeff"}},
   {"is_past": false,
    "title": "Chief Scientific Officer",
    "person":
     {"first_name": "Dr.",
      "last_name": "Robert Levinson",
      "permalink": "dr-robert-levinson"}},
   {"is_past": false,
    "title": "CFO",
    "person":
     {"first_name": "Lawrence",
      "last_name": "Kinsella",
      "permalink": "lawrence-kinsella"}},
   {"is_past": false,
    "title": "Board Member",
    "person":
     {"first_name": "Roger",
      "last_name": "Ehrenberg",
      "permalink": "roger-ehrenberg"}},
   {"is_past": false,
    "title": "CTO",
    "person":
     {"first_name": "Rosario",
      "last_name": "Ingargiola",
      "permalink": "rosario-ingargiola"}},
   {"is_past": true,
    "title": "Director",
    "person":
     {"first_name": "William",
      "last_name": "Guttman",
      "permalink": "william-guttman"}}],
 "competitions":
  [],
 "providerships":
  [],
 "total_money_raised": "$0",
 "funding_rounds":
  [],
 "investments":
  [],
 "acquisition": null,
 "acquisitions":
  [],
 "offices":
  [{"description": "Alphacet Stamford Office",
    "address1": "Metro Center",
    "address2": "One Station Place",
    "zip_code": "06902",
    "city": "Stamford",
    "state_code": "CT",
    "country_code": "USA",
    "latitude": null,
    "longitude": null}],
 "milestones":
  [],
 "ipo": null,
 "video_embeds":
  [{"embed_code": "\u003Cobject width=\"450\" height=\"270\"\u003E\u003Cparam name=\"movie\" value=\"http://www.youtube.com/v/J4dvZtUkR6w\u0026hl=en_US\u0026fs=1\u0026\"\u003E\u003C/param\u003E\u003Cparam name=\"allowFullScreen\" value=\"true\"\u003E\u003C/param\u003E\u003Cparam name=\"allowscriptaccess\" value=\"always\"\u003E\u003C/param\u003E\u003Cembed src=\"http://www.youtube.com/v/J4dvZtUkR6w\u0026hl=en_US\u0026fs=1\u0026\" type=\"application/x-shockwave-flash\" allowscriptaccess=\"always\" allowfullscreen=\"true\" width=\"450\" height=\"270\"\u003E\u003C/embed\u003E\u003C/object\u003E",
    "description": "\u003Cp\u003EProduct Demo\u003C/p\u003E"},
   {"embed_code": "\u003Cobject width=\"450\" height=\"270\"\u003E\u003Cparam name=\"movie\" value=\"http://www.youtube.com/v/HzWx9Arh9iE\u0026rel=0\u0026border=1\u0026color1=0xb1b1b1\u0026color2=0xd0d0d0\u0026hl=en_US\u0026feature=player_embedded\u0026fs=1\"\u003E\u003C/param\u003E\u003Cparam name=\"allowFullScreen\" value=\"true\"\u003E\u003C/param\u003E\u003Cparam name=\"allowScriptAccess\" value=\"always\"\u003E\u003C/param\u003E\u003Cembed src=\"http://www.youtube.com/v/HzWx9Arh9iE\u0026rel=0\u0026border=1\u0026color1=0xb1b1b1\u0026color2=0xd0d0d0\u0026hl=en_US\u0026feature=player_embedded\u0026fs=1\" type=\"application/x-shockwave-flash\" allowfullscreen=\"true\" allowScriptAccess=\"always\" width=\"450\" height=\"270\"\u003E\u003C/embed\u003E\u003C/object\u003E",
    "description": "\u003Cp\u003EDiscovery Hedging Strategy\u003C/p\u003E"}],
 "screenshots":
  [],
 "external_links":
  [],
 "partners":
  []}
