{"name": "Alphabird",
 "permalink": "alphabird",
 "crunchbase_url": "http://www.crunchbase.com/company/alphabird",
 "homepage_url": "http://www.alphabird.com",
 "blog_url": "",
 "blog_feed_url": "",
 "twitter_username": "alphabirdvideo",
 "category_code": "advertising",
 "number_of_employees": null,
 "founded_year": 2009,
 "founded_month": 5,
 "founded_day": 1,
 "deadpooled_year": null,
 "deadpooled_month": null,
 "deadpooled_day": null,
 "deadpooled_url": null,
 "tag_list": "publisher-solutions, audience-development, digital-media, digital-marketing, rtb, data-driven-marketing, online-video, online-video-advertising, online-video-syndication, video-syndication, syndication, video-distribution",
 "alias_list": null,
 "email_address": "",
 "phone_number": "",
 "description": "Global Digital Marketing",
 "created_at": "Wed Mar 10 23:06:48 UTC 2010",
 "updated_at": "Mon Feb 25 04:18:32 UTC 2013",
 "overview": "\u003Cp\u003EAlphabird is a vertically integrated digital marketing company with offices in San Francisco, Los Angeles, New York, London and Sydney. Alphabird\u0026#8217;s suite of publisher solutions enables web and mobile publishers to manage and optimize their audience development, content, data and monetization initiatives.\u003C/p\u003E\n\n\u003Cp\u003EThe AlphaBird investor group is led by Joe Abrams. Abrams co-founded Intermix in 1998, the predecessor company to MySpace, which was sold to News Corp. in 2005 for $580 million. In 1983, Abrams co-founded The Software Toolworks, Inc., a publicly held developer, publisher, and distributor of educational and entertainment software, which was sold to Pearson, Plc. in 1994 for $462 million.\u003C/p\u003E",
 "image":
  {"available_sizes":
    [[[150,
       120],
      "http://api-images.crunchbase.com/assets/images/resized/0007/9967/79967v4-max-150x150.jpg"],
     [[250,
       200],
      "http://api-images.crunchbase.com/assets/images/resized/0007/9967/79967v4-max-250x250.jpg"],
     [[450,
       361],
      "http://api-images.crunchbase.com/assets/images/resized/0007/9967/79967v4-max-450x450.jpg"]],
   "attribution": null},
 "products":
  [],
 "relationships":
  [{"is_past": false,
    "title": "COO",
    "person":
     {"first_name": "Justin",
      "last_name": "Manes",
      "permalink": "justin-manes"}},
   {"is_past": false,
    "title": "VP Network Development",
    "person":
     {"first_name": "Nelson",
      "last_name": "Becerra",
      "permalink": "nelson-becerra"}},
   {"is_past": false,
    "title": "President",
    "person":
     {"first_name": "Alex",
      "last_name": "Rowland",
      "permalink": "alex-rowland"}},
   {"is_past": false,
    "title": "Managing Director of Alphabird Australia",
    "person":
     {"first_name": "Willie",
      "last_name": "Pang",
      "permalink": "willie-pang"}},
   {"is_past": true,
    "title": "Co-Founder, CEO",
    "person":
     {"first_name": "Chase",
      "last_name": "Norlin",
      "permalink": "chase-norlin"}}],
 "competitions":
  [],
 "providerships":
  [],
 "total_money_raised": "$0",
 "funding_rounds":
  [],
 "investments":
  [],
 "acquisition": null,
 "acquisitions":
  [{"price_amount": null,
    "price_currency_code": "USD",
    "term_code": null,
    "source_url": "http://techcrunch.com/2012/07/18/alphabird-acquires-castfire/",
    "source_description": "Audience Development Specialist Alphabird Acquires Video Distribution Startup Castfire",
    "acquired_year": 2012,
    "acquired_month": 7,
    "acquired_day": 18,
    "company":
     {"name": "Castfire",
      "permalink": "castfire"}},
   {"price_amount": null,
    "price_currency_code": "USD",
    "term_code": null,
    "source_url": "http://techcrunch.com/2012/10/08/alphabird-vidm/",
    "source_description": "Alphabird Acquires Australian Startup Ventures In Digital Media To Expand Internationally",
    "acquired_year": 2012,
    "acquired_month": 10,
    "acquired_day": 9,
    "company":
     {"name": "Ventures in Digital Media",
      "permalink": "ventures-in-digital-media"}},
   {"price_amount": null,
    "price_currency_code": "USD",
    "term_code": null,
    "source_url": "",
    "source_description": "",
    "acquired_year": 2011,
    "acquired_month": 7,
    "acquired_day": null,
    "company":
     {"name": "Media Social",
      "permalink": "media-social"}},
   {"price_amount": null,
    "price_currency_code": "USD",
    "term_code": null,
    "source_url": "",
    "source_description": "",
    "acquired_year": 2011,
    "acquired_month": 3,
    "acquired_day": null,
    "company":
     {"name": "PlaceVine",
      "permalink": "placevine"}},
   {"price_amount": null,
    "price_currency_code": "USD",
    "term_code": null,
    "source_url": "http://techcrunch.com/2013/02/14/alphabird-volt-media/",
    "source_description": "",
    "acquired_year": 2013,
    "acquired_month": 2,
    "acquired_day": 1,
    "company":
     {"name": "VOLT Media",
      "permalink": "volt-media"}}],
 "offices":
  [{"description": "Alphabird Los Angeles",
    "address1": "18066 Wilshire Blvd",
    "address2": "Suite 560",
    "zip_code": "90049",
    "city": "Los Angeles",
    "state_code": "CA",
    "country_code": "USA",
    "latitude": 34.0413239,
    "longitude": -118.4708874},
   {"description": "Alphabird Australia",
    "address1": "Suite 119",
    "address2": "26-32 Pirrama Rd",
    "zip_code": "2009",
    "city": "Pyrmont, Sydney, NSW",
    "state_code": null,
    "country_code": "AUS",
    "latitude": null,
    "longitude": null},
   {"description": "Alphabird Headquarters",
    "address1": "555 Market St",
    "address2": "15th Floor",
    "zip_code": "94105",
    "city": "San Francisco",
    "state_code": "CA",
    "country_code": "USA",
    "latitude": 37.78989,
    "longitude": -122.39993}],
 "milestones":
  [{"id": 7410,
    "description": "FremantleMedia has pacted with web syndicator AlphaBird to distrib an online series revolving around a fashion and makeover competish for women.",
    "stoned_year": 2010,
    "stoned_month": 4,
    "stoned_day": 28,
    "source_url": "http://www.variety.com/article/VR1118017410.html?categoryid=1009\u0026cs=1\u0026ref=verttech",
    "source_text": null,
    "source_description": "FremantleMedia has pacted with web syndicator AlphaBird to distrib an online series revolving around a fashion and makeover competish for women.",
    "stoneable_type": "Company",
    "stoned_value": null,
    "stoned_value_type": null,
    "stoned_acquirer": null,
    "stoneable":
     {"name": "Alphabird",
      "permalink": "alphabird"}},
   {"id": 20786,
    "description": "Alex Rowland named CRO",
    "stoned_year": 2012,
    "stoned_month": 1,
    "stoned_day": 1,
    "source_url": "",
    "source_text": null,
    "source_description": "",
    "stoneable_type": "Company",
    "stoned_value": null,
    "stoned_value_type": null,
    "stoned_acquirer": null,
    "stoneable":
     {"name": "Alphabird",
      "permalink": "alphabird"}},
   {"id": 20787,
    "description": "Justin Manes named COO",
    "stoned_year": 2012,
    "stoned_month": 1,
    "stoned_day": 1,
    "source_url": "",
    "source_text": null,
    "source_description": "",
    "stoneable_type": "Company",
    "stoned_value": null,
    "stoned_value_type": null,
    "stoned_acquirer": null,
    "stoneable":
     {"name": "Alphabird",
      "permalink": "alphabird"}},
   {"id": 22267,
    "description": "Justin Manes hired as COO",
    "stoned_year": 2012,
    "stoned_month": 2,
    "stoned_day": null,
    "source_url": "http://www.alphabird.com/category/team/",
    "source_text": null,
    "source_description": "alphabird.com",
    "stoneable_type": "Company",
    "stoned_value": null,
    "stoned_value_type": null,
    "stoned_acquirer": null,
    "stoneable":
     {"name": "Alphabird",
      "permalink": "alphabird"}}],
 "ipo": null,
 "video_embeds":
  [{"embed_code": "\u003Cembed src=\"http://blip.tv/play/goRrgdibQQI%2Em4v\" type=\"application/x-shockwave-flash\" width=\"370\" height=\"240\" allowscriptaccess=\"always\" allowfullscreen=\"true\"\u003E\u003C/embed\u003E",
    "description": "\u003Cp\u003EThis video was originally posted on \u003Ca href=\"http://www.beet.tv/2010/04/new-online-video-syndication-service-alphabird-recently-inked-a-deal-with-fremantle-to-push-out-the-studios-new-brand.html\" title=\"Beet.TV\" rel=\"nofollow\"\u003EBeet.TV\u003C/a\u003E\u003C/p\u003E"},
   {"embed_code": "\u003Ciframe src=\"http://blip.tv/play/goRrgt%2BvPAI.html\" width=\"370\" height=\"240\" frameborder=\"0\" allowfullscreen\u003E\u003C/iframe\u003E\u003Cembed type=\"application/x-shockwave-flash\" src=\"http://a.blip.tv/api.swf#goRrgt+vPAI\" style=\"display:none\"\u003E\u003C/embed\u003E",
    "description": "\u003Cp\u003EThis video was originally published \u003Ca href=\"http://www.beet.tv/2011/11/beetpanelmonaco.html\" title=\"on Beet.TV\" rel=\"nofollow\"\u003Eon Beet.TV\u003C/a\u003E\u003C/p\u003E"},
   {"embed_code": "\u003Ciframe src=\"http://blip.tv/play/goRrgt%2BXKAI.html\" width=\"370\" height=\"240\" frameborder=\"0\" allowfullscreen\u003E\u003C/iframe\u003E\u003Cembed type=\"application/x-shockwave-flash\" src=\"http://a.blip.tv/api.swf#goRrgt+XKAI\" style=\"display:none\"\u003E\u003C/embed\u003E",
    "description": "\u003Cp\u003EThis video was originally published \u003Ca href=\"http://www.beet.tv/2011/11/alphabid.html\" title=\"on Beet.TV\" rel=\"nofollow\"\u003Eon Beet.TV\u003C/a\u003E\u003C/p\u003E"},
   {"embed_code": "\u003Ciframe src=\"http://blip.tv/play/goRrg4mxaQI.x?p=1\" width=\"370\" height=\"240\" frameborder=\"0\" allowfullscreen\u003E\u003C/iframe\u003E\u003Cembed type=\"application/x-shockwave-flash\" src=\"http://a.blip.tv/api.swf#goRrg4mxaQI\" style=\"display:none\"\u003E\u003C/embed\u003E",
    "description": "\u003Cp\u003EThis video was originally published on \u003Ca href=\"http://www.beet.tv/2012/11/alpha-bird-monaco.html\" title=\"Beet.TV\" rel=\"nofollow\"\u003EBeet.TV\u003C/a\u003E\u003C/p\u003E"},
   {"embed_code": "\u003Ciframe width=\"420\" height=\"315\" src=\"http://www.youtube.com/embed/d5FbMGM7BSs\" frameborder=\"0\" allowfullscreen\u003E\u003C/iframe\u003E",
    "description": "\u003Cp\u003EAdotasTV: Q\u0026amp;A with Alphabird President Alex Rowland, Dec. 7, 2012.\u003C/p\u003E"},
   {"embed_code": "\u003Ciframe width=\"430\" height=\"242\" src=\"http://www.youtube.com/embed/heCysRxR3TE\" frameborder=\"0\" allowfullscreen\u003E\u003C/iframe\u003E",
    "description": "\u003Cp\u003ECALInnovates Interviews Alphabird CEO Chase Norlin\u003C/p\u003E"},
   {"embed_code": "\u003Ciframe width=\"430\" height=\"242\" src=\"http://www.youtube.com/embed/egNjqEmz1h8\" frameborder=\"0\" allowfullscreen\u003E\u003C/iframe\u003E",
    "description": "\u003Cp\u003EMSN \u0026amp; Alphabird Present at NATPE 2013. Audience \u0026amp; Monetization for the Next Wave of Digital Publishing \u003C/p\u003E"}],
 "screenshots":
  [{"available_sizes":
     [[[150,
        84],
       "http://api-images.crunchbase.com/assets/images/resized/0009/7106/97106v2-max-150x150.jpg"],
      [[250,
        140],
       "http://api-images.crunchbase.com/assets/images/resized/0009/7106/97106v2-max-250x250.jpg"],
      [[450,
        253],
       "http://api-images.crunchbase.com/assets/images/resized/0009/7106/97106v2-max-450x450.jpg"]],
    "attribution": null},
   {"available_sizes":
     [[[150,
        97],
       "http://api-images.crunchbase.com/assets/images/resized/0022/6443/226443v2-max-150x150.png"],
      [[250,
        162],
       "http://api-images.crunchbase.com/assets/images/resized/0022/6443/226443v2-max-250x250.png"],
      [[450,
        291],
       "http://api-images.crunchbase.com/assets/images/resized/0022/6443/226443v2-max-450x450.png"]],
    "attribution": null}],
 "external_links":
  [],
 "partners":
  []}
