{"name": "Alsyon Technologies",
 "permalink": "alsyon-technologies",
 "crunchbase_url": "http://www.crunchbase.com/company/alsyon-technologies",
 "homepage_url": "http://www.alsyon-technologies.com",
 "blog_url": "http://www.alsyon-technologies.com/blog/",
 "blog_feed_url": "http://www.alsyon-technologies.com/feed/",
 "twitter_username": "alsyon",
 "category_code": "software",
 "number_of_employees": null,
 "founded_year": 2003,
 "founded_month": 9,
 "founded_day": 30,
 "deadpooled_year": null,
 "deadpooled_month": null,
 "deadpooled_day": null,
 "deadpooled_url": null,
 "tag_list": "",
 "alias_list": "",
 "email_address": "info@alsyon-tech.com",
 "phone_number": "+33 1 39 76 20 08",
 "description": "corporate payment and banking software",
 "created_at": "Tue Apr 13 17:11:09 UTC 2010",
 "updated_at": "Tue Feb 04 12:52:48 UTC 2014",
 "overview": "\u003Cp\u003EAlsyon Technologies develops and provides corporate payment and banking communication management software. \u003C/p\u003E\n\n\u003Cp\u003EThe company was founded in 2003 and is based in Le Pecq, France.\u003C/p\u003E",
 "image":
  {"available_sizes":
    [[[113,
       150],
      "http://api-images.crunchbase.com/assets/images/resized/0008/3651/83651v1-max-150x150.png"],
     [[128,
       169],
      "http://api-images.crunchbase.com/assets/images/resized/0008/3651/83651v1-max-250x250.png"],
     [[128,
       169],
      "http://api-images.crunchbase.com/assets/images/resized/0008/3651/83651v1-max-450x450.png"]],
   "attribution": null},
 "products":
  [{"name": "Th\u00e9tys Pouvoirs",
    "permalink": "thtys-pouvoirs"},
   {"name": "Th\u00e9tys Tr\u00e9sorerie",
    "permalink": "thtys-trsorerie"},
   {"name": "Th\u00e9tys Mandat S\u20acPA",
    "permalink": "thtys-mandat-spa"},
   {"name": "Th\u00e9tys Payment",
    "permalink": "thtys-payment"}],
 "relationships":
  [],
 "competitions":
  [],
 "providerships":
  [],
 "total_money_raised": "$3.81M",
 "funding_rounds":
  [{"id": 14147,
    "round_code": "a",
    "source_url": "http://www.alsyon-tech.com/news/news.php",
    "source_description": "Alsyon l\u00c3\u00a8ve 2 millions d'euros aupr\u00c3\u00a8s de Seventure Partners pour accompagner la croissance de la soci\u00c3\u00a9t\u00c3\u00a9",
    "raised_amount": 2950000.0,
    "raised_currency_code": "USD",
    "funded_year": 2007,
    "funded_month": 11,
    "funded_day": 29,
    "investments":
     [{"company": null,
       "financial_org":
        {"name": "Seventure Partners",
         "permalink": "seventure-partners"},
       "person": null}]},
   {"id": 17200,
    "round_code": "b",
    "source_url": "",
    "source_description": "EDGAR",
    "raised_amount": 858000.0,
    "raised_currency_code": "USD",
    "funded_year": 2010,
    "funded_month": 3,
    "funded_day": 31,
    "investments":
     [{"company": null,
       "financial_org":
        {"name": "Seventure Partners",
         "permalink": "seventure-partners"},
       "person": null}]}],
 "investments":
  [],
 "acquisition": null,
 "acquisitions":
  [],
 "offices":
  [{"description": "Si\u00e8ge social",
    "address1": "Parc des Grillons - B\u00e2timent 4",
    "address2": "60 route de Sartrouville",
    "zip_code": "78230",
    "city": "Le Pecq",
    "state_code": null,
    "country_code": "FRA",
    "latitude": null,
    "longitude": null}],
 "milestones":
  [],
 "ipo": null,
 "video_embeds":
  [],
 "screenshots":
  [{"available_sizes":
     [[[150,
        102],
       "http://api-images.crunchbase.com/assets/images/resized/0008/3652/83652v1-max-150x150.jpg"],
      [[250,
        171],
       "http://api-images.crunchbase.com/assets/images/resized/0008/3652/83652v1-max-250x250.jpg"],
      [[450,
        308],
       "http://api-images.crunchbase.com/assets/images/resized/0008/3652/83652v1-max-450x450.jpg"]],
    "attribution": null}],
 "external_links":
  [],
 "partners":
  []}
