{"name": "ALTASO",
 "permalink": "altaso",
 "crunchbase_url": "http://www.crunchbase.com/company/altaso",
 "homepage_url": "http://www.altaso.com",
 "blog_url": "http://www.altaso.com/blog",
 "blog_feed_url": "http://www.altaso.com/blog/feed/",
 "twitter_username": "altaso",
 "category_code": "software",
 "number_of_employees": null,
 "founded_year": 2009,
 "founded_month": 2,
 "founded_day": null,
 "deadpooled_year": null,
 "deadpooled_month": null,
 "deadpooled_day": null,
 "deadpooled_url": null,
 "tag_list": "software-development, custom-development, web-development, web-programming",
 "alias_list": null,
 "email_address": "",
 "phone_number": "",
 "description": "ALTASO LTD. - Alberta Software",
 "created_at": "Sat Sep 04 15:57:14 UTC 2010",
 "updated_at": "Mon Mar 31 12:13:23 UTC 2014",
 "overview": "\u003Cp\u003EALTASO LTD. provides custom software development services for small to medium size companies. They design and develop reliable, secure and quality software that works. ALTASO utilizes a variety of technologies and tools to generate unique results that allow them to deliver software solutions that exceed the specific needs of customers. \u003C/p\u003E\n\n\u003Cp\u003EALTASO is committed to ensuring that Open Source solutions provide businesses with a cost effective option to fulfill their software needs. \u003C/p\u003E",
 "image":
  {"available_sizes":
    [[[150,
       150],
      "http://api-images.crunchbase.com/assets/images/resized/0010/0566/100566v2-max-150x150.jpg"],
     [[250,
       250],
      "http://api-images.crunchbase.com/assets/images/resized/0010/0566/100566v2-max-250x250.jpg"],
     [[267,
       267],
      "http://api-images.crunchbase.com/assets/images/resized/0010/0566/100566v2-max-450x450.jpg"]],
   "attribution": null},
 "products":
  [],
 "relationships":
  [{"is_past": false,
    "title": "President \u0026 CEO",
    "person":
     {"first_name": "Marek",
      "last_name": "Pisch",
      "permalink": "marek-pisch"}}],
 "competitions":
  [],
 "providerships":
  [],
 "total_money_raised": "$0",
 "funding_rounds":
  [],
 "investments":
  [],
 "acquisition": null,
 "acquisitions":
  [],
 "offices":
  [{"description": "Headquarters",
    "address1": "",
    "address2": "Alberta",
    "zip_code": "",
    "city": "Calgary",
    "state_code": null,
    "country_code": "CAN",
    "latitude": null,
    "longitude": null}],
 "milestones":
  [],
 "ipo": null,
 "video_embeds":
  [],
 "screenshots":
  [],
 "external_links":
  [],
 "partners":
  []}
