{"name": "Altai Technologies",
 "permalink": "altai-technologies",
 "crunchbase_url": "http://www.crunchbase.com/company/altai-technologies",
 "homepage_url": "http://www.altaitechnologies.com",
 "blog_url": "",
 "blog_feed_url": "",
 "twitter_username": null,
 "category_code": "network_hosting",
 "number_of_employees": null,
 "founded_year": null,
 "founded_month": null,
 "founded_day": null,
 "deadpooled_year": null,
 "deadpooled_month": null,
 "deadpooled_day": null,
 "deadpooled_url": null,
 "tag_list": "",
 "alias_list": "",
 "email_address": "info@altaitechnologies.com",
 "phone_number": "852-3758-6000",
 "description": "",
 "created_at": "Tue May 25 04:10:44 UTC 2010",
 "updated_at": "Tue May 25 04:22:47 UTC 2010",
 "overview": "\u003Cp\u003EAltai Technologies is a privately held high technology company focused in design, development, and marketing of innovative outdoor wireless broadband solution. The flagship product, the A8 WiFi base station, is mainly deployed in outdoor environments to provide city-wide or large area WiFi coverage for users to enjoy ubiquitous broadband access. This award-winning base station effectively improves the non-line-of-sight WiFi signal coverage to an extended area of 500 meters in radius, by minimizing the interference effect of other signals in the unlicensed frequency spectrum. \u003C/p\u003E",
 "image":
  {"available_sizes":
    [[[150,
       30],
      "http://api-images.crunchbase.com/assets/images/resized/0008/8369/88369v1-max-150x150.jpg"],
     [[250,
       50],
      "http://api-images.crunchbase.com/assets/images/resized/0008/8369/88369v1-max-250x250.jpg"],
     [[260,
       53],
      "http://api-images.crunchbase.com/assets/images/resized/0008/8369/88369v1-max-450x450.jpg"]],
   "attribution": null},
 "products":
  [],
 "relationships":
  [],
 "competitions":
  [],
 "providerships":
  [],
 "total_money_raised": "$10M",
 "funding_rounds":
  [{"id": 15767,
    "round_code": "unattributed",
    "source_url": "",
    "source_description": "EDGAR",
    "raised_amount": 10000000.0,
    "raised_currency_code": "USD",
    "funded_year": 2006,
    "funded_month": 9,
    "funded_day": 14,
    "investments":
     [{"company":
        {"name": "Wong's International Holdings",
         "permalink": "wongs-international-holdings"},
       "financial_org": null,
       "person": null},
      {"company": null,
       "financial_org":
        {"name": "Morningside Group",
         "permalink": "morningside-group"},
       "person": null}]}],
 "investments":
  [],
 "acquisition": null,
 "acquisitions":
  [],
 "offices":
  [{"description": "",
    "address1": "Unit 209, 2/F, Lakeside 2, 10 Science Park West Avenue",
    "address2": "HK Science Park",
    "zip_code": "",
    "city": "Shatin",
    "state_code": null,
    "country_code": "HKG",
    "latitude": null,
    "longitude": null}],
 "milestones":
  [],
 "ipo": null,
 "video_embeds":
  [],
 "screenshots":
  [{"available_sizes":
     [[[150,
        97],
       "http://api-images.crunchbase.com/assets/images/resized/0008/8370/88370v1-max-150x150.jpg"],
      [[250,
        163],
       "http://api-images.crunchbase.com/assets/images/resized/0008/8370/88370v1-max-250x250.jpg"],
      [[450,
        293],
       "http://api-images.crunchbase.com/assets/images/resized/0008/8370/88370v1-max-450x450.jpg"]],
    "attribution": null}],
 "external_links":
  [],
 "partners":
  []}
