{"name": "Alter Way",
 "permalink": "alter-way",
 "crunchbase_url": "http://www.crunchbase.com/company/alter-way",
 "homepage_url": "http://www.alterway.fr",
 "blog_url": "",
 "blog_feed_url": "",
 "twitter_username": "montargesp",
 "category_code": "enterprise",
 "number_of_employees": 120,
 "founded_year": null,
 "founded_month": null,
 "founded_day": null,
 "deadpooled_year": null,
 "deadpooled_month": null,
 "deadpooled_day": null,
 "deadpooled_url": null,
 "tag_list": "",
 "alias_list": "",
 "email_address": "",
 "phone_number": "01 78 15 24 00",
 "description": "open source business process ",
 "created_at": "Wed Apr 14 19:09:30 UTC 2010",
 "updated_at": "Thu Feb 10 00:08:38 UTC 2011",
 "overview": "\u003Cp\u003EAlter Way is the integrator of open source reference in France.\nCreated in 2006, the group quickly assembled Alter Way teams emblematic of the main market segments of the Open Source: Anaska (training), Ingeniweb (Web Solutions Company), Solinux (specific development, outsourcing and system integration of middleware tools) Kanop\u00c3\u00a9e (development php) O4DB (decisional and database), Nexen Services (hosting value added) and ECLIPS\u0026#8217;S Software (open solution for management and configuration of DNS and DHCP). Alter Way continues to fall clearly in a consolidation project market\u003C/p\u003E",
 "image":
  {"available_sizes":
    [[[150,
       27],
      "http://api-images.crunchbase.com/assets/images/resized/0008/3785/83785v1-max-150x150.jpg"],
     [[178,
       33],
      "http://api-images.crunchbase.com/assets/images/resized/0008/3785/83785v1-max-250x250.jpg"],
     [[178,
       33],
      "http://api-images.crunchbase.com/assets/images/resized/0008/3785/83785v1-max-450x450.jpg"]],
   "attribution": null},
 "products":
  [],
 "relationships":
  [],
 "competitions":
  [],
 "providerships":
  [],
 "total_money_raised": "$2.64M",
 "funding_rounds":
  [{"id": 14230,
    "round_code": "b",
    "source_url": "",
    "source_description": "EDGAR",
    "raised_amount": 2640000.0,
    "raised_currency_code": "USD",
    "funded_year": 2007,
    "funded_month": 3,
    "funded_day": 12,
    "investments":
     [{"company":
        {"name": "Calliode",
         "permalink": "calliode"},
       "financial_org": null,
       "person": null}]}],
 "investments":
  [],
 "acquisition": null,
 "acquisitions":
  [],
 "offices":
  [{"description": "HQ",
    "address1": "1 rue royale",
    "address2": "",
    "zip_code": "92210",
    "city": "Saint Cloud",
    "state_code": null,
    "country_code": "FRA",
    "latitude": null,
    "longitude": null}],
 "milestones":
  [],
 "ipo": null,
 "video_embeds":
  [],
 "screenshots":
  [{"available_sizes":
     [[[150,
        114],
       "http://api-images.crunchbase.com/assets/images/resized/0008/3787/83787v1-max-150x150.jpg"],
      [[250,
        191],
       "http://api-images.crunchbase.com/assets/images/resized/0008/3787/83787v1-max-250x250.jpg"],
      [[450,
        344],
       "http://api-images.crunchbase.com/assets/images/resized/0008/3787/83787v1-max-450x450.jpg"]],
    "attribution": null}],
 "external_links":
  [],
 "partners":
  []}
