{"name": "Altruista Health",
 "permalink": "altruista-health",
 "crunchbase_url": "http://www.crunchbase.com/company/altruista-health",
 "homepage_url": "http://www.altruistahealth.com",
 "blog_url": "",
 "blog_feed_url": "http://altruistahealth.com/news/latest-news/",
 "twitter_username": "AshishKachru1",
 "category_code": "software",
 "number_of_employees": 20,
 "founded_year": 2007,
 "founded_month": null,
 "founded_day": null,
 "deadpooled_year": null,
 "deadpooled_month": null,
 "deadpooled_day": null,
 "deadpooled_url": null,
 "tag_list": "integrated-care-management, clinical-analytics",
 "alias_list": "",
 "email_address": "info@altruistahealth.com",
 "phone_number": "(703)707 8890 Ext 101",
 "description": "global care management, wellness and hea",
 "created_at": "Tue May 04 15:27:29 UTC 2010",
 "updated_at": "Fri Nov 15 15:23:51 UTC 2013",
 "overview": "\u003Cp\u003EAltruista Health, Inc. is a leading provider of highly patient-centric and customizable total population care management technology and solutions used to streamline clinical and administrative processes, improve patient outcomes and reduce avoidable healthcare costs. Clients include commercial and government health payers, health systems and care management organizations.\u003C/p\u003E\n\n\u003Cp\u003EWe are committed to providing our clients with the best possible and most cost-effective care management solutions on the market. The solutions we develop save time, money and advance the quality of care delivered to each patient. We provide technology support for care management services using a menu of sophisticated best in class web-enabled tools. In addition, we offer highly personalized, one-on-one phone interactions and health coaching sessions between our experienced care staff and individuals with chronic health conditions and health support needs.\u003C/p\u003E",
 "image":
  {"available_sizes":
    [[[150,
       34],
      "http://api-images.crunchbase.com/assets/images/resized/0008/5914/85914v2-max-150x150.png"],
     [[237,
       55],
      "http://api-images.crunchbase.com/assets/images/resized/0008/5914/85914v2-max-250x250.png"],
     [[237,
       55],
      "http://api-images.crunchbase.com/assets/images/resized/0008/5914/85914v2-max-450x450.png"]],
   "attribution": null},
 "products":
  [],
 "relationships":
  [{"is_past": false,
    "title": "President and Co-Founder",
    "person":
     {"first_name": "Ashish",
      "last_name": "Abraham, MD, MBA",
      "permalink": "ashish-abraham-md-mba"}},
   {"is_past": false,
    "title": "Chief Operating Officer",
    "person":
     {"first_name": "Suman",
      "last_name": "Mishra",
      "permalink": "suman-mishra"}},
   {"is_past": false,
    "title": "Chief Operating Officer",
    "person":
     {"first_name": "Sadhna",
      "last_name": "Paralkar, MD, MBA",
      "permalink": "sadhna-paralkar-md-mba"}},
   {"is_past": false,
    "title": "Chief Executive Officer and Co-Founder",
    "person":
     {"first_name": "Ashish",
      "last_name": "Kachru, MBA",
      "permalink": "ashish-kachru-mba"}},
   {"is_past": false,
    "title": "Vice President, Product Development",
    "person":
     {"first_name": "Vijay",
      "last_name": "Kalle",
      "permalink": "vijay-kalle"}},
   {"is_past": false,
    "title": "Chief Architect",
    "person":
     {"first_name": "Matt",
      "last_name": "Wixson",
      "permalink": "matt-wixson"}},
   {"is_past": false,
    "title": "Board of Directors",
    "person":
     {"first_name": "Raj",
      "last_name": "Jalla",
      "permalink": "raj-jalla"}},
   {"is_past": false,
    "title": "Partner",
    "person":
     {"first_name": "Nimish",
      "last_name": "Parekh",
      "permalink": "nimish-parekh"}}],
 "competitions":
  [],
 "providerships":
  [],
 "total_money_raised": "$0",
 "funding_rounds":
  [],
 "investments":
  [],
 "acquisition": null,
 "acquisitions":
  [],
 "offices":
  [{"description": "Headquarters",
    "address1": "11480 Sunset Hills Rd.",
    "address2": "Suite 100E",
    "zip_code": "22182",
    "city": "Reston",
    "state_code": "VA",
    "country_code": "USA",
    "latitude": null,
    "longitude": null},
   {"description": "Global Office",
    "address1": "5-9-22 Manasarovar Complex",
    "address2": "Secretarait Road",
    "zip_code": "500063",
    "city": "Hyderabad, A.P.",
    "state_code": null,
    "country_code": "IND",
    "latitude": null,
    "longitude": null}],
 "milestones":
  [],
 "ipo": null,
 "video_embeds":
  [],
 "screenshots":
  [],
 "external_links":
  [{"external_url": "http://marketintellnow.blogspot.com/2008/03/interview-with-altruista-health.html",
    "title": "Interview with Altruista Health"}],
 "partners":
  []}
