{"name": "AM\u0026J Marketing Network Professionals",
 "permalink": "am-j-marketing-network-professionals",
 "crunchbase_url": "http://www.crunchbase.com/company/am-j-marketing-network-professionals",
 "homepage_url": "http://www.amj.services.officelive.com",
 "blog_url": "",
 "blog_feed_url": "",
 "twitter_username": "amj_pro",
 "category_code": "consulting",
 "number_of_employees": 10,
 "founded_year": 2000,
 "founded_month": 6,
 "founded_day": null,
 "deadpooled_year": null,
 "deadpooled_month": null,
 "deadpooled_day": null,
 "deadpooled_url": null,
 "tag_list": "network, networking, marketing, b2c, b2b",
 "alias_list": null,
 "email_address": "amj.b2c@hotmail.com",
 "phone_number": "2407762221",
 "description": "b2c developers",
 "created_at": "Thu Jun 24 04:41:14 UTC 2010",
 "updated_at": "Fri Jun 25 23:22:59 UTC 2010",
 "overview": "\u003Cp\u003EAM\u0026amp;J does NOT  participate in MLM (multi-level-marketing) in any way. AM\u0026amp;J professionals are B2C (business-to-client) relationship developers. AM\u0026amp;J creates, manages, and supports all levels of marketing networks. AM\u0026amp;J supports current market networks and provides essential solutions that are cost effective. AM\u0026amp;J professionals are available to answer any questions and offer solutions for promoting, marketing, and networking any size business. \u003C/p\u003E\n\n\u003Cp\u003EProviding services, included but not limited to:\u003C/p\u003E\n\n\u003Cp\u003E*email account setup\u003C/p\u003E\n\n\u003Cp\u003E*Interent visibility\u003C/p\u003E\n\n\u003Cp\u003E*marketing strategies and management \u003C/p\u003E\n\n\u003Cp\u003E*multi-network account setup and support\u003C/p\u003E\n\n\u003Cp\u003E*network/marketing assessment (FREE) \u003C/p\u003E\n\n\u003Cp\u003E*virtual communication\u003C/p\u003E\n\n\u003Cp\u003E*website development solutions\u003C/p\u003E\n\n\u003Cp\u003E\u0026#8230;.and much more\u003C/p\u003E",
 "image":
  {"available_sizes":
    [[[150,
       112],
      "http://api-images.crunchbase.com/assets/images/resized/0009/1561/91561v2-max-150x150.jpg"],
     [[250,
       187],
      "http://api-images.crunchbase.com/assets/images/resized/0009/1561/91561v2-max-250x250.jpg"],
     [[400,
       300],
      "http://api-images.crunchbase.com/assets/images/resized/0009/1561/91561v2-max-450x450.jpg"]],
   "attribution": null},
 "products":
  [],
 "relationships":
  [],
 "competitions":
  [],
 "providerships":
  [],
 "total_money_raised": "$0",
 "funding_rounds":
  [],
 "investments":
  [],
 "acquisition": null,
 "acquisitions":
  [],
 "offices":
  [],
 "milestones":
  [],
 "ipo": null,
 "video_embeds":
  [],
 "screenshots":
  [],
 "external_links":
  [],
 "partners":
  []}
