{"name": "Amantys",
 "permalink": "amantys",
 "crunchbase_url": "http://www.crunchbase.com/company/amantys",
 "homepage_url": "http://www.amantys.com",
 "blog_url": "",
 "blog_feed_url": "",
 "twitter_username": null,
 "category_code": "cleantech",
 "number_of_employees": null,
 "founded_year": null,
 "founded_month": null,
 "founded_day": null,
 "deadpooled_year": null,
 "deadpooled_month": null,
 "deadpooled_day": null,
 "deadpooled_url": null,
 "tag_list": "",
 "alias_list": "",
 "email_address": "info@amantys.com",
 "phone_number": "+44 (0) 1223 422447 ",
 "description": "",
 "created_at": "Mon Aug 30 06:17:56 UTC 2010",
 "updated_at": "Mon Aug 30 06:24:19 UTC 2010",
 "overview": "\u003Cp\u003EAmantys Ltd was established in 2010 to bring power electronics technology developed at Cambridge University to market. The company is developing power electronics products that have a high level of programmability, enabling new and exciting possibilities in the field of power electronics design. \u003C/p\u003E",
 "image":
  {"available_sizes":
    [[[150,
       35],
      "http://api-images.crunchbase.com/assets/images/resized/0009/9850/99850v1-max-150x150.png"],
     [[218,
       51],
      "http://api-images.crunchbase.com/assets/images/resized/0009/9850/99850v1-max-250x250.png"],
     [[218,
       51],
      "http://api-images.crunchbase.com/assets/images/resized/0009/9850/99850v1-max-450x450.png"]],
   "attribution": null},
 "products":
  [],
 "relationships":
  [{"is_past": false,
    "title": "Chairman",
    "person":
     {"first_name": "Pete",
      "last_name": "Magowan",
      "permalink": "pete-magowan"}},
   {"is_past": false,
    "title": "Managing Director",
    "person":
     {"first_name": "Bryn",
      "last_name": "Parry",
      "permalink": "bryn-parry"}}],
 "competitions":
  [],
 "providerships":
  [],
 "total_money_raised": "$0",
 "funding_rounds":
  [],
 "investments":
  [],
 "acquisition": null,
 "acquisitions":
  [],
 "offices":
  [{"description": "",
    "address1": "Unit 2, St John\u00e2\u20ac\u2122s innovation Centre",
    "address2": "Cowley Road",
    "zip_code": "CB4 0WS",
    "city": "Cambridge",
    "state_code": null,
    "country_code": "GBR",
    "latitude": null,
    "longitude": null}],
 "milestones":
  [{"id": 7856,
    "description": "Amantys Completes Funding Round",
    "stoned_year": 2010,
    "stoned_month": 8,
    "stoned_day": 16,
    "source_url": "http://www.ipgroupplc.com/ipo/ir/fin_news/rnsitem?id=3635209",
    "source_text": "",
    "source_description": "Amantys Completes Funding Round",
    "stoneable_type": "Company",
    "stoned_value": null,
    "stoned_value_type": null,
    "stoned_acquirer": null,
    "stoneable":
     {"name": "Amantys",
      "permalink": "amantys"}}],
 "ipo": null,
 "video_embeds":
  [],
 "screenshots":
  [],
 "external_links":
  [],
 "partners":
  []}
