{"name": "Ambassador",
 "permalink": "ambassador",
 "crunchbase_url": "http://www.crunchbase.com/company/ambassador",
 "homepage_url": "http://getambassador.com",
 "blog_url": "http://blog.getambassador.com",
 "blog_feed_url": "",
 "twitter_username": "Ambassador",
 "category_code": "software",
 "number_of_employees": 11,
 "founded_year": 2010,
 "founded_month": null,
 "founded_day": null,
 "deadpooled_year": null,
 "deadpooled_month": null,
 "deadpooled_day": null,
 "deadpooled_url": null,
 "tag_list": "referral-marketing, referral-tracking, social-commerce, social-referral-software, social-media-marketing, affiliate-program, custom-incentives, customer-acquisition, customer-retention, ambassador-management, techstars, techstars-nyc-summer-2011",
 "alias_list": "zferral",
 "email_address": "hello@getambassador.com",
 "phone_number": "248-792-3472",
 "description": "Referral Tracking \u0026 Management",
 "created_at": "Tue Apr 20 14:44:41 UTC 2010",
 "updated_at": "Sun Mar 30 04:16:07 UTC 2014",
 "overview": "\u003Cp\u003EAmbassador provides referral, partner \u0026amp; affiliate tracking and management.\u003C/p\u003E\n\n\u003Cp\u003EAmbassador is the best way to reward your customers for promoting your products online.  Ambassador provides an end-to-end solution: you can create, track and manage all your custom referral programs from a single dashboard.  \u003C/p\u003E\n\n\u003Cp\u003EBuild on the Ambassador API to seamlessly integrate into your own application, you can also integrate Ambassador into many popular 3rd party CRM, Email and Billing applications.\u003C/p\u003E",
 "image":
  {"available_sizes":
    [[[150,
       28],
      "http://api-images.crunchbase.com/assets/images/resized/0008/4299/84299v6-max-150x150.jpg"],
     [[250,
       47],
      "http://api-images.crunchbase.com/assets/images/resized/0008/4299/84299v6-max-250x250.jpg"],
     [[450,
       85],
      "http://api-images.crunchbase.com/assets/images/resized/0008/4299/84299v6-max-450x450.jpg"]],
   "attribution": null},
 "products":
  [],
 "relationships":
  [{"is_past": false,
    "title": "Founder",
    "person":
     {"first_name": "Jeff",
      "last_name": "Epstein",
      "permalink": "jeff-epstein"}},
   {"is_past": false,
    "title": "CTO",
    "person":
     {"first_name": "Chase",
      "last_name": "Lee",
      "permalink": "chase-lee"}},
   {"is_past": false,
    "title": "Advisor",
    "person":
     {"first_name": "Jason",
      "last_name": "Baptiste",
      "permalink": "jason-baptiste"}},
   {"is_past": false,
    "title": "Software Consul",
    "person":
     {"first_name": "Greg",
      "last_name": "Szymczak",
      "permalink": "greg-szymczak"}},
   {"is_past": false,
    "title": "Advisor",
    "person":
     {"first_name": "Andres",
      "last_name": "Barreto",
      "permalink": "andres-barreto"}},
   {"is_past": false,
    "title": "Marketing Minister",
    "person":
     {"first_name": "Jordan",
      "last_name": "Skole",
      "permalink": "jordan-skole"}},
   {"is_past": true,
    "title": "Co - Founder / Software Engineer",
    "person":
     {"first_name": "Cody",
      "last_name": "Christian",
      "permalink": "cody-christian"}},
   {"is_past": true,
    "title": "Developer",
    "person":
     {"first_name": "Maciej",
      "last_name": "Zawadzinski",
      "permalink": "maciej-zawadziski"}},
   {"is_past": true,
    "title": "Online Marketing Manager / Content Strategist",
    "person":
     {"first_name": "Valiant",
      "last_name": "Lowitz",
      "permalink": "valient-lowitz"}},
   {"is_past": true,
    "title": "Lead Developer",
    "person":
     {"first_name": "Nick",
      "last_name": "Schwab",
      "permalink": "nicholas-schwab"}}],
 "competitions":
  [],
 "providerships":
  [],
 "total_money_raised": "$18k",
 "funding_rounds":
  [{"id": 25290,
    "round_code": "seed",
    "source_url": "",
    "source_description": "",
    "raised_amount": null,
    "raised_currency_code": "USD",
    "funded_year": 2011,
    "funded_month": 1,
    "funded_day": 1,
    "investments":
     []},
   {"id": 25291,
    "round_code": "seed",
    "source_url": "http://techcrunch.com/2011/10/19/techcrunch-roundup-12-startups-500-investors-at-techstars-nyc-demo-day/",
    "source_description": "TechCrunch Roundup: 12 Startups, 500 Investors At TechStars NYC Demo Day",
    "raised_amount": 18000.0,
    "raised_currency_code": "USD",
    "funded_year": 2011,
    "funded_month": 7,
    "funded_day": null,
    "investments":
     [{"company":
        {"name": "Techstars",
         "permalink": "techstars"},
       "financial_org": null,
       "person": null}]},
   {"id": 38023,
    "round_code": "seed",
    "source_url": "http://www.forbes.com/sites/amitchowdhry/2013/04/02/ambassador-is-a-michigan-based-startup-that-helps-companies-manage-referrals/",
    "source_description": "Ambassador Is A Michigan-Based Startup That Helps Companies Manage Referrals",
    "raised_amount": null,
    "raised_currency_code": "USD",
    "funded_year": 2011,
    "funded_month": null,
    "funded_day": null,
    "investments":
     [{"company": null,
       "financial_org":
        {"name": "Zelkova Ventures",
         "permalink": "zelkova-ventures"},
       "person": null},
      {"company": null,
       "financial_org":
        {"name": "Ludlow Ventures",
         "permalink": "ludlow-ventures-llc"},
       "person": null},
      {"company": null,
       "financial_org":
        {"name": "313 Ventures",
         "permalink": "313-ventures"},
       "person": null}]},
   {"id": 54620,
    "round_code": "angel",
    "source_url": "",
    "source_description": "",
    "raised_amount": null,
    "raised_currency_code": "USD",
    "funded_year": 2012,
    "funded_month": 2,
    "funded_day": null,
    "investments":
     [{"company": null,
       "financial_org":
        {"name": "Social Starts",
         "permalink": "social-starts"},
       "person": null}]}],
 "investments":
  [],
 "acquisition": null,
 "acquisitions":
  [{"price_amount": null,
    "price_currency_code": "USD",
    "term_code": null,
    "source_url": "http://techcrunch.com/2011/01/28/referral-platform-zferral-acquires-saas-app-store-cloudomatic/",
    "source_description": "Referral Platform Zferral Acquires SaaS App Store Cloudomatic",
    "acquired_year": 2011,
    "acquired_month": 1,
    "acquired_day": 28,
    "company":
     {"name": "Cloudomatic",
      "permalink": "cloudomatic"}}],
 "offices":
  [{"description": "Headquarters",
    "address1": "409 S Washington Ave",
    "address2": "",
    "zip_code": "48067",
    "city": "Royal Oak",
    "state_code": "MI",
    "country_code": "USA",
    "latitude": null,
    "longitude": null},
   {"description": "Grand Rapids Office",
    "address1": "38 Fulton St W",
    "address2": "",
    "zip_code": "49503",
    "city": "Grand Rapids",
    "state_code": "MI",
    "country_code": "USA",
    "latitude": null,
    "longitude": null}],
 "milestones":
  [],
 "ipo": null,
 "video_embeds":
  [{"embed_code": "\u003Ciframe src=\"https://fast.wistia.net/embed/iframe/gsdg4a6ocm?controlsVisibleOnLoad=true\u0026plugin%5BrequireEmail-v1%5D%5BbottomText%5D=\u0026plugin%5BrequireEmail-v1%5D%5Blist%5D=b65870f30c\u0026plugin%5BrequireEmail-v1%5D%5Bprovider%5D=mailchimp\u0026plugin%5BrequireEmail-v1%5D%5Btime%5D=end\u0026plugin%5BrequireEmail-v1%5D%5BtopText%5D=Want%20to%20learn%20more%3F%20%20Join%20our%20email%20list%21\u0026version=v1\u0026videoHeight=253\u0026videoWidth=450\u0026volumeControl=true\" allowtransparency=\"true\" frameborder=\"0\" scrolling=\"no\" class=\"wistia_embed\" name=\"wistia_embed\" width=\"430\" height=\"315\"\u003E\u003C/iframe\u003E",
    "description": "\u003Cp\u003EAmbassador Video: Referral Software for Brands\u003C/p\u003E"}],
 "screenshots":
  [{"available_sizes":
     [[[150,
        119],
       "http://api-images.crunchbase.com/assets/images/resized/0040/6789/406789v2-max-150x150.png"],
      [[250,
        199],
       "http://api-images.crunchbase.com/assets/images/resized/0040/6789/406789v2-max-250x250.png"],
      [[450,
        358],
       "http://api-images.crunchbase.com/assets/images/resized/0040/6789/406789v2-max-450x450.png"]],
    "attribution": null}],
 "external_links":
  [{"external_url": "http://adage.com/article/digital/startups-marketers/230494/",
    "title": "Four Startups Marketers Need to Know"},
   {"external_url": "http://techcrunch.com/2011/10/19/techcrunch-roundup-12-startups-500-investors-at-techstars-nyc-demo-day/",
    "title": "TechStars Roundup: 12 Startups, 500 Investors At TechStars NYC Demo Day"},
   {"external_url": "http://thenextweb.com/insider/2011/10/18/meet-the-12-new-techstars-companies-mayor-bloomberg-approved/",
    "title": "Meet the 12 new TechStars companies, Mayor Bloomberg approved"},
   {"external_url": "http://gigaom.com/2011/10/18/techstars-second-new-york-class-shines-in-their-debut/",
    "title": "TechStars' second New York class shines in their debut"},
   {"external_url": "http://www.forbes.com/sites/amitchowdhry/2013/04/02/ambassador-is-a-michigan-based-startup-that-helps-companies-manage-referrals/",
    "title": "Ambassador is a Michigan-Based Startup That Helps Companies Manage Referrals"}],
 "partners":
  [{"partner_name": "angel_list",
    "homepage_url": "http://getambassador.com",
    "link_1_url": "https://angel.co/ambassador",
    "link_2_url": "https://angel.co/ambassador/jobs?utc_source=crunchbase\u0026amp;utm_campaign=crunchbase\u0026amp;utm_content=jobs\u0026amp;utm_medium=link\u0026amp;utm_term=ambassador",
    "link_3_url": null,
    "link_1_name": "AngelList Page",
    "link_2_name": "Hiring: Jr. Hustler, Junior Developer",
    "link_3_name": null}]}
