{"name": "Amber Diagnostics",
 "permalink": "amber-diagnostics",
 "crunchbase_url": "http://www.crunchbase.com/company/amber-diagnostics",
 "homepage_url": "http://www.amberusa.com",
 "blog_url": "",
 "blog_feed_url": "",
 "twitter_username": "AmberRadiology",
 "category_code": "biotech",
 "number_of_employees": null,
 "founded_year": null,
 "founded_month": null,
 "founded_day": null,
 "deadpooled_year": null,
 "deadpooled_month": null,
 "deadpooled_day": null,
 "deadpooled_url": null,
 "tag_list": null,
 "alias_list": "",
 "email_address": "Info@AmberUSA.com",
 "phone_number": "1-888-561-7900",
 "description": "",
 "created_at": "Fri Aug 13 21:58:40 UTC 2010",
 "updated_at": "Fri Aug 26 05:08:51 UTC 2011",
 "overview": "\u003Cp\u003EAmber Diagnostics provides quality used and refurbished medical imaging equipment. They specialize in advanced technologies including CT Scanners, MRI, PET-CT Scanners, C-Arms, Mammography, Portable X-Ray, Bone Densitometers, Radiographic Rooms, and Ultrasound systems.\u003C/p\u003E",
 "image":
  {"available_sizes":
    [[[150,
       65],
      "http://api-images.crunchbase.com/assets/images/resized/0015/1199/151199v1-max-150x150.jpg"],
     [[225,
       98],
      "http://api-images.crunchbase.com/assets/images/resized/0015/1199/151199v1-max-250x250.jpg"],
     [[225,
       98],
      "http://api-images.crunchbase.com/assets/images/resized/0015/1199/151199v1-max-450x450.jpg"]],
   "attribution": null},
 "products":
  [],
 "relationships":
  [],
 "competitions":
  [],
 "providerships":
  [],
 "total_money_raised": "$0",
 "funding_rounds":
  [],
 "investments":
  [],
 "acquisition": null,
 "acquisitions":
  [],
 "offices":
  [{"description": "",
    "address1": "2180 Premier Row",
    "address2": "",
    "zip_code": "32809",
    "city": "Orlando",
    "state_code": "FL",
    "country_code": "USA",
    "latitude": null,
    "longitude": null}],
 "milestones":
  [],
 "ipo": null,
 "video_embeds":
  [],
 "screenshots":
  [{"available_sizes":
     [[[150,
        141],
       "http://api-images.crunchbase.com/assets/images/resized/0015/1200/151200v1-max-150x150.jpg"],
      [[250,
        236],
       "http://api-images.crunchbase.com/assets/images/resized/0015/1200/151200v1-max-250x250.jpg"],
      [[450,
        425],
       "http://api-images.crunchbase.com/assets/images/resized/0015/1200/151200v1-max-450x450.jpg"]],
    "attribution": null}],
 "external_links":
  [],
 "partners":
  []}
