{"name": "-1-Computer",
 "permalink": "1-computer",
 "crunchbase_url": "http://www.crunchbase.com/company/1-computer",
 "homepage_url": "http://www.1computer.info",
 "blog_url": "http://www.1computer.info",
 "blog_feed_url": "http://www.1computer.info/index.xml",
 "twitter_username": "xhtml",
 "category_code": "enterprise",
 "number_of_employees": 2,
 "founded_year": 1985,
 "founded_month": 1,
 "founded_day": 1,
 "deadpooled_year": null,
 "deadpooled_month": null,
 "deadpooled_day": null,
 "deadpooled_url": null,
 "tag_list": "mobile, saas, phone, cms, web, web2-0, web3-0, webmaster, internet",
 "alias_list": null,
 "email_address": "mail@1info.com",
 "phone_number": "+41 27 322 2000",
 "description": "",
 "created_at": "Mon Nov 10 19:12:27 UTC 2008",
 "updated_at": "Mon Apr 09 17:39:05 UTC 2012",
 "overview": "\u003Cp\u003ESince its creation in 1985 the 1-Computer company has for main goal to find innovating solutions and to stay up to date with the latest technology advances both in hardware and software. As being an ASP -1-Computer proposes online software Web2.0 / Web3.0 by dealing with all the necessary data-processing infrastructure and the services of support. Activate as well in the sale and the server installation as in Ra\u0026amp;D and the formation, the 1-Computer company counts on a dynamic team specialized since many years in the field of the Open Source.test\u003C/p\u003E",
 "image":
  {"available_sizes":
    [[[115,
       87],
      "http://api-images.crunchbase.com/assets/images/resized/0002/8203/28203v2-max-150x150.jpg"],
     [[115,
       87],
      "http://api-images.crunchbase.com/assets/images/resized/0002/8203/28203v2-max-250x250.jpg"],
     [[115,
       87],
      "http://api-images.crunchbase.com/assets/images/resized/0002/8203/28203v2-max-450x450.jpg"]],
   "attribution": null},
 "products":
  [{"name": "1Work",
    "permalink": "1work"},
   {"name": "Artemis",
    "permalink": "artemis"}],
 "relationships":
  [{"is_past": false,
    "title": "CEO",
    "person":
     {"first_name": "Raoul",
      "last_name": "Mengis",
      "permalink": "raoul-mengis"}}],
 "competitions":
  [],
 "providerships":
  [],
 "total_money_raised": "$0",
 "funding_rounds":
  [],
 "investments":
  [],
 "acquisition": null,
 "acquisitions":
  [],
 "offices":
  [],
 "milestones":
  [],
 "ipo": null,
 "video_embeds":
  [],
 "screenshots":
  [{"available_sizes":
     [[[93,
        150],
       "http://api-images.crunchbase.com/assets/images/resized/0002/8200/28200v2-max-150x150.jpg"],
      [[150,
        241],
       "http://api-images.crunchbase.com/assets/images/resized/0002/8200/28200v2-max-250x250.jpg"],
      [[150,
        241],
       "http://api-images.crunchbase.com/assets/images/resized/0002/8200/28200v2-max-450x450.jpg"]],
    "attribution": null},
   {"available_sizes":
     [[[150,
        138],
       "http://api-images.crunchbase.com/assets/images/resized/0002/8201/28201v2-max-150x150.jpg"],
      [[250,
        230],
       "http://api-images.crunchbase.com/assets/images/resized/0002/8201/28201v2-max-250x250.jpg"],
      [[450,
        415],
       "http://api-images.crunchbase.com/assets/images/resized/0002/8201/28201v2-max-450x450.jpg"]],
    "attribution": null},
   {"available_sizes":
     [[[150,
        138],
       "http://api-images.crunchbase.com/assets/images/resized/0002/8202/28202v2-max-150x150.jpg"],
      [[250,
        230],
       "http://api-images.crunchbase.com/assets/images/resized/0002/8202/28202v2-max-250x250.jpg"],
      [[450,
        415],
       "http://api-images.crunchbase.com/assets/images/resized/0002/8202/28202v2-max-450x450.jpg"]],
    "attribution": null}],
 "external_links":
  [{"external_url": "http://www.1info.com/4w3_en.html",
    "title": "Web3.0 slide"}],
 "partners":
  []}
