{"name": "1 to 101",
 "permalink": "1-to-101",
 "crunchbase_url": "http://www.crunchbase.com/company/1-to-101",
 "homepage_url": "http://www.1to101.com",
 "blog_url": "",
 "blog_feed_url": "",
 "twitter_username": null,
 "category_code": "search",
 "number_of_employees": 1,
 "founded_year": 2008,
 "founded_month": 8,
 "founded_day": 1,
 "deadpooled_year": null,
 "deadpooled_month": null,
 "deadpooled_day": null,
 "deadpooled_url": null,
 "tag_list": "information, advice, research, search",
 "alias_list": null,
 "email_address": "mark@1to101.com",
 "phone_number": "+44 (121) 2882892",
 "description": null,
 "created_at": "Mon Aug 11 11:59:06 UTC 2008",
 "updated_at": "Mon Mar 23 19:44:59 UTC 2009",
 "overview": "\u003Cp\u003E1 to 101 allows experts to contribute pages of 101 pieces of information and advice on a specific topic, so as to provide an introduction to it for newcomers.\u003C/p\u003E\n\n\u003Cp\u003EEach page is meant to be the first thing someone searching for a topic for the first time will want to read. \u003C/p\u003E\n\n\u003Cp\u003EPublishers receive one share of the business for each page that they contribute with each share being equal to the total selling price of the website divided by the total number of shares, minus 20% to cover costs. \u003C/p\u003E\n\n\u003Cp\u003EPublishers also vote on all major decisions affecting the running of the website and decide the direction that 1 to 101 takes.\u003C/p\u003E",
 "image":
  {"available_sizes":
    [[[150,
       41],
      "http://api-images.crunchbase.com/assets/images/resized/0003/8996/38996v1-max-150x150.png"],
     [[207,
       57],
      "http://api-images.crunchbase.com/assets/images/resized/0003/8996/38996v1-max-250x250.png"],
     [[207,
       57],
      "http://api-images.crunchbase.com/assets/images/resized/0003/8996/38996v1-max-450x450.png"]],
   "attribution": null},
 "products":
  [],
 "relationships":
  [{"is_past": false,
    "title": "",
    "person":
     {"first_name": "Mark",
      "last_name": "Walters",
      "permalink": "mark-walters"}}],
 "competitions":
  [{"competitor":
     {"name": "Squidoo",
      "permalink": "squidoo"}},
   {"competitor":
     {"name": "HubPages",
      "permalink": "hubpages"}}],
 "providerships":
  [],
 "total_money_raised": "$0",
 "funding_rounds":
  [],
 "investments":
  [],
 "acquisition": null,
 "acquisitions":
  [],
 "offices":
  [],
 "milestones":
  [],
 "ipo": null,
 "video_embeds":
  [],
 "screenshots":
  [{"available_sizes":
     [[[150,
        95],
       "http://api-images.crunchbase.com/assets/images/resized/0003/8997/38997v1-max-150x150.png"],
      [[250,
        159],
       "http://api-images.crunchbase.com/assets/images/resized/0003/8997/38997v1-max-250x250.png"],
      [[450,
        287],
       "http://api-images.crunchbase.com/assets/images/resized/0003/8997/38997v1-max-450x450.png"]],
    "attribution": null}],
 "external_links":
  [],
 "partners":
  []}
