{"name": "10to1",
 "permalink": "10to1",
 "crunchbase_url": "http://www.crunchbase.com/company/10to1",
 "homepage_url": "http://10to1.be",
 "blog_url": "",
 "blog_feed_url": "",
 "twitter_username": null,
 "category_code": "web",
 "number_of_employees": null,
 "founded_year": 2006,
 "founded_month": 7,
 "founded_day": null,
 "deadpooled_year": null,
 "deadpooled_month": null,
 "deadpooled_day": null,
 "deadpooled_url": null,
 "tag_list": "",
 "alias_list": null,
 "email_address": "info@10to1.be",
 "phone_number": "+32475281762",
 "description": null,
 "created_at": "Wed Jun 11 08:51:02 UTC 2008",
 "updated_at": "Wed Apr 15 05:54:22 UTC 2009",
 "overview": "\u003Cp\u003E10to1 is a web development company with a market focus on small companies and startups. Technically, they specialize in Ruby on Rails.\u003C/p\u003E",
 "image":
  {"available_sizes":
    [[[150,
       78],
      "http://api-images.crunchbase.com/assets/images/resized/0002/0575/20575v1-max-150x150.png"],
     [[250,
       131],
      "http://api-images.crunchbase.com/assets/images/resized/0002/0575/20575v1-max-250x250.png"],
     [[269,
       141],
      "http://api-images.crunchbase.com/assets/images/resized/0002/0575/20575v1-max-450x450.png"]],
   "attribution": null},
 "products":
  [],
 "relationships":
  [{"is_past": false,
    "title": "Founder",
    "person":
     {"first_name": "Tom",
      "last_name": "Klaasen",
      "permalink": "tom-klaasen"}},
   {"is_past": false,
    "title": "Founder",
    "person":
     {"first_name": "Koen",
      "last_name": "Van der Auwera",
      "permalink": "koen-van-der-auwera"}}],
 "competitions":
  [],
 "providerships":
  [],
 "total_money_raised": "$0",
 "funding_rounds":
  [],
 "investments":
  [],
 "acquisition": null,
 "acquisitions":
  [],
 "offices":
  [{"description": "",
    "address1": "A. Greinerstraat 12",
    "address2": "",
    "zip_code": "2660",
    "city": "Antwerpen",
    "state_code": null,
    "country_code": "BEL",
    "latitude": 51.1710646,
    "longitude": 4.3353896}],
 "milestones":
  [],
 "ipo": null,
 "video_embeds":
  [],
 "screenshots":
  [],
 "external_links":
  [],
 "partners":
  []}
