{"name": "123Signup",
 "permalink": "123signups",
 "crunchbase_url": "http://www.crunchbase.com/company/123signups",
 "homepage_url": "http://www.123signup.com",
 "blog_url": "",
 "blog_feed_url": "",
 "twitter_username": null,
 "category_code": "web",
 "number_of_employees": null,
 "founded_year": null,
 "founded_month": null,
 "founded_day": null,
 "deadpooled_year": null,
 "deadpooled_month": null,
 "deadpooled_day": null,
 "deadpooled_url": null,
 "tag_list": "",
 "alias_list": null,
 "email_address": "",
 "phone_number": "",
 "description": null,
 "created_at": "Thu Apr 24 16:25:45 UTC 2008",
 "updated_at": "Tue Jun 28 14:44:15 UTC 2011",
 "overview": "\u003Cp\u003E123Signup is an online event registration and membership management service. They have designed services for:\u003C/p\u003E\n\n\u003Cul\u003E\n\u003Cli\u003EOnline event management\u003C/li\u003E\n\u003Cli\u003EOnline membership management\u003C/li\u003E\n\u003Cli\u003EOnline training and seminar management\u003C/li\u003E\n\u003Cli\u003EOnline subscription management\u003C/li\u003E\n\u003C/ul\u003E",
 "image":
  {"available_sizes":
    [[[150,
       16],
      "http://api-images.crunchbase.com/assets/images/resized/0001/9693/19693v1-max-150x150.png"],
     [[250,
       27],
      "http://api-images.crunchbase.com/assets/images/resized/0001/9693/19693v1-max-250x250.png"],
     [[302,
       33],
      "http://api-images.crunchbase.com/assets/images/resized/0001/9693/19693v1-max-450x450.png"]],
   "attribution": null},
 "products":
  [],
 "relationships":
  [{"is_past": true,
    "title": "VP, Finance",
    "person":
     {"first_name": "Renee",
      "last_name": "Punian",
      "permalink": "renee-punian"}}],
 "competitions":
  [{"competitor":
     {"name": "GoEventsGo",
      "permalink": "goeventsgo-com"}}],
 "providerships":
  [],
 "total_money_raised": "$0",
 "funding_rounds":
  [],
 "investments":
  [],
 "acquisition": null,
 "acquisitions":
  [],
 "offices":
  [],
 "milestones":
  [],
 "ipo": null,
 "video_embeds":
  [],
 "screenshots":
  [{"available_sizes":
     [[[150,
        122],
       "http://api-images.crunchbase.com/assets/images/resized/0014/1341/141341v2-max-150x150.jpg"],
      [[250,
        203],
       "http://api-images.crunchbase.com/assets/images/resized/0014/1341/141341v2-max-250x250.jpg"],
      [[450,
        366],
       "http://api-images.crunchbase.com/assets/images/resized/0014/1341/141341v2-max-450x450.jpg"]],
    "attribution": null}],
 "external_links":
  [],
 "partners":
  []}
