{"name": "18D Information Technology China",
 "permalink": "18d-information-technology-china",
 "crunchbase_url": "http://www.crunchbase.com/company/18d-information-technology-china",
 "homepage_url": "http://www.18dtech.com",
 "blog_url": "",
 "blog_feed_url": "",
 "twitter_username": null,
 "category_code": "games_video",
 "number_of_employees": 50,
 "founded_year": 2007,
 "founded_month": 5,
 "founded_day": 1,
 "deadpooled_year": null,
 "deadpooled_month": null,
 "deadpooled_day": null,
 "deadpooled_url": null,
 "tag_list": "book, chinese-books, china, shanghai, video, reading-chinese-books",
 "alias_list": null,
 "email_address": "leez@18dtech.com",
 "phone_number": "86-21-62254883",
 "description": "",
 "created_at": "Thu Aug 28 07:50:06 UTC 2008",
 "updated_at": "Mon Jul 13 20:10:42 UTC 2009",
 "overview": "\u003Cp\u003EThis company is an online traditional Chinese book publishing firm.  \u003C/p\u003E\n\n\u003Cp\u003EThey are based in Shanghai China and have a marketing division in Beijing.  The owner is a Chinese immigrant from Irvine California.  He has been in the dot com industry for more 10 years now.  \u003C/p\u003E\n\n\u003Cp\u003EThe website is built as an agent for many local Chinese novel writters to achieve their dream of publishing their work.  \u003C/p\u003E\n\n\u003Cp\u003EAfter one year, the site right now is getting more than 10,000 Page Views and around 5,000 Unique Visits per day.  These numbers are growing rapidly.  The core feature they are using is the browser based video chatting room system.  It enables users a brand new area for communicating.  \u003C/p\u003E",
 "image":
  {"available_sizes":
    [[[150,
       150],
      "http://api-images.crunchbase.com/assets/images/resized/0002/4279/24279v2-max-150x150.png"],
     [[150,
       150],
      "http://api-images.crunchbase.com/assets/images/resized/0002/4279/24279v2-max-250x250.png"],
     [[150,
       150],
      "http://api-images.crunchbase.com/assets/images/resized/0002/4279/24279v2-max-450x450.png"]],
   "attribution": null},
 "products":
  [],
 "relationships":
  [{"is_past": false,
    "title": "CEO",
    "person":
     {"first_name": "Lee",
      "last_name": "Zhou",
      "permalink": "lee-zhou-2"}},
   {"is_past": false,
    "title": "CFO",
    "person":
     {"first_name": "Randy",
      "last_name": "Chinn",
      "permalink": "randy-chinn"}}],
 "competitions":
  [],
 "providerships":
  [],
 "total_money_raised": "$0",
 "funding_rounds":
  [],
 "investments":
  [],
 "acquisition": null,
 "acquisitions":
  [],
 "offices":
  [{"description": "Office in Shanghai",
    "address1": "546 Yuyuan Road",
    "address2": "Building No.4, Suite 401-3",
    "zip_code": "200040",
    "city": "Shanghai",
    "state_code": null,
    "country_code": "CHN",
    "latitude": null,
    "longitude": null}],
 "milestones":
  [],
 "ipo": null,
 "video_embeds":
  [],
 "screenshots":
  [],
 "external_links":
  [],
 "partners":
  []}
