{"name": "192.com",
 "permalink": "192-com",
 "crunchbase_url": "http://www.crunchbase.com/company/192-com",
 "homepage_url": "http://www.192.com",
 "blog_url": "",
 "blog_feed_url": "",
 "twitter_username": "192com",
 "category_code": "search",
 "number_of_employees": 70,
 "founded_year": 1997,
 "founded_month": 6,
 "founded_day": 13,
 "deadpooled_year": null,
 "deadpooled_month": null,
 "deadpooled_day": null,
 "deadpooled_url": null,
 "tag_list": "directory, directory-enquiries, people-search, business-search, people-finder, business-finder, uk, new-media, maps, mapping, search-engine, search-tool",
 "alias_list": null,
 "email_address": "press@192.com",
 "phone_number": "020 7909 2200",
 "description": null,
 "created_at": "Tue Oct 28 09:47:04 UTC 2008",
 "updated_at": "Sun Aug 28 03:10:23 UTC 2011",
 "overview": "\u003Cp\u003E192.com is an innovative UK directory site. Searching more records than any other site, it is the UK\u00e2\u20ac\u2122s leading people finder and largest business finder. 192.com gives a complete picture of any person or business listed on the site. Search results are pinpointed on its exclusive and award-winning maps and aerial photography.\u003C/p\u003E",
 "image":
  {"available_sizes":
    [[[150,
       22],
      "http://api-images.crunchbase.com/assets/images/resized/0002/7473/27473v2-max-150x150.png"],
     [[235,
       35],
      "http://api-images.crunchbase.com/assets/images/resized/0002/7473/27473v2-max-250x250.png"],
     [[235,
       35],
      "http://api-images.crunchbase.com/assets/images/resized/0002/7473/27473v2-max-450x450.png"]],
   "attribution": null},
 "products":
  [],
 "relationships":
  [{"is_past": false,
    "title": "CTO",
    "person":
     {"first_name": "Terry",
      "last_name": "Parsons",
      "permalink": "terry-parsons"}}],
 "competitions":
  [],
 "providerships":
  [],
 "total_money_raised": "$0",
 "funding_rounds":
  [],
 "investments":
  [],
 "acquisition": null,
 "acquisitions":
  [],
 "offices":
  [{"description": "",
    "address1": "Lincoln's Inn Fields",
    "address2": "",
    "zip_code": "WC2A 3PH",
    "city": "London",
    "state_code": null,
    "country_code": "GBR",
    "latitude": null,
    "longitude": null}],
 "milestones":
  [],
 "ipo": null,
 "video_embeds":
  [],
 "screenshots":
  [],
 "external_links":
  [],
 "partners":
  []}
