{"name": "1DayMakeover",
 "permalink": "1daymakeover",
 "crunchbase_url": "http://www.crunchbase.com/company/1daymakeover",
 "homepage_url": "http://www.1daymakeover.com",
 "blog_url": "",
 "blog_feed_url": "",
 "twitter_username": null,
 "category_code": "ecommerce",
 "number_of_employees": 6,
 "founded_year": 2008,
 "founded_month": 6,
 "founded_day": 30,
 "deadpooled_year": 2010,
 "deadpooled_month": 8,
 "deadpooled_day": 19,
 "deadpooled_url": "",
 "tag_list": "makeovers, makeover, fashion, style, salons, hair, makeup, shopping, stylists",
 "alias_list": "",
 "email_address": "ian@1daymakeover.com",
 "phone_number": "(310) 384-6665",
 "description": "Makeover site",
 "created_at": "Fri Nov 28 17:44:26 UTC 2008",
 "updated_at": "Fri Oct 04 05:41:03 UTC 2013",
 "overview": "\u003Cp\u003E1DayMakeover.com lets you purchase a makeover just like you see on television. \u003C/p\u003E\n\n\u003Cp\u003EThe company assembles the top hair stylists, makeup artists, and wardrobe experts in every city from which they put together teams that in a single day give you a new hairstyle, pick clothes that are right for you, and (for women) teach the art of makeup application.\u003C/p\u003E",
 "image":
  {"available_sizes":
    [[[115,
       118],
      "http://api-images.crunchbase.com/assets/images/resized/0003/0019/30019v2-max-150x150.png"],
     [[115,
       118],
      "http://api-images.crunchbase.com/assets/images/resized/0003/0019/30019v2-max-250x250.png"],
     [[115,
       118],
      "http://api-images.crunchbase.com/assets/images/resized/0003/0019/30019v2-max-450x450.png"]],
   "attribution": null},
 "products":
  [{"name": "Makeover - Men",
    "permalink": "makeover-men"},
   {"name": "Makeover - Women",
    "permalink": "makeover-women"},
   {"name": "Makeover - Couples",
    "permalink": "makeover-couples"}],
 "relationships":
  [],
 "competitions":
  [],
 "providerships":
  [],
 "total_money_raised": "$50k",
 "funding_rounds":
  [{"id": 3985,
    "round_code": "seed",
    "source_url": "",
    "source_description": "",
    "raised_amount": 50000.0,
    "raised_currency_code": "USD",
    "funded_year": 2008,
    "funded_month": 6,
    "funded_day": 30,
    "investments":
     []}],
 "investments":
  [],
 "acquisition": null,
 "acquisitions":
  [],
 "offices":
  [{"description": "",
    "address1": "6 Hutton Centre",
    "address2": "Suite 550",
    "zip_code": "92707",
    "city": "Santa Ana",
    "state_code": "CA",
    "country_code": "USA",
    "latitude": 33.69568,
    "longitude": -117.866187}],
 "milestones":
  [],
 "ipo": null,
 "video_embeds":
  [],
 "screenshots":
  [{"available_sizes":
     [[[94,
        150],
       "http://api-images.crunchbase.com/assets/images/resized/0003/0018/30018v2-max-150x150.png"],
      [[157,
        250],
       "http://api-images.crunchbase.com/assets/images/resized/0003/0018/30018v2-max-250x250.png"],
      [[283,
        450],
       "http://api-images.crunchbase.com/assets/images/resized/0003/0018/30018v2-max-450x450.png"]],
    "attribution": null}],
 "external_links":
  [],
 "partners":
  []}
