{"name": "1DollarClub.org",
 "permalink": "1dollarclub-org",
 "crunchbase_url": "http://www.crunchbase.com/company/1dollarclub-org",
 "homepage_url": "http://www.1dollarclub.org",
 "blog_url": "http://1dollarclub.blogspot.com/",
 "blog_feed_url": "http://1dollarclub.blogspot.com/feeds/posts/default?alt=rss",
 "twitter_username": null,
 "category_code": "other",
 "number_of_employees": 6,
 "founded_year": 2007,
 "founded_month": 9,
 "founded_day": null,
 "deadpooled_year": null,
 "deadpooled_month": null,
 "deadpooled_day": null,
 "deadpooled_url": null,
 "tag_list": "1, dollar, donate, charity, new, technology, application, start-up, global, usa, movement, one, money, one-dollar, donate-one",
 "alias_list": null,
 "email_address": "info@1dollarclub.org",
 "phone_number": "6123265322",
 "description": null,
 "created_at": "Mon Oct 20 04:46:51 UTC 2008",
 "updated_at": "Wed Sep 30 22:13:10 UTC 2009",
 "overview": "\u003Cp\u003EMaking a difference in the world 1 dollar at a time.\u003C/p\u003E\n\n\u003Cp\u003EHere\u00e2\u20ac\u2122s how the foundation works:  Anyone who donates is limited to one dollar and one dollar only.  Once you\u00e2\u20ac\u2122ve donated, you then invite your social network to also donate.  These donors then follow suit with their networks.  The real way to make the 1DollarClubTM work is by activating the individuals in your social network to donate.  So no matter if you are Richard Branson, Bill Gates, or just an average Josephine or Joe \u00e2\u20ac\u201c your dollar has the same impact and power as anyone else\u00e2\u20ac\u2122s. Plus, you can track your fund-raising effectiveness by watching your 1FactorTM grow.  \u003C/p\u003E\n\n\u003Cp\u003EThe 1FactorTM is a unique tool invented to track your progress in getting your network to join the 1DollarClubTM and is able to asses the value of an individuals social network.\u003C/p\u003E",
 "image":
  {"available_sizes":
    [[[150,
       45],
      "http://api-images.crunchbase.com/assets/images/resized/0002/6985/26985v2-max-150x150.jpg"],
     [[250,
       75],
      "http://api-images.crunchbase.com/assets/images/resized/0002/6985/26985v2-max-250x250.jpg"],
     [[300,
       90],
      "http://api-images.crunchbase.com/assets/images/resized/0002/6985/26985v2-max-450x450.jpg"]],
   "attribution": null},
 "products":
  [{"name": "1Factor",
    "permalink": "1factor"}],
 "relationships":
  [{"is_past": false,
    "title": "Founder and CEO",
    "person":
     {"first_name": "Matthew",
      "last_name": "Crowe",
      "permalink": "matthew-crowe"}},
   {"is_past": false,
    "title": "CMO",
    "person":
     {"first_name": "Artem",
      "last_name": "Kuznetsov",
      "permalink": "artem-kuznetsov"}},
   {"is_past": false,
    "title": "CDO",
    "person":
     {"first_name": "Tim",
      "last_name": "Phillipi",
      "permalink": "tim-phillipi"}},
   {"is_past": true,
    "title": "COO",
    "person":
     {"first_name": "Jerrod",
      "last_name": "Lindquist",
      "permalink": "jerrod-lindquist"}}],
 "competitions":
  [{"competitor":
     {"name": "Facebook Causes Application",
      "permalink": "facebook-causes-application"}}],
 "providerships":
  [],
 "total_money_raised": "$0",
 "funding_rounds":
  [],
 "investments":
  [],
 "acquisition": null,
 "acquisitions":
  [],
 "offices":
  [{"description": "1DollarClub.org HQ",
    "address1": "130 Lake Street West",
    "address2": "",
    "zip_code": "55391",
    "city": "Wayzata",
    "state_code": "MN",
    "country_code": "USA",
    "latitude": 44.9704,
    "longitude": -93.524604}],
 "milestones":
  [],
 "ipo": null,
 "video_embeds":
  [],
 "screenshots":
  [],
 "external_links":
  [],
 "partners":
  []}
