{"name": "2020systems",
 "permalink": "2020systems",
 "crunchbase_url": "http://www.crunchbase.com/company/2020systems",
 "homepage_url": "http://www.2020systems.com",
 "blog_url": "http://blog.2020systems.com",
 "blog_feed_url": "http://blog.2020systems.com/feed/",
 "twitter_username": "2020systems",
 "category_code": "advertising",
 "number_of_employees": null,
 "founded_year": null,
 "founded_month": null,
 "founded_day": null,
 "deadpooled_year": null,
 "deadpooled_month": null,
 "deadpooled_day": null,
 "deadpooled_url": null,
 "tag_list": "internet-advertising, internet-marketing, online-advertising, online-marketing, web-marketing, marketing, advertising, internet-marketing-company, agency, local, business, local-search, classifieds, small-business, search-engine-optimization, sem, seo, pp",
 "alias_list": null,
 "email_address": "",
 "phone_number": "",
 "description": "Internet Advertising Services",
 "created_at": "Wed Oct 01 06:33:33 UTC 2008",
 "updated_at": "Mon Mar 07 06:42:24 UTC 2011",
 "overview": "\u003Cp\u003E2020systems provides Managed Online Marketing Services to businesses that enable them to reach customers via search, social, and mobile platforms in less time and at lower cost.\u003C/p\u003E",
 "image":
  {"available_sizes":
    [[[150,
       44],
      "http://api-images.crunchbase.com/assets/images/resized/0002/6062/26062v2-max-150x150.png"],
     [[154,
       46],
      "http://api-images.crunchbase.com/assets/images/resized/0002/6062/26062v2-max-250x250.png"],
     [[154,
       46],
      "http://api-images.crunchbase.com/assets/images/resized/0002/6062/26062v2-max-450x450.png"]],
   "attribution": null},
 "products":
  [],
 "relationships":
  [],
 "competitions":
  [],
 "providerships":
  [],
 "total_money_raised": "$0",
 "funding_rounds":
  [],
 "investments":
  [],
 "acquisition": null,
 "acquisitions":
  [],
 "offices":
  [{"description": "",
    "address1": "",
    "address2": "",
    "zip_code": "",
    "city": "San Francisco",
    "state_code": "CA",
    "country_code": "USA",
    "latitude": 37.775196,
    "longitude": -122.419204}],
 "milestones":
  [],
 "ipo": null,
 "video_embeds":
  [],
 "screenshots":
  [],
 "external_links":
  [],
 "partners":
  []}
