{"name": "20DC",
 "permalink": "20dc",
 "crunchbase_url": "http://www.crunchbase.com/company/20dc",
 "homepage_url": "http://www.20dc.com",
 "blog_url": "",
 "blog_feed_url": "",
 "twitter_username": null,
 "category_code": "web",
 "number_of_employees": null,
 "founded_year": 2007,
 "founded_month": 7,
 "founded_day": 4,
 "deadpooled_year": null,
 "deadpooled_month": null,
 "deadpooled_day": null,
 "deadpooled_url": null,
 "tag_list": "",
 "alias_list": null,
 "email_address": "contact@20DC.com",
 "phone_number": "",
 "description": null,
 "created_at": "Mon Jun 30 22:46:04 UTC 2008",
 "updated_at": "Sat Sep 06 13:52:30 UTC 2008",
 "overview": "\u003Cp\u003E20DC is an all-partisan political social network that allows people to connect with politicians, candidates and each other to organize and take action.  \u003C/p\u003E",
 "image":
  {"available_sizes":
    [[[150,
       141],
      "http://api-images.crunchbase.com/assets/images/resized/0002/1647/21647v1-max-150x150.jpg"],
     [[250,
       236],
      "http://api-images.crunchbase.com/assets/images/resized/0002/1647/21647v1-max-250x250.jpg"],
     [[331,
       313],
      "http://api-images.crunchbase.com/assets/images/resized/0002/1647/21647v1-max-450x450.jpg"]],
   "attribution": null},
 "products":
  [],
 "relationships":
  [{"is_past": false,
    "title": "CEO",
    "person":
     {"first_name": "Jesse",
      "last_name": "Helfrich",
      "permalink": "jesse-helfrich"}},
   {"is_past": false,
    "title": "Chief Technical Officer",
    "person":
     {"first_name": "Steve",
      "last_name": "Jablonski",
      "permalink": "steve-jablonski"}},
   {"is_past": false,
    "title": "Creative Content Director",
    "person":
     {"first_name": "Frank",
      "last_name": "Falotico",
      "permalink": "frank-falotico"}}],
 "competitions":
  [],
 "providerships":
  [],
 "total_money_raised": "$0",
 "funding_rounds":
  [],
 "investments":
  [],
 "acquisition": null,
 "acquisitions":
  [],
 "offices":
  [{"description": "",
    "address1": "",
    "address2": "",
    "zip_code": "",
    "city": "Pittsburgh",
    "state_code": "PA",
    "country_code": "USA",
    "latitude": 40.438355,
    "longitude": -80.001983}],
 "milestones":
  [],
 "ipo": null,
 "video_embeds":
  [{"embed_code": "\u003Cobject width=\"425\" height=\"344\"\u003E\u003Cparam name=\"movie\" value=\"http://www.youtube.com/v/66tb1nkTqcY\u0026hl=en\"\u003E\u003C/param\u003E\u003Cparam name=\"wmode\" value=\"transparent\"\u003E\u003C/param\u003E\u003Cembed src=\"http://www.youtube.com/v/66tb1nkTqcY\u0026hl=en\" type=\"application/x-shockwave-flash\" wmode=\"transparent\" width=\"425\" height=\"344\"\u003E\u003C/embed\u003E\u003C/object\u003E",
    "description": "\u003Cp\u003E\u003Ca href=\"http://pitches.techcrunch.com/pitch/66-20dc\" title=\"20DC\u0026#8217;s\"\u003E20DC\u0026#8217;s\u003C/a\u003E Elevator Pitch\u003C/p\u003E"}],
 "screenshots":
  [],
 "external_links":
  [],
 "partners":
  []}
