{"name": "24Access",
 "permalink": "24access",
 "crunchbase_url": "http://www.crunchbase.com/company/24access",
 "homepage_url": "http://www.24Access.com",
 "blog_url": "",
 "blog_feed_url": "",
 "twitter_username": null,
 "category_code": "web",
 "number_of_employees": null,
 "founded_year": null,
 "founded_month": null,
 "founded_day": null,
 "deadpooled_year": null,
 "deadpooled_month": null,
 "deadpooled_day": null,
 "deadpooled_url": null,
 "tag_list": "",
 "alias_list": null,
 "email_address": "info@24Access.com",
 "phone_number": "",
 "description": null,
 "created_at": "Fri Jun 27 09:38:51 UTC 2008",
 "updated_at": "Thu Dec 01 07:49:04 UTC 2011",
 "overview": "\u003Cp\u003E24Access is leading provider of 24X7 live mobile streaming and sharing of entertainment media.\u003C/p\u003E\n\n\u003Cp\u003EThe Wauw! service enriches the handset to allow your broadcasts to reach your listener\u0026#8217;s mobile phone (www.wauw.fm)\u003C/p\u003E\n\n\u003Cp\u003EThe Wauw! Wee service connects you to your friends and family via your mobile phone and your PC, through the exchange of photos and chat (www.wauwwee.com)\u003C/p\u003E",
 "image":
  {"available_sizes":
    [[[150,
       52],
      "http://api-images.crunchbase.com/assets/images/resized/0002/1133/21133v2-max-150x150.png"],
     [[250,
       88],
      "http://api-images.crunchbase.com/assets/images/resized/0002/1133/21133v2-max-250x250.png"],
     [[264,
       93],
      "http://api-images.crunchbase.com/assets/images/resized/0002/1133/21133v2-max-450x450.png"]],
   "attribution": null},
 "products":
  [],
 "relationships":
  [{"is_past": false,
    "title": "Chairman",
    "person":
     {"first_name": "Roeland",
      "last_name": "Boonstoppel",
      "permalink": "roeland-boonstoppel"}},
   {"is_past": false,
    "title": "CEO",
    "person":
     {"first_name": "Marco",
      "last_name": "Menato",
      "permalink": "marco-menato"}},
   {"is_past": false,
    "title": "CTO and Co-Founder",
    "person":
     {"first_name": "Michel",
      "last_name": "Shuqair",
      "permalink": "michel-shuqair"}},
   {"is_past": false,
    "title": "VP Sales",
    "person":
     {"first_name": "Jan",
      "last_name": "de Waard",
      "permalink": "jan-de-waard"}},
   {"is_past": true,
    "title": "VP Software Engineering",
    "person":
     {"first_name": "James",
      "last_name": "Harnedy",
      "permalink": "james-harnedy"}}],
 "competitions":
  [],
 "providerships":
  [],
 "total_money_raised": "$0",
 "funding_rounds":
  [],
 "investments":
  [],
 "acquisition": null,
 "acquisitions":
  [],
 "offices":
  [{"description": "",
    "address1": "Amstel 62-64",
    "address2": "",
    "zip_code": "1017",
    "city": "Amsterdam",
    "state_code": null,
    "country_code": "NLD",
    "latitude": 52.3670339,
    "longitude": 4.8964723}],
 "milestones":
  [],
 "ipo": null,
 "video_embeds":
  [],
 "screenshots":
  [],
 "external_links":
  [],
 "partners":
  []}
