{"name": "24SevenOffice",
 "permalink": "24sevenoffice",
 "crunchbase_url": "http://www.crunchbase.com/company/24sevenoffice",
 "homepage_url": "http://24SevenOffice.com",
 "blog_url": "",
 "blog_feed_url": "http://24sevenoffice.com/newsletter/",
 "twitter_username": "24SOSupport",
 "category_code": "software",
 "number_of_employees": 90,
 "founded_year": 1997,
 "founded_month": null,
 "founded_day": null,
 "deadpooled_year": null,
 "deadpooled_month": null,
 "deadpooled_day": null,
 "deadpooled_url": null,
 "tag_list": "crm, erp, saas, accounting, invoice, ajax, email, project-management",
 "alias_list": "",
 "email_address": "info@24sevenoffice.com",
 "phone_number": "+47 21 54 81 00",
 "description": "Web-based ERP/CRM",
 "created_at": "Thu Sep 25 11:20:35 UTC 2008",
 "updated_at": "Thu Oct 31 04:34:44 UTC 2013",
 "overview": "\u003Cp\u003E24SevenOffice offers a fully integrated, ajax-powered CRM/ERP web-application to the SME-market. Modules includes accounting, CRM, invoicing, project management, file management, e-mail and more.\u003C/p\u003E\n\n\u003Cp\u003EIn addition, the product is extended with services from many partners such as banks, payroll, accounting firms, VoIP-integration, \u003Ca href=\"/company/webex\" title=\"WebEx\" rel=\"nofollow\"\u003EWebEx\u003C/a\u003E, hosting and more.\u003C/p\u003E\n\n\u003Cp\u003EThe company\u0026#8217;s market is Norway, Sweden and the UK. The invoice and accounting modules are customized for use in these markets.\u003C/p\u003E\n\n\u003Cp\u003EThe company was founded in 1996 in Porsgrunn, Norway by Stian Rustad. The first version was released as a private beta in 2001.\u003C/p\u003E\n\n\u003Cp\u003EIn early 2004, 24SevenOffice launched an upgraded version of the CRM-module that utilized Ajax. \u003C/p\u003E\n\n\u003Cp\u003EIn February 2005, 24SevenOffice bought the Swedish competitor Start and Run, adding 400 customers and launching the company into the Swedish marketplace.\u003C/p\u003E\n\n\u003Cp\u003EIn September 2006, 24SevenOffice signed a partnership deal with Fokus Bank and Bluegarden combine banking, accounting/invoice and payroll services.\u003C/p\u003E\n\n\u003Cp\u003EThe company was listed on the Axxess list on Oslo Stock Exchange in July 2007.\u003C/p\u003E",
 "image":
  {"available_sizes":
    [[[150,
       24],
      "http://api-images.crunchbase.com/assets/images/resized/0002/5681/25681v2-max-150x150.jpg"],
     [[200,
       33],
      "http://api-images.crunchbase.com/assets/images/resized/0002/5681/25681v2-max-250x250.jpg"],
     [[200,
       33],
      "http://api-images.crunchbase.com/assets/images/resized/0002/5681/25681v2-max-450x450.jpg"]],
   "attribution": null},
 "products":
  [],
 "relationships":
  [{"is_past": false,
    "title": "Co-founder",
    "person":
     {"first_name": "Nicolai",
      "last_name": "Pedersen",
      "permalink": "nicolai-pedersen"}},
   {"is_past": false,
    "title": "Co-founder",
    "person":
     {"first_name": "Kjell Richard",
      "last_name": "Bj\u00f8rntvedt",
      "permalink": "kjell-richard-bjrntvedt"}},
   {"is_past": false,
    "title": "Founder \u0026 CEO",
    "person":
     {"first_name": "Stian",
      "last_name": "Rustad",
      "permalink": "stian-rustad"}},
   {"is_past": false,
    "title": "CFO",
    "person":
     {"first_name": "Truls",
      "last_name": "Kristian Hauger",
      "permalink": "truls-kristian-hauger"}},
   {"is_past": false,
    "title": "COO",
    "person":
     {"first_name": "Staale",
      "last_name": "Risa",
      "permalink": "staale-risa"}},
   {"is_past": false,
    "title": "VP International Operations, Country Manager UK",
    "person":
     {"first_name": "Staale",
      "last_name": "Risa",
      "permalink": "staale-risa"}},
   {"is_past": false,
    "title": "CTO",
    "person":
     {"first_name": "Espen",
      "last_name": "Fjeldberg",
      "permalink": "espen-fjeldberg"}},
   {"is_past": false,
    "title": "Co-founder",
    "person":
     {"first_name": "Steinar",
      "last_name": "Jordbakke",
      "permalink": "steinar-jordbakke"}},
   {"is_past": false,
    "title": "Board of Directors",
    "person":
     {"first_name": "Jim",
      "last_name": "Huzell",
      "permalink": "jim-huzell"}},
   {"is_past": false,
    "title": "Board of Directors",
    "person":
     {"first_name": "Brit",
      "last_name": "Kjelleberg",
      "permalink": "brit-kjelleberg"}},
   {"is_past": false,
    "title": "Co-founder",
    "person":
     {"first_name": "Espen",
      "last_name": "Antonsen",
      "permalink": "espen-antonsen"}},
   {"is_past": false,
    "title": "Board of Directors",
    "person":
     {"first_name": "Karl-Anders",
      "last_name": "Gr\u00f8nland",
      "permalink": "karl-anders-grnland"}},
   {"is_past": false,
    "title": "Board of Directors",
    "person":
     {"first_name": "Silvija",
      "last_name": "Seres",
      "permalink": "silvija-seres"}},
   {"is_past": false,
    "title": "Board of Directors",
    "person":
     {"first_name": "Tor",
      "last_name": "Oystein Repstad",
      "permalink": "tor-ystein-repstad"}}],
 "competitions":
  [{"competitor":
     {"name": "Salesforce",
      "permalink": "salesforce"}},
   {"competitor":
     {"name": "37signals",
      "permalink": "37signals"}},
   {"competitor":
     {"name": "NetSuite",
      "permalink": "netsuite"}},
   {"competitor":
     {"name": "Zoho",
      "permalink": "zoho"}},
   {"competitor":
     {"name": "Quickbooks",
      "permalink": "quickbooks"}},
   {"competitor":
     {"name": "Microsoft",
      "permalink": "microsoft"}},
   {"competitor":
     {"name": "Project Manager",
      "permalink": "project-manager"}}],
 "providerships":
  [],
 "total_money_raised": "$0",
 "funding_rounds":
  [],
 "investments":
  [],
 "acquisition": null,
 "acquisitions":
  [],
 "offices":
  [{"description": "Head office",
    "address1": "\u00c3\u02dcstensj\u00c3\u00b8veien 34",
    "address2": "",
    "zip_code": "0667",
    "city": "Oslo",
    "state_code": null,
    "country_code": "NOR",
    "latitude": 59.910781,
    "longitude": 10.812187},
   {"description": "Sweden office",
    "address1": "St Eriksgatan 117",
    "address2": "",
    "zip_code": "11343",
    "city": "Stockholm",
    "state_code": null,
    "country_code": "SWE",
    "latitude": 59.347547,
    "longitude": 18.040296},
   {"description": "UK Office",
    "address1": "2 Sheraton Street",
    "address2": "Soho",
    "zip_code": "W1F 8BH",
    "city": "London",
    "state_code": null,
    "country_code": "GBR",
    "latitude": 51.514913,
    "longitude": -0.134634},
   {"description": "Skien office",
    "address1": "Klosterg. 33",
    "address2": "",
    "zip_code": "3732",
    "city": "Skien",
    "state_code": null,
    "country_code": "NOR",
    "latitude": 59.1997691,
    "longitude": 9.6107217}],
 "milestones":
  [{"id": 1551,
    "description": "Listed on Oslo Stock Exchange",
    "stoned_year": 2007,
    "stoned_month": 6,
    "stoned_day": 22,
    "source_url": "http://www.newsweb.no/index.jsp?messageId=154813",
    "source_text": null,
    "source_description": "New Security From Today",
    "stoneable_type": "Company",
    "stoned_value": null,
    "stoned_value_type": null,
    "stoned_acquirer": null,
    "stoneable":
     {"name": "24SevenOffice",
      "permalink": "24sevenoffice"}},
   {"id": 6651,
    "description": "24SevenOffice buy Propartner.",
    "stoned_year": 2010,
    "stoned_month": 5,
    "stoned_day": 25,
    "source_url": "http://www.idg.no/computerworld/article167993.ece",
    "source_text": "",
    "source_description": "24SevenOffice buy Propartner",
    "stoneable_type": "Company",
    "stoned_value": null,
    "stoned_value_type": null,
    "stoned_acquirer": null,
    "stoneable":
     {"name": "24SevenOffice",
      "permalink": "24sevenoffice"}}],
 "ipo": null,
 "video_embeds":
  [],
 "screenshots":
  [],
 "external_links":
  [{"external_url": "http://blogs.zdnet.com/SAAS/?p=338",
    "title": "Overview of SaaS in Europe"},
   {"external_url": "http://en.wikipedia.org/wiki/24SevenOffice",
    "title": "Wikipedia article"}],
 "partners":
  []}
