{"name": "280 North",
 "permalink": "280-north",
 "crunchbase_url": "http://www.crunchbase.com/company/280-north",
 "homepage_url": "http://280north.com",
 "blog_url": "http://blog.280north.com/",
 "blog_feed_url": "http://280north.com/blog/feed/",
 "twitter_username": null,
 "category_code": "software",
 "number_of_employees": 4,
 "founded_year": null,
 "founded_month": null,
 "founded_day": null,
 "deadpooled_year": null,
 "deadpooled_month": null,
 "deadpooled_day": null,
 "deadpooled_url": null,
 "tag_list": "presentations, powerpoint, desktop",
 "alias_list": "",
 "email_address": "",
 "phone_number": "",
 "description": "JavaScript web applications",
 "created_at": "Fri Mar 14 19:05:08 UTC 2008",
 "updated_at": "Thu Oct 25 02:27:00 UTC 2012",
 "overview": "\u003Cp\u003E280 North is a web application company based on their proprietary application framework, Cappuccino. Along with Objective-J, Cappuccino provides a complete toolkit to develop rich web applications. It\u0026#8217;s modeled after a proven desktop development environment, and has been released as an open source project under the LGPL.\u003C/p\u003E\n\n\u003Cp\u003E280 North\u0026#8217;s first application, 280 Slides, enables anyone with a web browser to quickly and easily create beautiful presentations. 280 Slides takes advantage of the web by making it trivial to find and include great media in your presentation. We also built in advanced features like importing and exporting PowerPoint documents, so your data is always portable.\u003C/p\u003E",
 "image":
  {"available_sizes":
    [[[150,
       116],
      "http://api-images.crunchbase.com/assets/images/resized/0001/5768/15768v4-max-150x150.png"],
     [[250,
       193],
      "http://api-images.crunchbase.com/assets/images/resized/0001/5768/15768v4-max-250x250.png"],
     [[450,
       349],
      "http://api-images.crunchbase.com/assets/images/resized/0001/5768/15768v4-max-450x450.png"]],
   "attribution": null},
 "products":
  [{"name": "280 Slides",
    "permalink": "280-slides"},
   {"name": "Atlas",
    "permalink": "atlas"},
   {"name": "Cappuccino",
    "permalink": "cappuccino"}],
 "relationships":
  [{"is_past": false,
    "title": "Co-Founder",
    "person":
     {"first_name": "Ross",
      "last_name": "Boucher",
      "permalink": "ross-boucher"}},
   {"is_past": false,
    "title": "Co-Founder",
    "person":
     {"first_name": "Francisco",
      "last_name": "Tolmasky",
      "permalink": "francisco-tolmasky"}},
   {"is_past": false,
    "title": "Co-Founder",
    "person":
     {"first_name": "Tom",
      "last_name": "Robinson",
      "permalink": "tom-robinson"}},
   {"is_past": false,
    "title": "Advisor",
    "person":
     {"first_name": "Paul",
      "last_name": "Graham",
      "permalink": "paul-graham"}},
   {"is_past": false,
    "title": "Advisor / Investor",
    "person":
     {"first_name": "Chris",
      "last_name": "Sacca",
      "permalink": "chris-sacca"}},
   {"is_past": true,
    "title": "",
    "person":
     {"first_name": "Nick",
      "last_name": "Small",
      "permalink": "nick-small"}}],
 "competitions":
  [{"competitor":
     {"name": "Microsoft",
      "permalink": "microsoft"}},
   {"competitor":
     {"name": "Zoho",
      "permalink": "zoho"}},
   {"competitor":
     {"name": "Google",
      "permalink": "google"}}],
 "providerships":
  [],
 "total_money_raised": "$250k",
 "funding_rounds":
  [{"id": 1788,
    "round_code": "seed",
    "source_url": "",
    "source_description": "",
    "raised_amount": null,
    "raised_currency_code": null,
    "funded_year": 2008,
    "funded_month": 1,
    "funded_day": 1,
    "investments":
     [{"company":
        {"name": "Y Combinator",
         "permalink": "y-combinator"},
       "financial_org": null,
       "person": null}]},
   {"id": 17846,
    "round_code": "angel",
    "source_url": "",
    "source_description": "",
    "raised_amount": 250000.0,
    "raised_currency_code": "USD",
    "funded_year": 2008,
    "funded_month": 3,
    "funded_day": 1,
    "investments":
     [{"company": null,
       "financial_org":
        {"name": "Lowercase Capital",
         "permalink": "lowercase-capital"},
       "person": null},
      {"company": null,
       "financial_org": null,
       "person":
        {"first_name": "Paul",
         "last_name": "Buchheit",
         "permalink": "paul-buchheit"}},
      {"company": null,
       "financial_org":
        {"name": "XGYC",
         "permalink": "xgyc"},
       "person": null}]}],
 "investments":
  [],
 "acquisition":
  {"price_amount": 20000000.0,
   "price_currency_code": "USD",
   "term_code": null,
   "source_url": "http://techcrunch.com/2010/08/24/motorola-snaps-up-280-north-for-20-million/",
   "source_description": "",
   "acquired_year": 2010,
   "acquired_month": 7,
   "acquired_day": null,
   "acquiring_company":
    {"name": "Motorola Mobility",
     "permalink": "motorola-mobility"}},
 "acquisitions":
  [],
 "offices":
  [],
 "milestones":
  [{"id": 1278,
    "description": "Announced Atlas",
    "stoned_year": 2009,
    "stoned_month": 2,
    "stoned_day": 28,
    "source_url": "http://280north.com/blog/2009/02/announcing-atlas/",
    "source_text": "",
    "source_description": "Announcing Atlas",
    "stoneable_type": "Company",
    "stoned_value": null,
    "stoned_value_type": null,
    "stoned_acquirer": null,
    "stoneable":
     {"name": "280 North",
      "permalink": "280-north"}},
   {"id": 1279,
    "description": "Announced Cappuccino",
    "stoned_year": 2008,
    "stoned_month": 9,
    "stoned_day": 4,
    "source_url": "http://280north.com/blog/2008/09/announcing-cappuccino/",
    "source_text": "",
    "source_description": "Announcing Cappuccino",
    "stoneable_type": "Company",
    "stoned_value": null,
    "stoned_value_type": null,
    "stoned_acquirer": null,
    "stoneable":
     {"name": "280 North",
      "permalink": "280-north"}},
   {"id": 1280,
    "description": "Launched 280 Slides (beta)",
    "stoned_year": 2008,
    "stoned_month": 6,
    "stoned_day": 5,
    "source_url": "http://280north.com/blog/2008/06/280-slides-beta-is-live/",
    "source_text": "",
    "source_description": "280 Slides (beta) is live!",
    "stoneable_type": "Company",
    "stoned_value": null,
    "stoned_value_type": null,
    "stoned_acquirer": null,
    "stoneable":
     {"name": "280 North",
      "permalink": "280-north"}},
   {"id": 27176,
    "description": "Acquired by Motorola Mobility",
    "stoned_year": 2010,
    "stoned_month": null,
    "stoned_day": null,
    "source_url": "http://techcrunch.com/2010/08/24/motorola-snaps-up-280-north-for-20-million/",
    "source_text": null,
    "source_description": "Motorola Snaps Up 280 North For $20 Million",
    "stoneable_type": "Company",
    "stoned_value": null,
    "stoned_value_type": null,
    "stoned_acquirer": null,
    "stoneable":
     {"name": "280 North",
      "permalink": "280-north"}}],
 "ipo": null,
 "video_embeds":
  [],
 "screenshots":
  [],
 "external_links":
  [],
 "partners":
  []}
