{"name": "2Big2Send",
 "permalink": "2big2send",
 "crunchbase_url": "http://www.crunchbase.com/company/2big2send",
 "homepage_url": "http://www.2big2send.com",
 "blog_url": "http://blog.2big2send.com",
 "blog_feed_url": "http://blog.2big2send.com/?feed=rss2",
 "twitter_username": "2big2send",
 "category_code": "web",
 "number_of_employees": 2,
 "founded_year": 2007,
 "founded_month": 3,
 "founded_day": null,
 "deadpooled_year": null,
 "deadpooled_month": null,
 "deadpooled_day": null,
 "deadpooled_url": null,
 "tag_list": "send-large-files",
 "alias_list": null,
 "email_address": "support@2big2send.com",
 "phone_number": "",
 "description": null,
 "created_at": "Sat Aug 30 18:06:38 UTC 2008",
 "updated_at": "Mon Mar 16 18:30:51 UTC 2009",
 "overview": "\u003Cp\u003E\u003Cstrong\u003E2Big2Send\u003C/strong\u003E was created for the need for users to have a more organised place to store large files that would be available quickly anywhere they were.\u003C/p\u003E\n\n\u003Cp\u003EThe company has been growing at a constant rate since their product\u0026#8217;s initial release, and have now rolled out their services worldwide. \u003C/p\u003E\n\n\u003Cp\u003EWe recently upgraded our uploader making it handle multiple files which is being very well received with a greater amount of uploads and sends.\u003C/p\u003E",
 "image":
  {"available_sizes":
    [[[150,
       36],
      "http://api-images.crunchbase.com/assets/images/resized/0002/4367/24367v2-max-150x150.png"],
     [[225,
       55],
      "http://api-images.crunchbase.com/assets/images/resized/0002/4367/24367v2-max-250x250.png"],
     [[225,
       55],
      "http://api-images.crunchbase.com/assets/images/resized/0002/4367/24367v2-max-450x450.png"]],
   "attribution": null},
 "products":
  [{"name": "Multi Uploader",
    "permalink": "multi-uploader"},
   {"name": "Desktop Client",
    "permalink": "desktop-client"}],
 "relationships":
  [{"is_past": false,
    "title": "Founder",
    "person":
     {"first_name": "Jamie",
      "last_name": "McConnell",
      "permalink": "jamie-mcconnell"}},
   {"is_past": false,
    "title": "Lead Developer",
    "person":
     {"first_name": "Adam",
      "last_name": "Eastbury",
      "permalink": "adam-eastbury"}}],
 "competitions":
  [{"competitor":
     {"name": "Hightail",
      "permalink": "hightail"}},
   {"competitor":
     {"name": "Box",
      "permalink": "box"}},
   {"competitor":
     {"name": "Dropsend",
      "permalink": "dropsend"}},
   {"competitor":
     {"name": "drop.io",
      "permalink": "drop-io"}}],
 "providerships":
  [],
 "total_money_raised": "$0",
 "funding_rounds":
  [],
 "investments":
  [],
 "acquisition": null,
 "acquisitions":
  [],
 "offices":
  [{"description": "HQ",
    "address1": "10 Lytton Road",
    "address2": "",
    "zip_code": "OX4 3PB",
    "city": "Oxford",
    "state_code": null,
    "country_code": "GBR",
    "latitude": 51.734276,
    "longitude": -1.221595}],
 "milestones":
  [],
 "ipo": null,
 "video_embeds":
  [],
 "screenshots":
  [{"available_sizes":
     [[[150,
        133],
       "http://api-images.crunchbase.com/assets/images/resized/0002/6602/26602v2-max-150x150.png"],
      [[250,
        222],
       "http://api-images.crunchbase.com/assets/images/resized/0002/6602/26602v2-max-250x250.png"],
      [[450,
        400],
       "http://api-images.crunchbase.com/assets/images/resized/0002/6602/26602v2-max-450x450.png"]],
    "attribution": null},
   {"available_sizes":
     [[[150,
        95],
       "http://api-images.crunchbase.com/assets/images/resized/0003/7948/37948v2-max-150x150.png"],
      [[250,
        159],
       "http://api-images.crunchbase.com/assets/images/resized/0003/7948/37948v2-max-250x250.png"],
      [[450,
        287],
       "http://api-images.crunchbase.com/assets/images/resized/0003/7948/37948v2-max-450x450.png"]],
    "attribution": null}],
 "external_links":
  [],
 "partners":
  []}
