{"name": "2famo.us",
 "permalink": "2famo-us",
 "crunchbase_url": "http://www.crunchbase.com/company/2famo-us",
 "homepage_url": "http://2famo.us",
 "blog_url": "",
 "blog_feed_url": "",
 "twitter_username": null,
 "category_code": "public_relations",
 "number_of_employees": null,
 "founded_year": null,
 "founded_month": null,
 "founded_day": null,
 "deadpooled_year": null,
 "deadpooled_month": null,
 "deadpooled_day": null,
 "deadpooled_url": null,
 "tag_list": "website-promotion, website-traffic",
 "alias_list": null,
 "email_address": "",
 "phone_number": "",
 "description": null,
 "created_at": "Thu Jul 10 19:10:59 UTC 2008",
 "updated_at": "Sat Sep 06 13:56:38 UTC 2008",
 "overview": "\u003Cp\u003E2famo.us encourages website owners to become actively involved in marketing and promoting their websites. 2famo.us can increase your website traffic by offering a free and unique Internet marketing service: booking websites on the home page of 2famo.us\u003C/p\u003E",
 "image":
  {"available_sizes":
    [[[150,
       46],
      "http://api-images.crunchbase.com/assets/images/resized/0002/1895/21895v1-max-150x150.png"],
     [[250,
       78],
      "http://api-images.crunchbase.com/assets/images/resized/0002/1895/21895v1-max-250x250.png"],
     [[250,
       78],
      "http://api-images.crunchbase.com/assets/images/resized/0002/1895/21895v1-max-450x450.png"]],
   "attribution": null},
 "products":
  [],
 "relationships":
  [],
 "competitions":
  [],
 "providerships":
  [],
 "total_money_raised": "$0",
 "funding_rounds":
  [],
 "investments":
  [],
 "acquisition": null,
 "acquisitions":
  [],
 "offices":
  [],
 "milestones":
  [],
 "ipo": null,
 "video_embeds":
  [],
 "screenshots":
  [],
 "external_links":
  [],
 "partners":
  []}
