{"name": "2GeeksinaLab",
 "permalink": "2geeksinalab",
 "crunchbase_url": "http://www.crunchbase.com/company/2geeksinalab",
 "homepage_url": "http://2geeksinalab.com",
 "blog_url": "",
 "blog_feed_url": "",
 "twitter_username": null,
 "category_code": "software",
 "number_of_employees": 6,
 "founded_year": 2004,
 "founded_month": null,
 "founded_day": null,
 "deadpooled_year": null,
 "deadpooled_month": null,
 "deadpooled_day": null,
 "deadpooled_url": null,
 "tag_list": "piracy, content-protection, software, antipiracy",
 "alias_list": null,
 "email_address": "thomas.fryer@2geeksinalab.com",
 "phone_number": "661-265-0800",
 "description": null,
 "created_at": "Mon Aug 18 14:54:23 UTC 2008",
 "updated_at": "Tue Jun 25 22:45:15 UTC 2013",
 "overview": "\u003Cp\u003E2GeeksinaLab has developed content protection designed to eliminate piracy (casual \u0026amp; professional) from physical media (CD, DVD, etc) as well as content downloaded via the Internet. \u003C/p\u003E\n\n\u003Cp\u003EGlobal Garde\u2122 utilizes a multi-randomized, polymorphic quantum physics encoding approach to content protection (now that\u0026#8217;s a mouthful!). In other words, Global Garde\u2122 is placed in multiple random locations and performs random multiple content verifications during installation and use of protected content.\u003C/p\u003E\n\n\u003Cp\u003EAdditionally, Global Garde\u2122 utilizes multiple (and randomly inserted) false logic, operations that go nowhere, logic bombs, dead ends, false information, and a myriad of self-checks designed to ensure that Global Garde\u2122 has not been tampered with or altered.\u003C/p\u003E\n\n\u003Cp\u003E2Geeksinalab is currently marketing their product to various companies with a demo disc of their technology protected by their patent-pending protection process.\u003C/p\u003E\n\n\u003Cp\u003EGlobal Garde\u2122 is content security that far surpasses any conventional protection in the market today that can be sold as a solution to the multi-Billion dollar problem of piracy within the commercial software and gaming companies represented by such well know companies as Microsoft, EA, and Computer Associates. \u003C/p\u003E\n\n\u003Cp\u003EGlobal Garde\u2122 offers a solid solution to the multi-Billion dollar piracy issue that continues to wreak havoc on companies.\u003C/p\u003E\n\n\u003Cp\u003EEstablished in 2004, 2GeeksinaLab, Inc. is a research and development company specializing in the creation of innovative computer software and hardware technologies and was funded almost entirely by the residents of the Antelope Valley, California. \u003C/p\u003E",
 "image":
  {"available_sizes":
    [[[150,
       146],
      "http://api-images.crunchbase.com/assets/images/resized/0002/3786/23786v2-max-150x150.jpg"],
     [[250,
       243],
      "http://api-images.crunchbase.com/assets/images/resized/0002/3786/23786v2-max-250x250.jpg"],
     [[450,
       438],
      "http://api-images.crunchbase.com/assets/images/resized/0002/3786/23786v2-max-450x450.jpg"]],
   "attribution": null},
 "products":
  [],
 "relationships":
  [],
 "competitions":
  [],
 "providerships":
  [],
 "total_money_raised": "$0",
 "funding_rounds":
  [],
 "investments":
  [],
 "acquisition": null,
 "acquisitions":
  [],
 "offices":
  [{"description": "HQ",
    "address1": "41319 12th St W STE 103",
    "address2": "",
    "zip_code": "93551",
    "city": "Palmdale",
    "state_code": "CA",
    "country_code": "USA",
    "latitude": 34.633698,
    "longitude": -118.152249}],
 "milestones":
  [],
 "ipo": null,
 "video_embeds":
  [],
 "screenshots":
  [],
 "external_links":
  [],
 "partners":
  []}
