{"name": "2Win-Solutions",
 "permalink": "2win-solutions",
 "crunchbase_url": "http://www.crunchbase.com/company/2win-solutions",
 "homepage_url": "http://www.TicTacDo.com",
 "blog_url": "http://blog.TicTacDo.com",
 "blog_feed_url": "",
 "twitter_username": null,
 "category_code": "software",
 "number_of_employees": 5,
 "founded_year": null,
 "founded_month": null,
 "founded_day": null,
 "deadpooled_year": 2011,
 "deadpooled_month": 11,
 "deadpooled_day": 21,
 "deadpooled_url": "",
 "tag_list": "collaboration, saas, social-networking, project-management, task-management",
 "alias_list": null,
 "email_address": "",
 "phone_number": "+972-9741-9000 ",
 "description": "The Social Productivity Web",
 "created_at": "Mon Mar 17 15:04:06 UTC 2008",
 "updated_at": "Sat Oct 12 10:48:22 UTC 2013",
 "overview": "\u003Cp\u003EKonoLive is an instant collaboration application based on Adobe Air. It implements productivity methods like \u0026#8220;Getting Things Done\u0026#8221;, and automatically manages your activities for you, so your interactions with your friends \u0026amp; colleagues are reduced to the actual work. It\u0026#8217;s the perfect time- and hassle-saver, and is ideal for tasks small and large.\u003C/p\u003E\n\n\u003Cp\u003EOn the surface, it\u0026#8217;s arranged like a to-do list, but as you open each activity you can add other people to it (whether KonoLive users or not), include specific content and take part in a discussion around a specific task. Everything is managed in a single location, and KonoLive updates you as your friends proceed with their tasks. You can even make your activities public, viewable on our website or through our blog badge.\u003C/p\u003E\n\n\u003Cp\u003EOn top of that, KonoLive acts as a social-content-collaboration platform by working alongside other communication and productivity applications, putting them all into a single context. We already work with Box.net to store all of your activity content, and we\u0026#8217;re about to launch Skype recording support, Yuuguu screen sharing, and much more.\u003C/p\u003E\n\n\u003Cp\u003EAvailable features: \ndue-dates, reminders, priorities, task progress, advanced search options, chat, contextual linking, real-time updates and notifications, activity updates and statuses, unlimited projects with unlimited people, online-offline synchronization, \u003C/p\u003E\n\n\u003Cp\u003EUse for: \nproject management, task management, time management, personal information management (PIM), to-do lists, GTD software\u003C/p\u003E",
 "image":
  {"available_sizes":
    [[[150,
       40],
      "http://api-images.crunchbase.com/assets/images/resized/0001/5867/15867v1-max-150x150.jpg"],
     [[250,
       66],
      "http://api-images.crunchbase.com/assets/images/resized/0001/5867/15867v1-max-250x250.jpg"],
     [[450,
       120],
      "http://api-images.crunchbase.com/assets/images/resized/0001/5867/15867v1-max-450x450.jpg"]],
   "attribution": null},
 "products":
  [],
 "relationships":
  [{"is_past": false,
    "title": "R\u0026D Manager",
    "person":
     {"first_name": "Oren",
      "last_name": "Sea",
      "permalink": "oren-sea"}},
   {"is_past": true,
    "title": "CEO",
    "person":
     {"first_name": "Yossi",
      "last_name": "Dan",
      "permalink": "yossi-dan"}}],
 "competitions":
  [],
 "providerships":
  [],
 "total_money_raised": "$0",
 "funding_rounds":
  [{"id": 1819,
    "round_code": "seed",
    "source_url": "",
    "source_description": "",
    "raised_amount": null,
    "raised_currency_code": null,
    "funded_year": 2008,
    "funded_month": null,
    "funded_day": null,
    "investments":
     []}],
 "investments":
  [],
 "acquisition": null,
 "acquisitions":
  [],
 "offices":
  [{"description": "",
    "address1": "25 HaTaasia Street",
    "address2": "",
    "zip_code": "43654",
    "city": "Raanana",
    "state_code": null,
    "country_code": "ISR",
    "latitude": null,
    "longitude": null}],
 "milestones":
  [],
 "ipo": null,
 "video_embeds":
  [],
 "screenshots":
  [],
 "external_links":
  [],
 "partners":
  []}
