{"name": "3220 Publishing",
 "permalink": "3220-publishing",
 "crunchbase_url": "http://www.crunchbase.com/company/3220-publishing",
 "homepage_url": "http://www.fretbase.com",
 "blog_url": "",
 "blog_feed_url": "",
 "twitter_username": "fretbase",
 "category_code": "web",
 "number_of_employees": null,
 "founded_year": 2008,
 "founded_month": 6,
 "founded_day": 1,
 "deadpooled_year": null,
 "deadpooled_month": null,
 "deadpooled_day": null,
 "deadpooled_url": null,
 "tag_list": "",
 "alias_list": "",
 "email_address": "",
 "phone_number": "",
 "description": "Publishes database driven websites",
 "created_at": "Wed Dec 03 06:29:05 UTC 2008",
 "updated_at": "Fri May 01 16:36:32 UTC 2009",
 "overview": "\u003Cp\u003E3220 Publishing, Inc. publishes database-driven media properties for consumer enthusiasts.\u003C/p\u003E\n\n\u003Cp\u003EIts first publication is \u003Ca href=\"http://www.fretbase.com\" title=\"Fretbase\" rel=\"nofollow\"\u003EFretbase\u003C/a\u003E, a leading website for guitar enthusiasts.  More information about Fretbase can be found on the website\u0026#8217;s \u003Ca href=\"http://www.fretbase.com/blog/about-us/\" title=\"About Us\" rel=\"nofollow\"\u003EAbout Us\u003C/a\u003E page.\u003C/p\u003E",
 "image":
  {"available_sizes":
    [[[150,
       41],
      "http://api-images.crunchbase.com/assets/images/resized/0004/0814/40814v1-max-150x150.png"],
     [[233,
       65],
      "http://api-images.crunchbase.com/assets/images/resized/0004/0814/40814v1-max-250x250.png"],
     [[233,
       65],
      "http://api-images.crunchbase.com/assets/images/resized/0004/0814/40814v1-max-450x450.png"]],
   "attribution": null},
 "products":
  [],
 "relationships":
  [{"is_past": true,
    "title": "Publisher \u0026 Co-Founder",
    "person":
     {"first_name": "David",
      "last_name": "Mandelbrot",
      "permalink": "david-mandelbrot"}}],
 "competitions":
  [],
 "providerships":
  [],
 "total_money_raised": "$0",
 "funding_rounds":
  [],
 "investments":
  [],
 "acquisition": null,
 "acquisitions":
  [],
 "offices":
  [{"description": "",
    "address1": "3001 Bridgeway Blvd,",
    "address2": "Ste. K-357",
    "zip_code": "94960",
    "city": "Sausalito",
    "state_code": "CA",
    "country_code": "USA",
    "latitude": 37.869619,
    "longitude": -122.503741}],
 "milestones":
  [],
 "ipo": null,
 "video_embeds":
  [],
 "screenshots":
  [{"available_sizes":
     [[[150,
        93],
       "http://api-images.crunchbase.com/assets/images/resized/0004/0815/40815v1-max-150x150.png"],
      [[250,
        155],
       "http://api-images.crunchbase.com/assets/images/resized/0004/0815/40815v1-max-250x250.png"],
      [[450,
        280],
       "http://api-images.crunchbase.com/assets/images/resized/0004/0815/40815v1-max-450x450.png"]],
    "attribution": null}],
 "external_links":
  [],
 "partners":
  []}
