{"name": "32bytes",
 "permalink": "32bytes",
 "crunchbase_url": "http://www.crunchbase.com/company/32bytes",
 "homepage_url": "http://www.32bytes.net",
 "blog_url": "",
 "blog_feed_url": "",
 "twitter_username": null,
 "category_code": "advertising",
 "number_of_employees": 8,
 "founded_year": 2001,
 "founded_month": null,
 "founded_day": null,
 "deadpooled_year": null,
 "deadpooled_month": null,
 "deadpooled_day": null,
 "deadpooled_url": null,
 "tag_list": "web-design, web-development, web-application-development, search-engine-optimization, graphic-design, seo, print-design",
 "alias_list": null,
 "email_address": "anirudh@32bytes.net",
 "phone_number": "+91 9831150235",
 "description": null,
 "created_at": "Tue Nov 18 13:21:55 UTC 2008",
 "updated_at": "Wed Oct 13 00:37:23 UTC 2010",
 "overview": "\u003Cp\u003E32bytes is a web design, development and graphic design company established in 2001. They have diversified their services from pure web-design to print design, multimedia presentations, web application development, search engine optimization services and e-commerce solutions.\u003C/p\u003E",
 "image":
  {"available_sizes":
    [[[64,
       64],
      "http://api-images.crunchbase.com/assets/images/resized/0002/8815/28815v2-max-150x150.png"],
     [[64,
       64],
      "http://api-images.crunchbase.com/assets/images/resized/0002/8815/28815v2-max-250x250.png"],
     [[64,
       64],
      "http://api-images.crunchbase.com/assets/images/resized/0002/8815/28815v2-max-450x450.png"]],
   "attribution": null},
 "products":
  [],
 "relationships":
  [{"is_past": false,
    "title": "CEO",
    "person":
     {"first_name": "Anirudh",
      "last_name": "Mundhra",
      "permalink": "anirudh-mundhra"}}],
 "competitions":
  [],
 "providerships":
  [],
 "total_money_raised": "$0",
 "funding_rounds":
  [],
 "investments":
  [],
 "acquisition": null,
 "acquisitions":
  [],
 "offices":
  [{"description": "Development Centre",
    "address1": "8 Ho Chi Minh Sarani",
    "address2": "",
    "zip_code": "700071",
    "city": "Kolkata",
    "state_code": null,
    "country_code": "IND",
    "latitude": 22.5463155,
    "longitude": 88.3539981}],
 "milestones":
  [],
 "ipo": null,
 "video_embeds":
  [],
 "screenshots":
  [],
 "external_links":
  [],
 "partners":
  []}
