{"name": "360Cities",
 "permalink": "360cities",
 "crunchbase_url": "http://www.crunchbase.com/company/360cities",
 "homepage_url": "http://360cities.net",
 "blog_url": "http://vrlog.net",
 "blog_feed_url": "http://www.vrlog.net/feed/",
 "twitter_username": "360cities",
 "category_code": "web",
 "number_of_employees": null,
 "founded_year": 2007,
 "founded_month": null,
 "founded_day": null,
 "deadpooled_year": null,
 "deadpooled_month": null,
 "deadpooled_day": null,
 "deadpooled_url": null,
 "tag_list": "photography, panorama, panoramic, vr-photography, virtual-reality, map, maps, mapping, neo-geography, geoweb, geo-web, internet-mapping, virtual-tour, photography-community",
 "alias_list": "",
 "email_address": "jeff@360cities.net",
 "phone_number": "+420 608 076 502",
 "description": "",
 "created_at": "Fri Nov 21 15:50:05 UTC 2008",
 "updated_at": "Mon Sep 09 06:09:10 UTC 2013",
 "overview": "\u003Cp\u003E360 Cities collects, commissions, hosts, and organizes the world\u0026#8217;s best immersive panoramic photography on the web. \u003C/p\u003E\n\n\u003Cp\u003EOur goal is to bring 360 VR photography to the mainstream, and create new applications from this geographic data. We aim to cover hundreds of cities with tens of thousands of artistic, high-resolution, spherical panoramas.\u003C/p\u003E\n\n\u003Cp\u003EAs a community, we allow any skilled VR photographer to upload and publish their panoramic photography to our site. While everyone is invited to join us, we want to maintain a very high level of quality throughout our network. We are happy to guide inexperienced photographers so that they can meet this high standard as quickly as possible.\u003C/p\u003E\n\n\u003Cp\u003EWe offer products to showcase businesses, places, and events, using VR Photography and mapping. On the small scale, we can help any business get on our map through one of our local resellers and photographers. On the large scale we can create an entire VR photography / mapping website, tailored to any kind of company, government entity, research project, resort, etc.360Cities\nedit\n360 Cities collects, commissions, hosts, and organizes the world\u2019s best immersive panoramic photography on the web.\nOur goal is to bring 360 VR photography to the mainstream, and create new applications from this geographic data. We aim to cover hundreds of cities with tens of thousands of artistic, high-resolution, spherical panoramas.\nAs a community, we allow any skilled VR photographer to upload and publish their panoramic photography to our site. While everyone is invited to join us, we want to maintain a very high level of quality throughout our network. We are happy to guide inexperienced photographers so that they can meet this high standard as quickly as possible.\nWe offer products to showcase businesses, places, and events, using VR Photography and mapping. On the small scale, we can help any business get on our map through one of our local resellers and photographers. On the large scale we can create an entire VR photography / mapping website, tailored to any kind of company, government entity, research project, resort, etc.\nRecent Milestones\nedit\u003C/p\u003E\n\n\u003Cp\u003E360Cities added Bruce Pales as CEO.  (1/1/08)\nPosted 11/21/08 at 7:50am\u003C/p\u003E\n\n\u003Cp\u003E360Cities received () in Angel funding.  (12/1/07)\nPosted 11/21/08 at 7:50am\u003C/p\u003E\n\n\u003Cp\u003E360Cities added Steven P. Hercher as COO.\nPosted 11/21/08 at 7:50am\u003C/p\u003E\n\n\u003Cp\u003E360Cities added Jeffrey Martin as Founder CEO.\nPosted 11/21/08 at 7:50am\u003C/p\u003E\n\n\u003Cp\u003E360Cities added David Martinelli as Founder CTO.\nPosted 11/21/08 at 7:50am\nVideos\nedit\nScreenshots\nedit\u003C/p\u003E\n\n\u003Cp\u003EAbove: 360 Cities World map of panoramas\nUploaded: 11/22/08\u003C/p\u003E\n\n\u003Cp\u003EAbove: 360Cities Screenshot \u0026#8211; #2\nUploaded: 4/7/09\nProducts\nedit\nContent Licensing\nedit\nAdd some content to this product\nManaged VR Websites\nedit\nAdd some content to this product\nTraffic Analytics\nQuantcast\u003C/p\u003E\n\n\u003Cp\u003ECompete\u003C/p\u003E\n\n\u003Cp\u003ESources\nCitation Needed [add]\u003C/p\u003E\n\n\u003Cp\u003ERead more: http://www.crunchbase.com/company/360cities#ixzz2eGKx6Pt7 \nFollow us: @crunchbase on Twitter | crunchbase on Facebook\u003C/p\u003E",
 "image":
  {"available_sizes":
    [[[73,
       73],
      "http://api-images.crunchbase.com/assets/images/resized/0004/0525/40525v2-max-150x150.png"],
     [[73,
       73],
      "http://api-images.crunchbase.com/assets/images/resized/0004/0525/40525v2-max-250x250.png"],
     [[73,
       73],
      "http://api-images.crunchbase.com/assets/images/resized/0004/0525/40525v2-max-450x450.png"]],
   "attribution": null},
 "products":
  [{"name": "Managed VR Websites",
    "permalink": "managed-vr-websites"},
   {"name": "Content Licensing",
    "permalink": "content-licensing"}],
 "relationships":
  [{"is_past": false,
    "title": "CEO",
    "person":
     {"first_name": "Bruce",
      "last_name": "Pales",
      "permalink": "bruce-pales"}},
   {"is_past": false,
    "title": "Founder CEO",
    "person":
     {"first_name": "Jeffrey",
      "last_name": "Martin",
      "permalink": "jeffrey-martin"}},
   {"is_past": false,
    "title": "Founder CTO",
    "person":
     {"first_name": "David",
      "last_name": "Martinelli",
      "permalink": "david-martinelli"}},
   {"is_past": false,
    "title": "COO",
    "person":
     {"first_name": "Steven",
      "last_name": "P. Hercher",
      "permalink": "steven-p-hercher"}}],
 "competitions":
  [],
 "providerships":
  [],
 "total_money_raised": "$0",
 "funding_rounds":
  [{"id": 3923,
    "round_code": "angel",
    "source_url": "",
    "source_description": "",
    "raised_amount": null,
    "raised_currency_code": null,
    "funded_year": 2007,
    "funded_month": 12,
    "funded_day": null,
    "investments":
     []}],
 "investments":
  [],
 "acquisition": null,
 "acquisitions":
  [],
 "offices":
  [{"description": "360 Cities",
    "address1": "Terronska 49",
    "address2": "",
    "zip_code": "16000",
    "city": "Prague",
    "state_code": null,
    "country_code": "CZE",
    "latitude": 50.1067124,
    "longitude": 14.3961124}],
 "milestones":
  [],
 "ipo": null,
 "video_embeds":
  [{"embed_code": "http://www.swfcabin.com/swf-files/1378571581.swf",
    "description": "\u003Cp\u003E\u5f20\u575d\u6842\u5706\u6797\u6e56\u7554\u003C/p\u003E"}],
 "screenshots":
  [{"available_sizes":
     [[[150,
        88],
       "http://api-images.crunchbase.com/assets/images/resized/0002/9139/29139v2-max-150x150.jpg"],
      [[250,
        147],
       "http://api-images.crunchbase.com/assets/images/resized/0002/9139/29139v2-max-250x250.jpg"],
      [[450,
        264],
       "http://api-images.crunchbase.com/assets/images/resized/0002/9139/29139v2-max-450x450.jpg"]],
    "attribution": null},
   {"available_sizes":
     [[[150,
        96],
       "http://api-images.crunchbase.com/assets/images/resized/0004/0526/40526v1-max-150x150.png"],
      [[250,
        160],
       "http://api-images.crunchbase.com/assets/images/resized/0004/0526/40526v1-max-250x250.png"],
      [[450,
        289],
       "http://api-images.crunchbase.com/assets/images/resized/0004/0526/40526v1-max-450x450.png"]],
    "attribution": null}],
 "external_links":
  [{"external_url": "http://google-latlong.blogspot.com/2008/11/360-degree-panoramas-in-google-earth.html",
    "title": "Google LatLong blog shows off the new 360Cities Google Earth layer"},
   {"external_url": "http://www.gearthblog.com/blog/archives/2008/10/360citiesnet_-_mapped_panoramas_viewable_in_google_earth.html",
    "title": "Google Earth Blog"},
   {"external_url": "http://www.ogleearth.com/2008/11/360cities_panor.html",
    "title": "Ogle Earth"},
   {"external_url": "http://googlemapsmania.blogspot.com/2008/10/360cities-major-update.html",
    "title": "Google Maps Mania"},
   {"external_url": "http://ajaxian.com/archives/prague-360-maps-with-quality",
    "title": "Ajaxian"},
   {"external_url": "http://www.boingboing.net/2006/08/25/giant-praying-mantis.html",
    "title": "Boing Boing"},
   {"external_url": "http://google-code-featured.blogspot.com/2008/06/360citiesnet-prague.html",
    "title": "Google Code"}],
 "partners":
  []}
