{"name": "37signals",
 "permalink": "37signals",
 "crunchbase_url": "http://www.crunchbase.com/company/37signals",
 "homepage_url": "http://37signals.com",
 "blog_url": "http://www.37signals.com/svn/",
 "blog_feed_url": "http://feeds.feedburner.com/37signals/beMH",
 "twitter_username": "37signals",
 "category_code": "software",
 "number_of_employees": 20,
 "founded_year": 1999,
 "founded_month": null,
 "founded_day": null,
 "deadpooled_year": null,
 "deadpooled_month": null,
 "deadpooled_day": null,
 "deadpooled_url": "",
 "tag_list": "project-management, 37signals, basecamp, highrise, campfire, backpack, social, chicago, tadalist, saas",
 "alias_list": "",
 "email_address": "email@37signals.com",
 "phone_number": "",
 "description": "Frustration-free web-based apps",
 "created_at": "Tue Jul 24 05:48:40 UTC 2007",
 "updated_at": "Mon Jul 08 12:48:03 UTC 2013",
 "overview": "\u003Cp\u003E37signals develops simple web-based software products with individuals and small businesses in mind. Their main products include project management and collaboration tools, simple CRM, group chat and calendars. 37signals also have smaller products like to-do lists, group writing tools and job boards. Their main competitors include \u003Ca href=\"http://www.techcrunch.com/tag/salesforce\" title=\"Salesforce\"\u003ESalesforce\u003C/a\u003E, \u003Ca href=\"http://www.techcrunch.com/tag/netsuite\" title=\"Netsuite\"\u003ENetsuite\u003C/a\u003E and \u003Ca href=\"http://www.crunchbase.com/company/zoho\" title=\"Zoho\"\u003EZoho\u003C/a\u003E.\u003C/p\u003E",
 "image":
  {"available_sizes":
    [[[150,
       42],
      "http://api-images.crunchbase.com/assets/images/resized/0000/3712/3712v1-max-150x150.png"],
     [[250,
       71],
      "http://api-images.crunchbase.com/assets/images/resized/0000/3712/3712v1-max-250x250.png"],
     [[250,
       71],
      "http://api-images.crunchbase.com/assets/images/resized/0000/3712/3712v1-max-450x450.png"]],
   "attribution": null},
 "products":
  [{"name": "Backpack",
    "permalink": "backpack"},
   {"name": "Basecamp",
    "permalink": "basecamp"},
   {"name": "Campfire",
    "permalink": "campfire"},
   {"name": "Highrise",
    "permalink": "highrise"},
   {"name": "Writeboard",
    "permalink": "writeboard"},
   {"name": "Ta-da Lists",
    "permalink": "tadalist"}],
 "relationships":
  [{"is_past": false,
    "title": "Co - Founder \u0026 CEO",
    "person":
     {"first_name": "Jason",
      "last_name": "Fried",
      "permalink": "jason-fried"}},
   {"is_past": false,
    "title": "Partner",
    "person":
     {"first_name": "David",
      "last_name": "Heinemeier Hansson",
      "permalink": "david-heinemeier-hansson"}},
   {"is_past": false,
    "title": "Advisor",
    "person":
     {"first_name": "Jeff",
      "last_name": "Bezos",
      "permalink": "jeff-bezos"}},
   {"is_past": true,
    "title": "Co-Founder",
    "person":
     {"first_name": "Ernest",
      "last_name": "Kim",
      "permalink": "ernest-kim"}},
   {"is_past": true,
    "title": "Product Marketing Intern",
    "person":
     {"first_name": "Sanjiv",
      "last_name": "Kalevar",
      "permalink": "sanjiv-kalevar"}}],
 "competitions":
  [{"competitor":
     {"name": "NetSuite",
      "permalink": "netsuite"}},
   {"competitor":
     {"name": "Convos",
      "permalink": "convos"}},
   {"competitor":
     {"name": "Devunity",
      "permalink": "devunity"}},
   {"competitor":
     {"name": "ActionThis",
      "permalink": "actionthis"}},
   {"competitor":
     {"name": "Central Desktop",
      "permalink": "central-desktop"}},
   {"competitor":
     {"name": "Daikana",
      "permalink": "daikana"}},
   {"competitor":
     {"name": "Astrails",
      "permalink": "astrails"}},
   {"competitor":
     {"name": "Less Everything",
      "permalink": "less-everything"}},
   {"competitor":
     {"name": "Huddle",
      "permalink": "huddle"}},
   {"competitor":
     {"name": "Smibs",
      "permalink": "smibs"}},
   {"competitor":
     {"name": "5pm",
      "permalink": "5pm"}},
   {"competitor":
     {"name": "Bizooki",
      "permalink": "bizooki"}},
   {"competitor":
     {"name": "Clarizen",
      "permalink": "clarizen"}},
   {"competitor":
     {"name": "Ximdesk",
      "permalink": "ximdesk"}},
   {"competitor":
     {"name": "Huddle",
      "permalink": "huddle"}},
   {"competitor":
     {"name": "Wiggio",
      "permalink": "wiggio"}},
   {"competitor":
     {"name": "43Folders",
      "permalink": "43folders"}},
   {"competitor":
     {"name": "LiquidPlanner",
      "permalink": "liquidplanner"}},
   {"competitor":
     {"name": "Projec.to",
      "permalink": "projec-to"}},
   {"competitor":
     {"name": "Project Manager",
      "permalink": "project-manager"}},
   {"competitor":
     {"name": "Onit",
      "permalink": "onit"}},
   {"competitor":
     {"name": "Onit",
      "permalink": "onit"}},
   {"competitor":
     {"name": "Teamwork Project Manager",
      "permalink": "teamwork-project-manager"}},
   {"competitor":
     {"name": "Qontext",
      "permalink": "qontext"}},
   {"competitor":
     {"name": "Hall",
      "permalink": "hall-com"}},
   {"competitor":
     {"name": "Hall",
      "permalink": "hall-com"}},
   {"competitor":
     {"name": "Skylightit.com",
      "permalink": "skylightit-com"}},
   {"competitor":
     {"name": "Flowdock",
      "permalink": "flowdock"}},
   {"competitor":
     {"name": "Asana",
      "permalink": "asana"}}],
 "providerships":
  [{"title": "Hosting",
    "is_past": null,
    "provider":
     {"name": "Rackspace",
      "permalink": "rackspace"}}],
 "total_money_raised": "$0",
 "funding_rounds":
  [{"id": 228,
    "round_code": "a",
    "source_url": "http://37signals.com/svn/archives2/bezos_expeditions_invests_in_37signals.php",
    "source_description": null,
    "raised_amount": null,
    "raised_currency_code": null,
    "funded_year": 2006,
    "funded_month": 7,
    "funded_day": 1,
    "investments":
     [{"company": null,
       "financial_org":
        {"name": "Bezos Expeditions",
         "permalink": "bezos-expeditions"},
       "person": null}]}],
 "investments":
  [],
 "acquisition": null,
 "acquisitions":
  [],
 "offices":
  [{"description": "",
    "address1": "30 North Racine Avenue #200",
    "address2": "",
    "zip_code": "60607",
    "city": "Chicago",
    "state_code": "IL",
    "country_code": "USA",
    "latitude": 41.8892178,
    "longitude": -87.6557234}],
 "milestones":
  [{"id": 1032,
    "description": "Launched new marketing site for Highrise",
    "stoned_year": 2008,
    "stoned_month": 12,
    "stoned_day": 19,
    "source_url": "http://productblog.37signals.com/products/2008/12/new-highrise-marketing-site-launches.html",
    "source_text": null,
    "source_description": " 37signals product blog Posts about...      * Basecamp     * Highrise     * Campfire     * Backpack     * Ta-da List     * Writeboard     * Complete archive  Forums  The forums are where customers can help one another, share tips and tricks, and more.    ",
    "stoneable_type": "Company",
    "stoned_value": null,
    "stoned_value_type": null,
    "stoned_acquirer": null,
    "stoneable":
     {"name": "37signals",
      "permalink": "37signals"}},
   {"id": 7077,
    "description": "37signals Buys Campfire iPhone App Ember",
    "stoned_year": 2010,
    "stoned_month": 7,
    "stoned_day": 27,
    "source_url": "http://techcrunch.com/2010/07/27/37signals-buys-campfire-iphone-app-ember/",
    "source_text": "",
    "source_description": "37signals Buys Campfire iPhone App Ember",
    "stoneable_type": "Company",
    "stoned_value": null,
    "stoned_value_type": null,
    "stoned_acquirer": null,
    "stoneable":
     {"name": "37signals",
      "permalink": "37signals"}}],
 "ipo": null,
 "video_embeds":
  [],
 "screenshots":
  [{"available_sizes":
     [[[150,
        118],
       "http://api-images.crunchbase.com/assets/images/resized/0011/6664/116664v1-max-150x150.jpg"],
      [[250,
        197],
       "http://api-images.crunchbase.com/assets/images/resized/0011/6664/116664v1-max-250x250.jpg"],
      [[450,
        354],
       "http://api-images.crunchbase.com/assets/images/resized/0011/6664/116664v1-max-450x450.jpg"]],
    "attribution": null}],
 "external_links":
  [{"external_url": "http://www.online-tech-tips.com/cool-websites/online-collaboration-and-project-management-tools/",
    "title": "Online Tech Tips"}],
 "partners":
  []}
