{"name": "38 Studios",
 "permalink": "38-studios",
 "crunchbase_url": "http://www.crunchbase.com/company/38-studios",
 "homepage_url": "http://38studios.com",
 "blog_url": "",
 "blog_feed_url": "",
 "twitter_username": "38Studios",
 "category_code": "games_video",
 "number_of_employees": 49,
 "founded_year": 2006,
 "founded_month": null,
 "founded_day": null,
 "deadpooled_year": null,
 "deadpooled_month": null,
 "deadpooled_day": null,
 "deadpooled_url": null,
 "tag_list": "gaming, video, video-games, intellectual-property, entertainment, massachusetts, curt-schilling, multi-player-gaming, 38-studios",
 "alias_list": "",
 "email_address": "info@38studios.com",
 "phone_number": "",
 "description": "entertainment \u0026 video game creator",
 "created_at": "Tue Nov 04 15:48:11 UTC 2008",
 "updated_at": "Wed Apr 10 05:09:53 UTC 2013",
 "overview": "\u003Cp\u003E38 Studios produces video games, as well as a range of entertainment products.\u003C/p\u003E\n\n\u003Cp\u003EFounded by Major League pitcher Curt Schilling in late 2006, 38 Studios\u0026#8217; goal is to create and redefine conventional multi-player gaming.  \u003C/p\u003E\n\n\u003Cp\u003E38 Studios\u00e2\u20ac\u2122 first products will feature comic book and toy creator Todd McFarlane (www.spawn.com) and fantasy author R. A. Salvatore (www.rasalvatore.com). 38 Studios employs artists, programmers, designers, writers, and others drawn from various game and entertainment companies.\u003C/p\u003E\n\n\u003Cp\u003E38 Studios\u0026#8217; company slogan is: \u00e2\u20ac\u0153How cool would it be if \u0026#8230;\u00e2\u20ac\u009d \u003C/p\u003E",
 "image":
  {"available_sizes":
    [[[55,
       78],
      "http://api-images.crunchbase.com/assets/images/resized/0004/0155/40155v3-max-150x150.jpg"],
     [[55,
       78],
      "http://api-images.crunchbase.com/assets/images/resized/0004/0155/40155v3-max-250x250.jpg"],
     [[55,
       78],
      "http://api-images.crunchbase.com/assets/images/resized/0004/0155/40155v3-max-450x450.jpg"]],
   "attribution": null},
 "products":
  [],
 "relationships":
  [{"is_past": false,
    "title": "Chief Operating Officer",
    "person":
     {"first_name": "Bill",
      "last_name": "Thomas",
      "permalink": "bill-thomas"}},
   {"is_past": false,
    "title": "Chief Marketing Officer",
    "person":
     {"first_name": "Mary",
      "last_name": "Kirchoff",
      "permalink": "mary-kirchoff"}},
   {"is_past": false,
    "title": "Vice President of Business Development",
    "person":
     {"first_name": "Jennifer",
      "last_name": "Maclean",
      "permalink": "jennifer-maclean"}},
   {"is_past": false,
    "title": "President",
    "person":
     {"first_name": "Brett",
      "last_name": "Close",
      "permalink": "brett-close"}},
   {"is_past": false,
    "title": "Chief Technology Officer",
    "person":
     {"first_name": "Jon",
      "last_name": "Laff",
      "permalink": "jon-laff"}},
   {"is_past": false,
    "title": "Board Member",
    "person":
     {"first_name": "Doug",
      "last_name": "Macrae",
      "permalink": "doug-macrae"}},
   {"is_past": true,
    "title": "Founder and Chairman, Board of Directors",
    "person":
     {"first_name": "Curt",
      "last_name": "Schilling",
      "permalink": "curt-schilling"}},
   {"is_past": true,
    "title": "VP, Customer Relationship Management",
    "person":
     {"first_name": "Glen",
      "last_name": "Pryer",
      "permalink": "glen-pryer"}}],
 "competitions":
  [],
 "providerships":
  [],
 "total_money_raised": "$0",
 "funding_rounds":
  [],
 "investments":
  [],
 "acquisition": null,
 "acquisitions":
  [{"price_amount": null,
    "price_currency_code": "USD",
    "term_code": null,
    "source_url": "http://www.38studios.com/news/press_show/22",
    "source_description": "38 STUDIOS ACQUIRES BIG HUGE GAMES",
    "acquired_year": 2009,
    "acquired_month": 5,
    "acquired_day": 29,
    "company":
     {"name": "Big Huge Games",
      "permalink": "big-huge-games"}}],
 "offices":
  [{"description": "Headquarters",
    "address1": "5 Clock Tower Place",
    "address2": "Suite 140",
    "zip_code": "01754",
    "city": "Maynard",
    "state_code": "MA",
    "country_code": "USA",
    "latitude": 42.431652,
    "longitude": -71.455658}],
 "milestones":
  [{"id": 9807,
    "description": "The Rhode Island Economic Development Corp. (RIEDC) says that it has closed on the financial package of the Job Creation Guaranty Program, and 38 Studios will get a $13 million initial round of its $75 million state-guaranteed loan",
    "stoned_year": 2010,
    "stoned_month": 11,
    "stoned_day": 3,
    "source_url": "http://www.masshightech.com/stories/2010/11/01/daily24-Bond-sale-provides-cash-for-Schillings-38-Studios-to-move-to-Rhode-Island.html",
    "source_text": null,
    "source_description": "Bond sale provides cash for Schilling\u00e2\u20ac\u2122s 38 Studios to move to Rhode Island",
    "stoneable_type": "Company",
    "stoned_value": null,
    "stoned_value_type": null,
    "stoned_acquirer": null,
    "stoneable":
     {"name": "38 Studios",
      "permalink": "38-studios"}}],
 "ipo": null,
 "video_embeds":
  [],
 "screenshots":
  [{"available_sizes":
     [[[150,
        93],
       "http://api-images.crunchbase.com/assets/images/resized/0004/0156/40156v1-max-150x150.png"],
      [[250,
        156],
       "http://api-images.crunchbase.com/assets/images/resized/0004/0156/40156v1-max-250x250.png"],
      [[450,
        281],
       "http://api-images.crunchbase.com/assets/images/resized/0004/0156/40156v1-max-450x450.png"]],
    "attribution": null}],
 "external_links":
  [],
 "partners":
  []}
