{"name": "3DVU",
 "permalink": "3dvu",
 "crunchbase_url": "http://www.crunchbase.com/company/3dvu",
 "homepage_url": "http://www.3dvu.com",
 "blog_url": "",
 "blog_feed_url": "",
 "twitter_username": null,
 "category_code": "mobile",
 "number_of_employees": null,
 "founded_year": null,
 "founded_month": null,
 "founded_day": null,
 "deadpooled_year": null,
 "deadpooled_month": null,
 "deadpooled_day": null,
 "deadpooled_url": null,
 "tag_list": "",
 "alias_list": null,
 "email_address": "info@3dvu.com",
 "phone_number": "650-351-1365",
 "description": null,
 "created_at": "Wed Sep 24 18:15:53 UTC 2008",
 "updated_at": "Thu Aug 22 19:43:59 UTC 2013",
 "overview": "\u003Cp\u003E3DVU is the world\u0026#8217;s leading provider of 3D Aerial Photography Navigation and Location Based Services to mobile devices. \u003C/p\u003E\n\n\u003Cp\u003E3DVU\u0026#8217;s patented solution, Navi2Go, is the only offboard mobile navigation in the world that brings 3D aerial photography and terrain elevation of entire countries to mobile users. Navi2Go is cross platform and provides Windows Mobile, Symbian and BlackBerry mobile users with the most intuitive navigation experience. Users can travel the entire USA, UK, Germany, Netherlands, France and more at high resolution aerial photography with full 3D landscape. Navi2Go is making it easier for consumers to navigate giving instant orientation that prevents them from getting lost. Accurate multi-language voice guidance and 3D route guidance over 3D virtual world makes Navi2Go the most intuitive, friendly and easy-to-get there navigation solution. Navi2Go includes features including navigation preferences that let users select the Fastest Way, Easiest Way, Pedestrian mode as well as an advanced Search menu that helps you locate and navigate to Restaurants, Parks, Banks and more. For more information, please visit www.3dvu.com.\u003C/p\u003E",
 "image":
  {"available_sizes":
    [[[81,
       67],
      "http://api-images.crunchbase.com/assets/images/resized/0002/5693/25693v2-max-150x150.png"],
     [[81,
       67],
      "http://api-images.crunchbase.com/assets/images/resized/0002/5693/25693v2-max-250x250.png"],
     [[81,
       67],
      "http://api-images.crunchbase.com/assets/images/resized/0002/5693/25693v2-max-450x450.png"]],
   "attribution": null},
 "products":
  [],
 "relationships":
  [],
 "competitions":
  [],
 "providerships":
  [],
 "total_money_raised": "$0",
 "funding_rounds":
  [],
 "investments":
  [],
 "acquisition": null,
 "acquisitions":
  [],
 "offices":
  [],
 "milestones":
  [],
 "ipo": null,
 "video_embeds":
  [{"embed_code": "\u003Cembed src=\"http://www.vator.tv/embed/player.swf?videoSrc=http://s3.amazonaws.com/vator_production_out/3477_Flyder-UK-1.00.flv\u0026fillColor=0xFFFFFF\u0026videoMode=embed\u0026pitchURL=http://www.vator.tv/pitch/show/3dvu\" allowscriptaccess=\"always\" width=\"320\" height=\"300\" wmode=\"transparent\" pluginspage=\"http://www.macromedia.com/go/getflashplayer\" type=\"application/x-shockwave-flash\"\u003E\u003C/embed\u003E",
    "description": "\u003Cp\u003EProduct: Flyder UK\u003C/p\u003E"},
   {"embed_code": "\u003Cembed src=\"http://www.vator.tv/embed/player.swf?videoSrc=http://s3.amazonaws.com/vator_production_out/1854_Navi2Go_SVW2.flv\u0026fillColor=0xFFFFFF\u0026videoMode=embed\u0026pitchURL=http://www.vator.tv/pitch/show/3dvu\" allowscriptaccess=\"always\" width=\"320\" height=\"300\" wmode=\"transparent\" pluginspage=\"http://www.macromedia.com/go/getflashplayer\" type=\"application/x-shockwave-flash\"\u003E\u003C/embed\u003E",
    "description": "\u003Cp\u003EProduct: Navi2Go US\u003C/p\u003E"}],
 "screenshots":
  [{"available_sizes":
     [[[93,
        150],
       "http://api-images.crunchbase.com/assets/images/resized/0002/5630/25630v2-max-150x150.jpg"],
      [[156,
        250],
       "http://api-images.crunchbase.com/assets/images/resized/0002/5630/25630v2-max-250x250.jpg"],
      [[207,
        331],
       "http://api-images.crunchbase.com/assets/images/resized/0002/5630/25630v2-max-450x450.jpg"]],
    "attribution": null},
   {"available_sizes":
     [[[80,
        150],
       "http://api-images.crunchbase.com/assets/images/resized/0002/5692/25692v2-max-150x150.jpg"],
      [[133,
        250],
       "http://api-images.crunchbase.com/assets/images/resized/0002/5692/25692v2-max-250x250.jpg"],
      [[240,
        450],
       "http://api-images.crunchbase.com/assets/images/resized/0002/5692/25692v2-max-450x450.jpg"]],
    "attribution": null},
   {"available_sizes":
     [[[72,
        150],
       "http://api-images.crunchbase.com/assets/images/resized/0002/5695/25695v2-max-150x150.jpg"],
      [[121,
        250],
       "http://api-images.crunchbase.com/assets/images/resized/0002/5695/25695v2-max-250x250.jpg"],
      [[218,
        450],
       "http://api-images.crunchbase.com/assets/images/resized/0002/5695/25695v2-max-450x450.jpg"]],
    "attribution": null}],
 "external_links":
  [],
 "partners":
  []}
