{"name": "3i Systems",
 "permalink": "3i-systems",
 "crunchbase_url": "http://www.crunchbase.com/company/3i-systems",
 "homepage_url": "http://www.3i-systems.com",
 "blog_url": "",
 "blog_feed_url": "",
 "twitter_username": null,
 "category_code": "semiconductor",
 "number_of_employees": null,
 "founded_year": 2006,
 "founded_month": 11,
 "founded_day": null,
 "deadpooled_year": 2013,
 "deadpooled_month": 9,
 "deadpooled_day": null,
 "deadpooled_url": "",
 "tag_list": null,
 "alias_list": "",
 "email_address": "",
 "phone_number": "86 75 8286 5535",
 "description": "optical inspection solutions",
 "created_at": "Fri Aug 15 20:46:53 UTC 2008",
 "updated_at": "Mon Mar 17 08:57:13 UTC 2014",
 "overview": "\u003Cp\u003E3i Systems Corporation is an entrepreneurial firm of high-end large-scale optoelectronic equipments. \u003C/p\u003E\n\n\u003Cp\u003EIt is founded in November, 2006, and its products are used in panel display and photovoltaic industries., and iIts core technical team is made up of a group of oversea semiconductor equipment experts from American Silicon Valley, and its capital is co-invested by several risk investment agencies from home and abroad. \u003C/p\u003E\n\n\u003Cp\u003EOf the employees of 3i Systems Corporation, 18% of the employees of 3i Systems Corporation have doctor\u0026#8217;s degrees or senior professional titles, and 45% have master\u0026#8217;s degrees or medium professional titles. \u003C/p\u003E\n\n\u003Cp\u003EThe company has completely independent intellectual property, including scientific and technical invention patents and software copyrights from home and abroad, which covers over 20 items in total.\u003C/p\u003E",
 "image":
  {"available_sizes":
    [[[95,
       70],
      "http://api-images.crunchbase.com/assets/images/resized/0002/6077/26077v1-max-150x150.jpg"],
     [[95,
       70],
      "http://api-images.crunchbase.com/assets/images/resized/0002/6077/26077v1-max-250x250.jpg"],
     [[95,
       70],
      "http://api-images.crunchbase.com/assets/images/resized/0002/6077/26077v1-max-450x450.jpg"]],
   "attribution": null},
 "products":
  [],
 "relationships":
  [{"is_past": false,
    "title": "Founder\u0026President",
    "person":
     {"first_name": "Bo",
      "last_name": "Li",
      "permalink": "bo-li"}},
   {"is_past": false,
    "title": "Board of Directors",
    "person":
     {"first_name": "Peter",
      "last_name": "Buhl",
      "permalink": "peter-buhl"}},
   {"is_past": true,
    "title": "Secondment from McKinsey",
    "person":
     {"first_name": "Maximilian",
      "last_name": "Bittner",
      "permalink": "maximilian-bittner"}},
   {"is_past": true,
    "title": "Partner",
    "person":
     {"first_name": "Laurence",
      "last_name": "Garrett",
      "permalink": "laurence-garrett"}}],
 "competitions":
  [],
 "providerships":
  [],
 "total_money_raised": "$13.7M",
 "funding_rounds":
  [{"id": 3575,
    "round_code": "b",
    "source_url": "http://venturebeat.com/2007/08/20/3i-systems-lcd-inspection-company-raises-65m/",
    "source_description": "3i Systems, LCD inspection company, raises $6.5M.",
    "raised_amount": 6500000.0,
    "raised_currency_code": "USD",
    "funded_year": 2007,
    "funded_month": 8,
    "funded_day": 20,
    "investments":
     [{"company": null,
       "financial_org":
        {"name": "BlueRun Ventures",
         "permalink": "bluerun-ventures"},
       "person": null},
      {"company": null,
       "financial_org":
        {"name": "Anxon International",
         "permalink": "anxon-international"},
       "person": null}]},
   {"id": 68427,
    "round_code": "unattributed",
    "source_url": "",
    "source_description": "",
    "raised_amount": 5000000.0,
    "raised_currency_code": "USD",
    "funded_year": 2010,
    "funded_month": 3,
    "funded_day": null,
    "investments":
     [{"company": null,
       "financial_org":
        {"name": "BlueRun Ventures",
         "permalink": "bluerun-ventures"},
       "person": null},
      {"company": null,
       "financial_org":
        {"name": "Shenzhen Capital Group",
         "permalink": "shenzhen-capital-group"},
       "person": null}]},
   {"id": 68428,
    "round_code": "unattributed",
    "source_url": "",
    "source_description": "",
    "raised_amount": 2208150.4,
    "raised_currency_code": "USD",
    "funded_year": 2009,
    "funded_month": 12,
    "funded_day": null,
    "investments":
     [{"company": null,
       "financial_org":
        {"name": "Shenzhen Capital Group",
         "permalink": "shenzhen-capital-group"},
       "person": null}]}],
 "investments":
  [],
 "acquisition": null,
 "acquisitions":
  [],
 "offices":
  [{"description": "HQ",
    "address1": "",
    "address2": "",
    "zip_code": "",
    "city": "Guangdong",
    "state_code": null,
    "country_code": "CHN",
    "latitude": null,
    "longitude": null}],
 "milestones":
  [],
 "ipo": null,
 "video_embeds":
  [],
 "screenshots":
  [{"available_sizes":
     [[[150,
        137],
       "http://api-images.crunchbase.com/assets/images/resized/0008/0505/80505v1-max-150x150.jpg"],
      [[250,
        228],
       "http://api-images.crunchbase.com/assets/images/resized/0008/0505/80505v1-max-250x250.jpg"],
      [[450,
        411],
       "http://api-images.crunchbase.com/assets/images/resized/0008/0505/80505v1-max-450x450.jpg"]],
    "attribution": null}],
 "external_links":
  [],
 "partners":
  [{"partner_name": "ct_quan",
    "homepage_url": "unknown",
    "link_1_url": null,
    "link_2_url": null,
    "link_3_url": null,
    "link_1_name": null,
    "link_2_name": null,
    "link_3_name": null}]}
