{"name": "3tailer",
 "permalink": "3tailer",
 "crunchbase_url": "http://www.crunchbase.com/company/3tailer",
 "homepage_url": "http://www.3tailer.com",
 "blog_url": "http://www.3tailer.com",
 "blog_feed_url": "http://www.3tailer.com/feed",
 "twitter_username": "3tailer",
 "category_code": "ecommerce",
 "number_of_employees": null,
 "founded_year": 2005,
 "founded_month": 12,
 "founded_day": 20,
 "deadpooled_year": null,
 "deadpooled_month": null,
 "deadpooled_day": null,
 "deadpooled_url": null,
 "tag_list": "3tailer, ecommerce, online-retail, internet",
 "alias_list": null,
 "email_address": "info@3tailer.com",
 "phone_number": "1-800-251-3638",
 "description": "Niche shopping portal",
 "created_at": "Sat Apr 19 18:39:01 UTC 2008",
 "updated_at": "Tue Oct 29 23:58:44 UTC 2013",
 "overview": "\u003Cp\u003ESince 2005, 3tailer has delivered outstanding customer service and brought underserved product categories to the masses by partnering with great manufacturers and distributors.  We ship globally but provide our customer support and operations locally from our office in Charlotte, NC.\u003C/p\u003E",
 "image":
  {"available_sizes":
    [[[150,
       50],
      "http://api-images.crunchbase.com/assets/images/resized/0001/7484/17484v7-max-150x150.jpg"],
     [[250,
       84],
      "http://api-images.crunchbase.com/assets/images/resized/0001/7484/17484v7-max-250x250.jpg"],
     [[251,
       85],
      "http://api-images.crunchbase.com/assets/images/resized/0001/7484/17484v7-max-450x450.jpg"]],
   "attribution": null},
 "products":
  [],
 "relationships":
  [{"is_past": false,
    "title": "Co-Founder",
    "person":
     {"first_name": "Jon",
      "last_name": "West",
      "permalink": "jon-west"}},
   {"is_past": false,
    "title": "Co-Founder",
    "person":
     {"first_name": "Chad",
      "last_name": "Ledford",
      "permalink": "chad-ledford"}}],
 "competitions":
  [{"competitor":
     {"name": "NetShops",
      "permalink": "netshops"}},
   {"competitor":
     {"name": "Buy.com",
      "permalink": "buy-com"}},
   {"competitor":
     {"name": "unbeatablesale",
      "permalink": "unbeatablesale"}}],
 "providerships":
  [],
 "total_money_raised": "$0",
 "funding_rounds":
  [],
 "investments":
  [],
 "acquisition": null,
 "acquisitions":
  [],
 "offices":
  [{"description": "3tailer",
    "address1": "505 S Cedar st",
    "address2": "B/C",
    "zip_code": "28202",
    "city": "Charlotte",
    "state_code": "NC",
    "country_code": "USA",
    "latitude": 35.227986,
    "longitude": -80.85488}],
 "milestones":
  [{"id": 39803,
    "description": "3tailer was acquired by Breakthrough Technology, Inc.",
    "stoned_year": 2013,
    "stoned_month": 8,
    "stoned_day": 9,
    "source_url": "http://detailedblock.com/2013/10/25/addshoppers-co-founders-sell-first-company-3tailer/",
    "source_text": null,
    "source_description": "3tailer Sold to New Owners",
    "stoneable_type": "Company",
    "stoned_value": null,
    "stoned_value_type": null,
    "stoned_acquirer": null,
    "stoneable":
     {"name": "3tailer",
      "permalink": "3tailer"}}],
 "ipo": null,
 "video_embeds":
  [],
 "screenshots":
  [],
 "external_links":
  [{"external_url": "http://www.3tailer.com",
    "title": ""}],
 "partners":
  []}
