{"name": "3Vectores Comunicaci\u00c3\u00b3n",
 "permalink": "3vectores-comunicacin",
 "crunchbase_url": "http://www.crunchbase.com/company/3vectores-comunicacin",
 "homepage_url": "http://www.3vectores.com",
 "blog_url": "",
 "blog_feed_url": "",
 "twitter_username": "3vectores",
 "category_code": "advertising",
 "number_of_employees": 10,
 "founded_year": 2000,
 "founded_month": 3,
 "founded_day": 4,
 "deadpooled_year": null,
 "deadpooled_month": null,
 "deadpooled_day": null,
 "deadpooled_url": null,
 "tag_list": "concept-design, social-media, brand-evangelist, web-2-0, marketing-online, digital-brand, logo, brochures",
 "alias_list": null,
 "email_address": "info@3vectores.com",
 "phone_number": "00543446647213",
 "description": null,
 "created_at": "Sat Sep 20 18:13:08 UTC 2008",
 "updated_at": "Sat Sep 27 13:53:04 UTC 2008",
 "overview": "\u003Cp\u003EWe are\nInterdisciplinaries Professionals, kind to the future of the communication.\nIntegrators of the concepts: Creativity, Interactivity, Marketing, Social Media and Technology, applying such to different cases.\nUnifying of the graphic and digital, to keep coherence in its image.\nConscious of the advantages of a mark graphic-digital it uniforms and of the responsibility and seriousness that its profit entails.\nDynamic, offering to our services and know how just in time.\nFaithfuls to our profession and the technology to be able to offer day to day a better solution.\u003C/p\u003E\n\n\u003Cp\u003EWe do Design\nLogo Designer, Brand Strategy, Brand naming, Logotipo, Brand application, Brand Sprit, Digital Brand, Social Media Strategy, SEO, SEM, Web Branding.\nMoodboars, innovation design, Concept Design. \ntechnologies  : Web 2.0, Flash, HTML, PHP, ASP, AJAX, XML, CMS, Skins, Wordpress, etc etc \u003C/p\u003E",
 "image":
  {"available_sizes":
    [[[150,
       42],
      "http://api-images.crunchbase.com/assets/images/resized/0002/5369/25369v2-max-150x150.png"],
     [[181,
       51],
      "http://api-images.crunchbase.com/assets/images/resized/0002/5369/25369v2-max-250x250.png"],
     [[181,
       51],
      "http://api-images.crunchbase.com/assets/images/resized/0002/5369/25369v2-max-450x450.png"]],
   "attribution": null},
 "products":
  [],
 "relationships":
  [{"is_past": false,
    "title": "Degree in Systems",
    "person":
     {"first_name": "Nicolas",
      "last_name": "Sanchez",
      "permalink": "nicolas-sanchez"}}],
 "competitions":
  [],
 "providerships":
  [],
 "total_money_raised": "$0",
 "funding_rounds":
  [],
 "investments":
  [],
 "acquisition": null,
 "acquisitions":
  [],
 "offices":
  [{"description": "Headquarters",
    "address1": "Segui 22",
    "address2": "",
    "zip_code": "2820",
    "city": "Gualeguaychu",
    "state_code": null,
    "country_code": "ARG",
    "latitude": null,
    "longitude": null},
   {"description": "Uruguay Office",
    "address1": "Rambla Rep de Chile",
    "address2": "4551",
    "zip_code": "",
    "city": "Montevideo",
    "state_code": null,
    "country_code": "URY",
    "latitude": null,
    "longitude": null}],
 "milestones":
  [],
 "ipo": null,
 "video_embeds":
  [],
 "screenshots":
  [],
 "external_links":
  [],
 "partners":
  []}
