{"name": "4am Design and Technology Labs",
 "permalink": "4am-design-and-technology-labs",
 "crunchbase_url": "http://www.crunchbase.com/company/4am-design-and-technology-labs",
 "homepage_url": "http://4am.co.in",
 "blog_url": "http://www.blog.4am.co.in/",
 "blog_feed_url": "http://www.blog.4am.co.in/?feed=rss2",
 "twitter_username": null,
 "category_code": "advertising",
 "number_of_employees": 5,
 "founded_year": 2008,
 "founded_month": 8,
 "founded_day": null,
 "deadpooled_year": null,
 "deadpooled_month": null,
 "deadpooled_day": null,
 "deadpooled_url": null,
 "tag_list": "web-services, news-aggregator, vamooz, advertising-technology, web-design",
 "alias_list": null,
 "email_address": "info@4am.co.in",
 "phone_number": "+91 (80) 412 55032",
 "description": null,
 "created_at": "Fri Nov 28 11:02:50 UTC 2008",
 "updated_at": "Mon Jul 26 16:39:29 UTC 2010",
 "overview": "\u003Cp\u003E4am Design creates products that are accessible to Internet users on fixed and mobile computing devices, and provides online strategic consultancy and high end services to a limited number of clients.\u003C/p\u003E\n\n\u003Cp\u003ETheir expertise is in the creation of innovative products for the web and mobile computing spaces. \u003C/p\u003E",
 "image":
  {"available_sizes":
    [[[150,
       75],
      "http://api-images.crunchbase.com/assets/images/resized/0003/0099/30099v3-max-150x150.jpg"],
     [[205,
       103],
      "http://api-images.crunchbase.com/assets/images/resized/0003/0099/30099v3-max-250x250.jpg"],
     [[205,
       103],
      "http://api-images.crunchbase.com/assets/images/resized/0003/0099/30099v3-max-450x450.jpg"]],
   "attribution": null},
 "products":
  [{"name": "Vamooz",
    "permalink": "vamooz"}],
 "relationships":
  [{"is_past": false,
    "title": "Director, co-founder",
    "person":
     {"first_name": "Harish",
      "last_name": "Madabushi",
      "permalink": "harish-tm"}},
   {"is_past": false,
    "title": "Managing Director, co-founder",
    "person":
     {"first_name": "Bharani",
      "last_name": "Setlur",
      "permalink": "bharani-setlur"}}],
 "competitions":
  [],
 "providerships":
  [],
 "total_money_raised": "$0",
 "funding_rounds":
  [],
 "investments":
  [],
 "acquisition": null,
 "acquisitions":
  [],
 "offices":
  [{"description": "Headquarters",
    "address1": "#1300, 13th Cross",
    "address2": "Indiranagar - Stage 2",
    "zip_code": "560038",
    "city": "Bangalore",
    "state_code": null,
    "country_code": "IND",
    "latitude": 13.0774091,
    "longitude": 77.5886142}],
 "milestones":
  [],
 "ipo": null,
 "video_embeds":
  [],
 "screenshots":
  [],
 "external_links":
  [{"external_url": "http://www.vamooz.com/",
    "title": ""}],
 "partners":
  []}
