{"name": "4hoursearch",
 "permalink": "4hoursearch",
 "crunchbase_url": "http://www.crunchbase.com/company/4hoursearch",
 "homepage_url": "http://www.4hoursearch.com",
 "blog_url": "",
 "blog_feed_url": "",
 "twitter_username": null,
 "category_code": "search",
 "number_of_employees": null,
 "founded_year": null,
 "founded_month": null,
 "founded_day": null,
 "deadpooled_year": null,
 "deadpooled_month": null,
 "deadpooled_day": null,
 "deadpooled_url": null,
 "tag_list": "search-engine",
 "alias_list": "Yuil",
 "email_address": "",
 "phone_number": "",
 "description": "",
 "created_at": "Wed Jul 30 22:36:44 UTC 2008",
 "updated_at": "Thu Jan 31 03:56:40 UTC 2013",
 "overview": "\u003Cp\u003E4hoursearch is a mashup of \u003Ca href=\"http://www.crunchbase.com/company/yahoo\" title=\"Yahoo\"\u003EYahoo\u003C/a\u003E search results (using their BOSS platform), presented using the new \u003Ca href=\"http://www.crunchbase.com/company/cuil\" title=\"Cuil\"\u003ECuil\u003C/a\u003E look and feel, and running on \u003Ca href=\"http://www.crunchbase.com/product/google-app-engine\" title=\"Google\u0026#8217;s App Engine\"\u003EGoogle\u0026#8217;s App Engine\u003C/a\u003E.\u003C/p\u003E",
 "image":
  {"available_sizes":
    [[[150,
       24],
      "http://api-images.crunchbase.com/assets/images/resized/0002/3065/23065v2-max-150x150.png"],
     [[250,
       40],
      "http://api-images.crunchbase.com/assets/images/resized/0002/3065/23065v2-max-250x250.png"],
     [[288,
       47],
      "http://api-images.crunchbase.com/assets/images/resized/0002/3065/23065v2-max-450x450.png"]],
   "attribution": null},
 "products":
  [],
 "relationships":
  [],
 "competitions":
  [],
 "providerships":
  [],
 "total_money_raised": "$0",
 "funding_rounds":
  [],
 "investments":
  [],
 "acquisition": null,
 "acquisitions":
  [],
 "offices":
  [],
 "milestones":
  [],
 "ipo": null,
 "video_embeds":
  [],
 "screenshots":
  [{"available_sizes":
     [[[150,
        75],
       "http://api-images.crunchbase.com/assets/images/resized/0023/2699/232699v1-max-150x150.png"],
      [[250,
        126],
       "http://api-images.crunchbase.com/assets/images/resized/0023/2699/232699v1-max-250x250.png"],
      [[435,
        220],
       "http://api-images.crunchbase.com/assets/images/resized/0023/2699/232699v1-max-450x450.png"]],
    "attribution": null}],
 "external_links":
  [],
 "partners":
  []}
