{"name": "5mm GmbH",
 "permalink": "5mm-gmbh",
 "crunchbase_url": "http://www.crunchbase.com/company/5mm-gmbh",
 "homepage_url": null,
 "blog_url": null,
 "blog_feed_url": null,
 "twitter_username": null,
 "category_code": null,
 "number_of_employees": null,
 "founded_year": null,
 "founded_month": null,
 "founded_day": null,
 "deadpooled_year": null,
 "deadpooled_month": null,
 "deadpooled_day": null,
 "deadpooled_url": null,
 "tag_list": null,
 "alias_list": null,
 "email_address": null,
 "phone_number": null,
 "description": null,
 "created_at": "Mon Oct 27 11:40:10 UTC 2008",
 "updated_at": "Mon Oct 27 19:46:20 UTC 2008",
 "overview": null,
 "image": null,
 "products":
  [],
 "relationships":
  [{"is_past": false,
    "title": "Co-Founder \u0026 CEO",
    "person":
     {"first_name": "Christian",
      "last_name": "Laase",
      "permalink": "christian-laase"}},
   {"is_past": false,
    "title": "Co-Founder",
    "person":
     {"first_name": "Andreas",
      "last_name": "Richter",
      "permalink": "andreas-richter"}}],
 "competitions":
  [],
 "providerships":
  [],
 "total_money_raised": "$0",
 "funding_rounds":
  [],
 "investments":
  [],
 "acquisition": null,
 "acquisitions":
  [],
 "offices":
  [],
 "milestones":
  [],
 "ipo": null,
 "video_embeds":
  [],
 "screenshots":
  [],
 "external_links":
  [],
 "partners":
  []}
