{"name": "5pm",
 "permalink": "5pm",
 "crunchbase_url": "http://www.crunchbase.com/company/5pm",
 "homepage_url": "http://www.5pmweb.com",
 "blog_url": "http://www.qgsoftware.com/blog",
 "blog_feed_url": "http://qgsoftware.com/blog/feed/",
 "twitter_username": "5pmweb",
 "category_code": "software",
 "number_of_employees": 6,
 "founded_year": 2003,
 "founded_month": 9,
 "founded_day": 7,
 "deadpooled_year": null,
 "deadpooled_month": null,
 "deadpooled_day": null,
 "deadpooled_url": null,
 "tag_list": "projectmanagement, tasks, collaboration, gtd, office2-0, webbasedsoftware, softwareasaservice, groupmanagement",
 "alias_list": "",
 "email_address": "support@5pmweb.com",
 "phone_number": "",
 "description": "",
 "created_at": "Sat Feb 02 08:18:17 UTC 2008",
 "updated_at": "Sun Mar 31 12:55:51 UTC 2013",
 "overview": "\u003Cp\u003EA product of project management software firm QG Software, 5pm is a browser-based project management tool.  The service comes with standard project management features like timelines and deadlines, group management, and project and task navigation.  The service competes with web-based project management solutions like \u003Ca href=\"http://www.crunchbase.com/company/37signals\" title=\"Basecamp\"\u003EBasecamp\u003C/a\u003E, \u003Ca href=\"http://www.crunchbase.com/company/actionthis\" title=\"ActionThis\"\u003EActionThis\u003C/a\u003E, and \u003Ca href=\"http://www.crunchbase.com/company/huddle\" title=\"Huddle\"\u003EHuddle\u003C/a\u003E.\u003C/p\u003E",
 "image":
  {"available_sizes":
    [[[150,
       122],
      "http://api-images.crunchbase.com/assets/images/resized/0000/3382/3382v1-max-150x150.jpg"],
     [[217,
       177],
      "http://api-images.crunchbase.com/assets/images/resized/0000/3382/3382v1-max-250x250.jpg"],
     [[217,
       177],
      "http://api-images.crunchbase.com/assets/images/resized/0000/3382/3382v1-max-450x450.jpg"]],
   "attribution": null},
 "products":
  [{"name": "5pm",
    "permalink": "5pm"},
   {"name": "smartQ",
    "permalink": "smartq"}],
 "relationships":
  [],
 "competitions":
  [{"competitor":
     {"name": "ActionThis",
      "permalink": "actionthis"}},
   {"competitor":
     {"name": "37signals",
      "permalink": "37signals"}},
   {"competitor":
     {"name": "Copper Project",
      "permalink": "copper-project"}},
   {"competitor":
     {"name": "LiquidPlanner",
      "permalink": "liquidplanner"}},
   {"competitor":
     {"name": "Project Manager",
      "permalink": "project-manager"}}],
 "providerships":
  [],
 "total_money_raised": "$0",
 "funding_rounds":
  [],
 "investments":
  [],
 "acquisition": null,
 "acquisitions":
  [],
 "offices":
  [{"description": "HQ",
    "address1": "P.O. Box 488",
    "address2": "",
    "zip_code": "27588",
    "city": "Wake Forest",
    "state_code": "NC",
    "country_code": "USA",
    "latitude": 39.3996,
    "longitude": -84.5615}],
 "milestones":
  [],
 "ipo": null,
 "video_embeds":
  [],
 "screenshots":
  [],
 "external_links":
  [{"external_url": "http://online-project-management.bestreviews.net/interview-with-disareas-5pm-team/",
    "title": ""}],
 "partners":
  []}
