{"name": "6nema.com",
 "permalink": "6nema-com",
 "crunchbase_url": "http://www.crunchbase.com/company/6nema-com",
 "homepage_url": "http://6nema.com",
 "blog_url": "",
 "blog_feed_url": "",
 "twitter_username": "6nema",
 "category_code": "games_video",
 "number_of_employees": 6,
 "founded_year": 2007,
 "founded_month": 10,
 "founded_day": 1,
 "deadpooled_year": null,
 "deadpooled_month": null,
 "deadpooled_day": null,
 "deadpooled_url": null,
 "tag_list": "short-films, shorts, video, online, french, france",
 "alias_list": "",
 "email_address": "stephane@6nema.com",
 "phone_number": "+33 6 74 42 21 22",
 "description": "",
 "created_at": "Thu Jul 17 22:02:35 UTC 2008",
 "updated_at": "Thu Apr 11 03:18:25 UTC 2013",
 "overview": "\u003Cp\u003E6nema.com is an online short films platform based out of Paris.\u003C/p\u003E\n\n\u003Cp\u003EThe company partners with all of the major short films production companies and showcases their movies online, for free and in high definition streaming.\u003C/p\u003E\n\n\u003Cp\u003EEach film shown gets 50% of the ad revenue generated by 6nema.com, based on the relative traffic it generates.\u003C/p\u003E\n\n\u003Cp\u003E6nema.com is privately funded.\u003C/p\u003E",
 "image":
  {"available_sizes":
    [[[150,
       50],
      "http://api-images.crunchbase.com/assets/images/resized/0002/2292/22292v4-max-150x150.jpg"],
     [[250,
       84],
      "http://api-images.crunchbase.com/assets/images/resized/0002/2292/22292v4-max-250x250.jpg"],
     [[450,
       151],
      "http://api-images.crunchbase.com/assets/images/resized/0002/2292/22292v4-max-450x450.jpg"]],
   "attribution": null},
 "products":
  [],
 "relationships":
  [{"is_past": false,
    "title": "Co-founder",
    "person":
     {"first_name": "St\u00e9phane",
      "last_name": "Le Viet",
      "permalink": "stphane-le-viet"}},
   {"is_past": false,
    "title": "Co-founder",
    "person":
     {"first_name": "B\u00c3\u00a9rang\u00c3\u00a8re",
      "last_name": "Condomines",
      "permalink": "brangre-condomines"}}],
 "competitions":
  [{"competitor":
     {"name": "Atom Entertainment",
      "permalink": "atom-entertainment"}},
   {"competitor":
     {"name": "Dailymotion",
      "permalink": "dailymotion"}}],
 "providerships":
  [],
 "total_money_raised": "$0",
 "funding_rounds":
  [],
 "investments":
  [],
 "acquisition": null,
 "acquisitions":
  [],
 "offices":
  [{"description": "Paris",
    "address1": "1 rue Pierre Leroux",
    "address2": "",
    "zip_code": "75007",
    "city": "Paris",
    "state_code": null,
    "country_code": "FRA",
    "latitude": 48.850274,
    "longitude": 2.318594}],
 "milestones":
  [],
 "ipo": null,
 "video_embeds":
  [],
 "screenshots":
  [],
 "external_links":
  [{"external_url": "http://fr.techcrunch.com/2007/10/15/fr-6nema-offre-enfin-une-place-aux-courts-metrages/",
    "title": "TechCrunch"}],
 "partners":
  []}
