{"name": "7digital",
 "permalink": "7digital",
 "crunchbase_url": "http://www.crunchbase.com/company/7digital",
 "homepage_url": "http://www.7digital.com/business",
 "blog_url": "http://blogs.7digital.com",
 "blog_feed_url": "http://blogs.7digital.com/feed/",
 "twitter_username": "7digital",
 "category_code": "music",
 "number_of_employees": 120,
 "founded_year": 2004,
 "founded_month": 1,
 "founded_day": 1,
 "deadpooled_year": null,
 "deadpooled_month": null,
 "deadpooled_day": null,
 "deadpooled_url": null,
 "tag_list": "drm-free, online-music, universal, warner-music-group",
 "alias_list": "",
 "email_address": "sales@7digital.com",
 "phone_number": "+44 (0) 207 099 7777",
 "description": "Digital Media Delivery",
 "created_at": "Mon Mar 24 17:41:04 UTC 2008",
 "updated_at": "Tue Nov 26 04:14:29 UTC 2013",
 "overview": "\u003Cp\u003E\u003Ca href=\"http://www.7digital.com/\" title=\"7digital\" rel=\"nofollow\"\u003E7digital\u003C/a\u003E is a privately held company based in central London, UK and is backed by Benchmark Capital, the venture capital firm behind \u003Ca href=\"http://www.crunchbase.com/company/ebay\" title=\"eBay\"\u003EeBay\u003C/a\u003E and other leading technology companies.\u003C/p\u003E\n\n\u003Cp\u003E7digital is the UK\u0026#8217;s leading digital media delivery company, catering for record companies, artists, film and TV companies as well as other digital media owners throughout the world. In March of 2008, the company secured the \u003Ca href=\"http://uk.techcrunch.com/2008/03/05/7digitals-warner-deal-for-drm-free-tracks-confirms-it-as-the-uk-music-startup-to-beat/\" title=\"first deal\"\u003Efirst deal\u003C/a\u003E to exclusively sell Warner Music\u0026#8217;s full catalogue of DRM-free music across Europe.The site already had a deal to sell EMI\u0026#8217;s DRM-free music and is also negotiating with Sony BMG and Universal.\u003C/p\u003E",
 "image":
  {"available_sizes":
    [[[150,
       47],
      "http://api-images.crunchbase.com/assets/images/resized/0001/6280/16280v3-max-150x150.png"],
     [[250,
       78],
      "http://api-images.crunchbase.com/assets/images/resized/0001/6280/16280v3-max-250x250.png"],
     [[450,
       141],
      "http://api-images.crunchbase.com/assets/images/resized/0001/6280/16280v3-max-450x450.png"]],
   "attribution": null},
 "products":
  [],
 "relationships":
  [{"is_past": false,
    "title": "Co-founder, CTO",
    "person":
     {"first_name": "James",
      "last_name": "Kane",
      "permalink": "james-kane"}},
   {"is_past": false,
    "title": "Founder and CEO",
    "person":
     {"first_name": "Ben",
      "last_name": "Drury",
      "permalink": "ben-drury"}},
   {"is_past": false,
    "title": "Commercial Director",
    "person":
     {"first_name": "Stephen",
      "last_name": "Somerville",
      "permalink": "stephen-somerville"}},
   {"is_past": true,
    "title": "CFO",
    "person":
     {"first_name": "WILL",
      "last_name": "ENGLAND",
      "permalink": "will-england"}},
   {"is_past": true,
    "title": "Systems Administrator",
    "person":
     {"first_name": "Paul",
      "last_name": "Roberts",
      "permalink": "paul-roberts"}},
   {"is_past": true,
    "title": "Product Manager",
    "person":
     {"first_name": "Mark",
      "last_name": "Unsworth",
      "permalink": "mark-unsworth"}},
   {"is_past": true,
    "title": "Online Marketing Manager",
    "person":
     {"first_name": "Peter",
      "last_name": "Davias",
      "permalink": "peter-davias"}}],
 "competitions":
  [],
 "providerships":
  [{"title": "PR",
    "is_past": false,
    "provider":
     {"name": "Racepoint Group",
      "permalink": "racepoint-group"}}],
 "total_money_raised": "$20.1M",
 "funding_rounds":
  [{"id": 1868,
    "round_code": "a",
    "source_url": "http://uk.techcrunch.com/2008/03/05/7digitals-warner-deal-for-drm-free-tracks-confirms-it-as-the-uk-music-startup-to-beat/",
    "source_description": "Tech Crunch UK",
    "raised_amount": 8500000.0,
    "raised_currency_code": "USD",
    "funded_year": 2008,
    "funded_month": 1,
    "funded_day": 1,
    "investments":
     [{"company": null,
       "financial_org":
        {"name": "Sutton Place Managers",
         "permalink": "sutton-place-managers"},
       "person": null},
      {"company": null,
       "financial_org":
        {"name": "Balderton Capital",
         "permalink": "balderton-capital"},
       "person": null}]},
   {"id": 33291,
    "round_code": "unattributed",
    "source_url": "http://techcrunch.com/2012/10/18/music-platform-7digital-nabs-10-million-in-funding-to-expand-its-profitable-activities/",
    "source_description": "Music Platform 7digital Nabs $10 Million In Funding To Expand Its Profitable Activities",
    "raised_amount": 10000000.0,
    "raised_currency_code": "USD",
    "funded_year": 2012,
    "funded_month": 10,
    "funded_day": 19,
    "investments":
     []},
   {"id": 43295,
    "round_code": "unattributed",
    "source_url": "",
    "source_description": "Balderton Capital Source",
    "raised_amount": null,
    "raised_currency_code": "USD",
    "funded_year": 2005,
    "funded_month": 9,
    "funded_day": null,
    "investments":
     [{"company": null,
       "financial_org":
        {"name": "Balderton Capital",
         "permalink": "balderton-capital"},
       "person": null}]},
   {"id": 55965,
    "round_code": "debt_round",
    "source_url": "http://techcrunch.com/2013/11/25/samsung-htc-music-partner-7digital-picks-up-1-6m-loan-enters-into-reverse-takeover-talks-with-ubc/",
    "source_description": "Samsung\u2019s Music Partner 7digital Picks Up $1.6M Loan, Enters Into Reverse Takeover Talks With UBC",
    "raised_amount": 1600000.0,
    "raised_currency_code": "USD",
    "funded_year": 2013,
    "funded_month": 11,
    "funded_day": 25,
    "investments":
     []}],
 "investments":
  [],
 "acquisition":
  {"price_amount": null,
   "price_currency_code": "USD",
   "term_code": null,
   "source_url": "http://www.hypebot.com/hypebot/2014/03/ubc-confirms-7-digital-acquisition-57-million-in-new-audioboo-financing.html",
   "source_description": "UBC Confirms 7 Digital Acquisition, $57 Million In New AudioBoo Financing",
   "acquired_year": 2014,
   "acquired_month": 3,
   "acquired_day": 18,
   "acquiring_company":
    {"name": "UBC Media Group",
     "permalink": "ubc-media-group"}},
 "acquisitions":
  [],
 "offices":
  [{"description": "",
    "address1": "69 Wilson Sreet",
    "address2": "",
    "zip_code": "EC2A 2BB",
    "city": "London",
    "state_code": null,
    "country_code": "GBR",
    "latitude": 51.5254,
    "longitude": -0.083726}],
 "milestones":
  [],
 "ipo": null,
 "video_embeds":
  [],
 "screenshots":
  [{"available_sizes":
     [[[150,
        93],
       "http://api-images.crunchbase.com/assets/images/resized/0004/6533/46533v1-max-150x150.png"],
      [[250,
        155],
       "http://api-images.crunchbase.com/assets/images/resized/0004/6533/46533v1-max-250x250.png"],
      [[450,
        280],
       "http://api-images.crunchbase.com/assets/images/resized/0004/6533/46533v1-max-450x450.png"]],
    "attribution": null}],
 "external_links":
  [{"external_url": "http://www.7digital.com",
    "title": "UK site"},
   {"external_url": "http://us.7digital.com",
    "title": "US site"},
   {"external_url": "http://www.7digital.ca",
    "title": "Canadian Site"},
   {"external_url": "http://about.7digital.com/",
    "title": "Business"}],
 "partners":
  []}
