{"name": "800PBX",
 "permalink": "800pbx",
 "crunchbase_url": "http://www.crunchbase.com/company/800pbx",
 "homepage_url": "http://www.800pbx.com",
 "blog_url": "http://www.800pbx.com/blog/",
 "blog_feed_url": "",
 "twitter_username": null,
 "category_code": "public_relations",
 "number_of_employees": 18,
 "founded_year": 2007,
 "founded_month": null,
 "founded_day": null,
 "deadpooled_year": null,
 "deadpooled_month": null,
 "deadpooled_day": null,
 "deadpooled_url": null,
 "tag_list": "",
 "alias_list": "",
 "email_address": "",
 "phone_number": "877 800 0729",
 "description": "Enterprise Telephone Systems",
 "created_at": "Mon Oct 06 06:43:30 UTC 2008",
 "updated_at": "Fri Aug 19 16:50:49 UTC 2011",
 "overview": "\u003Cp\u003E800PBX enables small and medium business to build, configure, and deploy scalable enterprise class telephone systems.  They have recently introduced a \u0026#8220;visio-like\u0026#8221; telephony designer that brings telephone servicing to the cloud.\u003Cbr/\u003E\nTheir product enables collecting payments, appointment scheduling, giving directions, etc. \u003C/p\u003E",
 "image":
  {"available_sizes":
    [[[150,
       52],
      "http://api-images.crunchbase.com/assets/images/resized/0005/4805/54805v1-max-150x150.jpg"],
     [[193,
       67],
      "http://api-images.crunchbase.com/assets/images/resized/0005/4805/54805v1-max-250x250.jpg"],
     [[193,
       67],
      "http://api-images.crunchbase.com/assets/images/resized/0005/4805/54805v1-max-450x450.jpg"]],
   "attribution": null},
 "products":
  [],
 "relationships":
  [],
 "competitions":
  [],
 "providerships":
  [],
 "total_money_raised": "$0",
 "funding_rounds":
  [],
 "investments":
  [],
 "acquisition": null,
 "acquisitions":
  [],
 "offices":
  [],
 "milestones":
  [],
 "ipo": null,
 "video_embeds":
  [],
 "screenshots":
  [],
 "external_links":
  [],
 "partners":
  []}
