{"name": "84ideas",
 "permalink": "84ideas",
 "crunchbase_url": "http://www.crunchbase.com/company/84ideas",
 "homepage_url": "http://84ideas.com",
 "blog_url": "http://84ideas.com/blog",
 "blog_feed_url": "http://84ideas.com/category/blog/feed",
 "twitter_username": "84ideas",
 "category_code": "consulting",
 "number_of_employees": 25,
 "founded_year": 2008,
 "founded_month": 6,
 "founded_day": 1,
 "deadpooled_year": null,
 "deadpooled_month": null,
 "deadpooled_day": null,
 "deadpooled_url": null,
 "tag_list": "consulting, web-2-0, startups, strategy, ideas",
 "alias_list": "",
 "email_address": "reachus@84ideas.com",
 "phone_number": "",
 "description": "Web 2.0 consulting and strategy",
 "created_at": "Tue Jul 22 04:14:41 UTC 2008",
 "updated_at": "Thu Dec 01 07:51:40 UTC 2011",
 "overview": "\u003Cp\u003E84ideas is a Web 2.0 Consulting, Strategy \u0026amp; Development Firm helping startups and established companies ideate, strategize and implement web projects and services.\u003C/p\u003E",
 "image":
  {"available_sizes":
    [[[150,
       74],
      "http://api-images.crunchbase.com/assets/images/resized/0002/2467/22467v2-max-150x150.jpg"],
     [[250,
       123],
      "http://api-images.crunchbase.com/assets/images/resized/0002/2467/22467v2-max-250x250.jpg"],
     [[315,
       156],
      "http://api-images.crunchbase.com/assets/images/resized/0002/2467/22467v2-max-450x450.jpg"]],
   "attribution": null},
 "products":
  [],
 "relationships":
  [],
 "competitions":
  [],
 "providerships":
  [],
 "total_money_raised": "$0",
 "funding_rounds":
  [],
 "investments":
  [],
 "acquisition": null,
 "acquisitions":
  [],
 "offices":
  [{"description": "",
    "address1": "",
    "address2": "",
    "zip_code": "",
    "city": "Hyderabad",
    "state_code": null,
    "country_code": "IND",
    "latitude": 17.385044,
    "longitude": 78.486671}],
 "milestones":
  [],
 "ipo": null,
 "video_embeds":
  [],
 "screenshots":
  [{"available_sizes":
     [[[150,
        146],
       "http://api-images.crunchbase.com/assets/images/resized/0015/8401/158401v2-max-150x150.png"],
      [[250,
        243],
       "http://api-images.crunchbase.com/assets/images/resized/0015/8401/158401v2-max-250x250.png"],
      [[450,
        438],
       "http://api-images.crunchbase.com/assets/images/resized/0015/8401/158401v2-max-450x450.png"]],
    "attribution": null}],
 "external_links":
  [],
 "partners":
  []}
