{"name": "8D World",
 "permalink": "8dworld",
 "crunchbase_url": "http://www.crunchbase.com/company/8dworld",
 "homepage_url": "http://www.8dworld.com/English/Home.html",
 "blog_url": "",
 "blog_feed_url": "",
 "twitter_username": null,
 "category_code": "games_video",
 "number_of_employees": null,
 "founded_year": null,
 "founded_month": null,
 "founded_day": null,
 "deadpooled_year": 2014,
 "deadpooled_month": 1,
 "deadpooled_day": null,
 "deadpooled_url": "",
 "tag_list": "virtual-world",
 "alias_list": "",
 "email_address": "contactus@8dworld.com",
 "phone_number": "",
 "description": "Virtual world site",
 "created_at": "Wed Jul 09 21:52:49 UTC 2008",
 "updated_at": "Fri Jan 31 18:27:27 UTC 2014",
 "overview": "\u003Cp\u003E8D World provides an online virtual world for global English-as-a-foreign-language (EFL) learners to learn and improve spoken English in a motivating and contextually relevant \u0026#8220;language environment\u009d.\u0026#8221;\u003C/p\u003E\n\n\u003Cp\u003E8D World leverages innovative product design and proprietary speech technologies to build an immersive language environment\u2014Wiz World Online. This immersive virtual world allows language learners to practice speaking and listening skills at their own pace and in a motivating and fun manner. Wiz World Online is currently being used by a continuously growing user group in China and soon around the world.\u003C/p\u003E",
 "image":
  {"available_sizes":
    [[[150,
       84],
      "http://api-images.crunchbase.com/assets/images/resized/0002/1757/21757v1-max-150x150.png"],
     [[170,
       96],
      "http://api-images.crunchbase.com/assets/images/resized/0002/1757/21757v1-max-250x250.png"],
     [[170,
       96],
      "http://api-images.crunchbase.com/assets/images/resized/0002/1757/21757v1-max-450x450.png"]],
   "attribution": null},
 "products":
  [{"name": "Wiz World Online",
    "permalink": "wiz-world-online"}],
 "relationships":
  [{"is_past": false,
    "title": "Chief Technology Officer",
    "person":
     {"first_name": "Daben",
      "last_name": "Liu",
      "permalink": "daben-liu"}},
   {"is_past": false,
    "title": "Chief Strategy Officer",
    "person":
     {"first_name": "Rick",
      "last_name": "Goodman",
      "permalink": "rick-goodman"}},
   {"is_past": false,
    "title": "Vice President of Educational Services",
    "person":
     {"first_name": "Jodie",
      "last_name": "Waldesbuhl",
      "permalink": "jodie-waldesbuhl"}},
   {"is_past": false,
    "title": "Vice President of Product Development",
    "person":
     {"first_name": "Jimmy",
      "last_name": "Wang",
      "permalink": "jimmy-wang"}},
   {"is_past": false,
    "title": "Director of Business Development and Administration",
    "person":
     {"first_name": "Roger",
      "last_name": "Li",
      "permalink": "roger-li"}},
   {"is_past": false,
    "title": "Advisor",
    "person":
     {"first_name": "Jun",
      "last_name": "Liu",
      "permalink": "jun-liu"}},
   {"is_past": false,
    "title": "Advisor",
    "person":
     {"first_name": "Kunil",
      "last_name": "Ahn",
      "permalink": "kunil-ahn"}},
   {"is_past": false,
    "title": "Director of Technologies",
    "person":
     {"first_name": "Keith",
      "last_name": "Patella",
      "permalink": "keith-patella"}},
   {"is_past": false,
    "title": "Board Member",
    "person":
     {"first_name": "Xiongwen",
      "last_name": "Lu",
      "permalink": "xiongwen-lu"}},
   {"is_past": false,
    "title": "Advisor",
    "person":
     {"first_name": "Jesse",
      "last_name": "Schell",
      "permalink": "jesse-schell"}}],
 "competitions":
  [],
 "providerships":
  [],
 "total_money_raised": "$12.3M",
 "funding_rounds":
  [{"id": 2885,
    "round_code": "a",
    "source_url": "",
    "source_description": "TechCrunch",
    "raised_amount": 7000000.0,
    "raised_currency_code": "USD",
    "funded_year": 2008,
    "funded_month": 3,
    "funded_day": 1,
    "investments":
     [{"company": null,
       "financial_org":
        {"name": "Spark Capital",
         "permalink": "spark-capital"},
       "person": null},
      {"company": null,
       "financial_org":
        {"name": "Gobi Partners",
         "permalink": "gobi-partners"},
       "person": null}]},
   {"id": 20457,
    "round_code": "b",
    "source_url": "http://techcrunch.com/2010/12/09/8d-world-series-b/",
    "source_description": "8D World Gets $5.25 Million More To Teach English As A Foreign Language Online",
    "raised_amount": 5250000.0,
    "raised_currency_code": "USD",
    "funded_year": 2010,
    "funded_month": 12,
    "funded_day": 9,
    "investments":
     []}],
 "investments":
  [],
 "acquisition": null,
 "acquisitions":
  [],
 "offices":
  [{"description": "",
    "address1": "500 West Cummings Park",
    "address2": "Suite 6400",
    "zip_code": "01801",
    "city": "Woburn",
    "state_code": "MA",
    "country_code": "USA",
    "latitude": 42.4963399,
    "longitude": -71.1267002}],
 "milestones":
  [{"id": 10739,
    "description": "has raised a $5.25 million Series B round of funding",
    "stoned_year": 2010,
    "stoned_month": 12,
    "stoned_day": 13,
    "source_url": "http://www.masshightech.com/stories/2010/12/13/daily3-ESL-gaming-firm-8D-World-rounds-up-525M-VC-funds.html",
    "source_text": null,
    "source_description": "ESL gaming firm 8D World rounds up $5.25M VC funds",
    "stoneable_type": "Company",
    "stoned_value": null,
    "stoned_value_type": null,
    "stoned_acquirer": null,
    "stoneable":
     {"name": "8D World",
      "permalink": "8dworld"}}],
 "ipo": null,
 "video_embeds":
  [],
 "screenshots":
  [],
 "external_links":
  [],
 "partners":
  []}
