{"name": "911ice",
 "permalink": "911ice",
 "crunchbase_url": "http://www.crunchbase.com/company/911ice",
 "homepage_url": "http://911ice.org",
 "blog_url": "",
 "blog_feed_url": "",
 "twitter_username": null,
 "category_code": "web",
 "number_of_employees": 4,
 "founded_year": 2008,
 "founded_month": 4,
 "founded_day": 15,
 "deadpooled_year": null,
 "deadpooled_month": null,
 "deadpooled_day": null,
 "deadpooled_url": null,
 "tag_list": "emergency-notification, emergency-alerts--911, personal-health-records, health2-0, health, medicare",
 "alias_list": "",
 "email_address": "info@911ICE.org",
 "phone_number": "4083489760",
 "description": "Emergency Contact and Health info",
 "created_at": "Thu Aug 28 06:48:59 UTC 2008",
 "updated_at": "Tue May 12 20:25:15 UTC 2009",
 "overview": "\u003Cp\u003E911ice.org connects 911 responders, family, friends, and doctors during an emergency. Together- life saving information, support, and updates are shared.   Instantly, including through sms and voice xml,  911 can access critical health data. The 911ice service links directly into the In Case of Emergency (\u0026#8220;ICE\u0026#8221;) contact in mobile devices and is Free.\u003C/p\u003E",
 "image":
  {"available_sizes":
    [[[150,
       78],
      "http://api-images.crunchbase.com/assets/images/resized/0003/9139/39139v1-max-150x150.png"],
     [[211,
       111],
      "http://api-images.crunchbase.com/assets/images/resized/0003/9139/39139v1-max-250x250.png"],
     [[211,
       111],
      "http://api-images.crunchbase.com/assets/images/resized/0003/9139/39139v1-max-450x450.png"]],
   "attribution": null},
 "products":
  [],
 "relationships":
  [],
 "competitions":
  [],
 "providerships":
  [],
 "total_money_raised": "$0",
 "funding_rounds":
  [],
 "investments":
  [],
 "acquisition": null,
 "acquisitions":
  [],
 "offices":
  [{"description": "Only Office",
    "address1": "",
    "address2": "",
    "zip_code": "95030",
    "city": "Los Gatos",
    "state_code": "CA",
    "country_code": "USA",
    "latitude": 37.228232,
    "longitude": -121.987122}],
 "milestones":
  [],
 "ipo": null,
 "video_embeds":
  [],
 "screenshots":
  [{"available_sizes":
     [[[150,
        95],
       "http://api-images.crunchbase.com/assets/images/resized/0003/9140/39140v1-max-150x150.png"],
      [[250,
        158],
       "http://api-images.crunchbase.com/assets/images/resized/0003/9140/39140v1-max-250x250.png"],
      [[450,
        286],
       "http://api-images.crunchbase.com/assets/images/resized/0003/9140/39140v1-max-450x450.png"]],
    "attribution": null}],
 "external_links":
  [],
 "partners":
  []}
