{"name": "A Beautiful Site",
 "permalink": "a-beautiful-site",
 "crunchbase_url": "http://www.crunchbase.com/company/a-beautiful-site",
 "homepage_url": "http://abeautifulsite.net",
 "blog_url": "http://abeautifulsite.net/notebook",
 "blog_feed_url": "http://abeautifulsite.net/feeds/notebook",
 "twitter_username": "abeautifulsite",
 "category_code": "enterprise",
 "number_of_employees": 3,
 "founded_year": 2007,
 "founded_month": 4,
 "founded_day": 29,
 "deadpooled_year": null,
 "deadpooled_month": null,
 "deadpooled_day": null,
 "deadpooled_url": null,
 "tag_list": "cms, website, websites, web-design, web-development, web-application, web-applications, internet",
 "alias_list": "",
 "email_address": "info@abeautifulsite.net",
 "phone_number": "321-241-8787",
 "description": "",
 "created_at": "Sat Nov 15 18:05:15 UTC 2008",
 "updated_at": "Wed Dec 04 01:19:38 UTC 2013",
 "overview": "\u003Cp\u003EA Beautiful Site (ABS) develops most powerful and innovative web applications that are custom-tailored to your business needs. They combine the latest in development technologies with attractive, standards-based user friendly designs to bring you solutions that you will like a lot.\u003C/p\u003E",
 "image":
  {"available_sizes":
    [[[150,
       112],
      "http://api-images.crunchbase.com/assets/images/resized/0002/8794/28794v10-max-150x150.jpg"],
     [[250,
       187],
      "http://api-images.crunchbase.com/assets/images/resized/0002/8794/28794v10-max-250x250.jpg"],
     [[450,
       337],
      "http://api-images.crunchbase.com/assets/images/resized/0002/8794/28794v10-max-450x450.jpg"]],
   "attribution": null},
 "products":
  [],
 "relationships":
  [{"is_past": false,
    "title": "Founder",
    "person":
     {"first_name": "Cory",
      "last_name": "S.N. LaViska",
      "permalink": "cory-s-n-laviska"}}],
 "competitions":
  [{"competitor":
     {"name": "AdventNet",
      "permalink": "adventnet"}}],
 "providerships":
  [],
 "total_money_raised": "$0",
 "funding_rounds":
  [],
 "investments":
  [],
 "acquisition": null,
 "acquisitions":
  [],
 "offices":
  [{"description": "South Africa Office",
    "address1": "P.o box 97",
    "address2": "",
    "zip_code": "1332",
    "city": "Sidlamafa",
    "state_code": null,
    "country_code": "ZAF",
    "latitude": null,
    "longitude": null},
   {"description": "",
    "address1": "",
    "address2": "",
    "zip_code": "",
    "city": "dallas",
    "state_code": null,
    "country_code": "USA",
    "latitude": 32.781078,
    "longitude": -96.797111},
   {"description": "",
    "address1": "",
    "address2": "",
    "zip_code": "",
    "city": "seattle",
    "state_code": null,
    "country_code": "USA",
    "latitude": 47.620973,
    "longitude": -122.347276}],
 "milestones":
  [],
 "ipo": null,
 "video_embeds":
  [],
 "screenshots":
  [],
 "external_links":
  [],
 "partners":
  []}
