{"name": "a-steroids",
 "permalink": "a-steroids",
 "crunchbase_url": "http://www.crunchbase.com/company/a-steroids",
 "homepage_url": "http://a-steroids.com",
 "blog_url": "",
 "blog_feed_url": "http://a-steroids.com/feed/",
 "twitter_username": "a_steroids",
 "category_code": "mobile",
 "number_of_employees": 5,
 "founded_year": 2008,
 "founded_month": 5,
 "founded_day": null,
 "deadpooled_year": null,
 "deadpooled_month": null,
 "deadpooled_day": null,
 "deadpooled_url": null,
 "tag_list": "mobile, entertainment, iphone, android, games",
 "alias_list": "",
 "email_address": "andrey@a-steroids.com",
 "phone_number": "",
 "description": "Mobile games \u0026 entertainment apps.",
 "created_at": "Fri Oct 31 12:31:38 UTC 2008",
 "updated_at": "Thu Apr 04 13:21:46 UTC 2013",
 "overview": "\u003Cp\u003Ea-steroids is a startup studio focused on games and entertainment applications for innovative mobile platforms, like Apple iPhone and Google Android. \u003C/p\u003E",
 "image":
  {"available_sizes":
    [[[143,
       150],
      "http://api-images.crunchbase.com/assets/images/resized/0003/7530/37530v2-max-150x150.png"],
     [[239,
       250],
      "http://api-images.crunchbase.com/assets/images/resized/0003/7530/37530v2-max-250x250.png"],
     [[242,
       253],
      "http://api-images.crunchbase.com/assets/images/resized/0003/7530/37530v2-max-450x450.png"]],
   "attribution": null},
 "products":
  [{"name": "Underworld",
    "permalink": "druglords"},
   {"name": "Android Whiteboard",
    "permalink": "android-whiteboard"}],
 "relationships":
  [{"is_past": false,
    "title": "Head of studio",
    "person":
     {"first_name": "Andrey",
      "last_name": "Podoprigora",
      "permalink": "andrey-podoprigora"}}],
 "competitions":
  [],
 "providerships":
  [],
 "total_money_raised": "$0",
 "funding_rounds":
  [],
 "investments":
  [],
 "acquisition": null,
 "acquisitions":
  [],
 "offices":
  [],
 "milestones":
  [],
 "ipo": null,
 "video_embeds":
  [],
 "screenshots":
  [{"available_sizes":
     [[[150,
        96],
       "http://api-images.crunchbase.com/assets/images/resized/0004/0090/40090v1-max-150x150.png"],
      [[250,
        161],
       "http://api-images.crunchbase.com/assets/images/resized/0004/0090/40090v1-max-250x250.png"],
      [[450,
        290],
       "http://api-images.crunchbase.com/assets/images/resized/0004/0090/40090v1-max-450x450.png"]],
    "attribution": null}],
 "external_links":
  [],
 "partners":
  []}
