{"name": "A.T. Kearney",
 "permalink": "a-t-kearney",
 "crunchbase_url": "http://www.crunchbase.com/company/a-t-kearney",
 "homepage_url": "http://www.atkearney.com",
 "blog_url": "",
 "blog_feed_url": "http://www.atkearney.com/news-media/news-releases/news-release/-/asset_publisher/00OIL7Jc67KL/rss?p_p_cacheability=cacheLevelPage",
 "twitter_username": "ATKearney",
 "category_code": "consulting",
 "number_of_employees": 2500,
 "founded_year": 1926,
 "founded_month": null,
 "founded_day": null,
 "deadpooled_year": null,
 "deadpooled_month": null,
 "deadpooled_day": null,
 "deadpooled_url": null,
 "tag_list": "",
 "alias_list": "",
 "email_address": "",
 "phone_number": "",
 "description": "",
 "created_at": "Fri Jul 11 13:42:57 UTC 2008",
 "updated_at": "Mon May 06 03:54:21 UTC 2013",
 "overview": "\u003Cp\u003EWhether the focus is on strategy or operations, on organizational change or strategic business technology, AT Kearney helps clients improve their products and services, their business relationships, and their bottom line economics.\u003C/p\u003E",
 "image":
  {"available_sizes":
    [[[150,
       150],
      "http://api-images.crunchbase.com/assets/images/resized/0002/1977/21977v2-max-150x150.jpg"],
     [[225,
       225],
      "http://api-images.crunchbase.com/assets/images/resized/0002/1977/21977v2-max-250x250.jpg"],
     [[225,
       225],
      "http://api-images.crunchbase.com/assets/images/resized/0002/1977/21977v2-max-450x450.jpg"]],
   "attribution": null},
 "products":
  [],
 "relationships":
  [{"is_past": false,
    "title": "Chairman of the Board",
    "person":
     {"first_name": "Paul",
      "last_name": "Laudicina",
      "permalink": "paul-laudicina"}},
   {"is_past": false,
    "title": "former Vice President for Management Audit and Executive Search",
    "person":
     {"first_name": "Knut",
      "last_name": "Revling",
      "permalink": "knut-revling"}},
   {"is_past": false,
    "title": "Managing Partner and Chairman of the Board",
    "person":
     {"first_name": "Johan",
      "last_name": "Aurik",
      "permalink": "johan-aurik"}},
   {"is_past": false,
    "title": "Head of Asia Pacific",
    "person":
     {"first_name": "John",
      "last_name": "Kurtz",
      "permalink": "john-kurtz"}},
   {"is_past": false,
    "title": "Management Consultant",
    "person":
     {"first_name": "Varun",
      "last_name": "Laul",
      "permalink": "varun-laul"}},
   {"is_past": false,
    "title": "Head of Americas",
    "person":
     {"first_name": "Daniel",
      "last_name": "Mahler",
      "permalink": "daniel-mahler"}},
   {"is_past": false,
    "title": "Head of Europe, Middle East, and Africa",
    "person":
     {"first_name": "Luca",
      "last_name": "Rossi",
      "permalink": "luca-rossi-2"}},
   {"is_past": true,
    "title": "Vice President, Leader Asian Operations Practice",
    "person":
     {"first_name": "Ulrich",
      "last_name": "Spiesshofer",
      "permalink": "ulrich-spiesshofer"}},
   {"is_past": true,
    "title": "Vice President \u0026 Telecom Practice Leader",
    "person":
     {"first_name": "Andrew",
      "last_name": "Cole",
      "permalink": "andrew-cole"}},
   {"is_past": true,
    "title": "VP / Partner",
    "person":
     {"first_name": "Maximilian",
      "last_name": "Schroeck",
      "permalink": "maximilian-schroeck"}},
   {"is_past": true,
    "title": "Associate",
    "person":
     {"first_name": "Ben",
      "last_name": "Kortlang",
      "permalink": "ben-kortlang"}},
   {"is_past": true,
    "title": "Strategy \u0026 Operations Consultant",
    "person":
     {"first_name": "Michael",
      "last_name": "Singer",
      "permalink": "michael-singer-3"}},
   {"is_past": true,
    "title": "Business Analyst",
    "person":
     {"first_name": "Erica",
      "last_name": "Bell",
      "permalink": "erica-bell"}},
   {"is_past": true,
    "title": "Principal",
    "person":
     {"first_name": "Dr.",
      "last_name": "Charles E. Saunders",
      "permalink": "dr-charles-e-saunders"}},
   {"is_past": true,
    "title": "Principal",
    "person":
     {"first_name": "Scott",
      "last_name": "Brighton",
      "permalink": "scott-brighton"}},
   {"is_past": true,
    "title": "Associate",
    "person":
     {"first_name": "Joe",
      "last_name": "Mancini",
      "permalink": "joe-mancini"}},
   {"is_past": true,
    "title": "strategic planning practice",
    "person":
     {"first_name": "Jill",
      "last_name": "Granoff",
      "permalink": "jill-granoff"}},
   {"is_past": true,
    "title": "Management Consultant",
    "person":
     {"first_name": "Brad",
      "last_name": "Bullington",
      "permalink": "brad-bullington"}},
   {"is_past": true,
    "title": "Senior Consultant",
    "person":
     {"first_name": "Steve",
      "last_name": "Bratspies",
      "permalink": "steve-bratspies"}},
   {"is_past": true,
    "title": "Manager Top Management Consulting",
    "person":
     {"first_name": "Jochen",
      "last_name": "Walter",
      "permalink": "jochen-walter"}},
   {"is_past": true,
    "title": "Associate",
    "person":
     {"first_name": "Jennifer",
      "last_name": "James",
      "permalink": "jennifer-james"}},
   {"is_past": true,
    "title": "Summer Business Analyst",
    "person":
     {"first_name": "David",
      "last_name": "Wald",
      "permalink": "david-wald"}},
   {"is_past": true,
    "title": "Principal",
    "person":
     {"first_name": "Anil",
      "last_name": "(Bob) Kothari",
      "permalink": "anil-bob-kothari"}},
   {"is_past": true,
    "title": "Senior Business Analyst",
    "person":
     {"first_name": "Abhiroop",
      "last_name": "Jayanthi",
      "permalink": "abhiroop-jayanthi"}},
   {"is_past": true,
    "title": "Manager",
    "person":
     {"first_name": "Dr.",
      "last_name": "Christian Oversohl",
      "permalink": "dr-christian-oversohl"}},
   {"is_past": true,
    "title": "Consultant",
    "person":
     {"first_name": "David",
      "last_name": "Perotti",
      "permalink": "david-perotti"}},
   {"is_past": true,
    "title": "Management Consultant",
    "person":
     {"first_name": "Scott",
      "last_name": "Gorton",
      "permalink": "scott-gorton"}},
   {"is_past": true,
    "title": "Consultant",
    "person":
     {"first_name": "Sean",
      "last_name": "Griffey",
      "permalink": "sean-griffey"}},
   {"is_past": true,
    "title": "Senior Associate",
    "person":
     {"first_name": "Sacha",
      "last_name": "Windisch",
      "permalink": "sacha-windisch"}},
   {"is_past": true,
    "title": "Sr. Business Analyst",
    "person":
     {"first_name": "Wilson",
      "last_name": "Cimino",
      "permalink": "wilson-cimino"}},
   {"is_past": true,
    "title": "Analyst",
    "person":
     {"first_name": "Andres",
      "last_name": "Moran",
      "permalink": "andres-moran"}},
   {"is_past": true,
    "title": "Associate",
    "person":
     {"first_name": "Katie",
      "last_name": "Finnegan",
      "permalink": "katie-finnegan"}},
   {"is_past": true,
    "title": "Principal",
    "person":
     {"first_name": "Larry",
      "last_name": "Lenhart",
      "permalink": "larry-lenhart"}},
   {"is_past": true,
    "title": "Principal",
    "person":
     {"first_name": "Andy",
      "last_name": "Maguire",
      "permalink": "andy-maguire"}},
   {"is_past": true,
    "title": "Associate",
    "person":
     {"first_name": "Genevieve",
      "last_name": "Kunst",
      "permalink": "genevieve-kunst"}},
   {"is_past": true,
    "title": "Management Consultant",
    "person":
     {"first_name": "Erin",
      "last_name": "Nelson",
      "permalink": "erin-nelson"}},
   {"is_past": true,
    "title": "Principal",
    "person":
     {"first_name": "Chris",
      "last_name": "Martoglio",
      "permalink": "chris-martoglio"}},
   {"is_past": true,
    "title": "Summer Associate",
    "person":
     {"first_name": "Gleb",
      "last_name": "Budman",
      "permalink": "gleb-budman"}},
   {"is_past": true,
    "title": "Manager",
    "person":
     {"first_name": "Jaime",
      "last_name": "Shapiro",
      "permalink": "jaime-shapiro"}},
   {"is_past": true,
    "title": "Associate",
    "person":
     {"first_name": "Scott",
      "last_name": "Hilleboe",
      "permalink": "scott-hilleboe"}},
   {"is_past": true,
    "title": "Management Consultant",
    "person":
     {"first_name": "Oscar",
      "last_name": "Jung",
      "permalink": "oscar-jung"}},
   {"is_past": true,
    "title": "Management Consultant",
    "person":
     {"first_name": "Steve",
      "last_name": "LaValle",
      "permalink": "steve-lavalle"}},
   {"is_past": true,
    "title": "Business Analyst",
    "person":
     {"first_name": "Abhiroop",
      "last_name": "Jayanthi",
      "permalink": "abhiroop-jayanthi"}},
   {"is_past": true,
    "title": "Principal",
    "person":
     {"first_name": "Gary",
      "last_name": "Allhusen",
      "permalink": "gary-allhusen"}},
   {"is_past": true,
    "title": "Associate",
    "person":
     {"first_name": "Doug",
      "last_name": "Kilponen",
      "permalink": "doug-kilponen"}},
   {"is_past": true,
    "title": "Partner",
    "person":
     {"first_name": "Linda",
      "last_name": "Jenkinson",
      "permalink": "linda-m-jenkinson"}},
   {"is_past": true,
    "title": "Various Positions",
    "person":
     {"first_name": "Ulrich",
      "last_name": "Spiesshofer",
      "permalink": "ulrich-spiesshofer"}},
   {"is_past": true,
    "title": "",
    "person":
     {"first_name": "Adrian",
      "last_name": "Suherman",
      "permalink": "adrian-suherman"}},
   {"is_past": true,
    "title": "",
    "person":
     {"first_name": "Pierre",
      "last_name": "Pontevia",
      "permalink": "pierre-pontevia"}}],
 "competitions":
  [{"competitor":
     {"name": "McKinsey \u0026 Company",
      "permalink": "mckinsey-company"}},
   {"competitor":
     {"name": "Boston Consulting Group",
      "permalink": "boston-consulting-group"}}],
 "providerships":
  [],
 "total_money_raised": "$0",
 "funding_rounds":
  [],
 "investments":
  [],
 "acquisition": null,
 "acquisitions":
  [],
 "offices":
  [{"description": "HQ",
    "address1": "222 West Adams Street",
    "address2": "",
    "zip_code": "60606",
    "city": "Chicago",
    "state_code": "IL",
    "country_code": "USA",
    "latitude": 41.8794261,
    "longitude": -87.6348507}],
 "milestones":
  [],
 "ipo": null,
 "video_embeds":
  [],
 "screenshots":
  [],
 "external_links":
  [],
 "partners":
  []}
