{"name": "A123 Systems",
 "permalink": "a123systems",
 "crunchbase_url": "http://www.crunchbase.com/company/a123systems",
 "homepage_url": "http://a123systems.com",
 "blog_url": "http://a123systems.ru",
 "blog_feed_url": "",
 "twitter_username": "A123Systems",
 "category_code": "mobile",
 "number_of_employees": null,
 "founded_year": 2001,
 "founded_month": null,
 "founded_day": null,
 "deadpooled_year": null,
 "deadpooled_month": null,
 "deadpooled_day": null,
 "deadpooled_url": null,
 "tag_list": "cleantech, batteries",
 "alias_list": "",
 "email_address": "",
 "phone_number": "",
 "description": "Battery Maker",
 "created_at": "Sat Dec 22 08:33:06 UTC 2007",
 "updated_at": "Wed Mar 05 21:30:25 UTC 2014",
 "overview": "\u003Cp\u003EBased on new, highly active nanoscale material initially developed at MIT, A123Systems\u0026#8217; low impedance Nanophosphate electrode technology provides a competitive advantage over alternative high power technologies.\u003C/p\u003E\n\n\u003Cp\u003EA123\u0026#8217;s cell and electrode designs lower cost/watt and cost/watt-hour. They have higher voltage than other long-life systems, enabling lower pack cost. Their long life leads to reduced lifecycle and system costs resulting in greater overall price-performance .\u003C/p\u003E\n\n\u003Cp\u003ECompetitors include \u003Ca href=\"http://www.valence.com\" title=\"Valence\" rel=\"nofollow\"\u003EValence\u003C/a\u003E, \u003Ca href=\"http://www.saftbatteries.com\" title=\"Saft\" rel=\"nofollow\"\u003ESaft\u003C/a\u003E and \u003Ca href=\"http://www.lioncells.com\" title=\"Lion Cells\" rel=\"nofollow\"\u003ELion Cells\u003C/a\u003E.\u003C/p\u003E",
 "image":
  {"available_sizes":
    [[[150,
       66],
      "http://api-images.crunchbase.com/assets/images/resized/0000/2842/2842v1-max-150x150.png"],
     [[200,
       88],
      "http://api-images.crunchbase.com/assets/images/resized/0000/2842/2842v1-max-250x250.png"],
     [[200,
       88],
      "http://api-images.crunchbase.com/assets/images/resized/0000/2842/2842v1-max-450x450.png"]],
   "attribution": null},
 "products":
  [{"name": "Battery Cells",
    "permalink": "battery-cells"}],
 "relationships":
  [{"is_past": false,
    "title": "Founder, CTO, and VP of R\u0026D",
    "person":
     {"first_name": "Bart",
      "last_name": "Riley",
      "permalink": "bart-riley"}},
   {"is_past": false,
    "title": "Founder",
    "person":
     {"first_name": "Yet-Ming",
      "last_name": "Chiang",
      "permalink": "yet-ming-chiang"}},
   {"is_past": false,
    "title": "President and CEO",
    "person":
     {"first_name": "David",
      "last_name": "Vieau",
      "permalink": "david-vieau"}},
   {"is_past": false,
    "title": "Chief Operating Officer",
    "person":
     {"first_name": "Edward",
      "last_name": "Kopkowski",
      "permalink": "edward-kopkowski"}},
   {"is_past": false,
    "title": "CFO",
    "person":
     {"first_name": "David",
      "last_name": "Prystash",
      "permalink": "david-prystash"}},
   {"is_past": false,
    "title": "VP of Cell Products Group",
    "person":
     {"first_name": "Mujeeb",
      "last_name": "Ijae",
      "permalink": "mujeeb-ijae"}},
   {"is_past": false,
    "title": "VP and General Counsel",
    "person":
     {"first_name": "Eric",
      "last_name": "Pyenson",
      "permalink": "eric-pyenson"}},
   {"is_past": false,
    "title": "VP of Manufacturing",
    "person":
     {"first_name": "Grace",
      "last_name": "Chang",
      "permalink": "grace-chang"}},
   {"is_past": false,
    "title": "VP of Operations",
    "person":
     {"first_name": "Louis",
      "last_name": "Golato",
      "permalink": "louis-golato"}},
   {"is_past": false,
    "title": "vice president",
    "person":
     {"first_name": "Jason",
      "last_name": "Forcier",
      "permalink": "jason-forcier"}},
   {"is_past": false,
    "title": "Director",
    "person":
     {"first_name": "Gary",
      "last_name": "Haroian",
      "permalink": "gary-haroian"}},
   {"is_past": false,
    "title": "Chairman",
    "person":
     {"first_name": "Raghu",
      "last_name": "Koppal",
      "permalink": "raghu-koppal"}},
   {"is_past": false,
    "title": "President of A123 Energy Solutions",
    "person":
     {"first_name": "Bud",
      "last_name": "Collins",
      "permalink": "bud-collins"}},
   {"is_past": false,
    "title": "Board Observer",
    "person":
     {"first_name": "Kenneth",
      "last_name": "Mabbs",
      "permalink": "kenneth-mabbs"}},
   {"is_past": true,
    "title": "Founder",
    "person":
     {"first_name": "Ric",
      "last_name": "Fulop",
      "permalink": "ric-fulop"}},
   {"is_past": true,
    "title": "CFO \u0026 VP of Finance and Admin",
    "person":
     {"first_name": "Michael",
      "last_name": "Rubino",
      "permalink": "michael-rubino"}},
   {"is_past": true,
    "title": "Vice President of Operations",
    "person":
     {"first_name": "Paul",
      "last_name": "Sylvia",
      "permalink": "paul-sylvia"}},
   {"is_past": true,
    "title": "Vice President \u0026 GM",
    "person":
     {"first_name": "Ed",
      "last_name": "Bednarcik",
      "permalink": "ed-bednarcik"}},
   {"is_past": true,
    "title": "VP of Global Sales",
    "person":
     {"first_name": "Evan",
      "last_name": "Sanders",
      "permalink": "evan-sanders"}},
   {"is_past": true,
    "title": "President of A123 China",
    "person":
     {"first_name": "Tao",
      "last_name": "Zheng",
      "permalink": "tao-zheng"}},
   {"is_past": true,
    "title": "Led Investments",
    "person":
     {"first_name": "Quinn",
      "last_name": "Li",
      "permalink": "quinn-li"}},
   {"is_past": true,
    "title": "Board Member",
    "person":
     {"first_name": "Michael",
      "last_name": "Moritz",
      "permalink": "michael-moritz"}}],
 "competitions":
  [],
 "providerships":
  [],
 "total_money_raised": "$503M",
 "funding_rounds":
  [{"id": 1237,
    "round_code": "d",
    "source_url": "http://mitsloanblog.typepad.com/inaki/2007/10/a123-systems-re.html",
    "source_description": "",
    "raised_amount": 30000000.0,
    "raised_currency_code": "USD",
    "funded_year": 2007,
    "funded_month": 10,
    "funded_day": 1,
    "investments":
     [{"company": null,
       "financial_org":
        {"name": "Alliance Capital Ventures",
         "permalink": "alliance-capital-ventures"},
       "person": null},
      {"company":
        {"name": "Massachusetts Institute of Technology (MIT)",
         "permalink": "massachusetts-institute-of-technology-mit"},
       "financial_org": null,
       "person": null},
      {"company": null,
       "financial_org":
        {"name": "North Bridge Venture Partners",
         "permalink": "north-bridge-venture-partners"},
       "person": null},
      {"company":
        {"name": "Qualcomm",
         "permalink": "qualcomm"},
       "financial_org": null,
       "person": null},
      {"company": null,
       "financial_org":
        {"name": "Sequoia Capital",
         "permalink": "sequoia-capital"},
       "person": null},
      {"company":
        {"name": "Motorola Solutions",
         "permalink": "motorola-solutions"},
       "financial_org": null,
       "person": null},
      {"company":
        {"name": "General Electric",
         "permalink": "general-electric"},
       "financial_org": null,
       "person": null},
      {"company":
        {"name": "Procter \u0026 Gamble",
         "permalink": "procter-and-gamble"},
       "financial_org": null,
       "person": null}]},
   {"id": 1238,
    "round_code": "c",
    "source_url": "http://venturebeat.com/2007/01/25/a123systems-raises-40m-more-for-car-battery-in-showdown-with-eestor/",
    "source_description": "",
    "raised_amount": 40000000.0,
    "raised_currency_code": "USD",
    "funded_year": 2007,
    "funded_month": 1,
    "funded_day": 1,
    "investments":
     []},
   {"id": 1239,
    "round_code": "b",
    "source_url": "http://www.allbusiness.com/personal-finance/investing-mutual-fund-investments/861378-1.html",
    "source_description": "",
    "raised_amount": 30000000.0,
    "raised_currency_code": "USD",
    "funded_year": 2006,
    "funded_month": 2,
    "funded_day": 1,
    "investments":
     [{"company": null,
       "financial_org":
        {"name": "Madison Parker Capital",
         "permalink": "madison-parker-capital"},
       "person": null}]},
   {"id": 1240,
    "round_code": "a",
    "source_url": "http://www.redherring.com/Home/14294",
    "source_description": "Battery Pumps Up Power Tools",
    "raised_amount": 32000000.0,
    "raised_currency_code": "USD",
    "funded_year": 2005,
    "funded_month": 11,
    "funded_day": 1,
    "investments":
     []},
   {"id": 5593,
    "round_code": "e",
    "source_url": "http://www.pehub.com/?p=37000",
    "source_description": "A123 Raises Another $69 Million",
    "raised_amount": 69000000.0,
    "raised_currency_code": "USD",
    "funded_year": 2009,
    "funded_month": 4,
    "funded_day": 13,
    "investments":
     [{"company":
        {"name": "General Electric",
         "permalink": "general-electric"},
       "financial_org": null,
       "person": null},
      {"company": null,
       "financial_org":
        {"name": "Esp\u00ed\u00adrito Santo Ventures",
         "permalink": "espirito-santo-ventures"},
       "person": null}]},
   {"id": 7883,
    "round_code": "grant",
    "source_url": "http://ir.a123systems.com/releasedetail.cfm?ReleaseID=403090",
    "source_description": "A123Systems Awarded $249M Grant from U.S. Department of Energy to Build Advanced Battery Production Facilities in the United States",
    "raised_amount": 249000000.0,
    "raised_currency_code": "USD",
    "funded_year": 2009,
    "funded_month": 8,
    "funded_day": 5,
    "investments":
     [{"company": null,
       "financial_org":
        {"name": "U.S. Department of Energy",
         "permalink": "u-s-department-of-energy"},
       "person": null}]},
   {"id": 10360,
    "round_code": "grant",
    "source_url": "http://earth2tech.com/2009/12/16/innovation-in-manufacturing-a123systems-amprius-score-funds-from-feds/",
    "source_description": "Innovation in Manufacturing: A123Systems, Amprius Score Funds from Feds",
    "raised_amount": 2860000.0,
    "raised_currency_code": "USD",
    "funded_year": 2009,
    "funded_month": 12,
    "funded_day": 16,
    "investments":
     []},
   {"id": 30490,
    "round_code": "unattributed",
    "source_url": "http://www.masshightech.com/stories/2012/06/04/daily47-A123-Systems-gets-50M-fundraise.html",
    "source_description": "A123 Systems gets $50M fundraise",
    "raised_amount": 50000000.0,
    "raised_currency_code": "USD",
    "funded_year": 2012,
    "funded_month": 6,
    "funded_day": 7,
    "investments":
     []}],
 "investments":
  [{"funding_round":
     {"round_code": "private_equity",
      "source_url": "http://earth2tech.com/2010/06/01/fisker-closes-189m-round-tees-up-for-federal-loans/",
      "source_description": "Fisker Closes $189M Round, Tees Up for Federal Loans",
      "raised_amount": 189000000.0,
      "raised_currency_code": "USD",
      "funded_year": 2010,
      "funded_month": 5,
      "funded_day": 1,
      "company":
       {"name": "Fisker Automotive",
        "permalink": "fisker"}}},
   {"funding_round":
     {"round_code": "private_equity",
      "source_url": "http://www.greentechmedia.com/articles/read/fisker-charges-up-with-150m-for-luxury-ev/",
      "source_description": "Fisker Charges Up With $150M for Luxury EV",
      "raised_amount": 150000000.0,
      "raised_currency_code": "USD",
      "funded_year": 2011,
      "funded_month": 2,
      "funded_day": 22,
      "company":
       {"name": "Fisker Automotive",
        "permalink": "fisker"}}}],
 "acquisition": null,
 "acquisitions":
  [{"price_amount": null,
    "price_currency_code": "USD",
    "term_code": null,
    "source_url": "http://venturebeat.com/2007/05/01/battery-maker-a123systems-acquires-hybrid-electric-retrofitter-hymotion/",
    "source_description": "VentureBeat",
    "acquired_year": 2008,
    "acquired_month": 5,
    "acquired_day": 1,
    "company":
     {"name": "Hymotion",
      "permalink": "hymotion"}}],
 "offices":
  [{"description": "Energy Soln's (div)",
    "address1": "155 Flanders Road",
    "address2": "",
    "zip_code": "01581",
    "city": "Westborough",
    "state_code": "MA",
    "country_code": "USA",
    "latitude": 42.363776,
    "longitude": -71.166216}],
 "milestones":
  [{"id": 8246,
    "description": "A123 Systems Inc. announced the opening of its manufacturing facility in Livonia, Mich.",
    "stoned_year": 2010,
    "stoned_month": 9,
    "stoned_day": 13,
    "source_url": "http://www.masshightech.com/stories/2010/09/13/daily4-A123-opens-Mich-battery-production-plant.html",
    "source_text": null,
    "source_description": "A123 opens Mich. battery production plant",
    "stoneable_type": "Company",
    "stoned_value": null,
    "stoned_value_type": null,
    "stoned_acquirer": null,
    "stoneable":
     {"name": "A123 Systems",
      "permalink": "a123systems"}},
   {"id": 8698,
    "description": "on track to potentially break the $100 million revenue mark this year.",
    "stoned_year": 2010,
    "stoned_month": 9,
    "stoned_day": 29,
    "source_url": "http://www.masshightech.com/stories/2010/09/27/weekly8-A123-charts-three-year-billion-dollar-revenue-plan.html",
    "source_text": null,
    "source_description": "A123 charts three-year billion-dollar revenue plan",
    "stoneable_type": "Company",
    "stoned_value": null,
    "stoned_value_type": null,
    "stoned_acquirer": null,
    "stoneable":
     {"name": "A123 Systems",
      "permalink": "a123systems"}},
   {"id": 12250,
    "description": "received an order to expand an energy storage system for the electric grid in Northern Chile",
    "stoned_year": 2011,
    "stoned_month": 2,
    "stoned_day": 7,
    "source_url": "http://www.masshightech.com/stories/2011/02/07/daily4-A123-lands-20MW-energy-storage-order.html",
    "source_text": null,
    "source_description": "A123 lands 20MW energy storage order",
    "stoneable_type": "Company",
    "stoned_value": null,
    "stoned_value_type": null,
    "stoned_acquirer": null,
    "stoneable":
     {"name": "A123 Systems",
      "permalink": "a123systems"}},
   {"id": 12328,
    "description": "began operations last week at a new location in Westborough",
    "stoned_year": 2011,
    "stoned_month": 2,
    "stoned_day": 8,
    "source_url": "http://www.masshightech.com/stories/2011/02/07/daily22-A123-begins-battery-making-testing-in-Westborough.html",
    "source_text": null,
    "source_description": "A123 begins battery making, testing in Westborough",
    "stoneable_type": "Company",
    "stoned_value": null,
    "stoned_value_type": null,
    "stoned_acquirer": null,
    "stoneable":
     {"name": "A123 Systems",
      "permalink": "a123systems"}},
   {"id": 12931,
    "description": "chosen to produce battery packs for a pure-electric vehicle by a \u00e2\u20ac\u0153major\u00e2\u20ac\u009d North American automaker",
    "stoned_year": 2011,
    "stoned_month": 3,
    "stoned_day": 1,
    "source_url": "http://www.masshightech.com/stories/2011/02/28/daily21-A123-adds-batteries-to-upcoming-pure-electric-car.html",
    "source_text": null,
    "source_description": "A123 adds batteries to upcoming pure-electric car",
    "stoneable_type": "Company",
    "stoned_value": null,
    "stoned_value_type": null,
    "stoned_acquirer": null,
    "stoneable":
     {"name": "A123 Systems",
      "permalink": "a123systems"}},
   {"id": 12932,
    "description": "chosen to produce battery packs for a pure-electric vehicle by a \u00e2\u20ac\u0153major\u00e2\u20ac\u009d North American automaker",
    "stoned_year": 2011,
    "stoned_month": 3,
    "stoned_day": 1,
    "source_url": "http://www.masshightech.com/stories/2011/02/28/daily21-A123-adds-batteries-to-upcoming-pure-electric-car.html",
    "source_text": null,
    "source_description": "A123 adds batteries to upcoming pure-electric car",
    "stoneable_type": "Company",
    "stoned_value": null,
    "stoned_value_type": null,
    "stoned_acquirer": null,
    "stoneable":
     {"name": "A123 Systems",
      "permalink": "a123systems"}},
   {"id": 13766,
    "description": "announced proposals for a new public stock offering and new bond offering",
    "stoned_year": 2011,
    "stoned_month": 3,
    "stoned_day": 28,
    "source_url": "http://www.masshightech.com/stories/2011/03/28/daily12-A123-plans-new-stock-bond-offerings.html",
    "source_text": null,
    "source_description": "A123 plans new stock, bond offerings",
    "stoneable_type": "Company",
    "stoned_value": null,
    "stoned_value_type": null,
    "stoned_acquirer": null,
    "stoneable":
     {"name": "A123 Systems",
      "permalink": "a123systems"}},
   {"id": 13912,
    "description": "A123 prices $223M stock and bond offering",
    "stoned_year": 2011,
    "stoned_month": 4,
    "stoned_day": 1,
    "source_url": "http://www.masshightech.com/stories/2011/03/28/daily50-A123-prices-223M-stock-and-bond-offering.html",
    "source_text": "",
    "source_description": "A123 prices $223M stock and bond offering",
    "stoneable_type": "Company",
    "stoned_value": null,
    "stoned_value_type": null,
    "stoned_acquirer": null,
    "stoneable":
     {"name": "A123 Systems",
      "permalink": "a123systems"}},
   {"id": 14580,
    "description": "EnerNOC sees Q1 net loss widen over 2010 [May 4, 2011]\r\n\r\nEMD Serono pays out $44M to settle false claims suit [May 4, 2011]\r\n\r\nPeerTransfer starts college payment funds exchange system [May 4, 2011]\r\n\r\nAmbiLabs tops the field in R.I. Business Plan Compet",
    "stoned_year": 2011,
    "stoned_month": 5,
    "stoned_day": 4,
    "source_url": "http://www.masshightech.com/stories/2011/05/02/daily42-A123-appoints-Ford-vet-Prystash-as-CFO.html",
    "source_text": null,
    "source_description": "A123 appoints Ford vet Prystash as CFO",
    "stoneable_type": "Company",
    "stoned_value": null,
    "stoned_value_type": null,
    "stoned_acquirer": null,
    "stoneable":
     {"name": "A123 Systems",
      "permalink": "a123systems"}}],
 "ipo":
  {"valuation_amount": 380436764.0,
   "valuation_currency_code": "USD",
   "pub_year": 2009,
   "pub_month": 9,
   "pub_day": 24,
   "stock_symbol": "NASDAQ:AONE"},
 "video_embeds":
  [],
 "screenshots":
  [],
 "external_links":
  [],
 "partners":
  []}
