{"name": "AAfter Corporation",
 "permalink": "aafter-corporation",
 "crunchbase_url": "http://www.crunchbase.com/company/aafter-corporation",
 "homepage_url": "http://www.aafter.com",
 "blog_url": "http://blog.aafter.com/business/",
 "blog_feed_url": "http://blog.aafter.com/business/?feed=rss2",
 "twitter_username": null,
 "category_code": "web",
 "number_of_employees": null,
 "founded_year": 2005,
 "founded_month": null,
 "founded_day": null,
 "deadpooled_year": null,
 "deadpooled_month": null,
 "deadpooled_day": null,
 "deadpooled_url": null,
 "tag_list": "cashback, coupons, fresh-coupons, facebook-application",
 "alias_list": null,
 "email_address": "info@aafter.com",
 "phone_number": "214-714-2224",
 "description": null,
 "created_at": "Fri Nov 28 19:25:26 UTC 2008",
 "updated_at": "Sun Dec 07 17:49:02 UTC 2008",
 "overview": "\u003Cp\u003EAAFter is a search engine that provides cashback coupons while returning the lowest online prices.\u003C/p\u003E",
 "image":
  {"available_sizes":
    [[[150,
       38],
      "http://api-images.crunchbase.com/assets/images/resized/0003/0060/30060v2-max-150x150.png"],
     [[220,
       57],
      "http://api-images.crunchbase.com/assets/images/resized/0003/0060/30060v2-max-250x250.png"],
     [[220,
       57],
      "http://api-images.crunchbase.com/assets/images/resized/0003/0060/30060v2-max-450x450.png"]],
   "attribution": null},
 "products":
  [],
 "relationships":
  [],
 "competitions":
  [],
 "providerships":
  [],
 "total_money_raised": "$0",
 "funding_rounds":
  [],
 "investments":
  [],
 "acquisition": null,
 "acquisitions":
  [],
 "offices":
  [{"description": "Dallas Office",
    "address1": "15950 Dallas Parkway, Suite 400",
    "address2": "",
    "zip_code": "75248",
    "city": "Dallas",
    "state_code": "TX",
    "country_code": "USA",
    "latitude": 32.96616,
    "longitude": -96.820111}],
 "milestones":
  [],
 "ipo": null,
 "video_embeds":
  [],
 "screenshots":
  [],
 "external_links":
  [{"external_url": "http://apps.facebook.com/cash-back/",
    "title": "Our Facebook application on coupons"},
   {"external_url": "http://www.aafter.com/index_aafter_toolbar.htm",
    "title": "Highprivacy Cashback AAfter toolbar"}],
 "partners":
  []}
