{"name": "AAPT",
 "permalink": "aapt",
 "crunchbase_url": "http://www.crunchbase.com/company/aapt",
 "homepage_url": "http://www.aapt.com.au",
 "blog_url": "",
 "blog_feed_url": "",
 "twitter_username": null,
 "category_code": "public_relations",
 "number_of_employees": null,
 "founded_year": null,
 "founded_month": null,
 "founded_day": null,
 "deadpooled_year": null,
 "deadpooled_month": null,
 "deadpooled_day": null,
 "deadpooled_url": null,
 "tag_list": "",
 "alias_list": "",
 "email_address": "",
 "phone_number": "61 2 9009 9999 ",
 "description": "",
 "created_at": "Fri Nov 28 08:27:04 UTC 2008",
 "updated_at": "Wed Jun 10 02:21:57 UTC 2009",
 "overview": "\u003Cp\u003EAAPT is one of Australia\u0026#8217;s three largest telecommunications companies and is part of the Telecom New Zealand Group. Since 1991, we\u0026#8217;ve used a combination of quality and competitive pricing to secure Australians great deals for phone, internet and mobile services - at home and at work. \u003C/p\u003E\n\n\u003Cp\u003EThey\u0026#8217;re a straight up company and in the best of Aussie traditions. So they\u0026#8217;re big enough to meet our needs yet flexible enough to be innovative and deliver quickly. They offer a full range of local and long distance voice, mobile, data and internet services for residential, business, government and wholesale customers. \u003C/p\u003E\n\n\u003Cp\u003EStarted out as an offshoot of Australian Associated Press (AAP). With an aim to challenge Telstra as their first competitor in long distance and voice services, they wasted no time becoming one of Australia\u0026#8217;s fastest growing companies. \u003C/p\u003E\n\n\u003Cp\u003ELeveraging the investment and technological capabilities of our parent company, we\u0026#8217;re moving our customers beyond the \u0026#8220;just a telco\u0026#8221; mindset and into a world of personalised and adaptable information communications technology (ICT) solutions. \u003C/p\u003E\n\n\u003Cp\u003EToday, they\u0026#8217;re one of only three Australian telecommunications providers with the capabilities and resources needed to own and operate our own national voice and data network.\u003C/p\u003E",
 "image":
  {"available_sizes":
    [[[124,
       41],
      "http://api-images.crunchbase.com/assets/images/resized/0003/5846/35846v1-max-150x150.png"],
     [[124,
       41],
      "http://api-images.crunchbase.com/assets/images/resized/0003/5846/35846v1-max-250x250.png"],
     [[124,
       41],
      "http://api-images.crunchbase.com/assets/images/resized/0003/5846/35846v1-max-450x450.png"]],
   "attribution": null},
 "products":
  [],
 "relationships":
  [{"is_past": true,
    "title": "Web Designer/Content Producer",
    "person":
     {"first_name": "Neill",
      "last_name": "Horsman",
      "permalink": "neill-horsman"}}],
 "competitions":
  [],
 "providerships":
  [],
 "total_money_raised": "$0",
 "funding_rounds":
  [],
 "investments":
  [],
 "acquisition":
  {"price_amount": 450000000.0,
   "price_currency_code": "USD",
   "term_code": null,
   "source_url": "http://delimiter.com.au/2013/12/09/final-closure-tpg-buys-aapt-450m/",
   "source_description": "TPG buys AAPT for $450m",
   "acquired_year": 2013,
   "acquired_month": 12,
   "acquired_day": 9,
   "acquiring_company":
    {"name": "TPG Internet",
     "permalink": "tpg-internet"}},
 "acquisitions":
  [],
 "offices":
  [{"description": "Corporate office",
    "address1": "680 George Street",
    "address2": "",
    "zip_code": "2000",
    "city": "Sydney NSW",
    "state_code": null,
    "country_code": "AUS",
    "latitude": -33.877858,
    "longitude": 151.206991}],
 "milestones":
  [],
 "ipo": null,
 "video_embeds":
  [],
 "screenshots":
  [],
 "external_links":
  [],
 "partners":
  []}
