{"name": "ABC News",
 "permalink": "abc-news",
 "crunchbase_url": "http://www.crunchbase.com/company/abc-news",
 "homepage_url": null,
 "blog_url": null,
 "blog_feed_url": null,
 "twitter_username": null,
 "category_code": null,
 "number_of_employees": null,
 "founded_year": null,
 "founded_month": null,
 "founded_day": null,
 "deadpooled_year": null,
 "deadpooled_month": null,
 "deadpooled_day": null,
 "deadpooled_url": null,
 "tag_list": "",
 "alias_list": null,
 "email_address": null,
 "phone_number": null,
 "description": null,
 "created_at": "Tue Feb 19 17:58:31 UTC 2008",
 "updated_at": "Thu Sep 17 23:02:45 UTC 2009",
 "overview": "\u003Cp\u003EABCNews is your breaking news resource for top stories, videos, photos, blogs, special reports and exclusive celebrity interviews.\u003C/p\u003E",
 "image":
  {"available_sizes":
    [[[150,
       62],
      "http://api-images.crunchbase.com/assets/images/resized/0002/1781/21781v1-max-150x150.png"],
     [[192,
       80],
      "http://api-images.crunchbase.com/assets/images/resized/0002/1781/21781v1-max-250x250.png"],
     [[192,
       80],
      "http://api-images.crunchbase.com/assets/images/resized/0002/1781/21781v1-max-450x450.png"]],
   "attribution": null},
 "products":
  [],
 "relationships":
  [{"is_past": false,
    "title": "Co - Anchor, Nightline \u0026 Chief Legal Affairs Anchor",
    "person":
     {"first_name": "Dan",
      "last_name": "Abrams",
      "permalink": "dan-abrams"}},
   {"is_past": false,
    "title": "Senior Product Manager",
    "person":
     {"first_name": "Maya",
      "last_name": "Baratz",
      "permalink": "maya-baratz"}},
   {"is_past": false,
    "title": "",
    "person":
     {"first_name": "Frank",
      "last_name": "Dzubeck",
      "permalink": "frank-dzubeck"}},
   {"is_past": false,
    "title": "air consultant",
    "person":
     {"first_name": "Richard",
      "last_name": "A Clarke",
      "permalink": "richard-a-clarke"}},
   {"is_past": false,
    "title": "On-Air Consultant",
    "person":
     {"first_name": "Richard",
      "last_name": "A Clarke",
      "permalink": "richard-a-clarke"}},
   {"is_past": true,
    "title": "Digital Special Projects Lead",
    "person":
     {"first_name": "Bradley",
      "last_name": "Lautenbach",
      "permalink": "bradley-lautenbach"}},
   {"is_past": true,
    "title": "TV News Anchor/Host World News Now",
    "person":
     {"first_name": "Melinda",
      "last_name": "Wittsock",
      "permalink": "melinda-wittsock"}},
   {"is_past": true,
    "title": "Producer",
    "person":
     {"first_name": "Mark",
      "last_name": "Atkinson",
      "permalink": "mark-atkinson"}},
   {"is_past": true,
    "title": "Heading Communications",
    "person":
     {"first_name": "Teri",
      "last_name": "Everett",
      "permalink": "teri-everett"}},
   {"is_past": true,
    "title": "Managing Director of Finance and Administration",
    "person":
     {"first_name": "Kevin",
      "last_name": "O'Hare",
      "permalink": "kevin-ohare"}},
   {"is_past": true,
    "title": "Producer",
    "person":
     {"first_name": "Bradley",
      "last_name": "Lautenbach",
      "permalink": "bradley-lautenbach"}},
   {"is_past": true,
    "title": "Senior Producer",
    "person":
     {"first_name": "Lisa",
      "last_name": "Sharkey",
      "permalink": "lisa-sharkey"}},
   {"is_past": true,
    "title": "Producer, Correspondent",
    "person":
     {"first_name": "Mike",
      "last_name": "Porath",
      "permalink": "mike-porath"}},
   {"is_past": true,
    "title": "Segment Producer, GMA",
    "person":
     {"first_name": "Anthony",
      "last_name": "Duignan-Cabrera",
      "permalink": "anthony-duignan-cabrera"}},
   {"is_past": true,
    "title": "Digital Strategy \u0026 Audience Development",
    "person":
     {"first_name": "Niketa",
      "last_name": "Patel",
      "permalink": "niketa-patel"}}],
 "competitions":
  [],
 "providerships":
  [],
 "total_money_raised": "$0",
 "funding_rounds":
  [],
 "investments":
  [],
 "acquisition": null,
 "acquisitions":
  [],
 "offices":
  [],
 "milestones":
  [],
 "ipo": null,
 "video_embeds":
  [{"embed_code": "\u003Cembed src=\"http://blip.tv/play/goRrzpAiAg%2Em4v\" type=\"application/x-shockwave-flash\" width=\"480\" height=\"390\" allowscriptaccess=\"always\" allowfullscreen=\"true\"\u003E\u003C/embed\u003E ",
    "description": "\u003Cp\u003EThis video was originally published on \u003Ca href=\"http://www.beet.tv/2009/07/abccom-inks-web-series-deal-with-kia.html\" title=\"Beet.TV\" rel=\"nofollow\"\u003EBeet.TV\u003C/a\u003E\u003C/p\u003E"}],
 "screenshots":
  [],
 "external_links":
  [],
 "partners":
  []}
