{"name": "AbeBooks",
 "permalink": "abebooks",
 "crunchbase_url": "http://www.crunchbase.com/company/abebooks",
 "homepage_url": "http://www.abebooks.com",
 "blog_url": "http://www.abebooks.com/blog",
 "blog_feed_url": "http://www.abebooks.com/blog/index.php/feed/",
 "twitter_username": "AbeBooks",
 "category_code": "web",
 "number_of_employees": null,
 "founded_year": 1996,
 "founded_month": null,
 "founded_day": null,
 "deadpooled_year": null,
 "deadpooled_month": null,
 "deadpooled_day": null,
 "deadpooled_url": null,
 "tag_list": "books, online-book-store",
 "alias_list": null,
 "email_address": "",
 "phone_number": "",
 "description": "",
 "created_at": "Fri Aug 01 16:28:55 UTC 2008",
 "updated_at": "Thu Aug 23 19:10:36 UTC 2012",
 "overview": "\u003Cp\u003EAbeBooks is an online marketplace for books, listing over 110 million new, used, rare, and out of print books from 13,500 sellers.  AbeBooks offers a range of services including support, HomeBase inventory management software, and five international sites to reach global markets.  The company often fills a niche for \u003Ca href=\"http://www.crunchbase.com/company/amazon\" title=\"Amazon\"\u003EAmazon\u003C/a\u003E in finding hard-to-find or out-of-print books.\u003C/p\u003E\n\n\u003Cp\u003EAbeBooks is an Amazon subsidiary. \u003C/p\u003E",
 "image":
  {"available_sizes":
    [[[150,
       33],
      "http://api-images.crunchbase.com/assets/images/resized/0002/3200/23200v1-max-150x150.png"],
     [[185,
       41],
      "http://api-images.crunchbase.com/assets/images/resized/0002/3200/23200v1-max-250x250.png"],
     [[185,
       41],
      "http://api-images.crunchbase.com/assets/images/resized/0002/3200/23200v1-max-450x450.png"]],
   "attribution": null},
 "products":
  [{"name": "AbeBooks",
    "permalink": "abebooks"},
   {"name": "Gojaba",
    "permalink": "gojaba"}],
 "relationships":
  [{"is_past": false,
    "title": "Co-Founder",
    "person":
     {"first_name": "Florian",
      "last_name": "Heinemann",
      "permalink": "dr-florian-heinemann"}},
   {"is_past": false,
    "title": "CEO",
    "person":
     {"first_name": "Dr.",
      "last_name": "Hannes Blum",
      "permalink": "dr-hannes-blum"}},
   {"is_past": false,
    "title": "Chief Financial Officer",
    "person":
     {"first_name": "John",
      "last_name": "Chase",
      "permalink": "john-chase"}},
   {"is_past": false,
    "title": "VP of Operations",
    "person":
     {"first_name": "Laura-Lea",
      "last_name": "Berna",
      "permalink": "laura-lea-berna"}},
   {"is_past": false,
    "title": "Sellers Advisory Panel",
    "person":
     {"first_name": "Michael",
      "last_name": "Psarouthakis",
      "permalink": "michael-psarouthakis"}},
   {"is_past": true,
    "title": "Co-Founder and COO",
    "person":
     {"first_name": "Boris",
      "last_name": "Wertz",
      "permalink": "boris-wertz"}}],
 "competitions":
  [{"competitor":
     {"name": "Alibris",
      "permalink": "alibris"}},
   {"competitor":
     {"name": "Biblio",
      "permalink": "biblio"}},
   {"competitor":
     {"name": "Pluit Solutions",
      "permalink": "pluit-solutions"}},
   {"competitor":
     {"name": "Shelfari",
      "permalink": "shelfari"}},
   {"competitor":
     {"name": "Goodreads",
      "permalink": "goodreads"}},
   {"competitor":
     {"name": "LibraryThing",
      "permalink": "librarything"}},
   {"competitor":
     {"name": "Socialogue",
      "permalink": "socialogue"}},
   {"competitor":
     {"name": "weRead",
      "permalink": "weread"}}],
 "providerships":
  [],
 "total_money_raised": "$0",
 "funding_rounds":
  [],
 "investments":
  [{"funding_round":
     {"round_code": "a",
      "source_url": "http://www.abebooks.com/docs/CompanyInformation/PressRoom/library-thing.shtml",
      "source_description": "",
      "raised_amount": null,
      "raised_currency_code": null,
      "funded_year": 2006,
      "funded_month": 5,
      "funded_day": 16,
      "company":
       {"name": "LibraryThing",
        "permalink": "librarything"}}}],
 "acquisition":
  {"price_amount": null,
   "price_currency_code": "USD",
   "term_code": null,
   "source_url": "http://www.techcrunch.com/2008/08/01/amazon-to-acquire-abebooks/",
   "source_description": "Amazon To Acquire AbeBooks, And With It A Stake In LibraryThing",
   "acquired_year": 2008,
   "acquired_month": 8,
   "acquired_day": 1,
   "acquiring_company":
    {"name": "Amazon",
     "permalink": "amazon"}},
 "acquisitions":
  [{"price_amount": null,
    "price_currency_code": "USD",
    "term_code": null,
    "source_url": "http://findarticles.com/p/articles/mi_m0EIN/is_2001_Oct_3/ai_78874384",
    "source_description": "",
    "acquired_year": 2001,
    "acquired_month": 10,
    "acquired_day": null,
    "company":
     {"name": "JustBooks",
      "permalink": "justbooks"}},
   {"price_amount": null,
    "price_currency_code": "USD",
    "term_code": null,
    "source_url": "http://www.abebooks.com/docs/CompanyInformation/PressRoom/library-thing.shtml",
    "source_description": "",
    "acquired_year": 2005,
    "acquired_month": 11,
    "acquired_day": null,
    "company":
     {"name": "BookFinder.com",
      "permalink": "bookfinder"}},
   {"price_amount": null,
    "price_currency_code": "USD",
    "term_code": null,
    "source_url": "http://www.abebooks.com/docs/CompanyInformation/PressRoom/library-thing.shtml",
    "source_description": "",
    "acquired_year": 2006,
    "acquired_month": 2,
    "acquired_day": null,
    "company":
     {"name": "FillZ",
      "permalink": "fillz"}},
   {"price_amount": null,
    "price_currency_code": "USD",
    "term_code": null,
    "source_url": "http://www.abebooks.com/docs/CompanyInformation/PressRoom/chrislands.shtml",
    "source_description": "CHRISLANDS - AN ONLINE BOOKSTORE PROVIDER - ACQUIRED BY ABEBOOKS.COM",
    "acquired_year": 2008,
    "acquired_month": 4,
    "acquired_day": null,
    "company":
     {"name": "Chrislands",
      "permalink": "chrislands"}}],
 "offices":
  [{"description": "Corporate Headquarters",
    "address1": "655 Tyee Road",
    "address2": "Suite 500",
    "zip_code": "V9A 6X5",
    "city": "Victoria",
    "state_code": null,
    "country_code": "CAN",
    "latitude": 48.434138,
    "longitude": -123.381221},
   {"description": "Euorpean Office",
    "address1": "Ronsdorfer Str. 77a",
    "address2": "",
    "zip_code": "40233",
    "city": "D\u00c3\u00bcsseldorf",
    "state_code": null,
    "country_code": "DEU",
    "latitude": 51.217993,
    "longitude": 6.820008}],
 "milestones":
  [],
 "ipo": null,
 "video_embeds":
  [],
 "screenshots":
  [],
 "external_links":
  [],
 "partners":
  []}
