{"name": "Abiquo",
 "permalink": "abiquo",
 "crunchbase_url": "http://www.crunchbase.com/company/abiquo",
 "homepage_url": "http://www.abiquo.com",
 "blog_url": "http://www.abiquo.com/blog/",
 "blog_feed_url": "",
 "twitter_username": "abiquo",
 "category_code": "network_hosting",
 "number_of_employees": 30,
 "founded_year": 2006,
 "founded_month": null,
 "founded_day": null,
 "deadpooled_year": null,
 "deadpooled_month": null,
 "deadpooled_day": null,
 "deadpooled_url": null,
 "tag_list": "enterprise-cloud-management, private-cloud, cloud-management, open-source, cloud-computing, virtualization, ddp, m2m, virtual-to-virtual, v2v",
 "alias_list": "",
 "email_address": "sales@abiquo.com",
 "phone_number": "+44 203 151 0900",
 "description": "Cloud Management Platform",
 "created_at": "Mon Oct 27 00:52:27 UTC 2008",
 "updated_at": "Wed Jan 29 11:26:54 UTC 2014",
 "overview": "\u003Cp\u003EAbiquo is a leading developer of Cloud management solutions founded in 2006.\nAbiquo envisions a future where private and public Clouds are fully interoperable and vendor neutral. The company embraces an open-source model where both community users and commercial organizations can fully benefit from the Cloud revolution. \u003C/p\u003E",
 "image":
  {"available_sizes":
    [[[150,
       58],
      "http://api-images.crunchbase.com/assets/images/resized/0002/7396/27396v9-max-150x150.png"],
     [[250,
       98],
      "http://api-images.crunchbase.com/assets/images/resized/0002/7396/27396v9-max-250x250.png"],
     [[450,
       176],
      "http://api-images.crunchbase.com/assets/images/resized/0002/7396/27396v9-max-450x450.png"]],
   "attribution": null},
 "products":
  [{"name": "Abiquo Enterprise Edition",
    "permalink": "abicloud"}],
 "relationships":
  [{"is_past": false,
    "title": "CEO",
    "person":
     {"first_name": "Gilles",
      "last_name": "Samoun",
      "permalink": "gilles-samoun"}},
   {"is_past": false,
    "title": "VP of Product",
    "person":
     {"first_name": "Ian",
      "last_name": "Finlay",
      "permalink": "ian-finlay"}},
   {"is_past": false,
    "title": "VP Engineering",
    "person":
     {"first_name": "Xavier",
      "last_name": "Fernandez",
      "permalink": "xavier-fernandez"}},
   {"is_past": false,
    "title": "VP Operations",
    "person":
     {"first_name": "Helena",
      "last_name": "Torras",
      "permalink": "helena-torras"}},
   {"is_past": false,
    "title": "Senior. Director, Services and Support",
    "person":
     {"first_name": "Steve",
      "last_name": "Rushen",
      "permalink": "steve-rushen"}},
   {"is_past": true,
    "title": "CEO",
    "person":
     {"first_name": "Jim",
      "last_name": "Darragh",
      "permalink": "jim-darragh"}},
   {"is_past": true,
    "title": "CEO",
    "person":
     {"first_name": "Pete",
      "last_name": "Malcolm",
      "permalink": "pete-malcolm"}},
   {"is_past": true,
    "title": "VP Business Development",
    "person":
     {"first_name": "Trevor",
      "last_name": "Chamberlain",
      "permalink": "trevor-chamberlain"}},
   {"is_past": true,
    "title": "",
    "person":
     {"first_name": "Maria",
      "last_name": "Alegre",
      "permalink": "maria-alegre"}},
   {"is_past": true,
    "title": "VP Product Management",
    "person":
     {"first_name": "Diego",
      "last_name": "Parrilla",
      "permalink": "diego-parrilla"}}],
 "competitions":
  [],
 "providerships":
  [{"title": "Incubator",
    "is_past": true,
    "provider":
     {"name": "Citilab",
      "permalink": "citilab"}}],
 "total_money_raised": "$25.6M",
 "funding_rounds":
  [{"id": 13339,
    "round_code": "grant",
    "source_url": "http://virtualization.sys-con.com/node/1330076",
    "source_description": "Abiquo Opens New U.S. Headquarters with $5.1 Million in New Funding",
    "raised_amount": 1530000.0,
    "raised_currency_code": "USD",
    "funded_year": 2010,
    "funded_month": 2,
    "funded_day": 17,
    "investments":
     []},
   {"id": 13340,
    "round_code": "angel",
    "source_url": "http://virtualization.sys-con.com/node/1330076",
    "source_description": "Abiquo.com ",
    "raised_amount": 800000.0,
    "raised_currency_code": "USD",
    "funded_year": 2008,
    "funded_month": 1,
    "funded_day": 1,
    "investments":
     [{"company": null,
       "financial_org":
        {"name": "Eurecan",
         "permalink": "eurecan"},
       "person": null}]},
   {"id": 13353,
    "round_code": "debt_round",
    "source_url": "http://virtualization.sys-con.com/node/1330076",
    "source_description": "Abiquo Opens U.S. Headquarters with $5.1M in New Funding",
    "raised_amount": 1360000.0,
    "raised_currency_code": "USD",
    "funded_year": 2010,
    "funded_month": 3,
    "funded_day": 23,
    "investments":
     [{"company": null,
       "financial_org":
        {"name": "Kreos Capital",
         "permalink": "kreos-capital"},
       "person": null}]},
   {"id": 13406,
    "round_code": "a",
    "source_url": "http://blogs.abiquo.com/news/2010/02/17/abiquo-closes-e1-5m-series-a-funding-and-appoints-pete-malcolm-as-ceo/",
    "source_description": "Abiquo closes 1.5M Series A funding and appoints Pete Malcolm as CEO",
    "raised_amount": 2050000.0,
    "raised_currency_code": "USD",
    "funded_year": 2010,
    "funded_month": 2,
    "funded_day": 17,
    "investments":
     [{"company": null,
       "financial_org":
        {"name": "Nauta Capital",
         "permalink": "nauta-capital"},
       "person": null},
      {"company": null,
       "financial_org":
        {"name": "Caja Navarra",
         "permalink": "caja-navarra"},
       "person": null}]},
   {"id": 17177,
    "round_code": "a",
    "source_url": "http://blogs.abiquo.com/news/2010/02/17/abiquo-closes-e1-5m-series-a-funding-and-appoints-pete-malcolm-as-ceo/",
    "source_description": "Abiquo closes \u00e2\u201a\u00ac1.5M Series A funding and appoints Pete Malcolm as CEO",
    "raised_amount": 1820000.0,
    "raised_currency_code": "USD",
    "funded_year": 2010,
    "funded_month": 2,
    "funded_day": 17,
    "investments":
     [{"company": null,
       "financial_org":
        {"name": "Corporacci\u00c3\u00b3nCan - Grupo Corporativo Empresarial Caja Navara",
         "permalink": "corporaccincan-grupo-corporativo-empresarial-caja-navara-deleted"},
       "person": null},
      {"company": null,
       "financial_org":
        {"name": "Nauta Capital",
         "permalink": "nauta-capital"},
       "person": null}]},
   {"id": 20289,
    "round_code": "b",
    "source_url": "http://www.techcrunchit.com/2010/11/30/enterprise-cloud-management-software-maker-abiquo-raises-10-million/",
    "source_description": "Enterprise Cloud Management Software Maker Abiquo Raises $10 Million",
    "raised_amount": 10000000.0,
    "raised_currency_code": "USD",
    "funded_year": 2010,
    "funded_month": 11,
    "funded_day": 30,
    "investments":
     [{"company": null,
       "financial_org":
        {"name": "Balderton Capital",
         "permalink": "balderton-capital"},
       "person": null},
      {"company": null,
       "financial_org":
        {"name": "Nauta Capital",
         "permalink": "nauta-capital"},
       "person": null},
      {"company": null,
       "financial_org":
        {"name": "Eurecan",
         "permalink": "eurecan"},
       "person": null}]},
   {"id": 36957,
    "round_code": "unattributed",
    "source_url": "http://www.finsmes.com/2013/04/abiquo-closes-us5m-funding.html",
    "source_description": "Abiquo Closes US$5M Funding",
    "raised_amount": 5000000.0,
    "raised_currency_code": "USD",
    "funded_year": 2013,
    "funded_month": 4,
    "funded_day": 10,
    "investments":
     [{"company": null,
       "financial_org":
        {"name": "Oxford Capital Partners",
         "permalink": "oxford-capital-partners"},
       "person": null},
      {"company": null,
       "financial_org":
        {"name": "Balderton Capital",
         "permalink": "balderton-capital"},
       "person": null},
      {"company": null,
       "financial_org":
        {"name": "Nauta Capital",
         "permalink": "nauta-capital"},
       "person": null}]},
   {"id": 53463,
    "round_code": "unattributed",
    "source_url": "http://www.venturedeal.com/News/2012/6/28/Abiquo-Nets-$3-Million-VC-Financing",
    "source_description": "Abiquo Nets $3 Million VC Financing",
    "raised_amount": 3000400.0,
    "raised_currency_code": "USD",
    "funded_year": 2012,
    "funded_month": 6,
    "funded_day": null,
    "investments":
     [{"company": null,
       "financial_org":
        {"name": "Balderton Capital",
         "permalink": "balderton-capital"},
       "person": null},
      {"company": null,
       "financial_org":
        {"name": "Nauta Capital",
         "permalink": "nauta-capital"},
       "person": null}]}],
 "investments":
  [],
 "acquisition": null,
 "acquisitions":
  [],
 "offices":
  [{"description": "Research \u0026 Development",
    "address1": "Avinguda Diagonal 435bis",
    "address2": "4th Floor",
    "zip_code": "08036",
    "city": "Barcelona",
    "state_code": null,
    "country_code": "ESP",
    "latitude": null,
    "longitude": null},
   {"description": "Sales and Support",
    "address1": "43-45 Portman Square",
    "address2": "",
    "zip_code": "W1H 6HN",
    "city": "London",
    "state_code": null,
    "country_code": "GBR",
    "latitude": null,
    "longitude": null},
   {"description": "",
    "address1": "",
    "address2": "",
    "zip_code": "",
    "city": "Bracknell",
    "state_code": null,
    "country_code": "GBR",
    "latitude": null,
    "longitude": null},
   {"description": "Head Office",
    "address1": "",
    "address2": "",
    "zip_code": "",
    "city": "Bracknell",
    "state_code": null,
    "country_code": "GBR",
    "latitude": null,
    "longitude": null}],
 "milestones":
  [{"id": 26540,
    "description": "Announced hire of new CEO, Jim Darragh.",
    "stoned_year": 2012,
    "stoned_month": 9,
    "stoned_day": 10,
    "source_url": "",
    "source_text": null,
    "source_description": "",
    "stoneable_type": "Company",
    "stoned_value": null,
    "stoned_value_type": null,
    "stoned_acquirer": null,
    "stoneable":
     {"name": "Abiquo",
      "permalink": "abiquo"}},
   {"id": 46537,
    "description": "Announced hire of new CEO, Gilles Samoun",
    "stoned_year": 2013,
    "stoned_month": 9,
    "stoned_day": null,
    "source_url": "",
    "source_text": null,
    "source_description": "",
    "stoneable_type": "Company",
    "stoned_value": null,
    "stoned_value_type": null,
    "stoned_acquirer": null,
    "stoneable":
     {"name": "Abiquo",
      "permalink": "abiquo"}}],
 "ipo": null,
 "video_embeds":
  [],
 "screenshots":
  [{"available_sizes":
     [[[150,
        111],
       "http://api-images.crunchbase.com/assets/images/resized/0002/7374/27374v2-max-150x150.jpg"],
      [[250,
        186],
       "http://api-images.crunchbase.com/assets/images/resized/0002/7374/27374v2-max-250x250.jpg"],
      [[450,
        335],
       "http://api-images.crunchbase.com/assets/images/resized/0002/7374/27374v2-max-450x450.jpg"]],
    "attribution": null},
   {"available_sizes":
     [[[150,
        108],
       "http://api-images.crunchbase.com/assets/images/resized/0008/1442/81442v2-max-150x150.png"],
      [[250,
        180],
       "http://api-images.crunchbase.com/assets/images/resized/0008/1442/81442v2-max-250x250.png"],
      [[450,
        324],
       "http://api-images.crunchbase.com/assets/images/resized/0008/1442/81442v2-max-450x450.png"]],
    "attribution": null},
   {"available_sizes":
     [[[150,
        106],
       "http://api-images.crunchbase.com/assets/images/resized/0008/1443/81443v2-max-150x150.png"],
      [[250,
        177],
       "http://api-images.crunchbase.com/assets/images/resized/0008/1443/81443v2-max-250x250.png"],
      [[450,
        318],
       "http://api-images.crunchbase.com/assets/images/resized/0008/1443/81443v2-max-450x450.png"]],
    "attribution": null},
   {"available_sizes":
     [[[150,
        107],
       "http://api-images.crunchbase.com/assets/images/resized/0008/1444/81444v2-max-150x150.png"],
      [[250,
        179],
       "http://api-images.crunchbase.com/assets/images/resized/0008/1444/81444v2-max-250x250.png"],
      [[450,
        323],
       "http://api-images.crunchbase.com/assets/images/resized/0008/1444/81444v2-max-450x450.png"]],
    "attribution": null}],
 "external_links":
  [{"external_url": "http://www.carlosblanco.com/2008/09/17/abiquo-consigue-800000-euros-de-inversion-y-lanza-su-open-source/",
    "title": "Beta"},
   {"external_url": "http://loogic.com/abiquo-el-futuro-de-thinkingrid/",
    "title": "From Think in Grid to Abiquo"},
   {"external_url": "http://www.ojointernet.com/noticias/abiquo-se-lanza-como-open-source/",
    "title": "Open Source"},
   {"external_url": "http://www.elperiodico.com/default.asp?idpublicacio_PK=46\u0026idioma=CAS\u0026idnoticia_PK=558341\u0026idseccio_PK=1021",
    "title": "Internet of Things"},
   {"external_url": "http://www.urlfan.com/local/abicloud_the_cloud_computing_of_abiquo/104044451.html",
    "title": "Others"},
   {"external_url": "http://www.expansion.com/2009/01/14/catalunya/1231968153.html",
    "title": "Expansion - Going to Silicon Valley"}],
 "partners":
  []}
