{"name": "Abk-soft",
 "permalink": "abk-soft",
 "crunchbase_url": "http://www.crunchbase.com/company/abk-soft",
 "homepage_url": "http://abk-soft.com",
 "blog_url": "",
 "blog_feed_url": "http://abksoft.disqus.com/contacts_with_dating_scripts_developer_free_dating_software_solution_abk_soft/latest.rss",
 "twitter_username": null,
 "category_code": "web",
 "number_of_employees": null,
 "founded_year": null,
 "founded_month": null,
 "founded_day": null,
 "deadpooled_year": null,
 "deadpooled_month": null,
 "deadpooled_day": null,
 "deadpooled_url": null,
 "tag_list": "abledating-review-abledating-clients",
 "alias_list": "",
 "email_address": "info@abk-soft.com",
 "phone_number": "+1 (310) 928-7931",
 "description": "",
 "created_at": "Sun Mar 16 13:30:27 UTC 2008",
 "updated_at": "Thu Apr 11 06:29:41 UTC 2013",
 "overview": "\u003Cp\u003EABK-Soft: a Leader in Dating Software\nABK-Soft is a leading international dating software and social networking software provider. ABK-Soft Limited is a privately owned company based in the United States, having Technology Partners in Russian Federation. With a variety of dating software options, multi-lingual capability of the products, easy customization and unmatched support ABK-Soft delivers a private-label solution for any businesses and individuals that are looking for customized personals website platform that takes on the look and feel of their existing website or of what they imagine it should look like.\u003C/p\u003E",
 "image":
  {"available_sizes":
    [[[150,
       55],
      "http://api-images.crunchbase.com/assets/images/resized/0003/8247/38247v2-max-150x150.png"],
     [[166,
       61],
      "http://api-images.crunchbase.com/assets/images/resized/0003/8247/38247v2-max-250x250.png"],
     [[166,
       61],
      "http://api-images.crunchbase.com/assets/images/resized/0003/8247/38247v2-max-450x450.png"]],
   "attribution": null},
 "products":
  [],
 "relationships":
  [],
 "competitions":
  [],
 "providerships":
  [],
 "total_money_raised": "$0",
 "funding_rounds":
  [],
 "investments":
  [],
 "acquisition": null,
 "acquisitions":
  [],
 "offices":
  [],
 "milestones":
  [],
 "ipo": null,
 "video_embeds":
  [],
 "screenshots":
  [{"available_sizes":
     [[[150,
        96],
       "http://api-images.crunchbase.com/assets/images/resized/0003/8248/38248v1-max-150x150.png"],
      [[250,
        160],
       "http://api-images.crunchbase.com/assets/images/resized/0003/8248/38248v1-max-250x250.png"],
      [[450,
        288],
       "http://api-images.crunchbase.com/assets/images/resized/0003/8248/38248v1-max-450x450.png"]],
    "attribution": null}],
 "external_links":
  [],
 "partners":
  []}
