{"name": "Ablechair",
 "permalink": "ablechair",
 "crunchbase_url": "http://www.crunchbase.com/company/ablechair",
 "homepage_url": "http://www.ablechair.com",
 "blog_url": "http://ablechair.com/blog/",
 "blog_feed_url": "http://ablechair.com/blog/?feed=rss2",
 "twitter_username": null,
 "category_code": "advertising",
 "number_of_employees": 2,
 "founded_year": 2008,
 "founded_month": 9,
 "founded_day": 3,
 "deadpooled_year": null,
 "deadpooled_month": null,
 "deadpooled_day": null,
 "deadpooled_url": null,
 "tag_list": "peer2peer, p2p, peer-to-peer, advertising, email, im, sms, social-networking, ad-mechanics, charity, donations",
 "alias_list": null,
 "email_address": "joe@ablechair.com",
 "phone_number": "949 612 8210",
 "description": null,
 "created_at": "Tue Sep 16 23:28:59 UTC 2008",
 "updated_at": "Wed Oct 15 00:39:25 UTC 2008",
 "overview": "\u003Cp\u003EAblechair is a peer to peer advertising platform.  \u003C/p\u003E\n\n\u003Cp\u003EThe company develops tools that allow users to select and send targeted ads to their friends.  If the recipient clicks on the ad, the sender will be indirectly compensated (charitable contribution, contest entry, etc.). \u003C/p\u003E\n\n\u003Cp\u003EThe service allows advertisers to reach a personally targeted audience. Additionally, the service will amass a potentially valuable database of second-degree profile information; what your friends think you would find interesting.\u003C/p\u003E",
 "image":
  {"available_sizes":
    [[[150,
       45],
      "http://api-images.crunchbase.com/assets/images/resized/0002/5208/25208v2-max-150x150.jpg"],
     [[250,
       75],
      "http://api-images.crunchbase.com/assets/images/resized/0002/5208/25208v2-max-250x250.jpg"],
     [[265,
       80],
      "http://api-images.crunchbase.com/assets/images/resized/0002/5208/25208v2-max-450x450.jpg"]],
   "attribution": null},
 "products":
  [],
 "relationships":
  [],
 "competitions":
  [{"competitor":
     {"name": "Xobni",
      "permalink": "xobni"}},
   {"competitor":
     {"name": "Xoopit",
      "permalink": "xoopit"}}],
 "providerships":
  [],
 "total_money_raised": "$0",
 "funding_rounds":
  [],
 "investments":
  [],
 "acquisition": null,
 "acquisitions":
  [],
 "offices":
  [{"description": "Headquarters",
    "address1": "506 1/2 36th Street",
    "address2": "",
    "zip_code": "92663",
    "city": "Newport Beach",
    "state_code": "CA",
    "country_code": "USA",
    "latitude": 33.618534,
    "longitude": -117.93181}],
 "milestones":
  [],
 "ipo": null,
 "video_embeds":
  [],
 "screenshots":
  [],
 "external_links":
  [],
 "partners":
  []}
