{"name": "About The Image",
 "permalink": "about-the-image",
 "crunchbase_url": "http://www.crunchbase.com/company/about-the-image",
 "homepage_url": "http://www.abouttheimage.com",
 "blog_url": "http://www.abouttheimage.com",
 "blog_feed_url": "http://www.abouttheimage.com/rss20",
 "twitter_username": null,
 "category_code": "web",
 "number_of_employees": 2,
 "founded_year": 2005,
 "founded_month": 5,
 "founded_day": 1,
 "deadpooled_year": null,
 "deadpooled_month": null,
 "deadpooled_day": null,
 "deadpooled_url": null,
 "tag_list": "photgraphy, stock-photography, business, stock-photo, image, licensing",
 "alias_list": null,
 "email_address": "info@abouttheimage.com",
 "phone_number": "",
 "description": null,
 "created_at": "Tue Aug 19 17:40:12 UTC 2008",
 "updated_at": "Sat Mar 14 14:40:57 UTC 2009",
 "overview": "\u003Cp\u003EAbout The Image provides business news, information and resources about or related to the international stock image licensing industry.\u003C/p\u003E",
 "image":
  {"available_sizes":
    [[[150,
       70],
      "http://api-images.crunchbase.com/assets/images/resized/0002/3824/23824v2-max-150x150.png"],
     [[182,
       86],
      "http://api-images.crunchbase.com/assets/images/resized/0002/3824/23824v2-max-250x250.png"],
     [[182,
       86],
      "http://api-images.crunchbase.com/assets/images/resized/0002/3824/23824v2-max-450x450.png"]],
   "attribution": null},
 "products":
  [],
 "relationships":
  [],
 "competitions":
  [],
 "providerships":
  [],
 "total_money_raised": "$0",
 "funding_rounds":
  [],
 "investments":
  [],
 "acquisition": null,
 "acquisitions":
  [],
 "offices":
  [],
 "milestones":
  [],
 "ipo": null,
 "video_embeds":
  [],
 "screenshots":
  [],
 "external_links":
  [],
 "partners":
  []}
