{"name": "AboutWeblogs",
 "permalink": "aboutweblogs",
 "crunchbase_url": "http://www.crunchbase.com/company/aboutweblogs",
 "homepage_url": "http://aboutweblogs.com",
 "blog_url": "",
 "blog_feed_url": "",
 "twitter_username": null,
 "category_code": "web",
 "number_of_employees": null,
 "founded_year": null,
 "founded_month": null,
 "founded_day": null,
 "deadpooled_year": null,
 "deadpooled_month": null,
 "deadpooled_day": null,
 "deadpooled_url": null,
 "tag_list": null,
 "alias_list": null,
 "email_address": "",
 "phone_number": "",
 "description": null,
 "created_at": "Tue Feb 12 00:23:41 UTC 2008",
 "updated_at": "Tue Mar 24 14:12:23 UTC 2009",
 "overview": "\u003Cp\u003EAbout Weblogs provides tips and resources on b logs, podcasts, and vlogs\u003C/p\u003E",
 "image":
  {"available_sizes":
    [[[150,
       24],
      "http://api-images.crunchbase.com/assets/images/resized/0002/1784/21784v1-max-150x150.png"],
     [[250,
       41],
      "http://api-images.crunchbase.com/assets/images/resized/0002/1784/21784v1-max-250x250.png"],
     [[265,
       44],
      "http://api-images.crunchbase.com/assets/images/resized/0002/1784/21784v1-max-450x450.png"]],
   "attribution": null},
 "products":
  [],
 "relationships":
  [],
 "competitions":
  [],
 "providerships":
  [],
 "total_money_raised": "$0",
 "funding_rounds":
  [],
 "investments":
  [],
 "acquisition":
  {"price_amount": null,
   "price_currency_code": "USD",
   "term_code": "stock",
   "source_url": "http://www.b5media.com/b5media-merges-with-about-weblogs/",
   "source_description": "b5media Merges with \"About Weblogs\"",
   "acquired_year": 2005,
   "acquired_month": 11,
   "acquired_day": 7,
   "acquiring_company":
    {"name": "b5media",
     "permalink": "b5media"}},
 "acquisitions":
  [],
 "offices":
  [{"description": "",
    "address1": "45 Grasswren Way",
    "address2": "",
    "zip_code": "5095",
    "city": "Mawson Lakes",
    "state_code": null,
    "country_code": "AUS",
    "latitude": -34.819499,
    "longitude": 138.612894}],
 "milestones":
  [],
 "ipo": null,
 "video_embeds":
  [],
 "screenshots":
  [],
 "external_links":
  [],
 "partners":
  []}
