{"name": "Web Reservations International",
 "permalink": "about-web-reservations-international-web-reservations-international",
 "crunchbase_url": "http://www.crunchbase.com/company/about-web-reservations-international-web-reservations-international",
 "homepage_url": "http://www.webresint.com",
 "blog_url": "",
 "blog_feed_url": "",
 "twitter_username": null,
 "category_code": "web",
 "number_of_employees": null,
 "founded_year": null,
 "founded_month": null,
 "founded_day": null,
 "deadpooled_year": null,
 "deadpooled_month": null,
 "deadpooled_day": null,
 "deadpooled_url": null,
 "tag_list": "webres, web2ireland",
 "alias_list": null,
 "email_address": "info@hostelworld.com",
 "phone_number": "",
 "description": "",
 "created_at": "Sun Oct 19 23:26:07 UTC 2008",
 "updated_at": "Sat Mar 08 08:31:39 UTC 2014",
 "overview": "\u003Cp\u003EWeb Reservations International (WRI) provides online confirmed reservations to over 50,000 accommodation providers, directly and through more than 2500 global affiliate partners.\u003C/p\u003E\n\n\u003Cp\u003ECustomers can choose from 5 star hotels to hostels around the world through our major online brands such as hostelworld.com, worldres.com, hostels.com, trav.com and the newly launched boo.com. WRI affiliate partners include Ryanair.com, AirAsia.com, Kayak.com, Letsgo.com and Lonelyplanet.com.\u003C/p\u003E\n\n\u003Cp\u003EWRI hotel partners include Intercontinental Group, Accor, Marriot, Hilton and Best Western, as well as thousands of individual hotels. Hostels include both Hostelling International (YHA) and independent backpacker hostels and global chains such as St. Christophers Inns and BASE Backpackers. Other accommodation partners include bed \u0026amp; breakfasts, apartments and camping villages.\u003C/p\u003E\n\n\u003Cp\u003EWeb Reservations International was founded in 1999, is privately held and headquartered in Dublin, Ireland, with offices in Sydney, Australia, San Mateo, California and Shanghai, China.\u003C/p\u003E",
 "image":
  {"available_sizes":
    [[[150,
       27],
      "http://api-images.crunchbase.com/assets/images/resized/0002/6972/26972v1-max-150x150.png"],
     [[201,
       37],
      "http://api-images.crunchbase.com/assets/images/resized/0002/6972/26972v1-max-250x250.png"],
     [[201,
       37],
      "http://api-images.crunchbase.com/assets/images/resized/0002/6972/26972v1-max-450x450.png"]],
   "attribution": null},
 "products":
  [{"name": "Hostelworld",
    "permalink": "hostelworld"},
   {"name": "Boo.com",
    "permalink": "boo-com"}],
 "relationships":
  [{"is_past": false,
    "title": "Founder",
    "person":
     {"first_name": "Tom",
      "last_name": "Kennedy",
      "permalink": "tom-kennedy"}},
   {"is_past": false,
    "title": "CEO",
    "person":
     {"first_name": "Feargal",
      "last_name": "Mooney",
      "permalink": "feargal-mooney"}},
   {"is_past": false,
    "title": "Founder",
    "person":
     {"first_name": "Ray",
      "last_name": "Nolan",
      "permalink": "ray-nolan"}},
   {"is_past": false,
    "title": "",
    "person":
     {"first_name": "Mark",
      "last_name": "Opzoomer",
      "permalink": "mark-opzoomer"}},
   {"is_past": false,
    "title": "Director",
    "person":
     {"first_name": "Paddy",
      "last_name": "Holahan",
      "permalink": "paddy-holahan"}},
   {"is_past": true,
    "title": "Strategy Consultant",
    "person":
     {"first_name": "Aydin",
      "last_name": "Koc",
      "permalink": "aydin-koc"}},
   {"is_past": true,
    "title": "",
    "person":
     {"first_name": "Jon",
      "last_name": "Horden",
      "permalink": "jon-horden"}}],
 "competitions":
  [],
 "providerships":
  [],
 "total_money_raised": "$0",
 "funding_rounds":
  [{"id": 68372,
    "round_code": "unattributed",
    "source_url": "",
    "source_description": "",
    "raised_amount": null,
    "raised_currency_code": "USD",
    "funded_year": 2004,
    "funded_month": 3,
    "funded_day": 31,
    "investments":
     [{"company": null,
       "financial_org":
        {"name": "Summit Partners",
         "permalink": "summit-partners"},
       "person": null}]}],
 "investments":
  [],
 "acquisition":
  {"price_amount": 458000000.0,
   "price_currency_code": "USD",
   "term_code": "cash",
   "source_url": "http://www.techcrunch.com/2009/11/13/boo-com-got-sold-again/",
   "source_description": "Boo.com Got Sold Again!",
   "acquired_year": 2009,
   "acquired_month": 11,
   "acquired_day": 13,
   "acquiring_company":
    {"name": "Hellman \u0026 Friedman",
     "permalink": "hellman-friedman"}},
 "acquisitions":
  [],
 "offices":
  [{"description": "World Headquarters",
    "address1": "Charlemont Exchange",
    "address2": "Charlemont Street",
    "zip_code": "",
    "city": "Dublin",
    "state_code": null,
    "country_code": "IRL",
    "latitude": null,
    "longitude": null}],
 "milestones":
  [],
 "ipo": null,
 "video_embeds":
  [],
 "screenshots":
  [],
 "external_links":
  [{"external_url": "http://www.web2ireland.org/2008/05/28/10-million-bookings-on-hostelworld/",
    "title": "10 million bookings on Hostelworld"},
   {"external_url": "http://www.web2ireland.org/2006/10/30/irish-travel-search-company-on-way-to-1-billion-valuation/",
    "title": "Irish Travel Search company on way to $1 billion valuation"},
   {"external_url": "http://www.web2ireland.org/2007/01/23/web-reservations-valued-at-e400-million/",
    "title": "Web Reservations valued at \u00e2\u201a\u00ac400 million"}],
 "partners":
  []}
