{"name": "Abritel.fr",
 "permalink": "abritel-fr",
 "crunchbase_url": "http://www.crunchbase.com/company/abritel-fr",
 "homepage_url": "http://www.abritel.fr",
 "blog_url": "http://blog.abritel.fr/",
 "blog_feed_url": "",
 "twitter_username": "HomeAway",
 "category_code": "web",
 "number_of_employees": null,
 "founded_year": 1979,
 "founded_month": null,
 "founded_day": null,
 "deadpooled_year": null,
 "deadpooled_month": null,
 "deadpooled_day": null,
 "deadpooled_url": null,
 "tag_list": null,
 "alias_list": "",
 "email_address": "",
 "phone_number": "",
 "description": "",
 "created_at": "Sat Feb 16 00:00:05 UTC 2008",
 "updated_at": "Mon Mar 31 05:58:57 UTC 2014",
 "overview": "\u003Cp\u003EAbrite is a French vacation planning service.\u003C/p\u003E",
 "image":
  {"available_sizes":
    [[[150,
       112],
      "http://api-images.crunchbase.com/assets/images/resized/0002/1785/21785v2-max-150x150.jpg"],
     [[192,
       144],
      "http://api-images.crunchbase.com/assets/images/resized/0002/1785/21785v2-max-250x250.jpg"],
     [[192,
       144],
      "http://api-images.crunchbase.com/assets/images/resized/0002/1785/21785v2-max-450x450.jpg"]],
   "attribution": null},
 "products":
  [],
 "relationships":
  [],
 "competitions":
  [],
 "providerships":
  [],
 "total_money_raised": "$0",
 "funding_rounds":
  [],
 "investments":
  [],
 "acquisition": null,
 "acquisitions":
  [],
 "offices":
  [{"description": "HQ",
    "address1": "The Docks Atrium 10.2",
    "address2": "10 place de la Joliette, 70201 CS",
    "zip_code": "13567",
    "city": "Marseille Cedex",
    "state_code": null,
    "country_code": "FRA",
    "latitude": null,
    "longitude": null}],
 "milestones":
  [],
 "ipo": null,
 "video_embeds":
  [],
 "screenshots":
  [],
 "external_links":
  [],
 "partners":
  []}
