{"name": "Abture",
 "permalink": "abture",
 "crunchbase_url": "http://www.crunchbase.com/company/abture",
 "homepage_url": "http://www.abture.in",
 "blog_url": "",
 "blog_feed_url": "",
 "twitter_username": null,
 "category_code": "ecommerce",
 "number_of_employees": 30,
 "founded_year": 2006,
 "founded_month": 2,
 "founded_day": 1,
 "deadpooled_year": null,
 "deadpooled_month": null,
 "deadpooled_day": null,
 "deadpooled_url": null,
 "tag_list": "ecommerce, payment-gateway, white-labelled-ecommerce, fraud-management, marketplace",
 "alias_list": null,
 "email_address": "arun.n@abture.com",
 "phone_number": "044-23784096",
 "description": null,
 "created_at": "Fri Feb 22 11:00:11 UTC 2008",
 "updated_at": "Thu Jan 03 19:08:05 UTC 2013",
 "overview": "\u003Cp\u003EAbture as an organization essentially develops ecommerce and marketplace software and delivers on demand payment systems \u0026amp; hosting solutions for small \u0026amp; medium businesses.\u003C/p\u003E\n\n\u003Cp\u003EAbture\u0026#8217;s focuses on creating user-friendly software that can help anyone to open web stores online in minutes. It offers a complete set of Internet commerce solutions for e-commerce business models.\u003C/p\u003E",
 "image":
  {"available_sizes":
    [[[150,
       32],
      "http://api-images.crunchbase.com/assets/images/resized/0001/3247/13247v1-max-150x150.png"],
     [[250,
       53],
      "http://api-images.crunchbase.com/assets/images/resized/0001/3247/13247v1-max-250x250.png"],
     [[257,
       55],
      "http://api-images.crunchbase.com/assets/images/resized/0001/3247/13247v1-max-450x450.png"]],
   "attribution": null},
 "products":
  [],
 "relationships":
  [],
 "competitions":
  [],
 "providerships":
  [],
 "total_money_raised": "$0",
 "funding_rounds":
  [],
 "investments":
  [],
 "acquisition": null,
 "acquisitions":
  [],
 "offices":
  [{"description": null,
    "address1": "No.42,VGP Amutha Nagar",
    "address2": "Maduravoial",
    "zip_code": "600095",
    "city": "chennai",
    "state_code": null,
    "country_code": "IND",
    "latitude": null,
    "longitude": null}],
 "milestones":
  [],
 "ipo": null,
 "video_embeds":
  [],
 "screenshots":
  [],
 "external_links":
  [],
 "partners":
  []}
