{"name": "Academic Earth",
 "permalink": "academic-earth",
 "crunchbase_url": "http://www.crunchbase.com/company/academic-earth",
 "homepage_url": "http://academicearth.org",
 "blog_url": "",
 "blog_feed_url": "",
 "twitter_username": "academicearth",
 "category_code": "education",
 "number_of_employees": null,
 "founded_year": 2008,
 "founded_month": null,
 "founded_day": null,
 "deadpooled_year": null,
 "deadpooled_month": null,
 "deadpooled_day": null,
 "deadpooled_url": null,
 "tag_list": "education, video, lectures, academic",
 "alias_list": null,
 "email_address": "hello@academicearth.org",
 "phone_number": "",
 "description": "Free online university courses",
 "created_at": "Tue Jul 22 18:23:22 UTC 2008",
 "updated_at": "Tue Aug 28 11:46:55 UTC 2012",
 "overview": "\u003Cp\u003EAcademic Earth is a company founded with the goal of using the internet to extend high-quality educational opportunities to people around the globe. Called the Hulu for Education by TechCrunch, the site offers free access to online video courses from universities such as Harvard, Yale, Stanford, and MIT.\u003C/p\u003E\n\n\u003Cp\u003ERecently, the site added a directory of degree and certificate programs offered online by respected brick and  mortar universities. These listings are targeted at people who want the convenience of online learning, but do not want to sacrifice brand reputation by studying at a for-profit online institution.\u003C/p\u003E\n\n\u003Cp\u003EAcademic Earth was spotlighted in the 2010 Annual Letter of the Bill and Melinda Gates Foundation, and discussed by Gates in multiple media outlets; Gates described his personal use of the site and belief in the power of online lectures as an educational tool. In 2009, the site was selected along with Google, Amazon, and Facebook as one of TIME Magazine\u0026#8217;s Top 50 Websites.\u003C/p\u003E",
 "image":
  {"available_sizes":
    [[[150,
       19],
      "http://api-images.crunchbase.com/assets/images/resized/0002/2510/22510v2-max-150x150.png"],
     [[250,
       33],
      "http://api-images.crunchbase.com/assets/images/resized/0002/2510/22510v2-max-250x250.png"],
     [[450,
       59],
      "http://api-images.crunchbase.com/assets/images/resized/0002/2510/22510v2-max-450x450.png"]],
   "attribution": null},
 "products":
  [],
 "relationships":
  [{"is_past": false,
    "title": "CEO, Ampush Media",
    "person":
     {"first_name": "Nick",
      "last_name": "Shah",
      "permalink": "nick-shah"}},
   {"is_past": false,
    "title": "",
    "person":
     {"first_name": "Chris",
      "last_name": "Amos",
      "permalink": "chris-amos"}},
   {"is_past": true,
    "title": "Co-Founder",
    "person":
     {"first_name": "Liam",
      "last_name": "Pisano",
      "permalink": "liam-pisano"}},
   {"is_past": true,
    "title": "CEO and Founder",
    "person":
     {"first_name": "Richard",
      "last_name": "Ludlow",
      "permalink": "richard-ludlow"}},
   {"is_past": true,
    "title": "Vice President and Co-Founder",
    "person":
     {"first_name": "Chris",
      "last_name": "Bruner",
      "permalink": "chris-bruner"}},
   {"is_past": true,
    "title": "Advisor",
    "person":
     {"first_name": "Barry",
      "last_name": "Nalebuff",
      "permalink": "barry-nalebuff"}},
   {"is_past": true,
    "title": "Project Manager, Lead Developer",
    "person":
     {"first_name": "Nick",
      "last_name": "Reavill",
      "permalink": "nick-reavill"}},
   {"is_past": true,
    "title": "Advisor",
    "person":
     {"first_name": "Daniel",
      "last_name": "Yergin",
      "permalink": "daniel-yergin"}}],
 "competitions":
  [],
 "providerships":
  [{"title": "Legal",
    "is_past": false,
    "provider":
     {"name": "Wilson Sonsini Goodrich \u0026 Rosati",
      "permalink": "wilson-sonsini-goodrich-rosati"}}],
 "total_money_raised": "$0",
 "funding_rounds":
  [{"id": 5374,
    "round_code": "angel",
    "source_url": "http://finance.yahoo.com/news/Academic-Earth-Launches-prnews-14729635.html",
    "source_description": "Yahoo Finance - Press Release",
    "raised_amount": null,
    "raised_currency_code": null,
    "funded_year": 2008,
    "funded_month": 10,
    "funded_day": 1,
    "investments":
     [{"company": null,
       "financial_org": null,
       "person":
        {"first_name": "Barry",
         "last_name": "Nalebuff",
         "permalink": "barry-nalebuff"}}]}],
 "investments":
  [],
 "acquisition":
  {"price_amount": null,
   "price_currency_code": "USD",
   "term_code": null,
   "source_url": "http://techcrunch.com/2012/01/10/ampush-media-acquires-one-of-bill-gates-favorite-education-startups-academic-earth/",
   "source_description": "Ampush Media Acquires One Of Bill Gates\u2019 Favorite Education Startups, Academic Earth",
   "acquired_year": 2011,
   "acquired_month": 10,
   "acquired_day": 10,
   "acquiring_company":
    {"name": "Ampush",
     "permalink": "ampush-media"}},
 "acquisitions":
  [],
 "offices":
  [{"description": "",
    "address1": "450 9th Street",
    "address2": "",
    "zip_code": "94103",
    "city": "San Francisco",
    "state_code": "CA",
    "country_code": "USA",
    "latitude": null,
    "longitude": null}],
 "milestones":
  [{"id": 1289,
    "description": "Surpassed 200k unique monthly visitors",
    "stoned_year": 2009,
    "stoned_month": 2,
    "stoned_day": null,
    "source_url": "http://www.slideshare.net/academicearth/academic-earth-metrics",
    "source_text": null,
    "source_description": "Academic Earth Metrics",
    "stoneable_type": "Company",
    "stoned_value": null,
    "stoned_value_type": null,
    "stoned_acquirer": null,
    "stoneable":
     {"name": "Academic Earth",
      "permalink": "academic-earth"}},
   {"id": 2027,
    "description": "Selected to TIME.com's 50 Best Websites of 2009",
    "stoned_year": 2009,
    "stoned_month": 8,
    "stoned_day": null,
    "source_url": "http://www.time.com/time/specials/packages/article/0,28804,1918031_1918016_1917977,00.html",
    "source_text": null,
    "source_description": "TIME.com 50 Best Websites",
    "stoneable_type": "Company",
    "stoned_value": null,
    "stoned_value_type": null,
    "stoned_acquirer": null,
    "stoneable":
     {"name": "Academic Earth",
      "permalink": "academic-earth"}},
   {"id": 5543,
    "description": "Spotlighted in Bill Gates' 2010 Annual Letter.",
    "stoned_year": 2010,
    "stoned_month": 1,
    "stoned_day": 25,
    "source_url": "http://www.gatesfoundation.org/annual-letter/2010/Pages/education-learning-online.aspx",
    "source_text": null,
    "source_description": "Bill and Melinda Gates Foundation",
    "stoneable_type": "Company",
    "stoned_value": null,
    "stoned_value_type": null,
    "stoned_acquirer": null,
    "stoneable":
     {"name": "Academic Earth",
      "permalink": "academic-earth"}}],
 "ipo": null,
 "video_embeds":
  [],
 "screenshots":
  [{"available_sizes":
     [[[150,
        84],
       "http://api-images.crunchbase.com/assets/images/resized/0003/5527/35527v2-max-150x150.jpg"],
      [[250,
        140],
       "http://api-images.crunchbase.com/assets/images/resized/0003/5527/35527v2-max-250x250.jpg"],
      [[450,
        253],
       "http://api-images.crunchbase.com/assets/images/resized/0003/5527/35527v2-max-450x450.jpg"]],
    "attribution": null}],
 "external_links":
  [{"external_url": "http://images.businessweek.com/ss/08/09/0908_2008_entrepreneurs/3.htm",
    "title": "Academic Earth - BusinessWeek"},
   {"external_url": "http://www.slate.com/id/2211591/",
    "title": "How To Go to Harvard for Free"},
   {"external_url": "http://lifehacker.com/5182253/academic-earth-aggregates-lectures-from-mit-harvard-yale-and-others?skyline=true\u0026s=i",
    "title": "Academic Earth Aggregates Lectures from MIT, Harvard, Yale, and Others"}],
 "partners":
  []}
