{"name": "Academic Capital Exchange",
 "permalink": "academic-capital-exchange",
 "crunchbase_url": "http://www.crunchbase.com/company/academic-capital-exchange",
 "homepage_url": "http://www.academicapital.com",
 "blog_url": "",
 "blog_feed_url": "",
 "twitter_username": null,
 "category_code": "ecommerce",
 "number_of_employees": 5,
 "founded_year": 2008,
 "founded_month": 1,
 "founded_day": 1,
 "deadpooled_year": null,
 "deadpooled_month": null,
 "deadpooled_day": null,
 "deadpooled_url": null,
 "tag_list": "p2plending, microfinance, money-management, microloans, peer-to-peer, marketplace",
 "alias_list": "",
 "email_address": "",
 "phone_number": "",
 "description": "P2P Student Loan Marketplace",
 "created_at": "Fri Feb 22 23:35:46 UTC 2008",
 "updated_at": "Tue Dec 17 23:15:44 UTC 2013",
 "overview": "\u003Cp\u003EThe Academic Capital Exchange (ACE) is an online peer-to-peer student loan marketplace that links students to the financial support and professional guidance needed to achieve success in the classroom and beyond.\u003C/p\u003E",
 "image":
  {"available_sizes":
    [[[150,
       61],
      "http://api-images.crunchbase.com/assets/images/resized/0001/3320/13320v1-max-150x150.jpg"],
     [[250,
       102],
      "http://api-images.crunchbase.com/assets/images/resized/0001/3320/13320v1-max-250x250.jpg"],
     [[317,
       130],
      "http://api-images.crunchbase.com/assets/images/resized/0001/3320/13320v1-max-450x450.jpg"]],
   "attribution": null},
 "products":
  [],
 "relationships":
  [{"is_past": false,
    "title": "Founder",
    "person":
     {"first_name": "Shawn",
      "last_name": "Bercuson",
      "permalink": "shawn-bercuson"}},
   {"is_past": false,
    "title": "Operations Advisor",
    "person":
     {"first_name": "Dustin",
      "last_name": "Rusakiewicz",
      "permalink": "dustin-rusakiewicz"}},
   {"is_past": false,
    "title": "Brand and Design Advisor",
    "person":
     {"first_name": "Elizabeth",
      "last_name": "Gershenzon",
      "permalink": "elizabeth-gershenzon"}},
   {"is_past": false,
    "title": "Financial Advisor",
    "person":
     {"first_name": "Eric",
      "last_name": "Benson",
      "permalink": "eric-benson"}}],
 "competitions":
  [{"competitor":
     {"name": "Zopa",
      "permalink": "zopa"}},
   {"competitor":
     {"name": "Prosper",
      "permalink": "prosper"}},
   {"competitor":
     {"name": "Lending Club",
      "permalink": "lendingclub"}}],
 "providerships":
  [],
 "total_money_raised": "$0",
 "funding_rounds":
  [],
 "investments":
  [],
 "acquisition": null,
 "acquisitions":
  [],
 "offices":
  [{"description": null,
    "address1": "226 N. Clinton",
    "address2": "",
    "zip_code": "60661",
    "city": "Chicago",
    "state_code": "IL",
    "country_code": "USA",
    "latitude": 41.886368,
    "longitude": -87.641739}],
 "milestones":
  [],
 "ipo": null,
 "video_embeds":
  [],
 "screenshots":
  [],
 "external_links":
  [],
 "partners":
  []}
