{"name": "Access Point",
 "permalink": "access-point",
 "crunchbase_url": "http://www.crunchbase.com/company/access-point",
 "homepage_url": "http://www.apoint.ro",
 "blog_url": "",
 "blog_feed_url": "",
 "twitter_username": "adrianpaduraru",
 "category_code": "advertising",
 "number_of_employees": 5,
 "founded_year": 2008,
 "founded_month": 8,
 "founded_day": 22,
 "deadpooled_year": null,
 "deadpooled_month": null,
 "deadpooled_day": null,
 "deadpooled_url": null,
 "tag_list": "web-design, web-development, logo-design, branding",
 "alias_list": null,
 "email_address": "office@apoint.ro",
 "phone_number": "+703369",
 "description": "",
 "created_at": "Wed Oct 08 18:41:24 UTC 2008",
 "updated_at": "Fri Dec 24 21:51:33 UTC 2010",
 "overview": "\u003Cp\u003EAccess Point has a vast experience in web design and a team of talented designers and programmers, specialists in the latest technologies and techniques to create an online marketing campaign to be successful for each client.\u003C/p\u003E",
 "image":
  {"available_sizes":
    [[[150,
       27],
      "http://api-images.crunchbase.com/assets/images/resized/0002/6419/26419v2-max-150x150.png"],
     [[250,
       45],
      "http://api-images.crunchbase.com/assets/images/resized/0002/6419/26419v2-max-250x250.png"],
     [[300,
       55],
      "http://api-images.crunchbase.com/assets/images/resized/0002/6419/26419v2-max-450x450.png"]],
   "attribution": null},
 "products":
  [],
 "relationships":
  [],
 "competitions":
  [],
 "providerships":
  [],
 "total_money_raised": "$4.5M",
 "funding_rounds":
  [{"id": 11530,
    "round_code": "unattributed",
    "source_url": "http://www.freshnews.com/news/272297/thermo-credit-llc-provides-45-million-funding-access-point-inc",
    "source_description": "THERMO CREDIT, LLC PROVIDES $4.5 MILLION IN FUNDING TO ACCESS POINT, INC.  ",
    "raised_amount": 4500000.0,
    "raised_currency_code": "USD",
    "funded_year": 2010,
    "funded_month": 1,
    "funded_day": 26,
    "investments":
     []}],
 "investments":
  [],
 "acquisition": null,
 "acquisitions":
  [],
 "offices":
  [{"description": "Iasi Office",
    "address1": "Socola 134a",
    "address2": "",
    "zip_code": "700187",
    "city": "Iasi",
    "state_code": null,
    "country_code": "ROM",
    "latitude": null,
    "longitude": null}],
 "milestones":
  [],
 "ipo": null,
 "video_embeds":
  [],
 "screenshots":
  [],
 "external_links":
  [],
 "partners":
  []}
