{"name": "Accelerate.co.il",
 "permalink": "accelerate-co-il",
 "crunchbase_url": "http://www.crunchbase.com/company/accelerate-co-il",
 "homepage_url": "http://www.accelerate.co.il",
 "blog_url": "",
 "blog_feed_url": "",
 "twitter_username": null,
 "category_code": null,
 "number_of_employees": null,
 "founded_year": null,
 "founded_month": null,
 "founded_day": null,
 "deadpooled_year": null,
 "deadpooled_month": null,
 "deadpooled_day": null,
 "deadpooled_url": null,
 "tag_list": null,
 "alias_list": "",
 "email_address": "",
 "phone_number": "",
 "description": "",
 "created_at": "Tue Oct 14 18:44:52 UTC 2008",
 "updated_at": "Fri Oct 22 20:50:57 UTC 2010",
 "overview": "\u003Cp\u003EAxlreite established in order to help young entrepreneurs, to meet talented people, to think together about new ideas and carry out selected ideas. The group, established - by Micha Kaufman and Eric Czerniak active in the following areas:\nPublications and software in Internet entrepreneurship with an emphasis on entrepreneurship in Israel. As part of this group blog published lists and regular newspaper columns De - De site marker - Marker;\nMeetings with experienced entrepreneurs and young people to discuss new trends in Web content to help companies at the beginning of their way;\nPractical workshops in entrepreneurship;\nInitial development of the father - a character based on the ideas of the group.\u003C/p\u003E",
 "image":
  {"available_sizes":
    [[[150,
       39],
      "http://api-images.crunchbase.com/assets/images/resized/0005/5730/55730v3-max-150x150.png"],
     [[242,
       63],
      "http://api-images.crunchbase.com/assets/images/resized/0005/5730/55730v3-max-250x250.png"],
     [[242,
       63],
      "http://api-images.crunchbase.com/assets/images/resized/0005/5730/55730v3-max-450x450.png"]],
   "attribution": null},
 "products":
  [],
 "relationships":
  [{"is_past": true,
    "title": "Founding Partner",
    "person":
     {"first_name": "Arik",
      "last_name": "Czerniak",
      "permalink": "arik-czerniak"}},
   {"is_past": true,
    "title": "Founding Partner",
    "person":
     {"first_name": "Micha",
      "last_name": "Kaufman",
      "permalink": "micha-kaufman"}}],
 "competitions":
  [],
 "providerships":
  [],
 "total_money_raised": "$0",
 "funding_rounds":
  [],
 "investments":
  [],
 "acquisition": null,
 "acquisitions":
  [],
 "offices":
  [],
 "milestones":
  [],
 "ipo": null,
 "video_embeds":
  [],
 "screenshots":
  [{"available_sizes":
     [[[150,
        107],
       "http://api-images.crunchbase.com/assets/images/resized/0010/6833/106833v1-max-150x150.jpg"],
      [[250,
        179],
       "http://api-images.crunchbase.com/assets/images/resized/0010/6833/106833v1-max-250x250.jpg"],
      [[450,
        323],
       "http://api-images.crunchbase.com/assets/images/resized/0010/6833/106833v1-max-450x450.jpg"]],
    "attribution": null}],
 "external_links":
  [],
 "partners":
  []}
