{"name": "AccountMaven",
 "permalink": "accountmaven",
 "crunchbase_url": "http://www.crunchbase.com/company/accountmaven",
 "homepage_url": "http://www.accountmaven.com",
 "blog_url": "http://accountmaven.wordpress.com",
 "blog_feed_url": "http://accountmaven.wordpress.com/feed/",
 "twitter_username": null,
 "category_code": "network_hosting",
 "number_of_employees": 5,
 "founded_year": 2007,
 "founded_month": 9,
 "founded_day": null,
 "deadpooled_year": null,
 "deadpooled_month": null,
 "deadpooled_day": null,
 "deadpooled_url": null,
 "tag_list": "channel-management, channel-sales, sales-2-0, social-networking",
 "alias_list": null,
 "email_address": "mark@accountmaven.com",
 "phone_number": "4157341147",
 "description": null,
 "created_at": "Wed Jul 09 17:10:33 UTC 2008",
 "updated_at": "Sat Sep 06 13:55:45 UTC 2008",
 "overview": "\u003Cp\u003EAccountMaven is a global community of sales people doing business with their channel sales partners. AccountMaven activates corporate partnerships by connecting sales people across company lines.\u003C/p\u003E\n\n\u003Cp\u003ECompanies use AccountMaven to engage their channel sales partners in dynamic communities. Channel programs benefit through:\u003C/p\u003E\n\n\u003Cpre\u003E\u003Ccode\u003E* better communication with the program host\n* partner to partner collaboration\n* increased channel revenue\n\u003C/code\u003E\u003C/pre\u003E\n\n\u003Cp\u003EIndividual sales people use AccountMaven as a place to connect with others in their industry and participate in corporate partner programs.\u003C/p\u003E\n\n\u003Cp\u003EAccountMaven employs Web 2.0 social networking to activate partner ecosystems. \u003C/p\u003E",
 "image":
  {"available_sizes":
    [[[150,
       33],
      "http://api-images.crunchbase.com/assets/images/resized/0002/1725/21725v2-max-150x150.jpg"],
     [[250,
       55],
      "http://api-images.crunchbase.com/assets/images/resized/0002/1725/21725v2-max-250x250.jpg"],
     [[256,
       57],
      "http://api-images.crunchbase.com/assets/images/resized/0002/1725/21725v2-max-450x450.jpg"]],
   "attribution": null},
 "products":
  [],
 "relationships":
  [{"is_past": false,
    "title": "Director Engineering",
    "person":
     {"first_name": "Manoj",
      "last_name": "Yadav",
      "permalink": "manoj-yadav"}},
   {"is_past": true,
    "title": "CEO",
    "person":
     {"first_name": "Mark",
      "last_name": "Hadfield",
      "permalink": "mark-hadfield"}}],
 "competitions":
  [],
 "providerships":
  [{"title": "legal",
    "is_past": false,
    "provider":
     {"name": "Pillsbury Winthrop",
      "permalink": "pillsbury-winthrop"}}],
 "total_money_raised": "$0",
 "funding_rounds":
  [],
 "investments":
  [],
 "acquisition": null,
 "acquisitions":
  [],
 "offices":
  [{"description": "San Francisco",
    "address1": "",
    "address2": "",
    "zip_code": "",
    "city": "",
    "state_code": null,
    "country_code": "USA",
    "latitude": null,
    "longitude": null}],
 "milestones":
  [],
 "ipo": null,
 "video_embeds":
  [],
 "screenshots":
  [],
 "external_links":
  [],
 "partners":
  []}
