{"name": "Accor",
 "permalink": "accor",
 "crunchbase_url": "http://www.crunchbase.com/company/accor",
 "homepage_url": "http://www.accor.com",
 "blog_url": "",
 "blog_feed_url": "",
 "twitter_username": null,
 "category_code": "other",
 "number_of_employees": null,
 "founded_year": null,
 "founded_month": null,
 "founded_day": null,
 "deadpooled_year": null,
 "deadpooled_month": null,
 "deadpooled_day": null,
 "deadpooled_url": null,
 "tag_list": null,
 "alias_list": "",
 "email_address": "",
 "phone_number": "+33 (0)1 61 61 80 80",
 "description": null,
 "created_at": "Thu Oct 23 07:17:01 UTC 2008",
 "updated_at": "Sat Feb 21 15:32:41 UTC 2009",
 "overview": "\u003Cp\u003EAccor, European leader in hotels and tourism, global leader in corporate services, operates in nearly 100 countries with 150,000 employees.\u003C/p\u003E\n\n\u003Cp\u003EWith more than 4,000 hotels worldwide, covering all segments from economy to upper upscale, Accor Hospitality, the Accor\u00e2\u20ac\u2122s hotel offering, offers hotel services tailored to each customer\u00e2\u20ac\u2122s needs. \u003C/p\u003E",
 "image":
  {"available_sizes":
    [[[150,
       48],
      "http://api-images.crunchbase.com/assets/images/resized/0003/5971/35971v1-max-150x150.png"],
     [[150,
       48],
      "http://api-images.crunchbase.com/assets/images/resized/0003/5971/35971v1-max-250x250.png"],
     [[150,
       48],
      "http://api-images.crunchbase.com/assets/images/resized/0003/5971/35971v1-max-450x450.png"]],
   "attribution": null},
 "products":
  [],
 "relationships":
  [{"is_past": true,
    "title": "Vice President of Development for Asia/Middle East and executive vice president of North America",
    "person":
     {"first_name": "Philippe",
      "last_name": "Bourguignon",
      "permalink": "philippe-bourguignon"}},
   {"is_past": true,
    "title": "Global Sales",
    "person":
     {"first_name": "Benjamin",
      "last_name": "Zenou",
      "permalink": "benjamin-zenou"}},
   {"is_past": true,
    "title": "IT Consultant / Project Manager",
    "person":
     {"first_name": "Nicolas",
      "last_name": "Genest",
      "permalink": "nicolas-genest"}}],
 "competitions":
  [],
 "providerships":
  [],
 "total_money_raised": "$0",
 "funding_rounds":
  [],
 "investments":
  [],
 "acquisition": null,
 "acquisitions":
  [],
 "offices":
  [],
 "milestones":
  [],
 "ipo": null,
 "video_embeds":
  [],
 "screenshots":
  [],
 "external_links":
  [],
 "partners":
  []}
