{"name": "Acme Mobile",
 "permalink": "acme-mobile",
 "crunchbase_url": "http://www.crunchbase.com/company/acme-mobile",
 "homepage_url": "http://www.acme-mobile.com",
 "blog_url": "",
 "blog_feed_url": "",
 "twitter_username": null,
 "category_code": "mobile",
 "number_of_employees": 22,
 "founded_year": 2003,
 "founded_month": 10,
 "founded_day": 22,
 "deadpooled_year": null,
 "deadpooled_month": null,
 "deadpooled_day": null,
 "deadpooled_url": null,
 "tag_list": "mobile-games-WAP-sms-ringtones",
 "alias_list": null,
 "email_address": "bizdev@acme-mobile.com",
 "phone_number": "+65 6224 1549",
 "description": null,
 "created_at": "Wed Apr 09 10:34:59 UTC 2008",
 "updated_at": "Sat May 24 01:57:36 UTC 2008",
 "overview": "\u003Cp\u003EAcme Mobile is Southeast Asia\u0026#8217;s leading distributor of mobile entertainment content. Headquartered in Singapore and with offices in Bangkok and Manila, Acme Mobile offers three distinct distribution options to its partners:\u003C/p\u003E\n\n\u003Cul\u003E\n\u003Cli\u003E\u003Cp\u003ETraditional B2B distribution via carrier decks and 3rd-party portals, covering some 12 Asian countries and more than 60 live channels\u003C/p\u003E\u003C/li\u003E\n\u003Cli\u003E\u003Cp\u003EDirect to consumer via its family of \u0026#8220;Amob.com\u0026#8221; web and WAP sites (www.amob.com and wap.amob.com), across 6 Southeast Asian countries, covering 18 carriers and reaching over 250 million mobile subscribers in local language formats\u003C/p\u003E\u003C/li\u003E\n\u003Cli\u003E\u003Cp\u003ECustom delivery solutions, such as branded \u0026#8220;white label\u0026#8221; storefronts, mobile marketing campaigns and ad hoc delivery.\u003C/p\u003E\u003C/li\u003E\n\u003C/ul\u003E\n\n\u003Cp\u003EAcme Mobile works with such leading brands as EA Mobile, Glu, THQ Wireless, Eidos Mobile, Vivendi Games Mobile, MTV Asia, the Barclays Premiere League and many more.\u003C/p\u003E",
 "image":
  {"available_sizes":
    [[[150,
       73],
      "http://api-images.crunchbase.com/assets/images/resized/0001/7086/17086v1-max-150x150.jpg"],
     [[250,
       122],
      "http://api-images.crunchbase.com/assets/images/resized/0001/7086/17086v1-max-250x250.jpg"],
     [[450,
       219],
      "http://api-images.crunchbase.com/assets/images/resized/0001/7086/17086v1-max-450x450.jpg"]],
   "attribution": null},
 "products":
  [],
 "relationships":
  [{"is_past": true,
    "title": "Founder/CEO",
    "person":
     {"first_name": "Paul",
      "last_name": "Meyers",
      "permalink": "paul-meyers-2"}}],
 "competitions":
  [],
 "providerships":
  [],
 "total_money_raised": "$0",
 "funding_rounds":
  [],
 "investments":
  [],
 "acquisition": null,
 "acquisitions":
  [],
 "offices":
  [{"description": null,
    "address1": "50 B Tras Street",
    "address2": "",
    "zip_code": "078989",
    "city": "Singapore",
    "state_code": null,
    "country_code": "SGP",
    "latitude": 1.278031,
    "longitude": 103.84435}],
 "milestones":
  [],
 "ipo": null,
 "video_embeds":
  [],
 "screenshots":
  [],
 "external_links":
  [],
 "partners":
  []}
