{"name": "Acquity Group",
 "permalink": "acquity-group",
 "crunchbase_url": "http://www.crunchbase.com/company/acquity-group",
 "homepage_url": "http://www.acquitygroup.com",
 "blog_url": "http://acquitygroupblog.com/",
 "blog_feed_url": "",
 "twitter_username": "acquitygroup",
 "category_code": "ecommerce",
 "number_of_employees": 500,
 "founded_year": 2001,
 "founded_month": 3,
 "founded_day": null,
 "deadpooled_year": null,
 "deadpooled_month": null,
 "deadpooled_day": null,
 "deadpooled_url": null,
 "tag_list": "web-strategy, technology, user-experience, graphic-design",
 "alias_list": null,
 "email_address": "info@acquitygroup.com",
 "phone_number": "312.427.2470",
 "description": "Digital Services Agency",
 "created_at": "Sat May 24 19:37:27 UTC 2008",
 "updated_at": "Fri Jan 31 13:05:24 UTC 2014",
 "overview": "\u003Cp\u003EAcquity Group (NYSE MKT: AQ) is a leading Brand eCommerce\u2122 and digital marketing company that leverages cross-channel digital platforms to enhance our clients\u0026#8217; brand experiences and eCommerce performance.\u003C/p\u003E\n\n\u003Cp\u003EAs a digital partner for global brands, we offer a multi-disciplinary approach that brings together strategy, design, and technology to create brand-unique experiences. Acquity\u0026#8217;s expertise and multinational capabilities have enabled her to serve more than 600 global organizations.\u003C/p\u003E\n\n\u003Cp\u003EThey have offices in thirteen cities in the United States and three offices in Asia. Our global strategy involves the introduction of global brands to the largest emerging consumer markets such as China as well as selectively working with top regional brands to globalize and expand into the international markets.\u003C/p\u003E",
 "image":
  {"available_sizes":
    [[[150,
       26],
      "http://api-images.crunchbase.com/assets/images/resized/0001/9488/19488v15-max-150x150.jpg"],
     [[250,
       44],
      "http://api-images.crunchbase.com/assets/images/resized/0001/9488/19488v15-max-250x250.jpg"],
     [[256,
       46],
      "http://api-images.crunchbase.com/assets/images/resized/0001/9488/19488v15-max-450x450.jpg"]],
   "attribution": null},
 "products":
  [],
 "relationships":
  [{"is_past": false,
    "title": "Co - Founder \u0026 CFO",
    "person":
     {"first_name": "Paul",
      "last_name": "Weinewuth",
      "permalink": "paul-weinewuth"}},
   {"is_past": false,
    "title": "Co - Founder \u0026 CEO",
    "person":
     {"first_name": "Chris",
      "last_name": "Dalton",
      "permalink": "chris-dalton"}},
   {"is_past": false,
    "title": "Co - Founder \u0026 CMO",
    "person":
     {"first_name": "Matt",
      "last_name": "Schmeltz",
      "permalink": "matt-schmeltz"}},
   {"is_past": false,
    "title": "Executive Vice President of Global Business Development",
    "person":
     {"first_name": "Ray",
      "last_name": "Grady",
      "permalink": "ray-grady"}},
   {"is_past": false,
    "title": "Vice President, Territory Lead",
    "person":
     {"first_name": "Rob",
      "last_name": "Milstead",
      "permalink": "rob-milstead"}},
   {"is_past": false,
    "title": "Vice President \u0026 Group Lead",
    "person":
     {"first_name": "Chip",
      "last_name": "Knicker",
      "permalink": "chip-knicker"}},
   {"is_past": false,
    "title": "Vice President",
    "person":
     {"first_name": "Chris",
      "last_name": "Hauca",
      "permalink": "chris-hauca"}},
   {"is_past": false,
    "title": "Vice President, Internal Accounting Operations \u0026 Financial Reporting",
    "person":
     {"first_name": "Todd",
      "last_name": "Getz",
      "permalink": "todd-getz"}},
   {"is_past": false,
    "title": "Vice President, Human Resources",
    "person":
     {"first_name": "Tammy",
      "last_name": "Crosby",
      "permalink": "tammy-crosby"}},
   {"is_past": false,
    "title": "Vice President",
    "person":
     {"first_name": "Tony",
      "last_name": "Bailey",
      "permalink": "tony-bailey"}},
   {"is_past": false,
    "title": "Senior Vice President",
    "person":
     {"first_name": "Robert",
      "last_name": "Barr",
      "permalink": "robert-barr"}},
   {"is_past": false,
    "title": "Senior Vice President",
    "person":
     {"first_name": "Mark",
      "last_name": "Joseph",
      "permalink": "mark-joseph"}},
   {"is_past": false,
    "title": "Executive Vice President, Global Sales",
    "person":
     {"first_name": "Andy",
      "last_name": "Peebler",
      "permalink": "andy-peebler"}},
   {"is_past": false,
    "title": "RVP",
    "person":
     {"first_name": "Rick",
      "last_name": "Nash",
      "permalink": "rick-nash"}},
   {"is_past": false,
    "title": "President, North American Services organization",
    "person":
     {"first_name": "Jay",
      "last_name": "Dettling",
      "permalink": "jay-dettling"}},
   {"is_past": false,
    "title": "Senior Vice President, Business Development \u0026 Professional Services",
    "person":
     {"first_name": "Kevin",
      "last_name": "Doohan",
      "permalink": "kevin-doohan"}},
   {"is_past": false,
    "title": "Vice President",
    "person":
     {"first_name": "Stephen",
      "last_name": "Bernstein",
      "permalink": "stephen-bernstein"}},
   {"is_past": false,
    "title": "Vice President, Enterprise Architecture, Business Process Management, CRM, \u0026 Technology",
    "person":
     {"first_name": "Bob",
      "last_name": "Gingras",
      "permalink": "bob-gingras"}},
   {"is_past": false,
    "title": "Executive Creative Director",
    "person":
     {"first_name": "Tim",
      "last_name": "Irvine",
      "permalink": "tim-irvine"}},
   {"is_past": false,
    "title": "VP, Senior Client Partner",
    "person":
     {"first_name": "Tom",
      "last_name": "Nawara",
      "permalink": "tom-nawara"}},
   {"is_past": false,
    "title": "Executive Vice President, Operations",
    "person":
     {"first_name": "Jim",
      "last_name": "Newman",
      "permalink": "jim-newman"}},
   {"is_past": false,
    "title": "Senior Vice President, Human Resources",
    "person":
     {"first_name": "Karen",
      "last_name": "Jackson",
      "permalink": "karen-jackson"}},
   {"is_past": false,
    "title": "Vice President, Shared Services",
    "person":
     {"first_name": "Kevin",
      "last_name": "Ellenwood",
      "permalink": "kevin-ellenwood"}},
   {"is_past": false,
    "title": "Vice President, Staffing \u0026 Operations",
    "person":
     {"first_name": "Rich",
      "last_name": "Houle",
      "permalink": "rich-houle"}},
   {"is_past": false,
    "title": "Vice President",
    "person":
     {"first_name": "Paul",
      "last_name": "McMahon",
      "permalink": "paul-mcmahon"}},
   {"is_past": true,
    "title": "EVP, Global Business Development",
    "person":
     {"first_name": "Ray",
      "last_name": "Grady",
      "permalink": "ray-grady"}},
   {"is_past": true,
    "title": "Executive Vice President / Senior Vice President / Senior Client Partner",
    "person":
     {"first_name": "Jay",
      "last_name": "Dettling",
      "permalink": "jay-dettling"}},
   {"is_past": true,
    "title": "Senior Front-End Developer",
    "person":
     {"first_name": "Dave",
      "last_name": "Quintana",
      "permalink": "dave-quintana"}},
   {"is_past": true,
    "title": "Director of Consulting Services",
    "person":
     {"first_name": "Greg",
      "last_name": "Aimone",
      "permalink": "greg-aimone"}},
   {"is_past": true,
    "title": "Engagement Manager",
    "person":
     {"first_name": "Kevin",
      "last_name": "Owens",
      "permalink": "kevin-owens-2"}},
   {"is_past": true,
    "title": "Enterprise Architect",
    "person":
     {"first_name": "Josh",
      "last_name": "Jacobs",
      "permalink": "josh-jacobs"}}],
 "competitions":
  [{"competitor":
     {"name": "Adam Gottbetter \u0026 Co. INT",
      "permalink": "adam-gottbetter-co-int"}},
   {"competitor":
     {"name": "Adam Gottbetter \u0026 Co. INT",
      "permalink": "adam-gottbetter-co-int"}}],
 "providerships":
  [{"title": "Public Relations",
    "is_past": false,
    "provider":
     {"name": "Walker Sands Communications",
      "permalink": "walker-sands-communications"}}],
 "total_money_raised": "$0",
 "funding_rounds":
  [],
 "investments":
  [],
 "acquisition":
  {"price_amount": 316000000.0,
   "price_currency_code": "USD",
   "term_code": null,
   "source_url": "http://pulse2.com/2013/05/18/accenture-buying-acquity-group-for-316-million-86190/",
   "source_description": "Accenture Plc (ACN) Acquires E-Commerce Company Acquity Group For $316 Million",
   "acquired_year": 2013,
   "acquired_month": 5,
   "acquired_day": 19,
   "acquiring_company":
    {"name": "Accenture",
     "permalink": "accenture"}},
 "acquisitions":
  [],
 "offices":
  [{"description": null,
    "address1": "500 West Madison Street",
    "address2": "",
    "zip_code": "60606",
    "city": "Chicago",
    "state_code": "IL",
    "country_code": "USA",
    "latitude": 41.881876,
    "longitude": -87.639713}],
 "milestones":
  [],
 "ipo": null,
 "video_embeds":
  [],
 "screenshots":
  [{"available_sizes":
     [[[150,
        93],
       "http://api-images.crunchbase.com/assets/images/resized/0004/8435/48435v1-max-150x150.png"],
      [[250,
        155],
       "http://api-images.crunchbase.com/assets/images/resized/0004/8435/48435v1-max-250x250.png"],
      [[450,
        280],
       "http://api-images.crunchbase.com/assets/images/resized/0004/8435/48435v1-max-450x450.png"]],
    "attribution": null}],
 "external_links":
  [],
 "partners":
  []}
