{"name": "Acrux Ads",
 "permalink": "acrux-ads",
 "crunchbase_url": "http://www.crunchbase.com/company/acrux-ads",
 "homepage_url": "http://www.acruxads.com",
 "blog_url": "",
 "blog_feed_url": "",
 "twitter_username": null,
 "category_code": "advertising",
 "number_of_employees": 5,
 "founded_year": 2008,
 "founded_month": 1,
 "founded_day": null,
 "deadpooled_year": null,
 "deadpooled_month": null,
 "deadpooled_day": null,
 "deadpooled_url": null,
 "tag_list": "advertising, marketing, ppc, cpm, self-service-advertising, web-services",
 "alias_list": "",
 "email_address": "Acrux.Ads@acruxads.com",
 "phone_number": "608-772-2185",
 "description": "Advertising Network",
 "created_at": "Tue Dec 02 21:44:57 UTC 2008",
 "updated_at": "Fri Jan 15 00:10:56 UTC 2010",
 "overview": "\u003Cp\u003EAcrux Ads is a self-service advertising provider. \u003C/p\u003E\n\n\u003Cp\u003EThe company provides clients with an ad creator program, where they can sell their own ads.\u003C/p\u003E\n\n\u003Cp\u003EThey have a marketplace for advertisers to pick and choose websites where they would like to promote their products or services. Acrux Ads also features free advertising for our smaller clients trying to reach out to national advertisers. \u003C/p\u003E",
 "image":
  {"available_sizes":
    [[[150,
       37],
      "http://api-images.crunchbase.com/assets/images/resized/0003/0745/30745v2-max-150x150.jpg"],
     [[250,
       61],
      "http://api-images.crunchbase.com/assets/images/resized/0003/0745/30745v2-max-250x250.jpg"],
     [[450,
       111],
      "http://api-images.crunchbase.com/assets/images/resized/0003/0745/30745v2-max-450x450.jpg"]],
   "attribution": null},
 "products":
  [],
 "relationships":
  [],
 "competitions":
  [],
 "providerships":
  [],
 "total_money_raised": "$0",
 "funding_rounds":
  [],
 "investments":
  [],
 "acquisition": null,
 "acquisitions":
  [],
 "offices":
  [],
 "milestones":
  [],
 "ipo": null,
 "video_embeds":
  [],
 "screenshots":
  [{"available_sizes":
     [[[150,
        73],
       "http://api-images.crunchbase.com/assets/images/resized/0007/3330/73330v2-max-150x150.jpg"],
      [[250,
        122],
       "http://api-images.crunchbase.com/assets/images/resized/0007/3330/73330v2-max-250x250.jpg"],
      [[450,
        220],
       "http://api-images.crunchbase.com/assets/images/resized/0007/3330/73330v2-max-450x450.jpg"]],
    "attribution": null}],
 "external_links":
  [],
 "partners":
  []}
