{"name": "ACS",
 "permalink": "acs",
 "crunchbase_url": "http://www.crunchbase.com/company/acs",
 "homepage_url": null,
 "blog_url": null,
 "blog_feed_url": null,
 "twitter_username": null,
 "category_code": null,
 "number_of_employees": null,
 "founded_year": null,
 "founded_month": null,
 "founded_day": null,
 "deadpooled_year": null,
 "deadpooled_month": null,
 "deadpooled_day": null,
 "deadpooled_url": null,
 "tag_list": "",
 "alias_list": null,
 "email_address": null,
 "phone_number": null,
 "description": null,
 "created_at": "Thu Aug 07 22:11:49 UTC 2008",
 "updated_at": "Fri Feb 01 04:49:42 UTC 2013",
 "overview": "\u003Cp\u003EACS is a company with a passion for making other people happy. This can include consumers, clients, the guy at the grocery store, and even those difficult-to-please investors. They share enthusiasm for great products, killer marketing, and companies that are willing to put the effort into truly doing things right. Since its start, they have always strived to make sure the work they do is top-notch and so far ACS has made a lot of friends that way.\u003C/p\u003E\n\n\u003Cp\u003EAll of this passion has translated into our company culture and sometimes we feel a bit schizophrenic. ACS is developing its own products, running popular blogs, and providing services that cover the entire realm of online marketing. Most people would say it\u0026#8217;s better to focus on just one thing but in fact ACS has realized that gaining experience and expertise in all these areas is what creates value for the customers.\u003C/p\u003E",
 "image":
  {"available_sizes":
    [[[150,
       150],
      "http://api-images.crunchbase.com/assets/images/resized/0003/4225/34225v2-max-150x150.jpg"],
     [[250,
       250],
      "http://api-images.crunchbase.com/assets/images/resized/0003/4225/34225v2-max-250x250.jpg"],
     [[258,
       258],
      "http://api-images.crunchbase.com/assets/images/resized/0003/4225/34225v2-max-450x450.jpg"]],
   "attribution": null},
 "products":
  [],
 "relationships":
  [{"is_past": false,
    "title": "Partner",
    "person":
     {"first_name": "Krutal",
      "last_name": "Desai",
      "permalink": "krutal-desai"}},
   {"is_past": false,
    "title": "Member",
    "person":
     {"first_name": "N.S.",
      "last_name": "(Vichu) Viswanathan",
      "permalink": "n-s-vichu-viswanathan"}},
   {"is_past": false,
    "title": "President",
    "person":
     {"first_name": "Tyler",
      "last_name": "Prochnow",
      "permalink": "tyler-prochnow"}},
   {"is_past": true,
    "title": "CEO",
    "person":
     {"first_name": "Jeffrey",
      "last_name": "Rich",
      "permalink": "jeffrey-rich"}},
   {"is_past": true,
    "title": "Chief Financial Officer",
    "person":
     {"first_name": "Jeffrey",
      "last_name": "Rich",
      "permalink": "jeffrey-rich"}},
   {"is_past": true,
    "title": "VP, Network Sales \u0026 Advisory Services",
    "person":
     {"first_name": "Dieter",
      "last_name": "Thompson",
      "permalink": "dieter-thompson"}},
   {"is_past": true,
    "title": "VP, R\u0026D",
    "person":
     {"first_name": "Mike",
      "last_name": "Clayman",
      "permalink": "mike-clayman"}},
   {"is_past": true,
    "title": "Software Engineer",
    "person":
     {"first_name": "Arnold",
      "last_name": "Gelacio",
      "permalink": "arnold-gelacio"}},
   {"is_past": true,
    "title": "Director, Network Operations / Senior Manager, Advisory Services",
    "person":
     {"first_name": "Chris",
      "last_name": "Gruenewald",
      "permalink": "chris-gruenewald"}},
   {"is_past": true,
    "title": "Product Manager",
    "person":
     {"first_name": "Peter",
      "last_name": "Danzig",
      "permalink": "peter-danzig"}},
   {"is_past": true,
    "title": "HR Management Positions",
    "person":
     {"first_name": "Susan",
      "last_name": "Leonard",
      "permalink": "susan-leonard"}},
   {"is_past": true,
    "title": "Board of Director",
    "person":
     {"first_name": "Robert",
      "last_name": "Capizzi",
      "permalink": "robert-capizzi"}},
   {"is_past": true,
    "title": "Software Quality Assurance Manager",
    "person":
     {"first_name": "Stephen",
      "last_name": "Moulton",
      "permalink": "stephen-moulton"}},
   {"is_past": true,
    "title": "President and Chief Operating Officer",
    "person":
     {"first_name": "Jeffrey",
      "last_name": "Rich",
      "permalink": "jeffrey-rich"}},
   {"is_past": true,
    "title": "Technical Project Manager",
    "person":
     {"first_name": "Heinz",
      "last_name": "Bircher-Nagy",
      "permalink": "heinz-bircher-nagy"}},
   {"is_past": true,
    "title": "Clinical , Sales Positions",
    "person":
     {"first_name": "Rita",
      "last_name": "Jacob",
      "permalink": "rita-jacob"}}],
 "competitions":
  [],
 "providerships":
  [],
 "total_money_raised": "$0",
 "funding_rounds":
  [],
 "investments":
  [],
 "acquisition": null,
 "acquisitions":
  [],
 "offices":
  [],
 "milestones":
  [],
 "ipo": null,
 "video_embeds":
  [],
 "screenshots":
  [],
 "external_links":
  [{"external_url": "http://www.acsseo.com",
    "title": ""}],
 "partners":
  []}
