{"name": "Actacell",
 "permalink": "actacell",
 "crunchbase_url": "http://www.crunchbase.com/company/actacell",
 "homepage_url": "http://www.actacell.com",
 "blog_url": "",
 "blog_feed_url": "",
 "twitter_username": null,
 "category_code": "cleantech",
 "number_of_employees": null,
 "founded_year": null,
 "founded_month": null,
 "founded_day": null,
 "deadpooled_year": null,
 "deadpooled_month": null,
 "deadpooled_day": null,
 "deadpooled_url": null,
 "tag_list": "cleantech, litium-ion, batteries, google, dfj-mercury, applied-ventures, rechargeit",
 "alias_list": null,
 "email_address": "info@actacell.com",
 "phone_number": "512.834.8600",
 "description": null,
 "created_at": "Wed Sep 24 02:40:57 UTC 2008",
 "updated_at": "Thu Aug 22 19:39:00 UTC 2013",
 "overview": "\u003Cp\u003EActaCell, Inc. is an Austin-based technology start-up commercializing lithium-ion battery technology developed in the Material Science and Engineering lab at The University of Texas at Austin. This new technology is focused on delivering substantially longer cycle life at low cost while maintaining safety as the number one priority. The Material Science and Engineering program at the University of Texas has a long history of innovation in lithium ion chemistries. \u003C/p\u003E\n\n\u003Cp\u003EThe company announced on July 200, 2008 that it secured $5.8 million in Series A financing. DFJ Mercury led the round with syndicate investment from Google.org\u0026#8217;s RechargeIT program, Applied Ventures, LLC, the venture capital arm of Applied Materials, Inc. and Good Energies. The proceeds from the Series A financing will be used to hire key technical talent and to further develop ActaCell\u0026#8217;s lithium-ion battery technology for commercial purposes. \u003C/p\u003E",
 "image":
  {"available_sizes":
    [[[150,
       44],
      "http://api-images.crunchbase.com/assets/images/resized/0002/5553/25553v2-max-150x150.png"],
     [[250,
       74],
      "http://api-images.crunchbase.com/assets/images/resized/0002/5553/25553v2-max-250x250.png"],
     [[290,
       86],
      "http://api-images.crunchbase.com/assets/images/resized/0002/5553/25553v2-max-450x450.png"]],
   "attribution": null},
 "products":
  [],
 "relationships":
  [{"is_past": false,
    "title": "President and CEO",
    "person":
     {"first_name": "Bill",
      "last_name": "Ott",
      "permalink": "bill-ott"}},
   {"is_past": false,
    "title": "Board Member",
    "person":
     {"first_name": "Ned",
      "last_name": "Hill",
      "permalink": "ned-hill"}},
   {"is_past": true,
    "title": "Executive Advisor",
    "person":
     {"first_name": "Donald",
      "last_name": "Runkle",
      "permalink": "donald-runkle"}},
   {"is_past": true,
    "title": "Board Observer",
    "person":
     {"first_name": "Robert",
      "last_name": "W. Shaw, Jr",
      "permalink": "robert-w-shaw-jr"}}],
 "competitions":
  [],
 "providerships":
  [],
 "total_money_raised": "$9.8M",
 "funding_rounds":
  [{"id": 3491,
    "round_code": "a",
    "source_url": "http://www.actacell.com/pressrelease",
    "source_description": "ActaCell Closes $5.8 Million Series A Financing; Investment Consortium Led By DFJ Mercury Includes Google.org, Applied Ventures and Good Energies ",
    "raised_amount": 5800000.0,
    "raised_currency_code": "USD",
    "funded_year": 2008,
    "funded_month": 7,
    "funded_day": 22,
    "investments":
     [{"company": null,
       "financial_org":
        {"name": "Applied Ventures",
         "permalink": "applied-ventures"},
       "person": null},
      {"company":
        {"name": "Google",
         "permalink": "google"},
       "financial_org": null,
       "person": null},
      {"company": null,
       "financial_org":
        {"name": "Good Energies",
         "permalink": "good-energies"},
       "person": null},
      {"company": null,
       "financial_org":
        {"name": "Mercury Fund",
         "permalink": "mercury-fund"},
       "person": null}]},
   {"id": 9467,
    "round_code": "seed",
    "source_url": "http://earth2tech.com/2009/11/10/battery-startup-actacell-lassos-cool-1m-from-texas/",
    "source_description": "earth2tech",
    "raised_amount": 1000000.0,
    "raised_currency_code": "USD",
    "funded_year": 2009,
    "funded_month": 11,
    "funded_day": 10,
    "investments":
     [{"company": null,
       "financial_org":
        {"name": "The Texas Emerging Technology Fund",
         "permalink": "the-texas-emerging-technology-fund"},
       "person": null}]},
   {"id": 20705,
    "round_code": "grant",
    "source_url": "http://www.freshnews.com/news/431243/actacell-awarded-3-million-from-the-u-s-department-of-commerce-s-national-institute-of-",
    "source_description": "ActaCell Awarded $3 Million From The U.S. Department Of Commerce\u00e2\u20ac\u2122s National Institute Of Standards And Technology",
    "raised_amount": 3000000.0,
    "raised_currency_code": "USD",
    "funded_year": 2010,
    "funded_month": 12,
    "funded_day": 29,
    "investments":
     []}],
 "investments":
  [],
 "acquisition":
  {"price_amount": null,
   "price_currency_code": "USD",
   "term_code": null,
   "source_url": "http://gigaom.com/cleantech/battery-startups-join-forces-contour-acquires-actacell/",
   "source_description": "Battery startups join forces: Contour acquires ActaCell",
   "acquired_year": 2012,
   "acquired_month": 9,
   "acquired_day": 6,
   "acquiring_company":
    {"name": "Contour Energy Systems",
     "permalink": "contour-energy-systems"}},
 "acquisitions":
  [],
 "offices":
  [{"description": "",
    "address1": "ActaCell, Inc. 2105 Donley Drive Suite 200",
    "address2": "",
    "zip_code": "78758",
    "city": "Austin",
    "state_code": "TX",
    "country_code": "USA",
    "latitude": null,
    "longitude": null}],
 "milestones":
  [],
 "ipo": null,
 "video_embeds":
  [],
 "screenshots":
  [],
 "external_links":
  [{"external_url": "http://earth2tech.com/2008/07/23/battery-startup-actacell-charges-up-with-google-dfj/",
    "title": "Battery Startup ActaCell Charges Up with Google, DFJ"},
   {"external_url": "http://news.cnet.com/8301-11128_3-9997926-54.html",
    "title": "Google philanthropy funds Aptera and ActaCell"}],
 "partners":
  []}
