{"name": "Activision Blizzard",
 "permalink": "activision",
 "crunchbase_url": "http://www.crunchbase.com/company/activision",
 "homepage_url": "http://www.activision.com",
 "blog_url": "",
 "blog_feed_url": "",
 "twitter_username": null,
 "category_code": "games_video",
 "number_of_employees": null,
 "founded_year": 1991,
 "founded_month": 5,
 "founded_day": 8,
 "deadpooled_year": null,
 "deadpooled_month": null,
 "deadpooled_day": null,
 "deadpooled_url": null,
 "tag_list": "",
 "alias_list": "",
 "email_address": "",
 "phone_number": "",
 "description": "video game developer and publisher",
 "created_at": "Wed May 07 01:26:07 UTC 2008",
 "updated_at": "Thu Nov 14 08:59:59 UTC 2013",
 "overview": "\u003Cp\u003EActivision (NASDAQ: ATVI) is an American video game developer and publisher. It was the first independent developer and distributor of video games for gaming consoles.\u003C/p\u003E",
 "image":
  {"available_sizes":
    [[[144,
       45],
      "http://api-images.crunchbase.com/assets/images/resized/0002/1792/21792v1-max-150x150.png"],
     [[144,
       45],
      "http://api-images.crunchbase.com/assets/images/resized/0002/1792/21792v1-max-250x250.png"],
     [[144,
       45],
      "http://api-images.crunchbase.com/assets/images/resized/0002/1792/21792v1-max-450x450.png"]],
   "attribution": null},
 "products":
  [],
 "relationships":
  [{"is_past": false,
    "title": "CEO of Guitar Hero Division",
    "person":
     {"first_name": "Dan",
      "last_name": "Rosensweig",
      "permalink": "dan-rosensweig"}},
   {"is_past": false,
    "title": "Chief Legal Officer of Activision Blizzard",
    "person":
     {"first_name": "Chris",
      "last_name": "Walther",
      "permalink": "chris-walther"}},
   {"is_past": false,
    "title": "Chief Customer Officer of Activision Blizzard",
    "person":
     {"first_name": "Brian",
      "last_name": "Hodous",
      "permalink": "brian-hodous"}},
   {"is_past": false,
    "title": "President and Chief Executive Officer of Blizzard Entertainment",
    "person":
     {"first_name": "Michael",
      "last_name": "Morhaime",
      "permalink": "michael-morhaime"}},
   {"is_past": false,
    "title": "President and Chief Executive Officer of Activision Blizzard",
    "person":
     {"first_name": "Robert",
      "last_name": "Kotick",
      "permalink": "robert-kotick"}},
   {"is_past": false,
    "title": "Studio Head, Beachhead Studio",
    "person":
     {"first_name": "John",
      "last_name": "Linden",
      "permalink": "john-linden"}},
   {"is_past": false,
    "title": "Chief Financial Officer and Chief Corporate Officer of Activision Blizzard",
    "person":
     {"first_name": "Thomas",
      "last_name": "Tippl",
      "permalink": "thomas-tippl"}},
   {"is_past": false,
    "title": "Systems Engineer",
    "person":
     {"first_name": "Erik",
      "last_name": "Chan",
      "permalink": "erik-chan"}},
   {"is_past": false,
    "title": "Team Member",
    "person":
     {"first_name": "Daniel",
      "last_name": "Nichols",
      "permalink": "daniel-nichols-2"}},
   {"is_past": false,
    "title": "President and Chief Executive Officer of Activision Publishing",
    "person":
     {"first_name": "Michael",
      "last_name": "J. Griffith",
      "permalink": "michael-j-griffith"}},
   {"is_past": false,
    "title": "Chief Human Resources Officer of Activision Blizzard",
    "person":
     {"first_name": "Ann",
      "last_name": "Weiser",
      "permalink": "ann-weiser"}},
   {"is_past": false,
    "title": "Product Marketing",
    "person":
     {"first_name": "Jung",
      "last_name": "Suh",
      "permalink": "jung-suh"}},
   {"is_past": true,
    "title": "Vice Chairman",
    "person":
     {"first_name": "Bruce",
      "last_name": "Hack",
      "permalink": "bruce-hack"}},
   {"is_past": true,
    "title": "Chief legal Officer/General Coounsel",
    "person":
     {"first_name": "George",
      "last_name": "Rose",
      "permalink": "george-rose"}},
   {"is_past": true,
    "title": "CTO - Beachhead Studio",
    "person":
     {"first_name": "John",
      "last_name": "Linden",
      "permalink": "john-linden"}},
   {"is_past": true,
    "title": "Senior Vice President",
    "person":
     {"first_name": "Will",
      "last_name": "Kassoy",
      "permalink": "will-kassoy-2"}},
   {"is_past": true,
    "title": "VP/Director Bisiness + Legal",
    "person":
     {"first_name": "George",
      "last_name": "Rose",
      "permalink": "george-rose"}},
   {"is_past": true,
    "title": "Producer",
    "person":
     {"first_name": "Jason",
      "last_name": "Kay",
      "permalink": "jason-kay"}},
   {"is_past": true,
    "title": "Advisor to the Board of Directors",
    "person":
     {"first_name": "Ron",
      "last_name": "Doornink",
      "permalink": "ron-doornink"}},
   {"is_past": true,
    "title": "Lead Game Designer",
    "person":
     {"first_name": "Eric Giz",
      "last_name": "Gewirtz",
      "permalink": "eric-gewirtz"}},
   {"is_past": true,
    "title": "Lead Game Designer",
    "person":
     {"first_name": "Kyle",
      "last_name": "Brink",
      "permalink": "kyle-brink"}},
   {"is_past": true,
    "title": "Producer",
    "person":
     {"first_name": "Darion",
      "last_name": "Lowenstein",
      "permalink": "darion-lowenstein"}},
   {"is_past": true,
    "title": "Chief Public Policy Officer of Activision Blizzard",
    "person":
     {"first_name": "George",
      "last_name": "Rose",
      "permalink": "george-rose"}},
   {"is_past": true,
    "title": "Director",
    "person":
     {"first_name": "Trey",
      "last_name": "Watkins",
      "permalink": "trey-watkins"}},
   {"is_past": true,
    "title": "Producer",
    "person":
     {"first_name": "Greg",
      "last_name": "Borrud",
      "permalink": "greg-borrud"}},
   {"is_past": true,
    "title": "Community Manager",
    "person":
     {"first_name": "Ingrid",
      "last_name": "Vining",
      "permalink": "ingrid-vining"}}],
 "competitions":
  [],
 "providerships":
  [{"title": "",
    "is_past": false,
    "provider":
     {"name": "Sandbox Strategies",
      "permalink": "sandbox-strategies"}}],
 "total_money_raised": "$0",
 "funding_rounds":
  [],
 "investments":
  [],
 "acquisition": null,
 "acquisitions":
  [{"price_amount": null,
    "price_currency_code": "USD",
    "term_code": null,
    "source_url": "",
    "source_description": "Capital Report Index",
    "acquired_year": 2009,
    "acquired_month": 4,
    "acquired_day": 6,
    "company":
     {"name": "California 7 Studios",
      "permalink": "california-7-studios"}},
   {"price_amount": null,
    "price_currency_code": "USD",
    "term_code": null,
    "source_url": "http://investor.activision.com/releasedetail.cfm?ReleaseID=346618",
    "source_description": "Activision Publishing Acquires Budcat Creations",
    "acquired_year": 2008,
    "acquired_month": 11,
    "acquired_day": 10,
    "company":
     {"name": "Budcat Creations",
      "permalink": "budcat-creations"}},
   {"price_amount": 13000000.0,
    "price_currency_code": "EUR",
    "term_code": null,
    "source_url": "http://www.gamesindustry.biz/articles/activision-confirms-demonware-acquisition",
    "source_description": "Activision confirms Demonware acquisition",
    "acquired_year": 2007,
    "acquired_month": null,
    "acquired_day": null,
    "company":
     {"name": "DemonWare",
      "permalink": "demonware"}}],
 "offices":
  [{"description": "",
    "address1": "3100 Ocean Park Blvd",
    "address2": "",
    "zip_code": "90405",
    "city": "Santa Monica",
    "state_code": "CA",
    "country_code": "USA",
    "latitude": 34.019536,
    "longitude": -118.452449}],
 "milestones":
  [{"id": 3495,
    "description": "On December 3rd, 2007, Activision and Blizzard merged, becoming Activision Blizzard. The deal was valued at $18.8 B",
    "stoned_year": 2007,
    "stoned_month": 12,
    "stoned_day": 3,
    "source_url": "http://www.neowin.net/news/gamers/07/12/03/blizzard-and-activision-merge",
    "source_text": "",
    "source_description": "Blizzard and Activision Merge",
    "stoneable_type": "Company",
    "stoned_value": null,
    "stoned_value_type": null,
    "stoned_acquirer": null,
    "stoneable":
     {"name": "Activision Blizzard",
      "permalink": "activision"}},
   {"id": 37251,
    "description": "Activision plans to buy Vivendi stake for $8.17B",
    "stoned_year": 2013,
    "stoned_month": 7,
    "stoned_day": 26,
    "source_url": "http://www.marketwatch.com/story/activision-plans-to-buy-vivendi-stake-for-817b-2013-07-26?mod=latestnews\u0026link=sfmw",
    "source_text": "",
    "source_description": "Activision plans to buy Vivendi stake for $8.17B",
    "stoneable_type": "Company",
    "stoned_value": null,
    "stoned_value_type": null,
    "stoned_acquirer": null,
    "stoneable":
     {"name": "Activision Blizzard",
      "permalink": "activision"}},
   {"id": 39753,
    "description": "Activision Blizzard Gets $2.5 Billion Term Loan",
    "stoned_year": 2013,
    "stoned_month": 9,
    "stoned_day": 16,
    "source_url": "http://www.socaltech.com/activision_blizzard_gets____billion_term_loan/s-0051364.html",
    "source_text": "",
    "source_description": "Activision Blizzard Gets $2.5 Billion Term Loan",
    "stoneable_type": "Company",
    "stoned_value": null,
    "stoned_value_type": null,
    "stoned_acquirer": null,
    "stoneable":
     {"name": "Activision Blizzard",
      "permalink": "activision"}}],
 "ipo":
  {"valuation_amount": null,
   "valuation_currency_code": "USD",
   "pub_year": 1993,
   "pub_month": 11,
   "pub_day": 5,
   "stock_symbol": "NASDAQ:ATVI"},
 "video_embeds":
  [],
 "screenshots":
  [{"available_sizes":
     [[[150,
        94],
       "http://api-images.crunchbase.com/assets/images/resized/0004/7956/47956v1-max-150x150.png"],
      [[250,
        157],
       "http://api-images.crunchbase.com/assets/images/resized/0004/7956/47956v1-max-250x250.png"],
      [[450,
        283],
       "http://api-images.crunchbase.com/assets/images/resized/0004/7956/47956v1-max-450x450.png"]],
    "attribution": null}],
 "external_links":
  [{"external_url": "http://www.facebook.com/ActivisionAnthology",
    "title": "Facebook Page"}],
 "partners":
  []}
