{"name": "ActiveHire",
 "permalink": "activehire",
 "crunchbase_url": "http://www.crunchbase.com/company/activehire",
 "homepage_url": "http://www.activehire.com",
 "blog_url": "",
 "blog_feed_url": "",
 "twitter_username": "ActiveHire_com",
 "category_code": "search",
 "number_of_employees": null,
 "founded_year": 1999,
 "founded_month": null,
 "founded_day": null,
 "deadpooled_year": null,
 "deadpooled_month": null,
 "deadpooled_day": null,
 "deadpooled_url": null,
 "tag_list": "jobs, resume, search",
 "alias_list": null,
 "email_address": "mail_to@activehire.com",
 "phone_number": "5123279332",
 "description": null,
 "created_at": "Tue Jun 10 18:22:06 UTC 2008",
 "updated_at": "Thu Jun 18 09:15:34 UTC 2009",
 "overview": "\u003Cp\u003EActiveHire offers a full-service job board that currently provides free job posting and free resume posting. \u003C/p\u003E\n\n\u003Cp\u003ECompanies and recruiters may currently post unlimited jobs for free.\u003C/p\u003E\n\n\u003Cp\u003ECandidates may post their resume for free and search jobs for free. \u003C/p\u003E\n\n\u003Cp\u003EActivehire supports automatic notification of matching candidates or matching jobs and many other features.\u003C/p\u003E",
 "image":
  {"available_sizes":
    [[[150,
       38],
      "http://api-images.crunchbase.com/assets/images/resized/0002/0208/20208v2-max-150x150.jpg"],
     [[240,
       61],
      "http://api-images.crunchbase.com/assets/images/resized/0002/0208/20208v2-max-250x250.jpg"],
     [[240,
       61],
      "http://api-images.crunchbase.com/assets/images/resized/0002/0208/20208v2-max-450x450.jpg"]],
   "attribution": null},
 "products":
  [],
 "relationships":
  [],
 "competitions":
  [],
 "providerships":
  [],
 "total_money_raised": "$0",
 "funding_rounds":
  [],
 "investments":
  [],
 "acquisition": null,
 "acquisitions":
  [],
 "offices":
  [{"description": null,
    "address1": "1705 S. Loop 360",
    "address2": "",
    "zip_code": "78746",
    "city": "Austin",
    "state_code": "TX",
    "country_code": "USA",
    "latitude": 30.286622,
    "longitude": -97.826179}],
 "milestones":
  [],
 "ipo": null,
 "video_embeds":
  [],
 "screenshots":
  [{"available_sizes":
     [[[150,
        94],
       "http://api-images.crunchbase.com/assets/images/resized/0004/9339/49339v1-max-150x150.png"],
      [[250,
        156],
       "http://api-images.crunchbase.com/assets/images/resized/0004/9339/49339v1-max-250x250.png"],
      [[450,
        282],
       "http://api-images.crunchbase.com/assets/images/resized/0004/9339/49339v1-max-450x450.png"]],
    "attribution": null}],
 "external_links":
  [],
 "partners":
  []}
