{"name": "ActiveConversion",
 "permalink": "activeconversion",
 "crunchbase_url": "http://www.crunchbase.com/company/activeconversion",
 "homepage_url": "http://www.activeconversion.com",
 "blog_url": "",
 "blog_feed_url": "",
 "twitter_username": "activeconv",
 "category_code": "software",
 "number_of_employees": null,
 "founded_year": null,
 "founded_month": null,
 "founded_day": null,
 "deadpooled_year": null,
 "deadpooled_month": null,
 "deadpooled_day": null,
 "deadpooled_url": null,
 "tag_list": "",
 "alias_list": null,
 "email_address": "sales@activeconversion.com",
 "phone_number": "877-872-2764",
 "description": "SaaS based Marketing Automation ",
 "created_at": "Wed Jun 18 06:10:55 UTC 2008",
 "updated_at": "Tue Jan 31 09:33:41 UTC 2012",
 "overview": "\u003Cp\u003EActiveConversion provides total marketing measurement (TMM) and demand generation services.\u003C/p\u003E",
 "image":
  {"available_sizes":
    [[[150,
       44],
      "http://api-images.crunchbase.com/assets/images/resized/0002/1790/21790v3-max-150x150.jpg"],
     [[150,
       44],
      "http://api-images.crunchbase.com/assets/images/resized/0002/1790/21790v3-max-250x250.jpg"],
     [[150,
       44],
      "http://api-images.crunchbase.com/assets/images/resized/0002/1790/21790v3-max-450x450.jpg"]],
   "attribution": null},
 "products":
  [],
 "relationships":
  [{"is_past": false,
    "title": "Founder and CEO",
    "person":
     {"first_name": "Fred",
      "last_name": "Yee",
      "permalink": "fred-yee"}},
   {"is_past": false,
    "title": "VP BD \u0026 Marketing",
    "person":
     {"first_name": "Terry",
      "last_name": "Sydoryk",
      "permalink": "terry-sydoryk"}},
   {"is_past": true,
    "title": "",
    "person":
     {"first_name": "Ray",
      "last_name": "Yip",
      "permalink": "ray-yip"}}],
 "competitions":
  [],
 "providerships":
  [],
 "total_money_raised": "$0",
 "funding_rounds":
  [],
 "investments":
  [],
 "acquisition": null,
 "acquisitions":
  [],
 "offices":
  [],
 "milestones":
  [{"id": 11669,
    "description": "Jeff Rouse, the new VP Dev \u0026 Support joined in April 2010",
    "stoned_year": 2010,
    "stoned_month": 4,
    "stoned_day": 26,
    "source_url": "",
    "source_text": null,
    "source_description": "",
    "stoneable_type": "Company",
    "stoned_value": null,
    "stoned_value_type": null,
    "stoned_acquirer": null,
    "stoneable":
     {"name": "ActiveConversion",
      "permalink": "activeconversion"}}],
 "ipo": null,
 "video_embeds":
  [],
 "screenshots":
  [{"available_sizes":
     [[[150,
        141],
       "http://api-images.crunchbase.com/assets/images/resized/0011/8487/118487v2-max-150x150.png"],
      [[250,
        235],
       "http://api-images.crunchbase.com/assets/images/resized/0011/8487/118487v2-max-250x250.png"],
      [[450,
        423],
       "http://api-images.crunchbase.com/assets/images/resized/0011/8487/118487v2-max-450x450.png"]],
    "attribution": null}],
 "external_links":
  [],
 "partners":
  []}
