{"name": "Active Online",
 "permalink": "active-online",
 "crunchbase_url": "http://www.crunchbase.com/company/active-online",
 "homepage_url": "http://www.activeonline.ie",
 "blog_url": "http://webdesign.activeonline.ie",
 "blog_feed_url": "http://webdesign.activeonline.ie/feeds/posts/default?alt=rss",
 "twitter_username": "activeonline",
 "category_code": "enterprise",
 "number_of_employees": 6,
 "founded_year": 2000,
 "founded_month": null,
 "founded_day": null,
 "deadpooled_year": null,
 "deadpooled_month": null,
 "deadpooled_day": null,
 "deadpooled_url": null,
 "tag_list": "web-design, web-site-design, internet-marketing, saas, web2-0, ajax, web-development, web-services, ecommerce, ebusiness, ireland, dublin, web-design-ireland, web-site-hosting, new-media, digital-media, internet-services, isp, isv, internet-communication",
 "alias_list": "",
 "email_address": "solutions@activeonline.ie",
 "phone_number": "+35316174886",
 "description": "",
 "created_at": "Thu Nov 27 00:31:04 UTC 2008",
 "updated_at": "Thu Apr 11 12:09:07 UTC 2013",
 "overview": "\u003Cp\u003EActive Online is a small team of experienced Internet marketing and web site development specialists focused on delivering Web 2.0 enabled web sites, building reliable web applications and providing search marketing support services in Ireland.\u003C/p\u003E\n\n\u003Cp\u003EActive Online has been in business since 2000AD. From those early beginnings designing business websites for SMEs, the company has built up a large knowledge base and through an expanded skill set now delivers enterprise class Internet business development services backed by a strong engineering competence.\u003C/p\u003E\n\n\u003Cp\u003EWhile focussing on innovation for it\u0026#8217;s customers, the Active Online also is an Software as a Service (SaaS) developer/provider offering a number of hosted web service to clients worldwide. \u003C/p\u003E",
 "image":
  {"available_sizes":
    [[[114,
       37],
      "http://api-images.crunchbase.com/assets/images/resized/0002/9720/29720v2-max-150x150.jpg"],
     [[114,
       37],
      "http://api-images.crunchbase.com/assets/images/resized/0002/9720/29720v2-max-250x250.jpg"],
     [[114,
       37],
      "http://api-images.crunchbase.com/assets/images/resized/0002/9720/29720v2-max-450x450.jpg"]],
   "attribution": null},
 "products":
  [],
 "relationships":
  [{"is_past": false,
    "title": "CEO",
    "person":
     {"first_name": "Jeremiah",
      "last_name": "Ryan",
      "permalink": "jeremiah-ryan"}},
   {"is_past": true,
    "title": "Operations \u0026 Technical Director",
    "person":
     {"first_name": "Jeremiah",
      "last_name": "Ryan",
      "permalink": "jeremiah-ryan"}}],
 "competitions":
  [{"competitor":
     {"name": "Webtrade",
      "permalink": "webtrade"}},
   {"competitor":
     {"name": "Continuum LLC",
      "permalink": "continuum-llc"}}],
 "providerships":
  [],
 "total_money_raised": "$0",
 "funding_rounds":
  [],
 "investments":
  [],
 "acquisition": null,
 "acquisitions":
  [],
 "offices":
  [{"description": "SPADE Enterprise Centre",
    "address1": "North King Street",
    "address2": "Smithfield",
    "zip_code": "D7",
    "city": "Dublin",
    "state_code": null,
    "country_code": "IRL",
    "latitude": 53.3498195,
    "longitude": -6.2769121}],
 "milestones":
  [],
 "ipo": null,
 "video_embeds":
  [],
 "screenshots":
  [{"available_sizes":
     [[[144,
        150],
       "http://api-images.crunchbase.com/assets/images/resized/0002/9719/29719v2-max-150x150.jpg"],
      [[192,
        200],
       "http://api-images.crunchbase.com/assets/images/resized/0002/9719/29719v2-max-250x250.jpg"],
      [[192,
        200],
       "http://api-images.crunchbase.com/assets/images/resized/0002/9719/29719v2-max-450x450.jpg"]],
    "attribution": null}],
 "external_links":
  [],
 "partners":
  []}
