{"name": "Action Engine",
 "permalink": "actionengine",
 "crunchbase_url": "http://www.crunchbase.com/company/actionengine",
 "homepage_url": "http://www.actionengine.com",
 "blog_url": "http://www.actionengine.com/executive_blog.html",
 "blog_feed_url": "",
 "twitter_username": null,
 "category_code": "mobile",
 "number_of_employees": null,
 "founded_year": 2000,
 "founded_month": 2,
 "founded_day": 1,
 "deadpooled_year": null,
 "deadpooled_month": null,
 "deadpooled_day": null,
 "deadpooled_url": null,
 "tag_list": "mobile",
 "alias_list": "",
 "email_address": "info@actionengine.com",
 "phone_number": "425-498-1500",
 "description": "on-device portal company",
 "created_at": "Tue Jul 24 10:29:23 UTC 2007",
 "updated_at": "Sat Apr 02 03:26:51 UTC 2011",
 "overview": "\u003Cp\u003EAction Engine Corporation operates as an on-device portal company. It offers Mobile Application Platform, a browserless client/server platform, which provides the underlying framework for developing and deploying application packs that provide intuitive and personalized methods for accessing and using content. The company\u0026#8217;s signature solutions include mobile advertising, mobile search, social networking, and mobile entertainment. \u003C/p\u003E\n\n\u003Cp\u003EAction Engine Corporation was founded in 2000 and is based in Bellevue, Washington. As of October 13, 2008, Action Engine Corporation operates as a subsidiary of MobUI, Inc.\u003C/p\u003E",
 "image":
  {"available_sizes":
    [[[150,
       58],
      "http://api-images.crunchbase.com/assets/images/resized/0003/7857/37857v1-max-150x150.jpg"],
     [[178,
       69],
      "http://api-images.crunchbase.com/assets/images/resized/0003/7857/37857v1-max-250x250.jpg"],
     [[178,
       69],
      "http://api-images.crunchbase.com/assets/images/resized/0003/7857/37857v1-max-450x450.jpg"]],
   "attribution": null},
 "products":
  [{"name": "Action Engine Mobile Application Platform",
    "permalink": "action-engine-mobile-application-platform"}],
 "relationships":
  [{"is_past": false,
    "title": "COO and CFO",
    "person":
     {"first_name": "Wayne",
      "last_name": "Burns",
      "permalink": "wayne-burns"}},
   {"is_past": null,
    "title": "Board",
    "person":
     {"first_name": "Bill",
      "last_name": "Glynn",
      "permalink": "bill-glynn"}},
   {"is_past": null,
    "title": "Board",
    "person":
     {"first_name": "Jim",
      "last_name": "Souders",
      "permalink": "jim-souders"}},
   {"is_past": null,
    "title": "Board",
    "person":
     {"first_name": "Anne",
      "last_name": "Baker",
      "permalink": "anne-baker"}},
   {"is_past": true,
    "title": "President / CEO",
    "person":
     {"first_name": "Scott",
      "last_name": "Silk",
      "permalink": "scott-silk"}},
   {"is_past": true,
    "title": "Lead Engineer",
    "person":
     {"first_name": "Brandon",
      "last_name": "Albers",
      "permalink": "brandon-albers"}},
   {"is_past": true,
    "title": "Sr. Network Executive",
    "person":
     {"first_name": "Richard",
      "last_name": "Kateley",
      "permalink": "richard-kateley"}},
   {"is_past": true,
    "title": "Director of Technical Services",
    "person":
     {"first_name": "Jack",
      "last_name": "Stephens",
      "permalink": "jack-stephens"}}],
 "competitions":
  [],
 "providerships":
  [],
 "total_money_raised": "$58.2M",
 "funding_rounds":
  [{"id": 177,
    "round_code": "a",
    "source_url": "",
    "source_description": "",
    "raised_amount": 7700000.0,
    "raised_currency_code": "USD",
    "funded_year": 2000,
    "funded_month": 5,
    "funded_day": 1,
    "investments":
     [{"company": null,
       "financial_org":
        {"name": "OVP Venture Partners",
         "permalink": "ovp-venture-partners"},
       "person": null}]},
   {"id": 178,
    "round_code": "b",
    "source_url": "",
    "source_description": "",
    "raised_amount": 5000000.0,
    "raised_currency_code": "USD",
    "funded_year": 2002,
    "funded_month": 5,
    "funded_day": 1,
    "investments":
     [{"company": null,
       "financial_org":
        {"name": "OVP Venture Partners",
         "permalink": "ovp-venture-partners"},
       "person": null}]},
   {"id": 179,
    "round_code": "d",
    "source_url": "",
    "source_description": "",
    "raised_amount": 10000000.0,
    "raised_currency_code": "USD",
    "funded_year": 2005,
    "funded_month": 1,
    "funded_day": 1,
    "investments":
     [{"company": null,
       "financial_org":
        {"name": "Baker Capital",
         "permalink": "baker-capital"},
       "person": null}]},
   {"id": 180,
    "round_code": "c",
    "source_url": "",
    "source_description": "",
    "raised_amount": 15500000.0,
    "raised_currency_code": "USD",
    "funded_year": 2003,
    "funded_month": 3,
    "funded_day": 1,
    "investments":
     [{"company": null,
       "financial_org":
        {"name": "Baker Capital",
         "permalink": "baker-capital"},
       "person": null}]},
   {"id": 230,
    "round_code": "e",
    "source_url": "http://venturebeat.com/2007/07/30/action-engine-raises-20m-for-media-delivery-to-mobile-phones/",
    "source_description": "Action Engine raises $20M for media delivery to mobile phones.",
    "raised_amount": 20000000.0,
    "raised_currency_code": "USD",
    "funded_year": 2007,
    "funded_month": 7,
    "funded_day": 1,
    "investments":
     [{"company": null,
       "financial_org":
        {"name": "Baker Capital",
         "permalink": "baker-capital"},
       "person": null},
      {"company": null,
       "financial_org":
        {"name": "Northwest Venture Associates",
         "permalink": "northwest-venture-associates"},
       "person": null},
      {"company": null,
       "financial_org":
        {"name": "Spangler Group",
         "permalink": "spangler-group"},
       "person": null}]}],
 "investments":
  [],
 "acquisition":
  {"price_amount": null,
   "price_currency_code": "USD",
   "term_code": null,
   "source_url": "",
   "source_description": "",
   "acquired_year": 2008,
   "acquired_month": 10,
   "acquired_day": 13,
   "acquiring_company":
    {"name": "Mobui",
     "permalink": "mobui"}},
 "acquisitions":
  [],
 "offices":
  [{"description": "HQ",
    "address1": "2331 130th Ave NE",
    "address2": "2nd Floor",
    "zip_code": "98005",
    "city": "Bellevue",
    "state_code": "WA",
    "country_code": "USA",
    "latitude": 47.631239,
    "longitude": -122.16806}],
 "milestones":
  [{"id": 13834,
    "description": "Major league baseball clubs traveling compared to a century any fascinating background and maintains picked being a great blinking county fair on the adults of America in which from that point it is having currently intersected frontiers take pleasure in ",
    "stoned_year": 2011,
    "stoned_month": null,
    "stoned_day": null,
    "source_url": "",
    "source_text": null,
    "source_description": "What\u00e2\u20ac\u2122s The Relationship between NBA Jerseys and NBA Players?",
    "stoneable_type": "Company",
    "stoned_value": null,
    "stoned_value_type": null,
    "stoned_acquirer": null,
    "stoneable":
     {"name": "Action Engine",
      "permalink": "actionengine"}}],
 "ipo": null,
 "video_embeds":
  [],
 "screenshots":
  [{"available_sizes":
     [[[150,
        100],
       "http://api-images.crunchbase.com/assets/images/resized/0003/7858/37858v1-max-150x150.png"],
      [[250,
        167],
       "http://api-images.crunchbase.com/assets/images/resized/0003/7858/37858v1-max-250x250.png"],
      [[450,
        300],
       "http://api-images.crunchbase.com/assets/images/resized/0003/7858/37858v1-max-450x450.png"]],
    "attribution": null}],
 "external_links":
  [],
 "partners":
  []}
