{"name": "ActiveWorlds",
 "permalink": "activeworlds",
 "crunchbase_url": "http://www.crunchbase.com/company/activeworlds",
 "homepage_url": "http://www.activeworlds.com",
 "blog_url": "",
 "blog_feed_url": "",
 "twitter_username": null,
 "category_code": "games_video",
 "number_of_employees": null,
 "founded_year": 1995,
 "founded_month": 6,
 "founded_day": 28,
 "deadpooled_year": null,
 "deadpooled_month": null,
 "deadpooled_day": null,
 "deadpooled_url": null,
 "tag_list": "virtualworld, universe, activeworlds, world, 3d, onlinegaming",
 "alias_list": null,
 "email_address": "info@activeworlds.com",
 "phone_number": "(978) 499-0222",
 "description": "",
 "created_at": "Tue Aug 07 06:16:35 UTC 2007",
 "updated_at": "Wed Dec 14 17:23:55 UTC 2011",
 "overview": "\u003Cp\u003EActive Worlds is an online 3D virtual world with users from all over the world. Users can build almost anything they want, explore what others have built, go shopping, play games and chat with other users.\u003C/p\u003E\n\n\u003Cp\u003EThe company was started in January 1997 with the idea of becoming a 3D-equivalent of a 2D web browser.  The idea never really took off, but the ActiveWorlds Browser plugin is still around and enables users to be a part of the Active Worlds \u0026#8220;universe.\u0026#8221;\u003C/p\u003E\n\n\u003Cp\u003EThe company says they get 1,000,000 hits to their universe server per day and have more than 70,000 registered \u0026#8220;citizens\u0026#8221; to date. Other virtual worlds include \u003Ca href=\"http://www.crunchbase.com/company/kaneva\" title=\"Kaneva\"\u003EKaneva\u003C/a\u003E, \u003Ca href=\"http://www.crunchbase.com/company/secondlife\" title=\"Second Life\"\u003ESecond Life\u003C/a\u003E and \u003Ca href=\"http://www.crunchbase.com/company/there\" title=\"There.com\"\u003EThere.com\u003C/a\u003E. this game is mow sutibale for ages 7 and up\u003C/p\u003E",
 "image":
  {"available_sizes":
    [[[150,
       31],
      "http://api-images.crunchbase.com/assets/images/resized/0000/4063/4063v1-max-150x150.png"],
     [[200,
       42],
      "http://api-images.crunchbase.com/assets/images/resized/0000/4063/4063v1-max-250x250.png"],
     [[200,
       42],
      "http://api-images.crunchbase.com/assets/images/resized/0000/4063/4063v1-max-450x450.png"]],
   "attribution": null},
 "products":
  [{"name": "Active Worlds",
    "permalink": "active-worlds"}],
 "relationships":
  [{"is_past": false,
    "title": "Founder, President, CEO \u0026 Director",
    "person":
     {"first_name": "Rick",
      "last_name": "Noll",
      "permalink": "rick-noll"}},
   {"is_past": null,
    "title": "Chairman, CFO \u0026 Director",
    "person":
     {"first_name": "J.P.",
      "last_name": "McCormick",
      "permalink": "j-p-mccormick"}},
   {"is_past": false,
    "title": "Independent Contractor",
    "person":
     {"first_name": "Mark",
      "last_name": "Webb",
      "permalink": "mark-webb-2"}}],
 "competitions":
  [{"competitor":
     {"name": "Kaneva",
      "permalink": "kaneva"}}],
 "providerships":
  [],
 "total_money_raised": "$0",
 "funding_rounds":
  [],
 "investments":
  [],
 "acquisition": null,
 "acquisitions":
  [],
 "offices":
  [{"description": "Massachusetts Office",
    "address1": "95 Parker Street",
    "address2": "",
    "zip_code": "01950",
    "city": "Newburyport",
    "state_code": "MA",
    "country_code": "USA",
    "latitude": 42.7973978,
    "longitude": -70.8873327},
   {"description": "Main Office",
    "address1": "101 Convention Center Drive",
    "address2": "Suite 700",
    "zip_code": "89109",
    "city": "Las Vegas",
    "state_code": "NV",
    "country_code": "USA",
    "latitude": null,
    "longitude": null}],
 "milestones":
  [],
 "ipo": null,
 "video_embeds":
  [],
 "screenshots":
  [],
 "external_links":
  [],
 "partners":
  []}
