{"name": "Activeweb",
 "permalink": "activeweb",
 "crunchbase_url": "http://www.crunchbase.com/company/activeweb",
 "homepage_url": "http://www.activeweb.pl",
 "blog_url": "http://proactive.activeweb.pl",
 "blog_feed_url": "http://proactive.activeweb.pl/?feed=rss2",
 "twitter_username": "activeweb",
 "category_code": "software",
 "number_of_employees": 500,
 "founded_year": 2002,
 "founded_month": 2,
 "founded_day": 10,
 "deadpooled_year": null,
 "deadpooled_month": null,
 "deadpooled_day": null,
 "deadpooled_url": null,
 "tag_list": "emarketing, web-2-0, medicine, biotech, communication, mobile, science, services, soa, -net, ruby, ryby-on-rails, agile, scrum",
 "alias_list": null,
 "email_address": "biuro@activeweb.pl",
 "phone_number": "+48228940630",
 "description": null,
 "created_at": "Thu Nov 20 07:56:12 UTC 2008",
 "updated_at": "Tue Apr 07 19:42:00 UTC 2009",
 "overview": "\u003Cp\u003EActiveweb Medical Solution creates new methods and software for biotech companies and government for emarketing, communications with doctors and business inteligence.\u003C/p\u003E",
 "image":
  {"available_sizes":
    [[[150,
       26],
      "http://api-images.crunchbase.com/assets/images/resized/0004/0508/40508v1-max-150x150.png"],
     [[250,
       43],
      "http://api-images.crunchbase.com/assets/images/resized/0004/0508/40508v1-max-250x250.png"],
     [[323,
       56],
      "http://api-images.crunchbase.com/assets/images/resized/0004/0508/40508v1-max-450x450.png"]],
   "attribution": null},
 "products":
  [],
 "relationships":
  [],
 "competitions":
  [],
 "providerships":
  [],
 "total_money_raised": "$0",
 "funding_rounds":
  [],
 "investments":
  [],
 "acquisition": null,
 "acquisitions":
  [],
 "offices":
  [{"description": "Headquater",
    "address1": "Bronikowskiego 3/2",
    "address2": "",
    "zip_code": "",
    "city": "Warsaw",
    "state_code": null,
    "country_code": "POL",
    "latitude": 52.1332973,
    "longitude": 21.0709375}],
 "milestones":
  [],
 "ipo": null,
 "video_embeds":
  [],
 "screenshots":
  [{"available_sizes":
     [[[150,
        96],
       "http://api-images.crunchbase.com/assets/images/resized/0004/0509/40509v1-max-150x150.png"],
      [[250,
        161],
       "http://api-images.crunchbase.com/assets/images/resized/0004/0509/40509v1-max-250x250.png"],
      [[450,
        290],
       "http://api-images.crunchbase.com/assets/images/resized/0004/0509/40509v1-max-450x450.png"]],
    "attribution": null}],
 "external_links":
  [],
 "partners":
  []}
