{"name": "acupuncture.com",
 "permalink": "acupuncture-com",
 "crunchbase_url": "http://www.crunchbase.com/company/acupuncture-com",
 "homepage_url": "http://www.acupuncture.com",
 "blog_url": "",
 "blog_feed_url": "",
 "twitter_username": null,
 "category_code": "web",
 "number_of_employees": null,
 "founded_year": null,
 "founded_month": null,
 "founded_day": null,
 "deadpooled_year": null,
 "deadpooled_month": null,
 "deadpooled_day": null,
 "deadpooled_url": null,
 "tag_list": null,
 "alias_list": null,
 "email_address": "",
 "phone_number": "",
 "description": null,
 "created_at": "Tue May 13 19:16:39 UTC 2008",
 "updated_at": "Fri Jun 12 13:21:34 UTC 2009",
 "overview": "\u003Cp\u003EAcupuncture.com is an online resource for Chinese medicine, health, and awareness.\u003C/p\u003E",
 "image":
  {"available_sizes":
    [[[150,
       28],
      "http://api-images.crunchbase.com/assets/images/resized/0002/1793/21793v1-max-150x150.png"],
     [[250,
       46],
      "http://api-images.crunchbase.com/assets/images/resized/0002/1793/21793v1-max-250x250.png"],
     [[450,
       84],
      "http://api-images.crunchbase.com/assets/images/resized/0002/1793/21793v1-max-450x450.png"]],
   "attribution": null},
 "products":
  [],
 "relationships":
  [],
 "competitions":
  [],
 "providerships":
  [],
 "total_money_raised": "$0",
 "funding_rounds":
  [],
 "investments":
  [],
 "acquisition": null,
 "acquisitions":
  [],
 "offices":
  [{"description": "",
    "address1": "c/o Network Solutions",
    "address2": "P.O. Box 447",
    "zip_code": "20172-0447",
    "city": "Herndon",
    "state_code": "VA",
    "country_code": "USA",
    "latitude": null,
    "longitude": null}],
 "milestones":
  [],
 "ipo": null,
 "video_embeds":
  [],
 "screenshots":
  [{"available_sizes":
     [[[150,
        93],
       "http://api-images.crunchbase.com/assets/images/resized/0004/8210/48210v1-max-150x150.png"],
      [[250,
        156],
       "http://api-images.crunchbase.com/assets/images/resized/0004/8210/48210v1-max-250x250.png"],
      [[450,
        281],
       "http://api-images.crunchbase.com/assets/images/resized/0004/8210/48210v1-max-450x450.png"]],
    "attribution": null}],
 "external_links":
  [],
 "partners":
  []}
