{"name": "Ad Infuse",
 "permalink": "ad-infuse",
 "crunchbase_url": "http://www.crunchbase.com/company/ad-infuse",
 "homepage_url": "http://www.adinfuse.com",
 "blog_url": "",
 "blog_feed_url": "",
 "twitter_username": null,
 "category_code": "advertising",
 "number_of_employees": null,
 "founded_year": 2005,
 "founded_month": 11,
 "founded_day": 1,
 "deadpooled_year": null,
 "deadpooled_month": null,
 "deadpooled_day": null,
 "deadpooled_url": null,
 "tag_list": "mobile, advertising",
 "alias_list": "",
 "email_address": "",
 "phone_number": "(415) 315-3400",
 "description": "Advertising for Mobile video",
 "created_at": "Fri Feb 22 22:23:18 UTC 2008",
 "updated_at": "Fri Nov 04 22:36:37 UTC 2011",
 "overview": "\u003Cp\u003EAd Infuse offers mobile advertising solutions.  Their service dynamically inserts targeted ads at the moment of content delivery.\u003C/p\u003E",
 "image":
  {"available_sizes":
    [[[150,
       86],
      "http://api-images.crunchbase.com/assets/images/resized/0001/3309/13309v1-max-150x150.png"],
     [[152,
       88],
      "http://api-images.crunchbase.com/assets/images/resized/0001/3309/13309v1-max-250x250.png"],
     [[152,
       88],
      "http://api-images.crunchbase.com/assets/images/resized/0001/3309/13309v1-max-450x450.png"]],
   "attribution": null},
 "products":
  [],
 "relationships":
  [{"is_past": null,
    "title": "CTO and Founder",
    "person":
     {"first_name": "Carl",
      "last_name": "Ludewig",
      "permalink": "carl-ludewig"}},
   {"is_past": null,
    "title": "President and CEO",
    "person":
     {"first_name": "Brian",
      "last_name": "Cowley",
      "permalink": "brian-cowley"}},
   {"is_past": null,
    "title": "VP of Global Advertising Sales",
    "person":
     {"first_name": "Carol",
      "last_name": "Jackson",
      "permalink": "carol-jackson"}},
   {"is_past": null,
    "title": "Founder \u0026 EVP Business Development",
    "person":
     {"first_name": "Ian",
      "last_name": "Johnson",
      "permalink": "ian-johnson"}},
   {"is_past": null,
    "title": "VP of Marketing",
    "person":
     {"first_name": "David",
      "last_name": "Staas",
      "permalink": "david-staas"}},
   {"is_past": null,
    "title": "Managing Director European Business Development",
    "person":
     {"first_name": "Stephen",
      "last_name": "Upstone",
      "permalink": "stephen-upstone"}},
   {"is_past": true,
    "title": "CFO",
    "person":
     {"first_name": "Portia",
      "last_name": "Kersten",
      "permalink": "portia-kersten"}},
   {"is_past": true,
    "title": "CFO",
    "person":
     {"first_name": "Peter",
      "last_name": "Van Pruissen",
      "permalink": "peter-van-pruissen"}},
   {"is_past": true,
    "title": "Board Member/Investor",
    "person":
     {"first_name": "Sanjay",
      "last_name": "Subhedar",
      "permalink": "sanjay-subhedar"}}],
 "competitions":
  [{"competitor":
     {"name": "Quattro Wireless",
      "permalink": "quattro-wireless"}},
   {"competitor":
     {"name": "AdMob",
      "permalink": "admob"}},
   {"competitor":
     {"name": "Smart AdServer",
      "permalink": "smart-adserver"}}],
 "providerships":
  [{"title": "",
    "is_past": false,
    "provider":
     {"name": "Cogniance",
      "permalink": "cogniance"}}],
 "total_money_raised": "$17.6M",
 "funding_rounds":
  [{"id": 1602,
    "round_code": "b",
    "source_url": "http://www.thealarmclock.com/mt/archives/2008/01/mobile_ads_adin.html",
    "source_description": "",
    "raised_amount": 12000000.0,
    "raised_currency_code": "USD",
    "funded_year": 2008,
    "funded_month": 1,
    "funded_day": 23,
    "investments":
     [{"company": null,
       "financial_org":
        {"name": "SoftBank Capital",
         "permalink": "softbank-capital"},
       "person": null},
      {"company": null,
       "financial_org":
        {"name": "ComVentures",
         "permalink": "comventures"},
       "person": null},
      {"company": null,
       "financial_org":
        {"name": "Storm Ventures",
         "permalink": "storm-ventures"},
       "person": null}]},
   {"id": 1603,
    "round_code": "a",
    "source_url": "http://venturebeat.com/2006/09/01/ad-infuse-raises-6m-to-help-deliver-mobile-ads/",
    "source_description": "Ad Infuse raises $6M to help deliver mobile ads",
    "raised_amount": 5000000.0,
    "raised_currency_code": "USD",
    "funded_year": 2006,
    "funded_month": 6,
    "funded_day": 1,
    "investments":
     [{"company": null,
       "financial_org":
        {"name": "Storm Ventures",
         "permalink": "storm-ventures"},
       "person": null},
      {"company": null,
       "financial_org":
        {"name": "ComVentures",
         "permalink": "comventures"},
       "person": null}]},
   {"id": 1604,
    "round_code": "seed",
    "source_url": "http://venturebeat.com/2006/09/01/ad-infuse-raises-6m-to-help-deliver-mobile-ads/",
    "source_description": "",
    "raised_amount": 600000.0,
    "raised_currency_code": "USD",
    "funded_year": 2005,
    "funded_month": 1,
    "funded_day": 1,
    "investments":
     [{"company": null,
       "financial_org":
        {"name": "Storm Ventures",
         "permalink": "storm-ventures"},
       "person": null}]}],
 "investments":
  [],
 "acquisition":
  {"price_amount": null,
   "price_currency_code": "USD",
   "term_code": null,
   "source_url": "http://www.velti.com/index.cfm?page=1467",
   "source_description": "Velti Acquires Ad Infuse",
   "acquired_year": 2009,
   "acquired_month": 5,
   "acquired_day": 12,
   "acquiring_company":
    {"name": "Velti",
     "permalink": "velti"}},
 "acquisitions":
  [],
 "offices":
  [{"description": null,
    "address1": "550 Kearny Street, Suite 630",
    "address2": "",
    "zip_code": "94108",
    "city": "San Francisco",
    "state_code": "CA",
    "country_code": "USA",
    "latitude": 37.793375,
    "longitude": -122.404571}],
 "milestones":
  [],
 "ipo": null,
 "video_embeds":
  [{"embed_code": "\u003Cdiv style=\"width:320px;\"\u003E\u003Cdiv style=\"background-color:#dedede;width:320px;text-align:center;font-family:Arial,sans-serif;font-size:10pt;padding-top:4px;padding-bottom:5px;margin:0;\"\u003E\u003Ca href=\"http://vator.tv/news/show/2008-08-29-vator-box-kyte-and-adinfuse\" target=\"_blank\"\u003ESee this video on \u003Cspan style=\"color:#38538e;font-weight: bold;\"\u003EVator\u003C/span\u003E\u003Cspan style=\"color:#50a756;font-weight: bold;\"\u003E.tv\u003C/span\u003E\u0026nbsp;\u0026raquo;\u003C/a\u003E\u003C/div\u003E\u003Cembed src=\"http://vator.tv/embed/vpembed.swf\" FlashVars=\"v=4188_vator_box_01.flv\u0026b=2\u0026i=4188\u0026o=embed\u0026vp=1\u0026l=http://vator.tv/news/show/2008-08-29-vator-box-kyte-and-adinfuse\" allowScriptAccess=\"always\" allowFullScreen=\"true\" bgcolor=\"#ffffff\" width=\"320\" height=\"265\" pluginspage=\"http://www.macromedia.com/go/getflashplayer\" type=\"application/x-shockwave-flash\"\u003E\u003C/embed\u003E\u003C/div\u003E",
    "description": "\u003Cp\u003EVatorTV: 8/2008\u003C/p\u003E"}],
 "screenshots":
  [],
 "external_links":
  [],
 "partners":
  []}
