{"name": "Adaptive Technologies(ATi)",
 "permalink": "adaptive-technologies-ati",
 "crunchbase_url": "http://www.crunchbase.com/company/adaptive-technologies-ati",
 "homepage_url": "http://www.adaptiveinc.com",
 "blog_url": "",
 "blog_feed_url": "",
 "twitter_username": null,
 "category_code": "other",
 "number_of_employees": 12,
 "founded_year": 2000,
 "founded_month": 10,
 "founded_day": null,
 "deadpooled_year": null,
 "deadpooled_month": null,
 "deadpooled_day": null,
 "deadpooled_url": null,
 "tag_list": "predictive-analytics, data-analysis, custom-software, bi-tools, business-information-tools",
 "alias_list": "",
 "email_address": "amanda.brown@adaptiveinc.com",
 "phone_number": "602-923-4200",
 "description": "",
 "created_at": "Wed Sep 03 22:51:51 UTC 2008",
 "updated_at": "Wed Oct 30 04:04:15 UTC 2013",
 "overview": "\u003Cp\u003EATi is a provider of customized business solutions using Predictive Modeling.  Their proprietary technology helps companies turn cross-enterprise data into actionable intelligence, providing business leaders with better information to make smarter decisions.\u003C/p\u003E",
 "image":
  {"available_sizes":
    [[[150,
       39],
      "http://api-images.crunchbase.com/assets/images/resized/0002/4544/24544v2-max-150x150.jpg"],
     [[247,
       65],
      "http://api-images.crunchbase.com/assets/images/resized/0002/4544/24544v2-max-250x250.jpg"],
     [[247,
       65],
      "http://api-images.crunchbase.com/assets/images/resized/0002/4544/24544v2-max-450x450.jpg"]],
   "attribution": null},
 "products":
  [],
 "relationships":
  [{"is_past": false,
    "title": "Co-Founder \u0026 Board Member",
    "person":
     {"first_name": "Christopher",
      "last_name": "Stephens",
      "permalink": "christopher-stephens"}},
   {"is_past": false,
    "title": "President \u0026 CEO",
    "person":
     {"first_name": "Susan",
      "last_name": "Cordts",
      "permalink": "susan-cordts"}},
   {"is_past": false,
    "title": "Board Chairman",
    "person":
     {"first_name": "Steven",
      "last_name": "Reid",
      "permalink": "steven-reid"}},
   {"is_past": false,
    "title": "Board Member",
    "person":
     {"first_name": "Richard",
      "last_name": "Ettenson",
      "permalink": "richard-ettenson"}},
   {"is_past": false,
    "title": "Co-Founder \u0026 Board Member",
    "person":
     {"first_name": "Henri",
      "last_name": "Waelbroeck",
      "permalink": "henri-waelbroeck"}}],
 "competitions":
  [{"competitor":
     {"name": "SPSS",
      "permalink": "spss"}}],
 "providerships":
  [{"title": "",
    "is_past": false,
    "provider":
     {"name": "Cybertrails",
      "permalink": "cybertrails"}}],
 "total_money_raised": "$0",
 "funding_rounds":
  [],
 "investments":
  [],
 "acquisition": null,
 "acquisitions":
  [],
 "offices":
  [{"description": "",
    "address1": "4530 East Shea Boulevard",
    "address2": "Suite 130",
    "zip_code": "85028",
    "city": "Phoenix",
    "state_code": "AZ",
    "country_code": "USA",
    "latitude": 33.58308,
    "longitude": -111.983364}],
 "milestones":
  [],
 "ipo": null,
 "video_embeds":
  [],
 "screenshots":
  [],
 "external_links":
  [],
 "partners":
  []}
