{"name": "Adaptive Path",
 "permalink": "adaptivepath",
 "crunchbase_url": "http://www.crunchbase.com/company/adaptivepath",
 "homepage_url": "http://www.adaptivepath.com",
 "blog_url": "http://www.adaptivepath.com/blog",
 "blog_feed_url": "",
 "twitter_username": "AdaptivePath",
 "category_code": "web",
 "number_of_employees": null,
 "founded_year": 2001,
 "founded_month": 3,
 "founded_day": null,
 "deadpooled_year": null,
 "deadpooled_month": null,
 "deadpooled_day": null,
 "deadpooled_url": null,
 "tag_list": null,
 "alias_list": "",
 "email_address": "",
 "phone_number": "",
 "description": "",
 "created_at": "Mon Dec 03 09:54:22 UTC 2007",
 "updated_at": "Fri Aug 16 22:59:55 UTC 2013",
 "overview": "\u003Cp\u003EAdaptive Path helps organizations develop product concepts through experience strategy and deliver on those concepts through experience design.\u003C/p\u003E\n\n\u003Cp\u003EIn the fall of 2000, as the bubble was bursting, Peter Merholz sent an email to the future co-founders of Adaptive Path. He was thinking of striking out on his own but didn\u2019t want to go solo.\u003C/p\u003E\n\n\u003Cp\u003EAnd he wanted to focus exclusively on user experience problems. Despite the chaos of the market, it was clear there was a demand for user experience services. Were they interested in joining forces?\u003C/p\u003E\n\n\u003Cp\u003EA few months later in March of 2001, probably the worst time to start a business, Adaptive Path was launched at SXSW on the rooftop of the old Waterloo Brewing Company.\u003C/p\u003E\n\n\u003Cp\u003EFrom the very beginning, the company has worked with recognizable brands on hairy problems. NPR and PeopleSoft were the first two Adaptive Path clients. Other early clients include Intel, UN Relief Web, PBS, and Wells Fargo.\u003C/p\u003E\n\n\u003Cp\u003EIt was important to the founders to approach client work differently than most consultancies. No telling clients how to do business. No forcing a rigid methodology. The Adaptive Path way was purposefully flexible\u2014based on what was learned from clients during the course of each engagement. That flexibility and the ability to respond to emergent forces and to include clients in the process were crucial to Adaptive Path\u2019s early success and continue to inform the practice today.\u003C/p\u003E\n\n\u003Cp\u003EAnother founding principle was openness of ideas. Not only amongst each other, but with the community that was forming around user experience. With missionary zeal, the founders spread the word about UX, writing about it, speaking at conferences and leading workshops on user experience. It was clear people were hungry for more.\u003C/p\u003E\n\n\u003Cp\u003EIn 2002, co-founder Jesse James Garrett published The Elements of User Experience, to help explain user experience to non UX folks. It has become a classic in the field, taught widely in college courses. Also that year, with the first public workshop in Chicago, the Adaptive Path events line of business was launched, offering some of the only hands-on training available for UX professionals. The following year, UX Week, Adaptive Path\u2019s flagship event, kicked off in Washington, D.C. Today it is considered the premier user experience conference, drawing hundreds of UX professionals from all over the world.\u003C/p\u003E\n\n\u003Cp\u003EIn addition to sharing ideas and furthering the practice, there was Ajax. In 2005, Jesse coined the term in an effort to help a client understand the concept of rich interaction with native Web technologies. Coining the word helped the idea take off, and placed Adaptive Path firmly in the middle of the Web 2.0 revolution. We worked with Blogger (after it was acquired by Google), and Flickr. In 2006, Measure Map, an analytics tool for bloggers that we built in-house, was bought by Google.\u003C/p\u003E\n\n\u003Cp\u003EThen there was Charmr. In 2007, Adaptive Path\u2019s R\u0026amp;D team took up the plea of diabetes blogger Amy Tenderich to create a product to make diabetes management less clunky and awkward and more sleek and seamless. The work was awarded patents and was responsible for opening the door for us to work in healthcare, an industry for which we are especially well suited.\u003C/p\u003E\n\n\u003Cp\u003EThat same year, two new events launched. UX Intensive, a traveling four-day workshop series, and MX: Managing Experience, a conference for managers with a user experience mandate. We also opened our Austin office.\u003C/p\u003E\n\n\u003Cp\u003EIn 2008, our book Subject to Change, published by O\u2019Reilly, hit the shelves. It captured our philosophy in approaching the development of products and services. In 2009, there was a recession. We survived. (Whew.) The following year\nAdaptive Path Amsterdam opened for business.\u003C/p\u003E\n\n\u003Cp\u003EIt\u2019s been a great ten years. From a beginning in web user experience, doing upfront user research and information architecture to delivering wireframes, our work has evolved to being involved from strategy through visual design, tech and development across a wider variety of platforms and environments. We are routinely hired to take a crack at the tough problems and complex challenges our clients face and think only we can handle. We continue to seek the difficult, the crazy, the impossible and push ourselves and our clients ever forward.\u003C/p\u003E\n\n\u003Cp\u003ESince Adaptive Path\u2019s inception UX has emerged from the backroom to the boardroom, going from something that\u2019s \u201cnice to have\u201d to an essential element of successful products and services. Adaptive Path can take a little bit of the credit.\u003C/p\u003E",
 "image":
  {"available_sizes":
    [[[150,
       47],
      "http://api-images.crunchbase.com/assets/images/resized/0002/1794/21794v1-max-150x150.png"],
     [[197,
       62],
      "http://api-images.crunchbase.com/assets/images/resized/0002/1794/21794v1-max-250x250.png"],
     [[197,
       62],
      "http://api-images.crunchbase.com/assets/images/resized/0002/1794/21794v1-max-450x450.png"]],
   "attribution": null},
 "products":
  [{"name": "Aurora",
    "permalink": "aurora"}],
 "relationships":
  [{"is_past": false,
    "title": "Co-Founder \u0026 President",
    "person":
     {"first_name": "Jesse",
      "last_name": "James Garrett",
      "permalink": "jesse-james-garrett"}},
   {"is_past": false,
    "title": "CEO",
    "person":
     {"first_name": "Brandon",
      "last_name": "Schauer",
      "permalink": "brandon-schauer"}},
   {"is_past": true,
    "title": "Founder",
    "person":
     {"first_name": "Peter",
      "last_name": "Merholz",
      "permalink": "peter-merholz"}},
   {"is_past": true,
    "title": "Co-Founder",
    "person":
     {"first_name": "Indi",
      "last_name": "Young",
      "permalink": "indi-young"}},
   {"is_past": true,
    "title": "Co - Founder",
    "person":
     {"first_name": "Janice",
      "last_name": "Fraser",
      "permalink": "janice-fraser"}},
   {"is_past": true,
    "title": "Chief Operating Officer",
    "person":
     {"first_name": "Bryan",
      "last_name": "Mason",
      "permalink": "bryan-mason"}},
   {"is_past": true,
    "title": "Director",
    "person":
     {"first_name": "Lane",
      "last_name": "Becker",
      "permalink": "lane-becker"}},
   {"is_past": true,
    "title": "Director, Experience Design",
    "person":
     {"first_name": "Ryan",
      "last_name": "Freitas",
      "permalink": "ryan-freitas"}},
   {"is_past": true,
    "title": "CEO",
    "person":
     {"first_name": "Janice",
      "last_name": "Fraser",
      "permalink": "janice-fraser"}},
   {"is_past": true,
    "title": "Business Strategist",
    "person":
     {"first_name": "Scott",
      "last_name": "Hirsch",
      "permalink": "scott-hirsch"}},
   {"is_past": true,
    "title": "Interaction Designer",
    "person":
     {"first_name": "Alexa",
      "last_name": "Andrzejewski",
      "permalink": "alexa-andrzejewski"}},
   {"is_past": true,
    "title": "Sr. Practioner / Consulting Lead",
    "person":
     {"first_name": "Kate",
      "last_name": "Rutter",
      "permalink": "kate-rutter"}},
   {"is_past": true,
    "title": "Founding Partner",
    "person":
     {"first_name": "Jeffrey",
      "last_name": "Veen",
      "permalink": "jeffrey-veen"}},
   {"is_past": true,
    "title": "Technical Lead",
    "person":
     {"first_name": "Michael",
      "last_name": "Buffington",
      "permalink": "michael-buffington"}},
   {"is_past": true,
    "title": "Sr. Director of Marketing",
    "person":
     {"first_name": "Roland",
      "last_name": "Smart",
      "permalink": "roland-smart"}},
   {"is_past": true,
    "title": "Web Developer, Consultant",
    "person":
     {"first_name": "Jeff",
      "last_name": "Robbins",
      "permalink": "jeff-robbins"}},
   {"is_past": true,
    "title": "Founding Partner",
    "person":
     {"first_name": "Mike",
      "last_name": "Kuniavsky",
      "permalink": "mike-kuniavsky"}},
   {"is_past": true,
    "title": "Director Design Teams",
    "person":
     {"first_name": "Gino",
      "last_name": "Zahnd",
      "permalink": "gino-zahnd"}}],
 "competitions":
  [{"competitor":
     {"name": "Physical Interaction Lab",
      "permalink": "physical-interaction-lab"}}],
 "providerships":
  [],
 "total_money_raised": "$0",
 "funding_rounds":
  [],
 "investments":
  [{"funding_round":
     {"round_code": "seed",
      "source_url": "http://www.pehub.com/article/articledetail.php?articlepostid=7555",
      "source_description": "",
      "raised_amount": 1300000.0,
      "raised_currency_code": "USD",
      "funded_year": 2007,
      "funded_month": 9,
      "funded_day": 1,
      "company":
       {"name": "Get Satisfaction",
        "permalink": "satisfaction"}}}],
 "acquisition": null,
 "acquisitions":
  [],
 "offices":
  [{"description": "",
    "address1": "Pier One",
    "address2": "Bay 2",
    "zip_code": "94111",
    "city": "San Francisco",
    "state_code": "CA",
    "country_code": "USA",
    "latitude": 37.780707,
    "longitude": -122.393473}],
 "milestones":
  [],
 "ipo": null,
 "video_embeds":
  [],
 "screenshots":
  [],
 "external_links":
  [],
 "partners":
  []}
