{"name": "AdaptiveBlue",
 "permalink": "adaptiveblue",
 "crunchbase_url": "http://www.crunchbase.com/company/adaptiveblue",
 "homepage_url": "http://www.getglue.com",
 "blog_url": "http://blog.adaptiveblue.com",
 "blog_feed_url": "http://blog.adaptiveblue.com/?feed=rss2",
 "twitter_username": "GetGlue",
 "category_code": "games_video",
 "number_of_employees": 15,
 "founded_year": 2007,
 "founded_month": null,
 "founded_day": null,
 "deadpooled_year": null,
 "deadpooled_month": null,
 "deadpooled_day": null,
 "deadpooled_url": "",
 "tag_list": "semantic-web, contextual-browsing, recommendations, entertainment, checkins",
 "alias_list": null,
 "email_address": "support@getglue.com",
 "phone_number": "",
 "description": "",
 "created_at": "Tue Feb 05 22:28:14 UTC 2008",
 "updated_at": "Wed Jul 18 06:26:47 UTC 2012",
 "overview": "\u003Cp\u003EAdaptiveBlue is the company that develops GetGlue, a leading social entertainment network.\u003C/p\u003E\n\n\u003Cp\u003EGetGlue users check-in while consuming entertainment to connect with friends, get personalized recommendations, and earn exclusive rewards from more than 25 top entertainment companies.\u003C/p\u003E\n\n\u003Cp\u003EAdaptiveBlue is based in New York and has 15 employees.\u003C/p\u003E",
 "image":
  {"available_sizes":
    [[[150,
       51],
      "http://api-images.crunchbase.com/assets/images/resized/0000/0400/400v1-max-150x150.png"],
     [[250,
       85],
      "http://api-images.crunchbase.com/assets/images/resized/0000/0400/400v1-max-250x250.png"],
     [[327,
       112],
      "http://api-images.crunchbase.com/assets/images/resized/0000/0400/400v1-max-450x450.png"]],
   "attribution": null},
 "products":
  [{"name": "GetGlue",
    "permalink": "glue"}],
 "relationships":
  [{"is_past": false,
    "title": "COO",
    "person":
     {"first_name": "Fraser",
      "last_name": "Kelton",
      "permalink": "fraser-kelton"}},
   {"is_past": false,
    "title": "Chief Quality Officer",
    "person":
     {"first_name": "Andy",
      "last_name": "Roth",
      "permalink": "andy-roth"}},
   {"is_past": false,
    "title": "VP of Engineering",
    "person":
     {"first_name": "Karen",
      "last_name": "Teng",
      "permalink": "karen-teng"}},
   {"is_past": false,
    "title": "VP of Design",
    "person":
     {"first_name": "Jason",
      "last_name": "Gaylor",
      "permalink": "jason-gaylor"}},
   {"is_past": true,
    "title": "Founder/CEO",
    "person":
     {"first_name": "Alex",
      "last_name": "Iskold",
      "permalink": "alex-iskold"}},
   {"is_past": true,
    "title": "VP Design and User Experience",
    "person":
     {"first_name": "Rion",
      "last_name": "Nakaya",
      "permalink": "rion-nakaya"}},
   {"is_past": true,
    "title": "Investor",
    "person":
     {"first_name": "Eric",
      "last_name": "Wiesen",
      "permalink": "eric-wiesen"}}],
 "competitions":
  [{"competitor":
     {"name": "Inveni",
      "permalink": "inveni"}},
   {"competitor":
     {"name": "Optini",
      "permalink": "optini"}},
   {"competitor":
     {"name": "I Just Shared",
      "permalink": "i-just-shared"}}],
 "providerships":
  [],
 "total_money_raised": "$24M",
 "funding_rounds":
  [{"id": 50,
    "round_code": "a",
    "source_url": "http://www.techcrunch.com/2007/02/20/union-square-ventures-funds-adaptive-blue/",
    "source_description": "",
    "raised_amount": 1500000.0,
    "raised_currency_code": "USD",
    "funded_year": 2007,
    "funded_month": 2,
    "funded_day": 15,
    "investments":
     [{"company": null,
       "financial_org":
        {"name": "Union Square Ventures",
         "permalink": "union-square-ventures"},
       "person": null}]},
   {"id": 3625,
    "round_code": "b",
    "source_url": "http://www.pehub.com/20129/adaptiveblue-raises-second-round/",
    "source_description": "peHUB",
    "raised_amount": 4520000.0,
    "raised_currency_code": "USD",
    "funded_year": 2008,
    "funded_month": 10,
    "funded_day": 10,
    "investments":
     [{"company": null,
       "financial_org":
        {"name": "Union Square Ventures",
         "permalink": "union-square-ventures"},
       "person": null},
      {"company": null,
       "financial_org":
        {"name": "RRE Ventures",
         "permalink": "rre-ventures"},
       "person": null}]},
   {"id": 20359,
    "round_code": "unattributed",
    "source_url": "http://paidcontent.org/article/419-adaptiveblue-raises-6-million-for-media-check-in-led-by-time-warner/",
    "source_description": "AdaptiveBlue Raises $6 Million For Media \u00e2\u20ac\u0153Check-In\u00e2\u20ac\u009d, Led By Time Warner ",
    "raised_amount": 6000000.0,
    "raised_currency_code": "USD",
    "funded_year": 2010,
    "funded_month": 12,
    "funded_day": 5,
    "investments":
     [{"company":
        {"name": "Time Warner",
         "permalink": "timewarner"},
       "financial_org": null,
       "person": null}]},
   {"id": 31328,
    "round_code": "unattributed",
    "source_url": "http://techcrunch.com/2012/01/11/social-entertainment-network-getglue-raises-12-million-in-new-financing/",
    "source_description": "Social Entertainment Network GetGlue Raises $12 Million In New Financing",
    "raised_amount": 12000000.0,
    "raised_currency_code": "USD",
    "funded_year": 2012,
    "funded_month": 1,
    "funded_day": 11,
    "investments":
     []}],
 "investments":
  [],
 "acquisition": null,
 "acquisitions":
  [],
 "offices":
  [{"description": "",
    "address1": "131 Varick St",
    "address2": "",
    "zip_code": "10013",
    "city": "NYC",
    "state_code": "NY",
    "country_code": "USA",
    "latitude": 40.801358,
    "longitude": -74.3372}],
 "milestones":
  [],
 "ipo": null,
 "video_embeds":
  [{"embed_code": "\u003Cobject width=\"425\" height=\"344\"\u003E\u003Cparam name=\"movie\" value=\"http://www.youtube.com/v/-P0tkjkSO20?fs=1\u0026amp;hl=en_US\"\u003E\u003C/param\u003E\u003Cparam name=\"allowFullScreen\" value=\"true\"\u003E\u003C/param\u003E\u003Cparam name=\"allowscriptaccess\" value=\"always\"\u003E\u003C/param\u003E\u003Cembed src=\"http://www.youtube.com/v/-P0tkjkSO20?fs=1\u0026amp;hl=en_US\" type=\"application/x-shockwave-flash\" allowscriptaccess=\"always\" allowfullscreen=\"true\" width=\"425\" height=\"344\"\u003E\u003C/embed\u003E\u003C/object\u003E",
    "description": "\u003Cp\u003EGetGlue Overview\u003C/p\u003E"}],
 "screenshots":
  [],
 "external_links":
  [{"external_url": "http://web20show.com/2009/11/episode-57-adaptiveblue-and-getglue/",
    "title": "(Interview) Episode 57 \u00e2\u20ac\u201c AdaptiveBlue \u0026 GetGlue / Alex Iskold"},
   {"external_url": "http://sec.gov/cgi-bin/browse-edgar?action=getcompany\u0026CIK=0001406196",
    "title": "SEC"}],
 "partners":
  []}
