{"name": "ADCentricity",
 "permalink": "adcentricity",
 "crunchbase_url": "http://www.crunchbase.com/company/adcentricity",
 "homepage_url": "http://www.adcentricity.com",
 "blog_url": "",
 "blog_feed_url": "",
 "twitter_username": "ADCentricity",
 "category_code": "advertising",
 "number_of_employees": 5,
 "founded_year": 2007,
 "founded_month": 3,
 "founded_day": 1,
 "deadpooled_year": null,
 "deadpooled_month": null,
 "deadpooled_day": null,
 "deadpooled_url": null,
 "tag_list": "adcentral, advenue, adtarget, adformat, adreporting, adair, admobile, mobile, bluetooth, dooh, advertise, marketing, digital, location, location-based, digital-out-of-home, out-of-home, screen, display, platform, campaign, campaign-planning",
 "alias_list": null,
 "email_address": "info@adcentricity.com",
 "phone_number": "18554491791",
 "description": "Media planning platform solutions",
 "created_at": "Wed Jul 16 16:04:42 UTC 2008",
 "updated_at": "Wed Jul 17 17:35:34 UTC 2013",
 "overview": "\u003Cp\u003EADCentricity\u0026#8217;s core focus is platform services. ADCentricity dis-intermediates the process of location-based digital media campaign planning, purchasing and execution. We are a single-source provider of a broad inventory of available digital media assets for inclusion in media buyer\u0026#8217;s standalone or multi-channel marketing campaigns. Our ADCentral technology platform and its components enable our clients to easily and efficiently access over 240,000 digital media assets across multiple media types for campaign planning, purchasing and deployment. Our technologies employ location-based geo-targeting, demographics, psychographics and sophisticated search tagging to build extremely refined marketing campaigns, large or small, that hit their target audience.\u003C/p\u003E\n\n\u003Cp\u003EThe turn-key solution that is ADCentral includes:\u003C/p\u003E\n\n\u003Cul\u003E\n\u003Cli\u003EIngestion of campaign creative\u003C/li\u003E\n\u003Cli\u003ERegionalization of creative\u003C/li\u003E\n\u003Cli\u003EMultiple aspect and media format generation\u003C/li\u003E\n\u003Cli\u003EDistribution and flighting across multiple networks\u003C/li\u003E\n\u003Cli\u003EReporting including Proof-of-Play\u003C/li\u003E\n\u003Cli\u003ECampaign targeting based on demographics, psychographics, and/or geography\u003C/li\u003E\n\u003Cli\u003EEfficient campaign creation and revisions\u003C/li\u003E\n\u003C/ul\u003E\n\n\u003Cp\u003EADcentricity also offers digital location based advertising. ADCentricity has access to over 240,000 digital media assets that include location-based and in-store screens, interactive displays/kiosks and windows, and in-store radio for campaign planning, targeting and deployment. Our technologies employ location-based geo-targeting, demographics, psychographics and sophisticated search tagging to build extremely refined marketing campaigns, large or small, that hit your target audience.\u003C/p\u003E",
 "image":
  {"available_sizes":
    [[[150,
       69],
      "http://api-images.crunchbase.com/assets/images/resized/0002/2319/22319v4-max-150x150.png"],
     [[236,
       109],
      "http://api-images.crunchbase.com/assets/images/resized/0002/2319/22319v4-max-250x250.png"],
     [[236,
       109],
      "http://api-images.crunchbase.com/assets/images/resized/0002/2319/22319v4-max-450x450.png"]],
   "attribution": null},
 "products":
  [{"name": "ADCentral",
    "permalink": "advenue"},
   {"name": "ADAir",
    "permalink": "adair"},
   {"name": "ADMobile",
    "permalink": "admobile"}],
 "relationships":
  [{"is_past": false,
    "title": "CEO \u0026 President",
    "person":
     {"first_name": "Perry",
      "last_name": "Marshall",
      "permalink": "perry-marshall"}},
   {"is_past": false,
    "title": "CFO",
    "person":
     {"first_name": "Colin",
      "last_name": "Phillips",
      "permalink": "colin-phillips-2"}},
   {"is_past": false,
    "title": "Director, Business Development",
    "person":
     {"first_name": "Stephanie",
      "last_name": "Mole",
      "permalink": "stephanie-mole"}},
   {"is_past": false,
    "title": "Marketing Communications Officer",
    "person":
     {"first_name": "Curtis",
      "last_name": "Champion",
      "permalink": "curtis-champion"}},
   {"is_past": false,
    "title": "Director, Client Services",
    "person":
     {"first_name": "Kristen",
      "last_name": "Dalrymple",
      "permalink": "kristen-dalrymple"}},
   {"is_past": true,
    "title": "VP, Strategic Partnerships",
    "person":
     {"first_name": "Graeme",
      "last_name": "Spicer",
      "permalink": "graeme-spicer"}},
   {"is_past": true,
    "title": "VP Marketing \u0026 Business Development",
    "person":
     {"first_name": "Jeff",
      "last_name": "Atley",
      "permalink": "jeff-atley"}},
   {"is_past": true,
    "title": "President",
    "person":
     {"first_name": "Rob",
      "last_name": "Gorrie",
      "permalink": "rob-gorrie"}},
   {"is_past": true,
    "title": "Board of Advisors \u0026 Investor",
    "person":
     {"first_name": "Jack",
      "last_name": "Fraser",
      "permalink": "jack-fraser"}},
   {"is_past": true,
    "title": "VP, Operations",
    "person":
     {"first_name": "Laurie",
      "last_name": "Freudenberg",
      "permalink": "laurie-freudenberg"}}],
 "competitions":
  [],
 "providerships":
  [],
 "total_money_raised": "$2.94M",
 "funding_rounds":
  [{"id": 6511,
    "round_code": "a",
    "source_url": "http://montrealtechwatch.com/2008/04/23/propulsion-ventures-invests-3m-in-adcentricity/",
    "source_description": "Propulsion Ventures invests $3m in AdCentricity (1)",
    "raised_amount": 2940000.0,
    "raised_currency_code": "USD",
    "funded_year": 2008,
    "funded_month": 6,
    "funded_day": 11,
    "investments":
     [{"company": null,
       "financial_org":
        {"name": "Propulsion Ventures",
         "permalink": "propulsion-ventures"},
       "person": null}]}],
 "investments":
  [],
 "acquisition":
  {"price_amount": null,
   "price_currency_code": "USD",
   "term_code": null,
   "source_url": "http://techcrunch.com/2012/04/23/bee-media-acquires-adcentricity/",
   "source_description": "Bee Media Acquires Adcentricity To Unite Location-Based Advertising \u0026 Mobile Shopping",
   "acquired_year": 2012,
   "acquired_month": 4,
   "acquired_day": 23,
   "acquiring_company":
    {"name": "Bee Media",
     "permalink": "bee-media"}},
 "acquisitions":
  [],
 "offices":
  [{"description": "Toronto",
    "address1": "330 Bay Street",
    "address2": "Suite 820",
    "zip_code": "M5V2S8",
    "city": "Toronto",
    "state_code": null,
    "country_code": "CAN",
    "latitude": null,
    "longitude": null}],
 "milestones":
  [],
 "ipo": null,
 "video_embeds":
  [],
 "screenshots":
  [{"available_sizes":
     [[[150,
        99],
       "http://api-images.crunchbase.com/assets/images/resized/0008/6407/86407v2-max-150x150.png"],
      [[250,
        165],
       "http://api-images.crunchbase.com/assets/images/resized/0008/6407/86407v2-max-250x250.png"],
      [[450,
        298],
       "http://api-images.crunchbase.com/assets/images/resized/0008/6407/86407v2-max-450x450.png"]],
    "attribution": null}],
 "external_links":
  [],
 "partners":
  []}
