{"name": "AddToAny",
 "permalink": "add-to-any",
 "crunchbase_url": "http://www.crunchbase.com/company/add-to-any",
 "homepage_url": "http://www.addtoany.com",
 "blog_url": "http://www.addtoany.com/blog/",
 "blog_feed_url": "http://www.addtoany.com/blog/feed/",
 "twitter_username": "AddToAny",
 "category_code": "public_relations",
 "number_of_employees": null,
 "founded_year": 2006,
 "founded_month": 3,
 "founded_day": 1,
 "deadpooled_year": null,
 "deadpooled_month": null,
 "deadpooled_day": null,
 "deadpooled_url": null,
 "tag_list": "sharing, share, saving, save, subscribing, subscribe, rss, bookmarking, bookmark, adding, add, analytics, statistics, addtoany",
 "alias_list": null,
 "email_address": "",
 "phone_number": "",
 "description": "Helping people share, save and subscribe",
 "created_at": "Tue Feb 12 01:05:24 UTC 2008",
 "updated_at": "Mon May 23 01:47:53 UTC 2011",
 "overview": "\u003Cp\u003EAdd to Any\u0026#8217;s \u0026#8220;Share/Save\u0026#8221; and \u0026#8220;Subscribe\u0026#8221; widgets let website visitors share and save pages using any service, and subscribe to RSS feeds using any feed reader. Widgets contain a searchable menu of every applicable service, with the most popular displayed by default.\u003C/p\u003E\n\n\u003Cp\u003EIn June 2008, Add to Any released the \u0026#8216;Smart Menu\u0026#8217; update to the widgets.  This original feature automatically detects the services each visitor uses and places those services first in the menus.\u003C/p\u003E\n\n\u003Cp\u003ELaunched in early March 2006, Add to Any has been used on MSDN, \u003Ca href=\"http://www.crunchbase.com/company/aol\" title=\"AOL\"\u003EAOL\u003C/a\u003E, PBS, PostSecret, PC World, Reference.com, Greenpeace.org, Weather Underground, \u003Ca href=\"http://www.crunchbase.com/company/springwidgets\" title=\"SpringWidgets\"\u003ESpringWidgets\u003C/a\u003E, \u003Ca href=\"http://www.crunchbase.com/product/wordpress\" title=\"Wordpress\"\u003EWordpress\u003C/a\u003E, and many more websites and blogs.  Services are constantly added and updated.\u003C/p\u003E",
 "image":
  {"available_sizes":
    [[[150,
       38],
      "http://api-images.crunchbase.com/assets/images/resized/0001/1589/11589v3-max-150x150.png"],
     [[250,
       64],
      "http://api-images.crunchbase.com/assets/images/resized/0001/1589/11589v3-max-250x250.png"],
     [[300,
       77],
      "http://api-images.crunchbase.com/assets/images/resized/0001/1589/11589v3-max-450x450.png"]],
   "attribution": null},
 "products":
  [],
 "relationships":
  [{"is_past": false,
    "title": "Founder",
    "person":
     {"first_name": "Pat",
      "last_name": "Diven II",
      "permalink": "pat-diven-ii-2"}}],
 "competitions":
  [{"competitor":
     {"name": "Shareaholic",
      "permalink": "shareaholic"}}],
 "providerships":
  [],
 "total_money_raised": "$0",
 "funding_rounds":
  [],
 "investments":
  [],
 "acquisition":
  {"price_amount": null,
   "price_currency_code": "USD",
   "term_code": null,
   "source_url": "http://techcrunch.com/2011/07/12/kleiner-backed-lockerz-acquires-social-sharing-platform-addtoany/",
   "source_description": "Kleiner-Backed Lockerz Acquires Social Sharing Platform AddToAny",
   "acquired_year": 2011,
   "acquired_month": 7,
   "acquired_day": 12,
   "acquiring_company":
    {"name": "ADOR",
     "permalink": "ador"}},
 "acquisitions":
  [],
 "offices":
  [{"description": null,
    "address1": "",
    "address2": "",
    "zip_code": "94122",
    "city": "San Francisco",
    "state_code": "CA",
    "country_code": "USA",
    "latitude": 37.761959,
    "longitude": -122.483125}],
 "milestones":
  [],
 "ipo": null,
 "video_embeds":
  [],
 "screenshots":
  [{"available_sizes":
     [[[150,
        94],
       "http://api-images.crunchbase.com/assets/images/resized/0004/4689/44689v1-max-150x150.png"],
      [[250,
        157],
       "http://api-images.crunchbase.com/assets/images/resized/0004/4689/44689v1-max-250x250.png"],
      [[450,
        283],
       "http://api-images.crunchbase.com/assets/images/resized/0004/4689/44689v1-max-450x450.png"]],
    "attribution": null},
   {"available_sizes":
     [[[150,
        128],
       "http://api-images.crunchbase.com/assets/images/resized/0004/5324/45324v2-max-150x150.png"],
      [[250,
        213],
       "http://api-images.crunchbase.com/assets/images/resized/0004/5324/45324v2-max-250x250.png"],
      [[388,
        332],
       "http://api-images.crunchbase.com/assets/images/resized/0004/5324/45324v2-max-450x450.png"]],
    "attribution": null},
   {"available_sizes":
     [[[150,
        108],
       "http://api-images.crunchbase.com/assets/images/resized/0004/5325/45325v2-max-150x150.png"],
      [[250,
        181],
       "http://api-images.crunchbase.com/assets/images/resized/0004/5325/45325v2-max-250x250.png"],
      [[350,
        254],
       "http://api-images.crunchbase.com/assets/images/resized/0004/5325/45325v2-max-450x450.png"]],
    "attribution": null}],
 "external_links":
  [{"external_url": "http://www.webware.com/8301-1_109-9967526-2.html",
    "title": "Smarter bookmarking with Add to Any"},
   {"external_url": "http://www.centernetworks.com/add-to-any-personalized-smart-menus",
    "title": ""},
   {"external_url": "http://mashable.com/2007/11/05/add-to-any-widget/",
    "title": ""},
   {"external_url": "http://mashable.com/2008/03/06/add-to-any-google-analytics/",
    "title": ""},
   {"external_url": "http://mashable.com/2008/06/10/add-to-any-smart-menu/",
    "title": ""}],
 "partners":
  []}
