{"name": "additude",
 "permalink": "additude",
 "crunchbase_url": "http://www.crunchbase.com/company/additude",
 "homepage_url": "http://www.additude.com.au",
 "blog_url": "http://www.additude.com.au/blog/",
 "blog_feed_url": "http://www.additude.com.au/blog/index.php/feed/",
 "twitter_username": null,
 "category_code": "other",
 "number_of_employees": 3,
 "founded_year": null,
 "founded_month": null,
 "founded_day": null,
 "deadpooled_year": null,
 "deadpooled_month": null,
 "deadpooled_day": null,
 "deadpooled_url": null,
 "tag_list": "facebook-strategy, facebook-applications, iphone-strategy, iphone-applications, digital-strategy",
 "alias_list": null,
 "email_address": "kk@additude.com.au",
 "phone_number": "+61 3 9863 8079",
 "description": "",
 "created_at": "Thu Nov 27 01:21:57 UTC 2008",
 "updated_at": "Mon Aug 01 22:26:27 UTC 2011",
 "overview": "\u003Cp\u003EAdditude is an Australian based Digital Advertising Agency determined to provide fresh and effective solutions for our clients.  \u003C/p\u003E\n\n\u003Cp\u003EWe have been involved with  everything from CRM campaigns, search optimized and animated web sites, print media brochures, to package design and implementation. Recently we have made major headway within the online social media space, creating branded applications within Facebook and other major networking sites for some of Australia\u00e2\u20ac\u2122s biggest industry players. \u003C/p\u003E",
 "image":
  {"available_sizes":
    [[[150,
       43],
      "http://api-images.crunchbase.com/assets/images/resized/0002/9722/29722v2-max-150x150.jpg"],
     [[248,
       72],
      "http://api-images.crunchbase.com/assets/images/resized/0002/9722/29722v2-max-250x250.jpg"],
     [[248,
       72],
      "http://api-images.crunchbase.com/assets/images/resized/0002/9722/29722v2-max-450x450.jpg"]],
   "attribution": null},
 "products":
  [],
 "relationships":
  [{"is_past": true,
    "title": "Business Development Manager",
    "person":
     {"first_name": "Craig",
      "last_name": "Hodges",
      "permalink": "craig-hodges"}}],
 "competitions":
  [],
 "providerships":
  [],
 "total_money_raised": "$0",
 "funding_rounds":
  [],
 "investments":
  [],
 "acquisition": null,
 "acquisitions":
  [],
 "offices":
  [{"description": "#807 St Kilda Road Towers",
    "address1": "1 Queens Road",
    "address2": "",
    "zip_code": "3004",
    "city": "Melbourne",
    "state_code": null,
    "country_code": "AUS",
    "latitude": -37.835809,
    "longitude": 144.973695}],
 "milestones":
  [],
 "ipo": null,
 "video_embeds":
  [],
 "screenshots":
  [],
 "external_links":
  [{"external_url": "http://www.digital-media.net.au/Article/Facebook-gets-local-marketing-boost/174673.aspx",
    "title": "Facebook Gets Local Marketing Boost"},
   {"external_url": "http://www.theage.com.au/news/innovations/social-networks-get-down-to-business/2008/08/19/1218911707896.html",
    "title": "Social Networks Get Down to Business"}],
 "partners":
  []}
