{"name": "ADEL Solutions",
 "permalink": "adel-solutions",
 "crunchbase_url": "http://www.crunchbase.com/company/adel-solutions",
 "homepage_url": "http://www.adelsolutions.com",
 "blog_url": "",
 "blog_feed_url": "",
 "twitter_username": null,
 "category_code": "software",
 "number_of_employees": null,
 "founded_year": null,
 "founded_month": null,
 "founded_day": null,
 "deadpooled_year": null,
 "deadpooled_month": null,
 "deadpooled_day": null,
 "deadpooled_url": null,
 "tag_list": "ip-telephony, call-centre-software, ippbx, ivr, cti, hosted-communications, call-recording, speech-recognition",
 "alias_list": null,
 "email_address": "info@adelsolutions.com",
 "phone_number": "877-225-8923",
 "description": null,
 "created_at": "Tue Oct 07 00:11:10 UTC 2008",
 "updated_at": "Mon Mar 30 16:09:16 UTC 2009",
 "overview": "\u003Cp\u003EADEL specializes in IP Telephony solutions, Call Centre Software, Hosted Voice Communications, and IT/Telecommunication Consulting Services.\u003C/p\u003E",
 "image":
  {"available_sizes":
    [[[150,
       19],
      "http://api-images.crunchbase.com/assets/images/resized/0003/9751/39751v1-max-150x150.png"],
     [[250,
       32],
      "http://api-images.crunchbase.com/assets/images/resized/0003/9751/39751v1-max-250x250.png"],
     [[438,
       57],
      "http://api-images.crunchbase.com/assets/images/resized/0003/9751/39751v1-max-450x450.png"]],
   "attribution": null},
 "products":
  [],
 "relationships":
  [{"is_past": false,
    "title": "President \u0026 CEO",
    "person":
     {"first_name": "Joe",
      "last_name": "Bigio",
      "permalink": "joe-bigio"}}],
 "competitions":
  [],
 "providerships":
  [],
 "total_money_raised": "$0",
 "funding_rounds":
  [],
 "investments":
  [],
 "acquisition": null,
 "acquisitions":
  [],
 "offices":
  [{"description": "",
    "address1": "",
    "address2": "",
    "zip_code": "",
    "city": "Montreal",
    "state_code": null,
    "country_code": "CAN",
    "latitude": 45.545447,
    "longitude": -73.639076}],
 "milestones":
  [],
 "ipo": null,
 "video_embeds":
  [],
 "screenshots":
  [{"available_sizes":
     [[[150,
        95],
       "http://api-images.crunchbase.com/assets/images/resized/0003/9752/39752v1-max-150x150.png"],
      [[250,
        158],
       "http://api-images.crunchbase.com/assets/images/resized/0003/9752/39752v1-max-250x250.png"],
      [[450,
        285],
       "http://api-images.crunchbase.com/assets/images/resized/0003/9752/39752v1-max-450x450.png"]],
    "attribution": null}],
 "external_links":
  [],
 "partners":
  []}
