{"name": "Adeona",
 "permalink": "adeona",
 "crunchbase_url": "http://www.crunchbase.com/company/adeona",
 "homepage_url": "http://adeona.cs.washington.edu",
 "blog_url": "",
 "blog_feed_url": "",
 "twitter_username": null,
 "category_code": "software",
 "number_of_employees": null,
 "founded_year": null,
 "founded_month": null,
 "founded_day": null,
 "deadpooled_year": null,
 "deadpooled_month": null,
 "deadpooled_day": null,
 "deadpooled_url": null,
 "tag_list": "lap-top-security, computer-security, open-source",
 "alias_list": null,
 "email_address": "adeona@cs.washington.edu",
 "phone_number": "",
 "description": null,
 "created_at": "Wed Jul 16 06:05:41 UTC 2008",
 "updated_at": "Mon Jan 28 03:36:54 UTC 2013",
 "overview": "\u003Cp\u003EAdeona is an Open Source system for tracking the location of a lost or stolen laptop that does not rely on a proprietary, central service. This means that you can install Adeona on your laptop and go \u2014 there\u0026#8217;s no need to rely on a single third party. What\u0026#8217;s more, Adeona is privacy-preserving. This means that no one besides the owner (or an agent of the owner\u0026#8217;s choosing) can use Adeona to track a laptop.\u003C/p\u003E",
 "image":
  {"available_sizes":
    [[[150,
       45],
      "http://api-images.crunchbase.com/assets/images/resized/0002/2179/22179v1-max-150x150.png"],
     [[250,
       75],
      "http://api-images.crunchbase.com/assets/images/resized/0002/2179/22179v1-max-250x250.png"],
     [[340,
       103],
      "http://api-images.crunchbase.com/assets/images/resized/0002/2179/22179v1-max-450x450.png"]],
   "attribution": null},
 "products":
  [],
 "relationships":
  [],
 "competitions":
  [{"competitor":
     {"name": "Absolute Software",
      "permalink": "absolute-software"}}],
 "providerships":
  [],
 "total_money_raised": "$0",
 "funding_rounds":
  [],
 "investments":
  [],
 "acquisition": null,
 "acquisitions":
  [],
 "offices":
  [],
 "milestones":
  [],
 "ipo": null,
 "video_embeds":
  [],
 "screenshots":
  [],
 "external_links":
  [{"external_url": "http://news.cnet.com/8301-13772_3-10024278-52.html",
    "title": ""}],
 "partners":
  []}
