{"name": "Adevia Software",
 "permalink": "adevia-software",
 "crunchbase_url": "http://www.crunchbase.com/company/adevia-software",
 "homepage_url": "http://www.adeviasoftware.com",
 "blog_url": "",
 "blog_feed_url": "",
 "twitter_username": null,
 "category_code": "consulting",
 "number_of_employees": null,
 "founded_year": null,
 "founded_month": null,
 "founded_day": null,
 "deadpooled_year": null,
 "deadpooled_month": null,
 "deadpooled_day": null,
 "deadpooled_url": null,
 "tag_list": null,
 "alias_list": null,
 "email_address": "",
 "phone_number": "",
 "description": null,
 "created_at": "Mon Jun 23 15:43:11 UTC 2008",
 "updated_at": "Sat Sep 06 13:47:10 UTC 2008",
 "overview": "\u003Cp\u003EAdevia Software is a privately held company that provides software products and consulting services to local and international organizations. \u003C/p\u003E",
 "image":
  {"available_sizes":
    [[[150,
       89],
      "http://api-images.crunchbase.com/assets/images/resized/0002/1924/21924v1-max-150x150.png"],
     [[250,
       148],
      "http://api-images.crunchbase.com/assets/images/resized/0002/1924/21924v1-max-250x250.png"],
     [[325,
       193],
      "http://api-images.crunchbase.com/assets/images/resized/0002/1924/21924v1-max-450x450.png"]],
   "attribution": null},
 "products":
  [],
 "relationships":
  [{"is_past": false,
    "title": "Senior Partner",
    "person":
     {"first_name": "Doug",
      "last_name": "Schlenker",
      "permalink": "doug-schlenker"}}],
 "competitions":
  [],
 "providerships":
  [],
 "total_money_raised": "$0",
 "funding_rounds":
  [],
 "investments":
  [],
 "acquisition": null,
 "acquisitions":
  [],
 "offices":
  [],
 "milestones":
  [],
 "ipo": null,
 "video_embeds":
  [],
 "screenshots":
  [],
 "external_links":
  [],
 "partners":
  []}
