{"name": "Adhysteria",
 "permalink": "adhysteria",
 "crunchbase_url": "http://www.crunchbase.com/company/adhysteria",
 "homepage_url": "http://www.adhysteria.com",
 "blog_url": "http://adhysteria.blogspot.com",
 "blog_feed_url": "http://adhysteria.blogspot.com/feeds/posts/default?alt=rss",
 "twitter_username": null,
 "category_code": "web",
 "number_of_employees": 0,
 "founded_year": 2007,
 "founded_month": 9,
 "founded_day": 1,
 "deadpooled_year": 2012,
 "deadpooled_month": 6,
 "deadpooled_day": null,
 "deadpooled_url": "",
 "tag_list": "video-classifieds, video-auctions, free-classifieds, video-sharing",
 "alias_list": null,
 "email_address": "info@adhysteria.com",
 "phone_number": "0091-22-30682326",
 "description": null,
 "created_at": "Wed Nov 28 02:33:00 UTC 2007",
 "updated_at": "Tue May 28 21:31:17 UTC 2013",
 "overview": "\u003Cp\u003EAdhysteria.com allows community members to find a house to live in, a job, make new friends who share their interests, get an audience for their upcoming performance, trade anything else that they might want or have to offer or help out someone in need.\u003C/p\u003E",
 "image":
  {"available_sizes":
    [[[150,
       60],
      "http://api-images.crunchbase.com/assets/images/resized/0000/2353/2353v1-max-150x150.jpg"],
     [[250,
       100],
      "http://api-images.crunchbase.com/assets/images/resized/0000/2353/2353v1-max-250x250.jpg"],
     [[300,
       121],
      "http://api-images.crunchbase.com/assets/images/resized/0000/2353/2353v1-max-450x450.jpg"]],
   "attribution": null},
 "products":
  [{"name": "Adhysteria Video Classifieds",
    "permalink": "video-classifieds"}],
 "relationships":
  [{"is_past": null,
    "title": "Founder",
    "person":
     {"first_name": "Rajiv",
      "last_name": "Unnikrishnan",
      "permalink": "rajiv-unnikrishnan"}}],
 "competitions":
  [{"competitor":
     {"name": "realpeoplerealstuff.com",
      "permalink": "realpeoplerealstuff-com"}}],
 "providerships":
  [],
 "total_money_raised": "$10k",
 "funding_rounds":
  [{"id": 38600,
    "round_code": "seed",
    "source_url": "",
    "source_description": "",
    "raised_amount": 10000.0,
    "raised_currency_code": "USD",
    "funded_year": 2007,
    "funded_month": 7,
    "funded_day": 1,
    "investments":
     [{"company": null,
       "financial_org": null,
       "person":
        {"first_name": "Rajiv",
         "last_name": "Unnikrishnan",
         "permalink": "rajiv-unnikrishnan"}}]}],
 "investments":
  [],
 "acquisition": null,
 "acquisitions":
  [],
 "offices":
  [{"description": "Head Office",
    "address1": "310, Balarma, Bandra",
    "address2": "Kurla Complex, Bandra East",
    "zip_code": "400051",
    "city": "Mumbai",
    "state_code": null,
    "country_code": "IND",
    "latitude": 19.0627565,
    "longitude": 72.8545019}],
 "milestones":
  [],
 "ipo": null,
 "video_embeds":
  [],
 "screenshots":
  [{"available_sizes":
     [[[150,
        102],
       "http://api-images.crunchbase.com/assets/images/resized/0026/8273/268273v1-max-150x150.jpg"],
      [[250,
        170],
       "http://api-images.crunchbase.com/assets/images/resized/0026/8273/268273v1-max-250x250.jpg"],
      [[450,
        307],
       "http://api-images.crunchbase.com/assets/images/resized/0026/8273/268273v1-max-450x450.jpg"]],
    "attribution": null},
   {"available_sizes":
     [[[150,
        90],
       "http://api-images.crunchbase.com/assets/images/resized/0026/8274/268274v1-max-150x150.jpg"],
      [[250,
        150],
       "http://api-images.crunchbase.com/assets/images/resized/0026/8274/268274v1-max-250x250.jpg"],
      [[450,
        270],
       "http://api-images.crunchbase.com/assets/images/resized/0026/8274/268274v1-max-450x450.jpg"]],
    "attribution": null},
   {"available_sizes":
     [[[150,
        90],
       "http://api-images.crunchbase.com/assets/images/resized/0026/8275/268275v1-max-150x150.jpg"],
      [[250,
        150],
       "http://api-images.crunchbase.com/assets/images/resized/0026/8275/268275v1-max-250x250.jpg"],
      [[450,
        270],
       "http://api-images.crunchbase.com/assets/images/resized/0026/8275/268275v1-max-450x450.jpg"]],
    "attribution": null},
   {"available_sizes":
     [[[150,
        90],
       "http://api-images.crunchbase.com/assets/images/resized/0026/8276/268276v1-max-150x150.jpg"],
      [[250,
        150],
       "http://api-images.crunchbase.com/assets/images/resized/0026/8276/268276v1-max-250x250.jpg"],
      [[450,
        270],
       "http://api-images.crunchbase.com/assets/images/resized/0026/8276/268276v1-max-450x450.jpg"]],
    "attribution": null}],
 "external_links":
  [],
 "partners":
  []}
