{"name": "Adjustables",
 "permalink": "adjustables",
 "crunchbase_url": "http://www.crunchbase.com/company/adjustables",
 "homepage_url": "http://www.adjustables.com",
 "blog_url": "",
 "blog_feed_url": "",
 "twitter_username": null,
 "category_code": "advertising",
 "number_of_employees": null,
 "founded_year": 2006,
 "founded_month": null,
 "founded_day": null,
 "deadpooled_year": null,
 "deadpooled_month": null,
 "deadpooled_day": null,
 "deadpooled_url": null,
 "tag_list": "advertising, online-advertising, video-advertising",
 "alias_list": null,
 "email_address": "info@adjustables.com",
 "phone_number": "(408) 524 1637",
 "description": null,
 "created_at": "Wed May 07 18:26:45 UTC 2008",
 "updated_at": "Thu Dec 01 07:43:39 UTC 2011",
 "overview": "\u003Cp\u003EAdjustables provides technology to enhance online video content with interactive visual elements inserted directly into online video streams.\u003C/p\u003E",
 "image":
  {"available_sizes":
    [[[150,
       34],
      "http://api-images.crunchbase.com/assets/images/resized/0001/8111/18111v1-max-150x150.jpg"],
     [[250,
       58],
      "http://api-images.crunchbase.com/assets/images/resized/0001/8111/18111v1-max-250x250.jpg"],
     [[271,
       63],
      "http://api-images.crunchbase.com/assets/images/resized/0001/8111/18111v1-max-450x450.jpg"]],
   "attribution": null},
 "products":
  [],
 "relationships":
  [{"is_past": false,
    "title": "CTO",
    "person":
     {"first_name": "Ferenc",
      "last_name": "N\u00c3\u00a9meth",
      "permalink": "ferenc-nmeth"}},
   {"is_past": false,
    "title": "VP Products",
    "person":
     {"first_name": "Leon",
      "last_name": "van Helvoort",
      "permalink": "leon-van-helvoort"}},
   {"is_past": true,
    "title": "CEO \u0026 Founder",
    "person":
     {"first_name": "Jan",
      "last_name": "van Ottele",
      "permalink": "jan-van-ottele"}},
   {"is_past": true,
    "title": "VP of Marketing \u0026 Founder",
    "person":
     {"first_name": "Menno",
      "last_name": "Biesiot",
      "permalink": "menno-biesiot"}},
   {"is_past": true,
    "title": "VP of Business Development",
    "person":
     {"first_name": "Neal",
      "last_name": "Blaak",
      "permalink": "neal-blaak"}}],
 "competitions":
  [],
 "providerships":
  [],
 "total_money_raised": "$0",
 "funding_rounds":
  [],
 "investments":
  [],
 "acquisition": null,
 "acquisitions":
  [],
 "offices":
  [{"description": null,
    "address1": "440 N. Wolfe Road",
    "address2": "",
    "zip_code": "94085",
    "city": "Sunnyvale",
    "state_code": "CA",
    "country_code": "USA",
    "latitude": 37.384239,
    "longitude": -122.012475}],
 "milestones":
  [],
 "ipo": null,
 "video_embeds":
  [],
 "screenshots":
  [],
 "external_links":
  [],
 "partners":
  []}
