{"name": "Adlib Software",
 "permalink": "adlib-software",
 "crunchbase_url": "http://www.crunchbase.com/company/adlib-software",
 "homepage_url": "http://www.adlibsoftware.com",
 "blog_url": "http://blog.adlibsoftware.com",
 "blog_feed_url": "http://blog.adlibsoftware.com/feed",
 "twitter_username": "adlibsoftware",
 "category_code": "software",
 "number_of_employees": 75,
 "founded_year": 2000,
 "founded_month": null,
 "founded_day": null,
 "deadpooled_year": null,
 "deadpooled_month": null,
 "deadpooled_day": null,
 "deadpooled_url": null,
 "tag_list": "enterprise-software, business-process-efficiency, content-transformation, content-to-pdf",
 "alias_list": "",
 "email_address": "marketing@adlibsoftware.com",
 "phone_number": "1.866.991.1704",
 "description": "The Leader in Content Transformation",
 "created_at": "Fri Aug 22 15:03:53 UTC 2008",
 "updated_at": "Thu Jun 16 15:33:44 UTC 2011",
 "overview": "\u003Cp\u003EAdlib is the leading expert in Enterprise Content Transformation, enabling the world\u0026#8217;s largest organizations by improving the efficiency, quality and control of business processes with content to PDF transformation solutions to optimize productivity, mitigate risk and reduce costs.\u003C/p\u003E\n\n\u003Cp\u003EThe Adlib Content Transformation Platform can stand alone or integrate seamlessly with existing enterprise document management applications. Adlib provides the document conversion, PDF publishing and document workflow foundation that drives enterprise productivity, increases the effectiveness of its people and supports compliance with regulatory bodies and internal processes.\u003C/p\u003E\n\n\u003Cp\u003EThe company was launched in 2000 just outside Toronto, Ontario Canada as Adlib Publishing Systems. In 2005, the brand was redefined to Adlib Software, reflecting the broadening of its document conversion and document workflow solution products and services offering.\u003C/p\u003E\n\n\u003Cp\u003EToday, channel partners include world-class ECM vendors - such as Open Text and EMC - who proudly representing Adlib in the global marketplace. The result is a growing number of Fortune 1000 companies who rely on Adlib products on a daily basis for their enterprise content transformation needs.\u003C/p\u003E",
 "image": null,
 "products":
  [],
 "relationships":
  [{"is_past": false,
    "title": "",
    "person":
     {"first_name": "Heather",
      "last_name": "Angus-Lee",
      "permalink": "frank-levert-2"}}],
 "competitions":
  [],
 "providerships":
  [],
 "total_money_raised": "$0",
 "funding_rounds":
  [],
 "investments":
  [],
 "acquisition": null,
 "acquisitions":
  [],
 "offices":
  [{"description": "Corporate Office",
    "address1": "215-3228 South Service Road",
    "address2": "",
    "zip_code": "L7N 3H8",
    "city": "Burlington",
    "state_code": null,
    "country_code": "CAN",
    "latitude": 43.3590652,
    "longitude": -79.7955702}],
 "milestones":
  [{"id": 15266,
    "description": "Creation of Adlib Software",
    "stoned_year": 2000,
    "stoned_month": null,
    "stoned_day": null,
    "source_url": "",
    "source_text": null,
    "source_description": "",
    "stoneable_type": "Company",
    "stoned_value": null,
    "stoned_value_type": null,
    "stoned_acquirer": null,
    "stoneable":
     {"name": "Adlib Software",
      "permalink": "adlib-software"}},
   {"id": 15267,
    "description": "Company named changed from Adlib Publishing Systems to Adlib Software",
    "stoned_year": 2005,
    "stoned_month": null,
    "stoned_day": null,
    "source_url": "",
    "source_text": null,
    "source_description": "",
    "stoneable_type": "Company",
    "stoned_value": null,
    "stoned_value_type": null,
    "stoned_acquirer": null,
    "stoneable":
     {"name": "Adlib Software",
      "permalink": "adlib-software"}},
   {"id": 15268,
    "description": "New brand and website for Adlib",
    "stoned_year": 2011,
    "stoned_month": 6,
    "stoned_day": 1,
    "source_url": "http://blog.adlibsoftware.com/2011/06/01/birth-announcement-new-brand-website-for-adlib/",
    "source_text": null,
    "source_description": "Birth Announcement Blog Post",
    "stoneable_type": "Company",
    "stoned_value": null,
    "stoned_value_type": null,
    "stoned_acquirer": null,
    "stoneable":
     {"name": "Adlib Software",
      "permalink": "adlib-software"}}],
 "ipo": null,
 "video_embeds":
  [{"embed_code": "\u003Ciframe src=\"http://player.vimeo.com/video/24175295?title=0\u0026amp;byline=0\u0026amp;portrait=0\" width=\"400\" height=\"225\" frameborder=\"0\"\u003E\u003C/iframe\u003E\u003Cp\u003E\u003Ca href=\"http://vimeo.com/24175295\"\u003EThink Efficiency. Think Adlib.\u003C/a\u003E from \u003Ca href=\"http://vimeo.com/adlibsoftware\"\u003EAdlib Software\u003C/a\u003E on \u003Ca href=\"http://vimeo.com\"\u003EVimeo\u003C/a\u003E.\u003C/p\u003E",
    "description": "\u003Cp\u003EThink Efficiency. Think Adlib.\u003C/p\u003E"}],
 "screenshots":
  [{"available_sizes":
     [[[144,
        98],
       "http://api-images.crunchbase.com/assets/images/resized/0013/9143/139143v2-max-150x150.png"],
      [[144,
        98],
       "http://api-images.crunchbase.com/assets/images/resized/0013/9143/139143v2-max-250x250.png"],
      [[144,
        98],
       "http://api-images.crunchbase.com/assets/images/resized/0013/9143/139143v2-max-450x450.png"]],
    "attribution": null},
   {"available_sizes":
     [[[144,
        98],
       "http://api-images.crunchbase.com/assets/images/resized/0013/9144/139144v2-max-150x150.png"],
      [[144,
        98],
       "http://api-images.crunchbase.com/assets/images/resized/0013/9144/139144v2-max-250x250.png"],
      [[144,
        98],
       "http://api-images.crunchbase.com/assets/images/resized/0013/9144/139144v2-max-450x450.png"]],
    "attribution": null}],
 "external_links":
  [],
 "partners":
  []}
