{"name": "adlib",
 "permalink": "adlib",
 "crunchbase_url": "http://www.crunchbase.com/company/adlib",
 "homepage_url": "http://www.adlibjapan.jp",
 "blog_url": "",
 "blog_feed_url": "",
 "twitter_username": null,
 "category_code": "mobile",
 "number_of_employees": 3,
 "founded_year": 2002,
 "founded_month": 5,
 "founded_day": 1,
 "deadpooled_year": null,
 "deadpooled_month": null,
 "deadpooled_day": null,
 "deadpooled_url": null,
 "tag_list": "consulting, mobile, secondlife, advertisement",
 "alias_list": null,
 "email_address": "kabayan@adlibjapan.jp",
 "phone_number": "+81 5037305861",
 "description": null,
 "created_at": "Wed Aug 27 01:08:58 UTC 2008",
 "updated_at": "Sat Sep 06 14:20:30 UTC 2008",
 "overview": "\u003Cp\u003Eadlib provides IT related technical consulting services, including web programing, website and mobile website building, network service platform and security. adlib also invests in and/or establishes those companies which create new value in the related markets.  \u003C/p\u003E\n\n\u003Cp\u003Eadlib is familiar with such technologies as Windows, Linux, FreeBSD, and LAMP. \u003C/p\u003E\n\n\u003Cp\u003EFollowing are the network services owned and run by adlib:\u003C/p\u003E\n\n\u003Cul\u003E\n\u003Cli\u003Egw.jp:  This allows you to convert an attachment file on e-mail to a downloadable URL. Just add the word of \u0026#8216;gw.jp\u0026#8217; at the end of the email address of your receiver when you send an email with a large attachment, e.g.) To: xyz@sample.com -\u0026gt; xyz@sample.comgw.jp.  This  xyz@sample.com will receive your email without attachment. Instead downloadable URLs will be added to the body message. No registration reqired.\u003C/li\u003E\n\u003Cli\u003Emementa.net: This saves avatar\u0026#8217;s action and replays at Secondlife.\nSee in detail http://mementa.net/\u003C/li\u003E\n\u003C/ul\u003E\n\n\u003Cp\u003Eadlib also recently established a new company called adinterest.net, providing a new service.  This service unifies affiliates and drop-shipping services and displays them in one on user\u0026#8217;s PC site. Items to be displayed are selected automatically based on user\u0026#8217;s keywords and the trendies. Users do not need to reset the items. See in detail http://www.adinterest.net (Japanese only).\u003C/p\u003E",
 "image":
  {"available_sizes":
    [[[148,
       56],
      "http://api-images.crunchbase.com/assets/images/resized/0002/4215/24215v2-max-150x150.jpg"],
     [[148,
       56],
      "http://api-images.crunchbase.com/assets/images/resized/0002/4215/24215v2-max-250x250.jpg"],
     [[148,
       56],
      "http://api-images.crunchbase.com/assets/images/resized/0002/4215/24215v2-max-450x450.jpg"]],
   "attribution": null},
 "products":
  [],
 "relationships":
  [{"is_past": false,
    "title": "CTO",
    "person":
     {"first_name": "Takeshi",
      "last_name": "Kabata",
      "permalink": "takeshi-kabata"}},
   {"is_past": false,
    "title": "President",
    "person":
     {"first_name": "Yoshitaka",
      "last_name": "Kabata",
      "permalink": "yoshitaka-kabata"}}],
 "competitions":
  [],
 "providerships":
  [],
 "total_money_raised": "$0",
 "funding_rounds":
  [],
 "investments":
  [],
 "acquisition": null,
 "acquisitions":
  [],
 "offices":
  [],
 "milestones":
  [],
 "ipo": null,
 "video_embeds":
  [],
 "screenshots":
  [],
 "external_links":
  [],
 "partners":
  []}
