{"name": "Adlucent",
 "permalink": "adlucent",
 "crunchbase_url": "http://www.crunchbase.com/company/adlucent",
 "homepage_url": "http://www.adlucent.com",
 "blog_url": "http://www.adlucent.com/blog",
 "blog_feed_url": "",
 "twitter_username": "Adlucent",
 "category_code": "software",
 "number_of_employees": 85,
 "founded_year": 2005,
 "founded_month": 7,
 "founded_day": null,
 "deadpooled_year": null,
 "deadpooled_month": null,
 "deadpooled_day": null,
 "deadpooled_url": null,
 "tag_list": "search-engine-marketing, sem, bid-management, software, seo, retail, ecommerce, ppc-management",
 "alias_list": "",
 "email_address": "info@adlucent.com",
 "phone_number": "800-788-9152",
 "description": "",
 "created_at": "Tue Apr 01 00:28:49 UTC 2008",
 "updated_at": "Thu May 02 04:01:18 UTC 2013",
 "overview": "\u003Cp\u003EBased in Austin, Texas, Adlucent provides Internet retailers with a powerful and scalable platform to effectively create, launch and manage high-volume, product-based online campaigns. Through SKU-level search engine marketing and conversion optimization, Adlucent brings entire product catalogs to the forefront of the search engine results pages and optimizes success at the keyword level.  Adlucent was founded by Michael Griffin in 2005 and has clients in the US, UK, Canada, and Germany.\u003C/p\u003E",
 "image":
  {"available_sizes":
    [[[150,
       67],
      "http://api-images.crunchbase.com/assets/images/resized/0001/6634/16634v3-max-150x150.jpg"],
     [[160,
       72],
      "http://api-images.crunchbase.com/assets/images/resized/0001/6634/16634v3-max-250x250.jpg"],
     [[160,
       72],
      "http://api-images.crunchbase.com/assets/images/resized/0001/6634/16634v3-max-450x450.jpg"]],
   "attribution": null},
 "products":
  [],
 "relationships":
  [{"is_past": false,
    "title": "Founder and CTO",
    "person":
     {"first_name": "Michael",
      "last_name": "Griffin",
      "permalink": "michael-griffin"}},
   {"is_past": false,
    "title": "Founder and CEO",
    "person":
     {"first_name": "Michael",
      "last_name": "Griffin",
      "permalink": "michael-griffin"}},
   {"is_past": false,
    "title": "CCO",
    "person":
     {"first_name": "Ashwani",
      "last_name": "Dhar",
      "permalink": "ashwani-dhar"}},
   {"is_past": false,
    "title": "Vice President of Products",
    "person":
     {"first_name": "Dean",
      "last_name": "Skonieczny",
      "permalink": "dean-skonieczny"}},
   {"is_past": false,
    "title": "Vice President of Engineering",
    "person":
     {"first_name": "Tim",
      "last_name": "Ozor",
      "permalink": "tim-ozor"}},
   {"is_past": false,
    "title": "CFO",
    "person":
     {"first_name": "Angela",
      "last_name": "Vasquez",
      "permalink": "angela-vasquez"}},
   {"is_past": true,
    "title": "CEO",
    "person":
     {"first_name": "Jon",
      "last_name": "Armstrong",
      "permalink": "jon-armstrong"}},
   {"is_past": true,
    "title": "Director of Marketing",
    "person":
     {"first_name": "Lisa",
      "last_name": "Roberts",
      "permalink": "lisa-roberts"}}],
 "competitions":
  [],
 "providerships":
  [],
 "total_money_raised": "$0",
 "funding_rounds":
  [],
 "investments":
  [],
 "acquisition": null,
 "acquisitions":
  [],
 "offices":
  [{"description": "",
    "address1": "2130 S. Congress Ave",
    "address2": "",
    "zip_code": "78704",
    "city": "Austin",
    "state_code": "TX",
    "country_code": "USA",
    "latitude": 30.316226,
    "longitude": -97.71813}],
 "milestones":
  [],
 "ipo": null,
 "video_embeds":
  [],
 "screenshots":
  [],
 "external_links":
  [{"external_url": "http://www.adlucent.com/company/jobs.html",
    "title": "Search Marketing Jobs"},
   {"external_url": "http://www.adlucent.com",
    "title": "SEM Campaign Management"},
   {"external_url": "http://www.adlucent.com/blog",
    "title": "PPC Thought Leadership"}],
 "partners":
  []}
