{"name": "AdMedian LLC",
 "permalink": "admedianllc",
 "crunchbase_url": "http://www.crunchbase.com/company/admedianllc",
 "homepage_url": "http://www.admedian.com",
 "blog_url": "http://www.admedian.com/blog/",
 "blog_feed_url": "http://admedian.com/blog/feed/",
 "twitter_username": null,
 "category_code": "web",
 "number_of_employees": 0,
 "founded_year": 2003,
 "founded_month": 10,
 "founded_day": 1,
 "deadpooled_year": 2008,
 "deadpooled_month": 8,
 "deadpooled_day": 1,
 "deadpooled_url": "",
 "tag_list": "",
 "alias_list": "",
 "email_address": "info@admedian.com",
 "phone_number": "1-800-296-6445",
 "description": "",
 "created_at": "Thu Dec 20 17:21:18 UTC 2007",
 "updated_at": "Wed May 12 21:26:42 UTC 2010",
 "overview": "\u003Cp\u003E\u003Ca href=\"http://www.admedian.com\" title=\"AdMedian\" rel=\"nofollow\"\u003EAdMedian\u003C/a\u003E is an advertising network.\u003C/p\u003E",
 "image":
  {"available_sizes":
    [[[150,
       37],
      "http://api-images.crunchbase.com/assets/images/resized/0001/2707/12707v1-max-150x150.png"],
     [[250,
       62],
      "http://api-images.crunchbase.com/assets/images/resized/0001/2707/12707v1-max-250x250.png"],
     [[314,
       78],
      "http://api-images.crunchbase.com/assets/images/resized/0001/2707/12707v1-max-450x450.png"]],
   "attribution": null},
 "products":
  [],
 "relationships":
  [{"is_past": false,
    "title": "Co-Founder",
    "person":
     {"first_name": "Jamison",
      "last_name": "Geisler",
      "permalink": "jamison-geisler"}},
   {"is_past": false,
    "title": "Presend",
    "person":
     {"first_name": "Danial",
      "last_name": "Nichols",
      "permalink": "danial-nichols"}},
   {"is_past": false,
    "title": "President",
    "person":
     {"first_name": "Dan",
      "last_name": "Nichols",
      "permalink": "dan-nichols"}}],
 "competitions":
  [],
 "providerships":
  [],
 "total_money_raised": "$0",
 "funding_rounds":
  [],
 "investments":
  [],
 "acquisition": null,
 "acquisitions":
  [],
 "offices":
  [{"description": null,
    "address1": "",
    "address2": null,
    "zip_code": "55124",
    "city": "",
    "state_code": "MN",
    "country_code": "USA",
    "latitude": 44.746486,
    "longitude": -93.201975}],
 "milestones":
  [],
 "ipo": null,
 "video_embeds":
  [],
 "screenshots":
  [],
 "external_links":
  [],
 "partners":
  []}
