{"name": "Admeld",
 "permalink": "admeld",
 "crunchbase_url": "http://www.crunchbase.com/company/admeld",
 "homepage_url": "http://www.admeld.com",
 "blog_url": "http://www.admeld.com/blog",
 "blog_feed_url": "http://feeds.feedburner.com/admeld",
 "twitter_username": "admeld",
 "category_code": "advertising",
 "number_of_employees": null,
 "founded_year": 2007,
 "founded_month": 10,
 "founded_day": null,
 "deadpooled_year": null,
 "deadpooled_month": null,
 "deadpooled_day": null,
 "deadpooled_url": null,
 "tag_list": "advertising, software, ad-network-optimization, yield-optimization, real-time-bidding, rtb",
 "alias_list": "",
 "email_address": "",
 "phone_number": "212-244-1144",
 "description": "Publisher Ad Platform",
 "created_at": "Wed Jul 30 02:38:32 UTC 2008",
 "updated_at": "Mon Sep 02 16:27:29 UTC 2013",
 "overview": "\u003Cp\u003EAdmeld helps the world\u0026#8217;s top online publishers sell their ad inventory smarter. Built and run by publishing veterans, the company provides its clients with expertise and technology to capture new revenue streams, control how they sell each impression, and protect their data and brand.  Admeld customers include Answers.com, Discovery Communications, FOX News, Hearst Television, IDG TechNetwork, The Weather Channel and more than 500 others worldwide. The company is headquartered in New York City with offices in London, Berlin, San Francisco, and Toronto.  Visit www.admeld.com for more information.\u003C/p\u003E",
 "image":
  {"available_sizes":
    [[[150,
       41],
      "http://api-images.crunchbase.com/assets/images/resized/0002/2996/22996v5-max-150x150.png"],
     [[200,
       55],
      "http://api-images.crunchbase.com/assets/images/resized/0002/2996/22996v5-max-250x250.png"],
     [[200,
       55],
      "http://api-images.crunchbase.com/assets/images/resized/0002/2996/22996v5-max-450x450.png"]],
   "attribution": null},
 "products":
  [],
 "relationships":
  [{"is_past": false,
    "title": "Founder and CRO",
    "person":
     {"first_name": "Ben",
      "last_name": "Barokas",
      "permalink": "ben-barokas"}},
   {"is_past": false,
    "title": "Founder and CTO",
    "person":
     {"first_name": "Brian",
      "last_name": "Adams",
      "permalink": "brian-adams"}},
   {"is_past": false,
    "title": "Executive Vice-President, Operations",
    "person":
     {"first_name": "Brian",
      "last_name": "Kane",
      "permalink": "brian-kane-3"}},
   {"is_past": false,
    "title": "Board of Directors",
    "person":
     {"first_name": "Seth",
      "last_name": "Levine",
      "permalink": "seth-levine"}},
   {"is_past": true,
    "title": "CEO",
    "person":
     {"first_name": "Michael",
      "last_name": "Barrett",
      "permalink": "michael-barrett"}},
   {"is_past": true,
    "title": "Chief Revenue Officer",
    "person":
     {"first_name": "Jason",
      "last_name": "Kelly",
      "permalink": "jason-kelly-2"}},
   {"is_past": true,
    "title": "Vice President, Client Services",
    "person":
     {"first_name": "Adam",
      "last_name": "Klee",
      "permalink": "adam-klee"}},
   {"is_past": true,
    "title": "VP Mobile",
    "person":
     {"first_name": "Marc",
      "last_name": "Theermann",
      "permalink": "marc-theermann"}},
   {"is_past": true,
    "title": "Board Director",
    "person":
     {"first_name": "Santo",
      "last_name": "Politi",
      "permalink": "santo-politi"}},
   {"is_past": true,
    "title": "Board of Directors",
    "person":
     {"first_name": "Alex",
      "last_name": "Blum",
      "permalink": "alex-blum"}},
   {"is_past": true,
    "title": "Manager, Associate Publisher Development",
    "person":
     {"first_name": "Steve",
      "last_name": "Roach",
      "permalink": "steve-roach"}},
   {"is_past": true,
    "title": "Various Positions",
    "person":
     {"first_name": "Matt",
      "last_name": "Burton",
      "permalink": "matt-burton"}},
   {"is_past": true,
    "title": "Board of Director",
    "person":
     {"first_name": "Jeffrey",
      "last_name": "Crowe",
      "permalink": "jeffrey-crowe"}},
   {"is_past": true,
    "title": "Board of Director",
    "person":
     {"first_name": "Jeff",
      "last_name": "Crowe",
      "permalink": "jeff-crowe"}},
   {"is_past": true,
    "title": "Publisher Development Executive",
    "person":
     {"first_name": "Casey",
      "last_name": "Saran",
      "permalink": "casey-saran"}},
   {"is_past": true,
    "title": "Engineer",
    "person":
     {"first_name": "Jonathan",
      "last_name": "Kelfer",
      "permalink": "jonathan-kelfer"}}],
 "competitions":
  [{"competitor":
     {"name": "Rubicon Project",
      "permalink": "rubiconproject"}},
   {"competitor":
     {"name": "PubMatic",
      "permalink": "pubmatic"}},
   {"competitor":
     {"name": "OpenX",
      "permalink": "openx"}}],
 "providerships":
  [{"title": "Public Relations",
    "is_past": false,
    "provider":
     {"name": "Inkhouse",
      "permalink": "inkhouse"}},
   {"title": "Public Relations",
    "is_past": true,
    "provider":
     {"name": "Wise Public Relations",
      "permalink": "wise-pr"}}],
 "total_money_raised": "$30M",
 "funding_rounds":
  [{"id": 3047,
    "round_code": "a",
    "source_url": "http://www.admeld.com/michael_barrett_ceo_admeld.html",
    "source_description": " Industry Moves: AdMeld Taps Former FIM Exec Barrett As CEO, Secures New Funding",
    "raised_amount": 7000000.0,
    "raised_currency_code": "USD",
    "funded_year": 2008,
    "funded_month": 11,
    "funded_day": 10,
    "investments":
     [{"company": null,
       "financial_org":
        {"name": "Foundry Group",
         "permalink": "foundry-group"},
       "person": null},
      {"company": null,
       "financial_org":
        {"name": "Spark Capital",
         "permalink": "spark-capital"},
       "person": null}]},
   {"id": 6883,
    "round_code": "b",
    "source_url": "http://www.techcrunch.com/2009/06/24/ad-optimizer-admeld-raises-8-million-opens-uk-operations/",
    "source_description": "Ad Optimizer AdMeld Raises $8 Million, Opens UK Operations",
    "raised_amount": 8000000.0,
    "raised_currency_code": "USD",
    "funded_year": 2009,
    "funded_month": 6,
    "funded_day": 24,
    "investments":
     [{"company": null,
       "financial_org":
        {"name": "Foundry Group",
         "permalink": "foundry-group"},
       "person": null},
      {"company": null,
       "financial_org":
        {"name": "Spark Capital",
         "permalink": "spark-capital"},
       "person": null}]},
   {"id": 17370,
    "round_code": "c",
    "source_url": "http://paidcontent.org/article/419-admeld-raises-15-million-round-time-warner-among-new-backers/",
    "source_description": " AdMeld Raises $15 Million Round; Time Warner Among New Backers ",
    "raised_amount": 15000000.0,
    "raised_currency_code": "USD",
    "funded_year": 2010,
    "funded_month": 8,
    "funded_day": 1,
    "investments":
     [{"company": null,
       "financial_org":
        {"name": "Norwest Venture Partners",
         "permalink": "norwest-venture-partners"},
       "person": null},
      {"company": null,
       "financial_org":
        {"name": "Time Warner Investments",
         "permalink": "time-warner-investments"},
       "person": null},
      {"company": null,
       "financial_org":
        {"name": "Spark Capital",
         "permalink": "spark-capital"},
       "person": null},
      {"company": null,
       "financial_org":
        {"name": "Foundry Group",
         "permalink": "foundry-group"},
       "person": null}]}],
 "investments":
  [],
 "acquisition":
  {"price_amount": 400000000.0,
   "price_currency_code": "CAD",
   "term_code": null,
   "source_url": "http://techcrunch.com/2011/06/09/google-acquires-admeld-for-400-million/",
   "source_description": "",
   "acquired_year": 2011,
   "acquired_month": 6,
   "acquired_day": null,
   "acquiring_company":
    {"name": "Google",
     "permalink": "google"}},
 "acquisitions":
  [],
 "offices":
  [{"description": "Admeld NYC (HQ)",
    "address1": "One Madison Ave",
    "address2": "4th Floor",
    "zip_code": "10010",
    "city": "New York",
    "state_code": "NY",
    "country_code": "USA",
    "latitude": 40.755253,
    "longitude": -73.992152},
   {"description": "AdMeld UK",
    "address1": "Butler House",
    "address2": "177-178 Tottenham Court Rd",
    "zip_code": "W1T 7NY",
    "city": "London",
    "state_code": null,
    "country_code": "GBR",
    "latitude": null,
    "longitude": null},
   {"description": "Admeld Berlin",
    "address1": "M\u00c3\u00bcnzstra\u00c3\u0178e 19",
    "address2": "",
    "zip_code": "10178",
    "city": "Berlin",
    "state_code": null,
    "country_code": "DEU",
    "latitude": null,
    "longitude": null}],
 "milestones":
  [{"id": 9104,
    "description": "AdMeld named to Lead411's New York City Hot 125 ",
    "stoned_year": 2010,
    "stoned_month": 8,
    "stoned_day": 31,
    "source_url": "http://www.lead411.com/topnewyorkcompanies.html",
    "source_text": null,
    "source_description": "New York City Hot 125",
    "stoneable_type": "Company",
    "stoned_value": null,
    "stoned_value_type": null,
    "stoned_acquirer": null,
    "stoneable":
     {"name": "Admeld",
      "permalink": "admeld"}}],
 "ipo": null,
 "video_embeds":
  [{"embed_code": "\u003Ciframe width=\"430\" height=\"242\" src=\"http://www.youtube.com/embed/zGTWkuKCLbI\" frameborder=\"0\" allowfullscreen\u003E\u003C/iframe\u003E",
    "description": ""}],
 "screenshots":
  [],
 "external_links":
  [],
 "partners":
  []}
