{"name": "Admixture",
 "permalink": "admixture",
 "crunchbase_url": "http://www.crunchbase.com/company/admixture",
 "homepage_url": "http://www.admixturenetwork.com",
 "blog_url": "",
 "blog_feed_url": "",
 "twitter_username": null,
 "category_code": "advertising",
 "number_of_employees": null,
 "founded_year": 2006,
 "founded_month": 3,
 "founded_day": 23,
 "deadpooled_year": 2009,
 "deadpooled_month": 7,
 "deadpooled_day": 1,
 "deadpooled_url": "",
 "tag_list": "multicultural, online-advertising, hispanic, african-american, asian, website-representation",
 "alias_list": null,
 "email_address": "info@admixturenetwork.com",
 "phone_number": "888 760 4954",
 "description": null,
 "created_at": "Fri May 23 18:56:08 UTC 2008",
 "updated_at": "Tue Mar 02 23:32:04 UTC 2010",
 "overview": "\u003Cp\u003EAdmixture is a website representation company that focuses on multicultural markets - Hispanic, Asian, and African-American.\u003C/p\u003E",
 "image":
  {"available_sizes":
    [[[150,
       51],
      "http://api-images.crunchbase.com/assets/images/resized/0001/9228/19228v2-max-150x150.jpg"],
     [[250,
       85],
      "http://api-images.crunchbase.com/assets/images/resized/0001/9228/19228v2-max-250x250.jpg"],
     [[450,
       153],
      "http://api-images.crunchbase.com/assets/images/resized/0001/9228/19228v2-max-450x450.jpg"]],
   "attribution": null},
 "products":
  [],
 "relationships":
  [{"is_past": false,
    "title": "CEO",
    "person":
     {"first_name": "Diane",
      "last_name": "Salcido",
      "permalink": "diane-salcido"}},
   {"is_past": true,
    "title": "CEO",
    "person":
     {"first_name": "Danny",
      "last_name": "Allen",
      "permalink": "danny-allen"}},
   {"is_past": true,
    "title": "Director of Sales \u0026 Marketing",
    "person":
     {"first_name": "Diane",
      "last_name": "Salcido",
      "permalink": "diane-salcido"}}],
 "competitions":
  [],
 "providerships":
  [],
 "total_money_raised": "$0",
 "funding_rounds":
  [],
 "investments":
  [],
 "acquisition": null,
 "acquisitions":
  [],
 "offices":
  [{"description": null,
    "address1": "1612 U Street NW",
    "address2": "Suite 410",
    "zip_code": "20009",
    "city": "Washington",
    "state_code": "DC",
    "country_code": "USA",
    "latitude": 38.916733,
    "longitude": -77.037614}],
 "milestones":
  [],
 "ipo": null,
 "video_embeds":
  [],
 "screenshots":
  [],
 "external_links":
  [],
 "partners":
  []}
