{"name": "AdOn Network",
 "permalink": "adon-network",
 "crunchbase_url": "http://www.crunchbase.com/company/adon-network",
 "homepage_url": "http://www.AdOnNetwork.com",
 "blog_url": "http://www.adon-blog.com",
 "blog_feed_url": "http://www.adon-blog.com/index.rdf",
 "twitter_username": "AdOnNetwork",
 "category_code": "advertising",
 "number_of_employees": 50,
 "founded_year": 1999,
 "founded_month": null,
 "founded_day": null,
 "deadpooled_year": null,
 "deadpooled_month": null,
 "deadpooled_day": null,
 "deadpooled_url": null,
 "tag_list": "ad-network, online-advertising, internet-advertising, text-ads, display-ads, pop-under-ads",
 "alias_list": "",
 "email_address": "kory@adonnetwork.com",
 "phone_number": "602-797-8400",
 "description": "",
 "created_at": "Fri Jun 20 22:57:20 UTC 2008",
 "updated_at": "Wed Oct 02 23:18:02 UTC 2013",
 "overview": "\u003Cp\u003EAdOn Network is a premier online Pay Per Click (PPC) advertising company that provides innovative contextual and audience based advertising solutions for advertisers and publishers and delivers high-quality traffic from U.S. and international sources. The company was established in 1999 and has headquarters in Phoenix, Ariz. \u003C/p\u003E\n\n\u003Cp\u003EWe equip advertisers with powerful, performance-based solutions that maximize their revenues. AdOn Network provides robust campaign, account management and reporting tools to give advertisers unmatched flexibility and control to maximize their ROI. Learn more \u0026gt; \u003C/p\u003E\n\n\u003Cp\u003EOur PPC advertising company enables publishers to monetize their traffic from multiple forms of search advertising. AdOn Network handles the entire keyword management process from beginning to end, allowing publishers to concentrate their efforts on marketing and advertiser acquisition. Learn more \u0026gt; \u003C/p\u003E\n\n\u003Cp\u003EPV Media Group Company \u003C/p\u003E\n\n\u003Cp\u003EAdOn Network is a subsidiary of PV Media Group, Inc. PV Media Group offers a full suite of online media solutions from leading companies in online advertising and marketing, search engine optimization and other areas to form a world-class Internet marketing powerhouse. The combined expertise and experience offered by the PV Media Group companies enables us to deliver a robust selection of innovative services to our publishing, advertising and agency partners. \u003C/p\u003E",
 "image":
  {"available_sizes":
    [[[150,
       29],
      "http://api-images.crunchbase.com/assets/images/resized/0002/0766/20766v2-max-150x150.png"],
     [[250,
       49],
      "http://api-images.crunchbase.com/assets/images/resized/0002/0766/20766v2-max-250x250.png"],
     [[300,
       59],
      "http://api-images.crunchbase.com/assets/images/resized/0002/0766/20766v2-max-450x450.png"]],
   "attribution": null},
 "products":
  [{"name": "AdOn Network Online Advertising",
    "permalink": "adon-network-online-advertising"},
   {"name": "AdOn Network Mobile Advertising",
    "permalink": "adon-network-mobile-advertising"}],
 "relationships":
  [{"is_past": true,
    "title": "President \u0026 CEO",
    "person":
     {"first_name": "Steve",
      "last_name": "Armstrong",
      "permalink": "steve-armstrong"}},
   {"is_past": true,
    "title": "President \u0026 CTO",
    "person":
     {"first_name": "Bhaskar",
      "last_name": "Ballapragada",
      "permalink": "bhaskar-ballapragada"}},
   {"is_past": true,
    "title": "VP Marketing",
    "person":
     {"first_name": "Kory",
      "last_name": "Kredit",
      "permalink": "kory-kredit"}},
   {"is_past": true,
    "title": "VP Operations, Client Services",
    "person":
     {"first_name": "Rachel",
      "last_name": "Greenberg",
      "permalink": "rachel-greenberg"}},
   {"is_past": true,
    "title": "VP Sales \u0026 Biz Dev",
    "person":
     {"first_name": "Cleve",
      "last_name": "Kennelly",
      "permalink": "cleve-kennelly"}},
   {"is_past": true,
    "title": "VP Operations, Advertiser Services",
    "person":
     {"first_name": "Geoff",
      "last_name": "Gieron",
      "permalink": "geoff-gieron"}},
   {"is_past": true,
    "title": "Sales and Business Development",
    "person":
     {"first_name": "Ed",
      "last_name": "Gonzalez",
      "permalink": "ed-gonzalez"}},
   {"is_past": true,
    "title": "Board member",
    "person":
     {"first_name": "Steve",
      "last_name": "Armstrong",
      "permalink": "steve-armstrong"}},
   {"is_past": true,
    "title": "VP Product Strategy",
    "person":
     {"first_name": "Robert",
      "last_name": "McDaniel",
      "permalink": "robert-mcdaniel"}},
   {"is_past": true,
    "title": "General Manager",
    "person":
     {"first_name": "Bhaskar",
      "last_name": "Ballapragada",
      "permalink": "bhaskar-ballapragada"}}],
 "competitions":
  [{"competitor":
     {"name": "adBrite",
      "permalink": "adbrite"}},
   {"competitor":
     {"name": "ValueClick",
      "permalink": "valueclick"}},
   {"competitor":
     {"name": "Casale Media",
      "permalink": "casalemedia"}},
   {"competitor":
     {"name": "Tribal Fusion",
      "permalink": "tribalfusion"}},
   {"competitor":
     {"name": "Burst Media",
      "permalink": "burstmedia"}},
   {"competitor":
     {"name": "Undertone",
      "permalink": "undertone"}},
   {"competitor":
     {"name": "CPXi",
      "permalink": "cpxi"}}],
 "providerships":
  [{"title": "PR",
    "is_past": true,
    "provider":
     {"name": "Lippin Group",
      "permalink": "lippin-group"}},
   {"title": "Logo'd Merchandise",
    "is_past": false,
    "provider":
     {"name": "Geiger",
      "permalink": "geiger"}},
   {"title": "Public Relations",
    "is_past": true,
    "provider":
     {"name": "Wise Public Relations",
      "permalink": "wise-pr"}},
   {"title": "Public Relations",
    "is_past": true,
    "provider":
     {"name": "Clement | Peterson",
      "permalink": "clement-communications"}}],
 "total_money_raised": "$0",
 "funding_rounds":
  [],
 "investments":
  [],
 "acquisition": null,
 "acquisitions":
  [],
 "offices":
  [{"description": "Arizona Office",
    "address1": "1275 W Washington",
    "address2": "Suite 205",
    "zip_code": "85281",
    "city": "Tempe",
    "state_code": "AZ",
    "country_code": "USA",
    "latitude": 33.445096,
    "longitude": -111.9600942},
   {"description": "Corporate Headquarters",
    "address1": "1660 Walt Whitman Road",
    "address2": "Suite 100",
    "zip_code": "11747",
    "city": "Melville",
    "state_code": "NY",
    "country_code": "USA",
    "latitude": 40.775856,
    "longitude": -73.424227}],
 "milestones":
  [],
 "ipo": null,
 "video_embeds":
  [],
 "screenshots":
  [],
 "external_links":
  [{"external_url": "http://www.mediapost.com/publications/index.cfm?fa=Archives.showArchive\u0026art_type=36\u0026author=1647",
    "title": "MediaPost Online Publishing Insider, by Kory Kredit"}],
 "partners":
  []}
