{"name": "ADP",
 "permalink": "adp",
 "crunchbase_url": "http://www.crunchbase.com/company/adp",
 "homepage_url": "http://www.adp.com",
 "blog_url": "http://adpvantagehcm.com",
 "blog_feed_url": "",
 "twitter_username": "ADP",
 "category_code": "consulting",
 "number_of_employees": 60000,
 "founded_year": 1949,
 "founded_month": null,
 "founded_day": null,
 "deadpooled_year": null,
 "deadpooled_month": null,
 "deadpooled_day": null,
 "deadpooled_url": null,
 "tag_list": "outsourcing, consultancy, business",
 "alias_list": "Automatic Data Processing ",
 "email_address": "",
 "phone_number": "800-225-5237",
 "description": "Business Outsourcing Solutions",
 "created_at": "Mon Jul 14 22:01:31 UTC 2008",
 "updated_at": "Wed Apr 16 04:22:14 UTC 2014",
 "overview": "\u003Cp\u003EAutomatic Data Processing, Inc. (ADP) is one of the largest providers of business processing and cloud-based solutions \u2013 including payroll, talent management, human resource management, benefits administration and time and attendance \u2013 to employers and automotive dealerships around the world. We build configurable solutions that can fit your organization\u0026#8217;s unique goals and increase your productivity.\u003C/p\u003E\n\n\u003Cp\u003EADP serves about 620,000 organizations in more than 125 countries, including 425,000 small-business clients and 26,000 vehicle dealerships. Over 80 percent of FORTUNE 500\u00ae companies and more than 90 FORTUNE 100 companies use at least one of ADP\u0026#8217;s services.\u003C/p\u003E\n\n\u003Cp\u003EPartnering with ADP means you get solutions with the latest technology \u2013 so you can focus your limited time and resources on your business, not back-office administration.\u003C/p\u003E",
 "image":
  {"available_sizes":
    [[[150,
       68],
      "http://api-images.crunchbase.com/assets/images/resized/0002/2320/22320v2-max-150x150.png"],
     [[175,
       80],
      "http://api-images.crunchbase.com/assets/images/resized/0002/2320/22320v2-max-250x250.png"],
     [[175,
       80],
      "http://api-images.crunchbase.com/assets/images/resized/0002/2320/22320v2-max-450x450.png"]],
   "attribution": null},
 "products":
  [],
 "relationships":
  [{"is_past": false,
    "title": "Corporate Vice President and Chief Financial Officer",
    "person":
     {"first_name": "Jan",
      "last_name": "Siegmund",
      "permalink": "jan-siegmund"}},
   {"is_past": false,
    "title": "Corporate Vice President and CIO",
    "person":
     {"first_name": "Michael",
      "last_name": "L. Capone",
      "permalink": "michael-l-capone"}},
   {"is_past": false,
    "title": "VP Product Development, CTO",
    "person":
     {"first_name": "Steven",
      "last_name": "Zobell",
      "permalink": "steven-zobell"}},
   {"is_past": false,
    "title": "Corporate Vice President and CHRO",
    "person":
     {"first_name": "Dermot",
      "last_name": "J. O'Brien",
      "permalink": "dermot-j-obrien"}},
   {"is_past": false,
    "title": "Corporate Vice President; General Counsel and Secretary",
    "person":
     {"first_name": "Michael",
      "last_name": "Bonarti",
      "permalink": "michael-bonarti"}},
   {"is_past": false,
    "title": "Corporate Vice President, Client Experience and Continuous Improvement",
    "person":
     {"first_name": "John",
      "last_name": "C. Ayala",
      "permalink": "john-c-ayala"}},
   {"is_past": false,
    "title": "President, Dealer Services Group",
    "person":
     {"first_name": "Steve",
      "last_name": "J. Anenen",
      "permalink": "steve-j-anenen"}},
   {"is_past": false,
    "title": "Executive Vice President, Worldwide Sales and Marketing",
    "person":
     {"first_name": "Edward",
      "last_name": "Flynn",
      "permalink": "edward-flynn"}},
   {"is_past": false,
    "title": "President, Added Value Services",
    "person":
     {"first_name": "Dougles",
      "last_name": "W. Politi",
      "permalink": "douglas-w-politi"}},
   {"is_past": false,
    "title": "President, Employer Services International",
    "person":
     {"first_name": "Mark",
      "last_name": "Benjamin",
      "permalink": "mark-benjamin"}},
   {"is_past": false,
    "title": "President",
    "person":
     {"first_name": "Regina",
      "last_name": "R. Lee",
      "permalink": "regina-r-lee"}},
   {"is_past": false,
    "title": "President, Small Business Services/ADP",
    "person":
     {"first_name": "Anish",
      "last_name": "D. Rajparia",
      "permalink": "anish-d-rajparia"}},
   {"is_past": true,
    "title": "Founder (BZ Results)",
    "person":
     {"first_name": "Adam",
      "last_name": "DeGraide",
      "permalink": "adam-degraide"}},
   {"is_past": true,
    "title": "CFO",
    "person":
     {"first_name": "Karen",
      "last_name": "Dykstra",
      "permalink": "karen-dykstra"}},
   {"is_past": true,
    "title": "Chief Financial Officer",
    "person":
     {"first_name": "Barry",
      "last_name": "Jenkins",
      "permalink": "barry-jenkins"}},
   {"is_past": true,
    "title": "SVP, Chief Information Officer",
    "person":
     {"first_name": "Hugh",
      "last_name": "Cumming",
      "permalink": "hugh-cumming"}},
   {"is_past": true,
    "title": "CFO",
    "person":
     {"first_name": "Jim",
      "last_name": "Doehrman",
      "permalink": "jim-doehrman"}},
   {"is_past": true,
    "title": "VP, Operations",
    "person":
     {"first_name": "Scott",
      "last_name": "Scherr",
      "permalink": "scott-scherr"}},
   {"is_past": true,
    "title": "VP, Dealer Services Div.",
    "person":
     {"first_name": "Gregory",
      "last_name": "Swick",
      "permalink": "gregory-swick"}},
   {"is_past": true,
    "title": "Staff Vice President \u0026 Associate General Counsel",
    "person":
     {"first_name": "Daniel",
      "last_name": "Zaccardo",
      "permalink": "daniel-zaccardo"}},
   {"is_past": true,
    "title": "Vice President of Marketing, Planning and Business Development for the Company\u2019s Time \u0026 Labor Management Group",
    "person":
     {"first_name": "Slade",
      "last_name": "Kobran",
      "permalink": "slade-kobran"}},
   {"is_past": true,
    "title": "SVP, Product Strategy for ADP Employer Services",
    "person":
     {"first_name": "Zena",
      "last_name": "Brand",
      "permalink": "zena-brand"}},
   {"is_past": true,
    "title": "VP",
    "person":
     {"first_name": "Jim",
      "last_name": "Magers",
      "permalink": "jim-magers"}},
   {"is_past": true,
    "title": "President, Major Accounts, Executive Vice-President, Global Sales, Division President, Tax \u0026 Financial Services, Senior Vice-President/GM, Retirement Services, Senior Vice-President, Brokerage Information Services, Vice-President, International, Vice-Pres",
    "person":
     {"first_name": "Vince",
      "last_name": "Coppola",
      "permalink": "vince-coppola"}},
   {"is_past": true,
    "title": "SVP, Marketing \u0026 Business Development",
    "person":
     {"first_name": "Brad",
      "last_name": "Smith",
      "permalink": "brad-smith-3"}},
   {"is_past": true,
    "title": "Division Vice President, ADP Employease",
    "person":
     {"first_name": "Michael",
      "last_name": "Seckler",
      "permalink": "michael-seckler"}},
   {"is_past": true,
    "title": "SVP",
    "person":
     {"first_name": "Isaak",
      "last_name": "Karaev",
      "permalink": "isaak-karaev"}},
   {"is_past": true,
    "title": "Area Vice President - Sales",
    "person":
     {"first_name": "Mark",
      "last_name": "Godley",
      "permalink": "mark-godley"}},
   {"is_past": true,
    "title": "Corporate Vice President",
    "person":
     {"first_name": "Howard",
      "last_name": "Koenig",
      "permalink": "howard-koenig"}},
   {"is_past": true,
    "title": "Senior District Sales Mananger",
    "person":
     {"first_name": "Brian",
      "last_name": "P. Hassan",
      "permalink": "brian-p-hassan"}},
   {"is_past": true,
    "title": "New Business Consultant",
    "person":
     {"first_name": "Ashwin",
      "last_name": "Singh",
      "permalink": "ashwin-singh"}},
   {"is_past": true,
    "title": "Project Manager",
    "person":
     {"first_name": "Clark",
      "last_name": "J. Convery",
      "permalink": "clark-j-convery"}},
   {"is_past": true,
    "title": "Corporate Sales Manager, Pre-Employment Services",
    "person":
     {"first_name": "Mark",
      "last_name": "Sandor",
      "permalink": "mark-sandor"}},
   {"is_past": true,
    "title": "Corporate Sales Manager",
    "person":
     {"first_name": "Todd",
      "last_name": "Hicks",
      "permalink": "todd-hicks"}},
   {"is_past": true,
    "title": "Director of Technical Services",
    "person":
     {"first_name": "Matt",
      "last_name": "Hegarty",
      "permalink": "matt-hegarty"}},
   {"is_past": true,
    "title": "Sales Executive",
    "person":
     {"first_name": "Joe",
      "last_name": "Lyons",
      "permalink": "joe-lyons"}},
   {"is_past": true,
    "title": "District Manager",
    "person":
     {"first_name": "Kevin",
      "last_name": "Brown",
      "permalink": "kevin-brown"}},
   {"is_past": true,
    "title": "Product Specialist",
    "person":
     {"first_name": "Kedar",
      "last_name": "Iyer",
      "permalink": "kedar-iyer"}},
   {"is_past": true,
    "title": "District Manager",
    "person":
     {"first_name": "Colin",
      "last_name": "Casey",
      "permalink": "colin-casey"}},
   {"is_past": true,
    "title": "Senior Vice President",
    "person":
     {"first_name": "Bert",
      "last_name": "Winemiller",
      "permalink": "bert-winemiller"}},
   {"is_past": true,
    "title": "Director, Customer Service (BZ Results)",
    "person":
     {"first_name": "Jonathan",
      "last_name": "Monterecy",
      "permalink": "jonathan-monterecy"}},
   {"is_past": true,
    "title": "Led Implementation, Strategic Account Management and Marketing",
    "person":
     {"first_name": "Tiffany",
      "last_name": "Pack",
      "permalink": "tiffany-pack"}},
   {"is_past": true,
    "title": "Sales Management",
    "person":
     {"first_name": "Jon",
      "last_name": "Hale",
      "permalink": "jon-hale"}},
   {"is_past": true,
    "title": "Executive Management",
    "person":
     {"first_name": "Keith",
      "last_name": "Jezek",
      "permalink": "keith-jezek"}},
   {"is_past": true,
    "title": "District Manager \u0026 Corporate Sales Trainer",
    "person":
     {"first_name": "Michael",
      "last_name": "Haske",
      "permalink": "michael-haske"}},
   {"is_past": true,
    "title": "Sales Management",
    "person":
     {"first_name": "Alston",
      "last_name": "Gardner",
      "permalink": "alston-gardner"}},
   {"is_past": true,
    "title": "Analyst - Wholesale Div.",
    "person":
     {"first_name": "Vivian",
      "last_name": "Maza",
      "permalink": "vivian-maza"}},
   {"is_past": true,
    "title": "",
    "person":
     {"first_name": "Mark",
      "last_name": "Deaton",
      "permalink": "mark-deaton"}},
   {"is_past": true,
    "title": "Manager Self Service",
    "person":
     {"first_name": "Angela",
      "last_name": "Joyce",
      "permalink": "angela-joyce-2"}},
   {"is_past": true,
    "title": "Senior VP",
    "person":
     {"first_name": "Bill",
      "last_name": "Ihrie",
      "permalink": "bill-ihrie"}},
   {"is_past": true,
    "title": "Global Sales Manager",
    "person":
     {"first_name": "Ashwin",
      "last_name": "Singh",
      "permalink": "ashwin-singh"}},
   {"is_past": true,
    "title": "Senior Director, Global Product Marketing",
    "person":
     {"first_name": "Sandeep",
      "last_name": "Chand",
      "permalink": "sandeep-chand"}},
   {"is_past": true,
    "title": "District Manager",
    "person":
     {"first_name": "Paul",
      "last_name": "Melchiorre",
      "permalink": "paul-melchiorre"}},
   {"is_past": true,
    "title": "Marketing Manager",
    "person":
     {"first_name": "Maureen",
      "last_name": "Little",
      "permalink": "maureen-little"}},
   {"is_past": true,
    "title": "Payroll Specialist",
    "person":
     {"first_name": "Kim",
      "last_name": "Crain",
      "permalink": "kim-crain"}},
   {"is_past": true,
    "title": "Manager, Production Architecture",
    "person":
     {"first_name": "Mark",
      "last_name": "Wolgemuth",
      "permalink": "mark-wolgemuth"}},
   {"is_past": true,
    "title": "District Manager, Major Accounts, Employer Services",
    "person":
     {"first_name": "Rick",
      "last_name": "Triplett",
      "permalink": "rick-triplett"}},
   {"is_past": true,
    "title": "VP, Client Services",
    "person":
     {"first_name": "Patrick",
      "last_name": "Amaral",
      "permalink": "pat-amaral"}},
   {"is_past": true,
    "title": "System Architect",
    "person":
     {"first_name": "Tom",
      "last_name": "Elrod",
      "permalink": "tom-elrod"}},
   {"is_past": true,
    "title": "Business Development",
    "person":
     {"first_name": "Vanessa",
      "last_name": "Bugasch",
      "permalink": "vanessa-bugasch"}},
   {"is_past": true,
    "title": "Sales / Marketing (BZ Results)",
    "person":
     {"first_name": "Jonathan",
      "last_name": "Monterecy",
      "permalink": "jonathan-monterecy"}},
   {"is_past": true,
    "title": "Led four Sales Teams",
    "person":
     {"first_name": "Thomas",
      "last_name": "Lutz",
      "permalink": "thomas-lutz-2"}},
   {"is_past": true,
    "title": "",
    "person":
     {"first_name": "Vivienne",
      "last_name": "Alexander",
      "permalink": "vivienne-alexander"}},
   {"is_past": true,
    "title": "Operations Management",
    "person":
     {"first_name": "Steve",
      "last_name": "Beauchamp",
      "permalink": "steve-beauchamp"}},
   {"is_past": true,
    "title": "",
    "person":
     {"first_name": "Aaron",
      "last_name": "Charbonnet",
      "permalink": "aaron-charbonnet"}},
   {"is_past": true,
    "title": "Various positions",
    "person":
     {"first_name": "Gregory",
      "last_name": "Swick",
      "permalink": "gregory-swick"}},
   {"is_past": true,
    "title": "Vice President of Product Strategy \u0026 Quality Assurance",
    "person":
     {"first_name": "Kay",
      "last_name": "Lucas",
      "permalink": "kay-lucas"}},
   {"is_past": true,
    "title": "",
    "person":
     {"first_name": "Daniel",
      "last_name": "H. Drechsel",
      "permalink": "daniel-h-drechsel"}},
   {"is_past": true,
    "title": "",
    "person":
     {"first_name": "Susan",
      "last_name": "Burke",
      "permalink": "susan-burke"}}],
 "competitions":
  [],
 "providerships":
  [{"title": "Digital Acquisition",
    "is_past": false,
    "provider":
     {"name": "Jellyfish",
      "permalink": "jellyfish"}}],
 "total_money_raised": "$2M",
 "funding_rounds":
  [{"id": 19634,
    "round_code": "c",
    "source_url": "",
    "source_description": "EDGAR",
    "raised_amount": 2000000.0,
    "raised_currency_code": "USD",
    "funded_year": 2005,
    "funded_month": 12,
    "funded_day": 30,
    "investments":
     [{"company": null,
       "financial_org":
        {"name": "Edison Ventures",
         "permalink": "edison-ventures"},
       "person": null},
      {"company": null,
       "financial_org":
        {"name": "Carmel Associates",
         "permalink": "carmel-associates"},
       "person": null}]}],
 "investments":
  [],
 "acquisition": null,
 "acquisitions":
  [],
 "offices":
  [{"description": "HQ",
    "address1": "1 ADP Blvd Roseland",
    "address2": "",
    "zip_code": "07068",
    "city": "",
    "state_code": "NJ",
    "country_code": "USA",
    "latitude": null,
    "longitude": null}],
 "milestones":
  [],
 "ipo":
  {"valuation_amount": null,
   "valuation_currency_code": "USD",
   "pub_year": null,
   "pub_month": null,
   "pub_day": null,
   "stock_symbol": "NASDAQ:ADP"},
 "video_embeds":
  [],
 "screenshots":
  [{"available_sizes":
     [[[150,
        95],
       "http://api-images.crunchbase.com/assets/images/resized/0045/3637/453637v1-max-150x150.png"],
      [[250,
        159],
       "http://api-images.crunchbase.com/assets/images/resized/0045/3637/453637v1-max-250x250.png"],
      [[450,
        286],
       "http://api-images.crunchbase.com/assets/images/resized/0045/3637/453637v1-max-450x450.png"]],
    "attribution": null}],
 "external_links":
  [{"external_url": "http://www.adp.ca/",
    "title": "Payroll Processing"},
   {"external_url": "http://jobs.adp.com/",
    "title": "ADP Jobs and Careers"}],
 "partners":
  []}
