{"name": "AdRocket",
 "permalink": "adrocket",
 "crunchbase_url": "http://www.crunchbase.com/company/adrocket",
 "homepage_url": "http://www.adrocket.com",
 "blog_url": "",
 "blog_feed_url": "",
 "twitter_username": null,
 "category_code": "advertising",
 "number_of_employees": 5,
 "founded_year": 2008,
 "founded_month": 2,
 "founded_day": 1,
 "deadpooled_year": 2013,
 "deadpooled_month": 10,
 "deadpooled_day": null,
 "deadpooled_url": "",
 "tag_list": "techcrunch50, tc50, email, ad-network, targeting, behavioral, relevance, rss, bt, optimization, cpc, cost-per-click",
 "alias_list": "",
 "email_address": "partners@adrocket.com",
 "phone_number": "415-726-3036",
 "description": "Email ad targeting network",
 "created_at": "Tue Aug 26 22:03:18 UTC 2008",
 "updated_at": "Wed Jan 29 12:05:15 UTC 2014",
 "overview": "\u003Cp\u003EAdRocket is the ad targeting network for email. AdRocket\u0026#8217;s network increases publisher eCPMs through intelligent ad selection and optimization. Every month, many billions of email newsletters are sent to subscribers, yet the advertising is poorly targeted and largely ineffective. AdRocket fixes this by providing publisher\u0026#8217;s with individually-relevant ads for email communications, websites or RSS. Unlike \u0026#8216;cookies\u0026#8217; which have a very short life, our email approach creates much longer lasting, richer individual profiles without using personally-identifiable data. Our model is to share in the ad revenue.\u003C/p\u003E\n\n\u003Cp\u003EAdRocket is not an email marketer or sender. Rather the company inserts relevant cost-per-click text ads into publishers\u0026#8217; opt-in email communications. Over 30% of email users have images turned off, meaning many publishers\u0026#8217; ads are never seen. AdRocket also solves this problem as text ads are automatically displayed in every email opened.\u003C/p\u003E\n\n\u003Cp\u003EAdRocket is backed by top-tier seed investors.\u003C/p\u003E",
 "image":
  {"available_sizes":
    [[[150,
       23],
      "http://api-images.crunchbase.com/assets/images/resized/0002/4249/24249v3-max-150x150.jpg"],
     [[250,
       39],
      "http://api-images.crunchbase.com/assets/images/resized/0002/4249/24249v3-max-250x250.jpg"],
     [[450,
       70],
      "http://api-images.crunchbase.com/assets/images/resized/0002/4249/24249v3-max-450x450.jpg"]],
   "attribution": null},
 "products":
  [],
 "relationships":
  [{"is_past": true,
    "title": "Lead Architect / Co - Founder",
    "person":
     {"first_name": "Tao",
      "last_name": "Ge",
      "permalink": "tao-ge"}},
   {"is_past": true,
    "title": "SVP",
    "person":
     {"first_name": "Scott",
      "last_name": "Milener",
      "permalink": "scott-milener"}},
   {"is_past": true,
    "title": "Software Engineer",
    "person":
     {"first_name": "Liye",
      "last_name": "Zhang",
      "permalink": "liye-zhang"}}],
 "competitions":
  [],
 "providerships":
  [{"title": "Legal",
    "is_past": false,
    "provider":
     {"name": "Howard Rice Nemerovski Canady Falk \u0026 Rabkin",
      "permalink": "howard-rice-nemerovski-canady-falk-rabkin"}}],
 "total_money_raised": "$1M",
 "funding_rounds":
  [{"id": 3276,
    "round_code": "seed",
    "source_url": "http://venturebeat.com/2009/06/01/javelin-launches-with-70m-fund-for-early-stage-startups/",
    "source_description": "VentureBeat",
    "raised_amount": 1000000.0,
    "raised_currency_code": "USD",
    "funded_year": 2009,
    "funded_month": 5,
    "funded_day": 15,
    "investments":
     [{"company": null,
       "financial_org":
        {"name": "European Founders Fund",
         "permalink": "european-founders-fund"},
       "person": null},
      {"company": null,
       "financial_org": null,
       "person":
        {"first_name": "Auren",
         "last_name": "Hoffman",
         "permalink": "auren-hoffman"}},
      {"company": null,
       "financial_org": null,
       "person":
        {"first_name": "Patrick",
         "last_name": "McKenna",
         "permalink": "patrick-mckenna-2"}},
      {"company": null,
       "financial_org": null,
       "person":
        {"first_name": "Oliver",
         "last_name": "Jung",
         "permalink": "oliver-jung"}},
      {"company": null,
       "financial_org": null,
       "person":
        {"first_name": "Lukasz",
         "last_name": "Gadowski",
         "permalink": "lukasz-gadowski"}},
      {"company": null,
       "financial_org":
        {"name": "Javelin Venture Partners",
         "permalink": "javelin-venture-partners"},
       "person": null}]}],
 "investments":
  [],
 "acquisition": null,
 "acquisitions":
  [],
 "offices":
  [{"description": "AdRocket Headquarters",
    "address1": "",
    "address2": "",
    "zip_code": "",
    "city": "San Francisco",
    "state_code": "CA",
    "country_code": "USA",
    "latitude": 37.775196,
    "longitude": -122.419204}],
 "milestones":
  [],
 "ipo": null,
 "video_embeds":
  [{"embed_code": "\u003Cobject id=\"otv_o_654103\" height=\"320\" width=\"400\"  classid=\"clsid:D27CDB6E-AE6D-11cf-96B8-444553540000\"\u003E\u003Cparam value=\"http://www.ustream.tv/flash/video/698501\" name=\"movie\" /\u003E\u003Cparam value=\"true\" name=\"allowFullScreen\" /\u003E\u003Cparam value=\"always\" name=\"allowScriptAccess\" /\u003E\u003Cparam value=\"transparent\" name=\"wmode\" /\u003E\u003Cparam value=\"viewcount=false\u0026amp;autoplay=false\u0026amp;brand=embed\u0026amp;\" name=\"flashvars\" /\u003E\u003Cembed name=\"otv_e_652829\" id=\"otv_e_710275\" flashvars=\"viewcount=false\u0026amp;autoplay=false\u0026amp;brand=embed\u0026amp;\" height=\"320\" width=\"400\" allowfullscreen=\"true\" allowscriptaccess=\"always\" wmode=\"transparent\" src=\"http://www.ustream.tv/flash/video/698501\" type=\"application/x-shockwave-flash\" /\u003E\u003C/object\u003E",
    "description": "\u003Cp\u003ETC50\u003C/p\u003E"}],
 "screenshots":
  [],
 "external_links":
  [{"external_url": "http://www.adrocket.com",
    "title": "AdRocket"}],
 "partners":
  []}
