{"name": "Ads Click",
 "permalink": "adsclick",
 "crunchbase_url": "http://www.crunchbase.com/company/adsclick",
 "homepage_url": "http://ads-click.com",
 "blog_url": "",
 "blog_feed_url": "",
 "twitter_username": "ADSClick",
 "category_code": "advertising",
 "number_of_employees": null,
 "founded_year": 2004,
 "founded_month": 1,
 "founded_day": 1,
 "deadpooled_year": null,
 "deadpooled_month": null,
 "deadpooled_day": null,
 "deadpooled_url": null,
 "tag_list": "advertising",
 "alias_list": "",
 "email_address": "",
 "phone_number": "+41 22 791 73 80",
 "description": "text \u0026 display  adserver",
 "created_at": "Tue Dec 18 07:21:06 UTC 2007",
 "updated_at": "Mon Mar 25 11:49:26 UTC 2013",
 "overview": "\u003Cp\u003EAds-Click is a provider of search and contextual advertising. The company\u0026#8217;s technology is used by major Internet players in North America, Europe, Asia and Australia and serves over 5 billion pages views per month as of December 2007.\u003C/p\u003E\n\n\u003Cp\u003EAds-Click serves cost per click, cost per impression or view and Cost per action ads to suit advertisers varying needs.\u003C/p\u003E",
 "image":
  {"available_sizes":
    [[[150,
       51],
      "http://api-images.crunchbase.com/assets/images/resized/0000/2704/2704v1-max-150x150.png"],
     [[198,
       68],
      "http://api-images.crunchbase.com/assets/images/resized/0000/2704/2704v1-max-250x250.png"],
     [[198,
       68],
      "http://api-images.crunchbase.com/assets/images/resized/0000/2704/2704v1-max-450x450.png"]],
   "attribution": null},
 "products":
  [{"name": "Ads-Click",
    "permalink": "ads-click"},
   {"name": "Adpremo Publisher",
    "permalink": "adpremo-publisher"},
   {"name": "Adpremo Search",
    "permalink": "adpremo-search"},
   {"name": "Adpremo Mobile",
    "permalink": "adpremo-mobile"}],
 "relationships":
  [{"is_past": false,
    "title": "Board",
    "person":
     {"first_name": "Jude S.",
      "last_name": "Ngu'Ewodo",
      "permalink": "jude-s-ngu-ewodo"}},
   {"is_past": true,
    "title": "CEO",
    "person":
     {"first_name": "Christopher",
      "last_name": "Wagner",
      "permalink": "christopher-wagner"}},
   {"is_past": true,
    "title": "CEO, Shareholder, Chairman",
    "person":
     {"first_name": "Pascal",
      "last_name": "Rossini",
      "permalink": "pascal-rossini"}},
   {"is_past": true,
    "title": "Chief Software Architect",
    "person":
     {"first_name": "Xavier",
      "last_name": "Zeppetella",
      "permalink": "xavier-zeppetella"}},
   {"is_past": true,
    "title": "CTO",
    "person":
     {"first_name": "Xavier",
      "last_name": "Zeppetella",
      "permalink": "xavier-zeppetella"}},
   {"is_past": true,
    "title": "VP Product Management",
    "person":
     {"first_name": "Andreas",
      "last_name": "Pagel",
      "permalink": "andreas-pagel"}},
   {"is_past": true,
    "title": "VP Product Marketing",
    "person":
     {"first_name": "Thierry",
      "last_name": "Gros",
      "permalink": "thierry-gros"}},
   {"is_past": true,
    "title": "CSO",
    "person":
     {"first_name": "Pascal",
      "last_name": "Rossini",
      "permalink": "pascal-rossini"}}],
 "competitions":
  [],
 "providerships":
  [],
 "total_money_raised": "$6.95M",
 "funding_rounds":
  [{"id": 1188,
    "round_code": "a",
    "source_url": "http://www.en.w2.baytechventurecapital.de/news/news_2007?news_2007[uid]=241",
    "source_description": "BayTech Venture Capital invests \u00e2\u201a\u00ac 3 million in ADS-click",
    "raised_amount": 3950000.0,
    "raised_currency_code": "USD",
    "funded_year": 2007,
    "funded_month": 3,
    "funded_day": null,
    "investments":
     [{"company": null,
       "financial_org":
        {"name": "BayTech Venture Capital",
         "permalink": "baytech-venture-capital"},
       "person": null}]},
   {"id": 6503,
    "round_code": "b",
    "source_url": "http://www.marketingvox.com/ads-click-raises-3m-appoints-new-ceo-039125/?camp=newsletter\u0026src=mv\u0026type=textlink",
    "source_description": "Ads-Click Raises $3M, Appoints New CEO",
    "raised_amount": 3000000.0,
    "raised_currency_code": "USD",
    "funded_year": 2008,
    "funded_month": 6,
    "funded_day": 10,
    "investments":
     [{"company": null,
       "financial_org":
        {"name": "BayTech Venture Capital",
         "permalink": "baytech-venture-capital"},
       "person": null}]}],
 "investments":
  [],
 "acquisition": null,
 "acquisitions":
  [],
 "offices":
  [{"description": null,
    "address1": "Route de Pr\u00c3\u0192\u00c2\u00a9-Bois, 20",
    "address2": null,
    "zip_code": null,
    "city": "Geneva",
    "state_code": null,
    "country_code": "CHE",
    "latitude": null,
    "longitude": null}],
 "milestones":
  [],
 "ipo": null,
 "video_embeds":
  [],
 "screenshots":
  [],
 "external_links":
  [],
 "partners":
  []}
