{"name": "AdShuffle",
 "permalink": "adshuffle",
 "crunchbase_url": "http://www.crunchbase.com/company/adshuffle",
 "homepage_url": "http://www.adshuffle.com",
 "blog_url": "",
 "blog_feed_url": "",
 "twitter_username": "adshuffle",
 "category_code": "advertising",
 "number_of_employees": 90,
 "founded_year": 2005,
 "founded_month": 12,
 "founded_day": null,
 "deadpooled_year": null,
 "deadpooled_month": null,
 "deadpooled_day": null,
 "deadpooled_url": null,
 "tag_list": "",
 "alias_list": null,
 "email_address": "Support@AdShuffle.com",
 "phone_number": "866.201.4243",
 "description": "",
 "created_at": "Wed Apr 16 03:59:53 UTC 2008",
 "updated_at": "Sun Jan 06 18:14:22 UTC 2013",
 "overview": "\u003Cp\u003E\u003Ca href=\"http://www.adshuffle.com/\" title=\"AdShuffle\" rel=\"nofollow\"\u003EAdShuffle\u003C/a\u003E is an ad serving and marketing technology company. AdShuffle integrates both advertiser and publisher solutions within the same interface.  It adjusts ads and placements in real-time. AdShuffle\u0026#8217;s real-time architecture delivers custom reporting, creative and landing page optimization, and remarketing, as well as advanced inventory management and forecasting.\u003C/p\u003E",
 "image":
  {"available_sizes":
    [[[150,
       56],
      "http://api-images.crunchbase.com/assets/images/resized/0001/7370/17370v1-max-150x150.jpg"],
     [[222,
       83],
      "http://api-images.crunchbase.com/assets/images/resized/0001/7370/17370v1-max-250x250.jpg"],
     [[222,
       83],
      "http://api-images.crunchbase.com/assets/images/resized/0001/7370/17370v1-max-450x450.jpg"]],
   "attribution": null},
 "products":
  [],
 "relationships":
  [{"is_past": false,
    "title": "Chairman \u0026 Founder",
    "person":
     {"first_name": "Herb",
      "last_name": "Vest",
      "permalink": "herb-vest"}},
   {"is_past": false,
    "title": "Chief Information Officer",
    "person":
     {"first_name": "Travis",
      "last_name": "McKee",
      "permalink": "travis-mckee"}},
   {"is_past": false,
    "title": "Chief Executive Officer",
    "person":
     {"first_name": "Ruben",
      "last_name": "Buell",
      "permalink": "ruben-buell"}},
   {"is_past": false,
    "title": "Chief Strategy Officer",
    "person":
     {"first_name": "Patricia",
      "last_name": "Bellows",
      "permalink": "patricia-bellows"}},
   {"is_past": false,
    "title": "Director, Client Development",
    "person":
     {"first_name": "Elizabeth",
      "last_name": "Brockey",
      "permalink": "elizabeth-brockey"}},
   {"is_past": false,
    "title": "President",
    "person":
     {"first_name": "Andrea",
      "last_name": "McKee",
      "permalink": "andrea-mckee"}},
   {"is_past": true,
    "title": "Chief Marketing Officer",
    "person":
     {"first_name": "Rohan",
      "last_name": "Kumar",
      "permalink": "rohan-kumar"}},
   {"is_past": true,
    "title": "Executive Vice President of Sales",
    "person":
     {"first_name": "Pete",
      "last_name": "Salcido",
      "permalink": "pete-salcido"}},
   {"is_past": true,
    "title": "Director of Product Management",
    "person":
     {"first_name": "Will",
      "last_name": "Clayton",
      "permalink": "will-clayton"}},
   {"is_past": true,
    "title": "Sales and Support Manager",
    "person":
     {"first_name": "Nathan",
      "last_name": "Gasser",
      "permalink": "nathan-gasser"}},
   {"is_past": true,
    "title": "Director of Client Services",
    "person":
     {"first_name": "Christopher",
      "last_name": "Conner",
      "permalink": "christopher-conner"}}],
 "competitions":
  [],
 "providerships":
  [],
 "total_money_raised": "$0",
 "funding_rounds":
  [],
 "investments":
  [],
 "acquisition": null,
 "acquisitions":
  [],
 "offices":
  [{"description": "",
    "address1": "300 Decker Drive",
    "address2": "Suite 200",
    "zip_code": "75062",
    "city": "Irving",
    "state_code": "VT",
    "country_code": "USA",
    "latitude": 32.860831,
    "longitude": -96.9403}],
 "milestones":
  [],
 "ipo": null,
 "video_embeds":
  [],
 "screenshots":
  [{"available_sizes":
     [[[150,
        93],
       "http://api-images.crunchbase.com/assets/images/resized/0004/7447/47447v1-max-150x150.png"],
      [[250,
        156],
       "http://api-images.crunchbase.com/assets/images/resized/0004/7447/47447v1-max-250x250.png"],
      [[450,
        281],
       "http://api-images.crunchbase.com/assets/images/resized/0004/7447/47447v1-max-450x450.png"]],
    "attribution": null}],
 "external_links":
  [],
 "partners":
  []}
