{"name": "ADTECH",
 "permalink": "adtech",
 "crunchbase_url": "http://www.crunchbase.com/company/adtech",
 "homepage_url": "http://www.adtech.com",
 "blog_url": "",
 "blog_feed_url": "",
 "twitter_username": "ADTECH_US",
 "category_code": "web",
 "number_of_employees": null,
 "founded_year": 1998,
 "founded_month": null,
 "founded_day": null,
 "deadpooled_year": null,
 "deadpooled_month": null,
 "deadpooled_day": null,
 "deadpooled_url": null,
 "tag_list": "adserving, technology, solutions, ad-platform, advertising",
 "alias_list": null,
 "email_address": "usa@adtech.com",
 "phone_number": "212.426.1700",
 "description": "Global Technology Solutions ",
 "created_at": "Fri Mar 14 16:54:32 UTC 2008",
 "updated_at": "Fri Dec 20 10:51:50 UTC 2013",
 "overview": "\u003Cp\u003EADTECH is a global technology solutions company and is AOL Advertising\u0026#8217;s ad serving platform. The company\u0026#8217;s flagship product, ADTECH IQ is an integrated ad serving platform that enables web publishers, ad networks, agencies and advertisers to measure, manage, and serve online advertising campaigns including display, video and mobile formats. ADTECH\u0026#8217;s integrated products are scalable, flexible and easy to implement, providing users with increased efficiency, reliability and ROI for their online advertising business. \u003C/p\u003E",
 "image":
  {"available_sizes":
    [[[150,
       23],
      "http://api-images.crunchbase.com/assets/images/resized/0010/9465/109465v6-max-150x150.jpg"],
     [[250,
       39],
      "http://api-images.crunchbase.com/assets/images/resized/0010/9465/109465v6-max-250x250.jpg"],
     [[400,
       63],
      "http://api-images.crunchbase.com/assets/images/resized/0010/9465/109465v6-max-450x450.jpg"]],
   "attribution": null},
 "products":
  [],
 "relationships":
  [{"is_past": false,
    "title": "CEO",
    "person":
     {"first_name": "Erhard",
      "last_name": "Neumann",
      "permalink": "erhard-neumann"}},
   {"is_past": false,
    "title": "CTO",
    "person":
     {"first_name": "Mark",
      "last_name": "Thielen",
      "permalink": "mark-thielen"}},
   {"is_past": true,
    "title": "CEO",
    "person":
     {"first_name": "Dirk",
      "last_name": "Freytag",
      "permalink": "dirk-freytag"}},
   {"is_past": true,
    "title": "Managing Director",
    "person":
     {"first_name": "Ken",
      "last_name": "Parnham",
      "permalink": "ken-parnham"}}],
 "competitions":
  [{"competitor":
     {"name": "DoubleClick",
      "permalink": "doubleclick"}},
   {"competitor":
     {"name": "OpenX",
      "permalink": "openx"}},
   {"competitor":
     {"name": "24/7 Real Media",
      "permalink": "24-7-real-media"}}],
 "providerships":
  [],
 "total_money_raised": "$0",
 "funding_rounds":
  [],
 "investments":
  [],
 "acquisition":
  {"price_amount": null,
   "price_currency_code": "USD",
   "term_code": null,
   "source_url": "http://www.adtech.info/en/pr-07-11.html",
   "source_description": "ADTECH",
   "acquired_year": 2007,
   "acquired_month": 5,
   "acquired_day": 16,
   "acquiring_company":
    {"name": "AOL",
     "permalink": "aol"}},
 "acquisitions":
  [{"price_amount": null,
    "price_currency_code": "USD",
    "term_code": null,
    "source_url": "http://biz.yahoo.com/prnews/090122/clth090.html?.v=101",
    "source_description": "Adtech Global Solutions Continues Growth Strategy with Key Acquisition of Steelbox Networks, Inc.",
    "acquired_year": 2009,
    "acquired_month": 1,
    "acquired_day": 23,
    "company":
     {"name": "Steelbox, Inc.",
      "permalink": "steelbox-networks"}}],
 "offices":
  [{"description": "ADTECH AG",
    "address1": "Robert-Bosch-Str. 32",
    "address2": "",
    "zip_code": "63303",
    "city": "Dreieich",
    "state_code": null,
    "country_code": "DEU",
    "latitude": 50.032976,
    "longitude": 8.701216}],
 "milestones":
  [],
 "ipo": null,
 "video_embeds":
  [],
 "screenshots":
  [],
 "external_links":
  [],
 "partners":
  []}
