{"name": "Advanced Power AG",
 "permalink": "advanced-power",
 "crunchbase_url": "http://www.crunchbase.com/company/advanced-power",
 "homepage_url": "http://www.advancedpower.ch",
 "blog_url": "",
 "blog_feed_url": "",
 "twitter_username": null,
 "category_code": "other",
 "number_of_employees": null,
 "founded_year": null,
 "founded_month": null,
 "founded_day": null,
 "deadpooled_year": null,
 "deadpooled_month": null,
 "deadpooled_day": null,
 "deadpooled_url": null,
 "tag_list": null,
 "alias_list": "",
 "email_address": "info@advancedpower.ch",
 "phone_number": "+41 417 297 297",
 "description": null,
 "created_at": "Thu Sep 11 17:34:28 UTC 2008",
 "updated_at": "Sat Feb 14 14:22:29 UTC 2009",
 "overview": "\u003Cp\u003EAdvanced Power AG is a Swiss-based, privately-owned company whose mandate is to develop, own and manage power generation and related infrastructure projects throughout Europe and North America. The management of Advanced Power has a proven track record of identifying and developing power generation and related infrastructure projects. The management has led the development of over 9,000 MW of power generation projects and $4.2 billion of limited recourse project financing.\u003C/p\u003E",
 "image":
  {"available_sizes":
    [[[150,
       56],
      "http://api-images.crunchbase.com/assets/images/resized/0003/6114/36114v2-max-150x150.jpg"],
     [[200,
       76],
      "http://api-images.crunchbase.com/assets/images/resized/0003/6114/36114v2-max-250x250.jpg"],
     [[200,
       76],
      "http://api-images.crunchbase.com/assets/images/resized/0003/6114/36114v2-max-450x450.jpg"]],
   "attribution": null},
 "products":
  [],
 "relationships":
  [],
 "competitions":
  [],
 "providerships":
  [],
 "total_money_raised": "$0",
 "funding_rounds":
  [],
 "investments":
  [],
 "acquisition": null,
 "acquisitions":
  [],
 "offices":
  [{"description": "",
    "address1": "Baarer Str. 78",
    "address2": "",
    "zip_code": "CH-6300",
    "city": "Zug",
    "state_code": null,
    "country_code": "CHE",
    "latitude": 47.1769613,
    "longitude": 8.5181328}],
 "milestones":
  [],
 "ipo": null,
 "video_embeds":
  [],
 "screenshots":
  [],
 "external_links":
  [],
 "partners":
  []}
