{"name": "Advaliant",
 "permalink": "advaliant",
 "crunchbase_url": "http://www.crunchbase.com/company/advaliant",
 "homepage_url": "http://www.advaliant.com",
 "blog_url": "http://blog.advaliant.com",
 "blog_feed_url": "http://blog.mediatrust.com/feed/",
 "twitter_username": "advaliant",
 "category_code": "advertising",
 "number_of_employees": 60,
 "founded_year": 2013,
 "founded_month": 4,
 "founded_day": 16,
 "deadpooled_year": 2009,
 "deadpooled_month": 5,
 "deadpooled_day": 4,
 "deadpooled_url": "",
 "tag_list": "internet, advertising, marketing, affiliate-network, affiliate-marketing, performance-marketing, search, email-banner, ad-network",
 "alias_list": "",
 "email_address": "bizdev@advaliant.com",
 "phone_number": "1-877-9TRUST5",
 "description": "",
 "created_at": "Thu Feb 14 03:56:39 UTC 2008",
 "updated_at": "Sat Oct 05 11:23:38 UTC 2013",
 "overview": "\u003Cp\u003EAdvaliant is the performance marketing affiliate network division of MediaTrust.\u003C/p\u003E\n\n\u003Cp\u003EAdvaliant provides end to end performance based services and solutions for publishers and advertisers. The solutions are CPA CPL CPC and CPM based and use search, banner, social media,email and mobile marketing targeting and distribution from thousands of affiliates on the network.\u003C/p\u003E\n\n\u003Cp\u003EAdvaliant partners include PlayPhone, Xerox, HP, Circuit City, Ediets, TheStreet.com, Datran media, Internet Broadcast Systems and myspace.\u003C/p\u003E",
 "image":
  {"available_sizes":
    [[[150,
       38],
      "http://api-images.crunchbase.com/assets/images/resized/0001/2115/12115v1-max-150x150.png"],
     [[250,
       64],
      "http://api-images.crunchbase.com/assets/images/resized/0001/2115/12115v1-max-250x250.png"],
     [[291,
       75],
      "http://api-images.crunchbase.com/assets/images/resized/0001/2115/12115v1-max-450x450.png"]],
   "attribution": null},
 "products":
  [{"name": "ValTrak",
    "permalink": "gogopayday-com"},
   {"name": "SmarterChoices",
    "permalink": "smarterchoices"},
   {"name": "GoGoPayday.com",
    "permalink": "gogopayday-com-2"}],
 "relationships":
  [{"is_past": false,
    "title": "Founder",
    "person":
     {"first_name": "Jivan",
      "last_name": "Manhas",
      "permalink": "jivan-manhas"}},
   {"is_past": false,
    "title": "CIO",
    "person":
     {"first_name": "Will",
      "last_name": "Chen",
      "permalink": "will-chen"}},
   {"is_past": false,
    "title": "CFO",
    "person":
     {"first_name": "Mario",
      "last_name": "Piccone",
      "permalink": "mario-piccone"}},
   {"is_past": true,
    "title": "CEO, Chairman, and Founder",
    "person":
     {"first_name": "Peter",
      "last_name": "Bordes",
      "permalink": "peter-bordes"}},
   {"is_past": true,
    "title": "CMO",
    "person":
     {"first_name": "Trip",
      "last_name": "Foster",
      "permalink": "trip-foster"}},
   {"is_past": true,
    "title": "Business Development",
    "person":
     {"first_name": "Larry",
      "last_name": "Markovitz",
      "permalink": "larry-markovitz"}}],
 "competitions":
  [],
 "providerships":
  [],
 "total_money_raised": "$100k",
 "funding_rounds":
  [{"id": 3465,
    "round_code": "seed",
    "source_url": "",
    "source_description": "",
    "raised_amount": 100000.0,
    "raised_currency_code": "USD",
    "funded_year": 2004,
    "funded_month": 4,
    "funded_day": 1,
    "investments":
     [{"company":
        {"name": "Empire Media",
         "permalink": "empire-media"},
       "financial_org": null,
       "person": null}]}],
 "investments":
  [],
 "acquisition": null,
 "acquisitions":
  [],
 "offices":
  [{"description": "Toronto Office",
    "address1": "579 Richmond St. W, Suite 100",
    "address2": "",
    "zip_code": "M5V 1Y6",
    "city": "Toronto",
    "state_code": null,
    "country_code": "CAN",
    "latitude": 43.646599,
    "longitude": -79.403014},
   {"description": "Headquarters",
    "address1": "404 Park Ave South",
    "address2": "2nd floor",
    "zip_code": "10016",
    "city": "New York",
    "state_code": "NY",
    "country_code": "USA",
    "latitude": 40.743662,
    "longitude": -73.984268},
   {"description": "New York Headquarters",
    "address1": "404 Park Ave South",
    "address2": "2nd floor",
    "zip_code": "10016",
    "city": "New York",
    "state_code": "NY",
    "country_code": "USA",
    "latitude": 40.743662,
    "longitude": -73.984268}],
 "milestones":
  [{"id": 585,
    "description": "Company changed its name to MediaTrust and made Advaliant its performance affiliate marketing division",
    "stoned_year": 2007,
    "stoned_month": 4,
    "stoned_day": 1,
    "source_url": "http://www.prweb.com/releases/2007/4/prweb516830.html=MediaTrust",
    "source_text": null,
    "source_description": "Advaliant aded to MediaTrust Ecosystem",
    "stoneable_type": "Company",
    "stoned_value": null,
    "stoned_value_type": null,
    "stoned_acquirer": null,
    "stoneable":
     {"name": "Advaliant",
      "permalink": "advaliant"}}],
 "ipo": null,
 "video_embeds":
  [{"embed_code": "\u003Cobject type=\"application/x-shockwave-flash\" data=\"http://blip.tv/scripts/flash/showplayer.swf?enablejs=true\u0026feedurl=http%3A%2F%2Frelevantlyspeaking%2Eblip%2Etv%2Frss\u0026file=http%3A%2F%2Fblip%2Etv%2Frss%2Fflash%2F530492\u0026showplayerpath=http%3A%2F%2Fblip%2Etv%2Fscripts%2Fflash%2Fshowplayer%2Eswf\" width=\"400\" height=\"255\" allowfullscreen=\"true\" id=\"showplayer\"\u003E\u003Cparam name=\"movie\" value=\"http://blip.tv/scripts/flash/showplayer.swf?enablejs=true\u0026feedurl=http%3A%2F%2Frelevantlyspeaking%2Eblip%2Etv%2Frss\u0026file=http%3A%2F%2Fblip%2Etv%2Frss%2Fflash%2F530492\u0026showplayerpath=http%3A%2F%2Fblip%2Etv%2Fscripts%2Fflash%2Fshowplayer%2Eswf\" /\u003E\u003Cparam name=\"quality\" value=\"best\" /\u003E\u003Cembed src=\"http://blip.tv/scripts/flash/showplayer.swf?enablejs=true\u0026feedurl=http%3A%2F%2Frelevantlyspeaking%2Eblip%2Etv%2Frss\u0026file=http%3A%2F%2Fblip%2Etv%2Frss%2Fflash%2F530492\u0026showplayerpath=http%3A%2F%2Fblip%2Etv%2Fscripts%2Fflash%2Fshowplayer%2Eswf\" quality=\"best\" width=\"400\" height=\"255\" name=\"showplayer\" type=\"application/x-shockwave-flash\"\u003E\u003C/embed\u003E\u003C/object\u003E",
    "description": "\u003Cp\u003EA Conversation with Jay Moore of Playphone\u003C/p\u003E"},
   {"embed_code": "\u003Cobject type=\"application/x-shockwave-flash\" data=\"http://blip.tv/scripts/flash/showplayer.swf?enablejs=true\u0026feedurl=http%3A%2F%2Frelevantlyspeaking%2Eblip%2Etv%2Frss\u0026file=http%3A%2F%2Fblip%2Etv%2Frss%2Fflash%2F580637\u0026showplayerpath=http%3A%2F%2Fblip%2Etv%2Fscripts%2Fflash%2Fshowplayer%2Eswf\" width=\"400\" height=\"255\" allowfullscreen=\"true\" id=\"showplayer\"\u003E\u003Cparam name=\"movie\" value=\"http://blip.tv/scripts/flash/showplayer.swf?enablejs=true\u0026feedurl=http%3A%2F%2Frelevantlyspeaking%2Eblip%2Etv%2Frss\u0026file=http%3A%2F%2Fblip%2Etv%2Frss%2Fflash%2F580637\u0026showplayerpath=http%3A%2F%2Fblip%2Etv%2Fscripts%2Fflash%2Fshowplayer%2Eswf\" /\u003E\u003Cparam name=\"quality\" value=\"best\" /\u003E\u003Cembed src=\"http://blip.tv/scripts/flash/showplayer.swf?enablejs=true\u0026feedurl=http%3A%2F%2Frelevantlyspeaking%2Eblip%2Etv%2Frss\u0026file=http%3A%2F%2Fblip%2Etv%2Frss%2Fflash%2F580637\u0026showplayerpath=http%3A%2F%2Fblip%2Etv%2Fscripts%2Fflash%2Fshowplayer%2Eswf\" quality=\"best\" width=\"400\" height=\"255\" name=\"showplayer\" type=\"application/x-shockwave-flash\"\u003E\u003C/embed\u003E\u003C/object\u003E",
    "description": "\u003Cp\u003EA Conversation with Joseph Giraldi of HBO \u003C/p\u003E"},
   {"embed_code": "\u003Cobject type=\"application/x-shockwave-flash\" data=\"http://blip.tv/scripts/flash/showplayer.swf?enablejs=true\u0026feedurl=http%3A%2F%2Frelevantlyspeaking%2Eblip%2Etv%2Frss\u0026file=http%3A%2F%2Fblip%2Etv%2Frss%2Fflash%2F618752\u0026showplayerpath=http%3A%2F%2Fblip%2Etv%2Fscripts%2Fflash%2Fshowplayer%2Eswf\" width=\"400\" height=\"255\" allowfullscreen=\"true\" id=\"showplayer\"\u003E\u003Cparam name=\"movie\" value=\"http://blip.tv/scripts/flash/showplayer.swf?enablejs=true\u0026feedurl=http%3A%2F%2Frelevantlyspeaking%2Eblip%2Etv%2Frss\u0026file=http%3A%2F%2Fblip%2Etv%2Frss%2Fflash%2F618752\u0026showplayerpath=http%3A%2F%2Fblip%2Etv%2Fscripts%2Fflash%2Fshowplayer%2Eswf\" /\u003E\u003Cparam name=\"quality\" value=\"best\" /\u003E\u003Cembed src=\"http://blip.tv/scripts/flash/showplayer.swf?enablejs=true\u0026feedurl=http%3A%2F%2Frelevantlyspeaking%2Eblip%2Etv%2Frss\u0026file=http%3A%2F%2Fblip%2Etv%2Frss%2Fflash%2F618752\u0026showplayerpath=http%3A%2F%2Fblip%2Etv%2Fscripts%2Fflash%2Fshowplayer%2Eswf\" quality=\"best\" width=\"400\" height=\"255\" name=\"showplayer\" type=\"application/x-shockwave-flash\"\u003E\u003C/embed\u003E\u003C/object\u003E",
    "description": "\u003Cp\u003EA Conversation With Hari Menon of Tumri \u003C/p\u003E"},
   {"embed_code": "\u003Cobject type=\"application/x-shockwave-flash\" data=\"http://blip.tv/scripts/flash/showplayer.swf?enablejs=true\u0026feedurl=http%3A%2F%2Frelevantlyspeaking%2Eblip%2Etv%2Frss\u0026file=http%3A%2F%2Fblip%2Etv%2Frss%2Fflash%2F678347\u0026showplayerpath=http%3A%2F%2Fblip%2Etv%2Fscripts%2Fflash%2Fshowplayer%2Eswf\" width=\"400\" height=\"255\" allowfullscreen=\"true\" id=\"showplayer\"\u003E\u003Cparam name=\"movie\" value=\"http://blip.tv/scripts/flash/showplayer.swf?enablejs=true\u0026feedurl=http%3A%2F%2Frelevantlyspeaking%2Eblip%2Etv%2Frss\u0026file=http%3A%2F%2Fblip%2Etv%2Frss%2Fflash%2F678347\u0026showplayerpath=http%3A%2F%2Fblip%2Etv%2Fscripts%2Fflash%2Fshowplayer%2Eswf\" /\u003E\u003Cparam name=\"quality\" value=\"best\" /\u003E\u003Cembed src=\"http://blip.tv/scripts/flash/showplayer.swf?enablejs=true\u0026feedurl=http%3A%2F%2Frelevantlyspeaking%2Eblip%2Etv%2Frss\u0026file=http%3A%2F%2Fblip%2Etv%2Frss%2Fflash%2F678347\u0026showplayerpath=http%3A%2F%2Fblip%2Etv%2Fscripts%2Fflash%2Fshowplayer%2Eswf\" quality=\"best\" width=\"400\" height=\"255\" name=\"showplayer\" type=\"application/x-shockwave-flash\"\u003E\u003C/embed\u003E\u003C/object\u003E",
    "description": "\u003Cp\u003EA Conversation with Harrison Gevirtz of Gevirtz Media\u003C/p\u003E"}],
 "screenshots":
  [{"available_sizes":
     [[[150,
        128],
       "http://api-images.crunchbase.com/assets/images/resized/0002/7647/27647v2-max-150x150.png"],
      [[250,
        213],
       "http://api-images.crunchbase.com/assets/images/resized/0002/7647/27647v2-max-250x250.png"],
      [[450,
        384],
       "http://api-images.crunchbase.com/assets/images/resized/0002/7647/27647v2-max-450x450.png"]],
    "attribution": null}],
 "external_links":
  [{"external_url": "http://www.mediatrust.com",
    "title": "Parent Company"},
   {"external_url": "http://www.edegreecenter.com",
    "title": "Advaliants educational portal"},
   {"external_url": "http://www.RelevantlySpeaking.com",
    "title": "MediaTrust Industry Blog"},
   {"external_url": "http://www.smarterchoices.com",
    "title": "SmarterChoices web site"},
   {"external_url": "http://www.gogopayday.com",
    "title": "GoGoPayday web site"},
   {"external_url": "http://www.mediatrust.com/casestudy_playphone.html",
    "title": "Performance Marketing CASE STUDY"},
   {"external_url": "http://blog.advaliant.com",
    "title": "Advaliant performance marketing blog"},
   {"external_url": "http://en.wikipedia.org/wiki/Advaliant",
    "title": "Advaliant Wikipedia"},
   {"external_url": "http://www.smarterchoices.com/creditrepair/default.aspx?adid=1586\u0026affid=1\u0026subid=redef103120080620",
    "title": "SmarterChoices credit repair"},
   {"external_url": "https://www.smarterchoices.com/autoloan/",
    "title": ""},
   {"external_url": "http://en.wikipedia.org/wiki/Advaliant",
    "title": "Advaliant Wikipedia"},
   {"external_url": "http://www.smarterchoices.com/creditrepair",
    "title": "SmarterChoices credit repair"},
   {"external_url": "https://www.smarterchoices.com/autoloan/",
    "title": "SmarterChoices auto loan"},
   {"external_url": "http://www.smarterchoices.com/debt",
    "title": "SmarterChoices dept consolidation"}],
 "partners":
  []}
