{"name": "AdventNet",
 "permalink": "adventnet",
 "crunchbase_url": "http://www.crunchbase.com/company/adventnet",
 "homepage_url": "http://adventnet.com",
 "blog_url": "",
 "blog_feed_url": "",
 "twitter_username": "manageengine",
 "category_code": "enterprise",
 "number_of_employees": 600,
 "founded_year": 1996,
 "founded_month": null,
 "founded_day": null,
 "deadpooled_year": null,
 "deadpooled_month": null,
 "deadpooled_day": null,
 "deadpooled_url": null,
 "tag_list": "",
 "alias_list": "Zoho ManageEngine ",
 "email_address": "pr@adventnet.com",
 "phone_number": "925-924-9500",
 "description": "Server Management Software",
 "created_at": "Fri May 25 19:24:22 UTC 2007",
 "updated_at": "Wed Oct 31 18:26:09 UTC 2012",
 "overview": "\u003Cp\u003EAdventNet is now \u003Ca href=\"/company/zoho-manageengine\" title=\"Zoho ManageEngine\" rel=\"nofollow\"\u003EZoho ManageEngine\u003C/a\u003E.\u003C/p\u003E\n\n\u003Cp\u003EFounded in 1996, AdventNet has served a diverse range of enterprise IT, networking and telecom customers.\u003C/p\u003E\n\n\u003Cp\u003EAdventNet supplies server and network management software.\u003C/p\u003E",
 "image":
  {"available_sizes":
    [[[150,
       55],
      "http://api-images.crunchbase.com/assets/images/resized/0001/9732/19732v1-max-150x150.png"],
     [[150,
       55],
      "http://api-images.crunchbase.com/assets/images/resized/0001/9732/19732v1-max-250x250.png"],
     [[150,
       55],
      "http://api-images.crunchbase.com/assets/images/resized/0001/9732/19732v1-max-450x450.png"]],
   "attribution": null},
 "products":
  [],
 "relationships":
  [{"is_past": true,
    "title": "CEO and Co-Founder",
    "person":
     {"first_name": "Sridhar",
      "last_name": "Vembu",
      "permalink": "sridhar-vembu"}},
   {"is_past": true,
    "title": "VP of Business Dev",
    "person":
     {"first_name": "Neil",
      "last_name": "Butani",
      "permalink": "neil-butani"}},
   {"is_past": true,
    "title": "Usabiliy Engineer",
    "person":
     {"first_name": "Bharath",
      "last_name": "Balasubramanian",
      "permalink": "bharath-balasibramanian"}},
   {"is_past": true,
    "title": "Director of Engineering",
    "person":
     {"first_name": "Rajendran",
      "last_name": "Dandapani",
      "permalink": "rajendran-dandapani"}},
   {"is_past": true,
    "title": "Market Analyst",
    "person":
     {"first_name": "Aravind",
      "last_name": "Natarajan",
      "permalink": "aravind-natarajan"}},
   {"is_past": true,
    "title": "Director of Product Management",
    "person":
     {"first_name": "Hyther",
      "last_name": "Nizam",
      "permalink": "hyther-nizam"}},
   {"is_past": true,
    "title": "Western Regional OEM Sales Manager",
    "person":
     {"first_name": "Ian",
      "last_name": "Wenig",
      "permalink": "ian-wenig"}}],
 "competitions":
  [],
 "providerships":
  [{"title": "DHFH",
    "is_past": true,
    "provider":
     {"name": "A Small Orange",
      "permalink": "a-small-orange"}}],
 "total_money_raised": "$0",
 "funding_rounds":
  [],
 "investments":
  [],
 "acquisition": null,
 "acquisitions":
  [],
 "offices":
  [{"description": "Headquarters",
    "address1": "4900 Hopyard Rd.",
    "address2": "Suite 310",
    "zip_code": "94588",
    "city": "Pleasanton",
    "state_code": "CA",
    "country_code": "USA",
    "latitude": 37.692934,
    "longitude": -121.904945}],
 "milestones":
  [],
 "ipo": null,
 "video_embeds":
  [],
 "screenshots":
  [{"available_sizes":
     [[[150,
        94],
       "http://api-images.crunchbase.com/assets/images/resized/0004/3400/43400v1-max-150x150.png"],
      [[250,
        156],
       "http://api-images.crunchbase.com/assets/images/resized/0004/3400/43400v1-max-250x250.png"],
      [[450,
        282],
       "http://api-images.crunchbase.com/assets/images/resized/0004/3400/43400v1-max-450x450.png"]],
    "attribution": null}],
 "external_links":
  [],
 "partners":
  []}
