{"name": "Adverfix",
 "permalink": "adverfix",
 "crunchbase_url": "http://www.crunchbase.com/company/adverfix",
 "homepage_url": "http://adverfix.com",
 "blog_url": "",
 "blog_feed_url": "",
 "twitter_username": null,
 "category_code": "advertising",
 "number_of_employees": 3,
 "founded_year": 2008,
 "founded_month": 12,
 "founded_day": 15,
 "deadpooled_year": null,
 "deadpooled_month": null,
 "deadpooled_day": null,
 "deadpooled_url": null,
 "tag_list": "online-advertising, display-advertising, sem",
 "alias_list": null,
 "email_address": "oren@adverfix.com",
 "phone_number": "",
 "description": "Online advertising agency",
 "created_at": "Wed Mar 18 10:47:58 UTC 2009",
 "updated_at": "Sat Mar 21 14:05:05 UTC 2009",
 "overview": "\u003Cp\u003EAdverfix was founded by professional online marketers with more than 12 years of experience.\u003C/p\u003E\n\n\u003Cp\u003EFor publishers / website owners they offer 100% monetization of the traffic, worldwide.\u003C/p\u003E",
 "image": null,
 "products":
  [],
 "relationships":
  [],
 "competitions":
  [],
 "providerships":
  [],
 "total_money_raised": "$0",
 "funding_rounds":
  [],
 "investments":
  [],
 "acquisition": null,
 "acquisitions":
  [],
 "offices":
  [],
 "milestones":
  [],
 "ipo": null,
 "video_embeds":
  [],
 "screenshots":
  [],
 "external_links":
  [],
 "partners":
  []}
