{"name": "Advertise.com",
 "permalink": "advertise-com",
 "crunchbase_url": "http://www.crunchbase.com/company/advertise-com",
 "homepage_url": "http://www.advertise.com",
 "blog_url": "http://blog.advertise.com",
 "blog_feed_url": "http://blog.advertise.com/feed",
 "twitter_username": "advertisedotcom",
 "category_code": "advertising",
 "number_of_employees": null,
 "founded_year": 2001,
 "founded_month": 5,
 "founded_day": 16,
 "deadpooled_year": null,
 "deadpooled_month": null,
 "deadpooled_day": null,
 "deadpooled_url": null,
 "tag_list": "advertising, online-advertising, marketing, pay-per-click",
 "alias_list": "ABCSearch",
 "email_address": "info@advertise.com",
 "phone_number": "800.710.7009",
 "description": "Online Ad Network",
 "created_at": "Thu Sep 25 00:19:41 UTC 2008",
 "updated_at": "Mon Jun 24 22:59:17 UTC 2013",
 "overview": "\u003Cp\u003EAdvertise.com is a premier platform for search, display and performance marketing, which enables advertisers to reach a wider audience through our exclusive network of search engines and publisher properties. Founded in 2001 as privately held pay-per-click (PPC) search network ABCSearch.com, the company was re-branded in April 2009 as Advertise.com, Inc. We continue to lead the charge in online advertising, connecting thousands of advertisers with millions of consumers every day - now delivering over 10 billion ad impressions each month.\u003C/p\u003E",
 "image":
  {"available_sizes":
    [[[150,
       18],
      "http://api-images.crunchbase.com/assets/images/resized/0003/5965/35965v3-max-150x150.png"],
     [[250,
       30],
      "http://api-images.crunchbase.com/assets/images/resized/0003/5965/35965v3-max-250x250.png"],
     [[372,
       46],
      "http://api-images.crunchbase.com/assets/images/resized/0003/5965/35965v3-max-450x450.png"]],
   "attribution": null},
 "products":
  [],
 "relationships":
  [{"is_past": false,
    "title": "CEO \u0026 Founder",
    "person":
     {"first_name": "Daniel",
      "last_name": "Yomtobian",
      "permalink": "daniel-yomtobian"}},
   {"is_past": false,
    "title": "VP of Advertiser Services",
    "person":
     {"first_name": "Anthony",
      "last_name": "Terani",
      "permalink": "anthony-terani"}},
   {"is_past": false,
    "title": "VP of Business Development",
    "person":
     {"first_name": "David",
      "last_name": "Bilgre",
      "permalink": "david-bilgre"}},
   {"is_past": false,
    "title": "Marketing Director",
    "person":
     {"first_name": "Simon",
      "last_name": "Chernin",
      "permalink": "simon-chernin"}},
   {"is_past": false,
    "title": "Director of IT",
    "person":
     {"first_name": "Puneet",
      "last_name": "Bhasin",
      "permalink": "puneet-bhasin"}},
   {"is_past": false,
    "title": "Controller",
    "person":
     {"first_name": "Bryan",
      "last_name": "Poach",
      "permalink": "bryan-poach"}},
   {"is_past": true,
    "title": "",
    "person":
     {"first_name": "Scott",
      "last_name": "Painter",
      "permalink": "scott-painter"}}],
 "competitions":
  [],
 "providerships":
  [],
 "total_money_raised": "$0",
 "funding_rounds":
  [],
 "investments":
  [],
 "acquisition":
  {"price_amount": null,
   "price_currency_code": "USD",
   "term_code": null,
   "source_url": "http://blog.searchenginewatch.com/090421-161428http://blog.searchenginewatch.com/090421-161428",
   "source_description": "ABCSearch Acquires and Rebrands as Advertise.com",
   "acquired_year": 2009,
   "acquired_month": 1,
   "acquired_day": null,
   "acquiring_company":
    {"name": "Advertise.com",
     "permalink": "advertise-com"}},
 "acquisitions":
  [{"price_amount": null,
    "price_currency_code": "USD",
    "term_code": null,
    "source_url": "http://blog.searchenginewatch.com/blog/080319-102617",
    "source_description": "ABCSearch Acquires Social Search Portal, AfterVote.com",
    "acquired_year": 2008,
    "acquired_month": 3,
    "acquired_day": 19,
    "company":
     {"name": "Aftervote",
      "permalink": "aftervote"}},
   {"price_amount": null,
    "price_currency_code": "USD",
    "term_code": null,
    "source_url": "http://blog.searchenginewatch.com/090421-161428http://blog.searchenginewatch.com/090421-161428",
    "source_description": "ABCSearch Acquires and Rebrands as Advertise.com",
    "acquired_year": 2009,
    "acquired_month": 1,
    "acquired_day": null,
    "company":
     {"name": "Advertise.com",
      "permalink": "advertise-com"}}],
 "offices":
  [{"description": "",
    "address1": "15303 Ventura Blvd Suite 220",
    "address2": "",
    "zip_code": "91403",
    "city": "Sherman Oaks",
    "state_code": "CA",
    "country_code": "USA",
    "latitude": 34.153135,
    "longitude": -118.460337}],
 "milestones":
  [],
 "ipo": null,
 "video_embeds":
  [],
 "screenshots":
  [],
 "external_links":
  [],
 "partners":
  []}
