{"name": "Advorto",
 "permalink": "advorto",
 "crunchbase_url": "http://www.crunchbase.com/company/advorto",
 "homepage_url": "http://www.advorto.com",
 "blog_url": "http://blog.advorto.com/",
 "blog_feed_url": "http://blog.advorto.com/blog/index.rdf",
 "twitter_username": "AdvortoEmily",
 "category_code": "software",
 "number_of_employees": 14,
 "founded_year": 1998,
 "founded_month": null,
 "founded_day": null,
 "deadpooled_year": null,
 "deadpooled_month": null,
 "deadpooled_day": null,
 "deadpooled_url": null,
 "tag_list": "applicant-tracking-system, erecruitment, recruitment-software",
 "alias_list": null,
 "email_address": "sales@advorto.com",
 "phone_number": "0207 101 330",
 "description": "Recruitment Management Solution Provider",
 "created_at": "Thu Jul 17 17:59:49 UTC 2008",
 "updated_at": "Mon Jan 28 03:43:24 UTC 2013",
 "overview": "\u003Cp\u003EAdvorto is one of Europe\u0026#8217;s leading providers of on-demand, recruitment management solutions in the talent management market. Founded in 1998, Advorto uses a forward-thinking, consultative approach to assist organisations, such as Blockbuster, Center Parcs, Haymarket, Lloyds Banking Group, Microsoft, Subsea 7 and Virgin Trains to gain control over their recruitment process, allowing them to reduce time-to-hire and cost-per-hire.\u003C/p\u003E\n\n\u003Cp\u003EAdvorto helps HR departments to automate the full requisition to hire process for graduates and experienced hires, including vacancy planning, talent attraction, candidate selection, onboarding and management information. Unlike others systems, Advorto is a functionally-rich solution that can be deployed quickly and offers a fully customisable candidate experience.\u003C/p\u003E",
 "image":
  {"available_sizes":
    [[[135,
       30],
      "http://api-images.crunchbase.com/assets/images/resized/0002/2276/22276v2-max-150x150.png"],
     [[135,
       30],
      "http://api-images.crunchbase.com/assets/images/resized/0002/2276/22276v2-max-250x250.png"],
     [[135,
       30],
      "http://api-images.crunchbase.com/assets/images/resized/0002/2276/22276v2-max-450x450.png"]],
   "attribution": null},
 "products":
  [],
 "relationships":
  [{"is_past": false,
    "title": "Founder and MD",
    "person":
     {"first_name": "Mike",
      "last_name": "McClelland",
      "permalink": "mike-mcclelland"}},
   {"is_past": false,
    "title": "Sales Director",
    "person":
     {"first_name": "Andy",
      "last_name": "Cammack",
      "permalink": "steve-long"}},
   {"is_past": false,
    "title": "Head of Engineering",
    "person":
     {"first_name": "Robin",
      "last_name": "Day",
      "permalink": "robin-day"}},
   {"is_past": false,
    "title": "Head of Consulting",
    "person":
     {"first_name": "David",
      "last_name": "Pryce",
      "permalink": "david-pryce"}},
   {"is_past": false,
    "title": "Marketing Executive",
    "person":
     {"first_name": "Emily",
      "last_name": "Stevenson",
      "permalink": "susanna-cesar-morton"}}],
 "competitions":
  [],
 "providerships":
  [],
 "total_money_raised": "$0",
 "funding_rounds":
  [],
 "investments":
  [],
 "acquisition": null,
 "acquisitions":
  [],
 "offices":
  [{"description": "Head Office",
    "address1": "1st Floor, Holborn Gate,",
    "address2": "330 High Holborn,",
    "zip_code": "WC1V 7QT",
    "city": "London",
    "state_code": null,
    "country_code": "GBR",
    "latitude": 51.500395,
    "longitude": -0.083743}],
 "milestones":
  [],
 "ipo": null,
 "video_embeds":
  [],
 "screenshots":
  [],
 "external_links":
  [],
 "partners":
  []}
