{"name": "Adzilla",
 "permalink": "adzilla",
 "crunchbase_url": "http://www.crunchbase.com/company/adzilla",
 "homepage_url": "http://www.adzilla.com",
 "blog_url": "",
 "blog_feed_url": "",
 "twitter_username": null,
 "category_code": "advertising",
 "number_of_employees": null,
 "founded_year": null,
 "founded_month": null,
 "founded_day": null,
 "deadpooled_year": 2013,
 "deadpooled_month": 6,
 "deadpooled_day": null,
 "deadpooled_url": "",
 "tag_list": null,
 "alias_list": null,
 "email_address": "",
 "phone_number": "415.324.4500",
 "description": null,
 "created_at": "Wed Mar 05 00:24:20 UTC 2008",
 "updated_at": "Wed Jan 22 22:41:24 UTC 2014",
 "overview": "\u003Cp\u003EAdzilla operates a technology platform that enables internet service providers (ISPs) to deliver targeted advertising based on action-based behavioral and demographic information to publisher sites and advertising networks.\u003C/p\u003E",
 "image":
  {"available_sizes":
    [[[150,
       83],
      "http://api-images.crunchbase.com/assets/images/resized/0002/1929/21929v1-max-150x150.png"],
     [[246,
       137],
      "http://api-images.crunchbase.com/assets/images/resized/0002/1929/21929v1-max-250x250.png"],
     [[246,
       137],
      "http://api-images.crunchbase.com/assets/images/resized/0002/1929/21929v1-max-450x450.png"]],
   "attribution": null},
 "products":
  [],
 "relationships":
  [{"is_past": true,
    "title": "Board of Director",
    "person":
     {"first_name": "Sergio",
      "last_name": "Monsalve",
      "permalink": "sergio-monsalve"}},
   {"is_past": true,
    "title": "Sr. Software Architect",
    "person":
     {"first_name": "Patrick",
      "last_name": "Audley",
      "permalink": "patrick-audley"}},
   {"is_past": true,
    "title": "Director, Product Development Group",
    "person":
     {"first_name": "Jon",
      "last_name": "Paul Janze",
      "permalink": "jon-paul-janze"}}],
 "competitions":
  [],
 "providerships":
  [],
 "total_money_raised": "$10.3M",
 "funding_rounds":
  [{"id": 12145,
    "round_code": "a",
    "source_url": "http://findarticles.com/p/articles/mi_pwwi/is_200708/ai_n19429155/",
    "source_description": "Adzilla Inc. Secures $10.25 Million in Series A Funding",
    "raised_amount": 10250000.0,
    "raised_currency_code": "USD",
    "funded_year": 2007,
    "funded_month": 8,
    "funded_day": 1,
    "investments":
     [{"company": null,
       "financial_org":
        {"name": "Norwest Venture Partners",
         "permalink": "norwest-venture-partners"},
       "person": null},
      {"company": null,
       "financial_org":
        {"name": "Alloy Ventures",
         "permalink": "alloy-ventures"},
       "person": null}]}],
 "investments":
  [],
 "acquisition": null,
 "acquisitions":
  [],
 "offices":
  [{"description": "Corporate Headquarters",
    "address1": "1000 Marina Boulevard",
    "address2": "Suite 105",
    "zip_code": "94005",
    "city": "Brisbane",
    "state_code": "CA",
    "country_code": "USA",
    "latitude": 37.674378,
    "longitude": -122.387699}],
 "milestones":
  [],
 "ipo": null,
 "video_embeds":
  [],
 "screenshots":
  [{"available_sizes":
     [[[150,
        93],
       "http://api-images.crunchbase.com/assets/images/resized/0007/7568/77568v1-max-150x150.jpg"],
      [[250,
        156],
       "http://api-images.crunchbase.com/assets/images/resized/0007/7568/77568v1-max-250x250.jpg"],
      [[450,
        281],
       "http://api-images.crunchbase.com/assets/images/resized/0007/7568/77568v1-max-450x450.jpg"]],
    "attribution": null}],
 "external_links":
  [],
 "partners":
  []}
