{"name": "Aeria Games \u0026 Entertainment",
 "permalink": "aeria",
 "crunchbase_url": "http://www.crunchbase.com/company/aeria",
 "homepage_url": "http://www.aeriagames.com",
 "blog_url": "",
 "blog_feed_url": "",
 "twitter_username": "aeriagames",
 "category_code": "games_video",
 "number_of_employees": null,
 "founded_year": 2006,
 "founded_month": 8,
 "founded_day": 2,
 "deadpooled_year": null,
 "deadpooled_month": null,
 "deadpooled_day": null,
 "deadpooled_url": null,
 "tag_list": "mmorpg, gaming, casualgames, socialnetworking",
 "alias_list": null,
 "email_address": "",
 "phone_number": "(408) 216 1107",
 "description": "Free to Play PC, Brows and Mobile Games",
 "created_at": "Sat Apr 12 00:34:12 UTC 2008",
 "updated_at": "Tue Aug 28 23:09:04 UTC 2012",
 "overview": "\u003Cp\u003E\u003Ca href=\"http://www.aeriagames.com\" title=\"Aeria Games \u0026amp; Entertainment\" rel=\"nofollow\"\u003EAeria Games \u0026amp; Entertainment\u003C/a\u003E combines aspects of social networking, MMORPG, and micro-transactions to build a full-featured ecosystem around their games.  Users create profiles and then participate in games like \u003Ca href=\"http://lastchaos.aeriagames.com/\" title=\"Last Chaos\" rel=\"nofollow\"\u003ELast Chaos\u003C/a\u003E and \u003Ca href=\"http://shaiya.aeriagames.com/\" title=\"Shaiya\" rel=\"nofollow\"\u003EShaiya\u003C/a\u003E, while in the meantime building communities for the games through blogs and in-game events.  Aeria also has a variety of casual games for players as well.\u003C/p\u003E",
 "image":
  {"available_sizes":
    [[[150,
       75],
      "http://api-images.crunchbase.com/assets/images/resized/0001/7190/17190v3-max-150x150.png"],
     [[180,
       90],
      "http://api-images.crunchbase.com/assets/images/resized/0001/7190/17190v3-max-250x250.png"],
     [[180,
       90],
      "http://api-images.crunchbase.com/assets/images/resized/0001/7190/17190v3-max-450x450.png"]],
   "attribution": null},
 "products":
  [{"name": "Aeria Games and Entertainment",
    "permalink": "aeria-games-and-entertainment"}],
 "relationships":
  [{"is_past": false,
    "title": "CEO Europe",
    "person":
     {"first_name": "Pascal",
      "last_name": "Zuta",
      "permalink": "pascal-zuta"}},
   {"is_past": false,
    "title": "CEO",
    "person":
     {"first_name": "Lan",
      "last_name": "Hoang",
      "permalink": "lan-hoang"}},
   {"is_past": false,
    "title": "COO Latin America",
    "person":
     {"first_name": "Gerson",
      "last_name": "Souza",
      "permalink": "gerson-souza"}},
   {"is_past": false,
    "title": "CFO",
    "person":
     {"first_name": "Vu",
      "last_name": "Hoang",
      "permalink": "vu-hoang"}},
   {"is_past": false,
    "title": "CTO",
    "person":
     {"first_name": "Terry",
      "last_name": "Ngo",
      "permalink": "terry-ngo"}},
   {"is_past": false,
    "title": "VP, Corporate Development and General Counsel",
    "person":
     {"first_name": "Dan",
      "last_name": "Yuen",
      "permalink": "dan-yuen"}},
   {"is_past": false,
    "title": "COO",
    "person":
     {"first_name": "JT",
      "last_name": "Nguyen",
      "permalink": "jt-nguyen"}},
   {"is_past": false,
    "title": "Publishing Director, Latin America",
    "person":
     {"first_name": "Jim",
      "last_name": "Hughes",
      "permalink": "jim-hughes"}},
   {"is_past": false,
    "title": "General Manager, Aeria Mobile",
    "person":
     {"first_name": "Colin",
      "last_name": "McKee",
      "permalink": "colin-mckee"}},
   {"is_past": false,
    "title": "COO Europe",
    "person":
     {"first_name": "Stefan",
      "last_name": "Behrens",
      "permalink": "stefan-behrens"}},
   {"is_past": false,
    "title": "Publishing Director, US",
    "person":
     {"first_name": "Tom",
      "last_name": "Nichols",
      "permalink": "tom-nichols"}},
   {"is_past": false,
    "title": "Advisory Board",
    "person":
     {"first_name": "Steven",
      "last_name": "Marder",
      "permalink": "steven-e-marder"}}],
 "competitions":
  [{"competitor":
     {"name": "Journeys",
      "permalink": "journeys"}}],
 "providerships":
  [],
 "total_money_raised": "$288k",
 "funding_rounds":
  [{"id": 2028,
    "round_code": "seed",
    "source_url": "http://www.bayareanewsgroup.com/multimedia/sv/archive/VC_4Q_07_Online.htm",
    "source_description": "",
    "raised_amount": 288000.0,
    "raised_currency_code": "USD",
    "funded_year": 2007,
    "funded_month": 10,
    "funded_day": 1,
    "investments":
     [{"company": null,
       "financial_org":
        {"name": "ZenShin Capital",
         "permalink": "zenshin-capital"},
       "person": null}]},
   {"id": 27389,
    "round_code": "unattributed",
    "source_url": "http://www.finsmes.com/2012/01/aeria-games-receives-investment-nhn-corporation.html?utm_source=feedburner\u0026utm_medium=feed\u0026utm_campaign=Feed%3A+finsmes%2FcNHu+%28FinSMEs%29",
    "source_description": "Aeria Games Receives Investment from NHN Corporation",
    "raised_amount": null,
    "raised_currency_code": null,
    "funded_year": 2012,
    "funded_month": 1,
    "funded_day": 6,
    "investments":
     [{"company":
        {"name": "NHN Corporation",
         "permalink": "nhn-corporation"},
       "financial_org": null,
       "person": null}]}],
 "investments":
  [],
 "acquisition": null,
 "acquisitions":
  [],
 "offices":
  [{"description": "Headquarters",
    "address1": "",
    "address2": "",
    "zip_code": "",
    "city": "Santa Clara",
    "state_code": "CA",
    "country_code": "USA",
    "latitude": 37.352309,
    "longitude": -121.968474},
   {"description": "Europe",
    "address1": "",
    "address2": "",
    "zip_code": "",
    "city": "Berlin",
    "state_code": null,
    "country_code": "DEU",
    "latitude": null,
    "longitude": null},
   {"description": "Latin America",
    "address1": "",
    "address2": "",
    "zip_code": "",
    "city": "Sao Paulo",
    "state_code": null,
    "country_code": "BRA",
    "latitude": null,
    "longitude": null}],
 "milestones":
  [],
 "ipo": null,
 "video_embeds":
  [],
 "screenshots":
  [{"available_sizes":
     [[[102,
        150],
       "http://api-images.crunchbase.com/assets/images/resized/0020/5470/205470v2-max-150x150.png"],
      [[170,
        250],
       "http://api-images.crunchbase.com/assets/images/resized/0020/5470/205470v2-max-250x250.png"],
      [[307,
        450],
       "http://api-images.crunchbase.com/assets/images/resized/0020/5470/205470v2-max-450x450.png"]],
    "attribution": null}],
 "external_links":
  [],
 "partners":
  []}
