{"name": "AF Telecom Sarl",
 "permalink": "af-telecom-sarl",
 "crunchbase_url": "http://www.crunchbase.com/company/af-telecom-sarl",
 "homepage_url": "http://www.aftelecom.net",
 "blog_url": "",
 "blog_feed_url": "",
 "twitter_username": null,
 "category_code": "mobile",
 "number_of_employees": null,
 "founded_year": 2003,
 "founded_month": null,
 "founded_day": null,
 "deadpooled_year": null,
 "deadpooled_month": null,
 "deadpooled_day": null,
 "deadpooled_url": null,
 "tag_list": null,
 "alias_list": "",
 "email_address": "",
 "phone_number": "33 6 77 14 82 ",
 "description": "GSM mobile phones",
 "created_at": "Sat Apr 26 03:00:44 UTC 2008",
 "updated_at": "Wed Aug 19 22:58:32 UTC 2009",
 "overview": "\u003Cp\u003EAF Telecom is a provider of small office telephone solutions.\u003C/p\u003E\n\n\u003Cp\u003ETheir current product line features the following mobile phones:\u003C/p\u003E\n\n\u003Cul\u003E\n\u003Cli\u003EAlcatel\u003C/li\u003E\n\u003Cli\u003EMotorola\u003C/li\u003E\n\u003Cli\u003ENokia\u003C/li\u003E\n\u003Cli\u003EPanasonic\u003C/li\u003E\n\u003Cli\u003ESamsung\u003C/li\u003E\n\u003Cli\u003ESiemens\u003C/li\u003E\n\u003Cli\u003ESony/Ericsson\u003C/li\u003E\n\u003C/ul\u003E",
 "image":
  {"available_sizes":
    [[[150,
       15],
      "http://api-images.crunchbase.com/assets/images/resized/0005/5724/55724v1-max-150x150.png"],
     [[250,
       26],
      "http://api-images.crunchbase.com/assets/images/resized/0005/5724/55724v1-max-250x250.png"],
     [[450,
       47],
      "http://api-images.crunchbase.com/assets/images/resized/0005/5724/55724v1-max-450x450.png"]],
   "attribution": null},
 "products":
  [],
 "relationships":
  [],
 "competitions":
  [],
 "providerships":
  [],
 "total_money_raised": "$0",
 "funding_rounds":
  [],
 "investments":
  [],
 "acquisition": null,
 "acquisitions":
  [],
 "offices":
  [{"description": "HQ",
    "address1": "23, Rue Jean Giraudoux",
    "address2": "",
    "zip_code": "75116",
    "city": "Paris",
    "state_code": null,
    "country_code": "FRA",
    "latitude": 48.8694604,
    "longitude": 2.2966932}],
 "milestones":
  [],
 "ipo": null,
 "video_embeds":
  [],
 "screenshots":
  [{"available_sizes":
     [[[150,
        136],
       "http://api-images.crunchbase.com/assets/images/resized/0005/5725/55725v1-max-150x150.jpg"],
      [[250,
        227],
       "http://api-images.crunchbase.com/assets/images/resized/0005/5725/55725v1-max-250x250.jpg"],
      [[450,
        409],
       "http://api-images.crunchbase.com/assets/images/resized/0005/5725/55725v1-max-450x450.jpg"]],
    "attribution": null}],
 "external_links":
  [],
 "partners":
  []}
