{"name": "affinitos",
 "permalink": "affinitos",
 "crunchbase_url": "http://www.crunchbase.com/company/affinitos",
 "homepage_url": null,
 "blog_url": null,
 "blog_feed_url": null,
 "twitter_username": null,
 "category_code": null,
 "number_of_employees": null,
 "founded_year": null,
 "founded_month": null,
 "founded_day": null,
 "deadpooled_year": null,
 "deadpooled_month": null,
 "deadpooled_day": null,
 "deadpooled_url": null,
 "tag_list": null,
 "alias_list": null,
 "email_address": null,
 "phone_number": null,
 "description": null,
 "created_at": "Fri Aug 01 21:10:11 UTC 2008",
 "updated_at": "Mon Jun 03 02:48:08 UTC 2013",
 "overview": "\u003Cp\u003EAffinitos provides strategic advisory and interim management services for SaaS and cloud startups. \u003C/p\u003E",
 "image": null,
 "products":
  [],
 "relationships":
  [{"is_past": true,
    "title": "Principal Consultant",
    "person":
     {"first_name": "Joel",
      "last_name": "York",
      "permalink": "joel-york"}}],
 "competitions":
  [],
 "providerships":
  [],
 "total_money_raised": "$0",
 "funding_rounds":
  [],
 "investments":
  [],
 "acquisition": null,
 "acquisitions":
  [],
 "offices":
  [],
 "milestones":
  [],
 "ipo": null,
 "video_embeds":
  [],
 "screenshots":
  [],
 "external_links":
  [],
 "partners":
  []}
