{"name": "AFrame Digital",
 "permalink": "aframe-digital",
 "crunchbase_url": "http://www.crunchbase.com/company/aframe-digital",
 "homepage_url": "http://www.aframedigital.com",
 "blog_url": "",
 "blog_feed_url": "",
 "twitter_username": "AFrameDigital",
 "category_code": "analytics",
 "number_of_employees": 10,
 "founded_year": 2005,
 "founded_month": 1,
 "founded_day": 1,
 "deadpooled_year": null,
 "deadpooled_month": null,
 "deadpooled_day": null,
 "deadpooled_url": null,
 "tag_list": "",
 "alias_list": null,
 "email_address": "info@aframedigital.com",
 "phone_number": "571-308-0147",
 "description": "",
 "created_at": "Thu Jun 05 19:57:05 UTC 2008",
 "updated_at": "Thu Dec 01 07:46:13 UTC 2011",
 "overview": "\u003Cp\u003EAFrame Digital was founded in 2005 to apply wireless technology and advanced analytics to long-term health monitoring and alerting systems. AFrame Digital strives to be the foremost provider of mobile, intelligent, cost-effective, health monitoring and alerting systems for multi-resident care settings, outpatient, and military outpatient care settings. We are emphasizing ease of use and leveraging the ubiquity of the Internet and other public networks to securely deliver real time alerts and health information.\u003C/p\u003E",
 "image":
  {"available_sizes":
    [[[150,
       46],
      "http://api-images.crunchbase.com/assets/images/resized/0002/0081/20081v1-max-150x150.png"],
     [[213,
       66],
      "http://api-images.crunchbase.com/assets/images/resized/0002/0081/20081v1-max-250x250.png"],
     [[213,
       66],
      "http://api-images.crunchbase.com/assets/images/resized/0002/0081/20081v1-max-450x450.png"]],
   "attribution": null},
 "products":
  [],
 "relationships":
  [],
 "competitions":
  [],
 "providerships":
  [],
 "total_money_raised": "$0",
 "funding_rounds":
  [{"id": 2510,
    "round_code": "angel",
    "source_url": "",
    "source_description": "",
    "raised_amount": null,
    "raised_currency_code": null,
    "funded_year": 2005,
    "funded_month": 1,
    "funded_day": 1,
    "investments":
     []}],
 "investments":
  [],
 "acquisition": null,
 "acquisitions":
  [],
 "offices":
  [{"description": "",
    "address1": "1889 Preston White Drive",
    "address2": "",
    "zip_code": "",
    "city": "Reston",
    "state_code": "VA",
    "country_code": "USA",
    "latitude": 38.875876,
    "longitude": -77.220779}],
 "milestones":
  [],
 "ipo": null,
 "video_embeds":
  [],
 "screenshots":
  [],
 "external_links":
  [],
 "partners":
  []}
