{"name": "Africaincorp Media Network",
 "permalink": "africaincorp-media-network",
 "crunchbase_url": "http://www.crunchbase.com/company/africaincorp-media-network",
 "homepage_url": "http://africaincorpmedia.co",
 "blog_url": "http://africaincorp.net/cms/wordpress/",
 "blog_feed_url": "http://africaincorp.net/cms/wordpress/feed/",
 "twitter_username": "africaincorpMN",
 "category_code": "other",
 "number_of_employees": 10,
 "founded_year": 2008,
 "founded_month": 1,
 "founded_day": 4,
 "deadpooled_year": null,
 "deadpooled_month": null,
 "deadpooled_day": null,
 "deadpooled_url": null,
 "tag_list": "africa, web2-0, new-media, information, publishing, ecommerce, law, realestate, finance, trends, fashion",
 "alias_list": "",
 "email_address": "amn@africaincorp.com",
 "phone_number": "+225 22 52 35 89",
 "description": "Africa Finance Information",
 "created_at": "Tue Aug 12 02:14:43 UTC 2008",
 "updated_at": "Sun Feb 17 04:12:21 UTC 2013",
 "overview": "\u003Cp\u003E\u003Ca href=\"http://africaincorp.net\" title=\"Africaincorp Media Network\" rel=\"nofollow\"\u003EAfricaincorp Media Network\u003C/a\u003E is an African urban independent web 2.0 media and information company covering economic news, music, conferences, sexual lifestyle, law, fashion and culture, real estate and financial news all determining today the direction of the Urban Africa of tomorrow. Headquartered in Abidjan, AMN\u0026#8217;s Flagship product tracks and reports to you the trends, conferences, innovation and evolution of the Urban markets-within \u0026amp; without the continent- where the urban African trendsetters and mavericks reside.\u003C/p\u003E",
 "image":
  {"available_sizes":
    [[[150,
       73],
      "http://api-images.crunchbase.com/assets/images/resized/0002/3710/23710v3-max-150x150.jpg"],
     [[250,
       122],
      "http://api-images.crunchbase.com/assets/images/resized/0002/3710/23710v3-max-250x250.jpg"],
     [[450,
       220],
      "http://api-images.crunchbase.com/assets/images/resized/0002/3710/23710v3-max-450x450.jpg"]],
   "attribution": null},
 "products":
  [],
 "relationships":
  [{"is_past": false,
    "title": "Founder",
    "person":
     {"first_name": "Frederic",
      "last_name": "Tape",
      "permalink": "frederic-tape"}}],
 "competitions":
  [],
 "providerships":
  [],
 "total_money_raised": "$0",
 "funding_rounds":
  [],
 "investments":
  [],
 "acquisition": null,
 "acquisitions":
  [],
 "offices":
  [{"description": "Abidjan Office",
    "address1": "",
    "address2": "",
    "zip_code": "",
    "city": "Abidjan",
    "state_code": null,
    "country_code": "CIV",
    "latitude": 5.332,
    "longitude": -4.0305}],
 "milestones":
  [],
 "ipo": null,
 "video_embeds":
  [],
 "screenshots":
  [],
 "external_links":
  [],
 "partners":
  []}
