{"name": "WOT Services Ltd.",
 "permalink": "against-intuition",
 "crunchbase_url": "http://www.crunchbase.com/company/against-intuition",
 "homepage_url": "http://www.mywot.com",
 "blog_url": "http://www.mywot.com/blog",
 "blog_feed_url": "http://feeds.feedburner.com/WOTWebOfTrustBlog",
 "twitter_username": "Web_of_Trust",
 "category_code": "web",
 "number_of_employees": 9,
 "founded_year": 2006,
 "founded_month": 7,
 "founded_day": null,
 "deadpooled_year": null,
 "deadpooled_month": null,
 "deadpooled_day": null,
 "deadpooled_url": null,
 "tag_list": "wot, mywot, web-of-trust, browser-addon, reputation---management, firefox-addon, ie-addon, chrome-extension, mywot-com",
 "alias_list": "",
 "email_address": "info@mywot.com",
 "phone_number": "+358 40 735 6640",
 "description": "unique community-powered trust tools ",
 "created_at": "Tue Apr 08 11:51:00 UTC 2008",
 "updated_at": "Thu Jan 09 15:03:37 UTC 2014",
 "overview": "\u003Cp\u003EWeb of Trust (WOT) is a community-powered browser add-on that helps web users find reliable websites. WOT uses an intuitive traffic-light rating system to help web users stay safe when they search, surf and shop online. Website ratings are crowd-sourced from a fast growing worldwide community of WOT users who have rated the reputation of tens of millions of websites based on their experiences in terms of trustworthiness, vendor reliability, privacy and child safety. Community ratings are augmented with information from selected technical data services. WOT ratings are shown on Google, Yahoo, Gmail, Wikipedia, Digg, delicious, and other popular sites. The add-on works with Firefox, Internet Explorer, Google Chrome and Safari browsers. \u003C/p\u003E\n\n\u003Cp\u003EWOT (mywot.com) was founded in Finland in 2006 by Timo Ala-Kleemola and Sami Tolvanen. The company behind WOT is WOT Services Ltd., a start-up company with investment from sources such as MySQL creator Michael Widenius\u0026#8217;s investment company Open Ocean, the Finnish Industry Investment Ltd., and private investors.\u003C/p\u003E",
 "image":
  {"available_sizes":
    [[[98,
       50],
      "http://api-images.crunchbase.com/assets/images/resized/0001/7113/17113v1-max-150x150.png"],
     [[98,
       50],
      "http://api-images.crunchbase.com/assets/images/resized/0001/7113/17113v1-max-250x250.png"],
     [[98,
       50],
      "http://api-images.crunchbase.com/assets/images/resized/0001/7113/17113v1-max-450x450.png"]],
   "attribution": null},
 "products":
  [{"name": "WOT Trust Seal",
    "permalink": "community-trust-network-trust-certificate-and-badge"},
   {"name": "Reputation Data Licenses",
    "permalink": "reputation-data-licenses"},
   {"name": "WOT Mobile Solutions",
    "permalink": "wot-mobile-solutions"},
   {"name": "WOT Corporate Solutions",
    "permalink": "wot-corporate-solutions"}],
 "relationships":
  [{"is_past": false,
    "title": "CEO",
    "person":
     {"first_name": "Markus",
      "last_name": "Suomi",
      "permalink": "markus-suomi"}},
   {"is_past": false,
    "title": "CTO, co-founder",
    "person":
     {"first_name": "Sami",
      "last_name": "Tolvanen",
      "permalink": "sami-tolvanen"}},
   {"is_past": false,
    "title": "CIO, co-founder",
    "person":
     {"first_name": "Timo",
      "last_name": "Ala-Kleemola",
      "permalink": "timo-ala-kleemola"}},
   {"is_past": false,
    "title": "Investor",
    "person":
     {"first_name": "Anil",
      "last_name": "Hansjee",
      "permalink": "anil-hansjee"}},
   {"is_past": true,
    "title": "CEO",
    "person":
     {"first_name": "Vesa",
      "last_name": "Perala",
      "permalink": "vesa-perl"}},
   {"is_past": true,
    "title": "CEO",
    "person":
     {"first_name": "Esa",
      "last_name": "Suurio",
      "permalink": "esa-suurio"}},
   {"is_past": true,
    "title": "Chief Commercial Officer",
    "person":
     {"first_name": "Vesa",
      "last_name": "Perala",
      "permalink": "vesa-perl"}},
   {"is_past": true,
    "title": "CMO",
    "person":
     {"first_name": "Deborah",
      "last_name": "Salmi",
      "permalink": "deborah-salmi"}},
   {"is_past": true,
    "title": "board member",
    "person":
     {"first_name": "Taneli",
      "last_name": "Tikka",
      "permalink": "taneli-tikka"}}],
 "competitions":
  [],
 "providerships":
  [],
 "total_money_raised": "$1.3M",
 "funding_rounds":
  [{"id": 6731,
    "round_code": "unattributed",
    "source_url": "",
    "source_description": "Capital Report Index",
    "raised_amount": null,
    "raised_currency_code": "USD",
    "funded_year": 2009,
    "funded_month": 2,
    "funded_day": 15,
    "investments":
     [{"company": null,
       "financial_org":
        {"name": "Finnish Industry Investment",
         "permalink": "finnish-industry-investment"},
       "person": null},
      {"company": null,
       "financial_org":
        {"name": "Open Ocean",
         "permalink": "open-ocean"},
       "person": null},
      {"company": null,
       "financial_org": null,
       "person":
        {"first_name": "Anil",
         "last_name": "Hansjee",
         "permalink": "anil-hansjee"}}]},
   {"id": 33999,
    "round_code": "a",
    "source_url": "http://techcrunch.com/2012/11/26/web-of-trust/",
    "source_description": "Web Of Trust, The Crowdsourced Safe Surfing Tool, Raises Further $1.3M Led By Inventure",
    "raised_amount": 1300000.0,
    "raised_currency_code": "USD",
    "funded_year": 2012,
    "funded_month": 11,
    "funded_day": 27,
    "investments":
     [{"company": null,
       "financial_org":
        {"name": "Inventure Oy",
         "permalink": "inventure-oy"},
       "person": null},
      {"company": null,
       "financial_org": null,
       "person":
        {"first_name": "Risto",
         "last_name": "Siilasmaa",
         "permalink": "risto-siilasmaa"}},
      {"company": null,
       "financial_org":
        {"name": "Finnish Industry Investment",
         "permalink": "finnish-industry-investment"},
       "person": null}]}],
 "investments":
  [],
 "acquisition": null,
 "acquisitions":
  [],
 "offices":
  [{"description": "",
    "address1": "WOT Services Ltd.",
    "address2": "Runeberginkatu 43 B 9",
    "zip_code": "00100",
    "city": "Helsinki",
    "state_code": null,
    "country_code": "FIN",
    "latitude": 60.1502991,
    "longitude": 24.8814617}],
 "milestones":
  [],
 "ipo": null,
 "video_embeds":
  [],
 "screenshots":
  [{"available_sizes":
     [[[150,
        86],
       "http://api-images.crunchbase.com/assets/images/resized/0007/5355/75355v2-max-150x150.png"],
      [[240,
        138],
       "http://api-images.crunchbase.com/assets/images/resized/0007/5355/75355v2-max-250x250.png"],
      [[240,
        138],
       "http://api-images.crunchbase.com/assets/images/resized/0007/5355/75355v2-max-450x450.png"]],
    "attribution": null},
   {"available_sizes":
     [[[150,
        119],
       "http://api-images.crunchbase.com/assets/images/resized/0007/5356/75356v2-max-150x150.png"],
      [[250,
        199],
       "http://api-images.crunchbase.com/assets/images/resized/0007/5356/75356v2-max-250x250.png"],
      [[450,
        358],
       "http://api-images.crunchbase.com/assets/images/resized/0007/5356/75356v2-max-450x450.png"]],
    "attribution": null},
   {"available_sizes":
     [[[150,
        93],
       "http://api-images.crunchbase.com/assets/images/resized/0020/5733/205733v2-max-150x150.png"],
      [[250,
        156],
       "http://api-images.crunchbase.com/assets/images/resized/0020/5733/205733v2-max-250x250.png"],
      [[450,
        281],
       "http://api-images.crunchbase.com/assets/images/resized/0020/5733/205733v2-max-450x450.png"]],
    "attribution": null},
   {"available_sizes":
     [[[150,
        93],
       "http://api-images.crunchbase.com/assets/images/resized/0020/5734/205734v2-max-150x150.png"],
      [[250,
        156],
       "http://api-images.crunchbase.com/assets/images/resized/0020/5734/205734v2-max-250x250.png"],
      [[450,
        281],
       "http://api-images.crunchbase.com/assets/images/resized/0020/5734/205734v2-max-450x450.png"]],
    "attribution": null}],
 "external_links":
  [{"external_url": "http://www.pcworld.com/article/185744/top_10_chrome_browser_addons.html",
    "title": "Top 10 Chrome Browser Add-ons"},
   {"external_url": "http://www.networkworld.com/slideshows/2009/121609-10-best-chrome-extensions-google-subnet.html#slide2",
    "title": "The 10 best Chrome extensions for work and play "},
   {"external_url": "http://www.komando.com/downloads/category.aspx?id=6934",
    "title": "Easily avoid malicious Web sites"},
   {"external_url": "http://www.maximumpc.com/article/web_exclusive/firefox_addon_week_web_trust",
    "title": "Firefox Add-on of the Week: Web of Trust"},
   {"external_url": "http://download.cnet.com/WOT-Web-of-Trust-for-Firefox/3000-11745_4-10588554.html",
    "title": "CNET review of WOT for Firefox"}],
 "partners":
  []}
