{"name": "Agape Package Manufacturing",
 "permalink": "agape-package-manufacturing",
 "crunchbase_url": "http://www.crunchbase.com/company/agape-package-manufacturing",
 "homepage_url": "http://www.apmcn.com",
 "blog_url": "",
 "blog_feed_url": "",
 "twitter_username": null,
 "category_code": null,
 "number_of_employees": null,
 "founded_year": null,
 "founded_month": null,
 "founded_day": null,
 "deadpooled_year": null,
 "deadpooled_month": null,
 "deadpooled_day": null,
 "deadpooled_url": null,
 "tag_list": null,
 "alias_list": "",
 "email_address": "",
 "phone_number": "",
 "description": "",
 "created_at": "Fri Aug 15 20:52:41 UTC 2008",
 "updated_at": "Thu Jun 06 02:36:36 UTC 2013",
 "overview": "\u003Cp\u003EAgape Package Manufacturing (Shanghai), Ltd. offers semiconductor assembly and testing services. The company was founded in 2004 and is based in Shanghai, China. As of December 3, 2010, Agape Package Manufacturing (Shanghai), Ltd. operates as a subsidiary of Alpha \u0026amp; Omega Semiconductor, Ltd.\u003C/p\u003E",
 "image":
  {"available_sizes":
    [[[150,
       14],
      "http://api-images.crunchbase.com/assets/images/resized/0010/7184/107184v1-max-150x150.jpg"],
     [[250,
       24],
      "http://api-images.crunchbase.com/assets/images/resized/0010/7184/107184v1-max-250x250.jpg"],
     [[450,
       43],
      "http://api-images.crunchbase.com/assets/images/resized/0010/7184/107184v1-max-450x450.jpg"]],
   "attribution": null},
 "products":
  [],
 "relationships":
  [{"is_past": false,
    "title": "board of directors",
    "person":
     {"first_name": "Jui",
      "last_name": "Tan",
      "permalink": "jui-tan"}}],
 "competitions":
  [],
 "providerships":
  [],
 "total_money_raised": "$0",
 "funding_rounds":
  [],
 "investments":
  [],
 "acquisition": null,
 "acquisitions":
  [],
 "offices":
  [],
 "milestones":
  [],
 "ipo": null,
 "video_embeds":
  [],
 "screenshots":
  [{"available_sizes":
     [[[150,
        132],
       "http://api-images.crunchbase.com/assets/images/resized/0010/7185/107185v1-max-150x150.jpg"],
      [[250,
        220],
       "http://api-images.crunchbase.com/assets/images/resized/0010/7185/107185v1-max-250x250.jpg"],
      [[450,
        396],
       "http://api-images.crunchbase.com/assets/images/resized/0010/7185/107185v1-max-450x450.jpg"]],
    "attribution": null}],
 "external_links":
  [],
 "partners":
  []}
