{"name": "Agdersoft",
 "permalink": "agdersoft",
 "crunchbase_url": "http://www.crunchbase.com/company/agdersoft",
 "homepage_url": "http://www.agdersoft.com",
 "blog_url": "",
 "blog_feed_url": "",
 "twitter_username": null,
 "category_code": "web",
 "number_of_employees": 5,
 "founded_year": 2007,
 "founded_month": 2,
 "founded_day": 9,
 "deadpooled_year": 2008,
 "deadpooled_month": 1,
 "deadpooled_day": 18,
 "deadpooled_url": "",
 "tag_list": "",
 "alias_list": null,
 "email_address": "post@agdersoft.com",
 "phone_number": "",
 "description": null,
 "created_at": "Fri Aug 01 15:45:41 UTC 2008",
 "updated_at": "Thu Jan 31 04:00:45 UTC 2013",
 "overview": "\u003Cp\u003EAgdersoft is a web design agency headquartered near Tvedestrand, Norway. Agdersoft provides services in the area of design and technology with focus in Rich Internet application, Web 2.0, special effects and animation, enterprise programming services, strategy consulting and catered hosting solutions.\u003C/p\u003E\n\n\u003Cp\u003EAgdersoft is the developer of the social networking software Folkstr. Agdersoft was founded by Hans Kristian Lovdal, Martha Nss Borge, Kenneth Ring Thorbjornsen and Marit Alma Aaby Hirsch.\u003C/p\u003E",
 "image": null,
 "products":
  [],
 "relationships":
  [{"is_past": true,
    "title": "Co-founder \u0026 CFO",
    "person":
     {"first_name": "Martha",
      "last_name": "N\u00c3\u00a6ss Borge",
      "permalink": "martha-nss-borge"}},
   {"is_past": true,
    "title": "Co-founder \u0026 COO",
    "person":
     {"first_name": "Hans Kristian",
      "last_name": "L\u00f8vdal",
      "permalink": "hans-kristian"}},
   {"is_past": true,
    "title": "Chief Executive Officer",
    "person":
     {"first_name": "Hanna",
      "last_name": "Knutsen",
      "permalink": "hanna-knutsen"}},
   {"is_past": true,
    "title": "Chief Executive Officer",
    "person":
     {"first_name": "Mart",
      "last_name": "Alma Aaby Hirch",
      "permalink": "mart-alma-aaby-hirch"}},
   {"is_past": true,
    "title": "Co-founder \u0026 CTO",
    "person":
     {"first_name": "Kenneth",
      "last_name": "Ring Thorbj\u00c3\u00b8rnsen",
      "permalink": "kenneth-ring-thorbjrnsen"}},
   {"is_past": true,
    "title": "Chief Technology Officer",
    "person":
     {"first_name": "John",
      "last_name": "Halvdan Halvorsen",
      "permalink": "john-halvdan-halvorsen"}}],
 "competitions":
  [],
 "providerships":
  [{"title": "Webhosting",
    "is_past": false,
    "provider":
     {"name": "Aullo",
      "permalink": "aullo"}}],
 "total_money_raised": "$0",
 "funding_rounds":
  [],
 "investments":
  [],
 "acquisition": null,
 "acquisitions":
  [],
 "offices":
  [{"description": "",
    "address1": "Postboks 26",
    "address2": "",
    "zip_code": "4901",
    "city": "Tvedestrand",
    "state_code": null,
    "country_code": "NOR",
    "latitude": null,
    "longitude": null}],
 "milestones":
  [],
 "ipo": null,
 "video_embeds":
  [],
 "screenshots":
  [],
 "external_links":
  [],
 "partners":
  []}
