{"name": "Agence France Presse (AFP)",
 "permalink": "agence-france-presse-afp",
 "crunchbase_url": "http://www.crunchbase.com/company/agence-france-presse-afp",
 "homepage_url": null,
 "blog_url": null,
 "blog_feed_url": null,
 "twitter_username": null,
 "category_code": null,
 "number_of_employees": null,
 "founded_year": null,
 "founded_month": null,
 "founded_day": null,
 "deadpooled_year": null,
 "deadpooled_month": null,
 "deadpooled_day": null,
 "deadpooled_url": null,
 "tag_list": null,
 "alias_list": null,
 "email_address": null,
 "phone_number": null,
 "description": null,
 "created_at": "Thu Nov 06 17:16:53 UTC 2008",
 "updated_at": "Thu Jun 06 03:36:50 UTC 2013",
 "overview": "\u003Cp\u003EAgence France-Presse SA, a news agency, provides news in video, text, map, diagram, photograph, graphic, and pre-packaged multimedia formats. The company also provides live news and media content for mobile usage; and online news services. It offers news on wars, conflicts, disasters, diplomacy, crimes, business and finance, politics, science, health, environment, science and technology, fashion, entertainment, offbeat, celebrities, culture, social, people, lifestyle, and sports in various languages; and world news. The company\u2019s clients include broadcasters, mobile operators, production companies, digital display solution providers, national news wires, television and radio stations, newspapers and magazines, web sites and portals, mobile operators, corporate clients, and public institutions. Agence France-Presse SA was formerly known as Agence France-Presse SA Agence Havas and changed its name in August 1944. The company was founded in 1835 and is based in Paris, France with operations in Latin America, North America, Europe, Africa, the Middle East, and the Asia-Pacific. It has a regional office in Paris; and regional centers in Washington, Hong Kong, Nicosia, and Montevideo.\u003C/p\u003E",
 "image":
  {"available_sizes":
    [[[94,
       51],
      "http://api-images.crunchbase.com/assets/images/resized/0008/2544/82544v2-max-150x150.jpg"],
     [[94,
       51],
      "http://api-images.crunchbase.com/assets/images/resized/0008/2544/82544v2-max-250x250.jpg"],
     [[94,
       51],
      "http://api-images.crunchbase.com/assets/images/resized/0008/2544/82544v2-max-450x450.jpg"]],
   "attribution": null},
 "products":
  [],
 "relationships":
  [{"is_past": true,
    "title": "Global Marketing Manager",
    "person":
     {"first_name": "Sana",
      "last_name": "Chebaro",
      "permalink": "sana-chebaro"}}],
 "competitions":
  [],
 "providerships":
  [],
 "total_money_raised": "$0",
 "funding_rounds":
  [],
 "investments":
  [{"funding_round":
     {"round_code": "a",
      "source_url": "http://www.journalism.co.uk/2/articles/530805.php",
      "source_description": "Journalism.co.uk",
      "raised_amount": 1000000.0,
      "raised_currency_code": "EUR",
      "funded_year": 2007,
      "funded_month": 11,
      "funded_day": 21,
      "company":
       {"name": "Citizenside",
        "permalink": "citizenside"}}}],
 "acquisition": null,
 "acquisitions":
  [],
 "offices":
  [],
 "milestones":
  [],
 "ipo": null,
 "video_embeds":
  [],
 "screenshots":
  [],
 "external_links":
  [],
 "partners":
  []}
