{"name": "Aghreni Technologies",
 "permalink": "aghreni-technologies",
 "crunchbase_url": "http://www.crunchbase.com/company/aghreni-technologies",
 "homepage_url": "http://www.aghreni.com",
 "blog_url": "http://aghreni.blogspot.com",
 "blog_feed_url": "http://aghreni.blogspot.com/feeds/posts/default?alt=rss",
 "twitter_username": "aghreni",
 "category_code": "software",
 "number_of_employees": 15,
 "founded_year": 2008,
 "founded_month": 10,
 "founded_day": 1,
 "deadpooled_year": null,
 "deadpooled_month": null,
 "deadpooled_day": null,
 "deadpooled_url": null,
 "tag_list": "open, source, open-source, software, solutions, services, service, infrastructure, it, consulting, security, audit, sas-70, web, design, business, email-marketing, mobile-marketing, opt-in-marketing, india, email-marketing-services, email-marketing-soluti",
 "alias_list": "",
 "email_address": "info@aghreni.com",
 "phone_number": "+91 80 4204 2734",
 "description": "",
 "created_at": "Wed Nov 12 11:11:32 UTC 2008",
 "updated_at": "Wed Apr 24 03:21:31 UTC 2013",
 "overview": "\u003Cp\u003EAghreni Technologies is a premier provider of software and infrastructure services leveraging the benefits of open source technologies and solutions for clients world-wide.\u003C/p\u003E",
 "image":
  {"available_sizes":
    [[[120,
       36],
      "http://api-images.crunchbase.com/assets/images/resized/0002/9955/29955v2-max-150x150.png"],
     [[120,
       36],
      "http://api-images.crunchbase.com/assets/images/resized/0002/9955/29955v2-max-250x250.png"],
     [[120,
       36],
      "http://api-images.crunchbase.com/assets/images/resized/0002/9955/29955v2-max-450x450.png"]],
   "attribution": null},
 "products":
  [{"name": "MobillTracker",
    "permalink": "mobilltracker"},
   {"name": "Aghreni Open Source Software Services",
    "permalink": "open-source-software-services"},
   {"name": "Email and Mobile Messaging Solutions and Services",
    "permalink": "email-and-mobile-messaging-solutions-and-services"}],
 "relationships":
  [{"is_past": false,
    "title": "Managing Director",
    "person":
     {"first_name": "Manjunatha",
      "last_name": "KG",
      "permalink": "manjunatha-kg"}},
   {"is_past": false,
    "title": "Head Infrastructure",
    "person":
     {"first_name": "Raghunandan",
      "last_name": "(Raghu)",
      "permalink": "raghunandan-raghu"}},
   {"is_past": false,
    "title": "Practice Head",
    "person":
     {"first_name": "Yusuf",
      "last_name": "Musaji",
      "permalink": "yusuf-musaji"}}],
 "competitions":
  [],
 "providerships":
  [],
 "total_money_raised": "$0",
 "funding_rounds":
  [],
 "investments":
  [],
 "acquisition": null,
 "acquisitions":
  [],
 "offices":
  [{"description": "India Office",
    "address1": "335 Double Road",
    "address2": "Indiranagar 1st Stage",
    "zip_code": "560038",
    "city": "Bangalore",
    "state_code": null,
    "country_code": "IND",
    "latitude": 12.9561278,
    "longitude": 77.5922642},
   {"description": "USA Office",
    "address1": "246, Fifth Avenue",
    "address2": "Ste. 301",
    "zip_code": "10001",
    "city": "New York",
    "state_code": "NY",
    "country_code": "USA",
    "latitude": 40.744549,
    "longitude": -73.988071}],
 "milestones":
  [],
 "ipo": null,
 "video_embeds":
  [],
 "screenshots":
  [],
 "external_links":
  [{"external_url": "http://www.slideshare.net/aghreni",
    "title": "Aghreni Best Practices"},
   {"external_url": "http://aghreni.blogspot.com",
    "title": "Aghreni's blogs on open source"},
   {"external_url": "http://email-marketing-india.blogspot.com/",
    "title": "Aghreni's blogs on email and mobile marketing solutions and services"}],
 "partners":
  []}
