{"name": "agilefactor",
 "permalink": "agilefactor",
 "crunchbase_url": "http://www.crunchbase.com/company/agilefactor",
 "homepage_url": null,
 "blog_url": null,
 "blog_feed_url": null,
 "twitter_username": null,
 "category_code": null,
 "number_of_employees": null,
 "founded_year": null,
 "founded_month": null,
 "founded_day": null,
 "deadpooled_year": null,
 "deadpooled_month": null,
 "deadpooled_day": null,
 "deadpooled_url": null,
 "tag_list": null,
 "alias_list": null,
 "email_address": null,
 "phone_number": null,
 "description": null,
 "created_at": "Wed Nov 19 20:57:14 UTC 2008",
 "updated_at": "Tue Oct 26 11:30:50 UTC 2010",
 "overview": null,
 "image":
  {"available_sizes":
    [[[150,
       31],
      "http://api-images.crunchbase.com/assets/images/resized/0010/7295/107295v1-max-150x150.jpg"],
     [[203,
       43],
      "http://api-images.crunchbase.com/assets/images/resized/0010/7295/107295v1-max-250x250.jpg"],
     [[203,
       43],
      "http://api-images.crunchbase.com/assets/images/resized/0010/7295/107295v1-max-450x450.jpg"]],
   "attribution": null},
 "products":
  [],
 "relationships":
  [{"is_past": true,
    "title": "Director of Software Development",
    "person":
     {"first_name": "Damon",
      "last_name": "Wilder Carr",
      "permalink": "damon-wilder-carr"}}],
 "competitions":
  [],
 "providerships":
  [],
 "total_money_raised": "$0",
 "funding_rounds":
  [],
 "investments":
  [],
 "acquisition": null,
 "acquisitions":
  [],
 "offices":
  [],
 "milestones":
  [],
 "ipo": null,
 "video_embeds":
  [],
 "screenshots":
  [{"available_sizes":
     [[[150,
        125],
       "http://api-images.crunchbase.com/assets/images/resized/0010/7297/107297v1-max-150x150.jpg"],
      [[250,
        209],
       "http://api-images.crunchbase.com/assets/images/resized/0010/7297/107297v1-max-250x250.jpg"],
      [[450,
        376],
       "http://api-images.crunchbase.com/assets/images/resized/0010/7297/107297v1-max-450x450.jpg"]],
    "attribution": null}],
 "external_links":
  [],
 "partners":
  []}
