{"name": "Agilis Systems",
 "permalink": "agilis-systems",
 "crunchbase_url": "http://www.crunchbase.com/company/agilis-systems",
 "homepage_url": "http://www.agilissystems.com",
 "blog_url": "",
 "blog_feed_url": "",
 "twitter_username": null,
 "category_code": "software",
 "number_of_employees": null,
 "founded_year": null,
 "founded_month": null,
 "founded_day": null,
 "deadpooled_year": null,
 "deadpooled_month": null,
 "deadpooled_day": null,
 "deadpooled_url": null,
 "tag_list": "vehicle-tracking, gps-fleet-tracking, gps-vehicle-tracking, gps-tracking, gps, mobile-tracking, workforce-management-software, fleet-management-software",
 "alias_list": "",
 "email_address": "sales@agilissystems.com",
 "phone_number": "314-732-4925",
 "description": "Mobile Resource Management solution",
 "created_at": "Tue Jun 03 04:57:50 UTC 2008",
 "updated_at": "Mon Jun 18 03:17:18 UTC 2012",
 "overview": "\u003Cp\u003E\u003Ca href=\"http://www.agilissystems.com/\" title=\"Agilis Systems\" rel=\"nofollow\"\u003EAgilis Systems\u003C/a\u003E is a St. Louis based Software as a Service (SaaS) company that assists corporate enterprises in mobilizing their operations using its comprehensive fleet, asset, and workflow management solutions. By uniquely combining key technologies, Agilis elevates customers to the highest level of mobile productivity and customer service, while dramatically reducing costs. \u003C/p\u003E\n\n\u003Cp\u003Evia: \u003Ca href=\"http://www.agilissystems.com/\" title=\"Agilis Systems\" rel=\"nofollow\"\u003EAgilis Systems\u003C/a\u003E\u003C/p\u003E",
 "image":
  {"available_sizes":
    [[[150,
       75],
      "http://api-images.crunchbase.com/assets/images/resized/0001/9866/19866v3-max-150x150.jpg"],
     [[250,
       125],
      "http://api-images.crunchbase.com/assets/images/resized/0001/9866/19866v3-max-250x250.jpg"],
     [[400,
       200],
      "http://api-images.crunchbase.com/assets/images/resized/0001/9866/19866v3-max-450x450.jpg"]],
   "attribution": null},
 "products":
  [{"name": "Agilis",
    "permalink": "agilis"},
   {"name": "LinxUp",
    "permalink": "linxup"}],
 "relationships":
  [{"is_past": false,
    "title": "COO",
    "person":
     {"first_name": "Gregory",
      "last_name": "Winter",
      "permalink": "gregory-winter"}},
   {"is_past": false,
    "title": "CTO",
    "person":
     {"first_name": "Naeem",
      "last_name": "Bari",
      "permalink": "naeem-bari"}},
   {"is_past": true,
    "title": "CEO",
    "person":
     {"first_name": "Daniel",
      "last_name": "Huber",
      "permalink": "daniel-huber"}}],
 "competitions":
  [],
 "providerships":
  [],
 "total_money_raised": "$5M",
 "funding_rounds":
  [{"id": 2475,
    "round_code": "b",
    "source_url": "http://www.bizjournals.com/stlouis/stories/2008/05/19/story8.html?b=1211169600%5E1636139",
    "source_description": "Agilis raises $5 million, expanding marketing staff",
    "raised_amount": 5000000.0,
    "raised_currency_code": "USD",
    "funded_year": 2008,
    "funded_month": 5,
    "funded_day": 16,
    "investments":
     [{"company": null,
       "financial_org":
        {"name": "Gilead Group",
         "permalink": "gilead-group"},
       "person": null},
      {"company": null,
       "financial_org": null,
       "person":
        {"first_name": "Howard",
         "last_name": "Wood",
         "permalink": "howard-wood"}}]}],
 "investments":
  [],
 "acquisition": null,
 "acquisitions":
  [{"price_amount": null,
    "price_currency_code": "USD",
    "term_code": null,
    "source_url": "http://techrice.com/2012/02/07/bigfoot-ventures-acquires-chinesepod-learning-chinese-just-got-that-much-easier/",
    "source_description": "Bigfoot Ventures acquires ChinesePod: Learning Chinese just got that much easier",
    "acquired_year": 2012,
    "acquired_month": 1,
    "acquired_day": 31,
    "company":
     {"name": "Praxis Language",
      "permalink": "praxis-language"}}],
 "offices":
  [{"description": null,
    "address1": "12747 Olive Blvd.",
    "address2": "Suite 200",
    "zip_code": "63141",
    "city": "St. Louis",
    "state_code": "MO",
    "country_code": "USA",
    "latitude": 38.681201,
    "longitude": -90.471595}],
 "milestones":
  [{"id": 11476,
    "description": "Agilis Systems Leaps onto the Android Platform ",
    "stoned_year": 2011,
    "stoned_month": 1,
    "stoned_day": 14,
    "source_url": "http://www.prweb.com/releases/2011/01/prweb4942064.htm",
    "source_text": null,
    "source_description": "Agilis Systems, LLC \u00e2\u20ac\u201c Cost Saving Mobile Application Leaps onto the Android Platform ",
    "stoneable_type": "Company",
    "stoned_value": null,
    "stoned_value_type": null,
    "stoned_acquirer": null,
    "stoneable":
     {"name": "Agilis Systems",
      "permalink": "agilis-systems"}}],
 "ipo": null,
 "video_embeds":
  [],
 "screenshots":
  [],
 "external_links":
  [],
 "partners":
  []}
