{"name": "Agnostic Media",
 "permalink": "agnostic-media",
 "crunchbase_url": "http://www.crunchbase.com/company/agnostic-media",
 "homepage_url": "http://www.agnostic-media.com",
 "blog_url": "",
 "blog_feed_url": "",
 "twitter_username": null,
 "category_code": "software",
 "number_of_employees": null,
 "founded_year": null,
 "founded_month": null,
 "founded_day": null,
 "deadpooled_year": null,
 "deadpooled_month": null,
 "deadpooled_day": null,
 "deadpooled_url": null,
 "tag_list": null,
 "alias_list": "",
 "email_address": "",
 "phone_number": "+1 917 546 6906 ",
 "description": "Software",
 "created_at": "Fri Nov 28 15:19:00 UTC 2008",
 "updated_at": "Tue Oct 26 11:44:17 UTC 2010",
 "overview": "\u003Cp\u003EAgnostic Media, Inc. is a software platform technology company with a wide range of products architected for enterprise, on-demand/utility, and distributed computing environments. Agnostic offers an integrated, comprehensive, and cohesive platform for managing digital media targeted towards broadcasters, film studios/production, record labels, music production, photo archives, and magazine/publication production.\u003C/p\u003E",
 "image": null,
 "products":
  [],
 "relationships":
  [{"is_past": true,
    "title": "Director of Engineering",
    "person":
     {"first_name": "Kevin",
      "last_name": "Goldsmith",
      "permalink": "kevin-goldsmith"}}],
 "competitions":
  [],
 "providerships":
  [],
 "total_money_raised": "$0",
 "funding_rounds":
  [],
 "investments":
  [],
 "acquisition": null,
 "acquisitions":
  [],
 "offices":
  [{"description": "HQ",
    "address1": "774 Mays Blvd.",
    "address2": "suite 10-285",
    "zip_code": "89451",
    "city": "Incline Village",
    "state_code": "NV",
    "country_code": "USA",
    "latitude": null,
    "longitude": null}],
 "milestones":
  [],
 "ipo": null,
 "video_embeds":
  [],
 "screenshots":
  [],
 "external_links":
  [],
 "partners":
  []}
