{"name": "AGORAZ.com",
 "permalink": "agoraz-com",
 "crunchbase_url": "http://www.crunchbase.com/company/agoraz-com",
 "homepage_url": "http://www.agoraz.com",
 "blog_url": "http://agoraz.wordpress.com/",
 "blog_feed_url": "http://agoraz.wordpress.com/feed/",
 "twitter_username": null,
 "category_code": "ecommerce",
 "number_of_employees": 5,
 "founded_year": 2008,
 "founded_month": 3,
 "founded_day": 10,
 "deadpooled_year": null,
 "deadpooled_month": null,
 "deadpooled_day": null,
 "deadpooled_url": null,
 "tag_list": "social-commerce, social-network, social-selling, e-commerce, social",
 "alias_list": "",
 "email_address": "nick@agoraz.com",
 "phone_number": "",
 "description": "Online Marketplace",
 "created_at": "Tue Nov 25 21:21:13 UTC 2008",
 "updated_at": "Wed Apr 08 20:05:15 UTC 2009",
 "overview": "\u003Cp\u003EAGORAZ is a rich internet socially-driven marketplace. They seamlessly blend social networking with e-commerce. AGORAZ is represented by the three pillars of society, just as in ancient Greece when an \u00e2\u20ac\u0153Agora\u00e2\u20ac\u009d was the center of trade, social events, and self promotion. They are slowly emerging from stealth-mode and more information can be found by signing up to updates at www.agoraz.com \u003C/p\u003E",
 "image":
  {"available_sizes":
    [[[150,
       50],
      "http://api-images.crunchbase.com/assets/images/resized/0004/0608/40608v1-max-150x150.png"],
     [[250,
       84],
      "http://api-images.crunchbase.com/assets/images/resized/0004/0608/40608v1-max-250x250.png"],
     [[450,
       151],
      "http://api-images.crunchbase.com/assets/images/resized/0004/0608/40608v1-max-450x450.png"]],
   "attribution": null},
 "products":
  [],
 "relationships":
  [{"is_past": false,
    "title": "CEO",
    "person":
     {"first_name": "Anastasios",
      "last_name": "Kyriakides",
      "permalink": "anastasios-kyriakides"}},
   {"is_past": false,
    "title": "Founder/President",
    "person":
     {"first_name": "Nicholas",
      "last_name": "Kyriakides",
      "permalink": "nicholas-kyriakides"}}],
 "competitions":
  [{"competitor":
     {"name": "eBay",
      "permalink": "ebay"}},
   {"competitor":
     {"name": "MySpace",
      "permalink": "myspace"}},
   {"competitor":
     {"name": "Craigslist",
      "permalink": "craigslist"}}],
 "providerships":
  [],
 "total_money_raised": "$0",
 "funding_rounds":
  [],
 "investments":
  [],
 "acquisition": null,
 "acquisitions":
  [],
 "offices":
  [{"description": "Global Headquarters",
    "address1": "1100 NW 163rd Drive",
    "address2": "",
    "zip_code": "33169",
    "city": "North Miami Beach",
    "state_code": "FL",
    "country_code": "USA",
    "latitude": 25.925918,
    "longitude": -80.166511}],
 "milestones":
  [],
 "ipo": null,
 "video_embeds":
  [],
 "screenshots":
  [{"available_sizes":
     [[[150,
        92],
       "http://api-images.crunchbase.com/assets/images/resized/0004/0609/40609v1-max-150x150.png"],
      [[250,
        154],
       "http://api-images.crunchbase.com/assets/images/resized/0004/0609/40609v1-max-250x250.png"],
      [[450,
        277],
       "http://api-images.crunchbase.com/assets/images/resized/0004/0609/40609v1-max-450x450.png"]],
    "attribution": null}],
 "external_links":
  [],
 "partners":
  []}
