{"name": "Agroterra Tecnologias Agrarias",
 "permalink": "agroterra",
 "crunchbase_url": "http://www.crunchbase.com/company/agroterra",
 "homepage_url": "http://www.agroterra.com",
 "blog_url": "http://www.agroterra.com/blog/",
 "blog_feed_url": "",
 "twitter_username": "agroterra",
 "category_code": "ecommerce",
 "number_of_employees": 45,
 "founded_year": 1999,
 "founded_month": null,
 "founded_day": null,
 "deadpooled_year": null,
 "deadpooled_month": null,
 "deadpooled_day": null,
 "deadpooled_url": null,
 "tag_list": "agricultural, business, portal",
 "alias_list": "",
 "email_address": "sporte@agroterra.com",
 "phone_number": "34 902 19 92 40",
 "description": "Discover,buy \u0026 sell agricultural product",
 "created_at": "Tue Aug 05 17:10:22 UTC 2008",
 "updated_at": "Fri Jan 10 05:34:00 UTC 2014",
 "overview": "\u003Cp\u003EAgroterra Tecnologias Agrarias S.L. operates an agricultural business portal in Spain. Its transaction Web site enables companies to acquire and sell agrarian products and agricultural machinery. The company also allows producers to sell various products, including tractors, water deposit warehouses, and mushrooms. Agroterra Tecnologias Agrarias S.L. was founded in 1999 and is based in Valencia, Spain.\u003C/p\u003E",
 "image":
  {"available_sizes":
    [[[150,
       34],
      "http://api-images.crunchbase.com/assets/images/resized/0005/9790/59790v2-max-150x150.png"],
     [[250,
       57],
      "http://api-images.crunchbase.com/assets/images/resized/0005/9790/59790v2-max-250x250.png"],
     [[303,
       70],
      "http://api-images.crunchbase.com/assets/images/resized/0005/9790/59790v2-max-450x450.png"]],
   "attribution": null},
 "products":
  [],
 "relationships":
  [{"is_past": false,
    "title": "CEO \u0026 Founder",
    "person":
     {"first_name": "Juan",
      "last_name": "Mart\u00ednez Climent",
      "permalink": "juan-martnez-climent"}},
   {"is_past": false,
    "title": "Shareholder",
    "person":
     {"first_name": "Lluis",
      "last_name": "Faus",
      "permalink": "lluis-faus"}},
   {"is_past": false,
    "title": "Shareholder",
    "person":
     {"first_name": "Marek",
      "last_name": "Fodor",
      "permalink": "marek-fodor"}}],
 "competitions":
  [],
 "providerships":
  [],
 "total_money_raised": "$0",
 "funding_rounds":
  [],
 "investments":
  [],
 "acquisition": null,
 "acquisitions":
  [],
 "offices":
  [{"description": "HQ",
    "address1": "C/ Guardia Civil 22-3-2",
    "address2": "",
    "zip_code": "46020",
    "city": "Valencia",
    "state_code": null,
    "country_code": "ESP",
    "latitude": null,
    "longitude": null}],
 "milestones":
  [],
 "ipo": null,
 "video_embeds":
  [],
 "screenshots":
  [{"available_sizes":
     [[[150,
        125],
       "http://api-images.crunchbase.com/assets/images/resized/0006/4688/64688v1-max-150x150.jpg"],
      [[250,
        209],
       "http://api-images.crunchbase.com/assets/images/resized/0006/4688/64688v1-max-250x250.jpg"],
      [[450,
        376],
       "http://api-images.crunchbase.com/assets/images/resized/0006/4688/64688v1-max-450x450.jpg"]],
    "attribution": null}],
 "external_links":
  [],
 "partners":
  []}
