{"name": "Aicio",
 "permalink": "aicio",
 "crunchbase_url": "http://www.crunchbase.com/company/aicio",
 "homepage_url": "http://www.aicio.com",
 "blog_url": "",
 "blog_feed_url": "",
 "twitter_username": null,
 "category_code": "software",
 "number_of_employees": null,
 "founded_year": 2003,
 "founded_month": null,
 "founded_day": null,
 "deadpooled_year": null,
 "deadpooled_month": null,
 "deadpooled_day": null,
 "deadpooled_url": null,
 "tag_list": "mobile, web, internet, software, iphone, ipod, ipod-touch, appstore, android, android-market, blackberry, symbian, application, service, game, web-services, mobile-web, mobile-software, smart-phone, mobile-phone",
 "alias_list": null,
 "email_address": "",
 "phone_number": "",
 "description": null,
 "created_at": "Thu Oct 30 07:17:01 UTC 2008",
 "updated_at": "Sat Nov 01 13:58:54 UTC 2008",
 "overview": "\u003Cp\u003EAicio is a leading-edge mobile software and web service company dedicated to the development and promotion of innovative next-generation knowledge mobile applications and services shared by the users over the mobile web platform world-wide.\u003C/p\u003E",
 "image":
  {"available_sizes":
    [[[92,
       48],
      "http://api-images.crunchbase.com/assets/images/resized/0002/7605/27605v2-max-150x150.png"],
     [[92,
       48],
      "http://api-images.crunchbase.com/assets/images/resized/0002/7605/27605v2-max-250x250.png"],
     [[92,
       48],
      "http://api-images.crunchbase.com/assets/images/resized/0002/7605/27605v2-max-450x450.png"]],
   "attribution": null},
 "products":
  [],
 "relationships":
  [],
 "competitions":
  [],
 "providerships":
  [],
 "total_money_raised": "$0",
 "funding_rounds":
  [],
 "investments":
  [],
 "acquisition": null,
 "acquisitions":
  [],
 "offices":
  [],
 "milestones":
  [],
 "ipo": null,
 "video_embeds":
  [],
 "screenshots":
  [],
 "external_links":
  [],
 "partners":
  []}
