{"name": "Aidmas Corporation",
 "permalink": "aidmas-corporation",
 "crunchbase_url": "http://www.crunchbase.com/company/aidmas-corporation",
 "homepage_url": "http://www.aidmas.com",
 "blog_url": "",
 "blog_feed_url": "",
 "twitter_username": null,
 "category_code": "mobile",
 "number_of_employees": null,
 "founded_year": 2004,
 "founded_month": 8,
 "founded_day": 4,
 "deadpooled_year": null,
 "deadpooled_month": null,
 "deadpooled_day": null,
 "deadpooled_url": null,
 "tag_list": "",
 "alias_list": null,
 "email_address": "",
 "phone_number": "",
 "description": null,
 "created_at": "Thu Mar 06 04:52:55 UTC 2008",
 "updated_at": "Thu Dec 01 07:38:47 UTC 2011",
 "overview": "\u003Cp\u003ESince 2004, Aidmas Corporation has delivered enterprise-level, campaign management Software-as-a-Service at an affordable price. By offering advanced online response and intelligent lead management, Aidmas empowers marketing professionals to better manage their business and improve their ROI. Organizations that have benefited from Aidmas deployments include Universitas 21 Global, Media Road Inc. and Harmony Mobile Networks. \u003C/p\u003E",
 "image":
  {"available_sizes":
    [[[150,
       48],
      "http://api-images.crunchbase.com/assets/images/resized/0001/4673/14673v1-max-150x150.jpg"],
     [[250,
       80],
      "http://api-images.crunchbase.com/assets/images/resized/0001/4673/14673v1-max-250x250.jpg"],
     [[450,
       144],
      "http://api-images.crunchbase.com/assets/images/resized/0001/4673/14673v1-max-450x450.jpg"]],
   "attribution": null},
 "products":
  [],
 "relationships":
  [],
 "competitions":
  [],
 "providerships":
  [],
 "total_money_raised": "$0",
 "funding_rounds":
  [],
 "investments":
  [],
 "acquisition": null,
 "acquisitions":
  [],
 "offices":
  [{"description": null,
    "address1": "",
    "address2": "",
    "zip_code": "L4B3E4",
    "city": "Richmond Hill",
    "state_code": null,
    "country_code": "CAN",
    "latitude": 43.860672,
    "longitude": -79.393849}],
 "milestones":
  [],
 "ipo": null,
 "video_embeds":
  [],
 "screenshots":
  [],
 "external_links":
  [],
 "partners":
  []}
