{"name": "AirMagnet",
 "permalink": "airmagnet",
 "crunchbase_url": "http://www.crunchbase.com/company/airmagnet",
 "homepage_url": "http://www.airmagnet.com",
 "blog_url": "",
 "blog_feed_url": "",
 "twitter_username": null,
 "category_code": "software",
 "number_of_employees": null,
 "founded_year": null,
 "founded_month": null,
 "founded_day": null,
 "deadpooled_year": null,
 "deadpooled_month": null,
 "deadpooled_day": null,
 "deadpooled_url": null,
 "tag_list": "airmagnet, air-magnet, wireless, WLAN, WiFi",
 "alias_list": null,
 "email_address": "",
 "phone_number": " 1-408-400-0200",
 "description": null,
 "created_at": "Mon Feb 18 22:03:38 UTC 2008",
 "updated_at": "Wed May 19 18:29:21 UTC 2010",
 "overview": "\u003Cp\u003EAirMagnet is a security and troubleshooting Wireless LAN software provider. Other products include WLAN site survey and design, RF interference detection, remote diagnostics, and the voice over WiFi analysis software.\u003C/p\u003E",
 "image":
  {"available_sizes":
    [[[150,
       42],
      "http://api-images.crunchbase.com/assets/images/resized/0001/2752/12752v1-max-150x150.jpg"],
     [[200,
       57],
      "http://api-images.crunchbase.com/assets/images/resized/0001/2752/12752v1-max-250x250.jpg"],
     [[200,
       57],
      "http://api-images.crunchbase.com/assets/images/resized/0001/2752/12752v1-max-450x450.jpg"]],
   "attribution": null},
 "products":
  [{"name": "AirMagnet Enterprise",
    "permalink": "airmagnet-enterprise"},
   {"name": "AirMagnet Enterprise Analyzer for Aruba",
    "permalink": "enterprise-analyzer-for-aruba"}],
 "relationships":
  [{"is_past": null,
    "title": "President \u0026 CEO",
    "person":
     {"first_name": "Dean",
      "last_name": "T. Au",
      "permalink": "dean-t-au"}},
   {"is_past": null,
    "title": "Chief Architect",
    "person":
     {"first_name": "Miles",
      "last_name": "Wu",
      "permalink": "miles-wu"}},
   {"is_past": null,
    "title": "CTO and SVP of Engineering",
    "person":
     {"first_name": "Chia",
      "last_name": "Chee Kuan",
      "permalink": "chia-chee-kuan"}},
   {"is_past": null,
    "title": "Vice President of Marketing",
    "person":
     {"first_name": "Chris",
      "last_name": "Roeckl",
      "permalink": "chris-roeckl"}},
   {"is_past": true,
    "title": "VP, Sales \u0026 Business Development",
    "person":
     {"first_name": "Timothy",
      "last_name": "Straight",
      "permalink": "timothy-straight"}}],
 "competitions":
  [],
 "providerships":
  [],
 "total_money_raised": "$0",
 "funding_rounds":
  [],
 "investments":
  [],
 "acquisition":
  {"price_amount": null,
   "price_currency_code": "USD",
   "term_code": null,
   "source_url": "http://www.flukenetworks.com/fnet/en-us/newsAndEvents/News/Fluke+Networks+Completes+Acquisition+of+AirMagnet.htm?qsDt=",
   "source_description": "Fluke Networks Completes Acquisition of AirMagnet",
   "acquired_year": 2009,
   "acquired_month": 8,
   "acquired_day": 26,
   "acquiring_company":
    {"name": "Fluke Networks",
     "permalink": "fluke-networks"}},
 "acquisitions":
  [],
 "offices":
  [{"description": null,
    "address1": "830 E. Arques Ave.",
    "address2": "",
    "zip_code": "94085",
    "city": "Sunnyvale",
    "state_code": "CA",
    "country_code": "USA",
    "latitude": 37.380941,
    "longitude": -122.010729}],
 "milestones":
  [],
 "ipo": null,
 "video_embeds":
  [],
 "screenshots":
  [{"available_sizes":
     [[[150,
        94],
       "http://api-images.crunchbase.com/assets/images/resized/0004/5000/45000v1-max-150x150.png"],
      [[250,
        157],
       "http://api-images.crunchbase.com/assets/images/resized/0004/5000/45000v1-max-250x250.png"],
      [[450,
        282],
       "http://api-images.crunchbase.com/assets/images/resized/0004/5000/45000v1-max-450x450.png"]],
    "attribution": null}],
 "external_links":
  [],
 "partners":
  []}
