{"name": "AisleTen",
 "permalink": "aisleten",
 "crunchbase_url": "http://www.crunchbase.com/company/aisleten",
 "homepage_url": "http://www.aisleten.com",
 "blog_url": "http://blog.aisleten.com",
 "blog_feed_url": "http://blog.aisleten.com/feed/",
 "twitter_username": null,
 "category_code": "web",
 "number_of_employees": 2,
 "founded_year": 2007,
 "founded_month": 8,
 "founded_day": null,
 "deadpooled_year": null,
 "deadpooled_month": null,
 "deadpooled_day": null,
 "deadpooled_url": null,
 "tag_list": "ruby-on-rails-merb",
 "alias_list": null,
 "email_address": "fanmail@aisleten.com",
 "phone_number": "",
 "description": null,
 "created_at": "Tue Sep 09 05:46:25 UTC 2008",
 "updated_at": "Sat Sep 13 13:58:35 UTC 2008",
 "overview": "\u003Cp\u003EAisleTen is a full-featured web development company specializing in rapid development using Ruby on Rails. We utilize Agile development techniques, specifically the Scrum method, and Behavior Driven Development focusing on extensive automated testing in order to produce high quality software. We believe in involving the customer as much as possible. Expect frequent reports accompanied by working demos showing the current state of the actual software. You will always know exactly where the project stands and how much work is left to be done.\u003C/p\u003E",
 "image":
  {"available_sizes":
    [[[150,
       75],
      "http://api-images.crunchbase.com/assets/images/resized/0002/4862/24862v2-max-150x150.png"],
     [[200,
       100],
      "http://api-images.crunchbase.com/assets/images/resized/0002/4862/24862v2-max-250x250.png"],
     [[200,
       100],
      "http://api-images.crunchbase.com/assets/images/resized/0002/4862/24862v2-max-450x450.png"]],
   "attribution": null},
 "products":
  [],
 "relationships":
  [],
 "competitions":
  [],
 "providerships":
  [],
 "total_money_raised": "$0",
 "funding_rounds":
  [],
 "investments":
  [],
 "acquisition": null,
 "acquisitions":
  [],
 "offices":
  [],
 "milestones":
  [],
 "ipo": null,
 "video_embeds":
  [],
 "screenshots":
  [],
 "external_links":
  [],
 "partners":
  []}
