{"name": "Aitito",
 "permalink": "aitito",
 "crunchbase_url": "http://www.crunchbase.com/company/aitito",
 "homepage_url": "http://www.aitito.com",
 "blog_url": "http://blog.aitito.com/",
 "blog_feed_url": "",
 "twitter_username": null,
 "category_code": "web",
 "number_of_employees": null,
 "founded_year": null,
 "founded_month": null,
 "founded_day": null,
 "deadpooled_year": null,
 "deadpooled_month": null,
 "deadpooled_day": null,
 "deadpooled_url": null,
 "tag_list": null,
 "alias_list": "",
 "email_address": "",
 "phone_number": "",
 "description": "",
 "created_at": "Sun Aug 31 02:59:49 UTC 2008",
 "updated_at": "Thu Aug 19 04:23:06 UTC 2010",
 "overview": "\u003Cp\u003EAitito is a self-service event automation and promotion platform for socially active communities. We seek to provide users an easy way to host events, reach the right audience, and build engageing experience for the community members. Aitito is privately held and headquartered in the metro Boston area, with a regional office in Taipei, Taiwan. \u003C/p\u003E",
 "image":
  {"available_sizes":
    [[[108,
       55],
      "http://api-images.crunchbase.com/assets/images/resized/0002/4896/24896v2-max-150x150.jpg"],
     [[108,
       55],
      "http://api-images.crunchbase.com/assets/images/resized/0002/4896/24896v2-max-250x250.jpg"],
     [[108,
       55],
      "http://api-images.crunchbase.com/assets/images/resized/0002/4896/24896v2-max-450x450.jpg"]],
   "attribution": null},
 "products":
  [],
 "relationships":
  [],
 "competitions":
  [],
 "providerships":
  [],
 "total_money_raised": "$0",
 "funding_rounds":
  [],
 "investments":
  [],
 "acquisition": null,
 "acquisitions":
  [],
 "offices":
  [],
 "milestones":
  [],
 "ipo": null,
 "video_embeds":
  [],
 "screenshots":
  [],
 "external_links":
  [],
 "partners":
  []}
