{"name": "AJR \u0026 Partners",
 "permalink": "ajr-partners",
 "crunchbase_url": "http://www.crunchbase.com/company/ajr-partners",
 "homepage_url": "http://www.ajrpartners.com",
 "blog_url": "",
 "blog_feed_url": "",
 "twitter_username": null,
 "category_code": "other",
 "number_of_employees": 5,
 "founded_year": 2003,
 "founded_month": 5,
 "founded_day": null,
 "deadpooled_year": null,
 "deadpooled_month": null,
 "deadpooled_day": null,
 "deadpooled_url": null,
 "tag_list": "pr, public-relations, marketing, web2-0-marketing, branding",
 "alias_list": null,
 "email_address": "alecjr@ajrpartners.com",
 "phone_number": "305.665.5755",
 "description": "",
 "created_at": "Wed Sep 24 15:02:23 UTC 2008",
 "updated_at": "Wed Aug 26 20:39:50 UTC 2009",
 "overview": "\u003Cp\u003EAJR \u0026amp; Partners is an award winning full-service Public Relations and Marketing Agency located in Miami, Florida. AJR \u0026amp; Partners focuses on delivering Ideas \u0026gt; Communications \u0026gt; Results through a fully integrated marketing communications approach. AJR \u0026amp; Partners offers its clients the following marketing communications services:\u003C/p\u003E\n\n\u003Cp\u003EAdvertising\nPublic Relations\nSocial Media \nWeb 2.0 PR \nInternet Marketing\nMarket Research\nMarketing Consulting Services\nWebsite Design\u003C/p\u003E\n\n\u003Cp\u003EAwards and Recognition:\u003C/p\u003E\n\n\u003Cp\u003ENamed Top-100 South Florida Small Business by South Florida Business Leader magazine\n2008 MARCOM Platinum Award for Corporate PR and Branding Campaigns\n2008 MARCOM Gold Award for Viral Marketing\n2008 MARCOM Honorable Mention for Pro Bono Community Campaigns\nRecognized as  South Florida Tech 100 firm (2004)\nRecognized as a Top 40 under 40 Leader by the South Florida Business Journal (2001) \nCreativity in Public Relations Award\u003C/p\u003E\n\n\u003Cp\u003EAJR \u0026amp; Partners specializes in the following areas:\u003C/p\u003E\n\n\u003Cp\u003ETechnology Public Relations and Marketing\nB2B Public Relations and Marketing\nHealthcare Public Relations and Marketing\nSmall and Medium Business PR\nConsumer Products\nMiami PR Agency Location:\nAJR \u0026amp; Partners | Public Relations Agency | Miami Florida\u003C/p\u003E",
 "image":
  {"available_sizes":
    [[[150,
       56],
      "http://api-images.crunchbase.com/assets/images/resized/0003/9494/39494v1-max-150x150.png"],
     [[228,
       86],
      "http://api-images.crunchbase.com/assets/images/resized/0003/9494/39494v1-max-250x250.png"],
     [[228,
       86],
      "http://api-images.crunchbase.com/assets/images/resized/0003/9494/39494v1-max-450x450.png"]],
   "attribution": null},
 "products":
  [],
 "relationships":
  [{"is_past": false,
    "title": "President \u0026 CEO",
    "person":
     {"first_name": "Alec",
      "last_name": "J. Rosen",
      "permalink": "alec-j-rosen"}}],
 "competitions":
  [],
 "providerships":
  [],
 "total_money_raised": "$0",
 "funding_rounds":
  [],
 "investments":
  [],
 "acquisition": null,
 "acquisitions":
  [],
 "offices":
  [{"description": "",
    "address1": "7204 SW 59 Ave",
    "address2": "2nd Floor",
    "zip_code": "33143",
    "city": "Miami",
    "state_code": "FL",
    "country_code": "USA",
    "latitude": 25.704202,
    "longitude": -80.289343}],
 "milestones":
  [],
 "ipo": null,
 "video_embeds":
  [],
 "screenshots":
  [{"available_sizes":
     [[[150,
        96],
       "http://api-images.crunchbase.com/assets/images/resized/0003/9495/39495v1-max-150x150.png"],
      [[250,
        160],
       "http://api-images.crunchbase.com/assets/images/resized/0003/9495/39495v1-max-250x250.png"],
      [[450,
        288],
       "http://api-images.crunchbase.com/assets/images/resized/0003/9495/39495v1-max-450x450.png"]],
    "attribution": null}],
 "external_links":
  [],
 "partners":
  []}
