{"name": "aka-aki networks",
 "permalink": "akaaki",
 "crunchbase_url": "http://www.crunchbase.com/company/akaaki",
 "homepage_url": "http://www.aka-aki.com",
 "blog_url": "http://blog.aka-aki.com/",
 "blog_feed_url": "http://blog.aka-aki.com/?feed=rss2",
 "twitter_username": "akaaki",
 "category_code": "mobile",
 "number_of_employees": 15,
 "founded_year": 2007,
 "founded_month": null,
 "founded_day": null,
 "deadpooled_year": 2012,
 "deadpooled_month": null,
 "deadpooled_day": null,
 "deadpooled_url": "http://www.spiegel.de/international/germany/the-rise-and-fall-of-the-berlin-start-up-aka-aki-a-887490.html",
 "tag_list": "mobilesoftware, akaaki, socialnetworks, mobilesocialnetworks, social, location-based-services, location-based, social-networking, socialnetworking",
 "alias_list": "",
 "email_address": "office@aka-aki.com",
 "phone_number": "",
 "description": "",
 "created_at": "Tue Sep 04 18:38:55 UTC 2007",
 "updated_at": "Mon Jun 17 03:23:23 UTC 2013",
 "overview": "\u003Cp\u003EAka Aki is a Germany-based mobile social networking site that wants to let users discover and connect with members as they go about their days. They have two different versions of the site, a mobile version and a web version. The web version has all the standard features like profiles, friends and messaging, but, the mobile version is much different with its Bluetooth-sensing capabilities. \u003C/p\u003E\n\n\u003Cp\u003EThe mobile version uses a combination of Bluetooth, GPS and WiFi spots to find similar users within your area and alerts you via your mobile device. You can then use you device to view their profiles and connect with them. For instance, you could be at a grocery store, restaurant or party and find people to connect with. This could be good for finding  strangers with common interests but it would probably be better for running into friends you didn\u0026#8217;t know were going to be in the area. \u003C/p\u003E\n\n\u003Cp\u003EIf your mobile Bluetooth connection is activated, with no particular application running, you can be detected by other members while you\u0026#8217;re on the move, and check afterwards who you\u0026#8217;ve met. You can also know which members came at a given location (bar, etc.) in the past.\u003C/p\u003E\n\n\u003Cp\u003EThe mobile version\u0026#8217;s Bluetooth-sensing capabilities does put it at risk to open connection attacks and unwanted solicitations. \u003C/p\u003E\n\n\u003Cp\u003EOther mobile social networks include \u003Ca href=\"http://www.crunchbase.com/company/mocospace\" title=\"MocoSpace\"\u003EMocoSpace\u003C/a\u003E, \u003Ca href=\"http://www.techcrunch.com/tag/loopt\" title=\"Loopt\"\u003ELoopt\u003C/a\u003E, \u003Ca href=\"http://www.crunchbase.com/company/zyb\" title=\"Zyb\"\u003EZyb\u003C/a\u003E and \u003Ca href=\"http://www.crunchbase.com/company/facebook\" title=\"Facebook\"\u003EFacebook\u003C/a\u003E.\u003C/p\u003E",
 "image":
  {"available_sizes":
    [[[150,
       33],
      "http://api-images.crunchbase.com/assets/images/resized/0000/0463/463v2-max-150x150.jpg"],
     [[250,
       55],
      "http://api-images.crunchbase.com/assets/images/resized/0000/0463/463v2-max-250x250.jpg"],
     [[450,
       99],
      "http://api-images.crunchbase.com/assets/images/resized/0000/0463/463v2-max-450x450.jpg"]],
   "attribution": null},
 "products":
  [{"name": "aka-aki iPhone application",
    "permalink": "aka-aki-iphone-application"}],
 "relationships":
  [{"is_past": true,
    "title": "CEO",
    "person":
     {"first_name": "Gabriel",
      "last_name": "Yoran",
      "permalink": "gabriel-yoran"}},
   {"is_past": true,
    "title": "CEO",
    "person":
     {"first_name": "Stefanie",
      "last_name": "Hoffmann",
      "permalink": "stefanie-hoffmann"}},
   {"is_past": true,
    "title": "Head of Web Development",
    "person":
     {"first_name": "Lukas",
      "last_name": "F Hartmann",
      "permalink": "lukas-f-hartmann"}}],
 "competitions":
  [{"competitor":
     {"name": "Qiro",
      "permalink": "qiro"}},
   {"competitor":
     {"name": "Brightkite",
      "permalink": "brightkite"}},
   {"competitor":
     {"name": "Trutap",
      "permalink": "trutap"}},
   {"competitor":
     {"name": "Meetro",
      "permalink": "meetro"}},
   {"competitor":
     {"name": "MeetMoi",
      "permalink": "meetmoi"}},
   {"competitor":
     {"name": "Loopt",
      "permalink": "loopt"}},
   {"competitor":
     {"name": "Next2Friends",
      "permalink": "next2friends"}},
   {"competitor":
     {"name": "Jambo",
      "permalink": "jambo"}},
   {"competitor":
     {"name": "imity",
      "permalink": "imity"}},
   {"competitor":
     {"name": "MocoSpace",
      "permalink": "mocospace"}},
   {"competitor":
     {"name": "sniff",
      "permalink": "sniff"}},
   {"competitor":
     {"name": "Zygo Communications",
      "permalink": "zygo"}},
   {"competitor":
     {"name": "ShowNearby",
      "permalink": "shownearby"}},
   {"competitor":
     {"name": "feest.je",
      "permalink": "feest-je"}},
   {"competitor":
     {"name": "Gauss",
      "permalink": "gauss"}}],
 "providerships":
  [],
 "total_money_raised": "$0",
 "funding_rounds":
  [{"id": 9356,
    "round_code": "unattributed",
    "source_url": "http://www.topix.net/content/prweb/2009/10/aka-aki-gets-expansion-money-from-creathor-venture",
    "source_description": "October 23, 2009 Aka-aki gets expansion money from Creathor Venture",
    "raised_amount": null,
    "raised_currency_code": null,
    "funded_year": 2009,
    "funded_month": 10,
    "funded_day": 23,
    "investments":
     [{"company": null,
       "financial_org":
        {"name": "Creathor Venture Management",
         "permalink": "creathor-venture-management"},
       "person": null},
      {"company": null,
       "financial_org":
        {"name": "Innovacom",
         "permalink": "innovacom"},
       "person": null}]}],
 "investments":
  [],
 "acquisition": null,
 "acquisitions":
  [{"price_amount": 117000000.0,
    "price_currency_code": "USD",
    "term_code": null,
    "source_url": "http://techcrunch.com/2014/02/20/simple-acquired-for-117m-will-continue-to-operate-separately-under-its-own-brand/?utm_source=feedburner\u0026utm_medium=feed\u0026utm_campaign=Feed%3A+Techcrunch+(TechCrunch)",
    "source_description": "Banking Startup Simple Acquired For $117M, Will Continue To Operate Separately",
    "acquired_year": 2014,
    "acquired_month": 2,
    "acquired_day": 20,
    "company":
     {"name": "Simple",
      "permalink": "banksimple"}}],
 "offices":
  [{"description": "aka-aki networks GmbH",
    "address1": "Hessische Strasse 11",
    "address2": "",
    "zip_code": "10115",
    "city": "Berlin",
    "state_code": null,
    "country_code": "DEU",
    "latitude": 52.528782,
    "longitude": 13.380185}],
 "milestones":
  [],
 "ipo": null,
 "video_embeds":
  [],
 "screenshots":
  [],
 "external_links":
  [],
 "partners":
  []}
