{"name": "akakce.com",
 "permalink": "akakce-com",
 "crunchbase_url": "http://www.crunchbase.com/company/akakce-com",
 "homepage_url": "http://www.akakce.com",
 "blog_url": "",
 "blog_feed_url": "",
 "twitter_username": "akakce",
 "category_code": "ecommerce",
 "number_of_employees": 22,
 "founded_year": 2000,
 "founded_month": 11,
 "founded_day": 3,
 "deadpooled_year": null,
 "deadpooled_month": null,
 "deadpooled_day": null,
 "deadpooled_url": null,
 "tag_list": "price, comparison, shopping",
 "alias_list": "",
 "email_address": "editor@akakce.com",
 "phone_number": "",
 "description": "",
 "created_at": "Fri Jul 25 12:36:00 UTC 2008",
 "updated_at": "Thu Jan 30 06:00:44 UTC 2014",
 "overview": "\u003Cp\u003EAkakce.co, launched on November 3, 2000, is a comparative shopping platform providing a wide range of consumer goods from various online retailers. The platform enables shoppers to compare prices and purchase electronics, jewelry, mother-baby goods, toys, home appliances, cosmetics, perfumes, healthcare products, apparel, vehicle accessories, constructional hardware, glassware and more. \u003C/p\u003E\n\n\u003Cp\u003EAkakce employs robotic search technology to gather price information directly from the products\u2019 retail sites. This ensures that the information provided is objective and up-to-date, and is published every 2 to 6 hours. It also allows consumers to choose among multiple payment options.\u003C/p\u003E",
 "image":
  {"available_sizes":
    [[[102,
       70],
      "http://api-images.crunchbase.com/assets/images/resized/0002/2811/22811v3-max-150x150.png"],
     [[102,
       70],
      "http://api-images.crunchbase.com/assets/images/resized/0002/2811/22811v3-max-250x250.png"],
     [[102,
       70],
      "http://api-images.crunchbase.com/assets/images/resized/0002/2811/22811v3-max-450x450.png"]],
   "attribution": null},
 "products":
  [],
 "relationships":
  [],
 "competitions":
  [{"competitor":
     {"name": "Cimri",
      "permalink": "cimri"}}],
 "providerships":
  [],
 "total_money_raised": "$0",
 "funding_rounds":
  [],
 "investments":
  [],
 "acquisition": null,
 "acquisitions":
  [],
 "offices":
  [{"description": "",
    "address1": "Windowist Tower",
    "address2": "Eski B\u00fcy\u00fckdere Caddesi No:26 Kat:7 ,Maslak",
    "zip_code": "",
    "city": "\u0130stanbul",
    "state_code": null,
    "country_code": "TUR",
    "latitude": null,
    "longitude": null}],
 "milestones":
  [],
 "ipo": null,
 "video_embeds":
  [],
 "screenshots":
  [{"available_sizes":
     [[[150,
        91],
       "http://api-images.crunchbase.com/assets/images/resized/0040/4012/404012v1-max-150x150.png"],
      [[250,
        152],
       "http://api-images.crunchbase.com/assets/images/resized/0040/4012/404012v1-max-250x250.png"],
      [[450,
        273],
       "http://api-images.crunchbase.com/assets/images/resized/0040/4012/404012v1-max-450x450.png"]],
    "attribution": null}],
 "external_links":
  [{"external_url": "https://www.facebook.com/akakcecom",
    "title": "Facebook"}],
 "partners":
  [{"partner_name": "webrazzi",
    "homepage_url": "unknown",
    "link_1_url": "http://vt.webrazzi.com/sirket/akakce-com",
    "link_2_url": null,
    "link_3_url": null,
    "link_1_name": "webrazzi Page",
    "link_2_name": null,
    "link_3_name": null}]}
