{"name": "Akampus",
 "permalink": "akampus",
 "crunchbase_url": "http://www.crunchbase.com/company/akampus",
 "homepage_url": "http://www.akampusyouth.com",
 "blog_url": "http://akampusyouth.blogspot.com",
 "blog_feed_url": "http://akampusyouth.blogspot.com/feeds/posts/default?alt=rss",
 "twitter_username": "akampusyouth",
 "category_code": "other",
 "number_of_employees": 18,
 "founded_year": 2000,
 "founded_month": 9,
 "founded_day": 1,
 "deadpooled_year": null,
 "deadpooled_month": null,
 "deadpooled_day": null,
 "deadpooled_url": null,
 "tag_list": "youth, college, university, answers, college-com, social, boazii, students, photos, lecture-notes, professor-ratings, social-networking",
 "alias_list": "",
 "email_address": "i.ugdul@akampus.com",
 "phone_number": "+902122700950",
 "description": "",
 "created_at": "Mon Mar 17 11:06:19 UTC 2008",
 "updated_at": "Tue Mar 25 22:37:37 UTC 2014",
 "overview": "\u003Cp\u003EAkampus is a Turkey-based youth marketing agency established in 2000. It is a social network \u0026#8220;\u0026#8221;a la Facebook\u0026#8221;\u0026#8221; for college students and graduates.\u003C/p\u003E\n\n\u003Cp\u003EAkampus specializes in youth and social media marketing, youth crowdsourcing, advertising, promotions and event marketing. It is a platform that helps companies reach the teen to young adult demographic group.\u003C/p\u003E\n\n\u003Cp\u003EAkampus was founded by entrepreneurs Ibrahim Ugdul and Evren G\u00fcney. They chose Bo\u011fazi\u00e7i University in Istanbul as a starting community in 2000, and now targets all Turkish university students, graduates and Turkish speaking students in universities abroad.\u003C/p\u003E",
 "image":
  {"available_sizes":
    [[[150,
       49],
      "http://api-images.crunchbase.com/assets/images/resized/0040/3491/403491v1-max-150x150.jpg"],
     [[250,
       81],
      "http://api-images.crunchbase.com/assets/images/resized/0040/3491/403491v1-max-250x250.jpg"],
     [[450,
       147],
      "http://api-images.crunchbase.com/assets/images/resized/0040/3491/403491v1-max-450x450.jpg"]],
   "attribution": null},
 "products":
  [],
 "relationships":
  [{"is_past": null,
    "title": "CEO",
    "person":
     {"first_name": "Ibrahim",
      "last_name": "Ugdul",
      "permalink": "brahim-dl"}},
   {"is_past": false,
    "title": "Partner",
    "person":
     {"first_name": "Evren",
      "last_name": "G\u00fcney",
      "permalink": "evren-gney"}}],
 "competitions":
  [],
 "providerships":
  [],
 "total_money_raised": "$0",
 "funding_rounds":
  [{"id": 1818,
    "round_code": "seed",
    "source_url": "",
    "source_description": "BKP (Burhan Karacam Partnership)",
    "raised_amount": null,
    "raised_currency_code": "USD",
    "funded_year": 2000,
    "funded_month": null,
    "funded_day": null,
    "investments":
     []}],
 "investments":
  [],
 "acquisition": null,
 "acquisitions":
  [],
 "offices":
  [{"description": "",
    "address1": "Levaz\u0131m Mahallesi \u00c7ay\u0131r Sokak",
    "address2": "Hedera Sitesi No:3 D:5 Be\u015fikta\u015f",
    "zip_code": "",
    "city": "Istanbul",
    "state_code": null,
    "country_code": "TUR",
    "latitude": null,
    "longitude": null}],
 "milestones":
  [],
 "ipo": null,
 "video_embeds":
  [],
 "screenshots":
  [{"available_sizes":
     [[[150,
        100],
       "http://api-images.crunchbase.com/assets/images/resized/0040/3978/403978v1-max-150x150.png"],
      [[250,
        167],
       "http://api-images.crunchbase.com/assets/images/resized/0040/3978/403978v1-max-250x250.png"],
      [[450,
        301],
       "http://api-images.crunchbase.com/assets/images/resized/0040/3978/403978v1-max-450x450.png"]],
    "attribution": null}],
 "external_links":
  [{"external_url": "http://www.akampus.net",
    "title": "Akampus Youth Marketing Agency"},
   {"external_url": "https://www.facebook.com/Akampus.Youth.Marketing",
    "title": "Facebook"}],
 "partners":
  [{"partner_name": "webrazzi",
    "homepage_url": "unknown",
    "link_1_url": "http://vt.webrazzi.com/sirket/akampus",
    "link_2_url": null,
    "link_3_url": null,
    "link_1_name": "webrazzi Page",
    "link_2_name": null,
    "link_3_name": null}]}
