{"name": "Aktagon",
 "permalink": "aktagon",
 "crunchbase_url": "http://www.crunchbase.com/company/aktagon",
 "homepage_url": "http://aktagon.com",
 "blog_url": "",
 "blog_feed_url": "",
 "twitter_username": null,
 "category_code": "web",
 "number_of_employees": null,
 "founded_year": 2006,
 "founded_month": null,
 "founded_day": null,
 "deadpooled_year": null,
 "deadpooled_month": null,
 "deadpooled_day": null,
 "deadpooled_url": null,
 "tag_list": "",
 "alias_list": null,
 "email_address": "",
 "phone_number": "",
 "description": null,
 "created_at": "Sun Aug 03 09:44:44 UTC 2008",
 "updated_at": "Mon Mar 23 19:31:45 UTC 2009",
 "overview": "",
 "image":
  {"available_sizes":
    [[[105,
       37],
      "http://api-images.crunchbase.com/assets/images/resized/0003/8982/38982v1-max-150x150.png"],
     [[105,
       37],
      "http://api-images.crunchbase.com/assets/images/resized/0003/8982/38982v1-max-250x250.png"],
     [[105,
       37],
      "http://api-images.crunchbase.com/assets/images/resized/0003/8982/38982v1-max-450x450.png"]],
   "attribution": null},
 "products":
  [],
 "relationships":
  [],
 "competitions":
  [],
 "providerships":
  [],
 "total_money_raised": "$0",
 "funding_rounds":
  [],
 "investments":
  [],
 "acquisition": null,
 "acquisitions":
  [],
 "offices":
  [],
 "milestones":
  [],
 "ipo": null,
 "video_embeds":
  [],
 "screenshots":
  [{"available_sizes":
     [[[150,
        96],
       "http://api-images.crunchbase.com/assets/images/resized/0003/8983/38983v1-max-150x150.png"],
      [[250,
        160],
       "http://api-images.crunchbase.com/assets/images/resized/0003/8983/38983v1-max-250x250.png"],
      [[450,
        288],
       "http://api-images.crunchbase.com/assets/images/resized/0003/8983/38983v1-max-450x450.png"]],
    "attribution": null}],
 "external_links":
  [],
 "partners":
  []}
