{"name": "Akwan Information Technologies",
 "permalink": "akwan-information-technologies",
 "crunchbase_url": "http://www.crunchbase.com/company/akwan-information-technologies",
 "homepage_url": "http://www.akwan.com.br/index_en.html",
 "blog_url": "",
 "blog_feed_url": "",
 "twitter_username": null,
 "category_code": "web",
 "number_of_employees": null,
 "founded_year": null,
 "founded_month": null,
 "founded_day": null,
 "deadpooled_year": null,
 "deadpooled_month": null,
 "deadpooled_day": null,
 "deadpooled_url": null,
 "tag_list": null,
 "alias_list": null,
 "email_address": "",
 "phone_number": "",
 "description": null,
 "created_at": "Mon Jun 30 21:12:05 UTC 2008",
 "updated_at": "Thu Dec 01 07:49:29 UTC 2011",
 "overview": "\u003Cp\u003EAkwan Information Technologies was a search engine company based in Brazil. It was acquired by \u003Ca href=\"http://www.crunchbase.com/company/google\" title=\"Google\"\u003EGoogle\u003C/a\u003E on July 20, 2005, and is now a part of Google Brazil.\u003C/p\u003E",
 "image":
  {"available_sizes":
    [[[150,
       55],
      "http://api-images.crunchbase.com/assets/images/resized/0002/1983/21983v1-max-150x150.png"],
     [[176,
       65],
      "http://api-images.crunchbase.com/assets/images/resized/0002/1983/21983v1-max-250x250.png"],
     [[176,
       65],
      "http://api-images.crunchbase.com/assets/images/resized/0002/1983/21983v1-max-450x450.png"]],
   "attribution": null},
 "products":
  [],
 "relationships":
  [],
 "competitions":
  [],
 "providerships":
  [],
 "total_money_raised": "$0",
 "funding_rounds":
  [],
 "investments":
  [],
 "acquisition":
  {"price_amount": null,
   "price_currency_code": "USD",
   "term_code": "cash",
   "source_url": "http://www.google.com/press/pressrel/latam_office.html",
   "source_description": "Google Continues International Expansion, Opens Offices in Latin America",
   "acquired_year": 2005,
   "acquired_month": 11,
   "acquired_day": 17,
   "acquiring_company":
    {"name": "Google",
     "permalink": "google"}},
 "acquisitions":
  [],
 "offices":
  [],
 "milestones":
  [],
 "ipo": null,
 "video_embeds":
  [],
 "screenshots":
  [],
 "external_links":
  [],
 "partners":
  []}
