{"name": "Alacris",
 "permalink": "alacris",
 "crunchbase_url": "http://www.crunchbase.com/company/alacris",
 "homepage_url": null,
 "blog_url": "",
 "blog_feed_url": "",
 "twitter_username": null,
 "category_code": "software",
 "number_of_employees": null,
 "founded_year": 2000,
 "founded_month": null,
 "founded_day": null,
 "deadpooled_year": null,
 "deadpooled_month": null,
 "deadpooled_day": null,
 "deadpooled_url": null,
 "tag_list": "microsoft, security, certificates, identity-software",
 "alias_list": null,
 "email_address": "",
 "phone_number": "",
 "description": null,
 "created_at": "Tue Oct 21 00:51:04 UTC 2008",
 "updated_at": "Tue Oct 21 00:51:03 UTC 2008",
 "overview": "\u003Cp\u003EAlacris provides advanced identification and access security software and certificate management products. Alacris looks to help clients manage trusted digital identities across a wide variety of security technologies, platforms, architectures and devices. \u003C/p\u003E\n\n\u003Cp\u003EAlacris was acquired by Microsoft in September, 2005. \u003C/p\u003E",
 "image":
  {"available_sizes":
    [[[150,
       76],
      "http://api-images.crunchbase.com/assets/images/resized/0002/7051/27051v1-max-150x150.jpg"],
     [[204,
       104],
      "http://api-images.crunchbase.com/assets/images/resized/0002/7051/27051v1-max-250x250.jpg"],
     [[204,
       104],
      "http://api-images.crunchbase.com/assets/images/resized/0002/7051/27051v1-max-450x450.jpg"]],
   "attribution": null},
 "products":
  [],
 "relationships":
  [{"is_past": true,
    "title": "Researcher",
    "person":
     {"first_name": "Wolfgang",
      "last_name": "Lehrach",
      "permalink": "wolfgang-lehrach"}}],
 "competitions":
  [],
 "providerships":
  [],
 "total_money_raised": "$0",
 "funding_rounds":
  [],
 "investments":
  [],
 "acquisition":
  {"price_amount": null,
   "price_currency_code": "USD",
   "term_code": null,
   "source_url": "http://www.microsoft.com/presspass/press/2005/sep05/09-19AlacrisPR.mspx",
   "source_description": "Microsoft Acquires Identity and Access Management Solutions Provider Alacris",
   "acquired_year": 2005,
   "acquired_month": 9,
   "acquired_day": 19,
   "acquiring_company":
    {"name": "Microsoft",
     "permalink": "microsoft"}},
 "acquisitions":
  [],
 "offices":
  [],
 "milestones":
  [],
 "ipo": null,
 "video_embeds":
  [],
 "screenshots":
  [],
 "external_links":
  [],
 "partners":
  []}
