{"name": "Alawar Entertainment",
 "permalink": "alawarentertainment",
 "crunchbase_url": "http://www.crunchbase.com/company/alawarentertainment",
 "homepage_url": "http://alawar.com",
 "blog_url": "",
 "blog_feed_url": "",
 "twitter_username": "AlawarGames",
 "category_code": "games_video",
 "number_of_employees": null,
 "founded_year": 1999,
 "founded_month": null,
 "founded_day": null,
 "deadpooled_year": null,
 "deadpooled_month": null,
 "deadpooled_day": null,
 "deadpooled_url": null,
 "tag_list": "alawar, casualgames",
 "alias_list": "",
 "email_address": "dev@alawar.com",
 "phone_number": "",
 "description": "",
 "created_at": "Thu Aug 30 14:44:12 UTC 2007",
 "updated_at": "Fri Nov 08 06:10:16 UTC 2013",
 "overview": "\u003Cp\u003EAlawar Entertainment is neck-deep into the casual gaming industry with involvement in development, publication and distribution of games titles like The Treasures of Montezuma, Magic Ball, Snowy and Gamextazy. They work with game developers to create games for Alawar\u0026#8217;s own sites and they provide website owners with their own casual gaming solutions. Alawar games can also be played on mobile phones. \u003C/p\u003E\n\n\u003Cp\u003EAlawar has plans to become a top five global casual games company. They are working on this goal furiously with over 60 development partners and publishing \u0026amp; promoting games through partners Real, Yahoo, Shockwave and CNet.\u003C/p\u003E\n\n\u003Cp\u003EThe Alawar Games Showroom Network is one of the casual games solutions for website owners. It lets them put Alawar\u0026#8217;s whole game catalogue on their site via embedded code. Alawar pays website owners a fifty percent fee on each game sold. They also have Alawar Wrapper, which protects game content with demo time limits and game play limits, and Alawar Game Box, which is downloadable desktop client that keeps gamers updated with new games and news. \u003C/p\u003E\n\n\u003Cp\u003EIn August 2007, Russian investment firm Finam Investment Holding acquired a minority stake in the company. Casual game competitors include Big Fish Games, MSN Games and their partner Yahoo Games.\u003C/p\u003E",
 "image":
  {"available_sizes":
    [[[150,
       53],
      "http://api-images.crunchbase.com/assets/images/resized/0000/0181/181v1-max-150x150.png"],
     [[151,
       54],
      "http://api-images.crunchbase.com/assets/images/resized/0000/0181/181v1-max-250x250.png"],
     [[151,
       54],
      "http://api-images.crunchbase.com/assets/images/resized/0000/0181/181v1-max-450x450.png"]],
   "attribution": null},
 "products":
  [{"name": "Alawar",
    "permalink": "alawar"}],
 "relationships":
  [{"is_past": false,
    "title": "CEO",
    "person":
     {"first_name": "Alexander",
      "last_name": "Lyskovsky",
      "permalink": "alexander-lyskovsky"}},
   {"is_past": false,
    "title": "Head of Publishing",
    "person":
     {"first_name": "Andrew",
      "last_name": "Postnikov",
      "permalink": "andrew-postnikov"}},
   {"is_past": false,
    "title": "Licensing Manager",
    "person":
     {"first_name": "Helen",
      "last_name": "Kovaleva",
      "permalink": "helen-kovaleva"}},
   {"is_past": false,
    "title": "PR Manager",
    "person":
     {"first_name": "Tatiana",
      "last_name": "Chernova",
      "permalink": "tatiana-chernova"}},
   {"is_past": false,
    "title": "Head of US Operations",
    "person":
     {"first_name": "David",
      "last_name": "Laprad",
      "permalink": "david-laprad"}},
   {"is_past": false,
    "title": "Games Producer",
    "person":
     {"first_name": "Kirill",
      "last_name": "Plotnikov",
      "permalink": "kirill-plotnikov"}}],
 "competitions":
  [{"competitor":
     {"name": "Gamook",
      "permalink": "gamook"}}],
 "providerships":
  [],
 "total_money_raised": "$3M",
 "funding_rounds":
  [{"id": 949,
    "round_code": "a",
    "source_url": "",
    "source_description": "",
    "raised_amount": null,
    "raised_currency_code": null,
    "funded_year": 2007,
    "funded_month": 8,
    "funded_day": 1,
    "investments":
     [{"company": null,
       "financial_org":
        {"name": "FINAM Global",
         "permalink": "finam"},
       "person": null}]},
   {"id": 11902,
    "round_code": "unattributed",
    "source_url": "http://www.thealarmclock.com/mt/archives/2010/02/almaz_buys_23_s_1.html",
    "source_description": "Almaz Buys 23% Stake in Alawar for $3M",
    "raised_amount": 3000000.0,
    "raised_currency_code": "USD",
    "funded_year": 2010,
    "funded_month": 2,
    "funded_day": 6,
    "investments":
     [{"company": null,
       "financial_org":
        {"name": "Almaz Capital",
         "permalink": "almaz-capital"},
       "person": null}]}],
 "investments":
  [],
 "acquisition": null,
 "acquisitions":
  [],
 "offices":
  [{"description": null,
    "address1": "901 N. Pitt Street, Suite 325",
    "address2": null,
    "zip_code": "22314",
    "city": "Alexandria",
    "state_code": "VA",
    "country_code": "USA",
    "latitude": 38.814208,
    "longitude": -77.042423}],
 "milestones":
  [],
 "ipo": null,
 "video_embeds":
  [],
 "screenshots":
  [{"available_sizes":
     [[[150,
        90],
       "http://api-images.crunchbase.com/assets/images/resized/0035/5098/355098v1-max-150x150.jpg"],
      [[250,
        151],
       "http://api-images.crunchbase.com/assets/images/resized/0035/5098/355098v1-max-250x250.jpg"],
      [[450,
        271],
       "http://api-images.crunchbase.com/assets/images/resized/0035/5098/355098v1-max-450x450.jpg"]],
    "attribution": null}],
 "external_links":
  [],
 "partners":
  []}
