{"name": "Albion",
 "permalink": "albion",
 "crunchbase_url": "http://www.crunchbase.com/company/albion",
 "homepage_url": "http://www.albionlondon.com",
 "blog_url": "http://albionlondon.typepad.com/",
 "blog_feed_url": "http://albionlondon.typepad.com/log/index.rdf",
 "twitter_username": "albionlondon",
 "category_code": "advertising",
 "number_of_employees": 54,
 "founded_year": 2002,
 "founded_month": 10,
 "founded_day": 1,
 "deadpooled_year": null,
 "deadpooled_month": null,
 "deadpooled_day": null,
 "deadpooled_url": null,
 "tag_list": "digital-marketing, creative, advertising, social-media, branding, web-design",
 "alias_list": null,
 "email_address": "jasong@albionlondon.com",
 "phone_number": "00442070338900",
 "description": "",
 "created_at": "Thu Jul 31 21:29:54 UTC 2008",
 "updated_at": "Mon Oct 11 18:07:43 UTC 2010",
 "overview": "\u003Cp\u003EWe are a marketing services firm devoted to progressive thinking which gets challenger businesses talked about. \u003C/p\u003E",
 "image":
  {"available_sizes":
    [[[150,
       28],
      "http://api-images.crunchbase.com/assets/images/resized/0002/3208/23208v1-max-150x150.png"],
     [[250,
       46],
      "http://api-images.crunchbase.com/assets/images/resized/0002/3208/23208v1-max-250x250.png"],
     [[298,
       56],
      "http://api-images.crunchbase.com/assets/images/resized/0002/3208/23208v1-max-450x450.png"]],
   "attribution": null},
 "products":
  [],
 "relationships":
  [{"is_past": false,
    "title": "Founder and CEO",
    "person":
     {"first_name": "Jason",
      "last_name": "Goodman",
      "permalink": "jason-goodman"}},
   {"is_past": false,
    "title": "Planning Director",
    "person":
     {"first_name": "Glyn",
      "last_name": "Britton",
      "permalink": "glyn-britton"}},
   {"is_past": false,
    "title": "Board of Directors",
    "person":
     {"first_name": "John",
      "last_name": "Farrell",
      "permalink": "john-farrell"}},
   {"is_past": false,
    "title": "Creative Director",
    "person":
     {"first_name": "Nick",
      "last_name": "Darken",
      "permalink": "nick-darken"}}],
 "competitions":
  [],
 "providerships":
  [],
 "total_money_raised": "$0",
 "funding_rounds":
  [],
 "investments":
  [],
 "acquisition": null,
 "acquisitions":
  [],
 "offices":
  [{"description": "Albion",
    "address1": "Tea Building",
    "address2": "Shoreditch High Street",
    "zip_code": "E16JJ",
    "city": "London",
    "state_code": null,
    "country_code": "GBR",
    "latitude": null,
    "longitude": null}],
 "milestones":
  [],
 "ipo": null,
 "video_embeds":
  [],
 "screenshots":
  [],
 "external_links":
  [{"external_url": "http://www.guardian.co.uk/media/2008/may/07/advertising.digitalmedia",
    "title": ""}],
 "partners":
  []}
