{"name": "Alcance Media Group",
 "permalink": "alcance-media-group",
 "crunchbase_url": "http://www.crunchbase.com/company/alcance-media-group",
 "homepage_url": "http://www.alcancemg.com",
 "blog_url": "http://www.reachhispanic.com",
 "blog_feed_url": "",
 "twitter_username": "alcancemg",
 "category_code": "advertising",
 "number_of_employees": 12,
 "founded_year": 2007,
 "founded_month": 12,
 "founded_day": 1,
 "deadpooled_year": null,
 "deadpooled_month": null,
 "deadpooled_day": null,
 "deadpooled_url": null,
 "tag_list": "multicultural, hispanic, advertising, digital, marketing, ad-network, consulting, spanish, ad-serving, hispanic-ad-network, advertising-in-mexico, advertising-in-latin-america, hispanic-branding",
 "alias_list": "",
 "email_address": "info@alcancemg.com",
 "phone_number": "415.625.5130",
 "description": "Hispanic focused digital marketing",
 "created_at": "Wed Jun 25 22:12:34 UTC 2008",
 "updated_at": "Sun Nov 10 08:02:41 UTC 2013",
 "overview": "\u003Cp\u003ESan Francisco-based Alcance Media Group is a digital marketing company focused on the U.S. Hispanic and Latin American markets. Founded in 2007 with the AlcanceMG premium hispanic advertising network, Alcance Media Group specializes in linking brands with the U.S. Hispanic and Latin American markets through digital, online video and mobile content. Featuring a multicultural, multilingual team, Alcance Media Group are experts in connecting brands with the U.S. Hispanic and Latin American markets.\u003C/p\u003E",
 "image":
  {"available_sizes":
    [[[150,
       65],
      "http://api-images.crunchbase.com/assets/images/resized/0002/1031/21031v2-max-150x150.png"],
     [[250,
       109],
      "http://api-images.crunchbase.com/assets/images/resized/0002/1031/21031v2-max-250x250.png"],
     [[364,
       159],
      "http://api-images.crunchbase.com/assets/images/resized/0002/1031/21031v2-max-450x450.png"]],
   "attribution": null},
 "products":
  [{"name": "AlcanceMG ad network",
    "permalink": "alcancemg-ad-network"},
   {"name": "Reach Hispanic",
    "permalink": "reach-hispanic"}],
 "relationships":
  [{"is_past": false,
    "title": "Founder \u0026 CEO",
    "person":
     {"first_name": "Christopher",
      "last_name": "Stanley",
      "permalink": "christopher-stanley"}},
   {"is_past": false,
    "title": "Director, Ad Operations \u0026 Network Development",
    "person":
     {"first_name": "Jose Pablo",
      "last_name": "Rivera",
      "permalink": "jose-pablo-rivera"}},
   {"is_past": false,
    "title": "Operations Associate",
    "person":
     {"first_name": "Alessandra",
      "last_name": "Martinho",
      "permalink": "alessandra-martinho"}},
   {"is_past": false,
    "title": "Marketing Associate",
    "person":
     {"first_name": "Sergio",
      "last_name": "Guarin",
      "permalink": "sergio-guarin"}},
   {"is_past": false,
    "title": "Head, Publisher Development",
    "person":
     {"first_name": "Susan",
      "last_name": "Ayoob",
      "permalink": "susan-ayoob"}},
   {"is_past": false,
    "title": "Operations Associate",
    "person":
     {"first_name": "Fernando",
      "last_name": "Rosales",
      "permalink": "fernando-rosales"}},
   {"is_past": false,
    "title": "Graphic \u0026 Web Designer \u0026 Operations Manager",
    "person":
     {"first_name": "Alfredo",
      "last_name": "Cisneros",
      "permalink": "alfredo-cisneros"}},
   {"is_past": true,
    "title": "Co-Founder",
    "person":
     {"first_name": "Mark",
      "last_name": "Stacey",
      "permalink": "mark-stacey"}}],
 "competitions":
  [{"competitor":
     {"name": "Univision",
      "permalink": "univision"}}],
 "providerships":
  [],
 "total_money_raised": "$0",
 "funding_rounds":
  [],
 "investments":
  [],
 "acquisition": null,
 "acquisitions":
  [],
 "offices":
  [{"description": "San Francisco",
    "address1": "268 Bush Street, #2703",
    "address2": "",
    "zip_code": "94104",
    "city": "San Francisco",
    "state_code": "CA",
    "country_code": "USA",
    "latitude": 37.791068,
    "longitude": -122.401942}],
 "milestones":
  [],
 "ipo": null,
 "video_embeds":
  [],
 "screenshots":
  [{"available_sizes":
     [[[150,
        114],
       "http://api-images.crunchbase.com/assets/images/resized/0025/2057/252057v2-max-150x150.png"],
      [[250,
        190],
       "http://api-images.crunchbase.com/assets/images/resized/0025/2057/252057v2-max-250x250.png"],
      [[450,
        342],
       "http://api-images.crunchbase.com/assets/images/resized/0025/2057/252057v2-max-450x450.png"]],
    "attribution": null}],
 "external_links":
  [{"external_url": "http://www.reachhispanic.com",
    "title": "The U.S. Hispanic \u0026 Latin American Marketing Resource"}],
 "partners":
  []}
