{"name": "Alexa",
 "permalink": "alexa",
 "crunchbase_url": "http://www.crunchbase.com/company/alexa",
 "homepage_url": "http://www.alexa.com",
 "blog_url": "",
 "blog_feed_url": "",
 "twitter_username": "AlexaInternet",
 "category_code": "web",
 "number_of_employees": null,
 "founded_year": 1996,
 "founded_month": 4,
 "founded_day": 1,
 "deadpooled_year": null,
 "deadpooled_month": null,
 "deadpooled_day": null,
 "deadpooled_url": "",
 "tag_list": "",
 "alias_list": null,
 "email_address": "",
 "phone_number": "",
 "description": "The Web Information Company",
 "created_at": "Sat Feb 09 03:18:19 UTC 2008",
 "updated_at": "Mon Jan 14 02:16:57 UTC 2013",
 "overview": "\u003Cp\u003E\u0026#8220;Founded in April 1996, Alexa Internet grew out of a vision of Web navigation that is intelligent and constantly improving with the participation of its users. Along the way Alexa has developed an installed base of millions of toolbars, one of the largest Web crawls and an infrastructure to process and serve massive amounts of data. For users of Alexa\u0026#8217;s Toolbar and web site this has resulted in products that have revolutionized Web navigation and intelligence. For developers this has resulted in a set of tools unprecedented in scope allowing whole new services to be created on the Alexa data and platform.\u0026#8221; (Source: \u003Ca href=\"http://www.alexa.com/site/company\" title=\"Alexa\" rel=\"nofollow\"\u003EAlexa\u003C/a\u003E)\u003C/p\u003E",
 "image":
  {"available_sizes":
    [[[150,
       44],
      "http://api-images.crunchbase.com/assets/images/resized/0001/0881/10881v1-max-150x150.png"],
     [[203,
       60],
      "http://api-images.crunchbase.com/assets/images/resized/0001/0881/10881v1-max-250x250.png"],
     [[203,
       60],
      "http://api-images.crunchbase.com/assets/images/resized/0001/0881/10881v1-max-450x450.png"]],
   "attribution": null},
 "products":
  [],
 "relationships":
  [{"is_past": false,
    "title": "General Manager",
    "person":
     {"first_name": "Dave",
      "last_name": "Sherfesee",
      "permalink": "dave-sherfesee"}},
   {"is_past": false,
    "title": "Manager of Web Services",
    "person":
     {"first_name": "Greger",
      "last_name": "Orelind",
      "permalink": "greger-orelind"}},
   {"is_past": true,
    "title": "CEO",
    "person":
     {"first_name": "Niall",
      "last_name": "O'Driscoll",
      "permalink": "niall-o-driscoll"}},
   {"is_past": true,
    "title": "Co-Founder",
    "person":
     {"first_name": "Bruce",
      "last_name": "Gilliat",
      "permalink": "bruce-gilliat"}},
   {"is_past": true,
    "title": "VP, Research",
    "person":
     {"first_name": "Matthew",
      "last_name": "Work",
      "permalink": "matthew-work"}},
   {"is_past": true,
    "title": "Vice President of Operations",
    "person":
     {"first_name": "Don",
      "last_name": "Whitt",
      "permalink": "don-whitt"}},
   {"is_past": true,
    "title": "Co-Founder",
    "person":
     {"first_name": "Brewster",
      "last_name": "Kahle",
      "permalink": "brewster-kahle"}},
   {"is_past": true,
    "title": "Engineer",
    "person":
     {"first_name": "Jonathan",
      "last_name": "Aizen",
      "permalink": "jon-aizen"}},
   {"is_past": true,
    "title": "Product Manager",
    "person":
     {"first_name": "Wayne",
      "last_name": "Coburn",
      "permalink": "wayne-coburn"}},
   {"is_past": true,
    "title": "Product Manager",
    "person":
     {"first_name": "Geoffrey",
      "last_name": "Mack",
      "permalink": "geoffrey-mack"}},
   {"is_past": true,
    "title": "Web Services Developer",
    "person":
     {"first_name": "Jae",
      "last_name": "Kwon",
      "permalink": "jae-kwon"}}],
 "competitions":
  [{"competitor":
     {"name": "comScore",
      "permalink": "comscore"}},
   {"competitor":
     {"name": "Compete",
      "permalink": "compete"}},
   {"competitor":
     {"name": "Hitwise",
      "permalink": "hitwise"}}],
 "providerships":
  [],
 "total_money_raised": "$0",
 "funding_rounds":
  [],
 "investments":
  [],
 "acquisition":
  {"price_amount": 250000000.0,
   "price_currency_code": "USD",
   "term_code": "stock",
   "source_url": "http://sanfrancisco.bizjournals.com/sanfrancisco/stories/1999/05/24/newscolumn4.html",
   "source_description": "Amazon spends $250M for Alexa Internet",
   "acquired_year": 1999,
   "acquired_month": 5,
   "acquired_day": null,
   "acquiring_company":
    {"name": "Amazon",
     "permalink": "amazon"}},
 "acquisitions":
  [],
 "offices":
  [{"description": "",
    "address1": "Presidio of San Francisco",
    "address2": "PO Box 29141",
    "zip_code": "94129-0141",
    "city": "San Francicso",
    "state_code": "CA",
    "country_code": "USA",
    "latitude": null,
    "longitude": null}],
 "milestones":
  [],
 "ipo": null,
 "video_embeds":
  [],
 "screenshots":
  [{"available_sizes":
     [[[150,
        94],
       "http://api-images.crunchbase.com/assets/images/resized/0004/4278/44278v1-max-150x150.png"],
      [[250,
        157],
       "http://api-images.crunchbase.com/assets/images/resized/0004/4278/44278v1-max-250x250.png"],
      [[450,
        283],
       "http://api-images.crunchbase.com/assets/images/resized/0004/4278/44278v1-max-450x450.png"]],
    "attribution": null},
   {"available_sizes":
     [[[133,
        150],
       "http://api-images.crunchbase.com/assets/images/resized/0022/8872/228872v2-max-150x150.png"],
      [[222,
        250],
       "http://api-images.crunchbase.com/assets/images/resized/0022/8872/228872v2-max-250x250.png"],
      [[400,
        450],
       "http://api-images.crunchbase.com/assets/images/resized/0022/8872/228872v2-max-450x450.png"]],
    "attribution": null}],
 "external_links":
  [{"external_url": "http://en.wikipedia.org/wiki/Alexa_Internet",
    "title": "Wikipedia article"}],
 "partners":
  []}
