{"name": "Alex Gorney Web Development",
 "permalink": "alex-gorney-web-development",
 "crunchbase_url": "http://www.crunchbase.com/company/alex-gorney-web-development",
 "homepage_url": "http://www.alexgorney.com",
 "blog_url": "http://www.alexgorney.com",
 "blog_feed_url": "",
 "twitter_username": "alexgorney",
 "category_code": "consulting",
 "number_of_employees": 1,
 "founded_year": 2001,
 "founded_month": 4,
 "founded_day": 1,
 "deadpooled_year": null,
 "deadpooled_month": null,
 "deadpooled_day": null,
 "deadpooled_url": null,
 "tag_list": "",
 "alias_list": null,
 "email_address": "alex@alexgorney.com",
 "phone_number": "",
 "description": null,
 "created_at": "Wed Apr 09 09:28:59 UTC 2008",
 "updated_at": "Thu Dec 01 07:41:37 UTC 2011",
 "overview": "\u003Cp\u003EConvert psd to html\nhttp://www.css4me.com\nWe convert your design into hand coded, pixel perfect W3C compliant XHTML/CSS beauty every time. Quality PSD to HTML, XHTML/CSS service starts at $79 only.\u003C/p\u003E",
 "image": null,
 "products":
  [],
 "relationships":
  [],
 "competitions":
  [],
 "providerships":
  [],
 "total_money_raised": "$0",
 "funding_rounds":
  [],
 "investments":
  [],
 "acquisition": null,
 "acquisitions":
  [],
 "offices":
  [{"description": null,
    "address1": "",
    "address2": "",
    "zip_code": "2000",
    "city": "Sydney",
    "state_code": null,
    "country_code": "AUS",
    "latitude": -33.867139,
    "longitude": 151.207114}],
 "milestones":
  [],
 "ipo": null,
 "video_embeds":
  [],
 "screenshots":
  [],
 "external_links":
  [{"external_url": "http://www.css4me.com",
    "title": "PSD to HTML Conversion Service"}],
 "partners":
  []}
