{"name": "Alfabetic",
 "permalink": "alfabetic",
 "crunchbase_url": "http://www.crunchbase.com/company/alfabetic",
 "homepage_url": "http://www.alfabetic.com",
 "blog_url": "",
 "blog_feed_url": "",
 "twitter_username": null,
 "category_code": "advertising",
 "number_of_employees": 12,
 "founded_year": 2007,
 "founded_month": 2,
 "founded_day": null,
 "deadpooled_year": null,
 "deadpooled_month": null,
 "deadpooled_day": null,
 "deadpooled_url": null,
 "tag_list": "techcrunch50, tc50, translation, ad-network, machine-translation, syndication, blogs",
 "alias_list": "",
 "email_address": "obroshi@usa.net",
 "phone_number": "",
 "description": "Cross-Platform Advertising",
 "created_at": "Wed Aug 27 16:37:09 UTC 2008",
 "updated_at": "Fri Jun 28 21:40:13 UTC 2013",
 "overview": "\u003Cp\u003EAlfabetic is positioned to be the world\u0026#8217;s first Cross-Lingual Ad Network, allowing publishers to monetize their content across the language barrier. \u003C/p\u003E\n\n\u003Cp\u003EAlfabetic offers web content publishers a turnkey solution to translate, localize, distribute and monetize globally. All a publisher need supply is an RSS feed of their content, and Alfabetic builds a new target language version at no cost to the publisher with geo targeted advertising. Alfabetic is a profit center for publishers as revenue from this newly found audience flows back to the publisher. \u003C/p\u003E\n\n\u003Cp\u003EAlfabetic can translate and re-publish large amounts of content economically due to a proprietary publishing platform. At its core is an automated translation technology, developed in collaboration with some of the world\u0026#8217;s leading experts in the field. We assure professional grade translation thanks to our human review quality assurance process that in turn continually improves our domain specific translation technology. \u003C/p\u003E\n\n\u003Cp\u003ETapping into the multi-billion dollar opportunity of the international audience, Alfabetic will function as a revenue multiplier for the world\u0026#8217;s leading publishers.\u003C/p\u003E",
 "image":
  {"available_sizes":
    [[[150,
       54],
      "http://api-images.crunchbase.com/assets/images/resized/0002/4244/24244v6-max-150x150.jpg"],
     [[200,
       73],
      "http://api-images.crunchbase.com/assets/images/resized/0002/4244/24244v6-max-250x250.jpg"],
     [[200,
       73],
      "http://api-images.crunchbase.com/assets/images/resized/0002/4244/24244v6-max-450x450.jpg"]],
   "attribution": null},
 "products":
  [],
 "relationships":
  [{"is_past": true,
    "title": "Founder/CEO",
    "person":
     {"first_name": "Oded",
      "last_name": "Broshi",
      "permalink": "oded-broshi"}},
   {"is_past": true,
    "title": "Founder/COO",
    "person":
     {"first_name": "Arik",
      "last_name": "Kopelman",
      "permalink": "arik-kopelman"}}],
 "competitions":
  [],
 "providerships":
  [],
 "total_money_raised": "$0",
 "funding_rounds":
  [],
 "investments":
  [],
 "acquisition":
  {"price_amount": 155000.0,
   "price_currency_code": "USD",
   "term_code": "cash_and_stock",
   "source_url": "http://google.brand.edgar-online.com/EFX_dll/EDGARpro.dll?FetchFilingHtmlSection1?SectionID=8197371-540598-680583\u0026SessionID=eiFsFCg1k6v7-s7",
   "source_description": "WHITESMOKE INC. AND SUBSIDIARIES    NOTES TO CONSOLIDATED FINANCIAL STATEMENTS ",
   "acquired_year": 2009,
   "acquired_month": 6,
   "acquired_day": 30,
   "acquiring_company":
    {"name": "WhiteSmoke",
     "permalink": "whitesmoke"}},
 "acquisitions":
  [],
 "offices":
  [{"description": "",
    "address1": "",
    "address2": "DN Shimshon",
    "zip_code": "99803",
    "city": "Kibutz Tsorah",
    "state_code": null,
    "country_code": "ISR",
    "latitude": null,
    "longitude": null}],
 "milestones":
  [],
 "ipo": null,
 "video_embeds":
  [{"embed_code": "\u003Cobject id=\"otv_o_973312\" height=\"320\" width=\"400\"  classid=\"clsid:D27CDB6E-AE6D-11cf-96B8-444553540000\"\u003E\u003Cparam value=\"http://www.ustream.tv/flash/video/700689\" name=\"movie\" /\u003E\u003Cparam value=\"true\" name=\"allowFullScreen\" /\u003E\u003Cparam value=\"always\" name=\"allowScriptAccess\" /\u003E\u003Cparam value=\"transparent\" name=\"wmode\" /\u003E\u003Cparam value=\"viewcount=false\u0026amp;autoplay=false\u0026amp;brand=embed\u0026amp;\" name=\"flashvars\" /\u003E\u003Cembed name=\"otv_e_943402\" id=\"otv_e_903211\" flashvars=\"viewcount=false\u0026amp;autoplay=false\u0026amp;brand=embed\u0026amp;\" height=\"320\" width=\"400\" allowfullscreen=\"true\" allowscriptaccess=\"always\" wmode=\"transparent\" src=\"http://www.ustream.tv/flash/video/700689\" type=\"application/x-shockwave-flash\" /\u003E\u003C/object\u003E",
    "description": "\u003Cp\u003ETC50\u003C/p\u003E"}],
 "screenshots":
  [],
 "external_links":
  [],
 "partners":
  []}
