{"name": "Alfresco",
 "permalink": "alfresco",
 "crunchbase_url": "http://www.crunchbase.com/company/alfresco",
 "homepage_url": "http://www.alfresco.com",
 "blog_url": "http://socialcontent.com",
 "blog_feed_url": "",
 "twitter_username": "Alfresco",
 "category_code": "enterprise",
 "number_of_employees": null,
 "founded_year": 2005,
 "founded_month": null,
 "founded_day": null,
 "deadpooled_year": null,
 "deadpooled_month": null,
 "deadpooled_day": null,
 "deadpooled_url": null,
 "tag_list": "cmis, ecm",
 "alias_list": "",
 "email_address": "info@alfresco.com",
 "phone_number": "1-888-317-3395",
 "description": "Enterprise Content, Always in Sync.",
 "created_at": "Sat Jul 19 11:53:39 UTC 2008",
 "updated_at": "Wed Nov 28 05:38:58 UTC 2012",
 "overview": "\u003Cp\u003EAlfresco is the leading open source alternative for enterprise content management. It couples the innovation of open source with the stability of a true enterprise-class platform. The open source model allows Alfresco to use open source technologies and contributions from the open source community to get higher quality software produced more quickly at much lower cost.\u003C/p\u003E",
 "image":
  {"available_sizes":
    [[[150,
       54],
      "http://api-images.crunchbase.com/assets/images/resized/0002/2913/22913v1-max-150x150.png"],
     [[173,
       63],
      "http://api-images.crunchbase.com/assets/images/resized/0002/2913/22913v1-max-250x250.png"],
     [[173,
       63],
      "http://api-images.crunchbase.com/assets/images/resized/0002/2913/22913v1-max-450x450.png"]],
   "attribution": null},
 "products":
  [],
 "relationships":
  [{"is_past": false,
    "title": "CEO",
    "person":
     {"first_name": "Doug",
      "last_name": "Dennerline",
      "permalink": "doug-dennerline"}},
   {"is_past": false,
    "title": "Chairman and CTO",
    "person":
     {"first_name": "John",
      "last_name": "Newton",
      "permalink": "john-newton"}},
   {"is_past": false,
    "title": "Chief Product Officer",
    "person":
     {"first_name": "Paul",
      "last_name": "Holmes-Higgin",
      "permalink": "paul-holmes-higgin"}},
   {"is_past": false,
    "title": "Chief Marketing Officer",
    "person":
     {"first_name": "Todd",
      "last_name": "Barr",
      "permalink": "todd-barr"}},
   {"is_past": false,
    "title": "Director, Technology Alliances",
    "person":
     {"first_name": "Luis",
      "last_name": "Sala",
      "permalink": "luis-sala"}},
   {"is_past": false,
    "title": "Chief Architect",
    "person":
     {"first_name": "David",
      "last_name": "Caruana",
      "permalink": "david-caruana"}},
   {"is_past": false,
    "title": "Ceo And President",
    "person":
     {"first_name": "Doug",
      "last_name": "Dennerline",
      "permalink": "doug-dennerline"}},
   {"is_past": false,
    "title": "",
    "person":
     {"first_name": "David",
      "last_name": "Gildeh",
      "permalink": "david-gildeh"}},
   {"is_past": false,
    "title": "Sr. Director, Business Development",
    "person":
     {"first_name": "Jerome",
      "last_name": "Agnola",
      "permalink": "jerome-agnola"}},
   {"is_past": true,
    "title": "VP Business Development",
    "person":
     {"first_name": "Matt",
      "last_name": "Asay",
      "permalink": "matt-asay"}},
   {"is_past": true,
    "title": "Director of Cloud Services",
    "person":
     {"first_name": "David",
      "last_name": "Gildeh",
      "permalink": "david-gildeh"}},
   {"is_past": true,
    "title": "Product Marketing Manager, Cloud",
    "person":
     {"first_name": "James T",
      "last_name": "Fletcher",
      "permalink": "james-t-fletcher"}},
   {"is_past": true,
    "title": "Director Channel \u0026 Alliances",
    "person":
     {"first_name": "Jerome",
      "last_name": "Agnola",
      "permalink": "jerome-agnola"}}],
 "competitions":
  [],
 "providerships":
  [{"title": "",
    "is_past": false,
    "provider":
     {"name": "AIIM",
      "permalink": "aiim"}}],
 "total_money_raised": "$19.5M",
 "funding_rounds":
  [{"id": 10026,
    "round_code": "c",
    "source_url": "http://mashable.com/2008/01/22/alfresco-funded/",
    "source_description": "Alfresco Gets Another $9M for Open Source Content Management",
    "raised_amount": 9000000.0,
    "raised_currency_code": "USD",
    "funded_year": 2008,
    "funded_month": 1,
    "funded_day": 22,
    "investments":
     [{"company": null,
       "financial_org":
        {"name": "Accel Partners",
         "permalink": "accel-partners"},
       "person": null},
      {"company": null,
       "financial_org":
        {"name": "SAP Ventures",
         "permalink": "sap-ventures"},
       "person": null},
      {"company": null,
       "financial_org":
        {"name": "Mayfield Fund",
         "permalink": "mayfield-fund"},
       "person": null}]},
   {"id": 13576,
    "round_code": "b",
    "source_url": "http://www.businesswire.com/portal/site/home/permalink/?ndmViewId=news_view\u0026newsId=20060208005103\u0026newsLang=en",
    "source_description": "Alfresco Closes $8 Million Investment Round; Top-Tier Venture Capital Firms Mayfield Fund and Accel Invest in Series B Round",
    "raised_amount": 8000000.0,
    "raised_currency_code": "USD",
    "funded_year": 2006,
    "funded_month": 2,
    "funded_day": 8,
    "investments":
     [{"company": null,
       "financial_org":
        {"name": "Mayfield Fund",
         "permalink": "mayfield-fund"},
       "person": null},
      {"company": null,
       "financial_org":
        {"name": "Accel Partners",
         "permalink": "accel-partners"},
       "person": null}]},
   {"id": 28576,
    "round_code": "a",
    "source_url": "",
    "source_description": "",
    "raised_amount": 2500000.0,
    "raised_currency_code": "USD",
    "funded_year": 2005,
    "funded_month": 7,
    "funded_day": 1,
    "investments":
     []}],
 "investments":
  [],
 "acquisition": null,
 "acquisitions":
  [{"price_amount": null,
    "price_currency_code": "USD",
    "term_code": null,
    "source_url": "",
    "source_description": "",
    "acquired_year": 2011,
    "acquired_month": 7,
    "acquired_day": 1,
    "company":
     {"name": "SambaStream",
      "permalink": "sambastream"}}],
 "offices":
  [{"description": "HQ",
    "address1": "The Place,",
    "address2": "Bridge Avenue",
    "zip_code": "SL6 1AF",
    "city": "Maidenhead",
    "state_code": null,
    "country_code": "GBR",
    "latitude": null,
    "longitude": null}],
 "milestones":
  [{"id": 21920,
    "description": "Now At 5.6M Users, Alfresco Takes On Dropbox With New Consumer Cloud, Eyes 2013 IPO",
    "stoned_year": 2012,
    "stoned_month": 3,
    "stoned_day": 15,
    "source_url": "http://techcrunch.com/2012/03/15/alfresco-new-cloud/",
    "source_text": "",
    "source_description": "Now At 5.6M Users, Alfresco Takes On Dropbox With New Consumer Cloud, Eyes 2013 IPO",
    "stoneable_type": "Company",
    "stoned_value": null,
    "stoned_value_type": null,
    "stoned_acquirer": null,
    "stoneable":
     {"name": "Alfresco",
      "permalink": "alfresco"}},
   {"id": 28119,
    "description": "Alfresco CEO: 'There's A Moral Obligation To Question Some Of These Things Going On'\r\n",
    "stoned_year": 2012,
    "stoned_month": 7,
    "stoned_day": 25,
    "source_url": "http://www.businessinsider.com/alfresco-ceo-freemium-model-criticism-2012-7",
    "source_text": null,
    "source_description": "Business Insider",
    "stoneable_type": "Company",
    "stoned_value": null,
    "stoned_value_type": null,
    "stoned_acquirer": null,
    "stoneable":
     {"name": "Alfresco",
      "permalink": "alfresco"}}],
 "ipo": null,
 "video_embeds":
  [],
 "screenshots":
  [{"available_sizes":
     [[[150,
        107],
       "http://api-images.crunchbase.com/assets/images/resized/0011/5386/115386v1-max-150x150.jpg"],
      [[250,
        178],
       "http://api-images.crunchbase.com/assets/images/resized/0011/5386/115386v1-max-250x250.jpg"],
      [[450,
        321],
       "http://api-images.crunchbase.com/assets/images/resized/0011/5386/115386v1-max-450x450.jpg"]],
    "attribution": null},
   {"available_sizes":
     [[[150,
        112],
       "http://api-images.crunchbase.com/assets/images/resized/0011/9702/119702v2-max-150x150.png"],
      [[250,
        187],
       "http://api-images.crunchbase.com/assets/images/resized/0011/9702/119702v2-max-250x250.png"],
      [[450,
        337],
       "http://api-images.crunchbase.com/assets/images/resized/0011/9702/119702v2-max-450x450.png"]],
    "attribution": null}],
 "external_links":
  [],
 "partners":
  []}
