{"name": "Alibaba",
 "permalink": "alibaba",
 "crunchbase_url": "http://www.crunchbase.com/company/alibaba",
 "homepage_url": "http://www.alibaba.com",
 "blog_url": "",
 "blog_feed_url": "",
 "twitter_username": "AlibabaTalk",
 "category_code": "ecommerce",
 "number_of_employees": null,
 "founded_year": 1999,
 "founded_month": 6,
 "founded_day": 1,
 "deadpooled_year": null,
 "deadpooled_month": null,
 "deadpooled_day": null,
 "deadpooled_url": null,
 "tag_list": "ecommerce",
 "alias_list": "",
 "email_address": "",
 "phone_number": "",
 "description": "",
 "created_at": "Wed Aug 22 08:31:53 UTC 2007",
 "updated_at": "Mon Apr 14 03:20:51 UTC 2014",
 "overview": "\u003Cp\u003EAlibaba Group is China\u0026#8217;s leading e-commerce company, operating the world\u0026#8217;s largest online marketplaces for both international and domestic China trade, as well as China\u0026#8217;s most popular online payment system, AliPay.\u003C/p\u003E\n\n\u003Cp\u003EAlibaba Group is a family of Internet-based businesses with a mission to make it easy for anyone to buy or sell anywhere in the world. Since its inception, it has developed leading businesses in consumer e-commerce, online payment, business-to-business marketplaces, and cloud computing and has expanded into new areas such as mobile apps, mobile operating system and Internet TV. The company is focused on fostering the development of an open, collaborative and prosperous e-commerce ecosystem that benefits consumers, merchants and the economy as a whole.\u003C/p\u003E\n\n\u003Cp\u003EAlibaba assists millions of buyers and suppliers all over the world to do business online by three trading markets of its own. Three online trading markets include: an International Trading Market which serves global import and export business, a Chinese Trading Market which gathers domestic business, and a Japanese Trading Market which promotes Japanese export and domestic sales by an associative company\u2019s operation.\u003C/p\u003E\n\n\u003Cp\u003EAlibaba Group has 12 major businesses and affiliated entities, including alibaba.com, Taobao.com, Tmall, Alipay, koubei.com, Aliyun, etao.com, net.cn, Juhuasuan.com, CNZZ and Onetouch.\u003C/p\u003E\n\n\u003Cp\u003EIn 1999, Alibaba Group is officially established by its 18 founders, led by Jack Ma. In February 2004, Alibaba received $82 million from Softbank Corp. and one other firm. In August, 2005, Yahoo and Alibaba formed strategic partnership and Alibaba made a net profit of 250 million dollars. On November 6, 2007, Alibaba.com got successfully listed on the Hong Kong Stock Exchange.\u003C/p\u003E\n\n\u003Cp\u003EAs of December 31, 2006, with approximately 3,500 employees, Alibaba is the first e-commerce company to reach 8 million online retailers from more than 220 countries and regions. The Group provides more than 8.1 million entries of business information per day, making it one of the largest-scale and most active B2B markets and business communities.\u003C/p\u003E\n\n\u003Cp\u003EMajor rivals are Amazon and Baidu.\u003C/p\u003E",
 "image":
  {"available_sizes":
    [[[150,
       62],
      "http://api-images.crunchbase.com/assets/images/resized/0000/4465/4465v5-max-150x150.png"],
     [[197,
       82],
      "http://api-images.crunchbase.com/assets/images/resized/0000/4465/4465v5-max-250x250.png"],
     [[197,
       82],
      "http://api-images.crunchbase.com/assets/images/resized/0000/4465/4465v5-max-450x450.png"]],
   "attribution": null},
 "products":
  [{"name": "Alibaba.com",
    "permalink": "alibaba-com"},
   {"name": "Aliyun",
    "permalink": "aliyun"}],
 "relationships":
  [{"is_past": false,
    "title": "Chairman and CEO",
    "person":
     {"first_name": "Yun",
      "last_name": "Ma",
      "permalink": "yun-ma"}},
   {"is_past": false,
    "title": "SVP \u0026 Co - Founder",
    "person":
     {"first_name": "Eddie",
      "last_name": "Wu",
      "permalink": "eddie-wu"}},
   {"is_past": false,
    "title": "CEO, Alibaba Small \u0026 Micro Financial Services Group (under formation)",
    "person":
     {"first_name": "Lucy",
      "last_name": "Peng",
      "permalink": "lucy-peng"}},
   {"is_past": false,
    "title": "Executive Chairman",
    "person":
     {"first_name": "Jack",
      "last_name": "Ma",
      "permalink": "jack-ma"}},
   {"is_past": false,
    "title": "Chief People Officer \u0026 SVP",
    "person":
     {"first_name": "Trudy",
      "last_name": "Dai",
      "permalink": "trudy-dai"}},
   {"is_past": false,
    "title": "CEO",
    "person":
     {"first_name": "Jonathan",
      "last_name": "Lu",
      "permalink": "jonathan-lu"}},
   {"is_past": false,
    "title": "SVP \u0026 Deputy Chief Technology Office",
    "person":
     {"first_name": "Leo",
      "last_name": "Jiang",
      "permalink": "leo-jiang"}},
   {"is_past": false,
    "title": "Chief Marketing Officer,",
    "person":
     {"first_name": "Tiger",
      "last_name": "Wang",
      "permalink": "tiger-wang"}},
   {"is_past": false,
    "title": "Chief Strategy Officer",
    "person":
     {"first_name": "Zeng",
      "last_name": "Ming",
      "permalink": "zeng-ming"}},
   {"is_past": false,
    "title": "VP",
    "person":
     {"first_name": "Jeff",
      "last_name": "Zhang",
      "permalink": "jeff-zhang"}},
   {"is_past": false,
    "title": "VP",
    "person":
     {"first_name": "Sophie",
      "last_name": "Wu",
      "permalink": "sophie-wu"}},
   {"is_past": false,
    "title": "SVP",
    "person":
     {"first_name": "Daniel",
      "last_name": "Zhang",
      "permalink": "daniel-zhang"}},
   {"is_past": false,
    "title": "Executive Vice Chairman",
    "person":
     {"first_name": "Joe",
      "last_name": "Tsai",
      "permalink": "joe-tsai"}},
   {"is_past": false,
    "title": "Chief Technology Officer",
    "person":
     {"first_name": "Wang",
      "last_name": "Jian",
      "permalink": "wang-jian"}},
   {"is_past": false,
    "title": "VP",
    "person":
     {"first_name": "Zhang",
      "last_name": "Yu",
      "permalink": "zhang-yu"}},
   {"is_past": false,
    "title": "Director",
    "person":
     {"first_name": "Yun",
      "last_name": "Ma",
      "permalink": "yun-ma"}},
   {"is_past": false,
    "title": "Board of Directors",
    "person":
     {"first_name": "Jacqueline",
      "last_name": "Reses",
      "permalink": "jacqueline-reses"}},
   {"is_past": false,
    "title": "Chief Risk Officer \u0026 Group Secretary",
    "person":
     {"first_name": "Polo",
      "last_name": "Shao",
      "permalink": "polo-shao"}},
   {"is_past": false,
    "title": "President",
    "person":
     {"first_name": "Ye",
      "last_name": "Peng",
      "permalink": "ye-peng"}},
   {"is_past": false,
    "title": "CFO",
    "person":
     {"first_name": "Maggie",
      "last_name": "Wu",
      "permalink": "maggie-wu"}},
   {"is_past": false,
    "title": "Investor",
    "person":
     {"first_name": "Thomas",
      "last_name": "Ng",
      "permalink": "thomas-ng"}},
   {"is_past": true,
    "title": "CEO",
    "person":
     {"first_name": "Jack",
      "last_name": "Ma",
      "permalink": "jack-ma"}},
   {"is_past": true,
    "title": "Senior Director of Engineering",
    "person":
     {"first_name": "Jing",
      "last_name": "Wang",
      "permalink": "jing-wang"}},
   {"is_past": true,
    "title": "",
    "person":
     {"first_name": "Michael",
      "last_name": "Ge Xu",
      "permalink": "michael-ge-xu"}},
   {"is_past": true,
    "title": "Risk Specialist",
    "person":
     {"first_name": "Tao",
      "last_name": "Wei",
      "permalink": "tao-wei"}},
   {"is_past": true,
    "title": "Supervisor",
    "person":
     {"first_name": "Xiaoshuan",
      "last_name": "Li",
      "permalink": "xiaoshuan-li"}},
   {"is_past": true,
    "title": "Business Manager",
    "person":
     {"first_name": "Amy",
      "last_name": "Qin",
      "permalink": "amy-qin"}},
   {"is_past": true,
    "title": "Product Manager and Team Leader",
    "person":
     {"first_name": "Ken",
      "last_name": "Zhang",
      "permalink": "ken-zhang"}}],
 "competitions":
  [{"competitor":
     {"name": "MFG.com",
      "permalink": "mfg"}},
   {"competitor":
     {"name": "Baidu",
      "permalink": "baidu"}},
   {"competitor":
     {"name": "Global Sources",
      "permalink": "global-sources"}},
   {"competitor":
     {"name": "Made-in-China.com",
      "permalink": "made-in-china-com"}},
   {"competitor":
     {"name": "Mango B2B Ltd.",
      "permalink": "mango-b2b-limited"}}],
 "providerships":
  [],
 "total_money_raised": "$112M",
 "funding_rounds":
  [{"id": 58112,
    "round_code": "angel",
    "source_url": "",
    "source_description": "",
    "raised_amount": 5000000.0,
    "raised_currency_code": "USD",
    "funded_year": 1999,
    "funded_month": 10,
    "funded_day": null,
    "investments":
     [{"company": null,
       "financial_org":
        {"name": "Goldman Sachs",
         "permalink": "goldman-sachs"},
       "person": null},
      {"company": null,
       "financial_org":
        {"name": "Fidelity Growth Partners Asia",
         "permalink": "fidelity-growth-partners-asia"},
       "person": null}]},
   {"id": 61347,
    "round_code": "private_equity",
    "source_url": "",
    "source_description": "",
    "raised_amount": 82000000.0,
    "raised_currency_code": "USD",
    "funded_year": 2004,
    "funded_month": 2,
    "funded_day": null,
    "investments":
     [{"company": null,
       "financial_org":
        {"name": "Venture TDF",
         "permalink": "venture-tdf"},
       "person": null},
      {"company": null,
       "financial_org":
        {"name": "Fidelity Growth Partners Asia",
         "permalink": "fidelity-growth-partners-asia"},
       "person": null},
      {"company": null,
       "financial_org":
        {"name": "SoftBank Capital",
         "permalink": "softbank-capital"},
       "person": null},
      {"company": null,
       "financial_org":
        {"name": "GGV Capital",
         "permalink": "ggv-capital"},
       "person": null}]},
   {"id": 61348,
    "round_code": "unattributed",
    "source_url": "",
    "source_description": "",
    "raised_amount": 25000000.0,
    "raised_currency_code": "USD",
    "funded_year": 2000,
    "funded_month": 10,
    "funded_day": null,
    "investments":
     [{"company": null,
       "financial_org":
        {"name": "SoftBank Capital",
         "permalink": "softbank-capital"},
       "person": null},
      {"company": null,
       "financial_org":
        {"name": "Azia Funds",
         "permalink": "azia-funds"},
       "person": null},
      {"company": null,
       "financial_org":
        {"name": "Fidelity Growth Partners Asia",
         "permalink": "fidelity-growth-partners-asia"},
       "person": null}]}],
 "investments":
  [{"funding_round":
     {"round_code": "private_equity",
      "source_url": "http://techcrunch.com/2013/04/29/sina-weibo/",
      "source_description": "Sina Weibo, China\u2019s Equivalent of Facebook and Twitter, Gets $586M Investment From Alibaba",
      "raised_amount": 586000000.0,
      "raised_currency_code": "USD",
      "funded_year": 2013,
      "funded_month": 4,
      "funded_day": 29,
      "company":
       {"name": "Sina Weibo",
        "permalink": "sina-weibo"}}},
   {"funding_round":
     {"round_code": "private_equity",
      "source_url": "http://www.businessinsider.com/this-scandal-plagued-ex-yahoo-ceo-just-raised-75-million-and-theres-an-epic-backstory-behind-it-2013-8",
      "source_description": "This Scandal-Plagued Ex-Yahoo CEO Just Raised $75 Million, And There's An Epic Backstory Behind It",
      "raised_amount": 75000000.0,
      "raised_currency_code": "USD",
      "funded_year": 2013,
      "funded_month": 8,
      "funded_day": 19,
      "company":
       {"name": "ShopRunner",
        "permalink": "shoprunner"}}},
   {"funding_round":
     {"round_code": "c",
      "source_url": "http://techcrunch.com/2013/10/03/quixey-series-c/",
      "source_description": "Quixey Raises $50M From Alibaba \u0026 Others To Build The Search Engine For The Mobile Era",
      "raised_amount": 50000000.0,
      "raised_currency_code": "USD",
      "funded_year": 2013,
      "funded_month": 10,
      "funded_day": 3,
      "company":
       {"name": "Quixey",
        "permalink": "quixey"}}},
   {"funding_round":
     {"round_code": "c",
      "source_url": "http://www.techinasia.com/alibaba-invests-15-million-usbased-luxury-ecommerce-site/",
      "source_description": "Alibaba invests $15 million in US-based luxury e-commerce site",
      "raised_amount": 15000000.0,
      "raised_currency_code": "USD",
      "funded_year": 2014,
      "funded_month": 1,
      "funded_day": 24,
      "company":
       {"name": "1stdibs",
        "permalink": "1stdibs"}}},
   {"funding_round":
     {"round_code": "b",
      "source_url": "http://technode.com/2014/03/13/outbound-tourism-service-byecity-gets-nearly-20-million-dollars-series-b-funding-led-by-alibaba/?utm_source=twitterfeed\u0026utm_medium=twitter",
      "source_description": "Outbound Tourism Service ByeCity Gets Nearly $20 Million Series B Funding Led by Alibaba",
      "raised_amount": 20000000.0,
      "raised_currency_code": "USD",
      "funded_year": 2014,
      "funded_month": 3,
      "funded_day": 13,
      "company":
       {"name": "ByeCity",
        "permalink": "byecity"}}},
   {"funding_round":
     {"round_code": "d",
      "source_url": "http://techcrunch.com/2014/03/19/mobile-messaging-app-gaming-platform-tango-raises-massive-280-million-series-d/",
      "source_description": "Mobile Messaging App \u0026 Gaming Platform Tango Raises Massive $280 Million Series D ",
      "raised_amount": 280000000.0,
      "raised_currency_code": "USD",
      "funded_year": 2014,
      "funded_month": 3,
      "funded_day": 19,
      "company":
       {"name": "Tango",
        "permalink": "tango"}}},
   {"funding_round":
     {"round_code": "d",
      "source_url": "http://techcrunch.com/2014/04/02/lyft-250m/",
      "source_description": "Lyft Raises $250 Million From Coatue, Alibaba, And Third Point To Expand Internationally",
      "raised_amount": 250000000.0,
      "raised_currency_code": "USD",
      "funded_year": 2014,
      "funded_month": 4,
      "funded_day": 2,
      "company":
       {"name": "Lyft",
        "permalink": "lyft"}}}],
 "acquisition":
  {"price_amount": 1000000000.0,
   "price_currency_code": "USD",
   "term_code": "cash_and_stock",
   "source_url": "http://docs.yahoo.com/docs/pr/release1256.html",
   "source_description": "YAHOO! AND ALIBABA.COM FORM STRATEGIC PARTNERSHIP IN CHINA ",
   "acquired_year": 2005,
   "acquired_month": 8,
   "acquired_day": 11,
   "acquiring_company":
    {"name": "Yahoo!",
     "permalink": "yahoo"}},
 "acquisitions":
  [{"price_amount": null,
    "price_currency_code": "USD",
    "term_code": null,
    "source_url": "http://www.freshnews.com/news/347880/alibabacom-acquires-vendio-continues-advance-global-e-commerce-platform",
    "source_description": "Alibaba.com Acquires Vendio, Continues to Advance Global E-Commerce Platform",
    "acquired_year": 2010,
    "acquired_month": 6,
    "acquired_day": 24,
    "company":
     {"name": "Vendio",
      "permalink": "vendio"}},
   {"price_amount": null,
    "price_currency_code": "USD",
    "term_code": null,
    "source_url": "http://techcrunch.com/2013/09/24/alibaba-group-acquires-kanbox-a-personal-cloud-storage-service/",
    "source_description": "Alibaba Group Acquires Kanbox, A Personal Cloud Storage Service",
    "acquired_year": 2013,
    "acquired_month": 9,
    "acquired_day": 25,
    "company":
     {"name": "Kanbox",
      "permalink": "kanbox"}},
   {"price_amount": null,
    "price_currency_code": "USD",
    "term_code": "cash_and_stock",
    "source_url": "http://www.benzinga.com/pressreleases/14/04/g4464587/autonavi-enters-into-definitive-agreement-to-be-acquired-by-alibaba-gro",
    "source_description": "AutoNavi Enters Into Definitive Agreement to be Acquired by Alibaba Group  Read more: http://www.benzinga.com/pressreleases/14/04/g4464587/autonavi-enters-into-definitive-agreement-to-be-acquired-by-alibaba-gro#ixzz2ypLrZbgM",
    "acquired_year": 2014,
    "acquired_month": 4,
    "acquired_day": 13,
    "company":
     {"name": "AutoNavi",
      "permalink": "autonavi"}}],
 "offices":
  [{"description": "",
    "address1": "6/F Chuangye Mansion, East Software Park",
    "address2": "No.99 Huaxing Road",
    "zip_code": "310099",
    "city": "Hangzhou",
    "state_code": null,
    "country_code": "CHN",
    "latitude": null,
    "longitude": null}],
 "milestones":
  [{"id": 1514,
    "description": "Alibaba gains exclusive rights to the Yahoo brand in China.",
    "stoned_year": 2005,
    "stoned_month": 8,
    "stoned_day": 11,
    "source_url": "http://www.chinadaily.com.cn/english/doc/2005-08/11/content_468252.htm",
    "source_text": "",
    "source_description": "Yahoo buys US$1 billion stake in Alibaba",
    "stoneable_type": "Company",
    "stoned_value": null,
    "stoned_value_type": null,
    "stoned_acquirer": null,
    "stoneable":
     {"name": "Alibaba",
      "permalink": "alibaba"}},
   {"id": 12709,
    "description": "Alibaba.com CEO And COO Out Because Of Vendor Fraud",
    "stoned_year": 2011,
    "stoned_month": 2,
    "stoned_day": 21,
    "source_url": "http://techcrunch.com/2011/02/21/alibaba/",
    "source_text": "",
    "source_description": "Alibaba.com CEO And COO Out Because Of Vendor Fraud",
    "stoneable_type": "Company",
    "stoned_value": null,
    "stoned_value_type": null,
    "stoned_acquirer": null,
    "stoneable":
     {"name": "Alibaba",
      "permalink": "alibaba"}},
   {"id": 21597,
    "description": "Silver Lake and DST Global Invest in China\u2019s Alibaba Group",
    "stoned_year": 2011,
    "stoned_month": 10,
    "stoned_day": 4,
    "source_url": "http://invest-iq.net/2011/10/silver-lake-and-dst-global-invest-in-chinas-alibaba-group/",
    "source_text": null,
    "source_description": "Silver Lake and DST Global Invest in China\u2019s Alibaba Group",
    "stoneable_type": "Company",
    "stoned_value": null,
    "stoned_value_type": null,
    "stoned_acquirer": null,
    "stoneable":
     {"name": "Alibaba",
      "permalink": "alibaba"}},
   {"id": 21598,
    "description": "Silver Lake and DST Global Invest in China\u2019s Alibaba Group",
    "stoned_year": 2011,
    "stoned_month": 10,
    "stoned_day": 4,
    "source_url": "http://invest-iq.net/2011/10/silver-lake-and-dst-global-invest-in-chinas-alibaba-group/",
    "source_text": null,
    "source_description": "Silver Lake and DST Global Invest in China\u2019s Alibaba Group",
    "stoneable_type": "Company",
    "stoned_value": null,
    "stoned_value_type": null,
    "stoned_acquirer": null,
    "stoneable":
     {"name": "Alibaba",
      "permalink": "alibaba"}},
   {"id": 33823,
    "description": "Alibaba spends $300M to buy one third of Chinese mapping company\r\n",
    "stoned_year": 2013,
    "stoned_month": 5,
    "stoned_day": 10,
    "source_url": "http://venturebeat.com/2013/05/10/alibaba-autonavi/",
    "source_text": "",
    "source_description": "Alibaba spends $300M to buy one third of Chinese mapping company",
    "stoneable_type": "Company",
    "stoned_value": null,
    "stoned_value_type": null,
    "stoned_acquirer": null,
    "stoneable":
     {"name": "Alibaba",
      "permalink": "alibaba"}},
   {"id": 35287,
    "description": "Freshfields, W\u0026C secure $8 bln financing for Alibaba",
    "stoned_year": 2013,
    "stoned_month": 6,
    "stoned_day": 17,
    "source_url": "http://asia.legalbusinessonline.com/news/breaking-news/freshfields-wandc-secure-8-bln-financing-for-alibaba/111119",
    "source_text": "",
    "source_description": "Freshfields, W\u0026C secure $8 bln financing for Alibaba",
    "stoneable_type": "Company",
    "stoned_value": null,
    "stoned_value_type": null,
    "stoned_acquirer": null,
    "stoneable":
     {"name": "Alibaba",
      "permalink": "alibaba"}},
   {"id": 40852,
    "description": "Alibaba invests $193 million to buy Chinese asset manager Tianhong",
    "stoned_year": 2013,
    "stoned_month": 10,
    "stoned_day": 9,
    "source_url": "http://www.reuters.com/article/2013/10/09/us-alibaba-funds-idUSBRE9980G620131009?feedType=RSS\u0026feedName=technologyNews",
    "source_text": "",
    "source_description": "Alibaba invests $193 million to buy Chinese asset manager Tianhong",
    "stoneable_type": "Company",
    "stoned_value": null,
    "stoned_value_type": null,
    "stoned_acquirer": null,
    "stoneable":
     {"name": "Alibaba",
      "permalink": "alibaba"}},
   {"id": 41478,
    "description": "Alibaba Reportedly Acquiring Social Shopping Service Mogujie for $200 million ",
    "stoned_year": 2013,
    "stoned_month": 10,
    "stoned_day": 22,
    "source_url": "http://technode.com/2013/10/22/alibaba-reportedly-acquiring-social-shopping-service-mogujie-for-200-million-dollars/?utm_source=twitterfeed\u0026utm_medium=twitter",
    "source_text": "",
    "source_description": "Alibaba Reportedly Acquiring Social Shopping Service Mogujie for $200 million",
    "stoneable_type": "Company",
    "stoned_value": null,
    "stoned_value_type": null,
    "stoned_acquirer": null,
    "stoneable":
     {"name": "Alibaba",
      "permalink": "alibaba"}},
   {"id": 46307,
    "description": "Investment by Alibaba Creates Frenzy Over Chinese Pharmaceutical Data Firm",
    "stoned_year": 2014,
    "stoned_month": 1,
    "stoned_day": 24,
    "source_url": "http://dealbook.nytimes.com/2014/01/24/investment-by-alibaba-creates-frenzy-over-chinese-pharmaceutical-data-firm/?_php=true\u0026_type=blogs\u0026_r=0",
    "source_text": "",
    "source_description": "Investment by Alibaba Creates Frenzy Over Chinese Pharmaceutical Data Firm",
    "stoneable_type": "Company",
    "stoned_value": null,
    "stoned_value_type": null,
    "stoned_acquirer": null,
    "stoneable":
     {"name": "Alibaba",
      "permalink": "alibaba"}},
   {"id": 48906,
    "description": "Alibaba Buys $800 Million Stake in ChinaVision for Media Content",
    "stoned_year": 2014,
    "stoned_month": 3,
    "stoned_day": 11,
    "source_url": "http://mobile.bloomberg.com/news/2014-03-11/alibaba-buys-800-million-stake-in-chinavision-for-media-content.html",
    "source_text": "",
    "source_description": "Alibaba Buys $800 Million Stake in ChinaVision for Media Content",
    "stoneable_type": "Company",
    "stoned_value": null,
    "stoned_value_type": null,
    "stoned_acquirer": null,
    "stoneable":
     {"name": "Alibaba",
      "permalink": "alibaba"}},
   {"id": 49915,
    "description": "Alibaba to invest $692 mln in department store operator Intime Retail",
    "stoned_year": 2014,
    "stoned_month": 3,
    "stoned_day": 31,
    "source_url": "http://www.reuters.com/article/2014/03/31/intime-alibaba-group-idUSL4N0MS02B20140331",
    "source_text": "",
    "source_description": "Alibaba to invest $692 mln in department store operator Intime Retail",
    "stoneable_type": "Company",
    "stoned_value": null,
    "stoned_value_type": null,
    "stoned_acquirer": null,
    "stoneable":
     {"name": "Alibaba",
      "permalink": "alibaba"}}],
 "ipo":
  {"valuation_amount": null,
   "valuation_currency_code": "USD",
   "pub_year": 2007,
   "pub_month": 11,
   "pub_day": 6,
   "stock_symbol": "HKSE:1688.HK"},
 "video_embeds":
  [],
 "screenshots":
  [{"available_sizes":
     [[[150,
        114],
       "http://api-images.crunchbase.com/assets/images/resized/0041/2143/412143v1-max-150x150.png"],
      [[250,
        190],
       "http://api-images.crunchbase.com/assets/images/resized/0041/2143/412143v1-max-250x250.png"],
      [[450,
        342],
       "http://api-images.crunchbase.com/assets/images/resized/0041/2143/412143v1-max-450x450.png"]],
    "attribution": null}],
 "external_links":
  [{"external_url": "http://www.alibaba.com/showroom/category.html",
    "title": "hot products"},
   {"external_url": "http://www.alibaba.com/countrysearch/CN/China.html",
    "title": "China suppliers"},
   {"external_url": "http://www.alibaba.com/wholesalers/wholesaler.html",
    "title": "Wholesalers "},
   {"external_url": "http://www.alibaba.com/manufacturers/manufacturer.html",
    "title": "Manufacturers"},
   {"external_url": "http://www.tradeford.com/directory/b2b/alibaba.com_d1.html",
    "title": "Alibaba.com Review"},
   {"external_url": "http://en.wikipedia.org/wiki/Alibaba_Group",
    "title": "Alibaba Group"},
   {"external_url": "http://directory.tradeford.com/b2b/alibaba.com_d1.html",
    "title": "Alibaba.com Wiki"},
   {"external_url": "http://www.taobao.com/",
    "title": "Taobao.com B2C"},
   {"external_url": "http://www.tmall.com/",
    "title": "Tmall.com B2C"},
   {"external_url": "http://directory.tradeford.com/b2b/",
    "title": "Top B2B Websites"},
   {"external_url": "http://ceoworld.biz/ceo/2013/09/18/alibaba-mobile-apps-to-be-pre-installed-on-smartphones-sold-through-china-telecom",
    "title": "Alibaba Mobile Apps To Be Pre-Installed On Smartphones Sold Through China Telecom "},
   {"external_url": "http://www.made-in-china.com/",
    "title": "alibaba partner"},
   {"external_url": "http://www.tradezz.com",
    "title": "Alibaba Product Sources"}],
 "partners":
  [{"partner_name": "ct_quan",
    "homepage_url": "http://www.alibaba.com",
    "link_1_url": null,
    "link_2_url": null,
    "link_3_url": null,
    "link_1_name": null,
    "link_2_name": null,
    "link_3_name": null}]}
