{"name": "Alibris",
 "permalink": "alibris",
 "crunchbase_url": "http://www.crunchbase.com/company/alibris",
 "homepage_url": "http://www.alibris.com",
 "blog_url": "",
 "blog_feed_url": "",
 "twitter_username": "alibris",
 "category_code": "web",
 "number_of_employees": null,
 "founded_year": 1998,
 "founded_month": null,
 "founded_day": null,
 "deadpooled_year": null,
 "deadpooled_month": null,
 "deadpooled_day": null,
 "deadpooled_url": null,
 "tag_list": null,
 "alias_list": "",
 "email_address": "pr@alibris.com",
 "phone_number": "",
 "description": "",
 "created_at": "Fri Aug 01 18:57:54 UTC 2008",
 "updated_at": "Mon Nov 04 00:13:47 UTC 2013",
 "overview": "\u003Cp\u003EAlibris (pronounced \u0026#8220;uh-LEE-briss\u0026#8221;) is the premier online marketplace for independent sellers of new and used books, music, and movies, as well as rare and collectible titles. We connect people who love books, music, and movies to more than 100 million items from thousands of sellers worldwide.\u003C/p\u003E\n\n\u003Cp\u003ESince launching in November 1998, we\u0026#8217;ve grown to become the Internet\u2019s largest independently owned and operated marketplace. \u003C/p\u003E\n\n\u003Cp\u003EJoin us in our second decade. We promise you\u0026#8217;ll always be able to find plenty of good books, music, and movies. We look forward to many more years together.\u003C/p\u003E",
 "image":
  {"available_sizes":
    [[[150,
       80],
      "http://api-images.crunchbase.com/assets/images/resized/0002/3222/23222v1-max-150x150.png"],
     [[184,
       99],
      "http://api-images.crunchbase.com/assets/images/resized/0002/3222/23222v1-max-250x250.png"],
     [[184,
       99],
      "http://api-images.crunchbase.com/assets/images/resized/0002/3222/23222v1-max-450x450.png"]],
   "attribution": null},
 "products":
  [],
 "relationships":
  [{"is_past": true,
    "title": "Chief Operating Officer, Senior VP, Sales and Marketing; VP, Business Development",
    "person":
     {"first_name": "Brian",
      "last_name": "Elliott",
      "permalink": "brian-elliott"}},
   {"is_past": true,
    "title": "Vice President of Finance,Corporate Controller",
    "person":
     {"first_name": "Richard",
      "last_name": "Hewitt",
      "permalink": "richard-hewitt"}},
   {"is_past": true,
    "title": "Director of Information Technology",
    "person":
     {"first_name": "Alfonso",
      "last_name": "Hooker",
      "permalink": "alfonso-hooker"}},
   {"is_past": true,
    "title": "Board of Directors",
    "person":
     {"first_name": "Paul",
      "last_name": "Klingenstein",
      "permalink": "paul-klingenstein"}}],
 "competitions":
  [{"competitor":
     {"name": "AbeBooks",
      "permalink": "abebooks"}}],
 "providerships":
  [],
 "total_money_raised": "$0",
 "funding_rounds":
  [],
 "investments":
  [],
 "acquisition": null,
 "acquisitions":
  [{"price_amount": null,
    "price_currency_code": "USD",
    "term_code": null,
    "source_url": "http://www.nwinnovation.com/monsoon_acquired_by_alibris/s-0027042.html",
    "source_description": "Northwest Innovation",
    "acquired_year": 2010,
    "acquired_month": 2,
    "acquired_day": 24,
    "company":
     {"name": "Monsoon Commerce",
      "permalink": "monsoon-commerce"}}],
 "offices":
  [{"description": "Alibris",
    "address1": "1250 45th Street",
    "address2": "Suite 100",
    "zip_code": "94608",
    "city": "",
    "state_code": "CA",
    "country_code": "USA",
    "latitude": 37.834929,
    "longitude": -122.284944}],
 "milestones":
  [{"id": 3585,
    "description": "Alibris Joins Buy.com's Marketplace to Offer Millions of New, Rare, and Used Books",
    "stoned_year": 2010,
    "stoned_month": 1,
    "stoned_day": 25,
    "source_url": "http://www.freshnews.com/news/271216/alibris-joins-buycoms-marketplace-offer-millions-new-rare-and-used-books",
    "source_text": "",
    "source_description": "Alibris Joins Buy.com's Marketplace to Offer Millions of New, Rare, and Used Books",
    "stoneable_type": "Company",
    "stoned_value": null,
    "stoned_value_type": null,
    "stoned_acquirer": null,
    "stoneable":
     {"name": "Alibris",
      "permalink": "alibris"}}],
 "ipo": null,
 "video_embeds":
  [],
 "screenshots":
  [{"available_sizes":
     [[[150,
        82],
       "http://api-images.crunchbase.com/assets/images/resized/0007/4868/74868v1-max-150x150.jpg"],
      [[250,
        137],
       "http://api-images.crunchbase.com/assets/images/resized/0007/4868/74868v1-max-250x250.jpg"],
      [[450,
        246],
       "http://api-images.crunchbase.com/assets/images/resized/0007/4868/74868v1-max-450x450.jpg"]],
    "attribution": null}],
 "external_links":
  [],
 "partners":
  []}
