{"name": "Alice.com",
 "permalink": "alice-com",
 "crunchbase_url": "http://www.crunchbase.com/company/alice-com",
 "homepage_url": "http://www.alice.com",
 "blog_url": "http://flywheelblog.com/",
 "blog_feed_url": "http://flywheelblog.com/feed/",
 "twitter_username": "alice",
 "category_code": "ecommerce",
 "number_of_employees": null,
 "founded_year": 2008,
 "founded_month": 6,
 "founded_day": null,
 "deadpooled_year": 2014,
 "deadpooled_month": 1,
 "deadpooled_day": null,
 "deadpooled_url": "",
 "tag_list": null,
 "alias_list": "",
 "email_address": "",
 "phone_number": "",
 "description": "Retail Platform for Household goods",
 "created_at": "Sun Sep 14 00:47:54 UTC 2008",
 "updated_at": "Fri Mar 07 12:24:20 UTC 2014",
 "overview": "\u003Cp\u003EAlice.com will be an open, online retail platform for consumer packaged goods, focused primarily on linking manufacturers of essential household stuff like tooth brushes, toilet paper, trash bags etc. to end consumers directly.\u003C/p\u003E\n\n\u003Cp\u003EConsumers currently lack a convenient way to shop for household essentials on the web, while manufacturers of consumer packaged goods are in the market for a fresh alternative to the large bricks-and-mortar retailing services. The Alice.com model will be unique both in terms of how goods are ordered/distributed and how consumer packaged goods companies can target, incentivize and personalize offers to consumers.\u003C/p\u003E",
 "image":
  {"available_sizes":
    [[[150,
       139],
      "http://api-images.crunchbase.com/assets/images/resized/0002/8260/28260v2-max-150x150.png"],
     [[175,
       163],
      "http://api-images.crunchbase.com/assets/images/resized/0002/8260/28260v2-max-250x250.png"],
     [[175,
       163],
      "http://api-images.crunchbase.com/assets/images/resized/0002/8260/28260v2-max-450x450.png"]],
   "attribution": null},
 "products":
  [],
 "relationships":
  [{"is_past": false,
    "title": "Executive Chairman and Co-Founder",
    "person":
     {"first_name": "Brian",
      "last_name": "Wiegand",
      "permalink": "brian-wiegand"}},
   {"is_past": false,
    "title": "Team Member",
    "person":
     {"first_name": "Levi",
      "last_name": "Cook",
      "permalink": "levi-cook"}},
   {"is_past": true,
    "title": "CEO and Co-Founder",
    "person":
     {"first_name": "Brian",
      "last_name": "Wiegand",
      "permalink": "brian-wiegand"}},
   {"is_past": true,
    "title": "President and Co-Founder",
    "person":
     {"first_name": "Mark",
      "last_name": "Mcguire",
      "permalink": "mark-mcguire"}}],
 "competitions":
  [{"competitor":
     {"name": "Amazon",
      "permalink": "amazon"}},
   {"competitor":
     {"name": "Drugstore.com",
      "permalink": "drugstore-com"}}],
 "providerships":
  [],
 "total_money_raised": "$27.9M",
 "funding_rounds":
  [{"id": 3846,
    "round_code": "a",
    "source_url": "http://www.sec.gov/Archives/edgar/data/1532061/000089706912000392/xslFormDX01/primary_doc.xml",
    "source_description": "SEC",
    "raised_amount": 18227665.0,
    "raised_currency_code": "USD",
    "funded_year": 2010,
    "funded_month": 10,
    "funded_day": 10,
    "investments":
     [{"company": null,
       "financial_org":
        {"name": "Kegonsa Capital Partners",
         "permalink": "kegonsa-capital-partners"},
       "person": null},
      {"company": null,
       "financial_org":
        {"name": "DaneVest Capital",
         "permalink": "danevest-capital"},
       "person": null}]},
   {"id": 27888,
    "round_code": "debt_round",
    "source_url": "http://techcrunch.com/2012/01/31/e-commerce-site-for-household-goods-alice-com-raises-3-6-million/",
    "source_description": "E-Commerce Site For Household Goods Alice.com Raises $3.6 Million",
    "raised_amount": 3600000.0,
    "raised_currency_code": "USD",
    "funded_year": 2012,
    "funded_month": 1,
    "funded_day": 31,
    "investments":
     []},
   {"id": 68243,
    "round_code": "partial",
    "source_url": "http://www.sec.gov/Archives/edgar/data/1450545/000089706909001543/xslFormDX01/primary_doc.xml",
    "source_description": "SEC",
    "raised_amount": 6062502.0,
    "raised_currency_code": "USD",
    "funded_year": 2009,
    "funded_month": 12,
    "funded_day": 7,
    "investments":
     []}],
 "investments":
  [],
 "acquisition": null,
 "acquisitions":
  [],
 "offices":
  [{"description": "",
    "address1": "8215 Greenway Blvd",
    "address2": "Ste 340",
    "zip_code": "53562-3686",
    "city": "Middleton",
    "state_code": "WI",
    "country_code": "USA",
    "latitude": 43.090002,
    "longitude": -89.5227621}],
 "milestones":
  [{"id": 7279,
    "description": "Alice.com named in Lead411's Hottest Companies in the Midwest list",
    "stoned_year": 2010,
    "stoned_month": 7,
    "stoned_day": 21,
    "source_url": "http://www.lead411.com/midwest-companies.html",
    "source_text": null,
    "source_description": "Lead411 launches \"Hottest Companies in the Midwest\" awards",
    "stoneable_type": "Company",
    "stoned_value": null,
    "stoned_value_type": null,
    "stoned_acquirer": null,
    "stoneable":
     {"name": "Alice.com",
      "permalink": "alice-com"}},
   {"id": 16932,
    "description": "Alice.com Expands to Europe: Merger with Koto.com Launches Online Marketplace for Household Essentials Abroad",
    "stoned_year": 2011,
    "stoned_month": 7,
    "stoned_day": 13,
    "source_url": "http://www.prnewswire.com/news-releases/alicecom-expands-to-europe-merger-with-kotocom-launches-online-marketplace-for-household-essentials-abroad-125480173.html",
    "source_text": "",
    "source_description": "Alice.com Expands to Europe: Merger with Koto.com Launches Online Marketplace for Household Essentials Abroad",
    "stoneable_type": "Company",
    "stoned_value": null,
    "stoned_value_type": null,
    "stoned_acquirer": null,
    "stoneable":
     {"name": "Alice.com",
      "permalink": "alice-com"}}],
 "ipo": null,
 "video_embeds":
  [],
 "screenshots":
  [],
 "external_links":
  [{"external_url": "http://blog.alice.com",
    "title": "Alice.com Blog"}],
 "partners":
  []}
