{"name": "Alienware",
 "permalink": "alienware",
 "crunchbase_url": "http://www.crunchbase.com/company/alienware",
 "homepage_url": "http://www.alienware.com",
 "blog_url": "",
 "blog_feed_url": "",
 "twitter_username": null,
 "category_code": "hardware",
 "number_of_employees": null,
 "founded_year": 1996,
 "founded_month": null,
 "founded_day": null,
 "deadpooled_year": null,
 "deadpooled_month": null,
 "deadpooled_day": null,
 "deadpooled_url": null,
 "tag_list": null,
 "alias_list": "",
 "email_address": "",
 "phone_number": "800-254-3692",
 "description": "manufacturer of computers",
 "created_at": "Mon Oct 20 19:46:36 UTC 2008",
 "updated_at": "Wed Nov 24 08:34:41 UTC 2010",
 "overview": "\u003Cp\u003EAlienware Corporation manufactures computer desktops, notebooks, media center, professional and recertified systems, and gear shop accessories. Its products are used by gaming, home life, entertainment, business, and government customers in the United States, Europe, Australia, and New Zealand. The company was founded in 1996 and is headquartered in Miami, Florida. It has a call center in Costa Rica, as well as facilities in Ireland and Australia. As of May 8, 2006, Alienware Corporation operates as a subsidiary of Dell, Inc.\u003C/p\u003E",
 "image":
  {"available_sizes":
    [[[86,
       77],
      "http://api-images.crunchbase.com/assets/images/resized/0006/4079/64079v1-max-150x150.jpg"],
     [[86,
       77],
      "http://api-images.crunchbase.com/assets/images/resized/0006/4079/64079v1-max-250x250.jpg"],
     [[86,
       77],
      "http://api-images.crunchbase.com/assets/images/resized/0006/4079/64079v1-max-450x450.jpg"]],
   "attribution": null},
 "products":
  [],
 "relationships":
  [{"is_past": true,
    "title": "Worldwide Product Manager",
    "person":
     {"first_name": "Nestor",
      "last_name": "Villalobos",
      "permalink": "nestor-villalobos"}}],
 "competitions":
  [],
 "providerships":
  [{"title": "",
    "is_past": false,
    "provider":
     {"name": "M/C/C",
      "permalink": "m-c-c"}}],
 "total_money_raised": "$0",
 "funding_rounds":
  [],
 "investments":
  [{"funding_round":
     {"round_code": "a",
      "source_url": "http://venturebeat.com/2010/11/15/city-labs-energizes-long-life-battery-business-with-new-funding-round/",
      "source_description": "City Labs energizes long-life battery business with new funding round",
      "raised_amount": null,
      "raised_currency_code": null,
      "funded_year": 2010,
      "funded_month": 11,
      "funded_day": 15,
      "company":
       {"name": "City Labs",
        "permalink": "city-labs"}}}],
 "acquisition":
  {"price_amount": null,
   "price_currency_code": "USD",
   "term_code": null,
   "source_url": "http://news.cnet.com/Dell-to-acquire-Alienware/2100-1003_3-6052842.html",
   "source_description": "Dell to acquire Alienware",
   "acquired_year": 2006,
   "acquired_month": 3,
   "acquired_day": 22,
   "acquiring_company":
    {"name": "Dell",
     "permalink": "dell"}},
 "acquisitions":
  [],
 "offices":
  [{"description": "HQ",
    "address1": "14591 SW 120 Street",
    "address2": "",
    "zip_code": "33186-8638",
    "city": "Miami",
    "state_code": "FL",
    "country_code": "USA",
    "latitude": null,
    "longitude": null}],
 "milestones":
  [],
 "ipo": null,
 "video_embeds":
  [],
 "screenshots":
  [{"available_sizes":
     [[[150,
        118],
       "http://api-images.crunchbase.com/assets/images/resized/0006/4080/64080v1-max-150x150.jpg"],
      [[250,
        197],
       "http://api-images.crunchbase.com/assets/images/resized/0006/4080/64080v1-max-250x250.jpg"],
      [[450,
        356],
       "http://api-images.crunchbase.com/assets/images/resized/0006/4080/64080v1-max-450x450.jpg"]],
    "attribution": null}],
 "external_links":
  [],
 "partners":
  []}
