{"name": "Aligned Global",
 "permalink": "aligned-global",
 "crunchbase_url": "http://www.crunchbase.com/company/aligned-global",
 "homepage_url": "http://www.alignedglobal.com",
 "blog_url": "",
 "blog_feed_url": "",
 "twitter_username": null,
 "category_code": "software",
 "number_of_employees": 15,
 "founded_year": 2008,
 "founded_month": 5,
 "founded_day": 1,
 "deadpooled_year": null,
 "deadpooled_month": null,
 "deadpooled_day": null,
 "deadpooled_url": null,
 "tag_list": "software-outsourcing, software-application-outsourcing, web-2-0, web-development, internet-developement, start-ups",
 "alias_list": "",
 "email_address": "info@alignedglobal.com",
 "phone_number": "+1 (305) 731.2117",
 "description": "Web Design Outsourcing",
 "created_at": "Wed Nov 19 19:11:23 UTC 2008",
 "updated_at": "Thu Oct 22 19:35:36 UTC 2009",
 "overview": "\u003Cp\u003EAligned Global provides innovative low-cost web, rich media and software development to creative agencies, start-ups and technology-enabled companies. \u003C/p\u003E\n\n\u003Cp\u003EAligned Global is comprised of industry professionals and engineering experts that help customers achieve results by leveraging our experience and global engineering talent. \u003C/p\u003E\n\n\u003Cp\u003EThe ability to bring new ideas, new products, new versions or new features to the market quickly is paramount for today\u0026#8217;s technology-enabled businesses. Defining and developing effective business strategies and technologies to meet the demands of your business and customers are key aspects in meeting that objective. Whether you need to create a new web presence for your business, revitalize an existing site, integrate an e-commerce solution to drive sales, add a micro-site or develop a market ready software solution for your business and customers, we have the experience, organizational scale, and engineering resources required to develop the best solution and deliver a market-ready product. How can we help you?\u003C/p\u003E",
 "image":
  {"available_sizes":
    [[[150,
       50],
      "http://api-images.crunchbase.com/assets/images/resized/0002/8972/28972v2-max-150x150.png"],
     [[250,
       83],
      "http://api-images.crunchbase.com/assets/images/resized/0002/8972/28972v2-max-250x250.png"],
     [[450,
       150],
      "http://api-images.crunchbase.com/assets/images/resized/0002/8972/28972v2-max-450x450.png"]],
   "attribution": null},
 "products":
  [],
 "relationships":
  [{"is_past": false,
    "title": "Chairman",
    "person":
     {"first_name": "Scott",
      "last_name": "Durgin",
      "permalink": "scott-durgin"}},
   {"is_past": false,
    "title": "President",
    "person":
     {"first_name": "Andrei",
      "last_name": "Savchenko",
      "permalink": "andrei-savchenko"}}],
 "competitions":
  [],
 "providerships":
  [],
 "total_money_raised": "$0",
 "funding_rounds":
  [],
 "investments":
  [],
 "acquisition": null,
 "acquisitions":
  [],
 "offices":
  [{"description": "Headquarters",
    "address1": "8370 W. Flagler Street, Suite 125",
    "address2": "",
    "zip_code": "33144",
    "city": "Miami",
    "state_code": "FL",
    "country_code": "USA",
    "latitude": 25.769174,
    "longitude": -80.331681}],
 "milestones":
  [],
 "ipo": null,
 "video_embeds":
  [],
 "screenshots":
  [],
 "external_links":
  [],
 "partners":
  []}
