{"name": "All-rankings",
 "permalink": "all-rankings",
 "crunchbase_url": "http://www.crunchbase.com/company/all-rankings",
 "homepage_url": "http://www.all-rankings.com",
 "blog_url": "",
 "blog_feed_url": "",
 "twitter_username": null,
 "category_code": "web",
 "number_of_employees": 3,
 "founded_year": 2008,
 "founded_month": 2,
 "founded_day": 7,
 "deadpooled_year": null,
 "deadpooled_month": null,
 "deadpooled_day": null,
 "deadpooled_url": null,
 "tag_list": "rankings, ranks, polls, surveys, preferences, social-website, academic",
 "alias_list": "",
 "email_address": "info@all-rankings.com",
 "phone_number": "",
 "description": "Rankings-Based Social Network",
 "created_at": "Sun Apr 20 18:24:59 UTC 2008",
 "updated_at": "Fri Dec 13 09:40:25 UTC 2013",
 "overview": "\u003Cp\u003EAll-rankings is a social platform fully based on rankings and polls. All-rankings provides a space where enables their users to create rankings about whatever they want, but also, vote and verify on other rankings, make comments, create groups, discuss with other rankers and meet other people.\u003C/p\u003E",
 "image":
  {"available_sizes":
    [[[150,
       75],
      "http://api-images.crunchbase.com/assets/images/resized/0001/7494/17494v1-max-150x150.png"],
     [[250,
       125],
      "http://api-images.crunchbase.com/assets/images/resized/0001/7494/17494v1-max-250x250.png"],
     [[450,
       225],
      "http://api-images.crunchbase.com/assets/images/resized/0001/7494/17494v1-max-450x450.png"]],
   "attribution": null},
 "products":
  [],
 "relationships":
  [{"is_past": false,
    "title": "Co-Founder",
    "person":
     {"first_name": "Andreu",
      "last_name": "Enrich",
      "permalink": "andreu-enrich"}},
   {"is_past": false,
    "title": "Co-Founder",
    "person":
     {"first_name": "Xavi",
      "last_name": "Planas",
      "permalink": "xavi-planas"}},
   {"is_past": false,
    "title": "Co-Founder",
    "person":
     {"first_name": "Ignasi",
      "last_name": "Prat",
      "permalink": "ignasi-prat"}}],
 "competitions":
  [{"competitor":
     {"name": "Swarm",
      "permalink": "swarmpolls"}},
   {"competitor":
     {"name": "Rankopedia",
      "permalink": "rankopedia"}},
   {"competitor":
     {"name": "Ranker",
      "permalink": "ranker"}}],
 "providerships":
  [],
 "total_money_raised": "$0",
 "funding_rounds":
  [],
 "investments":
  [],
 "acquisition": null,
 "acquisitions":
  [],
 "offices":
  [{"description": null,
    "address1": "",
    "address2": "",
    "zip_code": "08223",
    "city": "Terrassa",
    "state_code": null,
    "country_code": "ESP",
    "latitude": null,
    "longitude": null}],
 "milestones":
  [],
 "ipo": null,
 "video_embeds":
  [],
 "screenshots":
  [{"available_sizes":
     [[[150,
        75],
       "http://api-images.crunchbase.com/assets/images/resized/0037/5691/375691v1-max-150x150.png"],
      [[250,
        125],
       "http://api-images.crunchbase.com/assets/images/resized/0037/5691/375691v1-max-250x250.png"],
      [[350,
        175],
       "http://api-images.crunchbase.com/assets/images/resized/0037/5691/375691v1-max-450x450.png"]],
    "attribution": null}],
 "external_links":
  [{"external_url": "http://www.all-rankings.com",
    "title": "All-rankings"}],
 "partners":
  []}
