{"name": "All Enthusiast",
 "permalink": "all-enthusiast",
 "crunchbase_url": "http://www.crunchbase.com/company/all-enthusiast",
 "homepage_url": "http://www.allenthusiast.com",
 "blog_url": "",
 "blog_feed_url": "",
 "twitter_username": null,
 "category_code": "web",
 "number_of_employees": null,
 "founded_year": null,
 "founded_month": null,
 "founded_day": null,
 "deadpooled_year": null,
 "deadpooled_month": null,
 "deadpooled_day": null,
 "deadpooled_url": null,
 "tag_list": "",
 "alias_list": null,
 "email_address": "",
 "phone_number": "",
 "description": null,
 "created_at": "Mon Jun 02 22:11:08 UTC 2008",
 "updated_at": "Tue Mar 24 22:29:28 UTC 2009",
 "overview": "\u003Cp\u003E\u003Ca href=\"http://www.allenthusiast.com/\" title=\"All Enthusiast\" rel=\"nofollow\"\u003EAll Enthusiast\u003C/a\u003E is the company behind \u003Ca href=\"http://www.crunchbase.com/product/resellerratings\" title=\"ResellerRatings\"\u003EResellerRatings\u003C/a\u003E, \u003Ca href=\"http://www.crunchbase.com/product/dealighted\" title=\"DealLighted\"\u003EDealLighted\u003C/a\u003E, \u003Ca href=\"http://www.crunchbase.com/product/photopost\" title=\"PhotoPost\"\u003EPhotoPost\u003C/a\u003E and \u003Ca href=\"http://www.crunchbase.com/product/techimo\" title=\"TechIMO\"\u003ETechIMO\u003C/a\u003E.\u003C/p\u003E",
 "image":
  {"available_sizes":
    [[[150,
       39],
      "http://api-images.crunchbase.com/assets/images/resized/0001/9835/19835v1-max-150x150.png"],
     [[250,
       65],
      "http://api-images.crunchbase.com/assets/images/resized/0001/9835/19835v1-max-250x250.png"],
     [[450,
       117],
      "http://api-images.crunchbase.com/assets/images/resized/0001/9835/19835v1-max-450x450.png"]],
   "attribution": null},
 "products":
  [{"name": "Dealighted",
    "permalink": "dealighted"},
   {"name": "PhotoPost",
    "permalink": "photopost"},
   {"name": "TechIMO",
    "permalink": "techimo"}],
 "relationships":
  [],
 "competitions":
  [],
 "providerships":
  [],
 "total_money_raised": "$0",
 "funding_rounds":
  [],
 "investments":
  [],
 "acquisition": null,
 "acquisitions":
  [],
 "offices":
  [{"description": null,
    "address1": "",
    "address2": "",
    "zip_code": "",
    "city": "",
    "state_code": null,
    "country_code": "USA",
    "latitude": 37.09024,
    "longitude": -95.712891}],
 "milestones":
  [],
 "ipo": null,
 "video_embeds":
  [],
 "screenshots":
  [],
 "external_links":
  [],
 "partners":
  []}
