{"name": "AllofMP3",
 "permalink": "allofmp3",
 "crunchbase_url": "http://www.crunchbase.com/company/allofmp3",
 "homepage_url": "http://allofmp3.com",
 "blog_url": "",
 "blog_feed_url": null,
 "twitter_username": null,
 "category_code": "games_video",
 "number_of_employees": null,
 "founded_year": 2000,
 "founded_month": 6,
 "founded_day": 1,
 "deadpooled_year": 2007,
 "deadpooled_month": 6,
 "deadpooled_day": 2,
 "deadpooled_url": "http://news.cnet.com/Russia-agrees-to-shut-down-Allofmp3.com/2100-1027_3-6139350.html",
 "tag_list": "music",
 "alias_list": null,
 "email_address": null,
 "phone_number": null,
 "description": null,
 "created_at": "Tue Jul 03 12:22:59 UTC 2007",
 "updated_at": "Fri Dec 30 19:36:01 UTC 2011",
 "overview": "\u003Cp\u003EAllofMP3 is a Russian web service that sold digital music at very low prices without any copy protection.\u003C/p\u003E\n\n\u003Cp\u003EAllofMP3.com was shut down as of June 2, 2007, reportedly by the Russian government.\u003C/p\u003E",
 "image":
  {"available_sizes":
    [[[150,
       34],
      "http://api-images.crunchbase.com/assets/images/resized/0000/1693/1693v1-max-150x150.png"],
     [[223,
       52],
      "http://api-images.crunchbase.com/assets/images/resized/0000/1693/1693v1-max-250x250.png"],
     [[223,
       52],
      "http://api-images.crunchbase.com/assets/images/resized/0000/1693/1693v1-max-450x450.png"]],
   "attribution": null},
 "products":
  [{"name": "AllofMP3",
    "permalink": "allofmp3"}],
 "relationships":
  [],
 "competitions":
  [],
 "providerships":
  [],
 "total_money_raised": "$0",
 "funding_rounds":
  [],
 "investments":
  [],
 "acquisition": null,
 "acquisitions":
  [],
 "offices":
  [{"description": null,
    "address1": null,
    "address2": null,
    "zip_code": null,
    "city": "Moscow",
    "state_code": null,
    "country_code": "RUS",
    "latitude": 55.755786,
    "longitude": 37.617633}],
 "milestones":
  [],
 "ipo": null,
 "video_embeds":
  [],
 "screenshots":
  [],
 "external_links":
  [],
 "partners":
  []}
