{"name": "Alloy",
 "permalink": "alloy",
 "crunchbase_url": "http://www.crunchbase.com/company/alloy",
 "homepage_url": "http://www.alloymarketing.com",
 "blog_url": "",
 "blog_feed_url": "",
 "twitter_username": null,
 "category_code": "news",
 "number_of_employees": 0,
 "founded_year": null,
 "founded_month": null,
 "founded_day": null,
 "deadpooled_year": null,
 "deadpooled_month": null,
 "deadpooled_day": null,
 "deadpooled_url": "",
 "tag_list": null,
 "alias_list": null,
 "email_address": "",
 "phone_number": "",
 "description": null,
 "created_at": "Mon Aug 27 13:21:50 UTC 2007",
 "updated_at": "Wed Feb 12 00:27:10 UTC 2014",
 "overview": "\u003Cp\u003EAlloy Media + Marketing, a division of Alloy, Inc. is a provider of nontraditional media programs reaching targeted consumer segments. Alloy manages a diverse array of assets and services in interactive, display, direct mail, content production and educational programming.\u003C/p\u003E",
 "image":
  {"available_sizes":
    [[[150,
       45],
      "http://api-images.crunchbase.com/assets/images/resized/0002/1988/21988v1-max-150x150.png"],
     [[250,
       76],
      "http://api-images.crunchbase.com/assets/images/resized/0002/1988/21988v1-max-250x250.png"],
     [[269,
       82],
      "http://api-images.crunchbase.com/assets/images/resized/0002/1988/21988v1-max-450x450.png"]],
   "attribution": null},
 "products":
  [],
 "relationships":
  [{"is_past": false,
    "title": "Chairman",
    "person":
     {"first_name": "Gerry",
      "last_name": "Laybourne",
      "permalink": "geraldine-b-laybourne"}},
   {"is_past": false,
    "title": "",
    "person":
     {"first_name": "Matthew",
      "last_name": "Diamond",
      "permalink": "matthew-diamond"}},
   {"is_past": false,
    "title": "Bioscience Research",
    "person":
     {"first_name": "Michael",
      "last_name": "Hunkapiller",
      "permalink": "michael-hunkapiller"}},
   {"is_past": true,
    "title": "Lead sales and revenue strategy",
    "person":
     {"first_name": "Kelly",
      "last_name": "McCabe",
      "permalink": "kelly-mccabe"}},
   {"is_past": true,
    "title": "Director",
    "person":
     {"first_name": "Richard",
      "last_name": "Perlman",
      "permalink": "richard-perlman"}}],
 "competitions":
  [],
 "providerships":
  [],
 "total_money_raised": "$0",
 "funding_rounds":
  [],
 "investments":
  [],
 "acquisition":
  {"price_amount": 126500000.0,
   "price_currency_code": "USD",
   "term_code": null,
   "source_url": "http://paidcontent.org/article/419-zelnick-buys-gossip-girl-creator-alloy-for-126.5-million/",
   "source_description": "Zelnick Buys Gossip Girl Creator Alloy For $126.5 Million",
   "acquired_year": 2010,
   "acquired_month": 6,
   "acquired_day": 24,
   "acquiring_company":
    {"name": "ZelnickMedia",
     "permalink": "zelnickmedia-deleted"}},
 "acquisitions":
  [{"price_amount": 8700000.0,
    "price_currency_code": "USD",
    "term_code": "cash",
    "source_url": null,
    "source_description": null,
    "acquired_year": 2006,
    "acquired_month": 3,
    "acquired_day": 1,
    "company":
     {"name": "Sconex",
      "permalink": "sconex"}},
   {"price_amount": null,
    "price_currency_code": "USD",
    "term_code": null,
    "source_url": "http://www.paidcontent.org/entry/419-alloy-media-buys-online-sports-social-network-takkle.com/",
    "source_description": "Alloy Media Buys SI-Backed Online Sports Social Network Takkle.com",
    "acquired_year": 2009,
    "acquired_month": 2,
    "acquired_day": 5,
    "company":
     {"name": "Takkle",
      "permalink": "takkle"}}],
 "offices":
  [{"description": null,
    "address1": "",
    "address2": "",
    "zip_code": "",
    "city": "",
    "state_code": null,
    "country_code": "USA",
    "latitude": 37.09024,
    "longitude": -95.712891}],
 "milestones":
  [],
 "ipo": null,
 "video_embeds":
  [],
 "screenshots":
  [{"available_sizes":
     [[[150,
        94],
       "http://api-images.crunchbase.com/assets/images/resized/0004/3731/43731v1-max-150x150.png"],
      [[250,
        156],
       "http://api-images.crunchbase.com/assets/images/resized/0004/3731/43731v1-max-250x250.png"],
      [[450,
        282],
       "http://api-images.crunchbase.com/assets/images/resized/0004/3731/43731v1-max-450x450.png"]],
    "attribution": null}],
 "external_links":
  [],
 "partners":
  []}
