{"name": "Allvoices",
 "permalink": "allvoices",
 "crunchbase_url": "http://www.crunchbase.com/company/allvoices",
 "homepage_url": "http://www.allvoices.com",
 "blog_url": "http://allvoices.wordpress.com/",
 "blog_feed_url": "http://allvoices.wordpress.com/feed/",
 "twitter_username": "allvoices",
 "category_code": "news",
 "number_of_employees": 10,
 "founded_year": 2008,
 "founded_month": 2,
 "founded_day": null,
 "deadpooled_year": null,
 "deadpooled_month": null,
 "deadpooled_day": null,
 "deadpooled_url": null,
 "tag_list": "news, media, journalism, community, new-media, global-media, citizen-news, citizen-journalist, traditional-media, global-citizens, citizen-media, eyewitness-news",
 "alias_list": "",
 "email_address": "press@allvoices.com",
 "phone_number": "(415)-391-1073",
 "description": "Global citizen journalism hub",
 "created_at": "Thu Jul 24 20:41:14 UTC 2008",
 "updated_at": "Tue Jan 29 19:09:04 UTC 2013",
 "overview": "\u003Cp\u003EAllvoices (www.allvoices.com) uses technology and a global community to collect, validate and distribute user-generated news from around the world. \u003C/p\u003E\n\n\u003Cp\u003EThe site creates an almost instantaneous and fully-realized news package around as little information as a text message or tweet by pulling in and wrapping around related information from mainstream news and user generated content like blogs, videos, and pictures. Called the \u0026#8220;Automated News Room,\u0026#8221;\u009d Allvoices presents a 360 view of news events from multiple perspectives. The same technology vets contributions for authenticity and credibility, giving Allvoices citizen journalism\u0026#8217;s first and only \u0026#8220;Report Credibility Meter.\u0026#8221;\u003C/p\u003E\n\n\u003Cp\u003EIn just over a year, Allvoices has attracted more than four million unique visitors a month and a world-wide community of contributors in excess of 200,000, making Allvoices the largest user-generated news site on the web.\u003C/p\u003E\n\n\u003Cp\u003EUsing proprietary algorithms, Allvoices scours more than 3,500 mainstream feeds and online, real-time sources of news like Twitter to provide relevancy and context for user-submitted news reports. This provides a level of security and vets contributed stories for authenticity. Story rank on the home page is determined by the number and diversity of other sources citing the particular news event, and community activity on the report. \u003C/p\u003E\n\n\u003Cp\u003EThe algorithm behind the Report Credibility meter is a proprietary, multi-faceted and adaptable approach to evaluating the trustworthiness of a report. At the core of the Allvoices\u0026#8217; system are the everyday citizens and contributing-journalists that create news reports. The Report Credibility meter is an evaluation of the actual report content, as well as the reputation of the author of the report. As stories move through the different pages on Allvoices, the meter registers new levels of credibility for both the story content and contributor. The final determination of credibility is evaluated on a number of criteria, including:\u003C/p\u003E\n\n\u003Cul\u003E\n\u003Cli\u003EHow much does the community like or dislike content from the author?\u003C/li\u003E\n\u003Cli\u003EHow much does the community like or dislike the actual report?\u003C/li\u003E\n\u003Cli\u003EHow many other Allvoices contributors are reporting about the same thing?\u003C/li\u003E\n\u003Cli\u003EHow many other mainstream sources have supporting content about the report? \u003C/li\u003E\n\u003C/ul\u003E\n\n\u003Cp\u003EAs users interact more and more with the Allvoices platform, the system learns more about the user, which in turn allows Allvoices to more accurately determine the authenticity of their reports. However, contributors to the site don\u0026#8217;t have to be long-time users. A new user can also have high credibility for their contribution as a function of time. When a new user reports a story it enters the Allvoices system with low credibility. But, as the story moves through the site\u0026#8217;s three news cycles\u2014\u0026#8221;This Just In,\u0026#8221; \u0026#8220;Breaking,\u0026#8221;\u009d and \u0026#8220;Popular\u0026#8221;\u2014it gains credibility, and will appear as a top-ranked news item. In turn, the story credibility helps with the reputation of the new user.\u003C/p\u003E\n\n\u003Cp\u003EEither alone\u2014just people or just the algorithm\u2014would be insufficient as a way to vet stories, but Allvoices\u0026#8217; man-machine collaboration complements the strengths of each.\u003C/p\u003E",
 "image": null,
 "products":
  [],
 "relationships":
  [{"is_past": false,
    "title": "Head of Marketing",
    "person":
     {"first_name": "Aki",
      "last_name": "Hashmi",
      "permalink": "aki-hashmi"}},
   {"is_past": false,
    "title": "",
    "person":
     {"first_name": "Larry",
      "last_name": "Birnbaum",
      "permalink": "larry-birnbaum"}},
   {"is_past": false,
    "title": "Director of Engineering",
    "person":
     {"first_name": "Imran",
      "last_name": "Khan",
      "permalink": "imran-khan-3"}},
   {"is_past": false,
    "title": "Board Member",
    "person":
     {"first_name": "Richard",
      "last_name": "Harroch",
      "permalink": "richard-harroch"}},
   {"is_past": true,
    "title": "Chief Executive Officer",
    "person":
     {"first_name": "Amra",
      "last_name": "Tareen",
      "permalink": "amra-tareen"}},
   {"is_past": true,
    "title": "VP User Interface and Social Media",
    "person":
     {"first_name": "Erik",
      "last_name": "Sundelof",
      "permalink": "erik-sundelof"}},
   {"is_past": true,
    "title": "Chief Technology Officer",
    "person":
     {"first_name": "Sanjay",
      "last_name": "Sood",
      "permalink": "sanjay-sood"}},
   {"is_past": true,
    "title": "",
    "person":
     {"first_name": "Kris",
      "last_name": "Hammond",
      "permalink": "kris-hammond"}},
   {"is_past": true,
    "title": "Head of Development and Operations",
    "person":
     {"first_name": "Miles",
      "last_name": "Woodroffe",
      "permalink": "miles-woodroffe"}},
   {"is_past": true,
    "title": "",
    "person":
     {"first_name": "Boris",
      "last_name": "Galitsky",
      "permalink": "boris-galitsky"}}],
 "competitions":
  [{"competitor":
     {"name": "Digital Journal",
      "permalink": "digital-journal"}},
   {"competitor":
     {"name": "NowPublic",
      "permalink": "nowpublic"}},
   {"competitor":
     {"name": "GroundReport",
      "permalink": "groundreport"}}],
 "providerships":
  [],
 "total_money_raised": "\u20ac3.04M",
 "funding_rounds":
  [{"id": 3020,
    "round_code": "a",
    "source_url": "",
    "source_description": "EDGAR",
    "raised_amount": 40000.0,
    "raised_currency_code": "EUR",
    "funded_year": 2006,
    "funded_month": 7,
    "funded_day": 31,
    "investments":
     [{"company": null,
       "financial_org":
        {"name": "VantagePoint Capital Partners",
         "permalink": "vantagepoint-capital-partners"},
       "person": null}]},
   {"id": 11543,
    "round_code": "unattributed",
    "source_url": "",
    "source_description": "EDGAR",
    "raised_amount": 3000000.0,
    "raised_currency_code": "EUR",
    "funded_year": 2010,
    "funded_month": 1,
    "funded_day": 26,
    "investments":
     [{"company": null,
       "financial_org":
        {"name": "VantagePoint Capital Partners",
         "permalink": "vantagepoint-capital-partners"},
       "person": null}]}],
 "investments":
  [],
 "acquisition":
  {"price_amount": null,
   "price_currency_code": "USD",
   "term_code": null,
   "source_url": "http://techcrunch.com/2011/05/04/datran-media-acquires-citizen-journalism-platform-allvoices/",
   "source_description": "Datran Media Acquires Citizen Journalism Platform Allvoices",
   "acquired_year": 2011,
   "acquired_month": 5,
   "acquired_day": 4,
   "acquiring_company":
    {"name": "Datran Media",
     "permalink": "datranmedia"}},
 "acquisitions":
  [],
 "offices":
  [{"description": "Main Office",
    "address1": "351 California St.",
    "address2": "Ste. 1210",
    "zip_code": "94104",
    "city": "San Francisco",
    "state_code": "CA",
    "country_code": "USA",
    "latitude": 37.791068,
    "longitude": -122.401942}],
 "milestones":
  [{"id": 8341,
    "description": "Allvoices recognized as one of the Hottest San Francisco Companies by Lead411 ",
    "stoned_year": 2010,
    "stoned_month": 5,
    "stoned_day": 18,
    "source_url": "http://www.lead411.com/san-francisco-companies.html",
    "source_text": null,
    "source_description": " Lead411 launches \"Hottest Companies in San Francisco\" awards",
    "stoneable_type": "Company",
    "stoned_value": null,
    "stoned_value_type": null,
    "stoned_acquirer": null,
    "stoneable":
     {"name": "Allvoices",
      "permalink": "allvoices"}}],
 "ipo": null,
 "video_embeds":
  [],
 "screenshots":
  [{"available_sizes":
     [[[150,
        98],
       "http://api-images.crunchbase.com/assets/images/resized/0009/5463/95463v1-max-150x150.jpg"],
      [[250,
        164],
       "http://api-images.crunchbase.com/assets/images/resized/0009/5463/95463v1-max-250x250.jpg"],
      [[450,
        296],
       "http://api-images.crunchbase.com/assets/images/resized/0009/5463/95463v1-max-450x450.jpg"]],
    "attribution": null}],
 "external_links":
  [{"external_url": "http://news.cnet.com/8301-1023_3-9985856-93.html?tag=nefd.riv",
    "title": "Allvoices Blends Traditional Media, Citizen Journalism, "},
   {"external_url": "http://www.allvoices.com/users/breaking-news",
    "title": "Example of Allvoice user home page"}],
 "partners":
  []}
