{"name": "allyve",
 "permalink": "allyve",
 "crunchbase_url": "http://www.crunchbase.com/company/allyve",
 "homepage_url": "http://www.allyve.com",
 "blog_url": "http://www.blog.allyve.com/",
 "blog_feed_url": "http://blog.allyve.com/feed/",
 "twitter_username": "allyve",
 "category_code": "software",
 "number_of_employees": 11,
 "founded_year": 2007,
 "founded_month": 9,
 "founded_day": null,
 "deadpooled_year": 2013,
 "deadpooled_month": 11,
 "deadpooled_day": null,
 "deadpooled_url": "",
 "tag_list": "social-media, api-plugins, facebook, twitter, google",
 "alias_list": null,
 "email_address": "info@allyve.com",
 "phone_number": "040334437600",
 "description": "",
 "created_at": "Fri May 09 17:43:27 UTC 2008",
 "updated_at": "Sat Jan 25 17:15:14 UTC 2014",
 "overview": "\u003Cp\u003EOur All-in-One Social Media Software provides web businesses with the right tools and services to fully integrate sites and apps with the social web. Large companies like Siemens, Das \u00d6rtliche and Das Telefonbuch rely on our All-in-One API that covers 10 social networks including Facebook, Twitter and Linkedin. Our ability to deliver high-quality Social Plugins, like enabling users to login via their preferred social media profile, sharing content with one click in multiple social networks or amplifying website activity through gamification, makes websites more interactive and personalized than ever before. Additional Social Media Services empower web businesses to leverage the high quality data for their social media and online marketing activities. The benefits at a glance: driving conversion rates and user engagement, getting access to rich user profile data and boosting traffic through viral social media marketing.\u003C/p\u003E\n\n\u003Cp\u003ECompliant with the German and European data privacy laws our Software-as-a-Service enables easy and innovative social media integration without having legal questions in mind. \u003C/p\u003E",
 "image":
  {"available_sizes":
    [[[150,
       69],
      "http://api-images.crunchbase.com/assets/images/resized/0001/8237/18237v2-max-150x150.jpg"],
     [[250,
       116],
      "http://api-images.crunchbase.com/assets/images/resized/0001/8237/18237v2-max-250x250.jpg"],
     [[450,
       209],
      "http://api-images.crunchbase.com/assets/images/resized/0001/8237/18237v2-max-450x450.jpg"]],
   "attribution": null},
 "products":
  [{"name": "allyve All-in-One",
    "permalink": "allyve"}],
 "relationships":
  [{"is_past": false,
    "title": "Managing Director",
    "person":
     {"first_name": "Karsten",
      "last_name": "Marquardsen",
      "permalink": "karsten-marquardsen"}},
   {"is_past": false,
    "title": "Managing Director",
    "person":
     {"first_name": "Thomas",
      "last_name": "V\u00f6lcker",
      "permalink": "thomas-vlcker"}},
   {"is_past": true,
    "title": "Managing Director",
    "person":
     {"first_name": "Julika",
      "last_name": "Bleil",
      "permalink": "julika-bleil"}},
   {"is_past": true,
    "title": "Managing Director",
    "person":
     {"first_name": "Hermann",
      "last_name": "Hohenberger",
      "permalink": "hermann-hohenberger"}},
   {"is_past": true,
    "title": "Managing Director",
    "person":
     {"first_name": "Philipp",
      "last_name": "Spethmann",
      "permalink": "philipp-spethmann"}}],
 "competitions":
  [{"competitor":
     {"name": "Gigya",
      "permalink": "gigya"}},
   {"competitor":
     {"name": "Janrain",
      "permalink": "janrain"}}],
 "providerships":
  [{"title": "PR agency",
    "is_past": false,
    "provider":
     {"name": "Frau Wenk+++",
      "permalink": "frau-wenk"}}],
 "total_money_raised": "$0",
 "funding_rounds":
  [{"id": 2216,
    "round_code": "a",
    "source_url": "",
    "source_description": "",
    "raised_amount": null,
    "raised_currency_code": null,
    "funded_year": 2007,
    "funded_month": 9,
    "funded_day": 1,
    "investments":
     []},
   {"id": 22183,
    "round_code": "b",
    "source_url": "http://www.deutsche-startups.de/2010/08/30/frisches-kapital-ammerpartners-legt-bei-allyve-nach/",
    "source_description": "Frisches Kapital f\u00c3\u00bcr allyve",
    "raised_amount": null,
    "raised_currency_code": null,
    "funded_year": 2010,
    "funded_month": 5,
    "funded_day": 1,
    "investments":
     []}],
 "investments":
  [],
 "acquisition": null,
 "acquisitions":
  [],
 "offices":
  [{"description": "Headquarters",
    "address1": "Lilienstra\u00dfe 15",
    "address2": "",
    "zip_code": "20095",
    "city": "Hamburg",
    "state_code": null,
    "country_code": "DEU",
    "latitude": 53.550572,
    "longitude": 9.997669}],
 "milestones":
  [{"id": 16200,
    "description": "allyve GmbH is now allyve GmbH \u0026 Co. KG",
    "stoned_year": 2011,
    "stoned_month": 3,
    "stoned_day": 1,
    "source_url": "",
    "source_text": null,
    "source_description": "",
    "stoneable_type": "Company",
    "stoned_value": null,
    "stoned_value_type": null,
    "stoned_acquirer": null,
    "stoneable":
     {"name": "allyve",
      "permalink": "allyve"}},
   {"id": 23700,
    "description": "allyve launches All-in-One Social Media Software",
    "stoned_year": 2012,
    "stoned_month": 3,
    "stoned_day": 6,
    "source_url": "http://www.internetworld.de/Nachrichten/Marketing/Alternatives-Marketing/allyve-launcht-Social-Media-Software-Integration-von-Facebook-und-Twitter-im-Baukastenprinzip-64468.html",
    "source_text": null,
    "source_description": "allyve launcht Social-Media-Software - Individuelle Integration von Facebook und Twitter",
    "stoneable_type": "Company",
    "stoned_value": null,
    "stoned_value_type": null,
    "stoned_acquirer": null,
    "stoneable":
     {"name": "allyve",
      "permalink": "allyve"}}],
 "ipo": null,
 "video_embeds":
  [{"embed_code": "\u003Ciframe width=\"425\" height=\"239\" src=\"http://www.youtube.com/embed/xNbkRI6sLfU?rel=0\" frameborder=\"0\" allowfullscreen\u003E\u003C/iframe\u003E ",
    "description": "\u003Cp\u003EAll-in-One Video\u003C/p\u003E"}],
 "screenshots":
  [],
 "external_links":
  [],
 "partners":
  []}
