{"name": "AlphaClone",
 "permalink": "alphaclone",
 "crunchbase_url": "http://www.crunchbase.com/company/alphaclone",
 "homepage_url": "http://www.alphaclone.com",
 "blog_url": "http://blog.alphaclone.com",
 "blog_feed_url": "",
 "twitter_username": "alphaclone",
 "category_code": "finance",
 "number_of_employees": 2,
 "founded_year": 2008,
 "founded_month": 3,
 "founded_day": null,
 "deadpooled_year": null,
 "deadpooled_month": null,
 "deadpooled_day": null,
 "deadpooled_url": null,
 "tag_list": "stocks, investing, simulation, web-2-0",
 "alias_list": "",
 "email_address": "feedback@alphaclone.com",
 "phone_number": "",
 "description": "Investment manager",
 "created_at": "Wed Oct 15 00:34:43 UTC 2008",
 "updated_at": "Fri Aug 09 22:23:11 UTC 2013",
 "overview": "\u003Cp\u003EAlphaClone is a SEC registered investment adviser and research firm.  The company\u0026#8217;s unique investment research approach, a process called \u0026#8220;cloning\u0026#8221;, utilizes top hedge fund public disclosures to construct and backtest equity investment strategies.  Cloning the investment ideas of top money managers has been independently shown by academic and industry research to generate alpha returns.   AlphaClone currently offers investors several core investment strategies inside managed accounts as well as a web-delivered subscription research service. \u003C/p\u003E",
 "image":
  {"available_sizes":
    [[[150,
       41],
      "http://api-images.crunchbase.com/assets/images/resized/0002/6841/26841v3-max-150x150.jpg"],
     [[250,
       69],
      "http://api-images.crunchbase.com/assets/images/resized/0002/6841/26841v3-max-250x250.jpg"],
     [[450,
       125],
      "http://api-images.crunchbase.com/assets/images/resized/0002/6841/26841v3-max-450x450.jpg"]],
   "attribution": null},
 "products":
  [{"name": "Research service",
    "permalink": "alphaclone-com"},
   {"name": "Managed accounts",
    "permalink": "managed-accounts"}],
 "relationships":
  [{"is_past": false,
    "title": "Founder/CEO/Portfolio Manager",
    "person":
     {"first_name": "Maz",
      "last_name": "Jadallah",
      "permalink": "maz-jadallah"}},
   {"is_past": true,
    "title": "Co-Founder",
    "person":
     {"first_name": "Mebane",
      "last_name": "Faber",
      "permalink": "meb-faber"}}],
 "competitions":
  [],
 "providerships":
  [{"title": "Legal",
    "is_past": true,
    "provider":
     {"name": "Wilmer Hale",
      "permalink": "wilmer-hale"}},
   {"title": "Design and Development",
    "is_past": false,
    "provider":
     {"name": "Planet Argon",
      "permalink": "planet-argon"}},
   {"title": "Legal",
    "is_past": false,
    "provider":
     {"name": "DLA Piper",
      "permalink": "dla-piper"}}],
 "total_money_raised": "$1.4M",
 "funding_rounds":
  [{"id": 3653,
    "round_code": "seed",
    "source_url": "",
    "source_description": "",
    "raised_amount": 750000.0,
    "raised_currency_code": "USD",
    "funded_year": 2008,
    "funded_month": 2,
    "funded_day": 1,
    "investments":
     []},
   {"id": 26739,
    "round_code": "angel",
    "source_url": "",
    "source_description": "",
    "raised_amount": 325000.0,
    "raised_currency_code": "USD",
    "funded_year": 2010,
    "funded_month": 8,
    "funded_day": 1,
    "investments":
     []},
   {"id": 34370,
    "round_code": "angel",
    "source_url": "",
    "source_description": "",
    "raised_amount": 325000.0,
    "raised_currency_code": "USD",
    "funded_year": 2012,
    "funded_month": 7,
    "funded_day": 10,
    "investments":
     []}],
 "investments":
  [],
 "acquisition": null,
 "acquisitions":
  [],
 "offices":
  [{"description": "",
    "address1": "One Market Plaza",
    "address2": "Steuart Tower, Suite 1208",
    "zip_code": "94105",
    "city": "San Francisco",
    "state_code": "CA",
    "country_code": "USA",
    "latitude": 37.79023,
    "longitude": -122.403073}],
 "milestones":
  [{"id": 28569,
    "description": "AlphaClone receives $325K in follow on funding.",
    "stoned_year": 2012,
    "stoned_month": 7,
    "stoned_day": 10,
    "source_url": "",
    "source_text": null,
    "source_description": "",
    "stoneable_type": "Company",
    "stoned_value": null,
    "stoned_value_type": null,
    "stoned_acquirer": null,
    "stoneable":
     {"name": "AlphaClone",
      "permalink": "alphaclone"}}],
 "ipo": null,
 "video_embeds":
  [{"embed_code": "\u003Ciframe title=\"YouTube video player\" width=\"450\" height=\"320\" src=\"http://www.youtube.com/embed/K-ITKYgwMaA\" frameborder=\"0\" allowfullscreen\u003E\u003C/iframe\u003E",
    "description": "\u003Cp\u003EFinovate demo\u003C/p\u003E"},
   {"embed_code": "\u003Cdiv style=\"width:425px\" id=\"__ss_7900556\"\u003E \u003Cstrong style=\"display:block;margin:12px 0 4px\"\u003E\u003Ca href=\"http://www.slideshare.net/AlphaClone/5-myths-about-cloning-hedge-funds-7900556\" title=\"5 Myths About Cloning Hedge Funds\"\u003E5 Myths About Cloning Hedge Funds\u003C/a\u003E\u003C/strong\u003E \u003Ciframe src=\"http://www.slideshare.net/slideshow/embed_code/7900556\" width=\"425\" height=\"355\" frameborder=\"0\" marginwidth=\"0\" marginheight=\"0\" scrolling=\"no\"\u003E\u003C/iframe\u003E \u003Cdiv style=\"padding:5px 0 12px\"\u003E View more \u003Ca href=\"http://www.slideshare.net/\"\u003Epresentations\u003C/a\u003E from \u003Ca href=\"http://www.slideshare.net/AlphaClone\"\u003EAlphaClone \u003C/a\u003E \u003C/div\u003E \u003C/div\u003E",
    "description": "\u003Cp\u003E5 Myths About Cloning Hedge Funds\u003C/p\u003E"},
   {"embed_code": "\u003Cobject id=\"wsj_fp\" width=\"null\" height=\"null\"\u003E\u003Cparam name=\"movie\" value=\"null\"\u003E\u003C/param\u003E\u003Cparam name=\"allowFullScreen\" value=\"true\"\u003E\u003C/param\u003E\u003Cparam name=\"allowscriptaccess\" value=\"always\"\u003E\u003C/param\u003E\u003Cparam name=\"flashvars\" value=\"videoGUID={9001CF62-0837-41FC-BCB5-6AC12A000220}\u0026playerid=null\u0026plyMediaEnabled=0\u0026configURL=undefined\u0026autoStart=false\" base=\"undefined\"name=\"undefined\"\u003E\u003C/param\u003E\u003Cembed src=\"null\" bgcolor=\"#FFFFFF\"flashVars=\"videoGUID={9001CF62-0837-41FC-BCB5-6AC12A000220}\u0026playerid=null\u0026plyMediaEnabled=0\u0026configURL=undefined\u0026autoStart=false\" base=\"undefined\" name=\"null\" width=\"450\" height=\"320\" seamlesstabbing=\"false\" type=\"application/x-shockwave-flash\" swLiveConnect=\"true\" pluginspage=\"http://www.macromedia.com/shockwave/download/index.cgi?P1_Prod_Version=ShockwaveFlash\"\u003E\u003C/embed\u003E\u003C/object\u003E",
    "description": "\u003Cp\u003EMarketWatch interview\u003C/p\u003E"},
   {"embed_code": "\u003Cscript type=\"text/javascript\" src=\"http://finovate.com/player/?width=576\u0026height=324\u0026video=%2Fstartup09vid%2Fvideos%2Fquicktime%2FAlphaClone.mov\"\u003E\u003C/script\u003E\u003Cnoscript\u003EThe video cannot be loaded as your browser does not support JavaScript.\u003C/noscript\u003E ",
    "description": "\u003Cp\u003EAlphaClone demoing at \u003Ca href=\"http://www.finovate.com/startup09vid/alphaclone.html\" title=\"Finovate Startup 2009\" rel=\"nofollow\"\u003EFinovate Startup 2009\u003C/a\u003E\u003C/p\u003E"}],
 "screenshots":
  [],
 "external_links":
  [],
 "partners":
  []}
