{"name": "Alpha Twitter",
 "permalink": "alpha-twitter",
 "crunchbase_url": "http://www.crunchbase.com/company/alpha-twitter",
 "homepage_url": "http://www.alphatwitter.com",
 "blog_url": "http://www.alphatwitter.com/blog/",
 "blog_feed_url": "http://www.alphatwitter.com/blog/?feed=rss2",
 "twitter_username": null,
 "category_code": "web",
 "number_of_employees": null,
 "founded_year": null,
 "founded_month": null,
 "founded_day": null,
 "deadpooled_year": 2009,
 "deadpooled_month": 9,
 "deadpooled_day": null,
 "deadpooled_url": "",
 "tag_list": "twitter, aggregator",
 "alias_list": null,
 "email_address": "",
 "phone_number": "",
 "description": null,
 "created_at": "Mon Apr 14 21:30:07 UTC 2008",
 "updated_at": "Tue Nov 16 16:11:02 UTC 2010",
 "overview": "\u003Cp\u003EAlpha Twitter is a basic \u003Ca href=\"/company/twitter\" title=\"Twitter\" rel=\"nofollow\"\u003ETwitter\u003C/a\u003E aggregator that provides a listing of links that have been shared between Twitter users. The site displays the links ranked by popularly over the past day, the previous day, or the last week.\u003C/p\u003E",
 "image":
  {"available_sizes":
    [[[150,
       98],
      "http://api-images.crunchbase.com/assets/images/resized/0001/7294/17294v1-max-150x150.png"],
     [[153,
       100],
      "http://api-images.crunchbase.com/assets/images/resized/0001/7294/17294v1-max-250x250.png"],
     [[153,
       100],
      "http://api-images.crunchbase.com/assets/images/resized/0001/7294/17294v1-max-450x450.png"]],
   "attribution": null},
 "products":
  [],
 "relationships":
  [],
 "competitions":
  [],
 "providerships":
  [],
 "total_money_raised": "$0",
 "funding_rounds":
  [],
 "investments":
  [],
 "acquisition": null,
 "acquisitions":
  [],
 "offices":
  [],
 "milestones":
  [],
 "ipo": null,
 "video_embeds":
  [],
 "screenshots":
  [],
 "external_links":
  [],
 "partners":
  []}
