{"name": "AlphaTrust",
 "permalink": "alphatrust",
 "crunchbase_url": "http://www.crunchbase.com/company/alphatrust",
 "homepage_url": "http://www.alphatrust.com",
 "blog_url": "",
 "blog_feed_url": "",
 "twitter_username": "AlphaTrust",
 "category_code": "software",
 "number_of_employees": null,
 "founded_year": 1998,
 "founded_month": null,
 "founded_day": null,
 "deadpooled_year": null,
 "deadpooled_month": null,
 "deadpooled_day": null,
 "deadpooled_url": null,
 "tag_list": null,
 "alias_list": "",
 "email_address": "",
 "phone_number": "",
 "description": "",
 "created_at": "Mon Mar 31 18:08:26 UTC 2008",
 "updated_at": "Mon Mar 31 05:03:48 UTC 2014",
 "overview": "\u003Cp\u003EAlphaTrust is a privately held software publisher headquartered in Dallas, Texas. AlphaTrust\u0026#8217;s solutions create secure, permanent business documents that are the legal and functional equivalent of ink-signed paper documents.\u003C/p\u003E",
 "image":
  {"available_sizes":
    [[[150,
       40],
      "http://api-images.crunchbase.com/assets/images/resized/0002/1994/21994v1-max-150x150.png"],
     [[176,
       48],
      "http://api-images.crunchbase.com/assets/images/resized/0002/1994/21994v1-max-250x250.png"],
     [[176,
       48],
      "http://api-images.crunchbase.com/assets/images/resized/0002/1994/21994v1-max-450x450.png"]],
   "attribution": null},
 "products":
  [],
 "relationships":
  [{"is_past": false,
    "title": "CEO",
    "person":
     {"first_name": "Bill",
      "last_name": "Brice",
      "permalink": "bill-brice"}},
   {"is_past": false,
    "title": "VP Marketing",
    "person":
     {"first_name": "Slade",
      "last_name": "Kobran",
      "permalink": "slade-kobran"}},
   {"is_past": false,
    "title": "SVP Worldwide Sales \u0026 Marketing",
    "person":
     {"first_name": "Mike",
      "last_name": "McCurley",
      "permalink": "mike-mccurley"}},
   {"is_past": false,
    "title": "Director Technology \u0026 Support",
    "person":
     {"first_name": "Rich",
      "last_name": "Coleman",
      "permalink": "rich-coleman"}}],
 "competitions":
  [{"competitor":
     {"name": "DocuSign",
      "permalink": "docusign"}},
   {"competitor":
     {"name": "EchoSign",
      "permalink": "echosign"}},
   {"competitor":
     {"name": "Silanis Technology",
      "permalink": "silanis-technology"}}],
 "providerships":
  [],
 "total_money_raised": "$0",
 "funding_rounds":
  [],
 "investments":
  [],
 "acquisition": null,
 "acquisitions":
  [],
 "offices":
  [{"description": "",
    "address1": "8226 Douglas Ave",
    "address2": "Suite 625",
    "zip_code": "75225",
    "city": "Dallas",
    "state_code": "TX",
    "country_code": "USA",
    "latitude": 32.863292,
    "longitude": -96.807906}],
 "milestones":
  [],
 "ipo": null,
 "video_embeds":
  [],
 "screenshots":
  [{"available_sizes":
     [[[150,
        93],
       "http://api-images.crunchbase.com/assets/images/resized/0004/6761/46761v1-max-150x150.png"],
      [[250,
        156],
       "http://api-images.crunchbase.com/assets/images/resized/0004/6761/46761v1-max-250x250.png"],
      [[450,
        281],
       "http://api-images.crunchbase.com/assets/images/resized/0004/6761/46761v1-max-450x450.png"]],
    "attribution": null}],
 "external_links":
  [],
 "partners":
  []}
