{"name": "Altersage",
 "permalink": "altersage",
 "crunchbase_url": "http://www.crunchbase.com/company/altersage",
 "homepage_url": "http://www.altersage.com",
 "blog_url": "",
 "blog_feed_url": "",
 "twitter_username": "altersage",
 "category_code": "web",
 "number_of_employees": null,
 "founded_year": null,
 "founded_month": null,
 "founded_day": null,
 "deadpooled_year": null,
 "deadpooled_month": null,
 "deadpooled_day": null,
 "deadpooled_url": null,
 "tag_list": "online-marketing, search-engine-optimization, pay-per-click-advertising, seo, ppc, social-media-strategies, digital-strategies, emarketing, usability, web-conversion-analytics",
 "alias_list": null,
 "email_address": "",
 "phone_number": "",
 "description": null,
 "created_at": "Mon Jul 07 10:52:39 UTC 2008",
 "updated_at": "Thu Dec 01 07:50:09 UTC 2011",
 "overview": "\u003Cp\u003EAlterSage is a boutique online marketing consultancy offering tailored online marketing solutions that achieve targeted exposure for your website.\u003C/p\u003E\n\n\u003Cp\u003EGoal focussed and driven by return on investment, services include search engine optimization, pay per click advertising, persuasive web copywriting, brand building, conversion analysis and many more.\u003C/p\u003E",
 "image":
  {"available_sizes":
    [[[150,
       48],
      "http://api-images.crunchbase.com/assets/images/resized/0002/1997/21997v1-max-150x150.png"],
     [[250,
       81],
      "http://api-images.crunchbase.com/assets/images/resized/0002/1997/21997v1-max-250x250.png"],
     [[313,
       102],
      "http://api-images.crunchbase.com/assets/images/resized/0002/1997/21997v1-max-450x450.png"]],
   "attribution": null},
 "products":
  [],
 "relationships":
  [],
 "competitions":
  [],
 "providerships":
  [],
 "total_money_raised": "$0",
 "funding_rounds":
  [],
 "investments":
  [],
 "acquisition": null,
 "acquisitions":
  [],
 "offices":
  [{"description": "",
    "address1": "1st Floor,",
    "address2": "18 Roeland Street  Gardens,",
    "zip_code": "8001",
    "city": "Cape Town",
    "state_code": null,
    "country_code": "ZAF",
    "latitude": -34.0376795,
    "longitude": 18.5027877}],
 "milestones":
  [],
 "ipo": null,
 "video_embeds":
  [],
 "screenshots":
  [],
 "external_links":
  [],
 "partners":
  []}
