{"name": "Alwayswater",
 "permalink": "alwayswater",
 "crunchbase_url": "http://www.crunchbase.com/company/alwayswater",
 "homepage_url": "http://www.alwayswater.com",
 "blog_url": "",
 "blog_feed_url": "",
 "twitter_username": null,
 "category_code": "web",
 "number_of_employees": 2,
 "founded_year": 2002,
 "founded_month": null,
 "founded_day": null,
 "deadpooled_year": null,
 "deadpooled_month": null,
 "deadpooled_day": null,
 "deadpooled_url": null,
 "tag_list": "web-application-development, strategic-technology-consulting, user-interface-design",
 "alias_list": null,
 "email_address": "hello@alwayswater.com",
 "phone_number": "201.483.6885",
 "description": null,
 "created_at": "Wed Sep 17 22:49:08 UTC 2008",
 "updated_at": "Sat Sep 20 13:54:01 UTC 2008",
 "overview": "\u003Cp\u003EAlwayswater is a practical bunch of application developers, interface designers and technologists. The company strives to alleviate its clients\u0026#8217; technological anxieties through simplicity, transparency and measurable results.\u003C/p\u003E",
 "image":
  {"available_sizes":
    [[[150,
       73],
      "http://api-images.crunchbase.com/assets/images/resized/0002/5260/25260v2-max-150x150.jpg"],
     [[228,
       111],
      "http://api-images.crunchbase.com/assets/images/resized/0002/5260/25260v2-max-250x250.jpg"],
     [[228,
       111],
      "http://api-images.crunchbase.com/assets/images/resized/0002/5260/25260v2-max-450x450.jpg"]],
   "attribution": null},
 "products":
  [],
 "relationships":
  [{"is_past": false,
    "title": "Founder",
    "person":
     {"first_name": "Barry",
      "last_name": "Mazza",
      "permalink": "barry-mazza"}},
   {"is_past": false,
    "title": "Founder",
    "person":
     {"first_name": "John",
      "last_name": "Vitelli",
      "permalink": "john-vitelli"}}],
 "competitions":
  [],
 "providerships":
  [],
 "total_money_raised": "$0",
 "funding_rounds":
  [],
 "investments":
  [],
 "acquisition": null,
 "acquisitions":
  [],
 "offices":
  [{"description": "Alwayswater",
    "address1": "720 Monroe Street",
    "address2": "E306",
    "zip_code": "07030",
    "city": "Hoboken",
    "state_code": "NJ",
    "country_code": "USA",
    "latitude": 40.747005,
    "longitude": -74.039011}],
 "milestones":
  [],
 "ipo": null,
 "video_embeds":
  [],
 "screenshots":
  [],
 "external_links":
  [{"external_url": "http://www.suitematch.com",
    "title": "SuiteMatch"}],
 "partners":
  []}
