{"name": "AlwaysOn",
 "permalink": "alwayson",
 "crunchbase_url": "http://www.crunchbase.com/company/alwayson",
 "homepage_url": "http://aonetwork.com",
 "blog_url": "",
 "blog_feed_url": "",
 "twitter_username": "alwayson",
 "category_code": "web",
 "number_of_employees": null,
 "founded_year": null,
 "founded_month": null,
 "founded_day": null,
 "deadpooled_year": null,
 "deadpooled_month": null,
 "deadpooled_day": null,
 "deadpooled_url": null,
 "tag_list": "",
 "alias_list": null,
 "email_address": "",
 "phone_number": "",
 "description": "",
 "created_at": "Mon Jun 23 13:04:48 UTC 2008",
 "updated_at": "Wed Oct 20 06:26:07 UTC 2010",
 "overview": "\u003Cp\u003EAlwaysOn strives at being the first media brand to identify the sweet spots in the market, where technology innovation is disrupting behavior and creating explosive new entrepreneurial opportunities for both startups and big businesses. The centerpiece of AO\u0026#8217;s editorial efforts is researching and publishing its annual Top Private Company lists: The AO Global 250 (previously the AO100, our overall top list), the OnMedia 100 (advertising \u0026amp; marketing), OnHollywood 100 (entertainment), GoingGreen 100 (greentech).\u003C/p\u003E",
 "image":
  {"available_sizes":
    [[[150,
       35],
      "http://api-images.crunchbase.com/assets/images/resized/0002/1998/21998v1-max-150x150.png"],
     [[250,
       59],
      "http://api-images.crunchbase.com/assets/images/resized/0002/1998/21998v1-max-250x250.png"],
     [[376,
       90],
      "http://api-images.crunchbase.com/assets/images/resized/0002/1998/21998v1-max-450x450.png"]],
   "attribution": null},
 "products":
  [],
 "relationships":
  [{"is_past": false,
    "title": "Founder \u0026 Editor",
    "person":
     {"first_name": "Tony",
      "last_name": "Perkins",
      "permalink": "tony-perkins"}},
   {"is_past": false,
    "title": "CTO",
    "person":
     {"first_name": "Vassil",
      "last_name": "Mladjov",
      "permalink": "vassil-mladjov"}},
   {"is_past": true,
    "title": "VP West Coast \u0026 Asia",
    "person":
     {"first_name": "Alfredo",
      "last_name": "Guilbert",
      "permalink": "alfredo-guilbert"}},
   {"is_past": true,
    "title": "Development Manager Position",
    "person":
     {"first_name": "Erez",
      "last_name": "Zohar",
      "permalink": "erez-zohar"}}],
 "competitions":
  [],
 "providerships":
  [],
 "total_money_raised": "$0",
 "funding_rounds":
  [],
 "investments":
  [],
 "acquisition": null,
 "acquisitions":
  [],
 "offices":
  [],
 "milestones":
  [],
 "ipo": null,
 "video_embeds":
  [{"embed_code": "\u003Cdiv style=\"width:320px;\"\u003E\u003Cdiv style=\"background-color:#dedede;width:320px;text-align:center;font-family:Arial,sans-serif;font-size:10pt;padding-top:4px;padding-bottom:5px;margin:0;\"\u003E\u003Ca href=\"http://www.vator.tv/pitch/show/goinggreen-clean-tech-competition-0\" target=\"_blank\"\u003ESee this video on \u003Cspan style=\"color:#38538e;font-weight: bold;\"\u003EVator\u003C/span\u003E\u003Cspan style=\"color:#50a756;font-weight: bold;\"\u003E.tv\u003C/span\u003E\u0026nbsp;\u0026raquo;\u003C/a\u003E\u003C/div\u003E\u003Cembed src=\"http://www.vator.tv/embed/vpembed.swf\" FlashVars=\"v=582_Tony-Perkins_Pitch.flv\u0026b=2\u0026i=582\u0026o=embed\u0026vp=1\u0026l=http://www.vator.tv/pitch/show/goinggreen-clean-tech-competition-0\" allowScriptAccess=\"always\" allowFullScreen=\"true\" bgcolor=\"#ffffff\" width=\"320\" height=\"265\" pluginspage=\"http://www.macromedia.com/go/getflashplayer\" type=\"application/x-shockwave-flash\"\u003E\u003C/embed\u003E\u003C/div\u003E",
    "description": ""}],
 "screenshots":
  [],
 "external_links":
  [],
 "partners":
  []}
