{"name": "Amanager",
 "permalink": "amanager",
 "crunchbase_url": "http://www.crunchbase.com/company/amanager",
 "homepage_url": "http://www.divvaroom.com",
 "blog_url": "http://blog.divvaroom.com/",
 "blog_feed_url": "http://blog.divvaroom.com/feed/",
 "twitter_username": null,
 "category_code": "network_hosting",
 "number_of_employees": 2,
 "founded_year": 2004,
 "founded_month": 9,
 "founded_day": 10,
 "deadpooled_year": null,
 "deadpooled_month": null,
 "deadpooled_day": null,
 "deadpooled_url": null,
 "tag_list": "digital-semantic-library, e-publishing, widget, online-publishing, turning-pages, social-networks, cms",
 "alias_list": "",
 "email_address": "dir@amanager.net",
 "phone_number": "+33556801752",
 "description": "Advanced online publishing",
 "created_at": "Sun Apr 27 18:35:11 UTC 2008",
 "updated_at": "Wed Mar 14 07:35:25 UTC 2012",
 "overview": "\u003Cp\u003EAmanager delivers innovative and powerful multimedia  solutions for content management platforms\u003C/p\u003E",
 "image":
  {"available_sizes":
    [[[150,
       100],
      "http://api-images.crunchbase.com/assets/images/resized/0001/7723/17723v1-max-150x150.jpg"],
     [[250,
       167],
      "http://api-images.crunchbase.com/assets/images/resized/0001/7723/17723v1-max-250x250.jpg"],
     [[450,
       301],
      "http://api-images.crunchbase.com/assets/images/resized/0001/7723/17723v1-max-450x450.jpg"]],
   "attribution": null},
 "products":
  [{"name": "DivvaFlip",
    "permalink": "divvaflip"},
   {"name": "DivvaRoom",
    "permalink": "divvaroom"},
   {"name": "Yoolib.com",
    "permalink": "yoolib-com"}],
 "relationships":
  [{"is_past": false,
    "title": "CEO \u0026 Founder",
    "person":
     {"first_name": "Foudyl",
      "last_name": "Zaouia",
      "permalink": "foudyl-zaouia"}}],
 "competitions":
  [],
 "providerships":
  [],
 "total_money_raised": "$0",
 "funding_rounds":
  [],
 "investments":
  [],
 "acquisition": null,
 "acquisitions":
  [],
 "offices":
  [{"description": "",
    "address1": "28 rue Jean Perrin",
    "address2": "",
    "zip_code": "33608",
    "city": "Pessac",
    "state_code": null,
    "country_code": "FRA",
    "latitude": null,
    "longitude": null}],
 "milestones":
  [],
 "ipo": null,
 "video_embeds":
  [],
 "screenshots":
  [],
 "external_links":
  [],
 "partners":
  []}
