{"name": "Amarin NeuroScience",
 "permalink": "amarin-neuroscience",
 "crunchbase_url": "http://www.crunchbase.com/company/amarin-neuroscience",
 "homepage_url": "http://www.laxdale.co.uk",
 "blog_url": "",
 "blog_feed_url": "",
 "twitter_username": null,
 "category_code": "biotech",
 "number_of_employees": 18,
 "founded_year": null,
 "founded_month": null,
 "founded_day": null,
 "deadpooled_year": null,
 "deadpooled_month": null,
 "deadpooled_day": null,
 "deadpooled_url": null,
 "tag_list": null,
 "alias_list": "",
 "email_address": "",
 "phone_number": "44 17 8647 6000",
 "description": "novel treatments for psychiatric illness",
 "created_at": "Thu Sep 25 02:19:44 UTC 2008",
 "updated_at": "Tue Nov 03 11:17:48 UTC 2009",
 "overview": "\u003Cp\u003EAmarin Neuroscience Ltd. develops novel treatments for psychiatric illnesses and other conditions. The company was formerly known as Laxdale Ltd. The company is based in Stirling, United Kingdom. As of October 8, 2004, Amarin Neuroscience Ltd. operates as a subsidiary of Amarin Corp plc.\u003C/p\u003E",
 "image": null,
 "products":
  [],
 "relationships":
  [],
 "competitions":
  [],
 "providerships":
  [],
 "total_money_raised": "$0",
 "funding_rounds":
  [],
 "investments":
  [{"funding_round":
     {"round_code": "seed",
      "source_url": "http://www.vencorps.com",
      "source_description": "Spencer Trask / VenCorps",
      "raised_amount": 50000.0,
      "raised_currency_code": "USD",
      "funded_year": 2008,
      "funded_month": 8,
      "funded_day": 1,
      "company":
       {"name": "WeAre.Us",
        "permalink": "weare-us"}}}],
 "acquisition": null,
 "acquisitions":
  [],
 "offices":
  [{"description": "HQ",
    "address1": "Kings Park House",
    "address2": "Laurelhill Business Park",
    "zip_code": "FK7 9JQ",
    "city": "Stirling",
    "state_code": null,
    "country_code": "GBR",
    "latitude": null,
    "longitude": null}],
 "milestones":
  [],
 "ipo": null,
 "video_embeds":
  [],
 "screenshots":
  [],
 "external_links":
  [],
 "partners":
  []}
