{"name": "AmazingTechProducts",
 "permalink": "amazing-tech-products",
 "crunchbase_url": "http://www.crunchbase.com/company/amazing-tech-products",
 "homepage_url": "http://www.AmazingTechProducts.com",
 "blog_url": "http://www.AmazingTechBlog.com",
 "blog_feed_url": "",
 "twitter_username": null,
 "category_code": "public_relations",
 "number_of_employees": 11,
 "founded_year": 2007,
 "founded_month": 12,
 "founded_day": 7,
 "deadpooled_year": null,
 "deadpooled_month": null,
 "deadpooled_day": null,
 "deadpooled_url": null,
 "tag_list": "consumer-electronics, tech, products, technology, amazing, gadgets, devices, software, internet",
 "alias_list": null,
 "email_address": "feedback@amazingtechproducts.com",
 "phone_number": "",
 "description": null,
 "created_at": "Sat May 24 17:04:41 UTC 2008",
 "updated_at": "Thu Jun 19 19:35:09 UTC 2008",
 "overview": "\u003Cp\u003EAmazing Tech Products publishes content around tech products, companies, and people who make innovative products. The company\u0026#8217;s websites, AmazingTechProducts.com \u0026amp; AmazingTechBlog.com, provide an online destination for people to discover, learn about, and engage with innovative tech products.\u003C/p\u003E\n\n\u003Cp\u003EAmazing Tech Products Inc hosts multiple websites, blogs and podcasts about consumer electronics and tech products. The website - AmazingTechProducts.com - offers alternative marketing solutions to companies which produce great products but do not have the resources to advertise them effectively. Amazing Tech Products partners with some of the biggest consumer electronic companies like Sony, Logitech, SanDisk and Creative Labs.\u003C/p\u003E\n\n\u003Cp\u003EThe blog - AmazingTechBlog.com - provides multi-dimensional reviews of consumer tech products from people belonging to various age-groups and professions.\u003C/p\u003E",
 "image":
  {"available_sizes":
    [[[150,
       50],
      "http://api-images.crunchbase.com/assets/images/resized/0001/9484/19484v1-max-150x150.png"],
     [[250,
       84],
      "http://api-images.crunchbase.com/assets/images/resized/0001/9484/19484v1-max-250x250.png"],
     [[302,
       102],
      "http://api-images.crunchbase.com/assets/images/resized/0001/9484/19484v1-max-450x450.png"]],
   "attribution": null},
 "products":
  [{"name": "Purebuds",
    "permalink": "purebuds"}],
 "relationships":
  [{"is_past": false,
    "title": "Co-Founder \u0026 VP Of Brand",
    "person":
     {"first_name": "Rebecca",
      "last_name": "Gulla",
      "permalink": "rebecca-gulla"}},
   {"is_past": false,
    "title": "Founder \u0026 President",
    "person":
     {"first_name": "Keith",
      "last_name": "Washo",
      "permalink": "keith-washo"}},
   {"is_past": false,
    "title": "VP of Web Design \u0026 Development",
    "person":
     {"first_name": "Thomas",
      "last_name": "Krul",
      "permalink": "thomas-krul"}},
   {"is_past": false,
    "title": "VP of Product Development",
    "person":
     {"first_name": "Ramani",
      "last_name": "Narayan",
      "permalink": "ramani-narayan"}},
   {"is_past": false,
    "title": "Director of Operations",
    "person":
     {"first_name": "David",
      "last_name": "Washo",
      "permalink": "david-washo"}}],
 "competitions":
  [],
 "providerships":
  [{"title": "Legal",
    "is_past": false,
    "provider":
     {"name": "Wilson Sonsini Goodrich \u0026 Rosati",
      "permalink": "wilson-sonsini-goodrich-rosati"}},
   {"title": "Public Relations",
    "is_past": false,
    "provider":
     {"name": "Pulkit Vasudha",
      "permalink": "pulkit-vasudha"}},
   {"title": "Partner Manager",
    "is_past": false,
    "provider":
     {"name": "Dewey Rogge",
      "permalink": "dewey-rogge"}}],
 "total_money_raised": "$0",
 "funding_rounds":
  [],
 "investments":
  [],
 "acquisition": null,
 "acquisitions":
  [],
 "offices":
  [{"description": null,
    "address1": "1299 Eagle Pointe LNDG",
    "address2": "",
    "zip_code": "95131",
    "city": "San Jose",
    "state_code": "CA",
    "country_code": "USA",
    "latitude": 37.387067,
    "longitude": -121.895572}],
 "milestones":
  [],
 "ipo": null,
 "video_embeds":
  [{"embed_code": "\u003Cobject width=\"425\" height=\"344\"\u003E\u003Cparam name=\"movie\" value=\"http://www.youtube.com/v/LgpiIoy4Y94\u0026hl=en\"\u003E\u003C/param\u003E\u003Cparam name=\"wmode\" value=\"transparent\"\u003E\u003C/param\u003E\u003Cembed src=\"http://www.youtube.com/v/LgpiIoy4Y94\u0026hl=en\" type=\"application/x-shockwave-flash\" wmode=\"transparent\" width=\"425\" height=\"344\"\u003E\u003C/embed\u003E\u003C/object\u003E",
    "description": "\u003Cp\u003E\u003Ca href=\"http://pitches.techcrunch.com/pitch/37-amazing-tech-products\" title=\"Amazing Tech Products\"\u003EAmazing Tech Products\u003C/a\u003E\u0026#8217; pitch on TechCrunch Elevator Pitches.\u003C/p\u003E"}],
 "screenshots":
  [],
 "external_links":
  [{"external_url": "http://www.KeithWasho.com",
    "title": "About The Founder Of The Company"}],
 "partners":
  []}
