{"name": "AmazingMail.com",
 "permalink": "amazingmail-com",
 "crunchbase_url": "http://www.crunchbase.com/company/amazingmail-com",
 "homepage_url": "http://www.amazingmail.com",
 "blog_url": "",
 "blog_feed_url": "",
 "twitter_username": "AmazingMail",
 "category_code": "public_relations",
 "number_of_employees": 80,
 "founded_year": 2001,
 "founded_month": null,
 "founded_day": null,
 "deadpooled_year": null,
 "deadpooled_month": null,
 "deadpooled_day": null,
 "deadpooled_url": null,
 "tag_list": "direct, mail, marketing, scottsdale, arizona, postcards, web-to-print",
 "alias_list": "",
 "email_address": "arelph@amazingmail.com",
 "phone_number": "18886811214",
 "description": "",
 "created_at": "Wed Oct 01 20:52:12 UTC 2008",
 "updated_at": "Sun Sep 29 22:51:26 UTC 2013",
 "overview": "\u003Cp\u003EFor over a decade, AmazingMail has continually led the direct mail marketing industry with technological innovation, cutting edge products, and world-class service and performance. Now providing three \u0026#8216;solution tiers\u0026#8217; from web-to-print, to dedicated account management, to integrated/automated platforms, AmazingMail is unequaled in the digital direct mail marketing space. Leveraging its U.S. Patented No. 6,732,152, AmazingMail can produce a superior mail piece in record time, efficient in quantities as few as one. The promise of true one-to-one marketing has finally arrived. We are located at: 8300 E. Raintree Drive \u00b7 Scottsdale, AZ 85260.\u003C/p\u003E",
 "image":
  {"available_sizes":
    [[[150,
       30],
      "http://api-images.crunchbase.com/assets/images/resized/0002/5981/25981v3-max-150x150.png"],
     [[250,
       51],
      "http://api-images.crunchbase.com/assets/images/resized/0002/5981/25981v3-max-250x250.png"],
     [[313,
       64],
      "http://api-images.crunchbase.com/assets/images/resized/0002/5981/25981v3-max-450x450.png"]],
   "attribution": null},
 "products":
  [],
 "relationships":
  [{"is_past": false,
    "title": "CEO",
    "person":
     {"first_name": "Danielle",
      "last_name": "Stiehl",
      "permalink": "danielle-stiehl"}},
   {"is_past": false,
    "title": "Director of Sales and Client Services",
    "person":
     {"first_name": "Stephen",
      "last_name": "Barr\u00c3\u00b3n",
      "permalink": "stephen-barrn"}},
   {"is_past": false,
    "title": "Director of Technology",
    "person":
     {"first_name": "Srinivas",
      "last_name": "Jasthi",
      "permalink": "srinivas-jasthi"}}],
 "competitions":
  [{"competitor":
     {"name": "MailLift",
      "permalink": "maillift"}}],
 "providerships":
  [],
 "total_money_raised": "$0",
 "funding_rounds":
  [],
 "investments":
  [],
 "acquisition": null,
 "acquisitions":
  [],
 "offices":
  [{"description": "HQ",
    "address1": "8300 E. Raintree Dr.",
    "address2": "Suite 105",
    "zip_code": "85260",
    "city": "Scottsdale",
    "state_code": "AZ",
    "country_code": "USA",
    "latitude": 33.619614,
    "longitude": -111.901721}],
 "milestones":
  [],
 "ipo": null,
 "video_embeds":
  [],
 "screenshots":
  [{"available_sizes":
     [[[149,
        150],
       "http://api-images.crunchbase.com/assets/images/resized/0002/5980/25980v2-max-150x150.jpg"],
      [[248,
        250],
       "http://api-images.crunchbase.com/assets/images/resized/0002/5980/25980v2-max-250x250.jpg"],
      [[447,
        450],
       "http://api-images.crunchbase.com/assets/images/resized/0002/5980/25980v2-max-450x450.jpg"]],
    "attribution": null}],
 "external_links":
  [],
 "partners":
  []}
