{"name": "Amazee",
 "permalink": "amazee",
 "crunchbase_url": "http://www.crunchbase.com/company/amazee",
 "homepage_url": "http://www.amazee.com",
 "blog_url": "http://blog.amazee.com",
 "blog_feed_url": "http://blog.amazee.com/rss.xml",
 "twitter_username": "amazeelabs",
 "category_code": "public_relations",
 "number_of_employees": 7,
 "founded_year": 2007,
 "founded_month": 9,
 "founded_day": 3,
 "deadpooled_year": null,
 "deadpooled_month": null,
 "deadpooled_day": null,
 "deadpooled_url": null,
 "tag_list": "social-collaboration, collaboration, projects, grassroot, movements, social-activism, crowdsourcing, collective-action, we-think, we-act, wisdom-of-the-crowds, power-of-the-many, peer, promotion, sponsoring, fundraising, project-portfolio",
 "alias_list": null,
 "email_address": "dania.gerhardt@amazee.com",
 "phone_number": "+41 79 770 17 91",
 "description": "",
 "created_at": "Fri Jul 11 11:07:32 UTC 2008",
 "updated_at": "Mon Jan 28 03:25:05 UTC 2013",
 "overview": "\u003Cp\u003EAmazee is an internet platform that empowers individuals and organizations to initiate and promote their ideas and plans in projects, to find like-minded people and raise funds.\u003C/p\u003E\n\n\u003Cp\u003EExamples of successful projects on Amazee are: Building an IT learning center in Sri Lanka, planning meetings of internet entrepreneurs in Zurich or ensuring the complete supply with running water in a small South African village.\u003C/p\u003E\n\n\u003Cp\u003EAmazee is built for globally-minded activists who want to use the web for collective action. Thus their goals become projects on Amazee and these projects come to life.\u003C/p\u003E\n\n\u003Cp\u003EEach project on Amazee has its online publication medium: the project magazine. Via an intuitive interface users can add a large variety of so called widgets to these magazines. Among many other things there are gallery, blog and event planning widgets which can be combined into a very attractive package.\u003C/p\u003E\n\n\u003Cp\u003EAmazee provides interfaces for the most important online platforms. Projects can be embedded in other places and therefore spread virally \u2014 for example on the iPhone or on Facebook.\u003C/p\u003E\n\n\u003Cp\u003EThe collaboration of members in projects on Amazee is empowered by different state-of-the-art tools such as calendars, discussion boards, polls and chats, event planning modules etc.\u003C/p\u003E\n\n\u003Cp\u003EMoreover, Amazee is distinguished by its very responsible user community which is more attracted by the collective pursuit of social challenges than by self expression and non-binding chit-chat.\u003C/p\u003E\n\n\u003Cp\u003EThe networking of users on Amazee happens via projects and common goals. An activity stream informs all members about the latest activites and supports a lively exchange among these members.\u003C/p\u003E\n\n\u003Cp\u003EAmazee is based on the open source framework Drupal and is holistically aimed at the use of free, open source technologies. From this follows that not only single projects but the whole platform benefits from the wisdom of the many.\u003C/p\u003E\n\n\u003Cp\u003EThe platform has been launched in September 2008 and is growing in popularity especially in the US, Germany and Switzerland.\u003C/p\u003E\n\n\u003Cp\u003EAmazee AG \u2014 the company behind Amazee \u2014 is  privately financed  and is being supported by the Swiss government\u0026#8217;s innovation promotion agency CTI as well as by Technopark Zurich. Founded in 2007 by Gregory Gerhardt, Dania Gerhardt and Prodosh Banerjee, it is headquartered in Zurich and currently employs a staff of 6.\u003C/p\u003E",
 "image":
  {"available_sizes":
    [[[150,
       21],
      "http://api-images.crunchbase.com/assets/images/resized/0002/1947/21947v2-max-150x150.jpg"],
     [[250,
       35],
      "http://api-images.crunchbase.com/assets/images/resized/0002/1947/21947v2-max-250x250.jpg"],
     [[450,
       64],
      "http://api-images.crunchbase.com/assets/images/resized/0002/1947/21947v2-max-450x450.jpg"]],
   "attribution": null},
 "products":
  [],
 "relationships":
  [{"is_past": false,
    "title": "CEO",
    "person":
     {"first_name": "Gregory",
      "last_name": "Gerhardt",
      "permalink": "gregory-gerhardt"}},
   {"is_past": false,
    "title": "Deputy CTO",
    "person":
     {"first_name": "Michael",
      "last_name": "Schmid",
      "permalink": "michael-schmid"}},
   {"is_past": false,
    "title": "COO, CFO",
    "person":
     {"first_name": "Dania",
      "last_name": "Gerhardt",
      "permalink": "dania-gerhardt"}},
   {"is_past": false,
    "title": "Editor, Community Manager",
    "person":
     {"first_name": "Mathias",
      "last_name": "Moeller",
      "permalink": "mathias-moeller"}},
   {"is_past": false,
    "title": "Junior Product Manager",
    "person":
     {"first_name": "Marco",
      "last_name": "Untern\u00c3\u00a4hrer",
      "permalink": "marco-unternhrer"}},
   {"is_past": false,
    "title": "Junior Product Manager",
    "person":
     {"first_name": "Daniel",
      "last_name": "Truninger",
      "permalink": "daniel-truninger"}},
   {"is_past": true,
    "title": "CTO, Head Editor",
    "person":
     {"first_name": "Lucas",
      "last_name": "Bally",
      "permalink": "lucas-bally"}},
   {"is_past": true,
    "title": "Head Technology, CTO",
    "person":
     {"first_name": "Markus",
      "last_name": "Tressl",
      "permalink": "markus-tressl"}}],
 "competitions":
  [],
 "providerships":
  [],
 "total_money_raised": "$0",
 "funding_rounds":
  [],
 "investments":
  [],
 "acquisition": null,
 "acquisitions":
  [],
 "offices":
  [{"description": "World Headquarters",
    "address1": "Technoparkstr. 1",
    "address2": "Newton 2012",
    "zip_code": "8005",
    "city": "Zurich",
    "state_code": null,
    "country_code": "CHE",
    "latitude": 47.389909,
    "longitude": 8.516049},
   {"description": "San Francisco Office",
    "address1": "c/o Swissnex",
    "address2": "730 Montgomery Street",
    "zip_code": "94111",
    "city": "San Francisco",
    "state_code": "CA",
    "country_code": "USA",
    "latitude": null,
    "longitude": null}],
 "milestones":
  [],
 "ipo": null,
 "video_embeds":
  [{"embed_code": "\u003Cobject width=\"375\" height=\"211.5\"\u003E\t\u003Cparam name=\"allowfullscreen\" value=\"true\" /\u003E\t\u003Cparam name=\"allowscriptaccess\" value=\"always\" /\u003E\t\u003Cparam name=\"movie\" value=\"http://vimeo.com/moogaloop.swf?clip_id=1142475\u0026amp;server=vimeo.com\u0026amp;show_title=1\u0026amp;show_byline=1\u0026amp;show_portrait=1\u0026amp;color=FF7700\u0026amp;fullscreen=1\" /\u003E\t\u003Cembed src=\"http://vimeo.com/moogaloop.swf?clip_id=1142475\u0026amp;server=vimeo.com\u0026amp;show_title=1\u0026amp;show_byline=1\u0026amp;show_portrait=1\u0026amp;color=FF7700\u0026amp;fullscreen=1\" type=\"application/x-shockwave-flash\" allowfullscreen=\"true\" allowscriptaccess=\"always\" width=\"375\" height=\"211.5\"\u003E\u003C/embed\u003E\u003C/object\u003E\u003Cbr /\u003E\u003Ca href=\"http://vimeo.com/1142475?pg=embed\u0026amp;sec=1142475\"\u003EProject Pete\u003C/a\u003E from \u003Ca href=\"http://vimeo.com/user363872?pg=embed\u0026amp;sec=1142475\"\u003EAmazee\u003C/a\u003E on \u003Ca href=\"http://vimeo.com?pg=embed\u0026amp;sec=1142475\"\u003EVimeo\u003C/a\u003E",
    "description": ""}],
 "screenshots":
  [{"available_sizes":
     [[[150,
        102],
       "http://api-images.crunchbase.com/assets/images/resized/0004/0694/40694v2-max-150x150.png"],
      [[250,
        170],
       "http://api-images.crunchbase.com/assets/images/resized/0004/0694/40694v2-max-250x250.png"],
      [[450,
        306],
       "http://api-images.crunchbase.com/assets/images/resized/0004/0694/40694v2-max-450x450.png"]],
    "attribution": null},
   {"available_sizes":
     [[[150,
        117],
       "http://api-images.crunchbase.com/assets/images/resized/0008/2380/82380v2-max-150x150.jpg"],
      [[250,
        195],
       "http://api-images.crunchbase.com/assets/images/resized/0008/2380/82380v2-max-250x250.jpg"],
      [[450,
        351],
       "http://api-images.crunchbase.com/assets/images/resized/0008/2380/82380v2-max-450x450.jpg"]],
    "attribution": null},
   {"available_sizes":
     [[[150,
        120],
       "http://api-images.crunchbase.com/assets/images/resized/0008/2383/82383v2-max-150x150.png"],
      [[250,
        200],
       "http://api-images.crunchbase.com/assets/images/resized/0008/2383/82383v2-max-250x250.png"],
      [[450,
        360],
       "http://api-images.crunchbase.com/assets/images/resized/0008/2383/82383v2-max-450x450.png"]],
    "attribution": null}],
 "external_links":
  [],
 "partners":
  []}
