{"name": "12th Avenue Graphics",
 "permalink": "12th-avenue-graphics",
 "crunchbase_url": "http://www.crunchbase.com/company/12th-avenue-graphics",
 "homepage_url": "http://12avenuegraphics.com",
 "blog_url": "http://12avenuegraphics.com/blog/",
 "blog_feed_url": "http://12avenuegraphics.com/blog/feed",
 "twitter_username": "12AveGraphics",
 "category_code": "other",
 "number_of_employees": null,
 "founded_year": 1979,
 "founded_month": null,
 "founded_day": null,
 "deadpooled_year": null,
 "deadpooled_month": null,
 "deadpooled_day": null,
 "deadpooled_url": null,
 "tag_list": "commercial, digital, printing, firm, miami, florida",
 "alias_list": null,
 "email_address": "info@12avenuegraphics.com",
 "phone_number": "305-635-4441",
 "description": "Commercial and digital printing firm.",
 "created_at": "Mon Apr 22 13:28:27 UTC 2013",
 "updated_at": "Mon Apr 29 15:44:38 UTC 2013",
 "overview": "\u003Cp\u003E12Avenue Graphics strives hard to give the highest quality prints on booklets, catalogs, magazines, banners and poster to every client in Miami and all over Florida. \u003C/p\u003E",
 "image":
  {"available_sizes":
    [[[150,
       75],
      "http://api-images.crunchbase.com/assets/images/resized/0025/3784/253784v2-max-150x150.jpg"],
     [[250,
       125],
      "http://api-images.crunchbase.com/assets/images/resized/0025/3784/253784v2-max-250x250.jpg"],
     [[450,
       225],
      "http://api-images.crunchbase.com/assets/images/resized/0025/3784/253784v2-max-450x450.jpg"]],
   "attribution": null},
 "products":
  [],
 "relationships":
  [],
 "competitions":
  [],
 "providerships":
  [],
 "total_money_raised": "$0",
 "funding_rounds":
  [],
 "investments":
  [],
 "acquisition": null,
 "acquisitions":
  [],
 "offices":
  [{"description": "",
    "address1": "1300 N.W. 29th Street",
    "address2": "",
    "zip_code": "33142",
    "city": "Miami",
    "state_code": "FL",
    "country_code": "USA",
    "latitude": null,
    "longitude": null}],
 "milestones":
  [],
 "ipo": null,
 "video_embeds":
  [],
 "screenshots":
  [],
 "external_links":
  [],
 "partners":
  []}
