{"name": "19 Entertainment",
 "permalink": "19-entertainment",
 "crunchbase_url": "http://www.crunchbase.com/company/19-entertainment",
 "homepage_url": null,
 "blog_url": null,
 "blog_feed_url": null,
 "twitter_username": null,
 "category_code": null,
 "number_of_employees": null,
 "founded_year": null,
 "founded_month": null,
 "founded_day": null,
 "deadpooled_year": null,
 "deadpooled_month": null,
 "deadpooled_day": null,
 "deadpooled_url": null,
 "tag_list": null,
 "alias_list": null,
 "email_address": null,
 "phone_number": null,
 "description": null,
 "created_at": "Tue Apr 09 18:44:06 UTC 2013",
 "updated_at": "Tue Apr 09 18:44:08 UTC 2013",
 "overview": null,
 "image": null,
 "products":
  [],
 "relationships":
  [{"is_past": false,
    "title": "Chief Financial Officer",
    "person":
     {"first_name": "Larry",
      "last_name": "Madden",
      "permalink": "larry-madden"}},
   {"is_past": true,
    "title": "US Head of Digital",
    "person":
     {"first_name": "Jeff",
      "last_name": "King",
      "permalink": "jeff-king"}}],
 "competitions":
  [],
 "providerships":
  [],
 "total_money_raised": "$0",
 "funding_rounds":
  [],
 "investments":
  [],
 "acquisition": null,
 "acquisitions":
  [],
 "offices":
  [],
 "milestones":
  [],
 "ipo": null,
 "video_embeds":
  [],
 "screenshots":
  [],
 "external_links":
  [],
 "partners":
  []}
