{"name": "20mission",
 "permalink": "20mission",
 "crunchbase_url": "http://www.crunchbase.com/company/20mission",
 "homepage_url": null,
 "blog_url": null,
 "blog_feed_url": null,
 "twitter_username": null,
 "category_code": null,
 "number_of_employees": null,
 "founded_year": null,
 "founded_month": null,
 "founded_day": null,
 "deadpooled_year": null,
 "deadpooled_month": null,
 "deadpooled_day": null,
 "deadpooled_url": null,
 "tag_list": "san-francisco, mission, 20mission",
 "alias_list": null,
 "email_address": null,
 "phone_number": null,
 "description": null,
 "created_at": "Sun Apr 21 00:22:48 UTC 2013",
 "updated_at": "Thu Apr 25 04:58:16 UTC 2013",
 "overview": "\u003Cp\u003ELocated in the exciting and innovative Mission district of San Francisco, 20Mission is a 41 bedroom start-up living community where programmers, designers, artists, and entrepreneurs live, work and play.\u003C/p\u003E\n\n\u003Cp\u003EFrom coding in the common room, cooking up something delicious in the kitchen, or discussing branding in the hallways, collaboration occurs daily between our residents.   With in-house counsel, graphic designers, photographers, videographers, brand consultants, and well-connected Silicon Valley entrepreneurs among our permanent residents, you have every resource at your fingertips.\u003C/p\u003E",
 "image":
  {"available_sizes":
    [[[150,
       24],
      "http://api-images.crunchbase.com/assets/images/resized/0025/4714/254714v2-max-150x150.png"],
     [[250,
       40],
      "http://api-images.crunchbase.com/assets/images/resized/0025/4714/254714v2-max-250x250.png"],
     [[375,
       61],
      "http://api-images.crunchbase.com/assets/images/resized/0025/4714/254714v2-max-450x450.png"]],
   "attribution": null},
 "products":
  [],
 "relationships":
  [{"is_past": false,
    "title": "Owner",
    "person":
     {"first_name": "Jered",
      "last_name": "Kenna",
      "permalink": "jered-kenna"}},
   {"is_past": false,
    "title": "Property Manager / Brewer",
    "person":
     {"first_name": "Jeff",
      "last_name": "Cryer",
      "permalink": "jeff-cryer"}}],
 "competitions":
  [],
 "providerships":
  [],
 "total_money_raised": "$0",
 "funding_rounds":
  [],
 "investments":
  [],
 "acquisition": null,
 "acquisitions":
  [],
 "offices":
  [{"description": "20mission",
    "address1": "3491 20th st",
    "address2": "",
    "zip_code": "94110",
    "city": "san francisco",
    "state_code": "CA",
    "country_code": "USA",
    "latitude": null,
    "longitude": null}],
 "milestones":
  [],
 "ipo": null,
 "video_embeds":
  [],
 "screenshots":
  [],
 "external_links":
  [],
 "partners":
  []}
