{"name": "21Diamonds India",
 "permalink": "21diamonds-india",
 "crunchbase_url": "http://www.crunchbase.com/company/21diamonds-india",
 "homepage_url": "http://www.21diamonds.in",
 "blog_url": "http://blog.21diamonds.in/",
 "blog_feed_url": "http://feedburner.google.com/fb/a/dashboard?id=r140toqff8tka9d1b2bguil7pk",
 "twitter_username": "21DiamondsIndia",
 "category_code": "ecommerce",
 "number_of_employees": 50,
 "founded_year": 2012,
 "founded_month": 6,
 "founded_day": 1,
 "deadpooled_year": null,
 "deadpooled_month": null,
 "deadpooled_day": null,
 "deadpooled_url": null,
 "tag_list": "online-jewellery-website, diamond-jewellery-online, gold-jewellery-online, silver-jewellery",
 "alias_list": null,
 "email_address": "care@21diamonds.in",
 "phone_number": "911130017621",
 "description": "Online Jewellery Store India",
 "created_at": "Wed Apr 10 09:13:51 UTC 2013",
 "updated_at": "Wed Apr 10 09:31:24 UTC 2013",
 "overview": "\u003Cp\u003E21Diamonds.in is an online jewellery shopping store that offers top quality diamond, gold and silver jewellery and accessories with conspicuously matchless designs. With its affordable prices and unique jewellery shopping experience, 21Diamonds is your one stop destination for making all your jewellery buying dreams come true in India.\u003C/p\u003E",
 "image":
  {"available_sizes":
    [[[150,
       150],
      "http://api-images.crunchbase.com/assets/images/resized/0025/0156/250156v2-max-150x150.jpg"],
     [[200,
       200],
      "http://api-images.crunchbase.com/assets/images/resized/0025/0156/250156v2-max-250x250.jpg"],
     [[200,
       200],
      "http://api-images.crunchbase.com/assets/images/resized/0025/0156/250156v2-max-450x450.jpg"]],
   "attribution": null},
 "products":
  [],
 "relationships":
  [],
 "competitions":
  [],
 "providerships":
  [],
 "total_money_raised": "$0",
 "funding_rounds":
  [],
 "investments":
  [],
 "acquisition": null,
 "acquisitions":
  [],
 "offices":
  [{"description": "21Diamonds India",
    "address1": "Gurgaon",
    "address2": "Haryana",
    "zip_code": "122016",
    "city": "Gurgaon",
    "state_code": null,
    "country_code": "IND",
    "latitude": 28.5143177,
    "longitude": 77.0744343}],
 "milestones":
  [],
 "ipo": null,
 "video_embeds":
  [],
 "screenshots":
  [],
 "external_links":
  [],
 "partners":
  []}
