{"name": "3 Other Things",
 "permalink": "3-other-things",
 "crunchbase_url": "http://www.crunchbase.com/company/3-other-things",
 "homepage_url": "http://www.3otherthings.com",
 "blog_url": "",
 "blog_feed_url": "",
 "twitter_username": "3OtherThings",
 "category_code": "web",
 "number_of_employees": 3,
 "founded_year": 2013,
 "founded_month": null,
 "founded_day": null,
 "deadpooled_year": null,
 "deadpooled_month": null,
 "deadpooled_day": null,
 "deadpooled_url": null,
 "tag_list": "social-shopping-mobile-discovery",
 "alias_list": null,
 "email_address": "manoj@3otherthings.com",
 "phone_number": "",
 "description": "Close Beta",
 "created_at": "Wed Apr 10 04:55:30 UTC 2013",
 "updated_at": "Tue Nov 26 07:11:53 UTC 2013",
 "overview": "\u003Cp\u003E3OtherThings is all about bridging online and offline retail experience. A true social discovery platform that\u0026#8217;s generating demand, business intelligence and in-store experience all in one place.\u003Cbr/\u003E\n3OtherThings is striving to revolutionize the way the world discovers and consumes product and lifestyle content.\u003C/p\u003E",
 "image":
  {"available_sizes":
    [[[148,
       150],
      "http://api-images.crunchbase.com/assets/images/resized/0025/0089/250089v8-max-150x150.jpg"],
     [[198,
       200],
      "http://api-images.crunchbase.com/assets/images/resized/0025/0089/250089v8-max-250x250.jpg"],
     [[198,
       200],
      "http://api-images.crunchbase.com/assets/images/resized/0025/0089/250089v8-max-450x450.jpg"]],
   "attribution": null},
 "products":
  [],
 "relationships":
  [{"is_past": false,
    "title": "Founder",
    "person":
     {"first_name": "Manoj",
      "last_name": "Shinde",
      "permalink": "manoj-shinde"}},
   {"is_past": false,
    "title": "CMO",
    "person":
     {"first_name": "Darshana",
      "last_name": "Gajare",
      "permalink": "darshana-gajare"}},
   {"is_past": false,
    "title": "CTO",
    "person":
     {"first_name": "Abhijit",
      "last_name": "Nair",
      "permalink": "abhijit-nair"}}],
 "competitions":
  [],
 "providerships":
  [],
 "total_money_raised": "$0",
 "funding_rounds":
  [],
 "investments":
  [],
 "acquisition": null,
 "acquisitions":
  [],
 "offices":
  [],
 "milestones":
  [],
 "ipo": null,
 "video_embeds":
  [],
 "screenshots":
  [{"available_sizes":
     [[[150,
        78],
       "http://api-images.crunchbase.com/assets/images/resized/0025/4200/254200v2-max-150x150.jpg"],
      [[250,
        130],
       "http://api-images.crunchbase.com/assets/images/resized/0025/4200/254200v2-max-250x250.jpg"],
      [[450,
        235],
       "http://api-images.crunchbase.com/assets/images/resized/0025/4200/254200v2-max-450x450.jpg"]],
    "attribution": null}],
 "external_links":
  [{"external_url": "http://ow.ly/1WjCxU",
    "title": "YourStory Media"},
   {"external_url": "http://nibletz.com/2013/05/14/indian-startup-3-bridging-gap-online-offline-retail/",
    "title": "Post TechCrunch"}],
 "partners":
  [{"partner_name": "angel_list",
    "homepage_url": "http://www.3otherthings.com",
    "link_1_url": "https://angel.co/3-other-things",
    "link_2_url": null,
    "link_3_url": null,
    "link_1_name": "AngelList Page",
    "link_2_name": null,
    "link_3_name": null}]}
