{"name": "3D Industri.es",
 "permalink": "3d-industri-es",
 "crunchbase_url": "http://www.crunchbase.com/company/3d-industri-es",
 "homepage_url": "http://www.3dindustri.es",
 "blog_url": "http://3dindustri.es/blog",
 "blog_feed_url": "",
 "twitter_username": "3dindustries",
 "category_code": "web",
 "number_of_employees": null,
 "founded_year": 2011,
 "founded_month": null,
 "founded_day": null,
 "deadpooled_year": null,
 "deadpooled_month": null,
 "deadpooled_day": null,
 "deadpooled_url": null,
 "tag_list": "3d, 3d-printing, manufacturing, supply-chain, visual, search, 3d-search, shape-search, geo-search",
 "alias_list": "",
 "email_address": "",
 "phone_number": "",
 "description": "The 3D Search Engine",
 "created_at": "Mon Apr 15 15:05:50 UTC 2013",
 "updated_at": "Sun Jan 19 12:56:42 UTC 2014",
 "overview": "\u003Cp\u003E3D Industri.es is redefining the online 3D experience with its unique and powerful 3D search technology. Users can navigate the 3D web and search for 3D models accurately, intuitively and quickly, using 3D shapes alone. Amongst other things, this overcomes the limitations of language.\u003C/p\u003E\n\n\u003Cp\u003EThe firm offers a range of products and solutions based on this 3D search technology, including industry-specific search portals, and data management solutions for large online and offline 3D databases. Mobile device apps for 3D search are also available. \u003C/p\u003E\n\n\u003Cp\u003EAn example portal includes 3Dpartsource.com, a site dedicated to matching buyers and manufacturers of industrial components using 3D shape. \u003C/p\u003E\n\n\u003Cp\u003E3D Industri.es is leading the way in developing solutions that provide 3D content authorship authentication, helping breed confidence in open sharing of 3D data. This will support rapid professionalisation and expansion of this area. \u003C/p\u003E",
 "image":
  {"available_sizes":
    [[[150,
       82],
      "http://api-images.crunchbase.com/assets/images/resized/0037/1587/371587v1-max-150x150.png"],
     [[190,
       104],
      "http://api-images.crunchbase.com/assets/images/resized/0037/1587/371587v1-max-250x250.png"],
     [[190,
       104],
      "http://api-images.crunchbase.com/assets/images/resized/0037/1587/371587v1-max-450x450.png"]],
   "attribution": null},
 "products":
  [],
 "relationships":
  [{"is_past": false,
    "title": "CEO",
    "person":
     {"first_name": "Seena",
      "last_name": "Rejal",
      "permalink": "seena-rejal"}}],
 "competitions":
  [],
 "providerships":
  [],
 "total_money_raised": "$1.2M",
 "funding_rounds":
  [{"id": 37052,
    "round_code": "seed",
    "source_url": "",
    "source_description": "",
    "raised_amount": 350000.0,
    "raised_currency_code": "USD",
    "funded_year": 2012,
    "funded_month": 3,
    "funded_day": null,
    "investments":
     []},
   {"id": 37053,
    "round_code": "angel",
    "source_url": "",
    "source_description": "",
    "raised_amount": 850000.0,
    "raised_currency_code": "USD",
    "funded_year": 2013,
    "funded_month": 3,
    "funded_day": null,
    "investments":
     []}],
 "investments":
  [],
 "acquisition": null,
 "acquisitions":
  [],
 "offices":
  [{"description": "",
    "address1": "299 E. Sixth St",
    "address2": "",
    "zip_code": "45201",
    "city": "Cincinnati",
    "state_code": "OH",
    "country_code": "USA",
    "latitude": null,
    "longitude": null}],
 "milestones":
  [],
 "ipo": null,
 "video_embeds":
  [],
 "screenshots":
  [],
 "external_links":
  [],
 "partners":
  []}
