{"name": "3Dfx",
 "permalink": "3dfx",
 "crunchbase_url": "http://www.crunchbase.com/company/3dfx",
 "homepage_url": null,
 "blog_url": null,
 "blog_feed_url": null,
 "twitter_username": null,
 "category_code": null,
 "number_of_employees": null,
 "founded_year": null,
 "founded_month": null,
 "founded_day": null,
 "deadpooled_year": null,
 "deadpooled_month": null,
 "deadpooled_day": null,
 "deadpooled_url": null,
 "tag_list": null,
 "alias_list": null,
 "email_address": null,
 "phone_number": null,
 "description": null,
 "created_at": "Wed Apr 17 21:12:11 UTC 2013",
 "updated_at": "Wed Apr 17 21:12:11 UTC 2013",
 "overview": null,
 "image": null,
 "products":
  [],
 "relationships":
  [{"is_past": false,
    "title": "Investor",
    "person":
     {"first_name": "Jim",
      "last_name": "Whims",
      "permalink": "jim-whims"}},
   {"is_past": true,
    "title": "CTO \u0026 Co-founder",
    "person":
     {"first_name": "Scott",
      "last_name": "Sellers",
      "permalink": "scott-sellers"}},
   {"is_past": true,
    "title": "Board of Directors",
    "person":
     {"first_name": "George",
      "last_name": "Haber",
      "permalink": "george-haber"}}],
 "competitions":
  [],
 "providerships":
  [],
 "total_money_raised": "$0",
 "funding_rounds":
  [],
 "investments":
  [],
 "acquisition": null,
 "acquisitions":
  [],
 "offices":
  [],
 "milestones":
  [],
 "ipo": null,
 "video_embeds":
  [],
 "screenshots":
  [],
 "external_links":
  [],
 "partners":
  []}
