{"name": "3Path",
 "permalink": "3path",
 "crunchbase_url": "http://www.crunchbase.com/company/3path",
 "homepage_url": null,
 "blog_url": null,
 "blog_feed_url": null,
 "twitter_username": null,
 "category_code": null,
 "number_of_employees": null,
 "founded_year": null,
 "founded_month": null,
 "founded_day": null,
 "deadpooled_year": null,
 "deadpooled_month": null,
 "deadpooled_day": null,
 "deadpooled_url": null,
 "tag_list": null,
 "alias_list": null,
 "email_address": null,
 "phone_number": null,
 "description": null,
 "created_at": "Wed Apr 10 13:13:26 UTC 2013",
 "updated_at": "Wed Apr 10 13:13:31 UTC 2013",
 "overview": null,
 "image": null,
 "products":
  [],
 "relationships":
  [{"is_past": true,
    "title": "CEO",
    "person":
     {"first_name": "Brian",
      "last_name": "Smiga",
      "permalink": "brian-smiga"}},
   {"is_past": true,
    "title": "Product Manager",
    "person":
     {"first_name": "Dan",
      "last_name": "Hennes",
      "permalink": "dan-hennes"}},
   {"is_past": true,
    "title": "Director of Operations",
    "person":
     {"first_name": "Dylan",
      "last_name": "Carlson",
      "permalink": "dylan-carlson"}}],
 "competitions":
  [],
 "providerships":
  [],
 "total_money_raised": "$0",
 "funding_rounds":
  [],
 "investments":
  [],
 "acquisition": null,
 "acquisitions":
  [],
 "offices":
  [],
 "milestones":
  [],
 "ipo": null,
 "video_embeds":
  [],
 "screenshots":
  [],
 "external_links":
  [],
 "partners":
  []}
