{"name": "42",
 "permalink": "42",
 "crunchbase_url": "http://www.crunchbase.com/company/42",
 "homepage_url": "http://www.42debut.com",
 "blog_url": "http://www.42debut.com/#blog",
 "blog_feed_url": "",
 "twitter_username": "42debut",
 "category_code": "enterprise",
 "number_of_employees": null,
 "founded_year": null,
 "founded_month": null,
 "founded_day": null,
 "deadpooled_year": null,
 "deadpooled_month": null,
 "deadpooled_day": null,
 "deadpooled_url": null,
 "tag_list": "",
 "alias_list": null,
 "email_address": "team@42debut.com",
 "phone_number": "",
 "description": "Retail Technology",
 "created_at": "Wed Apr 10 06:13:17 UTC 2013",
 "updated_at": "Fri Feb 21 18:05:12 UTC 2014",
 "overview": "\u003Cp\u003E42 is a big data platform for retailers.  \u003C/p\u003E\n\n\u003Cp\u003EThe web-based platform analyzes and dissects existing point-of-sale data to provide greater insight into customer profiles, consumer buying patterns, customer loyalty, and personalized consumer marketing. This data equips brands to reach customer segments or individuals with more personalized recommendations. \u003C/p\u003E\n\n\u003Cp\u003E42 presented on the runway at New York Fashion Week, and launched at TechCrunch Disrupt NYC in 2013. \u003C/p\u003E",
 "image":
  {"available_sizes":
    [[[150,
       150],
      "http://api-images.crunchbase.com/assets/images/resized/0025/4722/254722v4-max-150x150.png"],
     [[250,
       250],
      "http://api-images.crunchbase.com/assets/images/resized/0025/4722/254722v4-max-250x250.png"],
     [[360,
       360],
      "http://api-images.crunchbase.com/assets/images/resized/0025/4722/254722v4-max-450x450.png"]],
   "attribution": null},
 "products":
  [],
 "relationships":
  [{"is_past": false,
    "title": "CEO",
    "person":
     {"first_name": "Cathy",
      "last_name": "Han",
      "permalink": "cathy-han-2"}},
   {"is_past": false,
    "title": "CTO",
    "person":
     {"first_name": "Nick",
      "last_name": "Porter",
      "permalink": "nick-porter"}},
   {"is_past": false,
    "title": "Designer",
    "person":
     {"first_name": "Wayne",
      "last_name": "Spiegel",
      "permalink": "wayne-spiegel-3"}}],
 "competitions":
  [],
 "providerships":
  [],
 "total_money_raised": "$0",
 "funding_rounds":
  [],
 "investments":
  [],
 "acquisition": null,
 "acquisitions":
  [],
 "offices":
  [{"description": "Toronto Office",
    "address1": "",
    "address2": "",
    "zip_code": "",
    "city": "",
    "state_code": null,
    "country_code": "CAN",
    "latitude": null,
    "longitude": null},
   {"description": "New York Office",
    "address1": "",
    "address2": "",
    "zip_code": "",
    "city": "",
    "state_code": null,
    "country_code": "USA",
    "latitude": null,
    "longitude": null}],
 "milestones":
  [{"id": 38913,
    "description": "Debuted 42 on the New York Fashion Week runway.",
    "stoned_year": 2013,
    "stoned_month": 2,
    "stoned_day": 8,
    "source_url": "http://www.decodedfashion.com/watch-the-fashion-hackathon-finalists-2/",
    "source_text": null,
    "source_description": "",
    "stoneable_type": "Company",
    "stoned_value": null,
    "stoned_value_type": null,
    "stoned_acquirer": null,
    "stoneable":
     {"name": "42",
      "permalink": "42"}},
   {"id": 38914,
    "description": "Launched to the public at TechCrunch Disrupt NY.",
    "stoned_year": 2013,
    "stoned_month": 4,
    "stoned_day": 29,
    "source_url": "http://techcrunch.com/2013/04/29/42-is-the-answer-to-everything-in-personalized-analytics-for-retail/",
    "source_text": null,
    "source_description": "",
    "stoneable_type": "Company",
    "stoned_value": null,
    "stoned_value_type": null,
    "stoned_acquirer": null,
    "stoneable":
     {"name": "42",
      "permalink": "42"}},
   {"id": 47963,
    "description": "Made official debut",
    "stoned_year": 2014,
    "stoned_month": 2,
    "stoned_day": 21,
    "source_url": "http://techcrunch.com/2014/02/21/42-an-online-platform-bringing-big-data-to-brick-and-mortar-retailers-makes-its-debut/",
    "source_text": "",
    "source_description": "42, An Online Platform Bringing Big Data To Brick-And-Mortar Retailers, Makes Its Debut",
    "stoneable_type": "Company",
    "stoned_value": null,
    "stoned_value_type": null,
    "stoned_acquirer": null,
    "stoneable":
     {"name": "42",
      "permalink": "42"}}],
 "ipo": null,
 "video_embeds":
  [],
 "screenshots":
  [{"available_sizes":
     [[[150,
        104],
       "http://api-images.crunchbase.com/assets/images/resized/0031/5820/315820v2-max-150x150.png"],
      [[250,
        173],
       "http://api-images.crunchbase.com/assets/images/resized/0031/5820/315820v2-max-250x250.png"],
      [[450,
        312],
       "http://api-images.crunchbase.com/assets/images/resized/0031/5820/315820v2-max-450x450.png"]],
    "attribution": null}],
 "external_links":
  [],
 "partners":
  []}
