{"name": "50A",
 "permalink": "50a",
 "crunchbase_url": "http://www.crunchbase.com/company/50a",
 "homepage_url": "http://50A.fr",
 "blog_url": "http://blog.50A.fr",
 "blog_feed_url": "",
 "twitter_username": "agence50A",
 "category_code": "public_relations",
 "number_of_employees": 10,
 "founded_year": 2005,
 "founded_month": 1,
 "founded_day": 25,
 "deadpooled_year": null,
 "deadpooled_month": null,
 "deadpooled_day": null,
 "deadpooled_url": null,
 "tag_list": "e-reputation, digital, communication, agency, seo, social-media, community-management, barcamp, coworking",
 "alias_list": null,
 "email_address": "contact@50A.fr",
 "phone_number": "+33 (0) 1 40 33 00 65 ",
 "description": "e-reputation and digital communication",
 "created_at": "Mon Apr 15 13:11:21 UTC 2013",
 "updated_at": "Mon Apr 15 13:31:27 UTC 2013",
 "overview": "\u003Cp\u003ESince 2005, 50A helps business defining, setting new process and best practices in their communication strategy. \nRelaying on co-working, 50A teams gathers a wide range of experts toward a unique purpose. A dozen of collaborators achieve consulting, technical and creative projects as such as website design and development, strategical roadmap planning, community management system, facebook apps, mobile and tablet apps.\u003C/p\u003E\n\n\u003Cp\u003EBeside, 50A event department creates co-working happenings like \u201cBarcamp\u201d. At the center of galactic 50A\u2019s strategy, the \u201cCoworking Lab\u201d, a R\u0026amp;D program, lets the agency share its office with start-ups or innovativ service business. \u003C/p\u003E\n\n\u003Cp\u003EThis approach gives to 50A and its clients (Dom Perignon, Total, Conseil G\u00e9n\u00e9ral du Var, Silic, Union des Maisons Francaises\u2026) the benefits of experiencing, cultivating new skills and a wider network.\u003C/p\u003E",
 "image":
  {"available_sizes":
    [[[150,
       150],
      "http://api-images.crunchbase.com/assets/images/resized/0025/1602/251602v2-max-150x150.jpg"],
     [[250,
       250],
      "http://api-images.crunchbase.com/assets/images/resized/0025/1602/251602v2-max-250x250.jpg"],
     [[319,
       319],
      "http://api-images.crunchbase.com/assets/images/resized/0025/1602/251602v2-max-450x450.jpg"]],
   "attribution": null},
 "products":
  [],
 "relationships":
  [],
 "competitions":
  [],
 "providerships":
  [],
 "total_money_raised": "$0",
 "funding_rounds":
  [],
 "investments":
  [],
 "acquisition": null,
 "acquisitions":
  [],
 "offices":
  [{"description": "Hq",
    "address1": "32 rue de l'\u00e9chiquier",
    "address2": "",
    "zip_code": "75012",
    "city": "Paris",
    "state_code": null,
    "country_code": "FRA",
    "latitude": 48.8715585,
    "longitude": 2.3505422},
   {"description": "L'auberge",
    "address1": "25 Rue Barbaroux",
    "address2": "",
    "zip_code": "13001",
    "city": "Marseille",
    "state_code": null,
    "country_code": "FRA",
    "latitude": 43.298305,
    "longitude": 5.3878109}],
 "milestones":
  [],
 "ipo": null,
 "video_embeds":
  [],
 "screenshots":
  [],
 "external_links":
  [],
 "partners":
  []}
