{"name": "5star SMS Nigeria",
 "permalink": "5star-sms-nigeria",
 "crunchbase_url": "http://www.crunchbase.com/company/5star-sms-nigeria",
 "homepage_url": "http://www.5starsmsng.com",
 "blog_url": "http://www.5starsmsng.com/blog",
 "blog_feed_url": "",
 "twitter_username": "5starsmsnigeria",
 "category_code": "mobile",
 "number_of_employees": 5,
 "founded_year": 2011,
 "founded_month": 11,
 "founded_day": 1,
 "deadpooled_year": null,
 "deadpooled_month": null,
 "deadpooled_day": null,
 "deadpooled_url": null,
 "tag_list": "bulk-sms, bulk-sms-provider, bulk-sms-service, send-bulk-sms, bulk-sms-website, bulk-sms-company",
 "alias_list": null,
 "email_address": "eddyjoel2009@gmail.com",
 "phone_number": "2348136473434",
 "description": "Nigerian Bulk SMS Provider",
 "created_at": "Thu Apr 18 14:08:57 UTC 2013",
 "updated_at": "Wed Apr 24 06:06:01 UTC 2013",
 "overview": "\u003Cp\u003E5star SMS is a bulk SMS service provider that provides a website to enable Nigerians send bulk SMS from the Internet to all GSM networks in Nigeria. It serves churches, businesses, clubs and associations, and individuals.\u003C/p\u003E",
 "image":
  {"available_sizes":
    [[[150,
       31],
      "http://api-images.crunchbase.com/assets/images/resized/0025/2763/252763v2-max-150x150.png"],
     [[250,
       52],
      "http://api-images.crunchbase.com/assets/images/resized/0025/2763/252763v2-max-250x250.png"],
     [[323,
       68],
      "http://api-images.crunchbase.com/assets/images/resized/0025/2763/252763v2-max-450x450.png"]],
   "attribution": null},
 "products":
  [],
 "relationships":
  [{"is_past": false,
    "title": "Founder",
    "person":
     {"first_name": "Edwin",
      "last_name": "A. Joel",
      "permalink": "edwin-a-joel"}},
   {"is_past": false,
    "title": "Customer Service Manager",
    "person":
     {"first_name": "Daniel",
      "last_name": "Okon",
      "permalink": "daniel-okon"}}],
 "competitions":
  [],
 "providerships":
  [{"title": "Bulk SMS Gateway",
    "is_past": false,
    "provider":
     {"name": "Route SMS",
      "permalink": "route-sms"}},
   {"title": "Bulk SMS Gateway",
    "is_past": false,
    "provider":
     {"name": "Infobip",
      "permalink": "infobip"}},
   {"title": "Bulk SMS Gateway",
    "is_past": false,
    "provider":
     {"name": "Beepsend",
      "permalink": "beepsend"}}],
 "total_money_raised": "$0",
 "funding_rounds":
  [],
 "investments":
  [],
 "acquisition": null,
 "acquisitions":
  [],
 "offices":
  [{"description": "Lagos Office",
    "address1": "7 Oriyomi Street Ikeja",
    "address2": "",
    "zip_code": "234000",
    "city": "Lagos",
    "state_code": null,
    "country_code": "NGA",
    "latitude": null,
    "longitude": null}],
 "milestones":
  [],
 "ipo": null,
 "video_embeds":
  [],
 "screenshots":
  [{"available_sizes":
     [[[150,
        78],
       "http://api-images.crunchbase.com/assets/images/resized/0025/2762/252762v2-max-150x150.png"],
      [[250,
        130],
       "http://api-images.crunchbase.com/assets/images/resized/0025/2762/252762v2-max-250x250.png"],
      [[450,
        234],
       "http://api-images.crunchbase.com/assets/images/resized/0025/2762/252762v2-max-450x450.png"]],
    "attribution": null}],
 "external_links":
  [],
 "partners":
  []}
