{"name": "7Boxes",
 "permalink": "7boxes",
 "crunchbase_url": "http://www.crunchbase.com/company/7boxes",
 "homepage_url": "http://www.7boxes.net",
 "blog_url": "",
 "blog_feed_url": "",
 "twitter_username": null,
 "category_code": "ecommerce",
 "number_of_employees": null,
 "founded_year": 2012,
 "founded_month": 12,
 "founded_day": 8,
 "deadpooled_year": null,
 "deadpooled_month": null,
 "deadpooled_day": null,
 "deadpooled_url": null,
 "tag_list": "price-comparison, best-deals, best-price, 7boxes",
 "alias_list": null,
 "email_address": "",
 "phone_number": "",
 "description": "Price Comparison websites",
 "created_at": "Tue Apr 23 06:19:37 UTC 2013",
 "updated_at": "Mon Apr 29 10:52:31 UTC 2013",
 "overview": "\u003Cp\u003E7Boxes is a price comparison platform, and it provides visitors with free and unbiased information about  products prices,  sellers, features and overview before they making a purchase decision. 7Boxes is constantly working on improving its service by providing visitor with more accurate product information and  better functionality, hoping every visitors can find their best deal on the websites.\u003C/p\u003E",
 "image":
  {"available_sizes":
    [[[150,
       150],
      "http://api-images.crunchbase.com/assets/images/resized/0025/4002/254002v2-max-150x150.png"],
     [[160,
       160],
      "http://api-images.crunchbase.com/assets/images/resized/0025/4002/254002v2-max-250x250.png"],
     [[160,
       160],
      "http://api-images.crunchbase.com/assets/images/resized/0025/4002/254002v2-max-450x450.png"]],
   "attribution": null},
 "products":
  [],
 "relationships":
  [],
 "competitions":
  [{"competitor":
     {"name": "NexTag",
      "permalink": "nextag"}},
   {"competitor":
     {"name": "Shopping.com",
      "permalink": "shopping-com"}},
   {"competitor":
     {"name": "BizRate",
      "permalink": "bizrate"}}],
 "providerships":
  [],
 "total_money_raised": "$0",
 "funding_rounds":
  [],
 "investments":
  [],
 "acquisition": null,
 "acquisitions":
  [],
 "offices":
  [],
 "milestones":
  [],
 "ipo": null,
 "video_embeds":
  [],
 "screenshots":
  [{"available_sizes":
     [[[108,
        150],
       "http://api-images.crunchbase.com/assets/images/resized/0025/4001/254001v2-max-150x150.png"],
      [[180,
        250],
       "http://api-images.crunchbase.com/assets/images/resized/0025/4001/254001v2-max-250x250.png"],
      [[324,
        450],
       "http://api-images.crunchbase.com/assets/images/resized/0025/4001/254001v2-max-450x450.png"]],
    "attribution": null}],
 "external_links":
  [{"external_url": "http://apps.facebook.com/seven-boxes-giveaway/",
    "title": "giveaway "}],
 "partners":
  []}
