{"name": "A D Shaw Joinery Contracts Ltd",
 "permalink": "a-d-shaw-joinery-contracts-ltd",
 "crunchbase_url": "http://www.crunchbase.com/company/a-d-shaw-joinery-contracts-ltd",
 "homepage_url": "http://www.adshaw-joinery.co.uk",
 "blog_url": "",
 "blog_feed_url": "",
 "twitter_username": "A_D_Shaw",
 "category_code": "other",
 "number_of_employees": 10,
 "founded_year": 2010,
 "founded_month": null,
 "founded_day": null,
 "deadpooled_year": null,
 "deadpooled_month": null,
 "deadpooled_day": null,
 "deadpooled_url": null,
 "tag_list": "joinery, joiners, woodwork, carpenters",
 "alias_list": null,
 "email_address": "enquiries@adshaw-joinery.co.uk",
 "phone_number": "0115 978 2478",
 "description": "Nottingham Joiners",
 "created_at": "Wed Apr 24 15:08:04 UTC 2013",
 "updated_at": "Mon Apr 29 21:32:07 UTC 2013",
 "overview": "\u003Cp\u003EA D Shaw Joinery Contracts Ltd are commercial joiners in Nottingham, UK.\u003C/p\u003E\n\n\u003Cp\u003EThey have worked on various large accounts and joinery contracts all over the UK including working on Sports Centres, Hotels and other projects such as schools and halls of residence.\u003C/p\u003E\n\n\u003Cp\u003ESome of their bigger joinery clients include DW Sports, Hampton Hotels, Travelodge and more.\u003C/p\u003E\n\n\u003Cp\u003EAs Joiners in Nottingham, AD Shaw have established themselves as a leading name. To find out more about A D Shaw Joinery Nottingham, visit their website.\u003C/p\u003E",
 "image":
  {"available_sizes":
    [[[150,
       150],
      "http://api-images.crunchbase.com/assets/images/resized/0025/4621/254621v2-max-150x150.jpg"],
     [[200,
       200],
      "http://api-images.crunchbase.com/assets/images/resized/0025/4621/254621v2-max-250x250.jpg"],
     [[200,
       200],
      "http://api-images.crunchbase.com/assets/images/resized/0025/4621/254621v2-max-450x450.jpg"]],
   "attribution": null},
 "products":
  [],
 "relationships":
  [{"is_past": false,
    "title": "Head Joiner",
    "person":
     {"first_name": "Andrew",
      "last_name": "Shaw",
      "permalink": "andrew-shaw"}}],
 "competitions":
  [],
 "providerships":
  [],
 "total_money_raised": "$0",
 "funding_rounds":
  [],
 "investments":
  [],
 "acquisition": null,
 "acquisitions":
  [],
 "offices":
  [{"description": "A D Shaw Joinery",
    "address1": "Units 1\u00262 Lincoln St",
    "address2": "Old Basford",
    "zip_code": "NG6 0FZ",
    "city": "Nottingham",
    "state_code": null,
    "country_code": "GBR",
    "latitude": 33.599962,
    "longitude": -112.0381542}],
 "milestones":
  [],
 "ipo": null,
 "video_embeds":
  [],
 "screenshots":
  [{"available_sizes":
     [[[150,
        95],
       "http://api-images.crunchbase.com/assets/images/resized/0025/4619/254619v2-max-150x150.jpg"],
      [[250,
        159],
       "http://api-images.crunchbase.com/assets/images/resized/0025/4619/254619v2-max-250x250.jpg"],
      [[450,
        287],
       "http://api-images.crunchbase.com/assets/images/resized/0025/4619/254619v2-max-450x450.jpg"]],
    "attribution": null},
   {"available_sizes":
     [[[150,
        99],
       "http://api-images.crunchbase.com/assets/images/resized/0025/4620/254620v2-max-150x150.jpg"],
      [[250,
        166],
       "http://api-images.crunchbase.com/assets/images/resized/0025/4620/254620v2-max-250x250.jpg"],
      [[450,
        299],
       "http://api-images.crunchbase.com/assets/images/resized/0025/4620/254620v2-max-450x450.jpg"]],
    "attribution": null}],
 "external_links":
  [],
 "partners":
  []}
