{"name": "A F Ferguson \u0026 Co",
 "permalink": "a-f-ferguson-co",
 "crunchbase_url": "http://www.crunchbase.com/company/a-f-ferguson-co",
 "homepage_url": "http://www.affco.com.pk",
 "blog_url": "",
 "blog_feed_url": "",
 "twitter_username": null,
 "category_code": null,
 "number_of_employees": null,
 "founded_year": 1952,
 "founded_month": null,
 "founded_day": null,
 "deadpooled_year": null,
 "deadpooled_month": null,
 "deadpooled_day": null,
 "deadpooled_url": null,
 "tag_list": null,
 "alias_list": "",
 "email_address": "",
 "phone_number": "",
 "description": "Largest firm of professional accountants",
 "created_at": "Sat Apr 27 08:50:37 UTC 2013",
 "updated_at": "Thu Jan 02 05:47:26 UTC 2014",
 "overview": "\u003Cp\u003EA. F. Ferguson \u0026amp; Co. (a member firm of PricewaterhouseCoopers network) is the largest firm of professional accountants in Pakistan, operating in three metropolitan cities viz. Karachi, Lahore and Islamabad. The firm also has an office in Kabul, Afghanistan. The firm operates under international membership of PricewaterhouseCoopers and is also known internationally as PricewaterhouseCoopers Pakistan (PwC Pakistan).\u003C/p\u003E\n\n\u003Cp\u003EBroadly, the firm offers professional services in the fields of Accounting, Audit and Assurance, Taxation, Transaction Advisory, Risk Advisory Services, SPA and HR Consultancy. Internally, the firm is organized along two separate service lines- Assurance and Business Advisory Services (ABAS), Tax and Legal Services (TLS) which are equally split into 8 \u0026#8216;sections\u0026#8217; Each service line has its own leader (partner)\u003C/p\u003E\n\n\u003Cp\u003EThe firm currently employs nearly 1600 people: partners, senior managers, managers, assistant managers, and professional trainees. Firm\u0026#8217;s clientele includes leading groups/ companies of Financial and Non-Financial sectors.\u003C/p\u003E\n\n\u003Cp\u003EThe head office of the firm is situated at State Life building no. 1-C, I.I. Chundrigar Road, Karachi, Pakistan..\u003C/p\u003E",
 "image":
  {"available_sizes":
    [[[120,
       80],
      "http://api-images.crunchbase.com/assets/images/resized/0038/6565/386565v1-max-150x150.png"],
     [[120,
       80],
      "http://api-images.crunchbase.com/assets/images/resized/0038/6565/386565v1-max-250x250.png"],
     [[120,
       80],
      "http://api-images.crunchbase.com/assets/images/resized/0038/6565/386565v1-max-450x450.png"]],
   "attribution": null},
 "products":
  [],
 "relationships":
  [{"is_past": true,
    "title": "Chartered Accountants",
    "person":
     {"first_name": "S.",
      "last_name": "Vishvanathan",
      "permalink": "s-vishvanathan"}},
   {"is_past": true,
    "title": "Staff Accountant",
    "person":
     {"first_name": "Ramesh",
      "last_name": "Sethuraman",
      "permalink": "ramesh-sethuraman"}},
   {"is_past": true,
    "title": "Asst. Manager",
    "person":
     {"first_name": "Harsh",
      "last_name": "Roongta",
      "permalink": "harsh-roongta"}}],
 "competitions":
  [],
 "providerships":
  [],
 "total_money_raised": "$0",
 "funding_rounds":
  [],
 "investments":
  [],
 "acquisition": null,
 "acquisitions":
  [],
 "offices":
  [{"description": "",
    "address1": "",
    "address2": "1-C, State Life Building I.I.Chundrigar Road Karachi, Sindh",
    "zip_code": "",
    "city": "",
    "state_code": null,
    "country_code": "PAK",
    "latitude": null,
    "longitude": null}],
 "milestones":
  [],
 "ipo": null,
 "video_embeds":
  [],
 "screenshots":
  [{"available_sizes":
     [[[150,
        79],
       "http://api-images.crunchbase.com/assets/images/resized/0038/6566/386566v1-max-150x150.png"],
      [[250,
        132],
       "http://api-images.crunchbase.com/assets/images/resized/0038/6566/386566v1-max-250x250.png"],
      [[450,
        239],
       "http://api-images.crunchbase.com/assets/images/resized/0038/6566/386566v1-max-450x450.png"]],
    "attribution": null}],
 "external_links":
  [],
 "partners":
  []}
