{"name": "A Grade Packaging",
 "permalink": "a-grade-packaging",
 "crunchbase_url": "http://www.crunchbase.com/company/a-grade-packaging",
 "homepage_url": "http://www.indiamart.com/agradepackagingsolutions",
 "blog_url": "",
 "blog_feed_url": "",
 "twitter_username": null,
 "category_code": "advertising",
 "number_of_employees": null,
 "founded_year": null,
 "founded_month": null,
 "founded_day": null,
 "deadpooled_year": null,
 "deadpooled_month": null,
 "deadpooled_day": null,
 "deadpooled_url": null,
 "tag_list": "",
 "alias_list": null,
 "email_address": "agradepackagingsolutions@tradepassport.org",
 "phone_number": "09953359525",
 "description": "Manufacturer, supplier.",
 "created_at": "Fri Apr 05 16:12:53 UTC 2013",
 "updated_at": "Fri Apr 05 16:12:56 UTC 2013",
 "overview": "\u003Cp\u003EEstablished in the year 2009, we, \u201cA Grade Packaging Solutions\u201d, are one of the trusted organizations engaged in manufacturing \u0026amp; supplying of our extensive range of Corrugated Boxes, Corrugated Sheets, Corrugated Rolls, Offset Boxes, Duplex Boxes and BOPP Tapes to our esteemed customers.\u003C/p\u003E\n\n\u003Cp\u003EProducts:\nPoly V-Belts\nAutomotive V-Belts\nIndustrial V-Belts\nRaw Edge Cogged Belts\nTiming V-Belts\nPower V-Belts\nClassical V-Belts\nAutomotive Belts\nBanded Belts\u003C/p\u003E\n\n\u003Cp\u003EOur Vision:\nA-Grade Packaging Solutions we think that \u2013 Once the customer get in touch with us, they don\u2019t need to find out more companies for their other products packaging supplies.   \u003C/p\u003E\n\n\u003Cp\u003EOur Mission:\nOur Mission is to free our customers to maintain the companies supplies their various kinds of packaging products, so no need to waste your time in providing them the design for your various products supplies separately. Follow up for your delivery schedule, separately by each-n-every supplier for your all kinds of packaging materials.\u003C/p\u003E\n\n\u003Cp\u003EOur Team;\nBacked and supported by a team of highly diligent professionals, we have been able to cater to a number of clients. Our professionals understand the requirements of the customers and work in close coordination with each other in order to provide this excellent range of products to our esteemed patrons.\u003C/p\u003E\n\n\u003Cp\u003EOur Quality Assurance:\nWe emphasize to maintain quality in the range of products that we offer to our esteemed customers. These products are manufactured using superior quality of raw material procured from some of the trusted and reliable vendors of the market. \u003C/p\u003E",
 "image":
  {"available_sizes":
    [[[150,
       128],
      "http://api-images.crunchbase.com/assets/images/resized/0024/8883/248883v2-max-150x150.jpg"],
     [[205,
       175],
      "http://api-images.crunchbase.com/assets/images/resized/0024/8883/248883v2-max-250x250.jpg"],
     [[205,
       175],
      "http://api-images.crunchbase.com/assets/images/resized/0024/8883/248883v2-max-450x450.jpg"]],
   "attribution": null},
 "products":
  [],
 "relationships":
  [],
 "competitions":
  [],
 "providerships":
  [],
 "total_money_raised": "$0",
 "funding_rounds":
  [],
 "investments":
  [],
 "acquisition": null,
 "acquisitions":
  [],
 "offices":
  [],
 "milestones":
  [],
 "ipo": null,
 "video_embeds":
  [],
 "screenshots":
  [],
 "external_links":
  [],
 "partners":
  []}
