{"name": "A Table In The Corner Of The Cafe",
 "permalink": "a-table-in-the-corner-of-the-cafe",
 "crunchbase_url": "http://www.crunchbase.com/company/a-table-in-the-corner-of-the-cafe",
 "homepage_url": "http://cornerofthecafe.com",
 "blog_url": "http://www.cornerofthecafe.blogspot.in/",
 "blog_feed_url": "",
 "twitter_username": "cornerofthecafe",
 "category_code": "advertising",
 "number_of_employees": null,
 "founded_year": 2011,
 "founded_month": 5,
 "founded_day": 5,
 "deadpooled_year": null,
 "deadpooled_month": null,
 "deadpooled_day": null,
 "deadpooled_url": null,
 "tag_list": null,
 "alias_list": "",
 "email_address": "drew@cornerofthecafe.com",
 "phone_number": "",
 "description": "",
 "created_at": "Tue Apr 16 12:09:44 UTC 2013",
 "updated_at": "Fri Jun 14 03:29:24 UTC 2013",
 "overview": "\u003Cp\u003EHello\u2014my name is Drew Moody. Welcome to A Table in the Corner of the Cafe. Feel free to pull up a chair.\u003C/p\u003E\n\n\u003Cp\u003EI built this Table in Spring 2011. At the time, I was a barista at Peet\u2019s Coffee and Tea in Evanston, Illinois\u2014a suburb just north of the great city of Chicago. I left the coffee industry after being in the business for almost ten years to pursue other career interests, but my heart was still with my favorite beverage\u2014coffee.\u003C/p\u003E\n\n\u003Cp\u003EMy interests were split in two directions\u2014professional editorial work and specialty coffee. The Table was the great compromise.\u003C/p\u003E\n\n\u003Cp\u003EBy starting this blog, I was able to keep one foot in the coffee industry and the other in the corporate world.\u003C/p\u003E\n\n\u003Cp\u003EA Table in the Corner of the Cafe is a blog dedicated to specialty coffee and cafe reviews, primarily, but it also features a wealth of information about coffee, my opinions of the goings on in and of the coffee industry, coffee news, and some fun and games along the way.\u003C/p\u003E\n\n\u003Cp\u003EMost importantly, though, A Table in the Corner of the Cafe is all about community. Please feel free to share your ideas with me, tell me about the things you find interesting, write guest articles, and engage with other readers.\u003C/p\u003E\n\n\u003Cp\u003EThere\u2019s always room here at the Table, so feel free to pull up a chair.\u003C/p\u003E",
 "image":
  {"available_sizes":
    [[[150,
       57],
      "http://api-images.crunchbase.com/assets/images/resized/0027/5042/275042v1-max-150x150.png"],
     [[250,
       96],
      "http://api-images.crunchbase.com/assets/images/resized/0027/5042/275042v1-max-250x250.png"],
     [[412,
       159],
      "http://api-images.crunchbase.com/assets/images/resized/0027/5042/275042v1-max-450x450.png"]],
   "attribution": null},
 "products":
  [],
 "relationships":
  [{"is_past": false,
    "title": "Founder",
    "person":
     {"first_name": "Drew",
      "last_name": "Moody",
      "permalink": "drew-moody"}}],
 "competitions":
  [],
 "providerships":
  [],
 "total_money_raised": "$0",
 "funding_rounds":
  [],
 "investments":
  [],
 "acquisition": null,
 "acquisitions":
  [],
 "offices":
  [],
 "milestones":
  [],
 "ipo": null,
 "video_embeds":
  [],
 "screenshots":
  [{"available_sizes":
     [[[150,
        111],
       "http://api-images.crunchbase.com/assets/images/resized/0027/5044/275044v1-max-150x150.png"],
      [[250,
        186],
       "http://api-images.crunchbase.com/assets/images/resized/0027/5044/275044v1-max-250x250.png"],
      [[450,
        335],
       "http://api-images.crunchbase.com/assets/images/resized/0027/5044/275044v1-max-450x450.png"]],
    "attribution": null}],
 "external_links":
  [],
 "partners":
  []}
