{"name": "A1.iO",
 "permalink": "a1-io",
 "crunchbase_url": "http://www.crunchbase.com/company/a1-io",
 "homepage_url": "http://www.A1.iO",
 "blog_url": "",
 "blog_feed_url": "",
 "twitter_username": "A1_IO",
 "category_code": "software",
 "number_of_employees": 60,
 "founded_year": 2002,
 "founded_month": 12,
 "founded_day": 16,
 "deadpooled_year": null,
 "deadpooled_month": null,
 "deadpooled_day": null,
 "deadpooled_url": null,
 "tag_list": "open-source, erp, campus-management, ehr, human-resource-management, eprocurement",
 "alias_list": null,
 "email_address": "info@a1.io",
 "phone_number": "+254737811000",
 "description": "Open Source Business Applications",
 "created_at": "Fri Apr 12 13:32:01 UTC 2013",
 "updated_at": "Sun Apr 14 16:42:53 UTC 2013",
 "overview": "\u003Cp\u003EWe make open source business applications for human beings.\u003C/p\u003E\n\n\u003Cp\u003EEveryday, millions of people wake up to face yet another day, working for the many different companis and using all these different enterprise systems out there. \u003C/p\u003E\n\n\u003Cp\u003ETo most people, using these systems is work. For A1.iO, we want to make it fun, something to look forward to. We believe enterprise applications should be as easy to use as any consumer applications that are very prevalent on the Internet today.\u003C/p\u003E\n\n\u003Cp\u003EWe believe that there has to be a new way to building, deploying and maintaining business applications. We believe in building applications with passion!\u003C/p\u003E\n\n\u003Cp\u003EAt A1.iO, we are driven by this passion, to make the best of business applications, in everything that we do. We measure our success, not in how many sales we make, but how many satisfied customers we have.\u003C/p\u003E\n\n\u003Cp\u003EAnd we want to share this passion with our customers as well as our employees, who are our partners in making this a reality!\u003C/p\u003E",
 "image":
  {"available_sizes":
    [[[150,
       97],
      "http://api-images.crunchbase.com/assets/images/resized/0025/1417/251417v2-max-150x150.png"],
     [[205,
       133],
      "http://api-images.crunchbase.com/assets/images/resized/0025/1417/251417v2-max-250x250.png"],
     [[205,
       133],
      "http://api-images.crunchbase.com/assets/images/resized/0025/1417/251417v2-max-450x450.png"]],
   "attribution": null},
 "products":
  [],
 "relationships":
  [],
 "competitions":
  [],
 "providerships":
  [],
 "total_money_raised": "$0",
 "funding_rounds":
  [],
 "investments":
  [],
 "acquisition": null,
 "acquisitions":
  [],
 "offices":
  [],
 "milestones":
  [],
 "ipo": null,
 "video_embeds":
  [],
 "screenshots":
  [{"available_sizes":
     [[[150,
        103],
       "http://api-images.crunchbase.com/assets/images/resized/0025/1409/251409v2-max-150x150.png"],
      [[250,
        172],
       "http://api-images.crunchbase.com/assets/images/resized/0025/1409/251409v2-max-250x250.png"],
      [[450,
        309],
       "http://api-images.crunchbase.com/assets/images/resized/0025/1409/251409v2-max-450x450.png"]],
    "attribution": null},
   {"available_sizes":
     [[[150,
        89],
       "http://api-images.crunchbase.com/assets/images/resized/0025/1414/251414v2-max-150x150.png"],
      [[250,
        149],
       "http://api-images.crunchbase.com/assets/images/resized/0025/1414/251414v2-max-250x250.png"],
      [[450,
        268],
       "http://api-images.crunchbase.com/assets/images/resized/0025/1414/251414v2-max-450x450.png"]],
    "attribution": null},
   {"available_sizes":
     [[[150,
        91],
       "http://api-images.crunchbase.com/assets/images/resized/0025/1415/251415v2-max-150x150.png"],
      [[250,
        153],
       "http://api-images.crunchbase.com/assets/images/resized/0025/1415/251415v2-max-250x250.png"],
      [[450,
        275],
       "http://api-images.crunchbase.com/assets/images/resized/0025/1415/251415v2-max-450x450.png"]],
    "attribution": null}],
 "external_links":
  [],
 "partners":
  []}
