{"name": "A1 Servomotor Repair",
 "permalink": "a1-servomotor-repair",
 "crunchbase_url": "http://www.crunchbase.com/company/a1-servomotor-repair",
 "homepage_url": "http://www.servorepair.com",
 "blog_url": "",
 "blog_feed_url": "",
 "twitter_username": null,
 "category_code": "other",
 "number_of_employees": 50,
 "founded_year": 1982,
 "founded_month": null,
 "founded_day": null,
 "deadpooled_year": null,
 "deadpooled_month": null,
 "deadpooled_day": null,
 "deadpooled_url": null,
 "tag_list": "",
 "alias_list": null,
 "email_address": "support@servorepair.com",
 "phone_number": "(972) 313-1133",
 "description": "Expert servo motor repair from A-1 Servo",
 "created_at": "Thu Apr 25 15:25:13 UTC 2013",
 "updated_at": "Mon Apr 29 21:43:50 UTC 2013",
 "overview": "\u003Cp\u003EFounded in 1982, CPE Incorporated (doing business as A-1 Servomotor Repair since 1997) began operations by repairing electromechanical devices deemed \u0026#8220;not repairable\u0026#8221; by anyone other than the Original Equipment Manufacturer (OEM). CPE offered its customers a cost-effective, time-saving alternative to OEM repair by successfully reverse engineering and rebuilding high-tech electromechanical devices. CPE quickly gained a reputation in a variety of automated industries for its ability to rebuild proprietary equipment in a timely, cost effective manner. \u003C/p\u003E",
 "image":
  {"available_sizes":
    [[[150,
       26],
      "http://api-images.crunchbase.com/assets/images/resized/0025/4994/254994v2-max-150x150.png"],
     [[250,
       44],
      "http://api-images.crunchbase.com/assets/images/resized/0025/4994/254994v2-max-250x250.png"],
     [[407,
       73],
      "http://api-images.crunchbase.com/assets/images/resized/0025/4994/254994v2-max-450x450.png"]],
   "attribution": null},
 "products":
  [],
 "relationships":
  [],
 "competitions":
  [],
 "providerships":
  [],
 "total_money_raised": "$0",
 "funding_rounds":
  [],
 "investments":
  [],
 "acquisition": null,
 "acquisitions":
  [],
 "offices":
  [],
 "milestones":
  [],
 "ipo": null,
 "video_embeds":
  [],
 "screenshots":
  [],
 "external_links":
  [],
 "partners":
  []}
