{"name": "A2000 Solutions",
 "permalink": "a2000-solutions",
 "crunchbase_url": "http://www.crunchbase.com/company/a2000-solutions",
 "homepage_url": "http://www.a21.net",
 "blog_url": "",
 "blog_feed_url": "",
 "twitter_username": null,
 "category_code": null,
 "number_of_employees": null,
 "founded_year": 1996,
 "founded_month": null,
 "founded_day": null,
 "deadpooled_year": null,
 "deadpooled_month": null,
 "deadpooled_day": null,
 "deadpooled_url": null,
 "tag_list": null,
 "alias_list": "",
 "email_address": "",
 "phone_number": "6720 2000 ",
 "description": "",
 "created_at": "Mon May 06 14:37:43 UTC 2013",
 "updated_at": "Thu Jan 02 10:40:24 UTC 2014",
 "overview": "\u003Cp\u003EA2000 SOLUTIONS PTE LTD - is established in Singapore since 1996 as an accounting software developer. We provide ERP, financial accounting software, sales \u0026amp; distribution and inventory management system; with solutions like point of sales, payroll \u0026amp; HR software that empowers business, create dynamic response to market changes for small medium sized industries.\u003C/p\u003E",
 "image":
  {"available_sizes":
    [[[130,
       90],
      "http://api-images.crunchbase.com/assets/images/resized/0038/6928/386928v1-max-150x150.png"],
     [[130,
       90],
      "http://api-images.crunchbase.com/assets/images/resized/0038/6928/386928v1-max-250x250.png"],
     [[130,
       90],
      "http://api-images.crunchbase.com/assets/images/resized/0038/6928/386928v1-max-450x450.png"]],
   "attribution": null},
 "products":
  [],
 "relationships":
  [{"is_past": true,
    "title": "MD, Marketing \u0026 Business Development",
    "person":
     {"first_name": "Christopher",
      "last_name": "Daly",
      "permalink": "christopher-daly"}}],
 "competitions":
  [],
 "providerships":
  [],
 "total_money_raised": "$0",
 "funding_rounds":
  [],
 "investments":
  [],
 "acquisition": null,
 "acquisitions":
  [],
 "offices":
  [{"description": "",
    "address1": "Blk 5 Ang Mo Kio Industrial Park 2A, Tech II, #07-17,",
    "address2": "",
    "zip_code": "567760",
    "city": "Singapore",
    "state_code": null,
    "country_code": "SGP",
    "latitude": null,
    "longitude": null}],
 "milestones":
  [],
 "ipo": null,
 "video_embeds":
  [],
 "screenshots":
  [{"available_sizes":
     [[[150,
        112],
       "http://api-images.crunchbase.com/assets/images/resized/0038/6932/386932v1-max-150x150.png"],
      [[250,
        188],
       "http://api-images.crunchbase.com/assets/images/resized/0038/6932/386932v1-max-250x250.png"],
      [[450,
        338],
       "http://api-images.crunchbase.com/assets/images/resized/0038/6932/386932v1-max-450x450.png"]],
    "attribution": null}],
 "external_links":
  [],
 "partners":
  []}
