{"name": "A3 Associates",
 "permalink": "a3-associates",
 "crunchbase_url": "http://www.crunchbase.com/company/a3-associates",
 "homepage_url": null,
 "blog_url": null,
 "blog_feed_url": null,
 "twitter_username": null,
 "category_code": null,
 "number_of_employees": null,
 "founded_year": null,
 "founded_month": null,
 "founded_day": null,
 "deadpooled_year": null,
 "deadpooled_month": null,
 "deadpooled_day": null,
 "deadpooled_url": null,
 "tag_list": null,
 "alias_list": null,
 "email_address": null,
 "phone_number": null,
 "description": null,
 "created_at": "Wed Apr 17 13:06:09 UTC 2013",
 "updated_at": "Thu Jan 02 11:25:24 UTC 2014",
 "overview": "",
 "image": null,
 "products":
  [],
 "relationships":
  [{"is_past": true,
    "title": "Founder and Managing Partner",
    "person":
     {"first_name": "Dan",
      "last_name": "Watkins",
      "permalink": "dan-watkins"}}],
 "competitions":
  [],
 "providerships":
  [],
 "total_money_raised": "$0",
 "funding_rounds":
  [],
 "investments":
  [],
 "acquisition": null,
 "acquisitions":
  [],
 "offices":
  [],
 "milestones":
  [],
 "ipo": null,
 "video_embeds":
  [],
 "screenshots":
  [],
 "external_links":
  [],
 "partners":
  []}
