{"name": "Aabha Corporation",
 "permalink": "aabha-corporation",
 "crunchbase_url": "http://www.crunchbase.com/company/aabha-corporation",
 "homepage_url": "http://www.indiamart.com/aabhacorporation",
 "blog_url": "",
 "blog_feed_url": "",
 "twitter_username": null,
 "category_code": "other",
 "number_of_employees": null,
 "founded_year": null,
 "founded_month": null,
 "founded_day": null,
 "deadpooled_year": null,
 "deadpooled_month": null,
 "deadpooled_day": null,
 "deadpooled_url": null,
 "tag_list": "",
 "alias_list": null,
 "email_address": "aabhacorporation@tradepassport.org",
 "phone_number": "9930769513",
 "description": "Manufacturer, supplier and exporter ,",
 "created_at": "Sat Apr 06 05:39:29 UTC 2013",
 "updated_at": "Mon Apr 08 00:14:04 UTC 2013",
 "overview": "\u003Cp\u003EIncorporated in year 2009, we, \u201cAabha Corporation\u201d, are a trustworthy organization engaged in manufacturing, supplying, exporting and trading a commendable assortment of Bamboo Furniture, Hand Cleaner and Food Product. \u003C/p\u003E\n\n\u003Cp\u003EProducts:\nSquare Dining Table Set\nWooden Stool\nWooden Table\nArm Chair\nMaster Bed\nBamboo Cabinet Shelf\nOutdoor Bamboo Furniture\nHand Cleaner\nFood Product\u003C/p\u003E\n\n\u003Cp\u003EOur Team:\nWe are backed by a team of highly qualified and passionate professionals, who are appointed after stringent short listing procedures on the basis of their qualifications, knowledge.\u003C/p\u003E\n\n\u003Cp\u003EOur Infrastructure:\nTo cater to the bulk requirements of our esteemed clients, we have constructed a sophisticated infrastructure facility.\u003C/p\u003E\n\n\u003Cp\u003EOur Quality:\nBeing a quality conscious organization, we are committed towards offering a quality-approved range of Bamboo Furniture, Hand Cleaner and Food Product.\u003C/p\u003E\n\n\u003Cp\u003EClient Satisfaction:\nIn order to achieve maximum client satisfaction, we work with one focus to offer a quality assured range of Bamboo Furniture, Hand Cleaner and Food Product.\u003C/p\u003E",
 "image":
  {"available_sizes":
    [[[150,
       88],
      "http://api-images.crunchbase.com/assets/images/resized/0024/9057/249057v2-max-150x150.jpg"],
     [[250,
       146],
      "http://api-images.crunchbase.com/assets/images/resized/0024/9057/249057v2-max-250x250.jpg"],
     [[450,
       264],
      "http://api-images.crunchbase.com/assets/images/resized/0024/9057/249057v2-max-450x450.jpg"]],
   "attribution": null},
 "products":
  [],
 "relationships":
  [],
 "competitions":
  [],
 "providerships":
  [],
 "total_money_raised": "$0",
 "funding_rounds":
  [],
 "investments":
  [],
 "acquisition": null,
 "acquisitions":
  [],
 "offices":
  [],
 "milestones":
  [],
 "ipo": null,
 "video_embeds":
  [],
 "screenshots":
  [],
 "external_links":
  [],
 "partners":
  []}
