{"name": "Abasteo",
 "permalink": "abasteo",
 "crunchbase_url": "http://www.crunchbase.com/company/abasteo",
 "homepage_url": "http://www.abasteo.mx",
 "blog_url": "",
 "blog_feed_url": "",
 "twitter_username": null,
 "category_code": "ecommerce",
 "number_of_employees": 12,
 "founded_year": 2012,
 "founded_month": 4,
 "founded_day": 15,
 "deadpooled_year": null,
 "deadpooled_month": null,
 "deadpooled_day": null,
 "deadpooled_url": null,
 "tag_list": "",
 "alias_list": null,
 "email_address": "info@abasteo.mx",
 "phone_number": "+52 4737 1361",
 "description": "B2B Online Store",
 "created_at": "Wed Apr 17 17:49:40 UTC 2013",
 "updated_at": "Wed Apr 24 05:57:35 UTC 2013",
 "overview": "\u003Cp\u003EAbasteo.mx is a mexican online store with an exclusive focus on the B2B market. Its product portfolio includes more than 20,000 products in the area of electronics, printing and office supplies. \u003C/p\u003E\n\n\u003Cp\u003EIts innovative approach of showing several warehouses per product gives their customers access to the best prices in Mexico.\u003C/p\u003E\n\n\u003Cp\u003EThe websites\u0026#8217; key functions include:\u003C/p\u003E\n\n\u003Cul\u003E\n\u003Cli\u003E\u003Cp\u003EPossibility to autonomously create inquirys in PDF format through the website\u003C/p\u003E\u003C/li\u003E\n\u003Cli\u003E\u003Cp\u003EStaggered prices for each product, giving the clients attractive volume discounts on-line\u003C/p\u003E\u003C/li\u003E\n\u003Cli\u003E\u003Cp\u003EAbility to easy switch on each page between prices in- or excluding VAT\u003C/p\u003E\u003C/li\u003E\n\u003Cli\u003E\u003Cp\u003ENumerous filter options in each category, making the buying decision process ever easier\u003C/p\u003E\u003C/li\u003E\n\u003C/ul\u003E\n\n\u003Cp\u003EThe two main goals of Abasteo.mx are to streamline the purchasing process for its clients and to offer them the best possible market prices.\u003C/p\u003E",
 "image":
  {"available_sizes":
    [[[150,
       56],
      "http://api-images.crunchbase.com/assets/images/resized/0025/2477/252477v2-max-150x150.png"],
     [[250,
       94],
      "http://api-images.crunchbase.com/assets/images/resized/0025/2477/252477v2-max-250x250.png"],
     [[422,
       159],
      "http://api-images.crunchbase.com/assets/images/resized/0025/2477/252477v2-max-450x450.png"]],
   "attribution": null},
 "products":
  [],
 "relationships":
  [],
 "competitions":
  [],
 "providerships":
  [],
 "total_money_raised": "$0",
 "funding_rounds":
  [],
 "investments":
  [],
 "acquisition": null,
 "acquisitions":
  [],
 "offices":
  [],
 "milestones":
  [],
 "ipo": null,
 "video_embeds":
  [],
 "screenshots":
  [{"available_sizes":
     [[[150,
        130],
       "http://api-images.crunchbase.com/assets/images/resized/0025/2476/252476v2-max-150x150.png"],
      [[250,
        217],
       "http://api-images.crunchbase.com/assets/images/resized/0025/2476/252476v2-max-250x250.png"],
      [[450,
        390],
       "http://api-images.crunchbase.com/assets/images/resized/0025/2476/252476v2-max-450x450.png"]],
    "attribution": null}],
 "external_links":
  [],
 "partners":
  []}
