{"name": "Abbott Diabetes care",
 "permalink": "abbott-diabetes-care",
 "crunchbase_url": "http://www.crunchbase.com/company/abbott-diabetes-care",
 "homepage_url": "http://www.abbottdiabetescare.com",
 "blog_url": "",
 "blog_feed_url": "",
 "twitter_username": null,
 "category_code": "medical",
 "number_of_employees": null,
 "founded_year": null,
 "founded_month": null,
 "founded_day": null,
 "deadpooled_year": null,
 "deadpooled_month": null,
 "deadpooled_day": null,
 "deadpooled_url": null,
 "tag_list": "diabetes, medical, health",
 "alias_list": "",
 "email_address": "",
 "phone_number": "(888) 522-5226",
 "description": "Diabetics Products ",
 "created_at": "Mon Apr 29 10:44:35 UTC 2013",
 "updated_at": "Thu Mar 20 09:03:44 UTC 2014",
 "overview": "\u003Cp\u003EAbbott is a global healthcare company devoted to improving life through the development of products and technologies that span the breadth of healthcare. With a portfolio of leading, science-based offerings in diagnostics, medical devices, nutritionals and branded generic pharmaceuticals, Abbott serves people in more than 150 countries and employs approximately 70,000 people.\u003C/p\u003E",
 "image":
  {"available_sizes":
    [[[142,
       141],
      "http://api-images.crunchbase.com/assets/images/resized/0043/8360/438360v1-max-150x150.png"],
     [[142,
       141],
      "http://api-images.crunchbase.com/assets/images/resized/0043/8360/438360v1-max-250x250.png"],
     [[142,
       141],
      "http://api-images.crunchbase.com/assets/images/resized/0043/8360/438360v1-max-450x450.png"]],
   "attribution": null},
 "products":
  [],
 "relationships":
  [{"is_past": true,
    "title": "Vice President of Technical Operations",
    "person":
     {"first_name": "Tim",
      "last_name": "Goodnow",
      "permalink": "tim-goodnow"}},
   {"is_past": true,
    "title": "VP WW in vivo Marketing",
    "person":
     {"first_name": "Holly",
      "last_name": "McGarraugh",
      "permalink": "holly-mcgarraugh"}},
   {"is_past": true,
    "title": "Director of Engineering",
    "person":
     {"first_name": "Charles",
      "last_name": "Nelson",
      "permalink": "charles-nelson"}},
   {"is_past": true,
    "title": "President",
    "person":
     {"first_name": "Ed",
      "last_name": "Fiorentino",
      "permalink": "ed-fiorentino"}},
   {"is_past": true,
    "title": "Program Manager, R\u0026D",
    "person":
     {"first_name": "Jonathan",
      "last_name": "Wyler",
      "permalink": "jonathan-wyler"}}],
 "competitions":
  [],
 "providerships":
  [],
 "total_money_raised": "$0",
 "funding_rounds":
  [],
 "investments":
  [],
 "acquisition": null,
 "acquisitions":
  [],
 "offices":
  [{"description": "HQ",
    "address1": "1360 South",
    "address2": "Loop Road Alameda",
    "zip_code": "94502",
    "city": "",
    "state_code": "CA",
    "country_code": "USA",
    "latitude": null,
    "longitude": null}],
 "milestones":
  [],
 "ipo": null,
 "video_embeds":
  [],
 "screenshots":
  [{"available_sizes":
     [[[150,
        107],
       "http://api-images.crunchbase.com/assets/images/resized/0043/8366/438366v1-max-150x150.png"],
      [[250,
        179],
       "http://api-images.crunchbase.com/assets/images/resized/0043/8366/438366v1-max-250x250.png"],
      [[450,
        323],
       "http://api-images.crunchbase.com/assets/images/resized/0043/8366/438366v1-max-450x450.png"]],
    "attribution": null}],
 "external_links":
  [],
 "partners":
  []}
