{"name": "ABC Radio Networks",
 "permalink": "abc-radio-networks",
 "crunchbase_url": "http://www.crunchbase.com/company/abc-radio-networks",
 "homepage_url": null,
 "blog_url": null,
 "blog_feed_url": null,
 "twitter_username": null,
 "category_code": null,
 "number_of_employees": null,
 "founded_year": null,
 "founded_month": null,
 "founded_day": null,
 "deadpooled_year": null,
 "deadpooled_month": null,
 "deadpooled_day": null,
 "deadpooled_url": null,
 "tag_list": null,
 "alias_list": null,
 "email_address": null,
 "phone_number": null,
 "description": null,
 "created_at": "Wed May 01 06:11:22 UTC 2013",
 "updated_at": "Wed May 01 06:11:22 UTC 2013",
 "overview": null,
 "image": null,
 "products":
  [],
 "relationships":
  [{"is_past": true,
    "title": "SVP/Affiliate Relations \u0026 Digital Media",
    "person":
     {"first_name": "John",
      "last_name": "Rosso",
      "permalink": "john-rosso"}},
   {"is_past": true,
    "title": "President",
    "person":
     {"first_name": "John",
      "last_name": "Rosso",
      "permalink": "john-rosso"}},
   {"is_past": true,
    "title": "Regional Director, Affiliate Marketing - Far West / Various roles",
    "person":
     {"first_name": "Joyce",
      "last_name": "MacDonald",
      "permalink": "joyce-macdonald"}}],
 "competitions":
  [],
 "providerships":
  [],
 "total_money_raised": "$0",
 "funding_rounds":
  [],
 "investments":
  [],
 "acquisition": null,
 "acquisitions":
  [],
 "offices":
  [],
 "milestones":
  [],
 "ipo": null,
 "video_embeds":
  [],
 "screenshots":
  [],
 "external_links":
  [],
 "partners":
  []}
