{"name": "Abercrombie \u0026 Fitch",
 "permalink": "abercrombie-fitch",
 "crunchbase_url": "http://www.crunchbase.com/company/abercrombie-fitch",
 "homepage_url": null,
 "blog_url": null,
 "blog_feed_url": null,
 "twitter_username": null,
 "category_code": null,
 "number_of_employees": null,
 "founded_year": null,
 "founded_month": null,
 "founded_day": null,
 "deadpooled_year": null,
 "deadpooled_month": null,
 "deadpooled_day": null,
 "deadpooled_url": null,
 "tag_list": null,
 "alias_list": null,
 "email_address": null,
 "phone_number": null,
 "description": null,
 "created_at": "Sat Apr 13 06:07:33 UTC 2013",
 "updated_at": "Sat Apr 13 06:07:33 UTC 2013",
 "overview": null,
 "image": null,
 "products":
  [],
 "relationships":
  [{"is_past": true,
    "title": "Model",
    "person":
     {"first_name": "Any Emily",
      "last_name": "Oliveira",
      "permalink": "any-emily-oliveira"}},
   {"is_past": true,
    "title": "Manager",
    "person":
     {"first_name": "Brandon",
      "last_name": "Southern",
      "permalink": "brandon-southern"}},
   {"is_past": true,
    "title": "Systems Techician",
    "person":
     {"first_name": "Ryan",
      "last_name": "Prestel",
      "permalink": "ryan-prestel"}},
   {"is_past": true,
    "title": "Store Manager",
    "person":
     {"first_name": "Mike",
      "last_name": "Wisniewski",
      "permalink": "mike-wisniewski"}}],
 "competitions":
  [],
 "providerships":
  [],
 "total_money_raised": "$0",
 "funding_rounds":
  [],
 "investments":
  [],
 "acquisition": null,
 "acquisitions":
  [],
 "offices":
  [],
 "milestones":
  [],
 "ipo": null,
 "video_embeds":
  [],
 "screenshots":
  [],
 "external_links":
  [],
 "partners":
  []}
