{"name": "Abhishek Enterprises",
 "permalink": "abhishek-enterprises",
 "crunchbase_url": "http://www.crunchbase.com/company/abhishek-enterprises",
 "homepage_url": "http://www.indiamart.com/amcell",
 "blog_url": "",
 "blog_feed_url": "",
 "twitter_username": null,
 "category_code": "other",
 "number_of_employees": null,
 "founded_year": null,
 "founded_month": null,
 "founded_day": null,
 "deadpooled_year": null,
 "deadpooled_month": null,
 "deadpooled_day": null,
 "deadpooled_url": null,
 "tag_list": "power-bank-with-lcd, cc-cv-charger--dc-dc-converter",
 "alias_list": null,
 "email_address": "amcell@tradepassport.org",
 "phone_number": "8108919000",
 "description": "manufacturing \u0026 supplying Li Ion Battery",
 "created_at": "Sat Apr 06 05:40:57 UTC 2013",
 "updated_at": "Mon Apr 08 00:14:14 UTC 2013",
 "overview": "\u003Cp\u003EEstablished in the year 1998, we, \u201cAbhishek Enterprises\u201d, we are able to manufacture and supply a wide variety of Li Ion Battery Pack, Power Bank With LCD, CC-CV Charger \u0026amp; DC-DC Converter, LED Light \u0026amp; Li Polymer Battery . Our vendors are constantly involved in supplying us with premium quality raw material for the manufacture of these products. Hence our entire product range exhibits high tenacity, robust construction, exceptional power back up and handling convenience.\u003C/p\u003E\n\n\u003Cp\u003EOur Products:\nLi Polymer Battery\nPower Bank\nCC-CV Charger \u0026amp; DC-DC Converter\nLED Light\u003C/p\u003E\n\n\u003Cp\u003EOur Team:\nOur organization is immensely supported by a huge team of trained and qualified professionals who are are highly skilled to satisfy any needs or requirements of our respected clients. These professionals are highly efficient in their respective fields and they strive hard to achieve distinctive requirements of our valued clients.\u003C/p\u003E\n\n\u003Cp\u003EInfrastructure:\nWe have a state-of-the-art infrastructure in the company to facilitate better and efficient business dealings. This facility is equipped with advanced tools and cutting edge technology, which enables us to manufacture a quality range of products. \u003C/p\u003E\n\n\u003Cp\u003EOur Quality:\nWe have always believed that quality is the utmost criteria for any product hence we follow the same thing while manufacturing our wide product range. We have a team of quality controllers whose main job is to ensure that all our products checked thoroughly in accordance to the global principles.\u003C/p\u003E",
 "image":
  {"available_sizes":
    [[[150,
       101],
      "http://api-images.crunchbase.com/assets/images/resized/0024/9058/249058v2-max-150x150.jpg"],
     [[230,
       155],
      "http://api-images.crunchbase.com/assets/images/resized/0024/9058/249058v2-max-250x250.jpg"],
     [[230,
       155],
      "http://api-images.crunchbase.com/assets/images/resized/0024/9058/249058v2-max-450x450.jpg"]],
   "attribution": null},
 "products":
  [],
 "relationships":
  [],
 "competitions":
  [],
 "providerships":
  [],
 "total_money_raised": "$0",
 "funding_rounds":
  [],
 "investments":
  [],
 "acquisition": null,
 "acquisitions":
  [],
 "offices":
  [],
 "milestones":
  [],
 "ipo": null,
 "video_embeds":
  [],
 "screenshots":
  [],
 "external_links":
  [],
 "partners":
  []}
