{"name": "Abrizio Systems",
 "permalink": "abrizio-systems",
 "crunchbase_url": "http://www.crunchbase.com/company/abrizio-systems",
 "homepage_url": null,
 "blog_url": null,
 "blog_feed_url": null,
 "twitter_username": null,
 "category_code": null,
 "number_of_employees": null,
 "founded_year": null,
 "founded_month": null,
 "founded_day": null,
 "deadpooled_year": null,
 "deadpooled_month": null,
 "deadpooled_day": null,
 "deadpooled_url": null,
 "tag_list": null,
 "alias_list": null,
 "email_address": null,
 "phone_number": null,
 "description": null,
 "created_at": "Sat Apr 27 01:42:44 UTC 2013",
 "updated_at": "Sat Apr 27 01:42:44 UTC 2013",
 "overview": null,
 "image": null,
 "products":
  [],
 "relationships":
  [{"is_past": false,
    "title": "Founding member",
    "person":
     {"first_name": "Da",
      "last_name": "Chuang",
      "permalink": "da-chuang"}},
   {"is_past": true,
    "title": "Board Observer",
    "person":
     {"first_name": "Chris",
      "last_name": "Rust",
      "permalink": "chris-rust"}},
   {"is_past": true,
    "title": "Various Positions",
    "person":
     {"first_name": "Tom",
      "last_name": "Kraljevic",
      "permalink": "tom-kraljevic"}}],
 "competitions":
  [],
 "providerships":
  [],
 "total_money_raised": "$0",
 "funding_rounds":
  [],
 "investments":
  [],
 "acquisition": null,
 "acquisitions":
  [],
 "offices":
  [],
 "milestones":
  [],
 "ipo": null,
 "video_embeds":
  [],
 "screenshots":
  [],
 "external_links":
  [],
 "partners":
  []}
