{"name": "AcceleCare Wound Centers",
 "permalink": "accelecare",
 "crunchbase_url": "http://www.crunchbase.com/company/accelecare",
 "homepage_url": "http://accelecare.com",
 "blog_url": "",
 "blog_feed_url": "",
 "twitter_username": null,
 "category_code": null,
 "number_of_employees": null,
 "founded_year": null,
 "founded_month": null,
 "founded_day": null,
 "deadpooled_year": null,
 "deadpooled_month": null,
 "deadpooled_day": null,
 "deadpooled_url": null,
 "tag_list": null,
 "alias_list": "",
 "email_address": "info@accelecare.com",
 "phone_number": "425-974-1200",
 "description": "",
 "created_at": "Fri Apr 26 10:45:33 UTC 2013",
 "updated_at": "Wed Apr 16 07:04:41 UTC 2014",
 "overview": "\u003Cp\u003EBased near Seattle, Washington, Accelecare Wound Centers\u00ae  is a comprehensive wound care and disease management company. Accelecare provides full service wound management solutions to hospitals and related health care organizations across the United States. Accelecare offers state of the art Advanced Wound Centers staffed with trained physicians, nurses, and specialized technicians providing efficacious and cost effective wound treatments ensuring positive outcomes. The company\u2019s mission is centered around partnering with hospitals in order to provide caring services for patients with the highest level of clinical excellence.\u003C/p\u003E",
 "image":
  {"available_sizes":
    [[[150,
       50],
      "http://api-images.crunchbase.com/assets/images/resized/0045/6645/456645v1-max-150x150.png"],
     [[237,
       80],
      "http://api-images.crunchbase.com/assets/images/resized/0045/6645/456645v1-max-250x250.png"],
     [[237,
       80],
      "http://api-images.crunchbase.com/assets/images/resized/0045/6645/456645v1-max-450x450.png"]],
   "attribution": null},
 "products":
  [],
 "relationships":
  [{"is_past": false,
    "title": "Chairman \u0026 CEO",
    "person":
     {"first_name": "Michael",
      "last_name": "K. Lester",
      "permalink": "michael-k-lester"}},
   {"is_past": false,
    "title": "COO",
    "person":
     {"first_name": "Gwendolyn",
      "last_name": "H. Booth",
      "permalink": "gwendolyn-h-booth"}},
   {"is_past": false,
    "title": "Director",
    "person":
     {"first_name": "Carter",
      "last_name": "McNabb",
      "permalink": "carter-mcnabb"}},
   {"is_past": false,
    "title": "President",
    "person":
     {"first_name": "Pamela",
      "last_name": "M. Spaniac",
      "permalink": "pamela-m-spaniac"}}],
 "competitions":
  [],
 "providerships":
  [],
 "total_money_raised": "$3.5M",
 "funding_rounds":
  [{"id": 68976,
    "round_code": "b",
    "source_url": "",
    "source_description": "",
    "raised_amount": 3500000.0,
    "raised_currency_code": "USD",
    "funded_year": 2007,
    "funded_month": 12,
    "funded_day": 11,
    "investments":
     [{"company": null,
       "financial_org":
        {"name": "River Cities Capital Funds",
         "permalink": "river-cities-capital"},
       "person": null}]}],
 "investments":
  [],
 "acquisition": null,
 "acquisitions":
  [],
 "offices":
  [{"description": "",
    "address1": "10900 NE 4th Street, Suite 1920",
    "address2": "",
    "zip_code": "98004",
    "city": "Bellevue",
    "state_code": "WA",
    "country_code": "USA",
    "latitude": null,
    "longitude": null}],
 "milestones":
  [],
 "ipo": null,
 "video_embeds":
  [],
 "screenshots":
  [{"available_sizes":
     [[[150,
        107],
       "http://api-images.crunchbase.com/assets/images/resized/0045/6646/456646v1-max-150x150.png"],
      [[250,
        178],
       "http://api-images.crunchbase.com/assets/images/resized/0045/6646/456646v1-max-250x250.png"],
      [[450,
        321],
       "http://api-images.crunchbase.com/assets/images/resized/0045/6646/456646v1-max-450x450.png"]],
    "attribution": null}],
 "external_links":
  [],
 "partners":
  []}
