{"name": "Acceleware",
 "permalink": "acceleware",
 "crunchbase_url": "http://www.crunchbase.com/company/acceleware",
 "homepage_url": null,
 "blog_url": null,
 "blog_feed_url": null,
 "twitter_username": null,
 "category_code": null,
 "number_of_employees": null,
 "founded_year": null,
 "founded_month": null,
 "founded_day": null,
 "deadpooled_year": null,
 "deadpooled_month": null,
 "deadpooled_day": null,
 "deadpooled_url": null,
 "tag_list": null,
 "alias_list": null,
 "email_address": null,
 "phone_number": null,
 "description": null,
 "created_at": "Wed May 01 13:50:34 UTC 2013",
 "updated_at": "Wed May 01 13:50:34 UTC 2013",
 "overview": null,
 "image": null,
 "products":
  [],
 "relationships":
  [{"is_past": true,
    "title": "COO",
    "person":
     {"first_name": "Terry",
      "last_name": "Sydoryk",
      "permalink": "terry-sydoryk"}},
   {"is_past": true,
    "title": "Senior Software Engineer",
    "person":
     {"first_name": "Conrad",
      "last_name": "Whelan",
      "permalink": "conrad-whelan"}}],
 "competitions":
  [],
 "providerships":
  [],
 "total_money_raised": "$0",
 "funding_rounds":
  [],
 "investments":
  [],
 "acquisition": null,
 "acquisitions":
  [],
 "offices":
  [],
 "milestones":
  [],
 "ipo": null,
 "video_embeds":
  [],
 "screenshots":
  [],
 "external_links":
  [],
 "partners":
  []}
