{"name": "Accretive Solutions",
 "permalink": "accretive-solutions",
 "crunchbase_url": "http://www.crunchbase.com/company/accretive-solutions",
 "homepage_url": "http://www.accretivesolutions.com",
 "blog_url": "",
 "blog_feed_url": "",
 "twitter_username": "AccretiveSolutn",
 "category_code": null,
 "number_of_employees": null,
 "founded_year": null,
 "founded_month": null,
 "founded_day": null,
 "deadpooled_year": null,
 "deadpooled_month": null,
 "deadpooled_day": null,
 "deadpooled_url": null,
 "tag_list": null,
 "alias_list": "",
 "email_address": "",
 "phone_number": "(312) 994-4600",
 "description": "",
 "created_at": "Thu May 09 14:29:41 UTC 2013",
 "updated_at": "Mon Jun 10 06:56:30 UTC 2013",
 "overview": "\u003Cp\u003EAccretive Solutions is a national professional services firm providing Consulting, Staffing and Outsourcing services.\u003C/p\u003E",
 "image":
  {"available_sizes":
    [[[150,
       47],
      "http://api-images.crunchbase.com/assets/images/resized/0027/3449/273449v1-max-150x150.jpg"],
     [[211,
       67],
      "http://api-images.crunchbase.com/assets/images/resized/0027/3449/273449v1-max-250x250.jpg"],
     [[211,
       67],
      "http://api-images.crunchbase.com/assets/images/resized/0027/3449/273449v1-max-450x450.jpg"]],
   "attribution": null},
 "products":
  [],
 "relationships":
  [{"is_past": false,
    "title": "Senior Director",
    "person":
     {"first_name": "Renee",
      "last_name": "Punian",
      "permalink": "renee-punian"}},
   {"is_past": true,
    "title": "Senior Consultant",
    "person":
     {"first_name": "Mark",
      "last_name": "Tenboer",
      "permalink": "mark-tenboer"}},
   {"is_past": true,
    "title": "Financial Executive",
    "person":
     {"first_name": "Tim",
      "last_name": "Reilly",
      "permalink": "tim-reilly"}}],
 "competitions":
  [],
 "providerships":
  [],
 "total_money_raised": "$0",
 "funding_rounds":
  [],
 "investments":
  [],
 "acquisition": null,
 "acquisitions":
  [],
 "offices":
  [{"description": "Corporate Headquarters",
    "address1": "311 S. Wacker Drive",
    "address2": "Suite 5200",
    "zip_code": "IL 60606",
    "city": "Chicago",
    "state_code": null,
    "country_code": "USA",
    "latitude": null,
    "longitude": null}],
 "milestones":
  [],
 "ipo": null,
 "video_embeds":
  [],
 "screenshots":
  [{"available_sizes":
     [[[150,
        90],
       "http://api-images.crunchbase.com/assets/images/resized/0027/3450/273450v1-max-150x150.jpg"],
      [[250,
        150],
       "http://api-images.crunchbase.com/assets/images/resized/0027/3450/273450v1-max-250x250.jpg"],
      [[450,
        271],
       "http://api-images.crunchbase.com/assets/images/resized/0027/3450/273450v1-max-450x450.jpg"]],
    "attribution": null}],
 "external_links":
  [],
 "partners":
  []}
