{"name": "Accure Technologies",
 "permalink": "accure-technologies",
 "crunchbase_url": "http://www.crunchbase.com/company/accure-technologies",
 "homepage_url": "http://www.accuretechnologies.com",
 "blog_url": "http://accuretechnologies.com/blog/",
 "blog_feed_url": "",
 "twitter_username": "accuretech",
 "category_code": "mobile",
 "number_of_employees": 15,
 "founded_year": 2009,
 "founded_month": 5,
 "founded_day": 1,
 "deadpooled_year": null,
 "deadpooled_month": null,
 "deadpooled_day": null,
 "deadpooled_url": null,
 "tag_list": "mobile-app-development, iphone-development, android-development, mobile-app-design, iphone-programming, android-programming",
 "alias_list": null,
 "email_address": "laiq@accuretech.com",
 "phone_number": "3109295201",
 "description": "Mobile App development and marketing co.",
 "created_at": "Mon Apr 15 02:21:29 UTC 2013",
 "updated_at": "Mon Apr 15 02:21:34 UTC 2013",
 "overview": "\u003Cp\u003EAccureTech is a high-end technology services company that specializes in mobile application development and Web 2.0 domains.\u003C/p\u003E\n\n\u003Cp\u003EWe specialize in app development for all platforms including iPhone, Android, BlackBerry, Windows Mobile and webOS. We offer full-cycle development for games and apps on these platforms which includes the following services:\u003C/p\u003E\n\n\u003Cul\u003E\n\u003Cli\u003EDocumentation of raw idea to formal proposal\u003C/li\u003E\n\u003Cli\u003EComplete Game and App Conceptualization\u003C/li\u003E\n\u003Cli\u003EComplete 3D and 2D Game Artwork Pipeline\u003C/li\u003E\n\u003Cli\u003EApplication Interface Design\u003C/li\u003E\n\u003Cli\u003EUser Experience Management\u003C/li\u003E\n\u003Cli\u003EEnd to End Programming\u003C/li\u003E\n\u003Cli\u003ESound Engineering\u003C/li\u003E\n\u003Cli\u003ETesting and Quality Assurance\u003C/li\u003E\n\u003Cli\u003EMarketing\u003C/li\u003E\n\u003C/ul\u003E\n\n\u003Cp\u003EIn addition to Game development services, we also offer:\u003C/p\u003E\n\n\u003Cp\u003EWeb and RIA development Our expertise and services include development in:\u003C/p\u003E\n\n\u003Cul\u003E\n\u003Cli\u003ERIA platforms such as Adobe Flex (AIR) , OpenLaszlo, Microsoft Silverlight\u003C/li\u003E\n\u003Cli\u003EAll major RIA and Ajax Toolkits\u003C/li\u003E\n\u003Cli\u003EAll major Web platforms Cake PHP, ROR, Python Django\u003C/li\u003E\n\u003Cli\u003ECMS based systems including Wordpress and Joomla\u003C/li\u003E\n\u003Cli\u003ESocial Media (Facebook etc) Applications and Games\u003C/li\u003E\n\u003C/ul\u003E\n\n\u003Cp\u003EEnterprise \u0026amp; Business Software Development The Enterprise and Business wing provides customized software development services to its customers and enables them fulfill their business needs. We provide development services in all major enterprise platforms and allied frameworks. Our team is experienced in:\u003C/p\u003E\n\n\u003Cul\u003E\n\u003Cli\u003EJ2EE and .NET\u003C/li\u003E\n\u003Cli\u003ESpring, Struts, JPA, Hibernate and nHibernate.\u003C/li\u003E\n\u003Cli\u003EMost of other popular MVC and ORM based framework\u003C/li\u003E\n\u003C/ul\u003E\n\n\u003Cp\u003EConsulting We provide consulting in the areas of:\u003C/p\u003E\n\n\u003Cul\u003E\n\u003Cli\u003ERequirements Gathering and Analysis\u003C/li\u003E\n\u003Cli\u003ESoftware Architecture and Design\u003C/li\u003E\n\u003Cli\u003ETechnical training of your development team\u003C/li\u003E\n\u003Cli\u003ESetting up Software Development, Project Management and Customer Relationship\u003C/li\u003E\n\u003Cli\u003EManagement process\u003C/li\u003E\n\u003Cli\u003EBusiness Process Management\u003C/li\u003E\n\u003C/ul\u003E",
 "image":
  {"available_sizes":
    [[[107,
       86],
      "http://api-images.crunchbase.com/assets/images/resized/0025/1469/251469v2-max-150x150.png"],
     [[107,
       86],
      "http://api-images.crunchbase.com/assets/images/resized/0025/1469/251469v2-max-250x250.png"],
     [[107,
       86],
      "http://api-images.crunchbase.com/assets/images/resized/0025/1469/251469v2-max-450x450.png"]],
   "attribution": null},
 "products":
  [],
 "relationships":
  [],
 "competitions":
  [],
 "providerships":
  [],
 "total_money_raised": "$0",
 "funding_rounds":
  [],
 "investments":
  [],
 "acquisition": null,
 "acquisitions":
  [],
 "offices":
  [],
 "milestones":
  [],
 "ipo": null,
 "video_embeds":
  [],
 "screenshots":
  [],
 "external_links":
  [],
 "partners":
  []}
