{"name": "Achatlaser.com",
 "permalink": "achatlaser-com",
 "crunchbase_url": "http://www.crunchbase.com/company/achatlaser-com",
 "homepage_url": "http://www.achatlaser.com",
 "blog_url": "http://connaissancescommunes.unblog.fr",
 "blog_feed_url": "http://connaissancescommunes.unblog.fr/feed/",
 "twitter_username": "jingling16",
 "category_code": "hardware",
 "number_of_employees": 200,
 "founded_year": 1995,
 "founded_month": 3,
 "founded_day": 20,
 "deadpooled_year": null,
 "deadpooled_month": null,
 "deadpooled_day": null,
 "deadpooled_url": null,
 "tag_list": "pointeur-laser, laser-vert, laser-rouge, laser-bleu-violet",
 "alias_list": null,
 "email_address": "adorablemin@126.com",
 "phone_number": "",
 "description": "Achat pour pointeur laser",
 "created_at": "Wed Apr 17 09:45:09 UTC 2013",
 "updated_at": "Fri Apr 26 22:42:23 UTC 2013",
 "overview": "\u003Cp\u003ENos buts poursuivis:\n  1.Honn\u00eate envers nos clients et avoir une cr\u00e9dibilit\u00e9 \u00e9lev\u00e9e;\n2.Vente directe d\u0026#8217;usine,sans interm\u00e9diaire;\n3.Client est Roi!Nous respectons les exigences de nos clients,votre saticfaciton est notre but poursuivi!\n4.Vente en gros pour plus de commandes,plus \u00e9conomique!\n5.Livraison rapide:apr\u00e8s avoir vous exp\u00e9di\u00e9 le colis, vous allez recevoir un num\u00e9ro de suivi pour suivre le tracking du colis\n6.Garantie de 3 mois.\n7.Notre \u00e9quipe professionnelle et solide va vous apporter des lasers de haute qualit\u00e9 et des services efficaces\n8.Nous vous garandissons un service d\u0026#8217;apr\u00e8s-vente de qualit\u00e9\u003C/p\u003E",
 "image":
  {"available_sizes":
    [[[150,
       37],
      "http://api-images.crunchbase.com/assets/images/resized/0025/5130/255130v2-max-150x150.png"],
     [[250,
       62],
      "http://api-images.crunchbase.com/assets/images/resized/0025/5130/255130v2-max-250x250.png"],
     [[259,
       65],
      "http://api-images.crunchbase.com/assets/images/resized/0025/5130/255130v2-max-450x450.png"]],
   "attribution": null},
 "products":
  [],
 "relationships":
  [],
 "competitions":
  [],
 "providerships":
  [],
 "total_money_raised": "$0",
 "funding_rounds":
  [],
 "investments":
  [],
 "acquisition": null,
 "acquisitions":
  [],
 "offices":
  [],
 "milestones":
  [],
 "ipo": null,
 "video_embeds":
  [],
 "screenshots":
  [],
 "external_links":
  [],
 "partners":
  []}
