{"name": "ACN.INC",
 "permalink": "acn-inc",
 "crunchbase_url": "http://www.crunchbase.com/company/acn-inc",
 "homepage_url": "http://www.acninc.com/acn/us/index.html",
 "blog_url": "",
 "blog_feed_url": "",
 "twitter_username": "acnnews",
 "category_code": "public_relations",
 "number_of_employees": 2000,
 "founded_year": 1993,
 "founded_month": 1,
 "founded_day": null,
 "deadpooled_year": null,
 "deadpooled_month": null,
 "deadpooled_day": null,
 "deadpooled_url": null,
 "tag_list": "",
 "alias_list": null,
 "email_address": "",
 "phone_number": "704-260-3000",
 "description": "Direct Seller of Telecom and Energy ",
 "created_at": "Thu Apr 18 17:41:21 UTC 2013",
 "updated_at": "Mon Apr 29 13:57:56 UTC 2013",
 "overview": "\u003Cp\u003EACN is the world\u0026#8217;s largest direct seller of telecommunications, energy and other essential services people use every day, offering a home-based business opportunity for its Independent Business Owners in 23 countries and 4 continents.\u003C/p\u003E\n\n\u003Cp\u003EACN is a proud member of the Direct Selling Association in many countries and serves on its U.S. Board. Every member company pledges to abide by the DSA\u0026#8217;s Code of Ethics as a condition of membership. ACN was just honored with Best Twitter Campaign at the Direct Selling Association Marketing Conference in December 2012.\u003C/p\u003E",
 "image": null,
 "products":
  [],
 "relationships":
  [{"is_past": false,
    "title": "President/Founder",
    "person":
     {"first_name": "Greg",
      "last_name": "Provenzano",
      "permalink": "greg-provenzano"}},
   {"is_past": false,
    "title": "VP of Sales Asiagreat",
    "person":
     {"first_name": "Danny",
      "last_name": "Bae",
      "permalink": "danny-bae"}},
   {"is_past": true,
    "title": "Vice President, Human Resources \u0026 Corp Services",
    "person":
     {"first_name": "Jason",
      "last_name": "Kranack",
      "permalink": "jason-kranack"}}],
 "competitions":
  [],
 "providerships":
  [],
 "total_money_raised": "$0",
 "funding_rounds":
  [],
 "investments":
  [],
 "acquisition": null,
 "acquisitions":
  [],
 "offices":
  [],
 "milestones":
  [],
 "ipo": null,
 "video_embeds":
  [],
 "screenshots":
  [],
 "external_links":
  [],
 "partners":
  []}
