{"name": "Acrede HR \u0026 Payroll Solutions",
 "permalink": "acrede-hr-payroll-solutions",
 "crunchbase_url": "http://www.crunchbase.com/company/acrede-hr-payroll-solutions",
 "homepage_url": "http://www.acrede.net",
 "blog_url": "",
 "blog_feed_url": "",
 "twitter_username": "AcredePayroll",
 "category_code": "software",
 "number_of_employees": null,
 "founded_year": 2010,
 "founded_month": null,
 "founded_day": null,
 "deadpooled_year": null,
 "deadpooled_month": null,
 "deadpooled_day": null,
 "deadpooled_url": null,
 "tag_list": "cloud, payroll, hr, saas, global",
 "alias_list": null,
 "email_address": "enquiries@acrede.net",
 "phone_number": "+44 (0)845 557 7970",
 "description": "Global HR and Payroll",
 "created_at": "Mon Apr 22 13:40:14 UTC 2013",
 "updated_at": "Mon Apr 29 15:44:40 UTC 2013",
 "overview": "\u003Cp\u003EAcrede HR \u0026amp; Payroll Solutions is a BPO provider on a global scale.\u003C/p\u003E\n\n\u003Cp\u003EBy centralizing business processes into one platform, businesses are seeing improvements in their global capacity for growth and development and Acrede is one provider of such services. \u003C/p\u003E",
 "image":
  {"available_sizes":
    [[[150,
       110],
      "http://api-images.crunchbase.com/assets/images/resized/0025/3789/253789v2-max-150x150.jpg"],
     [[250,
       183],
      "http://api-images.crunchbase.com/assets/images/resized/0025/3789/253789v2-max-250x250.jpg"],
     [[450,
       330],
      "http://api-images.crunchbase.com/assets/images/resized/0025/3789/253789v2-max-450x450.jpg"]],
   "attribution": null},
 "products":
  [],
 "relationships":
  [{"is_past": false,
    "title": "CEO",
    "person":
     {"first_name": "Karen",
      "last_name": "Pateron",
      "permalink": "karen-pateron"}}],
 "competitions":
  [],
 "providerships":
  [],
 "total_money_raised": "$0",
 "funding_rounds":
  [],
 "investments":
  [],
 "acquisition": null,
 "acquisitions":
  [],
 "offices":
  [{"description": "UK Office",
    "address1": "Unit 9 Centre One, South Portway Business Park",
    "address2": "Lysander Way, Old Sarum",
    "zip_code": "SP4 6BU",
    "city": "Salisbury",
    "state_code": null,
    "country_code": "GBR",
    "latitude": null,
    "longitude": null},
   {"description": "Singapore Office",
    "address1": "438 Alexandra Road #05-02",
    "address2": "Alexandra Point",
    "zip_code": "119958",
    "city": "Singapore",
    "state_code": null,
    "country_code": "SGP",
    "latitude": null,
    "longitude": null},
   {"description": "Jersey Office",
    "address1": "Beau Vallon Farm",
    "address2": "Le Mont des Louannes,",
    "zip_code": "JE3 7DA",
    "city": "St Peter",
    "state_code": null,
    "country_code": "GBR",
    "latitude": null,
    "longitude": null}],
 "milestones":
  [],
 "ipo": null,
 "video_embeds":
  [],
 "screenshots":
  [],
 "external_links":
  [],
 "partners":
  []}
