{"name": "ActivCard",
 "permalink": "activcard",
 "crunchbase_url": "http://www.crunchbase.com/company/activcard",
 "homepage_url": null,
 "blog_url": null,
 "blog_feed_url": null,
 "twitter_username": null,
 "category_code": null,
 "number_of_employees": null,
 "founded_year": null,
 "founded_month": null,
 "founded_day": null,
 "deadpooled_year": null,
 "deadpooled_month": null,
 "deadpooled_day": null,
 "deadpooled_url": null,
 "tag_list": null,
 "alias_list": null,
 "email_address": null,
 "phone_number": null,
 "description": null,
 "created_at": "Tue Apr 30 15:50:18 UTC 2013",
 "updated_at": "Tue Apr 30 15:50:18 UTC 2013",
 "overview": null,
 "image": null,
 "products":
  [],
 "relationships":
  [{"is_past": false,
    "title": "Board Chairman",
    "person":
     {"first_name": "William",
      "last_name": "P. Crowell",
      "permalink": "william-p-crowell"}},
   {"is_past": false,
    "title": "Director",
    "person":
     {"first_name": "Kheng Lee",
      "last_name": "Nam Lee",
      "permalink": "lee-kheng-nam"}},
   {"is_past": true,
    "title": "Manager, Product Architecture",
    "person":
     {"first_name": "John",
      "last_name": "Boyer",
      "permalink": "john-boyer"}},
   {"is_past": true,
    "title": "Director, Solution Marketing and Product Management",
    "person":
     {"first_name": "Aaron",
      "last_name": "Zitzer",
      "permalink": "aaron-zitzer"}}],
 "competitions":
  [],
 "providerships":
  [],
 "total_money_raised": "$0",
 "funding_rounds":
  [],
 "investments":
  [],
 "acquisition": null,
 "acquisitions":
  [],
 "offices":
  [],
 "milestones":
  [],
 "ipo": null,
 "video_embeds":
  [],
 "screenshots":
  [],
 "external_links":
  [],
 "partners":
  []}
