{"name": "ActuatorZone Inc.",
 "permalink": "actuatorzone-inc",
 "crunchbase_url": "http://www.crunchbase.com/company/actuatorzone-inc",
 "homepage_url": "http://www.actuatorzone.com",
 "blog_url": "http://actuatorzone.blogspot.com",
 "blog_feed_url": "http://actuatorzone.blogspot.com/feeds/posts/default",
 "twitter_username": "ACTUATORS1",
 "category_code": "other",
 "number_of_employees": null,
 "founded_year": 2007,
 "founded_month": null,
 "founded_day": null,
 "deadpooled_year": null,
 "deadpooled_month": null,
 "deadpooled_day": null,
 "deadpooled_url": null,
 "tag_list": "actuators, linear-actuators, electric-actuators, table-lifts",
 "alias_list": null,
 "email_address": "",
 "phone_number": "1-800-676-6123",
 "description": "Industry suppliers",
 "created_at": "Thu May 09 09:14:25 UTC 2013",
 "updated_at": "Tue Jul 23 14:25:03 UTC 2013",
 "overview": "\u003Cp\u003ESource for industry certified actuators, lifting columns, and other engineering movement products\u003C/p\u003E\n\n\u003Cp\u003EActuatorZone offers a diverse selection of linear actuators, mini actuators, high speed actuators, and many others to customers in the United States, Canada, Europe, and Australia.\u003C/p\u003E\n\n\u003Cp\u003EOur products\nWe are partnered with several best of breed suppliers to bring you actuator products in a large array of stroke lengths, force strengths, and travel speeds. You can buy bare metal actuators off the shelf for your own purposes, or purchase one of our pre-made kits for TV lifts or workshop lift tables.\u003C/p\u003E\n\n\u003Cp\u003EWe are sincerely passionate about actuator technology and its applications\u003C/p\u003E",
 "image": null,
 "products":
  [],
 "relationships":
  [],
 "competitions":
  [],
 "providerships":
  [],
 "total_money_raised": "$0",
 "funding_rounds":
  [],
 "investments":
  [],
 "acquisition": null,
 "acquisitions":
  [],
 "offices":
  [{"description": "USA office",
    "address1": "12333 10th PL NE, Suite B",
    "address2": "",
    "zip_code": "98125",
    "city": "Seattle",
    "state_code": "WA",
    "country_code": "USA",
    "latitude": null,
    "longitude": null},
   {"description": "Canada Office",
    "address1": "Unit 108 - 11121 Horseshoe Way",
    "address2": "",
    "zip_code": "V7A5G7",
    "city": "Richmond",
    "state_code": null,
    "country_code": "CAN",
    "latitude": null,
    "longitude": null}],
 "milestones":
  [],
 "ipo": null,
 "video_embeds":
  [],
 "screenshots":
  [{"available_sizes":
     [[[150,
        54],
       "http://api-images.crunchbase.com/assets/images/resized/0026/0397/260397v2-max-150x150.png"],
      [[250,
        90],
       "http://api-images.crunchbase.com/assets/images/resized/0026/0397/260397v2-max-250x250.png"],
      [[450,
        163],
       "http://api-images.crunchbase.com/assets/images/resized/0026/0397/260397v2-max-450x450.png"]],
    "attribution": null}],
 "external_links":
  [],
 "partners":
  []}
