{"name": "Acuson",
 "permalink": "acuson",
 "crunchbase_url": "http://www.crunchbase.com/company/acuson",
 "homepage_url": null,
 "blog_url": null,
 "blog_feed_url": null,
 "twitter_username": null,
 "category_code": null,
 "number_of_employees": null,
 "founded_year": null,
 "founded_month": null,
 "founded_day": null,
 "deadpooled_year": null,
 "deadpooled_month": null,
 "deadpooled_day": null,
 "deadpooled_url": null,
 "tag_list": null,
 "alias_list": null,
 "email_address": null,
 "phone_number": null,
 "description": null,
 "created_at": "Sat May 04 17:24:23 UTC 2013",
 "updated_at": "Sat May 04 17:24:23 UTC 2013",
 "overview": null,
 "image": null,
 "products":
  [],
 "relationships":
  [{"is_past": false,
    "title": "",
    "person":
     {"first_name": "John",
      "last_name": "Pavlidis",
      "permalink": "john-pavlidis"}},
   {"is_past": true,
    "title": "Senior Vice President of Finance and Chief Financial Officer",
    "person":
     {"first_name": "Barry",
      "last_name": "Zwarenstein",
      "permalink": "barry-zwarenstein"}},
   {"is_past": true,
    "title": "Sr. Executive Assistant to Executive VP of Sales and Marketing",
    "person":
     {"first_name": "Marilynn",
      "last_name": "Ahern",
      "permalink": "marilynn-ahern"}},
   {"is_past": true,
    "title": "Executive Vice Presiden",
    "person":
     {"first_name": "John",
      "last_name": "Freund",
      "permalink": "john-freund"}},
   {"is_past": true,
    "title": "VP, Finance",
    "person":
     {"first_name": "Robert",
      "last_name": "J. Gallagher",
      "permalink": "robert-j-gallagher"}},
   {"is_past": true,
    "title": "Program Manager",
    "person":
     {"first_name": "David",
      "last_name": "Krall",
      "permalink": "david-krall"}},
   {"is_past": true,
    "title": "Management Positions In Marketing, Field Operations \u0026 Corporate Quality",
    "person":
     {"first_name": "Dan",
      "last_name": "Bradford",
      "permalink": "dan-bradford"}},
   {"is_past": true,
    "title": "General Manager",
    "person":
     {"first_name": "Jeff",
      "last_name": "Hastings",
      "permalink": "jeff-hastings"}},
   {"is_past": true,
    "title": "Executive VIce President",
    "person":
     {"first_name": "John",
      "last_name": "G. Freund",
      "permalink": "john-j-freund"}},
   {"is_past": true,
    "title": "Senior Quality \u0026 Regulatory Positions",
    "person":
     {"first_name": "Jim",
      "last_name": "Talbot",
      "permalink": "jim-talbot"}},
   {"is_past": true,
    "title": "Sales Positions",
    "person":
     {"first_name": "Greg",
      "last_name": "Masek",
      "permalink": "greg-masek"}},
   {"is_past": true,
    "title": "Director, Finance",
    "person":
     {"first_name": "Tim",
      "last_name": "Heher",
      "permalink": "tim-heher"}},
   {"is_past": true,
    "title": "VP Research and Development",
    "person":
     {"first_name": "Douglas",
      "last_name": "M. Bruce",
      "permalink": "douglas-m-bruce"}},
   {"is_past": true,
    "title": "Vice President Asia Pacific and Latin America",
    "person":
     {"first_name": "F.",
      "last_name": "Steven Feinberg",
      "permalink": "f-steven-feinberg"}},
   {"is_past": true,
    "title": "Marketing Manager",
    "person":
     {"first_name": "David",
      "last_name": "Bruce",
      "permalink": "david-bruce-ph-d"}},
   {"is_past": true,
    "title": "Various Management Positions",
    "person":
     {"first_name": "Kamran",
      "last_name": "Najmabadi",
      "permalink": "kamran-najmabadi"}},
   {"is_past": true,
    "title": "Project Manager",
    "person":
     {"first_name": "Michael",
      "last_name": "Munrow",
      "permalink": "michael-munrow"}}],
 "competitions":
  [],
 "providerships":
  [],
 "total_money_raised": "$0",
 "funding_rounds":
  [],
 "investments":
  [],
 "acquisition": null,
 "acquisitions":
  [],
 "offices":
  [],
 "milestones":
  [],
 "ipo": null,
 "video_embeds":
  [],
 "screenshots":
  [],
 "external_links":
  [],
 "partners":
  []}
