{"name": "Veritas Ventures",
 "permalink": "acxiom-inc",
 "crunchbase_url": "http://www.crunchbase.com/company/acxiom-inc",
 "homepage_url": null,
 "blog_url": "",
 "blog_feed_url": "",
 "twitter_username": null,
 "category_code": null,
 "number_of_employees": null,
 "founded_year": null,
 "founded_month": null,
 "founded_day": null,
 "deadpooled_year": null,
 "deadpooled_month": null,
 "deadpooled_day": null,
 "deadpooled_url": null,
 "tag_list": "",
 "alias_list": null,
 "email_address": "",
 "phone_number": "",
 "description": "",
 "created_at": "Tue Apr 23 01:22:28 UTC 2013",
 "updated_at": "Mon May 27 03:12:54 UTC 2013",
 "overview": null,
 "image": null,
 "products":
  [],
 "relationships":
  [{"is_past": true,
    "title": "Founder",
    "person":
     {"first_name": "George A.",
      "last_name": "Rubsam",
      "permalink": "george-rubsam"}},
   {"is_past": true,
    "title": "senior leadership roles",
    "person":
     {"first_name": "Anita",
      "last_name": "Absey",
      "permalink": "anita-absey"}}],
 "competitions":
  [],
 "providerships":
  [],
 "total_money_raised": "$0",
 "funding_rounds":
  [],
 "investments":
  [],
 "acquisition": null,
 "acquisitions":
  [],
 "offices":
  [],
 "milestones":
  [],
 "ipo": null,
 "video_embeds":
  [],
 "screenshots":
  [],
 "external_links":
  [],
 "partners":
  []}
