{"name": "Acxiom Digital",
 "permalink": "acxiom-digital",
 "crunchbase_url": "http://www.crunchbase.com/company/acxiom-digital",
 "homepage_url": null,
 "blog_url": null,
 "blog_feed_url": null,
 "twitter_username": null,
 "category_code": null,
 "number_of_employees": null,
 "founded_year": null,
 "founded_month": null,
 "founded_day": null,
 "deadpooled_year": null,
 "deadpooled_month": null,
 "deadpooled_day": null,
 "deadpooled_url": null,
 "tag_list": null,
 "alias_list": null,
 "email_address": null,
 "phone_number": null,
 "description": null,
 "created_at": "Mon May 06 07:53:45 UTC 2013",
 "updated_at": "Mon May 06 07:53:45 UTC 2013",
 "overview": null,
 "image": null,
 "products":
  [],
 "relationships":
  [{"is_past": true,
    "title": "President \u0026 General Manager",
    "person":
     {"first_name": "Kevin",
      "last_name": "Johnson",
      "permalink": "kevin-johnson-5"}},
   {"is_past": true,
    "title": "Director of Engineering",
    "person":
     {"first_name": "Daren",
      "last_name": "Drummond",
      "permalink": "daren-drummond"}}],
 "competitions":
  [],
 "providerships":
  [],
 "total_money_raised": "$0",
 "funding_rounds":
  [],
 "investments":
  [],
 "acquisition": null,
 "acquisitions":
  [],
 "offices":
  [],
 "milestones":
  [],
 "ipo": null,
 "video_embeds":
  [],
 "screenshots":
  [],
 "external_links":
  [],
 "partners":
  []}
