{"name": "Adchemix",
 "permalink": "adchemix",
 "crunchbase_url": "http://www.crunchbase.com/company/adchemix",
 "homepage_url": "http://www.adchemix.com",
 "blog_url": "",
 "blog_feed_url": "",
 "twitter_username": "adchemix",
 "category_code": "advertising",
 "number_of_employees": 3,
 "founded_year": 2013,
 "founded_month": 4,
 "founded_day": 29,
 "deadpooled_year": null,
 "deadpooled_month": null,
 "deadpooled_day": null,
 "deadpooled_url": null,
 "tag_list": "search, seo, sem, saas, marketing-automation",
 "alias_list": null,
 "email_address": "tim@adchemix.com",
 "phone_number": "6178992436",
 "description": "Search Marketing Made Simple",
 "created_at": "Wed May 01 19:55:45 UTC 2013",
 "updated_at": "Tue Feb 11 04:06:53 UTC 2014",
 "overview": "\u003Cp\u003EAdchemix makes search and social marketing easy. Adchemix helps marketers capture existing search demand without marketers having to change how they do business. Search is hard. Adchemix makes it easy.\u003C/p\u003E\n\n\u003Cp\u003EOur proprietary SaaS marketing solution helps drive targeted traffic from the broadest possible market. Targeted traffic at scale means more money for you.\u003C/p\u003E",
 "image": null,
 "products":
  [],
 "relationships":
  [{"is_past": false,
    "title": "CEO",
    "person":
     {"first_name": "Tim",
      "last_name": "Kilroy",
      "permalink": "tim-kilroy"}},
   {"is_past": false,
    "title": "CTO",
    "person":
     {"first_name": "Sam",
      "last_name": "Ingrassia",
      "permalink": "sam-ingrassia"}}],
 "competitions":
  [],
 "providerships":
  [],
 "total_money_raised": "$0",
 "funding_rounds":
  [],
 "investments":
  [],
 "acquisition": null,
 "acquisitions":
  [],
 "offices":
  [{"description": "Headquarters",
    "address1": "",
    "address2": "",
    "zip_code": "02474",
    "city": "Boston",
    "state_code": "MA",
    "country_code": "USA",
    "latitude": 42.4232158,
    "longitude": -71.1537637}],
 "milestones":
  [],
 "ipo": null,
 "video_embeds":
  [],
 "screenshots":
  [],
 "external_links":
  [],
 "partners":
  [{"partner_name": "angel_list",
    "homepage_url": "http://www.adchemix.com",
    "link_1_url": "https://angel.co/adchemix",
    "link_2_url": "https://angel.co/adchemix/jobs?utc_source=crunchbase\u0026amp;utm_campaign=crunchbase\u0026amp;utm_content=jobs\u0026amp;utm_medium=link\u0026amp;utm_term=adchemix",
    "link_3_url": null,
    "link_1_name": "AngelList Page",
    "link_2_name": "Hiring: Junior Engineer, Data Science Head",
    "link_3_name": null}]}
