{"name": "AdeptiSoft",
 "permalink": "adeptisoft",
 "crunchbase_url": "http://www.crunchbase.com/company/adeptisoft",
 "homepage_url": "http://adeptisoft.com",
 "blog_url": "",
 "blog_feed_url": "",
 "twitter_username": null,
 "category_code": "software",
 "number_of_employees": 7,
 "founded_year": 2008,
 "founded_month": 1,
 "founded_day": null,
 "deadpooled_year": null,
 "deadpooled_month": null,
 "deadpooled_day": null,
 "deadpooled_url": null,
 "tag_list": "",
 "alias_list": null,
 "email_address": "",
 "phone_number": "",
 "description": "software development",
 "created_at": "Sat May 04 04:07:51 UTC 2013",
 "updated_at": "Wed May 08 04:07:58 UTC 2013",
 "overview": "\u003Cp\u003ESoftware Development\u003C/p\u003E",
 "image":
  {"available_sizes":
    [[[150,
       32],
      "http://api-images.crunchbase.com/assets/images/resized/0025/8499/258499v2-max-150x150.png"],
     [[249,
       54],
      "http://api-images.crunchbase.com/assets/images/resized/0025/8499/258499v2-max-250x250.png"],
     [[249,
       54],
      "http://api-images.crunchbase.com/assets/images/resized/0025/8499/258499v2-max-450x450.png"]],
   "attribution": null},
 "products":
  [],
 "relationships":
  [],
 "competitions":
  [],
 "providerships":
  [],
 "total_money_raised": "$0",
 "funding_rounds":
  [],
 "investments":
  [],
 "acquisition": null,
 "acquisitions":
  [],
 "offices":
  [],
 "milestones":
  [],
 "ipo": null,
 "video_embeds":
  [],
 "screenshots":
  [],
 "external_links":
  [],
 "partners":
  []}
