{"name": "AdFin",
 "permalink": "adfin-solutions",
 "crunchbase_url": "http://www.crunchbase.com/company/adfin-solutions",
 "homepage_url": null,
 "blog_url": "",
 "blog_feed_url": "",
 "twitter_username": null,
 "category_code": null,
 "number_of_employees": null,
 "founded_year": null,
 "founded_month": null,
 "founded_day": null,
 "deadpooled_year": null,
 "deadpooled_month": null,
 "deadpooled_day": null,
 "deadpooled_url": null,
 "tag_list": "",
 "alias_list": null,
 "email_address": "",
 "phone_number": "",
 "description": "",
 "created_at": "Wed May 01 09:36:33 UTC 2013",
 "updated_at": "Wed Jul 24 16:28:43 UTC 2013",
 "overview": null,
 "image": null,
 "products":
  [],
 "relationships":
  [{"is_past": false,
    "title": "Advisor",
    "person":
     {"first_name": "Tim",
      "last_name": "Hanlon",
      "permalink": "tim-hanlon"}},
   {"is_past": true,
    "title": "Head of Product Management",
    "person":
     {"first_name": "Rob",
      "last_name": "Armstrong",
      "permalink": "rob-armstrong"}}],
 "competitions":
  [],
 "providerships":
  [],
 "total_money_raised": "$0",
 "funding_rounds":
  [],
 "investments":
  [],
 "acquisition": null,
 "acquisitions":
  [],
 "offices":
  [],
 "milestones":
  [],
 "ipo": null,
 "video_embeds":
  [],
 "screenshots":
  [],
 "external_links":
  [],
 "partners":
  []}
