{"name": "AdIvy",
 "permalink": "adivy",
 "crunchbase_url": "http://www.crunchbase.com/company/adivy",
 "homepage_url": "http://adivy.com",
 "blog_url": "http://blog.adivy.com",
 "blog_feed_url": "",
 "twitter_username": "adivyanalytics",
 "category_code": "advertising",
 "number_of_employees": 1,
 "founded_year": 2013,
 "founded_month": null,
 "founded_day": null,
 "deadpooled_year": null,
 "deadpooled_month": null,
 "deadpooled_day": null,
 "deadpooled_url": null,
 "tag_list": "qr, digital-media, analytics, mobile-advertising, qr-codes",
 "alias_list": null,
 "email_address": "support@adivy.com",
 "phone_number": "",
 "description": "QR code engagement platform",
 "created_at": "Thu May 02 20:51:29 UTC 2013",
 "updated_at": "Mon May 13 03:52:49 UTC 2013",
 "overview": "\u003Cp\u003EAdIvy is a platform allowing users to create simple, engaging QR codes without any technical knowledge.\u003C/p\u003E\n\n\u003Cp\u003EEasily create multiple campaigns to compare engagement levels of different advertising creatives. Change QR codes without having to change the printed code, all with real-time analytics.\u003C/p\u003E",
 "image":
  {"available_sizes":
    [[[150,
       48],
      "http://api-images.crunchbase.com/assets/images/resized/0025/7849/257849v2-max-150x150.png"],
     [[250,
       81],
      "http://api-images.crunchbase.com/assets/images/resized/0025/7849/257849v2-max-250x250.png"],
     [[450,
       146],
      "http://api-images.crunchbase.com/assets/images/resized/0025/7849/257849v2-max-450x450.png"]],
   "attribution": null},
 "products":
  [],
 "relationships":
  [{"is_past": true,
    "title": "Founder",
    "person":
     {"first_name": "Ali",
      "last_name": "Rauf",
      "permalink": "ali-rauf"}}],
 "competitions":
  [{"competitor":
     {"name": "ScanMe",
      "permalink": "scanme"}}],
 "providerships":
  [],
 "total_money_raised": "$0",
 "funding_rounds":
  [],
 "investments":
  [],
 "acquisition": null,
 "acquisitions":
  [],
 "offices":
  [],
 "milestones":
  [],
 "ipo": null,
 "video_embeds":
  [],
 "screenshots":
  [{"available_sizes":
     [[[150,
        84],
       "http://api-images.crunchbase.com/assets/images/resized/0025/7848/257848v2-max-150x150.png"],
      [[250,
        140],
       "http://api-images.crunchbase.com/assets/images/resized/0025/7848/257848v2-max-250x250.png"],
      [[450,
        253],
       "http://api-images.crunchbase.com/assets/images/resized/0025/7848/257848v2-max-450x450.png"]],
    "attribution": null}],
 "external_links":
  [],
 "partners":
  [{"partner_name": "romanian_startups",
    "homepage_url": "unknown",
    "link_1_url": "http://www.romanianstartups.com/founder/marius-serban",
    "link_2_url": null,
    "link_3_url": null,
    "link_1_name": "romanian_startups Page",
    "link_2_name": null,
    "link_3_name": null}]}
