{"name": "Adria24 Gmbh",
 "permalink": "adria24-gmbh",
 "crunchbase_url": "http://www.crunchbase.com/company/adria24-gmbh",
 "homepage_url": null,
 "blog_url": null,
 "blog_feed_url": null,
 "twitter_username": null,
 "category_code": null,
 "number_of_employees": null,
 "founded_year": null,
 "founded_month": null,
 "founded_day": null,
 "deadpooled_year": null,
 "deadpooled_month": null,
 "deadpooled_day": null,
 "deadpooled_url": null,
 "tag_list": null,
 "alias_list": null,
 "email_address": null,
 "phone_number": null,
 "description": null,
 "created_at": "Fri Apr 19 05:44:52 UTC 2013",
 "updated_at": "Fri Apr 19 05:44:52 UTC 2013",
 "overview": null,
 "image": null,
 "products":
  [],
 "relationships":
  [{"is_past": true,
    "title": "Senior online marketing manager",
    "person":
     {"first_name": "Goran",
      "last_name": "Candrlic",
      "permalink": "goran-candrlic"}},
   {"is_past": true,
    "title": "Lead Web Developer",
    "person":
     {"first_name": "Sven",
      "last_name": "Al Hamad",
      "permalink": "sven-al-hamad"}}],
 "competitions":
  [],
 "providerships":
  [],
 "total_money_raised": "$0",
 "funding_rounds":
  [],
 "investments":
  [],
 "acquisition": null,
 "acquisitions":
  [],
 "offices":
  [],
 "milestones":
  [],
 "ipo": null,
 "video_embeds":
  [],
 "screenshots":
  [],
 "external_links":
  [],
 "partners":
  []}
