{"name": "Advance Alarms, Inc.",
 "permalink": "advance-alarms-inc",
 "crunchbase_url": "http://www.crunchbase.com/company/advance-alarms-inc",
 "homepage_url": "http://www.advancealarms.com",
 "blog_url": "",
 "blog_feed_url": "",
 "twitter_username": "advancealarms",
 "category_code": "security",
 "number_of_employees": null,
 "founded_year": 1978,
 "founded_month": 1,
 "founded_day": 1,
 "deadpooled_year": null,
 "deadpooled_month": null,
 "deadpooled_day": null,
 "deadpooled_url": null,
 "tag_list": "alarm-company, home-security, home-alarms, burglar-alarms, residential-alarms, commercial-alarm-systems, commercial-burglar-alarms, alarm-monitoring, businesses-alarms, alarm-system",
 "alias_list": "",
 "email_address": "advancealarmsinc@yahoo.com",
 "phone_number": "(918) 251-0644",
 "description": "Your Security is our priority!",
 "created_at": "Sun Apr 28 18:04:40 UTC 2013",
 "updated_at": "Thu May 02 13:29:46 UTC 2013",
 "overview": "\u003Cp\u003EAdvance Alarms is an alarm company in Tulsa with over 50 years of combined law enforcement experience. We provide residential home and commercial business security alarm systems throughout Oklahoma. From burglar alarm systems, 24 / 7 / 365 alarm monitoring, surveillance systems, fire systems and more, we are the best choice for all your alarm and security system needs. It\u0026#8217;s our passion to protect Oklahoma\u2019s families, homes, and businesses.\u003C/p\u003E",
 "image":
  {"available_sizes":
    [[[149,
       150],
      "http://api-images.crunchbase.com/assets/images/resized/0025/5700/255700v2-max-150x150.jpg"],
     [[201,
       202],
      "http://api-images.crunchbase.com/assets/images/resized/0025/5700/255700v2-max-250x250.jpg"],
     [[201,
       202],
      "http://api-images.crunchbase.com/assets/images/resized/0025/5700/255700v2-max-450x450.jpg"]],
   "attribution": null},
 "products":
  [],
 "relationships":
  [],
 "competitions":
  [],
 "providerships":
  [{"title": "burglar alarm systems",
    "is_past": false,
    "provider":
     {"name": "security",
      "permalink": "security"}},
   {"title": "alarm monitoring",
    "is_past": false,
    "provider":
     {"name": "security",
      "permalink": "security"}},
   {"title": "surveillance systems",
    "is_past": false,
    "provider":
     {"name": "security",
      "permalink": "security"}},
   {"title": "fire systems",
    "is_past": false,
    "provider":
     {"name": "security",
      "permalink": "security"}},
   {"title": "access control systems",
    "is_past": false,
    "provider":
     {"name": "security",
      "permalink": "security"}}],
 "total_money_raised": "$0",
 "funding_rounds":
  [],
 "investments":
  [],
 "acquisition": null,
 "acquisitions":
  [],
 "offices":
  [{"description": "",
    "address1": "1113 E Louisville St",
    "address2": "",
    "zip_code": "74012",
    "city": "Broken Arrow",
    "state_code": "OK",
    "country_code": "USA",
    "latitude": null,
    "longitude": null}],
 "milestones":
  [],
 "ipo": null,
 "video_embeds":
  [],
 "screenshots":
  [],
 "external_links":
  [{"external_url": "https://plus.google.com/101025384465197788639/",
    "title": "Google+ Local URL"},
   {"external_url": "https://twitter.com/advancealarms",
    "title": "Twitter Profile URL"},
   {"external_url": "https://www.facebook.com/advancealarms",
    "title": "Facebook Page URL"},
   {"external_url": "http://www.youtube.com/user/advancealarmscorp",
    "title": "You Tube Page URL"},
   {"external_url": "http://www.youtube.com/watch?v=Vc5MCjaoHLw",
    "title": "YouTube Video URL"}],
 "partners":
  []}
