{"name": "Advanced Fibre Communications",
 "permalink": "advanced-fibre-communications",
 "crunchbase_url": "http://www.crunchbase.com/company/advanced-fibre-communications",
 "homepage_url": null,
 "blog_url": null,
 "blog_feed_url": null,
 "twitter_username": null,
 "category_code": null,
 "number_of_employees": null,
 "founded_year": null,
 "founded_month": null,
 "founded_day": null,
 "deadpooled_year": null,
 "deadpooled_month": null,
 "deadpooled_day": null,
 "deadpooled_url": null,
 "tag_list": null,
 "alias_list": null,
 "email_address": null,
 "phone_number": null,
 "description": null,
 "created_at": "Fri May 10 10:25:19 UTC 2013",
 "updated_at": "Fri May 10 10:25:19 UTC 2013",
 "overview": null,
 "image": null,
 "products":
  [],
 "relationships":
  [{"is_past": true,
    "title": "Financial Founder",
    "person":
     {"first_name": "B.J.",
      "last_name": "Cassin",
      "permalink": "b-j-cassin"}},
   {"is_past": true,
    "title": "Vice President of Operations, Chief Operating Officer",
    "person":
     {"first_name": "Greg",
      "last_name": "Steele",
      "permalink": "greg-steele"}},
   {"is_past": true,
    "title": "RVP, International",
    "person":
     {"first_name": "William",
      "last_name": "R. Beyer",
      "permalink": "william-r-beyer"}},
   {"is_past": true,
    "title": "Sr. Director Product Line Management",
    "person":
     {"first_name": "Tim",
      "last_name": "Flood",
      "permalink": "tim-flood"}},
   {"is_past": true,
    "title": "Investor",
    "person":
     {"first_name": "Christopher",
      "last_name": "Lucas",
      "permalink": "christopher-lucas"}},
   {"is_past": true,
    "title": "Investor",
    "person":
     {"first_name": "Promod",
      "last_name": "Haque",
      "permalink": "promod-haque"}}],
 "competitions":
  [],
 "providerships":
  [],
 "total_money_raised": "$0",
 "funding_rounds":
  [],
 "investments":
  [],
 "acquisition": null,
 "acquisitions":
  [],
 "offices":
  [],
 "milestones":
  [],
 "ipo": null,
 "video_embeds":
  [],
 "screenshots":
  [],
 "external_links":
  [],
 "partners":
  []}
