{"name": "Aegis Communications",
 "permalink": "aegis-communications",
 "crunchbase_url": "http://www.crunchbase.com/company/aegis-communications",
 "homepage_url": null,
 "blog_url": null,
 "blog_feed_url": null,
 "twitter_username": null,
 "category_code": null,
 "number_of_employees": null,
 "founded_year": null,
 "founded_month": null,
 "founded_day": null,
 "deadpooled_year": null,
 "deadpooled_month": null,
 "deadpooled_day": null,
 "deadpooled_url": null,
 "tag_list": null,
 "alias_list": null,
 "email_address": null,
 "phone_number": null,
 "description": null,
 "created_at": "Tue Apr 30 10:29:42 UTC 2013",
 "updated_at": "Tue Apr 30 10:29:42 UTC 2013",
 "overview": null,
 "image": null,
 "products":
  [],
 "relationships":
  [{"is_past": true,
    "title": "COO and then President \u0026 CEO",
    "person":
     {"first_name": "Kannan",
      "last_name": "Ramasamy",
      "permalink": "kannan-ramasamy"}},
   {"is_past": true,
    "title": "SVP \u0026 COO",
    "person":
     {"first_name": "Tish",
      "last_name": "Whitcraft",
      "permalink": "tish-whitcraft"}}],
 "competitions":
  [],
 "providerships":
  [],
 "total_money_raised": "$0",
 "funding_rounds":
  [],
 "investments":
  [],
 "acquisition": null,
 "acquisitions":
  [],
 "offices":
  [],
 "milestones":
  [],
 "ipo": null,
 "video_embeds":
  [],
 "screenshots":
  [],
 "external_links":
  [],
 "partners":
  []}
