{"name": "Afaq Designs",
 "permalink": "afaq-designs",
 "crunchbase_url": "http://www.crunchbase.com/company/afaq-designs",
 "homepage_url": "http://afaqdesigns.com",
 "blog_url": "",
 "blog_feed_url": "",
 "twitter_username": "afaqdesigns",
 "category_code": "network_hosting",
 "number_of_employees": null,
 "founded_year": null,
 "founded_month": null,
 "founded_day": null,
 "deadpooled_year": null,
 "deadpooled_month": null,
 "deadpooled_day": null,
 "deadpooled_url": null,
 "tag_list": "web-development, website-design, systems, applications, mobile-applications, e-marketing, seo, creative, portals, technologies, web-based-application, logo-design, print, software-products, hosting, domains",
 "alias_list": null,
 "email_address": "info@afaqdesigns.com",
 "phone_number": "",
 "description": "Developing, Designing , Printing ",
 "created_at": "Wed May 01 22:07:44 UTC 2013",
 "updated_at": "Wed May 08 02:22:44 UTC 2013",
 "overview": "\u003Cp\u003EAfaq Designs, a full service design company providing affordable and professional graphic and web design services. Web development, systems, applications, website design, e-marketing\u003C/p\u003E",
 "image":
  {"available_sizes":
    [[[150,
       125],
      "http://api-images.crunchbase.com/assets/images/resized/0025/7168/257168v2-max-150x150.jpg"],
     [[250,
       209],
      "http://api-images.crunchbase.com/assets/images/resized/0025/7168/257168v2-max-250x250.jpg"],
     [[314,
       263],
      "http://api-images.crunchbase.com/assets/images/resized/0025/7168/257168v2-max-450x450.jpg"]],
   "attribution": null},
 "products":
  [],
 "relationships":
  [],
 "competitions":
  [],
 "providerships":
  [],
 "total_money_raised": "$0",
 "funding_rounds":
  [],
 "investments":
  [],
 "acquisition": null,
 "acquisitions":
  [],
 "offices":
  [],
 "milestones":
  [],
 "ipo": null,
 "video_embeds":
  [],
 "screenshots":
  [],
 "external_links":
  [],
 "partners":
  []}
