{"name": "Affinity Internet",
 "permalink": "affinity-internet",
 "crunchbase_url": "http://www.crunchbase.com/company/affinity-internet",
 "homepage_url": null,
 "blog_url": null,
 "blog_feed_url": null,
 "twitter_username": null,
 "category_code": null,
 "number_of_employees": null,
 "founded_year": null,
 "founded_month": null,
 "founded_day": null,
 "deadpooled_year": null,
 "deadpooled_month": null,
 "deadpooled_day": null,
 "deadpooled_url": null,
 "tag_list": null,
 "alias_list": null,
 "email_address": null,
 "phone_number": null,
 "description": null,
 "created_at": "Fri May 10 20:59:27 UTC 2013",
 "updated_at": "Fri May 10 20:59:27 UTC 2013",
 "overview": null,
 "image": null,
 "products":
  [],
 "relationships":
  [{"is_past": false,
    "title": "Board Member",
    "person":
     {"first_name": "Harry",
      "last_name": "Hopper",
      "permalink": "harry-hopper"}},
   {"is_past": true,
    "title": "Co - Founder / COO / CFO",
    "person":
     {"first_name": "John",
      "last_name": "Zdanowski",
      "permalink": "john-zdanowski"}},
   {"is_past": true,
    "title": "Co-Founder and CEO",
    "person":
     {"first_name": "John",
      "last_name": "McIntyre",
      "permalink": "john-mcintyre"}},
   {"is_past": true,
    "title": "Lead Web Developer",
    "person":
     {"first_name": "Tuukka",
      "last_name": "Luolamo",
      "permalink": "tuukka-luolamo"}},
   {"is_past": true,
    "title": "Senior Systems Architect",
    "person":
     {"first_name": "Joseph",
      "last_name": "Traister",
      "permalink": "joseph-traister"}},
   {"is_past": true,
    "title": "Director of Development",
    "person":
     {"first_name": "David",
      "last_name": "Geller",
      "permalink": "david-geller-2"}},
   {"is_past": true,
    "title": "Director of M\u0026A",
    "person":
     {"first_name": "Jason",
      "last_name": "Gardner",
      "permalink": "jason-gardner"}}],
 "competitions":
  [],
 "providerships":
  [],
 "total_money_raised": "$0",
 "funding_rounds":
  [],
 "investments":
  [],
 "acquisition": null,
 "acquisitions":
  [],
 "offices":
  [],
 "milestones":
  [],
 "ipo": null,
 "video_embeds":
  [],
 "screenshots":
  [],
 "external_links":
  [],
 "partners":
  []}
