{"name": "AfterBuzz TV",
 "permalink": "afterbuzz-tv",
 "crunchbase_url": "http://www.crunchbase.com/company/afterbuzz-tv",
 "homepage_url": "http://afterbuzztv.com",
 "blog_url": "",
 "blog_feed_url": "",
 "twitter_username": "afterbuzztv",
 "category_code": "games_video",
 "number_of_employees": 250,
 "founded_year": 2010,
 "founded_month": 8,
 "founded_day": 6,
 "deadpooled_year": null,
 "deadpooled_month": null,
 "deadpooled_day": null,
 "deadpooled_url": null,
 "tag_list": "afterbuzz, maria-menounos",
 "alias_list": null,
 "email_address": "info@afterbuzztv.com",
 "phone_number": "",
 "description": "The AfterShow Network",
 "created_at": "Thu Apr 18 00:22:34 UTC 2013",
 "updated_at": "Tue Sep 03 10:00:19 UTC 2013",
 "overview": "\u003Cp\u003EThe AfterBuzz TV Network is an online broadcast network, created by Extra host Maria Menounos and filmmaker Keven Undergaro, designated to producing live and recorded \u201cafter-show\u201d webcast and podcast content for TV series of all kinds. A veritable \u201cpost-game\u201d show for television shows, when TV fans finish watching episodes from select series, they can go to afterbuzztv.com to watch or listen to, an after-show where hosts, an eclectic and knowledgeable mix of celebrities, personalities and industry professionals, break down that night\u2019s episode, take calls from fans and interview guests. The platform is open to all TV series from \u201cHomeland\u201d to \u201cAmerican Idol\u201d\u003C/p\u003E\n\n\u003Cp\u003Eto \u201cHart of Dixie\u201d to \u201cMad Men\u201d to the \u201cJersey Shore.\u201d\u003C/p\u003E\n\n\u003Cp\u003EFor decades, sports fans have been treated to post-game wrap up shows after watching games. Thanks to AfterBuzz TV, at long last, TV fans can do the same \u2013 and they have. Thanks to their support, AfterBuzz TV is the largest new media platform on the web and fan\u2019s #1 source for after-show entertainment with a fan base that is literally worldwide!\u003C/p\u003E",
 "image":
  {"available_sizes":
    [[[150,
       150],
      "http://api-images.crunchbase.com/assets/images/resized/0031/9163/319163v2-max-150x150.jpg"],
     [[250,
       250],
      "http://api-images.crunchbase.com/assets/images/resized/0031/9163/319163v2-max-250x250.jpg"],
     [[450,
       450],
      "http://api-images.crunchbase.com/assets/images/resized/0031/9163/319163v2-max-450x450.jpg"]],
   "attribution": null},
 "products":
  [],
 "relationships":
  [{"is_past": false,
    "title": "Executive Producer",
    "person":
     {"first_name": "Maria",
      "last_name": "Menounos",
      "permalink": "maria-menounos"}},
   {"is_past": false,
    "title": "Executive Producer",
    "person":
     {"first_name": "Phil",
      "last_name": "Svitek",
      "permalink": "phil-svitek"}},
   {"is_past": false,
    "title": "Executive Producer",
    "person":
     {"first_name": "Keven",
      "last_name": "Undergaro",
      "permalink": "keven-undergaro"}}],
 "competitions":
  [],
 "providerships":
  [],
 "total_money_raised": "$0",
 "funding_rounds":
  [],
 "investments":
  [],
 "acquisition": null,
 "acquisitions":
  [],
 "offices":
  [{"description": "AfterBuzz TV Network",
    "address1": "",
    "address2": "",
    "zip_code": "",
    "city": "Los Angeles",
    "state_code": "CA",
    "country_code": "USA",
    "latitude": null,
    "longitude": null}],
 "milestones":
  [],
 "ipo": null,
 "video_embeds":
  [],
 "screenshots":
  [],
 "external_links":
  [{"external_url": "http://www.afterbuzztv.com",
    "title": "Website"}],
 "partners":
  []}
