{"name": "AgBiome",
 "permalink": "agbiome",
 "crunchbase_url": "http://www.crunchbase.com/company/agbiome",
 "homepage_url": "http://agbiome.com",
 "blog_url": "",
 "blog_feed_url": "",
 "twitter_username": "agbiome",
 "category_code": "biotech",
 "number_of_employees": null,
 "founded_year": 2012,
 "founded_month": null,
 "founded_day": null,
 "deadpooled_year": null,
 "deadpooled_month": null,
 "deadpooled_day": null,
 "deadpooled_url": null,
 "tag_list": "",
 "alias_list": "",
 "email_address": "",
 "phone_number": "",
 "description": "Biotechnology company ",
 "created_at": "Sat Apr 13 10:32:39 UTC 2013",
 "updated_at": "Wed Oct 23 04:58:15 UTC 2013",
 "overview": "\u003Cp\u003EAgBiome is a privately held, product-oriented biotechnology company focused on delivering the best early-stage research and discovery to the agriculture industry. AgBiome\u2019s first product is a biological that controls the predominant soil-borne diseases of greenhouse and major row crops. AgBiome is also applying state-of-the-art genomics and screening technologies to identify plant-associated microbes that enhance plant health, pest resistance and yield. They are committed to developing and maintaining a team-oriented, creative, intellectual culture that provides a sustainable advantage for their partners and them. \u003C/p\u003E",
 "image":
  {"available_sizes":
    [[[150,
       77],
      "http://api-images.crunchbase.com/assets/images/resized/0025/1221/251221v1-max-150x150.jpg"],
     [[207,
       107],
      "http://api-images.crunchbase.com/assets/images/resized/0025/1221/251221v1-max-250x250.jpg"],
     [[207,
       107],
      "http://api-images.crunchbase.com/assets/images/resized/0025/1221/251221v1-max-450x450.jpg"]],
   "attribution": null},
 "products":
  [],
 "relationships":
  [{"is_past": false,
    "title": "Board of Directors",
    "person":
     {"first_name": "Amir",
      "last_name": "Nashat",
      "permalink": "amir-nashat"}}],
 "competitions":
  [],
 "providerships":
  [],
 "total_money_raised": "$17.5M",
 "funding_rounds":
  [{"id": 37023,
    "round_code": "a",
    "source_url": "https://docs.google.com/file/d/0BzS9p8aaXnIya3ZRWi1WdWdHMHM/edit?usp=sharing",
    "source_description": "",
    "raised_amount": 17500000.0,
    "raised_currency_code": "USD",
    "funded_year": 2013,
    "funded_month": 4,
    "funded_day": 11,
    "investments":
     [{"company": null,
       "financial_org":
        {"name": "Polaris Partners",
         "permalink": "polaris-partners"},
       "person": null},
      {"company": null,
       "financial_org":
        {"name": "ARCH Venture Partners",
         "permalink": "arch-venture-partners"},
       "person": null},
      {"company": null,
       "financial_org":
        {"name": "Harris \u0026 Harris Group",
         "permalink": "harris-harris-group"},
       "person": null},
      {"company": null,
       "financial_org":
        {"name": "Innotech Advisers",
         "permalink": "innotech-advisers"},
       "person": null}]}],
 "investments":
  [],
 "acquisition": null,
 "acquisitions":
  [],
 "offices":
  [{"description": "",
    "address1": "104 T. W. Alexander Drive",
    "address2": "Building 18",
    "zip_code": "27709",
    "city": "Research Triangle Park",
    "state_code": "NC",
    "country_code": "USA",
    "latitude": null,
    "longitude": null}],
 "milestones":
  [],
 "ipo": null,
 "video_embeds":
  [],
 "screenshots":
  [{"available_sizes":
     [[[150,
        105],
       "http://api-images.crunchbase.com/assets/images/resized/0025/1222/251222v1-max-150x150.jpg"],
      [[250,
        175],
       "http://api-images.crunchbase.com/assets/images/resized/0025/1222/251222v1-max-250x250.jpg"],
      [[450,
        316],
       "http://api-images.crunchbase.com/assets/images/resized/0025/1222/251222v1-max-450x450.jpg"]],
    "attribution": null}],
 "external_links":
  [],
 "partners":
  []}
