{"name": "AgencyFour",
 "permalink": "agencyfour",
 "crunchbase_url": "http://www.crunchbase.com/company/agencyfour",
 "homepage_url": "http://www.agencyfour.com",
 "blog_url": "",
 "blog_feed_url": "",
 "twitter_username": "agencyfour",
 "category_code": "consulting",
 "number_of_employees": 6,
 "founded_year": 2009,
 "founded_month": 2,
 "founded_day": 1,
 "deadpooled_year": null,
 "deadpooled_month": null,
 "deadpooled_day": null,
 "deadpooled_url": null,
 "tag_list": "marketing, consulting, advertising, online-marketing, seo, ppc, google, social-media, email-marketing, lead-generation, linkedin",
 "alias_list": null,
 "email_address": "george@agencyfour.com",
 "phone_number": "4124759195",
 "description": "Online Marketing Agency",
 "created_at": "Wed May 08 09:52:32 UTC 2013",
 "updated_at": "Thu May 09 04:28:56 UTC 2013",
 "overview": "\u003Cp\u003EInternational online marketing agency located in Tel Aviv, Israel and established in 2009. AgencyFour specializes in start-up and hi-tech companies.  Our clients include leading companies in B2B, B2C, Non-profit, and DoD. AgencyFour is a full service online marketing agency offering: Lead Generation, SEO, PPC, Email Marketing, Social Media, Display Advertising, Remarketing, Content Development, and Training.  The staff of AgencyFour regularly hold local events to educate the business community on new technology, techniques, and best practices for online marketing.\u003C/p\u003E",
 "image": null,
 "products":
  [],
 "relationships":
  [],
 "competitions":
  [],
 "providerships":
  [],
 "total_money_raised": "$0",
 "funding_rounds":
  [],
 "investments":
  [],
 "acquisition": null,
 "acquisitions":
  [],
 "offices":
  [{"description": "Tel Aviv Offices",
    "address1": "Rechov",
    "address2": "3rd Floor Suite A",
    "zip_code": "76804",
    "city": "Mazkeret Batya",
    "state_code": null,
    "country_code": "ISR",
    "latitude": null,
    "longitude": null}],
 "milestones":
  [],
 "ipo": null,
 "video_embeds":
  [],
 "screenshots":
  [],
 "external_links":
  [],
 "partners":
  []}
