{"name": "Agere System Inc",
 "permalink": "agere-system-inc",
 "crunchbase_url": "http://www.crunchbase.com/company/agere-system-inc",
 "homepage_url": null,
 "blog_url": null,
 "blog_feed_url": null,
 "twitter_username": null,
 "category_code": null,
 "number_of_employees": null,
 "founded_year": null,
 "founded_month": null,
 "founded_day": null,
 "deadpooled_year": null,
 "deadpooled_month": null,
 "deadpooled_day": null,
 "deadpooled_url": null,
 "tag_list": null,
 "alias_list": null,
 "email_address": null,
 "phone_number": null,
 "description": null,
 "created_at": "Fri May 03 15:12:50 UTC 2013",
 "updated_at": "Fri May 03 15:12:50 UTC 2013",
 "overview": null,
 "image": null,
 "products":
  [],
 "relationships":
  [{"is_past": true,
    "title": "EVP Operations, VP Supply Chain and Quality",
    "person":
     {"first_name": "Andy",
      "last_name": "Micallef",
      "permalink": "andy-micallef"}},
   {"is_past": true,
    "title": "Analog Designer",
    "person":
     {"first_name": "Degang",
      "last_name": "Xia",
      "permalink": "degang-xia"}},
   {"is_past": true,
    "title": "Vice President of Engineering",
    "person":
     {"first_name": "Sajol",
      "last_name": "Ghoshal",
      "permalink": "sajol-ghoshal"}},
   {"is_past": true,
    "title": "Director, Strategic Accounts",
    "person":
     {"first_name": "John",
      "last_name": "Cummins",
      "permalink": "john-cummins"}},
   {"is_past": true,
    "title": "Director of Marketing Operations",
    "person":
     {"first_name": "Kimberly",
      "last_name": "Trapp",
      "permalink": "kimberly-trapp"}}],
 "competitions":
  [],
 "providerships":
  [],
 "total_money_raised": "$0",
 "funding_rounds":
  [],
 "investments":
  [],
 "acquisition": null,
 "acquisitions":
  [],
 "offices":
  [],
 "milestones":
  [],
 "ipo": null,
 "video_embeds":
  [],
 "screenshots":
  [],
 "external_links":
  [],
 "partners":
  []}
