{"name": "Agere Systems (USA)",
 "permalink": "agere-systems-usa",
 "crunchbase_url": "http://www.crunchbase.com/company/agere-systems-usa",
 "homepage_url": null,
 "blog_url": null,
 "blog_feed_url": null,
 "twitter_username": null,
 "category_code": null,
 "number_of_employees": null,
 "founded_year": null,
 "founded_month": null,
 "founded_day": null,
 "deadpooled_year": null,
 "deadpooled_month": null,
 "deadpooled_day": null,
 "deadpooled_url": null,
 "tag_list": null,
 "alias_list": null,
 "email_address": null,
 "phone_number": null,
 "description": null,
 "created_at": "Mon Apr 15 12:16:07 UTC 2013",
 "updated_at": "Mon Apr 15 12:16:07 UTC 2013",
 "overview": null,
 "image": null,
 "products":
  [],
 "relationships":
  [{"is_past": true,
    "title": "",
    "person":
     {"first_name": "Eliseo",
      "last_name": "Sobrino Patino",
      "permalink": "eliseo-sobrino-patino"}},
   {"is_past": true,
    "title": "Director of Process Development",
    "person":
     {"first_name": "Gregg",
      "last_name": "Higashi",
      "permalink": "gregg-higashi"}}],
 "competitions":
  [],
 "providerships":
  [],
 "total_money_raised": "$0",
 "funding_rounds":
  [],
 "investments":
  [],
 "acquisition": null,
 "acquisitions":
  [],
 "offices":
  [],
 "milestones":
  [],
 "ipo": null,
 "video_embeds":
  [],
 "screenshots":
  [],
 "external_links":
  [],
 "partners":
  []}
