{"name": "Agilent-Philips Lumileds Lighting joint venture",
 "permalink": "agilent-philips-lumileds-lighting-joint-venture",
 "crunchbase_url": "http://www.crunchbase.com/company/agilent-philips-lumileds-lighting-joint-venture",
 "homepage_url": null,
 "blog_url": null,
 "blog_feed_url": null,
 "twitter_username": null,
 "category_code": null,
 "number_of_employees": null,
 "founded_year": null,
 "founded_month": null,
 "founded_day": null,
 "deadpooled_year": null,
 "deadpooled_month": null,
 "deadpooled_day": null,
 "deadpooled_url": null,
 "tag_list": null,
 "alias_list": null,
 "email_address": null,
 "phone_number": null,
 "description": null,
 "created_at": "Wed May 01 06:09:31 UTC 2013",
 "updated_at": "Wed May 01 06:09:31 UTC 2013",
 "overview": null,
 "image": null,
 "products":
  [],
 "relationships":
  [{"is_past": true,
    "title": "Executive Vice President of R\u0026D and CTO.",
    "person":
     {"first_name": "Frank",
      "last_name": "M. Steranka",
      "permalink": "frank-m-steranka"}}],
 "competitions":
  [],
 "providerships":
  [],
 "total_money_raised": "$0",
 "funding_rounds":
  [],
 "investments":
  [],
 "acquisition": null,
 "acquisitions":
  [],
 "offices":
  [],
 "milestones":
  [],
 "ipo": null,
 "video_embeds":
  [],
 "screenshots":
  [],
 "external_links":
  [],
 "partners":
  []}
