{"name": "Agouron Pharmaceuticals Inc.",
 "permalink": "agouron-pharmaceuticals-inc",
 "crunchbase_url": "http://www.crunchbase.com/company/agouron-pharmaceuticals-inc",
 "homepage_url": null,
 "blog_url": null,
 "blog_feed_url": null,
 "twitter_username": null,
 "category_code": null,
 "number_of_employees": null,
 "founded_year": null,
 "founded_month": null,
 "founded_day": null,
 "deadpooled_year": null,
 "deadpooled_month": null,
 "deadpooled_day": null,
 "deadpooled_url": null,
 "tag_list": null,
 "alias_list": null,
 "email_address": null,
 "phone_number": null,
 "description": null,
 "created_at": "Mon Apr 29 10:22:30 UTC 2013",
 "updated_at": "Mon Jan 13 03:01:10 UTC 2014",
 "overview": "\u003Cp\u003EAgouron Pharmaceuticals, Inc.\u2019s operations consists of the discovery, development, manufacture, and marketing of therapeutic products engineered to inactivate proteins, which play roles in cancer, AIDS, and other serious diseases. Its product, VIRACEPT\u00ae, was a drug for the treatment of HIV infection. Agouron Pharmaceuticals, Inc. operates as a subsidiary of Pfizer Inc.\u003C/p\u003E",
 "image":
  {"available_sizes":
    [[[150,
       103],
      "http://api-images.crunchbase.com/assets/images/resized/0039/2887/392887v1-max-150x150.png"],
     [[216,
       149],
      "http://api-images.crunchbase.com/assets/images/resized/0039/2887/392887v1-max-250x250.png"],
     [[216,
       149],
      "http://api-images.crunchbase.com/assets/images/resized/0039/2887/392887v1-max-450x450.png"]],
   "attribution": null},
 "products":
  [],
 "relationships":
  [{"is_past": true,
    "title": "Director, Head Of Virology",
    "person":
     {"first_name": "Amy",
      "last_name": "K. Patick",
      "permalink": "amy-k-patick"}},
   {"is_past": true,
    "title": "Manager, Global Marketing",
    "person":
     {"first_name": "Mark",
      "last_name": "Mahmood",
      "permalink": "mark-mahmood"}},
   {"is_past": true,
    "title": "Industry Positions",
    "person":
     {"first_name": "Mary",
      "last_name": "Rose Keller",
      "permalink": "mary-rose-keller"}},
   {"is_past": true,
    "title": "President, Global Commercial Operations",
    "person":
     {"first_name": "Kent",
      "last_name": "Snyder",
      "permalink": "kent-snyder"}},
   {"is_past": true,
    "title": "Commercial \u0026 Drug Development roles",
    "person":
     {"first_name": "Carol",
      "last_name": "Gallagher",
      "permalink": "carol-gallagher"}},
   {"is_past": true,
    "title": "Head of the Oncology Research Division",
    "person":
     {"first_name": "Patrick",
      "last_name": "O\u2019Connor",
      "permalink": "patrick-oconnor"}}],
 "competitions":
  [],
 "providerships":
  [],
 "total_money_raised": "$0",
 "funding_rounds":
  [],
 "investments":
  [],
 "acquisition": null,
 "acquisitions":
  [],
 "offices":
  [],
 "milestones":
  [],
 "ipo": null,
 "video_embeds":
  [],
 "screenshots":
  [],
 "external_links":
  [],
 "partners":
  []}
