{"name": "Agree System",
 "permalink": "agree-system",
 "crunchbase_url": "http://www.crunchbase.com/company/agree-system",
 "homepage_url": null,
 "blog_url": null,
 "blog_feed_url": null,
 "twitter_username": null,
 "category_code": null,
 "number_of_employees": null,
 "founded_year": null,
 "founded_month": null,
 "founded_day": null,
 "deadpooled_year": null,
 "deadpooled_month": null,
 "deadpooled_day": null,
 "deadpooled_url": null,
 "tag_list": null,
 "alias_list": null,
 "email_address": null,
 "phone_number": null,
 "description": null,
 "created_at": "Sat Apr 20 06:02:12 UTC 2013",
 "updated_at": "Sat Apr 20 06:02:12 UTC 2013",
 "overview": null,
 "image": null,
 "products":
  [],
 "relationships":
  [{"is_past": true,
    "title": "Vice President ofIntellectual Property",
    "person":
     {"first_name": "Anthony",
      "last_name": "Grillo",
      "permalink": "anthony-grillo"}},
   {"is_past": true,
    "title": "Senior Program Manager",
    "person":
     {"first_name": "Arnoud",
      "last_name": "van Houten",
      "permalink": "arnoud-van-houten"}}],
 "competitions":
  [],
 "providerships":
  [],
 "total_money_raised": "$0",
 "funding_rounds":
  [],
 "investments":
  [],
 "acquisition": null,
 "acquisitions":
  [],
 "offices":
  [],
 "milestones":
  [],
 "ipo": null,
 "video_embeds":
  [],
 "screenshots":
  [],
 "external_links":
  [],
 "partners":
  []}
