{"name": "Air Radiators",
 "permalink": "air-radiators",
 "crunchbase_url": "http://www.crunchbase.com/company/air-radiators",
 "homepage_url": "http://www.airradiators.com",
 "blog_url": "",
 "blog_feed_url": "",
 "twitter_username": "AirRadiators",
 "category_code": null,
 "number_of_employees": null,
 "founded_year": null,
 "founded_month": null,
 "founded_day": null,
 "deadpooled_year": null,
 "deadpooled_month": null,
 "deadpooled_day": null,
 "deadpooled_url": null,
 "tag_list": null,
 "alias_list": "",
 "email_address": "mail@airrads.com.au",
 "phone_number": " \t  +61 (0) 3 5275 6644 ",
 "description": "",
 "created_at": "Fri May 10 03:22:35 UTC 2013",
 "updated_at": "Mon Mar 31 11:22:36 UTC 2014",
 "overview": "\u003Cp\u003EIn partnership with our customers, Air Radiators is committed to the innovative design of heat transfer and air movement solutions for a range of industrial markets including power generation, rail, defence, mining and heavy truck.\u003C/p\u003E\n\n\u003Cp\u003EWith over 30 years experience delivering solutions to complex cooling applications in all regions of the world, Air Radiators is acknowledged as a true leader in the heat transfer field.\u003C/p\u003E\n\n\u003Cp\u003ESustained growth and development has seen Air Radiators achievements recognised through various business excellence awards, culminating in induction into the Victorian Manufacturing Hall of Fame.\u003C/p\u003E\n\n\u003Cp\u003EAir Radiators is part of the Adrad Group of companies which specialises in all forms of engine cooling systems. Headquartered in Australia with four manufacturing plants and over 400 employees, the Adrad Group boasts significant resources and capabilities. \u003C/p\u003E",
 "image":
  {"available_sizes":
    [[[150,
       67],
      "http://api-images.crunchbase.com/assets/images/resized/0027/3461/273461v1-max-150x150.jpg"],
     [[176,
       79],
      "http://api-images.crunchbase.com/assets/images/resized/0027/3461/273461v1-max-250x250.jpg"],
     [[176,
       79],
      "http://api-images.crunchbase.com/assets/images/resized/0027/3461/273461v1-max-450x450.jpg"]],
   "attribution": null},
 "products":
  [],
 "relationships":
  [{"is_past": true,
    "title": "Marketing and Communications Coordinator",
    "person":
     {"first_name": "Cassie",
      "last_name": "Anderson",
      "permalink": "cassie-anderson"}}],
 "competitions":
  [],
 "providerships":
  [],
 "total_money_raised": "$0",
 "funding_rounds":
  [],
 "investments":
  [],
 "acquisition": null,
 "acquisitions":
  [],
 "offices":
  [{"description": "",
    "address1": "",
    "address2": "45 Heales Road, Victoria",
    "zip_code": "PO Box 243 AUSTRALIA 3212",
    "city": "Lara",
    "state_code": null,
    "country_code": "GBR",
    "latitude": -38.0235922,
    "longitude": 144.4078657}],
 "milestones":
  [],
 "ipo": null,
 "video_embeds":
  [],
 "screenshots":
  [{"available_sizes":
     [[[150,
        95],
       "http://api-images.crunchbase.com/assets/images/resized/0027/3462/273462v1-max-150x150.jpg"],
      [[250,
        159],
       "http://api-images.crunchbase.com/assets/images/resized/0027/3462/273462v1-max-250x250.jpg"],
      [[450,
        287],
       "http://api-images.crunchbase.com/assets/images/resized/0027/3462/273462v1-max-450x450.jpg"]],
    "attribution": null}],
 "external_links":
  [],
 "partners":
  []}
