{"name": "AirPrime",
 "permalink": "airprime",
 "crunchbase_url": "http://www.crunchbase.com/company/airprime",
 "homepage_url": null,
 "blog_url": null,
 "blog_feed_url": null,
 "twitter_username": null,
 "category_code": null,
 "number_of_employees": null,
 "founded_year": null,
 "founded_month": null,
 "founded_day": null,
 "deadpooled_year": null,
 "deadpooled_month": null,
 "deadpooled_day": null,
 "deadpooled_url": null,
 "tag_list": null,
 "alias_list": null,
 "email_address": null,
 "phone_number": null,
 "description": null,
 "created_at": "Sat Apr 20 02:03:14 UTC 2013",
 "updated_at": "Sat Apr 20 02:03:14 UTC 2013",
 "overview": null,
 "image": null,
 "products":
  [],
 "relationships":
  [{"is_past": false,
    "title": "",
    "person":
     {"first_name": "Hanson",
      "last_name": "On",
      "permalink": "hanson-on"}},
   {"is_past": true,
    "title": "Director, Software Engineering",
    "person":
     {"first_name": "Rick",
      "last_name": "Carpenter",
      "permalink": "rick-carpenter"}},
   {"is_past": true,
    "title": "Investor",
    "person":
     {"first_name": "Anik",
      "last_name": "Bose",
      "permalink": "anik-bose"}}],
 "competitions":
  [],
 "providerships":
  [],
 "total_money_raised": "$0",
 "funding_rounds":
  [],
 "investments":
  [],
 "acquisition": null,
 "acquisitions":
  [],
 "offices":
  [],
 "milestones":
  [],
 "ipo": null,
 "video_embeds":
  [],
 "screenshots":
  [],
 "external_links":
  [],
 "partners":
  []}
