{"name": "Aivo",
 "permalink": "aivo",
 "crunchbase_url": "http://www.crunchbase.com/company/aivo",
 "homepage_url": "http://www.aivo.co",
 "blog_url": "http://aivo.co/blog/en",
 "blog_feed_url": "http://aivo.co/blog/feed/",
 "twitter_username": "aivo_en",
 "category_code": "web",
 "number_of_employees": 15,
 "founded_year": 2011,
 "founded_month": 6,
 "founded_day": null,
 "deadpooled_year": null,
 "deadpooled_month": null,
 "deadpooled_day": null,
 "deadpooled_url": null,
 "tag_list": "virtual-interaction, real-time-response, customer-service, digital-channels, automatic-attention, interactive-technology, digital-solution, dynamic-conversation, voice-recognition, virtual-agent, automatic-customer-service, automatic-chat, web-serf-servic",
 "alias_list": "",
 "email_address": "info@aivo.co",
 "phone_number": "+1 888 882 3418",
 "description": "Automatic Customer Service",
 "created_at": "Mon Apr 15 13:28:54 UTC 2013",
 "updated_at": "Fri Mar 21 16:47:29 UTC 2014",
 "overview": "\u003Cp\u003EAivo thinks global. With 3 offices around the world, 6 partners in America, 28 active Agentbot and 1 MM people answered, Aivo creates solutions that revolutionize the way companies and users communicate. \nIts first product is Agentbot, an automatic service solution, that intelligently recognizes, interprets and responds to client\u2019s questions across multiples digital channels in real-time. Thanks to AgentBot, companies can reduce service costs, increase customer satisfaction and offer their customers a new experience.\nBrands as Netshoes, Telef\u00f3nica, Movistar, Sony and Sky TV trust their customer service on Agentbot.\u003C/p\u003E",
 "image":
  {"available_sizes":
    [[[150,
       67],
      "http://api-images.crunchbase.com/assets/images/resized/0025/1610/251610v2-max-150x150.jpg"],
     [[250,
       112],
      "http://api-images.crunchbase.com/assets/images/resized/0025/1610/251610v2-max-250x250.jpg"],
     [[450,
       203],
      "http://api-images.crunchbase.com/assets/images/resized/0025/1610/251610v2-max-450x450.jpg"]],
   "attribution": null},
 "products":
  [{"name": "AgentBot",
    "permalink": "agentbot"}],
 "relationships":
  [{"is_past": false,
    "title": "Global Expantion Manager",
    "person":
     {"first_name": "Daniela",
      "last_name": "Sargiotto",
      "permalink": "daniela-sargiotto"}},
   {"is_past": false,
    "title": "Enterprise Sales Manager Latam",
    "person":
     {"first_name": "Horacio",
      "last_name": "Canavesi",
      "permalink": "horacio-canavesi"}},
   {"is_past": false,
    "title": "Regional Manager",
    "person":
     {"first_name": "Nicol\u00e1s",
      "last_name": "Ramos",
      "permalink": "nicols-ramos"}},
   {"is_past": false,
    "title": "Marketing Manager",
    "person":
     {"first_name": "Pablo",
      "last_name": "Salvatori",
      "permalink": "pablo-salvatori"}},
   {"is_past": true,
    "title": "CEO",
    "person":
     {"first_name": "Martin",
      "last_name": "Sebast\u00edan Frascaroli",
      "permalink": "martin-sebastan-frascaroli"}},
   {"is_past": true,
    "title": "COO",
    "person":
     {"first_name": "Leandro",
      "last_name": "Lopez Mazzarini",
      "permalink": "leandro-lopez-mazzarini"}},
   {"is_past": true,
    "title": "CTO",
    "person":
     {"first_name": "Marcelo",
      "last_name": "Toranzos",
      "permalink": "marcelo-toranzos"}}],
 "competitions":
  [{"competitor":
     {"name": "Indisys",
      "permalink": "indisys"}},
   {"competitor":
     {"name": "Next IT",
      "permalink": "next-it"}},
   {"competitor":
     {"name": "Artificial Solutions",
      "permalink": "artificial-solutions"}},
   {"competitor":
     {"name": "VirtuOz",
      "permalink": "virtuoz"}},
   {"competitor":
     {"name": "Creative Virtual",
      "permalink": "creative-virtual"}}],
 "providerships":
  [],
 "total_money_raised": "$300k",
 "funding_rounds":
  [{"id": 37751,
    "round_code": "seed",
    "source_url": "",
    "source_description": "",
    "raised_amount": 300000.0,
    "raised_currency_code": "USD",
    "funded_year": 2012,
    "funded_month": 12,
    "funded_day": 15,
    "investments":
     [{"company": null,
       "financial_org": null,
       "person":
        {"first_name": "Marcos",
         "last_name": "Gasperin",
         "permalink": "marcos-gasperin"}},
      {"company": null,
       "financial_org": null,
       "person":
        {"first_name": "Juan",
         "last_name": "Manuel Collado",
         "permalink": "juan-manuel-collado"}},
      {"company": null,
       "financial_org": null,
       "person":
        {"first_name": "Tom\u00e1s",
         "last_name": "Paez",
         "permalink": "toms-paez"}},
      {"company": null,
       "financial_org": null,
       "person":
        {"first_name": "Luciano",
         "last_name": "Nicora",
         "permalink": "luciano-nicora"}},
      {"company": null,
       "financial_org": null,
       "person":
        {"first_name": "Ariel",
         "last_name": "Reinhold",
         "permalink": "ariel-reinhold"}},
      {"company": null,
       "financial_org": null,
       "person":
        {"first_name": "Eduardo",
         "last_name": "Suarez-Battan",
         "permalink": "eduardo-suarez-battan"}},
      {"company": null,
       "financial_org": null,
       "person":
        {"first_name": "Ignacio",
         "last_name": "Pe\u00f1a",
         "permalink": "ignacio-pea"}}]}],
 "investments":
  [],
 "acquisition": null,
 "acquisitions":
  [],
 "offices":
  [{"description": "Sao Paulo Office",
    "address1": "Avenida das Na\u00e7\u00f5es Unidas",
    "address2": "",
    "zip_code": "12.495",
    "city": "Sao Paulo",
    "state_code": null,
    "country_code": "BRA",
    "latitude": -23.6083259,
    "longitude": -46.6973662},
   {"description": "Buenos Aires Office",
    "address1": "Guatemala 5000",
    "address2": "",
    "zip_code": "C1425BUR",
    "city": "Buenos Aires",
    "state_code": null,
    "country_code": "ARG",
    "latitude": -34.5841967,
    "longitude": -58.4271853},
   {"description": "C\u00f3rdoba Office",
    "address1": "Ituzaing\u00f3 129",
    "address2": "",
    "zip_code": "X5000IJC",
    "city": "C\u00f3rdoba",
    "state_code": null,
    "country_code": "ARG",
    "latitude": -31.4181898,
    "longitude": -64.1822318},
   {"description": "San Francisco Office",
    "address1": "181 Fremont St",
    "address2": "",
    "zip_code": "CA 94105",
    "city": "San Francisco",
    "state_code": "CA",
    "country_code": "USA",
    "latitude": 37.7896246,
    "longitude": -122.3954269}],
 "milestones":
  [{"id": 33905,
    "description": "Martin Frascaroli is Endeavor Entrepreneur",
    "stoned_year": 2011,
    "stoned_month": 12,
    "stoned_day": null,
    "source_url": "http://aivo.co/blog/en/2011/12/martin-frascaroli-es-uno-de-los-nuevos-emprendedores-endeavor/",
    "source_text": null,
    "source_description": "Martin Frascaroli chosen as an Endeavor Entrepreneur",
    "stoneable_type": "Company",
    "stoned_value": null,
    "stoned_value_type": null,
    "stoned_acquirer": null,
    "stoneable":
     {"name": "Aivo",
      "permalink": "aivo"}},
   {"id": 49507,
    "description": "Nicol\u00e1s Ramos is Aivo's Regional Manager",
    "stoned_year": 2013,
    "stoned_month": 10,
    "stoned_day": null,
    "source_url": "",
    "source_text": null,
    "source_description": "",
    "stoneable_type": "Company",
    "stoned_value": null,
    "stoned_value_type": null,
    "stoned_acquirer": null,
    "stoneable":
     {"name": "Aivo",
      "permalink": "aivo"}}],
 "ipo": null,
 "video_embeds":
  [{"embed_code": "\u003Ciframe width=\"430\" height=\"315\" src=\"http://www.youtube.com/embed/qUfYpPrUAYA\" frameborder=\"0\" allowfullscreen\u003E\u003C/iframe\u003E",
    "description": "\u003Cp\u003EAgentBot is an automatic service solution on digital channels\u003C/p\u003E"},
   {"embed_code": "\u003Ciframe width=\"430\" height=\"315\" src=\"//www.youtube.com/embed/X2pw4wTW2tk\" frameborder=\"0\" allowfullscreen\u003E\u003C/iframe\u003E",
    "description": "\u003Cp\u003EHow Agentbot helps Banking companies to improve their customer service\u003C/p\u003E"},
   {"embed_code": "\u003Ciframe width=\"430\" height=\"315\" src=\"//www.youtube.com/embed/gFWk6_J48Ts\" frameborder=\"0\" allowfullscreen\u003E\u003C/iframe\u003E",
    "description": "\u003Cp\u003EHow Agentbot can be used in Automotive companies\u003C/p\u003E"},
   {"embed_code": "\u003Ciframe width=\"430\" height=\"315\" src=\"//www.youtube.com/embed/dkTF6AgqtIo\" frameborder=\"0\" allowfullscreen\u003E\u003C/iframe\u003E",
    "description": "\u003Cp\u003EAgentbot is the ideal customer service support in Ecommerce Companies\u003C/p\u003E"}],
 "screenshots":
  [{"available_sizes":
     [[[150,
        53],
       "http://api-images.crunchbase.com/assets/images/resized/0029/0431/290431v2-max-150x150.png"],
      [[250,
        89],
       "http://api-images.crunchbase.com/assets/images/resized/0029/0431/290431v2-max-250x250.png"],
      [[450,
        161],
       "http://api-images.crunchbase.com/assets/images/resized/0029/0431/290431v2-max-450x450.png"]],
    "attribution": null}],
 "external_links":
  [{"external_url": "http://aivo.co/blog/en/2013/03/martin-frascaroli-emprendedor-serial-segun-clarin-pymes/",
    "title": "Martin Martin Frascaroli: Serial Entrepreneur according to"},
   {"external_url": "http://aivo.co/blog/en/2013/03/martin-frascaroli-emprendedor-serial-segun-clarin-pymes/",
    "title": "Martin Martin Frascaroli: Serial Entrepreneur according to"},
   {"external_url": "http://aivo.co/blog/en/2013/03/martin-frascaroli-emprendedor-serial-segun-clarin-pymes/",
    "title": "Martin Frascaroli: Serial Entrepreneur"},
   {"external_url": "http://aivo.co/blog/en/2012/02/aivo-agentbot-entre-los-10-mejores-emprendimientos-de-america-latina/",
    "title": "Top 10 Latin American StartUps"},
   {"external_url": "http://aivo.co/blog/en/2011/12/martin-frascaroli-es-uno-de-los-nuevos-emprendedores-endeavor/",
    "title": "Endeavor Entrepreneur"},
   {"external_url": "http://aivo.co/blog/en/2011/12/martin-frascaroli-fue-homenajeado-por-endeavor-como-emprendedor-emergente/",
    "title": "Emerging Entrepreneur"}],
 "partners":
  [{"partner_name": "angel_list",
    "homepage_url": "http://www.aivo.co",
    "link_1_url": "https://angel.co/aivo",
    "link_2_url": null,
    "link_3_url": null,
    "link_1_name": "AngelList Page",
    "link_2_name": null,
    "link_3_name": null}]}
