{"name": "aknotec",
 "permalink": "aknotec",
 "crunchbase_url": "http://www.crunchbase.com/company/aknotec",
 "homepage_url": "http://www.aknotec.com.ar",
 "blog_url": "",
 "blog_feed_url": "",
 "twitter_username": null,
 "category_code": "software",
 "number_of_employees": null,
 "founded_year": 2008,
 "founded_month": 8,
 "founded_day": 1,
 "deadpooled_year": null,
 "deadpooled_month": null,
 "deadpooled_day": null,
 "deadpooled_url": null,
 "tag_list": "business-process-management",
 "alias_list": null,
 "email_address": "",
 "phone_number": "",
 "description": "Business Process Managemnt ",
 "created_at": "Mon Apr 29 18:54:03 UTC 2013",
 "updated_at": "Tue May 07 04:31:22 UTC 2013",
 "overview": "\u003Cp\u003EAknotec provides solutions and support to SMBs that want to make their organization more efficient. Building processes around our clients\u0026#8217; needs and making those processes more flexible, we help you adapt to a rapid changing environment. With our suite of products and services and innovative Research Lab focused on finding the best solutions and technologies. Aknotec provides and implements the best BPM tools for its clients without the need for big time and cost investments.\u003C/p\u003E",
 "image":
  {"available_sizes":
    [[[100,
       30],
      "http://api-images.crunchbase.com/assets/images/resized/0025/6666/256666v2-max-150x150.png"],
     [[100,
       30],
      "http://api-images.crunchbase.com/assets/images/resized/0025/6666/256666v2-max-250x250.png"],
     [[100,
       30],
      "http://api-images.crunchbase.com/assets/images/resized/0025/6666/256666v2-max-450x450.png"]],
   "attribution": null},
 "products":
  [],
 "relationships":
  [],
 "competitions":
  [],
 "providerships":
  [],
 "total_money_raised": "$0",
 "funding_rounds":
  [],
 "investments":
  [],
 "acquisition": null,
 "acquisitions":
  [],
 "offices":
  [{"description": "",
    "address1": "43 # 634",
    "address2": "",
    "zip_code": "1900",
    "city": "La Plata",
    "state_code": null,
    "country_code": "ARG",
    "latitude": -34.9105057,
    "longitude": -57.9571566}],
 "milestones":
  [],
 "ipo": null,
 "video_embeds":
  [],
 "screenshots":
  [],
 "external_links":
  [],
 "partners":
  []}
