{"name": "akosma",
 "permalink": "akosma",
 "crunchbase_url": "http://www.crunchbase.com/company/akosma",
 "homepage_url": "http://akosma.com",
 "blog_url": "http://akosma.com/blog",
 "blog_feed_url": "",
 "twitter_username": "akosmasoftware",
 "category_code": null,
 "number_of_employees": 1,
 "founded_year": 2009,
 "founded_month": 6,
 "founded_day": 1,
 "deadpooled_year": 2013,
 "deadpooled_month": 5,
 "deadpooled_day": 22,
 "deadpooled_url": "",
 "tag_list": "",
 "alias_list": null,
 "email_address": "",
 "phone_number": "",
 "description": "Maker of mobile applications",
 "created_at": "Mon May 06 15:11:09 UTC 2013",
 "updated_at": "Tue Jul 02 11:57:58 UTC 2013",
 "overview": null,
 "image":
  {"available_sizes":
    [[[150,
       150],
      "http://api-images.crunchbase.com/assets/images/resized/0028/2990/282990v2-max-150x150.png"],
     [[170,
       170],
      "http://api-images.crunchbase.com/assets/images/resized/0028/2990/282990v2-max-250x250.png"],
     [[170,
       170],
      "http://api-images.crunchbase.com/assets/images/resized/0028/2990/282990v2-max-450x450.png"]],
   "attribution": null},
 "products":
  [],
 "relationships":
  [{"is_past": false,
    "title": "Founder \u0026 Director",
    "person":
     {"first_name": "Adrian",
      "last_name": "Kosmaczewski",
      "permalink": "adrian-kosmaczewski"}}],
 "competitions":
  [],
 "providerships":
  [],
 "total_money_raised": "$0",
 "funding_rounds":
  [],
 "investments":
  [],
 "acquisition": null,
 "acquisitions":
  [],
 "offices":
  [],
 "milestones":
  [],
 "ipo": null,
 "video_embeds":
  [],
 "screenshots":
  [],
 "external_links":
  [],
 "partners":
  []}
