{"name": "AKS WebSoft Consulting",
 "permalink": "aks-websoft-consulting",
 "crunchbase_url": "http://www.crunchbase.com/company/aks-websoft-consulting",
 "homepage_url": "http://www.aks-india.com",
 "blog_url": "http://blog.aks-india.com",
 "blog_feed_url": "",
 "twitter_username": "akswcpl",
 "category_code": "design",
 "number_of_employees": 15,
 "founded_year": 2006,
 "founded_month": null,
 "founded_day": null,
 "deadpooled_year": null,
 "deadpooled_month": null,
 "deadpooled_day": null,
 "deadpooled_url": null,
 "tag_list": "web-design, web-development, seo",
 "alias_list": null,
 "email_address": "",
 "phone_number": "+91-11-22414000",
 "description": "Web Design and Development",
 "created_at": "Tue Apr 23 06:35:07 UTC 2013",
 "updated_at": "Fri Sep 27 12:51:21 UTC 2013",
 "overview": "\u003Cp\u003EAKS Websoft Consulting Pvt Ltd was established in 2006 with an aim to provide affordable yet quality web services. Today it has become a leading technology company in Delhi-NCR. The company offers a wide range of web related services such as custom website design, web development, Search Engine Optimization (SEO), Pay Per Click (PPC), Social Media Marketing and Online Branding services.\u003C/p\u003E",
 "image":
  {"available_sizes":
    [[[98,
       42],
      "http://api-images.crunchbase.com/assets/images/resized/0033/3662/333662v2-max-150x150.png"],
     [[98,
       42],
      "http://api-images.crunchbase.com/assets/images/resized/0033/3662/333662v2-max-250x250.png"],
     [[98,
       42],
      "http://api-images.crunchbase.com/assets/images/resized/0033/3662/333662v2-max-450x450.png"]],
   "attribution": null},
 "products":
  [],
 "relationships":
  [{"is_past": false,
    "title": "Business Head - Technology Solutions \u0026 Services",
    "person":
     {"first_name": "Prateek",
      "last_name": "Kulshreshtha",
      "permalink": "prateek-kulshreshtha"}}],
 "competitions":
  [],
 "providerships":
  [],
 "total_money_raised": "$0",
 "funding_rounds":
  [],
 "investments":
  [],
 "acquisition": null,
 "acquisitions":
  [],
 "offices":
  [{"description": "Delhi Office",
    "address1": "WA-117, First Floor, New Patparganj Road",
    "address2": "Shakarpur",
    "zip_code": "110092",
    "city": "New Delhi",
    "state_code": null,
    "country_code": "IND",
    "latitude": null,
    "longitude": null}],
 "milestones":
  [],
 "ipo": null,
 "video_embeds":
  [],
 "screenshots":
  [],
 "external_links":
  [],
 "partners":
  []}
