{"name": "Akshit Fire Safety",
 "permalink": "akshit-fire-safety",
 "crunchbase_url": "http://www.crunchbase.com/company/akshit-fire-safety",
 "homepage_url": "http://www.akshitfiresafety.com",
 "blog_url": "",
 "blog_feed_url": "",
 "twitter_username": null,
 "category_code": "other",
 "number_of_employees": null,
 "founded_year": null,
 "founded_month": null,
 "founded_day": null,
 "deadpooled_year": null,
 "deadpooled_month": null,
 "deadpooled_day": null,
 "deadpooled_url": null,
 "tag_list": "",
 "alias_list": null,
 "email_address": "webmanager@akshitfiresafety.com",
 "phone_number": "9810510229",
 "description": "Trader of fire fighting equipment, fire ",
 "created_at": "Fri Apr 05 15:15:02 UTC 2013",
 "updated_at": "Fri Apr 05 15:15:06 UTC 2013",
 "overview": "\u003Cp\u003ETrader of fire fighting equipment, fire extinguisher, fire detection system, fire alarm system \u003C/p\u003E\n\n\u003Cp\u003EOur Products:\n Fire fighting equipment, fire extinguisher, fire detection system, fire alarm system.\u003C/p\u003E\n\n\u003Cp\u003ECall:+(91)-(120)-4168955\u003C/p\u003E",
 "image": null,
 "products":
  [],
 "relationships":
  [],
 "competitions":
  [],
 "providerships":
  [],
 "total_money_raised": "$0",
 "funding_rounds":
  [],
 "investments":
  [],
 "acquisition": null,
 "acquisitions":
  [],
 "offices":
  [],
 "milestones":
  [],
 "ipo": null,
 "video_embeds":
  [],
 "screenshots":
  [],
 "external_links":
  [],
 "partners":
  []}
