{"name": "Alankar Metal",
 "permalink": "alankar-metal",
 "crunchbase_url": "http://www.crunchbase.com/company/alankar-metal",
 "homepage_url": "http://www.indiamart.com/alankarmetalcraft",
 "blog_url": "",
 "blog_feed_url": "",
 "twitter_username": "IndiaMART",
 "category_code": "other",
 "number_of_employees": null,
 "founded_year": null,
 "founded_month": null,
 "founded_day": null,
 "deadpooled_year": null,
 "deadpooled_month": null,
 "deadpooled_day": null,
 "deadpooled_url": null,
 "tag_list": "",
 "alias_list": null,
 "email_address": "alankarmetalcraft@tradepassport.org",
 "phone_number": "9823044855",
 "description": "Manufacturing and supplying Bicycle Spok",
 "created_at": "Sat Apr 06 05:53:38 UTC 2013",
 "updated_at": "Mon Apr 08 00:14:48 UTC 2013",
 "overview": "\u003Cp\u003EEstablished in the year 1995, we, M/s Alankar Metal Craft, are an eminent organization engaged in manufacturing and supplying a wide range of Sheet Metal Components, Sheet Metal Parts, Metal Components, Precision Sheet Metal Components, Bicycle Parts (Spokes), Bicycle Spokes, Electrical Modular/Metal Boxes, Modular Box, Zinc Plated Modular Box, Sheet Metal Terminal Box Cover and Sheet Metal Clamps. \u003C/p\u003E\n\n\u003Cp\u003EProduct portfolio:\u003C/p\u003E\n\n\u003Cpre\u003E\u003Ccode\u003ESheet Metal Pressed Component\nPrecision Sheet Metal Component\nSheet Metal Part\n\u003C/code\u003E\u003C/pre\u003E\n\n\u003Cp\u003EOur Team:\u003C/p\u003E\n\n\u003Cp\u003EWe are backed by a team of efficient professionals which assists us in catering to the diversified demands of the customers in an effective manner. These professionals are well-versed with the varied aspects of the market.\u003C/p\u003E\n\n\u003Cp\u003EQuality Assurance:\u003C/p\u003E\n\n\u003Cp\u003ESince inception, the basic motto of the organization is to provide top notch products to the clients as Alankar Metal Craft believes in quality instead of quantity sale. Therefore, all our product are manufactured using high quality raw material and in strict compliance to the international quality standards. \u003C/p\u003E\n\n\u003Cp\u003EOur Infrastructure:\u003C/p\u003E\n\n\u003Cp\u003EWe have developed a state-of-the-art infrastructure at Nagpur, Maharashtra, India, which is spread across a vast area. The infrastructure is segregated into different units like manufacturing, production, quality control, administrative and sales \u0026amp; marketing which are handled by our expert professionals.\u003C/p\u003E\n\n\u003Cp\u003EClient Satisfaction:\u003C/p\u003E\n\n\u003Cp\u003EKeeping into consideration that a satisfied customer is the desired end of any organization, we treat our customers courteously. Effective customer service serves as an automated instrument for the popularity of our firm. We frequently communicate with the clients to know their exact requirements and serve them accordingly. \u003C/p\u003E",
 "image":
  {"available_sizes":
    [[[150,
       101],
      "http://api-images.crunchbase.com/assets/images/resized/0024/9062/249062v2-max-150x150.jpg"],
     [[230,
       155],
      "http://api-images.crunchbase.com/assets/images/resized/0024/9062/249062v2-max-250x250.jpg"],
     [[230,
       155],
      "http://api-images.crunchbase.com/assets/images/resized/0024/9062/249062v2-max-450x450.jpg"]],
   "attribution": null},
 "products":
  [],
 "relationships":
  [],
 "competitions":
  [],
 "providerships":
  [],
 "total_money_raised": "$0",
 "funding_rounds":
  [],
 "investments":
  [],
 "acquisition": null,
 "acquisitions":
  [],
 "offices":
  [],
 "milestones":
  [],
 "ipo": null,
 "video_embeds":
  [],
 "screenshots":
  [],
 "external_links":
  [],
 "partners":
  []}
