{"name": "Alcatel Research",
 "permalink": "alcatel-research",
 "crunchbase_url": "http://www.crunchbase.com/company/alcatel-research",
 "homepage_url": null,
 "blog_url": null,
 "blog_feed_url": null,
 "twitter_username": null,
 "category_code": null,
 "number_of_employees": null,
 "founded_year": null,
 "founded_month": null,
 "founded_day": null,
 "deadpooled_year": null,
 "deadpooled_month": null,
 "deadpooled_day": null,
 "deadpooled_url": null,
 "tag_list": null,
 "alias_list": null,
 "email_address": null,
 "phone_number": null,
 "description": null,
 "created_at": "Fri May 10 08:48:25 UTC 2013",
 "updated_at": "Fri May 10 08:48:25 UTC 2013",
 "overview": null,
 "image": null,
 "products":
  [],
 "relationships":
  [{"is_past": true,
    "title": "R\u0026D Engineer",
    "person":
     {"first_name": "Alain",
      "last_name": "Demour",
      "permalink": "alain-demour"}},
   {"is_past": true,
    "title": "Senior Director, Product Development",
    "person":
     {"first_name": "David",
      "last_name": "Hinnant",
      "permalink": "david-hinnant"}}],
 "competitions":
  [],
 "providerships":
  [],
 "total_money_raised": "$0",
 "funding_rounds":
  [],
 "investments":
  [],
 "acquisition": null,
 "acquisitions":
  [],
 "offices":
  [],
 "milestones":
  [],
 "ipo": null,
 "video_embeds":
  [],
 "screenshots":
  [],
 "external_links":
  [],
 "partners":
  []}
