{"name": "Alchemedia",
 "permalink": "alchemedia",
 "crunchbase_url": "http://www.crunchbase.com/company/alchemedia",
 "homepage_url": null,
 "blog_url": null,
 "blog_feed_url": null,
 "twitter_username": null,
 "category_code": null,
 "number_of_employees": null,
 "founded_year": null,
 "founded_month": null,
 "founded_day": null,
 "deadpooled_year": null,
 "deadpooled_month": null,
 "deadpooled_day": null,
 "deadpooled_url": null,
 "tag_list": null,
 "alias_list": null,
 "email_address": null,
 "phone_number": null,
 "description": null,
 "created_at": "Sun Apr 07 23:46:59 UTC 2013",
 "updated_at": "Mon Apr 08 01:25:54 UTC 2013",
 "overview": null,
 "image": null,
 "products":
  [],
 "relationships":
  [{"is_past": true,
    "title": "Director, Product Management",
    "person":
     {"first_name": "Steve",
      "last_name": "Grigory",
      "permalink": "steve-grigory"}},
   {"is_past": true,
    "title": "Controller",
    "person":
     {"first_name": "Raffy",
      "last_name": "Wreschner",
      "permalink": "raffy-wreschner"}}],
 "competitions":
  [],
 "providerships":
  [],
 "total_money_raised": "$0",
 "funding_rounds":
  [],
 "investments":
  [],
 "acquisition": null,
 "acquisitions":
  [],
 "offices":
  [],
 "milestones":
  [],
 "ipo": null,
 "video_embeds":
  [],
 "screenshots":
  [],
 "external_links":
  [],
 "partners":
  []}
