{"name": "AlienFast",
 "permalink": "alienfast",
 "crunchbase_url": "http://www.crunchbase.com/company/alienfast",
 "homepage_url": "http://www.alienfast.com",
 "blog_url": "",
 "blog_feed_url": "",
 "twitter_username": "alienfast",
 "category_code": "software",
 "number_of_employees": 3,
 "founded_year": 2013,
 "founded_month": 4,
 "founded_day": 30,
 "deadpooled_year": null,
 "deadpooled_month": null,
 "deadpooled_day": null,
 "deadpooled_url": null,
 "tag_list": "saas",
 "alias_list": null,
 "email_address": "info@alienfast.com",
 "phone_number": "",
 "description": "Rainbows and Unicorns",
 "created_at": "Wed May 08 18:21:52 UTC 2013",
 "updated_at": "Thu May 09 05:35:08 UTC 2013",
 "overview": "\u003Cp\u003EWhat?\nAlienFast creates SaaS product companies targeting market segments that are often overlooked.    \u003C/p\u003E\n\n\u003Cp\u003EWhy?\nAlienFast knows their target customers can be profoundly more profitable, all while making their operations simpler and easier.\u003C/p\u003E\n\n\u003Cp\u003EHow?\nGaining deep understanding of each domain, AlienFast uses the theory of constraints to find an effective approach and implements it via a SaaS product company. \u003C/p\u003E\n\n\u003Cp\u003EOne-by-one, AlienFast creates each company to survive, sustain, and profit, all while fostering company cultures that provide for individual autonomy, mastery, and purpose.\u003C/p\u003E",
 "image": null,
 "products":
  [],
 "relationships":
  [{"is_past": false,
    "title": "Founder and CEO",
    "person":
     {"first_name": "Kevin",
      "last_name": "Ross",
      "permalink": "kevin-ross"}},
   {"is_past": false,
    "title": "Principal Developer",
    "person":
     {"first_name": "Blake",
      "last_name": "McDaniel",
      "permalink": "blake-mcdaniel"}}],
 "competitions":
  [],
 "providerships":
  [],
 "total_money_raised": "$0",
 "funding_rounds":
  [],
 "investments":
  [],
 "acquisition": null,
 "acquisitions":
  [],
 "offices":
  [{"description": "Headquarters",
    "address1": "130 1st Ave S",
    "address2": "",
    "zip_code": "37064",
    "city": "Franklin",
    "state_code": "TN",
    "country_code": "USA",
    "latitude": null,
    "longitude": null}],
 "milestones":
  [],
 "ipo": null,
 "video_embeds":
  [],
 "screenshots":
  [],
 "external_links":
  [{"external_url": "http://www.alienfast.com",
    "title": "Website"}],
 "partners":
  []}
