{"name": "Alive Technologies",
 "permalink": "alive-technologies",
 "crunchbase_url": "http://www.crunchbase.com/company/alive-technologies",
 "homepage_url": null,
 "blog_url": null,
 "blog_feed_url": null,
 "twitter_username": null,
 "category_code": null,
 "number_of_employees": null,
 "founded_year": null,
 "founded_month": null,
 "founded_day": null,
 "deadpooled_year": null,
 "deadpooled_month": null,
 "deadpooled_day": null,
 "deadpooled_url": null,
 "tag_list": null,
 "alias_list": null,
 "email_address": null,
 "phone_number": null,
 "description": null,
 "created_at": "Mon Apr 29 12:48:09 UTC 2013",
 "updated_at": "Fri Jun 14 07:30:51 UTC 2013",
 "overview": "\u003Cp\u003EAlive Technologies Pty. Ltd. develops and manufactures wireless health monitoring systems. It offers heart and activity monitor, a wireless health monitoring system for the screening, diagnosis, and management of chronic diseases, and for consumer health and fitness; and AliveECG software that connects to the heart and activity monitor over a wireless Bluetooth connection that enables to monitor a patient\u0026#8217;s ECG, heart rate, activity, and device status, and to record this data for later review. The company also provides oximeter, a wearable medical device, which reads oxygen saturation data from a sensor on the finger or earlobe, and transmits the data through the Bluetooth wireless technolog\u0026#8230;\u003C/p\u003E",
 "image": null,
 "products":
  [],
 "relationships":
  [{"is_past": false,
    "title": "CTO",
    "person":
     {"first_name": "Kim",
      "last_name": "Barnett",
      "permalink": "kim-barnett"}}],
 "competitions":
  [],
 "providerships":
  [],
 "total_money_raised": "$0",
 "funding_rounds":
  [],
 "investments":
  [],
 "acquisition": null,
 "acquisitions":
  [],
 "offices":
  [],
 "milestones":
  [],
 "ipo": null,
 "video_embeds":
  [],
 "screenshots":
  [],
 "external_links":
  [],
 "partners":
  []}
