{"name": "AlixPartners LLP",
 "permalink": "alixpartners-llp",
 "crunchbase_url": "http://www.crunchbase.com/company/alixpartners-llp",
 "homepage_url": null,
 "blog_url": null,
 "blog_feed_url": null,
 "twitter_username": null,
 "category_code": null,
 "number_of_employees": null,
 "founded_year": null,
 "founded_month": null,
 "founded_day": null,
 "deadpooled_year": null,
 "deadpooled_month": null,
 "deadpooled_day": null,
 "deadpooled_url": null,
 "tag_list": null,
 "alias_list": null,
 "email_address": null,
 "phone_number": null,
 "description": null,
 "created_at": "Wed May 01 09:59:06 UTC 2013",
 "updated_at": "Wed May 01 09:59:06 UTC 2013",
 "overview": null,
 "image": null,
 "products":
  [],
 "relationships":
  [{"is_past": false,
    "title": "Director - Turnaround \u0026 Restructuring Services Practice",
    "person":
     {"first_name": "Todd",
      "last_name": "A. Zoha",
      "permalink": "todd-a-zoha"}},
   {"is_past": true,
    "title": "Vice President",
    "person":
     {"first_name": "Roger",
      "last_name": "Yang",
      "permalink": "roger-yang"}},
   {"is_past": true,
    "title": "Vice President",
    "person":
     {"first_name": "Chris",
      "last_name": "Ventry",
      "permalink": "chris-ventry"}},
   {"is_past": true,
    "title": "Vice President",
    "person":
     {"first_name": "Don",
      "last_name": "Mathis",
      "permalink": "don-mathis"}},
   {"is_past": true,
    "title": "Director",
    "person":
     {"first_name": "Zeeshan",
      "last_name": "Mirza",
      "permalink": "zeeshan-mirza"}},
   {"is_past": true,
    "title": "MD",
    "person":
     {"first_name": "Robert",
      "last_name": "Noe",
      "permalink": "robert-noe"}},
   {"is_past": true,
    "title": "Associate",
    "person":
     {"first_name": "Gabe",
      "last_name": "Greenbaum",
      "permalink": "gabe-greenbaum"}},
   {"is_past": true,
    "title": "Director",
    "person":
     {"first_name": "Anish",
      "last_name": "Sheth",
      "permalink": "anish-sheth"}},
   {"is_past": true,
    "title": "VP, Turnaround \u0026 Restructuring",
    "person":
     {"first_name": "Sean",
      "last_name": "O Riordan",
      "permalink": "sean-o-riordan"}}],
 "competitions":
  [],
 "providerships":
  [],
 "total_money_raised": "$0",
 "funding_rounds":
  [],
 "investments":
  [],
 "acquisition": null,
 "acquisitions":
  [],
 "offices":
  [],
 "milestones":
  [],
 "ipo": null,
 "video_embeds":
  [],
 "screenshots":
  [],
 "external_links":
  [],
 "partners":
  []}
