{"name": "ALLDAYEVERYDAY",
 "permalink": "alldayeveryday",
 "crunchbase_url": "http://www.crunchbase.com/company/alldayeveryday",
 "homepage_url": null,
 "blog_url": null,
 "blog_feed_url": null,
 "twitter_username": null,
 "category_code": null,
 "number_of_employees": null,
 "founded_year": null,
 "founded_month": null,
 "founded_day": null,
 "deadpooled_year": null,
 "deadpooled_month": null,
 "deadpooled_day": null,
 "deadpooled_url": null,
 "tag_list": null,
 "alias_list": null,
 "email_address": null,
 "phone_number": null,
 "description": null,
 "created_at": "Wed Apr 17 11:50:44 UTC 2013",
 "updated_at": "Wed Apr 17 11:50:44 UTC 2013",
 "overview": null,
 "image": null,
 "products":
  [],
 "relationships":
  [{"is_past": false,
    "title": "Partner, Digital Director",
    "person":
     {"first_name": "Philip",
      "last_name": "Bjerknes",
      "permalink": "philip-bjerknes"}},
   {"is_past": false,
    "title": "Director of Marketing",
    "person":
     {"first_name": "Julie",
      "last_name": "Fredrickson",
      "permalink": "julie-fredrickson"}}],
 "competitions":
  [],
 "providerships":
  [],
 "total_money_raised": "$0",
 "funding_rounds":
  [],
 "investments":
  [],
 "acquisition": null,
 "acquisitions":
  [],
 "offices":
  [],
 "milestones":
  [],
 "ipo": null,
 "video_embeds":
  [],
 "screenshots":
  [],
 "external_links":
  [],
 "partners":
  []}
