{"name": "Allen Telecom",
 "permalink": "allen-telecom",
 "crunchbase_url": "http://www.crunchbase.com/company/allen-telecom",
 "homepage_url": null,
 "blog_url": null,
 "blog_feed_url": null,
 "twitter_username": null,
 "category_code": null,
 "number_of_employees": null,
 "founded_year": null,
 "founded_month": null,
 "founded_day": null,
 "deadpooled_year": null,
 "deadpooled_month": null,
 "deadpooled_day": null,
 "deadpooled_url": null,
 "tag_list": null,
 "alias_list": null,
 "email_address": null,
 "phone_number": null,
 "description": null,
 "created_at": "Wed Apr 24 10:50:47 UTC 2013",
 "updated_at": "Wed Apr 24 10:50:47 UTC 2013",
 "overview": null,
 "image": null,
 "products":
  [],
 "relationships":
  [{"is_past": false,
    "title": "Senior Software Engineer",
    "person":
     {"first_name": "Peter",
      "last_name": "Steele",
      "permalink": "peter-steele"}},
   {"is_past": true,
    "title": "Chairman, President and Chief Executive Officer",
    "person":
     {"first_name": "Walter",
      "last_name": "B. Kissinger",
      "permalink": "walter-b-kissinger"}},
   {"is_past": true,
    "title": "VP Sales",
    "person":
     {"first_name": "Dale",
      "last_name": "Bastian",
      "permalink": "dale-bastian"}}],
 "competitions":
  [],
 "providerships":
  [],
 "total_money_raised": "$0",
 "funding_rounds":
  [],
 "investments":
  [],
 "acquisition": null,
 "acquisitions":
  [],
 "offices":
  [],
 "milestones":
  [],
 "ipo": null,
 "video_embeds":
  [],
 "screenshots":
  [],
 "external_links":
  [],
 "partners":
  []}
