{"name": "Alliance For Telecommunications Industry Solutions",
 "permalink": "alliance-for-telecommunications-industry-solutions",
 "crunchbase_url": "http://www.crunchbase.com/company/alliance-for-telecommunications-industry-solutions",
 "homepage_url": null,
 "blog_url": null,
 "blog_feed_url": null,
 "twitter_username": null,
 "category_code": null,
 "number_of_employees": null,
 "founded_year": null,
 "founded_month": null,
 "founded_day": null,
 "deadpooled_year": null,
 "deadpooled_month": null,
 "deadpooled_day": null,
 "deadpooled_url": null,
 "tag_list": null,
 "alias_list": null,
 "email_address": null,
 "phone_number": null,
 "description": null,
 "created_at": "Tue May 07 20:52:53 UTC 2013",
 "updated_at": "Tue May 07 20:52:53 UTC 2013",
 "overview": null,
 "image": null,
 "products":
  [],
 "relationships":
  [{"is_past": false,
    "title": "Secretary and Director",
    "person":
     {"first_name": "Nick",
      "last_name": "Adamo",
      "permalink": "nick-adamo"}},
   {"is_past": false,
    "title": "Board Member",
    "person":
     {"first_name": "Oliver",
      "last_name": "M. Valente",
      "permalink": "oliver-m-valente"}},
   {"is_past": false,
    "title": "Board of Director",
    "person":
     {"first_name": "John",
      "last_name": "DevoLites",
      "permalink": "john-devolites"}},
   {"is_past": true,
    "title": "Board Member",
    "person":
     {"first_name": "John",
      "last_name": "Roese",
      "permalink": "john-roese"}}],
 "competitions":
  [],
 "providerships":
  [],
 "total_money_raised": "$0",
 "funding_rounds":
  [],
 "investments":
  [],
 "acquisition": null,
 "acquisitions":
  [],
 "offices":
  [],
 "milestones":
  [],
 "ipo": null,
 "video_embeds":
  [],
 "screenshots":
  [],
 "external_links":
  [],
 "partners":
  []}
