{"name": "Alliance Team Inc",
 "permalink": "alliance-team-inc",
 "crunchbase_url": "http://www.crunchbase.com/company/alliance-team-inc",
 "homepage_url": "http://www.allianceteaminc.com",
 "blog_url": "http://allianceteaminc.blogspot.com/",
 "blog_feed_url": "",
 "twitter_username": "allianceteaminc",
 "category_code": "advertising",
 "number_of_employees": 20,
 "founded_year": 2013,
 "founded_month": 1,
 "founded_day": 1,
 "deadpooled_year": null,
 "deadpooled_month": null,
 "deadpooled_day": null,
 "deadpooled_url": null,
 "tag_list": "allianceteaminc, alliance-team-inc",
 "alias_list": null,
 "email_address": "Careers@allianceteaminc.com",
 "phone_number": "916-515-8366",
 "description": "",
 "created_at": "Tue May 07 22:24:08 UTC 2013",
 "updated_at": "Wed May 08 05:54:15 UTC 2013",
 "overview": "\u003Cp\u003EWe foster success by our ability to build partnerships with our clients and our people based on trust, integrity, and hard work. Through our standards of excellence we positively push our team to excel above their potential and thrive in the future.\u201c\nOur people are the foundation of this company and provide the best services that exceed our client\u2019s expectations. The growth of this business as a whole is fueled by ambition and dedication to provide our clients top results.\u003C/p\u003E",
 "image":
  {"available_sizes":
    [[[145,
       99],
      "http://api-images.crunchbase.com/assets/images/resized/0025/9901/259901v2-max-150x150.jpg"],
     [[145,
       99],
      "http://api-images.crunchbase.com/assets/images/resized/0025/9901/259901v2-max-250x250.jpg"],
     [[145,
       99],
      "http://api-images.crunchbase.com/assets/images/resized/0025/9901/259901v2-max-450x450.jpg"]],
   "attribution": null},
 "products":
  [],
 "relationships":
  [{"is_past": false,
    "title": "Owner",
    "person":
     {"first_name": "Van",
      "last_name": "Bernardino",
      "permalink": "van-bernardino"}}],
 "competitions":
  [],
 "providerships":
  [],
 "total_money_raised": "$0",
 "funding_rounds":
  [],
 "investments":
  [],
 "acquisition": null,
 "acquisitions":
  [],
 "offices":
  [{"description": "Alliance Team Inc",
    "address1": "1860 Howe Ave #120 , CA",
    "address2": "",
    "zip_code": "95825",
    "city": "Sacramento",
    "state_code": "CA",
    "country_code": "USA",
    "latitude": null,
    "longitude": null}],
 "milestones":
  [],
 "ipo": null,
 "video_embeds":
  [],
 "screenshots":
  [],
 "external_links":
  [],
 "partners":
  []}
