{"name": "AlliedSignal Automotive Products Group",
 "permalink": "alliedsignal-automotive-products-group",
 "crunchbase_url": "http://www.crunchbase.com/company/alliedsignal-automotive-products-group",
 "homepage_url": null,
 "blog_url": null,
 "blog_feed_url": null,
 "twitter_username": null,
 "category_code": null,
 "number_of_employees": null,
 "founded_year": null,
 "founded_month": null,
 "founded_day": null,
 "deadpooled_year": null,
 "deadpooled_month": null,
 "deadpooled_day": null,
 "deadpooled_url": null,
 "tag_list": null,
 "alias_list": null,
 "email_address": null,
 "phone_number": null,
 "description": null,
 "created_at": "Sat Apr 20 12:34:05 UTC 2013",
 "updated_at": "Sat Apr 20 12:34:05 UTC 2013",
 "overview": null,
 "image": null,
 "products":
  [],
 "relationships":
  [{"is_past": true,
    "title": "Vice President Technology \u0026 Business Development",
    "person":
     {"first_name": "Mike",
      "last_name": "Propen",
      "permalink": "mike-propen"}},
   {"is_past": true,
    "title": "President",
    "person":
     {"first_name": "John",
      "last_name": "Barter",
      "permalink": "john-barter"}}],
 "competitions":
  [],
 "providerships":
  [],
 "total_money_raised": "$0",
 "funding_rounds":
  [],
 "investments":
  [],
 "acquisition": null,
 "acquisitions":
  [],
 "offices":
  [],
 "milestones":
  [],
 "ipo": null,
 "video_embeds":
  [],
 "screenshots":
  [],
 "external_links":
  [],
 "partners":
  []}
