{"name": "Allos Therapeutics",
 "permalink": "allos-therapeutics",
 "crunchbase_url": "http://www.crunchbase.com/company/allos-therapeutics",
 "homepage_url": null,
 "blog_url": null,
 "blog_feed_url": null,
 "twitter_username": null,
 "category_code": null,
 "number_of_employees": null,
 "founded_year": null,
 "founded_month": null,
 "founded_day": null,
 "deadpooled_year": null,
 "deadpooled_month": null,
 "deadpooled_day": null,
 "deadpooled_url": null,
 "tag_list": null,
 "alias_list": null,
 "email_address": null,
 "phone_number": null,
 "description": null,
 "created_at": "Fri Apr 26 11:23:44 UTC 2013",
 "updated_at": "Fri Apr 26 11:23:44 UTC 2013",
 "overview": null,
 "image": null,
 "products":
  [],
 "relationships":
  [{"is_past": false,
    "title": "Chairman of the Board",
    "person":
     {"first_name": "Stephen",
      "last_name": "J. Hoffman",
      "permalink": "stephen-j-hoffman"}},
   {"is_past": true,
    "title": "Executive Chairman",
    "person":
     {"first_name": "Stephen",
      "last_name": "J. Hoffman",
      "permalink": "stephen-j-hoffman"}},
   {"is_past": true,
    "title": "President / CEO / Board Member",
    "person":
     {"first_name": "Paul",
      "last_name": "L. Berns",
      "permalink": "paul-l-berns"}},
   {"is_past": true,
    "title": "President / CEO",
    "person":
     {"first_name": "Stephen",
      "last_name": "J. Hoffman",
      "permalink": "stephen-j-hoffman"}},
   {"is_past": true,
    "title": "Vice President of Corporate Communications and Investor Relations",
    "person":
     {"first_name": "Monique",
      "last_name": "M. Greer",
      "permalink": "monique-m-greer"}},
   {"is_past": true,
    "title": "VP HR",
    "person":
     {"first_name": "Barbara",
      "last_name": "E. Baring",
      "permalink": "barbara-e-baring"}},
   {"is_past": true,
    "title": "Member Of The Board Of Directors",
    "person":
     {"first_name": "David",
      "last_name": "M. Stout",
      "permalink": "david-m-stout"}},
   {"is_past": true,
    "title": "Board of Directors",
    "person":
     {"first_name": "Joseph",
      "last_name": "Turner",
      "permalink": "joseph-turner"}},
   {"is_past": true,
    "title": "Senior Corporate Development, Marketing, and Strategy Positions",
    "person":
     {"first_name": "Sunil",
      "last_name": "Patel",
      "permalink": "sunil-patel"}}],
 "competitions":
  [],
 "providerships":
  [],
 "total_money_raised": "$0",
 "funding_rounds":
  [],
 "investments":
  [],
 "acquisition": null,
 "acquisitions":
  [],
 "offices":
  [],
 "milestones":
  [],
 "ipo": null,
 "video_embeds":
  [],
 "screenshots":
  [],
 "external_links":
  [],
 "partners":
  []}
