{"name": "AllSprtz",
 "permalink": "allsprtz",
 "crunchbase_url": "http://www.crunchbase.com/company/allsprtz",
 "homepage_url": "http://www.AllSprtz.com",
 "blog_url": "",
 "blog_feed_url": "",
 "twitter_username": "AllSprtz",
 "category_code": "software",
 "number_of_employees": 5,
 "founded_year": 2011,
 "founded_month": 9,
 "founded_day": 1,
 "deadpooled_year": null,
 "deadpooled_month": null,
 "deadpooled_day": null,
 "deadpooled_url": null,
 "tag_list": "sports, athletics, online-athletic-network, sports-social-network, athlete-social-network, recruiting, scouting, strength-and-conditioning",
 "alias_list": null,
 "email_address": "richard.walters@allsprtz.com",
 "phone_number": "6105056827",
 "description": "Online Athletic Network",
 "created_at": "Thu May 02 16:37:36 UTC 2013",
 "updated_at": "Mon Feb 10 04:22:37 UTC 2014",
 "overview": "\u003Cp\u003EAllSprtz is an online athletic network that combines the elements of a social network with the many needs of the sports industry to help centralize and connect athletics in order to improve them. Our goal is to help the people most affected by sports achieve their goals, by providing the necessary tools to do so. AllSprtz is for anybody involved in athletics including athletes, coaches and scouts, team managers, parents and family members, as well as fans. \u003C/p\u003E",
 "image":
  {"available_sizes":
    [[[150,
       127],
      "http://api-images.crunchbase.com/assets/images/resized/0041/1087/411087v2-max-150x150.jpg"],
     [[250,
       212],
      "http://api-images.crunchbase.com/assets/images/resized/0041/1087/411087v2-max-250x250.jpg"],
     [[450,
       382],
      "http://api-images.crunchbase.com/assets/images/resized/0041/1087/411087v2-max-450x450.jpg"]],
   "attribution": null},
 "products":
  [],
 "relationships":
  [{"is_past": false,
    "title": "President \u0026 Co-Founder",
    "person":
     {"first_name": "Rich",
      "last_name": "Walters",
      "permalink": "rich-walters"}},
   {"is_past": false,
    "title": "VP \u0026 Co-Founder",
    "person":
     {"first_name": "Donald",
      "last_name": "Wynia",
      "permalink": "donald-wynia"}},
   {"is_past": true,
    "title": "Software Engineer",
    "person":
     {"first_name": "Andrew",
      "last_name": "Mead",
      "permalink": "andrew-mead"}}],
 "competitions":
  [],
 "providerships":
  [],
 "total_money_raised": "$0",
 "funding_rounds":
  [],
 "investments":
  [],
 "acquisition": null,
 "acquisitions":
  [],
 "offices":
  [{"description": "AllSprtz Inc",
    "address1": "1150 1st Ave",
    "address2": "Suite 511",
    "zip_code": "19406",
    "city": "King of Prussia",
    "state_code": "PA",
    "country_code": "USA",
    "latitude": null,
    "longitude": null}],
 "milestones":
  [{"id": 33596,
    "description": "Launch Date",
    "stoned_year": 2013,
    "stoned_month": 2,
    "stoned_day": 15,
    "source_url": "",
    "source_text": null,
    "source_description": "",
    "stoneable_type": "Company",
    "stoned_value": null,
    "stoned_value_type": null,
    "stoned_acquirer": null,
    "stoneable":
     {"name": "AllSprtz",
      "permalink": "allsprtz"}},
   {"id": 47165,
    "description": "The AllSprtz Blog was created! In an effort to have a deeper connection with our users we have launched the AllSprtz Blog to share feature updates, nutritional tips, and anything that will help our users succeed.",
    "stoned_year": 2014,
    "stoned_month": 1,
    "stoned_day": 20,
    "source_url": "http://Blog.AllSprtz.com",
    "source_text": null,
    "source_description": "AllSprtz Blog",
    "stoneable_type": "Company",
    "stoned_value": null,
    "stoned_value_type": null,
    "stoned_acquirer": null,
    "stoneable":
     {"name": "AllSprtz",
      "permalink": "allsprtz"}}],
 "ipo": null,
 "video_embeds":
  [{"embed_code": "http://youtu.be/IXeBB6E2XTc",
    "description": "\u003Cp\u003EA quick and easy tutorial for editing an AllSprtz Profile Page.\u003C/p\u003E"},
   {"embed_code": "http://youtu.be/ePGLdH-_BK4",
    "description": "\u003Cp\u003EQuick and simple demonstration for creating your very own Allsprtz Account.\u003C/p\u003E"}],
 "screenshots":
  [{"available_sizes":
     [[[150,
        98],
       "http://api-images.crunchbase.com/assets/images/resized/0026/3931/263931v2-max-150x150.png"],
      [[250,
        164],
       "http://api-images.crunchbase.com/assets/images/resized/0026/3931/263931v2-max-250x250.png"],
      [[450,
        295],
       "http://api-images.crunchbase.com/assets/images/resized/0026/3931/263931v2-max-450x450.png"]],
    "attribution": null}],
 "external_links":
  [{"external_url": "http://www.AllSprtz.com",
    "title": "Homepage"}],
 "partners":
  []}
