{"name": "Aloha Networks",
 "permalink": "aloha-networks",
 "crunchbase_url": "http://www.crunchbase.com/company/aloha-networks",
 "homepage_url": null,
 "blog_url": null,
 "blog_feed_url": null,
 "twitter_username": null,
 "category_code": null,
 "number_of_employees": null,
 "founded_year": null,
 "founded_month": null,
 "founded_day": null,
 "deadpooled_year": null,
 "deadpooled_month": null,
 "deadpooled_day": null,
 "deadpooled_url": null,
 "tag_list": null,
 "alias_list": null,
 "email_address": null,
 "phone_number": null,
 "description": null,
 "created_at": "Wed May 01 19:53:21 UTC 2013",
 "updated_at": "Wed May 01 19:53:21 UTC 2013",
 "overview": null,
 "image": null,
 "products":
  [],
 "relationships":
  [{"is_past": true,
    "title": "Vice President, Sales Operations and Customer Support",
    "person":
     {"first_name": "Martin",
      "last_name": "Jaffe",
      "permalink": "martin-jaffe"}},
   {"is_past": true,
    "title": "VP, Marketing and Business Development",
    "person":
     {"first_name": "Sid",
      "last_name": "Gorham",
      "permalink": "sid-gorham"}}],
 "competitions":
  [],
 "providerships":
  [],
 "total_money_raised": "$0",
 "funding_rounds":
  [],
 "investments":
  [],
 "acquisition": null,
 "acquisitions":
  [],
 "offices":
  [],
 "milestones":
  [],
 "ipo": null,
 "video_embeds":
  [],
 "screenshots":
  [],
 "external_links":
  [],
 "partners":
  []}
