{"name": "Alpha Payments Cloud",
 "permalink": "alpha-payments-cloud",
 "crunchbase_url": "http://www.crunchbase.com/company/alpha-payments-cloud",
 "homepage_url": "http://www.alphapaymentscloud.com",
 "blog_url": "",
 "blog_feed_url": "",
 "twitter_username": null,
 "category_code": "enterprise",
 "number_of_employees": null,
 "founded_year": 2011,
 "founded_month": null,
 "founded_day": null,
 "deadpooled_year": null,
 "deadpooled_month": null,
 "deadpooled_day": null,
 "deadpooled_url": null,
 "tag_list": "cloud, it, payments, global-payments, global-merchant-acquiring, integration-consolidation, fintech",
 "alias_list": "",
 "email_address": "info@alphapaymentscloud.com",
 "phone_number": "1-206-350-2816",
 "description": "Simplifying the Payments Ecosystem",
 "created_at": "Tue Apr 30 22:55:27 UTC 2013",
 "updated_at": "Tue Apr 01 05:49:01 UTC 2014",
 "overview": "\u003Cp\u003EAlpha Payments Cloud (APC) is a payments-focused IT firm and tech startup that provides merchants, banks and payments product providers with access to the global payments ecosystem via one simple integration platform. Alpha Payments Cloud developed the industry\u2019s first enterprise app store for payments. \u003C/p\u003E",
 "image":
  {"available_sizes":
    [[[150,
       150],
      "http://api-images.crunchbase.com/assets/images/resized/0026/0563/260563v2-max-150x150.jpg"],
     [[250,
       250],
      "http://api-images.crunchbase.com/assets/images/resized/0026/0563/260563v2-max-250x250.jpg"],
     [[450,
       450],
      "http://api-images.crunchbase.com/assets/images/resized/0026/0563/260563v2-max-450x450.jpg"]],
   "attribution": null},
 "products":
  [],
 "relationships":
  [{"is_past": false,
    "title": "CEO",
    "person":
     {"first_name": "Oliver",
      "last_name": "Rajic",
      "permalink": "oliver-rajic"}}],
 "competitions":
  [],
 "providerships":
  [],
 "total_money_raised": "$12M",
 "funding_rounds":
  [{"id": 37396,
    "round_code": "a",
    "source_url": "http://globenewswire.com/news-release/2013/05/01/543397/10030916/en/Alpha-Payments-Cloud-Raises-12-Million-Seed-Round-to-Debut-Enterprise-App-Store-for-the-Payments-Industry.html",
    "source_description": "Globe Newswire",
    "raised_amount": 12000000.0,
    "raised_currency_code": "USD",
    "funded_year": 2013,
    "funded_month": 4,
    "funded_day": 30,
    "investments":
     []}],
 "investments":
  [],
 "acquisition": null,
 "acquisitions":
  [],
 "offices":
  [{"description": "Headquarters",
    "address1": "",
    "address2": "",
    "zip_code": "",
    "city": "",
    "state_code": null,
    "country_code": "SGP",
    "latitude": null,
    "longitude": null},
   {"description": "Office",
    "address1": "",
    "address2": "",
    "zip_code": "",
    "city": "New York City",
    "state_code": "NY",
    "country_code": "USA",
    "latitude": 40.7143528,
    "longitude": -74.0059731},
   {"description": "Office",
    "address1": "",
    "address2": "",
    "zip_code": "",
    "city": "Dublin",
    "state_code": null,
    "country_code": "IRL",
    "latitude": 53.3498053,
    "longitude": -6.2603097}],
 "milestones":
  [],
 "ipo": null,
 "video_embeds":
  [],
 "screenshots":
  [{"available_sizes":
     [[[150,
        102],
       "http://api-images.crunchbase.com/assets/images/resized/0044/6733/446733v1-max-150x150.png"],
      [[250,
        170],
       "http://api-images.crunchbase.com/assets/images/resized/0044/6733/446733v1-max-250x250.png"],
      [[450,
        306],
       "http://api-images.crunchbase.com/assets/images/resized/0044/6733/446733v1-max-450x450.png"]],
    "attribution": null}],
 "external_links":
  [],
 "partners":
  []}
