{"name": "Alpha-Beta Technology",
 "permalink": "alpha-beta-technology",
 "crunchbase_url": "http://www.crunchbase.com/company/alpha-beta-technology",
 "homepage_url": null,
 "blog_url": null,
 "blog_feed_url": null,
 "twitter_username": null,
 "category_code": null,
 "number_of_employees": null,
 "founded_year": null,
 "founded_month": null,
 "founded_day": null,
 "deadpooled_year": null,
 "deadpooled_month": null,
 "deadpooled_day": null,
 "deadpooled_url": null,
 "tag_list": null,
 "alias_list": null,
 "email_address": null,
 "phone_number": null,
 "description": null,
 "created_at": "Thu May 02 02:51:43 UTC 2013",
 "updated_at": "Thu May 02 02:51:43 UTC 2013",
 "overview": null,
 "image": null,
 "products":
  [],
 "relationships":
  [{"is_past": true,
    "title": "CFO / VP, Corporate Development",
    "person":
     {"first_name": "Augustine",
      "last_name": "Lawlor",
      "permalink": "augustine-lawlor"}},
   {"is_past": true,
    "title": "Chief Financial Officer and Vice President of Corporate Development",
    "person":
     {"first_name": "Gus",
      "last_name": "Lawlor",
      "permalink": "gus-lawlor"}},
   {"is_past": true,
    "title": "VP Finance \u0026 CFO",
    "person":
     {"first_name": "Brady",
      "last_name": "Bohrmann",
      "permalink": "brady-bohrmann"}},
   {"is_past": true,
    "title": "Associate Scientist",
    "person":
     {"first_name": "James",
      "last_name": "M. Rolke",
      "permalink": "james-m-rolke"}}],
 "competitions":
  [],
 "providerships":
  [],
 "total_money_raised": "$0",
 "funding_rounds":
  [],
 "investments":
  [],
 "acquisition": null,
 "acquisitions":
  [],
 "offices":
  [],
 "milestones":
  [],
 "ipo": null,
 "video_embeds":
  [],
 "screenshots":
  [],
 "external_links":
  [],
 "partners":
  []}
