{"name": "Alpha Advertising Ltd",
 "permalink": "alpha-advertising-ltd",
 "crunchbase_url": "http://www.crunchbase.com/company/alpha-advertising-ltd",
 "homepage_url": "http://www.alphaadvertising.org",
 "blog_url": "http://alpha-advertising-ltd.blogspot.com",
 "blog_feed_url": "",
 "twitter_username": "Alpha_advert",
 "category_code": "consulting",
 "number_of_employees": 70,
 "founded_year": null,
 "founded_month": null,
 "founded_day": null,
 "deadpooled_year": null,
 "deadpooled_month": null,
 "deadpooled_day": null,
 "deadpooled_url": null,
 "tag_list": "direct-marketing",
 "alias_list": null,
 "email_address": "tomatalpha@gmail.com",
 "phone_number": "0161 2478989",
 "description": "Alpha Advertising Ltd - Direct Marketing",
 "created_at": "Fri May 03 06:51:00 UTC 2013",
 "updated_at": "Mon May 20 10:31:16 UTC 2013",
 "overview": "\u003Cp\u003EAlpha Advertising Ltd provides promotional services to large corporate companies, successfully increasing their profit nationwide. By choosing to use direct marketing methods clients receive a much higher yield and performance than many of our other marketing competitors in both acquisitions and quality. Alongside this unique risk free method we also provide an unrivalled opportunity for our clients to continue building brand awareness using our trademarked Human Commercials.\u003C/p\u003E",
 "image":
  {"available_sizes":
    [[[150,
       150],
      "http://api-images.crunchbase.com/assets/images/resized/0025/8027/258027v2-max-150x150.jpg"],
     [[250,
       250],
      "http://api-images.crunchbase.com/assets/images/resized/0025/8027/258027v2-max-250x250.jpg"],
     [[250,
       250],
      "http://api-images.crunchbase.com/assets/images/resized/0025/8027/258027v2-max-450x450.jpg"]],
   "attribution": null},
 "products":
  [],
 "relationships":
  [],
 "competitions":
  [],
 "providerships":
  [],
 "total_money_raised": "$0",
 "funding_rounds":
  [],
 "investments":
  [],
 "acquisition": null,
 "acquisitions":
  [],
 "offices":
  [{"description": "Alpha Advertising Ltd",
    "address1": "27 Blossom Street",
    "address2": "",
    "zip_code": "M4 6AJ",
    "city": "Manchester",
    "state_code": null,
    "country_code": "GBR",
    "latitude": 53.4843819,
    "longitude": -2.2295467}],
 "milestones":
  [],
 "ipo": null,
 "video_embeds":
  [],
 "screenshots":
  [],
 "external_links":
  [],
 "partners":
  []}
