{"name": "Altra Inc.",
 "permalink": "altra-inc",
 "crunchbase_url": "http://www.crunchbase.com/company/altra-inc",
 "homepage_url": null,
 "blog_url": null,
 "blog_feed_url": null,
 "twitter_username": null,
 "category_code": null,
 "number_of_employees": null,
 "founded_year": null,
 "founded_month": null,
 "founded_day": null,
 "deadpooled_year": null,
 "deadpooled_month": null,
 "deadpooled_day": null,
 "deadpooled_url": null,
 "tag_list": null,
 "alias_list": null,
 "email_address": null,
 "phone_number": null,
 "description": null,
 "created_at": "Mon May 06 09:13:42 UTC 2013",
 "updated_at": "Mon May 06 09:13:42 UTC 2013",
 "overview": null,
 "image": null,
 "products":
  [],
 "relationships":
  [{"is_past": false,
    "title": "Co-Founder",
    "person":
     {"first_name": "Lawrence",
      "last_name": "S. Gross",
      "permalink": "lawrence-s-gross"}},
   {"is_past": true,
    "title": "Chief Financial Officer",
    "person":
     {"first_name": "Fred",
      "last_name": "Krupica",
      "permalink": "fred-krupica"}}],
 "competitions":
  [],
 "providerships":
  [],
 "total_money_raised": "$0",
 "funding_rounds":
  [],
 "investments":
  [],
 "acquisition": null,
 "acquisitions":
  [],
 "offices":
  [],
 "milestones":
  [],
 "ipo": null,
 "video_embeds":
  [],
 "screenshots":
  [],
 "external_links":
  [],
 "partners":
  []}
