{"name": "Alvarez and Marsal",
 "permalink": "alvarez-and-marsal",
 "crunchbase_url": "http://www.crunchbase.com/company/alvarez-and-marsal",
 "homepage_url": null,
 "blog_url": null,
 "blog_feed_url": null,
 "twitter_username": null,
 "category_code": null,
 "number_of_employees": null,
 "founded_year": null,
 "founded_month": null,
 "founded_day": null,
 "deadpooled_year": null,
 "deadpooled_month": null,
 "deadpooled_day": null,
 "deadpooled_url": null,
 "tag_list": null,
 "alias_list": null,
 "email_address": null,
 "phone_number": null,
 "description": null,
 "created_at": "Fri Apr 12 13:13:49 UTC 2013",
 "updated_at": "Fri Apr 12 13:13:49 UTC 2013",
 "overview": null,
 "image": null,
 "products":
  [],
 "relationships":
  [{"is_past": false,
    "title": "Sr. Advisor, Transaction Advisory Group",
    "person":
     {"first_name": "Bob",
      "last_name": "Hensley",
      "permalink": "bob-hensley"}},
   {"is_past": true,
    "title": "Consultant",
    "person":
     {"first_name": "Brian",
      "last_name": "Wang",
      "permalink": "brian-wang"}}],
 "competitions":
  [],
 "providerships":
  [],
 "total_money_raised": "$0",
 "funding_rounds":
  [],
 "investments":
  [],
 "acquisition": null,
 "acquisitions":
  [],
 "offices":
  [],
 "milestones":
  [],
 "ipo": null,
 "video_embeds":
  [],
 "screenshots":
  [],
 "external_links":
  [],
 "partners":
  []}
