{"name": "alwyn Blog spot",
 "permalink": "alwyn-blog-spot",
 "crunchbase_url": "http://www.crunchbase.com/company/alwyn-blog-spot",
 "homepage_url": "http://alwynsblogspot.blogspot.co.uk",
 "blog_url": "http://alwynsblogspot.blogspot.co.uk/",
 "blog_feed_url": "http://alwynsblogspot.blogspot.co.uk/",
 "twitter_username": "Alwyn",
 "category_code": "other",
 "number_of_employees": 1,
 "founded_year": 2006,
 "founded_month": 1,
 "founded_day": 1,
 "deadpooled_year": null,
 "deadpooled_month": null,
 "deadpooled_day": null,
 "deadpooled_url": null,
 "tag_list": "world-news, international-news, celebrity-news",
 "alias_list": null,
 "email_address": "alwyn@live.com",
 "phone_number": "",
 "description": "world news reports and updates",
 "created_at": "Sun Apr 14 13:02:13 UTC 2013",
 "updated_at": "Sun Apr 14 13:02:17 UTC 2013",
 "overview": "\u003Cp\u003Enews \u003C/p\u003E",
 "image":
  {"available_sizes":
    [[[150,
       112],
      "http://api-images.crunchbase.com/assets/images/resized/0025/1403/251403v2-max-150x150.jpg"],
     [[250,
       187],
      "http://api-images.crunchbase.com/assets/images/resized/0025/1403/251403v2-max-250x250.jpg"],
     [[450,
       337],
      "http://api-images.crunchbase.com/assets/images/resized/0025/1403/251403v2-max-450x450.jpg"]],
   "attribution": null},
 "products":
  [],
 "relationships":
  [],
 "competitions":
  [],
 "providerships":
  [],
 "total_money_raised": "$0",
 "funding_rounds":
  [],
 "investments":
  [],
 "acquisition": null,
 "acquisitions":
  [],
 "offices":
  [],
 "milestones":
  [],
 "ipo": null,
 "video_embeds":
  [],
 "screenshots":
  [],
 "external_links":
  [],
 "partners":
  []}
