{"name": "AM Technology",
 "permalink": "am-technology",
 "crunchbase_url": "http://www.crunchbase.com/company/am-technology",
 "homepage_url": "http://www.amtechuk.com",
 "blog_url": "",
 "blog_feed_url": "",
 "twitter_username": null,
 "category_code": "biotech",
 "number_of_employees": null,
 "founded_year": 2000,
 "founded_month": null,
 "founded_day": null,
 "deadpooled_year": null,
 "deadpooled_month": null,
 "deadpooled_day": null,
 "deadpooled_url": null,
 "tag_list": "",
 "alias_list": "",
 "email_address": "sales@amtechuk.com",
 "phone_number": "44-(0)-1928-51-54-54",
 "description": "",
 "created_at": "Mon Apr 22 12:34:41 UTC 2013",
 "updated_at": "Mon Apr 22 12:44:38 UTC 2013",
 "overview": "\u003Cp\u003EAM Technology was founded in 2000. The company specialises in innovative solutions for the manufacture of high value chemicals. AM Technology is the global leader in CSTR technology for continuous synthesis of high value chemicals. Their products are protected by global patents and are used in the manufacture of fine chemicals, pharmaceuticals, flavours and fragrances, dyes, polymers and bio synthesis. Their customers include manufacturers, universities and research groups.\u003C/p\u003E",
 "image":
  {"available_sizes":
    [[[150,
       46],
      "http://api-images.crunchbase.com/assets/images/resized/0025/3769/253769v1-max-150x150.jpg"],
     [[250,
       78],
      "http://api-images.crunchbase.com/assets/images/resized/0025/3769/253769v1-max-250x250.jpg"],
     [[332,
       104],
      "http://api-images.crunchbase.com/assets/images/resized/0025/3769/253769v1-max-450x450.jpg"]],
   "attribution": null},
 "products":
  [],
 "relationships":
  [],
 "competitions":
  [],
 "providerships":
  [],
 "total_money_raised": "\u00a340k",
 "funding_rounds":
  [{"id": 37202,
    "round_code": "unattributed",
    "source_url": "http://www.finsmes.com/2013/04/technology-raises-40k-london-business-angels.html",
    "source_description": "AM Technology Raises \u00a340K from London Business Angels",
    "raised_amount": 40000.0,
    "raised_currency_code": "GBP",
    "funded_year": 2013,
    "funded_month": 4,
    "funded_day": 20,
    "investments":
     [{"company": null,
       "financial_org":
        {"name": "London Business Angels",
         "permalink": "london-business-angels"},
       "person": null}]}],
 "investments":
  [],
 "acquisition": null,
 "acquisitions":
  [],
 "offices":
  [{"description": "",
    "address1": "The Heath Business \u0026 Technical Park",
    "address2": "Runcorn",
    "zip_code": "WA7 4QX",
    "city": "Cheshire",
    "state_code": null,
    "country_code": "GBR",
    "latitude": null,
    "longitude": null}],
 "milestones":
  [],
 "ipo": null,
 "video_embeds":
  [],
 "screenshots":
  [{"available_sizes":
     [[[150,
        132],
       "http://api-images.crunchbase.com/assets/images/resized/0025/3770/253770v1-max-150x150.jpg"],
      [[250,
        220],
       "http://api-images.crunchbase.com/assets/images/resized/0025/3770/253770v1-max-250x250.jpg"],
      [[450,
        396],
       "http://api-images.crunchbase.com/assets/images/resized/0025/3770/253770v1-max-450x450.jpg"]],
    "attribution": null}],
 "external_links":
  [],
 "partners":
  []}
