{"name": "Amazon Mining",
 "permalink": "amazon-mining",
 "crunchbase_url": "http://www.crunchbase.com/company/amazon-mining",
 "homepage_url": "http://www.indiamart.com/amazonmining",
 "blog_url": "",
 "blog_feed_url": "",
 "twitter_username": "IndiaMART",
 "category_code": "other",
 "number_of_employees": null,
 "founded_year": null,
 "founded_month": null,
 "founded_day": null,
 "deadpooled_year": null,
 "deadpooled_month": null,
 "deadpooled_day": null,
 "deadpooled_url": null,
 "tag_list": "refractory-castables, bricks, mortar--fire-clay-",
 "alias_list": null,
 "email_address": "amazonmining@tradepassport.org",
 "phone_number": "9978444390",
 "description": "supplying a wide range of Refractory Cas",
 "created_at": "Fri Apr 05 14:31:16 UTC 2013",
 "updated_at": "Fri Apr 05 14:31:23 UTC 2013",
 "overview": "\u003Cp\u003EWe take this opportunity to introduce ourselves as an established manufacturer of High Quality Refractory Castables, Bricks, Mortar \u0026amp; Fire Clay and supplier of all types of refractories such as High Alumina Bricks, IS-6, IS-8, Insulation Bricks.\u003C/p\u003E\n\n\u003Cp\u003EProducts:\nRefractory Bricks\nRefractory Mortars\nFire Clay\u003C/p\u003E\n\n\u003Cp\u003EInfrastructure:\nOn a purpose of performing all our Refractory Castables \u0026amp; Mortars, Alumina Bricks, Fire Clay and Silica Ramming Mass related activities in a proper systematized manner, we have developed a state-of-the-art-infrastructure, which spread over a vast area of land.\u003C/p\u003E\n\n\u003Cp\u003EOur Team:\nWe are supported by a team of adept professionals, whose combined and dedicated efforts have enabled us emerged as a distinguished organization in this industry. Professionals, that we have possess expertise in their respective domain, which enables us to execute all the business related activities in an efficient manner. Our team is well-versed with this domain which enables us to manufacture an impeccable product-array.\u003C/p\u003E\n\n\u003Cp\u003EOur Quality:\nWe have been able to establish ourselves as a reputed organization in this domain in a very short time frame, owing to our high in quality array of Refractory Castables \u0026amp; Mortars, Alumina Bricks, Fire Clay. We process these castables and other products using premium quality aluminum oxide, iron(III) oxide, calcium oxide, silica and alumina, sourced from the most eminent vendors of the industry.\u003C/p\u003E",
 "image":
  {"available_sizes":
    [[[150,
       150],
      "http://api-images.crunchbase.com/assets/images/resized/0024/8776/248776v2-max-150x150.jpg"],
     [[250,
       250],
      "http://api-images.crunchbase.com/assets/images/resized/0024/8776/248776v2-max-250x250.jpg"],
     [[250,
       250],
      "http://api-images.crunchbase.com/assets/images/resized/0024/8776/248776v2-max-450x450.jpg"]],
   "attribution": null},
 "products":
  [],
 "relationships":
  [],
 "competitions":
  [],
 "providerships":
  [],
 "total_money_raised": "$0",
 "funding_rounds":
  [],
 "investments":
  [],
 "acquisition": null,
 "acquisitions":
  [],
 "offices":
  [],
 "milestones":
  [],
 "ipo": null,
 "video_embeds":
  [],
 "screenshots":
  [],
 "external_links":
  [],
 "partners":
  []}
