{"name": "AMC Multisupport Pvt Ltd",
 "permalink": "amc-multisupport-pvt-ltd",
 "crunchbase_url": "http://www.crunchbase.com/company/amc-multisupport-pvt-ltd",
 "homepage_url": "http://www.amcmultisupport.com",
 "blog_url": "",
 "blog_feed_url": "",
 "twitter_username": null,
 "category_code": "consulting",
 "number_of_employees": 20,
 "founded_year": 2011,
 "founded_month": null,
 "founded_day": null,
 "deadpooled_year": null,
 "deadpooled_month": null,
 "deadpooled_day": null,
 "deadpooled_url": null,
 "tag_list": "consumer-products, home-delivery, ecommerce",
 "alias_list": null,
 "email_address": "info@amcmultisupport.com",
 "phone_number": "9040020109",
 "description": "We Save Time \u0026 Money",
 "created_at": "Sun Apr 14 06:15:51 UTC 2013",
 "updated_at": "Sun Apr 14 06:31:08 UTC 2013",
 "overview": "\u003Cp\u003EWe Save Time \u0026amp; Money By providing convienient Doorstep delivery.\u003C/p\u003E\n\n\u003Cp\u003EAbout the Company\u003C/p\u003E\n\n\u003Cp\u003EAMC Multi support Pvt. Ltd is a customer service provider company started its operation in Bhubaneswar since the year 2011. It provides the door step services to the people for their daily needs.\u003C/p\u003E\n\n\u003Cp\u003EObjective:\nTo save the time and money of the people now these busy days with a way of honesty and sincerity.\nOur Services:\u003C/p\u003E\n\n\u003Cp\u003ERegular: \nMilk, Flower, Vegetable, Non-Veg, Health (Sanitary and Medicine with prescription), Mobile/DTH/Internet Recharge, Disposal of wastage material, Stitching \u0026amp; Dry Clean\u003C/p\u003E\n\n\u003Cp\u003EAdditional:\nCarpentry, Plumbing, Electrical, Painting, Computer Hardware \u0026amp; Software Solution, Distance Learning, Travel, Bill Payment, House Rent, Home Tutor, etc.\n** These additional services are only for our customers.\u003C/p\u003E",
 "image": null,
 "products":
  [],
 "relationships":
  [{"is_past": false,
    "title": "Marketing Head",
    "person":
     {"first_name": "Debashis",
      "last_name": "Senapati",
      "permalink": "debashis-senapati"}},
   {"is_past": true,
    "title": "Managing Director",
    "person":
     {"first_name": "Banamali",
      "last_name": "Pani",
      "permalink": "banamali-pani"}}],
 "competitions":
  [],
 "providerships":
  [],
 "total_money_raised": "$0",
 "funding_rounds":
  [],
 "investments":
  [],
 "acquisition": null,
 "acquisitions":
  [],
 "offices":
  [{"description": "AMC Multisupport Pvt Ltd",
    "address1": "Plot No. 1026,Chandimata Colony`",
    "address2": "Rasulgadh",
    "zip_code": "751010",
    "city": "Bhubaneswar",
    "state_code": null,
    "country_code": "IND",
    "latitude": 20.2913503,
    "longitude": 85.8716515}],
 "milestones":
  [],
 "ipo": null,
 "video_embeds":
  [],
 "screenshots":
  [],
 "external_links":
  [{"external_url": "http://www.amcmultisupport.com",
    "title": ""}],
 "partners":
  []}
