{"name": "American Management Systems (AMS)",
 "permalink": "american-management-systems-ams",
 "crunchbase_url": "http://www.crunchbase.com/company/american-management-systems-ams",
 "homepage_url": null,
 "blog_url": null,
 "blog_feed_url": null,
 "twitter_username": null,
 "category_code": null,
 "number_of_employees": null,
 "founded_year": null,
 "founded_month": null,
 "founded_day": null,
 "deadpooled_year": null,
 "deadpooled_month": null,
 "deadpooled_day": null,
 "deadpooled_url": null,
 "tag_list": null,
 "alias_list": null,
 "email_address": null,
 "phone_number": null,
 "description": null,
 "created_at": "Thu Apr 25 09:23:59 UTC 2013",
 "updated_at": "Thu Apr 25 09:23:59 UTC 2013",
 "overview": null,
 "image": null,
 "products":
  [],
 "relationships":
  [{"is_past": true,
    "title": "Chief Technology Officer",
    "person":
     {"first_name": "Perry",
      "last_name": "F. Rotella",
      "permalink": "perry-f-rotella"}},
   {"is_past": true,
    "title": "VP",
    "person":
     {"first_name": "Kurt",
      "last_name": "Cavano",
      "permalink": "kurt-cavano"}},
   {"is_past": true,
    "title": "Database Architect",
    "person":
     {"first_name": "Daniel",
      "last_name": "Harron",
      "permalink": "daniel-harron"}},
   {"is_past": true,
    "title": "Vice President",
    "person":
     {"first_name": "Nestor",
      "last_name": "Zwyhun",
      "permalink": "nestor-zwyhun"}},
   {"is_past": true,
    "title": "Business Analyst, Mobile Communications",
    "person":
     {"first_name": "Byron",
      "last_name": "Dumbrill",
      "permalink": "byron-dumbrill"}},
   {"is_past": true,
    "title": "Principal",
    "person":
     {"first_name": "David",
      "last_name": "W. Craig",
      "permalink": "david-w-craig"}},
   {"is_past": true,
    "title": "senior principal",
    "person":
     {"first_name": "Brendan",
      "last_name": "Haggerty",
      "permalink": "brendan-haggerty"}},
   {"is_past": true,
    "title": "Senior Principal",
    "person":
     {"first_name": "Gregg",
      "last_name": "Rosann",
      "permalink": "gregg-rosann"}},
   {"is_past": true,
    "title": "Consultant / Software Engineer",
    "person":
     {"first_name": "Vijay",
      "last_name": "Ravindran",
      "permalink": "vijay-ravindran"}},
   {"is_past": true,
    "title": "programmer/analyst",
    "person":
     {"first_name": "Andy",
      "last_name": "Youniss",
      "permalink": "andy-youniss"}},
   {"is_past": true,
    "title": "Principal",
    "person":
     {"first_name": "Dave",
      "last_name": "Athey",
      "permalink": "dave-athey"}},
   {"is_past": true,
    "title": "Senior Consultant",
    "person":
     {"first_name": "Jim",
      "last_name": "Louderback",
      "permalink": "jim-louderback"}},
   {"is_past": true,
    "title": "Principal",
    "person":
     {"first_name": "Andy",
      "last_name": "Halsall",
      "permalink": "andy-halsall"}},
   {"is_past": true,
    "title": "Advanced Technology Consultant",
    "person":
     {"first_name": "Sean",
      "last_name": "Sebastian",
      "permalink": "sen-sebastian"}},
   {"is_past": true,
    "title": "Dir Business Development",
    "person":
     {"first_name": "BG",
      "last_name": "Jones",
      "permalink": "bg-jones"}},
   {"is_past": true,
    "title": "Senior Consultant",
    "person":
     {"first_name": "Lothar",
      "last_name": "Boensch",
      "permalink": "lothar-boensch"}}],
 "competitions":
  [],
 "providerships":
  [],
 "total_money_raised": "$0",
 "funding_rounds":
  [],
 "investments":
  [],
 "acquisition": null,
 "acquisitions":
  [],
 "offices":
  [],
 "milestones":
  [],
 "ipo": null,
 "video_embeds":
  [],
 "screenshots":
  [],
 "external_links":
  [],
 "partners":
  []}
