{"name": "American Institute of Certified Public Accountants",
 "permalink": "american-institute-of-certified-public-accountants",
 "crunchbase_url": "http://www.crunchbase.com/company/american-institute-of-certified-public-accountants",
 "homepage_url": null,
 "blog_url": null,
 "blog_feed_url": null,
 "twitter_username": null,
 "category_code": null,
 "number_of_employees": null,
 "founded_year": null,
 "founded_month": null,
 "founded_day": null,
 "deadpooled_year": null,
 "deadpooled_month": null,
 "deadpooled_day": null,
 "deadpooled_url": null,
 "tag_list": null,
 "alias_list": null,
 "email_address": null,
 "phone_number": null,
 "description": null,
 "created_at": "Thu Apr 25 09:24:12 UTC 2013",
 "updated_at": "Thu Apr 25 09:24:12 UTC 2013",
 "overview": null,
 "image": null,
 "products":
  [],
 "relationships":
  [{"is_past": false,
    "title": "Member",
    "person":
     {"first_name": "Andrew",
      "last_name": "Reiben",
      "permalink": "andrew-reiben"}},
   {"is_past": false,
    "title": "Board Member",
    "person":
     {"first_name": "Carl",
      "last_name": "Blandino",
      "permalink": "carl-blandino"}},
   {"is_past": false,
    "title": "Member",
    "person":
     {"first_name": "Julie",
      "last_name": "M. Connors",
      "permalink": "julie-m-connors"}},
   {"is_past": false,
    "title": "Member",
    "person":
     {"first_name": "Charles",
      "last_name": "A. Reinhart III",
      "permalink": "charles-a-reinhart-iii"}},
   {"is_past": false,
    "title": "Member",
    "person":
     {"first_name": "Damon",
      "last_name": "Pender",
      "permalink": "damon-pender"}},
   {"is_past": false,
    "title": "Member",
    "person":
     {"first_name": "Steven",
      "last_name": "P. Whaley",
      "permalink": "steven-p-whaley"}},
   {"is_past": false,
    "title": "Member",
    "person":
     {"first_name": "Christopher",
      "last_name": "Carroll",
      "permalink": "christopher-carroll"}},
   {"is_past": false,
    "title": "Member",
    "person":
     {"first_name": "Dave",
      "last_name": "Woodland",
      "permalink": "dave-woodland"}},
   {"is_past": false,
    "title": "Member",
    "person":
     {"first_name": "Jill",
      "last_name": "Aufricht",
      "permalink": "jill-aufricht"}},
   {"is_past": false,
    "title": "Boards Member",
    "person":
     {"first_name": "Ben",
      "last_name": "C. Kemendo",
      "permalink": "ben-c-kemendo"}},
   {"is_past": true,
    "title": "Member of the Public Oversight Board",
    "person":
     {"first_name": "Aulana",
      "last_name": "L. Peters",
      "permalink": "aulana-l-peters"}},
   {"is_past": true,
    "title": "Member",
    "person":
     {"first_name": "Stanley",
      "last_name": "Glick",
      "permalink": "stanley-glick"}},
   {"is_past": true,
    "title": "Member",
    "person":
     {"first_name": "James",
      "last_name": "Follo",
      "permalink": "james-follo"}},
   {"is_past": true,
    "title": "Member",
    "person":
     {"first_name": "Jan",
      "last_name": "R. Hauser",
      "permalink": "jan-r-hauser"}},
   {"is_past": true,
    "title": "Member",
    "person":
     {"first_name": "Jonathan",
      "last_name": "New",
      "permalink": "jonathan-new"}}],
 "competitions":
  [],
 "providerships":
  [],
 "total_money_raised": "$0",
 "funding_rounds":
  [],
 "investments":
  [],
 "acquisition": null,
 "acquisitions":
  [],
 "offices":
  [],
 "milestones":
  [],
 "ipo": null,
 "video_embeds":
  [],
 "screenshots":
  [],
 "external_links":
  [],
 "partners":
  []}
