{"name": "Ameritech",
 "permalink": "ameritech",
 "crunchbase_url": "http://www.crunchbase.com/company/ameritech",
 "homepage_url": null,
 "blog_url": null,
 "blog_feed_url": null,
 "twitter_username": null,
 "category_code": null,
 "number_of_employees": null,
 "founded_year": null,
 "founded_month": null,
 "founded_day": null,
 "deadpooled_year": null,
 "deadpooled_month": null,
 "deadpooled_day": null,
 "deadpooled_url": null,
 "tag_list": null,
 "alias_list": null,
 "email_address": null,
 "phone_number": null,
 "description": null,
 "created_at": "Sun Apr 21 09:30:06 UTC 2013",
 "updated_at": "Sun Apr 21 09:30:06 UTC 2013",
 "overview": null,
 "image": null,
 "products":
  [],
 "relationships":
  [{"is_past": false,
    "title": "Director of Finance",
    "person":
     {"first_name": "Mike",
      "last_name": "Dillow",
      "permalink": "mike-dillow"}},
   {"is_past": true,
    "title": "CIO",
    "person":
     {"first_name": "Cliff",
      "last_name": "Dodd",
      "permalink": "cliff-dodd"}},
   {"is_past": true,
    "title": "Senior Vice President, Customer Care",
    "person":
     {"first_name": "Sue",
      "last_name": "Nokes",
      "permalink": "sue-nokes"}},
   {"is_past": true,
    "title": "Vice President",
    "person":
     {"first_name": "Scot",
      "last_name": "Melland",
      "permalink": "scot-melland"}},
   {"is_past": true,
    "title": "Sr. Director Strategy / VP Segmentation / Business Planning",
    "person":
     {"first_name": "Lou",
      "last_name": "Kikos",
      "permalink": "lou-kikos"}},
   {"is_past": true,
    "title": "Senior Director - Network Technology",
    "person":
     {"first_name": "Mark",
      "last_name": "Beckner",
      "permalink": "mark-beckner"}},
   {"is_past": true,
    "title": "Executive Director",
    "person":
     {"first_name": "Mike",
      "last_name": "Cutler",
      "permalink": "mike-cutler"}},
   {"is_past": true,
    "title": "Corporate Director, Content Strategy",
    "person":
     {"first_name": "Martin",
      "last_name": "Nisenholtz",
      "permalink": "martin-nisenholtz"}},
   {"is_past": true,
    "title": "Board Director (AT\u0026T)",
    "person":
     {"first_name": "Laura",
      "last_name": "Tyson",
      "permalink": "laura-tyson"}},
   {"is_past": true,
    "title": "European Business Development",
    "person":
     {"first_name": "David",
      "last_name": "Summers",
      "permalink": "david-summers"}},
   {"is_past": true,
    "title": "Senior Roles",
    "person":
     {"first_name": "Todd",
      "last_name": "De Young",
      "permalink": "todd-de-young"}},
   {"is_past": true,
    "title": "Director, Network Architecture Planning",
    "person":
     {"first_name": "Jim",
      "last_name": "Newman",
      "permalink": "jim-newman"}},
   {"is_past": true,
    "title": "Director, Long Distance Services",
    "person":
     {"first_name": "Jerrell",
      "last_name": "Jimerson",
      "permalink": "jerrell-jimerson"}},
   {"is_past": true,
    "title": "VP Network Planning, Engineering and Construction",
    "person":
     {"first_name": "Albert",
      "last_name": "DaValle, Jr.",
      "permalink": "albert-davalle-jr"}},
   {"is_past": true,
    "title": "",
    "person":
     {"first_name": "Dan",
      "last_name": "Caruso",
      "permalink": "dan-caruso"}},
   {"is_past": true,
    "title": "Sr. Director, Sales \u0026 Business Services",
    "person":
     {"first_name": "Lou",
      "last_name": "Ennuso",
      "permalink": "lou-ennuso"}},
   {"is_past": true,
    "title": "Business Development (CyberTel)",
    "person":
     {"first_name": "Mary",
      "last_name": "Louise Helbig",
      "permalink": "mary-louise-helbig"}}],
 "competitions":
  [],
 "providerships":
  [],
 "total_money_raised": "$0",
 "funding_rounds":
  [],
 "investments":
  [],
 "acquisition": null,
 "acquisitions":
  [],
 "offices":
  [],
 "milestones":
  [],
 "ipo": null,
 "video_embeds":
  [],
 "screenshots":
  [],
 "external_links":
  [],
 "partners":
  []}
