{"name": "American Institute of Architects",
 "permalink": "american-institute-of-architects",
 "crunchbase_url": "http://www.crunchbase.com/company/american-institute-of-architects",
 "homepage_url": null,
 "blog_url": null,
 "blog_feed_url": null,
 "twitter_username": null,
 "category_code": null,
 "number_of_employees": null,
 "founded_year": null,
 "founded_month": null,
 "founded_day": null,
 "deadpooled_year": null,
 "deadpooled_month": null,
 "deadpooled_day": null,
 "deadpooled_url": null,
 "tag_list": null,
 "alias_list": null,
 "email_address": null,
 "phone_number": null,
 "description": null,
 "created_at": "Fri Apr 19 12:08:48 UTC 2013",
 "updated_at": "Fri Apr 19 12:08:48 UTC 2013",
 "overview": null,
 "image": null,
 "products":
  [],
 "relationships":
  [{"is_past": false,
    "title": "",
    "person":
     {"first_name": "Glenn",
      "last_name": "Renner",
      "permalink": "glenn-renner"}},
   {"is_past": false,
    "title": "chief executive officer",
    "person":
     {"first_name": "Terrence",
      "last_name": "McDermott",
      "permalink": "terrence-mcdermott"}}],
 "competitions":
  [],
 "providerships":
  [],
 "total_money_raised": "$0",
 "funding_rounds":
  [],
 "investments":
  [],
 "acquisition": null,
 "acquisitions":
  [],
 "offices":
  [],
 "milestones":
  [],
 "ipo": null,
 "video_embeds":
  [],
 "screenshots":
  [],
 "external_links":
  [],
 "partners":
  []}
