{"name": "American Marketing Association",
 "permalink": "american-marketing-association",
 "crunchbase_url": "http://www.crunchbase.com/company/american-marketing-association",
 "homepage_url": null,
 "blog_url": null,
 "blog_feed_url": null,
 "twitter_username": null,
 "category_code": null,
 "number_of_employees": null,
 "founded_year": null,
 "founded_month": null,
 "founded_day": null,
 "deadpooled_year": null,
 "deadpooled_month": null,
 "deadpooled_day": null,
 "deadpooled_url": null,
 "tag_list": null,
 "alias_list": null,
 "email_address": null,
 "phone_number": null,
 "description": null,
 "created_at": "Thu Apr 18 04:04:32 UTC 2013",
 "updated_at": "Thu Apr 18 04:04:32 UTC 2013",
 "overview": null,
 "image": null,
 "products":
  [],
 "relationships":
  [{"is_past": false,
    "title": "Chairman",
    "person":
     {"first_name": "Heath",
      "last_name": "Hall",
      "permalink": "heath-hall"}},
   {"is_past": false,
    "title": "Board Member and Vice President of Brand \u0026 Communications",
    "person":
     {"first_name": "Diana",
      "last_name": "Ermini",
      "permalink": "diana-ermini"}},
   {"is_past": false,
    "title": "Chairman",
    "person":
     {"first_name": "Rick",
      "last_name": "Dow",
      "permalink": "rick-dow"}},
   {"is_past": true,
    "title": "Project Manager",
    "person":
     {"first_name": "Zach",
      "last_name": "Cusimano",
      "permalink": "zach-cusimano"}}],
 "competitions":
  [],
 "providerships":
  [],
 "total_money_raised": "$0",
 "funding_rounds":
  [],
 "investments":
  [],
 "acquisition": null,
 "acquisitions":
  [],
 "offices":
  [],
 "milestones":
  [],
 "ipo": null,
 "video_embeds":
  [],
 "screenshots":
  [],
 "external_links":
  [],
 "partners":
  []}
