{"name": "AmeriMerchant",
 "permalink": "amerimerchant",
 "crunchbase_url": "http://www.crunchbase.com/company/amerimerchant",
 "homepage_url": "http://AmeriMerchant.com",
 "blog_url": "http://www.amerimerchant.com/blog/",
 "blog_feed_url": "",
 "twitter_username": "AmeriMerchant",
 "category_code": "finance",
 "number_of_employees": null,
 "founded_year": 2002,
 "founded_month": null,
 "founded_day": null,
 "deadpooled_year": null,
 "deadpooled_month": null,
 "deadpooled_day": null,
 "deadpooled_url": null,
 "tag_list": null,
 "alias_list": "",
 "email_address": "",
 "phone_number": "(800) 267-3790 ",
 "description": "",
 "created_at": "Wed May 01 13:45:03 UTC 2013",
 "updated_at": "Mon Mar 24 08:56:12 UTC 2014",
 "overview": "\u003Cp\u003EAmeriMerchant has become one of the nation\u0026#8217;s fastest growing providers of working capital to businesses against their future credit card sales (merchant cash advance), and has expanded with a inventory purchasing and loan products.\u003C/p\u003E",
 "image":
  {"available_sizes":
    [[[150,
       40],
      "http://api-images.crunchbase.com/assets/images/resized/0029/6082/296082v1-max-150x150.png"],
     [[250,
       67],
      "http://api-images.crunchbase.com/assets/images/resized/0029/6082/296082v1-max-250x250.png"],
     [[295,
       80],
      "http://api-images.crunchbase.com/assets/images/resized/0029/6082/296082v1-max-450x450.png"]],
   "attribution": null},
 "products":
  [],
 "relationships":
  [{"is_past": false,
    "title": "CEO",
    "person":
     {"first_name": "David",
      "last_name": "Goldin",
      "permalink": "david-goldin"}},
   {"is_past": false,
    "title": "CTO",
    "person":
     {"first_name": "Div",
      "last_name": "Pithadia",
      "permalink": "div-pithadia"}}],
 "competitions":
  [],
 "providerships":
  [],
 "total_money_raised": "$0",
 "funding_rounds":
  [],
 "investments":
  [],
 "acquisition": null,
 "acquisitions":
  [],
 "offices":
  [{"description": "",
    "address1": "475 Park Avenue South",
    "address2": "11th Floor",
    "zip_code": "10016",
    "city": "New York",
    "state_code": "NY",
    "country_code": "USA",
    "latitude": 40.7454098,
    "longitude": -73.9822211}],
 "milestones":
  [{"id": 37187,
    "description": "AmeriMerchant Announces New $60 Million Credit Line To Fund Small Businesses",
    "stoned_year": 2013,
    "stoned_month": 7,
    "stoned_day": 16,
    "source_url": "http://online.wsj.com/article/PR-CO-20130716-905710.html",
    "source_text": "",
    "source_description": "AmeriMerchant Announces New $60 Million Credit Line To Fund Small Businesses",
    "stoneable_type": "Company",
    "stoned_value": null,
    "stoned_value_type": null,
    "stoned_acquirer": null,
    "stoneable":
     {"name": "AmeriMerchant",
      "permalink": "amerimerchant"}},
   {"id": 37783,
    "description": "AmeriMerchant Announces Move to Larger New Corporate Headquarters and Increased Demand for Alternative Funding for Small Businesses",
    "stoned_year": 2013,
    "stoned_month": 8,
    "stoned_day": 6,
    "source_url": "http://prn.to/11JLIp7",
    "source_text": null,
    "source_description": "AmeriMerchant Announces Move to Larger New Corporate Headquarters and Increased Demand for Alternative Funding for Small Businesses",
    "stoneable_type": "Company",
    "stoned_value": null,
    "stoned_value_type": null,
    "stoned_acquirer": null,
    "stoneable":
     {"name": "AmeriMerchant",
      "permalink": "amerimerchant"}},
   {"id": 40600,
    "description": "AmeriMerchant Partners with Merchant Warehouse to Offer Working Capital to Merchants",
    "stoned_year": 2013,
    "stoned_month": 10,
    "stoned_day": 3,
    "source_url": "http://www.businesswire.com/news/home/20131003005274/en",
    "source_text": null,
    "source_description": "AmeriMerchant Partners with Merchant Warehouse to Offer Working Capital to Merchants",
    "stoneable_type": "Company",
    "stoned_value": null,
    "stoned_value_type": null,
    "stoned_acquirer": null,
    "stoneable":
     {"name": "AmeriMerchant",
      "permalink": "amerimerchant"}},
   {"id": 43613,
    "description": "David Goldin, small-biz lender | Crain's New York Business ",
    "stoned_year": 2013,
    "stoned_month": 12,
    "stoned_day": 1,
    "source_url": "http://www.crainsnewyork.com/article/20131201/FINANCE/312019975",
    "source_text": null,
    "source_description": "AmeriMerchant helps struggling owners make ends meet.",
    "stoneable_type": "Company",
    "stoned_value": null,
    "stoned_value_type": null,
    "stoned_acquirer": null,
    "stoneable":
     {"name": "AmeriMerchant",
      "permalink": "amerimerchant"}},
   {"id": 49556,
    "description": "AmeriMerchant CEO - David Goldin's second act is all about what banks ignore.",
    "stoned_year": 2014,
    "stoned_month": 1,
    "stoned_day": 27,
    "source_url": "http://www.bizjournals.com/newyork/news/2014/01/27/david-goldins-second-act-is-all-about-what-banks.html?page=all",
    "source_text": null,
    "source_description": "AmeriMerchant CEO - David Goldin's second act is all about what banks ignore.",
    "stoneable_type": "Company",
    "stoned_value": null,
    "stoned_value_type": null,
    "stoned_acquirer": null,
    "stoneable":
     {"name": "AmeriMerchant",
      "permalink": "amerimerchant"}}],
 "ipo": null,
 "video_embeds":
  [],
 "screenshots":
  [{"available_sizes":
     [[[150,
        80],
       "http://api-images.crunchbase.com/assets/images/resized/0029/6098/296098v1-max-150x150.png"],
      [[250,
        134],
       "http://api-images.crunchbase.com/assets/images/resized/0029/6098/296098v1-max-250x250.png"],
      [[450,
        242],
       "http://api-images.crunchbase.com/assets/images/resized/0029/6098/296098v1-max-450x450.png"]],
    "attribution": null}],
 "external_links":
  [],
 "partners":
  []}
