{"name": "American Italian Pasta Company",
 "permalink": "american-italian-pasta-company",
 "crunchbase_url": "http://www.crunchbase.com/company/american-italian-pasta-company",
 "homepage_url": null,
 "blog_url": null,
 "blog_feed_url": null,
 "twitter_username": null,
 "category_code": null,
 "number_of_employees": null,
 "founded_year": null,
 "founded_month": null,
 "founded_day": null,
 "deadpooled_year": null,
 "deadpooled_month": null,
 "deadpooled_day": null,
 "deadpooled_url": null,
 "tag_list": null,
 "alias_list": null,
 "email_address": null,
 "phone_number": null,
 "description": null,
 "created_at": "Wed Apr 17 17:17:15 UTC 2013",
 "updated_at": "Wed Apr 17 17:17:15 UTC 2013",
 "overview": null,
 "image": null,
 "products":
  [],
 "relationships":
  [{"is_past": true,
    "title": "Executive Vice President, General Counsel, and Corporate Secretary",
    "person":
     {"first_name": "Robert",
      "last_name": "W.Schuller",
      "permalink": "robert-w-schuller"}},
   {"is_past": true,
    "title": "employed in various finance roles",
    "person":
     {"first_name": "Paul",
      "last_name": "R.Giest",
      "permalink": "paul-r-giest"}},
   {"is_past": true,
    "title": "Director of FP\u0026A and Divisional Controller,,, Mill Manager",
    "person":
     {"first_name": "Brian",
      "last_name": "Dillbeck",
      "permalink": "brian-dillbeck"}}],
 "competitions":
  [],
 "providerships":
  [],
 "total_money_raised": "$0",
 "funding_rounds":
  [],
 "investments":
  [],
 "acquisition": null,
 "acquisitions":
  [],
 "offices":
  [],
 "milestones":
  [],
 "ipo": null,
 "video_embeds":
  [],
 "screenshots":
  [],
 "external_links":
  [],
 "partners":
  []}
