{"name": "Amsgames Studio",
 "permalink": "amsgames-studio",
 "crunchbase_url": "http://www.crunchbase.com/company/amsgames-studio",
 "homepage_url": "http://www.amsgames.com",
 "blog_url": "http://blog.amsgames.com",
 "blog_feed_url": "http://www.blog.amsgames.com/feed/",
 "twitter_username": "amsgames",
 "category_code": "games_video",
 "number_of_employees": null,
 "founded_year": null,
 "founded_month": null,
 "founded_day": null,
 "deadpooled_year": null,
 "deadpooled_month": null,
 "deadpooled_day": null,
 "deadpooled_url": null,
 "tag_list": "video-games",
 "alias_list": null,
 "email_address": "support@amsgames.com",
 "phone_number": "",
 "description": "Indie Game Development Company",
 "created_at": "Tue Apr 16 05:31:26 UTC 2013",
 "updated_at": "Tue Feb 04 09:34:41 UTC 2014",
 "overview": "",
 "image":
  {"available_sizes":
    [[[150,
       150],
      "http://api-images.crunchbase.com/assets/images/resized/0025/1836/251836v2-max-150x150.png"],
     [[250,
       250],
      "http://api-images.crunchbase.com/assets/images/resized/0025/1836/251836v2-max-250x250.png"],
     [[450,
       450],
      "http://api-images.crunchbase.com/assets/images/resized/0025/1836/251836v2-max-450x450.png"]],
   "attribution": null},
 "products":
  [],
 "relationships":
  [],
 "competitions":
  [],
 "providerships":
  [],
 "total_money_raised": "$0",
 "funding_rounds":
  [],
 "investments":
  [],
 "acquisition": null,
 "acquisitions":
  [],
 "offices":
  [],
 "milestones":
  [],
 "ipo": null,
 "video_embeds":
  [],
 "screenshots":
  [],
 "external_links":
  [],
 "partners":
  []}
