{"name": "AmSouth Bank",
 "permalink": "amsouth-bank",
 "crunchbase_url": "http://www.crunchbase.com/company/amsouth-bank",
 "homepage_url": null,
 "blog_url": null,
 "blog_feed_url": null,
 "twitter_username": null,
 "category_code": null,
 "number_of_employees": null,
 "founded_year": null,
 "founded_month": null,
 "founded_day": null,
 "deadpooled_year": null,
 "deadpooled_month": null,
 "deadpooled_day": null,
 "deadpooled_url": null,
 "tag_list": null,
 "alias_list": null,
 "email_address": null,
 "phone_number": null,
 "description": null,
 "created_at": "Fri May 03 11:30:21 UTC 2013",
 "updated_at": "Fri May 03 11:30:21 UTC 2013",
 "overview": null,
 "image": null,
 "products":
  [],
 "relationships":
  [{"is_past": false,
    "title": "Vice President of Payment Products",
    "person":
     {"first_name": "BRIDGET",
      "last_name": "KEATING",
      "permalink": "bridget-keating"}},
   {"is_past": true,
    "title": "Senior Vice President and Relationship Manage",
    "person":
     {"first_name": "Matt",
      "last_name": "Hamilton",
      "permalink": "matt-hamilton"}},
   {"is_past": true,
    "title": "Vice President - Payment Products",
    "person":
     {"first_name": "JONATHAN",
      "last_name": "GAGLIANO",
      "permalink": "jonathan-gagliano"}},
   {"is_past": true,
    "title": "VP Direct Marketing",
    "person":
     {"first_name": "Darcy",
      "last_name": "Hoffmann",
      "permalink": "darcy-hoffmann"}},
   {"is_past": true,
    "title": "Senior Finance Positions",
    "person":
     {"first_name": "Valerie",
      "last_name": "A. Kendall",
      "permalink": "valerie-a-kendall"}}],
 "competitions":
  [],
 "providerships":
  [],
 "total_money_raised": "$0",
 "funding_rounds":
  [],
 "investments":
  [],
 "acquisition": null,
 "acquisitions":
  [],
 "offices":
  [],
 "milestones":
  [],
 "ipo": null,
 "video_embeds":
  [],
 "screenshots":
  [],
 "external_links":
  [],
 "partners":
  []}
