{"name": "1 Click PC",
 "permalink": "1-click-pc",
 "crunchbase_url": "http://www.crunchbase.com/company/1-click-pc",
 "homepage_url": "http://www.veridiantech.com",
 "blog_url": "http://www.veridiantech.com/blog/",
 "blog_feed_url": "http://feeds.feedburner.com/veridiantech",
 "twitter_username": "veridiantechinc",
 "category_code": "software",
 "number_of_employees": 6,
 "founded_year": 2009,
 "founded_month": 12,
 "founded_day": 7,
 "deadpooled_year": null,
 "deadpooled_month": null,
 "deadpooled_day": null,
 "deadpooled_url": null,
 "tag_list": "pc-repair, computer-repair, ipad-repair, iphone-repair, ipod-repair, networking, it, laptop-repair",
 "alias_list": "",
 "email_address": "hello@veridiantech.com",
 "phone_number": "(419) 318-9461",
 "description": "Web Development \u0026 IT Support",
 "created_at": "Sat Nov 10 05:47:10 UTC 2012",
 "updated_at": "Fri May 24 17:01:50 UTC 2013",
 "overview": "\u003Cp\u003E1 Click PC is a Veridian Technologies, Inc. company and provides resident and businesses of Toledo Ohio, and surrounding areas, with computer repair and networking services.\u003C/p\u003E\n\n\u003Cp\u003EThey specialize in servers, desktops, laptops, and Mac products. They are one of the only companies in the region that still work on Windows 95, 98, and 2000 computers. Of course they work on all current operating systems also.They repair iPhone\u0026#8217;s, iPad\u0026#8217;s, iPod\u0026#8217;s, and all other mobile products. They manage servers remotely for multiple customers and can for you also.\u003C/p\u003E\n\n\u003Cp\u003ETheir staff can travel to a remote locations and repair problems. Their staff is also rigorously tested regularly to keep their sharpness on the ever changing world of technology. All techs are properly trained, certified, and fully capable of properly diagnosing your desktop, laptop, tablet, phone, printer, or server.\u003C/p\u003E",
 "image":
  {"available_sizes":
    [[[150,
       37],
      "http://api-images.crunchbase.com/assets/images/resized/0021/9776/219776v2-max-150x150.jpg"],
     [[250,
       62],
      "http://api-images.crunchbase.com/assets/images/resized/0021/9776/219776v2-max-250x250.jpg"],
     [[450,
       112],
      "http://api-images.crunchbase.com/assets/images/resized/0021/9776/219776v2-max-450x450.jpg"]],
   "attribution": null},
 "products":
  [],
 "relationships":
  [{"is_past": false,
    "title": "CEO",
    "person":
     {"first_name": "TJ",
      "last_name": "Moynihan",
      "permalink": "tj-moynihan"}}],
 "competitions":
  [],
 "providerships":
  [{"title": "Web Design",
    "is_past": false,
    "provider":
     {"name": "Designs by Veridian",
      "permalink": "designs-by-veridian"}}],
 "total_money_raised": "$0",
 "funding_rounds":
  [],
 "investments":
  [],
 "acquisition": null,
 "acquisitions":
  [],
 "offices":
  [{"description": "Home Office",
    "address1": "P.O. Box 6507",
    "address2": "",
    "zip_code": "43612",
    "city": "Toledo",
    "state_code": "OH",
    "country_code": "USA",
    "latitude": 41.7084764,
    "longitude": -83.5390002}],
 "milestones":
  [],
 "ipo": null,
 "video_embeds":
  [],
 "screenshots":
  [{"available_sizes":
     [[[150,
        87],
       "http://api-images.crunchbase.com/assets/images/resized/0021/9775/219775v2-max-150x150.png"],
      [[250,
        146],
       "http://api-images.crunchbase.com/assets/images/resized/0021/9775/219775v2-max-250x250.png"],
      [[450,
        263],
       "http://api-images.crunchbase.com/assets/images/resized/0021/9775/219775v2-max-450x450.png"]],
    "attribution": null}],
 "external_links":
  [],
 "partners":
  []}
