{"name": "1-day Australia",
 "permalink": "1-day-australia",
 "crunchbase_url": "http://www.crunchbase.com/company/1-day-australia",
 "homepage_url": "http://www.1-day.com.au",
 "blog_url": "",
 "blog_feed_url": "",
 "twitter_username": "1dayAU",
 "category_code": "web",
 "number_of_employees": null,
 "founded_year": null,
 "founded_month": null,
 "founded_day": null,
 "deadpooled_year": null,
 "deadpooled_month": null,
 "deadpooled_day": null,
 "deadpooled_url": null,
 "tag_list": "",
 "alias_list": null,
 "email_address": "",
 "phone_number": "",
 "description": "1-day Australia",
 "created_at": "Fri Dec 07 08:09:44 UTC 2012",
 "updated_at": "Mon Dec 17 20:58:56 UTC 2012",
 "overview": "\u003Cp\u003E1-day Australia started in 2007. One day was born from the idea of offering products for sale a midday each day. The discounts only last 24 hours. 1-day has grown into one of the largest shopping websites in Australia. The deals are simple. Products are offered each day from noon, and the deals last for 24 hours or until stock is sold out. Prices are up to 5 times lower than normal retail prices.\u003C/p\u003E",
 "image": null,
 "products":
  [],
 "relationships":
  [],
 "competitions":
  [],
 "providerships":
  [],
 "total_money_raised": "$0",
 "funding_rounds":
  [],
 "investments":
  [],
 "acquisition": null,
 "acquisitions":
  [],
 "offices":
  [],
 "milestones":
  [],
 "ipo": null,
 "video_embeds":
  [],
 "screenshots":
  [],
 "external_links":
  [],
 "partners":
  []}
