{"name": "1-day New Zealand",
 "permalink": "1-day-new-zealand",
 "crunchbase_url": "http://www.crunchbase.com/company/1-day-new-zealand",
 "homepage_url": "http://1-day.co.nz",
 "blog_url": "",
 "blog_feed_url": "",
 "twitter_username": "1day",
 "category_code": "web",
 "number_of_employees": null,
 "founded_year": null,
 "founded_month": null,
 "founded_day": null,
 "deadpooled_year": null,
 "deadpooled_month": null,
 "deadpooled_day": null,
 "deadpooled_url": null,
 "tag_list": "",
 "alias_list": null,
 "email_address": "",
 "phone_number": "",
 "description": "1-day New Zealand",
 "created_at": "Fri Dec 07 08:07:21 UTC 2012",
 "updated_at": "Mon Dec 17 20:58:49 UTC 2012",
 "overview": "\u003Cp\u003EOne day was born from the idea of offering products for sale a midday each day. The discounts only last 1 day or until the stock has sold out. 1-day has grown into one of the largest shopping websites in New Zealand. Prices are often 5 times lower than available on other websites or retail stores.\u003C/p\u003E",
 "image": null,
 "products":
  [],
 "relationships":
  [],
 "competitions":
  [],
 "providerships":
  [],
 "total_money_raised": "$0",
 "funding_rounds":
  [],
 "investments":
  [],
 "acquisition": null,
 "acquisitions":
  [],
 "offices":
  [],
 "milestones":
  [],
 "ipo": null,
 "video_embeds":
  [],
 "screenshots":
  [],
 "external_links":
  [],
 "partners":
  []}
