{"name": "10,000ft",
 "permalink": "10-000ft",
 "crunchbase_url": "http://www.crunchbase.com/company/10-000ft",
 "homepage_url": "http://www.10000ft.com",
 "blog_url": "http://blog.10000ft.com",
 "blog_feed_url": "http://blog.10000ft.com/feed/",
 "twitter_username": "10ftK",
 "category_code": "software",
 "number_of_employees": 4,
 "founded_year": 2011,
 "founded_month": 11,
 "founded_day": 1,
 "deadpooled_year": null,
 "deadpooled_month": null,
 "deadpooled_day": null,
 "deadpooled_url": null,
 "tag_list": "project-management, project-planning, resourcing, projects, time-tracking",
 "alias_list": null,
 "email_address": "info@10000ft.com",
 "phone_number": "2064388311",
 "description": "Project \u0026 Resourcing Tools",
 "created_at": "Mon Nov 12 18:49:40 UTC 2012",
 "updated_at": "Wed Dec 12 07:40:49 UTC 2012",
 "overview": "\u003Cp\u003E10,000ft is a SAAS planning tool to manage resources and projects collaboratively providing the big picture of the state of your team and projects.\u003C/p\u003E\n\n\u003Cp\u003EAt its core 10,000ft features a drag \u0026amp; drop schedule of projects and people in a team or company. Each individual team member has a personal page page where they can see their assignments and enter their time. The timesheet module is pre-populated with the scoped time for each assignment so users can just \u0026#8216;confirm\u0026#8217; time rather than enter it and know ahead of time what they are assigned to. Each project has a dedicated page that provides status and projected time based on real-time information. \u003C/p\u003E\n\n\u003Cp\u003EAll the data generated is cascaded through out the system and can be accessed through an analytics module that requires no calculations. Users can generate complex company or individual reports with a few clicks.\u003C/p\u003E\n\n\u003Cp\u003EOver time, 10,000ft build a searchable knowledge base of projects so users can use past data to improve project planning.\u003C/p\u003E\n\n\u003Cp\u003E10,000ft is designed to bubble up critical information, rather than detailed tasks like most project management solutions.\u003C/p\u003E",
 "image":
  {"available_sizes":
    [[[150,
       130],
      "http://api-images.crunchbase.com/assets/images/resized/0022/0456/220456v2-max-150x150.png"],
     [[160,
       139],
      "http://api-images.crunchbase.com/assets/images/resized/0022/0456/220456v2-max-250x250.png"],
     [[160,
       139],
      "http://api-images.crunchbase.com/assets/images/resized/0022/0456/220456v2-max-450x450.png"]],
   "attribution": null},
 "products":
  [],
 "relationships":
  [{"is_past": false,
    "title": "Investor \u0026 Founder",
    "person":
     {"first_name": "Rob",
      "last_name": "Girling",
      "permalink": "rob-girling"}},
   {"is_past": false,
    "title": "CEO",
    "person":
     {"first_name": "Martijn",
      "last_name": "van Tilburg",
      "permalink": "martijn-von-tilburg"}},
   {"is_past": false,
    "title": "Developer",
    "person":
     {"first_name": "Shyam",
      "last_name": "Habarakada",
      "permalink": "shyam-habarakada"}},
   {"is_past": false,
    "title": "Investor \u0026 Founder",
    "person":
     {"first_name": "Gavin",
      "last_name": "Kelly",
      "permalink": "gavin-kelly"}},
   {"is_past": false,
    "title": "Marketing",
    "person":
     {"first_name": "Adriana",
      "last_name": "Gil Miner",
      "permalink": "adriana-gil-miner"}},
   {"is_past": false,
    "title": "Developer",
    "person":
     {"first_name": "Jeff",
      "last_name": "Ort",
      "permalink": "jeff-ort"}},
   {"is_past": false,
    "title": "Customer Relations",
    "person":
     {"first_name": "Anne",
      "last_name": "Prins",
      "permalink": "anne-prins"}},
   {"is_past": false,
    "title": "Product Strategy",
    "person":
     {"first_name": "Jeff",
      "last_name": "Gelfuso",
      "permalink": "jeff-gelfuso"}}],
 "competitions":
  [{"competitor":
     {"name": "LiquidPlanner",
      "permalink": "liquidplanner"}},
   {"competitor":
     {"name": "Harvest",
      "permalink": "harvest"}}],
 "providerships":
  [],
 "total_money_raised": "$0",
 "funding_rounds":
  [],
 "investments":
  [],
 "acquisition": null,
 "acquisitions":
  [],
 "offices":
  [{"description": "Headquarters",
    "address1": "225 Terry Avenue N",
    "address2": "",
    "zip_code": "98109",
    "city": "Seattle",
    "state_code": "WA",
    "country_code": "USA",
    "latitude": 47.6206537,
    "longitude": -122.3372999}],
 "milestones":
  [],
 "ipo": null,
 "video_embeds":
  [],
 "screenshots":
  [{"available_sizes":
     [[[150,
        101],
       "http://api-images.crunchbase.com/assets/images/resized/0022/0090/220090v2-max-150x150.jpg"],
      [[250,
        169],
       "http://api-images.crunchbase.com/assets/images/resized/0022/0090/220090v2-max-250x250.jpg"],
      [[450,
        305],
       "http://api-images.crunchbase.com/assets/images/resized/0022/0090/220090v2-max-450x450.jpg"]],
    "attribution": null},
   {"available_sizes":
     [[[150,
        101],
       "http://api-images.crunchbase.com/assets/images/resized/0022/0091/220091v2-max-150x150.jpg"],
      [[250,
        169],
       "http://api-images.crunchbase.com/assets/images/resized/0022/0091/220091v2-max-250x250.jpg"],
      [[450,
        305],
       "http://api-images.crunchbase.com/assets/images/resized/0022/0091/220091v2-max-450x450.jpg"]],
    "attribution": null},
   {"available_sizes":
     [[[150,
        101],
       "http://api-images.crunchbase.com/assets/images/resized/0022/0092/220092v2-max-150x150.jpg"],
      [[250,
        169],
       "http://api-images.crunchbase.com/assets/images/resized/0022/0092/220092v2-max-250x250.jpg"],
      [[450,
        305],
       "http://api-images.crunchbase.com/assets/images/resized/0022/0092/220092v2-max-450x450.jpg"]],
    "attribution": null}],
 "external_links":
  [{"external_url": "http://www.fastcodesign.com/1670069/a-project-management-tool-built-for-some-of-the-countrys-best-design-firms",
    "title": "A Project Management Tool Built For Some Of The Country\u2019s Best Design Firms"},
   {"external_url": "http://www.geekwire.com/2012/artefact-spinoff-launches-first-product-10000ft-software-for-managing-projects-people/",
    "title": "Artefact spinoff launches first product: 10,000ft helps manage projects, people"},
   {"external_url": "http://web.appstorm.net/reviews/project-management/project-management-for-the-creative-worker-10000ft/",
    "title": "10,000ft: Project Management for the Creative Worker"}],
 "partners":
  []}
