{"name": "10rate",
 "permalink": "10rate",
 "crunchbase_url": "http://www.crunchbase.com/company/10rate",
 "homepage_url": "http://10rate.com",
 "blog_url": "",
 "blog_feed_url": "",
 "twitter_username": "tenrate",
 "category_code": "hardware",
 "number_of_employees": null,
 "founded_year": null,
 "founded_month": null,
 "founded_day": null,
 "deadpooled_year": null,
 "deadpooled_month": null,
 "deadpooled_day": null,
 "deadpooled_url": null,
 "tag_list": "product-reviews, top-10-lists, best-reviews",
 "alias_list": null,
 "email_address": "",
 "phone_number": "",
 "description": "Top 10 Review Lists",
 "created_at": "Mon Nov 12 19:45:08 UTC 2012",
 "updated_at": "Wed Nov 14 05:03:38 UTC 2012",
 "overview": "\u003Cp\u003EOur goal is making product and service selection easy for our customers through use of our top 10 lists.\u003C/p\u003E\n\n\u003Cp\u003E10rate strives to bring you the best expert Top 10 Review lists available on the Internet and by Android and Apple mobile App. There are no marketing influences behind our ratings. We present the information to you in an easy to use format so that you may see our editors choices on the best quality (regardless of price), the best budget (based on a good product with a budget price), and the best value (based on a combination of price and quality).\u003C/p\u003E\n\n\u003Cp\u003EOur product and service ratings are convenient and easy to understand based on a 1-10 rating. We are one of the only review companies that actually assigns a relevant numerical rating to each product. All of our top 10 lists and product reviews are generated by a combination of factors during our research including hands on reviews, consumer reviews of the product or service, and intense specification and features scrutiny. Our experts perform hours of research in each product or service category and in many cases hundreds of hours.\u003C/p\u003E\n\n\u003Cp\u003EEvery article and product or service buying guide is originally researched and written by 10Rate editors.\u003C/p\u003E",
 "image":
  {"available_sizes":
    [[[150,
       150],
      "http://api-images.crunchbase.com/assets/images/resized/0022/0097/220097v2-max-150x150.jpg"],
     [[250,
       250],
      "http://api-images.crunchbase.com/assets/images/resized/0022/0097/220097v2-max-250x250.jpg"],
     [[328,
       328],
      "http://api-images.crunchbase.com/assets/images/resized/0022/0097/220097v2-max-450x450.jpg"]],
   "attribution": null},
 "products":
  [],
 "relationships":
  [],
 "competitions":
  [],
 "providerships":
  [],
 "total_money_raised": "$0",
 "funding_rounds":
  [],
 "investments":
  [],
 "acquisition": null,
 "acquisitions":
  [],
 "offices":
  [],
 "milestones":
  [],
 "ipo": null,
 "video_embeds":
  [],
 "screenshots":
  [],
 "external_links":
  [],
 "partners":
  []}
