{"name": "123GOink.com",
 "permalink": "123goink-com",
 "crunchbase_url": "http://www.crunchbase.com/company/123goink-com",
 "homepage_url": "http://www.123GOink.com",
 "blog_url": "",
 "blog_feed_url": "",
 "twitter_username": null,
 "category_code": "hardware",
 "number_of_employees": 5,
 "founded_year": null,
 "founded_month": null,
 "founded_day": null,
 "deadpooled_year": null,
 "deadpooled_month": null,
 "deadpooled_day": null,
 "deadpooled_url": null,
 "tag_list": "ink, toner, cartridges, staples, hp, epson, lexmark, brother, canon, drums, florida, ohio, illinois, texas, nevada, georgia, maine",
 "alias_list": null,
 "email_address": "cindi@123GOink.com",
 "phone_number": "352-227-0131",
 "description": "Ink and Toner Supply",
 "created_at": "Thu Dec 06 16:07:49 UTC 2012",
 "updated_at": "Mon Dec 17 20:49:30 UTC 2012",
 "overview": "\u003Cp\u003EWe Sell Ink And Toner At Half The Price Of The Office Superstores.\nWe Carry All Cartridges, For All Makes And Models.\nWe Ship Through Out The United States.\nFree Shipping For All Orders $35.00 And Over.\u003C/p\u003E",
 "image": null,
 "products":
  [],
 "relationships":
  [{"is_past": false,
    "title": "President",
    "person":
     {"first_name": "Monty",
      "last_name": "Jenkins",
      "permalink": "monty-jenkins"}},
   {"is_past": false,
    "title": "",
    "person":
     {"first_name": "Cindi",
      "last_name": "Jenkins",
      "permalink": "cindi-jenkins"}}],
 "competitions":
  [],
 "providerships":
  [],
 "total_money_raised": "$0",
 "funding_rounds":
  [],
 "investments":
  [],
 "acquisition": null,
 "acquisitions":
  [],
 "offices":
  [{"description": "The Villages",
    "address1": "845 Teague Trail",
    "address2": "",
    "zip_code": "32159",
    "city": "Lady Lake",
    "state_code": "FL",
    "country_code": "USA",
    "latitude": null,
    "longitude": null}],
 "milestones":
  [],
 "ipo": null,
 "video_embeds":
  [],
 "screenshots":
  [],
 "external_links":
  [{"external_url": "http://www.youtube.com/watch?v=iIR4y_mAnf8",
    "title": ""},
   {"external_url": "http://www.facebook.com/123goinkcom?ref=hl",
    "title": "Facebook"}],
 "partners":
  []}
