{"name": "123MyCard.com",
 "permalink": "123mycard-com",
 "crunchbase_url": "http://www.crunchbase.com/company/123mycard-com",
 "homepage_url": "http://www.123mycard.com",
 "blog_url": "http://123mycard.com/blog/",
 "blog_feed_url": "",
 "twitter_username": "123mycard",
 "category_code": "other",
 "number_of_employees": 10,
 "founded_year": 2008,
 "founded_month": 4,
 "founded_day": 10,
 "deadpooled_year": null,
 "deadpooled_month": null,
 "deadpooled_day": null,
 "deadpooled_url": null,
 "tag_list": "business-card-design, graphic-design, business-cards",
 "alias_list": null,
 "email_address": "info@123mycard.com",
 "phone_number": "888.551.5052",
 "description": "graphic design \u0026 printing",
 "created_at": "Wed Nov 21 02:32:29 UTC 2012",
 "updated_at": "Wed Nov 21 08:12:44 UTC 2012",
 "overview": "\u003Cp\u003E123MyCard.com is one of the best online solutions for designing and printing business cards. \nSimplicity and easy of use are 2 of the main areas the company focused on creating the site, while giving the prospective clients all the necessary tools to communicate and work with the designers creating award winning business card designs.\nSingling out the business cards from all the other available promotional materials was a strategic decision, based on a lot of research. Business cards have been and will be the premier marketing tool for companies representing all the spectrums of economy, and 123MyMard.com concentrates on creating designs that will have a lasting impact. \u003C/p\u003E",
 "image":
  {"available_sizes":
    [[[150,
       83],
      "http://api-images.crunchbase.com/assets/images/resized/0022/1353/221353v2-max-150x150.png"],
     [[250,
       139],
      "http://api-images.crunchbase.com/assets/images/resized/0022/1353/221353v2-max-250x250.png"],
     [[450,
       251],
      "http://api-images.crunchbase.com/assets/images/resized/0022/1353/221353v2-max-450x450.png"]],
   "attribution": null},
 "products":
  [],
 "relationships":
  [],
 "competitions":
  [],
 "providerships":
  [],
 "total_money_raised": "$0",
 "funding_rounds":
  [],
 "investments":
  [],
 "acquisition": null,
 "acquisitions":
  [],
 "offices":
  [],
 "milestones":
  [],
 "ipo": null,
 "video_embeds":
  [],
 "screenshots":
  [],
 "external_links":
  [],
 "partners":
  []}
