{"name": "15Five",
 "permalink": "15five",
 "crunchbase_url": "http://www.crunchbase.com/company/15five",
 "homepage_url": "http://15five.com",
 "blog_url": "http://blog.15five.com/",
 "blog_feed_url": "",
 "twitter_username": "15five",
 "category_code": "software",
 "number_of_employees": null,
 "founded_year": 2011,
 "founded_month": 5,
 "founded_day": null,
 "deadpooled_year": null,
 "deadpooled_month": null,
 "deadpooled_day": null,
 "deadpooled_url": null,
 "tag_list": "employee-feedback, reports, employee-reviews",
 "alias_list": "",
 "email_address": "info@15five.com",
 "phone_number": "",
 "description": "Employee Feedback and Reports",
 "created_at": "Thu Aug 16 18:35:03 UTC 2012",
 "updated_at": "Tue Mar 25 01:21:28 UTC 2014",
 "overview": "\u003Cp\u003E15Five is a SaaS product based on a simple idea. Have each employee spend 15 minutes a week writing a report that takes their manager no more than 5 minutes to read. We\u0026#8217;ve taken that idea to the next level by turning reports into conversations, and making it simple for managers to roll up the most important problems, insights, ideas and success stories.\u003C/p\u003E",
 "image":
  {"available_sizes":
    [[[150,
       83],
      "http://api-images.crunchbase.com/assets/images/resized/0020/6430/206430v4-max-150x150.jpg"],
     [[250,
       139],
      "http://api-images.crunchbase.com/assets/images/resized/0020/6430/206430v4-max-250x250.jpg"],
     [[450,
       251],
      "http://api-images.crunchbase.com/assets/images/resized/0020/6430/206430v4-max-450x450.jpg"]],
   "attribution": null},
 "products":
  [],
 "relationships":
  [{"is_past": false,
    "title": "CEO",
    "person":
     {"first_name": "David",
      "last_name": "Hassell",
      "permalink": "david-hassell"}},
   {"is_past": false,
    "title": "CTO",
    "person":
     {"first_name": "Nazar",
      "last_name": "Ivaniv",
      "permalink": "nazar-ivaniv"}},
   {"is_past": false,
    "title": "Investor",
    "person":
     {"first_name": "Arjun",
      "last_name": "Dev Arora",
      "permalink": "arjun-dev-arora"}},
   {"is_past": false,
    "title": "Director of Customer Success",
    "person":
     {"first_name": "Shane",
      "last_name": "Metcalf",
      "permalink": "shane-metcalf"}}],
 "competitions":
  [],
 "providerships":
  [],
 "total_money_raised": "$1.2M",
 "funding_rounds":
  [{"id": 34824,
    "round_code": "unattributed",
    "source_url": "http://techcrunch.com/2013/01/15/15five-wants-employees-to-have-a-voice-raises-1m-from-yammers-david-sacks-500-startups-ben-parr-and-more-to-give-it/",
    "source_description": "15Five Wants Employees To Have A Voice, Raises $1M From Yammer\u2019s David Sacks, 500 Startups, Ben Parr And More To Give It",
    "raised_amount": 1000000.0,
    "raised_currency_code": "USD",
    "funded_year": 2013,
    "funded_month": 1,
    "funded_day": 15,
    "investments":
     [{"company": null,
       "financial_org":
        {"name": "500 Startups",
         "permalink": "500-startups"},
       "person": null},
      {"company": null,
       "financial_org": null,
       "person":
        {"first_name": "David",
         "last_name": "Sacks",
         "permalink": "david-sacks"}},
      {"company": null,
       "financial_org": null,
       "person":
        {"first_name": "John",
         "last_name": "Ham",
         "permalink": "john-ham"}},
      {"company": null,
       "financial_org": null,
       "person":
        {"first_name": "Jason",
         "last_name": "Calacanis",
         "permalink": "jason-calacanis"}},
      {"company": null,
       "financial_org":
        {"name": "DominateFund",
         "permalink": "dominatefund"},
       "person": null},
      {"company": null,
       "financial_org": null,
       "person":
        {"first_name": "Matt",
         "last_name": "Brezina",
         "permalink": "matt-brezina"}},
      {"company": null,
       "financial_org": null,
       "person":
        {"first_name": "Ben",
         "last_name": "Ling",
         "permalink": "ben-ling"}},
      {"company": null,
       "financial_org":
        {"name": "Jumpstart Ventures",
         "permalink": "jumpstart-ventures"},
       "person": null},
      {"company": null,
       "financial_org":
        {"name": "Richmond Management",
         "permalink": "richmond-management"},
       "person": null}]},
   {"id": 37091,
    "round_code": "seed",
    "source_url": "http://techcrunch.com/2013/01/15/15five-wants-employees-to-have-a-voice-raises-1m-from-yammers-david-sacks-500-startups-ben-parr-and-more-to-give-it/",
    "source_description": "15Five Wants Employees To Have A Voice, Raises $1M From Yammer\u2019s David Sacks, 500 Startups, Ben Parr And More To Give It",
    "raised_amount": 200000.0,
    "raised_currency_code": "USD",
    "funded_year": 2012,
    "funded_month": null,
    "funded_day": null,
    "investments":
     []}],
 "investments":
  [],
 "acquisition": null,
 "acquisitions":
  [],
 "offices":
  [{"description": "",
    "address1": "3053 Fillmore St #279",
    "address2": "",
    "zip_code": "94123",
    "city": "San Francisco",
    "state_code": "CA",
    "country_code": "USA",
    "latitude": null,
    "longitude": null}],
 "milestones":
  [],
 "ipo": null,
 "video_embeds":
  [],
 "screenshots":
  [{"available_sizes":
     [[[150,
        89],
       "http://api-images.crunchbase.com/assets/images/resized/0020/6431/206431v1-max-150x150.png"],
      [[250,
        148],
       "http://api-images.crunchbase.com/assets/images/resized/0020/6431/206431v1-max-250x250.png"],
      [[450,
        267],
       "http://api-images.crunchbase.com/assets/images/resized/0020/6431/206431v1-max-450x450.png"]],
    "attribution": null}],
 "external_links":
  [],
 "partners":
  []}
