{"name": "19 Studio",
 "permalink": "19-studio",
 "crunchbase_url": "http://www.crunchbase.com/company/19-studio",
 "homepage_url": "http://19studio.co",
 "blog_url": "",
 "blog_feed_url": "",
 "twitter_username": null,
 "category_code": "mobile",
 "number_of_employees": null,
 "founded_year": 2011,
 "founded_month": 10,
 "founded_day": 1,
 "deadpooled_year": null,
 "deadpooled_month": null,
 "deadpooled_day": null,
 "deadpooled_url": null,
 "tag_list": "mobile, apps, ios, games, premium",
 "alias_list": null,
 "email_address": "scott@19studio.co",
 "phone_number": "",
 "description": "Mobile Apps",
 "created_at": "Wed Oct 31 15:33:56 UTC 2012",
 "updated_at": "Mon Jul 15 04:35:11 UTC 2013",
 "overview": "\u003Cp\u003ECreating fun apps. \u003C/p\u003E",
 "image":
  {"available_sizes":
    [[[150,
       60],
      "http://api-images.crunchbase.com/assets/images/resized/0021/8112/218112v4-max-150x150.png"],
     [[250,
       100],
      "http://api-images.crunchbase.com/assets/images/resized/0021/8112/218112v4-max-250x250.png"],
     [[250,
       100],
      "http://api-images.crunchbase.com/assets/images/resized/0021/8112/218112v4-max-450x450.png"]],
   "attribution": null},
 "products":
  [],
 "relationships":
  [{"is_past": false,
    "title": "Founder",
    "person":
     {"first_name": "Scott",
      "last_name": "Purdie",
      "permalink": "scott-purdie"}}],
 "competitions":
  [],
 "providerships":
  [],
 "total_money_raised": "$0",
 "funding_rounds":
  [],
 "investments":
  [],
 "acquisition": null,
 "acquisitions":
  [],
 "offices":
  [{"description": "Edinburgh",
    "address1": "",
    "address2": "",
    "zip_code": "",
    "city": "",
    "state_code": null,
    "country_code": "GBR",
    "latitude": null,
    "longitude": null}],
 "milestones":
  [],
 "ipo": null,
 "video_embeds":
  [],
 "screenshots":
  [],
 "external_links":
  [],
 "partners":
  []}
