{"name": "2359 Media",
 "permalink": "2359-media",
 "crunchbase_url": "http://www.crunchbase.com/company/2359-media",
 "homepage_url": "http://www.2359media.com",
 "blog_url": "http://2359media.com/mobile-development-blog/",
 "blog_feed_url": "",
 "twitter_username": "2359media",
 "category_code": "mobile",
 "number_of_employees": 42,
 "founded_year": 2009,
 "founded_month": 2,
 "founded_day": null,
 "deadpooled_year": null,
 "deadpooled_month": null,
 "deadpooled_day": null,
 "deadpooled_url": null,
 "tag_list": "mobile-application-development, rich-media-advertisement",
 "alias_list": "",
 "email_address": "peter.loh@2359media.com",
 "phone_number": "+65 6222 2359",
 "description": "Mobile App Development",
 "created_at": "Thu Nov 15 08:53:17 UTC 2012",
 "updated_at": "Mon Apr 07 11:18:07 UTC 2014",
 "overview": "\u003Cp\u003E2359 Media, Asia\u2019s leading mobile consultancy firm, helps its clients profit from the mobile landscape by providing a full suite of solutions. With 2359 Media, brands can provide rich interactive mobile experience with a proven high engagement rate. \u003C/p\u003E\n\n\u003Cp\u003EBy developing highly engaging interactive mobile applications, 2359 Media help clients to excite consumer with the latest mobile marketing elements such as location-based service, social media engaging, and cutting-edge mobile technologies.  \u003C/p\u003E",
 "image":
  {"available_sizes":
    [[[150,
       84],
      "http://api-images.crunchbase.com/assets/images/resized/0045/0735/450735v1-max-150x150.png"],
     [[250,
       140],
      "http://api-images.crunchbase.com/assets/images/resized/0045/0735/450735v1-max-250x250.png"],
     [[300,
       168],
      "http://api-images.crunchbase.com/assets/images/resized/0045/0735/450735v1-max-450x450.png"]],
   "attribution": null},
 "products":
  [],
 "relationships":
  [],
 "competitions":
  [],
 "providerships":
  [],
 "total_money_raised": "$615k",
 "funding_rounds":
  [{"id": 33760,
    "round_code": "a",
    "source_url": "http://e27.sg/2011/01/11/singtel-innov8s-first-investment-is-2359-media/",
    "source_description": "e27",
    "raised_amount": 615000.0,
    "raised_currency_code": "USD",
    "funded_year": 2011,
    "funded_month": 1,
    "funded_day": 11,
    "investments":
     [{"company": null,
       "financial_org":
        {"name": "SingTel Innov8",
         "permalink": "singtel-innov8"},
       "person": null}]}],
 "investments":
  [],
 "acquisition": null,
 "acquisitions":
  [],
 "offices":
  [{"description": "",
    "address1": "",
    "address2": "",
    "zip_code": "",
    "city": "",
    "state_code": null,
    "country_code": "SGP",
    "latitude": null,
    "longitude": null},
   {"description": null,
    "address1": null,
    "address2": null,
    "zip_code": null,
    "city": "Singapore",
    "state_code": "",
    "country_code": "SGP",
    "latitude": 1.2800945,
    "longitude": 103.8509491}],
 "milestones":
  [],
 "ipo": null,
 "video_embeds":
  [],
 "screenshots":
  [{"available_sizes":
     [[[150,
        74],
       "http://api-images.crunchbase.com/assets/images/resized/0045/0736/450736v1-max-150x150.png"],
      [[250,
        124],
       "http://api-images.crunchbase.com/assets/images/resized/0045/0736/450736v1-max-250x250.png"],
      [[450,
        224],
       "http://api-images.crunchbase.com/assets/images/resized/0045/0736/450736v1-max-450x450.png"]],
    "attribution": null}],
 "external_links":
  [{"external_url": "https://www.facebook.com/2359media",
    "title": "Facebook"}],
 "partners":
  []}
