{"name": "247 Fixers \u00ae",
 "permalink": "247-fixers",
 "crunchbase_url": "http://www.crunchbase.com/company/247-fixers",
 "homepage_url": "http://www.247fixers.com",
 "blog_url": "",
 "blog_feed_url": "",
 "twitter_username": "247fixers",
 "category_code": "software",
 "number_of_employees": 300,
 "founded_year": 2007,
 "founded_month": 9,
 "founded_day": 4,
 "deadpooled_year": null,
 "deadpooled_month": null,
 "deadpooled_day": null,
 "deadpooled_url": null,
 "tag_list": "computer-support, computer-repair-service, virus-removal, 247-fixers, 8009875471, technical-support, laptop-support, buy-laptop, buy-computer-hardware, virus-issue, technology",
 "alias_list": null,
 "email_address": "info@247fixers.com",
 "phone_number": "1-800-987-5471",
 "description": "Remote Technical Support",
 "created_at": "Sun Sep 16 14:49:58 UTC 2012",
 "updated_at": "Tue Oct 09 02:51:42 UTC 2012",
 "overview": "\u003Cp\u003E247 Fixers is a leading provider of online technical support services to consumers and small businesses across a wide range of computing and communications devices and software . With our presence in the United States, Australia, United Kingdom \u0026amp; Canada we deliver support services to millions of customers globally and our services are available on a 24/7 basis, 365 days a year. \u003C/p\u003E\n\n\u003Cp\u003EPowered with a team of eminent Certified Engineers, 247 Fixers is endeavored to the best of online tech-support service and make a hold on its targeted clientele by making its service a quality offering. The array of online/on-call or chat support provided by 247 Fixers ensures a remote assistance, which protects your computer accurately and efficiently, irrespective of the size of the issue and your location. We provide technical support and software services which can be delivered remotely.\u003C/p\u003E\n\n\u003Cp\u003EThe wide range of service offerings by 247 Fixers is brand-agnostic, which makes it a \u201csure thing\u201d for many customers\u2019 technology support needs. Customers can rely on 247 Fixers to address many of their technical support needs and avoid the complexities of working with multiple support providers associated with each individual device or software application they purchase. \u003C/p\u003E\n\n\u003Cp\u003EEven the most intricate technical issues are given due consideration including diagnosis, repair, virus removal, PC optimization, installation and other services including maintenance services for multiple devices, software applications and other products. Customer satisfaction is our motto and ensuring ethical, cultural and professional values is our forte! Connect to 247 Fixers, the real McCoy of technical assistance and for constant connectivity to eradicate your digital disasters.\u003C/p\u003E",
 "image":
  {"available_sizes":
    [[[150,
       82],
      "http://api-images.crunchbase.com/assets/images/resized/0021/4685/214685v2-max-150x150.jpg"],
     [[250,
       136],
      "http://api-images.crunchbase.com/assets/images/resized/0021/4685/214685v2-max-250x250.jpg"],
     [[298,
       163],
      "http://api-images.crunchbase.com/assets/images/resized/0021/4685/214685v2-max-450x450.jpg"]],
   "attribution": null},
 "products":
  [],
 "relationships":
  [{"is_past": false,
    "title": "",
    "person":
     {"first_name": "Kierra",
      "last_name": "Pita",
      "permalink": "kierra-pita"}}],
 "competitions":
  [],
 "providerships":
  [],
 "total_money_raised": "$0",
 "funding_rounds":
  [],
 "investments":
  [],
 "acquisition": null,
 "acquisitions":
  [],
 "offices":
  [{"description": "247 Fixers",
    "address1": "3590 Oceanside Road",
    "address2": "Suite B [ FS1425 ]",
    "zip_code": "11572",
    "city": "Oceanside",
    "state_code": "NY",
    "country_code": "USA",
    "latitude": null,
    "longitude": null}],
 "milestones":
  [],
 "ipo": null,
 "video_embeds":
  [],
 "screenshots":
  [],
 "external_links":
  [],
 "partners":
  []}
