{"name": "27 Perry",
 "permalink": "27-perry",
 "crunchbase_url": "http://www.crunchbase.com/company/27-perry",
 "homepage_url": "http://www.27perry.com",
 "blog_url": "",
 "blog_feed_url": "",
 "twitter_username": null,
 "category_code": "ecommerce",
 "number_of_employees": 4,
 "founded_year": 2012,
 "founded_month": 7,
 "founded_day": 25,
 "deadpooled_year": 2013,
 "deadpooled_month": 1,
 "deadpooled_day": null,
 "deadpooled_url": "",
 "tag_list": "marketplace, consignment, techstars, techstars-boulder-2012",
 "alias_list": "",
 "email_address": "info@27perry.com",
 "phone_number": "",
 "description": "Curated Consignment",
 "created_at": "Thu Aug 02 03:19:08 UTC 2012",
 "updated_at": "Mon Nov 18 13:45:51 UTC 2013",
 "overview": "\u003Cp\u003E27 Perry brings consignment stores online through a curated marketplace.\u003C/p\u003E",
 "image":
  {"available_sizes":
    [[[150,
       89],
      "http://api-images.crunchbase.com/assets/images/resized/0020/4018/204018v2-max-150x150.jpg"],
     [[250,
       148],
      "http://api-images.crunchbase.com/assets/images/resized/0020/4018/204018v2-max-250x250.jpg"],
     [[450,
       267],
      "http://api-images.crunchbase.com/assets/images/resized/0020/4018/204018v2-max-450x450.jpg"]],
   "attribution": null},
 "products":
  [],
 "relationships":
  [{"is_past": true,
    "title": "Founder, CEO",
    "person":
     {"first_name": "Kelly",
      "last_name": "James",
      "permalink": "kelly-james"}},
   {"is_past": true,
    "title": "Founder, CTO",
    "person":
     {"first_name": "Joonas",
      "last_name": "Bergius",
      "permalink": "joonas-bergius"}}],
 "competitions":
  [],
 "providerships":
  [],
 "total_money_raised": "$118k",
 "funding_rounds":
  [{"id": 31852,
    "round_code": "seed",
    "source_url": "http://www.techstars.com/techstars-demo-day-boulder-2012/",
    "source_description": "TechStars Demo Day: Boulder 2012",
    "raised_amount": 118000.0,
    "raised_currency_code": "USD",
    "funded_year": 2012,
    "funded_month": 5,
    "funded_day": 17,
    "investments":
     [{"company":
        {"name": "Techstars",
         "permalink": "techstars"},
       "financial_org": null,
       "person": null}]}],
 "investments":
  [],
 "acquisition": null,
 "acquisitions":
  [],
 "offices":
  [{"description": "Boulder, CO",
    "address1": "1050 Walnut St.",
    "address2": "#202",
    "zip_code": "80302",
    "city": "Boulder",
    "state_code": "CO",
    "country_code": "USA",
    "latitude": null,
    "longitude": null}],
 "milestones":
  [],
 "ipo": null,
 "video_embeds":
  [],
 "screenshots":
  [],
 "external_links":
  [],
 "partners":
  []}
