{"name": "2Hat Media",
 "permalink": "2hat-media",
 "crunchbase_url": "http://www.crunchbase.com/company/2hat-media",
 "homepage_url": "http://LinkTub.com",
 "blog_url": "http://Linktub.com/blog",
 "blog_feed_url": "http://Linktub.com/blog/feed",
 "twitter_username": "Linktub",
 "category_code": "advertising",
 "number_of_employees": 5,
 "founded_year": 2012,
 "founded_month": null,
 "founded_day": null,
 "deadpooled_year": null,
 "deadpooled_month": null,
 "deadpooled_day": null,
 "deadpooled_url": null,
 "tag_list": "seo, smm, social-media, link-building, sponsored-social-ads",
 "alias_list": null,
 "email_address": "admin@linktub.com",
 "phone_number": "",
 "description": "Search and Social Media Affiliate Networ",
 "created_at": "Wed Oct 17 23:26:35 UTC 2012",
 "updated_at": "Thu Oct 25 00:27:49 UTC 2012",
 "overview": "\u003Cp\u003EPublishers and Advertisers can come together and display relevant, natural text based advertising. Secondarily, Publishers can submit Social Media Usernames so that LinkTub can track performance of social outreach for its developing advertiser base. \u003C/p\u003E\n\n\u003Cp\u003EOur company goal is to slowly blend and aggregate SEO and SMM metrics overtime creating a marketplace where users can link up and gain marketing insight for their related niches.\u003C/p\u003E",
 "image":
  {"available_sizes":
    [[[150,
       135],
      "http://api-images.crunchbase.com/assets/images/resized/0021/6053/216053v2-max-150x150.jpg"],
     [[250,
       225],
      "http://api-images.crunchbase.com/assets/images/resized/0021/6053/216053v2-max-250x250.jpg"],
     [[450,
       406],
      "http://api-images.crunchbase.com/assets/images/resized/0021/6053/216053v2-max-450x450.jpg"]],
   "attribution": null},
 "products":
  [],
 "relationships":
  [],
 "competitions":
  [],
 "providerships":
  [],
 "total_money_raised": "$0",
 "funding_rounds":
  [],
 "investments":
  [],
 "acquisition": null,
 "acquisitions":
  [],
 "offices":
  [],
 "milestones":
  [],
 "ipo": null,
 "video_embeds":
  [],
 "screenshots":
  [],
 "external_links":
  [],
 "partners":
  []}
