{"name": "2of7 Design",
 "permalink": "2of7-design",
 "crunchbase_url": "http://www.crunchbase.com/company/2of7-design",
 "homepage_url": "http://www.2of7Design.com",
 "blog_url": "",
 "blog_feed_url": "",
 "twitter_username": null,
 "category_code": "other",
 "number_of_employees": 2,
 "founded_year": 2012,
 "founded_month": 8,
 "founded_day": null,
 "deadpooled_year": null,
 "deadpooled_month": null,
 "deadpooled_day": null,
 "deadpooled_url": null,
 "tag_list": "consumer-product, bottle, water-bottle, modern, ecommerce",
 "alias_list": null,
 "email_address": "ashley@2of7design.com",
 "phone_number": "",
 "description": "Stealth Mode design company",
 "created_at": "Mon Aug 27 21:58:04 UTC 2012",
 "updated_at": "Mon Sep 03 23:58:32 UTC 2012",
 "overview": "\u003Cp\u003E2of7 Design is a consumer product company that focuses on making convenient products that fit people.\u003C/p\u003E\n\n\u003Cp\u003EWe love form. We love function. We to be unencumbered. \u003C/p\u003E",
 "image":
  {"available_sizes":
    [[[150,
       67],
      "http://api-images.crunchbase.com/assets/images/resized/0020/8398/208398v2-max-150x150.png"],
     [[250,
       112],
      "http://api-images.crunchbase.com/assets/images/resized/0020/8398/208398v2-max-250x250.png"],
     [[450,
       202],
      "http://api-images.crunchbase.com/assets/images/resized/0020/8398/208398v2-max-450x450.png"]],
   "attribution": null},
 "products":
  [],
 "relationships":
  [{"is_past": false,
    "title": "Co-Founder",
    "person":
     {"first_name": "Ashley",
      "last_name": "Gragg",
      "permalink": "ashley-gragg"}},
   {"is_past": false,
    "title": "Co-Founder",
    "person":
     {"first_name": "Tim",
      "last_name": "Gragg",
      "permalink": "tim-gragg"}}],
 "competitions":
  [],
 "providerships":
  [],
 "total_money_raised": "$0",
 "funding_rounds":
  [],
 "investments":
  [],
 "acquisition": null,
 "acquisitions":
  [],
 "offices":
  [{"description": "",
    "address1": "",
    "address2": "",
    "zip_code": "",
    "city": "San Francisco",
    "state_code": "CA",
    "country_code": "USA",
    "latitude": null,
    "longitude": null}],
 "milestones":
  [],
 "ipo": null,
 "video_embeds":
  [],
 "screenshots":
  [],
 "external_links":
  [],
 "partners":
  []}
