{"name": "3-Kings BNB",
 "permalink": "3-kings-bnb",
 "crunchbase_url": "http://www.crunchbase.com/company/3-kings-bnb",
 "homepage_url": "http://www.3kingsbnb.com.au",
 "blog_url": "",
 "blog_feed_url": "",
 "twitter_username": null,
 "category_code": "other",
 "number_of_employees": null,
 "founded_year": null,
 "founded_month": null,
 "founded_day": null,
 "deadpooled_year": null,
 "deadpooled_month": null,
 "deadpooled_day": null,
 "deadpooled_url": null,
 "tag_list": "",
 "alias_list": null,
 "email_address": "",
 "phone_number": "",
 "description": "3 Kings BNB",
 "created_at": "Fri Dec 07 08:17:30 UTC 2012",
 "updated_at": "Mon Dec 17 20:59:34 UTC 2012",
 "overview": "\u003Cp\u003E3 Kings Bed and Breakfast offers value 5 star accommodation in the heart of the Yarra Valley, Victoria, Australia. 3 Kings accommodation is perfect for honeymoons, special events and or just to get away from the city. Our accommodation offers privacy with the convenience of being located near the village of Yarra Junction. Enjoy the peace and quiet of the Yarra Valley and what the surroundings have on offer.\u003C/p\u003E",
 "image": null,
 "products":
  [],
 "relationships":
  [],
 "competitions":
  [],
 "providerships":
  [],
 "total_money_raised": "$0",
 "funding_rounds":
  [],
 "investments":
  [],
 "acquisition": null,
 "acquisitions":
  [],
 "offices":
  [],
 "milestones":
  [],
 "ipo": null,
 "video_embeds":
  [],
 "screenshots":
  [],
 "external_links":
  [],
 "partners":
  []}
