{"name": "3. (TSPL) Trimex Sands Private Limited Srikakulam. Andhrapradesh",
 "permalink": "3-tspl-trimex-sands-private-limited-srikakulam-andhrapradesh",
 "crunchbase_url": "http://www.crunchbase.com/company/3-tspl-trimex-sands-private-limited-srikakulam-andhrapradesh",
 "homepage_url": null,
 "blog_url": null,
 "blog_feed_url": null,
 "twitter_username": null,
 "category_code": null,
 "number_of_employees": null,
 "founded_year": null,
 "founded_month": null,
 "founded_day": null,
 "deadpooled_year": null,
 "deadpooled_month": null,
 "deadpooled_day": null,
 "deadpooled_url": null,
 "tag_list": null,
 "alias_list": null,
 "email_address": null,
 "phone_number": null,
 "description": null,
 "created_at": "Fri Oct 26 05:21:52 UTC 2012",
 "updated_at": "Fri Oct 26 19:49:49 UTC 2012",
 "overview": null,
 "image": null,
 "products":
  [],
 "relationships":
  [{"is_past": true,
    "title": "trainee",
    "person":
     {"first_name": "ratnakar",
      "last_name": "bonda",
      "permalink": "ratnakar-bonda"}}],
 "competitions":
  [],
 "providerships":
  [],
 "total_money_raised": "$0",
 "funding_rounds":
  [],
 "investments":
  [],
 "acquisition": null,
 "acquisitions":
  [],
 "offices":
  [],
 "milestones":
  [],
 "ipo": null,
 "video_embeds":
  [],
 "screenshots":
  [],
 "external_links":
  [],
 "partners":
  []}
