{"name": "30 Miles North",
 "permalink": "30-miles-north",
 "crunchbase_url": "http://www.crunchbase.com/company/30-miles-north",
 "homepage_url": "http://30MilesNorth.com",
 "blog_url": "",
 "blog_feed_url": "",
 "twitter_username": "30MilesNorth",
 "category_code": "public_relations",
 "number_of_employees": 5,
 "founded_year": 2009,
 "founded_month": null,
 "founded_day": null,
 "deadpooled_year": null,
 "deadpooled_month": null,
 "deadpooled_day": null,
 "deadpooled_url": null,
 "tag_list": "public-relations, pr, tech, apps, marketing, santa-monica, silicon-beach, technology, communications",
 "alias_list": null,
 "email_address": "info@30milesnorth.com",
 "phone_number": "",
 "description": "Digital \u0026 Traditional Public Relations ",
 "created_at": "Mon Nov 05 23:19:19 UTC 2012",
 "updated_at": "Tue Feb 11 11:04:46 UTC 2014",
 "overview": "\u003Cp\u003E30 Miles North (30MN) is a Public Relations agency in Santa Monica, California specializing in fashion, entertainment and technology PR. 30MN works with tech and fashion start-up entrepreneurs and companies to manage communication efforts. The 30MN staff consists of seasoned publicists and social media strategists who have managed high-profile PR and social media campaigns and events.\u003C/p\u003E\n\n\u003Cp\u003E30 Miles North offers traditional and digital public relations plans that are customized for the client\u2019s needs and budget and focuses on developing strategic outreach plans and communications spanning across television, web, social media, and print publications.\u003C/p\u003E\n\n\u003Cp\u003EFounded by Priscilla Vento in 2008, she strives to reinvent new ways to encompass both brand and audience in order to capture a unique PR campaign. Her mission is to keep it fresh, creative and thoughtful in work, play and every day life!\u003C/p\u003E",
 "image":
  {"available_sizes":
    [[[150,
       119],
      "http://api-images.crunchbase.com/assets/images/resized/0021/9296/219296v2-max-150x150.jpg"],
     [[188,
       150],
      "http://api-images.crunchbase.com/assets/images/resized/0021/9296/219296v2-max-250x250.jpg"],
     [[188,
       150],
      "http://api-images.crunchbase.com/assets/images/resized/0021/9296/219296v2-max-450x450.jpg"]],
   "attribution": null},
 "products":
  [],
 "relationships":
  [{"is_past": true,
    "title": "Founder",
    "person":
     {"first_name": "Priscilla",
      "last_name": "Vento",
      "permalink": "priscilla-vento-2"}}],
 "competitions":
  [],
 "providerships":
  [],
 "total_money_raised": "$0",
 "funding_rounds":
  [],
 "investments":
  [],
 "acquisition": null,
 "acquisitions":
  [],
 "offices":
  [{"description": "",
    "address1": "",
    "address2": "",
    "zip_code": "90405",
    "city": "Santa Monica",
    "state_code": "CA",
    "country_code": "USA",
    "latitude": 34.009746,
    "longitude": -118.4659576}],
 "milestones":
  [],
 "ipo": null,
 "video_embeds":
  [],
 "screenshots":
  [],
 "external_links":
  [],
 "partners":
  []}
