{"name": "3D Fine Jewelry Inc.",
 "permalink": "3d-fine-jewelry-inc",
 "crunchbase_url": "http://www.crunchbase.com/company/3d-fine-jewelry-inc",
 "homepage_url": "http://www.miogems.com",
 "blog_url": "",
 "blog_feed_url": "",
 "twitter_username": null,
 "category_code": "other",
 "number_of_employees": null,
 "founded_year": 2006,
 "founded_month": null,
 "founded_day": null,
 "deadpooled_year": null,
 "deadpooled_month": null,
 "deadpooled_day": null,
 "deadpooled_url": null,
 "tag_list": "3d-cad-designs-and-3d-wax-printings, 3d-wax-prototyping, 3d-wax-models, cad-models",
 "alias_list": null,
 "email_address": "gemsmio@gmail.com",
 "phone_number": "516-608-9310",
 "description": "Our highly skilled team of designers bri",
 "created_at": "Thu Oct 18 11:53:24 UTC 2012",
 "updated_at": "Fri Oct 26 17:19:37 UTC 2012",
 "overview": "",
 "image": null,
 "products":
  [],
 "relationships":
  [],
 "competitions":
  [],
 "providerships":
  [],
 "total_money_raised": "$0",
 "funding_rounds":
  [],
 "investments":
  [],
 "acquisition": null,
 "acquisitions":
  [],
 "offices":
  [],
 "milestones":
  [],
 "ipo": null,
 "video_embeds":
  [],
 "screenshots":
  [],
 "external_links":
  [],
 "partners":
  []}
