{"name": "3rd Eye Web Solution",
 "permalink": "3rd-eye-web-solution",
 "crunchbase_url": "http://www.crunchbase.com/company/3rd-eye-web-solution",
 "homepage_url": "http://www.3rdiwebsolution.com",
 "blog_url": "",
 "blog_feed_url": "",
 "twitter_username": "3rdiwebsolution",
 "category_code": "software",
 "number_of_employees": 22,
 "founded_year": 2008,
 "founded_month": 12,
 "founded_day": 5,
 "deadpooled_year": null,
 "deadpooled_month": null,
 "deadpooled_day": null,
 "deadpooled_url": null,
 "tag_list": "get-a-3rd-eye-for-viting-e-world-",
 "alias_list": null,
 "email_address": "parth3rdeye@gmail.com",
 "phone_number": "9737665713",
 "description": "Get a 3rd Eye for visiting E-World",
 "created_at": "Sat Sep 22 11:53:35 UTC 2012",
 "updated_at": "Wed Dec 12 02:42:59 UTC 2012",
 "overview": "\u003Cp\u003E3rd Eye Web Solution is India based web designing, development and providing affordable and timely service for PHP web development. \u003C/p\u003E\n\n\u003Cp\u003EWe deliver stable, high performance and enterprise ready applications for web. \u003C/p\u003E\n\n\u003Cp\u003EWe are not only developing custom PHP application, but also, working on different open source applications like Oscommerce, Joomla, magento, x-cart-shopping-cart, Wordpress, Drupal, etc. We also have expertise in using different frame works like cakePHP, zend, qcodo etc. \u003C/p\u003E\n\n\u003Cp\u003EOur PHP web development team always works closely with the client, so that, they can understand the perfect needs and requirements of the client, since they are very good communicator that is why they always deliver top quality result. Our highly skilled and professional PHP programmer team utilize Linux, Apache, and MYSQL to develop a wide number of solutions.\nOur Specialization in PHP Web Development:\n    * Custom PHP web development\n    * Online shopping carts integration and e-commerce solutions\n    * Open Source Customization (Joomla, Drupal, osCommerce, Magento, Wordpress)\u003Cbr/\u003E\n    * Online Classified, News, Dating/Matrimonial, Auction applications\n    * Corporate Websites or Portal Development using PHP\n    * Community web sites and portals i.e. blogs, discussion forums, chat\n    * E-Commerce web development in PHP \u0026amp; MySQL\nThanks and Regards\n3rd Eye Web Solution\nskype id : chand_angle\u003C/p\u003E",
 "image":
  {"available_sizes":
    [[[150,
       78],
      "http://api-images.crunchbase.com/assets/images/resized/0021/2553/212553v2-max-150x150.jpg"],
     [[190,
       100],
      "http://api-images.crunchbase.com/assets/images/resized/0021/2553/212553v2-max-250x250.jpg"],
     [[190,
       100],
      "http://api-images.crunchbase.com/assets/images/resized/0021/2553/212553v2-max-450x450.jpg"]],
   "attribution": null},
 "products":
  [],
 "relationships":
  [],
 "competitions":
  [],
 "providerships":
  [],
 "total_money_raised": "$0",
 "funding_rounds":
  [],
 "investments":
  [],
 "acquisition": null,
 "acquisitions":
  [],
 "offices":
  [{"description": "Ahmedabad office",
    "address1": "near ashram road, bus stand",
    "address2": "",
    "zip_code": "380021",
    "city": "Ahmedabad",
    "state_code": null,
    "country_code": "IND",
    "latitude": null,
    "longitude": null}],
 "milestones":
  [],
 "ipo": null,
 "video_embeds":
  [],
 "screenshots":
  [],
 "external_links":
  [],
 "partners":
  []}
