{"name": "4 FLASHES PHOTO BOOTHS",
 "permalink": "4-flashes-photo-booths",
 "crunchbase_url": "http://www.crunchbase.com/company/4-flashes-photo-booths",
 "homepage_url": "http://www.4flashesphotoboothdallas.com",
 "blog_url": "",
 "blog_feed_url": "",
 "twitter_username": "4flashes",
 "category_code": "games_video",
 "number_of_employees": 5,
 "founded_year": 2010,
 "founded_month": null,
 "founded_day": null,
 "deadpooled_year": null,
 "deadpooled_month": null,
 "deadpooled_day": null,
 "deadpooled_url": null,
 "tag_list": "4-flashes, 4-flashes-photo-booth, dallas-photo-booth, photo-booth-rental",
 "alias_list": null,
 "email_address": "dallas@4flashesphotobooth.com",
 "phone_number": "214-842-6007",
 "description": "Photo Booth Rental Dallas",
 "created_at": "Fri Dec 07 07:03:30 UTC 2012",
 "updated_at": "Mon Dec 17 20:58:19 UTC 2012",
 "overview": "\u003Cp\u003E4 FLASHES PHOTO BOOTHS are authentic photo booths that combine the best of traditional design and modern technology.  We believe your guests deserve a true, hard-shelled, luxury photo booth.  Our photo booths are equipped with state-of-the-art equipment that is designed to make you and your guests look great.  Our photo booths enhance the guest experience and create lasting memories of your event.  You guests will leave with their photo strips as a reminder of your event that will last long after it is over.\u003C/p\u003E\n\n\u003Cp\u003EWe credit the success of our business to the superior product and exceptional customer service that we provide - which makes for many happy guests.  We\u2019d like for you to be our next satisfied customer.\u003C/p\u003E",
 "image":
  {"available_sizes":
    [[[150,
       90],
      "http://api-images.crunchbase.com/assets/images/resized/0022/4312/224312v2-max-150x150.jpg"],
     [[250,
       151],
      "http://api-images.crunchbase.com/assets/images/resized/0022/4312/224312v2-max-250x250.jpg"],
     [[450,
       272],
      "http://api-images.crunchbase.com/assets/images/resized/0022/4312/224312v2-max-450x450.jpg"]],
   "attribution": null},
 "products":
  [],
 "relationships":
  [],
 "competitions":
  [],
 "providerships":
  [],
 "total_money_raised": "$0",
 "funding_rounds":
  [],
 "investments":
  [],
 "acquisition": null,
 "acquisitions":
  [],
 "offices":
  [{"description": "Office",
    "address1": "6119 Greenville Ave #203",
    "address2": "",
    "zip_code": "75206",
    "city": "Dallas",
    "state_code": "TX",
    "country_code": "USA",
    "latitude": null,
    "longitude": null}],
 "milestones":
  [],
 "ipo": null,
 "video_embeds":
  [],
 "screenshots":
  [],
 "external_links":
  [],
 "partners":
  []}
