{"name": "40 Dating",
 "permalink": "40-dating",
 "crunchbase_url": "http://www.crunchbase.com/company/40-dating",
 "homepage_url": "http://www.40-dating.co.uk",
 "blog_url": "http://www.40-dating.co.uk",
 "blog_feed_url": "http://www.40-dating.co.uk/rss",
 "twitter_username": null,
 "category_code": "ecommerce",
 "number_of_employees": 2,
 "founded_year": 2011,
 "founded_month": 4,
 "founded_day": 4,
 "deadpooled_year": null,
 "deadpooled_month": null,
 "deadpooled_day": null,
 "deadpooled_url": null,
 "tag_list": "dating, relationships, , love, marriage",
 "alias_list": null,
 "email_address": "contact@40dating.co.uk",
 "phone_number": "07837060089",
 "description": "age related dating website",
 "created_at": "Tue Nov 20 18:52:29 UTC 2012",
 "updated_at": "Wed Nov 21 08:32:03 UTC 2012",
 "overview": "\u003Cp\u003EAn age related dating website for those aged forty and over. offers free membership with additional services if upgraded. The site is affiliated to white label dating who have one of the UK\u0026#8217;s largest memberships. The website caters for all dating types and is searchable in various ways to find a reasonable match.\u003C/p\u003E",
 "image":
  {"available_sizes":
    [[[96,
       96],
      "http://api-images.crunchbase.com/assets/images/resized/0022/1314/221314v2-max-150x150.jpg"],
     [[96,
       96],
      "http://api-images.crunchbase.com/assets/images/resized/0022/1314/221314v2-max-250x250.jpg"],
     [[96,
       96],
      "http://api-images.crunchbase.com/assets/images/resized/0022/1314/221314v2-max-450x450.jpg"]],
   "attribution": null},
 "products":
  [],
 "relationships":
  [],
 "competitions":
  [],
 "providerships":
  [],
 "total_money_raised": "$0",
 "funding_rounds":
  [],
 "investments":
  [],
 "acquisition": null,
 "acquisitions":
  [],
 "offices":
  [],
 "milestones":
  [],
 "ipo": null,
 "video_embeds":
  [],
 "screenshots":
  [],
 "external_links":
  [],
 "partners":
  []}
