{"name": "40Nuggets",
 "permalink": "40nuggets",
 "crunchbase_url": "http://www.crunchbase.com/company/40nuggets",
 "homepage_url": "http://www.40nuggets.com",
 "blog_url": "",
 "blog_feed_url": "",
 "twitter_username": "40nuggets",
 "category_code": "web",
 "number_of_employees": 6,
 "founded_year": 2012,
 "founded_month": null,
 "founded_day": null,
 "deadpooled_year": null,
 "deadpooled_month": null,
 "deadpooled_day": null,
 "deadpooled_url": null,
 "tag_list": "conversion-rate-optimization, cro, personalized-targeting, marketing-automation",
 "alias_list": "taskcurrent",
 "email_address": "aharon@40nuggets.com",
 "phone_number": "+1 646.248.6807",
 "description": "Conversion Optimization",
 "created_at": "Sat Sep 15 17:59:21 UTC 2012",
 "updated_at": "Fri Mar 21 11:43:31 UTC 2014",
 "overview": "\u003Cp\u003E40Nuggets is an accelerant for conversions on any website. We accomplish this by performing both automated testing of calls-to-action and real-time implementation of the testing conclusions making calls-to-action progressively smarter. 40N is differentiated by its sophisticated automatic testing platform that uses machine-learning technology to present calls-to-action in the manner that is most likely to convert a given inbound visitor.\u003C/p\u003E",
 "image":
  {"available_sizes":
    [[[150,
       116],
      "http://api-images.crunchbase.com/assets/images/resized/0021/1494/211494v4-max-150x150.png"],
     [[200,
       156],
      "http://api-images.crunchbase.com/assets/images/resized/0021/1494/211494v4-max-250x250.png"],
     [[200,
       156],
      "http://api-images.crunchbase.com/assets/images/resized/0021/1494/211494v4-max-450x450.png"]],
   "attribution": null},
 "products":
  [{"name": "40N WP Plugin",
    "permalink": "40n-wp-plugin"},
   {"name": "40N Enterprise Platform",
    "permalink": "40n-enterprise-platform"}],
 "relationships":
  [{"is_past": false,
    "title": "CTO \u0026 co-Founder",
    "person":
     {"first_name": "Yishai",
      "last_name": "Goldstein",
      "permalink": "yishai-goldstein"}},
   {"is_past": false,
    "title": "CEO \u0026 co-Founder",
    "person":
     {"first_name": "Aharon",
      "last_name": "Horwitz",
      "permalink": "aharon-horwitz"}},
   {"is_past": false,
    "title": "Chief of Product \u0026 co-Founder",
    "person":
     {"first_name": "Eliav",
      "last_name": "Moshe",
      "permalink": "eliav-moshe"}},
   {"is_past": false,
    "title": "Advisor",
    "person":
     {"first_name": "Yehuda",
      "last_name": "Adler",
      "permalink": "yehuda-adler"}},
   {"is_past": false,
    "title": "Advisor",
    "person":
     {"first_name": "Yonatan",
      "last_name": "Aumann",
      "permalink": "yonatan-aumann"}},
   {"is_past": false,
    "title": "Content \u0026 Community Coordinator",
    "person":
     {"first_name": "Chaya",
      "last_name": "David",
      "permalink": "chaya-david"}}],
 "competitions":
  [],
 "providerships":
  [],
 "total_money_raised": "$0",
 "funding_rounds":
  [],
 "investments":
  [],
 "acquisition": null,
 "acquisitions":
  [],
 "offices":
  [],
 "milestones":
  [],
 "ipo": null,
 "video_embeds":
  [],
 "screenshots":
  [{"available_sizes":
     [[[150,
        93],
       "http://api-images.crunchbase.com/assets/images/resized/0024/0975/240975v2-max-150x150.png"],
      [[250,
        155],
       "http://api-images.crunchbase.com/assets/images/resized/0024/0975/240975v2-max-250x250.png"],
      [[450,
        279],
       "http://api-images.crunchbase.com/assets/images/resized/0024/0975/240975v2-max-450x450.png"]],
    "attribution": null},
   {"available_sizes":
     [[[150,
        90],
       "http://api-images.crunchbase.com/assets/images/resized/0024/0979/240979v2-max-150x150.png"],
      [[250,
        151],
       "http://api-images.crunchbase.com/assets/images/resized/0024/0979/240979v2-max-250x250.png"],
      [[450,
        272],
       "http://api-images.crunchbase.com/assets/images/resized/0024/0979/240979v2-max-450x450.png"]],
    "attribution": null},
   {"available_sizes":
     [[[150,
        85],
       "http://api-images.crunchbase.com/assets/images/resized/0025/8960/258960v2-max-150x150.png"],
      [[250,
        142],
       "http://api-images.crunchbase.com/assets/images/resized/0025/8960/258960v2-max-250x250.png"],
      [[450,
        255],
       "http://api-images.crunchbase.com/assets/images/resized/0025/8960/258960v2-max-450x450.png"]],
    "attribution": null},
   {"available_sizes":
     [[[150,
        81],
       "http://api-images.crunchbase.com/assets/images/resized/0027/2015/272015v2-max-150x150.png"],
      [[250,
        136],
       "http://api-images.crunchbase.com/assets/images/resized/0027/2015/272015v2-max-250x250.png"],
      [[450,
        244],
       "http://api-images.crunchbase.com/assets/images/resized/0027/2015/272015v2-max-450x450.png"]],
    "attribution": null},
   {"available_sizes":
     [[[150,
        73],
       "http://api-images.crunchbase.com/assets/images/resized/0027/2016/272016v2-max-150x150.png"],
      [[250,
        123],
       "http://api-images.crunchbase.com/assets/images/resized/0027/2016/272016v2-max-250x250.png"],
      [[450,
        221],
       "http://api-images.crunchbase.com/assets/images/resized/0027/2016/272016v2-max-450x450.png"]],
    "attribution": null},
   {"available_sizes":
     [[[150,
        91],
       "http://api-images.crunchbase.com/assets/images/resized/0030/8370/308370v2-max-150x150.png"],
      [[250,
        153],
       "http://api-images.crunchbase.com/assets/images/resized/0030/8370/308370v2-max-250x250.png"],
      [[450,
        275],
       "http://api-images.crunchbase.com/assets/images/resized/0030/8370/308370v2-max-450x450.png"]],
    "attribution": null},
   {"available_sizes":
     [[[150,
        72],
       "http://api-images.crunchbase.com/assets/images/resized/0041/2296/412296v2-max-150x150.png"],
      [[250,
        121],
       "http://api-images.crunchbase.com/assets/images/resized/0041/2296/412296v2-max-250x250.png"],
      [[450,
        218],
       "http://api-images.crunchbase.com/assets/images/resized/0041/2296/412296v2-max-450x450.png"]],
    "attribution": null}],
 "external_links":
  [{"external_url": "http://40nuggets.com",
    "title": "Homepage"}],
 "partners":
  []}
