{"name": "41? 29!",
 "permalink": "41-29",
 "crunchbase_url": "http://www.crunchbase.com/company/41-29",
 "homepage_url": "http://www.41-29.com",
 "blog_url": "",
 "blog_feed_url": "",
 "twitter_username": "41_29",
 "category_code": "other",
 "number_of_employees": null,
 "founded_year": 2007,
 "founded_month": null,
 "founded_day": null,
 "deadpooled_year": null,
 "deadpooled_month": null,
 "deadpooled_day": null,
 "deadpooled_url": null,
 "tag_list": null,
 "alias_list": "",
 "email_address": "",
 "phone_number": "",
 "description": "",
 "created_at": "Wed Sep 12 13:22:27 UTC 2012",
 "updated_at": "Thu Jan 30 09:49:25 UTC 2014",
 "overview": "\u003Cp\u003E41?29! is a digital marketing and communications agency developing campaigns for brands and advertisers. They converge interactive and alternative media to come up with concepts and stories that connect consumers with their client brands via the digital domain.\u003C/p\u003E\n\n\u003Cp\u003EThe projects they take up are diverse and vary from internet to mobile campaigns, viral guerilla marketing, 360 degree projects, and more.\nSince its inception in 2007, 41?29! has implemented over 300 projects for international Fortune 500 companies and has received several prestigious local and international awards.\u003C/p\u003E\n\n\u003Cp\u003E41?29! was founded in Istanbul, Turkey.\u003C/p\u003E",
 "image":
  {"available_sizes":
    [[[150,
       150],
      "http://api-images.crunchbase.com/assets/images/resized/0040/4311/404311v1-max-150x150.jpg"],
     [[250,
       250],
      "http://api-images.crunchbase.com/assets/images/resized/0040/4311/404311v1-max-250x250.jpg"],
     [[450,
       450],
      "http://api-images.crunchbase.com/assets/images/resized/0040/4311/404311v1-max-450x450.jpg"]],
   "attribution": null},
 "products":
  [],
 "relationships":
  [{"is_past": false,
    "title": "Founder \u0026 Managing Director",
    "person":
     {"first_name": "Alemsah",
      "last_name": "Ozturk",
      "permalink": "alemsah-ozturk"}},
   {"is_past": false,
    "title": "Social Media Director",
    "person":
     {"first_name": "Kutay",
      "last_name": "Ates",
      "permalink": "kutay-ates"}}],
 "competitions":
  [],
 "providerships":
  [],
 "total_money_raised": "$0",
 "funding_rounds":
  [],
 "investments":
  [],
 "acquisition": null,
 "acquisitions":
  [],
 "offices":
  [{"description": "",
    "address1": "Ataturk Oto Sanayi Sitesi",
    "address2": "52. Sokak No:4 Maslak",
    "zip_code": "34337",
    "city": "Istanbul",
    "state_code": null,
    "country_code": "TUR",
    "latitude": null,
    "longitude": null}],
 "milestones":
  [],
 "ipo": null,
 "video_embeds":
  [],
 "screenshots":
  [{"available_sizes":
     [[[150,
        108],
       "http://api-images.crunchbase.com/assets/images/resized/0040/4317/404317v1-max-150x150.png"],
      [[250,
        181],
       "http://api-images.crunchbase.com/assets/images/resized/0040/4317/404317v1-max-250x250.png"],
      [[450,
        326],
       "http://api-images.crunchbase.com/assets/images/resized/0040/4317/404317v1-max-450x450.png"]],
    "attribution": null}],
 "external_links":
  [{"external_url": "https://www.facebook.com/4129agency",
    "title": "Facebook"}],
 "partners":
  [{"partner_name": "webrazzi",
    "homepage_url": "unknown",
    "link_1_url": "http://vt.webrazzi.com/sirket/41-29",
    "link_2_url": null,
    "link_3_url": null,
    "link_1_name": "webrazzi Page",
    "link_2_name": null,
    "link_3_name": null}]}
