{"name": "4dable",
 "permalink": "4dable",
 "crunchbase_url": "http://www.crunchbase.com/company/4dable",
 "homepage_url": "http://www.affordablewebsite.net",
 "blog_url": "http://4dablecom.blogspot.com/",
 "blog_feed_url": "",
 "twitter_username": "4dabledotcom",
 "category_code": "ecommerce",
 "number_of_employees": 8,
 "founded_year": 2011,
 "founded_month": 1,
 "founded_day": 6,
 "deadpooled_year": null,
 "deadpooled_month": null,
 "deadpooled_day": null,
 "deadpooled_url": null,
 "tag_list": "web-designers, website, templates, hosting, ecommerce",
 "alias_list": null,
 "email_address": "info@4dable.com",
 "phone_number": "862-2-4dable",
 "description": "The Affordable Website",
 "created_at": "Sun Dec 09 01:35:35 UTC 2012",
 "updated_at": "Mon Dec 17 21:30:32 UTC 2012",
 "overview": "\u003Cp\u003E4dable has the most reputable affordable web designers on the web today!\u003C/p\u003E\n\n\u003Cp\u003ELooking how to design an affordable website? 4dable works hard to bring you the most reputable web designers and affordable website companies doing business on the web today! These companies have served over 50 million clients for over a decade, and have built up great reputations along the way. We did the searching for you and discovered the best, reputable, affordable and easiest companies to build your website with.\u003C/p\u003E",
 "image": null,
 "products":
  [],
 "relationships":
  [],
 "competitions":
  [],
 "providerships":
  [],
 "total_money_raised": "$0",
 "funding_rounds":
  [],
 "investments":
  [],
 "acquisition": null,
 "acquisitions":
  [],
 "offices":
  [],
 "milestones":
  [],
 "ipo": null,
 "video_embeds":
  [],
 "screenshots":
  [],
 "external_links":
  [{"external_url": "http://www.affordablewebsite.net",
    "title": "4dable"}],
 "partners":
  []}
