{"name": "55social",
 "permalink": "55social",
 "crunchbase_url": "http://www.crunchbase.com/company/55social",
 "homepage_url": "http://55social.com",
 "blog_url": "",
 "blog_feed_url": "",
 "twitter_username": "55socialBrasil",
 "category_code": "software",
 "number_of_employees": 70,
 "founded_year": 2011,
 "founded_month": 7,
 "founded_day": 14,
 "deadpooled_year": null,
 "deadpooled_month": null,
 "deadpooled_day": null,
 "deadpooled_url": null,
 "tag_list": "",
 "alias_list": "",
 "email_address": "marketing@55social.com",
 "phone_number": "551155034455",
 "description": "Social Media Company",
 "created_at": "Thu Nov 01 16:08:22 UTC 2012",
 "updated_at": "Wed Jul 17 00:40:58 UTC 2013",
 "overview": "\u003Cp\u003E55social is a service that helps firms reach out and monetize their social media. Was founded in 2011 by IG Expansion, Brazilian entrepreneurs and Redpoint Ventures to provide tech based solutions for the Brazilian social media market, which was, and still is, growing. The company has offices in Brazil and Argentina. Its Brazilian office has the commercial and customer service operations, with approximately 40 employees. In Argentina, is located the software development operations, with approximately 30 employees. \nOperating for almost one year and a half, 55social developed a platform that helps brands manage its social media and analyze its results, and already has more than 150 clients in the country.\u003C/p\u003E",
 "image":
  {"available_sizes":
    [[[150,
       63],
      "http://api-images.crunchbase.com/assets/images/resized/0021/8305/218305v1-max-150x150.png"],
     [[228,
       97],
      "http://api-images.crunchbase.com/assets/images/resized/0021/8305/218305v1-max-250x250.png"],
     [[228,
       97],
      "http://api-images.crunchbase.com/assets/images/resized/0021/8305/218305v1-max-450x450.png"]],
   "attribution": null},
 "products":
  [],
 "relationships":
  [],
 "competitions":
  [],
 "providerships":
  [],
 "total_money_raised": "$3M",
 "funding_rounds":
  [{"id": 33528,
    "round_code": "unattributed",
    "source_url": "http://eng.nr-7comunicacao.com.br/redpoint-and-bv-capital-form-brazilian-v-c-firm-por-vinod-sreeharsha-deal-book/",
    "source_description": "",
    "raised_amount": 3000000.0,
    "raised_currency_code": "USD",
    "funded_year": 2011,
    "funded_month": 11,
    "funded_day": 1,
    "investments":
     [{"company": null,
       "financial_org":
        {"name": "Redpoint Ventures",
         "permalink": "redpoint-ventures"},
       "person": null},
      {"company": null,
       "financial_org":
        {"name": "e.ventures",
         "permalink": "e-ventures"},
       "person": null}]}],
 "investments":
  [],
 "acquisition": null,
 "acquisitions":
  [],
 "offices":
  [{"description": "",
    "address1": "",
    "address2": "",
    "zip_code": "",
    "city": "",
    "state_code": null,
    "country_code": "BRA",
    "latitude": null,
    "longitude": null},
   {"description": "",
    "address1": "",
    "address2": "",
    "zip_code": "",
    "city": "",
    "state_code": null,
    "country_code": "ARG",
    "latitude": null,
    "longitude": null},
   {"description": null,
    "address1": null,
    "address2": null,
    "zip_code": null,
    "city": "Sao Paulo",
    "state_code": "",
    "country_code": "BRA",
    "latitude": -23.5489433,
    "longitude": -46.6388182}],
 "milestones":
  [],
 "ipo": null,
 "video_embeds":
  [],
 "screenshots":
  [{"available_sizes":
     [[[127,
        150],
       "http://api-images.crunchbase.com/assets/images/resized/0021/8306/218306v1-max-150x150.png"],
      [[212,
        250],
       "http://api-images.crunchbase.com/assets/images/resized/0021/8306/218306v1-max-250x250.png"],
      [[383,
        450],
       "http://api-images.crunchbase.com/assets/images/resized/0021/8306/218306v1-max-450x450.png"]],
    "attribution": null}],
 "external_links":
  [],
 "partners":
  []}
