{"name": "5W Public Relations",
 "permalink": "5w-public-relations",
 "crunchbase_url": "http://www.crunchbase.com/company/5w-public-relations",
 "homepage_url": "http://www.5wpr.com",
 "blog_url": "",
 "blog_feed_url": "",
 "twitter_username": "5W_PR",
 "category_code": "public_relations",
 "number_of_employees": null,
 "founded_year": 2003,
 "founded_month": 1,
 "founded_day": null,
 "deadpooled_year": null,
 "deadpooled_month": null,
 "deadpooled_day": null,
 "deadpooled_url": null,
 "tag_list": "5wpr, 5w-public-relations, 5w-pr, ronn-torossian, pr-firm, 5w",
 "alias_list": null,
 "email_address": "info@5wpr.com",
 "phone_number": "212.999.5585 ",
 "description": "PR Firm",
 "created_at": "Fri Aug 17 14:47:29 UTC 2012",
 "updated_at": "Wed May 22 23:43:03 UTC 2013",
 "overview": "\u003Cp\u003E5WPR (www.5wpr.com) is a full-service PR agency known for cutting-edge programs that engage with businesses, issues and ideas. \u003C/p\u003E\n\n\u003Cp\u003EWith offices in New York City and Los Angeles, 5WPR has more than 90 professionals serving clients in B2C (Beauty \u0026amp; Fashion, Consumer Brands, Entertainment, Food \u0026amp; Beverage, Health \u0026amp; Wellness, Travel \u0026amp; Hospitality, Technology, Nonprofit), B2B (Corporate Communications and Reputation Management), Public Affairs, Crisis Communications and digital strategy, 5W brings leading businesses a resourceful, bold and results-driven approach to communications. \u003C/p\u003E\n\n\u003Cp\u003EThe firm was founded by Ronn Torossian in 2003 and continues to grow and achieve success.\u003C/p\u003E",
 "image":
  {"available_sizes":
    [[[149,
       150],
      "http://api-images.crunchbase.com/assets/images/resized/0025/8277/258277v2-max-150x150.jpg"],
     [[249,
       250],
      "http://api-images.crunchbase.com/assets/images/resized/0025/8277/258277v2-max-250x250.jpg"],
     [[432,
       433],
      "http://api-images.crunchbase.com/assets/images/resized/0025/8277/258277v2-max-450x450.jpg"]],
   "attribution": null},
 "products":
  [],
 "relationships":
  [{"is_past": false,
    "title": "CEO and Founder",
    "person":
     {"first_name": "Ronn",
      "last_name": "Torossian",
      "permalink": "ronn-torossian"}},
   {"is_past": false,
    "title": "Assistant Account Executive",
    "person":
     {"first_name": "Katie",
      "last_name": "Campisano",
      "permalink": "katie-campisano"}}],
 "competitions":
  [],
 "providerships":
  [],
 "total_money_raised": "$0",
 "funding_rounds":
  [],
 "investments":
  [],
 "acquisition": null,
 "acquisitions":
  [],
 "offices":
  [{"description": "5W Public Relations",
    "address1": "1166 Avenue of the Americas",
    "address2": "4th Floor",
    "zip_code": "10036",
    "city": "New York",
    "state_code": "NY",
    "country_code": "USA",
    "latitude": null,
    "longitude": null},
   {"description": "5WPR LA Office",
    "address1": "11111 Santa Monica Boulevard, 16th Floor",
    "address2": "",
    "zip_code": "90025",
    "city": "Los Angeles",
    "state_code": "CA",
    "country_code": "USA",
    "latitude": 34.048296,
    "longitude": -118.445296}],
 "milestones":
  [{"id": 33503,
    "description": "5WPR as PR firm for T-fal ActiFry secured a tweet from Oprah Winfrey stating \"This machine\u2026T-fal ActiFry has changed my life. And they're not paying me to say it,\" along with an Instagram photo of Oprah holding the appliance. The company's stock skyrocket",
    "stoned_year": 2013,
    "stoned_month": 3,
    "stoned_day": null,
    "source_url": "http://www.5wpr.com/about5wpr/history.cfm",
    "source_text": null,
    "source_description": "",
    "stoneable_type": "Company",
    "stoned_value": null,
    "stoned_value_type": null,
    "stoned_acquirer": null,
    "stoneable":
     {"name": "5W Public Relations",
      "permalink": "5w-public-relations"}},
   {"id": 33504,
    "description": "5WPR named Agency of Record for Promotion in Motion, one of the largest candy companies in the world. Proprietary and licensed brands include WELCH\u2019S\u00ae Fruit Snacks and Fruit \u2018n Yogurt\u2122 Snacks, SUN-MAID\u00ae Milk Chocolate Raisins, My M\u0026M\u2019S\u00ae Brand Chocolate Ca",
    "stoned_year": 2012,
    "stoned_month": 4,
    "stoned_day": null,
    "source_url": "http://www.5wpr.com/about5wpr/history.cfm",
    "source_text": null,
    "source_description": "",
    "stoneable_type": "Company",
    "stoned_value": null,
    "stoned_value_type": null,
    "stoned_acquirer": null,
    "stoneable":
     {"name": "5W Public Relations",
      "permalink": "5w-public-relations"}},
   {"id": 33505,
    "description": "Ronn Torossian, Founder \u0026 CEO of 5WPR releases the consummate guidebook for public relations in the modern era, \"For Immediate Release: Shape Minds, Build Brands, and Deliver Results with Game-Changing Public Relations.\" The book is available in bookstore",
    "stoned_year": 2011,
    "stoned_month": 10,
    "stoned_day": null,
    "source_url": "http://www.5wpr.com/about5wpr/history.cfm",
    "source_text": null,
    "source_description": "",
    "stoneable_type": "Company",
    "stoned_value": null,
    "stoned_value_type": null,
    "stoned_acquirer": null,
    "stoneable":
     {"name": "5W Public Relations",
      "permalink": "5w-public-relations"}},
   {"id": 33506,
    "description": "5WPR named PR agency of record for Krups, iconic manufacturer of coffee makers and espresso machines, blenders, mixers, and toaster ovens since 1846.",
    "stoned_year": 2011,
    "stoned_month": 4,
    "stoned_day": null,
    "source_url": "http://www.5wpr.com/about5wpr/history.cfm",
    "source_text": null,
    "source_description": "",
    "stoneable_type": "Company",
    "stoned_value": null,
    "stoned_value_type": null,
    "stoned_acquirer": null,
    "stoneable":
     {"name": "5W Public Relations",
      "permalink": "5w-public-relations"}},
   {"id": 33507,
    "description": "Ronn Torossian, CEO \u0026 Founder of 5WPR, is selected as a Semi-Finalist for the prestigious 2010 Ernst \u0026 Young Entrepreneur of the Year awards, New York region.",
    "stoned_year": 2010,
    "stoned_month": 4,
    "stoned_day": null,
    "source_url": "http://www.5wpr.com/about5wpr/history.cfm",
    "source_text": null,
    "source_description": "",
    "stoneable_type": "Company",
    "stoned_value": null,
    "stoned_value_type": null,
    "stoned_acquirer": null,
    "stoneable":
     {"name": "5W Public Relations",
      "permalink": "5w-public-relations"}},
   {"id": 33508,
    "description": "5W Public Relations is hired by Harrah's Entertainment, the world's largest provider of branded casino entertainment.",
    "stoned_year": 2008,
    "stoned_month": 5,
    "stoned_day": null,
    "source_url": "http://www.5wpr.com/about5wpr/history.cfm",
    "source_text": null,
    "source_description": "",
    "stoneable_type": "Company",
    "stoned_value": null,
    "stoned_value_type": null,
    "stoned_acquirer": null,
    "stoneable":
     {"name": "5W Public Relations",
      "permalink": "5w-public-relations"}},
   {"id": 33509,
    "description": "5W Public Relations signs IHOP and Loews Regency as the newest clients in the firm's expanding roster of top-tier restaurant \u0026 hospitality/ travel PR clients, which includes The Rink at Rockefeller Center, The Patina Restaurant Group, and Philippe.",
    "stoned_year": 2008,
    "stoned_month": 3,
    "stoned_day": null,
    "source_url": "http://www.5wpr.com/about5wpr/history.cfm",
    "source_text": null,
    "source_description": "",
    "stoneable_type": "Company",
    "stoned_value": null,
    "stoned_value_type": null,
    "stoned_acquirer": null,
    "stoneable":
     {"name": "5W Public Relations",
      "permalink": "5w-public-relations"}},
   {"id": 33510,
    "description": "5W Public Relations moves offices for the forth time in five years due to rapid growth. It now occupies 22,000 square feet in a Class A Building in Midtown Manhattan. The company now has a total of 90 employees in both New York and Los Angeles.",
    "stoned_year": 2007,
    "stoned_month": 12,
    "stoned_day": null,
    "source_url": "http://www.5wpr.com/about5wpr/history.cfm",
    "source_text": null,
    "source_description": "",
    "stoneable_type": "Company",
    "stoned_value": null,
    "stoned_value_type": null,
    "stoned_acquirer": null,
    "stoneable":
     {"name": "5W Public Relations",
      "permalink": "5w-public-relations"}},
   {"id": 33511,
    "description": "5W Public Relations is hired by Microsoft, and XM Radio to handle public relations.",
    "stoned_year": 2007,
    "stoned_month": 7,
    "stoned_day": null,
    "source_url": "http://www.5wpr.com/about5wpr/history.cfm",
    "source_text": null,
    "source_description": "",
    "stoneable_type": "Company",
    "stoned_value": null,
    "stoned_value_type": null,
    "stoned_acquirer": null,
    "stoneable":
     {"name": "5W Public Relations",
      "permalink": "5w-public-relations"}},
   {"id": 33512,
    "description": "5W Public Relations scores a three-peat with Fastest Growing PR Agency in the U.S. honors and officially breaks into the Top 25 list of independent firms. The company celebrates with the hiring of its 75th employee.",
    "stoned_year": 2007,
    "stoned_month": 1,
    "stoned_day": null,
    "source_url": "http://www.5wpr.com/about5wpr/history.cfm",
    "source_text": null,
    "source_description": "",
    "stoneable_type": "Company",
    "stoned_value": null,
    "stoned_value_type": null,
    "stoned_acquirer": null,
    "stoneable":
     {"name": "5W Public Relations",
      "permalink": "5w-public-relations"}},
   {"id": 33513,
    "description": "Ronn Torossian is named to Advertising Age's coveted 40 under 40 list. Ronn Torossian of 5WPR is the only CEO of a PR agency named to this list.",
    "stoned_year": 2006,
    "stoned_month": 8,
    "stoned_day": null,
    "source_url": "http://www.5wpr.com/about5wpr/history.cfm",
    "source_text": null,
    "source_description": "",
    "stoneable_type": "Company",
    "stoned_value": null,
    "stoned_value_type": null,
    "stoned_acquirer": null,
    "stoneable":
     {"name": "5W Public Relations",
      "permalink": "5w-public-relations"}},
   {"id": 33514,
    "description": "For the second consecutive year, 5W Public Relations is named the Fastest Growing PR Firm in the United States. The public relations agency hires its 50th employee.",
    "stoned_year": 2006,
    "stoned_month": 1,
    "stoned_day": null,
    "source_url": "http://www.5wpr.com/about5wpr/history.cfm",
    "source_text": null,
    "source_description": "",
    "stoneable_type": "Company",
    "stoned_value": null,
    "stoned_value_type": null,
    "stoned_acquirer": null,
    "stoneable":
     {"name": "5W Public Relations",
      "permalink": "5w-public-relations"}},
   {"id": 33515,
    "description": "5W Public Relations signs a fashion retail giant, The United Retail Group, the holding company for AVENUE, one of the largest plus-size clothing brands in the United States. The company operates over 500 Avenue retail stores, as well as Avenue.com.",
    "stoned_year": 2005,
    "stoned_month": 9,
    "stoned_day": null,
    "source_url": "http://www.5wpr.com/about5wpr/history.cfm",
    "source_text": null,
    "source_description": "",
    "stoneable_type": "Company",
    "stoned_value": null,
    "stoned_value_type": null,
    "stoned_acquirer": null,
    "stoneable":
     {"name": "5W Public Relations",
      "permalink": "5w-public-relations"}},
   {"id": 33516,
    "description": "5W Public Relations is named the Fastest Growing PR Firm in the United States, and wins Boutique PR Agency of the Year honors from the Holmes Report. The company now employs 30 full-time staffers and again relocates to a midtown 10,000+ square foot office",
    "stoned_year": 2005,
    "stoned_month": 1,
    "stoned_day": null,
    "source_url": "http://www.5wpr.com/about5wpr/history.cfm",
    "source_text": null,
    "source_description": "",
    "stoneable_type": "Company",
    "stoned_value": null,
    "stoned_value_type": null,
    "stoned_acquirer": null,
    "stoneable":
     {"name": "5W Public Relations",
      "permalink": "5w-public-relations"}},
   {"id": 33783,
    "description": "5WPR has been named a finalist in the Public Relations Agency of the Year category in The 2013 American Business Awards. Additionally, Ronn Torossian , the founder \u0026 CEO of 5WPR was named a finalist in the Communications, Investor Relations, and PR Execut",
    "stoned_year": 2013,
    "stoned_month": 5,
    "stoned_day": 9,
    "source_url": "http://www.prnewswire.com/news-releases/5wpr-named-finalist-for-public-relations-agency-of-year-in-2013-american-business-awardssm-206799751.html",
    "source_text": null,
    "source_description": "PR Newswire",
    "stoneable_type": "Company",
    "stoned_value": null,
    "stoned_value_type": null,
    "stoned_acquirer": null,
    "stoneable":
     {"name": "5W Public Relations",
      "permalink": "5w-public-relations"}},
   {"id": 34215,
    "description": "5W PR Announces 20% Growth in Q1 2013 And New Headquarters   ",
    "stoned_year": 2013,
    "stoned_month": 5,
    "stoned_day": 20,
    "source_url": "http://www.prnewswire.com/news-releases/5wpr-announces-20-growth-in-q1-2013-and-new-headquarters-208129291.html",
    "source_text": null,
    "source_description": "PR Newswire",
    "stoneable_type": "Company",
    "stoned_value": null,
    "stoned_value_type": null,
    "stoned_acquirer": null,
    "stoneable":
     {"name": "5W Public Relations",
      "permalink": "5w-public-relations"}}],
 "ipo": null,
 "video_embeds":
  [{"embed_code": "\u003Ciframe width=\"420\" height=\"315\" src=\"http://www.youtube.com/embed/mjpc5keBqLg\" frameborder=\"0\" allowfullscreen\u003E\u003C/iframe\u003E",
    "description": "\u003Cp\u003ERonn Torossian, CEO 5WPR on OMG! Insider About Gwyneth Paltrow\u0026#8217;s Brand after being named People Magazine\u0026#8217;s Prettiest Woman \u003C/p\u003E"},
   {"embed_code": "\u003Ciframe width=\"420\" height=\"315\" src=\"http://www.youtube.com/embed/8qNmKIHWjE0\" frameborder=\"0\" allowfullscreen\u003E\u003C/iframe\u003E",
    "description": "\u003Cp\u003ERonn Torossian CEO of 5W Public Relations (at 1:33 on video) on Fox 5 News About Allegations of New York Yankees Alex Rodriguez (A-Rod) on Steroids and involved in buying documents that could incriminate him in order to destroy them and cover up any link \u003C/p\u003E"},
   {"embed_code": "\u003Ciframe width=\"420\" height=\"315\" src=\"http://www.youtube.com/embed/t05iSF_6cTI\" frameborder=\"0\" allowfullscreen\u003E\u003C/iframe\u003E",
    "description": "\u003Cp\u003ERonn Torossian, CEO 5W Public Relations, on Entertainment Tonight Concerning Matt Lauer and the Today Show.\u003C/p\u003E"}],
 "screenshots":
  [{"available_sizes":
     [[[150,
        117],
       "http://api-images.crunchbase.com/assets/images/resized/0025/8321/258321v2-max-150x150.png"],
      [[250,
        196],
       "http://api-images.crunchbase.com/assets/images/resized/0025/8321/258321v2-max-250x250.png"],
      [[450,
        353],
       "http://api-images.crunchbase.com/assets/images/resized/0025/8321/258321v2-max-450x450.png"]],
    "attribution": null},
   {"available_sizes":
     [[[95,
        150],
       "http://api-images.crunchbase.com/assets/images/resized/0025/8323/258323v2-max-150x150.png"],
      [[159,
        250],
       "http://api-images.crunchbase.com/assets/images/resized/0025/8323/258323v2-max-250x250.png"],
      [[287,
        450],
       "http://api-images.crunchbase.com/assets/images/resized/0025/8323/258323v2-max-450x450.png"]],
    "attribution": null},
   {"available_sizes":
     [[[61,
        150],
       "http://api-images.crunchbase.com/assets/images/resized/0025/8326/258326v2-max-150x150.png"],
      [[102,
        250],
       "http://api-images.crunchbase.com/assets/images/resized/0025/8326/258326v2-max-250x250.png"],
      [[183,
        450],
       "http://api-images.crunchbase.com/assets/images/resized/0025/8326/258326v2-max-450x450.png"]],
    "attribution": null}],
 "external_links":
  [{"external_url": "http://www.5wpr.com/",
    "title": "5WPR"},
   {"external_url": "http://www.ronntorossian.com",
    "title": "5W PR CEO Ronn Torossian"},
   {"external_url": "http://www.facebook.com/5wpublicrelations",
    "title": "5WPR on Facebook"},
   {"external_url": "http://www.twitter.com/5w_pr",
    "title": "5WPR on Twitter"},
   {"external_url": "http://www.linkedin.com/company/5w-public-relations",
    "title": "5WPR on LinkedIn"},
   {"external_url": "http://pinterest.com/5wpr/",
    "title": "5WPR on Pinterest"},
   {"external_url": "http://www.youtube.com/user/5WPRSpeakers",
    "title": "5WPR on YouTube"},
   {"external_url": "http://www.forimmediatereleasebook.com/",
    "title": "Ronn Torossian Book"},
   {"external_url": "https://plus.google.com/113879426945738643113/posts",
    "title": "5WPR on Google+"}],
 "partners":
  []}
