{"name": "6StarMedia.com",
 "permalink": "6starmedia-com",
 "crunchbase_url": "http://www.crunchbase.com/company/6starmedia-com",
 "homepage_url": null,
 "blog_url": null,
 "blog_feed_url": null,
 "twitter_username": null,
 "category_code": null,
 "number_of_employees": null,
 "founded_year": null,
 "founded_month": null,
 "founded_day": null,
 "deadpooled_year": null,
 "deadpooled_month": null,
 "deadpooled_day": null,
 "deadpooled_url": null,
 "tag_list": "online-marketing, website-design, web-design, business-strategy, website-marketing",
 "alias_list": null,
 "email_address": null,
 "phone_number": null,
 "description": null,
 "created_at": "Tue Nov 20 19:52:29 UTC 2012",
 "updated_at": "Wed Dec 12 08:05:18 UTC 2012",
 "overview": "\u003Cp\u003E6StarMedia.com is a website design and marketing firm that works with businesses, corporations, hobbyists and professionals to increase their online exposure.\u003C/p\u003E\n\n\u003Cp\u003EOur North American operations are headquartered in Ontario, Canada and managed by Kevin Perry.  Kevin has been has been an internet entrepreneur for the last 10 years and specializes in website design and business strategy.  Aside from managing the day to day operations from the North American perspective, Kevin also oversees all 6StarMedia website designs as well as marketing plans.\u003C/p\u003E\n\n\u003Cp\u003EOur European and Oceania operations are headquartered in New South Wales, Australia and managed by Maggie David.  Maggie is a published author of several internet marketing and health related books, a master of organization, as well as having the distinction of running her own Spa business.  Maggie knows exactly what it takes to succeed in business and shares that knowledge with each of our clients.  Aside from her European and Oceania duties, Maggie is also the head of our writing division and oversees all content before delivered to our clients.\u003C/p\u003E\n\n\u003Cp\u003EAs you can clearly see by our eclectic talents and services offered, 6StarMedia is your full service choice for turning your business and/or website into an online authority.  We\u2019re involved in all aspects of the process and also make sure our clients feel like they are a part of the process as well.  We strive to produce a perfect solution and we are not satisfied until you are!\u003C/p\u003E",
 "image":
  {"available_sizes":
    [[[150,
       56],
      "http://api-images.crunchbase.com/assets/images/resized/0022/3444/223444v2-max-150x150.jpg"],
     [[250,
       93],
      "http://api-images.crunchbase.com/assets/images/resized/0022/3444/223444v2-max-250x250.jpg"],
     [[450,
       168],
      "http://api-images.crunchbase.com/assets/images/resized/0022/3444/223444v2-max-450x450.jpg"]],
   "attribution": null},
 "products":
  [],
 "relationships":
  [{"is_past": false,
    "title": "Manager of North American Operations",
    "person":
     {"first_name": "Kevin",
      "last_name": "Perry",
      "permalink": "kevin-perry"}},
   {"is_past": false,
    "title": "Manager of European/Oceania Operations",
    "person":
     {"first_name": "Maggie",
      "last_name": "David",
      "permalink": "maggie-david"}}],
 "competitions":
  [],
 "providerships":
  [],
 "total_money_raised": "$0",
 "funding_rounds":
  [],
 "investments":
  [],
 "acquisition": null,
 "acquisitions":
  [],
 "offices":
  [{"description": "North American Office",
    "address1": "49 Washburn St.",
    "address2": "",
    "zip_code": "K0K2T0",
    "city": "Picton",
    "state_code": null,
    "country_code": "CAN",
    "latitude": 44.0065987,
    "longitude": -77.1521362},
   {"description": "European Office",
    "address1": "20 Bowen Mountain Rd.",
    "address2": "",
    "zip_code": "2753",
    "city": "Grose Vale, NSW",
    "state_code": null,
    "country_code": "AUS",
    "latitude": -33.572121,
    "longitude": 150.636623}],
 "milestones":
  [],
 "ipo": null,
 "video_embeds":
  [],
 "screenshots":
  [],
 "external_links":
  [],
 "partners":
  []}
