{"name": "7eCom",
 "permalink": "7ecom",
 "crunchbase_url": "http://www.crunchbase.com/company/7ecom",
 "homepage_url": "http://www.7ecom.com",
 "blog_url": "",
 "blog_feed_url": "",
 "twitter_username": null,
 "category_code": "ecommerce",
 "number_of_employees": 1,
 "founded_year": 2012,
 "founded_month": 8,
 "founded_day": 21,
 "deadpooled_year": null,
 "deadpooled_month": null,
 "deadpooled_day": null,
 "deadpooled_url": null,
 "tag_list": "",
 "alias_list": null,
 "email_address": "info@7ecom.com",
 "phone_number": "4694434369",
 "description": "Ecommerce and Mobile Commerce Services",
 "created_at": "Fri Sep 14 21:23:49 UTC 2012",
 "updated_at": "Thu Sep 20 23:17:34 UTC 2012",
 "overview": "",
 "image": null,
 "products":
  [],
 "relationships":
  [],
 "competitions":
  [],
 "providerships":
  [],
 "total_money_raised": "$0",
 "funding_rounds":
  [],
 "investments":
  [],
 "acquisition": null,
 "acquisitions":
  [],
 "offices":
  [{"description": "US Headquarters",
    "address1": "Plano",
    "address2": "Apt. 115",
    "zip_code": "75025",
    "city": "Plano",
    "state_code": "TX",
    "country_code": "USA",
    "latitude": null,
    "longitude": null}],
 "milestones":
  [],
 "ipo": null,
 "video_embeds":
  [],
 "screenshots":
  [],
 "external_links":
  [],
 "partners":
  []}
