{"name": "8minutenergy Renewables",
 "permalink": "8minutenergy-renewables",
 "crunchbase_url": "http://www.crunchbase.com/company/8minutenergy-renewables",
 "homepage_url": "http://8minutenergy.com",
 "blog_url": "",
 "blog_feed_url": "",
 "twitter_username": null,
 "category_code": "cleantech",
 "number_of_employees": null,
 "founded_year": null,
 "founded_month": null,
 "founded_day": null,
 "deadpooled_year": null,
 "deadpooled_month": null,
 "deadpooled_day": null,
 "deadpooled_url": null,
 "tag_list": "",
 "alias_list": "",
 "email_address": "info@8minutenergy.com",
 "phone_number": "916-608-9060",
 "description": "",
 "created_at": "Sat Nov 10 13:42:25 UTC 2012",
 "updated_at": "Tue Dec 25 03:35:04 UTC 2012",
 "overview": "\u003Cp\u003E8minutenergy Renewables, LLC is a California based company that is passionate about helping California develop a substantial renewable energy industry. 8minutenergy is a leading utility solar developer with a portfolio containing more than 2000 megawatts (MW) of solar PV power plant projects.  All of their projects are located in California and meet \u0026#8220;in-state\u0026#8221; utility requirements.\u003C/p\u003E",
 "image":
  {"available_sizes":
    [[[150,
       42],
      "http://api-images.crunchbase.com/assets/images/resized/0021/9822/219822v1-max-150x150.jpg"],
     [[200,
       56],
      "http://api-images.crunchbase.com/assets/images/resized/0021/9822/219822v1-max-250x250.jpg"],
     [[200,
       56],
      "http://api-images.crunchbase.com/assets/images/resized/0021/9822/219822v1-max-450x450.jpg"]],
   "attribution": null},
 "products":
  [],
 "relationships":
  [{"is_past": false,
    "title": "Chief Executive Officer",
    "person":
     {"first_name": "Martin",
      "last_name": "Hermann",
      "permalink": "martin-hermann"}},
   {"is_past": false,
    "title": "Vice President, Transmission and Interconnection Planning",
    "person":
     {"first_name": "Ali",
      "last_name": "Chowdhury",
      "permalink": "ali-chowdhury"}},
   {"is_past": false,
    "title": "President",
    "person":
     {"first_name": "Tom",
      "last_name": "Buttgenbach",
      "permalink": "tom-buttgenbach"}}],
 "competitions":
  [],
 "providerships":
  [],
 "total_money_raised": "$0",
 "funding_rounds":
  [],
 "investments":
  [],
 "acquisition": null,
 "acquisitions":
  [],
 "offices":
  [{"description": "",
    "address1": "111 Woodmere Road",
    "address2": "Suite 190",
    "zip_code": "95630",
    "city": "Folsom",
    "state_code": "CA",
    "country_code": "USA",
    "latitude": 38.655294,
    "longitude": -121.184607}],
 "milestones":
  [],
 "ipo": null,
 "video_embeds":
  [],
 "screenshots":
  [{"available_sizes":
     [[[150,
        118],
       "http://api-images.crunchbase.com/assets/images/resized/0021/9823/219823v1-max-150x150.jpg"],
      [[250,
        197],
       "http://api-images.crunchbase.com/assets/images/resized/0021/9823/219823v1-max-250x250.jpg"],
      [[450,
        354],
       "http://api-images.crunchbase.com/assets/images/resized/0021/9823/219823v1-max-450x450.jpg"]],
    "attribution": null}],
 "external_links":
  [],
 "partners":
  []}
