{"name": "9-1-1 Labs Inc.",
 "permalink": "9-1-1-labs-inc",
 "crunchbase_url": "http://www.crunchbase.com/company/9-1-1-labs-inc",
 "homepage_url": "http://www.9-1-1labs.com",
 "blog_url": "http://blogs.famalert.com/category/madscientist/",
 "blog_feed_url": "feed://blogs.famalert.com/category/madscientist/",
 "twitter_username": "FamAlert",
 "category_code": "software",
 "number_of_employees": 9,
 "founded_year": 2011,
 "founded_month": null,
 "founded_day": null,
 "deadpooled_year": null,
 "deadpooled_month": null,
 "deadpooled_day": null,
 "deadpooled_url": null,
 "tag_list": "public-safety, consumer-safety, emergency-services, national-security, law-enforcement, security, 9-1-1",
 "alias_list": null,
 "email_address": "info@9-1-1labs.com",
 "phone_number": "3035000445",
 "description": "Public Safety Technology",
 "created_at": "Mon Oct 22 04:10:58 UTC 2012",
 "updated_at": "Wed Dec 12 07:16:51 UTC 2012",
 "overview": "\u003Cp\u003E9-1-1 Labs, Inc. creates consumer, commercial, and white-label products and technologies for the public safety marketplace.\u003C/p\u003E\n\n\u003Cp\u003EDrawing on the experience of its founder\u2019s thirty years of experience in public safety both on the \u201cfront line\u201d as a paramedic, firefighter, and 9-1-1 center director, as well as in senior technical architecture roles for some of the major commercial providers in the industry, the company is actively developing new technology for consumers, public safety agencies, and for the Next Generation 9-1-1 industry.\u003C/p\u003E\n\n\u003Cp\u003EThe company\u2019s primary consumer product is a patent-pending application for connecting schools and caregivers to parents in urgent and emergent situations. \u00a0FamAlert is a SaaS application that allows a family to provision a unique telephone number to be given out as the primary emergency contact for a student. \u00a0When called, the system simultaneously calls one or more tiers of designated contacts, connecting all those that answer into a conference call in order to manage the emergency.\u003C/p\u003E\n\n\u003Cp\u003ETactical Event is the company\u2019s initial public safety agency offering. \u00a0The SaaS/Mobile applications streamline event planning and real-time dispatch and management for major planned and unplanned events, a special and underserved segment of the public safety marketplace.\u003C/p\u003E\n\n\u003Cp\u003E9-1-1 Labs also develops both front-end and back-end systems, user interfaces, and software for the coming Next Generation 9-1-1 network, on behalf of its industry partners and clients.\u003C/p\u003E",
 "image":
  {"available_sizes":
    [[[150,
       150],
      "http://api-images.crunchbase.com/assets/images/resized/0021/6530/216530v2-max-150x150.jpg"],
     [[250,
       250],
      "http://api-images.crunchbase.com/assets/images/resized/0021/6530/216530v2-max-250x250.jpg"],
     [[360,
       360],
      "http://api-images.crunchbase.com/assets/images/resized/0021/6530/216530v2-max-450x450.jpg"]],
   "attribution": null},
 "products":
  [],
 "relationships":
  [],
 "competitions":
  [],
 "providerships":
  [],
 "total_money_raised": "$0",
 "funding_rounds":
  [],
 "investments":
  [],
 "acquisition": null,
 "acquisitions":
  [],
 "offices":
  [{"description": "Boulder Office",
    "address1": "1942 Broadway St.",
    "address2": "Suite 314",
    "zip_code": "80302",
    "city": "Boulder",
    "state_code": "CO",
    "country_code": "USA",
    "latitude": 40.0175232,
    "longitude": -105.2798488}],
 "milestones":
  [],
 "ipo": null,
 "video_embeds":
  [],
 "screenshots":
  [],
 "external_links":
  [],
 "partners":
  []}
