{"name": "908 Devices",
 "permalink": "908-devices",
 "crunchbase_url": "http://www.crunchbase.com/company/908-devices",
 "homepage_url": "http://908devices.com",
 "blog_url": "http://www.908devices.com/mass-spectrometer-blog/",
 "blog_feed_url": "",
 "twitter_username": "908Devices",
 "category_code": "manufacturing",
 "number_of_employees": null,
 "founded_year": 2012,
 "founded_month": null,
 "founded_day": null,
 "deadpooled_year": null,
 "deadpooled_month": null,
 "deadpooled_day": null,
 "deadpooled_url": null,
 "tag_list": "",
 "alias_list": "",
 "email_address": "info@908devices.com",
 "phone_number": "1-978-909-9004",
 "description": "",
 "created_at": "Thu Sep 06 03:30:23 UTC 2012",
 "updated_at": "Wed Apr 02 20:12:25 UTC 2014",
 "overview": "\u003Cp\u003E908 Devices is bringing the powerful capabilities of Mass Spectrometry out of the confines of centralized facilities and mobile laboratories. We make battery-operated, handheld, chemical detection tools, rugged enough to exceed military standards and trusted enough for immediate action in the field. For biologists and chemists in need of answers, we make personal analyzers, small and simple enough for every workspace. \u003C/p\u003E",
 "image":
  {"available_sizes":
    [[[150,
       150],
      "http://api-images.crunchbase.com/assets/images/resized/0020/9978/209978v2-max-150x150.png"],
     [[250,
       250],
      "http://api-images.crunchbase.com/assets/images/resized/0020/9978/209978v2-max-250x250.png"],
     [[256,
       256],
      "http://api-images.crunchbase.com/assets/images/resized/0020/9978/209978v2-max-450x450.png"]],
   "attribution": null},
 "products":
  [],
 "relationships":
  [{"is_past": false,
    "title": "Co-Founder \u0026 CTO",
    "person":
     {"first_name": "Christopher",
      "last_name": "Brown",
      "permalink": "christopher-brown-5"}}],
 "competitions":
  [],
 "providerships":
  [],
 "total_money_raised": "$15.1M",
 "funding_rounds":
  [{"id": 32387,
    "round_code": "a",
    "source_url": "http://www.masshightech.com/stories/2012/09/03/daily13-908-Devices-raises-81M-in-Series-A-round.html",
    "source_description": "908 Devices raises $8.1M in Series A round",
    "raised_amount": 8100000.0,
    "raised_currency_code": "USD",
    "funded_year": 2012,
    "funded_month": 9,
    "funded_day": 5,
    "investments":
     [{"company": null,
       "financial_org":
        {"name": "ARCH Venture Partners",
         "permalink": "arch-venture-partners"},
       "person": null},
      {"company": null,
       "financial_org":
        {"name": "University of Tokyo Edge Capital",
         "permalink": "university-of-tokyo-edge-capital"},
       "person": null},
      {"company": null,
       "financial_org":
        {"name": "Razor's Edge Ventures",
         "permalink": "razors-edge-fund"},
       "person": null}]},
   {"id": 46910,
    "round_code": "b",
    "source_url": "http://www.908devices.com/news/908-devices-receives-7-million-series-b-funding-signs-multi-year-development-agreement/",
    "source_description": "908 Devices Receives $7 Million in Series B Funding and Signs Multi-Year Development Agreement",
    "raised_amount": 7000000.0,
    "raised_currency_code": "USD",
    "funded_year": 2013,
    "funded_month": 8,
    "funded_day": 27,
    "investments":
     [{"company": null,
       "financial_org":
        {"name": "ARCH Venture Partners",
         "permalink": "arch-venture-partners"},
       "person": null},
      {"company": null,
       "financial_org":
        {"name": "University of Tokyo Edge Capital",
         "permalink": "university-of-tokyo-edge-capital"},
       "person": null},
      {"company":
        {"name": "Schlumberger",
         "permalink": "schlumberger"},
       "financial_org": null,
       "person": null},
      {"company": null,
       "financial_org":
        {"name": "Razor's Edge Ventures",
         "permalink": "razors-edge-fund"},
       "person": null}]}],
 "investments":
  [],
 "acquisition": null,
 "acquisitions":
  [],
 "offices":
  [{"description": "Office",
    "address1": "27 Drydock Ave., 8th Floor",
    "address2": "",
    "zip_code": "02210",
    "city": "Boston",
    "state_code": "MA",
    "country_code": "USA",
    "latitude": null,
    "longitude": null}],
 "milestones":
  [],
 "ipo": null,
 "video_embeds":
  [],
 "screenshots":
  [{"available_sizes":
     [[[150,
        79],
       "http://api-images.crunchbase.com/assets/images/resized/0029/0277/290277v1-max-150x150.png"],
      [[250,
        132],
       "http://api-images.crunchbase.com/assets/images/resized/0029/0277/290277v1-max-250x250.png"],
      [[450,
        237],
       "http://api-images.crunchbase.com/assets/images/resized/0029/0277/290277v1-max-450x450.png"]],
    "attribution": null},
   {"available_sizes":
     [[[150,
        66],
       "http://api-images.crunchbase.com/assets/images/resized/0029/0278/290278v1-max-150x150.png"],
      [[250,
        111],
       "http://api-images.crunchbase.com/assets/images/resized/0029/0278/290278v1-max-250x250.png"],
      [[450,
        200],
       "http://api-images.crunchbase.com/assets/images/resized/0029/0278/290278v1-max-450x450.png"]],
    "attribution": null}],
 "external_links":
  [],
 "partners":
  [{"partner_name": "angel_list",
    "homepage_url": "http://www.908devices.com",
    "link_1_url": "https://angel.co/908-devices",
    "link_2_url": null,
    "link_3_url": null,
    "link_1_name": "AngelList Page",
    "link_2_name": null,
    "link_3_name": null}]}
