{"name": "A.A. Consultants",
 "permalink": "a-a-consultants",
 "crunchbase_url": "http://www.crunchbase.com/company/a-a-consultants",
 "homepage_url": "http://aaconsultants.in",
 "blog_url": "",
 "blog_feed_url": "",
 "twitter_username": null,
 "category_code": null,
 "number_of_employees": null,
 "founded_year": 1994,
 "founded_month": null,
 "founded_day": null,
 "deadpooled_year": null,
 "deadpooled_month": null,
 "deadpooled_day": null,
 "deadpooled_url": null,
 "tag_list": null,
 "alias_list": "",
 "email_address": "ho@aaconsultants.in",
 "phone_number": " 09839038424",
 "description": "",
 "created_at": "Thu Oct 18 22:58:22 UTC 2012",
 "updated_at": "Thu Jan 02 09:07:12 UTC 2014",
 "overview": "\u003Cp\u003EWe, at A.A. Consultants, are delighted to introduce ourselves as a fast upcoming Civil/Structural/ architectural consultants and interior designing company offering interior designing services, Valuation, Estimate,  Vaastu Shastra based designing for homes, offices, showrooms, exhibitions, etc. Established in the year 1994 in Kanpur , We have also executed several prestigious projects of Interior designing and office layouts. Some of these projects have been on turnkey basis, which included designing and construction of the factory or an industrial unit.\u003C/p\u003E\n\n\u003Cp\u003EAnother name that speaks of excellence \u0026amp; value is A. A. Consultants. We scaled the height of success due to our satisfying services in consultation, interiors, Valuation  \u0026amp; real estate development provided to our clients. Over the last decade we have carved a niche in architectural designing services by adopting stringent quality system standards that match the best in the world. Our strength lies in designing both residential and commercial projects \u0026amp; delivering them blending both comfort \u0026amp; style\u003C/p\u003E",
 "image":
  {"available_sizes":
    [[[150,
       31],
      "http://api-images.crunchbase.com/assets/images/resized/0038/6774/386774v1-max-150x150.png"],
     [[250,
       52],
      "http://api-images.crunchbase.com/assets/images/resized/0038/6774/386774v1-max-250x250.png"],
     [[436,
       92],
      "http://api-images.crunchbase.com/assets/images/resized/0038/6774/386774v1-max-450x450.png"]],
   "attribution": null},
 "products":
  [],
 "relationships":
  [],
 "competitions":
  [],
 "providerships":
  [],
 "total_money_raised": "$0",
 "funding_rounds":
  [],
 "investments":
  [],
 "acquisition": null,
 "acquisitions":
  [],
 "offices":
  [{"description": "",
    "address1": "",
    "address2": "2/346-K, Nawab Ganj, (Azad Nagar)",
    "zip_code": "",
    "city": "Kanpur-UP",
    "state_code": null,
    "country_code": "IND",
    "latitude": null,
    "longitude": null}],
 "milestones":
  [],
 "ipo": null,
 "video_embeds":
  [],
 "screenshots":
  [{"available_sizes":
     [[[150,
        95],
       "http://api-images.crunchbase.com/assets/images/resized/0038/6776/386776v1-max-150x150.png"],
      [[250,
        158],
       "http://api-images.crunchbase.com/assets/images/resized/0038/6776/386776v1-max-250x250.png"],
      [[450,
        286],
       "http://api-images.crunchbase.com/assets/images/resized/0038/6776/386776v1-max-450x450.png"]],
    "attribution": null}],
 "external_links":
  [],
 "partners":
  []}
