{"name": "A \u0026 L Plumbing",
 "permalink": "a-l-plumbing",
 "crunchbase_url": "http://www.crunchbase.com/company/a-l-plumbing",
 "homepage_url": "http://www.alplomberie.com/default_en.aspx",
 "blog_url": "",
 "blog_feed_url": "",
 "twitter_username": "alplomberie",
 "category_code": "enterprise",
 "number_of_employees": 25,
 "founded_year": 1990,
 "founded_month": 9,
 "founded_day": 28,
 "deadpooled_year": null,
 "deadpooled_month": null,
 "deadpooled_day": null,
 "deadpooled_url": null,
 "tag_list": "plumbing-company, urgence-plomberie, urgence-plombier, dbouchage-got, plomberie, plomberie-montral, plomberie-laval, rnovation-plomberie",
 "alias_list": null,
 "email_address": "white.frank96@yahoo.com",
 "phone_number": "450-663-7403 or 450-663-7407",
 "description": "24/7 Emergency Service Plumbing Company",
 "created_at": "Fri Dec 07 16:50:52 UTC 2012",
 "updated_at": "Tue Apr 01 10:36:41 UTC 2014",
 "overview": "\u003Cp\u003EA \u0026amp; L Plumbing Inc, a plumbing company that provides emergency service and offers customers plumbing service for new construction and plumbing renovation services, in both Montreal and Laval. How likely does this sound? Well it is true!A \u0026amp; L Plumbing Inc. is a family plumbing company at your service, working in residential, commercial and industrial plumbing for over 30 years. \u003C/p\u003E",
 "image":
  {"available_sizes":
    [[[150,
       50],
      "http://api-images.crunchbase.com/assets/images/resized/0029/6221/296221v3-max-150x150.png"],
     [[250,
       83],
      "http://api-images.crunchbase.com/assets/images/resized/0029/6221/296221v3-max-250x250.png"],
     [[259,
       87],
      "http://api-images.crunchbase.com/assets/images/resized/0029/6221/296221v3-max-450x450.png"]],
   "attribution": null},
 "products":
  [],
 "relationships":
  [],
 "competitions":
  [],
 "providerships":
  [],
 "total_money_raised": "$0",
 "funding_rounds":
  [],
 "investments":
  [],
 "acquisition": null,
 "acquisitions":
  [],
 "offices":
  [{"description": "Main office",
    "address1": "1887 Lavoie",
    "address2": "Quebec",
    "zip_code": "H7M 2N4",
    "city": "Laval",
    "state_code": null,
    "country_code": "CAN",
    "latitude": null,
    "longitude": null}],
 "milestones":
  [],
 "ipo": null,
 "video_embeds":
  [],
 "screenshots":
  [{"available_sizes":
     [[[150,
        123],
       "http://api-images.crunchbase.com/assets/images/resized/0043/8689/438689v1-max-150x150.png"],
      [[250,
        205],
       "http://api-images.crunchbase.com/assets/images/resized/0043/8689/438689v1-max-250x250.png"],
      [[450,
        369],
       "http://api-images.crunchbase.com/assets/images/resized/0043/8689/438689v1-max-450x450.png"]],
    "attribution": null}],
 "external_links":
  [{"external_url": "http://jocheyobsn.blogspot.com/2013/10/a-l-plumbing.html",
    "title": ""}],
 "partners":
  []}
