{"name": "A-Line Holiday Village",
 "permalink": "a-line-holiday-village",
 "crunchbase_url": "http://www.crunchbase.com/company/a-line-holiday-village",
 "homepage_url": "http://www.alineholidayvillage.com.au",
 "blog_url": "",
 "blog_feed_url": "",
 "twitter_username": null,
 "category_code": "other",
 "number_of_employees": null,
 "founded_year": null,
 "founded_month": null,
 "founded_day": null,
 "deadpooled_year": null,
 "deadpooled_month": null,
 "deadpooled_day": null,
 "deadpooled_url": null,
 "tag_list": "",
 "alias_list": null,
 "email_address": "",
 "phone_number": "",
 "description": "",
 "created_at": "Fri Dec 07 13:36:55 UTC 2012",
 "updated_at": "Mon Dec 17 21:15:02 UTC 2012",
 "overview": "\u003Cp\u003EEnjoy relaxing accommodation A-Line Holiday Village caravan and tourist park. A-Line Holiday Village ranked 22nd in Victoria on RACV\u2019s 101 best places to stay in Victoria. Accommodation to suit any kind of tourist and traveler. \u003C/p\u003E",
 "image": null,
 "products":
  [],
 "relationships":
  [],
 "competitions":
  [],
 "providerships":
  [],
 "total_money_raised": "$0",
 "funding_rounds":
  [],
 "investments":
  [],
 "acquisition": null,
 "acquisitions":
  [],
 "offices":
  [],
 "milestones":
  [],
 "ipo": null,
 "video_embeds":
  [],
 "screenshots":
  [],
 "external_links":
  [],
 "partners":
  []}
