{"name": "A Sound Strategy",
 "permalink": "a-sound-strategy",
 "crunchbase_url": "http://www.crunchbase.com/company/a-sound-strategy",
 "homepage_url": "http://www.asoundstrategy.com",
 "blog_url": "",
 "blog_feed_url": "",
 "twitter_username": null,
 "category_code": null,
 "number_of_employees": null,
 "founded_year": null,
 "founded_month": null,
 "founded_day": null,
 "deadpooled_year": null,
 "deadpooled_month": null,
 "deadpooled_day": null,
 "deadpooled_url": null,
 "tag_list": "",
 "alias_list": "",
 "email_address": "",
 "phone_number": "(877) 699-3211",
 "description": "",
 "created_at": "Thu Aug 09 12:09:32 UTC 2012",
 "updated_at": "Sat Apr 05 10:08:55 UTC 2014",
 "overview": "\u003Cp\u003EA Sound Strategy (ASSi)builds cost effective and easy to use solutions. siteMaster, the core of its proprietary system, has been available to online users since its inception. Users typically purchase a license and access the software via the internet, thus eliminating the need to monopolize storage space, all the while offering 24/7 accessibility to users located anywhere with access to internet connectivity. Add on modules enable customization solutions for different industry and individuals alike. ASSi makes its customized software modifications available for use on an in-house client server for a one-time development and deployment fee in addition to the annual license fee. License fees are paid monthly, quarterly or annually on a subscription-type basis, depending on the the terms of the purchase agreement negotiated.\u003C/p\u003E",
 "image":
  {"available_sizes":
    [[[150,
       46],
      "http://api-images.crunchbase.com/assets/images/resized/0020/5254/205254v1-max-150x150.jpg"],
     [[250,
       77],
      "http://api-images.crunchbase.com/assets/images/resized/0020/5254/205254v1-max-250x250.jpg"],
     [[319,
       99],
      "http://api-images.crunchbase.com/assets/images/resized/0020/5254/205254v1-max-450x450.jpg"]],
   "attribution": null},
 "products":
  [],
 "relationships":
  [],
 "competitions":
  [],
 "providerships":
  [],
 "total_money_raised": "$0",
 "funding_rounds":
  [],
 "investments":
  [],
 "acquisition": null,
 "acquisitions":
  [],
 "offices":
  [{"description": "",
    "address1": "562 Independence Road",
    "address2": "",
    "zip_code": "18301",
    "city": "East Stroudsburg",
    "state_code": "PA",
    "country_code": "USA",
    "latitude": null,
    "longitude": null}],
 "milestones":
  [{"id": 25545,
    "description": "A Sound Strategy Receives $30K Loan from Ben Franklin Technology Partners of Northeastern Pennsylvania",
    "stoned_year": 2012,
    "stoned_month": 8,
    "stoned_day": 9,
    "source_url": "http://www.finsmes.com/2012/08/sound-strategy-receives-30k-loan-ben-franklin-technology-partners-northeastern-pennsylvania.html?utm_source=feedburner\u0026utm_medium=feed\u0026utm_campaign=Feed%3A+finsmes%2FcNHu+%28FinSMEs%29",
    "source_text": "",
    "source_description": "A Sound Strategy Receives $30K Loan from Ben Franklin Technology Partners of Northeastern Pennsylvania",
    "stoneable_type": "Company",
    "stoned_value": null,
    "stoned_value_type": null,
    "stoned_acquirer": null,
    "stoneable":
     {"name": "A Sound Strategy",
      "permalink": "a-sound-strategy"}}],
 "ipo": null,
 "video_embeds":
  [],
 "screenshots":
  [{"available_sizes":
     [[[150,
        116],
       "http://api-images.crunchbase.com/assets/images/resized/0020/5255/205255v1-max-150x150.jpg"],
      [[250,
        194],
       "http://api-images.crunchbase.com/assets/images/resized/0020/5255/205255v1-max-250x250.jpg"],
      [[450,
        350],
       "http://api-images.crunchbase.com/assets/images/resized/0020/5255/205255v1-max-450x450.jpg"]],
    "attribution": null}],
 "external_links":
  [],
 "partners":
  []}
