{"name": "A Tenant Screen Online",
 "permalink": "a-tenant-screen-online",
 "crunchbase_url": "http://www.crunchbase.com/company/a-tenant-screen-online",
 "homepage_url": "http://www.atenantscreen.com",
 "blog_url": "",
 "blog_feed_url": "",
 "twitter_username": null,
 "category_code": null,
 "number_of_employees": null,
 "founded_year": null,
 "founded_month": null,
 "founded_day": null,
 "deadpooled_year": null,
 "deadpooled_month": null,
 "deadpooled_day": null,
 "deadpooled_url": null,
 "tag_list": "",
 "alias_list": null,
 "email_address": "info@atenantscreen.com",
 "phone_number": "1-877-974-9328",
 "description": "Tenant Screening Company",
 "created_at": "Thu Oct 25 15:51:49 UTC 2012",
 "updated_at": "Tue Oct 30 18:31:59 UTC 2012",
 "overview": "\u003Cp\u003ELandlords that want to minimize the risk of renting to bad tenants have a plan that incorporates a due diligence process called tenant screening and also tenant verification.\u003C/p\u003E\n\n\u003Cp\u003ELandlords that want to minimize the risk of renting learn how to run a tenant credit check.\u003C/p\u003E",
 "image":
  {"available_sizes":
    [[[150,
       64],
      "http://api-images.crunchbase.com/assets/images/resized/0021/7195/217195v2-max-150x150.png"],
     [[237,
       102],
      "http://api-images.crunchbase.com/assets/images/resized/0021/7195/217195v2-max-250x250.png"],
     [[237,
       102],
      "http://api-images.crunchbase.com/assets/images/resized/0021/7195/217195v2-max-450x450.png"]],
   "attribution": null},
 "products":
  [],
 "relationships":
  [],
 "competitions":
  [],
 "providerships":
  [],
 "total_money_raised": "$0",
 "funding_rounds":
  [],
 "investments":
  [],
 "acquisition": null,
 "acquisitions":
  [],
 "offices":
  [],
 "milestones":
  [],
 "ipo": null,
 "video_embeds":
  [],
 "screenshots":
  [],
 "external_links":
  [],
 "partners":
  []}
