{"name": "A1Anco",
 "permalink": "a1anco",
 "crunchbase_url": "http://www.crunchbase.com/company/a1anco",
 "homepage_url": null,
 "blog_url": "",
 "blog_feed_url": "",
 "twitter_username": null,
 "category_code": "enterprise",
 "number_of_employees": null,
 "founded_year": null,
 "founded_month": null,
 "founded_day": null,
 "deadpooled_year": null,
 "deadpooled_month": null,
 "deadpooled_day": null,
 "deadpooled_url": null,
 "tag_list": "",
 "alias_list": null,
 "email_address": "",
 "phone_number": "",
 "description": "",
 "created_at": "Fri Dec 07 06:51:08 UTC 2012",
 "updated_at": "Mon Dec 17 20:58:16 UTC 2012",
 "overview": "\u003Cp\u003EA1Anco Engineering is proudly Australian owned and operated. We supply manufacturing and engineering services to Australian business from Adelaide Australia. We are proud of supplying a full range of products and services, including dispatch to international clients.\u003C/p\u003E",
 "image": null,
 "products":
  [],
 "relationships":
  [],
 "competitions":
  [],
 "providerships":
  [],
 "total_money_raised": "$0",
 "funding_rounds":
  [],
 "investments":
  [],
 "acquisition": null,
 "acquisitions":
  [],
 "offices":
  [],
 "milestones":
  [],
 "ipo": null,
 "video_embeds":
  [],
 "screenshots":
  [],
 "external_links":
  [],
 "partners":
  []}
