{"name": "A1Dezine",
 "permalink": "a1dezine",
 "crunchbase_url": "http://www.crunchbase.com/company/a1dezine",
 "homepage_url": "http://www.a1dezine.co.nz",
 "blog_url": "",
 "blog_feed_url": "",
 "twitter_username": "a1dezine",
 "category_code": "other",
 "number_of_employees": null,
 "founded_year": null,
 "founded_month": null,
 "founded_day": null,
 "deadpooled_year": null,
 "deadpooled_month": null,
 "deadpooled_day": null,
 "deadpooled_url": null,
 "tag_list": "",
 "alias_list": null,
 "email_address": "",
 "phone_number": "",
 "description": "",
 "created_at": "Fri Oct 05 04:21:20 UTC 2012",
 "updated_at": "Tue Oct 16 16:34:42 UTC 2012",
 "overview": "",
 "image":
  {"available_sizes":
    [[[150,
       63],
      "http://api-images.crunchbase.com/assets/images/resized/0021/4333/214333v2-max-150x150.jpg"],
     [[250,
       105],
      "http://api-images.crunchbase.com/assets/images/resized/0021/4333/214333v2-max-250x250.jpg"],
     [[313,
       132],
      "http://api-images.crunchbase.com/assets/images/resized/0021/4333/214333v2-max-450x450.jpg"]],
   "attribution": null},
 "products":
  [],
 "relationships":
  [],
 "competitions":
  [],
 "providerships":
  [],
 "total_money_raised": "$0",
 "funding_rounds":
  [],
 "investments":
  [],
 "acquisition": null,
 "acquisitions":
  [],
 "offices":
  [],
 "milestones":
  [],
 "ipo": null,
 "video_embeds":
  [],
 "screenshots":
  [],
 "external_links":
  [],
 "partners":
  []}
