{"name": "Aaction Overhead Door Inc.",
 "permalink": "aaction-overhead-door-inc",
 "crunchbase_url": "http://www.crunchbase.com/company/aaction-overhead-door-inc",
 "homepage_url": "http://aactionoverhead.com",
 "blog_url": "http://www.aactionoverhead.com/blog/",
 "blog_feed_url": "",
 "twitter_username": null,
 "category_code": "advertising",
 "number_of_employees": null,
 "founded_year": null,
 "founded_month": null,
 "founded_day": null,
 "deadpooled_year": null,
 "deadpooled_month": null,
 "deadpooled_day": null,
 "deadpooled_url": null,
 "tag_list": null,
 "alias_list": "",
 "email_address": "",
 "phone_number": " (512) 218-0494",
 "description": "",
 "created_at": "Fri Nov 30 10:55:04 UTC 2012",
 "updated_at": "Fri Jun 14 07:31:31 UTC 2013",
 "overview": "\u003Cp\u003EAaction Overhead has proudly served the Austin area for 16 years. We service the greater Austin area. Give us a call and we\u2019d be happy let you know if we can service your home or business.\u003C/p\u003E",
 "image":
  {"available_sizes":
    [[[150,
       67],
      "http://api-images.crunchbase.com/assets/images/resized/0027/5162/275162v1-max-150x150.png"],
     [[250,
       111],
      "http://api-images.crunchbase.com/assets/images/resized/0027/5162/275162v1-max-250x250.png"],
     [[447,
       200],
      "http://api-images.crunchbase.com/assets/images/resized/0027/5162/275162v1-max-450x450.png"]],
   "attribution": null},
 "products":
  [],
 "relationships":
  [{"is_past": false,
    "title": "",
    "person":
     {"first_name": "Brian",
      "last_name": "Dee",
      "permalink": "brian-dee"}}],
 "competitions":
  [],
 "providerships":
  [],
 "total_money_raised": "$0",
 "funding_rounds":
  [],
 "investments":
  [],
 "acquisition": null,
 "acquisitions":
  [],
 "offices":
  [{"description": "",
    "address1": "3103 N. IH35",
    "address2": "Ste.100",
    "zip_code": "78664",
    "city": "Round Rock",
    "state_code": "TX",
    "country_code": "USA",
    "latitude": 30.5584162,
    "longitude": -97.6931764}],
 "milestones":
  [],
 "ipo": null,
 "video_embeds":
  [],
 "screenshots":
  [{"available_sizes":
     [[[150,
        103],
       "http://api-images.crunchbase.com/assets/images/resized/0027/5163/275163v1-max-150x150.png"],
      [[250,
        172],
       "http://api-images.crunchbase.com/assets/images/resized/0027/5163/275163v1-max-250x250.png"],
      [[450,
        309],
       "http://api-images.crunchbase.com/assets/images/resized/0027/5163/275163v1-max-450x450.png"]],
    "attribution": null}],
 "external_links":
  [],
 "partners":
  []}
