{"name": "AbD Serotec",
 "permalink": "abd-serotec",
 "crunchbase_url": "http://www.crunchbase.com/company/abd-serotec",
 "homepage_url": "http://www.abdserotec.com",
 "blog_url": "",
 "blog_feed_url": "",
 "twitter_username": null,
 "category_code": "biotech",
 "number_of_employees": 350,
 "founded_year": null,
 "founded_month": null,
 "founded_day": null,
 "deadpooled_year": null,
 "deadpooled_month": null,
 "deadpooled_day": null,
 "deadpooled_url": null,
 "tag_list": "antibody, antibody-manufacturer, antibody-supplier, antigens, peptides, reagents, biotechnology, custom-antibodies",
 "alias_list": null,
 "email_address": "sales.us@abdserotec.com",
 "phone_number": "1 800 265 7376",
 "description": "Global Antibody Supplier",
 "created_at": "Thu Oct 18 11:41:06 UTC 2012",
 "updated_at": "Mon Mar 25 14:12:28 UTC 2013",
 "overview": "\u003Cp\u003EAbD Serotec, a Bio-Rad company, is one of the world\u2019s leading antibody manufacturers supplying over 15,000 antibodies, kits and accessories.\u003C/p\u003E\n\n\u003Cp\u003EWe pride ourselves on providing great customer support for all the products and services we supply so please contact us with any questions on their use or the results you can expect. We can even help source products not currently available or develop them to your specification using our custom services team.\u003C/p\u003E\n\n\u003Cp\u003EAbD Serotec has an ISO 9001 and ISO 13485 certified production facility in Kidlington, near Oxford, UK. This facility is AbD Serotec\u2019s global headquarters, and supports our other centers in Raleigh, North Carolina and Dusseldorf, Germany. Our unique HuCAL\u00ae  custom monoclonal generation services are performed at our ISO 9001 certified R\u0026amp;D laboratories in Puchheim, near Munich in Germany.\u003C/p\u003E",
 "image":
  {"available_sizes":
    [[[150,
       105],
      "http://api-images.crunchbase.com/assets/images/resized/0021/6141/216141v2-max-150x150.jpg"],
     [[220,
       155],
      "http://api-images.crunchbase.com/assets/images/resized/0021/6141/216141v2-max-250x250.jpg"],
     [[220,
       155],
      "http://api-images.crunchbase.com/assets/images/resized/0021/6141/216141v2-max-450x450.jpg"]],
   "attribution": null},
 "products":
  [],
 "relationships":
  [],
 "competitions":
  [],
 "providerships":
  [],
 "total_money_raised": "$0",
 "funding_rounds":
  [],
 "investments":
  [],
 "acquisition":
  {"price_amount": null,
   "price_currency_code": "USD",
   "term_code": null,
   "source_url": "http://finance.yahoo.com/news/bio-rad-acquires-abd-serotec-140325326.html",
   "source_description": "Bio-Rad Acquires AbD Serotec, a Division of MorphoSys AG",
   "acquired_year": 2013,
   "acquired_month": 1,
   "acquired_day": 10,
   "acquiring_company":
    {"name": "Bio-Rad Laboratories",
     "permalink": "bio-rad-laboratories"}},
 "acquisitions":
  [],
 "offices":
  [{"description": "AbD Serotec USA",
    "address1": "4350 Lassiter at North Hills Ave.",
    "address2": "Suite 250",
    "zip_code": "NC 27609",
    "city": "Raleigh",
    "state_code": "NC",
    "country_code": "GBR",
    "latitude": 35.8379005,
    "longitude": -78.6436951},
   {"description": "AbD Serotec UK",
    "address1": "Endeavour House",
    "address2": "Langford Lane",
    "zip_code": "OX5 1GE",
    "city": "Kidlington",
    "state_code": null,
    "country_code": "GBR",
    "latitude": null,
    "longitude": null},
   {"description": "AbD Serotec Germany",
    "address1": "M\u00fcnsterstr. 306",
    "address2": "D-40470 D\u00fcsseldorf",
    "zip_code": "",
    "city": "",
    "state_code": null,
    "country_code": "DEU",
    "latitude": 51.2517613,
    "longitude": 6.8011886},
   {"description": "AbD Serotec France",
    "address1": "Bureau de liaison",
    "address2": "50 Avenue d\u2019Alsace",
    "zip_code": "F - 68025",
    "city": "Colmar",
    "state_code": null,
    "country_code": "FRA",
    "latitude": null,
    "longitude": null}],
 "milestones":
  [],
 "ipo": null,
 "video_embeds":
  [],
 "screenshots":
  [],
 "external_links":
  [{"external_url": "http://www.abdserotec.com/antibody/f480/anti-f480-antibody-cla3-1.html",
    "title": "F4/80 Antibody"},
   {"external_url": "http://www.abdserotec.com/antibody/brdu/anti-brdu-antibody-bromodeoxyuridine.html",
    "title": "BrdU Antibody"}],
 "partners":
  []}
