{"name": "About Bunting",
 "permalink": "about-bunting",
 "crunchbase_url": "http://www.crunchbase.com/company/about-bunting",
 "homepage_url": "http://www.aboutbunting.com.au",
 "blog_url": "",
 "blog_feed_url": "",
 "twitter_username": null,
 "category_code": null,
 "number_of_employees": null,
 "founded_year": null,
 "founded_month": null,
 "founded_day": null,
 "deadpooled_year": null,
 "deadpooled_month": null,
 "deadpooled_day": null,
 "deadpooled_url": null,
 "tag_list": "",
 "alias_list": null,
 "email_address": "",
 "phone_number": "",
 "description": "",
 "created_at": "Fri Dec 07 00:14:52 UTC 2012",
 "updated_at": "Tue Apr 01 10:29:57 UTC 2014",
 "overview": "\u003Cp\u003EAbout Bunting produces outdoor bunting flags and other similar promotional products for companies Australia-wide. About Bunting has been operating since 1983 and producing outdoor bunting and outdoor promotional (and safety) flags for both Australian and international clients. About Bunting welcomes clients to seek a custom solution for your workplace or event.\u003C/p\u003E",
 "image": null,
 "products":
  [],
 "relationships":
  [],
 "competitions":
  [],
 "providerships":
  [],
 "total_money_raised": "$0",
 "funding_rounds":
  [],
 "investments":
  [],
 "acquisition": null,
 "acquisitions":
  [],
 "offices":
  [{"description": "",
    "address1": "2/12 Kelly Court",
    "address2": "QLD",
    "zip_code": "",
    "city": "Maroochydore",
    "state_code": null,
    "country_code": "AUS",
    "latitude": null,
    "longitude": null}],
 "milestones":
  [],
 "ipo": null,
 "video_embeds":
  [],
 "screenshots":
  [],
 "external_links":
  [],
 "partners":
  []}
