{"name": "AboutLocal",
 "permalink": "aboutlocal",
 "crunchbase_url": "http://www.crunchbase.com/company/aboutlocal",
 "homepage_url": "http://www.about-local.com",
 "blog_url": "",
 "blog_feed_url": "",
 "twitter_username": "aboutlocal",
 "category_code": "enterprise",
 "number_of_employees": 10,
 "founded_year": 2011,
 "founded_month": null,
 "founded_day": null,
 "deadpooled_year": null,
 "deadpooled_month": null,
 "deadpooled_day": null,
 "deadpooled_url": null,
 "tag_list": "",
 "alias_list": null,
 "email_address": "",
 "phone_number": "",
 "description": "Small Business Database",
 "created_at": "Wed Nov 21 17:57:15 UTC 2012",
 "updated_at": "Wed Dec 12 07:51:32 UTC 2012",
 "overview": "\u003Cp\u003EAboutLocal is scanning the web for data about millions of small businesses. We then merge and interpret this information to create Europe\u0026#8217;s first comprehensive small business database using only online data. \u003C/p\u003E\n\n\u003Cp\u003EWe gather data from recommendation platforms, social media accounts, company homepages and local blogs to paint a complete picture of the businesses and their activities.\u003C/p\u003E\n\n\u003Cp\u003EWe give access to this database primarily to professionals for sales, marketing and other purposes.\u003C/p\u003E",
 "image":
  {"available_sizes":
    [[[148,
       24],
      "http://api-images.crunchbase.com/assets/images/resized/0022/1751/221751v1-max-150x150.png"],
     [[148,
       24],
      "http://api-images.crunchbase.com/assets/images/resized/0022/1751/221751v1-max-250x250.png"],
     [[148,
       24],
      "http://api-images.crunchbase.com/assets/images/resized/0022/1751/221751v1-max-450x450.png"]],
   "attribution": null},
 "products":
  [],
 "relationships":
  [{"is_past": false,
    "title": "CEO",
    "person":
     {"first_name": "Mark",
      "last_name": "Reich",
      "permalink": "mark-reich"}},
   {"is_past": false,
    "title": "CEO",
    "person":
     {"first_name": "Franz",
      "last_name": "Jordan",
      "permalink": "franz-jordan"}},
   {"is_past": false,
    "title": "CTO",
    "person":
     {"first_name": "Josef",
      "last_name": "Vataman",
      "permalink": "josef-vataman"}}],
 "competitions":
  [],
 "providerships":
  [],
 "total_money_raised": "$0",
 "funding_rounds":
  [],
 "investments":
  [],
 "acquisition": null,
 "acquisitions":
  [],
 "offices":
  [{"description": "Headquarters",
    "address1": "",
    "address2": "",
    "zip_code": "",
    "city": "Berlin",
    "state_code": null,
    "country_code": "DEU",
    "latitude": 52.519171,
    "longitude": 13.4060912}],
 "milestones":
  [],
 "ipo": null,
 "video_embeds":
  [],
 "screenshots":
  [],
 "external_links":
  [],
 "partners":
  []}
