{"name": "About-Payments.com",
 "permalink": "about-payments-com",
 "crunchbase_url": "http://www.crunchbase.com/company/about-payments-com",
 "homepage_url": "http://www.about-payments.com",
 "blog_url": "",
 "blog_feed_url": "",
 "twitter_username": "AboutPayments",
 "category_code": "ecommerce",
 "number_of_employees": 5,
 "founded_year": 2011,
 "founded_month": 11,
 "founded_day": null,
 "deadpooled_year": null,
 "deadpooled_month": null,
 "deadpooled_day": null,
 "deadpooled_url": null,
 "tag_list": "online-payments, mobile-payments, payment-service-providers, ecommerce-payments, payment-methods, payment-gateways, merchant-accounts, acquiring, merchant-checkout, payment-market, online-payment-news",
 "alias_list": null,
 "email_address": "contact@about-payments.com",
 "phone_number": "+31307555339",
 "description": "Online Payments Intelligence Platform",
 "created_at": "Tue Sep 25 15:51:01 UTC 2012",
 "updated_at": "Fri Jul 26 14:31:38 UTC 2013",
 "overview": "\u003Cp\u003EAbout-Payments.com\u003C/p\u003E\n\n\u003Cp\u003EAbout-Payments.com is a freely accessible source where online merchants and payment professionals can find relevant news, background information and insights on online and mobile payments around the world. Our aim is to create transparency in the online payments industry by educating merchants and helping them to find, compare and select the payment methods and payment service providers that serve their needs.\u003C/p\u003E\n\n\u003Cp\u003EWe give the opportunity to all payment providers and methods across the globe to showcase their products and services to their target audience and boost brand-awareness, local and global, in a cost effective way. Our main goal is to become the knowledge center and easy-to-use marketplace that empowers both online merchants and providers. Starting with Europe, followed by the Asia Pacific, Middle-East \u0026amp; Africa, and the Americas, our ambition is to help merchants and providers from all over the world and drive online commerce.\u003C/p\u003E\n\n\u003Cp\u003EFor more information: www.About-Payments.com\u003C/p\u003E",
 "image":
  {"available_sizes":
    [[[150,
       123],
      "http://api-images.crunchbase.com/assets/images/resized/0021/3006/213006v2-max-150x150.png"],
     [[250,
       205],
      "http://api-images.crunchbase.com/assets/images/resized/0021/3006/213006v2-max-250x250.png"],
     [[400,
       329],
      "http://api-images.crunchbase.com/assets/images/resized/0021/3006/213006v2-max-450x450.png"]],
   "attribution": null},
 "products":
  [],
 "relationships":
  [],
 "competitions":
  [],
 "providerships":
  [],
 "total_money_raised": "$0",
 "funding_rounds":
  [],
 "investments":
  [],
 "acquisition": null,
 "acquisitions":
  [],
 "offices":
  [{"description": "About-Payments.com",
    "address1": "Middenburcht 136",
    "address2": "",
    "zip_code": "3452 MT",
    "city": "Vleuten",
    "state_code": null,
    "country_code": "NLD",
    "latitude": 52.0842325,
    "longitude": 5.0154067}],
 "milestones":
  [],
 "ipo": null,
 "video_embeds":
  [],
 "screenshots":
  [],
 "external_links":
  [],
 "partners":
  []}
