{"name": "About Eyes",
 "permalink": "about-eyes",
 "crunchbase_url": "http://www.crunchbase.com/company/about-eyes",
 "homepage_url": "http://www.abouteyes.co.uk",
 "blog_url": "",
 "blog_feed_url": "",
 "twitter_username": null,
 "category_code": "other",
 "number_of_employees": null,
 "founded_year": null,
 "founded_month": null,
 "founded_day": null,
 "deadpooled_year": null,
 "deadpooled_month": null,
 "deadpooled_day": null,
 "deadpooled_url": null,
 "tag_list": "cheap-reading-glasses-uk, fashion-readers, reading-glasses, fashionable-eyewear, glasses-reading, uk-reading-glasses, reading-glasses-online",
 "alias_list": null,
 "email_address": "abouteyesuk@gmail.com",
 "phone_number": "+44 (0)1666 829 666",
 "description": "Stylish Reading Glasses",
 "created_at": "Fri Dec 07 11:21:39 UTC 2012",
 "updated_at": "Mon Dec 17 21:10:23 UTC 2012",
 "overview": "\u003Cp\u003EAboutEyes.co.uk a young dynamic company, dedicated to providing top quality reading glasses, reading sunglasses, sunglasses AND service.\u003C/p\u003E\n\n\u003Cp\u003EWe are well established, with a reputation for providing distinctive, design-led fashion readers at competitive prices.\u003C/p\u003E\n\n\u003Cp\u003EWe change our collection of readers and sunreaders frequently to ensure that our customers have always something new and interesting to see and purchase.\u003C/p\u003E\n\n\u003Cp\u003EWe believe that customer service is pivotal to the success of our company.\u003C/p\u003E\n\n\u003Cp\u003EYour order will be processed quickly and efficiently and our friendly customer service team will be happy to discuss and advise you on any point you might have about our reading glasses, sunreaders, bifocal sunreaders or sunglasses.\u003C/p\u003E",
 "image":
  {"available_sizes":
    [[[150,
       150],
      "http://api-images.crunchbase.com/assets/images/resized/0022/4338/224338v2-max-150x150.jpg"],
     [[200,
       200],
      "http://api-images.crunchbase.com/assets/images/resized/0022/4338/224338v2-max-250x250.jpg"],
     [[200,
       200],
      "http://api-images.crunchbase.com/assets/images/resized/0022/4338/224338v2-max-450x450.jpg"]],
   "attribution": null},
 "products":
  [],
 "relationships":
  [],
 "competitions":
  [],
 "providerships":
  [],
 "total_money_raised": "$0",
 "funding_rounds":
  [],
 "investments":
  [],
 "acquisition": null,
 "acquisitions":
  [],
 "offices":
  [],
 "milestones":
  [],
 "ipo": null,
 "video_embeds":
  [],
 "screenshots":
  [],
 "external_links":
  [],
 "partners":
  []}
