{"name": "Abra Technologies",
 "permalink": "abra-technologies",
 "crunchbase_url": "http://www.crunchbase.com/company/abra-technologies",
 "homepage_url": "http://www.abratechnologies.com",
 "blog_url": "http://www.abratechnologies.com/blog",
 "blog_feed_url": "http://www.abratechnologies.com/blog/feed",
 "twitter_username": "abra_tech",
 "category_code": "ecommerce",
 "number_of_employees": 25,
 "founded_year": 2008,
 "founded_month": 1,
 "founded_day": 5,
 "deadpooled_year": null,
 "deadpooled_month": null,
 "deadpooled_day": null,
 "deadpooled_url": null,
 "tag_list": "magento, offshore, web-development, php, wordpress",
 "alias_list": null,
 "email_address": "info@abratechnologies.com",
 "phone_number": "714 - 881- 4472",
 "description": "Offshore Web Development company",
 "created_at": "Tue Aug 14 11:55:03 UTC 2012",
 "updated_at": "Fri Aug 17 09:55:21 UTC 2012",
 "overview": "\u003Cp\u003EAbra Technologies Private Limited is a fiercely independent offshore web development company incorporated at India\u2019s 2nd largest IT hub: Chennai. We continue offering web based outsourcing services to clients in the U.S., Sweden, Canada, Europe, Singapore, Qatar and Australia since 2008.\u003C/p\u003E\n\n\u003Cp\u003EOur core expertise are in developing e-commerce website powered by the world\u2019s leading \u0026amp; proven Magento framework; WordPress based Content Management System (CMS) and custom website with PHP-MySQL in ZEND framework.\u003C/p\u003E\n\n\u003Cp\u003EOur value added services includes Web Marketing Services, PSD to XHTML/CSS conversion and hiring offshore programmers based on project or hourly basis.\u003C/p\u003E",
 "image":
  {"available_sizes":
    [[[150,
       51],
      "http://api-images.crunchbase.com/assets/images/resized/0020/5957/205957v2-max-150x150.png"],
     [[150,
       51],
      "http://api-images.crunchbase.com/assets/images/resized/0020/5957/205957v2-max-250x250.png"],
     [[150,
       51],
      "http://api-images.crunchbase.com/assets/images/resized/0020/5957/205957v2-max-450x450.png"]],
   "attribution": null},
 "products":
  [],
 "relationships":
  [],
 "competitions":
  [],
 "providerships":
  [],
 "total_money_raised": "$0",
 "funding_rounds":
  [],
 "investments":
  [],
 "acquisition": null,
 "acquisitions":
  [],
 "offices":
  [{"description": "India Office",
    "address1": "No 79, 2nd Floor, V.V.kovil street,",
    "address2": "Thiruvalleswarar Nagar, Anna Nagar West,",
    "zip_code": "600040",
    "city": "chennai",
    "state_code": null,
    "country_code": "USA",
    "latitude": null,
    "longitude": null}],
 "milestones":
  [],
 "ipo": null,
 "video_embeds":
  [],
 "screenshots":
  [],
 "external_links":
  [],
 "partners":
  []}
