{"name": "Abrumeo",
 "permalink": "abrumeo",
 "crunchbase_url": "http://www.crunchbase.com/company/abrumeo",
 "homepage_url": "http://www.niftyquoter.com",
 "blog_url": "",
 "blog_feed_url": "",
 "twitter_username": "NiftyQuoter",
 "category_code": "software",
 "number_of_employees": null,
 "founded_year": null,
 "founded_month": null,
 "founded_day": null,
 "deadpooled_year": null,
 "deadpooled_month": null,
 "deadpooled_day": null,
 "deadpooled_url": null,
 "tag_list": "saas, b2b",
 "alias_list": null,
 "email_address": "hello@abrumeo.com",
 "phone_number": "",
 "description": "saas startup",
 "created_at": "Fri Aug 24 15:37:24 UTC 2012",
 "updated_at": "Fri Aug 31 08:54:11 UTC 2012",
 "overview": "",
 "image": null,
 "products":
  [{"name": "NiftyQuoter",
    "permalink": "niftyquoter"}],
 "relationships":
  [],
 "competitions":
  [],
 "providerships":
  [],
 "total_money_raised": "$0",
 "funding_rounds":
  [],
 "investments":
  [],
 "acquisition": null,
 "acquisitions":
  [],
 "offices":
  [],
 "milestones":
  [],
 "ipo": null,
 "video_embeds":
  [],
 "screenshots":
  [],
 "external_links":
  [],
 "partners":
  []}
