{"name": "Academic Owl Tuition",
 "permalink": "academic-owl-tuition",
 "crunchbase_url": "http://www.crunchbase.com/company/academic-owl-tuition",
 "homepage_url": "http://www.academicowl.co.uk",
 "blog_url": "http://www.academicowl.co.uk",
 "blog_feed_url": "",
 "twitter_username": "academicowl",
 "category_code": "education",
 "number_of_employees": null,
 "founded_year": 2012,
 "founded_month": 5,
 "founded_day": 29,
 "deadpooled_year": null,
 "deadpooled_month": null,
 "deadpooled_day": null,
 "deadpooled_url": null,
 "tag_list": "qts-numeracy-tuition-qts-numeracy-tutors-london-qts-maths-tuition-haringey-qts-maths-tutors-north-london",
 "alias_list": null,
 "email_address": "roxana@academicowl.co.uk",
 "phone_number": "07534 819 661",
 "description": "QTS numeracy test tutors",
 "created_at": "Fri Dec 07 16:42:36 UTC 2012",
 "updated_at": "Mon Nov 04 19:58:28 UTC 2013",
 "overview": "\u003Cp\u003Ecome try the Academic Owl Tuition experience! Allow up to your personal development and help you achieve the QTS status by passing your Qts numeracy exam with our tutor\u0026#8217;s help.\u003C/p\u003E",
 "image":
  {"available_sizes":
    [[[150,
       150],
      "http://api-images.crunchbase.com/assets/images/resized/0022/4385/224385v2-max-150x150.jpg"],
     [[160,
       160],
      "http://api-images.crunchbase.com/assets/images/resized/0022/4385/224385v2-max-250x250.jpg"],
     [[160,
       160],
      "http://api-images.crunchbase.com/assets/images/resized/0022/4385/224385v2-max-450x450.jpg"]],
   "attribution": null},
 "products":
  [{"name": "QTS numeracy tutors Haringey",
    "permalink": "qts-numeracy-tutors-haringey"}],
 "relationships":
  [],
 "competitions":
  [],
 "providerships":
  [],
 "total_money_raised": "$0",
 "funding_rounds":
  [],
 "investments":
  [],
 "acquisition": null,
 "acquisitions":
  [],
 "offices":
  [{"description": "Crouch End",
    "address1": "",
    "address2": "",
    "zip_code": "",
    "city": "London",
    "state_code": null,
    "country_code": "GBR",
    "latitude": null,
    "longitude": null}],
 "milestones":
  [{"id": 29840,
    "description": "QTS numeracy tuition - Haringey",
    "stoned_year": 2013,
    "stoned_month": 11,
    "stoned_day": 1,
    "source_url": "http://www.academicowl.co.uk/key-stages/11-plus-maths-tuition/",
    "source_text": null,
    "source_description": "QTS numeracy tutors  North London",
    "stoneable_type": "Company",
    "stoned_value": null,
    "stoned_value_type": null,
    "stoned_acquirer": null,
    "stoneable":
     {"name": "Academic Owl Tuition",
      "permalink": "academic-owl-tuition"}}],
 "ipo": null,
 "video_embeds":
  [],
 "screenshots":
  [{"available_sizes":
     [[[125,
        150],
       "http://api-images.crunchbase.com/assets/images/resized/0023/2837/232837v2-max-150x150.jpg"],
      [[208,
        250],
       "http://api-images.crunchbase.com/assets/images/resized/0023/2837/232837v2-max-250x250.jpg"],
      [[250,
        300],
       "http://api-images.crunchbase.com/assets/images/resized/0023/2837/232837v2-max-450x450.jpg"]],
    "attribution": null}],
 "external_links":
  [{"external_url": "http://www.academicowl.co.uk/key-stages/11-plus-maths-tuition/",
    "title": "11 plus tuition"}],
 "partners":
  []}
