{"name": "Academic Partnerships",
 "permalink": "academic-partnerships",
 "crunchbase_url": "http://www.crunchbase.com/company/academic-partnerships",
 "homepage_url": "http://www.academicpartnerships.com",
 "blog_url": "",
 "blog_feed_url": "",
 "twitter_username": "APartnerships",
 "category_code": null,
 "number_of_employees": null,
 "founded_year": 2007,
 "founded_month": null,
 "founded_day": null,
 "deadpooled_year": null,
 "deadpooled_month": null,
 "deadpooled_day": null,
 "deadpooled_url": null,
 "tag_list": null,
 "alias_list": "",
 "email_address": "",
 "phone_number": "214-210-7300",
 "description": "",
 "created_at": "Sat Nov 10 13:17:34 UTC 2012",
 "updated_at": "Mon Apr 08 17:17:18 UTC 2013",
 "overview": "\u003Cp\u003EDallas-based Academic Partnerships partners with universities to deliver students full degree programs online. The company was founded by social entrepreneur, RANDY BEST, an 18-year veteran of developing innovative learning experiences to improve education. Academic Partnerships helps universities increase public access to high-quality education by providing the technology, student recruitment and faculty support necessary to serve online students. Academic Partnerships is guided by the principle that the opportunities presented through distance learning make higher education more accessible and achievable for students in the U.S. and globally. \u003C/p\u003E",
 "image":
  {"available_sizes":
    [[[150,
       33],
      "http://api-images.crunchbase.com/assets/images/resized/0021/9820/219820v1-max-150x150.jpg"],
     [[250,
       55],
      "http://api-images.crunchbase.com/assets/images/resized/0021/9820/219820v1-max-250x250.jpg"],
     [[274,
       61],
      "http://api-images.crunchbase.com/assets/images/resized/0021/9820/219820v1-max-450x450.jpg"]],
   "attribution": null},
 "products":
  [],
 "relationships":
  [{"is_past": false,
    "title": "Executive Vice President of International Development",
    "person":
     {"first_name": "Mike",
      "last_name": "Purcell",
      "permalink": "mike-purcell"}},
   {"is_past": false,
    "title": "Board Member",
    "person":
     {"first_name": "Nikitas",
      "last_name": "Koutoupes",
      "permalink": "nikitas-koutoupes"}}],
 "competitions":
  [],
 "providerships":
  [],
 "total_money_raised": "$0",
 "funding_rounds":
  [],
 "investments":
  [{"funding_round":
     {"round_code": "seed",
      "source_url": "http://www.prnewswire.com/news-releases/tareasplus-secures-18m-seed-funding-from-academic-partnerships-178085761.html",
      "source_description": "Tareasplus Secures $1.8M Seed Funding from Academic Partnerships",
      "raised_amount": 850000.0,
      "raised_currency_code": "USD",
      "funded_year": 2012,
      "funded_month": 11,
      "funded_day": 9,
      "company":
       {"name": "TareasPlus",
        "permalink": "tareasplus"}}}],
 "acquisition": null,
 "acquisitions":
  [],
 "offices":
  [{"description": "",
    "address1": "600 North Pearl Street, Suite 900",
    "address2": "",
    "zip_code": "75207",
    "city": "Dallas",
    "state_code": "TX",
    "country_code": "USA",
    "latitude": null,
    "longitude": null}],
 "milestones":
  [],
 "ipo": null,
 "video_embeds":
  [],
 "screenshots":
  [{"available_sizes":
     [[[150,
        111],
       "http://api-images.crunchbase.com/assets/images/resized/0021/9821/219821v1-max-150x150.jpg"],
      [[250,
        185],
       "http://api-images.crunchbase.com/assets/images/resized/0021/9821/219821v1-max-250x250.jpg"],
      [[450,
        334],
       "http://api-images.crunchbase.com/assets/images/resized/0021/9821/219821v1-max-450x450.jpg"]],
    "attribution": null}],
 "external_links":
  [],
 "partners":
  []}
