{"name": "Access Health Care",
 "permalink": "access-health-care",
 "crunchbase_url": "http://www.crunchbase.com/company/access-health-care",
 "homepage_url": "http://www.accesshealthcareonline.com",
 "blog_url": "http://blog.accesshealthcareonline.com",
 "blog_feed_url": "http://blog.accesshealthcareonline.com",
 "twitter_username": "AccessHC",
 "category_code": "other",
 "number_of_employees": 10,
 "founded_year": 2002,
 "founded_month": 1,
 "founded_day": 1,
 "deadpooled_year": null,
 "deadpooled_month": null,
 "deadpooled_day": null,
 "deadpooled_url": null,
 "tag_list": "access-healthcare, access-health-care, chiropractor-oak-brook, chiropractor-hoffman-estates, chiropractor-des-plaines-",
 "alias_list": null,
 "email_address": "Jasonplochner969@gmail.com",
 "phone_number": "847-803-1395 ",
 "description": "Access Health Care Online is all about c",
 "created_at": "Sat Sep 22 12:04:48 UTC 2012",
 "updated_at": "Wed Sep 26 22:23:52 UTC 2012",
 "overview": "\u003Cp\u003EAccess Health Care was created for the purpose of having a team of individuals that are dedicated to serving their community by providing the highest quality of health and wellness care possible. Our goal at Access Health Care is to transform people\u0026#8217;s health, from infants to the elderly, naturally and without drugs or surgery.\u003C/p\u003E",
 "image":
  {"available_sizes":
    [[[150,
       87],
      "http://api-images.crunchbase.com/assets/images/resized/0021/2555/212555v2-max-150x150.png"],
     [[174,
       102],
      "http://api-images.crunchbase.com/assets/images/resized/0021/2555/212555v2-max-250x250.png"],
     [[174,
       102],
      "http://api-images.crunchbase.com/assets/images/resized/0021/2555/212555v2-max-450x450.png"]],
   "attribution": null},
 "products":
  [],
 "relationships":
  [],
 "competitions":
  [],
 "providerships":
  [],
 "total_money_raised": "$0",
 "funding_rounds":
  [],
 "investments":
  [],
 "acquisition": null,
 "acquisitions":
  [],
 "offices":
  [],
 "milestones":
  [],
 "ipo": null,
 "video_embeds":
  [],
 "screenshots":
  [],
 "external_links":
  [],
 "partners":
  []}
