{"name": "AcceleratorYYC",
 "permalink": "acceleratoryyc",
 "crunchbase_url": "http://www.crunchbase.com/company/acceleratoryyc",
 "homepage_url": "http://www.acceleratoryyc.com",
 "blog_url": "http://www.acceleratoryyc.com/archive",
 "blog_feed_url": "",
 "twitter_username": "AcceleratorYYC",
 "category_code": "other",
 "number_of_employees": 4,
 "founded_year": 2011,
 "founded_month": 10,
 "founded_day": 13,
 "deadpooled_year": null,
 "deadpooled_month": null,
 "deadpooled_day": null,
 "deadpooled_url": null,
 "tag_list": "startup, tech, co-working-space, entrepreneurs",
 "alias_list": null,
 "email_address": "directors@acceleratoryyc.com",
 "phone_number": "(403) 652-8947",
 "description": "Tech Startup Coworking Space",
 "created_at": "Fri Oct 05 20:16:42 UTC 2012",
 "updated_at": "Wed Dec 12 07:00:49 UTC 2012",
 "overview": "\u003Cp\u003EAcceleratorYYC is an entrepreneur led co-work space tailored to the unique needs and challenges of pre-launch and pre-product tech startups. \u003C/p\u003E\n\n\u003Cp\u003EAcceleratorYYC is about providing the resources needed to answer the question \u0026#8216;I\u0026#8217;ve quit my job - I\u0026#8217;m in a startup - what now?\u0026#8217;\u003C/p\u003E",
 "image": null,
 "products":
  [],
 "relationships":
  [{"is_past": true,
    "title": "Co-Founder",
    "person":
     {"first_name": "Victoria",
      "last_name": "MacLean",
      "permalink": "victoria-maclean"}},
   {"is_past": true,
    "title": "Co-Founder",
    "person":
     {"first_name": "Pieter",
      "last_name": "Boekhoff",
      "permalink": "pieter-boekhoff"}},
   {"is_past": true,
    "title": "Co-Founder",
    "person":
     {"first_name": "Christian",
      "last_name": "MacLean",
      "permalink": "christian-maclean"}}],
 "competitions":
  [],
 "providerships":
  [{"title": "Legal",
    "is_past": false,
    "provider":
     {"name": "Burnet, Duckworth \u0026 Palmer LLP",
      "permalink": "burnet-duckworth-palmer-llp"}}],
 "total_money_raised": "$0",
 "funding_rounds":
  [],
 "investments":
  [],
 "acquisition": null,
 "acquisitions":
  [],
 "offices":
  [{"description": "Location",
    "address1": "200 - 1212, 9th Ave SE",
    "address2": "",
    "zip_code": "T2G 0T1",
    "city": "Calgary",
    "state_code": null,
    "country_code": "CAN",
    "latitude": 51.0419247,
    "longitude": -114.0361047}],
 "milestones":
  [],
 "ipo": null,
 "video_embeds":
  [],
 "screenshots":
  [],
 "external_links":
  [{"external_url": "http://www.techvibes.com/blog/calgary-has-tons-of-entrepreneurs-and-startups-but-wheres-the-money-2012-03-14?utm_source=twitterfeed\u0026utm_medium=twitter",
    "title": "Calgary Has Tons of Entrepreneurs and Startups. But Where's the Money?"}],
 "partners":
  []}
