{"name": "Accelerate Worldwide Ltd",
 "permalink": "accelerate-worldwide-ltd",
 "crunchbase_url": "http://www.crunchbase.com/company/accelerate-worldwide-ltd",
 "homepage_url": "http://www.accelerateltd.com",
 "blog_url": "",
 "blog_feed_url": "",
 "twitter_username": "accelerate_ltd",
 "category_code": "consulting",
 "number_of_employees": null,
 "founded_year": 2012,
 "founded_month": null,
 "founded_day": null,
 "deadpooled_year": null,
 "deadpooled_month": null,
 "deadpooled_day": null,
 "deadpooled_url": null,
 "tag_list": "technology, broadcast, media, digital, retail, sport, brand, marketing, entertainment, video, mobile",
 "alias_list": null,
 "email_address": "team@accelerateltd.com",
 "phone_number": "+44 (0) 207 079 2269",
 "description": "Commercial Management Firm",
 "created_at": "Fri Sep 28 14:54:56 UTC 2012",
 "updated_at": "Wed Dec 12 06:55:21 UTC 2012",
 "overview": "\u003Cp\u003EAccelerate Worldwide is a commercial management firm that collaborates with businesses to help transform, grow and maximise their potential. It was founded by seasoned executives Kate Burns, Anne Macartney, Pat Nelson, Nimeshh Patel and Anthony Webb.\u003C/p\u003E\n\n\u003Cp\u003EAccelerate\u2019s collective senior management and board director level experience exceeds 80+ years across both leading and early stage companies - spanning digital, retail, sports, brand marketing, technology, entertainment and mobile. As such, the team counts some of world\u2019s best known brands and early stage companies amongst their experience, including: Google, BAA World Duty Free, Bebo, Skype, Adidas, The Huffington Post, Welcome Break, Warner Bros, AOL, Real Madrid, American Express, Vodafone, AC Milan, 20th Century Fox, BBC Worldwide, Honda F1 and British Cycling.\u003C/p\u003E\n\n\u003Cp\u003EAccelerate provides turnaround advisory services from operational restructuring to revenue enhancement, providing deal execution services such as commercial development, M\u0026amp;A and the raising of capital. \u003C/p\u003E",
 "image":
  {"available_sizes":
    [[[150,
       31],
      "http://api-images.crunchbase.com/assets/images/resized/0021/3450/213450v2-max-150x150.jpg"],
     [[250,
       52],
      "http://api-images.crunchbase.com/assets/images/resized/0021/3450/213450v2-max-250x250.jpg"],
     [[320,
       67],
      "http://api-images.crunchbase.com/assets/images/resized/0021/3450/213450v2-max-450x450.jpg"]],
   "attribution": null},
 "products":
  [],
 "relationships":
  [{"is_past": false,
    "title": "Managing Partner",
    "person":
     {"first_name": "Kate",
      "last_name": "Burns",
      "permalink": "kate-burns"}},
   {"is_past": false,
    "title": "Managing Partner",
    "person":
     {"first_name": "Nimeshh",
      "last_name": "Patel",
      "permalink": "nimeshh-patel"}},
   {"is_past": false,
    "title": "Managing Partner",
    "person":
     {"first_name": "Anne",
      "last_name": "Macartney",
      "permalink": "anne-macartney"}},
   {"is_past": false,
    "title": "Managing Partner",
    "person":
     {"first_name": "Pat",
      "last_name": "Nelson",
      "permalink": "pat-nelson"}},
   {"is_past": false,
    "title": "Managing Partner",
    "person":
     {"first_name": "Anthony",
      "last_name": "Webb",
      "permalink": "anthony-webb"}}],
 "competitions":
  [],
 "providerships":
  [],
 "total_money_raised": "$0",
 "funding_rounds":
  [],
 "investments":
  [],
 "acquisition": null,
 "acquisitions":
  [],
 "offices":
  [{"description": "London Office",
    "address1": "87 - 91 Newman Street",
    "address2": "",
    "zip_code": "W1T 3EY",
    "city": "London",
    "state_code": null,
    "country_code": "GBR",
    "latitude": 51.5163909,
    "longitude": -0.1348749}],
 "milestones":
  [],
 "ipo": null,
 "video_embeds":
  [],
 "screenshots":
  [],
 "external_links":
  [{"external_url": "http://mandmglobal.com/news/27-09-12/kate-burns-creates-advisory-body.aspx",
    "title": "M \u0026 M Global"},
   {"external_url": "http://news.techworld.com/applications/3400889/former-aol-execs-launch-accelerate-management-consultancy/",
    "title": "Techworld"},
   {"external_url": "http://www.redonline.co.uk/layout/set/print/red-women/red-panel/kate-burns-businesswoman",
    "title": "Red Magazine"}],
 "partners":
  []}
