{"name": "Accovia",
 "permalink": "accovia",
 "crunchbase_url": "http://www.crunchbase.com/company/accovia",
 "homepage_url": null,
 "blog_url": null,
 "blog_feed_url": null,
 "twitter_username": null,
 "category_code": null,
 "number_of_employees": null,
 "founded_year": null,
 "founded_month": null,
 "founded_day": null,
 "deadpooled_year": null,
 "deadpooled_month": null,
 "deadpooled_day": null,
 "deadpooled_url": null,
 "tag_list": null,
 "alias_list": null,
 "email_address": null,
 "phone_number": null,
 "description": null,
 "created_at": "Tue Sep 25 18:48:51 UTC 2012",
 "updated_at": "Mon Oct 08 18:18:49 UTC 2012",
 "overview": null,
 "image": null,
 "products":
  [],
 "relationships":
  [{"is_past": true,
    "title": "Board of Directors",
    "person":
     {"first_name": "Philip",
      "last_name": "Wolf",
      "permalink": "philip-wolf-2"}},
   {"is_past": true,
    "title": "Manager Product Strategy",
    "person":
     {"first_name": "Will",
      "last_name": "Phillipson",
      "permalink": "will-phillipson"}},
   {"is_past": true,
    "title": "Directrice, r\u00e9alisation Lexo",
    "person":
     {"first_name": "Andree",
      "last_name": "Coude",
      "permalink": "andre-coud"}}],
 "competitions":
  [],
 "providerships":
  [],
 "total_money_raised": "$0",
 "funding_rounds":
  [],
 "investments":
  [],
 "acquisition":
  {"price_amount": null,
   "price_currency_code": "USD",
   "term_code": null,
   "source_url": "http://www.acceo.com/en/news/gfi-group-announces-the-acquisition-of-group-accovia-in-canada/",
   "source_description": "GFI Solutions announces the acquisition of Group Accovia in Canada",
   "acquired_year": 2006,
   "acquired_month": null,
   "acquired_day": null,
   "acquiring_company":
    {"name": "ACCEO Solutions",
     "permalink": "acceo-solutions"}},
 "acquisitions":
  [],
 "offices":
  [],
 "milestones":
  [],
 "ipo": null,
 "video_embeds":
  [],
 "screenshots":
  [],
 "external_links":
  [],
 "partners":
  []}
