{"name": "Accredited Window Tinting",
 "permalink": "accredited-window-tinting",
 "crunchbase_url": "http://www.crunchbase.com/company/accredited-window-tinting",
 "homepage_url": "http://www.accreditedwindowtinting.com.au",
 "blog_url": "",
 "blog_feed_url": "",
 "twitter_username": null,
 "category_code": "hardware",
 "number_of_employees": null,
 "founded_year": null,
 "founded_month": null,
 "founded_day": null,
 "deadpooled_year": null,
 "deadpooled_month": null,
 "deadpooled_day": null,
 "deadpooled_url": null,
 "tag_list": "",
 "alias_list": null,
 "email_address": "",
 "phone_number": "",
 "description": "Accredited Window Tinting",
 "created_at": "Fri Dec 07 08:26:37 UTC 2012",
 "updated_at": "Mon Dec 17 21:00:06 UTC 2012",
 "overview": "\u003Cp\u003EAccredited Window Tinting are specialists in a range of tinting options of commercial, private homes, cars and also supply window films for those who want to install themselves. Accredited Window tinting offers tinting and window frosting solutions across Adelaide, Australia.\u003C/p\u003E",
 "image": null,
 "products":
  [],
 "relationships":
  [],
 "competitions":
  [],
 "providerships":
  [],
 "total_money_raised": "$0",
 "funding_rounds":
  [],
 "investments":
  [],
 "acquisition": null,
 "acquisitions":
  [],
 "offices":
  [],
 "milestones":
  [],
 "ipo": null,
 "video_embeds":
  [],
 "screenshots":
  [],
 "external_links":
  [],
 "partners":
  []}
