{"name": "Ace Ends Production",
 "permalink": "ace-ends-production",
 "crunchbase_url": "http://www.crunchbase.com/company/ace-ends-production",
 "homepage_url": "http://aceendsproduction.wix.com/aceendsproduction",
 "blog_url": "http://aceendsproduction.wix.com/aceendsproduction",
 "blog_feed_url": "",
 "twitter_username": null,
 "category_code": "other",
 "number_of_employees": null,
 "founded_year": 2011,
 "founded_month": 10,
 "founded_day": 14,
 "deadpooled_year": null,
 "deadpooled_month": null,
 "deadpooled_day": null,
 "deadpooled_url": null,
 "tag_list": "music",
 "alias_list": null,
 "email_address": "aceendsproduction@consultant.com",
 "phone_number": "+27737909958",
 "description": "Record label",
 "created_at": "Sat Aug 25 07:49:20 UTC 2012",
 "updated_at": "Mon Sep 03 23:46:17 UTC 2012",
 "overview": "\u003Cp\u003EThis company is a lead to music and entertainment, we specialize in releasing good talented music of people who would like to achieve in producing excellence music .Ace ends Production makes dreams become reality and To engage with us you are number 1.\u003C/p\u003E",
 "image":
  {"available_sizes":
    [[[150,
       150],
      "http://api-images.crunchbase.com/assets/images/resized/0020/8105/208105v2-max-150x150.jpg"],
     [[250,
       250],
      "http://api-images.crunchbase.com/assets/images/resized/0020/8105/208105v2-max-250x250.jpg"],
     [[450,
       450],
      "http://api-images.crunchbase.com/assets/images/resized/0020/8105/208105v2-max-450x450.jpg"]],
   "attribution": null},
 "products":
  [],
 "relationships":
  [],
 "competitions":
  [],
 "providerships":
  [],
 "total_money_raised": "$0",
 "funding_rounds":
  [],
 "investments":
  [],
 "acquisition": null,
 "acquisitions":
  [],
 "offices":
  [],
 "milestones":
  [],
 "ipo": null,
 "video_embeds":
  [],
 "screenshots":
  [{"available_sizes":
     [[[150,
        150],
       "http://api-images.crunchbase.com/assets/images/resized/0020/8104/208104v2-max-150x150.jpg"],
      [[250,
        250],
       "http://api-images.crunchbase.com/assets/images/resized/0020/8104/208104v2-max-250x250.jpg"],
      [[450,
        450],
       "http://api-images.crunchbase.com/assets/images/resized/0020/8104/208104v2-max-450x450.jpg"]],
    "attribution": null}],
 "external_links":
  [{"external_url": "http://aceendsproduction.wix.com/aceendsproduction",
    "title": "Ace Ends Production"}],
 "partners":
  []}
