{"name": "Acento Hispano",
 "permalink": "acento-hispano",
 "crunchbase_url": "http://www.crunchbase.com/company/acento-hispano",
 "homepage_url": "http://acentohispano.com",
 "blog_url": "",
 "blog_feed_url": "",
 "twitter_username": "acentohispano",
 "category_code": "advertising",
 "number_of_employees": 4,
 "founded_year": 2012,
 "founded_month": 2,
 "founded_day": 1,
 "deadpooled_year": null,
 "deadpooled_month": null,
 "deadpooled_day": null,
 "deadpooled_url": null,
 "tag_list": "adnetwork, hispanic, multicultural, latino, san-francisco",
 "alias_list": null,
 "email_address": "info@acentohispano.com",
 "phone_number": "",
 "description": "Hispanic Ad Network",
 "created_at": "Wed Sep 12 06:26:42 UTC 2012",
 "updated_at": "Tue Sep 18 17:17:07 UTC 2012",
 "overview": "\u003Cp\u003EAcento Hispano offers you its experience in managing advertising campaigns and traffic, media buying, Spanish translations or graphic and web design. Ensure your client\u0026#8217;s satisfaction with our help.\u003C/p\u003E",
 "image": null,
 "products":
  [],
 "relationships":
  [],
 "competitions":
  [],
 "providerships":
  [],
 "total_money_raised": "$0",
 "funding_rounds":
  [],
 "investments":
  [],
 "acquisition": null,
 "acquisitions":
  [],
 "offices":
  [{"description": "",
    "address1": "",
    "address2": "",
    "zip_code": "94118",
    "city": "San Francisco",
    "state_code": "CA",
    "country_code": "USA",
    "latitude": null,
    "longitude": null}],
 "milestones":
  [],
 "ipo": null,
 "video_embeds":
  [],
 "screenshots":
  [],
 "external_links":
  [],
 "partners":
  []}
