{"name": "AceTen",
 "permalink": "aceten",
 "crunchbase_url": "http://www.crunchbase.com/company/aceten",
 "homepage_url": "http://www.ace10.org",
 "blog_url": "",
 "blog_feed_url": "",
 "twitter_username": null,
 "category_code": "education",
 "number_of_employees": 2,
 "founded_year": 2009,
 "founded_month": 5,
 "founded_day": 10,
 "deadpooled_year": null,
 "deadpooled_month": null,
 "deadpooled_day": null,
 "deadpooled_url": null,
 "tag_list": "software-quality-assurance, e-commerce, java, j2ee, mysql",
 "alias_list": null,
 "email_address": "info@ace10.org",
 "phone_number": "(877) 411-4ACE",
 "description": "Distance Education Provider",
 "created_at": "Mon Aug 06 18:08:20 UTC 2012",
 "updated_at": "Wed Aug 08 09:12:25 UTC 2012",
 "overview": "\u003Cp\u003EAceTen provides distance educational courses in the I/T sector\u003C/p\u003E",
 "image":
  {"available_sizes":
    [[[150,
       42],
      "http://api-images.crunchbase.com/assets/images/resized/0020/4661/204661v2-max-150x150.jpg"],
     [[250,
       71],
      "http://api-images.crunchbase.com/assets/images/resized/0020/4661/204661v2-max-250x250.jpg"],
     [[420,
       120],
      "http://api-images.crunchbase.com/assets/images/resized/0020/4661/204661v2-max-450x450.jpg"]],
   "attribution": null},
 "products":
  [],
 "relationships":
  [],
 "competitions":
  [],
 "providerships":
  [],
 "total_money_raised": "$0",
 "funding_rounds":
  [],
 "investments":
  [],
 "acquisition": null,
 "acquisitions":
  [],
 "offices":
  [],
 "milestones":
  [],
 "ipo": null,
 "video_embeds":
  [],
 "screenshots":
  [{"available_sizes":
     [[[150,
        122],
       "http://api-images.crunchbase.com/assets/images/resized/0020/4660/204660v2-max-150x150.png"],
      [[250,
        203],
       "http://api-images.crunchbase.com/assets/images/resized/0020/4660/204660v2-max-250x250.png"],
      [[320,
        261],
       "http://api-images.crunchbase.com/assets/images/resized/0020/4660/204660v2-max-450x450.png"]],
    "attribution": null}],
 "external_links":
  [],
 "partners":
  []}
