{"name": "Achieving Health",
 "permalink": "achieving-health",
 "crunchbase_url": "http://www.crunchbase.com/company/achieving-health",
 "homepage_url": "http://www.achievinghealth.com.au",
 "blog_url": "",
 "blog_feed_url": "",
 "twitter_username": null,
 "category_code": "biotech",
 "number_of_employees": null,
 "founded_year": null,
 "founded_month": null,
 "founded_day": null,
 "deadpooled_year": null,
 "deadpooled_month": null,
 "deadpooled_day": null,
 "deadpooled_url": null,
 "tag_list": "",
 "alias_list": null,
 "email_address": "",
 "phone_number": "",
 "description": "",
 "created_at": "Sat Dec 08 11:22:59 UTC 2012",
 "updated_at": "Wed Dec 19 05:48:01 UTC 2012",
 "overview": "\u003Cp\u003EAchieving Health is a naturopathy centre dedicated to providing you with information and treatments to promote optimal health and wellness.This is done through offering a high level of experience and knowledge with regards to holistic healthcare and natural therapies.\u003C/p\u003E",
 "image": null,
 "products":
  [],
 "relationships":
  [],
 "competitions":
  [],
 "providerships":
  [],
 "total_money_raised": "$0",
 "funding_rounds":
  [],
 "investments":
  [],
 "acquisition": null,
 "acquisitions":
  [],
 "offices":
  [],
 "milestones":
  [],
 "ipo": null,
 "video_embeds":
  [],
 "screenshots":
  [],
 "external_links":
  [],
 "partners":
  []}
