{"name": "achvr",
 "permalink": "achvr",
 "crunchbase_url": "http://www.crunchbase.com/company/achvr",
 "homepage_url": "http://www.achvrs.com",
 "blog_url": "",
 "blog_feed_url": "",
 "twitter_username": "achvr",
 "category_code": "web",
 "number_of_employees": 6,
 "founded_year": 2011,
 "founded_month": 10,
 "founded_day": 14,
 "deadpooled_year": null,
 "deadpooled_month": null,
 "deadpooled_day": null,
 "deadpooled_url": null,
 "tag_list": "social, media, gaming, gamification, achievement, achievements",
 "alias_list": "",
 "email_address": "",
 "phone_number": "",
 "description": "Live a more fulfilled life!",
 "created_at": "Tue Aug 14 19:17:20 UTC 2012",
 "updated_at": "Sat Feb 08 02:19:12 UTC 2014",
 "overview": "\u003Cp\u003EAchvr helps you live a happier, more fulfilled life through first time experiences. We help you discover and track everything you want to do, and share everything you\u0026#8217;ve done.\u003C/p\u003E",
 "image":
  {"available_sizes":
    [[[150,
       150],
      "http://api-images.crunchbase.com/assets/images/resized/0020/6079/206079v4-max-150x150.png"],
     [[250,
       250],
      "http://api-images.crunchbase.com/assets/images/resized/0020/6079/206079v4-max-250x250.png"],
     [[450,
       450],
      "http://api-images.crunchbase.com/assets/images/resized/0020/6079/206079v4-max-450x450.png"]],
   "attribution": null},
 "products":
  [],
 "relationships":
  [{"is_past": false,
    "title": "Founder and CEO",
    "person":
     {"first_name": "Ryan",
      "last_name": "Traeger",
      "permalink": "ryan-traeger"}},
   {"is_past": false,
    "title": "CTO | Lead Developer",
    "person":
     {"first_name": "Rob",
      "last_name": "Lewis",
      "permalink": "rob-lewis"}},
   {"is_past": false,
    "title": "CFO",
    "person":
     {"first_name": "Steve",
      "last_name": "Ferraro",
      "permalink": "steve-ferraro"}},
   {"is_past": false,
    "title": "CMO",
    "person":
     {"first_name": "Drew",
      "last_name": "Watson",
      "permalink": "drew-watson"}}],
 "competitions":
  [],
 "providerships":
  [],
 "total_money_raised": "$1.25M",
 "funding_rounds":
  [{"id": 51467,
    "round_code": "seed",
    "source_url": "http://www.finsmes.com/2013/10/achvr-raises-1-25m-seed-funding.html",
    "source_description": "Achvr Raises $1.25M in Seed Funding",
    "raised_amount": 1250000.0,
    "raised_currency_code": "USD",
    "funded_year": 2013,
    "funded_month": 10,
    "funded_day": 9,
    "investments":
     []}],
 "investments":
  [],
 "acquisition": null,
 "acquisitions":
  [],
 "offices":
  [{"description": "",
    "address1": "",
    "address2": "",
    "zip_code": "",
    "city": "Boston",
    "state_code": "CA",
    "country_code": "USA",
    "latitude": null,
    "longitude": null}],
 "milestones":
  [{"id": 25995,
    "description": "Received $500k in Seed Round funding.",
    "stoned_year": 2012,
    "stoned_month": 8,
    "stoned_day": 24,
    "source_url": "",
    "source_text": null,
    "source_description": "",
    "stoneable_type": "Company",
    "stoned_value": null,
    "stoned_value_type": null,
    "stoned_acquirer": null,
    "stoneable":
     {"name": "achvr",
      "permalink": "achvr"}},
   {"id": 38862,
    "description": "Received $740k in Bridge Round Funding.",
    "stoned_year": 2013,
    "stoned_month": 8,
    "stoned_day": 3,
    "source_url": "",
    "source_text": null,
    "source_description": "",
    "stoneable_type": "Company",
    "stoned_value": null,
    "stoned_value_type": null,
    "stoned_acquirer": null,
    "stoneable":
     {"name": "achvr",
      "permalink": "achvr"}}],
 "ipo": null,
 "video_embeds":
  [{"embed_code": "\u003Ciframe width=\"420\" height=\"315\" src=\"//www.youtube.com/embed/CEP-uRqjhHc\" frameborder=\"0\" allowfullscreen\u003E\u003C/iframe\u003E",
    "description": "\u003Cp\u003EAchvr\u003C/p\u003E"}],
 "screenshots":
  [{"available_sizes":
     [[[84,
        150],
       "http://api-images.crunchbase.com/assets/images/resized/0033/8511/338511v2-max-150x150.png"],
      [[140,
        250],
       "http://api-images.crunchbase.com/assets/images/resized/0033/8511/338511v2-max-250x250.png"],
      [[253,
        450],
       "http://api-images.crunchbase.com/assets/images/resized/0033/8511/338511v2-max-450x450.png"]],
    "attribution": null},
   {"available_sizes":
     [[[84,
        150],
       "http://api-images.crunchbase.com/assets/images/resized/0033/8512/338512v2-max-150x150.png"],
      [[140,
        250],
       "http://api-images.crunchbase.com/assets/images/resized/0033/8512/338512v2-max-250x250.png"],
      [[253,
        450],
       "http://api-images.crunchbase.com/assets/images/resized/0033/8512/338512v2-max-450x450.png"]],
    "attribution": null},
   {"available_sizes":
     [[[84,
        150],
       "http://api-images.crunchbase.com/assets/images/resized/0033/8513/338513v2-max-150x150.png"],
      [[140,
        250],
       "http://api-images.crunchbase.com/assets/images/resized/0033/8513/338513v2-max-250x250.png"],
      [[253,
        450],
       "http://api-images.crunchbase.com/assets/images/resized/0033/8513/338513v2-max-450x450.png"]],
    "attribution": null},
   {"available_sizes":
     [[[84,
        150],
       "http://api-images.crunchbase.com/assets/images/resized/0033/8514/338514v2-max-150x150.png"],
      [[140,
        250],
       "http://api-images.crunchbase.com/assets/images/resized/0033/8514/338514v2-max-250x250.png"],
      [[253,
        450],
       "http://api-images.crunchbase.com/assets/images/resized/0033/8514/338514v2-max-450x450.png"]],
    "attribution": null},
   {"available_sizes":
     [[[84,
        150],
       "http://api-images.crunchbase.com/assets/images/resized/0033/8515/338515v2-max-150x150.png"],
      [[140,
        250],
       "http://api-images.crunchbase.com/assets/images/resized/0033/8515/338515v2-max-250x250.png"],
      [[253,
        450],
       "http://api-images.crunchbase.com/assets/images/resized/0033/8515/338515v2-max-450x450.png"]],
    "attribution": null},
   {"available_sizes":
     [[[84,
        150],
       "http://api-images.crunchbase.com/assets/images/resized/0041/0592/410592v2-max-150x150.png"],
      [[140,
        250],
       "http://api-images.crunchbase.com/assets/images/resized/0041/0592/410592v2-max-250x250.png"],
      [[253,
        450],
       "http://api-images.crunchbase.com/assets/images/resized/0041/0592/410592v2-max-450x450.png"]],
    "attribution": null}],
 "external_links":
  [{"external_url": "https://itunes.apple.com/us/app/achvr/id715801611?ls=1\u0026mt=8",
    "title": "Achvr iOS App"},
   {"external_url": "https://www.achvr.co",
    "title": "Achvr Website"}],
 "partners":
  []}
