{"name": "ACI",
 "permalink": "aci",
 "crunchbase_url": "http://www.crunchbase.com/company/aci",
 "homepage_url": null,
 "blog_url": null,
 "blog_feed_url": null,
 "twitter_username": null,
 "category_code": null,
 "number_of_employees": null,
 "founded_year": null,
 "founded_month": null,
 "founded_day": null,
 "deadpooled_year": null,
 "deadpooled_month": null,
 "deadpooled_day": null,
 "deadpooled_url": null,
 "tag_list": null,
 "alias_list": null,
 "email_address": null,
 "phone_number": null,
 "description": null,
 "created_at": "Tue Oct 09 13:39:49 UTC 2012",
 "updated_at": "Thu Oct 18 00:10:35 UTC 2012",
 "overview": null,
 "image": null,
 "products":
  [],
 "relationships":
  [],
 "competitions":
  [],
 "providerships":
  [],
 "total_money_raised": "$0",
 "funding_rounds":
  [],
 "investments":
  [{"funding_round":
     {"round_code": "unattributed",
      "source_url": "http://www.snapp.fr/fr/idactus/detail/Business-Anywhere-leve-1-3-M-et-devient-Snapp/",
      "source_description": "Business Anywhere l\u00e8ve 1,3 M\u20ac et devient Snapp\u2019 !",
      "raised_amount": 1300000.0,
      "raised_currency_code": "EUR",
      "funded_year": 2010,
      "funded_month": 6,
      "funded_day": 30,
      "company":
       {"name": "SNAPP'",
        "permalink": "snapp"}}}],
 "acquisition": null,
 "acquisitions":
  [],
 "offices":
  [],
 "milestones":
  [],
 "ipo": null,
 "video_embeds":
  [],
 "screenshots":
  [],
 "external_links":
  [],
 "partners":
  []}
