{"name": "Aclaris Therapeutics",
 "permalink": "aclaris-therapeutics",
 "crunchbase_url": "http://www.crunchbase.com/company/aclaris-therapeutics",
 "homepage_url": "http://www.aclaristx.com",
 "blog_url": "",
 "blog_feed_url": "",
 "twitter_username": null,
 "category_code": "biotech",
 "number_of_employees": null,
 "founded_year": null,
 "founded_month": null,
 "founded_day": null,
 "deadpooled_year": null,
 "deadpooled_month": null,
 "deadpooled_day": null,
 "deadpooled_url": null,
 "tag_list": "",
 "alias_list": "",
 "email_address": "info@aclaristx.com",
 "phone_number": "484-324-7933",
 "description": "",
 "created_at": "Thu Oct 25 12:54:26 UTC 2012",
 "updated_at": "Wed Dec 12 07:21:38 UTC 2012",
 "overview": "\u003Cp\u003EAclaris Therapeutics started by the founders of Vicept Therapeutics, is a privately held specialty pharmaceutical dermatology company focused on the development of novel dermatologic therapies. \u003C/p\u003E",
 "image":
  {"available_sizes":
    [[[150,
       66],
      "http://api-images.crunchbase.com/assets/images/resized/0021/7161/217161v1-max-150x150.jpg"],
     [[211,
       94],
      "http://api-images.crunchbase.com/assets/images/resized/0021/7161/217161v1-max-250x250.jpg"],
     [[211,
       94],
      "http://api-images.crunchbase.com/assets/images/resized/0021/7161/217161v1-max-450x450.jpg"]],
   "attribution": null},
 "products":
  [],
 "relationships":
  [],
 "competitions":
  [],
 "providerships":
  [],
 "total_money_raised": "$21M",
 "funding_rounds":
  [{"id": 33372,
    "round_code": "a",
    "source_url": "http://www.finsmes.com/2012/10/aclaris-therapeutics-secures-21m-series-financing.html",
    "source_description": "Aclaris Therapeutics Secures $21M in Series A Financing",
    "raised_amount": 21000000.0,
    "raised_currency_code": "USD",
    "funded_year": 2012,
    "funded_month": 10,
    "funded_day": 24,
    "investments":
     [{"company": null,
       "financial_org":
        {"name": "Vivo Ventures",
         "permalink": "vivo-ventures"},
       "person": null},
      {"company": null,
       "financial_org":
        {"name": "Fidelity Biosciences",
         "permalink": "fidelity-biosciences"},
       "person": null},
      {"company": null,
       "financial_org":
        {"name": "Sofinnova Ventures",
         "permalink": "sofinnova-ventures"},
       "person": null}]}],
 "investments":
  [],
 "acquisition": null,
 "acquisitions":
  [],
 "offices":
  [{"description": "",
    "address1": "101 Lindenwood Drive",
    "address2": "Suite 400",
    "zip_code": "19355",
    "city": "Malvern",
    "state_code": "PA",
    "country_code": "USA",
    "latitude": 40.050105,
    "longitude": -75.527024}],
 "milestones":
  [],
 "ipo": null,
 "video_embeds":
  [],
 "screenshots":
  [{"available_sizes":
     [[[150,
        108],
       "http://api-images.crunchbase.com/assets/images/resized/0021/7162/217162v1-max-150x150.jpg"],
      [[250,
        180],
       "http://api-images.crunchbase.com/assets/images/resized/0021/7162/217162v1-max-250x250.jpg"],
      [[450,
        325],
       "http://api-images.crunchbase.com/assets/images/resized/0021/7162/217162v1-max-450x450.jpg"]],
    "attribution": null}],
 "external_links":
  [],
 "partners":
  []}
