{"name": "ACM Facility Safety",
 "permalink": "acm-facility-safety",
 "crunchbase_url": "http://www.crunchbase.com/company/acm-facility-safety",
 "homepage_url": "http://www.acm.ca",
 "blog_url": "",
 "blog_feed_url": "",
 "twitter_username": null,
 "category_code": "hardware",
 "number_of_employees": null,
 "founded_year": null,
 "founded_month": null,
 "founded_day": null,
 "deadpooled_year": null,
 "deadpooled_month": null,
 "deadpooled_day": null,
 "deadpooled_url": null,
 "tag_list": "",
 "alias_list": null,
 "email_address": "",
 "phone_number": "403.264.9637",
 "description": "Provider of Hazard Analysis",
 "created_at": "Tue Dec 11 08:42:29 UTC 2012",
 "updated_at": "Wed Dec 19 07:19:39 UTC 2012",
 "overview": "\u003Cp\u003EThis is a Company From Canada, which is known to be the canada\u0026#8217;s largest independent provider of safety services offers workshops and courses pertaining to the latest safety methods applicable to all types of business. ACM\u0026#8217;s capabilities include site visits, training, mentoring, HAZOPs, SILs, LOPAs, education, guidance, and on-line web based training programs. This company give importance in understanding client\u0026#8217;s business objectives and identifying the needs, in order that ACM Facility Safety has an accurate results. You can email here for general inquiries:  info@acm.ca or calling by this number 403.264.9637. \u003C/p\u003E",
 "image":
  {"available_sizes":
    [[[150,
       65],
      "http://api-images.crunchbase.com/assets/images/resized/0022/4829/224829v2-max-150x150.png"],
     [[205,
       89],
      "http://api-images.crunchbase.com/assets/images/resized/0022/4829/224829v2-max-250x250.png"],
     [[205,
       89],
      "http://api-images.crunchbase.com/assets/images/resized/0022/4829/224829v2-max-450x450.png"]],
   "attribution": null},
 "products":
  [],
 "relationships":
  [],
 "competitions":
  [],
 "providerships":
  [],
 "total_money_raised": "$0",
 "funding_rounds":
  [],
 "investments":
  [],
 "acquisition": null,
 "acquisitions":
  [],
 "offices":
  [],
 "milestones":
  [],
 "ipo": null,
 "video_embeds":
  [],
 "screenshots":
  [],
 "external_links":
  [],
 "partners":
  []}
