{"name": "Acorn Worldwide",
 "permalink": "acorn-worldwide",
 "crunchbase_url": "http://www.crunchbase.com/company/acorn-worldwide",
 "homepage_url": "http://www.acornworldwide.com",
 "blog_url": "http://www.acornworldwide.com/Our-Blog/Latest.html",
 "blog_feed_url": "http://www.acornworldwide.com/Our-Blog/Latest.html?format=feed\u0026type=rss",
 "twitter_username": "AcornWorldwide",
 "category_code": "other",
 "number_of_employees": null,
 "founded_year": null,
 "founded_month": null,
 "founded_day": null,
 "deadpooled_year": null,
 "deadpooled_month": null,
 "deadpooled_day": null,
 "deadpooled_url": null,
 "tag_list": "moving-and-storage-companies, moving-overseas-shipping, house-removal-companies, house-removals-uk, international-removal-company",
 "alias_list": null,
 "email_address": "info@acornworldwide.com",
 "phone_number": "02084526666",
 "description": "International removal company",
 "created_at": "Mon Oct 15 11:31:06 UTC 2012",
 "updated_at": "Tue Feb 18 12:52:43 UTC 2014",
 "overview": "\u003Cp\u003EAcorn worldwide are one of the UK\u2019s most renowned international moving experts. We have over 20 years of experience of moving thousands of satisfied customers worldwide, you can rest assured with us. \u003C/p\u003E",
 "image":
  {"available_sizes":
    [[[128,
       128],
      "http://api-images.crunchbase.com/assets/images/resized/0021/5556/215556v2-max-150x150.png"],
     [[128,
       128],
      "http://api-images.crunchbase.com/assets/images/resized/0021/5556/215556v2-max-250x250.png"],
     [[128,
       128],
      "http://api-images.crunchbase.com/assets/images/resized/0021/5556/215556v2-max-450x450.png"]],
   "attribution": null},
 "products":
  [],
 "relationships":
  [],
 "competitions":
  [{"competitor":
     {"name": "Pickfords",
      "permalink": "pickfords"}}],
 "providerships":
  [{"title": "",
    "is_past": false,
    "provider":
     {"name": "Professional Packers and Movers",
      "permalink": "professional-packers-and-movers"}}],
 "total_money_raised": "$0",
 "funding_rounds":
  [],
 "investments":
  [],
 "acquisition": null,
 "acquisitions":
  [],
 "offices":
  [],
 "milestones":
  [],
 "ipo": null,
 "video_embeds":
  [],
 "screenshots":
  [{"available_sizes":
     [[[150,
        32],
       "http://api-images.crunchbase.com/assets/images/resized/0021/5555/215555v2-max-150x150.jpg"],
      [[250,
        54],
       "http://api-images.crunchbase.com/assets/images/resized/0021/5555/215555v2-max-250x250.jpg"],
      [[450,
        98],
       "http://api-images.crunchbase.com/assets/images/resized/0021/5555/215555v2-max-450x450.jpg"]],
    "attribution": null}],
 "external_links":
  [{"external_url": "http://www.prhwy.com/news/78170-moving-home-let-acorn-worldwide-take-the-charge.html",
    "title": "Moving home? Let Acorn Worldwide take the charge!"}],
 "partners":
  []}
