{"name": "Acrometis",
 "permalink": "acrometis",
 "crunchbase_url": "http://www.crunchbase.com/company/acrometis",
 "homepage_url": "http://www.acrometis.com",
 "blog_url": "",
 "blog_feed_url": "",
 "twitter_username": "Acrometis",
 "category_code": null,
 "number_of_employees": null,
 "founded_year": null,
 "founded_month": null,
 "founded_day": null,
 "deadpooled_year": null,
 "deadpooled_month": null,
 "deadpooled_day": null,
 "deadpooled_url": null,
 "tag_list": "",
 "alias_list": "",
 "email_address": "info@acrometis.com",
 "phone_number": "855-282-1476",
 "description": "",
 "created_at": "Mon Aug 20 12:53:17 UTC 2012",
 "updated_at": "Mon Aug 20 12:56:16 UTC 2012",
 "overview": "\u003Cp\u003EAcrometis offers the most complete and automated claims processing platform on the market designed specifically for the workers\u2019 compensation industry \u2013 including insurance carriers, brokers, Third Party Administrator\u2019s (TPAs), self-insureds, and claims administrators.\u003C/p\u003E",
 "image":
  {"available_sizes":
    [[[150,
       35],
      "http://api-images.crunchbase.com/assets/images/resized/0020/6960/206960v1-max-150x150.jpg"],
     [[250,
       58],
      "http://api-images.crunchbase.com/assets/images/resized/0020/6960/206960v1-max-250x250.jpg"],
     [[281,
       66],
      "http://api-images.crunchbase.com/assets/images/resized/0020/6960/206960v1-max-450x450.jpg"]],
   "attribution": null},
 "products":
  [],
 "relationships":
  [],
 "competitions":
  [],
 "providerships":
  [],
 "total_money_raised": "$0",
 "funding_rounds":
  [],
 "investments":
  [],
 "acquisition": null,
 "acquisitions":
  [],
 "offices":
  [{"description": "",
    "address1": "400 Chesterfield Parkway, Suite 100",
    "address2": "",
    "zip_code": "19355",
    "city": "Malvern",
    "state_code": "PA",
    "country_code": "USA",
    "latitude": null,
    "longitude": null}],
 "milestones":
  [],
 "ipo": null,
 "video_embeds":
  [],
 "screenshots":
  [{"available_sizes":
     [[[150,
        111],
       "http://api-images.crunchbase.com/assets/images/resized/0020/6961/206961v1-max-150x150.jpg"],
      [[250,
        185],
       "http://api-images.crunchbase.com/assets/images/resized/0020/6961/206961v1-max-250x250.jpg"],
      [[450,
        334],
       "http://api-images.crunchbase.com/assets/images/resized/0020/6961/206961v1-max-450x450.jpg"]],
    "attribution": null}],
 "external_links":
  [],
 "partners":
  []}
