{"name": "Actus Mobile Solutions Ltd.",
 "permalink": "actus-mobile-solutions-ltd",
 "crunchbase_url": "http://www.crunchbase.com/company/actus-mobile-solutions-ltd",
 "homepage_url": "http://www.actusmobile.com",
 "blog_url": "http://www.actusmobile.com/news",
 "blog_feed_url": "",
 "twitter_username": "actusms",
 "category_code": "mobile",
 "number_of_employees": 6,
 "founded_year": 2010,
 "founded_month": 5,
 "founded_day": 14,
 "deadpooled_year": null,
 "deadpooled_month": null,
 "deadpooled_day": null,
 "deadpooled_url": null,
 "tag_list": "mobile, security, mobile-security, m-commerce",
 "alias_list": null,
 "email_address": "tony.burke@actusmobile.com",
 "phone_number": "+35319023966",
 "description": "Securing Global m-Commerce",
 "created_at": "Thu Nov 15 11:41:29 UTC 2012",
 "updated_at": "Tue Jun 25 17:35:35 UTC 2013",
 "overview": "\u003Cp\u003EActus Mobile\u2019s technologies are powering the next generation of easy-to-use, 100% secure mobile applications. Actus Mobile\u2019s proprietary secure transaction platform m:Cypher\u2122, is an enabling technology which is using Four-Factor Authentication (4FA) and Non-Repudiation technologies,  m:Cypher\u2122 enables a range of applications, not just in mobile payments but also involving the secure transfer of any data\u003C/p\u003E",
 "image":
  {"available_sizes":
    [[[150,
       39],
      "http://api-images.crunchbase.com/assets/images/resized/0022/0506/220506v2-max-150x150.jpg"],
     [[250,
       65],
      "http://api-images.crunchbase.com/assets/images/resized/0022/0506/220506v2-max-250x250.jpg"],
     [[450,
       117],
      "http://api-images.crunchbase.com/assets/images/resized/0022/0506/220506v2-max-450x450.jpg"]],
   "attribution": null},
 "products":
  [],
 "relationships":
  [{"is_past": false,
    "title": "CMO \u0026 Co-Founder",
    "person":
     {"first_name": "Tony",
      "last_name": "Burke",
      "permalink": "tony-burke"}}],
 "competitions":
  [],
 "providerships":
  [],
 "total_money_raised": "$0",
 "funding_rounds":
  [],
 "investments":
  [],
 "acquisition": null,
 "acquisitions":
  [],
 "offices":
  [],
 "milestones":
  [],
 "ipo": null,
 "video_embeds":
  [],
 "screenshots":
  [],
 "external_links":
  [],
 "partners":
  []}
