{"name": "ActyWatch",
 "permalink": "actywatch",
 "crunchbase_url": "http://www.crunchbase.com/company/actywatch",
 "homepage_url": "http://www.actywatch.com",
 "blog_url": "",
 "blog_feed_url": "",
 "twitter_username": "actywatch",
 "category_code": "enterprise",
 "number_of_employees": 15,
 "founded_year": 2011,
 "founded_month": null,
 "founded_day": null,
 "deadpooled_year": null,
 "deadpooled_month": null,
 "deadpooled_day": null,
 "deadpooled_url": null,
 "tag_list": "security, hr, analytics",
 "alias_list": null,
 "email_address": "sales@actywatch.com",
 "phone_number": "408.457.0755",
 "description": "monitoring, protection, HRM",
 "created_at": "Mon Oct 01 16:18:50 UTC 2012",
 "updated_at": "Mon Oct 15 18:57:09 UTC 2012",
 "overview": "\u003Cp\u003EActyWatch specializes in cyber-security protection and human resource management for enterprises. Unrelated at first glance, these two areas are about people, their interaction, collaboration, data sharing, and many other processes that take place in the organization. Corporate security and HRM interact and complement each other, providing new capabilities for the business process. \u003C/p\u003E\n\n\u003Cp\u003EOur technologies focus on enterprise employees and internal data usage. ActyWatch agent collects data and events from employees, communications, data migration, and modifications. This data is applied to our BigData and Business Intelligence feature-rich solution for complex data analysis, anomaly and trend detection with an interactive visualization function and an automatic investigation toolset. \u003C/p\u003E",
 "image":
  {"available_sizes":
    [[[150,
       40],
      "http://api-images.crunchbase.com/assets/images/resized/0021/3692/213692v2-max-150x150.png"],
     [[200,
       54],
      "http://api-images.crunchbase.com/assets/images/resized/0021/3692/213692v2-max-250x250.png"],
     [[200,
       54],
      "http://api-images.crunchbase.com/assets/images/resized/0021/3692/213692v2-max-450x450.png"]],
   "attribution": null},
 "products":
  [],
 "relationships":
  [],
 "competitions":
  [],
 "providerships":
  [],
 "total_money_raised": "$0",
 "funding_rounds":
  [],
 "investments":
  [],
 "acquisition": null,
 "acquisitions":
  [],
 "offices":
  [],
 "milestones":
  [],
 "ipo": null,
 "video_embeds":
  [],
 "screenshots":
  [],
 "external_links":
  [],
 "partners":
  []}
