{"name": "Acumen International",
 "permalink": "acumen-international",
 "crunchbase_url": "http://www.crunchbase.com/company/acumen-international",
 "homepage_url": "http://www.acumenintl.com.au",
 "blog_url": "",
 "blog_feed_url": "",
 "twitter_username": null,
 "category_code": "enterprise",
 "number_of_employees": null,
 "founded_year": null,
 "founded_month": null,
 "founded_day": null,
 "deadpooled_year": null,
 "deadpooled_month": null,
 "deadpooled_day": null,
 "deadpooled_url": null,
 "tag_list": "",
 "alias_list": null,
 "email_address": "",
 "phone_number": "",
 "description": "",
 "created_at": "Fri Dec 07 08:37:41 UTC 2012",
 "updated_at": "Mon Dec 17 21:04:16 UTC 2012",
 "overview": "\u003Cp\u003EAcumen International provides corporate and executive leadership and thought training. Acumen International\u2019s team are a combination of trusted corporate business leaders and have a proven track record in successful business intervention. \u003C/p\u003E",
 "image": null,
 "products":
  [],
 "relationships":
  [],
 "competitions":
  [],
 "providerships":
  [],
 "total_money_raised": "$0",
 "funding_rounds":
  [],
 "investments":
  [],
 "acquisition": null,
 "acquisitions":
  [],
 "offices":
  [],
 "milestones":
  [],
 "ipo": null,
 "video_embeds":
  [],
 "screenshots":
  [],
 "external_links":
  [],
 "partners":
  []}
