{"name": "ad:tech",
 "permalink": "ad-tech",
 "crunchbase_url": "http://www.crunchbase.com/company/ad-tech",
 "homepage_url": null,
 "blog_url": null,
 "blog_feed_url": null,
 "twitter_username": null,
 "category_code": null,
 "number_of_employees": null,
 "founded_year": null,
 "founded_month": null,
 "founded_day": null,
 "deadpooled_year": null,
 "deadpooled_month": null,
 "deadpooled_day": null,
 "deadpooled_url": null,
 "tag_list": null,
 "alias_list": null,
 "email_address": null,
 "phone_number": null,
 "description": null,
 "created_at": "Tue Dec 04 20:07:11 UTC 2012",
 "updated_at": "Wed Dec 05 08:05:35 UTC 2012",
 "overview": null,
 "image": null,
 "products":
  [],
 "relationships":
  [{"is_past": false,
    "title": "Board Advisor",
    "person":
     {"first_name": "Andy",
      "last_name": "Donner",
      "permalink": "andy-donner"}},
   {"is_past": true,
    "title": "Sales Manager",
    "person":
     {"first_name": "Matt",
      "last_name": "Giarratano",
      "permalink": "matt-giarratano"}}],
 "competitions":
  [],
 "providerships":
  [],
 "total_money_raised": "$0",
 "funding_rounds":
  [],
 "investments":
  [],
 "acquisition": null,
 "acquisitions":
  [],
 "offices":
  [],
 "milestones":
  [],
 "ipo": null,
 "video_embeds":
  [],
 "screenshots":
  [],
 "external_links":
  [],
 "partners":
  []}
