{"name": "Adamas Network",
 "permalink": "adamas-network",
 "crunchbase_url": "http://www.crunchbase.com/company/adamas-network",
 "homepage_url": null,
 "blog_url": "",
 "blog_feed_url": "",
 "twitter_username": null,
 "category_code": "other",
 "number_of_employees": null,
 "founded_year": 2012,
 "founded_month": null,
 "founded_day": null,
 "deadpooled_year": null,
 "deadpooled_month": null,
 "deadpooled_day": null,
 "deadpooled_url": null,
 "tag_list": "nonprofit, not-for-profit, organization, leadership, founders, entrepreneurs",
 "alias_list": null,
 "email_address": "",
 "phone_number": "",
 "description": "Disrupt From Inside",
 "created_at": "Fri Nov 02 14:12:03 UTC 2012",
 "updated_at": "Thu Jan 10 06:24:35 UTC 2013",
 "overview": "\u003Cp\u003EThe Adamas Network is a not-for-profit organization letting startups pilot their products through short, creative partnerships with corporations.  \u003C/p\u003E",
 "image":
  {"available_sizes":
    [[[150,
       115],
      "http://api-images.crunchbase.com/assets/images/resized/0021/8471/218471v2-max-150x150.jpg"],
     [[250,
       192],
      "http://api-images.crunchbase.com/assets/images/resized/0021/8471/218471v2-max-250x250.jpg"],
     [[450,
       346],
      "http://api-images.crunchbase.com/assets/images/resized/0021/8471/218471v2-max-450x450.jpg"]],
   "attribution": null},
 "products":
  [],
 "relationships":
  [],
 "competitions":
  [],
 "providerships":
  [],
 "total_money_raised": "$0",
 "funding_rounds":
  [],
 "investments":
  [],
 "acquisition": null,
 "acquisitions":
  [],
 "offices":
  [],
 "milestones":
  [],
 "ipo": null,
 "video_embeds":
  [],
 "screenshots":
  [],
 "external_links":
  [],
 "partners":
  []}
