{"name": "AdComply Inc.",
 "permalink": "adcomply-inc",
 "crunchbase_url": "http://www.crunchbase.com/company/adcomply-inc",
 "homepage_url": null,
 "blog_url": null,
 "blog_feed_url": null,
 "twitter_username": null,
 "category_code": null,
 "number_of_employees": null,
 "founded_year": null,
 "founded_month": null,
 "founded_day": null,
 "deadpooled_year": null,
 "deadpooled_month": null,
 "deadpooled_day": null,
 "deadpooled_url": null,
 "tag_list": null,
 "alias_list": null,
 "email_address": null,
 "phone_number": null,
 "description": null,
 "created_at": "Fri Aug 17 18:37:51 UTC 2012",
 "updated_at": "Sat Aug 18 00:23:31 UTC 2012",
 "overview": null,
 "image": null,
 "products":
  [],
 "relationships":
  [{"is_past": false,
    "title": "CEO",
    "person":
     {"first_name": "Kevin",
      "last_name": "Wolski",
      "permalink": "kevin-wolski"}},
   {"is_past": true,
    "title": "Founder",
    "person":
     {"first_name": "Gavin",
      "last_name": "Aitken",
      "permalink": "gavin-aitken"}}],
 "competitions":
  [],
 "providerships":
  [],
 "total_money_raised": "$0",
 "funding_rounds":
  [],
 "investments":
  [],
 "acquisition": null,
 "acquisitions":
  [],
 "offices":
  [],
 "milestones":
  [],
 "ipo": null,
 "video_embeds":
  [],
 "screenshots":
  [],
 "external_links":
  [],
 "partners":
  []}
