{"name": "AdCom Marketing",
 "permalink": "adcom-marketing",
 "crunchbase_url": "http://www.crunchbase.com/company/adcom-marketing",
 "homepage_url": "http://www.adcomkt.com",
 "blog_url": "",
 "blog_feed_url": "",
 "twitter_username": "adcommarketing1",
 "category_code": "advertising",
 "number_of_employees": 4,
 "founded_year": 2011,
 "founded_month": 12,
 "founded_day": 1,
 "deadpooled_year": null,
 "deadpooled_month": null,
 "deadpooled_day": null,
 "deadpooled_url": null,
 "tag_list": "adwords-agency, seo-agency",
 "alias_list": null,
 "email_address": "info@adcomkt.com",
 "phone_number": "+353870632977",
 "description": "AdWords and SEO Agency",
 "created_at": "Fri Sep 28 21:07:57 UTC 2012",
 "updated_at": "Tue Jun 25 09:56:17 UTC 2013",
 "overview": "\u003Cp\u003EAdCom Marketing is an AdWords and SEO agency founded by an Ex-Googler in December 2011.\u003C/p\u003E\n\n\u003Cp\u003EAdCom main markets are the UK, Ireland and Portugal. \u003C/p\u003E",
 "image":
  {"available_sizes":
    [[[150,
       52],
      "http://api-images.crunchbase.com/assets/images/resized/0021/3498/213498v3-max-150x150.jpg"],
     [[167,
       58],
      "http://api-images.crunchbase.com/assets/images/resized/0021/3498/213498v3-max-250x250.jpg"],
     [[167,
       58],
      "http://api-images.crunchbase.com/assets/images/resized/0021/3498/213498v3-max-450x450.jpg"]],
   "attribution": null},
 "products":
  [],
 "relationships":
  [{"is_past": false,
    "title": "Founder \u0026 CEO",
    "person":
     {"first_name": "Pedro",
      "last_name": "Silva",
      "permalink": "pedro-silva"}},
   {"is_past": false,
    "title": "",
    "person":
     {"first_name": "Pedro",
      "last_name": "Canahuati",
      "permalink": "pedro-canahuati"}},
   {"is_past": true,
    "title": "President",
    "person":
     {"first_name": "Richard",
      "last_name": "Humphreys",
      "permalink": "richard-humphreys"}}],
 "competitions":
  [],
 "providerships":
  [],
 "total_money_raised": "$0",
 "funding_rounds":
  [],
 "investments":
  [],
 "acquisition": null,
 "acquisitions":
  [],
 "offices":
  [{"description": "AdCom HQ",
    "address1": "207, The Alliance",
    "address2": "The Gasworks",
    "zip_code": "D4",
    "city": "Dublin",
    "state_code": null,
    "country_code": "IRL",
    "latitude": 53.3415118,
    "longitude": -6.2576417}],
 "milestones":
  [],
 "ipo": null,
 "video_embeds":
  [],
 "screenshots":
  [],
 "external_links":
  [],
 "partners":
  []}
