{"name": "addappt",
 "permalink": "addappt",
 "crunchbase_url": "http://www.crunchbase.com/company/addappt",
 "homepage_url": "http://addappt.com",
 "blog_url": "http://blog.addappt.com/",
 "blog_feed_url": "",
 "twitter_username": "addappt",
 "category_code": "web",
 "number_of_employees": null,
 "founded_year": 2012,
 "founded_month": null,
 "founded_day": null,
 "deadpooled_year": null,
 "deadpooled_month": null,
 "deadpooled_day": null,
 "deadpooled_url": null,
 "tag_list": "",
 "alias_list": "",
 "email_address": "",
 "phone_number": "",
 "description": "Contact Information updated",
 "created_at": "Tue Dec 04 17:44:51 UTC 2012",
 "updated_at": "Wed Apr 10 12:14:36 UTC 2013",
 "overview": "\u003Cp\u003EAddappt allows you to change your contact information once and see it update everywhere - in all your connected friends\u2019 address books.\u003C/p\u003E\n\n\u003Cp\u003EHave up-to-date, rich and complete address book entries automatically on your mobile, desktop, iCloud and all your backups.\u003C/p\u003E\n\n\u003Cp\u003EAll your connected friends\u2019 contact info is always available even if your entire address book gets \u2018lost\u2019. Just open addappt again and accept their pending connections.  \u003C/p\u003E\n\n\u003Cp\u003Eaddappt is private \u2013 there is no \u2018\u2019brand management\u2019.\u2028 There are no updates to your friends who you are connecting with. There are no status updates. There are no updates that you have changed your photo. There are no updates about which of your friends have connected with whom. There are no counts of how many friends, connections, subscribers or followers you have or who they are.   \u003C/p\u003E",
 "image":
  {"available_sizes":
    [[[150,
       36],
      "http://api-images.crunchbase.com/assets/images/resized/0022/3826/223826v2-max-150x150.png"],
     [[250,
       61],
      "http://api-images.crunchbase.com/assets/images/resized/0022/3826/223826v2-max-250x250.png"],
     [[416,
       102],
      "http://api-images.crunchbase.com/assets/images/resized/0022/3826/223826v2-max-450x450.png"]],
   "attribution": null},
 "products":
  [],
 "relationships":
  [],
 "competitions":
  [],
 "providerships":
  [],
 "total_money_raised": "$0",
 "funding_rounds":
  [],
 "investments":
  [],
 "acquisition": null,
 "acquisitions":
  [],
 "offices":
  [],
 "milestones":
  [],
 "ipo": null,
 "video_embeds":
  [],
 "screenshots":
  [{"available_sizes":
     [[[150,
        108],
       "http://api-images.crunchbase.com/assets/images/resized/0022/3825/223825v1-max-150x150.png"],
      [[250,
        181],
       "http://api-images.crunchbase.com/assets/images/resized/0022/3825/223825v1-max-250x250.png"],
      [[450,
        326],
       "http://api-images.crunchbase.com/assets/images/resized/0022/3825/223825v1-max-450x450.png"]],
    "attribution": null}],
 "external_links":
  [],
 "partners":
  []}
