{"name": "Addastaff Consulting Incorporated",
 "permalink": "addastaff-consulting-incorporated",
 "crunchbase_url": "http://www.crunchbase.com/company/addastaff-consulting-incorporated",
 "homepage_url": "http://www.addastaff.com",
 "blog_url": "",
 "blog_feed_url": "",
 "twitter_username": null,
 "category_code": "consulting",
 "number_of_employees": null,
 "founded_year": 2006,
 "founded_month": null,
 "founded_day": null,
 "deadpooled_year": null,
 "deadpooled_month": null,
 "deadpooled_day": null,
 "deadpooled_url": null,
 "tag_list": "staffing-consulting-innovation-development-ios-big-data-cloud-mobile",
 "alias_list": null,
 "email_address": "",
 "phone_number": "650-638-9633",
 "description": "Technical Staffing Innovation Initiative",
 "created_at": "Wed Sep 12 18:06:25 UTC 2012",
 "updated_at": "Tue Sep 18 18:28:43 UTC 2012",
 "overview": "\u003Cp\u003EAddastaff is a San Francisco Bay Area based staffing and consulting firm that can provide you with immediate access to the best resources available.\u003C/p\u003E\n\n\u003Cp\u003EWe specialize in finding talent for innovation initiatives within the enterprise and start ups with traction.  \u003C/p\u003E\n\n\u003Cp\u003EWe have offices in Silicon Valley - San Francisco Bay area and Reston Virgina to service two of the hottest technical talent areas in the US.  \u003C/p\u003E\n\n\u003Cp\u003EOur clients push the limits in cloud, big-data and mobile\nOur core vales are integrity, service and delivery \u003C/p\u003E",
 "image": null,
 "products":
  [],
 "relationships":
  [{"is_past": false,
    "title": "Principal, COO",
    "person":
     {"first_name": "Steven",
      "last_name": "Cass",
      "permalink": "steven-cass"}}],
 "competitions":
  [],
 "providerships":
  [],
 "total_money_raised": "$0",
 "funding_rounds":
  [],
 "investments":
  [],
 "acquisition": null,
 "acquisitions":
  [],
 "offices":
  [{"description": "Headquarters",
    "address1": "",
    "address2": "1777 Borel Place",
    "zip_code": "94402",
    "city": "San Mateo",
    "state_code": "CA",
    "country_code": "USA",
    "latitude": null,
    "longitude": null},
   {"description": "Addastaff VA",
    "address1": "11951 Freedom Dr",
    "address2": "",
    "zip_code": "20190",
    "city": "Reston",
    "state_code": "VA",
    "country_code": "USA",
    "latitude": null,
    "longitude": null}],
 "milestones":
  [],
 "ipo": null,
 "video_embeds":
  [],
 "screenshots":
  [],
 "external_links":
  [],
 "partners":
  []}
