{"name": "adhoclabs",
 "permalink": "adhoclabs",
 "crunchbase_url": "http://www.crunchbase.com/company/adhoclabs",
 "homepage_url": "http://adhoclabs.co",
 "blog_url": "",
 "blog_feed_url": "",
 "twitter_username": "adhoclabs",
 "category_code": "mobile",
 "number_of_employees": null,
 "founded_year": 2012,
 "founded_month": null,
 "founded_day": null,
 "deadpooled_year": null,
 "deadpooled_month": null,
 "deadpooled_day": null,
 "deadpooled_url": null,
 "tag_list": "",
 "alias_list": "",
 "email_address": "",
 "phone_number": "",
 "description": "",
 "created_at": "Thu Oct 18 19:44:38 UTC 2012",
 "updated_at": "Tue Dec 31 16:56:50 UTC 2013",
 "overview": "\u003Cp\u003Eadhoclabs is the developer of the \u003Ca href=\"http://www.crunchbase.com/product/burnerapp\" title=\"burner app\"\u003Eburner app\u003C/a\u003E. \u003C/p\u003E",
 "image":
  {"available_sizes":
    [[[150,
       65],
      "http://api-images.crunchbase.com/assets/images/resized/0021/6232/216232v1-max-150x150.png"],
     [[250,
       109],
      "http://api-images.crunchbase.com/assets/images/resized/0021/6232/216232v1-max-250x250.png"],
     [[253,
       111],
      "http://api-images.crunchbase.com/assets/images/resized/0021/6232/216232v1-max-450x450.png"]],
   "attribution": null},
 "products":
  [{"name": "Burnerapp",
    "permalink": "burnerapp"}],
 "relationships":
  [],
 "competitions":
  [],
 "providerships":
  [],
 "total_money_raised": "$2M",
 "funding_rounds":
  [{"id": 50174,
    "round_code": "unattributed",
    "source_url": "http://launch.co/story/adhoclabs-receives-2m-a-led-by-fcollective-venrock-existing-investors-500startups",
    "source_description": "",
    "raised_amount": 2000000.0,
    "raised_currency_code": "USD",
    "funded_year": 2013,
    "funded_month": 9,
    "funded_day": 26,
    "investments":
     [{"company": null,
       "financial_org":
        {"name": "Venrock",
         "permalink": "venrock"},
       "person": null},
      {"company": null,
       "financial_org":
        {"name": "500startups",
         "permalink": "500startups-deleted"},
       "person": null},
      {"company": null,
       "financial_org": null,
       "person":
        {"first_name": "David",
         "last_name": "Cohen",
         "permalink": "david-cohen"}}]}],
 "investments":
  [],
 "acquisition": null,
 "acquisitions":
  [],
 "offices":
  [{"description": "",
    "address1": "2898 Rowena Avenue",
    "address2": "Suite 100",
    "zip_code": "90027",
    "city": "Los Angeles",
    "state_code": "CA",
    "country_code": "USA",
    "latitude": null,
    "longitude": null}],
 "milestones":
  [],
 "ipo": null,
 "video_embeds":
  [],
 "screenshots":
  [],
 "external_links":
  [{"external_url": "http://www.facebook.com/AdHocLabs",
    "title": "Facebook Page"}],
 "partners":
  []}
