{"name": "Adictiz",
 "permalink": "adictiz",
 "crunchbase_url": "http://www.crunchbase.com/company/adictiz",
 "homepage_url": "http://www.adictiz.com",
 "blog_url": "http://www.adictiz.com/jeux-blog",
 "blog_feed_url": "",
 "twitter_username": "Adictiz",
 "category_code": "games_video",
 "number_of_employees": 38,
 "founded_year": 2009,
 "founded_month": null,
 "founded_day": null,
 "deadpooled_year": null,
 "deadpooled_month": null,
 "deadpooled_day": null,
 "deadpooled_url": null,
 "tag_list": "facebook, social-mobile-gaming, advergaming, space-dog, what-a-stupid-pigeon, charles-christory",
 "alias_list": null,
 "email_address": "contact@adictiz.com",
 "phone_number": "",
 "description": "Social and Mobile gaming specialist",
 "created_at": "Wed Nov 14 13:15:38 UTC 2012",
 "updated_at": "Wed Dec 12 07:43:00 UTC 2012",
 "overview": "\u003Cp\u003EAdictiz, a French company founded in 2009 by Charles Christory, develops and publishes social games for the web and mobile phones.\u003C/p\u003E\n\n\u003Cp\u003EWith successful brands including \u201cSpace Dog\u201d and \u201cWhat a Stupid Pigeon\u201d, which attract close to 2.5 million players every month, Adictiz has established itself as an expert player in social and mobile gaming.\nBased at the EuraTechnologies economic excellence hub in Lille, which is dedicated to serving information and communication technology companies, Adictiz set up Adictiz Studio in late 2011, which specialises in the creation of customised social games for brands. Adictiz Studio was recently selected by Facebook as a PMD (Preferred Marketing Developer). \u003C/p\u003E",
 "image":
  {"available_sizes":
    [[[150,
       52],
      "http://api-images.crunchbase.com/assets/images/resized/0022/0356/220356v2-max-150x150.png"],
     [[250,
       88],
      "http://api-images.crunchbase.com/assets/images/resized/0022/0356/220356v2-max-250x250.png"],
     [[450,
       158],
      "http://api-images.crunchbase.com/assets/images/resized/0022/0356/220356v2-max-450x450.png"]],
   "attribution": null},
 "products":
  [],
 "relationships":
  [{"is_past": false,
    "title": "CEO and Founder",
    "person":
     {"first_name": "Charles",
      "last_name": "Christory",
      "permalink": "charles-christory"}},
   {"is_past": false,
    "title": "Director of Business Development",
    "person":
     {"first_name": "Alexis",
      "last_name": "de Charentenay",
      "permalink": "alexis-de-charentenay"}},
   {"is_past": false,
    "title": "Adictiz Studio Manager",
    "person":
     {"first_name": "Guillaume",
      "last_name": "Dietrich",
      "permalink": "guillaume-dietrich"}}],
 "competitions":
  [],
 "providerships":
  [],
 "total_money_raised": "\u20ac2M",
 "funding_rounds":
  [{"id": 33728,
    "round_code": "private_equity",
    "source_url": "http://thenextweb.com/eu/2012/11/14/adictiz-funding/?fromcat=all",
    "source_description": "French Web/ mobile games start-up Adictiz lands $2.5m to expand and play the global market",
    "raised_amount": 2000000.0,
    "raised_currency_code": "EUR",
    "funded_year": 2012,
    "funded_month": 11,
    "funded_day": 13,
    "investments":
     [{"company": null,
       "financial_org":
        {"name": "Omnes Capital",
         "permalink": "omnes-capital"},
       "person": null}]}],
 "investments":
  [],
 "acquisition": null,
 "acquisitions":
  [],
 "offices":
  [{"description": "French Office",
    "address1": "165 avenue de Bretagne",
    "address2": "",
    "zip_code": "59000",
    "city": "Lille",
    "state_code": null,
    "country_code": "FRA",
    "latitude": 50.633555,
    "longitude": 3.021425}],
 "milestones":
  [],
 "ipo": null,
 "video_embeds":
  [],
 "screenshots":
  [{"available_sizes":
     [[[150,
        100],
       "http://api-images.crunchbase.com/assets/images/resized/0022/0354/220354v2-max-150x150.png"],
      [[247,
        165],
       "http://api-images.crunchbase.com/assets/images/resized/0022/0354/220354v2-max-250x250.png"],
      [[247,
        165],
       "http://api-images.crunchbase.com/assets/images/resized/0022/0354/220354v2-max-450x450.png"]],
    "attribution": null}],
 "external_links":
  [{"external_url": "http://www.rudebaguette.com/2012/08/30/boostrapping-the-steady-strategy-of-adictiz/",
    "title": ""},
   {"external_url": "http://www.lesechos.fr/entreprises-secteurs/tech-medias/actu/0202379378312-une-levee-de-fonds-pour-paf-le-chien-510021.php",
    "title": ""}],
 "partners":
  []}
