{"name": "Adinch Inc",
 "permalink": "adinch",
 "crunchbase_url": "http://www.crunchbase.com/company/adinch",
 "homepage_url": "http://www.adinch.com",
 "blog_url": "",
 "blog_feed_url": "",
 "twitter_username": "adinchcom",
 "category_code": "advertising",
 "number_of_employees": 50,
 "founded_year": 2012,
 "founded_month": 6,
 "founded_day": 5,
 "deadpooled_year": null,
 "deadpooled_month": null,
 "deadpooled_day": null,
 "deadpooled_url": null,
 "tag_list": "mobile, advertising, network",
 "alias_list": null,
 "email_address": "support@adinch.com",
 "phone_number": "+14158004475",
 "description": "DSP and Trading Desk platform",
 "created_at": "Mon Dec 10 09:51:53 UTC 2012",
 "updated_at": "Tue Feb 04 04:05:59 UTC 2014",
 "overview": "\u003Cp\u003EAdinch.com is a universal self-service mobile advertising platform. We\u0026#8217;ll show your ad to millions of users of smartphones and tablets in mobile applications and mobile websites. You can choose the audience by country, city, operating system, device type, operator, days of the week and time of the day.\u003C/p\u003E\n\n\u003Cp\u003EWe are providing you an opportunity to earn money by displaying advertising in mobile applications for Android and iOS, and on mobile sites. Thousands of advertisers from all over the world will pay for banner clicks of your users. Cash for each click will instantly come to your cash balance. You can set the minimum cost per click and the duration of a banner impression.\u003C/p\u003E",
 "image":
  {"available_sizes":
    [[[100,
       65],
      "http://api-images.crunchbase.com/assets/images/resized/0022/4618/224618v2-max-150x150.png"],
     [[100,
       65],
      "http://api-images.crunchbase.com/assets/images/resized/0022/4618/224618v2-max-250x250.png"],
     [[100,
       65],
      "http://api-images.crunchbase.com/assets/images/resized/0022/4618/224618v2-max-450x450.png"]],
   "attribution": null},
 "products":
  [],
 "relationships":
  [{"is_past": false,
    "title": "CEO",
    "person":
     {"first_name": "Alexey",
      "last_name": "Semakin",
      "permalink": "alexey-semakin"}},
   {"is_past": false,
    "title": "CTO",
    "person":
     {"first_name": "Andrey",
      "last_name": "Semakin",
      "permalink": "andrey-semakin"}}],
 "competitions":
  [],
 "providerships":
  [],
 "total_money_raised": "$1M",
 "funding_rounds":
  [{"id": 52370,
    "round_code": "unattributed",
    "source_url": "http://goaleurope.com/2013/02/26/russian-tmt-investments-backs-mobile-advertisement-startup-adinch-with-1-million/",
    "source_description": "Russian TMT Investments backs mobile advertisement startup Adinch with $1 million",
    "raised_amount": 1000000.0,
    "raised_currency_code": "USD",
    "funded_year": 2013,
    "funded_month": 2,
    "funded_day": 26,
    "investments":
     [{"company": null,
       "financial_org":
        {"name": "TMT Investments Plc",
         "permalink": "tmt-investments-plc-deleted"},
       "person": null}]}],
 "investments":
  [],
 "acquisition": null,
 "acquisitions":
  [],
 "offices":
  [{"description": "San Francisco",
    "address1": "2670 Leavenworth Street",
    "address2": "Suite E",
    "zip_code": "94133",
    "city": "San Francisco",
    "state_code": "CA",
    "country_code": "USA",
    "latitude": null,
    "longitude": null}],
 "milestones":
  [{"id": 32068,
    "description": "Russian Partnership Sees TMT Investing $1M in Mobile Ad Platform Adinch",
    "stoned_year": 2013,
    "stoned_month": 3,
    "stoned_day": 26,
    "source_url": "http://invest-iq.net/2013/03/tmt-adinch-investment/",
    "source_text": null,
    "source_description": "Russian Partnership Sees TMT Investing $1M in Mobile Ad Platform Adinch",
    "stoneable_type": "Company",
    "stoned_value": null,
    "stoned_value_type": null,
    "stoned_acquirer": null,
    "stoneable":
     {"name": "Adinch Inc",
      "permalink": "adinch"}}],
 "ipo": null,
 "video_embeds":
  [],
 "screenshots":
  [],
 "external_links":
  [],
 "partners":
  []}
