{"name": "Aditya Trading Solutions Pvt. Ltd",
 "permalink": "aditya-trading-solutions-pvt-ltd",
 "crunchbase_url": "http://www.crunchbase.com/company/aditya-trading-solutions-pvt-ltd",
 "homepage_url": "http://www.adityatrading.in",
 "blog_url": "",
 "blog_feed_url": "",
 "twitter_username": "atsinvestments",
 "category_code": "other",
 "number_of_employees": 150,
 "founded_year": 2004,
 "founded_month": 1,
 "founded_day": 5,
 "deadpooled_year": null,
 "deadpooled_month": null,
 "deadpooled_day": null,
 "deadpooled_url": null,
 "tag_list": "ats, stock-trading, share-brokers, broking-house, online-trading, commodity-brokers, commodity-trading, online-share-brokers, online-share-broking, online-commodity-trading, commodity-trading-in-india, biggest-equity-broker-in-india, low-brokerage-charges",
 "alias_list": null,
 "email_address": "prabu@adityatrading.com",
 "phone_number": "9842233554",
 "description": "",
 "created_at": "Fri Oct 19 06:15:30 UTC 2012",
 "updated_at": "Tue Nov 05 10:29:10 UTC 2013",
 "overview": "\u003Cp\u003EBiggest Equity Broker in India- Aditya Trading Solutions (ATS) is a Biggest Online Commodity Trading in India offers Online Trading, Commodity Trading, Share Trading, Online Share broking, Stock Trading and Online Commodity Trading at low Brokerage Charges in Chennai, India.  ATS is well known brand and Broking House in online Trading Solutions, Investment \u0026amp; Risk Management solutions, Daily Research Reports, Expert Consultation, SMS Alerts and Trading Calls\u003C/p\u003E",
 "image":
  {"available_sizes":
    [[[150,
       88],
      "http://api-images.crunchbase.com/assets/images/resized/0021/6279/216279v2-max-150x150.png"],
     [[194,
       115],
      "http://api-images.crunchbase.com/assets/images/resized/0021/6279/216279v2-max-250x250.png"],
     [[194,
       115],
      "http://api-images.crunchbase.com/assets/images/resized/0021/6279/216279v2-max-450x450.png"]],
   "attribution": null},
 "products":
  [],
 "relationships":
  [],
 "competitions":
  [],
 "providerships":
  [],
 "total_money_raised": "$0",
 "funding_rounds":
  [],
 "investments":
  [],
 "acquisition": null,
 "acquisitions":
  [],
 "offices":
  [],
 "milestones":
  [],
 "ipo": null,
 "video_embeds":
  [],
 "screenshots":
  [],
 "external_links":
  [],
 "partners":
  []}
