{"name": "adklip",
 "permalink": "adklip",
 "crunchbase_url": "http://www.crunchbase.com/company/adklip",
 "homepage_url": "http://adklip.com",
 "blog_url": "",
 "blog_feed_url": "",
 "twitter_username": null,
 "category_code": "advertising",
 "number_of_employees": 3,
 "founded_year": 2012,
 "founded_month": 11,
 "founded_day": 24,
 "deadpooled_year": null,
 "deadpooled_month": null,
 "deadpooled_day": null,
 "deadpooled_url": null,
 "tag_list": "advertising, ad-network",
 "alias_list": null,
 "email_address": "support@adklip.com",
 "phone_number": "917-740-3855",
 "description": "video advertising network",
 "created_at": "Sat Nov 24 21:57:48 UTC 2012",
 "updated_at": "Mon Nov 26 02:55:11 UTC 2012",
 "overview": "\u003Cp\u003Eadklip is a video advertising network for publishers who don\u0026#8217;t produce video content. It allows small to mid-sized publishers monetize their editorial content with high paying pre-roll.\u003C/p\u003E\n\n\u003Cp\u003EUsing a unique video overlay, adklip enables publishers to attract high paying video advertisers even though they don\u0026#8217;t have the resources to produce video content.\u003C/p\u003E\n\n\u003Cp\u003EThis site was launched in November of 2012.\u003C/p\u003E",
 "image":
  {"available_sizes":
    [[[150,
       64],
      "http://api-images.crunchbase.com/assets/images/resized/0022/2025/222025v2-max-150x150.png"],
     [[225,
       97],
      "http://api-images.crunchbase.com/assets/images/resized/0022/2025/222025v2-max-250x250.png"],
     [[225,
       97],
      "http://api-images.crunchbase.com/assets/images/resized/0022/2025/222025v2-max-450x450.png"]],
   "attribution": null},
 "products":
  [],
 "relationships":
  [],
 "competitions":
  [],
 "providerships":
  [],
 "total_money_raised": "$0",
 "funding_rounds":
  [],
 "investments":
  [],
 "acquisition": null,
 "acquisitions":
  [],
 "offices":
  [],
 "milestones":
  [],
 "ipo": null,
 "video_embeds":
  [],
 "screenshots":
  [{"available_sizes":
     [[[150,
        82],
       "http://api-images.crunchbase.com/assets/images/resized/0022/2024/222024v2-max-150x150.png"],
      [[250,
        136],
       "http://api-images.crunchbase.com/assets/images/resized/0022/2024/222024v2-max-250x250.png"],
      [[450,
        246],
       "http://api-images.crunchbase.com/assets/images/resized/0022/2024/222024v2-max-450x450.png"]],
    "attribution": null}],
 "external_links":
  [],
 "partners":
  []}
