{"name": "AdLift",
 "permalink": "adlift",
 "crunchbase_url": "http://www.crunchbase.com/company/adlift",
 "homepage_url": "http://www.adlift.com",
 "blog_url": "",
 "blog_feed_url": "",
 "twitter_username": "adlift",
 "category_code": "search",
 "number_of_employees": 30,
 "founded_year": 2009,
 "founded_month": null,
 "founded_day": null,
 "deadpooled_year": null,
 "deadpooled_month": null,
 "deadpooled_day": null,
 "deadpooled_url": null,
 "tag_list": "seo, sem, ppc, link-building, content-management",
 "alias_list": null,
 "email_address": "prashant@adlift.com",
 "phone_number": "6504334171",
 "description": "Search Marketing Strategy",
 "created_at": "Tue Sep 11 17:39:47 UTC 2012",
 "updated_at": "Tue Oct 02 15:23:19 UTC 2012",
 "overview": "\u003Cp\u003EAt AdLift, our mission is to provide our clients with individualized, expert SEO solutions that drive ROI. Our team brings with it a rich and diverse background in internet marketing, sales, and management, and years of experience as leaders in the search engine marketing, display advertising, and search engine optimization space.\u003C/p\u003E",
 "image":
  {"available_sizes":
    [[[150,
       67],
      "http://api-images.crunchbase.com/assets/images/resized/0021/1893/211893v2-max-150x150.png"],
     [[200,
       90],
      "http://api-images.crunchbase.com/assets/images/resized/0021/1893/211893v2-max-250x250.png"],
     [[200,
       90],
      "http://api-images.crunchbase.com/assets/images/resized/0021/1893/211893v2-max-450x450.png"]],
   "attribution": null},
 "products":
  [],
 "relationships":
  [{"is_past": false,
    "title": "Co-Founder and Director",
    "person":
     {"first_name": "Vivek",
      "last_name": "Pahwa",
      "permalink": "vivek-pahwa-4"}},
   {"is_past": false,
    "title": "CEO and Co-Founder",
    "person":
     {"first_name": "Prashant",
      "last_name": "Puri",
      "permalink": "prashant-puri-2"}},
   {"is_past": false,
    "title": "Asst. Vice President, Internet Marketing",
    "person":
     {"first_name": "Amarjeet",
      "last_name": "Sharma",
      "permalink": "amarjeet-sharma"}},
   {"is_past": false,
    "title": "Director, Business Development",
    "person":
     {"first_name": "Johnny",
      "last_name": "Shami",
      "permalink": "johnny-shami"}},
   {"is_past": false,
    "title": "Account Manager",
    "person":
     {"first_name": "Rekha",
      "last_name": "Srivatsan",
      "permalink": "rekha-srivatsan"}},
   {"is_past": false,
    "title": "Account Manager",
    "person":
     {"first_name": "Joseph",
      "last_name": "Lei",
      "permalink": "joseph-lei"}},
   {"is_past": true,
    "title": "Assistant Vice President",
    "person":
     {"first_name": "Amarjeet",
      "last_name": "Sharma",
      "permalink": "amarjeet-sharma-2"}}],
 "competitions":
  [],
 "providerships":
  [],
 "total_money_raised": "$0",
 "funding_rounds":
  [],
 "investments":
  [],
 "acquisition": null,
 "acquisitions":
  [],
 "offices":
  [{"description": "US Office",
    "address1": "4151 Middlefield Road",
    "address2": "",
    "zip_code": "94303",
    "city": "Palo Alto",
    "state_code": "CA",
    "country_code": "USA",
    "latitude": null,
    "longitude": null},
   {"description": "India Office",
    "address1": "Sector 18",
    "address2": "Udyog Vihar",
    "zip_code": "122016",
    "city": "Gurgaon",
    "state_code": null,
    "country_code": "IND",
    "latitude": null,
    "longitude": null}],
 "milestones":
  [],
 "ipo": null,
 "video_embeds":
  [],
 "screenshots":
  [],
 "external_links":
  [{"external_url": "http://www.adlift.com",
    "title": "Homepage"}],
 "partners":
  []}
