{"name": "AdMobius",
 "permalink": "admobius",
 "crunchbase_url": "http://www.crunchbase.com/company/admobius",
 "homepage_url": "http://www.admobius.com",
 "blog_url": "",
 "blog_feed_url": "",
 "twitter_username": "AdMobius",
 "category_code": "advertising",
 "number_of_employees": 15,
 "founded_year": 2011,
 "founded_month": 7,
 "founded_day": null,
 "deadpooled_year": null,
 "deadpooled_month": null,
 "deadpooled_day": null,
 "deadpooled_url": null,
 "tag_list": "mobile-advertising, advertising-tech, audience-targeting",
 "alias_list": null,
 "email_address": "",
 "phone_number": "",
 "description": "Mobile Audience Management",
 "created_at": "Mon Sep 24 23:47:42 UTC 2012",
 "updated_at": "Tue Mar 18 17:11:05 UTC 2014",
 "overview": "\u003Cp\u003EAdMobius created the industry\u0026#8217;s first mobile Audience Management Platform and enables publishers and advertisers to discover and target relevant audiences at scale. By organizing and interpreting unique demographic and interest based information AdMobius unlocks the rich value of mobile data. Based in San Mateo, Calif., AdMobius has strong partnerships with mobile advertising technology companies to improve the performance and reach of mobile ad campaigns.\u003C/p\u003E",
 "image":
  {"available_sizes":
    [[[150,
       43],
      "http://api-images.crunchbase.com/assets/images/resized/0021/2850/212850v1-max-150x150.png"],
     [[250,
       72],
      "http://api-images.crunchbase.com/assets/images/resized/0021/2850/212850v1-max-250x250.png"],
     [[299,
       87],
      "http://api-images.crunchbase.com/assets/images/resized/0021/2850/212850v1-max-450x450.png"]],
   "attribution": null},
 "products":
  [],
 "relationships":
  [{"is_past": false,
    "title": "Founder and Chief Technology Officer",
    "person":
     {"first_name": "Ray",
      "last_name": "Duong",
      "permalink": "ray-duong"}},
   {"is_past": false,
    "title": "Founder and Chief Product Officer",
    "person":
     {"first_name": "Dan",
      "last_name": "Grigorovici",
      "permalink": "dan-grigorovici"}},
   {"is_past": false,
    "title": "Chief Executive Officer",
    "person":
     {"first_name": "Peter J.",
      "last_name": "Bassett",
      "permalink": "peter-j-bassett"}},
   {"is_past": false,
    "title": "Founder and Chief Scientist",
    "person":
     {"first_name": "Omar",
      "last_name": "Abdala",
      "permalink": "omar-abdala"}},
   {"is_past": false,
    "title": "Vice President",
    "person":
     {"first_name": "Mike",
      "last_name": "Coppola",
      "permalink": "mike-coppola"}},
   {"is_past": false,
    "title": "Board Member/Investor",
    "person":
     {"first_name": "Sanjay",
      "last_name": "Subhedar",
      "permalink": "sanjay-subhedar"}},
   {"is_past": true,
    "title": "Vice President Product",
    "person":
     {"first_name": "Melissa",
      "last_name": "Stein",
      "permalink": "melissa-stein"}},
   {"is_past": true,
    "title": "",
    "person":
     {"first_name": "Greg",
      "last_name": "Tarr",
      "permalink": "greg-tarr"}},
   {"is_past": true,
    "title": "Senior Software Engineer",
    "person":
     {"first_name": "Peter",
      "last_name": "Sankauskas",
      "permalink": "peter-sankauskas"}}],
 "competitions":
  [],
 "providerships":
  [],
 "total_money_raised": "$5M",
 "funding_rounds":
  [{"id": 32824,
    "round_code": "a",
    "source_url": "http://techcrunch.com/2012/09/24/admobius-launch-series-a/",
    "source_description": "iAd Alums Launch Mobile Audience-Targeting Startup AdMobius, Raise $5M",
    "raised_amount": 5000000.0,
    "raised_currency_code": "USD",
    "funded_year": 2012,
    "funded_month": 9,
    "funded_day": 30,
    "investments":
     [{"company": null,
       "financial_org":
        {"name": "Opus Capital",
         "permalink": "opus-capital"},
       "person": null},
      {"company": null,
       "financial_org":
        {"name": "Storm Ventures",
         "permalink": "storm-ventures"},
       "person": null}]}],
 "investments":
  [],
 "acquisition":
  {"price_amount": null,
   "price_currency_code": "USD",
   "term_code": null,
   "source_url": "http://techcrunch.com/2014/03/18/lotame-acquires-admobius/",
   "source_description": "Lotame Acquires Mobile Ad Targeting Startup AdMobius",
   "acquired_year": 2014,
   "acquired_month": 3,
   "acquired_day": 18,
   "acquiring_company":
    {"name": "Lotame",
     "permalink": "lotame"}},
 "acquisitions":
  [],
 "offices":
  [{"description": "Headquarters",
    "address1": "181 2nd Avenue",
    "address2": "Suite 300",
    "zip_code": "94401",
    "city": "San Mateo",
    "state_code": "CA",
    "country_code": "USA",
    "latitude": null,
    "longitude": null}],
 "milestones":
  [],
 "ipo": null,
 "video_embeds":
  [],
 "screenshots":
  [],
 "external_links":
  [{"external_url": "http://www.adotas.com/2013/06/the-7-reasons-mobile-needs-to-earn-its-place/",
    "title": "The 7 Reasons Mobile Needs To Earn Its Place"},
   {"external_url": "http://wallstcheatsheet.com/stocks/will-apple-make-a-new-push-into-mobile-advertising.html/",
    "title": "Will Apple Make a New Push Into Mobile Advertising?"},
   {"external_url": "http://www.businessweek.com/articles/2013-03-05/why-mobile-apps-privacy-policies-are-so-important",
    "title": "Why Mobile Apps\u2019 Privacy Policies Are So Important"},
   {"external_url": "http://www.marketwired.com/press-release/apps-and-ads-to-take-center-stage-at-mobile-media-summit-san-francisco-2013-1743934.htm",
    "title": "Apps and Ads to Take Center Stage at Mobile Media Summit San Francisco 2013"}],
 "partners":
  []}
