{"name": "Adscend Media",
 "permalink": "adscend-media",
 "crunchbase_url": "http://www.crunchbase.com/company/adscend-media",
 "homepage_url": "http://www.adscendmedia.com",
 "blog_url": "",
 "blog_feed_url": "",
 "twitter_username": "Adscend",
 "category_code": "advertising",
 "number_of_employees": 10,
 "founded_year": 2009,
 "founded_month": 1,
 "founded_day": null,
 "deadpooled_year": null,
 "deadpooled_month": null,
 "deadpooled_day": null,
 "deadpooled_url": null,
 "tag_list": "digital-content-monetization, cpa-network, cpa-affiliate-network, ad-network, content-locking, content-gateway",
 "alias_list": null,
 "email_address": "support@adscendmedia.com",
 "phone_number": "",
 "description": "Innovative Content Monetization Solution",
 "created_at": "Fri Sep 07 19:46:41 UTC 2012",
 "updated_at": "Mon Oct 08 09:39:30 UTC 2012",
 "overview": "\u003Cp\u003EAdscend Media is a pay-for-performance ad network that provides publishers with innovative content monetization solutions, to maximize revenues generated from their valuable premium content. Advertisers are able to buy inventory on our high-engagement advertising solutions on a pay-for-performance basis.\u003C/p\u003E",
 "image":
  {"available_sizes":
    [[[150,
       26],
      "http://api-images.crunchbase.com/assets/images/resized/0021/0354/210354v2-max-150x150.png"],
     [[250,
       44],
      "http://api-images.crunchbase.com/assets/images/resized/0021/0354/210354v2-max-250x250.png"],
     [[304,
       54],
      "http://api-images.crunchbase.com/assets/images/resized/0021/0354/210354v2-max-450x450.png"]],
   "attribution": null},
 "products":
  [],
 "relationships":
  [{"is_past": false,
    "title": "Co-Founder \u0026 CEO",
    "person":
     {"first_name": "Fehzan",
      "last_name": "Ali",
      "permalink": "fehzan-ali"}},
   {"is_past": false,
    "title": "Co-Founder \u0026 CTO",
    "person":
     {"first_name": "Jeremy",
      "last_name": "Bash",
      "permalink": "jeremy-bash"}}],
 "competitions":
  [],
 "providerships":
  [],
 "total_money_raised": "$0",
 "funding_rounds":
  [],
 "investments":
  [],
 "acquisition": null,
 "acquisitions":
  [],
 "offices":
  [{"description": "",
    "address1": "",
    "address2": "",
    "zip_code": "",
    "city": "Dallas",
    "state_code": "TX",
    "country_code": "USA",
    "latitude": null,
    "longitude": null}],
 "milestones":
  [],
 "ipo": null,
 "video_embeds":
  [],
 "screenshots":
  [],
 "external_links":
  [{"external_url": "http://mthink.com/bluebook/top20/cpa",
    "title": "Rated #7 in mThink Blue Book Top 20 CPA Networks list"}],
 "partners":
  []}
