{"name": "Adspire",
 "permalink": "adspire",
 "crunchbase_url": "http://www.crunchbase.com/company/adspire",
 "homepage_url": "http://adspire.dk",
 "blog_url": "",
 "blog_feed_url": "",
 "twitter_username": null,
 "category_code": "enterprise",
 "number_of_employees": null,
 "founded_year": null,
 "founded_month": null,
 "founded_day": null,
 "deadpooled_year": null,
 "deadpooled_month": null,
 "deadpooled_day": null,
 "deadpooled_url": null,
 "tag_list": "",
 "alias_list": null,
 "email_address": "",
 "phone_number": "",
 "description": "Enterprise online marketing",
 "created_at": "Sun Oct 28 13:38:33 UTC 2012",
 "updated_at": "Wed Dec 12 07:24:23 UTC 2012",
 "overview": "\u003Cp\u003EAdspire is a Danish-based online marketing company.\u003C/p\u003E",
 "image":
  {"available_sizes":
    [[[150,
       123],
      "http://api-images.crunchbase.com/assets/images/resized/0021/7577/217577v2-max-150x150.jpg"],
     [[250,
       206],
      "http://api-images.crunchbase.com/assets/images/resized/0021/7577/217577v2-max-250x250.jpg"],
     [[298,
       246],
      "http://api-images.crunchbase.com/assets/images/resized/0021/7577/217577v2-max-450x450.jpg"]],
   "attribution": null},
 "products":
  [],
 "relationships":
  [],
 "competitions":
  [],
 "providerships":
  [],
 "total_money_raised": "$0",
 "funding_rounds":
  [],
 "investments":
  [],
 "acquisition": null,
 "acquisitions":
  [],
 "offices":
  [{"description": "",
    "address1": "N\u00f8rrebrogade 110",
    "address2": "",
    "zip_code": "2200",
    "city": "Copenhagen",
    "state_code": null,
    "country_code": "DNK",
    "latitude": 55.693455,
    "longitude": 12.5504265}],
 "milestones":
  [],
 "ipo": null,
 "video_embeds":
  [],
 "screenshots":
  [],
 "external_links":
  [],
 "partners":
  []}
