{"name": "adtriboo",
 "permalink": "adtriboo",
 "crunchbase_url": "http://www.crunchbase.com/company/adtriboo",
 "homepage_url": "http://www.adtriboo.com",
 "blog_url": "",
 "blog_feed_url": "",
 "twitter_username": "adtriboo",
 "category_code": "enterprise",
 "number_of_employees": 9,
 "founded_year": 2011,
 "founded_month": 9,
 "founded_day": 1,
 "deadpooled_year": null,
 "deadpooled_month": null,
 "deadpooled_day": null,
 "deadpooled_url": null,
 "tag_list": "crowdsourcing, creative, videos, design, logos, professionals, jingles, app-designs, ideas, video-spots, package-design, company, start-ups, website",
 "alias_list": null,
 "email_address": "info@adtriboo.com",
 "phone_number": "0034 915735415",
 "description": "Freelancer and crowdsourcing platform",
 "created_at": "Tue Oct 16 10:51:29 UTC 2012",
 "updated_at": "Fri Jan 10 08:57:55 UTC 2014",
 "overview": "\u003Cp\u003EAdtriboo is a freelancer services and crowdsourcing contests platform with over 125,000 professionals that deliver videos, designs, ideas and creativity for big companies, SMEs, agencies and start-ups. Requested projects are viral videos, video spots, logo design, brochure design, website design, package design, sound resources, jingles, app designs, naming, event ideas and so much more. \u003C/p\u003E\n\n\u003Cp\u003EClients seeking fast, easy and affordable creativity post their requirements for creative projects, set their preferred remuneration and finally set the deadline. Hundreds of proposals pour in for creative projects providing a wide variety to choose from within budget constraints. \u003C/p\u003E",
 "image":
  {"available_sizes":
    [[[150,
       50],
      "http://api-images.crunchbase.com/assets/images/resized/0021/6950/216950v2-max-150x150.jpg"],
     [[200,
       67],
      "http://api-images.crunchbase.com/assets/images/resized/0021/6950/216950v2-max-250x250.jpg"],
     [[200,
       67],
      "http://api-images.crunchbase.com/assets/images/resized/0021/6950/216950v2-max-450x450.jpg"]],
   "attribution": null},
 "products":
  [{"name": "Creative Logos",
    "permalink": "creative-logos"},
   {"name": "Video Making",
    "permalink": "video-making"},
   {"name": "Package/Label Design",
    "permalink": "package-label-design"},
   {"name": "Catalog Design",
    "permalink": "catalog-design"},
   {"name": "Creative Audio",
    "permalink": "creative-audio"},
   {"name": "Website Design Templates",
    "permalink": "website-design-templates"},
   {"name": "Event Ideas",
    "permalink": "event-ideas"}],
 "relationships":
  [{"is_past": false,
    "title": "CEO",
    "person":
     {"first_name": "Jaime",
      "last_name": "Sanmartin",
      "permalink": "jaime-sanmartin"}},
   {"is_past": false,
    "title": "CTO",
    "person":
     {"first_name": "David",
      "last_name": "Lastra",
      "permalink": "david-lastra"}}],
 "competitions":
  [],
 "providerships":
  [],
 "total_money_raised": "$0",
 "funding_rounds":
  [],
 "investments":
  [],
 "acquisition": null,
 "acquisitions":
  [],
 "offices":
  [{"description": "Madrid Office",
    "address1": "Avda Manoteras 38",
    "address2": "D 606",
    "zip_code": "28050",
    "city": "Madrid",
    "state_code": null,
    "country_code": "ESP",
    "latitude": 40.4866892,
    "longitude": -3.6652299}],
 "milestones":
  [],
 "ipo": null,
 "video_embeds":
  [{"embed_code": "\u003Ciframe width=\"420\" height=\"270\" src=\"http://www.youtube.com/embed/seffhW_ygxs\" frameborder=\"0\" allowfullscreen\u003E\u003C/iframe\u003E",
    "description": "\u003Cp\u003Eadtriboo video\u003C/p\u003E"}],
 "screenshots":
  [{"available_sizes":
     [[[150,
        93],
       "http://api-images.crunchbase.com/assets/images/resized/0021/6951/216951v2-max-150x150.png"],
      [[250,
        156],
       "http://api-images.crunchbase.com/assets/images/resized/0021/6951/216951v2-max-250x250.png"],
      [[450,
        281],
       "http://api-images.crunchbase.com/assets/images/resized/0021/6951/216951v2-max-450x450.png"]],
    "attribution": null},
   {"available_sizes":
     [[[150,
        93],
       "http://api-images.crunchbase.com/assets/images/resized/0021/7127/217127v2-max-150x150.png"],
      [[250,
        156],
       "http://api-images.crunchbase.com/assets/images/resized/0021/7127/217127v2-max-250x250.png"],
      [[450,
        281],
       "http://api-images.crunchbase.com/assets/images/resized/0021/7127/217127v2-max-450x450.png"]],
    "attribution": null}],
 "external_links":
  [],
 "partners":
  []}
