{"name": "Advanced Software Concepts",
 "permalink": "advanced-software-concepts",
 "crunchbase_url": "http://www.crunchbase.com/company/advanced-software-concepts",
 "homepage_url": "http://www.ascnet.com",
 "blog_url": "",
 "blog_feed_url": "",
 "twitter_username": "ASCContracts",
 "category_code": "software",
 "number_of_employees": 40,
 "founded_year": 1992,
 "founded_month": null,
 "founded_day": null,
 "deadpooled_year": null,
 "deadpooled_month": null,
 "deadpooled_day": null,
 "deadpooled_url": null,
 "tag_list": "contract-management, contract-management-software, contract-lifecycle-management, document-management",
 "alias_list": null,
 "email_address": "angie.stockley@ascnet.com",
 "phone_number": "(613) 599-2087 ext 240",
 "description": "Contract Lifecycle Management Software",
 "created_at": "Tue Aug 07 18:14:17 UTC 2012",
 "updated_at": "Thu Aug 16 23:44:36 UTC 2012",
 "overview": "\u003Cp\u003EEstablished in 1992, Advanced Software Concepts (ASC) is well known for its flagship ASC Contracts\u2122 contract management software solution which automates and simplifies buy-side, sell-side, employee, HR and other contract management processes associated with creating and managing contracts or legally binding agreements. The online contract management software provides contract managers and administrators with a secure and searchable database for all contract data and provides feature-rich contract lifecycle capabilities including the ability to capture contract images, intelligent contract management workflows for contract approvals routing, legal terms and conditions control, as well as support for a wide range of contract management applications and processes. \u003C/p\u003E\n\n\u003Cp\u003EASC also provides web-based enterprise management solutions for documents, forms, and pricing and quoting. All ASC management software comprises automated document creation and a searchable repository or database with built in reporting, compliance and audit trail capability. \u003C/p\u003E\n\n\u003Cp\u003EWell suited for any industry (e.g., communications, financial services, energy and utilities, legal services, healthcare, government and education) and organizations of all sizes and complexities, ASC contract lifecycle management (CLM) and business process solutions improve customer, vendor and supplier relationship and commitment management; simplify business processes; ensure compliance, reduce contract risks, and increase efficiency.\u003C/p\u003E\n\n\u003Cp\u003EASC has been in the contract management and business process management business for more than 19 years and is an ISO 9001:2008 certified company.\nSpecialties Contract Management, Contract Lifecycle Management (CLM), Pricing \u0026amp; Quoting Management, Document Management, Forms Management, Record Management, Workflow Management, Compliance Management, Sales Configuration\u003C/p\u003E",
 "image":
  {"available_sizes":
    [[[150,
       47],
      "http://api-images.crunchbase.com/assets/images/resized/0020/5815/205815v2-max-150x150.png"],
     [[163,
       52],
      "http://api-images.crunchbase.com/assets/images/resized/0020/5815/205815v2-max-250x250.png"],
     [[163,
       52],
      "http://api-images.crunchbase.com/assets/images/resized/0020/5815/205815v2-max-450x450.png"]],
   "attribution": null},
 "products":
  [],
 "relationships":
  [{"is_past": false,
    "title": "Founder, President and CEO",
    "person":
     {"first_name": "Shawn",
      "last_name": "King",
      "permalink": "shawn-king"}},
   {"is_past": false,
    "title": "Vice President, Product Development",
    "person":
     {"first_name": "Cathy",
      "last_name": "Wright",
      "permalink": "cathy-wright"}}],
 "competitions":
  [],
 "providerships":
  [],
 "total_money_raised": "$0",
 "funding_rounds":
  [],
 "investments":
  [],
 "acquisition": null,
 "acquisitions":
  [],
 "offices":
  [{"description": "Company Headquarters",
    "address1": "235 Terence Matthews Cres., Suite 200",
    "address2": "",
    "zip_code": "K2M 2B3",
    "city": "Ottawa",
    "state_code": null,
    "country_code": "CAN",
    "latitude": null,
    "longitude": null}],
 "milestones":
  [],
 "ipo": null,
 "video_embeds":
  [],
 "screenshots":
  [],
 "external_links":
  [],
 "partners":
  []}
