{"name": "AdvancedREI",
 "permalink": "advancedrei",
 "crunchbase_url": "http://www.crunchbase.com/company/advancedrei",
 "homepage_url": "http://advancedrei.com",
 "blog_url": "http://advancedrei.com/blogs",
 "blog_feed_url": "http://advancedrei.com/rss?projection=28",
 "twitter_username": "advancedrei",
 "category_code": "web",
 "number_of_employees": 2,
 "founded_year": 2011,
 "founded_month": 8,
 "founded_day": 29,
 "deadpooled_year": null,
 "deadpooled_month": null,
 "deadpooled_day": null,
 "deadpooled_url": null,
 "tag_list": "real-estate, commercial-real-estate, investment, financials, social-networking, commercial-real-estate-financials, investing, commercial-real-estate-analysis, real-estate-analysis",
 "alias_list": null,
 "email_address": "support@advancedrei.com",
 "phone_number": "714-352-6595",
 "description": "Commercial real estate financials",
 "created_at": "Fri Sep 14 21:44:35 UTC 2012",
 "updated_at": "Mon Jun 24 19:53:11 UTC 2013",
 "overview": "\u003Cp\u003EAdvancedREI is a professional social network designed for marketing and collaborating on commercial real estate financials. They use detailed algorithms to provide more accurate forecasts that can be easily updated and shared with anyone, in real time.\u003C/p\u003E\n\n\u003Cp\u003EInstead of users sharing only one set of financial analysis, typically through static PDF files, AdvancedREI lets users create multiple scenarios that can more accurately reflect potential realities. They do this by modeling potential tenant behavior and applying it to each unit individual over a period of time, instead of calculating an average and applying that average to all units. The results are displayed in a ten-year cash flow \u0026#8220;forecast\u0026#8221; that can be easily manipulated to model changing marketplace conditions over time.\u003C/p\u003E",
 "image":
  {"available_sizes":
    [[[150,
       150],
      "http://api-images.crunchbase.com/assets/images/resized/0021/1428/211428v2-max-150x150.png"],
     [[180,
       180],
      "http://api-images.crunchbase.com/assets/images/resized/0021/1428/211428v2-max-250x250.png"],
     [[180,
       180],
      "http://api-images.crunchbase.com/assets/images/resized/0021/1428/211428v2-max-450x450.png"]],
   "attribution": null},
 "products":
  [],
 "relationships":
  [{"is_past": false,
    "title": "Co-founder and CEO",
    "person":
     {"first_name": "Jeff",
      "last_name": "Yrueta",
      "permalink": "jeff-yrueta"}},
   {"is_past": false,
    "title": "Co-founder and CTO",
    "person":
     {"first_name": "Robert",
      "last_name": "McLaws",
      "permalink": "robert-mclaws"}},
   {"is_past": false,
    "title": "Advisor",
    "person":
     {"first_name": "Francine",
      "last_name": "Hardaway",
      "permalink": "francine-hardaway"}}],
 "competitions":
  [{"competitor":
     {"name": "LoopNet",
      "permalink": "loopnet"}},
   {"competitor":
     {"name": "CoStar",
      "permalink": "costar"}},
   {"competitor":
     {"name": "Argus Software",
      "permalink": "argus-software"}}],
 "providerships":
  [{"title": "Software \u0026 Guidance",
    "is_past": false,
    "provider":
     {"name": "Microsoft BizSpark",
      "permalink": "microsoft-bizspark"}},
   {"title": "App Monitoring",
    "is_past": false,
    "provider":
     {"name": "New Relic",
      "permalink": "new-relic"}},
   {"title": "Web Analytics",
    "is_past": false,
    "provider":
     {"name": "Gaug.es",
      "permalink": "gaug-es"}},
   {"title": "Authentication",
    "is_past": false,
    "provider":
     {"name": "Auth0",
      "permalink": "auth0"}}],
 "total_money_raised": "$0",
 "funding_rounds":
  [],
 "investments":
  [],
 "acquisition": null,
 "acquisitions":
  [],
 "offices":
  [],
 "milestones":
  [],
 "ipo": null,
 "video_embeds":
  [{"embed_code": "\u003Ciframe width=\"450\" height=\"253\" src=\"http://www.youtube.com/embed/H9KpQu09KfE\" frameborder=\"0\" allowfullscreen\u003E\u003C/iframe\u003E",
    "description": "\u003Cp\u003EGetting Started for Sellers\u003C/p\u003E"}],
 "screenshots":
  [{"available_sizes":
     [[[150,
        83],
       "http://api-images.crunchbase.com/assets/images/resized/0023/5763/235763v2-max-150x150.png"],
      [[250,
        139],
       "http://api-images.crunchbase.com/assets/images/resized/0023/5763/235763v2-max-250x250.png"],
      [[450,
        251],
       "http://api-images.crunchbase.com/assets/images/resized/0023/5763/235763v2-max-450x450.png"]],
    "attribution": null},
   {"available_sizes":
     [[[150,
        83],
       "http://api-images.crunchbase.com/assets/images/resized/0023/5764/235764v2-max-150x150.png"],
      [[250,
        139],
       "http://api-images.crunchbase.com/assets/images/resized/0023/5764/235764v2-max-250x250.png"],
      [[450,
        251],
       "http://api-images.crunchbase.com/assets/images/resized/0023/5764/235764v2-max-450x450.png"]],
    "attribution": null},
   {"available_sizes":
     [[[150,
        83],
       "http://api-images.crunchbase.com/assets/images/resized/0023/5765/235765v2-max-150x150.png"],
      [[250,
        139],
       "http://api-images.crunchbase.com/assets/images/resized/0023/5765/235765v2-max-250x250.png"],
      [[450,
        251],
       "http://api-images.crunchbase.com/assets/images/resized/0023/5765/235765v2-max-450x450.png"]],
    "attribution": null}],
 "external_links":
  [],
 "partners":
  []}
