{"name": "Advance Wire Products Ltd",
 "permalink": "advance-wire-products-ltd",
 "crunchbase_url": "http://www.crunchbase.com/company/advance-wire-products-ltd",
 "homepage_url": "http://www.awpfabrication.com",
 "blog_url": "",
 "blog_feed_url": "",
 "twitter_username": null,
 "category_code": "other",
 "number_of_employees": 100,
 "founded_year": null,
 "founded_month": null,
 "founded_day": null,
 "deadpooled_year": null,
 "deadpooled_month": null,
 "deadpooled_day": null,
 "deadpooled_url": null,
 "tag_list": "metal-fabrication",
 "alias_list": "",
 "email_address": "richardk.awp2@yahoo.com",
 "phone_number": "604-541-4666",
 "description": "Our services include metal fabrication.",
 "created_at": "Sat Oct 27 04:38:41 UTC 2012",
 "updated_at": "Thu May 30 12:26:10 UTC 2013",
 "overview": "\u003Cp\u003EOur services include metal fabrication, sheet metal fabrication, stainless steel fabrication, and custom sheet metal fabrication.  We custom fabricate components using the latest CNC technology. We operate in a 120 000 square foot facility, where we cab fabricate large-scale orders to small prototype orders.\u003C/p\u003E",
 "image":
  {"available_sizes":
    [[[150,
       49],
      "http://api-images.crunchbase.com/assets/images/resized/0026/9224/269224v1-max-150x150.jpg"],
     [[214,
       70],
      "http://api-images.crunchbase.com/assets/images/resized/0026/9224/269224v1-max-250x250.jpg"],
     [[214,
       70],
      "http://api-images.crunchbase.com/assets/images/resized/0026/9224/269224v1-max-450x450.jpg"]],
   "attribution": null},
 "products":
  [],
 "relationships":
  [{"is_past": false,
    "title": "Sales Manager",
    "person":
     {"first_name": "Bruce",
      "last_name": "Davis",
      "permalink": "bruce-davis"}},
   {"is_past": false,
    "title": "Sales Representative",
    "person":
     {"first_name": "Richard",
      "last_name": "King",
      "permalink": "richard-king-6"}}],
 "competitions":
  [],
 "providerships":
  [],
 "total_money_raised": "$0",
 "funding_rounds":
  [],
 "investments":
  [],
 "acquisition": null,
 "acquisitions":
  [],
 "offices":
  [],
 "milestones":
  [],
 "ipo": null,
 "video_embeds":
  [],
 "screenshots":
  [],
 "external_links":
  [],
 "partners":
  []}
