{"name": "Advanced Telecom Services",
 "permalink": "advanced-telecom-services",
 "crunchbase_url": "http://www.crunchbase.com/company/advanced-telecom-services",
 "homepage_url": null,
 "blog_url": null,
 "blog_feed_url": null,
 "twitter_username": null,
 "category_code": null,
 "number_of_employees": null,
 "founded_year": null,
 "founded_month": null,
 "founded_day": null,
 "deadpooled_year": null,
 "deadpooled_month": null,
 "deadpooled_day": null,
 "deadpooled_url": null,
 "tag_list": "mobile, marketing, ivr, bob-bentz, philadelphia, toronto, advertising, text-message",
 "alias_list": null,
 "email_address": null,
 "phone_number": null,
 "description": null,
 "created_at": "Sun Nov 18 03:54:55 UTC 2012",
 "updated_at": "Tue Feb 11 23:27:07 UTC 2014",
 "overview": "\u003Cp\u003EAdvanced Telecom Services provides interactive telephone and mobile marketing solutions to its brands, advertisers, advertising agency, and media clients.\u003C/p\u003E",
 "image":
  {"available_sizes":
    [[[150,
       75],
      "http://api-images.crunchbase.com/assets/images/resized/0041/2756/412756v2-max-150x150.jpg"],
     [[250,
       125],
      "http://api-images.crunchbase.com/assets/images/resized/0041/2756/412756v2-max-250x250.jpg"],
     [[450,
       225],
      "http://api-images.crunchbase.com/assets/images/resized/0041/2756/412756v2-max-450x450.jpg"]],
   "attribution": null},
 "products":
  [],
 "relationships":
  [{"is_past": false,
    "title": "President",
    "person":
     {"first_name": "Bob",
      "last_name": "Bentz",
      "permalink": "bob-bentz"}},
   {"is_past": false,
    "title": "Member of Board of Directors",
    "person":
     {"first_name": "Bret",
      "last_name": "Dunlap",
      "permalink": "bret-dunlap"}},
   {"is_past": true,
    "title": "Director - Newspaper Sales",
    "person":
     {"first_name": "David",
      "last_name": "Sawyer",
      "permalink": "david-sawyer"}}],
 "competitions":
  [],
 "providerships":
  [],
 "total_money_raised": "$0",
 "funding_rounds":
  [],
 "investments":
  [],
 "acquisition": null,
 "acquisitions":
  [],
 "offices":
  [{"description": "World Headquarters",
    "address1": "1150 First Avenue",
    "address2": "Suite 105",
    "zip_code": "19406",
    "city": "King of Prussia",
    "state_code": "PA",
    "country_code": "USA",
    "latitude": null,
    "longitude": null}],
 "milestones":
  [],
 "ipo": null,
 "video_embeds":
  [{"embed_code": "\u003Ciframe width=\"420\" height=\"242\" src=\"//www.youtube.com/embed/uuFLkYY4Fjk\" frameborder=\"0\" allowfullscreen\u003E\u003C/iframe\u003E",
    "description": "\u003Cp\u003EGeo-Location Mobile Advertising\u003C/p\u003E"},
   {"embed_code": "\u003Ciframe width=\"420\" height=\"242\" src=\"//www.youtube.com/embed/D2-m9C-JqHE\" frameborder=\"0\" allowfullscreen\u003E\u003C/iframe\u003E",
    "description": "\u003Cp\u003ERestaurants To Go Video\u003C/p\u003E"}],
 "screenshots":
  [],
 "external_links":
  [{"external_url": "http://www.atsMobile.com",
    "title": "ATS Mobile"},
   {"external_url": "http://www.84444.com",
    "title": "84444 Text Marketing"},
   {"external_url": "http://www.84444.ca",
    "title": "Text Message Marketing Canada"}],
 "partners":
  []}
