{"name": "Advantage Design",
 "permalink": "advantage-design",
 "crunchbase_url": "http://www.crunchbase.com/company/advantage-design",
 "homepage_url": "http://www.theAdvantageDesign.com",
 "blog_url": "",
 "blog_feed_url": "",
 "twitter_username": "AdvantageDsign",
 "category_code": "advertising",
 "number_of_employees": null,
 "founded_year": 2012,
 "founded_month": 5,
 "founded_day": 16,
 "deadpooled_year": null,
 "deadpooled_month": null,
 "deadpooled_day": null,
 "deadpooled_url": null,
 "tag_list": "durango-graphic-design, graphic-design-durango, advertising, marketing, web-design, logo-design, branding, brochure-design, mailers, menus, billboards, stationery, advertisements, web-banners, signage",
 "alias_list": null,
 "email_address": "staceymathews11@gmail.com",
 "phone_number": "970-903-5539",
 "description": "Advertising and Graphic Design",
 "created_at": "Sun Dec 09 05:06:26 UTC 2012",
 "updated_at": "Mon Dec 17 21:30:49 UTC 2012",
 "overview": "\u003Cp\u003EBased in Durango Colorado, Advantage Design creates visual communications for a wide range of marketing and branding needs\u2014including graphic design, logos \u0026amp; identity development, website design, advertising, direct mail, brochures, signage, book design and much more. \u003C/p\u003E",
 "image":
  {"available_sizes":
    [[[148,
       150],
      "http://api-images.crunchbase.com/assets/images/resized/0022/4528/224528v2-max-150x150.jpg"],
     [[183,
       185],
      "http://api-images.crunchbase.com/assets/images/resized/0022/4528/224528v2-max-250x250.jpg"],
     [[183,
       185],
      "http://api-images.crunchbase.com/assets/images/resized/0022/4528/224528v2-max-450x450.jpg"]],
   "attribution": null},
 "products":
  [],
 "relationships":
  [{"is_past": true,
    "title": "Owner/Graphic Designer",
    "person":
     {"first_name": "Stacey",
      "last_name": "Mathews-Stasi",
      "permalink": "stacey-mathews-stasi"}}],
 "competitions":
  [],
 "providerships":
  [],
 "total_money_raised": "$0",
 "funding_rounds":
  [],
 "investments":
  [],
 "acquisition": null,
 "acquisitions":
  [],
 "offices":
  [{"description": "",
    "address1": "",
    "address2": "",
    "zip_code": "81303",
    "city": "Durango",
    "state_code": "CO",
    "country_code": "USA",
    "latitude": null,
    "longitude": null}],
 "milestones":
  [],
 "ipo": null,
 "video_embeds":
  [],
 "screenshots":
  [],
 "external_links":
  [{"external_url": "http://www.theAdvantageDesign.com",
    "title": "Homepage"},
   {"external_url": "http://www.DurangoAdvantageDesign.com",
    "title": ""},
   {"external_url": "http://www.facebook.com/theAdvantageDesign",
    "title": ""}],
 "partners":
  []}
