{"name": "AdverCar",
 "permalink": "advercar",
 "crunchbase_url": "http://www.crunchbase.com/company/advercar",
 "homepage_url": "http://advercar.com",
 "blog_url": "",
 "blog_feed_url": "",
 "twitter_username": "advercar",
 "category_code": "advertising",
 "number_of_employees": null,
 "founded_year": null,
 "founded_month": null,
 "founded_day": null,
 "deadpooled_year": null,
 "deadpooled_month": null,
 "deadpooled_day": null,
 "deadpooled_url": null,
 "tag_list": "cars, advertising",
 "alias_list": "",
 "email_address": "",
 "phone_number": "415-523-0601",
 "description": "Auto Advertising",
 "created_at": "Wed Oct 31 16:19:39 UTC 2012",
 "updated_at": "Wed Dec 12 07:28:23 UTC 2012",
 "overview": "\u003Cp\u003EadverCar extends the reach of your out of home efforts and bursts the \u201cmedia-free bubble\u201d that has become the \u2018drive time commute\u2019 by delivering your message on an eye level medium that can\u2019t be turned off, fast forwarded or ignored. We enable you to target neighbourhoods, commuter routes, and shopping centers within a specific zip code, region or DMA. You now have the ability to saturate entire markets in a way you couldn\u2019t before by cost effectively renting space on the sides of GPS tracked adverCar fleets delivering you a more dynamic, accountable Out of Home media choice.\u003C/p\u003E",
 "image":
  {"available_sizes":
    [[[82,
       80],
      "http://api-images.crunchbase.com/assets/images/resized/0021/8122/218122v1-max-150x150.png"],
     [[82,
       80],
      "http://api-images.crunchbase.com/assets/images/resized/0021/8122/218122v1-max-250x250.png"],
     [[82,
       80],
      "http://api-images.crunchbase.com/assets/images/resized/0021/8122/218122v1-max-450x450.png"]],
   "attribution": null},
 "products":
  [],
 "relationships":
  [{"is_past": false,
    "title": "Founder and CEO",
    "person":
     {"first_name": "Neil",
      "last_name": "Turner",
      "permalink": "neil-turner"}},
   {"is_past": false,
    "title": "Board Member",
    "person":
     {"first_name": "Deepak",
      "last_name": "Kamra",
      "permalink": "deepak-kamra"}}],
 "competitions":
  [],
 "providerships":
  [],
 "total_money_raised": "$2M",
 "funding_rounds":
  [{"id": 33504,
    "round_code": "seed",
    "source_url": "http://techcrunch.com/2012/10/31/advercar-funding/",
    "source_description": "Auto Advertising Startup adverCar Raises $2M From Canaan Partners, 1-800-Flowers, And Others",
    "raised_amount": 2000000.0,
    "raised_currency_code": "USD",
    "funded_year": 2012,
    "funded_month": 10,
    "funded_day": 30,
    "investments":
     [{"company": null,
       "financial_org":
        {"name": "Canaan Partners",
         "permalink": "canaan-partners"},
       "person": null},
      {"company":
        {"name": "1-800-FLOWERS.COM",
         "permalink": "1-800-flowers-com"},
       "financial_org": null,
       "person": null},
      {"company": null,
       "financial_org":
        {"name": "Branford Castle Private Equity",
         "permalink": "branford-castle-private-equity"},
       "person": null},
      {"company":
        {"name": "New Orleans Startup Fund",
         "permalink": "new-orleans-startup-fund"},
       "financial_org": null,
       "person": null},
      {"company": null,
       "financial_org": null,
       "person":
        {"first_name": "Jit",
         "last_name": "Saxena",
         "permalink": "jit-saxena"}},
      {"company": null,
       "financial_org":
        {"name": "TiE Angels",
         "permalink": "tie-angels"},
       "person": null}]}],
 "investments":
  [],
 "acquisition": null,
 "acquisitions":
  [],
 "offices":
  [{"description": "",
    "address1": "99 Osgood Place",
    "address2": "2nd Floor",
    "zip_code": "94133",
    "city": "San Francisco",
    "state_code": "CA",
    "country_code": "USA",
    "latitude": 37.7981213,
    "longitude": -122.4031446}],
 "milestones":
  [],
 "ipo": null,
 "video_embeds":
  [],
 "screenshots":
  [{"available_sizes":
     [[[150,
        78],
       "http://api-images.crunchbase.com/assets/images/resized/0021/8121/218121v1-max-150x150.png"],
      [[250,
        131],
       "http://api-images.crunchbase.com/assets/images/resized/0021/8121/218121v1-max-250x250.png"],
      [[450,
        235],
       "http://api-images.crunchbase.com/assets/images/resized/0021/8121/218121v1-max-450x450.png"]],
    "attribution": null}],
 "external_links":
  [],
 "partners":
  []}
