{"name": "Adviser Index",
 "permalink": "adviser-index",
 "crunchbase_url": "http://www.crunchbase.com/company/adviser-index",
 "homepage_url": "http://www.adviserindex.co.uk",
 "blog_url": "",
 "blog_feed_url": "",
 "twitter_username": "adviserindex",
 "category_code": "advertising",
 "number_of_employees": 5,
 "founded_year": 2012,
 "founded_month": 4,
 "founded_day": 28,
 "deadpooled_year": null,
 "deadpooled_month": null,
 "deadpooled_day": null,
 "deadpooled_url": null,
 "tag_list": "find-an-ifa, financial-advisers, independent-financial-advisers, mortgage-advisers, ifa-search, ifa, money-forums, request-financial-advice",
 "alias_list": null,
 "email_address": "admin@adviserindex.co.uk",
 "phone_number": "",
 "description": "Directory of Professional Advisers",
 "created_at": "Tue Aug 14 13:34:09 UTC 2012",
 "updated_at": "Fri Aug 17 14:46:01 UTC 2012",
 "overview": "\u003Cp\u003EAdviser Index is a interactive and dedicated directory of Independent Financial Advisers, Tied Financial Advisers and Mortgage Advisers in the UK and Northern Ireland. \u003C/p\u003E\n\n\u003Cp\u003EThe service allows visitors to find local advisers using their Google Maps based system or by postcode, region or county.\u003C/p\u003E\n\n\u003Cp\u003EAdviser Index not only provides a directory of financial advisers it also provides free resources for visitors to use such as money advice forums, free financial help guides and a \u0026#8220;Request Financial Advice\u0026#8221; feature, which allows visitors to submit advice questions to professionals.\u003C/p\u003E",
 "image": null,
 "products":
  [],
 "relationships":
  [{"is_past": false,
    "title": "Founder",
    "person":
     {"first_name": "Robert",
      "last_name": "Lewis",
      "permalink": "robert-lewis-3"}},
   {"is_past": false,
    "title": "CEO",
    "person":
     {"first_name": "Sandra",
      "last_name": "Lewis",
      "permalink": "sandra-lewis"}}],
 "competitions":
  [],
 "providerships":
  [],
 "total_money_raised": "$0",
 "funding_rounds":
  [],
 "investments":
  [],
 "acquisition": null,
 "acquisitions":
  [],
 "offices":
  [],
 "milestones":
  [],
 "ipo": null,
 "video_embeds":
  [],
 "screenshots":
  [],
 "external_links":
  [],
 "partners":
  []}
