{"name": "Advice Wallet",
 "permalink": "advice-wallet",
 "crunchbase_url": "http://www.crunchbase.com/company/advice-wallet",
 "homepage_url": "http://www.advicewallet.com",
 "blog_url": "http://advicewallet.com/blog/",
 "blog_feed_url": "",
 "twitter_username": "AdviceWallet",
 "category_code": "mobile",
 "number_of_employees": 15,
 "founded_year": 2012,
 "founded_month": null,
 "founded_day": null,
 "deadpooled_year": null,
 "deadpooled_month": null,
 "deadpooled_day": null,
 "deadpooled_url": null,
 "tag_list": "e-commerce, social-commerce, smm, referral",
 "alias_list": "",
 "email_address": "hello@advicewallet.com",
 "phone_number": "",
 "description": "Mobile Loyalty Program",
 "created_at": "Thu Nov 22 21:28:05 UTC 2012",
 "updated_at": "Mon Jan 06 07:10:17 UTC 2014",
 "overview": "\u003Cp\u003EAdvice Wallet is a mobile loyalty program to attract, keep and understand customers. \u003C/p\u003E\n\n\u003Cp\u003EIt empowers any local business to create a customized acquisition and loyalty program online in minutes. \u003C/p\u003E\n\n\u003Cp\u003EThe value of the service to businesses extends far beyond simple driving sales; it offers tools to build a lifetime relationship with customers and reach their social connections. Advice Wallet provides analytics for businesses to keep track of their campaigns.\u003C/p\u003E\n\n\u003Cp\u003ECustomers are engaged with their friends in a game of earning points and exchanging them for valuable rewards wherever they go. \u003C/p\u003E",
 "image":
  {"available_sizes":
    [[[105,
       109],
      "http://api-images.crunchbase.com/assets/images/resized/0022/1739/221739v2-max-150x150.png"],
     [[105,
       109],
      "http://api-images.crunchbase.com/assets/images/resized/0022/1739/221739v2-max-250x250.png"],
     [[105,
       109],
      "http://api-images.crunchbase.com/assets/images/resized/0022/1739/221739v2-max-450x450.png"]],
   "attribution": null},
 "products":
  [],
 "relationships":
  [{"is_past": false,
    "title": "Co-founder \u0026 CTO",
    "person":
     {"first_name": "Andriy",
      "last_name": "Khavryuchenko",
      "permalink": "andriy-khavryuchenko"}},
   {"is_past": false,
    "title": "Founder \u0026 CEO",
    "person":
     {"first_name": "Stas",
      "last_name": "Matviyenko",
      "permalink": "stas-matviyenko"}},
   {"is_past": false,
    "title": "COO \u0026 Co-Founder",
    "person":
     {"first_name": "Anna",
      "last_name": "Polishchuk",
      "permalink": "anna-polishchuk"}},
   {"is_past": false,
    "title": "Co-founder",
    "person":
     {"first_name": "Pavel",
      "last_name": "Matvienko",
      "permalink": "pavel-matvienko"}}],
 "competitions":
  [],
 "providerships":
  [],
 "total_money_raised": "$395k",
 "funding_rounds":
  [{"id": 42838,
    "round_code": "seed",
    "source_url": "",
    "source_description": "",
    "raised_amount": 300000.0,
    "raised_currency_code": "USD",
    "funded_year": 2013,
    "funded_month": 7,
    "funded_day": 1,
    "investments":
     [{"company": null,
       "financial_org":
        {"name": "Imperious Group",
         "permalink": "imperious-group"},
       "person": null}]},
   {"id": 42839,
    "round_code": "seed",
    "source_url": "",
    "source_description": "",
    "raised_amount": 25000.0,
    "raised_currency_code": "USD",
    "funded_year": 2013,
    "funded_month": 2,
    "funded_day": 21,
    "investments":
     [{"company": null,
       "financial_org": null,
       "person":
        {"first_name": "Pavel",
         "last_name": "Melnyk",
         "permalink": "pavel-melnyk"}}]},
   {"id": 42840,
    "round_code": "seed",
    "source_url": "",
    "source_description": "",
    "raised_amount": 70000.0,
    "raised_currency_code": "USD",
    "funded_year": 2012,
    "funded_month": 11,
    "funded_day": 1,
    "investments":
     [{"company":
        {"name": "Happy Farm",
         "permalink": "happy-farm"},
       "financial_org": null,
       "person": null}]}],
 "investments":
  [],
 "acquisition": null,
 "acquisitions":
  [],
 "offices":
  [{"description": "HQ",
    "address1": "2670 Leavenworth St,",
    "address2": "Suite E",
    "zip_code": "94133",
    "city": "San Francisco",
    "state_code": "CA",
    "country_code": "USA",
    "latitude": null,
    "longitude": null}],
 "milestones":
  [],
 "ipo": null,
 "video_embeds":
  [],
 "screenshots":
  [{"available_sizes":
     [[[150,
        78],
       "http://api-images.crunchbase.com/assets/images/resized/0034/4636/344636v2-max-150x150.png"],
      [[250,
        130],
       "http://api-images.crunchbase.com/assets/images/resized/0034/4636/344636v2-max-250x250.png"],
      [[450,
        235],
       "http://api-images.crunchbase.com/assets/images/resized/0034/4636/344636v2-max-450x450.png"]],
    "attribution": null},
   {"available_sizes":
     [[[64,
        150],
       "http://api-images.crunchbase.com/assets/images/resized/0034/4637/344637v2-max-150x150.png"],
      [[107,
        250],
       "http://api-images.crunchbase.com/assets/images/resized/0034/4637/344637v2-max-250x250.png"],
      [[193,
        450],
       "http://api-images.crunchbase.com/assets/images/resized/0034/4637/344637v2-max-450x450.png"]],
    "attribution": null},
   {"available_sizes":
     [[[121,
        150],
       "http://api-images.crunchbase.com/assets/images/resized/0034/4638/344638v2-max-150x150.png"],
      [[202,
        250],
       "http://api-images.crunchbase.com/assets/images/resized/0034/4638/344638v2-max-250x250.png"],
      [[364,
        450],
       "http://api-images.crunchbase.com/assets/images/resized/0034/4638/344638v2-max-450x450.png"]],
    "attribution": null},
   {"available_sizes":
     [[[64,
        150],
       "http://api-images.crunchbase.com/assets/images/resized/0034/4639/344639v2-max-150x150.png"],
      [[107,
        250],
       "http://api-images.crunchbase.com/assets/images/resized/0034/4639/344639v2-max-250x250.png"],
      [[193,
        450],
       "http://api-images.crunchbase.com/assets/images/resized/0034/4639/344639v2-max-450x450.png"]],
    "attribution": null},
   {"available_sizes":
     [[[150,
        89],
       "http://api-images.crunchbase.com/assets/images/resized/0034/4640/344640v2-max-150x150.png"],
      [[250,
        149],
       "http://api-images.crunchbase.com/assets/images/resized/0034/4640/344640v2-max-250x250.png"],
      [[450,
        268],
       "http://api-images.crunchbase.com/assets/images/resized/0034/4640/344640v2-max-450x450.png"]],
    "attribution": null}],
 "external_links":
  [],
 "partners":
  [{"partner_name": "angel_list",
    "homepage_url": "http://advicewallet.com",
    "link_1_url": "https://angel.co/advice-wallet",
    "link_2_url": "https://angel.co/advice-wallet?utc_source=crunchbase\u0026amp;utm_campaign=crunchbase\u0026amp;utm_content=fundraising\u0026amp;utm_medium=link\u0026amp;utm_term=advice-wallet",
    "link_3_url": null,
    "link_1_name": "AngelList Page",
    "link_2_name": "Raising: $1M",
    "link_3_name": null}]}
