{"name": "ADVOX",
 "permalink": "advox",
 "crunchbase_url": "http://www.crunchbase.com/company/advox",
 "homepage_url": "http://www.advoxstudio.com",
 "blog_url": "",
 "blog_feed_url": "",
 "twitter_username": null,
 "category_code": "ecommerce",
 "number_of_employees": 12,
 "founded_year": 2009,
 "founded_month": 10,
 "founded_day": 10,
 "deadpooled_year": null,
 "deadpooled_month": null,
 "deadpooled_day": null,
 "deadpooled_url": null,
 "tag_list": "ppc, sem, web-development, html5, flash-games, magento, ecommerce, conversion, optimalization, usability, emarketing",
 "alias_list": null,
 "email_address": "info@advoxstudio.com",
 "phone_number": "+48 61 28 17 349",
 "description": "Marketing \u0026 eCommerce technologies",
 "created_at": "Wed Oct 17 11:50:11 UTC 2012",
 "updated_at": "Mon Feb 11 10:31:04 UTC 2013",
 "overview": "\u003Cp\u003EADVOX is a digital agency providing services in the following areas:\u003C/p\u003E\n\n\u003Cul\u003E\n\u003Cli\u003Eweb development (Magento\u003C/li\u003E\n\u003Cli\u003Egames development (gamevertising)\u003C/li\u003E\n\u003Cli\u003Esearch\u0026amp;social media marketing (PPC, SEO, SMM)\u003C/li\u003E\n\u003C/ul\u003E",
 "image":
  {"available_sizes":
    [[[150,
       60],
      "http://api-images.crunchbase.com/assets/images/resized/0021/5922/215922v2-max-150x150.jpg"],
     [[250,
       100],
      "http://api-images.crunchbase.com/assets/images/resized/0021/5922/215922v2-max-250x250.jpg"],
     [[450,
       180],
      "http://api-images.crunchbase.com/assets/images/resized/0021/5922/215922v2-max-450x450.jpg"]],
   "attribution": null},
 "products":
  [],
 "relationships":
  [{"is_past": false,
    "title": "",
    "person":
     {"first_name": "Armand",
      "last_name": "Przygodzki",
      "permalink": "armand-przygodzki"}}],
 "competitions":
  [],
 "providerships":
  [],
 "total_money_raised": "$0",
 "funding_rounds":
  [],
 "investments":
  [],
 "acquisition": null,
 "acquisitions":
  [],
 "offices":
  [{"description": "Main office",
    "address1": "Kramarska 13",
    "address2": "",
    "zip_code": "61-765",
    "city": "Pozna\u0144",
    "state_code": null,
    "country_code": "POL",
    "latitude": 52.4093273,
    "longitude": 16.9336503}],
 "milestones":
  [],
 "ipo": null,
 "video_embeds":
  [],
 "screenshots":
  [],
 "external_links":
  [],
 "partners":
  []}
