{"name": "AffiliateTraction Canada",
 "permalink": "affiliatetraction-canada",
 "crunchbase_url": "http://www.crunchbase.com/company/affiliatetraction-canada",
 "homepage_url": "http://www.affiliatetraction.ca",
 "blog_url": "http://www.affiliatetraction.ca/contact/blog.php",
 "blog_feed_url": "",
 "twitter_username": "AffTractionCa",
 "category_code": "ecommerce",
 "number_of_employees": null,
 "founded_year": null,
 "founded_month": null,
 "founded_day": null,
 "deadpooled_year": null,
 "deadpooled_month": null,
 "deadpooled_day": null,
 "deadpooled_url": null,
 "tag_list": "affiliate-marketing-program, affiliate-management, affiliate-agency, outsourced-affiliate-management, affiliate-marketing-services, canadian-affiliate-agency, affiliate-marketing-firm, affiliate-marketing-expert, affiliate-manager, outsourced-program-mana",
 "alias_list": null,
 "email_address": "",
 "phone_number": "416.253.7272",
 "description": "Canadian Affiliate Marketing Agency",
 "created_at": "Fri Sep 07 13:02:02 UTC 2012",
 "updated_at": "Fri Oct 12 05:10:45 UTC 2012",
 "overview": "\u003Cp\u003EAffiliateTraction, with offices in Ontario, is the largest affiliate program marketing company that provides affiliate management services for top online retailers in Canada. For over 10 years Affiliate Traction has been working to develop the perfect affiliate marketing system. AffiliateTraction Canada is not an outsourced program manager or an affiliate network, but rather a multifaceted and comprehensive service designed to proactively implement, manage, and grow your affiliate program.\u003C/p\u003E",
 "image":
  {"available_sizes":
    [[[150,
       150],
      "http://api-images.crunchbase.com/assets/images/resized/0021/0278/210278v2-max-150x150.jpg"],
     [[180,
       180],
      "http://api-images.crunchbase.com/assets/images/resized/0021/0278/210278v2-max-250x250.jpg"],
     [[180,
       180],
      "http://api-images.crunchbase.com/assets/images/resized/0021/0278/210278v2-max-450x450.jpg"]],
   "attribution": null},
 "products":
  [],
 "relationships":
  [],
 "competitions":
  [],
 "providerships":
  [],
 "total_money_raised": "$0",
 "funding_rounds":
  [],
 "investments":
  [],
 "acquisition": null,
 "acquisitions":
  [],
 "offices":
  [{"description": "Canada Office",
    "address1": "3601 Highway 7 East, Suite #400",
    "address2": "",
    "zip_code": "L3R 0M3",
    "city": "Markham",
    "state_code": null,
    "country_code": "CAN",
    "latitude": null,
    "longitude": null}],
 "milestones":
  [{"id": 26857,
    "description": "AffiliateTraction Canada, the largest Canadian affiliate program management firm, has partnered with AvantLink.com for the launch of AvantLink.ca, the first exclusively Canadian affiliate marketing network.",
    "stoned_year": 2012,
    "stoned_month": 10,
    "stoned_day": 1,
    "source_url": "http://www.prnewswire.com/news-releases/affiliatetraction-canada--avantlinkcom-partner-for-avantlinkca-launch-172265971.html",
    "source_text": null,
    "source_description": "AffiliateTraction Canada \u0026 AvantLink.com Partner for AvantLink.ca Launch",
    "stoneable_type": "Company",
    "stoned_value": null,
    "stoned_value_type": null,
    "stoned_acquirer": null,
    "stoneable":
     {"name": "AffiliateTraction Canada",
      "permalink": "affiliatetraction-canada"}},
   {"id": 26997,
    "description": "First Exclusively Canadian Affiliate Network Features Programs Managed By AffiliateTraction Canada",
    "stoned_year": 2012,
    "stoned_month": 10,
    "stoned_day": 1,
    "source_url": "http://finance.yahoo.com/news/affiliatetraction-canada-avantlink-com-partner-123500557.html",
    "source_text": null,
    "source_description": "AffiliateTraction Canada \u0026 AvantLink.com Partner for AvantLink.ca Launch",
    "stoneable_type": "Company",
    "stoned_value": null,
    "stoned_value_type": null,
    "stoned_acquirer": null,
    "stoneable":
     {"name": "AffiliateTraction Canada",
      "permalink": "affiliatetraction-canada"}}],
 "ipo": null,
 "video_embeds":
  [],
 "screenshots":
  [{"available_sizes":
     [[[150,
        114],
       "http://api-images.crunchbase.com/assets/images/resized/0021/0820/210820v2-max-150x150.jpg"],
      [[250,
        191],
       "http://api-images.crunchbase.com/assets/images/resized/0021/0820/210820v2-max-250x250.jpg"],
      [[450,
        344],
       "http://api-images.crunchbase.com/assets/images/resized/0021/0820/210820v2-max-450x450.jpg"]],
    "attribution": null}],
 "external_links":
  [],
 "partners":
  []}
