{"name": "AffiliateTraction UK",
 "permalink": "affiliatetraction-uk",
 "crunchbase_url": "http://www.crunchbase.com/company/affiliatetraction-uk",
 "homepage_url": "http://www.affiliatetraction.co.uk",
 "blog_url": "",
 "blog_feed_url": "",
 "twitter_username": "AfftractionUK",
 "category_code": "ecommerce",
 "number_of_employees": null,
 "founded_year": null,
 "founded_month": null,
 "founded_day": null,
 "deadpooled_year": null,
 "deadpooled_month": null,
 "deadpooled_day": null,
 "deadpooled_url": null,
 "tag_list": "affiliate-marketing-programme, affiliate-management, affiliate-programmes, affiliate-marketing, affiliate-agency, outsourced-affiliate-management, affiliate-marketing-agency, affiliate-manager",
 "alias_list": null,
 "email_address": "affiliatetraction12@yahoo.com",
 "phone_number": "",
 "description": "Affiliate Marketing Agency",
 "created_at": "Wed Aug 29 13:39:30 UTC 2012",
 "updated_at": "Mon Oct 29 01:22:52 UTC 2012",
 "overview": "\u003Cp\u003EAffiliateTraction is a UK based affiliate marketing agency that provides affiliate programme management and marketing services for top online retailers. AffiliateTraction services include placement in multiple affiliate networks, powerful brand oversight, product datafeed management and creative design. For over a decade we have built our systems to eliminate frustrations and obstacles for our clients while reducing costs, creating a service of unparalleled efficiency and value to online merchants.\u003C/p\u003E",
 "image":
  {"available_sizes":
    [[[150,
       150],
      "http://api-images.crunchbase.com/assets/images/resized/0020/8704/208704v2-max-150x150.jpg"],
     [[180,
       180],
      "http://api-images.crunchbase.com/assets/images/resized/0020/8704/208704v2-max-250x250.jpg"],
     [[180,
       180],
      "http://api-images.crunchbase.com/assets/images/resized/0020/8704/208704v2-max-450x450.jpg"]],
   "attribution": null},
 "products":
  [],
 "relationships":
  [],
 "competitions":
  [],
 "providerships":
  [],
 "total_money_raised": "$0",
 "funding_rounds":
  [],
 "investments":
  [],
 "acquisition": null,
 "acquisitions":
  [],
 "offices":
  [{"description": "UK Office",
    "address1": "20 Garrick Street",
    "address2": "",
    "zip_code": "WC2E 9BT",
    "city": "London",
    "state_code": null,
    "country_code": "GBR",
    "latitude": null,
    "longitude": null}],
 "milestones":
  [{"id": 26115,
    "description": "The world's largest performance marketing agency AffiliateTraction has expanded its global long term relationship with Affiliate Window, announcing that its newly-opened London office will be working with the leading performance network here in the UK. ",
    "stoned_year": 2012,
    "stoned_month": 8,
    "stoned_day": 8,
    "source_url": "http://www.utalkmarketing.com/pages/article.aspx?articleid=23495\u0026title=affiliatetraction_uk_teams_up_with_affiliate_window_for_strategic_performance_marketing_campaign_management",
    "source_text": null,
    "source_description": "AffiliateTraction UK teams up with Affiliate Window for strategic performance marketing campaign management",
    "stoneable_type": "Company",
    "stoned_value": null,
    "stoned_value_type": null,
    "stoned_acquirer": null,
    "stoneable":
     {"name": "AffiliateTraction UK",
      "permalink": "affiliatetraction-uk"}},
   {"id": 26116,
    "description": "AffiliateTraction UK has announced the initial team line-up for its new London office, who together already have over 25 years experience in the Performance Marketing industry.",
    "stoned_year": 2012,
    "stoned_month": 8,
    "stoned_day": 30,
    "source_url": "http://www.affiliatetraction.co.uk/about/press.php",
    "source_text": null,
    "source_description": "AffiliateTraction UK Announces Launch Team Line-Up",
    "stoneable_type": "Company",
    "stoned_value": null,
    "stoned_value_type": null,
    "stoned_acquirer": null,
    "stoneable":
     {"name": "AffiliateTraction UK",
      "permalink": "affiliatetraction-uk"}},
   {"id": 27346,
    "description": "AffiliateTraction today announces its integration with Webgains to finally enable publishers to drive sales directly from Social Media, and in turn allow advertiser clients to track sales via the channel without a tracking link.",
    "stoned_year": 2012,
    "stoned_month": 10,
    "stoned_day": 25,
    "source_url": "http://www.1888pressrelease.com/affiliatetraction-teams-with-webgains-to-fully-monetise-soci-pr-432667.html",
    "source_text": null,
    "source_description": "AffiliateTraction Teams With Webgains to Fully Monetise Social's Word of Mouth Sales Potential",
    "stoneable_type": "Company",
    "stoned_value": null,
    "stoned_value_type": null,
    "stoned_acquirer": null,
    "stoneable":
     {"name": "AffiliateTraction UK",
      "permalink": "affiliatetraction-uk"}}],
 "ipo": null,
 "video_embeds":
  [],
 "screenshots":
  [{"available_sizes":
     [[[150,
        115],
       "http://api-images.crunchbase.com/assets/images/resized/0020/9049/209049v2-max-150x150.jpg"],
      [[250,
        192],
       "http://api-images.crunchbase.com/assets/images/resized/0020/9049/209049v2-max-250x250.jpg"],
      [[450,
        347],
       "http://api-images.crunchbase.com/assets/images/resized/0020/9049/209049v2-max-450x450.jpg"]],
    "attribution": null}],
 "external_links":
  [],
 "partners":
  []}
