{"name": "Afluenta",
 "permalink": "afluenta",
 "crunchbase_url": "http://www.crunchbase.com/company/afluenta",
 "homepage_url": "http://afluenta.com",
 "blog_url": "http://afluenta.com/blog",
 "blog_feed_url": "http://rss.afluenta.com/blog",
 "twitter_username": "afluenta",
 "category_code": "finance",
 "number_of_employees": 12,
 "founded_year": 2010,
 "founded_month": 5,
 "founded_day": 28,
 "deadpooled_year": null,
 "deadpooled_month": null,
 "deadpooled_day": null,
 "deadpooled_url": null,
 "tag_list": "",
 "alias_list": null,
 "email_address": "contacto@afluenta.com",
 "phone_number": "*54 11 5219 6655",
 "description": "Peer-to-Peer Lending Network",
 "created_at": "Wed Sep 19 21:21:36 UTC 2012",
 "updated_at": "Wed Apr 16 04:39:22 UTC 2014",
 "overview": "\u003Cp\u003EFirst peer-to-peer lending (P2P) network in Latin America. Latin technology company based in Buenos Aires, Argentina with the mission to promote an easy, safe and transparent financial culture. \u003C/p\u003E\n\n\u003Cp\u003EIt develops innovative products which help people handle their money in an easy way. It seeks to become the best alternative  investment for investors, and gives loan applicants who deserve to be granted the loan based on previous credit records the chance to make their projects known.\u003C/p\u003E",
 "image":
  {"available_sizes":
    [[[150,
       46],
      "http://api-images.crunchbase.com/assets/images/resized/0021/2119/212119v2-max-150x150.jpg"],
     [[200,
       62],
      "http://api-images.crunchbase.com/assets/images/resized/0021/2119/212119v2-max-250x250.jpg"],
     [[200,
       62],
      "http://api-images.crunchbase.com/assets/images/resized/0021/2119/212119v2-max-450x450.jpg"]],
   "attribution": null},
 "products":
  [],
 "relationships":
  [{"is_past": false,
    "title": "Founder \u0026 CEO",
    "person":
     {"first_name": "Alejandro",
      "last_name": "Cosentino",
      "permalink": "alejandro-cosentino"}}],
 "competitions":
  [],
 "providerships":
  [],
 "total_money_raised": "$850k",
 "funding_rounds":
  [{"id": 32709,
    "round_code": "seed",
    "source_url": "http://www.nxtplabs.com/news/",
    "source_description": "",
    "raised_amount": 25000.0,
    "raised_currency_code": "USD",
    "funded_year": 2011,
    "funded_month": 1,
    "funded_day": 1,
    "investments":
     [{"company":
        {"name": "NXTP Labs",
         "permalink": "nxtp-labs"},
       "financial_org": null,
       "person": null}]},
   {"id": 45848,
    "round_code": "angel",
    "source_url": "",
    "source_description": "Leones de Bleek",
    "raised_amount": 700000.0,
    "raised_currency_code": "USD",
    "funded_year": 2011,
    "funded_month": 7,
    "funded_day": 27,
    "investments":
     []},
   {"id": 72420,
    "round_code": "seed",
    "source_url": "",
    "source_description": "",
    "raised_amount": 125000.0,
    "raised_currency_code": "USD",
    "funded_year": 2011,
    "funded_month": 9,
    "funded_day": 1,
    "investments":
     [{"company":
        {"name": "NXTP Labs",
         "permalink": "nxtp-labs"},
       "financial_org": null,
       "person": null}]}],
 "investments":
  [],
 "acquisition": null,
 "acquisitions":
  [],
 "offices":
  [{"description": "HQ",
    "address1": "Charcas 5258 Floor 1 Office 101",
    "address2": "",
    "zip_code": "1425",
    "city": "Buenos Aires",
    "state_code": null,
    "country_code": "ARG",
    "latitude": -34.6037232,
    "longitude": -58.3815931}],
 "milestones":
  [],
 "ipo": null,
 "video_embeds":
  [],
 "screenshots":
  [],
 "external_links":
  [],
 "partners":
  []}
