{"name": "AfrikBoutik",
 "permalink": "afrikboutik",
 "crunchbase_url": "http://www.crunchbase.com/company/afrikboutik",
 "homepage_url": "http://www.afrikboutik.com",
 "blog_url": "http://www.afrikboutik.com/wordpress/",
 "blog_feed_url": "http://feeds.feedburner.com/afrikboutik/ODds",
 "twitter_username": "afrikboutik",
 "category_code": "ecommerce",
 "number_of_employees": null,
 "founded_year": 2005,
 "founded_month": 8,
 "founded_day": null,
 "deadpooled_year": null,
 "deadpooled_month": null,
 "deadpooled_day": null,
 "deadpooled_url": null,
 "tag_list": "african-art, african-mask, african-oil-painting, kente-scarves, gifts, traditional-african-clothing",
 "alias_list": null,
 "email_address": "sales@afrikboutik.com",
 "phone_number": "",
 "description": "Handcrafted African Art \u0026 Gifts",
 "created_at": "Thu Oct 18 17:36:28 UTC 2012",
 "updated_at": "Fri Dec 14 02:54:36 UTC 2012",
 "overview": "\u003Cp\u003EAfrikBoutik.com has been delivering authentic African products to customers all around the world since 2005.  We pride ourselves on offering the highest quality one-of-a-kind African goods; whether you want to buy African art sculptures, djembes drums, African clothing, handcrafted jewellery, African masks, leather bags, or African oil paintings, you can count on us to provide you with the best quality products available. \u003C/p\u003E\n\n\u003Cp\u003EAfrikBoutik don\u2019t stock generic mass-produced items; every product on AfrikBoutik.com has been created by a skilled African craftsman, and represents authentic African culture. In addition, AfrikBoutik continually work with new artisans and add new items to our store to make sure you always have access to the best and latest goods on the African market! Our artisans are all extremely talented, and they hand-make their native art pieces, clothing and jewellery, in the traditional way of the tribes where the art originated. There is no substitute for authenticity; if you want genuine African products AfrikBoutik.com is the best store for you. \u003C/p\u003E\n\n\u003Cp\u003EAfrikBoutik also provide the highest level of customer service and guarantees the authenticity of each item on our website and offer an unconditional money-back guarantee on each purchase. Furthermore, you can feel good about every purchase you make through us; each time you buy an item from our store you are helping our artisans and craftsmen in Ghana support themselves and their families while contributing to their local economy. \u003C/p\u003E",
 "image":
  {"available_sizes":
    [[[150,
       150],
      "http://api-images.crunchbase.com/assets/images/resized/0021/6205/216205v2-max-150x150.png"],
     [[193,
       193],
      "http://api-images.crunchbase.com/assets/images/resized/0021/6205/216205v2-max-250x250.png"],
     [[193,
       193],
      "http://api-images.crunchbase.com/assets/images/resized/0021/6205/216205v2-max-450x450.png"]],
   "attribution": null},
 "products":
  [],
 "relationships":
  [],
 "competitions":
  [],
 "providerships":
  [],
 "total_money_raised": "$0",
 "funding_rounds":
  [],
 "investments":
  [],
 "acquisition": null,
 "acquisitions":
  [],
 "offices":
  [],
 "milestones":
  [],
 "ipo": null,
 "video_embeds":
  [],
 "screenshots":
  [],
 "external_links":
  [],
 "partners":
  []}
