{"name": "Agile\u20221",
 "permalink": "agile1",
 "crunchbase_url": "http://www.crunchbase.com/company/agile1",
 "homepage_url": "http://www.agile-1.com",
 "blog_url": "",
 "blog_feed_url": "",
 "twitter_username": null,
 "category_code": null,
 "number_of_employees": null,
 "founded_year": null,
 "founded_month": null,
 "founded_day": null,
 "deadpooled_year": null,
 "deadpooled_month": null,
 "deadpooled_day": null,
 "deadpooled_url": null,
 "tag_list": "",
 "alias_list": "",
 "email_address": "Info@agile1.com",
 "phone_number": "800-365-2281",
 "description": "",
 "created_at": "Sat Sep 22 03:46:56 UTC 2012",
 "updated_at": "Sat Sep 22 03:51:02 UTC 2012",
 "overview": "\u003Cp\u003EAgile\u20221 combines best-of-breed talent procurement technology with experienced workforce management  services teams and consultants, offering a robust suite of end-to-end workforce solutions. They help organizations optimize workforce processes. From the automation of requisitions and timecard management, to supplier relationship support, contractor compliance review, payrolling, workforce planning and recruitment process outsourcing.  Agile\u20221 technology and service solutions help maximize the value of your workforce, decreasing liability and overhead costs associated with human capital management.\u003C/p\u003E",
 "image":
  {"available_sizes":
    [[[120,
       43],
      "http://api-images.crunchbase.com/assets/images/resized/0021/2531/212531v1-max-150x150.jpg"],
     [[120,
       43],
      "http://api-images.crunchbase.com/assets/images/resized/0021/2531/212531v1-max-250x250.jpg"],
     [[120,
       43],
      "http://api-images.crunchbase.com/assets/images/resized/0021/2531/212531v1-max-450x450.jpg"]],
   "attribution": null},
 "products":
  [],
 "relationships":
  [{"is_past": true,
    "title": "Head, Corporate Marketing",
    "person":
     {"first_name": "Eric",
      "last_name": "Forst",
      "permalink": "eric-forst"}}],
 "competitions":
  [],
 "providerships":
  [],
 "total_money_raised": "$0",
 "funding_rounds":
  [],
 "investments":
  [],
 "acquisition": null,
 "acquisitions":
  [],
 "offices":
  [{"description": "",
    "address1": "1999 West 190th Street",
    "address2": "",
    "zip_code": "90504",
    "city": "Torrance",
    "state_code": "CA",
    "country_code": "USA",
    "latitude": null,
    "longitude": null}],
 "milestones":
  [],
 "ipo": null,
 "video_embeds":
  [],
 "screenshots":
  [{"available_sizes":
     [[[150,
        118],
       "http://api-images.crunchbase.com/assets/images/resized/0021/2532/212532v1-max-150x150.jpg"],
      [[250,
        198],
       "http://api-images.crunchbase.com/assets/images/resized/0021/2532/212532v1-max-250x250.jpg"],
      [[450,
        356],
       "http://api-images.crunchbase.com/assets/images/resized/0021/2532/212532v1-max-450x450.jpg"]],
    "attribution": null}],
 "external_links":
  [],
 "partners":
  []}
