{"name": "Agorique",
 "permalink": "agorique",
 "crunchbase_url": "http://www.crunchbase.com/company/agorique",
 "homepage_url": "http://agorique.com",
 "blog_url": "http://agorique.wordpress.com",
 "blog_feed_url": "",
 "twitter_username": "agorique",
 "category_code": "fashion",
 "number_of_employees": 2,
 "founded_year": 2012,
 "founded_month": 7,
 "founded_day": 6,
 "deadpooled_year": null,
 "deadpooled_month": null,
 "deadpooled_day": null,
 "deadpooled_url": null,
 "tag_list": "e-commerce, fashion, b2b",
 "alias_list": null,
 "email_address": "stephanie@agorique.com",
 "phone_number": "+34 695 235 363",
 "description": "B2B Virtual Fashion Marketplace",
 "created_at": "Tue Oct 23 12:12:51 UTC 2012",
 "updated_at": "Fri Sep 27 21:22:34 UTC 2013",
 "overview": "\u003Cp\u003EAgorique is a B2B online marketplace connecting emerging fashion designers with multi-brand retailers 24/7/365.\u003C/p\u003E\n\n\u003Cp\u003EOn one side of the platform, designers can upload their latest collections, search for retailers and manage their sales \u0026amp; marketing from a centralized location. Agorique is helping emerging designers grow their businesses while leaving them time to design.\u003C/p\u003E\n\n\u003Cp\u003EOn the other side of the platform, retailers can customize their search for brands, browse the latest collections and place pre-orders from the comfort of their home, office or shop 24/7/365. Retailers can place orders outside of the traditional buying season, giving them a competitive edge and the ability to keep up with trends and new designers without the high buying minimums.\u003C/p\u003E",
 "image":
  {"available_sizes":
    [[[150,
       51],
      "http://api-images.crunchbase.com/assets/images/resized/0021/6826/216826v2-max-150x150.jpg"],
     [[250,
       85],
      "http://api-images.crunchbase.com/assets/images/resized/0021/6826/216826v2-max-250x250.jpg"],
     [[450,
       153],
      "http://api-images.crunchbase.com/assets/images/resized/0021/6826/216826v2-max-450x450.jpg"]],
   "attribution": null},
 "products":
  [],
 "relationships":
  [{"is_past": true,
    "title": "CEO \u0026 Co-Founder",
    "person":
     {"first_name": "Alexa",
      "last_name": "Buffum",
      "permalink": "alexa-buffum"}},
   {"is_past": true,
    "title": "CMO \u0026 Co-Founder",
    "person":
     {"first_name": "Stephanie",
      "last_name": "Halphen",
      "permalink": "stephanie-halphen"}}],
 "competitions":
  [{"competitor":
     {"name": "JOOR",
      "permalink": "joor"}},
   {"competitor":
     {"name": "Noblivity",
      "permalink": "noblivity"}},
   {"competitor":
     {"name": "Modalyst",
      "permalink": "modalyst"}}],
 "providerships":
  [],
 "total_money_raised": "\u20ac75k",
 "funding_rounds":
  [{"id": 33336,
    "round_code": "seed",
    "source_url": "",
    "source_description": "",
    "raised_amount": 75000.0,
    "raised_currency_code": "EUR",
    "funded_year": 2012,
    "funded_month": 9,
    "funded_day": 1,
    "investments":
     []}],
 "investments":
  [],
 "acquisition": null,
 "acquisitions":
  [],
 "offices":
  [{"description": "Barcelona Activa",
    "address1": "Calle de la Llacuna, 162",
    "address2": "",
    "zip_code": "08018",
    "city": "Barcelona",
    "state_code": null,
    "country_code": "ESP",
    "latitude": 41.406359,
    "longitude": 2.1922076}],
 "milestones":
  [],
 "ipo": null,
 "video_embeds":
  [],
 "screenshots":
  [],
 "external_links":
  [],
 "partners":
  []}
