{"name": "AGT Group",
 "permalink": "agt-group",
 "crunchbase_url": "http://www.crunchbase.com/company/agt-group",
 "homepage_url": null,
 "blog_url": null,
 "blog_feed_url": null,
 "twitter_username": null,
 "category_code": null,
 "number_of_employees": null,
 "founded_year": null,
 "founded_month": null,
 "founded_day": null,
 "deadpooled_year": null,
 "deadpooled_month": null,
 "deadpooled_day": null,
 "deadpooled_url": null,
 "tag_list": null,
 "alias_list": null,
 "email_address": null,
 "phone_number": null,
 "description": null,
 "created_at": "Tue Nov 06 01:39:15 UTC 2012",
 "updated_at": "Wed Nov 07 05:55:10 UTC 2012",
 "overview": null,
 "image": null,
 "products":
  [],
 "relationships":
  [{"is_past": true,
    "title": "Principal",
    "person":
     {"first_name": "Alex",
      "last_name": "Garcia-Tobar",
      "permalink": "alex-garcia-tobar"}},
   {"is_past": true,
    "title": "Senior Researcher",
    "person":
     {"first_name": "Navot",
      "last_name": "Akiva",
      "permalink": "navot-akiva"}}],
 "competitions":
  [],
 "providerships":
  [],
 "total_money_raised": "$0",
 "funding_rounds":
  [],
 "investments":
  [],
 "acquisition": null,
 "acquisitions":
  [],
 "offices":
  [],
 "milestones":
  [],
 "ipo": null,
 "video_embeds":
  [],
 "screenshots":
  [],
 "external_links":
  [],
 "partners":
  []}
