{"name": "aicon.me",
 "permalink": "aicon-me",
 "crunchbase_url": "http://www.crunchbase.com/company/aicon-me",
 "homepage_url": "http://aicon.me",
 "blog_url": "",
 "blog_feed_url": "",
 "twitter_username": "aiconme",
 "category_code": "enterprise",
 "number_of_employees": null,
 "founded_year": 2011,
 "founded_month": null,
 "founded_day": null,
 "deadpooled_year": null,
 "deadpooled_month": null,
 "deadpooled_day": null,
 "deadpooled_url": null,
 "tag_list": "market-research, innovation, business-intelligence, software-development",
 "alias_list": "",
 "email_address": "info@aicon.me",
 "phone_number": "+39 0171 1874069",
 "description": "Open business intelligence for research",
 "created_at": "Tue Aug 28 14:43:43 UTC 2012",
 "updated_at": "Mon Oct 08 13:54:14 UTC 2012",
 "overview": "\u003Cp\u003EWe give researchers precise evaluation of emotions, behaviors and attitudes of customers and users.\u003C/p\u003E\n\n\u003Cp\u003Eaicon.me supports all phases of research, from defining objectives, planning the intervention, the choice of the means of investigation until the completion of reports and the sharing of results.\u003C/p\u003E\n\n\u003Cp\u003Eaicon.me provides the integration of theory and advanced technologies for assessing all the important indicators that are useful to the research achievements.\u003C/p\u003E\n\n\u003Cp\u003EAttention, emotions, perceptions, attitudes, preferences, information content and structure and all the connections between them. We implement online eyetracking, emotions decoding, and information structure and content analysis.\u003C/p\u003E\n\n\u003Cp\u003EOur user interface allow researchers to analyze in real time the data and extract the relevant byte of knowledge they need to take their decisions.\u003C/p\u003E",
 "image":
  {"available_sizes":
    [[[150,
       41],
      "http://api-images.crunchbase.com/assets/images/resized/0021/2917/212917v2-max-150x150.png"],
     [[250,
       69],
      "http://api-images.crunchbase.com/assets/images/resized/0021/2917/212917v2-max-250x250.png"],
     [[450,
       124],
      "http://api-images.crunchbase.com/assets/images/resized/0021/2917/212917v2-max-450x450.png"]],
   "attribution": null},
 "products":
  [],
 "relationships":
  [{"is_past": false,
    "title": "CTO",
    "person":
     {"first_name": "Giancarlo",
      "last_name": "Mirmillo",
      "permalink": "giancarlo-mirmillo"}},
   {"is_past": false,
    "title": "CSA",
    "person":
     {"first_name": "Diego",
      "last_name": "Caravana",
      "permalink": "diego-caravana"}}],
 "competitions":
  [],
 "providerships":
  [],
 "total_money_raised": "$0",
 "funding_rounds":
  [],
 "investments":
  [],
 "acquisition": null,
 "acquisitions":
  [],
 "offices":
  [{"description": "Italy HQ",
    "address1": "Via Sacco e Vanzetti",
    "address2": "",
    "zip_code": "7 - 12100",
    "city": "Cuneo (CN)",
    "state_code": null,
    "country_code": "ITA",
    "latitude": null,
    "longitude": null}],
 "milestones":
  [],
 "ipo": null,
 "video_embeds":
  [],
 "screenshots":
  [{"available_sizes":
     [[[150,
        108],
       "http://api-images.crunchbase.com/assets/images/resized/0020/8513/208513v2-max-150x150.png"],
      [[250,
        181],
       "http://api-images.crunchbase.com/assets/images/resized/0020/8513/208513v2-max-250x250.png"],
      [[450,
        326],
       "http://api-images.crunchbase.com/assets/images/resized/0020/8513/208513v2-max-450x450.png"]],
    "attribution": null}],
 "external_links":
  [],
 "partners":
  []}
