{"name": "aikme",
 "permalink": "aikme",
 "crunchbase_url": "http://www.crunchbase.com/company/aikme",
 "homepage_url": "http://www.aikme.de",
 "blog_url": "",
 "blog_feed_url": "",
 "twitter_username": "aikme_outlet",
 "category_code": "ecommerce",
 "number_of_employees": null,
 "founded_year": 2012,
 "founded_month": null,
 "founded_day": null,
 "deadpooled_year": null,
 "deadpooled_month": null,
 "deadpooled_day": null,
 "deadpooled_url": null,
 "tag_list": "outlet, onlineshop, mainz, fashion",
 "alias_list": null,
 "email_address": "service@aikme.de",
 "phone_number": "",
 "description": "aikme.de | Love that outlet",
 "created_at": "Tue Nov 13 10:15:16 UTC 2012",
 "updated_at": "Fri Nov 16 07:34:19 UTC 2012",
 "overview": "\u003Cp\u003Eaikme | LOVE THAT OUTLET\u003C/p\u003E\n\n\u003Cp\u003Eaikme.de bietet seinen Kunden ein Sortiment von sorgf\u00e4ltig ausgew\u00e4hlten Produkten und Herstellern, die Onlineshopping zu einem einzigartigen Erlebnis machen. Ob aus vergangenen Kollektionen oder brandneuen Artikeln - wir f\u00fchren alles im Bereich Mode, Schuhe und Accessoires. Zus\u00e4tzlich bieten wir eine breite Produktpalette an aktuellen Trends im Home \u0026amp; Living Segment zu dauerhaft g\u00fcnstigen Preisen an. Die Bandbreite reicht von Kerzen, Tischw\u00e4sche, Dekoobjekten und Heimtextilien bis hin zu hochwertigen Hardcover Bildb\u00e4nden. Angeboten wird Ware von namhaften Herstellern wie Boxfresh, Bloomingville Converse, Calvin Klein, Mazine, Nordal Ragwear, Selected, Vero Moda und vielen mehr.\u003C/p\u003E",
 "image":
  {"available_sizes":
    [[[150,
       53],
      "http://api-images.crunchbase.com/assets/images/resized/0022/0374/220374v2-max-150x150.jpg"],
     [[250,
       88],
      "http://api-images.crunchbase.com/assets/images/resized/0022/0374/220374v2-max-250x250.jpg"],
     [[450,
       159],
      "http://api-images.crunchbase.com/assets/images/resized/0022/0374/220374v2-max-450x450.jpg"]],
   "attribution": null},
 "products":
  [],
 "relationships":
  [{"is_past": false,
    "title": "CEO",
    "person":
     {"first_name": "Sascha",
      "last_name": "Coldewey",
      "permalink": "sascha-coldewey"}}],
 "competitions":
  [],
 "providerships":
  [],
 "total_money_raised": "$0",
 "funding_rounds":
  [],
 "investments":
  [],
 "acquisition": null,
 "acquisitions":
  [],
 "offices":
  [],
 "milestones":
  [],
 "ipo": null,
 "video_embeds":
  [],
 "screenshots":
  [],
 "external_links":
  [{"external_url": "http://www.deutsche-startups.de/2012/10/01/von-aikme-bis-tunero-10-brandneue-start-ups-die-man-im-blick-behalten-sollte/",
    "title": "New Start-Up aikme.de"}],
 "partners":
  []}
