{"name": "Air Charter Advisors",
 "permalink": "air-charter-advisors",
 "crunchbase_url": "http://www.crunchbase.com/company/air-charter-advisors",
 "homepage_url": "http://www.aircharteradvisors.com",
 "blog_url": "",
 "blog_feed_url": "",
 "twitter_username": "private_flights",
 "category_code": "other",
 "number_of_employees": 4,
 "founded_year": 2010,
 "founded_month": 8,
 "founded_day": null,
 "deadpooled_year": null,
 "deadpooled_month": null,
 "deadpooled_day": null,
 "deadpooled_url": null,
 "tag_list": "private-jet-charter, air-charter-service, air-charter, jet-charter, charter-flights, medical-air-charter, cargo-air-charter, jet-charter-broker, air-charter-company",
 "alias_list": null,
 "email_address": "info@aircharteradvisors.com",
 "phone_number": "+1-888-987-5387",
 "description": "Private Jet Charters",
 "created_at": "Mon Oct 22 03:48:28 UTC 2012",
 "updated_at": "Wed Dec 12 07:16:47 UTC 2012",
 "overview": "\u003Cp\u003EAir Charter Advisors is a Miami Florida based private jet charter broker company specializing in arranging private jet, helicopter, medial charters, and air cargo charter flights.\u003C/p\u003E\n\n\u003Cp\u003EAir Charter service is used by wealthy and affluent individuals for leisure and vacation flights, along with executives for their corporate travel.\u003C/p\u003E\n\n\u003Cp\u003EMedical Air Charter flights are used for emergency and non-emergency medical transportation and are arrange on private jets and helicopters.\u003C/p\u003E\n\n\u003Cp\u003ECargo Air Charter is arranged for the transportation of important machinery, equipment, materials, and other items which may be needed in a time sensitive situation or at a remote location not accessible by commercial airlines.\u003C/p\u003E",
 "image":
  {"available_sizes":
    [[[150,
       71],
      "http://api-images.crunchbase.com/assets/images/resized/0021/6525/216525v2-max-150x150.jpg"],
     [[250,
       118],
      "http://api-images.crunchbase.com/assets/images/resized/0021/6525/216525v2-max-250x250.jpg"],
     [[366,
       174],
      "http://api-images.crunchbase.com/assets/images/resized/0021/6525/216525v2-max-450x450.jpg"]],
   "attribution": null},
 "products":
  [],
 "relationships":
  [{"is_past": false,
    "title": "President",
    "person":
     {"first_name": "Adam",
      "last_name": "Steiger",
      "permalink": "adam-steiger"}}],
 "competitions":
  [{"competitor":
     {"name": "Air Charter Service",
      "permalink": "air-charter-service"}},
   {"competitor":
     {"name": "NetJets",
      "permalink": "netjets"}}],
 "providerships":
  [{"title": "Web design",
    "is_past": false,
    "provider":
     {"name": "Exults",
      "permalink": "exults"}},
   {"title": "Printing services",
    "is_past": false,
    "provider":
     {"name": "Miami Printing FL",
      "permalink": "miami-printing-fl"}}],
 "total_money_raised": "$0",
 "funding_rounds":
  [],
 "investments":
  [],
 "acquisition": null,
 "acquisitions":
  [],
 "offices":
  [{"description": "World Headquarters",
    "address1": "245 SE 1ST STREET",
    "address2": "SUITE 404",
    "zip_code": "33131",
    "city": "Miami",
    "state_code": "FL",
    "country_code": "USA",
    "latitude": 25.7735593,
    "longitude": -80.1894096}],
 "milestones":
  [],
 "ipo": null,
 "video_embeds":
  [],
 "screenshots":
  [{"available_sizes":
     [[[150,
        148],
       "http://api-images.crunchbase.com/assets/images/resized/0021/6524/216524v2-max-150x150.jpg"],
      [[250,
        247],
       "http://api-images.crunchbase.com/assets/images/resized/0021/6524/216524v2-max-250x250.jpg"],
      [[450,
        445],
       "http://api-images.crunchbase.com/assets/images/resized/0021/6524/216524v2-max-450x450.jpg"]],
    "attribution": null}],
 "external_links":
  [{"external_url": "http://www.urecomm.com/air-charter-advisors-private-jet-chartering",
    "title": "URECOMMEND MAGAZINE"},
   {"external_url": "http://www.soflanights.com/?p=47823",
    "title": "New Website Launch"},
   {"external_url": "http://www.modernbutlers.com/resources/luxury-providers/",
    "title": "Butler Society"},
   {"external_url": "http://www.luxurytravel-destinations.com/privatejet",
    "title": "Luxury Travel Destinations"}],
 "partners":
  []}
