{"name": "Airizu",
 "permalink": "airizu",
 "crunchbase_url": "http://www.crunchbase.com/company/airizu",
 "homepage_url": null,
 "blog_url": null,
 "blog_feed_url": null,
 "twitter_username": null,
 "category_code": null,
 "number_of_employees": null,
 "founded_year": null,
 "founded_month": null,
 "founded_day": null,
 "deadpooled_year": null,
 "deadpooled_month": null,
 "deadpooled_day": null,
 "deadpooled_url": null,
 "tag_list": "short-term-rental, c2c, airbnb, china",
 "alias_list": null,
 "email_address": null,
 "phone_number": null,
 "description": null,
 "created_at": "Sun Aug 19 13:47:05 UTC 2012",
 "updated_at": "Thu Jan 16 09:53:13 UTC 2014",
 "overview": "\u003Cp\u003EFeatured on CNN, the concept of \u201cShort-term Rental Apartment\u201d has become a new way of travel and accommodation outside their hometown, which upheld by the worldwide backpackers and business people. Beijing Olympics, Shanghai Expo boosted the industry prevailing in China. Nowadays, AIRIZU.COM has grown up and been the guider of this market in China. \u003C/p\u003E\n\n\u003Cp\u003EAIRIZU is an open online rental-transaction platform, where people who have space to spare can connect with those who are looking for a place to stay. No matter if it\u0026#8217;s an urban or suburb apartment, single room or suite, hostel or homehotel, boutique hotel or LOFT, AIRIZU makes it effortless to showcase your space to an audience of millions, and to find the right space at any price point, anywhere. \u003C/p\u003E",
 "image":
  {"available_sizes":
    [[[150,
       109],
      "http://api-images.crunchbase.com/assets/images/resized/0039/4900/394900v2-max-150x150.jpg"],
     [[250,
       183],
      "http://api-images.crunchbase.com/assets/images/resized/0039/4900/394900v2-max-250x250.jpg"],
     [[385,
       282],
      "http://api-images.crunchbase.com/assets/images/resized/0039/4900/394900v2-max-450x450.jpg"]],
   "attribution": null},
 "products":
  [],
 "relationships":
  [{"is_past": true,
    "title": "Co-founder",
    "person":
     {"first_name": "Alex",
      "last_name": "Zhang",
      "permalink": "alex-zhang-3"}},
   {"is_past": true,
    "title": "Managing Director China",
    "person":
     {"first_name": "Emilian",
      "last_name": "Popa",
      "permalink": "emilian-popa-2"}}],
 "competitions":
  [],
 "providerships":
  [],
 "total_money_raised": "$2M",
 "funding_rounds":
  [{"id": 61249,
    "round_code": "a",
    "source_url": "http://tech.qq.com/a/20110720/000371.htm",
    "source_description": "Tencent News",
    "raised_amount": 2000000.0,
    "raised_currency_code": "USD",
    "funded_year": 2011,
    "funded_month": 7,
    "funded_day": 20,
    "investments":
     [{"company": null,
       "financial_org":
        {"name": "Rocket Internet",
         "permalink": "rocket-internet-3-deleted"},
       "person": null}]}],
 "investments":
  [],
 "acquisition": null,
 "acquisitions":
  [],
 "offices":
  [],
 "milestones":
  [{"id": 45746,
    "description": "Alex Zhang joins as Co-founder",
    "stoned_year": 2011,
    "stoned_month": 4,
    "stoned_day": 11,
    "source_url": "",
    "source_text": null,
    "source_description": "",
    "stoneable_type": "Company",
    "stoned_value": null,
    "stoned_value_type": null,
    "stoned_acquirer": null,
    "stoneable":
     {"name": "Airizu",
      "permalink": "airizu"}}],
 "ipo": null,
 "video_embeds":
  [],
 "screenshots":
  [],
 "external_links":
  [],
 "partners":
  []}
