{"name": "Airing News",
 "permalink": "airing-news",
 "crunchbase_url": "http://www.crunchbase.com/company/airing-news",
 "homepage_url": "http://www.airingnews.com",
 "blog_url": "",
 "blog_feed_url": "",
 "twitter_username": "airingnews",
 "category_code": "web",
 "number_of_employees": 1,
 "founded_year": 2012,
 "founded_month": 11,
 "founded_day": 1,
 "deadpooled_year": null,
 "deadpooled_month": null,
 "deadpooled_day": null,
 "deadpooled_url": null,
 "tag_list": "news, news-aggregation, rss, feed, article",
 "alias_list": null,
 "email_address": "support@airingnews.com",
 "phone_number": "",
 "description": "Web Based News Aggregator",
 "created_at": "Thu Nov 08 17:11:16 UTC 2012",
 "updated_at": "Mon Jul 22 23:07:45 UTC 2013",
 "overview": "\u003Cp\u003EAiring News is a news reading application that aggregates various sources around the web to bring you stories. We collect thousands of news every day and extract news content, images, videos from original link, identify companies, people, products, brands, locations and organizations. Also our news gathering system analysis the article and detect categories and social tags. With thousands of entities and topics you can create your own personalized newspaper. We extract full article from original source with images and videos. You can read full article at Airing News without leaving the website.\nAiring News also provides movie and concert information to you. Our services let you know about playing, upcoming movies and concerts in your city.\u003C/p\u003E",
 "image":
  {"available_sizes":
    [[[150,
       150],
      "http://api-images.crunchbase.com/assets/images/resized/0024/6326/246326v2-max-150x150.png"],
     [[180,
       180],
      "http://api-images.crunchbase.com/assets/images/resized/0024/6326/246326v2-max-250x250.png"],
     [[180,
       180],
      "http://api-images.crunchbase.com/assets/images/resized/0024/6326/246326v2-max-450x450.png"]],
   "attribution": null},
 "products":
  [],
 "relationships":
  [{"is_past": false,
    "title": "Founder",
    "person":
     {"first_name": "Fatih",
      "last_name": "OZKAN",
      "permalink": "fatih-ozkan"}}],
 "competitions":
  [],
 "providerships":
  [],
 "total_money_raised": "$0",
 "funding_rounds":
  [],
 "investments":
  [],
 "acquisition": null,
 "acquisitions":
  [],
 "offices":
  [],
 "milestones":
  [],
 "ipo": null,
 "video_embeds":
  [],
 "screenshots":
  [{"available_sizes":
     [[[150,
        135],
       "http://api-images.crunchbase.com/assets/images/resized/0024/6327/246327v2-max-150x150.jpg"],
      [[250,
        225],
       "http://api-images.crunchbase.com/assets/images/resized/0024/6327/246327v2-max-250x250.jpg"],
      [[450,
        405],
       "http://api-images.crunchbase.com/assets/images/resized/0024/6327/246327v2-max-450x450.jpg"]],
    "attribution": null},
   {"available_sizes":
     [[[150,
        135],
       "http://api-images.crunchbase.com/assets/images/resized/0024/6328/246328v2-max-150x150.jpg"],
      [[250,
        225],
       "http://api-images.crunchbase.com/assets/images/resized/0024/6328/246328v2-max-250x250.jpg"],
      [[450,
        405],
       "http://api-images.crunchbase.com/assets/images/resized/0024/6328/246328v2-max-450x450.jpg"]],
    "attribution": null},
   {"available_sizes":
     [[[150,
        135],
       "http://api-images.crunchbase.com/assets/images/resized/0024/6329/246329v2-max-150x150.jpg"],
      [[250,
        225],
       "http://api-images.crunchbase.com/assets/images/resized/0024/6329/246329v2-max-250x250.jpg"],
      [[450,
        406],
       "http://api-images.crunchbase.com/assets/images/resized/0024/6329/246329v2-max-450x450.jpg"]],
    "attribution": null},
   {"available_sizes":
     [[[150,
        133],
       "http://api-images.crunchbase.com/assets/images/resized/0024/6330/246330v2-max-150x150.jpg"],
      [[250,
        222],
       "http://api-images.crunchbase.com/assets/images/resized/0024/6330/246330v2-max-250x250.jpg"],
      [[450,
        399],
       "http://api-images.crunchbase.com/assets/images/resized/0024/6330/246330v2-max-450x450.jpg"]],
    "attribution": null}],
 "external_links":
  [{"external_url": "https://itunes.apple.com/us/app/airing-news/id673115511?mt=8",
    "title": "iPhone App"}],
 "partners":
  []}
