{"name": "Airphrame",
 "permalink": "airphrame",
 "crunchbase_url": "http://www.crunchbase.com/company/airphrame",
 "homepage_url": "http://www.airphrame.com",
 "blog_url": "",
 "blog_feed_url": "",
 "twitter_username": null,
 "category_code": null,
 "number_of_employees": null,
 "founded_year": 2012,
 "founded_month": 6,
 "founded_day": 17,
 "deadpooled_year": null,
 "deadpooled_month": null,
 "deadpooled_day": null,
 "deadpooled_url": null,
 "tag_list": "",
 "alias_list": "",
 "email_address": "",
 "phone_number": "",
 "description": "",
 "created_at": "Mon Nov 26 02:06:15 UTC 2012",
 "updated_at": "Sat Feb 15 20:42:09 UTC 2014",
 "overview": "\u003Cp\u003EAirphrame, Inc. develops unmanned planes for commercial markets. The company was incorporated in 2012 and is based in San Francisco, California.\u003C/p\u003E",
 "image":
  {"available_sizes":
    [[[150,
       49],
      "http://api-images.crunchbase.com/assets/images/resized/0026/8278/268278v2-max-150x150.png"],
     [[250,
       81],
      "http://api-images.crunchbase.com/assets/images/resized/0026/8278/268278v2-max-250x250.png"],
     [[450,
       147],
      "http://api-images.crunchbase.com/assets/images/resized/0026/8278/268278v2-max-450x450.png"]],
   "attribution": null},
 "products":
  [],
 "relationships":
  [{"is_past": false,
    "title": "Founder",
    "person":
     {"first_name": "Bret",
      "last_name": "Kugelmass",
      "permalink": "bret-kugelmass"}},
   {"is_past": false,
    "title": "Investor",
    "person":
     {"first_name": "Ann",
      "last_name": "Miura-Ko",
      "permalink": "ann-miura-ko"}},
   {"is_past": true,
    "title": "Contractor",
    "person":
     {"first_name": "Peter",
      "last_name": "Strohm",
      "permalink": "peter-strohm"}},
   {"is_past": true,
    "title": "Contractor",
    "person":
     {"first_name": "William",
      "last_name": "Grossman",
      "permalink": "william-grossman"}}],
 "competitions":
  [],
 "providerships":
  [{"title": "Patent Counsel",
    "is_past": false,
    "provider":
     {"name": "Schox Patent Group",
      "permalink": "schox-plc"}}],
 "total_money_raised": "$0",
 "funding_rounds":
  [{"id": 54939,
    "round_code": "seed",
    "source_url": "",
    "source_description": "Silicon Valley Venture Capital Almanac source",
    "raised_amount": null,
    "raised_currency_code": "USD",
    "funded_year": 2013,
    "funded_month": 5,
    "funded_day": 17,
    "investments":
     [{"company": null,
       "financial_org":
        {"name": "FLOODGATE",
         "permalink": "floodgate"},
       "person": null}]}],
 "investments":
  [],
 "acquisition": null,
 "acquisitions":
  [],
 "offices":
  [{"description": "Airphrame",
    "address1": "25 Taylor St",
    "address2": "",
    "zip_code": "94102",
    "city": "San Francisco",
    "state_code": "CA",
    "country_code": "USA",
    "latitude": null,
    "longitude": null}],
 "milestones":
  [],
 "ipo": null,
 "video_embeds":
  [{"embed_code": "\u003Ciframe width=\"430\" height=\"242\" src=\"http://www.youtube.com/embed/9CgerIMl8aE?rel=0\" frameborder=\"0\" allowfullscreen\u003E\u003C/iframe\u003E",
    "description": ""}],
 "screenshots":
  [],
 "external_links":
  [],
 "partners":
  []}
