{"name": "Airport Motor Mile",
 "permalink": "airport-motor-mile",
 "crunchbase_url": "http://www.crunchbase.com/company/airport-motor-mile",
 "homepage_url": "http://www.airportmotormile.com",
 "blog_url": "",
 "blog_feed_url": "",
 "twitter_username": null,
 "category_code": "other",
 "number_of_employees": null,
 "founded_year": null,
 "founded_month": null,
 "founded_day": null,
 "deadpooled_year": null,
 "deadpooled_month": null,
 "deadpooled_day": null,
 "deadpooled_url": null,
 "tag_list": "used-cars-knoxville, used-car-dealers-knoxville, , used-dealerships-knoxville",
 "alias_list": null,
 "email_address": "theairportmotormile@gmail.com",
 "phone_number": "865-970-2615",
 "description": "Cars selling",
 "created_at": "Sat Nov 24 10:12:27 UTC 2012",
 "updated_at": "Sun Nov 25 23:59:33 UTC 2012",
 "overview": "\u003Cp\u003EFind  used and new cars for sale in knoxwille from Airport motor mile local dealers and save THOUSANDS on your next vehicle! We deal in Nissan, Toyota, Chevrolet, Mazda, Jeep, Dodge, Chrysler, Buick, Hyundai, Honda, GMC Cars in the greater Alcoa.\u003C/p\u003E",
 "image":
  {"available_sizes":
    [[[150,
       65],
      "http://api-images.crunchbase.com/assets/images/resized/0022/1962/221962v2-max-150x150.jpg"],
     [[250,
       109],
      "http://api-images.crunchbase.com/assets/images/resized/0022/1962/221962v2-max-250x250.jpg"],
     [[322,
       141],
      "http://api-images.crunchbase.com/assets/images/resized/0022/1962/221962v2-max-450x450.jpg"]],
   "attribution": null},
 "products":
  [],
 "relationships":
  [],
 "competitions":
  [],
 "providerships":
  [],
 "total_money_raised": "$0",
 "funding_rounds":
  [],
 "investments":
  [],
 "acquisition": null,
 "acquisitions":
  [],
 "offices":
  [],
 "milestones":
  [],
 "ipo": null,
 "video_embeds":
  [],
 "screenshots":
  [],
 "external_links":
  [],
 "partners":
  []}
