{"name": "AirPR",
 "permalink": "airpr",
 "crunchbase_url": "http://www.crunchbase.com/company/airpr",
 "homepage_url": "http://www.airpr.com",
 "blog_url": "http://blog.airpr.com/",
 "blog_feed_url": "",
 "twitter_username": "AirPR",
 "category_code": "public_relations",
 "number_of_employees": null,
 "founded_year": 2011,
 "founded_month": null,
 "founded_day": null,
 "deadpooled_year": null,
 "deadpooled_month": null,
 "deadpooled_day": null,
 "deadpooled_url": null,
 "tag_list": "",
 "alias_list": "",
 "email_address": "info@airpr.com",
 "phone_number": "",
 "description": "",
 "created_at": "Wed Sep 26 07:11:03 UTC 2012",
 "updated_at": "Tue Feb 04 01:25:40 UTC 2014",
 "overview": "\u003Cp\u003EAirPR is a technology platform to increase PR performance.\u003C/p\u003E",
 "image":
  {"available_sizes":
    [[[150,
       39],
      "http://api-images.crunchbase.com/assets/images/resized/0021/3095/213095v1-max-150x150.jpg"],
     [[232,
       61],
      "http://api-images.crunchbase.com/assets/images/resized/0021/3095/213095v1-max-250x250.jpg"],
     [[232,
       61],
      "http://api-images.crunchbase.com/assets/images/resized/0021/3095/213095v1-max-450x450.jpg"]],
   "attribution": null},
 "products":
  [],
 "relationships":
  [{"is_past": false,
    "title": "CEO and Co-Founder",
    "person":
     {"first_name": "Sharam",
      "last_name": "Fouladgar-Mercer",
      "permalink": "sharam-fouladgar-mercer"}},
   {"is_past": false,
    "title": "Chief Architect",
    "person":
     {"first_name": "Patrick",
      "last_name": "Liang",
      "permalink": "patrick-liang"}},
   {"is_past": false,
    "title": "CTO and Co-Founder",
    "person":
     {"first_name": "Rajagopal",
      "last_name": "Sathyamurthi",
      "permalink": "rajagopal-sathyamurthi"}},
   {"is_past": false,
    "title": "Chief Strategy Officer",
    "person":
     {"first_name": "Rebekah",
      "last_name": "Iliff",
      "permalink": "rebekah-iliff-2"}}],
 "competitions":
  [],
 "providerships":
  [],
 "total_money_raised": "$1M",
 "funding_rounds":
  [{"id": 32832,
    "round_code": "unattributed",
    "source_url": "http://techcrunch.com/2012/09/25/airpr-funding/",
    "source_description": "AirPR Nabs $1M From 500 Startups, Matt Mullenweg To Help Startups Find Better PR",
    "raised_amount": 1000000.0,
    "raised_currency_code": "USD",
    "funded_year": 2012,
    "funded_month": 9,
    "funded_day": 25,
    "investments":
     [{"company": null,
       "financial_org":
        {"name": "Mohr Davidow Ventures",
         "permalink": "mohr-davidow-ventures"},
       "person": null},
      {"company": null,
       "financial_org":
        {"name": "Crosslink Capital",
         "permalink": "crosslink-capital"},
       "person": null},
      {"company": null,
       "financial_org":
        {"name": "Correlation Ventures",
         "permalink": "correlation-ventures"},
       "person": null},
      {"company": null,
       "financial_org":
        {"name": "500 Startups",
         "permalink": "500-startups"},
       "person": null}]}],
 "investments":
  [],
 "acquisition": null,
 "acquisitions":
  [],
 "offices":
  [{"description": "",
    "address1": "760 Market St.",
    "address2": "5th Floor",
    "zip_code": "94102",
    "city": "San Francisco",
    "state_code": "CA",
    "country_code": "USA",
    "latitude": null,
    "longitude": null}],
 "milestones":
  [],
 "ipo": null,
 "video_embeds":
  [],
 "screenshots":
  [{"available_sizes":
     [[[150,
        77],
       "http://api-images.crunchbase.com/assets/images/resized/0036/0168/360168v1-max-150x150.png"],
      [[250,
        129],
       "http://api-images.crunchbase.com/assets/images/resized/0036/0168/360168v1-max-250x250.png"],
      [[450,
        233],
       "http://api-images.crunchbase.com/assets/images/resized/0036/0168/360168v1-max-450x450.png"]],
    "attribution": null},
   {"available_sizes":
     [[[150,
        80],
       "http://api-images.crunchbase.com/assets/images/resized/0036/0169/360169v1-max-150x150.png"],
      [[250,
        133],
       "http://api-images.crunchbase.com/assets/images/resized/0036/0169/360169v1-max-250x250.png"],
      [[450,
        241],
       "http://api-images.crunchbase.com/assets/images/resized/0036/0169/360169v1-max-450x450.png"]],
    "attribution": null}],
 "external_links":
  [],
 "partners":
  []}
