{"name": "akalak",
 "permalink": "akalak",
 "crunchbase_url": "http://www.crunchbase.com/company/akalak",
 "homepage_url": "http://www.akalak.com",
 "blog_url": "",
 "blog_feed_url": "",
 "twitter_username": null,
 "category_code": "consulting",
 "number_of_employees": 1,
 "founded_year": 2012,
 "founded_month": 6,
 "founded_day": null,
 "deadpooled_year": null,
 "deadpooled_month": null,
 "deadpooled_day": null,
 "deadpooled_url": null,
 "tag_list": "",
 "alias_list": null,
 "email_address": "gorka@akalak.com",
 "phone_number": "+1 415-781-9753",
 "description": "Raising world-changing Startups",
 "created_at": "Tue Aug 21 23:09:30 UTC 2012",
 "updated_at": "Thu Nov 21 10:10:13 UTC 2013",
 "overview": "\u003Cp\u003Eakalak provides Technology and CyberSecurity consulting services for startups and young companies, in the Silicon Valley and Europe.\u003C/p\u003E",
 "image":
  {"available_sizes":
    [[[150,
       111],
      "http://api-images.crunchbase.com/assets/images/resized/0020/7326/207326v2-max-150x150.jpg"],
     [[250,
       185],
      "http://api-images.crunchbase.com/assets/images/resized/0020/7326/207326v2-max-250x250.jpg"],
     [[422,
       313],
      "http://api-images.crunchbase.com/assets/images/resized/0020/7326/207326v2-max-450x450.jpg"]],
   "attribution": null},
 "products":
  [],
 "relationships":
  [{"is_past": false,
    "title": "Founder \u0026 CEO",
    "person":
     {"first_name": "Gorka",
      "last_name": "Sadowski",
      "permalink": "gorka-sadowski"}}],
 "competitions":
  [],
 "providerships":
  [],
 "total_money_raised": "$0",
 "funding_rounds":
  [],
 "investments":
  [],
 "acquisition": null,
 "acquisitions":
  [],
 "offices":
  [{"description": "",
    "address1": "",
    "address2": "",
    "zip_code": "94306",
    "city": "Palo Alto",
    "state_code": "CA",
    "country_code": "USA",
    "latitude": null,
    "longitude": null}],
 "milestones":
  [],
 "ipo": null,
 "video_embeds":
  [],
 "screenshots":
  [],
 "external_links":
  [],
 "partners":
  []}
