{"name": "AKUDA LABS",
 "permalink": "akuda-labs",
 "crunchbase_url": "http://www.crunchbase.com/company/akuda-labs",
 "homepage_url": "http://akuda.com",
 "blog_url": "",
 "blog_feed_url": "",
 "twitter_username": "AkudaLabs",
 "category_code": "other",
 "number_of_employees": 15,
 "founded_year": 2007,
 "founded_month": null,
 "founded_day": null,
 "deadpooled_year": null,
 "deadpooled_month": null,
 "deadpooled_day": null,
 "deadpooled_url": null,
 "tag_list": "big-data, streaming-big-data, big-streaming-data, hypercomputing, supercomputing, social-media",
 "alias_list": null,
 "email_address": "",
 "phone_number": "",
 "description": "Streaming big data hypercomputing",
 "created_at": "Fri Nov 30 23:23:02 UTC 2012",
 "updated_at": "Thu Jan 10 23:53:39 UTC 2013",
 "overview": "\u003Cp\u003EAKUDA LABS is revolutionizing real-time, streaming big data filtering, classification and analytics, making it more accessible and affordable than ever before. \u003C/p\u003E\n\n\u003Cp\u003EThe company\u0026#8217;s proprietary Pulsar hypercomputing platform is the fastest, most efficient real-time stream classification engine available. This pioneering system currently processes 500 million streaming classification operations per second (SCOPS) on a path to 1+ billion SCOPS. \u003C/p\u003E\n\n\u003Cp\u003EAKUDA LABS\u2019 Pulsar transforms big, fast, ugly data into real-time, actionable insight at exponential speed and fractional cost compared to general-purpose solutions.\u003C/p\u003E",
 "image":
  {"available_sizes":
    [[[150,
       51],
      "http://api-images.crunchbase.com/assets/images/resized/0022/3665/223665v2-max-150x150.jpg"],
     [[250,
       85],
      "http://api-images.crunchbase.com/assets/images/resized/0022/3665/223665v2-max-250x250.jpg"],
     [[450,
       153],
      "http://api-images.crunchbase.com/assets/images/resized/0022/3665/223665v2-max-450x450.jpg"]],
   "attribution": null},
 "products":
  [],
 "relationships":
  [{"is_past": false,
    "title": "Co-Founder \u0026 Chief Strategist",
    "person":
     {"first_name": "Mark",
      "last_name": "Langsfeld",
      "permalink": "mark-langsfeld"}},
   {"is_past": false,
    "title": "Co-Founder \u0026 Chief Executive Officer",
    "person":
     {"first_name": "Vince",
      "last_name": "Schiavone",
      "permalink": "vince-schiavone"}},
   {"is_past": false,
    "title": "Co-Founder, Chief Technology Officer",
    "person":
     {"first_name": "Luis",
      "last_name": "Stevens",
      "permalink": "luis-stevens"}},
   {"is_past": false,
    "title": "Chief Financial Officer",
    "person":
     {"first_name": "John",
      "last_name": "Tracey",
      "permalink": "john-tracey"}},
   {"is_past": true,
    "title": "Chief Marketing Officer",
    "person":
     {"first_name": "Mark",
      "last_name": "Harrington",
      "permalink": "mark-harrington"}}],
 "competitions":
  [],
 "providerships":
  [],
 "total_money_raised": "$0",
 "funding_rounds":
  [],
 "investments":
  [],
 "acquisition": null,
 "acquisitions":
  [],
 "offices":
  [{"description": "AKUDA LABS",
    "address1": "333 W. San Carlos St.",
    "address2": "Suite 650",
    "zip_code": "95110",
    "city": "San Jose",
    "state_code": "CA",
    "country_code": "USA",
    "latitude": 37.328809,
    "longitude": -121.894104}],
 "milestones":
  [],
 "ipo": null,
 "video_embeds":
  [{"embed_code": "\u003Ciframe src=\"http://new.livestream.com/accounts/1784005/events/1732413/videos/7768945/player?autoPlay=false\u0026height=254\u0026mute=false\u0026width=430\" width=\"430\" height=\"270\" frameborder=\"0\" scrolling=\"no\"\u003E\u003C/iframe\u003E",
    "description": "\u003Cp\u003EAKUDA LABS CEO Vince Schiavone on AOTV\u003C/p\u003E"},
   {"embed_code": "\u003Ciframe width=\"430\" height=\"242\" src=\"http://www.youtube.com/embed/Nt4tHc6DEtg\" frameborder=\"0\" allowfullscreen\u003E\u003C/iframe\u003E",
    "description": "\u003Cp\u003EAKUDA LABS CEO Vince Schiavone on Venture Summit Big Data Panel\u003C/p\u003E"}],
 "screenshots":
  [],
 "external_links":
  [],
 "partners":
  []}
