{"name": "Albany Software",
 "permalink": "albany-software",
 "crunchbase_url": "http://www.crunchbase.com/company/albany-software",
 "homepage_url": "http://www.albany.co.uk",
 "blog_url": "http://www.albany.co.uk/blog/",
 "blog_feed_url": "",
 "twitter_username": "BottomlineEMEA",
 "category_code": "software",
 "number_of_employees": null,
 "founded_year": 1989,
 "founded_month": null,
 "founded_day": null,
 "deadpooled_year": null,
 "deadpooled_month": null,
 "deadpooled_day": null,
 "deadpooled_url": null,
 "tag_list": "",
 "alias_list": "",
 "email_address": "info@albany.co.uk",
 "phone_number": "+44 (0)1420 547650",
 "description": "",
 "created_at": "Tue Sep 04 02:20:43 UTC 2012",
 "updated_at": "Fri Apr 12 21:01:40 UTC 2013",
 "overview": "\u003Cp\u003EAlbany Software is an award-winning financial solutions developer and the UK\u0026#8217;s leading supplier of Bacs payments software.\u003C/p\u003E",
 "image":
  {"available_sizes":
    [[[150,
       35],
      "http://api-images.crunchbase.com/assets/images/resized/0020/9521/209521v1-max-150x150.png"],
     [[183,
       43],
      "http://api-images.crunchbase.com/assets/images/resized/0020/9521/209521v1-max-250x250.png"],
     [[183,
       43],
      "http://api-images.crunchbase.com/assets/images/resized/0020/9521/209521v1-max-450x450.png"]],
   "attribution": null},
 "products":
  [],
 "relationships":
  [],
 "competitions":
  [],
 "providerships":
  [],
 "total_money_raised": "$0",
 "funding_rounds":
  [],
 "investments":
  [],
 "acquisition":
  {"price_amount": null,
   "price_currency_code": "USD",
   "term_code": null,
   "source_url": "http://www.freshnews.com/news/694305/bottomline-acquire-albany-software",
   "source_description": "Bottomline to Acquire Albany Software",
   "acquired_year": 2012,
   "acquired_month": 9,
   "acquired_day": 3,
   "acquiring_company":
    {"name": "Bottomline Technologies",
     "permalink": "bottomline-technologies"}},
 "acquisitions":
  [],
 "offices":
  [{"description": "",
    "address1": "Albany House",
    "address2": "Omega Park, Alton",
    "zip_code": "GU34 2QE",
    "city": "Hampshire",
    "state_code": null,
    "country_code": "GBR",
    "latitude": null,
    "longitude": null}],
 "milestones":
  [],
 "ipo": null,
 "video_embeds":
  [],
 "screenshots":
  [],
 "external_links":
  [],
 "partners":
  []}
