{"name": "Albert Road Clinic",
 "permalink": "albert-road-clinic",
 "crunchbase_url": "http://www.crunchbase.com/company/albert-road-clinic",
 "homepage_url": "http://albertroadclinic.com.au",
 "blog_url": "",
 "blog_feed_url": "",
 "twitter_username": "RamsayHealth",
 "category_code": "consulting",
 "number_of_employees": null,
 "founded_year": null,
 "founded_month": null,
 "founded_day": null,
 "deadpooled_year": null,
 "deadpooled_month": null,
 "deadpooled_day": null,
 "deadpooled_url": null,
 "tag_list": "",
 "alias_list": null,
 "email_address": "",
 "phone_number": "",
 "description": "",
 "created_at": "Fri Dec 07 13:35:23 UTC 2012",
 "updated_at": "Mon Dec 17 21:14:56 UTC 2012",
 "overview": "\u003Cp\u003EAlbert Road Clinic has a team of specialized health care professionals to create a specific get-well program for a range of mental health, depression and drug and alcohol problems. A calming and caring environment for our patients. A comprehensive approach to mental depression, anxiety and drug / alcohol problems\u003C/p\u003E",
 "image": null,
 "products":
  [],
 "relationships":
  [],
 "competitions":
  [],
 "providerships":
  [],
 "total_money_raised": "$0",
 "funding_rounds":
  [],
 "investments":
  [],
 "acquisition": null,
 "acquisitions":
  [],
 "offices":
  [],
 "milestones":
  [],
 "ipo": null,
 "video_embeds":
  [],
 "screenshots":
  [],
 "external_links":
  [],
 "partners":
  []}
