{"name": "AlchemyDB",
 "permalink": "alchemydb",
 "crunchbase_url": "http://www.crunchbase.com/company/alchemydb",
 "homepage_url": null,
 "blog_url": "",
 "blog_feed_url": "",
 "twitter_username": null,
 "category_code": null,
 "number_of_employees": null,
 "founded_year": null,
 "founded_month": null,
 "founded_day": null,
 "deadpooled_year": null,
 "deadpooled_month": null,
 "deadpooled_day": null,
 "deadpooled_url": null,
 "tag_list": "",
 "alias_list": "",
 "email_address": "",
 "phone_number": "",
 "description": "",
 "created_at": "Wed Aug 29 05:22:46 UTC 2012",
 "updated_at": "Wed Aug 29 05:24:05 UTC 2012",
 "overview": "",
 "image": null,
 "products":
  [],
 "relationships":
  [],
 "competitions":
  [],
 "providerships":
  [],
 "total_money_raised": "$0",
 "funding_rounds":
  [],
 "investments":
  [],
 "acquisition":
  {"price_amount": null,
   "price_currency_code": "USD",
   "term_code": null,
   "source_url": "http://eon.businesswire.com/news/eon/20120828005396/en/database/big-data/NoSQL",
   "source_description": "Aerospike Acquires AlchemyDB NewSQL Database to Build on Predictable Speed and Web-Scale Data Management of Aerospike Real-Time NoSQL Database",
   "acquired_year": 2012,
   "acquired_month": 8,
   "acquired_day": 28,
   "acquiring_company":
    {"name": "Aerospike",
     "permalink": "aerospike"}},
 "acquisitions":
  [],
 "offices":
  [],
 "milestones":
  [],
 "ipo": null,
 "video_embeds":
  [],
 "screenshots":
  [],
 "external_links":
  [],
 "partners":
  []}
