{"name": "Alex Ouwens",
 "permalink": "alex-ouwens",
 "crunchbase_url": "http://www.crunchbase.com/company/alex-ouwens",
 "homepage_url": "http://www.adelaiderealestateagents.com.au",
 "blog_url": "",
 "blog_feed_url": "",
 "twitter_username": "OuwensCasserly",
 "category_code": "consulting",
 "number_of_employees": null,
 "founded_year": null,
 "founded_month": null,
 "founded_day": null,
 "deadpooled_year": null,
 "deadpooled_month": null,
 "deadpooled_day": null,
 "deadpooled_url": null,
 "tag_list": "",
 "alias_list": null,
 "email_address": "",
 "phone_number": "",
 "description": "",
 "created_at": "Fri Dec 07 08:43:42 UTC 2012",
 "updated_at": "Mon Dec 17 21:04:23 UTC 2012",
 "overview": "\u003Cp\u003EAlexander Ouwens was recently awarded the honor of being the number one real estate agent in Adelaide, Australia. He has proven his ability to assist buyers and sellers find the right properties at the right prices across South Australia.\u003C/p\u003E",
 "image": null,
 "products":
  [],
 "relationships":
  [],
 "competitions":
  [],
 "providerships":
  [],
 "total_money_raised": "$0",
 "funding_rounds":
  [],
 "investments":
  [],
 "acquisition": null,
 "acquisitions":
  [],
 "offices":
  [],
 "milestones":
  [],
 "ipo": null,
 "video_embeds":
  [],
 "screenshots":
  [],
 "external_links":
  [],
 "partners":
  []}
