{"name": "ALG",
 "permalink": "alg",
 "crunchbase_url": "http://www.crunchbase.com/company/alg",
 "homepage_url": null,
 "blog_url": null,
 "blog_feed_url": null,
 "twitter_username": null,
 "category_code": null,
 "number_of_employees": null,
 "founded_year": null,
 "founded_month": null,
 "founded_day": null,
 "deadpooled_year": null,
 "deadpooled_month": null,
 "deadpooled_day": null,
 "deadpooled_url": null,
 "tag_list": null,
 "alias_list": null,
 "email_address": null,
 "phone_number": null,
 "description": null,
 "created_at": "Fri Nov 02 18:49:27 UTC 2012",
 "updated_at": "Sun Sep 29 14:27:33 UTC 2013",
 "overview": null,
 "image": null,
 "products":
  [],
 "relationships":
  [{"is_past": false,
    "title": "VP, People",
    "person":
     {"first_name": "Marla",
      "last_name": "Hunter",
      "permalink": "marla-hunter"}},
   {"is_past": false,
    "title": "President",
    "person":
     {"first_name": "Larry",
      "last_name": "Dominique",
      "permalink": "larry-dominique"}}],
 "competitions":
  [],
 "providerships":
  [],
 "total_money_raised": "$0",
 "funding_rounds":
  [],
 "investments":
  [],
 "acquisition":
  {"price_amount": null,
   "price_currency_code": "USD",
   "term_code": null,
   "source_url": "http://www.thedetroitbureau.com/2011/08/truecar-acquiring-industry-bible-alg/",
   "source_description": "The Detroit Bureau",
   "acquired_year": 2011,
   "acquired_month": 10,
   "acquired_day": null,
   "acquiring_company":
    {"name": "TRUECar",
     "permalink": "truecar"}},
 "acquisitions":
  [],
 "offices":
  [],
 "milestones":
  [],
 "ipo": null,
 "video_embeds":
  [],
 "screenshots":
  [],
 "external_links":
  [],
 "partners":
  []}
