{"name": "Alga Energy",
 "permalink": "alga-energy",
 "crunchbase_url": "http://www.crunchbase.com/company/alga-energy",
 "homepage_url": null,
 "blog_url": "",
 "blog_feed_url": "",
 "twitter_username": null,
 "category_code": "cleantech",
 "number_of_employees": null,
 "founded_year": null,
 "founded_month": null,
 "founded_day": null,
 "deadpooled_year": null,
 "deadpooled_month": null,
 "deadpooled_day": null,
 "deadpooled_url": null,
 "tag_list": "",
 "alias_list": "",
 "email_address": "",
 "phone_number": "",
 "description": "",
 "created_at": "Wed Oct 17 11:22:48 UTC 2012",
 "updated_at": "Thu Jun 13 11:18:48 UTC 2013",
 "overview": "\u003Cp\u003EAlgae Energy is currently developing a 100+ acre closed loop photobioreactor plant in South Texas for the production of biofuels and omega 3 rich oils.\u003C/p\u003E",
 "image": null,
 "products":
  [],
 "relationships":
  [],
 "competitions":
  [],
 "providerships":
  [],
 "total_money_raised": "\u20ac3M",
 "funding_rounds":
  [{"id": 33235,
    "round_code": "unattributed",
    "source_url": "http://www.finsmes.com/2012/10/alga-energy-receive-e3m-investment-sici.html?utm_source=feedburner\u0026utm_medium=feed\u0026utm_campaign=Feed%3A+finsmes%2FcNHu+%28FinSMEs%29",
    "source_description": "Alga Energy to Receive \u20ac3M Investment from SICI",
    "raised_amount": 3000000.0,
    "raised_currency_code": "EUR",
    "funded_year": 2012,
    "funded_month": 10,
    "funded_day": 16,
    "investments":
     [{"company": null,
       "financial_org":
        {"name": "Sviluppo Imprese Centro Italia",
         "permalink": "sviluppo-imprese-centro-italia"},
       "person": null}]}],
 "investments":
  [],
 "acquisition": null,
 "acquisitions":
  [],
 "offices":
  [],
 "milestones":
  [],
 "ipo": null,
 "video_embeds":
  [],
 "screenshots":
  [],
 "external_links":
  [],
 "partners":
  []}
