{"name": "Algotochip",
 "permalink": "algotochip",
 "crunchbase_url": "http://www.crunchbase.com/company/algotochip",
 "homepage_url": "http://www.algotochip.com",
 "blog_url": "",
 "blog_feed_url": "",
 "twitter_username": null,
 "category_code": "hardware",
 "number_of_employees": null,
 "founded_year": 2009,
 "founded_month": null,
 "founded_day": null,
 "deadpooled_year": null,
 "deadpooled_month": null,
 "deadpooled_day": null,
 "deadpooled_url": null,
 "tag_list": "",
 "alias_list": "",
 "email_address": "info@algotochip.com",
 "phone_number": "1-408-830-0198",
 "description": "",
 "created_at": "Mon Nov 26 03:29:08 UTC 2012",
 "updated_at": "Mon Mar 03 04:33:40 UTC 2014",
 "overview": "\u003Cp\u003EAlgotochip revolutionizes the development of Digital chip (i.e: Systems on a Chip [SOCs]) by radically shortening the time and reducing the cost of the overall design process. This is made possible by their technology\u0026#8217;s ability to uniquely partition a customer\u0026#8217;s C-code into optimized modules that generate all the hardware and matched software components required for a complete solution to an application.\u003C/p\u003E",
 "image":
  {"available_sizes":
    [[[150,
       25],
      "http://api-images.crunchbase.com/assets/images/resized/0022/2133/222133v1-max-150x150.jpg"],
     [[250,
       42],
      "http://api-images.crunchbase.com/assets/images/resized/0022/2133/222133v1-max-250x250.jpg"],
     [[450,
       76],
      "http://api-images.crunchbase.com/assets/images/resized/0022/2133/222133v1-max-450x450.jpg"]],
   "attribution": null},
 "products":
  [],
 "relationships":
  [{"is_past": false,
    "title": "Founder and CEO",
    "person":
     {"first_name": "Tak",
      "last_name": "Shigihara",
      "permalink": "tak-shigihara"}},
   {"is_past": false,
    "title": "CTO and Founder",
    "person":
     {"first_name": "Satish",
      "last_name": "Padmanabhan",
      "permalink": "satish-padmanabhan"}},
   {"is_past": false,
    "title": "Vice President, Operations and Business Development",
    "person":
     {"first_name": "Mike",
      "last_name": "Hong",
      "permalink": "mike-hong"}}],
 "competitions":
  [],
 "providerships":
  [],
 "total_money_raised": "$0",
 "funding_rounds":
  [{"id": 41077,
    "round_code": "unattributed",
    "source_url": "http://www.businesswire.com/news/home/20130627005027/en/Algotochip-Received-Significant-Investment-Nitto-Denko?utm_source=dlvr.it\u0026utm_medium=twitter",
    "source_description": " Algotochip Received Significant Investment From Nitto Denko ",
    "raised_amount": null,
    "raised_currency_code": "USD",
    "funded_year": 2013,
    "funded_month": 6,
    "funded_day": 27,
    "investments":
     [{"company":
        {"name": "Nitto Denko",
         "permalink": "nitto-denko"},
       "financial_org": null,
       "person": null}]}],
 "investments":
  [],
 "acquisition": null,
 "acquisitions":
  [],
 "offices":
  [{"description": "",
    "address1": "530 Lakeside Drive Ste. 260",
    "address2": "",
    "zip_code": "94085",
    "city": "Sunnyvale",
    "state_code": "CA",
    "country_code": "USA",
    "latitude": null,
    "longitude": null}],
 "milestones":
  [],
 "ipo": null,
 "video_embeds":
  [],
 "screenshots":
  [{"available_sizes":
     [[[150,
        128],
       "http://api-images.crunchbase.com/assets/images/resized/0022/2134/222134v1-max-150x150.jpg"],
      [[250,
        213],
       "http://api-images.crunchbase.com/assets/images/resized/0022/2134/222134v1-max-250x250.jpg"],
      [[450,
        385],
       "http://api-images.crunchbase.com/assets/images/resized/0022/2134/222134v1-max-450x450.jpg"]],
    "attribution": null}],
 "external_links":
  [],
 "partners":
  []}
