{"name": "Alignable",
 "permalink": "alignable",
 "crunchbase_url": "http://www.crunchbase.com/company/alignable",
 "homepage_url": null,
 "blog_url": "",
 "blog_feed_url": "",
 "twitter_username": null,
 "category_code": "other",
 "number_of_employees": null,
 "founded_year": null,
 "founded_month": null,
 "founded_day": null,
 "deadpooled_year": null,
 "deadpooled_month": null,
 "deadpooled_day": null,
 "deadpooled_url": null,
 "tag_list": "",
 "alias_list": "",
 "email_address": "",
 "phone_number": "",
 "description": "",
 "created_at": "Sun Dec 02 13:06:52 UTC 2012",
 "updated_at": "Tue Apr 01 13:30:22 UTC 2014",
 "overview": "\u003Cp\u003EAlignable shifts the power to local businesses by giving them a place to network, market together, grow and support their communities\u003C/p\u003E",
 "image":
  {"available_sizes":
    [[[150,
       34],
      "http://api-images.crunchbase.com/assets/images/resized/0029/9136/299136v2-max-150x150.tiff"],
     [[250,
       57],
      "http://api-images.crunchbase.com/assets/images/resized/0029/9136/299136v2-max-250x250.tiff"],
     [[450,
       103],
      "http://api-images.crunchbase.com/assets/images/resized/0029/9136/299136v2-max-450x450.tiff"]],
   "attribution": null},
 "products":
  [],
 "relationships":
  [{"is_past": false,
    "title": "CEO \u0026 Co-Founder",
    "person":
     {"first_name": "Eric",
      "last_name": "Groves",
      "permalink": "eric-groves"}},
   {"is_past": false,
    "title": "CPO \u0026 Co-Founder",
    "person":
     {"first_name": "Venkat",
      "last_name": "Krishnamurthy",
      "permalink": "venkat-krishnamurthy"}}],
 "competitions":
  [],
 "providerships":
  [],
 "total_money_raised": "$3.54M",
 "funding_rounds":
  [{"id": 71030,
    "round_code": "unattributed",
    "source_url": "http://www.pehub.com/2014/04/small-biz-social-net-alignable-nets-3-54-mln/?utm_source=PE+Hub\u0026utm_medium=twitter\u0026utm_campaign=Feed%3A+pehub%2Fnews%2Fvc+%28PE+HUB+News+%28VC+Deals%29%29",
    "source_description": "Small biz social net Alignable nets $3.54 mln",
    "raised_amount": 3540578.0,
    "raised_currency_code": "USD",
    "funded_year": 2014,
    "funded_month": 4,
    "funded_day": 1,
    "investments":
     [{"company": null,
       "financial_org":
        {"name": "Saturn Partners",
         "permalink": "saturn-venture-partners"},
       "person": null}]}],
 "investments":
  [],
 "acquisition": null,
 "acquisitions":
  [],
 "offices":
  [{"description": "",
    "address1": "1000 Winter Street",
    "address2": "",
    "zip_code": "02451",
    "city": "Waltham",
    "state_code": "MA",
    "country_code": "USA",
    "latitude": null,
    "longitude": null}],
 "milestones":
  [],
 "ipo": null,
 "video_embeds":
  [],
 "screenshots":
  [],
 "external_links":
  [],
 "partners":
  []}
