{"name": "Aline Pumps",
 "permalink": "aline-pumps",
 "crunchbase_url": "http://www.crunchbase.com/company/aline-pumps",
 "homepage_url": "http://www.alinepumps.com",
 "blog_url": "",
 "blog_feed_url": "",
 "twitter_username": null,
 "category_code": "other",
 "number_of_employees": null,
 "founded_year": null,
 "founded_month": null,
 "founded_day": null,
 "deadpooled_year": null,
 "deadpooled_month": null,
 "deadpooled_day": null,
 "deadpooled_url": null,
 "tag_list": "",
 "alias_list": null,
 "email_address": "",
 "phone_number": "",
 "description": "",
 "created_at": "Fri Dec 07 13:38:58 UTC 2012",
 "updated_at": "Mon Dec 17 21:15:07 UTC 2012",
 "overview": "\u003Cp\u003EAline Pumps started in 1995. Located in the southern region of Sydney. We begun business working with low rise construction and have grown our business into the leading supplier of reliable pumps and accessories. \u003C/p\u003E",
 "image": null,
 "products":
  [],
 "relationships":
  [],
 "competitions":
  [],
 "providerships":
  [],
 "total_money_raised": "$0",
 "funding_rounds":
  [],
 "investments":
  [],
 "acquisition": null,
 "acquisitions":
  [],
 "offices":
  [],
 "milestones":
  [],
 "ipo": null,
 "video_embeds":
  [],
 "screenshots":
  [],
 "external_links":
  [],
 "partners":
  []}
