{"name": "All About Sales, Inc.",
 "permalink": "all-about-sales-inc",
 "crunchbase_url": "http://www.crunchbase.com/company/all-about-sales-inc",
 "homepage_url": null,
 "blog_url": null,
 "blog_feed_url": null,
 "twitter_username": null,
 "category_code": null,
 "number_of_employees": null,
 "founded_year": null,
 "founded_month": null,
 "founded_day": null,
 "deadpooled_year": null,
 "deadpooled_month": null,
 "deadpooled_day": null,
 "deadpooled_url": null,
 "tag_list": null,
 "alias_list": null,
 "email_address": null,
 "phone_number": null,
 "description": null,
 "created_at": "Thu Nov 29 16:10:04 UTC 2012",
 "updated_at": "Sun Dec 02 01:04:20 UTC 2012",
 "overview": null,
 "image": null,
 "products":
  [],
 "relationships":
  [],
 "competitions":
  [],
 "providerships":
  [],
 "total_money_raised": "$0",
 "funding_rounds":
  [],
 "investments":
  [],
 "acquisition":
  {"price_amount": null,
   "price_currency_code": "USD",
   "term_code": null,
   "source_url": "http://www.netline.com/Library/article1008.html",
   "source_description": "B2B Lead Gen Innovator NetLine Corporation Acquires All About Sales, Inc. ",
   "acquired_year": 2010,
   "acquired_month": 6,
   "acquired_day": 16,
   "acquiring_company":
    {"name": "NetLine",
     "permalink": "netline"}},
 "acquisitions":
  [],
 "offices":
  [],
 "milestones":
  [],
 "ipo": null,
 "video_embeds":
  [],
 "screenshots":
  [],
 "external_links":
  [],
 "partners":
  []}
