{"name": "All Week Walls",
 "permalink": "all-week-walls",
 "crunchbase_url": "http://www.crunchbase.com/company/all-week-walls",
 "homepage_url": "http://allweekwalls.com",
 "blog_url": "",
 "blog_feed_url": "",
 "twitter_username": "rainne",
 "category_code": "other",
 "number_of_employees": null,
 "founded_year": null,
 "founded_month": null,
 "founded_day": null,
 "deadpooled_year": null,
 "deadpooled_month": null,
 "deadpooled_day": null,
 "deadpooled_url": null,
 "tag_list": "manhattan-pressurized-walls, room-dividers-ny, pressurized-wall-nyc, room-dividers-new-york, temporary-walls-nyc",
 "alias_list": null,
 "email_address": "info@allweekwalls.com",
 "phone_number": "(646) 265-2452 ",
 "description": "Home Improvement",
 "created_at": "Mon Sep 17 06:36:29 UTC 2012",
 "updated_at": "Tue Dec 25 06:03:14 UTC 2012",
 "overview": "\u003Cp\u003ESave up space in your apartment, office, or home by getting All Week Walls room dividers. We offer no walk-up fees, free detaching, and best of all; walls with custom shapes and sizes! We pride ourselves with our courteous and reliable staff, as well as our pressurized walls with excellent quality. We guarantee no damage to your property as we mount and remove the walls. Plus, if you find measuring the area and describing the exact appearance of the wall you wish to install a bit difficult, we will gladly dispatch a representative to your location to do the inspection for you.\u003C/p\u003E",
 "image":
  {"available_sizes":
    [[[150,
       150],
      "http://api-images.crunchbase.com/assets/images/resized/0021/1602/211602v2-max-150x150.jpg"],
     [[200,
       200],
      "http://api-images.crunchbase.com/assets/images/resized/0021/1602/211602v2-max-250x250.jpg"],
     [[200,
       200],
      "http://api-images.crunchbase.com/assets/images/resized/0021/1602/211602v2-max-450x450.jpg"]],
   "attribution": null},
 "products":
  [],
 "relationships":
  [],
 "competitions":
  [],
 "providerships":
  [],
 "total_money_raised": "$0",
 "funding_rounds":
  [],
 "investments":
  [],
 "acquisition": null,
 "acquisitions":
  [],
 "offices":
  [],
 "milestones":
  [{"id": 28748,
    "description": "First NY Times write up!",
    "stoned_year": 2010,
    "stoned_month": 7,
    "stoned_day": 16,
    "source_url": "http://www.nytimes.com/2010/07/18/realestate/18cov.html?pagewanted=all\u0026_r=0",
    "source_text": null,
    "source_description": "",
    "stoneable_type": "Company",
    "stoned_value": null,
    "stoned_value_type": null,
    "stoned_acquirer": null,
    "stoneable":
     {"name": "All Week Walls",
      "permalink": "all-week-walls"}},
   {"id": 28749,
    "description": "Second NY Times write up.",
    "stoned_year": 2010,
    "stoned_month": 12,
    "stoned_day": 12,
    "source_url": "http://www.nytimes.com/2010/12/26/realestate/26cov1.html?pagewanted=all",
    "source_text": null,
    "source_description": "",
    "stoneable_type": "Company",
    "stoned_value": null,
    "stoned_value_type": null,
    "stoned_acquirer": null,
    "stoneable":
     {"name": "All Week Walls",
      "permalink": "all-week-walls"}},
   {"id": 28751,
    "description": "Third NY Times appearance.",
    "stoned_year": 2011,
    "stoned_month": 11,
    "stoned_day": 23,
    "source_url": "http://www.nytimes.com/2011/11/24/garden/should-a-temporary-wall-in-an-apartment-come-down-market-ready.html",
    "source_text": null,
    "source_description": "",
    "stoneable_type": "Company",
    "stoned_value": null,
    "stoned_value_type": null,
    "stoned_acquirer": null,
    "stoneable":
     {"name": "All Week Walls",
      "permalink": "all-week-walls"}}],
 "ipo": null,
 "video_embeds":
  [],
 "screenshots":
  [],
 "external_links":
  [],
 "partners":
  []}
