{"name": "All-In Marketing",
 "permalink": "all-in-marketing",
 "crunchbase_url": "http://www.crunchbase.com/company/all-in-marketing",
 "homepage_url": "http://all-inmarketing.com",
 "blog_url": "http://www.all-inmarketing.com/blog/",
 "blog_feed_url": "http://www.all-inmarketing.com/CMS/UI/Modules/BizBlogger/rss.aspx?tabid=907209\u0026moduleid=1973438\u0026maxcount=25\u0026t=8698534afef4e97153739af5bf63f19f",
 "twitter_username": "all_inmarketing",
 "category_code": "advertising",
 "number_of_employees": 2,
 "founded_year": 2010,
 "founded_month": null,
 "founded_day": null,
 "deadpooled_year": null,
 "deadpooled_month": null,
 "deadpooled_day": null,
 "deadpooled_url": null,
 "tag_list": "internet-marketing, digital-marketing, social-media-expert",
 "alias_list": null,
 "email_address": "adam@all-inmarketing.com",
 "phone_number": "6204331795",
 "description": "New Media Marketing Agency",
 "created_at": "Sat Sep 15 13:41:24 UTC 2012",
 "updated_at": "Thu Sep 20 23:23:03 UTC 2012",
 "overview": "\u003Cp\u003EAll-In Marketing uses new media \u0026amp; digital marketing strategies such as social media, email marketing, \u0026amp; SMS text messaging to help businesses reach their consumers effectively and affordably. \u003C/p\u003E\n\n\u003Cp\u003EAll-In Marketing also builds websites/blogs and helps clients create blogging content. With All-In Marketing, you get a full service agency working to meet your digital marketing needs. Other services All-In Marketing provides are in-store customer loyalty programs, SEM (search engine marketing), SEO (search engine optimization), online ad placements, check-in promotions, and also offers expert knowledge of traditional media advertising such as radio \u0026amp; TV.\u003C/p\u003E\n\n\u003Cp\u003EWith All-In Marketing, you\u0026#8217;re marketing with an Ace up your sleeve.\u003C/p\u003E",
 "image":
  {"available_sizes":
    [[[150,
       150],
      "http://api-images.crunchbase.com/assets/images/resized/0021/1481/211481v2-max-150x150.jpg"],
     [[250,
       250],
      "http://api-images.crunchbase.com/assets/images/resized/0021/1481/211481v2-max-250x250.jpg"],
     [[300,
       300],
      "http://api-images.crunchbase.com/assets/images/resized/0021/1481/211481v2-max-450x450.jpg"]],
   "attribution": null},
 "products":
  [],
 "relationships":
  [],
 "competitions":
  [],
 "providerships":
  [],
 "total_money_raised": "$0",
 "funding_rounds":
  [],
 "investments":
  [],
 "acquisition": null,
 "acquisitions":
  [],
 "offices":
  [],
 "milestones":
  [],
 "ipo": null,
 "video_embeds":
  [],
 "screenshots":
  [],
 "external_links":
  [],
 "partners":
  []}
