{"name": "AllazoHealth",
 "permalink": "allazo-health",
 "crunchbase_url": "http://www.crunchbase.com/company/allazo-health",
 "homepage_url": "http://allazohealth.com",
 "blog_url": "",
 "blog_feed_url": "",
 "twitter_username": "allazohealth",
 "category_code": "other",
 "number_of_employees": null,
 "founded_year": 2011,
 "founded_month": null,
 "founded_day": null,
 "deadpooled_year": null,
 "deadpooled_month": null,
 "deadpooled_day": null,
 "deadpooled_url": null,
 "tag_list": "healthcare, heath-insurance, pharmacy-benefit-management, healthcare-it, healthcare-analytics, medication-adherance",
 "alias_list": "",
 "email_address": "contact@allazohealth.com",
 "phone_number": "+1 888 464 2776",
 "description": "Improving medication adherence",
 "created_at": "Sat Sep 15 22:48:20 UTC 2012",
 "updated_at": "Wed Apr 09 07:37:11 UTC 2014",
 "overview": "\u003Cp\u003EImproving medication adherence through individualized intervention targeting\u003C/p\u003E\n\n\u003Cp\u003EAllazoHealth\u0026#8217;s analytics service helps clients turn data into actionable insight, revealing the most effective way to influence the behavior of each individual member. \u003C/p\u003E\n\n\u003Cp\u003EImproving medication adherence reduces medical spending, raises Medicare Star Ratings, increases HEDIS scores, and creates a better overall member experience for health insurers and PBMs. Despite the myriad of interventions employed today, increasing medication adherence still proves difficult.\u003C/p\u003E\n\n\u003Cp\u003EAllazoHealth\u2019s AllazoEngine\u2122 combines cutting-edge behavioral science research, industry expertise, and advanced predictive analytics to deeply understand how people will behave and how interventions can change that behavior. We know that each individual is unique and that their responses to interventions are unique as well. AllazoEngine\u2122 leverages existing member data to both anticipate medication non-adherence and forecast the most effective intervention strategy for each individual. \u003C/p\u003E",
 "image":
  {"available_sizes":
    [[[150,
       31],
      "http://api-images.crunchbase.com/assets/images/resized/0021/1509/211509v2-max-150x150.png"],
     [[250,
       52],
      "http://api-images.crunchbase.com/assets/images/resized/0021/1509/211509v2-max-250x250.png"],
     [[269,
       57],
      "http://api-images.crunchbase.com/assets/images/resized/0021/1509/211509v2-max-450x450.png"]],
   "attribution": null},
 "products":
  [],
 "relationships":
  [{"is_past": false,
    "title": "Founder \u0026 CEO",
    "person":
     {"first_name": "Clifford",
      "last_name": "Jones",
      "permalink": "clifford-jones"}},
   {"is_past": false,
    "title": "VP, Sales \u0026 Business Development",
    "person":
     {"first_name": "Charles",
      "last_name": "Boothe",
      "permalink": "charles-boothe"}},
   {"is_past": false,
    "title": "VP, Engineering",
    "person":
     {"first_name": "Lee",
      "last_name": "Cascio",
      "permalink": "lee-cascio"}},
   {"is_past": false,
    "title": "Data Scientist",
    "person":
     {"first_name": "Saed",
      "last_name": "Sayad",
      "permalink": "saed-sayad"}},
   {"is_past": false,
    "title": "Advisor",
    "person":
     {"first_name": "Anne",
      "last_name": "Wilkins",
      "permalink": "anne-wilkins"}},
   {"is_past": false,
    "title": "Advisor",
    "person":
     {"first_name": "Doug",
      "last_name": "Ghertner",
      "permalink": "doug-ghertner"}}],
 "competitions":
  [],
 "providerships":
  [],
 "total_money_raised": "$0",
 "funding_rounds":
  [{"id": 66341,
    "round_code": "seed",
    "source_url": "http://gigaom.com/2012/07/19/meet-health-tech-accelerator-blueprint-healths-new-class-of-startups/",
    "source_description": "Meet health tech accelerator Blueprint Health\u2019s latest class of startups",
    "raised_amount": null,
    "raised_currency_code": "USD",
    "funded_year": 2012,
    "funded_month": 7,
    "funded_day": 19,
    "investments":
     [{"company":
        {"name": "Blueprint Health Accelerator",
         "permalink": "blueprint-health-accelerator"},
       "financial_org": null,
       "person": null}]}],
 "investments":
  [],
 "acquisition": null,
 "acquisitions":
  [],
 "offices":
  [{"description": "",
    "address1": "483 Broadway",
    "address2": "2nd Floor",
    "zip_code": "10013",
    "city": "New York",
    "state_code": "NY",
    "country_code": "USA",
    "latitude": null,
    "longitude": null}],
 "milestones":
  [],
 "ipo": null,
 "video_embeds":
  [],
 "screenshots":
  [{"available_sizes":
     [[[150,
        97],
       "http://api-images.crunchbase.com/assets/images/resized/0042/0896/420896v1-max-150x150.png"],
      [[250,
        161],
       "http://api-images.crunchbase.com/assets/images/resized/0042/0896/420896v1-max-250x250.png"],
      [[450,
        291],
       "http://api-images.crunchbase.com/assets/images/resized/0042/0896/420896v1-max-450x450.png"]],
    "attribution": null}],
 "external_links":
  [{"external_url": "http://gigaom.com/2012/07/19/meet-health-tech-accelerator-blueprint-healths-new-class-of-startups/",
    "title": ""},
   {"external_url": "http://medcitynews.com/2013/02/health-it-startup-can-predict-adherence-and-forecast-best-intervention-strategy/",
    "title": ""},
   {"external_url": "http://medcitynews.com/2013/02/health-it-startup-can-predict-adherence-and-forecast-best-intervention-strategy/",
    "title": "Allazo Health Medcity"}],
 "partners":
  []}
