{"name": "AllDigital",
 "permalink": "alldigital",
 "crunchbase_url": "http://www.crunchbase.com/company/alldigital",
 "homepage_url": "http://www.alldigital.com",
 "blog_url": "",
 "blog_feed_url": "",
 "twitter_username": "AllDigital_Inc",
 "category_code": "other",
 "number_of_employees": 25,
 "founded_year": 2009,
 "founded_month": 8,
 "founded_day": 3,
 "deadpooled_year": null,
 "deadpooled_month": null,
 "deadpooled_day": null,
 "deadpooled_url": null,
 "tag_list": "digital-broadcasting-solutions, live-video, vod, multiscreen-support, authentication, security, mso, ott, over-the-top-tv, cloud-technology, encode, encoding, drm, digital-rights-management, pci-data-security, analytics, ios, android, digital-media-to-dev",
 "alias_list": null,
 "email_address": "sales@alldigital.com",
 "phone_number": "949-250-0701",
 "description": "Digital Broadcasting Solutions",
 "created_at": "Wed Oct 24 21:27:41 UTC 2012",
 "updated_at": "Thu Feb 13 10:22:49 UTC 2014",
 "overview": "\u003Cp\u003EAllDigital, Inc. (OTC.BB.ADGL), is a leading provider of premium digital broadcasting solutions to devices. \u003C/p\u003E\n\n\u003Cp\u003EWith 22 billion Internet connected devices expected by year 2020, the distribution of digital media to Internet connected devices, such as mobile devices, desktop computers and digital televisions, is rapidly becoming a standard business practice for content owners. This is why so many new and innovative ideas for digital services and applications are being developed for media brands, entertainment companies, government agencies, corporations and entrepreneurs. \u003C/p\u003E\n\n\u003Cp\u003EAllDigital offers digital broadcasting solutions that enable the secure transport of digital media to multiple connected devices simultaneously, including mobile computing devices, desktop computers, and digital televisions (\u0026#8220;10-foot\u0026#8221; devices). AllDigital primarily targets content owners and enterprises that have a need to distribute their media assets and online services to a highly fragmented market of IP-enabled devices. Global media and entertainment, enterprise, and organizations (such as government, faith-based groups, and others) have leveraged from the connected device technology to get to market faster, more efficiently. \u003C/p\u003E\n\n\u003Cp\u003EAllDigital\u2019s enterprise grade solutions include AllDigital Broadcast (Radio, Television, and VoD solutions), AllDigital Cloud (Origin Cloud Storage and Transit), SocialMedia Pro (brand and distribute digital media content via Facebook), and Integration Services (custom app development, digital workflow design, and more).\u003C/p\u003E",
 "image":
  {"available_sizes":
    [[[150,
       75],
      "http://api-images.crunchbase.com/assets/images/resized/0021/7088/217088v2-max-150x150.png"],
     [[250,
       125],
      "http://api-images.crunchbase.com/assets/images/resized/0021/7088/217088v2-max-250x250.png"],
     [[450,
       225],
      "http://api-images.crunchbase.com/assets/images/resized/0021/7088/217088v2-max-450x450.png"]],
   "attribution": null},
 "products":
  [],
 "relationships":
  [{"is_past": false,
    "title": "Chairman and CEO",
    "person":
     {"first_name": "Paul",
      "last_name": "Summers",
      "permalink": "paul-summers"}},
   {"is_past": false,
    "title": "Chief Strategist",
    "person":
     {"first_name": "Tim",
      "last_name": "Napoleon",
      "permalink": "tim-napoleon"}},
   {"is_past": false,
    "title": "VP Sales",
    "person":
     {"first_name": "Greg",
      "last_name": "Siefkin",
      "permalink": "greg-siefkin"}},
   {"is_past": false,
    "title": "VP of Network Services",
    "person":
     {"first_name": "Steve",
      "last_name": "Smith",
      "permalink": "steve-smith-7"}},
   {"is_past": false,
    "title": "Director of Media Services",
    "person":
     {"first_name": "David",
      "last_name": "Hemingway",
      "permalink": "david-hemingway"}},
   {"is_past": true,
    "title": "Chief Operations Officer \u0026 Chief Financial Officer",
    "person":
     {"first_name": "John",
      "last_name": "Walpuck",
      "permalink": "john-walpuck"}},
   {"is_past": true,
    "title": "CTO",
    "person":
     {"first_name": "Konstantin",
      "last_name": "Wilms",
      "permalink": "konstantin-wilms"}},
   {"is_past": true,
    "title": "Director of Marketing",
    "person":
     {"first_name": "Kim",
      "last_name": "Troxel",
      "permalink": "kim-troxel"}}],
 "competitions":
  [],
 "providerships":
  [],
 "total_money_raised": "$2.73M",
 "funding_rounds":
  [{"id": 47481,
    "round_code": "debt_round",
    "source_url": "http://www.sec.gov/Archives/edgar/data/1389217/000138921713000003/xslFormDX01/primary_doc.xml",
    "source_description": "SEC",
    "raised_amount": 1325000.0,
    "raised_currency_code": "USD",
    "funded_year": 2013,
    "funded_month": 8,
    "funded_day": 30,
    "investments":
     []},
   {"id": 49407,
    "round_code": "unattributed",
    "source_url": "http://www.sec.gov/Archives/edgar/data/1389217/000138921711000004/xslFormDX01/primary_doc.xml",
    "source_description": "SEC",
    "raised_amount": 762704.0,
    "raised_currency_code": "USD",
    "funded_year": 2011,
    "funded_month": 11,
    "funded_day": 8,
    "investments":
     []},
   {"id": 64507,
    "round_code": "unattributed",
    "source_url": "http://www.sec.gov/Archives/edgar/data/1389217/000149315214000417/xslFormDX01/primary_doc.xml",
    "source_description": "SEC",
    "raised_amount": 637500.0,
    "raised_currency_code": "USD",
    "funded_year": 2014,
    "funded_month": 2,
    "funded_day": 12,
    "investments":
     []}],
 "investments":
  [],
 "acquisition": null,
 "acquisitions":
  [],
 "offices":
  [{"description": "Headquarters",
    "address1": "220 Technology Drive",
    "address2": "Suite 100",
    "zip_code": "92618",
    "city": "Irvine",
    "state_code": "CA",
    "country_code": "USA",
    "latitude": 33.6655611,
    "longitude": -117.7471823}],
 "milestones":
  [],
 "ipo":
  {"valuation_amount": null,
   "valuation_currency_code": "USD",
   "pub_year": 2012,
   "pub_month": 3,
   "pub_day": 12,
   "stock_symbol": "OTC:ADGL"},
 "video_embeds":
  [],
 "screenshots":
  [{"available_sizes":
     [[[150,
        85],
       "http://api-images.crunchbase.com/assets/images/resized/0021/7086/217086v2-max-150x150.png"],
      [[250,
        142],
       "http://api-images.crunchbase.com/assets/images/resized/0021/7086/217086v2-max-250x250.png"],
      [[450,
        256],
       "http://api-images.crunchbase.com/assets/images/resized/0021/7086/217086v2-max-450x450.png"]],
    "attribution": null},
   {"available_sizes":
     [[[150,
        109],
       "http://api-images.crunchbase.com/assets/images/resized/0021/7087/217087v2-max-150x150.png"],
      [[250,
        181],
       "http://api-images.crunchbase.com/assets/images/resized/0021/7087/217087v2-max-250x250.png"],
      [[450,
        327],
       "http://api-images.crunchbase.com/assets/images/resized/0021/7087/217087v2-max-450x450.png"]],
    "attribution": null}],
 "external_links":
  [{"external_url": "http://ceocfointerviews.com/interviews/ADGL-AllDigital12.htm",
    "title": "With Billions of Digitally Connected Devices Worldwide, AllDigital Holdings, Inc. is Right at the Epicenter of the Shift in Technology"},
   {"external_url": "http://finance.yahoo.com/news/alldigital-selects-signiant-digital-content-130000534.html",
    "title": "AllDigital Selects Signiant for Digital Content Exchange"},
   {"external_url": "http://www.alldigital.com/news/press-releases/alldigital-engages-merriman-capital-as-capital-markets-advisor/",
    "title": "AllDigital Engages Merriman Capital as Capital Markets Advisor"},
   {"external_url": "http://www.alldigital.com/news/press-releases/alldigital-to-attend-akamai-edge-from-october-10-12-in-las-vegas/",
    "title": "AllDigital to Attend Akamai Edge from October 10-12 in Las Vegas"},
   {"external_url": "http://www.alldigital.com/news/press-releases/alldigital-to-host-a-webinar-featuring-their-newly-released-ipad-broadcast",
    "title": "AllDigital to Host a Webinar Featuring Their Newly-Released iPad Broadcast TV App"},
   {"external_url": "http://www.alldigital.com/news/press-releases/alldigital-to-attend-central-americas-nextv-summit-on-october-3-4-in-mexico",
    "title": "AllDigital to Attend Central America's NexTV Summit on October 3-4 in Mexico City"},
   {"external_url": "http://www.alldigital.com/news/press-releases/alldigitals-ceo-paul-summers-to-present-at-the-tvnext-conference-on-october",
    "title": "AllDigital's CEO Paul Summers to Present at the TVNext Conference on October 11 in Santa Clara"}],
 "partners":
  []}
