{"name": "AlleyWatch",
 "permalink": "alleywatch",
 "crunchbase_url": "http://www.crunchbase.com/company/alleywatch",
 "homepage_url": "http://alleywatch.com",
 "blog_url": "",
 "blog_feed_url": "http://alleywatch.com/feed",
 "twitter_username": "alleywatch",
 "category_code": "news",
 "number_of_employees": 6,
 "founded_year": 2012,
 "founded_month": 10,
 "founded_day": null,
 "deadpooled_year": null,
 "deadpooled_month": null,
 "deadpooled_day": null,
 "deadpooled_url": null,
 "tag_list": "silcon-alley, nyc, new-york-city, media, publishing, startups, venture-capital, recruitment, jobs, training",
 "alias_list": null,
 "email_address": "info@alleywatch.com",
 "phone_number": "",
 "description": "Startup focused media property",
 "created_at": "Tue Dec 04 22:06:14 UTC 2012",
 "updated_at": "Fri Aug 09 10:12:21 UTC 2013",
 "overview": "\u003Cp\u003EAlleyWatch is the destination for startup news; opinions and reviews; investment and product information; events reported, experienced, seen, heard and overheard in New York and beyond. \u003C/p\u003E\n\n\u003Cp\u003EBut it\u2019s who we are that\u2019s makes us different: we\u2019re the writers and the entrepreneurs; the investors and the mentors; the lawyers and the marketers; the realtors and the recruiters \u2013 the people who work in the industry. Which makes our content the insights and observations of startup scene insiders deconstructing the systems we inhabit to tell the stories that no one else can. \u003C/p\u003E\n\n\u003Cp\u003EWe want to hear about your trials and triumphs, your battles fought and lessons learned: the stories that go untold from the people who go unnoticed. AlleyWatch is here to fill the gap in startup coverage with news, resources and information to connect the community here in New York, the city that never sleeps, filled with dreamers who don\u2019t stop until the world wakes up and takes notice.\u003C/p\u003E",
 "image":
  {"available_sizes":
    [[[150,
       38],
      "http://api-images.crunchbase.com/assets/images/resized/0022/6914/226914v4-max-150x150.png"],
     [[250,
       64],
      "http://api-images.crunchbase.com/assets/images/resized/0022/6914/226914v4-max-250x250.png"],
     [[450,
       115],
      "http://api-images.crunchbase.com/assets/images/resized/0022/6914/226914v4-max-450x450.png"]],
   "attribution": null},
 "products":
  [],
 "relationships":
  [{"is_past": false,
    "title": "Founder",
    "person":
     {"first_name": "Reza",
      "last_name": "Chowdhury",
      "permalink": "reza-chowdhury"}},
   {"is_past": false,
    "title": "Editor in Chief",
    "person":
     {"first_name": "Bonnie",
      "last_name": "Halper",
      "permalink": "bonnie-halper"}},
   {"is_past": true,
    "title": "",
    "person":
     {"first_name": "Brett",
      "last_name": "Petersel",
      "permalink": "brett-petersel"}},
   {"is_past": true,
    "title": "Associate Editor",
    "person":
     {"first_name": "Caitlin",
      "last_name": "L. Conner",
      "permalink": "caitlin-l-conner"}}],
 "competitions":
  [],
 "providerships":
  [{"title": "Technology",
    "is_past": false,
    "provider":
     {"name": "New York Startup Lab",
      "permalink": "new-york-startup-lab"}}],
 "total_money_raised": "$40k",
 "funding_rounds":
  [{"id": 34166,
    "round_code": "seed",
    "source_url": "https://angel.co/alleywatch#overview",
    "source_description": "Angel.co",
    "raised_amount": 40000.0,
    "raised_currency_code": "USD",
    "funded_year": 2012,
    "funded_month": 10,
    "funded_day": 15,
    "investments":
     []}],
 "investments":
  [],
 "acquisition": null,
 "acquisitions":
  [],
 "offices":
  [{"description": "New York Headquarters",
    "address1": "",
    "address2": "",
    "zip_code": "",
    "city": "New York",
    "state_code": "NY",
    "country_code": "USA",
    "latitude": null,
    "longitude": null}],
 "milestones":
  [{"id": 28827,
    "description": "Selected for Microsoft BizSpark program",
    "stoned_year": 2012,
    "stoned_month": 12,
    "stoned_day": null,
    "source_url": "http://www.microsoft.com/bizspark/ConnectResults.aspx?Keyword=alleywatch",
    "source_text": null,
    "source_description": "",
    "stoneable_type": "Company",
    "stoned_value": null,
    "stoned_value_type": null,
    "stoned_acquirer": null,
    "stoneable":
     {"name": "AlleyWatch",
      "permalink": "alleywatch"}},
   {"id": 37968,
    "description": "Wall Street Journal mention",
    "stoned_year": 2013,
    "stoned_month": 8,
    "stoned_day": 8,
    "source_url": "http://online.wsj.com/article/SB10001424127887323477604578654381843964960.html",
    "source_text": null,
    "source_description": "Wall Street Journal",
    "stoneable_type": "Company",
    "stoned_value": null,
    "stoned_value_type": null,
    "stoned_acquirer": null,
    "stoneable":
     {"name": "AlleyWatch",
      "permalink": "alleywatch"}}],
 "ipo": null,
 "video_embeds":
  [{"embed_code": "\u003Ciframe width=\"450\" height=\"253\" src=\"http://www.youtube.com/embed/SMY82mRQ4Tc\" frameborder=\"0\" allowfullscreen\u003E\u003C/iframe\u003E",
    "description": "\u003Cp\u003EAlleyWatch - An Introduction\u003C/p\u003E"}],
 "screenshots":
  [{"available_sizes":
     [[[150,
        82],
       "http://api-images.crunchbase.com/assets/images/resized/0024/9238/249238v2-max-150x150.png"],
      [[250,
        137],
       "http://api-images.crunchbase.com/assets/images/resized/0024/9238/249238v2-max-250x250.png"],
      [[450,
        247],
       "http://api-images.crunchbase.com/assets/images/resized/0024/9238/249238v2-max-450x450.png"]],
    "attribution": null}],
 "external_links":
  [],
 "partners":
  []}
