{"name": "Allied Motion Technologies",
 "permalink": "allied-motion-technologies",
 "crunchbase_url": "http://www.crunchbase.com/company/allied-motion-technologies",
 "homepage_url": "http://www.alliedmotion.com",
 "blog_url": "",
 "blog_feed_url": "",
 "twitter_username": null,
 "category_code": null,
 "number_of_employees": null,
 "founded_year": 1962,
 "founded_month": null,
 "founded_day": null,
 "deadpooled_year": null,
 "deadpooled_month": null,
 "deadpooled_day": null,
 "deadpooled_url": null,
 "tag_list": "",
 "alias_list": "",
 "email_address": "corpinfo@alliedmotion.com",
 "phone_number": "1-303-799-8520",
 "description": "",
 "created_at": "Thu Oct 04 04:07:59 UTC 2012",
 "updated_at": "Sun Oct 20 05:36:08 UTC 2013",
 "overview": "\u003Cp\u003EAllied Motion Technologies is a U.S. public company focused exclusively on serving the motion control market. Allied Motion is listed on the NASDAQ Stock Market; symbol: AMOT.\u003C/p\u003E\n\n\u003Cp\u003EThey design and manufacture motor and servo motion products for the Commercial, Industrial, and Aerospace and Defense markets.\u003C/p\u003E\n\n\u003Cp\u003EAllied Motion is growing both internally and through acquisition, and they intend to be a leading worldwide supplier of technically advanced motion control products to their selected market segments.\u003C/p\u003E",
 "image":
  {"available_sizes":
    [[[150,
       32],
      "http://api-images.crunchbase.com/assets/images/resized/0021/4163/214163v1-max-150x150.jpg"],
     [[250,
       54],
      "http://api-images.crunchbase.com/assets/images/resized/0021/4163/214163v1-max-250x250.jpg"],
     [[280,
       61],
      "http://api-images.crunchbase.com/assets/images/resized/0021/4163/214163v1-max-450x450.jpg"]],
   "attribution": null},
 "products":
  [],
 "relationships":
  [{"is_past": false,
    "title": "President and CEO, Director",
    "person":
     {"first_name": "Richard",
      "last_name": "S. Warzala",
      "permalink": "richard-s-warzala"}},
   {"is_past": false,
    "title": "CFO",
    "person":
     {"first_name": "Robert",
      "last_name": "P. Maida",
      "permalink": "robert-p-maida"}},
   {"is_past": false,
    "title": "Vice President of Marketing and CTO",
    "person":
     {"first_name": "Kenneth",
      "last_name": "R. Wyman",
      "permalink": "kenneth-r-wyman"}},
   {"is_past": false,
    "title": "Board of Directors",
    "person":
     {"first_name": "Michel",
      "last_name": "M. Robert",
      "permalink": "michel-m-robert"}},
   {"is_past": false,
    "title": "Board of Directors",
    "person":
     {"first_name": "Gerald",
      "last_name": "J. Laber",
      "permalink": "gerald-j-laber"}},
   {"is_past": false,
    "title": "Board of Directors",
    "person":
     {"first_name": "Bill",
      "last_name": "P. Montague",
      "permalink": "bill-p-montague"}},
   {"is_past": false,
    "title": "Board of Directors",
    "person":
     {"first_name": "Rollie",
      "last_name": "Heath, Jr.",
      "permalink": "rollie-heath-jr"}},
   {"is_past": false,
    "title": "Board of Directors",
    "person":
     {"first_name": "Richard",
      "last_name": "D. Federico",
      "permalink": "richard-d-federico"}},
   {"is_past": false,
    "title": "Vice President, Secretary and Treasurer",
    "person":
     {"first_name": "Susan",
      "last_name": "M. Chiarmonte",
      "permalink": "susan-m-chiarmonte"}},
   {"is_past": true,
    "title": "Executive Chairman of the Board",
    "person":
     {"first_name": "Richard",
      "last_name": "D. Smith",
      "permalink": "richard-d-smith"}},
   {"is_past": true,
    "title": "Chief Executive Officer",
    "person":
     {"first_name": "Richard",
      "last_name": "D. Smith",
      "permalink": "richard-d-smith"}},
   {"is_past": true,
    "title": "President and Chief Operating Officer",
    "person":
     {"first_name": "Richard",
      "last_name": "S. Warzala",
      "permalink": "richard-s-warzala"}},
   {"is_past": true,
    "title": "Chief Financial Officer",
    "person":
     {"first_name": "Richard",
      "last_name": "D. Smith",
      "permalink": "richard-d-smith"}},
   {"is_past": true,
    "title": "Corporate Tax Manager and Group Controller",
    "person":
     {"first_name": "Susan",
      "last_name": "M. Chiarmonte",
      "permalink": "susan-m-chiarmonte"}}],
 "competitions":
  [],
 "providerships":
  [],
 "total_money_raised": "$0",
 "funding_rounds":
  [],
 "investments":
  [],
 "acquisition": null,
 "acquisitions":
  [{"price_amount": null,
    "price_currency_code": "USD",
    "term_code": null,
    "source_url": "http://www.freshnews.com/news/835880/allied-motion-technologies-inc-acquire-globe-motors-inc-",
    "source_description": "Allied Motion Technologies Inc. to Acquire Globe Motors, Inc.",
    "acquired_year": 2013,
    "acquired_month": 8,
    "acquired_day": 22,
    "company":
     {"name": "Globe Motors",
      "permalink": "globe-motors"}}],
 "offices":
  [{"description": "",
    "address1": "23 Inverness Way East, Ste 150",
    "address2": "",
    "zip_code": "80112-5711",
    "city": "Englewood",
    "state_code": "CO",
    "country_code": "USA",
    "latitude": null,
    "longitude": null}],
 "milestones":
  [],
 "ipo":
  {"valuation_amount": null,
   "valuation_currency_code": "USD",
   "pub_year": null,
   "pub_month": null,
   "pub_day": null,
   "stock_symbol": "NASDAQ:AMOT"},
 "video_embeds":
  [],
 "screenshots":
  [{"available_sizes":
     [[[150,
        126],
       "http://api-images.crunchbase.com/assets/images/resized/0021/4164/214164v1-max-150x150.jpg"],
      [[250,
        211],
       "http://api-images.crunchbase.com/assets/images/resized/0021/4164/214164v1-max-250x250.jpg"],
      [[450,
        380],
       "http://api-images.crunchbase.com/assets/images/resized/0021/4164/214164v1-max-450x450.jpg"]],
    "attribution": null}],
 "external_links":
  [],
 "partners":
  []}
