{"name": "Allied Wallet",
 "permalink": "allied-wallet",
 "crunchbase_url": "http://www.crunchbase.com/company/allied-wallet",
 "homepage_url": "http://www.alliedwallet.com",
 "blog_url": "",
 "blog_feed_url": "",
 "twitter_username": "AlliedWallet",
 "category_code": null,
 "number_of_employees": null,
 "founded_year": null,
 "founded_month": null,
 "founded_day": null,
 "deadpooled_year": null,
 "deadpooled_month": null,
 "deadpooled_day": null,
 "deadpooled_url": null,
 "tag_list": "",
 "alias_list": "",
 "email_address": "",
 "phone_number": "44-203-318-8334",
 "description": "",
 "created_at": "Thu Nov 22 13:52:00 UTC 2012",
 "updated_at": "Tue Jun 25 03:20:20 UTC 2013",
 "overview": "\u003Cp\u003EAllied Wallet continues to revolutionize the e-commerce industry by introducing new and innovative payment processing solutions for online merchants, enabling them to send and receive international payments. With PCI compliant merchant services for nearly any business size, Allied Wallet provides a state-of-the-art payment gateway to optimize online transactions for any company. Allied Wallet continually develops software to integrate with every e-commerce solution in the world.\u003C/p\u003E",
 "image":
  {"available_sizes":
    [[[150,
       48],
      "http://api-images.crunchbase.com/assets/images/resized/0022/1695/221695v1-max-150x150.jpg"],
     [[161,
       52],
      "http://api-images.crunchbase.com/assets/images/resized/0022/1695/221695v1-max-250x250.jpg"],
     [[161,
       52],
      "http://api-images.crunchbase.com/assets/images/resized/0022/1695/221695v1-max-450x450.jpg"]],
   "attribution": null},
 "products":
  [],
 "relationships":
  [],
 "competitions":
  [],
 "providerships":
  [],
 "total_money_raised": "$0",
 "funding_rounds":
  [],
 "investments":
  [],
 "acquisition": null,
 "acquisitions":
  [],
 "offices":
  [{"description": "",
    "address1": "1 Northumberland Avenue, Trafalgar Square",
    "address2": "",
    "zip_code": "WC2N 5BW",
    "city": "London",
    "state_code": null,
    "country_code": "GBR",
    "latitude": 51.5075256,
    "longitude": -0.1279496}],
 "milestones":
  [{"id": 35684,
    "description": "Allied Wallet's User Database Reports 60 Million Users Strong",
    "stoned_year": 2013,
    "stoned_month": 6,
    "stoned_day": 24,
    "source_url": "http://www.freshnews.com/news/813950/allied-wallet-s-user-database-reports-60-million-users-strong",
    "source_text": "",
    "source_description": "Allied Wallet's User Database Reports 60 Million Users Strong",
    "stoneable_type": "Company",
    "stoned_value": null,
    "stoned_value_type": null,
    "stoned_acquirer": null,
    "stoneable":
     {"name": "Allied Wallet",
      "permalink": "allied-wallet"}}],
 "ipo": null,
 "video_embeds":
  [],
 "screenshots":
  [{"available_sizes":
     [[[150,
        110],
       "http://api-images.crunchbase.com/assets/images/resized/0022/1696/221696v1-max-150x150.jpg"],
      [[250,
        184],
       "http://api-images.crunchbase.com/assets/images/resized/0022/1696/221696v1-max-250x250.jpg"],
      [[450,
        332],
       "http://api-images.crunchbase.com/assets/images/resized/0022/1696/221696v1-max-450x450.jpg"]],
    "attribution": null}],
 "external_links":
  [],
 "partners":
  []}
