{"name": "AlloCreche",
 "permalink": "allocreche",
 "crunchbase_url": "http://www.crunchbase.com/company/allocreche",
 "homepage_url": "http://allocreche.fr",
 "blog_url": "http://allocreche.fr/blog/",
 "blog_feed_url": "http://allocreche.fr/blog/rss.xml",
 "twitter_username": "allocreche",
 "category_code": "education",
 "number_of_employees": 2,
 "founded_year": 2011,
 "founded_month": 8,
 "founded_day": 11,
 "deadpooled_year": null,
 "deadpooled_month": null,
 "deadpooled_day": null,
 "deadpooled_url": null,
 "tag_list": "child, creche, preschool, directory, toddlers",
 "alias_list": null,
 "email_address": "contact@allocreche.fr",
 "phone_number": "+332 30 02 11 09",
 "description": "Directory for French preschool places",
 "created_at": "Wed Nov 28 14:24:33 UTC 2012",
 "updated_at": "Wed Dec 12 07:59:49 UTC 2012",
 "overview": "\u003Cp\u003EAlloCreche allows French parents to easily find creches (preschool places) for their children, by browsing through a local directory of 11,000 creches.\u003C/p\u003E\n\n\u003Cp\u003EAlloCreche also provide a news feed, a directory of useful addresses for parents and students, and a lot of informations pages made for young parents and social workers.\u003C/p\u003E",
 "image":
  {"available_sizes":
    [[[150,
       150],
      "http://api-images.crunchbase.com/assets/images/resized/0022/2794/222794v2-max-150x150.png"],
     [[250,
       250],
      "http://api-images.crunchbase.com/assets/images/resized/0022/2794/222794v2-max-250x250.png"],
     [[400,
       400],
      "http://api-images.crunchbase.com/assets/images/resized/0022/2794/222794v2-max-450x450.png"]],
   "attribution": null},
 "products":
  [],
 "relationships":
  [{"is_past": false,
    "title": "Editorial director",
    "person":
     {"first_name": "Baptiste",
      "last_name": "Plac\u00c3\u00a9",
      "permalink": "baptiste-plac"}}],
 "competitions":
  [],
 "providerships":
  [{"title": "",
    "is_past": false,
    "provider":
     {"name": "Google Adsense",
      "permalink": "google-adsense"}},
   {"title": "",
    "is_past": false,
    "provider":
     {"name": "Online SAS",
      "permalink": "online-sas"}}],
 "total_money_raised": "$0",
 "funding_rounds":
  [],
 "investments":
  [],
 "acquisition": null,
 "acquisitions":
  [],
 "offices":
  [{"description": "Main office",
    "address1": "1 av Aristide Briand",
    "address2": "",
    "zip_code": "35000",
    "city": "Rennes",
    "state_code": null,
    "country_code": "FRA",
    "latitude": 48.1102088,
    "longitude": -1.6712689}],
 "milestones":
  [],
 "ipo": null,
 "video_embeds":
  [],
 "screenshots":
  [{"available_sizes":
     [[[150,
        98],
       "http://api-images.crunchbase.com/assets/images/resized/0022/2793/222793v2-max-150x150.jpg"],
      [[250,
        164],
       "http://api-images.crunchbase.com/assets/images/resized/0022/2793/222793v2-max-250x250.jpg"],
      [[450,
        296],
       "http://api-images.crunchbase.com/assets/images/resized/0022/2793/222793v2-max-450x450.jpg"]],
    "attribution": null}],
 "external_links":
  [],
 "partners":
  []}
