{"name": "AllTreatment",
 "permalink": "alltreatment",
 "crunchbase_url": "http://www.crunchbase.com/company/alltreatment",
 "homepage_url": "http://www.alltreatment.com",
 "blog_url": "http://www.alltreatment.com/blog",
 "blog_feed_url": "http://www.alltreatment.com/blog/feed",
 "twitter_username": "AllTreatment",
 "category_code": "other",
 "number_of_employees": 3,
 "founded_year": null,
 "founded_month": null,
 "founded_day": null,
 "deadpooled_year": null,
 "deadpooled_month": null,
 "deadpooled_day": null,
 "deadpooled_url": null,
 "tag_list": "rehab, rehabilitation, treatment, drug-treatment, drug-rehabilitation, treatment-centers, substance-abuse, health",
 "alias_list": null,
 "email_address": "",
 "phone_number": "",
 "description": "Drug Treatment Center Directory",
 "created_at": "Fri Sep 28 21:18:14 UTC 2012",
 "updated_at": "Mon Oct 15 17:40:12 UTC 2012",
 "overview": "\u003Cp\u003EAllTreatment.com is a drug treatment center directory and substance abuse information resource.\u003C/p\u003E\n\n\u003Cp\u003EOur website is dedicated to educating our users about drug and alcohol addiction. We feature a complete directory of drug addiction treatment centers, an article database of information about addicition, a blog about current drug news, and much more.\u003C/p\u003E",
 "image":
  {"available_sizes":
    [[[150,
       15],
      "http://api-images.crunchbase.com/assets/images/resized/0021/3505/213505v2-max-150x150.png"],
     [[250,
       25],
      "http://api-images.crunchbase.com/assets/images/resized/0021/3505/213505v2-max-250x250.png"],
     [[300,
       30],
      "http://api-images.crunchbase.com/assets/images/resized/0021/3505/213505v2-max-450x450.png"]],
   "attribution": null},
 "products":
  [],
 "relationships":
  [],
 "competitions":
  [],
 "providerships":
  [],
 "total_money_raised": "$0",
 "funding_rounds":
  [],
 "investments":
  [],
 "acquisition": null,
 "acquisitions":
  [],
 "offices":
  [],
 "milestones":
  [],
 "ipo": null,
 "video_embeds":
  [],
 "screenshots":
  [],
 "external_links":
  [{"external_url": "http://www.addictipedia.com",
    "title": "A resource for people who use drugs, people who are considering using drugs, and people who care about people who use drugs."}],
 "partners":
  []}
