{"name": "AlltheDeals.nl",
 "permalink": "allthedeals-nl",
 "crunchbase_url": "http://www.crunchbase.com/company/allthedeals-nl",
 "homepage_url": "http://allthedeals.nl",
 "blog_url": "http://allthedeals.nl/blog/",
 "blog_feed_url": "http://allthedeals.nl/blog/feed",
 "twitter_username": "AlltheDealsNL",
 "category_code": "ecommerce",
 "number_of_employees": 2,
 "founded_year": 2012,
 "founded_month": 3,
 "founded_day": 1,
 "deadpooled_year": null,
 "deadpooled_month": null,
 "deadpooled_day": null,
 "deadpooled_url": null,
 "tag_list": "alleen-de-aanbiedingen-die-je-echt-wilt-zien",
 "alias_list": null,
 "email_address": "info@allthedeals.nl",
 "phone_number": "",
 "description": "Dutch Deal Aggregator",
 "created_at": "Fri Oct 19 15:46:57 UTC 2012",
 "updated_at": "Fri Oct 26 17:44:15 UTC 2012",
 "overview": "\u003Cp\u003EAlltheDeals searches and aggregates daily deals sites like Groupon, Sweetdeal and Groupdeal.\u003C/p\u003E",
 "image":
  {"available_sizes":
    [[[150,
       25],
      "http://api-images.crunchbase.com/assets/images/resized/0021/6389/216389v2-max-150x150.png"],
     [[250,
       42],
      "http://api-images.crunchbase.com/assets/images/resized/0021/6389/216389v2-max-250x250.png"],
     [[450,
       75],
      "http://api-images.crunchbase.com/assets/images/resized/0021/6389/216389v2-max-450x450.png"]],
   "attribution": null},
 "products":
  [],
 "relationships":
  [],
 "competitions":
  [],
 "providerships":
  [],
 "total_money_raised": "$0",
 "funding_rounds":
  [],
 "investments":
  [],
 "acquisition": null,
 "acquisitions":
  [],
 "offices":
  [],
 "milestones":
  [],
 "ipo": null,
 "video_embeds":
  [],
 "screenshots":
  [],
 "external_links":
  [],
 "partners":
  []}
