{"name": "allyDVM",
 "permalink": "allydvm",
 "crunchbase_url": "http://www.crunchbase.com/company/allydvm",
 "homepage_url": "http://allydvm.com",
 "blog_url": "",
 "blog_feed_url": "",
 "twitter_username": null,
 "category_code": "software",
 "number_of_employees": null,
 "founded_year": 2011,
 "founded_month": null,
 "founded_day": null,
 "deadpooled_year": null,
 "deadpooled_month": null,
 "deadpooled_day": null,
 "deadpooled_url": null,
 "tag_list": "",
 "alias_list": "",
 "email_address": "info@allydvm.com",
 "phone_number": "855-ALLY-DVM",
 "description": "The veterinarian's ultimate ally",
 "created_at": "Thu Aug 23 03:05:27 UTC 2012",
 "updated_at": "Wed Sep 25 23:17:53 UTC 2013",
 "overview": "\u003Cp\u003EallyDVM provides software and services to veterinary care providers.  The software and services have a demonstrated ability to facilitate effective veterinary medicine and professional practice management.\u003C/p\u003E\n\n\u003Cp\u003EThe company\u2019s myALLY suite of client communication services reduces the administrative burden on veterinary care providers and improves client retention and activity.  The services are provided through two web-based portals:  The Provider Portal and the Patient Portal.  \u003C/p\u003E\n\n\u003Cp\u003EThe Provider Portal allows veterinary care providers to manage communications such as automated appointment reminders, which can be delivered via email, text message, and physical postcard according to the veterinary hospital\u2019s preferences.  \u003C/p\u003E\n\n\u003Cp\u003EThe Patient Portal allows pet owners to access their pets\u2019 electronic medical records, request appointments and medication refills, and more.  \u003C/p\u003E\n\n\u003Cp\u003EVeterinary care providers pay a monthly fee for access to the base myALLY services.  Additional services are also available, including website design and administration, custom marketing campaign management, customized and goal-driven programs that improve compliance, and other targeted consulting services.\u003C/p\u003E\n\n\u003Cp\u003EA winner of the Harvard Business School MVP Competition in 2011, allyDVM\u0026#8217;s achievements have been recognized by other veterinary industry participants.  allyDVM has also been designated as a preferred provider of client communication services for an exclusive, invitation-only group of over 600 hospitals, including some of the most sophisticated and successful animal hospitals in North America.  allyDVM\u0026#8217;s serves prominent veterinarians and industry leaders including past presidents of the American Animal Hospital Association and the American Veterinary Medical Association.\u003C/p\u003E",
 "image":
  {"available_sizes":
    [[[150,
       39],
      "http://api-images.crunchbase.com/assets/images/resized/0020/7601/207601v3-max-150x150.jpg"],
     [[250,
       65],
      "http://api-images.crunchbase.com/assets/images/resized/0020/7601/207601v3-max-250x250.jpg"],
     [[450,
       117],
      "http://api-images.crunchbase.com/assets/images/resized/0020/7601/207601v3-max-450x450.jpg"]],
   "attribution": null},
 "products":
  [{"name": "myALLY - Client Communications Services",
    "permalink": "myally-client-communications-services"}],
 "relationships":
  [],
 "competitions":
  [],
 "providerships":
  [],
 "total_money_raised": "$200k",
 "funding_rounds":
  [{"id": 32093,
    "round_code": "unattributed",
    "source_url": "http://www.masshightech.com/stories/2012/08/20/daily23-Startup-aimed-at-helping-veterinarians-raises-200K.html",
    "source_description": "Startup aimed at helping veterinarians raises $200K",
    "raised_amount": 200000.0,
    "raised_currency_code": "USD",
    "funded_year": 2012,
    "funded_month": 8,
    "funded_day": 22,
    "investments":
     []}],
 "investments":
  [],
 "acquisition": null,
 "acquisitions":
  [],
 "offices":
  [{"description": "",
    "address1": "P.O. Box 382163",
    "address2": "",
    "zip_code": "02238",
    "city": "Cambridge",
    "state_code": "MA",
    "country_code": "USA",
    "latitude": null,
    "longitude": null},
   {"description": "Headquarter",
    "address1": "125 Western Ave Allston",
    "address2": "",
    "zip_code": "02134",
    "city": "",
    "state_code": "MA",
    "country_code": "USA",
    "latitude": 42.3637501,
    "longitude": -71.1233185}],
 "milestones":
  [],
 "ipo": null,
 "video_embeds":
  [],
 "screenshots":
  [{"available_sizes":
     [[[150,
        118],
       "http://api-images.crunchbase.com/assets/images/resized/0020/7602/207602v1-max-150x150.jpg"],
      [[250,
        198],
       "http://api-images.crunchbase.com/assets/images/resized/0020/7602/207602v1-max-250x250.jpg"],
      [[450,
        356],
       "http://api-images.crunchbase.com/assets/images/resized/0020/7602/207602v1-max-450x450.jpg"]],
    "attribution": null}],
 "external_links":
  [],
 "partners":
  []}
