{"name": "Almeda Life Experience Degree",
 "permalink": "almeda-life-experience-degree",
 "crunchbase_url": "http://www.crunchbase.com/company/almeda-life-experience-degree",
 "homepage_url": "http://almedauniversity.org",
 "blog_url": "",
 "blog_feed_url": "",
 "twitter_username": "AlmedaU",
 "category_code": "education",
 "number_of_employees": null,
 "founded_year": 1997,
 "founded_month": null,
 "founded_day": null,
 "deadpooled_year": null,
 "deadpooled_month": null,
 "deadpooled_day": null,
 "deadpooled_url": null,
 "tag_list": "",
 "alias_list": null,
 "email_address": "",
 "phone_number": "(866) 699-8207 ",
 "description": "Online Degrees",
 "created_at": "Tue Oct 09 18:14:06 UTC 2012",
 "updated_at": "Thu Oct 18 00:12:37 UTC 2012",
 "overview": "\u003Cp\u003EAlmeda University is the web\u2019s premier online education center. With accreditation from multiple respected organizations, our school offers effective distance learning for students of all ages. Administrators and instructors work diligently to continually improve courses, curriculums, and the student experience. \u003C/p\u003E\n\n\u003Cp\u003EAt Almeda, students can take real life experience and turn it into college credit. Higher education brings countless benefits and opportunities in today\u2019s competitive world.\nWhat are your educational goals? Almeda can provide the following for prospective students:\u003C/p\u003E\n\n\u003Cp\u003E\uf0a7 Get new students started in a rewarding and challenging career path \uf0a7 Help students find and develop the skills for a new career \uf0a7 Take your professional credentials and potential to the next level \uf0a7 Enrich your life with intellectually stimulating courses, reading, and material\nWhatever your goals, at Almeda University, we have you covered.\u003C/p\u003E\n\n\u003Cp\u003EDegrees Offered\nAlmeda University currently offers a wealth of Associate, Bachelor, and Graduate degrees for students, including the following:\nAssociate Degrees\n\uf0a7 Associate of Arts \uf0a7 Associate of Science\nBachelor Degrees\n\uf0a7 Bachelor of Arts \uf0a7 Bachelor of Science \uf0a7 Bachelor of Commerce \uf0a7 Bachelor of Divinity \uf0a7 Bachelor of Theology \uf0a7 Bachelor of Business Administration \uf0a7 Bachelor of Social Work\nGraduate/Doctoral Degrees\n\uf0a7 Master of Arts \uf0a7 Master of Science \uf0a7 Master of Business Administration \uf0a7 Master of Divinity \uf0a7 Master of Theology \uf0a7 Master of Commerce \uf0a7 Doctor of Theology \uf0a7 Doctor of Business\u003C/p\u003E\n\n\u003Cp\u003EIn today\u2019s age, setting aside time for working professionals to attend traditional Universities may prove difficult or impossible. But with Almeda University\u2019s online degree programs, students from any walk of life have the opportunity to advance their educations. \nAnd with a plethora of both degree and non-degree programs and over 1000 available courses, we offer something for everyone within our University.\u003C/p\u003E",
 "image":
  {"available_sizes":
    [[[150,
       150],
      "http://api-images.crunchbase.com/assets/images/resized/0021/4912/214912v2-max-150x150.jpg"],
     [[150,
       150],
      "http://api-images.crunchbase.com/assets/images/resized/0021/4912/214912v2-max-250x250.jpg"],
     [[150,
       150],
      "http://api-images.crunchbase.com/assets/images/resized/0021/4912/214912v2-max-450x450.jpg"]],
   "attribution": null},
 "products":
  [],
 "relationships":
  [],
 "competitions":
  [],
 "providerships":
  [],
 "total_money_raised": "$0",
 "funding_rounds":
  [],
 "investments":
  [],
 "acquisition": null,
 "acquisitions":
  [],
 "offices":
  [],
 "milestones":
  [],
 "ipo": null,
 "video_embeds":
  [],
 "screenshots":
  [],
 "external_links":
  [],
 "partners":
  []}
