{"name": "Alphaeus Information Technology",
 "permalink": "alphaeus-information-technology",
 "crunchbase_url": "http://www.crunchbase.com/company/alphaeus-information-technology",
 "homepage_url": "http://alit.us",
 "blog_url": "",
 "blog_feed_url": "",
 "twitter_username": null,
 "category_code": "software",
 "number_of_employees": null,
 "founded_year": null,
 "founded_month": null,
 "founded_day": null,
 "deadpooled_year": null,
 "deadpooled_month": null,
 "deadpooled_day": null,
 "deadpooled_url": null,
 "tag_list": "",
 "alias_list": null,
 "email_address": "",
 "phone_number": "",
 "description": "Software Technology Mgt Consultants",
 "created_at": "Fri Sep 21 03:21:31 UTC 2012",
 "updated_at": "Tue Sep 25 02:41:17 UTC 2012",
 "overview": "\u003Cp\u003EFor the past 10 years, we have been Software Technology Management Consultants to small-to-medium enterprises (SMEs). Businesses also rely on Alphaeus Information Technology (ALIT.us) for software application development, training and maintenance, as well as implementation of open source technologies. \u003C/p\u003E\n\n\u003Cp\u003EWe advise senior management on Information Technology strategy, design of enterprise applications, and implementation of company-wide solutions.  \u003C/p\u003E\n\n\u003Cp\u003EThrough innovative software design, we have turned data into mission-critical information through online custom-database web applications.\u003C/p\u003E",
 "image": null,
 "products":
  [],
 "relationships":
  [],
 "competitions":
  [],
 "providerships":
  [],
 "total_money_raised": "$0",
 "funding_rounds":
  [],
 "investments":
  [],
 "acquisition": null,
 "acquisitions":
  [],
 "offices":
  [],
 "milestones":
  [],
 "ipo": null,
 "video_embeds":
  [],
 "screenshots":
  [],
 "external_links":
  [],
 "partners":
  []}
