{"name": "Alpybus",
 "permalink": "alpybus",
 "crunchbase_url": "http://www.crunchbase.com/company/alpybus",
 "homepage_url": "http://www.alpybus.com/home",
 "blog_url": "http://alpybus.blogspot.com/",
 "blog_feed_url": "",
 "twitter_username": "alpybus",
 "category_code": "other",
 "number_of_employees": null,
 "founded_year": null,
 "founded_month": null,
 "founded_day": null,
 "deadpooled_year": null,
 "deadpooled_month": null,
 "deadpooled_day": null,
 "deadpooled_url": null,
 "tag_list": "alpybus, alpybus-uk, airport-transfer-service",
 "alias_list": null,
 "email_address": "alpybusgeneva@gmail.com",
 "phone_number": "00441509 213696",
 "description": "revolutionary low cost airport transfer",
 "created_at": "Wed Nov 21 08:36:53 UTC 2012",
 "updated_at": "Tue Feb 18 10:17:10 UTC 2014",
 "overview": "\u003Cp\u003EAlpyBus is a revolutionary low cost airport transfer service that provides shared shuttles from Geneva Airport to the Chamonix Valley, Verbier and Morzine ski areas.\u003C/p\u003E",
 "image":
  {"available_sizes":
    [[[150,
       47],
      "http://api-images.crunchbase.com/assets/images/resized/0034/7901/347901v2-max-150x150.png"],
     [[250,
       79],
      "http://api-images.crunchbase.com/assets/images/resized/0034/7901/347901v2-max-250x250.png"],
     [[362,
       115],
      "http://api-images.crunchbase.com/assets/images/resized/0034/7901/347901v2-max-450x450.png"]],
   "attribution": null},
 "products":
  [],
 "relationships":
  [],
 "competitions":
  [],
 "providerships":
  [],
 "total_money_raised": "$0",
 "funding_rounds":
  [],
 "investments":
  [],
 "acquisition": null,
 "acquisitions":
  [],
 "offices":
  [{"description": "Switzerland Office",
    "address1": "AlpyBus Sarl,  , Suisse",
    "address2": "8 Rue Du Nant",
    "zip_code": "1207",
    "city": "Geneve",
    "state_code": null,
    "country_code": "CHE",
    "latitude": 46.2050242,
    "longitude": 6.1622535},
   {"description": "UK Office",
    "address1": "306 Beacon Rd",
    "address2": "",
    "zip_code": "LE112RD",
    "city": "Loughborough",
    "state_code": null,
    "country_code": "GBR",
    "latitude": 52.7561211,
    "longitude": -1.2190902}],
 "milestones":
  [],
 "ipo": null,
 "video_embeds":
  [{"embed_code": "\u003Ciframe width=\"420\" height=\"315\" src=\"//www.youtube.com/embed/4kVGZkVnjVI\" frameborder=\"0\" allowfullscreen\u003E\u003C/iframe\u003E",
    "description": "\u003Cp\u003EThe Best Ski Resorts in Canada\u003C/p\u003E"}],
 "screenshots":
  [{"available_sizes":
     [[[150,
        93],
       "http://api-images.crunchbase.com/assets/images/resized/0022/1407/221407v2-max-150x150.jpg"],
      [[250,
        156],
       "http://api-images.crunchbase.com/assets/images/resized/0022/1407/221407v2-max-250x250.jpg"],
      [[450,
        281],
       "http://api-images.crunchbase.com/assets/images/resized/0022/1407/221407v2-max-450x450.jpg"]],
    "attribution": null}],
 "external_links":
  [{"external_url": "http://www.youtube.com/user/alpybus",
    "title": ""}],
 "partners":
  []}
