{"name": "Already Maid",
 "permalink": "already-maid",
 "crunchbase_url": "http://www.crunchbase.com/company/already-maid",
 "homepage_url": "http://www.alreadymaid.com",
 "blog_url": "http://www.alreadymaid.com/our-company/blog/",
 "blog_feed_url": "",
 "twitter_username": "alreadymaid",
 "category_code": "other",
 "number_of_employees": 5,
 "founded_year": 2012,
 "founded_month": 9,
 "founded_day": 1,
 "deadpooled_year": null,
 "deadpooled_month": null,
 "deadpooled_day": null,
 "deadpooled_url": null,
 "tag_list": "houston, maid, cleaning, service, texas",
 "alias_list": null,
 "email_address": "contact@alreadymaid.com",
 "phone_number": "832-429-6243",
 "description": "Premier maid service",
 "created_at": "Fri Nov 30 21:20:42 UTC 2012",
 "updated_at": "Mon Dec 03 07:43:31 UTC 2012",
 "overview": "\u003Cp\u003EAlready Maid is a Houston based, eco-friendly cleaning company offering upscale, premier maid services at affordable rates. \u003C/p\u003E\n\n\u003Cp\u003EAlready Maid offers flat-rate pricing (by number of rooms) and online booking to make the process of booking as simple and streamlined as possible. \u003C/p\u003E\n\n\u003Cp\u003EIn addition to basic cleaning services, a wide variety of additional services is offered ranging from pet-sitting to grocery runs and everything in between.\u003C/p\u003E",
 "image": null,
 "products":
  [],
 "relationships":
  [{"is_past": false,
    "title": "",
    "person":
     {"first_name": "Tebyan",
      "last_name": "Rabbani",
      "permalink": "tebyan-rabbani"}},
   {"is_past": true,
    "title": "Managing Director",
    "person":
     {"first_name": "Nicolai",
      "last_name": "McCrary",
      "permalink": "nicolai-mccrary"}},
   {"is_past": true,
    "title": "Managing Director",
    "person":
     {"first_name": "Bayan",
      "last_name": "Rabbani",
      "permalink": "bayan-rabbani"}}],
 "competitions":
  [],
 "providerships":
  [],
 "total_money_raised": "$0",
 "funding_rounds":
  [],
 "investments":
  [],
 "acquisition": null,
 "acquisitions":
  [],
 "offices":
  [],
 "milestones":
  [],
 "ipo": null,
 "video_embeds":
  [],
 "screenshots":
  [],
 "external_links":
  [],
 "partners":
  []}
