{"name": "AlternativeSoft",
 "permalink": "alternativesoft",
 "crunchbase_url": "http://www.crunchbase.com/company/alternativesoft",
 "homepage_url": null,
 "blog_url": null,
 "blog_feed_url": null,
 "twitter_username": null,
 "category_code": null,
 "number_of_employees": null,
 "founded_year": null,
 "founded_month": null,
 "founded_day": null,
 "deadpooled_year": null,
 "deadpooled_month": null,
 "deadpooled_day": null,
 "deadpooled_url": null,
 "tag_list": null,
 "alias_list": null,
 "email_address": null,
 "phone_number": null,
 "description": null,
 "created_at": "Mon Aug 20 13:27:14 UTC 2012",
 "updated_at": "Wed Dec 18 13:18:15 UTC 2013",
 "overview": null,
 "image":
  {"available_sizes":
    [[[83,
       60],
      "http://api-images.crunchbase.com/assets/images/resized/0037/8683/378683v2-max-150x150.png"],
     [[83,
       60],
      "http://api-images.crunchbase.com/assets/images/resized/0037/8683/378683v2-max-250x250.png"],
     [[83,
       60],
      "http://api-images.crunchbase.com/assets/images/resized/0037/8683/378683v2-max-450x450.png"]],
   "attribution": null},
 "products":
  [],
 "relationships":
  [],
 "competitions":
  [],
 "providerships":
  [],
 "total_money_raised": "$0",
 "funding_rounds":
  [],
 "investments":
  [],
 "acquisition": null,
 "acquisitions":
  [],
 "offices":
  [],
 "milestones":
  [],
 "ipo": null,
 "video_embeds":
  [{"embed_code": "\u003Ciframe width=\"560\" height=\"315\" src=\"//www.youtube.com/embed/OnEOAy1Hf1k\" frameborder=\"0\" allowfullscreen\u003E\u003C/iframe\u003E",
    "description": "\u003Cp\u003EAlternativeSoft Video\u003C/p\u003E"}],
 "screenshots":
  [{"available_sizes":
     [[[150,
        99],
       "http://api-images.crunchbase.com/assets/images/resized/0037/8685/378685v2-max-150x150.png"],
      [[250,
        166],
       "http://api-images.crunchbase.com/assets/images/resized/0037/8685/378685v2-max-250x250.png"],
      [[450,
        299],
       "http://api-images.crunchbase.com/assets/images/resized/0037/8685/378685v2-max-450x450.png"]],
    "attribution": null}],
 "external_links":
  [],
 "partners":
  []}
