{"name": "Alt\u0131n Sepeti",
 "permalink": "altn-sepeti",
 "crunchbase_url": "http://www.crunchbase.com/company/altn-sepeti",
 "homepage_url": "http://www.altinsepeti.com",
 "blog_url": "",
 "blog_feed_url": "",
 "twitter_username": "altinsepeti_com",
 "category_code": "ecommerce",
 "number_of_employees": null,
 "founded_year": 2007,
 "founded_month": null,
 "founded_day": null,
 "deadpooled_year": null,
 "deadpooled_month": null,
 "deadpooled_day": null,
 "deadpooled_url": null,
 "tag_list": "altin, altinsepeti, gold, jewel, jewellery",
 "alias_list": "",
 "email_address": "info@altinsepeti.com",
 "phone_number": "0212 458 37 72",
 "description": "Online Jewellery",
 "created_at": "Fri Nov 30 08:33:37 UTC 2012",
 "updated_at": "Thu Mar 06 06:44:55 UTC 2014",
 "overview": "\u003Cp\u003EAltin Sepeti is a Turkish online jewelry store. It offers rings, bracelets, wristbands, earrings, necklaces, chains, badges, and other accessories made of gold, silver, steel and diamonds. Customers of altinsepeti.com are able to search for jewelry based on price range and other categories.\u003C/p\u003E",
 "image":
  {"available_sizes":
    [[[150,
       73],
      "http://api-images.crunchbase.com/assets/images/resized/0022/3138/223138v2-max-150x150.jpg"],
     [[155,
       76],
      "http://api-images.crunchbase.com/assets/images/resized/0022/3138/223138v2-max-250x250.jpg"],
     [[155,
       76],
      "http://api-images.crunchbase.com/assets/images/resized/0022/3138/223138v2-max-450x450.jpg"]],
   "attribution": null},
 "products":
  [],
 "relationships":
  [],
 "competitions":
  [],
 "providerships":
  [],
 "total_money_raised": "$0",
 "funding_rounds":
  [],
 "investments":
  [],
 "acquisition": null,
 "acquisitions":
  [],
 "offices":
  [{"description": "",
    "address1": "Klodfarer Cad. No 4 Kat 3",
    "address2": "Daire 302, Sultanahmet",
    "zip_code": "",
    "city": "Istanbul",
    "state_code": null,
    "country_code": "TUR",
    "latitude": null,
    "longitude": null}],
 "milestones":
  [],
 "ipo": null,
 "video_embeds":
  [],
 "screenshots":
  [{"available_sizes":
     [[[150,
        101],
       "http://api-images.crunchbase.com/assets/images/resized/0042/8258/428258v1-max-150x150.png"],
      [[250,
        169],
       "http://api-images.crunchbase.com/assets/images/resized/0042/8258/428258v1-max-250x250.png"],
      [[450,
        305],
       "http://api-images.crunchbase.com/assets/images/resized/0042/8258/428258v1-max-450x450.png"]],
    "attribution": null}],
 "external_links":
  [{"external_url": "https://www.facebook.com/altinsepeti.com.tr",
    "title": "Facebook"}],
 "partners":
  [{"partner_name": "webrazzi",
    "homepage_url": "unknown",
    "link_1_url": "http://vt.webrazzi.com/sirket/altin-sepeti",
    "link_2_url": null,
    "link_3_url": null,
    "link_1_name": "webrazzi Page",
    "link_2_name": null,
    "link_3_name": null}]}
