{"name": "AltoStor",
 "permalink": "altostor",
 "crunchbase_url": "http://www.crunchbase.com/company/altostor",
 "homepage_url": null,
 "blog_url": null,
 "blog_feed_url": null,
 "twitter_username": null,
 "category_code": null,
 "number_of_employees": null,
 "founded_year": null,
 "founded_month": null,
 "founded_day": null,
 "deadpooled_year": null,
 "deadpooled_month": null,
 "deadpooled_day": null,
 "deadpooled_url": null,
 "tag_list": null,
 "alias_list": null,
 "email_address": null,
 "phone_number": null,
 "description": null,
 "created_at": "Mon Nov 19 23:50:46 UTC 2012",
 "updated_at": "Tue Nov 20 07:36:56 UTC 2012",
 "overview": null,
 "image": null,
 "products":
  [],
 "relationships":
  [],
 "competitions":
  [],
 "providerships":
  [],
 "total_money_raised": "$0",
 "funding_rounds":
  [],
 "investments":
  [],
 "acquisition":
  {"price_amount": 5100000.0,
   "price_currency_code": "USD",
   "term_code": "cash_and_stock",
   "source_url": "http://www.wandisco.com/news/press-releases/wandisco-completes-acquisition-pioneering-big-data-company-altostor",
   "source_description": "WANdisco Completes Acquisition of Pioneering Big Data Company AltoStor",
   "acquired_year": 2012,
   "acquired_month": 11,
   "acquired_day": 19,
   "acquiring_company":
    {"name": "WANdisco",
     "permalink": "wandisco"}},
 "acquisitions":
  [],
 "offices":
  [],
 "milestones":
  [],
 "ipo": null,
 "video_embeds":
  [],
 "screenshots":
  [],
 "external_links":
  [],
 "partners":
  []}
