{"name": "Alumnize",
 "permalink": "alumnize",
 "crunchbase_url": "http://www.crunchbase.com/company/alumnize",
 "homepage_url": "http://www.alumnize.com",
 "blog_url": "",
 "blog_feed_url": "",
 "twitter_username": "alumnize",
 "category_code": "social",
 "number_of_employees": 10,
 "founded_year": null,
 "founded_month": null,
 "founded_day": null,
 "deadpooled_year": 2014,
 "deadpooled_month": 1,
 "deadpooled_day": null,
 "deadpooled_url": "",
 "tag_list": "alumni-networking, alumni, college, networking, alumnize",
 "alias_list": null,
 "email_address": "",
 "phone_number": "",
 "description": "Alumni Networking. Redefined",
 "created_at": "Fri Oct 05 05:52:16 UTC 2012",
 "updated_at": "Tue Jan 28 19:47:16 UTC 2014",
 "overview": "\u003Cp\u003EWhether you are looking for a job, looking to recruit or looking for ways to enhance professional and personal development, Alumnize offers a platform to network with your alumni to achieve your goals\u003C/p\u003E\n\n\u003Cp\u003ELeverage the Power of Alumni network !! Start Alumnizing!\u003C/p\u003E",
 "image":
  {"available_sizes":
    [[[150,
       150],
      "http://api-images.crunchbase.com/assets/images/resized/0021/4347/214347v2-max-150x150.jpg"],
     [[200,
       200],
      "http://api-images.crunchbase.com/assets/images/resized/0021/4347/214347v2-max-250x250.jpg"],
     [[200,
       200],
      "http://api-images.crunchbase.com/assets/images/resized/0021/4347/214347v2-max-450x450.jpg"]],
   "attribution": null},
 "products":
  [],
 "relationships":
  [{"is_past": false,
    "title": "Founder",
    "person":
     {"first_name": "Karan",
      "last_name": "Nazare",
      "permalink": "karan-nazare"}},
   {"is_past": false,
    "title": "Founder",
    "person":
     {"first_name": "Ashutosh",
      "last_name": "Garg",
      "permalink": "ashutosh-garg-2"}}],
 "competitions":
  [],
 "providerships":
  [],
 "total_money_raised": "$20k",
 "funding_rounds":
  [{"id": 33015,
    "round_code": "angel",
    "source_url": "",
    "source_description": "",
    "raised_amount": 20000.0,
    "raised_currency_code": "USD",
    "funded_year": 2012,
    "funded_month": 10,
    "funded_day": 4,
    "investments":
     []}],
 "investments":
  [],
 "acquisition": null,
 "acquisitions":
  [],
 "offices":
  [],
 "milestones":
  [],
 "ipo": null,
 "video_embeds":
  [],
 "screenshots":
  [],
 "external_links":
  [],
 "partners":
  []}
