{"name": "Amaris Custom Homes",
 "permalink": "amaris-custom-homes",
 "crunchbase_url": "http://www.crunchbase.com/company/amaris-custom-homes",
 "homepage_url": "http://www.minnesotagreenhomebuilder.com",
 "blog_url": "",
 "blog_feed_url": "",
 "twitter_username": null,
 "category_code": "other",
 "number_of_employees": null,
 "founded_year": null,
 "founded_month": null,
 "founded_day": null,
 "deadpooled_year": null,
 "deadpooled_month": null,
 "deadpooled_day": null,
 "deadpooled_url": null,
 "tag_list": "home-builders, green-home-builders",
 "alias_list": null,
 "email_address": "",
 "phone_number": "(651)426-0584",
 "description": "Green Home Builders",
 "created_at": "Mon Oct 01 14:01:20 UTC 2012",
 "updated_at": "Mon Oct 15 18:56:09 UTC 2012",
 "overview": "\u003Cp\u003EAmaris Custom Homes provide high quality, energy efficient homes for the most affordable rates possible.  \u003C/p\u003E\n\n\u003Cp\u003EWe build our homes above and beyond the requirements to ensure the safest and strongest homes.  Our third party raters will tell you that when they come out to verify it.  You know we are doing it right because our green homes are selling and reselling for more money than homes that are built with lower standards all throughout the country. \u003C/p\u003E",
 "image": null,
 "products":
  [],
 "relationships":
  [],
 "competitions":
  [],
 "providerships":
  [],
 "total_money_raised": "$0",
 "funding_rounds":
  [],
 "investments":
  [],
 "acquisition": null,
 "acquisitions":
  [],
 "offices":
  [],
 "milestones":
  [],
 "ipo": null,
 "video_embeds":
  [],
 "screenshots":
  [],
 "external_links":
  [],
 "partners":
  []}
