{"name": "AmateurU.com",
 "permalink": "amateuru-com",
 "crunchbase_url": "http://www.crunchbase.com/company/amateuru-com",
 "homepage_url": "http://AmateurU.com",
 "blog_url": "http://AmateurU.com",
 "blog_feed_url": "http://AmateurU.com",
 "twitter_username": "AmateurU",
 "category_code": "games_video",
 "number_of_employees": 4,
 "founded_year": 2012,
 "founded_month": 1,
 "founded_day": 15,
 "deadpooled_year": null,
 "deadpooled_month": null,
 "deadpooled_day": null,
 "deadpooled_url": null,
 "tag_list": "college-funny-sexy",
 "alias_list": null,
 "email_address": "Blake@Newageproductions.com",
 "phone_number": "954-533-3959",
 "description": "Only the best site ever ",
 "created_at": "Mon Aug 13 16:35:03 UTC 2012",
 "updated_at": "Tue Aug 14 08:23:50 UTC 2012",
 "overview": "\u003Cp\u003EAmateur U is a blog that posts photos, stories and funny tropes/anecdotes for the world to see. It\u0026#8217;s a place for young people to come together and remember their dumbest, funniest, raunchiest college experiences. \u003C/p\u003E\n\n\u003Cp\u003EStarted in March 2012 by three brothers from New Jersey(fuck you, it\u0026#8217;s a Jersey thing) it\u0026#8217;s rapidly growing to be a premiere site on the internet. \u003C/p\u003E",
 "image":
  {"available_sizes":
    [[[148,
       150],
      "http://api-images.crunchbase.com/assets/images/resized/0020/5806/205806v2-max-150x150.jpg"],
     [[246,
       250],
      "http://api-images.crunchbase.com/assets/images/resized/0020/5806/205806v2-max-250x250.jpg"],
     [[402,
       407],
      "http://api-images.crunchbase.com/assets/images/resized/0020/5806/205806v2-max-450x450.jpg"]],
   "attribution": null},
 "products":
  [],
 "relationships":
  [],
 "competitions":
  [],
 "providerships":
  [],
 "total_money_raised": "$0",
 "funding_rounds":
  [],
 "investments":
  [],
 "acquisition": null,
 "acquisitions":
  [],
 "offices":
  [{"description": "",
    "address1": "1541 NW 65 Ave",
    "address2": "",
    "zip_code": "33313",
    "city": "Plantation",
    "state_code": "FL",
    "country_code": "USA",
    "latitude": null,
    "longitude": null}],
 "milestones":
  [],
 "ipo": null,
 "video_embeds":
  [],
 "screenshots":
  [],
 "external_links":
  [],
 "partners":
  []}
