{"name": "AmberFin",
 "permalink": "amberfin",
 "crunchbase_url": "http://www.crunchbase.com/company/amberfin",
 "homepage_url": "http://www.amberfin.com",
 "blog_url": "",
 "blog_feed_url": "",
 "twitter_username": "amberfinicr",
 "category_code": null,
 "number_of_employees": null,
 "founded_year": null,
 "founded_month": null,
 "founded_day": null,
 "deadpooled_year": null,
 "deadpooled_month": null,
 "deadpooled_day": null,
 "deadpooled_url": null,
 "tag_list": "",
 "alias_list": "",
 "email_address": "info@amberfin.com",
 "phone_number": "44(0)1256-317500",
 "description": "",
 "created_at": "Sat Sep 08 13:15:08 UTC 2012",
 "updated_at": "Sat Sep 08 13:17:59 UTC 2012",
 "overview": "\u003Cp\u003EAmberFin enables content owners to maximize the value of their TV, film and video content, from capture through to distribution, while increasing revenues, reducing costs, saving time and eliminating incompatibility issues.\u003C/p\u003E\n\n\u003Cp\u003EAmberFin iCR, with four-time Emmy-award winning technology, plays a key role in turning the content that owners have into the content their customers want. As an open standards, future proof platform that digitizes and transforms new and archived content, AmberFin iCR delivers the best quality pictures at smaller file sizes across multiple delivery platforms, including the Internet, VoD, TV, mobile and other small screen devices.\u003C/p\u003E",
 "image":
  {"available_sizes":
    [[[150,
       105],
      "http://api-images.crunchbase.com/assets/images/resized/0021/0454/210454v1-max-150x150.jpg"],
     [[179,
       126],
      "http://api-images.crunchbase.com/assets/images/resized/0021/0454/210454v1-max-250x250.jpg"],
     [[179,
       126],
      "http://api-images.crunchbase.com/assets/images/resized/0021/0454/210454v1-max-450x450.jpg"]],
   "attribution": null},
 "products":
  [],
 "relationships":
  [{"is_past": false,
    "title": "Board Member",
    "person":
     {"first_name": "Peter",
      "last_name": "Baines",
      "permalink": "peter-baines"}}],
 "competitions":
  [],
 "providerships":
  [],
 "total_money_raised": "$0",
 "funding_rounds":
  [],
 "investments":
  [],
 "acquisition": null,
 "acquisitions":
  [],
 "offices":
  [{"description": "",
    "address1": "Belvedere, Basing View",
    "address2": "Basingstoke",
    "zip_code": "RG21 4HG",
    "city": "Hampshire",
    "state_code": null,
    "country_code": "GBR",
    "latitude": null,
    "longitude": null}],
 "milestones":
  [],
 "ipo": null,
 "video_embeds":
  [],
 "screenshots":
  [{"available_sizes":
     [[[150,
        116],
       "http://api-images.crunchbase.com/assets/images/resized/0021/0455/210455v1-max-150x150.jpg"],
      [[250,
        194],
       "http://api-images.crunchbase.com/assets/images/resized/0021/0455/210455v1-max-250x250.jpg"],
      [[450,
        349],
       "http://api-images.crunchbase.com/assets/images/resized/0021/0455/210455v1-max-450x450.jpg"]],
    "attribution": null}],
 "external_links":
  [],
 "partners":
  []}
