{"name": "AmberMedia",
 "permalink": "ambermedia",
 "crunchbase_url": "http://www.crunchbase.com/company/ambermedia",
 "homepage_url": "http://www.ambermedia.net",
 "blog_url": "http://www.ambermedia.net/blog",
 "blog_feed_url": "",
 "twitter_username": "Amber_Media",
 "category_code": "web",
 "number_of_employees": 15,
 "founded_year": 2011,
 "founded_month": 12,
 "founded_day": 1,
 "deadpooled_year": null,
 "deadpooled_month": null,
 "deadpooled_day": null,
 "deadpooled_url": null,
 "tag_list": "web-web-development-web-design-wordpress-html-php-seo-cms-ecommerce",
 "alias_list": null,
 "email_address": "info@ambermedia.net",
 "phone_number": "",
 "description": "Web-development ",
 "created_at": "Tue Sep 18 19:21:06 UTC 2012",
 "updated_at": "Mon Sep 24 19:57:16 UTC 2012",
 "overview": "\u003Cp\u003EAmberMedia is IT development company operating on the Europe market. Our strong point is providing high quality web services such as web-programming, web-design, SEO, content-management and technical support for our clients. We are the IT company of a full circle. It means that we provide services in web-development (web-design, programming), SEO, content-management and technical support. If you need a great web-site which can bring money, so we can create it perfectly for you. \nAmberMedia is an ideal company for you to develop your business in te Internet. \nOur reliable and professional team will offer the high-class services at very competitive prices.\u003C/p\u003E",
 "image":
  {"available_sizes":
    [[[150,
       143],
      "http://api-images.crunchbase.com/assets/images/resized/0021/1906/211906v2-max-150x150.jpg"],
     [[250,
       239],
      "http://api-images.crunchbase.com/assets/images/resized/0021/1906/211906v2-max-250x250.jpg"],
     [[292,
       280],
      "http://api-images.crunchbase.com/assets/images/resized/0021/1906/211906v2-max-450x450.jpg"]],
   "attribution": null},
 "products":
  [],
 "relationships":
  [],
 "competitions":
  [],
 "providerships":
  [],
 "total_money_raised": "$0",
 "funding_rounds":
  [],
 "investments":
  [],
 "acquisition": null,
 "acquisitions":
  [],
 "offices":
  [{"description": "Moscow office",
    "address1": "Marshal Katukov's str. 21/1",
    "address2": "",
    "zip_code": "",
    "city": "Moscow",
    "state_code": null,
    "country_code": "RUS",
    "latitude": null,
    "longitude": null}],
 "milestones":
  [],
 "ipo": null,
 "video_embeds":
  [],
 "screenshots":
  [],
 "external_links":
  [{"external_url": "http://www.ambermedia.net",
    "title": ""}],
 "partners":
  []}
