{"name": "Ambivo",
 "permalink": "ambivo",
 "crunchbase_url": "http://www.crunchbase.com/company/ambivo",
 "homepage_url": "http://www.ambivo.com",
 "blog_url": "",
 "blog_feed_url": "",
 "twitter_username": "ambivo",
 "category_code": "software",
 "number_of_employees": 10,
 "founded_year": 2011,
 "founded_month": null,
 "founded_day": null,
 "deadpooled_year": null,
 "deadpooled_month": null,
 "deadpooled_day": null,
 "deadpooled_url": null,
 "tag_list": "app, video, multi-media, user-friendly, mobile, smartphone, web-app, presentation, quick-upload",
 "alias_list": null,
 "email_address": "info@ambivo.com",
 "phone_number": "",
 "description": "Simple Video Creation App",
 "created_at": "Tue Oct 02 19:29:09 UTC 2012",
 "updated_at": "Wed Nov 14 04:47:37 UTC 2012",
 "overview": "\u003Cp\u003EThe first ever platform for video creation for everybody!\u003C/p\u003E\n\n\u003Cp\u003EEven with all the state of art technology, users shy away from video creation simply because most video software is too overwhelming. With Ambivo that handicap is taken away. Ambivo provides a user friendly experience with simple and clean graphics!\u003C/p\u003E\n\n\u003Cp\u003EAmbivo allows users to mix media types in their video creation with the click of a button. More advanced users, can customize their video with text or audio before publishing to their favorite social media platform. \u003C/p\u003E\n\n\u003Cp\u003ELooking for an apartment, have a presentation coming up, want to read a book to your grandchild far away; this open platform to video creation allows for everyone from the beginner to the novice present, share, create unique/easily customizable videos.\u003C/p\u003E",
 "image":
  {"available_sizes":
    [[[150,
       61],
      "http://api-images.crunchbase.com/assets/images/resized/0021/3922/213922v2-max-150x150.jpg"],
     [[194,
       80],
      "http://api-images.crunchbase.com/assets/images/resized/0021/3922/213922v2-max-250x250.jpg"],
     [[194,
       80],
      "http://api-images.crunchbase.com/assets/images/resized/0021/3922/213922v2-max-450x450.jpg"]],
   "attribution": null},
 "products":
  [],
 "relationships":
  [{"is_past": false,
    "title": "Founder \u0026 Chairman",
    "person":
     {"first_name": "Hemant",
      "last_name": "\"Sunny\" Gosain",
      "permalink": "hemant-sunny-gosain"}},
   {"is_past": false,
    "title": "CTO",
    "person":
     {"first_name": "Raghu",
      "last_name": "Nandyala",
      "permalink": "raghu-nandyala"}},
   {"is_past": false,
    "title": "CEO",
    "person":
     {"first_name": "Suchintya",
      "last_name": "Dandapat",
      "permalink": "suchintya-dandapat"}},
   {"is_past": false,
    "title": "COO",
    "person":
     {"first_name": "Eugene",
      "last_name": "Eruslanov",
      "permalink": "eugene-eruslanov"}},
   {"is_past": false,
    "title": "CMO",
    "person":
     {"first_name": "Ashley",
      "last_name": "Cline",
      "permalink": "ashley-cline"}}],
 "competitions":
  [],
 "providerships":
  [],
 "total_money_raised": "$0",
 "funding_rounds":
  [],
 "investments":
  [],
 "acquisition": null,
 "acquisitions":
  [],
 "offices":
  [],
 "milestones":
  [],
 "ipo": null,
 "video_embeds":
  [{"embed_code": "\u003Ciframe width=\"430\" height=\"270\" src=\"http://www.youtube.com/embed/ATMuraxPFyY\" frameborder=\"0\" allowfullscreen\u003E\u003C/iframe\u003E",
    "description": "\u003Cp\u003EAmbivo\u003C/p\u003E"}],
 "screenshots":
  [{"available_sizes":
     [[[90,
        150],
       "http://api-images.crunchbase.com/assets/images/resized/0022/0235/220235v2-max-150x150.png"],
      [[150,
        250],
       "http://api-images.crunchbase.com/assets/images/resized/0022/0235/220235v2-max-250x250.png"],
      [[270,
        450],
       "http://api-images.crunchbase.com/assets/images/resized/0022/0235/220235v2-max-450x450.png"]],
    "attribution": null}],
 "external_links":
  [{"external_url": "http://www.youtube.com/user/Ambivo",
    "title": "YouTube"},
   {"external_url": "http://pinterest.com/ambivo/",
    "title": "Pinterest"},
   {"external_url": "https://twitter.com/ambivo",
    "title": "Twitter"},
   {"external_url": "https://www.facebook.com/Ambivo",
    "title": "Facebook"},
   {"external_url": "http://blog.ambivo.com/",
    "title": "Blog"}],
 "partners":
  []}
