{"name": "American Association for Cancer Research",
 "permalink": "american-association-for-cancer-research",
 "crunchbase_url": "http://www.crunchbase.com/company/american-association-for-cancer-research",
 "homepage_url": "http://www.aacr.org",
 "blog_url": "",
 "blog_feed_url": "",
 "twitter_username": null,
 "category_code": null,
 "number_of_employees": null,
 "founded_year": null,
 "founded_month": null,
 "founded_day": null,
 "deadpooled_year": null,
 "deadpooled_month": null,
 "deadpooled_day": null,
 "deadpooled_url": null,
 "tag_list": "",
 "alias_list": "AACR",
 "email_address": "aacr@aacr.org",
 "phone_number": "215-440-9300",
 "description": "",
 "created_at": "Mon Sep 10 09:52:55 UTC 2012",
 "updated_at": "Mon Sep 10 09:56:34 UTC 2012",
 "overview": "\u003Cp\u003EAACR is to prevent and cure cancer through research, education, communication, and collaboration. Through its programs and services, the AACR fosters research in cancer and related biomedical science; accelerates the dissemination of new research findings among scientists and others dedicated to the conquest of cancer; promotes science education and training; and advances the understanding of cancer etiology, prevention, diagnosis, and treatment throughout the world.\u003C/p\u003E",
 "image":
  {"available_sizes":
    [[[149,
       70],
      "http://api-images.crunchbase.com/assets/images/resized/0021/0631/210631v1-max-150x150.jpg"],
     [[149,
       70],
      "http://api-images.crunchbase.com/assets/images/resized/0021/0631/210631v1-max-250x250.jpg"],
     [[149,
       70],
      "http://api-images.crunchbase.com/assets/images/resized/0021/0631/210631v1-max-450x450.jpg"]],
   "attribution": null},
 "products":
  [],
 "relationships":
  [{"is_past": true,
    "title": "President",
    "person":
     {"first_name": "Daniel",
      "last_name": "Douglas Von Hoff",
      "permalink": "daniel-douglas-von-hoff"}}],
 "competitions":
  [],
 "providerships":
  [],
 "total_money_raised": "$0",
 "funding_rounds":
  [],
 "investments":
  [],
 "acquisition": null,
 "acquisitions":
  [],
 "offices":
  [{"description": "",
    "address1": "615 Chestnut St., 17th Floor",
    "address2": "",
    "zip_code": "19106-4404",
    "city": "Philadelphia",
    "state_code": "PA",
    "country_code": "USA",
    "latitude": null,
    "longitude": null}],
 "milestones":
  [],
 "ipo": null,
 "video_embeds":
  [],
 "screenshots":
  [{"available_sizes":
     [[[142,
        150],
       "http://api-images.crunchbase.com/assets/images/resized/0021/0632/210632v1-max-150x150.jpg"],
      [[238,
        250],
       "http://api-images.crunchbase.com/assets/images/resized/0021/0632/210632v1-max-250x250.jpg"],
      [[428,
        450],
       "http://api-images.crunchbase.com/assets/images/resized/0021/0632/210632v1-max-450x450.jpg"]],
    "attribution": null}],
 "external_links":
  [],
 "partners":
  []}
