{"name": "Ameritox",
 "permalink": "ameritox",
 "crunchbase_url": "http://www.crunchbase.com/company/ameritox",
 "homepage_url": null,
 "blog_url": null,
 "blog_feed_url": null,
 "twitter_username": null,
 "category_code": null,
 "number_of_employees": null,
 "founded_year": null,
 "founded_month": null,
 "founded_day": null,
 "deadpooled_year": null,
 "deadpooled_month": null,
 "deadpooled_day": null,
 "deadpooled_url": null,
 "tag_list": null,
 "alias_list": null,
 "email_address": null,
 "phone_number": null,
 "description": null,
 "created_at": "Thu Aug 30 23:23:22 UTC 2012",
 "updated_at": "Tue Sep 04 04:23:33 UTC 2012",
 "overview": null,
 "image": null,
 "products":
  [],
 "relationships":
  [{"is_past": false,
    "title": "Board Member",
    "person":
     {"first_name": "Scott",
      "last_name": "Carter",
      "permalink": "scott-carter"}},
   {"is_past": true,
    "title": "Vice President of Human Resources",
    "person":
     {"first_name": "David",
      "last_name": "Mack",
      "permalink": "david-mack-ph-d"}},
   {"is_past": true,
    "title": "Leadership Roles",
    "person":
     {"first_name": "Doug",
      "last_name": "Bukaty",
      "permalink": "doug-bukaty"}}],
 "competitions":
  [],
 "providerships":
  [],
 "total_money_raised": "$0",
 "funding_rounds":
  [],
 "investments":
  [],
 "acquisition": null,
 "acquisitions":
  [],
 "offices":
  [],
 "milestones":
  [],
 "ipo": null,
 "video_embeds":
  [],
 "screenshots":
  [],
 "external_links":
  [],
 "partners":
  []}
