{"name": "American Megatrends",
 "permalink": "american-megatrends",
 "crunchbase_url": "http://www.crunchbase.com/company/american-megatrends",
 "homepage_url": "http://www.ami.com",
 "blog_url": "",
 "blog_feed_url": "",
 "twitter_username": "AMI_PR",
 "category_code": null,
 "number_of_employees": null,
 "founded_year": 1985,
 "founded_month": null,
 "founded_day": null,
 "deadpooled_year": null,
 "deadpooled_month": null,
 "deadpooled_day": null,
 "deadpooled_url": null,
 "tag_list": "",
 "alias_list": "AMI",
 "email_address": "",
 "phone_number": "800-828-9264",
 "description": "",
 "created_at": "Sat Oct 06 11:38:45 UTC 2012",
 "updated_at": "Fri Mar 29 14:06:25 UTC 2013",
 "overview": "\u003Cp\u003EAmerican Megatrends Inc. (AMI) creates and manufactures key hardware and software solutions for the global computer marketplace, providing the highest quality and compatibility necessary to build today\u2019s advanced computing systems. Established by S. Shankar in 1985, AMI\u2019s mission is to design state-of-the-art computer solutions and develop advanced technology for the best computing solutions in the world. Today, AMI is the world\u2019s largest BIOS firmware vendor, with AMIBIOS\u00ae deployed in a high proportion of all computers worldwide.\u003C/p\u003E",
 "image":
  {"available_sizes":
    [[[150,
       46],
      "http://api-images.crunchbase.com/assets/images/resized/0021/4497/214497v1-max-150x150.jpg"],
     [[214,
       67],
      "http://api-images.crunchbase.com/assets/images/resized/0021/4497/214497v1-max-250x250.jpg"],
     [[214,
       67],
      "http://api-images.crunchbase.com/assets/images/resized/0021/4497/214497v1-max-450x450.jpg"]],
   "attribution": null},
 "products":
  [],
 "relationships":
  [{"is_past": true,
    "title": "Interactive Marketing Manager",
    "person":
     {"first_name": "Rob",
      "last_name": "Milstead",
      "permalink": "rob-milstead"}},
   {"is_past": true,
    "title": "Software/Sales Engineer",
    "person":
     {"first_name": "Bipul",
      "last_name": "Sinha",
      "permalink": "bipul-sinha"}},
   {"is_past": true,
    "title": "Western Regional Sales Manager",
    "person":
     {"first_name": "Matt",
      "last_name": "Jacobs",
      "permalink": "matt-jacobs"}},
   {"is_past": true,
    "title": "National Sales Manager",
    "person":
     {"first_name": "Michael",
      "last_name": "Patellis",
      "permalink": "michael-patellis"}}],
 "competitions":
  [],
 "providerships":
  [],
 "total_money_raised": "$0",
 "funding_rounds":
  [],
 "investments":
  [],
 "acquisition": null,
 "acquisitions":
  [],
 "offices":
  [{"description": "",
    "address1": "5555 Oakbrook Pkwy",
    "address2": "Building 200",
    "zip_code": "30093",
    "city": "Norcross",
    "state_code": "GA",
    "country_code": "USA",
    "latitude": null,
    "longitude": null}],
 "milestones":
  [],
 "ipo": null,
 "video_embeds":
  [],
 "screenshots":
  [{"available_sizes":
     [[[150,
        140],
       "http://api-images.crunchbase.com/assets/images/resized/0021/4498/214498v1-max-150x150.jpg"],
      [[250,
        234],
       "http://api-images.crunchbase.com/assets/images/resized/0021/4498/214498v1-max-250x250.jpg"],
      [[450,
        421],
       "http://api-images.crunchbase.com/assets/images/resized/0021/4498/214498v1-max-450x450.jpg"]],
    "attribution": null}],
 "external_links":
  [],
 "partners":
  []}
