{"name": "Amerman Creative",
 "permalink": "amerman-creative",
 "crunchbase_url": "http://www.crunchbase.com/company/amerman-creative",
 "homepage_url": "http://amermancreative.com",
 "blog_url": "http://amermancreative.com/category/the-blog",
 "blog_feed_url": "",
 "twitter_username": null,
 "category_code": "advertising",
 "number_of_employees": null,
 "founded_year": 2010,
 "founded_month": null,
 "founded_day": null,
 "deadpooled_year": null,
 "deadpooled_month": null,
 "deadpooled_day": null,
 "deadpooled_url": null,
 "tag_list": "website-design, marketing, graphic-design",
 "alias_list": null,
 "email_address": "",
 "phone_number": "",
 "description": "Custom Websites and Marketing",
 "created_at": "Wed Oct 17 22:32:41 UTC 2012",
 "updated_at": "Wed Dec 12 07:12:29 UTC 2012",
 "overview": "\u003Cp\u003EAmerman Creative provides websites, content creation, marketing, video production for small businesses. Other services include graphic design, promotional writing, video production, and marketing consulting.\u003C/p\u003E",
 "image":
  {"available_sizes":
    [[[150,
       33],
      "http://api-images.crunchbase.com/assets/images/resized/0021/6035/216035v2-max-150x150.png"],
     [[250,
       55],
      "http://api-images.crunchbase.com/assets/images/resized/0021/6035/216035v2-max-250x250.png"],
     [[450,
       100],
      "http://api-images.crunchbase.com/assets/images/resized/0021/6035/216035v2-max-450x450.png"]],
   "attribution": null},
 "products":
  [],
 "relationships":
  [{"is_past": false,
    "title": "Founder",
    "person":
     {"first_name": "Christine",
      "last_name": "Amerman",
      "permalink": "christine-amerman"}},
   {"is_past": false,
    "title": "Designer \u0026 Web Developer",
    "person":
     {"first_name": "Evan",
      "last_name": "Leach",
      "permalink": "evan-leach"}}],
 "competitions":
  [],
 "providerships":
  [],
 "total_money_raised": "$0",
 "funding_rounds":
  [],
 "investments":
  [],
 "acquisition": null,
 "acquisitions":
  [],
 "offices":
  [{"description": "Awesome Inc",
    "address1": "",
    "address2": "348 E. Main St.",
    "zip_code": "40507",
    "city": "Lexington",
    "state_code": "KY",
    "country_code": "USA",
    "latitude": 38.0468188,
    "longitude": -84.4946871}],
 "milestones":
  [],
 "ipo": null,
 "video_embeds":
  [],
 "screenshots":
  [],
 "external_links":
  [],
 "partners":
  []}
