{"name": "American Red Cross",
 "permalink": "american-red-cross",
 "crunchbase_url": "http://www.crunchbase.com/company/american-red-cross",
 "homepage_url": "http://redcross.org",
 "blog_url": "",
 "blog_feed_url": "",
 "twitter_username": "RedCross",
 "category_code": "nonprofit",
 "number_of_employees": null,
 "founded_year": 1881,
 "founded_month": 5,
 "founded_day": null,
 "deadpooled_year": null,
 "deadpooled_month": null,
 "deadpooled_day": null,
 "deadpooled_url": null,
 "tag_list": null,
 "alias_list": "",
 "email_address": "",
 "phone_number": "800-733-2767",
 "description": "",
 "created_at": "Wed Sep 12 21:41:56 UTC 2012",
 "updated_at": "Fri Jan 24 14:26:26 UTC 2014",
 "overview": "\u003Cp\u003EThe American Red Cross (ARC), also known as the American National Red Cross, is a humanitarian organization that provides emergency assistance, disaster relief and education inside the United States. It is the designated U.S. affiliate of the International Federation of Red Cross and Red Crescent Societies.\u003C/p\u003E",
 "image":
  {"available_sizes":
    [[[150,
       49],
      "http://api-images.crunchbase.com/assets/images/resized/0040/0999/400999v1-max-150x150.png"],
     [[211,
       70],
      "http://api-images.crunchbase.com/assets/images/resized/0040/0999/400999v1-max-250x250.png"],
     [[211,
       70],
      "http://api-images.crunchbase.com/assets/images/resized/0040/0999/400999v1-max-450x450.png"]],
   "attribution": null},
 "products":
  [],
 "relationships":
  [{"is_past": false,
    "title": "Past Chairman, Board of Directors",
    "person":
     {"first_name": "Jeff",
      "last_name": "Sakaguchi",
      "permalink": "jeff-sakaguchi"}},
   {"is_past": false,
    "title": "Board of Directors",
    "person":
     {"first_name": "Russ",
      "last_name": "Johnsen",
      "permalink": "russ-johnsen"}},
   {"is_past": false,
    "title": "Documentary on the Hurricane Katrina Relief Effort",
    "person":
     {"first_name": "P.J.",
      "last_name": "Palmer",
      "permalink": "p-j-palmer"}},
   {"is_past": false,
    "title": "Board of Directors",
    "person":
     {"first_name": "Suzanne",
      "last_name": "Nora Johnson",
      "permalink": "suzanne-nora-johnson"}},
   {"is_past": true,
    "title": "CFO",
    "person":
     {"first_name": "Paul",
      "last_name": "Buck",
      "permalink": "paul-buck"}},
   {"is_past": true,
    "title": "HR Coordinator, Station Chair, Assistant Manager, Field Office Assistant",
    "person":
     {"first_name": "Angie",
      "last_name": "Cartwright",
      "permalink": "angie-cartwright"}},
   {"is_past": true,
    "title": "Fundraiser",
    "person":
     {"first_name": "Jean-Paul",
      "last_name": "Gomes",
      "permalink": "jean-paul-gomes"}},
   {"is_past": true,
    "title": "Project Manager; Senior Scientist",
    "person":
     {"first_name": "Rekha",
      "last_name": "Paleyanda",
      "permalink": "rekha-paleyanda"}},
   {"is_past": true,
    "title": "",
    "person":
     {"first_name": "Peg",
      "last_name": "Carver",
      "permalink": "peg-carver"}},
   {"is_past": true,
    "title": "Volunteer \u0026 Disaster Management - Greater New York",
    "person":
     {"first_name": "Phoebe",
      "last_name": "Jewett",
      "permalink": "phoebe-jewett"}},
   {"is_past": true,
    "title": "Board of Directors",
    "person":
     {"first_name": "Laurent",
      "last_name": "Grill",
      "permalink": "laurent-grill"}},
   {"is_past": true,
    "title": "Disaster Services Team Leader",
    "person":
     {"first_name": "Bill",
      "last_name": "Clerico",
      "permalink": "bill-clerico"}},
   {"is_past": true,
    "title": "Board of Directors",
    "person":
     {"first_name": "Alex",
      "last_name": "Dimitrief",
      "permalink": "alex-dimitrief"}},
   {"is_past": true,
    "title": "Director",
    "person":
     {"first_name": "Paul",
      "last_name": "Buck",
      "permalink": "paul-buck"}}],
 "competitions":
  [],
 "providerships":
  [{"title": "",
    "is_past": true,
    "provider":
     {"name": "_STRATEGY Global Business Development",
      "permalink": "strategy-global-business-development"}}],
 "total_money_raised": "$5.5k",
 "funding_rounds":
  [{"id": 62508,
    "round_code": "grant",
    "source_url": "http://www.risbj.com/rhode-island-foundation-awards-grant-to-local-red-cross/#.UuJ357ThUdV",
    "source_description": "Rhode Island Foundation Awards Grant to Local Red Cross",
    "raised_amount": 5500.0,
    "raised_currency_code": "USD",
    "funded_year": 2014,
    "funded_month": 1,
    "funded_day": 22,
    "investments":
     []}],
 "investments":
  [],
 "acquisition": null,
 "acquisitions":
  [],
 "offices":
  [{"description": "",
    "address1": "2025 E Street, NW",
    "address2": "",
    "zip_code": "20006",
    "city": "DC",
    "state_code": "WA",
    "country_code": "USA",
    "latitude": null,
    "longitude": null}],
 "milestones":
  [],
 "ipo": null,
 "video_embeds":
  [],
 "screenshots":
  [{"available_sizes":
     [[[150,
        92],
       "http://api-images.crunchbase.com/assets/images/resized/0040/1003/401003v1-max-150x150.jpg"],
      [[250,
        153],
       "http://api-images.crunchbase.com/assets/images/resized/0040/1003/401003v1-max-250x250.jpg"],
      [[450,
        276],
       "http://api-images.crunchbase.com/assets/images/resized/0040/1003/401003v1-max-450x450.jpg"]],
    "attribution": null}],
 "external_links":
  [],
 "partners":
  []}
