{"name": "American Technology Services",
 "permalink": "american-technology-services",
 "crunchbase_url": "http://www.crunchbase.com/company/american-technology-services",
 "homepage_url": "http://networkats.com",
 "blog_url": "",
 "blog_feed_url": "",
 "twitter_username": "networkATS",
 "category_code": null,
 "number_of_employees": null,
 "founded_year": 1994,
 "founded_month": null,
 "founded_day": null,
 "deadpooled_year": null,
 "deadpooled_month": null,
 "deadpooled_day": null,
 "deadpooled_url": null,
 "tag_list": "",
 "alias_list": "",
 "email_address": "helpdesk@networkATS.com",
 "phone_number": "703-876-0300",
 "description": "",
 "created_at": "Fri Nov 02 06:01:36 UTC 2012",
 "updated_at": "Wed Dec 12 07:30:20 UTC 2012",
 "overview": "\u003Cp\u003EATS, headquartered in Fairfax, VA, is a leading provider of comprehensive IT services for small and mid-sized organizations. Founded in 1994, the company has a strong track record of providing high-quality services to associations and other non-profits, financial institutions, government contractors, and professional services firms.  ATS\u2019 broad experience includes network support, web design and development, hosting, and cloud services. ATS provides tailored support services for total IT outsourcing and project-based support.  \u003C/p\u003E",
 "image":
  {"available_sizes":
    [[[150,
       71],
      "http://api-images.crunchbase.com/assets/images/resized/0021/8399/218399v1-max-150x150.jpg"],
     [[226,
       107],
      "http://api-images.crunchbase.com/assets/images/resized/0021/8399/218399v1-max-250x250.jpg"],
     [[226,
       107],
      "http://api-images.crunchbase.com/assets/images/resized/0021/8399/218399v1-max-450x450.jpg"]],
   "attribution": null},
 "products":
  [],
 "relationships":
  [{"is_past": true,
    "title": "Director of Engineering and Advanced Technologies",
    "person":
     {"first_name": "Dragan",
      "last_name": "D. Nebrigic",
      "permalink": "dragan-d-nebrigic"}}],
 "competitions":
  [],
 "providerships":
  [],
 "total_money_raised": "$0",
 "funding_rounds":
  [],
 "investments":
  [],
 "acquisition": null,
 "acquisitions":
  [],
 "offices":
  [{"description": "",
    "address1": "2751 Prosperity Avenue",
    "address2": "6th Floor",
    "zip_code": "22031",
    "city": "Fairfax",
    "state_code": "VA",
    "country_code": "USA",
    "latitude": 38.876247,
    "longitude": -77.235696}],
 "milestones":
  [],
 "ipo": null,
 "video_embeds":
  [],
 "screenshots":
  [{"available_sizes":
     [[[150,
        117],
       "http://api-images.crunchbase.com/assets/images/resized/0021/8400/218400v1-max-150x150.jpg"],
      [[250,
        196],
       "http://api-images.crunchbase.com/assets/images/resized/0021/8400/218400v1-max-250x250.jpg"],
      [[450,
        353],
       "http://api-images.crunchbase.com/assets/images/resized/0021/8400/218400v1-max-450x450.jpg"]],
    "attribution": null}],
 "external_links":
  [],
 "partners":
  []}
