{"name": "Amiigo",
 "permalink": "amiigo",
 "crunchbase_url": "http://www.crunchbase.com/company/amiigo",
 "homepage_url": "http://www.amiigo.com",
 "blog_url": "http://amiigo.tumblr.com/",
 "blog_feed_url": "http://amiigo.tumblr.com/",
 "twitter_username": "goamiigo",
 "category_code": "hardware",
 "number_of_employees": 11,
 "founded_year": 2011,
 "founded_month": 11,
 "founded_day": 15,
 "deadpooled_year": null,
 "deadpooled_month": null,
 "deadpooled_day": null,
 "deadpooled_url": null,
 "tag_list": "health, fitness, technology, device, hardware-device, tracking, exercise",
 "alias_list": "",
 "email_address": "hi@amiigo.co",
 "phone_number": "",
 "description": "Fitness made fun!",
 "created_at": "Wed Oct 17 03:06:23 UTC 2012",
 "updated_at": "Sat Apr 05 09:50:57 UTC 2014",
 "overview": "\u003Cp\u003EAmiigo is creating a new generation of wearable sensors. Amiigo makes health management more fun, simple and social. The Company uses an innovative sensing technology powered by proprietary discrimination and machine learning algorithms.\u003C/p\u003E",
 "image":
  {"available_sizes":
    [[[150,
       87],
      "http://api-images.crunchbase.com/assets/images/resized/0021/5872/215872v5-max-150x150.png"],
     [[250,
       145],
      "http://api-images.crunchbase.com/assets/images/resized/0021/5872/215872v5-max-250x250.png"],
     [[450,
       262],
      "http://api-images.crunchbase.com/assets/images/resized/0021/5872/215872v5-max-450x450.png"]],
   "attribution": null},
 "products":
  [],
 "relationships":
  [],
 "competitions":
  [],
 "providerships":
  [],
 "total_money_raised": "$1.75M",
 "funding_rounds":
  [{"id": 34861,
    "round_code": "unattributed",
    "source_url": "http://techcrunch.com/2013/01/15/amiigo-fitness-tracker-bracelet-gets-vc-investment-kicks-off-indiegogo-campaign/",
    "source_description": "Amiigo Fitness Tracker Bracelet Gets VC Investment, Kicks Off Indiegogo Campaign",
    "raised_amount": null,
    "raised_currency_code": "USD",
    "funded_year": 2013,
    "funded_month": 1,
    "funded_day": 16,
    "investments":
     [{"company": null,
       "financial_org":
        {"name": "Alpha Investments",
         "permalink": "alpha-investments"},
       "person": null}]},
   {"id": 48999,
    "round_code": "debt_round",
    "source_url": "http://www.sec.gov/Archives/edgar/data/1586881/000158688114000001/xslFormDX01/primary_doc.xml",
    "source_description": "SEC D/A",
    "raised_amount": 1750000.0,
    "raised_currency_code": "USD",
    "funded_year": 2014,
    "funded_month": 3,
    "funded_day": 3,
    "investments":
     []}],
 "investments":
  [],
 "acquisition": null,
 "acquisitions":
  [],
 "offices":
  [{"description": "",
    "address1": "",
    "address2": "",
    "zip_code": "84054",
    "city": "Salt Lake City",
    "state_code": "UT",
    "country_code": "USA",
    "latitude": 40.8458036,
    "longitude": -111.9343636}],
 "milestones":
  [],
 "ipo": null,
 "video_embeds":
  [],
 "screenshots":
  [],
 "external_links":
  [],
 "partners":
  []}
