{"name": "Amiquo",
 "permalink": "amiquo",
 "crunchbase_url": "http://www.crunchbase.com/company/amiquo",
 "homepage_url": "http://www.amiquo.com",
 "blog_url": "http://www.amiquo.com/blog",
 "blog_feed_url": "http://www.amiquo.com/blog/feed",
 "twitter_username": "goamiquo",
 "category_code": "games_video",
 "number_of_employees": 2,
 "founded_year": 2012,
 "founded_month": 5,
 "founded_day": null,
 "deadpooled_year": null,
 "deadpooled_month": null,
 "deadpooled_day": null,
 "deadpooled_url": null,
 "tag_list": "match-making",
 "alias_list": null,
 "email_address": "hello@amiquo.com",
 "phone_number": "",
 "description": "Discover and share gaming experiences.",
 "created_at": "Thu Sep 20 10:52:50 UTC 2012",
 "updated_at": "Mon Aug 19 03:27:12 UTC 2013",
 "overview": "\u003Cp\u003EAmiquo allows players to discover and share game related content with friends.\u003C/p\u003E\n\n\u003Cp\u003EGames are today played online. But nearly half of time is spend outside the game sharing experiences with others in discussion platforms all over the internet. However, discussion platforms are horrible to browse content.\u003C/p\u003E\n\n\u003Cp\u003EAmiquo offers a central place to find out what is happening with the games and players you care about.\u003C/p\u003E",
 "image":
  {"available_sizes":
    [[[150,
       150],
      "http://api-images.crunchbase.com/assets/images/resized/0021/2214/212214v2-max-150x150.jpg"],
     [[250,
       250],
      "http://api-images.crunchbase.com/assets/images/resized/0021/2214/212214v2-max-250x250.jpg"],
     [[300,
       300],
      "http://api-images.crunchbase.com/assets/images/resized/0021/2214/212214v2-max-450x450.jpg"]],
   "attribution": null},
 "products":
  [],
 "relationships":
  [],
 "competitions":
  [],
 "providerships":
  [],
 "total_money_raised": "$0",
 "funding_rounds":
  [],
 "investments":
  [],
 "acquisition": null,
 "acquisitions":
  [],
 "offices":
  [],
 "milestones":
  [],
 "ipo": null,
 "video_embeds":
  [],
 "screenshots":
  [],
 "external_links":
  [],
 "partners":
  []}
