{"name": "Amirite.com",
 "permalink": "amirite",
 "crunchbase_url": "http://www.crunchbase.com/company/amirite",
 "homepage_url": "http://www.amirite.com",
 "blog_url": "http://www.amirite.com/news",
 "blog_feed_url": "",
 "twitter_username": "amiritecom",
 "category_code": "social",
 "number_of_employees": 12,
 "founded_year": null,
 "founded_month": null,
 "founded_day": null,
 "deadpooled_year": null,
 "deadpooled_month": null,
 "deadpooled_day": null,
 "deadpooled_url": null,
 "tag_list": "opinion, opinions, social-network, startup, share, funny, homor, quotes, quotations, amirite, am-i--right, isaacs, every-opinion-matters, your-opinion-matters, reddit, youtube, debate, debating, opinionated",
 "alias_list": null,
 "email_address": "support@amirite.com",
 "phone_number": "02065473241",
 "description": "Opinion-Based Social network",
 "created_at": "Thu Nov 01 06:54:33 UTC 2012",
 "updated_at": "Tue Jan 07 08:08:30 UTC 2014",
 "overview": "\u003Cp\u003EAmirite.com, a London-based start-up has been able to harness the power of the internet to create the ultimate platform for debate. Amirite is one of the most exciting up and coming sites out there. Both a website and iPhone app, which recently emerged from beta, Amirite invites anyone to post an opinion about absolutely anything. Discussions centre around a range of serious (and trivial) social issues and concerns.\u003C/p\u003E\n\n\u003Cp\u003EAmirite is new and innovative and something unique, which many new sites of this nature lack. It differs from Facebook and Twitter as users opinions are voiced straight to the viral world, while at the same time people can build strong tight -knit communities and form long-term friendships with a variety of people: Offering the best of both Twitter\u2019s openness and Facebook\u2019s community spirit.\u003C/p\u003E\n\n\u003Cp\u003EAmirite was recently announced as a top 3 winner in the UK\u2019s largest Investment Competition with judges comprising of some of the world\u2019s leading Venture Capital Firms such as Accel, DoughtyHanson, Index Ventures and Fidelity Growth Partners.\u003C/p\u003E\n\n\u003Cp\u003EThere are currently over 700,000 posts, 2 million comments and nearly a billion votes have already been processed. Votes are used for ranking opinions and a sophisticated achievement system is in place too. Amirite.com is the only platform on the Internet which is solely focused on people\u2019s opinions. Suitably their slogan is \u2018Every opinion matters\u2019.\u003C/p\u003E",
 "image":
  {"available_sizes":
    [[[150,
       130],
      "http://api-images.crunchbase.com/assets/images/resized/0021/8222/218222v6-max-150x150.png"],
     [[250,
       217],
      "http://api-images.crunchbase.com/assets/images/resized/0021/8222/218222v6-max-250x250.png"],
     [[386,
       336],
      "http://api-images.crunchbase.com/assets/images/resized/0021/8222/218222v6-max-450x450.png"]],
   "attribution": null},
 "products":
  [],
 "relationships":
  [{"is_past": false,
    "title": "Operations Manager",
    "person":
     {"first_name": "James",
      "last_name": "Hampton",
      "permalink": "james-hampton"}},
   {"is_past": false,
    "title": "Business / Strategy",
    "person":
     {"first_name": "Oliver",
      "last_name": "Isaacs",
      "permalink": "oliver-isaacs"}}],
 "competitions":
  [],
 "providerships":
  [],
 "total_money_raised": "$2.5M",
 "funding_rounds":
  [{"id": 36300,
    "round_code": "a",
    "source_url": "http://www.moneycontrol.com/news/technology/amiritecom-exciting-new-startup-goes-viral-signnowbe-partthe-next-big-thing_788015.html",
    "source_description": "",
    "raised_amount": 2500000.0,
    "raised_currency_code": "USD",
    "funded_year": 2013,
    "funded_month": 2,
    "funded_day": 10,
    "investments":
     [{"company": null,
       "financial_org":
        {"name": "Private Funding",
         "permalink": "private-funding"},
       "person": null}]}],
 "investments":
  [],
 "acquisition": null,
 "acquisitions":
  [],
 "offices":
  [{"description": "London",
    "address1": "",
    "address2": "",
    "zip_code": "",
    "city": "",
    "state_code": null,
    "country_code": "GBR",
    "latitude": null,
    "longitude": null},
   {"description": "New York",
    "address1": "",
    "address2": "",
    "zip_code": "",
    "city": "",
    "state_code": null,
    "country_code": "USA",
    "latitude": null,
    "longitude": null}],
 "milestones":
  [],
 "ipo": null,
 "video_embeds":
  [{"embed_code": "\u003Ciframe width=\"430\" height=\"242\" src=\"http://www.youtube.com/embed/VYiqYAMq8wg\" frameborder=\"0\" allowfullscreen\u003E\u003C/iframe\u003E",
    "description": "\u003Cp\u003EAmirite.com Video\u003C/p\u003E"},
   {"embed_code": "\u003Ciframe width=\"430\" height=\"242\" src=\"http://www.youtube.com/embed/UdMAFYQY6LI\" frameborder=\"0\" allowfullscreen\u003E\u003C/iframe\u003E",
    "description": "\u003Cp\u003EAmirite.com Promo\u003C/p\u003E"},
   {"embed_code": "\u003Ciframe width=\"430\" height=\"242\" src=\"http://www.youtube.com/embed/H8kcmK1r6uA\" frameborder=\"0\" allowfullscreen\u003E\u003C/iframe\u003E",
    "description": "\u003Cp\u003EAmirite.com Video\u003C/p\u003E"}],
 "screenshots":
  [{"available_sizes":
     [[[150,
        51],
       "http://api-images.crunchbase.com/assets/images/resized/0021/8220/218220v2-max-150x150.png"],
      [[250,
        85],
       "http://api-images.crunchbase.com/assets/images/resized/0021/8220/218220v2-max-250x250.png"],
      [[450,
        154],
       "http://api-images.crunchbase.com/assets/images/resized/0021/8220/218220v2-max-450x450.png"]],
    "attribution": null},
   {"available_sizes":
     [[[150,
        60],
       "http://api-images.crunchbase.com/assets/images/resized/0021/8221/218221v2-max-150x150.png"],
      [[250,
        100],
       "http://api-images.crunchbase.com/assets/images/resized/0021/8221/218221v2-max-250x250.png"],
      [[450,
        180],
       "http://api-images.crunchbase.com/assets/images/resized/0021/8221/218221v2-max-450x450.png"]],
    "attribution": null}],
 "external_links":
  [{"external_url": "http://venturebeat.com/2012/10/30/amirite-net-exciting-new-startup-set-to-go-viral/",
    "title": "Exciting New Startup Set to go viral"},
   {"external_url": "http://finance.yahoo.com/news/amirite-net-launches-beta-stage-130100288.html",
    "title": "Amirite.net Launches out of Beta Stage"},
   {"external_url": "http://startuptunes.com/2012/10/25/amirite-share-your-views/",
    "title": ""},
   {"external_url": "http://www.makeuseof.com/tag/share-opinions-online-amiritenet-amirite/",
    "title": "Make Use Of"},
   {"external_url": "https://www.buyads.com/website/amirite",
    "title": "Buy Ads Network"},
   {"external_url": "http://www.youtube.com/user/Amiriteofficial",
    "title": "You Tube"}],
 "partners":
  []}
