{"name": "Amscot Discount Stockbroking",
 "permalink": "amscot-discount-stockbroking",
 "crunchbase_url": "http://www.crunchbase.com/company/amscot-discount-stockbroking",
 "homepage_url": "http://www.amscot.com.au",
 "blog_url": "",
 "blog_feed_url": "",
 "twitter_username": "amscotOnline",
 "category_code": "web",
 "number_of_employees": null,
 "founded_year": null,
 "founded_month": null,
 "founded_day": null,
 "deadpooled_year": null,
 "deadpooled_month": null,
 "deadpooled_day": null,
 "deadpooled_url": null,
 "tag_list": "",
 "alias_list": null,
 "email_address": "",
 "phone_number": "",
 "description": "",
 "created_at": "Fri Dec 07 13:51:45 UTC 2012",
 "updated_at": "Wed Dec 19 05:12:05 UTC 2012",
 "overview": "\u003Cp\u003EAmscot Stockbrocking is the non-advisory division of State One Stockbroking Ltd (AFSL 247100). Amscot Stockbroking is a full trading, clearing and settlement participant of the Australian Securities Exchange. We are holly Australian owned and operated. \u003C/p\u003E",
 "image": null,
 "products":
  [],
 "relationships":
  [],
 "competitions":
  [],
 "providerships":
  [],
 "total_money_raised": "$0",
 "funding_rounds":
  [],
 "investments":
  [],
 "acquisition": null,
 "acquisitions":
  [],
 "offices":
  [],
 "milestones":
  [],
 "ipo": null,
 "video_embeds":
  [],
 "screenshots":
  [],
 "external_links":
  [],
 "partners":
  []}
