{"name": "amSTATZ",
 "permalink": "amstatz",
 "crunchbase_url": "http://www.crunchbase.com/company/amstatz",
 "homepage_url": "http://amstatz.com",
 "blog_url": "http://amstatz.tumblr.com/",
 "blog_feed_url": "",
 "twitter_username": "amSTATZ",
 "category_code": "web",
 "number_of_employees": 10,
 "founded_year": 2012,
 "founded_month": 1,
 "founded_day": 1,
 "deadpooled_year": null,
 "deadpooled_month": null,
 "deadpooled_day": null,
 "deadpooled_url": null,
 "tag_list": "",
 "alias_list": null,
 "email_address": "",
 "phone_number": "",
 "description": "Heath and Fitness ",
 "created_at": "Fri Dec 07 21:05:37 UTC 2012",
 "updated_at": "Thu Oct 24 00:03:49 UTC 2013",
 "overview": "\u003Cp\u003EamSTATZ is an online community where personal trainers and they athletes they train can connect in a new way. \u003C/p\u003E\n\n\u003Cp\u003ETrainers are given all the tools they need to run their business and keep their clients engaged between training sessions. \u003C/p\u003E\n\n\u003Cp\u003EBetween training sessions, athletes are able to set fitness goals, track workout results and analyze their progress over time, with or without a fitness professional. \u003C/p\u003E\n\n\u003Cp\u003ENeed suggestions for some fresh workouts? Have a trainer in your area design a custom plan for you, or quickly book an appointment with them.\u003C/p\u003E",
 "image":
  {"available_sizes":
    [[[146,
       150],
      "http://api-images.crunchbase.com/assets/images/resized/0022/4419/224419v2-max-150x150.png"],
     [[195,
       200],
      "http://api-images.crunchbase.com/assets/images/resized/0022/4419/224419v2-max-250x250.png"],
     [[195,
       200],
      "http://api-images.crunchbase.com/assets/images/resized/0022/4419/224419v2-max-450x450.png"]],
   "attribution": null},
 "products":
  [],
 "relationships":
  [{"is_past": false,
    "title": "Co-Founder/VP, Bus development",
    "person":
     {"first_name": "Bobby",
      "last_name": "McDonald",
      "permalink": "bobby-mcdonald"}},
   {"is_past": false,
    "title": "Co-Founder/CEO",
    "person":
     {"first_name": "Michael",
      "last_name": "Piermont",
      "permalink": "michael-piermont"}},
   {"is_past": false,
    "title": "Co-founder/CTO",
    "person":
     {"first_name": "Sergey",
      "last_name": "Belyankin",
      "permalink": "sergey-belyankin"}},
   {"is_past": false,
    "title": "Advisor",
    "person":
     {"first_name": "Chad",
      "last_name": "Cooper",
      "permalink": "chad-cooper-2"}},
   {"is_past": false,
    "title": "Board Member",
    "person":
     {"first_name": "Jeremiah",
      "last_name": "Gall",
      "permalink": "jeremiah-gall"}}],
 "competitions":
  [],
 "providerships":
  [],
 "total_money_raised": "$0",
 "funding_rounds":
  [],
 "investments":
  [],
 "acquisition": null,
 "acquisitions":
  [],
 "offices":
  [{"description": "",
    "address1": "2551 north Clark Steet",
    "address2": "Suite 402",
    "zip_code": "60614",
    "city": "Chicago",
    "state_code": "IL",
    "country_code": "USA",
    "latitude": null,
    "longitude": null}],
 "milestones":
  [{"id": 40405,
    "description": "Seed Funding $415,000",
    "stoned_year": 2013,
    "stoned_month": 1,
    "stoned_day": null,
    "source_url": "http://www.builtinchicago.org/blog/health-and-fitness-tech-company-amstatz-closes-41500-angel-round",
    "source_text": null,
    "source_description": "",
    "stoneable_type": "Company",
    "stoned_value": null,
    "stoned_value_type": null,
    "stoned_acquirer": null,
    "stoneable":
     {"name": "amSTATZ",
      "permalink": "amstatz"}}],
 "ipo": null,
 "video_embeds":
  [],
 "screenshots":
  [],
 "external_links":
  [],
 "partners":
  []}
