{"name": "180 Degree Receipt",
 "permalink": "180-degree-receipt",
 "crunchbase_url": "http://www.crunchbase.com/company/180-degree-receipt",
 "homepage_url": null,
 "blog_url": "",
 "blog_feed_url": "",
 "twitter_username": "180degreeRLM",
 "category_code": "mobile",
 "number_of_employees": 3,
 "founded_year": 2013,
 "founded_month": 8,
 "founded_day": 23,
 "deadpooled_year": null,
 "deadpooled_month": null,
 "deadpooled_day": null,
 "deadpooled_url": null,
 "tag_list": "reverse, logistics, logistic, management, software, development, sears, rauhmel, fox, whomentors, whomentorsdotcom, supply, chain",
 "alias_list": null,
 "email_address": "Rauhmel@WHOmentors.com",
 "phone_number": "415-373-6767",
 "description": "Reverse Logistics Management Software",
 "created_at": "Tue Aug 27 22:31:50 UTC 2013",
 "updated_at": "Mon Sep 16 03:31:09 UTC 2013",
 "overview": "\u003Cp\u003EThere\u2019s no better time than now to reevaluate how offering a temporary and private, peer-to-peer location based sharing and messaging app using Extensible Messaging and Presence Protocol (XMPP) to mobile customers for making merchandise returns can benefit a corporate bottom line, build brand loyalty and create repeat business.\u003C/p\u003E\n\n\u003Cp\u003ENotable achievement:\u003C/p\u003E\n\n\u003Cp\u003E180\u00b0 Receipt\u2120 App Wins Most Out-of-the-Box Category at Sears\u00ae Developer Challenge! \u003C/p\u003E\n\n\u003Cp\u003EReference:\nhttp://prn.to/17bY2SU\u003C/p\u003E",
 "image":
  {"available_sizes":
    [[[131,
       150],
      "http://api-images.crunchbase.com/assets/images/resized/0031/5335/315335v2-max-150x150.jpg"],
     [[219,
       250],
      "http://api-images.crunchbase.com/assets/images/resized/0031/5335/315335v2-max-250x250.jpg"],
     [[395,
       450],
      "http://api-images.crunchbase.com/assets/images/resized/0031/5335/315335v2-max-450x450.jpg"]],
   "attribution": null},
 "products":
  [],
 "relationships":
  [{"is_past": false,
    "title": "Founder/Developer",
    "person":
     {"first_name": "Rauhmel",
      "last_name": "Fox",
      "permalink": "rauhmel-fox"}}],
 "competitions":
  [{"competitor":
     {"name": "The Retail Equation",
      "permalink": "the-retail-equation"}}],
 "providerships":
  [],
 "total_money_raised": "$0",
 "funding_rounds":
  [],
 "investments":
  [],
 "acquisition": null,
 "acquisitions":
  [],
 "offices":
  [],
 "milestones":
  [],
 "ipo": null,
 "video_embeds":
  [{"embed_code": "\u003Ciframe width=\"420\" height=\"315\" src=\"//www.youtube.com/embed/GkaJO4gyjIo\" frameborder=\"0\" allowfullscreen\u003E\u003C/iframe\u003E",
    "description": "\u003Cp\u003ERauhmel Fox Tech Crunch Disrupt Hackathon Presentation\u003C/p\u003E"}],
 "screenshots":
  [{"available_sizes":
     [[[100,
        150],
       "http://api-images.crunchbase.com/assets/images/resized/0031/5334/315334v2-max-150x150.jpg"],
      [[166,
        250],
       "http://api-images.crunchbase.com/assets/images/resized/0031/5334/315334v2-max-250x250.jpg"],
      [[300,
        450],
       "http://api-images.crunchbase.com/assets/images/resized/0031/5334/315334v2-max-450x450.jpg"]],
    "attribution": null}],
 "external_links":
  [],
 "partners":
  []}
