{"name": "1CloudStar",
 "permalink": "1cloudstar-asia",
 "crunchbase_url": "http://www.crunchbase.com/company/1cloudstar-asia",
 "homepage_url": "http://www.1CloudStar.com",
 "blog_url": "",
 "blog_feed_url": "",
 "twitter_username": "1CloudStar",
 "category_code": "enterprise",
 "number_of_employees": 10,
 "founded_year": 2012,
 "founded_month": null,
 "founded_day": null,
 "deadpooled_year": null,
 "deadpooled_month": null,
 "deadpooled_day": null,
 "deadpooled_url": null,
 "tag_list": "cloudstar-asia, cloud-service-provider, aws-partner-singapore, cloud, openstack, cloudstack, amazon-web-services, azure, google, drupal, dropbox, digital-media",
 "alias_list": null,
 "email_address": "john@1CloudStar.com",
 "phone_number": "",
 "description": "Cloud Services Provider",
 "created_at": "Thu Aug 15 14:19:38 UTC 2013",
 "updated_at": "Mon Mar 24 08:48:34 UTC 2014",
 "overview": "\u003Cp\u003E1CloudStar (www.1cloudstar.com) is a pure-play Cloud Services Provider offering cloud-related consulting and professional services. Our expert, cloud consultants help Enterprise clients unlock the full value of cloud for their business.\u003C/p\u003E\n\n\u003Cp\u003EGartner states \u0026#8220;High growth in cloud drives high demand for cloud-related consulting and PS\u0026#8230;New pure-play cloud services providers are challenging traditional providers for dominance in the new cloud-related markets\u0026#8221;\u003C/p\u003E\n\n\u003Cp\u003EIndustry analyst IDC reports that enterprises adopting cloud can achieve a 5 year TCO saving of 70% and 5 year ROI of 626%. 1CloudStar can help Enterprises to realise these benefits from cloud computing.\u003C/p\u003E\n\n\u003Cp\u003E1CloudStar provides a full, end-to-end, Cloud Consultancy Service including; Cloud Strategy Workshops, Cloud Assessments, Cloud Business Case Development, Cloud TCO Modeling \u0026amp; ROI Analysis, Cloud Solution Architecture \u0026amp; Design, Cloud Implementation, Cloud Application Migration and Cloud Managed Services.\u003C/p\u003E",
 "image":
  {"available_sizes":
    [[[150,
       56],
      "http://api-images.crunchbase.com/assets/images/resized/0034/0638/340638v4-max-150x150.png"],
     [[240,
       90],
      "http://api-images.crunchbase.com/assets/images/resized/0034/0638/340638v4-max-250x250.png"],
     [[240,
       90],
      "http://api-images.crunchbase.com/assets/images/resized/0034/0638/340638v4-max-450x450.png"]],
   "attribution": null},
 "products":
  [{"name": "BoxMe Enterprise Storage",
    "permalink": "boxme-enterprise-storage"},
   {"name": "'Engage' Strategic Enterprise Cloud Assessment",
    "permalink": "engage-strategic-enterprise-cloud-assessment"}],
 "relationships":
  [{"is_past": false,
    "title": "CEO",
    "person":
     {"first_name": "Eric",
      "last_name": "Meyer",
      "permalink": "eric-meyer-2"}}],
 "competitions":
  [],
 "providerships":
  [{"title": "CloudStar Asia - Cloud Service Provider",
    "is_past": false,
    "provider":
     {"name": "Amazon Web Services",
      "permalink": "amazon"}},
   {"title": "CloudStar Asia - Cloud Service Provider",
    "is_past": false,
    "provider":
     {"name": "OpenStack",
      "permalink": "openstack"}},
   {"title": "CloudStar Asia - Cloud Service Provider",
    "is_past": false,
    "provider":
     {"name": "Microsoft Azure",
      "permalink": "microsoft-azure"}},
   {"title": "CloudStar Asia - Cloud Service Provider",
    "is_past": false,
    "provider":
     {"name": "Microsoft",
      "permalink": "microsoft-2"}},
   {"title": "CloudStar Asia - Cloud Service Provider",
    "is_past": false,
    "provider":
     {"name": "Dropbox",
      "permalink": "dropbox-2"}},
   {"title": "CloudStar Asia - Cloud Service Provider",
    "is_past": false,
    "provider":
     {"name": "SiteCore",
      "permalink": "sitecore"}},
   {"title": "CloudStar Asia - Cloud Service Provider",
    "is_past": false,
    "provider":
     {"name": "Google",
      "permalink": "google-4"}}],
 "total_money_raised": "$0",
 "funding_rounds":
  [{"id": 45664,
    "round_code": "seed",
    "source_url": "",
    "source_description": "",
    "raised_amount": null,
    "raised_currency_code": "USD",
    "funded_year": 2013,
    "funded_month": 8,
    "funded_day": null,
    "investments":
     []}],
 "investments":
  [],
 "acquisition": null,
 "acquisitions":
  [],
 "offices":
  [{"description": "Asia HQ",
    "address1": "#26-04 International Plaza",
    "address2": "",
    "zip_code": "079903",
    "city": "Singapore",
    "state_code": null,
    "country_code": "SGP",
    "latitude": null,
    "longitude": null}],
 "milestones":
  [],
 "ipo": null,
 "video_embeds":
  [],
 "screenshots":
  [{"available_sizes":
     [[[141,
        150],
       "http://api-images.crunchbase.com/assets/images/resized/0034/0649/340649v2-max-150x150.jpg"],
      [[235,
        250],
       "http://api-images.crunchbase.com/assets/images/resized/0034/0649/340649v2-max-250x250.jpg"],
      [[424,
        450],
       "http://api-images.crunchbase.com/assets/images/resized/0034/0649/340649v2-max-450x450.jpg"]],
    "attribution": null}],
 "external_links":
  [{"external_url": "https://twitter.com/CloudStarAsia",
    "title": "CloudStar Asia Twitter"},
   {"external_url": "http://www.linkedin.com/company/3292042",
    "title": "CloudStar Asia LinkedIn"},
   {"external_url": "http://www.aws-partner-directory.com/PartnerDirectory/PartnerDetail?Name=1CloudStar",
    "title": "CloudStar Asia AWS Partner Singapore"},
   {"external_url": "http://www.slideshare.net/1CloudStar",
    "title": "CloudStar Asia SlideShare"}],
 "partners":
  [{"partner_name": "angel_list",
    "homepage_url": "http://www.1cloudstar.com",
    "link_1_url": "https://angel.co/1cloudstar",
    "link_2_url": null,
    "link_3_url": null,
    "link_1_name": "AngelList Page",
    "link_2_name": null,
    "link_3_name": null}]}
