{"name": "1st Avenue Productions",
 "permalink": "1st-avenue-productions",
 "crunchbase_url": "http://www.crunchbase.com/company/1st-avenue-productions",
 "homepage_url": "http://1stavenueproductions.com",
 "blog_url": null,
 "blog_feed_url": null,
 "twitter_username": "1stAvenueProd",
 "category_code": "hospitality",
 "number_of_employees": null,
 "founded_year": null,
 "founded_month": null,
 "founded_day": null,
 "deadpooled_year": null,
 "deadpooled_month": null,
 "deadpooled_day": null,
 "deadpooled_url": null,
 "tag_list": null,
 "alias_list": null,
 "email_address": null,
 "phone_number": null,
 "description": null,
 "created_at": "Thu Aug 15 07:44:27 UTC 2013",
 "updated_at": "Thu Aug 15 07:44:27 UTC 2013",
 "overview": "\u003Cp\u003E1st Avenue productions is a company which develops food \u0026amp;drink apps for iPhone\u003C/p\u003E",
 "image": null,
 "products":
  [],
 "relationships":
  [],
 "competitions":
  [],
 "providerships":
  [],
 "total_money_raised": "$0",
 "funding_rounds":
  [],
 "investments":
  [],
 "acquisition": null,
 "acquisitions":
  [],
 "offices":
  [{"description": null,
    "address1": null,
    "address2": null,
    "zip_code": null,
    "city": "Evansville",
    "state_code": "IN",
    "country_code": "USA",
    "latitude": null,
    "longitude": null}],
 "milestones":
  [],
 "ipo": null,
 "video_embeds":
  [],
 "screenshots":
  [],
 "external_links":
  [{"external_url": "http://www.facebook.com/pages/First-Avenue-Productions/149373245089669",
    "title": "Facebook Page"}],
 "partners":
  []}
