{"name": "2 Creative Monsters",
 "permalink": "2-creative-monsters",
 "crunchbase_url": "http://www.crunchbase.com/company/2-creative-monsters",
 "homepage_url": null,
 "blog_url": null,
 "blog_feed_url": null,
 "twitter_username": null,
 "category_code": "ecommerce",
 "number_of_employees": null,
 "founded_year": null,
 "founded_month": null,
 "founded_day": null,
 "deadpooled_year": null,
 "deadpooled_month": null,
 "deadpooled_day": null,
 "deadpooled_url": null,
 "tag_list": null,
 "alias_list": null,
 "email_address": null,
 "phone_number": null,
 "description": null,
 "created_at": "Thu Aug 15 07:29:17 UTC 2013",
 "updated_at": "Thu Aug 15 07:29:17 UTC 2013",
 "overview": "\u003Cp\u003E2 Creative Monsters is a privately held organization that independently creates applications for iOS and Android smartphones and tablet pc\u0026#8217;s. Some of their notable releases include Cat Breeds Photo Catalo\u003C/p\u003E",
 "image": null,
 "products":
  [],
 "relationships":
  [],
 "competitions":
  [],
 "providerships":
  [],
 "total_money_raised": "$0",
 "funding_rounds":
  [],
 "investments":
  [],
 "acquisition": null,
 "acquisitions":
  [],
 "offices":
  [],
 "milestones":
  [],
 "ipo": null,
 "video_embeds":
  [],
 "screenshots":
  [],
 "external_links":
  [],
 "partners":
  []}
