{"name": "21st Street Games",
 "permalink": "21st-street-games",
 "crunchbase_url": "http://www.crunchbase.com/company/21st-street-games",
 "homepage_url": "http://www.21stgames.com",
 "blog_url": null,
 "blog_feed_url": null,
 "twitter_username": "21stGames",
 "category_code": "games_video",
 "number_of_employees": null,
 "founded_year": null,
 "founded_month": null,
 "founded_day": null,
 "deadpooled_year": null,
 "deadpooled_month": null,
 "deadpooled_day": null,
 "deadpooled_url": null,
 "tag_list": null,
 "alias_list": null,
 "email_address": null,
 "phone_number": null,
 "description": null,
 "created_at": "Thu Aug 15 08:01:44 UTC 2013",
 "updated_at": "Thu Aug 15 08:01:43 UTC 2013",
 "overview": "\u003Cp\u003E21st Street Games is a game development studi\u003C/p\u003E",
 "image": null,
 "products":
  [],
 "relationships":
  [],
 "competitions":
  [],
 "providerships":
  [],
 "total_money_raised": "$0",
 "funding_rounds":
  [],
 "investments":
  [],
 "acquisition": null,
 "acquisitions":
  [],
 "offices":
  [],
 "milestones":
  [],
 "ipo": null,
 "video_embeds":
  [],
 "screenshots":
  [],
 "external_links":
  [],
 "partners":
  []}
