{"name": "2BME Studios",
 "permalink": "2bme-studios",
 "crunchbase_url": "http://www.crunchbase.com/company/2bme-studios",
 "homepage_url": "http://www.2bmestudios.com",
 "blog_url": null,
 "blog_feed_url": null,
 "twitter_username": "2BMEStudios",
 "category_code": "games_video",
 "number_of_employees": null,
 "founded_year": 2011,
 "founded_month": 8,
 "founded_day": 30,
 "deadpooled_year": null,
 "deadpooled_month": null,
 "deadpooled_day": null,
 "deadpooled_url": null,
 "tag_list": null,
 "alias_list": null,
 "email_address": null,
 "phone_number": null,
 "description": null,
 "created_at": "Thu Aug 15 08:01:46 UTC 2013",
 "updated_at": "Thu Aug 15 08:31:40 UTC 2013",
 "overview": "\u003Cp\u003E2BME Studios is an iOS App Developer based in Buffal\u003C/p\u003E",
 "image": null,
 "products":
  [],
 "relationships":
  [],
 "competitions":
  [],
 "providerships":
  [],
 "total_money_raised": "$0",
 "funding_rounds":
  [],
 "investments":
  [],
 "acquisition": null,
 "acquisitions":
  [],
 "offices":
  [{"description": null,
    "address1": null,
    "address2": null,
    "zip_code": null,
    "city": "Buffalo",
    "state_code": "NY",
    "country_code": "USA",
    "latitude": 42.8864468,
    "longitude": -78.8783689}],
 "milestones":
  [],
 "ipo": null,
 "video_embeds":
  [],
 "screenshots":
  [],
 "external_links":
  [{"external_url": "http://www.facebook.com/2BMEStudios",
    "title": "Facebook Page"}],
 "partners":
  []}
