{"name": "2XL Games",
 "permalink": "2xl-games",
 "crunchbase_url": "http://www.crunchbase.com/company/2xl-games",
 "homepage_url": "http://www.2xlgames.com",
 "blog_url": null,
 "blog_feed_url": null,
 "twitter_username": "2xlgames",
 "category_code": "games_video",
 "number_of_employees": null,
 "founded_year": null,
 "founded_month": null,
 "founded_day": null,
 "deadpooled_year": null,
 "deadpooled_month": null,
 "deadpooled_day": null,
 "deadpooled_url": null,
 "tag_list": null,
 "alias_list": null,
 "email_address": null,
 "phone_number": null,
 "description": null,
 "created_at": "Thu Aug 15 07:47:59 UTC 2013",
 "updated_at": "Thu Aug 15 07:47:59 UTC 2013",
 "overview": "\u003Cp\u003E2XL Games is a mobile app developer company. It has developed apps like 2XL Supercros\u003C/p\u003E",
 "image": null,
 "products":
  [],
 "relationships":
  [{"is_past": false,
    "title": "COO",
    "person":
     {"first_name": "Graeme",
      "last_name": "Warring",
      "permalink": "graeme-warring"}}],
 "competitions":
  [],
 "providerships":
  [],
 "total_money_raised": "$0",
 "funding_rounds":
  [],
 "investments":
  [],
 "acquisition": null,
 "acquisitions":
  [],
 "offices":
  [],
 "milestones":
  [],
 "ipo": null,
 "video_embeds":
  [],
 "screenshots":
  [],
 "external_links":
  [{"external_url": "http://www.facebook.com/pages/2XL-Games-Inc/62642792868",
    "title": "Facebook Page"}],
 "partners":
  []}
