{"name": "3 Sided Cube",
 "permalink": "3-sided-cube",
 "crunchbase_url": "http://www.crunchbase.com/company/3-sided-cube",
 "homepage_url": "http://3sidedcube.com",
 "blog_url": null,
 "blog_feed_url": null,
 "twitter_username": "3sidedcube",
 "category_code": "medical",
 "number_of_employees": null,
 "founded_year": null,
 "founded_month": null,
 "founded_day": null,
 "deadpooled_year": null,
 "deadpooled_month": null,
 "deadpooled_day": null,
 "deadpooled_url": null,
 "tag_list": null,
 "alias_list": null,
 "email_address": null,
 "phone_number": null,
 "description": null,
 "created_at": "Thu Aug 15 08:25:41 UTC 2013",
 "updated_at": "Thu Aug 15 08:25:40 UTC 2013",
 "overview": "\u003Cp\u003E3 SIDED CUBE is amobile application and games developer company and developed an app Vision Test for iPad and iPhone users.\u003C/p\u003E",
 "image": null,
 "products":
  [],
 "relationships":
  [],
 "competitions":
  [],
 "providerships":
  [],
 "total_money_raised": "$0",
 "funding_rounds":
  [],
 "investments":
  [],
 "acquisition": null,
 "acquisitions":
  [],
 "offices":
  [],
 "milestones":
  [],
 "ipo": null,
 "video_embeds":
  [],
 "screenshots":
  [],
 "external_links":
  [{"external_url": "http://www.facebook.com/3SIDEDCUBE",
    "title": "Facebook Page"}],
 "partners":
  []}
