{"name": "30 Below Studios",
 "permalink": "30-below-studios",
 "crunchbase_url": "http://www.crunchbase.com/company/30-below-studios",
 "homepage_url": "http://www.30belowstudios.com",
 "blog_url": null,
 "blog_feed_url": null,
 "twitter_username": "30BelowStudios",
 "category_code": "games_video",
 "number_of_employees": null,
 "founded_year": 2011,
 "founded_month": null,
 "founded_day": null,
 "deadpooled_year": null,
 "deadpooled_month": null,
 "deadpooled_day": null,
 "deadpooled_url": null,
 "tag_list": null,
 "alias_list": null,
 "email_address": null,
 "phone_number": null,
 "description": null,
 "created_at": "Thu Aug 15 08:01:51 UTC 2013",
 "updated_at": "Thu Aug 15 08:01:51 UTC 2013",
 "overview": "\u003Cp\u003E30 Below Studios is an independent iOS development studio located in Toront\u003C/p\u003E",
 "image": null,
 "products":
  [],
 "relationships":
  [],
 "competitions":
  [],
 "providerships":
  [],
 "total_money_raised": "$0",
 "funding_rounds":
  [],
 "investments":
  [],
 "acquisition": null,
 "acquisitions":
  [],
 "offices":
  [],
 "milestones":
  [],
 "ipo": null,
 "video_embeds":
  [],
 "screenshots":
  [],
 "external_links":
  [{"external_url": "http://www.facebook.com/30BelowStudios",
    "title": "Facebook Page"}],
 "partners":
  []}
