{"name": "314 Apps",
 "permalink": "314-apps",
 "crunchbase_url": "http://www.crunchbase.com/company/314-apps",
 "homepage_url": "http://314.tt",
 "blog_url": "",
 "blog_feed_url": "",
 "twitter_username": "314apps",
 "category_code": "software",
 "number_of_employees": 25,
 "founded_year": 2009,
 "founded_month": null,
 "founded_day": null,
 "deadpooled_year": null,
 "deadpooled_month": null,
 "deadpooled_day": null,
 "deadpooled_url": null,
 "tag_list": "app-development-companies, custom-app-development, web-app-development, mobile-app-development, iphone-app-development, android-app-development, cross-platform-app-development, ipad-app-development, mobile-website-development",
 "alias_list": null,
 "email_address": "info@314.tt",
 "phone_number": "",
 "description": "Numbers-driven Development",
 "created_at": "Fri Aug 16 14:24:01 UTC 2013",
 "updated_at": "Mon Aug 19 10:20:58 UTC 2013",
 "overview": "\u003Cp\u003ENumbers-driven Development \u0026gt; Build. Measure. Adapt.\u003C/p\u003E\n\n\u003Cp\u003EFounded in 2009, 314 is a UK based software house which provides high-quality bespoke software solutions. #14 specialises in Back Office, Mobile and e-Commerce Rich Internet Applications (RIA). Using the latest and most advanced technologies such as Ruby on Rails and Flex, we help companies  evolve and offer  customers a top-class service.\u003C/p\u003E\n\n\u003Cp\u003ECurrently the company has 4 different European locations to ensure that our clients business runs smoothly and efficiently at the front-end and behind-the-scenes.\u003C/p\u003E\n\n\u003Cp\u003E314 is driven by numbers. With zero bugs tolerance and emphasis on hard data, the sole KPI  becomes the clients profit.\u003C/p\u003E",
 "image": null,
 "products":
  [],
 "relationships":
  [{"is_past": false,
    "title": "Founder",
    "person":
     {"first_name": "Adam",
      "last_name": "Filipowski",
      "permalink": "adam-filipowski"}},
   {"is_past": false,
    "title": "CEO",
    "person":
     {"first_name": "Maciej",
      "last_name": "Turkiewicz",
      "permalink": "maciej-turkiewicz"}}],
 "competitions":
  [],
 "providerships":
  [],
 "total_money_raised": "$0",
 "funding_rounds":
  [],
 "investments":
  [],
 "acquisition": null,
 "acquisitions":
  [],
 "offices":
  [{"description": "Head Office",
    "address1": "314APPS Limited Low Cottage 10",
    "address2": "Low Cross Whittlesey",
    "zip_code": "PE7 1HW",
    "city": "Peterborough",
    "state_code": null,
    "country_code": "GBR",
    "latitude": null,
    "longitude": null}],
 "milestones":
  [],
 "ipo": null,
 "video_embeds":
  [],
 "screenshots":
  [],
 "external_links":
  [],
 "partners":
  []}
