{"name": "3g60",
 "permalink": "3g60",
 "crunchbase_url": "http://www.crunchbase.com/company/3g60",
 "homepage_url": "http://www.3g60.com",
 "blog_url": null,
 "blog_feed_url": null,
 "twitter_username": "3G60SERVICE",
 "category_code": "games_video",
 "number_of_employees": null,
 "founded_year": null,
 "founded_month": null,
 "founded_day": null,
 "deadpooled_year": null,
 "deadpooled_month": null,
 "deadpooled_day": null,
 "deadpooled_url": null,
 "tag_list": null,
 "alias_list": null,
 "email_address": null,
 "phone_number": null,
 "description": null,
 "created_at": "Thu Aug 15 08:02:02 UTC 2013",
 "updated_at": "Thu Aug 15 08:01:52 UTC 2013",
 "overview": "\u003Cp\u003E3G60 is an application developer company. They are specialized in developing mobile apps for iO\u003C/p\u003E",
 "image": null,
 "products":
  [],
 "relationships":
  [],
 "competitions":
  [],
 "providerships":
  [],
 "total_money_raised": "$0",
 "funding_rounds":
  [],
 "investments":
  [],
 "acquisition": null,
 "acquisitions":
  [],
 "offices":
  [],
 "milestones":
  [],
 "ipo": null,
 "video_embeds":
  [],
 "screenshots":
  [],
 "external_links":
  [{"external_url": "http://www.facebook.com/pages/3g60/165429316889433",
    "title": "Facebook Page"}],
 "partners":
  []}
