{"name": "3RDsense",
 "permalink": "3rdsense",
 "crunchbase_url": "http://www.crunchbase.com/company/3rdsense",
 "homepage_url": "http://3rdsense.com",
 "blog_url": null,
 "blog_feed_url": null,
 "twitter_username": "3RDsENSE",
 "category_code": "games_video",
 "number_of_employees": null,
 "founded_year": 2002,
 "founded_month": null,
 "founded_day": null,
 "deadpooled_year": null,
 "deadpooled_month": null,
 "deadpooled_day": null,
 "deadpooled_url": null,
 "tag_list": null,
 "alias_list": null,
 "email_address": null,
 "phone_number": null,
 "description": null,
 "created_at": "Thu Aug 15 07:54:50 UTC 2013",
 "updated_at": "Thu Aug 15 07:54:50 UTC 2013",
 "overview": "\u003Cp\u003E3rdSense is a team of technology creatives working from North Sydney studio. They create apps and games for iO\u003C/p\u003E",
 "image": null,
 "products":
  [],
 "relationships":
  [],
 "competitions":
  [],
 "providerships":
  [],
 "total_money_raised": "$0",
 "funding_rounds":
  [],
 "investments":
  [],
 "acquisition": null,
 "acquisitions":
  [],
 "offices":
  [],
 "milestones":
  [],
 "ipo": null,
 "video_embeds":
  [],
 "screenshots":
  [],
 "external_links":
  [{"external_url": "http://www.facebook.com/3rdsenseaus",
    "title": "Facebook Page"}],
 "partners":
  []}
