{"name": "4 Arrows Media",
 "permalink": "4-arrows-media",
 "crunchbase_url": "http://www.crunchbase.com/company/4-arrows-media",
 "homepage_url": "http://4arrowsmedia.com",
 "blog_url": null,
 "blog_feed_url": null,
 "twitter_username": null,
 "category_code": "search",
 "number_of_employees": null,
 "founded_year": null,
 "founded_month": null,
 "founded_day": null,
 "deadpooled_year": null,
 "deadpooled_month": null,
 "deadpooled_day": null,
 "deadpooled_url": null,
 "tag_list": null,
 "alias_list": null,
 "email_address": null,
 "phone_number": null,
 "description": null,
 "created_at": "Thu Aug 15 08:50:29 UTC 2013",
 "updated_at": "Thu Aug 15 08:50:29 UTC 2013",
 "overview": "\u003Cp\u003E4 Arrows Media develop mobile applications that are compatible with iPads and iPhones. They design applications related to reference category. Scout Trail is one of the awesome application by 4 Arrows Media.\u003C/p\u003E",
 "image": null,
 "products":
  [],
 "relationships":
  [],
 "competitions":
  [],
 "providerships":
  [],
 "total_money_raised": "$0",
 "funding_rounds":
  [],
 "investments":
  [],
 "acquisition": null,
 "acquisitions":
  [],
 "offices":
  [],
 "milestones":
  [],
 "ipo": null,
 "video_embeds":
  [],
 "screenshots":
  [],
 "external_links":
  [],
 "partners":
  []}
