{"name": "4 Piojos",
 "permalink": "4-piojos",
 "crunchbase_url": "http://www.crunchbase.com/company/4-piojos",
 "homepage_url": "http://4piojos.com",
 "blog_url": null,
 "blog_feed_url": null,
 "twitter_username": "4piojos",
 "category_code": "sports",
 "number_of_employees": null,
 "founded_year": 2013,
 "founded_month": null,
 "founded_day": null,
 "deadpooled_year": null,
 "deadpooled_month": null,
 "deadpooled_day": null,
 "deadpooled_url": null,
 "tag_list": null,
 "alias_list": null,
 "email_address": null,
 "phone_number": null,
 "description": null,
 "created_at": "Thu Aug 15 08:57:42 UTC 2013",
 "updated_at": "Thu Aug 15 08:57:42 UTC 2013",
 "overview": "\u003Cp\u003E4Piojos is an entertainment media company and make fun apps for iPhon\u003C/p\u003E",
 "image": null,
 "products":
  [],
 "relationships":
  [],
 "competitions":
  [],
 "providerships":
  [],
 "total_money_raised": "$0",
 "funding_rounds":
  [],
 "investments":
  [],
 "acquisition": null,
 "acquisitions":
  [],
 "offices":
  [],
 "milestones":
  [],
 "ipo": null,
 "video_embeds":
  [],
 "screenshots":
  [],
 "external_links":
  [{"external_url": "http://www.facebook.com/pages/4Piojos/181588621945021",
    "title": "Facebook Page"}],
 "partners":
  []}
