{"name": "4C",
 "permalink": "4c",
 "crunchbase_url": "http://www.crunchbase.com/company/4c",
 "homepage_url": "http://www.4cteam.com",
 "blog_url": "http://www.4cteam.com/blog/",
 "blog_feed_url": "",
 "twitter_username": "4CTeam",
 "category_code": "software",
 "number_of_employees": null,
 "founded_year": null,
 "founded_month": null,
 "founded_day": null,
 "deadpooled_year": null,
 "deadpooled_month": null,
 "deadpooled_day": null,
 "deadpooled_url": null,
 "tag_list": "",
 "alias_list": "",
 "email_address": "info@4cteam.com",
 "phone_number": "",
 "description": "Cloud Construction Project Management ",
 "created_at": "Fri Aug 23 18:12:34 UTC 2013",
 "updated_at": "Sat Apr 05 05:03:19 UTC 2014",
 "overview": "",
 "image":
  {"available_sizes":
    [[[150,
       44],
      "http://api-images.crunchbase.com/assets/images/resized/0044/9695/449695v1-max-150x150.png"],
     [[250,
       74],
      "http://api-images.crunchbase.com/assets/images/resized/0044/9695/449695v1-max-250x250.png"],
     [[435,
       129],
      "http://api-images.crunchbase.com/assets/images/resized/0044/9695/449695v1-max-450x450.png"]],
   "attribution": null},
 "products":
  [],
 "relationships":
  [],
 "competitions":
  [],
 "providerships":
  [],
 "total_money_raised": "$0",
 "funding_rounds":
  [],
 "investments":
  [],
 "acquisition": null,
 "acquisitions":
  [],
 "offices":
  [],
 "milestones":
  [],
 "ipo": null,
 "video_embeds":
  [],
 "screenshots":
  [],
 "external_links":
  [],
 "partners":
  []}
