{"name": "5 Diamond Music Services",
 "permalink": "5-diamond-music-services",
 "crunchbase_url": "http://www.crunchbase.com/company/5-diamond-music-services",
 "homepage_url": "http://www.5diamondmusic.com",
 "blog_url": null,
 "blog_feed_url": null,
 "twitter_username": null,
 "category_code": "games_video",
 "number_of_employees": null,
 "founded_year": null,
 "founded_month": null,
 "founded_day": null,
 "deadpooled_year": null,
 "deadpooled_month": null,
 "deadpooled_day": null,
 "deadpooled_url": null,
 "tag_list": null,
 "alias_list": null,
 "email_address": null,
 "phone_number": null,
 "description": null,
 "created_at": "Thu Aug 15 08:02:05 UTC 2013",
 "updated_at": "Thu Aug 15 08:02:04 UTC 2013",
 "overview": "\u003Cp\u003E5 Diamond Music is an online music education provider. They have developed many applications like Guitar Note Workou\u003C/p\u003E",
 "image": null,
 "products":
  [],
 "relationships":
  [],
 "competitions":
  [],
 "providerships":
  [],
 "total_money_raised": "$0",
 "funding_rounds":
  [],
 "investments":
  [],
 "acquisition": null,
 "acquisitions":
  [],
 "offices":
  [],
 "milestones":
  [],
 "ipo": null,
 "video_embeds":
  [],
 "screenshots":
  [],
 "external_links":
  [],
 "partners":
  []}
