{"name": "6pm",
 "permalink": "6pm",
 "crunchbase_url": "http://www.crunchbase.com/company/6pm",
 "homepage_url": "http://www.6pm.com",
 "blog_url": "",
 "blog_feed_url": "",
 "twitter_username": "6pm",
 "category_code": "web",
 "number_of_employees": null,
 "founded_year": null,
 "founded_month": null,
 "founded_day": null,
 "deadpooled_year": null,
 "deadpooled_month": null,
 "deadpooled_day": null,
 "deadpooled_url": null,
 "tag_list": "6pm, shoes, mens-shoes, womens-shoes, discount-shoes, cheap-shoes, designer-shoes",
 "alias_list": null,
 "email_address": "",
 "phone_number": "1-888-676-2660",
 "description": "Your Outlet for Shoes",
 "created_at": "Sat Aug 17 11:04:36 UTC 2013",
 "updated_at": "Mon Aug 19 19:27:30 UTC 2013",
 "overview": "\u003Cp\u003E6pm.com is a leading online store that offers a broad spectrum of shoes, clothing and fashion accessories for men, women and kids. Their extensive collection of designer products are from leading brands in the industry namely: New Balance, Nike, Fila, Reebok, Adidas, Lacoste and alot more.\u003C/p\u003E",
 "image":
  {"available_sizes":
    [[[150,
       150],
      "http://api-images.crunchbase.com/assets/images/resized/0030/8942/308942v2-max-150x150.png"],
     [[150,
       150],
      "http://api-images.crunchbase.com/assets/images/resized/0030/8942/308942v2-max-250x250.png"],
     [[150,
       150],
      "http://api-images.crunchbase.com/assets/images/resized/0030/8942/308942v2-max-450x450.png"]],
   "attribution": null},
 "products":
  [],
 "relationships":
  [],
 "competitions":
  [],
 "providerships":
  [],
 "total_money_raised": "$0",
 "funding_rounds":
  [],
 "investments":
  [],
 "acquisition": null,
 "acquisitions":
  [],
 "offices":
  [],
 "milestones":
  [],
 "ipo": null,
 "video_embeds":
  [],
 "screenshots":
  [{"available_sizes":
     [[[150,
        108],
       "http://api-images.crunchbase.com/assets/images/resized/0030/8941/308941v2-max-150x150.png"],
      [[250,
        181],
       "http://api-images.crunchbase.com/assets/images/resized/0030/8941/308941v2-max-250x250.png"],
      [[450,
        326],
       "http://api-images.crunchbase.com/assets/images/resized/0030/8941/308941v2-max-450x450.png"]],
    "attribution": null}],
 "external_links":
  [{"external_url": "https://www.facebook.com/6pmoutlet",
    "title": "6pm: Facebook"},
   {"external_url": "http://www.aboutus.org/6pm.com",
    "title": "6pm: About Us"},
   {"external_url": "http://www.riocodes.com/6pm-coupons.html",
    "title": "6pm Coupon Code"}],
 "partners":
  []}
