{"name": "7Zillion",
 "permalink": "7zillion",
 "crunchbase_url": "http://www.crunchbase.com/company/7zillion",
 "homepage_url": "http://www.7zillion.com",
 "blog_url": null,
 "blog_feed_url": null,
 "twitter_username": "7Zillion",
 "category_code": "sports",
 "number_of_employees": null,
 "founded_year": null,
 "founded_month": null,
 "founded_day": null,
 "deadpooled_year": null,
 "deadpooled_month": null,
 "deadpooled_day": null,
 "deadpooled_url": null,
 "tag_list": null,
 "alias_list": null,
 "email_address": null,
 "phone_number": null,
 "description": null,
 "created_at": "Thu Aug 15 08:58:47 UTC 2013",
 "updated_at": "Thu Aug 15 08:58:47 UTC 2013",
 "overview": "\u003Cp\u003E7Zillion is a company reputed for developing applications for the internet and also deals with the enterprise solutions. This includes both website development and enterprise iPhone/iPod development. Some of their major apps are Breath Hol\u003C/p\u003E",
 "image": null,
 "products":
  [],
 "relationships":
  [],
 "competitions":
  [],
 "providerships":
  [],
 "total_money_raised": "$0",
 "funding_rounds":
  [],
 "investments":
  [],
 "acquisition": null,
 "acquisitions":
  [],
 "offices":
  [],
 "milestones":
  [],
 "ipo": null,
 "video_embeds":
  [],
 "screenshots":
  [],
 "external_links":
  [],
 "partners":
  []}
