{"name": "9 Square",
 "permalink": "9-square",
 "crunchbase_url": "http://www.crunchbase.com/company/9-square",
 "homepage_url": "http://www.9squareworkshop.com",
 "blog_url": null,
 "blog_feed_url": null,
 "twitter_username": "9squareworkshop",
 "category_code": "mobile",
 "number_of_employees": null,
 "founded_year": null,
 "founded_month": null,
 "founded_day": null,
 "deadpooled_year": null,
 "deadpooled_month": null,
 "deadpooled_day": null,
 "deadpooled_url": null,
 "tag_list": null,
 "alias_list": null,
 "email_address": null,
 "phone_number": null,
 "description": null,
 "created_at": "Thu Aug 15 08:47:36 UTC 2013",
 "updated_at": "Thu Aug 15 08:47:36 UTC 2013",
 "overview": "\u003Cp\u003EBased in Santa Clar\u003C/p\u003E",
 "image": null,
 "products":
  [],
 "relationships":
  [],
 "competitions":
  [],
 "providerships":
  [],
 "total_money_raised": "$0",
 "funding_rounds":
  [],
 "investments":
  [],
 "acquisition": null,
 "acquisitions":
  [],
 "offices":
  [{"description": null,
    "address1": null,
    "address2": null,
    "zip_code": null,
    "city": "Santa Clara",
    "state_code": "CA",
    "country_code": "USA",
    "latitude": null,
    "longitude": null}],
 "milestones":
  [],
 "ipo": null,
 "video_embeds":
  [],
 "screenshots":
  [],
 "external_links":
  [{"external_url": "http://www.facebook.com/nsquare.apps",
    "title": "Facebook Page"}],
 "partners":
  []}
