{"name": "A\u0026D Company",
 "permalink": "a-d-company",
 "crunchbase_url": "http://www.crunchbase.com/company/a-d-company",
 "homepage_url": "http://www.aandd.jp",
 "blog_url": "",
 "blog_feed_url": "",
 "twitter_username": null,
 "category_code": null,
 "number_of_employees": null,
 "founded_year": 1977,
 "founded_month": null,
 "founded_day": null,
 "deadpooled_year": null,
 "deadpooled_month": null,
 "deadpooled_day": null,
 "deadpooled_url": null,
 "tag_list": null,
 "alias_list": "",
 "email_address": "",
 "phone_number": "81-3-5391-6132 ",
 "description": "",
 "created_at": "Sun Aug 25 12:19:10 UTC 2013",
 "updated_at": "Thu Jan 02 06:59:13 UTC 2014",
 "overview": "\u003Cp\u003EA\u0026amp;D Company, Limited develops, manufactures, and distributes measuring, monitoring, controlling, and testing instruments for industrial, education, medicine, and scientific applications in Japan and internationally. The company offers systems for measurement, control, and simulation; and FFT analyzers, noise and vibration comparators, digital ultrasonic flaw detectors, digital ultrasonic thickness gages, and material testing machines. It also provides analog-to-digital and digital-to-analog converters for semiconductor manufacturing equipment and electron guns. In addition, the company offers electronic balances, digital platform scales, weighing indicators, weighing controllers, industrial weighing equipment, and weighing and measuring data processing system load cells. Further, it provides digital blood pressure monitors and medical scales for professional use; and digital blood pressure monitors, digital bath scales, and ultrasonic nebulizers for household use, as well as analysis software. The company was founded in 1977 and is headquartered in Tokyo, Japan.\u003C/p\u003E",
 "image":
  {"available_sizes":
    [[[147,
       69],
      "http://api-images.crunchbase.com/assets/images/resized/0038/6659/386659v1-max-150x150.png"],
     [[147,
       69],
      "http://api-images.crunchbase.com/assets/images/resized/0038/6659/386659v1-max-250x250.png"],
     [[147,
       69],
      "http://api-images.crunchbase.com/assets/images/resized/0038/6659/386659v1-max-450x450.png"]],
   "attribution": null},
 "products":
  [],
 "relationships":
  [{"is_past": true,
    "title": "International Sales \u0026 Product Management",
    "person":
     {"first_name": "Michael J.",
      "last_name": "Becker",
      "permalink": "michael-j-becker"}}],
 "competitions":
  [],
 "providerships":
  [],
 "total_money_raised": "$0",
 "funding_rounds":
  [],
 "investments":
  [],
 "acquisition": null,
 "acquisitions":
  [],
 "offices":
  [{"description": "",
    "address1": "",
    "address2": "3-23-14 Higashi Ikebukuro, Toshima Ku",
    "zip_code": "",
    "city": "Tokyo",
    "state_code": null,
    "country_code": "JPN",
    "latitude": null,
    "longitude": null}],
 "milestones":
  [],
 "ipo": null,
 "video_embeds":
  [],
 "screenshots":
  [{"available_sizes":
     [[[150,
        86],
       "http://api-images.crunchbase.com/assets/images/resized/0038/6661/386661v1-max-150x150.png"],
      [[250,
        143],
       "http://api-images.crunchbase.com/assets/images/resized/0038/6661/386661v1-max-250x250.png"],
      [[450,
        258],
       "http://api-images.crunchbase.com/assets/images/resized/0038/6661/386661v1-max-450x450.png"]],
    "attribution": null}],
 "external_links":
  [],
 "partners":
  []}
