{"name": "A.S.H Applications Software House",
 "permalink": "a-s-h-applications-software-house",
 "crunchbase_url": "http://www.crunchbase.com/company/a-s-h-applications-software-house",
 "homepage_url": "http://www.iappstore.net",
 "blog_url": null,
 "blog_feed_url": null,
 "twitter_username": null,
 "category_code": "education",
 "number_of_employees": null,
 "founded_year": 2009,
 "founded_month": null,
 "founded_day": null,
 "deadpooled_year": null,
 "deadpooled_month": null,
 "deadpooled_day": null,
 "deadpooled_url": null,
 "tag_list": null,
 "alias_list": null,
 "email_address": null,
 "phone_number": null,
 "description": null,
 "created_at": "Thu Aug 15 07:24:28 UTC 2013",
 "updated_at": "Thu Aug 15 07:24:27 UTC 2013",
 "overview": "\u003Cp\u003EAsh Ltd is a world\u0026#8217;s leading provider of social game services with millions of active users playing its game\u003C/p\u003E",
 "image": null,
 "products":
  [],
 "relationships":
  [],
 "competitions":
  [],
 "providerships":
  [],
 "total_money_raised": "$0",
 "funding_rounds":
  [],
 "investments":
  [],
 "acquisition": null,
 "acquisitions":
  [],
 "offices":
  [],
 "milestones":
  [],
 "ipo": null,
 "video_embeds":
  [],
 "screenshots":
  [],
 "external_links":
  [{"external_url": "http://www.facebook.com/pages/ASH-Application-software-house/174069346425",
    "title": "Facebook Page"}],
 "partners":
  []}
