{"name": "A1 Locksmith Indianapolis",
 "permalink": "a1-locksmith-indianapolis",
 "crunchbase_url": "http://www.crunchbase.com/company/a1-locksmith-indianapolis",
 "homepage_url": "http://a1locksmithindianapolis.com",
 "blog_url": "",
 "blog_feed_url": "",
 "twitter_username": null,
 "category_code": "local",
 "number_of_employees": null,
 "founded_year": null,
 "founded_month": null,
 "founded_day": null,
 "deadpooled_year": null,
 "deadpooled_month": null,
 "deadpooled_day": null,
 "deadpooled_url": null,
 "tag_list": "residental-locksmith, automotive-locksmith, emergency-locksmith, commercial-locksmith-",
 "alias_list": null,
 "email_address": "locksmithindianapolis@yahoo.com",
 "phone_number": "(317) 886-8556",
 "description": "locksmith",
 "created_at": "Sat Aug 24 19:38:03 UTC 2013",
 "updated_at": "Mon Aug 26 15:05:47 UTC 2013",
 "overview": "\u003Cp\u003ELocksmith in Indianapolis IN is the preferred choice of Indianapolis dwellers whenever there is a lock and key problem. The good reason Indianapolis\u2019s residents give us their first call is that our organization supply remarkable locksmiths. All Indianapolis locksmiths are quite educated and retain many years in experience they have been operating on locksmith remedies from several years even before they joined us.\u003C/p\u003E",
 "image":
  {"available_sizes":
    [[[150,
       44],
      "http://api-images.crunchbase.com/assets/images/resized/0031/3527/313527v2-max-150x150.jpg"],
     [[250,
       74],
      "http://api-images.crunchbase.com/assets/images/resized/0031/3527/313527v2-max-250x250.jpg"],
     [[450,
       134],
      "http://api-images.crunchbase.com/assets/images/resized/0031/3527/313527v2-max-450x450.jpg"]],
   "attribution": null},
 "products":
  [],
 "relationships":
  [],
 "competitions":
  [],
 "providerships":
  [],
 "total_money_raised": "$0",
 "funding_rounds":
  [],
 "investments":
  [],
 "acquisition": null,
 "acquisitions":
  [],
 "offices":
  [],
 "milestones":
  [],
 "ipo": null,
 "video_embeds":
  [],
 "screenshots":
  [],
 "external_links":
  [],
 "partners":
  []}
