{"name": "AACC",
 "permalink": "aacc",
 "crunchbase_url": "http://www.crunchbase.com/company/aacc",
 "homepage_url": "http://www.aacc.org",
 "blog_url": null,
 "blog_feed_url": null,
 "twitter_username": "_AACC",
 "category_code": "medical",
 "number_of_employees": null,
 "founded_year": 1948,
 "founded_month": null,
 "founded_day": null,
 "deadpooled_year": null,
 "deadpooled_month": null,
 "deadpooled_day": null,
 "deadpooled_url": null,
 "tag_list": null,
 "alias_list": null,
 "email_address": null,
 "phone_number": null,
 "description": null,
 "created_at": "Thu Aug 15 08:28:01 UTC 2013",
 "updated_at": "Thu Aug 15 08:28:00 UTC 2013",
 "overview": "\u003Cp\u003EAACC is company improving Healthcare through Laboratory Medicine. AACC has developed apps like Lab Tests Online-M and DNA A to Z. This company was founded in 1948.\u003C/p\u003E",
 "image": null,
 "products":
  [],
 "relationships":
  [],
 "competitions":
  [],
 "providerships":
  [],
 "total_money_raised": "$0",
 "funding_rounds":
  [],
 "investments":
  [],
 "acquisition": null,
 "acquisitions":
  [],
 "offices":
  [],
 "milestones":
  [],
 "ipo": null,
 "video_embeds":
  [],
 "screenshots":
  [],
 "external_links":
  [{"external_url": "http://www.facebook.com/AmerAssocforClinChem",
    "title": "Facebook Page"}],
 "partners":
  []}
