{"name": "Aaru Labs",
 "permalink": "aaru-labs",
 "crunchbase_url": "http://www.crunchbase.com/company/aaru-labs",
 "homepage_url": "http://www.iaaru.webs.com",
 "blog_url": null,
 "blog_feed_url": null,
 "twitter_username": null,
 "category_code": "news",
 "number_of_employees": null,
 "founded_year": null,
 "founded_month": null,
 "founded_day": null,
 "deadpooled_year": null,
 "deadpooled_month": null,
 "deadpooled_day": null,
 "deadpooled_url": null,
 "tag_list": null,
 "alias_list": null,
 "email_address": null,
 "phone_number": null,
 "description": null,
 "created_at": "Thu Aug 15 08:40:30 UTC 2013",
 "updated_at": "Thu Aug 15 08:40:29 UTC 2013",
 "overview": "\u003Cp\u003EAaru Labs is an independent studio which develops and design applications for mobile platforms. They specializes in creation of News and Medical apps for iPhon\u003C/p\u003E",
 "image": null,
 "products":
  [],
 "relationships":
  [],
 "competitions":
  [],
 "providerships":
  [],
 "total_money_raised": "$0",
 "funding_rounds":
  [],
 "investments":
  [],
 "acquisition": null,
 "acquisitions":
  [],
 "offices":
  [],
 "milestones":
  [],
 "ipo": null,
 "video_embeds":
  [],
 "screenshots":
  [],
 "external_links":
  [],
 "partners":
  []}
