{"name": "AbantSistemas",
 "permalink": "abantsistemas",
 "crunchbase_url": "http://www.crunchbase.com/company/abantsistemas",
 "homepage_url": "http://www.abantsistemas.com",
 "blog_url": null,
 "blog_feed_url": null,
 "twitter_username": "abantsistemas",
 "category_code": "health",
 "number_of_employees": null,
 "founded_year": null,
 "founded_month": null,
 "founded_day": null,
 "deadpooled_year": null,
 "deadpooled_month": null,
 "deadpooled_day": null,
 "deadpooled_url": null,
 "tag_list": null,
 "alias_list": null,
 "email_address": null,
 "phone_number": null,
 "description": null,
 "created_at": "Thu Aug 15 08:23:02 UTC 2013",
 "updated_at": "Thu Aug 15 08:23:01 UTC 2013",
 "overview": "\u003Cp\u003EAbantSistemas is an application developing company who has clients from various countries. They have made a good reputation with their clients. They develop apps for iOS platform and a few examples are JosefAjram and Galeria Miquel.\u003C/p\u003E",
 "image": null,
 "products":
  [],
 "relationships":
  [],
 "competitions":
  [],
 "providerships":
  [],
 "total_money_raised": "$0",
 "funding_rounds":
  [],
 "investments":
  [],
 "acquisition": null,
 "acquisitions":
  [],
 "offices":
  [],
 "milestones":
  [],
 "ipo": null,
 "video_embeds":
  [],
 "screenshots":
  [],
 "external_links":
  [],
 "partners":
  []}
