{"name": "ABCya.com",
 "permalink": "abcya-com",
 "crunchbase_url": "http://www.crunchbase.com/company/abcya-com",
 "homepage_url": "http://www.abcya.com",
 "blog_url": null,
 "blog_feed_url": null,
 "twitter_username": null,
 "category_code": "games_video",
 "number_of_employees": null,
 "founded_year": null,
 "founded_month": null,
 "founded_day": null,
 "deadpooled_year": null,
 "deadpooled_month": null,
 "deadpooled_day": null,
 "deadpooled_url": null,
 "tag_list": null,
 "alias_list": null,
 "email_address": null,
 "phone_number": null,
 "description": null,
 "created_at": "Thu Aug 15 08:02:12 UTC 2013",
 "updated_at": "Thu Aug 15 08:02:12 UTC 2013",
 "overview": "\u003Cp\u003EABCya.com.is a mobile app developer company and developed apps for iOs users like COIN by ABCya.co\u003C/p\u003E",
 "image": null,
 "products":
  [],
 "relationships":
  [],
 "competitions":
  [],
 "providerships":
  [],
 "total_money_raised": "$0",
 "funding_rounds":
  [],
 "investments":
  [],
 "acquisition": null,
 "acquisitions":
  [],
 "offices":
  [],
 "milestones":
  [],
 "ipo": null,
 "video_embeds":
  [],
 "screenshots":
  [],
 "external_links":
  [{"external_url": "http://www.facebook.com/pages/abcya-games/133155126749796",
    "title": "Facebook Page"}],
 "partners":
  []}
