{"name": "Able Skills",
 "permalink": "able-skills",
 "crunchbase_url": "http://www.crunchbase.com/company/able-skills",
 "homepage_url": "http://www.ableskills.co.uk",
 "blog_url": "http://www.ableskills.co.uk/daily",
 "blog_feed_url": "",
 "twitter_username": "ableskills",
 "category_code": "education",
 "number_of_employees": 20,
 "founded_year": 2003,
 "founded_month": 12,
 "founded_day": 19,
 "deadpooled_year": null,
 "deadpooled_month": null,
 "deadpooled_day": null,
 "deadpooled_url": null,
 "tag_list": "dartford",
 "alias_list": null,
 "email_address": "info@ableskills.co.uk",
 "phone_number": " 0808 100 3245",
 "description": "Construction Training Provider",
 "created_at": "Wed Aug 28 10:06:24 UTC 2013",
 "updated_at": "Wed Aug 28 14:32:20 UTC 2013",
 "overview": "\u003Cp\u003EAbleskills is a private construction training provider.\u003C/p\u003E",
 "image": null,
 "products":
  [],
 "relationships":
  [{"is_past": false,
    "title": "MD",
    "person":
     {"first_name": "Gary",
      "last_name": "Measures",
      "permalink": "gary-measures"}}],
 "competitions":
  [],
 "providerships":
  [],
 "total_money_raised": "$0",
 "funding_rounds":
  [],
 "investments":
  [],
 "acquisition": null,
 "acquisitions":
  [],
 "offices":
  [{"description": "Training Facilities",
    "address1": "Unit K5, Riverside Industrial Estate,",
    "address2": "Riverside Way",
    "zip_code": "DA1 5BS",
    "city": "Dartford",
    "state_code": null,
    "country_code": "GBR",
    "latitude": 51.4522382,
    "longitude": 0.2190378}],
 "milestones":
  [],
 "ipo": null,
 "video_embeds":
  [],
 "screenshots":
  [],
 "external_links":
  [{"external_url": "http://www.ableskills.co.uk/electrical-courses.htm",
    "title": "Electrical Courses"}],
 "partners":
  []}
