{"name": "ABODO",
 "permalink": "abodo",
 "crunchbase_url": "http://www.crunchbase.com/company/abodo",
 "homepage_url": "http://www.abodo.com",
 "blog_url": "http://blog.abodo.com/",
 "blog_feed_url": "http://blog.abodo.com/",
 "twitter_username": "abodoapts",
 "category_code": "real_estate",
 "number_of_employees": 10,
 "founded_year": 2011,
 "founded_month": 1,
 "founded_day": 3,
 "deadpooled_year": null,
 "deadpooled_month": null,
 "deadpooled_day": null,
 "deadpooled_url": null,
 "tag_list": "real-estate, search, marketplaces, rental-housing",
 "alias_list": "MoveIn ",
 "email_address": "info@abodo.com",
 "phone_number": "",
 "description": "Online Apartment Finder",
 "created_at": "Tue Aug 27 05:21:16 UTC 2013",
 "updated_at": "Fri Apr 18 12:55:01 UTC 2014",
 "overview": "\u003Cp\u003EABODO is a Madison-based startup with the mission of creating a new, better kind of apartment listing service.\u003C/p\u003E\n\n\u003Cp\u003EFor renters, our extensive library of apartments finally makes apartment hunting intuitive and easy.\u003C/p\u003E",
 "image":
  {"available_sizes":
    [[[150,
       38],
      "http://api-images.crunchbase.com/assets/images/resized/0031/4574/314574v3-max-150x150.png"],
     [[250,
       63],
      "http://api-images.crunchbase.com/assets/images/resized/0031/4574/314574v3-max-250x250.png"],
     [[331,
       84],
      "http://api-images.crunchbase.com/assets/images/resized/0031/4574/314574v3-max-450x450.png"]],
   "attribution": null},
 "products":
  [],
 "relationships":
  [{"is_past": false,
    "title": "CTO \u0026 Founder",
    "person":
     {"first_name": "Adam",
      "last_name": "Olien",
      "permalink": "adam-olien"}},
   {"is_past": false,
    "title": "Co-Founder \u0026 CEO",
    "person":
     {"first_name": "Alec",
      "last_name": "Slocum",
      "permalink": "alec-slocum"}},
   {"is_past": false,
    "title": "Co-Founder",
    "person":
     {"first_name": "Chad",
      "last_name": "Aldous",
      "permalink": "chad-aldous"}}],
 "competitions":
  [],
 "providerships":
  [],
 "total_money_raised": "$1.29M",
 "funding_rounds":
  [{"id": 46759,
    "round_code": "seed",
    "source_url": "http://www.jsonline.com/business/madison-start-up-abodocom-raises-325000-in-angel-funding-b9983734z1-221174271.html",
    "source_description": "Madison start-up Abodo.com raises $325,000 in angel funding",
    "raised_amount": 325000.0,
    "raised_currency_code": "USD",
    "funded_year": 2013,
    "funded_month": 5,
    "funded_day": 17,
    "investments":
     [{"company": null,
       "financial_org": null,
       "person":
        {"first_name": "Michael",
         "last_name": "Taus",
         "permalink": "michael-taus"}},
      {"company":
        {"name": "gener8tor",
         "permalink": "gener8tor"},
       "financial_org": null,
       "person": null}]},
   {"id": 65400,
    "round_code": "seed",
    "source_url": "",
    "source_description": "",
    "raised_amount": 20000.0,
    "raised_currency_code": "USD",
    "funded_year": 2013,
    "funded_month": 1,
    "funded_day": 4,
    "investments":
     [{"company":
        {"name": "gener8tor",
         "permalink": "gener8tor"},
       "financial_org": null,
       "person": null}]},
   {"id": 72647,
    "round_code": "partial",
    "source_url": "http://www.sec.gov/Archives/edgar/data/1577004/000157700414000002/xslFormDX01/primary_doc.xml",
    "source_description": "SEC",
    "raised_amount": 945000.0,
    "raised_currency_code": "USD",
    "funded_year": 2014,
    "funded_month": 4,
    "funded_day": 17,
    "investments":
     []}],
 "investments":
  [],
 "acquisition": null,
 "acquisitions":
  [],
 "offices":
  [{"description": "HQ",
    "address1": "131 W. Wilson St.",
    "address2": "",
    "zip_code": "53703",
    "city": "Madison",
    "state_code": "WI",
    "country_code": "USA",
    "latitude": 43.0730517,
    "longitude": -89.4012302}],
 "milestones":
  [],
 "ipo": null,
 "video_embeds":
  [],
 "screenshots":
  [{"available_sizes":
     [[[150,
        81],
       "http://api-images.crunchbase.com/assets/images/resized/0031/4573/314573v1-max-150x150.png"],
      [[250,
        136],
       "http://api-images.crunchbase.com/assets/images/resized/0031/4573/314573v1-max-250x250.png"],
      [[450,
        245],
       "http://api-images.crunchbase.com/assets/images/resized/0031/4573/314573v1-max-450x450.png"]],
    "attribution": null},
   {"available_sizes":
     [[[150,
        80],
       "http://api-images.crunchbase.com/assets/images/resized/0033/2241/332241v1-max-150x150.png"],
      [[250,
        133],
       "http://api-images.crunchbase.com/assets/images/resized/0033/2241/332241v1-max-250x250.png"],
      [[450,
        240],
       "http://api-images.crunchbase.com/assets/images/resized/0033/2241/332241v1-max-450x450.png"]],
    "attribution": null}],
 "external_links":
  [],
 "partners":
  [{"partner_name": "angel_list",
    "homepage_url": "http://www.abodo.com",
    "link_1_url": "https://angel.co/abodo-1",
    "link_2_url": "https://angel.co/abodo-1/jobs?utc_source=crunchbase\u0026amp;utm_campaign=crunchbase\u0026amp;utm_content=jobs\u0026amp;utm_medium=link\u0026amp;utm_term=abodo-1",
    "link_3_url": null,
    "link_1_name": "AngelList Page",
    "link_2_name": "Hiring: Marketer \u0026amp; Growth Hacker",
    "link_3_name": null}]}
