{"name": "ABSOLUT VODKA",
 "permalink": "absolut-vodka",
 "crunchbase_url": "http://www.crunchbase.com/company/absolut-vodka",
 "homepage_url": "http://www.absolut.com",
 "blog_url": null,
 "blog_feed_url": null,
 "twitter_username": "ABSOLUTvodka_US",
 "category_code": "hospitality",
 "number_of_employees": null,
 "founded_year": null,
 "founded_month": null,
 "founded_day": null,
 "deadpooled_year": null,
 "deadpooled_month": null,
 "deadpooled_day": null,
 "deadpooled_url": null,
 "tag_list": null,
 "alias_list": null,
 "email_address": null,
 "phone_number": null,
 "description": null,
 "created_at": "Thu Aug 15 07:45:10 UTC 2013",
 "updated_at": "Thu Aug 15 07:45:10 UTC 2013",
 "overview": "\u003Cp\u003EAbsolut Vodka is world\u0026#8217;s most iconic Vodka company. Absolut Vodka has designed apps like Drinkspiration By Absolu\u003C/p\u003E",
 "image": null,
 "products":
  [],
 "relationships":
  [],
 "competitions":
  [],
 "providerships":
  [],
 "total_money_raised": "$0",
 "funding_rounds":
  [],
 "investments":
  [],
 "acquisition": null,
 "acquisitions":
  [],
 "offices":
  [],
 "milestones":
  [],
 "ipo": null,
 "video_embeds":
  [],
 "screenshots":
  [],
 "external_links":
  [{"external_url": "http://www.facebook.com/Absolut.Humor",
    "title": "Facebook Page"}],
 "partners":
  []}
