{"name": "ABUS Security-Center",
 "permalink": "abus-security-center",
 "crunchbase_url": "http://www.crunchbase.com/company/abus-security-center",
 "homepage_url": "http://www.abus-sc.com",
 "blog_url": null,
 "blog_feed_url": null,
 "twitter_username": "ABUS_SC",
 "category_code": "mobile",
 "number_of_employees": null,
 "founded_year": null,
 "founded_month": null,
 "founded_day": null,
 "deadpooled_year": null,
 "deadpooled_month": null,
 "deadpooled_day": null,
 "deadpooled_url": null,
 "tag_list": null,
 "alias_list": null,
 "email_address": null,
 "phone_number": null,
 "description": null,
 "created_at": "Thu Aug 15 09:09:22 UTC 2013",
 "updated_at": "Thu Aug 15 09:09:21 UTC 2013",
 "overview": "\u003Cp\u003EABUS Security Centre is a mobile apps developer company and has developed various iOS applications. It has developed applications like Assistan\u003C/p\u003E",
 "image": null,
 "products":
  [],
 "relationships":
  [],
 "competitions":
  [],
 "providerships":
  [],
 "total_money_raised": "$0",
 "funding_rounds":
  [],
 "investments":
  [],
 "acquisition": null,
 "acquisitions":
  [],
 "offices":
  [],
 "milestones":
  [],
 "ipo": null,
 "video_embeds":
  [],
 "screenshots":
  [],
 "external_links":
  [{"external_url": "http://www.facebook.com/pages/ABUS-Security-Center/114569291889502",
    "title": "Facebook Page"}],
 "partners":
  []}
