{"name": "Abvio",
 "permalink": "abvio",
 "crunchbase_url": "http://www.crunchbase.com/company/abvio",
 "homepage_url": "http://www.abvio.com",
 "blog_url": null,
 "blog_feed_url": null,
 "twitter_username": "abvio",
 "category_code": "health",
 "number_of_employees": null,
 "founded_year": 2008,
 "founded_month": null,
 "founded_day": null,
 "deadpooled_year": null,
 "deadpooled_month": null,
 "deadpooled_day": null,
 "deadpooled_url": null,
 "tag_list": null,
 "alias_list": null,
 "email_address": null,
 "phone_number": null,
 "description": null,
 "created_at": "Thu Aug 15 08:18:45 UTC 2013",
 "updated_at": "Thu Aug 15 08:18:45 UTC 2013",
 "overview": "\u003Cp\u003EAbvio Inc.is a mobile app developer company. It was founded in 2008 by Steve Kusmer and Kevin Wallace to build advanced mobile applications that can make a world of difference. It has developed apps like cyclemeter.\u003C/p\u003E",
 "image": null,
 "products":
  [],
 "relationships":
  [],
 "competitions":
  [],
 "providerships":
  [],
 "total_money_raised": "$0",
 "funding_rounds":
  [],
 "investments":
  [],
 "acquisition": null,
 "acquisitions":
  [],
 "offices":
  [],
 "milestones":
  [],
 "ipo": null,
 "video_embeds":
  [],
 "screenshots":
  [],
 "external_links":
  [],
 "partners":
  []}
