{"name": "Academy of Nutrition and Dietetics",
 "permalink": "academy-of-nutrition-and-dietetics",
 "crunchbase_url": "http://www.crunchbase.com/company/academy-of-nutrition-and-dietetics",
 "homepage_url": "http://www.eatright.org",
 "blog_url": null,
 "blog_feed_url": null,
 "twitter_username": "eatright",
 "category_code": "health",
 "number_of_employees": null,
 "founded_year": 1917,
 "founded_month": null,
 "founded_day": null,
 "deadpooled_year": null,
 "deadpooled_month": null,
 "deadpooled_day": null,
 "deadpooled_url": null,
 "tag_list": null,
 "alias_list": null,
 "email_address": null,
 "phone_number": null,
 "description": null,
 "created_at": "Thu Aug 15 08:19:15 UTC 2013",
 "updated_at": "Thu Aug 15 08:32:42 UTC 2013",
 "overview": "\u003Cp\u003EThe Academy of Nutrition and Dietetics is the world\u0026#8217;s largest organization of food and nutrition professionals. They are now with more than 7\u003C/p\u003E",
 "image": null,
 "products":
  [],
 "relationships":
  [],
 "competitions":
  [],
 "providerships":
  [],
 "total_money_raised": "$0",
 "funding_rounds":
  [],
 "investments":
  [],
 "acquisition": null,
 "acquisitions":
  [],
 "offices":
  [{"description": null,
    "address1": null,
    "address2": null,
    "zip_code": null,
    "city": "Chicago",
    "state_code": "IL",
    "country_code": "USA",
    "latitude": 41.8781136,
    "longitude": -87.6297982}],
 "milestones":
  [],
 "ipo": null,
 "video_embeds":
  [],
 "screenshots":
  [],
 "external_links":
  [{"external_url": "http://www.facebook.com/EatRightNutrition",
    "title": "Facebook Page"}],
 "partners":
  []}
