{"name": "Accruit",
 "permalink": "accruit",
 "crunchbase_url": "http://www.crunchbase.com/company/accruit",
 "homepage_url": "http://www.accruit.com",
 "blog_url": "",
 "blog_feed_url": "",
 "twitter_username": "Accruit",
 "category_code": "software",
 "number_of_employees": null,
 "founded_year": 2000,
 "founded_month": null,
 "founded_day": null,
 "deadpooled_year": null,
 "deadpooled_month": null,
 "deadpooled_day": null,
 "deadpooled_url": null,
 "tag_list": "",
 "alias_list": "",
 "email_address": "info@accruit.com",
 "phone_number": "866 397-1031",
 "description": "",
 "created_at": "Wed Aug 21 05:38:35 UTC 2013",
 "updated_at": "Wed Aug 21 10:00:06 UTC 2013",
 "overview": "\u003Cp\u003EAccruit, LLC is a Colorado based like-kind exchange service provider and Qualified Intermediary. Accruit is the leading qualified intermediary for personal property in the United States and the only qualified intermediary to have a patented process and online exchange management system. The company acts as qualified intermediary for PwC clients and other major companies, helping them maximize cash flow while minimizing tax risk and administrative burden. In 2010, Accruit completed the sale of certain assets with the tax compliance portion of its business to PwC\u003C/p\u003E",
 "image":
  {"available_sizes":
    [[[139,
       107],
      "http://api-images.crunchbase.com/assets/images/resized/0031/0687/310687v1-max-150x150.png"],
     [[139,
       107],
      "http://api-images.crunchbase.com/assets/images/resized/0031/0687/310687v1-max-250x250.png"],
     [[139,
       107],
      "http://api-images.crunchbase.com/assets/images/resized/0031/0687/310687v1-max-450x450.png"]],
   "attribution": null},
 "products":
  [],
 "relationships":
  [{"is_past": false,
    "title": "Co-Founder",
    "person":
     {"first_name": "Brent",
      "last_name": "Abrahm",
      "permalink": "brent-abrahm"}},
   {"is_past": false,
    "title": "CFO",
    "person":
     {"first_name": "Juan",
      "last_name": "Perez",
      "permalink": "juan-perez"}},
   {"is_past": false,
    "title": "COO",
    "person":
     {"first_name": "George",
      "last_name": "Shaver",
      "permalink": "george-shaver"}},
   {"is_past": false,
    "title": "Director",
    "person":
     {"first_name": "Robert",
      "last_name": "M.Lichten",
      "permalink": "robert-m-lichten"}}],
 "competitions":
  [],
 "providerships":
  [],
 "total_money_raised": "$0",
 "funding_rounds":
  [{"id": 46131,
    "round_code": "a",
    "source_url": "http://www.sec.gov/Archives/edgar/vprr/08/9999999997-08-035107",
    "source_description": "SEC",
    "raised_amount": null,
    "raised_currency_code": "USD",
    "funded_year": 2008,
    "funded_month": 7,
    "funded_day": 3,
    "investments":
     [{"company": null,
       "financial_org":
        {"name": "Inter-Atlantic Group",
         "permalink": "inter-atlantic-group"},
       "person": null}]}],
 "investments":
  [],
 "acquisition": null,
 "acquisitions":
  [],
 "offices":
  [{"description": "",
    "address1": "",
    "address2": "1331 17th Street Suite 1250",
    "zip_code": "80202",
    "city": "Denver",
    "state_code": "CO",
    "country_code": "USA",
    "latitude": null,
    "longitude": null}],
 "milestones":
  [],
 "ipo": null,
 "video_embeds":
  [],
 "screenshots":
  [{"available_sizes":
     [[[150,
        86],
       "http://api-images.crunchbase.com/assets/images/resized/0031/0686/310686v1-max-150x150.png"],
      [[250,
        143],
       "http://api-images.crunchbase.com/assets/images/resized/0031/0686/310686v1-max-250x250.png"],
      [[450,
        258],
       "http://api-images.crunchbase.com/assets/images/resized/0031/0686/310686v1-max-450x450.png"]],
    "attribution": null}],
 "external_links":
  [],
 "partners":
  []}
