{"name": "Accreditation Counsel for Graduate Medical Education",
 "permalink": "accreditation-counsel-for-graduate-medical-education",
 "crunchbase_url": "http://www.crunchbase.com/company/accreditation-counsel-for-graduate-medical-education",
 "homepage_url": null,
 "blog_url": null,
 "blog_feed_url": null,
 "twitter_username": null,
 "category_code": null,
 "number_of_employees": null,
 "founded_year": null,
 "founded_month": null,
 "founded_day": null,
 "deadpooled_year": null,
 "deadpooled_month": null,
 "deadpooled_day": null,
 "deadpooled_url": null,
 "tag_list": null,
 "alias_list": null,
 "email_address": null,
 "phone_number": null,
 "description": null,
 "created_at": "Mon Aug 26 02:22:52 UTC 2013",
 "updated_at": "Mon Aug 26 02:22:52 UTC 2013",
 "overview": null,
 "image": null,
 "products":
  [],
 "relationships":
  [{"is_past": false,
    "title": "Chair of the Council of Review Committee Chairs",
    "person":
     {"first_name": "Louis",
      "last_name": "B. Cantor",
      "permalink": "louis-b-cantor"}}],
 "competitions":
  [],
 "providerships":
  [],
 "total_money_raised": "$0",
 "funding_rounds":
  [],
 "investments":
  [],
 "acquisition": null,
 "acquisitions":
  [],
 "offices":
  [],
 "milestones":
  [],
 "ipo": null,
 "video_embeds":
  [],
 "screenshots":
  [],
 "external_links":
  [],
 "partners":
  []}
