{"name": "Accupost Corporation",
 "permalink": "accupost-corporation",
 "crunchbase_url": "http://www.crunchbase.com/company/accupost-corporation",
 "homepage_url": null,
 "blog_url": "",
 "blog_feed_url": "",
 "twitter_username": null,
 "category_code": "software",
 "number_of_employees": null,
 "founded_year": null,
 "founded_month": null,
 "founded_day": null,
 "deadpooled_year": null,
 "deadpooled_month": null,
 "deadpooled_day": null,
 "deadpooled_url": null,
 "tag_list": "",
 "alias_list": "",
 "email_address": "",
 "phone_number": "303-978-1139",
 "description": "",
 "created_at": "Wed Aug 21 06:25:01 UTC 2013",
 "updated_at": "Wed Aug 21 11:48:15 UTC 2013",
 "overview": "\u003Cp\u003EAccupost Corporation, now a business unit of TransUnion, is a technology and outsource services provider of post-closing solutions for the mortgage services industry. Accupost\u2019s post-closing system automates back-office processes to improve efficiencies, increase productivity and minimize the risks associated with non-compliance of loan documentation. The company\u2019s platform includes mortgage assignment and release processing, document retrieval, portfolio due diligence, document imaging and government insuring services. In August 2004, AccuPost was acquired by TransUnion Settlement Services, a subsidiary of leading global information solutions company TransUnion.\u003C/p\u003E",
 "image":
  {"available_sizes":
    [[[150,
       78],
      "http://api-images.crunchbase.com/assets/images/resized/0031/0734/310734v1-max-150x150.png"],
     [[200,
       104],
      "http://api-images.crunchbase.com/assets/images/resized/0031/0734/310734v1-max-250x250.png"],
     [[200,
       104],
      "http://api-images.crunchbase.com/assets/images/resized/0031/0734/310734v1-max-450x450.png"]],
   "attribution": null},
 "products":
  [],
 "relationships":
  [{"is_past": false,
    "title": "CEO",
    "person":
     {"first_name": "Richard",
      "last_name": "Solheim",
      "permalink": "richard-solheim"}},
   {"is_past": false,
    "title": "Vice President",
    "person":
     {"first_name": "Dick",
      "last_name": "Smeltz",
      "permalink": "dick-smeltz"}},
   {"is_past": false,
    "title": "Chairman and President",
    "person":
     {"first_name": "Todd",
      "last_name": "Tzeng",
      "permalink": "todd-tzeng"}}],
 "competitions":
  [],
 "providerships":
  [],
 "total_money_raised": "$0",
 "funding_rounds":
  [{"id": 46180,
    "round_code": "a",
    "source_url": "",
    "source_description": "Inter-Atlantic Group  Source",
    "raised_amount": null,
    "raised_currency_code": "USD",
    "funded_year": 2002,
    "funded_month": 8,
    "funded_day": null,
    "investments":
     [{"company": null,
       "financial_org":
        {"name": "Inter-Atlantic Group",
         "permalink": "inter-atlantic-group"},
       "person": null}]}],
 "investments":
  [],
 "acquisition":
  {"price_amount": null,
   "price_currency_code": "USD",
   "term_code": null,
   "source_url": "http://blogcritics.org/transunion-acquires-accupost-adds-post-closing/",
   "source_description": "TransUnion acquires AccuPost, Adds Post-Closing Solutions",
   "acquired_year": 2004,
   "acquired_month": 9,
   "acquired_day": 2,
   "acquiring_company":
    {"name": "TransUnion",
     "permalink": "transunion"}},
 "acquisitions":
  [],
 "offices":
  [{"description": "",
    "address1": "8742 Lucent Boulevard",
    "address2": "Suite 500",
    "zip_code": "80129",
    "city": "Littleton",
    "state_code": "CO",
    "country_code": "USA",
    "latitude": 39.5575915,
    "longitude": -105.0035847}],
 "milestones":
  [],
 "ipo": null,
 "video_embeds":
  [],
 "screenshots":
  [],
 "external_links":
  [],
 "partners":
  []}
