{"name": "Acelero Learning",
 "permalink": "acelero-learning",
 "crunchbase_url": "http://www.crunchbase.com/company/acelero-learning",
 "homepage_url": null,
 "blog_url": null,
 "blog_feed_url": null,
 "twitter_username": null,
 "category_code": null,
 "number_of_employees": null,
 "founded_year": null,
 "founded_month": null,
 "founded_day": null,
 "deadpooled_year": null,
 "deadpooled_month": null,
 "deadpooled_day": null,
 "deadpooled_url": null,
 "tag_list": null,
 "alias_list": null,
 "email_address": null,
 "phone_number": null,
 "description": null,
 "created_at": "Sat Aug 24 07:25:53 UTC 2013",
 "updated_at": "Sat Aug 24 07:25:53 UTC 2013",
 "overview": null,
 "image": null,
 "products":
  [],
 "relationships":
  [{"is_past": false,
    "title": "Director",
    "person":
     {"first_name": "Elyse",
      "last_name": "D. Cherry",
      "permalink": "elyse-d-cherry"}},
   {"is_past": false,
    "title": "Board Observer",
    "person":
     {"first_name": "Anthony",
      "last_name": "Berkley",
      "permalink": "anthony-berkley"}}],
 "competitions":
  [],
 "providerships":
  [],
 "total_money_raised": "$0",
 "funding_rounds":
  [],
 "investments":
  [],
 "acquisition": null,
 "acquisitions":
  [],
 "offices":
  [],
 "milestones":
  [],
 "ipo": null,
 "video_embeds":
  [],
 "screenshots":
  [],
 "external_links":
  [],
 "partners":
  []}
