{"name": "Acento Comunicacion",
 "permalink": "acento-comunicacion",
 "crunchbase_url": "http://www.crunchbase.com/company/acento-comunicacion",
 "homepage_url": "http://www.eralapps.com",
 "blog_url": null,
 "blog_feed_url": null,
 "twitter_username": "eralapps",
 "category_code": "games_video",
 "number_of_employees": null,
 "founded_year": null,
 "founded_month": null,
 "founded_day": null,
 "deadpooled_year": null,
 "deadpooled_month": null,
 "deadpooled_day": null,
 "deadpooled_url": null,
 "tag_list": null,
 "alias_list": null,
 "email_address": null,
 "phone_number": null,
 "description": null,
 "created_at": "Thu Aug 15 08:05:48 UTC 2013",
 "updated_at": "Thu Aug 15 08:05:48 UTC 2013",
 "overview": "\u003Cp\u003EEralapps is an application developer that is into design and creation of mobile applications. They comprise of a team that ensure your idea is converted into effect. Some of their applications include Animal Pairs Game PR\u003C/p\u003E",
 "image": null,
 "products":
  [],
 "relationships":
  [],
 "competitions":
  [],
 "providerships":
  [],
 "total_money_raised": "$0",
 "funding_rounds":
  [],
 "investments":
  [],
 "acquisition": null,
 "acquisitions":
  [],
 "offices":
  [],
 "milestones":
  [],
 "ipo": null,
 "video_embeds":
  [],
 "screenshots":
  [],
 "external_links":
  [{"external_url": "http://www.facebook.com/eralapps",
    "title": "Facebook Page"}],
 "partners":
  []}
