{"name": "ACIS Professional Center",
 "permalink": "acis-professional-center",
 "crunchbase_url": "http://www.crunchbase.com/company/acis-professional-center",
 "homepage_url": "http://www.acisonline.net",
 "blog_url": null,
 "blog_feed_url": null,
 "twitter_username": "acisonline",
 "category_code": "mobile",
 "number_of_employees": null,
 "founded_year": null,
 "founded_month": null,
 "founded_day": null,
 "deadpooled_year": null,
 "deadpooled_month": null,
 "deadpooled_day": null,
 "deadpooled_url": null,
 "tag_list": null,
 "alias_list": null,
 "email_address": null,
 "phone_number": null,
 "description": null,
 "created_at": "Thu Aug 15 09:09:23 UTC 2013",
 "updated_at": "Thu Aug 15 09:09:22 UTC 2013",
 "overview": "\u003Cp\u003EACIS Professional Center is the Number one IT security Training and Consulting firm in Thailand. They provides IT Security training courses and consultancy and also hosts the biggest IT security Event known as CDIC.\u003C/p\u003E",
 "image": null,
 "products":
  [],
 "relationships":
  [],
 "competitions":
  [],
 "providerships":
  [],
 "total_money_raised": "$0",
 "funding_rounds":
  [],
 "investments":
  [],
 "acquisition": null,
 "acquisitions":
  [],
 "offices":
  [],
 "milestones":
  [],
 "ipo": null,
 "video_embeds":
  [],
 "screenshots":
  [],
 "external_links":
  [{"external_url": "http://www.facebook.com/acisonline",
    "title": "Facebook Page"}],
 "partners":
  []}
