{"name": "ACLJ - American Center for Law and Justice",
 "permalink": "aclj-american-center-for-law-and-justice",
 "crunchbase_url": "http://www.crunchbase.com/company/aclj-american-center-for-law-and-justice",
 "homepage_url": null,
 "blog_url": null,
 "blog_feed_url": null,
 "twitter_username": null,
 "category_code": "enterprise",
 "number_of_employees": null,
 "founded_year": null,
 "founded_month": null,
 "founded_day": null,
 "deadpooled_year": null,
 "deadpooled_month": null,
 "deadpooled_day": null,
 "deadpooled_url": null,
 "tag_list": null,
 "alias_list": null,
 "email_address": null,
 "phone_number": null,
 "description": null,
 "created_at": "Thu Aug 15 07:25:53 UTC 2013",
 "updated_at": "Thu Aug 15 07:25:52 UTC 2013",
 "overview": "\u003Cp\u003EAppsCode is one of the mobile applications developer.Tie-a-Tie Lite and Mosqito Repellant are some of the applications by AppsCode. They develop apps for various platforms including iPhon\u003C/p\u003E",
 "image": null,
 "products":
  [],
 "relationships":
  [],
 "competitions":
  [],
 "providerships":
  [],
 "total_money_raised": "$0",
 "funding_rounds":
  [],
 "investments":
  [],
 "acquisition": null,
 "acquisitions":
  [],
 "offices":
  [],
 "milestones":
  [],
 "ipo": null,
 "video_embeds":
  [],
 "screenshots":
  [],
 "external_links":
  [],
 "partners":
  []}
