{"name": "Acmee",
 "permalink": "acmee",
 "crunchbase_url": "http://www.crunchbase.com/company/acmee",
 "homepage_url": "http://www.acmee.de/Site/Site.html",
 "blog_url": null,
 "blog_feed_url": null,
 "twitter_username": null,
 "category_code": "games_video",
 "number_of_employees": null,
 "founded_year": null,
 "founded_month": null,
 "founded_day": null,
 "deadpooled_year": null,
 "deadpooled_month": null,
 "deadpooled_day": null,
 "deadpooled_url": null,
 "tag_list": null,
 "alias_list": null,
 "email_address": null,
 "phone_number": null,
 "description": null,
 "created_at": "Thu Aug 15 08:02:13 UTC 2013",
 "updated_at": "Thu Aug 15 08:02:13 UTC 2013",
 "overview": "\u003Cp\u003EAcmee GmbH is a mobile app developer company which develop games app for iOS users. Some of its apps are Crazy Chicken Deluxe - Grouse Hunting by Acmee is an iPhone light-gun shooter that rewards your ability to think laterally and shoot accurately.\u003C/p\u003E",
 "image": null,
 "products":
  [],
 "relationships":
  [],
 "competitions":
  [],
 "providerships":
  [],
 "total_money_raised": "$0",
 "funding_rounds":
  [],
 "investments":
  [],
 "acquisition": null,
 "acquisitions":
  [],
 "offices":
  [],
 "milestones":
  [],
 "ipo": null,
 "video_embeds":
  [],
 "screenshots":
  [],
 "external_links":
  [],
 "partners":
  []}
