{"name": "Acorn Computers Ltd.",
 "permalink": "acorn-computers-ltd",
 "crunchbase_url": "http://www.crunchbase.com/company/acorn-computers-ltd",
 "homepage_url": null,
 "blog_url": null,
 "blog_feed_url": null,
 "twitter_username": null,
 "category_code": null,
 "number_of_employees": null,
 "founded_year": null,
 "founded_month": null,
 "founded_day": null,
 "deadpooled_year": null,
 "deadpooled_month": null,
 "deadpooled_day": null,
 "deadpooled_url": null,
 "tag_list": null,
 "alias_list": null,
 "email_address": null,
 "phone_number": null,
 "description": null,
 "created_at": "Sat Aug 17 20:24:28 UTC 2013",
 "updated_at": "Sat Aug 17 20:24:28 UTC 2013",
 "overview": null,
 "image": null,
 "products":
  [],
 "relationships":
  [{"is_past": true,
    "title": "Founder",
    "person":
     {"first_name": "Hermann",
      "last_name": "Hauser",
      "permalink": "hermann-hauser-2"}},
   {"is_past": true,
    "title": "VP, Engineering",
    "person":
     {"first_name": "Anil",
      "last_name": "Chhabra",
      "permalink": "anil-chabra"}},
   {"is_past": true,
    "title": "Senior HQA Engineer",
    "person":
     {"first_name": "Ian",
      "last_name": "Stacey",
      "permalink": "ian-stacey"}},
   {"is_past": true,
    "title": "Design Engineer",
    "person":
     {"first_name": "Jamie",
      "last_name": "Urquhart",
      "permalink": "jamie-urquhart"}}],
 "competitions":
  [],
 "providerships":
  [],
 "total_money_raised": "$0",
 "funding_rounds":
  [],
 "investments":
  [],
 "acquisition": null,
 "acquisitions":
  [],
 "offices":
  [],
 "milestones":
  [],
 "ipo": null,
 "video_embeds":
  [],
 "screenshots":
  [],
 "external_links":
  [],
 "partners":
  []}
