{"name": "Acosta Law Group",
 "permalink": "acosta-law-group",
 "crunchbase_url": "http://www.crunchbase.com/company/acosta-law-group",
 "homepage_url": "http://www.acosta-law-group.com",
 "blog_url": "",
 "blog_feed_url": "",
 "twitter_username": null,
 "category_code": "legal",
 "number_of_employees": null,
 "founded_year": null,
 "founded_month": null,
 "founded_day": null,
 "deadpooled_year": null,
 "deadpooled_month": null,
 "deadpooled_day": null,
 "deadpooled_url": null,
 "tag_list": "naturalization-lawyer-chicago, naturalization-attorney-chicago, citizenship-lawyer-chicago, citizenship-attorney-chicago, immigration-lawyer-cook-county-il, immigration-attorney-cook-county-il",
 "alias_list": null,
 "email_address": "gene07taylor@outlook.com",
 "phone_number": "708-317-9989",
 "description": "Naturalization Lawyer Chicago",
 "created_at": "Tue Aug 20 03:12:00 UTC 2013",
 "updated_at": "Tue Aug 20 14:31:19 UTC 2013",
 "overview": "\u003Cp\u003EWe encourage you to contact Acosta Law Group if you need additional information about your case. Each case is unique, so our attorneys may provide more detailed information when you contact our office. If our attorneys are with a client or otherwise unable to take your call immediately, an attorney from our firm will return your call within 24 hours to provide a prompt response to your inquiry.\u003C/p\u003E",
 "image": null,
 "products":
  [],
 "relationships":
  [],
 "competitions":
  [],
 "providerships":
  [],
 "total_money_raised": "$0",
 "funding_rounds":
  [],
 "investments":
  [],
 "acquisition": null,
 "acquisitions":
  [],
 "offices":
  [{"description": "Office",
    "address1": "53 West Jackson Boulevard",
    "address2": "Suite 1625",
    "zip_code": "60604",
    "city": "Chicago",
    "state_code": "IL",
    "country_code": "USA",
    "latitude": 41.8780796,
    "longitude": -87.62959}],
 "milestones":
  [],
 "ipo": null,
 "video_embeds":
  [],
 "screenshots":
  [],
 "external_links":
  [{"external_url": "http://www.acosta-law-group.com/",
    "title": "My Company"}],
 "partners":
  []}
