{"name": "Acquinity Interactive",
 "permalink": "acquinity-interactive",
 "crunchbase_url": "http://www.crunchbase.com/company/acquinity-interactive",
 "homepage_url": "http://www.acquinityinteractive.com",
 "blog_url": "",
 "blog_feed_url": "",
 "twitter_username": null,
 "category_code": "consulting",
 "number_of_employees": null,
 "founded_year": null,
 "founded_month": null,
 "founded_day": null,
 "deadpooled_year": null,
 "deadpooled_month": null,
 "deadpooled_day": null,
 "deadpooled_url": null,
 "tag_list": "",
 "alias_list": null,
 "email_address": "",
 "phone_number": "",
 "description": "",
 "created_at": "Fri Aug 16 04:47:52 UTC 2013",
 "updated_at": "Mon Aug 26 20:59:40 UTC 2013",
 "overview": "\u003Cp\u003EAcquinity Interactive is an Internet marketing company that was launched in 2011.\u003C/p\u003E\n\n\u003Cp\u003EThe company focuses on a variety of online marketing techniques, including social media, mobile optimization, and affiliate marketing, with special emphasis on conversion rate optimization.\u003C/p\u003E",
 "image":
  {"available_sizes":
    [[[150,
       53],
      "http://api-images.crunchbase.com/assets/images/resized/0031/3652/313652v2-max-150x150.png"],
     [[250,
       89],
      "http://api-images.crunchbase.com/assets/images/resized/0031/3652/313652v2-max-250x250.png"],
     [[337,
       121],
      "http://api-images.crunchbase.com/assets/images/resized/0031/3652/313652v2-max-450x450.png"]],
   "attribution": null},
 "products":
  [],
 "relationships":
  [{"is_past": false,
    "title": "CEO \u0026 Founder",
    "person":
     {"first_name": "Garry",
      "last_name": "Jonas",
      "permalink": "garry-jonas"}}],
 "competitions":
  [],
 "providerships":
  [],
 "total_money_raised": "$0",
 "funding_rounds":
  [],
 "investments":
  [],
 "acquisition": null,
 "acquisitions":
  [],
 "offices":
  [],
 "milestones":
  [],
 "ipo": null,
 "video_embeds":
  [],
 "screenshots":
  [],
 "external_links":
  [{"external_url": "http://www.linkedin.com/company/acquinity-interactive",
    "title": "LinkedIn"}],
 "partners":
  []}
