{"name": "ACS Creative",
 "permalink": "acscreative",
 "crunchbase_url": "http://www.crunchbase.com/company/acscreative",
 "homepage_url": "http://www.acscreative.com",
 "blog_url": "",
 "blog_feed_url": "",
 "twitter_username": "acscreative",
 "category_code": null,
 "number_of_employees": null,
 "founded_year": null,
 "founded_month": null,
 "founded_day": null,
 "deadpooled_year": null,
 "deadpooled_month": null,
 "deadpooled_day": null,
 "deadpooled_url": null,
 "tag_list": null,
 "alias_list": "",
 "email_address": "",
 "phone_number": "",
 "description": "",
 "created_at": "Tue Aug 20 06:33:07 UTC 2013",
 "updated_at": "Thu Jan 02 19:36:00 UTC 2014",
 "overview": null,
 "image": null,
 "products":
  [],
 "relationships":
  [],
 "competitions":
  [],
 "providerships":
  [],
 "total_money_raised": "$0",
 "funding_rounds":
  [],
 "investments":
  [],
 "acquisition": null,
 "acquisitions":
  [],
 "offices":
  [],
 "milestones":
  [],
 "ipo": null,
 "video_embeds":
  [],
 "screenshots":
  [],
 "external_links":
  [],
 "partners":
  []}
