{"name": "Ad4Screen",
 "permalink": "ad4screen",
 "crunchbase_url": "http://www.crunchbase.com/company/ad4screen",
 "homepage_url": "http://www.ad4screen.com",
 "blog_url": null,
 "blog_feed_url": null,
 "twitter_username": "Ad4Screen",
 "category_code": "games_video",
 "number_of_employees": null,
 "founded_year": null,
 "founded_month": null,
 "founded_day": null,
 "deadpooled_year": null,
 "deadpooled_month": null,
 "deadpooled_day": null,
 "deadpooled_url": null,
 "tag_list": null,
 "alias_list": null,
 "email_address": null,
 "phone_number": null,
 "description": null,
 "created_at": "Thu Aug 15 07:37:48 UTC 2013",
 "updated_at": "Thu Aug 15 07:37:47 UTC 2013",
 "overview": "\u003Cp\u003EAd4Screen is a pioneer in marketing and advertising on Internet-enabled mobile devices like smartphones and tablets. Ad4Screen Group gathers 4 companies (Ad4Scree\u003C/p\u003E",
 "image": null,
 "products":
  [],
 "relationships":
  [],
 "competitions":
  [],
 "providerships":
  [],
 "total_money_raised": "$0",
 "funding_rounds":
  [],
 "investments":
  [],
 "acquisition": null,
 "acquisitions":
  [],
 "offices":
  [],
 "milestones":
  [],
 "ipo": null,
 "video_embeds":
  [],
 "screenshots":
  [],
 "external_links":
  [],
 "partners":
  []}
