{"name": "ADAC e. V",
 "permalink": "adac-e-v",
 "crunchbase_url": "http://www.crunchbase.com/company/adac-e-v",
 "homepage_url": "http://www.adac.de",
 "blog_url": null,
 "blog_feed_url": null,
 "twitter_username": null,
 "category_code": "search",
 "number_of_employees": null,
 "founded_year": null,
 "founded_month": null,
 "founded_day": null,
 "deadpooled_year": null,
 "deadpooled_month": null,
 "deadpooled_day": null,
 "deadpooled_url": null,
 "tag_list": null,
 "alias_list": null,
 "email_address": null,
 "phone_number": null,
 "description": null,
 "created_at": "Thu Aug 15 08:51:19 UTC 2013",
 "updated_at": "Thu Aug 15 08:51:18 UTC 2013",
 "overview": "\u003Cp\u003EThe General German Automobile Club (ADAC) is become the mobility service number one in Germany and Europe.The App provides ADAC-letter protection insurance A\u003C/p\u003E",
 "image": null,
 "products":
  [],
 "relationships":
  [],
 "competitions":
  [],
 "providerships":
  [],
 "total_money_raised": "$0",
 "funding_rounds":
  [],
 "investments":
  [],
 "acquisition": null,
 "acquisitions":
  [],
 "offices":
  [],
 "milestones":
  [],
 "ipo": null,
 "video_embeds":
  [],
 "screenshots":
  [],
 "external_links":
  [],
 "partners":
  []}
