{"name": "Adaptdev",
 "permalink": "adaptdev",
 "crunchbase_url": "http://www.crunchbase.com/company/adaptdev",
 "homepage_url": "http://www.adaptdev.com",
 "blog_url": null,
 "blog_feed_url": null,
 "twitter_username": "adaptdev",
 "category_code": "hospitality",
 "number_of_employees": null,
 "founded_year": 2009,
 "founded_month": 1,
 "founded_day": 9,
 "deadpooled_year": null,
 "deadpooled_month": null,
 "deadpooled_day": null,
 "deadpooled_url": null,
 "tag_list": null,
 "alias_list": null,
 "email_address": null,
 "phone_number": null,
 "description": null,
 "created_at": "Thu Aug 15 07:43:50 UTC 2013",
 "updated_at": "Thu Aug 15 07:43:49 UTC 2013",
 "overview": "\u003Cp\u003EAdaptdev is a custom software design \u0026amp; development firm based in Austi\u003C/p\u003E",
 "image": null,
 "products":
  [],
 "relationships":
  [],
 "competitions":
  [],
 "providerships":
  [],
 "total_money_raised": "$0",
 "funding_rounds":
  [],
 "investments":
  [],
 "acquisition": null,
 "acquisitions":
  [],
 "offices":
  [{"description": null,
    "address1": null,
    "address2": null,
    "zip_code": null,
    "city": "Austin",
    "state_code": "TX",
    "country_code": "USA",
    "latitude": null,
    "longitude": null}],
 "milestones":
  [],
 "ipo": null,
 "video_embeds":
  [],
 "screenshots":
  [],
 "external_links":
  [{"external_url": "http://www.facebook.com/pages/Adaptdev/129147337446",
    "title": "Facebook Page"}],
 "partners":
  []}
