{"name": "adata",
 "permalink": "adata",
 "crunchbase_url": "http://www.crunchbase.com/company/adata",
 "homepage_url": null,
 "blog_url": null,
 "blog_feed_url": null,
 "twitter_username": null,
 "category_code": "enterprise",
 "number_of_employees": null,
 "founded_year": 2002,
 "founded_month": null,
 "founded_day": null,
 "deadpooled_year": null,
 "deadpooled_month": null,
 "deadpooled_day": null,
 "deadpooled_url": null,
 "tag_list": null,
 "alias_list": null,
 "email_address": null,
 "phone_number": null,
 "description": null,
 "created_at": "Thu Aug 15 07:25:54 UTC 2013",
 "updated_at": "Thu Aug 15 07:25:53 UTC 2013",
 "overview": "\u003Cp\u003EAdata Ltd is a mobile applications developer company. It was established in March 200\u003C/p\u003E",
 "image": null,
 "products":
  [],
 "relationships":
  [],
 "competitions":
  [],
 "providerships":
  [],
 "total_money_raised": "$0",
 "funding_rounds":
  [],
 "investments":
  [],
 "acquisition": null,
 "acquisitions":
  [],
 "offices":
  [],
 "milestones":
  [],
 "ipo": null,
 "video_embeds":
  [],
 "screenshots":
  [],
 "external_links":
  [],
 "partners":
  []}
