{"name": "ADEV",
 "permalink": "adev",
 "crunchbase_url": "http://www.crunchbase.com/company/adev",
 "homepage_url": "http://www.adev.us",
 "blog_url": null,
 "blog_feed_url": null,
 "twitter_username": "adevlab",
 "category_code": "mobile",
 "number_of_employees": null,
 "founded_year": 2011,
 "founded_month": null,
 "founded_day": null,
 "deadpooled_year": null,
 "deadpooled_month": null,
 "deadpooled_day": null,
 "deadpooled_url": null,
 "tag_list": null,
 "alias_list": null,
 "email_address": null,
 "phone_number": null,
 "description": null,
 "created_at": "Thu Aug 15 08:47:38 UTC 2013",
 "updated_at": "Thu Aug 15 08:47:38 UTC 2013",
 "overview": "\u003Cp\u003EADEV Inc. offers mobile \u0026amp; web product development services. Founded in 201\u003C/p\u003E",
 "image": null,
 "products":
  [],
 "relationships":
  [],
 "competitions":
  [],
 "providerships":
  [],
 "total_money_raised": "$0",
 "funding_rounds":
  [],
 "investments":
  [],
 "acquisition": null,
 "acquisitions":
  [],
 "offices":
  [{"description": null,
    "address1": null,
    "address2": null,
    "zip_code": null,
    "city": "Stamford",
    "state_code": "CT",
    "country_code": "USA",
    "latitude": null,
    "longitude": null}],
 "milestones":
  [],
 "ipo": null,
 "video_embeds":
  [],
 "screenshots":
  [],
 "external_links":
  [{"external_url": "http://www.facebook.com/adevinc",
    "title": "Facebook Page"}],
 "partners":
  []}
