{"name": "AdGaem",
 "permalink": "adgaem",
 "crunchbase_url": "http://www.crunchbase.com/company/adgaem",
 "homepage_url": "http://www.adgaem.com",
 "blog_url": "http://www.adgaem.com/blog.php",
 "blog_feed_url": "",
 "twitter_username": "adgaem",
 "category_code": "advertising",
 "number_of_employees": 50,
 "founded_year": 2011,
 "founded_month": 1,
 "founded_day": 1,
 "deadpooled_year": null,
 "deadpooled_month": null,
 "deadpooled_day": null,
 "deadpooled_url": null,
 "tag_list": "affiliate-network, lead-generation, client-acquisition, performance-based-marketing",
 "alias_list": null,
 "email_address": "info@adgaem.com",
 "phone_number": "+91-11- 43068475",
 "description": "Affiliate Network",
 "created_at": "Thu Aug 22 21:10:51 UTC 2013",
 "updated_at": "Mon Sep 02 03:46:30 UTC 2013",
 "overview": "\u003Cp\u003EAdGaem is a Global Performance Based Ad Network that provides branding solutions to direct advertisers while giving an opportunity to monetize traffic to website owners.\u003C/p\u003E\n\n\u003Cp\u003EAdGaem delivers over 1.5 million monthly paid conversions across the globe. AdGaem harnesses the Internet\u2019s top online and mobile inventory via multiple online marketing channels, including affiliate marketing, display advertising, search engine marketing, social media, mobile and email marketing .\u003C/p\u003E\n\n\u003Cp\u003EFounded in 2011, AdGaem is headquartered in New Delhi, India. For more information, visit www.adgaem.com \u003C/p\u003E",
 "image":
  {"available_sizes":
    [[[150,
       72],
      "http://api-images.crunchbase.com/assets/images/resized/0031/2213/312213v2-max-150x150.jpg"],
     [[169,
       82],
      "http://api-images.crunchbase.com/assets/images/resized/0031/2213/312213v2-max-250x250.jpg"],
     [[169,
       82],
      "http://api-images.crunchbase.com/assets/images/resized/0031/2213/312213v2-max-450x450.jpg"]],
   "attribution": null},
 "products":
  [],
 "relationships":
  [],
 "competitions":
  [{"competitor":
     {"name": "Neverblue",
      "permalink": "neverblue"}},
   {"competitor":
     {"name": "AffiliateTraction",
      "permalink": "affiliatetraction"}}],
 "providerships":
  [],
 "total_money_raised": "$0",
 "funding_rounds":
  [],
 "investments":
  [],
 "acquisition": null,
 "acquisitions":
  [],
 "offices":
  [{"description": "New Delhi Office",
    "address1": "223, Jaina Tower II,",
    "address2": "District Center, Janak Puri,",
    "zip_code": "110058",
    "city": "New Delhi",
    "state_code": null,
    "country_code": "IND",
    "latitude": null,
    "longitude": null}],
 "milestones":
  [],
 "ipo": null,
 "video_embeds":
  [],
 "screenshots":
  [],
 "external_links":
  [{"external_url": "http://www.adgaem.com",
    "title": ""}],
 "partners":
  []}
