{"name": "Adherial",
 "permalink": "adherial",
 "crunchbase_url": "http://www.crunchbase.com/company/adherial",
 "homepage_url": "http://www.adherial.com",
 "blog_url": "",
 "blog_feed_url": "",
 "twitter_username": null,
 "category_code": "mobile",
 "number_of_employees": 13,
 "founded_year": 2011,
 "founded_month": 6,
 "founded_day": 1,
 "deadpooled_year": null,
 "deadpooled_month": null,
 "deadpooled_day": null,
 "deadpooled_url": null,
 "tag_list": "",
 "alias_list": null,
 "email_address": "info@adherial.com",
 "phone_number": "",
 "description": "Improving Health and reducing Costs",
 "created_at": "Wed Aug 28 23:21:26 UTC 2013",
 "updated_at": "Thu Aug 29 15:47:35 UTC 2013",
 "overview": "\u003Cp\u003EUsing both Web and Smartphone technology; Adherial provides a dynamic, targeted, and personalized 2-way, multi-modal communication and app delivery platform. The Adherial platform delivers better corporate wellness and disease management programs, and improves member engagement. Our platform supports third-party applications, allowing plan designers and administrators to tailor plans to the needs of their populations, and select from a wide variety of engagement options. The Adherial platform helps employers and plan providers meet the new Affordable Care Act requirements, including new requirements for outcome-based wellness plans, and lowers the overall cost of designing, deploying and administering wellness plans. We provide solutions that improve both the economy of wellness and the health outcomes of beneficiaries and their families.\u003C/p\u003E",
 "image":
  {"available_sizes":
    [[[150,
       48],
      "http://api-images.crunchbase.com/assets/images/resized/0031/6070/316070v2-max-150x150.jpg"],
     [[250,
       80],
      "http://api-images.crunchbase.com/assets/images/resized/0031/6070/316070v2-max-250x250.jpg"],
     [[450,
       145],
      "http://api-images.crunchbase.com/assets/images/resized/0031/6070/316070v2-max-450x450.jpg"]],
   "attribution": null},
 "products":
  [],
 "relationships":
  [{"is_past": true,
    "title": "CEO",
    "person":
     {"first_name": "Joe",
      "last_name": "Tanous",
      "permalink": "joe-tanous-2"}},
   {"is_past": true,
    "title": "COO",
    "person":
     {"first_name": "Bill",
      "last_name": "Kelly",
      "permalink": "bill-kelly-2"}},
   {"is_past": true,
    "title": "VP Biz Dev",
    "person":
     {"first_name": "Tom",
      "last_name": "Minot",
      "permalink": "tom-minot"}},
   {"is_past": true,
    "title": "VP Engineering",
    "person":
     {"first_name": "Carlos",
      "last_name": "Jensen",
      "permalink": "carlos-jensen"}},
   {"is_past": true,
    "title": "VP Marketing",
    "person":
     {"first_name": "Marilyn",
      "last_name": "Loy",
      "permalink": "marilyn-loy"}}],
 "competitions":
  [],
 "providerships":
  [{"title": "Legal",
    "is_past": false,
    "provider":
     {"name": "KLGates",
      "permalink": "klgates"}},
   {"title": "Joint venture / Distribution",
    "is_past": false,
    "provider":
     {"name": "The Partners Group",
      "permalink": "the-partners-group"}}],
 "total_money_raised": "$0",
 "funding_rounds":
  [],
 "investments":
  [],
 "acquisition": null,
 "acquisitions":
  [],
 "offices":
  [{"description": "Headquarters",
    "address1": "3 1 9 SW Wa s h i n g t o n S t .",
    "address2": "S u i t e 1 1 7 5",
    "zip_code": "9 7 2 0 4",
    "city": "P o r t l a n d",
    "state_code": "OR",
    "country_code": "USA",
    "latitude": null,
    "longitude": null}],
 "milestones":
  [],
 "ipo": null,
 "video_embeds":
  [],
 "screenshots":
  [{"available_sizes":
     [[[107,
        150],
       "http://api-images.crunchbase.com/assets/images/resized/0031/6069/316069v2-max-150x150.png"],
      [[178,
        250],
       "http://api-images.crunchbase.com/assets/images/resized/0031/6069/316069v2-max-250x250.png"],
      [[321,
        450],
       "http://api-images.crunchbase.com/assets/images/resized/0031/6069/316069v2-max-450x450.png"]],
    "attribution": null}],
 "external_links":
  [],
 "partners":
  []}
