{"name": "Adiante Ventures",
 "permalink": "adiante-ventures",
 "crunchbase_url": "http://www.crunchbase.com/company/adiante-ventures",
 "homepage_url": "http://adianteventures.com",
 "blog_url": null,
 "blog_feed_url": null,
 "twitter_username": "adianteventures",
 "category_code": "travel",
 "number_of_employees": null,
 "founded_year": null,
 "founded_month": null,
 "founded_day": null,
 "deadpooled_year": null,
 "deadpooled_month": null,
 "deadpooled_day": null,
 "deadpooled_url": null,
 "tag_list": null,
 "alias_list": null,
 "email_address": null,
 "phone_number": null,
 "description": null,
 "created_at": "Thu Aug 15 09:03:38 UTC 2013",
 "updated_at": "Thu Aug 15 09:03:37 UTC 2013",
 "overview": "\u003Cp\u003EAdiante Ventures\ufffdwas founded in year 2009 to set a business environment around the creativity of its founders. It is a mobile app developer which provides innovative solutions for companies in mobile platform\u003C/p\u003E",
 "image": null,
 "products":
  [],
 "relationships":
  [],
 "competitions":
  [],
 "providerships":
  [],
 "total_money_raised": "$0",
 "funding_rounds":
  [],
 "investments":
  [],
 "acquisition": null,
 "acquisitions":
  [],
 "offices":
  [],
 "milestones":
  [],
 "ipo": null,
 "video_embeds":
  [],
 "screenshots":
  [],
 "external_links":
  [{"external_url": "http://www.facebook.com/adianteventures",
    "title": "Facebook Page"}],
 "partners":
  []}
