{"name": "Adnera",
 "permalink": "adnera",
 "crunchbase_url": "http://www.crunchbase.com/company/adnera",
 "homepage_url": "http://www.adnera.com",
 "blog_url": "",
 "blog_feed_url": "",
 "twitter_username": null,
 "category_code": "software",
 "number_of_employees": 20,
 "founded_year": 2012,
 "founded_month": 2,
 "founded_day": 3,
 "deadpooled_year": null,
 "deadpooled_month": null,
 "deadpooled_day": null,
 "deadpooled_url": null,
 "tag_list": "software, software-development, financial-software, financial-software-development",
 "alias_list": null,
 "email_address": "info@adnera.com",
 "phone_number": "0037068551650",
 "description": "Financial software development",
 "created_at": "Thu Aug 22 13:16:33 UTC 2013",
 "updated_at": "Thu Aug 22 18:32:13 UTC 2013",
 "overview": "\u003Cp\u003EAt Adnera - we build highly reliable software and provide services at every stage of the development cycle. We combine math, technology and subject-matter expertise to deliver first-class, consistent and flexible development services.\u003C/p\u003E\n\n\u003Cp\u003EAs a software development company, we serve a wide range of industries, with our rapidly expanding portfolio including a number of high-profile clients from the financial industry, software and telecommunications companies, as well as governmental institutions.\u003C/p\u003E\n\n\u003Cp\u003EProfound industry knowledge allows us to constantly provide results for enterprises on a global scale. Our application development techniques leverage progressive technological expertise that spans the whole application life-cycle. We are using the utmost effective today\u2019s project management and software development practices.\u003C/p\u003E\n\n\u003Cp\u003EOur team always aims to deliver only fresh ideas to each client and focuses to implement high quality solutions which are accurately adapted to their needs.\u003C/p\u003E",
 "image":
  {"available_sizes":
    [[[150,
       66],
      "http://api-images.crunchbase.com/assets/images/resized/0031/1968/311968v2-max-150x150.jpg"],
     [[250,
       110],
      "http://api-images.crunchbase.com/assets/images/resized/0031/1968/311968v2-max-250x250.jpg"],
     [[450,
       198],
      "http://api-images.crunchbase.com/assets/images/resized/0031/1968/311968v2-max-450x450.jpg"]],
   "attribution": null},
 "products":
  [],
 "relationships":
  [],
 "competitions":
  [],
 "providerships":
  [],
 "total_money_raised": "$0",
 "funding_rounds":
  [],
 "investments":
  [],
 "acquisition": null,
 "acquisitions":
  [],
 "offices":
  [{"description": "Main",
    "address1": "Luki\u0161ki\u0173 5",
    "address2": "",
    "zip_code": "",
    "city": "Vilnius",
    "state_code": null,
    "country_code": "LTU",
    "latitude": 54.6927587,
    "longitude": 25.268066}],
 "milestones":
  [],
 "ipo": null,
 "video_embeds":
  [],
 "screenshots":
  [],
 "external_links":
  [],
 "partners":
  []}
