{"name": "ADS Software Group",
 "permalink": "ads-software-group",
 "crunchbase_url": "http://www.crunchbase.com/company/ads-software-group",
 "homepage_url": null,
 "blog_url": null,
 "blog_feed_url": null,
 "twitter_username": "adssginc",
 "category_code": "games_video",
 "number_of_employees": null,
 "founded_year": 2008,
 "founded_month": null,
 "founded_day": null,
 "deadpooled_year": null,
 "deadpooled_month": null,
 "deadpooled_day": null,
 "deadpooled_url": null,
 "tag_list": null,
 "alias_list": null,
 "email_address": null,
 "phone_number": null,
 "description": null,
 "created_at": "Thu Aug 15 07:49:36 UTC 2013",
 "updated_at": "Thu Aug 15 07:49:35 UTC 2013",
 "overview": "\u003Cp\u003EADS Software Group is a gaming application developing company. They believe in developing apps which are user-friendly. They develop applications for mobile users. They have developed iOS applications such as Brain Games 3 in\u003C/p\u003E",
 "image": null,
 "products":
  [],
 "relationships":
  [],
 "competitions":
  [],
 "providerships":
  [],
 "total_money_raised": "$0",
 "funding_rounds":
  [],
 "investments":
  [],
 "acquisition": null,
 "acquisitions":
  [],
 "offices":
  [],
 "milestones":
  [],
 "ipo": null,
 "video_embeds":
  [],
 "screenshots":
  [],
 "external_links":
  [{"external_url": "http://www.facebook.com/adssginc",
    "title": "Facebook Page"}],
 "partners":
  []}
