{"name": "AdvanFort",
 "permalink": "advanfort",
 "crunchbase_url": "http://www.crunchbase.com/company/advanfort",
 "homepage_url": "http://advanfort.com",
 "blog_url": "",
 "blog_feed_url": "",
 "twitter_username": null,
 "category_code": "security",
 "number_of_employees": null,
 "founded_year": 2009,
 "founded_month": 1,
 "founded_day": 1,
 "deadpooled_year": null,
 "deadpooled_month": null,
 "deadpooled_day": null,
 "deadpooled_url": null,
 "tag_list": "maritime-security, security",
 "alias_list": null,
 "email_address": "",
 "phone_number": "",
 "description": "Affordable Maritime Professionals",
 "created_at": "Fri Aug 16 15:58:25 UTC 2013",
 "updated_at": "Fri Aug 16 18:47:38 UTC 2013",
 "overview": "\u003Cp\u003EWe are a leader in providing maritime security solutions for the commercial shipping industry.\u003C/p\u003E\n\n\u003Cp\u003EWe have former UK, NATO, and US special forces members on our security force who are experts at \u003C/p\u003E",
 "image":
  {"available_sizes":
    [[[115,
       150],
      "http://api-images.crunchbase.com/assets/images/resized/0030/8672/308672v2-max-150x150.jpg"],
     [[193,
       250],
      "http://api-images.crunchbase.com/assets/images/resized/0030/8672/308672v2-max-250x250.jpg"],
     [[347,
       450],
      "http://api-images.crunchbase.com/assets/images/resized/0030/8672/308672v2-max-450x450.jpg"]],
   "attribution": null},
 "products":
  [],
 "relationships":
  [],
 "competitions":
  [],
 "providerships":
  [],
 "total_money_raised": "$0",
 "funding_rounds":
  [],
 "investments":
  [],
 "acquisition": null,
 "acquisitions":
  [],
 "offices":
  [],
 "milestones":
  [],
 "ipo": null,
 "video_embeds":
  [],
 "screenshots":
  [],
 "external_links":
  [],
 "partners":
  []}
