{"name": "Advanced Event Systems",
 "permalink": "advanced-event-systems",
 "crunchbase_url": "http://www.crunchbase.com/company/advanced-event-systems",
 "homepage_url": "http://www.advancedeventsystems.com",
 "blog_url": null,
 "blog_feed_url": null,
 "twitter_username": "aes_tournaments",
 "category_code": "sports",
 "number_of_employees": null,
 "founded_year": null,
 "founded_month": null,
 "founded_day": null,
 "deadpooled_year": null,
 "deadpooled_month": null,
 "deadpooled_day": null,
 "deadpooled_url": null,
 "tag_list": null,
 "alias_list": null,
 "email_address": null,
 "phone_number": null,
 "description": null,
 "created_at": "Thu Aug 15 09:02:35 UTC 2013",
 "updated_at": "Thu Aug 15 09:02:34 UTC 2013",
 "overview": "\u003Cp\u003EAdvanced event systems is a company which develops sports app for iPhone\u003C/p\u003E",
 "image": null,
 "products":
  [],
 "relationships":
  [],
 "competitions":
  [],
 "providerships":
  [],
 "total_money_raised": "$0",
 "funding_rounds":
  [],
 "investments":
  [],
 "acquisition": null,
 "acquisitions":
  [],
 "offices":
  [],
 "milestones":
  [],
 "ipo": null,
 "video_embeds":
  [],
 "screenshots":
  [],
 "external_links":
  [],
 "partners":
  []}
