{"name": "Advenio",
 "permalink": "advenio",
 "crunchbase_url": "http://www.crunchbase.com/company/advenio",
 "homepage_url": "http://www.advenio.com",
 "blog_url": null,
 "blog_feed_url": null,
 "twitter_username": null,
 "category_code": "mobile",
 "number_of_employees": null,
 "founded_year": null,
 "founded_month": null,
 "founded_day": null,
 "deadpooled_year": null,
 "deadpooled_month": null,
 "deadpooled_day": null,
 "deadpooled_url": null,
 "tag_list": null,
 "alias_list": null,
 "email_address": null,
 "phone_number": null,
 "description": null,
 "created_at": "Thu Aug 15 09:13:40 UTC 2013",
 "updated_at": "Thu Aug 15 09:31:57 UTC 2013",
 "overview": "\u003Cp\u003EAdvenio was started in the Boston are\u003C/p\u003E",
 "image": null,
 "products":
  [],
 "relationships":
  [],
 "competitions":
  [],
 "providerships":
  [],
 "total_money_raised": "$0",
 "funding_rounds":
  [],
 "investments":
  [],
 "acquisition": null,
 "acquisitions":
  [],
 "offices":
  [{"description": null,
    "address1": null,
    "address2": null,
    "zip_code": null,
    "city": "Boston",
    "state_code": "MA",
    "country_code": "USA",
    "latitude": 42.3584308,
    "longitude": -71.0597732}],
 "milestones":
  [],
 "ipo": null,
 "video_embeds":
  [],
 "screenshots":
  [],
 "external_links":
  [],
 "partners":
  []}
