{"name": "Advertising Week",
 "permalink": "advertising-week",
 "crunchbase_url": "http://www.crunchbase.com/company/advertising-week",
 "homepage_url": "http://www.advertisingweek.com",
 "blog_url": null,
 "blog_feed_url": null,
 "twitter_username": "advertisingweek",
 "category_code": "enterprise",
 "number_of_employees": null,
 "founded_year": null,
 "founded_month": null,
 "founded_day": null,
 "deadpooled_year": null,
 "deadpooled_month": null,
 "deadpooled_day": null,
 "deadpooled_url": null,
 "tag_list": null,
 "alias_list": null,
 "email_address": null,
 "phone_number": null,
 "description": null,
 "created_at": "Thu Aug 15 07:27:03 UTC 2013",
 "updated_at": "Tue Oct 08 23:18:09 UTC 2013",
 "overview": "\u003Cp\u003EAdvertising Week is the world\ufffds premier annual gathering of marketing and communications leaders each year in New York City. With more than 200 distinct event\u003C/p\u003E",
 "image":
  {"available_sizes":
    [[[150,
       149],
      "http://api-images.crunchbase.com/assets/images/resized/0033/9132/339132v1-max-150x150.png"],
     [[250,
       248],
      "http://api-images.crunchbase.com/assets/images/resized/0033/9132/339132v1-max-250x250.png"],
     [[450,
       448],
      "http://api-images.crunchbase.com/assets/images/resized/0033/9132/339132v1-max-450x450.png"]],
   "attribution": null},
 "products":
  [],
 "relationships":
  [],
 "competitions":
  [],
 "providerships":
  [],
 "total_money_raised": "$0",
 "funding_rounds":
  [],
 "investments":
  [],
 "acquisition": null,
 "acquisitions":
  [],
 "offices":
  [],
 "milestones":
  [],
 "ipo": null,
 "video_embeds":
  [],
 "screenshots":
  [],
 "external_links":
  [{"external_url": "http://www.facebook.com/advertisingweek",
    "title": "Facebook Page"}],
 "partners":
  []}
