{"name": "adwebster",
 "permalink": "adwebster",
 "crunchbase_url": "http://www.crunchbase.com/company/adwebster",
 "homepage_url": "http://www.adwebster.com",
 "blog_url": "",
 "blog_feed_url": "",
 "twitter_username": "adwebsterAG",
 "category_code": "advertising",
 "number_of_employees": 15,
 "founded_year": 2010,
 "founded_month": null,
 "founded_day": null,
 "deadpooled_year": null,
 "deadpooled_month": null,
 "deadpooled_day": null,
 "deadpooled_url": null,
 "tag_list": "online-marketing, online-advertising, internet-advertising, internet-marketing, programmatic-buying, programmatic-direct-booking, switzerland, media, advertising",
 "alias_list": null,
 "email_address": "info@adwebster.com",
 "phone_number": "+41 44 500 13 80",
 "description": "Digital/online marketing",
 "created_at": "Thu Aug 22 16:29:39 UTC 2013",
 "updated_at": "Fri Aug 23 12:39:16 UTC 2013",
 "overview": "\u003Cp\u003Eadwebster: a leading digital marketing company in Switzerland directly connecting publishers and advertisers on its Real-Time-Advertising-platform offering digital advertising solutions for high-quality video, display and mobile campaigns and enabling closed private advertising networks as well as programmatic direct bookings.\u003C/p\u003E\n\n\u003Cp\u003EOn the publisher side, adwebster\u0026#8217;s premium network is now the digital advertising product with the highest reach in Switzerland (i.e. more than 90% of unique clients in Switzerland) and with full transparency. With the proprietary Sell Side Cockpit\u00ae, adwebster has launched the world\u2019s first real-time optimization tool for publishers which allows the management and live optimization of all common networks, affiliate programs or sell side platforms.\u003C/p\u003E\n\n\u003Cp\u003EOn the advertiser side, adwebster offers advertisers unique targeted campaigns placed in its premium network combining traditional display, video and mobile advertising.\u003C/p\u003E\n\n\u003Cp\u003Eadwebster is headquartered in Zurich, Switzerland.\u003C/p\u003E",
 "image":
  {"available_sizes":
    [[[150,
       43],
      "http://api-images.crunchbase.com/assets/images/resized/0031/2071/312071v2-max-150x150.png"],
     [[250,
       72],
      "http://api-images.crunchbase.com/assets/images/resized/0031/2071/312071v2-max-250x250.png"],
     [[450,
       129],
      "http://api-images.crunchbase.com/assets/images/resized/0031/2071/312071v2-max-450x450.png"]],
   "attribution": null},
 "products":
  [],
 "relationships":
  [{"is_past": false,
    "title": "CEO",
    "person":
     {"first_name": "Andi",
      "last_name": "Nigg",
      "permalink": "andi-nigg"}},
   {"is_past": false,
    "title": "COO",
    "person":
     {"first_name": "Michel",
      "last_name": "Lazecki",
      "permalink": "michel-lazecki"}},
   {"is_past": false,
    "title": "Member of the Board",
    "person":
     {"first_name": "Martin",
      "last_name": "Saidler",
      "permalink": "martin-saidler"}}],
 "competitions":
  [],
 "providerships":
  [],
 "total_money_raised": "$0",
 "funding_rounds":
  [],
 "investments":
  [],
 "acquisition": null,
 "acquisitions":
  [],
 "offices":
  [{"description": "Headquarters",
    "address1": "Geroldstrasse 31",
    "address2": "",
    "zip_code": "8005",
    "city": "Zurich",
    "state_code": null,
    "country_code": "CHE",
    "latitude": null,
    "longitude": null}],
 "milestones":
  [{"id": 38658,
    "description": "Swiss media group NZZ acquired a minority stake in adwebster and provided the\r\nCompany with its 250-year old brand a new level of credibility and professionalism",
    "stoned_year": 2012,
    "stoned_month": 1,
    "stoned_day": 11,
    "source_url": "http://www.nzzmediengruppe.ch/2012/01/11/nzz-mediengruppe-beteiligt-sich-an-adwebster-dem-grossten-online-werbenetzwerk-der-schweiz/",
    "source_text": null,
    "source_description": "NZZ-Mediengruppe beteiligt sich an adwebster, dem gr\u00f6ssten Online-Werbenetzwerk der Schweiz",
    "stoneable_type": "Company",
    "stoned_value": null,
    "stoned_value_type": null,
    "stoned_acquirer": null,
    "stoneable":
     {"name": "adwebster",
      "permalink": "adwebster"}},
   {"id": 38659,
    "description": "Appointment of the internet investor Martin Saidler to adwebster\u2019s board of\r\ndirectors.",
    "stoned_year": 2013,
    "stoned_month": 1,
    "stoned_day": null,
    "source_url": "http://www.adwebster.com/Pages/about/news/news-2.aspx",
    "source_text": null,
    "source_description": "Neuer Verwaltungsrat ",
    "stoneable_type": "Company",
    "stoned_value": null,
    "stoned_value_type": null,
    "stoned_acquirer": null,
    "stoneable":
     {"name": "adwebster",
      "permalink": "adwebster"}},
   {"id": 38660,
    "description": "In d.core\u2019s \u201cVermarkterzufriedenheitsstudie Schweiz 2013\u201d3, adwebster was ranked,\r\namong other things, number one with respect to overall satisfaction of advertisers\r\nas well as number one in targeting.",
    "stoned_year": 2013,
    "stoned_month": 6,
    "stoned_day": 25,
    "source_url": "http://www.adwebster.com/Pages/about/news/Nummer-1.aspx",
    "source_text": null,
    "source_description": "adwebster auf Platz 1 in der Vermarkterzufriedenheitsstudie 2013 ",
    "stoneable_type": "Company",
    "stoned_value": null,
    "stoned_value_type": null,
    "stoned_acquirer": null,
    "stoneable":
     {"name": "adwebster",
      "permalink": "adwebster"}}],
 "ipo": null,
 "video_embeds":
  [],
 "screenshots":
  [],
 "external_links":
  [],
 "partners":
  []}
