{"name": "Aeonika",
 "permalink": "aeonika",
 "crunchbase_url": "http://www.crunchbase.com/company/aeonika",
 "homepage_url": "http://aeonika.ru",
 "blog_url": null,
 "blog_feed_url": null,
 "twitter_username": "aeonikasoft",
 "category_code": "mobile",
 "number_of_employees": null,
 "founded_year": 2011,
 "founded_month": null,
 "founded_day": null,
 "deadpooled_year": null,
 "deadpooled_month": null,
 "deadpooled_day": null,
 "deadpooled_url": null,
 "tag_list": null,
 "alias_list": null,
 "email_address": null,
 "phone_number": null,
 "description": null,
 "created_at": "Thu Aug 15 09:08:29 UTC 2013",
 "updated_at": "Thu Aug 15 09:08:28 UTC 2013",
 "overview": "\u003Cp\u003EAeonika is a mobile app developer company and developed apps like Act Monito\u003C/p\u003E",
 "image": null,
 "products":
  [],
 "relationships":
  [],
 "competitions":
  [],
 "providerships":
  [],
 "total_money_raised": "$0",
 "funding_rounds":
  [],
 "investments":
  [],
 "acquisition": null,
 "acquisitions":
  [],
 "offices":
  [],
 "milestones":
  [],
 "ipo": null,
 "video_embeds":
  [],
 "screenshots":
  [],
 "external_links":
  [{"external_url": "http://www.facebook.com/aeonikasoft",
    "title": "Facebook Page"}],
 "partners":
  []}
