{"name": "Aesop",
 "permalink": "aesop",
 "crunchbase_url": "http://www.crunchbase.com/company/aesop",
 "homepage_url": "http://www.aesopapps.com",
 "blog_url": null,
 "blog_feed_url": null,
 "twitter_username": "AesopApps",
 "category_code": "health",
 "number_of_employees": null,
 "founded_year": null,
 "founded_month": null,
 "founded_day": null,
 "deadpooled_year": null,
 "deadpooled_month": null,
 "deadpooled_day": null,
 "deadpooled_url": null,
 "tag_list": null,
 "alias_list": null,
 "email_address": null,
 "phone_number": null,
 "description": null,
 "created_at": "Thu Aug 15 08:18:46 UTC 2013",
 "updated_at": "Thu Aug 15 08:18:45 UTC 2013",
 "overview": "\u003Cp\u003EAeso Apps is an application developer for iphon\u003C/p\u003E",
 "image": null,
 "products":
  [],
 "relationships":
  [],
 "competitions":
  [],
 "providerships":
  [],
 "total_money_raised": "$0",
 "funding_rounds":
  [],
 "investments":
  [],
 "acquisition": null,
 "acquisitions":
  [],
 "offices":
  [],
 "milestones":
  [],
 "ipo": null,
 "video_embeds":
  [],
 "screenshots":
  [],
 "external_links":
  [{"external_url": "http://www.facebook.com/AesoApps",
    "title": "Facebook Page"}],
 "partners":
  []}
