{"name": "Aestesis",
 "permalink": "aestesis",
 "crunchbase_url": "http://www.crunchbase.com/company/aestesis",
 "homepage_url": "http://aestesis.net",
 "blog_url": null,
 "blog_feed_url": null,
 "twitter_username": "aestesis",
 "category_code": "games_video",
 "number_of_employees": null,
 "founded_year": null,
 "founded_month": null,
 "founded_day": null,
 "deadpooled_year": null,
 "deadpooled_month": null,
 "deadpooled_day": null,
 "deadpooled_url": null,
 "tag_list": null,
 "alias_list": null,
 "email_address": null,
 "phone_number": null,
 "description": null,
 "created_at": "Thu Aug 15 07:36:53 UTC 2013",
 "updated_at": "Thu Aug 15 07:36:53 UTC 2013",
 "overview": "\u003Cp\u003EAestesis LLC is a software company that develop phot\u003C/p\u003E",
 "image": null,
 "products":
  [],
 "relationships":
  [],
 "competitions":
  [],
 "providerships":
  [],
 "total_money_raised": "$0",
 "funding_rounds":
  [],
 "investments":
  [],
 "acquisition": null,
 "acquisitions":
  [],
 "offices":
  [],
 "milestones":
  [],
 "ipo": null,
 "video_embeds":
  [],
 "screenshots":
  [],
 "external_links":
  [],
 "partners":
  []}
