{"name": "Agazore Lab",
 "permalink": "agazore-lab",
 "crunchbase_url": "http://www.crunchbase.com/company/agazore-lab",
 "homepage_url": null,
 "blog_url": null,
 "blog_feed_url": null,
 "twitter_username": null,
 "category_code": "music",
 "number_of_employees": null,
 "founded_year": null,
 "founded_month": null,
 "founded_day": null,
 "deadpooled_year": null,
 "deadpooled_month": null,
 "deadpooled_day": null,
 "deadpooled_url": null,
 "tag_list": null,
 "alias_list": null,
 "email_address": null,
 "phone_number": null,
 "description": null,
 "created_at": "Thu Aug 15 08:30:40 UTC 2013",
 "updated_at": "Thu Aug 15 08:30:39 UTC 2013",
 "overview": "\u003Cp\u003EAgazore Lab  develops mobile aplications for both the iPad and iPhone users.They design applications regarding music. Free Music Dl is one of the exciting application from Agazore Lab.\u003C/p\u003E",
 "image": null,
 "products":
  [],
 "relationships":
  [],
 "competitions":
  [],
 "providerships":
  [],
 "total_money_raised": "$0",
 "funding_rounds":
  [],
 "investments":
  [],
 "acquisition": null,
 "acquisitions":
  [],
 "offices":
  [],
 "milestones":
  [],
 "ipo": null,
 "video_embeds":
  [],
 "screenshots":
  [],
 "external_links":
  [],
 "partners":
  []}
