{"name": "Age of Learning",
 "permalink": "age-of-learning",
 "crunchbase_url": "http://www.crunchbase.com/company/age-of-learning",
 "homepage_url": "http://www.abcmouse.com",
 "blog_url": "",
 "blog_feed_url": "",
 "twitter_username": "ageoflearning",
 "category_code": "education",
 "number_of_employees": 175,
 "founded_year": 2007,
 "founded_month": null,
 "founded_day": null,
 "deadpooled_year": null,
 "deadpooled_month": null,
 "deadpooled_day": null,
 "deadpooled_url": null,
 "tag_list": "educational-technology, digital-learning, online-learning, early-learning, early-childhood-education, educational-content, online-curriculum",
 "alias_list": "",
 "email_address": "",
 "phone_number": "818-246-2223",
 "description": "Educational Technology, Digital Learning",
 "created_at": "Thu Aug 15 07:32:44 UTC 2013",
 "updated_at": "Thu Apr 10 03:52:54 UTC 2014",
 "overview": "\u003Cp\u003EAge of Learning, Inc., is the educational technology and digital learning company that created and continues to develop ABCmouse.com. At Age of Learning our goal is to help children build a strong foundation for future academic success by providing a comprehensive and engaging online and app-based curriculum to greatly assist early learners to succeed in pre-k, kindergarten, and early elementary school programs. ABCmouse.com offers monthly and yearly subscriptions for home use and offers free classroom accounts to public and private schools, Head Start Centers, libraries and other community organizations.\u003C/p\u003E",
 "image":
  {"available_sizes":
    [[[150,
       28],
      "http://api-images.crunchbase.com/assets/images/resized/0031/4038/314038v1-max-150x150.png"],
     [[250,
       47],
      "http://api-images.crunchbase.com/assets/images/resized/0031/4038/314038v1-max-250x250.png"],
     [[450,
       84],
      "http://api-images.crunchbase.com/assets/images/resized/0031/4038/314038v1-max-450x450.png"]],
   "attribution": null},
 "products":
  [{"name": "ABCmouse.com Early Learning Academy",
    "permalink": "abcmouse-com-early-learning-academy"}],
 "relationships":
  [{"is_past": false,
    "title": "Founder, Chairman \u0026 CEO",
    "person":
     {"first_name": "Doug",
      "last_name": "Dohring",
      "permalink": "doug-dohring"}}],
 "competitions":
  [],
 "providerships":
  [],
 "total_money_raised": "$31.5M",
 "funding_rounds":
  [{"id": 46667,
    "round_code": "debt_round",
    "source_url": "http://www.sec.gov/Archives/edgar/data/1522865/000152286512000001/xslFormDX01/primary_doc.xml",
    "source_description": "SEC",
    "raised_amount": 16500000.0,
    "raised_currency_code": "USD",
    "funded_year": 2012,
    "funded_month": 4,
    "funded_day": 12,
    "investments":
     []},
   {"id": 53962,
    "round_code": "debt_round",
    "source_url": "http://www.sec.gov/Archives/edgar/data/1522865/000152286511000002/xslFormDX01/primary_doc.xml",
    "source_description": "SEC",
    "raised_amount": 15000000.0,
    "raised_currency_code": "USD",
    "funded_year": 2011,
    "funded_month": 6,
    "funded_day": 17,
    "investments":
     []}],
 "investments":
  [],
 "acquisition": null,
 "acquisitions":
  [],
 "offices":
  [{"description": "Company Headquarters",
    "address1": "101 N. Brand Blvd.",
    "address2": "Suite 870",
    "zip_code": "91203",
    "city": "Glendale",
    "state_code": "CA",
    "country_code": "USA",
    "latitude": null,
    "longitude": null}],
 "milestones":
  [],
 "ipo": null,
 "video_embeds":
  [],
 "screenshots":
  [{"available_sizes":
     [[[150,
        69],
       "http://api-images.crunchbase.com/assets/images/resized/0031/4035/314035v1-max-150x150.png"],
      [[250,
        115],
       "http://api-images.crunchbase.com/assets/images/resized/0031/4035/314035v1-max-250x250.png"],
      [[450,
        207],
       "http://api-images.crunchbase.com/assets/images/resized/0031/4035/314035v1-max-450x450.png"]],
    "attribution": null}],
 "external_links":
  [{"external_url": "http://www.facebook.com/AgeOfLearning",
    "title": "Facebook Page"},
   {"external_url": "https://www.linkedin.com/company/age-of-learning-inc.",
    "title": "Age of Learning - LinkedIn"},
   {"external_url": "https://plus.google.com/b/105795093633811410021/105795093633811410021",
    "title": "Age of Learning - Google+"},
   {"external_url": "http://www.pinterest.com/ageoflearning/",
    "title": "Age of Learning - Pinterest"},
   {"external_url": "https://www.slideshare.net/AgeOfLearning",
    "title": "Age of Learning - Slideshare"},
   {"external_url": "http://AgeOfLearning.tumblr.com",
    "title": "Age of Learning - Tumblr"},
   {"external_url": "https://twitter.com/DougDohring",
    "title": "Founder Doug Dohring - Twitter"},
   {"external_url": "https://twitter.com/ageoflearning",
    "title": "Age of Learning - Twitter"},
   {"external_url": "http://investing.businessweek.com/research/stocks/private/snapshot.asp?privcapId=134387409",
    "title": "Age of Learning - Company Profile Bloomberg Businessweek"},
   {"external_url": "http://www.hoovers.com/company-information/cs/company-profile.Age_of_Learning_Inc.60574c3613983506.html",
    "title": "Age of Learning - Company Profile on Hoovers.com"},
   {"external_url": "http://companies.findthecompany.com/l/1894282/Age-Of-Learning-Inc-in-Glendale-CA",
    "title": "Age of Learning - Company Profile on FindTheCompany.com"}],
 "partners":
  []}
