{"name": "Agens",
 "permalink": "agens",
 "crunchbase_url": "http://www.crunchbase.com/company/agens",
 "homepage_url": "http://agens.no",
 "blog_url": null,
 "blog_feed_url": null,
 "twitter_username": "agens",
 "category_code": "games_video",
 "number_of_employees": null,
 "founded_year": 2005,
 "founded_month": null,
 "founded_day": null,
 "deadpooled_year": null,
 "deadpooled_month": null,
 "deadpooled_day": null,
 "deadpooled_url": null,
 "tag_list": null,
 "alias_list": null,
 "email_address": null,
 "phone_number": null,
 "description": null,
 "created_at": "Thu Aug 15 07:54:59 UTC 2013",
 "updated_at": "Thu Aug 15 07:54:59 UTC 2013",
 "overview": "\u003Cp\u003EAgens is a mobile application and games designer company which has designed apps like Holmenkollen Ski Jum\u003C/p\u003E",
 "image": null,
 "products":
  [],
 "relationships":
  [],
 "competitions":
  [],
 "providerships":
  [],
 "total_money_raised": "$0",
 "funding_rounds":
  [],
 "investments":
  [],
 "acquisition": null,
 "acquisitions":
  [],
 "offices":
  [],
 "milestones":
  [],
 "ipo": null,
 "video_embeds":
  [],
 "screenshots":
  [],
 "external_links":
  [{"external_url": "http://www.facebook.com/agens.no",
    "title": "Facebook Page"}],
 "partners":
  []}
