{"name": "AgeStat",
 "permalink": "agestat",
 "crunchbase_url": "http://www.crunchbase.com/company/agestat",
 "homepage_url": "http://agestat.com",
 "blog_url": "http://agestat.com/blog",
 "blog_feed_url": "",
 "twitter_username": "age_stat",
 "category_code": "security",
 "number_of_employees": null,
 "founded_year": 2012,
 "founded_month": 1,
 "founded_day": 24,
 "deadpooled_year": null,
 "deadpooled_month": null,
 "deadpooled_day": null,
 "deadpooled_url": null,
 "tag_list": "online-age-verification, ecommerce, security",
 "alias_list": null,
 "email_address": "david@agestat.com",
 "phone_number": "312-965-2661",
 "description": "Online Age Verification",
 "created_at": "Thu Aug 15 18:41:43 UTC 2013",
 "updated_at": "Fri Aug 16 18:42:08 UTC 2013",
 "overview": "\u003Cp\u003EAgeStat provides fast, secure online age verification.  \u003C/p\u003E",
 "image": null,
 "products":
  [],
 "relationships":
  [{"is_past": false,
    "title": "Founder",
    "person":
     {"first_name": "David",
      "last_name": "Jacobson",
      "permalink": "david-jacobson"}}],
 "competitions":
  [],
 "providerships":
  [],
 "total_money_raised": "$0",
 "funding_rounds":
  [],
 "investments":
  [],
 "acquisition": null,
 "acquisitions":
  [],
 "offices":
  [{"description": "Chicago Office",
    "address1": "",
    "address2": "",
    "zip_code": "",
    "city": "Chicago",
    "state_code": "IL",
    "country_code": "USA",
    "latitude": null,
    "longitude": null}],
 "milestones":
  [],
 "ipo": null,
 "video_embeds":
  [],
 "screenshots":
  [],
 "external_links":
  [],
 "partners":
  []}
