{"name": "Agile Tortoise",
 "permalink": "agile-tortoise",
 "crunchbase_url": "http://www.crunchbase.com/company/agile-tortoise",
 "homepage_url": "http://agiletortoise.com",
 "blog_url": null,
 "blog_feed_url": null,
 "twitter_username": "agiletortoise",
 "category_code": "mobile",
 "number_of_employees": null,
 "founded_year": null,
 "founded_month": null,
 "founded_day": null,
 "deadpooled_year": null,
 "deadpooled_month": null,
 "deadpooled_day": null,
 "deadpooled_url": null,
 "tag_list": null,
 "alias_list": null,
 "email_address": null,
 "phone_number": null,
 "description": null,
 "created_at": "Thu Aug 15 08:46:44 UTC 2013",
 "updated_at": "Thu Aug 15 08:46:44 UTC 2013",
 "overview": "\u003Cp\u003EAgile Tortoise is a company which develops productivity apps for  iPhone\u003C/p\u003E",
 "image": null,
 "products":
  [],
 "relationships":
  [],
 "competitions":
  [],
 "providerships":
  [],
 "total_money_raised": "$0",
 "funding_rounds":
  [],
 "investments":
  [],
 "acquisition": null,
 "acquisitions":
  [],
 "offices":
  [],
 "milestones":
  [],
 "ipo": null,
 "video_embeds":
  [],
 "screenshots":
  [],
 "external_links":
  [{"external_url": "http://www.facebook.com/agiletortoise",
    "title": "Facebook Page"}],
 "partners":
  []}
