{"name": "Agilitech",
 "permalink": "agilitech",
 "crunchbase_url": "http://www.crunchbase.com/company/agilitech",
 "homepage_url": null,
 "blog_url": null,
 "blog_feed_url": null,
 "twitter_username": null,
 "category_code": "photo_video",
 "number_of_employees": null,
 "founded_year": null,
 "founded_month": null,
 "founded_day": null,
 "deadpooled_year": null,
 "deadpooled_month": null,
 "deadpooled_day": null,
 "deadpooled_url": null,
 "tag_list": null,
 "alias_list": null,
 "email_address": null,
 "phone_number": null,
 "description": null,
 "created_at": "Thu Aug 15 08:42:29 UTC 2013",
 "updated_at": "Thu Aug 15 08:42:29 UTC 2013",
 "overview": "\u003Cp\u003EAgilitech LLC is a mobile apps developer company based in the United States and builds utility based applications. One of its recent launch is the most popular app named Spy Calc 2.0.\u003C/p\u003E",
 "image": null,
 "products":
  [],
 "relationships":
  [],
 "competitions":
  [],
 "providerships":
  [],
 "total_money_raised": "$0",
 "funding_rounds":
  [],
 "investments":
  [],
 "acquisition": null,
 "acquisitions":
  [],
 "offices":
  [],
 "milestones":
  [],
 "ipo": null,
 "video_embeds":
  [],
 "screenshots":
  [],
 "external_links":
  [{"external_url": "http://www.facebook.com/pages/Agilitech-LLC/86234953392",
    "title": "Facebook Page"}],
 "partners":
  []}
