{"name": "Aidaluu",
 "permalink": "aidaluu",
 "crunchbase_url": "http://www.crunchbase.com/company/aidaluu",
 "homepage_url": "http://www.aidaluu.com",
 "blog_url": null,
 "blog_feed_url": null,
 "twitter_username": "AidaluuInc",
 "category_code": "enterprise",
 "number_of_employees": null,
 "founded_year": null,
 "founded_month": null,
 "founded_day": null,
 "deadpooled_year": null,
 "deadpooled_month": null,
 "deadpooled_day": null,
 "deadpooled_url": null,
 "tag_list": null,
 "alias_list": null,
 "email_address": null,
 "phone_number": null,
 "description": null,
 "created_at": "Thu Aug 15 07:27:05 UTC 2013",
 "updated_at": "Thu Aug 15 07:27:04 UTC 2013",
 "overview": "\u003Cp\u003EAidaluu Inc is a software development and consulting firm based in Toront\u003C/p\u003E",
 "image": null,
 "products":
  [],
 "relationships":
  [],
 "competitions":
  [],
 "providerships":
  [],
 "total_money_raised": "$0",
 "funding_rounds":
  [],
 "investments":
  [],
 "acquisition": null,
 "acquisitions":
  [],
 "offices":
  [],
 "milestones":
  [],
 "ipo": null,
 "video_embeds":
  [],
 "screenshots":
  [],
 "external_links":
  [{"external_url": "http://www.facebook.com/aidaluuinc",
    "title": "Facebook Page"}],
 "partners":
  []}
