{"name": "AIM APPS",
 "permalink": "aim-apps",
 "crunchbase_url": "http://www.crunchbase.com/company/aim-apps",
 "homepage_url": null,
 "blog_url": null,
 "blog_feed_url": null,
 "twitter_username": null,
 "category_code": "health",
 "number_of_employees": null,
 "founded_year": null,
 "founded_month": null,
 "founded_day": null,
 "deadpooled_year": null,
 "deadpooled_month": null,
 "deadpooled_day": null,
 "deadpooled_url": null,
 "tag_list": null,
 "alias_list": null,
 "email_address": null,
 "phone_number": null,
 "description": null,
 "created_at": "Thu Aug 15 08:21:04 UTC 2013",
 "updated_at": "Thu Aug 15 08:21:04 UTC 2013",
 "overview": "\u003Cp\u003EAIM APPS is a developer company of mobile applications. The company develops applications that are compatible with iPhone and iPad and have created lifestyle apps for users. Some of their applications are Spooky Walls and Christmas iCards.\u003C/p\u003E",
 "image": null,
 "products":
  [],
 "relationships":
  [],
 "competitions":
  [],
 "providerships":
  [],
 "total_money_raised": "$0",
 "funding_rounds":
  [],
 "investments":
  [],
 "acquisition": null,
 "acquisitions":
  [],
 "offices":
  [],
 "milestones":
  [],
 "ipo": null,
 "video_embeds":
  [],
 "screenshots":
  [],
 "external_links":
  [],
 "partners":
  []}
