{"name": "Aimia Canada",
 "permalink": "aimia-canada",
 "crunchbase_url": "http://www.crunchbase.com/company/aimia-canada",
 "homepage_url": null,
 "blog_url": null,
 "blog_feed_url": null,
 "twitter_username": null,
 "category_code": "travel",
 "number_of_employees": null,
 "founded_year": null,
 "founded_month": null,
 "founded_day": null,
 "deadpooled_year": null,
 "deadpooled_month": null,
 "deadpooled_day": null,
 "deadpooled_url": null,
 "tag_list": null,
 "alias_list": null,
 "email_address": null,
 "phone_number": null,
 "description": null,
 "created_at": "Thu Aug 15 09:03:00 UTC 2013",
 "updated_at": "Thu Aug 15 09:02:59 UTC 2013",
 "overview": "\u003Cp\u003EAimia Canada Inc. is a mobile app developer company which has developed apps like Aeroplan. This app is designed for both iPhone and iPad.\u003C/p\u003E",
 "image": null,
 "products":
  [],
 "relationships":
  [],
 "competitions":
  [],
 "providerships":
  [],
 "total_money_raised": "$0",
 "funding_rounds":
  [],
 "investments":
  [],
 "acquisition": null,
 "acquisitions":
  [],
 "offices":
  [],
 "milestones":
  [],
 "ipo": null,
 "video_embeds":
  [],
 "screenshots":
  [],
 "external_links":
  [{"external_url": "http://www.facebook.com/pages/Aimia-Canada",
    "title": "Facebook Page"}],
 "partners":
  []}
