{"name": "AIMS Innovation",
 "permalink": "aims-innovation",
 "crunchbase_url": "http://www.crunchbase.com/company/aims-innovation",
 "homepage_url": "http://www.aimsinnovation.com",
 "blog_url": "http://www.aimsinnovation.com/news/aims-blog/",
 "blog_feed_url": "",
 "twitter_username": "aimsinnovation",
 "category_code": "analytics",
 "number_of_employees": 6,
 "founded_year": 2011,
 "founded_month": null,
 "founded_day": null,
 "deadpooled_year": null,
 "deadpooled_month": null,
 "deadpooled_day": null,
 "deadpooled_url": null,
 "tag_list": "monitoring, microsoft-biztalk, dynamic-monitoring, application-performance-management, enterprise-software, system-integrators, downtime",
 "alias_list": null,
 "email_address": "ivar.sagemo@aimsinnovation.com",
 "phone_number": "",
 "description": "Application Performance Monitoring",
 "created_at": "Tue Aug 20 20:11:30 UTC 2013",
 "updated_at": "Wed Sep 11 19:40:57 UTC 2013",
 "overview": "\u003Cp\u003EAIMS Innovation delivers the first intelligent monitoring solution to dynamically determine monitoring thresholds without human intervention and then, proactively send \u0026#8220;early warnings\u0026#8221; before problems arise.  Tailored first for system integrations based on Microsoft BizTalk, \u201cAIMS for BizTalk\u201d is the only technology in the market that provides IT experts with a graphical color-coded map pinpointing where an issue lies - right down to each individual business process or system. \u003C/p\u003E\n\n\u003Cp\u003ETraditional monitoring tools often send so many false errors and warnings, that alerts are ignored or deleted by IT operations.  They provide little or no insight into how to identify or resolve a problem.  With AIMS Innovation\u2019s intelligent monitoring, serious problems that require immediate action are highlighted clearly and only relevant information about how a system is performing is delivered.   Easy-to-read alerts provide clear insight via a color-coded topological map that identifies the exact location of the problem.  The software continuously learns an enterprise systems normal behavior, self-optimizing and modifying over time, becoming more accurate to potential problems, optimizing system performance and reducing downtime. AIMS Innovation customers find the technology easy to use and don\u2019t need special training or certification.   \u003C/p\u003E",
 "image":
  {"available_sizes":
    [[[150,
       43],
      "http://api-images.crunchbase.com/assets/images/resized/0031/0493/310493v2-max-150x150.jpg"],
     [[250,
       72],
      "http://api-images.crunchbase.com/assets/images/resized/0031/0493/310493v2-max-250x250.jpg"],
     [[450,
       129],
      "http://api-images.crunchbase.com/assets/images/resized/0031/0493/310493v2-max-450x450.jpg"]],
   "attribution": null},
 "products":
  [],
 "relationships":
  [{"is_past": false,
    "title": "CEO",
    "person":
     {"first_name": "Ivar",
      "last_name": "Sagemo",
      "permalink": "ivar-sagemo"}},
   {"is_past": false,
    "title": "Product Director",
    "person":
     {"first_name": "Marius",
      "last_name": "Wergeland Storsten",
      "permalink": "marius-wergeland-storsten"}}],
 "competitions":
  [{"competitor":
     {"name": "BizTalk360",
      "permalink": "biztalk360"}}],
 "providerships":
  [],
 "total_money_raised": "$0",
 "funding_rounds":
  [],
 "investments":
  [],
 "acquisition": null,
 "acquisitions":
  [],
 "offices":
  [{"description": "Headquarters",
    "address1": "Oslo Innovation Cente",
    "address2": "Gaustadalleen 21",
    "zip_code": "N-0349",
    "city": "Oslo",
    "state_code": null,
    "country_code": "NOR",
    "latitude": null,
    "longitude": null},
   {"description": "US",
    "address1": "Innovation House",
    "address2": "470 Ramona St",
    "zip_code": "94301",
    "city": "Palo Alto",
    "state_code": "CA",
    "country_code": "USA",
    "latitude": null,
    "longitude": null}],
 "milestones":
  [],
 "ipo": null,
 "video_embeds":
  [],
 "screenshots":
  [{"available_sizes":
     [[[150,
        108],
       "http://api-images.crunchbase.com/assets/images/resized/0031/0495/310495v2-max-150x150.jpg"],
      [[250,
        180],
       "http://api-images.crunchbase.com/assets/images/resized/0031/0495/310495v2-max-250x250.jpg"],
      [[450,
        324],
       "http://api-images.crunchbase.com/assets/images/resized/0031/0495/310495v2-max-450x450.jpg"]],
    "attribution": null}],
 "external_links":
  [{"external_url": "http://www.huffingtonpost.com/richard-tso/aims-innovation-mitigates_b_3493037.html",
    "title": "Mitigating Risks Associated With IT Server Downtime"},
   {"external_url": "http://www.dbta.com/Articles/Editorial/News-Flashes/Proactive-Monitoring-Solution-with-Automatic-Threshold-Setting-for-Microsoft-Launches-90427.aspx",
    "title": "Proactive Monitoring Solution with Automatic Threshold Setting for Microsoft Launches"},
   {"external_url": "http://www.convergedigest.com/2013/06/aims-innovation-offers-monitoring-for.html",
    "title": "AIMS Innovation Offers Monitoring for Microsoft Biz Talk"},
   {"external_url": "http://www.datacenterpost.com/2013/06/aims-innovation-keeps-big-data-on-move.html",
    "title": "AIMS Innovation Keeps Big Data on the Move"}],
 "partners":
  []}
