{"name": "Aircraft Owners and Pilots Association",
 "permalink": "aircraft-owners-and-pilots-association",
 "crunchbase_url": "http://www.crunchbase.com/company/aircraft-owners-and-pilots-association",
 "homepage_url": "http://www.aopa.org",
 "blog_url": null,
 "blog_feed_url": null,
 "twitter_username": "aopa",
 "category_code": "transportation",
 "number_of_employees": null,
 "founded_year": 1939,
 "founded_month": 5,
 "founded_day": 15,
 "deadpooled_year": null,
 "deadpooled_month": null,
 "deadpooled_day": null,
 "deadpooled_url": null,
 "tag_list": null,
 "alias_list": null,
 "email_address": null,
 "phone_number": null,
 "description": null,
 "created_at": "Thu Aug 15 08:36:13 UTC 2013",
 "updated_at": "Thu Aug 15 08:36:12 UTC 2013",
 "overview": "\u003Cp\u003EThe Aircraft Owners and Pilots Associatio\u003C/p\u003E",
 "image": null,
 "products":
  [],
 "relationships":
  [],
 "competitions":
  [],
 "providerships":
  [],
 "total_money_raised": "$0",
 "funding_rounds":
  [],
 "investments":
  [],
 "acquisition": null,
 "acquisitions":
  [],
 "offices":
  [{"description": null,
    "address1": null,
    "address2": null,
    "zip_code": null,
    "city": "Frederick",
    "state_code": "MD",
    "country_code": "USA",
    "latitude": null,
    "longitude": null}],
 "milestones":
  [],
 "ipo": null,
 "video_embeds":
  [],
 "screenshots":
  [],
 "external_links":
  [{"external_url": "http://www.facebook.com/AOPApilots",
    "title": "Facebook Page"}],
 "partners":
  []}
