{"name": "AirKast",
 "permalink": "airkast",
 "crunchbase_url": "http://www.crunchbase.com/company/airkast",
 "homepage_url": "http://airkast.com",
 "blog_url": null,
 "blog_feed_url": null,
 "twitter_username": "airkast",
 "category_code": "sports",
 "number_of_employees": null,
 "founded_year": 2007,
 "founded_month": null,
 "founded_day": null,
 "deadpooled_year": null,
 "deadpooled_month": null,
 "deadpooled_day": null,
 "deadpooled_url": null,
 "tag_list": null,
 "alias_list": null,
 "email_address": null,
 "phone_number": null,
 "description": null,
 "created_at": "Thu Aug 15 08:57:43 UTC 2013",
 "updated_at": "Tue Oct 29 13:30:07 UTC 2013",
 "overview": "\u003Cp\u003EAirKast offers best practices in strategy \u0026amp; development to deliver unique \u0026amp; profitable mobile applications. They helps broadcasters bring LIVE radio and videos to mobile devices through application development.\u003C/p\u003E",
 "image":
  {"available_sizes":
    [[[150,
       47],
      "http://api-images.crunchbase.com/assets/images/resized/0035/0019/350019v1-max-150x150.jpg"],
     [[250,
       79],
      "http://api-images.crunchbase.com/assets/images/resized/0035/0019/350019v1-max-250x250.jpg"],
     [[257,
       82],
      "http://api-images.crunchbase.com/assets/images/resized/0035/0019/350019v1-max-450x450.jpg"]],
   "attribution": null},
 "products":
  [],
 "relationships":
  [{"is_past": false,
    "title": "Founder",
    "person":
     {"first_name": "Larry",
      "last_name": "Leung",
      "permalink": "larry-leung"}}],
 "competitions":
  [],
 "providerships":
  [],
 "total_money_raised": "$750k",
 "funding_rounds":
  [{"id": 53106,
    "round_code": "unattributed",
    "source_url": "http://www.sec.gov/Archives/edgar/data/1405993/000140599311000001/xslFormDX01/primary_doc.xml",
    "source_description": "SEC",
    "raised_amount": 750000.0,
    "raised_currency_code": "USD",
    "funded_year": 2011,
    "funded_month": 6,
    "funded_day": 13,
    "investments":
     []}],
 "investments":
  [],
 "acquisition": null,
 "acquisitions":
  [],
 "offices":
  [{"description": "",
    "address1": "20660 Stevens Creek Boulevard  Suite 378",
    "address2": "",
    "zip_code": "95014",
    "city": "Cupertino",
    "state_code": "CA",
    "country_code": "USA",
    "latitude": null,
    "longitude": null}],
 "milestones":
  [],
 "ipo": null,
 "video_embeds":
  [],
 "screenshots":
  [{"available_sizes":
     [[[150,
        76],
       "http://api-images.crunchbase.com/assets/images/resized/0035/0021/350021v1-max-150x150.jpg"],
      [[250,
        127],
       "http://api-images.crunchbase.com/assets/images/resized/0035/0021/350021v1-max-250x250.jpg"],
      [[450,
        229],
       "http://api-images.crunchbase.com/assets/images/resized/0035/0021/350021v1-max-450x450.jpg"]],
    "attribution": null}],
 "external_links":
  [{"external_url": "http://www.facebook.com/AirKast",
    "title": "Facebook Page"}],
 "partners":
  []}
