{"name": "Airwoot",
 "permalink": "airwoot",
 "crunchbase_url": "http://www.crunchbase.com/company/airwoot",
 "homepage_url": "http://airwoot.com",
 "blog_url": "http://blog.airwoot.com",
 "blog_feed_url": "",
 "twitter_username": "Airwoot",
 "category_code": "software",
 "number_of_employees": null,
 "founded_year": 2012,
 "founded_month": 1,
 "founded_day": null,
 "deadpooled_year": null,
 "deadpooled_month": null,
 "deadpooled_day": null,
 "deadpooled_url": null,
 "tag_list": "analytics, social-media-platform, customer-support-tools",
 "alias_list": "",
 "email_address": "support@airwoot.com",
 "phone_number": "91 88260 08373",
 "description": "",
 "created_at": "Fri Aug 23 07:05:53 UTC 2013",
 "updated_at": "Thu Aug 29 07:34:14 UTC 2013",
 "overview": "\u003Cp\u003EAirwoot, a startup that helps brands provide customer support on social media.  Airwoot has built a next generation real-time customer support using the sophisticated filtering and priority engine that separates social chatter from relevant support queries.\u003C/p\u003E",
 "image":
  {"available_sizes":
    [[[132,
       43],
      "http://api-images.crunchbase.com/assets/images/resized/0031/2508/312508v1-max-150x150.png"],
     [[132,
       43],
      "http://api-images.crunchbase.com/assets/images/resized/0031/2508/312508v1-max-250x250.png"],
     [[132,
       43],
      "http://api-images.crunchbase.com/assets/images/resized/0031/2508/312508v1-max-450x450.png"]],
   "attribution": null},
 "products":
  [],
 "relationships":
  [{"is_past": false,
    "title": "Co-founder",
    "person":
     {"first_name": "Achal",
      "last_name": "Aggarwal",
      "permalink": "achal-aggarwal"}},
   {"is_past": false,
    "title": "Co-founder",
    "person":
     {"first_name": "Saurabh",
      "last_name": "Arora",
      "permalink": "saurabh-arora"}},
   {"is_past": false,
    "title": "Co-founder",
    "person":
     {"first_name": "Prabhat",
      "last_name": "Saraswat",
      "permalink": "prabhat-saraswat"}}],
 "competitions":
  [],
 "providerships":
  [],
 "total_money_raised": "$0",
 "funding_rounds":
  [{"id": 46444,
    "round_code": "angel",
    "source_url": "http://articles.economictimes.indiatimes.com/2013-08-23/news/41440554_1_rajan-anandan-customer-vc",
    "source_description": "Airwoot Raises Funding",
    "raised_amount": null,
    "raised_currency_code": "USD",
    "funded_year": 2013,
    "funded_month": 8,
    "funded_day": 26,
    "investments":
     [{"company": null,
       "financial_org":
        {"name": "Kae Capital",
         "permalink": "kae-capital"},
       "person": null}]}],
 "investments":
  [],
 "acquisition": null,
 "acquisitions":
  [],
 "offices":
  [{"description": "",
    "address1": "",
    "address2": "",
    "zip_code": "110030",
    "city": "New Delhi",
    "state_code": null,
    "country_code": "IND",
    "latitude": 28.4594965,
    "longitude": 77.0266383}],
 "milestones":
  [],
 "ipo": null,
 "video_embeds":
  [],
 "screenshots":
  [{"available_sizes":
     [[[150,
        84],
       "http://api-images.crunchbase.com/assets/images/resized/0031/2665/312665v3-max-150x150.png"],
      [[250,
        140],
       "http://api-images.crunchbase.com/assets/images/resized/0031/2665/312665v3-max-250x250.png"],
      [[450,
        253],
       "http://api-images.crunchbase.com/assets/images/resized/0031/2665/312665v3-max-450x450.png"]],
    "attribution": null},
   {"available_sizes":
     [[[150,
        62],
       "http://api-images.crunchbase.com/assets/images/resized/0031/2666/312666v3-max-150x150.png"],
      [[250,
        103],
       "http://api-images.crunchbase.com/assets/images/resized/0031/2666/312666v3-max-250x250.png"],
      [[450,
        186],
       "http://api-images.crunchbase.com/assets/images/resized/0031/2666/312666v3-max-450x450.png"]],
    "attribution": null}],
 "external_links":
  [],
 "partners":
  [{"partner_name": "angel_list",
    "homepage_url": "http://airwoot.com",
    "link_1_url": "https://angel.co/airwoot",
    "link_2_url": "https://angel.co/airwoot/jobs?utc_source=crunchbase\u0026amp;utm_campaign=crunchbase\u0026amp;utm_content=jobs\u0026amp;utm_medium=link\u0026amp;utm_term=airwoot",
    "link_3_url": null,
    "link_1_name": "AngelList Page",
    "link_2_name": "Hiring: DevOps Engineer, Frontend Engineer",
    "link_3_name": null}]}
