{"name": "AK Conception",
 "permalink": "ak-conception",
 "crunchbase_url": "http://www.crunchbase.com/company/ak-conception",
 "homepage_url": "http://www.ak-marketing.fr",
 "blog_url": "",
 "blog_feed_url": "",
 "twitter_username": null,
 "category_code": "consulting",
 "number_of_employees": null,
 "founded_year": 2012,
 "founded_month": 10,
 "founded_day": 1,
 "deadpooled_year": null,
 "deadpooled_month": null,
 "deadpooled_day": null,
 "deadpooled_url": null,
 "tag_list": "product-marketing",
 "alias_list": null,
 "email_address": "alexandra@ak-marketing.fr",
 "phone_number": "0033781068587",
 "description": "Outsourced Marketing Dept for IT compani",
 "created_at": "Mon Aug 19 13:15:25 UTC 2013",
 "updated_at": "Mon Aug 19 19:48:36 UTC 2013",
 "overview": "",
 "image":
  {"available_sizes":
    [[[150,
       150],
      "http://api-images.crunchbase.com/assets/images/resized/0030/9774/309774v2-max-150x150.png"],
     [[250,
       250],
      "http://api-images.crunchbase.com/assets/images/resized/0030/9774/309774v2-max-250x250.png"],
     [[450,
       450],
      "http://api-images.crunchbase.com/assets/images/resized/0030/9774/309774v2-max-450x450.png"]],
   "attribution": null},
 "products":
  [],
 "relationships":
  [],
 "competitions":
  [],
 "providerships":
  [],
 "total_money_raised": "$0",
 "funding_rounds":
  [],
 "investments":
  [],
 "acquisition": null,
 "acquisitions":
  [],
 "offices":
  [{"description": "France Headquarters",
    "address1": "Chemin De La Coop\u00e9rative",
    "address2": "",
    "zip_code": "13250",
    "city": "Cornillon Confoux",
    "state_code": null,
    "country_code": "FRA",
    "latitude": null,
    "longitude": null}],
 "milestones":
  [],
 "ipo": null,
 "video_embeds":
  [],
 "screenshots":
  [{"available_sizes":
     [[[150,
        150],
       "http://api-images.crunchbase.com/assets/images/resized/0030/9773/309773v2-max-150x150.jpg"],
      [[250,
        250],
       "http://api-images.crunchbase.com/assets/images/resized/0030/9773/309773v2-max-250x250.jpg"],
      [[450,
        450],
       "http://api-images.crunchbase.com/assets/images/resized/0030/9773/309773v2-max-450x450.jpg"]],
    "attribution": null}],
 "external_links":
  [],
 "partners":
  []}
