{"name": "Alamex",
 "permalink": "alamex",
 "crunchbase_url": "http://www.crunchbase.com/company/alamex",
 "homepage_url": null,
 "blog_url": null,
 "blog_feed_url": null,
 "twitter_username": null,
 "category_code": "social",
 "number_of_employees": null,
 "founded_year": null,
 "founded_month": null,
 "founded_day": null,
 "deadpooled_year": null,
 "deadpooled_month": null,
 "deadpooled_day": null,
 "deadpooled_url": null,
 "tag_list": null,
 "alias_list": null,
 "email_address": null,
 "phone_number": null,
 "description": null,
 "created_at": "Thu Aug 15 08:53:16 UTC 2013",
 "updated_at": "Thu Aug 15 08:53:15 UTC 2013",
 "overview": "\u003Cp\u003EAlamex Ltd is a mobile applications developer company. They have developed applications for Android and iOS users. Some of interesting applications are iHi and iHiTranslate - Visual Language Translation Phrasebook.\u003C/p\u003E",
 "image": null,
 "products":
  [],
 "relationships":
  [],
 "competitions":
  [],
 "providerships":
  [],
 "total_money_raised": "$0",
 "funding_rounds":
  [],
 "investments":
  [],
 "acquisition": null,
 "acquisitions":
  [],
 "offices":
  [],
 "milestones":
  [],
 "ipo": null,
 "video_embeds":
  [],
 "screenshots":
  [],
 "external_links":
  [],
 "partners":
  []}
