{"name": "Alarm Clock Company",
 "permalink": "alarm-clock-company",
 "crunchbase_url": "http://www.crunchbase.com/company/alarm-clock-company",
 "homepage_url": "http://www.thealarmclockcompany.com",
 "blog_url": null,
 "blog_feed_url": null,
 "twitter_username": null,
 "category_code": "mobile",
 "number_of_employees": null,
 "founded_year": null,
 "founded_month": null,
 "founded_day": null,
 "deadpooled_year": null,
 "deadpooled_month": null,
 "deadpooled_day": null,
 "deadpooled_url": null,
 "tag_list": null,
 "alias_list": null,
 "email_address": null,
 "phone_number": null,
 "description": null,
 "created_at": "Thu Aug 15 09:11:23 UTC 2013",
 "updated_at": "Thu Aug 15 09:11:23 UTC 2013",
 "overview": "\u003Cp\u003EAlarm Clock Company is setting a new standard for alarm applications and combines all functions you would expect in one modern free alarm app. Their apps are fully loaded wit unlimited alarm setting\u003C/p\u003E",
 "image": null,
 "products":
  [],
 "relationships":
  [],
 "competitions":
  [],
 "providerships":
  [],
 "total_money_raised": "$0",
 "funding_rounds":
  [],
 "investments":
  [],
 "acquisition": null,
 "acquisitions":
  [],
 "offices":
  [],
 "milestones":
  [],
 "ipo": null,
 "video_embeds":
  [],
 "screenshots":
  [],
 "external_links":
  [],
 "partners":
  []}
