{"name": "Alaska USA Federal Credit Union",
 "permalink": "alaska-usa-federal-credit-union",
 "crunchbase_url": "http://www.crunchbase.com/company/alaska-usa-federal-credit-union",
 "homepage_url": "http://www.alaskausa.org",
 "blog_url": null,
 "blog_feed_url": null,
 "twitter_username": null,
 "category_code": "finance",
 "number_of_employees": null,
 "founded_year": 1948,
 "founded_month": null,
 "founded_day": null,
 "deadpooled_year": null,
 "deadpooled_month": null,
 "deadpooled_day": null,
 "deadpooled_url": null,
 "tag_list": null,
 "alias_list": null,
 "email_address": null,
 "phone_number": null,
 "description": null,
 "created_at": "Thu Aug 15 07:43:20 UTC 2013",
 "updated_at": "Thu Aug 15 07:43:19 UTC 2013",
 "overview": "\u003Cp\u003EAlaska USA Federal Credit Union is a federally chartered financial services cooperative with their branches througout Alaska. They are the biggest providers of consumer financial services in Alask\u003C/p\u003E",
 "image": null,
 "products":
  [],
 "relationships":
  [],
 "competitions":
  [],
 "providerships":
  [],
 "total_money_raised": "$0",
 "funding_rounds":
  [],
 "investments":
  [],
 "acquisition": null,
 "acquisitions":
  [],
 "offices":
  [],
 "milestones":
  [],
 "ipo": null,
 "video_embeds":
  [],
 "screenshots":
  [],
 "external_links":
  [],
 "partners":
  []}
