{"name": "Albrecht Golf Verlag",
 "permalink": "albrecht-golf-verlag",
 "crunchbase_url": "http://www.crunchbase.com/company/albrecht-golf-verlag",
 "homepage_url": "http://www.1golf.eu",
 "blog_url": null,
 "blog_feed_url": null,
 "twitter_username": null,
 "category_code": "sports",
 "number_of_employees": null,
 "founded_year": null,
 "founded_month": null,
 "founded_day": null,
 "deadpooled_year": null,
 "deadpooled_month": null,
 "deadpooled_day": null,
 "deadpooled_url": null,
 "tag_list": null,
 "alias_list": null,
 "email_address": null,
 "phone_number": null,
 "description": null,
 "created_at": "Thu Aug 15 08:58:46 UTC 2013",
 "updated_at": "Thu Aug 15 08:58:46 UTC 2013",
 "overview": "\u003Cp\u003EAlbrecht Golf Verlag GmbH is an online Golf Database company and has developed an app for iPAd and iPhone users named Albrecht Golf Guide.\u003C/p\u003E",
 "image": null,
 "products":
  [],
 "relationships":
  [],
 "competitions":
  [],
 "providerships":
  [],
 "total_money_raised": "$0",
 "funding_rounds":
  [],
 "investments":
  [],
 "acquisition": null,
 "acquisitions":
  [],
 "offices":
  [],
 "milestones":
  [],
 "ipo": null,
 "video_embeds":
  [],
 "screenshots":
  [],
 "external_links":
  [],
 "partners":
  []}
