{"name": "Alderglade Picture Framing",
 "permalink": "alderglade-picture-framing",
 "crunchbase_url": "http://www.crunchbase.com/company/alderglade-picture-framing",
 "homepage_url": "http://alderglade.co.uk",
 "blog_url": "",
 "blog_feed_url": "",
 "twitter_username": "pictureframes9",
 "category_code": "local",
 "number_of_employees": null,
 "founded_year": null,
 "founded_month": null,
 "founded_day": null,
 "deadpooled_year": null,
 "deadpooled_month": null,
 "deadpooled_day": null,
 "deadpooled_url": null,
 "tag_list": "",
 "alias_list": null,
 "email_address": "",
 "phone_number": "",
 "description": "London based bespoke picture framing ser",
 "created_at": "Thu Aug 22 11:22:58 UTC 2013",
 "updated_at": "Thu Aug 22 18:23:31 UTC 2013",
 "overview": "\u003Cp\u003EWe are a modern picture framing business in Uxbridge Middlesex, providing bespoke picture frames in the London area. We want to give you the opportunity to stay in touch with our latest bespoke picture frames and picture framing offers.\u003C/p\u003E\n\n\u003Cp\u003EWe offer a free mobile bespoke picture framing service within 15 mile radius of our Uxbridge workshop. We supply all types of picture frames for various types of artwork, from poster framing through to picture frames for photograph, needlework or canvases. Alderglade is also prepared for contract picture framing. We supply various acid free mountcards to be fitted to your artwork. \u003C/p\u003E",
 "image": null,
 "products":
  [],
 "relationships":
  [],
 "competitions":
  [],
 "providerships":
  [],
 "total_money_raised": "$0",
 "funding_rounds":
  [],
 "investments":
  [],
 "acquisition": null,
 "acquisitions":
  [],
 "offices":
  [],
 "milestones":
  [],
 "ipo": null,
 "video_embeds":
  [],
 "screenshots":
  [],
 "external_links":
  [],
 "partners":
  []}
