{"name": "Alessi Games",
 "permalink": "alessi-games",
 "crunchbase_url": "http://www.crunchbase.com/company/alessi-games",
 "homepage_url": "http://www.midnightstatus.com",
 "blog_url": null,
 "blog_feed_url": null,
 "twitter_username": null,
 "category_code": "photo_video",
 "number_of_employees": null,
 "founded_year": null,
 "founded_month": null,
 "founded_day": null,
 "deadpooled_year": null,
 "deadpooled_month": null,
 "deadpooled_day": null,
 "deadpooled_url": null,
 "tag_list": null,
 "alias_list": null,
 "email_address": null,
 "phone_number": null,
 "description": null,
 "created_at": "Thu Aug 15 08:44:12 UTC 2013",
 "updated_at": "Thu Aug 15 08:44:12 UTC 2013",
 "overview": "\u003Cp\u003EMidnight Status is a mobile apps developing company which has developed various applications for its users. They have developed an app for the car lovers with the help of which one can collect the cars and position them accoding to their choice.\u003C/p\u003E",
 "image": null,
 "products":
  [],
 "relationships":
  [],
 "competitions":
  [],
 "providerships":
  [],
 "total_money_raised": "$0",
 "funding_rounds":
  [],
 "investments":
  [],
 "acquisition": null,
 "acquisitions":
  [],
 "offices":
  [],
 "milestones":
  [],
 "ipo": null,
 "video_embeds":
  [],
 "screenshots":
  [],
 "external_links":
  [],
 "partners":
  []}
