{"name": "alienweb",
 "permalink": "alienweb",
 "crunchbase_url": "http://www.crunchbase.com/company/alienweb",
 "homepage_url": "http://www.alienweb.eu",
 "blog_url": null,
 "blog_feed_url": null,
 "twitter_username": null,
 "category_code": "mobile",
 "number_of_employees": null,
 "founded_year": null,
 "founded_month": null,
 "founded_day": null,
 "deadpooled_year": null,
 "deadpooled_month": null,
 "deadpooled_day": null,
 "deadpooled_url": null,
 "tag_list": null,
 "alias_list": null,
 "email_address": null,
 "phone_number": null,
 "description": null,
 "created_at": "Thu Aug 15 09:13:42 UTC 2013",
 "updated_at": "Thu Aug 15 09:13:42 UTC 2013",
 "overview": "\u003Cp\u003EAlienweb is an Android and iOS application developer and has developed many applications till date. They mainly develop weather based applications. Some of their recent releases include Meteo Weathe\u003C/p\u003E",
 "image": null,
 "products":
  [],
 "relationships":
  [],
 "competitions":
  [],
 "providerships":
  [],
 "total_money_raised": "$0",
 "funding_rounds":
  [],
 "investments":
  [],
 "acquisition": null,
 "acquisitions":
  [],
 "offices":
  [],
 "milestones":
  [],
 "ipo": null,
 "video_embeds":
  [],
 "screenshots":
  [],
 "external_links":
  [],
 "partners":
  []}
