{"name": "Aliopartis",
 "permalink": "aliopartis",
 "crunchbase_url": "http://www.crunchbase.com/company/aliopartis",
 "homepage_url": null,
 "blog_url": "",
 "blog_feed_url": "",
 "twitter_username": null,
 "category_code": null,
 "number_of_employees": null,
 "founded_year": null,
 "founded_month": null,
 "founded_day": null,
 "deadpooled_year": null,
 "deadpooled_month": null,
 "deadpooled_day": null,
 "deadpooled_url": null,
 "tag_list": "",
 "alias_list": "",
 "email_address": "",
 "phone_number": "",
 "description": "",
 "created_at": "Fri Aug 16 16:35:55 UTC 2013",
 "updated_at": "Fri Aug 16 16:37:40 UTC 2013",
 "overview": "\u003Cp\u003EAllopartis develops enzymes to convert biomass into sugar for cellulosic biofuel production and industrial biotechnology.\u003C/p\u003E",
 "image": null,
 "products":
  [],
 "relationships":
  [{"is_past": false,
    "title": "Investor",
    "person":
     {"first_name": "Susan",
      "last_name": "Preston",
      "permalink": "susan-preston"}}],
 "competitions":
  [],
 "providerships":
  [],
 "total_money_raised": "$0",
 "funding_rounds":
  [{"id": 45822,
    "round_code": "a",
    "source_url": "",
    "source_description": "XSeed Capital",
    "raised_amount": null,
    "raised_currency_code": "USD",
    "funded_year": 2008,
    "funded_month": 8,
    "funded_day": 16,
    "investments":
     [{"company": null,
       "financial_org":
        {"name": "CalCEF Clean Energy Angel Fund",
         "permalink": "calcef-clean-energy-angel-fund"},
       "person": null},
      {"company": null,
       "financial_org":
        {"name": "XSeed Capital",
         "permalink": "xseed-capital"},
       "person": null}]}],
 "investments":
  [],
 "acquisition": null,
 "acquisitions":
  [],
 "offices":
  [],
 "milestones":
  [],
 "ipo": null,
 "video_embeds":
  [],
 "screenshots":
  [],
 "external_links":
  [],
 "partners":
  []}
