{"name": "Alitalia",
 "permalink": "alitalia",
 "crunchbase_url": "http://www.crunchbase.com/company/alitalia",
 "homepage_url": "http://alitalia.com",
 "blog_url": "",
 "blog_feed_url": "",
 "twitter_username": "Alitalia",
 "category_code": "travel",
 "number_of_employees": null,
 "founded_year": 1946,
 "founded_month": null,
 "founded_day": null,
 "deadpooled_year": null,
 "deadpooled_month": null,
 "deadpooled_day": null,
 "deadpooled_url": null,
 "tag_list": null,
 "alias_list": "",
 "email_address": "",
 "phone_number": "",
 "description": "",
 "created_at": "Sun Aug 25 11:29:59 UTC 2013",
 "updated_at": "Mon Jan 06 04:56:50 UTC 2014",
 "overview": "\u003Cp\u003EAlitalia is much leaner than the group that was rescued and privatized in 2008. It has a younger fleet, its cost base is better than that of Air France and long gone are the perks its staff enjoyed such as being picked up by taxi from home.\u003C/p\u003E",
 "image":
  {"available_sizes":
    [[[150,
       37],
      "http://api-images.crunchbase.com/assets/images/resized/0037/3941/373941v1-max-150x150.png"],
     [[210,
       53],
      "http://api-images.crunchbase.com/assets/images/resized/0037/3941/373941v1-max-250x250.png"],
     [[210,
       53],
      "http://api-images.crunchbase.com/assets/images/resized/0037/3941/373941v1-max-450x450.png"]],
   "attribution": null},
 "products":
  [],
 "relationships":
  [{"is_past": false,
    "title": "CEO",
    "person":
     {"first_name": "Gabriele",
      "last_name": "Del Torchio",
      "permalink": "gabriele-del-torchio"}},
   {"is_past": true,
    "title": "italiatour",
    "person":
     {"first_name": "STEPHANIE",
      "last_name": "EMMANOUEL",
      "permalink": "stephanie-emmanouel"}},
   {"is_past": true,
    "title": "Secretary of the Board of Directors",
    "person":
     {"first_name": "Carlo",
      "last_name": "Angelici",
      "permalink": "carlo-angelici"}}],
 "competitions":
  [],
 "providerships":
  [],
 "total_money_raised": "$412M",
 "funding_rounds":
  [{"id": 57586,
    "round_code": "grant",
    "source_url": "http://skift.com/2013/12/10/alitalia-may-be-forced-to-ground-fleet-six-months-after-urgent-cash-call/",
    "source_description": "Alitalia May Be Forced to Ground Fleet Six Months After Urgent Cash Call",
    "raised_amount": 412000000.0,
    "raised_currency_code": "USD",
    "funded_year": 2013,
    "funded_month": 12,
    "funded_day": 10,
    "investments":
     []}],
 "investments":
  [],
 "acquisition": null,
 "acquisitions":
  [],
 "offices":
  [{"description": "",
    "address1": "111, Viale Alessandro",
    "address2": "Marchetti",
    "zip_code": "RM 00148",
    "city": "Rome",
    "state_code": null,
    "country_code": "ITA",
    "latitude": null,
    "longitude": null}],
 "milestones":
  [],
 "ipo": null,
 "video_embeds":
  [],
 "screenshots":
  [{"available_sizes":
     [[[150,
        84],
       "http://api-images.crunchbase.com/assets/images/resized/0037/3944/373944v1-max-150x150.png"],
      [[250,
        140],
       "http://api-images.crunchbase.com/assets/images/resized/0037/3944/373944v1-max-250x250.png"],
      [[450,
        253],
       "http://api-images.crunchbase.com/assets/images/resized/0037/3944/373944v1-max-450x450.png"]],
    "attribution": null}],
 "external_links":
  [],
 "partners":
  []}
