{"name": "allSchedules",
 "permalink": "allschedules",
 "crunchbase_url": "http://www.crunchbase.com/company/allschedules",
 "homepage_url": "http://www.allschedulesapp.com",
 "blog_url": "",
 "blog_feed_url": "",
 "twitter_username": "allschedules",
 "category_code": "travel",
 "number_of_employees": null,
 "founded_year": 2011,
 "founded_month": null,
 "founded_day": null,
 "deadpooled_year": null,
 "deadpooled_month": null,
 "deadpooled_day": null,
 "deadpooled_url": null,
 "tag_list": "",
 "alias_list": null,
 "email_address": "",
 "phone_number": "",
 "description": "the ubiquitous transit app",
 "created_at": "Thu Aug 15 09:04:19 UTC 2013",
 "updated_at": "Sat Oct 12 19:55:13 UTC 2013",
 "overview": "\u003Cp\u003E\u003Cstrong\u003EallSchedules\u003C/strong\u003E is a start-up aiming to help the way we use public transportation.\u003C/p\u003E",
 "image":
  {"available_sizes":
    [[[150,
       150],
      "http://api-images.crunchbase.com/assets/images/resized/0034/1052/341052v2-max-150x150.png"],
     [[250,
       250],
      "http://api-images.crunchbase.com/assets/images/resized/0034/1052/341052v2-max-250x250.png"],
     [[450,
       450],
      "http://api-images.crunchbase.com/assets/images/resized/0034/1052/341052v2-max-450x450.png"]],
   "attribution": null},
 "products":
  [],
 "relationships":
  [],
 "competitions":
  [],
 "providerships":
  [],
 "total_money_raised": "$0",
 "funding_rounds":
  [],
 "investments":
  [],
 "acquisition": null,
 "acquisitions":
  [],
 "offices":
  [],
 "milestones":
  [],
 "ipo": null,
 "video_embeds":
  [],
 "screenshots":
  [],
 "external_links":
  [{"external_url": "http://www.facebook.com/allSchedules",
    "title": "Facebook Page"}],
 "partners":
  []}
