{"name": "AllThingsD",
 "permalink": "allthingsd",
 "crunchbase_url": "http://www.crunchbase.com/company/allthingsd",
 "homepage_url": "http://allthingsd.com",
 "blog_url": "",
 "blog_feed_url": "",
 "twitter_username": "AllThingsD",
 "category_code": "news",
 "number_of_employees": null,
 "founded_year": 2003,
 "founded_month": null,
 "founded_day": null,
 "deadpooled_year": null,
 "deadpooled_month": null,
 "deadpooled_day": null,
 "deadpooled_url": null,
 "tag_list": null,
 "alias_list": "",
 "email_address": "feedback@allthingsd.com",
 "phone_number": "",
 "description": "",
 "created_at": "Thu Aug 15 08:38:04 UTC 2013",
 "updated_at": "Fri Sep 20 00:04:37 UTC 2013",
 "overview": "\u003Cp\u003EAllThingsD.com is a Web site devoted to news, analysis and opinion on technology, the Internet and media. But it is different from other sites in this space. It is a fusion of different media styles, different topics, different formats and different sources.\u003C/p\u003E",
 "image":
  {"available_sizes":
    [[[150,
       22],
      "http://api-images.crunchbase.com/assets/images/resized/0032/9766/329766v1-max-150x150.png"],
     [[240,
       36],
      "http://api-images.crunchbase.com/assets/images/resized/0032/9766/329766v1-max-250x250.png"],
     [[240,
       36],
      "http://api-images.crunchbase.com/assets/images/resized/0032/9766/329766v1-max-450x450.png"]],
   "attribution": null},
 "products":
  [],
 "relationships":
  [{"is_past": true,
    "title": "Associate Editor",
    "person":
     {"first_name": "Barry",
      "last_name": "Owen",
      "permalink": "barry-owen"}}],
 "competitions":
  [],
 "providerships":
  [],
 "total_money_raised": "$0",
 "funding_rounds":
  [],
 "investments":
  [],
 "acquisition": null,
 "acquisitions":
  [],
 "offices":
  [],
 "milestones":
  [],
 "ipo": null,
 "video_embeds":
  [],
 "screenshots":
  [{"available_sizes":
     [[[150,
        120],
       "http://api-images.crunchbase.com/assets/images/resized/0032/9768/329768v1-max-150x150.png"],
      [[250,
        201],
       "http://api-images.crunchbase.com/assets/images/resized/0032/9768/329768v1-max-250x250.png"],
      [[450,
        362],
       "http://api-images.crunchbase.com/assets/images/resized/0032/9768/329768v1-max-450x450.png"]],
    "attribution": null}],
 "external_links":
  [{"external_url": "http://www.facebook.com/ATDreviews",
    "title": "Facebook Page"}],
 "partners":
  []}
