{"name": "Almost Awesome",
 "permalink": "almost-awesome",
 "crunchbase_url": "http://www.crunchbase.com/company/almost-awesome",
 "homepage_url": null,
 "blog_url": null,
 "blog_feed_url": null,
 "twitter_username": null,
 "category_code": "health",
 "number_of_employees": null,
 "founded_year": null,
 "founded_month": null,
 "founded_day": null,
 "deadpooled_year": null,
 "deadpooled_month": null,
 "deadpooled_day": null,
 "deadpooled_url": null,
 "tag_list": null,
 "alias_list": null,
 "email_address": null,
 "phone_number": null,
 "description": null,
 "created_at": "Thu Aug 15 08:17:39 UTC 2013",
 "updated_at": "Thu Aug 15 08:17:38 UTC 2013",
 "overview": "\u003Cp\u003EAlmost Awesome Inc. is a company that has developed apps related to Health \u0026amp; Fitness. Some of the major applications developed by Almost Awesome are Women\ufffds Health Run 10 Feed 10 and WalkJogRun GPS Running Routes for iOS users.\u003C/p\u003E",
 "image": null,
 "products":
  [],
 "relationships":
  [],
 "competitions":
  [],
 "providerships":
  [],
 "total_money_raised": "$0",
 "funding_rounds":
  [],
 "investments":
  [],
 "acquisition": null,
 "acquisitions":
  [],
 "offices":
  [],
 "milestones":
  [],
 "ipo": null,
 "video_embeds":
  [],
 "screenshots":
  [],
 "external_links":
  [],
 "partners":
  []}
