{"name": "Alphablind Studio",
 "permalink": "alphablind-studio",
 "crunchbase_url": "http://www.crunchbase.com/company/alphablind-studio",
 "homepage_url": "http://alphablind.com",
 "blog_url": null,
 "blog_feed_url": null,
 "twitter_username": "Alphablind",
 "category_code": "education",
 "number_of_employees": null,
 "founded_year": null,
 "founded_month": null,
 "founded_day": null,
 "deadpooled_year": null,
 "deadpooled_month": null,
 "deadpooled_day": null,
 "deadpooled_url": null,
 "tag_list": null,
 "alias_list": null,
 "email_address": null,
 "phone_number": null,
 "description": null,
 "created_at": "Thu Aug 15 07:23:15 UTC 2013",
 "updated_at": "Thu Aug 15 07:23:15 UTC 2013",
 "overview": "\u003Cp\u003EAlphablind studio is a company which develops books apps for iPhone\u003C/p\u003E",
 "image": null,
 "products":
  [],
 "relationships":
  [],
 "competitions":
  [],
 "providerships":
  [],
 "total_money_raised": "$0",
 "funding_rounds":
  [],
 "investments":
  [],
 "acquisition": null,
 "acquisitions":
  [],
 "offices":
  [],
 "milestones":
  [],
 "ipo": null,
 "video_embeds":
  [],
 "screenshots":
  [],
 "external_links":
  [{"external_url": "http://www.facebook.com/pages/Alphablind-Studio/109833459044077",
    "title": "Facebook Page"}],
 "partners":
  []}
