{"name": "Altar",
 "permalink": "altar",
 "crunchbase_url": "http://www.crunchbase.com/company/altar",
 "homepage_url": "http://altarco.com",
 "blog_url": "http://www.altarco.com/blog/",
 "blog_feed_url": "",
 "twitter_username": "ALTARco",
 "category_code": "hospitality",
 "number_of_employees": null,
 "founded_year": 2012,
 "founded_month": null,
 "founded_day": null,
 "deadpooled_year": null,
 "deadpooled_month": null,
 "deadpooled_day": null,
 "deadpooled_url": null,
 "tag_list": "",
 "alias_list": "",
 "email_address": "info@altarco.com",
 "phone_number": "+1 503-343-9480",
 "description": "",
 "created_at": "Tue Aug 20 13:34:47 UTC 2013",
 "updated_at": "Tue Aug 20 13:34:46 UTC 2013",
 "overview": "\u003Cp\u003EThe world\u2019s first premium Herbal \u0026amp; Botanical Mood Mixer\u2122 blending the world\u2019s finest varietal fruits, heirloom vegetables, single estate teas, fragrant flowers, and exotic spices creating a truly remarkable and delicious beverage.\u003C/p\u003E\n\n\u003Cp\u003ECurated to be enjoyed alone without alcohol as a signature \u2018Herbal Martini\u2019 or paired with fine spirits in the form of a celebrity mixologist-inspired cocktail.\u003C/p\u003E\n\n\u003Cp\u003EA one of a kind alcohol free beverage created by a team of extraordinary mixologists, tea experts and herbalists who pursue the most unique and unexpected ingredients.\u003C/p\u003E\n\n\u003Cp\u003EEach ALTAR Herbal \u0026amp; Botanical Mood Mixer is:\u003C/p\u003E\n\n\u003Cp\u003E100% All Natural\nUnder 40 Calories Per Serving\nMade with Organic Ingredients\nGluten-Free\nNo Artificial Flavors or Food Coloring\nNo Refined Sugar, High Fructose Corn Syrup or Cane Syrup.\u003C/p\u003E",
 "image":
  {"available_sizes":
    [[[150,
       150],
      "http://api-images.crunchbase.com/assets/images/resized/0031/0304/310304v1-max-150x150.png"],
     [[160,
       160],
      "http://api-images.crunchbase.com/assets/images/resized/0031/0304/310304v1-max-250x250.png"],
     [[160,
       160],
      "http://api-images.crunchbase.com/assets/images/resized/0031/0304/310304v1-max-450x450.png"]],
   "attribution": null},
 "products":
  [],
 "relationships":
  [{"is_past": false,
    "title": "",
    "person":
     {"first_name": "Jagatjoti",
      "last_name": "Khalsa",
      "permalink": "jagatjoti-khalsa"}},
   {"is_past": false,
    "title": "",
    "person":
     {"first_name": "Dean",
      "last_name": "Porter",
      "permalink": "dean-porter"}}],
 "competitions":
  [],
 "providerships":
  [],
 "total_money_raised": "$210k",
 "funding_rounds":
  [{"id": 46072,
    "round_code": "seed",
    "source_url": "http://www.sec.gov/Archives/edgar/data/1545756/000154575612000001/xslFormDX01/primary_doc.xml",
    "source_description": "SEC",
    "raised_amount": 210000.0,
    "raised_currency_code": "USD",
    "funded_year": 2012,
    "funded_month": 5,
    "funded_day": 11,
    "investments":
     []}],
 "investments":
  [],
 "acquisition": null,
 "acquisitions":
  [],
 "offices":
  [{"description": "",
    "address1": "5097 Hastings  Court",
    "address2": "",
    "zip_code": "97035",
    "city": "Lake Oswego",
    "state_code": "OR",
    "country_code": "USA",
    "latitude": null,
    "longitude": null}],
 "milestones":
  [],
 "ipo": null,
 "video_embeds":
  [],
 "screenshots":
  [{"available_sizes":
     [[[150,
        69],
       "http://api-images.crunchbase.com/assets/images/resized/0031/0303/310303v1-max-150x150.png"],
      [[250,
        115],
       "http://api-images.crunchbase.com/assets/images/resized/0031/0303/310303v1-max-250x250.png"],
      [[450,
        208],
       "http://api-images.crunchbase.com/assets/images/resized/0031/0303/310303v1-max-450x450.png"]],
    "attribution": null}],
 "external_links":
  [],
 "partners":
  []}
