{"name": "AMA Pro Racing",
 "permalink": "ama-pro-racing",
 "crunchbase_url": "http://www.crunchbase.com/company/ama-pro-racing",
 "homepage_url": "http://www.amaproracing.com",
 "blog_url": null,
 "blog_feed_url": null,
 "twitter_username": null,
 "category_code": "sports",
 "number_of_employees": null,
 "founded_year": 1924,
 "founded_month": null,
 "founded_day": null,
 "deadpooled_year": null,
 "deadpooled_month": null,
 "deadpooled_day": null,
 "deadpooled_url": null,
 "tag_list": null,
 "alias_list": null,
 "email_address": null,
 "phone_number": null,
 "description": null,
 "created_at": "Thu Aug 15 08:58:52 UTC 2013",
 "updated_at": "Thu Aug 15 08:58:52 UTC 2013",
 "overview": "\u003Cp\u003EThe American Motorcyclist Association is an American nonprofit organization of more than 30\u003C/p\u003E",
 "image": null,
 "products":
  [],
 "relationships":
  [],
 "competitions":
  [],
 "providerships":
  [],
 "total_money_raised": "$0",
 "funding_rounds":
  [],
 "investments":
  [],
 "acquisition": null,
 "acquisitions":
  [],
 "offices":
  [],
 "milestones":
  [],
 "ipo": null,
 "video_embeds":
  [],
 "screenshots":
  [],
 "external_links":
  [{"external_url": "http://www.facebook.com/AMAProRoadRacing",
    "title": "Facebook Page"}],
 "partners":
  []}
