{"name": "amass",
 "permalink": "amass",
 "crunchbase_url": "http://www.crunchbase.com/company/amass",
 "homepage_url": "http://www.a-mass.de",
 "blog_url": null,
 "blog_feed_url": null,
 "twitter_username": null,
 "category_code": "health",
 "number_of_employees": null,
 "founded_year": null,
 "founded_month": null,
 "founded_day": null,
 "deadpooled_year": null,
 "deadpooled_month": null,
 "deadpooled_day": null,
 "deadpooled_url": null,
 "tag_list": null,
 "alias_list": null,
 "email_address": null,
 "phone_number": null,
 "description": null,
 "created_at": "Thu Aug 15 08:22:59 UTC 2013",
 "updated_at": "Thu Aug 15 08:22:59 UTC 2013",
 "overview": "\u003Cp\u003Eamass is a publisher of mobile applications that are compatible with iPads and iPhones. Kasse and Fin Tools are some of the applications they have developed for the iOS platform.\u003C/p\u003E",
 "image": null,
 "products":
  [],
 "relationships":
  [],
 "competitions":
  [],
 "providerships":
  [],
 "total_money_raised": "$0",
 "funding_rounds":
  [],
 "investments":
  [],
 "acquisition": null,
 "acquisitions":
  [],
 "offices":
  [],
 "milestones":
  [],
 "ipo": null,
 "video_embeds":
  [],
 "screenshots":
  [],
 "external_links":
  [],
 "partners":
  []}
