{"name": "Ambient Healthcare Inc.",
 "permalink": "ambient-healthcare-inc",
 "crunchbase_url": "http://www.crunchbase.com/company/ambient-healthcare-inc",
 "homepage_url": null,
 "blog_url": null,
 "blog_feed_url": null,
 "twitter_username": null,
 "category_code": null,
 "number_of_employees": null,
 "founded_year": null,
 "founded_month": null,
 "founded_day": null,
 "deadpooled_year": null,
 "deadpooled_month": null,
 "deadpooled_day": null,
 "deadpooled_url": null,
 "tag_list": null,
 "alias_list": null,
 "email_address": null,
 "phone_number": null,
 "description": null,
 "created_at": "Sun Aug 25 06:50:00 UTC 2013",
 "updated_at": "Sun Aug 25 06:50:00 UTC 2013",
 "overview": null,
 "image": null,
 "products":
  [],
 "relationships":
  [{"is_past": false,
    "title": "Majority Shareholder",
    "person":
     {"first_name": "Robert",
      "last_name": "Haft",
      "permalink": "robert-haft"}},
   {"is_past": false,
    "title": "Board Member",
    "person":
     {"first_name": "Greg",
      "last_name": "Hackney",
      "permalink": "greg-hackney"}}],
 "competitions":
  [],
 "providerships":
  [],
 "total_money_raised": "$0",
 "funding_rounds":
  [],
 "investments":
  [],
 "acquisition": null,
 "acquisitions":
  [],
 "offices":
  [],
 "milestones":
  [],
 "ipo": null,
 "video_embeds":
  [],
 "screenshots":
  [],
 "external_links":
  [],
 "partners":
  []}
