{"name": "1-Stop Translation USA",
 "permalink": "1-stop-translation-usa",
 "crunchbase_url": "http://www.crunchbase.com/company/1-stop-translation-usa",
 "homepage_url": "http://www.1stoptr.com",
 "blog_url": "http://www.asiantalks.com/",
 "blog_feed_url": "",
 "twitter_username": "1stoptrans",
 "category_code": "other",
 "number_of_employees": 50,
 "founded_year": 2001,
 "founded_month": null,
 "founded_day": null,
 "deadpooled_year": null,
 "deadpooled_month": null,
 "deadpooled_day": null,
 "deadpooled_url": null,
 "tag_list": "translation, interpretation, localization, asian, translation-services, voice-overs, audio-transcription, video-subtitling, website-localization, language-training, language, malay, chinese, japanese, korean, vietnamese, thai, indonesian, taglog, hindi, b",
 "alias_list": null,
 "email_address": "ariana.drummond@1stoptr.com",
 "phone_number": "213480011",
 "description": "Translation and Interpretation agency",
 "created_at": "Mon Jan 28 20:49:06 UTC 2013",
 "updated_at": "Fri Dec 06 23:28:53 UTC 2013",
 "overview": "\u003Cp\u003E1-Stop Translation is a wholesale provider of language services, with a unique specialty and expertise in Asian languages. We pride ourselves in the fact that we offer the best translation at the best price with the fastest turnaround!\u003C/p\u003E\n\n\u003Cp\u003E1-Stop Translation is your one stop source for all your Asian language needs. 1-Stop translation prides itself in offering the best translation and the most affordable prices, with technical experts dedicated to the highest levels of quality and reliability. Established in 2001, our company has since grown into one of the largest group of Asian specialists in the United States. This growth has been defined by our willingness to adapt to the needs of any industry so that they may achieve their objectives.\u003C/p\u003E\n\n\u003Cp\u003EOur services include:\nDocument Translation\nConsecutive Interpretation\nSimultaneous Interpretation\nSign Language Interpretation\nDesktop Publishing\nTypesetting\nAudio Transcription\nVideo Subtitling\nWebsite Localization\nLanguage Training\u003C/p\u003E\n\n\u003Cp\u003EOur languages include, but are not limited to:\u003C/p\u003E\n\n\u003Cul\u003E\n\u003Cli\u003EChinese             - Japanese                - Korean\u003C/li\u003E\n\u003Cli\u003EVietnamese        - Thai                      -  Malay\u003C/li\u003E\n\u003Cli\u003EIndonesian         - Tagalog                  -  Hindi                - Burmese            - Mongolian               - Khmer\u003C/li\u003E\n\u003Cli\u003ELaotian             - Hmong                    - Karen\u003C/li\u003E\n\u003Cli\u003ESpanish            - French                    - German\u003C/li\u003E\n\u003Cli\u003EItalian              - Portuguese              - Russian\u003C/li\u003E\n\u003Cli\u003EArabic              - Armenian                 - Farsi\u003C/li\u003E\n\u003Cli\u003EPunjabi             - Gujarati                   - Nepali\u003C/li\u003E\n\u003C/ul\u003E\n\n\u003Cp\u003ECLIENTS:\u003C/p\u003E\n\n\u003Cp\u003EFEDERAL:\nDepartment Of Justice\nDepartment Of Labor\nDepartment Homeland Security\u003C/p\u003E\n\n\u003Cp\u003ESTATE/LOCAL:\nCalifornia DMV\nCalifornia DOR\nCalifornia DCA\nCalifornia DIR\nOrange County ROV\nLos Angeles CDC\nCity of Missouri City, Texas\u003C/p\u003E\n\n\u003Cp\u003EINTERNATIONAL:\nUNICEF\nWIPO\nUNDP\u003C/p\u003E",
 "image":
  {"available_sizes":
    [[[150,
       75],
      "http://api-images.crunchbase.com/assets/images/resized/0023/2177/232177v2-max-150x150.jpg"],
     [[200,
       100],
      "http://api-images.crunchbase.com/assets/images/resized/0023/2177/232177v2-max-250x250.jpg"],
     [[200,
       100],
      "http://api-images.crunchbase.com/assets/images/resized/0023/2177/232177v2-max-450x450.jpg"]],
   "attribution": null},
 "products":
  [{"name": "Interpretation",
    "permalink": "interpretation"},
   {"name": "Sign language",
    "permalink": "sign-language"},
   {"name": "Desktop Publishing",
    "permalink": "desktop-publishing"},
   {"name": "Typesetting",
    "permalink": "typesetting"},
   {"name": "video subtitling",
    "permalink": "video-subtitling"},
   {"name": "voice over",
    "permalink": "voice-over"}],
 "relationships":
  [{"is_past": false,
    "title": "CEO",
    "person":
     {"first_name": "Don",
      "last_name": "Shin",
      "permalink": "don-shin"}},
   {"is_past": false,
    "title": "Marketing Manager",
    "person":
     {"first_name": "Pricilla",
      "last_name": "Niode",
      "permalink": "pricilla-niode"}},
   {"is_past": false,
    "title": "Vendor Manager",
    "person":
     {"first_name": "Gina",
      "last_name": "Lee",
      "permalink": "gina-lee"}},
   {"is_past": false,
    "title": "Account Manager",
    "person":
     {"first_name": "Sandy",
      "last_name": "Pranoto",
      "permalink": "sandy-pranoto"}}],
 "competitions":
  [],
 "providerships":
  [{"title": "translation",
    "is_past": true,
    "provider":
     {"name": "Department Of Justice",
      "permalink": "department-of-justice"}},
   {"title": "translation",
    "is_past": false,
    "provider":
     {"name": "California DMV",
      "permalink": "california-dmv"}},
   {"title": "translation",
    "is_past": true,
    "provider":
     {"name": "sian Pacific American Legal Center",
      "permalink": "sian-pacific-american-legal-center"}},
   {"title": "translation",
    "is_past": true,
    "provider":
     {"name": "apan Business \u0026 Legal Translation",
      "permalink": "apan-business-legal-translation"}},
   {"title": "translation",
    "is_past": true,
    "provider":
     {"name": "E.U. Marketing \u0026 Communication",
      "permalink": "e-u-marketing-communication"}},
   {"title": "Transcription",
    "is_past": false,
    "provider":
     {"name": "Tectrad Legal \u0026 Financial Service",
      "permalink": "tectrad-legal-financial-service"}}],
 "total_money_raised": "$0",
 "funding_rounds":
  [],
 "investments":
  [],
 "acquisition": null,
 "acquisitions":
  [],
 "offices":
  [{"description": "Headquarters",
    "address1": "3700 wilshire",
    "address2": "",
    "zip_code": "90010",
    "city": "los angeles",
    "state_code": "CA",
    "country_code": "USA",
    "latitude": 34.0616889,
    "longitude": -118.3066134}],
 "milestones":
  [{"id": 43883,
    "description": "-Stop Translation USA, a growing translation service provider specializing in Asian languages has been named an honoree for the second consecutive year on The 2013 Inc. 5000 List, which ranks the 5000 fastest growing private U.S. companies.",
    "stoned_year": 2013,
    "stoned_month": 8,
    "stoned_day": 20,
    "source_url": "http://www.inc.com/profile/1-stop-translation-usa",
    "source_text": null,
    "source_description": "1-Stop Translation USA Ranked on Inc. 5000 Fastest Growing U.S. Companies for 2nd Consecutive Year",
    "stoneable_type": "Company",
    "stoned_value": null,
    "stoned_value_type": null,
    "stoned_acquirer": null,
    "stoneable":
     {"name": "1-Stop Translation USA",
      "permalink": "1-stop-translation-usa"}},
   {"id": 43884,
    "description": "1-Stop Translation USA, LLC has successfully completed the verification process and has receiveda a Minority Business Enterprise Certification (MBE) from The Supplier Clearinghouse. Certification is one tool that may lead to meeting majority companies in ",
    "stoned_year": 2012,
    "stoned_month": 6,
    "stoned_day": 16,
    "source_url": "http://www.1stoptr.com/Archive.asp",
    "source_text": null,
    "source_description": "Certified Minority Business Enterprise (MBE)",
    "stoneable_type": "Company",
    "stoned_value": null,
    "stoned_value_type": null,
    "stoned_acquirer": null,
    "stoneable":
     {"name": "1-Stop Translation USA",
      "permalink": "1-stop-translation-usa"}}],
 "ipo": null,
 "video_embeds":
  [{"embed_code": "\u003Ciframe width=\"420\" height=\"315\" src=\"//www.youtube.com/embed/YlKR4eW9lHU\" frameborder=\"0\" allowfullscreen\u003E\u003C/iframe\u003E",
    "description": "\u003Cp\u003EHow to work with Asian Consumers and Suppliers\u003C/p\u003E"},
   {"embed_code": "http://youtu.be/_03Mbk0XuBg",
    "description": "\u003Cp\u003ETaking Advantage of Emerging Asian Language Markets\u003C/p\u003E"}],
 "screenshots":
  [],
 "external_links":
  [{"external_url": "http://www.prlog.org/12069348-vicky-1-stop-translation-launches-new-video-remote-interpreting-service.html",
    "title": "VICKY: 1-Stop Translation launches new video remote Interpreting service"},
   {"external_url": "http://www.prlog.org/12116278-1-stop-translation-launches-new-revamping-efforts.html",
    "title": "1-Stop Translation launches new revamping efforts"}],
 "partners":
  []}
