{"name": "1800tollfree",
 "permalink": "1800tollfree",
 "crunchbase_url": "http://www.crunchbase.com/company/1800tollfree",
 "homepage_url": "http://1800tollfree.in",
 "blog_url": "",
 "blog_feed_url": "",
 "twitter_username": null,
 "category_code": "mobile",
 "number_of_employees": null,
 "founded_year": null,
 "founded_month": null,
 "founded_day": null,
 "deadpooled_year": null,
 "deadpooled_month": null,
 "deadpooled_day": null,
 "deadpooled_url": null,
 "tag_list": "toll-free-number-india, 1800-toll-free-number, toll-free-number",
 "alias_list": null,
 "email_address": "anthonyjoseph151@gmail.com",
 "phone_number": "+91 8860 633 795",
 "description": "1800 toll free numers India provides the",
 "created_at": "Sat Mar 09 07:30:49 UTC 2013",
 "updated_at": "Sat Mar 09 07:30:52 UTC 2013",
 "overview": "",
 "image": null,
 "products":
  [],
 "relationships":
  [],
 "competitions":
  [],
 "providerships":
  [],
 "total_money_raised": "$0",
 "funding_rounds":
  [],
 "investments":
  [],
 "acquisition": null,
 "acquisitions":
  [],
 "offices":
  [],
 "milestones":
  [],
 "ipo": null,
 "video_embeds":
  [],
 "screenshots":
  [],
 "external_links":
  [],
 "partners":
  []}
