{"name": "1aeroporika.gr",
 "permalink": "1aeroporika-gr",
 "crunchbase_url": "http://www.crunchbase.com/company/1aeroporika-gr",
 "homepage_url": "http://www.1aeroporika.gr",
 "blog_url": "",
 "blog_feed_url": "",
 "twitter_username": "1aeroporikagr",
 "category_code": "ecommerce",
 "number_of_employees": 10,
 "founded_year": 2012,
 "founded_month": 4,
 "founded_day": 19,
 "deadpooled_year": null,
 "deadpooled_month": null,
 "deadpooled_day": null,
 "deadpooled_url": null,
 "tag_list": "aeroporika, aeroporika-eisitiria, -",
 "alias_list": null,
 "email_address": "aeroporika@1aeroporika.gr",
 "phone_number": "+302313021321",
 "description": "airtickets",
 "created_at": "Sat Feb 09 13:13:33 UTC 2013",
 "updated_at": "Wed Feb 13 23:31:50 UTC 2013",
 "overview": "",
 "image":
  {"available_sizes":
    [[[150,
       150],
      "http://api-images.crunchbase.com/assets/images/resized/0023/4782/234782v2-max-150x150.png"],
     [[250,
       250],
      "http://api-images.crunchbase.com/assets/images/resized/0023/4782/234782v2-max-250x250.png"],
     [[450,
       450],
      "http://api-images.crunchbase.com/assets/images/resized/0023/4782/234782v2-max-450x450.png"]],
   "attribution": null},
 "products":
  [],
 "relationships":
  [],
 "competitions":
  [],
 "providerships":
  [],
 "total_money_raised": "$0",
 "funding_rounds":
  [],
 "investments":
  [],
 "acquisition": null,
 "acquisitions":
  [],
 "offices":
  [{"description": "Head",
    "address1": "Agias Sofias 80",
    "address2": "",
    "zip_code": "54634",
    "city": "Thessaloniki",
    "state_code": null,
    "country_code": "GRC",
    "latitude": 40.637794,
    "longitude": 22.949945}],
 "milestones":
  [],
 "ipo": null,
 "video_embeds":
  [],
 "screenshots":
  [],
 "external_links":
  [],
 "partners":
  []}
