{"name": "1PEL Inc.",
 "permalink": "1pel-inc",
 "crunchbase_url": "http://www.crunchbase.com/company/1pel-inc",
 "homepage_url": "http://1pel.co",
 "blog_url": "",
 "blog_feed_url": "",
 "twitter_username": null,
 "category_code": "advertising",
 "number_of_employees": 10,
 "founded_year": 2012,
 "founded_month": 10,
 "founded_day": 14,
 "deadpooled_year": null,
 "deadpooled_month": null,
 "deadpooled_day": null,
 "deadpooled_url": null,
 "tag_list": "",
 "alias_list": "",
 "email_address": "",
 "phone_number": "3104985457",
 "description": "",
 "created_at": "Fri Jan 11 09:51:38 UTC 2013",
 "updated_at": "Fri Apr 04 08:13:54 UTC 2014",
 "overview": "\u003Cp\u003EThe Pel (or pixel) is the building block of the digital age. Recognizing the potential embedded in each pixel, cookie, and line of code, 1PEL has created a single platform that harnesses the power of digital relevance to provide Multi Channel advertising services. 1PEL maximizes every ad dollar by tracking and adjusting to changing consumer behavior in real time.\u003C/p\u003E",
 "image":
  {"available_sizes":
    [[[150,
       116],
      "http://api-images.crunchbase.com/assets/images/resized/0022/9240/229240v2-max-150x150.png"],
     [[250,
       193],
      "http://api-images.crunchbase.com/assets/images/resized/0022/9240/229240v2-max-250x250.png"],
     [[450,
       348],
      "http://api-images.crunchbase.com/assets/images/resized/0022/9240/229240v2-max-450x450.png"]],
   "attribution": null},
 "products":
  [],
 "relationships":
  [],
 "competitions":
  [],
 "providerships":
  [],
 "total_money_raised": "$0",
 "funding_rounds":
  [],
 "investments":
  [],
 "acquisition": null,
 "acquisitions":
  [],
 "offices":
  [],
 "milestones":
  [],
 "ipo": null,
 "video_embeds":
  [],
 "screenshots":
  [],
 "external_links":
  [],
 "partners":
  []}
