{"name": "1st Capital Loans",
 "permalink": "1st-capital-loans",
 "crunchbase_url": "http://www.crunchbase.com/company/1st-capital-loans",
 "homepage_url": "http://www.1stCapitalLoans.com",
 "blog_url": "",
 "blog_feed_url": "",
 "twitter_username": null,
 "category_code": "other",
 "number_of_employees": 5,
 "founded_year": 2009,
 "founded_month": 1,
 "founded_day": 1,
 "deadpooled_year": null,
 "deadpooled_month": null,
 "deadpooled_day": null,
 "deadpooled_url": null,
 "tag_list": "",
 "alias_list": null,
 "email_address": "Support@1stCapitalLoans.com",
 "phone_number": "248-519-2461",
 "description": "Small Business Loans",
 "created_at": "Wed Feb 13 17:06:17 UTC 2013",
 "updated_at": "Sun Apr 14 06:20:50 UTC 2013",
 "overview": "\u003Cp\u003E1st Capital Loans is a business development firm focused on providing innovative small business financing and business development solutions to assist the small business owner with growing, developing and sustaining their business. \u003C/p\u003E",
 "image":
  {"available_sizes":
    [[[150,
       150],
      "http://api-images.crunchbase.com/assets/images/resized/0023/5676/235676v2-max-150x150.jpg"],
     [[250,
       250],
      "http://api-images.crunchbase.com/assets/images/resized/0023/5676/235676v2-max-250x250.jpg"],
     [[450,
       450],
      "http://api-images.crunchbase.com/assets/images/resized/0023/5676/235676v2-max-450x450.jpg"]],
   "attribution": null},
 "products":
  [],
 "relationships":
  [],
 "competitions":
  [],
 "providerships":
  [],
 "total_money_raised": "$0",
 "funding_rounds":
  [],
 "investments":
  [],
 "acquisition": null,
 "acquisitions":
  [],
 "offices":
  [{"description": "Executive Office",
    "address1": "900 Wilshire Drive, Suite 202",
    "address2": "",
    "zip_code": "48084",
    "city": "Troy",
    "state_code": "MI",
    "country_code": "USA",
    "latitude": null,
    "longitude": null}],
 "milestones":
  [],
 "ipo": null,
 "video_embeds":
  [],
 "screenshots":
  [],
 "external_links":
  [],
 "partners":
  []}
