{"name": "1stream",
 "permalink": "1stream",
 "crunchbase_url": "http://www.crunchbase.com/company/1stream",
 "homepage_url": "http://www.1stream.co.za",
 "blog_url": "http://www.1stream.co.za/news/",
 "blog_feed_url": "",
 "twitter_username": "1Stream_",
 "category_code": "public_relations",
 "number_of_employees": null,
 "founded_year": null,
 "founded_month": null,
 "founded_day": null,
 "deadpooled_year": null,
 "deadpooled_month": null,
 "deadpooled_day": null,
 "deadpooled_url": null,
 "tag_list": "hosted-contact-centre, telephony, contact-centre, hosted-telephony, contact-centre-technology, contact-centre-solutions, call-centre-software, cloud-computing, outsource",
 "alias_list": null,
 "email_address": "sales@1stream.co.za",
 "phone_number": "+27 87 351 5252",
 "description": "Call Centre Software Solutions",
 "created_at": "Thu Dec 13 10:45:10 UTC 2012",
 "updated_at": "Wed Dec 19 07:41:00 UTC 2012",
 "overview": "\u003Cp\u003E1Stream is a hosted contact centre service provider in South Africa. They offer hosted contact centre solutions \u0026amp; call centre management software, providing complete administrative as well as technical services.\u003C/p\u003E\n\n\u003Cp\u003E1Stream\u2019s Managed Contact Centre service provides a dedicated, premises-based contact centre, including complete system management, proactive remote monitoring, and the services of certified engineers \u2013 without any of the attendant  costs and administration issues. 1Stream also offers ongoing support and consulting services to help clients extract maximum value from their technology services.\u003C/p\u003E",
 "image":
  {"available_sizes":
    [[[150,
       46],
      "http://api-images.crunchbase.com/assets/images/resized/0022/5190/225190v2-max-150x150.png"],
     [[227,
       70],
      "http://api-images.crunchbase.com/assets/images/resized/0022/5190/225190v2-max-250x250.png"],
     [[227,
       70],
      "http://api-images.crunchbase.com/assets/images/resized/0022/5190/225190v2-max-450x450.png"]],
   "attribution": null},
 "products":
  [],
 "relationships":
  [],
 "competitions":
  [],
 "providerships":
  [],
 "total_money_raised": "$0",
 "funding_rounds":
  [],
 "investments":
  [],
 "acquisition": null,
 "acquisitions":
  [],
 "offices":
  [{"description": "Cape Town Offices",
    "address1": "2 Searle Street",
    "address2": "The Boulevard Office Park Ground floor, block F",
    "zip_code": "7925",
    "city": "Cape Town",
    "state_code": null,
    "country_code": "ZAF",
    "latitude": null,
    "longitude": null},
   {"description": "Johannesburg Offices",
    "address1": "62 Old Pretoria Road",
    "address2": "Continuity Junction, Midrand",
    "zip_code": "1682",
    "city": "Johannesburg",
    "state_code": null,
    "country_code": "ZAF",
    "latitude": null,
    "longitude": null}],
 "milestones":
  [],
 "ipo": null,
 "video_embeds":
  [],
 "screenshots":
  [],
 "external_links":
  [{"external_url": "http://companies.mybroadband.co.za/blog/2012/12/11/is-cuts-contact-centre-costs-by-45/",
    "title": ""},
   {"external_url": "http://en.starafrica.com/news/frost-sullivan-award-recognises-1strea-260040.html",
    "title": "1 Stream wins Frost-Sullivan award"}],
 "partners":
  []}
