{"name": "Paris By Scooter",
 "permalink": "2-wheel-tours",
 "crunchbase_url": "http://www.crunchbase.com/company/2-wheel-tours",
 "homepage_url": "http://www.parisbyscooter.com",
 "blog_url": "http://www.parisbyscooter.com/paris/paris-review-blog/",
 "blog_feed_url": "",
 "twitter_username": "2wheeltour",
 "category_code": "transportation",
 "number_of_employees": 1,
 "founded_year": 2011,
 "founded_month": 7,
 "founded_day": 1,
 "deadpooled_year": null,
 "deadpooled_month": null,
 "deadpooled_day": null,
 "deadpooled_url": null,
 "tag_list": "paris-scooter-vespa-sightseeing",
 "alias_list": null,
 "email_address": "paris@parisbyscooter.com",
 "phone_number": "",
 "description": "Paris Vespa Rentals \u0026 Tours",
 "created_at": "Thu Dec 13 12:08:47 UTC 2012",
 "updated_at": "Mon Feb 17 10:31:47 UTC 2014",
 "overview": "\u003Cp\u003EOne of the most unique and exciting way to explore a French city is on a Vespa scooter.Paris By Scooter offers the latest model vintage-styled Vespa scooter, directly deliver to your door in Paris and pick up where you want in Paris.\nThis company proposes a scooter rental service as well as several Paris sightseeing Tours of Paris and to versailles palace.\u003C/p\u003E\n\n\u003Cp\u003E4 Vespa Scooter Tours:\u003C/p\u003E\n\n\u003Cul\u003E\n\u003Cli\u003EParis Must see to discover paris in a half day\u003C/li\u003E\n\u003Cli\u003EParis in a day \u0026#8230;\u003C/li\u003E\n\u003Cli\u003EParis to Versailles and its countryside\u003C/li\u003E\n\u003Cli\u003EEmpire Tour : on the footsteps of Napoleon\u003C/li\u003E\n\u003C/ul\u003E\n\n\u003Cp\u003EThe Vespa tours and rental are booked online to avoid to waste time in an agency.\u003C/p\u003E",
 "image":
  {"available_sizes":
    [[[150,
       125],
      "http://api-images.crunchbase.com/assets/images/resized/0041/6307/416307v2-max-150x150.png"],
     [[215,
       180],
      "http://api-images.crunchbase.com/assets/images/resized/0041/6307/416307v2-max-250x250.png"],
     [[215,
       180],
      "http://api-images.crunchbase.com/assets/images/resized/0041/6307/416307v2-max-450x450.png"]],
   "attribution": null},
 "products":
  [],
 "relationships":
  [],
 "competitions":
  [],
 "providerships":
  [],
 "total_money_raised": "$0",
 "funding_rounds":
  [],
 "investments":
  [],
 "acquisition": null,
 "acquisitions":
  [],
 "offices":
  [{"description": "",
    "address1": "",
    "address2": "",
    "zip_code": "",
    "city": "Paris",
    "state_code": null,
    "country_code": "FRA",
    "latitude": null,
    "longitude": null}],
 "milestones":
  [],
 "ipo": null,
 "video_embeds":
  [],
 "screenshots":
  [],
 "external_links":
  [],
 "partners":
  []}
