{"name": "212 Labs",
 "permalink": "212-labs",
 "crunchbase_url": "http://www.crunchbase.com/company/212-labs",
 "homepage_url": "http://212labs.com",
 "blog_url": "http://blog.212labs.com",
 "blog_feed_url": "http://blog.212labs.com",
 "twitter_username": "212labs",
 "category_code": "enterprise",
 "number_of_employees": 2,
 "founded_year": 2012,
 "founded_month": 4,
 "founded_day": 16,
 "deadpooled_year": null,
 "deadpooled_month": null,
 "deadpooled_day": null,
 "deadpooled_url": null,
 "tag_list": "recruiting-technology, scheduling, interview-scheduling, startup-search-engine, search-engine",
 "alias_list": null,
 "email_address": "info@212labs.com",
 "phone_number": "(917) 426-5227",
 "description": "Recruiting technology startup",
 "created_at": "Wed Jan 23 23:15:16 UTC 2013",
 "updated_at": "Sun Apr 21 00:09:59 UTC 2013",
 "overview": "\u003Cp\u003E212 Labs is dedicated to improving the hiring process through technology.\u003C/p\u003E\n\n\u003Cp\u003E212 Labs currently has two products: Reschedge, which is an automated interview scheduling tool for recruiters, and StartupFindr, a search engine for finding startups.\u003C/p\u003E\n\n\u003Cp\u003E212 Labs was founded in April 2012 by Jonathan Kennell and Sandeep Jain.  \u003C/p\u003E",
 "image":
  {"available_sizes":
    [[[150,
       150],
      "http://api-images.crunchbase.com/assets/images/resized/0023/1290/231290v2-max-150x150.png"],
     [[250,
       250],
      "http://api-images.crunchbase.com/assets/images/resized/0023/1290/231290v2-max-250x250.png"],
     [[450,
       450],
      "http://api-images.crunchbase.com/assets/images/resized/0023/1290/231290v2-max-450x450.png"]],
   "attribution": null},
 "products":
  [],
 "relationships":
  [{"is_past": false,
    "title": "Co-founder",
    "person":
     {"first_name": "Jonathan",
      "last_name": "Kennell",
      "permalink": "jonathan-kennell"}},
   {"is_past": false,
    "title": "Co-founder",
    "person":
     {"first_name": "Sandeep",
      "last_name": "Jain",
      "permalink": "sandeep-jain"}},
   {"is_past": false,
    "title": "Director of Business Development",
    "person":
     {"first_name": "Nick",
      "last_name": "Bosch",
      "permalink": "nick-bosch"}}],
 "competitions":
  [],
 "providerships":
  [],
 "total_money_raised": "$0",
 "funding_rounds":
  [],
 "investments":
  [],
 "acquisition": null,
 "acquisitions":
  [],
 "offices":
  [{"description": "New York",
    "address1": "902 Broadway, Floor 6",
    "address2": "",
    "zip_code": "10010",
    "city": "New York",
    "state_code": "NY",
    "country_code": "USA",
    "latitude": 40.7394115,
    "longitude": -73.9895748}],
 "milestones":
  [],
 "ipo": null,
 "video_embeds":
  [{"embed_code": "\u003Ciframe width=\"560\" height=\"315\" src=\"//www.youtube.com/embed/-_eM_RiwgTE?version=3\u0026autohide=1\u0026wmode=transparent\u0026rel=0\" frameborder=\"0\" allowfullscreen\u003E\u003C/iframe\u003E",
    "description": "\u003Cp\u003EReschedge\u003C/p\u003E"}],
 "screenshots":
  [],
 "external_links":
  [],
 "partners":
  []}
