{"name": "24by7greetings.com",
 "permalink": "24by7greetings-com",
 "crunchbase_url": "http://www.crunchbase.com/company/24by7greetings-com",
 "homepage_url": "http://www.24by7greetings.com",
 "blog_url": "http://www.24by7greetings.com/ecards/birthday-wishes-family",
 "blog_feed_url": "http://www.24by7greetings.com/ecards/birthday-wishes",
 "twitter_username": null,
 "category_code": "public_relations",
 "number_of_employees": 50,
 "founded_year": 1980,
 "founded_month": 1,
 "founded_day": 10,
 "deadpooled_year": null,
 "deadpooled_month": null,
 "deadpooled_day": null,
 "deadpooled_url": null,
 "tag_list": "animated-greetings-cards, birthday-greeting-cards, free-birthday-cards-happy-birthday-e-cards, free-e-cards-for-birthday, happy-birthday-wishes-birthday-greetings, birthday-card, b-day-cards, birthday-greetings-cards-get-well-soon-greetings-card, get-well",
 "alias_list": null,
 "email_address": "albertdavid07@gmail.com",
 "phone_number": "",
 "description": "greetings cards",
 "created_at": "Tue Jan 01 11:20:27 UTC 2013",
 "updated_at": "Mon Jan 21 02:47:45 UTC 2013",
 "overview": "\u003Cp\u003ESend free online e cards, greetings card, free e cards, animated greetings cards, e cards with personalized messages for friends, family and near and dear ones on various occasions and events. \u003C/p\u003E",
 "image":
  {"available_sizes":
    [[[150,
       73],
      "http://api-images.crunchbase.com/assets/images/resized/0022/7546/227546v2-max-150x150.png"],
     [[250,
       122],
      "http://api-images.crunchbase.com/assets/images/resized/0022/7546/227546v2-max-250x250.png"],
     [[299,
       147],
      "http://api-images.crunchbase.com/assets/images/resized/0022/7546/227546v2-max-450x450.png"]],
   "attribution": null},
 "products":
  [],
 "relationships":
  [],
 "competitions":
  [],
 "providerships":
  [],
 "total_money_raised": "$0",
 "funding_rounds":
  [],
 "investments":
  [],
 "acquisition": null,
 "acquisitions":
  [],
 "offices":
  [],
 "milestones":
  [],
 "ipo": null,
 "video_embeds":
  [],
 "screenshots":
  [],
 "external_links":
  [],
 "partners":
  []}
