{"name": "24x7 Server Management",
 "permalink": "24x7-server-management",
 "crunchbase_url": "http://www.crunchbase.com/company/24x7-server-management",
 "homepage_url": "http://www.24x7servermanagement.com",
 "blog_url": "http://24x7servermanagement.com/blog/",
 "blog_feed_url": "",
 "twitter_username": "24x7servermgt",
 "category_code": "network_hosting",
 "number_of_employees": 50,
 "founded_year": 2007,
 "founded_month": 7,
 "founded_day": 22,
 "deadpooled_year": null,
 "deadpooled_month": null,
 "deadpooled_day": null,
 "deadpooled_url": null,
 "tag_list": "server-management, server-monitoring, server-security, server-optimizations, vps-hosting, server-hardening, web-hosting-support, server-support, website-monitoring, cpanel-server-management, direct-admin-server-management, plesk-server-management",
 "alias_list": null,
 "email_address": "sales@24x7servermanagement.com",
 "phone_number": "02532313625",
 "description": "Web Hosting Support, Server Security",
 "created_at": "Fri Mar 08 07:27:49 UTC 2013",
 "updated_at": "Fri Mar 08 07:30:15 UTC 2013",
 "overview": "\u003Cp\u003E24x7 Server Management is India\u0026#8217;s leading fully managed IT Services Provider equipped with a world-class support center. \u003C/p\u003E\n\n\u003Cp\u003EProfessional server security, server hardening and server optimization services for Linux Cpanel, Plesk and DirectAdmin shared \u0026amp; reseller hosting servers. Complete security analysis with 3rd party installation services provided by 24x7 Server Management. 24x7 Server Management offers fully managed Virtual Private Servers (VPS) at affordable rates. VPS hosting available on Xen and KVM platforms with standard configurations on powerful hardware nodes. Our support operations are available 24x7 - 365 days a year via ticket and live chat support. 100% satisfaction with 7 Days Money Back Guarantee.\u003C/p\u003E",
 "image":
  {"available_sizes":
    [[[150,
       150],
      "http://api-images.crunchbase.com/assets/images/resized/0024/0923/240923v2-max-150x150.jpg"],
     [[180,
       180],
      "http://api-images.crunchbase.com/assets/images/resized/0024/0923/240923v2-max-250x250.jpg"],
     [[180,
       180],
      "http://api-images.crunchbase.com/assets/images/resized/0024/0923/240923v2-max-450x450.jpg"]],
   "attribution": null},
 "products":
  [],
 "relationships":
  [],
 "competitions":
  [],
 "providerships":
  [],
 "total_money_raised": "$0",
 "funding_rounds":
  [],
 "investments":
  [],
 "acquisition": null,
 "acquisitions":
  [],
 "offices":
  [{"description": "24x7 Server Management",
    "address1": "3rd Floor,T-2 Chintamani Bldg, Above Fitness Point,",
    "address2": "Thatte Nagar, Ganagapur Road,",
    "zip_code": "4220013",
    "city": "Nashik",
    "state_code": null,
    "country_code": "IND",
    "latitude": null,
    "longitude": null}],
 "milestones":
  [],
 "ipo": null,
 "video_embeds":
  [],
 "screenshots":
  [],
 "external_links":
  [{"external_url": "http://www.24x7servermanagement.com/",
    "title": "24x7 Server Management "}],
 "partners":
  []}
