{"name": "26 Plays",
 "permalink": "26-plays",
 "crunchbase_url": "http://www.crunchbase.com/company/26-plays",
 "homepage_url": "http://www.26plays.com",
 "blog_url": "",
 "blog_feed_url": "",
 "twitter_username": "26plays",
 "category_code": "games_video",
 "number_of_employees": null,
 "founded_year": null,
 "founded_month": null,
 "founded_day": null,
 "deadpooled_year": null,
 "deadpooled_month": null,
 "deadpooled_day": null,
 "deadpooled_url": null,
 "tag_list": "video, playlist, collaborative",
 "alias_list": null,
 "email_address": "contact@26plays.com",
 "phone_number": "",
 "description": "Online free video playlist",
 "created_at": "Wed Mar 20 22:09:24 UTC 2013",
 "updated_at": "Thu Mar 28 08:31:34 UTC 2013",
 "overview": "\u003Cp\u003E26 Plays is a simple and free platform which aims to keep, play and share online video using playlists.\u003C/p\u003E\n\n\u003Cp\u003ECreate your online playlists with Youtube, Vimeo \u0026amp; Dailymotion videos, enjoy them and share them with your friends.\nYou can also set your playlists to be collaborative and enable your friends to add videos to your own playlists.\u003C/p\u003E",
 "image":
  {"available_sizes":
    [[[150,
       150],
      "http://api-images.crunchbase.com/assets/images/resized/0024/4092/244092v2-max-150x150.png"],
     [[200,
       200],
      "http://api-images.crunchbase.com/assets/images/resized/0024/4092/244092v2-max-250x250.png"],
     [[200,
       200],
      "http://api-images.crunchbase.com/assets/images/resized/0024/4092/244092v2-max-450x450.png"]],
   "attribution": null},
 "products":
  [],
 "relationships":
  [],
 "competitions":
  [],
 "providerships":
  [],
 "total_money_raised": "$0",
 "funding_rounds":
  [],
 "investments":
  [],
 "acquisition": null,
 "acquisitions":
  [],
 "offices":
  [],
 "milestones":
  [],
 "ipo": null,
 "video_embeds":
  [],
 "screenshots":
  [{"available_sizes":
     [[[150,
        52],
       "http://api-images.crunchbase.com/assets/images/resized/0024/6174/246174v2-max-150x150.png"],
      [[250,
        87],
       "http://api-images.crunchbase.com/assets/images/resized/0024/6174/246174v2-max-250x250.png"],
      [[450,
        157],
       "http://api-images.crunchbase.com/assets/images/resized/0024/6174/246174v2-max-450x450.png"]],
    "attribution": null}],
 "external_links":
  [],
 "partners":
  []}
