{"name": "2connect",
 "permalink": "2connect",
 "crunchbase_url": "http://www.crunchbase.com/company/2connect",
 "homepage_url": "http://2connect.jp",
 "blog_url": "",
 "blog_feed_url": "",
 "twitter_username": null,
 "category_code": "education",
 "number_of_employees": null,
 "founded_year": 2012,
 "founded_month": 12,
 "founded_day": 11,
 "deadpooled_year": null,
 "deadpooled_month": null,
 "deadpooled_day": null,
 "deadpooled_url": null,
 "tag_list": "education, web, technology, japan",
 "alias_list": null,
 "email_address": "info@2connect.jp",
 "phone_number": "09026771337",
 "description": "Awesome tech start-up",
 "created_at": "Thu Dec 13 05:32:37 UTC 2012",
 "updated_at": "Sun May 26 20:18:52 UTC 2013",
 "overview": "\u003Cp\u003E2connect is a young start-up, based in Tokyo, Japan. Currently developing an online service for hungry tourists in Japan.\u003C/p\u003E\n\n\u003Cp\u003EUsing proven technologies such as PHP in combination with emerging and upcoming technologies like Couchbase and HTML5, 2connect aims to deliver a near-native experience with their products.\u003C/p\u003E",
 "image":
  {"available_sizes":
    [[[150,
       150],
      "http://api-images.crunchbase.com/assets/images/resized/0022/8211/228211v2-max-150x150.jpg"],
     [[200,
       200],
      "http://api-images.crunchbase.com/assets/images/resized/0022/8211/228211v2-max-250x250.jpg"],
     [[200,
       200],
      "http://api-images.crunchbase.com/assets/images/resized/0022/8211/228211v2-max-450x450.jpg"]],
   "attribution": null},
 "products":
  [],
 "relationships":
  [{"is_past": false,
    "title": "CEO",
    "person":
     {"first_name": "Brian",
      "last_name": "de Heus",
      "permalink": "brian-de-heus"}},
   {"is_past": false,
    "title": "COO",
    "person":
     {"first_name": "Dean",
      "last_name": "Rainey",
      "permalink": "dean-rainey"}}],
 "competitions":
  [],
 "providerships":
  [],
 "total_money_raised": "$0",
 "funding_rounds":
  [],
 "investments":
  [],
 "acquisition": null,
 "acquisitions":
  [],
 "offices":
  [],
 "milestones":
  [],
 "ipo": null,
 "video_embeds":
  [],
 "screenshots":
  [],
 "external_links":
  [],
 "partners":
  []}
