{"name": "2Go Media",
 "permalink": "2go-media",
 "crunchbase_url": "http://www.crunchbase.com/company/2go-media",
 "homepage_url": "http://www.2gomedia.com",
 "blog_url": "",
 "blog_feed_url": "",
 "twitter_username": "2GoMedia",
 "category_code": null,
 "number_of_employees": null,
 "founded_year": null,
 "founded_month": null,
 "founded_day": null,
 "deadpooled_year": null,
 "deadpooled_month": null,
 "deadpooled_day": null,
 "deadpooled_url": null,
 "tag_list": "",
 "alias_list": "",
 "email_address": "",
 "phone_number": "877-785-7669",
 "description": "Internet technology company ",
 "created_at": "Fri Feb 01 10:41:10 UTC 2013",
 "updated_at": "Fri Feb 01 10:49:55 UTC 2013",
 "overview": "\u003Cp\u003E2GoMedia is a Fort Lauderdale-based Internet technology company offering an ecosystem of integrated services designed to help merchants maximize sales. The company\u2019s flagship product, The iDeals Marketing Platform\u2122, is a powerful self service marketing solution that equips businesses with unmatched data and functionality to significantly enhance interactions with existing as well as prospective customers. Through the iDeals Marketing Platform, retailers can develop and market their own unique coupons and flash deals, as well as manage loyalty programs.\u003C/p\u003E",
 "image":
  {"available_sizes":
    [[[150,
       39],
      "http://api-images.crunchbase.com/assets/images/resized/0023/2942/232942v1-max-150x150.jpg"],
     [[250,
       66],
      "http://api-images.crunchbase.com/assets/images/resized/0023/2942/232942v1-max-250x250.jpg"],
     [[290,
       77],
      "http://api-images.crunchbase.com/assets/images/resized/0023/2942/232942v1-max-450x450.jpg"]],
   "attribution": null},
 "products":
  [],
 "relationships":
  [{"is_past": false,
    "title": "President and COO",
    "person":
     {"first_name": "Ted",
      "last_name": "Mooney",
      "permalink": "ted-mooney"}},
   {"is_past": false,
    "title": "Chief Financial Officer",
    "person":
     {"first_name": "Robin",
      "last_name": "Segaul Lebowitz",
      "permalink": "robin-segaul-lebowitz"}},
   {"is_past": false,
    "title": "Local Operators",
    "person":
     {"first_name": "Joy",
      "last_name": "Jamon",
      "permalink": "joy-jamon"}}],
 "competitions":
  [],
 "providerships":
  [],
 "total_money_raised": "$0",
 "funding_rounds":
  [],
 "investments":
  [],
 "acquisition": null,
 "acquisitions":
  [],
 "offices":
  [{"description": "",
    "address1": "1500 Cordova Road Suite 302",
    "address2": "",
    "zip_code": "33316",
    "city": "Fort Lauderdale",
    "state_code": "FL",
    "country_code": "USA",
    "latitude": null,
    "longitude": null}],
 "milestones":
  [],
 "ipo": null,
 "video_embeds":
  [],
 "screenshots":
  [{"available_sizes":
     [[[150,
        120],
       "http://api-images.crunchbase.com/assets/images/resized/0023/2944/232944v1-max-150x150.jpg"],
      [[250,
        201],
       "http://api-images.crunchbase.com/assets/images/resized/0023/2944/232944v1-max-250x250.jpg"],
      [[450,
        362],
       "http://api-images.crunchbase.com/assets/images/resized/0023/2944/232944v1-max-450x450.jpg"]],
    "attribution": null}],
 "external_links":
  [],
 "partners":
  []}
