{"name": "360 Reputation, Inc.",
 "permalink": "360-reputation-inc",
 "crunchbase_url": "http://www.crunchbase.com/company/360-reputation-inc",
 "homepage_url": "http://www.360reputation.com",
 "blog_url": "",
 "blog_feed_url": "",
 "twitter_username": "360reputation",
 "category_code": "consulting",
 "number_of_employees": 6,
 "founded_year": 2008,
 "founded_month": null,
 "founded_day": null,
 "deadpooled_year": null,
 "deadpooled_month": null,
 "deadpooled_day": null,
 "deadpooled_url": null,
 "tag_list": "reputation, branding, seo",
 "alias_list": null,
 "email_address": "info@360reputation.com",
 "phone_number": "800-989-6920",
 "description": "",
 "created_at": "Thu Dec 20 18:06:53 UTC 2012",
 "updated_at": "Fri Dec 21 06:52:12 UTC 2012",
 "overview": "\u003Cp\u003E360 Reputation, Inc. provides Search Engine Reputation Management support and resources. \u003C/p\u003E\n\n\u003Cp\u003EReputation is a critical asset for businesses and individuals and in this See-Through-Age, it is important to analyze, influence and monitor it. \u003C/p\u003E\n\n\u003Cp\u003E360 Reputation can provide you with tools and tips to self-manage your reputation. Additional services available for businesses including PR, training, and monthly SEO.\u003C/p\u003E",
 "image":
  {"available_sizes":
    [[[100,
       45],
      "http://api-images.crunchbase.com/assets/images/resized/0022/6389/226389v2-max-150x150.jpg"],
     [[100,
       45],
      "http://api-images.crunchbase.com/assets/images/resized/0022/6389/226389v2-max-250x250.jpg"],
     [[100,
       45],
      "http://api-images.crunchbase.com/assets/images/resized/0022/6389/226389v2-max-450x450.jpg"]],
   "attribution": null},
 "products":
  [],
 "relationships":
  [{"is_past": false,
    "title": "Founder",
    "person":
     {"first_name": "Erika",
      "last_name": "von Hoyer",
      "permalink": "erika-von-hoyer"}}],
 "competitions":
  [],
 "providerships":
  [],
 "total_money_raised": "$0",
 "funding_rounds":
  [],
 "investments":
  [],
 "acquisition": null,
 "acquisitions":
  [],
 "offices":
  [],
 "milestones":
  [],
 "ipo": null,
 "video_embeds":
  [],
 "screenshots":
  [],
 "external_links":
  [],
 "partners":
  []}
