{"name": "360Candidate",
 "permalink": "360candidate",
 "crunchbase_url": "http://www.crunchbase.com/company/360candidate",
 "homepage_url": "http://www.360candidate.com",
 "blog_url": "",
 "blog_feed_url": "",
 "twitter_username": "360Candidate",
 "category_code": "enterprise",
 "number_of_employees": null,
 "founded_year": 2012,
 "founded_month": null,
 "founded_day": null,
 "deadpooled_year": null,
 "deadpooled_month": null,
 "deadpooled_day": null,
 "deadpooled_url": null,
 "tag_list": "saas, candidate, screening, recruiting",
 "alias_list": "",
 "email_address": "info@360candidate.com",
 "phone_number": "(310) 701-3661",
 "description": "SaaS candidate screening",
 "created_at": "Sat Mar 09 17:51:03 UTC 2013",
 "updated_at": "Fri Sep 20 22:31:52 UTC 2013",
 "overview": "\u003Cp\u003E360Candidate is a SaaS candidate screening solution that enables recruiters and hiring teams to make smarter, quicker decisions.  360Candidate allows companies to outsource the screening of up to 50 candidates per position resulting in robust individual profiles that can be socialized for feedback and ratings among a hiring team.  In addition, each recruiter is empowered to customize the information collected ranging from video and written responses to third party references to brag books to aggregation of social data to much more.  All collected information is stored in protected databases and accessible 24x7 on all platforms and devices.  No more scheduling, picking up the phone to screen/interview people, flying people around, etc. until you know much more about the candidate.  360Candidate saves time and money.\u003C/p\u003E",
 "image":
  {"available_sizes":
    [[[150,
       50],
      "http://api-images.crunchbase.com/assets/images/resized/0024/1409/241409v2-max-150x150.png"],
     [[237,
       79],
      "http://api-images.crunchbase.com/assets/images/resized/0024/1409/241409v2-max-250x250.png"],
     [[237,
       79],
      "http://api-images.crunchbase.com/assets/images/resized/0024/1409/241409v2-max-450x450.png"]],
   "attribution": null},
 "products":
  [],
 "relationships":
  [{"is_past": false,
    "title": "CEO",
    "person":
     {"first_name": "Andrew",
      "last_name": "Jacobson",
      "permalink": "andrew-jacobson"}}],
 "competitions":
  [],
 "providerships":
  [],
 "total_money_raised": "$0",
 "funding_rounds":
  [],
 "investments":
  [],
 "acquisition": null,
 "acquisitions":
  [],
 "offices":
  [{"description": "",
    "address1": "2767 Motor Ave",
    "address2": "",
    "zip_code": "90064",
    "city": "Los Angeles",
    "state_code": "CA",
    "country_code": "USA",
    "latitude": 34.0416164,
    "longitude": -118.403442}],
 "milestones":
  [],
 "ipo": null,
 "video_embeds":
  [{"embed_code": "\u003Ciframe width=\"420\" height=\"315\" src=\"http://www.youtube.com/embed/a_iL0SfOzjs\" frameborder=\"0\" allowfullscreen\u003E\u003C/iframe\u003E",
    "description": "\u003Cp\u003E360Candidate product demo\u003C/p\u003E"}],
 "screenshots":
  [{"available_sizes":
     [[[148,
        150],
       "http://api-images.crunchbase.com/assets/images/resized/0024/1279/241279v2-max-150x150.png"],
      [[246,
        250],
       "http://api-images.crunchbase.com/assets/images/resized/0024/1279/241279v2-max-250x250.png"],
      [[444,
        450],
       "http://api-images.crunchbase.com/assets/images/resized/0024/1279/241279v2-max-450x450.png"]],
    "attribution": null}],
 "external_links":
  [{"external_url": "http://www.hreonline.com/HRE/view/story.jhtml?id=534355874",
    "title": "The Road to 'Awesome'"},
   {"external_url": "http://tech.co/los-angeless-hottest-showcasing-startups-are-2013-09",
    "title": "LOS ANGELES\u2019S HOTTEST SHOWCASING STARTUPS ARE\u2026"},
   {"external_url": "http://tech.co/make-hiring-decisions-together-360candidate-2013-09",
    "title": "MAKE HIRING DECISIONS TOGETHER WITH 360CANDIDATE"}],
 "partners":
  []}
