{"name": "365Scores",
 "permalink": "365scores",
 "crunchbase_url": "http://www.crunchbase.com/company/365scores",
 "homepage_url": "http://biz.365scores.com",
 "blog_url": "http://blog.365scores.com/",
 "blog_feed_url": "http://blog.365scores.com/feed/",
 "twitter_username": "365scores",
 "category_code": "mobile",
 "number_of_employees": 15,
 "founded_year": null,
 "founded_month": null,
 "founded_day": null,
 "deadpooled_year": null,
 "deadpooled_month": null,
 "deadpooled_day": null,
 "deadpooled_url": null,
 "tag_list": "sports, app, mobile, android, iphone, scores, live",
 "alias_list": "",
 "email_address": "contact@365scores.com",
 "phone_number": "",
 "description": "",
 "created_at": "Tue Jan 29 04:13:52 UTC 2013",
 "updated_at": "Mon Jan 27 00:37:06 UTC 2014",
 "overview": "\u003Cp\u003E365Scores is a cross platform application that enables users to create their own Sport Channel on any device and in any language. \nIt provides users across the world, with the widest range of content: news, scores, tables, statistics, video highlights, \ngame predictions, talents tweets \u0026amp; posts, commentaries, gossips and game events.\u003C/p\u003E",
 "image":
  {"available_sizes":
    [[[150,
       150],
      "http://api-images.crunchbase.com/assets/images/resized/0023/2245/232245v3-max-150x150.png"],
     [[180,
       180],
      "http://api-images.crunchbase.com/assets/images/resized/0023/2245/232245v3-max-250x250.png"],
     [[180,
       180],
      "http://api-images.crunchbase.com/assets/images/resized/0023/2245/232245v3-max-450x450.png"]],
   "attribution": null},
 "products":
  [],
 "relationships":
  [{"is_past": false,
    "title": "Founder \u0026 CEO",
    "person":
     {"first_name": "Ami",
      "last_name": "Sirkis",
      "permalink": "ami-sirkis"}},
   {"is_past": false,
    "title": "CTO",
    "person":
     {"first_name": "Roe",
      "last_name": "Aharoni",
      "permalink": "roe-aharoni"}},
   {"is_past": false,
    "title": "VP R\u0026D",
    "person":
     {"first_name": "Roy",
      "last_name": "Hayumi",
      "permalink": "roy-hayumi"}},
   {"is_past": false,
    "title": "VP Marketing",
    "person":
     {"first_name": "Yevgeny",
      "last_name": "Brener",
      "permalink": "yevgeny-brener"}}],
 "competitions":
  [],
 "providerships":
  [],
 "total_money_raised": "$1.2M",
 "funding_rounds":
  [{"id": 35114,
    "round_code": "a",
    "source_url": "http://techcrunch.com/2013/01/28/365scores-secures-1-2m-series-a-round-puts-out-improved-iosandroid-app/",
    "source_description": "365Scores Secures $1.2M Series A Round, Puts Out Improved iOS/Android App",
    "raised_amount": 1200000.0,
    "raised_currency_code": "USD",
    "funded_year": 2013,
    "funded_month": 1,
    "funded_day": 28,
    "investments":
     [{"company": null,
       "financial_org":
        {"name": "Cedar Fund",
         "permalink": "cedar-fund"},
       "person": null}]}],
 "investments":
  [],
 "acquisition": null,
 "acquisitions":
  [],
 "offices":
  [{"description": "",
    "address1": "",
    "address2": "",
    "zip_code": "",
    "city": "",
    "state_code": null,
    "country_code": "USA",
    "latitude": null,
    "longitude": null},
   {"description": null,
    "address1": null,
    "address2": null,
    "zip_code": null,
    "city": "TEL AVIV",
    "state_code": "",
    "country_code": "ISR",
    "latitude": 32.066158,
    "longitude": 34.777819}],
 "milestones":
  [],
 "ipo": null,
 "video_embeds":
  [],
 "screenshots":
  [{"available_sizes":
     [[[84,
        150],
       "http://api-images.crunchbase.com/assets/images/resized/0038/5120/385120v2-max-150x150.png"],
      [[140,
        250],
       "http://api-images.crunchbase.com/assets/images/resized/0038/5120/385120v2-max-250x250.png"],
      [[253,
        450],
       "http://api-images.crunchbase.com/assets/images/resized/0038/5120/385120v2-max-450x450.png"]],
    "attribution": null}],
 "external_links":
  [],
 "partners":
  []}
