{"name": "3Crumbs",
 "permalink": "3crumbs",
 "crunchbase_url": "http://www.crunchbase.com/company/3crumbs",
 "homepage_url": "http://3crumbs.com",
 "blog_url": "http://about.3crumbs.com/blog/",
 "blog_feed_url": "",
 "twitter_username": "3Crumbs",
 "category_code": "mobile",
 "number_of_employees": 4,
 "founded_year": 2010,
 "founded_month": null,
 "founded_day": null,
 "deadpooled_year": null,
 "deadpooled_month": null,
 "deadpooled_day": null,
 "deadpooled_url": null,
 "tag_list": "mobile, shopping, thrift, local, social, app",
 "alias_list": null,
 "email_address": "support@3crumbs.com",
 "phone_number": "+919321023131",
 "description": "A smart social local shopping guide",
 "created_at": "Sat Feb 02 21:51:16 UTC 2013",
 "updated_at": "Thu Feb 21 12:46:35 UTC 2013",
 "overview": "\u003Cp\u003EInstantly find local cool buys around.\u003C/p\u003E\n\n\u003Cp\u003EAlso called it, Instagram for local buys.\u003C/p\u003E\n\n\u003Cp\u003EOften used by thrift spotters around the world. Spot interesting stuff sold nearby with friends and locals. Instantly share the cool buy you spotted or bought.\u003C/p\u003E\n\n\u003Cp\u003EFollow the tastemakers based on interests. Hobby stuff,Thrift , ingredients, apparel, automobile parts, home decor etc. anything that is uniquely spotted by you.\u003C/p\u003E\n\n\u003Cp\u003EGoogle app store link\nhttp://3crumbs.com/app\u003C/p\u003E",
 "image":
  {"available_sizes":
    [[[150,
       90],
      "http://api-images.crunchbase.com/assets/images/resized/0023/3207/233207v2-max-150x150.png"],
     [[250,
       150],
      "http://api-images.crunchbase.com/assets/images/resized/0023/3207/233207v2-max-250x250.png"],
     [[450,
       270],
      "http://api-images.crunchbase.com/assets/images/resized/0023/3207/233207v2-max-450x450.png"]],
   "attribution": null},
 "products":
  [],
 "relationships":
  [{"is_past": false,
    "title": "Founder",
    "person":
     {"first_name": "Siddharth",
      "last_name": "Menon",
      "permalink": "siddharth-menon"}},
   {"is_past": false,
    "title": "CEO",
    "person":
     {"first_name": "Anirudh",
      "last_name": "Khusape",
      "permalink": "anirudh-khusape"}}],
 "competitions":
  [],
 "providerships":
  [],
 "total_money_raised": "$0",
 "funding_rounds":
  [],
 "investments":
  [],
 "acquisition": null,
 "acquisitions":
  [],
 "offices":
  [{"description": "Borget Solutions",
    "address1": "07 Punit Plaza",
    "address2": "Sanpada",
    "zip_code": "400705",
    "city": "New Mumbai",
    "state_code": null,
    "country_code": "IND",
    "latitude": null,
    "longitude": null}],
 "milestones":
  [{"id": 30432,
    "description": "Launched JustMigrate to help migrate Posterous blogs to Tumblr in few clicks.\r\n\r\nJust in time tool helping millions of posterous users port their content. Justmigate trended on twitter in different parts of the world.",
    "stoned_year": 2014,
    "stoned_month": 2,
    "stoned_day": 18,
    "source_url": "http://techcrunch.com/2013/02/17/justmigrate-launches-to-move-posterous-blogs-to-tumblr-just-as-posterous-announces-imminent-end/",
    "source_text": null,
    "source_description": "JustMigrate Launches To Move Posterous Blogs To Tumblr Just As Posterous Announces Imminent End",
    "stoneable_type": "Company",
    "stoned_value": null,
    "stoned_value_type": null,
    "stoned_acquirer": null,
    "stoneable":
     {"name": "3Crumbs",
      "permalink": "3crumbs"}}],
 "ipo": null,
 "video_embeds":
  [],
 "screenshots":
  [{"available_sizes":
     [[[84,
        150],
       "http://api-images.crunchbase.com/assets/images/resized/0023/3204/233204v2-max-150x150.png"],
      [[140,
        250],
       "http://api-images.crunchbase.com/assets/images/resized/0023/3204/233204v2-max-250x250.png"],
      [[252,
        450],
       "http://api-images.crunchbase.com/assets/images/resized/0023/3204/233204v2-max-450x450.png"]],
    "attribution": null},
   {"available_sizes":
     [[[84,
        150],
       "http://api-images.crunchbase.com/assets/images/resized/0023/3205/233205v2-max-150x150.png"],
      [[140,
        250],
       "http://api-images.crunchbase.com/assets/images/resized/0023/3205/233205v2-max-250x250.png"],
      [[253,
        450],
       "http://api-images.crunchbase.com/assets/images/resized/0023/3205/233205v2-max-450x450.png"]],
    "attribution": null},
   {"available_sizes":
     [[[84,
        150],
       "http://api-images.crunchbase.com/assets/images/resized/0023/3206/233206v2-max-150x150.png"],
      [[140,
        250],
       "http://api-images.crunchbase.com/assets/images/resized/0023/3206/233206v2-max-250x250.png"],
      [[252,
        450],
       "http://api-images.crunchbase.com/assets/images/resized/0023/3206/233206v2-max-450x450.png"]],
    "attribution": null}],
 "external_links":
  [{"external_url": "https://play.google.com/store/apps/details?id=com.crumbs.main",
    "title": "Google Play Store"}],
 "partners":
  []}
