{"name": "3DLT.com",
 "permalink": "3dlt-com",
 "crunchbase_url": "http://www.crunchbase.com/company/3dlt-com",
 "homepage_url": null,
 "blog_url": null,
 "blog_feed_url": null,
 "twitter_username": null,
 "category_code": null,
 "number_of_employees": null,
 "founded_year": null,
 "founded_month": null,
 "founded_day": null,
 "deadpooled_year": null,
 "deadpooled_month": null,
 "deadpooled_day": null,
 "deadpooled_url": null,
 "tag_list": null,
 "alias_list": null,
 "email_address": null,
 "phone_number": null,
 "description": null,
 "created_at": "Wed Feb 06 00:51:10 UTC 2013",
 "updated_at": "Thu Feb 07 03:25:37 UTC 2013",
 "overview": null,
 "image": null,
 "products":
  [],
 "relationships":
  [{"is_past": false,
    "title": "CoFounder and Lead Industrial Designer",
    "person":
     {"first_name": "Patrick",
      "last_name": "Kiruki",
      "permalink": "patrick-kiruki"}},
   {"is_past": false,
    "title": "Founder",
    "person":
     {"first_name": "Pablo",
      "last_name": "Arellano Jr.",
      "permalink": "pablo-arellano-arellano-jr"}},
   {"is_past": false,
    "title": "Chief Marketing Officer",
    "person":
     {"first_name": "John",
      "last_name": "Hauer",
      "permalink": "john-hauer"}},
   {"is_past": false,
    "title": "Co-Founder",
    "person":
     {"first_name": "Macon",
      "last_name": "Speed",
      "permalink": "macon-speed"}},
   {"is_past": false,
    "title": "Cofounder",
    "person":
     {"first_name": "Brandon",
      "last_name": "Lipman",
      "permalink": "brandon-lipman"}},
   {"is_past": false,
    "title": "COO",
    "person":
     {"first_name": "Colin",
      "last_name": "Klayer",
      "permalink": "colin-klayer"}}],
 "competitions":
  [],
 "providerships":
  [],
 "total_money_raised": "$0",
 "funding_rounds":
  [],
 "investments":
  [],
 "acquisition": null,
 "acquisitions":
  [],
 "offices":
  [],
 "milestones":
  [],
 "ipo": null,
 "video_embeds":
  [],
 "screenshots":
  [],
 "external_links":
  [],
 "partners":
  []}
