{"name": "3iDataScraping",
 "permalink": "3idatascraping",
 "crunchbase_url": "http://www.crunchbase.com/company/3idatascraping",
 "homepage_url": "http://www.3idatascraping.com",
 "blog_url": "http://www.3idatascraping.blogspot.com",
 "blog_feed_url": "",
 "twitter_username": "3idatascraping",
 "category_code": "software",
 "number_of_employees": 10,
 "founded_year": null,
 "founded_month": null,
 "founded_day": null,
 "deadpooled_year": null,
 "deadpooled_month": null,
 "deadpooled_day": null,
 "deadpooled_url": null,
 "tag_list": "data-scraping, web-scraping, website-data-scraping, scrape-data-from-website",
 "alias_list": "",
 "email_address": "info@3idatascraping.com",
 "phone_number": "+1 (415) 363 0890",
 "description": "India Based Data Scraping Company ",
 "created_at": "Sat Jan 05 06:54:00 UTC 2013",
 "updated_at": "Sat Feb 08 23:14:23 UTC 2014",
 "overview": "\u003Cp\u003E3iDataScraping is an India Based Data Scraping Company. We offer broad spectrum of data scraping \u0026amp; web scraping services. We cater our accurate services to International as well as National clients since last 5 Years. \u003C/p\u003E\n\n\u003Cp\u003EOur Data Scraping Services includes:\u003C/p\u003E\n\n\u003Cp\u003E\u2022 Facebook Scraping\n\u2022 Scraping LinkedIn Data\n\u2022 eBay Auction Scraping\n\u2022 Trip Advisor Data Scraping\n\u2022 Yelp Website Scraping\n\u2022 Yell Website Scraping\n\u2022 Scrape Product Details From E commerce\n\u2022 AngiesList Contractor Scraping\n\u2022 Google Maps Scraping\n\u2022 Google Search Result Scraping\n\u2022 Business Contact List Scraping\n\u2022 Scrape Lawyers and Attorney Emails\n\u2022 Scrape Restaurants and Bars List\n\u2022 Scraping Real Estate Website\u003C/p\u003E\n\n\u003Cp\u003EPlease feel free, to ask for demo, samples and quotes. We shall be glad to serve you with our expertise.\u003C/p\u003E\n\n\u003Cp\u003EEmail us on : info@3idatascraping.com\u003C/p\u003E",
 "image": null,
 "products":
  [],
 "relationships":
  [],
 "competitions":
  [],
 "providerships":
  [],
 "total_money_raised": "$0",
 "funding_rounds":
  [],
 "investments":
  [],
 "acquisition": null,
 "acquisitions":
  [],
 "offices":
  [],
 "milestones":
  [],
 "ipo": null,
 "video_embeds":
  [{"embed_code": "\u003Ciframe width=\"420\" height=\"315\" src=\"//www.youtube.com/embed/pVsMnBcEmJM\" frameborder=\"0\" allowfullscreen\u003E\u003C/iframe\u003E",
    "description": "\u003Cp\u003Ehttp://www.3iDataScraping.Com - India based trusted web data scraping services company provide affordable scraping website data services. To know more about send email at info@3idatascraping.com\u003C/p\u003E"}],
 "screenshots":
  [],
 "external_links":
  [{"external_url": "http://www.3idatascraping.com/web-scraping-service.php",
    "title": "Web Scraping Services "},
   {"external_url": "http://www.3idatascraping.com/data-scraping-service.php",
    "title": "Data Scraping Services"}],
 "partners":
  []}
