{"name": "3pietro",
 "permalink": "3pietro",
 "crunchbase_url": "http://www.crunchbase.com/company/3pietro",
 "homepage_url": "http://3pietro.com",
 "blog_url": "",
 "blog_feed_url": "",
 "twitter_username": "3pietropl",
 "category_code": "other",
 "number_of_employees": 3,
 "founded_year": 2003,
 "founded_month": null,
 "founded_day": null,
 "deadpooled_year": null,
 "deadpooled_month": null,
 "deadpooled_day": null,
 "deadpooled_url": null,
 "tag_list": "",
 "alias_list": null,
 "email_address": "gp.3pietro@gmail.com",
 "phone_number": "",
 "description": "professional photographer",
 "created_at": "Wed Mar 27 12:47:19 UTC 2013",
 "updated_at": "Wed Mar 27 12:47:26 UTC 2013",
 "overview": "",
 "image":
  {"available_sizes":
    [[[150,
       58],
      "http://api-images.crunchbase.com/assets/images/resized/0024/5912/245912v2-max-150x150.jpg"],
     [[250,
       98],
      "http://api-images.crunchbase.com/assets/images/resized/0024/5912/245912v2-max-250x250.jpg"],
     [[450,
       176],
      "http://api-images.crunchbase.com/assets/images/resized/0024/5912/245912v2-max-450x450.jpg"]],
   "attribution": null},
 "products":
  [],
 "relationships":
  [],
 "competitions":
  [],
 "providerships":
  [],
 "total_money_raised": "$0",
 "funding_rounds":
  [],
 "investments":
  [],
 "acquisition": null,
 "acquisitions":
  [],
 "offices":
  [],
 "milestones":
  [],
 "ipo": null,
 "video_embeds":
  [],
 "screenshots":
  [],
 "external_links":
  [{"external_url": "http://3pietro.com",
    "title": "fotograf opole"}],
 "partners":
  []}
