{"name": "3rd Sensation",
 "permalink": "3rd-sensation",
 "crunchbase_url": "http://www.crunchbase.com/company/3rd-sensation",
 "homepage_url": "http://www.thirdsensation.com",
 "blog_url": "",
 "blog_feed_url": "",
 "twitter_username": "3rdSensation",
 "category_code": "games_video",
 "number_of_employees": 10,
 "founded_year": 2012,
 "founded_month": 6,
 "founded_day": null,
 "deadpooled_year": null,
 "deadpooled_month": null,
 "deadpooled_day": null,
 "deadpooled_url": null,
 "tag_list": "video, entertainment, mobile, 3rd, sensation",
 "alias_list": null,
 "email_address": "duane.mccray@3rdsensation.com",
 "phone_number": "804-",
 "description": "",
 "created_at": "Sun Jan 13 20:19:30 UTC 2013",
 "updated_at": "Fri Apr 12 13:41:12 UTC 2013",
 "overview": "\u003Cp\u003EThe 3rd Sensation phone app uses the latest internet techniques and phone technology to add vibration to your videos. A typical phone video affects the capacity of the human senses in two ways, the sense of sight and sense of hearing. Now you can add a third sensation to your video, the sense of touch!\nThe 3rd Sensation suite is comprised of three main components formatted on the Apple platform. The first is the \u201c3rd Sensation Viewer\u201d phone app, which is used to watch and feel your video on the iPhone. We will offer a Droid Platform \u201c3rd Sensation Viewer\u201d app at a later date. The second is the \u201c3rd Sensation Developer\u201d, which is a Mac PC app based on the Lion OS. The 3rd Sensation Developer is used to define the timing points for the vibration events during your video so you can achieve the most dramatic effect of sight, sound and the third sensation of feeling the video action. Later this summer we will offer a Microsoft PC OS version for the\u201c3rd Sensation Developer\u201d. The third component of the 3rd Sensation suite is the \u201c3rd Sensation Host Driver\u201d. This web site component integrates the phone and internet to achieve a high impact on the senses. \u003C/p\u003E\n\n\u003Cp\u003EThird Sensation \u00a9 is owned by McCray Media Works, LLC, a Virginia limited liability company headquartered in Richmond, Virginia. The brainchild of founders, Keith and Duane McCray, the company was formed in June 2012. The company is run by its founders and led by an executive committee of techies, marketing professionals, designers, lawyers, investors relations professionals and accountants.\n   McCray Media Works, LLC received approval for its Third Sensation iPhone App in 2012 and has uploaded its newest version 1.1 which is available for purchase.\n   The company is developing this proprietary technology to be delivered on a variety of platforms and servers.\u003C/p\u003E",
 "image":
  {"available_sizes":
    [[[150,
       99],
      "http://api-images.crunchbase.com/assets/images/resized/0022/9505/229505v2-max-150x150.png"],
     [[250,
       166],
      "http://api-images.crunchbase.com/assets/images/resized/0022/9505/229505v2-max-250x250.png"],
     [[320,
       213],
      "http://api-images.crunchbase.com/assets/images/resized/0022/9505/229505v2-max-450x450.png"]],
   "attribution": null},
 "products":
  [],
 "relationships":
  [{"is_past": false,
    "title": "Chief Visionary Officer, Chairman",
    "person":
     {"first_name": "Keith",
      "last_name": "McCray",
      "permalink": "keith-mccray"}},
   {"is_past": false,
    "title": "CEO",
    "person":
     {"first_name": "Duane",
      "last_name": "McCray",
      "permalink": "duane-mccray"}},
   {"is_past": false,
    "title": "Chief Web \u0026 Marketing Officer, Senior VP",
    "person":
     {"first_name": "Adrianne",
      "last_name": "White",
      "permalink": "adrianne-white"}},
   {"is_past": false,
    "title": "Chief Operation Officer \u0026 Senior VP",
    "person":
     {"first_name": "Delmont",
      "last_name": "Jones",
      "permalink": "delmont-jones"}},
   {"is_past": false,
    "title": "President",
    "person":
     {"first_name": "Grayson",
      "last_name": "Smith",
      "permalink": "grayson-smith"}}],
 "competitions":
  [],
 "providerships":
  [],
 "total_money_raised": "$0",
 "funding_rounds":
  [],
 "investments":
  [],
 "acquisition": null,
 "acquisitions":
  [],
 "offices":
  [{"description": "3rd Sensation",
    "address1": "P.O. BOX 27931",
    "address2": "",
    "zip_code": "23261",
    "city": "Richmond",
    "state_code": "VA",
    "country_code": "USA",
    "latitude": null,
    "longitude": null}],
 "milestones":
  [{"id": 32664,
    "description": "McCray Media Works Launches 3rd Sensation Player Exclusively on the App Store for iPhone, iPad \u0026 iPod touch\r\n\r\nRichmond, VA - April 12, 2013 - Mobile video tech company McCray Media Works LLC is proud to announce the release of their 3rd Sensation Player ",
    "stoned_year": 2013,
    "stoned_month": 4,
    "stoned_day": 12,
    "source_url": "http://www.thirdsensation.com",
    "source_text": null,
    "source_description": ".",
    "stoneable_type": "Company",
    "stoned_value": null,
    "stoned_value_type": null,
    "stoned_acquirer": null,
    "stoneable":
     {"name": "3rd Sensation",
      "permalink": "3rd-sensation"}}],
 "ipo": null,
 "video_embeds":
  [],
 "screenshots":
  [],
 "external_links":
  [],
 "partners":
  []}
