{"name": "3Teck Engineering",
 "permalink": "3teck-engineering",
 "crunchbase_url": "http://www.crunchbase.com/company/3teck-engineering",
 "homepage_url": "http://www.indiamart.com/confectionarypackagingmachine",
 "blog_url": "",
 "blog_feed_url": "",
 "twitter_username": "IndiaMART",
 "category_code": "other",
 "number_of_employees": null,
 "founded_year": null,
 "founded_month": null,
 "founded_day": null,
 "deadpooled_year": null,
 "deadpooled_month": null,
 "deadpooled_day": null,
 "deadpooled_url": null,
 "tag_list": "",
 "alias_list": null,
 "email_address": "confectionarypackagingmachine@tradepassport.org",
 "phone_number": "9920887547",
 "description": "manufacturer, supplier and exporter",
 "created_at": "Thu Apr 04 14:56:02 UTC 2013",
 "updated_at": "Thu Apr 04 14:56:07 UTC 2013",
 "overview": "\u003Cp\u003EFor the last few years, we are offering our clients a wide range of Confectionery Packaging Machinery. We deal in the manufacturing and supplying of Packing \u0026amp; Wrapping Machines. We develop variety of Machines suitable for varied requirements with inbuilt various features, which makes devices easy to use \u0026amp; comfortable to work with.\u003C/p\u003E\n\n\u003Cp\u003EOur Team:\n    Experienced professionals\n    Quality experts\n    Sales and marketing executives\n    Administrators\u003C/p\u003E\n\n\u003Cp\u003EOur Infrastructure:\nWe have developed a sophisticated infrastructure, which is spread over a vast area of land and results in completing all our trade tasks, under a single roof. In addition to this, we have installed latest machines and tools, which helps us in accomplishing all our tasks in a hassle free manner.\u003C/p\u003E\n\n\u003Cp\u003EQuality Assurance:\nBeing a quality conscious organization, we focus towards offering superior quality products to the customers. While manufacturing these products, our professionals strictly follow the established norms and standards of the industry.\u003C/p\u003E\n\n\u003Cp\u003EResearch and Development:\nIn the process of expanding our market opportunities across the globe it becomes mandatory to understand the needs of the industry. To achieve the goal , we have put the efforts to work and meet the essential product requirement of our clients. As per the changing trends , we come up with the most suited solution for obsolete system that have to be replaced or geared up for enhanced productivity.\u003C/p\u003E\n\n\u003Cp\u003EClient Satisfaction:\nAbiding by the ethical norms of the industry, we strive hard to attain the maximum satisfaction level of the patrons. We ensure that all the products offered by are manufactured in compliance with industry set standards and available at market leading prices.\u003C/p\u003E",
 "image":
  {"available_sizes":
    [[[125,
       125],
      "http://api-images.crunchbase.com/assets/images/resized/0024/8001/248001v2-max-150x150.jpg"],
     [[125,
       125],
      "http://api-images.crunchbase.com/assets/images/resized/0024/8001/248001v2-max-250x250.jpg"],
     [[125,
       125],
      "http://api-images.crunchbase.com/assets/images/resized/0024/8001/248001v2-max-450x450.jpg"]],
   "attribution": null},
 "products":
  [],
 "relationships":
  [],
 "competitions":
  [],
 "providerships":
  [],
 "total_money_raised": "$0",
 "funding_rounds":
  [],
 "investments":
  [],
 "acquisition": null,
 "acquisitions":
  [],
 "offices":
  [],
 "milestones":
  [],
 "ipo": null,
 "video_embeds":
  [],
 "screenshots":
  [],
 "external_links":
  [],
 "partners":
  []}
