{"name": "4692.ME",
 "permalink": "4692-me",
 "crunchbase_url": "http://www.crunchbase.com/company/4692-me",
 "homepage_url": "http://www.4692.me",
 "blog_url": "http://blog.4692.me",
 "blog_feed_url": "",
 "twitter_username": "4692me",
 "category_code": "web",
 "number_of_employees": 12,
 "founded_year": null,
 "founded_month": null,
 "founded_day": null,
 "deadpooled_year": null,
 "deadpooled_month": null,
 "deadpooled_day": null,
 "deadpooled_url": null,
 "tag_list": "4692, 4692-me, knowledge-360, social, media, facebook, twitter, tumblr, youtube, dashboard, smms",
 "alias_list": null,
 "email_address": "info@4692.me",
 "phone_number": "",
 "description": "Social Media Integration Application",
 "created_at": "Fri Feb 01 08:45:51 UTC 2013",
 "updated_at": "Sun Feb 03 06:50:29 UTC 2013",
 "overview": "\u003Cp\u003E4692.ME is an application which enables everyone to leverage their social content to create One-Stop Digital Webfront. Build on Next Generation HnyB Application Platform, 4692.ME provides a clean interface for every one to create their own Converged Social Reflection at no cost.\u003C/p\u003E\n\n\u003Cp\u003E4692.ME is created by Knowledge 360 (http://www.crunchbase.com/company/knowledge-360), which has got an expertise in creating cutting edge Social Technologies. Knowledge 360 facilitates technology development and also develops innovative Applications as per continually-changing Information \u0026amp; Communication Technology environments.\u003C/p\u003E\n\n\u003Cp\u003E4692 is an aggregation of innovations with focus on user experience (UX) consistency across multiple access devices or platforms. Further it is aggregation of technology best practices on one hand while it converges state of the art cutting edge technologies on the other. \u003C/p\u003E\n\n\u003Cp\u003E4692 makes social media more effective and convenient for all, whether a seasoned social networker or a newbie surfing shallow water of social media. It makes harvesting of social networking power a breeze by removing complexity associated with managing multiple social networks and making process of engaging with connections across diverse social media channels intuitive. \u003C/p\u003E\n\n\u003Cp\u003E4692 allows a subscriber to manage all routine activities on different subscribed social networks from one place. It provides great ease and flexibility in creating, posting, commenting, and sharing content. 4692 is also a gateway to user content and activity on social sites. Acting as an user\u0026#8217;s personal home page 4692 provides a fully customizable interface both for administration and to display social media activity in real-time across all the subscribed networks.\u003C/p\u003E\n\n\u003Cp\u003E4692, an innovation of massive proportion is powered by HnyB Platform and leverages all positives of HnyB tools as well as Social Networking philosophy while removing various gaps existing in present methods.\u003C/p\u003E",
 "image":
  {"available_sizes":
    [[[149,
       150],
      "http://api-images.crunchbase.com/assets/images/resized/0023/2927/232927v2-max-150x150.png"],
     [[248,
       250],
      "http://api-images.crunchbase.com/assets/images/resized/0023/2927/232927v2-max-250x250.png"],
     [[368,
       370],
      "http://api-images.crunchbase.com/assets/images/resized/0023/2927/232927v2-max-450x450.png"]],
   "attribution": null},
 "products":
  [],
 "relationships":
  [{"is_past": false,
    "title": "Mr.",
    "person":
     {"first_name": "Deepak",
      "last_name": "Pareek",
      "permalink": "deepak-pareek-2"}}],
 "competitions":
  [],
 "providerships":
  [],
 "total_money_raised": "$0",
 "funding_rounds":
  [],
 "investments":
  [],
 "acquisition": null,
 "acquisitions":
  [],
 "offices":
  [{"description": "",
    "address1": "A 604, S G Highway,",
    "address2": "Titanium Square,",
    "zip_code": "380054",
    "city": "Ahmedabad",
    "state_code": null,
    "country_code": "IND",
    "latitude": null,
    "longitude": null}],
 "milestones":
  [],
 "ipo": null,
 "video_embeds":
  [],
 "screenshots":
  [{"available_sizes":
     [[[150,
        69],
       "http://api-images.crunchbase.com/assets/images/resized/0023/2926/232926v2-max-150x150.jpg"],
      [[250,
        116],
       "http://api-images.crunchbase.com/assets/images/resized/0023/2926/232926v2-max-250x250.jpg"],
      [[450,
        209],
       "http://api-images.crunchbase.com/assets/images/resized/0023/2926/232926v2-max-450x450.jpg"]],
    "attribution": null}],
 "external_links":
  [],
 "partners":
  []}
