{"name": "4AllCards",
 "permalink": "4allcards",
 "crunchbase_url": "http://www.crunchbase.com/company/4allcards",
 "homepage_url": "http://www.4allcards.com",
 "blog_url": "",
 "blog_feed_url": "",
 "twitter_username": "4AllCards",
 "category_code": "ecommerce",
 "number_of_employees": null,
 "founded_year": 2005,
 "founded_month": null,
 "founded_day": null,
 "deadpooled_year": null,
 "deadpooled_month": null,
 "deadpooled_day": null,
 "deadpooled_url": null,
 "tag_list": "greeting-cards, birthday-cards, , christmas-cards-social-stationary, ecommerce",
 "alias_list": null,
 "email_address": "",
 "phone_number": "",
 "description": "Online Greeting Card Sales",
 "created_at": "Wed Feb 13 12:40:45 UTC 2013",
 "updated_at": "Thu Feb 14 05:41:05 UTC 2013",
 "overview": "\u003Cp\u003E4AllCards is an online greeting card company, they offer a wide selection of greetings cards and social stationary, including \u2013 birthday cards, Christmas cards, invitations, thank you cards and notes, gift wrap, and much more.\u003C/p\u003E\n\n\u003Cp\u003EThey also offer a greetings card personalisation and delivery service.\u003C/p\u003E",
 "image":
  {"available_sizes":
    [[[150,
       150],
      "http://api-images.crunchbase.com/assets/images/resized/0023/5616/235616v2-max-150x150.jpg"],
     [[250,
       250],
      "http://api-images.crunchbase.com/assets/images/resized/0023/5616/235616v2-max-250x250.jpg"],
     [[300,
       300],
      "http://api-images.crunchbase.com/assets/images/resized/0023/5616/235616v2-max-450x450.jpg"]],
   "attribution": null},
 "products":
  [],
 "relationships":
  [],
 "competitions":
  [],
 "providerships":
  [],
 "total_money_raised": "$0",
 "funding_rounds":
  [],
 "investments":
  [],
 "acquisition": null,
 "acquisitions":
  [],
 "offices":
  [],
 "milestones":
  [],
 "ipo": null,
 "video_embeds":
  [],
 "screenshots":
  [],
 "external_links":
  [],
 "partners":
  []}
