{"name": "4AutoInsuranceQuote",
 "permalink": "4autoinsurancequote",
 "crunchbase_url": "http://www.crunchbase.com/company/4autoinsurancequote",
 "homepage_url": "http://www.4autoinsurancequote.com",
 "blog_url": "http://www.4autoinsurancequote.com/blog/",
 "blog_feed_url": "http://www.4autoinsurancequote.com/feed",
 "twitter_username": "4insurenet",
 "category_code": "web",
 "number_of_employees": 3,
 "founded_year": 2009,
 "founded_month": 1,
 "founded_day": 3,
 "deadpooled_year": null,
 "deadpooled_month": null,
 "deadpooled_day": null,
 "deadpooled_url": null,
 "tag_list": "auto-insurance, insurance, auto-insurance-quotes, car-insurance, new-york, nyc, new-york-auto-insurance",
 "alias_list": null,
 "email_address": "webmaster@4autoinsurancequote.com",
 "phone_number": "4015807272",
 "description": "Auto insurance quote provider.",
 "created_at": "Mon Mar 25 17:41:44 UTC 2013",
 "updated_at": "Mon Sep 16 20:36:10 UTC 2013",
 "overview": "\u003Cp\u003E4AutoInsuranceQuote.com is an automobile insurance quote provider located in New York City.\u003C/p\u003E\n\n\u003Cp\u003E4AutoInsuranceQuote.com, founded in early 2009 by internet entrepreneurs James Shaffer and Andrew Maksymowicz, provides free insurance quotes and price comparisons for United States users.  4AutoInsuranceQuote.com offers free content for its visitors helping them learn more about auto insurance and how to save on premium rates.  \u003C/p\u003E\n\n\u003Cp\u003EAll articles and blog posts on the 4AutoInsuranceQuote.com website are written by experts in the field, including insurance brokers/agents.  \u003C/p\u003E\n\n\u003Cp\u003EThe 4AutoInsuranceQuote.com quote provider tool was hand coded by the 4AutoInsuranceQuote.com development team in collaboration with some of the top insurance providers in America.\u003C/p\u003E",
 "image":
  {"available_sizes":
    [[[150,
       60],
      "http://api-images.crunchbase.com/assets/images/resized/0024/5368/245368v2-max-150x150.jpg"],
     [[250,
       100],
      "http://api-images.crunchbase.com/assets/images/resized/0024/5368/245368v2-max-250x250.jpg"],
     [[450,
       180],
      "http://api-images.crunchbase.com/assets/images/resized/0024/5368/245368v2-max-450x450.jpg"]],
   "attribution": null},
 "products":
  [],
 "relationships":
  [{"is_past": true,
    "title": "Founder",
    "person":
     {"first_name": "James",
      "last_name": "Shaffer",
      "permalink": "james-shaffer"}}],
 "competitions":
  [{"competitor":
     {"name": "CarInsuranceCalculator.info",
      "permalink": "carinsurancecalculator-info"}},
   {"competitor":
     {"name": "CarInsurance.com",
      "permalink": "carinsurance-com"}},
   {"competitor":
     {"name": "InsuranceAgents.com",
      "permalink": "insuranceagents-com"}},
   {"competitor":
     {"name": "Insurance.com",
      "permalink": "insurance-com"}}],
 "providerships":
  [{"title": "",
    "is_past": false,
    "provider":
     {"name": "PRWeb.com",
      "permalink": "prweb-com"}}],
 "total_money_raised": "$0",
 "funding_rounds":
  [],
 "investments":
  [],
 "acquisition": null,
 "acquisitions":
  [],
 "offices":
  [{"description": "4AutoInsuranceQuote.com",
    "address1": "340 E 29th St #14c",
    "address2": "",
    "zip_code": "10016",
    "city": "New York",
    "state_code": "NY",
    "country_code": "USA",
    "latitude": null,
    "longitude": null}],
 "milestones":
  [],
 "ipo": null,
 "video_embeds":
  [],
 "screenshots":
  [{"available_sizes":
     [[[150,
        107],
       "http://api-images.crunchbase.com/assets/images/resized/0024/5367/245367v2-max-150x150.png"],
      [[250,
        178],
       "http://api-images.crunchbase.com/assets/images/resized/0024/5367/245367v2-max-250x250.png"],
      [[450,
        321],
       "http://api-images.crunchbase.com/assets/images/resized/0024/5367/245367v2-max-450x450.png"]],
    "attribution": null}],
 "external_links":
  [{"external_url": "http://www.facebook.com/4autoinsurancequote",
    "title": "Facebook"},
   {"external_url": "http://pinterest.com/4autoinsurance",
    "title": "Pinterest"},
   {"external_url": "http://www.linkedin.com/company/4autoinsurancequote-com",
    "title": "Linkedin"},
   {"external_url": "https://plus.google.com/102331827192285582212",
    "title": "Google Plus"},
   {"external_url": "http://instagram.com/4autoinsurancequote",
    "title": "Instagram"}],
 "partners":
  []}
