{"name": "4DIQ",
 "permalink": "4diq",
 "crunchbase_url": "http://www.crunchbase.com/company/4diq",
 "homepage_url": "http://www.4diq.com",
 "blog_url": "http://www.data-to-decisions.com",
 "blog_feed_url": "http://www.data-to-decisions.com/syndication.axd?format=rss",
 "twitter_username": "4DIQ",
 "category_code": "software",
 "number_of_employees": 6,
 "founded_year": 2011,
 "founded_month": 12,
 "founded_day": 1,
 "deadpooled_year": null,
 "deadpooled_month": null,
 "deadpooled_day": null,
 "deadpooled_url": null,
 "tag_list": "business-analytics, dashboards, reporting, analysis-software, data-integration, big-data, saas-business-analytics, saas-data-integration",
 "alias_list": null,
 "email_address": "info@4diq.com",
 "phone_number": "646-535-4347",
 "description": "Data integration and analytics",
 "created_at": "Fri Dec 14 21:08:59 UTC 2012",
 "updated_at": "Fri Jul 12 21:59:03 UTC 2013",
 "overview": "\u003Cp\u003ESimple, powerful, and cost-effective software for data integration and business analytics.\u003C/p\u003E\n\n\u003Cp\u003EData is one of the most valuable assets of a business, and is now spread among various applications and databases, locally and remotely. Businesses must have timely access to a single unified view of their data in order to perform analysis, deploy dashboards, and generate a broad range of reports. The mission of 4DIQ is to produce and deliver innovative data integration and analytics software to small and medium-sized enterprises that is simple, powerful, and cost-effective. The software is distributed using a SaaS subscription-based model with monthly pricing and an annual contract. \u003C/p\u003E",
 "image":
  {"available_sizes":
    [[[150,
       66],
      "http://api-images.crunchbase.com/assets/images/resized/0022/5509/225509v2-max-150x150.png"],
     [[170,
       75],
      "http://api-images.crunchbase.com/assets/images/resized/0022/5509/225509v2-max-250x250.png"],
     [[170,
       75],
      "http://api-images.crunchbase.com/assets/images/resized/0022/5509/225509v2-max-450x450.png"]],
   "attribution": null},
 "products":
  [],
 "relationships":
  [],
 "competitions":
  [],
 "providerships":
  [],
 "total_money_raised": "$0",
 "funding_rounds":
  [],
 "investments":
  [],
 "acquisition": null,
 "acquisitions":
  [],
 "offices":
  [],
 "milestones":
  [],
 "ipo": null,
 "video_embeds":
  [],
 "screenshots":
  [],
 "external_links":
  [],
 "partners":
  []}
