{"name": "4llstaff.com",
 "permalink": "4llstaff-com",
 "crunchbase_url": "http://www.crunchbase.com/company/4llstaff-com",
 "homepage_url": "http://www.411staff.com",
 "blog_url": "",
 "blog_feed_url": "",
 "twitter_username": "411staff",
 "category_code": "web",
 "number_of_employees": 10,
 "founded_year": 2013,
 "founded_month": 2,
 "founded_day": 22,
 "deadpooled_year": null,
 "deadpooled_month": null,
 "deadpooled_day": null,
 "deadpooled_url": null,
 "tag_list": "employment-411staff-nxg-group-inc",
 "alias_list": "",
 "email_address": "support@411staff.com",
 "phone_number": "8482190919",
 "description": " 411Staff - #1 network for casual labour",
 "created_at": "Sat Feb 23 23:43:33 UTC 2013",
 "updated_at": "Tue Feb 11 18:50:50 UTC 2014",
 "overview": "\u003Cp\u003EWelcome to 411Staff \u2013Connecting Talented People Around the World\u003C/p\u003E\n\n\u003Cp\u003EOur mission is simple:  Connecting talented people around the world and to provide a market place for talented people like yourself to market your talent and services. 411Staff provide unmatched demand and relevant traffic, creating new opportunities for you to market your services everyday.\u003C/p\u003E\n\n\u003Cp\u003EFrom our research and field work, we found that the more your customers get to know about you and your services, the more likely they hire your services. At 411staff you will be able create a profile page and showcase your services, the areas you work in and how much you charge for your services.\u003C/p\u003E",
 "image":
  {"available_sizes":
    [[[150,
       24],
      "http://api-images.crunchbase.com/assets/images/resized/0023/7859/237859v2-max-150x150.png"],
     [[181,
       30],
      "http://api-images.crunchbase.com/assets/images/resized/0023/7859/237859v2-max-250x250.png"],
     [[181,
       30],
      "http://api-images.crunchbase.com/assets/images/resized/0023/7859/237859v2-max-450x450.png"]],
   "attribution": null},
 "products":
  [],
 "relationships":
  [],
 "competitions":
  [],
 "providerships":
  [],
 "total_money_raised": "$0",
 "funding_rounds":
  [],
 "investments":
  [],
 "acquisition": null,
 "acquisitions":
  [],
 "offices":
  [{"description": "USA",
    "address1": "57 Inverness Dr",
    "address2": "",
    "zip_code": "08820",
    "city": "Edison",
    "state_code": "NJ",
    "country_code": "USA",
    "latitude": null,
    "longitude": null},
   {"description": "USA",
    "address1": "57 Inverness Dr",
    "address2": "",
    "zip_code": "08820",
    "city": "Edison",
    "state_code": "NJ",
    "country_code": "USA",
    "latitude": null,
    "longitude": null},
   {"description": "Chennai - India",
    "address1": "57/A 2nd floor",
    "address2": "1st Ave, 100 feet road, Ashok Nagar, Chennai 600083. Ph: 98401 55689",
    "zip_code": "600083",
    "city": "Ashok Nagar, Chennai- India",
    "state_code": null,
    "country_code": "IND",
    "latitude": null,
    "longitude": null},
   {"description": "Hyderabad - India",
    "address1": "8-2-672/S/101",
    "address2": "Cabin 23, 1st floor,Sufi Chamber's",
    "zip_code": "600038",
    "city": "Road No: 1, Banjara Hills",
    "state_code": null,
    "country_code": "IND",
    "latitude": null,
    "longitude": null}],
 "milestones":
  [],
 "ipo": null,
 "video_embeds":
  [],
 "screenshots":
  [],
 "external_links":
  [],
 "partners":
  []}
