{"name": "5 O'Clock Records",
 "permalink": "5-oclock-records",
 "crunchbase_url": "http://www.crunchbase.com/company/5-oclock-records",
 "homepage_url": "http://www.5oclockrecords.com",
 "blog_url": "http://info.5oclockrecords.com/blog",
 "blog_feed_url": "",
 "twitter_username": "5oclockrecords",
 "category_code": "software",
 "number_of_employees": null,
 "founded_year": 2012,
 "founded_month": null,
 "founded_day": null,
 "deadpooled_year": null,
 "deadpooled_month": null,
 "deadpooled_day": null,
 "deadpooled_url": null,
 "tag_list": "",
 "alias_list": "",
 "email_address": "",
 "phone_number": "",
 "description": "Internet Software \u0026 Services ",
 "created_at": "Mon Jan 28 06:52:38 UTC 2013",
 "updated_at": "Wed Feb 26 04:58:12 UTC 2014",
 "overview": "\u003Cp\u003E5 O\u0026#8217;Clock Records is a secure online service that streamlines the medical record request process. We work with medical practices and hospitals to help them run their medical record release process more efficiently. \u003C/p\u003E",
 "image":
  {"available_sizes":
    [[[150,
       29],
      "http://api-images.crunchbase.com/assets/images/resized/0023/1967/231967v1-max-150x150.png"],
     [[250,
       49],
      "http://api-images.crunchbase.com/assets/images/resized/0023/1967/231967v1-max-250x250.png"],
     [[340,
       67],
      "http://api-images.crunchbase.com/assets/images/resized/0023/1967/231967v1-max-450x450.png"]],
   "attribution": null},
 "products":
  [],
 "relationships":
  [{"is_past": false,
    "title": "Founder \u0026 CEO",
    "person":
     {"first_name": "Matt",
      "last_name": "Cottrell",
      "permalink": "matt-cottrell"}}],
 "competitions":
  [],
 "providerships":
  [],
 "total_money_raised": "$440k",
 "funding_rounds":
  [{"id": 35079,
    "round_code": "angel",
    "source_url": "",
    "source_description": "Edgar Report",
    "raised_amount": 440000.0,
    "raised_currency_code": "USD",
    "funded_year": 2013,
    "funded_month": 1,
    "funded_day": 8,
    "investments":
     []},
   {"id": 66337,
    "round_code": "seed",
    "source_url": "http://betabeat.com/2012/03/inaugural-blueprint-health-startups-meet-their-public/",
    "source_description": "Inaugural Blueprint Health Startups Pitch Investors on Disrupting Health Industry",
    "raised_amount": null,
    "raised_currency_code": "USD",
    "funded_year": 2012,
    "funded_month": 3,
    "funded_day": 29,
    "investments":
     [{"company":
        {"name": "Blueprint Health Accelerator",
         "permalink": "blueprint-health-accelerator"},
       "financial_org": null,
       "person": null}]}],
 "investments":
  [],
 "acquisition": null,
 "acquisitions":
  [],
 "offices":
  [{"description": "",
    "address1": "483 Broadway, 2nd Floor",
    "address2": "",
    "zip_code": "10013",
    "city": "New York",
    "state_code": "NY",
    "country_code": "USA",
    "latitude": null,
    "longitude": null}],
 "milestones":
  [],
 "ipo": null,
 "video_embeds":
  [],
 "screenshots":
  [{"available_sizes":
     [[[150,
        100],
       "http://api-images.crunchbase.com/assets/images/resized/0042/0788/420788v1-max-150x150.png"],
      [[250,
        167],
       "http://api-images.crunchbase.com/assets/images/resized/0042/0788/420788v1-max-250x250.png"],
      [[450,
        302],
       "http://api-images.crunchbase.com/assets/images/resized/0042/0788/420788v1-max-450x450.png"]],
    "attribution": null}],
 "external_links":
  [],
 "partners":
  []}
