{"name": "50 East",
 "permalink": "50-east",
 "crunchbase_url": "http://www.crunchbase.com/company/50-east",
 "homepage_url": "http://50east.co",
 "blog_url": "",
 "blog_feed_url": "",
 "twitter_username": "50eastco",
 "category_code": "enterprise",
 "number_of_employees": 10,
 "founded_year": 2012,
 "founded_month": 1,
 "founded_day": 1,
 "deadpooled_year": null,
 "deadpooled_month": null,
 "deadpooled_day": null,
 "deadpooled_url": null,
 "tag_list": "product, interaction, interactive, digital, product-design, user-experience, development, engineering, localhost, forward, markup",
 "alias_list": null,
 "email_address": "contact@50east.co",
 "phone_number": "423-207-3436",
 "description": "Useful digital products",
 "created_at": "Wed Jan 30 16:06:56 UTC 2013",
 "updated_at": "Thu Feb 27 20:28:39 UTC 2014",
 "overview": "\u003Cp\u003EThought\nRestraint\nBeauty\nFocus\u003C/p\u003E\n\n\u003Cp\u003EWe create helpful products used by thousands of designers, developers, teachers and architects including:\u003C/p\u003E\n\n\u003Cp\u003Ehttp://forwardhq.com\nhttp://markup.io\nhttp://usetorpedo.com.\u003C/p\u003E\n\n\u003Cp\u003EWe also help clients create theirs, working collaboratively, iteratively, and strategically to improve the experience of existing products or to help design and develop new ones altogether.\u003C/p\u003E",
 "image":
  {"available_sizes":
    [[[150,
       150],
      "http://api-images.crunchbase.com/assets/images/resized/0023/2603/232603v2-max-150x150.png"],
     [[250,
       250],
      "http://api-images.crunchbase.com/assets/images/resized/0023/2603/232603v2-max-250x250.png"],
     [[450,
       450],
      "http://api-images.crunchbase.com/assets/images/resized/0023/2603/232603v2-max-450x450.png"]],
   "attribution": null},
 "products":
  [{"name": "Forward",
    "permalink": "forward"},
   {"name": "Markup",
    "permalink": "markup"},
   {"name": "Torpedo",
    "permalink": "torpedo"}],
 "relationships":
  [{"is_past": false,
    "title": "Interactive Director, Product Manager",
    "person":
     {"first_name": "Josiah",
      "last_name": "Roe",
      "permalink": "josiah-roe"}},
   {"is_past": false,
    "title": "Engineer, Product Manager",
    "person":
     {"first_name": "Noah",
      "last_name": "Burney",
      "permalink": "noah-burney"}},
   {"is_past": false,
    "title": "Engineer, Product Manager",
    "person":
     {"first_name": "Travis",
      "last_name": "Dunn",
      "permalink": "travis-dunn"}}],
 "competitions":
  [],
 "providerships":
  [],
 "total_money_raised": "$0",
 "funding_rounds":
  [],
 "investments":
  [],
 "acquisition": null,
 "acquisitions":
  [],
 "offices":
  [],
 "milestones":
  [],
 "ipo": null,
 "video_embeds":
  [],
 "screenshots":
  [],
 "external_links":
  [{"external_url": "http://50east.co",
    "title": "50 East"}],
 "partners":
  []}
