{"name": "5D Marketing Ltd",
 "permalink": "5d-marketing-ltd",
 "crunchbase_url": "http://www.crunchbase.com/company/5d-marketing-ltd",
 "homepage_url": "http://www.5dmarketing.co.uk",
 "blog_url": "",
 "blog_feed_url": "",
 "twitter_username": "5dmarketing",
 "category_code": "ecommerce",
 "number_of_employees": 20,
 "founded_year": null,
 "founded_month": null,
 "founded_day": null,
 "deadpooled_year": null,
 "deadpooled_month": null,
 "deadpooled_day": null,
 "deadpooled_url": null,
 "tag_list": "seo-london, marketing-canary-wharf, seo-canary-wharf",
 "alias_list": null,
 "email_address": "sales@5dmarketing.co.uk",
 "phone_number": "02033029452",
 "description": "UK SEO Agency",
 "created_at": "Wed Mar 20 11:49:48 UTC 2013",
 "updated_at": "Fri Feb 28 10:21:12 UTC 2014",
 "overview": "\u003Cp\u003E5D Marketing Ltd an experienced web design and Development Company based in the heart of London giving incredible solutions unique web application and responsive website tools. Our professionals are highly trained and skilled to provide useful and attractive provisions to top web design and SEO solutions at competitive pricing through great return on investment (ROI).\u003C/p\u003E",
 "image":
  {"available_sizes":
    [[[150,
       29],
      "http://api-images.crunchbase.com/assets/images/resized/0042/4286/424286v2-max-150x150.png"],
     [[199,
       39],
      "http://api-images.crunchbase.com/assets/images/resized/0042/4286/424286v2-max-250x250.png"],
     [[199,
       39],
      "http://api-images.crunchbase.com/assets/images/resized/0042/4286/424286v2-max-450x450.png"]],
   "attribution": null},
 "products":
  [],
 "relationships":
  [],
 "competitions":
  [],
 "providerships":
  [],
 "total_money_raised": "$0",
 "funding_rounds":
  [],
 "investments":
  [],
 "acquisition": null,
 "acquisitions":
  [],
 "offices":
  [{"description": "Office",
    "address1": "160 Milligan Street",
    "address2": "Canary Wharf",
    "zip_code": "E14 4AY",
    "city": "London",
    "state_code": null,
    "country_code": "GBR",
    "latitude": null,
    "longitude": null}],
 "milestones":
  [],
 "ipo": null,
 "video_embeds":
  [{"embed_code": "\u003Ciframe width=\"560\" height=\"315\" src=\"//www.youtube.com/embed/BktWtwJ08do\" frameborder=\"0\" allowfullscreen\u003E\u003C/iframe\u003E",
    "description": ""}],
 "screenshots":
  [],
 "external_links":
  [{"external_url": "http://www.5dmarketing.co.uk",
    "title": "Seo In London"}],
 "partners":
  []}
