{"name": "@60\" - The Height of Art",
 "permalink": "60-the-height-of-art",
 "crunchbase_url": "http://www.crunchbase.com/company/60-the-height-of-art",
 "homepage_url": "http://www.at60inches.com",
 "blog_url": "http://www.at60inches.com/news",
 "blog_feed_url": "",
 "twitter_username": "at60inches",
 "category_code": "ecommerce",
 "number_of_employees": 4,
 "founded_year": 2012,
 "founded_month": 1,
 "founded_day": null,
 "deadpooled_year": null,
 "deadpooled_month": null,
 "deadpooled_day": null,
 "deadpooled_url": null,
 "tag_list": "art, artists, ecommerce, online, emerging",
 "alias_list": null,
 "email_address": "info@60inches.com",
 "phone_number": "2124862608",
 "description": "Online Art Retailer",
 "created_at": "Mon Mar 25 20:38:45 UTC 2013",
 "updated_at": "Mon Mar 25 20:38:50 UTC 2013",
 "overview": "\u003Cp\u003E@60\u201d brings its registered members unparalleled access top rising artists and exclusive curated sales, creating a stylish new way to shop for artwork online. Vetted by a trusted board of industry experts, @60\u201d delivers the most exciting examples of \u0026#8220;what\u0026#8217;s next\u0026#8221; in the art community.\u003C/p\u003E\n\n\u003Cp\u003EA reference to the perfect placement for hanging art, @60\u201d offers you a unique opportunity to discover and engage rising talent\u2014ahead of the market. Add to the mix a collector spotlight series entitled \u0026#8220;Get the Look,\u0026#8221; engaging editorial features, and the ability to share your favorite selections. \u003C/p\u003E",
 "image":
  {"available_sizes":
    [[[150,
       49],
      "http://api-images.crunchbase.com/assets/images/resized/0024/5441/245441v2-max-150x150.jpg"],
     [[250,
       82],
      "http://api-images.crunchbase.com/assets/images/resized/0024/5441/245441v2-max-250x250.jpg"],
     [[450,
       148],
      "http://api-images.crunchbase.com/assets/images/resized/0024/5441/245441v2-max-450x450.jpg"]],
   "attribution": null},
 "products":
  [],
 "relationships":
  [{"is_past": true,
    "title": "Co-Founder",
    "person":
     {"first_name": "Christian",
      "last_name": "Simonds",
      "permalink": "christian-simonds"}},
   {"is_past": true,
    "title": "CCO \u0026 Co-Founder",
    "person":
     {"first_name": "Kipton",
      "last_name": "Cronkite",
      "permalink": "kipton-cronkite"}}],
 "competitions":
  [],
 "providerships":
  [],
 "total_money_raised": "$0",
 "funding_rounds":
  [],
 "investments":
  [],
 "acquisition": null,
 "acquisitions":
  [],
 "offices":
  [{"description": "Headquarters",
    "address1": "110 W. 40th",
    "address2": "Ste. 612",
    "zip_code": "10018",
    "city": "New York",
    "state_code": "NY",
    "country_code": "USA",
    "latitude": null,
    "longitude": null}],
 "milestones":
  [],
 "ipo": null,
 "video_embeds":
  [],
 "screenshots":
  [{"available_sizes":
     [[[150,
        76],
       "http://api-images.crunchbase.com/assets/images/resized/0024/5440/245440v2-max-150x150.jpg"],
      [[250,
        126],
       "http://api-images.crunchbase.com/assets/images/resized/0024/5440/245440v2-max-250x250.jpg"],
      [[450,
        228],
       "http://api-images.crunchbase.com/assets/images/resized/0024/5440/245440v2-max-450x450.jpg"]],
    "attribution": null}],
 "external_links":
  [],
 "partners":
  []}
