{"name": "64FACETS",
 "permalink": "64facets",
 "crunchbase_url": "http://www.crunchbase.com/company/64facets",
 "homepage_url": null,
 "blog_url": null,
 "blog_feed_url": null,
 "twitter_username": null,
 "category_code": null,
 "number_of_employees": null,
 "founded_year": null,
 "founded_month": null,
 "founded_day": null,
 "deadpooled_year": null,
 "deadpooled_month": null,
 "deadpooled_day": null,
 "deadpooled_url": null,
 "tag_list": "",
 "alias_list": null,
 "email_address": null,
 "phone_number": null,
 "description": null,
 "created_at": "Thu Jan 17 18:49:00 UTC 2013",
 "updated_at": "Fri Jan 24 03:39:09 UTC 2014",
 "overview": "\u003Cp\u003E64FACETS makes and sells fine handcrafted gold jewelry studded with diamonds and gemstones.\u003C/p\u003E\n\n\u003Cp\u003EEvery piece is handmade, so one-of-a-kind. Since we are vertically integrated and located in India, we have a notable cost advantage. We offer free shipping worldwide. \u003C/p\u003E\n\n\u003Cp\u003EOur online platform allows shoppers to discover and own the very best in fine jewelry from the comforts of their home. \nWe are targeting jewelry buyers in India, US and the UK, to start with.\u003C/p\u003E",
 "image":
  {"available_sizes":
    [[[150,
       150],
      "http://api-images.crunchbase.com/assets/images/resized/0040/0305/400305v2-max-150x150.jpg"],
     [[250,
       250],
      "http://api-images.crunchbase.com/assets/images/resized/0040/0305/400305v2-max-250x250.jpg"],
     [[450,
       450],
      "http://api-images.crunchbase.com/assets/images/resized/0040/0305/400305v2-max-450x450.jpg"]],
   "attribution": null},
 "products":
  [],
 "relationships":
  [{"is_past": false,
    "title": "Owner",
    "person":
     {"first_name": "Gourav",
      "last_name": "Soni",
      "permalink": "gourav-soni"}},
   {"is_past": false,
    "title": "Owner",
    "person":
     {"first_name": "Lalit",
      "last_name": "Soni",
      "permalink": "lalit-soni"}}],
 "competitions":
  [],
 "providerships":
  [],
 "total_money_raised": "$0",
 "funding_rounds":
  [],
 "investments":
  [],
 "acquisition": null,
 "acquisitions":
  [],
 "offices":
  [{"description": "Headquarters",
    "address1": "G-26, South Ex 1",
    "address2": "",
    "zip_code": "110049",
    "city": "New Delhi",
    "state_code": null,
    "country_code": "IND",
    "latitude": null,
    "longitude": null}],
 "milestones":
  [{"id": 46266,
    "description": "Launched www.64facets.com - our online jewelry shopping platform. Shipping worldwide.",
    "stoned_year": 2013,
    "stoned_month": 11,
    "stoned_day": 1,
    "source_url": "http://www.64facets.com",
    "source_text": null,
    "source_description": "",
    "stoneable_type": "Company",
    "stoned_value": null,
    "stoned_value_type": null,
    "stoned_acquirer": null,
    "stoneable":
     {"name": "64FACETS",
      "permalink": "64facets"}}],
 "ipo": null,
 "video_embeds":
  [{"embed_code": "\u003Ciframe width=\"560\" height=\"315\" src=\"//www.youtube.com/embed/bXuUrLhDv9k\" frameborder=\"0\" allowfullscreen\u003E\u003C/iframe\u003E",
    "description": ""}],
 "screenshots":
  [],
 "external_links":
  [],
 "partners":
  []}
