{"name": "8 webcom",
 "permalink": "8-webcom-pvt-ltd",
 "crunchbase_url": "http://www.crunchbase.com/company/8-webcom-pvt-ltd",
 "homepage_url": "http://www.8webcom.com",
 "blog_url": "",
 "blog_feed_url": "",
 "twitter_username": "8webcom",
 "category_code": "software",
 "number_of_employees": null,
 "founded_year": 2000,
 "founded_month": 1,
 "founded_day": 1,
 "deadpooled_year": null,
 "deadpooled_month": null,
 "deadpooled_day": null,
 "deadpooled_url": null,
 "tag_list": "website-design-company, seo-services-provider, web-development-company, php-web-development",
 "alias_list": "",
 "email_address": "pro.8webcom@yahoo.com",
 "phone_number": "079-40088808",
 "description": "",
 "created_at": "Thu Jan 17 07:14:32 UTC 2013",
 "updated_at": "Sat Jan 19 22:08:27 UTC 2013",
 "overview": "\u003Cp\u003Eeight webcom pvt. ltd., eight webcom was established in the year 2000 with domain registration and web hosting services. Today, the company is a leading and comprehensive web solutions provider. We are Indian base Website developing Company and we are in to services like search engine optimization, web development, php web development, web designing.  We are providing our services all over the world. We have 400+ happy clients base in domestic as well as in International market.\neight webcom provides a full range of web site application development services, starting from gathering requirements and definition, to the delivery and deployment of web solutions.\u003C/p\u003E\n\n\u003Cp\u003EOur Web Application development professionals are having thorough experience in developing commercial Web Application to meet both the business and technical requirements of a project. Our Projects are a proof of best quality, best price and solutions for Risk Management. We focus on solving problems rather than selling specific skills or products.\u003C/p\u003E",
 "image":
  {"available_sizes":
    [[[136,
       120],
      "http://api-images.crunchbase.com/assets/images/resized/0023/0141/230141v2-max-150x150.jpg"],
     [[136,
       120],
      "http://api-images.crunchbase.com/assets/images/resized/0023/0141/230141v2-max-250x250.jpg"],
     [[136,
       120],
      "http://api-images.crunchbase.com/assets/images/resized/0023/0141/230141v2-max-450x450.jpg"]],
   "attribution": null},
 "products":
  [],
 "relationships":
  [],
 "competitions":
  [],
 "providerships":
  [],
 "total_money_raised": "$0",
 "funding_rounds":
  [],
 "investments":
  [],
 "acquisition": null,
 "acquisitions":
  [],
 "offices":
  [],
 "milestones":
  [],
 "ipo": null,
 "video_embeds":
  [],
 "screenshots":
  [],
 "external_links":
  [],
 "partners":
  []}
