{"name": "A Logo Co",
 "permalink": "a-logo-co",
 "crunchbase_url": "http://www.crunchbase.com/company/a-logo-co",
 "homepage_url": "http://www.alogoco.com",
 "blog_url": "http://www.alogoco.com/blog",
 "blog_feed_url": "http://www.alogoco.com/blog/feed",
 "twitter_username": "alogocorp",
 "category_code": "advertising",
 "number_of_employees": 1,
 "founded_year": 2013,
 "founded_month": 1,
 "founded_day": 1,
 "deadpooled_year": null,
 "deadpooled_month": null,
 "deadpooled_day": null,
 "deadpooled_url": null,
 "tag_list": "logo-design",
 "alias_list": null,
 "email_address": "info@alogoco.com",
 "phone_number": "1.888.978.1442",
 "description": "Logo Design",
 "created_at": "Thu Mar 21 16:52:04 UTC 2013",
 "updated_at": "Thu Mar 21 16:52:12 UTC 2013",
 "overview": "\u003Cp\u003EA Logo Co is a full service Logo Design \u0026amp; Brand Identity firm.\u003C/p\u003E",
 "image": null,
 "products":
  [],
 "relationships":
  [{"is_past": false,
    "title": "CEO",
    "person":
     {"first_name": "Arlene",
      "last_name": "Costanzo",
      "permalink": "arlene-costanzo"}}],
 "competitions":
  [],
 "providerships":
  [],
 "total_money_raised": "$0",
 "funding_rounds":
  [],
 "investments":
  [],
 "acquisition": null,
 "acquisitions":
  [],
 "offices":
  [],
 "milestones":
  [],
 "ipo": null,
 "video_embeds":
  [],
 "screenshots":
  [{"available_sizes":
     [[[150,
        104],
       "http://api-images.crunchbase.com/assets/images/resized/0024/4402/244402v2-max-150x150.png"],
      [[250,
        174],
       "http://api-images.crunchbase.com/assets/images/resized/0024/4402/244402v2-max-250x250.png"],
      [[450,
        313],
       "http://api-images.crunchbase.com/assets/images/resized/0024/4402/244402v2-max-450x450.png"]],
    "attribution": null}],
 "external_links":
  [{"external_url": "http://www.alogoco.com",
    "title": "A Logo Co."}],
 "partners":
  []}
