{"name": "A Modern Website",
 "permalink": "a-modern-website",
 "crunchbase_url": "http://www.crunchbase.com/company/a-modern-website",
 "homepage_url": "http://AModernWebsite.com",
 "blog_url": "",
 "blog_feed_url": "",
 "twitter_username": "AModernWebsite",
 "category_code": "advertising",
 "number_of_employees": null,
 "founded_year": 2012,
 "founded_month": 6,
 "founded_day": null,
 "deadpooled_year": null,
 "deadpooled_month": null,
 "deadpooled_day": null,
 "deadpooled_url": null,
 "tag_list": "",
 "alias_list": "",
 "email_address": "Info@AModernWebsite.com",
 "phone_number": "1 949-484-5953",
 "description": "Digital Media Agency",
 "created_at": "Mon Feb 11 08:43:48 UTC 2013",
 "updated_at": "Tue Jul 02 02:38:27 UTC 2013",
 "overview": "\u003Cp\u003EA Modern Website is helping businesses of all sizes develop a modern presence on the web and generate measurable, quantifiable results.\u003C/p\u003E\n\n\u003Cp\u003EBy creating an audience that is engaged in your content; they become part of your brand and they want to share that story with their friends.\u003C/p\u003E",
 "image":
  {"available_sizes":
    [[[150,
       150],
      "http://api-images.crunchbase.com/assets/images/resized/0027/5031/275031v4-max-150x150.png"],
     [[250,
       250],
      "http://api-images.crunchbase.com/assets/images/resized/0027/5031/275031v4-max-250x250.png"],
     [[450,
       450],
      "http://api-images.crunchbase.com/assets/images/resized/0027/5031/275031v4-max-450x450.png"]],
   "attribution": null},
 "products":
  [],
 "relationships":
  [{"is_past": false,
    "title": "Founder",
    "person":
     {"first_name": "Kyle",
      "last_name": "Benham",
      "permalink": "kyle-benham"}}],
 "competitions":
  [],
 "providerships":
  [],
 "total_money_raised": "$0",
 "funding_rounds":
  [],
 "investments":
  [],
 "acquisition": null,
 "acquisitions":
  [],
 "offices":
  [{"description": "",
    "address1": "",
    "address2": "",
    "zip_code": "",
    "city": "Orange County",
    "state_code": "CA",
    "country_code": "USA",
    "latitude": 33.5422475,
    "longitude": -117.7831104}],
 "milestones":
  [],
 "ipo": null,
 "video_embeds":
  [{"embed_code": "\u003Ciframe width=\"450\" height=\"253\" src=\"//www.youtube.com/embed/lSimLOvCwsI?rel=0\" frameborder=\"0\" allowfullscreen\u003E\u003C/iframe\u003E",
    "description": "\u003Cp\u003ENumber One Real Estate Agent in the World\u003C/p\u003E"},
   {"embed_code": "\u003Ciframe width=\"450\" height=\"253\" src=\"//www.youtube.com/embed/y2ED-boRL0k?rel=0\" frameborder=\"0\" allowfullscreen\u003E\u003C/iframe\u003E",
    "description": "\u003Cp\u003ELuxury Real Estate Orange County | Jeff \u0026amp; Julie Moran \u003C/p\u003E"},
   {"embed_code": "\u003Ciframe width=\"450\" height=\"253\" src=\"//www.youtube.com/embed/ZnuiiU-0wJU?rel=0\" frameborder=\"0\" allowfullscreen\u003E\u003C/iframe\u003E",
    "description": "\u003Cp\u003EMake Your Own Valentine\u0026#8217;s Day Video\u003C/p\u003E"}],
 "screenshots":
  [{"available_sizes":
     [[[150,
        84],
       "http://api-images.crunchbase.com/assets/images/resized/0028/2247/282247v2-max-150x150.jpg"],
      [[250,
        140],
       "http://api-images.crunchbase.com/assets/images/resized/0028/2247/282247v2-max-250x250.jpg"],
      [[450,
        253],
       "http://api-images.crunchbase.com/assets/images/resized/0028/2247/282247v2-max-450x450.jpg"]],
    "attribution": null},
   {"available_sizes":
     [[[150,
        65],
       "http://api-images.crunchbase.com/assets/images/resized/0028/2248/282248v2-max-150x150.jpg"],
      [[250,
        109],
       "http://api-images.crunchbase.com/assets/images/resized/0028/2248/282248v2-max-250x250.jpg"],
      [[450,
        197],
       "http://api-images.crunchbase.com/assets/images/resized/0028/2248/282248v2-max-450x450.jpg"]],
    "attribution": null},
   {"available_sizes":
     [[[150,
        69],
       "http://api-images.crunchbase.com/assets/images/resized/0028/2251/282251v2-max-150x150.jpg"],
      [[250,
        115],
       "http://api-images.crunchbase.com/assets/images/resized/0028/2251/282251v2-max-250x250.jpg"],
      [[450,
        207],
       "http://api-images.crunchbase.com/assets/images/resized/0028/2251/282251v2-max-450x450.jpg"]],
    "attribution": null}],
 "external_links":
  [],
 "partners":
  []}
