{"name": "A Plus Roofing",
 "permalink": "a-plus-roofing",
 "crunchbase_url": "http://www.crunchbase.com/company/a-plus-roofing",
 "homepage_url": "http://www.a-plus-roofing.com",
 "blog_url": "",
 "blog_feed_url": "",
 "twitter_username": null,
 "category_code": "other",
 "number_of_employees": null,
 "founded_year": null,
 "founded_month": null,
 "founded_day": null,
 "deadpooled_year": null,
 "deadpooled_month": null,
 "deadpooled_day": null,
 "deadpooled_url": null,
 "tag_list": "richmond-roofing, roofing-contractors-richmond-va",
 "alias_list": null,
 "email_address": "Aplusroofing@verizon.net",
 "phone_number": "(804) 752-0008",
 "description": "Roofing Contractor",
 "created_at": "Thu Mar 14 13:54:40 UTC 2013",
 "updated_at": "Thu Mar 14 13:55:22 UTC 2013",
 "overview": "\u003Cp\u003EA Plus Roofing, the fully licensed \u0026amp; insured roofing contractors Richmond VA homeowners count on for excellence in home improvement. We have solutions to nearly all of your exterior renovation needs.\u003C/p\u003E",
 "image": null,
 "products":
  [],
 "relationships":
  [],
 "competitions":
  [],
 "providerships":
  [],
 "total_money_raised": "$0",
 "funding_rounds":
  [],
 "investments":
  [],
 "acquisition": null,
 "acquisitions":
  [],
 "offices":
  [],
 "milestones":
  [],
 "ipo": null,
 "video_embeds":
  [],
 "screenshots":
  [],
 "external_links":
  [],
 "partners":
  []}
