{"name": "A1brandz",
 "permalink": "a1brandz",
 "crunchbase_url": "http://www.crunchbase.com/company/a1brandz",
 "homepage_url": "http://www.a1brandz.com",
 "blog_url": "http://www.a1brandz.com/blog/",
 "blog_feed_url": "",
 "twitter_username": "A1brandz",
 "category_code": "ecommerce",
 "number_of_employees": 50,
 "founded_year": null,
 "founded_month": null,
 "founded_day": null,
 "deadpooled_year": null,
 "deadpooled_month": null,
 "deadpooled_day": null,
 "deadpooled_url": null,
 "tag_list": "online-marketing, internet-marketing, seo, smo, ppc, website-designing, web-development, digital-marketing",
 "alias_list": null,
 "email_address": "sales@a1brandz.com",
 "phone_number": "2016043340",
 "description": "A complete Web Solutions Company ",
 "created_at": "Sat Dec 15 04:43:59 UTC 2012",
 "updated_at": "Sun Jan 13 22:22:48 UTC 2013",
 "overview": "\u003Cp\u003EA1brandz is a New York based online marketing company offering immense range of Website Services like SEO, SMO, Pay Per Click Management Services, Website Development, Web Design, Domain registration, transfer and pricing services at reasonable price.\u003C/p\u003E",
 "image":
  {"available_sizes":
    [[[106,
       108],
      "http://api-images.crunchbase.com/assets/images/resized/0022/5551/225551v2-max-150x150.jpg"],
     [[106,
       108],
      "http://api-images.crunchbase.com/assets/images/resized/0022/5551/225551v2-max-250x250.jpg"],
     [[106,
       108],
      "http://api-images.crunchbase.com/assets/images/resized/0022/5551/225551v2-max-450x450.jpg"]],
   "attribution": null},
 "products":
  [],
 "relationships":
  [],
 "competitions":
  [],
 "providerships":
  [],
 "total_money_raised": "$0",
 "funding_rounds":
  [],
 "investments":
  [],
 "acquisition": null,
 "acquisitions":
  [],
 "offices":
  [{"description": "A1brandz",
    "address1": "39-40, 30 Street",
    "address2": "",
    "zip_code": "11101",
    "city": "Long Island City",
    "state_code": "NY",
    "country_code": "USA",
    "latitude": null,
    "longitude": null},
   {"description": "A1brandz",
    "address1": "402-403, Pearls Best Heights Tower II,",
    "address2": "Netaji Subhash Place, Wazirpur",
    "zip_code": "110034",
    "city": "New Delhi",
    "state_code": null,
    "country_code": "IND",
    "latitude": null,
    "longitude": null}],
 "milestones":
  [],
 "ipo": null,
 "video_embeds":
  [{"embed_code": "\u003Ciframe width=\"560\" height=\"315\" src=\"http://www.youtube.com/embed/T8X4XZyCeIo\" frameborder=\"0\" allowfullscreen\u003E\u003C/iframe\u003E",
    "description": "\u003Cp\u003EA1brandz a global organization serving the WebDesign, WebDevelopment, SEO, PPC, SMO, marketing. A1brandz has offices across major cities like New York, USA and Delhi, India.\u003C/p\u003E"}],
 "screenshots":
  [],
 "external_links":
  [{"external_url": "http://www.onlineprnews.com/news/287606-1354277246-a1brandz-launches-digital-marketing-website.html",
    "title": "A1brandz Digital Marketing  Website Launch"}],
 "partners":
  []}
