{"name": "AAA-Bright Academy",
 "permalink": "aaa-bright-acadmey",
 "crunchbase_url": "http://www.crunchbase.com/company/aaa-bright-acadmey",
 "homepage_url": null,
 "blog_url": "http://brightacademy.blogspot.in/",
 "blog_feed_url": "",
 "twitter_username": null,
 "category_code": "education",
 "number_of_employees": null,
 "founded_year": 2001,
 "founded_month": null,
 "founded_day": null,
 "deadpooled_year": null,
 "deadpooled_month": null,
 "deadpooled_day": null,
 "deadpooled_url": null,
 "tag_list": null,
 "alias_list": "",
 "email_address": "",
 "phone_number": "9872474753",
 "description": "",
 "created_at": "Wed Feb 06 07:04:17 UTC 2013",
 "updated_at": "Fri Jun 14 07:31:29 UTC 2013",
 "overview": "\u003Cp\u003EAAA-Bright Academy is best coaching institute,centre providing coaching for bank po,bank clerk,MBA,UIAMS,Punjab MET,M.ed..ETT entrance,ugc net,ugc net english,food inspector punjab,hp-cmat,sbi po,sbi clerk coaching,ssc,law,lic aao,clat,hotel management entrance\u003C/p\u003E",
 "image": null,
 "products":
  [],
 "relationships":
  [{"is_past": false,
    "title": "AAA-Bright Acadmey",
    "person":
     {"first_name": "Raman",
      "last_name": "Mahajan",
      "permalink": "raman-mahajan"}}],
 "competitions":
  [],
 "providerships":
  [],
 "total_money_raised": "$0",
 "funding_rounds":
  [],
 "investments":
  [],
 "acquisition": null,
 "acquisitions":
  [],
 "offices":
  [{"description": "",
    "address1": "sco-66-67,sector-15 D",
    "address2": "",
    "zip_code": "160017",
    "city": "Chandigarh",
    "state_code": null,
    "country_code": "IND",
    "latitude": 30.7398339,
    "longitude": 76.782702}],
 "milestones":
  [],
 "ipo": null,
 "video_embeds":
  [],
 "screenshots":
  [],
 "external_links":
  [],
 "partners":
  []}
