{"name": "AB Newswire",
 "permalink": "ab-newswire",
 "crunchbase_url": "http://www.crunchbase.com/company/ab-newswire",
 "homepage_url": "http://www.abnewswire.com",
 "blog_url": "http://abnewswire.blogspot.com/",
 "blog_feed_url": "",
 "twitter_username": "abnewswire",
 "category_code": "other",
 "number_of_employees": 200,
 "founded_year": 2012,
 "founded_month": 11,
 "founded_day": 1,
 "deadpooled_year": null,
 "deadpooled_month": null,
 "deadpooled_day": null,
 "deadpooled_url": null,
 "tag_list": "press-releases, paid-press-releases, online-press-releases",
 "alias_list": null,
 "email_address": "shuchi@abnewswire.com",
 "phone_number": "+1 213 599 7448",
 "description": "Paid Press Release Distribution Service",
 "created_at": "Wed Jan 02 10:44:30 UTC 2013",
 "updated_at": "Thu Jan 03 05:16:20 UTC 2013",
 "overview": "\u003Cp\u003EAB Newswire offers you a guaranteed minimum coverage across 150 specifically targeted news sites that are relevant to your niche. Their paid press release distribution service assures you maximum ROI and high value coverage across the widest range of premier media platforms. Their unique distribution features helps your releases reach out to your targeted markets.\u003C/p\u003E\n\n\u003Cp\u003EPress release submission services from AB Newswire are unmatched in terms of getting your news and events better awareness and publicity. Unlike others, your releases get exposure to both online and offline media resources and at highly competitive prices. They also guarantee publication of your releases across 150 news websites and 150 news blogs. \u003C/p\u003E\n\n\u003Cp\u003EProfessionals in Public Relations, Media Management and related fields prefer using the services of AB Newswire because they offer an optimum and affordable way of gaining greater visibility to companies in both offline and online media platforms. They are the first choice of both medium and large organizations because they guarantee you a minimum coverage across 150 specifically targeted news sites relevant to your niche. \u003C/p\u003E",
 "image": null,
 "products":
  [],
 "relationships":
  [],
 "competitions":
  [],
 "providerships":
  [],
 "total_money_raised": "$0",
 "funding_rounds":
  [],
 "investments":
  [],
 "acquisition": null,
 "acquisitions":
  [],
 "offices":
  [],
 "milestones":
  [],
 "ipo": null,
 "video_embeds":
  [],
 "screenshots":
  [],
 "external_links":
  [],
 "partners":
  []}
