{"name": "ABC Roofing",
 "permalink": "abc-roofing",
 "crunchbase_url": "http://www.crunchbase.com/company/abc-roofing",
 "homepage_url": "http://www.abcroofinginc.com",
 "blog_url": "",
 "blog_feed_url": "",
 "twitter_username": null,
 "category_code": "other",
 "number_of_employees": null,
 "founded_year": null,
 "founded_month": null,
 "founded_day": null,
 "deadpooled_year": null,
 "deadpooled_month": null,
 "deadpooled_day": null,
 "deadpooled_url": null,
 "tag_list": "wilmington-roofing-contractor, greensboro-roofing",
 "alias_list": null,
 "email_address": "contactus@abcroofinginc.com",
 "phone_number": "(336) 822-9770",
 "description": "Roofing Contractor",
 "created_at": "Thu Jan 10 13:19:55 UTC 2013",
 "updated_at": "Mon Jan 14 07:38:26 UTC 2013",
 "overview": "\u003Cp\u003EABC Roofing is a fully-licensed and insured roofing contractor for Greensboro, Winston-Salem, High Point, \u0026amp; Wilmington, NC. Trust our professional roofers for quality residential \u0026amp; commercial roofing.\u003C/p\u003E",
 "image": null,
 "products":
  [],
 "relationships":
  [],
 "competitions":
  [],
 "providerships":
  [],
 "total_money_raised": "$0",
 "funding_rounds":
  [],
 "investments":
  [],
 "acquisition": null,
 "acquisitions":
  [],
 "offices":
  [],
 "milestones":
  [],
 "ipo": null,
 "video_embeds":
  [],
 "screenshots":
  [],
 "external_links":
  [],
 "partners":
  []}
