{"name": "ABC Services",
 "permalink": "abc-services",
 "crunchbase_url": "http://www.crunchbase.com/company/abc-services",
 "homepage_url": "http://www.trust-abc.co.uk",
 "blog_url": "",
 "blog_feed_url": "",
 "twitter_username": "ABC_SERVICES_WM",
 "category_code": "other",
 "number_of_employees": null,
 "founded_year": null,
 "founded_month": null,
 "founded_day": null,
 "deadpooled_year": null,
 "deadpooled_month": null,
 "deadpooled_day": null,
 "deadpooled_url": null,
 "tag_list": "house-clearance-in-birmingham, upholstery-cleaningbirmingham, carpet-cleaningbirmingham, painter-birmingham, roofer-birmingham, fascias-birmingham, guttering-cleaning-birmingham",
 "alias_list": null,
 "email_address": "abc.services@rocketmail.com",
 "phone_number": "0121 4282 561",
 "description": "We offer house clearance services.",
 "created_at": "Tue Feb 26 10:37:03 UTC 2013",
 "updated_at": "Mon Mar 31 09:56:09 UTC 2014",
 "overview": "\u003Cp\u003EABC Services offer reliable house clearance services in Birmingham with fully insured and guaranteed work. We provide a dependable cleaning service for offices and household, from intemperately used carpets and long hanging curtains. We specialise in maintaining and cleaning your guttering, soffits and fascias. We will provide the same level of care and attention regardless of the amount of work involved. For any kind of property maintenance and cleaning services call us at  0121 4282 561. \u003C/p\u003E",
 "image":
  {"available_sizes":
    [[[150,
       42],
      "http://api-images.crunchbase.com/assets/images/resized/0023/8426/238426v2-max-150x150.jpg"],
     [[250,
       70],
      "http://api-images.crunchbase.com/assets/images/resized/0023/8426/238426v2-max-250x250.jpg"],
     [[445,
       125],
      "http://api-images.crunchbase.com/assets/images/resized/0023/8426/238426v2-max-450x450.jpg"]],
   "attribution": null},
 "products":
  [],
 "relationships":
  [],
 "competitions":
  [],
 "providerships":
  [],
 "total_money_raised": "$0",
 "funding_rounds":
  [],
 "investments":
  [],
 "acquisition": null,
 "acquisitions":
  [],
 "offices":
  [{"description": "",
    "address1": "1A The Lords",
    "address2": "Lordswood Road, Harborne",
    "zip_code": "B17 9RP",
    "city": "Birmingham",
    "state_code": null,
    "country_code": "GBR",
    "latitude": 52.4585497,
    "longitude": -1.9578215}],
 "milestones":
  [],
 "ipo": null,
 "video_embeds":
  [],
 "screenshots":
  [{"available_sizes":
     [[[150,
        93],
       "http://api-images.crunchbase.com/assets/images/resized/0024/0158/240158v2-max-150x150.jpg"],
      [[250,
        155],
       "http://api-images.crunchbase.com/assets/images/resized/0024/0158/240158v2-max-250x250.jpg"],
      [[450,
        280],
       "http://api-images.crunchbase.com/assets/images/resized/0024/0158/240158v2-max-450x450.jpg"]],
    "attribution": null},
   {"available_sizes":
     [[[150,
        94],
       "http://api-images.crunchbase.com/assets/images/resized/0024/0159/240159v2-max-150x150.png"],
      [[250,
        157],
       "http://api-images.crunchbase.com/assets/images/resized/0024/0159/240159v2-max-250x250.png"],
      [[450,
        283],
       "http://api-images.crunchbase.com/assets/images/resized/0024/0159/240159v2-max-450x450.png"]],
    "attribution": null},
   {"available_sizes":
     [[[150,
        92],
       "http://api-images.crunchbase.com/assets/images/resized/0024/0161/240161v2-max-150x150.jpg"],
      [[250,
        154],
       "http://api-images.crunchbase.com/assets/images/resized/0024/0161/240161v2-max-250x250.jpg"],
      [[450,
        278],
       "http://api-images.crunchbase.com/assets/images/resized/0024/0161/240161v2-max-450x450.jpg"]],
    "attribution": null}],
 "external_links":
  [],
 "partners":
  []}
