{"name": "ABC Rentals Inc",
 "permalink": "abc-rentals-inc",
 "crunchbase_url": "http://www.crunchbase.com/company/abc-rentals-inc",
 "homepage_url": "http://abcrentalsinc.com",
 "blog_url": "",
 "blog_feed_url": "",
 "twitter_username": null,
 "category_code": "other",
 "number_of_employees": null,
 "founded_year": null,
 "founded_month": null,
 "founded_day": null,
 "deadpooled_year": null,
 "deadpooled_month": null,
 "deadpooled_day": null,
 "deadpooled_url": null,
 "tag_list": "party-rental-st-paul-mn, self-storage-st--paul",
 "alias_list": null,
 "email_address": "abcrentals@yahoo.com",
 "phone_number": "(651) 451-2264",
 "description": "Party rental",
 "created_at": "Thu Dec 13 13:24:38 UTC 2012",
 "updated_at": "Tue Dec 18 09:00:10 UTC 2012",
 "overview": "\u003Cp\u003EParty rental? Local family owned general rental store \u0026amp; self storage, ABC Rentals Inc. offer party goods, lawn \u0026amp; garden, trailers, floor care, western snowplows, construction equipment rental, \u0026amp; more.\u003C/p\u003E\n\n\u003Cp\u003EServices: Concrete Equipment Rentals, Concrete-to-Go Sales, Western Snowplows Sales, Contractor Equipment Rentals, Trailer Rentals, Lawn \u0026amp; Garden Equipment Rentals, Household Maintenance \u0026amp; Repair Rentals, Canopy Rentals, Table Rentals, Chairs Rentals, Concessions Rentals, Wedding Rentals\u003C/p\u003E",
 "image": null,
 "products":
  [],
 "relationships":
  [],
 "competitions":
  [],
 "providerships":
  [],
 "total_money_raised": "$0",
 "funding_rounds":
  [],
 "investments":
  [],
 "acquisition": null,
 "acquisitions":
  [],
 "offices":
  [],
 "milestones":
  [],
 "ipo": null,
 "video_embeds":
  [],
 "screenshots":
  [],
 "external_links":
  [],
 "partners":
  []}
