{"name": "Abhijit Enterprises",
 "permalink": "abhijit-enterprises",
 "crunchbase_url": "http://www.crunchbase.com/company/abhijit-enterprises",
 "homepage_url": "http://www.indiamart.com/abhijitenterprises",
 "blog_url": "",
 "blog_feed_url": "",
 "twitter_username": null,
 "category_code": "other",
 "number_of_employees": null,
 "founded_year": null,
 "founded_month": null,
 "founded_day": null,
 "deadpooled_year": null,
 "deadpooled_month": null,
 "deadpooled_day": null,
 "deadpooled_url": null,
 "tag_list": "filter-bag, electric-motor, conveyors-belt, drum-flight, electric-panel-spare-",
 "alias_list": null,
 "email_address": "abhijitenterprises@tradepassport.org",
 "phone_number": "9819152244",
 "description": "Trader of Mix Plant, Paver, Sprayer, Roa",
 "created_at": "Thu Apr 04 08:38:58 UTC 2013",
 "updated_at": "Thu Apr 04 08:39:12 UTC 2013",
 "overview": "\u003Cp\u003EEstablished in the year 2009, we, \u201cAbhijit Enterprises\u201d, are a prestigious business organizations engaged in trading a commendable assortment of Batch Mix Plant, Drum Mix Plant, Sensor Paver, Mechanical Paver, Vibratory Road Roller, Wet Mix Plant, Bitumen Sprayer, Imported Asphalt Paver, Kerb Paver \u0026amp; Broomer, to name a few. \u003C/p\u003E\n\n\u003Cp\u003EOur Team: \nWe are backed by a deft team of expert professionals, which helps us smooth running of business operations. Our procuring agents help us in sourcing superior-grade products from the coherent manufacturers in the industry. \u003C/p\u003E\n\n\u003Cp\u003EVendor Base: \nLeveraging on the dexterous procuring agents, we have been able to associate ourselves with some of the coherent manufacturers in the industry. \u003C/p\u003E\n\n\u003Cp\u003EClient Satisfaction: \nKeeping into consideration that a satisfied customer is the best business strategy, we aim to attain the utmost contentment of the clients. \u003C/p\u003E\n\n\u003Cp\u003EWhy Us: \nWe are one of the fastest growing organizations engaged in manufacturing high quality products. Further, we pay due importance to the development of the fruitful business relationships with the clients. \u003C/p\u003E\n\n\u003Cp\u003EOur Products: \u003C/p\u003E\n\n\u003Cp\u003ESensor Paver \nMechanical Paver \nVibratory Road Roller \nWet Mix Plant \nBitumen Sprayer \nImported Asphalt Paver \u003C/p\u003E",
 "image":
  {"available_sizes":
    [[[150,
       39],
      "http://api-images.crunchbase.com/assets/images/resized/0024/7698/247698v2-max-150x150.jpg"],
     [[250,
       65],
      "http://api-images.crunchbase.com/assets/images/resized/0024/7698/247698v2-max-250x250.jpg"],
     [[450,
       118],
      "http://api-images.crunchbase.com/assets/images/resized/0024/7698/247698v2-max-450x450.jpg"]],
   "attribution": null},
 "products":
  [],
 "relationships":
  [],
 "competitions":
  [],
 "providerships":
  [],
 "total_money_raised": "$0",
 "funding_rounds":
  [],
 "investments":
  [],
 "acquisition": null,
 "acquisitions":
  [],
 "offices":
  [],
 "milestones":
  [],
 "ipo": null,
 "video_embeds":
  [],
 "screenshots":
  [],
 "external_links":
  [],
 "partners":
  []}
