{"name": "About Reverse Mortgages",
 "permalink": "about-reverse-mortgages",
 "crunchbase_url": "http://www.crunchbase.com/company/about-reverse-mortgages",
 "homepage_url": null,
 "blog_url": null,
 "blog_feed_url": null,
 "twitter_username": null,
 "category_code": null,
 "number_of_employees": null,
 "founded_year": null,
 "founded_month": null,
 "founded_day": null,
 "deadpooled_year": null,
 "deadpooled_month": null,
 "deadpooled_day": null,
 "deadpooled_url": null,
 "tag_list": null,
 "alias_list": null,
 "email_address": null,
 "phone_number": null,
 "description": null,
 "created_at": "Fri Feb 22 19:10:06 UTC 2013",
 "updated_at": "Fri Feb 22 23:24:45 UTC 2013",
 "overview": null,
 "image": null,
 "products":
  [],
 "relationships":
  [],
 "competitions":
  [],
 "providerships":
  [],
 "total_money_raised": "$0",
 "funding_rounds":
  [],
 "investments":
  [],
 "acquisition":
  {"price_amount": 50000.0,
   "price_currency_code": "USD",
   "term_code": "cash",
   "source_url": "http://www.prweb.com/releases/2012/9/prweb9910574.htm",
   "source_description": "Reverse Mortgage Lenders Direct Acquires http://www.aboutreversemortgages.com to Dominate Search Engine Visibility in 2012",
   "acquired_year": 2012,
   "acquired_month": 9,
   "acquired_day": 8,
   "acquiring_company":
    {"name": "Reverse Mortgage Lenders Direct",
     "permalink": "reverse-mortgage-lenders-direct"}},
 "acquisitions":
  [],
 "offices":
  [],
 "milestones":
  [],
 "ipo": null,
 "video_embeds":
  [],
 "screenshots":
  [],
 "external_links":
  [],
 "partners":
  []}
