{"name": "Absolutely Casual Patio Furniture",
 "permalink": "absolutely-casual-patio-furniture",
 "crunchbase_url": "http://www.crunchbase.com/company/absolutely-casual-patio-furniture",
 "homepage_url": "http://absolutelypatioaz.com",
 "blog_url": "",
 "blog_feed_url": "",
 "twitter_username": null,
 "category_code": null,
 "number_of_employees": null,
 "founded_year": null,
 "founded_month": null,
 "founded_day": null,
 "deadpooled_year": null,
 "deadpooled_month": null,
 "deadpooled_day": null,
 "deadpooled_url": null,
 "tag_list": "phoenix-patio-furniture, phoenix-outdoor-furniture, scottsdale-patio-furniture, patio-furniture-in-phoenix, outdoor-furniture-phoenix",
 "alias_list": null,
 "email_address": "",
 "phone_number": "623-583-9493",
 "description": "Outdoor Furniture Store",
 "created_at": "Mon Jan 14 18:29:58 UTC 2013",
 "updated_at": "Thu Jan 17 07:54:29 UTC 2013",
 "overview": "\u003Cp\u003E12751 West Bell Road \nSurprise, AZ 85378\n(623) 583-9493\nhttp://absolutelypatioaz.com/\u003C/p\u003E\n\n\u003Cp\u003EAbsolutely Casual Patio Furniture helps you create your outdoor paradise with durable Phoenix patio furniture, Phoenix outdoor furniture, and Scottsdale patio furniture at unbeatable prices.\u003C/p\u003E\n\n\u003Cp\u003EPRODUCTS:,\nAlu-Mont Collection, Calypso Collection, Full Cushion Montreux Collection, Lakeside Full Cushion Collection, Majorca, Mallin Collections, Montreux Collections, Patio Lighting, Shoreline Collection, Tropitone Collections, Umbrella\u003C/p\u003E\n\n\u003Cp\u003EBUSINESS HOURS:\nMon - Fri ; 9:00 AM \u2013 5:00 PM\u003C/p\u003E",
 "image":
  {"available_sizes":
    [[[150,
       31],
      "http://api-images.crunchbase.com/assets/images/resized/0022/9652/229652v2-max-150x150.png"],
     [[250,
       51],
      "http://api-images.crunchbase.com/assets/images/resized/0022/9652/229652v2-max-250x250.png"],
     [[450,
       93],
      "http://api-images.crunchbase.com/assets/images/resized/0022/9652/229652v2-max-450x450.png"]],
   "attribution": null},
 "products":
  [],
 "relationships":
  [],
 "competitions":
  [],
 "providerships":
  [],
 "total_money_raised": "$0",
 "funding_rounds":
  [],
 "investments":
  [],
 "acquisition": null,
 "acquisitions":
  [],
 "offices":
  [],
 "milestones":
  [],
 "ipo": null,
 "video_embeds":
  [],
 "screenshots":
  [],
 "external_links":
  [],
 "partners":
  []}
