{"name": "Absolute Security Services",
 "permalink": "absolute-security-services",
 "crunchbase_url": "http://www.crunchbase.com/company/absolute-security-services",
 "homepage_url": "http://www.absoluteservices.in",
 "blog_url": "",
 "blog_feed_url": "",
 "twitter_username": "AbsoluteIndia",
 "category_code": "security",
 "number_of_employees": null,
 "founded_year": 1984,
 "founded_month": 2,
 "founded_day": 18,
 "deadpooled_year": null,
 "deadpooled_month": null,
 "deadpooled_day": null,
 "deadpooled_url": null,
 "tag_list": "security-guards-services, security-guards-companies, security-services-gurgaon, private-security-services",
 "alias_list": null,
 "email_address": "support@absoluteservices.in",
 "phone_number": "011-24122604",
 "description": "Security Guards Company ",
 "created_at": "Wed Jan 02 09:35:43 UTC 2013",
 "updated_at": "Tue Oct 15 10:29:56 UTC 2013",
 "overview": "\u003Cp\u003EAbsolute Security Services provides complete solutions for Security Guards, Best security services for all Corporates, Banks \u0026amp; Financial Institutions, Embassies, Private Properties, Export houses, schools and large industries. Absolute Security Services well establish name in security guards services in Delhi, Gurgaon, and NCR region.\u003C/p\u003E\n\n\u003Cp\u003EWe value your money that you invest for your security and that is why we are committed to provide you our superior security services with full integrity, excellence and respect. Trust your security to the Top Security Guard Company in Delhi India. \u003C/p\u003E",
 "image":
  {"available_sizes":
    [[[150,
       150],
      "http://api-images.crunchbase.com/assets/images/resized/0023/4487/234487v2-max-150x150.jpg"],
     [[250,
       250],
      "http://api-images.crunchbase.com/assets/images/resized/0023/4487/234487v2-max-250x250.jpg"],
     [[250,
       250],
      "http://api-images.crunchbase.com/assets/images/resized/0023/4487/234487v2-max-450x450.jpg"]],
   "attribution": null},
 "products":
  [],
 "relationships":
  [],
 "competitions":
  [],
 "providerships":
  [],
 "total_money_raised": "$0",
 "funding_rounds":
  [],
 "investments":
  [],
 "acquisition": null,
 "acquisitions":
  [],
 "offices":
  [],
 "milestones":
  [],
 "ipo": null,
 "video_embeds":
  [],
 "screenshots":
  [{"available_sizes":
     [[[150,
        150],
       "http://api-images.crunchbase.com/assets/images/resized/0023/4490/234490v2-max-150x150.jpg"],
      [[250,
        250],
       "http://api-images.crunchbase.com/assets/images/resized/0023/4490/234490v2-max-250x250.jpg"],
      [[250,
        250],
       "http://api-images.crunchbase.com/assets/images/resized/0023/4490/234490v2-max-450x450.jpg"]],
    "attribution": null}],
 "external_links":
  [],
 "partners":
  []}
