{"name": "Abuzz Technologies",
 "permalink": "abuzz-technologies",
 "crunchbase_url": "http://www.crunchbase.com/company/abuzz-technologies",
 "homepage_url": null,
 "blog_url": null,
 "blog_feed_url": null,
 "twitter_username": null,
 "category_code": null,
 "number_of_employees": null,
 "founded_year": null,
 "founded_month": null,
 "founded_day": null,
 "deadpooled_year": null,
 "deadpooled_month": null,
 "deadpooled_day": null,
 "deadpooled_url": null,
 "tag_list": null,
 "alias_list": null,
 "email_address": null,
 "phone_number": null,
 "description": null,
 "created_at": "Sun Mar 31 01:53:51 UTC 2013",
 "updated_at": "Sun Mar 31 01:53:55 UTC 2013",
 "overview": null,
 "image": null,
 "products":
  [],
 "relationships":
  [{"is_past": true,
    "title": "Project Manager",
    "person":
     {"first_name": "Jeremy",
      "last_name": "Reitman",
      "permalink": "jeremy-reitman-2"}},
   {"is_past": true,
    "title": "Advisor",
    "person":
     {"first_name": "Philippe",
      "last_name": "Suchet",
      "permalink": "philippe-suchet"}},
   {"is_past": true,
    "title": "Securities Trader",
    "person":
     {"first_name": "Jessica",
      "last_name": "Brooks",
      "permalink": "jessica-brooks"}},
   {"is_past": true,
    "title": "Lead Product Designer",
    "person":
     {"first_name": "Sean",
      "last_name": "Duhame",
      "permalink": "sean-duhame"}},
   {"is_past": true,
    "title": "Director",
    "person":
     {"first_name": "Jennifer",
      "last_name": "Scott Fonstad",
      "permalink": "jennifer-scott-fonstad"}}],
 "competitions":
  [],
 "providerships":
  [],
 "total_money_raised": "$0",
 "funding_rounds":
  [],
 "investments":
  [],
 "acquisition": null,
 "acquisitions":
  [],
 "offices":
  [],
 "milestones":
  [],
 "ipo": null,
 "video_embeds":
  [],
 "screenshots":
  [],
 "external_links":
  [],
 "partners":
  []}
