{"name": "Academicwriting",
 "permalink": "academicwriting",
 "crunchbase_url": "http://www.crunchbase.com/company/academicwriting",
 "homepage_url": "http://www.essaywritingservice.com.au",
 "blog_url": "",
 "blog_feed_url": "",
 "twitter_username": null,
 "category_code": "education",
 "number_of_employees": null,
 "founded_year": null,
 "founded_month": null,
 "founded_day": null,
 "deadpooled_year": null,
 "deadpooled_month": null,
 "deadpooled_day": null,
 "deadpooled_url": null,
 "tag_list": "essay-writing-service, assignment-writing, essay-writing",
 "alias_list": null,
 "email_address": "help@academicwriting.com.au",
 "phone_number": "",
 "description": "Academic Writing specialists.",
 "created_at": "Mon Feb 25 05:43:11 UTC 2013",
 "updated_at": "Tue Feb 26 07:53:01 UTC 2013",
 "overview": "\u003Cp\u003EWe are an esteemed essay writing company in Melbourne. We provide academic writing services to moms, part-time and full time students in need of academic assistance. We have competent professionals who can handle any academic paper effectively.\u003C/p\u003E\n\n\u003Cp\u003EWe value our customers and follow their order instructions to the later. Our professionals are competent in all academic writing styles and they understand the importance of proper referencing of work. We work by the principle of CONFIDENTIALITY. Our writers research massively in order to produce original work on time.\u003C/p\u003E\n\n\u003Cp\u003EWe endeavor to produce quality work at all costs. We ensure that all assignment attain a score of 0% PLAGIARISM. Our professionals have competent academic writing skills for all academic writing style.\u003C/p\u003E\n\n\u003Cp\u003EWe uphold confidentiality at all times. The true IDENTITY of clients will NEVER be revealed to a third party. We value our customers and follow their instructions to the later.\u003C/p\u003E\n\n\u003Cp\u003EOur faithful clients have always expressed satisfaction with our performance. This comprises of TIMELY DELIVERY of top quality and original work.\u003C/p\u003E\n\n\u003Cp\u003EWe offer special DISCOUNTS to our clients despite the fact that we charge orders at student friendly rates.\u003C/p\u003E\n\n\u003Cp\u003ERevisions are done freely upon request. This happens rarely because our professionals always produce high quality work.\u003C/p\u003E\n\n\u003Cp\u003EIf you are in need of academic assistance in any field of study, professional at Writing Essays services are ready to start working on your paper. ORDER NOW!\u003C/p\u003E",
 "image":
  {"available_sizes":
    [[[150,
       131],
      "http://api-images.crunchbase.com/assets/images/resized/0023/8028/238028v2-max-150x150.jpg"],
     [[250,
       219],
      "http://api-images.crunchbase.com/assets/images/resized/0023/8028/238028v2-max-250x250.jpg"],
     [[285,
       250],
      "http://api-images.crunchbase.com/assets/images/resized/0023/8028/238028v2-max-450x450.jpg"]],
   "attribution": null},
 "products":
  [],
 "relationships":
  [],
 "competitions":
  [],
 "providerships":
  [],
 "total_money_raised": "$0",
 "funding_rounds":
  [],
 "investments":
  [],
 "acquisition": null,
 "acquisitions":
  [],
 "offices":
  [],
 "milestones":
  [],
 "ipo": null,
 "video_embeds":
  [],
 "screenshots":
  [],
 "external_links":
  [{"external_url": "http://www.essaywritingservice.com.au/",
    "title": "Essay Writing"},
   {"external_url": "http://www.essaywritingservice.com.au/2012/08/20/essay-writing-brisbane-solutions/",
    "title": "Essay Writing Service"},
   {"external_url": "http://www.essaywritingservice.com.au/2012/12/01/learn-how-to-improve-your-assignment-writing/",
    "title": "assignment writing"},
   {"external_url": "http://www.essaywritingservice.com.au/2012/12/19/improve-your-grades-with-the-online-assignment-help/",
    "title": "assignment help"}],
 "partners":
  []}
