{"name": "Acceptio",
 "permalink": "acceptio",
 "crunchbase_url": "http://www.crunchbase.com/company/acceptio",
 "homepage_url": "http://www.accept.io",
 "blog_url": "",
 "blog_feed_url": "",
 "twitter_username": "acceptio",
 "category_code": "enterprise",
 "number_of_employees": 5,
 "founded_year": 2013,
 "founded_month": 1,
 "founded_day": 8,
 "deadpooled_year": null,
 "deadpooled_month": null,
 "deadpooled_day": null,
 "deadpooled_url": null,
 "tag_list": "",
 "alias_list": null,
 "email_address": "info@acccept.io",
 "phone_number": "8772444410",
 "description": "Simplified Payment Acceptance",
 "created_at": "Mon Jan 28 22:03:02 UTC 2013",
 "updated_at": "Fri Feb 01 04:33:54 UTC 2013",
 "overview": "\u003Cp\u003EDisrupting the competition with an elegantly simple approach for making payment acceptance easy to understand and to use while offering truly exceptional pricing for better profitability.\u003C/p\u003E",
 "image":
  {"available_sizes":
    [[[150,
       45],
      "http://api-images.crunchbase.com/assets/images/resized/0023/2193/232193v2-max-150x150.png"],
     [[250,
       75],
      "http://api-images.crunchbase.com/assets/images/resized/0023/2193/232193v2-max-250x250.png"],
     [[450,
       135],
      "http://api-images.crunchbase.com/assets/images/resized/0023/2193/232193v2-max-450x450.png"]],
   "attribution": null},
 "products":
  [],
 "relationships":
  [{"is_past": false,
    "title": "Founder/Chief Strategy Officer",
    "person":
     {"first_name": "Paul",
      "last_name": "Lonsford",
      "permalink": "paul-lonsford"}}],
 "competitions":
  [{"competitor":
     {"name": "Square",
      "permalink": "square"}},
   {"competitor":
     {"name": "Stripe",
      "permalink": "stripe"}},
   {"competitor":
     {"name": "Braintree",
      "permalink": "braintree-payment-solutions"}}],
 "providerships":
  [],
 "total_money_raised": "$0",
 "funding_rounds":
  [],
 "investments":
  [],
 "acquisition": null,
 "acquisitions":
  [],
 "offices":
  [{"description": "Corporate Office",
    "address1": "12700 Park Central Drive",
    "address2": "Suite 1100",
    "zip_code": "75251",
    "city": "Dallas",
    "state_code": "TX",
    "country_code": "USA",
    "latitude": null,
    "longitude": null}],
 "milestones":
  [],
 "ipo": null,
 "video_embeds":
  [],
 "screenshots":
  [],
 "external_links":
  [],
 "partners":
  []}
