{"name": "ACCO Semiconductor",
 "permalink": "acco-semiconductor",
 "crunchbase_url": "http://www.crunchbase.com/company/acco-semiconductor",
 "homepage_url": "http://www.acco-semi.com",
 "blog_url": "",
 "blog_feed_url": "",
 "twitter_username": null,
 "category_code": "semiconductor",
 "number_of_employees": null,
 "founded_year": 1994,
 "founded_month": null,
 "founded_day": null,
 "deadpooled_year": null,
 "deadpooled_month": null,
 "deadpooled_day": null,
 "deadpooled_url": null,
 "tag_list": "",
 "alias_list": "",
 "email_address": "contact@acco-semi.com",
 "phone_number": "1-408-524-2600",
 "description": "Fabless semiconductor company",
 "created_at": "Mon Feb 25 04:59:53 UTC 2013",
 "updated_at": "Tue Apr 01 04:39:13 UTC 2014",
 "overview": "\u003Cp\u003EACCO Semiconductor is a fabless semiconductor company that is empowering today\u0026#8217;s mobile communications products with advanced, high performance and cost compelling CMOS wireless solutions.\u003C/p\u003E\n\n\u003Cp\u003EHeadquartered in Sunnyvale, California at the heart of \u0026#8216;Silicon Valley\u0026#8217;, ACCO has developed and patented a groundbreaking and highly innovative CMOS technology. ACCO is applying this technology to provide highly integrated and cost compelling, high-efficiency CMOS power amplifier products for 2G/EDGE/3G/4G mobile handsets not previously considered possible using CMOS technology.\u003C/p\u003E",
 "image":
  {"available_sizes":
    [[[150,
       65],
      "http://api-images.crunchbase.com/assets/images/resized/0023/8023/238023v1-max-150x150.jpg"],
     [[242,
       106],
      "http://api-images.crunchbase.com/assets/images/resized/0023/8023/238023v1-max-250x250.jpg"],
     [[242,
       106],
      "http://api-images.crunchbase.com/assets/images/resized/0023/8023/238023v1-max-450x450.jpg"]],
   "attribution": null},
 "products":
  [],
 "relationships":
  [{"is_past": false,
    "title": "Precident \u0026 CEO",
    "person":
     {"first_name": "Greg",
      "last_name": "Caltabiano",
      "permalink": "greg-caltabiano-2"}},
   {"is_past": false,
    "title": "CFO",
    "person":
     {"first_name": "Benoit",
      "last_name": "Rousseau",
      "permalink": "benoit-rousseau"}},
   {"is_past": false,
    "title": "CTO \u0026 Founder",
    "person":
     {"first_name": "Denis",
      "last_name": "Masliah",
      "permalink": "denis-masliah"}},
   {"is_past": false,
    "title": "Vice President of Marketing",
    "person":
     {"first_name": "Yi-Hsiu",
      "last_name": "Wang",
      "permalink": "yi-hsiu-wang"}},
   {"is_past": false,
    "title": "Vice President",
    "person":
     {"first_name": "Tuan",
      "last_name": "Nguyen",
      "permalink": "tuan-nguyen-2"}},
   {"is_past": false,
    "title": "Boards of Directors",
    "person":
     {"first_name": "Richard",
      "last_name": "Irving",
      "permalink": "richard-irving"}},
   {"is_past": false,
    "title": "Board of Directors",
    "person":
     {"first_name": "Rich",
      "last_name": "Redelfs",
      "permalink": "rich-redelfs"}},
   {"is_past": false,
    "title": "Vice President of Sales",
    "person":
     {"first_name": "Derek",
      "last_name": "Best",
      "permalink": "derek-best"}},
   {"is_past": false,
    "title": "Independent Board Member",
    "person":
     {"first_name": "Doug",
      "last_name": "Spreng",
      "permalink": "doug-spreng"}},
   {"is_past": false,
    "title": "Board of Directors",
    "person":
     {"first_name": "Tim",
      "last_name": "Wilson",
      "permalink": "tim-wilson-2"}},
   {"is_past": false,
    "title": "Vice President of Operations",
    "person":
     {"first_name": "Ron",
      "last_name": "Das",
      "permalink": "ron-das"}},
   {"is_past": false,
    "title": "Boards of Directors",
    "person":
     {"first_name": "Jean-Marc",
      "last_name": "Patouillaud",
      "permalink": "jean-marc-patouillaud"}},
   {"is_past": true,
    "title": "CEO",
    "person":
     {"first_name": "Kevin",
      "last_name": "Barber",
      "permalink": "kevin-barber"}},
   {"is_past": true,
    "title": "VP, Operations",
    "person":
     {"first_name": "Mohammad",
      "last_name": "Tafazzoli",
      "permalink": "mohammad-tafazzoli"}}],
 "competitions":
  [],
 "providerships":
  [],
 "total_money_raised": "$33.3M",
 "funding_rounds":
  [{"id": 40695,
    "round_code": "d",
    "source_url": "http://www.sec.gov/Archives/edgar/data/1501397/000150139713000002/xslFormDX01/primary_doc.xml",
    "source_description": "SEC",
    "raised_amount": 12191919.0,
    "raised_currency_code": "USD",
    "funded_year": 2013,
    "funded_month": 2,
    "funded_day": 6,
    "investments":
     [{"company": null,
       "financial_org":
        {"name": "Foundation Capital",
         "permalink": "foundation-capital"},
       "person": null}]},
   {"id": 62832,
    "round_code": "c",
    "source_url": "http://www.sec.gov/Archives/edgar/data/1501397/000150139710000001/xslFormDX01/primary_doc.xml",
    "source_description": "SEC",
    "raised_amount": 9996147.0,
    "raised_currency_code": "USD",
    "funded_year": 2010,
    "funded_month": 9,
    "funded_day": 15,
    "investments":
     []},
   {"id": 69733,
    "round_code": "e",
    "source_url": "http://www.sec.gov/Archives/edgar/data/1501397/000150139714000001/xslFormDX01/primary_doc.xml",
    "source_description": "SEC",
    "raised_amount": 11143748.0,
    "raised_currency_code": "USD",
    "funded_year": 2014,
    "funded_month": 3,
    "funded_day": 18,
    "investments":
     []}],
 "investments":
  [],
 "acquisition": null,
 "acquisitions":
  [],
 "offices":
  [{"description": "Headquarters",
    "address1": "1290 Oakmead Parkway",
    "address2": "Suite 201",
    "zip_code": "94085",
    "city": "Sunnyvale",
    "state_code": "CA",
    "country_code": "USA",
    "latitude": null,
    "longitude": null},
   {"description": "",
    "address1": "36-38, rue de la princesse",
    "address2": "78430 Louveciennes",
    "zip_code": "",
    "city": "",
    "state_code": null,
    "country_code": "FRA",
    "latitude": null,
    "longitude": null},
   {"description": "",
    "address1": "Room 1205, 12th Floor",
    "address2": "Super Ocean Financial Center No.8 Xianxia Road",
    "zip_code": "200336",
    "city": "Shanghai",
    "state_code": null,
    "country_code": "CHN",
    "latitude": null,
    "longitude": null}],
 "milestones":
  [],
 "ipo": null,
 "video_embeds":
  [],
 "screenshots":
  [{"available_sizes":
     [[[150,
        95],
       "http://api-images.crunchbase.com/assets/images/resized/0023/8024/238024v1-max-150x150.jpg"],
      [[250,
        158],
       "http://api-images.crunchbase.com/assets/images/resized/0023/8024/238024v1-max-250x250.jpg"],
      [[450,
        285],
       "http://api-images.crunchbase.com/assets/images/resized/0023/8024/238024v1-max-450x450.jpg"]],
    "attribution": null}],
 "external_links":
  [],
 "partners":
  []}
