{"name": "Accountability Lab",
 "permalink": "accountability-lab",
 "crunchbase_url": "http://www.crunchbase.com/company/accountability-lab",
 "homepage_url": "http://www.accountabilitylab.org",
 "blog_url": "http://www.bloggingonaccountability.org",
 "blog_feed_url": "",
 "twitter_username": "accountlab",
 "category_code": "other",
 "number_of_employees": 6,
 "founded_year": 2012,
 "founded_month": 4,
 "founded_day": null,
 "deadpooled_year": null,
 "deadpooled_month": null,
 "deadpooled_day": null,
 "deadpooled_url": null,
 "tag_list": "accountability, transparency, icts, governance, state-society-relations, fragile-states, development",
 "alias_list": null,
 "email_address": "info@accountabilitylab.org",
 "phone_number": "2022948331",
 "description": "Generating responsible development",
 "created_at": "Sat Feb 09 12:17:14 UTC 2013",
 "updated_at": "Thu Feb 14 07:22:58 UTC 2013",
 "overview": "\u003Cp\u003EThe Accountability Lab is an independent, non-profit organization that works to generate sustainable development through making power-holders responsible. The Lab acts as a sounding board, listening to, analyzing and reflecting upon accountability concerns; as an independent interface, engaging relevant actors across contexts and issues; and as an operational hub, catalyzing innovative accountability tools and communities. Through this approach, the Lab bolsters efforts to address the causes rather than the symptoms of poverty, exclusion and insecurity.\u003C/p\u003E\n\n\u003Cp\u003EThe Lab catalyzes tools for new and innovative approaches to bolster accountability.  The team: \u003C/p\u003E\n\n\u003Cp\u003Ei)  Listens to problems related to accountability, and analyzes core concerns within specific contexts through careful outreach. Too often, interventions are supply-driven and do not fit with on-the-ground needs and political-economy dynamics.\u003C/p\u003E\n\n\u003Cp\u003Eii) Recognizes valuable accountability practices and builds partnerships to pilot new tools and validate fresh thinking, with an emphasis on learning from failure. In many cases, knowledge is not shared and experience is not sufficiently internalized. \u003C/p\u003E\n\n\u003Cp\u003Eiii)    Engages relevant actors and builds communities that can curate and propagate alternative ideas to allow for scale and impact. Collective solutions to shared issues of accountability are hindered when targeted support is not strategic, timely or durable.\u003C/p\u003E\n\n\u003Cp\u003EThe Lab works with partners through three key channels:\u003C/p\u003E\n\n\u003Cp\u003Ei)  Accountability Change Agency. A framework through which the Lab works with civil society groups to catalyze the development of new and innovative tools at the country-level, with a particular focus on youth. \u003C/p\u003E\n\n\u003Cp\u003Eii) @ccountability Initiative. A window through which the Lab supports new ideas at the intersection of accountability and technology through collaboration with ICT experts on the ground. \u003C/p\u003E\n\n\u003Cp\u003Eiii)    Accountapreneurship Funds. A support mechanism through which the Lab identifies and provides financial, networking and training support to \u201caccountapreneurs\u201d (individuals, groups or organizations that demonstrate an entrepreneurial approach to accountability issues).\u003C/p\u003E\n\n\u003Cp\u003EThe Lab is registered as a 501(c)(3) status non-profit, tax exempt organization in the United States, based in the OpenGovHub. It is currently overseen by an independent, unpaid Board of Directors and supported through a voluntary \u201cBrain Trust\u201d of senior advisors around the world; and \u201cKitchen Cabinet\u201d of close supporters.\u003C/p\u003E",
 "image":
  {"available_sizes":
    [[[108,
       108],
      "http://api-images.crunchbase.com/assets/images/resized/0023/5749/235749v2-max-150x150.png"],
     [[108,
       108],
      "http://api-images.crunchbase.com/assets/images/resized/0023/5749/235749v2-max-250x250.png"],
     [[108,
       108],
      "http://api-images.crunchbase.com/assets/images/resized/0023/5749/235749v2-max-450x450.png"]],
   "attribution": null},
 "products":
  [],
 "relationships":
  [{"is_past": false,
    "title": "Executive Director",
    "person":
     {"first_name": "Blair",
      "last_name": "Glencorse",
      "permalink": "blair-glencorse"}}],
 "competitions":
  [],
 "providerships":
  [{"title": "Legal",
    "is_past": false,
    "provider":
     {"name": "Epstein, Becker Green",
      "permalink": "epstein-becker-green"}}],
 "total_money_raised": "$0",
 "funding_rounds":
  [],
 "investments":
  [],
 "acquisition": null,
 "acquisitions":
  [],
 "offices":
  [{"description": "OpenGovHub",
    "address1": "1889 F Street, NW,",
    "address2": "2nd Floor",
    "zip_code": "20006",
    "city": "Washington",
    "state_code": "DC",
    "country_code": "USA",
    "latitude": 38.8974906,
    "longitude": -77.042897},
   {"description": "Nepal Office",
    "address1": "NEF, Krishna Galli",
    "address2": "Lalitpur",
    "zip_code": "",
    "city": "Kathmandu",
    "state_code": null,
    "country_code": "NPL",
    "latitude": 27.7,
    "longitude": 85.3333333},
   {"description": "Liberia Office",
    "address1": "Business Start-up Center, Monrovia",
    "address2": "Graduate School Building GD 2-8, University of Liberia",
    "zip_code": "",
    "city": "Monrovia",
    "state_code": null,
    "country_code": "LBR",
    "latitude": 6.300774,
    "longitude": -10.79716}],
 "milestones":
  [],
 "ipo": null,
 "video_embeds":
  [],
 "screenshots":
  [],
 "external_links":
  [{"external_url": "http://www.trust.org/trustlaw/news/qa-embrace-failure-in-the-fight-to-hold-leaders-to-account-expert-says/",
    "title": "Reuters TrustLaw"}],
 "partners":
  []}
