{"name": "AccSys Business Consultants",
 "permalink": "accsys-business-consultants",
 "crunchbase_url": "http://www.crunchbase.com/company/accsys-business-consultants",
 "homepage_url": "http://www.accsys.org",
 "blog_url": "",
 "blog_feed_url": "",
 "twitter_username": "accsys_tweets",
 "category_code": "software",
 "number_of_employees": 25,
 "founded_year": 2001,
 "founded_month": 10,
 "founded_day": 1,
 "deadpooled_year": null,
 "deadpooled_month": null,
 "deadpooled_day": null,
 "deadpooled_url": null,
 "tag_list": "software, internet, seo, web, cms, websites, design",
 "alias_list": null,
 "email_address": "",
 "phone_number": "",
 "description": "Design. Develop. Deliver.",
 "created_at": "Fri Jan 04 14:35:51 UTC 2013",
 "updated_at": "Sat Jan 05 06:50:07 UTC 2013",
 "overview": "\u003Cp\u003Eaccsys is a software development house that combines a myriad of skills, and proprietary technologies, to deliver volume digital content through multiple channel partners to their customer base, providing them with a high quality online presence. Our solutions are built on a plethora of core technologies, which have taken many years to develop. \u003C/p\u003E\n\n\u003Cp\u003EWe are sometimes thought of as a digital agency but we\u0026#8217;re actually much more than that. \u003C/p\u003E",
 "image":
  {"available_sizes":
    [[[150,
       36],
      "http://api-images.crunchbase.com/assets/images/resized/0022/8097/228097v2-max-150x150.png"],
     [[250,
       59],
      "http://api-images.crunchbase.com/assets/images/resized/0022/8097/228097v2-max-250x250.png"],
     [[450,
       107],
      "http://api-images.crunchbase.com/assets/images/resized/0022/8097/228097v2-max-450x450.png"]],
   "attribution": null},
 "products":
  [],
 "relationships":
  [{"is_past": true,
    "title": "Global Head of Channel Development",
    "person":
     {"first_name": "Justin",
      "last_name": "Staines",
      "permalink": "justin-staines"}}],
 "competitions":
  [{"competitor":
     {"name": "Google",
      "permalink": "google"}},
   {"competitor":
     {"name": "Appian",
      "permalink": "appian"}},
   {"competitor":
     {"name": "R2 Studios",
      "permalink": "r2-studios"}},
   {"competitor":
     {"name": "RankAbove",
      "permalink": "rankabove"}},
   {"competitor":
     {"name": "SRCH2",
      "permalink": "srch2"}}],
 "providerships":
  [],
 "total_money_raised": "$0",
 "funding_rounds":
  [],
 "investments":
  [],
 "acquisition": null,
 "acquisitions":
  [],
 "offices":
  [{"description": "Global Headquarters",
    "address1": "",
    "address2": "",
    "zip_code": "",
    "city": "Peterborough",
    "state_code": null,
    "country_code": "GBR",
    "latitude": null,
    "longitude": null}],
 "milestones":
  [],
 "ipo": null,
 "video_embeds":
  [],
 "screenshots":
  [],
 "external_links":
  [],
 "partners":
  []}
