{"name": "Ace Air",
 "permalink": "ace-air",
 "crunchbase_url": "http://www.crunchbase.com/company/ace-air",
 "homepage_url": "http://www.acehomeaz.com",
 "blog_url": "",
 "blog_feed_url": "",
 "twitter_username": "acehomeaz",
 "category_code": "other",
 "number_of_employees": null,
 "founded_year": 1994,
 "founded_month": null,
 "founded_day": null,
 "deadpooled_year": null,
 "deadpooled_month": null,
 "deadpooled_day": null,
 "deadpooled_url": null,
 "tag_list": "phoenix-air-conditioning, phoenix-heating, air-conditioning-in-phoenix, air-conditioning-phoenix, heating-phoenix",
 "alias_list": "",
 "email_address": "",
 "phone_number": "602-266-5223",
 "description": "HVAC Contractor",
 "created_at": "Thu Jan 17 02:01:00 UTC 2013",
 "updated_at": "Sat Apr 05 08:22:44 UTC 2014",
 "overview": "\u003Cp\u003E3933 East La Salle Street\nPhoenix, AZ 85040\n602-266-5223\ninfo@coolace.com\nhttp://www.coolace.com/\u003C/p\u003E\n\n\u003Cp\u003EOur technicians strive to provide you w/ quick, reliable \u0026amp; trustworthy Phoenix air conditioning \u0026amp; Phoenix heating services. We offer a 24-hour customer care line \u0026amp; same-day service. Contact us today!\u003C/p\u003E\n\n\u003Cp\u003ESERVICES:\nAir Conditioner Repair , A/C Equipment Replacement, Indoor Air Quality Service, Blow in Attic Insulation, Duct Cleaning \u0026amp; Modification, Heating Equipment Repair, Heating Equipment Replacement, Furnace/Heat Pump Installation, Plumbing, Residential, Commercial\u003C/p\u003E\n\n\u003Cp\u003EBUSINESS HOURS: \n24/7\u003C/p\u003E",
 "image":
  {"available_sizes":
    [[[150,
       86],
      "http://api-images.crunchbase.com/assets/images/resized/0023/0103/230103v2-max-150x150.jpg"],
     [[250,
       143],
      "http://api-images.crunchbase.com/assets/images/resized/0023/0103/230103v2-max-250x250.jpg"],
     [[299,
       172],
      "http://api-images.crunchbase.com/assets/images/resized/0023/0103/230103v2-max-450x450.jpg"]],
   "attribution": null},
 "products":
  [],
 "relationships":
  [],
 "competitions":
  [],
 "providerships":
  [],
 "total_money_raised": "$0",
 "funding_rounds":
  [],
 "investments":
  [],
 "acquisition": null,
 "acquisitions":
  [],
 "offices":
  [],
 "milestones":
  [],
 "ipo": null,
 "video_embeds":
  [],
 "screenshots":
  [],
 "external_links":
  [],
 "partners":
  []}
