{"name": "Acheter Vues Fans Followers",
 "permalink": "acheter-vues-fans-followers",
 "crunchbase_url": "http://www.crunchbase.com/company/acheter-vues-fans-followers",
 "homepage_url": "http://www.achetervuesfansfollowers.com",
 "blog_url": "",
 "blog_feed_url": "",
 "twitter_username": null,
 "category_code": "ecommerce",
 "number_of_employees": 10,
 "founded_year": 2007,
 "founded_month": null,
 "founded_day": null,
 "deadpooled_year": null,
 "deadpooled_month": null,
 "deadpooled_day": null,
 "deadpooled_url": null,
 "tag_list": "twiter, social, media, faebook, youtube, instagram",
 "alias_list": null,
 "email_address": "socialmediaoutsourcer@gmail.com",
 "phone_number": "+610393323089",
 "description": "Social Media Marketing France",
 "created_at": "Thu Feb 14 01:29:57 UTC 2013",
 "updated_at": "Fri Feb 15 02:46:17 UTC 2013",
 "overview": "\u003Cp\u003ESocial Media Marketnig company based in France. Specializing in the creation and maintenance of social meda profiles on Facebook, Twitter, Youtube and Instagram for their clients.\u003C/p\u003E",
 "image":
  {"available_sizes":
    [[[150,
       148],
      "http://api-images.crunchbase.com/assets/images/resized/0023/5771/235771v2-max-150x150.jpg"],
     [[250,
       248],
      "http://api-images.crunchbase.com/assets/images/resized/0023/5771/235771v2-max-250x250.jpg"],
     [[450,
       446],
      "http://api-images.crunchbase.com/assets/images/resized/0023/5771/235771v2-max-450x450.jpg"]],
   "attribution": null},
 "products":
  [],
 "relationships":
  [{"is_past": false,
    "title": "Owner",
    "person":
     {"first_name": "Marc",
      "last_name": "Lafleur",
      "permalink": "marc-lafleur"}}],
 "competitions":
  [],
 "providerships":
  [],
 "total_money_raised": "$0",
 "funding_rounds":
  [],
 "investments":
  [],
 "acquisition": null,
 "acquisitions":
  [],
 "offices":
  [{"description": "France Office",
    "address1": "87 Rue Legendre",
    "address2": "",
    "zip_code": "75017",
    "city": "Paris",
    "state_code": null,
    "country_code": "FRA",
    "latitude": null,
    "longitude": null}],
 "milestones":
  [],
 "ipo": null,
 "video_embeds":
  [],
 "screenshots":
  [],
 "external_links":
  [],
 "partners":
  []}
