{"name": "Acorn Innovestments",
 "permalink": "acorn-innovestments",
 "crunchbase_url": "http://www.crunchbase.com/company/acorn-innovestments",
 "homepage_url": null,
 "blog_url": null,
 "blog_feed_url": null,
 "twitter_username": null,
 "category_code": null,
 "number_of_employees": null,
 "founded_year": null,
 "founded_month": null,
 "founded_day": null,
 "deadpooled_year": null,
 "deadpooled_month": null,
 "deadpooled_day": null,
 "deadpooled_url": null,
 "tag_list": null,
 "alias_list": null,
 "email_address": null,
 "phone_number": null,
 "description": null,
 "created_at": "Sun Feb 10 07:59:52 UTC 2013",
 "updated_at": "Wed Feb 13 03:10:45 UTC 2013",
 "overview": null,
 "image": null,
 "products":
  [],
 "relationships":
  [],
 "competitions":
  [],
 "providerships":
  [],
 "total_money_raised": "$0",
 "funding_rounds":
  [],
 "investments":
  [{"funding_round":
     {"round_code": "seed",
      "source_url": "http://wraltechwire.com/business/tech_wire/news/blogpost/11438477/",
      "source_description": "Acorn Innovestments",
      "raised_amount": 300000.0,
      "raised_currency_code": "USD",
      "funded_year": 2011,
      "funded_month": 1,
      "funded_day": 1,
      "company":
       {"name": "Sustainable Industrial Solutions",
        "permalink": "sustainable-industrial-solutions"}}}],
 "acquisition": null,
 "acquisitions":
  [],
 "offices":
  [],
 "milestones":
  [],
 "ipo": null,
 "video_embeds":
  [],
 "screenshots":
  [],
 "external_links":
  [],
 "partners":
  []}
