{"name": "Acoustic Sensing Technology",
 "permalink": "acoustic-sensing-technology",
 "crunchbase_url": "http://www.crunchbase.com/company/acoustic-sensing-technology",
 "homepage_url": "http://www.acousticsensing.co.uk",
 "blog_url": "",
 "blog_feed_url": "",
 "twitter_username": "AcousticSensing",
 "category_code": "cleantech",
 "number_of_employees": null,
 "founded_year": 2012,
 "founded_month": null,
 "founded_day": null,
 "deadpooled_year": null,
 "deadpooled_month": null,
 "deadpooled_day": null,
 "deadpooled_url": null,
 "tag_list": "",
 "alias_list": "",
 "email_address": "",
 "phone_number": "+44 (0) 7776160235",
 "description": "",
 "created_at": "Sun Mar 10 01:42:21 UTC 2013",
 "updated_at": "Thu Apr 03 08:20:30 UTC 2014",
 "overview": "\u003Cp\u003EAcoustic Sensing Technology (UK) Ltd. designs and develops sensor, SewerBatt which assesses the condition of sewer pipes. Acoustic Sensing Technology (UK) Ltd. was incorporated in 2012 and is based in Bradford, United Kingdom.\u003C/p\u003E",
 "image":
  {"available_sizes":
    [[[150,
       41],
      "http://api-images.crunchbase.com/assets/images/resized/0024/1327/241327v1-max-150x150.png"],
     [[250,
       69],
      "http://api-images.crunchbase.com/assets/images/resized/0024/1327/241327v1-max-250x250.png"],
     [[369,
       102],
      "http://api-images.crunchbase.com/assets/images/resized/0024/1327/241327v1-max-450x450.png"]],
   "attribution": null},
 "products":
  [],
 "relationships":
  [],
 "competitions":
  [],
 "providerships":
  [],
 "total_money_raised": "\u00a3650k",
 "funding_rounds":
  [{"id": 36101,
    "round_code": "private_equity",
    "source_url": "http://www.finsmes.com/2013/03/acoustic-sensing-technology-raises-650k-equity-funding.html",
    "source_description": "Acoustic Sensing Technology Raises \u00a3650K in Equity Funding",
    "raised_amount": 650000.0,
    "raised_currency_code": "GBP",
    "funded_year": 2013,
    "funded_month": 3,
    "funded_day": 9,
    "investments":
     [{"company": null,
       "financial_org":
        {"name": "The North West Fund",
         "permalink": "north-west-fund"},
       "person": null}]}],
 "investments":
  [],
 "acquisition": null,
 "acquisitions":
  [],
 "offices":
  [{"description": "",
    "address1": "Sci Tec Daresbury The Innovation Centre",
    "address2": "Keckwick Lane, Cheshire",
    "zip_code": "WA4 4FS",
    "city": "Daresbury",
    "state_code": null,
    "country_code": "GBR",
    "latitude": null,
    "longitude": null}],
 "milestones":
  [],
 "ipo": null,
 "video_embeds":
  [],
 "screenshots":
  [],
 "external_links":
  [],
 "partners":
  []}
