{"name": "Acquaintable",
 "permalink": "acquaintable",
 "crunchbase_url": "http://www.crunchbase.com/company/acquaintable",
 "homepage_url": "http://acquaintable.com",
 "blog_url": "http://blog.acquaintable.com",
 "blog_feed_url": "",
 "twitter_username": "acquaintable",
 "category_code": "web",
 "number_of_employees": null,
 "founded_year": 2012,
 "founded_month": null,
 "founded_day": null,
 "deadpooled_year": null,
 "deadpooled_month": null,
 "deadpooled_day": null,
 "deadpooled_url": null,
 "tag_list": "",
 "alias_list": null,
 "email_address": "",
 "phone_number": "",
 "description": "connecting friends-of-friends",
 "created_at": "Fri Feb 15 00:01:02 UTC 2013",
 "updated_at": "Mon Feb 17 14:40:04 UTC 2014",
 "overview": "\u003Cp\u003EAcquaintable is reinventing online dating by enabling people to meet friends-of-friends. Around 70% of people meet their significant other through friends. However, the major players in the dating space like Match.com introduce users to strangers. Acquaintable shows users a curated feed of friends-of-friends and allows users to message each other only if they both indicate they are interested. Acquaintable takes the creepiness out of online dating.  \u003C/p\u003E",
 "image":
  {"available_sizes":
    [[[150,
       150],
      "http://api-images.crunchbase.com/assets/images/resized/0023/6019/236019v2-max-150x150.jpg"],
     [[250,
       250],
      "http://api-images.crunchbase.com/assets/images/resized/0023/6019/236019v2-max-250x250.jpg"],
     [[450,
       450],
      "http://api-images.crunchbase.com/assets/images/resized/0023/6019/236019v2-max-450x450.jpg"]],
   "attribution": null},
 "products":
  [],
 "relationships":
  [{"is_past": false,
    "title": "Co-Founder \u0026 CEO",
    "person":
     {"first_name": "Joel J",
      "last_name": "Rodriguez",
      "permalink": "joel-j-rodriguez"}},
   {"is_past": false,
    "title": "Co-Founder \u0026 CTO",
    "person":
     {"first_name": "Peter",
      "last_name": "Boling",
      "permalink": "peter-boling"}}],
 "competitions":
  [],
 "providerships":
  [],
 "total_money_raised": "$40k",
 "funding_rounds":
  [{"id": 35557,
    "round_code": "seed",
    "source_url": "http://techcrunch.com/2013/01/24/er-accelerator-announces-10-startups-joining-its-january-2013-class/",
    "source_description": "ER Accelerator Announces 10 Startups Joining Its January 2013 Class",
    "raised_amount": 40000.0,
    "raised_currency_code": "USD",
    "funded_year": 2013,
    "funded_month": 1,
    "funded_day": 7,
    "investments":
     [{"company":
        {"name": "Entrepreneurs Roundtable Accelerator",
         "permalink": "er-accelerator"},
       "financial_org": null,
       "person": null}]}],
 "investments":
  [],
 "acquisition":
  {"price_amount": null,
   "price_currency_code": "USD",
   "term_code": null,
   "source_url": "http://gobigorgoho.me/post/68181399743/acquaintable-is-now-a-part-of-likebright",
   "source_description": "Acquaintable is now a part of LikeBright!",
   "acquired_year": 2013,
   "acquired_month": 10,
   "acquired_day": null,
   "acquiring_company":
    {"name": "LikeBright",
     "permalink": "likebright"}},
 "acquisitions":
  [],
 "offices":
  [{"description": null,
    "address1": null,
    "address2": null,
    "zip_code": null,
    "city": "New York",
    "state_code": "NY",
    "country_code": "USA",
    "latitude": 40.7143528,
    "longitude": -74.0059731}],
 "milestones":
  [],
 "ipo": null,
 "video_embeds":
  [],
 "screenshots":
  [],
 "external_links":
  [],
 "partners":
  []}
