{"name": "Active Up",
 "permalink": "active-up",
 "crunchbase_url": "http://www.crunchbase.com/company/active-up",
 "homepage_url": null,
 "blog_url": null,
 "blog_feed_url": null,
 "twitter_username": null,
 "category_code": null,
 "number_of_employees": null,
 "founded_year": null,
 "founded_month": null,
 "founded_day": null,
 "deadpooled_year": null,
 "deadpooled_month": null,
 "deadpooled_day": null,
 "deadpooled_url": null,
 "tag_list": null,
 "alias_list": null,
 "email_address": null,
 "phone_number": null,
 "description": null,
 "created_at": "Thu Mar 07 18:52:53 UTC 2013",
 "updated_at": "Thu Mar 07 18:53:05 UTC 2013",
 "overview": null,
 "image": null,
 "products":
  [],
 "relationships":
  [{"is_past": false,
    "title": "Founder \u0026 Managing Director",
    "person":
     {"first_name": "Pierre",
      "last_name": "Mengal",
      "permalink": "pierre-mengal"}}],
 "competitions":
  [],
 "providerships":
  [],
 "total_money_raised": "$0",
 "funding_rounds":
  [],
 "investments":
  [{"funding_round":
     {"round_code": "angel",
      "source_url": "",
      "source_description": "",
      "raised_amount": 425000.0,
      "raised_currency_code": "EUR",
      "funded_year": 2009,
      "funded_month": 10,
      "funded_day": 15,
      "company":
       {"name": "CasterStats",
        "permalink": "casterstats"}}}],
 "acquisition": null,
 "acquisitions":
  [],
 "offices":
  [],
 "milestones":
  [],
 "ipo": null,
 "video_embeds":
  [],
 "screenshots":
  [],
 "external_links":
  [],
 "partners":
  []}
