{"name": "ActivityGifts.co.uk",
 "permalink": "activitygifts-co-uk",
 "crunchbase_url": "http://www.crunchbase.com/company/activitygifts-co-uk",
 "homepage_url": "http://www.activitygifts.co.uk",
 "blog_url": "",
 "blog_feed_url": "",
 "twitter_username": "ActivityGiftsCo",
 "category_code": "ecommerce",
 "number_of_employees": null,
 "founded_year": 2010,
 "founded_month": null,
 "founded_day": null,
 "deadpooled_year": null,
 "deadpooled_month": null,
 "deadpooled_day": null,
 "deadpooled_url": null,
 "tag_list": "experience-gifts, activity-gifts, experiences-uk, activities-uk, gift-ideas-uk, gift-experiences, london-gift-ideas, london-activities, london-experiences",
 "alias_list": null,
 "email_address": "customercare@activitygifts.co.uk",
 "phone_number": "",
 "description": "Activity \u0026 Experience Gift Ideas",
 "created_at": "Mon Feb 25 09:49:05 UTC 2013",
 "updated_at": "Tue Feb 26 07:54:24 UTC 2013",
 "overview": "\u003Cp\u003EActivity Gifts \u0026amp; Experiences | Experience days \u0026amp; gifts Ideas Vouchers\u003C/p\u003E\n\n\u003Cp\u003EActivity and Experience Gifts Ideas, available in the UK and worldwide. We offer a wide range of experiences, from driving a super car, flying a helicopter, scuba diving and bungee jumping to beauty and spa treatments, cookery courses, personal styling sessions , short breaks and much more experience gifts to choose from.\u003C/p\u003E\n\n\u003Cp\u003EOperating 24/7, working with the best quality suppliers.E-vouchers and delivery methods available.\u003C/p\u003E",
 "image":
  {"available_sizes":
    [[[150,
       33],
      "http://api-images.crunchbase.com/assets/images/resized/0023/8057/238057v2-max-150x150.png"],
     [[250,
       56],
      "http://api-images.crunchbase.com/assets/images/resized/0023/8057/238057v2-max-250x250.png"],
     [[394,
       89],
      "http://api-images.crunchbase.com/assets/images/resized/0023/8057/238057v2-max-450x450.png"]],
   "attribution": null},
 "products":
  [],
 "relationships":
  [],
 "competitions":
  [],
 "providerships":
  [],
 "total_money_raised": "$0",
 "funding_rounds":
  [],
 "investments":
  [],
 "acquisition": null,
 "acquisitions":
  [],
 "offices":
  [],
 "milestones":
  [],
 "ipo": null,
 "video_embeds":
  [],
 "screenshots":
  [],
 "external_links":
  [],
 "partners":
  []}
