{"name": "Actual Reports",
 "permalink": "actual-reports",
 "crunchbase_url": "http://www.crunchbase.com/company/actual-reports",
 "homepage_url": "http://actualreports.com",
 "blog_url": "",
 "blog_feed_url": "",
 "twitter_username": "ActualReports",
 "category_code": "software",
 "number_of_employees": 10,
 "founded_year": 2012,
 "founded_month": 8,
 "founded_day": null,
 "deadpooled_year": null,
 "deadpooled_month": null,
 "deadpooled_day": null,
 "deadpooled_url": null,
 "tag_list": "documents, saas, labels, api",
 "alias_list": "",
 "email_address": "info@actualreports.com",
 "phone_number": "(917) 210-1251",
 "description": "A flexible document generation platform.",
 "created_at": "Fri Jan 25 23:31:03 UTC 2013",
 "updated_at": "Thu Aug 08 05:07:20 UTC 2013",
 "overview": "\u003Cp\u003EA document generation platform combined with an easy-to-use editor and time-saving API for the developers.\u003C/p\u003E",
 "image":
  {"available_sizes":
    [[[150,
       150],
      "http://api-images.crunchbase.com/assets/images/resized/0023/1740/231740v2-max-150x150.png"],
     [[250,
       250],
      "http://api-images.crunchbase.com/assets/images/resized/0023/1740/231740v2-max-250x250.png"],
     [[256,
       256],
      "http://api-images.crunchbase.com/assets/images/resized/0023/1740/231740v2-max-450x450.png"]],
   "attribution": null},
 "products":
  [],
 "relationships":
  [{"is_past": false,
    "title": "Founder \u0026 COO",
    "person":
     {"first_name": "Martin",
      "last_name": "Hiiemaa",
      "permalink": "martin-hiiemaa"}},
   {"is_past": false,
    "title": "CEO",
    "person":
     {"first_name": "Tanel",
      "last_name": "T\u00e4hep\u00f5ld",
      "permalink": "tanel-thepld"}}],
 "competitions":
  [],
 "providerships":
  [],
 "total_money_raised": "$0",
 "funding_rounds":
  [],
 "investments":
  [],
 "acquisition": null,
 "acquisitions":
  [],
 "offices":
  [],
 "milestones":
  [],
 "ipo": null,
 "video_embeds":
  [],
 "screenshots":
  [{"available_sizes":
     [[[150,
        81],
       "http://api-images.crunchbase.com/assets/images/resized/0023/1739/231739v2-max-150x150.png"],
      [[250,
        135],
       "http://api-images.crunchbase.com/assets/images/resized/0023/1739/231739v2-max-250x250.png"],
      [[450,
        243],
       "http://api-images.crunchbase.com/assets/images/resized/0023/1739/231739v2-max-450x450.png"]],
    "attribution": null},
   {"available_sizes":
     [[[150,
        106],
       "http://api-images.crunchbase.com/assets/images/resized/0030/3595/303595v1-max-150x150.png"],
      [[250,
        178],
       "http://api-images.crunchbase.com/assets/images/resized/0030/3595/303595v1-max-250x250.png"],
      [[403,
        287],
       "http://api-images.crunchbase.com/assets/images/resized/0030/3595/303595v1-max-450x450.png"]],
    "attribution": null},
   {"available_sizes":
     [[[150,
        106],
       "http://api-images.crunchbase.com/assets/images/resized/0030/3596/303596v1-max-150x150.png"],
      [[250,
        177],
       "http://api-images.crunchbase.com/assets/images/resized/0030/3596/303596v1-max-250x250.png"],
      [[404,
        287],
       "http://api-images.crunchbase.com/assets/images/resized/0030/3596/303596v1-max-450x450.png"]],
    "attribution": null}],
 "external_links":
  [],
 "partners":
  [{"partner_name": "angel_list",
    "homepage_url": "http://actualreports.com",
    "link_1_url": "https://angel.co/actual-reports-1",
    "link_2_url": null,
    "link_3_url": null,
    "link_1_name": "AngelList Page",
    "link_2_name": null,
    "link_3_name": null}]}
