{"name": "Acumium",
 "permalink": "acumium",
 "crunchbase_url": "http://www.crunchbase.com/company/acumium",
 "homepage_url": "http://www.acumium.com",
 "blog_url": "http://blog.acumium.com",
 "blog_feed_url": "http://feeds.feedburner.com/acumium",
 "twitter_username": "Acumium",
 "category_code": "software",
 "number_of_employees": 18,
 "founded_year": 2001,
 "founded_month": null,
 "founded_day": null,
 "deadpooled_year": null,
 "deadpooled_month": null,
 "deadpooled_day": null,
 "deadpooled_url": null,
 "tag_list": "ecommerce, search-engine-marketing, web-development, internet-marketing, cms, content-management-platform, ecommerce-platform",
 "alias_list": null,
 "email_address": "info@acumium.com",
 "phone_number": "6083109700",
 "description": "",
 "created_at": "Tue Apr 02 15:58:36 UTC 2013",
 "updated_at": "Wed Apr 03 17:55:45 UTC 2013",
 "overview": "\u003Cp\u003EAcumium (pronounced \u0026#8220;a-q\u00fa-me-um\u0026#8221;) is a group of technology and marketing savvy professionals who are passionately committed to growing your business online through their web development and search engine marketing services.\u003C/p\u003E\n\n\u003Cp\u003EUsing their content management and eCommerce platforms, they build, support and optimize websites that are designed to grow online business, promote their customers\u0026#8217; brands and set them apart from the competition.\u003C/p\u003E\n\n\u003Cp\u003EThey are not just a bunch of web developers, however. They also have proven success in search engine optimization, search engine marketing and social media marketing for their customers. \u003C/p\u003E\n\n\u003Cp\u003EAcumium is located in the Midwest in the budding tech community of Madison, WI.\u003C/p\u003E",
 "image": null,
 "products":
  [],
 "relationships":
  [{"is_past": false,
    "title": "Founder, CEO",
    "person":
     {"first_name": "Daniel",
      "last_name": "Costello",
      "permalink": "daniel-costello"}},
   {"is_past": false,
    "title": "COO",
    "person":
     {"first_name": "Jyll",
      "last_name": "Rademacher",
      "permalink": "jyll-rademacher"}},
   {"is_past": false,
    "title": "VP of Marketing and Sales",
    "person":
     {"first_name": "Christopher",
      "last_name": "Uschan",
      "permalink": "christopher-uschan"}}],
 "competitions":
  [],
 "providerships":
  [],
 "total_money_raised": "$0",
 "funding_rounds":
  [],
 "investments":
  [],
 "acquisition": null,
 "acquisitions":
  [],
 "offices":
  [{"description": "Headquarters",
    "address1": "717 John Nolen Dr",
    "address2": "",
    "zip_code": "53713",
    "city": "Madison",
    "state_code": "WI",
    "country_code": "USA",
    "latitude": null,
    "longitude": null}],
 "milestones":
  [],
 "ipo": null,
 "video_embeds":
  [],
 "screenshots":
  [],
 "external_links":
  [{"external_url": "http://www.prweb.com/releases/responsive-design/ecommerce-website/prweb10529124.htm",
    "title": "Acumium Provides Responsive Design"},
   {"external_url": "http://wisbusiness.com/1008/120713_Acumium.pdf",
    "title": "Acumium Launches New eCommerce SaaS Platform"}],
 "partners":
  []}
