{"name": "acumbamail",
 "permalink": "acumbamail",
 "crunchbase_url": "http://www.crunchbase.com/company/acumbamail",
 "homepage_url": "http://acumbamail.com",
 "blog_url": "http://blog.acumbamail.com",
 "blog_feed_url": "http://blog.acumbamail.com/feed",
 "twitter_username": "acumbamail",
 "category_code": "software",
 "number_of_employees": 5,
 "founded_year": 2012,
 "founded_month": null,
 "founded_day": null,
 "deadpooled_year": null,
 "deadpooled_month": null,
 "deadpooled_day": null,
 "deadpooled_url": null,
 "tag_list": "acumbamail, email-marketing, emailing, newsletter, email, mail, spam, mass, esp, email-newsletters, mailing-list, online-marketing",
 "alias_list": "",
 "email_address": "soporte@acumbamail.com",
 "phone_number": "91 278 40 71",
 "description": "email marketing",
 "created_at": "Mon Feb 04 18:29:48 UTC 2013",
 "updated_at": "Fri Dec 13 07:59:37 UTC 2013",
 "overview": "\u003Cp\u003EYou create the content. We send it.\u003C/p\u003E\n\n\u003Cp\u003ESend your campaigns through acumbamail is easy, simple and cheap. In our website you can create all kind of designs using our templates or import your own design. You can integrate our SMTP server in your applications\u003C/p\u003E",
 "image":
  {"available_sizes":
    [[[150,
       33],
      "http://api-images.crunchbase.com/assets/images/resized/0023/3548/233548v2-max-150x150.png"],
     [[250,
       56],
      "http://api-images.crunchbase.com/assets/images/resized/0023/3548/233548v2-max-250x250.png"],
     [[450,
       101],
      "http://api-images.crunchbase.com/assets/images/resized/0023/3548/233548v2-max-450x450.png"]],
   "attribution": null},
 "products":
  [],
 "relationships":
  [{"is_past": false,
    "title": "Co-Founder",
    "person":
     {"first_name": "Ignacio",
      "last_name": "Arriaga",
      "permalink": "ignacio-arriaga"}},
   {"is_past": false,
    "title": "",
    "person":
     {"first_name": "David",
      "last_name": "Carrero Fernandez-Baillo",
      "permalink": "david-carrero-fernandez-baillo"}},
   {"is_past": false,
    "title": "Co-Founder",
    "person":
     {"first_name": "Rafael",
      "last_name": "Cabanillas",
      "permalink": "rafael-cabanillas"}}],
 "competitions":
  [],
 "providerships":
  [],
 "total_money_raised": "$0",
 "funding_rounds":
  [],
 "investments":
  [],
 "acquisition": null,
 "acquisitions":
  [],
 "offices":
  [{"description": "HQ",
    "address1": "Obispo Herv\u00e1s n\u00ba4 Entreplanta K",
    "address2": "",
    "zip_code": "13002",
    "city": "Ciudad Real",
    "state_code": null,
    "country_code": "ESP",
    "latitude": 38.9827673,
    "longitude": -3.9355696}],
 "milestones":
  [],
 "ipo": null,
 "video_embeds":
  [],
 "screenshots":
  [{"available_sizes":
     [[[110,
        150],
       "http://api-images.crunchbase.com/assets/images/resized/0023/5198/235198v2-max-150x150.jpg"],
      [[184,
        250],
       "http://api-images.crunchbase.com/assets/images/resized/0023/5198/235198v2-max-250x250.jpg"],
      [[331,
        450],
       "http://api-images.crunchbase.com/assets/images/resized/0023/5198/235198v2-max-450x450.jpg"]],
    "attribution": null}],
 "external_links":
  [],
 "partners":
  []}
