{"name": "Acuo Technologies",
 "permalink": "acuo-technologies",
 "crunchbase_url": "http://www.crunchbase.com/company/acuo-technologies",
 "homepage_url": "http://www.acuotech.com",
 "blog_url": "",
 "blog_feed_url": "",
 "twitter_username": "AcuoTech",
 "category_code": null,
 "number_of_employees": null,
 "founded_year": null,
 "founded_month": null,
 "founded_day": null,
 "deadpooled_year": null,
 "deadpooled_month": null,
 "deadpooled_day": null,
 "deadpooled_url": null,
 "tag_list": "",
 "alias_list": "",
 "email_address": "info@acuotech.com",
 "phone_number": "952-905-3440",
 "description": "",
 "created_at": "Thu Jan 03 05:39:55 UTC 2013",
 "updated_at": "Thu Jan 03 05:46:10 UTC 2013",
 "overview": "\u003Cp\u003EAcuo Technologies was founded by a group of experienced software engineers with visionary ideas for new data archiving and storage system management. This same core team continues to lead their research and development initiatives and the production of their company\u0026#8217;s innovative products.\u003C/p\u003E",
 "image":
  {"available_sizes":
    [[[150,
       57],
      "http://api-images.crunchbase.com/assets/images/resized/0022/7794/227794v2-max-150x150.jpg"],
     [[213,
       81],
      "http://api-images.crunchbase.com/assets/images/resized/0022/7794/227794v2-max-250x250.jpg"],
     [[213,
       81],
      "http://api-images.crunchbase.com/assets/images/resized/0022/7794/227794v2-max-450x450.jpg"]],
   "attribution": null},
 "products":
  [],
 "relationships":
  [],
 "competitions":
  [],
 "providerships":
  [],
 "total_money_raised": "$0",
 "funding_rounds":
  [],
 "investments":
  [],
 "acquisition":
  {"price_amount": null,
   "price_currency_code": "USD",
   "term_code": null,
   "source_url": "http://www.prnewswire.com/news-releases/lexmark-acquires-acuo-technologies-185461462.html",
   "source_description": "Lexmark acquires Acuo Technologies",
   "acquired_year": 2013,
   "acquired_month": 1,
   "acquired_day": 2,
   "acquiring_company":
    {"name": "Lexmark",
     "permalink": "lexmark"}},
 "acquisitions":
  [],
 "offices":
  [{"description": "",
    "address1": "8009 34th Avenue South, Suite 900",
    "address2": "",
    "zip_code": "55425",
    "city": "Bloomington",
    "state_code": "MN",
    "country_code": "USA",
    "latitude": null,
    "longitude": null}],
 "milestones":
  [],
 "ipo": null,
 "video_embeds":
  [],
 "screenshots":
  [{"available_sizes":
     [[[150,
        131],
       "http://api-images.crunchbase.com/assets/images/resized/0022/7795/227795v1-max-150x150.jpg"],
      [[250,
        219],
       "http://api-images.crunchbase.com/assets/images/resized/0022/7795/227795v1-max-250x250.jpg"],
      [[450,
        395],
       "http://api-images.crunchbase.com/assets/images/resized/0022/7795/227795v1-max-450x450.jpg"]],
    "attribution": null}],
 "external_links":
  [],
 "partners":
  []}
