{"name": "AD Cleaning South Houston",
 "permalink": "ad-cleaning-south-houston",
 "crunchbase_url": "http://www.crunchbase.com/company/ad-cleaning-south-houston",
 "homepage_url": "http://www.airductcleaninghouston.com",
 "blog_url": "",
 "blog_feed_url": "",
 "twitter_username": null,
 "category_code": "other",
 "number_of_employees": null,
 "founded_year": null,
 "founded_month": null,
 "founded_day": null,
 "deadpooled_year": null,
 "deadpooled_month": null,
 "deadpooled_day": null,
 "deadpooled_url": null,
 "tag_list": "air-duct-cleaning, hvac-air-duct-cleaners, air-duct-cleaning-service, servicing-air-duct, emergency-air-duct-cleaning, certified-air-duct-cleaning-company, best-air-duct-cleaning, air-duct-maintenance, exhaust-system-cleaning, professional-air-duct-cleani",
 "alias_list": null,
 "email_address": "",
 "phone_number": "713-496-3106 ",
 "description": "Air Duct Cleaning/Maintenance",
 "created_at": "Sat Mar 16 13:43:20 UTC 2013",
 "updated_at": "Sat Mar 16 13:43:24 UTC 2013",
 "overview": "\u003Cp\u003EWe have this desire to become a better air duct cleaning company. And that is the reason why we keep on finding better methods and solutions to give people better air duct cleaning services.\u003C/p\u003E",
 "image":
  {"available_sizes":
    [[[132,
       150],
      "http://api-images.crunchbase.com/assets/images/resized/0024/2886/242886v2-max-150x150.jpg"],
     [[211,
       239],
      "http://api-images.crunchbase.com/assets/images/resized/0024/2886/242886v2-max-250x250.jpg"],
     [[211,
       239],
      "http://api-images.crunchbase.com/assets/images/resized/0024/2886/242886v2-max-450x450.jpg"]],
   "attribution": null},
 "products":
  [],
 "relationships":
  [],
 "competitions":
  [],
 "providerships":
  [{"title": "",
    "is_past": false,
    "provider":
     {"name": "Air Duct Cleaning",
      "permalink": "air-duct-cleaning-2"}}],
 "total_money_raised": "$0",
 "funding_rounds":
  [],
 "investments":
  [],
 "acquisition": null,
 "acquisitions":
  [],
 "offices":
  [{"description": "AD Cleaning South Housto",
    "address1": "1622 Spencer Highway #234",
    "address2": "",
    "zip_code": "77587",
    "city": "South Houston",
    "state_code": "TX",
    "country_code": "USA",
    "latitude": null,
    "longitude": null}],
 "milestones":
  [],
 "ipo": null,
 "video_embeds":
  [],
 "screenshots":
  [{"available_sizes":
     [[[150,
        102],
       "http://api-images.crunchbase.com/assets/images/resized/0024/2885/242885v2-max-150x150.jpg"],
      [[250,
        171],
       "http://api-images.crunchbase.com/assets/images/resized/0024/2885/242885v2-max-250x250.jpg"],
      [[271,
        186],
       "http://api-images.crunchbase.com/assets/images/resized/0024/2885/242885v2-max-450x450.jpg"]],
    "attribution": null}],
 "external_links":
  [],
 "partners":
  []}
