{"name": "Ad2Pixel Infotech",
 "permalink": "ad2pixel-infotech",
 "crunchbase_url": "http://www.crunchbase.com/company/ad2pixel-infotech",
 "homepage_url": "http://www.ad2pixel.com",
 "blog_url": "",
 "blog_feed_url": "",
 "twitter_username": "Ad2Pixel",
 "category_code": "software",
 "number_of_employees": 10,
 "founded_year": 2012,
 "founded_month": 10,
 "founded_day": 14,
 "deadpooled_year": null,
 "deadpooled_month": null,
 "deadpooled_day": null,
 "deadpooled_url": null,
 "tag_list": "web-design, web-development, mobile-apps, seo, smo, sem",
 "alias_list": null,
 "email_address": "info@ad2pixel.com",
 "phone_number": "+91-40-65518889",
 "description": "Web Services",
 "created_at": "Tue Mar 19 07:03:18 UTC 2013",
 "updated_at": "Fri Jan 31 12:54:02 UTC 2014",
 "overview": "\u003Cp\u003EAd2Pixel Infotech has the ability to take on small and large projects that include web designing, web development and internet marketing, as well as a full range of additional services.\u003C/p\u003E",
 "image":
  {"available_sizes":
    [[[150,
       150],
      "http://api-images.crunchbase.com/assets/images/resized/0024/3468/243468v4-max-150x150.jpg"],
     [[250,
       250],
      "http://api-images.crunchbase.com/assets/images/resized/0024/3468/243468v4-max-250x250.jpg"],
     [[450,
       450],
      "http://api-images.crunchbase.com/assets/images/resized/0024/3468/243468v4-max-450x450.jpg"]],
   "attribution": null},
 "products":
  [],
 "relationships":
  [],
 "competitions":
  [{"competitor":
     {"name": "Adam Gottbetter \u0026 Co. INT",
      "permalink": "adam-gottbetter-co-int"}}],
 "providerships":
  [],
 "total_money_raised": "$0",
 "funding_rounds":
  [],
 "investments":
  [],
 "acquisition": null,
 "acquisitions":
  [],
 "offices":
  [{"description": "Head Office",
    "address1": "H.No. 497/L3/SRT",
    "address2": "S.R Nagar",
    "zip_code": "50038",
    "city": "Hyderabad",
    "state_code": null,
    "country_code": "IND",
    "latitude": null,
    "longitude": null}],
 "milestones":
  [],
 "ipo": null,
 "video_embeds":
  [],
 "screenshots":
  [],
 "external_links":
  [],
 "partners":
  []}
