{"name": "Adaptive Media",
 "permalink": "adaptive-media",
 "crunchbase_url": "http://www.crunchbase.com/company/adaptive-media",
 "homepage_url": "http://www.adaptivem.com",
 "blog_url": "http://www.adaptivem.com/blog-2",
 "blog_feed_url": "",
 "twitter_username": "adaptive_m",
 "category_code": "advertising",
 "number_of_employees": null,
 "founded_year": 2012,
 "founded_month": null,
 "founded_day": null,
 "deadpooled_year": null,
 "deadpooled_month": null,
 "deadpooled_day": null,
 "deadpooled_url": null,
 "tag_list": "video, mobile, display, online-advertising, advertising",
 "alias_list": null,
 "email_address": "",
 "phone_number": "",
 "description": "An exclusive SSP. ",
 "created_at": "Tue Apr 02 22:47:27 UTC 2013",
 "updated_at": "Mon Apr 14 02:41:21 UTC 2014",
 "overview": "\u003Cp\u003EAdaptive Media is an exclusive SSP for publishers and content developers. We work with publishers to syndicate their video content across multiple platforms and channels and monetize their ad placements through online, mobile and video demand.\u003C/p\u003E\n\n\u003Cp\u003EOur video content library includes 25k+ videos which are bundled in our video player with ads to provide publishers with revenue stream. The video content is developed with high production values and syndicated on television affiliates. \u003C/p\u003E\n\n\u003Cp\u003EOur monthly reach across our clients sites is 20+ million unique users and growing in the fashion, entertainment and retail verticals.\u003C/p\u003E",
 "image":
  {"available_sizes":
    [[[150,
       26],
      "http://api-images.crunchbase.com/assets/images/resized/0024/7240/247240v2-max-150x150.png"],
     [[250,
       44],
      "http://api-images.crunchbase.com/assets/images/resized/0024/7240/247240v2-max-250x250.png"],
     [[250,
       44],
      "http://api-images.crunchbase.com/assets/images/resized/0024/7240/247240v2-max-450x450.png"]],
   "attribution": null},
 "products":
  [],
 "relationships":
  [{"is_past": false,
    "title": "VP Operations / Co-Founder",
    "person":
     {"first_name": "Sal",
      "last_name": "Aziz",
      "permalink": "sal-aziz"}},
   {"is_past": false,
    "title": "CEO / Co - Founder",
    "person":
     {"first_name": "Qayed",
      "last_name": "Shareef",
      "permalink": "qayed-shareef"}},
   {"is_past": false,
    "title": "VP Technology \u0026 Product / Co-Founder",
    "person":
     {"first_name": "Omar",
      "last_name": "Akram",
      "permalink": "omar-akram"}},
   {"is_past": false,
    "title": "VP Business Development",
    "person":
     {"first_name": "Ty",
      "last_name": "Ataei",
      "permalink": "ty-ataei"}},
   {"is_past": false,
    "title": "Advisor",
    "person":
     {"first_name": "Shawn",
      "last_name": "Sires",
      "permalink": "shawn-sires"}},
   {"is_past": false,
    "title": "Benjamin Kim",
    "person":
     {"first_name": "Campaign",
      "last_name": "\u0026 Account Manager",
      "permalink": "campaign-account-manager"}},
   {"is_past": false,
    "title": "Account Manager",
    "person":
     {"first_name": "Olivier",
      "last_name": "Glaser",
      "permalink": "olivier-glaser"}},
   {"is_past": false,
    "title": "Advisor",
    "person":
     {"first_name": "Matt",
      "last_name": "Barash",
      "permalink": "matt-barash"}},
   {"is_past": false,
    "title": "",
    "person":
     {"first_name": "Davide",
      "last_name": "Morelli",
      "permalink": "davide-morelli"}}],
 "competitions":
  [],
 "providerships":
  [],
 "total_money_raised": "$0",
 "funding_rounds":
  [],
 "investments":
  [],
 "acquisition": null,
 "acquisitions":
  [],
 "offices":
  [{"description": "HQ",
    "address1": "16795 VON KARMAN AVE",
    "address2": "Ste 240",
    "zip_code": "92606",
    "city": "Irvine",
    "state_code": "CA",
    "country_code": "USA",
    "latitude": 33.618258,
    "longitude": -117.675745}],
 "milestones":
  [{"id": 39251,
    "description": "Adaptive Media was acquired by Mimvi, Inc. a public company.  ",
    "stoned_year": 2013,
    "stoned_month": 7,
    "stoned_day": 1,
    "source_url": "http://www.marketwatch.com/story/mimvi-acquires-mobilevideointernet-advertising-company-with-significant-customer-base-and-revenues-adaptive-media-2013-07-02",
    "source_text": null,
    "source_description": "http://www.addapptivemedia.com/company/news/",
    "stoneable_type": "Company",
    "stoned_value": null,
    "stoned_value_type": null,
    "stoned_acquirer": null,
    "stoneable":
     {"name": "Adaptive Media",
      "permalink": "adaptive-media"}}],
 "ipo": null,
 "video_embeds":
  [],
 "screenshots":
  [],
 "external_links":
  [],
 "partners":
  []}
