{"name": "AdBogie",
 "permalink": "adbogie",
 "crunchbase_url": "http://www.crunchbase.com/company/adbogie",
 "homepage_url": "http://adbogie.com",
 "blog_url": "",
 "blog_feed_url": "",
 "twitter_username": "adbogie",
 "category_code": "advertising",
 "number_of_employees": null,
 "founded_year": 2012,
 "founded_month": 12,
 "founded_day": 12,
 "deadpooled_year": null,
 "deadpooled_month": null,
 "deadpooled_day": null,
 "deadpooled_url": null,
 "tag_list": "mobile-advertising, ios-advertising, ios-ads, monetize-apps, advertising, ios, ios-development, ios-developers, ios-apps, iphone-apps",
 "alias_list": null,
 "email_address": "contact@adbogie.com",
 "phone_number": "",
 "description": "Mobile Advertising",
 "created_at": "Mon Feb 04 21:40:39 UTC 2013",
 "updated_at": "Thu Feb 07 17:08:13 UTC 2013",
 "overview": "\u003Cp\u003EAdBogie is a mobile ad network. We work with app developers and advertisers to provide an efficient eco-system to serve advertisements on mobile devices.\u003C/p\u003E\n\n\u003Cp\u003EFounded in 2012, AdBogie LLC is a mobile advertising network. We work with app developers and advertisers to provide an efficient eco-system to serve high quality advertisements on mobile devices. Our platform offers a simpler \u0026amp; faster way for advertisers to get the word out about their product, and we provide a better solution for developers to earn more for their mobile traffic.\u003C/p\u003E\n\n\u003Cp\u003EAdBogie is focused on helping developers generate the most revenue for their traffic and giving advertisers a greater reach to their target audience.\u003C/p\u003E",
 "image":
  {"available_sizes":
    [[[150,
       150],
      "http://api-images.crunchbase.com/assets/images/resized/0023/3588/233588v2-max-150x150.png"],
     [[250,
       250],
      "http://api-images.crunchbase.com/assets/images/resized/0023/3588/233588v2-max-250x250.png"],
     [[450,
       450],
      "http://api-images.crunchbase.com/assets/images/resized/0023/3588/233588v2-max-450x450.png"]],
   "attribution": null},
 "products":
  [],
 "relationships":
  [{"is_past": false,
    "title": "CEO",
    "person":
     {"first_name": "Prasanth",
      "last_name": "Venigalla",
      "permalink": "prasanth-venigalla"}},
   {"is_past": false,
    "title": "CCO",
    "person":
     {"first_name": "Ash",
      "last_name": "Bhat",
      "permalink": "ash-bhat"}}],
 "competitions":
  [],
 "providerships":
  [],
 "total_money_raised": "$0",
 "funding_rounds":
  [],
 "investments":
  [],
 "acquisition": null,
 "acquisitions":
  [],
 "offices":
  [],
 "milestones":
  [],
 "ipo": null,
 "video_embeds":
  [],
 "screenshots":
  [],
 "external_links":
  [{"external_url": "http://www.intomobile.com/2013/01/21/16yearold-student-launches-mobile-ad-network-better-cpms-and-higher-cpc-rates-than-competing-services/",
    "title": "AdBogie on IntoMobile"}],
 "partners":
  []}
