{"name": "ADDNAG SOLUTIONS",
 "permalink": "addnag-solutions",
 "crunchbase_url": "http://www.crunchbase.com/company/addnag-solutions",
 "homepage_url": "http://addnag.com",
 "blog_url": "",
 "blog_feed_url": "",
 "twitter_username": "AddNag",
 "category_code": "web",
 "number_of_employees": 10,
 "founded_year": 2013,
 "founded_month": 2,
 "founded_day": 16,
 "deadpooled_year": null,
 "deadpooled_month": null,
 "deadpooled_day": null,
 "deadpooled_url": null,
 "tag_list": "nag-screen, dynamic-content, iphone-nag-screen, android-nag-screen, mobile-nag, dynamic-data",
 "alias_list": null,
 "email_address": "info@addnag.com",
 "phone_number": "",
 "description": "Platform for dynamic content generation",
 "created_at": "Tue Mar 19 19:43:11 UTC 2013",
 "updated_at": "Wed Mar 20 18:04:12 UTC 2013",
 "overview": "\u003Cp\u003EAddNag provides a content sharing patform for startups, entrepreneurs.\u003C/p\u003E\n\n\u003Cp\u003EAddNag is a free to use service for startups, entrepreneurs to help them built up there ideas. If you have any questions about AddNag or our services, please feel free to contact us.\u003C/p\u003E\n\n\u003Cp\u003EThe present support is to help you to display light content within application. We are in process to scale it up and make it easy to use for you. We will continue to make innovations and improvise the service while sticking to our goal of providing easy to use and economical platform for application developers. \u003C/p\u003E\n\n\u003Cp\u003EWhen you use AddNag Services, we may request information, including your FirstName, LastName, Email and Password to create your Profile. We use such information to manage your account and to provide you with access to the AddNag Services. \u003C/p\u003E",
 "image":
  {"available_sizes":
    [[[150,
       75],
      "http://api-images.crunchbase.com/assets/images/resized/0024/3737/243737v4-max-150x150.jpg"],
     [[250,
       125],
      "http://api-images.crunchbase.com/assets/images/resized/0024/3737/243737v4-max-250x250.jpg"],
     [[450,
       225],
      "http://api-images.crunchbase.com/assets/images/resized/0024/3737/243737v4-max-450x450.jpg"]],
   "attribution": null},
 "products":
  [],
 "relationships":
  [],
 "competitions":
  [],
 "providerships":
  [],
 "total_money_raised": "$0",
 "funding_rounds":
  [],
 "investments":
  [],
 "acquisition": null,
 "acquisitions":
  [],
 "offices":
  [],
 "milestones":
  [],
 "ipo": null,
 "video_embeds":
  [],
 "screenshots":
  [{"available_sizes":
     [[[150,
        112],
       "http://api-images.crunchbase.com/assets/images/resized/0024/3736/243736v2-max-150x150.jpg"],
      [[250,
        187],
       "http://api-images.crunchbase.com/assets/images/resized/0024/3736/243736v2-max-250x250.jpg"],
      [[450,
        337],
       "http://api-images.crunchbase.com/assets/images/resized/0024/3736/243736v2-max-450x450.jpg"]],
    "attribution": null}],
 "external_links":
  [],
 "partners":
  []}
