{"name": "Adello Inc",
 "permalink": "adello-group",
 "crunchbase_url": "http://www.crunchbase.com/company/adello-group",
 "homepage_url": "http://www.adello.com",
 "blog_url": "",
 "blog_feed_url": "",
 "twitter_username": "adello",
 "category_code": "mobile",
 "number_of_employees": 39,
 "founded_year": 2012,
 "founded_month": 12,
 "founded_day": 12,
 "deadpooled_year": null,
 "deadpooled_month": null,
 "deadpooled_day": null,
 "deadpooled_url": null,
 "tag_list": "real-time, analytics, mobile, advertising",
 "alias_list": null,
 "email_address": "info@adello.com",
 "phone_number": "+41 44 500 3150",
 "description": "Real Time Analytics DSP",
 "created_at": "Mon Mar 25 14:59:52 UTC 2013",
 "updated_at": "Mon Jan 13 13:06:08 UTC 2014",
 "overview": "\u003Cp\u003EAdello owns and operates AdCTRL, a real time analytics platform for mobile advertising. \u003C/p\u003E\n\n\u003Cp\u003EAdCTRL is built for large scale and world wide mobile advertising delivery combined with a high performing analytics system to allow for better targeting of advertising in real time.  AdCTRL analytics are set up to deal with a cookie free environment and provide multidimensional targeting without interference with customer data protection issues.\u003C/p\u003E\n\n\u003Cp\u003EAdello is based in Switzerland with offices throughout Europe and the ability to deliver campaigns globally. Adello is serving both multinational and local advertisers and publishers.\u003C/p\u003E",
 "image":
  {"available_sizes":
    [[[150,
       54],
      "http://api-images.crunchbase.com/assets/images/resized/0024/5297/245297v2-max-150x150.png"],
     [[250,
       90],
      "http://api-images.crunchbase.com/assets/images/resized/0024/5297/245297v2-max-250x250.png"],
     [[450,
       162],
      "http://api-images.crunchbase.com/assets/images/resized/0024/5297/245297v2-max-450x450.png"]],
   "attribution": null},
 "products":
  [],
 "relationships":
  [{"is_past": false,
    "title": "CEO",
    "person":
     {"first_name": "Mark",
      "last_name": "Forster",
      "permalink": "mark-forster-2"}},
   {"is_past": false,
    "title": "CMO",
    "person":
     {"first_name": "Jana",
      "last_name": "Uhlig",
      "permalink": "jana-uhlig"}},
   {"is_past": false,
    "title": "CTO",
    "person":
     {"first_name": "Volkmar",
      "last_name": "Uhlig",
      "permalink": "volkmar-uhlig"}}],
 "competitions":
  [],
 "providerships":
  [],
 "total_money_raised": "$0",
 "funding_rounds":
  [],
 "investments":
  [],
 "acquisition": null,
 "acquisitions":
  [{"price_amount": null,
    "price_currency_code": "USD",
    "term_code": null,
    "source_url": "http://gigaom.com/2013/09/05/ad-platform-adello-buys-hadoop-startup-hstreaming/",
    "source_description": "Ad platform Adello acquires Hadoop startup HStreaming",
    "acquired_year": 2013,
    "acquired_month": 9,
    "acquired_day": 5,
    "company":
     {"name": "HStreaming",
      "permalink": "hstreaming"}}],
 "offices":
  [],
 "milestones":
  [],
 "ipo": null,
 "video_embeds":
  [],
 "screenshots":
  [],
 "external_links":
  [],
 "partners":
  []}
