{"name": "Aditi Technologies",
 "permalink": "aditi",
 "crunchbase_url": "http://www.crunchbase.com/company/aditi",
 "homepage_url": "http://aditi.com",
 "blog_url": "http://blog.aditi.com/",
 "blog_feed_url": "http://www.aditi.com/Blog%20feed",
 "twitter_username": "WeAreAditi",
 "category_code": null,
 "number_of_employees": null,
 "founded_year": 1994,
 "founded_month": null,
 "founded_day": null,
 "deadpooled_year": null,
 "deadpooled_month": null,
 "deadpooled_day": null,
 "deadpooled_url": null,
 "tag_list": null,
 "alias_list": "",
 "email_address": "",
 "phone_number": "",
 "description": "",
 "created_at": "Thu Dec 20 20:41:36 UTC 2012",
 "updated_at": "Mon Apr 14 14:50:34 UTC 2014",
 "overview": "\u003Cp\u003EWe help businesses accelerate revenue growth through Systems of Customer Engagement. By bringing together market leading expertise across cloud, design, analytics and mobile, we help businesses engage, understand and monetize their customers. \u003C/p\u003E\n\n\u003Cp\u003EFounded by Pradeep Singh, Aditi has fought, lost, survived and won many technology shifts.  Yet, we have stayed true to our core ambition of shipping great code. As a pioneer in product engineering services, we helped some of the world\u2019s leading Independent Software Vendors (ISV) ship innovation. In the process, we leant the art of shipping complex systems and the importance of User Experience Design. Our product development skills helped us establish a niche beyond the ISV space, in the digital enterprise, as a partner of choice for modern enterprise application development. In 2011, we bet our business on cloud as the development platform for the future and went on to become one of the top 3 global cloud service provider in the world. By helping our customers embrace cloud, we enabled them to stay agile and ahead of the curve. We complemented our cloud engineering skills with deep design and user experience capabilities. Over the past 2 years, we have helped over 150 customer thrive at the intersection of cloud, mobile and user experience design. We have come a long way and we are still shipping great code.\u003C/p\u003E",
 "image":
  {"available_sizes":
    [[[150,
       41],
      "http://api-images.crunchbase.com/assets/images/resized/0026/3392/263392v2-max-150x150.png"],
     [[178,
       49],
      "http://api-images.crunchbase.com/assets/images/resized/0026/3392/263392v2-max-250x250.png"],
     [[178,
       49],
      "http://api-images.crunchbase.com/assets/images/resized/0026/3392/263392v2-max-450x450.png"]],
   "attribution": null},
 "products":
  [],
 "relationships":
  [{"is_past": true,
    "title": "Product Marketing",
    "person":
     {"first_name": "Dev",
      "last_name": "Khare",
      "permalink": "dev-khare"}},
   {"is_past": true,
    "title": "Development Engineer",
    "person":
     {"first_name": "Radhesh",
      "last_name": "Gupta",
      "permalink": "radhesh-gupta"}},
   {"is_past": true,
    "title": "Software Engineer",
    "person":
     {"first_name": "Vijay",
      "last_name": "Reddy Jallu",
      "permalink": "vijay-reddy-jallu"}},
   {"is_past": true,
    "title": "Strategic Marketer",
    "person":
     {"first_name": "Vikram",
      "last_name": "Bhaskaran",
      "permalink": "vikram-bhaskaran"}}],
 "competitions":
  [],
 "providerships":
  [],
 "total_money_raised": "$0",
 "funding_rounds":
  [],
 "investments":
  [],
 "acquisition":
  {"price_amount": null,
   "price_currency_code": "USD",
   "term_code": null,
   "source_url": "http://www.livemint.com/Companies/Rr4JUM3fe8Zmy9mJuY0mUP/Symphony-Teleca-to-acquire-Aditi-Technologies.html",
   "source_description": "Symphony Teleca to acquire Aditi Technologies",
   "acquired_year": 2014,
   "acquired_month": 4,
   "acquired_day": 10,
   "acquiring_company":
    {"name": "Symphony Teleca Corporation",
     "permalink": "symphony-teleca-corporation"}},
 "acquisitions":
  [{"price_amount": null,
    "price_currency_code": "USD",
    "term_code": null,
    "source_url": "http://www.prnewswire.com/news-releases/aditi-technologies-announces-acquisition-of-cumulux-microsoft-cloud-partner-of-the-year-134227893.html",
    "source_description": "PR NewsWire: Cumulux acquired by Aditi",
    "acquired_year": 2011,
    "acquired_month": 11,
    "acquired_day": 11,
    "company":
     {"name": "Cumulux",
      "permalink": "cumulux"}},
   {"price_amount": null,
    "price_currency_code": "USD",
    "term_code": null,
    "source_url": "http://yourstory.in/2013/05/aditi-technologies-acquires-cloud-operations-consulting-firm-get-cloud-ready/",
    "source_description": "Aditi Technologies Acquires Cloud Operations Consulting Firm \u2018Get Cloud Ready\u2019",
    "acquired_year": 2013,
    "acquired_month": 5,
    "acquired_day": 16,
    "company":
     {"name": "getcloudready",
      "permalink": "getcloudready"}}],
 "offices":
  [{"description": "",
    "address1": "Manyata SEZ Park",
    "address2": "",
    "zip_code": "",
    "city": "Bangalore",
    "state_code": null,
    "country_code": "IND",
    "latitude": null,
    "longitude": null}],
 "milestones":
  [],
 "ipo": null,
 "video_embeds":
  [],
 "screenshots":
  [{"available_sizes":
     [[[150,
        113],
       "http://api-images.crunchbase.com/assets/images/resized/0026/3396/263396v1-max-150x150.png"],
      [[250,
        188],
       "http://api-images.crunchbase.com/assets/images/resized/0026/3396/263396v1-max-250x250.png"],
      [[450,
        339],
       "http://api-images.crunchbase.com/assets/images/resized/0026/3396/263396v1-max-450x450.png"]],
    "attribution": null}],
 "external_links":
  [],
 "partners":
  []}
