{"name": "ADM Glass",
 "permalink": "adm-glass",
 "crunchbase_url": "http://www.crunchbase.com/company/adm-glass",
 "homepage_url": "http://admglass.com",
 "blog_url": "",
 "blog_feed_url": "",
 "twitter_username": "admglass",
 "category_code": "other",
 "number_of_employees": null,
 "founded_year": null,
 "founded_month": null,
 "founded_day": null,
 "deadpooled_year": null,
 "deadpooled_month": null,
 "deadpooled_day": null,
 "deadpooled_url": null,
 "tag_list": "glass-table-top, tempered-glass, glass-replacement, glass-self, beveled-glass, oval-mirror, square-mirror, mirror-glass, custom-glass, custom-cut-glass",
 "alias_list": null,
 "email_address": "admglassinus@gmail.com",
 "phone_number": "800-690-0002",
 "description": "Order online from ADM Glass for all kind",
 "created_at": "Mon Mar 18 16:21:37 UTC 2013",
 "updated_at": "Mon Mar 18 16:21:41 UTC 2013",
 "overview": "\u003Cp\u003EOrder online from AMD Glass for all kinds of glass, mirror, table top, replacement glass, tempered glass, glass self, beveled glass, oval mirror, square mirror. AMD Glass also provides custom glass and mirrors as per the user needs.\u003C/p\u003E",
 "image": null,
 "products":
  [],
 "relationships":
  [],
 "competitions":
  [],
 "providerships":
  [],
 "total_money_raised": "$0",
 "funding_rounds":
  [],
 "investments":
  [],
 "acquisition": null,
 "acquisitions":
  [],
 "offices":
  [],
 "milestones":
  [],
 "ipo": null,
 "video_embeds":
  [],
 "screenshots":
  [],
 "external_links":
  [],
 "partners":
  []}
