{"name": "admetricks",
 "permalink": "admetricks",
 "crunchbase_url": "http://www.crunchbase.com/company/admetricks",
 "homepage_url": "http://admetricks.com",
 "blog_url": "",
 "blog_feed_url": "",
 "twitter_username": "admetricks",
 "category_code": "advertising",
 "number_of_employees": null,
 "founded_year": 2012,
 "founded_month": 12,
 "founded_day": 12,
 "deadpooled_year": null,
 "deadpooled_month": null,
 "deadpooled_day": null,
 "deadpooled_url": null,
 "tag_list": "",
 "alias_list": null,
 "email_address": "",
 "phone_number": "",
 "description": "competitive intelligence for online adve",
 "created_at": "Wed Jan 16 15:32:22 UTC 2013",
 "updated_at": "Wed Mar 26 11:23:34 UTC 2014",
 "overview": "\u003Cp\u003EIn Admetricks we do competitive intelligence for online advertising.\u003C/p\u003E\n\n\u003Cp\u003EWe allow agencies, publishers, advertisers to make better decisions on advertisement, marketing and sales.\u003C/p\u003E\n\n\u003Cp\u003EFor example, you can see what your competition is advertising, how much is their impact and share of voice, who are the biggest advertisers and publishers, research anyones creativities and mediaplans, do campaign verification, and more.\u003C/p\u003E\n\n\u003Cp\u003EWe give transparency to the industry and encourage spend and competition.\u003C/p\u003E",
 "image":
  {"available_sizes":
    [[[150,
       29],
      "http://api-images.crunchbase.com/assets/images/resized/0024/1333/241333v4-max-150x150.png"],
     [[250,
       48],
      "http://api-images.crunchbase.com/assets/images/resized/0024/1333/241333v4-max-250x250.png"],
     [[450,
       88],
      "http://api-images.crunchbase.com/assets/images/resized/0024/1333/241333v4-max-450x450.png"]],
   "attribution": null},
 "products":
  [],
 "relationships":
  [{"is_past": false,
    "title": "Founder",
    "person":
     {"first_name": "Patricio",
      "last_name": "del Sol F.",
      "permalink": "patricio-del-sol"}}],
 "competitions":
  [],
 "providerships":
  [],
 "total_money_raised": "$465k",
 "funding_rounds":
  [{"id": 36103,
    "round_code": "seed",
    "source_url": "http://startupchile.org/congrats-ya%C2%B4ll/",
    "source_description": "Start-Up Chile",
    "raised_amount": 40000.0,
    "raised_currency_code": "USD",
    "funded_year": 2012,
    "funded_month": 12,
    "funded_day": 20,
    "investments":
     [{"company": null,
       "financial_org":
        {"name": "Start-Up Chile",
         "permalink": "start-up-chile"},
       "person": null}]},
   {"id": 70743,
    "round_code": "seed",
    "source_url": "",
    "source_description": "",
    "raised_amount": 425000.0,
    "raised_currency_code": "USD",
    "funded_year": 2013,
    "funded_month": 8,
    "funded_day": 1,
    "investments":
     [{"company": null,
       "financial_org":
        {"name": "Start-Up Chile",
         "permalink": "start-up-chile"},
       "person": null}]}],
 "investments":
  [],
 "acquisition": null,
 "acquisitions":
  [],
 "offices":
  [{"description": "HQ",
    "address1": "",
    "address2": "",
    "zip_code": "",
    "city": "Santiago",
    "state_code": null,
    "country_code": "CHL",
    "latitude": null,
    "longitude": null}],
 "milestones":
  [],
 "ipo": null,
 "video_embeds":
  [],
 "screenshots":
  [{"available_sizes":
     [[[150,
        70],
       "http://api-images.crunchbase.com/assets/images/resized/0044/2976/442976v1-max-150x150.png"],
      [[250,
        116],
       "http://api-images.crunchbase.com/assets/images/resized/0044/2976/442976v1-max-250x250.png"],
      [[450,
        210],
       "http://api-images.crunchbase.com/assets/images/resized/0044/2976/442976v1-max-450x450.png"]],
    "attribution": null}],
 "external_links":
  [],
 "partners":
  []}
