{"name": "Adsimilis",
 "permalink": "adsimilis",
 "crunchbase_url": "http://www.crunchbase.com/company/adsimilis",
 "homepage_url": "http://www.adsimilis.com",
 "blog_url": "",
 "blog_feed_url": "",
 "twitter_username": "adsimilis",
 "category_code": "advertising",
 "number_of_employees": 20,
 "founded_year": 2009,
 "founded_month": null,
 "founded_day": null,
 "deadpooled_year": null,
 "deadpooled_month": null,
 "deadpooled_day": null,
 "deadpooled_url": null,
 "tag_list": "",
 "alias_list": null,
 "email_address": "contact@adsimilis.com",
 "phone_number": "+31 70 300 19 50",
 "description": "Performance Marketing Network",
 "created_at": "Wed Apr 03 00:02:04 UTC 2013",
 "updated_at": "Mon Jan 20 03:59:22 UTC 2014",
 "overview": "\u003Cp\u003EWe connect performance-driven advertisers with handpicked, quality-driven publishers that generate offer traction. By opting to forge direct relationships with advertisers and by solely focusing on affiliates and publishers that have a knack for quality and produce volume, Adsimilis delivers ROI for advertisers. Based on one of the best tech platforms in the industry and with a global focus, Adsimilis delivers one thing best: results.\u003C/p\u003E\n\n\u003Cp\u003EThrough proprietary performance and display networks, optimum client results are realized, always focusing on ROI and continuous campaign optimization. \u003C/p\u003E\n\n\u003Cp\u003EAdsimilis merged with DQ\u0026amp;A to create DQ\u0026amp;A Media Group in 2010. Within the group, Adsimilis operates as a specific division and expands its market reach.\u003C/p\u003E",
 "image":
  {"available_sizes":
    [[[150,
       60],
      "http://api-images.crunchbase.com/assets/images/resized/0024/7255/247255v4-max-150x150.png"],
     [[250,
       100],
      "http://api-images.crunchbase.com/assets/images/resized/0024/7255/247255v4-max-250x250.png"],
     [[450,
       180],
      "http://api-images.crunchbase.com/assets/images/resized/0024/7255/247255v4-max-450x450.png"]],
   "attribution": null},
 "products":
  [],
 "relationships":
  [{"is_past": false,
    "title": "Co-Founder",
    "person":
     {"first_name": "Michael",
      "last_name": "Ossendrijver",
      "permalink": "michael-ossendrijver"}},
   {"is_past": false,
    "title": "Co-Founder",
    "person":
     {"first_name": "Sean",
      "last_name": "Mulkeen",
      "permalink": "sean-mulkeen"}}],
 "competitions":
  [],
 "providerships":
  [],
 "total_money_raised": "$0",
 "funding_rounds":
  [],
 "investments":
  [],
 "acquisition": null,
 "acquisitions":
  [],
 "offices":
  [{"description": "Adsimilis HQ",
    "address1": "Westeinde 3A",
    "address2": "",
    "zip_code": "2275 AA",
    "city": "Voorburg",
    "state_code": "CA",
    "country_code": "USA",
    "latitude": 52.0651039,
    "longitude": 4.3591351}],
 "milestones":
  [],
 "ipo": null,
 "video_embeds":
  [],
 "screenshots":
  [{"available_sizes":
     [[[150,
        53],
       "http://api-images.crunchbase.com/assets/images/resized/0028/5426/285426v2-max-150x150.png"],
      [[250,
        89],
       "http://api-images.crunchbase.com/assets/images/resized/0028/5426/285426v2-max-250x250.png"],
      [[450,
        161],
       "http://api-images.crunchbase.com/assets/images/resized/0028/5426/285426v2-max-450x450.png"]],
    "attribution": null}],
 "external_links":
  [],
 "partners":
  []}
