{"name": "AdsKaro",
 "permalink": "adskaro",
 "crunchbase_url": "http://www.crunchbase.com/company/adskaro",
 "homepage_url": "http://www.adskaro.com",
 "blog_url": "",
 "blog_feed_url": "",
 "twitter_username": "Adskaro_Service",
 "category_code": "advertising",
 "number_of_employees": 50,
 "founded_year": 2010,
 "founded_month": null,
 "founded_day": null,
 "deadpooled_year": null,
 "deadpooled_month": null,
 "deadpooled_day": null,
 "deadpooled_url": null,
 "tag_list": "web-designing-company-bangalore, best-seo-company-india, crm-development, e-mail-marketing-services, bulk-sms-service-provider",
 "alias_list": null,
 "email_address": "",
 "phone_number": "080-32559740",
 "description": "Web Designing Company Bangalore",
 "created_at": "Mon Apr 01 05:41:30 UTC 2013",
 "updated_at": "Mon Apr 01 05:41:35 UTC 2013",
 "overview": "\u003Cp\u003EAdsKaro is an Advertising Company which provides all kinds of Marketing and Web Solutions including Web Designing, SEO, CRM, Bulk SMS and E-Mail\u003C/p\u003E",
 "image":
  {"available_sizes":
    [[[150,
       58],
      "http://api-images.crunchbase.com/assets/images/resized/0024/6854/246854v2-max-150x150.png"],
     [[201,
       78],
      "http://api-images.crunchbase.com/assets/images/resized/0024/6854/246854v2-max-250x250.png"],
     [[201,
       78],
      "http://api-images.crunchbase.com/assets/images/resized/0024/6854/246854v2-max-450x450.png"]],
   "attribution": null},
 "products":
  [],
 "relationships":
  [],
 "competitions":
  [],
 "providerships":
  [],
 "total_money_raised": "$0",
 "funding_rounds":
  [],
 "investments":
  [],
 "acquisition": null,
 "acquisitions":
  [],
 "offices":
  [],
 "milestones":
  [],
 "ipo": null,
 "video_embeds":
  [],
 "screenshots":
  [],
 "external_links":
  [],
 "partners":
  []}
