{"name": "AdSoftware",
 "permalink": "adsoftware",
 "crunchbase_url": "http://www.crunchbase.com/company/adsoftware",
 "homepage_url": "http://www.adsoftware.com",
 "blog_url": "http://www.adsoftware.com/whatsnew/",
 "blog_feed_url": "",
 "twitter_username": null,
 "category_code": "software",
 "number_of_employees": null,
 "founded_year": 2002,
 "founded_month": 10,
 "founded_day": 1,
 "deadpooled_year": null,
 "deadpooled_month": null,
 "deadpooled_day": null,
 "deadpooled_url": null,
 "tag_list": "ad-operations, online-advertising, digital-advertising, order-management, reporting, analytics, campaign-management, workflow",
 "alias_list": null,
 "email_address": "jleonard@adsoftware.com",
 "phone_number": "1.877.313.5220",
 "description": "Ad Performance Management On-Demand",
 "created_at": "Thu Jan 24 19:19:46 UTC 2013",
 "updated_at": "Fri Jan 25 05:35:06 UTC 2013",
 "overview": "\u003Cp\u003EAdSoftware is a new generation of on-demand solution for the online advertising industry. As a collaborative, workflow and analytical application AdSoftware enables publishers to maximize process efficiency, improve accessibility to data, and drive productivity with an affordable, easy-to deploy solution that delivers results to organizations of all sizes.\u003C/p\u003E\n\n\u003Cp\u003EProven Experience: The AdSoftware team, at our core, have a deep understanding of data, and the impact it can have on the operational efficacy of publishers. A one-size-fits-all approach pushed by many in this industry rarely works, and results in a dire combination of compromises from the first day. We\u2019re interested in understanding what makes your business distinct, and then implement AdSoftware in a way that leverages your own unique selling strategy.\u003C/p\u003E\n\n\u003Cp\u003EClient Success: The AdSoftware team is fully committed to making each customer successful. From our implementation and customization services to our client-dedicated team members, you\u2019ll see this commitment in every interaction with us.\u003C/p\u003E",
 "image":
  {"available_sizes":
    [[[131,
       150],
      "http://api-images.crunchbase.com/assets/images/resized/0023/1485/231485v2-max-150x150.png"],
     [[219,
       250],
      "http://api-images.crunchbase.com/assets/images/resized/0023/1485/231485v2-max-250x250.png"],
     [[395,
       450],
      "http://api-images.crunchbase.com/assets/images/resized/0023/1485/231485v2-max-450x450.png"]],
   "attribution": null},
 "products":
  [],
 "relationships":
  [],
 "competitions":
  [],
 "providerships":
  [],
 "total_money_raised": "$0",
 "funding_rounds":
  [],
 "investments":
  [],
 "acquisition": null,
 "acquisitions":
  [],
 "offices":
  [{"description": "Headquarters",
    "address1": "200 South Range Line Road",
    "address2": "",
    "zip_code": "46032",
    "city": "Carmel",
    "state_code": "IN",
    "country_code": "USA",
    "latitude": null,
    "longitude": null}],
 "milestones":
  [],
 "ipo": null,
 "video_embeds":
  [],
 "screenshots":
  [],
 "external_links":
  [],
 "partners":
  []}
