{"name": "AdStage",
 "permalink": "adstage",
 "crunchbase_url": "http://www.crunchbase.com/company/adstage",
 "homepage_url": "http://www.adstage.io",
 "blog_url": "http://blog.adstage.io/",
 "blog_feed_url": "http://blog.adstage.io/feed/",
 "twitter_username": "getadstage",
 "category_code": "advertising",
 "number_of_employees": 12,
 "founded_year": 2012,
 "founded_month": 5,
 "founded_day": null,
 "deadpooled_year": null,
 "deadpooled_month": null,
 "deadpooled_day": null,
 "deadpooled_url": null,
 "tag_list": "ppc, advertising, social, search, machine-learning, enterprise, software, internet, adwords, social-media, marketing",
 "alias_list": "",
 "email_address": "sahil@adstage.io",
 "phone_number": "",
 "description": "Cross-Network Advertising Platform",
 "created_at": "Thu Mar 07 02:50:22 UTC 2013",
 "updated_at": "Sat Mar 29 12:27:53 UTC 2014",
 "overview": "\u003Cp\u003EAdStage Inc. is an advertising technology startup building advanced tools to help businesses build, manage and optimize online ad campaigns. \u003C/p\u003E\n\n\u003Cp\u003E\u003Cstrong\u003EAdStage\u003C/strong\u003E is a self-serve cross-network online advertising platform with full management and analytics across search, display, social and mobile ad networks like Google, Bing, Facebook \u0026amp; LinkedIn. The all-in-one marketing platform, complete with an integrated app system, is offered to advertisers of all sizes.\u003C/p\u003E\n\n\u003Cp\u003ETheir first app on the platform, \u003Cstrong\u003EAdStage Express\u003C/strong\u003E, is an easy-to-use tool to build and deploy new ad campaigns across multiple ad networks simultaneously. From a single flow, you can create your ads, target the perfect audience and deploy across Google, Bing, Facebook \u0026amp; LinkedIn. AdStage then optimizes your spend against your goals. Its pre-flight recommendation mechanism, ad staging, uses predictive algorithms to tell you where to advertise, how much to spend, and why before you spend a dollar. \u003C/p\u003E\n\n\u003Cp\u003EWith investment of over $2.5M from Freestyle Capital, Quest VP, Dave McClure/500S, Digital Garage, LAUNCH Fund, XG Ventures, Mark Mullen and Stewart Alsop.\u003C/p\u003E",
 "image":
  {"available_sizes":
    [[[150,
       53],
      "http://api-images.crunchbase.com/assets/images/resized/0024/0430/240430v3-max-150x150.jpg"],
     [[250,
       88],
      "http://api-images.crunchbase.com/assets/images/resized/0024/0430/240430v3-max-250x250.jpg"],
     [[450,
       159],
      "http://api-images.crunchbase.com/assets/images/resized/0024/0430/240430v3-max-450x450.jpg"]],
   "attribution": null},
 "products":
  [{"name": "AdStage",
    "permalink": "adstage"},
   {"name": "AdStage Express",
    "permalink": "adstage-express"}],
 "relationships":
  [{"is_past": false,
    "title": "Co-founder \u0026 CEO",
    "person":
     {"first_name": "Sahil",
      "last_name": "Jain",
      "permalink": "sahil-jain-2"}},
   {"is_past": false,
    "title": "Co-founder \u0026 CTO",
    "person":
     {"first_name": "Jason",
      "last_name": "Wu",
      "permalink": "jason-wu"}},
   {"is_past": false,
    "title": "Director of Marketing \u0026 Product",
    "person":
     {"first_name": "Sam",
      "last_name": "Mazaheri",
      "permalink": "sam-mazaheri"}},
   {"is_past": false,
    "title": "Director, Customer Success \u0026 Account Management",
    "person":
     {"first_name": "Michael",
      "last_name": "McEuen",
      "permalink": "michael-mceuen"}},
   {"is_past": true,
    "title": "Software Engineer",
    "person":
     {"first_name": "Tom",
      "last_name": "Chokel",
      "permalink": "tom-chokel"}}],
 "competitions":
  [{"competitor":
     {"name": "Kenshoo",
      "permalink": "kenshoo"}},
   {"competitor":
     {"name": "Marin Software",
      "permalink": "marin-software"}}],
 "providerships":
  [],
 "total_money_raised": "$2.5M",
 "funding_rounds":
  [{"id": 40544,
    "round_code": "seed",
    "source_url": "http://techcrunch.com/2013/06/21/adstage-acquires-semply/",
    "source_description": "Cross-Network Ad Startup AdStage Acquires Semply, Raises An Additional $100K",
    "raised_amount": 100000.0,
    "raised_currency_code": "USD",
    "funded_year": 2013,
    "funded_month": 6,
    "funded_day": 21,
    "investments":
     [{"company": null,
       "financial_org": null,
       "person":
        {"first_name": "David",
         "last_name": "Sacks",
         "permalink": "david-sacks"}},
      {"company": null,
       "financial_org": null,
       "person":
        {"first_name": "Jason",
         "last_name": "Calacanis",
         "permalink": "jason-calacanis"}}]},
   {"id": 40545,
    "round_code": "seed",
    "source_url": "http://techcrunch.com/2013/03/05/adstage-launch-funding/",
    "source_description": "AdStage Launches Its Cross-Network Ad Creator, Raises $1.4M",
    "raised_amount": 1400000.0,
    "raised_currency_code": "USD",
    "funded_year": 2013,
    "funded_month": 3,
    "funded_day": null,
    "investments":
     [{"company": null,
       "financial_org":
        {"name": "Freestyle Capital",
         "permalink": "freestyle-capital"},
       "person": null},
      {"company": null,
       "financial_org":
        {"name": "Quest Venture Partners",
         "permalink": "quest-venture-partners"},
       "person": null},
      {"company": null,
       "financial_org":
        {"name": "500 Startups",
         "permalink": "500-startups"},
       "person": null},
      {"company": null,
       "financial_org":
        {"name": "Digital Garage",
         "permalink": "digital-garage"},
       "person": null},
      {"company": null,
       "financial_org":
        {"name": "XG Ventures",
         "permalink": "xg-ventures"},
       "person": null},
      {"company": null,
       "financial_org": null,
       "person":
        {"first_name": "Owen",
         "last_name": "Van Natta",
         "permalink": "owen-van-natta"}},
      {"company": null,
       "financial_org": null,
       "person":
        {"first_name": "Jim",
         "last_name": "Patterson",
         "permalink": "james-patterson"}},
      {"company": null,
       "financial_org": null,
       "person":
        {"first_name": "Stewart",
         "last_name": "Alsop",
         "permalink": "stewart-alsop"}},
      {"company": null,
       "financial_org": null,
       "person":
        {"first_name": "John",
         "last_name": "Batelle",
         "permalink": "john-batelle"}},
      {"company": null,
       "financial_org": null,
       "person":
        {"first_name": "Rich",
         "last_name": "LeFurgy",
         "permalink": "rich-lefurgy-2"}},
      {"company": null,
       "financial_org": null,
       "person":
        {"first_name": "Doug",
         "last_name": "Barry",
         "permalink": "doug-barry"}},
      {"company": null,
       "financial_org":
        {"name": "Double M Partners",
         "permalink": "double-m-partners"},
       "person": null},
      {"company": null,
       "financial_org": null,
       "person":
        {"first_name": "Mark",
         "last_name": "Mullen",
         "permalink": "mark-mullen"}}]},
   {"id": 66018,
    "round_code": "seed",
    "source_url": "http://techcrunch.com/2014/02/24/adstage-one-year-later/",
    "source_description": "AdStage Raises Another $1M And Opens Up Its Cross-Network Ad Platform",
    "raised_amount": 1000000.0,
    "raised_currency_code": "USD",
    "funded_year": 2014,
    "funded_month": 2,
    "funded_day": 24,
    "investments":
     [{"company": null,
       "financial_org":
        {"name": "Digital Garage",
         "permalink": "digital-garage"},
       "person": null}]}],
 "investments":
  [],
 "acquisition": null,
 "acquisitions":
  [{"price_amount": null,
    "price_currency_code": "USD",
    "term_code": null,
    "source_url": "http://techcrunch.com/2013/06/21/adstage-acquires-semply/",
    "source_description": "Cross-Network Ad Startup AdStage Acquires Semply, Raises An Additional $100K",
    "acquired_year": 2013,
    "acquired_month": 6,
    "acquired_day": 21,
    "company":
     {"name": "Semply",
      "permalink": "semply"}}],
 "offices":
  [{"description": "",
    "address1": "560 Mission Street",
    "address2": "Suite 1300",
    "zip_code": "94105",
    "city": "San Francisco",
    "state_code": "CA",
    "country_code": "USA",
    "latitude": null,
    "longitude": null}],
 "milestones":
  [{"id": 40270,
    "description": "Revealed next-generation AdStage platform at Advertising Week 2013 in New York.",
    "stoned_year": 2013,
    "stoned_month": 9,
    "stoned_day": 24,
    "source_url": "http://techcrunch.com/2013/09/24/adstage-platform/",
    "source_text": null,
    "source_description": "AdStage Expands Its Cross-Network Ad Platform With App Partnerships And New Formats",
    "stoneable_type": "Company",
    "stoned_value": null,
    "stoned_value_type": null,
    "stoned_acquirer": null,
    "stoneable":
     {"name": "AdStage",
      "permalink": "adstage"}}],
 "ipo": null,
 "video_embeds":
  [{"embed_code": "\u003Ciframe width=\"420\" height=\"253\" src=\"//www.youtube.com/embed/59SW13g6nqg\" frameborder=\"0\" allowfullscreen\u003E\u003C/iframe\u003E",
    "description": "\u003Cp\u003EAdStage Express LAUNCH Presentation\u003C/p\u003E"},
   {"embed_code": "\u003Ciframe src='http://adweek.mlbam.com/shared/video/embed/embed.html?content_id=30895535\u0026topic_id=61009376\u0026width=400\u0026height=224\u0026property=mlbam' width='400' height='224' frameborder='0'\u003EYour browser does not support iframes.\u003C/iframe\u003E",
    "description": "\u003Cp\u003EHuffington Post Interview with Sahil Jain, CEO of AdStage, at AdWeek\u003C/p\u003E"},
   {"embed_code": "\u003Ciframe width=\"450\" height=\"253\" src=\"//www.youtube.com/embed/115UrLUXz98?rel=0\" frameborder=\"0\" allowfullscreen\u003E\u003C/iframe\u003E",
    "description": "\u003Cp\u003EAdStage on This Week In Startups\u003C/p\u003E"}],
 "screenshots":
  [{"available_sizes":
     [[[150,
        150],
       "http://api-images.crunchbase.com/assets/images/resized/0033/3245/333245v2-max-150x150.jpg"],
      [[250,
        250],
       "http://api-images.crunchbase.com/assets/images/resized/0033/3245/333245v2-max-250x250.jpg"],
      [[450,
        450],
       "http://api-images.crunchbase.com/assets/images/resized/0033/3245/333245v2-max-450x450.jpg"]],
    "attribution": null},
   {"available_sizes":
     [[[145,
        150],
       "http://api-images.crunchbase.com/assets/images/resized/0033/3246/333246v2-max-150x150.jpg"],
      [[243,
        250],
       "http://api-images.crunchbase.com/assets/images/resized/0033/3246/333246v2-max-250x250.jpg"],
      [[437,
        450],
       "http://api-images.crunchbase.com/assets/images/resized/0033/3246/333246v2-max-450x450.jpg"]],
    "attribution": null},
   {"available_sizes":
     [[[150,
        127],
       "http://api-images.crunchbase.com/assets/images/resized/0033/3247/333247v2-max-150x150.jpg"],
      [[250,
        212],
       "http://api-images.crunchbase.com/assets/images/resized/0033/3247/333247v2-max-250x250.jpg"],
      [[450,
        381],
       "http://api-images.crunchbase.com/assets/images/resized/0033/3247/333247v2-max-450x450.jpg"]],
    "attribution": null}],
 "external_links":
  [],
 "partners":
  [{"partner_name": "angel_list",
    "homepage_url": "http://adstage.io",
    "link_1_url": "https://angel.co/adstage",
    "link_2_url": "https://angel.co/adstage/jobs?utc_source=crunchbase\u0026amp;utm_campaign=crunchbase\u0026amp;utm_content=jobs\u0026amp;utm_medium=link\u0026amp;utm_term=adstage",
    "link_3_url": null,
    "link_1_name": "AngelList Page",
    "link_2_name": "Hiring: Sr / Lead Software Engineer",
    "link_3_name": null}]}
