{"name": "adsy.me",
 "permalink": "adsyme",
 "crunchbase_url": "http://www.crunchbase.com/company/adsyme",
 "homepage_url": "http://adsy.me",
 "blog_url": "",
 "blog_feed_url": "",
 "twitter_username": "adsy_me",
 "category_code": "mobile",
 "number_of_employees": 3,
 "founded_year": 2012,
 "founded_month": 11,
 "founded_day": 1,
 "deadpooled_year": null,
 "deadpooled_month": null,
 "deadpooled_day": null,
 "deadpooled_url": null,
 "tag_list": "",
 "alias_list": null,
 "email_address": "",
 "phone_number": "",
 "description": "create \u0026 share mobile apps on the go",
 "created_at": "Mon Feb 18 11:46:29 UTC 2013",
 "updated_at": "Fri Oct 18 12:52:46 UTC 2013",
 "overview": null,
 "image": null,
 "products":
  [],
 "relationships":
  [{"is_past": false,
    "title": "ceo",
    "person":
     {"first_name": "Fr\u00e9d\u00e9rick",
      "last_name": "Tubiermont",
      "permalink": "frederick-tubiermont"}}],
 "competitions":
  [],
 "providerships":
  [],
 "total_money_raised": "$0",
 "funding_rounds":
  [],
 "investments":
  [],
 "acquisition": null,
 "acquisitions":
  [],
 "offices":
  [],
 "milestones":
  [],
 "ipo": null,
 "video_embeds":
  [{"embed_code": "\u003Ciframe width=\"420\" height=\"315\" src=\"//www.youtube.com/embed/MY_phCdbh_k\" frameborder=\"0\" allowfullscreen\u003E\u003C/iframe\u003E",
    "description": "\u003Cp\u003Ecreate \u0026amp; share mobile apps on the go\u003C/p\u003E"}],
 "screenshots":
  [{"available_sizes":
     [[[150,
        112],
       "http://api-images.crunchbase.com/assets/images/resized/0034/4207/344207v2-max-150x150.png"],
      [[250,
        187],
       "http://api-images.crunchbase.com/assets/images/resized/0034/4207/344207v2-max-250x250.png"],
      [[450,
        337],
       "http://api-images.crunchbase.com/assets/images/resized/0034/4207/344207v2-max-450x450.png"]],
    "attribution": null}],
 "external_links":
  [],
 "partners":
  []}
