{"name": "Advanova",
 "permalink": "advanova",
 "crunchbase_url": "http://www.crunchbase.com/company/advanova",
 "homepage_url": "http://www.advanova.de",
 "blog_url": "",
 "blog_feed_url": "",
 "twitter_username": null,
 "category_code": "software",
 "number_of_employees": null,
 "founded_year": null,
 "founded_month": null,
 "founded_day": null,
 "deadpooled_year": null,
 "deadpooled_month": null,
 "deadpooled_day": null,
 "deadpooled_url": null,
 "tag_list": "",
 "alias_list": "",
 "email_address": "info@advanova.de",
 "phone_number": "",
 "description": "",
 "created_at": "Tue Jan 29 03:30:14 UTC 2013",
 "updated_at": "Tue Jan 29 03:31:32 UTC 2013",
 "overview": "\u003Cp\u003EAdvanova GmbH, an Erlangen, Germany-based developer of software that allows medical professionals to access a patient\u2019s electronic record on a mobile device.\u003C/p\u003E",
 "image":
  {"available_sizes":
    [[[140,
       50],
      "http://api-images.crunchbase.com/assets/images/resized/0023/2232/232232v1-max-150x150.jpg"],
     [[140,
       50],
      "http://api-images.crunchbase.com/assets/images/resized/0023/2232/232232v1-max-250x250.jpg"],
     [[140,
       50],
      "http://api-images.crunchbase.com/assets/images/resized/0023/2232/232232v1-max-450x450.jpg"]],
   "attribution": null},
 "products":
  [],
 "relationships":
  [],
 "competitions":
  [],
 "providerships":
  [],
 "total_money_raised": "$0",
 "funding_rounds":
  [{"id": 35108,
    "round_code": "a",
    "source_url": "http://www.finsmes.com/2013/01/advanova-closes-financing.html",
    "source_description": "Advanova Closes First Financing Round",
    "raised_amount": null,
    "raised_currency_code": null,
    "funded_year": 2013,
    "funded_month": 1,
    "funded_day": 28,
    "investments":
     [{"company": null,
       "financial_org":
        {"name": "Bayern Kapital",
         "permalink": "bayern-kapital"},
       "person": null},
      {"company": null,
       "financial_org":
        {"name": "High-Tech Gruenderfonds",
         "permalink": "high-tech-gruenderfonds"},
       "person": null}]}],
 "investments":
  [],
 "acquisition": null,
 "acquisitions":
  [],
 "offices":
  [{"description": "",
    "address1": "Henkestrabe 91",
    "address2": "",
    "zip_code": "91052",
    "city": "Erlangen",
    "state_code": null,
    "country_code": "DEU",
    "latitude": 49.593953,
    "longitude": 11.019459}],
 "milestones":
  [],
 "ipo": null,
 "video_embeds":
  [],
 "screenshots":
  [],
 "external_links":
  [],
 "partners":
  []}
