{"name": "Advanced Control Corporation",
 "permalink": "advanced-control-corporation",
 "crunchbase_url": "http://www.crunchbase.com/company/advanced-control-corporation",
 "homepage_url": "http://www.advancedcontrolcorp.com",
 "blog_url": "http://www.advancedcontrolcorp.com/blog/",
 "blog_feed_url": "http://feeds2.feedburner.com/AdvancedControlCorporation",
 "twitter_username": "AdvancedControl",
 "category_code": "cleantech",
 "number_of_employees": 24,
 "founded_year": 1987,
 "founded_month": 8,
 "founded_day": 27,
 "deadpooled_year": null,
 "deadpooled_month": null,
 "deadpooled_day": null,
 "deadpooled_url": null,
 "tag_list": "building-automation-systems, lighting-control, cctv-solutions, air-quality-control, energy-management",
 "alias_list": null,
 "email_address": "admin@advancedcontrolcorp.com",
 "phone_number": "954-491-6660",
 "description": "Building Automation Systems",
 "created_at": "Tue Feb 26 20:05:40 UTC 2013",
 "updated_at": "Wed Feb 27 06:32:48 UTC 2013",
 "overview": "\u003Cp\u003EWelcome to Advanced Control Corporation - the industry leader in building automation, energy management, system integration, access control and CCTV solutions since 1987. We have built a solid and respected reputation for our products and services over the years, and our testimonials speak for us. Our efforts to be the finest controls company in South Florida and your solution for building controls have paved the way to our successful involvement on some of the most respected projects in our market.\u003C/p\u003E\n\n\u003Cp\u003EInnovative Building Systems\nCost-Effective Energy Management\nExpert System Integration\nQuality implementation of Building Management Systems\nComprehensive Services\u003C/p\u003E\n\n\u003Cp\u003EAs a member of United States Green Building Council (USGBC) Advanced Control Corporation continues to demonstrate its leadership in the area of protecting our environment through energy conservation.\u003C/p\u003E",
 "image":
  {"available_sizes":
    [[[150,
       36],
      "http://api-images.crunchbase.com/assets/images/resized/0023/8555/238555v2-max-150x150.jpg"],
     [[250,
       60],
      "http://api-images.crunchbase.com/assets/images/resized/0023/8555/238555v2-max-250x250.jpg"],
     [[329,
       79],
      "http://api-images.crunchbase.com/assets/images/resized/0023/8555/238555v2-max-450x450.jpg"]],
   "attribution": null},
 "products":
  [],
 "relationships":
  [],
 "competitions":
  [],
 "providerships":
  [],
 "total_money_raised": "$0",
 "funding_rounds":
  [],
 "investments":
  [],
 "acquisition": null,
 "acquisitions":
  [],
 "offices":
  [{"description": "",
    "address1": "6001 Northeast 14th Avenue",
    "address2": "",
    "zip_code": "33334",
    "city": "Fort Lauderdale",
    "state_code": "FL",
    "country_code": "USA",
    "latitude": 26.201997,
    "longitude": -80.131855}],
 "milestones":
  [],
 "ipo": null,
 "video_embeds":
  [],
 "screenshots":
  [],
 "external_links":
  [],
 "partners":
  []}
