{"name": "Advanced Battery Concepts",
 "permalink": "advanced-battery-concepts",
 "crunchbase_url": "http://www.crunchbase.com/company/advanced-battery-concepts",
 "homepage_url": "http://advancedbatteryconcepts.com",
 "blog_url": "",
 "blog_feed_url": "",
 "twitter_username": null,
 "category_code": "cleantech",
 "number_of_employees": null,
 "founded_year": null,
 "founded_month": null,
 "founded_day": null,
 "deadpooled_year": null,
 "deadpooled_month": null,
 "deadpooled_day": null,
 "deadpooled_url": null,
 "tag_list": "",
 "alias_list": "",
 "email_address": "",
 "phone_number": "989-424-6645",
 "description": "",
 "created_at": "Mon Jan 28 05:57:33 UTC 2013",
 "updated_at": "Fri Mar 21 17:52:06 UTC 2014",
 "overview": "\u003Cp\u003EAdvanced Battery Concepts is a battery technology development company focused on making better batteries. \u003C/p\u003E",
 "image":
  {"available_sizes":
    [[[150,
       63],
      "http://api-images.crunchbase.com/assets/images/resized/0023/1954/231954v1-max-150x150.png"],
     [[189,
       80],
      "http://api-images.crunchbase.com/assets/images/resized/0023/1954/231954v1-max-250x250.png"],
     [[189,
       80],
      "http://api-images.crunchbase.com/assets/images/resized/0023/1954/231954v1-max-450x450.png"]],
   "attribution": null},
 "products":
  [],
 "relationships":
  [{"is_past": false,
    "title": "CEO",
    "person":
     {"first_name": "Edward",
      "last_name": "O. Shaffer",
      "permalink": "edward-o-shaffer"}},
   {"is_past": false,
    "title": "COO",
    "person":
     {"first_name": "Jerry",
      "last_name": "Mullis",
      "permalink": "jerry-mullis"}},
   {"is_past": false,
    "title": "VP ofBusiness Development",
    "person":
     {"first_name": "Don",
      "last_name": "Hobday",
      "permalink": "don-hobday"}},
   {"is_past": false,
    "title": "CFO \u0026 Board Member",
    "person":
     {"first_name": "Jerold",
      "last_name": "Zwas",
      "permalink": "jerold-zwas"}}],
 "competitions":
  [],
 "providerships":
  [],
 "total_money_raised": "$1.21M",
 "funding_rounds":
  [{"id": 35072,
    "round_code": "debt_round",
    "source_url": "http://www.sec.gov/Archives/edgar/data/1482863/000148286313000001/xslFormDX01/primary_doc.xml",
    "source_description": "Edgar Report",
    "raised_amount": 1210000.0,
    "raised_currency_code": "USD",
    "funded_year": 2013,
    "funded_month": 1,
    "funded_day": 8,
    "investments":
     [{"company": null,
       "financial_org":
        {"name": "Blue Water Angels",
         "permalink": "blue-water-angels"},
       "person": null},
      {"company": null,
       "financial_org":
        {"name": "Rocket Ventures",
         "permalink": "rocket-ventures"},
       "person": null},
      {"company": null,
       "financial_org":
        {"name": "Michigan Pre-Seed Capital Fund",
         "permalink": "michigan-pre-seed-capital-fund"},
       "person": null},
      {"company": null,
       "financial_org":
        {"name": "Northern Michigan Angels",
         "permalink": "northern-michigan-angels"},
       "person": null}]}],
 "investments":
  [],
 "acquisition": null,
 "acquisitions":
  [],
 "offices":
  [{"description": "",
    "address1": "720 N. INDUSTRIAL DRIVE",
    "address2": "",
    "zip_code": "48617",
    "city": "CLARE",
    "state_code": "MI",
    "country_code": "USA",
    "latitude": null,
    "longitude": null}],
 "milestones":
  [],
 "ipo": null,
 "video_embeds":
  [],
 "screenshots":
  [],
 "external_links":
  [],
 "partners":
  []}
