{"name": "Advangent",
 "permalink": "advangent",
 "crunchbase_url": "http://www.crunchbase.com/company/advangent",
 "homepage_url": "http://www.advangent.com",
 "blog_url": "http://www.advangent.com/blog",
 "blog_feed_url": "",
 "twitter_username": "advangent",
 "category_code": "consulting",
 "number_of_employees": 4,
 "founded_year": 2012,
 "founded_month": 11,
 "founded_day": 1,
 "deadpooled_year": null,
 "deadpooled_month": null,
 "deadpooled_day": null,
 "deadpooled_url": null,
 "tag_list": "digital-marketing, e-commerce, china-market-entry, china-market",
 "alias_list": null,
 "email_address": "info@advangent.com",
 "phone_number": "",
 "description": "digital marketing services",
 "created_at": "Thu Mar 21 13:37:46 UTC 2013",
 "updated_at": "Thu Mar 21 13:37:53 UTC 2013",
 "overview": "\u003Cp\u003EBusiness consulting company specializing in two-way market entry for the western and China business in digital marketing, e-commerce and company formation.\u003C/p\u003E",
 "image":
  {"available_sizes":
    [[[150,
       146],
      "http://api-images.crunchbase.com/assets/images/resized/0024/4341/244341v2-max-150x150.png"],
     [[218,
       213],
      "http://api-images.crunchbase.com/assets/images/resized/0024/4341/244341v2-max-250x250.png"],
     [[218,
       213],
      "http://api-images.crunchbase.com/assets/images/resized/0024/4341/244341v2-max-450x450.png"]],
   "attribution": null},
 "products":
  [],
 "relationships":
  [],
 "competitions":
  [],
 "providerships":
  [],
 "total_money_raised": "$0",
 "funding_rounds":
  [],
 "investments":
  [],
 "acquisition": null,
 "acquisitions":
  [],
 "offices":
  [],
 "milestones":
  [],
 "ipo": null,
 "video_embeds":
  [],
 "screenshots":
  [],
 "external_links":
  [],
 "partners":
  []}
