{"name": "Advanced Veterinary Care",
 "permalink": "advanced-veterinary-care",
 "crunchbase_url": "http://www.crunchbase.com/company/advanced-veterinary-care",
 "homepage_url": null,
 "blog_url": "",
 "blog_feed_url": "",
 "twitter_username": "VetCareAdvanced",
 "category_code": "other",
 "number_of_employees": null,
 "founded_year": 1991,
 "founded_month": 4,
 "founded_day": 8,
 "deadpooled_year": null,
 "deadpooled_month": null,
 "deadpooled_day": null,
 "deadpooled_url": null,
 "tag_list": "",
 "alias_list": null,
 "email_address": "advancedveterinaryc@yahoo.com",
 "phone_number": "",
 "description": "Veterinary care",
 "created_at": "Tue Jan 08 18:59:34 UTC 2013",
 "updated_at": "Sat Jan 12 07:28:02 UTC 2013",
 "overview": "",
 "image": null,
 "products":
  [],
 "relationships":
  [],
 "competitions":
  [],
 "providerships":
  [],
 "total_money_raised": "$0",
 "funding_rounds":
  [],
 "investments":
  [],
 "acquisition": null,
 "acquisitions":
  [],
 "offices":
  [],
 "milestones":
  [],
 "ipo": null,
 "video_embeds":
  [],
 "screenshots":
  [],
 "external_links":
  [],
 "partners":
  []}
