{"name": "ADVIZE",
 "permalink": "advize",
 "crunchbase_url": "http://www.crunchbase.com/company/advize",
 "homepage_url": "http://www.advize.fr",
 "blog_url": "http://blog.advize.fr",
 "blog_feed_url": "",
 "twitter_username": "ADVIZE_FR",
 "category_code": "finance",
 "number_of_employees": 10,
 "founded_year": 2011,
 "founded_month": 7,
 "founded_day": null,
 "deadpooled_year": null,
 "deadpooled_month": null,
 "deadpooled_day": null,
 "deadpooled_url": null,
 "tag_list": "brokerage, france, investments, advisory, trading, insurance, life-insurance, assurance-vie, investissement",
 "alias_list": null,
 "email_address": "nmarchandise@advize.fr",
 "phone_number": "+33177921540",
 "description": "Online Advisory assisted investments",
 "created_at": "Fri Jan 18 17:23:44 UTC 2013",
 "updated_at": "Tue Jan 14 12:49:32 UTC 2014",
 "overview": "\u003Cp\u003EAdvize is an innovative brokerage firm based in Paris, France.\u003C/p\u003E\n\n\u003Cp\u003EFounders have noticed that in Europe online investment has never enjoyed the growth of comparable services such as online travel\u0026#8230;\u003C/p\u003E\n\n\u003Cp\u003EThe reason is that sites have historically focused on \u0026#8216;traders\u0026#8217; and left the \u0026#8216;rest of us\u0026#8217; (99% of population) aside. Moreover most European sites are owned by commercial banks\u0026#8230;\u003C/p\u003E\n\n\u003Cp\u003EWe intend to solve this problem and help the \u0026#8216;rest of us\u0026#8217;\u003C/p\u003E\n\n\u003Cp\u003EOur private beta started in january 2012 and was publicly announced in june 2012.\u003C/p\u003E\n\n\u003Cp\u003EPlease note that currently the service is restricted to residents of France and French nationals residing in the European Union.\u003C/p\u003E",
 "image":
  {"available_sizes":
    [[[150,
       150],
      "http://api-images.crunchbase.com/assets/images/resized/0023/0444/230444v2-max-150x150.jpg"],
     [[180,
       180],
      "http://api-images.crunchbase.com/assets/images/resized/0023/0444/230444v2-max-250x250.jpg"],
     [[180,
       180],
      "http://api-images.crunchbase.com/assets/images/resized/0023/0444/230444v2-max-450x450.jpg"]],
   "attribution": null},
 "products":
  [{"name": "Ma Sentinelle\u00ae",
    "permalink": "ma-sentinelle"}],
 "relationships":
  [{"is_past": false,
    "title": "Co-Founder",
    "person":
     {"first_name": "Nicolas",
      "last_name": "Marchandise",
      "permalink": "nicolas-marchandise"}},
   {"is_past": true,
    "title": "Co-Founder",
    "person":
     {"first_name": "Thomas",
      "last_name": "Morand",
      "permalink": "thomas-morand"}}],
 "competitions":
  [{"competitor":
     {"name": "Kapitall",
      "permalink": "kapitall"}},
   {"competitor":
     {"name": "Betterment",
      "permalink": "betterment"}},
   {"competitor":
     {"name": "Motif Investing",
      "permalink": "motif-investing"}},
   {"competitor":
     {"name": "Nutmeg",
      "permalink": "nutmeg"}}],
 "providerships":
  [{"title": "Branding/Advertizing",
    "is_past": false,
    "provider":
     {"name": "Being Paris (TBWA group)",
      "permalink": "being-paris-tbwa-group"}},
   {"title": "Investment Advisory",
    "is_past": false,
    "provider":
     {"name": "Morningstar Advisory Paris",
      "permalink": "morningstar-advisory-paris"}},
   {"title": "Life Insurance contract",
    "is_past": false,
    "provider":
     {"name": "Generali (e-cie) France",
      "permalink": "generali-e-cie-france"}}],
 "total_money_raised": "\u20ac500k",
 "funding_rounds":
  [{"id": 34894,
    "round_code": "seed",
    "source_url": "",
    "source_description": "",
    "raised_amount": 500000.0,
    "raised_currency_code": "EUR",
    "funded_year": 2008,
    "funded_month": 1,
    "funded_day": 1,
    "investments":
     []}],
 "investments":
  [],
 "acquisition": null,
 "acquisitions":
  [],
 "offices":
  [{"description": "Paris HQ",
    "address1": "14, rue de la Ferme",
    "address2": "",
    "zip_code": "92100",
    "city": "Boulogne-Billancourt",
    "state_code": null,
    "country_code": "FRA",
    "latitude": 48.8326253,
    "longitude": 2.2480165}],
 "milestones":
  [{"id": 29456,
    "description": "Press conference at historical Paris stock exchange to announce the launch of ADVIZE",
    "stoned_year": 2012,
    "stoned_month": 6,
    "stoned_day": 5,
    "source_url": "http://www.youtube.com/watch?v=0_690wksGmo\u0026list=SPGBTV2LSMbCv-tN6A4UErRBjzoKvEyNLD\u0026index=1",
    "source_text": null,
    "source_description": "Video of Press Conference",
    "stoneable_type": "Company",
    "stoned_value": null,
    "stoned_value_type": null,
    "stoned_acquirer": null,
    "stoneable":
     {"name": "ADVIZE",
      "permalink": "advize"}},
   {"id": 35586,
    "description": "Advize receives its first award from Le Revenu for its innovative interactive process",
    "stoned_year": 2013,
    "stoned_month": 3,
    "stoned_day": 22,
    "source_url": "http://blog.advize.fr/a-la-une/les-trophees-speciaux-2013-de-linteractivite-du-revenu/",
    "source_text": null,
    "source_description": "Troph\u00e9e Sp\u00e9cial de l'interactivit\u00e9 2013",
    "stoneable_type": "Company",
    "stoned_value": null,
    "stoned_value_type": null,
    "stoned_acquirer": null,
    "stoneable":
     {"name": "ADVIZE",
      "permalink": "advize"}},
   {"id": 36066,
    "description": "Advize receives a second award from ToutSurMesFinances.fr ",
    "stoned_year": 2013,
    "stoned_month": 4,
    "stoned_day": 2,
    "source_url": "http://www.toutsurlassurancevie.com/remise-des-prix-des-top-de-l-assurance-vie-en-ligne.html",
    "source_text": null,
    "source_description": "Top de la meilleure innovation",
    "stoneable_type": "Company",
    "stoned_value": null,
    "stoned_value_type": null,
    "stoned_acquirer": null,
    "stoneable":
     {"name": "ADVIZE",
      "permalink": "advize"}}],
 "ipo": null,
 "video_embeds":
  [{"embed_code": "http://www.youtube.com/watch?v=P01StwL-SoE",
    "description": "\u003Cp\u003EOur Mission\u003C/p\u003E"}],
 "screenshots":
  [],
 "external_links":
  [{"external_url": "http://www.lepoint.fr/chroniqueurs-du-point/guerric-poncet/exclusif-advize-s-attaque-a-l-empire-boursorama-16-11-2012-1529950_506.php",
    "title": "Advize takes on Boursorama Empire"},
   {"external_url": "http://votreargent.lexpress.fr/assurance-vie/assurance-vie-advize-fr-parie-sur-le-conseil-personnalise-en-ligne_261460.html",
    "title": "Advize bets on online personalized advisory"},
   {"external_url": "http://www.youtube.com/user/ADVIZETV",
    "title": "ADVIZE TV"}],
 "partners":
  []}
