{"name": "AdWordize.de",
 "permalink": "adwordize-de",
 "crunchbase_url": "http://www.crunchbase.com/company/adwordize-de",
 "homepage_url": "http://www.adwordize.de",
 "blog_url": "http://www.adwortdize.de/blog",
 "blog_feed_url": "",
 "twitter_username": null,
 "category_code": "search",
 "number_of_employees": null,
 "founded_year": null,
 "founded_month": null,
 "founded_day": null,
 "deadpooled_year": null,
 "deadpooled_month": null,
 "deadpooled_day": null,
 "deadpooled_url": null,
 "tag_list": "adwords",
 "alias_list": null,
 "email_address": "info@adwordize.de",
 "phone_number": "",
 "description": "Google AdWords Management",
 "created_at": "Sun Feb 24 09:04:18 UTC 2013",
 "updated_at": "Tue Feb 26 07:50:41 UTC 2013",
 "overview": "\u003Cp\u003EAdWordize is specialized in professional AdWords Consulting and Management.\u003C/p\u003E",
 "image": null,
 "products":
  [],
 "relationships":
  [],
 "competitions":
  [],
 "providerships":
  [],
 "total_money_raised": "$0",
 "funding_rounds":
  [],
 "investments":
  [],
 "acquisition": null,
 "acquisitions":
  [],
 "offices":
  [],
 "milestones":
  [],
 "ipo": null,
 "video_embeds":
  [],
 "screenshots":
  [],
 "external_links":
  [],
 "partners":
  []}
