{"name": "AdYapper",
 "permalink": "adyapper-com",
 "crunchbase_url": "http://www.crunchbase.com/company/adyapper-com",
 "homepage_url": "http://www.adyapper.com",
 "blog_url": "http://blog.adyapper.com/",
 "blog_feed_url": "http://blog.adyapper.com/feed/",
 "twitter_username": "AdYapper",
 "category_code": "advertising",
 "number_of_employees": null,
 "founded_year": 2010,
 "founded_month": 6,
 "founded_day": null,
 "deadpooled_year": null,
 "deadpooled_month": null,
 "deadpooled_day": null,
 "deadpooled_url": null,
 "tag_list": "techstars, techstars-nyc-2013, chicago, 1871, marketing, advertising, analytics",
 "alias_list": "",
 "email_address": "contact@adyapper.com",
 "phone_number": "",
 "description": "Ad Transparency \u0026 Analytics",
 "created_at": "Fri Feb 01 21:39:05 UTC 2013",
 "updated_at": "Tue Dec 31 16:55:32 UTC 2013",
 "overview": "\u003Cp\u003EAdYapper tracks display and mobile ads, generating detailed verification data, consumer sentiment, and viewability monitoring on 95% of all ad impressions. We generate real-time analytics across the entire ad buying ecosystem and centralize the data into one platform to identify wasted ad spend and provide direction on how best to reallocate the recovered ad spend to make in-flight campaign decisions. In short, AdYapper makes advertising performance data actionable so advertisers can optimize, and increase the efficacy of, their ad buys.\u003C/p\u003E",
 "image":
  {"available_sizes":
    [[[150,
       71],
      "http://api-images.crunchbase.com/assets/images/resized/0023/3536/233536v2-max-150x150.png"],
     [[190,
       91],
      "http://api-images.crunchbase.com/assets/images/resized/0023/3536/233536v2-max-250x250.png"],
     [[190,
       91],
      "http://api-images.crunchbase.com/assets/images/resized/0023/3536/233536v2-max-450x450.png"]],
   "attribution": null},
 "products":
  [],
 "relationships":
  [{"is_past": false,
    "title": "Co-Founder \u0026 SVP Media Ad Products",
    "person":
     {"first_name": "Kal",
      "last_name": "Patel",
      "permalink": "kal-patel-2"}},
   {"is_past": false,
    "title": "Co-Founder \u0026 CTO",
    "person":
     {"first_name": "Wojo",
      "last_name": "Wietecha",
      "permalink": "wojo-wietecha"}},
   {"is_past": false,
    "title": "Founder \u0026 CEO",
    "person":
     {"first_name": "Elliot",
      "last_name": "Hirsch",
      "permalink": "elliot-hirsch"}},
   {"is_past": false,
    "title": "Investor",
    "person":
     {"first_name": "Eugene",
      "last_name": "Chung",
      "permalink": "eugene-chung"}},
   {"is_past": false,
    "title": "Advisor",
    "person":
     {"first_name": "Tim",
      "last_name": "Hanlon",
      "permalink": "tim-hanlon"}},
   {"is_past": false,
    "title": "Investor",
    "person":
     {"first_name": "Laurel",
      "last_name": "Touby",
      "permalink": "laurel-touby"}},
   {"is_past": false,
    "title": "Investor",
    "person":
     {"first_name": "Dave",
      "last_name": "Lerner",
      "permalink": "dave-lerner-2"}}],
 "competitions":
  [],
 "providerships":
  [],
 "total_money_raised": "$1.2M",
 "funding_rounds":
  [{"id": 38759,
    "round_code": "seed",
    "source_url": "http://techcrunch.com/2013/09/05/adyapper-raises-1-2-million-to-analyze-ad-viewability-for-digital-campaigns/",
    "source_description": "AdYapper Raises $1.2 Million To Analyze Ad Viewability For Digital Campaigns",
    "raised_amount": 1200000.0,
    "raised_currency_code": "USD",
    "funded_year": 2013,
    "funded_month": 9,
    "funded_day": 5,
    "investments":
     [{"company":
        {"name": "Techstars",
         "permalink": "techstars"},
       "financial_org": null,
       "person": null},
      {"company": null,
       "financial_org":
        {"name": "KGC Capital",
         "permalink": "kgc-capital"},
       "person": null},
      {"company": null,
       "financial_org":
        {"name": "Rugged Ventures",
         "permalink": "rugged-ventures"},
       "person": null},
      {"company": null,
       "financial_org": null,
       "person":
        {"first_name": "David",
         "last_name": "Cohen",
         "permalink": "david-cohen"}}]}],
 "investments":
  [],
 "acquisition": null,
 "acquisitions":
  [],
 "offices":
  [{"description": "600 W. Chicago Ave.",
    "address1": "#700",
    "address2": "",
    "zip_code": "60654",
    "city": "Chicago",
    "state_code": "IL",
    "country_code": "USA",
    "latitude": null,
    "longitude": null}],
 "milestones":
  [],
 "ipo": null,
 "video_embeds":
  [],
 "screenshots":
  [{"available_sizes":
     [[[150,
        69],
       "http://api-images.crunchbase.com/assets/images/resized/0032/1593/321593v2-max-150x150.png"],
      [[250,
        115],
       "http://api-images.crunchbase.com/assets/images/resized/0032/1593/321593v2-max-250x250.png"],
      [[450,
        207],
       "http://api-images.crunchbase.com/assets/images/resized/0032/1593/321593v2-max-450x450.png"]],
    "attribution": null}],
 "external_links":
  [{"external_url": "http://www.basenow.net/2013/06/17/adyapper-a-game-changer-in-advertising/",
    "title": "AdYapper: A Game Changer in Advertising"},
   {"external_url": "http://techcrunch.com/2013/09/05/adyapper-raises-1-2-million-to-analyze-ad-viewability-for-digital-campaigns/",
    "title": "AdYapper Raises $1.2 Million To Analyze Ad Viewability For Digital Campaigns"}],
 "partners":
  []}
