{"name": "AdzCentral",
 "permalink": "adzcentral",
 "crunchbase_url": "http://www.crunchbase.com/company/adzcentral",
 "homepage_url": "http://www.adzcentral.com",
 "blog_url": "",
 "blog_feed_url": "",
 "twitter_username": "adzcentral",
 "category_code": "advertising",
 "number_of_employees": null,
 "founded_year": 2008,
 "founded_month": null,
 "founded_day": null,
 "deadpooled_year": null,
 "deadpooled_month": null,
 "deadpooled_day": null,
 "deadpooled_url": null,
 "tag_list": "consumer, media",
 "alias_list": "",
 "email_address": "",
 "phone_number": "65-6779-4506",
 "description": "Scientific Media Buying Platform",
 "created_at": "Sat Mar 30 03:14:31 UTC 2013",
 "updated_at": "Tue Apr 01 08:59:03 UTC 2014",
 "overview": "\u003Cp\u003EAdzCentral is a Scientific Media Buying Platform. AdzCentral uses advertising technology tools and expertise to improve their clients\u2019 digital media spending. Whether you\u2019re a direct marketer, brand marketer, advertising agency or media company.\u003C/p\u003E",
 "image":
  {"available_sizes":
    [[[94,
       77],
      "http://api-images.crunchbase.com/assets/images/resized/0024/6621/246621v1-max-150x150.jpg"],
     [[94,
       77],
      "http://api-images.crunchbase.com/assets/images/resized/0024/6621/246621v1-max-250x250.jpg"],
     [[94,
       77],
      "http://api-images.crunchbase.com/assets/images/resized/0024/6621/246621v1-max-450x450.jpg"]],
   "attribution": null},
 "products":
  [],
 "relationships":
  [{"is_past": false,
    "title": "CEO/Founder",
    "person":
     {"first_name": "Reza",
      "last_name": "Behnam",
      "permalink": "reza-behnam"}},
   {"is_past": false,
    "title": "Chief Revenue Officer",
    "person":
     {"first_name": "Russell",
      "last_name": "Conrad",
      "permalink": "russell-conrad"}}],
 "competitions":
  [],
 "providerships":
  [],
 "total_money_raised": "$6.4M",
 "funding_rounds":
  [{"id": 36628,
    "round_code": "a",
    "source_url": "http://techcrunch.com/2013/03/20/singaporean-ad-matching-platform-adzcentral-gets-3-2m-series-a/",
    "source_description": "Singaporean Ad-Matching Platform AdzCentral Gets $3.2M Series A",
    "raised_amount": 3200000.0,
    "raised_currency_code": "USD",
    "funded_year": 2013,
    "funded_month": 3,
    "funded_day": 20,
    "investments":
     [{"company": null,
       "financial_org":
        {"name": "Electric Sheep Capital",
         "permalink": "electric-sheep-capital"},
       "person": null},
      {"company":
        {"name": "DIGITAL Media",
         "permalink": "digital-media"},
       "financial_org": null,
       "person": null}]},
   {"id": 71194,
    "round_code": "b",
    "source_url": "",
    "source_description": "",
    "raised_amount": 3200000.0,
    "raised_currency_code": "USD",
    "funded_year": 2014,
    "funded_month": 3,
    "funded_day": 13,
    "investments":
     [{"company": null,
       "financial_org":
        {"name": "Electric Sheep Capital",
         "permalink": "electric-sheep-capital"},
       "person": null}]}],
 "investments":
  [],
 "acquisition": null,
 "acquisitions":
  [],
 "offices":
  [{"description": "",
    "address1": "Block 71, Ayer Rajah Crescent",
    "address2": "#04-20/21",
    "zip_code": "139951",
    "city": "Singapore",
    "state_code": null,
    "country_code": "SGP",
    "latitude": 1.2965208,
    "longitude": 103.7873639}],
 "milestones":
  [],
 "ipo": null,
 "video_embeds":
  [],
 "screenshots":
  [{"available_sizes":
     [[[150,
        99],
       "http://api-images.crunchbase.com/assets/images/resized/0024/6622/246622v1-max-150x150.jpg"],
      [[250,
        165],
       "http://api-images.crunchbase.com/assets/images/resized/0024/6622/246622v1-max-250x250.jpg"],
      [[450,
        298],
       "http://api-images.crunchbase.com/assets/images/resized/0024/6622/246622v1-max-450x450.jpg"]],
    "attribution": null}],
 "external_links":
  [],
 "partners":
  []}
