{"name": "AEF Schools",
 "permalink": "aef-schools",
 "crunchbase_url": "http://www.crunchbase.com/company/aef-schools",
 "homepage_url": null,
 "blog_url": "http://aefschools92.wordpress.com",
 "blog_feed_url": "",
 "twitter_username": "AEFSchools1",
 "category_code": null,
 "number_of_employees": null,
 "founded_year": 2005,
 "founded_month": 9,
 "founded_day": 14,
 "deadpooled_year": null,
 "deadpooled_month": null,
 "deadpooled_day": null,
 "deadpooled_url": null,
 "tag_list": "",
 "alias_list": null,
 "email_address": "aefschools92@yahoo.com",
 "phone_number": "",
 "description": "Alternative Education school in Florida.",
 "created_at": "Thu Jan 03 15:35:45 UTC 2013",
 "updated_at": "Sat Jan 05 06:28:26 UTC 2013",
 "overview": "",
 "image":
  {"available_sizes":
    [[[150,
       115],
      "http://api-images.crunchbase.com/assets/images/resized/0022/7889/227889v2-max-150x150.jpg"],
     [[250,
       193],
      "http://api-images.crunchbase.com/assets/images/resized/0022/7889/227889v2-max-250x250.jpg"],
     [[435,
       336],
      "http://api-images.crunchbase.com/assets/images/resized/0022/7889/227889v2-max-450x450.jpg"]],
   "attribution": null},
 "products":
  [],
 "relationships":
  [],
 "competitions":
  [],
 "providerships":
  [],
 "total_money_raised": "$0",
 "funding_rounds":
  [],
 "investments":
  [],
 "acquisition": null,
 "acquisitions":
  [],
 "offices":
  [],
 "milestones":
  [],
 "ipo": null,
 "video_embeds":
  [],
 "screenshots":
  [],
 "external_links":
  [],
 "partners":
  []}
