{"name": "Aerotek",
 "permalink": "aerotek",
 "crunchbase_url": "http://www.crunchbase.com/company/aerotek",
 "homepage_url": null,
 "blog_url": null,
 "blog_feed_url": null,
 "twitter_username": null,
 "category_code": null,
 "number_of_employees": null,
 "founded_year": null,
 "founded_month": null,
 "founded_day": null,
 "deadpooled_year": null,
 "deadpooled_month": null,
 "deadpooled_day": null,
 "deadpooled_url": null,
 "tag_list": null,
 "alias_list": null,
 "email_address": null,
 "phone_number": null,
 "description": null,
 "created_at": "Wed Jan 02 19:12:49 UTC 2013",
 "updated_at": "Thu Jan 03 05:19:01 UTC 2013",
 "overview": null,
 "image": null,
 "products":
  [],
 "relationships":
  [{"is_past": false,
    "title": "Recruiter",
    "person":
     {"first_name": "Seth",
      "last_name": "Harward",
      "permalink": "seth-harward"}},
   {"is_past": true,
    "title": "Recruiter",
    "person":
     {"first_name": "Keisha",
      "last_name": "Smith",
      "permalink": "keisha-smith"}},
   {"is_past": true,
    "title": "Recruiter / Account Manager",
    "person":
     {"first_name": "Phil",
      "last_name": "Haake",
      "permalink": "phil-haake"}},
   {"is_past": true,
    "title": "Technical Recruiter",
    "person":
     {"first_name": "Whitney",
      "last_name": "Facione",
      "permalink": "whitney-facione"}}],
 "competitions":
  [],
 "providerships":
  [],
 "total_money_raised": "$0",
 "funding_rounds":
  [],
 "investments":
  [],
 "acquisition": null,
 "acquisitions":
  [],
 "offices":
  [],
 "milestones":
  [],
 "ipo": null,
 "video_embeds":
  [],
 "screenshots":
  [],
 "external_links":
  [],
 "partners":
  []}
