{"name": "Aesthetique",
 "permalink": "aesthetique",
 "crunchbase_url": "http://www.crunchbase.com/company/aesthetique",
 "homepage_url": "http://www.mycosmeticclinic.com",
 "blog_url": "http://blog.mycosmeticclinic.com/",
 "blog_feed_url": "",
 "twitter_username": null,
 "category_code": "other",
 "number_of_employees": 12,
 "founded_year": null,
 "founded_month": null,
 "founded_day": null,
 "deadpooled_year": null,
 "deadpooled_month": null,
 "deadpooled_day": null,
 "deadpooled_url": null,
 "tag_list": "liposuction, hair-transplant, breast-enhancement, cosmetic-surgeon-india, cosmetic-surgeon-vadodara",
 "alias_list": "",
 "email_address": "mycosmeticclinicvadodara@gmail.com",
 "phone_number": "",
 "description": "Centre for Plastic \u0026 Cosmet",
 "created_at": "Mon Apr 01 06:35:03 UTC 2013",
 "updated_at": "Wed Jan 01 23:28:35 UTC 2014",
 "overview": "",
 "image":
  {"available_sizes":
    [[[150,
       63],
      "http://api-images.crunchbase.com/assets/images/resized/0024/6864/246864v2-max-150x150.jpg"],
     [[250,
       105],
      "http://api-images.crunchbase.com/assets/images/resized/0024/6864/246864v2-max-250x250.jpg"],
     [[291,
       123],
      "http://api-images.crunchbase.com/assets/images/resized/0024/6864/246864v2-max-450x450.jpg"]],
   "attribution": null},
 "products":
  [],
 "relationships":
  [],
 "competitions":
  [],
 "providerships":
  [],
 "total_money_raised": "$0",
 "funding_rounds":
  [],
 "investments":
  [],
 "acquisition": null,
 "acquisitions":
  [],
 "offices":
  [{"description": "",
    "address1": "",
    "address2": "",
    "zip_code": "",
    "city": "",
    "state_code": null,
    "country_code": "IND",
    "latitude": null,
    "longitude": null}],
 "milestones":
  [],
 "ipo": null,
 "video_embeds":
  [],
 "screenshots":
  [],
 "external_links":
  [],
 "partners":
  []}
