{"name": "Affine",
 "permalink": "affine",
 "crunchbase_url": "http://www.crunchbase.com/company/affine",
 "homepage_url": "http://www.affineanalytics.com",
 "blog_url": "http://www.affineanalytics.wordpress.com",
 "blog_feed_url": "",
 "twitter_username": "affineanalytics",
 "category_code": "analytics",
 "number_of_employees": 40,
 "founded_year": 2011,
 "founded_month": 2,
 "founded_day": 15,
 "deadpooled_year": null,
 "deadpooled_month": null,
 "deadpooled_day": null,
 "deadpooled_url": null,
 "tag_list": "analytics, big-data, machine-learning-techniques, marketing-analytics, mmx, merchandizing, web-analytics, pricing-analytics",
 "alias_list": null,
 "email_address": "info@affineanalytics.com",
 "phone_number": "",
 "description": "Analytics Consulting Firm",
 "created_at": "Mon Feb 04 12:14:28 UTC 2013",
 "updated_at": "Thu Oct 10 10:45:43 UTC 2013",
 "overview": "\u003Cp\u003EAffine provides analytics services to different verticals, prominent ones being Retail, CPG, eCommerce, BFSI and Telecom. The company was started in 2011 by three Analytics industry experts.\nBesides traditional techniques, the company uses Adv techniques like Bayesian networks, machine learning technique etc.\nAffine also has strong capabilities in Big Data Analytics space.\nThe client base comprises 4 Fortune-500 companies besides a few others.\u003C/p\u003E",
 "image":
  {"available_sizes":
    [[[150,
       83],
      "http://api-images.crunchbase.com/assets/images/resized/0034/0159/340159v1-max-150x150.png"],
     [[180,
       100],
      "http://api-images.crunchbase.com/assets/images/resized/0034/0159/340159v1-max-250x250.png"],
     [[180,
       100],
      "http://api-images.crunchbase.com/assets/images/resized/0034/0159/340159v1-max-450x450.png"]],
   "attribution": null},
 "products":
  [],
 "relationships":
  [{"is_past": false,
    "title": "Co-Founder",
    "person":
     {"first_name": "Abhishek",
      "last_name": "Anand",
      "permalink": "abhishek-anand-3"}},
   {"is_past": false,
    "title": "CEO",
    "person":
     {"first_name": "Manas",
      "last_name": "Agrawal",
      "permalink": "manas-agrawal"}},
   {"is_past": false,
    "title": "Co-Founder",
    "person":
     {"first_name": "Vineet",
      "last_name": "Kumar",
      "permalink": "vineet-kumar-2"}}],
 "competitions":
  [{"competitor":
     {"name": "Inductis",
      "permalink": "inductis"}},
   {"competitor":
     {"name": "MMA",
      "permalink": "mma"}},
   {"competitor":
     {"name": "Fractal",
      "permalink": "fractal"}}],
 "providerships":
  [],
 "total_money_raised": "$100k",
 "funding_rounds":
  [{"id": 35268,
    "round_code": "angel",
    "source_url": "http://www.dealcurry.com/20121120-Affine-Analytics-Raises-Angel-Investment-From-FinAKS.htm",
    "source_description": "Angel",
    "raised_amount": 100000.0,
    "raised_currency_code": "USD",
    "funded_year": 2012,
    "funded_month": 1,
    "funded_day": 1,
    "investments":
     []}],
 "investments":
  [],
 "acquisition": null,
 "acquisitions":
  [],
 "offices":
  [{"description": "Head Quarter",
    "address1": "991/992, 5th Main",
    "address2": "HSR Layout, Sector-7",
    "zip_code": "560102",
    "city": "Bangalore",
    "state_code": null,
    "country_code": "IND",
    "latitude": null,
    "longitude": null}],
 "milestones":
  [{"id": 40915,
    "description": "Big data firm Affine Analytics in talks to raise over $5M in Series A funding",
    "stoned_year": 2013,
    "stoned_month": 10,
    "stoned_day": 10,
    "source_url": "http://www.vccircle.com/news/technology/2013/10/10/big-data-firm-affine-analytics-talks-raise-over-5m-series-funding",
    "source_text": "",
    "source_description": "Big data firm Affine Analytics in talks to raise over $5M in Series A funding",
    "stoneable_type": "Company",
    "stoned_value": null,
    "stoned_value_type": null,
    "stoned_acquirer": null,
    "stoneable":
     {"name": "Affine",
      "permalink": "affine"}}],
 "ipo": null,
 "video_embeds":
  [],
 "screenshots":
  [],
 "external_links":
  [],
 "partners":
  []}
