{"name": "Affordable SEO Services",
 "permalink": "affordableseo-services-com",
 "crunchbase_url": "http://www.crunchbase.com/company/affordableseo-services-com",
 "homepage_url": "http://www.affordableseo-services.com",
 "blog_url": "",
 "blog_feed_url": "",
 "twitter_username": null,
 "category_code": "advertising",
 "number_of_employees": null,
 "founded_year": null,
 "founded_month": null,
 "founded_day": null,
 "deadpooled_year": null,
 "deadpooled_month": null,
 "deadpooled_day": null,
 "deadpooled_url": null,
 "tag_list": null,
 "alias_list": "",
 "email_address": "",
 "phone_number": "",
 "description": "",
 "created_at": "Sat Dec 22 03:41:03 UTC 2012",
 "updated_at": "Wed Jan 01 23:18:27 UTC 2014",
 "overview": null,
 "image":
  {"available_sizes":
    [[[150,
       64],
      "http://api-images.crunchbase.com/assets/images/resized/0038/6425/386425v1-max-150x150.png"],
     [[250,
       107],
      "http://api-images.crunchbase.com/assets/images/resized/0038/6425/386425v1-max-250x250.png"],
     [[303,
       130],
      "http://api-images.crunchbase.com/assets/images/resized/0038/6425/386425v1-max-450x450.png"]],
   "attribution": null},
 "products":
  [],
 "relationships":
  [{"is_past": false,
    "title": "Owner",
    "person":
     {"first_name": "Matthew",
      "last_name": "Boley",
      "permalink": "matthew-boley"}}],
 "competitions":
  [],
 "providerships":
  [],
 "total_money_raised": "$0",
 "funding_rounds":
  [],
 "investments":
  [],
 "acquisition": null,
 "acquisitions":
  [],
 "offices":
  [{"description": "Main Offic",
    "address1": "691 Denshire DR NW",
    "address2": "",
    "zip_code": "44614",
    "city": "Canal Fulton",
    "state_code": "OH",
    "country_code": "USA",
    "latitude": null,
    "longitude": null}],
 "milestones":
  [],
 "ipo": null,
 "video_embeds":
  [],
 "screenshots":
  [],
 "external_links":
  [],
 "partners":
  []}
