{"name": "Affordable Polished Concrete",
 "permalink": "affordable-polished-concrete",
 "crunchbase_url": "http://www.crunchbase.com/company/affordable-polished-concrete",
 "homepage_url": "http://www.affordablepolishedconcrete.co.nz",
 "blog_url": "",
 "blog_feed_url": "",
 "twitter_username": null,
 "category_code": "other",
 "number_of_employees": null,
 "founded_year": null,
 "founded_month": null,
 "founded_day": null,
 "deadpooled_year": null,
 "deadpooled_month": null,
 "deadpooled_day": null,
 "deadpooled_url": null,
 "tag_list": "polished-concrete, concrete-grinding, affordable-concrete",
 "alias_list": null,
 "email_address": "affpolishedconcrete.seo@gmail.com",
 "phone_number": "09 630 3590",
 "description": "Polished Concrete and Grinding",
 "created_at": "Fri Feb 08 02:58:47 UTC 2013",
 "updated_at": "Fri Feb 08 23:41:17 UTC 2013",
 "overview": "\u003Cp\u003EAffordable Polished Concrete is an Auckland based company specialising in all aspects of concrete flooring for residential, commercial or industrial use. They have an experienced team of technicians that will take care of your flooring requirements. Their services range from the initial concrete preparation stages, through polishing to final protective coatings and sealers. Their team is fully experienced in all coatings and sealers including epoxy coatings. They pride themselves in using the latest technology in diamond grinding and polishing techniques to offer cost effective, low maintenance and sustainable concrete flooring solutions. \u003C/p\u003E",
 "image": null,
 "products":
  [],
 "relationships":
  [],
 "competitions":
  [],
 "providerships":
  [],
 "total_money_raised": "$0",
 "funding_rounds":
  [],
 "investments":
  [],
 "acquisition": null,
 "acquisitions":
  [],
 "offices":
  [],
 "milestones":
  [],
 "ipo": null,
 "video_embeds":
  [],
 "screenshots":
  [],
 "external_links":
  [],
 "partners":
  []}
