{"name": "Afraxis",
 "permalink": "afraxis",
 "crunchbase_url": "http://www.crunchbase.com/company/afraxis",
 "homepage_url": "http://www.afraxis.com",
 "blog_url": "",
 "blog_feed_url": "",
 "twitter_username": null,
 "category_code": null,
 "number_of_employees": null,
 "founded_year": null,
 "founded_month": null,
 "founded_day": null,
 "deadpooled_year": null,
 "deadpooled_month": null,
 "deadpooled_day": null,
 "deadpooled_url": null,
 "tag_list": "",
 "alias_list": "",
 "email_address": "",
 "phone_number": "858-750-4707",
 "description": "",
 "created_at": "Wed Jan 30 11:43:33 UTC 2013",
 "updated_at": "Mon Dec 09 07:29:35 UTC 2013",
 "overview": "\u003Cp\u003EAfraxis is discovering and developing drugs to treat diseases of the central nervous system, including schizophrenia, Alzheimer\u0026#8217;s disease, Fragile X syndrome and autism spectrum disorders. Recent scientific discoveries have linked these disorders to underlying defects in the development and function of specialized structures of the neural synapse, called dendritic spines. Afraxis is leveraging this discovery to develop drug treatments that control dendritic spine function. The company\u0026#8217;s lead program targets PAK, a protein that regulates the development and activity of dendritic spines, creating therapies that actually modify the disease rather than just treat symptoms. Modifying the disease produces beneficial changes at the cellular and behavioral level, creating new hope for patients.\u003C/p\u003E",
 "image":
  {"available_sizes":
    [[[150,
       52],
      "http://api-images.crunchbase.com/assets/images/resized/0023/2543/232543v1-max-150x150.jpg"],
     [[153,
       54],
      "http://api-images.crunchbase.com/assets/images/resized/0023/2543/232543v1-max-250x250.jpg"],
     [[153,
       54],
      "http://api-images.crunchbase.com/assets/images/resized/0023/2543/232543v1-max-450x450.jpg"]],
   "attribution": null},
 "products":
  [],
 "relationships":
  [{"is_past": false,
    "title": "Chief Scientific Officer",
    "person":
     {"first_name": "David",
      "last_name": "Campbell",
      "permalink": "david-campbell-3"}},
   {"is_past": false,
    "title": "Chief Executive Officer",
    "person":
     {"first_name": "Carmine",
      "last_name": "Stengone",
      "permalink": "carmine-stengone"}},
   {"is_past": true,
    "title": "Director and CEO",
    "person":
     {"first_name": "Jay",
      "last_name": "Lichter",
      "permalink": "jay-lichter"}},
   {"is_past": true,
    "title": "Chief Executive Officer",
    "person":
     {"first_name": "Jay",
      "last_name": "Lichter",
      "permalink": "jay-lichter-2"}}],
 "competitions":
  [],
 "providerships":
  [],
 "total_money_raised": "$1.5M",
 "funding_rounds":
  [{"id": 48802,
    "round_code": "debt_round",
    "source_url": "http://www.sec.gov/Archives/edgar/data/1435673/000151919111000005/xslFormDX01/primary_doc.xml",
    "source_description": "SEC",
    "raised_amount": 300000.0,
    "raised_currency_code": "USD",
    "funded_year": 2011,
    "funded_month": 12,
    "funded_day": 21,
    "investments":
     []},
   {"id": 57340,
    "round_code": "partial",
    "source_url": "http://www.sec.gov/Archives/edgar/data/1435673/000143567310000001/xslFormDX01/primary_doc.xml",
    "source_description": "SEC",
    "raised_amount": 1200000.0,
    "raised_currency_code": "USD",
    "funded_year": 2010,
    "funded_month": 5,
    "funded_day": 13,
    "investments":
     []}],
 "investments":
  [],
 "acquisition": null,
 "acquisitions":
  [],
 "offices":
  [{"description": "",
    "address1": "11099 N Torrey Pines Rd, Suite 290",
    "address2": "",
    "zip_code": "92037",
    "city": "La Jolla",
    "state_code": "CA",
    "country_code": "USA",
    "latitude": null,
    "longitude": null}],
 "milestones":
  [],
 "ipo": null,
 "video_embeds":
  [],
 "screenshots":
  [],
 "external_links":
  [],
 "partners":
  []}
