{"name": "Afzal Metal Refine Works",
 "permalink": "afzal-metal-refine-works",
 "crunchbase_url": "http://www.crunchbase.com/company/afzal-metal-refine-works",
 "homepage_url": "http://www.indiamart.com/afzalmetalrefineworks",
 "blog_url": "",
 "blog_feed_url": "",
 "twitter_username": null,
 "category_code": "other",
 "number_of_employees": 25,
 "founded_year": 1991,
 "founded_month": null,
 "founded_day": null,
 "deadpooled_year": null,
 "deadpooled_month": null,
 "deadpooled_day": null,
 "deadpooled_url": null,
 "tag_list": "aluminium-utensils",
 "alias_list": null,
 "email_address": "afzalmetalrefineworks@tradepassport.org",
 "phone_number": "+(91)-(79)-22911772",
 "description": "Aluminium Utensils",
 "created_at": "Fri Apr 05 11:36:59 UTC 2013",
 "updated_at": "Fri Apr 05 11:37:03 UTC 2013",
 "overview": "\u003Cp\u003EEstablished in the year 1991, we, \u201cAfzal Metal Refine Works\u201d, are involved in manufacturing and supplying a wide range of Aluminium Utensils. Our range of products encompasses Aluminium Top Cover, Aluminium Mathar Top, Aluminium Half Top Utensil and Aluminium Handi. Also, we offer Aluminium Hand Wash Utensil, Aluminium Kadai, Aluminium Dabba, Aluminium Circle and Aluminium Top. The range made available by us is manufactured using optimum-grade aluminium that is sourced from most trusted vendors of market with the aid of our procuring agents. Our product-line is highly appreciated by customers for its intrusive attributes such as splendid designs, fine finish, corrosion resistance, excellent polish, dimensional accuracy and lightweight\u003C/p\u003E",
 "image":
  {"available_sizes":
    [[[120,
       120],
      "http://api-images.crunchbase.com/assets/images/resized/0024/8589/248589v2-max-150x150.png"],
     [[120,
       120],
      "http://api-images.crunchbase.com/assets/images/resized/0024/8589/248589v2-max-250x250.png"],
     [[120,
       120],
      "http://api-images.crunchbase.com/assets/images/resized/0024/8589/248589v2-max-450x450.png"]],
   "attribution": null},
 "products":
  [],
 "relationships":
  [],
 "competitions":
  [],
 "providerships":
  [],
 "total_money_raised": "$0",
 "funding_rounds":
  [],
 "investments":
  [],
 "acquisition": null,
 "acquisitions":
  [],
 "offices":
  [],
 "milestones":
  [],
 "ipo": null,
 "video_embeds":
  [],
 "screenshots":
  [],
 "external_links":
  [{"external_url": "http://www.indiamart.com/afzalmetalrefineworks/",
    "title": "Aluminium Utensils"}],
 "partners":
  []}
