{"name": "Agency | 2.0",
 "permalink": "agency",
 "crunchbase_url": "http://www.crunchbase.com/company/agency",
 "homepage_url": "http://www.agency20.com",
 "blog_url": "http://agency20.com/news/",
 "blog_feed_url": "http://agency20.com/news/",
 "twitter_username": "a2pt0",
 "category_code": "consulting",
 "number_of_employees": 5,
 "founded_year": 2011,
 "founded_month": 11,
 "founded_day": 1,
 "deadpooled_year": null,
 "deadpooled_month": null,
 "deadpooled_day": null,
 "deadpooled_url": null,
 "tag_list": "crowdfunding, crowdsourcing, digital-marketing, entrepreneur",
 "alias_list": null,
 "email_address": "cmolenik@gmail.com",
 "phone_number": "7574691769",
 "description": "Crowdfunding Marketing Campaigns",
 "created_at": "Thu Feb 07 02:42:11 UTC 2013",
 "updated_at": "Fri Feb 08 05:42:09 UTC 2013",
 "overview": "\u003Cp\u003EProviding creative\u2019s \u0026amp; entrepreneur\u2019s with the resources needed to successfully crowdfund \u0026amp; grow their creative or entrepreneurial projects, while retaining 100% ownership.\u003C/p\u003E\n\n\u003Cp\u003EAgency | 2.0 is the product of years of experience in the marketing, digital media, advocacy, branding \u0026amp; experiential marketing. What started as \u201cbuddy\u201d project with Rise \u0026amp; Shine: The Jay DeMerit Story and subsequently more crowdfunding successes thereafter, turned into much, much more\u2026 A Kickstarter Strategy\u2026 www.agency20.com\u003C/p\u003E",
 "image":
  {"available_sizes":
    [[[150,
       150],
      "http://api-images.crunchbase.com/assets/images/resized/0023/4106/234106v2-max-150x150.png"],
     [[250,
       250],
      "http://api-images.crunchbase.com/assets/images/resized/0023/4106/234106v2-max-250x250.png"],
     [[450,
       450],
      "http://api-images.crunchbase.com/assets/images/resized/0023/4106/234106v2-max-450x450.png"]],
   "attribution": null},
 "products":
  [],
 "relationships":
  [{"is_past": false,
    "title": "Founder \u0026 CEO",
    "person":
     {"first_name": "Christopher",
      "last_name": "Olenik",
      "permalink": "christopher-olenik"}}],
 "competitions":
  [],
 "providerships":
  [],
 "total_money_raised": "$0",
 "funding_rounds":
  [],
 "investments":
  [],
 "acquisition": null,
 "acquisitions":
  [],
 "offices":
  [{"description": "Main Office",
    "address1": "444 West C Street #410",
    "address2": "",
    "zip_code": "92101",
    "city": "San Diego",
    "state_code": "CA",
    "country_code": "USA",
    "latitude": null,
    "longitude": null}],
 "milestones":
  [],
 "ipo": null,
 "video_embeds":
  [],
 "screenshots":
  [{"available_sizes":
     [[[150,
        56],
       "http://api-images.crunchbase.com/assets/images/resized/0023/4103/234103v2-max-150x150.jpg"],
      [[250,
        94],
       "http://api-images.crunchbase.com/assets/images/resized/0023/4103/234103v2-max-250x250.jpg"],
      [[450,
        169],
       "http://api-images.crunchbase.com/assets/images/resized/0023/4103/234103v2-max-450x450.jpg"]],
    "attribution": null},
   {"available_sizes":
     [[[150,
        54],
       "http://api-images.crunchbase.com/assets/images/resized/0023/4104/234104v2-max-150x150.jpg"],
      [[250,
        91],
       "http://api-images.crunchbase.com/assets/images/resized/0023/4104/234104v2-max-250x250.jpg"],
      [[450,
        164],
       "http://api-images.crunchbase.com/assets/images/resized/0023/4104/234104v2-max-450x450.jpg"]],
    "attribution": null},
   {"available_sizes":
     [[[150,
        67],
       "http://api-images.crunchbase.com/assets/images/resized/0023/4105/234105v2-max-150x150.png"],
      [[250,
        112],
       "http://api-images.crunchbase.com/assets/images/resized/0023/4105/234105v2-max-250x250.png"],
      [[450,
        202],
       "http://api-images.crunchbase.com/assets/images/resized/0023/4105/234105v2-max-450x450.png"]],
    "attribution": null}],
 "external_links":
  [{"external_url": "http://agency20.com/kickstarter-crowdfunding-strategy-advice-and-campaign-marketing/",
    "title": "Crowdfunding Advice \u0026 Strategy"}],
 "partners":
  []}
