{"name": "Agile Search Marketing",
 "permalink": "agile-search-marketing",
 "crunchbase_url": "http://www.crunchbase.com/company/agile-search-marketing",
 "homepage_url": "http://www.agilesearchmarketing.com",
 "blog_url": "http://www.agilesearchmarketing.com/category/seo-blog",
 "blog_feed_url": "http://www.agilesearchmarketing.com/category/seo-blog",
 "twitter_username": "seo_guru_ak",
 "category_code": "consulting",
 "number_of_employees": 2,
 "founded_year": 2004,
 "founded_month": 2,
 "founded_day": 10,
 "deadpooled_year": null,
 "deadpooled_month": null,
 "deadpooled_day": null,
 "deadpooled_url": null,
 "tag_list": "seo, ppc, site-submission, keyword-research, coding, html, analysis, reporting, content, video, social-media, web-design",
 "alias_list": null,
 "email_address": "alank@agilesearchmarketing.com",
 "phone_number": "925-299-1358",
 "description": "Agile Search Marketing",
 "created_at": "Wed Jan 02 03:59:10 UTC 2013",
 "updated_at": "Thu Jan 03 05:31:24 UTC 2013",
 "overview": "\u003Cp\u003EAgile provides website optimization, content and link delivery, Meta tag and body text coding, pay-per-click management, site submission and reporting services. Agile is based in the San Francisco Bay Area, USA and serves clients throughout the U.S..\u003C/p\u003E\n\n\u003Cp\u003EAgile has extensive experience in all facets of search engine optimization. The company was started in 2004 and has its roots back to the late 1990\u0026#8217;s. Google AdWord Professional certification took place in 2008.\u003C/p\u003E\n\n\u003Cp\u003EWe work with businesses of all sizes and partner with companies interested in outsourcing their SEO service. \u003C/p\u003E\n\n\u003Cp\u003EOur mission is to provide the highest quality services at affordable prices in a timely manner. We constantly strive to be on top of the latest developments in the search engine world. Our partners are carefully selected and screened. We have very satisfied customers and invite inquiries.\u003C/p\u003E",
 "image":
  {"available_sizes":
    [[[150,
       81],
      "http://api-images.crunchbase.com/assets/images/resized/0022/7604/227604v2-max-150x150.jpg"],
     [[250,
       135],
      "http://api-images.crunchbase.com/assets/images/resized/0022/7604/227604v2-max-250x250.jpg"],
     [[352,
       191],
      "http://api-images.crunchbase.com/assets/images/resized/0022/7604/227604v2-max-450x450.jpg"]],
   "attribution": null},
 "products":
  [],
 "relationships":
  [{"is_past": false,
    "title": "Sr. Director",
    "person":
     {"first_name": "Alan",
      "last_name": "Koenigsberg",
      "permalink": "alan-koenigsberg"}}],
 "competitions":
  [],
 "providerships":
  [{"title": "Graphic Design, Web Design",
    "is_past": false,
    "provider":
     {"name": "Communications Consortium",
      "permalink": "communications-consortium"}}],
 "total_money_raised": "$0",
 "funding_rounds":
  [],
 "investments":
  [],
 "acquisition": null,
 "acquisitions":
  [],
 "offices":
  [{"description": "Headquarters",
    "address1": "682 Jennie Ct., Suite A",
    "address2": "",
    "zip_code": "94549",
    "city": "Lafayette",
    "state_code": "CA",
    "country_code": "USA",
    "latitude": 37.8744454,
    "longitude": -122.1000101}],
 "milestones":
  [],
 "ipo": null,
 "video_embeds":
  [],
 "screenshots":
  [],
 "external_links":
  [],
 "partners":
  []}
