{"name": "AgileOR",
 "permalink": "agileor-llc",
 "crunchbase_url": "http://www.crunchbase.com/company/agileor-llc",
 "homepage_url": "http://www.agileor.com",
 "blog_url": "",
 "blog_feed_url": "",
 "twitter_username": "agileor",
 "category_code": "software",
 "number_of_employees": null,
 "founded_year": 2012,
 "founded_month": null,
 "founded_day": null,
 "deadpooled_year": null,
 "deadpooled_month": null,
 "deadpooled_day": null,
 "deadpooled_url": null,
 "tag_list": "",
 "alias_list": "",
 "email_address": "contact@agileor.com",
 "phone_number": "8323201970",
 "description": "EMR",
 "created_at": "Fri Feb 22 20:26:17 UTC 2013",
 "updated_at": "Thu Apr 04 18:52:11 UTC 2013",
 "overview": "\u003Cp\u003EAgileOR develops next-generation EMR (Electronic Medical Records) web applications that are uniquely designed to meet the needs of anesthesiologists, and other designated medical practice areas. \u003C/p\u003E\n\n\u003Cp\u003EThe AgileOR\u0026#8217;s OpConnex\u2122 suite of web \u0026amp; mobile native software products are technologically designed to meet the needs of current enterprise EMR systems: To allow anesthesiologists to comply with government \u0026amp; payer demands; become more efficient \u0026amp; accurate in patient billing \u0026amp; record keeping; and ultimately generate higher revenues\u003C/p\u003E",
 "image":
  {"available_sizes":
    [[[150,
       54],
      "http://api-images.crunchbase.com/assets/images/resized/0024/8099/248099v2-max-150x150.png"],
     [[250,
       90],
      "http://api-images.crunchbase.com/assets/images/resized/0024/8099/248099v2-max-250x250.png"],
     [[450,
       162],
      "http://api-images.crunchbase.com/assets/images/resized/0024/8099/248099v2-max-450x450.png"]],
   "attribution": null},
 "products":
  [],
 "relationships":
  [],
 "competitions":
  [],
 "providerships":
  [],
 "total_money_raised": "$0",
 "funding_rounds":
  [],
 "investments":
  [],
 "acquisition": null,
 "acquisitions":
  [],
 "offices":
  [{"description": "HQ",
    "address1": "50 Briar Hollow Ln",
    "address2": "Suite 600 East",
    "zip_code": "77027",
    "city": "Houston",
    "state_code": "TX",
    "country_code": "USA",
    "latitude": 29.754545,
    "longitude": -95.450539}],
 "milestones":
  [],
 "ipo": null,
 "video_embeds":
  [],
 "screenshots":
  [],
 "external_links":
  [],
 "partners":
  []}
