{"name": "Agolo",
 "permalink": "agolo",
 "crunchbase_url": "http://www.crunchbase.com/company/agolo",
 "homepage_url": "http://agolo.com",
 "blog_url": "",
 "blog_feed_url": "",
 "twitter_username": "agolo",
 "category_code": "web",
 "number_of_employees": null,
 "founded_year": 2012,
 "founded_month": 12,
 "founded_day": 7,
 "deadpooled_year": null,
 "deadpooled_month": null,
 "deadpooled_day": null,
 "deadpooled_url": null,
 "tag_list": "twitter, natural-language-processing, machine-leaning",
 "alias_list": "",
 "email_address": "founders@agolo.com",
 "phone_number": "",
 "description": "",
 "created_at": "Mon Feb 25 02:08:56 UTC 2013",
 "updated_at": "Tue Feb 25 20:20:17 UTC 2014",
 "overview": "\u003Cp\u003EAgolo makes sense of the real-time web so that you can immediately discover the most relevant, timely and actionable information!\u003C/p\u003E",
 "image":
  {"available_sizes":
    [[[150,
       129],
      "http://api-images.crunchbase.com/assets/images/resized/0025/6532/256532v5-max-150x150.png"],
     [[250,
       216],
      "http://api-images.crunchbase.com/assets/images/resized/0025/6532/256532v5-max-250x250.png"],
     [[450,
       389],
      "http://api-images.crunchbase.com/assets/images/resized/0025/6532/256532v5-max-450x450.png"]],
   "attribution": null},
 "products":
  [],
 "relationships":
  [{"is_past": false,
    "title": "Founder \u0026 CEO",
    "person":
     {"first_name": "Sage",
      "last_name": "Wohns",
      "permalink": "sage-wohns"}},
   {"is_past": false,
    "title": "Co-Founder and CTO",
    "person":
     {"first_name": "Mohamed",
      "last_name": "Altantawy",
      "permalink": "mohamed-altantawy"}}],
 "competitions":
  [],
 "providerships":
  [],
 "total_money_raised": "$40k",
 "funding_rounds":
  [{"id": 39513,
    "round_code": "seed",
    "source_url": "http://venturebeat.com/2013/06/03/entrepreneurs-roundtable-acclerator-kicks-off-its-next-class-of-10-startups/",
    "source_description": "Entrepreneurs Roundtable Accelerator kicks off its next class of 10 startups ",
    "raised_amount": 40000.0,
    "raised_currency_code": "USD",
    "funded_year": 2013,
    "funded_month": 6,
    "funded_day": 3,
    "investments":
     [{"company":
        {"name": "Entrepreneurs Roundtable Accelerator",
         "permalink": "er-accelerator"},
       "financial_org": null,
       "person": null}]}],
 "investments":
  [],
 "acquisition": null,
 "acquisitions":
  [],
 "offices":
  [{"description": "ERA",
    "address1": "214 West 29th Street",
    "address2": "5th Floor",
    "zip_code": "10001",
    "city": "New York",
    "state_code": "NY",
    "country_code": "USA",
    "latitude": null,
    "longitude": null}],
 "milestones":
  [],
 "ipo": null,
 "video_embeds":
  [{"embed_code": "\u003Ciframe src=\"//player.vimeo.com/video/75503468\" width=\"500\" height=\"281\" frameborder=\"0\" webkitallowfullscreen mozallowfullscreen allowfullscreen\u003E\u003C/iframe\u003E \u003Cp\u003E\u003Ca href=\"http://vimeo.com/75503468\"\u003EAgolo\u003C/a\u003E from \u003Ca href=\"http://vimeo.com/user18864059\"\u003ESage Wohns\u003C/a\u003E on \u003Ca href=\"https://vimeo.com\"\u003EVimeo\u003C/a\u003E.\u003C/p\u003E",
    "description": ""},
   {"embed_code": "\u003Cdiv style='text-align:center'\u003E\r\n\u003Cscript type='text/javascript' src='http://pshared.5min.com/Scripts/PlayerSeed.js?sid=281\u0026width=430\u0026height=242\u0026playList=517947292'\u003E\u003C/script\u003E\r\n\u003Cbr/\u003E\r\n\u003C/div\u003E",
    "description": ""}],
 "screenshots":
  [{"available_sizes":
     [[[150,
        134],
       "http://api-images.crunchbase.com/assets/images/resized/0033/3909/333909v1-max-150x150.png"],
      [[250,
        223],
       "http://api-images.crunchbase.com/assets/images/resized/0033/3909/333909v1-max-250x250.png"],
      [[450,
        402],
       "http://api-images.crunchbase.com/assets/images/resized/0033/3909/333909v1-max-450x450.png"]],
    "attribution": null}],
 "external_links":
  [],
 "partners":
  []}
