{"name": "Agorafy",
 "permalink": "agorafy",
 "crunchbase_url": "http://www.crunchbase.com/company/agorafy",
 "homepage_url": "http://www.agorafy.com",
 "blog_url": "http://blog.agorafy.com",
 "blog_feed_url": "",
 "twitter_username": "agorafy",
 "category_code": "real_estate",
 "number_of_employees": 25,
 "founded_year": 2010,
 "founded_month": 11,
 "founded_day": 1,
 "deadpooled_year": null,
 "deadpooled_month": null,
 "deadpooled_day": null,
 "deadpooled_url": null,
 "tag_list": "real-estate, listings, broker, owner, tenant, brokerage, retail-space, office-space, retail, office, technology, real-time",
 "alias_list": null,
 "email_address": "invest@agorafy.com",
 "phone_number": "212-401-4231",
 "description": "Platform for Real Estate Information",
 "created_at": "Tue Mar 05 14:29:25 UTC 2013",
 "updated_at": "Thu Apr 03 17:09:59 UTC 2014",
 "overview": "\u003Cp\u003EAgorafy is an open platform organizing and sharing real estate information in New York.\u003C/p\u003E\n\n\u003Cp\u003EOur mission is to be the most accurate resource for commercial listings, residential listings, and property information, allowing users to make highly-informed decisions based on current market data.\u003C/p\u003E\n\n\u003Cp\u003EWe believe in creating value for real estate professionals by providing them with a wealth of knowledge at their fingertips, which can be accessed from anywhere, anytime. Spend less time retrieving information and more time on closing deals. \u003C/p\u003E",
 "image":
  {"available_sizes":
    [[[130,
       130],
      "http://api-images.crunchbase.com/assets/images/resized/0024/1649/241649v2-max-150x150.png"],
     [[130,
       130],
      "http://api-images.crunchbase.com/assets/images/resized/0024/1649/241649v2-max-250x250.png"],
     [[130,
       130],
      "http://api-images.crunchbase.com/assets/images/resized/0024/1649/241649v2-max-450x450.png"]],
   "attribution": null},
 "products":
  [],
 "relationships":
  [{"is_past": false,
    "title": "Co-Founder \u0026 Director of Data Acquisition",
    "person":
     {"first_name": "Daniel",
      "last_name": "Findorak",
      "permalink": "daniel-findorak"}},
   {"is_past": false,
    "title": "Co-Founder \u0026 Chief Technology Officer",
    "person":
     {"first_name": "Jeffrey",
      "last_name": "Li",
      "permalink": "jeffrey-li"}},
   {"is_past": false,
    "title": "Founder and CEO",
    "person":
     {"first_name": "Richard",
      "last_name": "Du",
      "permalink": "richard-du"}},
   {"is_past": false,
    "title": "Co-Founder \u0026 Chief Product Officer",
    "person":
     {"first_name": "Anthony",
      "last_name": "Chan",
      "permalink": "anthony-chan"}},
   {"is_past": false,
    "title": "Co-Founder \u0026 Creative Director",
    "person":
     {"first_name": "Sandy",
      "last_name": "Ng",
      "permalink": "sandy-ng"}}],
 "competitions":
  [{"competitor":
     {"name": "CoStar Group",
      "permalink": "costar-group"}},
   {"competitor":
     {"name": "Propertyshark",
      "permalink": "propertyshark"}},
   {"competitor":
     {"name": "Urban Compass",
      "permalink": "urban-compass"}},
   {"competitor":
     {"name": "Zillow",
      "permalink": "zillow"}},
   {"competitor":
     {"name": "StreetEasy",
      "permalink": "streeteasy"}},
   {"competitor":
     {"name": "Trulia",
      "permalink": "trulia"}}],
 "providerships":
  [],
 "total_money_raised": "$2M",
 "funding_rounds":
  [{"id": 35955,
    "round_code": "private_equity",
    "source_url": "",
    "source_description": "",
    "raised_amount": 2000000.0,
    "raised_currency_code": "USD",
    "funded_year": 2010,
    "funded_month": 11,
    "funded_day": 1,
    "investments":
     []}],
 "investments":
  [],
 "acquisition": null,
 "acquisitions":
  [],
 "offices":
  [{"description": "",
    "address1": "235 West 23rd Street",
    "address2": "",
    "zip_code": "10011",
    "city": "New York",
    "state_code": "NY",
    "country_code": "USA",
    "latitude": 40.7446912,
    "longitude": -73.9967804}],
 "milestones":
  [],
 "ipo": null,
 "video_embeds":
  [{"embed_code": "\u003Ciframe width=\"430\" height=\"253\" src=\"//www.youtube.com/embed/qO8rX0SgxhQ\" frameborder=\"0\" allowfullscreen\u003E\u003C/iframe\u003E",
    "description": "\u003Cp\u003EAgorafy - How It Works\u003C/p\u003E"}],
 "screenshots":
  [{"available_sizes":
     [[[150,
        103],
       "http://api-images.crunchbase.com/assets/images/resized/0024/1943/241943v2-max-150x150.png"],
      [[250,
        171],
       "http://api-images.crunchbase.com/assets/images/resized/0024/1943/241943v2-max-250x250.png"],
      [[450,
        309],
       "http://api-images.crunchbase.com/assets/images/resized/0024/1943/241943v2-max-450x450.png"]],
    "attribution": null},
   {"available_sizes":
     [[[108,
        150],
       "http://api-images.crunchbase.com/assets/images/resized/0024/1945/241945v2-max-150x150.jpg"],
      [[181,
        250],
       "http://api-images.crunchbase.com/assets/images/resized/0024/1945/241945v2-max-250x250.jpg"],
      [[325,
        450],
       "http://api-images.crunchbase.com/assets/images/resized/0024/1945/241945v2-max-450x450.jpg"]],
    "attribution": null},
   {"available_sizes":
     [[[150,
        120],
       "http://api-images.crunchbase.com/assets/images/resized/0039/8720/398720v2-max-150x150.jpg"],
      [[250,
        200],
       "http://api-images.crunchbase.com/assets/images/resized/0039/8720/398720v2-max-250x250.jpg"],
      [[450,
        360],
       "http://api-images.crunchbase.com/assets/images/resized/0039/8720/398720v2-max-450x450.jpg"]],
    "attribution": null},
   {"available_sizes":
     [[[116,
        150],
       "http://api-images.crunchbase.com/assets/images/resized/0040/0243/400243v2-max-150x150.png"],
      [[193,
        250],
       "http://api-images.crunchbase.com/assets/images/resized/0040/0243/400243v2-max-250x250.png"],
      [[348,
        450],
       "http://api-images.crunchbase.com/assets/images/resized/0040/0243/400243v2-max-450x450.png"]],
    "attribution": null},
   {"available_sizes":
     [[[150,
        84],
       "http://api-images.crunchbase.com/assets/images/resized/0040/6807/406807v2-max-150x150.png"],
      [[250,
        140],
       "http://api-images.crunchbase.com/assets/images/resized/0040/6807/406807v2-max-250x250.png"],
      [[450,
        253],
       "http://api-images.crunchbase.com/assets/images/resized/0040/6807/406807v2-max-450x450.png"]],
    "attribution": null},
   {"available_sizes":
     [[[150,
        84],
       "http://api-images.crunchbase.com/assets/images/resized/0040/6810/406810v2-max-150x150.png"],
      [[250,
        140],
       "http://api-images.crunchbase.com/assets/images/resized/0040/6810/406810v2-max-250x250.png"],
      [[450,
        253],
       "http://api-images.crunchbase.com/assets/images/resized/0040/6810/406810v2-max-450x450.png"]],
    "attribution": null},
   {"available_sizes":
     [[[150,
        84],
       "http://api-images.crunchbase.com/assets/images/resized/0040/6811/406811v2-max-150x150.png"],
      [[250,
        140],
       "http://api-images.crunchbase.com/assets/images/resized/0040/6811/406811v2-max-250x250.png"],
      [[450,
        253],
       "http://api-images.crunchbase.com/assets/images/resized/0040/6811/406811v2-max-450x450.png"]],
    "attribution": null},
   {"available_sizes":
     [[[150,
        84],
       "http://api-images.crunchbase.com/assets/images/resized/0040/6812/406812v2-max-150x150.png"],
      [[250,
        140],
       "http://api-images.crunchbase.com/assets/images/resized/0040/6812/406812v2-max-250x250.png"],
      [[450,
        253],
       "http://api-images.crunchbase.com/assets/images/resized/0040/6812/406812v2-max-450x450.png"]],
    "attribution": null},
   {"available_sizes":
     [[[150,
        84],
       "http://api-images.crunchbase.com/assets/images/resized/0040/6813/406813v2-max-150x150.png"],
      [[250,
        140],
       "http://api-images.crunchbase.com/assets/images/resized/0040/6813/406813v2-max-250x250.png"],
      [[450,
        253],
       "http://api-images.crunchbase.com/assets/images/resized/0040/6813/406813v2-max-450x450.png"]],
    "attribution": null}],
 "external_links":
  [{"external_url": "http://www.therealdeal.com",
    "title": ""},
   {"external_url": "http://nyrej.com/61209",
    "title": ""},
   {"external_url": "http://nyrej.com/61508",
    "title": ""},
   {"external_url": "http://nyrej.com/62542",
    "title": ""},
   {"external_url": "http://nyrej.com/65432",
    "title": ""},
   {"external_url": "http://nyrej.com/68286",
    "title": ""}],
 "partners":
  []}
