{"name": "Agora Shopping",
 "permalink": "agora-2",
 "crunchbase_url": "http://www.crunchbase.com/company/agora-2",
 "homepage_url": "http://8xjrmf2g.launchrock.co",
 "blog_url": "",
 "blog_feed_url": "",
 "twitter_username": null,
 "category_code": "web",
 "number_of_employees": null,
 "founded_year": 2012,
 "founded_month": 3,
 "founded_day": 19,
 "deadpooled_year": null,
 "deadpooled_month": null,
 "deadpooled_day": null,
 "deadpooled_url": null,
 "tag_list": null,
 "alias_list": "baggg it, baggg",
 "email_address": "",
 "phone_number": "816-866-1124",
 "description": "",
 "created_at": "Wed Jan 30 20:40:33 UTC 2013",
 "updated_at": "Mon Mar 10 18:43:27 UTC 2014",
 "overview": "\u003Cp\u003EAgora (formerly Baggg.it) is a super duper great way to collect and organize shopping products from all across the internet in once convenient place. Say goodbye to having hundreds of browser tabs open all the time while you\u0026#8217;re shopping or trying to keep track of shopping carts on many sites at once. Easily grab products and drop them into bags right of the webpage! Boom. Now you\u0026#8217;re thinking with bags.\u003C/p\u003E",
 "image":
  {"available_sizes":
    [[[150,
       70],
      "http://api-images.crunchbase.com/assets/images/resized/0028/7300/287300v2-max-150x150.png"],
     [[250,
       117],
      "http://api-images.crunchbase.com/assets/images/resized/0028/7300/287300v2-max-250x250.png"],
     [[292,
       137],
      "http://api-images.crunchbase.com/assets/images/resized/0028/7300/287300v2-max-450x450.png"]],
   "attribution": null},
 "products":
  [],
 "relationships":
  [{"is_past": false,
    "title": "Designer",
    "person":
     {"first_name": "Michael",
      "last_name": "Cook",
      "permalink": "michael-cook"}},
   {"is_past": false,
    "title": "Developer",
    "person":
     {"first_name": "Jonny",
      "last_name": "Cook",
      "permalink": "jonny-cook"}}],
 "competitions":
  [],
 "providerships":
  [],
 "total_money_raised": "$5k",
 "funding_rounds":
  [{"id": 42225,
    "round_code": "partial",
    "source_url": "http://www.sec.gov/Archives/edgar/data/1561375/000156137512000001/xslFormDX01/primary_doc.xml",
    "source_description": "SEC",
    "raised_amount": 5000.0,
    "raised_currency_code": "USD",
    "funded_year": 2012,
    "funded_month": 11,
    "funded_day": 6,
    "investments":
     []}],
 "investments":
  [],
 "acquisition": null,
 "acquisitions":
  [],
 "offices":
  [{"description": "",
    "address1": "2008 Granville Avenue",
    "address2": "",
    "zip_code": "52556",
    "city": "Fairfield",
    "state_code": "IA",
    "country_code": "USA",
    "latitude": 41.0246902,
    "longitude": -91.9633555}],
 "milestones":
  [],
 "ipo": null,
 "video_embeds":
  [],
 "screenshots":
  [{"available_sizes":
     [[[150,
        86],
       "http://api-images.crunchbase.com/assets/images/resized/0043/1323/431323v1-max-150x150.png"],
      [[250,
        144],
       "http://api-images.crunchbase.com/assets/images/resized/0043/1323/431323v1-max-250x250.png"],
      [[450,
        260],
       "http://api-images.crunchbase.com/assets/images/resized/0043/1323/431323v1-max-450x450.png"]],
    "attribution": null}],
 "external_links":
  [],
 "partners":
  []}
