{"name": "AgroSavfe",
 "permalink": "agrosavfe",
 "crunchbase_url": "http://www.crunchbase.com/company/agrosavfe",
 "homepage_url": null,
 "blog_url": "",
 "blog_feed_url": "",
 "twitter_username": null,
 "category_code": "biotech",
 "number_of_employees": null,
 "founded_year": null,
 "founded_month": null,
 "founded_day": null,
 "deadpooled_year": null,
 "deadpooled_month": null,
 "deadpooled_day": null,
 "deadpooled_url": null,
 "tag_list": "",
 "alias_list": "",
 "email_address": "",
 "phone_number": "",
 "description": "",
 "created_at": "Sat Jan 12 03:20:24 UTC 2013",
 "updated_at": "Mon Feb 11 10:36:39 UTC 2013",
 "overview": "\u003Cp\u003EAgroSavfe, a Gent, Belgium-based green biotech company.\u003C/p\u003E",
 "image": null,
 "products":
  [],
 "relationships":
  [{"is_past": false,
    "title": "CEO",
    "person":
     {"first_name": "Marnix",
      "last_name": "Peferoen",
      "permalink": "marnix-peferoen"}}],
 "competitions":
  [],
 "providerships":
  [],
 "total_money_raised": "\u20ac5M",
 "funding_rounds":
  [{"id": 34758,
    "round_code": "unattributed",
    "source_url": "http://www.finsmes.com/2013/01/agrosavfe-receives-e5m-funding.html",
    "source_description": "AgroSavfe Receives \u20ac5M in Funding",
    "raised_amount": 5000000.0,
    "raised_currency_code": "EUR",
    "funded_year": 2013,
    "funded_month": 1,
    "funded_day": 11,
    "investments":
     [{"company": null,
       "financial_org":
        {"name": "Gimv",
         "permalink": "gimv"},
       "person": null},
      {"company": null,
       "financial_org":
        {"name": "VIB",
         "permalink": "vib"},
       "person": null}]}],
 "investments":
  [],
 "acquisition": null,
 "acquisitions":
  [],
 "offices":
  [],
 "milestones":
  [],
 "ipo": null,
 "video_embeds":
  [],
 "screenshots":
  [],
 "external_links":
  [],
 "partners":
  []}
