{"name": "Agrolinked",
 "permalink": "agrolinked",
 "crunchbase_url": "http://www.crunchbase.com/company/agrolinked",
 "homepage_url": "http://www.agrolinked.com",
 "blog_url": "",
 "blog_feed_url": "",
 "twitter_username": "agrolinked",
 "category_code": "other",
 "number_of_employees": 10,
 "founded_year": 2012,
 "founded_month": 4,
 "founded_day": 10,
 "deadpooled_year": null,
 "deadpooled_month": null,
 "deadpooled_day": null,
 "deadpooled_url": null,
 "tag_list": "agrobusiness, agro, online, social-network, agropecuario, campo",
 "alias_list": null,
 "email_address": "info@agrolinked.com",
 "phone_number": "",
 "description": "Social network for the Agro Business",
 "created_at": "Tue Mar 05 20:51:34 UTC 2013",
 "updated_at": "Fri Apr 19 04:01:24 UTC 2013",
 "overview": "\u003Cp\u003EAgrolinked.com is a place to meet to exchange ideas and experience between men and women of the country.\u003C/p\u003E\n\n\u003Cp\u003EEs la red social del sector agropecuario y es tuya.\nUn lugar de encuentro para intercambiar ideas y experiencias entre los hombres y mujeres del campo.\u003C/p\u003E",
 "image":
  {"available_sizes":
    [[[150,
       143],
      "http://api-images.crunchbase.com/assets/images/resized/0024/0048/240048v2-max-150x150.png"],
     [[250,
       238],
      "http://api-images.crunchbase.com/assets/images/resized/0024/0048/240048v2-max-250x250.png"],
     [[262,
       250],
      "http://api-images.crunchbase.com/assets/images/resized/0024/0048/240048v2-max-450x450.png"]],
   "attribution": null},
 "products":
  [],
 "relationships":
  [],
 "competitions":
  [],
 "providerships":
  [],
 "total_money_raised": "$0",
 "funding_rounds":
  [],
 "investments":
  [],
 "acquisition": null,
 "acquisitions":
  [],
 "offices":
  [],
 "milestones":
  [],
 "ipo": null,
 "video_embeds":
  [],
 "screenshots":
  [{"available_sizes":
     [[[150,
        89],
       "http://api-images.crunchbase.com/assets/images/resized/0024/0047/240047v2-max-150x150.png"],
      [[250,
        149],
       "http://api-images.crunchbase.com/assets/images/resized/0024/0047/240047v2-max-250x250.png"],
      [[450,
        268],
       "http://api-images.crunchbase.com/assets/images/resized/0024/0047/240047v2-max-450x450.png"]],
    "attribution": null},
   {"available_sizes":
     [[[150,
        129],
       "http://api-images.crunchbase.com/assets/images/resized/0024/0561/240561v2-max-150x150.png"],
      [[250,
        215],
       "http://api-images.crunchbase.com/assets/images/resized/0024/0561/240561v2-max-250x250.png"],
      [[450,
        387],
       "http://api-images.crunchbase.com/assets/images/resized/0024/0561/240561v2-max-450x450.png"]],
    "attribution": null},
   {"available_sizes":
     [[[126,
        150],
       "http://api-images.crunchbase.com/assets/images/resized/0024/3554/243554v2-max-150x150.png"],
      [[210,
        250],
       "http://api-images.crunchbase.com/assets/images/resized/0024/3554/243554v2-max-250x250.png"],
      [[337,
        400],
       "http://api-images.crunchbase.com/assets/images/resized/0024/3554/243554v2-max-450x450.png"]],
    "attribution": null},
   {"available_sizes":
     [[[150,
        57],
       "http://api-images.crunchbase.com/assets/images/resized/0024/3558/243558v2-max-150x150.png"],
      [[250,
        95],
       "http://api-images.crunchbase.com/assets/images/resized/0024/3558/243558v2-max-250x250.png"],
      [[447,
        170],
       "http://api-images.crunchbase.com/assets/images/resized/0024/3558/243558v2-max-450x450.png"]],
    "attribution": null},
   {"available_sizes":
     [[[82,
        106],
       "http://api-images.crunchbase.com/assets/images/resized/0024/9494/249494v2-max-150x150.png"],
      [[82,
        106],
       "http://api-images.crunchbase.com/assets/images/resized/0024/9494/249494v2-max-250x250.png"],
      [[82,
        106],
       "http://api-images.crunchbase.com/assets/images/resized/0024/9494/249494v2-max-450x450.png"]],
    "attribution": null},
   {"available_sizes":
     [[[150,
        120],
       "http://api-images.crunchbase.com/assets/images/resized/0024/9495/249495v2-max-150x150.png"],
      [[250,
        201],
       "http://api-images.crunchbase.com/assets/images/resized/0024/9495/249495v2-max-250x250.png"],
      [[450,
        362],
       "http://api-images.crunchbase.com/assets/images/resized/0024/9495/249495v2-max-450x450.png"]],
    "attribution": null}],
 "external_links":
  [{"external_url": "http://www.facebook.com/AgroLinked",
    "title": "Facebook"},
   {"external_url": "http://www.linkedin.com/company/Agrolinked",
    "title": "Linkedin"},
   {"external_url": "http://www.twitter.com/AgroLinked",
    "title": "Twitter"},
   {"external_url": "http://pinterest.com/agrolinked/",
    "title": "Pinterest"},
   {"external_url": "http://plus.google.com/u/0/b/101651252403392001809/101651252403392001809",
    "title": "Google+"},
   {"external_url": "http://agrolinked.tumblr.com/",
    "title": "Tumblr."}],
 "partners":
  []}
