{"name": "Ahalogy",
 "permalink": "ahalogy",
 "crunchbase_url": "http://www.crunchbase.com/company/ahalogy",
 "homepage_url": "http://ahalogy.com",
 "blog_url": "http://www.ahalogy.com/blog/",
 "blog_feed_url": "",
 "twitter_username": "ahalogy",
 "category_code": "software",
 "number_of_employees": 26,
 "founded_year": 2012,
 "founded_month": 10,
 "founded_day": null,
 "deadpooled_year": null,
 "deadpooled_month": null,
 "deadpooled_day": null,
 "deadpooled_url": null,
 "tag_list": "pinterest",
 "alias_list": "Pingage, StyleZen",
 "email_address": "info@ahalogy.com",
 "phone_number": "",
 "description": "Pinterest/Content Marketing Optimization",
 "created_at": "Mon Mar 11 17:44:54 UTC 2013",
 "updated_at": "Thu Feb 27 04:58:11 UTC 2014",
 "overview": "\u003Cp\u003EAhalogy helps businesses grow results on Pinterest while reducing brands\u2019 effort and charging only for results. Its proprietary technology and continually improving algorithms maximize the likelihood of consumers viewing content, following a brand, and converting to revenue.\u003C/p\u003E\n\n\u003Cp\u003EAdditionally, Ahalogy builds tools and a community for the best bloggers, photographers, and designers to distribute their visual creations even more broadly, beginning with Pinterest.\u003C/p\u003E\n\n\u003Cp\u003EThrough facilitated curation\u2014plus distribution through the world\u0026#8217;s most iconic brands\u2014 it has empowered independent creatives to turn their hobbies into vocations, passions into businesses, and one-person shops into venture-backed startups.\u003C/p\u003E\n\n\u003Cp\u003EThis curation is supported by a complex data layer and tool set, responsible for millions of pieces of content posted and billions of impressions generated, all delivered on a bleeding edge tech stack. Ahalogy empowers individuals and brands by solving problems at a massive scale.\u003C/p\u003E",
 "image":
  {"available_sizes":
    [[[150,
       150],
      "http://api-images.crunchbase.com/assets/images/resized/0024/1671/241671v6-max-150x150.jpg"],
     [[250,
       250],
      "http://api-images.crunchbase.com/assets/images/resized/0024/1671/241671v6-max-250x250.jpg"],
     [[450,
       450],
      "http://api-images.crunchbase.com/assets/images/resized/0024/1671/241671v6-max-450x450.jpg"]],
   "attribution": null},
 "products":
  [],
 "relationships":
  [{"is_past": false,
    "title": "Co-Founder \u0026 President",
    "person":
     {"first_name": "Bob",
      "last_name": "Gilbreath",
      "permalink": "bob-gilbreath"}},
   {"is_past": false,
    "title": "Co-Founder \u0026 CEO",
    "person":
     {"first_name": "Michael",
      "last_name": "Wohlschlaeger",
      "permalink": "michael-woehlschlaeger"}},
   {"is_past": false,
    "title": "VP of Content Partnerships",
    "person":
     {"first_name": "Susan",
      "last_name": "Jackson",
      "permalink": "susan-jackson"}},
   {"is_past": false,
    "title": "VP of Design/Product",
    "person":
     {"first_name": "Nick",
      "last_name": "Cramer",
      "permalink": "nick-cramer"}},
   {"is_past": false,
    "title": "VP of Client Strategy",
    "person":
     {"first_name": "Raman",
      "last_name": "Sehgal",
      "permalink": "raman-sehgal"}},
   {"is_past": false,
    "title": "Board Member",
    "person":
     {"first_name": "Tim",
      "last_name": "Kopp",
      "permalink": "tim-kopp"}},
   {"is_past": false,
    "title": "Board Member",
    "person":
     {"first_name": "Brent",
      "last_name": "Hill",
      "permalink": "brent-hill"}}],
 "competitions":
  [],
 "providerships":
  [],
 "total_money_raised": "$4.75M",
 "funding_rounds":
  [{"id": 36378,
    "round_code": "seed",
    "source_url": "http://www.bizjournals.com/cincinnati/news/2013/03/21/pingage-closes-850k-seed-round-led-by.html",
    "source_description": "Pingage closes $850K seed round led by CincyTech",
    "raised_amount": 600000.0,
    "raised_currency_code": "USD",
    "funded_year": 2013,
    "funded_month": 2,
    "funded_day": null,
    "investments":
     [{"company": null,
       "financial_org":
        {"name": "CincyTech",
         "permalink": "cincytech"},
       "person": null},
      {"company": null,
       "financial_org":
        {"name": "North Coast Angel Fund",
         "permalink": "north-coast-angel-fund"},
       "person": null},
      {"company": null,
       "financial_org":
        {"name": "Vine St. Ventures",
         "permalink": "vine-st-ventures"},
       "person": null},
      {"company": null,
       "financial_org":
        {"name": "The Brandery",
         "permalink": "the-brandery"},
       "person": null}]},
   {"id": 36417,
    "round_code": "seed",
    "source_url": "http://www.adweek.com/news/technology/pinterest-network-helps-brands-pin-more-content-150162",
    "source_description": "Pinterest Network Helps Brands Pin More Content Ahalogy, formerly Pingage, launches system",
    "raised_amount": 800000.0,
    "raised_currency_code": "USD",
    "funded_year": 2013,
    "funded_month": 5,
    "funded_day": 20,
    "investments":
     [{"company": null,
       "financial_org":
        {"name": "North Coast Angel Fund",
         "permalink": "north-coast-angel-fund"},
       "person": null},
      {"company": null,
       "financial_org":
        {"name": "CincyTech",
         "permalink": "cincytech"},
       "person": null},
      {"company": null,
       "financial_org":
        {"name": "Vine St. Ventures",
         "permalink": "vine-st-ventures"},
       "person": null},
      {"company": null,
       "financial_org": null,
       "person":
        {"first_name": "Tim",
         "last_name": "Kopp",
         "permalink": "tim-kopp"}},
      {"company": null,
       "financial_org": null,
       "person":
        {"first_name": "Kirt",
         "last_name": "Gunn",
         "permalink": "kirt-gunn"}},
      {"company": null,
       "financial_org": null,
       "person":
        {"first_name": "Dennis",
         "last_name": "Phelps",
         "permalink": "dennis-phelps"}},
      {"company": null,
       "financial_org":
        {"name": "The Brandery",
         "permalink": "the-brandery"},
       "person": null}]},
   {"id": 60347,
    "round_code": "a",
    "source_url": "http://techcrunch.com/2014/01/21/pinterest-marketing-platform-ahalogy-scores-3-million-series-a-by-helping-brands-with-content-optimizations/",
    "source_description": "Pinterest Marketing Platform Ahalogy Scores $3 Million Series A By Helping Brands With Content \u0026 Optimizations",
    "raised_amount": 3100000.0,
    "raised_currency_code": "USD",
    "funded_year": 2014,
    "funded_month": 1,
    "funded_day": 21,
    "investments":
     [{"company": null,
       "financial_org":
        {"name": "Hyde Park Venture Partners",
         "permalink": "hyde-park-venture-partners"},
       "person": null},
      {"company": null,
       "financial_org":
        {"name": "Origin Ventures",
         "permalink": "origin-ventures"},
       "person": null},
      {"company": null,
       "financial_org":
        {"name": "CincyTech",
         "permalink": "cincytech"},
       "person": null},
      {"company": null,
       "financial_org":
        {"name": "North Coast Angel Fund",
         "permalink": "north-coast-angel-fund"},
       "person": null},
      {"company": null,
       "financial_org":
        {"name": "Vine St. Ventures",
         "permalink": "vine-st-ventures"},
       "person": null},
      {"company": null,
       "financial_org":
        {"name": "The Brandery",
         "permalink": "the-brandery"},
       "person": null}]},
   {"id": 60732,
    "round_code": "seed",
    "source_url": "",
    "source_description": "VC Funding: 2014 Source",
    "raised_amount": 250000.0,
    "raised_currency_code": "USD",
    "funded_year": 2012,
    "funded_month": 10,
    "funded_day": null,
    "investments":
     [{"company": null,
       "financial_org":
        {"name": "The Brandery",
         "permalink": "the-brandery"},
       "person": null}]}],
 "investments":
  [],
 "acquisition": null,
 "acquisitions":
  [],
 "offices":
  [{"description": "Ahalogy",
    "address1": "3197 Linwood Ave",
    "address2": "First Floor",
    "zip_code": "45208",
    "city": "Cincinnati",
    "state_code": "OH",
    "country_code": "USA",
    "latitude": null,
    "longitude": null}],
 "milestones":
  [],
 "ipo": null,
 "video_embeds":
  [],
 "screenshots":
  [{"available_sizes":
     [[[150,
        87],
       "http://api-images.crunchbase.com/assets/images/resized/0042/3438/423438v1-max-150x150.png"],
      [[250,
        145],
       "http://api-images.crunchbase.com/assets/images/resized/0042/3438/423438v1-max-250x250.png"],
      [[450,
        261],
       "http://api-images.crunchbase.com/assets/images/resized/0042/3438/423438v1-max-450x450.png"]],
    "attribution": null}],
 "external_links":
  [],
 "partners":
  []}
