{"name": "AI Patents",
 "permalink": "ai-patents",
 "crunchbase_url": "http://www.crunchbase.com/company/ai-patents",
 "homepage_url": "http://www.aipatents.com",
 "blog_url": "",
 "blog_feed_url": "",
 "twitter_username": "aipatents",
 "category_code": "software",
 "number_of_employees": 2,
 "founded_year": null,
 "founded_month": null,
 "founded_day": null,
 "deadpooled_year": null,
 "deadpooled_month": null,
 "deadpooled_day": null,
 "deadpooled_url": null,
 "tag_list": "intellectual-property, patents, search-engine, iam",
 "alias_list": null,
 "email_address": "brian.bochicco@aipatents.com",
 "phone_number": "703-973-0117",
 "description": "Novel Patent Search Engine",
 "created_at": "Wed Dec 12 22:01:48 UTC 2012",
 "updated_at": "Wed Jan 15 00:16:28 UTC 2014",
 "overview": "\u003Cp\u003EAI Patents has developed a conceptual patent search engine which allows users to more quickly and efficiently retrieve highly relevant patent information.  Accordingly, we are able to overcome problems such as inconsistent vocabulary and ambiguous descriptions specifically by having analyzed millions of technical expert, or patent-examiner based associations.\u003C/p\u003E\n\n\u003Cp\u003ESimply, a user inputs an inventive concept using free-form, natural language. The engine internally supplements the query with related technical terminology learned from thousands of patent examiner reports. Then, the user is presented with a ranked list of highly relevant documents. This same end user does not need to be an expert, professional patent searcher to use and derive value from our system.\u003C/p\u003E",
 "image":
  {"available_sizes":
    [[[150,
       150],
      "http://api-images.crunchbase.com/assets/images/resized/0039/2412/392412v1-max-150x150.png"],
     [[250,
       250],
      "http://api-images.crunchbase.com/assets/images/resized/0039/2412/392412v1-max-250x250.png"],
     [[255,
       255],
      "http://api-images.crunchbase.com/assets/images/resized/0039/2412/392412v1-max-450x450.png"]],
   "attribution": null},
 "products":
  [],
 "relationships":
  [{"is_past": false,
    "title": "CEO/CTO",
    "person":
     {"first_name": "Liat",
      "last_name": "Belinson",
      "permalink": "liat-belinson"}},
   {"is_past": false,
    "title": "Director of Sales \u0026 Business Development",
    "person":
     {"first_name": "Brian",
      "last_name": "Bochicco",
      "permalink": "brian-bochicco"}},
   {"is_past": false,
    "title": "Board Observer",
    "person":
     {"first_name": "Dave",
      "last_name": "Neal",
      "permalink": "dave-neal"}}],
 "competitions":
  [{"competitor":
     {"name": "Thomson Reuters",
      "permalink": "thomson-reuters"}},
   {"competitor":
     {"name": "LexisNexis",
      "permalink": "lexisnexis"}}],
 "providerships":
  [],
 "total_money_raised": "$50k",
 "funding_rounds":
  [{"id": 60765,
    "round_code": "seed",
    "source_url": "",
    "source_description": "",
    "raised_amount": 50000.0,
    "raised_currency_code": "USD",
    "funded_year": 2012,
    "funded_month": 8,
    "funded_day": 27,
    "investments":
     [{"company": null,
       "financial_org":
        {"name": "The Startup Factory",
         "permalink": "the-startup-factory"},
       "person": null}]}],
 "investments":
  [],
 "acquisition": null,
 "acquisitions":
  [],
 "offices":
  [{"description": "",
    "address1": "",
    "address2": "",
    "zip_code": "",
    "city": "Durham",
    "state_code": "NC",
    "country_code": "USA",
    "latitude": null,
    "longitude": null}],
 "milestones":
  [{"id": 28658,
    "description": "Accepted into Triangle Startup Factory Incubator in Durham, NC (1 of 6 companies selected from over 120 applications)",
    "stoned_year": 2012,
    "stoned_month": 11,
    "stoned_day": 29,
    "source_url": "http://blogs.newsobserver.com/business/triangle-startup-factory-sticks-close-to-home",
    "source_text": null,
    "source_description": "Triangle Startup Factory sticks close to home",
    "stoneable_type": "Company",
    "stoned_value": null,
    "stoned_value_type": null,
    "stoned_acquirer": null,
    "stoneable":
     {"name": "AI Patents",
      "permalink": "ai-patents"}},
   {"id": 28660,
    "description": "Accepted into Groundwork Labs Incubator",
    "stoned_year": 2012,
    "stoned_month": 3,
    "stoned_day": null,
    "source_url": "http://groundworklabs.com/2012/07/interview-with-aip/",
    "source_text": null,
    "source_description": "Post accelerator interview article",
    "stoneable_type": "Company",
    "stoned_value": null,
    "stoned_value_type": null,
    "stoned_acquirer": null,
    "stoneable":
     {"name": "AI Patents",
      "permalink": "ai-patents"}}],
 "ipo": null,
 "video_embeds":
  [],
 "screenshots":
  [],
 "external_links":
  [{"external_url": "http://www.google.com/url?sa=t\u0026rct=j\u0026q=\u0026esrc=s\u0026source=newssearch\u0026cd=1\u0026ved=0CCoQ-AsoATAA\u0026url=http%3A%2F%2Fupstart.bizjournals.com%2Fcompanies%2Fstartups%2F2012%2F11%2F29%2Ftriangle-startup-factory-showcases-grads.html\u0026ei=H_3IUNDkDIzy9gSek4H4Dw\u0026usg=AFQjCNG5",
    "title": "Triangle Start-up Factory Pitch Day"}],
 "partners":
  []}
