{"name": "Aidan Taylor NetSuite Marketing",
 "permalink": "aidan-taylor-netsuite-marketing",
 "crunchbase_url": "http://www.crunchbase.com/company/aidan-taylor-netsuite-marketing",
 "homepage_url": "http://aidantaylorwebmarketing.com",
 "blog_url": "http://aidantaylorwebmarketing.com/netsuite-marketing-blog/",
 "blog_feed_url": "http://aidantaylorwebmarketing.com/feed/",
 "twitter_username": "aidantaylor",
 "category_code": "ecommerce",
 "number_of_employees": 5,
 "founded_year": 2004,
 "founded_month": 1,
 "founded_day": 1,
 "deadpooled_year": null,
 "deadpooled_month": null,
 "deadpooled_day": null,
 "deadpooled_url": null,
 "tag_list": "netsuite, netsuite-marketing, netsuite-conversion-optimization, netsuite-seo",
 "alias_list": null,
 "email_address": "jdixon@aidantaylor.com",
 "phone_number": "4802704918",
 "description": "NetSuite Marketing Company",
 "created_at": "Sun Jan 27 19:00:57 UTC 2013",
 "updated_at": "Sun Jan 27 22:31:43 UTC 2013",
 "overview": "\u003Cp\u003EAidan Taylor is a marketing company that focuses exclusively on NetSuite-based businesses with annual revenues between $2 and $20 million. We were founded in 2004 and began working with NetSuite clients in 2009.\u003C/p\u003E\n\n\u003Cp\u003EWhile NetSuite is an exceptional ERP platform for marketing, most only harness about 10% of its power. We work with NetSuite every day, all day. That focus continues to accelerate our knowledge of the platform, and enables us to discover new ways to boost sales for clients.\u003C/p\u003E",
 "image":
  {"available_sizes":
    [[[150,
       60],
      "http://api-images.crunchbase.com/assets/images/resized/0023/1892/231892v2-max-150x150.png"],
     [[170,
       68],
      "http://api-images.crunchbase.com/assets/images/resized/0023/1892/231892v2-max-250x250.png"],
     [[170,
       68],
      "http://api-images.crunchbase.com/assets/images/resized/0023/1892/231892v2-max-450x450.png"]],
   "attribution": null},
 "products":
  [],
 "relationships":
  [{"is_past": false,
    "title": "President",
    "person":
     {"first_name": "John-Scott",
      "last_name": "Dixon",
      "permalink": "john-scott-dixon"}}],
 "competitions":
  [],
 "providerships":
  [],
 "total_money_raised": "$0",
 "funding_rounds":
  [],
 "investments":
  [],
 "acquisition": null,
 "acquisitions":
  [],
 "offices":
  [{"description": "Main Office",
    "address1": "11010 S 51st Street",
    "address2": "#51616",
    "zip_code": "85076",
    "city": "Phoenix",
    "state_code": "AZ",
    "country_code": "USA",
    "latitude": 33.3467719,
    "longitude": -111.9752153}],
 "milestones":
  [],
 "ipo": null,
 "video_embeds":
  [],
 "screenshots":
  [],
 "external_links":
  [],
 "partners":
  []}
