{"name": "AIO CHAT!",
 "permalink": "aio-chat",
 "crunchbase_url": "http://www.crunchbase.com/company/aio-chat",
 "homepage_url": "http://aiochat.com",
 "blog_url": "",
 "blog_feed_url": "",
 "twitter_username": null,
 "category_code": "public_relations",
 "number_of_employees": 4,
 "founded_year": 2012,
 "founded_month": 12,
 "founded_day": 4,
 "deadpooled_year": null,
 "deadpooled_month": null,
 "deadpooled_day": null,
 "deadpooled_url": null,
 "tag_list": "ndroid, rooms, mobile-chat, iphone-chat, nokia-chat, samsung-chat, mobile-online-chat, free-mobile-chat, free-chat, mobile-singles, mobile-dating, free-dating, free-mobile-dating, mobile-online-dating, mobile-community, free-mobile-community",
 "alias_list": null,
 "email_address": "ronniej403@gmail.com",
 "phone_number": "18683859451",
 "description": "AIO CHAT! is a free and addictive chat c",
 "created_at": "Fri Dec 14 04:43:26 UTC 2012",
 "updated_at": "Thu Dec 20 07:40:07 UTC 2012",
 "overview": "\u003Cp\u003EAIO CHAT! is a new free mobile chat service that offers users the ability to be in an open-chat world.\u003C/p\u003E",
 "image": null,
 "products":
  [],
 "relationships":
  [],
 "competitions":
  [],
 "providerships":
  [],
 "total_money_raised": "$0",
 "funding_rounds":
  [],
 "investments":
  [],
 "acquisition": null,
 "acquisitions":
  [],
 "offices":
  [],
 "milestones":
  [],
 "ipo": null,
 "video_embeds":
  [],
 "screenshots":
  [{"available_sizes":
     [[[150,
        146],
       "http://api-images.crunchbase.com/assets/images/resized/0022/5358/225358v2-max-150x150.png"],
      [[250,
        244],
       "http://api-images.crunchbase.com/assets/images/resized/0022/5358/225358v2-max-250x250.png"],
      [[450,
        439],
       "http://api-images.crunchbase.com/assets/images/resized/0022/5358/225358v2-max-450x450.png"]],
    "attribution": null},
   {"available_sizes":
     [[[76,
        150],
       "http://api-images.crunchbase.com/assets/images/resized/0022/5359/225359v2-max-150x150.png"],
      [[128,
        250],
       "http://api-images.crunchbase.com/assets/images/resized/0022/5359/225359v2-max-250x250.png"],
      [[230,
        450],
       "http://api-images.crunchbase.com/assets/images/resized/0022/5359/225359v2-max-450x450.png"]],
    "attribution": null},
   {"available_sizes":
     [[[150,
        82],
       "http://api-images.crunchbase.com/assets/images/resized/0022/5360/225360v2-max-150x150.png"],
      [[250,
        138],
       "http://api-images.crunchbase.com/assets/images/resized/0022/5360/225360v2-max-250x250.png"],
      [[450,
        248],
       "http://api-images.crunchbase.com/assets/images/resized/0022/5360/225360v2-max-450x450.png"]],
    "attribution": null}],
 "external_links":
  [],
 "partners":
  []}
