{"name": "Airport Travel Services Ltd",
 "permalink": "airport-travel-services-ltd",
 "crunchbase_url": "http://www.crunchbase.com/company/airport-travel-services-ltd",
 "homepage_url": "http://www.book-airport-taxi.co.uk",
 "blog_url": "http://www.book-airport-taxi.co.uk/latest/",
 "blog_feed_url": "",
 "twitter_username": "TravelAirport",
 "category_code": "transportation",
 "number_of_employees": 15,
 "founded_year": 1989,
 "founded_month": null,
 "founded_day": null,
 "deadpooled_year": null,
 "deadpooled_month": null,
 "deadpooled_day": null,
 "deadpooled_url": null,
 "tag_list": "airport-transfers, airport-taxis, transfers, travel-services, airport-travel-services, taxis, hitchin, bedford, harpenden, luton, milton-keynes, stevenage, st-albans",
 "alias_list": null,
 "email_address": "",
 "phone_number": "01582 920 107",
 "description": "Airport Transfers and taxies Services",
 "created_at": "Sat Mar 09 05:18:46 UTC 2013",
 "updated_at": "Thu Aug 29 19:52:17 UTC 2013",
 "overview": "\u003Cp\u003EAirport Travel Services provides safe and reliable Airport Transfers and Airport taxis services in Luton and Other UK areas. Get in touch with comfortable Airport taxi services at 01582 732 585.\u003C/p\u003E",
 "image":
  {"available_sizes":
    [[[150,
       62],
      "http://api-images.crunchbase.com/assets/images/resized/0025/5812/255812v2-max-150x150.jpg"],
     [[250,
       103],
      "http://api-images.crunchbase.com/assets/images/resized/0025/5812/255812v2-max-250x250.jpg"],
     [[409,
       170],
      "http://api-images.crunchbase.com/assets/images/resized/0025/5812/255812v2-max-450x450.jpg"]],
   "attribution": null},
 "products":
  [],
 "relationships":
  [],
 "competitions":
  [],
 "providerships":
  [],
 "total_money_raised": "$0",
 "funding_rounds":
  [],
 "investments":
  [],
 "acquisition": null,
 "acquisitions":
  [],
 "offices":
  [],
 "milestones":
  [],
 "ipo": null,
 "video_embeds":
  [{"embed_code": "\u003Ciframe width=\"420\" height=\"315\" src=\"http://www.youtube.com/embed/p-swTUDJVBU\" frameborder=\"0\" allowfullscreen\u003E\u003C/iframe\u003E",
    "description": "\u003Cp\u003EAirport Travel Services Ltd\u003C/p\u003E"}],
 "screenshots":
  [{"available_sizes":
     [[[150,
        81],
       "http://api-images.crunchbase.com/assets/images/resized/0024/1190/241190v2-max-150x150.jpg"],
      [[250,
        135],
       "http://api-images.crunchbase.com/assets/images/resized/0024/1190/241190v2-max-250x250.jpg"],
      [[450,
        243],
       "http://api-images.crunchbase.com/assets/images/resized/0024/1190/241190v2-max-450x450.jpg"]],
    "attribution": null},
   {"available_sizes":
     [[[150,
        73],
       "http://api-images.crunchbase.com/assets/images/resized/0024/1191/241191v2-max-150x150.jpg"],
      [[250,
        122],
       "http://api-images.crunchbase.com/assets/images/resized/0024/1191/241191v2-max-250x250.jpg"],
      [[450,
        220],
       "http://api-images.crunchbase.com/assets/images/resized/0024/1191/241191v2-max-450x450.jpg"]],
    "attribution": null},
   {"available_sizes":
     [[[150,
        73],
       "http://api-images.crunchbase.com/assets/images/resized/0024/1192/241192v2-max-150x150.jpg"],
      [[250,
        122],
       "http://api-images.crunchbase.com/assets/images/resized/0024/1192/241192v2-max-250x250.jpg"],
      [[450,
        220],
       "http://api-images.crunchbase.com/assets/images/resized/0024/1192/241192v2-max-450x450.jpg"]],
    "attribution": null},
   {"available_sizes":
     [[[150,
        73],
       "http://api-images.crunchbase.com/assets/images/resized/0024/1193/241193v2-max-150x150.jpg"],
      [[250,
        122],
       "http://api-images.crunchbase.com/assets/images/resized/0024/1193/241193v2-max-250x250.jpg"],
      [[450,
        220],
       "http://api-images.crunchbase.com/assets/images/resized/0024/1193/241193v2-max-450x450.jpg"]],
    "attribution": null},
   {"available_sizes":
     [[[150,
        73],
       "http://api-images.crunchbase.com/assets/images/resized/0024/1194/241194v2-max-150x150.jpg"],
      [[250,
        122],
       "http://api-images.crunchbase.com/assets/images/resized/0024/1194/241194v2-max-250x250.jpg"],
      [[450,
        220],
       "http://api-images.crunchbase.com/assets/images/resized/0024/1194/241194v2-max-450x450.jpg"]],
    "attribution": null}],
 "external_links":
  [{"external_url": "http://www.squidoo.com/airport-transportation-services-a-happy-visiting",
    "title": "Airport Transportation Services- A Happy Visiting"}],
 "partners":
  []}
