{"name": "Airport Limo",
 "permalink": "airport-limo",
 "crunchbase_url": "http://www.crunchbase.com/company/airport-limo",
 "homepage_url": "http://www.dlolimoservice.com",
 "blog_url": "",
 "blog_feed_url": "",
 "twitter_username": "dlolimousine",
 "category_code": "other",
 "number_of_employees": 25,
 "founded_year": 1980,
 "founded_month": 4,
 "founded_day": 24,
 "deadpooled_year": null,
 "deadpooled_month": null,
 "deadpooled_day": null,
 "deadpooled_url": null,
 "tag_list": "winston-salem-airport-express-limo, piedmont-triad-airport-transportation, raleighdurham-airport-express, charlotte-airport-transportation, greensboro-airport-express-limousine, winston-salem-executive-and-corporate-transportation, nc-livery-services, lim",
 "alias_list": null,
 "email_address": "dlolimo9@gmail.com",
 "phone_number": "3363912790",
 "description": "Airport Limo",
 "created_at": "Thu Apr 04 15:07:17 UTC 2013",
 "updated_at": "Thu Apr 04 15:07:30 UTC 2013",
 "overview": "",
 "image": null,
 "products":
  [],
 "relationships":
  [],
 "competitions":
  [],
 "providerships":
  [],
 "total_money_raised": "$0",
 "funding_rounds":
  [],
 "investments":
  [],
 "acquisition": null,
 "acquisitions":
  [],
 "offices":
  [],
 "milestones":
  [],
 "ipo": null,
 "video_embeds":
  [],
 "screenshots":
  [],
 "external_links":
  [{"external_url": "http://www.facebook.com/pages/Airport-Limo-Company/311194485610347",
    "title": "Facebook"},
   {"external_url": "https://twitter.com/dlolimousine",
    "title": "Twitter"}],
 "partners":
  []}
