{"name": "airXmedia",
 "permalink": "airxmedia",
 "crunchbase_url": "http://www.crunchbase.com/company/airxmedia",
 "homepage_url": "http://airxmedia.com",
 "blog_url": "",
 "blog_feed_url": "",
 "twitter_username": null,
 "category_code": "software",
 "number_of_employees": 9,
 "founded_year": 2008,
 "founded_month": null,
 "founded_day": null,
 "deadpooled_year": null,
 "deadpooled_month": null,
 "deadpooled_day": null,
 "deadpooled_url": null,
 "tag_list": "drupal-development-ukraine-lviv",
 "alias_list": null,
 "email_address": "info@airxmedia.com",
 "phone_number": "",
 "description": "Drupal Development in Ukraine",
 "created_at": "Wed Mar 20 15:14:46 UTC 2013",
 "updated_at": "Sun Dec 22 03:08:18 UTC 2013",
 "overview": "\u003Cp\u003EOur company specializes solely in Drupal site development and we are seeking for partners from European Union and North America.\u003C/p\u003E",
 "image":
  {"available_sizes":
    [[[150,
       39],
      "http://api-images.crunchbase.com/assets/images/resized/0024/3973/243973v8-max-150x150.png"],
     [[250,
       66],
      "http://api-images.crunchbase.com/assets/images/resized/0024/3973/243973v8-max-250x250.png"],
     [[450,
       119],
      "http://api-images.crunchbase.com/assets/images/resized/0024/3973/243973v8-max-450x450.png"]],
   "attribution": null},
 "products":
  [],
 "relationships":
  [],
 "competitions":
  [],
 "providerships":
  [],
 "total_money_raised": "$0",
 "funding_rounds":
  [],
 "investments":
  [],
 "acquisition": null,
 "acquisitions":
  [],
 "offices":
  [],
 "milestones":
  [],
 "ipo": null,
 "video_embeds":
  [],
 "screenshots":
  [],
 "external_links":
  [],
 "partners":
  []}
