{"name": "Ajour",
 "permalink": "ajour",
 "crunchbase_url": "http://www.crunchbase.com/company/ajour",
 "homepage_url": "http://www.ajourbooks.com",
 "blog_url": "",
 "blog_feed_url": "",
 "twitter_username": null,
 "category_code": "software",
 "number_of_employees": 1,
 "founded_year": 2013,
 "founded_month": 4,
 "founded_day": 1,
 "deadpooled_year": null,
 "deadpooled_month": null,
 "deadpooled_day": null,
 "deadpooled_url": null,
 "tag_list": "business-solutions, accounting, saas",
 "alias_list": null,
 "email_address": "",
 "phone_number": "",
 "description": "Online accounting",
 "created_at": "Mon Mar 11 17:44:12 UTC 2013",
 "updated_at": "Mon Mar 18 03:46:19 UTC 2013",
 "overview": "\u003Cp\u003EAjour is developing a online accounting solution primarily for small businesses. Ajour plans bring the project to marked on the 1st of April. \u003C/p\u003E\n\n\u003Cp\u003EAjour offers a simple yet powerfull way to keep track of your business finances and plan to expand to become a full-fletched business platform.\u003C/p\u003E",
 "image":
  {"available_sizes":
    [[[74,
       29],
      "http://api-images.crunchbase.com/assets/images/resized/0024/3089/243089v1-max-150x150.png"],
     [[74,
       29],
      "http://api-images.crunchbase.com/assets/images/resized/0024/3089/243089v1-max-250x250.png"],
     [[74,
       29],
      "http://api-images.crunchbase.com/assets/images/resized/0024/3089/243089v1-max-450x450.png"]],
   "attribution": null},
 "products":
  [],
 "relationships":
  [{"is_past": false,
    "title": "Founder",
    "person":
     {"first_name": "Martin",
      "last_name": "Kristiansen",
      "permalink": "martin-kristiansen"}}],
 "competitions":
  [],
 "providerships":
  [],
 "total_money_raised": "$0",
 "funding_rounds":
  [],
 "investments":
  [],
 "acquisition": null,
 "acquisitions":
  [],
 "offices":
  [],
 "milestones":
  [],
 "ipo": null,
 "video_embeds":
  [],
 "screenshots":
  [],
 "external_links":
  [],
 "partners":
  []}
