{"name": "Akar Impex",
 "permalink": "akar-impex",
 "crunchbase_url": "http://www.crunchbase.com/company/akar-impex",
 "homepage_url": "http://www.akarimpex.com",
 "blog_url": "",
 "blog_feed_url": "",
 "twitter_username": null,
 "category_code": "other",
 "number_of_employees": null,
 "founded_year": null,
 "founded_month": null,
 "founded_day": null,
 "deadpooled_year": null,
 "deadpooled_month": null,
 "deadpooled_day": null,
 "deadpooled_url": null,
 "tag_list": "",
 "alias_list": null,
 "email_address": "webmanager@akarimpex.com",
 "phone_number": "08376805896",
 "description": "offering Waste Water Treatment Systems",
 "created_at": "Fri Apr 05 06:16:45 UTC 2013",
 "updated_at": "Fri Apr 05 06:16:48 UTC 2013",
 "overview": "\u003Cp\u003EEstablished in the year 1986, we, \u201cAkar Impex Private Limited\u201d, are an illustrious firm involved in manufacturing, supplying, Exporting Waste Water Treatment Systems. The product range offered by us includes Equipment For Wastewater Treatment Plants, Sewage Treatment Plants, Industrial Effluent Treatment Plants and many more to name in the catalog. \u003C/p\u003E\n\n\u003Cp\u003ECertification \u0026amp; Membership:\nCertification Name: International Organization for Standardization\nCertification Type: ISO 9001:2000\u003C/p\u003E\n\n\u003Cp\u003EProduct Portfolio:\nWe are an eminent firm that is manufacturing and supplying pristine range of Waste Water Treatment Systems. These treatment plants are manufactured by our experts, using supreme-grade material with contemporary technology. All our products are used for purification of water and make water portable for drinking and use in other industrial applications. \u003C/p\u003E\n\n\u003Cp\u003EOur Team:\n    Engineers \u0026amp; technicians\n    Production managers\n    Quality controllers\n    R\u0026amp;D personnel\n    Sales \u0026amp; marketing executives\n    Administrative staff\u003C/p\u003E\n\n\u003Cp\u003EInfrastructure:\nA modernized infrastructure facility is established by us to have systematic execution of all the trade activities. Sprawling over a vast area of land, this facility supports us in executing all the trade tasks in a well-coordinated way, under a single roof. Our manufacturing unit is installed with varied latest machines and tools that are essential for trouble-free running of production process.\u003C/p\u003E\n\n\u003Cp\u003EEquipment For Water Treatment Plants:\nBacked by the profound experience of this domain, we are instrumental in offering quality range of Waste Water treatment Plants. All these treatment plants are manufactured in accordance with the norms and standards already laid by the industry.\u003C/p\u003E",
 "image":
  {"available_sizes":
    [[[150,
       150],
      "http://api-images.crunchbase.com/assets/images/resized/0024/8317/248317v2-max-150x150.jpg"],
     [[200,
       200],
      "http://api-images.crunchbase.com/assets/images/resized/0024/8317/248317v2-max-250x250.jpg"],
     [[200,
       200],
      "http://api-images.crunchbase.com/assets/images/resized/0024/8317/248317v2-max-450x450.jpg"]],
   "attribution": null},
 "products":
  [],
 "relationships":
  [],
 "competitions":
  [],
 "providerships":
  [],
 "total_money_raised": "$0",
 "funding_rounds":
  [],
 "investments":
  [],
 "acquisition": null,
 "acquisitions":
  [],
 "offices":
  [],
 "milestones":
  [],
 "ipo": null,
 "video_embeds":
  [],
 "screenshots":
  [],
 "external_links":
  [],
 "partners":
  []}
