{"name": "Akhara Mach. \u0026 Electric Works",
 "permalink": "akhara-mach-electric-works",
 "crunchbase_url": "http://www.crunchbase.com/company/akhara-mach-electric-works",
 "homepage_url": "http://www.akharagen.com",
 "blog_url": "",
 "blog_feed_url": "",
 "twitter_username": null,
 "category_code": "hardware",
 "number_of_employees": 10,
 "founded_year": null,
 "founded_month": null,
 "founded_day": null,
 "deadpooled_year": null,
 "deadpooled_month": null,
 "deadpooled_day": null,
 "deadpooled_url": null,
 "tag_list": "generator-manufacturers, home-generators, diesel-oil-engine-manufacturers, engine-manufacturers, alternator-manufacturers, diesel-generator-manufacturers, genset",
 "alias_list": null,
 "email_address": "inderwebworld@gmail.com",
 "phone_number": "98143-12220",
 "description": "Akhara Mach. and Electric Works manufact",
 "created_at": "Sun Mar 10 12:22:25 UTC 2013",
 "updated_at": "Sun Mar 10 12:22:31 UTC 2013",
 "overview": "\u003Cp\u003ECapacity expansions and infrastructure improvements.\nThis high level of service comes by design, from hard work and continual investment in people and systems. Akhara Mach. \u0026amp; Electric Works has made significant capital improvements in our production capabilities to strengthen our position as the industry\u0026#8217;s leader in customer service, accuracy, lead time and on-time delivery. All of our products are manufactured in an environmentally certified, state-of-the-art facility which now includes the most advanced production equipment in the industry.\u003C/p\u003E\n\n\u003Cp\u003EWe understand and appreciate your commitment to diligently meeting schedules, and we conscientiously strive to ensure that our material arrives complete and on-time to support your efforts. This is not just talk. It is service that you deserve - 96% of our orders arrive on-time with no back orders. This level of service makes Akhara Mach. \u0026amp; Electric Works the best in our industry.\u003C/p\u003E",
 "image": null,
 "products":
  [],
 "relationships":
  [],
 "competitions":
  [],
 "providerships":
  [],
 "total_money_raised": "$0",
 "funding_rounds":
  [],
 "investments":
  [],
 "acquisition": null,
 "acquisitions":
  [],
 "offices":
  [],
 "milestones":
  [],
 "ipo": null,
 "video_embeds":
  [],
 "screenshots":
  [],
 "external_links":
  [],
 "partners":
  []}
