{"name": "Al Detal",
 "permalink": "al-detal-comercio-social-digital",
 "crunchbase_url": "http://www.crunchbase.com/company/al-detal-comercio-social-digital",
 "homepage_url": "http://www.aldetal.com",
 "blog_url": "",
 "blog_feed_url": "",
 "twitter_username": "VentaAlDetal",
 "category_code": "ecommerce",
 "number_of_employees": 3,
 "founded_year": 2012,
 "founded_month": 11,
 "founded_day": 21,
 "deadpooled_year": null,
 "deadpooled_month": null,
 "deadpooled_day": null,
 "deadpooled_url": null,
 "tag_list": "direct-sales, e-commerce, unemployed, marketing, webstore",
 "alias_list": "",
 "email_address": "miguelramosl@gmail.com",
 "phone_number": "+34670584616",
 "description": "Online Direct Sales",
 "created_at": "Tue Feb 12 10:23:59 UTC 2013",
 "updated_at": "Thu Feb 14 05:34:46 UTC 2013",
 "overview": "\u003Cp\u003EAL DETAL allows anyone to have a fully developed, already stocked \u0026#8220;Ready to Sell\u0026#8221; online-based store.\u003C/p\u003E\n\n\u003Cp\u003EeCommerce, though successful, is cold and distant. We still crave the friendly salesperson who recommends and motivates with \u0026#8220;that dress was made just for you\u0026#8221;.\u003C/p\u003E\n\n\u003Cp\u003EOn the other end is Direct Sales, carried out by Independent Agents without a storefront, selling \u0026#8220;face-to-face\u0026#8221; sometimes at home, sometimes at work. The category includes, among others, insurance agents, fashion, home supplies and decor, nutrition, cosmetics, etc. and can grow towards all sorts of product categories. Although a very successful industry, Direct Sales suffer from atomization and low professionalization. Direct Sales can be but are NOT necessarily Multi-Level Marketing. The reason many channels have been structured as Multi-Level Marketing is because it\u0026#8217;s a viral process developed before the internet was around. AL DETAL does not expect anyone to sponsor others into the business (as \u0026#8220;they\u0026#8221; would, in fact, become competition). \u003C/p\u003E\n\n\u003Cp\u003EAL DETAL learns from the existing Direct Sales companies and updates them into the Internet era giving everyone the opportunity to set up a personal business with NO money down and NO need to purchase anything. AL DETAL supplies everything the Agent will need to sell; product, web site, payment gateway, shipping \u0026amp; handling so the individual can concentrate on selling  both off and online.\u003C/p\u003E\n\n\u003Cp\u003EAL DETAL negotiates with manufacturers to achieve the best possible margins for the Independent Agent. AL DETAL forms, teaches and motivates the Agents to help them surpass the hurdles of a nascent business. It builds a large Sales Channel that gives it leverage to improve on those margins and product ranges, generating positive feedback and scalability.\u003C/p\u003E",
 "image": null,
 "products":
  [],
 "relationships":
  [{"is_past": false,
    "title": "CEO",
    "person":
     {"first_name": "Miguel",
      "last_name": "Ramos",
      "permalink": "miguel-ramos"}}],
 "competitions":
  [],
 "providerships":
  [],
 "total_money_raised": "\u20ac105k",
 "funding_rounds":
  [{"id": 35479,
    "round_code": "seed",
    "source_url": "",
    "source_description": "Founders",
    "raised_amount": 105000.0,
    "raised_currency_code": "EUR",
    "funded_year": 2013,
    "funded_month": 2,
    "funded_day": 1,
    "investments":
     [{"company": null,
       "financial_org": null,
       "person":
        {"first_name": "Diego",
         "last_name": "Ramos",
         "permalink": "diego-ramos"}},
      {"company": null,
       "financial_org": null,
       "person":
        {"first_name": "Manuel",
         "last_name": "Ramos",
         "permalink": "manuel-ramos"}}]}],
 "investments":
  [],
 "acquisition": null,
 "acquisitions":
  [],
 "offices":
  [{"description": "Madrid",
    "address1": "Rufino Gonzalez, 14",
    "address2": "",
    "zip_code": "28037",
    "city": "Madrid",
    "state_code": null,
    "country_code": "ESP",
    "latitude": null,
    "longitude": null}],
 "milestones":
  [],
 "ipo": null,
 "video_embeds":
  [],
 "screenshots":
  [],
 "external_links":
  [],
 "partners":
  []}
