{"name": "Alacra",
 "permalink": "alacra",
 "crunchbase_url": "http://www.crunchbase.com/company/alacra",
 "homepage_url": "http://www.alacra.com",
 "blog_url": "http://www.alacrablog.com",
 "blog_feed_url": "http://feeds.feedburner.com/Alacrablog",
 "twitter_username": "alacra",
 "category_code": "enterprise",
 "number_of_employees": 60,
 "founded_year": 1996,
 "founded_month": null,
 "founded_day": null,
 "deadpooled_year": null,
 "deadpooled_month": null,
 "deadpooled_day": null,
 "deadpooled_url": null,
 "tag_list": "content, kyc, compliance, lei, workflow",
 "alias_list": null,
 "email_address": "info@alacra.com",
 "phone_number": "212.363.9620",
 "description": "Information and workflow solutions",
 "created_at": "Mon Feb 18 20:51:26 UTC 2013",
 "updated_at": "Tue Feb 19 21:45:17 UTC 2013",
 "overview": "\u003Cp\u003EAlacra organizes financial and legal information to aid financial professionals in conducting mandated regulatory searches.\u003C/p\u003E\n\n\u003Cp\u003EAlacra provides innovative information solutions to more than 400 global financial institutions, corporations, and professional services firms. Alacra\u0026#8217;s workflow tools aggregate, filter, and custom package mission-critical business information from more than 75 premium publishers and a hand-curated universe of 3,000+ web-based sources, delivering user-ready results. Bespoke applications keep Alacra\u0026#8217;s clients up-to-date on their customers, prospects, investments, competition, partners and suppliers, driving business development and streamlining operations.\u003C/p\u003E\n\n\u003Cp\u003EFounded as Data Downlink Corporation in 1996 by Steven Goldstein and Michael Angle, former executives of Knight-Ridder\u0026#8217;s Business Information Services division, the privately-held company was renamed Alacra, Inc. in June 2001. Headquartered in New York, with an office in London, Alacra, Inc. employs more than 60 content, technology, sales and marketing professionals.\u003C/p\u003E",
 "image":
  {"available_sizes":
    [[[138,
       45],
      "http://api-images.crunchbase.com/assets/images/resized/0023/6764/236764v2-max-150x150.png"],
     [[138,
       45],
      "http://api-images.crunchbase.com/assets/images/resized/0023/6764/236764v2-max-250x250.png"],
     [[138,
       45],
      "http://api-images.crunchbase.com/assets/images/resized/0023/6764/236764v2-max-450x450.png"]],
   "attribution": null},
 "products":
  [],
 "relationships":
  [{"is_past": false,
    "title": "CEO",
    "person":
     {"first_name": "Steven",
      "last_name": "Goldstein",
      "permalink": "steven-goldstein"}},
   {"is_past": false,
    "title": "President, COO",
    "person":
     {"first_name": "Michael",
      "last_name": "Angle",
      "permalink": "michael-angle"}}],
 "competitions":
  [],
 "providerships":
  [],
 "total_money_raised": "$0",
 "funding_rounds":
  [],
 "investments":
  [],
 "acquisition": null,
 "acquisitions":
  [],
 "offices":
  [{"description": "Headquarters",
    "address1": "100 Broadway",
    "address2": "Ste 1101",
    "zip_code": "10005",
    "city": "New York",
    "state_code": "NY",
    "country_code": "USA",
    "latitude": null,
    "longitude": null},
   {"description": "EMEA/APAC",
    "address1": "125 Old Broad Street",
    "address2": "6th Floor",
    "zip_code": "EC2N 1AR",
    "city": "London",
    "state_code": null,
    "country_code": "GBR",
    "latitude": null,
    "longitude": null}],
 "milestones":
  [],
 "ipo": null,
 "video_embeds":
  [],
 "screenshots":
  [],
 "external_links":
  [{"external_url": "http://web.freepint.com/go/features/68857",
    "title": "Alacra Compliance adds managerial oversight"},
   {"external_url": "http://web.freepint.com/go/sub/article/68795",
    "title": "Alacra Compliance Review"},
   {"external_url": "http://web.freepint.com/go/features/68949",
    "title": ""},
   {"external_url": "http://www.benzinga.com/press-releases/11/01/p810716/alacra-compliance-wins-2011-codie-award",
    "title": "Alacra Compliance CoDIE Award 2011"}],
 "partners":
  []}
