{"name": "Albert Solino",
 "permalink": "albert-solino",
 "crunchbase_url": "http://www.crunchbase.com/company/albert-solino",
 "homepage_url": "http://www.albertsolino.com",
 "blog_url": "",
 "blog_feed_url": "",
 "twitter_username": "AlbertSolino",
 "category_code": "consulting",
 "number_of_employees": 15,
 "founded_year": 2007,
 "founded_month": 2,
 "founded_day": 2,
 "deadpooled_year": null,
 "deadpooled_month": null,
 "deadpooled_day": null,
 "deadpooled_url": null,
 "tag_list": "",
 "alias_list": null,
 "email_address": "pazarlama@albertsolino.com",
 "phone_number": "902166800676",
 "description": "Consulting",
 "created_at": "Thu Mar 21 13:25:08 UTC 2013",
 "updated_at": "Thu Mar 21 14:02:00 UTC 2013",
 "overview": "\u003Cp\u003EAlbert Solino, is a global provider of specialized consulting services in the areas of  Investment Solutions, Corporate Finance, IT, Management Solutions and Outsourcing Services.\u003C/p\u003E\n\n\u003Cp\u003EThe effective management and right strategy are the key elements of our success. We deliver concrete results for our customers with experienced and dynamic team of international background.\u003C/p\u003E\n\n\u003Cp\u003EWe operate globally with offices in;\nTurkey\nGermany\nSouth Korea\u003C/p\u003E\n\n\u003Cp\u003EWHAT WE DO?\n1-Management Consulting\u003C/p\u003E\n\n\u003Cul\u003E\n\u003Cli\u003EStrategic Planning\u003C/li\u003E\n\u003Cli\u003ESales and Marketing Strategy\u003C/li\u003E\n\u003Cli\u003ECorporate Value \u003C/li\u003E\n\u003Cli\u003EValue Chain Analysis\u003C/li\u003E\n\u003Cli\u003EBusiness Process Management\u003C/li\u003E\n\u003Cli\u003ELegislation Advisory\u003C/li\u003E\n\u003Cli\u003ERe-structuring services\u003C/li\u003E\n\u003C/ul\u003E\n\n\u003Cp\u003E2-Invesment Consulting\u003C/p\u003E\n\n\u003Cul\u003E\n\u003Cli\u003EAdvisory to Turkish Market Entrance\u003C/li\u003E\n\u003Cli\u003EMarket Research for Turkey\u003C/li\u003E\n\u003Cli\u003EPricing Strategy for Turkish Market\u003C/li\u003E\n\u003Cli\u003EMerger \u0026amp; Acquisition \u003C/li\u003E\n\u003Cli\u003EIPO \u2013 Initial Public Offering\u003C/li\u003E\n\u003Cli\u003ECorporate Finance\u003C/li\u003E\n\u003Cli\u003ECompany Valuation\u003C/li\u003E\n\u003Cli\u003EFeasibility Studies\u003C/li\u003E\n\u003Cli\u003ETurkish Incentives Advisory\n3-Technology\u003C/li\u003E\n\u003Cli\u003ECybernetics\u003C/li\u003E\n\u003Cli\u003EProduction Management Software\u003C/li\u003E\n\u003Cli\u003EReal-time Monitoring Software\u003C/li\u003E\n\u003Cli\u003EData Acquisition Software\u003C/li\u003E\n\u003Cli\u003ESimulation \u0026amp; CAD \u0026amp; CAE\u003C/li\u003E\n\u003Cli\u003EIT Based Lean Manufacturing\u003C/li\u003E\n\u003C/ul\u003E\n\n\u003Cp\u003E4-Outsourcing\u003C/p\u003E\n\n\u003Cul\u003E\n\u003Cli\u003ECompliance \u0026amp; Reporting Services\u003C/li\u003E\n\u003Cli\u003EBusiness Process Outsourcing\u003C/li\u003E\n\u003Cli\u003ETurkish Legislation Compliance Services\u003C/li\u003E\n\u003Cli\u003ETurkish Tax System \u0026amp; Financial Budgeting\u003C/li\u003E\n\u003Cli\u003EIncentives \u0026amp; Grants\u003C/li\u003E\n\u003Cli\u003EInvestment Project Management\u003C/li\u003E\n\u003C/ul\u003E",
 "image":
  {"available_sizes":
    [[[150,
       69],
      "http://api-images.crunchbase.com/assets/images/resized/0024/4344/244344v2-max-150x150.png"],
     [[250,
       115],
      "http://api-images.crunchbase.com/assets/images/resized/0024/4344/244344v2-max-250x250.png"],
     [[450,
       208],
      "http://api-images.crunchbase.com/assets/images/resized/0024/4344/244344v2-max-450x450.png"]],
   "attribution": null},
 "products":
  [],
 "relationships":
  [],
 "competitions":
  [],
 "providerships":
  [],
 "total_money_raised": "$0",
 "funding_rounds":
  [],
 "investments":
  [],
 "acquisition": null,
 "acquisitions":
  [],
 "offices":
  [{"description": "World Headquarters",
    "address1": "Yeni Street VIP Plaza Number:5 Floor:7",
    "address2": "Kavacik",
    "zip_code": "34000",
    "city": "Istanbul",
    "state_code": null,
    "country_code": "TUR",
    "latitude": null,
    "longitude": null}],
 "milestones":
  [],
 "ipo": null,
 "video_embeds":
  [],
 "screenshots":
  [],
 "external_links":
  [],
 "partners":
  []}
