{"name": "Albus Technologies",
 "permalink": "albus-technologies",
 "crunchbase_url": "http://www.crunchbase.com/company/albus-technologies",
 "homepage_url": "http://www.albustechnologies.com",
 "blog_url": "http://www.albustechnologies.blogspot.com",
 "blog_feed_url": "http://albustechnologies.blogspot.in//feeds/posts/default",
 "twitter_username": "albustechnology",
 "category_code": "software",
 "number_of_employees": 15,
 "founded_year": 2011,
 "founded_month": 4,
 "founded_day": 1,
 "deadpooled_year": null,
 "deadpooled_month": null,
 "deadpooled_day": null,
 "deadpooled_url": null,
 "tag_list": "web-development, mobile-apps-development, software-development, asp-net-development",
 "alias_list": null,
 "email_address": "info@albustechnologies.com",
 "phone_number": "9438480191",
 "description": "Web, Mobile and Software Development",
 "created_at": "Thu Feb 07 06:42:03 UTC 2013",
 "updated_at": "Fri Feb 08 04:28:36 UTC 2013",
 "overview": "\u003Cp\u003EAlbus provide Web Development,Mobile Apps Development, Software Development.\nTechnologies:\u003C/p\u003E\n\n\u003Col\u003E\n\u003Cli\u003EAsp.net C#\u003C/li\u003E\n\u003Cli\u003EJQuery\u003C/li\u003E\n\u003Cli\u003EJQ Mobile, Snecha Touch\u003C/li\u003E\n\u003Cli\u003EPhonegap\u003C/li\u003E\n\u003Cli\u003EAndroid SDK, Blackberry Webworks\u003C/li\u003E\n\u003Cli\u003EBackboneJS, UnderscoreJS\u003C/li\u003E\n\u003C/ol\u003E",
 "image":
  {"available_sizes":
    [[[150,
       50],
      "http://api-images.crunchbase.com/assets/images/resized/0023/4146/234146v2-max-150x150.png"],
     [[154,
       52],
      "http://api-images.crunchbase.com/assets/images/resized/0023/4146/234146v2-max-250x250.png"],
     [[154,
       52],
      "http://api-images.crunchbase.com/assets/images/resized/0023/4146/234146v2-max-450x450.png"]],
   "attribution": null},
 "products":
  [],
 "relationships":
  [],
 "competitions":
  [],
 "providerships":
  [],
 "total_money_raised": "$0",
 "funding_rounds":
  [],
 "investments":
  [],
 "acquisition": null,
 "acquisitions":
  [],
 "offices":
  [],
 "milestones":
  [],
 "ipo": null,
 "video_embeds":
  [],
 "screenshots":
  [],
 "external_links":
  [],
 "partners":
  []}
