{"name": "Albuquerque Image Products",
 "permalink": "albuquerque-image-products",
 "crunchbase_url": "http://www.crunchbase.com/company/albuquerque-image-products",
 "homepage_url": "http://www.albimage.com",
 "blog_url": "",
 "blog_feed_url": "",
 "twitter_username": null,
 "category_code": "other",
 "number_of_employees": null,
 "founded_year": null,
 "founded_month": null,
 "founded_day": null,
 "deadpooled_year": null,
 "deadpooled_month": null,
 "deadpooled_day": null,
 "deadpooled_url": null,
 "tag_list": "hewlett-packard-albuquerque, hp-albuquerque",
 "alias_list": null,
 "email_address": "sales@albimage.com",
 "phone_number": "(505) 881-6266",
 "description": "Copier Repair Service",
 "created_at": "Wed Jan 16 16:17:26 UTC 2013",
 "updated_at": "Thu Jan 17 08:06:10 UTC 2013",
 "overview": "\u003Cp\u003EAlbuquerque Image Products is an all inclusive printer supply store. We not only have new cartridges to fit any Hewlett Packard (HP), Lexmark or Samsung machine, we also carry recycled cartridges too.\u003C/p\u003E",
 "image": null,
 "products":
  [],
 "relationships":
  [],
 "competitions":
  [],
 "providerships":
  [],
 "total_money_raised": "$0",
 "funding_rounds":
  [],
 "investments":
  [],
 "acquisition": null,
 "acquisitions":
  [],
 "offices":
  [],
 "milestones":
  [],
 "ipo": null,
 "video_embeds":
  [],
 "screenshots":
  [],
 "external_links":
  [],
 "partners":
  []}
