{"name": "Alchemy Systems",
 "permalink": "alchemy-systems",
 "crunchbase_url": "http://www.crunchbase.com/company/alchemy-systems",
 "homepage_url": "http://www.alchemysystems.com",
 "blog_url": "",
 "blog_feed_url": "",
 "twitter_username": "Alchemy_Systems",
 "category_code": null,
 "number_of_employees": null,
 "founded_year": null,
 "founded_month": null,
 "founded_day": null,
 "deadpooled_year": null,
 "deadpooled_month": null,
 "deadpooled_day": null,
 "deadpooled_url": null,
 "tag_list": "",
 "alias_list": "",
 "email_address": "contactus@alchemysystems.com",
 "phone_number": "1-888-988-8832",
 "description": "",
 "created_at": "Mon Jan 28 12:45:54 UTC 2013",
 "updated_at": "Mon Jan 28 12:51:07 UTC 2013",
 "overview": "\u003Cp\u003EAlchemy is the global leader in food and workplace safety training for production workers. Companies use Alchemy to increase productivity, reduce food safety incidents, and lower compliance risk. Alchemy\u0026#8217;s unique training solution enables companies to build a strong food safety culture.\u003C/p\u003E",
 "image":
  {"available_sizes":
    [[[150,
       32],
      "http://api-images.crunchbase.com/assets/images/resized/0023/2027/232027v1-max-150x150.jpg"],
     [[250,
       54],
      "http://api-images.crunchbase.com/assets/images/resized/0023/2027/232027v1-max-250x250.jpg"],
     [[265,
       58],
      "http://api-images.crunchbase.com/assets/images/resized/0023/2027/232027v1-max-450x450.jpg"]],
   "attribution": null},
 "products":
  [],
 "relationships":
  [],
 "competitions":
  [],
 "providerships":
  [],
 "total_money_raised": "$0",
 "funding_rounds":
  [],
 "investments":
  [],
 "acquisition":
  {"price_amount": null,
   "price_currency_code": "USD",
   "term_code": null,
   "source_url": "http://www.pehub.com/182005/the-riverside-company-buys-alchemy-systems/",
   "source_description": "The Riverside Company Buys Alchemy Systems",
   "acquired_year": 2013,
   "acquired_month": 1,
   "acquired_day": 22,
   "acquiring_company":
    {"name": "Riverside Company",
     "permalink": "riverside"}},
 "acquisitions":
  [],
 "offices":
  [{"description": "",
    "address1": "8015 Shoal Creek Blvd., Suite 100",
    "address2": "",
    "zip_code": "78757",
    "city": "Austin",
    "state_code": "TX",
    "country_code": "USA",
    "latitude": null,
    "longitude": null}],
 "milestones":
  [],
 "ipo": null,
 "video_embeds":
  [],
 "screenshots":
  [{"available_sizes":
     [[[150,
        109],
       "http://api-images.crunchbase.com/assets/images/resized/0023/2028/232028v1-max-150x150.jpg"],
      [[250,
        182],
       "http://api-images.crunchbase.com/assets/images/resized/0023/2028/232028v1-max-250x250.jpg"],
      [[450,
        327],
       "http://api-images.crunchbase.com/assets/images/resized/0023/2028/232028v1-max-450x450.jpg"]],
    "attribution": null}],
 "external_links":
  [],
 "partners":
  []}
