{"name": "Alerting Solutions",
 "permalink": "alerting-solutions",
 "crunchbase_url": "http://www.crunchbase.com/company/alerting-solutions",
 "homepage_url": "http://www.alertingsolutions.com",
 "blog_url": "",
 "blog_feed_url": "",
 "twitter_username": null,
 "category_code": "security",
 "number_of_employees": null,
 "founded_year": null,
 "founded_month": null,
 "founded_day": null,
 "deadpooled_year": null,
 "deadpooled_month": null,
 "deadpooled_day": null,
 "deadpooled_url": null,
 "tag_list": "",
 "alias_list": "ASI",
 "email_address": "info@AlertingSolutions.com",
 "phone_number": "925-228-2152",
 "description": "",
 "created_at": "Thu Jan 24 03:27:42 UTC 2013",
 "updated_at": "Thu Jan 24 03:33:44 UTC 2013",
 "overview": "\u003Cp\u003EAlerting Solutions, Inc. (ASI), a wholly-owned subsidiary of AtHoc, Inc., is a global leader in warning systems for homeland security and infrastructure protection. ASI technology integrates all major warning tools, including telephone, text messaging, Internet, Emergency Alert System (EAS), NOAA Weather Radio, indoor and outdoor voice sirens, electronic signs, allowing all channels and devices to be driven by a single warning message. ASI\u0026#8217;s easy-to-use systems are based on the Common Alerting Protocol (CAP) and other open standards. The systems are useful for both emergency and non-emergency messages.\u003C/p\u003E",
 "image":
  {"available_sizes":
    [[[150,
       30],
      "http://api-images.crunchbase.com/assets/images/resized/0023/1316/231316v1-max-150x150.jpg"],
     [[250,
       51],
      "http://api-images.crunchbase.com/assets/images/resized/0023/1316/231316v1-max-250x250.jpg"],
     [[331,
       68],
      "http://api-images.crunchbase.com/assets/images/resized/0023/1316/231316v1-max-450x450.jpg"]],
   "attribution": null},
 "products":
  [],
 "relationships":
  [{"is_past": false,
    "title": "Founder \u0026 CEO",
    "person":
     {"first_name": "Efraim",
      "last_name": "Petel",
      "permalink": "efraim-petel"}}],
 "competitions":
  [],
 "providerships":
  [],
 "total_money_raised": "$0",
 "funding_rounds":
  [],
 "investments":
  [],
 "acquisition":
  {"price_amount": null,
   "price_currency_code": "USD",
   "term_code": null,
   "source_url": "http://finance.yahoo.com/news/athoc-inc-completes-acquisition-alerting-120000414.html",
   "source_description": "AtHoc, Inc. Completes Acquisition of Alerting Solutions, Inc.",
   "acquired_year": 2013,
   "acquired_month": 1,
   "acquired_day": 21,
   "acquiring_company":
    {"name": "AtHoc",
     "permalink": "athoc"}},
 "acquisitions":
  [],
 "offices":
  [{"description": "",
    "address1": "837 Arnold Drive, Suite 600",
    "address2": "",
    "zip_code": "94553",
    "city": "Martinez",
    "state_code": "CA",
    "country_code": "USA",
    "latitude": null,
    "longitude": null}],
 "milestones":
  [],
 "ipo": null,
 "video_embeds":
  [],
 "screenshots":
  [{"available_sizes":
     [[[150,
        123],
       "http://api-images.crunchbase.com/assets/images/resized/0023/1317/231317v1-max-150x150.jpg"],
      [[250,
        206],
       "http://api-images.crunchbase.com/assets/images/resized/0023/1317/231317v1-max-250x250.jpg"],
      [[450,
        371],
       "http://api-images.crunchbase.com/assets/images/resized/0023/1317/231317v1-max-450x450.jpg"]],
    "attribution": null}],
 "external_links":
  [],
 "partners":
  []}
