{"name": "Alf James \u0026 Son's Builders",
 "permalink": "alf-james-sons-builders",
 "crunchbase_url": "http://www.crunchbase.com/company/alf-james-sons-builders",
 "homepage_url": null,
 "blog_url": null,
 "blog_feed_url": null,
 "twitter_username": null,
 "category_code": null,
 "number_of_employees": null,
 "founded_year": null,
 "founded_month": null,
 "founded_day": null,
 "deadpooled_year": null,
 "deadpooled_month": null,
 "deadpooled_day": null,
 "deadpooled_url": null,
 "tag_list": null,
 "alias_list": null,
 "email_address": null,
 "phone_number": null,
 "description": null,
 "created_at": "Fri Mar 29 09:36:17 UTC 2013",
 "updated_at": "Fri Jun 14 07:08:01 UTC 2013",
 "overview": "\u003Cp\u003EA construction firm based in Shotton, Deeside, Flintshire. We provide a great building service around Flintshire, Chester and Cheshire, the Wirral and Liverpool. Free online estimate service at our website.\u003C/p\u003E",
 "image": null,
 "products":
  [],
 "relationships":
  [{"is_past": false,
    "title": "Director",
    "person":
     {"first_name": "Alf",
      "last_name": "James",
      "permalink": "alf-james"}}],
 "competitions":
  [],
 "providerships":
  [],
 "total_money_raised": "$0",
 "funding_rounds":
  [],
 "investments":
  [],
 "acquisition": null,
 "acquisitions":
  [],
 "offices":
  [],
 "milestones":
  [],
 "ipo": null,
 "video_embeds":
  [],
 "screenshots":
  [],
 "external_links":
  [],
 "partners":
  []}
