{"name": "Alien Ventures",
 "permalink": "alien-ventures",
 "crunchbase_url": "http://www.crunchbase.com/company/alien-ventures",
 "homepage_url": "http://www.alienventures.com",
 "blog_url": "http://www.alienventures.com/blog",
 "blog_feed_url": "http://alienventures.com/blog/feed/",
 "twitter_username": "AlienVentures",
 "category_code": "other",
 "number_of_employees": 4,
 "founded_year": 2012,
 "founded_month": 9,
 "founded_day": 15,
 "deadpooled_year": null,
 "deadpooled_month": null,
 "deadpooled_day": null,
 "deadpooled_url": null,
 "tag_list": "investment, mobile, development, business-consultancy, venture-fund, fernando-mateus, javier-gonzalez",
 "alias_list": null,
 "email_address": "mothership@alienventures.com",
 "phone_number": "+34914578401",
 "description": "Mobile \u0026 IT consultancy and venture fund",
 "created_at": "Thu Mar 21 11:04:46 UTC 2013",
 "updated_at": "Fri Dec 13 11:54:51 UTC 2013",
 "overview": "\u003Cp\u003EAlien Ventures is platform for launching and accelarating start-ups and Mobile/Internet initiatives. Alien Ventures is a venture fund which focuses on seed investments to startup companies. It offers financing as well as IT development and business consulting along with other opportunities to persons and companies looking to take an idea to a product. \u003C/p\u003E\n\n\u003Cp\u003EAlien Ventures looks for companies with \u201cgood\u201d ideas over companies with experience and a business model. The company making its first investments in 2013. They are located in Madrid, Spain. \u003C/p\u003E\n\n\u003Cp\u003EGenerally AV asks for 30-40% ownership, offering it help, offices and fundraising. \nThey also offers development services with the brand MobAlien [http://www.mobalien.com] and consulting services with Mobertia http://www.mobertia.com/.\u003C/p\u003E",
 "image":
  {"available_sizes":
    [[[150,
       75],
      "http://api-images.crunchbase.com/assets/images/resized/0024/4537/244537v6-max-150x150.png"],
     [[154,
       78],
      "http://api-images.crunchbase.com/assets/images/resized/0024/4537/244537v6-max-250x250.png"],
     [[154,
       78],
      "http://api-images.crunchbase.com/assets/images/resized/0024/4537/244537v6-max-450x450.png"]],
   "attribution": null},
 "products":
  [],
 "relationships":
  [{"is_past": false,
    "title": "Founder",
    "person":
     {"first_name": "Fernando",
      "last_name": "Mateus Fernandez",
      "permalink": "fernando-mateus-fernandez"}}],
 "competitions":
  [],
 "providerships":
  [],
 "total_money_raised": "$0",
 "funding_rounds":
  [],
 "investments":
  [],
 "acquisition": null,
 "acquisitions":
  [],
 "offices":
  [{"description": "HQ",
    "address1": "Herreros de Tejada 10, 5A",
    "address2": "",
    "zip_code": "28016",
    "city": "Madrid",
    "state_code": null,
    "country_code": "ESP",
    "latitude": null,
    "longitude": null}],
 "milestones":
  [{"id": 31708,
    "description": "Alien Ventures has landed on Earth",
    "stoned_year": 2013,
    "stoned_month": 2,
    "stoned_day": 15,
    "source_url": "http://alienventures.com",
    "source_text": null,
    "source_description": "",
    "stoneable_type": "Company",
    "stoned_value": null,
    "stoned_value_type": null,
    "stoned_acquirer": null,
    "stoneable":
     {"name": "Alien Ventures",
      "permalink": "alien-ventures"}}],
 "ipo": null,
 "video_embeds":
  [],
 "screenshots":
  [{"available_sizes":
     [[[150,
        117],
       "http://api-images.crunchbase.com/assets/images/resized/0024/4546/244546v2-max-150x150.png"],
      [[250,
        195],
       "http://api-images.crunchbase.com/assets/images/resized/0024/4546/244546v2-max-250x250.png"],
      [[450,
        351],
       "http://api-images.crunchbase.com/assets/images/resized/0024/4546/244546v2-max-450x450.png"]],
    "attribution": null}],
 "external_links":
  [{"external_url": "http://alienventures.com",
    "title": "AV (MotherShip)"},
   {"external_url": "http://mobertia.com",
    "title": "Mobertia (Mobile Consulting)"},
   {"external_url": "http://mobalien.com",
    "title": "MobAlien (App Develoment)"}],
 "partners":
  [{"partner_name": "angel_list",
    "homepage_url": "http://alienventures.com",
    "link_1_url": "https://angel.co/alien-ventures",
    "link_2_url": null,
    "link_3_url": null,
    "link_1_name": "AngelList Page",
    "link_2_name": null,
    "link_3_name": null}]}
