{"name": "alive.do",
 "permalink": "alive-ug",
 "crunchbase_url": "http://www.crunchbase.com/company/alive-ug",
 "homepage_url": "http://www.alive.do",
 "blog_url": "http://blog.alive.do",
 "blog_feed_url": "",
 "twitter_username": "alive_do",
 "category_code": "web",
 "number_of_employees": 2,
 "founded_year": null,
 "founded_month": null,
 "founded_day": null,
 "deadpooled_year": null,
 "deadpooled_month": null,
 "deadpooled_day": null,
 "deadpooled_url": null,
 "tag_list": "motivation, productivity, gtd, bucket-list, self-development, lifestyle, social-media, app, consumer-internet",
 "alias_list": null,
 "email_address": "kajetan@alive.do",
 "phone_number": "",
 "description": "More life.",
 "created_at": "Fri Mar 22 09:15:26 UTC 2013",
 "updated_at": "Mon Mar 25 17:38:01 UTC 2013",
 "overview": "\u003Cp\u003Ealive is a social app that helps you achieve any goal - no matter whether you want to run a marathon, learn a new language or travel the world. \u003C/p\u003E\n\n\u003Cp\u003EList your goals and break them into achievable steps. Share your progress and get support from your friends. Turn the path to success into a game and stay motivated.\u003C/p\u003E",
 "image":
  {"available_sizes":
    [[[150,
       42],
      "http://api-images.crunchbase.com/assets/images/resized/0024/4646/244646v4-max-150x150.png"],
     [[250,
       70],
      "http://api-images.crunchbase.com/assets/images/resized/0024/4646/244646v4-max-250x250.png"],
     [[450,
       126],
      "http://api-images.crunchbase.com/assets/images/resized/0024/4646/244646v4-max-450x450.png"]],
   "attribution": null},
 "products":
  [],
 "relationships":
  [{"is_past": false,
    "title": "Co-Founder",
    "person":
     {"first_name": "Kajetan",
      "last_name": "Armansperg",
      "permalink": "kajetan-armansperg"}},
   {"is_past": false,
    "title": "Co-Founder",
    "person":
     {"first_name": "Martin",
      "last_name": "Strunk",
      "permalink": "martin-strunk"}}],
 "competitions":
  [],
 "providerships":
  [],
 "total_money_raised": "$0",
 "funding_rounds":
  [],
 "investments":
  [],
 "acquisition": null,
 "acquisitions":
  [],
 "offices":
  [],
 "milestones":
  [],
 "ipo": null,
 "video_embeds":
  [],
 "screenshots":
  [{"available_sizes":
     [[[150,
        71],
       "http://api-images.crunchbase.com/assets/images/resized/0024/4642/244642v2-max-150x150.jpg"],
      [[250,
        118],
       "http://api-images.crunchbase.com/assets/images/resized/0024/4642/244642v2-max-250x250.jpg"],
      [[450,
        213],
       "http://api-images.crunchbase.com/assets/images/resized/0024/4642/244642v2-max-450x450.jpg"]],
    "attribution": null},
   {"available_sizes":
     [[[150,
        71],
       "http://api-images.crunchbase.com/assets/images/resized/0024/4643/244643v2-max-150x150.jpg"],
      [[250,
        118],
       "http://api-images.crunchbase.com/assets/images/resized/0024/4643/244643v2-max-250x250.jpg"],
      [[450,
        213],
       "http://api-images.crunchbase.com/assets/images/resized/0024/4643/244643v2-max-450x450.jpg"]],
    "attribution": null},
   {"available_sizes":
     [[[150,
        71],
       "http://api-images.crunchbase.com/assets/images/resized/0024/4645/244645v2-max-150x150.jpg"],
      [[250,
        119],
       "http://api-images.crunchbase.com/assets/images/resized/0024/4645/244645v2-max-250x250.jpg"],
      [[450,
        214],
       "http://api-images.crunchbase.com/assets/images/resized/0024/4645/244645v2-max-450x450.jpg"]],
    "attribution": null}],
 "external_links":
  [],
 "partners":
  []}
