{"name": "All-Coupon-Codes.com",
 "permalink": "all-coupon-codes-com",
 "crunchbase_url": "http://www.crunchbase.com/company/all-coupon-codes-com",
 "homepage_url": "http://www.all-coupon-codes.com",
 "blog_url": "",
 "blog_feed_url": "http://www.all-coupon-codes.com/rss.php?type=new",
 "twitter_username": "AllCouponCodes",
 "category_code": "web",
 "number_of_employees": 1,
 "founded_year": 2008,
 "founded_month": 3,
 "founded_day": 4,
 "deadpooled_year": null,
 "deadpooled_month": null,
 "deadpooled_day": null,
 "deadpooled_url": null,
 "tag_list": "coupons, coupon-codes, savings, discounts, online-coupons",
 "alias_list": null,
 "email_address": "contact@all-coupon-codes.com",
 "phone_number": "",
 "description": "Coupon resource for most popular stores",
 "created_at": "Wed Mar 20 20:42:43 UTC 2013",
 "updated_at": "Mon Mar 25 20:49:43 UTC 2013",
 "overview": "\u003Cp\u003EAll-Coupon-Codes.com is an online website that provides online coupons for more than 200 online stores with more than 2500 coupons.\u003C/p\u003E",
 "image":
  {"available_sizes":
    [[[150,
       21],
      "http://api-images.crunchbase.com/assets/images/resized/0024/4075/244075v2-max-150x150.png"],
     [[250,
       35],
      "http://api-images.crunchbase.com/assets/images/resized/0024/4075/244075v2-max-250x250.png"],
     [[286,
       41],
      "http://api-images.crunchbase.com/assets/images/resized/0024/4075/244075v2-max-450x450.png"]],
   "attribution": null},
 "products":
  [],
 "relationships":
  [{"is_past": false,
    "title": "Founder",
    "person":
     {"first_name": "Matei",
      "last_name": "Marian",
      "permalink": "matei-marian"}}],
 "competitions":
  [],
 "providerships":
  [],
 "total_money_raised": "$0",
 "funding_rounds":
  [],
 "investments":
  [],
 "acquisition": null,
 "acquisitions":
  [],
 "offices":
  [],
 "milestones":
  [],
 "ipo": null,
 "video_embeds":
  [],
 "screenshots":
  [{"available_sizes":
     [[[121,
        150],
       "http://api-images.crunchbase.com/assets/images/resized/0024/4429/244429v2-max-150x150.jpg"],
      [[202,
        250],
       "http://api-images.crunchbase.com/assets/images/resized/0024/4429/244429v2-max-250x250.jpg"],
      [[365,
        450],
       "http://api-images.crunchbase.com/assets/images/resized/0024/4429/244429v2-max-450x450.jpg"]],
    "attribution": null},
   {"available_sizes":
     [[[150,
        130],
       "http://api-images.crunchbase.com/assets/images/resized/0024/5446/245446v2-max-150x150.jpg"],
      [[250,
        217],
       "http://api-images.crunchbase.com/assets/images/resized/0024/5446/245446v2-max-250x250.jpg"],
      [[450,
        392],
       "http://api-images.crunchbase.com/assets/images/resized/0024/5446/245446v2-max-450x450.jpg"]],
    "attribution": null},
   {"available_sizes":
     [[[150,
        124],
       "http://api-images.crunchbase.com/assets/images/resized/0024/5447/245447v2-max-150x150.jpg"],
      [[250,
        206],
       "http://api-images.crunchbase.com/assets/images/resized/0024/5447/245447v2-max-250x250.jpg"],
      [[450,
        372],
       "http://api-images.crunchbase.com/assets/images/resized/0024/5447/245447v2-max-450x450.jpg"]],
    "attribution": null}],
 "external_links":
  [{"external_url": "http://www.all-coupon-codes.com/about",
    "title": "About All-Coupon-Codes.com"},
   {"external_url": "http://www.facebook.com/AllCouponCodes",
    "title": "All-Coupon-Codes.com on Facebook"},
   {"external_url": "http://www.twitter.com/AllCouponCodes",
    "title": "All-Coupon-Codes.com on Twitter"},
   {"external_url": "https://plus.google.com/106410842775285944284/posts",
    "title": "All-Coupon-Codes.com on Google+"}],
 "partners":
  []}
