{"name": "All Saints Eye Center",
 "permalink": "all-saints-eye-center",
 "crunchbase_url": "http://www.crunchbase.com/company/all-saints-eye-center",
 "homepage_url": "http://www.allsaintseyecenters.com",
 "blog_url": "",
 "blog_feed_url": "",
 "twitter_username": "AllSaintsEyeCen",
 "category_code": "other",
 "number_of_employees": null,
 "founded_year": null,
 "founded_month": null,
 "founded_day": null,
 "deadpooled_year": null,
 "deadpooled_month": null,
 "deadpooled_day": null,
 "deadpooled_url": null,
 "tag_list": "naples-eye-care, naples-eye-center, eye-treatment-naples, eye-specialitsts-naples-fl, opticians-naples, contact-lenses-naples",
 "alias_list": null,
 "email_address": "",
 "phone_number": "(239) 775-7711",
 "description": "Excellenc in Eye Care",
 "created_at": "Tue Feb 12 11:49:08 UTC 2013",
 "updated_at": "Thu Feb 14 05:35:19 UTC 2013",
 "overview": "\u003Cp\u003ESearching for a eye center, opticians, contact lenses, glasses or about any eye health  in Naples? Contact All Saints Eye Center to consult with our eye specialists. Call us at (239) 775-7711 .\u003C/p\u003E",
 "image":
  {"available_sizes":
    [[[150,
       150],
      "http://api-images.crunchbase.com/assets/images/resized/0023/5346/235346v2-max-150x150.jpg"],
     [[250,
       250],
      "http://api-images.crunchbase.com/assets/images/resized/0023/5346/235346v2-max-250x250.jpg"],
     [[250,
       250],
      "http://api-images.crunchbase.com/assets/images/resized/0023/5346/235346v2-max-450x450.jpg"]],
   "attribution": null},
 "products":
  [],
 "relationships":
  [],
 "competitions":
  [],
 "providerships":
  [],
 "total_money_raised": "$0",
 "funding_rounds":
  [],
 "investments":
  [],
 "acquisition": null,
 "acquisitions":
  [],
 "offices":
  [{"description": "All Saints Eye Center",
    "address1": "4838 Davis Boulevard",
    "address2": "",
    "zip_code": "34104",
    "city": "Naples",
    "state_code": "FL",
    "country_code": "USA",
    "latitude": null,
    "longitude": null}],
 "milestones":
  [],
 "ipo": null,
 "video_embeds":
  [],
 "screenshots":
  [],
 "external_links":
  [],
 "partners":
  []}
