{"name": "All Docs",
 "permalink": "all-docs",
 "crunchbase_url": "http://www.crunchbase.com/company/all-docs",
 "homepage_url": "http://www.alldocs.org",
 "blog_url": "",
 "blog_feed_url": "",
 "twitter_username": null,
 "category_code": "public_relations",
 "number_of_employees": 2,
 "founded_year": 2013,
 "founded_month": 1,
 "founded_day": 6,
 "deadpooled_year": null,
 "deadpooled_month": null,
 "deadpooled_day": null,
 "deadpooled_url": null,
 "tag_list": "doctors, medical, conference",
 "alias_list": null,
 "email_address": "",
 "phone_number": "",
 "description": "Video Conference your Doc",
 "created_at": "Mon Mar 25 01:02:14 UTC 2013",
 "updated_at": "Mon Mar 25 01:02:19 UTC 2013",
 "overview": "\u003Cp\u003EBook an appointment, consult through a video conference, or even pay online.\nGet in Touch with doctors, worldwide or local.\u003C/p\u003E",
 "image": null,
 "products":
  [],
 "relationships":
  [],
 "competitions":
  [],
 "providerships":
  [],
 "total_money_raised": "$0",
 "funding_rounds":
  [],
 "investments":
  [],
 "acquisition": null,
 "acquisitions":
  [],
 "offices":
  [],
 "milestones":
  [],
 "ipo": null,
 "video_embeds":
  [],
 "screenshots":
  [],
 "external_links":
  [],
 "partners":
  []}
