{"name": "ALL Voucher",
 "permalink": "all-voucher",
 "crunchbase_url": "http://www.crunchbase.com/company/all-voucher",
 "homepage_url": "http://www.allvoucher.co.uk",
 "blog_url": "http://www.allvoucher.co.uk",
 "blog_feed_url": "http://www.allvoucher.co.uk",
 "twitter_username": "allvouchercouk",
 "category_code": "advertising",
 "number_of_employees": 5,
 "founded_year": 2011,
 "founded_month": 1,
 "founded_day": 1,
 "deadpooled_year": null,
 "deadpooled_month": null,
 "deadpooled_day": null,
 "deadpooled_url": null,
 "tag_list": "discount-voucher-codes, promotional-codes-and-online-shopping-coupons-for-uk-online-stores--save-money-with-exclusive-valid-discount-codes-and-special-offers--uk--allvoucher-co-uk",
 "alias_list": null,
 "email_address": "info@allvoucher.co.uk",
 "phone_number": "",
 "description": "Discount voucher codes, promotional code",
 "created_at": "Sat Jan 19 11:12:58 UTC 2013",
 "updated_at": "Sun Jan 20 06:39:34 UTC 2013",
 "overview": "\u003Cp\u003EDiscount voucher codes, promotional codes and online shopping coupons for UK online stores. Save money with exclusive valid discount codes and special offers.\u003C/p\u003E\n\n\u003Cp\u003Euk \u00b7 allvoucher.co.uk \u003C/p\u003E",
 "image":
  {"available_sizes":
    [[[150,
       60],
      "http://api-images.crunchbase.com/assets/images/resized/0023/0535/230535v2-max-150x150.png"],
     [[250,
       100],
      "http://api-images.crunchbase.com/assets/images/resized/0023/0535/230535v2-max-250x250.png"],
     [[250,
       100],
      "http://api-images.crunchbase.com/assets/images/resized/0023/0535/230535v2-max-450x450.png"]],
   "attribution": null},
 "products":
  [],
 "relationships":
  [],
 "competitions":
  [{"competitor":
     {"name": "MyVoucherCodes.co.uk",
      "permalink": "myvouchercodes-co-uk"}},
   {"competitor":
     {"name": "Voucher Codes",
      "permalink": "voucher-codes"}},
   {"competitor":
     {"name": "MyVoucherCodes.co.uk",
      "permalink": "myvouchercodes-co-uk"}},
   {"competitor":
     {"name": "Money Saving Voucher Codes",
      "permalink": "money-saving-voucher-codes"}}],
 "providerships":
  [],
 "total_money_raised": "$0",
 "funding_rounds":
  [],
 "investments":
  [],
 "acquisition": null,
 "acquisitions":
  [],
 "offices":
  [],
 "milestones":
  [],
 "ipo": null,
 "video_embeds":
  [],
 "screenshots":
  [],
 "external_links":
  [],
 "partners":
  []}
