{"name": "All Things Bamboo",
 "permalink": "all-things-bamboo",
 "crunchbase_url": "http://www.crunchbase.com/company/all-things-bamboo",
 "homepage_url": "http://www.allthingsbamboo.com",
 "blog_url": "",
 "blog_feed_url": "",
 "twitter_username": "Allthingsbamboo",
 "category_code": "ecommerce",
 "number_of_employees": 5,
 "founded_year": 2007,
 "founded_month": null,
 "founded_day": null,
 "deadpooled_year": null,
 "deadpooled_month": null,
 "deadpooled_day": null,
 "deadpooled_url": null,
 "tag_list": "",
 "alias_list": null,
 "email_address": "sales@allthingsbamboo.com",
 "phone_number": "1800-833-2226",
 "description": "All Your Bamboo Needs",
 "created_at": "Wed Jan 30 16:59:31 UTC 2013",
 "updated_at": "Sat Feb 02 22:06:53 UTC 2013",
 "overview": "\u003Cp\u003EWelcome to All Things Bamboo where you get only the best in bamboo products.\u003C/p\u003E\n\n\u003Cp\u003EHere at All Things Bamboo, we offer you a wide selection of bamboo products that cater to all your decorating needs. With choices ranging from poles to fences to slats, we offer you only the best bamboo products. For your interior decorating needs, we offer you top class bamboo rugs, bamboo paneling and blinds. For those who love an interesting piece on their wall, we have very unique Tiki masks that would make a wonderful conversation topic.\u003C/p\u003E",
 "image":
  {"available_sizes":
    [[[150,
       150],
      "http://api-images.crunchbase.com/assets/images/resized/0023/2607/232607v2-max-150x150.jpg"],
     [[250,
       250],
      "http://api-images.crunchbase.com/assets/images/resized/0023/2607/232607v2-max-250x250.jpg"],
     [[450,
       450],
      "http://api-images.crunchbase.com/assets/images/resized/0023/2607/232607v2-max-450x450.jpg"]],
   "attribution": null},
 "products":
  [],
 "relationships":
  [],
 "competitions":
  [],
 "providerships":
  [],
 "total_money_raised": "$0",
 "funding_rounds":
  [],
 "investments":
  [],
 "acquisition": null,
 "acquisitions":
  [],
 "offices":
  [],
 "milestones":
  [],
 "ipo": null,
 "video_embeds":
  [],
 "screenshots":
  [],
 "external_links":
  [],
 "partners":
  []}
