{"name": "All American Roofing Company",
 "permalink": "all-american-roofing-company",
 "crunchbase_url": "http://www.crunchbase.com/company/all-american-roofing-company",
 "homepage_url": "http://www.roofers.org",
 "blog_url": "",
 "blog_feed_url": "",
 "twitter_username": "allamericanroof",
 "category_code": "other",
 "number_of_employees": null,
 "founded_year": 1989,
 "founded_month": null,
 "founded_day": null,
 "deadpooled_year": null,
 "deadpooled_month": null,
 "deadpooled_day": null,
 "deadpooled_url": null,
 "tag_list": "wilmington-roofing, roofers-in-wilmington-de, roofing-wilmington, roofers-wilmington-de",
 "alias_list": null,
 "email_address": "scottdevenny@gmail.com",
 "phone_number": "302-334-3000",
 "description": "Roof Repair",
 "created_at": "Sun Jan 20 13:21:05 UTC 2013",
 "updated_at": "Tue Jan 22 05:20:29 UTC 2013",
 "overview": "\u003Cp\u003EAll American Roofing Company\u003C/p\u003E\n\n\u003Cp\u003E2649 Marsh Road\nWilmington, DE 19810\n(302) 334-3000\nscottdevenny@gmail.com\nhttp://www.roofers.org/\u003C/p\u003E\n\n\u003Cp\u003EYour Wilmington roofing headquarters - We earned our reputation as the #1 Roofers in Wilmington, DE by serving exterior home improvement customers for over 23 years. Contact us today!\u003C/p\u003E\n\n\u003Cp\u003ESERVICES:\nNew Roofs, Roof Replacements, Roof Repair, Skylights, Siding, Soffits \u0026amp; Fascia, Window and Entry Door Installation, Seamless Gutters \u0026amp; Leaf Protection, Attic Insulation, Chimney \u0026amp; Flashing Repair, Waterproofing Services.\u003C/p\u003E\n\n\u003Cp\u003EBUSINESS HOURS: \nMonday - Sunday; 12:00 am - 11:30 pm\u003C/p\u003E",
 "image":
  {"available_sizes":
    [[[150,
       150],
      "http://api-images.crunchbase.com/assets/images/resized/0023/0631/230631v2-max-150x150.jpg"],
     [[250,
       250],
      "http://api-images.crunchbase.com/assets/images/resized/0023/0631/230631v2-max-250x250.jpg"],
     [[300,
       300],
      "http://api-images.crunchbase.com/assets/images/resized/0023/0631/230631v2-max-450x450.jpg"]],
   "attribution": null},
 "products":
  [],
 "relationships":
  [],
 "competitions":
  [],
 "providerships":
  [],
 "total_money_raised": "$0",
 "funding_rounds":
  [],
 "investments":
  [],
 "acquisition": null,
 "acquisitions":
  [],
 "offices":
  [],
 "milestones":
  [],
 "ipo": null,
 "video_embeds":
  [],
 "screenshots":
  [],
 "external_links":
  [],
 "partners":
  []}
