{"name": "Alliance Organics",
 "permalink": "alliance-organics",
 "crunchbase_url": "http://www.crunchbase.com/company/alliance-organics",
 "homepage_url": "http://www.allianceorganics.com",
 "blog_url": "",
 "blog_feed_url": "",
 "twitter_username": null,
 "category_code": "other",
 "number_of_employees": null,
 "founded_year": null,
 "founded_month": null,
 "founded_day": null,
 "deadpooled_year": null,
 "deadpooled_month": null,
 "deadpooled_day": null,
 "deadpooled_url": null,
 "tag_list": "solvent-dyes, food-colours, optical-brightening-agent, textile-auxiliaries, synthetic-food-colours",
 "alias_list": null,
 "email_address": "webmaster@allianceorganics.com",
 "phone_number": "+(91)-(22)- 42957551",
 "description": "our quality expert undergoes stringent ,",
 "created_at": "Fri Apr 05 13:58:30 UTC 2013",
 "updated_at": "Wed May 29 11:46:05 UTC 2013",
 "overview": "\u003Cp\u003ESince 2010, Alliance Organic LLP is a leading manufacturer and bulk exporter of high quality Dyestuffs, Pigments \u0026amp; Food Colours catering to different industrial requirements. Our range of product include Dyestuffs, Reactive Dyes, Acid Dyes, Direct Dyes, Solvent Dyes, Food Colours, Optical Brightening Agent, Textile Auxiliaries, Synthetic Food Colours, Pigments \u0026amp; Colorants for Soap \u0026amp; Detergent, Thickeners, Resist Salt, Dyes for Soap and Detergents. \u003C/p\u003E\n\n\u003Cp\u003EMission:\nOur mission is to lead the industry in creating value for ourselves and our customers through dedication on standards, quality, productivity and customer satisfaction. \u003C/p\u003E\n\n\u003Cp\u003EOur Team:\nWe have a team of professionals who help us with our production procedures. We at Alliance believe in complete teamwork and put our success in the success of our enterprise. We have the required zeal and passion that has resulted into the coming of quality products and services for the industry.\u003C/p\u003E\n\n\u003Cp\u003EIndustry Caters To:\nDue to our supreme quality products and persistent efforts, we have carved a niche for ourselves and made a remarkable position in the national as well as international market. Our products are widely appreciated and applauded by large number of clients and this has enabled us to develop a strong client base all around the globe. \u003C/p\u003E\n\n\u003Cp\u003EQuality Assurance:\nAt Alliance Organics, we treat quality as a pledge and work towards achieving it in all ways possible. In order to maintain the quality, stability and performance of the products, our quality expert undergoes stringent quality checks at various levels of production. Quality has always been our utmost priority. Our quality can be ensured by the ISO 9001:2000 certification.\u003C/p\u003E\n\n\u003Cp\u003EProduct Range:\nAcid Dyes, Direct Dyes, Solvent Dyes, Food Colours, Optical Brightening Agent, Textile Auxiliaries, Synthetic Food Colours, Pigments \u0026amp; Colorants for Soap \u0026amp; Detergent, Thickeners, Resist Salt, Dyes for Soap and Detergents. \u003C/p\u003E",
 "image":
  {"available_sizes":
    [[[150,
       71],
      "http://api-images.crunchbase.com/assets/images/resized/0024/8734/248734v3-max-150x150.jpg"],
     [[191,
       91],
      "http://api-images.crunchbase.com/assets/images/resized/0024/8734/248734v3-max-250x250.jpg"],
     [[191,
       91],
      "http://api-images.crunchbase.com/assets/images/resized/0024/8734/248734v3-max-450x450.jpg"]],
   "attribution": null},
 "products":
  [],
 "relationships":
  [],
 "competitions":
  [],
 "providerships":
  [],
 "total_money_raised": "$0",
 "funding_rounds":
  [],
 "investments":
  [],
 "acquisition": null,
 "acquisitions":
  [],
 "offices":
  [{"description": "",
    "address1": "16/17, 3rd Floor",
    "address2": "",
    "zip_code": "400064",
    "city": "Malad West",
    "state_code": null,
    "country_code": "IND",
    "latitude": null,
    "longitude": null}],
 "milestones":
  [],
 "ipo": null,
 "video_embeds":
  [],
 "screenshots":
  [{"available_sizes":
     [[[150,
        97],
       "http://api-images.crunchbase.com/assets/images/resized/0026/8562/268562v1-max-150x150.png"],
      [[250,
        162],
       "http://api-images.crunchbase.com/assets/images/resized/0026/8562/268562v1-max-250x250.png"],
      [[450,
        292],
       "http://api-images.crunchbase.com/assets/images/resized/0026/8562/268562v1-max-450x450.png"]],
    "attribution": null}],
 "external_links":
  [],
 "partners":
  []}
