{"name": "Allversity",
 "permalink": "allversity",
 "crunchbase_url": "http://www.crunchbase.com/company/allversity",
 "homepage_url": "http://www.allversity.org",
 "blog_url": "",
 "blog_feed_url": "",
 "twitter_username": "Allversity",
 "category_code": "education",
 "number_of_employees": 5,
 "founded_year": 2013,
 "founded_month": 1,
 "founded_day": 2,
 "deadpooled_year": null,
 "deadpooled_month": null,
 "deadpooled_day": null,
 "deadpooled_url": null,
 "tag_list": "education, e-learning, tech, startup, non-profit, berlin, online-learning, learning, teaching, school, course, free-access, development",
 "alias_list": null,
 "email_address": "info@allversity.org",
 "phone_number": "+49 30 330 255 74",
 "description": "E-Learning Platform",
 "created_at": "Mon Jan 14 10:12:51 UTC 2013",
 "updated_at": "Wed Jul 31 10:31:15 UTC 2013",
 "overview": "\u003Cp\u003EAllversity is a gathering place for people to learn, teach, and connect using free digital courses and tools. We are a non-profit dedicated to strengthening individuals and communities through our non-traditional approach to education. At Allversity it is all about creating a brighter future while enjoying the simple magic of learning.\u003C/p\u003E",
 "image":
  {"available_sizes":
    [[[150,
       146],
      "http://api-images.crunchbase.com/assets/images/resized/0022/9575/229575v2-max-150x150.png"],
     [[250,
       243],
      "http://api-images.crunchbase.com/assets/images/resized/0022/9575/229575v2-max-250x250.png"],
     [[407,
       397],
      "http://api-images.crunchbase.com/assets/images/resized/0022/9575/229575v2-max-450x450.png"]],
   "attribution": null},
 "products":
  [],
 "relationships":
  [{"is_past": false,
    "title": "Co-Founder",
    "person":
     {"first_name": "Shane",
      "last_name": "McMillan",
      "permalink": "shane-mcmillan"}},
   {"is_past": false,
    "title": "Co-Founder",
    "person":
     {"first_name": "Christian",
      "last_name": "Kroll",
      "permalink": "christian-kroll"}}],
 "competitions":
  [],
 "providerships":
  [],
 "total_money_raised": "$0",
 "funding_rounds":
  [],
 "investments":
  [],
 "acquisition": null,
 "acquisitions":
  [],
 "offices":
  [{"description": "Berlin Office",
    "address1": "Crellestrasse 3",
    "address2": "",
    "zip_code": "10827",
    "city": "Berlin",
    "state_code": null,
    "country_code": "DEU",
    "latitude": 52.4869105,
    "longitude": 13.3581909}],
 "milestones":
  [{"id": 37519,
    "description": "On June 20th we finally pushed Allversity out into the world, and began sharing it with over 80 local partners in Kenya, Ghana, Nigeria and South Africa.",
    "stoned_year": 2013,
    "stoned_month": 6,
    "stoned_day": 20,
    "source_url": "http://www.allversity.org",
    "source_text": null,
    "source_description": "Allversity is Launched",
    "stoneable_type": "Company",
    "stoned_value": null,
    "stoned_value_type": null,
    "stoned_acquirer": null,
    "stoneable":
     {"name": "Allversity",
      "permalink": "allversity"}}],
 "ipo": null,
 "video_embeds":
  [{"embed_code": "\u003Ciframe width=\"560\" height=\"315\" src=\"//www.youtube.com/embed/kP99yiRkMx0\" frameborder=\"0\" allowfullscreen\u003E\u003C/iframe\u003E",
    "description": "\u003Cp\u003EIntro to Allversity\u003C/p\u003E"}],
 "screenshots":
  [{"available_sizes":
     [[[150,
        93],
       "http://api-images.crunchbase.com/assets/images/resized/0023/0178/230178v2-max-150x150.jpg"],
      [[250,
        156],
       "http://api-images.crunchbase.com/assets/images/resized/0023/0178/230178v2-max-250x250.jpg"],
      [[450,
        281],
       "http://api-images.crunchbase.com/assets/images/resized/0023/0178/230178v2-max-450x450.jpg"]],
    "attribution": null},
   {"available_sizes":
     [[[150,
        105],
       "http://api-images.crunchbase.com/assets/images/resized/0023/0179/230179v2-max-150x150.jpg"],
      [[250,
        176],
       "http://api-images.crunchbase.com/assets/images/resized/0023/0179/230179v2-max-250x250.jpg"],
      [[450,
        316],
       "http://api-images.crunchbase.com/assets/images/resized/0023/0179/230179v2-max-450x450.jpg"]],
    "attribution": null}],
 "external_links":
  [],
 "partners":
  []}
