{"name": "AlphaSights",
 "permalink": "alphasights",
 "crunchbase_url": "http://www.crunchbase.com/company/alphasights",
 "homepage_url": "http://www.alphasights.com",
 "blog_url": "",
 "blog_feed_url": "",
 "twitter_username": "AlphaSights",
 "category_code": "consulting",
 "number_of_employees": 97,
 "founded_year": 2009,
 "founded_month": null,
 "founded_day": null,
 "deadpooled_year": null,
 "deadpooled_month": null,
 "deadpooled_day": null,
 "deadpooled_url": null,
 "tag_list": "financial-services-expert-network-research-analyst-brokerage-information-services-firm",
 "alias_list": "",
 "email_address": "admin@alphasights.com",
 "phone_number": "+1 212 231 9020 ",
 "description": "AlphaSights",
 "created_at": "Fri Mar 01 22:33:44 UTC 2013",
 "updated_at": "Tue Apr 08 16:43:23 UTC 2014",
 "overview": "\u003Cp\u003EAlphaSights is pioneering the knowledge brokerage space, rapidly scaling with offices in New York, London, Dubai and Hong Kong. Our clients \u2013 who include many of the world\u2019s leading private equity firms, hedge funds, strategy consultancies and corporations \u2013 turn to us when they need to navigate unfamiliar markets, ramp-up on complex situations or evaluate new commercial opportunities. Our role is to connect them with the exact industry practitioners who can help them \u2013 quickly, discreetly, and across all sectors and geographies. Our unique business model and talented team have resulted in a market share that is growing at an incredible rate. Founded in 2008, we have quickly grown from a start-up to a global operation filled with more than one hundred of the brightest minds in the industry.\u003C/p\u003E",
 "image":
  {"available_sizes":
    [[[150,
       28],
      "http://api-images.crunchbase.com/assets/images/resized/0023/9254/239254v2-max-150x150.jpg"],
     [[250,
       47],
      "http://api-images.crunchbase.com/assets/images/resized/0023/9254/239254v2-max-250x250.jpg"],
     [[450,
       85],
      "http://api-images.crunchbase.com/assets/images/resized/0023/9254/239254v2-max-450x450.jpg"]],
   "attribution": null},
 "products":
  [],
 "relationships":
  [{"is_past": false,
    "title": "Board Observer",
    "person":
     {"first_name": "Marcus",
      "last_name": "Polke",
      "permalink": "marcus-polke"}}],
 "competitions":
  [],
 "providerships":
  [],
 "total_money_raised": "$0",
 "funding_rounds":
  [{"id": 19035,
    "round_code": "unattributed",
    "source_url": "",
    "source_description": "",
    "raised_amount": null,
    "raised_currency_code": null,
    "funded_year": 2008,
    "funded_month": 1,
    "funded_day": 1,
    "investments":
     [{"company": null,
       "financial_org":
        {"name": "Acton Capital Partners",
         "permalink": "acton-capital-partners"},
       "person": null}]}],
 "investments":
  [],
 "acquisition": null,
 "acquisitions":
  [],
 "offices":
  [{"description": "London Headquarters",
    "address1": "58 Davies Street",
    "address2": "",
    "zip_code": "W1K 5JF",
    "city": "London",
    "state_code": null,
    "country_code": "GBR",
    "latitude": 51.5136001,
    "longitude": -0.1485118},
   {"description": "New York Office",
    "address1": "229 West 43rd Street, 4th",
    "address2": "",
    "zip_code": "10036",
    "city": "New York",
    "state_code": "NY",
    "country_code": "USA",
    "latitude": 40.7410694,
    "longitude": -73.9925799},
   {"description": "Hong Kong Office",
    "address1": "Level 11  Admiralty Centre Tower II 18 Harcourt Road",
    "address2": "",
    "zip_code": "Admiralty",
    "city": "Hong Kong",
    "state_code": null,
    "country_code": "CHN",
    "latitude": null,
    "longitude": null}],
 "milestones":
  [{"id": 30987,
    "description": "Navigating Early Stage Career Opportunities in the Wake of the Financial Crisis \r\n\r\nThis workshop is hosted by the US Director of AlphaSights, an international information services firm, with the intention of educating Vanderbilt undergraduates on how to ",
    "stoned_year": 2013,
    "stoned_month": 3,
    "stoned_day": 12,
    "source_url": "",
    "source_text": null,
    "source_description": "Alphasights On-Campus Event at Verbilt",
    "stoneable_type": "Company",
    "stoned_value": null,
    "stoned_value_type": null,
    "stoned_acquirer": null,
    "stoneable":
     {"name": "AlphaSights",
      "permalink": "alphasights"}},
   {"id": 31020,
    "description": "Why have all the most ambitious \u0026 successful people historically gone into Banking \u0026 Consulting and is this still the \u201cdream\u201d path to success?\r\n\r\nGuide for the best \u0026 brightest to navigate early stage career options in the wake of the financial crisis\r\n\r\n",
    "stoned_year": 2013,
    "stoned_month": 3,
    "stoned_day": 12,
    "source_url": "",
    "source_text": null,
    "source_description": "Vanderbilt Presentation",
    "stoneable_type": "Company",
    "stoned_value": null,
    "stoned_value_type": null,
    "stoned_acquirer": null,
    "stoneable":
     {"name": "AlphaSights",
      "permalink": "alphasights"}}],
 "ipo": null,
 "video_embeds":
  [{"embed_code": "http://www.youtube.com/watch?v=IuT5wbwrrXk",
    "description": "\u003Cp\u003EJoin Alphasights\u0026#8217; teams\u003C/p\u003E"}],
 "screenshots":
  [],
 "external_links":
  [{"external_url": "https://www.facebook.com/alphasights",
    "title": "Follow Alphasights' news"}],
 "partners":
  []}
