{"name": "AlpineReplay",
 "permalink": "alpinereplay",
 "crunchbase_url": "http://www.crunchbase.com/company/alpinereplay",
 "homepage_url": "http://www.alpinereplay.com",
 "blog_url": "http://blog.alpinereplay.com",
 "blog_feed_url": "",
 "twitter_username": "alpinereplay",
 "category_code": "hardware",
 "number_of_employees": null,
 "founded_year": 2010,
 "founded_month": 9,
 "founded_day": null,
 "deadpooled_year": null,
 "deadpooled_month": null,
 "deadpooled_day": null,
 "deadpooled_url": null,
 "tag_list": "",
 "alias_list": null,
 "email_address": "",
 "phone_number": "9494364789",
 "description": "Action Sports Measurement",
 "created_at": "Mon Jan 28 17:14:11 UTC 2013",
 "updated_at": "Thu Apr 10 08:53:33 UTC 2014",
 "overview": "\u003Cp\u003EAlpineReplay gives skiers and snowboarders ultimate bragging rights. We measure speed, airtime, vertical, Calories, distance and more, on any mountain in the world. Compare and compete with anyone, including yourself, with the click of a single button on your iPhone or Android. You will see a basic set of stats right on your phone or log into the AlpineReplay.com to see even more detailed stats, compare and compete between friends, push your stats to Facebook and Twitter, or virtualy compete against your friends in \u003C/p\u003E",
 "image":
  {"available_sizes":
    [[[150,
       48],
      "http://api-images.crunchbase.com/assets/images/resized/0023/2094/232094v3-max-150x150.png"],
     [[157,
       51],
      "http://api-images.crunchbase.com/assets/images/resized/0023/2094/232094v3-max-250x250.png"],
     [[157,
       51],
      "http://api-images.crunchbase.com/assets/images/resized/0023/2094/232094v3-max-450x450.png"]],
   "attribution": null},
 "products":
  [{"name": "Trace",
    "permalink": "trace"}],
 "relationships":
  [{"is_past": false,
    "title": "President",
    "person":
     {"first_name": "ANATOLE",
      "last_name": "M. LOKSHIN",
      "permalink": "anatole-m-lokshin"}}],
 "competitions":
  [],
 "providerships":
  [],
 "total_money_raised": "$2.13M",
 "funding_rounds":
  [{"id": 67487,
    "round_code": "seed",
    "source_url": "http://marketbrief.com/alpinereplay-inc-form-d-sec-filng-2014-3-3?utm_source=twitterfeed\u0026utm_medium=twitter",
    "source_description": "Alpinereplay, Inc raises $2.1M",
    "raised_amount": 2132731.0,
    "raised_currency_code": "USD",
    "funded_year": 2014,
    "funded_month": 3,
    "funded_day": 3,
    "investments":
     [{"company":
        {"name": "Amplify.LA",
         "permalink": "amplify-la"},
       "financial_org": null,
       "person": null},
      {"company": null,
       "financial_org":
        {"name": "Crosscut Ventures",
         "permalink": "crosscut-ventures"},
       "person": null}]},
   {"id": 67944,
    "round_code": "seed",
    "source_url": "",
    "source_description": "",
    "raised_amount": null,
    "raised_currency_code": "USD",
    "funded_year": 2014,
    "funded_month": 1,
    "funded_day": 7,
    "investments":
     [{"company":
        {"name": "Amplify.LA",
         "permalink": "amplify-la"},
       "financial_org": null,
       "person": null},
      {"company": null,
       "financial_org":
        {"name": "Crosscut Ventures",
         "permalink": "crosscut-ventures"},
       "person": null}]}],
 "investments":
  [],
 "acquisition": null,
 "acquisitions":
  [],
 "offices":
  [{"description": "",
    "address1": "",
    "address2": "214 7TH STREET",
    "zip_code": "92648",
    "city": "HUNTINGTON BEACH",
    "state_code": "CA",
    "country_code": "USA",
    "latitude": null,
    "longitude": null}],
 "milestones":
  [],
 "ipo": null,
 "video_embeds":
  [],
 "screenshots":
  [],
 "external_links":
  [{"external_url": "https://www.facebook.com/AlpineReplay",
    "title": "facebook"}],
 "partners":
  []}
