{"name": "Alt om Polen",
 "permalink": "alt-om-polen",
 "crunchbase_url": "http://www.crunchbase.com/company/alt-om-polen",
 "homepage_url": "http://altompolen.org",
 "blog_url": "http://altompolen.blogspot.com/",
 "blog_feed_url": "",
 "twitter_username": "altompolen",
 "category_code": "search",
 "number_of_employees": 1,
 "founded_year": 2013,
 "founded_month": 3,
 "founded_day": 8,
 "deadpooled_year": null,
 "deadpooled_month": null,
 "deadpooled_day": null,
 "deadpooled_url": null,
 "tag_list": "",
 "alias_list": null,
 "email_address": "",
 "phone_number": "",
 "description": "Alt om Polen",
 "created_at": "Fri Mar 22 11:45:06 UTC 2013",
 "updated_at": "Mon Apr 22 14:00:18 UTC 2013",
 "overview": "",
 "image": null,
 "products":
  [],
 "relationships":
  [{"is_past": false,
    "title": "Owner",
    "person":
     {"first_name": "Piotr",
      "last_name": "Ku\u017amicki",
      "permalink": "piotr-kumicki"}}],
 "competitions":
  [],
 "providerships":
  [],
 "total_money_raised": "$0",
 "funding_rounds":
  [],
 "investments":
  [],
 "acquisition": null,
 "acquisitions":
  [],
 "offices":
  [],
 "milestones":
  [],
 "ipo": null,
 "video_embeds":
  [],
 "screenshots":
  [],
 "external_links":
  [],
 "partners":
  []}
