{"name": "ALTAVIDA",
 "permalink": "altavida",
 "crunchbase_url": "http://www.crunchbase.com/company/altavida",
 "homepage_url": "http://www.procesosaltavida.com",
 "blog_url": "",
 "blog_feed_url": "",
 "twitter_username": null,
 "category_code": "consulting",
 "number_of_employees": null,
 "founded_year": null,
 "founded_month": null,
 "founded_day": null,
 "deadpooled_year": null,
 "deadpooled_month": null,
 "deadpooled_day": null,
 "deadpooled_url": null,
 "tag_list": "liderazgo, talleres, autoestima, personalidad, trabajo-en-equipo, comunicacin, comunicacin-asertiva, compromiso, coaching, entrenamiento",
 "alias_list": null,
 "email_address": "",
 "phone_number": "",
 "description": "ALTAVIDA - Coaching en Liderazgo",
 "created_at": "Mon Mar 04 13:27:07 UTC 2013",
 "updated_at": "Tue Mar 05 21:38:47 UTC 2013",
 "overview": "\u003Cp\u003ECoaching en Liderazgo en ALTAVIDA:\u003C/p\u003E\n\n\u003Cp\u003ELa empresa de Coaching en Liderazgo ALTAVIDA, ofrece un taller de Liderazgo Personal, el cual est\u00e1 dividido en 5 fases diferentes: la primera fase es la fase de Exploraci\u00f3n. Seg\u00fan ALTAVISTDA, cada uno es el protagonista de su propia vida, por lo cual cada uno escribe su propio guion y no espera que otras personas lo hagan por \u00e9l, la idea es dejar de ser el espectador de la pel\u00edcula y transformarse en el director de ella. Solamente de esta forma podr\u00e1 el coach\u00e9e realizar sus anhelados sue\u00f1os y alcanzar sus metas. \u003C/p\u003E\n\n\u003Cp\u003EEn esta fase el coach\u00e9e o participante  explora y descubre su potencial, aprende cu\u00e1les son sus debilidades y cu\u00e1les son sus fortalezas.  Adem\u00e1s, el coach\u00e9e o participante  aprende a enfrentar sus miedos y no a escapar de ellos, lo cual lo ayuda a desarrollarse como persona y a internalizar la idea de que la diferencia entre la persona que fracasa y la persona que triunfa est\u00e1 en que la persona  que triunfa despert\u00f3 y  tomo acci\u00f3n para poder triunfar. Esta persona tomo las riendas de su vida y se hizo cargo de ella.\u003C/p\u003E\n\n\u003Cp\u003EEn esta fase el participante explora dentro de su Ser las Formas de Ser que le funcionan y las que no le funcionan, y recibe herramientas para redise\u00f1ar aquellas que no le suman en su vida y para potenciar aquellas que s\u00ed le funcionan y que le van a permitir llegar a sus metas y alcanzar sus sue\u00f1os m\u00e1s acariciados. Para lograr estos resultados, una serie de din\u00e1micas y ejercicios individuales y en grupo que se realizan durante el Taller El coach apoya a cada participante a hacer una profunda observaci\u00f3n de c\u00f3mo es su comportamiento durante el taller y de c\u00f3mo esto refleja su vida privada y profesional. \u003C/p\u003E\n\n\u003Cp\u003ELa segunda fase  es el proceso de Reconstrucci\u00f3n: en esta fase el coach\u00e9e o participante trabaja directamente en su persona, redise\u00f1ando los paradigmas, creencias, actitudes y h\u00e1bitos, con los que venimos operando  tanto en nuestras relaciones personales como profesionales. En esta fase el coach\u00e9e o participante aprender\u00e1 a cambiar o redise\u00f1ar esas actitudes y comportamientos que no le funcionan y que lo anclan al pasado impidi\u00e9ndole alcanzar sus sue\u00f1os. El coach\u00e9e o participante aprender\u00e1  liderar su vida de forma coherente, a despertar para tomar acci\u00f3n, a tomar decisiones y  a elegir seg\u00fan su propia voluntad. Seg\u00fan ALTAVIDA, este profundo proceso te apoyar\u00e1 a sentirte vivo, ya que te has hecho cargo de tu propia vida, sin intermediarios.  Despertar\u00e1s para vivir y para triunfar. \u003C/p\u003E\n\n\u003Cp\u003ELa tercera fase es la fase de Profundizaci\u00f3n. En esta fase el coach\u00e9e o participante experimentar\u00e1 diferentes ejercicios vivenciales los cuales le permitir\u00e1n tener evidencias de c\u00f3mo y con qu\u00e9 formas de ser est\u00e1 operando, en esta etapa de crecimiento el coach\u00e9e o participante recibir\u00e1 valiosa informaci\u00f3n sobre si mismo lo que le permitir\u00e1 diferenciar entre los las Formas de Ser que le est\u00e1n funcionando y las que no, desde aqu\u00ed el mismo decidir\u00e1 de qu\u00e9 modo operar en diferentes situaciones: con los miembros de su familia, con los colegas en el trabajo, con sus amistades, etc.\u003C/p\u003E\n\n\u003Cp\u003ELa cuarta fase es la fase de Nivelaci\u00f3n: el coach\u00e9e o participante tendr\u00e1 evidencias  que nuestra vida nosotros operamos dentro de muchos equipos con los que nos interrelacionamos de una manera u otra d\u00eda a d\u00eda, tales como nuestra familia nuclear, nuestra familia extensiva, nuestros amigos, trabajo, estudio etc. y ver\u00e1 como \u00e9l est\u00e1 operando en los diferentes equipos en su vida. El coach\u00e9e o participante desarrollara junto a su nuevo equipo de Programa un legado para la sociedad y el bien com\u00fan.\u003C/p\u003E\n\n\u003Cp\u003EEn la quinta y \u00faltima fase, que es la fase de Reconocimiento, el coach\u00e9e o participante  reconoce  un arduo trabajo en s\u00ed mismo, en sus relaciones personales y profesionales, en los logros de las metas y sue\u00f1os y asume el compromiso de continuar una vez finalizado el Programa de Entrenamiento de L\u00edderes,  el trabajo en su vida. En esta etapa se  resume todo lo que ha vivido y aprendido hasta este momento, su progreso y el  reconocimiento de que su vida ser\u00e1 diferente de aqu\u00ed en adelante tanto para \u00e9l mismo como para las personas que lo rodean.\u003C/p\u003E",
 "image":
  {"available_sizes":
    [[[150,
       44],
      "http://api-images.crunchbase.com/assets/images/resized/0023/9707/239707v2-max-150x150.png"],
     [[214,
       64],
      "http://api-images.crunchbase.com/assets/images/resized/0023/9707/239707v2-max-250x250.png"],
     [[214,
       64],
      "http://api-images.crunchbase.com/assets/images/resized/0023/9707/239707v2-max-450x450.png"]],
   "attribution": null},
 "products":
  [],
 "relationships":
  [{"is_past": false,
    "title": "Coach Ontol\u00f3gico",
    "person":
     {"first_name": "Tatiana",
      "last_name": "Lucena",
      "permalink": "tatiana-lucena"}},
   {"is_past": false,
    "title": "Coach Directivo",
    "person":
     {"first_name": "Sandro",
      "last_name": "Pucci",
      "permalink": "sandro-pucci"}},
   {"is_past": false,
    "title": "Director",
    "person":
     {"first_name": "Alessandro",
      "last_name": "Pucci",
      "permalink": "alessandro-pucci"}},
   {"is_past": false,
    "title": "Psicoterapueta en Gestalt",
    "person":
     {"first_name": "Dra.",
      "last_name": "Libby Michel",
      "permalink": "dra-libby-michel"}},
   {"is_past": false,
    "title": "Coordinadora General",
    "person":
     {"first_name": "Claudia",
      "last_name": "Calder\u00f3n",
      "permalink": "claudia-caldern"}}],
 "competitions":
  [],
 "providerships":
  [],
 "total_money_raised": "$0",
 "funding_rounds":
  [],
 "investments":
  [],
 "acquisition": null,
 "acquisitions":
  [],
 "offices":
  [{"description": "Oficinas",
    "address1": "Ca. Venecia 275, 302",
    "address2": "San Borja, Lima 41",
    "zip_code": "",
    "city": "Lima",
    "state_code": null,
    "country_code": "PER",
    "latitude": null,
    "longitude": null}],
 "milestones":
  [],
 "ipo": null,
 "video_embeds":
  [],
 "screenshots":
  [],
 "external_links":
  [{"external_url": "http://www.altavida.net",
    "title": "\u00bfQu\u00e9 es ALTAVIDA?"},
   {"external_url": "http://www.altavida.info",
    "title": "ALTAVIDA"},
   {"external_url": "http://www.procesos-altavida.com",
    "title": "ALTAVIDA - Coaching En Liderazgo"},
   {"external_url": "http://www.visualcv.com/altavida",
    "title": "ALTAVIDA - Visual CV"}],
 "partners":
  []}
