{"name": "Altius Management",
 "permalink": "altius-management-llc",
 "crunchbase_url": "http://www.crunchbase.com/company/altius-management-llc",
 "homepage_url": "http://www.altiusmanagement.com",
 "blog_url": "",
 "blog_feed_url": "",
 "twitter_username": "AltiusMgmt",
 "category_code": "games_video",
 "number_of_employees": null,
 "founded_year": 2011,
 "founded_month": 5,
 "founded_day": 1,
 "deadpooled_year": null,
 "deadpooled_month": null,
 "deadpooled_day": null,
 "deadpooled_url": null,
 "tag_list": "entertainment, artist-management, entertainment-management, music, comedy, production, video, brand-management, wall-street-journal",
 "alias_list": null,
 "email_address": "info@altiusmanagement.com",
 "phone_number": "615-369-7725",
 "description": "Entertainment management and marketing",
 "created_at": "Mon Mar 11 03:28:15 UTC 2013",
 "updated_at": "Mon Mar 11 22:42:14 UTC 2013",
 "overview": null,
 "image":
  {"available_sizes":
    [[[150,
       62],
      "http://api-images.crunchbase.com/assets/images/resized/0024/1743/241743v2-max-150x150.png"],
     [[250,
       103],
      "http://api-images.crunchbase.com/assets/images/resized/0024/1743/241743v2-max-250x250.png"],
     [[400,
       166],
      "http://api-images.crunchbase.com/assets/images/resized/0024/1743/241743v2-max-450x450.png"]],
   "attribution": null},
 "products":
  [],
 "relationships":
  [{"is_past": true,
    "title": "President",
    "person":
     {"first_name": "Ed",
      "last_name": "Nash",
      "permalink": "ed-nash"}}],
 "competitions":
  [],
 "providerships":
  [],
 "total_money_raised": "$0",
 "funding_rounds":
  [],
 "investments":
  [],
 "acquisition": null,
 "acquisitions":
  [],
 "offices":
  [{"description": "Nashville",
    "address1": "1102 17th Ave S",
    "address2": "Ste 303",
    "zip_code": "37212",
    "city": "Nashville",
    "state_code": "TN",
    "country_code": "USA",
    "latitude": null,
    "longitude": null}],
 "milestones":
  [],
 "ipo": null,
 "video_embeds":
  [],
 "screenshots":
  [],
 "external_links":
  [],
 "partners":
  []}
