{"name": "Altosoft",
 "permalink": "altosoft",
 "crunchbase_url": "http://www.crunchbase.com/company/altosoft",
 "homepage_url": "http://www.altosoft.com",
 "blog_url": "",
 "blog_feed_url": "",
 "twitter_username": null,
 "category_code": "software",
 "number_of_employees": null,
 "founded_year": null,
 "founded_month": null,
 "founded_day": null,
 "deadpooled_year": null,
 "deadpooled_month": null,
 "deadpooled_day": null,
 "deadpooled_url": null,
 "tag_list": "",
 "alias_list": "",
 "email_address": "info@altosoft.com",
 "phone_number": "(484) 427 2800",
 "description": "",
 "created_at": "Sat Mar 02 02:34:06 UTC 2013",
 "updated_at": "Sat Mar 02 02:34:06 UTC 2013",
 "overview": "\u003Cp\u003EAltosoft, Inc., a leading developer of business intelligence and analytics software.\u003C/p\u003E",
 "image":
  {"available_sizes":
    [[[150,
       50],
      "http://api-images.crunchbase.com/assets/images/resized/0023/9307/239307v1-max-150x150.png"],
     [[237,
       79],
      "http://api-images.crunchbase.com/assets/images/resized/0023/9307/239307v1-max-250x250.png"],
     [[237,
       79],
      "http://api-images.crunchbase.com/assets/images/resized/0023/9307/239307v1-max-450x450.png"]],
   "attribution": null},
 "products":
  [],
 "relationships":
  [{"is_past": false,
    "title": "Co-founder",
    "person":
     {"first_name": "Scott",
      "last_name": "Opitz",
      "permalink": "scott-opitz"}},
   {"is_past": false,
    "title": "Co-founder, CTO",
    "person":
     {"first_name": "Alex",
      "last_name": "Elkin",
      "permalink": "alex-elkin"}}],
 "competitions":
  [],
 "providerships":
  [],
 "total_money_raised": "$0",
 "funding_rounds":
  [],
 "investments":
  [],
 "acquisition":
  {"price_amount": 13500000.0,
   "price_currency_code": "USD",
   "term_code": "cash",
   "source_url": "http://www.freshnews.com/news/767511/kofax-acquires-altosoft-leading-developer-business-intelligence-and-analytics-software",
   "source_description": "Kofax Acquires Altosoft, a Leading Developer of Business Intelligence and Analytics Software",
   "acquired_year": 2013,
   "acquired_month": 3,
   "acquired_day": 1,
   "acquiring_company":
    {"name": "Kofax",
     "permalink": "kofax"}},
 "acquisitions":
  [],
 "offices":
  [{"description": "",
    "address1": "1400 N. Providence Road",
    "address2": "Suite 6010",
    "zip_code": "19063",
    "city": "Media",
    "state_code": "PA",
    "country_code": "USA",
    "latitude": null,
    "longitude": null}],
 "milestones":
  [],
 "ipo": null,
 "video_embeds":
  [],
 "screenshots":
  [],
 "external_links":
  [],
 "partners":
  []}
