{"name": "AlumniFunder",
 "permalink": "alumnifunder",
 "crunchbase_url": "http://www.crunchbase.com/company/alumnifunder",
 "homepage_url": "http://www.alumnifunder.com",
 "blog_url": "",
 "blog_feed_url": "",
 "twitter_username": "alumnifunder",
 "category_code": "finance",
 "number_of_employees": 5,
 "founded_year": 2012,
 "founded_month": 7,
 "founded_day": 14,
 "deadpooled_year": null,
 "deadpooled_month": null,
 "deadpooled_day": null,
 "deadpooled_url": null,
 "tag_list": "crowdfunding, funding, entrepreneurship, crowdsourcing",
 "alias_list": null,
 "email_address": "ryan@alumnifunder.com",
 "phone_number": "212.260.4282",
 "description": "Virtual Investment/Development Bank",
 "created_at": "Thu Mar 28 00:29:07 UTC 2013",
 "updated_at": "Wed Oct 02 20:45:11 UTC 2013",
 "overview": "\u003Cp\u003EAlumniFunder is a marketplace for ideas, where youthfully minded doers seek biased capital. \u003C/p\u003E\n\n\u003Cp\u003EThe company facilitates the connection between funders and doers for specific projects (e.g., social entrepreneurship, campus impact, design, research) and startups within university alumni ecosystems.  \u003C/p\u003E\n\n\u003Cp\u003EAlumniFunder seeks to enrich the experiential education of students as well as the reach of alumni to execute on worthy projects.  Further, the company is building a free platform to support equity investing in startups and technology-transfer initiatives that will launch this summer, alongside a $10MM side-car fund that will co-invest 1/3 with the alumni \u0026#8220;crowd.\u0026#8221;\u003C/p\u003E",
 "image":
  {"available_sizes":
    [[[150,
       59],
      "http://api-images.crunchbase.com/assets/images/resized/0024/6089/246089v2-max-150x150.jpg"],
     [[250,
       98],
      "http://api-images.crunchbase.com/assets/images/resized/0024/6089/246089v2-max-250x250.jpg"],
     [[450,
       177],
      "http://api-images.crunchbase.com/assets/images/resized/0024/6089/246089v2-max-450x450.jpg"]],
   "attribution": null},
 "products":
  [],
 "relationships":
  [{"is_past": false,
    "title": "Founder + CEO",
    "person":
     {"first_name": "S. Ryan",
      "last_name": "Meyer",
      "permalink": "s-ryan-meyer"}},
   {"is_past": false,
    "title": "Co-Founder + CTO",
    "person":
     {"first_name": "Brandon",
      "last_name": "Goldman",
      "permalink": "brandon-goldman"}},
   {"is_past": false,
    "title": "Advisor",
    "person":
     {"first_name": "Allen",
      "last_name": "Romero",
      "permalink": "allen-romero"}}],
 "competitions":
  [{"competitor":
     {"name": "Kickstarter",
      "permalink": "kickstarter"}},
   {"competitor":
     {"name": "Indiegogo",
      "permalink": "indie-gogo"}}],
 "providerships":
  [{"title": "",
    "is_past": false,
    "provider":
     {"name": "Cooley LLP",
      "permalink": "cooley-godward-kronish-llp"}}],
 "total_money_raised": "$125k",
 "funding_rounds":
  [{"id": 36568,
    "round_code": "seed",
    "source_url": "",
    "source_description": "",
    "raised_amount": 125000.0,
    "raised_currency_code": "USD",
    "funded_year": 2012,
    "funded_month": 11,
    "funded_day": 1,
    "investments":
     []}],
 "investments":
  [],
 "acquisition": null,
 "acquisitions":
  [],
 "offices":
  [{"description": "Home Base",
    "address1": "2218 1/2 5th ST",
    "address2": "",
    "zip_code": "90405",
    "city": "Santa Monica",
    "state_code": "CA",
    "country_code": "USA",
    "latitude": 34.007713,
    "longitude": -118.484126}],
 "milestones":
  [],
 "ipo": null,
 "video_embeds":
  [],
 "screenshots":
  [{"available_sizes":
     [[[150,
        70],
       "http://api-images.crunchbase.com/assets/images/resized/0033/6114/336114v2-max-150x150.jpg"],
      [[250,
        116],
       "http://api-images.crunchbase.com/assets/images/resized/0033/6114/336114v2-max-250x250.jpg"],
      [[450,
        210],
       "http://api-images.crunchbase.com/assets/images/resized/0033/6114/336114v2-max-450x450.jpg"]],
    "attribution": null}],
 "external_links":
  [{"external_url": "http://pandodaily.com/2013/07/12/how-the-sharing-economy-will-kill-mediocre-vcs/",
    "title": "How the Sharing Economy Will Kill Mediocre VCs"}],
 "partners":
  []}
