{"name": "Aluminate Siding and Windows Inc",
 "permalink": "aluminate-siding-and-windows-inc",
 "crunchbase_url": "http://www.crunchbase.com/company/aluminate-siding-and-windows-inc",
 "homepage_url": "http://aluminate.ca",
 "blog_url": "http://aluminate.ca/blog",
 "blog_feed_url": "",
 "twitter_username": null,
 "category_code": "other",
 "number_of_employees": null,
 "founded_year": null,
 "founded_month": null,
 "founded_day": null,
 "deadpooled_year": null,
 "deadpooled_month": null,
 "deadpooled_day": null,
 "deadpooled_url": null,
 "tag_list": "siding, widows, replacement-windows, eavestrough",
 "alias_list": null,
 "email_address": "aluminate@e-dimensionz.com",
 "phone_number": "519-647-0610",
 "description": "Siding, Windows, Eavestroughs",
 "created_at": "Tue Apr 02 21:47:12 UTC 2013",
 "updated_at": "Wed Apr 03 18:14:41 UTC 2013",
 "overview": "\u003Cp\u003EAluminate Siding and Windows is your source for windows, doors, siding, soffit, fascia, seamless eavestrough, leaf guard, custom capping, shutters, railings, structural columns and more!\u003C/p\u003E",
 "image":
  {"available_sizes":
    [[[150,
       150],
      "http://api-images.crunchbase.com/assets/images/resized/0024/7230/247230v2-max-150x150.png"],
     [[250,
       250],
      "http://api-images.crunchbase.com/assets/images/resized/0024/7230/247230v2-max-250x250.png"],
     [[250,
       250],
      "http://api-images.crunchbase.com/assets/images/resized/0024/7230/247230v2-max-450x450.png"]],
   "attribution": null},
 "products":
  [],
 "relationships":
  [],
 "competitions":
  [],
 "providerships":
  [],
 "total_money_raised": "$0",
 "funding_rounds":
  [],
 "investments":
  [],
 "acquisition": null,
 "acquisitions":
  [],
 "offices":
  [],
 "milestones":
  [],
 "ipo": null,
 "video_embeds":
  [],
 "screenshots":
  [],
 "external_links":
  [],
 "partners":
  []}
