{"name": "Alvarez \u0026 Marsal",
 "permalink": "alvarez-marsal",
 "crunchbase_url": "http://www.crunchbase.com/company/alvarez-marsal",
 "homepage_url": null,
 "blog_url": null,
 "blog_feed_url": null,
 "twitter_username": null,
 "category_code": null,
 "number_of_employees": null,
 "founded_year": null,
 "founded_month": null,
 "founded_day": null,
 "deadpooled_year": null,
 "deadpooled_month": null,
 "deadpooled_day": null,
 "deadpooled_url": null,
 "tag_list": null,
 "alias_list": null,
 "email_address": null,
 "phone_number": null,
 "description": null,
 "created_at": "Sat Feb 16 17:08:37 UTC 2013",
 "updated_at": "Sun Feb 17 08:47:32 UTC 2013",
 "overview": null,
 "image": null,
 "products":
  [],
 "relationships":
  [{"is_past": false,
    "title": "Senior director",
    "person":
     {"first_name": "Michael",
      "last_name": "Barna",
      "permalink": "michael-barna"}},
   {"is_past": false,
    "title": "Managing Director",
    "person":
     {"first_name": "Just",
      "last_name": "Spee",
      "permalink": "just-spee"}},
   {"is_past": true,
    "title": "Director",
    "person":
     {"first_name": "Jascha",
      "last_name": "Kaykas-Wolff",
      "permalink": "jascha-kaykas-wolff"}},
   {"is_past": true,
    "title": "MD",
    "person":
     {"first_name": "Ravi",
      "last_name": "Kalakota",
      "permalink": "ravi-kalakota"}},
   {"is_past": true,
    "title": "Restructuring Professional",
    "person":
     {"first_name": "Oliver",
      "last_name": "Camargo",
      "permalink": "oliver-camargo-2"}},
   {"is_past": true,
    "title": "Managing Director",
    "person":
     {"first_name": "Sam",
      "last_name": "Mehta",
      "permalink": "sam-mehta"}},
   {"is_past": true,
    "title": "Director",
    "person":
     {"first_name": "Alan",
      "last_name": "R. Christensen",
      "permalink": "alan-r-christensen"}},
   {"is_past": true,
    "title": "",
    "person":
     {"first_name": "Charles",
      "last_name": "Wiggins",
      "permalink": "charles-wiggins"}}],
 "competitions":
  [],
 "providerships":
  [],
 "total_money_raised": "$0",
 "funding_rounds":
  [],
 "investments":
  [],
 "acquisition": null,
 "acquisitions":
  [],
 "offices":
  [],
 "milestones":
  [],
 "ipo": null,
 "video_embeds":
  [],
 "screenshots":
  [],
 "external_links":
  [],
 "partners":
  []}
