{"name": "AlwaysOnTrip",
 "permalink": "alwaysontrip",
 "crunchbase_url": "http://www.crunchbase.com/company/alwaysontrip",
 "homepage_url": "http://www.alwaysontrip.com",
 "blog_url": "",
 "blog_feed_url": "",
 "twitter_username": "AlwaysOnTrip",
 "category_code": "ecommerce",
 "number_of_employees": 10,
 "founded_year": 2012,
 "founded_month": 8,
 "founded_day": 5,
 "deadpooled_year": null,
 "deadpooled_month": null,
 "deadpooled_day": null,
 "deadpooled_url": null,
 "tag_list": "vacation-rental, vacation-homes, holiday-rentals, homestays",
 "alias_list": null,
 "email_address": "info@alwaysontrip.com",
 "phone_number": "",
 "description": "Explore. Dream. Discover",
 "created_at": "Fri Dec 28 08:06:53 UTC 2012",
 "updated_at": "Wed Jul 17 10:03:02 UTC 2013",
 "overview": "\u003Cp\u003EThe desire to establish a community where people from all over the world could list, discover and book vacation rental properties led to the creation of AlwaysOnTrip. \u003C/p\u003E",
 "image":
  {"available_sizes":
    [[[150,
       26],
      "http://api-images.crunchbase.com/assets/images/resized/0022/7367/227367v4-max-150x150.png"],
     [[250,
       44],
      "http://api-images.crunchbase.com/assets/images/resized/0022/7367/227367v4-max-250x250.png"],
     [[287,
       51],
      "http://api-images.crunchbase.com/assets/images/resized/0022/7367/227367v4-max-450x450.png"]],
   "attribution": null},
 "products":
  [],
 "relationships":
  [{"is_past": true,
    "title": "co-founder \u0026 CTO",
    "person":
     {"first_name": "Anil",
      "last_name": "Sharma",
      "permalink": "anil-sharma"}},
   {"is_past": true,
    "title": "Co-founder \u0026 CEO",
    "person":
     {"first_name": "Akhil",
      "last_name": "Walia",
      "permalink": "akhil-walia"}}],
 "competitions":
  [{"competitor":
     {"name": "HomeAway",
      "permalink": "homeaway"}},
   {"competitor":
     {"name": "FlipKey",
      "permalink": "flipkey"}},
   {"competitor":
     {"name": "Airbnb",
      "permalink": "airbnb"}},
   {"competitor":
     {"name": "Wimdu",
      "permalink": "wimdu"}}],
 "providerships":
  [],
 "total_money_raised": "$0",
 "funding_rounds":
  [],
 "investments":
  [],
 "acquisition": null,
 "acquisitions":
  [],
 "offices":
  [],
 "milestones":
  [],
 "ipo": null,
 "video_embeds":
  [],
 "screenshots":
  [{"available_sizes":
     [[[150,
        84],
       "http://api-images.crunchbase.com/assets/images/resized/0022/7369/227369v2-max-150x150.jpg"],
      [[250,
        141],
       "http://api-images.crunchbase.com/assets/images/resized/0022/7369/227369v2-max-250x250.jpg"],
      [[450,
        254],
       "http://api-images.crunchbase.com/assets/images/resized/0022/7369/227369v2-max-450x450.jpg"]],
    "attribution": null}],
 "external_links":
  [],
 "partners":
  []}
