{"name": "ALX Enterprise",
 "permalink": "alx-enterprise",
 "crunchbase_url": "http://www.crunchbase.com/company/alx-enterprise",
 "homepage_url": "http://www.alxenterprise.com",
 "blog_url": "",
 "blog_feed_url": "",
 "twitter_username": null,
 "category_code": "other",
 "number_of_employees": null,
 "founded_year": null,
 "founded_month": null,
 "founded_day": null,
 "deadpooled_year": null,
 "deadpooled_month": null,
 "deadpooled_day": null,
 "deadpooled_url": null,
 "tag_list": "",
 "alias_list": null,
 "email_address": "webmanager@alxenterprise.com",
 "phone_number": "9714140439",
 "description": "manufacturing, supplying and trading ",
 "created_at": "Thu Apr 04 12:38:16 UTC 2013",
 "updated_at": "Thu Apr 04 12:38:22 UTC 2013",
 "overview": "\u003Cp\u003EEstablished in the year 2008, we, \u201cALX Enterprise\u201d, are a renowned organization engaged in manufacturing a comprehensive assortment of Wire Drawing Dies ,PCD Dies,Rod Break Down Machine, Fine Wire Drawing Machine and Intermediate Wire Drawing Machine.\u003C/p\u003E\n\n\u003Cp\u003EOur Team;\n    Experienced professionals\n    Quality controllers\n    Sales \u0026amp; marketing executives\n    Administrators\u003C/p\u003E\n\n\u003Cp\u003EInfrastructure:\nWe have established a state-of-the-art infrastructure, which is spread over a huge area and is facilitated with cutting-edge technology and hi-end tools and machines that enable us to offer an impeccable range of Wire Dies \u0026amp; Drawing Machines to our clients.\u003C/p\u003E\n\n\u003Cp\u003EQuality Assurance:\nWe are committed towards offering best quality Wire Dies \u0026amp; Drawing Machines to all our patrons. To manufacture these products, our professionals make use of high quality material procured from an authorized vendors of the market following the guidelines and standards laid by the industry. \u003C/p\u003E\n\n\u003Cp\u003EClient Satisfaction:\nTo meet the every expectation of our customers, we work hard in attaining maximum level of our customer satisfaction in order to offer them quality-assured Wire Dies \u0026amp; Drawing Machines to our prestigious clients. \u003C/p\u003E",
 "image":
  {"available_sizes":
    [[[125,
       125],
      "http://api-images.crunchbase.com/assets/images/resized/0024/7900/247900v2-max-150x150.jpg"],
     [[125,
       125],
      "http://api-images.crunchbase.com/assets/images/resized/0024/7900/247900v2-max-250x250.jpg"],
     [[125,
       125],
      "http://api-images.crunchbase.com/assets/images/resized/0024/7900/247900v2-max-450x450.jpg"]],
   "attribution": null},
 "products":
  [],
 "relationships":
  [],
 "competitions":
  [],
 "providerships":
  [],
 "total_money_raised": "$0",
 "funding_rounds":
  [],
 "investments":
  [],
 "acquisition": null,
 "acquisitions":
  [],
 "offices":
  [],
 "milestones":
  [],
 "ipo": null,
 "video_embeds":
  [],
 "screenshots":
  [],
 "external_links":
  [],
 "partners":
  []}
