{"name": "Am Megatech",
 "permalink": "am-megatech",
 "crunchbase_url": "http://www.crunchbase.com/company/am-megatech",
 "homepage_url": "http://www.ammegatech.com",
 "blog_url": "http://www.ammegatech.com",
 "blog_feed_url": "",
 "twitter_username": "AMPoin",
 "category_code": null,
 "number_of_employees": 4,
 "founded_year": 2012,
 "founded_month": 2,
 "founded_day": 2,
 "deadpooled_year": null,
 "deadpooled_month": null,
 "deadpooled_day": null,
 "deadpooled_url": null,
 "tag_list": "crm, pos-terminals, pos, loyalty, marketing, coupons",
 "alias_list": null,
 "email_address": "info@ampoin.com",
 "phone_number": "",
 "description": "",
 "created_at": "Wed Mar 27 01:58:40 UTC 2013",
 "updated_at": "Wed Mar 27 10:47:57 UTC 2013",
 "overview": "\u003Cp\u003EAM Megatech ties tablets in the real world with cloud based apps to provide a POS CRM, marketing and rewards system which works without Apps, QR codes, membership cards or Paper.\u003C/p\u003E\n\n\u003Cp\u003ETheir flagship product is AM Poin, hardened android tablets at the point of sale tied to a cloud based CRM system, through which they give merchants the ability to launch rewards schemes, membership etc. The customer registers with their MSISDN as the key allowing for the solution to work without the need for Apps, QR Codes etc, perfect for developing countries.\u003C/p\u003E\n\n\u003Cp\u003EAM Poin provides their system as low-cost Platform-As-A-Service, with pay-extra VAS such as pay-per-redemption coupon campaigns, Targeted SMS \u0026amp; Email campaigns, and pay-per-acquisition promotions that leverage AM Points network of interconnected merchants and customer intelligence.\u003C/p\u003E\n\n\u003Cp\u003EAM Poin is currently trialing with one merchant in the Philippines, and one in Jakarta, Indonesia, having progressed to MVP without external funding.\u003C/p\u003E",
 "image":
  {"available_sizes":
    [[[150,
       114],
      "http://api-images.crunchbase.com/assets/images/resized/0024/5803/245803v2-max-150x150.png"],
     [[250,
       191],
      "http://api-images.crunchbase.com/assets/images/resized/0024/5803/245803v2-max-250x250.png"],
     [[450,
       344],
      "http://api-images.crunchbase.com/assets/images/resized/0024/5803/245803v2-max-450x450.png"]],
   "attribution": null},
 "products":
  [{"name": "AM Poin",
    "permalink": "am-poin"}],
 "relationships":
  [{"is_past": false,
    "title": "Founder",
    "person":
     {"first_name": "Ian",
      "last_name": "Mckenna",
      "permalink": "ian-mckenna"}},
   {"is_past": false,
    "title": "CTO",
    "person":
     {"first_name": "Pablo",
      "last_name": "Marti",
      "permalink": "pablo-marti"}}],
 "competitions":
  [],
 "providerships":
  [],
 "total_money_raised": "$0",
 "funding_rounds":
  [],
 "investments":
  [],
 "acquisition": null,
 "acquisitions":
  [],
 "offices":
  [{"description": "World HQ",
    "address1": "Lebak Bulus",
    "address2": "",
    "zip_code": "",
    "city": "Jakarta",
    "state_code": null,
    "country_code": "IDN",
    "latitude": -6.3053796,
    "longitude": 106.7883416}],
 "milestones":
  [{"id": 31922,
    "description": "AM Poin has began a live trial with merchants in Jakarta, Indonesia",
    "stoned_year": 2013,
    "stoned_month": 3,
    "stoned_day": 3,
    "source_url": "http://www.prlog.org/12106917-am-megatech-to-trial-its-flagship-am-poin-marketing-system-in-jakarta.html",
    "source_text": null,
    "source_description": "AM Point Beta Launch in Jakarta",
    "stoneable_type": "Company",
    "stoned_value": null,
    "stoned_value_type": null,
    "stoned_acquirer": null,
    "stoneable":
     {"name": "Am Megatech",
      "permalink": "am-megatech"}}],
 "ipo": null,
 "video_embeds":
  [],
 "screenshots":
  [],
 "external_links":
  [{"external_url": "http://ampoin.com",
    "title": "AM Poin"}],
 "partners":
  []}
