{"name": "Amadix",
 "permalink": "amadix",
 "crunchbase_url": "http://www.crunchbase.com/company/amadix",
 "homepage_url": "http://www.amadix.com",
 "blog_url": "",
 "blog_feed_url": "",
 "twitter_username": "AmadixDx",
 "category_code": "biotech",
 "number_of_employees": null,
 "founded_year": null,
 "founded_month": null,
 "founded_day": null,
 "deadpooled_year": null,
 "deadpooled_month": null,
 "deadpooled_day": null,
 "deadpooled_url": null,
 "tag_list": "research, physicians, medical",
 "alias_list": "",
 "email_address": "info@amadix.com",
 "phone_number": "34-912-670-905",
 "description": "Innovative diagnostic tools",
 "created_at": "Mon Feb 11 03:09:47 UTC 2013",
 "updated_at": "Tue Dec 10 09:59:33 UTC 2013",
 "overview": "\u003Cp\u003EAmadix is a biotechnology Castilla y Le\u00f3n company focused on the development and commercialization of innovative diagnostic tools that support personalized treatment in the field of Oncology.\u003C/p\u003E",
 "image":
  {"available_sizes":
    [[[150,
       102],
      "http://api-images.crunchbase.com/assets/images/resized/0023/4982/234982v1-max-150x150.jpg"],
     [[250,
       170],
      "http://api-images.crunchbase.com/assets/images/resized/0023/4982/234982v1-max-250x250.jpg"],
     [[450,
       307],
      "http://api-images.crunchbase.com/assets/images/resized/0023/4982/234982v1-max-450x450.jpg"]],
   "attribution": null},
 "products":
  [],
 "relationships":
  [{"is_past": false,
    "title": "Chief Executive Officer",
    "person":
     {"first_name": "Rocio",
      "last_name": "Arroyo",
      "permalink": "rocio-arroyo"}},
   {"is_past": false,
    "title": "Chief Financial Officer",
    "person":
     {"first_name": "Luc\u00eda",
      "last_name": "Reinoso",
      "permalink": "luca-reinoso"}},
   {"is_past": false,
    "title": "Scientific Director",
    "person":
     {"first_name": "Ana",
      "last_name": "Carmen Mart\u00edn",
      "permalink": "ana-carmen-martn"}},
   {"is_past": false,
    "title": "Project Leader",
    "person":
     {"first_name": "Marta",
      "last_name": "Herreros",
      "permalink": "marta-herreros"}},
   {"is_past": false,
    "title": "Research Scientist",
    "person":
     {"first_name": "Rosa",
      "last_name": "P\u00e9rez",
      "permalink": "rosa-prez"}},
   {"is_past": false,
    "title": "Administrative Manager",
    "person":
     {"first_name": "Cristina",
      "last_name": "Delgado",
      "permalink": "cristina-delgado"}},
   {"is_past": false,
    "title": "Intellectual Property Manager",
    "person":
     {"first_name": "Miguel",
      "last_name": "\u00c1ngel Mart\u00ednez",
      "permalink": "miguel-ngel-martnez"}},
   {"is_past": false,
    "title": "Director of Regulatory and Development",
    "person":
     {"first_name": "Patrick",
      "last_name": "D. Mize",
      "permalink": "patrick-d-mize"}},
   {"is_past": false,
    "title": "Research Scientist",
    "person":
     {"first_name": "Marina",
      "last_name": "Rigau",
      "permalink": "marina-rigau"}}],
 "competitions":
  [],
 "providerships":
  [],
 "total_money_raised": "\u20ac2M",
 "funding_rounds":
  [{"id": 35436,
    "round_code": "unattributed",
    "source_url": "http://www.finsmes.com/2013/02/amadix-merges-transbiomed-raises-e2m-funding.html",
    "source_description": "Amadix Merges with Transbiomed and Raises \u20ac2M in Funding",
    "raised_amount": 2000000.0,
    "raised_currency_code": "EUR",
    "funded_year": 2013,
    "funded_month": 2,
    "funded_day": 10,
    "investments":
     [{"company": null,
       "financial_org":
        {"name": "CRB Inverb\u00edo",
         "permalink": "crb-inverbo"},
       "person": null},
      {"company": null,
       "financial_org":
        {"name": "Inveready  Technology Investment Group",
         "permalink": "inveready-technology-investment-group"},
       "person": null}]}],
 "investments":
  [],
 "acquisition": null,
 "acquisitions":
  [],
 "offices":
  [{"description": "",
    "address1": "7 Alberto Aguilera St.",
    "address2": "",
    "zip_code": "28015",
    "city": "Madrid",
    "state_code": null,
    "country_code": "ESP",
    "latitude": 40.4297346,
    "longitude": -3.7080135}],
 "milestones":
  [],
 "ipo": null,
 "video_embeds":
  [],
 "screenshots":
  [{"available_sizes":
     [[[150,
        70],
       "http://api-images.crunchbase.com/assets/images/resized/0037/3473/373473v1-max-150x150.png"],
      [[250,
        117],
       "http://api-images.crunchbase.com/assets/images/resized/0037/3473/373473v1-max-250x250.png"],
      [[450,
        211],
       "http://api-images.crunchbase.com/assets/images/resized/0037/3473/373473v1-max-450x450.png"]],
    "attribution": null}],
 "external_links":
  [],
 "partners":
  []}
