{"name": "Amazon Relocation Moving \u0026 Storage",
 "permalink": "amazon-relocation-moving-storage",
 "crunchbase_url": "http://www.crunchbase.com/company/amazon-relocation-moving-storage",
 "homepage_url": "http://amazonrelocation.com",
 "blog_url": "http://amazonrelocation.com/blog/",
 "blog_feed_url": "http://amazonrelocation.com/feed/",
 "twitter_username": null,
 "category_code": "other",
 "number_of_employees": 10,
 "founded_year": null,
 "founded_month": null,
 "founded_day": null,
 "deadpooled_year": null,
 "deadpooled_month": null,
 "deadpooled_day": null,
 "deadpooled_url": null,
 "tag_list": "moving, storage, packing, relocation, nyc",
 "alias_list": null,
 "email_address": "info@amazonrelocation.com",
 "phone_number": "",
 "description": "Moving and storage company from NYC.",
 "created_at": "Sun Dec 30 12:22:34 UTC 2012",
 "updated_at": "Tue Feb 18 12:52:41 UTC 2014",
 "overview": "\u003Cp\u003EAmazon Relocation is a NYC-based moving and storage company. \nAmazon Relocation provides immediate on-call service for moving and relocations to New York State, Chicago, Boston, Florida and the area. The company also specializes in long-distance moves and relocations and offers scheduled weekly service to all locations across the country. Amazon Relocation also offers the best storage deals in NYC, providing all movers free storage for 15 days.\u003C/p\u003E",
 "image":
  {"available_sizes":
    [[[150,
       116],
      "http://api-images.crunchbase.com/assets/images/resized/0022/7385/227385v2-max-150x150.jpg"],
     [[250,
       193],
      "http://api-images.crunchbase.com/assets/images/resized/0022/7385/227385v2-max-250x250.jpg"],
     [[288,
       223],
      "http://api-images.crunchbase.com/assets/images/resized/0022/7385/227385v2-max-450x450.jpg"]],
   "attribution": null},
 "products":
  [],
 "relationships":
  [],
 "competitions":
  [{"competitor":
     {"name": "A+ Movers",
      "permalink": "a-movers"}},
   {"competitor":
     {"name": "Moving Company Chicago",
      "permalink": "moving-company-chicago"}},
   {"competitor":
     {"name": "One Simple Move",
      "permalink": "one-simple-move"}}],
 "providerships":
  [],
 "total_money_raised": "$0",
 "funding_rounds":
  [],
 "investments":
  [],
 "acquisition": null,
 "acquisitions":
  [],
 "offices":
  [{"description": "New York Office",
    "address1": "5726 1st Ave Brooklyn",
    "address2": "",
    "zip_code": "11220",
    "city": "New York",
    "state_code": "NY",
    "country_code": "USA",
    "latitude": null,
    "longitude": null}],
 "milestones":
  [],
 "ipo": null,
 "video_embeds":
  [],
 "screenshots":
  [],
 "external_links":
  [],
 "partners":
  []}
