{"name": "AmBev",
 "permalink": "ambev",
 "crunchbase_url": "http://www.crunchbase.com/company/ambev",
 "homepage_url": "http://ir.ambev.com.br/default_en.asp?idioma=1\u0026conta=44",
 "blog_url": "",
 "blog_feed_url": "",
 "twitter_username": null,
 "category_code": "hospitality",
 "number_of_employees": 10000,
 "founded_year": 1999,
 "founded_month": null,
 "founded_day": null,
 "deadpooled_year": null,
 "deadpooled_month": null,
 "deadpooled_day": null,
 "deadpooled_url": null,
 "tag_list": "capital, international, investors",
 "alias_list": "",
 "email_address": "",
 "phone_number": "",
 "description": "Americas Beverage Company",
 "created_at": "Thu Dec 13 20:57:13 UTC 2012",
 "updated_at": "Wed Apr 16 06:20:02 UTC 2014",
 "overview": "\u003Cp\u003EAmbev, formally Companhia de Bebidas das Am\u00e9ricas (official English translation: \u0026#8220;Americas\u0026#8217; Beverage Company\u0026#8221;, hence the name \u0026#8220;Ambev\u0026#8221;, formerly styled as \u0026#8220;AmBev\u0026#8221;) is a brewing company.\u003C/p\u003E\n\n\u003Cp\u003EAmbev was originally a Brazilian company that opened capital to international investors. Because of this, nowadays there is controversy if it is still a Brazilian company or a subsidiary of the global brewing company Anheuser-Busch InBev.\u003C/p\u003E",
 "image":
  {"available_sizes":
    [[[150,
       38],
      "http://api-images.crunchbase.com/assets/images/resized/0045/1560/451560v2-max-150x150.png"],
     [[150,
       38],
      "http://api-images.crunchbase.com/assets/images/resized/0045/1560/451560v2-max-250x250.png"],
     [[150,
       38],
      "http://api-images.crunchbase.com/assets/images/resized/0045/1560/451560v2-max-450x450.png"]],
   "attribution": null},
 "products":
  [],
 "relationships":
  [{"is_past": false,
    "title": "CEO",
    "person":
     {"first_name": "Jo\u00e3o",
      "last_name": "Mauricio Giffoni de Castro Neves",
      "permalink": "joo-mauricio-giffoni-de-castro-neves"}},
   {"is_past": false,
    "title": "Co-Chairman and Director",
    "person":
     {"first_name": "Vict\u00f3rio",
      "last_name": "Carlos De Marchi",
      "permalink": "victrio-carlos-de-marchi"}},
   {"is_past": false,
    "title": "Chief Financial and Investor Relations Officer",
    "person":
     {"first_name": "Nelson",
      "last_name": "Jos\u00e9 Jamel",
      "permalink": "nelson-jos-jamel"}},
   {"is_past": false,
    "title": "Co-Chairman and Director",
    "person":
     {"first_name": "Carlos",
      "last_name": "Alves de Brito",
      "permalink": "carlos-alves-de-brito"}},
   {"is_past": false,
    "title": "Board Member",
    "person":
     {"first_name": "Roberto",
      "last_name": "Moses Thompson Motta",
      "permalink": "roberto-moses-thompson-motta"}},
   {"is_past": false,
    "title": "Board Member",
    "person":
     {"first_name": "Vicente",
      "last_name": "Falconi Campos",
      "permalink": "vicente-falconi-campos"}},
   {"is_past": false,
    "title": "Board Member",
    "person":
     {"first_name": "Luiz",
      "last_name": "Fernando Ziegler de Saint Edmond",
      "permalink": "luiz-fernando-ziegler-de-saint-edmond"}},
   {"is_past": false,
    "title": "Board Member",
    "person":
     {"first_name": "\u00c1lvaro",
      "last_name": "Antonio Cardoso de Souza",
      "permalink": "lvaro-antonio-cardoso-de-souza"}},
   {"is_past": false,
    "title": "Board Member",
    "person":
     {"first_name": "Marcos",
      "last_name": "de Barros Lisboa",
      "permalink": "marcos-de-barros-lisboa"}},
   {"is_past": false,
    "title": "Marketing Executive Officer",
    "person":
     {"first_name": "Jorge",
      "last_name": "Mastroizzi",
      "permalink": "jorge-mastroizzi"}},
   {"is_past": false,
    "title": "Board Member",
    "person":
     {"first_name": "Marcel",
      "last_name": "Herrmann Telles",
      "permalink": "marcel-herrmann-telles"}},
   {"is_past": false,
    "title": "Board Member",
    "person":
     {"first_name": "Jos\u00e9",
      "last_name": "Heitor Attilio Gracioso",
      "permalink": "jos-heitor-attilio-gracioso"}},
   {"is_past": false,
    "title": "Board Member",
    "person":
     {"first_name": "Luis",
      "last_name": "Felipe Pedreira Dutra Leite",
      "permalink": "luis-felipe-pedreira-dutra-leite"}},
   {"is_past": false,
    "title": "Board Member",
    "person":
     {"first_name": "Paulo",
      "last_name": "Alberto Lemann",
      "permalink": "paulo-alberto-lemann"}},
   {"is_past": false,
    "title": "Board Member",
    "person":
     {"first_name": "Antonio",
      "last_name": "Carlos Augusto Ribeiro Bonchristiano",
      "permalink": "antonio-carlos-augusto-ribeiro-bonchristiano"}},
   {"is_past": false,
    "title": "Sales Executive Officer",
    "person":
     {"first_name": "Alexandre",
      "last_name": "M\u00e9dicis",
      "permalink": "alexandre-mdicis"}},
   {"is_past": true,
    "title": "Marketing Manager",
    "person":
     {"first_name": "Andre",
      "last_name": "Beisert",
      "permalink": "andre-beisert"}}],
 "competitions":
  [],
 "providerships":
  [],
 "total_money_raised": "$0",
 "funding_rounds":
  [],
 "investments":
  [],
 "acquisition": null,
 "acquisitions":
  [],
 "offices":
  [{"description": "Headquarter",
    "address1": "Av. Dr. Renato Paes de Barros",
    "address2": "1017, 4\u00b0 andar Itaim Bibi",
    "zip_code": "04530-001",
    "city": "S\u00e3o Paulo",
    "state_code": null,
    "country_code": "BRA",
    "latitude": null,
    "longitude": null}],
 "milestones":
  [],
 "ipo":
  {"valuation_amount": null,
   "valuation_currency_code": "USD",
   "pub_year": 2013,
   "pub_month": 11,
   "pub_day": 12,
   "stock_symbol": "NYSE: ABEV"},
 "video_embeds":
  [],
 "screenshots":
  [{"available_sizes":
     [[[150,
        101],
       "http://api-images.crunchbase.com/assets/images/resized/0045/1557/451557v1-max-150x150.jpg"],
      [[240,
        162],
       "http://api-images.crunchbase.com/assets/images/resized/0045/1557/451557v1-max-250x250.jpg"],
      [[240,
        162],
       "http://api-images.crunchbase.com/assets/images/resized/0045/1557/451557v1-max-450x450.jpg"]],
    "attribution": null}],
 "external_links":
  [],
 "partners":
  []}
