{"name": "Amber Centre",
 "permalink": "amber-centre",
 "crunchbase_url": "http://www.crunchbase.com/company/amber-centre",
 "homepage_url": "http://www.bc.com.pl",
 "blog_url": "",
 "blog_feed_url": "",
 "twitter_username": null,
 "category_code": "other",
 "number_of_employees": 10,
 "founded_year": 1993,
 "founded_month": null,
 "founded_day": null,
 "deadpooled_year": null,
 "deadpooled_month": null,
 "deadpooled_day": null,
 "deadpooled_url": null,
 "tag_list": "amber-jewellery",
 "alias_list": null,
 "email_address": "bc@bc.com.pl",
 "phone_number": "(+48) 601 511 181",
 "description": "Amber Centre",
 "created_at": "Mon Feb 11 13:40:24 UTC 2013",
 "updated_at": "Thu Feb 14 05:46:51 UTC 2013",
 "overview": "\u003Cp\u003EPiotr Wedekind founded the Amber Center in 1993. Not only do we design and manufacture high quality amber jewelry, but first and foremost -  we make people feel more beautiful.\u003C/p\u003E",
 "image": null,
 "products":
  [],
 "relationships":
  [],
 "competitions":
  [],
 "providerships":
  [],
 "total_money_raised": "$0",
 "funding_rounds":
  [],
 "investments":
  [],
 "acquisition": null,
 "acquisitions":
  [],
 "offices":
  [],
 "milestones":
  [],
 "ipo": null,
 "video_embeds":
  [],
 "screenshots":
  [],
 "external_links":
  [{"external_url": "http://www.bc.com.pl",
    "title": "Amber Jewelry"},
   {"external_url": "http://www.bc.com.pl",
    "title": "Amber jewelry wholesale"}],
 "partners":
  []}
