{"name": "Ambica Machine Tools",
 "permalink": "ambica-machine-tools",
 "crunchbase_url": "http://www.crunchbase.com/company/ambica-machine-tools",
 "homepage_url": "http://www.ambicamachinetools.in",
 "blog_url": "",
 "blog_feed_url": "",
 "twitter_username": null,
 "category_code": "enterprise",
 "number_of_employees": 24,
 "founded_year": 2006,
 "founded_month": null,
 "founded_day": null,
 "deadpooled_year": null,
 "deadpooled_month": null,
 "deadpooled_day": null,
 "deadpooled_url": null,
 "tag_list": "industrial-pumps, motors-and-gas-cylinder-accessories-webmasterambicamachinetools-com",
 "alias_list": null,
 "email_address": "webmaster@ambicamachinetools.com",
 "phone_number": "9328289287",
 "description": "trades high quality Industrial Pumps",
 "created_at": "Fri Apr 05 05:15:54 UTC 2013",
 "updated_at": "Fri Apr 05 05:16:00 UTC 2013",
 "overview": "\u003Cp\u003Established in the year 2006, we, \u201cAmbica Machine Tools\u201d, are an ISO 9001 : 2008\u003C/p\u003E\n\n\u003Cp\u003EOur Products:\nHydrostatic Test Pump\nElectric Motor Operated Hydrostatic Test Pump\nWater Pressure Testing Pump\nEngine Operated Hydrostatic Test Pump\nHigh Pressure Hydro Testing Pump\nHydro Test Pump\nHand Operated Hydro Test Pump\nHigh Pressure Hydro Test Pump\u003C/p\u003E\n\n\u003Cp\u003EOur Team:\nA diligent team of professionals is employed by us, which greatly supports us in all the activities of trade. The dedicated, sincere and hardworking professionals working with us are masters of their respective fields of specialization.\u003C/p\u003E\n\n\u003Cp\u003EInfrastructure:\nWe have established a state-of-the-art infrastructure facility at our premises for streamlined execution of the business process. Spread over a vast area, this facility is instigated with advanced technology and high tech machines that enable us to reduce the production time and make our range cost-effective.\u003C/p\u003E\n\n\u003Cp\u003EOur Strengths:\nWe have carved a remarkable position in the industry due to our superior quality products. Our ethical business policies and transparent dealings have enabled us to prove our mettle in the industry.\u003C/p\u003E\n\n\u003Cp\u003EQuality Assurance:\nSince commencement, the main aim of our organization is to provide our clients with a quality-approved range of products. The range offered by us is manufactured using excellent quality material and components that are sourced from, vendors of high repute after scouring the market.\u003C/p\u003E",
 "image":
  {"available_sizes":
    [[[150,
       150],
      "http://api-images.crunchbase.com/assets/images/resized/0024/8245/248245v2-max-150x150.jpg"],
     [[250,
       250],
      "http://api-images.crunchbase.com/assets/images/resized/0024/8245/248245v2-max-250x250.jpg"],
     [[250,
       250],
      "http://api-images.crunchbase.com/assets/images/resized/0024/8245/248245v2-max-450x450.jpg"]],
   "attribution": null},
 "products":
  [],
 "relationships":
  [],
 "competitions":
  [],
 "providerships":
  [],
 "total_money_raised": "$0",
 "funding_rounds":
  [],
 "investments":
  [],
 "acquisition": null,
 "acquisitions":
  [],
 "offices":
  [],
 "milestones":
  [],
 "ipo": null,
 "video_embeds":
  [],
 "screenshots":
  [],
 "external_links":
  [],
 "partners":
  []}
