{"name": "AMC Tampa Executive Careers",
 "permalink": "amc-tampa-executive-careers",
 "crunchbase_url": "http://www.crunchbase.com/company/amc-tampa-executive-careers",
 "homepage_url": "http://www.amctampa.com",
 "blog_url": "https://plus.google.com/u/0/104181611372859978320/about",
 "blog_feed_url": "https://plus.google.com/u/0/104181611372859978320/posts",
 "twitter_username": null,
 "category_code": "consulting",
 "number_of_employees": null,
 "founded_year": null,
 "founded_month": null,
 "founded_day": null,
 "deadpooled_year": null,
 "deadpooled_month": null,
 "deadpooled_day": null,
 "deadpooled_url": null,
 "tag_list": "career, consulting, tampa-executive-careers",
 "alias_list": null,
 "email_address": "amctampa@gmail.com",
 "phone_number": "",
 "description": "AMC Tampa Executive Careers",
 "created_at": "Tue Dec 11 19:10:57 UTC 2012",
 "updated_at": "Thu Dec 20 01:34:30 UTC 2012",
 "overview": "\u003Cp\u003EWe combine technique with technology using state of the art business intelligence to provide the very best in advanced career search methods. The future of career search belongs to those motivated professionals who have access to superior business intelligence and know how to use it.\u003C/p\u003E\n\n\u003Cp\u003EAMC Tampa Executive Careers\u003C/p\u003E",
 "image": null,
 "products":
  [],
 "relationships":
  [],
 "competitions":
  [],
 "providerships":
  [],
 "total_money_raised": "$0",
 "funding_rounds":
  [],
 "investments":
  [],
 "acquisition": null,
 "acquisitions":
  [],
 "offices":
  [{"description": "AMC Tampa Careers",
    "address1": "",
    "address2": "",
    "zip_code": "33607",
    "city": "Tampa",
    "state_code": "FL",
    "country_code": "USA",
    "latitude": null,
    "longitude": null}],
 "milestones":
  [],
 "ipo": null,
 "video_embeds":
  [],
 "screenshots":
  [],
 "external_links":
  [{"external_url": "http://www.prweb.com/releases/2012/11/prweb10173448.htm",
    "title": "AMC Tampa Executive Careers Reviews Best Jobs For 2013"},
   {"external_url": "http://www.prweb.com/releases/2012/11/prweb10092932.htm",
    "title": "AMC Tampa Executive Careers Reports on the Top Five Obstacles in Today\u2019s Job Market"},
   {"external_url": "http://www.allvoices.com/contributed-news/12934133-amc-tampa-executive-career-professionals-on-august-job-numbers",
    "title": "AMC Tampa Executive Career Professionals on August Job Numbers"},
   {"external_url": "http://beforeitsnews.com/press-releases/2012/11/amc-tampa-executive-career-consultants-show-third-quarter-increase-in-job-attainment-2612246.html",
    "title": "AMC Tampa Executive Career Consultants Show Third Quarter Increase in Job Attainment"},
   {"external_url": "http://beforeitsnews.com/press-releases/2012/10/amc-tampa-executive-careers-team-set-to-introduce-web-portfolios-2562692.html",
    "title": "AMC Tampa Executive Careers Team Set To Introduce Web Portfolios"}],
 "partners":
  []}
