{"name": "American Income Life Insurance Company",
 "permalink": "american-income-life-insurance-company",
 "crunchbase_url": "http://www.crunchbase.com/company/american-income-life-insurance-company",
 "homepage_url": null,
 "blog_url": null,
 "blog_feed_url": null,
 "twitter_username": null,
 "category_code": null,
 "number_of_employees": null,
 "founded_year": null,
 "founded_month": null,
 "founded_day": null,
 "deadpooled_year": null,
 "deadpooled_month": null,
 "deadpooled_day": null,
 "deadpooled_url": null,
 "tag_list": "american-income-life, ail, union-insurance, labor-union-insurance",
 "alias_list": null,
 "email_address": null,
 "phone_number": null,
 "description": null,
 "created_at": "Fri Mar 08 18:08:43 UTC 2013",
 "updated_at": "Fri Mar 08 20:58:15 UTC 2013",
 "overview": "\u003Cp\u003EAmerican Income Life has served working class families since 1951. Their life and supplemental accident and health insurance helps protect members of labor unions, credit unions, associations  and their families. American Income Life is a company that cares about its policyholders and worthy causes that make a difference in the world.\u003C/p\u003E\n\n\u003Cp\u003EAmerican Income Life was founded with just $25,000 of borrowed capital and has grown into one of the nation\u2019s largest providers of supplemental life insurance to working class families.\u003C/p\u003E\n\n\u003Cp\u003EAs other companies downsize, American Income Life continues to experience growth. AIL\u0026#8217;s efforts are focused on creating more union jobs. They claim status as a 100 percent union label Company. \u003C/p\u003E\n\n\u003Cp\u003EAmerican Income Life is working with the country\u0026#8217;s most prominent progressive organizations, leaders, and activists. This includes working with the leaders and membership of over 45 international unions.\u003C/p\u003E",
 "image":
  {"available_sizes":
    [[[150,
       149],
      "http://api-images.crunchbase.com/assets/images/resized/0024/1117/241117v2-max-150x150.jpg"],
     [[225,
       224],
      "http://api-images.crunchbase.com/assets/images/resized/0024/1117/241117v2-max-250x250.jpg"],
     [[225,
       224],
      "http://api-images.crunchbase.com/assets/images/resized/0024/1117/241117v2-max-450x450.jpg"]],
   "attribution": null},
 "products":
  [],
 "relationships":
  [{"is_past": false,
    "title": "CEO",
    "person":
     {"first_name": "Roger",
      "last_name": "Smith",
      "permalink": "roger-smith-4"}},
   {"is_past": true,
    "title": "CEO",
    "person":
     {"first_name": "Audre",
      "last_name": "Rapoport",
      "permalink": "audre-rapoport"}}],
 "competitions":
  [],
 "providerships":
  [],
 "total_money_raised": "$0",
 "funding_rounds":
  [],
 "investments":
  [],
 "acquisition": null,
 "acquisitions":
  [],
 "offices":
  [{"description": "Corporate Headquarters",
    "address1": "1200 Wooded Acres Drive",
    "address2": "",
    "zip_code": "76710",
    "city": "Waco",
    "state_code": "TX",
    "country_code": "USA",
    "latitude": null,
    "longitude": null}],
 "milestones":
  [{"id": 31106,
    "description": "American Income Life Founded in 1951\r\n\r\nLicensed in 49 states, Canada, New Zealand, and through our wholly-owned subsidiaries, National Income Life Insurance Company in the state of New York, and Union Heritage Life Assurance Company Limited, in the Repub",
    "stoned_year": 2014,
    "stoned_month": 3,
    "stoned_day": 8,
    "source_url": "http://www.prnewswire.com/news-releases/american-income-life-added-more-union-jobs-190396951.html",
    "source_text": null,
    "source_description": "American Income Life Added More Union Jobs",
    "stoneable_type": "Company",
    "stoned_value": null,
    "stoned_value_type": null,
    "stoned_acquirer": null,
    "stoneable":
     {"name": "American Income Life Insurance Company",
      "permalink": "american-income-life-insurance-company"}}],
 "ipo": null,
 "video_embeds":
  [{"embed_code": "\u003Ciframe width=\"560\" height=\"315\" src=\"http://www.youtube.com/embed/xptmWRvwJpo?list=PL1033C5E72505185C\" frameborder=\"0\" allowfullscreen\u003E\u003C/iframe\u003E",
    "description": "\u003Cp\u003EAmerican Income Life Florida State General Agent Matt Henderson \u003C/p\u003E"},
   {"embed_code": "\u003Ciframe width=\"560\" height=\"315\" src=\"http://www.youtube.com/embed/IqdUm6b9hCY?list=PL1033C5E72505185C\" frameborder=\"0\" allowfullscreen\u003E\u003C/iframe\u003E",
    "description": "\u003Cp\u003EAmerican Income Life Illinois State General Agent Sabrina Lloyd\u003C/p\u003E"},
   {"embed_code": "\u003Ciframe width=\"560\" height=\"315\" src=\"http://www.youtube.com/embed/6yrtNiX3ZH4?list=PL1033C5E72505185C\" frameborder=\"0\" allowfullscreen\u003E\u003C/iframe\u003E",
    "description": "\u003Cp\u003ENational Income Life State General Agent Theo Pappas \u003C/p\u003E"}],
 "screenshots":
  [{"available_sizes":
     [[[150,
        149],
       "http://api-images.crunchbase.com/assets/images/resized/0024/1116/241116v2-max-150x150.jpg"],
      [[225,
        224],
       "http://api-images.crunchbase.com/assets/images/resized/0024/1116/241116v2-max-250x250.jpg"],
      [[225,
        224],
       "http://api-images.crunchbase.com/assets/images/resized/0024/1116/241116v2-max-450x450.jpg"]],
    "attribution": null}],
 "external_links":
  [],
 "partners":
  []}
