{"name": "American Museum of Natural History",
 "permalink": "american-museum-of-natural-history",
 "crunchbase_url": "http://www.crunchbase.com/company/american-museum-of-natural-history",
 "homepage_url": null,
 "blog_url": null,
 "blog_feed_url": null,
 "twitter_username": null,
 "category_code": null,
 "number_of_employees": null,
 "founded_year": null,
 "founded_month": null,
 "founded_day": null,
 "deadpooled_year": null,
 "deadpooled_month": null,
 "deadpooled_day": null,
 "deadpooled_url": null,
 "tag_list": null,
 "alias_list": null,
 "email_address": null,
 "phone_number": null,
 "description": null,
 "created_at": "Tue Mar 26 21:36:41 UTC 2013",
 "updated_at": "Tue Mar 26 21:36:42 UTC 2013",
 "overview": null,
 "image": null,
 "products":
  [],
 "relationships":
  [{"is_past": false,
    "title": "Board of Directors",
    "person":
     {"first_name": "Charles",
      "last_name": "Phillips",
      "permalink": "charles-phillips"}},
   {"is_past": false,
    "title": "Board Member",
    "person":
     {"first_name": "Shelly",
      "last_name": "Lazarus",
      "permalink": "shelly-lazarus"}},
   {"is_past": true,
    "title": "Sr. Interactive Exhibit Designer",
    "person":
     {"first_name": "Scott",
      "last_name": "Michael Harris",
      "permalink": "scott-michael-harris"}}],
 "competitions":
  [],
 "providerships":
  [],
 "total_money_raised": "$0",
 "funding_rounds":
  [],
 "investments":
  [],
 "acquisition": null,
 "acquisitions":
  [],
 "offices":
  [],
 "milestones":
  [],
 "ipo": null,
 "video_embeds":
  [],
 "screenshots":
  [],
 "external_links":
  [],
 "partners":
  []}
