{"name": "American Mortgage \u0026 Equity Consultants",
 "permalink": "american-mortgage-equity-consultants",
 "crunchbase_url": "http://www.crunchbase.com/company/american-mortgage-equity-consultants",
 "homepage_url": null,
 "blog_url": "",
 "blog_feed_url": "",
 "twitter_username": null,
 "category_code": "other",
 "number_of_employees": null,
 "founded_year": null,
 "founded_month": null,
 "founded_day": null,
 "deadpooled_year": null,
 "deadpooled_month": null,
 "deadpooled_day": null,
 "deadpooled_url": null,
 "tag_list": "home-mortgage, mortgage, mortgage-broker, mortgage-lender, mortgage-lenders, mortgage-company, mortgage-companies, mortgage-loan",
 "alias_list": null,
 "email_address": "americanmortgageandequity@yahoo.com",
 "phone_number": "(414) 502-8744",
 "description": "Mortgages",
 "created_at": "Wed Feb 06 18:34:32 UTC 2013",
 "updated_at": "Fri Feb 08 04:33:08 UTC 2013",
 "overview": "\u003Cp\u003EAmerican Mortgage \u0026amp; Equity Consultants Inc. is your local lender for all your home finance needs. We specialize in taking a hands-on approach to all of the loans we approve. Our experienced loan originators and our in house processing and underwriting team will make your experience a pleasant one. Close your loan with speed and attention to detail at AMEC INC.\u003C/p\u003E",
 "image":
  {"available_sizes":
    [[[150,
       50],
      "http://api-images.crunchbase.com/assets/images/resized/0023/4037/234037v2-max-150x150.jpg"],
     [[250,
       83],
      "http://api-images.crunchbase.com/assets/images/resized/0023/4037/234037v2-max-250x250.jpg"],
     [[257,
       86],
      "http://api-images.crunchbase.com/assets/images/resized/0023/4037/234037v2-max-450x450.jpg"]],
   "attribution": null},
 "products":
  [],
 "relationships":
  [],
 "competitions":
  [],
 "providerships":
  [],
 "total_money_raised": "$0",
 "funding_rounds":
  [],
 "investments":
  [],
 "acquisition": null,
 "acquisitions":
  [],
 "offices":
  [{"description": "",
    "address1": "2222 N Mayfair Rd.",
    "address2": "",
    "zip_code": "53226",
    "city": "Wauwatosa",
    "state_code": "WI",
    "country_code": "USA",
    "latitude": 43.0587839,
    "longitude": -88.0473491}],
 "milestones":
  [],
 "ipo": null,
 "video_embeds":
  [],
 "screenshots":
  [],
 "external_links":
  [],
 "partners":
  []}
