{"name": "American Marketing \u0026 Publishing LLC",
 "permalink": "american-marketing-publishing-llc",
 "crunchbase_url": "http://www.crunchbase.com/company/american-marketing-publishing-llc",
 "homepage_url": null,
 "blog_url": null,
 "blog_feed_url": null,
 "twitter_username": null,
 "category_code": null,
 "number_of_employees": null,
 "founded_year": null,
 "founded_month": null,
 "founded_day": null,
 "deadpooled_year": null,
 "deadpooled_month": null,
 "deadpooled_day": null,
 "deadpooled_url": null,
 "tag_list": null,
 "alias_list": null,
 "email_address": null,
 "phone_number": null,
 "description": null,
 "created_at": "Sat Feb 23 15:47:39 UTC 2013",
 "updated_at": "Sun Feb 24 09:10:21 UTC 2013",
 "overview": null,
 "image": null,
 "products":
  [],
 "relationships":
  [{"is_past": false,
    "title": "EVP",
    "person":
     {"first_name": "Dick",
      "last_name": "Larkin",
      "permalink": "dick-larkin"}},
   {"is_past": false,
    "title": "Director",
    "person":
     {"first_name": "Vikrant",
      "last_name": "Raina",
      "permalink": "vikrant-raina"}},
   {"is_past": true,
    "title": "Editorial Coordinator",
    "person":
     {"first_name": "Drew",
      "last_name": "Moody",
      "permalink": "drew-moody"}}],
 "competitions":
  [],
 "providerships":
  [],
 "total_money_raised": "$0",
 "funding_rounds":
  [],
 "investments":
  [],
 "acquisition": null,
 "acquisitions":
  [],
 "offices":
  [],
 "milestones":
  [],
 "ipo": null,
 "video_embeds":
  [],
 "screenshots":
  [],
 "external_links":
  [],
 "partners":
  []}
