{"name": "1-800-DOCTORS",
 "permalink": "1-800-doctors",
 "crunchbase_url": "http://www.crunchbase.com/company/1-800-doctors",
 "homepage_url": "http://1800doctors.com",
 "blog_url": "",
 "blog_feed_url": "",
 "twitter_username": null,
 "category_code": "health",
 "number_of_employees": null,
 "founded_year": 1984,
 "founded_month": null,
 "founded_day": null,
 "deadpooled_year": null,
 "deadpooled_month": null,
 "deadpooled_day": null,
 "deadpooled_url": null,
 "tag_list": null,
 "alias_list": "",
 "email_address": "info@1800doctors.com",
 "phone_number": "732-395-6500",
 "description": "",
 "created_at": "Mon Sep 30 10:34:18 UTC 2013",
 "updated_at": "Tue Nov 26 04:48:35 UTC 2013",
 "overview": "\u003Cp\u003E1-800-Doctors, Inc. provides an online and telephony service offering information about healthcare providers. It licenses its telephone number mark to hospitals. The company also provides creative materials and various marketing support services for hospital clients. The company was founded in 1984 and is based in Iselin, New Jersey. 1-800-Doctors, Inc. operates as a subsidiary of HealthSTAR Communications, Inc.\u003C/p\u003E",
 "image":
  {"available_sizes":
    [[[150,
       26],
      "http://api-images.crunchbase.com/assets/images/resized/0036/5582/365582v1-max-150x150.jpg"],
     [[250,
       44],
      "http://api-images.crunchbase.com/assets/images/resized/0036/5582/365582v1-max-250x250.jpg"],
     [[316,
       56],
      "http://api-images.crunchbase.com/assets/images/resized/0036/5582/365582v1-max-450x450.jpg"]],
   "attribution": null},
 "products":
  [],
 "relationships":
  [{"is_past": false,
    "title": "CMO, EVP",
    "person":
     {"first_name": "Jai",
      "last_name": "Parekh",
      "permalink": "jai-parekh"}}],
 "competitions":
  [],
 "providerships":
  [],
 "total_money_raised": "$1.75M",
 "funding_rounds":
  [{"id": 55978,
    "round_code": "convertible",
    "source_url": "http://www.sec.gov/Archives/edgar/data/1508678/000150867811000001/xslFormDX01/primary_doc.xml",
    "source_description": "SEC",
    "raised_amount": 1750000.0,
    "raised_currency_code": "USD",
    "funded_year": 2011,
    "funded_month": 3,
    "funded_day": 2,
    "investments":
     []}],
 "investments":
  [],
 "acquisition": null,
 "acquisitions":
  [],
 "offices":
  [{"description": "",
    "address1": "186 Wood Avenue South",
    "address2": "Suite 102",
    "zip_code": "08830",
    "city": "Iselin",
    "state_code": "NJ",
    "country_code": "USA",
    "latitude": null,
    "longitude": null}],
 "milestones":
  [],
 "ipo": null,
 "video_embeds":
  [],
 "screenshots":
  [],
 "external_links":
  [],
 "partners":
  []}
