{"name": "1o1Media",
 "permalink": "1o1media",
 "crunchbase_url": "http://www.crunchbase.com/company/1o1media",
 "homepage_url": "http://www.1o1media.com",
 "blog_url": "",
 "blog_feed_url": "",
 "twitter_username": null,
 "category_code": "photo_video",
 "number_of_employees": null,
 "founded_year": 2012,
 "founded_month": null,
 "founded_day": null,
 "deadpooled_year": null,
 "deadpooled_month": null,
 "deadpooled_day": null,
 "deadpooled_url": null,
 "tag_list": "vod, marketplace, video, film, distribution, content, monetization",
 "alias_list": "",
 "email_address": "info@1o1media.com",
 "phone_number": "+49 30 715 36341",
 "description": "Interactive Video Library",
 "created_at": "Mon Oct 14 08:25:21 UTC 2013",
 "updated_at": "Mon Apr 14 09:54:22 UTC 2014",
 "overview": "\u003Cp\u003E1o1Media is developing a Video On Demand Marketplace for films and videos. With 1o1\u2122 filmmakers can sell and distribute their videos directly to the end consumer.\u003C/p\u003E",
 "image":
  {"available_sizes":
    [[[150,
       38],
      "http://api-images.crunchbase.com/assets/images/resized/0044/2425/442425v1-max-150x150.png"],
     [[182,
       47],
      "http://api-images.crunchbase.com/assets/images/resized/0044/2425/442425v1-max-250x250.png"],
     [[182,
       47],
      "http://api-images.crunchbase.com/assets/images/resized/0044/2425/442425v1-max-450x450.png"]],
   "attribution": null},
 "products":
  [],
 "relationships":
  [{"is_past": true,
    "title": "Founder and CEO",
    "person":
     {"first_name": "Rainer",
      "last_name": "Knebel",
      "permalink": "rainer-knebel"}}],
 "competitions":
  [],
 "providerships":
  [],
 "total_money_raised": "$0",
 "funding_rounds":
  [{"id": 61807,
    "round_code": "seed",
    "source_url": "",
    "source_description": "",
    "raised_amount": null,
    "raised_currency_code": "EUR",
    "funded_year": 2013,
    "funded_month": 10,
    "funded_day": null,
    "investments":
     [{"company":
        {"name": "Axel Springer Plug and Play Accelerator",
         "permalink": "axel-springer-plug-and-play-accelerator"},
       "financial_org": null,
       "person": null}]}],
 "investments":
  [],
 "acquisition": null,
 "acquisitions":
  [],
 "offices":
  [{"description": "",
    "address1": "Marthashof 15",
    "address2": "",
    "zip_code": "10435",
    "city": "Berlin",
    "state_code": null,
    "country_code": "DEU",
    "latitude": null,
    "longitude": null}],
 "milestones":
  [],
 "ipo": null,
 "video_embeds":
  [],
 "screenshots":
  [{"available_sizes":
     [[[150,
        79],
       "http://api-images.crunchbase.com/assets/images/resized/0044/2427/442427v1-max-150x150.png"],
      [[250,
        132],
       "http://api-images.crunchbase.com/assets/images/resized/0044/2427/442427v1-max-250x250.png"],
      [[450,
        237],
       "http://api-images.crunchbase.com/assets/images/resized/0044/2427/442427v1-max-450x450.png"]],
    "attribution": null}],
 "external_links":
  [],
 "partners":
  []}
