{"name": "20spokes",
 "permalink": "20spokes",
 "crunchbase_url": "http://www.crunchbase.com/company/20spokes",
 "homepage_url": "http://www.20spokes.com",
 "blog_url": "http://www.20spokes.com/blog/",
 "blog_feed_url": "http://www.20spokes.com/feed/",
 "twitter_username": "20spokes",
 "category_code": "consulting",
 "number_of_employees": 2,
 "founded_year": 2012,
 "founded_month": 4,
 "founded_day": 23,
 "deadpooled_year": null,
 "deadpooled_month": null,
 "deadpooled_day": null,
 "deadpooled_url": null,
 "tag_list": "",
 "alias_list": null,
 "email_address": "info@20spokes.com",
 "phone_number": "",
 "description": "Chicago Development Agency",
 "created_at": "Mon Sep 09 02:24:39 UTC 2013",
 "updated_at": "Tue Sep 10 22:32:20 UTC 2013",
 "overview": "",
 "image": null,
 "products":
  [],
 "relationships":
  [{"is_past": false,
    "title": "Founder",
    "person":
     {"first_name": "Ryan",
      "last_name": "Fischer",
      "permalink": "ryan-fischer"}}],
 "competitions":
  [],
 "providerships":
  [],
 "total_money_raised": "$0",
 "funding_rounds":
  [],
 "investments":
  [],
 "acquisition": null,
 "acquisitions":
  [],
 "offices":
  [{"description": "Office",
    "address1": "4507 N. Ravenswood Ave.",
    "address2": "Ste 103",
    "zip_code": "60640",
    "city": "Chicago",
    "state_code": "IL",
    "country_code": "USA",
    "latitude": 41.963728,
    "longitude": -87.673581}],
 "milestones":
  [],
 "ipo": null,
 "video_embeds":
  [],
 "screenshots":
  [],
 "external_links":
  [],
 "partners":
  []}
