{"name": "23 Kazoos",
 "permalink": "23-kazoos",
 "crunchbase_url": "http://www.crunchbase.com/company/23-kazoos",
 "homepage_url": "http://www.23Kazoos.com",
 "blog_url": "http://www.23Kazoos.com/blog",
 "blog_feed_url": "",
 "twitter_username": "23Kazoos",
 "category_code": "public_relations",
 "number_of_employees": 7,
 "founded_year": 2009,
 "founded_month": 4,
 "founded_day": 1,
 "deadpooled_year": null,
 "deadpooled_month": null,
 "deadpooled_day": null,
 "deadpooled_url": null,
 "tag_list": "phoenix-marketing-company, auto-shop-marketing, agriculture-marketing",
 "alias_list": null,
 "email_address": "wnkenney@23kazoos.com",
 "phone_number": "1-877-932-5219",
 "description": "Marketing \u0026 PR Agency",
 "created_at": "Tue Sep 10 03:23:38 UTC 2013",
 "updated_at": "Tue Sep 10 22:31:48 UTC 2013",
 "overview": "\u003Cp\u003EBuilding buzz for business through Marketing, Social Media, and Publicity. http://www. 23Kazoos.com.\u003C/p\u003E\n\n\u003Cp\u003ENational in scope and personal in service, 23 Kazoos is among some of the most respected marketing and public relations companies in the US.\u003C/p\u003E\n\n\u003Cp\u003EBased in Phoenix, Arizona, and Sitka, Alaska, 23 Kazoos has an extensive track record of obtaining results for their clients. Whether your goal is leads or exposure, our team of marketing experts gets it done for you. \u003C/p\u003E\n\n\u003Cp\u003ESpecialties include Auto Shop Marketing, Medical \u0026amp; Dental Office Marketing, and Food and Agriculture Marketing. \u003C/p\u003E\n\n\u003Cp\u003EServices include public relations, publicity, social media marketing, marketing planning, advertising planning and buying, online reputation management, blogging and more. \u003C/p\u003E",
 "image":
  {"available_sizes":
    [[[150,
       150],
      "http://api-images.crunchbase.com/assets/images/resized/0032/3682/323682v2-max-150x150.jpg"],
     [[180,
       180],
      "http://api-images.crunchbase.com/assets/images/resized/0032/3682/323682v2-max-250x250.jpg"],
     [[180,
       180],
      "http://api-images.crunchbase.com/assets/images/resized/0032/3682/323682v2-max-450x450.jpg"]],
   "attribution": null},
 "products":
  [],
 "relationships":
  [{"is_past": false,
    "title": "President",
    "person":
     {"first_name": "Wendy",
      "last_name": "Kenney",
      "permalink": "wendy-kenney"}}],
 "competitions":
  [],
 "providerships":
  [],
 "total_money_raised": "$0",
 "funding_rounds":
  [],
 "investments":
  [],
 "acquisition": null,
 "acquisitions":
  [],
 "offices":
  [{"description": "23 Kazoos",
    "address1": "230 Lance Drive",
    "address2": "",
    "zip_code": "99835",
    "city": "Sitka",
    "state_code": "AK",
    "country_code": "USA",
    "latitude": null,
    "longitude": null}],
 "milestones":
  [],
 "ipo": null,
 "video_embeds":
  [],
 "screenshots":
  [],
 "external_links":
  [],
 "partners":
  []}
