{"name": "360specs",
 "permalink": "360specs",
 "crunchbase_url": "http://www.crunchbase.com/company/360specs",
 "homepage_url": "http://www.360specs.com",
 "blog_url": "",
 "blog_feed_url": "",
 "twitter_username": "360specs",
 "category_code": "games_video",
 "number_of_employees": 5,
 "founded_year": 2013,
 "founded_month": 5,
 "founded_day": 7,
 "deadpooled_year": null,
 "deadpooled_month": null,
 "deadpooled_day": null,
 "deadpooled_url": null,
 "tag_list": "virtual-reality, goggle, gaming, immerse-vr, hmd, 360specs, smart-phone, tablet, 3d",
 "alias_list": null,
 "email_address": "info@360specs.com",
 "phone_number": "607-760-2207",
 "description": "",
 "created_at": "Fri Sep 13 13:08:20 UTC 2013",
 "updated_at": "Tue Jan 07 09:57:40 UTC 2014",
 "overview": "\u003Cp\u003E360specs features a headset which allows you to transform your smartphone or tablet into a virtual reality device. By using the display, orientation censors of the smartphone and the foundation of the headset 360specs immerses the user into the center of their virtual environment.\n360specs, Inc. developed this product to give a virtual world immersion capability to a device people use on a daily basis, and in a very cost effective way.\nWith 360Specs you can be closer to your favorite apps, including social media and ebooks, and even watch movies with a wide view angle.\n360specs could create ultimate gaming experience. With a simple set-up you\u0026#8217;re upgraded to an exponentially larger viewing angle, complete track of head movement, and a potential for 3D sight.\u003C/p\u003E",
 "image":
  {"available_sizes":
    [[[150,
       66],
      "http://api-images.crunchbase.com/assets/images/resized/0038/9593/389593v1-max-150x150.png"],
     [[184,
       82],
      "http://api-images.crunchbase.com/assets/images/resized/0038/9593/389593v1-max-250x250.png"],
     [[184,
       82],
      "http://api-images.crunchbase.com/assets/images/resized/0038/9593/389593v1-max-450x450.png"]],
   "attribution": null},
 "products":
  [{"name": "360specs",
    "permalink": "360specs"}],
 "relationships":
  [{"is_past": false,
    "title": "CEO",
    "person":
     {"first_name": "Ray",
      "last_name": "Latypov",
      "permalink": "ray-latypov"}}],
 "competitions":
  [],
 "providerships":
  [],
 "total_money_raised": "$0",
 "funding_rounds":
  [],
 "investments":
  [],
 "acquisition": null,
 "acquisitions":
  [],
 "offices":
  [],
 "milestones":
  [],
 "ipo": null,
 "video_embeds":
  [],
 "screenshots":
  [],
 "external_links":
  [{"external_url": "http://www.raylatypov.com",
    "title": ""}],
 "partners":
  []}
