{"name": "3DRP",
 "permalink": "3drp",
 "crunchbase_url": "http://www.crunchbase.com/company/3drp",
 "homepage_url": "http://www.3drp.co.uk",
 "blog_url": "",
 "blog_feed_url": "",
 "twitter_username": null,
 "category_code": "manufacturing",
 "number_of_employees": 4,
 "founded_year": 2012,
 "founded_month": 6,
 "founded_day": 8,
 "deadpooled_year": null,
 "deadpooled_month": null,
 "deadpooled_day": null,
 "deadpooled_url": null,
 "tag_list": "3d-printing, 3d-scanning, machine-tools, rapid-prototyping, 3d-printers, 3d-scanners",
 "alias_list": null,
 "email_address": "info@3drp.co.uk",
 "phone_number": "023 9246 8660",
 "description": "Hi-Resolution 3D Printer Distributor",
 "created_at": "Thu Sep 12 12:58:13 UTC 2013",
 "updated_at": "Fri Sep 13 19:33:58 UTC 2013",
 "overview": "\u003Cp\u003E3DRP are a specialist distributor for the unique range of Envisiontec 3D Printers and 3D printing materials for the UK market. Our factory trained team offer excellent service and support to all our customers throughout the UK, and ensure that they get the maximum benefit from their investment.\u003C/p\u003E",
 "image":
  {"available_sizes":
    [[[150,
       56],
      "http://api-images.crunchbase.com/assets/images/resized/0032/6655/326655v2-max-150x150.jpg"],
     [[250,
       93],
      "http://api-images.crunchbase.com/assets/images/resized/0032/6655/326655v2-max-250x250.jpg"],
     [[450,
       168],
      "http://api-images.crunchbase.com/assets/images/resized/0032/6655/326655v2-max-450x450.jpg"]],
   "attribution": null},
 "products":
  [],
 "relationships":
  [],
 "competitions":
  [],
 "providerships":
  [],
 "total_money_raised": "$0",
 "funding_rounds":
  [],
 "investments":
  [],
 "acquisition": null,
 "acquisitions":
  [],
 "offices":
  [{"description": "3DRP Limited",
    "address1": "5 The Royal",
    "address2": "Seafront",
    "zip_code": "PO11 0AD",
    "city": "Hayling Island",
    "state_code": null,
    "country_code": "GBR",
    "latitude": null,
    "longitude": null}],
 "milestones":
  [],
 "ipo": null,
 "video_embeds":
  [],
 "screenshots":
  [],
 "external_links":
  [],
 "partners":
  []}
