{"name": "Streamwize",
 "permalink": "42-park",
 "crunchbase_url": "http://www.crunchbase.com/company/42-park",
 "homepage_url": "http://www.streamwize.com",
 "blog_url": "",
 "blog_feed_url": "",
 "twitter_username": "streamwize",
 "category_code": "advertising",
 "number_of_employees": 12,
 "founded_year": 2012,
 "founded_month": 2,
 "founded_day": 1,
 "deadpooled_year": null,
 "deadpooled_month": null,
 "deadpooled_day": null,
 "deadpooled_url": null,
 "tag_list": "advertising, multi-channel, multi-media, publishing, platform, native-advertising, content-marketing",
 "alias_list": "42\u0026Park",
 "email_address": "gary@streamwize.com",
 "phone_number": "4153365076",
 "description": "Multi-channel Instream Advertising",
 "created_at": "Mon Oct 07 20:35:21 UTC 2013",
 "updated_at": "Thu Mar 13 16:34:31 UTC 2014",
 "overview": "\u003Cp\u003EStreamwize provides a completely new class of visual advertising solutions. It\u2019s stunningly simple and elegant to use, delivering an integrated platform and tools that allow brands, publishers and agencies to rapidly create and deliver immersive, contextualized, interactive experiences that are portable across multiple distribution channels: publisher platforms, networks and device. All leading to higher conversions\nand transactions.\u003C/p\u003E",
 "image": null,
 "products":
  [],
 "relationships":
  [{"is_past": false,
    "title": "Founder",
    "person":
     {"first_name": "Gary",
      "last_name": "Portney",
      "permalink": "gary-portney"}},
   {"is_past": false,
    "title": "CFO",
    "person":
     {"first_name": "Allen",
      "last_name": "Wolf",
      "permalink": "allen-wolf"}},
   {"is_past": false,
    "title": "CTO",
    "person":
     {"first_name": "David",
      "last_name": "Levine",
      "permalink": "david-levine-6"}},
   {"is_past": false,
    "title": "VP Marketing",
    "person":
     {"first_name": "Pat",
      "last_name": "Whelan",
      "permalink": "pat-whelan"}}],
 "competitions":
  [],
 "providerships":
  [],
 "total_money_raised": "$0",
 "funding_rounds":
  [],
 "investments":
  [],
 "acquisition": null,
 "acquisitions":
  [],
 "offices":
  [{"description": "Corporate office",
    "address1": "645 Harrison Street",
    "address2": "Suite 200",
    "zip_code": "94107",
    "city": "San Francisco",
    "state_code": "CA",
    "country_code": "USA",
    "latitude": null,
    "longitude": null}],
 "milestones":
  [],
 "ipo": null,
 "video_embeds":
  [],
 "screenshots":
  [],
 "external_links":
  [{"external_url": "http://www.linkedin.com/company/42-\u0026-park",
    "title": "LinkedIn"},
   {"external_url": "https://twitter.com/42Park",
    "title": "Twitter"},
   {"external_url": "https://www.facebook.com/pages/42Park/329545377132735?id=329545377132735\u0026sk=info",
    "title": "Facebook"}],
 "partners":
  []}
