{"name": "46Sports",
 "permalink": "46sports",
 "crunchbase_url": "http://www.crunchbase.com/company/46sports",
 "homepage_url": "http://46sports.com",
 "blog_url": "",
 "blog_feed_url": "",
 "twitter_username": "46_Sports",
 "category_code": "sports",
 "number_of_employees": null,
 "founded_year": null,
 "founded_month": null,
 "founded_day": null,
 "deadpooled_year": null,
 "deadpooled_month": null,
 "deadpooled_day": null,
 "deadpooled_url": null,
 "tag_list": "",
 "alias_list": "",
 "email_address": "",
 "phone_number": "",
 "description": "Sports Almanac for Amateurs",
 "created_at": "Mon Oct 14 18:14:00 UTC 2013",
 "updated_at": "Mon Oct 14 18:15:04 UTC 2013",
 "overview": "\u003Cp\u003E46Sports is the first sports almanac for amateurs. \u003C/p\u003E",
 "image":
  {"available_sizes":
    [[[150,
       143],
      "http://api-images.crunchbase.com/assets/images/resized/0034/1887/341887v1-max-150x150.png"],
     [[250,
       239],
      "http://api-images.crunchbase.com/assets/images/resized/0034/1887/341887v1-max-250x250.png"],
     [[311,
       298],
      "http://api-images.crunchbase.com/assets/images/resized/0034/1887/341887v1-max-450x450.png"]],
   "attribution": null},
 "products":
  [],
 "relationships":
  [],
 "competitions":
  [],
 "providerships":
  [],
 "total_money_raised": "$0",
 "funding_rounds":
  [],
 "investments":
  [],
 "acquisition": null,
 "acquisitions":
  [],
 "offices":
  [],
 "milestones":
  [],
 "ipo": null,
 "video_embeds":
  [{"embed_code": "\u003Ciframe src=\"//player.vimeo.com/video/58824551\" width=\"430\" height=\"281\" frameborder=\"0\" webkitallowfullscreen mozallowfullscreen allowfullscreen\u003E\u003C/iframe\u003E \u003Cp\u003E\u003Ca href=\"http://vimeo.com/58824551\"\u003E46Sports Teaser (English Version)\u003C/a\u003E from \u003Ca href=\"http://vimeo.com/46sports\"\u003E46Sports\u003C/a\u003E on \u003Ca href=\"https://vimeo.com\"\u003EVimeo\u003C/a\u003E.\u003C/p\u003E",
    "description": ""}],
 "screenshots":
  [{"available_sizes":
     [[[150,
        96],
       "http://api-images.crunchbase.com/assets/images/resized/0034/1886/341886v1-max-150x150.png"],
      [[250,
        161],
       "http://api-images.crunchbase.com/assets/images/resized/0034/1886/341886v1-max-250x250.png"],
      [[450,
        290],
       "http://api-images.crunchbase.com/assets/images/resized/0034/1886/341886v1-max-450x450.png"]],
    "attribution": null}],
 "external_links":
  [],
 "partners":
  []}
