{"name": "4Cable TV",
 "permalink": "4cable-tv",
 "crunchbase_url": "http://www.crunchbase.com/company/4cable-tv",
 "homepage_url": "http://4cable.tv",
 "blog_url": "",
 "blog_feed_url": "",
 "twitter_username": "4Cabletv",
 "category_code": "cleantech",
 "number_of_employees": null,
 "founded_year": 2005,
 "founded_month": null,
 "founded_day": null,
 "deadpooled_year": null,
 "deadpooled_month": null,
 "deadpooled_day": null,
 "deadpooled_url": null,
 "tag_list": "",
 "alias_list": "",
 "email_address": "steve@4cable.tv",
 "phone_number": "+1 843-347-4933",
 "description": "",
 "created_at": "Tue Oct 08 12:13:02 UTC 2013",
 "updated_at": "Fri Dec 20 10:15:46 UTC 2013",
 "overview": "\u003Cp\u003E4Cable TV Inc. is a South Carolina based company providing signal distribution equipment to the cable TV \nindustry throughout the United States and Europe. 4Cable TV Inc. has developed innovative and \nproprietary circuitry that allows a low current 1 GHz CATV amplifier to be constructed with up to a \ndramatic 75% decrease in current power requirements, while maintaining essentially the same operational \nspecifications. \nThe Company began shipping PowerMiser modules in September 2007 and the devices are operating \nflawlessly in the field. These units are based on the Company\u2019s original design (PowerMiser 1). Recently \nthe Company has completed engineering work which results in an additional 50% reduction in power \nrequirements beyond PowerMiser 1, bringing the total reduction to 75% as compared to competitive \nproduct offerings.\u003C/p\u003E",
 "image":
  {"available_sizes":
    [[[150,
       67],
      "http://api-images.crunchbase.com/assets/images/resized/0038/0224/380224v1-max-150x150.png"],
     [[250,
       112],
      "http://api-images.crunchbase.com/assets/images/resized/0038/0224/380224v1-max-250x250.png"],
     [[250,
       112],
      "http://api-images.crunchbase.com/assets/images/resized/0038/0224/380224v1-max-450x450.png"]],
   "attribution": null},
 "products":
  [],
 "relationships":
  [{"is_past": false,
    "title": "President \u0026 CEO",
    "person":
     {"first_name": "Steven",
      "last_name": "K Riche",
      "permalink": "steven-k-riche"}},
   {"is_past": false,
    "title": "CTO",
    "person":
     {"first_name": "Andrew",
      "last_name": "Staniak",
      "permalink": "andrew-staniak"}}],
 "competitions":
  [],
 "providerships":
  [],
 "total_money_raised": "$20.9k",
 "funding_rounds":
  [{"id": 51259,
    "round_code": "seed",
    "source_url": "http://www.sec.gov/Archives/edgar/data/1421901/000142190113000007/xslFormDX01/primary_doc.xml",
    "source_description": "SEC",
    "raised_amount": 20900.0,
    "raised_currency_code": "USD",
    "funded_year": 2013,
    "funded_month": 10,
    "funded_day": 7,
    "investments":
     []}],
 "investments":
  [],
 "acquisition": null,
 "acquisitions":
  [],
 "offices":
  [{"description": "",
    "address1": "1248 Highway",
    "address2": "501 Business",
    "zip_code": "29526",
    "city": "Conway",
    "state_code": "SC",
    "country_code": "USA",
    "latitude": null,
    "longitude": null}],
 "milestones":
  [],
 "ipo": null,
 "video_embeds":
  [],
 "screenshots":
  [{"available_sizes":
     [[[150,
        120],
       "http://api-images.crunchbase.com/assets/images/resized/0038/0225/380225v1-max-150x150.png"],
      [[250,
        200],
       "http://api-images.crunchbase.com/assets/images/resized/0038/0225/380225v1-max-250x250.png"],
      [[450,
        361],
       "http://api-images.crunchbase.com/assets/images/resized/0038/0225/380225v1-max-450x450.png"]],
    "attribution": null}],
 "external_links":
  [],
 "partners":
  []}
