{"name": "6PS Group",
 "permalink": "6ps-group",
 "crunchbase_url": "http://www.crunchbase.com/company/6ps-group",
 "homepage_url": "http://6ps.com",
 "blog_url": "",
 "blog_feed_url": "",
 "twitter_username": "6psgroup",
 "category_code": "consulting",
 "number_of_employees": 14,
 "founded_year": 2009,
 "founded_month": 1,
 "founded_day": 10,
 "deadpooled_year": null,
 "deadpooled_month": null,
 "deadpooled_day": null,
 "deadpooled_url": null,
 "tag_list": "web-development, mobile-development, dev, mobile, web-dev, mobile-apps, apps, product-development, consulting",
 "alias_list": null,
 "email_address": "contact@6ps.com",
 "phone_number": "",
 "description": "Web and mobile dev. agency",
 "created_at": "Mon Sep 09 18:03:52 UTC 2013",
 "updated_at": "Mon Oct 21 22:23:51 UTC 2013",
 "overview": "\u003Cp\u003E6PS Group, LLC provides a full suite of web development, mobile development, graphics design, and video streaming services. With offices in New York, NY and Jo\u00e3o Pessoa - PB, Brazil, our goal is maximize the utility of onshore and offshore resources to provide the highest quality service while delivering the cost savings advantages of a global presence.\u003C/p\u003E",
 "image":
  {"available_sizes":
    [[[150,
       150],
      "http://api-images.crunchbase.com/assets/images/resized/0032/3531/323531v2-max-150x150.png"],
     [[250,
       250],
      "http://api-images.crunchbase.com/assets/images/resized/0032/3531/323531v2-max-250x250.png"],
     [[400,
       400],
      "http://api-images.crunchbase.com/assets/images/resized/0032/3531/323531v2-max-450x450.png"]],
   "attribution": null},
 "products":
  [],
 "relationships":
  [{"is_past": false,
    "title": "Co-founder",
    "person":
     {"first_name": "Jos\u00e9",
      "last_name": "Wilker T de Araujo",
      "permalink": "jos-wilker-t-de-araujo"}},
   {"is_past": false,
    "title": "Co-founder \u0026 CEO",
    "person":
     {"first_name": "Geraldo",
      "last_name": "Ramos",
      "permalink": "geraldo-ramos"}},
   {"is_past": false,
    "title": "COO",
    "person":
     {"first_name": "Chris",
      "last_name": "Miller",
      "permalink": "chris-miller-9"}},
   {"is_past": false,
    "title": "Lead Developer",
    "person":
     {"first_name": "Assis",
      "last_name": "Antunes",
      "permalink": "assis-antunes"}},
   {"is_past": false,
    "title": "Business Development",
    "person":
     {"first_name": "Forest",
      "last_name": "Good",
      "permalink": "forest-good"}},
   {"is_past": true,
    "title": "Director",
    "person":
     {"first_name": "Jos\u00e9",
      "last_name": "Wilker",
      "permalink": "jos-wilker"}}],
 "competitions":
  [],
 "providerships":
  [],
 "total_money_raised": "$0",
 "funding_rounds":
  [],
 "investments":
  [],
 "acquisition": null,
 "acquisitions":
  [],
 "offices":
  [{"description": "Brazil Office",
    "address1": "Rua hermenegildo di Lascio, 267",
    "address2": "",
    "zip_code": "58042",
    "city": "Joao Pessoa",
    "state_code": null,
    "country_code": "BRA",
    "latitude": -7.1222556,
    "longitude": -34.8489314},
   {"description": "NYC Office",
    "address1": "222 Broadway",
    "address2": "19th Floor",
    "zip_code": "10038",
    "city": "New York",
    "state_code": "NY",
    "country_code": "USA",
    "latitude": 40.7802856,
    "longitude": -73.9619047},
   {"description": "Mailing Address",
    "address1": "340 S Lemon Ave #6151",
    "address2": "",
    "zip_code": "91798",
    "city": "Los Angeles",
    "state_code": "CA",
    "country_code": "USA",
    "latitude": null,
    "longitude": null}],
 "milestones":
  [],
 "ipo": null,
 "video_embeds":
  [],
 "screenshots":
  [],
 "external_links":
  [],
 "partners":
  []}
