{"name": "777 Davis",
 "permalink": "777-davis",
 "crunchbase_url": "http://www.crunchbase.com/company/777-davis",
 "homepage_url": null,
 "blog_url": "",
 "blog_feed_url": "",
 "twitter_username": null,
 "category_code": null,
 "number_of_employees": null,
 "founded_year": 2011,
 "founded_month": null,
 "founded_day": null,
 "deadpooled_year": null,
 "deadpooled_month": null,
 "deadpooled_day": null,
 "deadpooled_url": null,
 "tag_list": "",
 "alias_list": "",
 "email_address": "",
 "phone_number": "408-400-0578",
 "description": "",
 "created_at": "Wed Oct 02 06:44:06 UTC 2013",
 "updated_at": "Wed Oct 02 06:44:39 UTC 2013",
 "overview": "\u003Cp\u003E777 Davis Holdings, LLC operates in the technology sector. The company was incorporated in 2011 and is based in San Leandro, California.\u003C/p\u003E",
 "image": null,
 "products":
  [],
 "relationships":
  [],
 "competitions":
  [],
 "providerships":
  [],
 "total_money_raised": "$2.88M",
 "funding_rounds":
  [{"id": 50582,
    "round_code": "seed",
    "source_url": "http://www.sec.gov/Archives/edgar/data/1532596/000153259611000001/xslFormDX01/primary_doc.xml",
    "source_description": "SEC",
    "raised_amount": 2875000.0,
    "raised_currency_code": "USD",
    "funded_year": 2011,
    "funded_month": 10,
    "funded_day": 3,
    "investments":
     []}],
 "investments":
  [],
 "acquisition": null,
 "acquisitions":
  [],
 "offices":
  [{"description": "",
    "address1": "",
    "address2": "Suite 250",
    "zip_code": "94577",
    "city": "San Leandro",
    "state_code": "CA",
    "country_code": "USA",
    "latitude": null,
    "longitude": null}],
 "milestones":
  [],
 "ipo": null,
 "video_embeds":
  [],
 "screenshots":
  [],
 "external_links":
  [],
 "partners":
  []}
