{"name": "7Puentes",
 "permalink": "7puentes",
 "crunchbase_url": "http://www.crunchbase.com/company/7puentes",
 "homepage_url": "http://7puentes.com",
 "blog_url": "http://7puentes.com/blog",
 "blog_feed_url": "",
 "twitter_username": "sietepuentes",
 "category_code": "analytics",
 "number_of_employees": 11,
 "founded_year": 2008,
 "founded_month": 3,
 "founded_day": 14,
 "deadpooled_year": null,
 "deadpooled_month": null,
 "deadpooled_day": null,
 "deadpooled_url": null,
 "tag_list": "big-data, hadoop, cloudera, recommender-systems, web-intelligence, customer-intelligence, social-media-analytics",
 "alias_list": null,
 "email_address": "info@7puentes.com",
 "phone_number": "+541142025487",
 "description": "Big Data Intelligence",
 "created_at": "Thu Oct 03 13:38:51 UTC 2013",
 "updated_at": "Thu Apr 03 07:51:34 UTC 2014",
 "overview": "\u003Cp\u003EBuilds Big Data applications and products exploiting big data sources arising social media, mobile devices and web customer intelligence, using new big-data platforms based on the \u0026#8216;map-reduce\u0026#8217; parallel programming paradigm. \u003C/p\u003E\n\n\u003Cp\u003EMenta is their main big data product, a full equiped personalization systems including: personal recommendations, most similar items, cart abandoned and churn strategies, up sells, metrics dashboard.\u003C/p\u003E\n\n\u003Cp\u003EVentura is their Social media intelligence product, which gathers information from social media sites, using both intrusive or non-intrusive means, from open and closed social networks. Gives organizations deeper and richer insights into business patterns and trends, helping drive operational efficiencies and competitive advantage.\u003C/p\u003E\n\n\u003Cp\u003E7Puentes has the ability to solve business problems and provide new business opportunities. This simple shift can transform the perspective, changing big data from a technological problem to a business solution.\u003C/p\u003E\n\n\u003Cp\u003E7Puentes partners with Cloudera, the largest ecosystem in the Hadoop market, to deliver an affordable, scalable and fully supported big data infrastructure without the risks of a custom built solution.\u003C/p\u003E",
 "image":
  {"available_sizes":
    [[[150,
       42],
      "http://api-images.crunchbase.com/assets/images/resized/0033/6710/336710v2-max-150x150.jpg"],
     [[250,
       70],
      "http://api-images.crunchbase.com/assets/images/resized/0033/6710/336710v2-max-250x250.jpg"],
     [[275,
       77],
      "http://api-images.crunchbase.com/assets/images/resized/0033/6710/336710v2-max-450x450.jpg"]],
   "attribution": null},
 "products":
  [],
 "relationships":
  [{"is_past": false,
    "title": "Business Developer and Director",
    "person":
     {"first_name": "Luciano",
      "last_name": "Ordo\u00f1ez",
      "permalink": "luciano-ordoez-2"}}],
 "competitions":
  [],
 "providerships":
  [],
 "total_money_raised": "$0",
 "funding_rounds":
  [],
 "investments":
  [],
 "acquisition": null,
 "acquisitions":
  [],
 "offices":
  [{"description": "Headquarters",
    "address1": "Alem 1303",
    "address2": "Buenos Aires",
    "zip_code": "1828",
    "city": "Banfield",
    "state_code": null,
    "country_code": "ARG",
    "latitude": null,
    "longitude": null}],
 "milestones":
  [],
 "ipo": null,
 "video_embeds":
  [],
 "screenshots":
  [],
 "external_links":
  [],
 "partners":
  []}
