{"name": "8 BitFit",
 "permalink": "8-bitfit",
 "crunchbase_url": "http://www.crunchbase.com/company/8-bitfit",
 "homepage_url": "http://www.8bitifit.com",
 "blog_url": "http://www.8bitfit.com/blog",
 "blog_feed_url": "http://8bitfit.com/?feed=rss",
 "twitter_username": "8bitfit",
 "category_code": "games_video",
 "number_of_employees": 4,
 "founded_year": 2012,
 "founded_month": null,
 "founded_day": null,
 "deadpooled_year": null,
 "deadpooled_month": null,
 "deadpooled_day": null,
 "deadpooled_url": null,
 "tag_list": "iphone, running, runkeeper, nike, fitness, gamification, health, app, mobile-game",
 "alias_list": null,
 "email_address": "edward@8bitfit.com",
 "phone_number": "802-488-0431",
 "description": "Gamification of running",
 "created_at": "Tue Sep 03 19:56:32 UTC 2013",
 "updated_at": "Thu Jan 23 11:48:33 UTC 2014",
 "overview": "\u003Cp\u003E8BitFit is a platform for mobile games played by tracking fitness activities. It uses game elements, social connections, motivational cues \u0026amp; engaging design to help people reach their fitness goals. It makes fitness tracking much more fun.\u003C/p\u003E\n\n\u003Cp\u003E8BitFit is the only fitness tracking app with a built-in store for people to download minigames based on their goals.\u003C/p\u003E\n\n\u003Cp\u003EThe iOS app includes two free games.\u003C/p\u003E",
 "image":
  {"available_sizes":
    [[[150,
       150],
      "http://api-images.crunchbase.com/assets/images/resized/0031/9866/319866v4-max-150x150.jpg"],
     [[200,
       200],
      "http://api-images.crunchbase.com/assets/images/resized/0031/9866/319866v4-max-250x250.jpg"],
     [[200,
       200],
      "http://api-images.crunchbase.com/assets/images/resized/0031/9866/319866v4-max-450x450.jpg"]],
   "attribution": null},
 "products":
  [],
 "relationships":
  [{"is_past": false,
    "title": "Founder",
    "person":
     {"first_name": "Edward",
      "last_name": "Shepard",
      "permalink": "edward-shepard"}}],
 "competitions":
  [{"competitor":
     {"name": "Zombies Run!",
      "permalink": "zombies-run"}}],
 "providerships":
  [],
 "total_money_raised": "$0",
 "funding_rounds":
  [],
 "investments":
  [],
 "acquisition": null,
 "acquisitions":
  [],
 "offices":
  [{"description": "8 BitFit",
    "address1": "209 College Street",
    "address2": "3W",
    "zip_code": "05401",
    "city": "Burlington",
    "state_code": "VT",
    "country_code": "USA",
    "latitude": 44.477027,
    "longitude": -73.211482}],
 "milestones":
  [],
 "ipo": null,
 "video_embeds":
  [{"embed_code": "\u003Ciframe src=\"//player.vimeo.com/video/84526810\" width=\"430\" height=\"253\" frameborder=\"0\" webkitallowfullscreen mozallowfullscreen allowfullscreen\u003E\u003C/iframe\u003E ",
    "description": "\u003Cp\u003EBrief preview of 8BitFit.\u003C/p\u003E"},
   {"embed_code": "\u003Ciframe src=\"//player.vimeo.com/video/84526810\" width=\"430\" height=\"253\" frameborder=\"0\" webkitallowfullscreen mozallowfullscreen allowfullscreen\u003E\u003C/iframe\u003E",
    "description": "\u003Cp\u003EBrief preview of 8BitFit.\u003C/p\u003E"}],
 "screenshots":
  [{"available_sizes":
     [[[150,
        63],
       "http://api-images.crunchbase.com/assets/images/resized/0032/1089/321089v1-max-150x150.png"],
      [[250,
        105],
       "http://api-images.crunchbase.com/assets/images/resized/0032/1089/321089v1-max-250x250.png"],
      [[450,
        189],
       "http://api-images.crunchbase.com/assets/images/resized/0032/1089/321089v1-max-450x450.png"]],
    "attribution": null}],
 "external_links":
  [],
 "partners":
  [{"partner_name": "angel_list",
    "homepage_url": "http://www.8bitfit.com",
    "link_1_url": "https://angel.co/8bitfit",
    "link_2_url": null,
    "link_3_url": null,
    "link_1_name": "AngelList Page",
    "link_2_name": null,
    "link_3_name": null}]}
