{"name": "99Gamers",
 "permalink": "99gamers",
 "crunchbase_url": "http://www.crunchbase.com/company/99gamers",
 "homepage_url": "http://www.99gamers.com",
 "blog_url": "",
 "blog_feed_url": "",
 "twitter_username": "99_Gamers",
 "category_code": "ecommerce",
 "number_of_employees": 2,
 "founded_year": null,
 "founded_month": null,
 "founded_day": null,
 "deadpooled_year": null,
 "deadpooled_month": null,
 "deadpooled_day": null,
 "deadpooled_url": null,
 "tag_list": "video-games, trading, video-game-community, used-video-games, ecommerce, peer-to-peer-trading",
 "alias_list": null,
 "email_address": "hi@99gamers.com",
 "phone_number": "",
 "description": "Free Video Game Trading",
 "created_at": "Fri Aug 30 01:43:19 UTC 2013",
 "updated_at": "Mon Sep 02 04:15:58 UTC 2013",
 "overview": "\u003Cp\u003E99Gamers allows you to trade your old video games for new ones.\u003C/p\u003E\n\n\u003Cp\u003EAdd your unwanted video games and sell them to other members for a virtual currency called \u0026#8216;coins\u0026#8217;. Spend earned coins to buy more games.\u003C/p\u003E",
 "image":
  {"available_sizes":
    [[[150,
       37],
      "http://api-images.crunchbase.com/assets/images/resized/0031/6931/316931v2-max-150x150.png"],
     [[250,
       62],
      "http://api-images.crunchbase.com/assets/images/resized/0031/6931/316931v2-max-250x250.png"],
     [[400,
       100],
      "http://api-images.crunchbase.com/assets/images/resized/0031/6931/316931v2-max-450x450.png"]],
   "attribution": null},
 "products":
  [],
 "relationships":
  [],
 "competitions":
  [],
 "providerships":
  [],
 "total_money_raised": "$0",
 "funding_rounds":
  [],
 "investments":
  [],
 "acquisition": null,
 "acquisitions":
  [],
 "offices":
  [],
 "milestones":
  [],
 "ipo": null,
 "video_embeds":
  [],
 "screenshots":
  [],
 "external_links":
  [],
 "partners":
  []}
