{"name": "9Lenses",
 "permalink": "9lenses",
 "crunchbase_url": "http://www.crunchbase.com/company/9lenses",
 "homepage_url": "http://9lenses.com",
 "blog_url": "http://www.9lenses.com/blog",
 "blog_feed_url": "",
 "twitter_username": "9Lenses",
 "category_code": "software",
 "number_of_employees": null,
 "founded_year": 2010,
 "founded_month": null,
 "founded_day": null,
 "deadpooled_year": null,
 "deadpooled_month": null,
 "deadpooled_day": null,
 "deadpooled_url": null,
 "tag_list": "",
 "alias_list": "",
 "email_address": "info@9Lenses.com",
 "phone_number": "877.891.2009",
 "description": "",
 "created_at": "Tue Sep 10 12:48:56 UTC 2013",
 "updated_at": "Wed Feb 12 06:52:28 UTC 2014",
 "overview": "\u003Cp\u003E9Lenses, founded in 2011, is a leading provider of cloud-based Enterprise Performance Software, and delivers a breakthrough insight platform for the most critical resource in your business \u2013 your people. With a fast growing customer set, we empower our customers to have a quantifiable approach for driving clarity, collective learning, and alignment. Determine how your business performs across all 9Lenses today, through the eyes of your key stakeholders. \u003C/p\u003E",
 "image":
  {"available_sizes":
    [[[150,
       37],
      "http://api-images.crunchbase.com/assets/images/resized/0032/4209/324209v1-max-150x150.png"],
     [[206,
       51],
      "http://api-images.crunchbase.com/assets/images/resized/0032/4209/324209v1-max-250x250.png"],
     [[206,
       51],
      "http://api-images.crunchbase.com/assets/images/resized/0032/4209/324209v1-max-450x450.png"]],
   "attribution": null},
 "products":
  [],
 "relationships":
  [{"is_past": false,
    "title": "Founder \u0026 CEO",
    "person":
     {"first_name": "Edwin",
      "last_name": "Miller",
      "permalink": "edwin-miller"}},
   {"is_past": false,
    "title": "Board of Directors",
    "person":
     {"first_name": "John",
      "last_name": "Burton",
      "permalink": "john-burton"}}],
 "competitions":
  [],
 "providerships":
  [],
 "total_money_raised": "$4.1M",
 "funding_rounds":
  [{"id": 48259,
    "round_code": "a",
    "source_url": "http://www.finsmes.com/2013/09/9lenses-closes-series-funding.html",
    "source_description": "9Lenses closes Series A funding",
    "raised_amount": 3000000.0,
    "raised_currency_code": "USD",
    "funded_year": 2013,
    "funded_month": 9,
    "funded_day": 12,
    "investments":
     [{"company": null,
       "financial_org":
        {"name": "Kinetic Ventures",
         "permalink": "kinetic-ventures"},
       "person": null},
      {"company":
        {"name": "Corporate Executive Board(CEB)",
         "permalink": "corporate-executive-board-ceb"},
       "financial_org": null,
       "person": null}]},
   {"id": 53097,
    "round_code": "a",
    "source_url": "http://www.finsmes.com/2013/10/9lenses-closes-additional-1-1m-funding.html",
    "source_description": "9Lenses Closes Additional $1.1M Funding",
    "raised_amount": 1100000.0,
    "raised_currency_code": "USD",
    "funded_year": 2013,
    "funded_month": 10,
    "funded_day": 29,
    "investments":
     [{"company": null,
       "financial_org":
        {"name": "Icon Venture Partners",
         "permalink": "icon-venture-partners"},
       "person": null},
      {"company": null,
       "financial_org":
        {"name": "Kinetic Ventures",
         "permalink": "kinetic-ventures"},
       "person": null},
      {"company":
        {"name": "Corporate Executive Board(CEB)",
         "permalink": "corporate-executive-board-ceb"},
       "financial_org": null,
       "person": null}]}],
 "investments":
  [],
 "acquisition": null,
 "acquisitions":
  [],
 "offices":
  [{"description": "Headquarters",
    "address1": "45610 Woodland Dr.",
    "address2": "Suite 175",
    "zip_code": "20166",
    "city": "Sterling",
    "state_code": "VA",
    "country_code": "USA",
    "latitude": null,
    "longitude": null}],
 "milestones":
  [],
 "ipo": null,
 "video_embeds":
  [],
 "screenshots":
  [{"available_sizes":
     [[[150,
        69],
       "http://api-images.crunchbase.com/assets/images/resized/0032/4210/324210v1-max-150x150.png"],
      [[250,
        116],
       "http://api-images.crunchbase.com/assets/images/resized/0032/4210/324210v1-max-250x250.png"],
      [[450,
        209],
       "http://api-images.crunchbase.com/assets/images/resized/0032/4210/324210v1-max-450x450.png"]],
    "attribution": null}],
 "external_links":
  [],
 "partners":
  []}
