{"name": "9toppiks",
 "permalink": "9toppiks",
 "crunchbase_url": "http://www.crunchbase.com/company/9toppiks",
 "homepage_url": "http://www.9toppiks.com",
 "blog_url": "",
 "blog_feed_url": "",
 "twitter_username": null,
 "category_code": "web",
 "number_of_employees": 4,
 "founded_year": 2013,
 "founded_month": null,
 "founded_day": null,
 "deadpooled_year": null,
 "deadpooled_month": null,
 "deadpooled_day": null,
 "deadpooled_url": null,
 "tag_list": "directory, reviews, comparision, social-search",
 "alias_list": null,
 "email_address": "venkat@9toppiks.com",
 "phone_number": "",
 "description": "dmoz + Yelp for Web",
 "created_at": "Sat Sep 28 14:35:49 UTC 2013",
 "updated_at": "Mon Sep 30 23:11:44 UTC 2013",
 "overview": "\u003Cp\u003ECrowd-sourced Web Directory + Personalized Web Discovery\u003C/p\u003E\n\n\u003Cp\u003E9toppiks is a Crowd-sourced platform that provides the most authentic and relevant data for all who search on web and evolve as the best online data analytics provider.\u003C/p\u003E",
 "image": null,
 "products":
  [],
 "relationships":
  [{"is_past": false,
    "title": "Director, Products",
    "person":
     {"first_name": "Venkat",
      "last_name": "Raju",
      "permalink": "venkat-raju"}}],
 "competitions":
  [],
 "providerships":
  [],
 "total_money_raised": "$0",
 "funding_rounds":
  [],
 "investments":
  [],
 "acquisition": null,
 "acquisitions":
  [],
 "offices":
  [{"description": "",
    "address1": "",
    "address2": "",
    "zip_code": "",
    "city": "Hyderabad",
    "state_code": null,
    "country_code": "IND",
    "latitude": null,
    "longitude": null}],
 "milestones":
  [],
 "ipo": null,
 "video_embeds":
  [],
 "screenshots":
  [],
 "external_links":
  [],
 "partners":
  []}
