{"name": "a|muse Digital",
 "permalink": "a-muse-digital",
 "crunchbase_url": "http://www.crunchbase.com/company/a-muse-digital",
 "homepage_url": "http://www.amusedigital.com",
 "blog_url": "",
 "blog_feed_url": "",
 "twitter_username": "amusedigital",
 "category_code": "local",
 "number_of_employees": 22,
 "founded_year": 2013,
 "founded_month": null,
 "founded_day": null,
 "deadpooled_year": null,
 "deadpooled_month": null,
 "deadpooled_day": null,
 "deadpooled_url": null,
 "tag_list": "digital-marketing, internet-marketing, digital-agency, marketing-agency, marketing, agency, digital-strategy, marketing-strategy, full-service-marketing, ppc, pay-per-click, seo, search-engine-optimization",
 "alias_list": null,
 "email_address": "info@amusedigital.com",
 "phone_number": "713-362-6873",
 "description": "",
 "created_at": "Mon Oct 07 11:33:24 UTC 2013",
 "updated_at": "Mon Oct 07 22:50:17 UTC 2013",
 "overview": "\u003Cp\u003EThis day forward, we\u0026#8217;re a|muse. A digital agency singularly focused on accomplishing one objective: connecting your brand to empowered consumers through an integrated strategy optimized for the digital space. Start your a|muse journey here.\u003C/p\u003E\n\n\u003Cp\u003Ea|muse is new. But we\u0026#8217;re digital descendants of Hearst, the media powerhouse that has been a force for over 125 years. We\u0026#8217;re also proud of our Texas roots and Houston base. Like Texas, we have an expansive view of what\u0026#8217;s possible and the talent to pull it off.\u003C/p\u003E",
 "image":
  {"available_sizes":
    [[[150,
       150],
      "http://api-images.crunchbase.com/assets/images/resized/0033/8249/338249v2-max-150x150.jpg"],
     [[180,
       180],
      "http://api-images.crunchbase.com/assets/images/resized/0033/8249/338249v2-max-250x250.jpg"],
     [[180,
       180],
      "http://api-images.crunchbase.com/assets/images/resized/0033/8249/338249v2-max-450x450.jpg"]],
   "attribution": null},
 "products":
  [],
 "relationships":
  [],
 "competitions":
  [],
 "providerships":
  [],
 "total_money_raised": "$0",
 "funding_rounds":
  [],
 "investments":
  [],
 "acquisition": null,
 "acquisitions":
  [],
 "offices":
  [],
 "milestones":
  [],
 "ipo": null,
 "video_embeds":
  [],
 "screenshots":
  [],
 "external_links":
  [],
 "partners":
  []}
