{"name": "A\u0026S Construction Services",
 "permalink": "a-s-construction-services",
 "crunchbase_url": "http://www.crunchbase.com/company/a-s-construction-services",
 "homepage_url": "http://www.a-sconstructionservices.com",
 "blog_url": "",
 "blog_feed_url": "",
 "twitter_username": "ASConstruction1",
 "category_code": "local",
 "number_of_employees": 2,
 "founded_year": 2013,
 "founded_month": 2,
 "founded_day": 4,
 "deadpooled_year": null,
 "deadpooled_month": null,
 "deadpooled_day": null,
 "deadpooled_url": null,
 "tag_list": "roofing--contractor",
 "alias_list": "",
 "email_address": "steve.asconstruction@gmail.com",
 "phone_number": "303-430-7663",
 "description": "Roofing Contractor",
 "created_at": "Tue Sep 17 02:42:19 UTC 2013",
 "updated_at": "Tue Sep 17 21:24:12 UTC 2013",
 "overview": "\u003Cp\u003ELocally owned and operated Roofing Contractor\u003C/p\u003E\n\n\u003Cp\u003EResidential and commercial roofing, gutters, siding, windows, painting, decks\u003C/p\u003E",
 "image":
  {"available_sizes":
    [[[150,
       68],
      "http://api-images.crunchbase.com/assets/images/resized/0032/7795/327795v2-max-150x150.png"],
     [[250,
       114],
      "http://api-images.crunchbase.com/assets/images/resized/0032/7795/327795v2-max-250x250.png"],
     [[450,
       206],
      "http://api-images.crunchbase.com/assets/images/resized/0032/7795/327795v2-max-450x450.png"]],
   "attribution": null},
 "products":
  [],
 "relationships":
  [{"is_past": false,
    "title": "President",
    "person":
     {"first_name": "Steve",
      "last_name": "Kasza",
      "permalink": "steve-kasza"}}],
 "competitions":
  [],
 "providerships":
  [],
 "total_money_raised": "$0",
 "funding_rounds":
  [],
 "investments":
  [],
 "acquisition": null,
 "acquisitions":
  [],
 "offices":
  [{"description": "Office-Headquarters",
    "address1": "8791 Wolff Court",
    "address2": "Suite 110",
    "zip_code": "80031",
    "city": "Westminster",
    "state_code": "CO",
    "country_code": "USA",
    "latitude": null,
    "longitude": null}],
 "milestones":
  [],
 "ipo": null,
 "video_embeds":
  [],
 "screenshots":
  [],
 "external_links":
  [],
 "partners":
  []}
