{"name": "A5 Internet Investments",
 "permalink": "a5-internet-investments",
 "crunchbase_url": "http://www.crunchbase.com/company/a5-internet-investments",
 "homepage_url": "http://www.a5.com.br",
 "blog_url": "",
 "blog_feed_url": "",
 "twitter_username": "a5Internet",
 "category_code": null,
 "number_of_employees": null,
 "founded_year": 1995,
 "founded_month": null,
 "founded_day": null,
 "deadpooled_year": null,
 "deadpooled_month": null,
 "deadpooled_day": null,
 "deadpooled_url": null,
 "tag_list": null,
 "alias_list": "",
 "email_address": "contato@a5.com.br",
 "phone_number": "+55 11 3034.3703",
 "description": "",
 "created_at": "Sun Sep 08 07:22:35 UTC 2013",
 "updated_at": "Thu Jan 02 11:36:25 UTC 2014",
 "overview": "\u003Cp\u003EA5 Internet Investments Builder is a Company with a focus on digital products and services such as e-commerce, digital media and financial services, always working closely with entrepreneurs in their professional growth and the formation of new business leaders in Brazil.\u003C/p\u003E",
 "image":
  {"available_sizes":
    [[[135,
       106],
      "http://api-images.crunchbase.com/assets/images/resized/0038/7005/387005v2-max-150x150.png"],
     [[135,
       106],
      "http://api-images.crunchbase.com/assets/images/resized/0038/7005/387005v2-max-250x250.png"],
     [[135,
       106],
      "http://api-images.crunchbase.com/assets/images/resized/0038/7005/387005v2-max-450x450.png"]],
   "attribution": null},
 "products":
  [],
 "relationships":
  [{"is_past": false,
    "title": "CEO",
    "person":
     {"first_name": "Paulo",
      "last_name": "Humberg",
      "permalink": "paulo-humberg"}}],
 "competitions":
  [],
 "providerships":
  [],
 "total_money_raised": "$0",
 "funding_rounds":
  [],
 "investments":
  [],
 "acquisition": null,
 "acquisitions":
  [],
 "offices":
  [{"description": "",
    "address1": "",
    "address2": "Av. Brigadeiro Faria Lima, 1478 \u2013 15\u00b0 Andar \u2013 Jd. Paulistano",
    "zip_code": "",
    "city": "S\u00e3o Paulo",
    "state_code": null,
    "country_code": "BRA",
    "latitude": null,
    "longitude": null}],
 "milestones":
  [],
 "ipo": null,
 "video_embeds":
  [],
 "screenshots":
  [{"available_sizes":
     [[[150,
        87],
       "http://api-images.crunchbase.com/assets/images/resized/0038/7012/387012v1-max-150x150.png"],
      [[250,
        145],
       "http://api-images.crunchbase.com/assets/images/resized/0038/7012/387012v1-max-250x250.png"],
      [[450,
        262],
       "http://api-images.crunchbase.com/assets/images/resized/0038/7012/387012v1-max-450x450.png"]],
    "attribution": null}],
 "external_links":
  [],
 "partners":
  []}
