{"name": "aakarsoft technologies",
 "permalink": "aakarsoft-technologies",
 "crunchbase_url": "http://www.crunchbase.com/company/aakarsoft-technologies",
 "homepage_url": "http://www.aakarsoft.com",
 "blog_url": "",
 "blog_feed_url": "",
 "twitter_username": null,
 "category_code": "design",
 "number_of_employees": 10,
 "founded_year": 2009,
 "founded_month": 9,
 "founded_day": 2,
 "deadpooled_year": null,
 "deadpooled_month": null,
 "deadpooled_day": null,
 "deadpooled_url": null,
 "tag_list": "website-designer-in-mumbai, website-designer-in-miraroad",
 "alias_list": null,
 "email_address": "hello@aakarsoft.com",
 "phone_number": "",
 "description": "Web Design and Development",
 "created_at": "Fri Oct 04 07:25:28 UTC 2013",
 "updated_at": "Fri Oct 04 17:52:51 UTC 2013",
 "overview": "\u003Cp\u003EWelcome to desiging segment of aakarsoft. At aakarsoft we have one of the best team of graphics and website designers to offers you a comprehensive list of services to meet all your web design and development needs.\u003C/p\u003E\n\n\u003Cp\u003EWe believes that with good web design a site attracts interest at the outset and should inspire your audience to stay on the site for the longest time possible.\u003C/p\u003E\n\n\u003Cp\u003EOur team will guide you through the process of understanding and choice, learning which solution will best suite your needs and your budget. Our team will work with your company to develop a strategy that encompasses all aspects of your business and strategy.\u003C/p\u003E\n\n\u003Cp\u003EYears of experience and skill makes it possible for us to design websites that meet client requirements and website objectives. From static HTML based websites to DB (database) driven e-Commerce or Portal website development.\u003C/p\u003E\n\n\u003Cp\u003ENeed to market your business through a website, then Aakarsoft is the right kind of company to partner with for an excellent quality assistance in all sorts of website designing and development requirements.\u003C/p\u003E",
 "image": null,
 "products":
  [],
 "relationships":
  [],
 "competitions":
  [],
 "providerships":
  [],
 "total_money_raised": "$0",
 "funding_rounds":
  [],
 "investments":
  [],
 "acquisition": null,
 "acquisitions":
  [],
 "offices":
  [],
 "milestones":
  [],
 "ipo": null,
 "video_embeds":
  [],
 "screenshots":
  [],
 "external_links":
  [],
 "partners":
  []}
