{"name": "ABBYY Language Services",
 "permalink": "abbyy-language-services",
 "crunchbase_url": "http://www.crunchbase.com/company/abbyy-language-services",
 "homepage_url": "http://www.abbyy-ls.com",
 "blog_url": "",
 "blog_feed_url": "",
 "twitter_username": null,
 "category_code": null,
 "number_of_employees": 125,
 "founded_year": 1989,
 "founded_month": null,
 "founded_day": null,
 "deadpooled_year": null,
 "deadpooled_month": null,
 "deadpooled_day": null,
 "deadpooled_url": null,
 "tag_list": "language-services, translation-solutions, translation-technology, machine-translation",
 "alias_list": null,
 "email_address": "info.usa@abbyy-ls.com",
 "phone_number": "",
 "description": "Linguistic Technologies \u0026 Services",
 "created_at": "Mon Sep 09 03:31:48 UTC 2013",
 "updated_at": "Mon Feb 17 10:29:01 UTC 2014",
 "overview": "\u003Cp\u003EABBYY Language Services (www.abbyy-ls.com) is the largest language technology and services provider in Russia and CIS region. The company has been repeatedly ranked by Common Sense Advisory among the top 100 language services and technologies providers out of 26,000+ translation companies worldwide and the third largest in Eastern Europe. ABBYY Language Services provides localization into over 80 languages as well as helps streamline multilingual content maintenance by means of translation workflow automation and cutting-edge linguistic technology solutions.\nAdvanced technological background of the company is related to ABBYY Language Services being a part of ABBYY Group. This, together with professional translation competencies developed throughout 20 years of operation on the market, allow ABBYY Language Services to handle the most challenging projects in translation and localization.\u003C/p\u003E\n\n\u003Cp\u003EABBYY Language Services revenue comes from two main areas:\u003C/p\u003E\n\n\u003Cp\u003E1) Language Services\n\u2022 We serve more than 2000 corporate clients including 25 companies in the TOP 100 Global Brands and 35 Fortune 500 companies, providing the translation and localization services into over 80 languages.\n\u2022 We currently have almost 100 000 projects completed\n\u2022 We have a global workforce of more than 1000 professional translators, editors and proofreaders working each day.\u003C/p\u003E\n\n\u003Cp\u003E2) Language Solutions and Technologies\n\u2022 We offer special Terminology management solution, Cloud-based translation platform and professional CAT tool, Machine translation facilities and Enterprise- or domain-specific MT engines delivery, Online translation services, Solutions for Translation workflow automation and much more.\n\u2022 In ABBYY LS we run dedicated in-house team of more than 30 software engineers focusing on development of translation automation technologies.\u003C/p\u003E\n\n\u003Cp\u003ESemantic technologies/Natural language processing\nABBYY Compreno technology is the first ever commercial implementation of an approach that integrates a language-independent semantic hierarchy, syntax, and statistics, even though research in the area has been going on for the last 50 years.\nBased on this technology ABBYY developed solutions for Translation, Extraction and Analysis of data, Smart Search and Text analysis which have already shown impressive results in industry.\nThe total amount of the R\u0026amp;D employees in ABBYY exceeds 500 people, the most of which are focused on the linguistic technologies development.\u003C/p\u003E\n\n\u003Cp\u003EDictionary creation (lexicography)\nABBYY has its own team of lexicographers who, so far, have developed 40 dictionaries, released in collaboration with leading Russian dictionary authors. The most important dictionaries are being constantly improved and updated by ABBYY. In 2007 a subsidiary publishing company, ABBYY\nPress, was established inheriting over 250 dictionaries and reference content from Russia\u2019s largest Publishers, Russo and Russkiy Yazik. \u003C/p\u003E\n\n\u003Cp\u003EDue to the popularity of ABBYY\u2019s electronic dictionary Lingvo in Russia and the CIS countries and public online dictionary service Lingvo Online, ABBYY has been developing its community dedicated to lexicographic work in general and updating the dictionaries, in particular.\u003C/p\u003E",
 "image":
  {"available_sizes":
    [[[150,
       76],
      "http://api-images.crunchbase.com/assets/images/resized/0041/6260/416260v2-max-150x150.png"],
     [[217,
       110],
      "http://api-images.crunchbase.com/assets/images/resized/0041/6260/416260v2-max-250x250.png"],
     [[217,
       110],
      "http://api-images.crunchbase.com/assets/images/resized/0041/6260/416260v2-max-450x450.png"]],
   "attribution": null},
 "products":
  [],
 "relationships":
  [],
 "competitions":
  [],
 "providerships":
  [],
 "total_money_raised": "$0",
 "funding_rounds":
  [],
 "investments":
  [],
 "acquisition": null,
 "acquisitions":
  [],
 "offices":
  [{"description": "ABBYY LS USA",
    "address1": "880 North McCarthy Boulevard, Suite 220",
    "address2": "",
    "zip_code": "95035",
    "city": "Milpitas",
    "state_code": "CA",
    "country_code": "USA",
    "latitude": null,
    "longitude": null}],
 "milestones":
  [],
 "ipo": null,
 "video_embeds":
  [],
 "screenshots":
  [],
 "external_links":
  [],
 "partners":
  []}
