{"name": "Ability Dynamics",
 "permalink": "ability-dynamics",
 "crunchbase_url": "http://www.crunchbase.com/company/ability-dynamics",
 "homepage_url": "http://www.abilitydynamics.com",
 "blog_url": "",
 "blog_feed_url": "",
 "twitter_username": "rushfoot",
 "category_code": "medical",
 "number_of_employees": null,
 "founded_year": 2009,
 "founded_month": null,
 "founded_day": null,
 "deadpooled_year": null,
 "deadpooled_month": null,
 "deadpooled_day": null,
 "deadpooled_url": null,
 "tag_list": "",
 "alias_list": "",
 "email_address": "",
 "phone_number": "480.361.1714",
 "description": "",
 "created_at": "Fri Aug 30 11:00:39 UTC 2013",
 "updated_at": "Fri Aug 30 11:00:38 UTC 2013",
 "overview": "\u003Cp\u003EAbility Dynamics is a medical device company created with a passion for amputees through the utilization of advanced technology. Through the use of a new and proprietary non-carbon fiber composite, trademarked as Flexeon, the RUSH foot exhibits 2-3 times more flexibility than carbon fiber feet currently on the market without sacrificing the durability and integrity. Radical Simplicity has been the over riding theme of our 1st product launched in September of 2012, the RUSH Foot by Ability Dynamics\u003C/p\u003E",
 "image":
  {"available_sizes":
    [[[150,
       56],
      "http://api-images.crunchbase.com/assets/images/resized/0031/7479/317479v1-max-150x150.png"],
     [[190,
       72],
      "http://api-images.crunchbase.com/assets/images/resized/0031/7479/317479v1-max-250x250.png"],
     [[190,
       72],
      "http://api-images.crunchbase.com/assets/images/resized/0031/7479/317479v1-max-450x450.png"]],
   "attribution": null},
 "products":
  [],
 "relationships":
  [{"is_past": false,
    "title": "Vice President",
    "person":
     {"first_name": "Keith",
      "last_name": "B. Smith",
      "permalink": "keith-b-smith"}},
   {"is_past": false,
    "title": "Manager",
    "person":
     {"first_name": "Joseph",
      "last_name": "Blount Swain",
      "permalink": "joseph-blount-swain"}}],
 "competitions":
  [],
 "providerships":
  [],
 "total_money_raised": "$1.5M",
 "funding_rounds":
  [{"id": 47196,
    "round_code": "seed",
    "source_url": "http://www.sec.gov/Archives/edgar/data/1543146/000154314612000001/xslFormDX01/primary_doc.xml",
    "source_description": "SEC",
    "raised_amount": 1500000.0,
    "raised_currency_code": "USD",
    "funded_year": 2012,
    "funded_month": 2,
    "funded_day": 20,
    "investments":
     []}],
 "investments":
  [],
 "acquisition": null,
 "acquisitions":
  [],
 "offices":
  [{"description": "",
    "address1": "",
    "address2": "2082 E. University Drive",
    "zip_code": "85281",
    "city": "Tempe",
    "state_code": "AZ",
    "country_code": "USA",
    "latitude": null,
    "longitude": null}],
 "milestones":
  [],
 "ipo": null,
 "video_embeds":
  [],
 "screenshots":
  [{"available_sizes":
     [[[150,
        69],
       "http://api-images.crunchbase.com/assets/images/resized/0031/7478/317478v1-max-150x150.png"],
      [[250,
        115],
       "http://api-images.crunchbase.com/assets/images/resized/0031/7478/317478v1-max-250x250.png"],
      [[450,
        207],
       "http://api-images.crunchbase.com/assets/images/resized/0031/7478/317478v1-max-450x450.png"]],
    "attribution": null}],
 "external_links":
  [],
 "partners":
  []}
