{"name": "AbitibiBowater",
 "permalink": "abitibibowater",
 "crunchbase_url": "http://www.crunchbase.com/company/abitibibowater",
 "homepage_url": null,
 "blog_url": null,
 "blog_feed_url": null,
 "twitter_username": null,
 "category_code": null,
 "number_of_employees": null,
 "founded_year": null,
 "founded_month": null,
 "founded_day": null,
 "deadpooled_year": null,
 "deadpooled_month": null,
 "deadpooled_day": null,
 "deadpooled_url": null,
 "tag_list": null,
 "alias_list": null,
 "email_address": null,
 "phone_number": null,
 "description": null,
 "created_at": "Fri Aug 30 12:08:55 UTC 2013",
 "updated_at": "Fri Aug 30 12:08:55 UTC 2013",
 "overview": null,
 "image": null,
 "products":
  [],
 "relationships":
  [{"is_past": true,
    "title": "President and Chief Executive Officer and a director",
    "person":
     {"first_name": "David",
      "last_name": "Paterson",
      "permalink": "david-paterson"}},
   {"is_past": true,
    "title": "Senior VP Supply Chain",
    "person":
     {"first_name": "Eric",
      "last_name": "Streed",
      "permalink": "eric-streed"}},
   {"is_past": true,
    "title": "Board of Directors",
    "person":
     {"first_name": "Sarah",
      "last_name": "E. Nash",
      "permalink": "sarah-e-nash"}}],
 "competitions":
  [],
 "providerships":
  [],
 "total_money_raised": "$0",
 "funding_rounds":
  [],
 "investments":
  [],
 "acquisition": null,
 "acquisitions":
  [],
 "offices":
  [],
 "milestones":
  [],
 "ipo": null,
 "video_embeds":
  [],
 "screenshots":
  [],
 "external_links":
  [],
 "partners":
  []}
