{"name": "Ablysoft Pvt Ltd",
 "permalink": "ablysoft-pvt-ltd",
 "crunchbase_url": "http://www.crunchbase.com/company/ablysoft-pvt-ltd",
 "homepage_url": "http://www.ablysoft.com",
 "blog_url": "http://ablysoft.weebly.com/blog.html",
 "blog_feed_url": "",
 "twitter_username": "webexpertsindia",
 "category_code": "software",
 "number_of_employees": 50,
 "founded_year": 2004,
 "founded_month": null,
 "founded_day": null,
 "deadpooled_year": null,
 "deadpooled_month": null,
 "deadpooled_day": null,
 "deadpooled_url": null,
 "tag_list": "best-web-development-company, web-design-company, website-developers, web-design-company-india, professional-website-development",
 "alias_list": null,
 "email_address": "info@ablysoft.com",
 "phone_number": "+9193113955 35",
 "description": "Web designing and Development Company",
 "created_at": "Sat Oct 05 06:47:10 UTC 2013",
 "updated_at": "Mon Dec 02 07:04:27 UTC 2013",
 "overview": "\u003Cp\u003EAblysoft is a India based best web design and development company rendering  vast array of web services that includes Custom software development,E-marketing,SEO and website design to global clients\u003C/p\u003E",
 "image":
  {"available_sizes":
    [[[128,
       62],
      "http://api-images.crunchbase.com/assets/images/resized/0033/7613/337613v2-max-150x150.jpg"],
     [[128,
       62],
      "http://api-images.crunchbase.com/assets/images/resized/0033/7613/337613v2-max-250x250.jpg"],
     [[128,
       62],
      "http://api-images.crunchbase.com/assets/images/resized/0033/7613/337613v2-max-450x450.jpg"]],
   "attribution": null},
 "products":
  [],
 "relationships":
  [{"is_past": false,
    "title": "Founder",
    "person":
     {"first_name": "Manish",
      "last_name": "Bhalla",
      "permalink": "manish-bhalla"}}],
 "competitions":
  [],
 "providerships":
  [],
 "total_money_raised": "$0",
 "funding_rounds":
  [],
 "investments":
  [],
 "acquisition": null,
 "acquisitions":
  [],
 "offices":
  [{"description": "Ablysoft Pvt Ltd",
    "address1": "F-8,1st floor,",
    "address2": "Industrial area",
    "zip_code": "160062",
    "city": "Mohali",
    "state_code": null,
    "country_code": "IND",
    "latitude": null,
    "longitude": null}],
 "milestones":
  [],
 "ipo": null,
 "video_embeds":
  [{"embed_code": "\u003Ciframe width=\"420\" height=\"315\" src=\"//www.youtube.com/embed/f48F8w3dmFI?feature=player_embedded\" frameborder=\"0\" allowfullscreen\u003E\u003C/iframe\u003E",
    "description": "\u003Cp\u003EVideo\u003C/p\u003E"}],
 "screenshots":
  [{"available_sizes":
     [[[150,
        135],
       "http://api-images.crunchbase.com/assets/images/resized/0036/7507/367507v1-max-150x150.jpg"],
      [[250,
        226],
       "http://api-images.crunchbase.com/assets/images/resized/0036/7507/367507v1-max-250x250.jpg"],
      [[317,
        287],
       "http://api-images.crunchbase.com/assets/images/resized/0036/7507/367507v1-max-450x450.jpg"]],
    "attribution": null}],
 "external_links":
  [{"external_url": "http://ablysoft.weebly.com/blog.html",
    "title": ""}],
 "partners":
  [{"partner_name": "angel_list",
    "homepage_url": "http://www.ablysoft.com",
    "link_1_url": "https://angel.co/ablysoft-pvt-ltd?utm_source=crunchbase\u0026utm_medium=link\u0026utm_content=profile\u0026utm_term=ablysoft-pvt-ltd\u0026utm_campaign=crunchbase",
    "link_2_url": null,
    "link_3_url": null,
    "link_1_name": "AngelList Page",
    "link_2_name": null,
    "link_3_name": null}]}
