{"name": "ABOVE Solutions",
 "permalink": "above-solutions",
 "crunchbase_url": "http://www.crunchbase.com/company/above-solutions",
 "homepage_url": "http://above-inc.com",
 "blog_url": "http://above-zone.tumblr.com/",
 "blog_feed_url": "",
 "twitter_username": "aboveinc",
 "category_code": "software",
 "number_of_employees": null,
 "founded_year": 2008,
 "founded_month": 7,
 "founded_day": null,
 "deadpooled_year": null,
 "deadpooled_month": null,
 "deadpooled_day": null,
 "deadpooled_url": null,
 "tag_list": "",
 "alias_list": "",
 "email_address": "info@above-inc.com",
 "phone_number": "+1 781 266 7514",
 "description": "",
 "created_at": "Tue Oct 08 09:25:05 UTC 2013",
 "updated_at": "Tue Oct 08 09:25:05 UTC 2013",
 "overview": "\u003Cp\u003EABOVE Solutions, Inc. is a high growth technology company focused on applications and services in the emerging technology marketplace. The company was established in July 2008 with offices in the US and Bangalore- India. ABOVE has established key anchor customers and marquee relationships with Global Tier 1 companies in Education, Mobility, Media \u0026amp; Entertainment segments.\u003C/p\u003E",
 "image":
  {"available_sizes":
    [[[150,
       150],
      "http://api-images.crunchbase.com/assets/images/resized/0033/8746/338746v1-max-150x150.jpg"],
     [[180,
       180],
      "http://api-images.crunchbase.com/assets/images/resized/0033/8746/338746v1-max-250x250.jpg"],
     [[180,
       180],
      "http://api-images.crunchbase.com/assets/images/resized/0033/8746/338746v1-max-450x450.jpg"]],
   "attribution": null},
 "products":
  [],
 "relationships":
  [{"is_past": false,
    "title": "Founder \u0026 Cheif Executive Officer",
    "person":
     {"first_name": "Poonacha",
      "last_name": "Machaiah",
      "permalink": "poonacha-machaiah"}},
   {"is_past": false,
    "title": "Chief Financial Officer",
    "person":
     {"first_name": "Ramesh",
      "last_name": "Ratan",
      "permalink": "ramesh-ratan"}},
   {"is_past": false,
    "title": "Chief Technology Officer",
    "person":
     {"first_name": "Satish",
      "last_name": "Tembad",
      "permalink": "satish-tembad"}}],
 "competitions":
  [],
 "providerships":
  [],
 "total_money_raised": "$450k",
 "funding_rounds":
  [{"id": 51195,
    "round_code": "partial",
    "source_url": "http://www.sec.gov/Archives/edgar/data/1480325/000148032511000001/xslFormDX01/primary_doc.xml",
    "source_description": "SEC",
    "raised_amount": 450000.0,
    "raised_currency_code": "USD",
    "funded_year": 2011,
    "funded_month": 8,
    "funded_day": 16,
    "investments":
     []}],
 "investments":
  [],
 "acquisition": null,
 "acquisitions":
  [],
 "offices":
  [{"description": "",
    "address1": "5, Parker Street",
    "address2": "",
    "zip_code": "02421",
    "city": "Lexington",
    "state_code": "MA",
    "country_code": "USA",
    "latitude": null,
    "longitude": null}],
 "milestones":
  [],
 "ipo": null,
 "video_embeds":
  [],
 "screenshots":
  [{"available_sizes":
     [[[150,
        65],
       "http://api-images.crunchbase.com/assets/images/resized/0033/8745/338745v1-max-150x150.jpg"],
      [[250,
        109],
       "http://api-images.crunchbase.com/assets/images/resized/0033/8745/338745v1-max-250x250.jpg"],
      [[450,
        196],
       "http://api-images.crunchbase.com/assets/images/resized/0033/8745/338745v1-max-450x450.jpg"]],
    "attribution": null}],
 "external_links":
  [],
 "partners":
  []}
