{"name": "Absolute Hyundai",
 "permalink": "absolute-hyundai",
 "crunchbase_url": "http://www.crunchbase.com/company/absolute-hyundai",
 "homepage_url": "http://www.hyundaiofdallas.com",
 "blog_url": "http://absolutehyundainews.com/",
 "blog_feed_url": "",
 "twitter_username": "AbsoluteHyunda1",
 "category_code": "transportation",
 "number_of_employees": null,
 "founded_year": null,
 "founded_month": null,
 "founded_day": null,
 "deadpooled_year": null,
 "deadpooled_month": null,
 "deadpooled_day": null,
 "deadpooled_url": null,
 "tag_list": "",
 "alias_list": null,
 "email_address": "",
 "phone_number": "888-326-9959",
 "description": "car sales texas",
 "created_at": "Fri Oct 11 20:25:29 UTC 2013",
 "updated_at": "Fri Oct 11 22:24:53 UTC 2013",
 "overview": "\u003Cp\u003EAbsolute Hyundai of Dallas is a used car dealer that has served the area for year and have a reputation for their friendly and quality customer service, unmatched inventory and great vehicles. \u003C/p\u003E\n\n\u003Cp\u003EThey have great specials and deals all the time, check their site often for what they have for your needs!\u003C/p\u003E",
 "image":
  {"available_sizes":
    [[[148,
       150],
      "http://api-images.crunchbase.com/assets/images/resized/0034/1013/341013v2-max-150x150.jpg"],
     [[153,
       155],
      "http://api-images.crunchbase.com/assets/images/resized/0034/1013/341013v2-max-250x250.jpg"],
     [[153,
       155],
      "http://api-images.crunchbase.com/assets/images/resized/0034/1013/341013v2-max-450x450.jpg"]],
   "attribution": null},
 "products":
  [],
 "relationships":
  [],
 "competitions":
  [],
 "providerships":
  [],
 "total_money_raised": "$0",
 "funding_rounds":
  [],
 "investments":
  [],
 "acquisition": null,
 "acquisitions":
  [],
 "offices":
  [],
 "milestones":
  [],
 "ipo": null,
 "video_embeds":
  [],
 "screenshots":
  [],
 "external_links":
  [],
 "partners":
  []}
