{"name": "Accentus",
 "permalink": "accentus",
 "crunchbase_url": "http://www.crunchbase.com/company/accentus",
 "homepage_url": null,
 "blog_url": null,
 "blog_feed_url": null,
 "twitter_username": null,
 "category_code": null,
 "number_of_employees": null,
 "founded_year": null,
 "founded_month": null,
 "founded_day": null,
 "deadpooled_year": null,
 "deadpooled_month": null,
 "deadpooled_day": null,
 "deadpooled_url": null,
 "tag_list": null,
 "alias_list": null,
 "email_address": null,
 "phone_number": null,
 "description": null,
 "created_at": "Tue Sep 10 04:44:12 UTC 2013",
 "updated_at": "Tue Sep 10 04:44:12 UTC 2013",
 "overview": null,
 "image": null,
 "products":
  [],
 "relationships":
  [{"is_past": true,
    "title": "Co-Founder \u0026 Director of Marketing",
    "person":
     {"first_name": "Graham",
      "last_name": "Brooks",
      "permalink": "graham-brooks"}},
   {"is_past": true,
    "title": "General Manager of the C3 Technology Business",
    "person":
     {"first_name": "David",
      "last_name": "Hipkiss",
      "permalink": "david-hipkiss"}},
   {"is_past": true,
    "title": "Operations Manager of the C3 Technology Business",
    "person":
     {"first_name": "Andy",
      "last_name": "Bush",
      "permalink": "andy-bush"}}],
 "competitions":
  [],
 "providerships":
  [],
 "total_money_raised": "$0",
 "funding_rounds":
  [],
 "investments":
  [],
 "acquisition": null,
 "acquisitions":
  [],
 "offices":
  [],
 "milestones":
  [],
 "ipo": null,
 "video_embeds":
  [],
 "screenshots":
  [],
 "external_links":
  [],
 "partners":
  []}
