{"name": "Accendo Therapeutics",
 "permalink": "accendo-therapeutics",
 "crunchbase_url": "http://www.crunchbase.com/company/accendo-therapeutics",
 "homepage_url": null,
 "blog_url": "",
 "blog_feed_url": "",
 "twitter_username": null,
 "category_code": "health",
 "number_of_employees": null,
 "founded_year": 2010,
 "founded_month": null,
 "founded_day": null,
 "deadpooled_year": null,
 "deadpooled_month": null,
 "deadpooled_day": null,
 "deadpooled_url": null,
 "tag_list": "",
 "alias_list": "",
 "email_address": "",
 "phone_number": "760-496-3700",
 "description": "",
 "created_at": "Thu Sep 26 12:50:21 UTC 2013",
 "updated_at": "Thu Sep 26 12:50:20 UTC 2013",
 "overview": "\u003Cp\u003EAccendo Therapeutics, Inc. operates in healthcare sector. The company was incorporated in 2010 and is based in Carlsbad, California.\u003C/p\u003E",
 "image": null,
 "products":
  [],
 "relationships":
  [{"is_past": false,
    "title": "President \u0026 CEO",
    "person":
     {"first_name": "Arthur",
      "last_name": "T. Taylor",
      "permalink": "arthur-t-taylor"}},
   {"is_past": true,
    "title": "Director",
    "person":
     {"first_name": "Noah",
      "last_name": "Knauf",
      "permalink": "noah-knauf"}}],
 "competitions":
  [],
 "providerships":
  [],
 "total_money_raised": "$4M",
 "funding_rounds":
  [{"id": 50108,
    "round_code": "private_equity",
    "source_url": "http://www.sec.gov/Archives/edgar/data/1538384/000153838411000001/xslFormDX01/primary_doc.xml",
    "source_description": "SEC",
    "raised_amount": 4000000.0,
    "raised_currency_code": "USD",
    "funded_year": 2011,
    "funded_month": 12,
    "funded_day": 29,
    "investments":
     []}],
 "investments":
  [],
 "acquisition": null,
 "acquisitions":
  [],
 "offices":
  [{"description": "",
    "address1": "6190 Corte Del Cedro",
    "address2": "",
    "zip_code": "92011",
    "city": "Carlsbad",
    "state_code": "CA",
    "country_code": "USA",
    "latitude": null,
    "longitude": null}],
 "milestones":
  [],
 "ipo": null,
 "video_embeds":
  [],
 "screenshots":
  [],
 "external_links":
  [],
 "partners":
  []}
