{"name": "Accipiter Radar",
 "permalink": "accipiter-radar",
 "crunchbase_url": "http://www.crunchbase.com/company/accipiter-radar",
 "homepage_url": "http://accipiterradar.com",
 "blog_url": "",
 "blog_feed_url": "",
 "twitter_username": "accipiterradar",
 "category_code": "other",
 "number_of_employees": null,
 "founded_year": 1994,
 "founded_month": null,
 "founded_day": null,
 "deadpooled_year": null,
 "deadpooled_month": null,
 "deadpooled_day": null,
 "deadpooled_url": null,
 "tag_list": "",
 "alias_list": "",
 "email_address": "info@accipiterradar.com",
 "phone_number": "716-508-4432",
 "description": "",
 "created_at": "Wed Sep 04 07:19:37 UTC 2013",
 "updated_at": "Mon Dec 16 06:34:28 UTC 2013",
 "overview": "\u003Cp\u003EAccipiter Radar provides radar information networks that track small uncooperative targets. For homeland security, in the air, on land and water, our systems identify and track targets of interest that could pose a potential threat. Our radars are also used in environmental protection and aviation safety for bird strike prevention. \u003C/p\u003E",
 "image":
  {"available_sizes":
    [[[150,
       27],
      "http://api-images.crunchbase.com/assets/images/resized/0032/0212/320212v1-max-150x150.jpg"],
     [[250,
       46],
      "http://api-images.crunchbase.com/assets/images/resized/0032/0212/320212v1-max-250x250.jpg"],
     [[429,
       80],
      "http://api-images.crunchbase.com/assets/images/resized/0032/0212/320212v1-max-450x450.jpg"]],
   "attribution": null},
 "products":
  [],
 "relationships":
  [],
 "competitions":
  [],
 "providerships":
  [],
 "total_money_raised": "$4.7M",
 "funding_rounds":
  [{"id": 47726,
    "round_code": "unattributed",
    "source_url": "http://canadianprivateequity.com/priveq-capital-funds-invests-in-accipiter-radar-technologies/2013/09/03/?utm_source=buffer\u0026utm_campaign=Buffer\u0026utm_content=buffer42731\u0026utm_medium=twitter",
    "source_description": "PRIVEQ Capital Funds invests in Accipiter Radar Technologies",
    "raised_amount": 4700000.0,
    "raised_currency_code": "USD",
    "funded_year": 2013,
    "funded_month": 9,
    "funded_day": 4,
    "investments":
     []}],
 "investments":
  [],
 "acquisition": null,
 "acquisitions":
  [],
 "offices":
  [{"description": "",
    "address1": "40 Centre Drive, Suite #3",
    "address2": "Quaker Centre Business Park",
    "zip_code": "14127",
    "city": "Orchard Park",
    "state_code": "NY",
    "country_code": "USA",
    "latitude": null,
    "longitude": null}],
 "milestones":
  [],
 "ipo": null,
 "video_embeds":
  [],
 "screenshots":
  [{"available_sizes":
     [[[150,
        58],
       "http://api-images.crunchbase.com/assets/images/resized/0032/0221/320221v1-max-150x150.jpg"],
      [[250,
        96],
       "http://api-images.crunchbase.com/assets/images/resized/0032/0221/320221v1-max-250x250.jpg"],
      [[450,
        174],
       "http://api-images.crunchbase.com/assets/images/resized/0032/0221/320221v1-max-450x450.jpg"]],
    "attribution": null}],
 "external_links":
  [],
 "partners":
  []}
