{"name": "Accion Texas",
 "permalink": "accion-texas",
 "crunchbase_url": "http://www.crunchbase.com/company/accion-texas",
 "homepage_url": "http://acciontexas.org",
 "blog_url": "http://www.acciontexas.org/resources/blog/",
 "blog_feed_url": "",
 "twitter_username": "Accion_TX",
 "category_code": "nonprofit",
 "number_of_employees": null,
 "founded_year": 1994,
 "founded_month": null,
 "founded_day": null,
 "deadpooled_year": null,
 "deadpooled_month": null,
 "deadpooled_day": null,
 "deadpooled_url": null,
 "tag_list": "",
 "alias_list": "",
 "email_address": "info@acciontexas.org",
 "phone_number": "1 888-215-2373",
 "description": "",
 "created_at": "Thu Sep 26 06:07:32 UTC 2013",
 "updated_at": "Thu Sep 26 06:12:51 UTC 2013",
 "overview": "\u003Cp\u003EAccion Texas Inc. is a designated community development financial institution, or CDFI. CDFIs are working in neighborhoods across the United States to provide affordable, responsible credit, create and sustain jobs, and to stabilize communities. CDFIs finance community businesses, including small businesses, microenterprises, nonprofit organizations, commercial real estate, and affordable housing.\u003C/p\u003E",
 "image":
  {"available_sizes":
    [[[150,
       30],
      "http://api-images.crunchbase.com/assets/images/resized/0033/2726/332726v1-max-150x150.png"],
     [[245,
       49],
      "http://api-images.crunchbase.com/assets/images/resized/0033/2726/332726v1-max-250x250.png"],
     [[245,
       49],
      "http://api-images.crunchbase.com/assets/images/resized/0033/2726/332726v1-max-450x450.png"]],
   "attribution": null},
 "products":
  [],
 "relationships":
  [{"is_past": false,
    "title": "Chairman of the Board",
    "person":
     {"first_name": "Matthew",
      "last_name": "Bomersbach",
      "permalink": "matthew-bomersbach"}},
   {"is_past": false,
    "title": "President \u0026 CEO",
    "person":
     {"first_name": "Janie",
      "last_name": "Barrera",
      "permalink": "janie-barrera"}},
   {"is_past": false,
    "title": "CFO",
    "person":
     {"first_name": "Thomas",
      "last_name": "Clausen",
      "permalink": "thomas-clausen"}}],
 "competitions":
  [],
 "providerships":
  [],
 "total_money_raised": "$2.8M",
 "funding_rounds":
  [{"id": 50040,
    "round_code": "grant",
    "source_url": "http://www.bizjournals.com/sanantonio/blog/morning-edition/2013/09/treasury-department-awards-accion.html",
    "source_description": "Treasury Department awards Accion Texas nearly $3 million in funding",
    "raised_amount": 2800000.0,
    "raised_currency_code": "USD",
    "funded_year": 2013,
    "funded_month": 9,
    "funded_day": 25,
    "investments":
     []}],
 "investments":
  [],
 "acquisition": null,
 "acquisitions":
  [],
 "offices":
  [{"description": "",
    "address1": "2014 S. Hackberry St.",
    "address2": "",
    "zip_code": "78210",
    "city": "San Antonio",
    "state_code": "TX",
    "country_code": "USA",
    "latitude": null,
    "longitude": null}],
 "milestones":
  [],
 "ipo": null,
 "video_embeds":
  [],
 "screenshots":
  [{"available_sizes":
     [[[150,
        82],
       "http://api-images.crunchbase.com/assets/images/resized/0033/2730/332730v1-max-150x150.png"],
      [[250,
        137],
       "http://api-images.crunchbase.com/assets/images/resized/0033/2730/332730v1-max-250x250.png"],
      [[450,
        246],
       "http://api-images.crunchbase.com/assets/images/resized/0033/2730/332730v1-max-450x450.png"]],
    "attribution": null}],
 "external_links":
  [],
 "partners":
  []}
