{"name": "Accordant Health Services",
 "permalink": "accordant-health-services",
 "crunchbase_url": "http://www.crunchbase.com/company/accordant-health-services",
 "homepage_url": null,
 "blog_url": null,
 "blog_feed_url": null,
 "twitter_username": null,
 "category_code": null,
 "number_of_employees": null,
 "founded_year": null,
 "founded_month": null,
 "founded_day": null,
 "deadpooled_year": null,
 "deadpooled_month": null,
 "deadpooled_day": null,
 "deadpooled_url": null,
 "tag_list": null,
 "alias_list": null,
 "email_address": null,
 "phone_number": null,
 "description": null,
 "created_at": "Wed Sep 18 03:38:56 UTC 2013",
 "updated_at": "Wed Sep 18 03:38:56 UTC 2013",
 "overview": null,
 "image": null,
 "products":
  [],
 "relationships":
  [{"is_past": true,
    "title": "Founder and CEO",
    "person":
     {"first_name": "Steve",
      "last_name": "Schelhammer",
      "permalink": "steve-schelhammer"}},
   {"is_past": true,
    "title": "VP Medical Affairs",
    "person":
     {"first_name": "Richard",
      "last_name": "Hodach",
      "permalink": "richard-hodach"}},
   {"is_past": true,
    "title": "Advisor",
    "person":
     {"first_name": "Tom",
      "last_name": "Frosheiser",
      "permalink": "tom-frosheiser"}}],
 "competitions":
  [],
 "providerships":
  [],
 "total_money_raised": "$0",
 "funding_rounds":
  [],
 "investments":
  [],
 "acquisition": null,
 "acquisitions":
  [],
 "offices":
  [],
 "milestones":
  [],
 "ipo": null,
 "video_embeds":
  [],
 "screenshots":
  [],
 "external_links":
  [],
 "partners":
  []}
