{"name": "ACCPAC",
 "permalink": "accpac",
 "crunchbase_url": "http://www.crunchbase.com/company/accpac",
 "homepage_url": null,
 "blog_url": null,
 "blog_feed_url": null,
 "twitter_username": null,
 "category_code": null,
 "number_of_employees": null,
 "founded_year": null,
 "founded_month": null,
 "founded_day": null,
 "deadpooled_year": null,
 "deadpooled_month": null,
 "deadpooled_day": null,
 "deadpooled_url": null,
 "tag_list": null,
 "alias_list": null,
 "email_address": null,
 "phone_number": null,
 "description": null,
 "created_at": "Sat Sep 07 12:20:48 UTC 2013",
 "updated_at": "Sat Sep 07 12:20:48 UTC 2013",
 "overview": null,
 "image": null,
 "products":
  [],
 "relationships":
  [{"is_past": true,
    "title": "VP, Partner Services/Professional Services Group",
    "person":
     {"first_name": "David",
      "last_name": "Lahey",
      "permalink": "david-lahey"}},
   {"is_past": true,
    "title": "",
    "person":
     {"first_name": "Rita",
      "last_name": "Strauss",
      "permalink": "rita-strauss"}}],
 "competitions":
  [],
 "providerships":
  [],
 "total_money_raised": "$0",
 "funding_rounds":
  [],
 "investments":
  [],
 "acquisition": null,
 "acquisitions":
  [],
 "offices":
  [],
 "milestones":
  [],
 "ipo": null,
 "video_embeds":
  [],
 "screenshots":
  [],
 "external_links":
  [],
 "partners":
  []}
