{"name": "Accurence",
 "permalink": "accurence",
 "crunchbase_url": "http://www.crunchbase.com/company/accurence",
 "homepage_url": "http://www.accurence.com",
 "blog_url": "",
 "blog_feed_url": "",
 "twitter_username": "Accurence",
 "category_code": "software",
 "number_of_employees": null,
 "founded_year": 2005,
 "founded_month": null,
 "founded_day": null,
 "deadpooled_year": null,
 "deadpooled_month": null,
 "deadpooled_day": null,
 "deadpooled_url": null,
 "tag_list": "",
 "alias_list": "",
 "email_address": "support@accurence.com",
 "phone_number": "303-500-5799",
 "description": "",
 "created_at": "Mon Sep 16 12:33:06 UTC 2013",
 "updated_at": "Thu Apr 17 05:52:20 UTC 2014",
 "overview": "\u003Cp\u003EFounded in 2005 by experts in high-growth start-ups, property insurance, disaster restoration, and building science, Accurence is a software-as-a-service solution provider that invented onsite inspection and scope automation software for wind and hail claims for property insurance adjusters and roofing contractors. Accurence solutions use a private cloud-based intelligent rules engine utilizing mobile devices to dramatically overhaul and drive significant gains in accuracy, efficiency, consistency, and intelligence in property claims settlement.\u003C/p\u003E\n\n\u003Cp\u003ECurrently, Accurence provides two product solutions: SettleAssist\u2122 for insurance carriers and adjusters and ScopeAssist\u2122 for roofing companies and contractors. Both solutions use digital devices for gathering the onsite inspection data which is then transmitted wirelessly to the proprietary Accurence cloud-based decision intelligence engine, which automates several proactive steps within 90 seconds or less.\u003C/p\u003E\n\n\u003Cp\u003EProud award recipient of the Red Herring 2012 Top 100 North America Companies, winner of the 2011 Boulder County Business Report IQ Award for Software innovation, a finalist for the Best Companies in Colorado to Work For, and a finalist for 2012 Colorado Companies to Watch; Accurence is a fast-growing and energetic company creating and solving key business deficiencies in the claims and job workflow.\u003C/p\u003E\n\n\u003Cp\u003EAccurence is a privately-held company headquartered near the Rocky Mountains in Westminster, CO\u003C/p\u003E",
 "image":
  {"available_sizes":
    [[[150,
       30],
      "http://api-images.crunchbase.com/assets/images/resized/0032/7525/327525v1-max-150x150.png"],
     [[250,
       51],
      "http://api-images.crunchbase.com/assets/images/resized/0032/7525/327525v1-max-250x250.png"],
     [[271,
       56],
      "http://api-images.crunchbase.com/assets/images/resized/0032/7525/327525v1-max-450x450.png"]],
   "attribution": null},
 "products":
  [],
 "relationships":
  [{"is_past": false,
    "title": "VP",
    "person":
     {"first_name": "Zach",
      "last_name": "Labrie",
      "permalink": "zach-labrie"}},
   {"is_past": false,
    "title": "President",
    "person":
     {"first_name": "Jacob",
      "last_name": "Labrie",
      "permalink": "jacob-labrie"}},
   {"is_past": false,
    "title": "President",
    "person":
     {"first_name": "Romney",
      "last_name": "Williams",
      "permalink": "romney-williams"}}],
 "competitions":
  [],
 "providerships":
  [],
 "total_money_raised": "$4.28M",
 "funding_rounds":
  [{"id": 48791,
    "round_code": "seed",
    "source_url": "http://www.sec.gov/Archives/edgar/data/1509543/000150954311000004/xslFormDX01/primary_doc.xml",
    "source_description": "SEC",
    "raised_amount": 1894000.0,
    "raised_currency_code": "USD",
    "funded_year": 2011,
    "funded_month": 11,
    "funded_day": 8,
    "investments":
     []},
   {"id": 72591,
    "round_code": "unattributed",
    "source_url": "http://www.sec.gov/Archives/edgar/data/1509543/000150954314000001/xslFormDX01/primary_doc.xml",
    "source_description": "SEC",
    "raised_amount": 2383507.0,
    "raised_currency_code": "USD",
    "funded_year": 2014,
    "funded_month": 4,
    "funded_day": 16,
    "investments":
     []}],
 "investments":
  [],
 "acquisition": null,
 "acquisitions":
  [],
 "offices":
  [{"description": "",
    "address1": "11030 Circle Point Road",
    "address2": "Suite 425",
    "zip_code": "80020",
    "city": "Westminster",
    "state_code": "CO",
    "country_code": "USA",
    "latitude": null,
    "longitude": null}],
 "milestones":
  [],
 "ipo": null,
 "video_embeds":
  [],
 "screenshots":
  [{"available_sizes":
     [[[150,
        62],
       "http://api-images.crunchbase.com/assets/images/resized/0032/7524/327524v1-max-150x150.png"],
      [[250,
        103],
       "http://api-images.crunchbase.com/assets/images/resized/0032/7524/327524v1-max-250x250.png"],
      [[450,
        186],
       "http://api-images.crunchbase.com/assets/images/resized/0032/7524/327524v1-max-450x450.png"]],
    "attribution": null}],
 "external_links":
  [],
 "partners":
  []}
