{"name": "Accubuilt",
 "permalink": "accubuilt",
 "crunchbase_url": "http://www.crunchbase.com/company/accubuilt",
 "homepage_url": null,
 "blog_url": null,
 "blog_feed_url": null,
 "twitter_username": null,
 "category_code": null,
 "number_of_employees": null,
 "founded_year": null,
 "founded_month": null,
 "founded_day": null,
 "deadpooled_year": null,
 "deadpooled_month": null,
 "deadpooled_day": null,
 "deadpooled_url": null,
 "tag_list": null,
 "alias_list": null,
 "email_address": null,
 "phone_number": null,
 "description": null,
 "created_at": "Wed Sep 04 10:39:10 UTC 2013",
 "updated_at": "Wed Sep 04 10:39:10 UTC 2013",
 "overview": null,
 "image": null,
 "products":
  [],
 "relationships":
  [{"is_past": false,
    "title": "",
    "person":
     {"first_name": "Michael",
      "last_name": "R. Steed",
      "permalink": "michael-r-steed"}},
   {"is_past": false,
    "title": "Investor",
    "person":
     {"first_name": "Colin",
      "last_name": "H. Bryant",
      "permalink": "colin-h-bryant"}}],
 "competitions":
  [],
 "providerships":
  [],
 "total_money_raised": "$0",
 "funding_rounds":
  [],
 "investments":
  [],
 "acquisition": null,
 "acquisitions":
  [],
 "offices":
  [],
 "milestones":
  [],
 "ipo": null,
 "video_embeds":
  [],
 "screenshots":
  [],
 "external_links":
  [],
 "partners":
  []}
