{"name": "Accuhealth Partners",
 "permalink": "accuhealth-partners",
 "crunchbase_url": "http://www.crunchbase.com/company/accuhealth-partners",
 "homepage_url": "http://colonprepcenter.com",
 "blog_url": "",
 "blog_feed_url": "",
 "twitter_username": null,
 "category_code": "health",
 "number_of_employees": null,
 "founded_year": 2011,
 "founded_month": null,
 "founded_day": null,
 "deadpooled_year": null,
 "deadpooled_month": null,
 "deadpooled_day": null,
 "deadpooled_url": null,
 "tag_list": "",
 "alias_list": "",
 "email_address": "",
 "phone_number": "800.349.0285",
 "description": "",
 "created_at": "Mon Sep 02 06:34:02 UTC 2013",
 "updated_at": "Mon Sep 02 06:34:02 UTC 2013",
 "overview": "\u003Cp\u003EAccuhealth Partners Inc. provides doctor recommended over-the-counter preparation products and programs for colonoscopy patients, doctors, nurses, and schedulers. It enables patients to order doctor\u0026#8217;s colonoscopy programs, and view video directions and read answers to frequently asked questions. The company also enables doctors and medical office staff resource to walk patients through steps of the colonoscopy preparation process. In addition, it engages in the development and dissemination of educational programs focused on prevention, early screening, diagnosis, and treatment of cancer. The company was founded in 2011 and is based in Olathe, Kansas.\u003C/p\u003E",
 "image":
  {"available_sizes":
    [[[150,
       25],
      "http://api-images.crunchbase.com/assets/images/resized/0031/8674/318674v1-max-150x150.png"],
     [[250,
       42],
      "http://api-images.crunchbase.com/assets/images/resized/0031/8674/318674v1-max-250x250.png"],
     [[362,
       61],
      "http://api-images.crunchbase.com/assets/images/resized/0031/8674/318674v1-max-450x450.png"]],
   "attribution": null},
 "products":
  [],
 "relationships":
  [{"is_past": false,
    "title": "Founder and CEO",
    "person":
     {"first_name": "Tom",
      "last_name": "Sanders",
      "permalink": "tom-sanders-2"}}],
 "competitions":
  [],
 "providerships":
  [],
 "total_money_raised": "$760k",
 "funding_rounds":
  [{"id": 47330,
    "round_code": "seed",
    "source_url": "http://www.sec.gov/Archives/edgar/data/1542882/000154288212000001/xslFormDX01/primary_doc.xml",
    "source_description": "SEC",
    "raised_amount": 760000.0,
    "raised_currency_code": "USD",
    "funded_year": 2011,
    "funded_month": 2,
    "funded_day": 21,
    "investments":
     []}],
 "investments":
  [],
 "acquisition": null,
 "acquisitions":
  [],
 "offices":
  [{"description": "",
    "address1": "15024 W. 117th Street",
    "address2": "",
    "zip_code": "66062",
    "city": "Olathe",
    "state_code": "KS",
    "country_code": "USA",
    "latitude": null,
    "longitude": null}],
 "milestones":
  [],
 "ipo": null,
 "video_embeds":
  [],
 "screenshots":
  [{"available_sizes":
     [[[150,
        109],
       "http://api-images.crunchbase.com/assets/images/resized/0031/8673/318673v1-max-150x150.png"],
      [[250,
        182],
       "http://api-images.crunchbase.com/assets/images/resized/0031/8673/318673v1-max-250x250.png"],
      [[450,
        327],
       "http://api-images.crunchbase.com/assets/images/resized/0031/8673/318673v1-max-450x450.png"]],
    "attribution": null}],
 "external_links":
  [],
 "partners":
  []}
