{"name": "ACE",
 "permalink": "ace",
 "crunchbase_url": "http://www.crunchbase.com/company/ace",
 "homepage_url": "http://argentumce.com",
 "blog_url": "",
 "blog_feed_url": "",
 "twitter_username": null,
 "category_code": "biotech",
 "number_of_employees": null,
 "founded_year": 2006,
 "founded_month": null,
 "founded_day": null,
 "deadpooled_year": null,
 "deadpooled_month": null,
 "deadpooled_day": null,
 "deadpooled_url": null,
 "tag_list": "medical, tools, scientific",
 "alias_list": "Argentum Cidal Electrics ",
 "email_address": "contact@argentumce.com",
 "phone_number": " (888) 331-0506",
 "description": "Creation of Medical Devices ",
 "created_at": "Thu Sep 26 09:31:24 UTC 2013",
 "updated_at": "Mon Apr 14 04:53:05 UTC 2014",
 "overview": "\u003Cp\u003EArgentumCidalElectrics Inc. engages in developing, creating, and testing devices that kill and inhibit the growth of bacteria, funguses, and viruses. The company also develops bactericidal products; and partners with commercial and healthcare companies to develop bactericidal and fungicidal surfaces. ArgentumCidalElectrics was incorporated in 2006 and is based in Lewistown, Pennsylvania.\u003C/p\u003E",
 "image":
  {"available_sizes":
    [[[150,
       49],
      "http://api-images.crunchbase.com/assets/images/resized/0033/2876/332876v1-max-150x150.png"],
     [[250,
       82],
      "http://api-images.crunchbase.com/assets/images/resized/0033/2876/332876v1-max-250x250.png"],
     [[450,
       149],
      "http://api-images.crunchbase.com/assets/images/resized/0033/2876/332876v1-max-450x450.png"]],
   "attribution": null},
 "products":
  [],
 "relationships":
  [{"is_past": false,
    "title": "President/CEO",
    "person":
     {"first_name": "Jon",
      "last_name": "Zimmerman",
      "permalink": "jon-zimmerman-2"}},
   {"is_past": false,
    "title": "Executive Vice President \u0026 General Counsel",
    "person":
     {"first_name": "Seth",
      "last_name": "Zimmerman",
      "permalink": "seth-zimmerman"}},
   {"is_past": false,
    "title": "Vice President, Operations",
    "person":
     {"first_name": "Terry",
      "last_name": "J. Margolis",
      "permalink": "terry-j-margolis"}},
   {"is_past": false,
    "title": "Vice President, R \u0026 D",
    "person":
     {"first_name": "Thomas",
      "last_name": "Fuller",
      "permalink": "thomas-fuller"}}],
 "competitions":
  [],
 "providerships":
  [],
 "total_money_raised": "$750k",
 "funding_rounds":
  [{"id": 50060,
    "round_code": "seed",
    "source_url": "http://www.sec.gov/Archives/edgar/data/1491977/000149197711000001/xslFormDX01/primary_doc.xml",
    "source_description": "SEC",
    "raised_amount": 500184.0,
    "raised_currency_code": "USD",
    "funded_year": 2011,
    "funded_month": 9,
    "funded_day": 26,
    "investments":
     []},
   {"id": 57425,
    "round_code": "unattributed",
    "source_url": "http://www.sec.gov/Archives/edgar/data/1491977/000149197710000001/xslFormDX01/primary_doc.xml",
    "source_description": "SEC",
    "raised_amount": 250000.0,
    "raised_currency_code": "USD",
    "funded_year": 2010,
    "funded_month": 5,
    "funded_day": 17,
    "investments":
     []}],
 "investments":
  [],
 "acquisition": null,
 "acquisitions":
  [],
 "offices":
  [{"description": "HQ",
    "address1": "1001 Liberty Avenue",
    "address2": "11th Floor",
    "zip_code": "15222",
    "city": "Pittsburgh",
    "state_code": "PA",
    "country_code": "USA",
    "latitude": null,
    "longitude": null}],
 "milestones":
  [],
 "ipo": null,
 "video_embeds":
  [],
 "screenshots":
  [{"available_sizes":
     [[[150,
        69],
       "http://api-images.crunchbase.com/assets/images/resized/0033/2878/332878v1-max-150x150.png"],
      [[250,
        115],
       "http://api-images.crunchbase.com/assets/images/resized/0033/2878/332878v1-max-250x250.png"],
      [[450,
        207],
       "http://api-images.crunchbase.com/assets/images/resized/0033/2878/332878v1-max-450x450.png"]],
    "attribution": null}],
 "external_links":
  [],
 "partners":
  []}
