{"name": "Aceable",
 "permalink": "aceable",
 "crunchbase_url": "http://www.crunchbase.com/company/aceable",
 "homepage_url": "http://www.aceable.com",
 "blog_url": "",
 "blog_feed_url": "",
 "twitter_username": "aceable",
 "category_code": null,
 "number_of_employees": null,
 "founded_year": null,
 "founded_month": null,
 "founded_day": null,
 "deadpooled_year": null,
 "deadpooled_month": null,
 "deadpooled_day": null,
 "deadpooled_url": null,
 "tag_list": "",
 "alias_list": "",
 "email_address": "",
 "phone_number": "",
 "description": "",
 "created_at": "Mon Oct 14 23:34:18 UTC 2013",
 "updated_at": "Thu Feb 27 10:49:46 UTC 2014",
 "overview": "\u003Cp\u003EAceable is an education startup that wants to revolutionize all those mind-numbingly boring online courses. More specifically, it\u2019s going after required courses, like those created for defensive driving, drivers-ed, employee training, corporate compliance, or standardize test prep. \nRead more at http://venturebeat.com/2013/10/14/7-promising-austin-startups-from-capital-factorys-demo-day/#YZqdLOsM88RRyBr5.99\u003C/p\u003E",
 "image":
  {"available_sizes":
    [[[150,
       109],
      "http://api-images.crunchbase.com/assets/images/resized/0034/1994/341994v1-max-150x150.png"],
     [[250,
       183],
      "http://api-images.crunchbase.com/assets/images/resized/0034/1994/341994v1-max-250x250.png"],
     [[450,
       329],
      "http://api-images.crunchbase.com/assets/images/resized/0034/1994/341994v1-max-450x450.png"]],
   "attribution": null},
 "products":
  [],
 "relationships":
  [{"is_past": false,
    "title": "Founder",
    "person":
     {"first_name": "Blake",
      "last_name": "Garrett",
      "permalink": "blake-garrett"}}],
 "competitions":
  [],
 "providerships":
  [],
 "total_money_raised": "$0",
 "funding_rounds":
  [{"id": 66723,
    "round_code": "seed",
    "source_url": "http://www.siliconhillsnews.com/2013/10/15/17-startups-at-capital-factorys-demo-day/",
    "source_description": "17 Startups at Capital Factory\u2019s Demo Day",
    "raised_amount": null,
    "raised_currency_code": "USD",
    "funded_year": 2013,
    "funded_month": 10,
    "funded_day": 15,
    "investments":
     [{"company": null,
       "financial_org":
        {"name": "Capital Factory",
         "permalink": "capital-factory"},
       "person": null}]}],
 "investments":
  [],
 "acquisition": null,
 "acquisitions":
  [],
 "offices":
  [{"description": "",
    "address1": "701 Brazos Street Suite 1601",
    "address2": "",
    "zip_code": "78701",
    "city": "Austin",
    "state_code": "TX",
    "country_code": "USA",
    "latitude": null,
    "longitude": null}],
 "milestones":
  [],
 "ipo": null,
 "video_embeds":
  [],
 "screenshots":
  [{"available_sizes":
     [[[150,
        89],
       "http://api-images.crunchbase.com/assets/images/resized/0042/3602/423602v1-max-150x150.png"],
      [[250,
        149],
       "http://api-images.crunchbase.com/assets/images/resized/0042/3602/423602v1-max-250x250.png"],
      [[450,
        269],
       "http://api-images.crunchbase.com/assets/images/resized/0042/3602/423602v1-max-450x450.png"]],
    "attribution": null}],
 "external_links":
  [{"external_url": "https://www.facebook.com/aceable",
    "title": "facebook"}],
 "partners":
  []}
