{"name": "Achelios Therapeutics",
 "permalink": "achelios-therapeutics",
 "crunchbase_url": "http://www.crunchbase.com/company/achelios-therapeutics",
 "homepage_url": "http://www.achelios.com",
 "blog_url": "",
 "blog_feed_url": "",
 "twitter_username": null,
 "category_code": "biotech",
 "number_of_employees": null,
 "founded_year": null,
 "founded_month": null,
 "founded_day": null,
 "deadpooled_year": null,
 "deadpooled_month": null,
 "deadpooled_day": null,
 "deadpooled_url": null,
 "tag_list": "",
 "alias_list": "",
 "email_address": "",
 "phone_number": "919-913-4605",
 "description": "",
 "created_at": "Tue Sep 03 06:50:00 UTC 2013",
 "updated_at": "Fri Mar 14 10:31:52 UTC 2014",
 "overview": "\u003Cp\u003EAchelios Therapeutics is a pharmaceutical development company that focuses on advancing new product concepts through the 505(b)(2) process to early clinical proof of principle followed by asset (project) sale. Achelios has adopted a semi-virtual model to control costs and advance projects by utilizing its experienced team and on-call external pharmaceutical experts and partners.  This allows the company\u2019s management to precisely tailor project needs with the right level of expertise and/or key opinion leaders with influence at the FDA, academic medicine centers, and at the level of the payer (insurance company/government).\u003C/p\u003E",
 "image":
  {"available_sizes":
    [[[150,
       23],
      "http://api-images.crunchbase.com/assets/images/resized/0031/9337/319337v1-max-150x150.png"],
     [[250,
       38],
      "http://api-images.crunchbase.com/assets/images/resized/0031/9337/319337v1-max-250x250.png"],
     [[403,
       62],
      "http://api-images.crunchbase.com/assets/images/resized/0031/9337/319337v1-max-450x450.png"]],
   "attribution": null},
 "products":
  [],
 "relationships":
  [{"is_past": false,
    "title": "CEO",
    "person":
     {"first_name": "Crist",
      "last_name": "J. Frangakis",
      "permalink": "crist-j-frangakis"}}],
 "competitions":
  [],
 "providerships":
  [],
 "total_money_raised": "$3.17M",
 "funding_rounds":
  [{"id": 47512,
    "round_code": "partial",
    "source_url": "http://www.sec.gov/Archives/edgar/data/1542874/000154287414000002/xslFormDX01/primary_doc.xml",
    "source_description": "SEC",
    "raised_amount": 3170442.0,
    "raised_currency_code": "USD",
    "funded_year": 2014,
    "funded_month": 3,
    "funded_day": 14,
    "investments":
     []}],
 "investments":
  [],
 "acquisition": null,
 "acquisitions":
  [],
 "offices":
  [{"description": "",
    "address1": "",
    "address2": "1340 ENVIRON WAY",
    "zip_code": "27517",
    "city": "CHAPEL HILL",
    "state_code": "NC",
    "country_code": "USA",
    "latitude": null,
    "longitude": null}],
 "milestones":
  [],
 "ipo": null,
 "video_embeds":
  [],
 "screenshots":
  [{"available_sizes":
     [[[150,
        88],
       "http://api-images.crunchbase.com/assets/images/resized/0031/9336/319336v1-max-150x150.png"],
      [[250,
        146],
       "http://api-images.crunchbase.com/assets/images/resized/0031/9336/319336v1-max-250x250.png"],
      [[450,
        264],
       "http://api-images.crunchbase.com/assets/images/resized/0031/9336/319336v1-max-450x450.png"]],
    "attribution": null}],
 "external_links":
  [],
 "partners":
  []}
