{"name": "Acme Doors And More",
 "permalink": "acme-doors-and-more",
 "crunchbase_url": "http://www.crunchbase.com/company/acme-doors-and-more",
 "homepage_url": "http://acmedoorsandmore.com",
 "blog_url": "",
 "blog_feed_url": "",
 "twitter_username": null,
 "category_code": "local",
 "number_of_employees": null,
 "founded_year": null,
 "founded_month": null,
 "founded_day": null,
 "deadpooled_year": null,
 "deadpooled_month": null,
 "deadpooled_day": null,
 "deadpooled_url": null,
 "tag_list": "home-improvement-san-antonio-tx, doors-windows-remodel-san-antonio-tx, remodeling-specialist-san-antonio-tx, door-building-san-antonio-tx, home-remodeling-expert-san-antonio-tx, kitchen-remodeling-san-antonio-tx, residential-remodeling-san-antonio-tx, win",
 "alias_list": "",
 "email_address": "marketing@acmedoorsandmore.com",
 "phone_number": "210-598-5158",
 "description": "door, window and home   improvement ",
 "created_at": "Thu Sep 19 05:40:05 UTC 2013",
 "updated_at": "Fri Sep 20 22:30:33 UTC 2013",
 "overview": "\u003Cp\u003EAcme Doors and More has been in the door, window and home \nimprovement business throughout San Antonio, TX and surrounding areas.\u003C/p\u003E",
 "image":
  {"available_sizes":
    [[[150,
       146],
      "http://api-images.crunchbase.com/assets/images/resized/0032/9243/329243v2-max-150x150.jpg"],
     [[186,
       182],
      "http://api-images.crunchbase.com/assets/images/resized/0032/9243/329243v2-max-250x250.jpg"],
     [[186,
       182],
      "http://api-images.crunchbase.com/assets/images/resized/0032/9243/329243v2-max-450x450.jpg"]],
   "attribution": null},
 "products":
  [],
 "relationships":
  [],
 "competitions":
  [],
 "providerships":
  [],
 "total_money_raised": "$0",
 "funding_rounds":
  [],
 "investments":
  [],
 "acquisition": null,
 "acquisitions":
  [],
 "offices":
  [],
 "milestones":
  [],
 "ipo": null,
 "video_embeds":
  [],
 "screenshots":
  [],
 "external_links":
  [],
 "partners":
  []}
