{"name": "Actionmint",
 "permalink": "actionmint",
 "crunchbase_url": "http://www.crunchbase.com/company/actionmint",
 "homepage_url": "http://www.actionmint.com",
 "blog_url": "http://www.actionmint.com/daily-mint",
 "blog_feed_url": "",
 "twitter_username": "Actionmint",
 "category_code": "software",
 "number_of_employees": null,
 "founded_year": null,
 "founded_month": null,
 "founded_day": null,
 "deadpooled_year": null,
 "deadpooled_month": null,
 "deadpooled_day": null,
 "deadpooled_url": null,
 "tag_list": "project-management, collaboration, marketplace, productivity, saas",
 "alias_list": null,
 "email_address": "",
 "phone_number": "",
 "description": "Get work done.",
 "created_at": "Wed Sep 11 13:56:46 UTC 2013",
 "updated_at": "Wed Sep 11 18:39:03 UTC 2013",
 "overview": "\u003Cp\u003EActionmint is a project management and a collaboration platform which enables you not only to manage your remote and distributed teams, but to find other professionals and businesses to join your projects and help you get work done.\u003C/p\u003E",
 "image":
  {"available_sizes":
    [[[150,
       150],
      "http://api-images.crunchbase.com/assets/images/resized/0032/5150/325150v2-max-150x150.png"],
     [[250,
       250],
      "http://api-images.crunchbase.com/assets/images/resized/0032/5150/325150v2-max-250x250.png"],
     [[300,
       300],
      "http://api-images.crunchbase.com/assets/images/resized/0032/5150/325150v2-max-450x450.png"]],
   "attribution": null},
 "products":
  [],
 "relationships":
  [],
 "competitions":
  [],
 "providerships":
  [],
 "total_money_raised": "$0",
 "funding_rounds":
  [],
 "investments":
  [],
 "acquisition": null,
 "acquisitions":
  [],
 "offices":
  [],
 "milestones":
  [],
 "ipo": null,
 "video_embeds":
  [],
 "screenshots":
  [],
 "external_links":
  [],
 "partners":
  []}
