{"name": "Actifi",
 "permalink": "actifi",
 "crunchbase_url": "http://www.crunchbase.com/company/actifi",
 "homepage_url": "http://actifi.com",
 "blog_url": "",
 "blog_feed_url": "",
 "twitter_username": "ActiFi",
 "category_code": "consulting",
 "number_of_employees": null,
 "founded_year": 2003,
 "founded_month": null,
 "founded_day": null,
 "deadpooled_year": null,
 "deadpooled_month": null,
 "deadpooled_day": null,
 "deadpooled_url": null,
 "tag_list": "",
 "alias_list": "",
 "email_address": "info@actifi.com",
 "phone_number": "763.550.0223",
 "description": "",
 "created_at": "Fri Oct 04 09:26:54 UTC 2013",
 "updated_at": "Fri Oct 04 09:26:53 UTC 2013",
 "overview": "\u003Cp\u003EActiFi, Inc. provides practice management solutions to financial institutions and financial advisory firms.\u003C/p\u003E",
 "image":
  {"available_sizes":
    [[[92,
       31],
      "http://api-images.crunchbase.com/assets/images/resized/0033/7167/337167v1-max-150x150.png"],
     [[92,
       31],
      "http://api-images.crunchbase.com/assets/images/resized/0033/7167/337167v1-max-250x250.png"],
     [[92,
       31],
      "http://api-images.crunchbase.com/assets/images/resized/0033/7167/337167v1-max-450x450.png"]],
   "attribution": null},
 "products":
  [],
 "relationships":
  [{"is_past": false,
    "title": "CEO",
    "person":
     {"first_name": "Spenser",
      "last_name": "Segal",
      "permalink": "spenser-segal"}},
   {"is_past": false,
    "title": "CFO",
    "person":
     {"first_name": "Bob",
      "last_name": "Nicholson",
      "permalink": "bob-nicholson"}},
   {"is_past": false,
    "title": "SVP \u0026 Chief Marketing Officer",
    "person":
     {"first_name": "Sam",
      "last_name": "Richter",
      "permalink": "sam-richter"}}],
 "competitions":
  [],
 "providerships":
  [],
 "total_money_raised": "$138k",
 "funding_rounds":
  [{"id": 50849,
    "round_code": "partial",
    "source_url": "http://www.sec.gov/Archives/edgar/data/1279812/000118143111047001/xslFormDX01/primary_doc.xml",
    "source_description": "SEC",
    "raised_amount": 137500.0,
    "raised_currency_code": "USD",
    "funded_year": 2011,
    "funded_month": 8,
    "funded_day": 25,
    "investments":
     []}],
 "investments":
  [],
 "acquisition": null,
 "acquisitions":
  [],
 "offices":
  [{"description": "",
    "address1": "3030 Harbor Lane",
    "address2": "Suite 216",
    "zip_code": "55447",
    "city": "Plymouth",
    "state_code": "MN",
    "country_code": "USA",
    "latitude": null,
    "longitude": null}],
 "milestones":
  [],
 "ipo": null,
 "video_embeds":
  [],
 "screenshots":
  [{"available_sizes":
     [[[150,
        113],
       "http://api-images.crunchbase.com/assets/images/resized/0033/7166/337166v1-max-150x150.png"],
      [[250,
        188],
       "http://api-images.crunchbase.com/assets/images/resized/0033/7166/337166v1-max-250x250.png"],
      [[450,
        339],
       "http://api-images.crunchbase.com/assets/images/resized/0033/7166/337166v1-max-450x450.png"]],
    "attribution": null}],
 "external_links":
  [],
 "partners":
  []}
