{"name": "ActionPacked Networks",
 "permalink": "actionpacked-networks",
 "crunchbase_url": "http://www.crunchbase.com/company/actionpacked-networks",
 "homepage_url": null,
 "blog_url": null,
 "blog_feed_url": null,
 "twitter_username": null,
 "category_code": null,
 "number_of_employees": null,
 "founded_year": null,
 "founded_month": null,
 "founded_day": null,
 "deadpooled_year": null,
 "deadpooled_month": null,
 "deadpooled_day": null,
 "deadpooled_url": null,
 "tag_list": null,
 "alias_list": null,
 "email_address": null,
 "phone_number": null,
 "description": null,
 "created_at": "Fri Sep 20 23:56:48 UTC 2013",
 "updated_at": "Thu Mar 06 10:26:58 UTC 2014",
 "overview": null,
 "image":
  {"available_sizes":
    [[[150,
       63],
      "http://api-images.crunchbase.com/assets/images/resized/0034/7683/347683v2-max-150x150.png"],
     [[250,
       106],
      "http://api-images.crunchbase.com/assets/images/resized/0034/7683/347683v2-max-250x250.png"],
     [[292,
       124],
      "http://api-images.crunchbase.com/assets/images/resized/0034/7683/347683v2-max-450x450.png"]],
   "attribution": null},
 "products":
  [],
 "relationships":
  [{"is_past": false,
    "title": "CTO/Co-Founder",
    "person":
     {"first_name": "John",
      "last_name": "Smith",
      "permalink": "john-smith-8"}},
   {"is_past": false,
    "title": "CEO \u0026 Chairman",
    "person":
     {"first_name": "Darren",
      "last_name": "Kimura",
      "permalink": "darren-kimura"}},
   {"is_past": false,
    "title": "President/COO",
    "person":
     {"first_name": "Dana",
      "last_name": "Matsunaga",
      "permalink": "dana-matsunaga"}}],
 "competitions":
  [],
 "providerships":
  [],
 "total_money_raised": "$0",
 "funding_rounds":
  [],
 "investments":
  [],
 "acquisition": null,
 "acquisitions":
  [],
 "offices":
  [{"description": "Palo Alto",
    "address1": "825 San Antonio Road",
    "address2": "Suite 209",
    "zip_code": "94303",
    "city": "Palo Alto",
    "state_code": "CA",
    "country_code": "USA",
    "latitude": null,
    "longitude": null},
   {"description": "Honolulu",
    "address1": "155 Kapalulu",
    "address2": "Suite 222",
    "zip_code": "96819",
    "city": "Honolulu",
    "state_code": "HI",
    "country_code": "USA",
    "latitude": null,
    "longitude": null}],
 "milestones":
  [],
 "ipo": null,
 "video_embeds":
  [],
 "screenshots":
  [],
 "external_links":
  [],
 "partners":
  []}
