{"name": "ActionX",
 "permalink": "actionx",
 "crunchbase_url": "http://www.crunchbase.com/company/actionx",
 "homepage_url": "http://actionx.com",
 "blog_url": "",
 "blog_feed_url": "",
 "twitter_username": "ActionXinc",
 "category_code": "mobile",
 "number_of_employees": null,
 "founded_year": 2012,
 "founded_month": null,
 "founded_day": null,
 "deadpooled_year": null,
 "deadpooled_month": null,
 "deadpooled_day": null,
 "deadpooled_url": null,
 "tag_list": "",
 "alias_list": "",
 "email_address": "",
 "phone_number": "",
 "description": "",
 "created_at": "Tue Sep 17 03:59:21 UTC 2013",
 "updated_at": "Thu Dec 19 06:16:08 UTC 2013",
 "overview": "\u003Cp\u003EThe ActionX platform connects the dots between mobile customer acquisition and mobile retargeting to drive transactions and maximize customer lifetime value.\u003C/p\u003E",
 "image":
  {"available_sizes":
    [[[99,
       50],
      "http://api-images.crunchbase.com/assets/images/resized/0032/7813/327813v1-max-150x150.png"],
     [[99,
       50],
      "http://api-images.crunchbase.com/assets/images/resized/0032/7813/327813v1-max-250x250.png"],
     [[99,
       50],
      "http://api-images.crunchbase.com/assets/images/resized/0032/7813/327813v1-max-450x450.png"]],
   "attribution": null},
 "products":
  [],
 "relationships":
  [{"is_past": false,
    "title": "Co-Founder \u0026 CEO",
    "person":
     {"first_name": "Evan",
      "last_name": "Schwartz",
      "permalink": "evan-schwartz"}},
   {"is_past": false,
    "title": "CMO",
    "person":
     {"first_name": "Jeff",
      "last_name": "Carr",
      "permalink": "jeff-carr"}},
   {"is_past": false,
    "title": "COO \u0026 Co-founder",
    "person":
     {"first_name": "Scott",
      "last_name": "Marshall",
      "permalink": "scott-marshall"}},
   {"is_past": false,
    "title": "VP, Sales",
    "person":
     {"first_name": "Jeremy",
      "last_name": "Arnon",
      "permalink": "jeremy-arnon"}},
   {"is_past": false,
    "title": "CTO",
    "person":
     {"first_name": "Edwin",
      "last_name": "Watkeys",
      "permalink": "edwin-watkeys"}}],
 "competitions":
  [],
 "providerships":
  [],
 "total_money_raised": "$3M",
 "funding_rounds":
  [{"id": 48843,
    "round_code": "a",
    "source_url": "http://pandodaily.com/news/actionx-raises-3m/?utm_source=dlvr.it\u0026utm_medium=twitter",
    "source_description": "ActionX raises $3M",
    "raised_amount": 3000000.0,
    "raised_currency_code": "USD",
    "funded_year": 2013,
    "funded_month": 9,
    "funded_day": 16,
    "investments":
     [{"company": null,
       "financial_org":
        {"name": "SoftBank Capital",
         "permalink": "softbank-capital"},
       "person": null},
      {"company": null,
       "financial_org":
        {"name": "Verizon Ventures",
         "permalink": "verizon-ventures"},
       "person": null},
      {"company": null,
       "financial_org":
        {"name": "Lerer Ventures",
         "permalink": "lerer-ventures"},
       "person": null}]}],
 "investments":
  [],
 "acquisition": null,
 "acquisitions":
  [],
 "offices":
  [{"description": "",
    "address1": "584 Broadway",
    "address2": "Suite 1002",
    "zip_code": "10012",
    "city": "New York",
    "state_code": "NY",
    "country_code": "USA",
    "latitude": null,
    "longitude": null}],
 "milestones":
  [],
 "ipo": null,
 "video_embeds":
  [],
 "screenshots":
  [{"available_sizes":
     [[[150,
        82],
       "http://api-images.crunchbase.com/assets/images/resized/0032/7812/327812v1-max-150x150.png"],
      [[250,
        137],
       "http://api-images.crunchbase.com/assets/images/resized/0032/7812/327812v1-max-250x250.png"],
      [[450,
        246],
       "http://api-images.crunchbase.com/assets/images/resized/0032/7812/327812v1-max-450x450.png"]],
    "attribution": null}],
 "external_links":
  [],
 "partners":
  []}
