{"name": "ActivX Biosciences",
 "permalink": "activx-biosciences",
 "crunchbase_url": "http://www.crunchbase.com/company/activx-biosciences",
 "homepage_url": null,
 "blog_url": null,
 "blog_feed_url": null,
 "twitter_username": null,
 "category_code": null,
 "number_of_employees": null,
 "founded_year": null,
 "founded_month": null,
 "founded_day": null,
 "deadpooled_year": null,
 "deadpooled_month": null,
 "deadpooled_day": null,
 "deadpooled_url": null,
 "tag_list": null,
 "alias_list": null,
 "email_address": null,
 "phone_number": null,
 "description": null,
 "created_at": "Tue Sep 03 05:08:45 UTC 2013",
 "updated_at": "Tue Sep 03 05:08:45 UTC 2013",
 "overview": null,
 "image": null,
 "products":
  [],
 "relationships":
  [{"is_past": true,
    "title": "Vice President and Chief Business Officer",
    "person":
     {"first_name": "Michael",
      "last_name": "J. Dunn",
      "permalink": "michael-j-dunn"}},
   {"is_past": true,
    "title": "Board of Directors",
    "person":
     {"first_name": "Alain",
      "last_name": "Schreiber",
      "permalink": "alain-schreiber"}}],
 "competitions":
  [],
 "providerships":
  [],
 "total_money_raised": "$0",
 "funding_rounds":
  [],
 "investments":
  [],
 "acquisition": null,
 "acquisitions":
  [],
 "offices":
  [],
 "milestones":
  [],
 "ipo": null,
 "video_embeds":
  [],
 "screenshots":
  [],
 "external_links":
  [],
 "partners":
  []}
