{"name": "ADDiCTIVE NETWORKS",
 "permalink": "addictive-networks",
 "crunchbase_url": "http://www.crunchbase.com/company/addictive-networks",
 "homepage_url": "http://addictivenetworks.com",
 "blog_url": "http://www.addictivenetworks.com/blog/",
 "blog_feed_url": "",
 "twitter_username": "addictivenet",
 "category_code": "news",
 "number_of_employees": null,
 "founded_year": null,
 "founded_month": null,
 "founded_day": null,
 "deadpooled_year": null,
 "deadpooled_month": null,
 "deadpooled_day": null,
 "deadpooled_url": null,
 "tag_list": null,
 "alias_list": "",
 "email_address": "",
 "phone_number": "",
 "description": "",
 "created_at": "Wed Sep 18 23:02:40 UTC 2013",
 "updated_at": "Wed Sep 18 23:08:51 UTC 2013",
 "overview": "\u003Cp\u003EADDiCTiVE NETWORKS is a full service digital production company and creative marketing firm specializing in cross-platform content and media solutions.\u003C/p\u003E",
 "image":
  {"available_sizes":
    [[[150,
       150],
      "http://api-images.crunchbase.com/assets/images/resized/0032/9119/329119v1-max-150x150.jpg"],
     [[250,
       250],
      "http://api-images.crunchbase.com/assets/images/resized/0032/9119/329119v1-max-250x250.jpg"],
     [[300,
       300],
      "http://api-images.crunchbase.com/assets/images/resized/0032/9119/329119v1-max-450x450.jpg"]],
   "attribution": null},
 "products":
  [],
 "relationships":
  [{"is_past": false,
    "title": "Founder",
    "person":
     {"first_name": "Alexander",
      "last_name": "Lasky",
      "permalink": "alexander-lasky"}}],
 "competitions":
  [],
 "providerships":
  [],
 "total_money_raised": "$0",
 "funding_rounds":
  [],
 "investments":
  [],
 "acquisition": null,
 "acquisitions":
  [],
 "offices":
  [],
 "milestones":
  [],
 "ipo": null,
 "video_embeds":
  [{"embed_code": "\u003Ciframe src=\"//player.vimeo.com/video/6837963?color=de4707\" width=\"430\" height=\"242\" frameborder=\"0\" webkitallowfullscreen mozallowfullscreen allowfullscreen\u003E\u003C/iframe\u003E",
    "description": ""}],
 "screenshots":
  [{"available_sizes":
     [[[150,
        93],
       "http://api-images.crunchbase.com/assets/images/resized/0032/9122/329122v1-max-150x150.png"],
      [[250,
        156],
       "http://api-images.crunchbase.com/assets/images/resized/0032/9122/329122v1-max-250x250.png"],
      [[450,
        281],
       "http://api-images.crunchbase.com/assets/images/resized/0032/9122/329122v1-max-450x450.png"]],
    "attribution": null}],
 "external_links":
  [],
 "partners":
  []}
