{"name": "Adelaide RC",
 "permalink": "adelaide-rc",
 "crunchbase_url": "http://www.crunchbase.com/company/adelaide-rc",
 "homepage_url": "http://www.adelaiderc.com.au",
 "blog_url": "",
 "blog_feed_url": "",
 "twitter_username": null,
 "category_code": "local",
 "number_of_employees": 20,
 "founded_year": null,
 "founded_month": null,
 "founded_day": null,
 "deadpooled_year": null,
 "deadpooled_month": null,
 "deadpooled_day": null,
 "deadpooled_url": null,
 "tag_list": "rc-nitro-cars, rc-hobby-store, rc-electric-cars, rc-buggies",
 "alias_list": "",
 "email_address": "sales@adelaiderc.com.au",
 "phone_number": "0882310707",
 "description": "Electric racing supplies",
 "created_at": "Mon Oct 14 02:57:04 UTC 2013",
 "updated_at": "Tue Oct 15 18:59:35 UTC 2013",
 "overview": "\u003Cp\u003EAdelaide RC is excited to provide Australia with quality Nitro \u0026amp; Electric racing supplies. Whether you drive for fun or competition, Adelaide RC is the place for you\u003C/p\u003E",
 "image":
  {"available_sizes":
    [[[150,
       36],
      "http://api-images.crunchbase.com/assets/images/resized/0034/1351/341351v2-max-150x150.jpg"],
     [[250,
       60],
      "http://api-images.crunchbase.com/assets/images/resized/0034/1351/341351v2-max-250x250.jpg"],
     [[256,
       62],
      "http://api-images.crunchbase.com/assets/images/resized/0034/1351/341351v2-max-450x450.jpg"]],
   "attribution": null},
 "products":
  [],
 "relationships":
  [],
 "competitions":
  [],
 "providerships":
  [],
 "total_money_raised": "$0",
 "funding_rounds":
  [],
 "investments":
  [],
 "acquisition": null,
 "acquisitions":
  [],
 "offices":
  [],
 "milestones":
  [],
 "ipo": null,
 "video_embeds":
  [],
 "screenshots":
  [],
 "external_links":
  [],
 "partners":
  []}
