{"name": "Adfunky",
 "permalink": "adfunky",
 "crunchbase_url": "http://www.crunchbase.com/company/adfunky",
 "homepage_url": null,
 "blog_url": null,
 "blog_feed_url": null,
 "twitter_username": null,
 "category_code": null,
 "number_of_employees": null,
 "founded_year": null,
 "founded_month": null,
 "founded_day": null,
 "deadpooled_year": null,
 "deadpooled_month": null,
 "deadpooled_day": null,
 "deadpooled_url": null,
 "tag_list": null,
 "alias_list": null,
 "email_address": null,
 "phone_number": null,
 "description": null,
 "created_at": "Tue Oct 08 18:29:17 UTC 2013",
 "updated_at": "Tue Oct 08 22:09:16 UTC 2013",
 "overview": null,
 "image": null,
 "products":
  [],
 "relationships":
  [],
 "competitions":
  [],
 "providerships":
  [],
 "total_money_raised": "$0",
 "funding_rounds":
  [],
 "investments":
  [],
 "acquisition":
  {"price_amount": null,
   "price_currency_code": "USD",
   "term_code": null,
   "source_url": "http://www.prnewswire.com/news-releases/batanga-inc-completes-the-acquisitions-of-two-leading-online-media-companies-in-latin-america-123358618.html",
   "source_description": "Batanga, Inc. Completes the Acquisitions of Two Leading Online Media Companies in Latin America",
   "acquired_year": 2011,
   "acquired_month": 6,
   "acquired_day": 7,
   "acquiring_company":
    {"name": "Batanga Media",
     "permalink": "batanga"}},
 "acquisitions":
  [],
 "offices":
  [],
 "milestones":
  [],
 "ipo": null,
 "video_embeds":
  [],
 "screenshots":
  [],
 "external_links":
  [],
 "partners":
  []}
