{"name": "Adloop",
 "permalink": "adloop",
 "crunchbase_url": "http://www.crunchbase.com/company/adloop",
 "homepage_url": "http://www.adloop.de",
 "blog_url": "",
 "blog_feed_url": "",
 "twitter_username": "adloop_cgn",
 "category_code": "advertising",
 "number_of_employees": 4,
 "founded_year": 2012,
 "founded_month": 9,
 "founded_day": null,
 "deadpooled_year": null,
 "deadpooled_month": null,
 "deadpooled_day": null,
 "deadpooled_url": null,
 "tag_list": "rtb, real-time-bidding, advertising, publisher",
 "alias_list": "",
 "email_address": "info@adloop.de",
 "phone_number": "",
 "description": "Revenue Optimized RTB Platform",
 "created_at": "Tue Sep 17 12:45:36 UTC 2013",
 "updated_at": "Sat Apr 05 11:37:34 UTC 2014",
 "overview": "\u003Cp\u003EAdloop provides programmatic and yield-optimized advertising sales for premium publishers.\u003C/p\u003E",
 "image":
  {"available_sizes":
    [[[150,
       60],
      "http://api-images.crunchbase.com/assets/images/resized/0034/5935/345935v1-max-150x150.jpg"],
     [[200,
       80],
      "http://api-images.crunchbase.com/assets/images/resized/0034/5935/345935v1-max-250x250.jpg"],
     [[200,
       80],
      "http://api-images.crunchbase.com/assets/images/resized/0034/5935/345935v1-max-450x450.jpg"]],
   "attribution": null},
 "products":
  [{"name": "Adloop Premium Publisher Platform",
    "permalink": "adloop-premium-publisher-platform"}],
 "relationships":
  [{"is_past": false,
    "title": "CEO",
    "person":
     {"first_name": "Christian",
      "last_name": "Ulitzka",
      "permalink": "christian-ulitzka"}},
   {"is_past": false,
    "title": "CTO",
    "person":
     {"first_name": "James",
      "last_name": "Weber",
      "permalink": "james-weber"}}],
 "competitions":
  [],
 "providerships":
  [],
 "total_money_raised": "$0",
 "funding_rounds":
  [],
 "investments":
  [],
 "acquisition": null,
 "acquisitions":
  [],
 "offices":
  [{"description": "Adloop GmbH",
    "address1": "Im Mediapark 5",
    "address2": "",
    "zip_code": "50670",
    "city": "K\u00f6ln",
    "state_code": null,
    "country_code": "DEU",
    "latitude": null,
    "longitude": null}],
 "milestones":
  [],
 "ipo": null,
 "video_embeds":
  [],
 "screenshots":
  [{"available_sizes":
     [[[150,
        86],
       "http://api-images.crunchbase.com/assets/images/resized/0034/5113/345113v1-max-150x150.png"],
      [[250,
        144],
       "http://api-images.crunchbase.com/assets/images/resized/0034/5113/345113v1-max-250x250.png"],
      [[450,
        259],
       "http://api-images.crunchbase.com/assets/images/resized/0034/5113/345113v1-max-450x450.png"]],
    "attribution": null}],
 "external_links":
  [],
 "partners":
  [{"partner_name": "angel_list",
    "homepage_url": "http://adloop.de",
    "link_1_url": "https://angel.co/adloop-gmbh",
    "link_2_url": null,
    "link_3_url": null,
    "link_1_name": "AngelList Page",
    "link_2_name": null,
    "link_3_name": null}]}
