{"name": "AdmitSee",
 "permalink": "admitsee",
 "crunchbase_url": "http://www.crunchbase.com/company/admitsee",
 "homepage_url": "http://www.admitsee.com",
 "blog_url": "https://www.admitsee.com/blog",
 "blog_feed_url": "",
 "twitter_username": "admitsee",
 "category_code": "web",
 "number_of_employees": 7,
 "founded_year": 2013,
 "founded_month": 4,
 "founded_day": null,
 "deadpooled_year": null,
 "deadpooled_month": null,
 "deadpooled_day": null,
 "deadpooled_url": null,
 "tag_list": "education, social-media, college, college-counseling",
 "alias_list": null,
 "email_address": "info@admitsee.com",
 "phone_number": "8607054543",
 "description": "See who got in!",
 "created_at": "Tue Sep 17 01:16:11 UTC 2013",
 "updated_at": "Thu Sep 19 03:34:52 UTC 2013",
 "overview": "\u003Cp\u003EAdmitSee provides a platform for current college/grad students to anonymously share their school application info and advice.  \u003C/p\u003E\n\n\u003Cp\u003EAdmitSee was founded by grad students at UPenn with experience in test prep, college consulting and conducting alumni interviews. While going through the admissions process for grad school, the founders kept asking themselves the same question: What are my chances of getting in, and how do I increase those chances? AdmitSee.com aims to be the solution for future applicants.\u003C/p\u003E\n\n\u003Cp\u003EAdmitSee provides a platform for current students and recent grads aka \u201cAdmits\u201d to anonymously share their application info and advice. Admits create profiles, just as they would on LinkedIn or Facebook, but, instead of work experience or favorite movies, an AdmitSee profile features everything that went into their college applications. Admits can reveal as much or as little of their identity as they choose.\u003C/p\u003E\n\n\u003Cp\u003EAs an applicant or parent, you can browse the Admits\u2019 basic content for free. You have to pay $5-20 to unlock a profile\u2019s full content, which would include essays and extracurricular history. The profiles are priced based on the depth and breadth of information provided by the Admit. Our comprehensive search feature lets you filter through profiles to tailor the site to your needs.\u003C/p\u003E\n\n\u003Cp\u003EUnlike college application forums, our Admits are screened and verified using their school IDs, so you don\u2019t have to worry about misinformation. The Admit earns half of every dollar you spend unlocking his or her individual profile, so they\u2019re incentivized to create robust profiles.   \u003C/p\u003E",
 "image":
  {"available_sizes":
    [[[150,
       38],
      "http://api-images.crunchbase.com/assets/images/resized/0032/7783/327783v2-max-150x150.jpg"],
     [[250,
       64],
      "http://api-images.crunchbase.com/assets/images/resized/0032/7783/327783v2-max-250x250.jpg"],
     [[349,
       90],
      "http://api-images.crunchbase.com/assets/images/resized/0032/7783/327783v2-max-450x450.jpg"]],
   "attribution": null},
 "products":
  [],
 "relationships":
  [],
 "competitions":
  [],
 "providerships":
  [],
 "total_money_raised": "$0",
 "funding_rounds":
  [],
 "investments":
  [],
 "acquisition": null,
 "acquisitions":
  [],
 "offices":
  [],
 "milestones":
  [],
 "ipo": null,
 "video_embeds":
  [],
 "screenshots":
  [{"available_sizes":
     [[[150,
        109],
       "http://api-images.crunchbase.com/assets/images/resized/0032/9123/329123v2-max-150x150.png"],
      [[250,
        181],
       "http://api-images.crunchbase.com/assets/images/resized/0032/9123/329123v2-max-250x250.png"],
      [[450,
        327],
       "http://api-images.crunchbase.com/assets/images/resized/0032/9123/329123v2-max-450x450.png"]],
    "attribution": null}],
 "external_links":
  [],
 "partners":
  []}
