{"name": "Adodis Technology Pvt Ltd",
 "permalink": "adodis-technology-pvt-ltd",
 "crunchbase_url": "http://www.crunchbase.com/company/adodis-technology-pvt-ltd",
 "homepage_url": "http://www.redesignguru.org",
 "blog_url": "http://webredesigning.edublogs.org/2013/10/10/is-your-website-lacking-flare-then-its-time-to-redesign-it/",
 "blog_feed_url": "",
 "twitter_username": "redesignguru",
 "category_code": "advertising",
 "number_of_employees": null,
 "founded_year": null,
 "founded_month": null,
 "founded_day": null,
 "deadpooled_year": null,
 "deadpooled_month": null,
 "deadpooled_day": null,
 "deadpooled_url": null,
 "tag_list": "website-redesign",
 "alias_list": null,
 "email_address": "info@redesignguru.org",
 "phone_number": "080-64564141",
 "description": "Best Website Redesign Company",
 "created_at": "Fri Oct 11 05:13:18 UTC 2013",
 "updated_at": "Fri Oct 11 22:14:10 UTC 2013",
 "overview": "\u003Cp\u003EWe have a perfect website redesign process, which approaches your project from a marketing perspective and takes all the goals of your company into consideration.\u003C/p\u003E",
 "image":
  {"available_sizes":
    [[[150,
       46],
      "http://api-images.crunchbase.com/assets/images/resized/0034/0519/340519v2-max-150x150.png"],
     [[250,
       78],
      "http://api-images.crunchbase.com/assets/images/resized/0034/0519/340519v2-max-250x250.png"],
     [[450,
       140],
      "http://api-images.crunchbase.com/assets/images/resized/0034/0519/340519v2-max-450x450.png"]],
   "attribution": null},
 "products":
  [],
 "relationships":
  [],
 "competitions":
  [],
 "providerships":
  [],
 "total_money_raised": "$0",
 "funding_rounds":
  [],
 "investments":
  [],
 "acquisition": null,
 "acquisitions":
  [],
 "offices":
  [],
 "milestones":
  [],
 "ipo": null,
 "video_embeds":
  [],
 "screenshots":
  [],
 "external_links":
  [],
 "partners":
  []}
