{"name": "ADPi, Corp",
 "permalink": "adpi-corp",
 "crunchbase_url": "http://www.crunchbase.com/company/adpi-corp",
 "homepage_url": "http://www.adpi.biz",
 "blog_url": "",
 "blog_feed_url": "",
 "twitter_username": "adpi_corp",
 "category_code": "finance",
 "number_of_employees": 5,
 "founded_year": 1985,
 "founded_month": null,
 "founded_day": null,
 "deadpooled_year": null,
 "deadpooled_month": null,
 "deadpooled_day": null,
 "deadpooled_url": null,
 "tag_list": "accounting, houston-accounting, corporate-taxes, taxes, tax-services",
 "alias_list": null,
 "email_address": "areinh@adpi.biz",
 "phone_number": "2815751680",
 "description": "Accounting Firm",
 "created_at": "Fri Sep 13 17:51:02 UTC 2013",
 "updated_at": "Fri Sep 13 19:50:02 UTC 2013",
 "overview": "\u003Cp\u003EFor more than twelve (18) years, ADPI, Corp. (ADPInc.) has been providing payroll, bookkeeping, tax planning, and business planning services to small, midsize and new businesses.  The principal Tax \u0026amp; Business Consultant, Tom Shadi, along with his professional staff and consultants, has assisted various companies and individuals with their problems and/or necessities in the field of System Development, Payroll, Tax and Financial Analysis. We are a firm that offers representation for clients, including individuals and corporate clients before the IRS, regardless of size, and a firm that provides computerized bookkeeping and payroll systems in order to ensure that your business and tax needs are fulfilled.  Our philosophy is that good tax planning and a good bookkeeping system is an essential part of any successful tax services.\u003C/p\u003E",
 "image":
  {"available_sizes":
    [[[150,
       122],
      "http://api-images.crunchbase.com/assets/images/resized/0032/6689/326689v2-max-150x150.jpg"],
     [[250,
       203],
      "http://api-images.crunchbase.com/assets/images/resized/0032/6689/326689v2-max-250x250.jpg"],
     [[254,
       207],
      "http://api-images.crunchbase.com/assets/images/resized/0032/6689/326689v2-max-450x450.jpg"]],
   "attribution": null},
 "products":
  [],
 "relationships":
  [],
 "competitions":
  [],
 "providerships":
  [],
 "total_money_raised": "$0",
 "funding_rounds":
  [],
 "investments":
  [],
 "acquisition": null,
 "acquisitions":
  [],
 "offices":
  [{"description": "ADPi, Corp",
    "address1": "11200 Westheimer Rd Ste. 510",
    "address2": "",
    "zip_code": "77042",
    "city": "Houston",
    "state_code": "TX",
    "country_code": "USA",
    "latitude": null,
    "longitude": null}],
 "milestones":
  [],
 "ipo": null,
 "video_embeds":
  [],
 "screenshots":
  [],
 "external_links":
  [],
 "partners":
  []}
