{"name": "Adqey",
 "permalink": "adqey",
 "crunchbase_url": "http://www.crunchbase.com/company/adqey",
 "homepage_url": "http://www.adqey.com",
 "blog_url": "",
 "blog_feed_url": "",
 "twitter_username": null,
 "category_code": "advertising",
 "number_of_employees": null,
 "founded_year": null,
 "founded_month": null,
 "founded_day": null,
 "deadpooled_year": null,
 "deadpooled_month": null,
 "deadpooled_day": null,
 "deadpooled_url": null,
 "tag_list": "advanced-mobile, advertising-tech, provides-solutions-and-services",
 "alias_list": "",
 "email_address": "",
 "phone_number": "",
 "description": "Best mobile advertising platform",
 "created_at": "Mon Sep 02 09:18:36 UTC 2013",
 "updated_at": "Mon Sep 02 09:18:36 UTC 2013",
 "overview": "\u003Cp\u003EADQEY, founded in May 2013, is an advanced mobile advertising tech company that provides solutions and services to mobile publishers and advertisers.\u003C/p\u003E\n\n\u003Cp\u003EA revolutionary and disruptive technology providing an intelligent solution that maximizes the matching between mobile supply and demand.\u003C/p\u003E\n\n\u003Cp\u003ETheir patent-pending technology is based on a set of advanced matching algorithms created by industry experts.\u003C/p\u003E",
 "image":
  {"available_sizes":
    [[[100,
       100],
      "http://api-images.crunchbase.com/assets/images/resized/0031/8831/318831v1-max-150x150.jpg"],
     [[100,
       100],
      "http://api-images.crunchbase.com/assets/images/resized/0031/8831/318831v1-max-250x250.jpg"],
     [[100,
       100],
      "http://api-images.crunchbase.com/assets/images/resized/0031/8831/318831v1-max-450x450.jpg"]],
   "attribution": null},
 "products":
  [],
 "relationships":
  [{"is_past": false,
    "title": "Co-Founder",
    "person":
     {"first_name": "Joe",
      "last_name": "Ayyoub",
      "permalink": "joe-ayyoub"}}],
 "competitions":
  [],
 "providerships":
  [],
 "total_money_raised": "$0",
 "funding_rounds":
  [],
 "investments":
  [],
 "acquisition": null,
 "acquisitions":
  [],
 "offices":
  [],
 "milestones":
  [],
 "ipo": null,
 "video_embeds":
  [],
 "screenshots":
  [],
 "external_links":
  [],
 "partners":
  [{"partner_name": "angel_list",
    "homepage_url": "http://www.adqey.com",
    "link_1_url": "https://angel.co/adqey",
    "link_2_url": null,
    "link_3_url": null,
    "link_1_name": "AngelList Page",
    "link_2_name": null,
    "link_3_name": null}]}
