{"name": "AdSpruce",
 "permalink": "adspruce",
 "crunchbase_url": "http://www.crunchbase.com/company/adspruce",
 "homepage_url": "http://www.adspruce.com",
 "blog_url": "http://blog.adspruce.com",
 "blog_feed_url": "http://blog.adspruce.com/feed/",
 "twitter_username": "AdSpruce",
 "category_code": "advertising",
 "number_of_employees": 15,
 "founded_year": 2011,
 "founded_month": 10,
 "founded_day": 1,
 "deadpooled_year": null,
 "deadpooled_month": null,
 "deadpooled_day": null,
 "deadpooled_url": null,
 "tag_list": "advertising, video, video-marketing, mobile-advertising",
 "alias_list": null,
 "email_address": "info@adspruce.com",
 "phone_number": "02072052254",
 "description": "Mobile Video Ad Network",
 "created_at": "Tue Sep 10 10:44:35 UTC 2013",
 "updated_at": "Tue Sep 10 22:37:29 UTC 2013",
 "overview": "\u003Cp\u003EAdSpruce is a leading mobile video advertising network specialising in unique and innovative video technology for advertisers and publishers. AdSpruce is focused on the mobile web and feature phones market, allowing advertisers to reach audiences effectively across these platforms at scale whilst simultaneously ensuring that publishers and developers monetise their video inventory to its full potential. \u003C/p\u003E\n\n\u003Cp\u003EAdSpruce partners with premium publishers and developers across a variety of advertising verticals, maintaining a rapidly growing video content network.  The data and science driven AdSpruce Native Ad Server is able to deliver video ads targeted across 16 advertising verticals and top tier TV and video publishers.\u003C/p\u003E\n\n\u003Cp\u003EAdSpruce is the first video ad network to offer IAB VAST compatible pre-roll ads on feature phones. Using intelligent technology AdSpruce can deliver clickable and trackable video campaigns to any internet enabled mobile device worldwide, reaching more screens than anyone else in the industry.\u003C/p\u003E\n\n\u003Cp\u003EThe development of the AdSpruce mobile web SDK has enabled publishers to create new revenue streams from existing web traffic to their mobile sites, traffic which was previously not monetised due to a lack of technology and resources. Publishers can install the AdSpruce mobile web SDK in a matter of minutes and begin delivering targeted, high-quality video adverts to consumers who visit their websites.\u003C/p\u003E\n\n\u003Cp\u003EAdSpruce is also the technology provider behind TubeViral\u2122. TubeViral is an impressive video ad solution that can deliver any YouTube video as a pre-roll ad across the AdSpruce publisher network, simultaneously growing YouTube views whilst building brand awareness. TubeViral is designed to spark social and viral growth for brands and to increase earned media. \u003C/p\u003E\n\n\u003Cp\u003EFounded in 2011 and based in the UK, AdSpruce is a privately held company which has been venture backed by long-standing professionals in the video and advertising sectors.\u003C/p\u003E",
 "image": null,
 "products":
  [],
 "relationships":
  [{"is_past": false,
    "title": "CEO \u0026 Founder",
    "person":
     {"first_name": "Ian",
      "last_name": "Mullins",
      "permalink": "ian-mullins-2"}},
   {"is_past": false,
    "title": "CTO",
    "person":
     {"first_name": "Gary",
      "last_name": "Hockin",
      "permalink": "gary-hockin"}},
   {"is_past": false,
    "title": "Business Development Director",
    "person":
     {"first_name": "Kapil",
      "last_name": "Sampanthan",
      "permalink": "kapil-sampanthan"}}],
 "competitions":
  [],
 "providerships":
  [],
 "total_money_raised": "$0",
 "funding_rounds":
  [],
 "investments":
  [],
 "acquisition": null,
 "acquisitions":
  [],
 "offices":
  [{"description": "Sales Office",
    "address1": "TechHub",
    "address2": "4-5 Bonhill Street",
    "zip_code": "EC2A 4BX",
    "city": "London",
    "state_code": null,
    "country_code": "GBR",
    "latitude": null,
    "longitude": null},
   {"description": "Operations Office",
    "address1": "6 Dylan Thomas Center",
    "address2": "Maritime Quarter",
    "zip_code": "SA1 1RR",
    "city": "Swansea",
    "state_code": null,
    "country_code": "GBR",
    "latitude": null,
    "longitude": null}],
 "milestones":
  [],
 "ipo": null,
 "video_embeds":
  [],
 "screenshots":
  [{"available_sizes":
     [[[150,
        74],
       "http://api-images.crunchbase.com/assets/images/resized/0032/4103/324103v2-max-150x150.png"],
      [[250,
        123],
       "http://api-images.crunchbase.com/assets/images/resized/0032/4103/324103v2-max-250x250.png"],
      [[450,
        222],
       "http://api-images.crunchbase.com/assets/images/resized/0032/4103/324103v2-max-450x450.png"]],
    "attribution": null}],
 "external_links":
  [{"external_url": "http://www.prweb.com/releases/2013/9/prweb11097861.htm",
    "title": "AdSpruce Announces Native Ad Server"}],
 "partners":
  []}
