{"name": "AdTrib",
 "permalink": "adtrib",
 "crunchbase_url": "http://www.crunchbase.com/company/adtrib",
 "homepage_url": "http://www.adtrib.com",
 "blog_url": "",
 "blog_feed_url": "",
 "twitter_username": "AdTrib_Team",
 "category_code": "advertising",
 "number_of_employees": 4,
 "founded_year": 2013,
 "founded_month": null,
 "founded_day": null,
 "deadpooled_year": null,
 "deadpooled_month": null,
 "deadpooled_day": null,
 "deadpooled_url": null,
 "tag_list": "mobile, advertising, mobile-ad-tech, dsp, attribution, digital-advertising, mobile-advertising",
 "alias_list": null,
 "email_address": "",
 "phone_number": "",
 "description": "Read consumers' minds with data",
 "created_at": "Thu Oct 03 18:39:46 UTC 2013",
 "updated_at": "Fri Mar 21 20:50:28 UTC 2014",
 "overview": "\u003Cp\u003EAdTrib\u0026#8217;s mission is to create the gold standard for ROI measurement on mobile. With technology developed by MIT and Wharton, AdTrib proves ROI on mobile ads based on impressions, not just clicks or conversions. AdTrib measures an ad\u0026#8217;s influence on every user who sees one.\u003C/p\u003E\n\n\u003Cp\u003EBrands and Agencies work with AdTrib to have the most educated mobile media-buying experience. DSPs and Ad Networks work with AdTrib to offer their clients an insightful report regarding the value of their mobile spend.  \u003C/p\u003E",
 "image":
  {"available_sizes":
    [[[150,
       56],
      "http://api-images.crunchbase.com/assets/images/resized/0033/6834/336834v2-max-150x150.png"],
     [[250,
       93],
      "http://api-images.crunchbase.com/assets/images/resized/0033/6834/336834v2-max-250x250.png"],
     [[290,
       109],
      "http://api-images.crunchbase.com/assets/images/resized/0033/6834/336834v2-max-450x450.png"]],
   "attribution": null},
 "products":
  [],
 "relationships":
  [{"is_past": false,
    "title": "Founder",
    "person":
     {"first_name": "Vasu",
      "last_name": "Prathipati",
      "permalink": "vasu-prathipati"}},
   {"is_past": false,
    "title": "Founder",
    "person":
     {"first_name": "Harrison",
      "last_name": "Hunter",
      "permalink": "harrison-hunter"}}],
 "competitions":
  [],
 "providerships":
  [],
 "total_money_raised": "$0",
 "funding_rounds":
  [{"id": 70231,
    "round_code": "seed",
    "source_url": "",
    "source_description": "",
    "raised_amount": null,
    "raised_currency_code": "USD",
    "funded_year": 2013,
    "funded_month": 11,
    "funded_day": 21,
    "investments":
     [{"company": null,
       "financial_org":
        {"name": "Eniac Ventures",
         "permalink": "eniac-ventures"},
       "person": null}]}],
 "investments":
  [],
 "acquisition": null,
 "acquisitions":
  [],
 "offices":
  [{"description": "",
    "address1": "",
    "address2": "",
    "zip_code": "",
    "city": "New York City",
    "state_code": "NY",
    "country_code": "USA",
    "latitude": null,
    "longitude": null}],
 "milestones":
  [],
 "ipo": null,
 "video_embeds":
  [],
 "screenshots":
  [{"available_sizes":
     [[[150,
        113],
       "http://api-images.crunchbase.com/assets/images/resized/0033/7031/337031v1-max-150x150.jpg"],
      [[250,
        189],
       "http://api-images.crunchbase.com/assets/images/resized/0033/7031/337031v1-max-250x250.jpg"],
      [[378,
        287],
       "http://api-images.crunchbase.com/assets/images/resized/0033/7031/337031v1-max-450x450.jpg"]],
    "attribution": null},
   {"available_sizes":
     [[[150,
        142],
       "http://api-images.crunchbase.com/assets/images/resized/0033/7032/337032v1-max-150x150.jpg"],
      [[250,
        237],
       "http://api-images.crunchbase.com/assets/images/resized/0033/7032/337032v1-max-250x250.jpg"],
      [[302,
        287],
       "http://api-images.crunchbase.com/assets/images/resized/0033/7032/337032v1-max-450x450.jpg"]],
    "attribution": null}],
 "external_links":
  [],
 "partners":
  [{"partner_name": "angel_list",
    "homepage_url": "http://www.adtrib.com",
    "link_1_url": "https://angel.co/adtrib",
    "link_2_url": null,
    "link_3_url": null,
    "link_1_name": "AngelList Page",
    "link_2_name": null,
    "link_3_name": null}]}
