{"name": "Advanced Power Technology Inc.",
 "permalink": "advanced-power-technology-inc",
 "crunchbase_url": "http://www.crunchbase.com/company/advanced-power-technology-inc",
 "homepage_url": null,
 "blog_url": null,
 "blog_feed_url": null,
 "twitter_username": null,
 "category_code": null,
 "number_of_employees": null,
 "founded_year": null,
 "founded_month": null,
 "founded_day": null,
 "deadpooled_year": null,
 "deadpooled_month": null,
 "deadpooled_day": null,
 "deadpooled_url": null,
 "tag_list": null,
 "alias_list": null,
 "email_address": null,
 "phone_number": null,
 "description": null,
 "created_at": "Wed Oct 09 22:51:25 UTC 2013",
 "updated_at": "Wed Oct 09 22:51:25 UTC 2013",
 "overview": null,
 "image": null,
 "products":
  [],
 "relationships":
  [{"is_past": true,
    "title": "COO of the RF products group",
    "person":
     {"first_name": "Frank",
      "last_name": "W. Schneider",
      "permalink": "frank-w-schneider"}},
   {"is_past": true,
    "title": "",
    "person":
     {"first_name": "Robert",
      "last_name": "Holburn",
      "permalink": "robert-holburn"}}],
 "competitions":
  [],
 "providerships":
  [],
 "total_money_raised": "$0",
 "funding_rounds":
  [],
 "investments":
  [],
 "acquisition": null,
 "acquisitions":
  [{"price_amount": null,
    "price_currency_code": "USD",
    "term_code": null,
    "source_url": "",
    "source_description": "",
    "acquired_year": 2002,
    "acquired_month": 10,
    "acquired_day": 31,
    "company":
     {"name": "Ghz Technology",
      "permalink": "ghz-technology"}}],
 "offices":
  [],
 "milestones":
  [],
 "ipo": null,
 "video_embeds":
  [],
 "screenshots":
  [],
 "external_links":
  [],
 "partners":
  []}
