{"name": "Advanced Messaging Technologies Pty Ltf",
 "permalink": "advanced-messaging-technologies-pty-ltf",
 "crunchbase_url": "http://www.crunchbase.com/company/advanced-messaging-technologies-pty-ltf",
 "homepage_url": null,
 "blog_url": null,
 "blog_feed_url": null,
 "twitter_username": null,
 "category_code": null,
 "number_of_employees": null,
 "founded_year": null,
 "founded_month": null,
 "founded_day": null,
 "deadpooled_year": null,
 "deadpooled_month": null,
 "deadpooled_day": null,
 "deadpooled_url": null,
 "tag_list": null,
 "alias_list": null,
 "email_address": null,
 "phone_number": null,
 "description": null,
 "created_at": "Wed Oct 09 03:40:47 UTC 2013",
 "updated_at": "Wed Oct 09 11:09:57 UTC 2013",
 "overview": null,
 "image": null,
 "products":
  [],
 "relationships":
  [],
 "competitions":
  [],
 "providerships":
  [],
 "total_money_raised": "$0",
 "funding_rounds":
  [],
 "investments":
  [],
 "acquisition":
  {"price_amount": null,
   "price_currency_code": "USD",
   "term_code": null,
   "source_url": "",
   "source_description": "",
   "acquired_year": 2005,
   "acquired_month": null,
   "acquired_day": null,
   "acquiring_company":
    {"name": "Mantara",
     "permalink": "mantara"}},
 "acquisitions":
  [],
 "offices":
  [],
 "milestones":
  [],
 "ipo": null,
 "video_embeds":
  [],
 "screenshots":
  [],
 "external_links":
  [],
 "partners":
  []}
