{"name": "Advanced Patient Care",
 "permalink": "advanced-patient-care",
 "crunchbase_url": "http://www.crunchbase.com/company/advanced-patient-care",
 "homepage_url": "http://advancedpatientcare.com",
 "blog_url": "",
 "blog_feed_url": "",
 "twitter_username": null,
 "category_code": "medical",
 "number_of_employees": null,
 "founded_year": 2008,
 "founded_month": null,
 "founded_day": null,
 "deadpooled_year": null,
 "deadpooled_month": null,
 "deadpooled_day": null,
 "deadpooled_url": null,
 "tag_list": "",
 "alias_list": "",
 "email_address": "marling@symbria.com",
 "phone_number": "(630) 981-8139",
 "description": "",
 "created_at": "Wed Oct 09 13:45:45 UTC 2013",
 "updated_at": "Thu Jan 23 11:01:09 UTC 2014",
 "overview": "\u003Cp\u003EAdvanced Patient Care (APC), founded in 2008 by Michele Arling, RPh, APC was established from the beginning to serve assisted living and independent living providers according to a highly-customized and successful model that Michele developed more than a decade ago in Virginia. \u003C/p\u003E",
 "image":
  {"available_sizes":
    [[[150,
       55],
      "http://api-images.crunchbase.com/assets/images/resized/0033/9577/339577v1-max-150x150.jpg"],
     [[195,
       72],
      "http://api-images.crunchbase.com/assets/images/resized/0033/9577/339577v1-max-250x250.jpg"],
     [[195,
       72],
      "http://api-images.crunchbase.com/assets/images/resized/0033/9577/339577v1-max-450x450.jpg"]],
   "attribution": null},
 "products":
  [],
 "relationships":
  [{"is_past": false,
    "title": "Founder",
    "person":
     {"first_name": "Michele",
      "last_name": "Arling",
      "permalink": "michele-arling"}}],
 "competitions":
  [],
 "providerships":
  [],
 "total_money_raised": "$200k",
 "funding_rounds":
  [{"id": 51472,
    "round_code": "partial",
    "source_url": "http://www.sec.gov/Archives/edgar/data/1504044/000150404411000002/xslFormDX01/primary_doc.xml",
    "source_description": "SEC",
    "raised_amount": 100000.0,
    "raised_currency_code": "USD",
    "funded_year": 2011,
    "funded_month": 7,
    "funded_day": 15,
    "investments":
     []},
   {"id": 62318,
    "round_code": "partial",
    "source_url": "http://www.sec.gov/Archives/edgar/data/1504044/000150404410000002/xslFormDX01/primary_doc.xml",
    "source_description": "SEC",
    "raised_amount": 100000.0,
    "raised_currency_code": "USD",
    "funded_year": 2010,
    "funded_month": 10,
    "funded_day": 21,
    "investments":
     []}],
 "investments":
  [],
 "acquisition": null,
 "acquisitions":
  [],
 "offices":
  [{"description": "",
    "address1": "10 Paolo Road",
    "address2": "",
    "zip_code": "02043",
    "city": "Hingham",
    "state_code": "MA",
    "country_code": "USA",
    "latitude": null,
    "longitude": null}],
 "milestones":
  [],
 "ipo": null,
 "video_embeds":
  [],
 "screenshots":
  [{"available_sizes":
     [[[150,
        93],
       "http://api-images.crunchbase.com/assets/images/resized/0033/9576/339576v1-max-150x150.jpg"],
      [[250,
        155],
       "http://api-images.crunchbase.com/assets/images/resized/0033/9576/339576v1-max-250x250.jpg"],
      [[450,
        280],
       "http://api-images.crunchbase.com/assets/images/resized/0033/9576/339576v1-max-450x450.jpg"]],
    "attribution": null}],
 "external_links":
  [],
 "partners":
  []}
