{"name": "AdvancePCS",
 "permalink": "advancepcs",
 "crunchbase_url": "http://www.crunchbase.com/company/advancepcs",
 "homepage_url": null,
 "blog_url": null,
 "blog_feed_url": null,
 "twitter_username": null,
 "category_code": null,
 "number_of_employees": null,
 "founded_year": null,
 "founded_month": null,
 "founded_day": null,
 "deadpooled_year": null,
 "deadpooled_month": null,
 "deadpooled_day": null,
 "deadpooled_url": null,
 "tag_list": null,
 "alias_list": null,
 "email_address": null,
 "phone_number": null,
 "description": null,
 "created_at": "Wed Sep 18 03:44:51 UTC 2013",
 "updated_at": "Wed Sep 18 03:44:51 UTC 2013",
 "overview": null,
 "image": null,
 "products":
  [],
 "relationships":
  [{"is_past": true,
    "title": "Senior Vice President and Chief Corporate Resources Officer",
    "person":
     {"first_name": "Steven",
      "last_name": "C. Mizell",
      "permalink": "steven-c-mizell"}},
   {"is_past": true,
    "title": "AVP, Strategic Planning",
    "person":
     {"first_name": "Matt",
      "last_name": "Waldron",
      "permalink": "matt-waldron"}}],
 "competitions":
  [],
 "providerships":
  [],
 "total_money_raised": "$0",
 "funding_rounds":
  [],
 "investments":
  [],
 "acquisition": null,
 "acquisitions":
  [],
 "offices":
  [],
 "milestones":
  [],
 "ipo": null,
 "video_embeds":
  [],
 "screenshots":
  [],
 "external_links":
  [],
 "partners":
  []}
