{"name": "Adventr",
 "permalink": "adventr",
 "crunchbase_url": "http://www.crunchbase.com/company/adventr",
 "homepage_url": "http://www.adventr.tv",
 "blog_url": "",
 "blog_feed_url": "",
 "twitter_username": "theochre",
 "category_code": "software",
 "number_of_employees": null,
 "founded_year": 2012,
 "founded_month": null,
 "founded_day": null,
 "deadpooled_year": null,
 "deadpooled_month": null,
 "deadpooled_day": null,
 "deadpooled_url": null,
 "tag_list": "interactive-video, pre-roll, advertising, publishers, gaming, digital-media, saas, content",
 "alias_list": "Ochre",
 "email_address": "info@adventr.com",
 "phone_number": "(347) 541-3234",
 "description": "Interactive Video Network",
 "created_at": "Wed Oct 09 21:56:24 UTC 2013",
 "updated_at": "Sat Dec 14 00:50:16 UTC 2013",
 "overview": "\u003Cp\u003EAdventr provides software which allows creatives to design, distribute and analyze interactive, viewer-driven, video content.\u003C/p\u003E\n\n\u003Cp\u003EAdventr\u0026#8217;s proprietary flagship product is a drag \u0026amp; drop SaaS network which facilitates the creation and distribution of interactive video. Viewers can make choices within the content changing the video\u0026#8217;s actions or responding to characters - seamlessly and in realtime - enhancing engagement across all metrics.\u003C/p\u003E\n\n\u003Cp\u003EThis unique video content can be embedded or distributed via top ad networks and publishers. Creators can then discover how viewers are snagging with their content and which specific aspects of their content are resonating, and with whom.\u003C/p\u003E",
 "image":
  {"available_sizes":
    [[[150,
       105],
      "http://api-images.crunchbase.com/assets/images/resized/0033/9747/339747v10-max-150x150.png"],
     [[242,
       170],
      "http://api-images.crunchbase.com/assets/images/resized/0033/9747/339747v10-max-250x250.png"],
     [[242,
       170],
      "http://api-images.crunchbase.com/assets/images/resized/0033/9747/339747v10-max-450x450.png"]],
   "attribution": null},
 "products":
  [],
 "relationships":
  [{"is_past": false,
    "title": "Chief Technical Officer",
    "person":
     {"first_name": "Ryan",
      "last_name": "Aviles",
      "permalink": "ryan-aviles"}},
   {"is_past": false,
    "title": "Chief Executive Officer",
    "person":
     {"first_name": "DeVon",
      "last_name": "Harris",
      "permalink": "devon-harris"}}],
 "competitions":
  [],
 "providerships":
  [{"title": "Legal",
    "is_past": false,
    "provider":
     {"name": "Wilson Sonsini Goodrich \u0026 Rosati",
      "permalink": "wilson-sonsini-goodrich-rosati"}}],
 "total_money_raised": "$0",
 "funding_rounds":
  [],
 "investments":
  [],
 "acquisition": null,
 "acquisitions":
  [],
 "offices":
  [{"description": "Office",
    "address1": "447 Broadway",
    "address2": "2nd Floor",
    "zip_code": "10013",
    "city": "New York",
    "state_code": "NY",
    "country_code": "USA",
    "latitude": null,
    "longitude": null}],
 "milestones":
  [{"id": 43000,
    "description": "Launched first ever fully interactive pre-roll ads",
    "stoned_year": 2013,
    "stoned_month": 10,
    "stoned_day": 28,
    "source_url": "http://bit.ly/1cRGTRS",
    "source_text": null,
    "source_description": "AMC Networks Inc : Sundance Channel Gets Adventurous With  Interactive Storytelling Ad Campaign | 4-Traders",
    "stoneable_type": "Company",
    "stoned_value": null,
    "stoned_value_type": null,
    "stoned_acquirer": null,
    "stoneable":
     {"name": "Adventr",
      "permalink": "adventr"}}],
 "ipo": null,
 "video_embeds":
  [{"embed_code": "\u003Ciframe src=\"https://video.theochre.com/embed.html?x=http://static.theochre.com/advntr/assets/spiderman/spiderman\" width=\"450px\" height=\"184px\" frameborder=\"0\" style=\"overflow:hidden\" scrolling=\"no\" allowFullscreen\u003E\u003C/iframe\u003E",
    "description": "\u003Cp\u003ESample interactive trailer\u003C/p\u003E"}],
 "screenshots":
  [{"available_sizes":
     [[[150,
        100],
       "http://api-images.crunchbase.com/assets/images/resized/0034/5483/345483v2-max-150x150.jpg"],
      [[250,
        166],
       "http://api-images.crunchbase.com/assets/images/resized/0034/5483/345483v2-max-250x250.jpg"],
      [[450,
        300],
       "http://api-images.crunchbase.com/assets/images/resized/0034/5483/345483v2-max-450x450.jpg"]],
    "attribution": null},
   {"available_sizes":
     [[[150,
        95],
       "http://api-images.crunchbase.com/assets/images/resized/0037/1565/371565v2-max-150x150.jpg"],
      [[250,
        159],
       "http://api-images.crunchbase.com/assets/images/resized/0037/1565/371565v2-max-250x250.jpg"],
      [[450,
        287],
       "http://api-images.crunchbase.com/assets/images/resized/0037/1565/371565v2-max-450x450.jpg"]],
    "attribution": null},
   {"available_sizes":
     [[[150,
        96],
       "http://api-images.crunchbase.com/assets/images/resized/0037/2525/372525v2-max-150x150.png"],
      [[250,
        161],
       "http://api-images.crunchbase.com/assets/images/resized/0037/2525/372525v2-max-250x250.png"],
      [[450,
        290],
       "http://api-images.crunchbase.com/assets/images/resized/0037/2525/372525v2-max-450x450.png"]],
    "attribution": null}],
 "external_links":
  [],
 "partners":
  [{"partner_name": "angel_list",
    "homepage_url": "http://www.adventr.tv",
    "link_1_url": "https://angel.co/adventr",
    "link_2_url": null,
    "link_3_url": null,
    "link_1_name": "AngelList Page",
    "link_2_name": null,
    "link_3_name": null}]}
