{"name": "advertSAFE \u2013 Community verified internet users",
 "permalink": "advertsafe-community-verified-internet-users",
 "crunchbase_url": "http://www.crunchbase.com/company/advertsafe-community-verified-internet-users",
 "homepage_url": "http://www.plugin-site-seal.com",
 "blog_url": "https://www.advertsafe.com/blog.aspx",
 "blog_feed_url": "",
 "twitter_username": "advertSafe",
 "category_code": "network_hosting",
 "number_of_employees": 17,
 "founded_year": 2013,
 "founded_month": 7,
 "founded_day": 20,
 "deadpooled_year": null,
 "deadpooled_month": null,
 "deadpooled_day": null,
 "deadpooled_url": null,
 "tag_list": "identity-verification, advert, site-seal, online-dating, holiday-rentals",
 "alias_list": null,
 "email_address": "advertsaf@gmail.com",
 "phone_number": "08456531028",
 "description": "Discover the World of Plug-in",
 "created_at": "Tue Sep 24 05:31:20 UTC 2013",
 "updated_at": "Tue Sep 24 19:01:47 UTC 2013",
 "overview": "\u003Cp\u003EadvertSAFE offers a WordPress site seal plugin which acts as the simple perfect FREE solution to add instant trust to any website and blog and its users. Displaying advertSAFE site seal on your website or blog naturally gains more trust and encourages internet users to become advertSAFE verified. The site seal is an ideal choice for forums, classified ad sites, online dating, holiday home rental and any site where users can advertise, create a user profile or post comments and reviews. advertSAFE pays 25% commission on sales with no cookie expiry. This includes membership fees or upgrades. Any other partner site joining through your site seal will also earn you 10% override commission from their sign-ups, so make sure your site seal is positioned well throughout your website! Install the WordPress plugin to add a site seal to your website and make your site a safer place for everyone!\u003C/p\u003E",
 "image":
  {"available_sizes":
    [[[150,
       150],
      "http://api-images.crunchbase.com/assets/images/resized/0033/1418/331418v2-max-150x150.jpg"],
     [[250,
       250],
      "http://api-images.crunchbase.com/assets/images/resized/0033/1418/331418v2-max-250x250.jpg"],
     [[250,
       250],
      "http://api-images.crunchbase.com/assets/images/resized/0033/1418/331418v2-max-450x450.jpg"]],
   "attribution": null},
 "products":
  [],
 "relationships":
  [],
 "competitions":
  [],
 "providerships":
  [],
 "total_money_raised": "$0",
 "funding_rounds":
  [],
 "investments":
  [],
 "acquisition": null,
 "acquisitions":
  [],
 "offices":
  [],
 "milestones":
  [],
 "ipo": null,
 "video_embeds":
  [],
 "screenshots":
  [{"available_sizes":
     [[[73,
        150],
       "http://api-images.crunchbase.com/assets/images/resized/0033/1417/331417v2-max-150x150.jpg"],
      [[122,
        250],
       "http://api-images.crunchbase.com/assets/images/resized/0033/1417/331417v2-max-250x250.jpg"],
      [[219,
        450],
       "http://api-images.crunchbase.com/assets/images/resized/0033/1417/331417v2-max-450x450.jpg"]],
    "attribution": null}],
 "external_links":
  [],
 "partners":
  []}
