{"name": "Advocate Health Care",
 "permalink": "advocate-health-care",
 "crunchbase_url": "http://www.crunchbase.com/company/advocate-health-care",
 "homepage_url": "http://www.advocatehealth.com",
 "blog_url": "",
 "blog_feed_url": "",
 "twitter_username": "advocatehealth",
 "category_code": "health",
 "number_of_employees": null,
 "founded_year": 1976,
 "founded_month": null,
 "founded_day": null,
 "deadpooled_year": null,
 "deadpooled_month": null,
 "deadpooled_day": null,
 "deadpooled_url": null,
 "tag_list": "",
 "alias_list": "",
 "email_address": "",
 "phone_number": "",
 "description": "",
 "created_at": "Fri Oct 04 05:25:18 UTC 2013",
 "updated_at": "Wed Feb 26 00:15:08 UTC 2014",
 "overview": "\u003Cp\u003EAdvocate Health Care is the largest fully integrated health care delivery system in the state of Illinois.It is recognized as one of the top health systems in the country, based on clinical performance. Related to the Evangelical Lutheran Church in America and the United Church of Christ, Advocate is a not-for-profit provider of health care services. \u003C/p\u003E",
 "image":
  {"available_sizes":
    [[[150,
       34],
      "http://api-images.crunchbase.com/assets/images/resized/0033/6994/336994v1-max-150x150.png"],
     [[250,
       57],
      "http://api-images.crunchbase.com/assets/images/resized/0033/6994/336994v1-max-250x250.png"],
     [[421,
       97],
      "http://api-images.crunchbase.com/assets/images/resized/0033/6994/336994v1-max-450x450.png"]],
   "attribution": null},
 "products":
  [],
 "relationships":
  [{"is_past": false,
    "title": "CEO",
    "person":
     {"first_name": "Lee",
      "last_name": "B. Sacks",
      "permalink": "lee-b-sacks"}},
   {"is_past": false,
    "title": "Senior Medical Director",
    "person":
     {"first_name": "Mark",
      "last_name": "Shields",
      "permalink": "mark-shields"}},
   {"is_past": true,
    "title": "Chairman",
    "person":
     {"first_name": "Bob",
      "last_name": "McLennan",
      "permalink": "bob-mclennan"}}],
 "competitions":
  [],
 "providerships":
  [],
 "total_money_raised": "$18M",
 "funding_rounds":
  [{"id": 50827,
    "round_code": "unattributed",
    "source_url": "http://www.nwherald.com/2013/10/03/donors-raise-18m-for-advocate-good-shepherd-expansion/aquyyri/",
    "source_description": "Donors raise $18M for Advocate Good Shepherd expansion",
    "raised_amount": 18000000.0,
    "raised_currency_code": "USD",
    "funded_year": 2013,
    "funded_month": 10,
    "funded_day": 3,
    "investments":
     []}],
 "investments":
  [],
 "acquisition": null,
 "acquisitions":
  [],
 "offices":
  [{"description": "",
    "address1": "2025 windsor drive",
    "address2": "Suite 600",
    "zip_code": "60523",
    "city": "Oak Brook",
    "state_code": "IL",
    "country_code": "USA",
    "latitude": null,
    "longitude": null}],
 "milestones":
  [],
 "ipo": null,
 "video_embeds":
  [],
 "screenshots":
  [{"available_sizes":
     [[[150,
        66],
       "http://api-images.crunchbase.com/assets/images/resized/0033/6993/336993v1-max-150x150.png"],
      [[250,
        110],
       "http://api-images.crunchbase.com/assets/images/resized/0033/6993/336993v1-max-250x250.png"],
      [[450,
        199],
       "http://api-images.crunchbase.com/assets/images/resized/0033/6993/336993v1-max-450x450.png"]],
    "attribution": null}],
 "external_links":
  [{"external_url": "http://jobs.advocatehealth.com",
    "title": "Advocate Healthcare Careers"},
   {"external_url": "http://jobs.advocatehealth.com",
    "title": "Chicago Healthcare Jobs"}],
 "partners":
  [{"partner_name": "ct_quan",
    "homepage_url": "unknown",
    "link_1_url": null,
    "link_2_url": null,
    "link_3_url": null,
    "link_1_name": null,
    "link_2_name": null,
    "link_3_name": null}]}
