{"name": "AEI Services LLC.",
 "permalink": "aei-services-llc",
 "crunchbase_url": "http://www.crunchbase.com/company/aei-services-llc",
 "homepage_url": null,
 "blog_url": null,
 "blog_feed_url": null,
 "twitter_username": null,
 "category_code": null,
 "number_of_employees": null,
 "founded_year": null,
 "founded_month": null,
 "founded_day": null,
 "deadpooled_year": null,
 "deadpooled_month": null,
 "deadpooled_day": null,
 "deadpooled_url": null,
 "tag_list": null,
 "alias_list": null,
 "email_address": null,
 "phone_number": null,
 "description": null,
 "created_at": "Fri Sep 27 09:53:05 UTC 2013",
 "updated_at": "Fri Sep 27 09:53:05 UTC 2013",
 "overview": null,
 "image": null,
 "products":
  [],
 "relationships":
  [{"is_past": true,
    "title": "CFO - Asia",
    "person":
     {"first_name": "Eric",
      "last_name": "d'Esparbes",
      "permalink": "eric-desparbes"}},
   {"is_past": true,
    "title": "VP, Finance",
    "person":
     {"first_name": "Eric",
      "last_name": "d'Esparbes",
      "permalink": "eric-desparbes"}},
   {"is_past": true,
    "title": "Chief Executive Officer and Director",
    "person":
     {"first_name": "James",
      "last_name": "A. Hughes",
      "permalink": "james-a-hughes"}}],
 "competitions":
  [],
 "providerships":
  [],
 "total_money_raised": "$0",
 "funding_rounds":
  [],
 "investments":
  [],
 "acquisition": null,
 "acquisitions":
  [],
 "offices":
  [],
 "milestones":
  [],
 "ipo": null,
 "video_embeds":
  [],
 "screenshots":
  [],
 "external_links":
  [],
 "partners":
  []}
