{"name": "AerServ",
 "permalink": "aerserv",
 "crunchbase_url": "http://www.crunchbase.com/company/aerserv",
 "homepage_url": "http://www.aerserv.com",
 "blog_url": "",
 "blog_feed_url": "",
 "twitter_username": null,
 "category_code": "advertising",
 "number_of_employees": 30,
 "founded_year": null,
 "founded_month": null,
 "founded_day": null,
 "deadpooled_year": null,
 "deadpooled_month": null,
 "deadpooled_day": null,
 "deadpooled_url": null,
 "tag_list": "adserver, ad-serving, mobile, advertising, mobile-advertising",
 "alias_list": null,
 "email_address": "info@aerserv.com",
 "phone_number": "877-629-2740",
 "description": "Adserver for mobile publishers",
 "created_at": "Sat Sep 07 13:17:16 UTC 2013",
 "updated_at": "Wed Feb 19 00:46:28 UTC 2014",
 "overview": "\u003Cp\u003EAdserving and mediation platform for mobile applications and websites.  Offers publishers the ability to test and mediate innovative ad units to achieve the highest CPMs.  \u003C/p\u003E",
 "image": null,
 "products":
  [],
 "relationships":
  [{"is_past": false,
    "title": "CRO",
    "person":
     {"first_name": "Steven",
      "last_name": "Woolway",
      "permalink": "steven-woolway"}},
   {"is_past": false,
    "title": "",
    "person":
     {"first_name": "Andreas",
      "last_name": "Vagelatos",
      "permalink": "andreas-vagelatos"}}],
 "competitions":
  [],
 "providerships":
  [],
 "total_money_raised": "$0",
 "funding_rounds":
  [],
 "investments":
  [],
 "acquisition": null,
 "acquisitions":
  [],
 "offices":
  [{"description": "New York",
    "address1": "242 W 38th Street",
    "address2": "",
    "zip_code": "10018",
    "city": "New York",
    "state_code": "NY",
    "country_code": "USA",
    "latitude": 40.753894,
    "longitude": -73.99029}],
 "milestones":
  [],
 "ipo": null,
 "video_embeds":
  [],
 "screenshots":
  [],
 "external_links":
  [],
 "partners":
  []}
