{"name": "AeternusLED",
 "permalink": "aeternusled",
 "crunchbase_url": "http://www.crunchbase.com/company/aeternusled",
 "homepage_url": "http://aeternusled.com",
 "blog_url": "",
 "blog_feed_url": "",
 "twitter_username": "aeternusLED",
 "category_code": null,
 "number_of_employees": null,
 "founded_year": 2013,
 "founded_month": null,
 "founded_day": null,
 "deadpooled_year": null,
 "deadpooled_month": null,
 "deadpooled_day": null,
 "deadpooled_url": null,
 "tag_list": "",
 "alias_list": "",
 "email_address": "info@aeternusled.com",
 "phone_number": "8555433533",
 "description": "",
 "created_at": "Fri Sep 06 11:21:14 UTC 2013",
 "updated_at": "Mon Dec 16 10:21:48 UTC 2013",
 "overview": "\u003Cp\u003EWelcome to aeternusLED\u2122 brand of Solid State Lighting (SSL). They are excited about launching the most advanced interior LED systems in the world.\u003C/p\u003E\n\n\u003Cp\u003EThe aeternusLED lights are dimmable and have consistently attained efficiency greater than 98 lumens per watt. Due to the technical specifications on the Troffers, all Troffers are expected to attain the same certifications upon completed testing. \u003C/p\u003E\n\n\u003Cp\u003EaeternusLED\u2122 has designed the world\u2019s most advanced customizable LED lighting system to replace standard incandescent high bay and office space fluorescent tube lighting which are ideal for industrial and commercial settings.  AeternusLED products have been certified to provide an industry best lumen per watt ratio, and is independently certified to be the longest lasting lighting system currently on the market at \u0026gt;140,000 hours.  AeternusLED products will be sold with our 10 Year Manufacturer\u2019s Warranty.\u003C/p\u003E",
 "image":
  {"available_sizes":
    [[[150,
       40],
      "http://api-images.crunchbase.com/assets/images/resized/0032/2166/322166v1-max-150x150.jpg"],
     [[250,
       67],
      "http://api-images.crunchbase.com/assets/images/resized/0032/2166/322166v1-max-250x250.jpg"],
     [[448,
       121],
      "http://api-images.crunchbase.com/assets/images/resized/0032/2166/322166v1-max-450x450.jpg"]],
   "attribution": null},
 "products":
  [],
 "relationships":
  [{"is_past": false,
    "title": "President \u0026 CEO",
    "person":
     {"first_name": "Steven",
      "last_name": "R. May",
      "permalink": "steven-r-may"}},
   {"is_past": false,
    "title": "Executive VP, Operations",
    "person":
     {"first_name": "Dallas",
      "last_name": "Woody",
      "permalink": "dallas-woody"}},
   {"is_past": false,
    "title": "Executive VP, Business Development",
    "person":
     {"first_name": "Jerry",
      "last_name": "L. Bridges",
      "permalink": "jerry-l-bridges"}},
   {"is_past": false,
    "title": "Executive VP, Sales",
    "person":
     {"first_name": "Robert",
      "last_name": "Tassey",
      "permalink": "robert-tassey"}}],
 "competitions":
  [],
 "providerships":
  [],
 "total_money_raised": "$60k",
 "funding_rounds":
  [{"id": 48112,
    "round_code": "debt_round",
    "source_url": "http://www.sec.gov/Archives/edgar/data/1582329/000158232913000002/xslFormDX01/primary_doc.xml",
    "source_description": "SEC",
    "raised_amount": 60000.0,
    "raised_currency_code": "USD",
    "funded_year": 2013,
    "funded_month": 9,
    "funded_day": 3,
    "investments":
     []}],
 "investments":
  [],
 "acquisition": null,
 "acquisitions":
  [],
 "offices":
  [{"description": "",
    "address1": "2200 Kraft Drive",
    "address2": "Suite 1200H",
    "zip_code": "24060",
    "city": "Blacksburg",
    "state_code": "VA",
    "country_code": "USA",
    "latitude": 37.199359,
    "longitude": -80.407971}],
 "milestones":
  [],
 "ipo": null,
 "video_embeds":
  [],
 "screenshots":
  [{"available_sizes":
     [[[150,
        65],
       "http://api-images.crunchbase.com/assets/images/resized/0032/2165/322165v1-max-150x150.jpg"],
      [[250,
        109],
       "http://api-images.crunchbase.com/assets/images/resized/0032/2165/322165v1-max-250x250.jpg"],
      [[450,
        197],
       "http://api-images.crunchbase.com/assets/images/resized/0032/2165/322165v1-max-450x450.jpg"]],
    "attribution": null}],
 "external_links":
  [],
 "partners":
  []}
