{"name": "Affinity Systems",
 "permalink": "affinity-systems",
 "crunchbase_url": "http://www.crunchbase.com/company/affinity-systems",
 "homepage_url": "http://affsys.com",
 "blog_url": "",
 "blog_feed_url": "",
 "twitter_username": "AffinitySys",
 "category_code": "software",
 "number_of_employees": null,
 "founded_year": null,
 "founded_month": null,
 "founded_day": null,
 "deadpooled_year": null,
 "deadpooled_month": null,
 "deadpooled_day": null,
 "deadpooled_url": null,
 "tag_list": "",
 "alias_list": "",
 "email_address": "info@affsys.com",
 "phone_number": "1 905-278-9444",
 "description": "",
 "created_at": "Fri Sep 27 12:04:04 UTC 2013",
 "updated_at": "Fri Sep 27 12:05:21 UTC 2013",
 "overview": "\u003Cp\u003EAffinity Systems specializes in the design, development, implementation and support of innovative software solutions for companies worldwide. With sophisticated, high-quality solutions, we help businesses to improve their competitive edge through effective use of the latest technology. Saving you time, resources and money, while delivering immediate value and sustainable long-term advantage, is only part of what we do. Our talented software development team will cater to your unique needs and is committed to finding the best solution for your business.\u003C/p\u003E",
 "image":
  {"available_sizes":
    [[[150,
       41],
      "http://api-images.crunchbase.com/assets/images/resized/0033/3674/333674v1-max-150x150.png"],
     [[250,
       69],
      "http://api-images.crunchbase.com/assets/images/resized/0033/3674/333674v1-max-250x250.png"],
     [[269,
       75],
      "http://api-images.crunchbase.com/assets/images/resized/0033/3674/333674v1-max-450x450.png"]],
   "attribution": null},
 "products":
  [],
 "relationships":
  [{"is_past": false,
    "title": "Vice President",
    "person":
     {"first_name": "Raj",
      "last_name": "Chauhan",
      "permalink": "raj-chauhan"}},
   {"is_past": false,
    "title": "Director",
    "person":
     {"first_name": "Leslie",
      "last_name": "Goldsmith",
      "permalink": "leslie-goldsmith"}}],
 "competitions":
  [],
 "providerships":
  [],
 "total_money_raised": "\u00a3100k",
 "funding_rounds":
  [{"id": 50225,
    "round_code": "seed",
    "source_url": "http://www.growthbusiness.co.uk/news-and-market-deals/fundraising-deals/2397217/affinity-systems-kickstarts-growth-with-100000-venture-capital-round.thtml",
    "source_description": "Affinity Systems kick-starts growth with \u00a3100,000 venture capital round",
    "raised_amount": 100000.0,
    "raised_currency_code": "GBP",
    "funded_year": 2013,
    "funded_month": 9,
    "funded_day": 27,
    "investments":
     []}],
 "investments":
  [],
 "acquisition": null,
 "acquisitions":
  [],
 "offices":
  [{"description": "",
    "address1": "1599 Hurontario Street",
    "address2": "Suite 302",
    "zip_code": "L5G 4S1",
    "city": "Ontario",
    "state_code": null,
    "country_code": "CAN",
    "latitude": null,
    "longitude": null}],
 "milestones":
  [],
 "ipo": null,
 "video_embeds":
  [],
 "screenshots":
  [{"available_sizes":
     [[[150,
        82],
       "http://api-images.crunchbase.com/assets/images/resized/0033/3673/333673v1-max-150x150.png"],
      [[250,
        137],
       "http://api-images.crunchbase.com/assets/images/resized/0033/3673/333673v1-max-250x250.png"],
      [[450,
        247],
       "http://api-images.crunchbase.com/assets/images/resized/0033/3673/333673v1-max-450x450.png"]],
    "attribution": null}],
 "external_links":
  [],
 "partners":
  []}
