{"name": "Afinia",
 "permalink": "afinia",
 "crunchbase_url": "http://www.crunchbase.com/company/afinia",
 "homepage_url": "http://afinia.com",
 "blog_url": "",
 "blog_feed_url": "",
 "twitter_username": "Afinia3DPrint",
 "category_code": "hardware",
 "number_of_employees": null,
 "founded_year": 2009,
 "founded_month": null,
 "founded_day": null,
 "deadpooled_year": null,
 "deadpooled_month": null,
 "deadpooled_day": null,
 "deadpooled_url": null,
 "tag_list": null,
 "alias_list": "",
 "email_address": "support@afinia.com",
 "phone_number": "(888) 215-3966",
 "description": "",
 "created_at": "Thu Sep 26 17:45:06 UTC 2013",
 "updated_at": "Tue Nov 05 18:53:59 UTC 2013",
 "overview": "\u003Cp\u003EFounded in 2009, Afinia was born to offer specialty printing solutions with best-in-class support at accessible prices. Our parent company, Microboards Technology, has been offering media duplication products since 1989. This gives us a rock-solid foundation of technical expertise, and decades of experience providing the best possible customer service. You can read more about Microboards here.\u003C/p\u003E\n\n\u003Cp\u003EIn 2009, we could see the power of 3D printing in industrial design, and we knew there could be the same great benefits for the consumer market. Vice President John Westrum: \u201cWe saw some basic 3D printers geared towards consumers, but they were hard to use, and the customer support was basically non-existent. We decided to come out with a high-quality, low-cost printer, and to take what we learned from our duplication business to provide a level of customer support and ease of use that\u2019s not matched by any other company in the space.\u201d\u003C/p\u003E\n\n\u003Cp\u003ENow, Afinia is expanding their specialty printing products to include high-speed label printing as well. \u003C/p\u003E",
 "image":
  {"available_sizes":
    [[[150,
       34],
      "http://api-images.crunchbase.com/assets/images/resized/0035/3477/353477v1-max-150x150.png"],
     [[250,
       57],
      "http://api-images.crunchbase.com/assets/images/resized/0035/3477/353477v1-max-250x250.png"],
     [[305,
       70],
      "http://api-images.crunchbase.com/assets/images/resized/0035/3477/353477v1-max-450x450.png"]],
   "attribution": null},
 "products":
  [{"name": "Afinia H-Series 3D Printer",
    "permalink": "afinia-h-series-3d-printer"}],
 "relationships":
  [],
 "competitions":
  [],
 "providerships":
  [],
 "total_money_raised": "$0",
 "funding_rounds":
  [],
 "investments":
  [],
 "acquisition": null,
 "acquisitions":
  [],
 "offices":
  [{"description": "",
    "address1": "8150 Mallory Court",
    "address2": "",
    "zip_code": "55317",
    "city": "Chanhassen",
    "state_code": "MN",
    "country_code": "USA",
    "latitude": null,
    "longitude": null}],
 "milestones":
  [],
 "ipo": null,
 "video_embeds":
  [],
 "screenshots":
  [],
 "external_links":
  [],
 "partners":
  []}
