{"name": "Afuera Environmental Evolutions",
 "permalink": "afuera-environmental-evolutions",
 "crunchbase_url": "http://www.crunchbase.com/company/afuera-environmental-evolutions",
 "homepage_url": "http://www.afueraevolutions.com",
 "blog_url": "",
 "blog_feed_url": "",
 "twitter_username": "AfueraEvolution",
 "category_code": "local",
 "number_of_employees": 15,
 "founded_year": 2001,
 "founded_month": null,
 "founded_day": null,
 "deadpooled_year": null,
 "deadpooled_month": null,
 "deadpooled_day": null,
 "deadpooled_url": null,
 "tag_list": "landscape-designers, construction-and-design-of-outdoor-structures",
 "alias_list": null,
 "email_address": "office@volutions.com",
 "phone_number": "(512) 490-1600",
 "description": "construction and design of outdoor struc",
 "created_at": "Sun Sep 01 10:59:08 UTC 2013",
 "updated_at": "Tue Sep 03 22:58:48 UTC 2013",
 "overview": "\u003Cp\u003EAfuera Environmental Evolutions seeks to provide a pleasurable and enchanting outdoor environment for its clients. Afuera specializes in designs, hardscapes, plantings, pools, and etc. in order to create the ideal outdoor view and experience. Afuera also considers the surroundings of wildlife, drainages, and various details around the area to ensure an environmentally friendly setting.\u003C/p\u003E",
 "image":
  {"available_sizes":
    [[[150,
       70],
      "http://api-images.crunchbase.com/assets/images/resized/0031/8391/318391v2-max-150x150.jpg"],
     [[250,
       116],
      "http://api-images.crunchbase.com/assets/images/resized/0031/8391/318391v2-max-250x250.jpg"],
     [[439,
       205],
      "http://api-images.crunchbase.com/assets/images/resized/0031/8391/318391v2-max-450x450.jpg"]],
   "attribution": null},
 "products":
  [],
 "relationships":
  [],
 "competitions":
  [],
 "providerships":
  [],
 "total_money_raised": "$0",
 "funding_rounds":
  [],
 "investments":
  [],
 "acquisition": null,
 "acquisitions":
  [],
 "offices":
  [],
 "milestones":
  [],
 "ipo": null,
 "video_embeds":
  [],
 "screenshots":
  [],
 "external_links":
  [{"external_url": "http://www.afueraevolutions.com/feed/",
    "title": ""}],
 "partners":
  []}
