{"name": "AgilePaper",
 "permalink": "agilepaper",
 "crunchbase_url": "http://www.crunchbase.com/company/agilepaper",
 "homepage_url": null,
 "blog_url": null,
 "blog_feed_url": null,
 "twitter_username": null,
 "category_code": null,
 "number_of_employees": null,
 "founded_year": null,
 "founded_month": null,
 "founded_day": null,
 "deadpooled_year": null,
 "deadpooled_month": null,
 "deadpooled_day": null,
 "deadpooled_url": null,
 "tag_list": null,
 "alias_list": null,
 "email_address": null,
 "phone_number": null,
 "description": null,
 "created_at": "Fri Sep 13 01:52:53 UTC 2013",
 "updated_at": "Fri Sep 13 19:24:12 UTC 2013",
 "overview": null,
 "image": null,
 "products":
  [],
 "relationships":
  [],
 "competitions":
  [],
 "providerships":
  [],
 "total_money_raised": "$0",
 "funding_rounds":
  [],
 "investments":
  [],
 "acquisition":
  {"price_amount": null,
   "price_currency_code": "USD",
   "term_code": "stock",
   "source_url": "",
   "source_description": "",
   "acquired_year": 2013,
   "acquired_month": 9,
   "acquired_day": 1,
   "acquiring_company":
    {"name": "Excedis",
     "permalink": "excedis"}},
 "acquisitions":
  [],
 "offices":
  [],
 "milestones":
  [],
 "ipo": null,
 "video_embeds":
  [],
 "screenshots":
  [],
 "external_links":
  [],
 "partners":
  []}
