{"name": "AGM Hobby",
 "permalink": "agm-hobby",
 "crunchbase_url": "http://www.crunchbase.com/company/agm-hobby",
 "homepage_url": "http://www.agmhobby.com",
 "blog_url": "http://blog.agmhobby.com",
 "blog_feed_url": "http://blog.agmhobby.com/feed/",
 "twitter_username": "agmhobby",
 "category_code": "automotive",
 "number_of_employees": 50,
 "founded_year": 2009,
 "founded_month": 3,
 "founded_day": 10,
 "deadpooled_year": null,
 "deadpooled_month": null,
 "deadpooled_day": null,
 "deadpooled_url": null,
 "tag_list": "rc-hobby, hobby-company",
 "alias_list": null,
 "email_address": "jimmy@agmhobby.com",
 "phone_number": "",
 "description": "AGM Hobby offers variety of new electric",
 "created_at": "Tue Sep 03 06:12:12 UTC 2013",
 "updated_at": "Tue Sep 03 23:09:52 UTC 2013",
 "overview": "\u003Cp\u003EAGM Hobby is a representative of RC factories in China, direct sells RC hobby products to USA. AGM Hobby has opened warehouse and an engine repair facility in Milwaukie Oregon for warranty and non-warranty work on most engines and accessories.\u003C/p\u003E",
 "image":
  {"available_sizes":
    [[[150,
       150],
      "http://api-images.crunchbase.com/assets/images/resized/0031/9304/319304v2-max-150x150.jpg"],
     [[250,
       250],
      "http://api-images.crunchbase.com/assets/images/resized/0031/9304/319304v2-max-250x250.jpg"],
     [[250,
       250],
      "http://api-images.crunchbase.com/assets/images/resized/0031/9304/319304v2-max-450x450.jpg"]],
   "attribution": null},
 "products":
  [],
 "relationships":
  [],
 "competitions":
  [],
 "providerships":
  [],
 "total_money_raised": "$0",
 "funding_rounds":
  [],
 "investments":
  [],
 "acquisition": null,
 "acquisitions":
  [],
 "offices":
  [],
 "milestones":
  [],
 "ipo": null,
 "video_embeds":
  [],
 "screenshots":
  [],
 "external_links":
  [],
 "partners":
  []}
