{"name": "Agreetao",
 "permalink": "agreetao",
 "crunchbase_url": "http://www.crunchbase.com/company/agreetao",
 "homepage_url": "http://www.agreetao.com",
 "blog_url": "",
 "blog_feed_url": "",
 "twitter_username": "agreetao",
 "category_code": "ecommerce",
 "number_of_employees": null,
 "founded_year": null,
 "founded_month": null,
 "founded_day": null,
 "deadpooled_year": null,
 "deadpooled_month": null,
 "deadpooled_day": null,
 "deadpooled_url": null,
 "tag_list": "taobao-agent, agreetao, taobao, english-taobao, online-shopping",
 "alias_list": null,
 "email_address": "zhuagreetao@gmail.com",
 "phone_number": "",
 "description": "taobao agent,online shopping",
 "created_at": "Mon Sep 23 06:45:13 UTC 2013",
 "updated_at": "Tue Sep 24 18:45:41 UTC 2013",
 "overview": "",
 "image": null,
 "products":
  [],
 "relationships":
  [],
 "competitions":
  [],
 "providerships":
  [],
 "total_money_raised": "$0",
 "funding_rounds":
  [],
 "investments":
  [],
 "acquisition": null,
 "acquisitions":
  [],
 "offices":
  [],
 "milestones":
  [],
 "ipo": null,
 "video_embeds":
  [],
 "screenshots":
  [],
 "external_links":
  [],
 "partners":
  []}
