{"name": "Ahosting",
 "permalink": "ahosting",
 "crunchbase_url": "http://www.crunchbase.com/company/ahosting",
 "homepage_url": "http://www.ahosting.net",
 "blog_url": "http://www.ahosting.net/blog/",
 "blog_feed_url": "http://www.ahosting.net/blog/feed/",
 "twitter_username": "ahostingdotnet",
 "category_code": "network_hosting",
 "number_of_employees": null,
 "founded_year": 2002,
 "founded_month": null,
 "founded_day": null,
 "deadpooled_year": null,
 "deadpooled_month": null,
 "deadpooled_day": null,
 "deadpooled_url": null,
 "tag_list": "ffmpeg-hosting, fully-managed-reseller-hosting, drupal-hosting, joomla-hosting, cms-hosting",
 "alias_list": null,
 "email_address": "sales@ahosting.net",
 "phone_number": "(407) 756-1133",
 "description": "Beyond imagination hosting",
 "created_at": "Tue Sep 17 20:26:26 UTC 2013",
 "updated_at": "Tue Sep 17 21:30:55 UTC 2013",
 "overview": "\u003Cp\u003EAHosting is a managed web hosting provider with facilities in Orlando, FL, Detroit, MI, and Charlotte, NC, owned and operated by AHosting, Inc., supplying hosting services that are truly beyond imagination. Since 2002, AHosting has established one of the web\u2019s premier solutions for reseller web hosting, multiple IP hosting, dedicated servers, and VPS hosting.\u003C/p\u003E",
 "image":
  {"available_sizes":
    [[[150,
       54],
      "http://api-images.crunchbase.com/assets/images/resized/0032/8420/328420v2-max-150x150.png"],
     [[250,
       90],
      "http://api-images.crunchbase.com/assets/images/resized/0032/8420/328420v2-max-250x250.png"],
     [[450,
       163],
      "http://api-images.crunchbase.com/assets/images/resized/0032/8420/328420v2-max-450x450.png"]],
   "attribution": null},
 "products":
  [],
 "relationships":
  [{"is_past": false,
    "title": "Director of Business",
    "person":
     {"first_name": "Daniel",
      "last_name": "Page",
      "permalink": "daniel-page"}}],
 "competitions":
  [],
 "providerships":
  [],
 "total_money_raised": "$0",
 "funding_rounds":
  [],
 "investments":
  [],
 "acquisition": null,
 "acquisitions":
  [],
 "offices":
  [],
 "milestones":
  [],
 "ipo": null,
 "video_embeds":
  [],
 "screenshots":
  [],
 "external_links":
  [],
 "partners":
  []}
