{"name": "Aiguarentacar",
 "permalink": "aiguarentacar",
 "crunchbase_url": "http://www.crunchbase.com/company/aiguarentacar",
 "homepage_url": "http://www.aiguarentacar.it",
 "blog_url": "http://aiguarentacaralghero.blogspot.it/",
 "blog_feed_url": "http://feeds.feedburner.com/AiguaRentACarAlghero?format=xml",
 "twitter_username": "aiguarentacar",
 "category_code": "local",
 "number_of_employees": 10,
 "founded_year": 2008,
 "founded_month": 11,
 "founded_day": 19,
 "deadpooled_year": null,
 "deadpooled_month": null,
 "deadpooled_day": null,
 "deadpooled_url": null,
 "tag_list": "car-hire, alghero, sardinia, rent-a-car",
 "alias_list": "",
 "email_address": "info@aiguarentacar.it",
 "phone_number": "079935082",
 "description": "Car hire Alghero",
 "created_at": "Sun Oct 06 09:58:28 UTC 2013",
 "updated_at": "Mon Nov 11 01:36:23 UTC 2013",
 "overview": "\u003Cp\u003EAiguarentacar Rent-A-Car offers many locations throughout the Alghero area, including both airport and neighborhood car rental\u003C/p\u003E",
 "image":
  {"available_sizes":
    [[[150,
       150],
      "http://api-images.crunchbase.com/assets/images/resized/0033/7825/337825v2-max-150x150.jpg"],
     [[250,
       250],
      "http://api-images.crunchbase.com/assets/images/resized/0033/7825/337825v2-max-250x250.jpg"],
     [[251,
       251],
      "http://api-images.crunchbase.com/assets/images/resized/0033/7825/337825v2-max-450x450.jpg"]],
   "attribution": null},
 "products":
  [],
 "relationships":
  [],
 "competitions":
  [],
 "providerships":
  [],
 "total_money_raised": "$0",
 "funding_rounds":
  [],
 "investments":
  [],
 "acquisition":
  {"price_amount": null,
   "price_currency_code": "USD",
   "term_code": null,
   "source_url": "http://www.aiguarentacar.it",
   "source_description": "AOL Acquires Personal",
   "acquired_year": 2013,
   "acquired_month": 6,
   "acquired_day": 10,
   "acquiring_company":
    {"name": "AOL",
     "permalink": "aol"}},
 "acquisitions":
  [],
 "offices":
  [],
 "milestones":
  [{"id": 42513,
    "description": "Noleggio auto in Sardegna.",
    "stoned_year": 2004,
    "stoned_month": 1,
    "stoned_day": 2,
    "source_url": "http://www.aiguarentacar.it",
    "source_text": null,
    "source_description": "Noleggio auto Sardegna Alghero",
    "stoneable_type": "Company",
    "stoned_value": null,
    "stoned_value_type": null,
    "stoned_acquirer": null,
    "stoneable":
     {"name": "Aiguarentacar",
      "permalink": "aiguarentacar"}}],
 "ipo": null,
 "video_embeds":
  [],
 "screenshots":
  [{"available_sizes":
     [[[150,
        53],
       "http://api-images.crunchbase.com/assets/images/resized/0035/6142/356142v2-max-150x150.jpg"],
      [[250,
        89],
       "http://api-images.crunchbase.com/assets/images/resized/0035/6142/356142v2-max-250x250.jpg"],
      [[450,
        160],
       "http://api-images.crunchbase.com/assets/images/resized/0035/6142/356142v2-max-450x450.jpg"]],
    "attribution": null}],
 "external_links":
  [{"external_url": "http://www.aiguarentacar.it",
    "title": "Aiguarentacar Autonoleggio Alghero"}],
 "partners":
  []}
