{"name": "AIHT Education",
 "permalink": "aiht-education",
 "crunchbase_url": "http://www.crunchbase.com/company/aiht-education",
 "homepage_url": "http://www.aihtedu.com",
 "blog_url": "",
 "blog_feed_url": "",
 "twitter_username": "AIHTEducation",
 "category_code": "education",
 "number_of_employees": 11,
 "founded_year": 2012,
 "founded_month": null,
 "founded_day": null,
 "deadpooled_year": null,
 "deadpooled_month": null,
 "deadpooled_day": null,
 "deadpooled_url": null,
 "tag_list": "ultrasound-technician-school, medical-training-school, medical-assistant-training-programs, medical-billing--coding-specialist-training, ekg-technician-training, pharmacy-technician-training, phlebotomy-technician-training, echocardiography-technologist-t",
 "alias_list": null,
 "email_address": "contact@aihtedu.com",
 "phone_number": "203-870-8400",
 "description": "Healthcare Technology Training Institute",
 "created_at": "Fri Sep 20 21:54:50 UTC 2013",
 "updated_at": "Mon Sep 23 17:53:54 UTC 2013",
 "overview": "\u003Cp\u003EAmerican Institute of Healthcare \u0026amp; Technology aka AIHT Education is Vocational School in Stratford,Connecticut offering Allied Healthcare Career \u003C/p\u003E\n\n\u003Cp\u003ETraining Programs offered for Healthcare and Technology careers such as DMS (Ultrasound \u0026amp; Vascular Technologist), \nEchocardiography Technologist, Medical Assistant \u0026amp; HIPAA Specialist, Medical Billing \u0026amp; Coding Specialist, Pharmacy Technician, EKG Technician, Phlebotomy Technician.\u003C/p\u003E\n\n\u003Cp\u003EAmerican Institute of Healthcare \u0026amp; Technology is approved by State of Connecticut, Office of Higher Education. AIHT is also e affiliated with the organizations such as, State of Connecticut, Office of Higher Education, National Healthcareer Association, Pharmacy Technician Certification Board, CT Works, The Workplace Inc, WIA Program and Trade Readjustment Allowances (TRA).\u003C/p\u003E\n\n\u003Cp\u003E(1) Day and Evening Classes are available\n(2) In some programs at the end of the program student are scheduled for clinical externship where they can gain hands on experience.\n(3) Job Assistance is offered at no additional cost to qualified students in many cases.\u003C/p\u003E",
 "image":
  {"available_sizes":
    [[[150,
       150],
      "http://api-images.crunchbase.com/assets/images/resized/0033/0395/330395v2-max-150x150.jpg"],
     [[160,
       160],
      "http://api-images.crunchbase.com/assets/images/resized/0033/0395/330395v2-max-250x250.jpg"],
     [[160,
       160],
      "http://api-images.crunchbase.com/assets/images/resized/0033/0395/330395v2-max-450x450.jpg"]],
   "attribution": null},
 "products":
  [],
 "relationships":
  [{"is_past": false,
    "title": "Manager - Business Development/Research",
    "person":
     {"first_name": "Ravish",
      "last_name": "Shah",
      "permalink": "ravish-shah"}}],
 "competitions":
  [],
 "providerships":
  [{"title": "SEO",
    "is_past": false,
    "provider":
     {"name": "Bandro Technologies",
      "permalink": "bandro-technologies"}}],
 "total_money_raised": "$0",
 "funding_rounds":
  [],
 "investments":
  [],
 "acquisition": null,
 "acquisitions":
  [],
 "offices":
  [{"description": "AIHT Education",
    "address1": "300 Long Beach Blvd",
    "address2": "",
    "zip_code": "06615",
    "city": "Stratford",
    "state_code": "CT",
    "country_code": "USA",
    "latitude": null,
    "longitude": null}],
 "milestones":
  [],
 "ipo": null,
 "video_embeds":
  [],
 "screenshots":
  [],
 "external_links":
  [],
 "partners":
  []}
