{"name": "Air Conditioning Repair Sacramento",
 "permalink": "air-conditioning-repair-sacramento",
 "crunchbase_url": "http://www.crunchbase.com/company/air-conditioning-repair-sacramento",
 "homepage_url": "http://www.neospetinos.com",
 "blog_url": "",
 "blog_feed_url": "",
 "twitter_username": "acrepairsacra",
 "category_code": "hardware",
 "number_of_employees": 25,
 "founded_year": null,
 "founded_month": null,
 "founded_day": null,
 "deadpooled_year": null,
 "deadpooled_month": null,
 "deadpooled_day": null,
 "deadpooled_url": null,
 "tag_list": "air-conditioning-repair-sacramento, heating-and-air-sacramento, ac-repair-sacramento",
 "alias_list": null,
 "email_address": "contact@neospetinos.com",
 "phone_number": "9164942414",
 "description": "Air Repair",
 "created_at": "Tue Oct 08 16:58:00 UTC 2013",
 "updated_at": "Tue Oct 08 22:15:07 UTC 2013",
 "overview": "\u003Cp\u003EAt Sacramento Heating and Air Service, we enjoy taking a personalized approach to understanding, and meeting our customers\u2019 HVAC needs. We are a family owned company that loves helping our customers keep comfortable in their homes during the cold winter, and hot summer seasons. Our highly knowledgeable heating and air conditioning technicians take pride with being able to find the best solutions for solving any problem that you and your family may run into with your HVAC system.\u003C/p\u003E",
 "image": null,
 "products":
  [],
 "relationships":
  [],
 "competitions":
  [],
 "providerships":
  [],
 "total_money_raised": "$0",
 "funding_rounds":
  [],
 "investments":
  [],
 "acquisition": null,
 "acquisitions":
  [],
 "offices":
  [{"description": "AC Repair",
    "address1": "7121 Governors Circle",
    "address2": "",
    "zip_code": "95823",
    "city": "Sacramento",
    "state_code": "CA",
    "country_code": "USA",
    "latitude": null,
    "longitude": null}],
 "milestones":
  [],
 "ipo": null,
 "video_embeds":
  [],
 "screenshots":
  [],
 "external_links":
  [],
 "partners":
  []}
