{"name": "AIT Analyzers",
 "permalink": "ait-analyzers",
 "crunchbase_url": "http://www.crunchbase.com/company/ait-analyzers",
 "homepage_url": "http://www.aitanalyzers.com",
 "blog_url": "",
 "blog_feed_url": "",
 "twitter_username": null,
 "category_code": null,
 "number_of_employees": null,
 "founded_year": null,
 "founded_month": null,
 "founded_day": null,
 "deadpooled_year": null,
 "deadpooled_month": null,
 "deadpooled_day": null,
 "deadpooled_url": null,
 "tag_list": "technology, industrial-equipment, chemistry-supply",
 "alias_list": null,
 "email_address": "andeliquesheck@yahoo.co.uk",
 "phone_number": "909-204-3700",
 "description": "",
 "created_at": "Sat Sep 07 07:28:50 UTC 2013",
 "updated_at": "Mon Sep 09 21:10:10 UTC 2013",
 "overview": "\u003Cp\u003EApplied Instrument Technologies (AIT) delivers process analytical technology solutions to many of the world\u0026#8217;s leading companies. AIT designs and manufacture robust process development and on-line analyzers for quantitative and qualitative analysis.\u003C/p\u003E",
 "image": null,
 "products":
  [],
 "relationships":
  [],
 "competitions":
  [],
 "providerships":
  [],
 "total_money_raised": "$0",
 "funding_rounds":
  [],
 "investments":
  [],
 "acquisition": null,
 "acquisitions":
  [],
 "offices":
  [],
 "milestones":
  [],
 "ipo": null,
 "video_embeds":
  [],
 "screenshots":
  [],
 "external_links":
  [],
 "partners":
  []}
