{"name": "Alacurity Services",
 "permalink": "alacurity-services",
 "crunchbase_url": "http://www.crunchbase.com/company/alacurity-services",
 "homepage_url": "http://alacurity.com",
 "blog_url": "",
 "blog_feed_url": "",
 "twitter_username": "Alacurity",
 "category_code": "biotech",
 "number_of_employees": null,
 "founded_year": 2012,
 "founded_month": 3,
 "founded_day": 28,
 "deadpooled_year": null,
 "deadpooled_month": null,
 "deadpooled_day": null,
 "deadpooled_url": null,
 "tag_list": "",
 "alias_list": "",
 "email_address": "marketing@alacurity.com",
 "phone_number": "011 4503 7666",
 "description": "",
 "created_at": "Mon Sep 16 13:26:46 UTC 2013",
 "updated_at": "Mon Sep 16 13:28:29 UTC 2013",
 "overview": "\u003Cp\u003EAlacurity is a pioneer in providing organized end to end services in Healthcare segment. The business is promoted by InQvent a company engaged into incubating and investing in new age ventures along with industry experts with successful experience of decades in promoting and managing ventures and health care delivery to the most demanding client base in India and overseas.\u003C/p\u003E",
 "image":
  {"available_sizes":
    [[[122,
       122],
      "http://api-images.crunchbase.com/assets/images/resized/0032/7557/327557v1-max-150x150.jpg"],
     [[122,
       122],
      "http://api-images.crunchbase.com/assets/images/resized/0032/7557/327557v1-max-250x250.jpg"],
     [[122,
       122],
      "http://api-images.crunchbase.com/assets/images/resized/0032/7557/327557v1-max-450x450.jpg"]],
   "attribution": null},
 "products":
  [],
 "relationships":
  [{"is_past": false,
    "title": "CEO",
    "person":
     {"first_name": "Shyam",
      "last_name": "Sundar Znwar",
      "permalink": "shyam-sundar-znwar"}}],
 "competitions":
  [],
 "providerships":
  [],
 "total_money_raised": "$0",
 "funding_rounds":
  [],
 "investments":
  [],
 "acquisition": null,
 "acquisitions":
  [],
 "offices":
  [{"description": "",
    "address1": "805, Pearl Best height Tower II",
    "address2": "",
    "zip_code": "110034",
    "city": "Netaji Subhash Place",
    "state_code": null,
    "country_code": "IND",
    "latitude": null,
    "longitude": null}],
 "milestones":
  [{"id": 39754,
    "description": "InQvent-backed healthcare services firm Alacurity eyes up to $5M in Series A funding",
    "stoned_year": 2013,
    "stoned_month": 9,
    "stoned_day": 16,
    "source_url": "http://www.vccircle.com/news/healthcare-services/2013/09/16/inqvent-backed-healthcare-services-firm-alacurity-eyes-5m-series",
    "source_text": "",
    "source_description": "InQvent-backed healthcare services firm Alacurity eyes up to $5M in Series A funding",
    "stoneable_type": "Company",
    "stoned_value": null,
    "stoned_value_type": null,
    "stoned_acquirer": null,
    "stoneable":
     {"name": "Alacurity Services",
      "permalink": "alacurity-services"}}],
 "ipo": null,
 "video_embeds":
  [],
 "screenshots":
  [{"available_sizes":
     [[[150,
        68],
       "http://api-images.crunchbase.com/assets/images/resized/0032/7556/327556v1-max-150x150.png"],
      [[250,
        114],
       "http://api-images.crunchbase.com/assets/images/resized/0032/7556/327556v1-max-250x250.png"],
      [[450,
        206],
       "http://api-images.crunchbase.com/assets/images/resized/0032/7556/327556v1-max-450x450.png"]],
    "attribution": null}],
 "external_links":
  [],
 "partners":
  []}
