{"name": "Alacer Gold",
 "permalink": "alacer-gold",
 "crunchbase_url": "http://www.crunchbase.com/company/alacer-gold",
 "homepage_url": "http://alacergold.com",
 "blog_url": "",
 "blog_feed_url": "http://www.alacergold.com/en/feedback",
 "twitter_username": null,
 "category_code": "manufacturing",
 "number_of_employees": 616,
 "founded_year": null,
 "founded_month": null,
 "founded_day": null,
 "deadpooled_year": null,
 "deadpooled_month": null,
 "deadpooled_day": null,
 "deadpooled_url": null,
 "tag_list": "",
 "alias_list": "",
 "email_address": "",
 "phone_number": "",
 "description": "",
 "created_at": "Tue Sep 24 04:37:55 UTC 2013",
 "updated_at": "Tue Sep 24 04:37:54 UTC 2013",
 "overview": "\u003Cp\u003EAlacer Gold Corp., an intermediate gold mining company, engages in the exploration and production of gold in Australia and Turkey. The company holds an 80% interest in the \u00c7\u00f6pler gold mine located to the southwest of Erzincan, Turkey; and a 100% interest in the Higginsville gold operations and South Kalgoorlie gold operations, both located to the south of Kalgoorlie, Australia. Its exploration projects include Cevizlidere, \u00c7\u00f6pler Sulfides, and Karakartal projects located in Turkey. The company was formerly known as Anatolia Minerals Development Limited and changed its name to Alacer Gold Corp. in February 2011. Alacer Gold Corp. is based in Englewood, Colorado.\u003C/p\u003E",
 "image":
  {"available_sizes":
    [[[150,
       86],
      "http://api-images.crunchbase.com/assets/images/resized/0033/1385/331385v1-max-150x150.png"],
     [[180,
       104],
      "http://api-images.crunchbase.com/assets/images/resized/0033/1385/331385v1-max-250x250.png"],
     [[180,
       104],
      "http://api-images.crunchbase.com/assets/images/resized/0033/1385/331385v1-max-450x450.png"]],
   "attribution": null},
 "products":
  [],
 "relationships":
  [],
 "competitions":
  [],
 "providerships":
  [],
 "total_money_raised": "$0",
 "funding_rounds":
  [],
 "investments":
  [],
 "acquisition":
  {"price_amount": 40000000.0,
   "price_currency_code": "USD",
   "term_code": null,
   "source_url": "http://www.businessspectator.com.au/news/2013/9/24/resources-and-energy/metals-x-buys-alacer-aust-40m",
   "source_description": "Metals X buys Alacer Aust for $40m",
   "acquired_year": 2013,
   "acquired_month": 9,
   "acquired_day": 23,
   "acquiring_company":
    {"name": "Metals X",
     "permalink": "metals-x"}},
 "acquisitions":
  [],
 "offices":
  [{"description": "",
    "address1": "9635 Maroon Circle",
    "address2": "Suite 300",
    "zip_code": "80112",
    "city": "Englewood",
    "state_code": "CO",
    "country_code": "USA",
    "latitude": null,
    "longitude": null}],
 "milestones":
  [],
 "ipo": null,
 "video_embeds":
  [],
 "screenshots":
  [{"available_sizes":
     [[[150,
        86],
       "http://api-images.crunchbase.com/assets/images/resized/0033/1384/331384v1-max-150x150.png"],
      [[250,
        144],
       "http://api-images.crunchbase.com/assets/images/resized/0033/1384/331384v1-max-250x250.png"],
      [[450,
        260],
       "http://api-images.crunchbase.com/assets/images/resized/0033/1384/331384v1-max-450x450.png"]],
    "attribution": null}],
 "external_links":
  [],
 "partners":
  []}
