{"name": "Alafair Biosciences",
 "permalink": "alafair-biosciences",
 "crunchbase_url": "http://www.crunchbase.com/company/alafair-biosciences",
 "homepage_url": "http://alafairbiosciences.com",
 "blog_url": "",
 "blog_feed_url": "",
 "twitter_username": null,
 "category_code": "biotech",
 "number_of_employees": null,
 "founded_year": 2011,
 "founded_month": null,
 "founded_day": null,
 "deadpooled_year": null,
 "deadpooled_month": null,
 "deadpooled_day": null,
 "deadpooled_url": null,
 "tag_list": "",
 "alias_list": "",
 "email_address": "info@alafairbiosciences.com",
 "phone_number": "(512)-430-4967",
 "description": "",
 "created_at": "Thu Sep 05 10:31:40 UTC 2013",
 "updated_at": "Thu Sep 12 06:02:57 UTC 2013",
 "overview": "\u003Cp\u003EAlafair Biosciences, Inc. develops cross-linked polysaccharide hydrogel films for the post-surgical complication of adhesion, or tethering between opposing tissue surfaces. It focuses on the development of membranes, bilayers, and injectable gel solutions for anti-adhesion, wound care, and tissue reconstruction applications. The company was founded in 2011 and is based in Austin, Texas.\u003C/p\u003E",
 "image":
  {"available_sizes":
    [[[150,
       62],
      "http://api-images.crunchbase.com/assets/images/resized/0032/1237/321237v1-max-150x150.png"],
     [[250,
       104],
      "http://api-images.crunchbase.com/assets/images/resized/0032/1237/321237v1-max-250x250.png"],
     [[264,
       110],
      "http://api-images.crunchbase.com/assets/images/resized/0032/1237/321237v1-max-450x450.png"]],
   "attribution": null},
 "products":
  [],
 "relationships":
  [{"is_past": false,
    "title": "CEO",
    "person":
     {"first_name": "Daniel",
      "last_name": "L. Peterson",
      "permalink": "daniel-l-peterson"}},
   {"is_past": false,
    "title": "COO",
    "person":
     {"first_name": "John",
      "last_name": "D. Joyoprayitno",
      "permalink": "john-d-joyoprayitno"}}],
 "competitions":
  [],
 "providerships":
  [],
 "total_money_raised": "$1.23M",
 "funding_rounds":
  [{"id": 47928,
    "round_code": "partial",
    "source_url": "http://www.sec.gov/Archives/edgar/data/1539007/000153900712000001/xslFormDX01/primary_doc.xml",
    "source_description": "SEC",
    "raised_amount": 702000.0,
    "raised_currency_code": "USD",
    "funded_year": 2012,
    "funded_month": 1,
    "funded_day": 9,
    "investments":
     []},
   {"id": 48452,
    "round_code": "partial",
    "source_url": "http://www.bizjournals.com/austin/blog/techflash/2013/09/alafair-biosciences-snags-525k-funding.html?ana=twt",
    "source_description": "Alafair Biosciences snags $525K funding",
    "raised_amount": 525000.0,
    "raised_currency_code": "USD",
    "funded_year": 2013,
    "funded_month": 9,
    "funded_day": 11,
    "investments":
     []}],
 "investments":
  [],
 "acquisition": null,
 "acquisitions":
  [],
 "offices":
  [{"description": "",
    "address1": "3925 W. Braker Lane",
    "address2": "3rd Floor",
    "zip_code": "78759-5316",
    "city": "Austin",
    "state_code": "TX",
    "country_code": "USA",
    "latitude": null,
    "longitude": null}],
 "milestones":
  [],
 "ipo": null,
 "video_embeds":
  [],
 "screenshots":
  [{"available_sizes":
     [[[150,
        105],
       "http://api-images.crunchbase.com/assets/images/resized/0032/1236/321236v1-max-150x150.png"],
      [[250,
        176],
       "http://api-images.crunchbase.com/assets/images/resized/0032/1236/321236v1-max-250x250.png"],
      [[450,
        317],
       "http://api-images.crunchbase.com/assets/images/resized/0032/1236/321236v1-max-450x450.png"]],
    "attribution": null}],
 "external_links":
  [],
 "partners":
  []}
