{"name": "Alaska Arms LLC",
 "permalink": "alaska-arms-llc",
 "crunchbase_url": "http://www.crunchbase.com/company/alaska-arms-llc",
 "homepage_url": "http://www.alaskaarmsllc.com",
 "blog_url": "http://blog.alaskaarmsllc.com/",
 "blog_feed_url": "",
 "twitter_username": null,
 "category_code": "other",
 "number_of_employees": 4,
 "founded_year": 2008,
 "founded_month": null,
 "founded_day": null,
 "deadpooled_year": null,
 "deadpooled_month": null,
 "deadpooled_day": null,
 "deadpooled_url": null,
 "tag_list": "ruger-scope-rings, bolt-handle, cz-usa-parts, ruger-gun-parts, mauser-trigger",
 "alias_list": null,
 "email_address": "mkt@alaskaarmsllc.com",
 "phone_number": "907-841-8924",
 "description": "Shop Now For Authentic Arms \u0026 Arms Parts",
 "created_at": "Thu Oct 03 12:13:24 UTC 2013",
 "updated_at": "Fri Oct 04 10:10:24 UTC 2013",
 "overview": "\u003Cp\u003EWe are a state-of-the-art CNC machine shop located in Big Lake, Alaska, with over 35 years of manufacturing experience in fields that include aerospace, medical, military and custom firearms.  The last five years we have focused our efforts on serving a discriminating clientele seeking the finest OEM parts for their firearms.  All of our products are proudly made in the U.S.A. and are certified made in Alaska.\u003C/p\u003E",
 "image":
  {"available_sizes":
    [[[150,
       149],
      "http://api-images.crunchbase.com/assets/images/resized/0033/6664/336664v2-max-150x150.jpg"],
     [[171,
       170],
      "http://api-images.crunchbase.com/assets/images/resized/0033/6664/336664v2-max-250x250.jpg"],
     [[171,
       170],
      "http://api-images.crunchbase.com/assets/images/resized/0033/6664/336664v2-max-450x450.jpg"]],
   "attribution": null},
 "products":
  [],
 "relationships":
  [],
 "competitions":
  [],
 "providerships":
  [],
 "total_money_raised": "$0",
 "funding_rounds":
  [],
 "investments":
  [],
 "acquisition": null,
 "acquisitions":
  [],
 "offices":
  [{"description": "Alaska Arms LLC",
    "address1": "3862 Old Yacht Club Road",
    "address2": "",
    "zip_code": "99652",
    "city": "Big Lake",
    "state_code": "AK",
    "country_code": "USA",
    "latitude": null,
    "longitude": null}],
 "milestones":
  [],
 "ipo": null,
 "video_embeds":
  [{"embed_code": "www.youtube.com/watch?v=yJuiF6mBTZc\u200e",
    "description": "\u003Cp\u003EIntroduction and shooting demo, Quick Detachable Scope Rings,2 scopes , CZ 550\u003C/p\u003E"}],
 "screenshots":
  [],
 "external_links":
  [{"external_url": "http://www.merchantcircle.com/business/Alaska.Arms.LLC.Big.Lake.AK.907-841-8924",
    "title": "Merchant Circle"},
   {"external_url": "http://companies.findthecompany.com/l/32529175/Alaska-Arms-LLC-in-Big-Lake-AK",
    "title": "Find The Company"},
   {"external_url": "http://www.chamberofcommerce.com/big-lake-ak/47107017-alaska-arms-llc/",
    "title": "Chamber of Commerce"},
   {"external_url": "http://www.showmelocal.com/profile.aspx?bid=16475887",
    "title": "Show Me Local"},
   {"external_url": "http://www.yelp.com/biz/alaska-arms-llc-big-lake",
    "title": "Yelp"}],
 "partners":
  []}
