{"name": "Alchemy Learning",
 "permalink": "alchemy-learning",
 "crunchbase_url": "http://www.crunchbase.com/company/alchemy-learning",
 "homepage_url": "http://alchemylearning.com",
 "blog_url": "http://alchemylearning.wordpress.com",
 "blog_feed_url": "",
 "twitter_username": "AlchemyLearning",
 "category_code": "education",
 "number_of_employees": null,
 "founded_year": 2012,
 "founded_month": null,
 "founded_day": null,
 "deadpooled_year": null,
 "deadpooled_month": null,
 "deadpooled_day": null,
 "deadpooled_url": null,
 "tag_list": "",
 "alias_list": "",
 "email_address": "info@alchemylearning.com",
 "phone_number": "410-429-0084",
 "description": "",
 "created_at": "Fri Sep 20 02:50:15 UTC 2013",
 "updated_at": "Thu Dec 19 11:51:42 UTC 2013",
 "overview": "\u003Cp\u003EAlchemy Learning Project, LLC creates teacher-centric adaptive learning software tools for teachers. It offers Alchemy SmartBinder, a cloud-based digital lesson binder that allows teachers to build and deliver digital lessons; and capture feedback on student mastery and understanding/engagement in their classroom. It allows users to create, deliver, and share digital lesson plans. The company was incorporated in 2012 and is based in Baltimore, Maryland.\u003C/p\u003E",
 "image":
  {"available_sizes":
    [[[150,
       16],
      "http://api-images.crunchbase.com/assets/images/resized/0032/9779/329779v1-max-150x150.png"],
     [[184,
       20],
      "http://api-images.crunchbase.com/assets/images/resized/0032/9779/329779v1-max-250x250.png"],
     [[184,
       20],
      "http://api-images.crunchbase.com/assets/images/resized/0032/9779/329779v1-max-450x450.png"]],
   "attribution": null},
 "products":
  [],
 "relationships":
  [{"is_past": false,
    "title": "Co-Founder",
    "person":
     {"first_name": "Henry",
      "last_name": "Blue",
      "permalink": "henry-blue"}},
   {"is_past": false,
    "title": "Co-Founder",
    "person":
     {"first_name": "Win",
      "last_name": "Smith",
      "permalink": "win-smith"}}],
 "competitions":
  [],
 "providerships":
  [],
 "total_money_raised": "$278k",
 "funding_rounds":
  [{"id": 49327,
    "round_code": "debt_round",
    "source_url": "http://www.sec.gov/Archives/edgar/data/1586722/000158672213000001/xslFormDX01/primary_doc.xml",
    "source_description": "SEC",
    "raised_amount": 277500.0,
    "raised_currency_code": "USD",
    "funded_year": 2013,
    "funded_month": 9,
    "funded_day": 18,
    "investments":
     []}],
 "investments":
  [],
 "acquisition": null,
 "acquisitions":
  [],
 "offices":
  [{"description": "",
    "address1": "1014 West 36th Street",
    "address2": "",
    "zip_code": "21211",
    "city": "Baltimore",
    "state_code": "MD",
    "country_code": "USA",
    "latitude": null,
    "longitude": null}],
 "milestones":
  [],
 "ipo": null,
 "video_embeds":
  [],
 "screenshots":
  [{"available_sizes":
     [[[150,
        108],
       "http://api-images.crunchbase.com/assets/images/resized/0032/9778/329778v1-max-150x150.png"],
      [[250,
        180],
       "http://api-images.crunchbase.com/assets/images/resized/0032/9778/329778v1-max-250x250.png"],
      [[450,
        325],
       "http://api-images.crunchbase.com/assets/images/resized/0032/9778/329778v1-max-450x450.png"]],
    "attribution": null}],
 "external_links":
  [],
 "partners":
  []}
