{"name": "Alchemia Oncology",
 "permalink": "alchemia-oncology",
 "crunchbase_url": "http://www.crunchbase.com/company/alchemia-oncology",
 "homepage_url": "http://alchemia.com.au",
 "blog_url": "",
 "blog_feed_url": "",
 "twitter_username": "asxacl",
 "category_code": "biotech",
 "number_of_employees": null,
 "founded_year": 2010,
 "founded_month": null,
 "founded_day": null,
 "deadpooled_year": null,
 "deadpooled_month": null,
 "deadpooled_day": null,
 "deadpooled_url": null,
 "tag_list": "",
 "alias_list": "",
 "email_address": "enquiries@alchemia.com.au",
 "phone_number": "(07) 3340 0200",
 "description": "",
 "created_at": "Thu Sep 12 12:45:03 UTC 2013",
 "updated_at": "Fri Oct 18 10:50:14 UTC 2013",
 "overview": "\u003Cp\u003EAlchemia Limited is a listed Australian biopharmaceutical company (ASX:ACL) with an FDA approved drug (Fondaparinux sodium) and a late stage oncology product pipeline derived from the HyACT platform. In addition, Alchemia has a drug discovery platform, VAST\u00ae, derived from Alchemia\u2019s chemistry expertise. \u003C/p\u003E",
 "image":
  {"available_sizes":
    [[[150,
       47],
      "http://api-images.crunchbase.com/assets/images/resized/0032/5871/325871v1-max-150x150.png"],
     [[216,
       68],
      "http://api-images.crunchbase.com/assets/images/resized/0032/5871/325871v1-max-250x250.png"],
     [[216,
       68],
      "http://api-images.crunchbase.com/assets/images/resized/0032/5871/325871v1-max-450x450.png"]],
   "attribution": null},
 "products":
  [],
 "relationships":
  [{"is_past": false,
    "title": "CEO",
    "person":
     {"first_name": "Charles",
      "last_name": "Walker",
      "permalink": "charles-walker"}},
   {"is_past": false,
    "title": "Chief Scientific Officer",
    "person":
     {"first_name": "Tracey",
      "last_name": "Brown",
      "permalink": "tracey-brown"}}],
 "competitions":
  [],
 "providerships":
  [],
 "total_money_raised": "$1.31M",
 "funding_rounds":
  [{"id": 48525,
    "round_code": "unattributed",
    "source_url": "http://www.sec.gov/Archives/edgar/data/1535439/000153543911000002/xslFormDX01/primary_doc.xml",
    "source_description": "SEC",
    "raised_amount": 708825.0,
    "raised_currency_code": "USD",
    "funded_year": 2011,
    "funded_month": 12,
    "funded_day": 23,
    "investments":
     []},
   {"id": 48942,
    "round_code": "unattributed",
    "source_url": "http://www.sec.gov/Archives/edgar/data/1535439/000153543911000003/xslFormDX01/primary_doc.xml",
    "source_description": "SEC",
    "raised_amount": 604935.0,
    "raised_currency_code": "USD",
    "funded_year": 2011,
    "funded_month": 11,
    "funded_day": 11,
    "investments":
     []}],
 "investments":
  [],
 "acquisition": null,
 "acquisitions":
  [],
 "offices":
  [{"description": "",
    "address1": "",
    "address2": "3 HI-TECH COURT",
    "zip_code": "4113",
    "city": "EIGHT MILE PLAINS",
    "state_code": null,
    "country_code": "AUS",
    "latitude": null,
    "longitude": null}],
 "milestones":
  [],
 "ipo": null,
 "video_embeds":
  [],
 "screenshots":
  [{"available_sizes":
     [[[150,
        69],
       "http://api-images.crunchbase.com/assets/images/resized/0032/5870/325870v1-max-150x150.png"],
      [[250,
        115],
       "http://api-images.crunchbase.com/assets/images/resized/0032/5870/325870v1-max-250x250.png"],
      [[450,
        208],
       "http://api-images.crunchbase.com/assets/images/resized/0032/5870/325870v1-max-450x450.png"]],
    "attribution": null}],
 "external_links":
  [],
 "partners":
  []}
