{"name": "Algramo",
 "permalink": "algramo",
 "crunchbase_url": "http://www.crunchbase.com/company/algramo",
 "homepage_url": "http://algramo.cl",
 "blog_url": "",
 "blog_feed_url": "",
 "twitter_username": "algramo_cl",
 "category_code": "other",
 "number_of_employees": 10,
 "founded_year": 2013,
 "founded_month": null,
 "founded_day": null,
 "deadpooled_year": null,
 "deadpooled_month": null,
 "deadpooled_day": null,
 "deadpooled_url": null,
 "tag_list": "food-beverages, supply-chain-management, distribution-channel",
 "alias_list": "",
 "email_address": "",
 "phone_number": "",
 "description": "The new thechnology for local stores",
 "created_at": "Mon Sep 30 06:38:52 UTC 2013",
 "updated_at": "Mon Mar 24 12:31:14 UTC 2014",
 "overview": "\u003Cp\u003EBusiness model focused as distribution channel of basic need products in bulk. Revolving around retail sale through dispenser machines in returnable packaging, reducing prices, responding to the problem of lack of liquidity in low-income families that cannot buy higher volume formats, combating poverty tax, further reducing the environmental packaging impact.\nAlgramo aims to establish a wholesale relationship with manufacturers of consumer products such as detergents, rice and oil, among others, in order to buy the products in bulk, not packaged-saving packaging costs significantly without lowering the quality of the product . Thus, bulk suppliers distribute products in stores in large quantities, also reducing logistics costs.\u003C/p\u003E",
 "image":
  {"available_sizes":
    [[[111,
       111],
      "http://api-images.crunchbase.com/assets/images/resized/0044/1337/441337v1-max-150x150.jpg"],
     [[111,
       111],
      "http://api-images.crunchbase.com/assets/images/resized/0044/1337/441337v1-max-250x250.jpg"],
     [[111,
       111],
      "http://api-images.crunchbase.com/assets/images/resized/0044/1337/441337v1-max-450x450.jpg"]],
   "attribution": null},
 "products":
  [],
 "relationships":
  [{"is_past": false,
    "title": "Founder",
    "person":
     {"first_name": "JoseManuel",
      "last_name": "Moller",
      "permalink": "josemanuel-moller"}}],
 "competitions":
  [],
 "providerships":
  [],
 "total_money_raised": "$40k",
 "funding_rounds":
  [{"id": 70482,
    "round_code": "seed",
    "source_url": "",
    "source_description": "",
    "raised_amount": 40000.0,
    "raised_currency_code": "USD",
    "funded_year": 2013,
    "funded_month": 7,
    "funded_day": 25,
    "investments":
     [{"company": null,
       "financial_org":
        {"name": "Start-Up Chile",
         "permalink": "start-up-chile"},
       "person": null}]}],
 "investments":
  [],
 "acquisition": null,
 "acquisitions":
  [],
 "offices":
  [{"description": "Headquarters",
    "address1": "Vitacura 3568 of 503 Santago",
    "address2": "",
    "zip_code": "",
    "city": "RM",
    "state_code": null,
    "country_code": "CHL",
    "latitude": null,
    "longitude": null}],
 "milestones":
  [],
 "ipo": null,
 "video_embeds":
  [{"embed_code": "\u003Ciframe src=\"//player.vimeo.com/video/72656731\" width=\"430\" height=\"242\" webkitallowfullscreen mozallowfullscreen allowfullscreen\u003E\u003C/iframe\u003E",
    "description": "\u003Cp\u003EVideo\u003C/p\u003E"}],
 "screenshots":
  [{"available_sizes":
     [[[150,
        112],
       "http://api-images.crunchbase.com/assets/images/resized/0033/4541/334541v1-max-150x150.jpg"],
      [[250,
        187],
       "http://api-images.crunchbase.com/assets/images/resized/0033/4541/334541v1-max-250x250.jpg"],
      [[450,
        337],
       "http://api-images.crunchbase.com/assets/images/resized/0033/4541/334541v1-max-450x450.jpg"]],
    "attribution": null},
   {"available_sizes":
     [[[112,
        150],
       "http://api-images.crunchbase.com/assets/images/resized/0033/4542/334542v1-max-150x150.jpg"],
      [[187,
        250],
       "http://api-images.crunchbase.com/assets/images/resized/0033/4542/334542v1-max-250x250.jpg"],
      [[337,
        450],
       "http://api-images.crunchbase.com/assets/images/resized/0033/4542/334542v1-max-450x450.jpg"]],
    "attribution": null}],
 "external_links":
  [{"external_url": "https://www.facebook.com/Algramo",
    "title": "facebook"}],
 "partners":
  [{"partner_name": "angel_list",
    "homepage_url": "http://www.algramo.cl",
    "link_1_url": "https://angel.co/algramo",
    "link_2_url": null,
    "link_3_url": null,
    "link_1_name": "AngelList Page",
    "link_2_name": null,
    "link_3_name": null}]}
