{"name": "All Solar International",
 "permalink": "all-solar-international",
 "crunchbase_url": "http://www.crunchbase.com/company/all-solar-international",
 "homepage_url": "http://allsolarinternational.com",
 "blog_url": "",
 "blog_feed_url": "",
 "twitter_username": null,
 "category_code": null,
 "number_of_employees": null,
 "founded_year": null,
 "founded_month": null,
 "founded_day": null,
 "deadpooled_year": null,
 "deadpooled_month": null,
 "deadpooled_day": null,
 "deadpooled_url": null,
 "tag_list": "",
 "alias_list": "",
 "email_address": "",
 "phone_number": "",
 "description": "",
 "created_at": "Wed Oct 02 21:50:50 UTC 2013",
 "updated_at": "Wed Oct 02 21:50:49 UTC 2013",
 "overview": "",
 "image":
  {"available_sizes":
    [[[150,
       47],
      "http://api-images.crunchbase.com/assets/images/resized/0033/6136/336136v1-max-150x150.png"],
     [[248,
       79],
      "http://api-images.crunchbase.com/assets/images/resized/0033/6136/336136v1-max-250x250.png"],
     [[248,
       79],
      "http://api-images.crunchbase.com/assets/images/resized/0033/6136/336136v1-max-450x450.png"]],
   "attribution": null},
 "products":
  [],
 "relationships":
  [],
 "competitions":
  [],
 "providerships":
  [],
 "total_money_raised": "$0",
 "funding_rounds":
  [],
 "investments":
  [],
 "acquisition": null,
 "acquisitions":
  [],
 "offices":
  [],
 "milestones":
  [],
 "ipo": null,
 "video_embeds":
  [],
 "screenshots":
  [],
 "external_links":
  [],
 "partners":
  []}
