{"name": "Alleantia",
 "permalink": "alleantia",
 "crunchbase_url": "http://www.crunchbase.com/company/alleantia",
 "homepage_url": "http://www.alleantia.com/en",
 "blog_url": "",
 "blog_feed_url": "",
 "twitter_username": "Alleantiasrl",
 "category_code": "other",
 "number_of_employees": 3,
 "founded_year": 2011,
 "founded_month": 7,
 "founded_day": null,
 "deadpooled_year": null,
 "deadpooled_month": null,
 "deadpooled_day": null,
 "deadpooled_url": null,
 "tag_list": "internet-of-things, os-independent, software-platform",
 "alias_list": null,
 "email_address": "info@alleantia.com",
 "phone_number": "+390509911933",
 "description": "Connecting things",
 "created_at": "Tue Sep 03 09:45:25 UTC 2013",
 "updated_at": "Fri Nov 15 10:13:20 UTC 2013",
 "overview": "\u003Cp\u003E\u003Ca href=\"http://www.alleantia.com/en\" title=\"Alleantia\" rel=\"nofollow\"\u003EAlleantia\u003C/a\u003E is an \u003Cstrong\u003EInternet of Things (IoT)\u003C/strong\u003E company supplying an HW and OS-independent software platform for implementing native web and mobile monitoring and control applications for any kind of device and system. \u003C/p\u003E\n\n\u003Cp\u003EMission: \u003Cem\u003EDisrupt Internet of Things world providing an open and modular solution with a community-driven delivery model supported by the \u2018IoT Application Store\u2019.\u003C/em\u003E\u003C/p\u003E\n\n\u003Cp\u003EAlleantia developed a cloud-connected multi-platform operating system to control and engage the world of physical objects with third developed modular applications based on proprietary Open Control Platform (OCP) through the easily expandable proprietary Open Objects Library (OOL).\u003C/p\u003E\n\n\u003Cp\u003EAlleantia Software platform is Java based. We have invented an innovative method for creating \u0026#8216;things\u0026#8217; descriptions (we mapped the DNAs of things) to streamline integration of new object types into . The implementation is a proprietary extension, for which we provide a Web Editor to developers. \nWe are providing innovative solutions within the industrial control to address a segment requiring ready to use applications at limited cost, whereas no other competitor has \u0026#8216;zero programming\u0026#8217; products for web controlling applications.\u003C/p\u003E\n\n\u003Cp\u003EWe innovate both products and process. Products, providing web-native turnkey solutions in a industrial world still acquainted with traditional system integration. Process innovation bringing \u0026#8216;App Store\u0026#8217; concept into Internet of Things, both for \u0026#8216;objects\u0026#8217; (devices) modeling and for applications: \u003Cstrong\u003EInternet of Things Application Store\u003C/strong\u003E.\u003C/p\u003E",
 "image":
  {"available_sizes":
    [[[150,
       53],
      "http://api-images.crunchbase.com/assets/images/resized/0031/9461/319461v2-max-150x150.png"],
     [[250,
       89],
      "http://api-images.crunchbase.com/assets/images/resized/0031/9461/319461v2-max-250x250.png"],
     [[258,
       92],
      "http://api-images.crunchbase.com/assets/images/resized/0031/9461/319461v2-max-450x450.png"]],
   "attribution": null},
 "products":
  [],
 "relationships":
  [{"is_past": false,
    "title": "Co-Founder and Chairman",
    "person":
     {"first_name": "Marco",
      "last_name": "Bicocchi Pichi",
      "permalink": "marco-bicocchi-pichi"}},
   {"is_past": false,
    "title": "Chairman",
    "person":
     {"first_name": "Gavino",
      "last_name": "Boringhieri",
      "permalink": "gavino-boringhieri"}},
   {"is_past": false,
    "title": "Co-Founder and CEO",
    "person":
     {"first_name": "Antonio",
      "last_name": "Conati Barbaro",
      "permalink": "antonio-conati-barbaro"}},
   {"is_past": false,
    "title": "Founder \u0026 CTO",
    "person":
     {"first_name": "Stefano",
      "last_name": "Linari",
      "permalink": "stefano-linari"}},
   {"is_past": false,
    "title": "Board of directors",
    "person":
     {"first_name": "Alberto",
      "last_name": "Giusti",
      "permalink": "alberto-giusti"}},
   {"is_past": false,
    "title": "General Counsel",
    "person":
     {"first_name": "Francesco",
      "last_name": "Torelli",
      "permalink": "francesco-torelli"}}],
 "competitions":
  [{"competitor":
     {"name": "ThingWorx",
      "permalink": "thingworx"}}],
 "providerships":
  [],
 "total_money_raised": "\u20ac200k",
 "funding_rounds":
  [{"id": 47529,
    "round_code": "seed",
    "source_url": "",
    "source_description": "",
    "raised_amount": 60000.0,
    "raised_currency_code": "EUR",
    "funded_year": 2011,
    "funded_month": 7,
    "funded_day": null,
    "investments":
     []},
   {"id": 47530,
    "round_code": "angel",
    "source_url": "",
    "source_description": "",
    "raised_amount": 140000.0,
    "raised_currency_code": "EUR",
    "funded_year": 2013,
    "funded_month": 6,
    "funded_day": null,
    "investments":
     []}],
 "investments":
  [],
 "acquisition": null,
 "acquisitions":
  [],
 "offices":
  [{"description": "Headquarters",
    "address1": "Via Umberto Forti 24/14",
    "address2": "",
    "zip_code": "10098",
    "city": "Pisa",
    "state_code": null,
    "country_code": "ITA",
    "latitude": 43.6560625,
    "longitude": 10.4386287}],
 "milestones":
  [],
 "ipo": null,
 "video_embeds":
  [{"embed_code": "http://vimeo.com/54930479",
    "description": ""},
   {"embed_code": "\u003Ciframe src=\"//player.vimeo.com/video/54930479?title=0\u0026amp;byline=0\u0026amp;portrait=0\u0026amp;color=c7361b\" width=\"420\" height=\"281\" frameborder=\"0\" webkitallowfullscreen mozallowfullscreen allowfullscreen\u003E\u003C/iframe\u003E \u003Cp\u003E\u003Ca href=\"http://vimeo.com/54930479\"\u003EAlleantia\u003C/a\u003E from \u003Ca href=\"http://vimeo.com/kumegothungryideas\"\u003Ekume got some hungry ideas\u003C/a\u003E on \u003Ca href=\"https://vimeo.com\"\u003EVimeo\u003C/a\u003E.\u003C/p\u003E",
    "description": "\u003Cp\u003EAlleantia 2012 Video on Vimeo\u003C/p\u003E"}],
 "screenshots":
  [{"available_sizes":
     [[[150,
        66],
       "http://api-images.crunchbase.com/assets/images/resized/0031/9459/319459v2-max-150x150.png"],
      [[250,
        110],
       "http://api-images.crunchbase.com/assets/images/resized/0031/9459/319459v2-max-250x250.png"],
      [[450,
        199],
       "http://api-images.crunchbase.com/assets/images/resized/0031/9459/319459v2-max-450x450.png"]],
    "attribution": null},
   {"available_sizes":
     [[[150,
        150],
       "http://api-images.crunchbase.com/assets/images/resized/0031/9460/319460v2-max-150x150.jpg"],
      [[250,
        250],
       "http://api-images.crunchbase.com/assets/images/resized/0031/9460/319460v2-max-250x250.jpg"],
      [[250,
        250],
       "http://api-images.crunchbase.com/assets/images/resized/0031/9460/319460v2-max-450x450.jpg"]],
    "attribution": null}],
 "external_links":
  [{"external_url": "http://www.alleantia.com/en",
    "title": "Alleantia site"}],
 "partners":
  [{"partner_name": "angel_list",
    "homepage_url": "http://www.alleantia.com/en",
    "link_1_url": "https://angel.co/alleantia",
    "link_2_url": null,
    "link_3_url": null,
    "link_1_name": "AngelList Page",
    "link_2_name": null,
    "link_3_name": null}]}
