{"name": "Allegro Music \u0026 Dance",
 "permalink": "allegro-music-dance",
 "crunchbase_url": "http://www.crunchbase.com/company/allegro-music-dance",
 "homepage_url": "http://www.fcallegro.com",
 "blog_url": "",
 "blog_feed_url": "",
 "twitter_username": null,
 "category_code": "education",
 "number_of_employees": null,
 "founded_year": null,
 "founded_month": null,
 "founded_day": null,
 "deadpooled_year": null,
 "deadpooled_month": null,
 "deadpooled_day": null,
 "deadpooled_url": null,
 "tag_list": "piano-lessons, voice-lessons, dance-lessons",
 "alias_list": null,
 "email_address": "fcallegro123@yahoo.com",
 "phone_number": "(650)593-3900",
 "description": "piano lessons, voice lessons, ",
 "created_at": "Sun Oct 06 05:45:00 UTC 2013",
 "updated_at": "Mon Oct 07 17:58:48 UTC 2013",
 "overview": "\u003Cp\u003EAllegro Music and Dance School located in San Carlos, offering piano lessons, voice lessons, dance lessons and more. Allegro Music and Dance also provides private classes in a variety of instruments, such as the flute, violin, piano and many others.\u003C/p\u003E",
 "image":
  {"available_sizes":
    [[[150,
       39],
      "http://api-images.crunchbase.com/assets/images/resized/0033/7777/337777v2-max-150x150.jpg"],
     [[250,
       65],
      "http://api-images.crunchbase.com/assets/images/resized/0033/7777/337777v2-max-250x250.jpg"],
     [[450,
       117],
      "http://api-images.crunchbase.com/assets/images/resized/0033/7777/337777v2-max-450x450.jpg"]],
   "attribution": null},
 "products":
  [],
 "relationships":
  [],
 "competitions":
  [],
 "providerships":
  [],
 "total_money_raised": "$0",
 "funding_rounds":
  [],
 "investments":
  [],
 "acquisition": null,
 "acquisitions":
  [],
 "offices":
  [],
 "milestones":
  [],
 "ipo": null,
 "video_embeds":
  [],
 "screenshots":
  [],
 "external_links":
  [],
 "partners":
  []}
