{"name": "Alliance for Affordable Internet",
 "permalink": "alliance-for-affordable-internet",
 "crunchbase_url": "http://www.crunchbase.com/company/alliance-for-affordable-internet",
 "homepage_url": "http://a4ai.org",
 "blog_url": "http://a4ai.org/category/blog",
 "blog_feed_url": "http://a4ai.org/rss",
 "twitter_username": "a4a_internet",
 "category_code": "mobile",
 "number_of_employees": null,
 "founded_year": 2013,
 "founded_month": null,
 "founded_day": null,
 "deadpooled_year": null,
 "deadpooled_month": null,
 "deadpooled_day": null,
 "deadpooled_url": null,
 "tag_list": "",
 "alias_list": "",
 "email_address": "",
 "phone_number": "",
 "description": "To make broadband affordable for all",
 "created_at": "Mon Oct 07 18:08:07 UTC 2013",
 "updated_at": "Mon Oct 07 18:08:06 UTC 2013",
 "overview": "\u003Cp\u003EThe Alliance for Affordable Internet is a coalition of private sector, public sector, and not-for-profit organisations who have come together to advance the shared aim of affordable access to both mobile and fixed-line Internet in developing countries. The World Wide Web Foundation serves as the secretariat for the Alliance.\u003C/p\u003E\n\n\u003Cp\u003EOur primary goal is to see the UN Broadband Commission Broadband Target of entry-level broadband services priced at less than 5% of average monthly income realised. In working towards this vision, we hope to help billions more users to come online (with a particular focus on low-income countries) and to make universal access a reality.\u003C/p\u003E",
 "image":
  {"available_sizes":
    [[[150,
       17],
      "http://api-images.crunchbase.com/assets/images/resized/0033/8426/338426v1-max-150x150.png"],
     [[250,
       28],
      "http://api-images.crunchbase.com/assets/images/resized/0033/8426/338426v1-max-250x250.png"],
     [[335,
       38],
      "http://api-images.crunchbase.com/assets/images/resized/0033/8426/338426v1-max-450x450.png"]],
   "attribution": null},
 "products":
  [],
 "relationships":
  [],
 "competitions":
  [],
 "providerships":
  [],
 "total_money_raised": "$0",
 "funding_rounds":
  [],
 "investments":
  [],
 "acquisition": null,
 "acquisitions":
  [],
 "offices":
  [],
 "milestones":
  [],
 "ipo": null,
 "video_embeds":
  [],
 "screenshots":
  [{"available_sizes":
     [[[145,
        150],
       "http://api-images.crunchbase.com/assets/images/resized/0033/8425/338425v1-max-150x150.png"],
      [[242,
        250],
       "http://api-images.crunchbase.com/assets/images/resized/0033/8425/338425v1-max-250x250.png"],
      [[436,
        450],
       "http://api-images.crunchbase.com/assets/images/resized/0033/8425/338425v1-max-450x450.png"]],
    "attribution": null}],
 "external_links":
  [],
 "partners":
  []}
