{"name": "Allstatelimo NYC",
 "permalink": "allstatelimo-nyc",
 "crunchbase_url": "http://www.crunchbase.com/company/allstatelimo-nyc",
 "homepage_url": "http://www.allstatelimo.com/top/about-us",
 "blog_url": "http://allstatelimonyc.wordpress.com/about-us/",
 "blog_feed_url": "",
 "twitter_username": "allStateLimoNYC",
 "category_code": null,
 "number_of_employees": null,
 "founded_year": 1985,
 "founded_month": 1,
 "founded_day": 1,
 "deadpooled_year": null,
 "deadpooled_month": null,
 "deadpooled_day": null,
 "deadpooled_url": null,
 "tag_list": "",
 "alias_list": "",
 "email_address": "",
 "phone_number": "",
 "description": "",
 "created_at": "Sun Oct 06 00:49:59 UTC 2013",
 "updated_at": "Fri Nov 08 23:41:55 UTC 2013",
 "overview": "\u003Cp\u003EAllstate Limo in New York City is one of the top limousine and car service companies in the big apple. With a huge fleet of cars, SUV\u0026#8217;s, Limousines, Buses and other vehicles, Allstate Limo has been providing quality and affordable transportation to the tri-state area for more than 25 years now. \u003C/p\u003E\n\n\u003Cp\u003EPeople looking to take a trip to the airport or be picked up as they return from their trip they always call on Allstate Limo. This ensures that they will be picked up on time and in luxury and style.\u003C/p\u003E\n\n\u003Cp\u003EEveryone looking to take a tour of New York City and enjoy all of the many tourist attraction the big apple has to offer can take advantage of the huge selection of vehicles Allstate Limo Car Service has. The ever growing fleet of cars and drivers are second to none. From Brooklyn to Manhattan and down to Queens, you can count on Allstate Limo to take you to your destination or pick you up wherever you are. \u003C/p\u003E",
 "image": null,
 "products":
  [],
 "relationships":
  [],
 "competitions":
  [],
 "providerships":
  [],
 "total_money_raised": "$0",
 "funding_rounds":
  [],
 "investments":
  [],
 "acquisition": null,
 "acquisitions":
  [],
 "offices":
  [{"description": "",
    "address1": "",
    "address2": "",
    "zip_code": "",
    "city": "New York City",
    "state_code": "NY",
    "country_code": "USA",
    "latitude": null,
    "longitude": null}],
 "milestones":
  [],
 "ipo": null,
 "video_embeds":
  [{"embed_code": "\u003Ciframe width=\"450\" height=\"360\" src=\"//www.youtube.com/embed/seY_-ogdbmc?feature=player_embedded\" frameborder=\"0\" allowfullscreen\u003E\u003C/iframe\u003E",
    "description": "\u003Cp\u003EAllState Limo, located in NYC, presents the top 4 art galleries in the Big Apple.\u003C/p\u003E"}],
 "screenshots":
  [],
 "external_links":
  [],
 "partners":
  []}
