{"name": "Alphonso Inc",
 "permalink": "alphonso-inc",
 "crunchbase_url": "http://www.crunchbase.com/company/alphonso-inc",
 "homepage_url": "http://www.alphonso.tv",
 "blog_url": "http://blog.alphonso.tv",
 "blog_feed_url": "",
 "twitter_username": "alphonsoinc",
 "category_code": "advertising",
 "number_of_employees": 10,
 "founded_year": 2012,
 "founded_month": 9,
 "founded_day": null,
 "deadpooled_year": null,
 "deadpooled_month": null,
 "deadpooled_day": null,
 "deadpooled_url": null,
 "tag_list": "advertising-platforms, brand-marketing, social-television",
 "alias_list": null,
 "email_address": "ashishchordia@gmail.com",
 "phone_number": "(650) 918-0395",
 "description": "Criteo (for TV) meets Flurry",
 "created_at": "Sat Oct 05 13:48:56 UTC 2013",
 "updated_at": "Mon Mar 03 01:14:16 UTC 2014",
 "overview": "\u003Cp\u003EAlphonso is \u0026#8220;Criteo for TV\u0026#8221; meets Mobile \u003C/p\u003E\n\n\u003Cp\u003EAlphonso is changing how advertising works. \u003C/p\u003E\n\n\u003Cp\u003ESee the :30 second product video that shows how:  https://vimeo.com/70266562\u003C/p\u003E\n\n\u003Cp\u003EAlphonso provides a new way for brands to engage with the consumers on mobile apps they are already using while they are in front of TV. \u003C/p\u003E\n\n\u003Cp\u003EAt Scale. \u003C/p\u003E\n\n\u003Cp\u003EAlphonso brings the budgets from brands advertising on TV and uses its proprietary targeting leveraging programmatic mobile ad ecosystem to deliver the TV audience on mobile to these brands. \u003C/p\u003E",
 "image":
  {"available_sizes":
    [[[100,
       100],
      "http://api-images.crunchbase.com/assets/images/resized/0033/7675/337675v2-max-150x150.jpg"],
     [[100,
       100],
      "http://api-images.crunchbase.com/assets/images/resized/0033/7675/337675v2-max-250x250.jpg"],
     [[100,
       100],
      "http://api-images.crunchbase.com/assets/images/resized/0033/7675/337675v2-max-450x450.jpg"]],
   "attribution": null},
 "products":
  [],
 "relationships":
  [{"is_past": false,
    "title": "Founder \u0026 CEO",
    "person":
     {"first_name": "Ashish",
      "last_name": "Chordia",
      "permalink": "ashish-chordia"}},
   {"is_past": false,
    "title": "Founder \u0026 Chief Product Officer",
    "person":
     {"first_name": "Raghu",
      "last_name": "Kodige",
      "permalink": "raghu-kodige"}},
   {"is_past": false,
    "title": "Founder \u0026 Chief Technology Officer",
    "person":
     {"first_name": "Lampros",
      "last_name": "Kalampoukas",
      "permalink": "lampros-kalampoukas"}}],
 "competitions":
  [],
 "providerships":
  [],
 "total_money_raised": "$0",
 "funding_rounds":
  [],
 "investments":
  [],
 "acquisition": null,
 "acquisitions":
  [],
 "offices":
  [{"description": "SF Bay",
    "address1": "735 Industrial Road,",
    "address2": "",
    "zip_code": "94070",
    "city": "San Carlos",
    "state_code": "CA",
    "country_code": "USA",
    "latitude": null,
    "longitude": null},
   {"description": "10 Mechanical Street",
    "address1": "",
    "address2": "",
    "zip_code": "",
    "city": "Red Bank",
    "state_code": "NJ",
    "country_code": "USA",
    "latitude": null,
    "longitude": null}],
 "milestones":
  [],
 "ipo": null,
 "video_embeds":
  [{"embed_code": "\u003Ciframe src=\"//player.vimeo.com/video/70266562\" width=\"420\" height=\"315\" webkitallowfullscreen mozallowfullscreen allowfullscreen\u003E\u003C/iframe\u003E",
    "description": ""}],
 "screenshots":
  [{"available_sizes":
     [[[150,
        78],
       "http://api-images.crunchbase.com/assets/images/resized/0033/8605/338605v1-max-150x150.png"],
      [[250,
        130],
       "http://api-images.crunchbase.com/assets/images/resized/0033/8605/338605v1-max-250x250.png"],
      [[450,
        234],
       "http://api-images.crunchbase.com/assets/images/resized/0033/8605/338605v1-max-450x450.png"]],
    "attribution": null}],
 "external_links":
  [{"external_url": "https://vimeo.com/70266562",
    "title": "Product Video"}],
 "partners":
  [{"partner_name": "angel_list",
    "homepage_url": "http://www.alphonso.tv",
    "link_1_url": "https://angel.co/alphonso-inc",
    "link_2_url": null,
    "link_3_url": null,
    "link_1_name": "AngelList Page",
    "link_2_name": null,
    "link_3_name": null}]}
