{"name": "AlphaSense",
 "permalink": "alphasense",
 "crunchbase_url": "http://www.crunchbase.com/company/alphasense",
 "homepage_url": "http://www.alpha-sense.com",
 "blog_url": "",
 "blog_feed_url": "",
 "twitter_username": null,
 "category_code": "finance",
 "number_of_employees": 40,
 "founded_year": 2008,
 "founded_month": null,
 "founded_day": null,
 "deadpooled_year": null,
 "deadpooled_month": null,
 "deadpooled_day": null,
 "deadpooled_url": null,
 "tag_list": "",
 "alias_list": null,
 "email_address": "",
 "phone_number": "415.738.8090",
 "description": "Financial Search Engine",
 "created_at": "Wed Oct 02 23:22:45 UTC 2013",
 "updated_at": "Fri Oct 04 17:45:00 UTC 2013",
 "overview": "\u003Cp\u003EAlphaSense is a financial search engine.  It applies cutting edge technology to help investment professionals, including portfolio managers and analysts, find critical information in company disclosures and act with greater insight.\u003C/p\u003E\n\n\u003Cp\u003EUsing a blend of advanced linguistic search and natural language processing algorithms, AlphaSense enables investment professionals to search, navigate and analyze corporate filings and other disclosures for critical data points that others are missing \u2013 at unprecedented speed and accuracy.\u003C/p\u003E",
 "image":
  {"available_sizes":
    [[[150,
       29],
      "http://api-images.crunchbase.com/assets/images/resized/0033/6152/336152v2-max-150x150.png"],
     [[223,
       44],
      "http://api-images.crunchbase.com/assets/images/resized/0033/6152/336152v2-max-250x250.png"],
     [[223,
       44],
      "http://api-images.crunchbase.com/assets/images/resized/0033/6152/336152v2-max-450x450.png"]],
   "attribution": null},
 "products":
  [],
 "relationships":
  [{"is_past": true,
    "title": "FOUNDER AND CHIEF EXECUTIVE OFFICER",
    "person":
     {"first_name": "Jack",
      "last_name": "Kokko",
      "permalink": "jack-kokko"}},
   {"is_past": true,
    "title": "FOUNDER AND CHIEF TECHNOLOGY OFFICER",
    "person":
     {"first_name": "Raj",
      "last_name": "Neervannan",
      "permalink": "raj-neervannan"}}],
 "competitions":
  [],
 "providerships":
  [],
 "total_money_raised": "$0",
 "funding_rounds":
  [],
 "investments":
  [],
 "acquisition": null,
 "acquisitions":
  [],
 "offices":
  [{"description": "",
    "address1": "One Sansome Street, Suite 3500",
    "address2": "",
    "zip_code": "",
    "city": "San Francisco",
    "state_code": "CA",
    "country_code": "USA",
    "latitude": null,
    "longitude": null}],
 "milestones":
  [],
 "ipo": null,
 "video_embeds":
  [],
 "screenshots":
  [],
 "external_links":
  [],
 "partners":
  []}
