{"name": "Alpine Asian Treks and Expedition",
 "permalink": "alpine-asian-treks-and-expedition",
 "crunchbase_url": "http://www.crunchbase.com/company/alpine-asian-treks-and-expedition",
 "homepage_url": "http://www.trektournepal.com",
 "blog_url": "",
 "blog_feed_url": "",
 "twitter_username": "trektournepal",
 "category_code": "travel",
 "number_of_employees": 7,
 "founded_year": 2006,
 "founded_month": 7,
 "founded_day": 30,
 "deadpooled_year": null,
 "deadpooled_month": null,
 "deadpooled_day": null,
 "deadpooled_url": null,
 "tag_list": "trekking-in-nepal, nepal-travel, rafting-nepal, tibet-tour, bhutan-tour, everest-trek, everest-basecamp-trek, nepal-holidays",
 "alias_list": null,
 "email_address": "sales@trektournepal.com",
 "phone_number": "+97714226896 ",
 "description": "Adventure and activity holidays operator",
 "created_at": "Sat Oct 12 07:45:27 UTC 2013",
 "updated_at": "Tue Oct 15 09:59:53 UTC 2013",
 "overview": "\u003Cp\u003EAlpine Asian Treks and Expedition is adventure and activity holidays operation company based in Nepal. Generally it is helping the travelers to organize treks, tours, safaris, rafting, hotel booking,etc. in Nepal, Tibet and Bhutan.\u003C/p\u003E\n\n\u003Cp\u003EIt is a legal operator registered with Nepal government, Tourism Department. It is further associated with business organizations and social organizations. \u003C/p\u003E",
 "image":
  {"available_sizes":
    [[[126,
       107],
      "http://api-images.crunchbase.com/assets/images/resized/0034/1120/341120v2-max-150x150.png"],
     [[126,
       107],
      "http://api-images.crunchbase.com/assets/images/resized/0034/1120/341120v2-max-250x250.png"],
     [[126,
       107],
      "http://api-images.crunchbase.com/assets/images/resized/0034/1120/341120v2-max-450x450.png"]],
   "attribution": null},
 "products":
  [],
 "relationships":
  [{"is_past": false,
    "title": "Founder \u0026 Director",
    "person":
     {"first_name": "Shekhar",
      "last_name": "Bahadur Thapa",
      "permalink": "shekhar-bahadur-thapa"}},
   {"is_past": false,
    "title": "Operation Manager",
    "person":
     {"first_name": "Gokul",
      "last_name": "Prasad Timalsina",
      "permalink": "gokul-prasad-timalsina"}}],
 "competitions":
  [],
 "providerships":
  [],
 "total_money_raised": "$0",
 "funding_rounds":
  [],
 "investments":
  [],
 "acquisition": null,
 "acquisitions":
  [],
 "offices":
  [{"description": "",
    "address1": "Jyatha",
    "address2": "Thamel",
    "zip_code": "19503",
    "city": "Kathmandu",
    "state_code": null,
    "country_code": "NPL",
    "latitude": null,
    "longitude": null}],
 "milestones":
  [],
 "ipo": null,
 "video_embeds":
  [{"embed_code": "\u003Ciframe width=\"420\" height=\"315\" src=\"//www.youtube.com/embed/AtLCzR9x_RE\" frameborder=\"0\" allowfullscreen\u003E\u003C/iframe\u003E",
    "description": "\u003Cp\u003ECultural Dance of Nepal \u003C/p\u003E"}],
 "screenshots":
  [],
 "external_links":
  [],
 "partners":
  []}
