{"name": "AltexSoft",
 "permalink": "altexsoft",
 "crunchbase_url": "http://www.crunchbase.com/company/altexsoft",
 "homepage_url": "http://www.altexsoft.com",
 "blog_url": "",
 "blog_feed_url": "",
 "twitter_username": null,
 "category_code": "software",
 "number_of_employees": 80,
 "founded_year": 2007,
 "founded_month": 7,
 "founded_day": 1,
 "deadpooled_year": null,
 "deadpooled_month": null,
 "deadpooled_day": null,
 "deadpooled_url": null,
 "tag_list": "software-development, it-consulting",
 "alias_list": null,
 "email_address": "sergii.salenko@altexsoft.com",
 "phone_number": "",
 "description": "Software R\u0026D Engineering Company.  ",
 "created_at": "Tue Sep 24 10:06:54 UTC 2013",
 "updated_at": "Wed Dec 18 03:11:55 UTC 2013",
 "overview": "\u003Cp\u003EOur team of experienced managers, architects and engineers are ready to share expertise in business analysis, software architecture and product engineering services. As a Custom Software Development Provider AltexSoft manages production and delivery processes to enable your business to use latest and most competitive technology solutions.\u003C/p\u003E\n\n\u003Cp\u003EOur team members have 5+ years of average .NET experience including DB and web development.  The developers have solid expertise in ASP.NET/ASP.NET MVC + AJAX, Silverlight, WPF/WCF, WinForms, WebForms and use such languages as C#/ C++, PHP and Javascript. The team is also experienced in building custom applications based on Drupal, WordPress, and Magento CMS. \u003C/p\u003E",
 "image":
  {"available_sizes":
    [[[150,
       72],
      "http://api-images.crunchbase.com/assets/images/resized/0037/7894/377894v2-max-150x150.png"],
     [[250,
       121],
      "http://api-images.crunchbase.com/assets/images/resized/0037/7894/377894v2-max-250x250.png"],
     [[450,
       218],
      "http://api-images.crunchbase.com/assets/images/resized/0037/7894/377894v2-max-450x450.png"]],
   "attribution": null},
 "products":
  [],
 "relationships":
  [{"is_past": true,
    "title": "CEO",
    "person":
     {"first_name": "Alex",
      "last_name": "Medovoy",
      "permalink": "alex-medovoy"}}],
 "competitions":
  [],
 "providerships":
  [],
 "total_money_raised": "$0",
 "funding_rounds":
  [],
 "investments":
  [],
 "acquisition": null,
 "acquisitions":
  [],
 "offices":
  [{"description": "AltexSoft Headquarters",
    "address1": "Artema 15",
    "address2": "",
    "zip_code": "61002",
    "city": "Kharkov",
    "state_code": null,
    "country_code": "UKR",
    "latitude": null,
    "longitude": null},
   {"description": "AltexSoft East",
    "address1": "",
    "address2": "",
    "zip_code": "",
    "city": "Severodonetsk",
    "state_code": null,
    "country_code": "UKR",
    "latitude": null,
    "longitude": null},
   {"description": "AltexSoft West",
    "address1": "",
    "address2": "",
    "zip_code": "",
    "city": "Krementschug",
    "state_code": null,
    "country_code": "UKR",
    "latitude": null,
    "longitude": null},
   {"description": "AltexSoft USA",
    "address1": "140\u00a0Encinitas\u00a0Boulevard, Suite 134",
    "address2": "",
    "zip_code": "92024",
    "city": "Encinitas",
    "state_code": "CA",
    "country_code": "USA",
    "latitude": null,
    "longitude": null},
   {"description": "AltexSoft USA",
    "address1": "",
    "address2": "",
    "zip_code": "",
    "city": "",
    "state_code": "CA",
    "country_code": "USA",
    "latitude": null,
    "longitude": null}],
 "milestones":
  [],
 "ipo": null,
 "video_embeds":
  [],
 "screenshots":
  [],
 "external_links":
  [],
 "partners":
  []}
