{"name": "Altic Lock Service",
 "permalink": "altic-lock-service",
 "crunchbase_url": "http://www.crunchbase.com/company/altic-lock-service",
 "homepage_url": "http://www.alticlock.com",
 "blog_url": "http://alticlock.blogspot.com/",
 "blog_feed_url": "",
 "twitter_username": "alticlock",
 "category_code": "security",
 "number_of_employees": 1,
 "founded_year": 2005,
 "founded_month": 5,
 "founded_day": null,
 "deadpooled_year": null,
 "deadpooled_month": null,
 "deadpooled_day": null,
 "deadpooled_url": null,
 "tag_list": "indianapolis, greenwood, avon, plainfield, fishers, carmel",
 "alias_list": null,
 "email_address": "locksmith@alticlock.com",
 "phone_number": "317-490-1469",
 "description": "Residential and Commercial Locksmith",
 "created_at": "Sun Oct 06 03:36:56 UTC 2013",
 "updated_at": "Mon Oct 07 17:58:29 UTC 2013",
 "overview": "\u003Cp\u003EResidential and commercial locksmith services in Indianapolis, Indiana.\u003C/p\u003E\n\n\u003Cp\u003EMobile locksmith company serving Indianapolis and surrounding communities. Rekey, repair, replace, upgrade, or install new locks and deadbolts. Repair, replace, upgrade, or install new door closers and exit hardware. Door frame reinforcement installed to help prevent break-ins. Door viewers, latch guards, cylinder guards installed. Masterkey and interchangeable core systems designed and installed.\u003C/p\u003E\n\n\u003Cp\u003EPrompt, professional service. Member: Society of Professional Locksmiths.\u003C/p\u003E",
 "image": null,
 "products":
  [],
 "relationships":
  [],
 "competitions":
  [],
 "providerships":
  [],
 "total_money_raised": "$0",
 "funding_rounds":
  [],
 "investments":
  [],
 "acquisition": null,
 "acquisitions":
  [],
 "offices":
  [],
 "milestones":
  [],
 "ipo": null,
 "video_embeds":
  [],
 "screenshots":
  [],
 "external_links":
  [],
 "partners":
  []}
