{"name": "Altia",
 "permalink": "altia",
 "crunchbase_url": "http://www.crunchbase.com/company/altia",
 "homepage_url": "http://altia.com",
 "blog_url": "http://altia.com/blog",
 "blog_feed_url": "http://altia.com/blog/feed",
 "twitter_username": "AltiaHMI",
 "category_code": "software",
 "number_of_employees": null,
 "founded_year": 1992,
 "founded_month": null,
 "founded_day": null,
 "deadpooled_year": null,
 "deadpooled_month": null,
 "deadpooled_day": null,
 "deadpooled_url": null,
 "tag_list": "",
 "alias_list": "",
 "email_address": "sales@altia.com",
 "phone_number": "(719) 598-4299",
 "description": "",
 "created_at": "Wed Oct 02 05:11:06 UTC 2013",
 "updated_at": "Wed Oct 02 05:11:05 UTC 2013",
 "overview": "\u003Cp\u003EFrom in-car navigation systems, mobile phones and portable mp3 players to airports and power plants, flat panel displays have become ubiquitous. Consequently, the Human-Machine Interface (HMI) has become a critical product differentiator. It is the face, the first impression, the warm smile and firm handshake. The HMI is the window into the array of powerful and valuable product features.\nAltia\u0026#8217;s mission is to provide a cohesive, easy-to-use set of HMI development tools that help creative, customer-focused designers build and deliver great user interfaces. Altia\u0026#8217;s tools are used from concept to final code, thus maximizing productivity and re-use. With Altia\u0026#8217;s tools, manufacturers can deliver HMIs much faster \u0026#8211; while producing higher quality user interfaces. It is these high quality user interfaces that form the foundation of market-leading products.\u003C/p\u003E",
 "image":
  {"available_sizes":
    [[[129,
       37],
      "http://api-images.crunchbase.com/assets/images/resized/0033/5753/335753v1-max-150x150.png"],
     [[129,
       37],
      "http://api-images.crunchbase.com/assets/images/resized/0033/5753/335753v1-max-250x250.png"],
     [[129,
       37],
      "http://api-images.crunchbase.com/assets/images/resized/0033/5753/335753v1-max-450x450.png"]],
   "attribution": null},
 "products":
  [],
 "relationships":
  [{"is_past": false,
    "title": "President",
    "person":
     {"first_name": "Michael",
      "last_name": "T. Juran",
      "permalink": "michael-t-juran"}},
   {"is_past": false,
    "title": "Executive Director",
    "person":
     {"first_name": "Thomas",
      "last_name": "J. Walton",
      "permalink": "thomas-j-walton"}}],
 "competitions":
  [],
 "providerships":
  [],
 "total_money_raised": "$1.16M",
 "funding_rounds":
  [{"id": 50555,
    "round_code": "seed",
    "source_url": "http://www.sec.gov/Archives/edgar/data/1535006/000153500611000001/xslFormDX01/primary_doc.xml",
    "source_description": "SEC",
    "raised_amount": 1157500.0,
    "raised_currency_code": "USD",
    "funded_year": 2011,
    "funded_month": 11,
    "funded_day": 22,
    "investments":
     []}],
 "investments":
  [],
 "acquisition": null,
 "acquisitions":
  [],
 "offices":
  [{"description": "",
    "address1": "7222 Commerce Ctr Drive",
    "address2": "Suite 240",
    "zip_code": "80919",
    "city": "Colorado Springs",
    "state_code": "CO",
    "country_code": "USA",
    "latitude": null,
    "longitude": null}],
 "milestones":
  [],
 "ipo": null,
 "video_embeds":
  [],
 "screenshots":
  [{"available_sizes":
     [[[150,
        68],
       "http://api-images.crunchbase.com/assets/images/resized/0033/5752/335752v1-max-150x150.jpg"],
      [[250,
        113],
       "http://api-images.crunchbase.com/assets/images/resized/0033/5752/335752v1-max-250x250.jpg"],
      [[450,
        204],
       "http://api-images.crunchbase.com/assets/images/resized/0033/5752/335752v1-max-450x450.jpg"]],
    "attribution": null}],
 "external_links":
  [],
 "partners":
  []}
