{"name": "Amani Medspa",
 "permalink": "amani-medspa",
 "crunchbase_url": "http://www.crunchbase.com/company/amani-medspa",
 "homepage_url": "http://www.amanimedspa.com",
 "blog_url": "",
 "blog_feed_url": "",
 "twitter_username": "amanimedspa",
 "category_code": "health",
 "number_of_employees": null,
 "founded_year": null,
 "founded_month": null,
 "founded_day": null,
 "deadpooled_year": null,
 "deadpooled_month": null,
 "deadpooled_day": null,
 "deadpooled_url": null,
 "tag_list": "laser-hair-removal, wrinkle-removal, medical-weight-loss, botox, laser-skin-treatments",
 "alias_list": null,
 "email_address": "amanimedspa@gmail.com",
 "phone_number": "(813) 685-6111",
 "description": "Medical Spa",
 "created_at": "Wed Sep 25 21:43:39 UTC 2013",
 "updated_at": "Wed Sep 25 22:01:22 UTC 2013",
 "overview": "\u003Cp\u003EDr. Brar is pleased to offer a range of aesthetic treatments. Dedicated to safe technology for her patients \u0026amp; specializes in darker skin types. Helping patients achieve overall health \u0026amp; well being.\u003C/p\u003E",
 "image": null,
 "products":
  [],
 "relationships":
  [],
 "competitions":
  [],
 "providerships":
  [],
 "total_money_raised": "$0",
 "funding_rounds":
  [],
 "investments":
  [],
 "acquisition": null,
 "acquisitions":
  [],
 "offices":
  [],
 "milestones":
  [],
 "ipo": null,
 "video_embeds":
  [],
 "screenshots":
  [],
 "external_links":
  [],
 "partners":
  []}
