{"name": "Amaru",
 "permalink": "amaru",
 "crunchbase_url": "http://www.crunchbase.com/company/amaru",
 "homepage_url": "http://amaruinc.com",
 "blog_url": "",
 "blog_feed_url": "",
 "twitter_username": null,
 "category_code": "software",
 "number_of_employees": null,
 "founded_year": 1999,
 "founded_month": null,
 "founded_day": null,
 "deadpooled_year": 2013,
 "deadpooled_month": 12,
 "deadpooled_day": null,
 "deadpooled_url": "",
 "tag_list": "",
 "alias_list": "",
 "email_address": "enquiry.sg@wowtv.com",
 "phone_number": "(65) 6324 2080",
 "description": "",
 "created_at": "Fri Sep 20 11:53:44 UTC 2013",
 "updated_at": "Tue Jan 28 09:56:34 UTC 2014",
 "overview": "\u003Cp\u003EThe Company is in the business of broadband entertainment-on-demand, streaming via computers, television sets, PDAs (Personal Digital Assistant) and 3G hand phones; and the provision of broadband services. Its business includes channel and program sponsorship (advertising and branding); online subscriptions, channel/portal development (digital programming services);content aggregation and syndication, broadband consulting services, broadband hosting and streaming services and E-commerce.\u003C/p\u003E",
 "image":
  {"available_sizes":
    [[[150,
       73],
      "http://api-images.crunchbase.com/assets/images/resized/0033/0167/330167v1-max-150x150.jpg"],
     [[185,
       91],
      "http://api-images.crunchbase.com/assets/images/resized/0033/0167/330167v1-max-250x250.jpg"],
     [[185,
       91],
      "http://api-images.crunchbase.com/assets/images/resized/0033/0167/330167v1-max-450x450.jpg"]],
   "attribution": null},
 "products":
  [],
 "relationships":
  [{"is_past": false,
    "title": "President \u0026 CFO",
    "person":
     {"first_name": "Chua",
      "last_name": "Leong Hin",
      "permalink": "chua-leong-hin"}}],
 "competitions":
  [],
 "providerships":
  [],
 "total_money_raised": "$592k",
 "funding_rounds":
  [{"id": 49430,
    "round_code": "partial",
    "source_url": "http://www.sec.gov/Archives/edgar/data/1139822/000101968711003362/xslFormDX01/primary_doc.xml",
    "source_description": "SEC",
    "raised_amount": 592365.0,
    "raised_currency_code": "USD",
    "funded_year": 2011,
    "funded_month": 11,
    "funded_day": 3,
    "investments":
     []}],
 "investments":
  [],
 "acquisition": null,
 "acquisitions":
  [],
 "offices":
  [{"description": "",
    "address1": "62 Cecil Street",
    "address2": "#06-00, TPI Building",
    "zip_code": "049710",
    "city": "Singapore",
    "state_code": null,
    "country_code": "SGP",
    "latitude": null,
    "longitude": null}],
 "milestones":
  [],
 "ipo": null,
 "video_embeds":
  [],
 "screenshots":
  [{"available_sizes":
     [[[150,
        108],
       "http://api-images.crunchbase.com/assets/images/resized/0033/0166/330166v1-max-150x150.png"],
      [[250,
        180],
       "http://api-images.crunchbase.com/assets/images/resized/0033/0166/330166v1-max-250x250.png"],
      [[450,
        324],
       "http://api-images.crunchbase.com/assets/images/resized/0033/0166/330166v1-max-450x450.png"]],
    "attribution": null}],
 "external_links":
  [],
 "partners":
  []}
