{"name": "Amati Foundation",
 "permalink": "amati-foundation",
 "crunchbase_url": "http://www.crunchbase.com/company/amati-foundation",
 "homepage_url": "http://www.amatifoundation.org",
 "blog_url": "",
 "blog_feed_url": "",
 "twitter_username": null,
 "category_code": "design",
 "number_of_employees": null,
 "founded_year": null,
 "founded_month": null,
 "founded_day": null,
 "deadpooled_year": null,
 "deadpooled_month": null,
 "deadpooled_day": null,
 "deadpooled_url": null,
 "tag_list": "art, guitar, violin, celli, non-profit",
 "alias_list": "",
 "email_address": "",
 "phone_number": "",
 "description": "A nonprofit dedicated to Art",
 "created_at": "Mon Oct 14 11:17:59 UTC 2013",
 "updated_at": "Mon Oct 14 11:17:59 UTC 2013",
 "overview": "\u003Cp\u003ETHE AMATI FOUNDATION is a new kind of nonprofit organization: one that believes dramatic changes can be achieved through innovative thinking and inspiring new approaches to solving problems. \u003C/p\u003E",
 "image":
  {"available_sizes":
    [[[150,
       75],
      "http://api-images.crunchbase.com/assets/images/resized/0034/1697/341697v1-max-150x150.png"],
     [[150,
       75],
      "http://api-images.crunchbase.com/assets/images/resized/0034/1697/341697v1-max-250x250.png"],
     [[150,
       75],
      "http://api-images.crunchbase.com/assets/images/resized/0034/1697/341697v1-max-450x450.png"]],
   "attribution": null},
 "products":
  [],
 "relationships":
  [{"is_past": false,
    "title": "Founder",
    "person":
     {"first_name": "Bill",
      "last_name": "Townsend",
      "permalink": "bill-townsend"}}],
 "competitions":
  [],
 "providerships":
  [],
 "total_money_raised": "$0",
 "funding_rounds":
  [],
 "investments":
  [],
 "acquisition": null,
 "acquisitions":
  [],
 "offices":
  [],
 "milestones":
  [],
 "ipo": null,
 "video_embeds":
  [],
 "screenshots":
  [{"available_sizes":
     [[[150,
        68],
       "http://api-images.crunchbase.com/assets/images/resized/0034/1696/341696v1-max-150x150.jpg"],
      [[250,
        113],
       "http://api-images.crunchbase.com/assets/images/resized/0034/1696/341696v1-max-250x250.jpg"],
      [[450,
        204],
       "http://api-images.crunchbase.com/assets/images/resized/0034/1696/341696v1-max-450x450.jpg"]],
    "attribution": null}],
 "external_links":
  [],
 "partners":
  [{"partner_name": "angel_list",
    "homepage_url": "http://www.amatifoundation.org",
    "link_1_url": "https://angel.co/amati-foundation",
    "link_2_url": null,
    "link_3_url": null,
    "link_1_name": "AngelList Page",
    "link_2_name": null,
    "link_3_name": null}]}
